run_id,scenario_id,S,z_m,qb_MPa,qs_kPa,ALLKE,ALLIE,time_s,walltime_h
G0_D045_DENS_HIGH_V_HIGH_S100,G0_D045_DENS_HIGH_V_HIGH,100,0,0,0,0,0,0,
G0_D045_DENS_HIGH_V_HIGH_S100,G0_D045_DENS_HIGH_V_HIGH,100,0.0101279700175,0,0,0,0,0.0101279700175,
G0_D045_DENS_HIGH_V_HIGH_S100,G0_D045_DENS_HIGH_V_HIGH,100,0.0201139654964,0,0,0,0,0.0201139654964,
G0_D045_DENS_HIGH_V_HIGH_S100,G0_D045_DENS_HIGH_V_HIGH,100,0.0301323197782,22.8095160159,3525.78388817,0,0,0.0301323197782,
G0_D045_DENS_HIGH_V_HIGH_S100,G0_D045_DENS_HIGH_V_HIGH,100,0.0400610454381,22.0342113156,3250.29575758,0,0,0.0400610454381,
G0_D045_DENS_HIGH_V_HIGH_S100,G0_D045_DENS_HIGH_V_HIGH,100,0.050125837326,31.1388027713,2596.32770889,0,0,0.050125837326,
G0_D045_DENS_HIGH_V_HIGH_S100,G0_D045_DENS_HIGH_V_HIGH,100,0.0600539594889,0,0,0,0,0.0600539594889,
G0_D045_DENS_HIGH_V_HIGH_S100,G0_D045_DENS_HIGH_V_HIGH,100,0.0701188072562,0.0302666373193,0,0,0,0.0701188072562,
G0_D045_DENS_HIGH_V_HIGH_S100,G0_D045_DENS_HIGH_V_HIGH,100,0.0800476372242,0.00454388294056,1.97303703776e-05,0,0,0.0800476372242,
G0_D045_DENS_HIGH_V_HIGH_S100,G0_D045_DENS_HIGH_V_HIGH,100,0.090112619102,8.25508199118,627.969738707,0,0,0.090112619102,
G0_D045_DENS_HIGH_V_HIGH_S100,G0_D045_DENS_HIGH_V_HIGH,100,0.100041911006,15.4385160937,410.431379881,0,0,0.100041911006,
G0_D045_DENS_HIGH_V_HIGH_S100,G0_D045_DENS_HIGH_V_HIGH,100,0.110106751323,12.1592227439,341.569016634,0,0,0.110106751323,
G0_D045_DENS_HIGH_V_HIGH_S100,G0_D045_DENS_HIGH_V_HIGH,100,0.120035581291,16.4561759485,279.094476323,0,0,0.120035581291,
G0_D045_DENS_HIGH_V_HIGH_S100,G0_D045_DENS_HIGH_V_HIGH,100,0.130100011826,0,0,0,0,0.130100011826,
G0_D045_DENS_HIGH_V_HIGH_S100,G0_D045_DENS_HIGH_V_HIGH,100,0.140028595924,0,0,0,0,0.140028595924,
G0_D045_DENS_HIGH_V_HIGH_S100,G0_D045_DENS_HIGH_V_HIGH,100,0.150093451142,0,0,0,0,0.150093451142,
G0_D045_DENS_HIGH_V_HIGH_S100,G0_D045_DENS_HIGH_V_HIGH,100,0.160022333264,1.48237985467,0.00531928205617,0,0,0.160022333264,
G0_D045_DENS_HIGH_V_HIGH_S100,G0_D045_DENS_HIGH_V_HIGH,100,0.170087665319,15.1815210792,91.2212543222,0,0,0.170087665319,
G0_D045_DENS_HIGH_V_HIGH_S100,G0_D045_DENS_HIGH_V_HIGH,100,0.180016547441,11.3412119277,135.187346033,0,0,0.180016547441,
G0_D045_DENS_HIGH_V_HIGH_S100,G0_D045_DENS_HIGH_V_HIGH,100,0.190081402659,10.2072897554,40.2123355303,0,0,0.190081402659,
G0_D045_DENS_HIGH_V_HIGH_S100,G0_D045_DENS_HIGH_V_HIGH,100,0.200009614229,1.35308037488,0.00183908705756,0,0,0.200009614229,
G0_D045_DENS_HIGH_V_HIGH_S100,G0_D045_DENS_HIGH_V_HIGH,100,0.210073202848,0,0,0,0,0.210073202848,
G0_D045_DENS_HIGH_V_HIGH_S100,G0_D045_DENS_HIGH_V_HIGH,100,0.220002010465,0,0,0,0,0.220002010465,
G0_D045_DENS_HIGH_V_HIGH_S100,G0_D045_DENS_HIGH_V_HIGH,100,0.230066880584,0.0122916519037,1.93004540324e-06,0,0,0.230066880584,
G0_D045_DENS_HIGH_V_HIGH_S100,G0_D045_DENS_HIGH_V_HIGH,100,0.240132078528,8.5409637507,92.5539053894,0,0,0.240132078528,
G0_D045_DENS_HIGH_V_HIGH_S100,G0_D045_DENS_HIGH_V_HIGH,100,0.250061094761,10.6955951731,216.834109463,0,0,0.250061094761,
G0_D045_DENS_HIGH_V_HIGH_S100,G0_D045_DENS_HIGH_V_HIGH,100,0.260125935078,8.23889018621,51.415763443,0,0,0.260125935078,
G0_D045_DENS_HIGH_V_HIGH_S100,G0_D045_DENS_HIGH_V_HIGH,100,0.270054638386,5.55104326894,0.00196891470258,0,0,0.270054638386,
G0_D045_DENS_HIGH_V_HIGH_S100,G0_D045_DENS_HIGH_V_HIGH,100,0.280118465424,0,0,0,0,0.280118465424,
G0_D045_DENS_HIGH_V_HIGH_S100,G0_D045_DENS_HIGH_V_HIGH,100,0.290047079325,0,0,0,0,0.290047079325,
G0_D045_DENS_HIGH_V_HIGH_S100,G0_D045_DENS_HIGH_V_HIGH,100,0.300111919641,0,0,0,0,0.300111919641,
G0_D045_DENS_HIGH_V_HIGH_S100,G0_D045_DENS_HIGH_V_HIGH,100,0.310040950775,5.8967578004,94.3050615563,0,0,0.310040950775,
G0_D045_DENS_HIGH_V_HIGH_S100,G0_D045_DENS_HIGH_V_HIGH,100,0.320106118917,13.7743675706,69.9357750528,0,0,0.320106118917,
G0_D045_DENS_HIGH_V_HIGH_S100,G0_D045_DENS_HIGH_V_HIGH,100,0.330034971237,7.96245671638,38.3713083282,0,0,0.330034971237,
G0_D045_DENS_HIGH_V_HIGH_S100,G0_D045_DENS_HIGH_V_HIGH,100,0.340099692345,5.3678404714,22.8600363775,0,0,0.340099692345,
G0_D045_DENS_HIGH_V_HIGH_S100,G0_D045_DENS_HIGH_V_HIGH,100,0.350027531385,0,0,0,0,0.350027531385,
G0_D045_DENS_HIGH_V_HIGH_S100,G0_D045_DENS_HIGH_V_HIGH,100,0.360091716051,0,0,0,0,0.360091716051,
G0_D045_DENS_HIGH_V_HIGH_S100,G0_D045_DENS_HIGH_V_HIGH,100,0.370020538568,0,0,0,0,0.370020538568,
G0_D045_DENS_HIGH_V_HIGH_S100,G0_D045_DENS_HIGH_V_HIGH,100,0.380085498095,1.84687199841,20.4615685785,0,0,0.380085498095,
G0_D045_DENS_HIGH_V_HIGH_S100,G0_D045_DENS_HIGH_V_HIGH,100,0.39001467824,8.38838730402,62.217913274,0,0,0.39001467824,
G0_D045_DENS_HIGH_V_HIGH_S100,G0_D045_DENS_HIGH_V_HIGH,100,0.400079607964,9.3144302176,76.116089427,0,0,0.400079607964,
G0_D045_DENS_HIGH_V_HIGH_S100,G0_D045_DENS_HIGH_V_HIGH,100,0.410008430481,8.75425562838,52.440697062,0,0,0.410008430481,
G0_D045_DENS_HIGH_V_HIGH_S100,G0_D045_DENS_HIGH_V_HIGH,100,0.420072615147,0.675332911312,0.000409228737233,0,0,0.420072615147,
G0_D045_DENS_HIGH_V_HIGH_S100,G0_D045_DENS_HIGH_V_HIGH,100,0.430000513792,0,0,0,0,0.430000513792,
G0_D045_DENS_HIGH_V_HIGH_S100,G0_D045_DENS_HIGH_V_HIGH,100,0.4400652349,0,0,0,0,0.4400652349,
G0_D045_DENS_HIGH_V_HIGH_S100,G0_D045_DENS_HIGH_V_HIGH,100,0.450130134821,1.38067747821,0.000822409565651,0,0,0.450130134821,
G0_D045_DENS_HIGH_V_HIGH_S100,G0_D045_DENS_HIGH_V_HIGH,100,0.460059255362,6.76404056469,66.9632273905,0,0,0.460059255362,
G0_D045_DENS_HIGH_V_HIGH_S100,G0_D045_DENS_HIGH_V_HIGH,100,0.470124304295,7.44992422605,63.7932606616,0,0,0.470124304295,
G0_D045_DENS_HIGH_V_HIGH_S100,G0_D045_DENS_HIGH_V_HIGH,100,0.48005309701,5.27283296803,4.65173316414,0,0,0.48005309701,
G0_D045_DENS_HIGH_V_HIGH_S100,G0_D045_DENS_HIGH_V_HIGH,100,0.490117490292,2.84386899631,0.00225881625829,0,0,0.490117490292,
G0_D045_DENS_HIGH_V_HIGH_S100,G0_D045_DENS_HIGH_V_HIGH,100,0.500045895576,0,0,0,0,0.500045895576,
G0_D045_DENS_HIGH_V_HIGH_S100,G0_D045_DENS_HIGH_V_HIGH,100,0.510110616684,0,0,0,0,0.510110616684,
G0_D045_DENS_HIGH_V_HIGH_S100,G0_D045_DENS_HIGH_V_HIGH,100,0.520039439201,0.0752376012028,5.11559823062e-05,0,0,0.520039439201,
G0_D045_DENS_HIGH_V_HIGH_S100,G0_D045_DENS_HIGH_V_HIGH,100,0.530104517937,4.97510285369,47.6401075204,0,0,0.530104517937,
G0_D045_DENS_HIGH_V_HIGH_S100,G0_D045_DENS_HIGH_V_HIGH,100,0.540033578873,9.31212072096,60.8145113326,0,0,0.540033578873,
G0_D045_DENS_HIGH_V_HIGH_S100,G0_D045_DENS_HIGH_V_HIGH,100,0.550098478794,6.67262318114,41.0727831688,0,0,0.550098478794,
G0_D045_DENS_HIGH_V_HIGH_S100,G0_D045_DENS_HIGH_V_HIGH,100,0.560027062893,6.48940695183,22.1034597752,0,0,0.560027062893,
G0_D045_DENS_HIGH_V_HIGH_S100,G0_D045_DENS_HIGH_V_HIGH,100,0.570091068745,0,0,0,0,0.570091068745,
G0_D045_DENS_HIGH_V_HIGH_S100,G0_D045_DENS_HIGH_V_HIGH,100,0.580019295216,0,0,0,0,0.580019295216,
G0_D045_DENS_HIGH_V_HIGH_S100,G0_D045_DENS_HIGH_V_HIGH,100,0.590084135532,0,0,0,0,0.590084135532,
G0_D045_DENS_HIGH_V_HIGH_S100,G0_D045_DENS_HIGH_V_HIGH,100,0.600013077259,2.72983174718,30.2009901536,0,0,0.600013077259,
G0_D045_DENS_HIGH_V_HIGH_S100,G0_D045_DENS_HIGH_V_HIGH,100,0.610078155994,7.89367838666,42.9166541806,0,0,0.610078155994,
G0_D045_DENS_HIGH_V_HIGH_S100,G0_D045_DENS_HIGH_V_HIGH,100,0.620007097721,9.90049895379,47.8072298761,0,0,0.620007097721,
G0_D045_DENS_HIGH_V_HIGH_S100,G0_D045_DENS_HIGH_V_HIGH,100,0.630071878433,6.89810726692,35.6040249766,0,0,0.630071878433,
G0_D045_DENS_HIGH_V_HIGH_S100,G0_D045_DENS_HIGH_V_HIGH,100,0.640000462532,1.26184067445,0.000468064743139,0,0,0.640000462532,
G0_D045_DENS_HIGH_V_HIGH_S100,G0_D045_DENS_HIGH_V_HIGH,100,0.650065004826,0,0,0,0,0.650065004826,
G0_D045_DENS_HIGH_V_HIGH_S100,G0_D045_DENS_HIGH_V_HIGH,100,0.660129785538,0,0,0,0,0.660129785538,
G0_D045_DENS_HIGH_V_HIGH_S100,G0_D045_DENS_HIGH_V_HIGH,100,0.67005866766,2.7227194339,24.2768696556,0,0,0.67005866766,
G0_D045_DENS_HIGH_V_HIGH_S100,G0_D045_DENS_HIGH_V_HIGH,100,0.680123806,7.62046009843,59.224058089,0,0,0.680123806,
G0_D045_DENS_HIGH_V_HIGH_S100,G0_D045_DENS_HIGH_V_HIGH,100,0.690052807331,7.75893856094,43.1056268266,0,0,0.690052807331,
G0_D045_DENS_HIGH_V_HIGH_S100,G0_D045_DENS_HIGH_V_HIGH,100,0.700117588043,7.37972903664,33.3386479052,0,0,0.700117588043,
G0_D045_DENS_HIGH_V_HIGH_S100,G0_D045_DENS_HIGH_V_HIGH,100,0.710045993328,2.71283096598,2.04183110959,0,0,0.710045993328,
G0_D045_DENS_HIGH_V_HIGH_S100,G0_D045_DENS_HIGH_V_HIGH,100,0.72010999918,0,0,0,0,0.72010999918,
G0_D045_DENS_HIGH_V_HIGH_S100,G0_D045_DENS_HIGH_V_HIGH,100,0.730038523674,0,0,0,0,0.730038523674,
G0_D045_DENS_HIGH_V_HIGH_S100,G0_D045_DENS_HIGH_V_HIGH,100,0.740103363991,1.52114892734,10.1005779425,0,0,0.740103363991,
G0_D045_DENS_HIGH_V_HIGH_S100,G0_D045_DENS_HIGH_V_HIGH,100,0.750032424927,7.05806888365,42.3640444573,0,0,0.750032424927,
G0_D045_DENS_HIGH_V_HIGH_S100,G0_D045_DENS_HIGH_V_HIGH,100,0.760097444057,10.0122758282,36.8810798862,0,0,0.760097444057,
G0_D045_DENS_HIGH_V_HIGH_S100,G0_D045_DENS_HIGH_V_HIGH,100,0.77002632618,8.22318960019,21.7002862265,0,0,0.77002632618,
G0_D045_DENS_HIGH_V_HIGH_S100,G0_D045_DENS_HIGH_V_HIGH,100,0.780090868473,4.35591521417,10.0183878532,0,0,0.780090868473,
G0_D045_DENS_HIGH_V_HIGH_S100,G0_D045_DENS_HIGH_V_HIGH,100,0.790018975735,0.0949490691781,1.49514072633e-05,0,0,0.790018975735,
G0_D045_DENS_HIGH_V_HIGH_S100,G0_D045_DENS_HIGH_V_HIGH,100,0.800083339214,0,0,0,0,0.800083339214,
G0_D045_DENS_HIGH_V_HIGH_S100,G0_D045_DENS_HIGH_V_HIGH,100,0.810012102127,0.959897781874,0.00034591867367,0,0,0.810012102127,
G0_D045_DENS_HIGH_V_HIGH_S100,G0_D045_DENS_HIGH_V_HIGH,100,0.820077121258,4.28544601669,16.1400210858,0,0,0.820077121258,
G0_D045_DENS_HIGH_V_HIGH_S100,G0_D045_DENS_HIGH_V_HIGH,100,0.830006182194,10.5219745991,32.3729317476,0,0,0.830006182194,
G0_D045_DENS_HIGH_V_HIGH_S100,G0_D045_DENS_HIGH_V_HIGH,100,0.84007114172,7.15634798204,20.2769609506,0,0,0.84007114172,
G0_D045_DENS_HIGH_V_HIGH_S100,G0_D045_DENS_HIGH_V_HIGH,100,0.850135803223,5.36953402552,19.2344665334,0,0,0.850135803223,
G0_D045_DENS_HIGH_V_HIGH_S100,G0_D045_DENS_HIGH_V_HIGH,100,0.860064029694,1.69716899077,0.000610602272379,0,0,0.860064029694,
G0_D045_DENS_HIGH_V_HIGH_S100,G0_D045_DENS_HIGH_V_HIGH,100,0.870128273964,0,0,0,0,0.870128273964,
G0_D045_DENS_HIGH_V_HIGH_S100,G0_D045_DENS_HIGH_V_HIGH,100,0.880056917667,0.531701446773,0.000108861535091,0,0,0.880056917667,
G0_D045_DENS_HIGH_V_HIGH_S100,G0_D045_DENS_HIGH_V_HIGH,100,0.890121877193,3.15259627512,11.0181222551,0,0,0.890121877193,
G0_D045_DENS_HIGH_V_HIGH_S100,G0_D045_DENS_HIGH_V_HIGH,100,0.900050938129,9.56703189256,32.1604263961,0,0,0.900050938129,
G0_D045_DENS_HIGH_V_HIGH_S100,G0_D045_DENS_HIGH_V_HIGH,100,0.910115897655,11.4603701345,24.7214283276,0,0,0.910115897655,
G0_D045_DENS_HIGH_V_HIGH_S100,G0_D045_DENS_HIGH_V_HIGH,100,0.920044720173,6.79508330038,10.9120455833,0,0,0.920044720173,
G0_D045_DENS_HIGH_V_HIGH_S100,G0_D045_DENS_HIGH_V_HIGH,100,0.930109083652,2.91493533184,0.252916094702,0,0,0.930109083652,
G0_D045_DENS_HIGH_V_HIGH_S100,G0_D045_DENS_HIGH_V_HIGH,100,0.940037310123,0.229893855282,7.54790851175e-05,0,0,0.940037310123,
G0_D045_DENS_HIGH_V_HIGH_S100,G0_D045_DENS_HIGH_V_HIGH,100,0.950101852417,0.45526600166,5.27810133995e-05,0,0,0.950101852417,
G0_D045_DENS_HIGH_V_HIGH_S100,G0_D045_DENS_HIGH_V_HIGH,100,0.960030734539,2.76774444866,9.3945942182,0,0,0.960030734539,
G0_D045_DENS_HIGH_V_HIGH_S100,G0_D045_DENS_HIGH_V_HIGH,100,0.97009575367,5.63978926563,17.6582799249,0,0,0.97009575367,
G0_D045_DENS_HIGH_V_HIGH_S100,G0_D045_DENS_HIGH_V_HIGH,100,0.980024755001,10.7102158449,33.1771942342,0,0,0.980024755001,
G0_D045_DENS_HIGH_V_HIGH_S100,G0_D045_DENS_HIGH_V_HIGH,100,0.990089595318,9.16538056955,31.9965536801,0,0,0.990089595318,
G0_D045_DENS_HIGH_V_HIGH_S100,G0_D045_DENS_HIGH_V_HIGH,100,1.00001811981,4.45870853806,6.23427121579,0,0,1.00001811981,
G0_D045_DENS_HIGH_V_HIGH_S100,G0_D045_DENS_HIGH_V_HIGH,100,1.01008236408,0.96693219089,0.000506330195177,0,0,1.01008236408,
G0_D045_DENS_HIGH_V_HIGH_S100,G0_D045_DENS_HIGH_V_HIGH,100,1.02001070976,0.671446812878,0.000194595753924,0,0,1.02001070976,
G0_D045_DENS_HIGH_V_HIGH_S100,G0_D045_DENS_HIGH_V_HIGH,100,1.03007555008,2.17671363344,6.31464311449,0,0,1.03007555008,
G0_D045_DENS_HIGH_V_HIGH_S100,G0_D045_DENS_HIGH_V_HIGH,100,1.04000449181,5.87716814177,13.4450493128,0,0,1.04000449181,
G0_D045_DENS_HIGH_V_HIGH_S100,G0_D045_DENS_HIGH_V_HIGH,100,1.05006957054,10.3843849359,22.3465038647,0,0,1.05006957054,
G0_D045_DENS_HIGH_V_HIGH_S100,G0_D045_DENS_HIGH_V_HIGH,100,1.06013453007,9.16808687901,17.877811381,0,0,1.06013453007,
G0_D045_DENS_HIGH_V_HIGH_S100,G0_D045_DENS_HIGH_V_HIGH,100,1.07006323338,5.72348453361,6.2794392738,0,0,1.07006323338,
G0_D045_DENS_HIGH_V_HIGH_S100,G0_D045_DENS_HIGH_V_HIGH,100,1.08012747765,1.9633843387,0.000608861250377,0,0,1.08012747765,
G0_D045_DENS_HIGH_V_HIGH_S100,G0_D045_DENS_HIGH_V_HIGH,100,1.09005582333,0.690899419495,0.31151248254,0,0,1.09005582333,
G0_D045_DENS_HIGH_V_HIGH_S100,G0_D045_DENS_HIGH_V_HIGH,100,1.10012054443,1.68626853503,0.562507118141,0,0,1.10012054443,
G0_D045_DENS_HIGH_V_HIGH_S100,G0_D045_DENS_HIGH_V_HIGH,100,1.11004948616,4.20436418708,6.77066287148,0,0,1.11004948616,
G0_D045_DENS_HIGH_V_HIGH_S100,G0_D045_DENS_HIGH_V_HIGH,100,1.12011444569,6.65719276556,13.666869654,0,0,1.12011444569,
G0_D045_DENS_HIGH_V_HIGH_S100,G0_D045_DENS_HIGH_V_HIGH,100,1.13004338741,9.00356767137,22.2565387917,0,0,1.13004338741,
G0_D045_DENS_HIGH_V_HIGH_S100,G0_D045_DENS_HIGH_V_HIGH,100,1.14010822773,8.53298374518,11.2645289152,0,0,1.14010822773,
G0_D045_DENS_HIGH_V_HIGH_S100,G0_D045_DENS_HIGH_V_HIGH,100,1.15003669262,4.321453134,1.48303070134,0,0,1.15003669262,
G0_D045_DENS_HIGH_V_HIGH_S100,G0_D045_DENS_HIGH_V_HIGH,100,1.16010093689,1.59643926622,0.000480295648626,0,0,1.16010093689,
G0_D045_DENS_HIGH_V_HIGH_S100,G0_D045_DENS_HIGH_V_HIGH,100,1.17002952099,1.94422795054,0.000653171005745,0,0,1.17002952099,
G0_D045_DENS_HIGH_V_HIGH_S100,G0_D045_DENS_HIGH_V_HIGH,100,1.18009436131,4.4473218523,8.84932009123,0,0,1.18009436131,
G0_D045_DENS_HIGH_V_HIGH_S100,G0_D045_DENS_HIGH_V_HIGH,100,1.19002342224,10.2097642709,28.2325005518,0,0,1.19002342224,
G0_D045_DENS_HIGH_V_HIGH_S100,G0_D045_DENS_HIGH_V_HIGH,100,1.20008838177,12.9601752142,30.4560359911,0,0,1.20008838177,
G0_D045_DENS_HIGH_V_HIGH_S100,G0_D045_DENS_HIGH_V_HIGH,100,1.21001720428,7.38942447087,14.6177288732,0,0,1.21001720428,
G0_D045_DENS_HIGH_V_HIGH_S100,G0_D045_DENS_HIGH_V_HIGH,100,1.22008180618,6.37004534969,13.039188466,0,0,1.22008180618,
G0_D045_DENS_HIGH_V_HIGH_S100,G0_D045_DENS_HIGH_V_HIGH,100,1.23001015186,2.0043844281,0.000433282445396,0,0,1.23001015186,
G0_D045_DENS_HIGH_V_HIGH_S100,G0_D045_DENS_HIGH_V_HIGH,100,1.24007463455,1.59804100461,0.000357779413745,0,0,1.24007463455,
G0_D045_DENS_HIGH_V_HIGH_S100,G0_D045_DENS_HIGH_V_HIGH,100,1.25000345707,3.8147933966,4.44966091505,0,0,1.25000345707,
G0_D045_DENS_HIGH_V_HIGH_S100,G0_D045_DENS_HIGH_V_HIGH,100,1.2600684166,9.40069210465,19.0493593222,0,0,1.2600684166,
G0_D045_DENS_HIGH_V_HIGH_S100,G0_D045_DENS_HIGH_V_HIGH,100,1.27013337612,9.89854175324,22.5884807486,0,0,1.27013337612,
G0_D045_DENS_HIGH_V_HIGH_S100,G0_D045_DENS_HIGH_V_HIGH,100,1.28006231785,9.73911203455,17.6108612667,0,0,1.28006231785,
G0_D045_DENS_HIGH_V_HIGH_S100,G0_D045_DENS_HIGH_V_HIGH,100,1.29012703896,7.44360208453,9.13233051172,0,0,1.29012703896,
G0_D045_DENS_HIGH_V_HIGH_S100,G0_D045_DENS_HIGH_V_HIGH,100,1.30005538464,3.55808850826,1.23988389161,0,0,1.30005538464,
G0_D045_DENS_HIGH_V_HIGH_S100,G0_D045_DENS_HIGH_V_HIGH,100,1.31011974812,2.20264769195,0.000645913343347,0,0,1.31011974812,
G0_D045_DENS_HIGH_V_HIGH_S100,G0_D045_DENS_HIGH_V_HIGH,100,1.32004845142,4.2767905851,5.45737788875,0,0,1.32004845142,
G0_D045_DENS_HIGH_V_HIGH_S100,G0_D045_DENS_HIGH_V_HIGH,100,1.33011341095,8.57687108915,15.041790249,0,0,1.33011341095,
G0_D045_DENS_HIGH_V_HIGH_S100,G0_D045_DENS_HIGH_V_HIGH,100,1.34004247189,7.78814766836,10.6649020532,0,0,1.34004247189,
G0_D045_DENS_HIGH_V_HIGH_S100,G0_D045_DENS_HIGH_V_HIGH,100,1.3501073122,8.86617296068,14.2370605198,0,0,1.3501073122,
G0_D045_DENS_HIGH_V_HIGH_S100,G0_D045_DENS_HIGH_V_HIGH,100,1.36003613472,8.62052356906,17.725335182,0,0,1.36003613472,
G0_D045_DENS_HIGH_V_HIGH_S100,G0_D045_DENS_HIGH_V_HIGH,100,1.37010061741,4.848064804,3.9162458823,0,0,1.37010061741,
G0_D045_DENS_HIGH_V_HIGH_S100,G0_D045_DENS_HIGH_V_HIGH,100,1.38002896309,3.08827230358,0.0010844470673,0,0,1.38002896309,
G0_D045_DENS_HIGH_V_HIGH_S100,G0_D045_DENS_HIGH_V_HIGH,100,1.39009356499,2.99218968309,2.68653761709,0,0,1.39009356499,
G0_D045_DENS_HIGH_V_HIGH_S100,G0_D045_DENS_HIGH_V_HIGH,100,1.40002250671,7.64926778785,15.3585525322,0,0,1.40002250671,
G0_D045_DENS_HIGH_V_HIGH_S100,G0_D045_DENS_HIGH_V_HIGH,100,1.41008746624,17.1928401374,18.2495505828,0,0,1.41008746624,
G0_D045_DENS_HIGH_V_HIGH_S100,G0_D045_DENS_HIGH_V_HIGH,100,1.42001640797,10.3675453359,18.1770917626,0,0,1.42001640797,
G0_D045_DENS_HIGH_V_HIGH_S100,G0_D045_DENS_HIGH_V_HIGH,100,1.43008124828,10.0159384795,18.4283791795,0,0,1.43008124828,
G0_D045_DENS_HIGH_V_HIGH_S100,G0_D045_DENS_HIGH_V_HIGH,100,1.44000983238,7.76712349687,14.7780692794,0,0,1.44000983238,
G0_D045_DENS_HIGH_V_HIGH_S100,G0_D045_DENS_HIGH_V_HIGH,100,1.45007419586,4.60313842529,6.92427837529,0,0,1.45007419586,
G0_D045_DENS_HIGH_V_HIGH_S100,G0_D045_DENS_HIGH_V_HIGH,100,1.46000277996,3.27676625848,3.51484145958,0,0,1.46000277996,
G0_D045_DENS_HIGH_V_HIGH_S100,G0_D045_DENS_HIGH_V_HIGH,100,1.47006762028,5.70599445228,8.69771106643,0,0,1.47006762028,
G0_D045_DENS_HIGH_V_HIGH_S100,G0_D045_DENS_HIGH_V_HIGH,100,1.4801325798,7.63142272406,12.9533724962,0,0,1.4801325798,
G0_D045_DENS_HIGH_V_HIGH_S100,G0_D045_DENS_HIGH_V_HIGH,100,1.49006152153,11.2867065789,22.2278565304,0,0,1.49006152153,
G0_D045_DENS_HIGH_V_HIGH_S100,G0_D045_DENS_HIGH_V_HIGH,100,1.50012648106,10.6665004276,15.4897707019,0,0,1.50012648106,
G0_D045_DENS_HIGH_V_HIGH_S100,G0_D045_DENS_HIGH_V_HIGH,100,1.51005518436,9.52734830835,11.1775912839,0,0,1.51005518436,
G0_D045_DENS_HIGH_V_HIGH_S100,G0_D045_DENS_HIGH_V_HIGH,100,1.52011954784,6.89968914548,7.35888925325,0,0,1.52011954784,
G0_D045_DENS_HIGH_V_HIGH_S100,G0_D045_DENS_HIGH_V_HIGH,100,1.53004801273,4.35083647064,3.79524479468,0,0,1.53004801273,
G0_D045_DENS_HIGH_V_HIGH_S100,G0_D045_DENS_HIGH_V_HIGH,100,1.54011273384,4.97560098042,7.5127308418,0,0,1.54011273384,
G0_D045_DENS_HIGH_V_HIGH_S100,G0_D045_DENS_HIGH_V_HIGH,100,1.55004167557,8.14914908736,16.751317147,0,0,1.55004167557,
G0_D045_DENS_HIGH_V_HIGH_S100,G0_D045_DENS_HIGH_V_HIGH,100,1.56010663509,13.251193282,30.2677346335,0,0,1.56010663509,
G0_D045_DENS_HIGH_V_HIGH_S100,G0_D045_DENS_HIGH_V_HIGH,100,1.57003557682,11.0684672052,18.419044707,0,0,1.57003557682,
G0_D045_DENS_HIGH_V_HIGH_S100,G0_D045_DENS_HIGH_V_HIGH,100,1.58010041714,9.52777812494,17.4080503809,0,0,1.58010041714,
G0_D045_DENS_HIGH_V_HIGH_S100,G0_D045_DENS_HIGH_V_HIGH,100,1.59002888203,8.07603421526,8.90913543579,0,0,1.59002888203,
G0_D045_DENS_HIGH_V_HIGH_S100,G0_D045_DENS_HIGH_V_HIGH,100,1.60009336472,4.58778744902,4.19524189785,0,0,1.60009336472,
G0_D045_DENS_HIGH_V_HIGH_S100,G0_D045_DENS_HIGH_V_HIGH,100,1.61002194881,6.0880699322,7.3556261995,0,0,1.61002194881,
G0_D045_DENS_HIGH_V_HIGH_S100,G0_D045_DENS_HIGH_V_HIGH,100,1.62008690834,8.43377670347,12.2508511991,0,0,1.62008690834,
G0_D045_DENS_HIGH_V_HIGH_S100,G0_D045_DENS_HIGH_V_HIGH,100,1.63001585007,10.5504852546,22.5050606883,0,0,1.63001585007,
G0_D045_DENS_HIGH_V_HIGH_S100,G0_D045_DENS_HIGH_V_HIGH,100,1.64008080959,10.9661693217,21.3632344635,0,0,1.64008080959,
G0_D045_DENS_HIGH_V_HIGH_S100,G0_D045_DENS_HIGH_V_HIGH,100,1.65000963211,11.4123473409,20.0146986869,0,0,1.65000963211,
G0_D045_DENS_HIGH_V_HIGH_S100,G0_D045_DENS_HIGH_V_HIGH,100,1.66007423401,8.47911851608,12.1455809386,0,0,1.66007423401,
G0_D045_DENS_HIGH_V_HIGH_S100,G0_D045_DENS_HIGH_V_HIGH,100,1.6700026989,7.20666492168,9.30490996416,0,0,1.6700026989,
G0_D045_DENS_HIGH_V_HIGH_S100,G0_D045_DENS_HIGH_V_HIGH,100,1.6800673008,7.99580741365,8.68186423343,0,0,1.6800673008,
G0_D045_DENS_HIGH_V_HIGH_S100,G0_D045_DENS_HIGH_V_HIGH,100,1.69013214111,7.92137546071,11.9497398164,0,0,1.69013214111,
G0_D045_DENS_HIGH_V_HIGH_S100,G0_D045_DENS_HIGH_V_HIGH,100,1.70006096363,11.8308198432,23.0970274892,0,0,1.70006096363,
G0_D045_DENS_HIGH_V_HIGH_S100,G0_D045_DENS_HIGH_V_HIGH,100,1.71012592316,13.0188543891,24.9668106662,0,0,1.71012592316,
G0_D045_DENS_HIGH_V_HIGH_S100,G0_D045_DENS_HIGH_V_HIGH,100,1.72005486488,12.8094653996,17.3060687704,0,0,1.72005486488,
G0_D045_DENS_HIGH_V_HIGH_S100,G0_D045_DENS_HIGH_V_HIGH,100,1.73011958599,10.1035519863,17.0943756322,0,0,1.73011958599,
G0_D045_DENS_HIGH_V_HIGH_S100,G0_D045_DENS_HIGH_V_HIGH,100,1.74004805088,6.39983893092,5.62629955703,0,0,1.74004805088,
G0_D045_DENS_HIGH_V_HIGH_S100,G0_D045_DENS_HIGH_V_HIGH,100,1.75011253357,6.1335241879,7.67896981749,0,0,1.75011253357,
G0_D045_DENS_HIGH_V_HIGH_S100,G0_D045_DENS_HIGH_V_HIGH,100,1.76004135609,8.02341391921,14.1081118398,0,0,1.76004135609,
G0_D045_DENS_HIGH_V_HIGH_S100,G0_D045_DENS_HIGH_V_HIGH,100,1.7701061964,14.8334770953,24.4358254866,0,0,1.7701061964,
G0_D045_DENS_HIGH_V_HIGH_S100,G0_D045_DENS_HIGH_V_HIGH,100,1.78003513813,13.7429080663,18.7892333491,0,0,1.78003513813,
G0_D045_DENS_HIGH_V_HIGH_S100,G0_D045_DENS_HIGH_V_HIGH,100,1.79010009766,15.5425378487,28.3282334859,0,0,1.79010009766,
G0_D045_DENS_HIGH_V_HIGH_S100,G0_D045_DENS_HIGH_V_HIGH,100,1.80002892017,10.3745651619,14.3276410732,0,0,1.80002892017,
G0_D045_DENS_HIGH_V_HIGH_S100,G0_D045_DENS_HIGH_V_HIGH,100,1.81009340286,8.05861973559,13.9358550706,0,0,1.81009340286,
G0_D045_DENS_HIGH_V_HIGH_S100,G0_D045_DENS_HIGH_V_HIGH,100,1.82002186775,8.30600834934,11.2516376786,0,0,1.82002186775,
G0_D045_DENS_HIGH_V_HIGH_S100,G0_D045_DENS_HIGH_V_HIGH,100,1.83008658886,7.39547797703,10.1114955797,0,0,1.83008658886,
G0_D045_DENS_HIGH_V_HIGH_S100,G0_D045_DENS_HIGH_V_HIGH,100,1.84001553059,11.2244814171,22.7213450187,0,0,1.84001553059,
G0_D045_DENS_HIGH_V_HIGH_S100,G0_D045_DENS_HIGH_V_HIGH,100,1.85008049011,12.864167236,23.4731230992,0,0,1.85008049011,
G0_D045_DENS_HIGH_V_HIGH_S100,G0_D045_DENS_HIGH_V_HIGH,100,1.86000931263,15.8842005913,22.9802180704,0,0,1.86000931263,
G0_D045_DENS_HIGH_V_HIGH_S100,G0_D045_DENS_HIGH_V_HIGH,100,1.87007415295,13.8742139645,18.8441630439,0,0,1.87007415295,
G0_D045_DENS_HIGH_V_HIGH_S100,G0_D045_DENS_HIGH_V_HIGH,100,1.88000285625,11.2477997347,13.2157554671,0,0,1.88000285625,
G0_D045_DENS_HIGH_V_HIGH_S100,G0_D045_DENS_HIGH_V_HIGH,100,1.89006733894,8.78487468772,12.6839145655,0,0,1.89006733894,
G0_D045_DENS_HIGH_V_HIGH_S100,G0_D045_DENS_HIGH_V_HIGH,100,1.90013194084,8.29495976039,11.3511413033,0,0,1.90013194084,
G0_D045_DENS_HIGH_V_HIGH_S100,G0_D045_DENS_HIGH_V_HIGH,100,1.91006076336,10.4257048933,16.5929755373,0,0,1.91006076336,
G0_D045_DENS_HIGH_V_HIGH_S100,G0_D045_DENS_HIGH_V_HIGH,100,1.92012572289,15.294579728,24.6059526006,0,0,1.92012572289,
G0_D045_DENS_HIGH_V_HIGH_S100,G0_D045_DENS_HIGH_V_HIGH,100,1.93005466461,14.6856846608,25.508017738,0,0,1.93005466461,
G0_D045_DENS_HIGH_V_HIGH_S100,G0_D045_DENS_HIGH_V_HIGH,100,1.94011950493,13.1865841732,25.1494310087,0,0,1.94011950493,
G0_D045_DENS_HIGH_V_HIGH_S100,G0_D045_DENS_HIGH_V_HIGH,100,1.95004820824,11.5170606401,18.1175639919,0,0,1.95004820824,
G0_D045_DENS_HIGH_V_HIGH_S100,G0_D045_DENS_HIGH_V_HIGH,100,1.96011281013,8.64484351277,10.0440663977,0,0,1.96011281013,
G0_D045_DENS_HIGH_V_HIGH_S100,G0_D045_DENS_HIGH_V_HIGH,100,1.97004139423,10.2770628035,14.4292819176,0,0,1.97004139423,
G0_D045_DENS_HIGH_V_HIGH_S100,G0_D045_DENS_HIGH_V_HIGH,100,1.98010611534,8.67206625352,12.4740864091,0,0,1.98010611534,
G0_D045_DENS_HIGH_V_HIGH_S100,G0_D045_DENS_HIGH_V_HIGH,100,1.99003505707,11.8785655586,17.0097149825,0,0,1.99003505707,
G0_D045_DENS_HIGH_V_HIGH_S100,G0_D045_DENS_HIGH_V_HIGH,100,2.00009989738,17.2343512097,27.1352904387,0,0,2.00009989738,
G0_D045_DENS_HIGH_V_HIGH_S100,G0_D045_DENS_HIGH_V_HIGH,100,2.01002883911,19.3504656928,23.6422465302,0,0,2.01002883911,
G0_D045_DENS_HIGH_V_HIGH_S100,G0_D045_DENS_HIGH_V_HIGH,100,2.02009367943,15.7288710159,19.1822235856,0,0,2.02009367943,
G0_D045_DENS_HIGH_V_HIGH_S100,G0_D045_DENS_HIGH_V_HIGH,100,2.03002214432,12.817727856,20.7127085647,0,0,2.03002214432,
G0_D045_DENS_HIGH_V_HIGH_S100,G0_D045_DENS_HIGH_V_HIGH,100,2.04008674622,11.5394993687,14.8769935731,0,0,2.04008674622,
G0_D045_DENS_HIGH_V_HIGH_S100,G0_D045_DENS_HIGH_V_HIGH,100,2.05001544952,11.2160892482,17.4224591997,0,0,2.05001544952,
G0_D045_DENS_HIGH_V_HIGH_S100,G0_D045_DENS_HIGH_V_HIGH,100,2.06008028984,12.806198026,16.402653935,0,0,2.06008028984,
G0_D045_DENS_HIGH_V_HIGH_S100,G0_D045_DENS_HIGH_V_HIGH,100,2.07000923157,21.176437092,27.7050888174,0,0,2.07000923157,
G0_D045_DENS_HIGH_V_HIGH_S100,G0_D045_DENS_HIGH_V_HIGH,100,2.08007407188,19.4977423475,26.1015211997,0,0,2.08007407188,
G0_D045_DENS_HIGH_V_HIGH_S100,G0_D045_DENS_HIGH_V_HIGH,100,2.09000301361,14.4558893611,20.2023504721,0,0,2.09000301361,
G0_D045_DENS_HIGH_V_HIGH_S100,G0_D045_DENS_HIGH_V_HIGH,100,2.10006761551,13.8763998888,15.3380117755,0,0,2.10006761551,
G0_D045_DENS_HIGH_V_HIGH_S100,G0_D045_DENS_HIGH_V_HIGH,100,2.11013221741,10.749442749,14.1701044972,0,0,2.11013221741,
G0_D045_DENS_HIGH_V_HIGH_S100,G0_D045_DENS_HIGH_V_HIGH,100,2.12006092072,11.4963173845,12.6836045109,0,0,2.12006092072,
G0_D045_DENS_HIGH_V_HIGH_S100,G0_D045_DENS_HIGH_V_HIGH,100,2.13012576103,14.0912866931,16.245041792,0,0,2.13012576103,
G0_D045_DENS_HIGH_V_HIGH_S100,G0_D045_DENS_HIGH_V_HIGH,100,2.14005446434,11.6378199137,20.2246288081,0,0,2.14005446434,
G0_D045_DENS_HIGH_V_HIGH_S100,G0_D045_DENS_HIGH_V_HIGH,100,2.15011954308,12.3121484166,16.5115935262,0,0,2.15011954308,
G0_D045_DENS_HIGH_V_HIGH_S100,G0_D045_DENS_HIGH_V_HIGH,100,2.16004824638,15.8754446133,22.787005866,0,0,2.16004824638,
G0_D045_DENS_HIGH_V_HIGH_S100,G0_D045_DENS_HIGH_V_HIGH,100,2.1701130867,12.9199842929,15.6499861253,0,0,2.1701130867,
G0_D045_DENS_HIGH_V_HIGH_S100,G0_D045_DENS_HIGH_V_HIGH,100,2.18000936508,12.5558789841,15.8483522677,0,0,2.18000936508,
G0_D045_DENS_HIGH_V_HIGH_S100,G0_D045_DENS_HIGH_V_HIGH,100,2.19007396698,10.3788625603,10.5801445035,0,0,2.19007396698,
G0_D045_DENS_HIGH_V_HIGH_S100,G0_D045_DENS_HIGH_V_HIGH,100,2.20000267029,12.2177154091,16.6406853528,0,0,2.20000267029,
G0_D045_DENS_HIGH_V_HIGH_S100,G0_D045_DENS_HIGH_V_HIGH,100,2.2100675106,15.6074846706,24.0157184785,0,0,2.2100675106,
G0_D045_DENS_HIGH_V_HIGH_S100,G0_D045_DENS_HIGH_V_HIGH,100,2.22013258934,16.6407913843,24.313356469,0,0,2.22013258934,
G0_D045_DENS_HIGH_V_HIGH_S100,G0_D045_DENS_HIGH_V_HIGH,100,2.23006129265,18.7658138163,22.5860433328,0,0,2.23006129265,
G0_D045_DENS_HIGH_V_HIGH_S100,G0_D045_DENS_HIGH_V_HIGH,100,2.24012613297,13.4682706158,16.7923911541,0,0,2.24012613297,
G0_D045_DENS_HIGH_V_HIGH_S100,G0_D045_DENS_HIGH_V_HIGH,100,2.25005435944,12.7460382864,18.3349667141,0,0,2.25005435944,
G0_D045_DENS_HIGH_V_HIGH_S100,G0_D045_DENS_HIGH_V_HIGH,100,2.26011872292,11.5299044809,14.1472430522,0,0,2.26011872292,
G0_D045_DENS_HIGH_V_HIGH_S100,G0_D045_DENS_HIGH_V_HIGH,100,2.27004742622,14.2850341964,16.3520472771,0,0,2.27004742622,
G0_D045_DENS_HIGH_V_HIGH_S100,G0_D045_DENS_HIGH_V_HIGH,100,2.28011226654,15.5658738195,17.7417595408,0,0,2.28011226654,
G0_D045_DENS_HIGH_V_HIGH_S100,G0_D045_DENS_HIGH_V_HIGH,100,2.29004120827,17.7080505386,21.1377649261,0,0,2.29004120827,
G0_D045_DENS_HIGH_V_HIGH_S100,G0_D045_DENS_HIGH_V_HIGH,100,2.30010604858,17.1046479134,19.5777844811,0,0,2.30010604858,
G0_D045_DENS_HIGH_V_HIGH_S100,G0_D045_DENS_HIGH_V_HIGH,100,2.31003475189,14.517497429,17.5916825681,0,0,2.31003475189,
G0_D045_DENS_HIGH_V_HIGH_S100,G0_D045_DENS_HIGH_V_HIGH,100,2.32009911537,15.0082036794,23.5811764323,0,0,2.32009911537,
G0_D045_DENS_HIGH_V_HIGH_S100,G0_D045_DENS_HIGH_V_HIGH,100,2.33002734184,12.0429036292,12.5921718218,0,0,2.33002734184,
G0_D045_DENS_HIGH_V_HIGH_S100,G0_D045_DENS_HIGH_V_HIGH,100,2.34009194374,11.8835491284,13.89585462,0,0,2.34009194374,
G0_D045_DENS_HIGH_V_HIGH_S100,G0_D045_DENS_HIGH_V_HIGH,100,2.35002064705,15.321368047,21.1882420336,0,0,2.35002064705,
G0_D045_DENS_HIGH_V_HIGH_S100,G0_D045_DENS_HIGH_V_HIGH,100,2.36008548737,20.3794450746,26.443517691,0,0,2.36008548737,
G0_D045_DENS_HIGH_V_HIGH_S100,G0_D045_DENS_HIGH_V_HIGH,100,2.37001442909,30.8296541187,28.6089961986,0,0,2.37001442909,
G0_D045_DENS_HIGH_V_HIGH_S100,G0_D045_DENS_HIGH_V_HIGH,100,2.38007926941,20.7465299334,25.0297321844,0,0,2.38007926941,
G0_D045_DENS_HIGH_V_HIGH_S100,G0_D045_DENS_HIGH_V_HIGH,100,2.3900077343,15.8031586732,21.7911648451,0,0,2.3900077343,
G0_D045_DENS_HIGH_V_HIGH_S100,G0_D045_DENS_HIGH_V_HIGH,100,2.40007209778,14.0236565877,19.9834606008,0,0,2.40007209778,
G0_D045_DENS_HIGH_V_HIGH_S100,G0_D045_DENS_HIGH_V_HIGH,100,2.41000056267,12.8215463159,14.7495517594,0,0,2.41000056267,
G0_D045_DENS_HIGH_V_HIGH_S100,G0_D045_DENS_HIGH_V_HIGH,100,2.42006516457,17.1005155339,20.4978797833,0,0,2.42006516457,
G0_D045_DENS_HIGH_V_HIGH_S100,G0_D045_DENS_HIGH_V_HIGH,100,2.43013000488,18.1157315744,21.3712365156,0,0,2.43013000488,
G0_D045_DENS_HIGH_V_HIGH_S100,G0_D045_DENS_HIGH_V_HIGH,100,2.44005894661,19.4648183967,24.5833517398,0,0,2.44005894661,
G0_D045_DENS_HIGH_V_HIGH_S100,G0_D045_DENS_HIGH_V_HIGH,100,2.45012378693,20.3548257943,26.2700920467,0,0,2.45012378693,
G0_D045_DENS_HIGH_V_HIGH_S100,G0_D045_DENS_HIGH_V_HIGH,100,2.46005249023,15.4921587392,18.3968614971,0,0,2.46005249023,
G0_D045_DENS_HIGH_V_HIGH_S100,G0_D045_DENS_HIGH_V_HIGH,100,2.47011685371,15.4484325765,17.7172948017,0,0,2.47011685371,
G0_D045_DENS_HIGH_V_HIGH_S100,G0_D045_DENS_HIGH_V_HIGH,100,2.48004508018,14.0988084834,19.2219104573,0,0,2.48004508018,
G0_D045_DENS_HIGH_V_HIGH_S100,G0_D045_DENS_HIGH_V_HIGH,100,2.49010968208,17.1980869699,20.3200932827,0,0,2.49010968208,
G0_D045_DENS_HIGH_V_HIGH_S100,G0_D045_DENS_HIGH_V_HIGH,100,2.50003862381,17.2361748601,20.18519897,0,0,2.50003862381,
G0_D045_DENS_HIGH_V_HIGH_S100,G0_D045_DENS_HIGH_V_HIGH,100,2.51010346413,19.1503676494,23.5844518487,0,0,2.51010346413,
G0_D045_DENS_HIGH_V_HIGH_S100,G0_D045_DENS_HIGH_V_HIGH,100,2.52003216743,24.8604273224,27.4537024051,0,0,2.52003216743,
G0_D045_DENS_HIGH_V_HIGH_S100,G0_D045_DENS_HIGH_V_HIGH,100,2.53009700775,16.8414067427,23.1525343249,0,0,2.53009700775,
G0_D045_DENS_HIGH_V_HIGH_S100,G0_D045_DENS_HIGH_V_HIGH,100,2.54002547264,14.1541013176,19.0718268928,0,0,2.54002547264,
G0_D045_DENS_HIGH_V_HIGH_S100,G0_D045_DENS_HIGH_V_HIGH,100,2.55008983612,14.4106419546,16.4920207982,0,0,2.55008983612,
G0_D045_DENS_HIGH_V_HIGH_S100,G0_D045_DENS_HIGH_V_HIGH,100,2.56001830101,16.2660987719,17.4298214375,0,0,2.56001830101,
G0_D045_DENS_HIGH_V_HIGH_S100,G0_D045_DENS_HIGH_V_HIGH,100,2.57008314133,14.2804167382,17.0181213988,0,0,2.57008314133,
G0_D045_DENS_HIGH_V_HIGH_S100,G0_D045_DENS_HIGH_V_HIGH,100,2.58001184464,19.570040568,20.8144398062,0,0,2.58001184464,
G0_D045_DENS_HIGH_V_HIGH_S100,G0_D045_DENS_HIGH_V_HIGH,100,2.59007668495,24.03182997,24.0934982876,0,0,2.59007668495,
G0_D045_DENS_HIGH_V_HIGH_S100,G0_D045_DENS_HIGH_V_HIGH,100,2.60000562668,20.9218997073,24.7294998545,0,0,2.60000562668,
G0_D045_DENS_HIGH_V_HIGH_S100,G0_D045_DENS_HIGH_V_HIGH,100,2.61007022858,17.2086144063,19.7876529371,0,0,2.61007022858,
G0_D045_DENS_HIGH_V_HIGH_S100,G0_D045_DENS_HIGH_V_HIGH,100,2.62013459206,17.2415491025,22.9341024738,0,0,2.62013459206,
G0_D045_DENS_HIGH_V_HIGH_S100,G0_D045_DENS_HIGH_V_HIGH,100,2.63006305695,12.9844583165,20.929745844,0,0,2.63006305695,
G0_D045_DENS_HIGH_V_HIGH_S100,G0_D045_DENS_HIGH_V_HIGH,100,2.64012765884,18.8896255553,23.5335893928,0,0,2.64012765884,
G0_D045_DENS_HIGH_V_HIGH_S100,G0_D045_DENS_HIGH_V_HIGH,100,2.65005660057,26.9530461887,30.6125639432,0,0,2.65005660057,
G0_D045_DENS_HIGH_V_HIGH_S100,G0_D045_DENS_HIGH_V_HIGH,100,2.66012144089,22.230786398,21.6812434888,0,0,2.66012144089,
G0_D045_DENS_HIGH_V_HIGH_S100,G0_D045_DENS_HIGH_V_HIGH,100,2.6700501442,25.6975212277,25.110707299,0,0,2.6700501442,
G0_D045_DENS_HIGH_V_HIGH_S100,G0_D045_DENS_HIGH_V_HIGH,100,2.68011474609,19.9123495705,27.332077365,0,0,2.68011474609,
G0_D045_DENS_HIGH_V_HIGH_S100,G0_D045_DENS_HIGH_V_HIGH,100,2.69004321098,14.0207445803,14.6309591754,0,0,2.69004321098,
G0_D045_DENS_HIGH_V_HIGH_S100,G0_D045_DENS_HIGH_V_HIGH,100,2.70010757446,15.9531953644,16.8474635042,0,0,2.70010757446,
G0_D045_DENS_HIGH_V_HIGH_S100,G0_D045_DENS_HIGH_V_HIGH,100,2.71003627777,17.5037080564,18.2175707396,0,0,2.71003627777,
G0_D045_DENS_HIGH_V_HIGH_S100,G0_D045_DENS_HIGH_V_HIGH,100,2.72010111809,21.4413806434,24.4188626935,0,0,2.72010111809,
G0_D045_DENS_HIGH_V_HIGH_S100,G0_D045_DENS_HIGH_V_HIGH,100,2.73003005981,18.9331982121,22.4832360229,0,0,2.73003005981,
G0_D045_DENS_HIGH_V_HIGH_S100,G0_D045_DENS_HIGH_V_HIGH,100,2.74009490013,22.1169417988,29.1626108218,0,0,2.74009490013,
G0_D045_DENS_HIGH_V_HIGH_S100,G0_D045_DENS_HIGH_V_HIGH,100,2.75002360344,20.8417650093,27.6810220877,0,0,2.75002360344,
G0_D045_DENS_HIGH_V_HIGH_S100,G0_D045_DENS_HIGH_V_HIGH,100,2.76008796692,18.07986645,20.666955527,0,0,2.76008796692,
G0_D045_DENS_HIGH_V_HIGH_S100,G0_D045_DENS_HIGH_V_HIGH,100,2.77001595497,18.4499907262,23.2127754578,0,0,2.77001595497,
G0_D045_DENS_HIGH_V_HIGH_S100,G0_D045_DENS_HIGH_V_HIGH,100,2.78008055687,14.2480085673,15.2659975374,0,0,2.78008055687,
G0_D045_DENS_HIGH_V_HIGH_S100,G0_D045_DENS_HIGH_V_HIGH,100,2.79000926018,17.8876601462,21.3360399612,0,0,2.79000926018,
G0_D045_DENS_HIGH_V_HIGH_S100,G0_D045_DENS_HIGH_V_HIGH,100,2.80007410049,21.2850256484,19.4178348715,0,0,2.80007410049,
G0_D045_DENS_HIGH_V_HIGH_S100,G0_D045_DENS_HIGH_V_HIGH,100,2.8100028038,23.288451432,34.3880524889,0,0,2.8100028038,
G0_D045_DENS_HIGH_V_HIGH_S100,G0_D045_DENS_HIGH_V_HIGH,100,2.82006764412,21.4169363599,24.5750858761,0,0,2.82006764412,
G0_D045_DENS_HIGH_V_HIGH_S100,G0_D045_DENS_HIGH_V_HIGH,100,2.83013224602,23.4404837001,25.8441485057,0,0,2.83013224602,
G0_D045_DENS_HIGH_V_HIGH_S100,G0_D045_DENS_HIGH_V_HIGH,100,2.84006047249,16.9794669016,17.5187982947,0,0,2.84006047249,
G0_D045_DENS_HIGH_V_HIGH_S100,G0_D045_DENS_HIGH_V_HIGH,100,2.85012483597,20.3671983719,21.1821191501,0,0,2.85012483597,
G0_D045_DENS_HIGH_V_HIGH_S100,G0_D045_DENS_HIGH_V_HIGH,100,2.86005353928,15.5227724258,17.4185052892,0,0,2.86005353928,
G0_D045_DENS_HIGH_V_HIGH_S100,G0_D045_DENS_HIGH_V_HIGH,100,2.87011837959,20.503296725,20.7492657824,0,0,2.87011837959,
G0_D045_DENS_HIGH_V_HIGH_S100,G0_D045_DENS_HIGH_V_HIGH,100,2.8800470829,23.2312612645,23.7115950224,0,0,2.8800470829,
G0_D045_DENS_HIGH_V_HIGH_S100,G0_D045_DENS_HIGH_V_HIGH,100,2.89011192322,28.3613709474,23.8448094406,0,0,2.89011192322,
G0_D045_DENS_HIGH_V_HIGH_S100,G0_D045_DENS_HIGH_V_HIGH,100,2.90004062653,18.7905589715,20.5430044771,0,0,2.90004062653,
G0_D045_DENS_HIGH_V_HIGH_S100,G0_D045_DENS_HIGH_V_HIGH,100,2.91000366211,18.8723453933,21.310946932,0,0,2.91000366211,
G0_D045_DENS_HIGH_V_HIGH_S100,G0_D045_DENS_HIGH_V_HIGH,100,2.92006802559,16.9311570519,17.3202372924,0,0,2.92006802559,
G0_D045_DENS_HIGH_V_HIGH_S100,G0_D045_DENS_HIGH_V_HIGH,100,2.93013262749,18.4568324852,16.0431456674,0,0,2.93013262749,
G0_D045_DENS_HIGH_V_HIGH_S100,G0_D045_DENS_HIGH_V_HIGH,100,2.9400613308,23.6447340788,25.4051020113,0,0,2.9400613308,
G0_D045_DENS_HIGH_V_HIGH_S100,G0_D045_DENS_HIGH_V_HIGH,100,2.95012617111,21.1956836649,21.1311580728,0,0,2.95012617111,
G0_D045_DENS_HIGH_V_HIGH_S100,G0_D045_DENS_HIGH_V_HIGH,100,2.96005511284,23.8233520381,23.1711291368,0,0,2.96005511284,
G0_D045_DENS_HIGH_V_HIGH_S100,G0_D045_DENS_HIGH_V_HIGH,100,2.97011971474,21.8768094101,21.334635655,0,0,2.97011971474,
G0_D045_DENS_HIGH_V_HIGH_S100,G0_D045_DENS_HIGH_V_HIGH,100,2.98004817963,18.1955331646,19.4791740549,0,0,2.98004817963,
G0_D045_DENS_HIGH_V_HIGH_S100,G0_D045_DENS_HIGH_V_HIGH,100,2.99011230469,23.7159531527,20.8838152276,0,0,2.99011230469,
G0_D045_DENS_HIGH_V_HIGH_S100,G0_D045_DENS_HIGH_V_HIGH,100,3.000041008,19.5745029853,17.0667227538,0,0,3.000041008,
G0_D045_DENS_HIGH_V_HIGH_S100,G0_D045_DENS_HIGH_V_HIGH,100,3.01010560989,25.144344206,21.2176992941,0,0,3.01010560989,
G0_D045_DENS_HIGH_V_HIGH_S100,G0_D045_DENS_HIGH_V_HIGH,100,3.02003455162,28.6236941526,22.8173272818,0,0,3.02003455162,
G0_D045_DENS_HIGH_V_HIGH_S100,G0_D045_DENS_HIGH_V_HIGH,100,3.03009915352,26.7222653809,22.1697536459,0,0,3.03009915352,
G0_D045_DENS_HIGH_V_HIGH_S100,G0_D045_DENS_HIGH_V_HIGH,100,3.04002809525,23.8140679998,26.1570590081,0,0,3.04002809525,
G0_D045_DENS_HIGH_V_HIGH_S100,G0_D045_DENS_HIGH_V_HIGH,100,3.05009245872,17.2249105953,23.5887258205,0,0,3.05009245872,
G0_D045_DENS_HIGH_V_HIGH_S100,G0_D045_DENS_HIGH_V_HIGH,100,3.06002092361,18.4369887743,17.2491368606,0,0,3.06002092361,
G0_D045_DENS_HIGH_V_HIGH_S100,G0_D045_DENS_HIGH_V_HIGH,100,3.07008528709,19.1630349584,17.9511565083,0,0,3.07008528709,
G0_D045_DENS_HIGH_V_HIGH_S100,G0_D045_DENS_HIGH_V_HIGH,100,3.0800139904,19.6469148002,19.8060174652,0,0,3.0800139904,
G0_D045_DENS_HIGH_V_HIGH_S100,G0_D045_DENS_HIGH_V_HIGH,100,3.09007883072,25.7822841294,30.3400120509,0,0,3.09007883072,
G0_D045_DENS_HIGH_V_HIGH_S100,G0_D045_DENS_HIGH_V_HIGH,100,3.10000753403,23.9840051991,24.8513020199,0,0,3.10000753403,
G0_D045_DENS_HIGH_V_HIGH_S100,G0_D045_DENS_HIGH_V_HIGH,100,3.11007213593,22.2330905219,24.8673917395,0,0,3.11007213593,
G0_D045_DENS_HIGH_V_HIGH_S100,G0_D045_DENS_HIGH_V_HIGH,100,3.12000083923,28.9385593659,21.4368683454,0,0,3.12000083923,
G0_D045_DENS_HIGH_V_HIGH_S100,G0_D045_DENS_HIGH_V_HIGH,100,3.13006520271,19.2194668065,22.8785002801,0,0,3.13006520271,
G0_D045_DENS_HIGH_V_HIGH_S100,G0_D045_DENS_HIGH_V_HIGH,100,3.14012956619,18.2170715809,17.3766282517,0,0,3.14012956619,
G0_D045_DENS_HIGH_V_HIGH_S100,G0_D045_DENS_HIGH_V_HIGH,100,3.1500582695,18.9894212922,21.8420825277,0,0,3.1500582695,
G0_D045_DENS_HIGH_V_HIGH_S100,G0_D045_DENS_HIGH_V_HIGH,100,3.16012310982,22.8774393176,30.9205259831,0,0,3.16012310982,
G0_D045_DENS_HIGH_V_HIGH_S100,G0_D045_DENS_HIGH_V_HIGH,100,3.17005181313,21.8114680781,23.7072391784,0,0,3.17005181313,
G0_D045_DENS_HIGH_V_HIGH_S100,G0_D045_DENS_HIGH_V_HIGH,100,3.18011665344,22.6815780377,21.7223184156,0,0,3.18011665344,
G0_D045_DENS_HIGH_V_HIGH_S100,G0_D045_DENS_HIGH_V_HIGH,100,3.19004535675,20.9194113763,18.7291535736,0,0,3.19004535675,
G0_D045_DENS_HIGH_V_HIGH_S100,G0_D045_DENS_HIGH_V_HIGH,100,3.20010972023,19.6367051212,18.7346862656,0,0,3.20010972023,
G0_D045_DENS_HIGH_V_HIGH_S100,G0_D045_DENS_HIGH_V_HIGH,100,3.2100379467,24.7415554041,22.1959882652,0,0,3.2100379467,
G0_D045_DENS_HIGH_V_HIGH_S100,G0_D045_DENS_HIGH_V_HIGH,100,3.2201025486,19.6021048857,19.3672500877,0,0,3.2201025486,
G0_D045_DENS_HIGH_V_HIGH_S100,G0_D045_DENS_HIGH_V_HIGH,100,3.23003125191,21.7246604775,23.1114202044,0,0,3.23003125191,
G0_D045_DENS_HIGH_V_HIGH_S100,G0_D045_DENS_HIGH_V_HIGH,100,3.24009609222,27.4255926881,22.8891366342,0,0,3.24009609222,
G0_D045_DENS_HIGH_V_HIGH_S100,G0_D045_DENS_HIGH_V_HIGH,100,3.25002479553,20.8816397084,21.941008273,0,0,3.25002479553,
G0_D045_DENS_HIGH_V_HIGH_S100,G0_D045_DENS_HIGH_V_HIGH,100,3.26008963585,19.3646818766,20.647709854,0,0,3.26008963585,
G0_D045_DENS_HIGH_V_HIGH_S100,G0_D045_DENS_HIGH_V_HIGH,100,3.27001810074,18.2940164258,22.93966555,0,0,3.27001810074,
G0_D045_DENS_HIGH_V_HIGH_S100,G0_D045_DENS_HIGH_V_HIGH,100,3.28008246422,21.1168061804,20.1977086909,0,0,3.28008246422,
G0_D045_DENS_HIGH_V_HIGH_S100,G0_D045_DENS_HIGH_V_HIGH,100,3.29001092911,18.8738267255,20.8260860845,0,0,3.29001092911,
G0_D045_DENS_HIGH_V_HIGH_S100,G0_D045_DENS_HIGH_V_HIGH,100,3.30007553101,19.3665546489,20.9646998037,0,0,3.30007553101,
G0_D045_DENS_HIGH_V_HIGH_S100,G0_D045_DENS_HIGH_V_HIGH,100,3.31000423431,27.646143861,26.8272461742,0,0,3.31000423431,
G0_D045_DENS_HIGH_V_HIGH_S100,G0_D045_DENS_HIGH_V_HIGH,100,3.32006907463,24.3762573543,25.7388666739,0,0,3.32006907463,
G0_D045_DENS_HIGH_V_HIGH_S100,G0_D045_DENS_HIGH_V_HIGH,100,3.33013391495,30.3550444996,24.4205918961,0,0,3.33013391495,
G0_D045_DENS_HIGH_V_HIGH_S100,G0_D045_DENS_HIGH_V_HIGH,100,3.34006237984,23.1394585811,22.3758113876,0,0,3.34006237984,
G0_D045_DENS_HIGH_V_HIGH_S100,G0_D045_DENS_HIGH_V_HIGH,100,3.35012674332,25.1479746212,24.1788105024,0,0,3.35012674332,
G0_D045_DENS_HIGH_V_HIGH_S100,G0_D045_DENS_HIGH_V_HIGH,100,3.36005520821,16.2006469156,20.0649993188,0,0,3.36005520821,
G0_D045_DENS_HIGH_V_HIGH_S100,G0_D045_DENS_HIGH_V_HIGH,100,3.3701198101,25.9947332595,29.6406666832,0,0,3.3701198101,
G0_D045_DENS_HIGH_V_HIGH_S100,G0_D045_DENS_HIGH_V_HIGH,100,3.38004851341,22.5422729458,22.0647127506,0,0,3.38004851341,
G0_D045_DENS_HIGH_V_HIGH_S100,G0_D045_DENS_HIGH_V_HIGH,100,3.39011335373,19.035532937,26.1121037307,0,0,3.39011335373,
G0_D045_DENS_HIGH_V_HIGH_S100,G0_D045_DENS_HIGH_V_HIGH,100,3.40004205704,24.8109723185,27.1543359842,0,0,3.40004205704,
G0_D045_DENS_HIGH_V_HIGH_S100,G0_D045_DENS_HIGH_V_HIGH,100,3.41010689735,32.3271781004,21.3236694745,0,0,3.41010689735,
G0_D045_DENS_HIGH_V_HIGH_S100,G0_D045_DENS_HIGH_V_HIGH,100,3.42003536224,22.4547223765,25.0797242849,0,0,3.42003536224,
G0_D045_DENS_HIGH_V_HIGH_S100,G0_D045_DENS_HIGH_V_HIGH,100,3.43009972572,23.6142078906,22.6169427958,0,0,3.43009972572,
G0_D045_DENS_HIGH_V_HIGH_S100,G0_D045_DENS_HIGH_V_HIGH,100,3.44002819061,21.1591692105,20.9006829285,0,0,3.44002819061,
G0_D045_DENS_HIGH_V_HIGH_S100,G0_D045_DENS_HIGH_V_HIGH,100,3.45009303093,24.5728370419,20.3971290697,0,0,3.45009303093,
G0_D045_DENS_HIGH_V_HIGH_S100,G0_D045_DENS_HIGH_V_HIGH,100,3.46002173424,26.705944631,27.3326105665,0,0,3.46002173424,
G0_D045_DENS_HIGH_V_HIGH_S100,G0_D045_DENS_HIGH_V_HIGH,100,3.47008633614,23.0376795476,25.933870599,0,0,3.47008633614,
G0_D045_DENS_HIGH_V_HIGH_S100,G0_D045_DENS_HIGH_V_HIGH,100,3.48001503944,31.888052911,24.3803935754,0,0,3.48001503944,
G0_D045_DENS_HIGH_V_HIGH_S100,G0_D045_DENS_HIGH_V_HIGH,100,3.49007964134,19.6468104162,21.4189256995,0,0,3.49007964134,
G0_D045_DENS_HIGH_V_HIGH_S100,G0_D045_DENS_HIGH_V_HIGH,100,3.50000810623,21.5024453004,23.8302578939,0,0,3.50000810623,
G0_D045_DENS_HIGH_V_HIGH_S100,G0_D045_DENS_HIGH_V_HIGH,100,3.51007270813,22.1871461986,24.6896543055,0,0,3.51007270813,
G0_D045_DENS_HIGH_V_HIGH_S100,G0_D045_DENS_HIGH_V_HIGH,100,3.52000141144,22.3288628686,22.3700027597,0,0,3.52000141144,
G0_D045_DENS_HIGH_V_HIGH_S100,G0_D045_DENS_HIGH_V_HIGH,100,3.53006601334,21.9844738608,21.7796475698,0,0,3.53006601334,
G0_D045_DENS_HIGH_V_HIGH_S100,G0_D045_DENS_HIGH_V_HIGH,100,3.54013085365,26.0206819011,25.7603401728,0,0,3.54013085365,
G0_D045_DENS_HIGH_V_HIGH_S100,G0_D045_DENS_HIGH_V_HIGH,100,3.55005955696,24.0436483912,20.8797181925,0,0,3.55005955696,
G0_D045_DENS_HIGH_V_HIGH_S100,G0_D045_DENS_HIGH_V_HIGH,100,3.56012415886,23.5810889872,27.4208640296,0,0,3.56012415886,
G0_D045_DENS_HIGH_V_HIGH_S100,G0_D045_DENS_HIGH_V_HIGH,100,3.57005262375,22.4485376228,24.4146330327,0,0,3.57005262375,
G0_D045_DENS_HIGH_V_HIGH_S100,G0_D045_DENS_HIGH_V_HIGH,100,3.58011698723,22.7574928579,24.647305535,0,0,3.58011698723,
G0_D045_DENS_HIGH_V_HIGH_S100,G0_D045_DENS_HIGH_V_HIGH,100,3.59004569054,20.5194255926,21.1288156601,0,0,3.59004569054,
G0_D045_DENS_HIGH_V_HIGH_S100,G0_D045_DENS_HIGH_V_HIGH,100,3.60011053085,21.9741705431,22.5983704955,0,0,3.60011053085,
G0_D045_DENS_HIGH_V_HIGH_S100,G0_D045_DENS_HIGH_V_HIGH,100,3.61003923416,28.1694609101,26.9048456854,0,0,3.61003923416,
G0_D045_DENS_HIGH_V_HIGH_S100,G0_D045_DENS_HIGH_V_HIGH,100,3.62010383606,25.6655643642,27.485739174,0,0,3.62010383606,
G0_D045_DENS_HIGH_V_HIGH_S100,G0_D045_DENS_HIGH_V_HIGH,100,3.63003253937,23.8555744669,24.0433854028,0,0,3.63003253937,
G0_D045_DENS_HIGH_V_HIGH_S100,G0_D045_DENS_HIGH_V_HIGH,100,3.64009714127,22.9045592094,26.389787133,0,0,3.64009714127,
G0_D045_DENS_HIGH_V_HIGH_S100,G0_D045_DENS_HIGH_V_HIGH,100,3.65002536774,24.5954546049,31.2995265716,0,0,3.65002536774,
G0_D045_DENS_HIGH_V_HIGH_S100,G0_D045_DENS_HIGH_V_HIGH,100,3.66009020805,30.5256479146,31.7827344268,0,0,3.66009020805,
G0_D045_DENS_HIGH_V_HIGH_S100,G0_D045_DENS_HIGH_V_HIGH,100,3.67001867294,25.0987253152,32.6321199859,0,0,3.67001867294,
G0_D045_DENS_HIGH_V_HIGH_S100,G0_D045_DENS_HIGH_V_HIGH,100,3.68008351326,21.3670868458,18.6376857934,0,0,3.68008351326,
G0_D045_DENS_HIGH_V_HIGH_S100,G0_D045_DENS_HIGH_V_HIGH,100,3.69001221657,32.4909290109,27.9541320132,0,0,3.69001221657,
G0_D045_DENS_HIGH_V_HIGH_S100,G0_D045_DENS_HIGH_V_HIGH,100,3.70007681847,26.7810673606,26.8135088849,0,0,3.70007681847,
G0_D045_DENS_HIGH_V_HIGH_S100,G0_D045_DENS_HIGH_V_HIGH,100,3.71000552177,26.8961507526,24.1534221638,0,0,3.71000552177,
G0_D045_DENS_HIGH_V_HIGH_S100,G0_D045_DENS_HIGH_V_HIGH,100,3.72006964684,25.3552014798,27.6075150406,0,0,3.72006964684,
G0_D045_DENS_HIGH_V_HIGH_S100,G0_D045_DENS_HIGH_V_HIGH,100,3.73013424873,25.8179282052,27.4148805336,0,0,3.73013424873,
G0_D045_DENS_HIGH_V_HIGH_S100,G0_D045_DENS_HIGH_V_HIGH,100,3.74006295204,17.5918450183,22.9534661751,0,0,3.74006295204,
G0_D045_DENS_HIGH_V_HIGH_S100,G0_D045_DENS_HIGH_V_HIGH,100,3.75012755394,22.6706131095,27.1337600957,0,0,3.75012755394,
G0_D045_DENS_HIGH_V_HIGH_S100,G0_D045_DENS_HIGH_V_HIGH,100,3.76005625725,25.4748271121,28.0985250002,0,0,3.76005625725,
G0_D045_DENS_HIGH_V_HIGH_S100,G0_D045_DENS_HIGH_V_HIGH,100,3.77012109756,26.7096287732,25.6520268547,0,0,3.77012109756,
G0_D045_DENS_HIGH_V_HIGH_S100,G0_D045_DENS_HIGH_V_HIGH,100,3.78004956245,27.2863996555,26.9707087826,0,0,3.78004956245,
G0_D045_DENS_HIGH_V_HIGH_S100,G0_D045_DENS_HIGH_V_HIGH,100,3.79011392593,24.7127500173,26.9026526512,0,0,3.79011392593,
G0_D045_DENS_HIGH_V_HIGH_S100,G0_D045_DENS_HIGH_V_HIGH,100,3.80004239082,25.0781938978,24.2513216908,0,0,3.80004239082,
G0_D045_DENS_HIGH_V_HIGH_S100,G0_D045_DENS_HIGH_V_HIGH,100,3.81010699272,26.0660214111,29.7059107925,0,0,3.81010699272,
G0_D045_DENS_HIGH_V_HIGH_S100,G0_D045_DENS_HIGH_V_HIGH,100,3.82003569603,27.5765381343,23.998944367,0,0,3.82003569603,
G0_D045_DENS_HIGH_V_HIGH_S100,G0_D045_DENS_HIGH_V_HIGH,100,3.83010053635,29.0045607734,26.0758442688,0,0,3.83010053635,
G0_D045_DENS_HIGH_V_HIGH_S100,G0_D045_DENS_HIGH_V_HIGH,100,3.84002900124,28.343017779,32.5087256653,0,0,3.84002900124,
G0_D045_DENS_HIGH_V_HIGH_S100,G0_D045_DENS_HIGH_V_HIGH,100,3.85009360313,26.549122978,27.2539250098,0,0,3.85009360313,
G0_D045_DENS_HIGH_V_HIGH_S100,G0_D045_DENS_HIGH_V_HIGH,100,3.86002230644,30.423735331,23.7308961611,0,0,3.86002230644,
G0_D045_DENS_HIGH_V_HIGH_S100,G0_D045_DENS_HIGH_V_HIGH,100,3.87008666992,22.8876182955,23.5316133673,0,0,3.87008666992,
G0_D045_DENS_HIGH_V_HIGH_S100,G0_D045_DENS_HIGH_V_HIGH,100,3.88001513481,24.7077180931,24.8748618378,0,0,3.88001513481,
G0_D045_DENS_HIGH_V_HIGH_S100,G0_D045_DENS_HIGH_V_HIGH,100,3.89007973671,22.3219612422,20.6317131018,0,0,3.89007973671,
G0_D045_DENS_HIGH_V_HIGH_S100,G0_D045_DENS_HIGH_V_HIGH,100,3.90000844002,27.4923708356,25.2722502895,0,0,3.90000844002,
G0_D045_DENS_HIGH_V_HIGH_S100,G0_D045_DENS_HIGH_V_HIGH,100,3.91007328033,23.2251363781,24.5322315832,0,0,3.91007328033,
G0_D045_DENS_HIGH_V_HIGH_S100,G0_D045_DENS_HIGH_V_HIGH,100,3.92000198364,21.1925475389,26.121306487,0,0,3.92000198364,
G0_D045_DENS_HIGH_V_HIGH_S100,G0_D045_DENS_HIGH_V_HIGH,100,3.93006634712,26.3087480499,19.5136196817,0,0,3.93006634712,
G0_D045_DENS_HIGH_V_HIGH_S100,G0_D045_DENS_HIGH_V_HIGH,100,3.94013094902,26.958391265,32.6153020189,0,0,3.94013094902,
G0_D045_DENS_HIGH_V_HIGH_S100,G0_D045_DENS_HIGH_V_HIGH,100,3.95005941391,21.5820488679,23.1187120702,0,0,3.95005941391,
G0_D045_DENS_HIGH_V_HIGH_S100,G0_D045_DENS_HIGH_V_HIGH,100,3.96012401581,21.5824510534,26.6063743745,0,0,3.96012401581,
G0_D045_DENS_HIGH_V_HIGH_S100,G0_D045_DENS_HIGH_V_HIGH,100,3.97005271912,28.4156567828,31.0210254709,0,0,3.97005271912,
G0_D045_DENS_HIGH_V_HIGH_S100,G0_D045_DENS_HIGH_V_HIGH,100,3.98011732101,24.4155717567,32.4063849459,0,0,3.98011732101,
G0_D045_DENS_HIGH_V_HIGH_S100,G0_D045_DENS_HIGH_V_HIGH,100,3.99000024796,57.099083161,135.945520464,0,0,3.99000024796,
G0_D045_DENS_HIGH_V_HIGH_S100,G0_D045_DENS_HIGH_V_HIGH,100,4.00006484985,23.0504466354,27.4328221754,0,0,4.00006484985,
G0_D045_DENS_HIGH_V_HIGH_S100,G0_D045_DENS_HIGH_V_HIGH,100,4.01012945175,24.7246620771,26.0478318937,0,0,4.01012945175,
G0_D045_DENS_HIGH_V_HIGH_S100,G0_D045_DENS_HIGH_V_HIGH,100,4.02005767822,22.1057312611,24.2995999104,0,0,4.02005767822,
G0_D045_DENS_HIGH_V_HIGH_S100,G0_D045_DENS_HIGH_V_HIGH,100,4.03012228012,22.6714052001,27.3496595207,0,0,4.03012228012,
G0_D045_DENS_HIGH_V_HIGH_S100,G0_D045_DENS_HIGH_V_HIGH,100,4.04005098343,25.2306713331,29.3771456788,0,0,4.04005098343,
G0_D045_DENS_HIGH_V_HIGH_S100,G0_D045_DENS_HIGH_V_HIGH,100,4.05011558533,26.2102617185,24.7481238979,0,0,4.05011558533,
G0_D045_DENS_HIGH_V_HIGH_S100,G0_D045_DENS_HIGH_V_HIGH,100,4.06004428864,30.3757616593,25.7183070724,0,0,4.06004428864,
G0_D045_DENS_HIGH_V_HIGH_S100,G0_D045_DENS_HIGH_V_HIGH,100,4.07010889053,28.7882095226,29.9873035549,0,0,4.07010889053,
G0_D045_DENS_HIGH_V_HIGH_S100,G0_D045_DENS_HIGH_V_HIGH,100,4.08003759384,28.7661568614,28.6132575362,0,0,4.08003759384,
G0_D045_DENS_HIGH_V_HIGH_S100,G0_D045_DENS_HIGH_V_HIGH,100,4.0901017189,22.5713300824,28.026204366,0,0,4.0901017189,
G0_D045_DENS_HIGH_V_HIGH_S100,G0_D045_DENS_HIGH_V_HIGH,100,4.10003042221,24.6198052498,39.5348821073,0,0,4.10003042221,
G0_D045_DENS_HIGH_V_HIGH_S100,G0_D045_DENS_HIGH_V_HIGH,100,4.11009502411,20.3493962898,27.7894596854,0,0,4.11009502411,
G0_D045_DENS_HIGH_V_HIGH_S100,G0_D045_DENS_HIGH_V_HIGH,100,4.12002372742,24.4133643415,29.2645606776,0,0,4.12002372742,
G0_D045_DENS_HIGH_V_HIGH_S100,G0_D045_DENS_HIGH_V_HIGH,100,4.13008832932,27.4660445695,39.355547114,0,0,4.13008832932,
G0_D045_DENS_HIGH_V_HIGH_S100,G0_D045_DENS_HIGH_V_HIGH,100,4.14001703262,27.3528984222,26.6650974198,0,0,4.14001703262,
G0_D045_DENS_HIGH_V_HIGH_S100,G0_D045_DENS_HIGH_V_HIGH,100,4.15008163452,30.03327766,36.2381487122,0,0,4.15008163452,
G0_D045_DENS_HIGH_V_HIGH_S100,G0_D045_DENS_HIGH_V_HIGH,100,4.16001033783,25.3291162179,23.0793010396,0,0,4.16001033783,
G0_D045_DENS_HIGH_V_HIGH_S100,G0_D045_DENS_HIGH_V_HIGH,100,4.17007446289,25.6995674617,23.7249023609,0,0,4.17007446289,
G0_D045_DENS_HIGH_V_HIGH_S100,G0_D045_DENS_HIGH_V_HIGH,100,4.1800031662,26.8576483965,28.4431077763,0,0,4.1800031662,
G0_D045_DENS_HIGH_V_HIGH_S100,G0_D045_DENS_HIGH_V_HIGH,100,4.1900677681,30.4804158587,29.6533729332,0,0,4.1900677681,
G0_D045_DENS_HIGH_V_HIGH_S100,G0_D045_DENS_HIGH_V_HIGH,100,4.20013237,25.7605354099,25.9970846104,0,0,4.20013237,
G0_D045_DENS_HIGH_V_HIGH_S100,G0_D045_DENS_HIGH_V_HIGH,100,4.2100610733,29.4959148188,32.0864771301,0,0,4.2100610733,
G0_D045_DENS_HIGH_V_HIGH_S100,G0_D045_DENS_HIGH_V_HIGH,100,4.2201256752,25.8079718109,27.8988860871,0,0,4.2201256752,
G0_D045_DENS_HIGH_V_HIGH_S100,G0_D045_DENS_HIGH_V_HIGH,100,4.23005437851,26.1352617937,35.2015256911,0,0,4.23005437851,
G0_D045_DENS_HIGH_V_HIGH_S100,G0_D045_DENS_HIGH_V_HIGH,100,4.24011850357,23.2745944521,30.4772246508,0,0,4.24011850357,
G0_D045_DENS_HIGH_V_HIGH_S100,G0_D045_DENS_HIGH_V_HIGH,100,4.25004720688,23.9740181036,25.2289431241,0,0,4.25004720688,
G0_D045_DENS_HIGH_V_HIGH_S100,G0_D045_DENS_HIGH_V_HIGH,100,4.26011180878,27.9811275607,24.8749028949,0,0,4.26011180878,
G0_D045_DENS_HIGH_V_HIGH_S100,G0_D045_DENS_HIGH_V_HIGH,100,4.27004051208,25.1745940836,27.7760308878,0,0,4.27004051208,
G0_D045_DENS_HIGH_V_HIGH_S100,G0_D045_DENS_HIGH_V_HIGH,100,4.28010511398,27.5187155225,24.8978447407,0,0,4.28010511398,
G0_D045_DENS_HIGH_V_HIGH_S100,G0_D045_DENS_HIGH_V_HIGH,100,4.29003381729,27.0482045116,28.8080404991,0,0,4.29003381729,
G0_D045_DENS_HIGH_V_HIGH_S100,G0_D045_DENS_HIGH_V_HIGH,100,4.30009841919,27.8545987669,28.5546505329,0,0,4.30009841919,
G0_D045_DENS_HIGH_V_HIGH_S100,G0_D045_DENS_HIGH_V_HIGH,100,4.31002664566,27.210475625,27.4967079408,0,0,4.31002664566,
G0_D045_DENS_HIGH_V_HIGH_S100,G0_D045_DENS_HIGH_V_HIGH,100,4.32009124756,19.8532774205,25.6496911721,0,0,4.32009124756,
G0_D045_DENS_HIGH_V_HIGH_S100,G0_D045_DENS_HIGH_V_HIGH,100,4.33001995087,26.7586585656,29.3327191901,0,0,4.33001995087,
G0_D045_DENS_HIGH_V_HIGH_S100,G0_D045_DENS_HIGH_V_HIGH,100,4.34008455276,28.3364016737,25.7168858292,0,0,4.34008455276,
G0_D045_DENS_HIGH_V_HIGH_S100,G0_D045_DENS_HIGH_V_HIGH,100,4.35001325607,33.6003654531,53.5619297206,0,0,4.35001325607,
G0_D045_DENS_HIGH_V_HIGH_S100,G0_D045_DENS_HIGH_V_HIGH,100,4.36000013351,23.1637647093,22.6391151868,0,0,4.36000013351,
G0_D045_DENS_HIGH_V_HIGH_S100,G0_D045_DENS_HIGH_V_HIGH,100,4.37006473541,30.2251600663,29.46005458,0,0,4.37006473541,
G0_D045_DENS_HIGH_V_HIGH_S100,G0_D045_DENS_HIGH_V_HIGH,100,4.38012933731,25.9467166062,26.667686489,0,0,4.38012933731,
G0_D045_DENS_HIGH_V_HIGH_S100,G0_D045_DENS_HIGH_V_HIGH,100,4.39005756378,29.7453465964,33.6958753742,0,0,4.39005756378,
G0_D045_DENS_HIGH_V_HIGH_S100,G0_D045_DENS_HIGH_V_HIGH,100,4.40012216568,30.5685927322,27.423974805,0,0,4.40012216568,
G0_D045_DENS_HIGH_V_HIGH_S100,G0_D045_DENS_HIGH_V_HIGH,100,4.41005086899,24.6915938307,24.1049394546,0,0,4.41005086899,
G0_D045_DENS_HIGH_V_HIGH_S100,G0_D045_DENS_HIGH_V_HIGH,100,4.42011547089,30.3980568598,27.4416973455,0,0,4.42011547089,
G0_D045_DENS_HIGH_V_HIGH_S100,G0_D045_DENS_HIGH_V_HIGH,100,4.43004417419,28.0022960278,29.6619713433,0,0,4.43004417419,
G0_D045_DENS_HIGH_V_HIGH_S100,G0_D045_DENS_HIGH_V_HIGH,100,4.44010877609,32.7700703252,33.7645918064,0,0,4.44010877609,
G0_D045_DENS_HIGH_V_HIGH_S100,G0_D045_DENS_HIGH_V_HIGH,100,4.4500374794,30.494879187,33.9182309925,0,0,4.4500374794,
G0_D045_DENS_HIGH_V_HIGH_S100,G0_D045_DENS_HIGH_V_HIGH,100,4.46010160446,24.8376316925,27.791559749,0,0,4.46010160446,
G0_D045_DENS_HIGH_V_HIGH_S100,G0_D045_DENS_HIGH_V_HIGH,100,4.47002696991,8.77949507257,11.632066251,0,0,4.47002696991,
G0_D045_DENS_HIGH_V_HIGH_S100,G0_D045_DENS_HIGH_V_HIGH,100,4.48002624512,28.9195154208,33.773562543,0,0,4.48002624512,
G0_D045_DENS_HIGH_V_HIGH_S100,G0_D045_DENS_HIGH_V_HIGH,100,4.49009084702,30.7761327429,30.338849585,0,0,4.49009084702,
G0_D045_DENS_HIGH_V_HIGH_S100,G0_D045_DENS_HIGH_V_HIGH,100,4.50001955032,30.0003874805,25.9863247094,0,0,4.50001955032,
G0_D045_DENS_HIGH_V_HIGH_S100,G0_D045_DENS_HIGH_V_HIGH,100,4.51008415222,30.2753380831,29.6147043171,0,0,4.51008415222,
G0_D045_DENS_HIGH_V_HIGH_S100,G0_D045_DENS_HIGH_V_HIGH,100,4.52001237869,27.7074664079,34.3768668648,0,0,4.52001237869,
G0_D045_DENS_HIGH_V_HIGH_S100,G0_D045_DENS_HIGH_V_HIGH,100,4.53007698059,31.8703137663,24.3663919888,0,0,4.53007698059,
G0_D045_DENS_HIGH_V_HIGH_S100,G0_D045_DENS_HIGH_V_HIGH,100,4.5400056839,25.7271248453,23.9745133137,0,0,4.5400056839,
G0_D045_DENS_HIGH_V_HIGH_S100,G0_D045_DENS_HIGH_V_HIGH,100,4.5500702858,28.154770393,36.8762293699,0,0,4.5500702858,
G0_D045_DENS_HIGH_V_HIGH_S100,G0_D045_DENS_HIGH_V_HIGH,100,4.5601348877,35.8107310392,29.4945454353,0,0,4.5601348877,
G0_D045_DENS_HIGH_V_HIGH_S100,G0_D045_DENS_HIGH_V_HIGH,100,4.57006311417,29.0750138528,31.4207333818,0,0,4.57006311417,
G0_D045_DENS_HIGH_V_HIGH_S100,G0_D045_DENS_HIGH_V_HIGH,100,4.58012771606,35.9981740542,30.614084261,0,0,4.58012771606,
G0_D045_DENS_HIGH_V_HIGH_S100,G0_D045_DENS_HIGH_V_HIGH,100,4.59005641937,25.463840693,26.143729403,0,0,4.59005641937,
G0_D045_DENS_HIGH_V_HIGH_S100,G0_D045_DENS_HIGH_V_HIGH,100,4.60012102127,25.4319114606,32.4524016514,0,0,4.60012102127,
G0_D045_DENS_HIGH_V_HIGH_S100,G0_D045_DENS_HIGH_V_HIGH,100,4.61004972458,27.837111372,30.1056650439,0,0,4.61004972458,
G0_D045_DENS_HIGH_V_HIGH_S100,G0_D045_DENS_HIGH_V_HIGH,100,4.62011432648,29.543305168,33.3114153261,0,0,4.62011432648,
G0_D045_DENS_HIGH_V_HIGH_S100,G0_D045_DENS_HIGH_V_HIGH,100,4.63004255295,28.7179897723,29.5741472318,0,0,4.63004255295,
G0_D045_DENS_HIGH_V_HIGH_S100,G0_D045_DENS_HIGH_V_HIGH,100,4.64010715485,30.089912136,28.9086846502,0,0,4.64010715485,
G0_D045_DENS_HIGH_V_HIGH_S100,G0_D045_DENS_HIGH_V_HIGH,100,4.65003585815,37.4921888904,34.6639640749,0,0,4.65003585815,
G0_D045_DENS_HIGH_V_HIGH_S100,G0_D045_DENS_HIGH_V_HIGH,100,4.66010046005,30.0156121981,32.4472371764,0,0,4.66010046005,
G0_D045_DENS_HIGH_V_HIGH_S100,G0_D045_DENS_HIGH_V_HIGH,100,4.67002916336,31.8591446752,30.5022054345,0,0,4.67002916336,
G0_D045_DENS_HIGH_V_HIGH_S100,G0_D045_DENS_HIGH_V_HIGH,100,4.68009376526,29.0393667068,29.1407309672,0,0,4.68009376526,
G0_D045_DENS_HIGH_V_HIGH_S100,G0_D045_DENS_HIGH_V_HIGH,100,4.69002199173,24.841298949,26.3778929183,0,0,4.69002199173,
G0_D045_DENS_HIGH_V_HIGH_S100,G0_D045_DENS_HIGH_V_HIGH,100,4.70008659363,30.4022260807,31.4261628887,0,0,4.70008659363,
G0_D045_DENS_HIGH_V_HIGH_S100,G0_D045_DENS_HIGH_V_HIGH,100,4.71001529694,31.2430425047,33.3483931681,0,0,4.71001529694,
G0_D045_DENS_HIGH_V_HIGH_S100,G0_D045_DENS_HIGH_V_HIGH,100,4.72010326385,31.0851739413,34.1244300705,0,0,4.72010326385,
G0_D045_DENS_HIGH_V_HIGH_S100,G0_D045_DENS_HIGH_V_HIGH,100,4.73003053665,29.7837629892,33.7743977692,0,0,4.73003053665,
G0_D045_DENS_HIGH_V_HIGH_S100,G0_D045_DENS_HIGH_V_HIGH,100,4.74009513855,28.1617334218,35.9314582921,0,0,4.74009513855,
G0_D045_DENS_HIGH_V_HIGH_S100,G0_D045_DENS_HIGH_V_HIGH,100,4.75002384186,27.254080518,26.8566415086,0,0,4.75002384186,
G0_D045_DENS_HIGH_V_HIGH_S100,G0_D045_DENS_HIGH_V_HIGH,100,4.76008844376,29.9177214697,29.5507173809,0,0,4.76008844376,
G0_D045_DENS_HIGH_V_HIGH_S100,G0_D045_DENS_HIGH_V_HIGH,100,4.77001714706,33.927010711,30.1138011935,0,0,4.77001714706,
G0_D045_DENS_HIGH_V_HIGH_S100,G0_D045_DENS_HIGH_V_HIGH,100,4.78008174896,35.240051272,32.9070533765,0,0,4.78008174896,
G0_D045_DENS_HIGH_V_HIGH_S100,G0_D045_DENS_HIGH_V_HIGH,100,4.79000997543,32.4023960037,35.263599744,0,0,4.79000997543,
G0_D045_DENS_HIGH_V_HIGH_S100,G0_D045_DENS_HIGH_V_HIGH,100,4.80007457733,32.0854860915,34.7737955317,0,0,4.80007457733,
G0_D045_DENS_HIGH_V_HIGH_S100,G0_D045_DENS_HIGH_V_HIGH,100,4.81000328064,36.5752734392,37.5070378942,0,0,4.81000328064,
G0_D045_DENS_HIGH_V_HIGH_S100,G0_D045_DENS_HIGH_V_HIGH,100,4.82006788254,28.4395023932,34.3609614924,0,0,4.82006788254,
G0_D045_DENS_HIGH_V_HIGH_S100,G0_D045_DENS_HIGH_V_HIGH,100,4.83013248444,32.4258885504,37.0207678194,0,0,4.83013248444,
G0_D045_DENS_HIGH_V_HIGH_S100,G0_D045_DENS_HIGH_V_HIGH,100,4.84006071091,32.2611490618,40.6460547576,0,0,4.84006071091,
G0_D045_DENS_HIGH_V_HIGH_S100,G0_D045_DENS_HIGH_V_HIGH,100,4.85012531281,31.0516083357,40.7880662688,0,0,4.85012531281,
G0_D045_DENS_HIGH_V_HIGH_S100,G0_D045_DENS_HIGH_V_HIGH,100,4.86005401611,29.7885431637,35.0831693756,0,0,4.86005401611,
G0_D045_DENS_HIGH_V_HIGH_S100,G0_D045_DENS_HIGH_V_HIGH,100,4.87011861801,29.1885775361,38.9633848702,0,0,4.87011861801,
G0_D045_DENS_HIGH_V_HIGH_S100,G0_D045_DENS_HIGH_V_HIGH,100,4.88004732132,27.5843761468,29.4230781259,0,0,4.88004732132,
G0_D045_DENS_HIGH_V_HIGH_S100,G0_D045_DENS_HIGH_V_HIGH,100,4.89011144638,29.0857868986,30.5340958756,0,0,4.89011144638,
G0_D045_DENS_HIGH_V_HIGH_S100,G0_D045_DENS_HIGH_V_HIGH,100,4.90004014969,27.6818370587,30.3819479636,0,0,4.90004014969,
G0_D045_DENS_HIGH_V_HIGH_S100,G0_D045_DENS_HIGH_V_HIGH,100,4.91010475159,26.9919323096,33.4176019257,0,0,4.91010475159,
G0_D045_DENS_HIGH_V_HIGH_S100,G0_D045_DENS_HIGH_V_HIGH,100,4.9200334549,29.5855192973,34.7199632165,0,0,4.9200334549,
G0_D045_DENS_HIGH_V_HIGH_S100,G0_D045_DENS_HIGH_V_HIGH,100,4.93009805679,34.297079725,43.7740790697,0,0,4.93009805679,
G0_D045_DENS_HIGH_V_HIGH_S100,G0_D045_DENS_HIGH_V_HIGH,100,4.94002628326,32.1588035914,38.5657798564,0,0,4.94002628326,
G0_D045_DENS_HIGH_V_HIGH_S100,G0_D045_DENS_HIGH_V_HIGH,100,4.95009088516,28.1641158337,43.1052727874,0,0,4.95009088516,
G0_D045_DENS_HIGH_V_HIGH_S100,G0_D045_DENS_HIGH_V_HIGH,100,4.96001958847,31.1900983112,39.2068958021,0,0,4.96001958847,
G0_D045_DENS_HIGH_V_HIGH_S100,G0_D045_DENS_HIGH_V_HIGH,100,4.97008419037,29.8361883327,40.9495493529,0,0,4.97008419037,
G0_D045_DENS_HIGH_V_HIGH_S100,G0_D045_DENS_HIGH_V_HIGH,100,4.98001241684,33.1437313779,44.2173075843,0,0,4.98001241684,
G0_D045_DENS_HIGH_V_HIGH_S100,G0_D045_DENS_HIGH_V_HIGH,100,4.99007701874,27.4397490045,30.9812769247,0,0,4.99007701874,
G0_D045_DENS_HIGH_V_HIGH_S100,G0_D045_DENS_HIGH_V_HIGH,100,5.00000572205,30.596905365,31.7192256694,0,0,5.00000572205,
G0_D045_DENS_HIGH_V_HIGH_S100,G0_D045_DENS_HIGH_V_HIGH,100,5.01007032394,36.3830625302,34.2103783628,0,0,5.01007032394,
G0_D045_DENS_HIGH_V_HIGH_S100,G0_D045_DENS_HIGH_V_HIGH,100,5.02013492584,35.2024392503,37.74332943,0,0,5.02013492584,
G0_D045_DENS_HIGH_V_HIGH_S100,G0_D045_DENS_HIGH_V_HIGH,100,5.03006362915,28.2717357677,31.3612564518,0,0,5.03006362915,
G0_D045_DENS_HIGH_V_HIGH_S100,G0_D045_DENS_HIGH_V_HIGH,100,5.04012775421,35.6282002139,44.1475190715,0,0,5.04012775421,
G0_D045_DENS_HIGH_V_HIGH_S100,G0_D045_DENS_HIGH_V_HIGH,100,5.05005645752,23.8094520766,30.9088729958,0,0,5.05005645752,
G0_D045_DENS_HIGH_V_HIGH_S100,G0_D045_DENS_HIGH_V_HIGH,100,5.06012105942,35.9609120259,40.0869027923,0,0,5.06012105942,
G0_D045_DENS_HIGH_V_HIGH_S100,G0_D045_DENS_HIGH_V_HIGH,100,5.07004976273,28.6963638576,31.9467211935,0,0,5.07004976273,
G0_D045_DENS_HIGH_V_HIGH_S100,G0_D045_DENS_HIGH_V_HIGH,100,5.08011388779,33.1298974239,33.4067313162,0,0,5.08011388779,
G0_D045_DENS_HIGH_V_HIGH_S100,G0_D045_DENS_HIGH_V_HIGH,100,5.09004259109,30.7819506174,33.7146107062,0,0,5.09004259109,
G0_D045_DENS_HIGH_V_HIGH_S100,G0_D045_DENS_HIGH_V_HIGH,100,5.10010719299,26.8494081984,36.8928696434,0,0,5.10010719299,
G0_D045_DENS_HIGH_V_HIGH_S100,G0_D045_DENS_HIGH_V_HIGH,100,5.1100358963,26.5857372112,27.7974991424,0,0,5.1100358963,
G0_D045_DENS_HIGH_V_HIGH_S100,G0_D045_DENS_HIGH_V_HIGH,100,5.1201004982,32.8139545991,29.1109870909,0,0,5.1201004982,
G0_D045_DENS_HIGH_V_HIGH_S100,G0_D045_DENS_HIGH_V_HIGH,100,5.13002872467,32.1657113581,30.745955836,0,0,5.13002872467,
G0_D045_DENS_HIGH_V_HIGH_S100,G0_D045_DENS_HIGH_V_HIGH,100,5.14009332657,27.846051557,28.7746470974,0,0,5.14009332657,
G0_D045_DENS_HIGH_V_HIGH_S100,G0_D045_DENS_HIGH_V_HIGH,100,5.15002202988,30.3108501438,32.7837638891,0,0,5.15002202988,
G0_D045_DENS_HIGH_V_HIGH_S100,G0_D045_DENS_HIGH_V_HIGH,100,5.16008663177,35.3113885455,33.4792265891,0,0,5.16008663177,
G0_D045_DENS_HIGH_V_HIGH_S100,G0_D045_DENS_HIGH_V_HIGH,100,5.17001485825,27.2600887399,36.0607513245,0,0,5.17001485825,
G0_D045_DENS_HIGH_V_HIGH_S100,G0_D045_DENS_HIGH_V_HIGH,100,5.18007946014,30.4063922315,34.585991438,0,0,5.18007946014,
G0_D045_DENS_HIGH_V_HIGH_S100,G0_D045_DENS_HIGH_V_HIGH,100,5.19000816345,31.2879368476,31.2384620694,0,0,5.19000816345,
G0_D045_DENS_HIGH_V_HIGH_S100,G0_D045_DENS_HIGH_V_HIGH,100,5.20007228851,37.3766204197,30.6392303204,0,0,5.20007228851,
G0_D045_DENS_HIGH_V_HIGH_S100,G0_D045_DENS_HIGH_V_HIGH,100,5.21000099182,36.5825219889,32.6617101169,0,0,5.21000099182,
G0_D045_DENS_HIGH_V_HIGH_S100,G0_D045_DENS_HIGH_V_HIGH,100,5.22006559372,36.5336057909,33.5445951557,0,0,5.22006559372,
G0_D045_DENS_HIGH_V_HIGH_S100,G0_D045_DENS_HIGH_V_HIGH,100,5.23013019562,29.9333575833,35.0534963505,0,0,5.23013019562,
G0_D045_DENS_HIGH_V_HIGH_S100,G0_D045_DENS_HIGH_V_HIGH,100,5.24005889893,31.5740258401,31.7445755631,0,0,5.24005889893,
G0_D045_DENS_HIGH_V_HIGH_S100,G0_D045_DENS_HIGH_V_HIGH,100,5.25012302399,28.2842465006,26.3152953844,0,0,5.25012302399,
G0_D045_DENS_HIGH_V_HIGH_S100,G0_D045_DENS_HIGH_V_HIGH,100,5.26005172729,33.7038253765,27.2611167645,0,0,5.26005172729,
G0_D045_DENS_HIGH_V_HIGH_S100,G0_D045_DENS_HIGH_V_HIGH,100,5.27011632919,31.487101575,30.6640047397,0,0,5.27011632919,
G0_D045_DENS_HIGH_V_HIGH_S100,G0_D045_DENS_HIGH_V_HIGH,100,5.28004455566,30.8576443891,33.2039569757,0,0,5.28004455566,
G0_D045_DENS_HIGH_V_HIGH_S100,G0_D045_DENS_HIGH_V_HIGH,100,5.29010915756,32.0120519271,38.8208881945,0,0,5.29010915756,
G0_D045_DENS_HIGH_V_HIGH_S100,G0_D045_DENS_HIGH_V_HIGH,100,5.30003786087,32.8697417224,31.6216113572,0,0,5.30003786087,
G0_D045_DENS_HIGH_V_HIGH_S100,G0_D045_DENS_HIGH_V_HIGH,100,5.31010246277,25.8918075368,26.7586357019,0,0,5.31010246277,
G0_D045_DENS_HIGH_V_HIGH_S100,G0_D045_DENS_HIGH_V_HIGH,100,5.32010269165,31.9565134834,36.4621111148,0,0,5.32010269165,
G0_D045_DENS_HIGH_V_HIGH_S100,G0_D045_DENS_HIGH_V_HIGH,100,5.33003139496,29.4346659547,33.0128043232,0,0,5.33003139496,
G0_D045_DENS_HIGH_V_HIGH_S100,G0_D045_DENS_HIGH_V_HIGH,100,5.34009552002,31.1662312099,35.4426646309,0,0,5.34009552002,
G0_D045_DENS_HIGH_V_HIGH_S100,G0_D045_DENS_HIGH_V_HIGH,100,5.35002422333,30.3940012333,33.3647652342,0,0,5.35002422333,
G0_D045_DENS_HIGH_V_HIGH_S100,G0_D045_DENS_HIGH_V_HIGH,100,5.36008882523,29.5116522462,30.4562660503,0,0,5.36008882523,
G0_D045_DENS_HIGH_V_HIGH_S100,G0_D045_DENS_HIGH_V_HIGH,100,5.37001752853,30.3184394767,31.2989245073,0,0,5.37001752853,
G0_D045_DENS_HIGH_V_HIGH_S100,G0_D045_DENS_HIGH_V_HIGH,100,5.38008165359,33.1980141431,26.9931027898,0,0,5.38008165359,
G0_D045_DENS_HIGH_V_HIGH_S100,G0_D045_DENS_HIGH_V_HIGH,100,5.3900103569,39.6821381885,31.9810557478,0,0,5.3900103569,
G0_D045_DENS_HIGH_V_HIGH_S100,G0_D045_DENS_HIGH_V_HIGH,100,5.4000749588,30.8179538971,31.8178087536,0,0,5.4000749588,
G0_D045_DENS_HIGH_V_HIGH_S100,G0_D045_DENS_HIGH_V_HIGH,100,5.41000318527,31.7230371116,31.2223645531,0,0,5.41000318527,
G0_D045_DENS_HIGH_V_HIGH_S100,G0_D045_DENS_HIGH_V_HIGH,100,5.42006778717,36.6023672349,31.8797766739,0,0,5.42006778717,
G0_D045_DENS_HIGH_V_HIGH_S100,G0_D045_DENS_HIGH_V_HIGH,100,5.43013238907,33.6425826526,34.6210086592,0,0,5.43013238907,
G0_D045_DENS_HIGH_V_HIGH_S100,G0_D045_DENS_HIGH_V_HIGH,100,5.44006109238,30.35583045,34.8531919233,0,0,5.44006109238,
G0_D045_DENS_HIGH_V_HIGH_S100,G0_D045_DENS_HIGH_V_HIGH,100,5.45012521744,29.8159194104,31.3505449188,0,0,5.45012521744,
G0_D045_DENS_HIGH_V_HIGH_S100,G0_D045_DENS_HIGH_V_HIGH,100,5.46005392075,30.4221081682,32.0469664383,0,0,5.46005392075,
G0_D045_DENS_HIGH_V_HIGH_S100,G0_D045_DENS_HIGH_V_HIGH,100,5.47011852264,29.9145745983,26.0240068634,0,0,5.47011852264,
G0_D045_DENS_HIGH_V_HIGH_S100,G0_D045_DENS_HIGH_V_HIGH,100,5.48004674911,32.9920491032,33.041995201,0,0,5.48004674911,
G0_D045_DENS_HIGH_V_HIGH_S100,G0_D045_DENS_HIGH_V_HIGH,100,5.49011135101,30.3173526548,28.3434488005,0,0,5.49011135101,
G0_D045_DENS_HIGH_V_HIGH_S100,G0_D045_DENS_HIGH_V_HIGH,100,5.50004005432,30.6187216271,29.0721877686,0,0,5.50004005432,
G0_D045_DENS_HIGH_V_HIGH_S100,G0_D045_DENS_HIGH_V_HIGH,100,5.51010465622,37.9532899881,29.4080198363,0,0,5.51010465622,
G0_D045_DENS_HIGH_V_HIGH_S100,G0_D045_DENS_HIGH_V_HIGH,100,5.52003288269,33.8542274117,33.4761226967,0,0,5.52003288269,
G0_D045_DENS_HIGH_V_HIGH_S100,G0_D045_DENS_HIGH_V_HIGH,100,5.53009748459,30.0040378514,31.7994344417,0,0,5.53009748459,
G0_D045_DENS_HIGH_V_HIGH_S100,G0_D045_DENS_HIGH_V_HIGH,100,5.5400261879,27.4902678044,33.8669426164,0,0,5.5400261879,
G0_D045_DENS_HIGH_V_HIGH_S100,G0_D045_DENS_HIGH_V_HIGH,100,5.55009031296,28.2642784498,31.3142479629,0,0,5.55009031296,
G0_D045_DENS_HIGH_V_HIGH_S100,G0_D045_DENS_HIGH_V_HIGH,100,5.56001901627,36.5905380683,43.7742299597,0,0,5.56001901627,
G0_D045_DENS_HIGH_V_HIGH_S100,G0_D045_DENS_HIGH_V_HIGH,100,5.57008361816,34.1880413963,38.9605094489,0,0,5.57008361816,
G0_D045_DENS_HIGH_V_HIGH_S100,G0_D045_DENS_HIGH_V_HIGH,100,5.58001184464,31.4309153363,35.8214213498,0,0,5.58001184464,
G0_D045_DENS_HIGH_V_HIGH_S100,G0_D045_DENS_HIGH_V_HIGH,100,5.59007644653,33.8933499318,34.7710081748,0,0,5.59007644653,
G0_D045_DENS_HIGH_V_HIGH_S100,G0_D045_DENS_HIGH_V_HIGH,100,5.60000514984,37.4963274102,44.051257555,0,0,5.60000514984,
G0_D045_DENS_HIGH_V_HIGH_S100,G0_D045_DENS_HIGH_V_HIGH,100,5.61006975174,34.1735135956,35.100079877,0,0,5.61006975174,
G0_D045_DENS_HIGH_V_HIGH_S100,G0_D045_DENS_HIGH_V_HIGH,100,5.6201338768,36.113383321,35.3092735062,0,0,5.6201338768,
G0_D045_DENS_HIGH_V_HIGH_S100,G0_D045_DENS_HIGH_V_HIGH,100,5.63006258011,32.5219740492,37.6101895479,0,0,5.63006258011,
G0_D045_DENS_HIGH_V_HIGH_S100,G0_D045_DENS_HIGH_V_HIGH,100,5.64012718201,33.4219639371,38.1529722551,0,0,5.64012718201,
G0_D045_DENS_HIGH_V_HIGH_S100,G0_D045_DENS_HIGH_V_HIGH,100,5.65005540848,28.9274148357,35.0727942348,0,0,5.65005540848,
G0_D045_DENS_HIGH_V_HIGH_S100,G0_D045_DENS_HIGH_V_HIGH,100,5.66012001038,32.9550603155,41.8636525943,0,0,5.66012001038,
G0_D045_DENS_HIGH_V_HIGH_S100,G0_D045_DENS_HIGH_V_HIGH,100,5.67004871368,34.4765527124,38.0702921039,0,0,5.67004871368,
G0_D045_DENS_HIGH_V_HIGH_S100,G0_D045_DENS_HIGH_V_HIGH,100,5.68011283875,31.6746366935,35.8892353802,0,0,5.68011283875,
G0_D045_DENS_HIGH_V_HIGH_S100,G0_D045_DENS_HIGH_V_HIGH,100,5.69004154205,31.0099959496,40.3006777803,0,0,5.69004154205,
G0_D045_DENS_HIGH_V_HIGH_S100,G0_D045_DENS_HIGH_V_HIGH,100,5.70010614395,25.9970941806,28.4624413988,0,0,5.70010614395,
G0_D045_DENS_HIGH_V_HIGH_S100,G0_D045_DENS_HIGH_V_HIGH,100,5.71003437042,28.9519727136,31.8216119213,0,0,5.71003437042,
G0_D045_DENS_HIGH_V_HIGH_S100,G0_D045_DENS_HIGH_V_HIGH,100,5.72009897232,36.7453395834,33.6664809515,0,0,5.72009897232,
G0_D045_DENS_HIGH_V_HIGH_S100,G0_D045_DENS_HIGH_V_HIGH,100,5.73002767563,37.1829788355,31.2186991771,0,0,5.73002767563,
G0_D045_DENS_HIGH_V_HIGH_S100,G0_D045_DENS_HIGH_V_HIGH,100,5.74009227753,36.4498928697,33.505480339,0,0,5.74009227753,
G0_D045_DENS_HIGH_V_HIGH_S100,G0_D045_DENS_HIGH_V_HIGH,100,5.750020504,40.0874583031,34.8520549121,0,0,5.750020504,
G0_D045_DENS_HIGH_V_HIGH_S100,G0_D045_DENS_HIGH_V_HIGH,100,5.7600851059,34.9239856424,31.9524045629,0,0,5.7600851059,
G0_D045_DENS_HIGH_V_HIGH_S100,G0_D045_DENS_HIGH_V_HIGH,100,5.77001333237,27.5949097234,31.5104282107,0,0,5.77001333237,
G0_D045_DENS_HIGH_V_HIGH_S100,G0_D045_DENS_HIGH_V_HIGH,100,5.78007793427,34.1042701429,38.766385724,0,0,5.78007793427,
G0_D045_DENS_HIGH_V_HIGH_S100,G0_D045_DENS_HIGH_V_HIGH,100,5.79000663757,37.1861871093,35.8062039658,0,0,5.79000663757,
G0_D045_DENS_HIGH_V_HIGH_S100,G0_D045_DENS_HIGH_V_HIGH,100,5.80007076263,30.5891348951,35.6730990669,0,0,5.80007076263,
G0_D045_DENS_HIGH_V_HIGH_S100,G0_D045_DENS_HIGH_V_HIGH,100,5.81013536453,31.7373193029,35.4720079262,0,0,5.81013536453,
G0_D045_DENS_HIGH_V_HIGH_S100,G0_D045_DENS_HIGH_V_HIGH,100,5.82006406784,32.6733861534,39.1165263488,0,0,5.82006406784,
G0_D045_DENS_HIGH_V_HIGH_S100,G0_D045_DENS_HIGH_V_HIGH,100,5.83012866974,31.0689330144,36.1353455704,0,0,5.83012866974,
G0_D045_DENS_HIGH_V_HIGH_S100,G0_D045_DENS_HIGH_V_HIGH,100,5.84005689621,32.7685076349,30.1349270346,0,0,5.84005689621,
G0_D045_DENS_HIGH_V_HIGH_S100,G0_D045_DENS_HIGH_V_HIGH,100,5.85012149811,27.4921682078,29.2133715498,0,0,5.85012149811,
G0_D045_DENS_HIGH_V_HIGH_S100,G0_D045_DENS_HIGH_V_HIGH,100,5.86004972458,32.0034832264,32.1007659946,0,0,5.86004972458,
G0_D045_DENS_HIGH_V_HIGH_S100,G0_D045_DENS_HIGH_V_HIGH,100,5.87011432648,30.2762468382,33.3082753916,0,0,5.87011432648,
G0_D045_DENS_HIGH_V_HIGH_S100,G0_D045_DENS_HIGH_V_HIGH,100,5.88004302979,36.5095207112,35.9922258221,0,0,5.88004302979,
G0_D045_DENS_HIGH_V_HIGH_S100,G0_D045_DENS_HIGH_V_HIGH,100,5.89010763168,36.677526806,36.9476337337,0,0,5.89010763168,
G0_D045_DENS_HIGH_V_HIGH_S100,G0_D045_DENS_HIGH_V_HIGH,100,5.90003585815,32.2557579337,33.9236125452,0,0,5.90003585815,
G0_D045_DENS_HIGH_V_HIGH_S100,G0_D045_DENS_HIGH_V_HIGH,100,5.91010046005,35.6939191705,37.4596535049,0,0,5.91010046005,
G0_D045_DENS_HIGH_V_HIGH_S100,G0_D045_DENS_HIGH_V_HIGH,100,5.92002868652,36.5362184617,43.1269755793,0,0,5.92002868652,
G0_D045_DENS_HIGH_V_HIGH_S100,G0_D045_DENS_HIGH_V_HIGH,100,5.93009328842,34.2326962699,43.0493390771,0,0,5.93009328842,
G0_D045_DENS_HIGH_V_HIGH_S100,G0_D045_DENS_HIGH_V_HIGH,100,5.94002199173,38.7725296193,39.2922072329,0,0,5.94002199173,
G0_D045_DENS_HIGH_V_HIGH_S100,G0_D045_DENS_HIGH_V_HIGH,100,5.95008611679,36.5929603918,38.0946822966,0,0,5.95008611679,
G0_D045_DENS_HIGH_V_HIGH_S100,G0_D045_DENS_HIGH_V_HIGH,100,5.9600148201,34.7148768012,34.4534036596,0,0,5.9600148201,
G0_D045_DENS_HIGH_V_HIGH_S100,G0_D045_DENS_HIGH_V_HIGH,100,5.970079422,33.6966505095,38.5664187135,0,0,5.970079422,
G0_D045_DENS_HIGH_V_HIGH_S100,G0_D045_DENS_HIGH_V_HIGH,100,5.98000764847,30.7076076979,31.9394346468,0,0,5.98000764847,
G0_D045_DENS_HIGH_V_HIGH_S100,G0_D045_DENS_HIGH_V_HIGH,100,5.99007225037,33.4252673846,32.3853909722,0,0,5.99007225037,
G0_D045_DENS_HIGH_V_HIGH_S100,G0_D045_DENS_HIGH_V_HIGH,100,6.00000047684,34.5114108378,33.036466823,0,0,6.00000047684,
G0_D045_DENS_HIGH_V_HIGH_S100,G0_D045_DENS_HIGH_V_HIGH,100,6.01006507874,31.0892449184,38.1292089543,0,0,6.01006507874,
G0_D045_DENS_HIGH_V_HIGH_S100,G0_D045_DENS_HIGH_V_HIGH,100,6.02012968063,33.0484594605,39.4119506532,0,0,6.02012968063,
G0_D045_DENS_HIGH_V_HIGH_S100,G0_D045_DENS_HIGH_V_HIGH,100,6.0300579071,34.7589237914,40.2792600536,0,0,6.0300579071,
G0_D045_DENS_HIGH_V_HIGH_S100,G0_D045_DENS_HIGH_V_HIGH,100,6.040122509,31.9469807655,42.6294228117,0,0,6.040122509,
G0_D045_DENS_HIGH_V_HIGH_S100,G0_D045_DENS_HIGH_V_HIGH,100,6.05005121231,33.5019835057,40.1172679623,0,0,6.05005121231,
G0_D045_DENS_HIGH_V_HIGH_S100,G0_D045_DENS_HIGH_V_HIGH,100,6.06011533737,38.5652904802,45.245761884,0,0,6.06011533737,
G0_D045_DENS_HIGH_V_HIGH_S100,G0_D045_DENS_HIGH_V_HIGH,100,6.07004404068,34.295369669,40.406905361,0,0,6.07004404068,
G0_D045_DENS_HIGH_V_HIGH_S100,G0_D045_DENS_HIGH_V_HIGH,100,6.08010864258,35.8060337579,37.8354759282,0,0,6.08010864258,
G0_D045_DENS_HIGH_V_HIGH_S100,G0_D045_DENS_HIGH_V_HIGH,100,6.09003686905,40.1744378304,41.0838882469,0,0,6.09003686905,
G0_D045_DENS_HIGH_V_HIGH_S100,G0_D045_DENS_HIGH_V_HIGH,100,6.10010147095,35.2792843163,34.4077209753,0,0,6.10010147095,
G0_D045_DENS_HIGH_V_HIGH_S100,G0_D045_DENS_HIGH_V_HIGH,100,6.11002969742,35.7568351089,34.7448196872,0,0,6.11002969742,
G0_D045_DENS_HIGH_V_HIGH_S100,G0_D045_DENS_HIGH_V_HIGH,100,6.12009429932,38.4102494959,35.478732474,0,0,6.12009429932,
G0_D045_DENS_HIGH_V_HIGH_S100,G0_D045_DENS_HIGH_V_HIGH,100,6.13002300262,29.3905729128,33.2899540284,0,0,6.13002300262,
G0_D045_DENS_HIGH_V_HIGH_S100,G0_D045_DENS_HIGH_V_HIGH,100,6.14008712769,32.4742889686,35.4625144169,0,0,6.14008712769,
G0_D045_DENS_HIGH_V_HIGH_S100,G0_D045_DENS_HIGH_V_HIGH,100,6.15001583099,38.9267693026,35.7220682821,0,0,6.15001583099,
G0_D045_DENS_HIGH_V_HIGH_S100,G0_D045_DENS_HIGH_V_HIGH,100,6.16007995605,28.100389384,32.1427154134,0,0,6.16007995605,
G0_D045_DENS_HIGH_V_HIGH_S100,G0_D045_DENS_HIGH_V_HIGH,100,6.17000865936,37.5648463149,38.2115463788,0,0,6.17000865936,
G0_D045_DENS_HIGH_V_HIGH_S100,G0_D045_DENS_HIGH_V_HIGH,100,6.18007326126,33.5821842114,37.5449746189,0,0,6.18007326126,
G0_D045_DENS_HIGH_V_HIGH_S100,G0_D045_DENS_HIGH_V_HIGH,100,6.19000148773,38.5331494096,38.8244638771,0,0,6.19000148773,
G0_D045_DENS_HIGH_V_HIGH_S100,G0_D045_DENS_HIGH_V_HIGH,100,6.20006608963,36.1632758168,34.6326867375,0,0,6.20006608963,
G0_D045_DENS_HIGH_V_HIGH_S100,G0_D045_DENS_HIGH_V_HIGH,100,6.21013069153,35.7346473625,33.3278856039,0,0,6.21013069153,
G0_D045_DENS_HIGH_V_HIGH_S100,G0_D045_DENS_HIGH_V_HIGH,100,6.220058918,38.812137218,30.6117013469,0,0,6.220058918,
G0_D045_DENS_HIGH_V_HIGH_S100,G0_D045_DENS_HIGH_V_HIGH,100,6.2301235199,36.0928503685,33.3592152774,0,0,6.2301235199,
G0_D045_DENS_HIGH_V_HIGH_S100,G0_D045_DENS_HIGH_V_HIGH,100,6.24005174637,34.370295911,35.264247111,0,0,6.24005174637,
G0_D045_DENS_HIGH_V_HIGH_S100,G0_D045_DENS_HIGH_V_HIGH,100,6.25011634827,39.0721762551,35.3975625234,0,0,6.25011634827,
G0_D045_DENS_HIGH_V_HIGH_S100,G0_D045_DENS_HIGH_V_HIGH,100,6.26004505157,33.5909002778,35.9371662074,0,0,6.26004505157,
G0_D045_DENS_HIGH_V_HIGH_S100,G0_D045_DENS_HIGH_V_HIGH,100,6.27010917664,35.5360106955,35.6661880028,0,0,6.27010917664,
G0_D045_DENS_HIGH_V_HIGH_S100,G0_D045_DENS_HIGH_V_HIGH,100,6.28003787994,36.0354667836,41.6294512254,0,0,6.28003787994,
G0_D045_DENS_HIGH_V_HIGH_S100,G0_D045_DENS_HIGH_V_HIGH,100,6.290102005,35.2031300269,37.7326651877,0,0,6.290102005,
G0_D045_DENS_HIGH_V_HIGH_S100,G0_D045_DENS_HIGH_V_HIGH,100,6.30003070831,35.8249825293,35.9081742387,0,0,6.30003070831,
G0_D045_DENS_HIGH_V_HIGH_S100,G0_D045_DENS_HIGH_V_HIGH,100,6.31009531021,33.1392643554,37.2937988716,0,0,6.31009531021,
G0_D045_DENS_HIGH_V_HIGH_S100,G0_D045_DENS_HIGH_V_HIGH,100,6.32002353668,34.1828007041,32.5694313595,0,0,6.32002353668,
G0_D045_DENS_HIGH_V_HIGH_S100,G0_D045_DENS_HIGH_V_HIGH,100,6.33008813858,32.3879725869,25.9355863096,0,0,6.33008813858,
G0_D045_DENS_HIGH_V_HIGH_S100,G0_D045_DENS_HIGH_V_HIGH,100,6.34001636505,32.0382277574,29.4088211939,0,0,6.34001636505,
G0_D045_DENS_HIGH_V_HIGH_S100,G0_D045_DENS_HIGH_V_HIGH,100,6.35008096695,34.9304728028,34.4795449014,0,0,6.35008096695,
G0_D045_DENS_HIGH_V_HIGH_S100,G0_D045_DENS_HIGH_V_HIGH,100,6.36000967026,42.701670347,40.1670948632,0,0,6.36000967026,
G0_D045_DENS_HIGH_V_HIGH_S100,G0_D045_DENS_HIGH_V_HIGH,100,6.37007379532,32.8093801225,35.2710361486,0,0,6.37007379532,
G0_D045_DENS_HIGH_V_HIGH_S100,G0_D045_DENS_HIGH_V_HIGH,100,6.38000249863,34.8418323415,34.3171864945,0,0,6.38000249863,
G0_D045_DENS_HIGH_V_HIGH_S100,G0_D045_DENS_HIGH_V_HIGH,100,6.39006662369,31.2414061316,36.6474684046,0,0,6.39006662369,
G0_D045_DENS_HIGH_V_HIGH_S100,G0_D045_DENS_HIGH_V_HIGH,100,6.40013122559,33.1693637972,38.0920103312,0,0,6.40013122559,
G0_D045_DENS_HIGH_V_HIGH_S100,G0_D045_DENS_HIGH_V_HIGH,100,6.41005945206,29.3783446308,35.4838395687,0,0,6.41005945206,
G0_D045_DENS_HIGH_V_HIGH_S100,G0_D045_DENS_HIGH_V_HIGH,100,6.42012405396,34.3998488717,32.3932185632,0,0,6.42012405396,
G0_D045_DENS_HIGH_V_HIGH_S100,G0_D045_DENS_HIGH_V_HIGH,100,6.43005275726,31.4499838423,40.3443765648,0,0,6.43005275726,
G0_D045_DENS_HIGH_V_HIGH_S100,G0_D045_DENS_HIGH_V_HIGH,100,6.44011688232,42.4540468691,37.4561148921,0,0,6.44011688232,
G0_D045_DENS_HIGH_V_HIGH_S100,G0_D045_DENS_HIGH_V_HIGH,100,6.45004558563,35.0230829274,34.8228630404,0,0,6.45004558563,
G0_D045_DENS_HIGH_V_HIGH_S100,G0_D045_DENS_HIGH_V_HIGH,100,6.46011018753,32.4787437105,33.8905182838,0,0,6.46011018753,
G0_D045_DENS_HIGH_V_HIGH_S100,G0_D045_DENS_HIGH_V_HIGH,100,6.470038414,37.1847963456,40.0497312777,0,0,6.470038414,
G0_D045_DENS_HIGH_V_HIGH_S100,G0_D045_DENS_HIGH_V_HIGH,100,6.4801030159,35.8246141151,39.4101575409,0,0,6.4801030159,
G0_D045_DENS_HIGH_V_HIGH_S100,G0_D045_DENS_HIGH_V_HIGH,100,6.49003124237,42.1656430073,40.2031080206,0,0,6.49003124237,
G0_D045_DENS_HIGH_V_HIGH_S100,G0_D045_DENS_HIGH_V_HIGH,100,6.50009584427,33.4238950417,38.1271413136,0,0,6.50009584427,
G0_D045_DENS_HIGH_V_HIGH_S100,G0_D045_DENS_HIGH_V_HIGH,100,6.51002407074,35.8474189553,41.3399123823,0,0,6.51002407074,
G0_D045_DENS_HIGH_V_HIGH_S100,G0_D045_DENS_HIGH_V_HIGH,100,6.52008867264,31.3405034165,48.031537226,0,0,6.52008867264,
G0_D045_DENS_HIGH_V_HIGH_S100,G0_D045_DENS_HIGH_V_HIGH,100,6.53001689911,37.6577910824,49.4581190745,0,0,6.53001689911,
G0_D045_DENS_HIGH_V_HIGH_S100,G0_D045_DENS_HIGH_V_HIGH,100,6.54008150101,39.2526623815,46.7802332618,0,0,6.54008150101,
G0_D045_DENS_HIGH_V_HIGH_S100,G0_D045_DENS_HIGH_V_HIGH,100,6.55000972748,35.2801838611,37.5446610466,0,0,6.55000972748,
G0_D045_DENS_HIGH_V_HIGH_S100,G0_D045_DENS_HIGH_V_HIGH,100,6.56007432938,39.3340021011,41.1056553505,0,0,6.56007432938,
G0_D045_DENS_HIGH_V_HIGH_S100,G0_D045_DENS_HIGH_V_HIGH,100,6.57000303268,42.3636073183,34.2572627486,0,0,6.57000303268,
G0_D045_DENS_HIGH_V_HIGH_S100,G0_D045_DENS_HIGH_V_HIGH,100,6.58006715775,34.6622549701,31.7009941884,0,0,6.58006715775,
G0_D045_DENS_HIGH_V_HIGH_S100,G0_D045_DENS_HIGH_V_HIGH,100,6.59013175964,35.8587630432,37.4752899458,0,0,6.59013175964,
G0_D045_DENS_HIGH_V_HIGH_S100,G0_D045_DENS_HIGH_V_HIGH,100,6.60005998611,40.0514642338,39.0713008458,0,0,6.60005998611,
G0_D045_DENS_HIGH_V_HIGH_S100,G0_D045_DENS_HIGH_V_HIGH,100,6.61012458801,36.1377477815,34.6999165895,0,0,6.61012458801,
G0_D045_DENS_HIGH_V_HIGH_S100,G0_D045_DENS_HIGH_V_HIGH,100,6.62005281448,32.8437869406,45.5897253821,0,0,6.62005281448,
G0_D045_DENS_HIGH_V_HIGH_S100,G0_D045_DENS_HIGH_V_HIGH,100,6.63011741638,34.7178026242,42.9471876819,0,0,6.63011741638,
G0_D045_DENS_HIGH_V_HIGH_S100,G0_D045_DENS_HIGH_V_HIGH,100,6.64004564285,35.1030073224,41.5589911815,0,0,6.64004564285,
G0_D045_DENS_HIGH_V_HIGH_S100,G0_D045_DENS_HIGH_V_HIGH,100,6.65011024475,36.6378547347,62.308320473,0,0,6.65011024475,
G0_D045_DENS_HIGH_V_HIGH_S100,G0_D045_DENS_HIGH_V_HIGH,100,6.66003894806,35.3273623721,49.3109910398,0,0,6.66003894806,
G0_D045_DENS_HIGH_V_HIGH_S100,G0_D045_DENS_HIGH_V_HIGH,100,6.67010307312,42.0084836412,48.4525640195,0,0,6.67010307312,
G0_D045_DENS_HIGH_V_HIGH_S100,G0_D045_DENS_HIGH_V_HIGH,100,6.68003177643,30.5251014335,36.9859409894,0,0,6.68003177643,
G0_D045_DENS_HIGH_V_HIGH_S100,G0_D045_DENS_HIGH_V_HIGH,100,6.69009590149,40.0050962341,42.225631819,0,0,6.69009590149,
G0_D045_DENS_HIGH_V_HIGH_S100,G0_D045_DENS_HIGH_V_HIGH,100,6.7000246048,41.5489851454,46.5380908007,0,0,6.7000246048,
G0_D045_DENS_HIGH_V_HIGH_S100,G0_D045_DENS_HIGH_V_HIGH,100,6.7100892067,35.5361549911,42.5102366665,0,0,6.7100892067,
G0_D045_DENS_HIGH_V_HIGH_S100,G0_D045_DENS_HIGH_V_HIGH,100,6.72001743317,36.3789516415,37.2286023787,0,0,6.72001743317,
G0_D045_DENS_HIGH_V_HIGH_S100,G0_D045_DENS_HIGH_V_HIGH,100,6.73008203506,30.9648222259,34.1439756388,0,0,6.73008203506,
G0_D045_DENS_HIGH_V_HIGH_S100,G0_D045_DENS_HIGH_V_HIGH,100,6.74001026154,34.5885076536,37.2795115767,0,0,6.74001026154,
G0_D045_DENS_HIGH_V_HIGH_S100,G0_D045_DENS_HIGH_V_HIGH,100,6.75007486343,36.0025766041,35.9104708157,0,0,6.75007486343,
G0_D045_DENS_HIGH_V_HIGH_S100,G0_D045_DENS_HIGH_V_HIGH,100,6.7600030899,33.7691605683,36.6087354426,0,0,6.7600030899,
G0_D045_DENS_HIGH_V_HIGH_S100,G0_D045_DENS_HIGH_V_HIGH,100,6.7700676918,39.4983301938,43.1693153545,0,0,6.7700676918,
G0_D045_DENS_HIGH_V_HIGH_S100,G0_D045_DENS_HIGH_V_HIGH,100,6.78013181686,33.04274597,38.3613559342,0,0,6.78013181686,
G0_D045_DENS_HIGH_V_HIGH_S100,G0_D045_DENS_HIGH_V_HIGH,100,6.79006052017,34.1134006753,26.2056180607,0,0,6.79006052017,
G0_D045_DENS_HIGH_V_HIGH_S100,G0_D045_DENS_HIGH_V_HIGH,100,6.80012464523,23.6725017656,27.8370781555,0,0,6.80012464523,
G0_D045_DENS_HIGH_V_HIGH_S100,G0_D045_DENS_HIGH_V_HIGH,100,6.81005334854,42.0217097117,37.5064666997,0,0,6.81005334854,
G0_D045_DENS_HIGH_V_HIGH_S100,G0_D045_DENS_HIGH_V_HIGH,100,6.82011795044,36.7088113135,34.6782815143,0,0,6.82011795044,
G0_D045_DENS_HIGH_V_HIGH_S100,G0_D045_DENS_HIGH_V_HIGH,100,6.83004617691,31.6517980819,36.2071730259,0,0,6.83004617691,
G0_D045_DENS_HIGH_V_HIGH_S100,G0_D045_DENS_HIGH_V_HIGH,100,6.84011077881,40.5565294284,33.1721688988,0,0,6.84011077881,
G0_D045_DENS_HIGH_V_HIGH_S100,G0_D045_DENS_HIGH_V_HIGH,100,6.85003900528,33.4100488072,32.2302359835,0,0,6.85003900528,
G0_D045_DENS_HIGH_V_HIGH_S100,G0_D045_DENS_HIGH_V_HIGH,100,6.86010360718,35.2211915341,34.0651057958,0,0,6.86010360718,
G0_D045_DENS_HIGH_V_HIGH_S100,G0_D045_DENS_HIGH_V_HIGH,100,6.87003183365,33.6496469953,36.5548052923,0,0,6.87003183365,
G0_D045_DENS_HIGH_V_HIGH_S100,G0_D045_DENS_HIGH_V_HIGH,100,6.88006591797,33.6131156552,34.8199652843,0,0,6.88006591797,
G0_D045_DENS_HIGH_V_HIGH_S100,G0_D045_DENS_HIGH_V_HIGH,100,6.89013004303,40.5212261358,35.8828863695,0,0,6.89013004303,
G0_D045_DENS_HIGH_V_HIGH_S100,G0_D045_DENS_HIGH_V_HIGH,100,6.90005874634,35.990240868,31.0096326731,0,0,6.90005874634,
G0_D045_DENS_HIGH_V_HIGH_S100,G0_D045_DENS_HIGH_V_HIGH,100,6.91012334824,39.543596021,36.996006207,0,0,6.91012334824,
G0_D045_DENS_HIGH_V_HIGH_S100,G0_D045_DENS_HIGH_V_HIGH,100,6.92005157471,35.4073543096,31.2380329895,0,0,6.92005157471,
G0_D045_DENS_HIGH_V_HIGH_S100,G0_D045_DENS_HIGH_V_HIGH,100,6.93011617661,40.9001923532,36.6085558242,0,0,6.93011617661,
G0_D045_DENS_HIGH_V_HIGH_S100,G0_D045_DENS_HIGH_V_HIGH,100,6.94004440308,29.3420097783,27.7822201045,0,0,6.94004440308,
G0_D045_DENS_HIGH_V_HIGH_S100,G0_D045_DENS_HIGH_V_HIGH,100,6.95010900497,30.0051062526,27.5993809613,0,0,6.95010900497,
G0_D045_DENS_HIGH_V_HIGH_S100,G0_D045_DENS_HIGH_V_HIGH,100,6.96003723145,41.2784125318,34.487234299,0,0,6.96003723145,
G0_D045_DENS_HIGH_V_HIGH_S100,G0_D045_DENS_HIGH_V_HIGH,100,6.97010183334,39.1550326132,42.6274422975,0,0,6.97010183334,
G0_D045_DENS_HIGH_V_HIGH_S100,G0_D045_DENS_HIGH_V_HIGH,100,6.98003005981,31.8166880064,25.9777296346,0,0,6.98003005981,
G0_D045_DENS_HIGH_V_HIGH_S100,G0_D045_DENS_HIGH_V_HIGH,100,6.99009466171,38.3070904442,29.0171340787,0,0,6.99009466171,
G0_D045_DENS_HIGH_V_HIGH_S100,G0_D045_DENS_HIGH_V_HIGH,100,7.00010967255,30.7626979043,28.0971657527,0,0,7.00010967255,
G0_D045_DENS_HIGH_V_HIGH_S100,G0_D045_DENS_HIGH_V_HIGH,100,7.01003074646,39.0187347023,30.1437637424,0,0,7.01003074646,
G0_D045_DENS_HIGH_V_HIGH_S100,G0_D045_DENS_HIGH_V_HIGH,100,7.02009487152,32.9922793621,32.3244361746,0,0,7.02009487152,
G0_D045_DENS_HIGH_V_HIGH_S100,G0_D045_DENS_HIGH_V_HIGH,100,7.03002357483,35.3458291348,56.4577709492,0,0,7.03002357483,
G0_D045_DENS_HIGH_V_HIGH_S100,G0_D045_DENS_HIGH_V_HIGH,100,7.04008769989,33.3452293953,30.3820844692,0,0,7.04008769989,
G0_D045_DENS_HIGH_V_HIGH_S100,G0_D045_DENS_HIGH_V_HIGH,100,7.0500164032,34.921876471,31.3554433088,0,0,7.0500164032,
G0_D045_DENS_HIGH_V_HIGH_S100,G0_D045_DENS_HIGH_V_HIGH,100,7.06008052826,36.5842289748,34.7383805426,0,0,7.06008052826,
G0_D045_DENS_HIGH_V_HIGH_S100,G0_D045_DENS_HIGH_V_HIGH,100,7.07000923157,37.513550775,31.8956547665,0,0,7.07000923157,
G0_D045_DENS_HIGH_V_HIGH_S100,G0_D045_DENS_HIGH_V_HIGH,100,7.08007335663,34.2263472649,34.7039142102,0,0,7.08007335663,
G0_D045_DENS_HIGH_V_HIGH_S100,G0_D045_DENS_HIGH_V_HIGH,100,7.09000205994,37.8760396664,31.9675654357,0,0,7.09000205994,
G0_D045_DENS_HIGH_V_HIGH_S100,G0_D045_DENS_HIGH_V_HIGH,100,7.100066185,39.444885571,41.2036046908,0,0,7.100066185,
G0_D045_DENS_HIGH_V_HIGH_S100,G0_D045_DENS_HIGH_V_HIGH,100,7.1101307869,33.7605949377,30.1224606842,0,0,7.1101307869,
G0_D045_DENS_HIGH_V_HIGH_S100,G0_D045_DENS_HIGH_V_HIGH,100,7.12005901337,35.0147137844,33.085432707,0,0,7.12005901337,
G0_D045_DENS_HIGH_V_HIGH_S100,G0_D045_DENS_HIGH_V_HIGH,100,7.13012361526,34.0475251427,33.5971340554,0,0,7.13012361526,
G0_D045_DENS_HIGH_V_HIGH_S100,G0_D045_DENS_HIGH_V_HIGH,100,7.14005231857,34.0750548953,31.0824394304,0,0,7.14005231857,
G0_D045_DENS_HIGH_V_HIGH_S100,G0_D045_DENS_HIGH_V_HIGH,100,7.15011644363,38.2746024502,42.046745776,0,0,7.15011644363,
G0_D045_DENS_HIGH_V_HIGH_S100,G0_D045_DENS_HIGH_V_HIGH,100,7.16004514694,36.4423680093,31.7685285598,0,0,7.16004514694,
G0_D045_DENS_HIGH_V_HIGH_S100,G0_D045_DENS_HIGH_V_HIGH,100,7.170109272,31.3227458511,29.3386688518,0,0,7.170109272,
G0_D045_DENS_HIGH_V_HIGH_S100,G0_D045_DENS_HIGH_V_HIGH,100,7.18003797531,31.0858370869,30.5349089329,0,0,7.18003797531,
G0_D045_DENS_HIGH_V_HIGH_S100,G0_D045_DENS_HIGH_V_HIGH,100,7.19010210037,41.8348315986,35.5131801971,0,0,7.19010210037,
G0_D045_DENS_HIGH_V_HIGH_S100,G0_D045_DENS_HIGH_V_HIGH,100,7.20003080368,37.0619609044,28.0981289877,0,0,7.20003080368,
G0_D045_DENS_HIGH_V_HIGH_S100,G0_D045_DENS_HIGH_V_HIGH,100,7.21009492874,39.5465955268,40.9203677394,0,0,7.21009492874,
G0_D045_DENS_HIGH_V_HIGH_S100,G0_D045_DENS_HIGH_V_HIGH,100,7.22002363205,42.6436512475,43.496055497,0,0,7.22002363205,
G0_D045_DENS_HIGH_V_HIGH_S100,G0_D045_DENS_HIGH_V_HIGH,100,7.23008775711,39.2892858251,65.2318496437,0,0,7.23008775711,
G0_D045_DENS_HIGH_V_HIGH_S100,G0_D045_DENS_HIGH_V_HIGH,100,7.24001598358,34.037974004,34.1043837162,0,0,7.24001598358,
G0_D045_DENS_HIGH_V_HIGH_S100,G0_D045_DENS_HIGH_V_HIGH,100,7.25008058548,37.5007514509,35.0483409547,0,0,7.25008058548,
G0_D045_DENS_HIGH_V_HIGH_S100,G0_D045_DENS_HIGH_V_HIGH,100,7.26000881195,36.2695786699,31.7174839882,0,0,7.26000881195,
G0_D045_DENS_HIGH_V_HIGH_S100,G0_D045_DENS_HIGH_V_HIGH,100,7.27007341385,33.651298719,40.5577921478,0,0,7.27007341385,
G0_D045_DENS_HIGH_V_HIGH_S100,G0_D045_DENS_HIGH_V_HIGH,100,7.28000164032,37.1314223355,32.8205395492,0,0,7.28000164032,
G0_D045_DENS_HIGH_V_HIGH_S100,G0_D045_DENS_HIGH_V_HIGH,100,7.29006624222,30.8142022123,29.4342538144,0,0,7.29006624222,
G0_D045_DENS_HIGH_V_HIGH_S100,G0_D045_DENS_HIGH_V_HIGH,100,7.30013036728,33.9353092413,29.5406517554,0,0,7.30013036728,
G0_D045_DENS_HIGH_V_HIGH_S100,G0_D045_DENS_HIGH_V_HIGH,100,7.31005907059,42.7319754867,35.6402529984,0,0,7.31005907059,
G0_D045_DENS_HIGH_V_HIGH_S100,G0_D045_DENS_HIGH_V_HIGH,100,7.32012319565,42.3468506116,39.3455890221,0,0,7.32012319565,
G0_D045_DENS_HIGH_V_HIGH_S100,G0_D045_DENS_HIGH_V_HIGH,100,7.33005189896,38.4936554052,36.0223313707,0,0,7.33005189896,
G0_D045_DENS_HIGH_V_HIGH_S100,G0_D045_DENS_HIGH_V_HIGH,100,7.34011602402,41.533404294,34.2219312982,0,0,7.34011602402,
G0_D045_DENS_HIGH_V_HIGH_S100,G0_D045_DENS_HIGH_V_HIGH,100,7.35004472733,36.6304588192,41.2089591282,0,0,7.35004472733,
G0_D045_DENS_HIGH_V_HIGH_S100,G0_D045_DENS_HIGH_V_HIGH,100,7.36010885239,38.6382088647,38.7590836348,0,0,7.36010885239,
G0_D045_DENS_HIGH_V_HIGH_S100,G0_D045_DENS_HIGH_V_HIGH,100,7.37003755569,34.2724942161,39.9008100171,0,0,7.37003755569,
G0_D045_DENS_HIGH_V_HIGH_S100,G0_D045_DENS_HIGH_V_HIGH,100,7.38010168076,34.1243026661,36.9883927399,0,0,7.38010168076,
G0_D045_DENS_HIGH_V_HIGH_S100,G0_D045_DENS_HIGH_V_HIGH,100,7.39003038406,37.3799760592,43.2577681311,0,0,7.39003038406,
G0_D045_DENS_HIGH_V_HIGH_S100,G0_D045_DENS_HIGH_V_HIGH,100,7.40009450912,38.9244268022,31.2511743139,0,0,7.40009450912,
G0_D045_DENS_HIGH_V_HIGH_S100,G0_D045_DENS_HIGH_V_HIGH,100,7.41002321243,51.7707205758,40.8170937237,0,0,7.41002321243,
G0_D045_DENS_HIGH_V_HIGH_S100,G0_D045_DENS_HIGH_V_HIGH,100,7.42008733749,36.4910201771,42.4365548326,0,0,7.42008733749,
G0_D045_DENS_HIGH_V_HIGH_S100,G0_D045_DENS_HIGH_V_HIGH,100,7.4300160408,36.0232262211,41.948446652,0,0,7.4300160408,
G0_D045_DENS_HIGH_V_HIGH_S100,G0_D045_DENS_HIGH_V_HIGH,100,7.44008016586,36.2073135966,40.5952489876,0,0,7.44008016586,
G0_D045_DENS_HIGH_V_HIGH_S100,G0_D045_DENS_HIGH_V_HIGH,100,7.45000839233,34.8710629397,37.8941048008,0,0,7.45000839233,
G0_D045_DENS_HIGH_V_HIGH_S100,G0_D045_DENS_HIGH_V_HIGH,100,7.46007299423,38.3734971073,41.4636949617,0,0,7.46007299423,
G0_D045_DENS_HIGH_V_HIGH_S100,G0_D045_DENS_HIGH_V_HIGH,100,7.4700012207,39.5739410723,50.1292820165,0,0,7.4700012207,
G0_D045_DENS_HIGH_V_HIGH_S100,G0_D045_DENS_HIGH_V_HIGH,100,7.4800658226,35.4655852472,49.7333580261,0,0,7.4800658226,
G0_D045_DENS_HIGH_V_HIGH_S100,G0_D045_DENS_HIGH_V_HIGH,100,7.49012994766,34.8862600263,48.56641719,0,0,7.49012994766,
G0_D045_DENS_HIGH_V_HIGH_S100,G0_D045_DENS_HIGH_V_HIGH,100,7.50005865097,41.9235334623,51.6092593357,0,0,7.50005865097,
G0_D045_DENS_HIGH_V_HIGH_S100,G0_D045_DENS_HIGH_V_HIGH,100,7.51012277603,45.3683292252,58.4417856105,0,0,7.51012277603,
G0_D045_DENS_HIGH_V_HIGH_S100,G0_D045_DENS_HIGH_V_HIGH,100,7.52005147934,41.8663310144,40.4797979588,0,0,7.52005147934,
G0_D045_DENS_HIGH_V_HIGH_S100,G0_D045_DENS_HIGH_V_HIGH,100,7.5301156044,31.5558077569,51.700548421,0,0,7.5301156044,
G0_D045_DENS_HIGH_V_HIGH_S100,G0_D045_DENS_HIGH_V_HIGH,100,7.54004430771,49.1480657061,51.5994366058,0,0,7.54004430771,
G0_D045_DENS_HIGH_V_HIGH_S100,G0_D045_DENS_HIGH_V_HIGH,100,7.55010843277,36.725095222,43.4106898041,0,0,7.55010843277,
G0_D045_DENS_HIGH_V_HIGH_S100,G0_D045_DENS_HIGH_V_HIGH,100,7.56003713608,38.8720014587,41.8667707675,0,0,7.56003713608,
G0_D045_DENS_HIGH_V_HIGH_S100,G0_D045_DENS_HIGH_V_HIGH,100,7.57010126114,44.7255108835,58.0474244416,0,0,7.57010126114,
G0_D045_DENS_HIGH_V_HIGH_S100,G0_D045_DENS_HIGH_V_HIGH,100,7.58002948761,34.4138670328,43.7936461219,0,0,7.58002948761,
G0_D045_DENS_HIGH_V_HIGH_S100,G0_D045_DENS_HIGH_V_HIGH,100,7.59009408951,33.8573773533,41.3320443954,0,0,7.59009408951,
G0_D045_DENS_HIGH_V_HIGH_S100,G0_D045_DENS_HIGH_V_HIGH,100,7.60002231598,36.3827616586,64.0588266606,0,0,7.60002231598,
G0_D045_DENS_HIGH_V_HIGH_S100,G0_D045_DENS_HIGH_V_HIGH,100,7.61008691788,34.412939857,46.7260058154,0,0,7.61008691788,
G0_D045_DENS_HIGH_V_HIGH_S100,G0_D045_DENS_HIGH_V_HIGH,100,7.62001514435,32.5639732703,35.0232987116,0,0,7.62001514435,
G0_D045_DENS_HIGH_V_HIGH_S100,G0_D045_DENS_HIGH_V_HIGH,100,7.63007974625,46.8164150886,52.0058800671,0,0,7.63007974625,
G0_D045_DENS_HIGH_V_HIGH_S100,G0_D045_DENS_HIGH_V_HIGH,100,7.64000797272,43.9852500508,45.1692675244,0,0,7.64000797272,
G0_D045_DENS_HIGH_V_HIGH_S100,G0_D045_DENS_HIGH_V_HIGH,100,7.65007257462,42.1486560416,41.6361852792,0,0,7.65007257462,
G0_D045_DENS_HIGH_V_HIGH_S100,G0_D045_DENS_HIGH_V_HIGH,100,7.66000080109,32.6325658578,36.3645262389,0,0,7.66000080109,
G0_D045_DENS_HIGH_V_HIGH_S100,G0_D045_DENS_HIGH_V_HIGH,100,7.67006540298,42.6079304188,39.2040782695,0,0,7.67006540298,
G0_D045_DENS_HIGH_V_HIGH_S100,G0_D045_DENS_HIGH_V_HIGH,100,7.68012952805,33.6037425835,40.5165947034,0,0,7.68012952805,
G0_D045_DENS_HIGH_V_HIGH_S100,G0_D045_DENS_HIGH_V_HIGH,100,7.69005823135,38.1310099378,40.6386183759,0,0,7.69005823135,
G0_D045_DENS_HIGH_V_HIGH_S100,G0_D045_DENS_HIGH_V_HIGH,100,7.70012235641,34.7103545167,54.8939772439,0,0,7.70012235641,
G0_D045_DENS_HIGH_V_HIGH_S100,G0_D045_DENS_HIGH_V_HIGH,100,7.71005058289,38.0904413919,33.2146406211,0,0,7.71005058289,
G0_D045_DENS_HIGH_V_HIGH_S100,G0_D045_DENS_HIGH_V_HIGH,100,7.72011518478,34.852209342,44.6201540052,0,0,7.72011518478,
G0_D045_DENS_HIGH_V_HIGH_S100,G0_D045_DENS_HIGH_V_HIGH,100,7.73004341125,33.5618293257,35.2770701363,0,0,7.73004341125,
G0_D045_DENS_HIGH_V_HIGH_S100,G0_D045_DENS_HIGH_V_HIGH,100,7.74010801315,45.3662077733,42.404784139,0,0,7.74010801315,
G0_D045_DENS_HIGH_V_HIGH_S100,G0_D045_DENS_HIGH_V_HIGH,100,7.75003623962,34.9146371316,34.4271952826,0,0,7.75003623962,
G0_D045_DENS_HIGH_V_HIGH_S100,G0_D045_DENS_HIGH_V_HIGH,100,7.76010084152,41.9005290644,40.871201253,0,0,7.76010084152,
G0_D045_DENS_HIGH_V_HIGH_S100,G0_D045_DENS_HIGH_V_HIGH,100,7.77002906799,42.9229399276,64.6827745072,0,0,7.77002906799,
G0_D045_DENS_HIGH_V_HIGH_S100,G0_D045_DENS_HIGH_V_HIGH,100,7.78009366989,36.4146939611,44.9228885619,0,0,7.78009366989,
G0_D045_DENS_HIGH_V_HIGH_S100,G0_D045_DENS_HIGH_V_HIGH,100,7.79002189636,37.0064439516,36.3359640614,0,0,7.79002189636,
G0_D045_DENS_HIGH_V_HIGH_S100,G0_D045_DENS_HIGH_V_HIGH,100,7.80008649826,40.8204153239,39.31120729,0,0,7.80008649826,
G0_D045_DENS_HIGH_V_HIGH_S100,G0_D045_DENS_HIGH_V_HIGH,100,7.81001472473,38.5492460409,55.2532780493,0,0,7.81001472473,
G0_D045_DENS_HIGH_V_HIGH_S100,G0_D045_DENS_HIGH_V_HIGH,100,7.82007884979,36.7014123279,37.893289185,0,0,7.82007884979,
G0_D045_DENS_HIGH_V_HIGH_S100,G0_D045_DENS_HIGH_V_HIGH,100,7.8300075531,49.2911884904,41.5415304545,0,0,7.8300075531,
G0_D045_DENS_HIGH_V_HIGH_S100,G0_D045_DENS_HIGH_V_HIGH,100,7.84007167816,33.92206168,46.0625783825,0,0,7.84007167816,
G0_D045_DENS_HIGH_V_HIGH_S100,G0_D045_DENS_HIGH_V_HIGH,100,7.85000038147,35.3363271181,33.118397265,0,0,7.85000038147,
G0_D045_DENS_HIGH_V_HIGH_S100,G0_D045_DENS_HIGH_V_HIGH,100,7.86006450653,38.0480369152,32.9071387534,0,0,7.86006450653,
G0_D045_DENS_HIGH_V_HIGH_S100,G0_D045_DENS_HIGH_V_HIGH,100,7.87012910843,49.816307699,42.5301284677,0,0,7.87012910843,
G0_D045_DENS_HIGH_V_HIGH_S100,G0_D045_DENS_HIGH_V_HIGH,100,7.8800573349,42.425414944,51.6111222724,0,0,7.8800573349,
G0_D045_DENS_HIGH_V_HIGH_S100,G0_D045_DENS_HIGH_V_HIGH,100,7.8901219368,44.0156687849,38.6434925124,0,0,7.8901219368,
G0_D045_DENS_HIGH_V_HIGH_S100,G0_D045_DENS_HIGH_V_HIGH,100,7.90005016327,32.8703772369,29.9324005554,0,0,7.90005016327,
G0_D045_DENS_HIGH_V_HIGH_S100,G0_D045_DENS_HIGH_V_HIGH,100,7.91011476517,42.1340606983,40.7760295624,0,0,7.91011476517,
G0_D045_DENS_HIGH_V_HIGH_S100,G0_D045_DENS_HIGH_V_HIGH,100,7.92004299164,42.2829368846,37.1331951461,0,0,7.92004299164,
G0_D045_DENS_HIGH_V_HIGH_S100,G0_D045_DENS_HIGH_V_HIGH,100,7.9301071167,40.6798223173,51.6190098342,0,0,7.9301071167,
G0_D045_DENS_HIGH_V_HIGH_S100,G0_D045_DENS_HIGH_V_HIGH,100,7.94003582001,40.7187698406,35.9318741484,0,0,7.94003582001,
G0_D045_DENS_HIGH_V_HIGH_S100,G0_D045_DENS_HIGH_V_HIGH,100,7.95009994507,35.3992491968,31.0608600472,0,0,7.95009994507,
G0_D045_DENS_HIGH_V_HIGH_S100,G0_D045_DENS_HIGH_V_HIGH,100,7.96002817154,38.5506275942,37.8206097988,0,0,7.96002817154,
G0_D045_DENS_HIGH_V_HIGH_S100,G0_D045_DENS_HIGH_V_HIGH,100,7.97009277344,35.1831589061,37.3432377172,0,0,7.97009277344,
G0_D045_DENS_HIGH_V_HIGH_S100,G0_D045_DENS_HIGH_V_HIGH,100,7.98002099991,44.4862872499,45.0185291841,0,0,7.98002099991,
G0_D045_DENS_HIGH_V_HIGH_S100,G0_D045_DENS_HIGH_V_HIGH,100,7.99008560181,38.1555616754,39.5103186357,0,0,7.99008560181,
G0_D045_DENS_HIGH_V_HIGH_S100,G0_D045_DENS_HIGH_V_HIGH,100,8.00001430511,40.0023883896,44.4910454929,0,0,8.00001430511,
G0_D045_DENS_HIGH_V_HIGH_S100,G0_D045_DENS_HIGH_V_HIGH,100,8.01007843018,38.8711510359,41.9679338047,0,0,8.01007843018,
G0_D045_DENS_HIGH_V_HIGH_S100,G0_D045_DENS_HIGH_V_HIGH,100,8.02000713348,46.7863217871,38.2441387042,0,0,8.02000713348,
G0_D045_DENS_HIGH_V_HIGH_S100,G0_D045_DENS_HIGH_V_HIGH,100,8.03007125854,46.7300188839,48.0548758069,0,0,8.03007125854,
G0_D045_DENS_HIGH_V_HIGH_S100,G0_D045_DENS_HIGH_V_HIGH,100,8.04013538361,41.8116675545,42.9102227806,0,0,8.04013538361,
G0_D045_DENS_HIGH_V_HIGH_S100,G0_D045_DENS_HIGH_V_HIGH,100,8.05006408691,40.5441537807,49.3990088019,0,0,8.05006408691,
G0_D045_DENS_HIGH_V_HIGH_S100,G0_D045_DENS_HIGH_V_HIGH,100,8.06012821198,36.6726299669,38.2089967759,0,0,8.06012821198,
G0_D045_DENS_HIGH_V_HIGH_S100,G0_D045_DENS_HIGH_V_HIGH,100,8.07005691528,44.4524207727,34.4912728553,0,0,8.07005691528,
G0_D045_DENS_HIGH_V_HIGH_S100,G0_D045_DENS_HIGH_V_HIGH,100,8.08012104034,35.3310894959,34.7250438567,0,0,8.08012104034,
G0_D045_DENS_HIGH_V_HIGH_S100,G0_D045_DENS_HIGH_V_HIGH,100,8.09004974365,36.685067017,33.7881528913,0,0,8.09004974365,
G0_D045_DENS_HIGH_V_HIGH_S100,G0_D045_DENS_HIGH_V_HIGH,100,8.10011386871,38.3341136272,35.5533885959,0,0,8.10011386871,
G0_D045_DENS_HIGH_V_HIGH_S100,G0_D045_DENS_HIGH_V_HIGH,100,8.11004257202,36.5835811798,33.9550002533,0,0,8.11004257202,
G0_D045_DENS_HIGH_V_HIGH_S100,G0_D045_DENS_HIGH_V_HIGH,100,8.12010669708,39.2433906236,36.2231354967,0,0,8.12010669708,
G0_D045_DENS_HIGH_V_HIGH_S100,G0_D045_DENS_HIGH_V_HIGH,100,8.13003444672,47.4645140341,35.9983206949,0,0,8.13003444672,
G0_D045_DENS_HIGH_V_HIGH_S100,G0_D045_DENS_HIGH_V_HIGH,100,8.14009952545,39.4160939997,33.667297176,0,0,8.14009952545,
G0_D045_DENS_HIGH_V_HIGH_S100,G0_D045_DENS_HIGH_V_HIGH,100,8.15002727509,44.8996265141,31.423129223,0,0,8.15002727509,
G0_D045_DENS_HIGH_V_HIGH_S100,G0_D045_DENS_HIGH_V_HIGH,100,8.16009235382,42.004176265,31.8545359705,0,0,8.16009235382,
G0_D045_DENS_HIGH_V_HIGH_S100,G0_D045_DENS_HIGH_V_HIGH,100,8.17002010345,44.6098871507,42.0144715329,0,0,8.17002010345,
G0_D045_DENS_HIGH_V_HIGH_S100,G0_D045_DENS_HIGH_V_HIGH,100,8.18008518219,38.571633345,33.2899794341,0,0,8.18008518219,
G0_D045_DENS_HIGH_V_HIGH_S100,G0_D045_DENS_HIGH_V_HIGH,100,8.19001293182,41.8151367884,36.276774473,0,0,8.19001293182,
G0_D045_DENS_HIGH_V_HIGH_S100,G0_D045_DENS_HIGH_V_HIGH,100,8.20007705688,42.8356840896,41.1285007598,0,0,8.20007705688,
G0_D045_DENS_HIGH_V_HIGH_S100,G0_D045_DENS_HIGH_V_HIGH,100,8.21000576019,38.6348777862,36.3443398632,0,0,8.21000576019,
G0_D045_DENS_HIGH_V_HIGH_S100,G0_D045_DENS_HIGH_V_HIGH,100,8.22006988525,35.6301835104,39.3037733633,0,0,8.22006988525,
G0_D045_DENS_HIGH_V_HIGH_S100,G0_D045_DENS_HIGH_V_HIGH,100,8.23013496399,31.672423138,33.1484765798,0,0,8.23013496399,
G0_D045_DENS_HIGH_V_HIGH_S100,G0_D045_DENS_HIGH_V_HIGH,100,8.24006271362,34.3437209653,34.4304669527,0,0,8.24006271362,
G0_D045_DENS_HIGH_V_HIGH_S100,G0_D045_DENS_HIGH_V_HIGH,100,8.25012779236,35.9546581945,30.6938009247,0,0,8.25012779236,
G0_D045_DENS_HIGH_V_HIGH_S100,G0_D045_DENS_HIGH_V_HIGH,100,8.26005554199,33.7499017149,26.2602998608,0,0,8.26005554199,
G0_D045_DENS_HIGH_V_HIGH_S100,G0_D045_DENS_HIGH_V_HIGH,100,8.27011966705,34.8824653598,33.3514227045,0,0,8.27011966705,
G0_D045_DENS_HIGH_V_HIGH_S100,G0_D045_DENS_HIGH_V_HIGH,100,8.28004837036,38.205914689,27.8294970101,0,0,8.28004837036,
G0_D045_DENS_HIGH_V_HIGH_S100,G0_D045_DENS_HIGH_V_HIGH,100,8.29011249542,39.5255560047,31.6180915744,0,0,8.29011249542,
G0_D045_DENS_HIGH_V_HIGH_S100,G0_D045_DENS_HIGH_V_HIGH,100,8.30004119873,39.4044336896,37.5337592496,0,0,8.30004119873,
G0_D045_DENS_HIGH_V_HIGH_S100,G0_D045_DENS_HIGH_V_HIGH,100,8.31010532379,40.952003673,32.8287110438,0,0,8.31010532379,
G0_D045_DENS_HIGH_V_HIGH_S100,G0_D045_DENS_HIGH_V_HIGH,100,8.3200340271,45.328893553,41.0340753253,0,0,8.3200340271,
G0_D045_DENS_HIGH_V_HIGH_S100,G0_D045_DENS_HIGH_V_HIGH,100,8.33009815216,42.0990674876,35.8797158966,0,0,8.33009815216,
G0_D045_DENS_HIGH_V_HIGH_S100,G0_D045_DENS_HIGH_V_HIGH,100,8.34002685547,38.5064301683,41.9104250783,0,0,8.34002685547,
G0_D045_DENS_HIGH_V_HIGH_S100,G0_D045_DENS_HIGH_V_HIGH,100,8.35009098053,41.0533053031,49.098520719,0,0,8.35009098053,
G0_D045_DENS_HIGH_V_HIGH_S100,G0_D045_DENS_HIGH_V_HIGH,100,8.36001968384,43.3136554885,39.6585149665,0,0,8.36001968384,
G0_D045_DENS_HIGH_V_HIGH_S100,G0_D045_DENS_HIGH_V_HIGH,100,8.3700838089,37.569356319,35.3956824203,0,0,8.3700838089,
G0_D045_DENS_HIGH_V_HIGH_S100,G0_D045_DENS_HIGH_V_HIGH,100,8.38001155853,44.0974843728,32.1954262731,0,0,8.38001155853,
G0_D045_DENS_HIGH_V_HIGH_S100,G0_D045_DENS_HIGH_V_HIGH,100,8.39007663727,33.9338662856,28.870531809,0,0,8.39007663727,
G0_D045_DENS_HIGH_V_HIGH_S100,G0_D045_DENS_HIGH_V_HIGH,100,8.4000043869,47.2997806857,39.3595779253,0,0,8.4000043869,
G0_D045_DENS_HIGH_V_HIGH_S100,G0_D045_DENS_HIGH_V_HIGH,100,8.41006946564,37.9092522083,37.2274852002,0,0,8.41006946564,
G0_D045_DENS_HIGH_V_HIGH_S100,G0_D045_DENS_HIGH_V_HIGH,100,8.4201335907,37.5890756901,36.7043012048,0,0,8.4201335907,
G0_D045_DENS_HIGH_V_HIGH_S100,G0_D045_DENS_HIGH_V_HIGH,100,8.43006134033,41.5324402768,36.6313207882,0,0,8.43006134033,
G0_D045_DENS_HIGH_V_HIGH_S100,G0_D045_DENS_HIGH_V_HIGH,100,8.44012641907,39.2261212071,42.7654889227,0,0,8.44012641907,
G0_D045_DENS_HIGH_V_HIGH_S100,G0_D045_DENS_HIGH_V_HIGH,100,8.4500541687,39.0378861015,44.5624270371,0,0,8.4500541687,
G0_D045_DENS_HIGH_V_HIGH_S100,G0_D045_DENS_HIGH_V_HIGH,100,8.46011924744,39.6418735844,35.9113144615,0,0,8.46011924744,
G0_D045_DENS_HIGH_V_HIGH_S100,G0_D045_DENS_HIGH_V_HIGH,100,8.47004699707,44.8257164813,45.8437311491,0,0,8.47004699707,
G0_D045_DENS_HIGH_V_HIGH_S100,G0_D045_DENS_HIGH_V_HIGH,100,8.48011112213,37.8169460255,37.1535860919,0,0,8.48011112213,
G0_D045_DENS_HIGH_V_HIGH_S100,G0_D045_DENS_HIGH_V_HIGH,100,8.49003982544,42.9185711489,34.4666952144,0,0,8.49003982544,
G0_D045_DENS_HIGH_V_HIGH_S100,G0_D045_DENS_HIGH_V_HIGH,100,8.5001039505,46.1414587465,44.489104658,0,0,8.5001039505,
G0_D045_DENS_HIGH_V_HIGH_S100,G0_D045_DENS_HIGH_V_HIGH,100,8.51003265381,42.2584926011,42.967498114,0,0,8.51003265381,
G0_D045_DENS_HIGH_V_HIGH_S100,G0_D045_DENS_HIGH_V_HIGH,100,8.52009677887,37.2707780844,38.8301562545,0,0,8.52009677887,
G0_D045_DENS_HIGH_V_HIGH_S100,G0_D045_DENS_HIGH_V_HIGH,100,8.53002548218,44.2978157453,40.0890795662,0,0,8.53002548218,
G0_D045_DENS_HIGH_V_HIGH_S100,G0_D045_DENS_HIGH_V_HIGH,100,8.54008960724,42.405698643,39.7288769328,0,0,8.54008960724,
G0_D045_DENS_HIGH_V_HIGH_S100,G0_D045_DENS_HIGH_V_HIGH,100,8.55001831055,38.9725754707,49.3161369817,0,0,8.55001831055,
G0_D045_DENS_HIGH_V_HIGH_S100,G0_D045_DENS_HIGH_V_HIGH,100,8.56008243561,38.0423817569,40.0269673365,0,0,8.56008243561,
G0_D045_DENS_HIGH_V_HIGH_S100,G0_D045_DENS_HIGH_V_HIGH,100,8.57001018524,38.3897441744,37.7417612792,0,0,8.57001018524,
G0_D045_DENS_HIGH_V_HIGH_S100,G0_D045_DENS_HIGH_V_HIGH,100,8.58007526398,36.5914652441,36.2602185291,0,0,8.58007526398,
G0_D045_DENS_HIGH_V_HIGH_S100,G0_D045_DENS_HIGH_V_HIGH,100,8.59000301361,46.1728660588,38.887365137,0,0,8.59000301361,
G0_D045_DENS_HIGH_V_HIGH_S100,G0_D045_DENS_HIGH_V_HIGH,100,8.60006809235,43.3924316591,36.4753596047,0,0,8.60006809235,
G0_D045_DENS_HIGH_V_HIGH_S100,G0_D045_DENS_HIGH_V_HIGH,100,8.61013221741,41.1390352921,32.2978560079,0,0,8.61013221741,
G0_D045_DENS_HIGH_V_HIGH_S100,G0_D045_DENS_HIGH_V_HIGH,100,8.62006092072,42.6283037251,34.4001466946,0,0,8.62006092072,
G0_D045_DENS_HIGH_V_HIGH_S100,G0_D045_DENS_HIGH_V_HIGH,100,8.63012504578,32.0324743554,29.1427137335,0,0,8.63012504578,
G0_D045_DENS_HIGH_V_HIGH_S100,G0_D045_DENS_HIGH_V_HIGH,100,8.64005279541,33.9977155401,33.0164167646,0,0,8.64005279541,
G0_D045_DENS_HIGH_V_HIGH_S100,G0_D045_DENS_HIGH_V_HIGH,100,8.65011787415,33.792444347,32.8177231504,0,0,8.65011787415,
G0_D045_DENS_HIGH_V_HIGH_S100,G0_D045_DENS_HIGH_V_HIGH,100,8.66004562378,37.1847349433,34.256187525,0,0,8.66004562378,
G0_D045_DENS_HIGH_V_HIGH_S100,G0_D045_DENS_HIGH_V_HIGH,100,8.67010974884,36.8984648138,37.8290520631,0,0,8.67010974884,
G0_D045_DENS_HIGH_V_HIGH_S100,G0_D045_DENS_HIGH_V_HIGH,100,8.68003845215,38.1222017678,43.1426015864,0,0,8.68003845215,
G0_D045_DENS_HIGH_V_HIGH_S100,G0_D045_DENS_HIGH_V_HIGH,100,8.69010257721,38.3471708412,39.5942135169,0,0,8.69010257721,
G0_D045_DENS_HIGH_V_HIGH_S100,G0_D045_DENS_HIGH_V_HIGH,100,8.70003128052,43.9224937585,38.7511288007,0,0,8.70003128052,
G0_D045_DENS_HIGH_V_HIGH_S100,G0_D045_DENS_HIGH_V_HIGH,100,8.71009540558,37.5515527018,35.5935530617,0,0,8.71009540558,
G0_D045_DENS_HIGH_V_HIGH_S100,G0_D045_DENS_HIGH_V_HIGH,100,8.72002410889,46.2600236529,35.2662716944,0,0,8.72002410889,
G0_D045_DENS_HIGH_V_HIGH_S100,G0_D045_DENS_HIGH_V_HIGH,100,8.73008823395,39.8421312739,35.7023058512,0,0,8.73008823395,
G0_D045_DENS_HIGH_V_HIGH_S100,G0_D045_DENS_HIGH_V_HIGH,100,8.74001693726,39.199408106,35.5138318313,0,0,8.74001693726,
G0_D045_DENS_HIGH_V_HIGH_S100,G0_D045_DENS_HIGH_V_HIGH,100,8.75008106232,49.0072639314,36.3495080285,0,0,8.75008106232,
G0_D045_DENS_HIGH_V_HIGH_S100,G0_D045_DENS_HIGH_V_HIGH,100,8.76000976562,43.3769705423,37.8430996268,0,0,8.76000976562,
G0_D045_DENS_HIGH_V_HIGH_S100,G0_D045_DENS_HIGH_V_HIGH,100,8.77007389069,35.903915276,40.0455713939,0,0,8.77007389069,
G0_D045_DENS_HIGH_V_HIGH_S100,G0_D045_DENS_HIGH_V_HIGH,100,8.78000164032,45.0838397644,32.3521708126,0,0,8.78000164032,
G0_D045_DENS_HIGH_V_HIGH_S100,G0_D045_DENS_HIGH_V_HIGH,100,8.79006671906,35.7572956267,38.7528709431,0,0,8.79006671906,
G0_D045_DENS_HIGH_V_HIGH_S100,G0_D045_DENS_HIGH_V_HIGH,100,8.80008029938,39.5956406699,33.1206308622,0,0,8.80008029938,
G0_D045_DENS_HIGH_V_HIGH_S100,G0_D045_DENS_HIGH_V_HIGH,100,8.81013011932,40.8634000531,35.4248572845,0,0,8.81013011932,
G0_D045_DENS_HIGH_V_HIGH_S100,G0_D045_DENS_HIGH_V_HIGH,100,8.82005786896,42.4977377255,35.1777200408,0,0,8.82005786896,
G0_D045_DENS_HIGH_V_HIGH_S100,G0_D045_DENS_HIGH_V_HIGH,100,8.83012294769,43.9173175387,33.2699576459,0,0,8.83012294769,
G0_D045_DENS_HIGH_V_HIGH_S100,G0_D045_DENS_HIGH_V_HIGH,100,8.84005069733,42.7502672527,31.0931669015,0,0,8.84005069733,
G0_D045_DENS_HIGH_V_HIGH_S100,G0_D045_DENS_HIGH_V_HIGH,100,8.85011577606,43.8643334336,38.619271552,0,0,8.85011577606,
G0_D045_DENS_HIGH_V_HIGH_S100,G0_D045_DENS_HIGH_V_HIGH,100,8.8600435257,39.5392487332,26.2688877578,0,0,8.8600435257,
G0_D045_DENS_HIGH_V_HIGH_S100,G0_D045_DENS_HIGH_V_HIGH,100,8.87010765076,45.2074488755,43.3380094403,0,0,8.87010765076,
G0_D045_DENS_HIGH_V_HIGH_S100,G0_D045_DENS_HIGH_V_HIGH,100,8.88003635406,44.6694935014,29.0106657052,0,0,8.88003635406,
G0_D045_DENS_HIGH_V_HIGH_S100,G0_D045_DENS_HIGH_V_HIGH,100,8.89010047913,40.5126482247,31.6327165828,0,0,8.89010047913,
G0_D045_DENS_HIGH_V_HIGH_S100,G0_D045_DENS_HIGH_V_HIGH,100,8.90002918243,44.4160091673,32.3552106357,0,0,8.90002918243,
G0_D045_DENS_HIGH_V_HIGH_S100,G0_D045_DENS_HIGH_V_HIGH,100,8.9100933075,39.5614825314,31.2127965263,0,0,8.9100933075,
G0_D045_DENS_HIGH_V_HIGH_S100,G0_D045_DENS_HIGH_V_HIGH,100,8.9200220108,40.8616408752,32.5811835422,0,0,8.9200220108,
G0_D045_DENS_HIGH_V_HIGH_S100,G0_D045_DENS_HIGH_V_HIGH,100,8.93008613586,43.2155007299,31.9062978922,0,0,8.93008613586,
G0_D045_DENS_HIGH_V_HIGH_S100,G0_D045_DENS_HIGH_V_HIGH,100,8.9400138855,36.0245156709,25.6795246006,0,0,8.9400138855,
G0_D045_DENS_HIGH_V_HIGH_S100,G0_D045_DENS_HIGH_V_HIGH,100,8.95007896423,41.279038836,33.8761556505,0,0,8.95007896423,
G0_D045_DENS_HIGH_V_HIGH_S100,G0_D045_DENS_HIGH_V_HIGH,100,8.96000671387,43.8704184085,35.0342714571,0,0,8.96000671387,
G0_D045_DENS_HIGH_V_HIGH_S100,G0_D045_DENS_HIGH_V_HIGH,100,8.9700717926,38.5573358032,27.914715141,0,0,8.9700717926,
G0_D045_DENS_HIGH_V_HIGH_S100,G0_D045_DENS_HIGH_V_HIGH,100,8.98013591766,37.8873284921,26.519975279,0,0,8.98013591766,
G0_D045_DENS_HIGH_V_HIGH_S100,G0_D045_DENS_HIGH_V_HIGH,100,8.9900636673,41.3358053271,28.1608787224,0,0,8.9900636673,
G0_D045_DENS_HIGH_V_HIGH_S100,G0_D045_DENS_HIGH_V_HIGH,100,9,37.2264302226,27.6240580041,0,0,9,
