run_id,scenario_id,S,z_m,qb_MPa,qs_kPa,ALLKE,ALLIE,time_s,walltime_h
G0_D045_DENS_HIGH_V_HIGH_S007,G0_D045_DENS_HIGH_V_HIGH,7,0,0,0,0,0,0,
G0_D045_DENS_HIGH_V_HIGH_S007,G0_D045_DENS_HIGH_V_HIGH,7,0.0100015355274,0,0,0,0,0.0100015355274,
G0_D045_DENS_HIGH_V_HIGH_S007,G0_D045_DENS_HIGH_V_HIGH,7,0.0200051236898,0,0,0,0,0.0200051236898,
G0_D045_DENS_HIGH_V_HIGH_S007,G0_D045_DENS_HIGH_V_HIGH,7,0.030009072274,4.70671386186,785.578362556,0,0,0.030009072274,
G0_D045_DENS_HIGH_V_HIGH_S007,G0_D045_DENS_HIGH_V_HIGH,7,0.0400129295886,0.204731355931,0.00026539772485,0,0,0.0400129295886,
G0_D045_DENS_HIGH_V_HIGH_S007,G0_D045_DENS_HIGH_V_HIGH,7,0.0500168763101,4.07110108836,466.951453379,0,0,0.0500168763101,
G0_D045_DENS_HIGH_V_HIGH_S007,G0_D045_DENS_HIGH_V_HIGH,7,0.06002073735,0.130948325305,2.19028382801e-05,0,0,0.06002073735,
G0_D045_DENS_HIGH_V_HIGH_S007,G0_D045_DENS_HIGH_V_HIGH,7,0.0700246840715,3.72108186701,202.01611186,0,0,0.0700246840715,
G0_D045_DENS_HIGH_V_HIGH_S007,G0_D045_DENS_HIGH_V_HIGH,7,0.0800285488367,0.30993477081,5.32015839352e-05,0,0,0.0800285488367,
G0_D045_DENS_HIGH_V_HIGH_S007,G0_D045_DENS_HIGH_V_HIGH,7,0.0900324881077,2.56870348542,102.661081227,0,0,0.0900324881077,
G0_D045_DENS_HIGH_V_HIGH_S007,G0_D045_DENS_HIGH_V_HIGH,7,0.100000374019,0.681989311987,17.5427541518,0,0,0.100000374019,
G0_D045_DENS_HIGH_V_HIGH_S007,G0_D045_DENS_HIGH_V_HIGH,7,0.11000430584,1.93496655432,47.9233430249,0,0,0.11000430584,
G0_D045_DENS_HIGH_V_HIGH_S007,G0_D045_DENS_HIGH_V_HIGH,7,0.120008192956,1.20017350671,26.7368304687,0,0,0.120008192956,
G0_D045_DENS_HIGH_V_HIGH_S007,G0_D045_DENS_HIGH_V_HIGH,7,0.130012109876,1.21146828079,17.5366887549,0,0,0.130012109876,
G0_D045_DENS_HIGH_V_HIGH_S007,G0_D045_DENS_HIGH_V_HIGH,7,0.140015944839,1.97566615588,17.7188186334,0,0,0.140015944839,
G0_D045_DENS_HIGH_V_HIGH_S007,G0_D045_DENS_HIGH_V_HIGH,7,0.150019824505,1.19672864187,7.60123148504,0,0,0.150019824505,
G0_D045_DENS_HIGH_V_HIGH_S007,G0_D045_DENS_HIGH_V_HIGH,7,0.16002368927,2.4038164392,17.7598339862,0,0,0.16002368927,
G0_D045_DENS_HIGH_V_HIGH_S007,G0_D045_DENS_HIGH_V_HIGH,7,0.170027554035,0.792018233591,2.00633391642,0,0,0.170027554035,
G0_D045_DENS_HIGH_V_HIGH_S007,G0_D045_DENS_HIGH_V_HIGH,7,0.180031433702,2.80331369032,30.7139939868,0,0,0.180031433702,
G0_D045_DENS_HIGH_V_HIGH_S007,G0_D045_DENS_HIGH_V_HIGH,7,0.190035283566,0.659361243428,0.000202450861883,0,0,0.190035283566,
G0_D045_DENS_HIGH_V_HIGH_S007,G0_D045_DENS_HIGH_V_HIGH,7,0.20000320673,2.85978660132,20.2755822213,0,0,0.20000320673,
G0_D045_DENS_HIGH_V_HIGH_S007,G0_D045_DENS_HIGH_V_HIGH,7,0.210007026792,0.628518737026,0.000156834236203,0,0,0.210007026792,
G0_D045_DENS_HIGH_V_HIGH_S007,G0_D045_DENS_HIGH_V_HIGH,7,0.220010951161,3.72310238874,32.9138726582,0,0,0.220010951161,
G0_D045_DENS_HIGH_V_HIGH_S007,G0_D045_DENS_HIGH_V_HIGH,7,0.230014771223,0.765845713223,0.000331612384779,0,0,0.230014771223,
G0_D045_DENS_HIGH_V_HIGH_S007,G0_D045_DENS_HIGH_V_HIGH,7,0.240018695593,2.92253061313,23.2393938375,0,0,0.240018695593,
G0_D045_DENS_HIGH_V_HIGH_S007,G0_D045_DENS_HIGH_V_HIGH,7,0.250022530556,0.741381953654,0.000258805201547,0,0,0.250022530556,
G0_D045_DENS_HIGH_V_HIGH_S007,G0_D045_DENS_HIGH_V_HIGH,7,0.260026454926,3.09875080991,25.711124851,0,0,0.260026454926,
G0_D045_DENS_HIGH_V_HIGH_S007,G0_D045_DENS_HIGH_V_HIGH,7,0.270030260086,0.993814244426,1.71835047075,0,0,0.270030260086,
G0_D045_DENS_HIGH_V_HIGH_S007,G0_D045_DENS_HIGH_V_HIGH,7,0.280034214258,3.30340682801,24.6197537092,0,0,0.280034214258,
G0_D045_DENS_HIGH_V_HIGH_S007,G0_D045_DENS_HIGH_V_HIGH,7,0.290002048016,1.18734482467,2.89318867404,0,0,0.290002048016,
G0_D045_DENS_HIGH_V_HIGH_S007,G0_D045_DENS_HIGH_V_HIGH,7,0.300005972385,2.84975882677,20.197509521,0,0,0.300005972385,
G0_D045_DENS_HIGH_V_HIGH_S007,G0_D045_DENS_HIGH_V_HIGH,7,0.310009807348,1.37330861816,2.94088305297,0,0,0.310009807348,
G0_D045_DENS_HIGH_V_HIGH_S007,G0_D045_DENS_HIGH_V_HIGH,7,0.320013731718,2.80414703561,11.7121092332,0,0,0.320013731718,
G0_D045_DENS_HIGH_V_HIGH_S007,G0_D045_DENS_HIGH_V_HIGH,7,0.330017566681,1.4904180965,7.58922657776,0,0,0.330017566681,
G0_D045_DENS_HIGH_V_HIGH_S007,G0_D045_DENS_HIGH_V_HIGH,7,0.340021491051,2.66305244837,10.6212142484,0,0,0.340021491051,
G0_D045_DENS_HIGH_V_HIGH_S007,G0_D045_DENS_HIGH_V_HIGH,7,0.350025326014,1.87876342998,9.34012895604,0,0,0.350025326014,
G0_D045_DENS_HIGH_V_HIGH_S007,G0_D045_DENS_HIGH_V_HIGH,7,0.360029250383,2.82989362501,13.7719387381,0,0,0.360029250383,
G0_D045_DENS_HIGH_V_HIGH_S007,G0_D045_DENS_HIGH_V_HIGH,7,0.370033085346,2.10149361946,8.34054192297,0,0,0.370033085346,
G0_D045_DENS_HIGH_V_HIGH_S007,G0_D045_DENS_HIGH_V_HIGH,7,0.380001008511,2.64521755435,10.9421292853,0,0,0.380001008511,
G0_D045_DENS_HIGH_V_HIGH_S007,G0_D045_DENS_HIGH_V_HIGH,7,0.390004873276,2.48485605468,12.4425672671,0,0,0.390004873276,
G0_D045_DENS_HIGH_V_HIGH_S007,G0_D045_DENS_HIGH_V_HIGH,7,0.400008797646,2.67319592801,10.3547235531,0,0,0.400008797646,
G0_D045_DENS_HIGH_V_HIGH_S007,G0_D045_DENS_HIGH_V_HIGH,7,0.410012632608,3.35721180603,17.7680138263,0,0,0.410012632608,
G0_D045_DENS_HIGH_V_HIGH_S007,G0_D045_DENS_HIGH_V_HIGH,7,0.420016556978,3.29728270913,7.84490866376,0,0,0.420016556978,
G0_D045_DENS_HIGH_V_HIGH_S007,G0_D045_DENS_HIGH_V_HIGH,7,0.430020421743,3.7360279714,13.6336886633,0,0,0.430020421743,
G0_D045_DENS_HIGH_V_HIGH_S007,G0_D045_DENS_HIGH_V_HIGH,7,0.440024316311,2.58873332228,10.753331597,0,0,0.440024316311,
G0_D045_DENS_HIGH_V_HIGH_S007,G0_D045_DENS_HIGH_V_HIGH,7,0.450028210878,3.70272524472,12.6487818406,0,0,0.450028210878,
G0_D045_DENS_HIGH_V_HIGH_S007,G0_D045_DENS_HIGH_V_HIGH,7,0.460032075644,2.70865944246,5.83930961189,0,0,0.460032075644,
G0_D045_DENS_HIGH_V_HIGH_S007,G0_D045_DENS_HIGH_V_HIGH,7,0.470035970211,3.86785540595,15.3804935875,0,0,0.470035970211,
G0_D045_DENS_HIGH_V_HIGH_S007,G0_D045_DENS_HIGH_V_HIGH,7,0.480003863573,3.10270262806,7.94788565427,0,0,0.480003863573,
G0_D045_DENS_HIGH_V_HIGH_S007,G0_D045_DENS_HIGH_V_HIGH,7,0.490007787943,4.46223763927,21.5802325362,0,0,0.490007787943,
G0_D045_DENS_HIGH_V_HIGH_S007,G0_D045_DENS_HIGH_V_HIGH,7,0.500011622906,2.99553630414,8.37586898858,0,0,0.500011622906,
G0_D045_DENS_HIGH_V_HIGH_S007,G0_D045_DENS_HIGH_V_HIGH,7,0.510015547276,4.76024483181,15.9703240852,0,0,0.510015547276,
G0_D045_DENS_HIGH_V_HIGH_S007,G0_D045_DENS_HIGH_V_HIGH,7,0.520019412041,2.89947344754,5.32151501927,0,0,0.520019412041,
G0_D045_DENS_HIGH_V_HIGH_S007,G0_D045_DENS_HIGH_V_HIGH,7,0.530023336411,5.15875964501,18.4692669177,0,0,0.530023336411,
G0_D045_DENS_HIGH_V_HIGH_S007,G0_D045_DENS_HIGH_V_HIGH,7,0.540027201176,3.82530893623,5.25669601799,0,0,0.540027201176,
G0_D045_DENS_HIGH_V_HIGH_S007,G0_D045_DENS_HIGH_V_HIGH,7,0.550031125546,5.1026467054,10.2111697333,0,0,0.550031125546,
G0_D045_DENS_HIGH_V_HIGH_S007,G0_D045_DENS_HIGH_V_HIGH,7,0.560034990311,3.80655358231,1.32955554333,0,0,0.560034990311,
G0_D045_DENS_HIGH_V_HIGH_S007,G0_D045_DENS_HIGH_V_HIGH,7,0.570002913475,4.97581435365,10.5201820066,0,0,0.570002913475,
G0_D045_DENS_HIGH_V_HIGH_S007,G0_D045_DENS_HIGH_V_HIGH,7,0.58000677824,3.99294700051,6.59815255506,0,0,0.58000677824,
G0_D045_DENS_HIGH_V_HIGH_S007,G0_D045_DENS_HIGH_V_HIGH,7,0.59001070261,5.68180460484,13.6394371194,0,0,0.59001070261,
G0_D045_DENS_HIGH_V_HIGH_S007,G0_D045_DENS_HIGH_V_HIGH,7,0.600014567375,4.4285695685,13.6772426072,0,0,0.600014567375,
G0_D045_DENS_HIGH_V_HIGH_S007,G0_D045_DENS_HIGH_V_HIGH,7,0.610018491745,5.79934485918,13.3937948261,0,0,0.610018491745,
G0_D045_DENS_HIGH_V_HIGH_S007,G0_D045_DENS_HIGH_V_HIGH,7,0.62002235651,4.00225982121,5.11475464559,0,0,0.62002235651,
G0_D045_DENS_HIGH_V_HIGH_S007,G0_D045_DENS_HIGH_V_HIGH,7,0.63002628088,4.82990543683,8.4779008613,0,0,0.63002628088,
G0_D045_DENS_HIGH_V_HIGH_S007,G0_D045_DENS_HIGH_V_HIGH,7,0.64003020525,4.38568615327,9.87837367309,0,0,0.64003020525,
G0_D045_DENS_HIGH_V_HIGH_S007,G0_D045_DENS_HIGH_V_HIGH,7,0.650034070015,4.67920828645,13.3005966691,0,0,0.650034070015,
G0_D045_DENS_HIGH_V_HIGH_S007,G0_D045_DENS_HIGH_V_HIGH,7,0.660001993179,4.41834492259,1.09013118395,0,0,0.660001993179,
G0_D045_DENS_HIGH_V_HIGH_S007,G0_D045_DENS_HIGH_V_HIGH,7,0.670005917549,5.08584241178,7.76262631297,0,0,0.670005917549,
G0_D045_DENS_HIGH_V_HIGH_S007,G0_D045_DENS_HIGH_V_HIGH,7,0.680009782314,6.16743786816,5.60675218956,0,0,0.680009782314,
G0_D045_DENS_HIGH_V_HIGH_S007,G0_D045_DENS_HIGH_V_HIGH,7,0.690013706684,5.97537777874,9.52596469384,0,0,0.690013706684,
G0_D045_DENS_HIGH_V_HIGH_S007,G0_D045_DENS_HIGH_V_HIGH,7,0.700017571449,5.93882648292,8.53763972089,0,0,0.700017571449,
G0_D045_DENS_HIGH_V_HIGH_S007,G0_D045_DENS_HIGH_V_HIGH,7,0.710021495819,5.30265149397,13.5398235902,0,0,0.710021495819,
G0_D045_DENS_HIGH_V_HIGH_S007,G0_D045_DENS_HIGH_V_HIGH,7,0.720025360584,5.26151497618,8.83792912725,0,0,0.720025360584,
G0_D045_DENS_HIGH_V_HIGH_S007,G0_D045_DENS_HIGH_V_HIGH,7,0.730029284954,4.98168518776,5.38093590994,0,0,0.730029284954,
G0_D045_DENS_HIGH_V_HIGH_S007,G0_D045_DENS_HIGH_V_HIGH,7,0.740033149719,5.33609391104,6.91965754907,0,0,0.740033149719,
G0_D045_DENS_HIGH_V_HIGH_S007,G0_D045_DENS_HIGH_V_HIGH,7,0.750001072884,5.18450335617,7.63818006568,0,0,0.750001072884,
G0_D045_DENS_HIGH_V_HIGH_S007,G0_D045_DENS_HIGH_V_HIGH,7,0.760004997253,5.33817583515,8.74063280202,0,0,0.760004997253,
G0_D045_DENS_HIGH_V_HIGH_S007,G0_D045_DENS_HIGH_V_HIGH,7,0.770008862019,6.6030074766,3.59863051785,0,0,0.770008862019,
G0_D045_DENS_HIGH_V_HIGH_S007,G0_D045_DENS_HIGH_V_HIGH,7,0.780012786388,6.62455970848,6.84341131546,0,0,0.780012786388,
G0_D045_DENS_HIGH_V_HIGH_S007,G0_D045_DENS_HIGH_V_HIGH,7,0.790016651154,5.64567621785,1.53407618551,0,0,0.790016651154,
G0_D045_DENS_HIGH_V_HIGH_S007,G0_D045_DENS_HIGH_V_HIGH,7,0.800020575523,6.20337437274,6.86039779091,0,0,0.800020575523,
G0_D045_DENS_HIGH_V_HIGH_S007,G0_D045_DENS_HIGH_V_HIGH,7,0.810024499893,4.78038941435,1.49092346718,0,0,0.810024499893,
G0_D045_DENS_HIGH_V_HIGH_S007,G0_D045_DENS_HIGH_V_HIGH,7,0.820028364658,7.54668668591,7.12274215799,0,0,0.820028364658,
G0_D045_DENS_HIGH_V_HIGH_S007,G0_D045_DENS_HIGH_V_HIGH,7,0.830032289028,6.33093050493,8.09821394563,0,0,0.830032289028,
G0_D045_DENS_HIGH_V_HIGH_S007,G0_D045_DENS_HIGH_V_HIGH,7,0.840000212193,6.60763184259,11.0281660054,0,0,0.840000212193,
G0_D045_DENS_HIGH_V_HIGH_S007,G0_D045_DENS_HIGH_V_HIGH,7,0.850004076958,6.72604401059,7.06277100191,0,0,0.850004076958,
G0_D045_DENS_HIGH_V_HIGH_S007,G0_D045_DENS_HIGH_V_HIGH,7,0.860008001328,10.4730860321,9.60092031436,0,0,0.860008001328,
G0_D045_DENS_HIGH_V_HIGH_S007,G0_D045_DENS_HIGH_V_HIGH,7,0.870011866093,6.3862225716,5.22549352187,0,0,0.870011866093,
G0_D045_DENS_HIGH_V_HIGH_S007,G0_D045_DENS_HIGH_V_HIGH,7,0.880015790462,9.32874387758,6.79856628475,0,0,0.880015790462,
G0_D045_DENS_HIGH_V_HIGH_S007,G0_D045_DENS_HIGH_V_HIGH,7,0.890019655228,6.9252064354,7.47258681246,0,0,0.890019655228,
G0_D045_DENS_HIGH_V_HIGH_S007,G0_D045_DENS_HIGH_V_HIGH,7,0.900023579597,7.70493978169,8.26203832768,0,0,0.900023579597,
G0_D045_DENS_HIGH_V_HIGH_S007,G0_D045_DENS_HIGH_V_HIGH,7,0.910027444363,7.45118757981,5.76652802599,0,0,0.910027444363,
G0_D045_DENS_HIGH_V_HIGH_S007,G0_D045_DENS_HIGH_V_HIGH,7,0.920031368732,8.05410742893,9.06895821046,0,0,0.920031368732,
G0_D045_DENS_HIGH_V_HIGH_S007,G0_D045_DENS_HIGH_V_HIGH,7,0.930035233498,7.86056946121,9.27763748593,0,0,0.930035233498,
G0_D045_DENS_HIGH_V_HIGH_S007,G0_D045_DENS_HIGH_V_HIGH,7,0.940003156662,9.9612688794,12.0421884011,0,0,0.940003156662,
G0_D045_DENS_HIGH_V_HIGH_S007,G0_D045_DENS_HIGH_V_HIGH,7,0.950007021427,9.01130667258,10.2982010331,0,0,0.950007021427,
G0_D045_DENS_HIGH_V_HIGH_S007,G0_D045_DENS_HIGH_V_HIGH,7,0.960010945797,8.84835476043,11.1120710874,0,0,0.960010945797,
G0_D045_DENS_HIGH_V_HIGH_S007,G0_D045_DENS_HIGH_V_HIGH,7,0.970014810562,8.83501432802,11.0462346496,0,0,0.970014810562,
G0_D045_DENS_HIGH_V_HIGH_S007,G0_D045_DENS_HIGH_V_HIGH,7,0.980018734932,9.4335991698,9.38033398846,0,0,0.980018734932,
G0_D045_DENS_HIGH_V_HIGH_S007,G0_D045_DENS_HIGH_V_HIGH,7,0.990022599697,9.23799731493,9.4908363685,0,0,0.990022599697,
G0_D045_DENS_HIGH_V_HIGH_S007,G0_D045_DENS_HIGH_V_HIGH,7,1.00002646446,7.94314106583,8.87274959579,0,0,1.00002646446,
G0_D045_DENS_HIGH_V_HIGH_S007,G0_D045_DENS_HIGH_V_HIGH,7,1.01003038883,8.51222744153,13.6998856345,0,0,1.01003038883,
G0_D045_DENS_HIGH_V_HIGH_S007,G0_D045_DENS_HIGH_V_HIGH,7,1.0200343132,9.60079782337,8.89321624006,0,0,1.0200343132,
G0_D045_DENS_HIGH_V_HIGH_S007,G0_D045_DENS_HIGH_V_HIGH,7,1.03000223637,9.69382241395,11.6558746658,0,0,1.03000223637,
G0_D045_DENS_HIGH_V_HIGH_S007,G0_D045_DENS_HIGH_V_HIGH,7,1.04000616074,9.21252837937,12.7590044873,0,0,1.04000616074,
G0_D045_DENS_HIGH_V_HIGH_S007,G0_D045_DENS_HIGH_V_HIGH,7,1.0500099659,9.00797098883,12.4302127576,0,0,1.0500099659,
G0_D045_DENS_HIGH_V_HIGH_S007,G0_D045_DENS_HIGH_V_HIGH,7,1.06001389027,9.32621026229,12.9672743495,0,0,1.06001389027,
G0_D045_DENS_HIGH_V_HIGH_S007,G0_D045_DENS_HIGH_V_HIGH,7,1.07001781464,13.9036686814,13.3794355176,0,0,1.07001781464,
G0_D045_DENS_HIGH_V_HIGH_S007,G0_D045_DENS_HIGH_V_HIGH,7,1.0800216198,8.23220653823,9.35597448074,0,0,1.0800216198,
G0_D045_DENS_HIGH_V_HIGH_S007,G0_D045_DENS_HIGH_V_HIGH,7,1.09002554417,9.51766592213,12.515555445,0,0,1.09002554417,
G0_D045_DENS_HIGH_V_HIGH_S007,G0_D045_DENS_HIGH_V_HIGH,7,1.10002946854,9.41321128037,13.9264510125,0,0,1.10002946854,
G0_D045_DENS_HIGH_V_HIGH_S007,G0_D045_DENS_HIGH_V_HIGH,7,1.11003339291,9.15091417118,16.4028864203,0,0,1.11003339291,
G0_D045_DENS_HIGH_V_HIGH_S007,G0_D045_DENS_HIGH_V_HIGH,7,1.12000119686,8.50798837541,11.0127491439,0,0,1.12000119686,
G0_D045_DENS_HIGH_V_HIGH_S007,G0_D045_DENS_HIGH_V_HIGH,7,1.13000512123,9.89653312821,13.1738402213,0,0,1.13000512123,
G0_D045_DENS_HIGH_V_HIGH_S007,G0_D045_DENS_HIGH_V_HIGH,7,1.1400090456,8.56922495903,10.5891809001,0,0,1.1400090456,
G0_D045_DENS_HIGH_V_HIGH_S007,G0_D045_DENS_HIGH_V_HIGH,7,1.15001296997,10.5720689552,14.112321241,0,0,1.15001296997,
G0_D045_DENS_HIGH_V_HIGH_S007,G0_D045_DENS_HIGH_V_HIGH,7,1.16001677513,10.9343030267,16.1862477138,0,0,1.16001677513,
G0_D045_DENS_HIGH_V_HIGH_S007,G0_D045_DENS_HIGH_V_HIGH,7,1.1700206995,10.9461007246,15.0412515804,0,0,1.1700206995,
G0_D045_DENS_HIGH_V_HIGH_S007,G0_D045_DENS_HIGH_V_HIGH,7,1.18002462387,9.38388857856,12.3863083088,0,0,1.18002462387,
G0_D045_DENS_HIGH_V_HIGH_S007,G0_D045_DENS_HIGH_V_HIGH,7,1.19002842903,12.3460348495,19.3341283785,0,0,1.19002842903,
G0_D045_DENS_HIGH_V_HIGH_S007,G0_D045_DENS_HIGH_V_HIGH,7,1.2000323534,9.61977422582,12.6490624998,0,0,1.2000323534,
G0_D045_DENS_HIGH_V_HIGH_S007,G0_D045_DENS_HIGH_V_HIGH,7,1.21000027657,9.78975901193,14.7166381905,0,0,1.21000027657,
G0_D045_DENS_HIGH_V_HIGH_S007,G0_D045_DENS_HIGH_V_HIGH,7,1.22000408173,11.587813056,17.2292752109,0,0,1.22000408173,
G0_D045_DENS_HIGH_V_HIGH_S007,G0_D045_DENS_HIGH_V_HIGH,7,1.2300080061,10.6393636501,15.6598442823,0,0,1.2300080061,
G0_D045_DENS_HIGH_V_HIGH_S007,G0_D045_DENS_HIGH_V_HIGH,7,1.24001193047,10.3398359814,14.654204774,0,0,1.24001193047,
G0_D045_DENS_HIGH_V_HIGH_S007,G0_D045_DENS_HIGH_V_HIGH,7,1.25001573563,10.34368591,12.572819952,0,0,1.25001573563,
G0_D045_DENS_HIGH_V_HIGH_S007,G0_D045_DENS_HIGH_V_HIGH,7,1.26001966,15.2110663645,14.5944091391,0,0,1.26001966,
G0_D045_DENS_HIGH_V_HIGH_S007,G0_D045_DENS_HIGH_V_HIGH,7,1.27002346516,12.224332282,17.2845872047,0,0,1.27002346516,
G0_D045_DENS_HIGH_V_HIGH_S007,G0_D045_DENS_HIGH_V_HIGH,7,1.28002738953,10.564798147,18.0321631129,0,0,1.28002738953,
G0_D045_DENS_HIGH_V_HIGH_S007,G0_D045_DENS_HIGH_V_HIGH,7,1.2900313139,9.78741344139,14.838576338,0,0,1.2900313139,
G0_D045_DENS_HIGH_V_HIGH_S007,G0_D045_DENS_HIGH_V_HIGH,7,1.30003511906,10.6407797423,18.6175658019,0,0,1.30003511906,
G0_D045_DENS_HIGH_V_HIGH_S007,G0_D045_DENS_HIGH_V_HIGH,7,1.31000304222,10.5922373311,18.8172349601,0,0,1.31000304222,
G0_D045_DENS_HIGH_V_HIGH_S007,G0_D045_DENS_HIGH_V_HIGH,7,1.32000684738,11.0841670237,17.0556998092,0,0,1.32000684738,
G0_D045_DENS_HIGH_V_HIGH_S007,G0_D045_DENS_HIGH_V_HIGH,7,1.33001077175,10.5537058089,16.1541109284,0,0,1.33001077175,
G0_D045_DENS_HIGH_V_HIGH_S007,G0_D045_DENS_HIGH_V_HIGH,7,1.34001457691,10.3344440858,16.2891013094,0,0,1.34001457691,
G0_D045_DENS_HIGH_V_HIGH_S007,G0_D045_DENS_HIGH_V_HIGH,7,1.35001850128,15.2120963893,15.3591996087,0,0,1.35001850128,
G0_D045_DENS_HIGH_V_HIGH_S007,G0_D045_DENS_HIGH_V_HIGH,7,1.36002230644,9.82136357931,13.7258331441,0,0,1.36002230644,
G0_D045_DENS_HIGH_V_HIGH_S007,G0_D045_DENS_HIGH_V_HIGH,7,1.37002623081,10.9819220998,16.2945918782,0,0,1.37002623081,
G0_D045_DENS_HIGH_V_HIGH_S007,G0_D045_DENS_HIGH_V_HIGH,7,1.38003015518,10.707524886,16.507912957,0,0,1.38003015518,
G0_D045_DENS_HIGH_V_HIGH_S007,G0_D045_DENS_HIGH_V_HIGH,7,1.39003396034,13.1530201027,18.0709740644,0,0,1.39003396034,
G0_D045_DENS_HIGH_V_HIGH_S007,G0_D045_DENS_HIGH_V_HIGH,7,1.40000188351,12.8678444704,17.7729734699,0,0,1.40000188351,
G0_D045_DENS_HIGH_V_HIGH_S007,G0_D045_DENS_HIGH_V_HIGH,7,1.41000568867,13.0826836878,20.5771502086,0,0,1.41000568867,
G0_D045_DENS_HIGH_V_HIGH_S007,G0_D045_DENS_HIGH_V_HIGH,7,1.42000961304,12.4532725537,20.3763883296,0,0,1.42000961304,
G0_D045_DENS_HIGH_V_HIGH_S007,G0_D045_DENS_HIGH_V_HIGH,7,1.4300134182,11.3037288509,23.2167540823,0,0,1.4300134182,
G0_D045_DENS_HIGH_V_HIGH_S007,G0_D045_DENS_HIGH_V_HIGH,7,1.44001722336,11.5968883263,20.4878583467,0,0,1.44001722336,
G0_D045_DENS_HIGH_V_HIGH_S007,G0_D045_DENS_HIGH_V_HIGH,7,1.45002114773,9.05581494802,14.0508753536,0,0,1.45002114773,
G0_D045_DENS_HIGH_V_HIGH_S007,G0_D045_DENS_HIGH_V_HIGH,7,1.46002495289,11.4690140531,16.5692673586,0,0,1.46002495289,
G0_D045_DENS_HIGH_V_HIGH_S007,G0_D045_DENS_HIGH_V_HIGH,7,1.47002887726,11.9679044719,14.7493917402,0,0,1.47002887726,
G0_D045_DENS_HIGH_V_HIGH_S007,G0_D045_DENS_HIGH_V_HIGH,7,1.48003268242,12.1997989651,15.4424318265,0,0,1.48003268242,
G0_D045_DENS_HIGH_V_HIGH_S007,G0_D045_DENS_HIGH_V_HIGH,7,1.49000060558,12.1017324724,17.5950237593,0,0,1.49000060558,
G0_D045_DENS_HIGH_V_HIGH_S007,G0_D045_DENS_HIGH_V_HIGH,7,1.50000441074,13.8119550314,18.5861639234,0,0,1.50000441074,
G0_D045_DENS_HIGH_V_HIGH_S007,G0_D045_DENS_HIGH_V_HIGH,7,1.51000833511,10.9110553219,17.7655211644,0,0,1.51000833511,
G0_D045_DENS_HIGH_V_HIGH_S007,G0_D045_DENS_HIGH_V_HIGH,7,1.52001214027,10.9171387617,18.9771016522,0,0,1.52001214027,
G0_D045_DENS_HIGH_V_HIGH_S007,G0_D045_DENS_HIGH_V_HIGH,7,1.53001606464,14.3831920251,21.8817294648,0,0,1.53001606464,
G0_D045_DENS_HIGH_V_HIGH_S007,G0_D045_DENS_HIGH_V_HIGH,7,1.5400198698,12.5869232549,17.8111759047,0,0,1.5400198698,
G0_D045_DENS_HIGH_V_HIGH_S007,G0_D045_DENS_HIGH_V_HIGH,7,1.55002367496,11.5680890797,15.6466479981,0,0,1.55002367496,
G0_D045_DENS_HIGH_V_HIGH_S007,G0_D045_DENS_HIGH_V_HIGH,7,1.56002759933,13.9427605002,19.3637864114,0,0,1.56002759933,
G0_D045_DENS_HIGH_V_HIGH_S007,G0_D045_DENS_HIGH_V_HIGH,7,1.5700314045,12.7307314431,16.3353726087,0,0,1.5700314045,
G0_D045_DENS_HIGH_V_HIGH_S007,G0_D045_DENS_HIGH_V_HIGH,7,1.58003520966,10.7593907004,16.2543548683,0,0,1.58003520966,
G0_D045_DENS_HIGH_V_HIGH_S007,G0_D045_DENS_HIGH_V_HIGH,7,1.59000313282,10.7860224434,13.3589543693,0,0,1.59000313282,
G0_D045_DENS_HIGH_V_HIGH_S007,G0_D045_DENS_HIGH_V_HIGH,7,1.60000693798,14.0241631572,19.5836375314,0,0,1.60000693798,
G0_D045_DENS_HIGH_V_HIGH_S007,G0_D045_DENS_HIGH_V_HIGH,7,1.61001086235,12.2332348582,17.4818595973,0,0,1.61001086235,
G0_D045_DENS_HIGH_V_HIGH_S007,G0_D045_DENS_HIGH_V_HIGH,7,1.62001466751,12.63563222,16.4012500292,0,0,1.62001466751,
G0_D045_DENS_HIGH_V_HIGH_S007,G0_D045_DENS_HIGH_V_HIGH,7,1.63001847267,11.2292477761,16.3404705055,0,0,1.63001847267,
G0_D045_DENS_HIGH_V_HIGH_S007,G0_D045_DENS_HIGH_V_HIGH,7,1.64002239704,10.5592719337,17.7788041885,0,0,1.64002239704,
G0_D045_DENS_HIGH_V_HIGH_S007,G0_D045_DENS_HIGH_V_HIGH,7,1.6500262022,14.1883592349,23.7659915529,0,0,1.6500262022,
G0_D045_DENS_HIGH_V_HIGH_S007,G0_D045_DENS_HIGH_V_HIGH,7,1.66003000736,12.3740450757,19.3393975862,0,0,1.66003000736,
G0_D045_DENS_HIGH_V_HIGH_S007,G0_D045_DENS_HIGH_V_HIGH,7,1.67003393173,11.61434195,20.1919261488,0,0,1.67003393173,
G0_D045_DENS_HIGH_V_HIGH_S007,G0_D045_DENS_HIGH_V_HIGH,7,1.68000173569,13.2542802862,20.5157983387,0,0,1.68000173569,
G0_D045_DENS_HIGH_V_HIGH_S007,G0_D045_DENS_HIGH_V_HIGH,7,1.69000554085,14.0885988043,19.7972183939,0,0,1.69000554085,
G0_D045_DENS_HIGH_V_HIGH_S007,G0_D045_DENS_HIGH_V_HIGH,7,1.70000946522,12.7027741765,19.328223398,0,0,1.70000946522,
G0_D045_DENS_HIGH_V_HIGH_S007,G0_D045_DENS_HIGH_V_HIGH,7,1.71001327038,12.8871662612,16.5922348369,0,0,1.71001327038,
G0_D045_DENS_HIGH_V_HIGH_S007,G0_D045_DENS_HIGH_V_HIGH,7,1.72001707554,13.5470790227,16.0843894787,0,0,1.72001707554,
G0_D045_DENS_HIGH_V_HIGH_S007,G0_D045_DENS_HIGH_V_HIGH,7,1.73002099991,15.488836871,16.2163171834,0,0,1.73002099991,
G0_D045_DENS_HIGH_V_HIGH_S007,G0_D045_DENS_HIGH_V_HIGH,7,1.74002480507,13.1181757928,17.9448669933,0,0,1.74002480507,
G0_D045_DENS_HIGH_V_HIGH_S007,G0_D045_DENS_HIGH_V_HIGH,7,1.75002861023,12.1598482806,17.8284537443,0,0,1.75002861023,
G0_D045_DENS_HIGH_V_HIGH_S007,G0_D045_DENS_HIGH_V_HIGH,7,1.76003241539,14.3241858826,26.5259086974,0,0,1.76003241539,
G0_D045_DENS_HIGH_V_HIGH_S007,G0_D045_DENS_HIGH_V_HIGH,7,1.77000033855,17.0542381026,20.6641381159,0,0,1.77000033855,
G0_D045_DENS_HIGH_V_HIGH_S007,G0_D045_DENS_HIGH_V_HIGH,7,1.78000414371,11.3487874451,19.1617707579,0,0,1.78000414371,
G0_D045_DENS_HIGH_V_HIGH_S007,G0_D045_DENS_HIGH_V_HIGH,7,1.79000794888,12.299452709,22.275622924,0,0,1.79000794888,
G0_D045_DENS_HIGH_V_HIGH_S007,G0_D045_DENS_HIGH_V_HIGH,7,1.80001175404,13.5157853048,18.486851179,0,0,1.80001175404,
G0_D045_DENS_HIGH_V_HIGH_S007,G0_D045_DENS_HIGH_V_HIGH,7,1.81001567841,12.9555976676,14.8964840085,0,0,1.81001567841,
G0_D045_DENS_HIGH_V_HIGH_S007,G0_D045_DENS_HIGH_V_HIGH,7,1.82001948357,13.9767037304,16.0313533611,0,0,1.82001948357,
G0_D045_DENS_HIGH_V_HIGH_S007,G0_D045_DENS_HIGH_V_HIGH,7,1.83002328873,12.1597308485,15.9938860786,0,0,1.83002328873,
G0_D045_DENS_HIGH_V_HIGH_S007,G0_D045_DENS_HIGH_V_HIGH,7,1.84002709389,12.4209940953,14.4729907334,0,0,1.84002709389,
G0_D045_DENS_HIGH_V_HIGH_S007,G0_D045_DENS_HIGH_V_HIGH,7,1.85003089905,14.5022205194,16.6154712164,0,0,1.85003089905,
G0_D045_DENS_HIGH_V_HIGH_S007,G0_D045_DENS_HIGH_V_HIGH,7,1.86003482342,12.2632022848,14.4450815076,0,0,1.86003482342,
G0_D045_DENS_HIGH_V_HIGH_S007,G0_D045_DENS_HIGH_V_HIGH,7,1.87000262737,12.418680761,18.2910554982,0,0,1.87000262737,
G0_D045_DENS_HIGH_V_HIGH_S007,G0_D045_DENS_HIGH_V_HIGH,7,1.88000643253,15.7556409141,17.3198680542,0,0,1.88000643253,
G0_D045_DENS_HIGH_V_HIGH_S007,G0_D045_DENS_HIGH_V_HIGH,7,1.89001023769,14.6122290055,19.1678920672,0,0,1.89001023769,
G0_D045_DENS_HIGH_V_HIGH_S007,G0_D045_DENS_HIGH_V_HIGH,7,1.90001404285,12.8730038046,18.5536312281,0,0,1.90001404285,
G0_D045_DENS_HIGH_V_HIGH_S007,G0_D045_DENS_HIGH_V_HIGH,7,1.91001796722,18.8463292091,25.0449392176,0,0,1.91001796722,
G0_D045_DENS_HIGH_V_HIGH_S007,G0_D045_DENS_HIGH_V_HIGH,7,1.92002177238,13.7080115644,18.4910223223,0,0,1.92002177238,
G0_D045_DENS_HIGH_V_HIGH_S007,G0_D045_DENS_HIGH_V_HIGH,7,1.93002557755,13.5007447942,17.9737892991,0,0,1.93002557755,
G0_D045_DENS_HIGH_V_HIGH_S007,G0_D045_DENS_HIGH_V_HIGH,7,1.94002938271,12.8646085655,18.6583149964,0,0,1.94002938271,
G0_D045_DENS_HIGH_V_HIGH_S007,G0_D045_DENS_HIGH_V_HIGH,7,1.95003318787,16.1979590268,20.4847384611,0,0,1.95003318787,
G0_D045_DENS_HIGH_V_HIGH_S007,G0_D045_DENS_HIGH_V_HIGH,7,1.96000099182,12.9203619175,16.6612132626,0,0,1.96000099182,
G0_D045_DENS_HIGH_V_HIGH_S007,G0_D045_DENS_HIGH_V_HIGH,7,1.97000491619,17.312445814,21.5759878581,0,0,1.97000491619,
G0_D045_DENS_HIGH_V_HIGH_S007,G0_D045_DENS_HIGH_V_HIGH,7,1.98000872135,13.8170944098,16.0217192319,0,0,1.98000872135,
G0_D045_DENS_HIGH_V_HIGH_S007,G0_D045_DENS_HIGH_V_HIGH,7,1.99001252651,16.7686710303,16.517519406,0,0,1.99001252651,
G0_D045_DENS_HIGH_V_HIGH_S007,G0_D045_DENS_HIGH_V_HIGH,7,2.00001621246,13.5816086454,17.8503391664,0,0,2.00001621246,
G0_D045_DENS_HIGH_V_HIGH_S007,G0_D045_DENS_HIGH_V_HIGH,7,2.01002025604,16.04039287,19.9423330683,0,0,2.01002025604,
G0_D045_DENS_HIGH_V_HIGH_S007,G0_D045_DENS_HIGH_V_HIGH,7,2.0200240612,12.4988001085,17.5380618094,0,0,2.0200240612,
G0_D045_DENS_HIGH_V_HIGH_S007,G0_D045_DENS_HIGH_V_HIGH,7,2.03002786636,14.460784665,19.3979368588,0,0,2.03002786636,
G0_D045_DENS_HIGH_V_HIGH_S007,G0_D045_DENS_HIGH_V_HIGH,7,2.04003167152,12.1766495041,14.2887548011,0,0,2.04003167152,
G0_D045_DENS_HIGH_V_HIGH_S007,G0_D045_DENS_HIGH_V_HIGH,7,2.05003547668,14.9850948975,18.8531130576,0,0,2.05003547668,
G0_D045_DENS_HIGH_V_HIGH_S007,G0_D045_DENS_HIGH_V_HIGH,7,2.06000328064,12.3362780129,21.6318366308,0,0,2.06000328064,
G0_D045_DENS_HIGH_V_HIGH_S007,G0_D045_DENS_HIGH_V_HIGH,7,2.0700070858,15.2809714278,17.4319902717,0,0,2.0700070858,
G0_D045_DENS_HIGH_V_HIGH_S007,G0_D045_DENS_HIGH_V_HIGH,7,2.08001089096,12.7444379872,14.8860410852,0,0,2.08001089096,
G0_D045_DENS_HIGH_V_HIGH_S007,G0_D045_DENS_HIGH_V_HIGH,7,2.09001469612,14.2009958427,14.0681325305,0,0,2.09001469612,
G0_D045_DENS_HIGH_V_HIGH_S007,G0_D045_DENS_HIGH_V_HIGH,7,2.10001850128,15.7184418233,16.6453698441,0,0,2.10001850128,
G0_D045_DENS_HIGH_V_HIGH_S007,G0_D045_DENS_HIGH_V_HIGH,7,2.11002230644,14.9368341697,19.024648313,0,0,2.11002230644,
G0_D045_DENS_HIGH_V_HIGH_S007,G0_D045_DENS_HIGH_V_HIGH,7,2.1200261116,16.9271566875,20.6767774801,0,0,2.1200261116,
G0_D045_DENS_HIGH_V_HIGH_S007,G0_D045_DENS_HIGH_V_HIGH,7,2.13002991676,13.966484841,17.8346571214,0,0,2.13002991676,
G0_D045_DENS_HIGH_V_HIGH_S007,G0_D045_DENS_HIGH_V_HIGH,7,2.14003372192,16.0584006501,19.2596100383,0,0,2.14003372192,
G0_D045_DENS_HIGH_V_HIGH_S007,G0_D045_DENS_HIGH_V_HIGH,7,2.15000152588,14.8178931738,20.3877228268,0,0,2.15000152588,
G0_D045_DENS_HIGH_V_HIGH_S007,G0_D045_DENS_HIGH_V_HIGH,7,2.16000533104,15.4973779407,19.7350280494,0,0,2.16000533104,
G0_D045_DENS_HIGH_V_HIGH_S007,G0_D045_DENS_HIGH_V_HIGH,7,2.1700091362,18.7967360499,17.4916394105,0,0,2.1700091362,
G0_D045_DENS_HIGH_V_HIGH_S007,G0_D045_DENS_HIGH_V_HIGH,7,2.18001294136,14.1993671448,17.1456909133,0,0,2.18001294136,
G0_D045_DENS_HIGH_V_HIGH_S007,G0_D045_DENS_HIGH_V_HIGH,7,2.19001674652,14.4225417339,18.0383221245,0,0,2.19001674652,
G0_D045_DENS_HIGH_V_HIGH_S007,G0_D045_DENS_HIGH_V_HIGH,7,2.20002055168,14.5808539295,18.7994792909,0,0,2.20002055168,
G0_D045_DENS_HIGH_V_HIGH_S007,G0_D045_DENS_HIGH_V_HIGH,7,2.21002435684,14.0540630413,14.7411819647,0,0,2.21002435684,
G0_D045_DENS_HIGH_V_HIGH_S007,G0_D045_DENS_HIGH_V_HIGH,7,2.220028162,15.0895234432,17.4179741628,0,0,2.220028162,
G0_D045_DENS_HIGH_V_HIGH_S007,G0_D045_DENS_HIGH_V_HIGH,7,2.23003196716,17.5966804549,18.1699960005,0,0,2.23003196716,
G0_D045_DENS_HIGH_V_HIGH_S007,G0_D045_DENS_HIGH_V_HIGH,7,2.24003577232,15.423263745,18.0931845264,0,0,2.24003577232,
G0_D045_DENS_HIGH_V_HIGH_S007,G0_D045_DENS_HIGH_V_HIGH,7,2.25000357628,16.0379736167,20.2181061304,0,0,2.25000357628,
G0_D045_DENS_HIGH_V_HIGH_S007,G0_D045_DENS_HIGH_V_HIGH,7,2.26000738144,15.8343679629,22.2265214029,0,0,2.26000738144,
G0_D045_DENS_HIGH_V_HIGH_S007,G0_D045_DENS_HIGH_V_HIGH,7,2.2700111866,13.7138939114,17.8635911749,0,0,2.2700111866,
G0_D045_DENS_HIGH_V_HIGH_S007,G0_D045_DENS_HIGH_V_HIGH,7,2.28001499176,17.0966533248,17.5454142242,0,0,2.28001499176,
G0_D045_DENS_HIGH_V_HIGH_S007,G0_D045_DENS_HIGH_V_HIGH,7,2.29001879692,19.4584356203,24.4437347109,0,0,2.29001879692,
G0_D045_DENS_HIGH_V_HIGH_S007,G0_D045_DENS_HIGH_V_HIGH,7,2.30002260208,16.3432262889,19.0656216092,0,0,2.30002260208,
G0_D045_DENS_HIGH_V_HIGH_S007,G0_D045_DENS_HIGH_V_HIGH,7,2.31002640724,14.9367359259,17.4085491834,0,0,2.31002640724,
G0_D045_DENS_HIGH_V_HIGH_S007,G0_D045_DENS_HIGH_V_HIGH,7,2.3200302124,15.3198360579,15.5393881091,0,0,2.3200302124,
G0_D045_DENS_HIGH_V_HIGH_S007,G0_D045_DENS_HIGH_V_HIGH,7,2.33003401756,14.3095030408,17.2134067658,0,0,2.33003401756,
G0_D045_DENS_HIGH_V_HIGH_S007,G0_D045_DENS_HIGH_V_HIGH,7,2.34000182152,17.1750150294,19.2379294261,0,0,2.34000182152,
G0_D045_DENS_HIGH_V_HIGH_S007,G0_D045_DENS_HIGH_V_HIGH,7,2.35000562668,14.9957696995,17.3532614393,0,0,2.35000562668,
G0_D045_DENS_HIGH_V_HIGH_S007,G0_D045_DENS_HIGH_V_HIGH,7,2.36000943184,18.7577962019,19.8981552302,0,0,2.36000943184,
G0_D045_DENS_HIGH_V_HIGH_S007,G0_D045_DENS_HIGH_V_HIGH,7,2.370013237,17.5907842923,20.6046647758,0,0,2.370013237,
G0_D045_DENS_HIGH_V_HIGH_S007,G0_D045_DENS_HIGH_V_HIGH,7,2.38001704216,17.8252400319,22.9906463848,0,0,2.38001704216,
G0_D045_DENS_HIGH_V_HIGH_S007,G0_D045_DENS_HIGH_V_HIGH,7,2.39002084732,16.8813919661,19.0367351087,0,0,2.39002084732,
G0_D045_DENS_HIGH_V_HIGH_S007,G0_D045_DENS_HIGH_V_HIGH,7,2.40002465248,16.1531905588,18.9853428412,0,0,2.40002465248,
G0_D045_DENS_HIGH_V_HIGH_S007,G0_D045_DENS_HIGH_V_HIGH,7,2.41002845764,16.0864016659,20.0583270889,0,0,2.41002845764,
G0_D045_DENS_HIGH_V_HIGH_S007,G0_D045_DENS_HIGH_V_HIGH,7,2.4200322628,15.7217897875,18.6299743624,0,0,2.4200322628,
G0_D045_DENS_HIGH_V_HIGH_S007,G0_D045_DENS_HIGH_V_HIGH,7,2.43000006676,17.8766338156,20.6846030282,0,0,2.43000006676,
G0_D045_DENS_HIGH_V_HIGH_S007,G0_D045_DENS_HIGH_V_HIGH,7,2.44000387192,15.9142079295,16.9481648128,0,0,2.44000387192,
G0_D045_DENS_HIGH_V_HIGH_S007,G0_D045_DENS_HIGH_V_HIGH,7,2.45000767708,16.902115266,17.5127316058,0,0,2.45000767708,
G0_D045_DENS_HIGH_V_HIGH_S007,G0_D045_DENS_HIGH_V_HIGH,7,2.46001148224,17.263609439,17.2476714135,0,0,2.46001148224,
G0_D045_DENS_HIGH_V_HIGH_S007,G0_D045_DENS_HIGH_V_HIGH,7,2.4700152874,14.3798778322,17.8391215255,0,0,2.4700152874,
G0_D045_DENS_HIGH_V_HIGH_S007,G0_D045_DENS_HIGH_V_HIGH,7,2.48001909256,14.4069700929,17.2492518154,0,0,2.48001909256,
G0_D045_DENS_HIGH_V_HIGH_S007,G0_D045_DENS_HIGH_V_HIGH,7,2.4900226593,18.1939612639,22.7152356743,0,0,2.4900226593,
G0_D045_DENS_HIGH_V_HIGH_S007,G0_D045_DENS_HIGH_V_HIGH,7,2.50002646446,16.2084373413,20.6671001318,0,0,2.50002646446,
G0_D045_DENS_HIGH_V_HIGH_S007,G0_D045_DENS_HIGH_V_HIGH,7,2.51003026962,16.083709172,21.6612827031,0,0,2.51003026962,
G0_D045_DENS_HIGH_V_HIGH_S007,G0_D045_DENS_HIGH_V_HIGH,7,2.52003407478,15.1419503218,19.0757700338,0,0,2.52003407478,
G0_D045_DENS_HIGH_V_HIGH_S007,G0_D045_DENS_HIGH_V_HIGH,7,2.53000187874,16.1513147164,16.6693634222,0,0,2.53000187874,
G0_D045_DENS_HIGH_V_HIGH_S007,G0_D045_DENS_HIGH_V_HIGH,7,2.5400056839,16.8673630596,18.6171691581,0,0,2.5400056839,
G0_D045_DENS_HIGH_V_HIGH_S007,G0_D045_DENS_HIGH_V_HIGH,7,2.55000948906,17.3080801055,17.5830164402,0,0,2.55000948906,
G0_D045_DENS_HIGH_V_HIGH_S007,G0_D045_DENS_HIGH_V_HIGH,7,2.56001329422,20.3158214738,23.158015575,0,0,2.56001329422,
G0_D045_DENS_HIGH_V_HIGH_S007,G0_D045_DENS_HIGH_V_HIGH,7,2.57001709938,18.0325421084,20.0445985579,0,0,2.57001709938,
G0_D045_DENS_HIGH_V_HIGH_S007,G0_D045_DENS_HIGH_V_HIGH,7,2.58002090454,17.8833512349,15.8554874425,0,0,2.58002090454,
G0_D045_DENS_HIGH_V_HIGH_S007,G0_D045_DENS_HIGH_V_HIGH,7,2.5900247097,18.1321935498,16.375913916,0,0,2.5900247097,
G0_D045_DENS_HIGH_V_HIGH_S007,G0_D045_DENS_HIGH_V_HIGH,7,2.60002851486,18.7953345408,19.6850716671,0,0,2.60002851486,
G0_D045_DENS_HIGH_V_HIGH_S007,G0_D045_DENS_HIGH_V_HIGH,7,2.61003232002,17.196042271,19.4448968875,0,0,2.61003232002,
G0_D045_DENS_HIGH_V_HIGH_S007,G0_D045_DENS_HIGH_V_HIGH,7,2.61999988556,15.3674781568,18.6136985104,0,0,2.61999988556,
G0_D045_DENS_HIGH_V_HIGH_S007,G0_D045_DENS_HIGH_V_HIGH,7,2.63000369072,18.1898380947,20.7789161642,0,0,2.63000369072,
G0_D045_DENS_HIGH_V_HIGH_S007,G0_D045_DENS_HIGH_V_HIGH,7,2.64000749588,16.3997671262,18.7938491634,0,0,2.64000749588,
G0_D045_DENS_HIGH_V_HIGH_S007,G0_D045_DENS_HIGH_V_HIGH,7,2.65001130104,14.8242575294,16.1420051038,0,0,2.65001130104,
G0_D045_DENS_HIGH_V_HIGH_S007,G0_D045_DENS_HIGH_V_HIGH,7,2.6600151062,20.4198217381,17.3596294026,0,0,2.6600151062,
G0_D045_DENS_HIGH_V_HIGH_S007,G0_D045_DENS_HIGH_V_HIGH,7,2.67001891136,18.23103755,26.661277949,0,0,2.67001891136,
G0_D045_DENS_HIGH_V_HIGH_S007,G0_D045_DENS_HIGH_V_HIGH,7,2.68002271652,18.6698035355,20.9346607038,0,0,2.68002271652,
G0_D045_DENS_HIGH_V_HIGH_S007,G0_D045_DENS_HIGH_V_HIGH,7,2.69002652168,18.5807102317,21.9128860488,0,0,2.69002652168,
G0_D045_DENS_HIGH_V_HIGH_S007,G0_D045_DENS_HIGH_V_HIGH,7,2.70003032684,18.6585561564,17.5216410677,0,0,2.70003032684,
G0_D045_DENS_HIGH_V_HIGH_S007,G0_D045_DENS_HIGH_V_HIGH,7,2.710034132,16.9055461234,17.816715517,0,0,2.710034132,
G0_D045_DENS_HIGH_V_HIGH_S007,G0_D045_DENS_HIGH_V_HIGH,7,2.72000193596,16.8729506753,18.4166927054,0,0,2.72000193596,
G0_D045_DENS_HIGH_V_HIGH_S007,G0_D045_DENS_HIGH_V_HIGH,7,2.7300055027,16.0618714191,17.6554402118,0,0,2.7300055027,
G0_D045_DENS_HIGH_V_HIGH_S007,G0_D045_DENS_HIGH_V_HIGH,7,2.74000930786,16.832191782,20.9998878281,0,0,2.74000930786,
G0_D045_DENS_HIGH_V_HIGH_S007,G0_D045_DENS_HIGH_V_HIGH,7,2.75001311302,21.0544766346,21.0743003675,0,0,2.75001311302,
G0_D045_DENS_HIGH_V_HIGH_S007,G0_D045_DENS_HIGH_V_HIGH,7,2.76001691818,17.2116461483,18.9199474848,0,0,2.76001691818,
G0_D045_DENS_HIGH_V_HIGH_S007,G0_D045_DENS_HIGH_V_HIGH,7,2.77002072334,15.7630506451,17.8587479208,0,0,2.77002072334,
G0_D045_DENS_HIGH_V_HIGH_S007,G0_D045_DENS_HIGH_V_HIGH,7,2.7800245285,16.742185118,16.6178930214,0,0,2.7800245285,
G0_D045_DENS_HIGH_V_HIGH_S007,G0_D045_DENS_HIGH_V_HIGH,7,2.79002833366,18.1583095128,18.127513581,0,0,2.79002833366,
G0_D045_DENS_HIGH_V_HIGH_S007,G0_D045_DENS_HIGH_V_HIGH,7,2.80003190041,14.5978194043,14.9102357193,0,0,2.80003190041,
G0_D045_DENS_HIGH_V_HIGH_S007,G0_D045_DENS_HIGH_V_HIGH,7,2.81003570557,17.9939998407,16.4510593184,0,0,2.81003570557,
G0_D045_DENS_HIGH_V_HIGH_S007,G0_D045_DENS_HIGH_V_HIGH,7,2.82000350952,17.0882089638,14.1234678026,0,0,2.82000350952,
G0_D045_DENS_HIGH_V_HIGH_S007,G0_D045_DENS_HIGH_V_HIGH,7,2.83000731468,20.0672969162,15.9948919021,0,0,2.83000731468,
G0_D045_DENS_HIGH_V_HIGH_S007,G0_D045_DENS_HIGH_V_HIGH,7,2.84001111984,21.2903876103,18.7848939414,0,0,2.84001111984,
G0_D045_DENS_HIGH_V_HIGH_S007,G0_D045_DENS_HIGH_V_HIGH,7,2.850014925,17.4693657108,18.2839388065,0,0,2.850014925,
G0_D045_DENS_HIGH_V_HIGH_S007,G0_D045_DENS_HIGH_V_HIGH,7,2.86001873016,17.6223128743,20.2267754727,0,0,2.86001873016,
G0_D045_DENS_HIGH_V_HIGH_S007,G0_D045_DENS_HIGH_V_HIGH,7,2.87002253532,15.9491581586,17.8969076387,0,0,2.87002253532,
G0_D045_DENS_HIGH_V_HIGH_S007,G0_D045_DENS_HIGH_V_HIGH,7,2.88002610207,19.3952756074,19.6136033296,0,0,2.88002610207,
G0_D045_DENS_HIGH_V_HIGH_S007,G0_D045_DENS_HIGH_V_HIGH,7,2.89002990723,22.9037625137,18.2753110134,0,0,2.89002990723,
G0_D045_DENS_HIGH_V_HIGH_S007,G0_D045_DENS_HIGH_V_HIGH,7,2.90003085136,18.5919069539,19.7918788407,0,0,2.90003085136,
G0_D045_DENS_HIGH_V_HIGH_S007,G0_D045_DENS_HIGH_V_HIGH,7,2.91003441811,17.8934764857,20.7042797035,0,0,2.91003441811,
G0_D045_DENS_HIGH_V_HIGH_S007,G0_D045_DENS_HIGH_V_HIGH,7,2.92000222206,20.4295018217,18.7049761835,0,0,2.92000222206,
G0_D045_DENS_HIGH_V_HIGH_S007,G0_D045_DENS_HIGH_V_HIGH,7,2.93000602722,20.955621889,21.8429563255,0,0,2.93000602722,
G0_D045_DENS_HIGH_V_HIGH_S007,G0_D045_DENS_HIGH_V_HIGH,7,2.94000983238,21.0854633406,17.4439485801,0,0,2.94000983238,
G0_D045_DENS_HIGH_V_HIGH_S007,G0_D045_DENS_HIGH_V_HIGH,7,2.95001363754,18.6560263788,17.0168897643,0,0,2.95001363754,
G0_D045_DENS_HIGH_V_HIGH_S007,G0_D045_DENS_HIGH_V_HIGH,7,2.9600174427,24.0454966025,18.1806485609,0,0,2.9600174427,
G0_D045_DENS_HIGH_V_HIGH_S007,G0_D045_DENS_HIGH_V_HIGH,7,2.97002124786,21.297996899,18.8831142682,0,0,2.97002124786,
G0_D045_DENS_HIGH_V_HIGH_S007,G0_D045_DENS_HIGH_V_HIGH,7,2.98002481461,20.0570457906,22.0204252962,0,0,2.98002481461,
G0_D045_DENS_HIGH_V_HIGH_S007,G0_D045_DENS_HIGH_V_HIGH,7,2.99002861977,24.2056554744,18.9362014856,0,0,2.99002861977,
G0_D045_DENS_HIGH_V_HIGH_S007,G0_D045_DENS_HIGH_V_HIGH,7,3.00003242493,18.9442951554,19.5103118496,0,0,3.00003242493,
G0_D045_DENS_HIGH_V_HIGH_S007,G0_D045_DENS_HIGH_V_HIGH,7,3.01000022888,18.313373523,18.6299231684,0,0,3.01000022888,
G0_D045_DENS_HIGH_V_HIGH_S007,G0_D045_DENS_HIGH_V_HIGH,7,3.02003192902,16.3382573021,15.7320309234,0,0,3.02003192902,
G0_D045_DENS_HIGH_V_HIGH_S007,G0_D045_DENS_HIGH_V_HIGH,7,3.03003549576,18.1554865388,16.1488187749,0,0,3.03003549576,
G0_D045_DENS_HIGH_V_HIGH_S007,G0_D045_DENS_HIGH_V_HIGH,7,3.04000329971,19.3887331849,15.881689514,0,0,3.04000329971,
G0_D045_DENS_HIGH_V_HIGH_S007,G0_D045_DENS_HIGH_V_HIGH,7,3.05000710487,20.4203789646,21.4653782842,0,0,3.05000710487,
G0_D045_DENS_HIGH_V_HIGH_S007,G0_D045_DENS_HIGH_V_HIGH,7,3.06001091003,20.9506129906,17.4024023965,0,0,3.06001091003,
G0_D045_DENS_HIGH_V_HIGH_S007,G0_D045_DENS_HIGH_V_HIGH,7,3.07001471519,21.5352403062,18.2048204948,0,0,3.07001471519,
G0_D045_DENS_HIGH_V_HIGH_S007,G0_D045_DENS_HIGH_V_HIGH,7,3.08001852036,20.4530419553,18.8693488924,0,0,3.08001852036,
G0_D045_DENS_HIGH_V_HIGH_S007,G0_D045_DENS_HIGH_V_HIGH,7,3.0900220871,20.3324200695,17.9432479014,0,0,3.0900220871,
G0_D045_DENS_HIGH_V_HIGH_S007,G0_D045_DENS_HIGH_V_HIGH,7,3.10002589226,21.706176829,22.2179059159,0,0,3.10002589226,
G0_D045_DENS_HIGH_V_HIGH_S007,G0_D045_DENS_HIGH_V_HIGH,7,3.11002969742,20.5966313976,20.1881872734,0,0,3.11002969742,
G0_D045_DENS_HIGH_V_HIGH_S007,G0_D045_DENS_HIGH_V_HIGH,7,3.12003350258,20.4905465229,20.7154217466,0,0,3.12003350258,
G0_D045_DENS_HIGH_V_HIGH_S007,G0_D045_DENS_HIGH_V_HIGH,7,3.13000106812,20.4054750743,19.3382502108,0,0,3.13000106812,
G0_D045_DENS_HIGH_V_HIGH_S007,G0_D045_DENS_HIGH_V_HIGH,7,3.14000487328,23.8504442989,23.0052711445,0,0,3.14000487328,
G0_D045_DENS_HIGH_V_HIGH_S007,G0_D045_DENS_HIGH_V_HIGH,7,3.15000033379,18.3411166488,19.1507324445,0,0,3.15000033379,
G0_D045_DENS_HIGH_V_HIGH_S007,G0_D045_DENS_HIGH_V_HIGH,7,3.16000413895,18.591988312,17.9850132465,0,0,3.16000413895,
G0_D045_DENS_HIGH_V_HIGH_S007,G0_D045_DENS_HIGH_V_HIGH,7,3.17000794411,20.2189500248,17.6728184691,0,0,3.17000794411,
G0_D045_DENS_HIGH_V_HIGH_S007,G0_D045_DENS_HIGH_V_HIGH,7,3.18001151085,20.2060478518,17.7700889568,0,0,3.18001151085,
G0_D045_DENS_HIGH_V_HIGH_S007,G0_D045_DENS_HIGH_V_HIGH,7,3.19001531601,22.2164965314,19.711953003,0,0,3.19001531601,
G0_D045_DENS_HIGH_V_HIGH_S007,G0_D045_DENS_HIGH_V_HIGH,7,3.20001912117,21.8932944114,20.32824507,0,0,3.20001912117,
G0_D045_DENS_HIGH_V_HIGH_S007,G0_D045_DENS_HIGH_V_HIGH,7,3.21002292633,20.9696799616,18.6736270426,0,0,3.21002292633,
G0_D045_DENS_HIGH_V_HIGH_S007,G0_D045_DENS_HIGH_V_HIGH,7,3.22002673149,18.1662549795,19.3918669922,0,0,3.22002673149,
G0_D045_DENS_HIGH_V_HIGH_S007,G0_D045_DENS_HIGH_V_HIGH,7,3.23003029823,19.8712575695,21.8742593678,0,0,3.23003029823,
G0_D045_DENS_HIGH_V_HIGH_S007,G0_D045_DENS_HIGH_V_HIGH,7,3.24003410339,22.6559241275,25.0071794914,0,0,3.24003410339,
G0_D045_DENS_HIGH_V_HIGH_S007,G0_D045_DENS_HIGH_V_HIGH,7,3.25000190735,20.1975743247,18.584219334,0,0,3.25000190735,
G0_D045_DENS_HIGH_V_HIGH_S007,G0_D045_DENS_HIGH_V_HIGH,7,3.26000571251,22.6808273938,20.8900475666,0,0,3.26000571251,
G0_D045_DENS_HIGH_V_HIGH_S007,G0_D045_DENS_HIGH_V_HIGH,7,3.27000927925,19.9421358602,21.3930826112,0,0,3.27000927925,
G0_D045_DENS_HIGH_V_HIGH_S007,G0_D045_DENS_HIGH_V_HIGH,7,3.28001308441,17.8108181502,20.0101557129,0,0,3.28001308441,
G0_D045_DENS_HIGH_V_HIGH_S007,G0_D045_DENS_HIGH_V_HIGH,7,3.29001688957,19.9515687993,19.7393207804,0,0,3.29001688957,
G0_D045_DENS_HIGH_V_HIGH_S007,G0_D045_DENS_HIGH_V_HIGH,7,3.30002069473,18.5013384581,17.2036505562,0,0,3.30002069473,
G0_D045_DENS_HIGH_V_HIGH_S007,G0_D045_DENS_HIGH_V_HIGH,7,3.31002426147,21.0355324684,19.2340320451,0,0,3.31002426147,
G0_D045_DENS_HIGH_V_HIGH_S007,G0_D045_DENS_HIGH_V_HIGH,7,3.32002806664,21.2381434038,19.266902879,0,0,3.32002806664,
G0_D045_DENS_HIGH_V_HIGH_S007,G0_D045_DENS_HIGH_V_HIGH,7,3.3300318718,22.3149828628,21.6082106296,0,0,3.3300318718,
G0_D045_DENS_HIGH_V_HIGH_S007,G0_D045_DENS_HIGH_V_HIGH,7,3.34003567696,19.7858361274,18.7056273047,0,0,3.34003567696,
G0_D045_DENS_HIGH_V_HIGH_S007,G0_D045_DENS_HIGH_V_HIGH,7,3.35000348091,19.8368937331,21.2600924498,0,0,3.35000348091,
G0_D045_DENS_HIGH_V_HIGH_S007,G0_D045_DENS_HIGH_V_HIGH,7,3.36000704765,20.0162132145,19.4810062182,0,0,3.36000704765,
G0_D045_DENS_HIGH_V_HIGH_S007,G0_D045_DENS_HIGH_V_HIGH,7,3.37001085281,19.2351673925,18.5882123131,0,0,3.37001085281,
G0_D045_DENS_HIGH_V_HIGH_S007,G0_D045_DENS_HIGH_V_HIGH,7,3.38001465797,23.358353425,32.6052419634,0,0,3.38001465797,
G0_D045_DENS_HIGH_V_HIGH_S007,G0_D045_DENS_HIGH_V_HIGH,7,3.39003348351,21.2708478411,23.9781554439,0,0,3.39003348351,
G0_D045_DENS_HIGH_V_HIGH_S007,G0_D045_DENS_HIGH_V_HIGH,7,3.40000128746,24.7135282923,20.3599090453,0,0,3.40000128746,
G0_D045_DENS_HIGH_V_HIGH_S007,G0_D045_DENS_HIGH_V_HIGH,7,3.4100048542,17.3349160113,17.1841670922,0,0,3.4100048542,
G0_D045_DENS_HIGH_V_HIGH_S007,G0_D045_DENS_HIGH_V_HIGH,7,3.42000865936,24.3706728087,18.7215560459,0,0,3.42000865936,
G0_D045_DENS_HIGH_V_HIGH_S007,G0_D045_DENS_HIGH_V_HIGH,7,3.43001246452,22.7653523613,17.7895506143,0,0,3.43001246452,
G0_D045_DENS_HIGH_V_HIGH_S007,G0_D045_DENS_HIGH_V_HIGH,7,3.44001626968,21.311130866,18.6951547482,0,0,3.44001626968,
G0_D045_DENS_HIGH_V_HIGH_S007,G0_D045_DENS_HIGH_V_HIGH,7,3.45001983643,22.6131143952,18.3944633514,0,0,3.45001983643,
G0_D045_DENS_HIGH_V_HIGH_S007,G0_D045_DENS_HIGH_V_HIGH,7,3.46002364159,27.7543993094,22.3355339833,0,0,3.46002364159,
G0_D045_DENS_HIGH_V_HIGH_S007,G0_D045_DENS_HIGH_V_HIGH,7,3.47002744675,21.608451887,20.1261669436,0,0,3.47002744675,
G0_D045_DENS_HIGH_V_HIGH_S007,G0_D045_DENS_HIGH_V_HIGH,7,3.48003125191,19.806476534,20.0422325154,0,0,3.48003125191,
G0_D045_DENS_HIGH_V_HIGH_S007,G0_D045_DENS_HIGH_V_HIGH,7,3.49003481865,24.4336685703,25.2596036117,0,0,3.49003481865,
G0_D045_DENS_HIGH_V_HIGH_S007,G0_D045_DENS_HIGH_V_HIGH,7,3.5000026226,17.5065187498,20.3246124612,0,0,3.5000026226,
G0_D045_DENS_HIGH_V_HIGH_S007,G0_D045_DENS_HIGH_V_HIGH,7,3.51000642776,24.5937890656,10.5872968701,0,0,3.51000642776,
G0_D045_DENS_HIGH_V_HIGH_S007,G0_D045_DENS_HIGH_V_HIGH,7,3.52000379562,24.2274210795,23.5478467109,0,0,3.52000379562,
G0_D045_DENS_HIGH_V_HIGH_S007,G0_D045_DENS_HIGH_V_HIGH,7,3.53000760078,22.2632866725,19.7108959887,0,0,3.53000760078,
G0_D045_DENS_HIGH_V_HIGH_S007,G0_D045_DENS_HIGH_V_HIGH,7,3.54001140594,20.8791820785,21.963846438,0,0,3.54001140594,
G0_D045_DENS_HIGH_V_HIGH_S007,G0_D045_DENS_HIGH_V_HIGH,7,3.55001521111,22.5456961279,17.4571086679,0,0,3.55001521111,
G0_D045_DENS_HIGH_V_HIGH_S007,G0_D045_DENS_HIGH_V_HIGH,7,3.56001877785,20.6799728344,16.9207494793,0,0,3.56001877785,
G0_D045_DENS_HIGH_V_HIGH_S007,G0_D045_DENS_HIGH_V_HIGH,7,3.57002258301,19.0586463242,18.3118223344,0,0,3.57002258301,
G0_D045_DENS_HIGH_V_HIGH_S007,G0_D045_DENS_HIGH_V_HIGH,7,3.58002638817,18.9642447854,18.2882180446,0,0,3.58002638817,
G0_D045_DENS_HIGH_V_HIGH_S007,G0_D045_DENS_HIGH_V_HIGH,7,3.59002995491,20.407618017,21.0422447239,0,0,3.59002995491,
G0_D045_DENS_HIGH_V_HIGH_S007,G0_D045_DENS_HIGH_V_HIGH,7,3.60003376007,19.9944230484,19.570856504,0,0,3.60003376007,
G0_D045_DENS_HIGH_V_HIGH_S007,G0_D045_DENS_HIGH_V_HIGH,7,3.61000156403,22.3083636873,19.5461920143,0,0,3.61000156403,
G0_D045_DENS_HIGH_V_HIGH_S007,G0_D045_DENS_HIGH_V_HIGH,7,3.62000536919,19.6114349758,18.0887910556,0,0,3.62000536919,
G0_D045_DENS_HIGH_V_HIGH_S007,G0_D045_DENS_HIGH_V_HIGH,7,3.63000893593,19.2182832758,18.5925714557,0,0,3.63000893593,
G0_D045_DENS_HIGH_V_HIGH_S007,G0_D045_DENS_HIGH_V_HIGH,7,3.64001274109,19.2089424403,17.6688478625,0,0,3.64001274109,
G0_D045_DENS_HIGH_V_HIGH_S007,G0_D045_DENS_HIGH_V_HIGH,7,3.65001654625,21.5422785528,17.3086319412,0,0,3.65001654625,
G0_D045_DENS_HIGH_V_HIGH_S007,G0_D045_DENS_HIGH_V_HIGH,7,3.66002011299,22.4440107331,18.6623065567,0,0,3.66002011299,
G0_D045_DENS_HIGH_V_HIGH_S007,G0_D045_DENS_HIGH_V_HIGH,7,3.67002391815,24.4094806416,22.9419865888,0,0,3.67002391815,
G0_D045_DENS_HIGH_V_HIGH_S007,G0_D045_DENS_HIGH_V_HIGH,7,3.68002772331,19.8797756133,17.5687654615,0,0,3.68002772331,
G0_D045_DENS_HIGH_V_HIGH_S007,G0_D045_DENS_HIGH_V_HIGH,7,3.69003129005,18.8882839135,16.8307289492,0,0,3.69003129005,
G0_D045_DENS_HIGH_V_HIGH_S007,G0_D045_DENS_HIGH_V_HIGH,7,3.70003509521,22.9405716994,20.8215205573,0,0,3.70003509521,
G0_D045_DENS_HIGH_V_HIGH_S007,G0_D045_DENS_HIGH_V_HIGH,7,3.71000289917,23.0191636629,22.3923092363,0,0,3.71000289917,
G0_D045_DENS_HIGH_V_HIGH_S007,G0_D045_DENS_HIGH_V_HIGH,7,3.72000646591,27.3342873639,21.4994215268,0,0,3.72000646591,
G0_D045_DENS_HIGH_V_HIGH_S007,G0_D045_DENS_HIGH_V_HIGH,7,3.73001027107,23.5664844335,19.3144653928,0,0,3.73001027107,
G0_D045_DENS_HIGH_V_HIGH_S007,G0_D045_DENS_HIGH_V_HIGH,7,3.74001407623,22.5013191001,20.5410683209,0,0,3.74001407623,
G0_D045_DENS_HIGH_V_HIGH_S007,G0_D045_DENS_HIGH_V_HIGH,7,3.75001764297,21.9238666515,15.3112373432,0,0,3.75001764297,
G0_D045_DENS_HIGH_V_HIGH_S007,G0_D045_DENS_HIGH_V_HIGH,7,3.76002144814,20.0946255761,19.3047853499,0,0,3.76002144814,
G0_D045_DENS_HIGH_V_HIGH_S007,G0_D045_DENS_HIGH_V_HIGH,7,3.7700252533,20.1574816472,16.0212517784,0,0,3.7700252533,
G0_D045_DENS_HIGH_V_HIGH_S007,G0_D045_DENS_HIGH_V_HIGH,7,3.78002882004,20.5132561895,22.2687671506,0,0,3.78002882004,
G0_D045_DENS_HIGH_V_HIGH_S007,G0_D045_DENS_HIGH_V_HIGH,7,3.7900326252,23.1353476924,17.6042942708,0,0,3.7900326252,
G0_D045_DENS_HIGH_V_HIGH_S007,G0_D045_DENS_HIGH_V_HIGH,7,3.80000042915,28.0959776237,18.8841119855,0,0,3.80000042915,
G0_D045_DENS_HIGH_V_HIGH_S007,G0_D045_DENS_HIGH_V_HIGH,7,3.8100039959,23.7583253932,23.4428642061,0,0,3.8100039959,
G0_D045_DENS_HIGH_V_HIGH_S007,G0_D045_DENS_HIGH_V_HIGH,7,3.82000780106,28.1727121655,21.836484206,0,0,3.82000780106,
G0_D045_DENS_HIGH_V_HIGH_S007,G0_D045_DENS_HIGH_V_HIGH,7,3.83001160622,22.5303501406,19.2040459261,0,0,3.83001160622,
G0_D045_DENS_HIGH_V_HIGH_S007,G0_D045_DENS_HIGH_V_HIGH,7,3.84001517296,24.4264568619,19.6321136435,0,0,3.84001517296,
G0_D045_DENS_HIGH_V_HIGH_S007,G0_D045_DENS_HIGH_V_HIGH,7,3.85001897812,24.8585591553,20.214711236,0,0,3.85001897812,
G0_D045_DENS_HIGH_V_HIGH_S007,G0_D045_DENS_HIGH_V_HIGH,7,3.86002278328,27.4607946668,21.9279261703,0,0,3.86002278328,
G0_D045_DENS_HIGH_V_HIGH_S007,G0_D045_DENS_HIGH_V_HIGH,7,3.87002635002,27.0376647948,24.428190381,0,0,3.87002635002,
G0_D045_DENS_HIGH_V_HIGH_S007,G0_D045_DENS_HIGH_V_HIGH,7,3.88003015518,21.4512449341,20.4058004595,0,0,3.88003015518,
G0_D045_DENS_HIGH_V_HIGH_S007,G0_D045_DENS_HIGH_V_HIGH,7,3.89003396034,21.916704065,17.8654577955,0,0,3.89003396034,
G0_D045_DENS_HIGH_V_HIGH_S007,G0_D045_DENS_HIGH_V_HIGH,7,3.90000152588,25.5966586246,20.6092195728,0,0,3.90000152588,
G0_D045_DENS_HIGH_V_HIGH_S007,G0_D045_DENS_HIGH_V_HIGH,7,3.91000533104,21.5928449396,17.6319688425,0,0,3.91000533104,
G0_D045_DENS_HIGH_V_HIGH_S007,G0_D045_DENS_HIGH_V_HIGH,7,3.9200091362,19.4325775472,15.5304999091,0,0,3.9200091362,
G0_D045_DENS_HIGH_V_HIGH_S007,G0_D045_DENS_HIGH_V_HIGH,7,3.93001270294,23.7016172344,20.9956263042,0,0,3.93001270294,
G0_D045_DENS_HIGH_V_HIGH_S007,G0_D045_DENS_HIGH_V_HIGH,7,3.9400165081,25.2732216405,20.4440791981,0,0,3.9400165081,
G0_D045_DENS_HIGH_V_HIGH_S007,G0_D045_DENS_HIGH_V_HIGH,7,3.95002007484,24.721731649,25.2561064605,0,0,3.95002007484,
G0_D045_DENS_HIGH_V_HIGH_S007,G0_D045_DENS_HIGH_V_HIGH,7,3.96002388,23.8489752472,19.540802112,0,0,3.96002388,
G0_D045_DENS_HIGH_V_HIGH_S007,G0_D045_DENS_HIGH_V_HIGH,7,3.97002768517,23.0598028215,20.6852224553,0,0,3.97002768517,
G0_D045_DENS_HIGH_V_HIGH_S007,G0_D045_DENS_HIGH_V_HIGH,7,3.98003125191,25.3265511339,20.1459355782,0,0,3.98003125191,
G0_D045_DENS_HIGH_V_HIGH_S007,G0_D045_DENS_HIGH_V_HIGH,7,3.99003505707,24.2657407635,20.3512348434,0,0,3.99003505707,
G0_D045_DENS_HIGH_V_HIGH_S007,G0_D045_DENS_HIGH_V_HIGH,7,4.00000286102,22.6555557133,21.0585462571,0,0,4.00000286102,
G0_D045_DENS_HIGH_V_HIGH_S007,G0_D045_DENS_HIGH_V_HIGH,7,4.01000642776,24.0393394799,20.5685379457,0,0,4.01000642776,
G0_D045_DENS_HIGH_V_HIGH_S007,G0_D045_DENS_HIGH_V_HIGH,7,4.02000999451,24.1118372581,18.6718846556,0,0,4.02000999451,
G0_D045_DENS_HIGH_V_HIGH_S007,G0_D045_DENS_HIGH_V_HIGH,7,4.03001403809,26.3238499628,19.7313190356,0,0,4.03001403809,
G0_D045_DENS_HIGH_V_HIGH_S007,G0_D045_DENS_HIGH_V_HIGH,7,4.04001760483,24.4058026397,19.6532023653,0,0,4.04001760483,
G0_D045_DENS_HIGH_V_HIGH_S007,G0_D045_DENS_HIGH_V_HIGH,7,4.05002117157,22.3281828373,17.141417349,0,0,4.05002117157,
G0_D045_DENS_HIGH_V_HIGH_S007,G0_D045_DENS_HIGH_V_HIGH,7,4.06002521515,27.2058950082,19.9790542916,0,0,4.06002521515,
G0_D045_DENS_HIGH_V_HIGH_S007,G0_D045_DENS_HIGH_V_HIGH,7,4.07002878189,23.4583026679,21.1125053822,0,0,4.07002878189,
G0_D045_DENS_HIGH_V_HIGH_S007,G0_D045_DENS_HIGH_V_HIGH,7,4.08003234863,26.5467712672,22.2758575665,0,0,4.08003234863,
G0_D045_DENS_HIGH_V_HIGH_S007,G0_D045_DENS_HIGH_V_HIGH,7,4.09000015259,23.5786681988,23.3755583847,0,0,4.09000015259,
G0_D045_DENS_HIGH_V_HIGH_S007,G0_D045_DENS_HIGH_V_HIGH,7,4.10000371933,27.9113314867,21.2160526439,0,0,4.10000371933,
G0_D045_DENS_HIGH_V_HIGH_S007,G0_D045_DENS_HIGH_V_HIGH,7,4.11000776291,21.2269390063,16.4011732876,0,0,4.11000776291,
G0_D045_DENS_HIGH_V_HIGH_S007,G0_D045_DENS_HIGH_V_HIGH,7,4.12001514435,22.9551378767,18.1884326714,0,0,4.12001514435,
G0_D045_DENS_HIGH_V_HIGH_S007,G0_D045_DENS_HIGH_V_HIGH,7,4.13001871109,22.5152850691,17.1830635057,0,0,4.13001871109,
G0_D045_DENS_HIGH_V_HIGH_S007,G0_D045_DENS_HIGH_V_HIGH,7,4.14002227783,25.9232793215,17.7998052471,0,0,4.14002227783,
G0_D045_DENS_HIGH_V_HIGH_S007,G0_D045_DENS_HIGH_V_HIGH,7,4.15002632141,26.2300302116,18.6975775598,0,0,4.15002632141,
G0_D045_DENS_HIGH_V_HIGH_S007,G0_D045_DENS_HIGH_V_HIGH,7,4.16002988815,24.2907867903,18.0950428107,0,0,4.16002988815,
G0_D045_DENS_HIGH_V_HIGH_S007,G0_D045_DENS_HIGH_V_HIGH,7,4.1700334549,28.0038802089,21.2372531287,0,0,4.1700334549,
G0_D045_DENS_HIGH_V_HIGH_S007,G0_D045_DENS_HIGH_V_HIGH,7,4.18000125885,25.8021907777,20.1200726885,0,0,4.18000125885,
G0_D045_DENS_HIGH_V_HIGH_S007,G0_D045_DENS_HIGH_V_HIGH,7,4.19000482559,27.2469670535,22.0664661956,0,0,4.19000482559,
G0_D045_DENS_HIGH_V_HIGH_S007,G0_D045_DENS_HIGH_V_HIGH,7,4.20000886917,20.9928900574,21.7444829684,0,0,4.20000886917,
G0_D045_DENS_HIGH_V_HIGH_S007,G0_D045_DENS_HIGH_V_HIGH,7,4.21001243591,25.1910606642,21.6715847489,0,0,4.21001243591,
G0_D045_DENS_HIGH_V_HIGH_S007,G0_D045_DENS_HIGH_V_HIGH,7,4.22001600266,25.7524441126,19.0778462753,0,0,4.22001600266,
G0_D045_DENS_HIGH_V_HIGH_S007,G0_D045_DENS_HIGH_V_HIGH,7,4.23000526428,25.8593993659,20.6242940228,0,0,4.23000526428,
G0_D045_DENS_HIGH_V_HIGH_S007,G0_D045_DENS_HIGH_V_HIGH,7,4.24000692368,27.1959631748,23.3229453927,0,0,4.24000692368,
G0_D045_DENS_HIGH_V_HIGH_S007,G0_D045_DENS_HIGH_V_HIGH,7,4.25001049042,22.6339205882,16.4197397907,0,0,4.25001049042,
G0_D045_DENS_HIGH_V_HIGH_S007,G0_D045_DENS_HIGH_V_HIGH,7,4.260014534,26.8399491633,18.4281452296,0,0,4.260014534,
G0_D045_DENS_HIGH_V_HIGH_S007,G0_D045_DENS_HIGH_V_HIGH,7,4.27001810074,23.3942170143,17.5249445578,0,0,4.27001810074,
G0_D045_DENS_HIGH_V_HIGH_S007,G0_D045_DENS_HIGH_V_HIGH,7,4.28002166748,26.4868394839,18.8933219257,0,0,4.28002166748,
G0_D045_DENS_HIGH_V_HIGH_S007,G0_D045_DENS_HIGH_V_HIGH,7,4.29002571106,22.6217091919,19.5035216413,0,0,4.29002571106,
G0_D045_DENS_HIGH_V_HIGH_S007,G0_D045_DENS_HIGH_V_HIGH,7,4.3000292778,25.5872241504,17.8935226466,0,0,4.3000292778,
G0_D045_DENS_HIGH_V_HIGH_S007,G0_D045_DENS_HIGH_V_HIGH,7,4.31003284454,23.5181853293,17.4044253857,0,0,4.31003284454,
G0_D045_DENS_HIGH_V_HIGH_S007,G0_D045_DENS_HIGH_V_HIGH,7,4.3200006485,26.5863389544,21.9396186745,0,0,4.3200006485,
G0_D045_DENS_HIGH_V_HIGH_S007,G0_D045_DENS_HIGH_V_HIGH,7,4.33000421524,26.0219068784,21.1725059513,0,0,4.33000421524,
G0_D045_DENS_HIGH_V_HIGH_S007,G0_D045_DENS_HIGH_V_HIGH,7,4.34000778198,26.2320534196,19.1088810643,0,0,4.34000778198,
G0_D045_DENS_HIGH_V_HIGH_S007,G0_D045_DENS_HIGH_V_HIGH,7,4.35002326965,26.8748594808,18.909866565,0,0,4.35002326965,
G0_D045_DENS_HIGH_V_HIGH_S007,G0_D045_DENS_HIGH_V_HIGH,7,4.36002731323,27.143322923,19.8447821377,0,0,4.36002731323,
G0_D045_DENS_HIGH_V_HIGH_S007,G0_D045_DENS_HIGH_V_HIGH,7,4.37003087997,22.6213975749,19.3940759842,0,0,4.37003087997,
G0_D045_DENS_HIGH_V_HIGH_S007,G0_D045_DENS_HIGH_V_HIGH,7,4.38003444672,24.6678679549,16.1378274431,0,0,4.38003444672,
G0_D045_DENS_HIGH_V_HIGH_S007,G0_D045_DENS_HIGH_V_HIGH,7,4.39000225067,25.2095826891,17.4148454342,0,0,4.39000225067,
G0_D045_DENS_HIGH_V_HIGH_S007,G0_D045_DENS_HIGH_V_HIGH,7,4.40000581741,27.3742480263,18.5747464876,0,0,4.40000581741,
G0_D045_DENS_HIGH_V_HIGH_S007,G0_D045_DENS_HIGH_V_HIGH,7,4.41000986099,25.7256696091,17.9542350784,0,0,4.41000986099,
G0_D045_DENS_HIGH_V_HIGH_S007,G0_D045_DENS_HIGH_V_HIGH,7,4.42001342773,23.9732121975,18.9420932217,0,0,4.42001342773,
G0_D045_DENS_HIGH_V_HIGH_S007,G0_D045_DENS_HIGH_V_HIGH,7,4.43001699448,25.5929192202,21.0159051718,0,0,4.43001699448,
G0_D045_DENS_HIGH_V_HIGH_S007,G0_D045_DENS_HIGH_V_HIGH,7,4.44002056122,23.2247771742,19.5874350897,0,0,4.44002056122,
G0_D045_DENS_HIGH_V_HIGH_S007,G0_D045_DENS_HIGH_V_HIGH,7,4.4500246048,25.390210041,20.3105964794,0,0,4.4500246048,
G0_D045_DENS_HIGH_V_HIGH_S007,G0_D045_DENS_HIGH_V_HIGH,7,4.46002817154,20.9466817039,17.2961661483,0,0,4.46002817154,
G0_D045_DENS_HIGH_V_HIGH_S007,G0_D045_DENS_HIGH_V_HIGH,7,4.47003173828,28.2068334626,20.1861047432,0,0,4.47003173828,
G0_D045_DENS_HIGH_V_HIGH_S007,G0_D045_DENS_HIGH_V_HIGH,7,4.48003530502,24.8610413461,21.2365411011,0,0,4.48003530502,
G0_D045_DENS_HIGH_V_HIGH_S007,G0_D045_DENS_HIGH_V_HIGH,7,4.49000310898,24.4971939272,17.5295238154,0,0,4.49000310898,
G0_D045_DENS_HIGH_V_HIGH_S007,G0_D045_DENS_HIGH_V_HIGH,7,4.50000715256,26.5467866178,18.9303937433,0,0,4.50000715256,
G0_D045_DENS_HIGH_V_HIGH_S007,G0_D045_DENS_HIGH_V_HIGH,7,4.5100107193,22.750577416,16.7638274774,0,0,4.5100107193,
G0_D045_DENS_HIGH_V_HIGH_S007,G0_D045_DENS_HIGH_V_HIGH,7,4.52001428604,25.2715115845,17.8969511844,0,0,4.52001428604,
G0_D045_DENS_HIGH_V_HIGH_S007,G0_D045_DENS_HIGH_V_HIGH,7,4.53001785278,23.754018017,17.9716115224,0,0,4.53001785278,
G0_D045_DENS_HIGH_V_HIGH_S007,G0_D045_DENS_HIGH_V_HIGH,7,4.54002189636,33.4236279414,25.468163217,0,0,4.54002189636,
G0_D045_DENS_HIGH_V_HIGH_S007,G0_D045_DENS_HIGH_V_HIGH,7,4.5500254631,25.9382492193,20.9481405225,0,0,4.5500254631,
G0_D045_DENS_HIGH_V_HIGH_S007,G0_D045_DENS_HIGH_V_HIGH,7,4.56002902985,27.4965431267,21.9252049534,0,0,4.56002902985,
G0_D045_DENS_HIGH_V_HIGH_S007,G0_D045_DENS_HIGH_V_HIGH,7,4.57003259659,23.8362357904,23.4298445658,0,0,4.57003259659,
G0_D045_DENS_HIGH_V_HIGH_S007,G0_D045_DENS_HIGH_V_HIGH,7,4.58003282547,32.8905325649,28.6451684157,0,0,4.58003282547,
G0_D045_DENS_HIGH_V_HIGH_S007,G0_D045_DENS_HIGH_V_HIGH,7,4.59002971649,25.0956951083,19.1481141193,0,0,4.59002971649,
G0_D045_DENS_HIGH_V_HIGH_S007,G0_D045_DENS_HIGH_V_HIGH,7,4.60003328323,21.0497547923,17.7338566782,0,0,4.60003328323,
G0_D045_DENS_HIGH_V_HIGH_S007,G0_D045_DENS_HIGH_V_HIGH,7,4.61000108719,23.4763043077,17.1604110356,0,0,4.61000108719,
G0_D045_DENS_HIGH_V_HIGH_S007,G0_D045_DENS_HIGH_V_HIGH,7,4.62000465393,26.3236442649,17.1600333192,0,0,4.62000465393,
G0_D045_DENS_HIGH_V_HIGH_S007,G0_D045_DENS_HIGH_V_HIGH,7,4.63000822067,28.042459318,19.0877941954,0,0,4.63000822067,
G0_D045_DENS_HIGH_V_HIGH_S007,G0_D045_DENS_HIGH_V_HIGH,7,4.64001226425,26.8119742435,19.3181570759,0,0,4.64001226425,
G0_D045_DENS_HIGH_V_HIGH_S007,G0_D045_DENS_HIGH_V_HIGH,7,4.65001583099,26.8887118555,20.398642001,0,0,4.65001583099,
G0_D045_DENS_HIGH_V_HIGH_S007,G0_D045_DENS_HIGH_V_HIGH,7,4.66001939774,27.0173528908,20.945417462,0,0,4.66001939774,
G0_D045_DENS_HIGH_V_HIGH_S007,G0_D045_DENS_HIGH_V_HIGH,7,4.67002296448,27.5700079923,23.8010773048,0,0,4.67002296448,
G0_D045_DENS_HIGH_V_HIGH_S007,G0_D045_DENS_HIGH_V_HIGH,7,4.68002700806,28.9364594048,23.5069812597,0,0,4.68002700806,
G0_D045_DENS_HIGH_V_HIGH_S007,G0_D045_DENS_HIGH_V_HIGH,7,4.6900305748,23.4856482134,20.5772318014,0,0,4.6900305748,
G0_D045_DENS_HIGH_V_HIGH_S007,G0_D045_DENS_HIGH_V_HIGH,7,4.70003414154,26.5518738041,21.2262368648,0,0,4.70003414154,
G0_D045_DENS_HIGH_V_HIGH_S007,G0_D045_DENS_HIGH_V_HIGH,7,4.71001338959,24.5190009789,15.9612839276,0,0,4.71001338959,
G0_D045_DENS_HIGH_V_HIGH_S007,G0_D045_DENS_HIGH_V_HIGH,7,4.72002744675,27.0021957157,19.0032885756,0,0,4.72002744675,
G0_D045_DENS_HIGH_V_HIGH_S007,G0_D045_DENS_HIGH_V_HIGH,7,4.73003101349,31.4245325599,26.1950915462,0,0,4.73003101349,
G0_D045_DENS_HIGH_V_HIGH_S007,G0_D045_DENS_HIGH_V_HIGH,7,4.74003505707,23.9122688102,24.2460815375,0,0,4.74003505707,
G0_D045_DENS_HIGH_V_HIGH_S007,G0_D045_DENS_HIGH_V_HIGH,7,4.75000238419,26.9455796605,17.9233935603,0,0,4.75000238419,
G0_D045_DENS_HIGH_V_HIGH_S007,G0_D045_DENS_HIGH_V_HIGH,7,4.76000642776,27.9196238768,17.7426553466,0,0,4.76000642776,
G0_D045_DENS_HIGH_V_HIGH_S007,G0_D045_DENS_HIGH_V_HIGH,7,4.77000999451,27.8837679628,18.6341909199,0,0,4.77000999451,
G0_D045_DENS_HIGH_V_HIGH_S007,G0_D045_DENS_HIGH_V_HIGH,7,4.78001356125,28.6635442908,20.6222125783,0,0,4.78001356125,
G0_D045_DENS_HIGH_V_HIGH_S007,G0_D045_DENS_HIGH_V_HIGH,7,4.79001712799,24.934282093,19.8633678391,0,0,4.79001712799,
G0_D045_DENS_HIGH_V_HIGH_S007,G0_D045_DENS_HIGH_V_HIGH,7,4.80002117157,27.0294982796,18.8309070113,0,0,4.80002117157,
G0_D045_DENS_HIGH_V_HIGH_S007,G0_D045_DENS_HIGH_V_HIGH,7,4.81002473831,28.7096574707,20.6826386537,0,0,4.81002473831,
G0_D045_DENS_HIGH_V_HIGH_S007,G0_D045_DENS_HIGH_V_HIGH,7,4.82002830505,26.1371744775,20.3718062923,0,0,4.82002830505,
G0_D045_DENS_HIGH_V_HIGH_S007,G0_D045_DENS_HIGH_V_HIGH,7,4.83003139496,28.5077449872,22.7634592964,0,0,4.83003139496,
G0_D045_DENS_HIGH_V_HIGH_S007,G0_D045_DENS_HIGH_V_HIGH,7,4.8400349617,25.0280711431,18.4615954866,0,0,4.8400349617,
G0_D045_DENS_HIGH_V_HIGH_S007,G0_D045_DENS_HIGH_V_HIGH,7,4.85000276566,27.2883676015,19.8175010057,0,0,4.85000276566,
G0_D045_DENS_HIGH_V_HIGH_S007,G0_D045_DENS_HIGH_V_HIGH,7,4.8600063324,28.0003465025,18.4581406692,0,0,4.8600063324,
G0_D045_DENS_HIGH_V_HIGH_S007,G0_D045_DENS_HIGH_V_HIGH,7,4.87001037598,27.8707813616,17.7316038549,0,0,4.87001037598,
G0_D045_DENS_HIGH_V_HIGH_S007,G0_D045_DENS_HIGH_V_HIGH,7,4.88001394272,26.3109094133,17.9122629942,0,0,4.88001394272,
G0_D045_DENS_HIGH_V_HIGH_S007,G0_D045_DENS_HIGH_V_HIGH,7,4.89001750946,20.2716915905,18.9602307158,0,0,4.89001750946,
G0_D045_DENS_HIGH_V_HIGH_S007,G0_D045_DENS_HIGH_V_HIGH,7,4.9000210762,26.6134972227,18.4914434198,0,0,4.9000210762,
G0_D045_DENS_HIGH_V_HIGH_S007,G0_D045_DENS_HIGH_V_HIGH,7,4.91002511978,28.5376540816,19.7883727665,0,0,4.91002511978,
G0_D045_DENS_HIGH_V_HIGH_S007,G0_D045_DENS_HIGH_V_HIGH,7,4.92002868652,22.7875324324,19.3336484795,0,0,4.92002868652,
G0_D045_DENS_HIGH_V_HIGH_S007,G0_D045_DENS_HIGH_V_HIGH,7,4.93003225327,27.8798197904,22.0910034913,0,0,4.93003225327,
G0_D045_DENS_HIGH_V_HIGH_S007,G0_D045_DENS_HIGH_V_HIGH,7,4.94003582001,29.7697970201,21.0105924279,0,0,4.94003582001,
G0_D045_DENS_HIGH_V_HIGH_S007,G0_D045_DENS_HIGH_V_HIGH,7,4.95000362396,28.1558080931,22.4404870775,0,0,4.95000362396,
G0_D045_DENS_HIGH_V_HIGH_S007,G0_D045_DENS_HIGH_V_HIGH,7,4.9600071907,27.3435069297,25.9039371483,0,0,4.9600071907,
G0_D045_DENS_HIGH_V_HIGH_S007,G0_D045_DENS_HIGH_V_HIGH,7,4.97001075745,28.6563694238,19.8286807708,0,0,4.97001075745,
G0_D045_DENS_HIGH_V_HIGH_S007,G0_D045_DENS_HIGH_V_HIGH,7,4.98001480103,25.9985524869,20.2263560858,0,0,4.98001480103,
G0_D045_DENS_HIGH_V_HIGH_S007,G0_D045_DENS_HIGH_V_HIGH,7,4.99001836777,27.9702409205,20.6636590418,0,0,4.99001836777,
G0_D045_DENS_HIGH_V_HIGH_S007,G0_D045_DENS_HIGH_V_HIGH,7,5.00002193451,27.815531509,22.6491463008,0,0,5.00002193451,
G0_D045_DENS_HIGH_V_HIGH_S007,G0_D045_DENS_HIGH_V_HIGH,7,5.01002550125,27.3520940512,23.7043057971,0,0,5.01002550125,
G0_D045_DENS_HIGH_V_HIGH_S007,G0_D045_DENS_HIGH_V_HIGH,7,5.02002906799,28.8963298859,23.2221222355,0,0,5.02002906799,
G0_D045_DENS_HIGH_V_HIGH_S007,G0_D045_DENS_HIGH_V_HIGH,7,5.03003263474,27.6872404672,23.9365564188,0,0,5.03003263474,
G0_D045_DENS_HIGH_V_HIGH_S007,G0_D045_DENS_HIGH_V_HIGH,7,5.04000043869,29.1493690527,26.6088278057,0,0,5.04000043869,
G0_D045_DENS_HIGH_V_HIGH_S007,G0_D045_DENS_HIGH_V_HIGH,7,5.05000400543,28.1532015625,26.1376280967,0,0,5.05000400543,
G0_D045_DENS_HIGH_V_HIGH_S007,G0_D045_DENS_HIGH_V_HIGH,7,5.06000757217,24.3014830831,22.5182552291,0,0,5.06000757217,
G0_D045_DENS_HIGH_V_HIGH_S007,G0_D045_DENS_HIGH_V_HIGH,7,5.07001113892,26.8221025645,24.0228318412,0,0,5.07001113892,
G0_D045_DENS_HIGH_V_HIGH_S007,G0_D045_DENS_HIGH_V_HIGH,7,5.0800151825,29.6904436672,25.6694003619,0,0,5.0800151825,
G0_D045_DENS_HIGH_V_HIGH_S007,G0_D045_DENS_HIGH_V_HIGH,7,5.09001874924,29.4381321185,24.6871825617,0,0,5.09001874924,
G0_D045_DENS_HIGH_V_HIGH_S007,G0_D045_DENS_HIGH_V_HIGH,7,5.10002231598,26.8831948525,23.8754480467,0,0,5.10002231598,
G0_D045_DENS_HIGH_V_HIGH_S007,G0_D045_DENS_HIGH_V_HIGH,7,5.11002588272,24.8710990543,18.5737654202,0,0,5.11002588272,
G0_D045_DENS_HIGH_V_HIGH_S007,G0_D045_DENS_HIGH_V_HIGH,7,5.12002944946,27.8558974271,21.6403264658,0,0,5.12002944946,
G0_D045_DENS_HIGH_V_HIGH_S007,G0_D045_DENS_HIGH_V_HIGH,7,5.13003349304,27.6341734689,19.8292045957,0,0,5.13003349304,
G0_D045_DENS_HIGH_V_HIGH_S007,G0_D045_DENS_HIGH_V_HIGH,7,5.14000082016,28.4065139699,21.7681717064,0,0,5.14000082016,
G0_D045_DENS_HIGH_V_HIGH_S007,G0_D045_DENS_HIGH_V_HIGH,7,5.1500043869,26.811495305,20.7136457352,0,0,5.1500043869,
G0_D045_DENS_HIGH_V_HIGH_S007,G0_D045_DENS_HIGH_V_HIGH,7,5.16000795364,30.7098980063,26.2924035558,0,0,5.16000795364,
G0_D045_DENS_HIGH_V_HIGH_S007,G0_D045_DENS_HIGH_V_HIGH,7,5.17001199722,26.8274599213,22.2796084198,0,0,5.17001199722,
G0_D045_DENS_HIGH_V_HIGH_S007,G0_D045_DENS_HIGH_V_HIGH,7,5.18001556396,32.5503051027,28.8914116564,0,0,5.18001556396,
G0_D045_DENS_HIGH_V_HIGH_S007,G0_D045_DENS_HIGH_V_HIGH,7,5.19001913071,24.1054099651,23.5586312165,0,0,5.19001913071,
G0_D045_DENS_HIGH_V_HIGH_S007,G0_D045_DENS_HIGH_V_HIGH,7,5.20002269745,28.4566704958,21.1560741818,0,0,5.20002269745,
G0_D045_DENS_HIGH_V_HIGH_S007,G0_D045_DENS_HIGH_V_HIGH,7,5.21002626419,31.2356711502,23.9222869144,0,0,5.21002626419,
G0_D045_DENS_HIGH_V_HIGH_S007,G0_D045_DENS_HIGH_V_HIGH,7,5.22002983093,27.398541874,17.8803874811,0,0,5.22002983093,
G0_D045_DENS_HIGH_V_HIGH_S007,G0_D045_DENS_HIGH_V_HIGH,7,5.23003339767,28.4977609618,22.7973251514,0,0,5.23003339767,
G0_D045_DENS_HIGH_V_HIGH_S007,G0_D045_DENS_HIGH_V_HIGH,7,5.24000120163,26.8664013043,17.9304022592,0,0,5.24000120163,
G0_D045_DENS_HIGH_V_HIGH_S007,G0_D045_DENS_HIGH_V_HIGH,7,5.25000476837,27.7207201095,20.7612120651,0,0,5.25000476837,
G0_D045_DENS_HIGH_V_HIGH_S007,G0_D045_DENS_HIGH_V_HIGH,7,5.26000833511,27.5130972056,19.3990849164,0,0,5.26000833511,
G0_D045_DENS_HIGH_V_HIGH_S007,G0_D045_DENS_HIGH_V_HIGH,7,5.27001237869,29.5146578922,21.3137053432,0,0,5.27001237869,
G0_D045_DENS_HIGH_V_HIGH_S007,G0_D045_DENS_HIGH_V_HIGH,7,5.28001594543,30.1461996886,19.9939051042,0,0,5.28001594543,
G0_D045_DENS_HIGH_V_HIGH_S007,G0_D045_DENS_HIGH_V_HIGH,7,5.29001951218,30.1974338261,23.5360080591,0,0,5.29001951218,
G0_D045_DENS_HIGH_V_HIGH_S007,G0_D045_DENS_HIGH_V_HIGH,7,5.30002307892,12.5291735584,9.5950558217,0,0,5.30002307892,
G0_D045_DENS_HIGH_V_HIGH_S007,G0_D045_DENS_HIGH_V_HIGH,7,5.31001520157,30.7095909945,22.6569543604,0,0,5.31001520157,
G0_D045_DENS_HIGH_V_HIGH_S007,G0_D045_DENS_HIGH_V_HIGH,7,5.32001876831,26.8795260609,26.9919663527,0,0,5.32001876831,
G0_D045_DENS_HIGH_V_HIGH_S007,G0_D045_DENS_HIGH_V_HIGH,7,5.33002233505,27.392920487,21.1793987266,0,0,5.33002233505,
G0_D045_DENS_HIGH_V_HIGH_S007,G0_D045_DENS_HIGH_V_HIGH,7,5.34002590179,26.9630946865,18.8099820489,0,0,5.34002590179,
G0_D045_DENS_HIGH_V_HIGH_S007,G0_D045_DENS_HIGH_V_HIGH,7,5.35002946854,27.7210670329,20.4756473627,0,0,5.35002946854,
G0_D045_DENS_HIGH_V_HIGH_S007,G0_D045_DENS_HIGH_V_HIGH,7,5.36003303528,28.2893705283,19.3912826558,0,0,5.36003303528,
G0_D045_DENS_HIGH_V_HIGH_S007,G0_D045_DENS_HIGH_V_HIGH,7,5.37000083923,29.5879784623,21.6426979673,0,0,5.37000083923,
G0_D045_DENS_HIGH_V_HIGH_S007,G0_D045_DENS_HIGH_V_HIGH,7,5.38000440598,29.3928785718,19.6982973325,0,0,5.38000440598,
G0_D045_DENS_HIGH_V_HIGH_S007,G0_D045_DENS_HIGH_V_HIGH,7,5.39000797272,29.3252285106,20.4526059669,0,0,5.39000797272,
G0_D045_DENS_HIGH_V_HIGH_S007,G0_D045_DENS_HIGH_V_HIGH,7,5.40001153946,30.615559405,23.1518760427,0,0,5.40001153946,
G0_D045_DENS_HIGH_V_HIGH_S007,G0_D045_DENS_HIGH_V_HIGH,7,5.41001558304,28.8958785785,23.0982409861,0,0,5.41001558304,
G0_D045_DENS_HIGH_V_HIGH_S007,G0_D045_DENS_HIGH_V_HIGH,7,5.42001914978,26.188070902,22.413405096,0,0,5.42001914978,
G0_D045_DENS_HIGH_V_HIGH_S007,G0_D045_DENS_HIGH_V_HIGH,7,5.43001270294,29.0497007257,21.5164341672,0,0,5.43001270294,
G0_D045_DENS_HIGH_V_HIGH_S007,G0_D045_DENS_HIGH_V_HIGH,7,5.44001674652,30.6226022569,24.6505797939,0,0,5.44001674652,
G0_D045_DENS_HIGH_V_HIGH_S007,G0_D045_DENS_HIGH_V_HIGH,7,5.45002031326,28.5741055986,20.6485386351,0,0,5.45002031326,
G0_D045_DENS_HIGH_V_HIGH_S007,G0_D045_DENS_HIGH_V_HIGH,7,5.46002388,26.9294768889,20.7767192957,0,0,5.46002388,
G0_D045_DENS_HIGH_V_HIGH_S007,G0_D045_DENS_HIGH_V_HIGH,7,5.47002744675,32.3912299827,23.4797751966,0,0,5.47002744675,
G0_D045_DENS_HIGH_V_HIGH_S007,G0_D045_DENS_HIGH_V_HIGH,7,5.48003101349,29.4051344848,21.2299429627,0,0,5.48003101349,
G0_D045_DENS_HIGH_V_HIGH_S007,G0_D045_DENS_HIGH_V_HIGH,7,5.49003458023,31.0807406902,23.0315689695,0,0,5.49003458023,
G0_D045_DENS_HIGH_V_HIGH_S007,G0_D045_DENS_HIGH_V_HIGH,7,5.50000238419,26.9606293814,21.8011198552,0,0,5.50000238419,
G0_D045_DENS_HIGH_V_HIGH_S007,G0_D045_DENS_HIGH_V_HIGH,7,5.51000595093,27.9572604595,24.5138457002,0,0,5.51000595093,
G0_D045_DENS_HIGH_V_HIGH_S007,G0_D045_DENS_HIGH_V_HIGH,7,5.52000951767,34.2424101249,25.1204015942,0,0,5.52000951767,
G0_D045_DENS_HIGH_V_HIGH_S007,G0_D045_DENS_HIGH_V_HIGH,7,5.53001308441,37.8260243659,29.4379208169,0,0,5.53001308441,
G0_D045_DENS_HIGH_V_HIGH_S007,G0_D045_DENS_HIGH_V_HIGH,7,5.54001903534,30.5666125058,25.8081406487,0,0,5.54001903534,
G0_D045_DENS_HIGH_V_HIGH_S007,G0_D045_DENS_HIGH_V_HIGH,7,5.55001926422,22.0275353429,21.0761470899,0,0,5.55001926422,
G0_D045_DENS_HIGH_V_HIGH_S007,G0_D045_DENS_HIGH_V_HIGH,7,5.5600104332,32.8788446237,23.8265514696,0,0,5.5600104332,
G0_D045_DENS_HIGH_V_HIGH_S007,G0_D045_DENS_HIGH_V_HIGH,7,5.57001399994,32.5369685079,25.5525780053,0,0,5.57001399994,
G0_D045_DENS_HIGH_V_HIGH_S007,G0_D045_DENS_HIGH_V_HIGH,7,5.58001804352,28.9560068493,21.0197637332,0,0,5.58001804352,
G0_D045_DENS_HIGH_V_HIGH_S007,G0_D045_DENS_HIGH_V_HIGH,7,5.59002161026,28.2486576869,20.935744373,0,0,5.59002161026,
G0_D045_DENS_HIGH_V_HIGH_S007,G0_D045_DENS_HIGH_V_HIGH,7,5.600025177,32.3364559985,23.2054043498,0,0,5.600025177,
G0_D045_DENS_HIGH_V_HIGH_S007,G0_D045_DENS_HIGH_V_HIGH,7,5.61002874374,31.3616688135,22.2963571514,0,0,5.61002874374,
G0_D045_DENS_HIGH_V_HIGH_S007,G0_D045_DENS_HIGH_V_HIGH,7,5.62003231049,31.3402240358,22.3079536457,0,0,5.62003231049,
G0_D045_DENS_HIGH_V_HIGH_S007,G0_D045_DENS_HIGH_V_HIGH,7,5.63003587723,35.3545267806,23.2423470828,0,0,5.63003587723,
G0_D045_DENS_HIGH_V_HIGH_S007,G0_D045_DENS_HIGH_V_HIGH,7,5.64000368118,31.4454738382,22.5965958122,0,0,5.64000368118,
G0_D045_DENS_HIGH_V_HIGH_S007,G0_D045_DENS_HIGH_V_HIGH,7,5.65000724792,29.5426727235,22.2662115443,0,0,5.65000724792,
G0_D045_DENS_HIGH_V_HIGH_S007,G0_D045_DENS_HIGH_V_HIGH,7,5.66001081467,29.9065769396,23.5798348651,0,0,5.66001081467,
G0_D045_DENS_HIGH_V_HIGH_S007,G0_D045_DENS_HIGH_V_HIGH,7,5.6700129509,25.3966511496,19.509937939,0,0,5.6700129509,
G0_D045_DENS_HIGH_V_HIGH_S007,G0_D045_DENS_HIGH_V_HIGH,7,5.68001651764,32.0271937515,20.0218863369,0,0,5.68001651764,
G0_D045_DENS_HIGH_V_HIGH_S007,G0_D045_DENS_HIGH_V_HIGH,7,5.69001960754,33.113681058,24.5555044252,0,0,5.69001960754,
G0_D045_DENS_HIGH_V_HIGH_S007,G0_D045_DENS_HIGH_V_HIGH,7,5.70002317429,28.560022965,20.1426190675,0,0,5.70002317429,
G0_D045_DENS_HIGH_V_HIGH_S007,G0_D045_DENS_HIGH_V_HIGH,7,5.71002674103,28.3662155944,19.0773648222,0,0,5.71002674103,
G0_D045_DENS_HIGH_V_HIGH_S007,G0_D045_DENS_HIGH_V_HIGH,7,5.72003030777,29.7407137876,18.40030358,0,0,5.72003030777,
G0_D045_DENS_HIGH_V_HIGH_S007,G0_D045_DENS_HIGH_V_HIGH,7,5.73003387451,31.0339858555,18.758372795,0,0,5.73003387451,
G0_D045_DENS_HIGH_V_HIGH_S007,G0_D045_DENS_HIGH_V_HIGH,7,5.74000167847,33.9775724926,22.4049403761,0,0,5.74000167847,
G0_D045_DENS_HIGH_V_HIGH_S007,G0_D045_DENS_HIGH_V_HIGH,7,5.75000524521,27.6738332597,20.1881135092,0,0,5.75000524521,
G0_D045_DENS_HIGH_V_HIGH_S007,G0_D045_DENS_HIGH_V_HIGH,7,5.76000881195,30.7674934294,20.2551114262,0,0,5.76000881195,
G0_D045_DENS_HIGH_V_HIGH_S007,G0_D045_DENS_HIGH_V_HIGH,7,5.77001237869,30.9351249697,24.4392809569,0,0,5.77001237869,
G0_D045_DENS_HIGH_V_HIGH_S007,G0_D045_DENS_HIGH_V_HIGH,7,5.78001594543,34.1076810446,19.9341998678,0,0,5.78001594543,
G0_D045_DENS_HIGH_V_HIGH_S007,G0_D045_DENS_HIGH_V_HIGH,7,5.79001951218,26.4444319371,17.1321262512,0,0,5.79001951218,
G0_D045_DENS_HIGH_V_HIGH_S007,G0_D045_DENS_HIGH_V_HIGH,7,5.80002307892,31.1454495778,21.7746713422,0,0,5.80002307892,
G0_D045_DENS_HIGH_V_HIGH_S007,G0_D045_DENS_HIGH_V_HIGH,7,5.81002664566,31.1843449091,20.7784867845,0,0,5.81002664566,
G0_D045_DENS_HIGH_V_HIGH_S007,G0_D045_DENS_HIGH_V_HIGH,7,5.8200302124,29.3581524614,20.9340553858,0,0,5.8200302124,
G0_D045_DENS_HIGH_V_HIGH_S007,G0_D045_DENS_HIGH_V_HIGH,7,5.83003425598,27.4491128659,16.0818904686,0,0,5.83003425598,
G0_D045_DENS_HIGH_V_HIGH_S007,G0_D045_DENS_HIGH_V_HIGH,7,5.8400015831,34.5733259176,19.3180125055,0,0,5.8400015831,
G0_D045_DENS_HIGH_V_HIGH_S007,G0_D045_DENS_HIGH_V_HIGH,7,5.85000514984,30.0173161139,18.9837031048,0,0,5.85000514984,
G0_D045_DENS_HIGH_V_HIGH_S007,G0_D045_DENS_HIGH_V_HIGH,7,5.86000871658,28.2142263079,20.3411782576,0,0,5.86000871658,
G0_D045_DENS_HIGH_V_HIGH_S007,G0_D045_DENS_HIGH_V_HIGH,7,5.87001276016,28.9698315929,20.8611156687,0,0,5.87001276016,
G0_D045_DENS_HIGH_V_HIGH_S007,G0_D045_DENS_HIGH_V_HIGH,7,5.8800163269,31.5948136125,23.3930044929,0,0,5.8800163269,
G0_D045_DENS_HIGH_V_HIGH_S007,G0_D045_DENS_HIGH_V_HIGH,7,5.89001989365,31.6368159037,21.5481752571,0,0,5.89001989365,
G0_D045_DENS_HIGH_V_HIGH_S007,G0_D045_DENS_HIGH_V_HIGH,7,5.90002346039,36.1895713818,24.2467882693,0,0,5.90002346039,
G0_D045_DENS_HIGH_V_HIGH_S007,G0_D045_DENS_HIGH_V_HIGH,7,5.91002702713,30.0219765538,24.4767292416,0,0,5.91002702713,
G0_D045_DENS_HIGH_V_HIGH_S007,G0_D045_DENS_HIGH_V_HIGH,7,5.92000246048,56.6627640598,65.0757363563,0,0,5.92000246048,
G0_D045_DENS_HIGH_V_HIGH_S007,G0_D045_DENS_HIGH_V_HIGH,7,5.93000602722,30.2796853709,20.5745231861,0,0,5.93000602722,
G0_D045_DENS_HIGH_V_HIGH_S007,G0_D045_DENS_HIGH_V_HIGH,7,5.9400100708,26.9824425733,20.9740651659,0,0,5.9400100708,
G0_D045_DENS_HIGH_V_HIGH_S007,G0_D045_DENS_HIGH_V_HIGH,7,5.95001363754,29.8344322249,18.9650375213,0,0,5.95001363754,
G0_D045_DENS_HIGH_V_HIGH_S007,G0_D045_DENS_HIGH_V_HIGH,7,5.96001720428,29.5335698222,19.5071441513,0,0,5.96001720428,
G0_D045_DENS_HIGH_V_HIGH_S007,G0_D045_DENS_HIGH_V_HIGH,7,5.97002077103,31.7671577846,22.0938111983,0,0,5.97002077103,
G0_D045_DENS_HIGH_V_HIGH_S007,G0_D045_DENS_HIGH_V_HIGH,7,5.98002433777,32.1975024351,22.8421867111,0,0,5.98002433777,
G0_D045_DENS_HIGH_V_HIGH_S007,G0_D045_DENS_HIGH_V_HIGH,7,5.99002790451,29.1662915459,23.0941855289,0,0,5.99002790451,
G0_D045_DENS_HIGH_V_HIGH_S007,G0_D045_DENS_HIGH_V_HIGH,7,6.00003147125,31.6525226299,23.393879856,0,0,6.00003147125,
G0_D045_DENS_HIGH_V_HIGH_S007,G0_D045_DENS_HIGH_V_HIGH,7,6.01003503799,29.7332718203,24.2947541111,0,0,6.01003503799,
G0_D045_DENS_HIGH_V_HIGH_S007,G0_D045_DENS_HIGH_V_HIGH,7,6.02000284195,28.8525776271,22.8425595551,0,0,6.02000284195,
G0_D045_DENS_HIGH_V_HIGH_S007,G0_D045_DENS_HIGH_V_HIGH,7,6.03000640869,27.8026124504,21.5464005968,0,0,6.03000640869,
G0_D045_DENS_HIGH_V_HIGH_S007,G0_D045_DENS_HIGH_V_HIGH,7,6.0400018692,24.9205970398,22.1761541671,0,0,6.0400018692,
G0_D045_DENS_HIGH_V_HIGH_S007,G0_D045_DENS_HIGH_V_HIGH,7,6.05000543594,32.1091935466,22.9203058814,0,0,6.05000543594,
G0_D045_DENS_HIGH_V_HIGH_S007,G0_D045_DENS_HIGH_V_HIGH,7,6.06000900269,32.5565006018,21.5233961681,0,0,6.06000900269,
G0_D045_DENS_HIGH_V_HIGH_S007,G0_D045_DENS_HIGH_V_HIGH,7,6.07001256943,30.0955181724,18.6884999994,0,0,6.07001256943,
G0_D045_DENS_HIGH_V_HIGH_S007,G0_D045_DENS_HIGH_V_HIGH,7,6.08001613617,27.9356990173,20.9718737601,0,0,6.08001613617,
G0_D045_DENS_HIGH_V_HIGH_S007,G0_D045_DENS_HIGH_V_HIGH,7,6.09001970291,33.106582944,20.4509656975,0,0,6.09001970291,
G0_D045_DENS_HIGH_V_HIGH_S007,G0_D045_DENS_HIGH_V_HIGH,7,6.10002326965,33.7433807832,24.103476821,0,0,6.10002326965,
G0_D045_DENS_HIGH_V_HIGH_S007,G0_D045_DENS_HIGH_V_HIGH,7,6.1100268364,33.8389873435,22.2817385968,0,0,6.1100268364,
G0_D045_DENS_HIGH_V_HIGH_S007,G0_D045_DENS_HIGH_V_HIGH,7,6.12003040314,32.9686548002,22.7131680899,0,0,6.12003040314,
G0_D045_DENS_HIGH_V_HIGH_S007,G0_D045_DENS_HIGH_V_HIGH,7,6.13003396988,31.9152357402,24.2098993101,0,0,6.13003396988,
G0_D045_DENS_HIGH_V_HIGH_S007,G0_D045_DENS_HIGH_V_HIGH,7,6.14000177383,31.0431870007,19.1619415024,0,0,6.14000177383,
G0_D045_DENS_HIGH_V_HIGH_S007,G0_D045_DENS_HIGH_V_HIGH,7,6.15000534058,30.1978022403,23.3898477256,0,0,6.15000534058,
G0_D045_DENS_HIGH_V_HIGH_S007,G0_D045_DENS_HIGH_V_HIGH,7,6.16000890732,32.2990128333,23.5687736417,0,0,6.16000890732,
G0_D045_DENS_HIGH_V_HIGH_S007,G0_D045_DENS_HIGH_V_HIGH,7,6.17001247406,30.2499574134,20.3802809281,0,0,6.17001247406,
G0_D045_DENS_HIGH_V_HIGH_S007,G0_D045_DENS_HIGH_V_HIGH,7,6.1800160408,30.9843819509,19.4653326895,0,0,6.1800160408,
G0_D045_DENS_HIGH_V_HIGH_S007,G0_D045_DENS_HIGH_V_HIGH,7,6.19001960754,24.6493044834,17.1651266894,0,0,6.19001960754,
G0_D045_DENS_HIGH_V_HIGH_S007,G0_D045_DENS_HIGH_V_HIGH,7,6.20002317429,33.4257217622,18.7990440633,0,0,6.20002317429,
G0_D045_DENS_HIGH_V_HIGH_S007,G0_D045_DENS_HIGH_V_HIGH,7,6.21002674103,31.8233593739,19.1141271712,0,0,6.21002674103,
G0_D045_DENS_HIGH_V_HIGH_S007,G0_D045_DENS_HIGH_V_HIGH,7,6.22003030777,28.6670380856,19.6962150281,0,0,6.22003030777,
G0_D045_DENS_HIGH_V_HIGH_S007,G0_D045_DENS_HIGH_V_HIGH,7,6.23003387451,28.3810411967,19.8184257672,0,0,6.23003387451,
G0_D045_DENS_HIGH_V_HIGH_S007,G0_D045_DENS_HIGH_V_HIGH,7,6.24000167847,34.9814797516,23.8262897096,0,0,6.24000167847,
G0_D045_DENS_HIGH_V_HIGH_S007,G0_D045_DENS_HIGH_V_HIGH,7,6.25000524521,31.247687594,22.4720477679,0,0,6.25000524521,
G0_D045_DENS_HIGH_V_HIGH_S007,G0_D045_DENS_HIGH_V_HIGH,7,6.26000881195,27.8331539892,20.6520223981,0,0,6.26000881195,
G0_D045_DENS_HIGH_V_HIGH_S007,G0_D045_DENS_HIGH_V_HIGH,7,6.27001619339,26.6944808085,18.8245278011,0,0,6.27001619339,
G0_D045_DENS_HIGH_V_HIGH_S007,G0_D045_DENS_HIGH_V_HIGH,7,6.28001880646,29.1149591646,19.4388563108,0,0,6.28001880646,
G0_D045_DENS_HIGH_V_HIGH_S007,G0_D045_DENS_HIGH_V_HIGH,7,6.2900223732,30.162999377,21.9512876968,0,0,6.2900223732,
G0_D045_DENS_HIGH_V_HIGH_S007,G0_D045_DENS_HIGH_V_HIGH,7,6.30002593994,31.9666939964,19.22345071,0,0,6.30002593994,
G0_D045_DENS_HIGH_V_HIGH_S007,G0_D045_DENS_HIGH_V_HIGH,7,6.31002950668,25.5330780055,16.7430213313,0,0,6.31002950668,
G0_D045_DENS_HIGH_V_HIGH_S007,G0_D045_DENS_HIGH_V_HIGH,7,6.32003307343,30.3854171819,19.1374464865,0,0,6.32003307343,
G0_D045_DENS_HIGH_V_HIGH_S007,G0_D045_DENS_HIGH_V_HIGH,7,6.33000087738,31.3269734043,20.1481119566,0,0,6.33000087738,
G0_D045_DENS_HIGH_V_HIGH_S007,G0_D045_DENS_HIGH_V_HIGH,7,6.34000444412,32.9691275985,19.542164662,0,0,6.34000444412,
G0_D045_DENS_HIGH_V_HIGH_S007,G0_D045_DENS_HIGH_V_HIGH,7,6.35000801086,35.4956202165,21.001040735,0,0,6.35000801086,
G0_D045_DENS_HIGH_V_HIGH_S007,G0_D045_DENS_HIGH_V_HIGH,7,6.36001157761,34.9893484653,26.8234552302,0,0,6.36001157761,
G0_D045_DENS_HIGH_V_HIGH_S007,G0_D045_DENS_HIGH_V_HIGH,7,6.37001514435,29.1767974914,22.9187724716,0,0,6.37001514435,
G0_D045_DENS_HIGH_V_HIGH_S007,G0_D045_DENS_HIGH_V_HIGH,7,6.38001871109,25.886554564,19.6968368455,0,0,6.38001871109,
G0_D045_DENS_HIGH_V_HIGH_S007,G0_D045_DENS_HIGH_V_HIGH,7,6.39002227783,23.1892374825,19.5096685449,0,0,6.39002227783,
G0_D045_DENS_HIGH_V_HIGH_S007,G0_D045_DENS_HIGH_V_HIGH,7,6.40002584457,28.6284344156,20.3271207915,0,0,6.40002584457,
G0_D045_DENS_HIGH_V_HIGH_S007,G0_D045_DENS_HIGH_V_HIGH,7,6.41002941132,33.68059993,24.2541174847,0,0,6.41002941132,
G0_D045_DENS_HIGH_V_HIGH_S007,G0_D045_DENS_HIGH_V_HIGH,7,6.42003297806,27.8484462495,18.2841917196,0,0,6.42003297806,
G0_D045_DENS_HIGH_V_HIGH_S007,G0_D045_DENS_HIGH_V_HIGH,7,6.43000030518,31.4645208534,22.3618941841,0,0,6.43000030518,
G0_D045_DENS_HIGH_V_HIGH_S007,G0_D045_DENS_HIGH_V_HIGH,7,6.44000434875,33.9392144321,22.1850511801,0,0,6.44000434875,
G0_D045_DENS_HIGH_V_HIGH_S007,G0_D045_DENS_HIGH_V_HIGH,7,6.4500079155,34.1378940807,22.6647611241,0,0,6.4500079155,
G0_D045_DENS_HIGH_V_HIGH_S007,G0_D045_DENS_HIGH_V_HIGH,7,6.46001148224,33.9586759132,23.4700410739,0,0,6.46001148224,
G0_D045_DENS_HIGH_V_HIGH_S007,G0_D045_DENS_HIGH_V_HIGH,7,6.47001504898,29.5772084866,21.9522000268,0,0,6.47001504898,
G0_D045_DENS_HIGH_V_HIGH_S007,G0_D045_DENS_HIGH_V_HIGH,7,6.48001861572,36.79343913,26.2989173089,0,0,6.48001861572,
G0_D045_DENS_HIGH_V_HIGH_S007,G0_D045_DENS_HIGH_V_HIGH,7,6.49002218246,32.3062736635,24.2764858451,0,0,6.49002218246,
G0_D045_DENS_HIGH_V_HIGH_S007,G0_D045_DENS_HIGH_V_HIGH,7,6.50002574921,31.9601392934,21.6121857136,0,0,6.50002574921,
G0_D045_DENS_HIGH_V_HIGH_S007,G0_D045_DENS_HIGH_V_HIGH,7,6.51002931595,28.9793458901,23.7612705557,0,0,6.51002931595,
G0_D045_DENS_HIGH_V_HIGH_S007,G0_D045_DENS_HIGH_V_HIGH,7,6.52003288269,30.6018973777,21.2053063106,0,0,6.52003288269,
G0_D045_DENS_HIGH_V_HIGH_S007,G0_D045_DENS_HIGH_V_HIGH,7,6.53002882004,31.3772066832,25.3292578538,0,0,6.53002882004,
G0_D045_DENS_HIGH_V_HIGH_S007,G0_D045_DENS_HIGH_V_HIGH,7,6.54003238678,29.3535472836,20.4887492556,0,0,6.54003238678,
G0_D045_DENS_HIGH_V_HIGH_S007,G0_D045_DENS_HIGH_V_HIGH,7,6.55003595352,34.4652454659,20.3558093228,0,0,6.55003595352,
G0_D045_DENS_HIGH_V_HIGH_S007,G0_D045_DENS_HIGH_V_HIGH,7,6.56000328064,37.1652826724,22.2933166141,0,0,6.56000328064,
G0_D045_DENS_HIGH_V_HIGH_S007,G0_D045_DENS_HIGH_V_HIGH,7,6.57000684738,34.4788307403,20.9846964329,0,0,6.57000684738,
G0_D045_DENS_HIGH_V_HIGH_S007,G0_D045_DENS_HIGH_V_HIGH,7,6.58001041412,35.1848259804,22.0400727754,0,0,6.58001041412,
G0_D045_DENS_HIGH_V_HIGH_S007,G0_D045_DENS_HIGH_V_HIGH,7,6.59001398087,34.375840545,22.0859547783,0,0,6.59001398087,
G0_D045_DENS_HIGH_V_HIGH_S007,G0_D045_DENS_HIGH_V_HIGH,7,6.60001754761,29.5992089557,21.7220571034,0,0,6.60001754761,
G0_D045_DENS_HIGH_V_HIGH_S007,G0_D045_DENS_HIGH_V_HIGH,7,6.61002111435,36.066929358,23.7437553779,0,0,6.61002111435,
G0_D045_DENS_HIGH_V_HIGH_S007,G0_D045_DENS_HIGH_V_HIGH,7,6.62002468109,32.5495744145,19.8435666237,0,0,6.62002468109,
G0_D045_DENS_HIGH_V_HIGH_S007,G0_D045_DENS_HIGH_V_HIGH,7,6.63000202179,33.5310360371,21.6399886874,0,0,6.63000202179,
G0_D045_DENS_HIGH_V_HIGH_S007,G0_D045_DENS_HIGH_V_HIGH,7,6.64000558853,32.9784576886,21.9898201251,0,0,6.64000558853,
G0_D045_DENS_HIGH_V_HIGH_S007,G0_D045_DENS_HIGH_V_HIGH,7,6.65000915527,34.1240754774,25.4480051748,0,0,6.65000915527,
G0_D045_DENS_HIGH_V_HIGH_S007,G0_D045_DENS_HIGH_V_HIGH,7,6.66001272202,31.9220728941,18.4352144485,0,0,6.66001272202,
G0_D045_DENS_HIGH_V_HIGH_S007,G0_D045_DENS_HIGH_V_HIGH,7,6.67001628876,36.5865315637,22.8160411283,0,0,6.67001628876,
G0_D045_DENS_HIGH_V_HIGH_S007,G0_D045_DENS_HIGH_V_HIGH,7,6.68002033234,33.6022873473,19.0912269705,0,0,6.68002033234,
G0_D045_DENS_HIGH_V_HIGH_S007,G0_D045_DENS_HIGH_V_HIGH,7,6.69002389908,32.9001758071,18.922735883,0,0,6.69002389908,
G0_D045_DENS_HIGH_V_HIGH_S007,G0_D045_DENS_HIGH_V_HIGH,7,6.70002746582,33.5698054936,20.0932317732,0,0,6.70002746582,
G0_D045_DENS_HIGH_V_HIGH_S007,G0_D045_DENS_HIGH_V_HIGH,7,6.71003103256,31.9946781265,20.7715681563,0,0,6.71003103256,
G0_D045_DENS_HIGH_V_HIGH_S007,G0_D045_DENS_HIGH_V_HIGH,7,6.7200345993,34.0305995794,19.0773597641,0,0,6.7200345993,
G0_D045_DENS_HIGH_V_HIGH_S007,G0_D045_DENS_HIGH_V_HIGH,7,6.73000192642,30.6951952088,19.6350612065,0,0,6.73000192642,
G0_D045_DENS_HIGH_V_HIGH_S007,G0_D045_DENS_HIGH_V_HIGH,7,6.74000549316,34.0231238408,23.5659348965,0,0,6.74000549316,
G0_D045_DENS_HIGH_V_HIGH_S007,G0_D045_DENS_HIGH_V_HIGH,7,6.75002002716,34.1580893202,16.6938477404,0,0,6.75002002716,
G0_D045_DENS_HIGH_V_HIGH_S007,G0_D045_DENS_HIGH_V_HIGH,7,6.76001644135,32.3165432099,19.5559285328,0,0,6.76001644135,
G0_D045_DENS_HIGH_V_HIGH_S007,G0_D045_DENS_HIGH_V_HIGH,7,6.77002000809,34.7067993195,20.6750958158,0,0,6.77002000809,
G0_D045_DENS_HIGH_V_HIGH_S007,G0_D045_DENS_HIGH_V_HIGH,7,6.78002357483,29.7209545049,18.8837548062,0,0,6.78002357483,
G0_D045_DENS_HIGH_V_HIGH_S007,G0_D045_DENS_HIGH_V_HIGH,7,6.79002714157,33.2022416963,18.3638178713,0,0,6.79002714157,
G0_D045_DENS_HIGH_V_HIGH_S007,G0_D045_DENS_HIGH_V_HIGH,7,6.80003070831,34.352366419,20.5633379349,0,0,6.80003070831,
G0_D045_DENS_HIGH_V_HIGH_S007,G0_D045_DENS_HIGH_V_HIGH,7,6.81003427505,34.9410155898,19.5371875969,0,0,6.81003427505,
G0_D045_DENS_HIGH_V_HIGH_S007,G0_D045_DENS_HIGH_V_HIGH,7,6.82000160217,32.9951192217,20.2945270896,0,0,6.82000160217,
G0_D045_DENS_HIGH_V_HIGH_S007,G0_D045_DENS_HIGH_V_HIGH,7,6.83000516891,31.7640907362,20.3684807637,0,0,6.83000516891,
G0_D045_DENS_HIGH_V_HIGH_S007,G0_D045_DENS_HIGH_V_HIGH,7,6.84000873566,35.6524111684,23.3275340856,0,0,6.84000873566,
G0_D045_DENS_HIGH_V_HIGH_S007,G0_D045_DENS_HIGH_V_HIGH,7,6.8500123024,35.8755443109,22.4225481424,0,0,6.8500123024,
G0_D045_DENS_HIGH_V_HIGH_S007,G0_D045_DENS_HIGH_V_HIGH,7,6.86001586914,33.1864367262,21.947750812,0,0,6.86001586914,
G0_D045_DENS_HIGH_V_HIGH_S007,G0_D045_DENS_HIGH_V_HIGH,7,6.87001943588,25.2957839413,19.1973232535,0,0,6.87001943588,
G0_D045_DENS_HIGH_V_HIGH_S007,G0_D045_DENS_HIGH_V_HIGH,7,6.88002300262,33.9194121677,23.814210506,0,0,6.88002300262,
G0_D045_DENS_HIGH_V_HIGH_S007,G0_D045_DENS_HIGH_V_HIGH,7,6.89002656937,32.9414474101,20.0385381776,0,0,6.89002656937,
G0_D045_DENS_HIGH_V_HIGH_S007,G0_D045_DENS_HIGH_V_HIGH,7,6.90003013611,30.5099012768,19.889871371,0,0,6.90003013611,
G0_D045_DENS_HIGH_V_HIGH_S007,G0_D045_DENS_HIGH_V_HIGH,7,6.91003370285,34.3914428873,22.5403852323,0,0,6.91003370285,
G0_D045_DENS_HIGH_V_HIGH_S007,G0_D045_DENS_HIGH_V_HIGH,7,6.92000150681,43.2317723579,35.3381660918,0,0,6.92000150681,
G0_D045_DENS_HIGH_V_HIGH_S007,G0_D045_DENS_HIGH_V_HIGH,7,6.93000507355,35.6509344414,21.378044005,0,0,6.93000507355,
G0_D045_DENS_HIGH_V_HIGH_S007,G0_D045_DENS_HIGH_V_HIGH,7,6.94000864029,38.0853296446,25.6240512576,0,0,6.94000864029,
G0_D045_DENS_HIGH_V_HIGH_S007,G0_D045_DENS_HIGH_V_HIGH,7,6.95001220703,33.9869424943,22.8313678999,0,0,6.95001220703,
G0_D045_DENS_HIGH_V_HIGH_S007,G0_D045_DENS_HIGH_V_HIGH,7,6.96001577377,33.5845727635,22.2799517537,0,0,6.96001577377,
G0_D045_DENS_HIGH_V_HIGH_S007,G0_D045_DENS_HIGH_V_HIGH,7,6.97001934052,35.5570072359,24.6679118129,0,0,6.97001934052,
G0_D045_DENS_HIGH_V_HIGH_S007,G0_D045_DENS_HIGH_V_HIGH,7,6.98001861572,31.5189970361,24.0377962745,0,0,6.98001861572,
G0_D045_DENS_HIGH_V_HIGH_S007,G0_D045_DENS_HIGH_V_HIGH,7,6.99002218246,31.3617424963,21.4852941169,0,0,6.99002218246,
G0_D045_DENS_HIGH_V_HIGH_S007,G0_D045_DENS_HIGH_V_HIGH,7,7.00002384186,46.4501653021,41.0118967967,0,0,7.00002384186,
G0_D045_DENS_HIGH_V_HIGH_S007,G0_D045_DENS_HIGH_V_HIGH,7,7.0100274086,32.4392282153,22.3113784659,0,0,7.0100274086,
G0_D045_DENS_HIGH_V_HIGH_S007,G0_D045_DENS_HIGH_V_HIGH,7,7.02003097534,30.9664954405,20.3128817191,0,0,7.02003097534,
G0_D045_DENS_HIGH_V_HIGH_S007,G0_D045_DENS_HIGH_V_HIGH,7,7.03003454208,34.3873289285,21.2811688144,0,0,7.03003454208,
G0_D045_DENS_HIGH_V_HIGH_S007,G0_D045_DENS_HIGH_V_HIGH,7,7.04000234604,36.7524868193,23.455068769,0,0,7.04000234604,
G0_D045_DENS_HIGH_V_HIGH_S007,G0_D045_DENS_HIGH_V_HIGH,7,7.05000591278,35.5226341892,22.4235714906,0,0,7.05000591278,
G0_D045_DENS_HIGH_V_HIGH_S007,G0_D045_DENS_HIGH_V_HIGH,7,7.06000947952,35.1954516605,23.2287100221,0,0,7.06000947952,
G0_D045_DENS_HIGH_V_HIGH_S007,G0_D045_DENS_HIGH_V_HIGH,7,7.07001304626,30.7220004134,23.3524048571,0,0,7.07001304626,
G0_D045_DENS_HIGH_V_HIGH_S007,G0_D045_DENS_HIGH_V_HIGH,7,7.08001661301,35.2356395117,22.4446473537,0,0,7.08001661301,
G0_D045_DENS_HIGH_V_HIGH_S007,G0_D045_DENS_HIGH_V_HIGH,7,7.09002017975,37.3698446682,22.3462600135,0,0,7.09002017975,
G0_D045_DENS_HIGH_V_HIGH_S007,G0_D045_DENS_HIGH_V_HIGH,7,7.10001182556,30.0991224915,19.2228580838,0,0,7.10001182556,
G0_D045_DENS_HIGH_V_HIGH_S007,G0_D045_DENS_HIGH_V_HIGH,7,7.11000204086,34.3569562461,18.8842002704,0,0,7.11000204086,
G0_D045_DENS_HIGH_V_HIGH_S007,G0_D045_DENS_HIGH_V_HIGH,7,7.12001466751,38.1804511261,22.6770802721,0,0,7.12001466751,
G0_D045_DENS_HIGH_V_HIGH_S007,G0_D045_DENS_HIGH_V_HIGH,7,7.13001823425,31.9059025799,23.2944472286,0,0,7.13001823425,
G0_D045_DENS_HIGH_V_HIGH_S007,G0_D045_DENS_HIGH_V_HIGH,7,7.14002180099,35.8743346842,23.8185659983,0,0,7.14002180099,
G0_D045_DENS_HIGH_V_HIGH_S007,G0_D045_DENS_HIGH_V_HIGH,7,7.15002536774,35.7347087649,19.218153737,0,0,7.15002536774,
G0_D045_DENS_HIGH_V_HIGH_S007,G0_D045_DENS_HIGH_V_HIGH,7,7.16002893448,32.975359939,19.0858616726,0,0,7.16002893448,
G0_D045_DENS_HIGH_V_HIGH_S007,G0_D045_DENS_HIGH_V_HIGH,7,7.17003250122,33.1516307928,19.2868145823,0,0,7.17003250122,
G0_D045_DENS_HIGH_V_HIGH_S007,G0_D045_DENS_HIGH_V_HIGH,7,7.18003606796,30.1080074144,20.0698730421,0,0,7.18003606796,
G0_D045_DENS_HIGH_V_HIGH_S007,G0_D045_DENS_HIGH_V_HIGH,7,7.19000339508,35.2855688489,20.7085411449,0,0,7.19000339508,
G0_D045_DENS_HIGH_V_HIGH_S007,G0_D045_DENS_HIGH_V_HIGH,7,7.20000696182,33.3540866872,20.6561225658,0,0,7.20000696182,
G0_D045_DENS_HIGH_V_HIGH_S007,G0_D045_DENS_HIGH_V_HIGH,7,7.21001052856,36.1927182532,19.1634136428,0,0,7.21001052856,
G0_D045_DENS_HIGH_V_HIGH_S007,G0_D045_DENS_HIGH_V_HIGH,7,7.22003412247,33.2853835754,20.6341733776,0,0,7.22003412247,
G0_D045_DENS_HIGH_V_HIGH_S007,G0_D045_DENS_HIGH_V_HIGH,7,7.2300157547,32.7007900311,18.5959487922,0,0,7.2300157547,
G0_D045_DENS_HIGH_V_HIGH_S007,G0_D045_DENS_HIGH_V_HIGH,7,7.24001932144,32.6273865679,21.6419142626,0,0,7.24001932144,
G0_D045_DENS_HIGH_V_HIGH_S007,G0_D045_DENS_HIGH_V_HIGH,7,7.25000095367,40.9657547338,26.9632397361,0,0,7.25000095367,
G0_D045_DENS_HIGH_V_HIGH_S007,G0_D045_DENS_HIGH_V_HIGH,7,7.26000452042,33.6336455377,21.0685353458,0,0,7.26000452042,
G0_D045_DENS_HIGH_V_HIGH_S007,G0_D045_DENS_HIGH_V_HIGH,7,7.27000808716,35.983867302,18.6900814344,0,0,7.27000808716,
G0_D045_DENS_HIGH_V_HIGH_S007,G0_D045_DENS_HIGH_V_HIGH,7,7.2800116539,34.5776302238,20.0037419475,0,0,7.2800116539,
G0_D045_DENS_HIGH_V_HIGH_S007,G0_D045_DENS_HIGH_V_HIGH,7,7.29001522064,35.9307020599,18.5168163869,0,0,7.29001522064,
G0_D045_DENS_HIGH_V_HIGH_S007,G0_D045_DENS_HIGH_V_HIGH,7,7.30001878738,37.818695993,20.2424335174,0,0,7.30001878738,
G0_D045_DENS_HIGH_V_HIGH_S007,G0_D045_DENS_HIGH_V_HIGH,7,7.31002235413,34.9757324898,20.1204314723,0,0,7.31002235413,
G0_D045_DENS_HIGH_V_HIGH_S007,G0_D045_DENS_HIGH_V_HIGH,7,7.32002592087,35.9198522611,20.670033876,0,0,7.32002592087,
G0_D045_DENS_HIGH_V_HIGH_S007,G0_D045_DENS_HIGH_V_HIGH,7,7.33002948761,36.860076052,22.9470484155,0,0,7.33002948761,
G0_D045_DENS_HIGH_V_HIGH_S007,G0_D045_DENS_HIGH_V_HIGH,7,7.34000396729,29.7167054609,20.4115350006,0,0,7.34000396729,
G0_D045_DENS_HIGH_V_HIGH_S007,G0_D045_DENS_HIGH_V_HIGH,7,7.35000753403,36.425107803,19.4929441069,0,0,7.35000753403,
G0_D045_DENS_HIGH_V_HIGH_S007,G0_D045_DENS_HIGH_V_HIGH,7,7.36001110077,38.6372970395,22.3183261995,0,0,7.36001110077,
G0_D045_DENS_HIGH_V_HIGH_S007,G0_D045_DENS_HIGH_V_HIGH,7,7.37001466751,34.4667621045,21.1536912537,0,0,7.37001466751,
G0_D045_DENS_HIGH_V_HIGH_S007,G0_D045_DENS_HIGH_V_HIGH,7,7.38001823425,30.9529500777,21.4464066365,0,0,7.38001823425,
G0_D045_DENS_HIGH_V_HIGH_S007,G0_D045_DENS_HIGH_V_HIGH,7,7.39002180099,31.8004255887,19.9832572379,0,0,7.39002180099,
G0_D045_DENS_HIGH_V_HIGH_S007,G0_D045_DENS_HIGH_V_HIGH,7,7.40002536774,37.4441753072,22.3334695208,0,0,7.40002536774,
G0_D045_DENS_HIGH_V_HIGH_S007,G0_D045_DENS_HIGH_V_HIGH,7,7.41002893448,38.985175237,23.7424797489,0,0,7.41002893448,
G0_D045_DENS_HIGH_V_HIGH_S007,G0_D045_DENS_HIGH_V_HIGH,7,7.42003250122,33.4863289715,22.1557716342,0,0,7.42003250122,
G0_D045_DENS_HIGH_V_HIGH_S007,G0_D045_DENS_HIGH_V_HIGH,7,7.43000030518,39.6102667144,22.5221611674,0,0,7.43000030518,
G0_D045_DENS_HIGH_V_HIGH_S007,G0_D045_DENS_HIGH_V_HIGH,7,7.44000387192,30.8609754676,22.7577991066,0,0,7.44000387192,
G0_D045_DENS_HIGH_V_HIGH_S007,G0_D045_DENS_HIGH_V_HIGH,7,7.45000696182,38.8225019381,26.1957217088,0,0,7.45000696182,
G0_D045_DENS_HIGH_V_HIGH_S007,G0_D045_DENS_HIGH_V_HIGH,7,7.46001052856,37.5541438818,26.8893956637,0,0,7.46001052856,
G0_D045_DENS_HIGH_V_HIGH_S007,G0_D045_DENS_HIGH_V_HIGH,7,7.4700012207,35.1116957577,21.3289194616,0,0,7.4700012207,
G0_D045_DENS_HIGH_V_HIGH_S007,G0_D045_DENS_HIGH_V_HIGH,7,7.48000431061,33.9588816112,21.9402356649,0,0,7.48000431061,
G0_D045_DENS_HIGH_V_HIGH_S007,G0_D045_DENS_HIGH_V_HIGH,7,7.49000787735,36.5539913777,21.6590376742,0,0,7.49000787735,
G0_D045_DENS_HIGH_V_HIGH_S007,G0_D045_DENS_HIGH_V_HIGH,7,7.50001144409,33.2798972736,18.8707894067,0,0,7.50001144409,
G0_D045_DENS_HIGH_V_HIGH_S007,G0_D045_DENS_HIGH_V_HIGH,7,7.51001501083,33.4116360585,19.4985393527,0,0,7.51001501083,
G0_D045_DENS_HIGH_V_HIGH_S007,G0_D045_DENS_HIGH_V_HIGH,7,7.52001857758,38.4156989562,21.1140400355,0,0,7.52001857758,
G0_D045_DENS_HIGH_V_HIGH_S007,G0_D045_DENS_HIGH_V_HIGH,7,7.53002214432,35.3809789216,20.3103938796,0,0,7.53002214432,
G0_D045_DENS_HIGH_V_HIGH_S007,G0_D045_DENS_HIGH_V_HIGH,7,7.54002571106,38.228507691,22.8236062555,0,0,7.54002571106,
G0_D045_DENS_HIGH_V_HIGH_S007,G0_D045_DENS_HIGH_V_HIGH,7,7.5500292778,37.0866507974,22.1879305572,0,0,7.5500292778,
G0_D045_DENS_HIGH_V_HIGH_S007,G0_D045_DENS_HIGH_V_HIGH,7,7.56003284454,35.5988345304,22.9623864243,0,0,7.56003284454,
G0_D045_DENS_HIGH_V_HIGH_S007,G0_D045_DENS_HIGH_V_HIGH,7,7.5700006485,35.0298648192,23.2029933436,0,0,7.5700006485,
G0_D045_DENS_HIGH_V_HIGH_S007,G0_D045_DENS_HIGH_V_HIGH,7,7.58000802994,35.0571366818,20.713303313,0,0,7.58000802994,
G0_D045_DENS_HIGH_V_HIGH_S007,G0_D045_DENS_HIGH_V_HIGH,7,7.59001159668,35.1830483818,24.9056915434,0,0,7.59001159668,
G0_D045_DENS_HIGH_V_HIGH_S007,G0_D045_DENS_HIGH_V_HIGH,7,7.60001516342,38.9368085901,19.9236378571,0,0,7.60001516342,
G0_D045_DENS_HIGH_V_HIGH_S007,G0_D045_DENS_HIGH_V_HIGH,7,7.61001873016,33.5408849773,22.0991539175,0,0,7.61001873016,
G0_D045_DENS_HIGH_V_HIGH_S007,G0_D045_DENS_HIGH_V_HIGH,7,7.62002229691,36.9303326438,21.9451984507,0,0,7.62002229691,
G0_D045_DENS_HIGH_V_HIGH_S007,G0_D045_DENS_HIGH_V_HIGH,7,7.63002586365,38.2497713317,22.5672089087,0,0,7.63002586365,
G0_D045_DENS_HIGH_V_HIGH_S007,G0_D045_DENS_HIGH_V_HIGH,7,7.64002943039,33.685030111,19.3914259736,0,0,7.64002943039,
G0_D045_DENS_HIGH_V_HIGH_S007,G0_D045_DENS_HIGH_V_HIGH,7,7.6500082016,35.2902200784,20.8121854353,0,0,7.6500082016,
G0_D045_DENS_HIGH_V_HIGH_S007,G0_D045_DENS_HIGH_V_HIGH,7,7.66001176834,39.3446400617,23.4283877963,0,0,7.66001176834,
G0_D045_DENS_HIGH_V_HIGH_S007,G0_D045_DENS_HIGH_V_HIGH,7,7.67001533508,38.1198347064,21.9943634895,0,0,7.67001533508,
G0_D045_DENS_HIGH_V_HIGH_S007,G0_D045_DENS_HIGH_V_HIGH,7,7.68001890182,36.5201586718,19.987266888,0,0,7.68001890182,
G0_D045_DENS_HIGH_V_HIGH_S007,G0_D045_DENS_HIGH_V_HIGH,7,7.69002246857,38.7504094155,24.3930722661,0,0,7.69002246857,
G0_D045_DENS_HIGH_V_HIGH_S007,G0_D045_DENS_HIGH_V_HIGH,7,7.70001268387,34.9340556311,21.2983587974,0,0,7.70001268387,
G0_D045_DENS_HIGH_V_HIGH_S007,G0_D045_DENS_HIGH_V_HIGH,7,7.71001815796,29.5506304707,18.7577060362,0,0,7.71001815796,
G0_D045_DENS_HIGH_V_HIGH_S007,G0_D045_DENS_HIGH_V_HIGH,7,7.72002840042,25.6693068386,15.6337571203,0,0,7.72002840042,
G0_D045_DENS_HIGH_V_HIGH_S007,G0_D045_DENS_HIGH_V_HIGH,7,7.73003196716,33.9031528202,21.3681141951,0,0,7.73003196716,
G0_D045_DENS_HIGH_V_HIGH_S007,G0_D045_DENS_HIGH_V_HIGH,7,7.74003553391,34.7047392699,17.3128006823,0,0,7.74003553391,
G0_D045_DENS_HIGH_V_HIGH_S007,G0_D045_DENS_HIGH_V_HIGH,7,7.75000286102,38.5718206223,20.1908275709,0,0,7.75000286102,
G0_D045_DENS_HIGH_V_HIGH_S007,G0_D045_DENS_HIGH_V_HIGH,7,7.76000642776,33.3135795437,18.5457371063,0,0,7.76000642776,
G0_D045_DENS_HIGH_V_HIGH_S007,G0_D045_DENS_HIGH_V_HIGH,7,7.77000999451,39.0366519139,20.4682037708,0,0,7.77000999451,
G0_D045_DENS_HIGH_V_HIGH_S007,G0_D045_DENS_HIGH_V_HIGH,7,7.78001356125,35.1828641747,18.9767708065,0,0,7.78001356125,
G0_D045_DENS_HIGH_V_HIGH_S007,G0_D045_DENS_HIGH_V_HIGH,7,7.79001712799,35.0809178197,19.7851199875,0,0,7.79001712799,
G0_D045_DENS_HIGH_V_HIGH_S007,G0_D045_DENS_HIGH_V_HIGH,7,7.80002069473,35.9463872953,20.9534934898,0,0,7.80002069473,
G0_D045_DENS_HIGH_V_HIGH_S007,G0_D045_DENS_HIGH_V_HIGH,7,7.81002426147,35.6413249704,20.7565677533,0,0,7.81002426147,
G0_D045_DENS_HIGH_V_HIGH_S007,G0_D045_DENS_HIGH_V_HIGH,7,7.82002782822,38.457688967,21.8663492352,0,0,7.82002782822,
G0_D045_DENS_HIGH_V_HIGH_S007,G0_D045_DENS_HIGH_V_HIGH,7,7.83002233505,37.5215729946,23.4686759306,0,0,7.83002233505,
G0_D045_DENS_HIGH_V_HIGH_S007,G0_D045_DENS_HIGH_V_HIGH,7,7.84000778198,30.4260256394,17.9653311674,0,0,7.84000778198,
G0_D045_DENS_HIGH_V_HIGH_S007,G0_D045_DENS_HIGH_V_HIGH,7,7.85001134872,34.5317380924,19.435788655,0,0,7.85001134872,
G0_D045_DENS_HIGH_V_HIGH_S007,G0_D045_DENS_HIGH_V_HIGH,7,7.86001443863,29.0457771143,19.1536249595,0,0,7.86001443863,
G0_D045_DENS_HIGH_V_HIGH_S007,G0_D045_DENS_HIGH_V_HIGH,7,7.87001800537,31.8979908845,17.7989909457,0,0,7.87001800537,
G0_D045_DENS_HIGH_V_HIGH_S007,G0_D045_DENS_HIGH_V_HIGH,7,7.88002157211,39.5899578805,21.8639419721,0,0,7.88002157211,
G0_D045_DENS_HIGH_V_HIGH_S007,G0_D045_DENS_HIGH_V_HIGH,7,7.89002513885,41.0393546846,23.0783047314,0,0,7.89002513885,
G0_D045_DENS_HIGH_V_HIGH_S007,G0_D045_DENS_HIGH_V_HIGH,7,7.9000287056,36.0674789092,21.8449633829,0,0,7.9000287056,
G0_D045_DENS_HIGH_V_HIGH_S007,G0_D045_DENS_HIGH_V_HIGH,7,7.91003227234,41.0159634517,24.8663465122,0,0,7.91003227234,
G0_D045_DENS_HIGH_V_HIGH_S007,G0_D045_DENS_HIGH_V_HIGH,7,7.92003583908,40.8629395353,25.8078815239,0,0,7.92003583908,
G0_D045_DENS_HIGH_V_HIGH_S007,G0_D045_DENS_HIGH_V_HIGH,7,7.9300031662,37.1510127617,23.5566480467,0,0,7.9300031662,
G0_D045_DENS_HIGH_V_HIGH_S007,G0_D045_DENS_HIGH_V_HIGH,7,7.9400305748,35.758649549,24.7912313577,0,0,7.9400305748,
G0_D045_DENS_HIGH_V_HIGH_S007,G0_D045_DENS_HIGH_V_HIGH,7,7.9500336647,34.8916695751,21.5738983569,0,0,7.9500336647,
G0_D045_DENS_HIGH_V_HIGH_S007,G0_D045_DENS_HIGH_V_HIGH,7,7.96000099182,36.0962244287,22.9908923635,0,0,7.96000099182,
G0_D045_DENS_HIGH_V_HIGH_S007,G0_D045_DENS_HIGH_V_HIGH,7,7.97001361847,35.9031845878,24.4468595909,0,0,7.97001361847,
G0_D045_DENS_HIGH_V_HIGH_S007,G0_D045_DENS_HIGH_V_HIGH,7,7.98001718521,34.8555926126,21.0783649823,0,0,7.98001718521,
G0_D045_DENS_HIGH_V_HIGH_S007,G0_D045_DENS_HIGH_V_HIGH,7,7.99002075195,41.1825757127,24.9442484795,0,0,7.99002075195,
G0_D045_DENS_HIGH_V_HIGH_S007,G0_D045_DENS_HIGH_V_HIGH,7,8.00002384186,33.3422544505,19.2623038009,0,0,8.00002384186,
G0_D045_DENS_HIGH_V_HIGH_S007,G0_D045_DENS_HIGH_V_HIGH,7,8.01002788544,40.4772589687,22.187044201,0,0,8.01002788544,
G0_D045_DENS_HIGH_V_HIGH_S007,G0_D045_DENS_HIGH_V_HIGH,7,8.02003097534,38.7018125097,22.2687189923,0,0,8.02003097534,
G0_D045_DENS_HIGH_V_HIGH_S007,G0_D045_DENS_HIGH_V_HIGH,7,8.03003501892,35.6368425974,20.2344070401,0,0,8.03003501892,
G0_D045_DENS_HIGH_V_HIGH_S007,G0_D045_DENS_HIGH_V_HIGH,7,8.04000282288,34.8009537136,23.6101462856,0,0,8.04000282288,
G0_D045_DENS_HIGH_V_HIGH_S007,G0_D045_DENS_HIGH_V_HIGH,7,8.05000591278,32.2555645162,20.6355311499,0,0,8.05000591278,
G0_D045_DENS_HIGH_V_HIGH_S007,G0_D045_DENS_HIGH_V_HIGH,7,8.06000709534,39.9013078081,23.2888885052,0,0,8.06000709534,
G0_D045_DENS_HIGH_V_HIGH_S007,G0_D045_DENS_HIGH_V_HIGH,7,8.07001113892,38.4904471314,21.5343857115,0,0,8.07001113892,
G0_D045_DENS_HIGH_V_HIGH_S007,G0_D045_DENS_HIGH_V_HIGH,7,8.0800075531,33.9679231102,26.6230088923,0,0,8.0800075531,
G0_D045_DENS_HIGH_V_HIGH_S007,G0_D045_DENS_HIGH_V_HIGH,7,8.09001159668,39.087978155,22.6583119325,0,0,8.09001159668,
G0_D045_DENS_HIGH_V_HIGH_S007,G0_D045_DENS_HIGH_V_HIGH,7,8.10001468658,31.308494361,18.2166949857,0,0,8.10001468658,
G0_D045_DENS_HIGH_V_HIGH_S007,G0_D045_DENS_HIGH_V_HIGH,7,8.11001873016,41.2073945506,21.8160977312,0,0,8.11001873016,
G0_D045_DENS_HIGH_V_HIGH_S007,G0_D045_DENS_HIGH_V_HIGH,7,8.12002182007,36.5257432174,19.662637425,0,0,8.12002182007,
G0_D045_DENS_HIGH_V_HIGH_S007,G0_D045_DENS_HIGH_V_HIGH,7,8.13002586365,38.4380954707,19.6725125187,0,0,8.13002586365,
G0_D045_DENS_HIGH_V_HIGH_S007,G0_D045_DENS_HIGH_V_HIGH,7,8.14002895355,33.8470924563,18.8267688106,0,0,8.14002895355,
G0_D045_DENS_HIGH_V_HIGH_S007,G0_D045_DENS_HIGH_V_HIGH,7,8.15003299713,34.8312680637,19.6295286556,0,0,8.15003299713,
G0_D045_DENS_HIGH_V_HIGH_S007,G0_D045_DENS_HIGH_V_HIGH,7,8.15999984741,40.8218705601,20.4292228398,0,0,8.15999984741,
G0_D045_DENS_HIGH_V_HIGH_S007,G0_D045_DENS_HIGH_V_HIGH,7,8.17000293732,37.2392848088,21.5677655409,0,0,8.17000293732,
G0_D045_DENS_HIGH_V_HIGH_S007,G0_D045_DENS_HIGH_V_HIGH,7,8.1800069809,35.1173754769,19.6223129672,0,0,8.1800069809,
G0_D045_DENS_HIGH_V_HIGH_S007,G0_D045_DENS_HIGH_V_HIGH,7,8.1900100708,37.0654332084,19.6602814403,0,0,8.1900100708,
G0_D045_DENS_HIGH_V_HIGH_S007,G0_D045_DENS_HIGH_V_HIGH,7,8.20001411438,36.8921894915,20.4647538634,0,0,8.20001411438,
G0_D045_DENS_HIGH_V_HIGH_S007,G0_D045_DENS_HIGH_V_HIGH,7,8.2100353241,39.5460736067,22.9346357115,0,0,8.2100353241,
G0_D045_DENS_HIGH_V_HIGH_S007,G0_D045_DENS_HIGH_V_HIGH,7,8.22000312805,28.2958177772,18.9939835427,0,0,8.22000312805,
G0_D045_DENS_HIGH_V_HIGH_S007,G0_D045_DENS_HIGH_V_HIGH,7,8.23000621796,37.099698801,18.9059837647,0,0,8.23000621796,
G0_D045_DENS_HIGH_V_HIGH_S007,G0_D045_DENS_HIGH_V_HIGH,7,8.24000167847,34.4279066847,16.7634312989,0,0,8.24000167847,
G0_D045_DENS_HIGH_V_HIGH_S007,G0_D045_DENS_HIGH_V_HIGH,7,8.25000572205,33.8795129077,17.0573886336,0,0,8.25000572205,
G0_D045_DENS_HIGH_V_HIGH_S007,G0_D045_DENS_HIGH_V_HIGH,7,8.26000881195,40.544006415,20.3980378775,0,0,8.26000881195,
G0_D045_DENS_HIGH_V_HIGH_S007,G0_D045_DENS_HIGH_V_HIGH,7,8.27001285553,38.7808250795,17.9433631566,0,0,8.27001285553,
G0_D045_DENS_HIGH_V_HIGH_S007,G0_D045_DENS_HIGH_V_HIGH,7,8.28001594543,39.4126155554,18.1929290217,0,0,8.28001594543,
G0_D045_DENS_HIGH_V_HIGH_S007,G0_D045_DENS_HIGH_V_HIGH,7,8.29001998901,37.1631581504,20.1744069405,0,0,8.29001998901,
G0_D045_DENS_HIGH_V_HIGH_S007,G0_D045_DENS_HIGH_V_HIGH,7,8.30002307892,38.9075165895,21.326605127,0,0,8.30002307892,
G0_D045_DENS_HIGH_V_HIGH_S007,G0_D045_DENS_HIGH_V_HIGH,7,8.31002616882,35.5761371443,15.8117103423,0,0,8.31002616882,
G0_D045_DENS_HIGH_V_HIGH_S007,G0_D045_DENS_HIGH_V_HIGH,7,8.32002353668,34.7752445413,16.6341437566,0,0,8.32002353668,
G0_D045_DENS_HIGH_V_HIGH_S007,G0_D045_DENS_HIGH_V_HIGH,7,8.33002662659,36.2768978324,19.9784522643,0,0,8.33002662659,
G0_D045_DENS_HIGH_V_HIGH_S007,G0_D045_DENS_HIGH_V_HIGH,7,8.34003067017,35.6392710612,19.6173444644,0,0,8.34003067017,
G0_D045_DENS_HIGH_V_HIGH_S007,G0_D045_DENS_HIGH_V_HIGH,7,8.35003376007,33.9773053923,17.1070316906,0,0,8.35003376007,
G0_D045_DENS_HIGH_V_HIGH_S007,G0_D045_DENS_HIGH_V_HIGH,7,8.36000061035,32.9411772396,16.6048500938,0,0,8.36000061035,
G0_D045_DENS_HIGH_V_HIGH_S007,G0_D045_DENS_HIGH_V_HIGH,7,8.37000465393,40.0587895366,19.0970497629,0,0,8.37000465393,
G0_D045_DENS_HIGH_V_HIGH_S007,G0_D045_DENS_HIGH_V_HIGH,7,8.38000774384,41.2381909093,21.1255954271,0,0,8.38000774384,
G0_D045_DENS_HIGH_V_HIGH_S007,G0_D045_DENS_HIGH_V_HIGH,7,8.39001178741,41.5647993258,21.1832342899,0,0,8.39001178741,
G0_D045_DENS_HIGH_V_HIGH_S007,G0_D045_DENS_HIGH_V_HIGH,7,8.40001487732,38.4822652656,19.8247732608,0,0,8.40001487732,
G0_D045_DENS_HIGH_V_HIGH_S007,G0_D045_DENS_HIGH_V_HIGH,7,8.4100189209,47.8285164939,27.927160825,0,0,8.4100189209,
G0_D045_DENS_HIGH_V_HIGH_S007,G0_D045_DENS_HIGH_V_HIGH,7,8.42003059387,33.4873052692,18.0741041701,0,0,8.42003059387,
G0_D045_DENS_HIGH_V_HIGH_S007,G0_D045_DENS_HIGH_V_HIGH,7,8.43003463745,35.0700066186,19.0602284773,0,0,8.43003463745,
G0_D045_DENS_HIGH_V_HIGH_S007,G0_D045_DENS_HIGH_V_HIGH,7,8.4400100708,31.6127860862,15.9666614807,0,0,8.4400100708,
G0_D045_DENS_HIGH_V_HIGH_S007,G0_D045_DENS_HIGH_V_HIGH,7,8.45001316071,38.6542962857,20.8188751365,0,0,8.45001316071,
G0_D045_DENS_HIGH_V_HIGH_S007,G0_D045_DENS_HIGH_V_HIGH,7,8.46001625061,39.6282913801,19.4861044641,0,0,8.46001625061,
G0_D045_DENS_HIGH_V_HIGH_S007,G0_D045_DENS_HIGH_V_HIGH,7,8.47002029419,37.7487249223,18.8524615668,0,0,8.47002029419,
G0_D045_DENS_HIGH_V_HIGH_S007,G0_D045_DENS_HIGH_V_HIGH,7,8.48002338409,38.3581280941,18.8710481862,0,0,8.48002338409,
G0_D045_DENS_HIGH_V_HIGH_S007,G0_D045_DENS_HIGH_V_HIGH,7,8.49002742767,37.479561493,19.0061367301,0,0,8.49002742767,
G0_D045_DENS_HIGH_V_HIGH_S007,G0_D045_DENS_HIGH_V_HIGH,7,8.50003051758,36.1885214012,17.580961022,0,0,8.50003051758,
G0_D045_DENS_HIGH_V_HIGH_S007,G0_D045_DENS_HIGH_V_HIGH,7,8.51003456116,41.7430933876,22.0344836882,0,0,8.51003456116,
G0_D045_DENS_HIGH_V_HIGH_S007,G0_D045_DENS_HIGH_V_HIGH,7,8.52000236511,35.7867963954,19.3262047973,0,0,8.52000236511,
G0_D045_DENS_HIGH_V_HIGH_S007,G0_D045_DENS_HIGH_V_HIGH,7,8.53000545502,37.5272404334,20.4730371515,0,0,8.53000545502,
G0_D045_DENS_HIGH_V_HIGH_S007,G0_D045_DENS_HIGH_V_HIGH,7,8.54000854492,41.5089262392,20.5372362518,0,0,8.54000854492,
G0_D045_DENS_HIGH_V_HIGH_S007,G0_D045_DENS_HIGH_V_HIGH,7,8.5500125885,40.7598418859,21.1080965436,0,0,8.5500125885,
G0_D045_DENS_HIGH_V_HIGH_S007,G0_D045_DENS_HIGH_V_HIGH,7,8.56002998352,35.8422458056,19.7614580681,0,0,8.56002998352,
G0_D045_DENS_HIGH_V_HIGH_S007,G0_D045_DENS_HIGH_V_HIGH,7,8.57003307343,37.0369824203,22.4787868562,0,0,8.57003307343,
G0_D045_DENS_HIGH_V_HIGH_S007,G0_D045_DENS_HIGH_V_HIGH,7,8.58000087738,36.2595363123,19.0740409737,0,0,8.58000087738,
G0_D045_DENS_HIGH_V_HIGH_S007,G0_D045_DENS_HIGH_V_HIGH,7,8.59000396729,37.1222764525,17.103179226,0,0,8.59000396729,
G0_D045_DENS_HIGH_V_HIGH_S007,G0_D045_DENS_HIGH_V_HIGH,7,8.60000801086,38.770371326,18.3709849154,0,0,8.60000801086,
G0_D045_DENS_HIGH_V_HIGH_S007,G0_D045_DENS_HIGH_V_HIGH,7,8.61001110077,38.6548734679,20.822392918,0,0,8.61001110077,
G0_D045_DENS_HIGH_V_HIGH_S007,G0_D045_DENS_HIGH_V_HIGH,7,8.62001514435,36.8241771564,19.3251932152,0,0,8.62001514435,
G0_D045_DENS_HIGH_V_HIGH_S007,G0_D045_DENS_HIGH_V_HIGH,7,8.63001823425,36.4468258213,21.5712091721,0,0,8.63001823425,
G0_D045_DENS_HIGH_V_HIGH_S007,G0_D045_DENS_HIGH_V_HIGH,7,8.64002227783,42.2981861632,22.0079208303,0,0,8.64002227783,
G0_D045_DENS_HIGH_V_HIGH_S007,G0_D045_DENS_HIGH_V_HIGH,7,8.65002536774,39.9064471864,22.5987097152,0,0,8.65002536774,
G0_D045_DENS_HIGH_V_HIGH_S007,G0_D045_DENS_HIGH_V_HIGH,7,8.66002559662,39.635880713,19.4595849629,0,0,8.66002559662,
G0_D045_DENS_HIGH_V_HIGH_S007,G0_D045_DENS_HIGH_V_HIGH,7,8.67000961304,40.2120498521,19.3795205913,0,0,8.67000961304,
G0_D045_DENS_HIGH_V_HIGH_S007,G0_D045_DENS_HIGH_V_HIGH,7,8.68003368378,39.6715861912,19.5308335473,0,0,8.68003368378,
G0_D045_DENS_HIGH_V_HIGH_S007,G0_D045_DENS_HIGH_V_HIGH,7,8.69000053406,41.4995224662,24.9520945644,0,0,8.69000053406,
G0_D045_DENS_HIGH_V_HIGH_S007,G0_D045_DENS_HIGH_V_HIGH,7,8.70000457764,41.3131908342,23.3582209304,0,0,8.70000457764,
G0_D045_DENS_HIGH_V_HIGH_S007,G0_D045_DENS_HIGH_V_HIGH,7,8.71000766754,38.7177986167,18.4118771017,0,0,8.71000766754,
G0_D045_DENS_HIGH_V_HIGH_S007,G0_D045_DENS_HIGH_V_HIGH,7,8.72002506256,39.507454586,18.8466745635,0,0,8.72002506256,
G0_D045_DENS_HIGH_V_HIGH_S007,G0_D045_DENS_HIGH_V_HIGH,7,8.73002815247,32.0525590706,17.3832622532,0,0,8.73002815247,
G0_D045_DENS_HIGH_V_HIGH_S007,G0_D045_DENS_HIGH_V_HIGH,7,8.74003219604,36.5423249274,19.3091137338,0,0,8.74003219604,
G0_D045_DENS_HIGH_V_HIGH_S007,G0_D045_DENS_HIGH_V_HIGH,7,8.75003051758,40.7427044844,21.8532652062,0,0,8.75003051758,
G0_D045_DENS_HIGH_V_HIGH_S007,G0_D045_DENS_HIGH_V_HIGH,7,8.76003456116,40.5748918072,23.3498889757,0,0,8.76003456116,
G0_D045_DENS_HIGH_V_HIGH_S007,G0_D045_DENS_HIGH_V_HIGH,7,8.77000236511,36.6274623836,20.1084530158,0,0,8.77000236511,
G0_D045_DENS_HIGH_V_HIGH_S007,G0_D045_DENS_HIGH_V_HIGH,7,8.78000164032,43.1333259381,24.4224908917,0,0,8.78000164032,
G0_D045_DENS_HIGH_V_HIGH_S007,G0_D045_DENS_HIGH_V_HIGH,7,8.7900056839,37.4219015975,22.0105546399,0,0,8.7900056839,
G0_D045_DENS_HIGH_V_HIGH_S007,G0_D045_DENS_HIGH_V_HIGH,7,8.80003261566,41.1842765583,22.245359509,0,0,8.80003261566,
G0_D045_DENS_HIGH_V_HIGH_S007,G0_D045_DENS_HIGH_V_HIGH,7,8.81000900269,37.441734563,23.9096077692,0,0,8.81000900269,
G0_D045_DENS_HIGH_V_HIGH_S007,G0_D045_DENS_HIGH_V_HIGH,7,8.82001304626,38.173945545,19.5705643,0,0,8.82001304626,
G0_D045_DENS_HIGH_V_HIGH_S007,G0_D045_DENS_HIGH_V_HIGH,7,8.83001613617,37.6064464206,19.5326645508,0,0,8.83001613617,
G0_D045_DENS_HIGH_V_HIGH_S007,G0_D045_DENS_HIGH_V_HIGH,7,8.84002017975,42.3103591831,21.8905911657,0,0,8.84002017975,
G0_D045_DENS_HIGH_V_HIGH_S007,G0_D045_DENS_HIGH_V_HIGH,7,8.85002326965,45.7691608265,21.7423626961,0,0,8.85002326965,
G0_D045_DENS_HIGH_V_HIGH_S007,G0_D045_DENS_HIGH_V_HIGH,7,8.86002731323,41.7204973155,23.9038273232,0,0,8.86002731323,
G0_D045_DENS_HIGH_V_HIGH_S007,G0_D045_DENS_HIGH_V_HIGH,7,8.87003040314,37.9622455238,20.7915518403,0,0,8.87003040314,
G0_D045_DENS_HIGH_V_HIGH_S007,G0_D045_DENS_HIGH_V_HIGH,7,8.88003158569,45.1453925702,23.1606775052,0,0,8.88003158569,
G0_D045_DENS_HIGH_V_HIGH_S007,G0_D045_DENS_HIGH_V_HIGH,7,8.89003562927,40.9387407611,22.3931520327,0,0,8.89003562927,
G0_D045_DENS_HIGH_V_HIGH_S007,G0_D045_DENS_HIGH_V_HIGH,7,8.90000247955,39.9863992124,21.1781636226,0,0,8.90000247955,
G0_D045_DENS_HIGH_V_HIGH_S007,G0_D045_DENS_HIGH_V_HIGH,7,8.91001033783,40.2253557457,24.3062056034,0,0,8.91001033783,
G0_D045_DENS_HIGH_V_HIGH_S007,G0_D045_DENS_HIGH_V_HIGH,7,8.92000579834,37.0491585103,4.75101796356,0,0,8.92000579834,
G0_D045_DENS_HIGH_V_HIGH_S007,G0_D045_DENS_HIGH_V_HIGH,7,8.93000030518,34.3154144727,21.5776445462,0,0,8.93000030518,
G0_D045_DENS_HIGH_V_HIGH_S007,G0_D045_DENS_HIGH_V_HIGH,7,8.94000434875,36.3608410125,17.6261535264,0,0,8.94000434875,
G0_D045_DENS_HIGH_V_HIGH_S007,G0_D045_DENS_HIGH_V_HIGH,7,8.95000743866,42.9228785252,24.6260324905,0,0,8.95000743866,
G0_D045_DENS_HIGH_V_HIGH_S007,G0_D045_DENS_HIGH_V_HIGH,7,8.96001052856,41.2014661518,20.6577901148,0,0,8.96001052856,
G0_D045_DENS_HIGH_V_HIGH_S007,G0_D045_DENS_HIGH_V_HIGH,7,8.97001457214,35.4821454664,20.1824053804,0,0,8.97001457214,
G0_D045_DENS_HIGH_V_HIGH_S007,G0_D045_DENS_HIGH_V_HIGH,7,8.98000907898,37.1064653422,20.1928915484,0,0,8.98000907898,
G0_D045_DENS_HIGH_V_HIGH_S007,G0_D045_DENS_HIGH_V_HIGH,7,8.99001312256,37.3175759007,22.6181675263,0,0,8.99001312256,
G0_D045_DENS_HIGH_V_HIGH_S007,G0_D045_DENS_HIGH_V_HIGH,7,9,43.0197776053,23.2291569861,0,0,9,
