run_id,scenario_id,S,z_m,qb_MPa,qs_kPa,ALLKE,ALLIE,time_s,walltime_h
G0_D045_DENS_LOW_V_LOW_S007,G0_D045_DENS_LOW_V_LOW,7,0,0,0,0,0,0,
G0_D045_DENS_LOW_V_LOW_S007,G0_D045_DENS_LOW_V_LOW,7,0.00900119449943,0,0,0,0,0.0360047779977,
G0_D045_DENS_LOW_V_LOW_S007,G0_D045_DENS_LOW_V_LOW,7,0.0180030521005,0,0,0,0,0.0720122084022,
G0_D045_DENS_LOW_V_LOW_S007,G0_D045_DENS_LOW_V_LOW,7,0.0270083714277,0.245595400709,10.2767090329,0,0,0.108033485711,
G0_D045_DENS_LOW_V_LOW_S007,G0_D045_DENS_LOW_V_LOW,7,0.0360046923161,0.234742987528,35.6797594091,0,0,0.144018769264,
G0_D045_DENS_LOW_V_LOW_S007,G0_D045_DENS_LOW_V_LOW,7,0.0450010150671,0.265121906037,33.650681658,0,0,0.180004060268,
G0_D045_DENS_LOW_V_LOW_S007,G0_D045_DENS_LOW_V_LOW,7,0.0540063306689,0.167770523099,13.1180453108,0,0,0.216025322676,
G0_D045_DENS_LOW_V_LOW_S007,G0_D045_DENS_LOW_V_LOW,7,0.06300265342,0.0297775140748,0.14119366688,0,0,0.25201061368,
G0_D045_DENS_LOW_V_LOW_S007,G0_D045_DENS_LOW_V_LOW,7,0.0720079690218,0.00595713808779,4.22762448135e-07,0,0,0.288031876087,
G0_D045_DENS_LOW_V_LOW_S007,G0_D045_DENS_LOW_V_LOW,7,0.0810042917728,0.144394724781,1.65805742457,0,0,0.324017167091,
G0_D045_DENS_LOW_V_LOW_S007,G0_D045_DENS_LOW_V_LOW,7,0.0900006145239,0.299605908775,5.12767703954,0,0,0.360002458096,
G0_D045_DENS_LOW_V_LOW_S007,G0_D045_DENS_LOW_V_LOW,7,0.0990059375763,0.442084351935,9.41686921263,0,0,0.396023750305,
G0_D045_DENS_LOW_V_LOW_S007,G0_D045_DENS_LOW_V_LOW,7,0.108002252877,0.381510961881,8.51824638885,0,0,0.432009011507,
G0_D045_DENS_LOW_V_LOW_S007,G0_D045_DENS_LOW_V_LOW,7,0.117007561028,0.353714804546,7.49998626056,0,0,0.468030244112,
G0_D045_DENS_LOW_V_LOW_S007,G0_D045_DENS_LOW_V_LOW,7,0.126003876328,0.210049400807,3.19770069419,0,0,0.504015505314,
G0_D045_DENS_LOW_V_LOW_S007,G0_D045_DENS_LOW_V_LOW,7,0.13500019908,0.241872522247,3.06049675665,0,0,0.540000796318,
G0_D045_DENS_LOW_V_LOW_S007,G0_D045_DENS_LOW_V_LOW,7,0.144005507231,0.305313498922,5.22614680998,0,0,0.576022028923,
G0_D045_DENS_LOW_V_LOW_S007,G0_D045_DENS_LOW_V_LOW,7,0.153001829982,0.499175124285,4.49716751239,0,0,0.612007319927,
G0_D045_DENS_LOW_V_LOW_S007,G0_D045_DENS_LOW_V_LOW,7,0.162007138133,0.687459351714,6.9926120584,0,0,0.648028552532,
G0_D045_DENS_LOW_V_LOW_S007,G0_D045_DENS_LOW_V_LOW,7,0.171003460884,0.698326323972,7.44398183244,0,0,0.684013843536,
G0_D045_DENS_LOW_V_LOW_S007,G0_D045_DENS_LOW_V_LOW,7,0.180008769035,0.495791421961,5.60153018195,0,0,0.720035076141,
G0_D045_DENS_LOW_V_LOW_S007,G0_D045_DENS_LOW_V_LOW,7,0.189005091786,0.478377805765,5.04525642172,0,0,0.756020367146,
G0_D045_DENS_LOW_V_LOW_S007,G0_D045_DENS_LOW_V_LOW,7,0.198001414537,0.481328285586,4.84387226905,0,0,0.79200565815,
G0_D045_DENS_LOW_V_LOW_S007,G0_D045_DENS_LOW_V_LOW,7,0.207006722689,0.547412394437,4.2351150124,0,0,0.828026890755,
G0_D045_DENS_LOW_V_LOW_S007,G0_D045_DENS_LOW_V_LOW,7,0.21600304544,0.676902125631,5.27203844357,0,0,0.864012181759,
G0_D045_DENS_LOW_V_LOW_S007,G0_D045_DENS_LOW_V_LOW,7,0.225008368492,0.745642414662,5.5221380369,0,0,0.900033473969,
G0_D045_DENS_LOW_V_LOW_S007,G0_D045_DENS_LOW_V_LOW,7,0.234004676342,0.764992556074,7.55641079638,0,0,0.936018705368,
G0_D045_DENS_LOW_V_LOW_S007,G0_D045_DENS_LOW_V_LOW,7,0.243000999093,0.768124220857,6.36203531774,0,0,0.972003996372,
G0_D045_DENS_LOW_V_LOW_S007,G0_D045_DENS_LOW_V_LOW,7,0.252006322145,0.711225139031,5.0436031023,0,0,1.00802528858,
G0_D045_DENS_LOW_V_LOW_S007,G0_D045_DENS_LOW_V_LOW,7,0.261002629995,0.602105116415,5.07549955005,0,0,1.04401051998,
G0_D045_DENS_LOW_V_LOW_S007,G0_D045_DENS_LOW_V_LOW,7,0.270007967949,0.697171959416,5.05999241771,0,0,1.0800318718,
G0_D045_DENS_LOW_V_LOW_S007,G0_D045_DENS_LOW_V_LOW,7,0.279004275799,0.781096910642,5.04827808064,0,0,1.1160171032,
G0_D045_DENS_LOW_V_LOW_S007,G0_D045_DENS_LOW_V_LOW,7,0.288000583649,0.98284135308,7.32735048942,0,0,1.15200233459,
G0_D045_DENS_LOW_V_LOW_S007,G0_D045_DENS_LOW_V_LOW,7,0.297005921602,0.826368638204,6.61038404241,0,0,1.18802368641,
G0_D045_DENS_LOW_V_LOW_S007,G0_D045_DENS_LOW_V_LOW,7,0.306002229452,0.864956286055,5.30649805367,0,0,1.22400891781,
G0_D045_DENS_LOW_V_LOW_S007,G0_D045_DENS_LOW_V_LOW,7,0.315007537603,0.727392718851,5.55675046749,0,0,1.26003015041,
G0_D045_DENS_LOW_V_LOW_S007,G0_D045_DENS_LOW_V_LOW,7,0.324003875256,0.814346725743,6.22591258884,0,0,1.29601550102,
G0_D045_DENS_LOW_V_LOW_S007,G0_D045_DENS_LOW_V_LOW,7,0.333000183105,0.801739332089,5.86957515238,0,0,1.33200073242,
G0_D045_DENS_LOW_V_LOW_S007,G0_D045_DENS_LOW_V_LOW,7,0.342005491257,0.887293988562,6.56537114601,0,0,1.36802196503,
G0_D045_DENS_LOW_V_LOW_S007,G0_D045_DENS_LOW_V_LOW,7,0.351001828909,0.931457547258,7.52306762889,0,0,1.40400731564,
G0_D045_DENS_LOW_V_LOW_S007,G0_D045_DENS_LOW_V_LOW,7,0.36000713706,0.893026091686,6.37110553657,0,0,1.44002854824,
G0_D045_DENS_LOW_V_LOW_S007,G0_D045_DENS_LOW_V_LOW,7,0.36900344491,0.905116602108,5.73136482925,0,0,1.47601377964,
G0_D045_DENS_LOW_V_LOW_S007,G0_D045_DENS_LOW_V_LOW,7,0.378008753061,0.75563939209,5.46628854851,0,0,1.51203501225,
G0_D045_DENS_LOW_V_LOW_S007,G0_D045_DENS_LOW_V_LOW,7,0.387005090714,0.802137008376,4.65036486658,0,0,1.54802036285,
G0_D045_DENS_LOW_V_LOW_S007,G0_D045_DENS_LOW_V_LOW,7,0.396001398563,0.946533172275,4.97261354971,0,0,1.58400559425,
G0_D045_DENS_LOW_V_LOW_S007,G0_D045_DENS_LOW_V_LOW,7,0.405006706715,0.803169383693,4.90584803172,0,0,1.62002682686,
G0_D045_DENS_LOW_V_LOW_S007,G0_D045_DENS_LOW_V_LOW,7,0.414003044367,1.09981872038,6.60601856886,0,0,1.65601217747,
G0_D045_DENS_LOW_V_LOW_S007,G0_D045_DENS_LOW_V_LOW,7,0.423008352518,1.05129933512,7.27776842067,0,0,1.69203341007,
G0_D045_DENS_LOW_V_LOW_S007,G0_D045_DENS_LOW_V_LOW,7,0.432004660368,1.25479187425,7.47140539914,0,0,1.72801864147,
G0_D045_DENS_LOW_V_LOW_S007,G0_D045_DENS_LOW_V_LOW,7,0.441000968218,1.07617516216,7.11590609103,0,0,1.76400387287,
G0_D045_DENS_LOW_V_LOW_S007,G0_D045_DENS_LOW_V_LOW,7,0.450006306171,0.956321765409,5.95933730139,0,0,1.80002522469,
G0_D045_DENS_LOW_V_LOW_S007,G0_D045_DENS_LOW_V_LOW,7,0.459002614021,1.07883685896,5.37401712658,0,0,1.83601045609,
G0_D045_DENS_LOW_V_LOW_S007,G0_D045_DENS_LOW_V_LOW,7,0.468007922173,0.991712556429,7.35748106491,0,0,1.87203168869,
G0_D045_DENS_LOW_V_LOW_S007,G0_D045_DENS_LOW_V_LOW,7,0.477004230022,1.11015839979,8.44295606887,0,0,1.90801692009,
G0_D045_DENS_LOW_V_LOW_S007,G0_D045_DENS_LOW_V_LOW,7,0.486000567675,1.00358249803,5.90415117371,0,0,1.9440022707,
G0_D045_DENS_LOW_V_LOW_S007,G0_D045_DENS_LOW_V_LOW,7,0.495005875826,1.07739774091,7.43761584463,0,0,1.9800235033,
G0_D045_DENS_LOW_V_LOW_S007,G0_D045_DENS_LOW_V_LOW,7,0.504002153873,1.05307136914,5.36530348011,0,0,2.01600861549,
G0_D045_DENS_LOW_V_LOW_S007,G0_D045_DENS_LOW_V_LOW,7,0.513007521629,1.15829373241,6.30789237028,0,0,2.05203008652,
G0_D045_DENS_LOW_V_LOW_S007,G0_D045_DENS_LOW_V_LOW,7,0.522003829479,1.26201001067,6.04140839284,0,0,2.08801531792,
G0_D045_DENS_LOW_V_LOW_S007,G0_D045_DENS_LOW_V_LOW,7,0.531000137329,1.09164232322,5.96454503676,0,0,2.12400054932,
G0_D045_DENS_LOW_V_LOW_S007,G0_D045_DENS_LOW_V_LOW,7,0.54000544548,1.20908586883,6.29042711118,0,0,2.16002178192,
G0_D045_DENS_LOW_V_LOW_S007,G0_D045_DENS_LOW_V_LOW,7,0.54900175333,1.21092199158,7.15900760639,0,0,2.19600701332,
G0_D045_DENS_LOW_V_LOW_S007,G0_D045_DENS_LOW_V_LOW,7,0.558007061481,1.4233468486,7.58786181743,0,0,2.23202824593,
G0_D045_DENS_LOW_V_LOW_S007,G0_D045_DENS_LOW_V_LOW,7,0.567003369331,1.13901050999,6.23717146245,0,0,2.26801347733,
G0_D045_DENS_LOW_V_LOW_S007,G0_D045_DENS_LOW_V_LOW,7,0.576008677483,1.31540714264,7.23376931834,0,0,2.30403470993,
G0_D045_DENS_LOW_V_LOW_S007,G0_D045_DENS_LOW_V_LOW,7,0.585004985332,1.14325005581,7.61985755965,0,0,2.34001994133,
G0_D045_DENS_LOW_V_LOW_S007,G0_D045_DENS_LOW_V_LOW,7,0.594001293182,1.45799332777,7.41720474151,0,0,2.37600517273,
G0_D045_DENS_LOW_V_LOW_S007,G0_D045_DENS_LOW_V_LOW,7,0.603006601334,1.33099250327,7.39378125408,0,0,2.41202640533,
G0_D045_DENS_LOW_V_LOW_S007,G0_D045_DENS_LOW_V_LOW,7,0.612002909184,1.1678728859,5.73324720402,0,0,2.44801163673,
G0_D045_DENS_LOW_V_LOW_S007,G0_D045_DENS_LOW_V_LOW,7,0.621008217335,1.20505393977,6.53018275924,0,0,2.48403286934,
G0_D045_DENS_LOW_V_LOW_S007,G0_D045_DENS_LOW_V_LOW,7,0.630004584789,1.35909013185,6.95704862174,0,0,2.52001833916,
G0_D045_DENS_LOW_V_LOW_S007,G0_D045_DENS_LOW_V_LOW,7,0.639000892639,1.317105206,6.40722129295,0,0,2.55600357056,
G0_D045_DENS_LOW_V_LOW_S007,G0_D045_DENS_LOW_V_LOW,7,0.64800620079,1.32974948904,6.52042542758,0,0,2.59202480316,
G0_D045_DENS_LOW_V_LOW_S007,G0_D045_DENS_LOW_V_LOW,7,0.65700250864,1.40879861238,6.56647312961,0,0,2.62801003456,
G0_D045_DENS_LOW_V_LOW_S007,G0_D045_DENS_LOW_V_LOW,7,0.666007816792,1.32495569088,6.77150017264,0,0,2.66403126717,
G0_D045_DENS_LOW_V_LOW_S007,G0_D045_DENS_LOW_V_LOW,7,0.675004124641,1.33861483998,6.95507111149,0,0,2.70001649857,
G0_D045_DENS_LOW_V_LOW_S007,G0_D045_DENS_LOW_V_LOW,7,0.684000432491,1.56411475605,7.60406831671,0,0,2.73600172997,
G0_D045_DENS_LOW_V_LOW_S007,G0_D045_DENS_LOW_V_LOW,7,0.693005740643,1.40436027638,7.60025489315,0,0,2.77202296257,
G0_D045_DENS_LOW_V_LOW_S007,G0_D045_DENS_LOW_V_LOW,7,0.702002048492,1.46911550363,7.23490271171,0,0,2.80800819397,
G0_D045_DENS_LOW_V_LOW_S007,G0_D045_DENS_LOW_V_LOW,7,0.711007356644,1.37829919172,7.62390324662,0,0,2.84402942657,
G0_D045_DENS_LOW_V_LOW_S007,G0_D045_DENS_LOW_V_LOW,7,0.720003664494,1.56740189356,7.8697554389,0,0,2.88001465797,
G0_D045_DENS_LOW_V_LOW_S007,G0_D045_DENS_LOW_V_LOW,7,0.729008972645,1.41306147192,6.7492172458,0,0,2.91603589058,
G0_D045_DENS_LOW_V_LOW_S007,G0_D045_DENS_LOW_V_LOW,7,0.738005280495,1.29034183173,7.21745123291,0,0,2.95202112198,
G0_D045_DENS_LOW_V_LOW_S007,G0_D045_DENS_LOW_V_LOW,7,0.747001588345,1.50593217281,6.58787801967,0,0,2.98800635338,
G0_D045_DENS_LOW_V_LOW_S007,G0_D045_DENS_LOW_V_LOW,7,0.756006896496,1.55569562765,6.29995438266,0,0,3.02402758598,
G0_D045_DENS_LOW_V_LOW_S007,G0_D045_DENS_LOW_V_LOW,7,0.765003204346,1.58841810193,6.58523551115,0,0,3.06001281738,
G0_D045_DENS_LOW_V_LOW_S007,G0_D045_DENS_LOW_V_LOW,7,0.774008512497,1.5509568038,6.8239299739,0,0,3.09603404999,
G0_D045_DENS_LOW_V_LOW_S007,G0_D045_DENS_LOW_V_LOW,7,0.783004820347,1.69401808977,7.17109512595,0,0,3.13201928139,
G0_D045_DENS_LOW_V_LOW_S007,G0_D045_DENS_LOW_V_LOW,7,0.792001128197,1.71420315951,7.54522146317,0,0,3.16800451279,
G0_D045_DENS_LOW_V_LOW_S007,G0_D045_DENS_LOW_V_LOW,7,0.801006436348,1.69075704828,6.7219558073,0,0,3.20402574539,
G0_D045_DENS_LOW_V_LOW_S007,G0_D045_DENS_LOW_V_LOW,7,0.810002744198,1.76459493329,7.87726827173,0,0,3.24001097679,
G0_D045_DENS_LOW_V_LOW_S007,G0_D045_DENS_LOW_V_LOW,7,0.819008052349,1.63605329306,7.67887126446,0,0,3.2760322094,
G0_D045_DENS_LOW_V_LOW_S007,G0_D045_DENS_LOW_V_LOW,7,0.828004360199,1.6049011844,7.09420357718,0,0,3.3120174408,
G0_D045_DENS_LOW_V_LOW_S007,G0_D045_DENS_LOW_V_LOW,7,0.837000668049,1.74645609754,8.54367337987,0,0,3.3480026722,
G0_D045_DENS_LOW_V_LOW_S007,G0_D045_DENS_LOW_V_LOW,7,0.8460059762,1.84532235609,7.94105916605,0,0,3.3840239048,
G0_D045_DENS_LOW_V_LOW_S007,G0_D045_DENS_LOW_V_LOW,7,0.85500228405,1.90174038873,8.48907431679,0,0,3.4200091362,
G0_D045_DENS_LOW_V_LOW_S007,G0_D045_DENS_LOW_V_LOW,7,0.864007592201,1.79063702159,6.63440863107,0,0,3.4560303688,
G0_D045_DENS_LOW_V_LOW_S007,G0_D045_DENS_LOW_V_LOW,7,0.873003900051,1.5997975921,6.66467009341,0,0,3.4920156002,
G0_D045_DENS_LOW_V_LOW_S007,G0_D045_DENS_LOW_V_LOW,7,0.882000207901,1.71842226986,6.3282352196,0,0,3.5280008316,
G0_D045_DENS_LOW_V_LOW_S007,G0_D045_DENS_LOW_V_LOW,7,0.891005516052,1.77263173599,6.96008917373,0,0,3.56402206421,
G0_D045_DENS_LOW_V_LOW_S007,G0_D045_DENS_LOW_V_LOW,7,0.900001823902,1.8153495567,6.95281716945,0,0,3.60000729561,
G0_D045_DENS_LOW_V_LOW_S007,G0_D045_DENS_LOW_V_LOW,7,0.909007132053,1.85650353579,6.93537471469,0,0,3.63602852821,
G0_D045_DENS_LOW_V_LOW_S007,G0_D045_DENS_LOW_V_LOW,7,0.918003380299,2.08265594799,5.8720848484,0,0,3.67201352119,
G0_D045_DENS_LOW_V_LOW_S007,G0_D045_DENS_LOW_V_LOW,7,0.92700868845,1.86878823121,7.76352010396,0,0,3.7080347538,
G0_D045_DENS_LOW_V_LOW_S007,G0_D045_DENS_LOW_V_LOW,7,0.9360049963,2.19197922204,8.04309183431,0,0,3.7440199852,
G0_D045_DENS_LOW_V_LOW_S007,G0_D045_DENS_LOW_V_LOW,7,0.94500130415,2.16266361989,7.39626989535,0,0,3.7800052166,
G0_D045_DENS_LOW_V_LOW_S007,G0_D045_DENS_LOW_V_LOW,7,0.954006612301,1.77664035134,6.70133911129,0,0,3.8160264492,
G0_D045_DENS_LOW_V_LOW_S007,G0_D045_DENS_LOW_V_LOW,7,0.963002920151,1.73504389142,9.25926332355,0,0,3.8520116806,
G0_D045_DENS_LOW_V_LOW_S007,G0_D045_DENS_LOW_V_LOW,7,0.972008228302,1.87171865932,11.0277989797,0,0,3.88803291321,
G0_D045_DENS_LOW_V_LOW_S007,G0_D045_DENS_LOW_V_LOW,7,0.981004536152,2.04787361608,7.40522039358,0,0,3.92401814461,
G0_D045_DENS_LOW_V_LOW_S007,G0_D045_DENS_LOW_V_LOW,7,0.990000844002,1.96793885949,6.88277243704,0,0,3.96000337601,
G0_D045_DENS_LOW_V_LOW_S007,G0_D045_DENS_LOW_V_LOW,7,0.999006152153,1.94807193079,6.0382663397,0,0,3.99602460861,
G0_D045_DENS_LOW_V_LOW_S007,G0_D045_DENS_LOW_V_LOW,7,1.0080024004,2.19752500735,7.45008772309,0,0,4.03200960159,
G0_D045_DENS_LOW_V_LOW_S007,G0_D045_DENS_LOW_V_LOW,7,1.01700770855,1.9325041274,6.0561204966,0,0,4.0680308342,
G0_D045_DENS_LOW_V_LOW_S007,G0_D045_DENS_LOW_V_LOW,7,1.026004076,2.26627110083,7.26742521884,0,0,4.10401630402,
G0_D045_DENS_LOW_V_LOW_S007,G0_D045_DENS_LOW_V_LOW,7,1.03500032425,2.02596927999,5.77704233737,0,0,4.140001297,
G0_D045_DENS_LOW_V_LOW_S007,G0_D045_DENS_LOW_V_LOW,7,1.0440056324,2.33907569908,7.40426957677,0,0,4.1760225296,
G0_D045_DENS_LOW_V_LOW_S007,G0_D045_DENS_LOW_V_LOW,7,1.05300199986,2.39071892991,6.44042669131,0,0,4.21200799942,
G0_D045_DENS_LOW_V_LOW_S007,G0_D045_DENS_LOW_V_LOW,7,1.06200730801,1.92971051145,6.59441579795,0,0,4.24802923203,
G0_D045_DENS_LOW_V_LOW_S007,G0_D045_DENS_LOW_V_LOW,7,1.07100355625,2.47655042473,7.89766251829,0,0,4.28401422501,
G0_D045_DENS_LOW_V_LOW_S007,G0_D045_DENS_LOW_V_LOW,7,1.0800088644,2.22200613228,6.59338951564,0,0,4.32003545761,
G0_D045_DENS_LOW_V_LOW_S007,G0_D045_DENS_LOW_V_LOW,7,1.08900523186,2.28587591816,7.62562268115,0,0,4.35602092743,
G0_D045_DENS_LOW_V_LOW_S007,G0_D045_DENS_LOW_V_LOW,7,1.0980014801,2.08040248101,6.71210289468,0,0,4.39200592041,
G0_D045_DENS_LOW_V_LOW_S007,G0_D045_DENS_LOW_V_LOW,7,1.10700678825,2.41974574904,8.95262254492,0,0,4.42802715302,
G0_D045_DENS_LOW_V_LOW_S007,G0_D045_DENS_LOW_V_LOW,7,1.1160030365,2.64673611171,7.34503651541,0,0,4.464012146,
G0_D045_DENS_LOW_V_LOW_S007,G0_D045_DENS_LOW_V_LOW,7,1.12500834465,2.16745991252,5.87964646414,0,0,4.5000333786,
G0_D045_DENS_LOW_V_LOW_S007,G0_D045_DENS_LOW_V_LOW,7,1.1340047121,2.19444107332,6.09640696739,0,0,4.53601884842,
G0_D045_DENS_LOW_V_LOW_S007,G0_D045_DENS_LOW_V_LOW,7,1.14300096035,2.10982208343,5.90995957451,0,0,4.5720038414,
G0_D045_DENS_LOW_V_LOW_S007,G0_D045_DENS_LOW_V_LOW,7,1.1520062685,2.31953861623,5.99867000531,0,0,4.60802507401,
G0_D045_DENS_LOW_V_LOW_S007,G0_D045_DENS_LOW_V_LOW,7,1.16100263596,2.49648758239,7.1022080746,0,0,4.64401054382,
G0_D045_DENS_LOW_V_LOW_S007,G0_D045_DENS_LOW_V_LOW,7,1.17000794411,2.46392321921,7.59749366205,0,0,4.68003177643,
G0_D045_DENS_LOW_V_LOW_S007,G0_D045_DENS_LOW_V_LOW,7,1.17900419235,2.64593749713,7.12188277781,0,0,4.71601676941,
G0_D045_DENS_LOW_V_LOW_S007,G0_D045_DENS_LOW_V_LOW,7,1.1880004406,2.58588693867,7.34351390309,0,0,4.75200176239,
G0_D045_DENS_LOW_V_LOW_S007,G0_D045_DENS_LOW_V_LOW,7,1.19700574875,2.57769490309,6.14408988935,0,0,4.788022995,
G0_D045_DENS_LOW_V_LOW_S007,G0_D045_DENS_LOW_V_LOW,7,1.2060021162,2.21572044841,6.7144757202,0,0,4.82400846481,
G0_D045_DENS_LOW_V_LOW_S007,G0_D045_DENS_LOW_V_LOW,7,1.21500742435,2.29484315866,8.19990683419,0,0,4.86002969742,
G0_D045_DENS_LOW_V_LOW_S007,G0_D045_DENS_LOW_V_LOW,7,1.2240036726,2.83038196573,7.24376892583,0,0,4.8960146904,
G0_D045_DENS_LOW_V_LOW_S007,G0_D045_DENS_LOW_V_LOW,7,1.23300898075,2.56022592882,6.96021550927,0,0,4.932035923,
G0_D045_DENS_LOW_V_LOW_S007,G0_D045_DENS_LOW_V_LOW,7,1.24200534821,2.69266086307,6.42578268987,0,0,4.96802139282,
G0_D045_DENS_LOW_V_LOW_S007,G0_D045_DENS_LOW_V_LOW,7,1.25100159645,2.34406656046,5.85456988289,0,0,5.0040063858,
G0_D045_DENS_LOW_V_LOW_S007,G0_D045_DENS_LOW_V_LOW,7,1.2600069046,2.66366628018,6.24607806817,0,0,5.04002761841,
G0_D045_DENS_LOW_V_LOW_S007,G0_D045_DENS_LOW_V_LOW,7,1.26900315285,2.60917474691,5.94605930533,0,0,5.07601261139,
G0_D045_DENS_LOW_V_LOW_S007,G0_D045_DENS_LOW_V_LOW,7,1.278008461,2.83400796756,6.64701865873,0,0,5.11203384399,
G0_D045_DENS_LOW_V_LOW_S007,G0_D045_DENS_LOW_V_LOW,7,1.28700482845,2.5245254396,6.85839229331,0,0,5.14801931381,
G0_D045_DENS_LOW_V_LOW_S007,G0_D045_DENS_LOW_V_LOW,7,1.2960010767,2.65381945074,7.73813464313,0,0,5.18400430679,
G0_D045_DENS_LOW_V_LOW_S007,G0_D045_DENS_LOW_V_LOW,7,1.30500638485,2.4996764761,7.19079004419,0,0,5.2200255394,
G0_D045_DENS_LOW_V_LOW_S007,G0_D045_DENS_LOW_V_LOW,7,1.3140027523,2.72572354486,7.59088310226,0,0,5.25601100922,
G0_D045_DENS_LOW_V_LOW_S007,G0_D045_DENS_LOW_V_LOW,7,1.32300794125,2.52529719064,6.10692889887,0,0,5.29203176498,
G0_D045_DENS_LOW_V_LOW_S007,G0_D045_DENS_LOW_V_LOW,7,1.3320043087,2.61123805842,6.81423381789,0,0,5.3280172348,
G0_D045_DENS_LOW_V_LOW_S007,G0_D045_DENS_LOW_V_LOW,7,1.34100055695,2.45363928165,5.46587602769,0,0,5.36400222778,
G0_D045_DENS_LOW_V_LOW_S007,G0_D045_DENS_LOW_V_LOW,7,1.3500058651,2.6454372597,6.32950499505,0,0,5.40002346039,
G0_D045_DENS_LOW_V_LOW_S007,G0_D045_DENS_LOW_V_LOW,7,1.35900223255,2.74004488013,6.14008246724,0,0,5.43600893021,
G0_D045_DENS_LOW_V_LOW_S007,G0_D045_DENS_LOW_V_LOW,7,1.3680075407,2.53906552082,5.63750923102,0,0,5.47203016281,
G0_D045_DENS_LOW_V_LOW_S007,G0_D045_DENS_LOW_V_LOW,7,1.37700378895,2.79797859189,5.87260445749,0,0,5.50801515579,
G0_D045_DENS_LOW_V_LOW_S007,G0_D045_DENS_LOW_V_LOW,7,1.38600003719,2.81617345731,5.43392620685,0,0,5.54400014877,
G0_D045_DENS_LOW_V_LOW_S007,G0_D045_DENS_LOW_V_LOW,7,1.39500534534,2.75007169528,5.36131509274,0,0,5.58002138138,
G0_D045_DENS_LOW_V_LOW_S007,G0_D045_DENS_LOW_V_LOW,7,1.4040017128,2.80209466139,5.79763075394,0,0,5.6160068512,
G0_D045_DENS_LOW_V_LOW_S007,G0_D045_DENS_LOW_V_LOW,7,1.41300702095,2.69555483352,6.52953650013,0,0,5.6520280838,
G0_D045_DENS_LOW_V_LOW_S007,G0_D045_DENS_LOW_V_LOW,7,1.4220032692,3.20889841078,7.38747036533,0,0,5.68801307678,
G0_D045_DENS_LOW_V_LOW_S007,G0_D045_DENS_LOW_V_LOW,7,1.43100857735,2.43634300154,6.47909047904,0,0,5.72403430939,
G0_D045_DENS_LOW_V_LOW_S007,G0_D045_DENS_LOW_V_LOW,7,1.44000482559,2.74099028475,6.06456413585,0,0,5.76001930237,
G0_D045_DENS_LOW_V_LOW_S007,G0_D045_DENS_LOW_V_LOW,7,1.44900119305,2.80996260758,5.9242038013,0,0,5.79600477219,
G0_D045_DENS_LOW_V_LOW_S007,G0_D045_DENS_LOW_V_LOW,7,1.4580065012,2.96194652138,7.98999922153,0,0,5.83202600479,
G0_D045_DENS_LOW_V_LOW_S007,G0_D045_DENS_LOW_V_LOW,7,1.46700274944,3.14995213556,6.09543799502,0,0,5.86801099777,
G0_D045_DENS_LOW_V_LOW_S007,G0_D045_DENS_LOW_V_LOW,7,1.47600805759,2.94205810185,5.49244256299,0,0,5.90403223038,
G0_D045_DENS_LOW_V_LOW_S007,G0_D045_DENS_LOW_V_LOW,7,1.48500442505,3.18520285242,6.14795303311,0,0,5.9400177002,
G0_D045_DENS_LOW_V_LOW_S007,G0_D045_DENS_LOW_V_LOW,7,1.49400067329,3.15746740189,5.78147940738,0,0,5.97600269318,
G0_D045_DENS_LOW_V_LOW_S007,G0_D045_DENS_LOW_V_LOW,7,1.50300598145,3.09957206661,5.18118630258,0,0,6.01202392578,
G0_D045_DENS_LOW_V_LOW_S007,G0_D045_DENS_LOW_V_LOW,7,1.51200222969,3.14234361438,5.50090462365,0,0,6.04800891876,
G0_D045_DENS_LOW_V_LOW_S007,G0_D045_DENS_LOW_V_LOW,7,1.52100753784,2.74706393856,5.73137985584,0,0,6.08403015137,
G0_D045_DENS_LOW_V_LOW_S007,G0_D045_DENS_LOW_V_LOW,7,1.5300039053,3.30849593319,6.17139288163,0,0,6.12001562119,
G0_D045_DENS_LOW_V_LOW_S007,G0_D045_DENS_LOW_V_LOW,7,1.53900015354,3.74375929731,8.12720621086,0,0,6.15600061417,
G0_D045_DENS_LOW_V_LOW_S007,G0_D045_DENS_LOW_V_LOW,7,1.54800546169,3.17473298081,6.31446157101,0,0,6.19202184677,
G0_D045_DENS_LOW_V_LOW_S007,G0_D045_DENS_LOW_V_LOW,7,1.55700170994,3.26794427297,6.17951004489,0,0,6.22800683975,
G0_D045_DENS_LOW_V_LOW_S007,G0_D045_DENS_LOW_V_LOW,7,1.56600701809,3.99936661829,6.92626776409,0,0,6.26402807236,
G0_D045_DENS_LOW_V_LOW_S007,G0_D045_DENS_LOW_V_LOW,7,1.57500338554,3.14875555687,6.28553029789,0,0,6.30001354218,
G0_D045_DENS_LOW_V_LOW_S007,G0_D045_DENS_LOW_V_LOW,7,1.58400857449,3.41116760363,7.00404596416,0,0,6.33603429794,
G0_D045_DENS_LOW_V_LOW_S007,G0_D045_DENS_LOW_V_LOW,7,1.59300494194,2.92059298459,5.40886630825,0,0,6.37201976776,
G0_D045_DENS_LOW_V_LOW_S007,G0_D045_DENS_LOW_V_LOW,7,1.60200119019,3.1779034538,5.38386900601,0,0,6.40800476074,
G0_D045_DENS_LOW_V_LOW_S007,G0_D045_DENS_LOW_V_LOW,7,1.61100649834,3.35071735411,6.33609823973,0,0,6.44402599335,
G0_D045_DENS_LOW_V_LOW_S007,G0_D045_DENS_LOW_V_LOW,7,1.62000286579,2.88318646889,5.19963174103,0,0,6.48001146317,
G0_D045_DENS_LOW_V_LOW_S007,G0_D045_DENS_LOW_V_LOW,7,1.62900817394,2.98889947547,5.86362045422,0,0,6.51603269577,
G0_D045_DENS_LOW_V_LOW_S007,G0_D045_DENS_LOW_V_LOW,7,1.63800442219,2.88768496002,5.7913316099,0,0,6.55201768875,
G0_D045_DENS_LOW_V_LOW_S007,G0_D045_DENS_LOW_V_LOW,7,1.64700067043,3.32345738817,6.20039187334,0,0,6.58800268173,
G0_D045_DENS_LOW_V_LOW_S007,G0_D045_DENS_LOW_V_LOW,7,1.65600597858,3.30790647044,6.58002536849,0,0,6.62402391434,
G0_D045_DENS_LOW_V_LOW_S007,G0_D045_DENS_LOW_V_LOW,7,1.66500234604,3.46347474759,6.53525921509,0,0,6.66000938416,
G0_D045_DENS_LOW_V_LOW_S007,G0_D045_DENS_LOW_V_LOW,7,1.67400765419,3.64911598675,6.07198894998,0,0,6.69603061676,
G0_D045_DENS_LOW_V_LOW_S007,G0_D045_DENS_LOW_V_LOW,7,1.68300390244,2.70311327339,5.26436450088,0,0,6.73201560974,
G0_D045_DENS_LOW_V_LOW_S007,G0_D045_DENS_LOW_V_LOW,7,1.69200015068,3.13364731185,5.4743557647,0,0,6.76800060272,
G0_D045_DENS_LOW_V_LOW_S007,G0_D045_DENS_LOW_V_LOW,7,1.70100545883,3.43706520448,6.82489391207,0,0,6.80402183533,
G0_D045_DENS_LOW_V_LOW_S007,G0_D045_DENS_LOW_V_LOW,7,1.71000182629,3.16207776046,5.18906398115,0,0,6.84000730515,
G0_D045_DENS_LOW_V_LOW_S007,G0_D045_DENS_LOW_V_LOW,7,1.71900701523,3.60622643129,6.1344169587,0,0,6.87602806091,
G0_D045_DENS_LOW_V_LOW_S007,G0_D045_DENS_LOW_V_LOW,7,1.72800338268,3.42552347774,5.99117833489,0,0,6.91201353073,
G0_D045_DENS_LOW_V_LOW_S007,G0_D045_DENS_LOW_V_LOW,7,1.73700869083,3.52716435589,5.46338067392,0,0,6.94803476334,
G0_D045_DENS_LOW_V_LOW_S007,G0_D045_DENS_LOW_V_LOW,7,1.74600493908,3.01390175301,5.39353862226,0,0,6.98401975632,
G0_D045_DENS_LOW_V_LOW_S007,G0_D045_DENS_LOW_V_LOW,7,1.75500130653,2.99278969937,5.74682151511,0,0,7.02000522614,
G0_D045_DENS_LOW_V_LOW_S007,G0_D045_DENS_LOW_V_LOW,7,1.76400661469,3.24921655011,5.64472434046,0,0,7.05602645874,
G0_D045_DENS_LOW_V_LOW_S007,G0_D045_DENS_LOW_V_LOW,7,1.77300286293,3.85146672962,7.517694143,0,0,7.09201145172,
G0_D045_DENS_LOW_V_LOW_S007,G0_D045_DENS_LOW_V_LOW,7,1.78200817108,3.16014032381,6.21151822753,0,0,7.12803268433,
G0_D045_DENS_LOW_V_LOW_S007,G0_D045_DENS_LOW_V_LOW,7,1.79100441933,3.61276770253,6.47152327369,0,0,7.16401767731,
G0_D045_DENS_LOW_V_LOW_S007,G0_D045_DENS_LOW_V_LOW,7,1.80000078678,3.27138357322,6.71406514922,0,0,7.20000314713,
G0_D045_DENS_LOW_V_LOW_S007,G0_D045_DENS_LOW_V_LOW,7,1.80900597572,3.8045545514,6.27159174256,0,0,7.23602390289,
G0_D045_DENS_LOW_V_LOW_S007,G0_D045_DENS_LOW_V_LOW,7,1.81800234318,3.66810083203,6.36077705825,0,0,7.27200937271,
G0_D045_DENS_LOW_V_LOW_S007,G0_D045_DENS_LOW_V_LOW,7,1.82700765133,3.05261613919,7.07302659621,0,0,7.30803060532,
G0_D045_DENS_LOW_V_LOW_S007,G0_D045_DENS_LOW_V_LOW,7,1.83600389957,3.44421397541,5.51347556697,0,0,7.3440155983,
G0_D045_DENS_LOW_V_LOW_S007,G0_D045_DENS_LOW_V_LOW,7,1.84500014782,3.22380479551,5.73079941454,0,0,7.38000059128,
G0_D045_DENS_LOW_V_LOW_S007,G0_D045_DENS_LOW_V_LOW,7,1.85400545597,3.62735383552,4.57924472336,0,0,7.41602182388,
G0_D045_DENS_LOW_V_LOW_S007,G0_D045_DENS_LOW_V_LOW,7,1.86300182343,3.19888752188,4.54477010353,0,0,7.4520072937,
G0_D045_DENS_LOW_V_LOW_S007,G0_D045_DENS_LOW_V_LOW,7,1.87200713158,4.52298415523,5.19340287389,0,0,7.48802852631,
G0_D045_DENS_LOW_V_LOW_S007,G0_D045_DENS_LOW_V_LOW,7,1.88100337982,3.76624638027,5.66923376138,0,0,7.52401351929,
G0_D045_DENS_LOW_V_LOW_S007,G0_D045_DENS_LOW_V_LOW,7,1.89000868797,3.76073820392,7.58383456415,0,0,7.56003475189,
G0_D045_DENS_LOW_V_LOW_S007,G0_D045_DENS_LOW_V_LOW,7,1.89900493622,3.59230958413,6.82045121322,0,0,7.59601974487,
G0_D045_DENS_LOW_V_LOW_S007,G0_D045_DENS_LOW_V_LOW,7,1.90800130367,3.57872008835,6.59769695169,0,0,7.63200521469,
G0_D045_DENS_LOW_V_LOW_S007,G0_D045_DENS_LOW_V_LOW,7,1.91700661182,3.8182637818,6.1099513773,0,0,7.6680264473,
G0_D045_DENS_LOW_V_LOW_S007,G0_D045_DENS_LOW_V_LOW,7,1.92600286007,3.66557105439,5.38566748315,0,0,7.70401144028,
G0_D045_DENS_LOW_V_LOW_S007,G0_D045_DENS_LOW_V_LOW,7,1.93500816822,3.42304781093,6.16102730709,0,0,7.74003267288,
G0_D045_DENS_LOW_V_LOW_S007,G0_D045_DENS_LOW_V_LOW,7,1.94400441647,3.86629923963,6.04587969556,0,0,7.77601766586,
G0_D045_DENS_LOW_V_LOW_S007,G0_D045_DENS_LOW_V_LOW,7,1.95300078392,4.09296992621,5.46920180459,0,0,7.81200313568,
G0_D045_DENS_LOW_V_LOW_S007,G0_D045_DENS_LOW_V_LOW,7,1.96200597286,3.725512048,5.12773569335,0,0,7.84802389145,
G0_D045_DENS_LOW_V_LOW_S007,G0_D045_DENS_LOW_V_LOW,7,1.97100234032,3.52327758587,5.43083653322,0,0,7.88400936127,
G0_D045_DENS_LOW_V_LOW_S007,G0_D045_DENS_LOW_V_LOW,7,1.98000764847,3.99745048058,5.39928567351,0,0,7.92003059387,
G0_D045_DENS_LOW_V_LOW_S007,G0_D045_DENS_LOW_V_LOW,7,1.98900389671,3.55567923276,5.73991203623,0,0,7.95601558685,
G0_D045_DENS_LOW_V_LOW_S007,G0_D045_DENS_LOW_V_LOW,7,1.99800014496,4.39343897002,5.84857410461,0,0,7.99200057983,
G0_D045_DENS_LOW_V_LOW_S007,G0_D045_DENS_LOW_V_LOW,7,2.00700545311,3.84018749802,6.37806673484,0,0,8.02802181244,
G0_D045_DENS_LOW_V_LOW_S007,G0_D045_DENS_LOW_V_LOW,7,2.01600170135,3.70160695406,6.70428343686,0,0,8.06400680542,
G0_D045_DENS_LOW_V_LOW_S007,G0_D045_DENS_LOW_V_LOW,7,2.02500700951,3.35580991317,5.54016689483,0,0,8.10002803802,
G0_D045_DENS_LOW_V_LOW_S007,G0_D045_DENS_LOW_V_LOW,7,2.03400325775,3.95592175515,9.28937935454,0,0,8.13601303101,
G0_D045_DENS_LOW_V_LOW_S007,G0_D045_DENS_LOW_V_LOW,7,2.0430085659,3.70483441613,5.1993693254,0,0,8.17203426361,
G0_D045_DENS_LOW_V_LOW_S007,G0_D045_DENS_LOW_V_LOW,7,2.05200505257,4.24238415083,6.03756925648,0,0,8.20802021027,
G0_D045_DENS_LOW_V_LOW_S007,G0_D045_DENS_LOW_V_LOW,7,2.06100130081,4.06763338952,5.98840443545,0,0,8.24400520325,
G0_D045_DENS_LOW_V_LOW_S007,G0_D045_DENS_LOW_V_LOW,7,2.07000660896,4.07618251825,5.16708764287,0,0,8.28002643585,
G0_D045_DENS_LOW_V_LOW_S007,G0_D045_DENS_LOW_V_LOW,7,2.07900285721,3.78230578639,4.83219431873,0,0,8.31601142883,
G0_D045_DENS_LOW_V_LOW_S007,G0_D045_DENS_LOW_V_LOW,7,2.08800816536,4.79853458222,5.62468482414,0,0,8.35203266144,
G0_D045_DENS_LOW_V_LOW_S007,G0_D045_DENS_LOW_V_LOW,7,2.0970044136,3.92657833005,5.69072839221,0,0,8.38801765442,
G0_D045_DENS_LOW_V_LOW_S007,G0_D045_DENS_LOW_V_LOW,7,2.10600066185,3.75806106059,5.10861313128,0,0,8.4240026474,
G0_D045_DENS_LOW_V_LOW_S007,G0_D045_DENS_LOW_V_LOW,7,2.11500597,4.29637985996,5.61254645585,0,0,8.46002388,
G0_D045_DENS_LOW_V_LOW_S007,G0_D045_DENS_LOW_V_LOW,7,2.12400221825,4.08064033031,6.5711067578,0,0,8.49600887299,
G0_D045_DENS_LOW_V_LOW_S007,G0_D045_DENS_LOW_V_LOW,7,2.1330075264,5.82093470001,6.29673847953,0,0,8.53203010559,
G0_D045_DENS_LOW_V_LOW_S007,G0_D045_DENS_LOW_V_LOW,7,2.14200377464,4.47942876782,6.32589841098,0,0,8.56801509857,
G0_D045_DENS_LOW_V_LOW_S007,G0_D045_DENS_LOW_V_LOW,7,2.15100026131,4.47956500433,6.07563840454,0,0,8.60400104523,
G0_D045_DENS_LOW_V_LOW_S007,G0_D045_DENS_LOW_V_LOW,7,2.16000556946,3.32142036455,5.26248759672,0,0,8.64002227783,
G0_D045_DENS_LOW_V_LOW_S007,G0_D045_DENS_LOW_V_LOW,7,2.1690018177,4.18732848328,5.85443504517,0,0,8.67600727081,
G0_D045_DENS_LOW_V_LOW_S007,G0_D045_DENS_LOW_V_LOW,7,2.17800712585,3.7478471601,5.85749791873,0,0,8.71202850342,
G0_D045_DENS_LOW_V_LOW_S007,G0_D045_DENS_LOW_V_LOW,7,2.1870033741,3.73766703091,5.7857132388,0,0,8.7480134964,
G0_D045_DENS_LOW_V_LOW_S007,G0_D045_DENS_LOW_V_LOW,7,2.19600868225,3.44913345654,4.82872513291,0,0,8.784034729,
G0_D045_DENS_LOW_V_LOW_S007,G0_D045_DENS_LOW_V_LOW,7,2.2050049305,3.95552072092,4.88029659505,0,0,8.82001972198,
G0_D045_DENS_LOW_V_LOW_S007,G0_D045_DENS_LOW_V_LOW,7,2.21400117874,3.80077408423,4.81516875101,0,0,8.85600471497,
G0_D045_DENS_LOW_V_LOW_S007,G0_D045_DENS_LOW_V_LOW,7,2.22300648689,4.36825248537,5.8505549385,0,0,8.89202594757,
G0_D045_DENS_LOW_V_LOW_S007,G0_D045_DENS_LOW_V_LOW,7,2.23200273514,4.11463805506,5.91363092309,0,0,8.92801094055,
G0_D045_DENS_LOW_V_LOW_S007,G0_D045_DENS_LOW_V_LOW,7,2.24100804329,4.72518484606,6.04837097717,0,0,8.96403217316,
G0_D045_DENS_LOW_V_LOW_S007,G0_D045_DENS_LOW_V_LOW,7,2.25000429153,4.03214205211,5.52618896988,0,0,9.00001716614,
G0_D045_DENS_LOW_V_LOW_S007,G0_D045_DENS_LOW_V_LOW,7,2.2590007782,5.17077877517,6.91939854787,0,0,9.03600311279,
G0_D045_DENS_LOW_V_LOW_S007,G0_D045_DENS_LOW_V_LOW,7,2.26800584793,3.77948434749,6.06749628341,0,0,9.07202339172,
G0_D045_DENS_LOW_V_LOW_S007,G0_D045_DENS_LOW_V_LOW,7,2.27700233459,4.68496322358,7.92613242156,0,0,9.10800933838,
G0_D045_DENS_LOW_V_LOW_S007,G0_D045_DENS_LOW_V_LOW,7,2.28600764275,4.17506834881,5.86880458036,0,0,9.14403057098,
G0_D045_DENS_LOW_V_LOW_S007,G0_D045_DENS_LOW_V_LOW,7,2.29500389099,3.87411691263,4.76130369941,0,0,9.18001556396,
G0_D045_DENS_LOW_V_LOW_S007,G0_D045_DENS_LOW_V_LOW,7,2.30400013924,4.35424276712,5.45207403281,0,0,9.21600055695,
G0_D045_DENS_LOW_V_LOW_S007,G0_D045_DENS_LOW_V_LOW,7,2.31300544739,3.95213054256,4.61385659881,0,0,9.25202178955,
G0_D045_DENS_LOW_V_LOW_S007,G0_D045_DENS_LOW_V_LOW,7,2.32200169563,4.3272901968,5.34776991469,0,0,9.28800678253,
G0_D045_DENS_LOW_V_LOW_S007,G0_D045_DENS_LOW_V_LOW,7,2.33100700378,4.35080078051,5.13263405348,0,0,9.32402801514,
G0_D045_DENS_LOW_V_LOW_S007,G0_D045_DENS_LOW_V_LOW,7,2.34000325203,4.3462988355,5.15885741299,0,0,9.36001300812,
G0_D045_DENS_LOW_V_LOW_S007,G0_D045_DENS_LOW_V_LOW,7,2.34900856018,4.45903320309,5.43078014534,0,0,9.39603424072,
G0_D045_DENS_LOW_V_LOW_S007,G0_D045_DENS_LOW_V_LOW,7,2.35800480843,4.36490029973,5.20861029162,0,0,9.4320192337,
G0_D045_DENS_LOW_V_LOW_S007,G0_D045_DENS_LOW_V_LOW,7,2.36700105667,4.22773623169,4.74722897517,0,0,9.46800422668,
G0_D045_DENS_LOW_V_LOW_S007,G0_D045_DENS_LOW_V_LOW,7,2.37600636482,5.05307004808,6.14839166046,0,0,9.50402545929,
G0_D045_DENS_LOW_V_LOW_S007,G0_D045_DENS_LOW_V_LOW,7,2.38500285149,4.91586913863,6.2530735778,0,0,9.54001140594,
G0_D045_DENS_LOW_V_LOW_S007,G0_D045_DENS_LOW_V_LOW,7,2.39400792122,4.32264050233,6.3810579519,0,0,9.57603168488,
G0_D045_DENS_LOW_V_LOW_S007,G0_D045_DENS_LOW_V_LOW,7,2.40300440788,3.59999831215,5.63661338811,0,0,9.61201763153,
G0_D045_DENS_LOW_V_LOW_S007,G0_D045_DENS_LOW_V_LOW,7,2.41200065613,4.86262982993,6.36364593001,0,0,9.64800262451,
G0_D045_DENS_LOW_V_LOW_S007,G0_D045_DENS_LOW_V_LOW,7,2.42100596428,4.89553727885,5.43077141656,0,0,9.68402385712,
G0_D045_DENS_LOW_V_LOW_S007,G0_D045_DENS_LOW_V_LOW,7,2.43000221252,4.39421187235,5.41497709425,0,0,9.7200088501,
G0_D045_DENS_LOW_V_LOW_S007,G0_D045_DENS_LOW_V_LOW,7,2.43900752068,4.30627063048,7.44267894627,0,0,9.7560300827,
G0_D045_DENS_LOW_V_LOW_S007,G0_D045_DENS_LOW_V_LOW,7,2.44800376892,4.35086947441,5.43920695693,0,0,9.79201507568,
G0_D045_DENS_LOW_V_LOW_S007,G0_D045_DENS_LOW_V_LOW,7,2.45700001717,4.40882640395,5.06336834602,0,0,9.82800006866,
G0_D045_DENS_LOW_V_LOW_S007,G0_D045_DENS_LOW_V_LOW,7,2.46600532532,4.81844084682,5.96843158474,0,0,9.86402130127,
G0_D045_DENS_LOW_V_LOW_S007,G0_D045_DENS_LOW_V_LOW,7,2.47500157356,4.61955127879,5.64784625787,0,0,9.90000629425,
G0_D045_DENS_LOW_V_LOW_S007,G0_D045_DENS_LOW_V_LOW,7,2.48400688171,4.29487012919,6.04006317078,0,0,9.93602752686,
G0_D045_DENS_LOW_V_LOW_S007,G0_D045_DENS_LOW_V_LOW,7,2.49300312996,5.34588336764,5.36428468042,0,0,9.97201251984,
G0_D045_DENS_LOW_V_LOW_S007,G0_D045_DENS_LOW_V_LOW,7,2.50200843811,4.2745766459,5.93364790136,0,0,10.0080337524,
G0_D045_DENS_LOW_V_LOW_S007,G0_D045_DENS_LOW_V_LOW,7,2.51100468636,4.24163657697,5.87203663726,0,0,10.0440187454,
G0_D045_DENS_LOW_V_LOW_S007,G0_D045_DENS_LOW_V_LOW,7,2.52000117302,4.24017827068,5.56917437948,0,0,10.0800046921,
G0_D045_DENS_LOW_V_LOW_S007,G0_D045_DENS_LOW_V_LOW,7,2.52900648117,4.5361887349,5.92523702093,0,0,10.1160259247,
G0_D045_DENS_LOW_V_LOW_S007,G0_D045_DENS_LOW_V_LOW,7,2.53800272942,5.01774948602,6.88749185377,0,0,10.1520109177,
G0_D045_DENS_LOW_V_LOW_S007,G0_D045_DENS_LOW_V_LOW,7,2.54700803757,4.32943697716,5.15667719657,0,0,10.1880321503,
G0_D045_DENS_LOW_V_LOW_S007,G0_D045_DENS_LOW_V_LOW,7,2.55600428581,4.42349236003,5.55005627938,0,0,10.2240171432,
G0_D045_DENS_LOW_V_LOW_S007,G0_D045_DENS_LOW_V_LOW,7,2.56500053406,4.00756690481,4.82344614035,0,0,10.2600021362,
G0_D045_DENS_LOW_V_LOW_S007,G0_D045_DENS_LOW_V_LOW,7,2.57400584221,4.38687735925,5.04929218883,0,0,10.2960233688,
G0_D045_DENS_LOW_V_LOW_S007,G0_D045_DENS_LOW_V_LOW,7,2.58300209045,4.31461751515,4.78992180341,0,0,10.3320083618,
G0_D045_DENS_LOW_V_LOW_S007,G0_D045_DENS_LOW_V_LOW,7,2.59200739861,5.17068014762,5.23779853219,0,0,10.3680295944,
G0_D045_DENS_LOW_V_LOW_S007,G0_D045_DENS_LOW_V_LOW,7,2.60100364685,4.89843815707,5.53677069024,0,0,10.4040145874,
G0_D045_DENS_LOW_V_LOW_S007,G0_D045_DENS_LOW_V_LOW,7,2.610008955,4.76549166433,6.19770343759,0,0,10.44003582,
G0_D045_DENS_LOW_V_LOW_S007,G0_D045_DENS_LOW_V_LOW,7,2.61900520325,4.46350713327,5.95666549593,0,0,10.476020813,
G0_D045_DENS_LOW_V_LOW_S007,G0_D045_DENS_LOW_V_LOW,7,2.62800145149,4.86680058592,5.66751398551,0,0,10.512005806,
G0_D045_DENS_LOW_V_LOW_S007,G0_D045_DENS_LOW_V_LOW,7,2.63700675964,5.10106597814,5.78629777247,0,0,10.5480270386,
G0_D045_DENS_LOW_V_LOW_S007,G0_D045_DENS_LOW_V_LOW,7,2.64600300789,4.91489475977,5.77977225419,0,0,10.5840120316,
G0_D045_DENS_LOW_V_LOW_S007,G0_D045_DENS_LOW_V_LOW,7,2.65500831604,4.4356204794,5.17579776187,0,0,10.6200332642,
G0_D045_DENS_LOW_V_LOW_S007,G0_D045_DENS_LOW_V_LOW,7,2.66400456429,4.41912818658,7.76952248413,0,0,10.6560182571,
G0_D045_DENS_LOW_V_LOW_S007,G0_D045_DENS_LOW_V_LOW,7,2.67300105095,4.44890641721,4.81706014729,0,0,10.6920042038,
G0_D045_DENS_LOW_V_LOW_S007,G0_D045_DENS_LOW_V_LOW,7,2.6820063591,3.9242634607,5.11175550716,0,0,10.7280254364,
G0_D045_DENS_LOW_V_LOW_S007,G0_D045_DENS_LOW_V_LOW,7,2.69100260735,4.60331534087,5.08822745395,0,0,10.7640104294,
G0_D045_DENS_LOW_V_LOW_S007,G0_D045_DENS_LOW_V_LOW,7,2.7000079155,5.39157210365,5.38928840592,0,0,10.800031662,
G0_D045_DENS_LOW_V_LOW_S007,G0_D045_DENS_LOW_V_LOW,7,2.70900416374,4.96821312401,7.86234311843,0,0,10.836016655,
G0_D045_DENS_LOW_V_LOW_S007,G0_D045_DENS_LOW_V_LOW,7,2.71800041199,4.87224966249,5.468353395,0,0,10.8720016479,
G0_D045_DENS_LOW_V_LOW_S007,G0_D045_DENS_LOW_V_LOW,7,2.72700572014,5.17205709577,5.42621022867,0,0,10.9080228806,
G0_D045_DENS_LOW_V_LOW_S007,G0_D045_DENS_LOW_V_LOW,7,2.73600196838,4.89164475236,5.80813946931,0,0,10.9440078735,
G0_D045_DENS_LOW_V_LOW_S007,G0_D045_DENS_LOW_V_LOW,7,2.74500727654,5.02614127118,6.28515840215,0,0,10.9800291061,
G0_D045_DENS_LOW_V_LOW_S007,G0_D045_DENS_LOW_V_LOW,7,2.75400352478,4.5121708141,6.02264449198,0,0,11.0160140991,
G0_D045_DENS_LOW_V_LOW_S007,G0_D045_DENS_LOW_V_LOW,7,2.76300883293,5.2901219566,5.83533353237,0,0,11.0520353317,
G0_D045_DENS_LOW_V_LOW_S007,G0_D045_DENS_LOW_V_LOW,7,2.77200508118,4.97342119628,5.30291931554,0,0,11.0880203247,
G0_D045_DENS_LOW_V_LOW_S007,G0_D045_DENS_LOW_V_LOW,7,2.78100132942,5.11390137606,5.60765682395,0,0,11.1240053177,
G0_D045_DENS_LOW_V_LOW_S007,G0_D045_DENS_LOW_V_LOW,7,2.79000663757,4.74373642086,5.43573903422,0,0,11.1600265503,
G0_D045_DENS_LOW_V_LOW_S007,G0_D045_DENS_LOW_V_LOW,7,2.79900288582,3.82162364274,7.81901152599,0,0,11.1960115433,
G0_D045_DENS_LOW_V_LOW_S007,G0_D045_DENS_LOW_V_LOW,7,2.80800819397,4.95575880454,5.10230578842,0,0,11.2320327759,
G0_D045_DENS_LOW_V_LOW_S007,G0_D045_DENS_LOW_V_LOW,7,2.81700444221,5.2081206265,5.14954543933,0,0,11.2680177689,
G0_D045_DENS_LOW_V_LOW_S007,G0_D045_DENS_LOW_V_LOW,7,2.82600092888,5.33661199354,5.66319452953,0,0,11.3040037155,
G0_D045_DENS_LOW_V_LOW_S007,G0_D045_DENS_LOW_V_LOW,7,2.83500623703,5.95923739825,6.53329126335,0,0,11.3400249481,
G0_D045_DENS_LOW_V_LOW_S007,G0_D045_DENS_LOW_V_LOW,7,2.84400248528,5.41887543501,5.67957431778,0,0,11.3760099411,
G0_D045_DENS_LOW_V_LOW_S007,G0_D045_DENS_LOW_V_LOW,7,2.85300779343,5.38306979422,5.81591213651,0,0,11.4120311737,
G0_D045_DENS_LOW_V_LOW_S007,G0_D045_DENS_LOW_V_LOW,7,2.86200404167,5.17070470857,6.67458830485,0,0,11.4480161667,
G0_D045_DENS_LOW_V_LOW_S007,G0_D045_DENS_LOW_V_LOW,7,2.87100028992,5.34355046135,7.29538038155,0,0,11.4840011597,
G0_D045_DENS_LOW_V_LOW_S007,G0_D045_DENS_LOW_V_LOW,7,2.88000559807,5.19047512042,5.38786292209,0,0,11.5200223923,
G0_D045_DENS_LOW_V_LOW_S007,G0_D045_DENS_LOW_V_LOW,7,2.88900184631,5.6357923551,5.81913100278,0,0,11.5560073853,
G0_D045_DENS_LOW_V_LOW_S007,G0_D045_DENS_LOW_V_LOW,7,2.89800715446,4.8629475872,5.4194793005,0,0,11.5920286179,
G0_D045_DENS_LOW_V_LOW_S007,G0_D045_DENS_LOW_V_LOW,7,2.90700340271,4.60092947503,5.15240786797,0,0,11.6280136108,
G0_D045_DENS_LOW_V_LOW_S007,G0_D045_DENS_LOW_V_LOW,7,2.91600871086,6.34453880518,5.029264857,0,0,11.6640348434,
G0_D045_DENS_LOW_V_LOW_S007,G0_D045_DENS_LOW_V_LOW,7,2.92500495911,4.54411079193,4.89581456214,0,0,11.7000198364,
G0_D045_DENS_LOW_V_LOW_S007,G0_D045_DENS_LOW_V_LOW,7,2.93400120735,5.59861322006,5.39795869743,0,0,11.7360048294,
G0_D045_DENS_LOW_V_LOW_S007,G0_D045_DENS_LOW_V_LOW,7,2.9430065155,5.26640912883,5.58505706935,0,0,11.772026062,
G0_D045_DENS_LOW_V_LOW_S007,G0_D045_DENS_LOW_V_LOW,7,2.95200276375,5.47525278857,5.6930205286,0,0,11.808011055,
G0_D045_DENS_LOW_V_LOW_S007,G0_D045_DENS_LOW_V_LOW,7,2.9610080719,5.07057356119,6.07994915773,0,0,11.8440322876,
G0_D045_DENS_LOW_V_LOW_S007,G0_D045_DENS_LOW_V_LOW,7,2.97000432014,6.18195377219,5.97669125806,0,0,11.8800172806,
G0_D045_DENS_LOW_V_LOW_S007,G0_D045_DENS_LOW_V_LOW,7,2.97900056839,5.26166617951,5.92251084392,0,0,11.9160022736,
G0_D045_DENS_LOW_V_LOW_S007,G0_D045_DENS_LOW_V_LOW,7,2.98800587654,5.64148358728,5.89484340952,0,0,11.9520235062,
G0_D045_DENS_LOW_V_LOW_S007,G0_D045_DENS_LOW_V_LOW,7,2.99700212479,5.21090138633,5.98022586626,0,0,11.9880084991,
G0_D045_DENS_LOW_V_LOW_S007,G0_D045_DENS_LOW_V_LOW,7,3.00600743294,5.13799182841,5.61628163336,0,0,12.0240297318,
G0_D045_DENS_LOW_V_LOW_S007,G0_D045_DENS_LOW_V_LOW,7,3.0150039196,5.52161618311,5.82949090201,0,0,12.0600156784,
G0_D045_DENS_LOW_V_LOW_S007,G0_D045_DENS_LOW_V_LOW,7,3.02400016785,4.97335825885,5.24244182857,0,0,12.0960006714,
G0_D045_DENS_LOW_V_LOW_S007,G0_D045_DENS_LOW_V_LOW,7,3.033005476,4.81964970598,5.45610605353,0,0,12.132021904,
G0_D045_DENS_LOW_V_LOW_S007,G0_D045_DENS_LOW_V_LOW,7,3.04200172424,6.48789108082,5.41285352011,0,0,12.168006897,
G0_D045_DENS_LOW_V_LOW_S007,G0_D045_DENS_LOW_V_LOW,7,3.05100703239,4.43916761756,6.0675794825,0,0,12.2040281296,
G0_D045_DENS_LOW_V_LOW_S007,G0_D045_DENS_LOW_V_LOW,7,3.06000328064,4.8555935021,4.40359994528,0,0,12.2400131226,
G0_D045_DENS_LOW_V_LOW_S007,G0_D045_DENS_LOW_V_LOW,7,3.06900858879,4.25254432424,4.87479783968,0,0,12.2760343552,
G0_D045_DENS_LOW_V_LOW_S007,G0_D045_DENS_LOW_V_LOW,7,3.07800483704,4.70924632586,4.89643278672,0,0,12.3120193481,
G0_D045_DENS_LOW_V_LOW_S007,G0_D045_DENS_LOW_V_LOW,7,3.08700108528,5.29909437792,5.73448743537,0,0,12.3480043411,
G0_D045_DENS_LOW_V_LOW_S007,G0_D045_DENS_LOW_V_LOW,7,3.09600639343,5.40502958433,6.1792866395,0,0,12.3840255737,
G0_D045_DENS_LOW_V_LOW_S007,G0_D045_DENS_LOW_V_LOW,7,3.10500264168,5.5617733331,6.23073189082,0,0,12.4200105667,
G0_D045_DENS_LOW_V_LOW_S007,G0_D045_DENS_LOW_V_LOW,7,3.11400794983,5.37899497944,5.31225700923,0,0,12.4560317993,
G0_D045_DENS_LOW_V_LOW_S007,G0_D045_DENS_LOW_V_LOW,7,3.12300419807,6.01544512776,5.95795755552,0,0,12.4920167923,
G0_D045_DENS_LOW_V_LOW_S007,G0_D045_DENS_LOW_V_LOW,7,3.13200044632,5.05887832852,5.57768785724,0,0,12.5280017853,
G0_D045_DENS_LOW_V_LOW_S007,G0_D045_DENS_LOW_V_LOW,7,3.14100575447,5.68638407035,5.71917839989,0,0,12.5640230179,
G0_D045_DENS_LOW_V_LOW_S007,G0_D045_DENS_LOW_V_LOW,7,3.15000200272,6.01507134083,6.11910805791,0,0,12.6000080109,
G0_D045_DENS_LOW_V_LOW_S007,G0_D045_DENS_LOW_V_LOW,7,3.15900731087,5.66059469118,5.78590229331,0,0,12.6360292435,
G0_D045_DENS_LOW_V_LOW_S007,G0_D045_DENS_LOW_V_LOW,7,3.16800355911,5.6589475726,5.32619835794,0,0,12.6720142365,
G0_D045_DENS_LOW_V_LOW_S007,G0_D045_DENS_LOW_V_LOW,7,3.17700886726,5.16756474487,4.82587448893,0,0,12.7080354691,
G0_D045_DENS_LOW_V_LOW_S007,G0_D045_DENS_LOW_V_LOW,7,3.18600511551,5.87638526155,6.01406229212,0,0,12.744020462,
G0_D045_DENS_LOW_V_LOW_S007,G0_D045_DENS_LOW_V_LOW,7,3.19500136375,6.46046417719,5.90005801199,0,0,12.780005455,
G0_D045_DENS_LOW_V_LOW_S007,G0_D045_DENS_LOW_V_LOW,7,3.20400667191,5.65615222971,5.23551874506,0,0,12.8160266876,
G0_D045_DENS_LOW_V_LOW_S007,G0_D045_DENS_LOW_V_LOW,7,3.21300292015,6.20575716846,5.85379083831,0,0,12.8520116806,
G0_D045_DENS_LOW_V_LOW_S007,G0_D045_DENS_LOW_V_LOW,7,3.2220082283,6.01740885231,6.13908403224,0,0,12.8880329132,
G0_D045_DENS_LOW_V_LOW_S007,G0_D045_DENS_LOW_V_LOW,7,3.23100447655,5.86481475245,6.02708517724,0,0,12.9240179062,
G0_D045_DENS_LOW_V_LOW_S007,G0_D045_DENS_LOW_V_LOW,7,3.24000096321,5.79768392508,6.04507518964,0,0,12.9600038528,
G0_D045_DENS_LOW_V_LOW_S007,G0_D045_DENS_LOW_V_LOW,7,3.24900603294,5.90722306684,6.14373784591,0,0,12.9960241318,
G0_D045_DENS_LOW_V_LOW_S007,G0_D045_DENS_LOW_V_LOW,7,3.25800251961,4.73486838357,5.01247840518,0,0,13.0320100784,
G0_D045_DENS_LOW_V_LOW_S007,G0_D045_DENS_LOW_V_LOW,7,3.26700758934,6.12274423431,7.16701340447,0,0,13.0680303574,
G0_D045_DENS_LOW_V_LOW_S007,G0_D045_DENS_LOW_V_LOW,7,3.276004076,5.55676405101,5.62803922152,0,0,13.104016304,
G0_D045_DENS_LOW_V_LOW_S007,G0_D045_DENS_LOW_V_LOW,7,3.28500032425,5.92858495137,4.98095792441,0,0,13.140001297,
G0_D045_DENS_LOW_V_LOW_S007,G0_D045_DENS_LOW_V_LOW,7,3.2940056324,5.60706564006,5.34768855975,0,0,13.1760225296,
G0_D045_DENS_LOW_V_LOW_S007,G0_D045_DENS_LOW_V_LOW,7,3.30300188065,6.00189976494,5.46419519877,0,0,13.2120075226,
G0_D045_DENS_LOW_V_LOW_S007,G0_D045_DENS_LOW_V_LOW,7,3.3120071888,5.6238641772,5.25921143352,0,0,13.2480287552,
G0_D045_DENS_LOW_V_LOW_S007,G0_D045_DENS_LOW_V_LOW,7,3.32100343704,4.94174524865,5.26103906282,0,0,13.2840137482,
G0_D045_DENS_LOW_V_LOW_S007,G0_D045_DENS_LOW_V_LOW,7,3.33000874519,5.31684772192,5.69120588068,0,0,13.3200349808,
G0_D045_DENS_LOW_V_LOW_S007,G0_D045_DENS_LOW_V_LOW,7,3.33900499344,6.42592227394,6.72012291497,0,0,13.3560199738,
G0_D045_DENS_LOW_V_LOW_S007,G0_D045_DENS_LOW_V_LOW,7,3.34800124168,5.10807774503,5.80064739979,0,0,13.3920049667,
G0_D045_DENS_LOW_V_LOW_S007,G0_D045_DENS_LOW_V_LOW,7,3.35700654984,6.2422274899,6.50149366642,0,0,13.4280261993,
G0_D045_DENS_LOW_V_LOW_S007,G0_D045_DENS_LOW_V_LOW,7,3.36600279808,5.97195958555,6.70417899977,0,0,13.4640111923,
G0_D045_DENS_LOW_V_LOW_S007,G0_D045_DENS_LOW_V_LOW,7,3.37500810623,6.41090555682,5.65496200845,0,0,13.5000324249,
G0_D045_DENS_LOW_V_LOW_S007,G0_D045_DENS_LOW_V_LOW,7,3.38400435448,5.62645612474,5.58328563125,0,0,13.5360174179,
G0_D045_DENS_LOW_V_LOW_S007,G0_D045_DENS_LOW_V_LOW,7,3.39300060272,5.92560079618,7.55430115618,0,0,13.5720024109,
G0_D045_DENS_LOW_V_LOW_S007,G0_D045_DENS_LOW_V_LOW,7,3.40200591087,5.38022609696,6.31301022321,0,0,13.6080236435,
G0_D045_DENS_LOW_V_LOW_S007,G0_D045_DENS_LOW_V_LOW,7,3.41100215912,5.76713701352,5.66320834424,0,0,13.6440086365,
G0_D045_DENS_LOW_V_LOW_S007,G0_D045_DENS_LOW_V_LOW,7,3.42000746727,4.95975456377,5.35489646135,0,0,13.6800298691,
G0_D045_DENS_LOW_V_LOW_S007,G0_D045_DENS_LOW_V_LOW,7,3.42900371552,4.60029779814,4.72385816512,0,0,13.7160148621,
G0_D045_DENS_LOW_V_LOW_S007,G0_D045_DENS_LOW_V_LOW,7,3.43799996376,5.92101135279,5.69140898154,0,0,13.751999855,
G0_D045_DENS_LOW_V_LOW_S007,G0_D045_DENS_LOW_V_LOW,7,3.44700527191,5.486520891,5.37989552168,0,0,13.7880210876,
G0_D045_DENS_LOW_V_LOW_S007,G0_D045_DENS_LOW_V_LOW,7,3.45600152016,6.21522426262,5.87992753652,0,0,13.8240060806,
G0_D045_DENS_LOW_V_LOW_S007,G0_D045_DENS_LOW_V_LOW,7,3.46500682831,5.36715583497,6.63461626754,0,0,13.8600273132,
G0_D045_DENS_LOW_V_LOW_S007,G0_D045_DENS_LOW_V_LOW,7,3.47400307655,5.7541826485,6.21112134732,0,0,13.8960123062,
G0_D045_DENS_LOW_V_LOW_S007,G0_D045_DENS_LOW_V_LOW,7,3.4830083847,5.28487550785,5.192532807,0,0,13.9320335388,
G0_D045_DENS_LOW_V_LOW_S007,G0_D045_DENS_LOW_V_LOW,7,3.49200463295,5.58280748248,5.88973927092,0,0,13.9680185318,
G0_D045_DENS_LOW_V_LOW_S007,G0_D045_DENS_LOW_V_LOW,7,3.50100111961,5.66715092924,6.18893936493,0,0,14.0040044785,
G0_D045_DENS_LOW_V_LOW_S007,G0_D045_DENS_LOW_V_LOW,7,3.51000618935,5.51819300098,5.60339803601,0,0,14.0400247574,
G0_D045_DENS_LOW_V_LOW_S007,G0_D045_DENS_LOW_V_LOW,7,3.51900267601,5.60343407363,5.23984798292,0,0,14.076010704,
G0_D045_DENS_LOW_V_LOW_S007,G0_D045_DENS_LOW_V_LOW,7,3.52800774574,5.55611817483,8.11917781498,0,0,14.112030983,
G0_D045_DENS_LOW_V_LOW_S007,G0_D045_DENS_LOW_V_LOW,7,3.53700423241,6.16658245639,4.64256988795,0,0,14.1480169296,
G0_D045_DENS_LOW_V_LOW_S007,G0_D045_DENS_LOW_V_LOW,7,3.54600048065,6.18230568453,4.95572202251,0,0,14.1840019226,
G0_D045_DENS_LOW_V_LOW_S007,G0_D045_DENS_LOW_V_LOW,7,3.5550057888,5.99289050219,5.90636273185,0,0,14.2200231552,
G0_D045_DENS_LOW_V_LOW_S007,G0_D045_DENS_LOW_V_LOW,7,3.56400203705,6.5516397889,5.72810561582,0,0,14.2560081482,
G0_D045_DENS_LOW_V_LOW_S007,G0_D045_DENS_LOW_V_LOW,7,3.5730073452,4.82721025655,5.24979759489,0,0,14.2920293808,
G0_D045_DENS_LOW_V_LOW_S007,G0_D045_DENS_LOW_V_LOW,7,3.58200359344,5.69884683264,5.5365250428,0,0,14.3280143738,
G0_D045_DENS_LOW_V_LOW_S007,G0_D045_DENS_LOW_V_LOW,7,3.5910089016,5.60743021663,5.95222956241,0,0,14.3640356064,
G0_D045_DENS_LOW_V_LOW_S007,G0_D045_DENS_LOW_V_LOW,7,3.60000514984,6.74984280168,6.74335123563,0,0,14.4000205994,
G0_D045_DENS_LOW_V_LOW_S007,G0_D045_DENS_LOW_V_LOW,7,3.60900139809,6.98270745233,7.05403908885,0,0,14.4360055923,
G0_D045_DENS_LOW_V_LOW_S007,G0_D045_DENS_LOW_V_LOW,7,3.61800670624,4.76265103718,4.45305973167,0,0,14.472026825,
G0_D045_DENS_LOW_V_LOW_S007,G0_D045_DENS_LOW_V_LOW,7,3.62700295448,5.6811506696,5.88315948183,0,0,14.5080118179,
G0_D045_DENS_LOW_V_LOW_S007,G0_D045_DENS_LOW_V_LOW,7,3.63600826263,5.30534782555,5.10203776721,0,0,14.5440330505,
G0_D045_DENS_LOW_V_LOW_S007,G0_D045_DENS_LOW_V_LOW,7,3.64500451088,5.5407994348,5.946615705,0,0,14.5800180435,
G0_D045_DENS_LOW_V_LOW_S007,G0_D045_DENS_LOW_V_LOW,7,3.65400075912,5.83761465383,5.14336090022,0,0,14.6160030365,
G0_D045_DENS_LOW_V_LOW_S007,G0_D045_DENS_LOW_V_LOW,7,3.66300606728,5.6769081496,5.76736688757,0,0,14.6520242691,
G0_D045_DENS_LOW_V_LOW_S007,G0_D045_DENS_LOW_V_LOW,7,3.67200231552,6.90755862672,6.29745800029,0,0,14.6880092621,
G0_D045_DENS_LOW_V_LOW_S007,G0_D045_DENS_LOW_V_LOW,7,3.68100762367,5.78290514214,5.23986179438,0,0,14.7240304947,
G0_D045_DENS_LOW_V_LOW_S007,G0_D045_DENS_LOW_V_LOW,7,3.69000387192,5.96776311732,5.63282461269,0,0,14.7600154877,
G0_D045_DENS_LOW_V_LOW_S007,G0_D045_DENS_LOW_V_LOW,7,3.69900012016,6.36116656698,5.92628836413,0,0,14.7960004807,
G0_D045_DENS_LOW_V_LOW_S007,G0_D045_DENS_LOW_V_LOW,7,3.70800542831,5.85304123177,5.60063885553,0,0,14.8320217133,
G0_D045_DENS_LOW_V_LOW_S007,G0_D045_DENS_LOW_V_LOW,7,3.71700167656,6.48718802368,6.18393188814,0,0,14.8680067062,
G0_D045_DENS_LOW_V_LOW_S007,G0_D045_DENS_LOW_V_LOW,7,3.72600698471,7.62744385049,5.75136960087,0,0,14.9040279388,
G0_D045_DENS_LOW_V_LOW_S007,G0_D045_DENS_LOW_V_LOW,7,3.73500323296,6.66737941874,5.98833153605,0,0,14.9400129318,
G0_D045_DENS_LOW_V_LOW_S007,G0_D045_DENS_LOW_V_LOW,7,3.74400854111,4.77694128751,5.52588934805,0,0,14.9760341644,
G0_D045_DENS_LOW_V_LOW_S007,G0_D045_DENS_LOW_V_LOW,7,3.75300478935,5.81749348094,5.08285657678,0,0,15.0120191574,
G0_D045_DENS_LOW_V_LOW_S007,G0_D045_DENS_LOW_V_LOW,7,3.7620010376,6.03987866585,5.7308922651,0,0,15.0480041504,
G0_D045_DENS_LOW_V_LOW_S007,G0_D045_DENS_LOW_V_LOW,7,3.77100634575,6.63019337593,6.16753924069,0,0,15.084025383,
G0_D045_DENS_LOW_V_LOW_S007,G0_D045_DENS_LOW_V_LOW,7,3.78000259399,7.10745097221,6.07169697989,0,0,15.120010376,
G0_D045_DENS_LOW_V_LOW_S007,G0_D045_DENS_LOW_V_LOW,7,3.78900790215,6.40359176702,4.96031792622,0,0,15.1560316086,
G0_D045_DENS_LOW_V_LOW_S007,G0_D045_DENS_LOW_V_LOW,7,3.79800415039,7.12636673982,5.90943383464,0,0,15.1920166016,
G0_D045_DENS_LOW_V_LOW_S007,G0_D045_DENS_LOW_V_LOW,7,3.80700063705,5.72043590594,5.40105470279,0,0,15.2280025482,
G0_D045_DENS_LOW_V_LOW_S007,G0_D045_DENS_LOW_V_LOW,7,3.81600570679,6.1136942925,5.8659380715,0,0,15.2640228271,
G0_D045_DENS_LOW_V_LOW_S007,G0_D045_DENS_LOW_V_LOW,7,3.82500219345,5.29643296895,5.84500845906,0,0,15.3000087738,
G0_D045_DENS_LOW_V_LOW_S007,G0_D045_DENS_LOW_V_LOW,7,3.83400726318,6.58149822638,5.92873425475,0,0,15.3360290527,
G0_D045_DENS_LOW_V_LOW_S007,G0_D045_DENS_LOW_V_LOW,7,3.84300351143,6.33112046851,6.2291700133,0,0,15.3720140457,
G0_D045_DENS_LOW_V_LOW_S007,G0_D045_DENS_LOW_V_LOW,7,3.85200881958,6.32043300224,5.85861836395,0,0,15.4080352783,
G0_D045_DENS_LOW_V_LOW_S007,G0_D045_DENS_LOW_V_LOW,7,3.86100506783,6.80792867619,5.41415668223,0,0,15.4440202713,
G0_D045_DENS_LOW_V_LOW_S007,G0_D045_DENS_LOW_V_LOW,7,3.87000155449,5.00177642699,4.62952376122,0,0,15.480006218,
G0_D045_DENS_LOW_V_LOW_S007,G0_D045_DENS_LOW_V_LOW,7,3.87900662422,5.79432521544,6.55499551737,0,0,15.5160264969,
G0_D045_DENS_LOW_V_LOW_S007,G0_D045_DENS_LOW_V_LOW,7,3.88800311089,6.18537196538,5.5467795904,0,0,15.5520124435,
G0_D045_DENS_LOW_V_LOW_S007,G0_D045_DENS_LOW_V_LOW,7,3.89700818062,6.66136582413,5.54803908072,0,0,15.5880327225,
G0_D045_DENS_LOW_V_LOW_S007,G0_D045_DENS_LOW_V_LOW,7,3.90600466728,5.87578582092,5.14448751723,0,0,15.6240186691,
G0_D045_DENS_LOW_V_LOW_S007,G0_D045_DENS_LOW_V_LOW,7,3.91500091553,5.28930684014,5.04046325889,0,0,15.6600036621,
G0_D045_DENS_LOW_V_LOW_S007,G0_D045_DENS_LOW_V_LOW,7,3.92400622368,6.16519898424,5.31144222718,0,0,15.6960248947,
G0_D045_DENS_LOW_V_LOW_S007,G0_D045_DENS_LOW_V_LOW,7,3.93300247192,5.83498010839,5.18061794909,0,0,15.7320098877,
G0_D045_DENS_LOW_V_LOW_S007,G0_D045_DENS_LOW_V_LOW,7,3.94200778008,7.24025585573,5.66699391621,0,0,15.7680311203,
G0_D045_DENS_LOW_V_LOW_S007,G0_D045_DENS_LOW_V_LOW,7,3.95100402832,6.85083281471,6.26845772261,0,0,15.8040161133,
G0_D045_DENS_LOW_V_LOW_S007,G0_D045_DENS_LOW_V_LOW,7,3.96000027657,5.95308986971,5.73605770848,0,0,15.8400011063,
G0_D045_DENS_LOW_V_LOW_S007,G0_D045_DENS_LOW_V_LOW,7,3.96900558472,6.75119672394,5.87871892644,0,0,15.8760223389,
G0_D045_DENS_LOW_V_LOW_S007,G0_D045_DENS_LOW_V_LOW,7,3.97800183296,7.66142085194,6.96934106317,0,0,15.9120073318,
G0_D045_DENS_LOW_V_LOW_S007,G0_D045_DENS_LOW_V_LOW,7,3.98700714111,5.26360035417,5.07694409399,0,0,15.9480285645,
G0_D045_DENS_LOW_V_LOW_S007,G0_D045_DENS_LOW_V_LOW,7,3.99600338936,6.17040667275,5.36569056899,0,0,15.9840135574,
G0_D045_DENS_LOW_V_LOW_S007,G0_D045_DENS_LOW_V_LOW,7,4.00500869751,6.26999287409,6.20230234209,0,0,16.02003479,
G0_D045_DENS_LOW_V_LOW_S007,G0_D045_DENS_LOW_V_LOW,7,4.01400470734,5.54505078139,5.04715376994,0,0,16.0560188293,
G0_D045_DENS_LOW_V_LOW_S007,G0_D045_DENS_LOW_V_LOW,7,4.023001194,7.12606893833,5.3160230869,0,0,16.092004776,
G0_D045_DENS_LOW_V_LOW_S007,G0_D045_DENS_LOW_V_LOW,7,4.03200626373,6.5234207947,5.09772612007,0,0,16.1280250549,
G0_D045_DENS_LOW_V_LOW_S007,G0_D045_DENS_LOW_V_LOW,7,4.0410027504,6.65425696474,5.52900737856,0,0,16.1640110016,
G0_D045_DENS_LOW_V_LOW_S007,G0_D045_DENS_LOW_V_LOW,7,4.05000782013,6.68691535029,5.04823380768,0,0,16.2000312805,
G0_D045_DENS_LOW_V_LOW_S007,G0_D045_DENS_LOW_V_LOW,7,4.05900430679,6.50621661815,5.90817028889,0,0,16.2360172272,
G0_D045_DENS_LOW_V_LOW_S007,G0_D045_DENS_LOW_V_LOW,7,4.06800031662,7.56428614021,6.7739691142,0,0,16.2720012665,
G0_D045_DENS_LOW_V_LOW_S007,G0_D045_DENS_LOW_V_LOW,7,4.07700586319,6.26162603365,5.95712343096,0,0,16.3080234528,
G0_D045_DENS_LOW_V_LOW_S007,G0_D045_DENS_LOW_V_LOW,7,4.08600187302,7.38567432112,6.14090316031,0,0,16.3440074921,
G0_D045_DENS_LOW_V_LOW_S007,G0_D045_DENS_LOW_V_LOW,7,4.09500741959,7.07619486328,6.55047393532,0,0,16.3800296783,
G0_D045_DENS_LOW_V_LOW_S007,G0_D045_DENS_LOW_V_LOW,7,4.10400342941,6.07429354295,4.99089180173,0,0,16.4160137177,
G0_D045_DENS_LOW_V_LOW_S007,G0_D045_DENS_LOW_V_LOW,7,4.11300897598,4.9332813157,4.78533883896,0,0,16.4520359039,
G0_D045_DENS_LOW_V_LOW_S007,G0_D045_DENS_LOW_V_LOW,7,4.12200498581,6.3710147396,6.47595988178,0,0,16.4880199432,
G0_D045_DENS_LOW_V_LOW_S007,G0_D045_DENS_LOW_V_LOW,7,4.13100147247,6.27785007487,5.37508504827,0,0,16.5240058899,
G0_D045_DENS_LOW_V_LOW_S007,G0_D045_DENS_LOW_V_LOW,7,4.14000654221,5.94807905255,6.41689926167,0,0,16.5600261688,
G0_D045_DENS_LOW_V_LOW_S007,G0_D045_DENS_LOW_V_LOW,7,4.14900302887,6.20385177617,5.47001294548,0,0,16.5960121155,
G0_D045_DENS_LOW_V_LOW_S007,G0_D045_DENS_LOW_V_LOW,7,4.1580080986,6.15335868848,5.32446455212,0,0,16.6320323944,
G0_D045_DENS_LOW_V_LOW_S007,G0_D045_DENS_LOW_V_LOW,7,4.16700458527,7.00924095148,5.24578964063,0,0,16.6680183411,
G0_D045_DENS_LOW_V_LOW_S007,G0_D045_DENS_LOW_V_LOW,7,4.17600107193,7.05789849207,7.0934053484,0,0,16.7040042877,
G0_D045_DENS_LOW_V_LOW_S007,G0_D045_DENS_LOW_V_LOW,7,4.18500614166,7.24359767972,6.655735825,0,0,16.7400245667,
G0_D045_DENS_LOW_V_LOW_S007,G0_D045_DENS_LOW_V_LOW,7,4.19400262833,8.01708794004,6.53966536772,0,0,16.7760105133,
G0_D045_DENS_LOW_V_LOW_S007,G0_D045_DENS_LOW_V_LOW,7,4.20300769806,5.62238514761,5.51218438822,0,0,16.8120307922,
G0_D045_DENS_LOW_V_LOW_S007,G0_D045_DENS_LOW_V_LOW,7,4.21200370789,6.29016854159,5.71656340659,0,0,16.8480148315,
G0_D045_DENS_LOW_V_LOW_S007,G0_D045_DENS_LOW_V_LOW,7,4.22100019455,6.33615200897,4.89251689066,0,0,16.8840007782,
G0_D045_DENS_LOW_V_LOW_S007,G0_D045_DENS_LOW_V_LOW,7,4.23000526428,4.95618708607,5.64679237402,0,0,16.9200210571,
G0_D045_DENS_LOW_V_LOW_S007,G0_D045_DENS_LOW_V_LOW,7,4.23900175095,5.74827305416,8.46000484678,0,0,16.9560070038,
G0_D045_DENS_LOW_V_LOW_S007,G0_D045_DENS_LOW_V_LOW,7,4.24800682068,6.5623759933,6.19053457922,0,0,16.9920272827,
G0_D045_DENS_LOW_V_LOW_S007,G0_D045_DENS_LOW_V_LOW,7,4.25700330734,6.90305553041,5.12436140401,0,0,17.0280132294,
G0_D045_DENS_LOW_V_LOW_S007,G0_D045_DENS_LOW_V_LOW,7,4.26600837708,7.16602806568,5.99125071221,0,0,17.0640335083,
G0_D045_DENS_LOW_V_LOW_S007,G0_D045_DENS_LOW_V_LOW,7,4.27500486374,7.21404011385,5.68036099852,0,0,17.100019455,
G0_D045_DENS_LOW_V_LOW_S007,G0_D045_DENS_LOW_V_LOW,7,4.2840013504,6.08930949254,5.69813408535,0,0,17.1360054016,
G0_D045_DENS_LOW_V_LOW_S007,G0_D045_DENS_LOW_V_LOW,7,4.29300642014,6.68285511858,6.61278530766,0,0,17.1720256805,
G0_D045_DENS_LOW_V_LOW_S007,G0_D045_DENS_LOW_V_LOW,7,4.3020029068,6.5802732491,5.74645958679,0,0,17.2080116272,
G0_D045_DENS_LOW_V_LOW_S007,G0_D045_DENS_LOW_V_LOW,7,4.31100797653,5.89685642795,5.66325703518,0,0,17.2440319061,
G0_D045_DENS_LOW_V_LOW_S007,G0_D045_DENS_LOW_V_LOW,7,4.3200044632,6.59839769367,6.20491407563,0,0,17.2800178528,
G0_D045_DENS_LOW_V_LOW_S007,G0_D045_DENS_LOW_V_LOW,7,4.32900047302,7.65115744579,6.34435445974,0,0,17.3160018921,
G0_D045_DENS_LOW_V_LOW_S007,G0_D045_DENS_LOW_V_LOW,7,4.33800601959,6.32642011708,6.36854695498,0,0,17.3520240784,
G0_D045_DENS_LOW_V_LOW_S007,G0_D045_DENS_LOW_V_LOW,7,4.34700202942,7.00971374973,5.8443361094,0,0,17.3880081177,
G0_D045_DENS_LOW_V_LOW_S007,G0_D045_DENS_LOW_V_LOW,7,4.35600709915,5.85856552624,5.30298587874,0,0,17.4240283966,
G0_D045_DENS_LOW_V_LOW_S007,G0_D045_DENS_LOW_V_LOW,7,4.36500358582,6.66261843248,6.81097663433,0,0,17.4600143433,
G0_D045_DENS_LOW_V_LOW_S007,G0_D045_DENS_LOW_V_LOW,7,4.37400865555,6.58117663147,5.06801246674,0,0,17.4960346222,
G0_D045_DENS_LOW_V_LOW_S007,G0_D045_DENS_LOW_V_LOW,7,4.38300514221,6.774683898,5.8118113293,0,0,17.5320205688,
G0_D045_DENS_LOW_V_LOW_S007,G0_D045_DENS_LOW_V_LOW,7,4.39200162888,7.57388563324,6.12864203846,0,0,17.5680065155,
G0_D045_DENS_LOW_V_LOW_S007,G0_D045_DENS_LOW_V_LOW,7,4.40100669861,6.04986384251,4.7215538416,0,0,17.6040267944,
G0_D045_DENS_LOW_V_LOW_S007,G0_D045_DENS_LOW_V_LOW,7,4.41000318527,6.39527558353,5.1761288014,0,0,17.6400127411,
G0_D045_DENS_LOW_V_LOW_S007,G0_D045_DENS_LOW_V_LOW,7,4.419008255,6.60231362982,6.01778226533,0,0,17.67603302,
G0_D045_DENS_LOW_V_LOW_S007,G0_D045_DENS_LOW_V_LOW,7,4.42800474167,6.49294065822,6.32644293762,0,0,17.7120189667,
G0_D045_DENS_LOW_V_LOW_S007,G0_D045_DENS_LOW_V_LOW,7,4.4370007515,6.75269263918,5.94286871521,0,0,17.748003006,
G0_D045_DENS_LOW_V_LOW_S007,G0_D045_DENS_LOW_V_LOW,7,4.44600629807,7.16104449582,5.93848805485,0,0,17.7840251923,
G0_D045_DENS_LOW_V_LOW_S007,G0_D045_DENS_LOW_V_LOW,7,4.45500230789,6.38004510941,5.62091840942,0,0,17.8200092316,
G0_D045_DENS_LOW_V_LOW_S007,G0_D045_DENS_LOW_V_LOW,7,4.46400785446,9.02134288996,6.14181050674,0,0,17.8560314178,
G0_D045_DENS_LOW_V_LOW_S007,G0_D045_DENS_LOW_V_LOW,7,4.47300386429,7.42036819524,6.59847240347,0,0,17.8920154572,
G0_D045_DENS_LOW_V_LOW_S007,G0_D045_DENS_LOW_V_LOW,7,4.48200035095,6.47507026596,5.91867894496,0,0,17.9280014038,
G0_D045_DENS_LOW_V_LOW_S007,G0_D045_DENS_LOW_V_LOW,7,4.49100542068,7.45226135376,5.98247295416,0,0,17.9640216827,
G0_D045_DENS_LOW_V_LOW_S007,G0_D045_DENS_LOW_V_LOW,7,4.50000190735,6.36120686229,6.13222810942,0,0,18.0000076294,
G0_D045_DENS_LOW_V_LOW_S007,G0_D045_DENS_LOW_V_LOW,7,4.50900697708,6.67782089176,5.69588852254,0,0,18.0360279083,
G0_D045_DENS_LOW_V_LOW_S007,G0_D045_DENS_LOW_V_LOW,7,4.51800346375,7.80075587752,5.62776009903,0,0,18.072013855,
G0_D045_DENS_LOW_V_LOW_S007,G0_D045_DENS_LOW_V_LOW,7,4.52700853348,7.45212166337,5.71740721482,0,0,18.1080341339,
G0_D045_DENS_LOW_V_LOW_S007,G0_D045_DENS_LOW_V_LOW,7,4.53600502014,8.043176272,5.38289100805,0,0,18.1440200806,
G0_D045_DENS_LOW_V_LOW_S007,G0_D045_DENS_LOW_V_LOW,7,4.54500102997,7.53879801642,6.60770604849,0,0,18.1800041199,
G0_D045_DENS_LOW_V_LOW_S007,G0_D045_DENS_LOW_V_LOW,7,4.55400657654,6.60641530814,6.49255913307,0,0,18.2160263062,
G0_D045_DENS_LOW_V_LOW_S007,G0_D045_DENS_LOW_V_LOW,7,4.56300258636,8.35990197704,7.35430122686,0,0,18.2520103455,
G0_D045_DENS_LOW_V_LOW_S007,G0_D045_DENS_LOW_V_LOW,7,4.5720076561,6.6354363708,5.87142064616,0,0,18.2880306244,
G0_D045_DENS_LOW_V_LOW_S007,G0_D045_DENS_LOW_V_LOW,7,4.58100414276,6.92835407439,6.00750308767,0,0,18.324016571,
G0_D045_DENS_LOW_V_LOW_S007,G0_D045_DENS_LOW_V_LOW,7,4.59000062943,6.76022056974,5.39371552668,0,0,18.3600025177,
G0_D045_DENS_LOW_V_LOW_S007,G0_D045_DENS_LOW_V_LOW,7,4.59900569916,6.67118252804,6.26457847265,0,0,18.3960227966,
G0_D045_DENS_LOW_V_LOW_S007,G0_D045_DENS_LOW_V_LOW,7,4.60800218582,6.1265626942,5.77140580587,0,0,18.4320087433,
G0_D045_DENS_LOW_V_LOW_S007,G0_D045_DENS_LOW_V_LOW,7,4.61700725555,6.36723849385,6.48523175114,0,0,18.4680290222,
G0_D045_DENS_LOW_V_LOW_S007,G0_D045_DENS_LOW_V_LOW,7,4.62600374222,7.85116492071,5.53457334826,0,0,18.5040149689,
G0_D045_DENS_LOW_V_LOW_S007,G0_D045_DENS_LOW_V_LOW,7,4.63500881195,7.79989701187,6.45053107436,0,0,18.5400352478,
G0_D045_DENS_LOW_V_LOW_S007,G0_D045_DENS_LOW_V_LOW,7,4.64400529861,6.85971006236,5.48566270413,0,0,18.5760211945,
G0_D045_DENS_LOW_V_LOW_S007,G0_D045_DENS_LOW_V_LOW,7,4.65300130844,7.495844756,6.20850289659,0,0,18.6120052338,
G0_D045_DENS_LOW_V_LOW_S007,G0_D045_DENS_LOW_V_LOW,7,4.66200685501,7.26130919335,5.97180672647,0,0,18.64802742,
G0_D045_DENS_LOW_V_LOW_S007,G0_D045_DENS_LOW_V_LOW,7,4.67100286484,7.59042896678,7.20018415869,0,0,18.6840114594,
G0_D045_DENS_LOW_V_LOW_S007,G0_D045_DENS_LOW_V_LOW,7,4.68000793457,6.60434911839,6.11782574254,0,0,18.7200317383,
G0_D045_DENS_LOW_V_LOW_S007,G0_D045_DENS_LOW_V_LOW,7,4.68900442123,7.25842635208,6.19011115342,0,0,18.7560176849,
G0_D045_DENS_LOW_V_LOW_S007,G0_D045_DENS_LOW_V_LOW,7,4.6980009079,8.01823923448,7.28518851605,0,0,18.7920036316,
G0_D045_DENS_LOW_V_LOW_S007,G0_D045_DENS_LOW_V_LOW,7,4.70700597763,7.75227793886,4.99388003752,0,0,18.8280239105,
G0_D045_DENS_LOW_V_LOW_S007,G0_D045_DENS_LOW_V_LOW,7,4.71600246429,6.71075712304,5.64004555345,0,0,18.8640098572,
G0_D045_DENS_LOW_V_LOW_S007,G0_D045_DENS_LOW_V_LOW,7,4.72500753403,7.06733373375,6.4567732849,0,0,18.9000301361,
G0_D045_DENS_LOW_V_LOW_S007,G0_D045_DENS_LOW_V_LOW,7,4.73400354385,7.25165136808,7.8061505164,0,0,18.9360141754,
G0_D045_DENS_LOW_V_LOW_S007,G0_D045_DENS_LOW_V_LOW,7,4.74300003052,7.69276752936,6.22130682351,0,0,18.9720001221,
G0_D045_DENS_LOW_V_LOW_S007,G0_D045_DENS_LOW_V_LOW,7,4.75200510025,6.44026126239,5.55099215482,0,0,19.008020401,
G0_D045_DENS_LOW_V_LOW_S007,G0_D045_DENS_LOW_V_LOW,7,4.76100158691,7.04426102569,5.55525792145,0,0,19.0440063477,
G0_D045_DENS_LOW_V_LOW_S007,G0_D045_DENS_LOW_V_LOW,7,4.77000665665,8.18786481672,6.06937176741,0,0,19.0800266266,
G0_D045_DENS_LOW_V_LOW_S007,G0_D045_DENS_LOW_V_LOW,7,4.77900314331,7.36476681413,5.64526431055,0,0,19.1160125732,
G0_D045_DENS_LOW_V_LOW_S007,G0_D045_DENS_LOW_V_LOW,7,4.78800821304,6.96654251089,6.25257114882,0,0,19.1520328522,
G0_D045_DENS_LOW_V_LOW_S007,G0_D045_DENS_LOW_V_LOW,7,4.79700469971,6.87113550836,6.06065656636,0,0,19.1880187988,
G0_D045_DENS_LOW_V_LOW_S007,G0_D045_DENS_LOW_V_LOW,7,4.80600118637,7.98375873359,6.75144278399,0,0,19.2240047455,
G0_D045_DENS_LOW_V_LOW_S007,G0_D045_DENS_LOW_V_LOW,7,4.8150062561,7.1493749754,6.02288669643,0,0,19.2600250244,
G0_D045_DENS_LOW_V_LOW_S007,G0_D045_DENS_LOW_V_LOW,7,4.82400226593,6.56337224675,6.13590915842,0,0,19.2960090637,
G0_D045_DENS_LOW_V_LOW_S007,G0_D045_DENS_LOW_V_LOW,7,4.8330078125,7.63976807368,5.28489454341,0,0,19.33203125,
G0_D045_DENS_LOW_V_LOW_S007,G0_D045_DENS_LOW_V_LOW,7,4.84200382233,6.56783005882,5.81757215689,0,0,19.3680152893,
G0_D045_DENS_LOW_V_LOW_S007,G0_D045_DENS_LOW_V_LOW,7,4.85100030899,8.21424020476,5.27599043147,0,0,19.404001236,
G0_D045_DENS_LOW_V_LOW_S007,G0_D045_DENS_LOW_V_LOW,7,4.86000537872,7.46499467024,5.23830560957,0,0,19.4400215149,
G0_D045_DENS_LOW_V_LOW_S007,G0_D045_DENS_LOW_V_LOW,7,4.86900186539,7.75953416393,5.92840816997,0,0,19.4760074615,
G0_D045_DENS_LOW_V_LOW_S007,G0_D045_DENS_LOW_V_LOW,7,4.87800693512,7.46134429935,6.32872669101,0,0,19.5120277405,
G0_D045_DENS_LOW_V_LOW_S007,G0_D045_DENS_LOW_V_LOW,7,4.88700342178,6.74939149426,6.13173018458,0,0,19.5480136871,
G0_D045_DENS_LOW_V_LOW_S007,G0_D045_DENS_LOW_V_LOW,7,4.89600849152,7.0105342389,5.81931383562,0,0,19.5840339661,
G0_D045_DENS_LOW_V_LOW_S007,G0_D045_DENS_LOW_V_LOW,7,4.90500497818,7.12101936092,6.31677120674,0,0,19.6200199127,
G0_D045_DENS_LOW_V_LOW_S007,G0_D045_DENS_LOW_V_LOW,7,4.91400098801,5.93907401123,6.18841337533,0,0,19.656003952,
G0_D045_DENS_LOW_V_LOW_S007,G0_D045_DENS_LOW_V_LOW,7,4.92300653458,6.50911557755,6.15815860762,0,0,19.6920261383,
G0_D045_DENS_LOW_V_LOW_S007,G0_D045_DENS_LOW_V_LOW,7,4.9320025444,6.89588680371,6.35053896588,0,0,19.7280101776,
G0_D045_DENS_LOW_V_LOW_S007,G0_D045_DENS_LOW_V_LOW,7,4.94100809097,6.63769214037,6.13550416627,0,0,19.7640323639,
G0_D045_DENS_LOW_V_LOW_S007,G0_D045_DENS_LOW_V_LOW,7,4.9500041008,8.01292255677,6.42930470127,0,0,19.8000164032,
G0_D045_DENS_LOW_V_LOW_S007,G0_D045_DENS_LOW_V_LOW,7,4.95900058746,6.89309836858,6.73119581803,0,0,19.8360023499,
G0_D045_DENS_LOW_V_LOW_S007,G0_D045_DENS_LOW_V_LOW,7,4.9680056572,6.87796498696,5.66760986408,0,0,19.8720226288,
G0_D045_DENS_LOW_V_LOW_S007,G0_D045_DENS_LOW_V_LOW,7,4.97700214386,5.96214633553,5.4707622864,0,0,19.9080085754,
G0_D045_DENS_LOW_V_LOW_S007,G0_D045_DENS_LOW_V_LOW,7,4.98600721359,7.04433470853,5.59468886965,0,0,19.9440288544,
G0_D045_DENS_LOW_V_LOW_S007,G0_D045_DENS_LOW_V_LOW,7,4.99500370026,7.84442984825,6.43609308027,0,0,19.980014801,
G0_D045_DENS_LOW_V_LOW_S007,G0_D045_DENS_LOW_V_LOW,7,5.00400876999,6.6713628975,5.60244201258,0,0,20.01603508,
G0_D045_DENS_LOW_V_LOW_S007,G0_D045_DENS_LOW_V_LOW,7,5.01300525665,6.47658076426,6.24259160265,0,0,20.0520210266,
G0_D045_DENS_LOW_V_LOW_S007,G0_D045_DENS_LOW_V_LOW,7,5.02200126648,7.79693588257,6.23629430227,0,0,20.0880050659,
G0_D045_DENS_LOW_V_LOW_S007,G0_D045_DENS_LOW_V_LOW,7,5.03100681305,7.88031262576,6.62287964988,0,0,20.1240272522,
G0_D045_DENS_LOW_V_LOW_S007,G0_D045_DENS_LOW_V_LOW,7,5.04000282288,6.56333080015,6.70979419275,0,0,20.1600112915,
G0_D045_DENS_LOW_V_LOW_S007,G0_D045_DENS_LOW_V_LOW,7,5.04900836945,8.00513443366,6.6769136066,0,0,20.1960334778,
G0_D045_DENS_LOW_V_LOW_S007,G0_D045_DENS_LOW_V_LOW,7,5.05800437927,6.97404741557,5.92034919182,0,0,20.2320175171,
G0_D045_DENS_LOW_V_LOW_S007,G0_D045_DENS_LOW_V_LOW,7,5.06700086594,5.84843643778,5.9598962369,0,0,20.2680034637,
G0_D045_DENS_LOW_V_LOW_S007,G0_D045_DENS_LOW_V_LOW,7,5.07600593567,6.60033493845,6.12126327607,0,0,20.3040237427,
G0_D045_DENS_LOW_V_LOW_S007,G0_D045_DENS_LOW_V_LOW,7,5.08500242233,7.68540154755,6.84746049849,0,0,20.3400096893,
G0_D045_DENS_LOW_V_LOW_S007,G0_D045_DENS_LOW_V_LOW,7,5.09400749207,7.48062157341,5.86983541991,0,0,20.3760299683,
G0_D045_DENS_LOW_V_LOW_S007,G0_D045_DENS_LOW_V_LOW,7,5.10300397873,7.01824177139,5.72642476052,0,0,20.4120159149,
G0_D045_DENS_LOW_V_LOW_S007,G0_D045_DENS_LOW_V_LOW,7,5.11199998856,7.03212254467,5.03632146214,0,0,20.4479999542,
G0_D045_DENS_LOW_V_LOW_S007,G0_D045_DENS_LOW_V_LOW,7,5.12100553513,9.00821966843,6.60899600581,0,0,20.4840221405,
G0_D045_DENS_LOW_V_LOW_S007,G0_D045_DENS_LOW_V_LOW,7,5.13000154495,6.98691965492,6.15070136709,0,0,20.5200061798,
G0_D045_DENS_LOW_V_LOW_S007,G0_D045_DENS_LOW_V_LOW,7,5.13900709152,7.83889519212,6.52848374873,0,0,20.5560283661,
G0_D045_DENS_LOW_V_LOW_S007,G0_D045_DENS_LOW_V_LOW,7,5.14800310135,7.25852766599,6.58109659865,0,0,20.5920124054,
G0_D045_DENS_LOW_V_LOW_S007,G0_D045_DENS_LOW_V_LOW,7,5.15700864792,7.60603591418,6.45165522139,0,0,20.6280345917,
G0_D045_DENS_LOW_V_LOW_S007,G0_D045_DENS_LOW_V_LOW,7,5.16600465775,7.27073138703,6.00376348021,0,0,20.664018631,
G0_D045_DENS_LOW_V_LOW_S007,G0_D045_DENS_LOW_V_LOW,7,5.17500114441,7.76320218801,6.21052715965,0,0,20.7000045776,
G0_D045_DENS_LOW_V_LOW_S007,G0_D045_DENS_LOW_V_LOW,7,5.18400621414,7.61124744033,6.4183697894,0,0,20.7360248566,
G0_D045_DENS_LOW_V_LOW_S007,G0_D045_DENS_LOW_V_LOW,7,5.19300270081,8.13298568098,6.27651711518,0,0,20.7720108032,
G0_D045_DENS_LOW_V_LOW_S007,G0_D045_DENS_LOW_V_LOW,7,5.20200777054,7.24737085536,5.70714025854,0,0,20.8080310822,
G0_D045_DENS_LOW_V_LOW_S007,G0_D045_DENS_LOW_V_LOW,7,5.2110042572,6.98688665114,5.73983261698,0,0,20.8440170288,
G0_D045_DENS_LOW_V_LOW_S007,G0_D045_DENS_LOW_V_LOW,7,5.22000026703,7.24609138347,5.84906859125,0,0,20.8800010681,
G0_D045_DENS_LOW_V_LOW_S007,G0_D045_DENS_LOW_V_LOW,7,5.2290058136,6.99528803042,5.60284083104,0,0,20.9160232544,
G0_D045_DENS_LOW_V_LOW_S007,G0_D045_DENS_LOW_V_LOW,7,5.23800182343,7.89062438628,6.00491629421,0,0,20.9520072937,
G0_D045_DENS_LOW_V_LOW_S007,G0_D045_DENS_LOW_V_LOW,7,5.24700737,8.62257824587,6.58693854917,0,0,20.98802948,
G0_D045_DENS_LOW_V_LOW_S007,G0_D045_DENS_LOW_V_LOW,7,5.25600337982,6.91933867141,6.06890814602,0,0,21.0240135193,
G0_D045_DENS_LOW_V_LOW_S007,G0_D045_DENS_LOW_V_LOW,7,5.26500844955,7.83680981413,6.9794643005,0,0,21.0600337982,
G0_D045_DENS_LOW_V_LOW_S007,G0_D045_DENS_LOW_V_LOW,7,5.27400493622,6.6097770879,6.34977908948,0,0,21.0960197449,
G0_D045_DENS_LOW_V_LOW_S007,G0_D045_DENS_LOW_V_LOW,7,5.28300142288,7.66067174302,6.04392489137,0,0,21.1320056915,
G0_D045_DENS_LOW_V_LOW_S007,G0_D045_DENS_LOW_V_LOW,7,5.29200649261,7.28676968608,6.32211675676,0,0,21.1680259705,
G0_D045_DENS_LOW_V_LOW_S007,G0_D045_DENS_LOW_V_LOW,7,5.30100297928,7.25527948062,6.49716537136,0,0,21.2040119171,
G0_D045_DENS_LOW_V_LOW_S007,G0_D045_DENS_LOW_V_LOW,7,5.31000804901,7.16338315859,6.24395532442,0,0,21.240032196,
G0_D045_DENS_LOW_V_LOW_S007,G0_D045_DENS_LOW_V_LOW,7,5.31900405884,6.04984925945,5.48041738595,0,0,21.2760162354,
G0_D045_DENS_LOW_V_LOW_S007,G0_D045_DENS_LOW_V_LOW,7,5.3280005455,7.61446569205,5.85228567531,0,0,21.312002182,
G0_D045_DENS_LOW_V_LOW_S007,G0_D045_DENS_LOW_V_LOW,7,5.33700561523,7.78054144978,6.01373602067,0,0,21.3480224609,
G0_D045_DENS_LOW_V_LOW_S007,G0_D045_DENS_LOW_V_LOW,7,5.3460021019,7.85072052106,6.29474791552,0,0,21.3840084076,
G0_D045_DENS_LOW_V_LOW_S007,G0_D045_DENS_LOW_V_LOW,7,5.35500717163,7.82765472076,5.89670775688,0,0,21.4200286865,
G0_D045_DENS_LOW_V_LOW_S007,G0_D045_DENS_LOW_V_LOW,7,5.36400365829,8.41068173705,6.24211695015,0,0,21.4560146332,
G0_D045_DENS_LOW_V_LOW_S007,G0_D045_DENS_LOW_V_LOW,7,5.37300872803,7.90137210362,6.18185973717,0,0,21.4920349121,
G0_D045_DENS_LOW_V_LOW_S007,G0_D045_DENS_LOW_V_LOW,7,5.38200521469,8.26691883306,6.5487869651,0,0,21.5280208588,
G0_D045_DENS_LOW_V_LOW_S007,G0_D045_DENS_LOW_V_LOW,7,5.39100122452,8.25072395797,7.19290927664,0,0,21.5640048981,
G0_D045_DENS_LOW_V_LOW_S007,G0_D045_DENS_LOW_V_LOW,7,5.40000677109,6.91475421696,6.65750214696,0,0,21.6000270844,
G0_D045_DENS_LOW_V_LOW_S007,G0_D045_DENS_LOW_V_LOW,7,5.40900278091,7.3432521912,6.65271984109,0,0,21.6360111237,
G0_D045_DENS_LOW_V_LOW_S007,G0_D045_DENS_LOW_V_LOW,7,5.41800832748,8.01809647397,6.68304207649,0,0,21.6720333099,
G0_D045_DENS_LOW_V_LOW_S007,G0_D045_DENS_LOW_V_LOW,7,5.42700433731,7.92157041324,7.08806638398,0,0,21.7080173492,
G0_D045_DENS_LOW_V_LOW_S007,G0_D045_DENS_LOW_V_LOW,7,5.43600082397,7.37468943713,6.09056138912,0,0,21.7440032959,
G0_D045_DENS_LOW_V_LOW_S007,G0_D045_DENS_LOW_V_LOW,7,5.44500589371,7.97425825189,6.61142157532,0,0,21.7800235748,
G0_D045_DENS_LOW_V_LOW_S007,G0_D045_DENS_LOW_V_LOW,7,5.45400238037,8.33737344748,6.25925241991,0,0,21.8160095215,
G0_D045_DENS_LOW_V_LOW_S007,G0_D045_DENS_LOW_V_LOW,7,5.4630074501,8.93422367232,8.02690606159,0,0,21.8520298004,
G0_D045_DENS_LOW_V_LOW_S007,G0_D045_DENS_LOW_V_LOW,7,5.47200393677,7.16945048027,5.89919675788,0,0,21.8880157471,
G0_D045_DENS_LOW_V_LOW_S007,G0_D045_DENS_LOW_V_LOW,7,5.48099994659,7.30962057809,5.88704592023,0,0,21.9239997864,
G0_D045_DENS_LOW_V_LOW_S007,G0_D045_DENS_LOW_V_LOW,7,5.49000549316,7.16898305473,5.98362272884,0,0,21.9600219727,
G0_D045_DENS_LOW_V_LOW_S007,G0_D045_DENS_LOW_V_LOW,7,5.49900150299,6.5850894975,6.4152644077,0,0,21.996006012,
G0_D045_DENS_LOW_V_LOW_S007,G0_D045_DENS_LOW_V_LOW,7,5.50800704956,7.15611618809,6.78689769543,0,0,22.0320281982,
G0_D045_DENS_LOW_V_LOW_S007,G0_D045_DENS_LOW_V_LOW,7,5.51700305939,8.09934869516,6.71726659593,0,0,22.0680122375,
G0_D045_DENS_LOW_V_LOW_S007,G0_D045_DENS_LOW_V_LOW,7,5.52600860596,7.4865929539,6.66653306711,0,0,22.1040344238,
G0_D045_DENS_LOW_V_LOW_S007,G0_D045_DENS_LOW_V_LOW,7,5.53500461578,8.34733598202,7.05824559086,0,0,22.1400184631,
G0_D045_DENS_LOW_V_LOW_S007,G0_D045_DENS_LOW_V_LOW,7,5.54400110245,7.82905085715,6.8039412397,0,0,22.1760044098,
G0_D045_DENS_LOW_V_LOW_S007,G0_D045_DENS_LOW_V_LOW,7,5.55300617218,6.28325386719,5.753049736,0,0,22.2120246887,
G0_D045_DENS_LOW_V_LOW_S007,G0_D045_DENS_LOW_V_LOW,7,5.56200265884,7.34788883767,6.29768992297,0,0,22.2480106354,
G0_D045_DENS_LOW_V_LOW_S007,G0_D045_DENS_LOW_V_LOW,7,5.57100772858,7.03899193481,5.19202237107,0,0,22.2840309143,
G0_D045_DENS_LOW_V_LOW_S007,G0_D045_DENS_LOW_V_LOW,7,5.58000421524,8.2099405038,6.05989327239,0,0,22.320016861,
G0_D045_DENS_LOW_V_LOW_S007,G0_D045_DENS_LOW_V_LOW,7,5.58900022507,6.85465894989,5.99617818585,0,0,22.3560009003,
G0_D045_DENS_LOW_V_LOW_S007,G0_D045_DENS_LOW_V_LOW,7,5.59800577164,7.04296313309,6.42851286632,0,0,22.3920230865,
G0_D045_DENS_LOW_V_LOW_S007,G0_D045_DENS_LOW_V_LOW,7,5.60700178146,8.20914073793,6.31204800078,0,0,22.4280071259,
G0_D045_DENS_LOW_V_LOW_S007,G0_D045_DENS_LOW_V_LOW,7,5.6160068512,7.73962291039,6.8359830439,0,0,22.4640274048,
G0_D045_DENS_LOW_V_LOW_S007,G0_D045_DENS_LOW_V_LOW,7,5.62500333786,7.48922174286,6.86158269659,0,0,22.5000133514,
G0_D045_DENS_LOW_V_LOW_S007,G0_D045_DENS_LOW_V_LOW,7,5.63400840759,7.28326898346,6.91778578039,0,0,22.5360336304,
G0_D045_DENS_LOW_V_LOW_S007,G0_D045_DENS_LOW_V_LOW,7,5.64300489426,7.14951927097,6.588943857,0,0,22.572019577,
G0_D045_DENS_LOW_V_LOW_S007,G0_D045_DENS_LOW_V_LOW,7,5.65200138092,7.93787351001,6.941597382,0,0,22.6080055237,
G0_D045_DENS_LOW_V_LOW_S007,G0_D045_DENS_LOW_V_LOW,7,5.66100645065,7.85693444091,6.40243547035,0,0,22.6440258026,
G0_D045_DENS_LOW_V_LOW_S007,G0_D045_DENS_LOW_V_LOW,7,5.67000246048,7.38015194547,6.21874666388,0,0,22.6800098419,
G0_D045_DENS_LOW_V_LOW_S007,G0_D045_DENS_LOW_V_LOW,7,5.67900800705,7.14083390573,6.11788755091,0,0,22.7160320282,
G0_D045_DENS_LOW_V_LOW_S007,G0_D045_DENS_LOW_V_LOW,7,5.68800401688,7.75268012438,6.66709390419,0,0,22.7520160675,
G0_D045_DENS_LOW_V_LOW_S007,G0_D045_DENS_LOW_V_LOW,7,5.69700050354,7.3837332387,6.209511534,0,0,22.7880020142,
G0_D045_DENS_LOW_V_LOW_S007,G0_D045_DENS_LOW_V_LOW,7,5.70600557327,7.59205689711,6.07094230509,0,0,22.8240222931,
G0_D045_DENS_LOW_V_LOW_S007,G0_D045_DENS_LOW_V_LOW,7,5.71500205994,6.82500774541,5.66496669712,0,0,22.8600082397,
G0_D045_DENS_LOW_V_LOW_S007,G0_D045_DENS_LOW_V_LOW,7,5.72400712967,8.28976972506,6.30448980414,0,0,22.8960285187,
G0_D045_DENS_LOW_V_LOW_S007,G0_D045_DENS_LOW_V_LOW,7,5.73300361633,7.80339848202,6.63534101011,0,0,22.9320144653,
G0_D045_DENS_LOW_V_LOW_S007,G0_D045_DENS_LOW_V_LOW,7,5.74200868607,8.61932315273,6.68884787541,0,0,22.9680347443,
G0_D045_DENS_LOW_V_LOW_S007,G0_D045_DENS_LOW_V_LOW,7,5.75100517273,7.58486053935,6.87013186512,0,0,23.0040206909,
G0_D045_DENS_LOW_V_LOW_S007,G0_D045_DENS_LOW_V_LOW,7,5.76000118256,7.99965503966,7.18056515712,0,0,23.0400047302,
G0_D045_DENS_LOW_V_LOW_S007,G0_D045_DENS_LOW_V_LOW,7,5.76900672913,10.2044345451,6.87401501414,0,0,23.0760269165,
G0_D045_DENS_LOW_V_LOW_S007,G0_D045_DENS_LOW_V_LOW,7,5.77800273895,8.86043951438,6.68078807452,0,0,23.1120109558,
G0_D045_DENS_LOW_V_LOW_S007,G0_D045_DENS_LOW_V_LOW,7,5.78700828552,8.48751989536,7.18379479431,0,0,23.1480331421,
G0_D045_DENS_LOW_V_LOW_S007,G0_D045_DENS_LOW_V_LOW,7,5.79600429535,8.78730545404,6.27023994811,0,0,23.1840171814,
G0_D045_DENS_LOW_V_LOW_S007,G0_D045_DENS_LOW_V_LOW,7,5.80500078201,7.76375404181,6.6028233171,0,0,23.2200031281,
G0_D045_DENS_LOW_V_LOW_S007,G0_D045_DENS_LOW_V_LOW,7,5.81400585175,6.99968520764,6.67827469251,0,0,23.256023407,
G0_D045_DENS_LOW_V_LOW_S007,G0_D045_DENS_LOW_V_LOW,7,5.82300233841,8.23008508634,6.62269987265,0,0,23.2920093536,
G0_D045_DENS_LOW_V_LOW_S007,G0_D045_DENS_LOW_V_LOW,7,5.83200740814,7.88733321924,6.12443612329,0,0,23.3280296326,
G0_D045_DENS_LOW_V_LOW_S007,G0_D045_DENS_LOW_V_LOW,7,5.84100389481,7.20998141719,6.36718072999,0,0,23.3640155792,
G0_D045_DENS_LOW_V_LOW_S007,G0_D045_DENS_LOW_V_LOW,7,5.85000896454,7.76653556917,6.58855046169,0,0,23.4000358582,
G0_D045_DENS_LOW_V_LOW_S007,G0_D045_DENS_LOW_V_LOW,7,5.8590054512,7.90050940032,6.66841125378,0,0,23.4360218048,
G0_D045_DENS_LOW_V_LOW_S007,G0_D045_DENS_LOW_V_LOW,7,5.86800146103,8.16467083897,6.83773253685,0,0,23.4720058441,
G0_D045_DENS_LOW_V_LOW_S007,G0_D045_DENS_LOW_V_LOW,7,5.8770070076,7.80347293239,7.0917709746,0,0,23.5080280304,
G0_D045_DENS_LOW_V_LOW_S007,G0_D045_DENS_LOW_V_LOW,7,5.88600301743,8.46745129825,7.33299446988,0,0,23.5440120697,
G0_D045_DENS_LOW_V_LOW_S007,G0_D045_DENS_LOW_V_LOW,7,5.89500808716,7.57383651134,6.98346591643,0,0,23.5800323486,
G0_D045_DENS_LOW_V_LOW_S007,G0_D045_DENS_LOW_V_LOW,7,5.90400457382,7.91127016567,6.41392085989,0,0,23.6160182953,
G0_D045_DENS_LOW_V_LOW_S007,G0_D045_DENS_LOW_V_LOW,7,5.91300106049,8.04362220672,6.74470963735,0,0,23.6520042419,
G0_D045_DENS_LOW_V_LOW_S007,G0_D045_DENS_LOW_V_LOW,7,5.92200613022,7.74672332696,6.7570481956,0,0,23.6880245209,
G0_D045_DENS_LOW_V_LOW_S007,G0_D045_DENS_LOW_V_LOW,7,5.93100214005,7.71810982253,6.55246743642,0,0,23.7240085602,
G0_D045_DENS_LOW_V_LOW_S007,G0_D045_DENS_LOW_V_LOW,7,5.94000768661,6.90373863178,6.09280499935,0,0,23.7600307465,
G0_D045_DENS_LOW_V_LOW_S007,G0_D045_DENS_LOW_V_LOW,7,5.94900369644,8.20790578276,6.59806457773,0,0,23.7960147858,
G0_D045_DENS_LOW_V_LOW_S007,G0_D045_DENS_LOW_V_LOW,7,5.95800018311,8.82564432635,7.00223253733,0,0,23.8320007324,
G0_D045_DENS_LOW_V_LOW_S007,G0_D045_DENS_LOW_V_LOW,7,5.96700525284,8.17571559028,6.96661808916,0,0,23.8680210114,
G0_D045_DENS_LOW_V_LOW_S007,G0_D045_DENS_LOW_V_LOW,7,5.9760017395,7.37496498026,6.24522776793,0,0,23.904006958,
G0_D045_DENS_LOW_V_LOW_S007,G0_D045_DENS_LOW_V_LOW,7,5.98500680923,9.5501823147,7.51232832591,0,0,23.9400272369,
G0_D045_DENS_LOW_V_LOW_S007,G0_D045_DENS_LOW_V_LOW,7,5.9940032959,7.85305381112,6.96215288987,0,0,23.9760131836,
G0_D045_DENS_LOW_V_LOW_S007,G0_D045_DENS_LOW_V_LOW,7,6.00300836563,8.1426289232,7.57781708931,0,0,24.0120334625,
G0_D045_DENS_LOW_V_LOW_S007,G0_D045_DENS_LOW_V_LOW,7,6.01200485229,7.73387027585,6.81000846302,0,0,24.0480194092,
G0_D045_DENS_LOW_V_LOW_S007,G0_D045_DENS_LOW_V_LOW,7,6.02100086212,7.98524236836,6.42112896192,0,0,24.0840034485,
G0_D045_DENS_LOW_V_LOW_S007,G0_D045_DENS_LOW_V_LOW,7,6.03000640869,8.52188833692,6.92289193595,0,0,24.1200256348,
G0_D045_DENS_LOW_V_LOW_S007,G0_D045_DENS_LOW_V_LOW,7,6.03900241852,8.53942869145,7.32556681142,0,0,24.1560096741,
G0_D045_DENS_LOW_V_LOW_S007,G0_D045_DENS_LOW_V_LOW,7,6.04800796509,8.77106068952,7.89601665184,0,0,24.1920318604,
G0_D045_DENS_LOW_V_LOW_S007,G0_D045_DENS_LOW_V_LOW,7,6.05700397491,8.70248652268,7.90706462458,0,0,24.2280158997,
G0_D045_DENS_LOW_V_LOW_S007,G0_D045_DENS_LOW_V_LOW,7,6.06600046158,6.90405331893,6.28322352447,0,0,24.2640018463,
G0_D045_DENS_LOW_V_LOW_S007,G0_D045_DENS_LOW_V_LOW,7,6.07500553131,7.76301030561,6.55277954176,0,0,24.3000221252,
G0_D045_DENS_LOW_V_LOW_S007,G0_D045_DENS_LOW_V_LOW,7,6.08400201797,8.57918749356,6.96833607075,0,0,24.3360080719,
G0_D045_DENS_LOW_V_LOW_S007,G0_D045_DENS_LOW_V_LOW,7,6.09300708771,8.05267752123,6.62578017737,0,0,24.3720283508,
G0_D045_DENS_LOW_V_LOW_S007,G0_D045_DENS_LOW_V_LOW,7,6.10200357437,10.0075892923,6.4709402747,0,0,24.4080142975,
G0_D045_DENS_LOW_V_LOW_S007,G0_D045_DENS_LOW_V_LOW,7,6.1110086441,7.46514740864,6.94829690254,0,0,24.4440345764,
G0_D045_DENS_LOW_V_LOW_S007,G0_D045_DENS_LOW_V_LOW,7,6.12000513077,8.75565636994,7.3133166599,0,0,24.4800205231,
G0_D045_DENS_LOW_V_LOW_S007,G0_D045_DENS_LOW_V_LOW,7,6.12900114059,7.47395711368,6.71586888285,0,0,24.5160045624,
G0_D045_DENS_LOW_V_LOW_S007,G0_D045_DENS_LOW_V_LOW,7,6.13800621033,8.31301052212,6.86362338824,0,0,24.5520248413,
G0_D045_DENS_LOW_V_LOW_S007,G0_D045_DENS_LOW_V_LOW,7,6.14700269699,7.41095597945,6.39410350489,0,0,24.588010788,
G0_D045_DENS_LOW_V_LOW_S007,G0_D045_DENS_LOW_V_LOW,7,6.15600776672,8.16623429682,6.37520688409,0,0,24.6240310669,
G0_D045_DENS_LOW_V_LOW_S007,G0_D045_DENS_LOW_V_LOW,7,6.16500425339,8.04507130265,6.89417691156,0,0,24.6600170135,
G0_D045_DENS_LOW_V_LOW_S007,G0_D045_DENS_LOW_V_LOW,7,6.17400026321,7.65871991519,6.29126589682,0,0,24.6960010529,
G0_D045_DENS_LOW_V_LOW_S007,G0_D045_DENS_LOW_V_LOW,7,6.18300580978,9.47198869907,7.31205870988,0,0,24.7320232391,
G0_D045_DENS_LOW_V_LOW_S007,G0_D045_DENS_LOW_V_LOW,7,6.19200181961,8.44041967238,6.66560856619,0,0,24.7680072784,
G0_D045_DENS_LOW_V_LOW_S007,G0_D045_DENS_LOW_V_LOW,7,6.20100736618,8.9112584184,7.22559330455,0,0,24.8040294647,
G0_D045_DENS_LOW_V_LOW_S007,G0_D045_DENS_LOW_V_LOW,7,6.21000337601,9.15666680572,6.90138374131,0,0,24.840013504,
G0_D045_DENS_LOW_V_LOW_S007,G0_D045_DENS_LOW_V_LOW,7,6.21900892258,7.52973195649,7.16927595519,0,0,24.8760356903,
G0_D045_DENS_LOW_V_LOW_S007,G0_D045_DENS_LOW_V_LOW,7,6.2280049324,8.2516004768,8.31153963339,0,0,24.9120197296,
G0_D045_DENS_LOW_V_LOW_S007,G0_D045_DENS_LOW_V_LOW,7,6.23700141907,8.70314199298,7.50872130257,0,0,24.9480056763,
G0_D045_DENS_LOW_V_LOW_S007,G0_D045_DENS_LOW_V_LOW,7,6.2460064888,7.88055593265,7.2552063901,0,0,24.9840259552,
G0_D045_DENS_LOW_V_LOW_S007,G0_D045_DENS_LOW_V_LOW,7,6.25500297546,8.31563086826,7.39347407901,0,0,25.0200119019,
G0_D045_DENS_LOW_V_LOW_S007,G0_D045_DENS_LOW_V_LOW,7,6.2640080452,9.43268734461,6.86898587647,0,0,25.0560321808,
G0_D045_DENS_LOW_V_LOW_S007,G0_D045_DENS_LOW_V_LOW,7,6.27300453186,8.99050278209,6.85833414459,0,0,25.0920181274,
G0_D045_DENS_LOW_V_LOW_S007,G0_D045_DENS_LOW_V_LOW,7,6.28200054169,8.12276065132,7.20096440213,0,0,25.1280021667,
G0_D045_DENS_LOW_V_LOW_S007,G0_D045_DENS_LOW_V_LOW,7,6.29100608826,7.74671872178,6.86319502186,0,0,25.164024353,
G0_D045_DENS_LOW_V_LOW_S007,G0_D045_DENS_LOW_V_LOW,7,6.30000209808,8.02225955466,6.89036984978,0,0,25.2000083923,
G0_D045_DENS_LOW_V_LOW_S007,G0_D045_DENS_LOW_V_LOW,7,6.30900716782,8.28148424276,6.92875786905,0,0,25.2360286713,
G0_D045_DENS_LOW_V_LOW_S007,G0_D045_DENS_LOW_V_LOW,7,6.31800365448,7.51538145508,6.42174794286,0,0,25.2720146179,
G0_D045_DENS_LOW_V_LOW_S007,G0_D045_DENS_LOW_V_LOW,7,6.32700872421,8.46345707408,6.58993993707,0,0,25.3080348969,
G0_D045_DENS_LOW_V_LOW_S007,G0_D045_DENS_LOW_V_LOW,7,6.33600521088,8.45372710102,6.76641643438,0,0,25.3440208435,
G0_D045_DENS_LOW_V_LOW_S007,G0_D045_DENS_LOW_V_LOW,7,6.3450012207,9.95926485954,7.45971884634,0,0,25.3800048828,
G0_D045_DENS_LOW_V_LOW_S007,G0_D045_DENS_LOW_V_LOW,7,6.35400676727,7.48873512908,7.05218689386,0,0,25.4160270691,
G0_D045_DENS_LOW_V_LOW_S007,G0_D045_DENS_LOW_V_LOW,7,6.3630027771,7.57658580246,6.99502706866,0,0,25.4520111084,
G0_D045_DENS_LOW_V_LOW_S007,G0_D045_DENS_LOW_V_LOW,7,6.37200832367,8.45781573133,7.4279677779,0,0,25.4880332947,
G0_D045_DENS_LOW_V_LOW_S007,G0_D045_DENS_LOW_V_LOW,7,6.3810043335,8.1484506354,6.74909708012,0,0,25.524017334,
G0_D045_DENS_LOW_V_LOW_S007,G0_D045_DENS_LOW_V_LOW,7,6.39000082016,8.61694227583,7.29239870422,0,0,25.5600032806,
G0_D045_DENS_LOW_V_LOW_S007,G0_D045_DENS_LOW_V_LOW,7,6.39900588989,9.10306944446,7.99134583675,0,0,25.5960235596,
G0_D045_DENS_LOW_V_LOW_S007,G0_D045_DENS_LOW_V_LOW,7,6.40800237656,7.81257660127,6.86677978735,0,0,25.6320095062,
G0_D045_DENS_LOW_V_LOW_S007,G0_D045_DENS_LOW_V_LOW,7,6.41700744629,10.0448359699,8.48902053008,0,0,25.6680297852,
G0_D045_DENS_LOW_V_LOW_S007,G0_D045_DENS_LOW_V_LOW,7,6.42600393295,6.38654378275,6.4013625487,0,0,25.7040157318,
G0_D045_DENS_LOW_V_LOW_S007,G0_D045_DENS_LOW_V_LOW,7,6.43499994278,7.47041726705,6.45853038737,0,0,25.7399997711,
G0_D045_DENS_LOW_V_LOW_S007,G0_D045_DENS_LOW_V_LOW,7,6.44400548935,7.92654093509,6.89187175082,0,0,25.7760219574,
G0_D045_DENS_LOW_V_LOW_S007,G0_D045_DENS_LOW_V_LOW,7,6.45300149918,8.99512407796,7.2916217397,0,0,25.8120059967,
G0_D045_DENS_LOW_V_LOW_S007,G0_D045_DENS_LOW_V_LOW,7,6.46200704575,8.6412975259,6.89047541681,0,0,25.848028183,
G0_D045_DENS_LOW_V_LOW_S007,G0_D045_DENS_LOW_V_LOW,7,6.47100305557,8.79106174403,7.39216196499,0,0,25.8840122223,
G0_D045_DENS_LOW_V_LOW_S007,G0_D045_DENS_LOW_V_LOW,7,6.48000860214,8.39955025489,7.36463269118,0,0,25.9200344086,
G0_D045_DENS_LOW_V_LOW_S007,G0_D045_DENS_LOW_V_LOW,7,6.48900461197,8.72946442148,7.52659617654,0,0,25.9560184479,
G0_D045_DENS_LOW_V_LOW_S007,G0_D045_DENS_LOW_V_LOW,7,6.49800109863,9.33411274731,7.20868293248,0,0,25.9920043945,
G0_D045_DENS_LOW_V_LOW_S007,G0_D045_DENS_LOW_V_LOW,7,6.50700616837,9.15923802996,7.79360307851,0,0,26.0280246735,
G0_D045_DENS_LOW_V_LOW_S007,G0_D045_DENS_LOW_V_LOW,7,6.51600217819,8.14463064046,7.13613726849,0,0,26.0640087128,
G0_D045_DENS_LOW_V_LOW_S007,G0_D045_DENS_LOW_V_LOW,7,6.52500772476,8.35127724664,7.45495597251,0,0,26.100030899,
G0_D045_DENS_LOW_V_LOW_S007,G0_D045_DENS_LOW_V_LOW,7,6.53400373459,7.29014988655,6.55970139145,0,0,26.1360149384,
G0_D045_DENS_LOW_V_LOW_S007,G0_D045_DENS_LOW_V_LOW,7,6.54300022125,8.28485293028,6.89799494082,0,0,26.172000885,
G0_D045_DENS_LOW_V_LOW_S007,G0_D045_DENS_LOW_V_LOW,7,6.55200529099,10.301027381,7.42493461922,0,0,26.2080211639,
G0_D045_DENS_LOW_V_LOW_S007,G0_D045_DENS_LOW_V_LOW,7,6.56100177765,8.94211924957,7.5733303509,0,0,26.2440071106,
G0_D045_DENS_LOW_V_LOW_S007,G0_D045_DENS_LOW_V_LOW,7,6.57000684738,8.95270271557,7.05485077447,0,0,26.2800273895,
G0_D045_DENS_LOW_V_LOW_S007,G0_D045_DENS_LOW_V_LOW,7,6.57900333405,9.09280603831,7.20851354519,0,0,26.3160133362,
G0_D045_DENS_LOW_V_LOW_S007,G0_D045_DENS_LOW_V_LOW,7,6.58800840378,7.99198358106,7.26532347367,0,0,26.3520336151,
G0_D045_DENS_LOW_V_LOW_S007,G0_D045_DENS_LOW_V_LOW,7,6.59700489044,8.78559770062,7.67374444454,0,0,26.3880195618,
G0_D045_DENS_LOW_V_LOW_S007,G0_D045_DENS_LOW_V_LOW,7,6.60600090027,8.68570141731,7.82196170632,0,0,26.4240036011,
G0_D045_DENS_LOW_V_LOW_S007,G0_D045_DENS_LOW_V_LOW,7,6.61500644684,8.8043415416,7.11939080863,0,0,26.4600257874,
G0_D045_DENS_LOW_V_LOW_S007,G0_D045_DENS_LOW_V_LOW,7,6.62400245667,9.5082191675,7.28123966461,0,0,26.4960098267,
G0_D045_DENS_LOW_V_LOW_S007,G0_D045_DENS_LOW_V_LOW,7,6.63300800323,7.79335535687,6.21901283116,0,0,26.5320320129,
G0_D045_DENS_LOW_V_LOW_S007,G0_D045_DENS_LOW_V_LOW,7,6.64200401306,9.22561399195,8.17709597986,0,0,26.5680160522,
G0_D045_DENS_LOW_V_LOW_S007,G0_D045_DENS_LOW_V_LOW,7,6.65100049973,8.38667264284,6.97145048497,0,0,26.6040019989,
G0_D045_DENS_LOW_V_LOW_S007,G0_D045_DENS_LOW_V_LOW,7,6.66000556946,9.44096591915,7.60817642551,0,0,26.6400222778,
G0_D045_DENS_LOW_V_LOW_S007,G0_D045_DENS_LOW_V_LOW,7,6.66900205612,7.64423970128,6.74547736435,0,0,26.6760082245,
G0_D045_DENS_LOW_V_LOW_S007,G0_D045_DENS_LOW_V_LOW,7,6.67800712585,7.99960745283,6.96250677824,0,0,26.7120285034,
G0_D045_DENS_LOW_V_LOW_S007,G0_D045_DENS_LOW_V_LOW,7,6.68700313568,7.97852648414,7.14892046341,0,0,26.7480125427,
G0_D045_DENS_LOW_V_LOW_S007,G0_D045_DENS_LOW_V_LOW,7,6.69600868225,7.81495440805,6.93673181174,0,0,26.784034729,
G0_D045_DENS_LOW_V_LOW_S007,G0_D045_DENS_LOW_V_LOW,7,6.70500469208,7.86899002873,7.12500971047,0,0,26.8200187683,
G0_D045_DENS_LOW_V_LOW_S007,G0_D045_DENS_LOW_V_LOW,7,6.71400117874,9.86431146702,7.74703698478,0,0,26.856004715,
G0_D045_DENS_LOW_V_LOW_S007,G0_D045_DENS_LOW_V_LOW,7,6.72300624847,8.09306186,7.46692865146,0,0,26.8920249939,
G0_D045_DENS_LOW_V_LOW_S007,G0_D045_DENS_LOW_V_LOW,7,6.73200273514,8.46880291792,7.63182219904,0,0,26.9280109406,
G0_D045_DENS_LOW_V_LOW_S007,G0_D045_DENS_LOW_V_LOW,7,6.74100780487,8.60382903218,7.49057434463,0,0,26.9640312195,
G0_D045_DENS_LOW_V_LOW_S007,G0_D045_DENS_LOW_V_LOW,7,6.75000429153,8.06389036153,6.64099469161,0,0,27.0000171661,
G0_D045_DENS_LOW_V_LOW_S007,G0_D045_DENS_LOW_V_LOW,7,6.75900030136,7.66555016132,6.73130828968,0,0,27.0360012054,
G0_D045_DENS_LOW_V_LOW_S007,G0_D045_DENS_LOW_V_LOW,7,6.76800584793,8.47989141842,8.0317182183,0,0,27.0720233917,
G0_D045_DENS_LOW_V_LOW_S007,G0_D045_DENS_LOW_V_LOW,7,6.77700185776,8.6537568343,7.63849440028,0,0,27.108007431,
G0_D045_DENS_LOW_V_LOW_S007,G0_D045_DENS_LOW_V_LOW,7,6.78600740433,7.49161873788,6.8879616953,0,0,27.1440296173,
G0_D045_DENS_LOW_V_LOW_S007,G0_D045_DENS_LOW_V_LOW,7,6.79500341415,8.03360978275,7.08883381947,0,0,27.1800136566,
G0_D045_DENS_LOW_V_LOW_S007,G0_D045_DENS_LOW_V_LOW,7,6.80400848389,10.2339560371,9.28661702143,0,0,27.2160339355,
G0_D045_DENS_LOW_V_LOW_S007,G0_D045_DENS_LOW_V_LOW,7,6.81300497055,9.61129686111,7.14316985559,0,0,27.2520198822,
G0_D045_DENS_LOW_V_LOW_S007,G0_D045_DENS_LOW_V_LOW,7,6.82200145721,8.48834575724,7.67779044441,0,0,27.2880058289,
G0_D045_DENS_LOW_V_LOW_S007,G0_D045_DENS_LOW_V_LOW,7,6.83100652695,6.99876800974,7.20024769214,0,0,27.3240261078,
G0_D045_DENS_LOW_V_LOW_S007,G0_D045_DENS_LOW_V_LOW,7,6.84000253677,9.0543428262,8.35015509791,0,0,27.3600101471,
G0_D045_DENS_LOW_V_LOW_S007,G0_D045_DENS_LOW_V_LOW,7,6.84900808334,8.75886694636,7.56147691844,0,0,27.3960323334,
G0_D045_DENS_LOW_V_LOW_S007,G0_D045_DENS_LOW_V_LOW,7,6.85800409317,9.44194835707,7.29254300019,0,0,27.4320163727,
G0_D045_DENS_LOW_V_LOW_S007,G0_D045_DENS_LOW_V_LOW,7,6.86700057983,8.86871885645,7.26417092278,0,0,27.4680023193,
G0_D045_DENS_LOW_V_LOW_S007,G0_D045_DENS_LOW_V_LOW,7,6.87600564957,9.04391823883,7.48507473738,0,0,27.5040225983,
G0_D045_DENS_LOW_V_LOW_S007,G0_D045_DENS_LOW_V_LOW,7,6.88500213623,8.63946159503,7.6701205725,0,0,27.5400085449,
G0_D045_DENS_LOW_V_LOW_S007,G0_D045_DENS_LOW_V_LOW,7,6.89400720596,8.64064589325,7.45701595839,0,0,27.5760288239,
G0_D045_DENS_LOW_V_LOW_S007,G0_D045_DENS_LOW_V_LOW,7,6.90300369263,7.81587697866,6.74161165131,0,0,27.6120147705,
G0_D045_DENS_LOW_V_LOW_S007,G0_D045_DENS_LOW_V_LOW,7,6.91200876236,9.62583924492,7.79414790345,0,0,27.6480350494,
G0_D045_DENS_LOW_V_LOW_S007,G0_D045_DENS_LOW_V_LOW,7,6.92100524902,9.19915954836,7.34201118688,0,0,27.6840209961,
G0_D045_DENS_LOW_V_LOW_S007,G0_D045_DENS_LOW_V_LOW,7,6.93000125885,9.47446321458,7.32916133222,0,0,27.7200050354,
G0_D045_DENS_LOW_V_LOW_S007,G0_D045_DENS_LOW_V_LOW,7,6.93900680542,7.72424622188,7.54042831484,0,0,27.7560272217,
G0_D045_DENS_LOW_V_LOW_S007,G0_D045_DENS_LOW_V_LOW,7,6.94800281525,8.89297432767,7.44954790161,0,0,27.792011261,
G0_D045_DENS_LOW_V_LOW_S007,G0_D045_DENS_LOW_V_LOW,7,6.95700788498,8.23577478346,7.79507584322,0,0,27.8280315399,
G0_D045_DENS_LOW_V_LOW_S007,G0_D045_DENS_LOW_V_LOW,7,6.96600437164,8.8381020997,7.82285362387,0,0,27.8640174866,
G0_D045_DENS_LOW_V_LOW_S007,G0_D045_DENS_LOW_V_LOW,7,6.97500038147,8.94519320572,7.75824164064,0,0,27.9000015259,
G0_D045_DENS_LOW_V_LOW_S007,G0_D045_DENS_LOW_V_LOW,7,6.98400592804,8.87469023693,7.01436621732,0,0,27.9360237122,
G0_D045_DENS_LOW_V_LOW_S007,G0_D045_DENS_LOW_V_LOW,7,6.99300193787,9.43951145051,7.08267523253,0,0,27.9720077515,
G0_D045_DENS_LOW_V_LOW_S007,G0_D045_DENS_LOW_V_LOW,7,7.00200748444,10.8189103203,6.77430800891,0,0,28.0080299377,
G0_D045_DENS_LOW_V_LOW_S007,G0_D045_DENS_LOW_V_LOW,7,7.01100349426,8.18867149035,7.28817171275,0,0,28.0440139771,
G0_D045_DENS_LOW_V_LOW_S007,G0_D045_DENS_LOW_V_LOW,7,7.02000904083,8.48640927999,7.21979071719,0,0,28.0800361633,
G0_D045_DENS_LOW_V_LOW_S007,G0_D045_DENS_LOW_V_LOW,7,7.02900505066,7.01107457975,6.90773248827,0,0,28.1160202026,
G0_D045_DENS_LOW_V_LOW_S007,G0_D045_DENS_LOW_V_LOW,7,7.03800153732,9.91011226234,7.66462157953,0,0,28.1520061493,
G0_D045_DENS_LOW_V_LOW_S007,G0_D045_DENS_LOW_V_LOW,7,7.04700660706,8.41389768618,7.06285958973,0,0,28.1880264282,
G0_D045_DENS_LOW_V_LOW_S007,G0_D045_DENS_LOW_V_LOW,7,7.05600309372,8.70935821542,7.15691386058,0,0,28.2240123749,
G0_D045_DENS_LOW_V_LOW_S007,G0_D045_DENS_LOW_V_LOW,7,7.06500816345,9.26428443706,7.45875765768,0,0,28.2600326538,
G0_D045_DENS_LOW_V_LOW_S007,G0_D045_DENS_LOW_V_LOW,7,7.07400465012,7.77555173968,7.23763070431,0,0,28.2960186005,
G0_D045_DENS_LOW_V_LOW_S007,G0_D045_DENS_LOW_V_LOW,7,7.08300065994,8.83952893727,8.07596583535,0,0,28.3320026398,
G0_D045_DENS_LOW_V_LOW_S007,G0_D045_DENS_LOW_V_LOW,7,7.09200572968,9.11249470825,7.96595863687,0,0,28.3680229187,
G0_D045_DENS_LOW_V_LOW_S007,G0_D045_DENS_LOW_V_LOW,7,7.10100221634,9.00084140614,7.75371041421,0,0,28.4040088654,
G0_D045_DENS_LOW_V_LOW_S007,G0_D045_DENS_LOW_V_LOW,7,7.11000728607,8.98520068744,7.66737248697,0,0,28.4400291443,
G0_D045_DENS_LOW_V_LOW_S007,G0_D045_DENS_LOW_V_LOW,7,7.11900377274,8.10596480053,7.53378201757,0,0,28.4760150909,
G0_D045_DENS_LOW_V_LOW_S007,G0_D045_DENS_LOW_V_LOW,7,7.12800884247,8.55338852027,8.01631291853,0,0,28.5120353699,
G0_D045_DENS_LOW_V_LOW_S007,G0_D045_DENS_LOW_V_LOW,7,7.13700532913,7.75504027798,7.04385677725,0,0,28.5480213165,
G0_D045_DENS_LOW_V_LOW_S007,G0_D045_DENS_LOW_V_LOW,7,7.14600133896,8.63034257556,7.63220510874,0,0,28.5840053558,
G0_D045_DENS_LOW_V_LOW_S007,G0_D045_DENS_LOW_V_LOW,7,7.15500688553,9.62398335829,7.40045605071,0,0,28.6200275421,
G0_D045_DENS_LOW_V_LOW_S007,G0_D045_DENS_LOW_V_LOW,7,7.16400289536,7.70529438038,8.80679021825,0,0,28.6560115814,
G0_D045_DENS_LOW_V_LOW_S007,G0_D045_DENS_LOW_V_LOW,7,7.17300844193,9.04746499323,7.4826880388,0,0,28.6920337677,
G0_D045_DENS_LOW_V_LOW_S007,G0_D045_DENS_LOW_V_LOW,7,7.18200445175,8.59491340806,8.06329557422,0,0,28.728017807,
G0_D045_DENS_LOW_V_LOW_S007,G0_D045_DENS_LOW_V_LOW,7,7.19100093842,9.1284447414,7.90184074005,0,0,28.7640037537,
G0_D045_DENS_LOW_V_LOW_S007,G0_D045_DENS_LOW_V_LOW,7,7.20000600815,8.94194348529,7.79712008327,0,0,28.8000240326,
G0_D045_DENS_LOW_V_LOW_S007,G0_D045_DENS_LOW_V_LOW,7,7.20900249481,8.94892263217,7.59746641271,0,0,28.8360099792,
G0_D045_DENS_LOW_V_LOW_S007,G0_D045_DENS_LOW_V_LOW,7,7.21800756454,9.3195703635,7.939518768,0,0,28.8720302582,
G0_D045_DENS_LOW_V_LOW_S007,G0_D045_DENS_LOW_V_LOW,7,7.22700357437,9.29354957414,7.73199690535,0,0,28.9080142975,
G0_D045_DENS_LOW_V_LOW_S007,G0_D045_DENS_LOW_V_LOW,7,7.23600006104,8.68090972986,7.11850831124,0,0,28.9440002441,
G0_D045_DENS_LOW_V_LOW_S007,G0_D045_DENS_LOW_V_LOW,7,7.24500513077,8.59412131748,8.1912924845,0,0,28.9800205231,
G0_D045_DENS_LOW_V_LOW_S007,G0_D045_DENS_LOW_V_LOW,7,7.25400161743,8.72124187661,7.17488866766,0,0,29.0160064697,
G0_D045_DENS_LOW_V_LOW_S007,G0_D045_DENS_LOW_V_LOW,7,7.26300668716,8.34583392654,6.83278769525,0,0,29.0520267487,
G0_D045_DENS_LOW_V_LOW_S007,G0_D045_DENS_LOW_V_LOW,7,7.27200317383,7.93078383886,7.28830523414,0,0,29.0880126953,
G0_D045_DENS_LOW_V_LOW_S007,G0_D045_DENS_LOW_V_LOW,7,7.28100824356,7.81690777095,7.0961069476,0,0,29.1240329742,
G0_D045_DENS_LOW_V_LOW_S007,G0_D045_DENS_LOW_V_LOW,7,7.29000473022,9.39115247894,7.87638790116,0,0,29.1600189209,
G0_D045_DENS_LOW_V_LOW_S007,G0_D045_DENS_LOW_V_LOW,7,7.29900074005,8.24345391736,7.39663274009,0,0,29.1960029602,
G0_D045_DENS_LOW_V_LOW_S007,G0_D045_DENS_LOW_V_LOW,7,7.30800628662,8.14936936836,8.05140956283,0,0,29.2320251465,
G0_D045_DENS_LOW_V_LOW_S007,G0_D045_DENS_LOW_V_LOW,7,7.31700229645,9.34452735679,8.31245445594,0,0,29.2680091858,
G0_D045_DENS_LOW_V_LOW_S007,G0_D045_DENS_LOW_V_LOW,7,7.32600736618,9.40764362047,8.19558708671,0,0,29.3040294647,
G0_D045_DENS_LOW_V_LOW_S007,G0_D045_DENS_LOW_V_LOW,7,7.33500385284,9.56233384373,7.98194192319,0,0,29.3400154114,
G0_D045_DENS_LOW_V_LOW_S007,G0_D045_DENS_LOW_V_LOW,7,7.34400033951,9.1323153933,7.31849104994,0,0,29.376001358,
G0_D045_DENS_LOW_V_LOW_S007,G0_D045_DENS_LOW_V_LOW,7,7.35300540924,8.5651747052,7.56205922572,0,0,29.412021637,
G0_D045_DENS_LOW_V_LOW_S007,G0_D045_DENS_LOW_V_LOW,7,7.36200141907,9.92967736002,8.20318167317,0,0,29.4480056763,
G0_D045_DENS_LOW_V_LOW_S007,G0_D045_DENS_LOW_V_LOW,7,7.37100696564,7.34045531325,7.80082952645,0,0,29.4840278625,
G0_D045_DENS_LOW_V_LOW_S007,G0_D045_DENS_LOW_V_LOW,7,7.38000297546,9.49953610485,7.34156123235,0,0,29.5200119019,
G0_D045_DENS_LOW_V_LOW_S007,G0_D045_DENS_LOW_V_LOW,7,7.38900852203,7.86021563005,7.32887914368,0,0,29.5560340881,
G0_D045_DENS_LOW_V_LOW_S007,G0_D045_DENS_LOW_V_LOW,7,7.39800453186,10.9197698533,8.21406176919,0,0,29.5920181274,
G0_D045_DENS_LOW_V_LOW_S007,G0_D045_DENS_LOW_V_LOW,7,7.40700101852,8.3178029771,7.14366093248,0,0,29.6280040741,
G0_D045_DENS_LOW_V_LOW_S007,G0_D045_DENS_LOW_V_LOW,7,7.41600608826,7.76305251974,7.55671999504,0,0,29.664024353,
G0_D045_DENS_LOW_V_LOW_S007,G0_D045_DENS_LOW_V_LOW,7,7.42500257492,8.83310931949,7.65855839808,0,0,29.7000102997,
G0_D045_DENS_LOW_V_LOW_S007,G0_D045_DENS_LOW_V_LOW,7,7.43400764465,8.68925431194,7.80695620088,0,0,29.7360305786,
G0_D045_DENS_LOW_V_LOW_S007,G0_D045_DENS_LOW_V_LOW,7,7.44300413132,8.58708614094,8.01558869633,0,0,29.7720165253,
G0_D045_DENS_LOW_V_LOW_S007,G0_D045_DENS_LOW_V_LOW,7,7.45200014114,9.18776710613,7.82255296053,0,0,29.8080005646,
G0_D045_DENS_LOW_V_LOW_S007,G0_D045_DENS_LOW_V_LOW,7,7.46100521088,10.5311312275,7.43726226408,0,0,29.8440208435,
G0_D045_DENS_LOW_V_LOW_S007,G0_D045_DENS_LOW_V_LOW,7,7.47000169754,9.30066380624,7.81849105617,0,0,29.8800067902,
G0_D045_DENS_LOW_V_LOW_S007,G0_D045_DENS_LOW_V_LOW,7,7.47900676727,10.3474422,8.0614118925,0,0,29.9160270691,
G0_D045_DENS_LOW_V_LOW_S007,G0_D045_DENS_LOW_V_LOW,7,7.48800325394,8.85200896898,7.8474450325,0,0,29.9520130157,
G0_D045_DENS_LOW_V_LOW_S007,G0_D045_DENS_LOW_V_LOW,7,7.49700832367,8.95364447442,7.92350868412,0,0,29.9880332947,
G0_D045_DENS_LOW_V_LOW_S007,G0_D045_DENS_LOW_V_LOW,7,7.50600481033,7.73642384692,8.04169892268,0,0,30.0240192413,
G0_D045_DENS_LOW_V_LOW_S007,G0_D045_DENS_LOW_V_LOW,7,7.51500082016,9.2465644806,7.96045906643,0,0,30.0600032806,
G0_D045_DENS_LOW_V_LOW_S007,G0_D045_DENS_LOW_V_LOW,7,7.52400636673,9.89684167512,7.5868368633,0,0,30.0960254669,
G0_D045_DENS_LOW_V_LOW_S007,G0_D045_DENS_LOW_V_LOW,7,7.53300237656,9.14759767566,7.84816274547,0,0,30.1320095062,
G0_D045_DENS_LOW_V_LOW_S007,G0_D045_DENS_LOW_V_LOW,7,7.54200792313,10.0332401324,7.96923232126,0,0,30.1680316925,
G0_D045_DENS_LOW_V_LOW_S007,G0_D045_DENS_LOW_V_LOW,7,7.55100393295,9.7586894127,8.16936346456,0,0,30.2040157318,
G0_D045_DENS_LOW_V_LOW_S007,G0_D045_DENS_LOW_V_LOW,7,7.56000041962,9.9591835014,8.56921437416,0,0,30.2400016785,
G0_D045_DENS_LOW_V_LOW_S007,G0_D045_DENS_LOW_V_LOW,7,7.56900548935,8.05749760728,7.66913964445,0,0,30.2760219574,
G0_D045_DENS_LOW_V_LOW_S007,G0_D045_DENS_LOW_V_LOW,7,7.57800197601,9.03883489012,7.93201381511,0,0,30.3120079041,
G0_D045_DENS_LOW_V_LOW_S007,G0_D045_DENS_LOW_V_LOW,7,7.58700704575,11.7902835335,7.28461076262,0,0,30.348028183,
G0_D045_DENS_LOW_V_LOW_S007,G0_D045_DENS_LOW_V_LOW,7,7.59600305557,8.69140723254,7.53150930185,0,0,30.3840122223,
G0_D045_DENS_LOW_V_LOW_S007,G0_D045_DENS_LOW_V_LOW,7,7.60500860214,10.1753651281,8.62083105515,0,0,30.4200344086,
G0_D045_DENS_LOW_V_LOW_S007,G0_D045_DENS_LOW_V_LOW,7,7.61400461197,8.09840309866,7.07796016318,0,0,30.4560184479,
G0_D045_DENS_LOW_V_LOW_S007,G0_D045_DENS_LOW_V_LOW,7,7.62300109863,8.63363527765,7.47077942556,0,0,30.4920043945,
G0_D045_DENS_LOW_V_LOW_S007,G0_D045_DENS_LOW_V_LOW,7,7.63200616837,9.60514894881,7.61541664902,0,0,30.5280246735,
G0_D045_DENS_LOW_V_LOW_S007,G0_D045_DENS_LOW_V_LOW,7,7.64100265503,8.4188958391,7.21716037406,0,0,30.5640106201,
G0_D045_DENS_LOW_V_LOW_S007,G0_D045_DENS_LOW_V_LOW,7,7.65000772476,9.27237266425,7.83491968862,0,0,30.600030899,
G0_D045_DENS_LOW_V_LOW_S007,G0_D045_DENS_LOW_V_LOW,7,7.65900421143,9.19096002937,7.77545597419,0,0,30.6360168457,
G0_D045_DENS_LOW_V_LOW_S007,G0_D045_DENS_LOW_V_LOW,7,7.66800022125,9.54108018088,8.49300755514,0,0,30.672000885,
G0_D045_DENS_LOW_V_LOW_S007,G0_D045_DENS_LOW_V_LOW,7,7.67700576782,9.67339231038,8.17169375041,0,0,30.7080230713,
G0_D045_DENS_LOW_V_LOW_S007,G0_D045_DENS_LOW_V_LOW,7,7.68600177765,8.48836264289,8.19779966997,0,0,30.7440071106,
G0_D045_DENS_LOW_V_LOW_S007,G0_D045_DENS_LOW_V_LOW,7,7.69500684738,8.59684758271,7.68628267574,0,0,30.7800273895,
G0_D045_DENS_LOW_V_LOW_S007,G0_D045_DENS_LOW_V_LOW,7,7.70400333405,9.32622945053,8.46806141829,0,0,30.8160133362,
G0_D045_DENS_LOW_V_LOW_S007,G0_D045_DENS_LOW_V_LOW,7,7.71300840378,9.76107259218,7.7892627244,0,0,30.8520336151,
G0_D045_DENS_LOW_V_LOW_S007,G0_D045_DENS_LOW_V_LOW,7,7.72200489044,9.49371516017,7.85367985667,0,0,30.8880195618,
G0_D045_DENS_LOW_V_LOW_S007,G0_D045_DENS_LOW_V_LOW,7,7.73100090027,9.85633990433,8.03258834346,0,0,30.9240036011,
G0_D045_DENS_LOW_V_LOW_S007,G0_D045_DENS_LOW_V_LOW,7,7.74000644684,9.59754349776,7.92472911029,0,0,30.9600257874,
G0_D045_DENS_LOW_V_LOW_S007,G0_D045_DENS_LOW_V_LOW,7,7.74900245667,8.63703006118,8.01785659582,0,0,30.9960098267,
G0_D045_DENS_LOW_V_LOW_S007,G0_D045_DENS_LOW_V_LOW,7,7.75800800323,10.6739677233,10.0779625816,0,0,31.0320320129,
G0_D045_DENS_LOW_V_LOW_S007,G0_D045_DENS_LOW_V_LOW,7,7.76700401306,10.0348220109,7.81958686465,0,0,31.0680160522,
G0_D045_DENS_LOW_V_LOW_S007,G0_D045_DENS_LOW_V_LOW,7,7.77600049973,9.5009882709,7.9974968911,0,0,31.1040019989,
G0_D045_DENS_LOW_V_LOW_S007,G0_D045_DENS_LOW_V_LOW,7,7.78500556946,8.36594243519,8.04604640271,0,0,31.1400222778,
G0_D045_DENS_LOW_V_LOW_S007,G0_D045_DENS_LOW_V_LOW,7,7.79400205612,9.37002162083,8.33672542053,0,0,31.1760082245,
G0_D045_DENS_LOW_V_LOW_S007,G0_D045_DENS_LOW_V_LOW,7,7.80300712585,9.67597888522,8.57486515062,0,0,31.2120285034,
G0_D045_DENS_LOW_V_LOW_S007,G0_D045_DENS_LOW_V_LOW,7,7.81200313568,8.40103849484,8.02777954607,0,0,31.2480125427,
G0_D045_DENS_LOW_V_LOW_S007,G0_D045_DENS_LOW_V_LOW,7,7.82100868225,8.75423797519,7.83768170059,0,0,31.284034729,
G0_D045_DENS_LOW_V_LOW_S007,G0_D045_DENS_LOW_V_LOW,7,7.83000469208,9.9624685282,8.0410548648,0,0,31.3200187683,
G0_D045_DENS_LOW_V_LOW_S007,G0_D045_DENS_LOW_V_LOW,7,7.83900117874,10.3870497988,8.6548535338,0,0,31.356004715,
G0_D045_DENS_LOW_V_LOW_S007,G0_D045_DENS_LOW_V_LOW,7,7.84800624847,8.06304070623,8.46650805962,0,0,31.3920249939,
G0_D045_DENS_LOW_V_LOW_S007,G0_D045_DENS_LOW_V_LOW,7,7.85700273514,8.91057224691,8.18037150035,0,0,31.4280109406,
G0_D045_DENS_LOW_V_LOW_S007,G0_D045_DENS_LOW_V_LOW,7,7.86600780487,8.55242373553,8.04451988442,0,0,31.4640312195,
G0_D045_DENS_LOW_V_LOW_S007,G0_D045_DENS_LOW_V_LOW,7,7.87500429153,10.3695769868,8.09561641942,0,0,31.5000171661,
G0_D045_DENS_LOW_V_LOW_S007,G0_D045_DENS_LOW_V_LOW,7,7.88400030136,10.0697415387,8.42893954495,0,0,31.5360012054,
G0_D045_DENS_LOW_V_LOW_S007,G0_D045_DENS_LOW_V_LOW,7,7.89300584793,10.5216169303,8.77542534713,0,0,31.5720233917,
G0_D045_DENS_LOW_V_LOW_S007,G0_D045_DENS_LOW_V_LOW,7,7.90200185776,8.66023094669,7.83916550854,0,0,31.608007431,
G0_D045_DENS_LOW_V_LOW_S007,G0_D045_DENS_LOW_V_LOW,7,7.91100692749,9.95297495427,8.46695520724,0,0,31.64402771,
G0_D045_DENS_LOW_V_LOW_S007,G0_D045_DENS_LOW_V_LOW,7,7.92000341415,9.59650733276,8.39859118215,0,0,31.6800136566,
G0_D045_DENS_LOW_V_LOW_S007,G0_D045_DENS_LOW_V_LOW,7,7.92900848389,9.52273161765,8.55899773252,0,0,31.7160339355,
G0_D045_DENS_LOW_V_LOW_S007,G0_D045_DENS_LOW_V_LOW,7,7.93800497055,9.43675448409,8.25756009302,0,0,31.7520198822,
G0_D045_DENS_LOW_V_LOW_S007,G0_D045_DENS_LOW_V_LOW,7,7.94700098038,9.53738989844,8.48142880636,0,0,31.7880039215,
G0_D045_DENS_LOW_V_LOW_S007,G0_D045_DENS_LOW_V_LOW,7,7.95600652695,8.00713768598,7.5100594513,0,0,31.8240261078,
G0_D045_DENS_LOW_V_LOW_S007,G0_D045_DENS_LOW_V_LOW,7,7.96500253677,8.66351443843,8.10661035839,0,0,31.8600101471,
G0_D045_DENS_LOW_V_LOW_S007,G0_D045_DENS_LOW_V_LOW,7,7.97400808334,8.63284011696,7.92548657916,0,0,31.8960323334,
G0_D045_DENS_LOW_V_LOW_S007,G0_D045_DENS_LOW_V_LOW,7,7.98300409317,8.74252317052,7.44484493723,0,0,31.9320163727,
G0_D045_DENS_LOW_V_LOW_S007,G0_D045_DENS_LOW_V_LOW,7,7.99200057983,8.24352299502,7.63298986877,0,0,31.9680023193,
G0_D045_DENS_LOW_V_LOW_S007,G0_D045_DENS_LOW_V_LOW,7,8.0010061264,9.20113056444,7.7436875515,0,0,32.0040245056,
G0_D045_DENS_LOW_V_LOW_S007,G0_D045_DENS_LOW_V_LOW,7,8.01000213623,8.76557899294,8.12638954489,0,0,32.0400085449,
G0_D045_DENS_LOW_V_LOW_S007,G0_D045_DENS_LOW_V_LOW,7,8.01900672913,10.215946722,8.3630610049,0,0,32.0760269165,
G0_D045_DENS_LOW_V_LOW_S007,G0_D045_DENS_LOW_V_LOW,7,8.02800369263,10.341703381,8.45633254235,0,0,32.1120147705,
G0_D045_DENS_LOW_V_LOW_S007,G0_D045_DENS_LOW_V_LOW,7,8.03700828552,9.91707836122,8.68532832497,0,0,32.1480331421,
G0_D045_DENS_LOW_V_LOW_S007,G0_D045_DENS_LOW_V_LOW,7,8.04600524902,9.44055836092,8.73395384139,0,0,32.1840209961,
G0_D045_DENS_LOW_V_LOW_S007,G0_D045_DENS_LOW_V_LOW,7,8.05500125885,9.89334711274,8.32313189624,0,0,32.2200050354,
G0_D045_DENS_LOW_V_LOW_S007,G0_D045_DENS_LOW_V_LOW,7,8.06400680542,9.47702062329,8.35072370766,0,0,32.2560272217,
G0_D045_DENS_LOW_V_LOW_S007,G0_D045_DENS_LOW_V_LOW,7,8.07300281525,9.39099513537,7.90748430895,0,0,32.292011261,
G0_D045_DENS_LOW_V_LOW_S007,G0_D045_DENS_LOW_V_LOW,7,8.08200836182,8.28955328171,7.46622444623,0,0,32.3280334473,
G0_D045_DENS_LOW_V_LOW_S007,G0_D045_DENS_LOW_V_LOW,7,8.09100437164,8.88876749779,8.50004517027,0,0,32.3640174866,
G0_D045_DENS_LOW_V_LOW_S007,G0_D045_DENS_LOW_V_LOW,7,8.10000038147,7.70163633418,8.04781291256,0,0,32.4000015259,
G0_D045_DENS_LOW_V_LOW_S007,G0_D045_DENS_LOW_V_LOW,7,8.10900592804,9.32351853589,8.5414115985,0,0,32.4360237122,
G0_D045_DENS_LOW_V_LOW_S007,G0_D045_DENS_LOW_V_LOW,7,8.11800193787,9.17825894913,7.62266305126,0,0,32.4720077515,
G0_D045_DENS_LOW_V_LOW_S007,G0_D045_DENS_LOW_V_LOW,7,8.12700748444,11.1965034272,8.53954677376,0,0,32.5080299377,
G0_D045_DENS_LOW_V_LOW_S007,G0_D045_DENS_LOW_V_LOW,7,8.13600349426,10.3886309098,8.63344229664,0,0,32.5440139771,
G0_D045_DENS_LOW_V_LOW_S007,G0_D045_DENS_LOW_V_LOW,7,8.14500904083,9.45487892866,8.46315495872,0,0,32.5800361633,
G0_D045_DENS_LOW_V_LOW_S007,G0_D045_DENS_LOW_V_LOW,7,8.15400505066,9.55432160197,8.51038582203,0,0,32.6160202026,
G0_D045_DENS_LOW_V_LOW_S007,G0_D045_DENS_LOW_V_LOW,7,8.16300106049,8.88983129385,8.27260189022,0,0,32.6520042419,
G0_D045_DENS_LOW_V_LOW_S007,G0_D045_DENS_LOW_V_LOW,7,8.17200660706,9.66346508221,8.47027334974,0,0,32.6880264282,
G0_D045_DENS_LOW_V_LOW_S007,G0_D045_DENS_LOW_V_LOW,7,8.18100261688,10.2116692794,8.71469080151,0,0,32.7240104675,
G0_D045_DENS_LOW_V_LOW_S007,G0_D045_DENS_LOW_V_LOW,7,8.19000816345,9.36914586952,8.03301714593,0,0,32.7600326538,
G0_D045_DENS_LOW_V_LOW_S007,G0_D045_DENS_LOW_V_LOW,7,8.19900417328,9.41222193468,7.9246379822,0,0,32.7960166931,
G0_D045_DENS_LOW_V_LOW_S007,G0_D045_DENS_LOW_V_LOW,7,8.20800018311,9.31753333987,8.00400120843,0,0,32.8320007324,
G0_D045_DENS_LOW_V_LOW_S007,G0_D045_DENS_LOW_V_LOW,7,8.21700572968,9.37126118117,8.58804129676,0,0,32.8680229187,
G0_D045_DENS_LOW_V_LOW_S007,G0_D045_DENS_LOW_V_LOW,7,8.2260017395,9.16745980731,8.07602882644,0,0,32.904006958,
G0_D045_DENS_LOW_V_LOW_S007,G0_D045_DENS_LOW_V_LOW,7,8.23500728607,9.78255190875,8.53964750569,0,0,32.9400291443,
G0_D045_DENS_LOW_V_LOW_S007,G0_D045_DENS_LOW_V_LOW,7,8.2440032959,8.71003901419,7.89623345819,0,0,32.9760131836,
G0_D045_DENS_LOW_V_LOW_S007,G0_D045_DENS_LOW_V_LOW,7,8.25300884247,9.63189044849,7.98599673516,0,0,33.0120353699,
G0_D045_DENS_LOW_V_LOW_S007,G0_D045_DENS_LOW_V_LOW,7,8.26200485229,9.98236289609,8.26922479398,0,0,33.0480194092,
G0_D045_DENS_LOW_V_LOW_S007,G0_D045_DENS_LOW_V_LOW,7,8.27100086212,10.3871150388,9.20764412596,0,0,33.0840034485,
G0_D045_DENS_LOW_V_LOW_S007,G0_D045_DENS_LOW_V_LOW,7,8.28000640869,9.72063299129,8.76164435878,0,0,33.1200256348,
G0_D045_DENS_LOW_V_LOW_S007,G0_D045_DENS_LOW_V_LOW,7,8.28900241852,8.92516605521,8.62081330543,0,0,33.1560096741,
G0_D045_DENS_LOW_V_LOW_S007,G0_D045_DENS_LOW_V_LOW,7,8.29800796509,9.08391651019,8.30399517427,0,0,33.1920318604,
G0_D045_DENS_LOW_V_LOW_S007,G0_D045_DENS_LOW_V_LOW,7,8.30700397491,9.15758477115,8.18480911829,0,0,33.2280158997,
G0_D045_DENS_LOW_V_LOW_S007,G0_D045_DENS_LOW_V_LOW,7,8.31600093842,10.0551346824,8.30933531963,0,0,33.2640037537,
G0_D045_DENS_LOW_V_LOW_S007,G0_D045_DENS_LOW_V_LOW,7,8.32500553131,10.2958104821,9.09375756203,0,0,33.3000221252,
G0_D045_DENS_LOW_V_LOW_S007,G0_D045_DENS_LOW_V_LOW,7,8.33400154114,10.0128430326,9.8231787692,0,0,33.3360061646,
G0_D045_DENS_LOW_V_LOW_S007,G0_D045_DENS_LOW_V_LOW,7,8.34300708771,9.07837417876,8.02458669796,0,0,33.3720283508,
G0_D045_DENS_LOW_V_LOW_S007,G0_D045_DENS_LOW_V_LOW,7,8.35200309753,10.7721700687,8.57405757328,0,0,33.4080123901,
G0_D045_DENS_LOW_V_LOW_S007,G0_D045_DENS_LOW_V_LOW,7,8.3610086441,10.2830134607,8.78259478914,0,0,33.4440345764,
G0_D045_DENS_LOW_V_LOW_S007,G0_D045_DENS_LOW_V_LOW,7,8.37000465393,8.89975775449,8.18367820585,0,0,33.4800186157,
G0_D045_DENS_LOW_V_LOW_S007,G0_D045_DENS_LOW_V_LOW,7,8.37900161743,10.2112793743,8.71852569506,0,0,33.5160064697,
G0_D045_DENS_LOW_V_LOW_S007,G0_D045_DENS_LOW_V_LOW,7,8.38800621033,9.21893341409,8.46678625179,0,0,33.5520248413,
G0_D045_DENS_LOW_V_LOW_S007,G0_D045_DENS_LOW_V_LOW,7,8.39700317383,9.01876245536,8.51048216105,0,0,33.5880126953,
G0_D045_DENS_LOW_V_LOW_S007,G0_D045_DENS_LOW_V_LOW,7,8.40600776672,8.92009268439,8.91244033088,0,0,33.6240310669,
G0_D045_DENS_LOW_V_LOW_S007,G0_D045_DENS_LOW_V_LOW,7,8.41500473022,10.4684217546,8.92024763441,0,0,33.6600189209,
G0_D045_DENS_LOW_V_LOW_S007,G0_D045_DENS_LOW_V_LOW,7,8.42400074005,9.15263881024,8.60095705834,0,0,33.6960029602,
G0_D045_DENS_LOW_V_LOW_S007,G0_D045_DENS_LOW_V_LOW,7,8.43300533295,9.34071964232,7.925617659,0,0,33.7320213318,
G0_D045_DENS_LOW_V_LOW_S007,G0_D045_DENS_LOW_V_LOW,7,8.44200229645,9.48430294438,8.0944525243,0,0,33.7680091858,
G0_D045_DENS_LOW_V_LOW_S007,G0_D045_DENS_LOW_V_LOW,7,8.45100688934,9.81434068323,9.16586858052,0,0,33.8040275574,
G0_D045_DENS_LOW_V_LOW_S007,G0_D045_DENS_LOW_V_LOW,7,8.46000385284,9.86362606306,8.30478350002,0,0,33.8400154114,
G0_D045_DENS_LOW_V_LOW_S007,G0_D045_DENS_LOW_V_LOW,7,8.46900844574,7.94486723995,8.0290529525,0,0,33.876033783,
G0_D045_DENS_LOW_V_LOW_S007,G0_D045_DENS_LOW_V_LOW,7,8.47800540924,12.2224725578,8.38008891189,0,0,33.912021637,
G0_D045_DENS_LOW_V_LOW_S007,G0_D045_DENS_LOW_V_LOW,7,8.48700141907,9.53336190296,9.82067929737,0,0,33.9480056763,
G0_D045_DENS_LOW_V_LOW_S007,G0_D045_DENS_LOW_V_LOW,7,8.49600696564,9.47651251868,8.57297150119,0,0,33.9840278625,
G0_D045_DENS_LOW_V_LOW_S007,G0_D045_DENS_LOW_V_LOW,7,8.50500297546,9.32211395668,8.78338996389,0,0,34.0200119019,
G0_D045_DENS_LOW_V_LOW_S007,G0_D045_DENS_LOW_V_LOW,7,8.51400756836,10.2843627777,8.913049016,0,0,34.0560302734,
G0_D045_DENS_LOW_V_LOW_S007,G0_D045_DENS_LOW_V_LOW,7,8.52300453186,9.94808809314,9.05202744251,0,0,34.0920181274,
G0_D045_DENS_LOW_V_LOW_S007,G0_D045_DENS_LOW_V_LOW,7,8.53200054169,9.67923781601,8.67752136854,0,0,34.1280021667,
G0_D045_DENS_LOW_V_LOW_S007,G0_D045_DENS_LOW_V_LOW,7,8.54100608826,8.93662143487,8.46085621151,0,0,34.164024353,
G0_D045_DENS_LOW_V_LOW_S007,G0_D045_DENS_LOW_V_LOW,7,8.55000209808,8.37986772518,8.20297590647,0,0,34.2000083923,
G0_D045_DENS_LOW_V_LOW_S007,G0_D045_DENS_LOW_V_LOW,7,8.55900764465,7.77831177621,8.32997276778,0,0,34.2360305786,
G0_D045_DENS_LOW_V_LOW_S007,G0_D045_DENS_LOW_V_LOW,7,8.56800365448,8.78133560861,8.77236996511,0,0,34.2720146179,
G0_D045_DENS_LOW_V_LOW_S007,G0_D045_DENS_LOW_V_LOW,7,8.57700920105,9.7678790449,8.75142903762,0,0,34.3080368042,
G0_D045_DENS_LOW_V_LOW_S007,G0_D045_DENS_LOW_V_LOW,7,8.58600521088,9.46006128869,8.88796466149,0,0,34.3440208435,
G0_D045_DENS_LOW_V_LOW_S007,G0_D045_DENS_LOW_V_LOW,7,8.5950012207,10.9285365767,8.15576336533,0,0,34.3800048828,
G0_D045_DENS_LOW_V_LOW_S007,G0_D045_DENS_LOW_V_LOW,7,8.60400676727,10.3213999198,9.10099506828,0,0,34.4160270691,
G0_D045_DENS_LOW_V_LOW_S007,G0_D045_DENS_LOW_V_LOW,7,8.6130027771,8.84741453664,8.45114407224,0,0,34.4520111084,
G0_D045_DENS_LOW_V_LOW_S007,G0_D045_DENS_LOW_V_LOW,7,8.62200832367,10.433235894,8.8603593488,0,0,34.4880332947,
G0_D045_DENS_LOW_V_LOW_S007,G0_D045_DENS_LOW_V_LOW,7,8.6310043335,9.14965772518,9.14622962312,0,0,34.524017334,
G0_D045_DENS_LOW_V_LOW_S007,G0_D045_DENS_LOW_V_LOW,7,8.64000034332,10.2832191586,8.77200941632,0,0,34.5600013733,
G0_D045_DENS_LOW_V_LOW_S007,G0_D045_DENS_LOW_V_LOW,7,8.64900588989,9.97597474702,9.0654298177,0,0,34.5960235596,
G0_D045_DENS_LOW_V_LOW_S007,G0_D045_DENS_LOW_V_LOW,7,8.65800189972,10.7834320309,9.04992252229,0,0,34.6320075989,
G0_D045_DENS_LOW_V_LOW_S007,G0_D045_DENS_LOW_V_LOW,7,8.66700744629,10.3223861954,9.05691838524,0,0,34.6680297852,
G0_D045_DENS_LOW_V_LOW_S007,G0_D045_DENS_LOW_V_LOW,7,8.67600345612,10.3172030678,8.72656428006,0,0,34.7040138245,
G0_D045_DENS_LOW_V_LOW_S007,G0_D045_DENS_LOW_V_LOW,7,8.68500900269,10.016805788,8.57763923202,0,0,34.7400360107,
G0_D045_DENS_LOW_V_LOW_S007,G0_D045_DENS_LOW_V_LOW,7,8.69400501251,10.2259568434,10.1216861927,0,0,34.77602005,
G0_D045_DENS_LOW_V_LOW_S007,G0_D045_DENS_LOW_V_LOW,7,8.70300102234,9.77348508128,8.48614972565,0,0,34.8120040894,
G0_D045_DENS_LOW_V_LOW_S007,G0_D045_DENS_LOW_V_LOW,7,8.71200656891,8.27337989745,8.27893288206,0,0,34.8480262756,
G0_D045_DENS_LOW_V_LOW_S007,G0_D045_DENS_LOW_V_LOW,7,8.72100257874,9.41002910254,8.4798458826,0,0,34.8840103149,
G0_D045_DENS_LOW_V_LOW_S007,G0_D045_DENS_LOW_V_LOW,7,8.73000812531,9.2223404781,9.08382396854,0,0,34.9200325012,
G0_D045_DENS_LOW_V_LOW_S007,G0_D045_DENS_LOW_V_LOW,7,8.73900413513,10.0397602965,8.94724968732,0,0,34.9560165405,
G0_D045_DENS_LOW_V_LOW_S007,G0_D045_DENS_LOW_V_LOW,7,8.74800014496,9.62878118598,8.8936432774,0,0,34.9920005798,
G0_D045_DENS_LOW_V_LOW_S007,G0_D045_DENS_LOW_V_LOW,7,8.75700569153,9.08399019303,8.74443966571,0,0,35.0280227661,
G0_D045_DENS_LOW_V_LOW_S007,G0_D045_DENS_LOW_V_LOW,7,8.76600170135,8.99386302679,8.73115323236,0,0,35.0640068054,
G0_D045_DENS_LOW_V_LOW_S007,G0_D045_DENS_LOW_V_LOW,7,8.77500724792,9.9017323739,8.75183849924,0,0,35.1000289917,
G0_D045_DENS_LOW_V_LOW_S007,G0_D045_DENS_LOW_V_LOW,7,8.78400325775,10.4551503998,9.42944212339,0,0,35.136013031,
G0_D045_DENS_LOW_V_LOW_S007,G0_D045_DENS_LOW_V_LOW,7,8.79300880432,10.7112834786,9.15753079954,0,0,35.1720352173,
G0_D045_DENS_LOW_V_LOW_S007,G0_D045_DENS_LOW_V_LOW,7,8.80200481415,8.70497255114,8.75812478862,0,0,35.2080192566,
G0_D045_DENS_LOW_V_LOW_S007,G0_D045_DENS_LOW_V_LOW,7,8.81100082397,9.02740790906,7.97754153365,0,0,35.2440032959,
G0_D045_DENS_LOW_V_LOW_S007,G0_D045_DENS_LOW_V_LOW,7,8.82000637054,10.7193310267,10.469901747,0,0,35.2800254822,
G0_D045_DENS_LOW_V_LOW_S007,G0_D045_DENS_LOW_V_LOW,7,8.82900238037,10.3845714456,9.24139453834,0,0,35.3160095215,
G0_D045_DENS_LOW_V_LOW_S007,G0_D045_DENS_LOW_V_LOW,7,8.83800792694,10.4230607537,9.24879513185,0,0,35.3520317078,
G0_D045_DENS_LOW_V_LOW_S007,G0_D045_DENS_LOW_V_LOW,7,8.84700393677,10.1094673371,8.53411201383,0,0,35.3880157471,
G0_D045_DENS_LOW_V_LOW_S007,G0_D045_DENS_LOW_V_LOW,7,8.85600090027,10.257063284,8.64625094051,0,0,35.4240036011,
G0_D045_DENS_LOW_V_LOW_S007,G0_D045_DENS_LOW_V_LOW,7,8.86500549316,8.84594625247,8.69515011548,0,0,35.4600219727,
G0_D045_DENS_LOW_V_LOW_S007,G0_D045_DENS_LOW_V_LOW,7,8.87400245667,8.99346544644,8.8891397533,0,0,35.4960098267,
G0_D045_DENS_LOW_V_LOW_S007,G0_D045_DENS_LOW_V_LOW,7,8.88300704956,8.87134380777,8.45848312178,0,0,35.5320281982,
G0_D045_DENS_LOW_V_LOW_S007,G0_D045_DENS_LOW_V_LOW,7,8.89200305939,10.3240701554,8.86535740267,0,0,35.5680122375,
G0_D045_DENS_LOW_V_LOW_S007,G0_D045_DENS_LOW_V_LOW,7,8.90100860596,10.6782267452,9.33990408136,0,0,35.6040344238,
G0_D045_DENS_LOW_V_LOW_S007,G0_D045_DENS_LOW_V_LOW,7,8.91000461578,9.35722459938,8.81938750285,0,0,35.6400184631,
G0_D045_DENS_LOW_V_LOW_S007,G0_D045_DENS_LOW_V_LOW,7,8.91900157928,7.6811747619,8.65055859162,0,0,35.6760063171,
G0_D045_DENS_LOW_V_LOW_S007,G0_D045_DENS_LOW_V_LOW,7,8.92800617218,13.9911931547,8.93497655387,0,0,35.7120246887,
G0_D045_DENS_LOW_V_LOW_S007,G0_D045_DENS_LOW_V_LOW,7,8.93700313568,10.5066677558,8.96131464735,0,0,35.7480125427,
G0_D045_DENS_LOW_V_LOW_S007,G0_D045_DENS_LOW_V_LOW,7,8.94600772858,11.2168690583,8.86462108898,0,0,35.7840309143,
G0_D045_DENS_LOW_V_LOW_S007,G0_D045_DENS_LOW_V_LOW,7,8.9550037384,11.0084824624,8.95965414452,0,0,35.8200149536,
G0_D045_DENS_LOW_V_LOW_S007,G0_D045_DENS_LOW_V_LOW,7,8.9640007019,8.77330878379,8.30989885866,0,0,35.8560028076,
G0_D045_DENS_LOW_V_LOW_S007,G0_D045_DENS_LOW_V_LOW,7,8.9730052948,10.6549130328,9.08541427057,0,0,35.8920211792,
G0_D045_DENS_LOW_V_LOW_S007,G0_D045_DENS_LOW_V_LOW,7,8.9820022583,9.61288641497,8.95105064109,0,0,35.9280090332,
G0_D045_DENS_LOW_V_LOW_S007,G0_D045_DENS_LOW_V_LOW,7,8.9910068512,9.49855443446,8.91690271861,0,0,35.9640274048,
G0_D045_DENS_LOW_V_LOW_S007,G0_D045_DENS_LOW_V_LOW,7,9,10.2688878454,9.41926567398,0,0,36,
