run_id,scenario_id,S,z_m,qb_MPa,qs_kPa,ALLKE,ALLIE,time_s,walltime_h
G1_D060_DENS_HIGH_V_LOW_S100,G1_D060_DENS_HIGH_V_LOW,100,0,0,0,0,0,0,
G1_D060_DENS_HIGH_V_LOW_S100,G1_D060_DENS_HIGH_V_LOW,100,0.00900831632316,0,0,0,0,0.0360332652926,
G1_D060_DENS_HIGH_V_LOW_S100,G1_D060_DENS_HIGH_V_LOW,100,0.0180149748921,0,0,0,0,0.0720598995686,
G1_D060_DENS_HIGH_V_LOW_S100,G1_D060_DENS_HIGH_V_LOW,100,0.0270088203251,3.18630600836,633.559330752,0,0,0.108035281301,
G1_D060_DENS_HIGH_V_LOW_S100,G1_D060_DENS_HIGH_V_LOW,100,0.0360025838017,0.131093274474,17.2580661457,0,0,0.144010335207,
G1_D060_DENS_HIGH_V_LOW_S100,G1_D060_DENS_HIGH_V_LOW,100,0.0450414009392,3.22927210092,412.320092169,0,0,0.180165603757,
G1_D060_DENS_HIGH_V_LOW_S100,G1_D060_DENS_HIGH_V_LOW,100,0.0540351681411,0.0156383488432,0.566400898361,0,0,0.216140672565,
G1_D060_DENS_HIGH_V_LOW_S100,G1_D060_DENS_HIGH_V_LOW,100,0.0630290210247,2.65034383674,179.48919917,0,0,0.252116084099,
G1_D060_DENS_HIGH_V_LOW_S100,G1_D060_DENS_HIGH_V_LOW,100,0.0720227882266,0.0050503304118,4.72513700058e-07,0,0,0.288091152906,
G1_D060_DENS_HIGH_V_LOW_S100,G1_D060_DENS_HIGH_V_LOW,100,0.0810166373849,2.65748862611,92.6700929966,0,0,0.32406654954,
G1_D060_DENS_HIGH_V_LOW_S100,G1_D060_DENS_HIGH_V_LOW,100,0.0900104045868,0,0,0,0,0.360041618347,
G1_D060_DENS_HIGH_V_LOW_S100,G1_D060_DENS_HIGH_V_LOW,100,0.0990042537451,2.44331094729,63.6618488409,0,0,0.39601701498,
G1_D060_DENS_HIGH_V_LOW_S100,G1_D060_DENS_HIGH_V_LOW,100,0.108042992651,0.0450732413285,3.47183655635e-05,0,0,0.432171970606,
G1_D060_DENS_HIGH_V_LOW_S100,G1_D060_DENS_HIGH_V_LOW,100,0.11703684181,2.52446360549,61.61655777,0,0,0.468147367239,
G1_D060_DENS_HIGH_V_LOW_S100,G1_D060_DENS_HIGH_V_LOW,100,0.126030623913,0.0850478358244,1.50624014253e-05,0,0,0.504122495651,
G1_D060_DENS_HIGH_V_LOW_S100,G1_D060_DENS_HIGH_V_LOW,100,0.13502445817,2.3356180021,47.7238263104,0,0,0.54009783268,
G1_D060_DENS_HIGH_V_LOW_S100,G1_D060_DENS_HIGH_V_LOW,100,0.144018188119,0.218614880017,1.07214226367e-05,0,0,0.576072752476,
G1_D060_DENS_HIGH_V_LOW_S100,G1_D060_DENS_HIGH_V_LOW,100,0.153012007475,2.57396077553,39.2629073462,0,0,0.6120480299,
G1_D060_DENS_HIGH_V_LOW_S100,G1_D060_DENS_HIGH_V_LOW,100,0.162005752325,0.598499208268,0.000169836052843,0,0,0.6480230093,
G1_D060_DENS_HIGH_V_LOW_S100,G1_D060_DENS_HIGH_V_LOW,100,0.171044543386,2.74415605663,34.4778941106,0,0,0.684178173542,
G1_D060_DENS_HIGH_V_LOW_S100,G1_D060_DENS_HIGH_V_LOW,100,0.180038288236,0.813581426751,0.000387856722908,0,0,0.720153152943,
G1_D060_DENS_HIGH_V_LOW_S100,G1_D060_DENS_HIGH_V_LOW,100,0.189032107592,2.81750488136,28.6546540483,0,0,0.756128430367,
G1_D060_DENS_HIGH_V_LOW_S100,G1_D060_DENS_HIGH_V_LOW,100,0.198025852442,0.998010053056,0.000619630259319,0,0,0.792103409767,
G1_D060_DENS_HIGH_V_LOW_S100,G1_D060_DENS_HIGH_V_LOW,100,0.207019671798,2.92347563398,26.5020738906,0,0,0.828078687191,
G1_D060_DENS_HIGH_V_LOW_S100,G1_D060_DENS_HIGH_V_LOW,100,0.216013431549,1.10487482179,0.000609119159329,0,0,0.864053726196,
G1_D060_DENS_HIGH_V_LOW_S100,G1_D060_DENS_HIGH_V_LOW,100,0.225007236004,2.56029634967,24.6753026322,0,0,0.900028944016,
G1_D060_DENS_HIGH_V_LOW_S100,G1_D060_DENS_HIGH_V_LOW,100,0.234001010656,1.21722662383,2.86687925262,0,0,0.936004042625,
G1_D060_DENS_HIGH_V_LOW_S100,G1_D060_DENS_HIGH_V_LOW,100,0.243039771914,2.61590948358,22.0184002197,0,0,0.972159087658,
G1_D060_DENS_HIGH_V_LOW_S100,G1_D060_DENS_HIGH_V_LOW,100,0.252033561468,1.37463098775,6.77869740558,0,0,1.00813424587,
G1_D060_DENS_HIGH_V_LOW_S100,G1_D060_DENS_HIGH_V_LOW,100,0.261027336121,2.64486576194,20.0504146291,0,0,1.04410934448,
G1_D060_DENS_HIGH_V_LOW_S100,G1_D060_DENS_HIGH_V_LOW,100,0.270021140575,1.43070251674,10.9997599008,0,0,1.0800845623,
G1_D060_DENS_HIGH_V_LOW_S100,G1_D060_DENS_HIGH_V_LOW,100,0.279014915228,2.62482330881,18.3264479253,0,0,1.11605966091,
G1_D060_DENS_HIGH_V_LOW_S100,G1_D060_DENS_HIGH_V_LOW,100,0.288008719683,1.5218473673,5.27193656729,0,0,1.15203487873,
G1_D060_DENS_HIGH_V_LOW_S100,G1_D060_DENS_HIGH_V_LOW,100,0.297002494335,2.5124304919,18.6416638264,0,0,1.18800997734,
G1_D060_DENS_HIGH_V_LOW_S100,G1_D060_DENS_HIGH_V_LOW,100,0.306041270494,1.82210715136,9.25928237932,0,0,1.22416508198,
G1_D060_DENS_HIGH_V_LOW_S100,G1_D060_DENS_HIGH_V_LOW,100,0.315035045147,2.55212403001,15.2650714611,0,0,1.26014018059,
G1_D060_DENS_HIGH_V_LOW_S100,G1_D060_DENS_HIGH_V_LOW,100,0.324028849602,1.99101888307,12.2178097801,0,0,1.29611539841,
G1_D060_DENS_HIGH_V_LOW_S100,G1_D060_DENS_HIGH_V_LOW,100,0.333022654057,2.41210036246,15.2672639291,0,0,1.33209061623,
G1_D060_DENS_HIGH_V_LOW_S100,G1_D060_DENS_HIGH_V_LOW,100,0.342016458511,1.98991148174,15.1912620865,0,0,1.36806583405,
G1_D060_DENS_HIGH_V_LOW_S100,G1_D060_DENS_HIGH_V_LOW,100,0.351010233164,2.30524930133,18.920552728,0,0,1.40404093266,
G1_D060_DENS_HIGH_V_LOW_S100,G1_D060_DENS_HIGH_V_LOW,100,0.360004037619,2.38009279406,22.9144669156,0,0,1.44001615047,
G1_D060_DENS_HIGH_V_LOW_S100,G1_D060_DENS_HIGH_V_LOW,100,0.369042783976,2.40188528669,17.3166714191,0,0,1.4761711359,
G1_D060_DENS_HIGH_V_LOW_S100,G1_D060_DENS_HIGH_V_LOW,100,0.37803658843,2.48559489789,18.3587298009,0,0,1.51214635372,
G1_D060_DENS_HIGH_V_LOW_S100,G1_D060_DENS_HIGH_V_LOW,100,0.387030363083,2.4737014507,13.9746772958,0,0,1.54812145233,
G1_D060_DENS_HIGH_V_LOW_S100,G1_D060_DENS_HIGH_V_LOW,100,0.39602419734,2.32986037862,14.9911128445,0,0,1.58409678936,
G1_D060_DENS_HIGH_V_LOW_S100,G1_D060_DENS_HIGH_V_LOW,100,0.405017971992,2.59354450978,15.197858784,0,0,1.62007188797,
G1_D060_DENS_HIGH_V_LOW_S100,G1_D060_DENS_HIGH_V_LOW,100,0.41401180625,2.71948065077,14.8520140628,0,0,1.656047225,
G1_D060_DENS_HIGH_V_LOW_S100,G1_D060_DENS_HIGH_V_LOW,100,0.4230055511,2.71440646444,13.7114777471,0,0,1.6920222044,
G1_D060_DENS_HIGH_V_LOW_S100,G1_D060_DENS_HIGH_V_LOW,100,0.432044357061,2.600975108,13.2536600365,0,0,1.72817742825,
G1_D060_DENS_HIGH_V_LOW_S100,G1_D060_DENS_HIGH_V_LOW,100,0.441038131714,2.73404546083,11.9997877798,0,0,1.76415252686,
G1_D060_DENS_HIGH_V_LOW_S100,G1_D060_DENS_HIGH_V_LOW,100,0.450031965971,3.16576662777,18.9351143683,0,0,1.80012786388,
G1_D060_DENS_HIGH_V_LOW_S100,G1_D060_DENS_HIGH_V_LOW,100,0.459025740623,2.59655089934,8.00209694423,0,0,1.83610296249,
G1_D060_DENS_HIGH_V_LOW_S100,G1_D060_DENS_HIGH_V_LOW,100,0.468019545078,2.80274449515,10.6665716579,0,0,1.87207818031,
G1_D060_DENS_HIGH_V_LOW_S100,G1_D060_DENS_HIGH_V_LOW,100,0.477013319731,2.89645137159,11.2674451009,0,0,1.90805327892,
G1_D060_DENS_HIGH_V_LOW_S100,G1_D060_DENS_HIGH_V_LOW,100,0.486007153988,3.3679332115,18.6841181276,0,0,1.94402861595,
G1_D060_DENS_HIGH_V_LOW_S100,G1_D060_DENS_HIGH_V_LOW,100,0.49500092864,2.75796187584,10.2440850323,0,0,1.98000371456,
G1_D060_DENS_HIGH_V_LOW_S100,G1_D060_DENS_HIGH_V_LOW,100,0.504039764404,3.83293966779,19.9914063368,0,0,2.01615905762,
G1_D060_DENS_HIGH_V_LOW_S100,G1_D060_DENS_HIGH_V_LOW,100,0.513033509254,3.19706248034,11.538182997,0,0,2.05213403702,
G1_D060_DENS_HIGH_V_LOW_S100,G1_D060_DENS_HIGH_V_LOW,100,0.522027313709,3.65735589699,14.7858909392,0,0,2.08810925484,
G1_D060_DENS_HIGH_V_LOW_S100,G1_D060_DENS_HIGH_V_LOW,100,0.531021118164,3.39262113769,11.5836735361,0,0,2.12408447266,
G1_D060_DENS_HIGH_V_LOW_S100,G1_D060_DENS_HIGH_V_LOW,100,0.540014922619,3.95369994877,14.6784672815,0,0,2.16005969048,
G1_D060_DENS_HIGH_V_LOW_S100,G1_D060_DENS_HIGH_V_LOW,100,0.549008727074,3.50241015831,8.51990418843,0,0,2.19603490829,
G1_D060_DENS_HIGH_V_LOW_S100,G1_D060_DENS_HIGH_V_LOW,100,0.558002531528,4.13006818282,17.0604784574,0,0,2.23201012611,
G1_D060_DENS_HIGH_V_LOW_S100,G1_D060_DENS_HIGH_V_LOW,100,0.56704133749,3.5795474613,5.93482458304,0,0,2.26816534996,
G1_D060_DENS_HIGH_V_LOW_S100,G1_D060_DENS_HIGH_V_LOW,100,0.576035141945,4.73488934673,16.224277361,0,0,2.30414056778,
G1_D060_DENS_HIGH_V_LOW_S100,G1_D060_DENS_HIGH_V_LOW,100,0.5850289464,3.9086215907,10.4369950934,0,0,2.3401157856,
G1_D060_DENS_HIGH_V_LOW_S100,G1_D060_DENS_HIGH_V_LOW,100,0.594022750854,4.52023654308,16.4809090843,0,0,2.37609100342,
G1_D060_DENS_HIGH_V_LOW_S100,G1_D060_DENS_HIGH_V_LOW,100,0.603016555309,3.68012044191,10.2519084119,0,0,2.41206622124,
G1_D060_DENS_HIGH_V_LOW_S100,G1_D060_DENS_HIGH_V_LOW,100,0.612010359764,4.32609030814,13.783258726,0,0,2.44804143906,
G1_D060_DENS_HIGH_V_LOW_S100,G1_D060_DENS_HIGH_V_LOW,100,0.621004164219,3.93521131139,7.02710911052,0,0,2.48401665688,
G1_D060_DENS_HIGH_V_LOW_S100,G1_D060_DENS_HIGH_V_LOW,100,0.630042970181,4.73358895966,11.5028183922,0,0,2.52017188072,
G1_D060_DENS_HIGH_V_LOW_S100,G1_D060_DENS_HIGH_V_LOW,100,0.639036715031,3.56349230058,5.8759774137,0,0,2.55614686012,
G1_D060_DENS_HIGH_V_LOW_S100,G1_D060_DENS_HIGH_V_LOW,100,0.64803057909,4.23312860702,10.0627720157,0,0,2.59212231636,
G1_D060_DENS_HIGH_V_LOW_S100,G1_D060_DENS_HIGH_V_LOW,100,0.657024383545,3.72570565735,4.28469059899,0,0,2.62809753418,
G1_D060_DENS_HIGH_V_LOW_S100,G1_D060_DENS_HIGH_V_LOW,100,0.666018188,5.27851503782,9.35173518859,0,0,2.664072752,
G1_D060_DENS_HIGH_V_LOW_S100,G1_D060_DENS_HIGH_V_LOW,100,0.675011992455,4.10198681628,3.90662040721,0,0,2.70004796982,
G1_D060_DENS_HIGH_V_LOW_S100,G1_D060_DENS_HIGH_V_LOW,100,0.684005796909,5.34539171695,8.77006165262,0,0,2.73602318764,
G1_D060_DENS_HIGH_V_LOW_S100,G1_D060_DENS_HIGH_V_LOW,100,0.693044543266,4.71088399423,4.98810444932,0,0,2.77217817307,
G1_D060_DENS_HIGH_V_LOW_S100,G1_D060_DENS_HIGH_V_LOW,100,0.702038407326,4.92060378903,12.0918608005,0,0,2.8081536293,
G1_D060_DENS_HIGH_V_LOW_S100,G1_D060_DENS_HIGH_V_LOW,100,0.711032211781,4.39473969288,3.08060094565,0,0,2.84412884712,
G1_D060_DENS_HIGH_V_LOW_S100,G1_D060_DENS_HIGH_V_LOW,100,0.720026016235,4.81349584533,7.81993058169,0,0,2.88010406494,
G1_D060_DENS_HIGH_V_LOW_S100,G1_D060_DENS_HIGH_V_LOW,100,0.72901982069,4.32334792479,4.9919209032,0,0,2.91607928276,
G1_D060_DENS_HIGH_V_LOW_S100,G1_D060_DENS_HIGH_V_LOW,100,0.738013625145,5.13340228907,10.7669537927,0,0,2.95205450058,
G1_D060_DENS_HIGH_V_LOW_S100,G1_D060_DENS_HIGH_V_LOW,100,0.7470074296,4.30035326489,4.39245404995,0,0,2.9880297184,
G1_D060_DENS_HIGH_V_LOW_S100,G1_D060_DENS_HIGH_V_LOW,100,0.756001234055,5.24545446674,5.60382009254,0,0,3.02400493622,
G1_D060_DENS_HIGH_V_LOW_S100,G1_D060_DENS_HIGH_V_LOW,100,0.765040040016,4.90931261274,4.34956252734,0,0,3.06016016006,
G1_D060_DENS_HIGH_V_LOW_S100,G1_D060_DENS_HIGH_V_LOW,100,0.774033844471,5.13955754087,6.04507799184,0,0,3.09613537788,
G1_D060_DENS_HIGH_V_LOW_S100,G1_D060_DENS_HIGH_V_LOW,100,0.783027648926,4.72000613179,5.18975347738,0,0,3.1321105957,
G1_D060_DENS_HIGH_V_LOW_S100,G1_D060_DENS_HIGH_V_LOW,100,0.792021453381,5.45542596329,5.28009531036,0,0,3.16808581352,
G1_D060_DENS_HIGH_V_LOW_S100,G1_D060_DENS_HIGH_V_LOW,100,0.80101531744,4.84601415672,1.87609142484,0,0,3.20406126976,
G1_D060_DENS_HIGH_V_LOW_S100,G1_D060_DENS_HIGH_V_LOW,100,0.810009121895,5.38465891634,3.97751883687,0,0,3.24003648758,
G1_D060_DENS_HIGH_V_LOW_S100,G1_D060_DENS_HIGH_V_LOW,100,0.81900292635,5.71137555451,6.00113170259,0,0,3.2760117054,
G1_D060_DENS_HIGH_V_LOW_S100,G1_D060_DENS_HIGH_V_LOW,100,0.828041672707,5.22064263249,3.6087563914,0,0,3.31216669083,
G1_D060_DENS_HIGH_V_LOW_S100,G1_D060_DENS_HIGH_V_LOW,100,0.837035536766,5.74679599136,1.86730755519,0,0,3.34814214706,
G1_D060_DENS_HIGH_V_LOW_S100,G1_D060_DENS_HIGH_V_LOW,100,0.846029341221,4.95267482254,7.59974969002,0,0,3.38411736488,
G1_D060_DENS_HIGH_V_LOW_S100,G1_D060_DENS_HIGH_V_LOW,100,0.855023145676,5.09929044226,5.9294810076,0,0,3.4200925827,
G1_D060_DENS_HIGH_V_LOW_S100,G1_D060_DENS_HIGH_V_LOW,100,0.86401695013,5.0082715505,6.13445879417,0,0,3.45606780052,
G1_D060_DENS_HIGH_V_LOW_S100,G1_D060_DENS_HIGH_V_LOW,100,0.873010754585,5.64389487753,8.28129791705,0,0,3.49204301834,
G1_D060_DENS_HIGH_V_LOW_S100,G1_D060_DENS_HIGH_V_LOW,100,0.88200455904,5.30720601477,4.19688403856,0,0,3.52801823616,
G1_D060_DENS_HIGH_V_LOW_S100,G1_D060_DENS_HIGH_V_LOW,100,0.891043365002,5.4447223789,5.73042328697,0,0,3.56417346001,
G1_D060_DENS_HIGH_V_LOW_S100,G1_D060_DENS_HIGH_V_LOW,100,0.900037169456,6.07203048185,6.75940784227,0,0,3.60014867783,
G1_D060_DENS_HIGH_V_LOW_S100,G1_D060_DENS_HIGH_V_LOW,100,0.909030973911,6.63697828985,5.02366602647,0,0,3.63612389565,
G1_D060_DENS_HIGH_V_LOW_S100,G1_D060_DENS_HIGH_V_LOW,100,0.918024778366,6.52754847308,5.67112720767,0,0,3.67209911346,
G1_D060_DENS_HIGH_V_LOW_S100,G1_D060_DENS_HIGH_V_LOW,100,0.927018582821,6.87990803618,6.25559762246,0,0,3.70807433128,
G1_D060_DENS_HIGH_V_LOW_S100,G1_D060_DENS_HIGH_V_LOW,100,0.936012387276,6.48826357254,4.16114335894,0,0,3.7440495491,
G1_D060_DENS_HIGH_V_LOW_S100,G1_D060_DENS_HIGH_V_LOW,100,0.94500619173,6.37236376886,8.15706306244,0,0,3.78002476692,
G1_D060_DENS_HIGH_V_LOW_S100,G1_D060_DENS_HIGH_V_LOW,100,0.953999996185,6.99266135216,10.7900570135,0,0,3.81599998474,
G1_D060_DENS_HIGH_V_LOW_S100,G1_D060_DENS_HIGH_V_LOW,100,0.963038802147,5.87785402543,5.10890751614,0,0,3.85215520859,
G1_D060_DENS_HIGH_V_LOW_S100,G1_D060_DENS_HIGH_V_LOW,100,0.972021520138,6.14099503345,10.1276627237,0,0,3.88808608055,
G1_D060_DENS_HIGH_V_LOW_S100,G1_D060_DENS_HIGH_V_LOW,100,0.981015324593,6.17852795168,8.23126459818,0,0,3.92406129837,
G1_D060_DENS_HIGH_V_LOW_S100,G1_D060_DENS_HIGH_V_LOW,100,0.990009129047,6.3234343309,7.80072365868,0,0,3.96003651619,
G1_D060_DENS_HIGH_V_LOW_S100,G1_D060_DENS_HIGH_V_LOW,100,0.999002933502,5.90798527173,5.96846932634,0,0,3.99601173401,
G1_D060_DENS_HIGH_V_LOW_S100,G1_D060_DENS_HIGH_V_LOW,100,1.00804173946,6.2893665211,6.99587137387,0,0,4.03216695786,
G1_D060_DENS_HIGH_V_LOW_S100,G1_D060_DENS_HIGH_V_LOW,100,1.01703548431,6.56692490154,9.45043628649,0,0,4.06814193726,
G1_D060_DENS_HIGH_V_LOW_S100,G1_D060_DENS_HIGH_V_LOW,100,1.02602934837,7.07187271207,8.66088185045,0,0,4.10411739349,
G1_D060_DENS_HIGH_V_LOW_S100,G1_D060_DENS_HIGH_V_LOW,100,1.03502321243,8.53927748811,8.32527641382,0,0,4.14009284973,
G1_D060_DENS_HIGH_V_LOW_S100,G1_D060_DENS_HIGH_V_LOW,100,1.04401695728,6.73338221742,8.63234271196,0,0,4.17606782913,
G1_D060_DENS_HIGH_V_LOW_S100,G1_D060_DENS_HIGH_V_LOW,100,1.05301082134,7.26640405501,7.79542564501,0,0,4.21204328537,
G1_D060_DENS_HIGH_V_LOW_S100,G1_D060_DENS_HIGH_V_LOW,100,1.06200456619,7.11324030426,10.5480734689,0,0,4.24801826477,
G1_D060_DENS_HIGH_V_LOW_S100,G1_D060_DENS_HIGH_V_LOW,100,1.07104337215,7.76720591036,9.44102946885,0,0,4.28417348862,
G1_D060_DENS_HIGH_V_LOW_S100,G1_D060_DENS_HIGH_V_LOW,100,1.08003723621,7.72499341197,6.34163682609,0,0,4.32014894485,
G1_D060_DENS_HIGH_V_LOW_S100,G1_D060_DENS_HIGH_V_LOW,100,1.08902132511,7.32156775235,12.9614990559,0,0,4.35608530045,
G1_D060_DENS_HIGH_V_LOW_S100,G1_D060_DENS_HIGH_V_LOW,100,1.09801518917,6.98088058791,11.8323319929,0,0,4.39206075668,
G1_D060_DENS_HIGH_V_LOW_S100,G1_D060_DENS_HIGH_V_LOW,100,1.10700893402,7.68157205442,11.3615195146,0,0,4.42803573608,
G1_D060_DENS_HIGH_V_LOW_S100,G1_D060_DENS_HIGH_V_LOW,100,1.11600279808,7.20496767383,10.8262851086,0,0,4.46401119232,
G1_D060_DENS_HIGH_V_LOW_S100,G1_D060_DENS_HIGH_V_LOW,100,1.12504160404,7.44875786884,12.0985768821,0,0,4.50016641617,
G1_D060_DENS_HIGH_V_LOW_S100,G1_D060_DENS_HIGH_V_LOW,100,1.13403534889,7.17447722367,10.2849600704,0,0,4.53614139557,
G1_D060_DENS_HIGH_V_LOW_S100,G1_D060_DENS_HIGH_V_LOW,100,1.14302921295,7.4088706974,9.85830511653,0,0,4.57211685181,
G1_D060_DENS_HIGH_V_LOW_S100,G1_D060_DENS_HIGH_V_LOW,100,1.1520229578,6.87901779776,9.25527261701,0,0,4.60809183121,
G1_D060_DENS_HIGH_V_LOW_S100,G1_D060_DENS_HIGH_V_LOW,100,1.16101682186,7.41307580033,9.91533697537,0,0,4.64406728745,
G1_D060_DENS_HIGH_V_LOW_S100,G1_D060_DENS_HIGH_V_LOW,100,1.17001068592,8.04187252699,13.7301063802,0,0,4.68004274368,
G1_D060_DENS_HIGH_V_LOW_S100,G1_D060_DENS_HIGH_V_LOW,100,1.17900443077,7.88059258219,12.3353615382,0,0,4.71601772308,
G1_D060_DENS_HIGH_V_LOW_S100,G1_D060_DENS_HIGH_V_LOW,100,1.18804323673,8.7887411182,14.8915531111,0,0,4.75217294693,
G1_D060_DENS_HIGH_V_LOW_S100,G1_D060_DENS_HIGH_V_LOW,100,1.19703710079,7.81051674364,13.6027495851,0,0,4.78814840317,
G1_D060_DENS_HIGH_V_LOW_S100,G1_D060_DENS_HIGH_V_LOW,100,1.20603084564,7.70690456159,12.9278116383,0,0,4.82412338257,
G1_D060_DENS_HIGH_V_LOW_S100,G1_D060_DENS_HIGH_V_LOW,100,1.2150247097,8.50237533532,17.2402386165,0,0,4.86009883881,
G1_D060_DENS_HIGH_V_LOW_S100,G1_D060_DENS_HIGH_V_LOW,100,1.22401845455,7.88420448067,12.4157764766,0,0,4.89607381821,
G1_D060_DENS_HIGH_V_LOW_S100,G1_D060_DENS_HIGH_V_LOW,100,1.23301231861,8.4170281517,14.9696702783,0,0,4.93204927444,
G1_D060_DENS_HIGH_V_LOW_S100,G1_D060_DENS_HIGH_V_LOW,100,1.24200618267,8.46628311816,15.7259086204,0,0,4.96802473068,
G1_D060_DENS_HIGH_V_LOW_S100,G1_D060_DENS_HIGH_V_LOW,100,1.25104498863,8.55098010825,15.5061188932,0,0,5.00417995453,
G1_D060_DENS_HIGH_V_LOW_S100,G1_D060_DENS_HIGH_V_LOW,100,1.26003873348,7.34673447311,13.3907070691,0,0,5.04015493393,
G1_D060_DENS_HIGH_V_LOW_S100,G1_D060_DENS_HIGH_V_LOW,100,1.26903259754,8.36112273291,15.4167126379,0,0,5.07613039017,
G1_D060_DENS_HIGH_V_LOW_S100,G1_D060_DENS_HIGH_V_LOW,100,1.27802634239,9.50861933826,17.8543078376,0,0,5.11210536957,
G1_D060_DENS_HIGH_V_LOW_S100,G1_D060_DENS_HIGH_V_LOW,100,1.28702020645,8.51665627935,25.3824847613,0,0,5.14808082581,
G1_D060_DENS_HIGH_V_LOW_S100,G1_D060_DENS_HIGH_V_LOW,100,1.29601407051,8.09644301988,23.508742144,0,0,5.18405628204,
G1_D060_DENS_HIGH_V_LOW_S100,G1_D060_DENS_HIGH_V_LOW,100,1.30500781536,8.64737281071,20.6892776146,0,0,5.22003126144,
G1_D060_DENS_HIGH_V_LOW_S100,G1_D060_DENS_HIGH_V_LOW,100,1.31400167942,8.65889582891,15.2501869319,0,0,5.25600671768,
G1_D060_DENS_HIGH_V_LOW_S100,G1_D060_DENS_HIGH_V_LOW,100,1.32304048538,9.06739178924,17.5607365505,0,0,5.29216194153,
G1_D060_DENS_HIGH_V_LOW_S100,G1_D060_DENS_HIGH_V_LOW,100,1.33203423023,8.89438763753,22.8141705435,0,0,5.32813692093,
G1_D060_DENS_HIGH_V_LOW_S100,G1_D060_DENS_HIGH_V_LOW,100,1.34102809429,8.98759067875,16.6782756926,0,0,5.36411237717,
G1_D060_DENS_HIGH_V_LOW_S100,G1_D060_DENS_HIGH_V_LOW,100,1.35002183914,8.65098989001,16.5955524076,0,0,5.40008735657,
G1_D060_DENS_HIGH_V_LOW_S100,G1_D060_DENS_HIGH_V_LOW,100,1.3590157032,8.70779849928,16.2678710758,0,0,5.43606281281,
G1_D060_DENS_HIGH_V_LOW_S100,G1_D060_DENS_HIGH_V_LOW,100,1.36800956726,9.18097792283,16.9738437291,0,0,5.47203826904,
G1_D060_DENS_HIGH_V_LOW_S100,G1_D060_DENS_HIGH_V_LOW,100,1.37700331211,9.09831095266,17.3998344708,0,0,5.50801324844,
G1_D060_DENS_HIGH_V_LOW_S100,G1_D060_DENS_HIGH_V_LOW,100,1.38604211807,9.42724584739,17.1706197834,0,0,5.54416847229,
G1_D060_DENS_HIGH_V_LOW_S100,G1_D060_DENS_HIGH_V_LOW,100,1.39503598213,8.58557852087,16.9085379427,0,0,5.58014392853,
G1_D060_DENS_HIGH_V_LOW_S100,G1_D060_DENS_HIGH_V_LOW,100,1.40402972698,8.57537402262,20.6556373909,0,0,5.61611890793,
G1_D060_DENS_HIGH_V_LOW_S100,G1_D060_DENS_HIGH_V_LOW,100,1.41302359104,9.63066316862,18.6279879072,0,0,5.65209436417,
G1_D060_DENS_HIGH_V_LOW_S100,G1_D060_DENS_HIGH_V_LOW,100,1.42201733589,9.36929745662,17.1002170405,0,0,5.68806934357,
G1_D060_DENS_HIGH_V_LOW_S100,G1_D060_DENS_HIGH_V_LOW,100,1.43101119995,9.62061582206,17.5816592207,0,0,5.7240447998,
G1_D060_DENS_HIGH_V_LOW_S100,G1_D060_DENS_HIGH_V_LOW,100,1.4400049448,8.92264817427,16.3794752135,0,0,5.76001977921,
G1_D060_DENS_HIGH_V_LOW_S100,G1_D060_DENS_HIGH_V_LOW,100,1.44904375076,9.50682849976,17.0654010131,0,0,5.79617500305,
G1_D060_DENS_HIGH_V_LOW_S100,G1_D060_DENS_HIGH_V_LOW,100,1.45802652836,9.25289381772,16.7000822689,0,0,5.83210611343,
G1_D060_DENS_HIGH_V_LOW_S100,G1_D060_DENS_HIGH_V_LOW,100,1.46702027321,8.48814188218,16.6029411331,0,0,5.86808109283,
G1_D060_DENS_HIGH_V_LOW_S100,G1_D060_DENS_HIGH_V_LOW,100,1.47601413727,9.21168812632,16.9368490636,0,0,5.90405654907,
G1_D060_DENS_HIGH_V_LOW_S100,G1_D060_DENS_HIGH_V_LOW,100,1.48500788212,9.13366144838,16.1085338164,0,0,5.94003152847,
G1_D060_DENS_HIGH_V_LOW_S100,G1_D060_DENS_HIGH_V_LOW,100,1.49400174618,9.02612479141,17.2503224027,0,0,5.97600698471,
G1_D060_DENS_HIGH_V_LOW_S100,G1_D060_DENS_HIGH_V_LOW,100,1.50304055214,10.224080905,17.1852004822,0,0,6.01216220856,
G1_D060_DENS_HIGH_V_LOW_S100,G1_D060_DENS_HIGH_V_LOW,100,1.51203429699,9.13250785135,19.0019717095,0,0,6.04813718796,
G1_D060_DENS_HIGH_V_LOW_S100,G1_D060_DENS_HIGH_V_LOW,100,1.52102816105,9.89737980933,19.0053161719,0,0,6.0841126442,
G1_D060_DENS_HIGH_V_LOW_S100,G1_D060_DENS_HIGH_V_LOW,100,1.5300219059,8.8667721135,18.5940106221,0,0,6.1200876236,
G1_D060_DENS_HIGH_V_LOW_S100,G1_D060_DENS_HIGH_V_LOW,100,1.53901576996,10.2962774279,20.3811926731,0,0,6.15606307983,
G1_D060_DENS_HIGH_V_LOW_S100,G1_D060_DENS_HIGH_V_LOW,100,1.54800951481,9.82310663908,18.2880671736,0,0,6.19203805923,
G1_D060_DENS_HIGH_V_LOW_S100,G1_D060_DENS_HIGH_V_LOW,100,1.55700337887,8.91682492701,18.0197270103,0,0,6.22801351547,
G1_D060_DENS_HIGH_V_LOW_S100,G1_D060_DENS_HIGH_V_LOW,100,1.56604218483,9.61414324473,14.9801342906,0,0,6.26416873932,
G1_D060_DENS_HIGH_V_LOW_S100,G1_D060_DENS_HIGH_V_LOW,100,1.57500517368,8.57283887227,13.1124797306,0,0,6.30002069473,
G1_D060_DENS_HIGH_V_LOW_S100,G1_D060_DENS_HIGH_V_LOW,100,1.58404397964,9.08772825419,17.4986734454,0,0,6.33617591858,
G1_D060_DENS_HIGH_V_LOW_S100,G1_D060_DENS_HIGH_V_LOW,100,1.59303772449,9.69691210445,17.8710650589,0,0,6.37215089798,
G1_D060_DENS_HIGH_V_LOW_S100,G1_D060_DENS_HIGH_V_LOW,100,1.60203158855,10.5460976715,20.1433898629,0,0,6.40812635422,
G1_D060_DENS_HIGH_V_LOW_S100,G1_D060_DENS_HIGH_V_LOW,100,1.6110253334,9.40997125,16.4259966383,0,0,6.44410133362,
G1_D060_DENS_HIGH_V_LOW_S100,G1_D060_DENS_HIGH_V_LOW,100,1.62001919746,10.3036885981,18.7969325559,0,0,6.48007678986,
G1_D060_DENS_HIGH_V_LOW_S100,G1_D060_DENS_HIGH_V_LOW,100,1.62901294231,10.3306262975,18.8330182761,0,0,6.51605176926,
G1_D060_DENS_HIGH_V_LOW_S100,G1_D060_DENS_HIGH_V_LOW,100,1.63800680637,10.186312691,17.5842420008,0,0,6.55202722549,
G1_D060_DENS_HIGH_V_LOW_S100,G1_D060_DENS_HIGH_V_LOW,100,1.64704489708,10.3838549567,16.0122940774,0,0,6.58817958832,
G1_D060_DENS_HIGH_V_LOW_S100,G1_D060_DENS_HIGH_V_LOW,100,1.65603876114,10.1230807222,17.5208032429,0,0,6.62415504456,
G1_D060_DENS_HIGH_V_LOW_S100,G1_D060_DENS_HIGH_V_LOW,100,1.66503250599,9.69829538472,18.0119962396,0,0,6.66013002396,
G1_D060_DENS_HIGH_V_LOW_S100,G1_D060_DENS_HIGH_V_LOW,100,1.67402637005,10.5534121329,16.3852759427,0,0,6.69610548019,
G1_D060_DENS_HIGH_V_LOW_S100,G1_D060_DENS_HIGH_V_LOW,100,1.6830201149,9.72130515536,16.0812076496,0,0,6.73208045959,
G1_D060_DENS_HIGH_V_LOW_S100,G1_D060_DENS_HIGH_V_LOW,100,1.69201397896,10.0611301442,26.8928059359,0,0,6.76805591583,
G1_D060_DENS_HIGH_V_LOW_S100,G1_D060_DENS_HIGH_V_LOW,100,1.70104181767,10.5252413971,18.110718568,0,0,6.80416727066,
G1_D060_DENS_HIGH_V_LOW_S100,G1_D060_DENS_HIGH_V_LOW,100,1.71003556252,9.65329819291,16.8559858813,0,0,6.84014225006,
G1_D060_DENS_HIGH_V_LOW_S100,G1_D060_DENS_HIGH_V_LOW,100,1.71902942657,10.2327121594,18.5941899882,0,0,6.8761177063,
G1_D060_DENS_HIGH_V_LOW_S100,G1_D060_DENS_HIGH_V_LOW,100,1.72802317142,9.65804728247,14.9496021142,0,0,6.9120926857,
G1_D060_DENS_HIGH_V_LOW_S100,G1_D060_DENS_HIGH_V_LOW,100,1.73701703548,10.3099314921,16.3403237876,0,0,6.94806814194,
G1_D060_DENS_HIGH_V_LOW_S100,G1_D060_DENS_HIGH_V_LOW,100,1.74601078033,10.443443942,19.6053564072,0,0,6.98404312134,
G1_D060_DENS_HIGH_V_LOW_S100,G1_D060_DENS_HIGH_V_LOW,100,1.75500464439,10.7596996311,18.6069595169,0,0,7.02001857758,
G1_D060_DENS_HIGH_V_LOW_S100,G1_D060_DENS_HIGH_V_LOW,100,1.76404345036,10.4950622282,18.3605486633,0,0,7.05617380142,
G1_D060_DENS_HIGH_V_LOW_S100,G1_D060_DENS_HIGH_V_LOW,100,1.77303719521,11.376902535,18.2140355279,0,0,7.09214878082,
G1_D060_DENS_HIGH_V_LOW_S100,G1_D060_DENS_HIGH_V_LOW,100,1.78203094006,10.4096062472,21.6965583075,0,0,7.12812376022,
G1_D060_DENS_HIGH_V_LOW_S100,G1_D060_DENS_HIGH_V_LOW,100,1.79102480412,9.90970930929,17.5596716054,0,0,7.16409921646,
G1_D060_DENS_HIGH_V_LOW_S100,G1_D060_DENS_HIGH_V_LOW,100,1.80001854897,10.8509788593,17.3126669214,0,0,7.20007419586,
G1_D060_DENS_HIGH_V_LOW_S100,G1_D060_DENS_HIGH_V_LOW,100,1.80901241302,10.1816110923,16.7719186131,0,0,7.2360496521,
G1_D060_DENS_HIGH_V_LOW_S100,G1_D060_DENS_HIGH_V_LOW,100,1.81800484657,10.8026400354,18.3319829419,0,0,7.27201938629,
G1_D060_DENS_HIGH_V_LOW_S100,G1_D060_DENS_HIGH_V_LOW,100,1.82704365253,11.365950271,19.8015674579,0,0,7.30817461014,
G1_D060_DENS_HIGH_V_LOW_S100,G1_D060_DENS_HIGH_V_LOW,100,1.83603739738,10.3735131666,16.3432686988,0,0,7.34414958954,
G1_D060_DENS_HIGH_V_LOW_S100,G1_D060_DENS_HIGH_V_LOW,100,1.84503126144,10.8394722471,17.9937361405,0,0,7.38012504578,
G1_D060_DENS_HIGH_V_LOW_S100,G1_D060_DENS_HIGH_V_LOW,100,1.85402500629,10.9170007023,17.9536407448,0,0,7.41610002518,
G1_D060_DENS_HIGH_V_LOW_S100,G1_D060_DENS_HIGH_V_LOW,100,1.86301887035,10.8285536585,18.2145005986,0,0,7.45207548141,
G1_D060_DENS_HIGH_V_LOW_S100,G1_D060_DENS_HIGH_V_LOW,100,1.8720126152,10.4590943508,23.3194946084,0,0,7.48805046082,
G1_D060_DENS_HIGH_V_LOW_S100,G1_D060_DENS_HIGH_V_LOW,100,1.88100647926,11.3619472202,20.4674674613,0,0,7.52402591705,
G1_D060_DENS_HIGH_V_LOW_S100,G1_D060_DENS_HIGH_V_LOW,100,1.89000022411,11.2885694692,18.5544996703,0,0,7.56000089645,
G1_D060_DENS_HIGH_V_LOW_S100,G1_D060_DENS_HIGH_V_LOW,100,1.89903903008,11.4210828834,17.8628273664,0,0,7.5961561203,
G1_D060_DENS_HIGH_V_LOW_S100,G1_D060_DENS_HIGH_V_LOW,100,1.90803277493,12.6976606063,19.5522677932,0,0,7.6321310997,
G1_D060_DENS_HIGH_V_LOW_S100,G1_D060_DENS_HIGH_V_LOW,100,1.91702663898,11.2385106114,20.1141716689,0,0,7.66810655594,
G1_D060_DENS_HIGH_V_LOW_S100,G1_D060_DENS_HIGH_V_LOW,100,1.92602038383,11.7973213005,17.4266587861,0,0,7.70408153534,
G1_D060_DENS_HIGH_V_LOW_S100,G1_D060_DENS_HIGH_V_LOW,100,1.93501317501,11.0911360008,18.4111247024,0,0,7.74005270004,
G1_D060_DENS_HIGH_V_LOW_S100,G1_D060_DENS_HIGH_V_LOW,100,1.94400429726,11.496574411,19.0374534315,0,0,7.77601718903,
G1_D060_DENS_HIGH_V_LOW_S100,G1_D060_DENS_HIGH_V_LOW,100,1.95304310322,11.0884575143,17.7765102316,0,0,7.81217241287,
G1_D060_DENS_HIGH_V_LOW_S100,G1_D060_DENS_HIGH_V_LOW,100,1.96203684807,11.6263730728,19.149263832,0,0,7.84814739227,
G1_D060_DENS_HIGH_V_LOW_S100,G1_D060_DENS_HIGH_V_LOW,100,1.97103071213,10.7444058358,16.8915501862,0,0,7.88412284851,
G1_D060_DENS_HIGH_V_LOW_S100,G1_D060_DENS_HIGH_V_LOW,100,1.98002445698,12.997514667,22.1184008487,0,0,7.92009782791,
G1_D060_DENS_HIGH_V_LOW_S100,G1_D060_DENS_HIGH_V_LOW,100,1.98901820183,11.6330243886,18.6685926729,0,0,7.95607280731,
G1_D060_DENS_HIGH_V_LOW_S100,G1_D060_DENS_HIGH_V_LOW,100,1.99801206589,12.1151001521,21.0537546034,0,0,7.99204826355,
G1_D060_DENS_HIGH_V_LOW_S100,G1_D060_DENS_HIGH_V_LOW,100,2.00700592995,11.2433080553,22.0254470676,0,0,8.02802371979,
G1_D060_DENS_HIGH_V_LOW_S100,G1_D060_DENS_HIGH_V_LOW,100,2.0160446167,11.613180102,17.7005976216,0,0,8.0641784668,
G1_D060_DENS_HIGH_V_LOW_S100,G1_D060_DENS_HIGH_V_LOW,100,2.02503848076,12.2251995905,20.3012065414,0,0,8.10015392303,
G1_D060_DENS_HIGH_V_LOW_S100,G1_D060_DENS_HIGH_V_LOW,100,2.0340321064,11.4470629937,17.6739472462,0,0,8.1361284256,
G1_D060_DENS_HIGH_V_LOW_S100,G1_D060_DENS_HIGH_V_LOW,100,2.04302597046,12.7350178083,20.0951974864,0,0,8.17210388184,
G1_D060_DENS_HIGH_V_LOW_S100,G1_D060_DENS_HIGH_V_LOW,100,2.05201983452,11.6335260652,16.3606228435,0,0,8.20807933807,
G1_D060_DENS_HIGH_V_LOW_S100,G1_D060_DENS_HIGH_V_LOW,100,2.06100893021,11.6537425077,19.3690290478,0,0,8.24403572083,
G1_D060_DENS_HIGH_V_LOW_S100,G1_D060_DENS_HIGH_V_LOW,100,2.07000279427,10.7192546575,16.3147821807,0,0,8.28001117706,
G1_D060_DENS_HIGH_V_LOW_S100,G1_D060_DENS_HIGH_V_LOW,100,2.07904148102,12.3666024368,22.5568706576,0,0,8.31616592407,
G1_D060_DENS_HIGH_V_LOW_S100,G1_D060_DENS_HIGH_V_LOW,100,2.08803534508,12.0119982813,18.5828244846,0,0,8.35214138031,
G1_D060_DENS_HIGH_V_LOW_S100,G1_D060_DENS_HIGH_V_LOW,100,2.09702897072,11.2547766749,17.4360813362,0,0,8.38811588287,
G1_D060_DENS_HIGH_V_LOW_S100,G1_D060_DENS_HIGH_V_LOW,100,2.10602283478,12.3265468886,20.8441785022,0,0,8.42409133911,
G1_D060_DENS_HIGH_V_LOW_S100,G1_D060_DENS_HIGH_V_LOW,100,2.11501669884,11.9699481155,18.6647103995,0,0,8.46006679535,
G1_D060_DENS_HIGH_V_LOW_S100,G1_D060_DENS_HIGH_V_LOW,100,2.12401032448,11.5631229712,18.5616951288,0,0,8.49604129791,
G1_D060_DENS_HIGH_V_LOW_S100,G1_D060_DENS_HIGH_V_LOW,100,2.13300418854,12.1874918194,18.4200903828,0,0,8.53201675415,
G1_D060_DENS_HIGH_V_LOW_S100,G1_D060_DENS_HIGH_V_LOW,100,2.14204287529,11.8742418723,19.2121418188,0,0,8.56817150116,
G1_D060_DENS_HIGH_V_LOW_S100,G1_D060_DENS_HIGH_V_LOW,100,2.15103673935,11.6807095651,17.8281382947,0,0,8.6041469574,
G1_D060_DENS_HIGH_V_LOW_S100,G1_D060_DENS_HIGH_V_LOW,100,2.16003060341,12.4171811041,17.1682888999,0,0,8.64012241364,
G1_D060_DENS_HIGH_V_LOW_S100,G1_D060_DENS_HIGH_V_LOW,100,2.16902446747,14.39667848,19.8923375017,0,0,8.67609786987,
G1_D060_DENS_HIGH_V_LOW_S100,G1_D060_DENS_HIGH_V_LOW,100,2.17801809311,12.2160960176,25.2418948435,0,0,8.71207237244,
G1_D060_DENS_HIGH_V_LOW_S100,G1_D060_DENS_HIGH_V_LOW,100,2.18701195717,12.5536647571,18.5559192228,0,0,8.74804782867,
G1_D060_DENS_HIGH_V_LOW_S100,G1_D060_DENS_HIGH_V_LOW,100,2.19600582123,12.3573512104,19.5911939736,0,0,8.78402328491,
G1_D060_DENS_HIGH_V_LOW_S100,G1_D060_DENS_HIGH_V_LOW,100,2.20504450798,11.83713335,17.5816531739,0,0,8.82017803192,
G1_D060_DENS_HIGH_V_LOW_S100,G1_D060_DENS_HIGH_V_LOW,100,2.21403837204,12.0109310314,17.2964786834,0,0,8.85615348816,
G1_D060_DENS_HIGH_V_LOW_S100,G1_D060_DENS_HIGH_V_LOW,100,2.22303199768,12.0192980637,17.1897682051,0,0,8.89212799072,
G1_D060_DENS_HIGH_V_LOW_S100,G1_D060_DENS_HIGH_V_LOW,100,2.23202586174,12.4702103015,19.0232935427,0,0,8.92810344696,
G1_D060_DENS_HIGH_V_LOW_S100,G1_D060_DENS_HIGH_V_LOW,100,2.2410197258,12.9745886531,19.0273463472,0,0,8.9640789032,
G1_D060_DENS_HIGH_V_LOW_S100,G1_D060_DENS_HIGH_V_LOW,100,2.25001335144,12.7367810157,18.8371375546,0,0,9.00005340576,
G1_D060_DENS_HIGH_V_LOW_S100,G1_D060_DENS_HIGH_V_LOW,100,2.2590072155,12.9168906688,18.308508106,0,0,9.036028862,
G1_D060_DENS_HIGH_V_LOW_S100,G1_D060_DENS_HIGH_V_LOW,100,2.26800107956,11.3522962068,18.5439230927,0,0,9.07200431824,
G1_D060_DENS_HIGH_V_LOW_S100,G1_D060_DENS_HIGH_V_LOW,100,2.27701950073,11.869959057,14.6496420909,0,0,9.10807800293,
G1_D060_DENS_HIGH_V_LOW_S100,G1_D060_DENS_HIGH_V_LOW,100,2.28601336479,12.1386677249,17.0752217134,0,0,9.14405345917,
G1_D060_DENS_HIGH_V_LOW_S100,G1_D060_DENS_HIGH_V_LOW,100,2.29500722885,12.8802656902,22.4705000664,0,0,9.18002891541,
G1_D060_DENS_HIGH_V_LOW_S100,G1_D060_DENS_HIGH_V_LOW,100,2.30404257774,12.8649589428,20.2290935349,0,0,9.21617031097,
G1_D060_DENS_HIGH_V_LOW_S100,G1_D060_DENS_HIGH_V_LOW,100,2.3130364418,12.3475378644,17.575902437,0,0,9.25214576721,
G1_D060_DENS_HIGH_V_LOW_S100,G1_D060_DENS_HIGH_V_LOW,100,2.32203030586,13.1150779473,17.8763896188,0,0,9.28812122345,
G1_D060_DENS_HIGH_V_LOW_S100,G1_D060_DENS_HIGH_V_LOW,100,2.3310239315,13.0167277564,19.1844933374,0,0,9.32409572601,
G1_D060_DENS_HIGH_V_LOW_S100,G1_D060_DENS_HIGH_V_LOW,100,2.34001779556,12.9212382445,19.5019768812,0,0,9.36007118225,
G1_D060_DENS_HIGH_V_LOW_S100,G1_D060_DENS_HIGH_V_LOW,100,2.34901165962,13.254220227,19.3330730917,0,0,9.39604663849,
G1_D060_DENS_HIGH_V_LOW_S100,G1_D060_DENS_HIGH_V_LOW,100,2.35800528526,14.0028347562,19.6092560021,0,0,9.43202114105,
G1_D060_DENS_HIGH_V_LOW_S100,G1_D060_DENS_HIGH_V_LOW,100,2.36704421043,14.0324751193,20.3037159618,0,0,9.46817684174,
G1_D060_DENS_HIGH_V_LOW_S100,G1_D060_DENS_HIGH_V_LOW,100,2.37603783607,12.3735939601,18.5258695504,0,0,9.5041513443,
G1_D060_DENS_HIGH_V_LOW_S100,G1_D060_DENS_HIGH_V_LOW,100,2.38503170013,13.6889484311,18.5725728175,0,0,9.54012680054,
G1_D060_DENS_HIGH_V_LOW_S100,G1_D060_DENS_HIGH_V_LOW,100,2.39402556419,13.4895427953,20.2324057801,0,0,9.57610225677,
G1_D060_DENS_HIGH_V_LOW_S100,G1_D060_DENS_HIGH_V_LOW,100,2.40301918983,13.4600716725,17.5390656611,0,0,9.61207675934,
G1_D060_DENS_HIGH_V_LOW_S100,G1_D060_DENS_HIGH_V_LOW,100,2.41201305389,12.7407927012,16.233886966,0,0,9.64805221558,
G1_D060_DENS_HIGH_V_LOW_S100,G1_D060_DENS_HIGH_V_LOW,100,2.42100691795,12.9186573302,17.4076010696,0,0,9.68402767181,
G1_D060_DENS_HIGH_V_LOW_S100,G1_D060_DENS_HIGH_V_LOW,100,2.43004369736,13.5798592535,18.0918053723,0,0,9.72017478943,
G1_D060_DENS_HIGH_V_LOW_S100,G1_D060_DENS_HIGH_V_LOW,100,2.43903756142,13.0788657077,16.6433812123,0,0,9.75615024567,
G1_D060_DENS_HIGH_V_LOW_S100,G1_D060_DENS_HIGH_V_LOW,100,2.44803142548,12.8462000391,18.6742266147,0,0,9.7921257019,
G1_D060_DENS_HIGH_V_LOW_S100,G1_D060_DENS_HIGH_V_LOW,100,2.45702505112,12.7250153622,17.2536584442,0,0,9.82810020447,
G1_D060_DENS_HIGH_V_LOW_S100,G1_D060_DENS_HIGH_V_LOW,100,2.46601891518,13.5160487593,16.6646539977,0,0,9.86407566071,
G1_D060_DENS_HIGH_V_LOW_S100,G1_D060_DENS_HIGH_V_LOW,100,2.47501277924,13.3766759329,18.8169011683,0,0,9.90005111694,
G1_D060_DENS_HIGH_V_LOW_S100,G1_D060_DENS_HIGH_V_LOW,100,2.4840066433,12.7832797833,16.4880741108,0,0,9.93602657318,
G1_D060_DENS_HIGH_V_LOW_S100,G1_D060_DENS_HIGH_V_LOW,100,2.49300026894,13.535267893,20.4083915705,0,0,9.97200107574,
G1_D060_DENS_HIGH_V_LOW_S100,G1_D060_DENS_HIGH_V_LOW,100,2.50203108788,18.2793821303,27.6785519184,0,0,10.0081243515,
G1_D060_DENS_HIGH_V_LOW_S100,G1_D060_DENS_HIGH_V_LOW,100,2.51102495193,14.3444566278,19.3882059495,0,0,10.0440998077,
G1_D060_DENS_HIGH_V_LOW_S100,G1_D060_DENS_HIGH_V_LOW,100,2.52001881599,13.5202003271,18.8108108604,0,0,10.080075264,
G1_D060_DENS_HIGH_V_LOW_S100,G1_D060_DENS_HIGH_V_LOW,100,2.52901244164,13.6124906796,17.2181641093,0,0,10.1160497665,
G1_D060_DENS_HIGH_V_LOW_S100,G1_D060_DENS_HIGH_V_LOW,100,2.53800630569,13.4550376375,17.7780840424,0,0,10.1520252228,
G1_D060_DENS_HIGH_V_LOW_S100,G1_D060_DENS_HIGH_V_LOW,100,2.54700016975,14.903839798,20.1341659457,0,0,10.188000679,
G1_D060_DENS_HIGH_V_LOW_S100,G1_D060_DENS_HIGH_V_LOW,100,2.55603885651,13.4758956389,17.332100247,0,0,10.224155426,
G1_D060_DENS_HIGH_V_LOW_S100,G1_D060_DENS_HIGH_V_LOW,100,2.56503272057,13.5062975833,18.2134949866,0,0,10.2601308823,
G1_D060_DENS_HIGH_V_LOW_S100,G1_D060_DENS_HIGH_V_LOW,100,2.57402634621,12.9566802681,16.8923966416,0,0,10.2961053848,
G1_D060_DENS_HIGH_V_LOW_S100,G1_D060_DENS_HIGH_V_LOW,100,2.58302021027,13.4403655412,16.9439890963,0,0,10.3320808411,
G1_D060_DENS_HIGH_V_LOW_S100,G1_D060_DENS_HIGH_V_LOW,100,2.59201407433,13.8149909948,20.090241192,0,0,10.3680562973,
G1_D060_DENS_HIGH_V_LOW_S100,G1_D060_DENS_HIGH_V_LOW,100,2.60100769997,12.9206070473,17.1950599907,0,0,10.4040307999,
G1_D060_DENS_HIGH_V_LOW_S100,G1_D060_DENS_HIGH_V_LOW,100,2.61000156403,14.8201781095,19.6810316546,0,0,10.4400062561,
G1_D060_DENS_HIGH_V_LOW_S100,G1_D060_DENS_HIGH_V_LOW,100,2.61904025078,13.6803974794,16.5843195324,0,0,10.4761610031,
G1_D060_DENS_HIGH_V_LOW_S100,G1_D060_DENS_HIGH_V_LOW,100,2.62803411484,13.0710512967,18.1033725613,0,0,10.5121364594,
G1_D060_DENS_HIGH_V_LOW_S100,G1_D060_DENS_HIGH_V_LOW,100,2.6370279789,14.9976679921,21.4946054774,0,0,10.5481119156,
G1_D060_DENS_HIGH_V_LOW_S100,G1_D060_DENS_HIGH_V_LOW,100,2.64602160454,14.7638469996,19.7059832574,0,0,10.5840864182,
G1_D060_DENS_HIGH_V_LOW_S100,G1_D060_DENS_HIGH_V_LOW,100,2.6550154686,13.9385735302,15.8398791199,0,0,10.6200618744,
G1_D060_DENS_HIGH_V_LOW_S100,G1_D060_DENS_HIGH_V_LOW,100,2.66400933266,14.3066547384,19.118704403,0,0,10.6560373306,
G1_D060_DENS_HIGH_V_LOW_S100,G1_D060_DENS_HIGH_V_LOW,100,2.67300128937,13.6154282074,17.950741874,0,0,10.6920051575,
G1_D060_DENS_HIGH_V_LOW_S100,G1_D060_DENS_HIGH_V_LOW,100,2.68204021454,13.8429000989,18.1753975439,0,0,10.7281608582,
G1_D060_DENS_HIGH_V_LOW_S100,G1_D060_DENS_HIGH_V_LOW,100,2.69103384018,13.8631778479,17.3217879169,0,0,10.7641353607,
G1_D060_DENS_HIGH_V_LOW_S100,G1_D060_DENS_HIGH_V_LOW,100,2.70002770424,14.5005574746,25.5090770496,0,0,10.800110817,
G1_D060_DENS_HIGH_V_LOW_S100,G1_D060_DENS_HIGH_V_LOW,100,2.7090215683,15.3868636525,19.8182727163,0,0,10.8360862732,
G1_D060_DENS_HIGH_V_LOW_S100,G1_D060_DENS_HIGH_V_LOW,100,2.71801519394,14.1806173555,17.1053323736,0,0,10.8720607758,
G1_D060_DENS_HIGH_V_LOW_S100,G1_D060_DENS_HIGH_V_LOW,100,2.727009058,14.7347324902,17.4095733061,0,0,10.908036232,
G1_D060_DENS_HIGH_V_LOW_S100,G1_D060_DENS_HIGH_V_LOW,100,2.73600292206,13.8468150757,18.7252993962,0,0,10.9440116882,
G1_D060_DENS_HIGH_V_LOW_S100,G1_D060_DENS_HIGH_V_LOW,100,2.74504160881,13.7227317272,18.4982697906,0,0,10.9801664352,
G1_D060_DENS_HIGH_V_LOW_S100,G1_D060_DENS_HIGH_V_LOW,100,2.75403547287,15.1921302574,19.407025543,0,0,11.0161418915,
G1_D060_DENS_HIGH_V_LOW_S100,G1_D060_DENS_HIGH_V_LOW,100,2.76302909851,14.5393100454,17.1357192312,0,0,11.052116394,
G1_D060_DENS_HIGH_V_LOW_S100,G1_D060_DENS_HIGH_V_LOW,100,2.77202296257,14.3788149955,16.1197071882,0,0,11.0880918503,
G1_D060_DENS_HIGH_V_LOW_S100,G1_D060_DENS_HIGH_V_LOW,100,2.78101277351,11.4713127084,10.0905849764,0,0,11.1240510941,
G1_D060_DENS_HIGH_V_LOW_S100,G1_D060_DENS_HIGH_V_LOW,100,2.79002857208,13.7735236718,17.7775884528,0,0,11.1601142883,
G1_D060_DENS_HIGH_V_LOW_S100,G1_D060_DENS_HIGH_V_LOW,100,2.79902243614,14.8760843917,20.0238295177,0,0,11.1960897446,
G1_D060_DENS_HIGH_V_LOW_S100,G1_D060_DENS_HIGH_V_LOW,100,2.80801606178,14.5301330774,18.5242766088,0,0,11.2320642471,
G1_D060_DENS_HIGH_V_LOW_S100,G1_D060_DENS_HIGH_V_LOW,100,2.81700992584,13.9031798609,16.5048197658,0,0,11.2680397034,
G1_D060_DENS_HIGH_V_LOW_S100,G1_D060_DENS_HIGH_V_LOW,100,2.8260037899,14.8531885992,19.0996116737,0,0,11.3040151596,
G1_D060_DENS_HIGH_V_LOW_S100,G1_D060_DENS_HIGH_V_LOW,100,2.83504247665,15.7685039431,25.0399590474,0,0,11.3401699066,
G1_D060_DENS_HIGH_V_LOW_S100,G1_D060_DENS_HIGH_V_LOW,100,2.84403634071,15.9288971034,18.4982783771,0,0,11.3761453629,
G1_D060_DENS_HIGH_V_LOW_S100,G1_D060_DENS_HIGH_V_LOW,100,2.85302996635,14.8100254195,18.159308428,0,0,11.4121198654,
G1_D060_DENS_HIGH_V_LOW_S100,G1_D060_DENS_HIGH_V_LOW,100,2.86201334,14.4447781225,16.7379481722,0,0,11.44805336,
G1_D060_DENS_HIGH_V_LOW_S100,G1_D060_DENS_HIGH_V_LOW,100,2.87100720406,14.0940699474,19.9832486974,0,0,11.4840288162,
G1_D060_DENS_HIGH_V_LOW_S100,G1_D060_DENS_HIGH_V_LOW,100,2.88000106812,14.7360328772,17.0462626255,0,0,11.5200042725,
G1_D060_DENS_HIGH_V_LOW_S100,G1_D060_DENS_HIGH_V_LOW,100,2.88903975487,15.1562806755,16.9570226625,0,0,11.5561590195,
G1_D060_DENS_HIGH_V_LOW_S100,G1_D060_DENS_HIGH_V_LOW,100,2.89803361893,15.1136027664,16.5037201785,0,0,11.5921344757,
G1_D060_DENS_HIGH_V_LOW_S100,G1_D060_DENS_HIGH_V_LOW,100,2.90702724457,15.2649951067,16.3356384211,0,0,11.6281089783,
G1_D060_DENS_HIGH_V_LOW_S100,G1_D060_DENS_HIGH_V_LOW,100,2.91602087021,15.0460033622,18.3887988713,0,0,11.6640834808,
G1_D060_DENS_HIGH_V_LOW_S100,G1_D060_DENS_HIGH_V_LOW,100,2.92501473427,15.1648687564,18.762437472,0,0,11.7000589371,
G1_D060_DENS_HIGH_V_LOW_S100,G1_D060_DENS_HIGH_V_LOW,100,2.93400835991,14.7751066592,23.5288177535,0,0,11.7360334396,
G1_D060_DENS_HIGH_V_LOW_S100,G1_D060_DENS_HIGH_V_LOW,100,2.94300222397,15.3764812793,18.7167681693,0,0,11.7720088959,
G1_D060_DENS_HIGH_V_LOW_S100,G1_D060_DENS_HIGH_V_LOW,100,2.95204091072,14.9126247502,22.4419520289,0,0,11.8081636429,
G1_D060_DENS_HIGH_V_LOW_S100,G1_D060_DENS_HIGH_V_LOW,100,2.96103477478,15.7630001801,17.2855403345,0,0,11.8441390991,
G1_D060_DENS_HIGH_V_LOW_S100,G1_D060_DENS_HIGH_V_LOW,100,2.97002863884,14.7162248564,16.8547239937,0,0,11.8801145554,
G1_D060_DENS_HIGH_V_LOW_S100,G1_D060_DENS_HIGH_V_LOW,100,2.97902226448,15.6035395683,20.079293942,0,0,11.9160890579,
G1_D060_DENS_HIGH_V_LOW_S100,G1_D060_DENS_HIGH_V_LOW,100,2.98801612854,15.7765756684,18.7113568244,0,0,11.9520645142,
G1_D060_DENS_HIGH_V_LOW_S100,G1_D060_DENS_HIGH_V_LOW,100,2.9970099926,15.8088349386,19.3823570042,0,0,11.9880399704,
G1_D060_DENS_HIGH_V_LOW_S100,G1_D060_DENS_HIGH_V_LOW,100,3.00600361824,14.9879608531,19.1049046211,0,0,12.024014473,
G1_D060_DENS_HIGH_V_LOW_S100,G1_D060_DENS_HIGH_V_LOW,100,3.01504230499,15.3844338456,15.3803140208,0,0,12.06016922,
G1_D060_DENS_HIGH_V_LOW_S100,G1_D060_DENS_HIGH_V_LOW,100,3.02403402328,12.3051025906,7.55023945466,0,0,12.0961360931,
G1_D060_DENS_HIGH_V_LOW_S100,G1_D060_DENS_HIGH_V_LOW,100,3.0330247879,16.2244079058,20.2056674508,0,0,12.1320991516,
G1_D060_DENS_HIGH_V_LOW_S100,G1_D060_DENS_HIGH_V_LOW,100,3.04201865196,15.3685977906,18.0853931188,0,0,12.1680746078,
G1_D060_DENS_HIGH_V_LOW_S100,G1_D060_DENS_HIGH_V_LOW,100,3.0510122776,15.3146619488,17.2882486886,0,0,12.2040491104,
G1_D060_DENS_HIGH_V_LOW_S100,G1_D060_DENS_HIGH_V_LOW,100,3.06000614166,16.1316901352,21.5185704667,0,0,12.2400245667,
G1_D060_DENS_HIGH_V_LOW_S100,G1_D060_DENS_HIGH_V_LOW,100,3.06904482841,15.5297421705,21.9829324338,0,0,12.2761793137,
G1_D060_DENS_HIGH_V_LOW_S100,G1_D060_DENS_HIGH_V_LOW,100,3.07803869247,16.2819599635,19.3159273115,0,0,12.3121547699,
G1_D060_DENS_HIGH_V_LOW_S100,G1_D060_DENS_HIGH_V_LOW,100,3.08703255653,15.4184545962,16.9704960376,0,0,12.3481302261,
G1_D060_DENS_HIGH_V_LOW_S100,G1_D060_DENS_HIGH_V_LOW,100,3.09602618217,16.3649757759,18.7264763492,0,0,12.3841047287,
G1_D060_DENS_HIGH_V_LOW_S100,G1_D060_DENS_HIGH_V_LOW,100,3.10502004623,16.7653844684,19.3746012603,0,0,12.4200801849,
G1_D060_DENS_HIGH_V_LOW_S100,G1_D060_DENS_HIGH_V_LOW,100,3.11401367188,14.7946210999,16.7211655173,0,0,12.4560546875,
G1_D060_DENS_HIGH_V_LOW_S100,G1_D060_DENS_HIGH_V_LOW,100,3.12300753593,16.7506881949,18.9751533581,0,0,12.4920301437,
G1_D060_DENS_HIGH_V_LOW_S100,G1_D060_DENS_HIGH_V_LOW,100,3.13200139999,15.4556719159,18.6578624968,0,0,12.5280056,
G1_D060_DENS_HIGH_V_LOW_S100,G1_D060_DENS_HIGH_V_LOW,100,3.14104008675,16.2462917105,16.826084133,0,0,12.564160347,
G1_D060_DENS_HIGH_V_LOW_S100,G1_D060_DENS_HIGH_V_LOW,100,3.15003371239,13.0175230131,14.0208455682,0,0,12.6001348495,
G1_D060_DENS_HIGH_V_LOW_S100,G1_D060_DENS_HIGH_V_LOW,100,3.15902543068,16.1218258445,18.4640780054,0,0,12.6361017227,
G1_D060_DENS_HIGH_V_LOW_S100,G1_D060_DENS_HIGH_V_LOW,100,3.16801929474,15.8359271993,20.6761010974,0,0,12.672077179,
G1_D060_DENS_HIGH_V_LOW_S100,G1_D060_DENS_HIGH_V_LOW,100,3.17701292038,16.5556353156,19.0300916981,0,0,12.7080516815,
G1_D060_DENS_HIGH_V_LOW_S100,G1_D060_DENS_HIGH_V_LOW,100,3.18600678444,17.2340971574,20.6284898785,0,0,12.7440271378,
G1_D060_DENS_HIGH_V_LOW_S100,G1_D060_DENS_HIGH_V_LOW,100,3.1950006485,16.5028996982,18.8195544457,0,0,12.780002594,
G1_D060_DENS_HIGH_V_LOW_S100,G1_D060_DENS_HIGH_V_LOW,100,3.20403933525,16.89193648,19.0907061948,0,0,12.816157341,
G1_D060_DENS_HIGH_V_LOW_S100,G1_D060_DENS_HIGH_V_LOW,100,3.21303296089,16.5194662495,19.116530786,0,0,12.8521318436,
G1_D060_DENS_HIGH_V_LOW_S100,G1_D060_DENS_HIGH_V_LOW,100,3.22202682495,16.6717410571,21.2752687323,0,0,12.8881072998,
G1_D060_DENS_HIGH_V_LOW_S100,G1_D060_DENS_HIGH_V_LOW,100,3.23102068901,17.2746647438,18.8799616539,0,0,12.924082756,
G1_D060_DENS_HIGH_V_LOW_S100,G1_D060_DENS_HIGH_V_LOW,100,3.24001431465,17.3685913736,18.1352944987,0,0,12.9600572586,
G1_D060_DENS_HIGH_V_LOW_S100,G1_D060_DENS_HIGH_V_LOW,100,3.24900817871,17.0639312343,16.1233349716,0,0,12.9960327148,
G1_D060_DENS_HIGH_V_LOW_S100,G1_D060_DENS_HIGH_V_LOW,100,3.25800180435,16.9782697473,16.5177701273,0,0,13.0320072174,
G1_D060_DENS_HIGH_V_LOW_S100,G1_D060_DENS_HIGH_V_LOW,100,3.2670340538,15.4398444956,19.0509690315,0,0,13.0681362152,
G1_D060_DENS_HIGH_V_LOW_S100,G1_D060_DENS_HIGH_V_LOW,100,3.27602767944,16.6189553584,21.9520431339,0,0,13.1041107178,
G1_D060_DENS_HIGH_V_LOW_S100,G1_D060_DENS_HIGH_V_LOW,100,3.2850215435,16.0226303157,19.313000178,0,0,13.140086174,
G1_D060_DENS_HIGH_V_LOW_S100,G1_D060_DENS_HIGH_V_LOW,100,3.29401516914,16.8324381591,19.7557399258,0,0,13.1760606766,
G1_D060_DENS_HIGH_V_LOW_S100,G1_D060_DENS_HIGH_V_LOW,100,3.3030090332,16.5132095399,17.1866509127,0,0,13.2120361328,
G1_D060_DENS_HIGH_V_LOW_S100,G1_D060_DENS_HIGH_V_LOW,100,3.31200289726,16.3940574734,16.3700524566,0,0,13.2480115891,
G1_D060_DENS_HIGH_V_LOW_S100,G1_D060_DENS_HIGH_V_LOW,100,3.32104158401,18.664367507,18.2628557566,0,0,13.2841663361,
G1_D060_DENS_HIGH_V_LOW_S100,G1_D060_DENS_HIGH_V_LOW,100,3.33003520966,17.5548610276,20.2544133501,0,0,13.3201408386,
G1_D060_DENS_HIGH_V_LOW_S100,G1_D060_DENS_HIGH_V_LOW,100,3.33902907372,16.4929956878,17.9043393908,0,0,13.3561162949,
G1_D060_DENS_HIGH_V_LOW_S100,G1_D060_DENS_HIGH_V_LOW,100,3.34802293777,16.2976561362,17.9192603921,0,0,13.3920917511,
G1_D060_DENS_HIGH_V_LOW_S100,G1_D060_DENS_HIGH_V_LOW,100,3.35701584816,16.9884966958,20.144280483,0,0,13.4280633926,
G1_D060_DENS_HIGH_V_LOW_S100,G1_D060_DENS_HIGH_V_LOW,100,3.3660094738,17.0010550155,20.49925058,0,0,13.4640378952,
G1_D060_DENS_HIGH_V_LOW_S100,G1_D060_DENS_HIGH_V_LOW,100,3.37500333786,17.232805405,19.4278621552,0,0,13.5000133514,
G1_D060_DENS_HIGH_V_LOW_S100,G1_D060_DENS_HIGH_V_LOW,100,3.38404202461,16.5343162208,19.3078516069,0,0,13.5361680984,
G1_D060_DENS_HIGH_V_LOW_S100,G1_D060_DENS_HIGH_V_LOW,100,3.39300465584,16.4089143524,27.196638374,0,0,13.5720186234,
G1_D060_DENS_HIGH_V_LOW_S100,G1_D060_DENS_HIGH_V_LOW,100,3.40204334259,17.1466672821,21.2264970934,0,0,13.6081733704,
G1_D060_DENS_HIGH_V_LOW_S100,G1_D060_DENS_HIGH_V_LOW,100,3.41103720665,16.6002284031,16.9131785188,0,0,13.6441488266,
G1_D060_DENS_HIGH_V_LOW_S100,G1_D060_DENS_HIGH_V_LOW,100,3.42003083229,17.7658932981,19.5854744599,0,0,13.6801233292,
G1_D060_DENS_HIGH_V_LOW_S100,G1_D060_DENS_HIGH_V_LOW,100,3.42902469635,18.26426621,20.9422793258,0,0,13.7160987854,
G1_D060_DENS_HIGH_V_LOW_S100,G1_D060_DENS_HIGH_V_LOW,100,3.43801832199,18.0108824224,19.2968078452,0,0,13.752073288,
G1_D060_DENS_HIGH_V_LOW_S100,G1_D060_DENS_HIGH_V_LOW,100,3.44701218605,17.9819855076,20.863955804,0,0,13.7880487442,
G1_D060_DENS_HIGH_V_LOW_S100,G1_D060_DENS_HIGH_V_LOW,100,3.45600605011,18.3103444673,20.6427865017,0,0,13.8240242004,
G1_D060_DENS_HIGH_V_LOW_S100,G1_D060_DENS_HIGH_V_LOW,100,3.46504473686,18.4601791063,23.4123167474,0,0,13.8601789474,
G1_D060_DENS_HIGH_V_LOW_S100,G1_D060_DENS_HIGH_V_LOW,100,3.47403860092,17.8846913416,22.114054032,0,0,13.8961544037,
G1_D060_DENS_HIGH_V_LOW_S100,G1_D060_DENS_HIGH_V_LOW,100,3.48303222656,17.5540545459,24.4908688653,0,0,13.9321289062,
G1_D060_DENS_HIGH_V_LOW_S100,G1_D060_DENS_HIGH_V_LOW,100,3.49202609062,17.732242113,23.1460750491,0,0,13.9681043625,
G1_D060_DENS_HIGH_V_LOW_S100,G1_D060_DENS_HIGH_V_LOW,100,3.50101971626,18.615111677,23.3330890602,0,0,14.0040788651,
G1_D060_DENS_HIGH_V_LOW_S100,G1_D060_DENS_HIGH_V_LOW,100,3.51003623009,16.5815670715,23.1756061016,0,0,14.0401449203,
G1_D060_DENS_HIGH_V_LOW_S100,G1_D060_DENS_HIGH_V_LOW,100,3.51903009415,18.8549234302,24.5422162283,0,0,14.0761203766,
G1_D060_DENS_HIGH_V_LOW_S100,G1_D060_DENS_HIGH_V_LOW,100,3.52802395821,17.7325512355,26.1449605713,0,0,14.1120958328,
G1_D060_DENS_HIGH_V_LOW_S100,G1_D060_DENS_HIGH_V_LOW,100,3.53701758385,17.7351226517,23.1065137179,0,0,14.1480703354,
G1_D060_DENS_HIGH_V_LOW_S100,G1_D060_DENS_HIGH_V_LOW,100,3.54601144791,18.6664933721,21.7159016257,0,0,14.1840457916,
G1_D060_DENS_HIGH_V_LOW_S100,G1_D060_DENS_HIGH_V_LOW,100,3.55500507355,17.7519948717,20.570473532,0,0,14.2200202942,
G1_D060_DENS_HIGH_V_LOW_S100,G1_D060_DENS_HIGH_V_LOW,100,3.56404399872,18.4216216799,22.3942492195,0,0,14.2561759949,
G1_D060_DENS_HIGH_V_LOW_S100,G1_D060_DENS_HIGH_V_LOW,100,3.57303762436,19.292559804,23.7745348673,0,0,14.2921504974,
G1_D060_DENS_HIGH_V_LOW_S100,G1_D060_DENS_HIGH_V_LOW,100,3.58203148842,18.4633877639,23.0440367465,0,0,14.3281259537,
G1_D060_DENS_HIGH_V_LOW_S100,G1_D060_DENS_HIGH_V_LOW,100,3.59102511406,18.1106357533,22.8760054908,0,0,14.3641004562,
G1_D060_DENS_HIGH_V_LOW_S100,G1_D060_DENS_HIGH_V_LOW,100,3.60001897812,19.6898323705,22.8377745742,0,0,14.4000759125,
G1_D060_DENS_HIGH_V_LOW_S100,G1_D060_DENS_HIGH_V_LOW,100,3.60901260376,18.4585385117,23.8084763311,0,0,14.436050415,
G1_D060_DENS_HIGH_V_LOW_S100,G1_D060_DENS_HIGH_V_LOW,100,3.61800646782,19.1104399908,24.9269544881,0,0,14.4720258713,
G1_D060_DENS_HIGH_V_LOW_S100,G1_D060_DENS_HIGH_V_LOW,100,3.62700033188,17.4452675832,25.2188363136,0,0,14.5080013275,
G1_D060_DENS_HIGH_V_LOW_S100,G1_D060_DENS_HIGH_V_LOW,100,3.63602662086,16.9724188689,25.3537949413,0,0,14.5441064835,
G1_D060_DENS_HIGH_V_LOW_S100,G1_D060_DENS_HIGH_V_LOW,100,3.64502024651,17.9895685084,24.0195929391,0,0,14.580080986,
G1_D060_DENS_HIGH_V_LOW_S100,G1_D060_DENS_HIGH_V_LOW,100,3.65401411057,17.635835595,23.1054096105,0,0,14.6160564423,
G1_D060_DENS_HIGH_V_LOW_S100,G1_D060_DENS_HIGH_V_LOW,100,3.66300773621,18.0871942472,26.6018641266,0,0,14.6520309448,
G1_D060_DENS_HIGH_V_LOW_S100,G1_D060_DENS_HIGH_V_LOW,100,3.67200160027,18.5783986243,27.8895312432,0,0,14.6880064011,
G1_D060_DENS_HIGH_V_LOW_S100,G1_D060_DENS_HIGH_V_LOW,100,3.68104028702,18.6090656543,23.1383898886,0,0,14.7241611481,
G1_D060_DENS_HIGH_V_LOW_S100,G1_D060_DENS_HIGH_V_LOW,100,3.69003415108,17.1481300017,21.352619882,0,0,14.7601366043,
G1_D060_DENS_HIGH_V_LOW_S100,G1_D060_DENS_HIGH_V_LOW,100,3.69902777672,16.5600217474,19.2962374863,0,0,14.7961111069,
G1_D060_DENS_HIGH_V_LOW_S100,G1_D060_DENS_HIGH_V_LOW,100,3.70802164078,21.1035966118,24.6113335981,0,0,14.8320865631,
G1_D060_DENS_HIGH_V_LOW_S100,G1_D060_DENS_HIGH_V_LOW,100,3.71700739861,19.1837452102,26.0905136245,0,0,14.8680295944,
G1_D060_DENS_HIGH_V_LOW_S100,G1_D060_DENS_HIGH_V_LOW,100,3.72600102425,17.5229799577,23.995761691,0,0,14.904004097,
G1_D060_DENS_HIGH_V_LOW_S100,G1_D060_DENS_HIGH_V_LOW,100,3.735039711,18.6401868699,26.7745282741,0,0,14.940158844,
G1_D060_DENS_HIGH_V_LOW_S100,G1_D060_DENS_HIGH_V_LOW,100,3.74403357506,18.9824615254,27.1518860032,0,0,14.9761343002,
G1_D060_DENS_HIGH_V_LOW_S100,G1_D060_DENS_HIGH_V_LOW,100,3.75304436684,18.2963648746,27.219627612,0,0,15.0121774673,
G1_D060_DENS_HIGH_V_LOW_S100,G1_D060_DENS_HIGH_V_LOW,100,3.76203799248,19.2924527337,28.8453516689,0,0,15.0481519699,
G1_D060_DENS_HIGH_V_LOW_S100,G1_D060_DENS_HIGH_V_LOW,100,3.77103185654,18.8461402049,31.159841011,0,0,15.0841274261,
G1_D060_DENS_HIGH_V_LOW_S100,G1_D060_DENS_HIGH_V_LOW,100,3.78002548218,17.7324873387,23.3219649923,0,0,15.1201019287,
G1_D060_DENS_HIGH_V_LOW_S100,G1_D060_DENS_HIGH_V_LOW,100,3.78901934624,19.3683570003,25.3646273159,0,0,15.1560773849,
G1_D060_DENS_HIGH_V_LOW_S100,G1_D060_DENS_HIGH_V_LOW,100,3.79801297188,19.8551559492,27.6819123084,0,0,15.1920518875,
G1_D060_DENS_HIGH_V_LOW_S100,G1_D060_DENS_HIGH_V_LOW,100,3.80700683594,19.2761106848,27.5248162118,0,0,15.2280273438,
G1_D060_DENS_HIGH_V_LOW_S100,G1_D060_DENS_HIGH_V_LOW,100,3.81600046158,22.4148029688,30.1733569561,0,0,15.2640018463,
G1_D060_DENS_HIGH_V_LOW_S100,G1_D060_DENS_HIGH_V_LOW,100,3.82503771782,19.6827242787,28.2471156679,0,0,15.3001508713,
G1_D060_DENS_HIGH_V_LOW_S100,G1_D060_DENS_HIGH_V_LOW,100,3.83403158188,18.0346468665,25.4356445604,0,0,15.3361263275,
G1_D060_DENS_HIGH_V_LOW_S100,G1_D060_DENS_HIGH_V_LOW,100,3.84302520752,26.1630262184,37.3407482066,0,0,15.3721008301,
G1_D060_DENS_HIGH_V_LOW_S100,G1_D060_DENS_HIGH_V_LOW,100,3.85201907158,20.13156505,29.9711094182,0,0,15.4080762863,
G1_D060_DENS_HIGH_V_LOW_S100,G1_D060_DENS_HIGH_V_LOW,100,3.86100196838,18.7493831178,29.1988201986,0,0,15.4440078735,
G1_D060_DENS_HIGH_V_LOW_S100,G1_D060_DENS_HIGH_V_LOW,100,3.87004065514,19.4222013142,33.1928630459,0,0,15.4801626205,
G1_D060_DENS_HIGH_V_LOW_S100,G1_D060_DENS_HIGH_V_LOW,100,3.8790345192,17.2957817864,27.4238615956,0,0,15.5161380768,
G1_D060_DENS_HIGH_V_LOW_S100,G1_D060_DENS_HIGH_V_LOW,100,3.88802814484,18.2148307782,24.7972485782,0,0,15.5521125793,
G1_D060_DENS_HIGH_V_LOW_S100,G1_D060_DENS_HIGH_V_LOW,100,3.8970220089,18.8166544031,26.2032918156,0,0,15.5880880356,
G1_D060_DENS_HIGH_V_LOW_S100,G1_D060_DENS_HIGH_V_LOW,100,3.90601587296,19.2435163879,26.3262551872,0,0,15.6240634918,
G1_D060_DENS_HIGH_V_LOW_S100,G1_D060_DENS_HIGH_V_LOW,100,3.9150094986,18.9646222181,29.8822460698,0,0,15.6600379944,
G1_D060_DENS_HIGH_V_LOW_S100,G1_D060_DENS_HIGH_V_LOW,100,3.92400336266,20.6539320893,29.9039355712,0,0,15.6960134506,
G1_D060_DENS_HIGH_V_LOW_S100,G1_D060_DENS_HIGH_V_LOW,100,3.93304204941,19.6501869709,31.1275291703,0,0,15.7321681976,
G1_D060_DENS_HIGH_V_LOW_S100,G1_D060_DENS_HIGH_V_LOW,100,3.94202661514,19.7649560596,28.274872718,0,0,15.7681064606,
G1_D060_DENS_HIGH_V_LOW_S100,G1_D060_DENS_HIGH_V_LOW,100,3.95102024078,19.9332361624,28.8554946352,0,0,15.8040809631,
G1_D060_DENS_HIGH_V_LOW_S100,G1_D060_DENS_HIGH_V_LOW,100,3.96001410484,20.7915123503,32.7683600069,0,0,15.8400564194,
G1_D060_DENS_HIGH_V_LOW_S100,G1_D060_DENS_HIGH_V_LOW,100,3.96900773048,19.1835915124,32.8793778787,0,0,15.8760309219,
G1_D060_DENS_HIGH_V_LOW_S100,G1_D060_DENS_HIGH_V_LOW,100,3.97801947594,20.3341266716,35.3243673643,0,0,15.9120779037,
G1_D060_DENS_HIGH_V_LOW_S100,G1_D060_DENS_HIGH_V_LOW,100,3.98700046539,20.4120151942,31.9747384853,0,0,15.9480018616,
G1_D060_DENS_HIGH_V_LOW_S100,G1_D060_DENS_HIGH_V_LOW,100,3.99603915215,19.3197884931,33.9537088486,0,0,15.9841566086,
G1_D060_DENS_HIGH_V_LOW_S100,G1_D060_DENS_HIGH_V_LOW,100,4.0050330162,19.1283742799,30.148706587,0,0,16.0201320648,
G1_D060_DENS_HIGH_V_LOW_S100,G1_D060_DENS_HIGH_V_LOW,100,4.01402664185,18.8470779342,28.7087665063,0,0,16.0561065674,
G1_D060_DENS_HIGH_V_LOW_S100,G1_D060_DENS_HIGH_V_LOW,100,4.02302026749,19.8820409769,29.0723541229,0,0,16.0920810699,
G1_D060_DENS_HIGH_V_LOW_S100,G1_D060_DENS_HIGH_V_LOW,100,4.03201389313,19.9457651241,30.679903434,0,0,16.1280555725,
G1_D060_DENS_HIGH_V_LOW_S100,G1_D060_DENS_HIGH_V_LOW,100,4.04100799561,19.5677963114,31.2705429924,0,0,16.1640319824,
G1_D060_DENS_HIGH_V_LOW_S100,G1_D060_DENS_HIGH_V_LOW,100,4.05000162125,19.6537807365,27.1500883978,0,0,16.200006485,
G1_D060_DENS_HIGH_V_LOW_S100,G1_D060_DENS_HIGH_V_LOW,100,4.05904006958,19.2626888942,30.5819737224,0,0,16.2361602783,
G1_D060_DENS_HIGH_V_LOW_S100,G1_D060_DENS_HIGH_V_LOW,100,4.06803417206,20.4192942533,29.5629694677,0,0,16.2721366882,
G1_D060_DENS_HIGH_V_LOW_S100,G1_D060_DENS_HIGH_V_LOW,100,4.0770277977,20.5465974845,28.2695360054,0,0,16.3081111908,
G1_D060_DENS_HIGH_V_LOW_S100,G1_D060_DENS_HIGH_V_LOW,100,4.08601713181,15.9020742456,18.3614348373,0,0,16.3440685272,
G1_D060_DENS_HIGH_V_LOW_S100,G1_D060_DENS_HIGH_V_LOW,100,4.09502029419,19.0460423364,25.3788257623,0,0,16.3800811768,
G1_D060_DENS_HIGH_V_LOW_S100,G1_D060_DENS_HIGH_V_LOW,100,4.10401391983,20.179309806,30.2187373271,0,0,16.4160556793,
G1_D060_DENS_HIGH_V_LOW_S100,G1_D060_DENS_HIGH_V_LOW,100,4.11300754547,19.274297396,36.2566980456,0,0,16.4520301819,
G1_D060_DENS_HIGH_V_LOW_S100,G1_D060_DENS_HIGH_V_LOW,100,4.12200117111,18.8880496251,31.2745969786,0,0,16.4880046844,
G1_D060_DENS_HIGH_V_LOW_S100,G1_D060_DENS_HIGH_V_LOW,100,4.13104009628,19.3946255098,32.8076577944,0,0,16.5241603851,
G1_D060_DENS_HIGH_V_LOW_S100,G1_D060_DENS_HIGH_V_LOW,100,4.14003372192,20.4423092048,29.4722698876,0,0,16.5601348877,
G1_D060_DENS_HIGH_V_LOW_S100,G1_D060_DENS_HIGH_V_LOW,100,4.14902734756,20.6263079305,28.4499373351,0,0,16.5961093903,
G1_D060_DENS_HIGH_V_LOW_S100,G1_D060_DENS_HIGH_V_LOW,100,4.15802145004,21.72903271,31.7180331818,0,0,16.6320858002,
G1_D060_DENS_HIGH_V_LOW_S100,G1_D060_DENS_HIGH_V_LOW,100,4.16701507568,20.5835298588,30.2191297852,0,0,16.6680603027,
G1_D060_DENS_HIGH_V_LOW_S100,G1_D060_DENS_HIGH_V_LOW,100,4.17600870132,18.4603328041,27.7232894743,0,0,16.7040348053,
G1_D060_DENS_HIGH_V_LOW_S100,G1_D060_DENS_HIGH_V_LOW,100,4.18500232697,20.304131422,26.7975411292,0,0,16.7400093079,
G1_D060_DENS_HIGH_V_LOW_S100,G1_D060_DENS_HIGH_V_LOW,100,4.19403982162,20.7484441523,30.2861988007,0,0,16.7761592865,
G1_D060_DENS_HIGH_V_LOW_S100,G1_D060_DENS_HIGH_V_LOW,100,4.20303344727,20.4914424219,33.8956944184,0,0,16.8121337891,
G1_D060_DENS_HIGH_V_LOW_S100,G1_D060_DENS_HIGH_V_LOW,100,4.21202707291,19.4904414138,27.8941797067,0,0,16.8481082916,
G1_D060_DENS_HIGH_V_LOW_S100,G1_D060_DENS_HIGH_V_LOW,100,4.22102069855,20.8500314952,31.462617725,0,0,16.8840827942,
G1_D060_DENS_HIGH_V_LOW_S100,G1_D060_DENS_HIGH_V_LOW,100,4.23001480103,20.5146801488,33.0624119788,0,0,16.9200592041,
G1_D060_DENS_HIGH_V_LOW_S100,G1_D060_DENS_HIGH_V_LOW,100,4.23900842667,20.2988884271,33.3289185196,0,0,16.9560337067,
G1_D060_DENS_HIGH_V_LOW_S100,G1_D060_DENS_HIGH_V_LOW,100,4.24800205231,20.7415104815,31.1189213752,0,0,16.9920082092,
G1_D060_DENS_HIGH_V_LOW_S100,G1_D060_DENS_HIGH_V_LOW,100,4.25704050064,20.3566684411,32.1672606514,0,0,17.0281620026,
G1_D060_DENS_HIGH_V_LOW_S100,G1_D060_DENS_HIGH_V_LOW,100,4.26603460312,20.575679182,28.8626787311,0,0,17.0641384125,
G1_D060_DENS_HIGH_V_LOW_S100,G1_D060_DENS_HIGH_V_LOW,100,4.27502822876,20.8285621566,27.5001240029,0,0,17.100112915,
G1_D060_DENS_HIGH_V_LOW_S100,G1_D060_DENS_HIGH_V_LOW,100,4.2840218544,19.7182854613,28.3173809814,0,0,17.1360874176,
G1_D060_DENS_HIGH_V_LOW_S100,G1_D060_DENS_HIGH_V_LOW,100,4.29301548004,20.5767222548,26.0107354789,0,0,17.1720619202,
G1_D060_DENS_HIGH_V_LOW_S100,G1_D060_DENS_HIGH_V_LOW,100,4.30200958252,20.337135004,29.2293256467,0,0,17.2080383301,
G1_D060_DENS_HIGH_V_LOW_S100,G1_D060_DENS_HIGH_V_LOW,100,4.31100320816,22.2758912358,27.8995941125,0,0,17.2440128326,
G1_D060_DENS_HIGH_V_LOW_S100,G1_D060_DENS_HIGH_V_LOW,100,4.32003355026,21.1954250074,29.5634019289,0,0,17.280134201,
G1_D060_DENS_HIGH_V_LOW_S100,G1_D060_DENS_HIGH_V_LOW,100,4.32900762558,20.9483186527,31.739550508,0,0,17.3160305023,
G1_D060_DENS_HIGH_V_LOW_S100,G1_D060_DENS_HIGH_V_LOW,100,4.33800172806,17.8601290504,31.8851927485,0,0,17.3520069122,
G1_D060_DENS_HIGH_V_LOW_S100,G1_D060_DENS_HIGH_V_LOW,100,4.34704017639,16.2554859479,18.2321256705,0,0,17.3881607056,
G1_D060_DENS_HIGH_V_LOW_S100,G1_D060_DENS_HIGH_V_LOW,100,4.3560295105,20.1604170643,32.1946738085,0,0,17.424118042,
G1_D060_DENS_HIGH_V_LOW_S100,G1_D060_DENS_HIGH_V_LOW,100,4.36502313614,21.2316700589,29.7927921556,0,0,17.4600925446,
G1_D060_DENS_HIGH_V_LOW_S100,G1_D060_DENS_HIGH_V_LOW,100,4.37401723862,21.2484438432,29.6060690196,0,0,17.4960689545,
G1_D060_DENS_HIGH_V_LOW_S100,G1_D060_DENS_HIGH_V_LOW,100,4.38301086426,20.8582690069,28.179763842,0,0,17.532043457,
G1_D060_DENS_HIGH_V_LOW_S100,G1_D060_DENS_HIGH_V_LOW,100,4.3920044899,21.7831861464,29.57250937,0,0,17.5680179596,
G1_D060_DENS_HIGH_V_LOW_S100,G1_D060_DENS_HIGH_V_LOW,100,4.40104341507,21.1778205642,27.4040486305,0,0,17.6041736603,
G1_D060_DENS_HIGH_V_LOW_S100,G1_D060_DENS_HIGH_V_LOW,100,4.41003704071,21.6789945755,27.0059026675,0,0,17.6401481628,
G1_D060_DENS_HIGH_V_LOW_S100,G1_D060_DENS_HIGH_V_LOW,100,4.41903066635,20.6578021655,24.1552364491,0,0,17.6761226654,
G1_D060_DENS_HIGH_V_LOW_S100,G1_D060_DENS_HIGH_V_LOW,100,4.4280128479,22.4873258837,28.786600992,0,0,17.7120513916,
G1_D060_DENS_HIGH_V_LOW_S100,G1_D060_DENS_HIGH_V_LOW,100,4.43700647354,20.5903668208,26.121417649,0,0,17.7480258942,
G1_D060_DENS_HIGH_V_LOW_S100,G1_D060_DENS_HIGH_V_LOW,100,4.44600963593,20.9661838641,26.2811572414,0,0,17.7840385437,
G1_D060_DENS_HIGH_V_LOW_S100,G1_D060_DENS_HIGH_V_LOW,100,4.45500326157,21.8604892358,29.7248597501,0,0,17.8200130463,
G1_D060_DENS_HIGH_V_LOW_S100,G1_D060_DENS_HIGH_V_LOW,100,4.46404218674,22.903104357,32.1343826544,0,0,17.8561687469,
G1_D060_DENS_HIGH_V_LOW_S100,G1_D060_DENS_HIGH_V_LOW,100,4.47303104401,21.5557375686,29.3561629762,0,0,17.892124176,
G1_D060_DENS_HIGH_V_LOW_S100,G1_D060_DENS_HIGH_V_LOW,100,4.48202466965,20.5812900154,29.8735240919,0,0,17.9280986786,
G1_D060_DENS_HIGH_V_LOW_S100,G1_D060_DENS_HIGH_V_LOW,100,4.49101877213,20.911014986,30.0528193854,0,0,17.9640750885,
G1_D060_DENS_HIGH_V_LOW_S100,G1_D060_DENS_HIGH_V_LOW,100,4.50001239777,22.0613325505,26.8906201553,0,0,18.0000495911,
G1_D060_DENS_HIGH_V_LOW_S100,G1_D060_DENS_HIGH_V_LOW,100,4.50900602341,22.0632684521,24.4252171038,0,0,18.0360240936,
G1_D060_DENS_HIGH_V_LOW_S100,G1_D060_DENS_HIGH_V_LOW,100,4.51804494858,21.5650095183,22.8041448503,0,0,18.0721797943,
G1_D060_DENS_HIGH_V_LOW_S100,G1_D060_DENS_HIGH_V_LOW,100,4.52703857422,21.039002086,20.9543207958,0,0,18.1081542969,
G1_D060_DENS_HIGH_V_LOW_S100,G1_D060_DENS_HIGH_V_LOW,100,4.53603219986,25.111303207,25.3813506588,0,0,18.1441287994,
G1_D060_DENS_HIGH_V_LOW_S100,G1_D060_DENS_HIGH_V_LOW,100,4.54501247406,22.1384871229,23.9166478745,0,0,18.1800498962,
G1_D060_DENS_HIGH_V_LOW_S100,G1_D060_DENS_HIGH_V_LOW,100,4.554022789,22.1735820313,28.3668069758,0,0,18.216091156,
G1_D060_DENS_HIGH_V_LOW_S100,G1_D060_DENS_HIGH_V_LOW,100,4.56301593781,22.0731154734,31.0666713821,0,0,18.2520637512,
G1_D060_DENS_HIGH_V_LOW_S100,G1_D060_DENS_HIGH_V_LOW,100,4.57203865051,29.9069994646,23.6441767692,0,0,18.2881546021,
G1_D060_DENS_HIGH_V_LOW_S100,G1_D060_DENS_HIGH_V_LOW,100,4.58102703094,21.9733120612,32.337385454,0,0,18.3241081238,
G1_D060_DENS_HIGH_V_LOW_S100,G1_D060_DENS_HIGH_V_LOW,100,4.59001255035,21.9706491172,36.3754116108,0,0,18.3600502014,
G1_D060_DENS_HIGH_V_LOW_S100,G1_D060_DENS_HIGH_V_LOW,100,4.59904432297,20.6174107271,38.0417895812,0,0,18.3961772919,
G1_D060_DENS_HIGH_V_LOW_S100,G1_D060_DENS_HIGH_V_LOW,100,4.60802698135,20.9679712488,34.4965573228,0,0,18.4321079254,
G1_D060_DENS_HIGH_V_LOW_S100,G1_D060_DENS_HIGH_V_LOW,100,4.61702108383,21.9624979526,36.4989493274,0,0,18.4680843353,
G1_D060_DENS_HIGH_V_LOW_S100,G1_D060_DENS_HIGH_V_LOW,100,4.62601470947,22.0430925927,33.6915082521,0,0,18.5040588379,
G1_D060_DENS_HIGH_V_LOW_S100,G1_D060_DENS_HIGH_V_LOW,100,4.63503885269,22.1939513081,33.3232779954,0,0,18.5401554108,
G1_D060_DENS_HIGH_V_LOW_S100,G1_D060_DENS_HIGH_V_LOW,100,4.64403247833,21.8990121234,34.2396001695,0,0,18.5761299133,
G1_D060_DENS_HIGH_V_LOW_S100,G1_D060_DENS_HIGH_V_LOW,100,4.65302610397,22.9948584942,32.5089619474,0,0,18.6121044159,
G1_D060_DENS_HIGH_V_LOW_S100,G1_D060_DENS_HIGH_V_LOW,100,4.66200780869,21.8231233992,32.8526311429,0,0,18.6480312347,
G1_D060_DENS_HIGH_V_LOW_S100,G1_D060_DENS_HIGH_V_LOW,100,4.67103815079,22.5139173313,39.6158372749,0,0,18.6841526031,
G1_D060_DENS_HIGH_V_LOW_S100,G1_D060_DENS_HIGH_V_LOW,100,4.68001508713,17.7591789489,31.8996818515,0,0,18.7200603485,
G1_D060_DENS_HIGH_V_LOW_S100,G1_D060_DENS_HIGH_V_LOW,100,4.68901395798,22.4537955845,33.7391279174,0,0,18.7560558319,
G1_D060_DENS_HIGH_V_LOW_S100,G1_D060_DENS_HIGH_V_LOW,100,4.69802188873,22.8197137983,40.3877913922,0,0,18.7920875549,
G1_D060_DENS_HIGH_V_LOW_S100,G1_D060_DENS_HIGH_V_LOW,100,4.70701551437,22.8922729789,37.0101969008,0,0,18.8280620575,
G1_D060_DENS_HIGH_V_LOW_S100,G1_D060_DENS_HIGH_V_LOW,100,4.71600914001,20.9782292822,36.8252875848,0,0,18.8640365601,
G1_D060_DENS_HIGH_V_LOW_S100,G1_D060_DENS_HIGH_V_LOW,100,4.72504329681,22.2685379183,35.6455960318,0,0,18.9001731873,
G1_D060_DENS_HIGH_V_LOW_S100,G1_D060_DENS_HIGH_V_LOW,100,4.73403692245,22.3220454786,39.2551884893,0,0,18.9361476898,
G1_D060_DENS_HIGH_V_LOW_S100,G1_D060_DENS_HIGH_V_LOW,100,4.7430305481,22.8219242836,36.3496041501,0,0,18.9721221924,
G1_D060_DENS_HIGH_V_LOW_S100,G1_D060_DENS_HIGH_V_LOW,100,4.75202417374,22.9110517425,34.7542310441,0,0,19.0080966949,
G1_D060_DENS_HIGH_V_LOW_S100,G1_D060_DENS_HIGH_V_LOW,100,4.76101779938,22.5316098486,29.5217266958,0,0,19.0440711975,
G1_D060_DENS_HIGH_V_LOW_S100,G1_D060_DENS_HIGH_V_LOW,100,4.77001142502,24.3667720313,30.5760804747,0,0,19.0800457001,
G1_D060_DENS_HIGH_V_LOW_S100,G1_D060_DENS_HIGH_V_LOW,100,4.77900505066,23.3321578308,28.7485275513,0,0,19.1160202026,
G1_D060_DENS_HIGH_V_LOW_S100,G1_D060_DENS_HIGH_V_LOW,100,4.78804397583,22.7019381042,26.5006623383,0,0,19.1521759033,
G1_D060_DENS_HIGH_V_LOW_S100,G1_D060_DENS_HIGH_V_LOW,100,4.79702425003,23.5501652186,26.2711595244,0,0,19.1880970001,
G1_D060_DENS_HIGH_V_LOW_S100,G1_D060_DENS_HIGH_V_LOW,100,4.80601835251,23.2536907828,29.4708522446,0,0,19.22407341,
G1_D060_DENS_HIGH_V_LOW_S100,G1_D060_DENS_HIGH_V_LOW,100,4.81500864029,22.8303241278,32.3697417092,0,0,19.2600345612,
G1_D060_DENS_HIGH_V_LOW_S100,G1_D060_DENS_HIGH_V_LOW,100,4.82400989532,22.1977091332,39.3224674534,0,0,19.2960395813,
G1_D060_DENS_HIGH_V_LOW_S100,G1_D060_DENS_HIGH_V_LOW,100,4.83300352097,22.2863012401,40.4498705002,0,0,19.3320140839,
G1_D060_DENS_HIGH_V_LOW_S100,G1_D060_DENS_HIGH_V_LOW,100,4.84201478958,22.225417912,39.4319949235,0,0,19.3680591583,
G1_D060_DENS_HIGH_V_LOW_S100,G1_D060_DENS_HIGH_V_LOW,100,4.85100841522,21.9791836628,35.411257048,0,0,19.4040336609,
G1_D060_DENS_HIGH_V_LOW_S100,G1_D060_DENS_HIGH_V_LOW,100,4.86000204086,22.1194665875,36.9563393905,0,0,19.4400081635,
G1_D060_DENS_HIGH_V_LOW_S100,G1_D060_DENS_HIGH_V_LOW,100,4.86904096603,22.8449133309,39.9077011608,0,0,19.4761638641,
G1_D060_DENS_HIGH_V_LOW_S100,G1_D060_DENS_HIGH_V_LOW,100,4.87803459167,23.2541190643,40.0827047066,0,0,19.5121383667,
G1_D060_DENS_HIGH_V_LOW_S100,G1_D060_DENS_HIGH_V_LOW,100,4.88702821732,21.5877118934,39.6126318518,0,0,19.5481128693,
G1_D060_DENS_HIGH_V_LOW_S100,G1_D060_DENS_HIGH_V_LOW,100,4.89602231979,22.9713720876,39.9805606931,0,0,19.5840892792,
G1_D060_DENS_HIGH_V_LOW_S100,G1_D060_DENS_HIGH_V_LOW,100,4.90501594543,23.2431616195,40.1331453499,0,0,19.6200637817,
G1_D060_DENS_HIGH_V_LOW_S100,G1_D060_DENS_HIGH_V_LOW,100,4.91402339935,24.5918685146,42.6017339191,0,0,19.6560935974,
G1_D060_DENS_HIGH_V_LOW_S100,G1_D060_DENS_HIGH_V_LOW,100,4.92300844193,23.4413316285,42.438318082,0,0,19.6920337677,
G1_D060_DENS_HIGH_V_LOW_S100,G1_D060_DENS_HIGH_V_LOW,100,4.93204450607,25.3405788891,46.9775166576,0,0,19.7281780243,
G1_D060_DENS_HIGH_V_LOW_S100,G1_D060_DENS_HIGH_V_LOW,100,4.94102907181,22.347457425,41.0234241397,0,0,19.7641162872,
G1_D060_DENS_HIGH_V_LOW_S100,G1_D060_DENS_HIGH_V_LOW,100,4.95001649857,17.8345530445,27.0919381922,0,0,19.8000659943,
G1_D060_DENS_HIGH_V_LOW_S100,G1_D060_DENS_HIGH_V_LOW,100,4.95900058746,22.8231227811,46.803270404,0,0,19.8360023499,
G1_D060_DENS_HIGH_V_LOW_S100,G1_D060_DENS_HIGH_V_LOW,100,4.96803951263,22.0794101758,39.7867579587,0,0,19.8721580505,
G1_D060_DENS_HIGH_V_LOW_S100,G1_D060_DENS_HIGH_V_LOW,100,4.97703313828,22.8514135393,40.3482489111,0,0,19.9081325531,
G1_D060_DENS_HIGH_V_LOW_S100,G1_D060_DENS_HIGH_V_LOW,100,4.98602676392,23.1427192388,39.3387560594,0,0,19.9441070557,
G1_D060_DENS_HIGH_V_LOW_S100,G1_D060_DENS_HIGH_V_LOW,100,4.99502038956,24.5183111617,41.2143705003,0,0,19.9800815582,
G1_D060_DENS_HIGH_V_LOW_S100,G1_D060_DENS_HIGH_V_LOW,100,5.0040140152,22.5947986438,38.5702001332,0,0,20.0160560608,
G1_D060_DENS_HIGH_V_LOW_S100,G1_D060_DENS_HIGH_V_LOW,100,5.01300811768,24.1492378255,39.2740169498,0,0,20.0520324707,
G1_D060_DENS_HIGH_V_LOW_S100,G1_D060_DENS_HIGH_V_LOW,100,5.02204084396,25.273539014,34.4124273293,0,0,20.0881633759,
G1_D060_DENS_HIGH_V_LOW_S100,G1_D060_DENS_HIGH_V_LOW,100,5.0310344696,24.7292087307,34.8198468937,0,0,20.1241378784,
G1_D060_DENS_HIGH_V_LOW_S100,G1_D060_DENS_HIGH_V_LOW,100,5.04002332687,28.69854959,40.1180374546,0,0,20.1600933075,
G1_D060_DENS_HIGH_V_LOW_S100,G1_D060_DENS_HIGH_V_LOW,100,5.04901647568,24.1862047386,29.4937463251,0,0,20.1960659027,
G1_D060_DENS_HIGH_V_LOW_S100,G1_D060_DENS_HIGH_V_LOW,100,5.05801010132,23.5058225377,38.3384507325,0,0,20.2320404053,
G1_D060_DENS_HIGH_V_LOW_S100,G1_D060_DENS_HIGH_V_LOW,100,5.0670042038,23.4586649419,38.5422524707,0,0,20.2680168152,
G1_D060_DENS_HIGH_V_LOW_S100,G1_D060_DENS_HIGH_V_LOW,100,5.07601118088,22.032250853,39.6570686327,0,0,20.3040447235,
G1_D060_DENS_HIGH_V_LOW_S100,G1_D060_DENS_HIGH_V_LOW,100,5.08500480652,23.1806636009,43.8226027309,0,0,20.3400192261,
G1_D060_DENS_HIGH_V_LOW_S100,G1_D060_DENS_HIGH_V_LOW,100,5.09404373169,22.7753503941,37.8475802771,0,0,20.3761749268,
G1_D060_DENS_HIGH_V_LOW_S100,G1_D060_DENS_HIGH_V_LOW,100,5.10303735733,22.9071229502,44.9821733541,0,0,20.4121494293,
G1_D060_DENS_HIGH_V_LOW_S100,G1_D060_DENS_HIGH_V_LOW,100,5.11203098297,22.4768208976,44.1695145861,0,0,20.4481239319,
G1_D060_DENS_HIGH_V_LOW_S100,G1_D060_DENS_HIGH_V_LOW,100,5.12102460861,22.88901424,43.0190152092,0,0,20.4840984344,
G1_D060_DENS_HIGH_V_LOW_S100,G1_D060_DENS_HIGH_V_LOW,100,5.13001823425,23.6865607976,46.8490370334,0,0,20.520072937,
G1_D060_DENS_HIGH_V_LOW_S100,G1_D060_DENS_HIGH_V_LOW,100,5.13901233673,24.1030006896,41.6192034691,0,0,20.5560493469,
G1_D060_DENS_HIGH_V_LOW_S100,G1_D060_DENS_HIGH_V_LOW,100,5.14804506302,22.3019697818,39.7906492962,0,0,20.5921802521,
G1_D060_DENS_HIGH_V_LOW_S100,G1_D060_DENS_HIGH_V_LOW,100,5.15700769424,17.9393231409,35.5823603923,0,0,20.628030777,
G1_D060_DENS_HIGH_V_LOW_S100,G1_D060_DENS_HIGH_V_LOW,100,5.16604280472,23.0578797761,42.3955430189,0,0,20.6641712189,
G1_D060_DENS_HIGH_V_LOW_S100,G1_D060_DENS_HIGH_V_LOW,100,5.17500448227,12.9547081007,29.9841612289,0,0,20.7000179291,
G1_D060_DENS_HIGH_V_LOW_S100,G1_D060_DENS_HIGH_V_LOW,100,5.18402242661,23.366131954,42.5701238189,0,0,20.7360897064,
G1_D060_DENS_HIGH_V_LOW_S100,G1_D060_DENS_HIGH_V_LOW,100,5.19301605225,24.170297879,47.9956294694,0,0,20.772064209,
G1_D060_DENS_HIGH_V_LOW_S100,G1_D060_DENS_HIGH_V_LOW,100,5.20200967789,22.6671678609,39.7928066756,0,0,20.8080387115,
G1_D060_DENS_HIGH_V_LOW_S100,G1_D060_DENS_HIGH_V_LOW,100,5.21100330353,25.3819253262,43.7363542532,0,0,20.8440132141,
G1_D060_DENS_HIGH_V_LOW_S100,G1_D060_DENS_HIGH_V_LOW,100,5.2200422287,23.6495161721,44.6894086141,0,0,20.8801689148,
G1_D060_DENS_HIGH_V_LOW_S100,G1_D060_DENS_HIGH_V_LOW,100,5.22903585434,23.0927968094,42.2418841746,0,0,20.9161434174,
G1_D060_DENS_HIGH_V_LOW_S100,G1_D060_DENS_HIGH_V_LOW,100,5.23802900314,24.7992880231,38.1136188178,0,0,20.9521160126,
G1_D060_DENS_HIGH_V_LOW_S100,G1_D060_DENS_HIGH_V_LOW,100,5.24702262878,23.6514762509,37.7629704453,0,0,20.9880905151,
G1_D060_DENS_HIGH_V_LOW_S100,G1_D060_DENS_HIGH_V_LOW,100,5.25601673126,23.4324292442,38.1495673034,0,0,21.024066925,
G1_D060_DENS_HIGH_V_LOW_S100,G1_D060_DENS_HIGH_V_LOW,100,5.26500511169,23.3539345651,37.4983860447,0,0,21.0600204468,
G1_D060_DENS_HIGH_V_LOW_S100,G1_D060_DENS_HIGH_V_LOW,100,5.27400302887,21.3869117522,24.8733929175,0,0,21.0960121155,
G1_D060_DENS_HIGH_V_LOW_S100,G1_D060_DENS_HIGH_V_LOW,100,5.28301715851,23.788225853,31.7167042155,0,0,21.132068634,
G1_D060_DENS_HIGH_V_LOW_S100,G1_D060_DENS_HIGH_V_LOW,100,5.29204130173,24.3089488438,31.2918174524,0,0,21.1681652069,
G1_D060_DENS_HIGH_V_LOW_S100,G1_D060_DENS_HIGH_V_LOW,100,5.30102109909,12.9530994546,17.6785801276,0,0,21.2040843964,
G1_D060_DENS_HIGH_V_LOW_S100,G1_D060_DENS_HIGH_V_LOW,100,5.3100438118,23.5211957723,37.5815137776,0,0,21.2401752472,
G1_D060_DENS_HIGH_V_LOW_S100,G1_D060_DENS_HIGH_V_LOW,100,5.31900501251,23.3295052484,44.8079330768,0,0,21.27602005,
G1_D060_DENS_HIGH_V_LOW_S100,G1_D060_DENS_HIGH_V_LOW,100,5.32804393768,23.65718552,43.5612122942,0,0,21.3121757507,
G1_D060_DENS_HIGH_V_LOW_S100,G1_D060_DENS_HIGH_V_LOW,100,5.33703756332,24.1581937449,38.3660104005,0,0,21.3481502533,
G1_D060_DENS_HIGH_V_LOW_S100,G1_D060_DENS_HIGH_V_LOW,100,5.34603118896,20.1677841974,38.2551989357,0,0,21.3841247559,
G1_D060_DENS_HIGH_V_LOW_S100,G1_D060_DENS_HIGH_V_LOW,100,5.35502481461,23.6004623944,39.4126591322,0,0,21.4200992584,
G1_D060_DENS_HIGH_V_LOW_S100,G1_D060_DENS_HIGH_V_LOW,100,5.36404418945,23.4378725643,35.2399951588,0,0,21.4561767578,
G1_D060_DENS_HIGH_V_LOW_S100,G1_D060_DENS_HIGH_V_LOW,100,5.37303781509,22.0312975812,35.1537454122,0,0,21.4921512604,
G1_D060_DENS_HIGH_V_LOW_S100,G1_D060_DENS_HIGH_V_LOW,100,5.38203144073,25.7776436453,37.5374813664,0,0,21.5281257629,
G1_D060_DENS_HIGH_V_LOW_S100,G1_D060_DENS_HIGH_V_LOW,100,5.39101696014,27.1755821931,33.5059052581,0,0,21.5640678406,
G1_D060_DENS_HIGH_V_LOW_S100,G1_D060_DENS_HIGH_V_LOW,100,5.40003824234,24.2291382351,40.3402469222,0,0,21.6001529694,
G1_D060_DENS_HIGH_V_LOW_S100,G1_D060_DENS_HIGH_V_LOW,100,5.40900325775,24.3758574713,39.6442780816,0,0,21.636013031,
G1_D060_DENS_HIGH_V_LOW_S100,G1_D060_DENS_HIGH_V_LOW,100,5.41802740097,21.3078489093,36.2471781765,0,0,21.6721096039,
G1_D060_DENS_HIGH_V_LOW_S100,G1_D060_DENS_HIGH_V_LOW,100,5.42702102661,24.1146230069,42.1516699238,0,0,21.7080841064,
G1_D060_DENS_HIGH_V_LOW_S100,G1_D060_DENS_HIGH_V_LOW,100,5.43601322174,23.769666411,43.5862317661,0,0,21.744052887,
G1_D060_DENS_HIGH_V_LOW_S100,G1_D060_DENS_HIGH_V_LOW,100,5.44501399994,24.6095852091,45.9725256602,0,0,21.7800559998,
G1_D060_DENS_HIGH_V_LOW_S100,G1_D060_DENS_HIGH_V_LOW,100,5.45400762558,23.9346325127,44.3092339253,0,0,21.8160305023,
G1_D060_DENS_HIGH_V_LOW_S100,G1_D060_DENS_HIGH_V_LOW,100,5.46300125122,25.1649333801,40.2246175166,0,0,21.8520050049,
G1_D060_DENS_HIGH_V_LOW_S100,G1_D060_DENS_HIGH_V_LOW,100,5.47204017639,28.3040625804,44.1021706809,0,0,21.8881607056,
G1_D060_DENS_HIGH_V_LOW_S100,G1_D060_DENS_HIGH_V_LOW,100,5.4810090065,25.16413726,40.9053981671,0,0,21.924036026,
G1_D060_DENS_HIGH_V_LOW_S100,G1_D060_DENS_HIGH_V_LOW,100,5.49000263214,25.1054074282,40.0390523405,0,0,21.9600105286,
G1_D060_DENS_HIGH_V_LOW_S100,G1_D060_DENS_HIGH_V_LOW,100,5.49904346466,27.1407428722,40.0498705737,0,0,21.9961738586,
G1_D060_DENS_HIGH_V_LOW_S100,G1_D060_DENS_HIGH_V_LOW,100,5.5080447197,25.4064340822,47.1607059585,0,0,22.0321788788,
G1_D060_DENS_HIGH_V_LOW_S100,G1_D060_DENS_HIGH_V_LOW,100,5.51700639725,24.4134098177,42.1280190888,0,0,22.068025589,
G1_D060_DENS_HIGH_V_LOW_S100,G1_D060_DENS_HIGH_V_LOW,100,5.52604293823,25.4541045797,37.500992028,0,0,22.1041717529,
G1_D060_DENS_HIGH_V_LOW_S100,G1_D060_DENS_HIGH_V_LOW,100,5.5350394249,24.6448372691,45.2001119357,0,0,22.1401576996,
G1_D060_DENS_HIGH_V_LOW_S100,G1_D060_DENS_HIGH_V_LOW,100,5.54403305054,23.6201374407,39.0657537361,0,0,22.1761322021,
G1_D060_DENS_HIGH_V_LOW_S100,G1_D060_DENS_HIGH_V_LOW,100,5.55304193497,23.4385098058,42.0518255199,0,0,22.2121677399,
G1_D060_DENS_HIGH_V_LOW_S100,G1_D060_DENS_HIGH_V_LOW,100,5.56201171875,23.6669859139,43.1558603031,0,0,22.248046875,
G1_D060_DENS_HIGH_V_LOW_S100,G1_D060_DENS_HIGH_V_LOW,100,5.57100534439,27.3482470008,43.5234855041,0,0,22.2840213776,
G1_D060_DENS_HIGH_V_LOW_S100,G1_D060_DENS_HIGH_V_LOW,100,5.58004045486,24.0531058912,38.4441234994,0,0,22.3201618195,
G1_D060_DENS_HIGH_V_LOW_S100,G1_D060_DENS_HIGH_V_LOW,100,5.58903408051,23.5192875018,42.8016965531,0,0,22.356136322,
G1_D060_DENS_HIGH_V_LOW_S100,G1_D060_DENS_HIGH_V_LOW,100,5.59802770615,23.1480744849,37.1451419568,0,0,22.3921108246,
G1_D060_DENS_HIGH_V_LOW_S100,G1_D060_DENS_HIGH_V_LOW,100,5.60701274872,25.7477019308,37.2172665558,0,0,22.4280509949,
G1_D060_DENS_HIGH_V_LOW_S100,G1_D060_DENS_HIGH_V_LOW,100,5.61600637436,28.081131682,43.2072505363,0,0,22.4640254974,
G1_D060_DENS_HIGH_V_LOW_S100,G1_D060_DENS_HIGH_V_LOW,100,5.62502813339,13.2671740163,27.2747800383,0,0,22.5001125336,
G1_D060_DENS_HIGH_V_LOW_S100,G1_D060_DENS_HIGH_V_LOW,100,5.63400506973,25.0946537625,33.5010776108,0,0,22.5360202789,
G1_D060_DENS_HIGH_V_LOW_S100,G1_D060_DENS_HIGH_V_LOW,100,5.64303779602,24.9174142863,39.255273872,0,0,22.5721511841,
G1_D060_DENS_HIGH_V_LOW_S100,G1_D060_DENS_HIGH_V_LOW,100,5.65202474594,26.7160395644,43.3805082925,0,0,22.6080989838,
G1_D060_DENS_HIGH_V_LOW_S100,G1_D060_DENS_HIGH_V_LOW,100,5.66101455688,25.3247100222,38.4515366472,0,0,22.6440582275,
G1_D060_DENS_HIGH_V_LOW_S100,G1_D060_DENS_HIGH_V_LOW,100,5.67000055313,25.9139390616,36.0938966041,0,0,22.6800022125,
G1_D060_DENS_HIGH_V_LOW_S100,G1_D060_DENS_HIGH_V_LOW,100,5.67903852463,23.9284863274,42.0560181534,0,0,22.7161540985,
G1_D060_DENS_HIGH_V_LOW_S100,G1_D060_DENS_HIGH_V_LOW,100,5.68803262711,25.2794693316,40.8439568108,0,0,22.7521305084,
G1_D060_DENS_HIGH_V_LOW_S100,G1_D060_DENS_HIGH_V_LOW,100,5.69701480865,24.4446760964,37.3326513528,0,0,22.7880592346,
G1_D060_DENS_HIGH_V_LOW_S100,G1_D060_DENS_HIGH_V_LOW,100,5.7060084343,27.299519615,39.6722067431,0,0,22.8240337372,
G1_D060_DENS_HIGH_V_LOW_S100,G1_D060_DENS_HIGH_V_LOW,100,5.71500253677,25.582706471,39.5411870844,0,0,22.8600101471,
G1_D060_DENS_HIGH_V_LOW_S100,G1_D060_DENS_HIGH_V_LOW,100,5.72402858734,22.4339288477,29.4766079891,0,0,22.8961143494,
G1_D060_DENS_HIGH_V_LOW_S100,G1_D060_DENS_HIGH_V_LOW,100,5.73301362991,25.4069607994,39.4195890426,0,0,22.9320545197,
G1_D060_DENS_HIGH_V_LOW_S100,G1_D060_DENS_HIGH_V_LOW,100,5.74200105667,26.1059870625,43.9732025046,0,0,22.9680042267,
G1_D060_DENS_HIGH_V_LOW_S100,G1_D060_DENS_HIGH_V_LOW,100,5.75104188919,22.5962941753,34.8514945591,0,0,23.0041675568,
G1_D060_DENS_HIGH_V_LOW_S100,G1_D060_DENS_HIGH_V_LOW,100,5.76002931595,26.4920828626,31.7637426915,0,0,23.0401172638,
G1_D060_DENS_HIGH_V_LOW_S100,G1_D060_DENS_HIGH_V_LOW,100,5.76903104782,25.8770913075,31.9128210032,0,0,23.0761241913,
G1_D060_DENS_HIGH_V_LOW_S100,G1_D060_DENS_HIGH_V_LOW,100,5.77800798416,25.7266695084,40.7727470081,0,0,23.1120319366,
G1_D060_DENS_HIGH_V_LOW_S100,G1_D060_DENS_HIGH_V_LOW,100,5.78702116013,25.6029617697,40.4991908316,0,0,23.1480846405,
G1_D060_DENS_HIGH_V_LOW_S100,G1_D060_DENS_HIGH_V_LOW,100,5.79601573944,24.4599163565,38.6804662612,0,0,23.1840629578,
G1_D060_DENS_HIGH_V_LOW_S100,G1_D060_DENS_HIGH_V_LOW,100,5.80503416061,25.2838177707,40.8932246156,0,0,23.2201366425,
G1_D060_DENS_HIGH_V_LOW_S100,G1_D060_DENS_HIGH_V_LOW,100,5.81402444839,22.7444087804,39.2776491702,0,0,23.2560977936,
G1_D060_DENS_HIGH_V_LOW_S100,G1_D060_DENS_HIGH_V_LOW,100,5.82301521301,19.038861713,35.2067354902,0,0,23.2920608521,
G1_D060_DENS_HIGH_V_LOW_S100,G1_D060_DENS_HIGH_V_LOW,100,5.83201265335,26.9252430036,40.7149097833,0,0,23.3280506134,
G1_D060_DENS_HIGH_V_LOW_S100,G1_D060_DENS_HIGH_V_LOW,100,5.84102916718,24.8343345771,35.7978771265,0,0,23.3641166687,
G1_D060_DENS_HIGH_V_LOW_S100,G1_D060_DENS_HIGH_V_LOW,100,5.85002231598,27.7503463692,35.3921283385,0,0,23.4000892639,
G1_D060_DENS_HIGH_V_LOW_S100,G1_D060_DENS_HIGH_V_LOW,100,5.85900402069,28.3563250158,36.8566749139,0,0,23.4360160828,
G1_D060_DENS_HIGH_V_LOW_S100,G1_D060_DENS_HIGH_V_LOW,100,5.86804151535,36.3848992286,42.8501706063,0,0,23.4721660614,
G1_D060_DENS_HIGH_V_LOW_S100,G1_D060_DENS_HIGH_V_LOW,100,5.87700653076,20.5765409259,33.7450217589,0,0,23.508026123,
G1_D060_DENS_HIGH_V_LOW_S100,G1_D060_DENS_HIGH_V_LOW,100,5.88603830338,33.5636878987,35.0533647878,0,0,23.5441532135,
G1_D060_DENS_HIGH_V_LOW_S100,G1_D060_DENS_HIGH_V_LOW,100,5.89500665665,16.6473290098,35.3069637215,0,0,23.5800266266,
G1_D060_DENS_HIGH_V_LOW_S100,G1_D060_DENS_HIGH_V_LOW,100,5.90404224396,31.1303580266,20.5870478795,0,0,23.6161689758,
G1_D060_DENS_HIGH_V_LOW_S100,G1_D060_DENS_HIGH_V_LOW,100,5.91302490234,25.2459096744,37.730942534,0,0,23.6520996094,
G1_D060_DENS_HIGH_V_LOW_S100,G1_D060_DENS_HIGH_V_LOW,100,5.92201852798,26.5639409049,41.4236285379,0,0,23.6880741119,
G1_D060_DENS_HIGH_V_LOW_S100,G1_D060_DENS_HIGH_V_LOW,100,5.93101072311,26.8995512926,36.8528666894,0,0,23.7240428925,
G1_D060_DENS_HIGH_V_LOW_S100,G1_D060_DENS_HIGH_V_LOW,100,5.94002723694,25.6669345965,38.347310469,0,0,23.7601089478,
G1_D060_DENS_HIGH_V_LOW_S100,G1_D060_DENS_HIGH_V_LOW,100,5.94903087616,25.7408390647,38.7323521865,0,0,23.7961235046,
G1_D060_DENS_HIGH_V_LOW_S100,G1_D060_DENS_HIGH_V_LOW,100,5.95800256729,25.4850720975,43.2164680809,0,0,23.8320102692,
G1_D060_DENS_HIGH_V_LOW_S100,G1_D060_DENS_HIGH_V_LOW,100,5.96704483032,25.1700485813,37.6264734213,0,0,23.8681793213,
G1_D060_DENS_HIGH_V_LOW_S100,G1_D060_DENS_HIGH_V_LOW,100,5.97602748871,25.019217497,39.5860135313,0,0,23.9041099548,
G1_D060_DENS_HIGH_V_LOW_S100,G1_D060_DENS_HIGH_V_LOW,100,5.98500108719,29.0339648333,30.9498294106,0,0,23.9400043488,
G1_D060_DENS_HIGH_V_LOW_S100,G1_D060_DENS_HIGH_V_LOW,100,5.99400281906,27.0048101135,32.9311839556,0,0,23.9760112762,
G1_D060_DENS_HIGH_V_LOW_S100,G1_D060_DENS_HIGH_V_LOW,100,6.00300979614,16.8418258139,34.1278143071,0,0,24.0120391846,
G1_D060_DENS_HIGH_V_LOW_S100,G1_D060_DENS_HIGH_V_LOW,100,6.01202487946,24.6596129819,26.590000701,0,0,24.0480995178,
G1_D060_DENS_HIGH_V_LOW_S100,G1_D060_DENS_HIGH_V_LOW,100,6.0210185051,27.219363618,39.801809125,0,0,24.0840740204,
G1_D060_DENS_HIGH_V_LOW_S100,G1_D060_DENS_HIGH_V_LOW,100,6.03002738953,28.2668279914,41.4701380508,0,0,24.1201095581,
G1_D060_DENS_HIGH_V_LOW_S100,G1_D060_DENS_HIGH_V_LOW,100,6.03904247284,22.5885522959,35.5829139559,0,0,24.1561698914,
G1_D060_DENS_HIGH_V_LOW_S100,G1_D060_DENS_HIGH_V_LOW,100,6.04801130295,25.3756496203,36.5730234629,0,0,24.1920452118,
G1_D060_DENS_HIGH_V_LOW_S100,G1_D060_DENS_HIGH_V_LOW,100,6.05702257156,23.5519353338,36.4527510267,0,0,24.2280902863,
G1_D060_DENS_HIGH_V_LOW_S100,G1_D060_DENS_HIGH_V_LOW,100,6.06602144241,30.0489851538,38.4964158126,0,0,24.2640857697,
G1_D060_DENS_HIGH_V_LOW_S100,G1_D060_DENS_HIGH_V_LOW,100,6.0750041008,25.1073122448,38.8657978036,0,0,24.3000164032,
G1_D060_DENS_HIGH_V_LOW_S100,G1_D060_DENS_HIGH_V_LOW,100,6.08404302597,26.7104356387,39.2814339082,0,0,24.3361721039,
G1_D060_DENS_HIGH_V_LOW_S100,G1_D060_DENS_HIGH_V_LOW,100,6.09300470352,25.4123782154,36.8526652376,0,0,24.3720188141,
G1_D060_DENS_HIGH_V_LOW_S100,G1_D060_DENS_HIGH_V_LOW,100,6.10201454163,31.0070682078,39.1157747415,0,0,24.4080581665,
G1_D060_DENS_HIGH_V_LOW_S100,G1_D060_DENS_HIGH_V_LOW,100,6.11100959778,27.5858655381,36.7492443137,0,0,24.4440383911,
G1_D060_DENS_HIGH_V_LOW_S100,G1_D060_DENS_HIGH_V_LOW,100,6.12001609802,25.5735968538,32.6906470941,0,0,24.4800643921,
G1_D060_DENS_HIGH_V_LOW_S100,G1_D060_DENS_HIGH_V_LOW,100,6.1290435791,28.0549236154,38.6541426963,0,0,24.5161743164,
G1_D060_DENS_HIGH_V_LOW_S100,G1_D060_DENS_HIGH_V_LOW,100,6.13801717758,26.5806887851,33.9501372607,0,0,24.5520687103,
G1_D060_DENS_HIGH_V_LOW_S100,G1_D060_DENS_HIGH_V_LOW,100,6.14701080322,27.1303829492,34.2464376095,0,0,24.5880432129,
G1_D060_DENS_HIGH_V_LOW_S100,G1_D060_DENS_HIGH_V_LOW,100,6.15604400635,26.3300422,35.6012116239,0,0,24.6241760254,
G1_D060_DENS_HIGH_V_LOW_S100,G1_D060_DENS_HIGH_V_LOW,100,6.16503000259,25.7945935776,34.7833428151,0,0,24.6601200104,
G1_D060_DENS_HIGH_V_LOW_S100,G1_D060_DENS_HIGH_V_LOW,100,6.17402362823,26.5753128157,36.9636055843,0,0,24.6960945129,
G1_D060_DENS_HIGH_V_LOW_S100,G1_D060_DENS_HIGH_V_LOW,100,6.18301725388,28.0195195845,34.9895334644,0,0,24.7320690155,
G1_D060_DENS_HIGH_V_LOW_S100,G1_D060_DENS_HIGH_V_LOW,100,6.19201087952,25.2825122028,38.0717984346,0,0,24.7680435181,
G1_D060_DENS_HIGH_V_LOW_S100,G1_D060_DENS_HIGH_V_LOW,100,6.20101594925,27.0396425267,38.0394238888,0,0,24.804063797,
G1_D060_DENS_HIGH_V_LOW_S100,G1_D060_DENS_HIGH_V_LOW,100,6.21003818512,28.8559378718,34.5218572227,0,0,24.8401527405,
G1_D060_DENS_HIGH_V_LOW_S100,G1_D060_DENS_HIGH_V_LOW,100,6.21902227402,27.4824148251,37.7131378699,0,0,24.8760890961,
G1_D060_DENS_HIGH_V_LOW_S100,G1_D060_DENS_HIGH_V_LOW,100,6.22801876068,23.4597166494,28.4098697784,0,0,24.9120750427,
G1_D060_DENS_HIGH_V_LOW_S100,G1_D060_DENS_HIGH_V_LOW,100,6.23700428009,23.0079694352,19.6597433696,0,0,24.9480171204,
G1_D060_DENS_HIGH_V_LOW_S100,G1_D060_DENS_HIGH_V_LOW,100,6.24602460861,26.1430627729,35.522635712,0,0,24.9840984344,
G1_D060_DENS_HIGH_V_LOW_S100,G1_D060_DENS_HIGH_V_LOW,100,6.25500917435,26.0081696331,31.5569601403,0,0,25.0200366974,
G1_D060_DENS_HIGH_V_LOW_S100,G1_D060_DENS_HIGH_V_LOW,100,6.26402330399,26.227152743,34.5686034486,0,0,25.0560932159,
G1_D060_DENS_HIGH_V_LOW_S100,G1_D060_DENS_HIGH_V_LOW,100,6.27301740646,14.8455486094,28.0564214779,0,0,25.0920696259,
G1_D060_DENS_HIGH_V_LOW_S100,G1_D060_DENS_HIGH_V_LOW,100,6.28204059601,24.9427847862,33.2353248105,0,0,25.128162384,
G1_D060_DENS_HIGH_V_LOW_S100,G1_D060_DENS_HIGH_V_LOW,100,6.29102945328,26.5439049278,33.5010598255,0,0,25.1641178131,
G1_D060_DENS_HIGH_V_LOW_S100,G1_D060_DENS_HIGH_V_LOW,100,6.30003643036,25.0590269561,29.1750277789,0,0,25.2001457214,
G1_D060_DENS_HIGH_V_LOW_S100,G1_D060_DENS_HIGH_V_LOW,100,6.30901432037,26.4864547597,33.7068524735,0,0,25.2360572815,
G1_D060_DENS_HIGH_V_LOW_S100,G1_D060_DENS_HIGH_V_LOW,100,6.31803035736,29.0603248708,36.8461752816,0,0,25.2721214294,
G1_D060_DENS_HIGH_V_LOW_S100,G1_D060_DENS_HIGH_V_LOW,100,6.32701015472,30.722965582,26.0623706544,0,0,25.3080406189,
G1_D060_DENS_HIGH_V_LOW_S100,G1_D060_DENS_HIGH_V_LOW,100,6.33600187302,30.8845624205,33.1349294455,0,0,25.3440074921,
G1_D060_DENS_HIGH_V_LOW_S100,G1_D060_DENS_HIGH_V_LOW,100,6.34501743317,19.8238844897,19.8604468398,0,0,25.3800697327,
G1_D060_DENS_HIGH_V_LOW_S100,G1_D060_DENS_HIGH_V_LOW,100,6.3540019989,26.6607964277,25.2330720683,0,0,25.4160079956,
G1_D060_DENS_HIGH_V_LOW_S100,G1_D060_DENS_HIGH_V_LOW,100,6.36301231384,26.3880985246,34.1755728893,0,0,25.4520492554,
G1_D060_DENS_HIGH_V_LOW_S100,G1_D060_DENS_HIGH_V_LOW,100,6.37202739716,22.1855151981,19.4686401163,0,0,25.4881095886,
G1_D060_DENS_HIGH_V_LOW_S100,G1_D060_DENS_HIGH_V_LOW,100,6.38102531433,29.3088559524,40.9061491306,0,0,25.5241012573,
G1_D060_DENS_HIGH_V_LOW_S100,G1_D060_DENS_HIGH_V_LOW,100,6.39001560211,30.2015811725,34.6568448745,0,0,25.5600624084,
G1_D060_DENS_HIGH_V_LOW_S100,G1_D060_DENS_HIGH_V_LOW,100,6.3990111351,38.7434559808,38.7353963897,0,0,25.5960445404,
G1_D060_DENS_HIGH_V_LOW_S100,G1_D060_DENS_HIGH_V_LOW,100,6.40802907944,27.1324690947,33.3089738001,0,0,25.6321163177,
G1_D060_DENS_HIGH_V_LOW_S100,G1_D060_DENS_HIGH_V_LOW,100,6.41702270508,24.7883288514,30.4291906711,0,0,25.6680908203,
G1_D060_DENS_HIGH_V_LOW_S100,G1_D060_DENS_HIGH_V_LOW,100,6.42600870132,26.7351481738,30.6548684988,0,0,25.7040348053,
G1_D060_DENS_HIGH_V_LOW_S100,G1_D060_DENS_HIGH_V_LOW,100,6.43502426147,29.2905883635,34.5145323665,0,0,25.7400970459,
G1_D060_DENS_HIGH_V_LOW_S100,G1_D060_DENS_HIGH_V_LOW,100,6.44404268265,26.6965130351,32.4180272176,0,0,25.7761707306,
G1_D060_DENS_HIGH_V_LOW_S100,G1_D060_DENS_HIGH_V_LOW,100,6.45302438736,26.864611809,19.350886189,0,0,25.8120975494,
G1_D060_DENS_HIGH_V_LOW_S100,G1_D060_DENS_HIGH_V_LOW,100,6.46202898026,27.7675121693,30.3110875012,0,0,25.848115921,
G1_D060_DENS_HIGH_V_LOW_S100,G1_D060_DENS_HIGH_V_LOW,100,6.47103595734,35.8970313027,23.2847280637,0,0,25.8841438293,
G1_D060_DENS_HIGH_V_LOW_S100,G1_D060_DENS_HIGH_V_LOW,100,6.48004150391,25.0354714719,16.6093371461,0,0,25.9201660156,
G1_D060_DENS_HIGH_V_LOW_S100,G1_D060_DENS_HIGH_V_LOW,100,6.48900938034,24.332148578,25.7436963346,0,0,25.9560375214,
G1_D060_DENS_HIGH_V_LOW_S100,G1_D060_DENS_HIGH_V_LOW,100,6.49804162979,25.4599243731,33.6040332626,0,0,25.9921665192,
G1_D060_DENS_HIGH_V_LOW_S100,G1_D060_DENS_HIGH_V_LOW,100,6.50700426102,33.2915564324,30.2428494008,0,0,26.0280170441,
G1_D060_DENS_HIGH_V_LOW_S100,G1_D060_DENS_HIGH_V_LOW,100,6.51601171494,26.5695258342,32.6752407523,0,0,26.0640468597,
G1_D060_DENS_HIGH_V_LOW_S100,G1_D060_DENS_HIGH_V_LOW,100,6.52500534058,25.9863100056,33.4424384923,0,0,26.1000213623,
G1_D060_DENS_HIGH_V_LOW_S100,G1_D060_DENS_HIGH_V_LOW,100,6.53404140472,18.0816196796,21.5889581005,0,0,26.1361656189,
G1_D060_DENS_HIGH_V_LOW_S100,G1_D060_DENS_HIGH_V_LOW,100,6.54303359985,28.2710140979,32.7310823089,0,0,26.1721343994,
G1_D060_DENS_HIGH_V_LOW_S100,G1_D060_DENS_HIGH_V_LOW,100,6.55200529099,25.2329817892,33.0864857472,0,0,26.2080211639,
G1_D060_DENS_HIGH_V_LOW_S100,G1_D060_DENS_HIGH_V_LOW,100,6.56102657318,30.5991335035,33.7284400035,0,0,26.2441062927,
G1_D060_DENS_HIGH_V_LOW_S100,G1_D060_DENS_HIGH_V_LOW,100,6.57003068924,26.3541209475,33.2517046077,0,0,26.280122757,
G1_D060_DENS_HIGH_V_LOW_S100,G1_D060_DENS_HIGH_V_LOW,100,6.57901620865,29.3266952597,36.0900903441,0,0,26.3160648346,
G1_D060_DENS_HIGH_V_LOW_S100,G1_D060_DENS_HIGH_V_LOW,100,6.58801794052,27.3710167266,24.6185734788,0,0,26.3520717621,
G1_D060_DENS_HIGH_V_LOW_S100,G1_D060_DENS_HIGH_V_LOW,100,6.5970249176,28.5415982245,32.4536410347,0,0,26.3880996704,
G1_D060_DENS_HIGH_V_LOW_S100,G1_D060_DENS_HIGH_V_LOW,100,6.60602617264,30.614126811,31.2357373981,0,0,26.4241046906,
G1_D060_DENS_HIGH_V_LOW_S100,G1_D060_DENS_HIGH_V_LOW,100,6.61503887177,25.4694829952,27.2762590784,0,0,26.4601554871,
G1_D060_DENS_HIGH_V_LOW_S100,G1_D060_DENS_HIGH_V_LOW,100,6.62402057648,31.3075905949,20.7265131088,0,0,26.4960823059,
G1_D060_DENS_HIGH_V_LOW_S100,G1_D060_DENS_HIGH_V_LOW,100,6.63302755356,23.6772180433,22.4688865154,0,0,26.5321102142,
G1_D060_DENS_HIGH_V_LOW_S100,G1_D060_DENS_HIGH_V_LOW,100,6.64201164246,26.8649330201,32.2277173513,0,0,26.5680465698,
G1_D060_DENS_HIGH_V_LOW_S100,G1_D060_DENS_HIGH_V_LOW,100,6.65103435516,27.8462209892,35.2480301304,0,0,26.6041374207,
G1_D060_DENS_HIGH_V_LOW_S100,G1_D060_DENS_HIGH_V_LOW,100,6.66000366211,26.738486352,32.7091442885,0,0,26.6400146484,
G1_D060_DENS_HIGH_V_LOW_S100,G1_D060_DENS_HIGH_V_LOW,100,6.66903305054,25.3516606737,32.9174942968,0,0,26.6761322021,
G1_D060_DENS_HIGH_V_LOW_S100,G1_D060_DENS_HIGH_V_LOW,100,6.67802429199,30.3121088924,40.396034834,0,0,26.712097168,
G1_D060_DENS_HIGH_V_LOW_S100,G1_D060_DENS_HIGH_V_LOW,100,6.68702173233,24.9687838929,18.6772450056,0,0,26.7480869293,
G1_D060_DENS_HIGH_V_LOW_S100,G1_D060_DENS_HIGH_V_LOW,100,6.69601726532,30.0430237512,31.3277443947,0,0,26.7840690613,
G1_D060_DENS_HIGH_V_LOW_S100,G1_D060_DENS_HIGH_V_LOW,100,6.7050151825,22.3655264156,27.9525181229,0,0,26.82006073,
G1_D060_DENS_HIGH_V_LOW_S100,G1_D060_DENS_HIGH_V_LOW,100,6.71400117874,24.6596630632,14.5806818847,0,0,26.856004715,
G1_D060_DENS_HIGH_V_LOW_S100,G1_D060_DENS_HIGH_V_LOW,100,6.72302818298,33.4240163114,36.9822962153,0,0,26.8921127319,
G1_D060_DENS_HIGH_V_LOW_S100,G1_D060_DENS_HIGH_V_LOW,100,6.73202419281,25.0494907842,19.279130711,0,0,26.9280967712,
G1_D060_DENS_HIGH_V_LOW_S100,G1_D060_DENS_HIGH_V_LOW,100,6.74104118347,33.9696884283,35.4357765735,0,0,26.9641647339,
G1_D060_DENS_HIGH_V_LOW_S100,G1_D060_DENS_HIGH_V_LOW,100,6.75003051758,27.8791140469,28.6699633291,0,0,27.0001220703,
G1_D060_DENS_HIGH_V_LOW_S100,G1_D060_DENS_HIGH_V_LOW,100,6.75904035568,26.1056796668,29.0354728414,0,0,27.0361614227,
G1_D060_DENS_HIGH_V_LOW_S100,G1_D060_DENS_HIGH_V_LOW,100,6.76802206039,27.0202057984,30.1885770273,0,0,27.0720882416,
G1_D060_DENS_HIGH_V_LOW_S100,G1_D060_DENS_HIGH_V_LOW,100,6.77704238892,27.9253632715,29.2507585517,0,0,27.1081695557,
G1_D060_DENS_HIGH_V_LOW_S100,G1_D060_DENS_HIGH_V_LOW,100,6.78601980209,30.1961931145,32.386615367,0,0,27.1440792084,
G1_D060_DENS_HIGH_V_LOW_S100,G1_D060_DENS_HIGH_V_LOW,100,6.79502868652,27.7286335318,28.4836356156,0,0,27.1801147461,
G1_D060_DENS_HIGH_V_LOW_S100,G1_D060_DENS_HIGH_V_LOW,100,6.80400753021,27.6924610119,24.7469494705,0,0,27.2160301208,
G1_D060_DENS_HIGH_V_LOW_S100,G1_D060_DENS_HIGH_V_LOW,100,6.81301593781,28.1898530209,27.1341769943,0,0,27.2520637512,
G1_D060_DENS_HIGH_V_LOW_S100,G1_D060_DENS_HIGH_V_LOW,100,6.82203769684,30.233857712,30.2574084106,0,0,27.2881507874,
G1_D060_DENS_HIGH_V_LOW_S100,G1_D060_DENS_HIGH_V_LOW,100,6.83101415634,26.9908270669,17.8496141034,0,0,27.3240566254,
G1_D060_DENS_HIGH_V_LOW_S100,G1_D060_DENS_HIGH_V_LOW,100,6.84001350403,28.9093694467,22.7439424054,0,0,27.3600540161,
G1_D060_DENS_HIGH_V_LOW_S100,G1_D060_DENS_HIGH_V_LOW,100,6.8490023613,27.6807437127,23.0295849865,0,0,27.3960094452,
G1_D060_DENS_HIGH_V_LOW_S100,G1_D060_DENS_HIGH_V_LOW,100,6.8580327034,34.337236875,26.5001370803,0,0,27.4321308136,
G1_D060_DENS_HIGH_V_LOW_S100,G1_D060_DENS_HIGH_V_LOW,100,6.86700487137,26.6317993504,19.0561220962,0,0,27.4680194855,
G1_D060_DENS_HIGH_V_LOW_S100,G1_D060_DENS_HIGH_V_LOW,100,6.87600374222,28.5093372274,28.4047535937,0,0,27.5040149689,
G1_D060_DENS_HIGH_V_LOW_S100,G1_D060_DENS_HIGH_V_LOW,100,6.88501644135,24.8434770062,22.8906204889,0,0,27.5400657654,
G1_D060_DENS_HIGH_V_LOW_S100,G1_D060_DENS_HIGH_V_LOW,100,6.89402389526,25.6004646121,22.7074944235,0,0,27.5760955811,
G1_D060_DENS_HIGH_V_LOW_S100,G1_D060_DENS_HIGH_V_LOW,100,6.90300512314,28.8399394843,30.0238007902,0,0,27.6120204926,
G1_D060_DENS_HIGH_V_LOW_S100,G1_D060_DENS_HIGH_V_LOW,100,6.91201257706,30.0718464074,28.6212981668,0,0,27.6480503082,
G1_D060_DENS_HIGH_V_LOW_S100,G1_D060_DENS_HIGH_V_LOW,100,6.92100667953,29.0158250382,28.2251713881,0,0,27.6840267181,
G1_D060_DENS_HIGH_V_LOW_S100,G1_D060_DENS_HIGH_V_LOW,100,6.93001365662,29.6580193782,29.1311051039,0,0,27.7200546265,
G1_D060_DENS_HIGH_V_LOW_S100,G1_D060_DENS_HIGH_V_LOW,100,6.93901538849,27.2321291708,14.6323811195,0,0,27.756061554,
G1_D060_DENS_HIGH_V_LOW_S100,G1_D060_DENS_HIGH_V_LOW,100,6.94802236557,22.2712820286,21.2236210171,0,0,27.7920894623,
G1_D060_DENS_HIGH_V_LOW_S100,G1_D060_DENS_HIGH_V_LOW,100,6.95702362061,27.1964281059,17.66656969,0,0,27.8280944824,
G1_D060_DENS_HIGH_V_LOW_S100,G1_D060_DENS_HIGH_V_LOW,100,6.96600389481,28.3936753099,23.757689778,0,0,27.8640155792,
G1_D060_DENS_HIGH_V_LOW_S100,G1_D060_DENS_HIGH_V_LOW,100,6.97503423691,25.6856149244,31.1247093607,0,0,27.9001369476,
G1_D060_DENS_HIGH_V_LOW_S100,G1_D060_DENS_HIGH_V_LOW,100,6.98402643204,21.4825929547,14.0488290886,0,0,27.9361057281,
G1_D060_DENS_HIGH_V_LOW_S100,G1_D060_DENS_HIGH_V_LOW,100,6.99300956726,27.9150603375,26.3598095038,0,0,27.972038269,
G1_D060_DENS_HIGH_V_LOW_S100,G1_D060_DENS_HIGH_V_LOW,100,7.00202178955,28.4251298253,31.1114063997,0,0,28.0080871582,
G1_D060_DENS_HIGH_V_LOW_S100,G1_D060_DENS_HIGH_V_LOW,100,7.01103067398,28.2614641106,26.7553851353,0,0,28.0441226959,
G1_D060_DENS_HIGH_V_LOW_S100,G1_D060_DENS_HIGH_V_LOW,100,7.02003526688,15.4973395642,18.2107331467,0,0,28.0801410675,
G1_D060_DENS_HIGH_V_LOW_S100,G1_D060_DENS_HIGH_V_LOW,100,7.02900886536,26.4322408803,22.9283830852,0,0,28.1160354614,
G1_D060_DENS_HIGH_V_LOW_S100,G1_D060_DENS_HIGH_V_LOW,100,7.03803634644,16.1956923199,24.8550045774,0,0,28.1521453857,
G1_D060_DENS_HIGH_V_LOW_S100,G1_D060_DENS_HIGH_V_LOW,100,7.04700994492,26.5770725693,14.0680999847,0,0,28.1880397797,
G1_D060_DENS_HIGH_V_LOW_S100,G1_D060_DENS_HIGH_V_LOW,100,7.05603981018,28.7537271029,24.7214901581,0,0,28.2241592407,
G1_D060_DENS_HIGH_V_LOW_S100,G1_D060_DENS_HIGH_V_LOW,100,7.06502342224,30.2216827733,26.6072199695,0,0,28.260093689,
G1_D060_DENS_HIGH_V_LOW_S100,G1_D060_DENS_HIGH_V_LOW,100,7.07400131226,23.199012356,18.6511094758,0,0,28.296005249,
G1_D060_DENS_HIGH_V_LOW_S100,G1_D060_DENS_HIGH_V_LOW,100,7.0830078125,30.8896672601,24.0277339073,0,0,28.33203125,
G1_D060_DENS_HIGH_V_LOW_S100,G1_D060_DENS_HIGH_V_LOW,100,7.09200334549,28.6714780526,26.9903586049,0,0,28.368013382,
G1_D060_DENS_HIGH_V_LOW_S100,G1_D060_DENS_HIGH_V_LOW,100,7.10101175308,28.5837200585,28.8228100962,0,0,28.4040470123,
G1_D060_DENS_HIGH_V_LOW_S100,G1_D060_DENS_HIGH_V_LOW,100,7.11000156403,27.8658425003,25.5670445359,0,0,28.4400062561,
G1_D060_DENS_HIGH_V_LOW_S100,G1_D060_DENS_HIGH_V_LOW,100,7.11902475357,28.4045826735,25.4838537982,0,0,28.4760990143,
G1_D060_DENS_HIGH_V_LOW_S100,G1_D060_DENS_HIGH_V_LOW,100,7.12800216675,29.1900181892,29.6059381279,0,0,28.512008667,
G1_D060_DENS_HIGH_V_LOW_S100,G1_D060_DENS_HIGH_V_LOW,100,7.13701629639,29.049306983,26.2269523333,0,0,28.5480651855,
G1_D060_DENS_HIGH_V_LOW_S100,G1_D060_DENS_HIGH_V_LOW,100,7.14603090286,24.6725011475,23.7424383242,0,0,28.5841236115,
G1_D060_DENS_HIGH_V_LOW_S100,G1_D060_DENS_HIGH_V_LOW,100,7.15501928329,26.7748885552,20.6575991549,0,0,28.6200771332,
G1_D060_DENS_HIGH_V_LOW_S100,G1_D060_DENS_HIGH_V_LOW,100,7.16402959824,27.3525073659,18.6344214668,0,0,28.6561183929,
G1_D060_DENS_HIGH_V_LOW_S100,G1_D060_DENS_HIGH_V_LOW,100,7.17303943634,32.2849152329,30.069879001,0,0,28.6921577454,
G1_D060_DENS_HIGH_V_LOW_S100,G1_D060_DENS_HIGH_V_LOW,100,7.18203115463,31.4991498713,22.9607470623,0,0,28.7281246185,
G1_D060_DENS_HIGH_V_LOW_S100,G1_D060_DENS_HIGH_V_LOW,100,7.19103193283,27.9185176747,7.77860845012,0,0,28.7641277313,
G1_D060_DENS_HIGH_V_LOW_S100,G1_D060_DENS_HIGH_V_LOW,100,7.20002937317,30.5727596505,24.1224410233,0,0,28.8001174927,
G1_D060_DENS_HIGH_V_LOW_S100,G1_D060_DENS_HIGH_V_LOW,100,7.20903158188,29.8215814764,13.301523661,0,0,28.8361263275,
G1_D060_DENS_HIGH_V_LOW_S100,G1_D060_DENS_HIGH_V_LOW,100,7.2180352211,30.1036359495,18.9575266175,0,0,28.8721408844,
G1_D060_DENS_HIGH_V_LOW_S100,G1_D060_DENS_HIGH_V_LOW,100,7.2270321846,29.7562616352,22.9889459426,0,0,28.9081287384,
G1_D060_DENS_HIGH_V_LOW_S100,G1_D060_DENS_HIGH_V_LOW,100,7.23601484299,32.1001324756,24.0175757427,0,0,28.9440593719,
G1_D060_DENS_HIGH_V_LOW_S100,G1_D060_DENS_HIGH_V_LOW,100,7.24501180649,28.4513827924,26.8081780282,0,0,28.980047226,
G1_D060_DENS_HIGH_V_LOW_S100,G1_D060_DENS_HIGH_V_LOW,100,7.25401830673,28.8992253914,26.6272300957,0,0,29.0160732269,
G1_D060_DENS_HIGH_V_LOW_S100,G1_D060_DENS_HIGH_V_LOW,100,7.26301050186,30.0752208514,16.4399238074,0,0,29.0520420074,
G1_D060_DENS_HIGH_V_LOW_S100,G1_D060_DENS_HIGH_V_LOW,100,7.27200222015,31.6590681226,25.3112735137,0,0,29.0880088806,
G1_D060_DENS_HIGH_V_LOW_S100,G1_D060_DENS_HIGH_V_LOW,100,7.28101158142,33.7160421455,23.9503394722,0,0,29.1240463257,
G1_D060_DENS_HIGH_V_LOW_S100,G1_D060_DENS_HIGH_V_LOW,100,7.29004430771,34.8735144294,26.6809576243,0,0,29.1601772308,
G1_D060_DENS_HIGH_V_LOW_S100,G1_D060_DENS_HIGH_V_LOW,100,7.29902553558,36.7766697589,19.9608834368,0,0,29.1961021423,
G1_D060_DENS_HIGH_V_LOW_S100,G1_D060_DENS_HIGH_V_LOW,100,7.30802202225,26.4254816306,21.371782357,0,0,29.232088089,
G1_D060_DENS_HIGH_V_LOW_S100,G1_D060_DENS_HIGH_V_LOW,100,7.31702756882,26.0226759431,14.7466848688,0,0,29.2681102753,
G1_D060_DENS_HIGH_V_LOW_S100,G1_D060_DENS_HIGH_V_LOW,100,7.32603788376,34.3558222211,22.8097660812,0,0,29.304151535,
G1_D060_DENS_HIGH_V_LOW_S100,G1_D060_DENS_HIGH_V_LOW,100,7.33502292633,30.6405973727,19.9294293457,0,0,29.3400917053,
G1_D060_DENS_HIGH_V_LOW_S100,G1_D060_DENS_HIGH_V_LOW,100,7.34400081635,29.9386646669,22.4996800615,0,0,29.3760032654,
G1_D060_DENS_HIGH_V_LOW_S100,G1_D060_DENS_HIGH_V_LOW,100,7.35300636292,30.7659318904,22.4899145204,0,0,29.4120254517,
G1_D060_DENS_HIGH_V_LOW_S100,G1_D060_DENS_HIGH_V_LOW,100,7.36201381683,30.1653879292,28.3796383206,0,0,29.4480552673,
G1_D060_DENS_HIGH_V_LOW_S100,G1_D060_DENS_HIGH_V_LOW,100,7.37101840973,32.9642699035,25.5931833181,0,0,29.4840736389,
G1_D060_DENS_HIGH_V_LOW_S100,G1_D060_DENS_HIGH_V_LOW,100,7.38002681732,29.5602675727,25.7527483751,0,0,29.5201072693,
G1_D060_DENS_HIGH_V_LOW_S100,G1_D060_DENS_HIGH_V_LOW,100,7.38901662827,26.7791489203,18.8063273422,0,0,29.5560665131,
G1_D060_DENS_HIGH_V_LOW_S100,G1_D060_DENS_HIGH_V_LOW,100,7.3980383873,19.109604151,19.1503819211,0,0,29.5921535492,
G1_D060_DENS_HIGH_V_LOW_S100,G1_D060_DENS_HIGH_V_LOW,100,7.4070148468,24.0698503175,15.3523478795,0,0,29.6280593872,
G1_D060_DENS_HIGH_V_LOW_S100,G1_D060_DENS_HIGH_V_LOW,100,7.41601991653,28.4801432787,18.7417900846,0,0,29.6640796661,
G1_D060_DENS_HIGH_V_LOW_S100,G1_D060_DENS_HIGH_V_LOW,100,7.42501878738,31.410564672,20.8734342976,0,0,29.7000751495,
G1_D060_DENS_HIGH_V_LOW_S100,G1_D060_DENS_HIGH_V_LOW,100,7.43403434753,21.3773254991,11.3821036613,0,0,29.7361373901,
G1_D060_DENS_HIGH_V_LOW_S100,G1_D060_DENS_HIGH_V_LOW,100,7.44303321838,27.4911600576,18.2058942414,0,0,29.7721328735,
G1_D060_DENS_HIGH_V_LOW_S100,G1_D060_DENS_HIGH_V_LOW,100,7.45201683044,29.0643797298,18.3225753927,0,0,29.8080673218,
G1_D060_DENS_HIGH_V_LOW_S100,G1_D060_DENS_HIGH_V_LOW,100,7.4610004425,33.3984195821,23.634179466,0,0,29.84400177,
G1_D060_DENS_HIGH_V_LOW_S100,G1_D060_DENS_HIGH_V_LOW,100,7.4700217247,29.1764547894,12.9616466649,0,0,29.8800868988,
G1_D060_DENS_HIGH_V_LOW_S100,G1_D060_DENS_HIGH_V_LOW,100,7.47902297974,27.4550600692,29.3610676462,0,0,29.9160919189,
G1_D060_DENS_HIGH_V_LOW_S100,G1_D060_DENS_HIGH_V_LOW,100,7.48801803589,29.9204661557,24.7673695042,0,0,29.9520721436,
G1_D060_DENS_HIGH_V_LOW_S100,G1_D060_DENS_HIGH_V_LOW,100,7.4970126152,30.949077507,11.9447849468,0,0,29.9880504608,
G1_D060_DENS_HIGH_V_LOW_S100,G1_D060_DENS_HIGH_V_LOW,100,7.50602436066,31.294624717,14.1936956945,0,0,30.0240974426,
G1_D060_DENS_HIGH_V_LOW_S100,G1_D060_DENS_HIGH_V_LOW,100,7.51501941681,20.1522037297,21.8880262668,0,0,30.0600776672,
G1_D060_DENS_HIGH_V_LOW_S100,G1_D060_DENS_HIGH_V_LOW,100,7.52403783798,38.4487810182,27.2555558979,0,0,30.0961513519,
G1_D060_DENS_HIGH_V_LOW_S100,G1_D060_DENS_HIGH_V_LOW,100,7.53304290771,26.4961308138,17.1654931755,0,0,30.1321716309,
G1_D060_DENS_HIGH_V_LOW_S100,G1_D060_DENS_HIGH_V_LOW,100,7.54203557968,33.5737766918,20.0770510388,0,0,30.1681423187,
G1_D060_DENS_HIGH_V_LOW_S100,G1_D060_DENS_HIGH_V_LOW,100,7.55104017258,32.9596796926,9.78891485768,0,0,30.2041606903,
G1_D060_DENS_HIGH_V_LOW_S100,G1_D060_DENS_HIGH_V_LOW,100,7.5600194931,30.864598975,14.0915345383,0,0,30.2400779724,
G1_D060_DENS_HIGH_V_LOW_S100,G1_D060_DENS_HIGH_V_LOW,100,7.56900024414,28.1182695623,21.1268083931,0,0,30.2760009766,
G1_D060_DENS_HIGH_V_LOW_S100,G1_D060_DENS_HIGH_V_LOW,100,7.57803583145,32.4554748987,21.4107428461,0,0,30.3121433258,
G1_D060_DENS_HIGH_V_LOW_S100,G1_D060_DENS_HIGH_V_LOW,100,7.58700561523,27.0181731881,27.4845779222,0,0,30.3480224609,
G1_D060_DENS_HIGH_V_LOW_S100,G1_D060_DENS_HIGH_V_LOW,100,7.59601306915,29.9155581875,23.4076176002,0,0,30.3840522766,
G1_D060_DENS_HIGH_V_LOW_S100,G1_D060_DENS_HIGH_V_LOW,100,7.60502672195,36.9333586293,34.3588205237,0,0,30.4201068878,
G1_D060_DENS_HIGH_V_LOW_S100,G1_D060_DENS_HIGH_V_LOW,100,7.61401939392,28.111617383,22.8168459486,0,0,30.4560775757,
G1_D060_DENS_HIGH_V_LOW_S100,G1_D060_DENS_HIGH_V_LOW,100,7.62303543091,28.958435313,21.9237996288,0,0,30.4921417236,
G1_D060_DENS_HIGH_V_LOW_S100,G1_D060_DENS_HIGH_V_LOW,100,7.63203048706,24.5403054906,10.5437133197,0,0,30.5281219482,
G1_D060_DENS_HIGH_V_LOW_S100,G1_D060_DENS_HIGH_V_LOW,100,7.64100408554,27.1002132784,20.0420896724,0,0,30.5640163422,
G1_D060_DENS_HIGH_V_LOW_S100,G1_D060_DENS_HIGH_V_LOW,100,7.65004205704,28.2109234361,16.8843596661,0,0,30.6001682281,
G1_D060_DENS_HIGH_V_LOW_S100,G1_D060_DENS_HIGH_V_LOW,100,7.65902233124,34.7971663387,22.4427733537,0,0,30.636089325,
G1_D060_DENS_HIGH_V_LOW_S100,G1_D060_DENS_HIGH_V_LOW,100,7.66801118851,29.5351405716,24.2590652017,0,0,30.672044754,
G1_D060_DENS_HIGH_V_LOW_S100,G1_D060_DENS_HIGH_V_LOW,100,7.67701482773,26.3497120654,18.3411972078,0,0,30.7080593109,
G1_D060_DENS_HIGH_V_LOW_S100,G1_D060_DENS_HIGH_V_LOW,100,7.68600940704,33.2512461602,13.7797080063,0,0,30.7440376282,
G1_D060_DENS_HIGH_V_LOW_S100,G1_D060_DENS_HIGH_V_LOW,100,7.69502449036,29.5776302441,18.7066235823,0,0,30.7800979614,
G1_D060_DENS_HIGH_V_LOW_S100,G1_D060_DENS_HIGH_V_LOW,100,7.70400047302,29.2550202732,21.2813540049,0,0,30.8160018921,
G1_D060_DENS_HIGH_V_LOW_S100,G1_D060_DENS_HIGH_V_LOW,100,7.71299982071,31.1622719084,21.7454898155,0,0,30.8519992828,
G1_D060_DENS_HIGH_V_LOW_S100,G1_D060_DENS_HIGH_V_LOW,100,7.72202253342,39.6006200183,28.4732784164,0,0,30.8880901337,
G1_D060_DENS_HIGH_V_LOW_S100,G1_D060_DENS_HIGH_V_LOW,100,7.73102378845,30.4646427412,23.3715318657,0,0,30.9240951538,
G1_D060_DENS_HIGH_V_LOW_S100,G1_D060_DENS_HIGH_V_LOW,100,7.74004220963,28.5015988019,24.9964175245,0,0,30.9601688385,
G1_D060_DENS_HIGH_V_LOW_S100,G1_D060_DENS_HIGH_V_LOW,100,7.74901819229,30.4050390768,21.0348901742,0,0,30.9960727692,
G1_D060_DENS_HIGH_V_LOW_S100,G1_D060_DENS_HIGH_V_LOW,100,7.75803184509,29.7473160774,17.1459265806,0,0,31.0321273804,
G1_D060_DENS_HIGH_V_LOW_S100,G1_D060_DENS_HIGH_V_LOW,100,7.76701021194,33.1190936769,20.4279515755,0,0,31.0680408478,
G1_D060_DENS_HIGH_V_LOW_S100,G1_D060_DENS_HIGH_V_LOW,100,7.77601671219,30.774024339,24.6779003477,0,0,31.1040668488,
G1_D060_DENS_HIGH_V_LOW_S100,G1_D060_DENS_HIGH_V_LOW,100,7.78504276276,33.8834484159,23.5820968872,0,0,31.140171051,
G1_D060_DENS_HIGH_V_LOW_S100,G1_D060_DENS_HIGH_V_LOW,100,7.79402399063,29.8569457877,1.36049868671,0,0,31.1760959625,
G1_D060_DENS_HIGH_V_LOW_S100,G1_D060_DENS_HIGH_V_LOW,100,7.80300045013,34.3667883006,21.2342976057,0,0,31.2120018005,
G1_D060_DENS_HIGH_V_LOW_S100,G1_D060_DENS_HIGH_V_LOW,100,7.8120007515,32.1478858663,22.2948109143,0,0,31.248003006,
G1_D060_DENS_HIGH_V_LOW_S100,G1_D060_DENS_HIGH_V_LOW,100,7.82102966309,30.3600108001,24.6486492791,0,0,31.2841186523,
G1_D060_DENS_HIGH_V_LOW_S100,G1_D060_DENS_HIGH_V_LOW,100,7.83002710342,30.0627661482,20.8153913479,0,0,31.3201084137,
G1_D060_DENS_HIGH_V_LOW_S100,G1_D060_DENS_HIGH_V_LOW,100,7.83901834488,32.3623478429,29.0956087658,0,0,31.3560733795,
G1_D060_DENS_HIGH_V_LOW_S100,G1_D060_DENS_HIGH_V_LOW,100,7.84801912308,35.525873548,32.9343074884,0,0,31.3920764923,
G1_D060_DENS_HIGH_V_LOW_S100,G1_D060_DENS_HIGH_V_LOW,100,7.85703229904,28.7780717995,22.3370231666,0,0,31.4281291962,
G1_D060_DENS_HIGH_V_LOW_S100,G1_D060_DENS_HIGH_V_LOW,100,7.86604309082,24.446049015,21.2839103582,0,0,31.4641723633,
G1_D060_DENS_HIGH_V_LOW_S100,G1_D060_DENS_HIGH_V_LOW,100,7.87501239777,27.3182793822,26.160777097,0,0,31.5000495911,
G1_D060_DENS_HIGH_V_LOW_S100,G1_D060_DENS_HIGH_V_LOW,100,7.88401174545,36.2524393496,14.6146706957,0,0,31.5360469818,
G1_D060_DENS_HIGH_V_LOW_S100,G1_D060_DENS_HIGH_V_LOW,100,7.89301872253,31.1096899888,20.5241109816,0,0,31.5720748901,
G1_D060_DENS_HIGH_V_LOW_S100,G1_D060_DENS_HIGH_V_LOW,100,7.90200805664,31.3679782908,8.09739411846,0,0,31.6080322266,
G1_D060_DENS_HIGH_V_LOW_S100,G1_D060_DENS_HIGH_V_LOW,100,7.91101884842,30.3609053558,7.88350804817,0,0,31.6440753937,
G1_D060_DENS_HIGH_V_LOW_S100,G1_D060_DENS_HIGH_V_LOW,100,7.92000579834,19.4189356675,16.157539887,0,0,31.6800231934,
G1_D060_DENS_HIGH_V_LOW_S100,G1_D060_DENS_HIGH_V_LOW,100,7.92902135849,36.33619602,21.6624824945,0,0,31.716085434,
G1_D060_DENS_HIGH_V_LOW_S100,G1_D060_DENS_HIGH_V_LOW,100,7.93801498413,35.7302156465,25.1991807042,0,0,31.7520599365,
G1_D060_DENS_HIGH_V_LOW_S100,G1_D060_DENS_HIGH_V_LOW,100,7.94701719284,30.4305425512,30.1522407519,0,0,31.7880687714,
G1_D060_DENS_HIGH_V_LOW_S100,G1_D060_DENS_HIGH_V_LOW,100,7.95602893829,31.4743578968,29.3669487462,0,0,31.8241157532,
G1_D060_DENS_HIGH_V_LOW_S100,G1_D060_DENS_HIGH_V_LOW,100,7.96502494812,31.6529305719,29.265300717,0,0,31.8600997925,
G1_D060_DENS_HIGH_V_LOW_S100,G1_D060_DENS_HIGH_V_LOW,100,7.97402477264,32.5671424001,23.8044633495,0,0,31.8960990906,
G1_D060_DENS_HIGH_V_LOW_S100,G1_D060_DENS_HIGH_V_LOW,100,7.9830031395,31.3568809637,25.1349899274,0,0,31.932012558,
G1_D060_DENS_HIGH_V_LOW_S100,G1_D060_DENS_HIGH_V_LOW,100,7.9920372963,30.4699720831,22.1043732565,0,0,31.9681491852,
G1_D060_DENS_HIGH_V_LOW_S100,G1_D060_DENS_HIGH_V_LOW,100,8.00100135803,32.5423780567,24.1380687586,0,0,32.0040054321,
G1_D060_DENS_HIGH_V_LOW_S100,G1_D060_DENS_HIGH_V_LOW,100,8.01003360748,35.0022199372,23.0455961083,0,0,32.0401344299,
G1_D060_DENS_HIGH_V_LOW_S100,G1_D060_DENS_HIGH_V_LOW,100,8.01900482178,33.778719766,8.1901863843,0,0,32.0760192871,
G1_D060_DENS_HIGH_V_LOW_S100,G1_D060_DENS_HIGH_V_LOW,100,8.02800655365,30.7074161993,22.808239834,0,0,32.1120262146,
G1_D060_DENS_HIGH_V_LOW_S100,G1_D060_DENS_HIGH_V_LOW,100,8.03701400757,28.7458764261,23.9902997845,0,0,32.1480560303,
G1_D060_DENS_HIGH_V_LOW_S100,G1_D060_DENS_HIGH_V_LOW,100,8.04601287842,31.462217497,26.163220809,0,0,32.1840515137,
G1_D060_DENS_HIGH_V_LOW_S100,G1_D060_DENS_HIGH_V_LOW,100,8.05500411987,31.5686799962,24.51157667,0,0,32.2200164795,
G1_D060_DENS_HIGH_V_LOW_S100,G1_D060_DENS_HIGH_V_LOW,100,8.06400489807,31.9316520476,20.4574280644,0,0,32.2560195923,
G1_D060_DENS_HIGH_V_LOW_S100,G1_D060_DENS_HIGH_V_LOW,100,8.07300186157,30.5754502256,19.4344344329,0,0,32.2920074463,
G1_D060_DENS_HIGH_V_LOW_S100,G1_D060_DENS_HIGH_V_LOW,100,8.08203125,31.5468272765,28.6696667496,0,0,32.328125,
G1_D060_DENS_HIGH_V_LOW_S100,G1_D060_DENS_HIGH_V_LOW,100,8.09100627899,30.6513942119,28.1432082124,0,0,32.364025116,
G1_D060_DENS_HIGH_V_LOW_S100,G1_D060_DENS_HIGH_V_LOW,100,8.10002422333,30.0967281828,22.662285775,0,0,32.4000968933,
G1_D060_DENS_HIGH_V_LOW_S100,G1_D060_DENS_HIGH_V_LOW,100,8.10903167725,31.6594825886,27.0531852793,0,0,32.436126709,
G1_D060_DENS_HIGH_V_LOW_S100,G1_D060_DENS_HIGH_V_LOW,100,8.11801052094,32.7093387761,24.7989035008,0,0,32.4720420837,
G1_D060_DENS_HIGH_V_LOW_S100,G1_D060_DENS_HIGH_V_LOW,100,8.12702274323,34.2065868309,26.9654806273,0,0,32.5080909729,
G1_D060_DENS_HIGH_V_LOW_S100,G1_D060_DENS_HIGH_V_LOW,100,8.13603115082,33.6790372397,24.8329255715,0,0,32.5441246033,
G1_D060_DENS_HIGH_V_LOW_S100,G1_D060_DENS_HIGH_V_LOW,100,8.14502716064,24.8968429573,17.0899925968,0,0,32.5801086426,
G1_D060_DENS_HIGH_V_LOW_S100,G1_D060_DENS_HIGH_V_LOW,100,8.15401363373,31.4164051887,20.4128427463,0,0,32.6160545349,
G1_D060_DENS_HIGH_V_LOW_S100,G1_D060_DENS_HIGH_V_LOW,100,8.16300964355,30.7055614639,12.4788235833,0,0,32.6520385742,
G1_D060_DENS_HIGH_V_LOW_S100,G1_D060_DENS_HIGH_V_LOW,100,8.17202568054,31.4779533894,20.4323709756,0,0,32.6881027222,
G1_D060_DENS_HIGH_V_LOW_S100,G1_D060_DENS_HIGH_V_LOW,100,8.18101978302,33.0403071446,21.2274326342,0,0,32.7240791321,
G1_D060_DENS_HIGH_V_LOW_S100,G1_D060_DENS_HIGH_V_LOW,100,8.19000911713,31.9458785929,22.5909435533,0,0,32.7600364685,
G1_D060_DENS_HIGH_V_LOW_S100,G1_D060_DENS_HIGH_V_LOW,100,8.19903373718,29.9743605509,21.8072068622,0,0,32.7961349487,
G1_D060_DENS_HIGH_V_LOW_S100,G1_D060_DENS_HIGH_V_LOW,100,8.2080039978,36.0427057393,31.9699109789,0,0,32.8320159912,
G1_D060_DENS_HIGH_V_LOW_S100,G1_D060_DENS_HIGH_V_LOW,100,8.21702289581,27.5027081165,14.4126039403,0,0,32.8680915833,
G1_D060_DENS_HIGH_V_LOW_S100,G1_D060_DENS_HIGH_V_LOW,100,8.22603034973,32.7342101898,18.4039826366,0,0,32.9041213989,
G1_D060_DENS_HIGH_V_LOW_S100,G1_D060_DENS_HIGH_V_LOW,100,8.2350358963,18.8840603898,18.4426204172,0,0,32.9401435852,
G1_D060_DENS_HIGH_V_LOW_S100,G1_D060_DENS_HIGH_V_LOW,100,8.24400043488,30.7025358622,13.1336325551,0,0,32.9760017395,
G1_D060_DENS_HIGH_V_LOW_S100,G1_D060_DENS_HIGH_V_LOW,100,8.25304317474,27.8723271662,15.8224414495,0,0,33.012172699,
G1_D060_DENS_HIGH_V_LOW_S100,G1_D060_DENS_HIGH_V_LOW,100,8.26200771332,42.5405551332,26.6364276538,0,0,33.0480308533,
G1_D060_DENS_HIGH_V_LOW_S100,G1_D060_DENS_HIGH_V_LOW,100,8.2710313797,31.2841214578,15.8571973547,0,0,33.0841255188,
G1_D060_DENS_HIGH_V_LOW_S100,G1_D060_DENS_HIGH_V_LOW,100,8.28002548218,32.0916946387,16.6416556918,0,0,33.1201019287,
G1_D060_DENS_HIGH_V_LOW_S100,G1_D060_DENS_HIGH_V_LOW,100,8.28903007507,32.0364290518,17.5173489101,0,0,33.1561203003,
G1_D060_DENS_HIGH_V_LOW_S100,G1_D060_DENS_HIGH_V_LOW,100,8.29801082611,32.5645070871,24.3352495676,0,0,33.1920433044,
G1_D060_DENS_HIGH_V_LOW_S100,G1_D060_DENS_HIGH_V_LOW,100,8.30702400208,32.2411303541,21.5053742361,0,0,33.2280960083,
G1_D060_DENS_HIGH_V_LOW_S100,G1_D060_DENS_HIGH_V_LOW,100,8.3160161972,32.6670770599,23.581404304,0,0,33.2640647888,
G1_D060_DENS_HIGH_V_LOW_S100,G1_D060_DENS_HIGH_V_LOW,100,8.32501506805,29.3299039173,24.2579010382,0,0,33.3000602722,
G1_D060_DENS_HIGH_V_LOW_S100,G1_D060_DENS_HIGH_V_LOW,100,8.33400058746,31.3203181549,22.7190197099,0,0,33.3360023499,
G1_D060_DENS_HIGH_V_LOW_S100,G1_D060_DENS_HIGH_V_LOW,100,8.34303283691,32.1699043724,18.8490014833,0,0,33.3721313477,
G1_D060_DENS_HIGH_V_LOW_S100,G1_D060_DENS_HIGH_V_LOW,100,8.35202789307,33.2060486432,20.544256471,0,0,33.4081115723,
G1_D060_DENS_HIGH_V_LOW_S100,G1_D060_DENS_HIGH_V_LOW,100,8.36101722717,32.510550522,11.4262784549,0,0,33.4440689087,
G1_D060_DENS_HIGH_V_LOW_S100,G1_D060_DENS_HIGH_V_LOW,100,8.370013237,31.5187368435,14.1818795256,0,0,33.480052948,
G1_D060_DENS_HIGH_V_LOW_S100,G1_D060_DENS_HIGH_V_LOW,100,8.3790140152,33.4973111692,22.0769729784,0,0,33.5160560608,
G1_D060_DENS_HIGH_V_LOW_S100,G1_D060_DENS_HIGH_V_LOW,100,8.38803482056,31.0379390169,20.8105102079,0,0,33.5521392822,
G1_D060_DENS_HIGH_V_LOW_S100,G1_D060_DENS_HIGH_V_LOW,100,8.39700698853,30.2051421262,17.4080348049,0,0,33.5880279541,
G1_D060_DENS_HIGH_V_LOW_S100,G1_D060_DENS_HIGH_V_LOW,100,8.40603542328,31.3819872415,24.0443486549,0,0,33.6241416931,
G1_D060_DENS_HIGH_V_LOW_S100,G1_D060_DENS_HIGH_V_LOW,100,8.41501712799,35.2590956008,25.2959267044,0,0,33.660068512,
G1_D060_DENS_HIGH_V_LOW_S100,G1_D060_DENS_HIGH_V_LOW,100,8.42402458191,30.9600539481,23.3160832187,0,0,33.6960983276,
G1_D060_DENS_HIGH_V_LOW_S100,G1_D060_DENS_HIGH_V_LOW,100,8.43301677704,30.6104622408,16.6331996117,0,0,33.7320671082,
G1_D060_DENS_HIGH_V_LOW_S100,G1_D060_DENS_HIGH_V_LOW,100,8.44201183319,30.1758601034,23.0909101266,0,0,33.7680473328,
G1_D060_DENS_HIGH_V_LOW_S100,G1_D060_DENS_HIGH_V_LOW,100,8.45101737976,30.0427508944,25.5454058613,0,0,33.804069519,
G1_D060_DENS_HIGH_V_LOW_S100,G1_D060_DENS_HIGH_V_LOW,100,8.46000576019,29.2261285393,20.1189465483,0,0,33.8400230408,
G1_D060_DENS_HIGH_V_LOW_S100,G1_D060_DENS_HIGH_V_LOW,100,8.46903705597,28.4806492726,9.31743420957,0,0,33.8761482239,
G1_D060_DENS_HIGH_V_LOW_S100,G1_D060_DENS_HIGH_V_LOW,100,8.47801780701,28.3082711373,15.5965971806,0,0,33.912071228,
G1_D060_DENS_HIGH_V_LOW_S100,G1_D060_DENS_HIGH_V_LOW,100,8.4870223999,32.2412477861,20.2851756806,0,0,33.9480895996,
G1_D060_DENS_HIGH_V_LOW_S100,G1_D060_DENS_HIGH_V_LOW,100,8.49604225159,33.2972587937,21.1289281461,0,0,33.9841690063,
G1_D060_DENS_HIGH_V_LOW_S100,G1_D060_DENS_HIGH_V_LOW,100,8.50501441956,31.2766368927,16.4461827043,0,0,34.0200576782,
G1_D060_DENS_HIGH_V_LOW_S100,G1_D060_DENS_HIGH_V_LOW,100,8.51400375366,37.7849480992,20.0220766023,0,0,34.0560150146,
G1_D060_DENS_HIGH_V_LOW_S100,G1_D060_DENS_HIGH_V_LOW,100,8.52300548553,35.0521492743,18.8047340885,0,0,34.0920219421,
G1_D060_DENS_HIGH_V_LOW_S100,G1_D060_DENS_HIGH_V_LOW,100,8.53201961517,35.1524534996,17.8861316505,0,0,34.1280784607,
G1_D060_DENS_HIGH_V_LOW_S100,G1_D060_DENS_HIGH_V_LOW,100,8.54103755951,32.6091278056,21.6404074212,0,0,34.164150238,
G1_D060_DENS_HIGH_V_LOW_S100,G1_D060_DENS_HIGH_V_LOW,100,8.55001449585,30.3509512641,13.9352859085,0,0,34.2000579834,
G1_D060_DENS_HIGH_V_LOW_S100,G1_D060_DENS_HIGH_V_LOW,100,8.55901622772,29.8906246039,22.5867333368,0,0,34.2360649109,
G1_D060_DENS_HIGH_V_LOW_S100,G1_D060_DENS_HIGH_V_LOW,100,8.56800270081,31.9244886936,25.001792223,0,0,34.2720108032,
G1_D060_DENS_HIGH_V_LOW_S100,G1_D060_DENS_HIGH_V_LOW,100,8.57703399658,31.9915009376,23.1723513759,0,0,34.3081359863,
G1_D060_DENS_HIGH_V_LOW_S100,G1_D060_DENS_HIGH_V_LOW,100,8.58604240417,29.6740039502,18.0845502911,0,0,34.3441696167,
G1_D060_DENS_HIGH_V_LOW_S100,G1_D060_DENS_HIGH_V_LOW,100,8.59501838684,33.1046564446,12.4528859797,0,0,34.3800735474,
G1_D060_DENS_HIGH_V_LOW_S100,G1_D060_DENS_HIGH_V_LOW,100,8.60400485992,26.9794706986,18.0332905427,0,0,34.4160194397,
G1_D060_DENS_HIGH_V_LOW_S100,G1_D060_DENS_HIGH_V_LOW,100,8.6130361557,31.1807812691,19.5320695063,0,0,34.4521446228,
G1_D060_DENS_HIGH_V_LOW_S100,G1_D060_DENS_HIGH_V_LOW,100,8.62201309204,33.4481175091,18.2145142903,0,0,34.4880523682,
G1_D060_DENS_HIGH_V_LOW_S100,G1_D060_DENS_HIGH_V_LOW,100,8.63101959229,32.1837648061,24.5368413556,0,0,34.5240783691,
G1_D060_DENS_HIGH_V_LOW_S100,G1_D060_DENS_HIGH_V_LOW,100,8.64000034332,31.7268367671,14.4514036165,0,0,34.5600013733,
G1_D060_DENS_HIGH_V_LOW_S100,G1_D060_DENS_HIGH_V_LOW,100,8.64900016785,34.8500487461,16.0642578463,0,0,34.5960006714,
G1_D060_DENS_HIGH_V_LOW_S100,G1_D060_DENS_HIGH_V_LOW,100,8.65802097321,32.7006004513,23.6562085402,0,0,34.6320838928,
G1_D060_DENS_HIGH_V_LOW_S100,G1_D060_DENS_HIGH_V_LOW,100,8.66702365875,31.8412880984,18.6382239922,0,0,34.668094635,
G1_D060_DENS_HIGH_V_LOW_S100,G1_D060_DENS_HIGH_V_LOW,100,8.67601490021,31.7431805429,19.4501881681,0,0,34.7040596008,
G1_D060_DENS_HIGH_V_LOW_S100,G1_D060_DENS_HIGH_V_LOW,100,8.68503665924,31.9885478674,26.6452737542,0,0,34.740146637,
G1_D060_DENS_HIGH_V_LOW_S100,G1_D060_DENS_HIGH_V_LOW,100,8.69401359558,32.1765081973,22.8192424257,0,0,34.7760543823,
G1_D060_DENS_HIGH_V_LOW_S100,G1_D060_DENS_HIGH_V_LOW,100,8.70301532745,19.2561265159,16.5593214254,0,0,34.8120613098,
G1_D060_DENS_HIGH_V_LOW_S100,G1_D060_DENS_HIGH_V_LOW,100,8.71203422546,38.716871441,27.2810607504,0,0,34.8481369019,
G1_D060_DENS_HIGH_V_LOW_S100,G1_D060_DENS_HIGH_V_LOW,100,8.7210226059,32.8087449918,12.6215050246,0,0,34.8840904236,
G1_D060_DENS_HIGH_V_LOW_S100,G1_D060_DENS_HIGH_V_LOW,100,8.73001194,28.4662379445,21.56893027,0,0,34.92004776,
G1_D060_DENS_HIGH_V_LOW_S100,G1_D060_DENS_HIGH_V_LOW,100,8.73900508881,29.3069459549,20.3983581951,0,0,34.9560203552,
G1_D060_DENS_HIGH_V_LOW_S100,G1_D060_DENS_HIGH_V_LOW,100,8.74803256989,25.2052781911,14.9911652625,0,0,34.9921302795,
G1_D060_DENS_HIGH_V_LOW_S100,G1_D060_DENS_HIGH_V_LOW,100,8.75702667236,30.7521405343,16.3188205191,0,0,35.0281066895,
G1_D060_DENS_HIGH_V_LOW_S100,G1_D060_DENS_HIGH_V_LOW,100,8.76600837708,31.4915547818,19.2008675102,0,0,35.0640335083,
G1_D060_DENS_HIGH_V_LOW_S100,G1_D060_DENS_HIGH_V_LOW,100,8.77502536774,31.2042158673,18.5370008862,0,0,35.1001014709,
G1_D060_DENS_HIGH_V_LOW_S100,G1_D060_DENS_HIGH_V_LOW,100,8.78403282166,33.2577325531,18.9705074434,0,0,35.1361312866,
G1_D060_DENS_HIGH_V_LOW_S100,G1_D060_DENS_HIGH_V_LOW,100,8.79302406311,34.8999504522,24.2021045159,0,0,35.1720962524,
G1_D060_DENS_HIGH_V_LOW_S100,G1_D060_DENS_HIGH_V_LOW,100,8.80202198029,30.7843341807,22.1179494239,0,0,35.2080879211,
G1_D060_DENS_HIGH_V_LOW_S100,G1_D060_DENS_HIGH_V_LOW,100,8.81100654602,31.9544545852,24.7682046228,0,0,35.2440261841,
G1_D060_DENS_HIGH_V_LOW_S100,G1_D060_DENS_HIGH_V_LOW,100,8.82000923157,27.3685005726,16.3117692288,0,0,35.2800369263,
G1_D060_DENS_HIGH_V_LOW_S100,G1_D060_DENS_HIGH_V_LOW,100,8.82900524139,40.4097025462,19.3651977453,0,0,35.3160209656,
G1_D060_DENS_HIGH_V_LOW_S100,G1_D060_DENS_HIGH_V_LOW,100,8.83802890778,21.4301854563,13.6299173685,0,0,35.3521156311,
G1_D060_DENS_HIGH_V_LOW_S100,G1_D060_DENS_HIGH_V_LOW,100,8.84703636169,28.9684066742,12.4217089987,0,0,35.3881454468,
G1_D060_DENS_HIGH_V_LOW_S100,G1_D060_DENS_HIGH_V_LOW,100,8.85601806641,28.7798885421,20.4409336414,0,0,35.4240722656,
G1_D060_DENS_HIGH_V_LOW_S100,G1_D060_DENS_HIGH_V_LOW,100,8.86503124237,46.8960677781,21.8118044108,0,0,35.4601249695,
G1_D060_DENS_HIGH_V_LOW_S100,G1_D060_DENS_HIGH_V_LOW,100,8.8740234375,38.6958890998,7.66790648031,0,0,35.49609375,
G1_D060_DENS_HIGH_V_LOW_S100,G1_D060_DENS_HIGH_V_LOW,100,8.88302612305,32.5125434127,17.0788745735,0,0,35.5321044922,
G1_D060_DENS_HIGH_V_LOW_S100,G1_D060_DENS_HIGH_V_LOW,100,8.89200305939,31.8948785519,18.2317494804,0,0,35.5680122375,
G1_D060_DENS_HIGH_V_LOW_S100,G1_D060_DENS_HIGH_V_LOW,100,8.90101909637,33.4981193779,18.8767701611,0,0,35.6040763855,
G1_D060_DENS_HIGH_V_LOW_S100,G1_D060_DENS_HIGH_V_LOW,100,8.91001033783,31.9579291918,26.295158319,0,0,35.6400413513,
G1_D060_DENS_HIGH_V_LOW_S100,G1_D060_DENS_HIGH_V_LOW,100,8.9190158844,33.6851160743,20.4485930446,0,0,35.6760635376,
G1_D060_DENS_HIGH_V_LOW_S100,G1_D060_DENS_HIGH_V_LOW,100,8.92801189423,33.4493090989,22.204910876,0,0,35.7120475769,
G1_D060_DENS_HIGH_V_LOW_S100,G1_D060_DENS_HIGH_V_LOW,100,8.93701267242,35.6777338895,21.2540568419,0,0,35.7480506897,
G1_D060_DENS_HIGH_V_LOW_S100,G1_D060_DENS_HIGH_V_LOW,100,8.94602489471,31.0837271479,19.844246124,0,0,35.7840995789,
G1_D060_DENS_HIGH_V_LOW_S100,G1_D060_DENS_HIGH_V_LOW,100,8.95500183105,33.8878210321,19.846064785,0,0,35.8200073242,
G1_D060_DENS_HIGH_V_LOW_S100,G1_D060_DENS_HIGH_V_LOW,100,8.96403312683,31.4495451991,16.135560211,0,0,35.8561325073,
G1_D060_DENS_HIGH_V_LOW_S100,G1_D060_DENS_HIGH_V_LOW,100,8.97303104401,31.5929504343,20.1664704148,0,0,35.892124176,
G1_D060_DENS_HIGH_V_LOW_S100,G1_D060_DENS_HIGH_V_LOW,100,8.98202037811,30.5563882436,21.6554852491,0,0,35.9280815125,
G1_D060_DENS_HIGH_V_LOW_S100,G1_D060_DENS_HIGH_V_LOW,100,8.99104309082,28.4962694599,7.92111842654,0,0,35.9641723633,
G1_D060_DENS_HIGH_V_LOW_S100,G1_D060_DENS_HIGH_V_LOW,100,9,35.3005318389,19.2461423466,0,0,36,
