run_id,scenario_id,S,z_m,qb_MPa,qs_kPa,ALLKE,ALLIE,time_s,walltime_h
G1_D060_DENS_REF_V_REF_S015,G1_D060_DENS_REF_V_REF,15,0,0,0,0,0,0,
G1_D060_DENS_REF_V_REF_S015,G1_D060_DENS_REF_V_REF,15,0.00902342330664,0,0,0,0,0.0180468466133,
G1_D060_DENS_REF_V_REF_S015,G1_D060_DENS_REF_V_REF,15,0.018012618646,0.027823881906,43.8375285176,0,0,0.0360252372921,
G1_D060_DENS_REF_V_REF_S015,G1_D060_DENS_REF_V_REF,15,0.0270343124866,0,0,0,0,0.0540686249733,
G1_D060_DENS_REF_V_REF_S015,G1_D060_DENS_REF_V_REF,15,0.0360212177038,0.725997907651,37.5508899352,0,0,0.0720424354076,
G1_D060_DENS_REF_V_REF_S015,G1_D060_DENS_REF_V_REF,15,0.0450080744922,0,0,0,0,0.0900161489844,
G1_D060_DENS_REF_V_REF_S015,G1_D060_DENS_REF_V_REF,15,0.0540297888219,0,0,0,0,0.108059577644,
G1_D060_DENS_REF_V_REF_S015,G1_D060_DENS_REF_V_REF,15,0.0630166903138,0.8089302332,83.452672751,0,0,0.126033380628,
G1_D060_DENS_REF_V_REF_S015,G1_D060_DENS_REF_V_REF,15,0.0720035508275,0,0,0,0,0.144007101655,
G1_D060_DENS_REF_V_REF_S015,G1_D060_DENS_REF_V_REF,15,0.0810252726078,0.120220422819,1.74522804358e-06,0,0,0.162050545216,
G1_D060_DENS_REF_V_REF_S015,G1_D060_DENS_REF_V_REF,15,0.0900121629238,0.613525543492,47.1266557026,0,0,0.180024325848,
G1_D060_DENS_REF_V_REF_S015,G1_D060_DENS_REF_V_REF,15,0.0990338549018,0,0,0,0,0.198067709804,
G1_D060_DENS_REF_V_REF_S015,G1_D060_DENS_REF_V_REF,15,0.108020752668,0.40771843183,0.000422032532775,0,0,0.216041505337,
G1_D060_DENS_REF_V_REF_S015,G1_D060_DENS_REF_V_REF,15,0.117007628083,0.303771708796,12.5083516337,0,0,0.234015256166,
G1_D060_DENS_REF_V_REF_S015,G1_D060_DENS_REF_V_REF,15,0.126029327512,0,0,0,0,0.252058655024,
G1_D060_DENS_REF_V_REF_S015,G1_D060_DENS_REF_V_REF,15,0.135016232729,0.840570556666,18.1281348272,0,0,0.270032465458,
G1_D060_DENS_REF_V_REF_S015,G1_D060_DENS_REF_V_REF,15,0.144003108144,0.286133023532,12.2091063004,0,0,0.288006216288,
G1_D060_DENS_REF_V_REF_S015,G1_D060_DENS_REF_V_REF,15,0.153024792671,0.00954816682163,5.4961509291e-06,0,0,0.306049585342,
G1_D060_DENS_REF_V_REF_S015,G1_D060_DENS_REF_V_REF,15,0.162011682987,1.35384303549,19.5609334974,0,0,0.324023365974,
G1_D060_DENS_REF_V_REF_S015,G1_D060_DENS_REF_V_REF,15,0.171033337712,0.0967201805159,3.95184243977e-05,0,0,0.342066675425,
G1_D060_DENS_REF_V_REF_S015,G1_D060_DENS_REF_V_REF,15,0.180020228028,0.356989223843,0.593297929564,0,0,0.360040456057,
G1_D060_DENS_REF_V_REF_S015,G1_D060_DENS_REF_V_REF,15,0.189007088542,0.938593006346,16.9547873843,0,0,0.378014177084,
G1_D060_DENS_REF_V_REF_S015,G1_D060_DENS_REF_V_REF,15,0.198028758168,0.0214920891101,2.48377310892e-07,0,0,0.396057516336,
G1_D060_DENS_REF_V_REF_S015,G1_D060_DENS_REF_V_REF,15,0.207015648484,0.736787407387,8.29257926771,0,0,0.414031296968,
G1_D060_DENS_REF_V_REF_S015,G1_D060_DENS_REF_V_REF,15,0.216002494097,0.588870752994,8.64877532273,0,0,0.432004988194,
G1_D060_DENS_REF_V_REF_S015,G1_D060_DENS_REF_V_REF,15,0.225024178624,0.0347633389246,8.18655336394e-06,0,0,0.450048357248,
G1_D060_DENS_REF_V_REF_S015,G1_D060_DENS_REF_V_REF,15,0.23401106894,0.860432436462,10.9406044541,0,0,0.46802213788,
G1_D060_DENS_REF_V_REF_S015,G1_D060_DENS_REF_V_REF,15,0.243032738566,0.385220942247,4.22721399567,0,0,0.486065477133,
G1_D060_DENS_REF_V_REF_S015,G1_D060_DENS_REF_V_REF,15,0.252019613981,0.248467562526,1.03545134921,0,0,0.504039227962,
G1_D060_DENS_REF_V_REF_S015,G1_D060_DENS_REF_V_REF,15,0.261006504297,0.976370718559,9.29127401043,0,0,0.522013008595,
G1_D060_DENS_REF_V_REF_S015,G1_D060_DENS_REF_V_REF,15,0.270028173923,0.40368148984,4.32305161647,0,0,0.540056347847,
G1_D060_DENS_REF_V_REF_S015,G1_D060_DENS_REF_V_REF,15,0.27901506424,0.732704323674,6.15317224349,0,0,0.558030128479,
G1_D060_DENS_REF_V_REF_S015,G1_D060_DENS_REF_V_REF,15,0.288001924753,0.986700743881,11.0284612903,0,0,0.576003849506,
G1_D060_DENS_REF_V_REF_S015,G1_D060_DENS_REF_V_REF,15,0.297023594379,0.406804501925,1.62651794122,0,0,0.594047188759,
G1_D060_DENS_REF_V_REF_S015,G1_D060_DENS_REF_V_REF,15,0.306010484695,0.81242156956,9.26968671983,0,0,0.612020969391,
G1_D060_DENS_REF_V_REF_S015,G1_D060_DENS_REF_V_REF,15,0.315032184124,0.831450793644,8.45215445241,0,0,0.630064368248,
G1_D060_DENS_REF_V_REF_S015,G1_D060_DENS_REF_V_REF,15,0.324019044638,0.403891205317,0.821039948006,0,0,0.648038089275,
G1_D060_DENS_REF_V_REF_S015,G1_D060_DENS_REF_V_REF,15,0.333005934954,1.31068341754,10.3352145977,0,0,0.666011869907,
G1_D060_DENS_REF_V_REF_S015,G1_D060_DENS_REF_V_REF,15,0.342027634382,0.749468555841,6.85629095193,0,0,0.684055268764,
G1_D060_DENS_REF_V_REF_S015,G1_D060_DENS_REF_V_REF,15,0.351014494896,0.672440266048,3.90635482053,0,0,0.702028989792,
G1_D060_DENS_REF_V_REF_S015,G1_D060_DENS_REF_V_REF,15,0.360001385212,1.28776593035,13.6011591403,0,0,0.720002770424,
G1_D060_DENS_REF_V_REF_S015,G1_D060_DENS_REF_V_REF,15,0.369023054838,0.739389962431,6.0612239461,0,0,0.738046109676,
G1_D060_DENS_REF_V_REF_S015,G1_D060_DENS_REF_V_REF,15,0.378009945154,1.11375961281,8.37752526026,0,0,0.756019890308,
G1_D060_DENS_REF_V_REF_S015,G1_D060_DENS_REF_V_REF,15,0.387031644583,1.48615029598,10.8059771517,0,0,0.774063289165,
G1_D060_DENS_REF_V_REF_S015,G1_D060_DENS_REF_V_REF,15,0.396018505096,0.790812186708,5.01642549947,0,0,0.792037010193,
G1_D060_DENS_REF_V_REF_S015,G1_D060_DENS_REF_V_REF,15,0.405005395412,1.23459836169,9.48727245458,0,0,0.810010790825,
G1_D060_DENS_REF_V_REF_S015,G1_D060_DENS_REF_V_REF,15,0.414027094841,1.40238477505,11.0752230881,0,0,0.828054189682,
G1_D060_DENS_REF_V_REF_S015,G1_D060_DENS_REF_V_REF,15,0.423013985157,0.961826955595,5.03199419272,0,0,0.846027970314,
G1_D060_DENS_REF_V_REF_S015,G1_D060_DENS_REF_V_REF,15,0.432000875473,1.34104445501,9.75531678482,0,0,0.864001750946,
G1_D060_DENS_REF_V_REF_S015,G1_D060_DENS_REF_V_REF,15,0.441022574902,1.0469292373,8.38200275427,0,0,0.882045149803,
G1_D060_DENS_REF_V_REF_S015,G1_D060_DENS_REF_V_REF,15,0.450009435415,1.06565284668,5.91245317674,0,0,0.900018870831,
G1_D060_DENS_REF_V_REF_S015,G1_D060_DENS_REF_V_REF,15,0.459031164646,1.47113540175,11.5654437461,0,0,0.918062329292,
G1_D060_DENS_REF_V_REF_S015,G1_D060_DENS_REF_V_REF,15,0.46801802516,1.08146396895,8.55408409869,0,0,0.93603605032,
G1_D060_DENS_REF_V_REF_S015,G1_D060_DENS_REF_V_REF,15,0.477004915476,0.966965794296,8.49326570319,0,0,0.954009830952,
G1_D060_DENS_REF_V_REF_S015,G1_D060_DENS_REF_V_REF,15,0.486026614904,1.79464716001,10.9768911887,0,0,0.972053229809,
G1_D060_DENS_REF_V_REF_S015,G1_D060_DENS_REF_V_REF,15,0.495013475418,1.01073329571,6.43060110249,0,0,0.990026950836,
G1_D060_DENS_REF_V_REF_S015,G1_D060_DENS_REF_V_REF,15,0.504000365734,1.4564364299,14.3469163794,0,0,1.00800073147,
G1_D060_DENS_REF_V_REF_S015,G1_D060_DENS_REF_V_REF,15,0.513022065163,1.55244942107,11.8061914137,0,0,1.02604413033,
G1_D060_DENS_REF_V_REF_S015,G1_D060_DENS_REF_V_REF,15,0.522008955479,1.08277374627,6.36373809331,0,0,1.04401791096,
G1_D060_DENS_REF_V_REF_S015,G1_D060_DENS_REF_V_REF,15,0.531030654907,1.51021684698,12.8958608261,0,0,1.06206130981,
G1_D060_DENS_REF_V_REF_S015,G1_D060_DENS_REF_V_REF,15,0.540017545223,1.38424433229,8.81522418892,0,0,1.08003509045,
G1_D060_DENS_REF_V_REF_S015,G1_D060_DENS_REF_V_REF,15,0.549004435539,1.46277516926,8.69452049969,0,0,1.09800887108,
G1_D060_DENS_REF_V_REF_S015,G1_D060_DENS_REF_V_REF,15,0.558026134968,1.65609171667,11.3905237856,0,0,1.11605226994,
G1_D060_DENS_REF_V_REF_S015,G1_D060_DENS_REF_V_REF,15,0.567013025284,1.46929502161,7.87917679939,0,0,1.13402605057,
G1_D060_DENS_REF_V_REF_S015,G1_D060_DENS_REF_V_REF,15,0.576034724712,1.66311497252,13.1488858324,0,0,1.15206944942,
G1_D060_DENS_REF_V_REF_S015,G1_D060_DENS_REF_V_REF,15,0.585021615028,1.92361052178,11.5397280553,0,0,1.17004323006,
G1_D060_DENS_REF_V_REF_S015,G1_D060_DENS_REF_V_REF,15,0.59400844574,1.40230004698,8.07847088423,0,0,1.18801689148,
G1_D060_DENS_REF_V_REF_S015,G1_D060_DENS_REF_V_REF,15,0.603030204773,1.76157180199,10.9140427408,0,0,1.20606040955,
G1_D060_DENS_REF_V_REF_S015,G1_D060_DENS_REF_V_REF,15,0.612017095089,1.81335803319,11.0321553073,0,0,1.22403419018,
G1_D060_DENS_REF_V_REF_S015,G1_D060_DENS_REF_V_REF,15,0.6210039258,1.59954344385,9.31751594587,0,0,1.2420078516,
G1_D060_DENS_REF_V_REF_S015,G1_D060_DENS_REF_V_REF,15,0.630025684834,2.39164905589,13.6923769411,0,0,1.26005136967,
G1_D060_DENS_REF_V_REF_S015,G1_D060_DENS_REF_V_REF,15,0.639012515545,1.88237568824,10.324943238,0,0,1.27802503109,
G1_D060_DENS_REF_V_REF_S015,G1_D060_DENS_REF_V_REF,15,0.648034274578,1.67677875077,8.67105365462,0,0,1.29606854916,
G1_D060_DENS_REF_V_REF_S015,G1_D060_DENS_REF_V_REF,15,0.657021164894,2.11709922369,12.449323855,0,0,1.31404232979,
G1_D060_DENS_REF_V_REF_S015,G1_D060_DENS_REF_V_REF,15,0.666007995605,1.73442665369,10.1458116034,0,0,1.33201599121,
G1_D060_DENS_REF_V_REF_S015,G1_D060_DENS_REF_V_REF,15,0.675029754639,2.08259989434,10.1594752284,0,0,1.35005950928,
G1_D060_DENS_REF_V_REF_S015,G1_D060_DENS_REF_V_REF,15,0.68401658535,1.7368070269,11.2789207231,0,0,1.3680331707,
G1_D060_DENS_REF_V_REF_S015,G1_D060_DENS_REF_V_REF,15,0.693003475666,1.59816232226,8.73860627606,0,0,1.38600695133,
G1_D060_DENS_REF_V_REF_S015,G1_D060_DENS_REF_V_REF,15,0.702025175095,1.91406636285,11.6875055066,0,0,1.40405035019,
G1_D060_DENS_REF_V_REF_S015,G1_D060_DENS_REF_V_REF,15,0.711012065411,1.87149077497,9.37133016209,0,0,1.42202413082,
G1_D060_DENS_REF_V_REF_S015,G1_D060_DENS_REF_V_REF,15,0.720033764839,1.62997053683,9.47583948367,0,0,1.44006752968,
G1_D060_DENS_REF_V_REF_S015,G1_D060_DENS_REF_V_REF,15,0.729020655155,2.01682737853,10.6256938199,0,0,1.45804131031,
G1_D060_DENS_REF_V_REF_S015,G1_D060_DENS_REF_V_REF,15,0.738007545471,2.15602556797,9.64779893088,0,0,1.47601509094,
G1_D060_DENS_REF_V_REF_S015,G1_D060_DENS_REF_V_REF,15,0.7470292449,2.11877198255,10.5649905959,0,0,1.4940584898,
G1_D060_DENS_REF_V_REF_S015,G1_D060_DENS_REF_V_REF,15,0.756016135216,2.28194120152,10.3087137924,0,0,1.51203227043,
G1_D060_DENS_REF_V_REF_S015,G1_D060_DENS_REF_V_REF,15,0.765003025532,1.7578332971,8.52396499333,0,0,1.53000605106,
G1_D060_DENS_REF_V_REF_S015,G1_D060_DENS_REF_V_REF,15,0.77402472496,1.95983765625,8.46991310945,0,0,1.54804944992,
G1_D060_DENS_REF_V_REF_S015,G1_D060_DENS_REF_V_REF,15,0.783011615276,2.22129835004,10.6654459674,0,0,1.56602323055,
G1_D060_DENS_REF_V_REF_S015,G1_D060_DENS_REF_V_REF,15,0.792033314705,1.99297982533,8.09945620024,0,0,1.58406662941,
G1_D060_DENS_REF_V_REF_S015,G1_D060_DENS_REF_V_REF,15,0.801020205021,2.00670016092,10.2080800106,0,0,1.60204041004,
G1_D060_DENS_REF_V_REF_S015,G1_D060_DENS_REF_V_REF,15,0.810007095337,1.99027586643,10.2166798601,0,0,1.62001419067,
G1_D060_DENS_REF_V_REF_S015,G1_D060_DENS_REF_V_REF,15,0.819028794765,1.99106443116,9.91874337933,0,0,1.63805758953,
G1_D060_DENS_REF_V_REF_S015,G1_D060_DENS_REF_V_REF,15,0.828015685081,1.96342062846,7.70346972048,0,0,1.65603137016,
G1_D060_DENS_REF_V_REF_S015,G1_D060_DENS_REF_V_REF,15,0.837002575397,1.83833565384,8.70930490689,0,0,1.67400515079,
G1_D060_DENS_REF_V_REF_S015,G1_D060_DENS_REF_V_REF,15,0.846024274826,2.33209612046,10.456258504,0,0,1.69204854965,
G1_D060_DENS_REF_V_REF_S015,G1_D060_DENS_REF_V_REF,15,0.855011165142,2.30700214711,10.5941256191,0,0,1.71002233028,
G1_D060_DENS_REF_V_REF_S015,G1_D060_DENS_REF_V_REF,15,0.864032864571,2.04224968666,9.54901654318,0,0,1.72806572914,
G1_D060_DENS_REF_V_REF_S015,G1_D060_DENS_REF_V_REF,15,0.873019754887,2.54893652745,10.9504588015,0,0,1.74603950977,
G1_D060_DENS_REF_V_REF_S015,G1_D060_DENS_REF_V_REF,15,0.882006645203,2.35041875557,10.5401776522,0,0,1.76401329041,
G1_D060_DENS_REF_V_REF_S015,G1_D060_DENS_REF_V_REF,15,0.891028344631,2.06889833924,10.1202393799,0,0,1.78205668926,
G1_D060_DENS_REF_V_REF_S015,G1_D060_DENS_REF_V_REF,15,0.900015234947,2.1706167139,10.7427781571,0,0,1.80003046989,
G1_D060_DENS_REF_V_REF_S015,G1_D060_DENS_REF_V_REF,15,0.909002125263,2.64472285752,12.632042857,0,0,1.81800425053,
G1_D060_DENS_REF_V_REF_S015,G1_D060_DENS_REF_V_REF,15,0.918023824692,2.55550495004,11.9495481125,0,0,1.83604764938,
G1_D060_DENS_REF_V_REF_S015,G1_D060_DENS_REF_V_REF,15,0.927010715008,2.45858013368,11.2481668419,0,0,1.85402143002,
G1_D060_DENS_REF_V_REF_S015,G1_D060_DENS_REF_V_REF,15,0.936032414436,2.58302225427,12.6615268512,0,0,1.87206482887,
G1_D060_DENS_REF_V_REF_S015,G1_D060_DENS_REF_V_REF,15,0.945019304752,2.54239918981,11.272652289,0,0,1.8900386095,
G1_D060_DENS_REF_V_REF_S015,G1_D060_DENS_REF_V_REF,15,0.954006135464,2.44483000834,10.1350254914,0,0,1.90801227093,
G1_D060_DENS_REF_V_REF_S015,G1_D060_DENS_REF_V_REF,15,0.963027894497,2.79081327111,17.5681803516,0,0,1.92605578899,
G1_D060_DENS_REF_V_REF_S015,G1_D060_DENS_REF_V_REF,15,0.972014725208,2.38289389343,9.83625927626,0,0,1.94402945042,
G1_D060_DENS_REF_V_REF_S015,G1_D060_DENS_REF_V_REF,15,0.981001615524,2.74079737098,12.8191487896,0,0,1.96200323105,
G1_D060_DENS_REF_V_REF_S015,G1_D060_DENS_REF_V_REF,15,0.990023314953,2.68060330845,11.7751865256,0,0,1.98004662991,
G1_D060_DENS_REF_V_REF_S015,G1_D060_DENS_REF_V_REF,15,0.999010205269,2.87544614849,13.5201439875,0,0,1.99802041054,
G1_D060_DENS_REF_V_REF_S015,G1_D060_DENS_REF_V_REF,15,1.0080319643,2.56355573618,12.8523541186,0,0,2.0160639286,
G1_D060_DENS_REF_V_REF_S015,G1_D060_DENS_REF_V_REF,15,1.01701879501,2.76466456814,11.3444761137,0,0,2.03403759003,
G1_D060_DENS_REF_V_REF_S015,G1_D060_DENS_REF_V_REF,15,1.02600562572,2.82708962342,9.80574077357,0,0,2.05201125145,
G1_D060_DENS_REF_V_REF_S015,G1_D060_DENS_REF_V_REF,15,1.03502738476,2.4241639134,10.7950697199,0,0,2.07005476952,
G1_D060_DENS_REF_V_REF_S015,G1_D060_DENS_REF_V_REF,15,1.04401421547,2.85037699992,11.1586606509,0,0,2.08802843094,
G1_D060_DENS_REF_V_REF_S015,G1_D060_DENS_REF_V_REF,15,1.05300116539,3.22092406495,12.1877000553,0,0,2.10600233078,
G1_D060_DENS_REF_V_REF_S015,G1_D060_DENS_REF_V_REF,15,1.06202280521,2.39895833645,10.3518033554,0,0,2.12404561043,
G1_D060_DENS_REF_V_REF_S015,G1_D060_DENS_REF_V_REF,15,1.07100975513,2.85974932816,8.76908372159,0,0,2.14201951027,
G1_D060_DENS_REF_V_REF_S015,G1_D060_DENS_REF_V_REF,15,1.08003139496,2.8592657845,11.6099787724,0,0,2.16006278992,
G1_D060_DENS_REF_V_REF_S015,G1_D060_DENS_REF_V_REF,15,1.08901834488,3.28935779785,11.2332848894,0,0,2.17803668976,
G1_D060_DENS_REF_V_REF_S015,G1_D060_DENS_REF_V_REF,15,1.09800517559,3.06111525857,11.3996964901,0,0,2.19601035118,
G1_D060_DENS_REF_V_REF_S015,G1_D060_DENS_REF_V_REF,15,1.10702693462,2.76375749204,10.8712421761,0,0,2.21405386925,
G1_D060_DENS_REF_V_REF_S015,G1_D060_DENS_REF_V_REF,15,1.11601376534,3.03511420912,11.1773919059,0,0,2.23202753067,
G1_D060_DENS_REF_V_REF_S015,G1_D060_DENS_REF_V_REF,15,1.12500059605,2.81762771008,11.2990053995,0,0,2.25000119209,
G1_D060_DENS_REF_V_REF_S015,G1_D060_DENS_REF_V_REF,15,1.13402235508,2.87347721913,12.2389160888,0,0,2.26804471016,
G1_D060_DENS_REF_V_REF_S015,G1_D060_DENS_REF_V_REF,15,1.14300918579,2.8220588265,10.6742589412,0,0,2.28601837158,
G1_D060_DENS_REF_V_REF_S015,G1_D060_DENS_REF_V_REF,15,1.15203094482,2.92058084803,11.5450838038,0,0,2.30406188965,
G1_D060_DENS_REF_V_REF_S015,G1_D060_DENS_REF_V_REF,15,1.16101777554,2.89638337327,12.2307299062,0,0,2.32203555107,
G1_D060_DENS_REF_V_REF_S015,G1_D060_DENS_REF_V_REF,15,1.17000472546,2.90465693488,11.1498160899,0,0,2.34000945091,
G1_D060_DENS_REF_V_REF_S015,G1_D060_DENS_REF_V_REF,15,1.17902636528,3.01133141622,14.096060615,0,0,2.35805273056,
G1_D060_DENS_REF_V_REF_S015,G1_D060_DENS_REF_V_REF,15,1.1880133152,3.02693001674,11.3633620187,0,0,2.3760266304,
G1_D060_DENS_REF_V_REF_S015,G1_D060_DENS_REF_V_REF,15,1.19700014591,3.20100703095,10.4751711039,0,0,2.39400029182,
G1_D060_DENS_REF_V_REF_S015,G1_D060_DENS_REF_V_REF,15,1.20602190495,3.20632536365,11.4620096289,0,0,2.41204380989,
G1_D060_DENS_REF_V_REF_S015,G1_D060_DENS_REF_V_REF,15,1.21500873566,3.50537553301,13.3379349906,0,0,2.43001747131,
G1_D060_DENS_REF_V_REF_S015,G1_D060_DENS_REF_V_REF,15,1.22403037548,2.77495541348,10.2344157803,0,0,2.44806075096,
G1_D060_DENS_REF_V_REF_S015,G1_D060_DENS_REF_V_REF,15,1.2330173254,3.25134953892,12.2963843404,0,0,2.4660346508,
G1_D060_DENS_REF_V_REF_S015,G1_D060_DENS_REF_V_REF,15,1.24200415611,3.46403233388,12.9288143615,0,0,2.48400831223,
G1_D060_DENS_REF_V_REF_S015,G1_D060_DENS_REF_V_REF,15,1.25102591515,2.90196700738,9.24587176274,0,0,2.50205183029,
G1_D060_DENS_REF_V_REF_S015,G1_D060_DENS_REF_V_REF,15,1.26001274586,3.18069517492,10.5237518448,0,0,2.52002549171,
G1_D060_DENS_REF_V_REF_S015,G1_D060_DENS_REF_V_REF,15,1.26903450489,3.17202938169,10.7962669797,0,0,2.53806900978,
G1_D060_DENS_REF_V_REF_S015,G1_D060_DENS_REF_V_REF,15,1.2780213356,3.38377703773,11.7771041547,0,0,2.5560426712,
G1_D060_DENS_REF_V_REF_S015,G1_D060_DENS_REF_V_REF,15,1.28700816631,3.25708104242,11.6161233033,0,0,2.57401633263,
G1_D060_DENS_REF_V_REF_S015,G1_D060_DENS_REF_V_REF,15,1.29602992535,3.40301257737,11.2908008972,0,0,2.59205985069,
G1_D060_DENS_REF_V_REF_S015,G1_D060_DENS_REF_V_REF,15,1.30501675606,3.49794666174,13.0989246481,0,0,2.61003351212,
G1_D060_DENS_REF_V_REF_S015,G1_D060_DENS_REF_V_REF,15,1.31400370598,3.07283838614,9.5639004583,0,0,2.62800741196,
G1_D060_DENS_REF_V_REF_S015,G1_D060_DENS_REF_V_REF,15,1.3230253458,2.91888887694,9.74301500136,0,0,2.6460506916,
G1_D060_DENS_REF_V_REF_S015,G1_D060_DENS_REF_V_REF,15,1.33201229572,2.73850075444,10.2408522679,0,0,2.66402459145,
G1_D060_DENS_REF_V_REF_S015,G1_D060_DENS_REF_V_REF,15,1.34103393555,3.31455646703,10.9149233298,0,0,2.68206787109,
G1_D060_DENS_REF_V_REF_S015,G1_D060_DENS_REF_V_REF,15,1.35002076626,3.80154084633,11.7132955559,0,0,2.70004153252,
G1_D060_DENS_REF_V_REF_S015,G1_D060_DENS_REF_V_REF,15,1.35900771618,3.32975851857,10.6045846036,0,0,2.71801543236,
G1_D060_DENS_REF_V_REF_S015,G1_D060_DENS_REF_V_REF,15,1.368029356,3.30713558287,9.49649670965,0,0,2.73605871201,
G1_D060_DENS_REF_V_REF_S015,G1_D060_DENS_REF_V_REF,15,1.37701630592,3.33841913098,9.39877425522,0,0,2.75403261185,
G1_D060_DENS_REF_V_REF_S015,G1_D060_DENS_REF_V_REF,15,1.38600313663,3.51704123977,10.2336692412,0,0,2.77200627327,
G1_D060_DENS_REF_V_REF_S015,G1_D060_DENS_REF_V_REF,15,1.39502489567,3.44080388925,10.6420728053,0,0,2.79004979134,
G1_D060_DENS_REF_V_REF_S015,G1_D060_DENS_REF_V_REF,15,1.40401172638,3.94412233034,12.1214124898,0,0,2.80802345276,
G1_D060_DENS_REF_V_REF_S015,G1_D060_DENS_REF_V_REF,15,1.41303348541,3.55848287457,10.9695340866,0,0,2.82606697083,
G1_D060_DENS_REF_V_REF_S015,G1_D060_DENS_REF_V_REF,15,1.42202031612,3.28948343285,9.9478033617,0,0,2.84404063225,
G1_D060_DENS_REF_V_REF_S015,G1_D060_DENS_REF_V_REF,15,1.43100714684,3.64360598751,11.4993464251,0,0,2.86201429367,
G1_D060_DENS_REF_V_REF_S015,G1_D060_DENS_REF_V_REF,15,1.44002890587,3.73132728418,9.94501255147,0,0,2.88005781174,
G1_D060_DENS_REF_V_REF_S015,G1_D060_DENS_REF_V_REF,15,1.44901573658,3.77665993441,11.5145218556,0,0,2.89803147316,
G1_D060_DENS_REF_V_REF_S015,G1_D060_DENS_REF_V_REF,15,1.45800256729,3.91779683172,11.4508101986,0,0,2.91600513458,
G1_D060_DENS_REF_V_REF_S015,G1_D060_DENS_REF_V_REF,15,1.46702432632,3.61961919964,11.3993420332,0,0,2.93404865265,
G1_D060_DENS_REF_V_REF_S015,G1_D060_DENS_REF_V_REF,15,1.47601115704,3.58057434398,10.2864613572,0,0,2.95202231407,
G1_D060_DENS_REF_V_REF_S015,G1_D060_DENS_REF_V_REF,15,1.48503291607,3.79350322812,10.887460771,0,0,2.97006583214,
G1_D060_DENS_REF_V_REF_S015,G1_D060_DENS_REF_V_REF,15,1.49401974678,3.80404188958,10.8444692849,0,0,2.98803949356,
G1_D060_DENS_REF_V_REF_S015,G1_D060_DENS_REF_V_REF,15,1.5030066967,3.64308099725,10.0443683912,0,0,3.0060133934,
G1_D060_DENS_REF_V_REF_S015,G1_D060_DENS_REF_V_REF,15,1.51202833652,4.09321395266,12.1202359905,0,0,3.02405667305,
G1_D060_DENS_REF_V_REF_S015,G1_D060_DENS_REF_V_REF,15,1.52101516724,4.25203430081,11.9843608948,0,0,3.04203033447,
G1_D060_DENS_REF_V_REF_S015,G1_D060_DENS_REF_V_REF,15,1.53000211716,4.35845880735,11.3463758957,0,0,3.06000423431,
G1_D060_DENS_REF_V_REF_S015,G1_D060_DENS_REF_V_REF,15,1.53902375698,3.92532500214,11.5305173499,0,0,3.07804751396,
G1_D060_DENS_REF_V_REF_S015,G1_D060_DENS_REF_V_REF,15,1.5480107069,4.07940834932,11.1006873524,0,0,3.0960214138,
G1_D060_DENS_REF_V_REF_S015,G1_D060_DENS_REF_V_REF,15,1.55703234673,4.06421601183,11.8664775729,0,0,3.11406469345,
G1_D060_DENS_REF_V_REF_S015,G1_D060_DENS_REF_V_REF,15,1.56601929665,3.2892578511,9.88564476901,0,0,3.13203859329,
G1_D060_DENS_REF_V_REF_S015,G1_D060_DENS_REF_V_REF,15,1.57500612736,3.8404164617,10.6153592053,0,0,3.15001225471,
G1_D060_DENS_REF_V_REF_S015,G1_D060_DENS_REF_V_REF,15,1.58402776718,3.8237709028,9.74168485977,0,0,3.16805553436,
G1_D060_DENS_REF_V_REF_S015,G1_D060_DENS_REF_V_REF,15,1.5930147171,3.93636922577,9.48569928414,0,0,3.1860294342,
G1_D060_DENS_REF_V_REF_S015,G1_D060_DENS_REF_V_REF,15,1.60200154781,4.22471192512,11.5761649487,0,0,3.20400309563,
G1_D060_DENS_REF_V_REF_S015,G1_D060_DENS_REF_V_REF,15,1.61102330685,4.06717728504,9.06995612725,0,0,3.22204661369,
G1_D060_DENS_REF_V_REF_S015,G1_D060_DENS_REF_V_REF,15,1.62001013756,3.97585920064,10.868943493,0,0,3.24002027512,
G1_D060_DENS_REF_V_REF_S015,G1_D060_DENS_REF_V_REF,15,1.62903177738,3.53288010104,9.07310512616,0,0,3.25806355476,
G1_D060_DENS_REF_V_REF_S015,G1_D060_DENS_REF_V_REF,15,1.6380187273,4.04265687219,10.2347557447,0,0,3.27603745461,
G1_D060_DENS_REF_V_REF_S015,G1_D060_DENS_REF_V_REF,15,1.64700555801,3.64433864251,9.60795869499,0,0,3.29401111603,
G1_D060_DENS_REF_V_REF_S015,G1_D060_DENS_REF_V_REF,15,1.65602731705,4.14382500006,11.1705870646,0,0,3.31205463409,
G1_D060_DENS_REF_V_REF_S015,G1_D060_DENS_REF_V_REF,15,1.66501414776,4.03743719103,10.1465972886,0,0,3.33002829552,
G1_D060_DENS_REF_V_REF_S015,G1_D060_DENS_REF_V_REF,15,1.67400097847,3.96730134126,10.0192738632,0,0,3.34800195694,
G1_D060_DENS_REF_V_REF_S015,G1_D060_DENS_REF_V_REF,15,1.6830227375,3.65085050776,8.980508584,0,0,3.36604547501,
G1_D060_DENS_REF_V_REF_S015,G1_D060_DENS_REF_V_REF,15,1.69200956821,4.0110957182,11.2834816617,0,0,3.38401913643,
G1_D060_DENS_REF_V_REF_S015,G1_D060_DENS_REF_V_REF,15,1.70103132725,3.98571140279,9.29634696461,0,0,3.4020626545,
G1_D060_DENS_REF_V_REF_S015,G1_D060_DENS_REF_V_REF,15,1.71001815796,4.56319982936,10.5289480414,0,0,3.42003631592,
G1_D060_DENS_REF_V_REF_S015,G1_D060_DENS_REF_V_REF,15,1.71900498867,4.38587746003,9.37435702805,0,0,3.43800997734,
G1_D060_DENS_REF_V_REF_S015,G1_D060_DENS_REF_V_REF,15,1.7280267477,4.16394948292,9.41106330016,0,0,3.45605349541,
G1_D060_DENS_REF_V_REF_S015,G1_D060_DENS_REF_V_REF,15,1.73701357841,4.51456872056,9.75804527716,0,0,3.47402715683,
G1_D060_DENS_REF_V_REF_S015,G1_D060_DENS_REF_V_REF,15,1.74600052834,4.54644417793,11.5643033456,0,0,3.49200105667,
G1_D060_DENS_REF_V_REF_S015,G1_D060_DENS_REF_V_REF,15,1.75502216816,5.16026141266,11.9222320935,0,0,3.51004433632,
G1_D060_DENS_REF_V_REF_S015,G1_D060_DENS_REF_V_REF,15,1.76400899887,4.08133259406,8.52018242785,0,0,3.52801799774,
G1_D060_DENS_REF_V_REF_S015,G1_D060_DENS_REF_V_REF,15,1.7730307579,4.57774499546,11.2152274565,0,0,3.54606151581,
G1_D060_DENS_REF_V_REF_S015,G1_D060_DENS_REF_V_REF,15,1.78201758862,4.4200143475,11.9915065286,0,0,3.56403517723,
G1_D060_DENS_REF_V_REF_S015,G1_D060_DENS_REF_V_REF,15,1.79100441933,4.8481326824,11.4116174965,0,0,3.58200883865,
G1_D060_DENS_REF_V_REF_S015,G1_D060_DENS_REF_V_REF,15,1.80002617836,4.11275688792,8.7704733871,0,0,3.60005235672,
G1_D060_DENS_REF_V_REF_S015,G1_D060_DENS_REF_V_REF,15,1.80901300907,4.78752436975,9.94438410218,0,0,3.61802601814,
G1_D060_DENS_REF_V_REF_S015,G1_D060_DENS_REF_V_REF,15,1.8180347681,4.45338188246,10.2585603742,0,0,3.63606953621,
G1_D060_DENS_REF_V_REF_S015,G1_D060_DENS_REF_V_REF,15,1.82702159882,4.61363731912,9.79380142415,0,0,3.65404319763,
G1_D060_DENS_REF_V_REF_S015,G1_D060_DENS_REF_V_REF,15,1.83600842953,4.72665313023,14.7681977517,0,0,3.67201685905,
G1_D060_DENS_REF_V_REF_S015,G1_D060_DENS_REF_V_REF,15,1.84503018856,4.49141129642,9.59239298234,0,0,3.69006037712,
G1_D060_DENS_REF_V_REF_S015,G1_D060_DENS_REF_V_REF,15,1.85401701927,4.27807312711,9.25606164661,0,0,3.70803403854,
G1_D060_DENS_REF_V_REF_S015,G1_D060_DENS_REF_V_REF,15,1.86300396919,4.77658030874,10.7339054456,0,0,3.72600793839,
G1_D060_DENS_REF_V_REF_S015,G1_D060_DENS_REF_V_REF,15,1.87202560902,4.25123731723,10.2231528117,0,0,3.74405121803,
G1_D060_DENS_REF_V_REF_S015,G1_D060_DENS_REF_V_REF,15,1.88101243973,4.58358810256,10.1659977875,0,0,3.76202487946,
G1_D060_DENS_REF_V_REF_S015,G1_D060_DENS_REF_V_REF,15,1.89003419876,4.68371445288,10.4942508148,0,0,3.78006839752,
G1_D060_DENS_REF_V_REF_S015,G1_D060_DENS_REF_V_REF,15,1.89902102947,4.99435110554,12.2884517884,0,0,3.79804205894,
G1_D060_DENS_REF_V_REF_S015,G1_D060_DENS_REF_V_REF,15,1.90800797939,4.56060509952,9.47444728754,0,0,3.81601595879,
G1_D060_DENS_REF_V_REF_S015,G1_D060_DENS_REF_V_REF,15,1.91702961922,5.11062824597,10.4928020619,0,0,3.83405923843,
G1_D060_DENS_REF_V_REF_S015,G1_D060_DENS_REF_V_REF,15,1.92601644993,5.55188083565,11.3987914527,0,0,3.85203289986,
G1_D060_DENS_REF_V_REF_S015,G1_D060_DENS_REF_V_REF,15,1.93500339985,4.21253914511,9.40100016317,0,0,3.8700067997,
G1_D060_DENS_REF_V_REF_S015,G1_D060_DENS_REF_V_REF,15,1.94402503967,5.05005576736,12.6442578894,0,0,3.88805007935,
G1_D060_DENS_REF_V_REF_S015,G1_D060_DENS_REF_V_REF,15,1.95301198959,4.66373373791,9.4563630098,0,0,3.90602397919,
G1_D060_DENS_REF_V_REF_S015,G1_D060_DENS_REF_V_REF,15,1.96203362942,4.91308338985,10.3470710929,0,0,3.92406725883,
G1_D060_DENS_REF_V_REF_S015,G1_D060_DENS_REF_V_REF,15,1.97102046013,4.49239047234,8.91557334698,0,0,3.94204092026,
G1_D060_DENS_REF_V_REF_S015,G1_D060_DENS_REF_V_REF,15,1.98000741005,5.01516032077,10.1350071342,0,0,3.9600148201,
G1_D060_DENS_REF_V_REF_S015,G1_D060_DENS_REF_V_REF,15,1.98902904987,4.67116994868,8.68197246097,0,0,3.97805809975,
G1_D060_DENS_REF_V_REF_S015,G1_D060_DENS_REF_V_REF,15,1.99801599979,5.3279958019,11.4744537275,0,0,3.99603199959,
G1_D060_DENS_REF_V_REF_S015,G1_D060_DENS_REF_V_REF,15,2.00700283051,5.29457991258,10.3063677065,0,0,4.01400566101,
G1_D060_DENS_REF_V_REF_S015,G1_D060_DENS_REF_V_REF,15,2.01602458954,4.36303822489,9.51763808116,0,0,4.03204917908,
G1_D060_DENS_REF_V_REF_S015,G1_D060_DENS_REF_V_REF,15,2.02501130104,4.92410602671,10.5061866942,0,0,4.05002260208,
G1_D060_DENS_REF_V_REF_S015,G1_D060_DENS_REF_V_REF,15,2.03403306007,4.543193642,9.63332689354,0,0,4.06806612015,
G1_D060_DENS_REF_V_REF_S015,G1_D060_DENS_REF_V_REF,15,2.04302000999,4.50370496234,8.2044506981,0,0,4.08604001999,
G1_D060_DENS_REF_V_REF_S015,G1_D060_DENS_REF_V_REF,15,2.0520067215,4.72580347494,9.51224523596,0,0,4.10401344299,
G1_D060_DENS_REF_V_REF_S015,G1_D060_DENS_REF_V_REF,15,2.06102848053,5.68572572182,10.953192516,0,0,4.12205696106,
G1_D060_DENS_REF_V_REF_S015,G1_D060_DENS_REF_V_REF,15,2.07001543045,5.45611069566,11.1970468479,0,0,4.1400308609,
G1_D060_DENS_REF_V_REF_S015,G1_D060_DENS_REF_V_REF,15,2.07900214195,5.24039021033,10.1252470427,0,0,4.15800428391,
G1_D060_DENS_REF_V_REF_S015,G1_D060_DENS_REF_V_REF,15,2.08802390099,4.63607978942,8.0337191154,0,0,4.17604780197,
G1_D060_DENS_REF_V_REF_S015,G1_D060_DENS_REF_V_REF,15,2.09701085091,5.37017721534,8.92384550616,0,0,4.19402170181,
G1_D060_DENS_REF_V_REF_S015,G1_D060_DENS_REF_V_REF,15,2.10603260994,4.83335437917,8.66068317873,0,0,4.21206521988,
G1_D060_DENS_REF_V_REF_S015,G1_D060_DENS_REF_V_REF,15,2.11501932144,5.29995113287,13.0193533473,0,0,4.23003864288,
G1_D060_DENS_REF_V_REF_S015,G1_D060_DENS_REF_V_REF,15,2.12400627136,5.48892431408,9.51379895332,0,0,4.24801254272,
G1_D060_DENS_REF_V_REF_S015,G1_D060_DENS_REF_V_REF,15,2.1330280304,4.8775593365,9.14484217573,0,0,4.26605606079,
G1_D060_DENS_REF_V_REF_S015,G1_D060_DENS_REF_V_REF,15,2.1420147419,4.99406486496,9.10908403822,0,0,4.2840294838,
G1_D060_DENS_REF_V_REF_S015,G1_D060_DENS_REF_V_REF,15,2.15100169182,4.56842944043,8.9464195229,0,0,4.30200338364,
G1_D060_DENS_REF_V_REF_S015,G1_D060_DENS_REF_V_REF,15,2.16002345085,5.20076639749,10.1632308195,0,0,4.3200469017,
G1_D060_DENS_REF_V_REF_S015,G1_D060_DENS_REF_V_REF,15,2.16901016235,5.37472554793,9.24182743223,0,0,4.33802032471,
G1_D060_DENS_REF_V_REF_S015,G1_D060_DENS_REF_V_REF,15,2.17803192139,5.14652056963,9.12416459879,0,0,4.35606384277,
G1_D060_DENS_REF_V_REF_S015,G1_D060_DENS_REF_V_REF,15,2.18701887131,4.80446782608,8.57118061912,0,0,4.37403774261,
G1_D060_DENS_REF_V_REF_S015,G1_D060_DENS_REF_V_REF,15,2.19600558281,5.54121481224,9.83982943749,0,0,4.39201116562,
G1_D060_DENS_REF_V_REF_S015,G1_D060_DENS_REF_V_REF,15,2.20502734184,5.18565997534,9.34559197478,0,0,4.41005468369,
G1_D060_DENS_REF_V_REF_S015,G1_D060_DENS_REF_V_REF,15,2.21401429176,5.28491853748,9.24797759072,0,0,4.42802858353,
G1_D060_DENS_REF_V_REF_S015,G1_D060_DENS_REF_V_REF,15,2.22300124168,5.29985917322,8.91868968861,0,0,4.44600248337,
G1_D060_DENS_REF_V_REF_S015,G1_D060_DENS_REF_V_REF,15,2.2320227623,5.96537629207,10.2054343787,0,0,4.4640455246,
G1_D060_DENS_REF_V_REF_S015,G1_D060_DENS_REF_V_REF,15,2.24100971222,5.20988723985,9.95260053623,0,0,4.48201942444,
G1_D060_DENS_REF_V_REF_S015,G1_D060_DENS_REF_V_REF,15,2.25003147125,5.9358512023,9.75378385507,0,0,4.5000629425,
G1_D060_DENS_REF_V_REF_S015,G1_D060_DENS_REF_V_REF,15,2.25901818275,5.16999359237,9.5470666827,0,0,4.51803636551,
G1_D060_DENS_REF_V_REF_S015,G1_D060_DENS_REF_V_REF,15,2.26800513268,5.14582115826,7.94858576974,0,0,4.53601026535,
G1_D060_DENS_REF_V_REF_S015,G1_D060_DENS_REF_V_REF,15,2.27702689171,5.65454838062,10.5912389201,0,0,4.55405378342,
G1_D060_DENS_REF_V_REF_S015,G1_D060_DENS_REF_V_REF,15,2.28601360321,5.88019575832,9.07457415128,0,0,4.57202720642,
G1_D060_DENS_REF_V_REF_S015,G1_D060_DENS_REF_V_REF,15,2.29500055313,5.52881407594,9.32234697461,0,0,4.59000110626,
G1_D060_DENS_REF_V_REF_S015,G1_D060_DENS_REF_V_REF,15,2.30402231216,5.35266775388,10.9070977701,0,0,4.60804462433,
G1_D060_DENS_REF_V_REF_S015,G1_D060_DENS_REF_V_REF,15,2.31300902367,5.74578314008,8.76338626592,0,0,4.62601804733,
G1_D060_DENS_REF_V_REF_S015,G1_D060_DENS_REF_V_REF,15,2.3220307827,5.93372835927,9.63045605439,0,0,4.6440615654,
G1_D060_DENS_REF_V_REF_S015,G1_D060_DENS_REF_V_REF,15,2.33101773262,6.38214516641,10.2190703433,0,0,4.66203546524,
G1_D060_DENS_REF_V_REF_S015,G1_D060_DENS_REF_V_REF,15,2.34000444412,5.40244814235,9.62907040571,0,0,4.68000888824,
G1_D060_DENS_REF_V_REF_S015,G1_D060_DENS_REF_V_REF,15,2.34902620316,6.35378403531,10.0830167746,0,0,4.69805240631,
G1_D060_DENS_REF_V_REF_S015,G1_D060_DENS_REF_V_REF,15,2.35801315308,6.11982531915,9.05900790247,0,0,4.71602630615,
G1_D060_DENS_REF_V_REF_S015,G1_D060_DENS_REF_V_REF,15,2.36703491211,5.99770766203,9.24608251035,0,0,4.73406982422,
G1_D060_DENS_REF_V_REF_S015,G1_D060_DENS_REF_V_REF,15,2.37602162361,6.27733664552,9.69055762751,0,0,4.75204324722,
G1_D060_DENS_REF_V_REF_S015,G1_D060_DENS_REF_V_REF,15,2.38500857353,5.94491937294,9.34261301465,0,0,4.77001714706,
G1_D060_DENS_REF_V_REF_S015,G1_D060_DENS_REF_V_REF,15,2.39403033257,6.5995476929,12.8070779143,0,0,4.78806066513,
G1_D060_DENS_REF_V_REF_S015,G1_D060_DENS_REF_V_REF,15,2.40301704407,6.51173098271,13.4884736346,0,0,4.80603408813,
G1_D060_DENS_REF_V_REF_S015,G1_D060_DENS_REF_V_REF,15,2.41200399399,6.17876022533,9.25621374164,0,0,4.82400798798,
G1_D060_DENS_REF_V_REF_S015,G1_D060_DENS_REF_V_REF,15,2.42102575302,6.95989781505,12.4829849662,0,0,4.84205150604,
G1_D060_DENS_REF_V_REF_S015,G1_D060_DENS_REF_V_REF,15,2.43001246452,6.10943128905,9.53991956778,0,0,4.86002492905,
G1_D060_DENS_REF_V_REF_S015,G1_D060_DENS_REF_V_REF,15,2.43903422356,6.62524113087,10.4323998674,0,0,4.87806844711,
G1_D060_DENS_REF_V_REF_S015,G1_D060_DENS_REF_V_REF,15,2.44802117348,6.36435896255,10.6519293057,0,0,4.89604234695,
G1_D060_DENS_REF_V_REF_S015,G1_D060_DENS_REF_V_REF,15,2.45700788498,6.38682086094,9.20991905313,0,0,4.91401576996,
G1_D060_DENS_REF_V_REF_S015,G1_D060_DENS_REF_V_REF,15,2.46602964401,6.58323931937,9.28107962901,0,0,4.93205928802,
G1_D060_DENS_REF_V_REF_S015,G1_D060_DENS_REF_V_REF,15,2.47501659393,6.58642293631,10.9866841867,0,0,4.95003318787,
G1_D060_DENS_REF_V_REF_S015,G1_D060_DENS_REF_V_REF,15,2.48400330544,6.5296259839,10.296734166,0,0,4.96800661087,
G1_D060_DENS_REF_V_REF_S015,G1_D060_DENS_REF_V_REF,15,2.49302506447,6.14591768064,9.23384722008,0,0,4.98605012894,
G1_D060_DENS_REF_V_REF_S015,G1_D060_DENS_REF_V_REF,15,2.50201201439,6.75982342113,11.8943611236,0,0,5.00402402878,
G1_D060_DENS_REF_V_REF_S015,G1_D060_DENS_REF_V_REF,15,2.51103377342,5.91668517206,9.0848166228,0,0,5.02206754684,
G1_D060_DENS_REF_V_REF_S015,G1_D060_DENS_REF_V_REF,15,2.52002048492,6.06483129382,9.36455251258,0,0,5.04004096985,
G1_D060_DENS_REF_V_REF_S015,G1_D060_DENS_REF_V_REF,15,2.52900743484,6.79413429797,10.2642376307,0,0,5.05801486969,
G1_D060_DENS_REF_V_REF_S015,G1_D060_DENS_REF_V_REF,15,2.53802919388,6.25016149161,11.4687322906,0,0,5.07605838776,
G1_D060_DENS_REF_V_REF_S015,G1_D060_DENS_REF_V_REF,15,2.54701590538,6.17504298342,9.74029804891,0,0,5.09403181076,
G1_D060_DENS_REF_V_REF_S015,G1_D060_DENS_REF_V_REF,15,2.5560028553,6.64193202199,9.6238766216,0,0,5.1120057106,
G1_D060_DENS_REF_V_REF_S015,G1_D060_DENS_REF_V_REF,15,2.56502461433,5.98450735175,8.92841019104,0,0,5.13004922867,
G1_D060_DENS_REF_V_REF_S015,G1_D060_DENS_REF_V_REF,15,2.57401132584,6.05543759468,8.31236870537,0,0,5.14802265167,
G1_D060_DENS_REF_V_REF_S015,G1_D060_DENS_REF_V_REF,15,2.58303308487,6.73109704188,9.93222631828,0,0,5.16606616974,
G1_D060_DENS_REF_V_REF_S015,G1_D060_DENS_REF_V_REF,15,2.59202003479,6.49882252556,9.57267114231,0,0,5.18404006958,
G1_D060_DENS_REF_V_REF_S015,G1_D060_DENS_REF_V_REF,15,2.60100674629,5.68704726392,8.65135988227,0,0,5.20201349258,
G1_D060_DENS_REF_V_REF_S015,G1_D060_DENS_REF_V_REF,15,2.61002850533,5.8468921202,7.81204216287,0,0,5.22005701065,
G1_D060_DENS_REF_V_REF_S015,G1_D060_DENS_REF_V_REF,15,2.61901545525,6.91762357849,13.2089811025,0,0,5.23803091049,
G1_D060_DENS_REF_V_REF_S015,G1_D060_DENS_REF_V_REF,15,2.62800216675,6.61066574329,9.93975714381,0,0,5.2560043335,
G1_D060_DENS_REF_V_REF_S015,G1_D060_DENS_REF_V_REF,15,2.63702392578,6.37567345255,9.61493119259,0,0,5.27404785156,
G1_D060_DENS_REF_V_REF_S015,G1_D060_DENS_REF_V_REF,15,2.6460108757,6.59760574701,8.51508560402,0,0,5.2920217514,
G1_D060_DENS_REF_V_REF_S015,G1_D060_DENS_REF_V_REF,15,2.65503239632,6.35237355571,8.32740222915,0,0,5.31006479263,
G1_D060_DENS_REF_V_REF_S015,G1_D060_DENS_REF_V_REF,15,2.66401934624,6.36802871357,9.76826490812,0,0,5.32803869247,
G1_D060_DENS_REF_V_REF_S015,G1_D060_DENS_REF_V_REF,15,2.67300629616,6.42481875822,10.2461178068,0,0,5.34601259232,
G1_D060_DENS_REF_V_REF_S015,G1_D060_DENS_REF_V_REF,15,2.68202781677,6.83511376001,13.2904825354,0,0,5.36405563354,
G1_D060_DENS_REF_V_REF_S015,G1_D060_DENS_REF_V_REF,15,2.69101476669,6.64902457137,8.84943244934,0,0,5.38202953339,
G1_D060_DENS_REF_V_REF_S015,G1_D060_DENS_REF_V_REF,15,2.70000171661,6.78400448995,11.8352745619,0,0,5.40000343323,
G1_D060_DENS_REF_V_REF_S015,G1_D060_DENS_REF_V_REF,15,2.70902347565,6.65883144131,9.6993937881,0,0,5.41804695129,
G1_D060_DENS_REF_V_REF_S015,G1_D060_DENS_REF_V_REF,15,2.71801018715,7.04666843033,10.0992932128,0,0,5.4360203743,
G1_D060_DENS_REF_V_REF_S015,G1_D060_DENS_REF_V_REF,15,2.72703194618,6.84153884645,9.42280074502,0,0,5.45406389236,
G1_D060_DENS_REF_V_REF_S015,G1_D060_DENS_REF_V_REF,15,2.7360188961,6.84907176596,9.6985516274,0,0,5.47203779221,
G1_D060_DENS_REF_V_REF_S015,G1_D060_DENS_REF_V_REF,15,2.7450056076,6.9967848571,9.90277149264,0,0,5.49001121521,
G1_D060_DENS_REF_V_REF_S015,G1_D060_DENS_REF_V_REF,15,2.75402736664,7.49270162624,9.60287020593,0,0,5.50805473328,
G1_D060_DENS_REF_V_REF_S015,G1_D060_DENS_REF_V_REF,15,2.76301431656,7.00350611403,8.90821540918,0,0,5.52602863312,
G1_D060_DENS_REF_V_REF_S015,G1_D060_DENS_REF_V_REF,15,2.77200102806,7.48947742617,9.18456084098,0,0,5.54400205612,
G1_D060_DENS_REF_V_REF_S015,G1_D060_DENS_REF_V_REF,15,2.78102278709,7.04019714821,11.2175494575,0,0,5.56204557419,
G1_D060_DENS_REF_V_REF_S015,G1_D060_DENS_REF_V_REF,15,2.79000973701,7.73839188882,12.8284406465,0,0,5.58001947403,
G1_D060_DENS_REF_V_REF_S015,G1_D060_DENS_REF_V_REF,15,2.79903125763,6.95336695344,8.72916065506,0,0,5.59806251526,
G1_D060_DENS_REF_V_REF_S015,G1_D060_DENS_REF_V_REF,15,2.80801820755,7.43826583481,9.41715684918,0,0,5.6160364151,
G1_D060_DENS_REF_V_REF_S015,G1_D060_DENS_REF_V_REF,15,2.81700515747,7.51550502735,10.4979395971,0,0,5.63401031494,
G1_D060_DENS_REF_V_REF_S015,G1_D060_DENS_REF_V_REF,15,2.82602667809,7.20780072162,9.71060369998,0,0,5.65205335617,
G1_D060_DENS_REF_V_REF_S015,G1_D060_DENS_REF_V_REF,15,2.83501362801,7.7497853864,10.4858441068,0,0,5.67002725601,
G1_D060_DENS_REF_V_REF_S015,G1_D060_DENS_REF_V_REF,15,2.84400057793,7.25883918708,10.0534906264,0,0,5.68800115585,
G1_D060_DENS_REF_V_REF_S015,G1_D060_DENS_REF_V_REF,15,2.85302209854,7.79606483239,10.6397383784,0,0,5.70604419708,
G1_D060_DENS_REF_V_REF_S015,G1_D060_DENS_REF_V_REF,15,2.86200904846,7.47942835267,9.72080084352,0,0,5.72401809692,
G1_D060_DENS_REF_V_REF_S015,G1_D060_DENS_REF_V_REF,15,2.8710308075,7.83761936601,8.90280779485,0,0,5.74206161499,
G1_D060_DENS_REF_V_REF_S015,G1_D060_DENS_REF_V_REF,15,2.880017519,8.16256502551,11.9073294251,0,0,5.76003503799,
G1_D060_DENS_REF_V_REF_S015,G1_D060_DENS_REF_V_REF,15,2.88900446892,8.15748695356,10.3176051225,0,0,5.77800893784,
G1_D060_DENS_REF_V_REF_S015,G1_D060_DENS_REF_V_REF,15,2.89802622795,7.53397121449,8.70330257001,0,0,5.7960524559,
G1_D060_DENS_REF_V_REF_S015,G1_D060_DENS_REF_V_REF,15,2.90701293945,7.25354870131,11.6595193397,0,0,5.81402587891,
G1_D060_DENS_REF_V_REF_S015,G1_D060_DENS_REF_V_REF,15,2.91603469849,7.59525173918,9.82728471823,0,0,5.83206939697,
G1_D060_DENS_REF_V_REF_S015,G1_D060_DENS_REF_V_REF,15,2.92502164841,7.46374772243,10.2577942373,0,0,5.85004329681,
G1_D060_DENS_REF_V_REF_S015,G1_D060_DENS_REF_V_REF,15,2.93400835991,7.15625842093,8.98137467353,0,0,5.86801671982,
G1_D060_DENS_REF_V_REF_S015,G1_D060_DENS_REF_V_REF,15,2.94303011894,8.04762496965,10.1692219892,0,0,5.88606023788,
G1_D060_DENS_REF_V_REF_S015,G1_D060_DENS_REF_V_REF,15,2.95201706886,7.89586738115,10.2083493857,0,0,5.90403413773,
G1_D060_DENS_REF_V_REF_S015,G1_D060_DENS_REF_V_REF,15,2.96100378036,7.31583085217,11.2830394772,0,0,5.92200756073,
G1_D060_DENS_REF_V_REF_S015,G1_D060_DENS_REF_V_REF,15,2.9700255394,7.32277747498,10.5577480115,0,0,5.9400510788,
G1_D060_DENS_REF_V_REF_S015,G1_D060_DENS_REF_V_REF,15,2.97901248932,8.72277971815,10.7440418225,0,0,5.95802497864,
G1_D060_DENS_REF_V_REF_S015,G1_D060_DENS_REF_V_REF,15,2.98803400993,7.98487827149,10.6805556757,0,0,5.97606801987,
G1_D060_DENS_REF_V_REF_S015,G1_D060_DENS_REF_V_REF,15,2.99702095985,8.22710601605,9.81527285444,0,0,5.99404191971,
G1_D060_DENS_REF_V_REF_S015,G1_D060_DENS_REF_V_REF,15,3.00600790977,8.09130795886,9.94053633535,0,0,6.01201581955,
G1_D060_DENS_REF_V_REF_S015,G1_D060_DENS_REF_V_REF,15,3.01502943039,8.05129213026,10.7823041455,0,0,6.03005886078,
G1_D060_DENS_REF_V_REF_S015,G1_D060_DENS_REF_V_REF,15,3.02401638031,7.27889416054,10.4048139681,0,0,6.04803276062,
G1_D060_DENS_REF_V_REF_S015,G1_D060_DENS_REF_V_REF,15,3.03300333023,7.82137143543,9.84172371048,0,0,6.06600666046,
G1_D060_DENS_REF_V_REF_S015,G1_D060_DENS_REF_V_REF,15,3.04202485085,8.33637824938,10.897119467,0,0,6.08404970169,
G1_D060_DENS_REF_V_REF_S015,G1_D060_DENS_REF_V_REF,15,3.05101180077,8.01239363291,10.0946656422,0,0,6.10202360153,
G1_D060_DENS_REF_V_REF_S015,G1_D060_DENS_REF_V_REF,15,3.0600335598,7.83642259544,8.87750706511,0,0,6.1200671196,
G1_D060_DENS_REF_V_REF_S015,G1_D060_DENS_REF_V_REF,15,3.0690202713,8.30645466782,9.99711130469,0,0,6.1380405426,
G1_D060_DENS_REF_V_REF_S015,G1_D060_DENS_REF_V_REF,15,3.07800722122,7.87387218874,9.54471700151,0,0,6.15601444244,
G1_D060_DENS_REF_V_REF_S015,G1_D060_DENS_REF_V_REF,15,3.08702898026,9.04594662774,11.0621878449,0,0,6.17405796051,
G1_D060_DENS_REF_V_REF_S015,G1_D060_DENS_REF_V_REF,15,3.09601569176,8.97723852699,11.2483971327,0,0,6.19203138351,
G1_D060_DENS_REF_V_REF_S015,G1_D060_DENS_REF_V_REF,15,3.10500264168,8.26903184212,11.3999756451,0,0,6.21000528336,
G1_D060_DENS_REF_V_REF_S015,G1_D060_DENS_REF_V_REF,15,3.11402440071,8.97951377262,11.4072516483,0,0,6.22804880142,
G1_D060_DENS_REF_V_REF_S015,G1_D060_DENS_REF_V_REF,15,3.12301111221,8.45319721776,11.4448332686,0,0,6.24602222443,
G1_D060_DENS_REF_V_REF_S015,G1_D060_DENS_REF_V_REF,15,3.13203287125,8.29436953011,9.36696223611,0,0,6.26406574249,
G1_D060_DENS_REF_V_REF_S015,G1_D060_DENS_REF_V_REF,15,3.14101982117,8.60738720358,9.28563025179,0,0,6.28203964233,
G1_D060_DENS_REF_V_REF_S015,G1_D060_DENS_REF_V_REF,15,3.15000653267,8.46631679352,10.8582156635,0,0,6.30001306534,
G1_D060_DENS_REF_V_REF_S015,G1_D060_DENS_REF_V_REF,15,3.1590282917,8.09494144411,9.50349005217,0,0,6.3180565834,
G1_D060_DENS_REF_V_REF_S015,G1_D060_DENS_REF_V_REF,15,3.16801524162,8.57020442277,10.4578336195,0,0,6.33603048325,
G1_D060_DENS_REF_V_REF_S015,G1_D060_DENS_REF_V_REF,15,3.17700195312,8.63455199585,10.0773236548,0,0,6.35400390625,
G1_D060_DENS_REF_V_REF_S015,G1_D060_DENS_REF_V_REF,15,3.18602371216,9.30979827225,11.2155282935,0,0,6.37204742432,
G1_D060_DENS_REF_V_REF_S015,G1_D060_DENS_REF_V_REF,15,3.19501066208,8.68611156595,9.78245715921,0,0,6.39002132416,
G1_D060_DENS_REF_V_REF_S015,G1_D060_DENS_REF_V_REF,15,3.20403218269,9.33754245344,10.5425366373,0,0,6.40806436539,
G1_D060_DENS_REF_V_REF_S015,G1_D060_DENS_REF_V_REF,15,3.21301913261,8.926104648,10.2700012169,0,0,6.42603826523,
G1_D060_DENS_REF_V_REF_S015,G1_D060_DENS_REF_V_REF,15,3.22200608253,8.88170929536,9.42971275632,0,0,6.44401216507,
G1_D060_DENS_REF_V_REF_S015,G1_D060_DENS_REF_V_REF,15,3.23102760315,9.48491965443,11.3807183756,0,0,6.4620552063,
G1_D060_DENS_REF_V_REF_S015,G1_D060_DENS_REF_V_REF,15,3.24001455307,8.48679659463,10.3825279823,0,0,6.48002910614,
G1_D060_DENS_REF_V_REF_S015,G1_D060_DENS_REF_V_REF,15,3.24900150299,9.25636410698,10.2311896303,0,0,6.49800300598,
G1_D060_DENS_REF_V_REF_S015,G1_D060_DENS_REF_V_REF,15,3.25802302361,8.88164971587,9.31255540433,0,0,6.51604604721,
G1_D060_DENS_REF_V_REF_S015,G1_D060_DENS_REF_V_REF,15,3.26700997353,8.38046966029,10.4208405117,0,0,6.53401994705,
G1_D060_DENS_REF_V_REF_S015,G1_D060_DENS_REF_V_REF,15,3.27603173256,10.0922185479,11.71425431,0,0,6.55206346512,
G1_D060_DENS_REF_V_REF_S015,G1_D060_DENS_REF_V_REF,15,3.28501844406,8.62625404118,10.2428343892,0,0,6.57003688812,
G1_D060_DENS_REF_V_REF_S015,G1_D060_DENS_REF_V_REF,15,3.29400539398,9.07510172027,10.3929846102,0,0,6.58801078796,
G1_D060_DENS_REF_V_REF_S015,G1_D060_DENS_REF_V_REF,15,3.30302715302,9.72198988772,10.6919158579,0,0,6.60605430603,
G1_D060_DENS_REF_V_REF_S015,G1_D060_DENS_REF_V_REF,15,3.31201386452,9.52939790027,10.4762503649,0,0,6.62402772903,
G1_D060_DENS_REF_V_REF_S015,G1_D060_DENS_REF_V_REF,15,3.32100081444,9.01606794667,9.64683442344,0,0,6.64200162888,
G1_D060_DENS_REF_V_REF_S015,G1_D060_DENS_REF_V_REF,15,3.33002257347,9.33932033987,14.2056871192,0,0,6.66004514694,
G1_D060_DENS_REF_V_REF_S015,G1_D060_DENS_REF_V_REF,15,3.33900928497,10.3210953065,11.0243796938,0,0,6.67801856995,
G1_D060_DENS_REF_V_REF_S015,G1_D060_DENS_REF_V_REF,15,3.34803104401,9.97763337854,10.810386733,0,0,6.69606208801,
G1_D060_DENS_REF_V_REF_S015,G1_D060_DENS_REF_V_REF,15,3.35701799393,10.1325020524,10.8911872454,0,0,6.71403598785,
G1_D060_DENS_REF_V_REF_S015,G1_D060_DENS_REF_V_REF,15,3.36600470543,10.4054788567,10.8617523278,0,0,6.73200941086,
G1_D060_DENS_REF_V_REF_S015,G1_D060_DENS_REF_V_REF,15,3.37502646446,9.79125665411,10.2424094533,0,0,6.75005292892,
G1_D060_DENS_REF_V_REF_S015,G1_D060_DENS_REF_V_REF,15,3.38401317596,9.05426357876,8.28698045681,0,0,6.76802635193,
G1_D060_DENS_REF_V_REF_S015,G1_D060_DENS_REF_V_REF,15,3.39300012589,8.89479087841,9.40987710913,0,0,6.78600025177,
G1_D060_DENS_REF_V_REF_S015,G1_D060_DENS_REF_V_REF,15,3.40202188492,9.80905106094,11.8314861,0,0,6.80404376984,
G1_D060_DENS_REF_V_REF_S015,G1_D060_DENS_REF_V_REF,15,3.41100859642,9.69395039951,9.98291294119,0,0,6.82201719284,
G1_D060_DENS_REF_V_REF_S015,G1_D060_DENS_REF_V_REF,15,3.42003035545,9.39968558549,10.4024553094,0,0,6.84006071091,
G1_D060_DENS_REF_V_REF_S015,G1_D060_DENS_REF_V_REF,15,3.42901730537,9.71387498888,10.7852146387,0,0,6.85803461075,
G1_D060_DENS_REF_V_REF_S015,G1_D060_DENS_REF_V_REF,15,3.43800401688,9.82650353332,10.342482188,0,0,6.87600803375,
G1_D060_DENS_REF_V_REF_S015,G1_D060_DENS_REF_V_REF,15,3.44702577591,10.0625220591,11.3505277847,0,0,6.89405155182,
G1_D060_DENS_REF_V_REF_S015,G1_D060_DENS_REF_V_REF,15,3.45601272583,10.1061601479,10.7923021141,0,0,6.91202545166,
G1_D060_DENS_REF_V_REF_S015,G1_D060_DENS_REF_V_REF,15,3.46503424644,10.17066919,10.8131270983,0,0,6.93006849289,
G1_D060_DENS_REF_V_REF_S015,G1_D060_DENS_REF_V_REF,15,3.47402119637,10.8648211602,11.3977582083,0,0,6.94804239273,
G1_D060_DENS_REF_V_REF_S015,G1_D060_DENS_REF_V_REF,15,3.48300814629,10.591310731,11.3511076918,0,0,6.96601629257,
G1_D060_DENS_REF_V_REF_S015,G1_D060_DENS_REF_V_REF,15,3.4920296669,10.2454181327,10.5545013091,0,0,6.9840593338,
G1_D060_DENS_REF_V_REF_S015,G1_D060_DENS_REF_V_REF,15,3.50101661682,10.6695619113,10.175077011,0,0,7.00203323364,
G1_D060_DENS_REF_V_REF_S015,G1_D060_DENS_REF_V_REF,15,3.51000356674,9.37681742407,11.4874460172,0,0,7.02000713348,
G1_D060_DENS_REF_V_REF_S015,G1_D060_DENS_REF_V_REF,15,3.51902508736,9.95448890645,10.5191418121,0,0,7.03805017471,
G1_D060_DENS_REF_V_REF_S015,G1_D060_DENS_REF_V_REF,15,3.52801203728,9.81045247409,10.5279397674,0,0,7.05602407455,
G1_D060_DENS_REF_V_REF_S015,G1_D060_DENS_REF_V_REF,15,3.53703379631,10.3086414667,10.7678713227,0,0,7.07406759262,
G1_D060_DENS_REF_V_REF_S015,G1_D060_DENS_REF_V_REF,15,3.54602050781,10.3811367505,10.0874092516,0,0,7.09204101562,
G1_D060_DENS_REF_V_REF_S015,G1_D060_DENS_REF_V_REF,15,3.55500745773,11.1290596396,13.1022611029,0,0,7.11001491547,
G1_D060_DENS_REF_V_REF_S015,G1_D060_DENS_REF_V_REF,15,3.56402921677,10.4309806041,9.80588055912,0,0,7.12805843353,
G1_D060_DENS_REF_V_REF_S015,G1_D060_DENS_REF_V_REF,15,3.57301592827,10.1518567511,10.4736752473,0,0,7.14603185654,
G1_D060_DENS_REF_V_REF_S015,G1_D060_DENS_REF_V_REF,15,3.58200287819,9.8546742691,9.7908254372,0,0,7.16400575638,
G1_D060_DENS_REF_V_REF_S015,G1_D060_DENS_REF_V_REF,15,3.5910243988,11.195619425,11.4538568553,0,0,7.18204879761,
G1_D060_DENS_REF_V_REF_S015,G1_D060_DENS_REF_V_REF,15,3.60001134872,10.4524836181,11.8523870922,0,0,7.20002269745,
G1_D060_DENS_REF_V_REF_S015,G1_D060_DENS_REF_V_REF,15,3.60903310776,11.4389101021,12.6549588889,0,0,7.21806621552,
G1_D060_DENS_REF_V_REF_S015,G1_D060_DENS_REF_V_REF,15,3.61801981926,10.8102670732,9.97456607064,0,0,7.23603963852,
G1_D060_DENS_REF_V_REF_S015,G1_D060_DENS_REF_V_REF,15,3.62700676918,11.2825528045,10.5726123245,0,0,7.25401353836,
G1_D060_DENS_REF_V_REF_S015,G1_D060_DENS_REF_V_REF,15,3.63602852821,10.0450704502,12.6986766796,0,0,7.27205705643,
G1_D060_DENS_REF_V_REF_S015,G1_D060_DENS_REF_V_REF,15,3.64501523972,11.0178998591,11.1397886827,0,0,7.29003047943,
G1_D060_DENS_REF_V_REF_S015,G1_D060_DENS_REF_V_REF,15,3.65400218964,10.4885715179,10.7360080464,0,0,7.30800437927,
G1_D060_DENS_REF_V_REF_S015,G1_D060_DENS_REF_V_REF,15,3.66302394867,11.0081305501,11.0716437472,0,0,7.32604789734,
G1_D060_DENS_REF_V_REF_S015,G1_D060_DENS_REF_V_REF,15,3.67201066017,10.6545599692,11.044526568,0,0,7.34402132034,
G1_D060_DENS_REF_V_REF_S015,G1_D060_DENS_REF_V_REF,15,3.6810324192,11.5096818981,11.6292304103,0,0,7.36206483841,
G1_D060_DENS_REF_V_REF_S015,G1_D060_DENS_REF_V_REF,15,3.69001936913,10.9111696838,10.4415309005,0,0,7.38003873825,
G1_D060_DENS_REF_V_REF_S015,G1_D060_DENS_REF_V_REF,15,3.69900608063,10.5024561289,10.9810522825,0,0,7.39801216125,
G1_D060_DENS_REF_V_REF_S015,G1_D060_DENS_REF_V_REF,15,3.70802783966,11.0031984047,10.8101863219,0,0,7.41605567932,
G1_D060_DENS_REF_V_REF_S015,G1_D060_DENS_REF_V_REF,15,3.71701455116,11.0459350299,10.7599982922,0,0,7.43402910233,
G1_D060_DENS_REF_V_REF_S015,G1_D060_DENS_REF_V_REF,15,3.72600150108,12.5192658062,12.494957088,0,0,7.45200300217,
G1_D060_DENS_REF_V_REF_S015,G1_D060_DENS_REF_V_REF,15,3.73502326012,11.9195343711,11.5437647614,0,0,7.47004652023,
G1_D060_DENS_REF_V_REF_S015,G1_D060_DENS_REF_V_REF,15,3.74400997162,10.7790025215,8.98002242873,0,0,7.48801994324,
G1_D060_DENS_REF_V_REF_S015,G1_D060_DENS_REF_V_REF,15,3.75303173065,10.9746175203,11.2172770818,0,0,7.5060634613,
G1_D060_DENS_REF_V_REF_S015,G1_D060_DENS_REF_V_REF,15,3.76201868057,11.4239081599,10.6160293374,0,0,7.52403736115,
G1_D060_DENS_REF_V_REF_S015,G1_D060_DENS_REF_V_REF,15,3.77100539207,11.0005423685,11.627666505,0,0,7.54201078415,
G1_D060_DENS_REF_V_REF_S015,G1_D060_DENS_REF_V_REF,15,3.78002715111,11.3910133753,11.1649959423,0,0,7.56005430222,
G1_D060_DENS_REF_V_REF_S015,G1_D060_DENS_REF_V_REF,15,3.78901410103,12.2872891874,12.4324360039,0,0,7.57802820206,
G1_D060_DENS_REF_V_REF_S015,G1_D060_DENS_REF_V_REF,15,3.79800081253,12.0813323984,11.6101473707,0,0,7.59600162506,
G1_D060_DENS_REF_V_REF_S015,G1_D060_DENS_REF_V_REF,15,3.80702257156,11.9135980092,11.10227487,0,0,7.61404514313,
G1_D060_DENS_REF_V_REF_S015,G1_D060_DENS_REF_V_REF,15,3.81600928307,11.7638505808,11.1774143076,0,0,7.63201856613,
G1_D060_DENS_REF_V_REF_S015,G1_D060_DENS_REF_V_REF,15,3.8250310421,11.1489021993,11.3397708922,0,0,7.6500620842,
G1_D060_DENS_REF_V_REF_S015,G1_D060_DENS_REF_V_REF,15,3.83401799202,11.6562586617,10.3683482063,0,0,7.66803598404,
G1_D060_DENS_REF_V_REF_S015,G1_D060_DENS_REF_V_REF,15,3.84300470352,12.3905188518,13.3886936657,0,0,7.68600940704,
G1_D060_DENS_REF_V_REF_S015,G1_D060_DENS_REF_V_REF,15,3.85202646255,10.5484592642,10.9200685178,0,0,7.70405292511,
G1_D060_DENS_REF_V_REF_S015,G1_D060_DENS_REF_V_REF,15,3.86101341248,10.9737488687,10.045112858,0,0,7.72202682495,
G1_D060_DENS_REF_V_REF_S015,G1_D060_DENS_REF_V_REF,15,3.87000012398,12.1550771245,10.9362729021,0,0,7.74000024796,
G1_D060_DENS_REF_V_REF_S015,G1_D060_DENS_REF_V_REF,15,3.87902188301,11.8169194979,12.293095716,0,0,7.75804376602,
G1_D060_DENS_REF_V_REF_S015,G1_D060_DENS_REF_V_REF,15,3.88800883293,12.0582656387,11.6653817322,0,0,7.77601766586,
G1_D060_DENS_REF_V_REF_S015,G1_D060_DENS_REF_V_REF,15,3.89703035355,11.840980976,12.2457823877,0,0,7.79406070709,
G1_D060_DENS_REF_V_REF_S015,G1_D060_DENS_REF_V_REF,15,3.90601730347,12.0334624392,11.6518524167,0,0,7.81203460693,
G1_D060_DENS_REF_V_REF_S015,G1_D060_DENS_REF_V_REF,15,3.91500401497,11.7279595523,10.3635943214,0,0,7.83000802994,
G1_D060_DENS_REF_V_REF_S015,G1_D060_DENS_REF_V_REF,15,3.924025774,12.4844238948,11.8394872034,0,0,7.848051548,
G1_D060_DENS_REF_V_REF_S015,G1_D060_DENS_REF_V_REF,15,3.93301272392,11.1652468386,11.6583415608,0,0,7.86602544785,
G1_D060_DENS_REF_V_REF_S015,G1_D060_DENS_REF_V_REF,15,3.94203424454,13.1213536532,11.482014897,0,0,7.88406848907,
G1_D060_DENS_REF_V_REF_S015,G1_D060_DENS_REF_V_REF,15,3.95102119446,12.792212389,14.4201374896,0,0,7.90204238892,
G1_D060_DENS_REF_V_REF_S015,G1_D060_DENS_REF_V_REF,15,3.96000814438,11.7175469576,12.1986426862,0,0,7.92001628876,
G1_D060_DENS_REF_V_REF_S015,G1_D060_DENS_REF_V_REF,15,3.96902966499,11.4665947038,10.9865072854,0,0,7.93805932999,
G1_D060_DENS_REF_V_REF_S015,G1_D060_DENS_REF_V_REF,15,3.97801661491,11.3719298065,11.2330518815,0,0,7.95603322983,
G1_D060_DENS_REF_V_REF_S015,G1_D060_DENS_REF_V_REF,15,3.98700356483,12.4492322778,11.8717600226,0,0,7.97400712967,
G1_D060_DENS_REF_V_REF_S015,G1_D060_DENS_REF_V_REF,15,3.99602508545,12.4840888682,11.5652839124,0,0,7.9920501709,
G1_D060_DENS_REF_V_REF_S015,G1_D060_DENS_REF_V_REF,15,4.00501203537,12.0687231339,11.0500123846,0,0,8.01002407074,
G1_D060_DENS_REF_V_REF_S015,G1_D060_DENS_REF_V_REF,15,4.0140337944,12.2503637209,11.6900272849,0,0,8.02806758881,
G1_D060_DENS_REF_V_REF_S015,G1_D060_DENS_REF_V_REF,15,4.02302074432,13.0530643358,13.374537193,0,0,8.04604148865,
G1_D060_DENS_REF_V_REF_S015,G1_D060_DENS_REF_V_REF,15,4.03200721741,12.1862907315,10.2483833653,0,0,8.06401443481,
G1_D060_DENS_REF_V_REF_S015,G1_D060_DENS_REF_V_REF,15,4.04102897644,13.0642048365,11.6682810521,0,0,8.08205795288,
G1_D060_DENS_REF_V_REF_S015,G1_D060_DENS_REF_V_REF,15,4.05001592636,12.030151892,10.7662576166,0,0,8.10003185272,
G1_D060_DENS_REF_V_REF_S015,G1_D060_DENS_REF_V_REF,15,4.05900287628,12.4579559235,12.1214826907,0,0,8.11800575256,
G1_D060_DENS_REF_V_REF_S015,G1_D060_DENS_REF_V_REF,15,4.06802463531,12.3546632257,11.0171102489,0,0,8.13604927063,
G1_D060_DENS_REF_V_REF_S015,G1_D060_DENS_REF_V_REF,15,4.0770111084,12.8682634457,11.3403027073,0,0,8.1540222168,
G1_D060_DENS_REF_V_REF_S015,G1_D060_DENS_REF_V_REF,15,4.08603286743,13.1186967535,12.3399179878,0,0,8.17206573486,
G1_D060_DENS_REF_V_REF_S015,G1_D060_DENS_REF_V_REF,15,4.09501981735,13.2180287107,12.632589239,0,0,8.1900396347,
G1_D060_DENS_REF_V_REF_S015,G1_D060_DENS_REF_V_REF,15,4.10400676727,12.9844227223,16.6716067398,0,0,8.20801353455,
G1_D060_DENS_REF_V_REF_S015,G1_D060_DENS_REF_V_REF,15,4.11302852631,11.4273559989,9.95627490005,0,0,8.22605705261,
G1_D060_DENS_REF_V_REF_S015,G1_D060_DENS_REF_V_REF,15,4.12201499939,12.4862199142,11.4203901941,0,0,8.24402999878,
G1_D060_DENS_REF_V_REF_S015,G1_D060_DENS_REF_V_REF,15,4.13100194931,12.4528320877,10.889823073,0,0,8.26200389862,
G1_D060_DENS_REF_V_REF_S015,G1_D060_DENS_REF_V_REF,15,4.14002370834,13.2455293931,11.8597361744,0,0,8.28004741669,
G1_D060_DENS_REF_V_REF_S015,G1_D060_DENS_REF_V_REF,15,4.14901065826,12.6975250414,11.3192821237,0,0,8.29802131653,
G1_D060_DENS_REF_V_REF_S015,G1_D060_DENS_REF_V_REF,15,4.1580324173,13.3745310714,11.9757673165,0,0,8.31606483459,
G1_D060_DENS_REF_V_REF_S015,G1_D060_DENS_REF_V_REF,15,4.16701936722,12.8127897623,11.1043332159,0,0,8.33403873444,
G1_D060_DENS_REF_V_REF_S015,G1_D060_DENS_REF_V_REF,15,4.1760058403,13.687825919,12.2858241144,0,0,8.3520116806,
G1_D060_DENS_REF_V_REF_S015,G1_D060_DENS_REF_V_REF,15,4.18502759933,13.184941372,10.9332752194,0,0,8.37005519867,
G1_D060_DENS_REF_V_REF_S015,G1_D060_DENS_REF_V_REF,15,4.19401454926,12.6323830752,11.1817414799,0,0,8.38802909851,
G1_D060_DENS_REF_V_REF_S015,G1_D060_DENS_REF_V_REF,15,4.20300149918,13.0042695993,11.2489560016,0,0,8.40600299835,
G1_D060_DENS_REF_V_REF_S015,G1_D060_DENS_REF_V_REF,15,4.21202325821,14.6663956819,12.0781639453,0,0,8.42404651642,
G1_D060_DENS_REF_V_REF_S015,G1_D060_DENS_REF_V_REF,15,4.22100973129,12.3161351573,11.9349721758,0,0,8.44201946259,
G1_D060_DENS_REF_V_REF_S015,G1_D060_DENS_REF_V_REF,15,4.23003053665,12.3567597329,9.1402224592,0,0,8.4600610733,
G1_D060_DENS_REF_V_REF_S015,G1_D060_DENS_REF_V_REF,15,4.23901700974,12.0939848365,10.6744014016,0,0,8.47803401947,
G1_D060_DENS_REF_V_REF_S015,G1_D060_DENS_REF_V_REF,15,4.24800395966,12.6667621662,13.2443556892,0,0,8.49600791931,
G1_D060_DENS_REF_V_REF_S015,G1_D060_DENS_REF_V_REF,15,4.25702571869,12.7639794833,11.1986448781,0,0,8.51405143738,
G1_D060_DENS_REF_V_REF_S015,G1_D060_DENS_REF_V_REF,15,4.26601266861,13.0256284137,11.2230921442,0,0,8.53202533722,
G1_D060_DENS_REF_V_REF_S015,G1_D060_DENS_REF_V_REF,15,4.27503442764,14.0475409583,11.9069850505,0,0,8.55006885529,
G1_D060_DENS_REF_V_REF_S015,G1_D060_DENS_REF_V_REF,15,4.28402090073,12.8612097525,11.265771532,0,0,8.56804180145,
G1_D060_DENS_REF_V_REF_S015,G1_D060_DENS_REF_V_REF,15,4.29300785065,13.3837607111,11.1558230133,0,0,8.58601570129,
G1_D060_DENS_REF_V_REF_S015,G1_D060_DENS_REF_V_REF,15,4.30202960968,13.8519380481,13.8895321014,0,0,8.60405921936,
G1_D060_DENS_REF_V_REF_S015,G1_D060_DENS_REF_V_REF,15,4.3110165596,13.5392329511,10.6120643517,0,0,8.6220331192,
G1_D060_DENS_REF_V_REF_S015,G1_D060_DENS_REF_V_REF,15,4.32000350952,13.1146393041,11.8983316501,0,0,8.64000701904,
G1_D060_DENS_REF_V_REF_S015,G1_D060_DENS_REF_V_REF,15,4.32902526855,13.0649569196,11.612557399,0,0,8.65805053711,
G1_D060_DENS_REF_V_REF_S015,G1_D060_DENS_REF_V_REF,15,4.33801174164,13.1537778463,11.1555139196,0,0,8.67602348328,
G1_D060_DENS_REF_V_REF_S015,G1_D060_DENS_REF_V_REF,15,4.34703350067,12.9528671809,9.42614218646,0,0,8.69406700134,
G1_D060_DENS_REF_V_REF_S015,G1_D060_DENS_REF_V_REF,15,4.35602045059,13.5509804717,10.7496066243,0,0,8.71204090118,
G1_D060_DENS_REF_V_REF_S015,G1_D060_DENS_REF_V_REF,15,4.36500597,13.3233410668,10.9252258947,0,0,8.73001194,
G1_D060_DENS_REF_V_REF_S015,G1_D060_DENS_REF_V_REF,15,4.37402772903,13.1529851801,10.7409826687,0,0,8.74805545807,
G1_D060_DENS_REF_V_REF_S015,G1_D060_DENS_REF_V_REF,15,4.38301467896,13.5220688779,11.453087137,0,0,8.76602935791,
G1_D060_DENS_REF_V_REF_S015,G1_D060_DENS_REF_V_REF,15,4.39200162888,13.2764865492,13.9911740083,0,0,8.78400325775,
G1_D060_DENS_REF_V_REF_S015,G1_D060_DENS_REF_V_REF,15,4.40102291107,14.4568598064,13.0710297122,0,0,8.80204582214,
G1_D060_DENS_REF_V_REF_S015,G1_D060_DENS_REF_V_REF,15,4.41000986099,14.7596919779,12.0040661321,0,0,8.82001972198,
G1_D060_DENS_REF_V_REF_S015,G1_D060_DENS_REF_V_REF,15,4.41903162003,13.4356363115,11.2255020771,0,0,8.83806324005,
G1_D060_DENS_REF_V_REF_S015,G1_D060_DENS_REF_V_REF,15,4.42801856995,14.4598223748,13.2286450348,0,0,8.85603713989,
G1_D060_DENS_REF_V_REF_S015,G1_D060_DENS_REF_V_REF,15,4.43700551987,10.3432416063,11.941453011,0,0,8.87401103973,
G1_D060_DENS_REF_V_REF_S015,G1_D060_DENS_REF_V_REF,15,4.44602680206,13.5119524537,11.6752436188,0,0,8.89205360413,
G1_D060_DENS_REF_V_REF_S015,G1_D060_DENS_REF_V_REF,15,4.45501375198,13.7458649742,10.814154679,0,0,8.91002750397,
G1_D060_DENS_REF_V_REF_S015,G1_D060_DENS_REF_V_REF,15,4.4640007019,13.4354610269,12.0224584612,0,0,8.92800140381,
G1_D060_DENS_REF_V_REF_S015,G1_D060_DENS_REF_V_REF,15,4.47301340103,16.1870576117,18.1849014075,0,0,8.94602680206,
G1_D060_DENS_REF_V_REF_S015,G1_D060_DENS_REF_V_REF,15,4.48200035095,12.2608566184,9.90990101536,0,0,8.9640007019,
G1_D060_DENS_REF_V_REF_S015,G1_D060_DENS_REF_V_REF,15,4.49102163315,14.4243924397,12.2318568657,0,0,8.9820432663,
G1_D060_DENS_REF_V_REF_S015,G1_D060_DENS_REF_V_REF,15,4.50000858307,13.6827046735,11.790255229,0,0,9.00001716614,
G1_D060_DENS_REF_V_REF_S015,G1_D060_DENS_REF_V_REF,15,4.5090303421,13.3401917,11.1299951421,0,0,9.0180606842,
G1_D060_DENS_REF_V_REF_S015,G1_D060_DENS_REF_V_REF,15,4.51801729202,13.5325816353,11.5015999128,0,0,9.03603458405,
G1_D060_DENS_REF_V_REF_S015,G1_D060_DENS_REF_V_REF,15,4.52700424194,13.1795179117,12.0280454572,0,0,9.05400848389,
G1_D060_DENS_REF_V_REF_S015,G1_D060_DENS_REF_V_REF,15,4.53602600098,13.5199913671,11.8267253179,0,0,9.07205200195,
G1_D060_DENS_REF_V_REF_S015,G1_D060_DENS_REF_V_REF,15,4.54501247406,14.2539156671,12.4844074129,0,0,9.09002494812,
G1_D060_DENS_REF_V_REF_S015,G1_D060_DENS_REF_V_REF,15,4.55403423309,14.3246062969,11.9057789029,0,0,9.10806846619,
G1_D060_DENS_REF_V_REF_S015,G1_D060_DENS_REF_V_REF,15,4.56302118301,14.5397314191,12.683986434,0,0,9.12604236603,
G1_D060_DENS_REF_V_REF_S015,G1_D060_DENS_REF_V_REF,15,4.57200813293,14.1443066802,11.8479361031,0,0,9.14401626587,
G1_D060_DENS_REF_V_REF_S015,G1_D060_DENS_REF_V_REF,15,4.58102989197,14.5683105766,12.2385138191,0,0,9.16205978394,
G1_D060_DENS_REF_V_REF_S015,G1_D060_DENS_REF_V_REF,15,4.59001636505,14.0278054691,10.6847370563,0,0,9.1800327301,
G1_D060_DENS_REF_V_REF_S015,G1_D060_DENS_REF_V_REF,15,4.59900331497,13.3785747053,11.1009738746,0,0,9.19800662994,
G1_D060_DENS_REF_V_REF_S015,G1_D060_DENS_REF_V_REF,15,4.60802507401,13.5767283083,10.845536531,0,0,9.21605014801,
G1_D060_DENS_REF_V_REF_S015,G1_D060_DENS_REF_V_REF,15,4.61701202393,13.9320940451,11.6337409107,0,0,9.23402404785,
G1_D060_DENS_REF_V_REF_S015,G1_D060_DENS_REF_V_REF,15,4.62603378296,14.1672456462,11.6550290428,0,0,9.25206756592,
G1_D060_DENS_REF_V_REF_S015,G1_D060_DENS_REF_V_REF,15,4.63502025604,14.1720845367,11.4109476672,0,0,9.27004051208,
G1_D060_DENS_REF_V_REF_S015,G1_D060_DENS_REF_V_REF,15,4.64400720596,13.2489573723,11.2787285441,0,0,9.28801441193,
G1_D060_DENS_REF_V_REF_S015,G1_D060_DENS_REF_V_REF,15,4.653028965,15.6843051757,12.5949506999,0,0,9.30605792999,
G1_D060_DENS_REF_V_REF_S015,G1_D060_DENS_REF_V_REF,15,4.66201591492,14.3126325469,12.1654755115,0,0,9.32403182983,
G1_D060_DENS_REF_V_REF_S015,G1_D060_DENS_REF_V_REF,15,4.67100286484,14.6098141654,12.2148162832,0,0,9.34200572968,
G1_D060_DENS_REF_V_REF_S015,G1_D060_DENS_REF_V_REF,15,4.68002414703,14.129231343,11.1323180536,0,0,9.36004829407,
G1_D060_DENS_REF_V_REF_S015,G1_D060_DENS_REF_V_REF,15,4.68901109695,15.0607635325,11.5194325098,0,0,9.37802219391,
G1_D060_DENS_REF_V_REF_S015,G1_D060_DENS_REF_V_REF,15,4.69803285599,14.9455834318,12.5314402661,0,0,9.39606571198,
G1_D060_DENS_REF_V_REF_S015,G1_D060_DENS_REF_V_REF,15,4.70701980591,13.8627875591,11.4662331417,0,0,9.41403961182,
G1_D060_DENS_REF_V_REF_S015,G1_D060_DENS_REF_V_REF,15,4.71600627899,13.5627107229,10.5594828579,0,0,9.43201255798,
G1_D060_DENS_REF_V_REF_S015,G1_D060_DENS_REF_V_REF,15,4.72502803802,14.2386693627,11.6479861725,0,0,9.45005607605,
G1_D060_DENS_REF_V_REF_S015,G1_D060_DENS_REF_V_REF,15,4.73401498795,14.2568575123,11.4048880632,0,0,9.46802997589,
G1_D060_DENS_REF_V_REF_S015,G1_D060_DENS_REF_V_REF,15,4.74300146103,14.0063698058,11.3818952817,0,0,9.48600292206,
G1_D060_DENS_REF_V_REF_S015,G1_D060_DENS_REF_V_REF,15,4.75202322006,14.8655137818,12.0258550533,0,0,9.50404644012,
G1_D060_DENS_REF_V_REF_S015,G1_D060_DENS_REF_V_REF,15,4.76101016998,15.2231271332,12.1133099154,0,0,9.52202033997,
G1_D060_DENS_REF_V_REF_S015,G1_D060_DENS_REF_V_REF,15,4.77003192902,14.6499776475,12.1612713572,0,0,9.54006385803,
G1_D060_DENS_REF_V_REF_S015,G1_D060_DENS_REF_V_REF,15,4.77901887894,15.0453022239,11.9162009909,0,0,9.55803775787,
G1_D060_DENS_REF_V_REF_S015,G1_D060_DENS_REF_V_REF,15,4.78800535202,15.3225920649,12.6227917341,0,0,9.57601070404,
G1_D060_DENS_REF_V_REF_S015,G1_D060_DENS_REF_V_REF,15,4.79702711105,14.5383705891,12.212036472,0,0,9.59405422211,
G1_D060_DENS_REF_V_REF_S015,G1_D060_DENS_REF_V_REF,15,4.80601406097,15.1219438946,13.8940773096,0,0,9.61202812195,
G1_D060_DENS_REF_V_REF_S015,G1_D060_DENS_REF_V_REF,15,4.81500101089,15.2688410058,13.9023246212,0,0,9.63000202179,
G1_D060_DENS_REF_V_REF_S015,G1_D060_DENS_REF_V_REF,15,4.82401704788,15.6326471699,11.4754172834,0,0,9.64803409576,
G1_D060_DENS_REF_V_REF_S015,G1_D060_DENS_REF_V_REF,15,4.83300352097,15.0111018713,11.400764593,0,0,9.66600704193,
G1_D060_DENS_REF_V_REF_S015,G1_D060_DENS_REF_V_REF,15,4.84202528,14.6025765529,11.504010201,0,0,9.68405056,
G1_D060_DENS_REF_V_REF_S015,G1_D060_DENS_REF_V_REF,15,4.85101222992,14.9376705851,11.0784284543,0,0,9.70202445984,
G1_D060_DENS_REF_V_REF_S015,G1_D060_DENS_REF_V_REF,15,4.86003398895,14.8150231886,11.9182717408,0,0,9.72006797791,
G1_D060_DENS_REF_V_REF_S015,G1_D060_DENS_REF_V_REF,15,4.86902093887,15.4237286761,12.5722688991,0,0,9.73804187775,
G1_D060_DENS_REF_V_REF_S015,G1_D060_DENS_REF_V_REF,15,4.87800741196,14.7971994238,12.1446675495,0,0,9.75601482391,
G1_D060_DENS_REF_V_REF_S015,G1_D060_DENS_REF_V_REF,15,4.88702917099,15.1151777372,12.043674815,0,0,9.77405834198,
G1_D060_DENS_REF_V_REF_S015,G1_D060_DENS_REF_V_REF,15,4.89601612091,15.6721699567,12.4839533012,0,0,9.79203224182,
G1_D060_DENS_REF_V_REF_S015,G1_D060_DENS_REF_V_REF,15,4.90500307083,15.8319776837,12.0981726426,0,0,9.81000614166,
G1_D060_DENS_REF_V_REF_S015,G1_D060_DENS_REF_V_REF,15,4.91402482986,14.7626882217,11.2233071689,0,0,9.82804965973,
G1_D060_DENS_REF_V_REF_S015,G1_D060_DENS_REF_V_REF,15,4.92301130295,16.034402877,12.7324254563,0,0,9.8460226059,
G1_D060_DENS_REF_V_REF_S015,G1_D060_DENS_REF_V_REF,15,4.93203306198,15.3755055572,12.3164093304,0,0,9.86406612396,
G1_D060_DENS_REF_V_REF_S015,G1_D060_DENS_REF_V_REF,15,4.9410200119,15.4117229777,12.2218538406,0,0,9.8820400238,
G1_D060_DENS_REF_V_REF_S015,G1_D060_DENS_REF_V_REF,15,4.95000696182,15.2597521119,10.8938744403,0,0,9.90001392365,
G1_D060_DENS_REF_V_REF_S015,G1_D060_DENS_REF_V_REF,15,4.9590139389,14.8728740072,12.1299101091,0,0,9.91802787781,
G1_D060_DENS_REF_V_REF_S015,G1_D060_DENS_REF_V_REF,15,4.96800088882,14.9248428625,11.59155201,0,0,9.93600177765,
G1_D060_DENS_REF_V_REF_S015,G1_D060_DENS_REF_V_REF,15,4.97702264786,15.1892618073,12.3840407642,0,0,9.95404529572,
G1_D060_DENS_REF_V_REF_S015,G1_D060_DENS_REF_V_REF,15,4.98600912094,14.9987766887,11.2413600962,0,0,9.97201824188,
G1_D060_DENS_REF_V_REF_S015,G1_D060_DENS_REF_V_REF,15,4.99503087997,15.7860876631,12.2065181425,0,0,9.99006175995,
G1_D060_DENS_REF_V_REF_S015,G1_D060_DENS_REF_V_REF,15,5.0040178299,15.1125545128,11.6965083467,0,0,10.0080356598,
G1_D060_DENS_REF_V_REF_S015,G1_D060_DENS_REF_V_REF,15,5.01300477982,16.9298549379,12.3198237722,0,0,10.0260095596,
G1_D060_DENS_REF_V_REF_S015,G1_D060_DENS_REF_V_REF,15,5.02202653885,17.1266727516,13.1449658284,0,0,10.0440530777,
G1_D060_DENS_REF_V_REF_S015,G1_D060_DENS_REF_V_REF,15,5.03101301193,15.2904571345,11.3191257263,0,0,10.0620260239,
G1_D060_DENS_REF_V_REF_S015,G1_D060_DENS_REF_V_REF,15,5.03999996185,16.1728448818,11.078834343,0,0,10.0799999237,
G1_D060_DENS_REF_V_REF_S015,G1_D060_DENS_REF_V_REF,15,5.04900074005,15.7056639901,12.7571695659,0,0,10.0980014801,
G1_D060_DENS_REF_V_REF_S015,G1_D060_DENS_REF_V_REF,15,5.05802249908,15.6010821303,12.215311526,0,0,10.1160449982,
G1_D060_DENS_REF_V_REF_S015,G1_D060_DENS_REF_V_REF,15,5.06700897217,16.555091329,13.1135078355,0,0,10.1340179443,
G1_D060_DENS_REF_V_REF_S015,G1_D060_DENS_REF_V_REF,15,5.0760307312,14.686461017,10.4146567584,0,0,10.1520614624,
G1_D060_DENS_REF_V_REF_S015,G1_D060_DENS_REF_V_REF,15,5.08501768112,16.1566323536,12.317114624,0,0,10.1700353622,
G1_D060_DENS_REF_V_REF_S015,G1_D060_DENS_REF_V_REF,15,5.09400463104,14.9644399077,11.7390783311,0,0,10.1880092621,
G1_D060_DENS_REF_V_REF_S015,G1_D060_DENS_REF_V_REF,15,5.10302639008,15.4865392711,12.0971126662,0,0,10.2060527802,
G1_D060_DENS_REF_V_REF_S015,G1_D060_DENS_REF_V_REF,15,5.11201286316,15.1260937354,11.4828876723,0,0,10.2240257263,
G1_D060_DENS_REF_V_REF_S015,G1_D060_DENS_REF_V_REF,15,5.12103462219,15.2280679133,11.7417059467,0,0,10.2420692444,
G1_D060_DENS_REF_V_REF_S015,G1_D060_DENS_REF_V_REF,15,5.13002157211,16.1753644897,12.2995971109,0,0,10.2600431442,
G1_D060_DENS_REF_V_REF_S015,G1_D060_DENS_REF_V_REF,15,5.13900852203,15.2709478746,12.0814059019,0,0,10.2780170441,
G1_D060_DENS_REF_V_REF_S015,G1_D060_DENS_REF_V_REF,15,5.14803028107,15.5601208012,11.658444197,0,0,10.2960605621,
G1_D060_DENS_REF_V_REF_S015,G1_D060_DENS_REF_V_REF,15,5.15701675415,17.2619630879,11.2564652292,0,0,10.3140335083,
G1_D060_DENS_REF_V_REF_S015,G1_D060_DENS_REF_V_REF,15,5.16600370407,14.3076183718,13.9892155586,0,0,10.3320074081,
G1_D060_DENS_REF_V_REF_S015,G1_D060_DENS_REF_V_REF,15,5.1750254631,15.0567501201,11.3971417563,0,0,10.3500509262,
G1_D060_DENS_REF_V_REF_S015,G1_D060_DENS_REF_V_REF,15,5.18401241302,14.7841454718,10.8967950917,0,0,10.368024826,
G1_D060_DENS_REF_V_REF_S015,G1_D060_DENS_REF_V_REF,15,5.19302845001,15.1377056911,10.1981430266,0,0,10.3860569,
G1_D060_DENS_REF_V_REF_S015,G1_D060_DENS_REF_V_REF,15,5.20200586319,15.302371305,11.9295834625,0,0,10.4040117264,
G1_D060_DENS_REF_V_REF_S015,G1_D060_DENS_REF_V_REF,15,5.21102762222,15.793252744,12.5677253464,0,0,10.4220552444,
G1_D060_DENS_REF_V_REF_S015,G1_D060_DENS_REF_V_REF,15,5.22001409531,15.7199717017,11.8785242757,0,0,10.4400281906,
G1_D060_DENS_REF_V_REF_S015,G1_D060_DENS_REF_V_REF,15,5.22900104523,16.208418153,12.5372383228,0,0,10.4580020905,
G1_D060_DENS_REF_V_REF_S015,G1_D060_DENS_REF_V_REF,15,5.23802280426,15.2822662502,11.4563010924,0,0,10.4760456085,
G1_D060_DENS_REF_V_REF_S015,G1_D060_DENS_REF_V_REF,15,5.24700975418,15.8162037986,11.59477652,0,0,10.4940195084,
G1_D060_DENS_REF_V_REF_S015,G1_D060_DENS_REF_V_REF,15,5.25603151321,15.8545004568,12.2125714598,0,0,10.5120630264,
G1_D060_DENS_REF_V_REF_S015,G1_D060_DENS_REF_V_REF,15,5.2650179863,15.6072352234,11.9689393969,0,0,10.5300359726,
G1_D060_DENS_REF_V_REF_S015,G1_D060_DENS_REF_V_REF,15,5.27400493622,16.1277492543,11.3696711933,0,0,10.5480098724,
G1_D060_DENS_REF_V_REF_S015,G1_D060_DENS_REF_V_REF,15,5.28300333023,14.2595852166,9.52712248643,0,0,10.5660066605,
G1_D060_DENS_REF_V_REF_S015,G1_D060_DENS_REF_V_REF,15,5.29202365875,16.0462358812,13.0898658466,0,0,10.5840473175,
G1_D060_DENS_REF_V_REF_S015,G1_D060_DENS_REF_V_REF,15,5.30101728439,14.7776504442,10.3245472285,0,0,10.6020345688,
G1_D060_DENS_REF_V_REF_S015,G1_D060_DENS_REF_V_REF,15,5.31000375748,15.7269295497,11.929077349,0,0,10.620007515,
G1_D060_DENS_REF_V_REF_S015,G1_D060_DENS_REF_V_REF,15,5.31902551651,16.1661581637,12.2359313994,0,0,10.638051033,
G1_D060_DENS_REF_V_REF_S015,G1_D060_DENS_REF_V_REF,15,5.32801246643,16.2880077132,12.7993009098,0,0,10.6560249329,
G1_D060_DENS_REF_V_REF_S015,G1_D060_DENS_REF_V_REF,15,5.33703422546,15.7985959015,11.4559113857,0,0,10.6740684509,
G1_D060_DENS_REF_V_REF_S015,G1_D060_DENS_REF_V_REF,15,5.34602069855,15.7379837032,11.7644741987,0,0,10.6920413971,
G1_D060_DENS_REF_V_REF_S015,G1_D060_DENS_REF_V_REF,15,5.35500764847,17.7454773938,13.8805518901,0,0,10.7100152969,
G1_D060_DENS_REF_V_REF_S015,G1_D060_DENS_REF_V_REF,15,5.3640294075,17.6771060467,14.9698876559,0,0,10.728058815,
G1_D060_DENS_REF_V_REF_S015,G1_D060_DENS_REF_V_REF,15,5.37301635742,17.7916454521,12.7283215745,0,0,10.7460327148,
G1_D060_DENS_REF_V_REF_S015,G1_D060_DENS_REF_V_REF,15,5.38200330734,16.3247224928,11.7063991416,0,0,10.7640066147,
G1_D060_DENS_REF_V_REF_S015,G1_D060_DENS_REF_V_REF,15,5.39102458954,18.2849031628,12.8561621882,0,0,10.7820491791,
G1_D060_DENS_REF_V_REF_S015,G1_D060_DENS_REF_V_REF,15,5.40001153946,17.5223219929,13.6795658308,0,0,10.8000230789,
G1_D060_DENS_REF_V_REF_S015,G1_D060_DENS_REF_V_REF,15,5.40903329849,16.3379543198,12.0793483955,0,0,10.818066597,
G1_D060_DENS_REF_V_REF_S015,G1_D060_DENS_REF_V_REF,15,5.41800022125,16.5278609129,12.765203662,0,0,10.8360004425,
G1_D060_DENS_REF_V_REF_S015,G1_D060_DENS_REF_V_REF,15,5.42702198029,16.3767172522,11.9324419199,0,0,10.8540439606,
G1_D060_DENS_REF_V_REF_S015,G1_D060_DENS_REF_V_REF,15,5.43600177765,17.3701853407,12.6334166514,0,0,10.8720035553,
G1_D060_DENS_REF_V_REF_S015,G1_D060_DENS_REF_V_REF,15,5.44501113892,16.7078185952,12.946645195,0,0,10.8900222778,
G1_D060_DENS_REF_V_REF_S015,G1_D060_DENS_REF_V_REF,15,5.45403289795,16.9410489737,12.9261542472,0,0,10.9080657959,
G1_D060_DENS_REF_V_REF_S015,G1_D060_DENS_REF_V_REF,15,5.46301984787,16.2463694229,11.9638929765,0,0,10.9260396957,
G1_D060_DENS_REF_V_REF_S015,G1_D060_DENS_REF_V_REF,15,5.47200632095,17.3696413541,12.4209073009,0,0,10.9440126419,
G1_D060_DENS_REF_V_REF_S015,G1_D060_DENS_REF_V_REF,15,5.48102807999,16.2692893925,11.588207569,0,0,10.96205616,
G1_D060_DENS_REF_V_REF_S015,G1_D060_DENS_REF_V_REF,15,5.49001502991,15.9910031062,11.7324514865,0,0,10.9800300598,
G1_D060_DENS_REF_V_REF_S015,G1_D060_DENS_REF_V_REF,15,5.49900197983,16.6869087856,13.1085308803,0,0,10.9980039597,
G1_D060_DENS_REF_V_REF_S015,G1_D060_DENS_REF_V_REF,15,5.50802373886,16.0302478553,11.7304744497,0,0,11.0160474777,
G1_D060_DENS_REF_V_REF_S015,G1_D060_DENS_REF_V_REF,15,5.51701021194,15.4961030739,11.0015727108,0,0,11.0340204239,
G1_D060_DENS_REF_V_REF_S015,G1_D060_DENS_REF_V_REF,15,5.52603197098,16.2782988472,11.6263702639,0,0,11.052063942,
G1_D060_DENS_REF_V_REF_S015,G1_D060_DENS_REF_V_REF,15,5.53501653671,17.5971883677,12.8383235062,0,0,11.0700330734,
G1_D060_DENS_REF_V_REF_S015,G1_D060_DENS_REF_V_REF,15,5.54400348663,17.3491114717,12.8421828848,0,0,11.0880069733,
G1_D060_DENS_REF_V_REF_S015,G1_D060_DENS_REF_V_REF,15,5.55302476883,16.4023813321,10.7367917289,0,0,11.1060495377,
G1_D060_DENS_REF_V_REF_S015,G1_D060_DENS_REF_V_REF,15,5.56201171875,15.1239074272,10.5507877567,0,0,11.1240234375,
G1_D060_DENS_REF_V_REF_S015,G1_D060_DENS_REF_V_REF,15,5.57103157043,16.3460761264,11.6696039284,0,0,11.1420631409,
G1_D060_DENS_REF_V_REF_S015,G1_D060_DENS_REF_V_REF,15,5.58001804352,16.0480422622,11.1650363049,0,0,11.160036087,
G1_D060_DENS_REF_V_REF_S015,G1_D060_DENS_REF_V_REF,15,5.58900499344,17.0500293539,12.7442899589,0,0,11.1780099869,
G1_D060_DENS_REF_V_REF_S015,G1_D060_DENS_REF_V_REF,15,5.59802675247,16.798638457,12.0644548888,0,0,11.1960535049,
G1_D060_DENS_REF_V_REF_S015,G1_D060_DENS_REF_V_REF,15,5.60701370239,17.1294203158,12.3539782026,0,0,11.2140274048,
G1_D060_DENS_REF_V_REF_S015,G1_D060_DENS_REF_V_REF,15,5.61600065231,18.0343118398,12.832917125,0,0,11.2320013046,
G1_D060_DENS_REF_V_REF_S015,G1_D060_DENS_REF_V_REF,15,5.62502193451,17.5717487901,13.3229776891,0,0,11.250043869,
G1_D060_DENS_REF_V_REF_S015,G1_D060_DENS_REF_V_REF,15,5.63400888443,16.3760161139,11.4183606845,0,0,11.2680177689,
G1_D060_DENS_REF_V_REF_S015,G1_D060_DENS_REF_V_REF,15,5.64302587509,21.7054012403,12.3329111203,0,0,11.2860517502,
G1_D060_DENS_REF_V_REF_S015,G1_D060_DENS_REF_V_REF,15,5.65201282501,17.4500788426,12.679234278,0,0,11.30402565,
G1_D060_DENS_REF_V_REF_S015,G1_D060_DENS_REF_V_REF,15,5.66100883484,16.1061849339,9.36030503179,0,0,11.3220176697,
G1_D060_DENS_REF_V_REF_S015,G1_D060_DENS_REF_V_REF,15,5.67003059387,16.5682350819,10.7105168852,0,0,11.3400611877,
G1_D060_DENS_REF_V_REF_S015,G1_D060_DENS_REF_V_REF,15,5.67901563644,16.7356603486,12.6464445154,0,0,11.3580312729,
G1_D060_DENS_REF_V_REF_S015,G1_D060_DENS_REF_V_REF,15,5.68803024292,16.0234696093,10.3757610916,0,0,11.3760604858,
G1_D060_DENS_REF_V_REF_S015,G1_D060_DENS_REF_V_REF,15,5.69701719284,17.2127435238,12.4731983235,0,0,11.3940343857,
G1_D060_DENS_REF_V_REF_S015,G1_D060_DENS_REF_V_REF,15,5.70600366592,16.6739601771,12.514912348,0,0,11.4120073318,
G1_D060_DENS_REF_V_REF_S015,G1_D060_DENS_REF_V_REF,15,5.71502542496,17.4326660899,13.0004629237,0,0,11.4300508499,
G1_D060_DENS_REF_V_REF_S015,G1_D060_DENS_REF_V_REF,15,5.72401237488,16.6142028149,14.0643220596,0,0,11.4480247498,
G1_D060_DENS_REF_V_REF_S015,G1_D060_DENS_REF_V_REF,15,5.73303413391,16.5615829027,11.8428141307,0,0,11.4660682678,
G1_D060_DENS_REF_V_REF_S015,G1_D060_DENS_REF_V_REF,15,5.74202108383,17.4211577507,12.0334004881,0,0,11.4840421677,
G1_D060_DENS_REF_V_REF_S015,G1_D060_DENS_REF_V_REF,15,5.75100755692,16.7657281298,11.2855175087,0,0,11.5020151138,
G1_D060_DENS_REF_V_REF_S015,G1_D060_DENS_REF_V_REF,15,5.76002931595,17.3033855105,12.4338267013,0,0,11.5200586319,
G1_D060_DENS_REF_V_REF_S015,G1_D060_DENS_REF_V_REF,15,5.76901626587,15.9260010222,11.4052604102,0,0,11.5380325317,
G1_D060_DENS_REF_V_REF_S015,G1_D060_DENS_REF_V_REF,15,5.7780175209,16.3537851939,9.87537196073,0,0,11.5560350418,
G1_D060_DENS_REF_V_REF_S015,G1_D060_DENS_REF_V_REF,15,5.78700447083,17.538836736,10.7213393381,0,0,11.5740089417,
G1_D060_DENS_REF_V_REF_S015,G1_D060_DENS_REF_V_REF,15,5.79601144791,16.4870463738,15.5849710169,0,0,11.5920228958,
G1_D060_DENS_REF_V_REF_S015,G1_D060_DENS_REF_V_REF,15,5.80502796173,16.4138050512,11.1825731792,0,0,11.6100559235,
G1_D060_DENS_REF_V_REF_S015,G1_D060_DENS_REF_V_REF,15,5.81401491165,16.3349062677,10.7825650109,0,0,11.6280298233,
G1_D060_DENS_REF_V_REF_S015,G1_D060_DENS_REF_V_REF,15,5.82300186157,17.0977309364,11.3252812662,0,0,11.6460037231,
G1_D060_DENS_REF_V_REF_S015,G1_D060_DENS_REF_V_REF,15,5.83202362061,16.936305065,11.8731130345,0,0,11.6640472412,
G1_D060_DENS_REF_V_REF_S015,G1_D060_DENS_REF_V_REF,15,5.84101009369,17.1375403955,14.4839926942,0,0,11.6820201874,
G1_D060_DENS_REF_V_REF_S015,G1_D060_DENS_REF_V_REF,15,5.85003185272,17.0538130831,11.9762793315,0,0,11.7000637054,
G1_D060_DENS_REF_V_REF_S015,G1_D060_DENS_REF_V_REF,15,5.85901880264,19.1405785766,11.7938675249,0,0,11.7180376053,
G1_D060_DENS_REF_V_REF_S015,G1_D060_DENS_REF_V_REF,15,5.86800575256,18.0749744081,12.1249011636,0,0,11.7360115051,
G1_D060_DENS_REF_V_REF_S015,G1_D060_DENS_REF_V_REF,15,5.8770275116,17.8707825535,13.2453267844,0,0,11.7540550232,
G1_D060_DENS_REF_V_REF_S015,G1_D060_DENS_REF_V_REF,15,5.88601350784,17.9882284017,9.6789344148,0,0,11.7720270157,
G1_D060_DENS_REF_V_REF_S015,G1_D060_DENS_REF_V_REF,15,5.89500045776,17.5348146889,12.7588749427,0,0,11.7900009155,
G1_D060_DENS_REF_V_REF_S015,G1_D060_DENS_REF_V_REF,15,5.90400123596,17.7222603902,12.1075816919,0,0,11.8080024719,
G1_D060_DENS_REF_V_REF_S015,G1_D060_DENS_REF_V_REF,15,5.913022995,18.1182342966,11.6576856544,0,0,11.82604599,
G1_D060_DENS_REF_V_REF_S015,G1_D060_DENS_REF_V_REF,15,5.92200708389,17.8237596591,12.5376667282,0,0,11.8440141678,
G1_D060_DENS_REF_V_REF_S015,G1_D060_DENS_REF_V_REF,15,5.93102884293,17.9528951754,12.8358264358,0,0,11.8620576859,
G1_D060_DENS_REF_V_REF_S015,G1_D060_DENS_REF_V_REF,15,5.94001531601,16.8819858421,11.3198764479,0,0,11.880030632,
G1_D060_DENS_REF_V_REF_S015,G1_D060_DENS_REF_V_REF,15,5.94900226593,17.9557895296,12.6322008376,0,0,11.8980045319,
G1_D060_DENS_REF_V_REF_S015,G1_D060_DENS_REF_V_REF,15,5.95802402496,17.9741659158,11.8057461548,0,0,11.9160480499,
G1_D060_DENS_REF_V_REF_S015,G1_D060_DENS_REF_V_REF,15,5.96701097488,17.1075261495,12.2201029918,0,0,11.9340219498,
G1_D060_DENS_REF_V_REF_S015,G1_D060_DENS_REF_V_REF,15,5.97603273392,18.1513207718,11.7349518361,0,0,11.9520654678,
G1_D060_DENS_REF_V_REF_S015,G1_D060_DENS_REF_V_REF,15,5.985019207,16.3200822005,11.8061146198,0,0,11.970038414,
G1_D060_DENS_REF_V_REF_S015,G1_D060_DENS_REF_V_REF,15,5.99400615692,17.5493900765,12.0128932095,0,0,11.9880123138,
G1_D060_DENS_REF_V_REF_S015,G1_D060_DENS_REF_V_REF,15,6.00301742554,23.012297151,13.1460328053,0,0,12.0060348511,
G1_D060_DENS_REF_V_REF_S015,G1_D060_DENS_REF_V_REF,15,6.01202487946,18.5625694771,11.8920155196,0,0,12.0240497589,
G1_D060_DENS_REF_V_REF_S015,G1_D060_DENS_REF_V_REF,15,6.02101182938,18.7969845376,11.7186840443,0,0,12.0420236588,
G1_D060_DENS_REF_V_REF_S015,G1_D060_DENS_REF_V_REF,15,6.03002929688,17.5835196244,11.3930851327,0,0,12.0600585938,
G1_D060_DENS_REF_V_REF_S015,G1_D060_DENS_REF_V_REF,15,6.03901529312,17.3338090417,12.8851488757,0,0,12.0780305862,
G1_D060_DENS_REF_V_REF_S015,G1_D060_DENS_REF_V_REF,15,6.04803133011,17.3167434042,11.9632867363,0,0,12.0960626602,
G1_D060_DENS_REF_V_REF_S015,G1_D060_DENS_REF_V_REF,15,6.05701780319,17.6473093954,12.2962866928,0,0,12.1140356064,
G1_D060_DENS_REF_V_REF_S015,G1_D060_DENS_REF_V_REF,15,6.06600475311,17.5848977239,12.0672302424,0,0,12.1320095062,
G1_D060_DENS_REF_V_REF_S015,G1_D060_DENS_REF_V_REF,15,6.07502651215,17.8337551975,12.8640548526,0,0,12.1500530243,
G1_D060_DENS_REF_V_REF_S015,G1_D060_DENS_REF_V_REF,15,6.08401346207,17.7511883899,12.8619706699,0,0,12.1680269241,
G1_D060_DENS_REF_V_REF_S015,G1_D060_DENS_REF_V_REF,15,6.09300041199,18.1291900145,12.1334489584,0,0,12.186000824,
G1_D060_DENS_REF_V_REF_S015,G1_D060_DENS_REF_V_REF,15,6.10202169418,18.1501464515,12.6239217132,0,0,12.2040433884,
G1_D060_DENS_REF_V_REF_S015,G1_D060_DENS_REF_V_REF,15,6.1110086441,17.191068679,11.1817446331,0,0,12.2220172882,
G1_D060_DENS_REF_V_REF_S015,G1_D060_DENS_REF_V_REF,15,6.12003040314,19.4807929907,12.1664406165,0,0,12.2400608063,
G1_D060_DENS_REF_V_REF_S015,G1_D060_DENS_REF_V_REF,15,6.12901735306,17.4779413193,12.1822595931,0,0,12.2580347061,
G1_D060_DENS_REF_V_REF_S015,G1_D060_DENS_REF_V_REF,15,6.13800382614,17.9706049621,11.1557982303,0,0,12.2760076523,
G1_D060_DENS_REF_V_REF_S015,G1_D060_DENS_REF_V_REF,15,6.14702558517,17.1165632351,12.0885689375,0,0,12.2940511703,
G1_D060_DENS_REF_V_REF_S015,G1_D060_DENS_REF_V_REF,15,6.15600681305,16.571783947,9.18158928016,0,0,12.3120136261,
G1_D060_DENS_REF_V_REF_S015,G1_D060_DENS_REF_V_REF,15,6.16501426697,18.104871222,10.7931752356,0,0,12.3300285339,
G1_D060_DENS_REF_V_REF_S015,G1_D060_DENS_REF_V_REF,15,6.17400074005,15.4772535058,11.5913025475,0,0,12.3480014801,
G1_D060_DENS_REF_V_REF_S015,G1_D060_DENS_REF_V_REF,15,6.18302249908,17.8155687749,11.5419190944,0,0,12.3660449982,
G1_D060_DENS_REF_V_REF_S015,G1_D060_DENS_REF_V_REF,15,6.19200944901,18.3229286912,12.8027422357,0,0,12.384018898,
G1_D060_DENS_REF_V_REF_S015,G1_D060_DENS_REF_V_REF,15,6.20103120804,18.1220318413,12.411133607,0,0,12.4020624161,
G1_D060_DENS_REF_V_REF_S015,G1_D060_DENS_REF_V_REF,15,6.21001815796,18.4679106241,11.90078318,0,0,12.4200363159,
G1_D060_DENS_REF_V_REF_S015,G1_D060_DENS_REF_V_REF,15,6.21900463104,21.2011826309,12.0620469241,0,0,12.4380092621,
G1_D060_DENS_REF_V_REF_S015,G1_D060_DENS_REF_V_REF,15,6.22802639008,18.5749585566,12.2221014535,0,0,12.4560527802,
G1_D060_DENS_REF_V_REF_S015,G1_D060_DENS_REF_V_REF,15,6.23701334,17.1356131286,9.94786470356,0,0,12.47402668,
G1_D060_DENS_REF_V_REF_S015,G1_D060_DENS_REF_V_REF,15,6.24600696564,18.0785215462,11.6484746904,0,0,12.4920139313,
G1_D060_DENS_REF_V_REF_S015,G1_D060_DENS_REF_V_REF,15,6.25502872467,20.0817963184,13.6698257793,0,0,12.5100574493,
G1_D060_DENS_REF_V_REF_S015,G1_D060_DENS_REF_V_REF,15,6.26401567459,19.0706927016,13.0756250828,0,0,12.5280313492,
G1_D060_DENS_REF_V_REF_S015,G1_D060_DENS_REF_V_REF,15,6.27300262451,18.7063891783,11.9155801561,0,0,12.546005249,
G1_D060_DENS_REF_V_REF_S015,G1_D060_DENS_REF_V_REF,15,6.28203105927,17.8681679638,11.603798342,0,0,12.5640621185,
G1_D060_DENS_REF_V_REF_S015,G1_D060_DENS_REF_V_REF,15,6.29101753235,19.2346882622,14.0174017824,0,0,12.5820350647,
G1_D060_DENS_REF_V_REF_S015,G1_D060_DENS_REF_V_REF,15,6.30000448227,18.5095143755,12.3211507326,0,0,12.6000089645,
G1_D060_DENS_REF_V_REF_S015,G1_D060_DENS_REF_V_REF,15,6.3090262413,18.3479555297,12.0908252148,0,0,12.6180524826,
G1_D060_DENS_REF_V_REF_S015,G1_D060_DENS_REF_V_REF,15,6.31801319122,17.8681109748,12.1626221011,0,0,12.6360263824,
G1_D060_DENS_REF_V_REF_S015,G1_D060_DENS_REF_V_REF,15,6.32703447342,18.717971776,11.1683549813,0,0,12.6540689468,
G1_D060_DENS_REF_V_REF_S015,G1_D060_DENS_REF_V_REF,15,6.33602142334,17.5852275697,11.4781694701,0,0,12.6720428467,
G1_D060_DENS_REF_V_REF_S015,G1_D060_DENS_REF_V_REF,15,6.34500837326,19.2817405146,12.0605996352,0,0,12.6900167465,
G1_D060_DENS_REF_V_REF_S015,G1_D060_DENS_REF_V_REF,15,6.35403013229,21.3168238251,12.7279526883,0,0,12.7080602646,
G1_D060_DENS_REF_V_REF_S015,G1_D060_DENS_REF_V_REF,15,6.36301517487,20.4207466113,13.2838840906,0,0,12.7260303497,
G1_D060_DENS_REF_V_REF_S015,G1_D060_DENS_REF_V_REF,15,6.37201595306,17.8793136453,10.8871319852,0,0,12.7440319061,
G1_D060_DENS_REF_V_REF_S015,G1_D060_DENS_REF_V_REF,15,6.38102960587,18.1247172356,10.5054717735,0,0,12.7620592117,
G1_D060_DENS_REF_V_REF_S015,G1_D060_DENS_REF_V_REF,15,6.39001607895,18.7756274501,11.7873428754,0,0,12.7800321579,
G1_D060_DENS_REF_V_REF_S015,G1_D060_DENS_REF_V_REF,15,6.39902877808,18.4180400029,13.1014119416,0,0,12.7980575562,
G1_D060_DENS_REF_V_REF_S015,G1_D060_DENS_REF_V_REF,15,6.40801525116,18.2653766335,12.3182741713,0,0,12.8160305023,
G1_D060_DENS_REF_V_REF_S015,G1_D060_DENS_REF_V_REF,15,6.41700220108,18.6794471615,12.6383813213,0,0,12.8340044022,
G1_D060_DENS_REF_V_REF_S015,G1_D060_DENS_REF_V_REF,15,6.42602396011,18.0186432982,11.5146990826,0,0,12.8520479202,
G1_D060_DENS_REF_V_REF_S015,G1_D060_DENS_REF_V_REF,15,6.43501091003,18.7360891209,12.3587663157,0,0,12.8700218201,
G1_D060_DENS_REF_V_REF_S015,G1_D060_DENS_REF_V_REF,15,6.44403219223,19.494757041,14.4769075251,0,0,12.8880643845,
G1_D060_DENS_REF_V_REF_S015,G1_D060_DENS_REF_V_REF,15,6.45301914215,18.6697054836,11.9894259884,0,0,12.9060382843,
G1_D060_DENS_REF_V_REF_S015,G1_D060_DENS_REF_V_REF,15,6.46200180054,19.1563697311,11.0297468983,0,0,12.9240036011,
G1_D060_DENS_REF_V_REF_S015,G1_D060_DENS_REF_V_REF,15,6.47102355957,19.5944292056,12.7414849759,0,0,12.9420471191,
G1_D060_DENS_REF_V_REF_S015,G1_D060_DENS_REF_V_REF,15,6.48000955582,19.5244897955,12.9818125384,0,0,12.9600191116,
G1_D060_DENS_REF_V_REF_S015,G1_D060_DENS_REF_V_REF,15,6.4890203476,22.6282391421,14.7989024785,0,0,12.9780406952,
G1_D060_DENS_REF_V_REF_S015,G1_D060_DENS_REF_V_REF,15,6.49800634384,19.3848596548,12.1663645986,0,0,12.9960126877,
G1_D060_DENS_REF_V_REF_S015,G1_D060_DENS_REF_V_REF,15,6.50702047348,18.5369589323,11.2763327213,0,0,13.014040947,
G1_D060_DENS_REF_V_REF_S015,G1_D060_DENS_REF_V_REF,15,6.51600694656,18.0633020094,10.1355929977,0,0,13.0320138931,
G1_D060_DENS_REF_V_REF_S015,G1_D060_DENS_REF_V_REF,15,6.52500152588,18.0882183236,13.1316327533,0,0,13.0500030518,
G1_D060_DENS_REF_V_REF_S015,G1_D060_DENS_REF_V_REF,15,6.53402328491,19.0863059811,12.5147432463,0,0,13.0680465698,
G1_D060_DENS_REF_V_REF_S015,G1_D060_DENS_REF_V_REF,15,6.543009758,19.4604427103,12.9279077308,0,0,13.086019516,
G1_D060_DENS_REF_V_REF_S015,G1_D060_DENS_REF_V_REF,15,6.55203151703,18.2297377385,12.2895691676,0,0,13.1040630341,
G1_D060_DENS_REF_V_REF_S015,G1_D060_DENS_REF_V_REF,15,6.56101846695,18.7809360688,12.4379844202,0,0,13.1220369339,
G1_D060_DENS_REF_V_REF_S015,G1_D060_DENS_REF_V_REF,15,6.57000541687,17.8056768531,13.5511297291,0,0,13.1400108337,
G1_D060_DENS_REF_V_REF_S015,G1_D060_DENS_REF_V_REF,15,6.57902669907,18.0775078315,12.6817321395,0,0,13.1580533981,
G1_D060_DENS_REF_V_REF_S015,G1_D060_DENS_REF_V_REF,15,6.58801317215,18.7719266142,11.3400063638,0,0,13.1760263443,
G1_D060_DENS_REF_V_REF_S015,G1_D060_DENS_REF_V_REF,15,6.59700012207,18.5986660116,11.9523475874,0,0,13.1940002441,
G1_D060_DENS_REF_V_REF_S015,G1_D060_DENS_REF_V_REF,15,6.60602140427,20.0667373871,12.8902221569,0,0,13.2120428085,
G1_D060_DENS_REF_V_REF_S015,G1_D060_DENS_REF_V_REF,15,6.61502504349,18.2466099585,8.7016475627,0,0,13.230050087,
G1_D060_DENS_REF_V_REF_S015,G1_D060_DENS_REF_V_REF,15,6.62401199341,19.0766161115,13.688573761,0,0,13.2480239868,
G1_D060_DENS_REF_V_REF_S015,G1_D060_DENS_REF_V_REF,15,6.63302516937,18.90960013,10.605023483,0,0,13.2660503387,
G1_D060_DENS_REF_V_REF_S015,G1_D060_DENS_REF_V_REF,15,6.64200687408,18.4407717359,12.8067345683,0,0,13.2840137482,
G1_D060_DENS_REF_V_REF_S015,G1_D060_DENS_REF_V_REF,15,6.65102672577,18.8271265773,11.8279656032,0,0,13.3020534515,
G1_D060_DENS_REF_V_REF_S015,G1_D060_DENS_REF_V_REF,15,6.66001319885,19.6076040435,12.4933005571,0,0,13.3200263977,
G1_D060_DENS_REF_V_REF_S015,G1_D060_DENS_REF_V_REF,15,6.66900014877,18.9684024934,12.5552826373,0,0,13.3380002975,
G1_D060_DENS_REF_V_REF_S015,G1_D060_DENS_REF_V_REF,15,6.67802190781,18.3047111836,11.8569640342,0,0,13.3560438156,
G1_D060_DENS_REF_V_REF_S015,G1_D060_DENS_REF_V_REF,15,6.68700885773,18.7821570165,11.986021612,0,0,13.3740177155,
G1_D060_DENS_REF_V_REF_S015,G1_D060_DENS_REF_V_REF,15,6.69603061676,18.4028981785,11.5637563003,0,0,13.3920612335,
G1_D060_DENS_REF_V_REF_S015,G1_D060_DENS_REF_V_REF,15,6.70501708984,17.9994483417,12.2649911383,0,0,13.4100341797,
G1_D060_DENS_REF_V_REF_S015,G1_D060_DENS_REF_V_REF,15,6.71401882172,20.7220996573,12.8985102703,0,0,13.4280376434,
G1_D060_DENS_REF_V_REF_S015,G1_D060_DENS_REF_V_REF,15,6.72302484512,18.9189221611,11.2247794714,0,0,13.4460496902,
G1_D060_DENS_REF_V_REF_S015,G1_D060_DENS_REF_V_REF,15,6.73200845718,20.6884985535,15.1952156844,0,0,13.4640169144,
G1_D060_DENS_REF_V_REF_S015,G1_D060_DENS_REF_V_REF,15,6.74103021622,20.4445697714,11.4435046333,0,0,13.4820604324,
G1_D060_DENS_REF_V_REF_S015,G1_D060_DENS_REF_V_REF,15,6.75001192093,18.66714961,12.0430390324,0,0,13.5000238419,
G1_D060_DENS_REF_V_REF_S015,G1_D060_DENS_REF_V_REF,15,6.75900030136,20.3876929479,12.9905321455,0,0,13.5180006027,
G1_D060_DENS_REF_V_REF_S015,G1_D060_DENS_REF_V_REF,15,6.76802206039,19.8107510984,12.8521111515,0,0,13.5360441208,
G1_D060_DENS_REF_V_REF_S015,G1_D060_DENS_REF_V_REF,15,6.77700901031,18.4245263958,12.509075035,0,0,13.5540180206,
G1_D060_DENS_REF_V_REF_S015,G1_D060_DENS_REF_V_REF,15,6.78603076935,18.88843646,12.0900672728,0,0,13.5720615387,
G1_D060_DENS_REF_V_REF_S015,G1_D060_DENS_REF_V_REF,15,6.79501724243,19.1868571591,12.9790629904,0,0,13.5900344849,
G1_D060_DENS_REF_V_REF_S015,G1_D060_DENS_REF_V_REF,15,6.80400419235,20.6701152596,11.81430122,0,0,13.6080083847,
G1_D060_DENS_REF_V_REF_S015,G1_D060_DENS_REF_V_REF,15,6.81302595139,18.3709722081,11.7475927892,0,0,13.6260519028,
G1_D060_DENS_REF_V_REF_S015,G1_D060_DENS_REF_V_REF,15,6.82200717926,20.2927975039,11.5992341638,0,0,13.6440143585,
G1_D060_DENS_REF_V_REF_S015,G1_D060_DENS_REF_V_REF,15,6.83102893829,21.4340451709,12.0104640603,0,0,13.6620578766,
G1_D060_DENS_REF_V_REF_S015,G1_D060_DENS_REF_V_REF,15,6.84000635147,18.3552466773,10.9667013184,0,0,13.6800127029,
G1_D060_DENS_REF_V_REF_S015,G1_D060_DENS_REF_V_REF,15,6.8490281105,19.7888275741,9.66204951774,0,0,13.698056221,
G1_D060_DENS_REF_V_REF_S015,G1_D060_DENS_REF_V_REF,15,6.85800027847,18.4470474419,11.6346468806,0,0,13.7160005569,
G1_D060_DENS_REF_V_REF_S015,G1_D060_DENS_REF_V_REF,15,6.8670334816,18.0344413604,9.98337421164,0,0,13.7340669632,
G1_D060_DENS_REF_V_REF_S015,G1_D060_DENS_REF_V_REF,15,6.87602043152,20.86255873,10.6509429453,0,0,13.752040863,
G1_D060_DENS_REF_V_REF_S015,G1_D060_DENS_REF_V_REF,15,6.88501262665,19.1364183741,11.4954986812,0,0,13.7700252533,
G1_D060_DENS_REF_V_REF_S015,G1_D060_DENS_REF_V_REF,15,6.89403438568,19.2979875817,11.362656274,0,0,13.7880687714,
G1_D060_DENS_REF_V_REF_S015,G1_D060_DENS_REF_V_REF,15,6.90302085876,19.5427124839,12.0059877976,0,0,13.8060417175,
G1_D060_DENS_REF_V_REF_S015,G1_D060_DENS_REF_V_REF,15,6.91200780869,19.3331170288,12.5399461255,0,0,13.8240156174,
G1_D060_DENS_REF_V_REF_S015,G1_D060_DENS_REF_V_REF,15,6.92102956772,19.9826094243,12.6976723697,0,0,13.8420591354,
G1_D060_DENS_REF_V_REF_S015,G1_D060_DENS_REF_V_REF,15,6.93001651764,20.8803220519,13.5286060513,0,0,13.8600330353,
G1_D060_DENS_REF_V_REF_S015,G1_D060_DENS_REF_V_REF,15,6.93900299072,20.3443743434,11.9035905021,0,0,13.8780059814,
G1_D060_DENS_REF_V_REF_S015,G1_D060_DENS_REF_V_REF,15,6.94801187515,19.2980100319,12.0801054137,0,0,13.8960237503,
G1_D060_DENS_REF_V_REF_S015,G1_D060_DENS_REF_V_REF,15,6.95702314377,18.0112640765,10.5981569137,0,0,13.9140462875,
G1_D060_DENS_REF_V_REF_S015,G1_D060_DENS_REF_V_REF,15,6.96601200104,19.1841734918,13.9079468303,0,0,13.9320240021,
G1_D060_DENS_REF_V_REF_S015,G1_D060_DENS_REF_V_REF,15,6.97503376007,19.850247981,11.669924688,0,0,13.9500675201,
G1_D060_DENS_REF_V_REF_S015,G1_D060_DENS_REF_V_REF,15,6.98400259018,16.5845667692,7.32419710502,0,0,13.9680051804,
G1_D060_DENS_REF_V_REF_S015,G1_D060_DENS_REF_V_REF,15,6.99303245544,19.7883094916,12.061115745,0,0,13.9860649109,
G1_D060_DENS_REF_V_REF_S015,G1_D060_DENS_REF_V_REF,15,7.00203323364,18.5942018674,11.1555038983,0,0,14.0040664673,
G1_D060_DENS_REF_V_REF_S015,G1_D060_DENS_REF_V_REF,15,7.01101970673,18.7704604407,12.7390731719,0,0,14.0220394135,
G1_D060_DENS_REF_V_REF_S015,G1_D060_DENS_REF_V_REF,15,7.02000665665,19.9556035107,12.7810754718,0,0,14.0400133133,
G1_D060_DENS_REF_V_REF_S015,G1_D060_DENS_REF_V_REF,15,7.02902841568,20.3931207256,16.8774408851,0,0,14.0580568314,
G1_D060_DENS_REF_V_REF_S015,G1_D060_DENS_REF_V_REF,15,7.0380153656,20.0487633784,12.3938664396,0,0,14.0760307312,
G1_D060_DENS_REF_V_REF_S015,G1_D060_DENS_REF_V_REF,15,7.04700183868,18.5139888814,11.1728372502,0,0,14.0940036774,
G1_D060_DENS_REF_V_REF_S015,G1_D060_DENS_REF_V_REF,15,7.05602359772,18.7877488536,12.0186766233,0,0,14.1120471954,
G1_D060_DENS_REF_V_REF_S015,G1_D060_DENS_REF_V_REF,15,7.0650305748,18.9619765435,11.6994520283,0,0,14.1300611496,
G1_D060_DENS_REF_V_REF_S015,G1_D060_DENS_REF_V_REF,15,7.07400989532,22.8986523014,10.4707912993,0,0,14.1480197906,
G1_D060_DENS_REF_V_REF_S015,G1_D060_DENS_REF_V_REF,15,7.08301544189,13.218020076,9.53754091845,0,0,14.1660308838,
G1_D060_DENS_REF_V_REF_S015,G1_D060_DENS_REF_V_REF,15,7.09200286865,19.5085483971,11.7283370717,0,0,14.1840057373,
G1_D060_DENS_REF_V_REF_S015,G1_D060_DENS_REF_V_REF,15,7.10101604462,20.0618242381,13.0901968454,0,0,14.2020320892,
G1_D060_DENS_REF_V_REF_S015,G1_D060_DENS_REF_V_REF,15,7.11000299454,19.6390810091,12.1074976936,0,0,14.2200059891,
G1_D060_DENS_REF_V_REF_S015,G1_D060_DENS_REF_V_REF,15,7.11900854111,21.4623929182,15.0074679557,0,0,14.2380170822,
G1_D060_DENS_REF_V_REF_S015,G1_D060_DENS_REF_V_REF,15,7.12800931931,18.8422873981,11.8753885401,0,0,14.2560186386,
G1_D060_DENS_REF_V_REF_S015,G1_D060_DENS_REF_V_REF,15,7.13703107834,20.6464561589,12.7041857146,0,0,14.2740621567,
G1_D060_DENS_REF_V_REF_S015,G1_D060_DENS_REF_V_REF,15,7.14601755142,19.4413686397,11.4411835385,0,0,14.2920351028,
G1_D060_DENS_REF_V_REF_S015,G1_D060_DENS_REF_V_REF,15,7.15500450134,20.1117570292,12.581378658,0,0,14.3100090027,
G1_D060_DENS_REF_V_REF_S015,G1_D060_DENS_REF_V_REF,15,7.16402626038,20.5359681586,12.9114709751,0,0,14.3280525208,
G1_D060_DENS_REF_V_REF_S015,G1_D060_DENS_REF_V_REF,15,7.1730132103,19.4326044108,12.7597950105,0,0,14.3460264206,
G1_D060_DENS_REF_V_REF_S015,G1_D060_DENS_REF_V_REF,15,7.18203449249,20.1200860688,11.9602725355,0,0,14.364068985,
G1_D060_DENS_REF_V_REF_S015,G1_D060_DENS_REF_V_REF,15,7.19102144241,22.4331845358,10.6630393041,0,0,14.3820428848,
G1_D060_DENS_REF_V_REF_S015,G1_D060_DENS_REF_V_REF,15,7.20000505447,21.8593857201,12.3512028574,0,0,14.4000101089,
G1_D060_DENS_REF_V_REF_S015,G1_D060_DENS_REF_V_REF,15,7.20901203156,28.2440703542,5.7382608459,0,0,14.4180240631,
G1_D060_DENS_REF_V_REF_S015,G1_D060_DENS_REF_V_REF,15,7.21800756454,20.9188760244,11.1608153075,0,0,14.4360151291,
G1_D060_DENS_REF_V_REF_S015,G1_D060_DENS_REF_V_REF,15,7.22702312469,20.3080049521,9.46625927504,0,0,14.4540462494,
G1_D060_DENS_REF_V_REF_S015,G1_D060_DENS_REF_V_REF,15,7.23602104187,19.8767755318,2.94279375188,0,0,14.4720420837,
G1_D060_DENS_REF_V_REF_S015,G1_D060_DENS_REF_V_REF,15,7.24500465393,20.4072902819,12.918488487,0,0,14.4900093079,
G1_D060_DENS_REF_V_REF_S015,G1_D060_DENS_REF_V_REF,15,7.25402593613,20.318190454,12.1986668491,0,0,14.5080518723,
G1_D060_DENS_REF_V_REF_S015,G1_D060_DENS_REF_V_REF,15,7.26301288605,20.061088561,12.289431084,0,0,14.5260257721,
G1_D060_DENS_REF_V_REF_S015,G1_D060_DENS_REF_V_REF,15,7.27203464508,21.0793676203,12.452239081,0,0,14.5440692902,
G1_D060_DENS_REF_V_REF_S015,G1_D060_DENS_REF_V_REF,15,7.281021595,20.8921481484,12.5260534481,0,0,14.56204319,
G1_D060_DENS_REF_V_REF_S015,G1_D060_DENS_REF_V_REF,15,7.29000806808,22.543556831,12.5326200439,0,0,14.5800161362,
G1_D060_DENS_REF_V_REF_S015,G1_D060_DENS_REF_V_REF,15,7.2990231514,20.8764226176,10.7708328093,0,0,14.5980463028,
G1_D060_DENS_REF_V_REF_S015,G1_D060_DENS_REF_V_REF,15,7.30800914764,21.2520047969,12.312987548,0,0,14.6160182953,
G1_D060_DENS_REF_V_REF_S015,G1_D060_DENS_REF_V_REF,15,7.31702375412,23.6127374957,12.9222601155,0,0,14.6340475082,
G1_D060_DENS_REF_V_REF_S015,G1_D060_DENS_REF_V_REF,15,7.32601690292,27.5580116961,7.29682105742,0,0,14.6520338058,
G1_D060_DENS_REF_V_REF_S015,G1_D060_DENS_REF_V_REF,15,7.33500528336,19.7707499488,12.0719911073,0,0,14.6700105667,
G1_D060_DENS_REF_V_REF_S015,G1_D060_DENS_REF_V_REF,15,7.3440155983,21.5357516728,11.758434751,0,0,14.6880311966,
G1_D060_DENS_REF_V_REF_S015,G1_D060_DENS_REF_V_REF,15,7.35300254822,19.9765651285,10.4726098873,0,0,14.7060050964,
G1_D060_DENS_REF_V_REF_S015,G1_D060_DENS_REF_V_REF,15,7.36202383041,20.6060129122,12.7579590074,0,0,14.7240476608,
G1_D060_DENS_REF_V_REF_S015,G1_D060_DENS_REF_V_REF,15,7.3710103035,21.3078022819,12.6271383973,0,0,14.742020607,
G1_D060_DENS_REF_V_REF_S015,G1_D060_DENS_REF_V_REF,15,7.38003206253,19.174754752,11.1417022372,0,0,14.7600641251,
G1_D060_DENS_REF_V_REF_S015,G1_D060_DENS_REF_V_REF,15,7.38901901245,19.9602852495,10.9627504125,0,0,14.7780380249,
G1_D060_DENS_REF_V_REF_S015,G1_D060_DENS_REF_V_REF,15,7.39800596237,21.093053633,12.7720989118,0,0,14.7960119247,
G1_D060_DENS_REF_V_REF_S015,G1_D060_DENS_REF_V_REF,15,7.40702772141,18.7254528872,10.3267852472,0,0,14.8140554428,
G1_D060_DENS_REF_V_REF_S015,G1_D060_DENS_REF_V_REF,15,7.41601085663,20.2787384719,12.9230482915,0,0,14.8320217133,
G1_D060_DENS_REF_V_REF_S015,G1_D060_DENS_REF_V_REF,15,7.42502164841,20.7284927953,10.9704466574,0,0,14.8500432968,
G1_D060_DENS_REF_V_REF_S015,G1_D060_DENS_REF_V_REF,15,7.43400764465,21.7871045771,10.7530352174,0,0,14.8680152893,
G1_D060_DENS_REF_V_REF_S015,G1_D060_DENS_REF_V_REF,15,7.44300842285,22.6303304684,11.7015217273,0,0,14.8860168457,
G1_D060_DENS_REF_V_REF_S015,G1_D060_DENS_REF_V_REF,15,7.45202875137,21.634313414,10.8992273264,0,0,14.9040575027,
G1_D060_DENS_REF_V_REF_S015,G1_D060_DENS_REF_V_REF,15,7.4610004425,19.818014615,9.55378704802,0,0,14.922000885,
G1_D060_DENS_REF_V_REF_S015,G1_D060_DENS_REF_V_REF,15,7.4700217247,19.6217148838,10.716386298,0,0,14.9400434494,
G1_D060_DENS_REF_V_REF_S015,G1_D060_DENS_REF_V_REF,15,7.47900867462,20.7917109486,9.90641995508,0,0,14.9580173492,
G1_D060_DENS_REF_V_REF_S015,G1_D060_DENS_REF_V_REF,15,7.48801374435,18.9618677462,12.6459196059,0,0,14.9760274887,
G1_D060_DENS_REF_V_REF_S015,G1_D060_DENS_REF_V_REF,15,7.49700069427,20.2080633846,11.5698547681,0,0,14.9940013885,
G1_D060_DENS_REF_V_REF_S015,G1_D060_DENS_REF_V_REF,15,7.50602197647,20.9241932778,12.5713258346,0,0,15.0120439529,
G1_D060_DENS_REF_V_REF_S015,G1_D060_DENS_REF_V_REF,15,7.51500892639,20.2731172768,12.0076980388,0,0,15.0300178528,
G1_D060_DENS_REF_V_REF_S015,G1_D060_DENS_REF_V_REF,15,7.52403068542,24.6487643344,14.2612918288,0,0,15.0480613708,
G1_D060_DENS_REF_V_REF_S015,G1_D060_DENS_REF_V_REF,15,7.53300619125,20.4129235655,11.4916286365,0,0,15.0660123825,
G1_D060_DENS_REF_V_REF_S015,G1_D060_DENS_REF_V_REF,15,7.54202795029,25.2125158036,13.1303117764,0,0,15.0840559006,
G1_D060_DENS_REF_V_REF_S015,G1_D060_DENS_REF_V_REF,15,7.55100536346,20.4330476167,11.3653463025,0,0,15.1020107269,
G1_D060_DENS_REF_V_REF_S015,G1_D060_DENS_REF_V_REF,15,7.56001472473,21.6507815296,10.8239166208,0,0,15.1200294495,
G1_D060_DENS_REF_V_REF_S015,G1_D060_DENS_REF_V_REF,15,7.56900548935,20.242325907,10.2895539582,0,0,15.1380109787,
G1_D060_DENS_REF_V_REF_S015,G1_D060_DENS_REF_V_REF,15,7.57803297043,23.9049809245,8.98748063562,0,0,15.1560659409,
G1_D060_DENS_REF_V_REF_S015,G1_D060_DENS_REF_V_REF,15,7.58701038361,17.5541650702,3.83997738321,0,0,15.1740207672,
G1_D060_DENS_REF_V_REF_S015,G1_D060_DENS_REF_V_REF,15,7.59602880478,18.5354685817,7.5851352258,0,0,15.1920576096,
G1_D060_DENS_REF_V_REF_S015,G1_D060_DENS_REF_V_REF,15,7.60501146317,18.3105430656,10.4047726726,0,0,15.2100229263,
G1_D060_DENS_REF_V_REF_S015,G1_D060_DENS_REF_V_REF,15,7.6140332222,19.8632760289,11.5120234053,0,0,15.2280664444,
G1_D060_DENS_REF_V_REF_S015,G1_D060_DENS_REF_V_REF,15,7.62302017212,20.3230483409,11.9397952096,0,0,15.2460403442,
G1_D060_DENS_REF_V_REF_S015,G1_D060_DENS_REF_V_REF,15,7.6320066452,19.8614541054,12.7187536426,0,0,15.2640132904,
G1_D060_DENS_REF_V_REF_S015,G1_D060_DENS_REF_V_REF,15,7.64102172852,20.2105398189,12.2730665898,0,0,15.282043457,
G1_D060_DENS_REF_V_REF_S015,G1_D060_DENS_REF_V_REF,15,7.6500082016,22.0485203704,13.6602832735,0,0,15.3000164032,
G1_D060_DENS_REF_V_REF_S015,G1_D060_DENS_REF_V_REF,15,7.65902996063,10.9527846604,12.7696790917,0,0,15.3180599213,
G1_D060_DENS_REF_V_REF_S015,G1_D060_DENS_REF_V_REF,15,7.66801595688,19.1611360901,11.3155287735,0,0,15.3360319138,
G1_D060_DENS_REF_V_REF_S015,G1_D060_DENS_REF_V_REF,15,7.6770029068,13.3591129363,7.40124961387,0,0,15.3540058136,
G1_D060_DENS_REF_V_REF_S015,G1_D060_DENS_REF_V_REF,15,7.68600749969,20.1773790852,8.44428547396,0,0,15.3720149994,
G1_D060_DENS_REF_V_REF_S015,G1_D060_DENS_REF_V_REF,15,7.69501447678,20.8196597723,12.7785899452,0,0,15.3900289536,
G1_D060_DENS_REF_V_REF_S015,G1_D060_DENS_REF_V_REF,15,7.70402812958,24.6641444768,11.3145882698,0,0,15.4080562592,
G1_D060_DENS_REF_V_REF_S015,G1_D060_DENS_REF_V_REF,15,7.71300935745,19.8591451845,9.64128787334,0,0,15.4260187149,
G1_D060_DENS_REF_V_REF_S015,G1_D060_DENS_REF_V_REF,15,7.72201967239,20.9276937885,11.5921229482,0,0,15.4440393448,
G1_D060_DENS_REF_V_REF_S015,G1_D060_DENS_REF_V_REF,15,7.73100280762,21.1230506095,11.9316402586,0,0,15.4620056152,
G1_D060_DENS_REF_V_REF_S015,G1_D060_DENS_REF_V_REF,15,7.74002456665,21.3251355953,12.3575911012,0,0,15.4800491333,
G1_D060_DENS_REF_V_REF_S015,G1_D060_DENS_REF_V_REF,15,7.74901103973,21.694222747,13.0251447149,0,0,15.4980220795,
G1_D060_DENS_REF_V_REF_S015,G1_D060_DENS_REF_V_REF,15,7.75802469254,22.2578516033,13.2457862902,0,0,15.5160493851,
G1_D060_DENS_REF_V_REF_S015,G1_D060_DENS_REF_V_REF,15,7.76701021194,20.5355502387,11.6136746682,0,0,15.5340204239,
G1_D060_DENS_REF_V_REF_S015,G1_D060_DENS_REF_V_REF,15,7.77603054047,21.8026142401,13.4609122641,0,0,15.5520610809,
G1_D060_DENS_REF_V_REF_S015,G1_D060_DENS_REF_V_REF,15,7.78500747681,21.2144610853,11.6611113867,0,0,15.5700149536,
G1_D060_DENS_REF_V_REF_S015,G1_D060_DENS_REF_V_REF,15,7.794028759,19.0792462436,12.2410850489,0,0,15.588057518,
G1_D060_DENS_REF_V_REF_S015,G1_D060_DENS_REF_V_REF,15,7.80301952362,22.5922082314,9.9287122053,0,0,15.6060390472,
G1_D060_DENS_REF_V_REF_S015,G1_D060_DENS_REF_V_REF,15,7.81200885773,21.7299618046,9.71936410057,0,0,15.6240177155,
G1_D060_DENS_REF_V_REF_S015,G1_D060_DENS_REF_V_REF,15,7.82100152969,38.7637751764,19.2321114774,0,0,15.6420030594,
G1_D060_DENS_REF_V_REF_S015,G1_D060_DENS_REF_V_REF,15,7.8300151825,20.1250372105,10.7343038394,0,0,15.660030365,
G1_D060_DENS_REF_V_REF_S015,G1_D060_DENS_REF_V_REF,15,7.83902215958,22.7265608384,12.2218685757,0,0,15.6780443192,
G1_D060_DENS_REF_V_REF_S015,G1_D060_DENS_REF_V_REF,15,7.84800100327,18.9964290296,8.81495999335,0,0,15.6960020065,
G1_D060_DENS_REF_V_REF_S015,G1_D060_DENS_REF_V_REF,15,7.85701847076,20.4204305809,12.3645954273,0,0,15.7140369415,
G1_D060_DENS_REF_V_REF_S015,G1_D060_DENS_REF_V_REF,15,7.86600542068,21.2745413856,12.407493212,0,0,15.7320108414,
G1_D060_DENS_REF_V_REF_S015,G1_D060_DENS_REF_V_REF,15,7.87502717972,21.5756941064,14.1293756655,0,0,15.7500543594,
G1_D060_DENS_REF_V_REF_S015,G1_D060_DENS_REF_V_REF,15,7.88401317596,20.7267710345,11.6805005851,0,0,15.7680263519,
G1_D060_DENS_REF_V_REF_S015,G1_D060_DENS_REF_V_REF,15,7.89300012589,20.2905904725,10.509959339,0,0,15.7860002518,
G1_D060_DENS_REF_V_REF_S015,G1_D060_DENS_REF_V_REF,15,7.90200614929,21.9805289504,11.9606024072,0,0,15.8040122986,
G1_D060_DENS_REF_V_REF_S015,G1_D060_DENS_REF_V_REF,15,7.91103410721,20.9921087123,10.7305598181,0,0,15.8220682144,
G1_D060_DENS_REF_V_REF_S015,G1_D060_DENS_REF_V_REF,15,7.92001056671,12.6860693739,12.2128556166,0,0,15.8400211334,
G1_D060_DENS_REF_V_REF_S015,G1_D060_DENS_REF_V_REF,15,7.9290304184,19.7746476561,1.97446741435,0,0,15.8580608368,
G1_D060_DENS_REF_V_REF_S015,G1_D060_DENS_REF_V_REF,15,7.93802213669,31.4675330234,12.6101551413,0,0,15.8760442734,
G1_D060_DENS_REF_V_REF_S015,G1_D060_DENS_REF_V_REF,15,7.94700622559,21.1135679729,10.463022762,0,0,15.8940124512,
G1_D060_DENS_REF_V_REF_S015,G1_D060_DENS_REF_V_REF,15,7.95602750778,22.30859433,10.8003523177,0,0,15.9120550156,
G1_D060_DENS_REF_V_REF_S015,G1_D060_DENS_REF_V_REF,15,7.96500062943,21.3898130142,12.5266231798,0,0,15.9300012589,
G1_D060_DENS_REF_V_REF_S015,G1_D060_DENS_REF_V_REF,15,7.97403287888,20.8004630889,11.0425368796,0,0,15.9480657578,
G1_D060_DENS_REF_V_REF_S015,G1_D060_DENS_REF_V_REF,15,7.98301887512,21.5583797893,11.781486655,0,0,15.9660377502,
G1_D060_DENS_REF_V_REF_S015,G1_D060_DENS_REF_V_REF,15,7.9920334816,21.3299710319,12.1804747683,0,0,15.9840669632,
G1_D060_DENS_REF_V_REF_S015,G1_D060_DENS_REF_V_REF,15,8.00102043152,18.9714971729,9.9247272168,0,0,16.002040863,
G1_D060_DENS_REF_V_REF_S015,G1_D060_DENS_REF_V_REF,15,8.0100069046,22.9626717556,11.598058618,0,0,16.0200138092,
G1_D060_DENS_REF_V_REF_S015,G1_D060_DENS_REF_V_REF,15,8.01902389526,21.8510601344,11.7653828762,0,0,16.0380477905,
G1_D060_DENS_REF_V_REF_S015,G1_D060_DENS_REF_V_REF,15,8.02801132202,20.0072926014,11.7766528072,0,0,16.056022644,
G1_D060_DENS_REF_V_REF_S015,G1_D060_DENS_REF_V_REF,15,8.03700351715,22.2706361524,10.146571484,0,0,16.0740070343,
G1_D060_DENS_REF_V_REF_S015,G1_D060_DENS_REF_V_REF,15,8.04601097107,22.6773101893,8.96912600073,0,0,16.0920219421,
G1_D060_DENS_REF_V_REF_S015,G1_D060_DENS_REF_V_REF,15,8.0550069809,20.4613504635,10.3619846606,0,0,16.1100139618,
G1_D060_DENS_REF_V_REF_S015,G1_D060_DENS_REF_V_REF,15,8.06403160095,19.2727863221,7.3907798054,0,0,16.1280632019,
G1_D060_DENS_REF_V_REF_S015,G1_D060_DENS_REF_V_REF,15,8.07303333282,21.4332974051,10.1000962632,0,0,16.1460666656,
G1_D060_DENS_REF_V_REF_S015,G1_D060_DENS_REF_V_REF,15,8.08201885223,16.4777606085,5.98634501373,0,0,16.1640377045,
G1_D060_DENS_REF_V_REF_S015,G1_D060_DENS_REF_V_REF,15,8.09101581573,21.5929203494,11.1133532902,0,0,16.1820316315,
G1_D060_DENS_REF_V_REF_S015,G1_D060_DENS_REF_V_REF,15,8.10000133514,19.992328652,10.4710871461,0,0,16.2000026703,
G1_D060_DENS_REF_V_REF_S015,G1_D060_DENS_REF_V_REF,15,8.10902309418,22.5418523396,11.326591456,0,0,16.2180461884,
G1_D060_DENS_REF_V_REF_S015,G1_D060_DENS_REF_V_REF,15,8.11800193787,19.6932603497,10.5887711933,0,0,16.2360038757,
G1_D060_DENS_REF_V_REF_S015,G1_D060_DENS_REF_V_REF,15,8.1270236969,22.174151922,12.1152578481,0,0,16.2540473938,
G1_D060_DENS_REF_V_REF_S015,G1_D060_DENS_REF_V_REF,15,8.13601016998,27.9892428433,11.2488306648,0,0,16.27202034,
G1_D060_DENS_REF_V_REF_S015,G1_D060_DENS_REF_V_REF,15,8.14502811432,23.7151589515,11.3910272657,0,0,16.2900562286,
G1_D060_DENS_REF_V_REF_S015,G1_D060_DENS_REF_V_REF,15,8.15402984619,26.4150025486,12.5503877884,0,0,16.3080596924,
G1_D060_DENS_REF_V_REF_S015,G1_D060_DENS_REF_V_REF,15,8.16302871704,22.7605453232,9.26610062974,0,0,16.3260574341,
G1_D060_DENS_REF_V_REF_S015,G1_D060_DENS_REF_V_REF,15,8.17202949524,23.3011229623,9.01002128714,0,0,16.3440589905,
G1_D060_DENS_REF_V_REF_S015,G1_D060_DENS_REF_V_REF,15,8.18103218079,18.3217129242,6.23803073471,0,0,16.3620643616,
G1_D060_DENS_REF_V_REF_S015,G1_D060_DENS_REF_V_REF,15,8.19001865387,20.3062693758,8.01559449041,0,0,16.3800373077,
G1_D060_DENS_REF_V_REF_S015,G1_D060_DENS_REF_V_REF,15,8.19900417328,18.7389472093,4.40035048836,0,0,16.3980083466,
G1_D060_DENS_REF_V_REF_S015,G1_D060_DENS_REF_V_REF,15,8.20802974701,21.5583797893,12.3556209737,0,0,16.416059494,
G1_D060_DENS_REF_V_REF_S015,G1_D060_DENS_REF_V_REF,15,8.2170124054,20.8465050804,11.1996720205,0,0,16.4340248108,
G1_D060_DENS_REF_V_REF_S015,G1_D060_DENS_REF_V_REF,15,8.22602939606,22.7897582683,10.6851171097,0,0,16.4520587921,
G1_D060_DENS_REF_V_REF_S015,G1_D060_DENS_REF_V_REF,15,8.23501586914,22.0297174296,12.3758821623,0,0,16.4700317383,
G1_D060_DENS_REF_V_REF_S015,G1_D060_DENS_REF_V_REF,15,8.24402046204,23.7566349092,12.0222362478,0,0,16.4880409241,
G1_D060_DENS_REF_V_REF_S015,G1_D060_DENS_REF_V_REF,15,8.25300788879,21.4152871306,11.9390039133,0,0,16.5060157776,
G1_D060_DENS_REF_V_REF_S015,G1_D060_DENS_REF_V_REF,15,8.26200675964,21.7531080036,10.4141190638,0,0,16.5240135193,
G1_D060_DENS_REF_V_REF_S015,G1_D060_DENS_REF_V_REF,15,8.27101993561,21.990070303,11.4150208208,0,0,16.5420398712,
G1_D060_DENS_REF_V_REF_S015,G1_D060_DENS_REF_V_REF,15,8.28001976013,21.0583369248,12.3844376737,0,0,16.5600395203,
G1_D060_DENS_REF_V_REF_S015,G1_D060_DENS_REF_V_REF,15,8.28902339935,21.95446422,9.85069811533,0,0,16.5780467987,
G1_D060_DENS_REF_V_REF_S015,G1_D060_DENS_REF_V_REF,15,8.29803180695,20.9314844254,11.0554640099,0,0,16.5960636139,
G1_D060_DENS_REF_V_REF_S015,G1_D060_DENS_REF_V_REF,15,8.30702495575,22.4715968991,11.6403534077,0,0,16.6140499115,
G1_D060_DENS_REF_V_REF_S015,G1_D060_DENS_REF_V_REF,15,8.31600856781,19.3506541214,3.38768978677,0,0,16.6320171356,
G1_D060_DENS_REF_V_REF_S015,G1_D060_DENS_REF_V_REF,15,8.32501602173,24.0805573558,15.5712059127,0,0,16.6500320435,
G1_D060_DENS_REF_V_REF_S015,G1_D060_DENS_REF_V_REF,15,8.33400344849,20.3722903553,10.0329603967,0,0,16.668006897,
G1_D060_DENS_REF_V_REF_S015,G1_D060_DENS_REF_V_REF,15,8.34301948547,18.5154274238,10.7196453004,0,0,16.6860389709,
G1_D060_DENS_REF_V_REF_S015,G1_D060_DENS_REF_V_REF,15,8.35200500488,22.1438561845,12.2539093372,0,0,16.7040100098,
G1_D060_DENS_REF_V_REF_S015,G1_D060_DENS_REF_V_REF,15,8.3610162735,23.0376814664,11.9159507263,0,0,16.722032547,
G1_D060_DENS_REF_V_REF_S015,G1_D060_DENS_REF_V_REF,15,8.37000370026,20.6582114507,11.348085875,0,0,16.7400074005,
G1_D060_DENS_REF_V_REF_S015,G1_D060_DENS_REF_V_REF,15,8.37902450562,22.4869701337,12.3285344654,0,0,16.7580490112,
G1_D060_DENS_REF_V_REF_S015,G1_D060_DENS_REF_V_REF,15,8.38802337646,22.3880042882,10.7534341437,0,0,16.7760467529,
G1_D060_DENS_REF_V_REF_S015,G1_D060_DENS_REF_V_REF,15,8.39703178406,20.0796445491,10.743286943,0,0,16.7940635681,
G1_D060_DENS_REF_V_REF_S015,G1_D060_DENS_REF_V_REF,15,8.40600681305,19.9716105329,8.50626318565,0,0,16.8120136261,
G1_D060_DENS_REF_V_REF_S015,G1_D060_DENS_REF_V_REF,15,8.41500759125,22.5779333316,9.56422850401,0,0,16.8300151825,
G1_D060_DENS_REF_V_REF_S015,G1_D060_DENS_REF_V_REF,15,8.42401695251,22.0785000775,11.811884506,0,0,16.848033905,
G1_D060_DENS_REF_V_REF_S015,G1_D060_DENS_REF_V_REF,15,8.43302822113,21.2135648026,11.8535644564,0,0,16.8660564423,
G1_D060_DENS_REF_V_REF_S015,G1_D060_DENS_REF_V_REF,15,8.44202136993,21.9298535744,8.6557601319,0,0,16.8840427399,
G1_D060_DENS_REF_V_REF_S015,G1_D060_DENS_REF_V_REF,15,8.45102024078,21.5377549251,11.9603460014,0,0,16.9020404816,
G1_D060_DENS_REF_V_REF_S015,G1_D060_DENS_REF_V_REF,15,8.46000099182,20.9093502142,12.2173156386,0,0,16.9200019836,
G1_D060_DENS_REF_V_REF_S015,G1_D060_DENS_REF_V_REF,15,8.46901512146,21.9601389503,11.7141610288,0,0,16.9380302429,
G1_D060_DENS_REF_V_REF_S015,G1_D060_DENS_REF_V_REF,15,8.47802257538,20.8019499856,11.1730814898,0,0,16.9560451508,
G1_D060_DENS_REF_V_REF_S015,G1_D060_DENS_REF_V_REF,15,8.48703289032,21.91192792,10.9024463363,0,0,16.9740657806,
G1_D060_DENS_REF_V_REF_S015,G1_D060_DENS_REF_V_REF,15,8.49600315094,21.2237606661,10.2156362688,0,0,16.9920063019,
G1_D060_DENS_REF_V_REF_S015,G1_D060_DENS_REF_V_REF,15,8.50503444672,20.7274566303,11.4603025762,0,0,17.0100688934,
G1_D060_DENS_REF_V_REF_S015,G1_D060_DENS_REF_V_REF,15,8.51401042938,19.0590582957,9.86995122768,0,0,17.0280208588,
G1_D060_DENS_REF_V_REF_S015,G1_D060_DENS_REF_V_REF,15,8.52302742004,22.1855221059,10.731508265,0,0,17.0460548401,
G1_D060_DENS_REF_V_REF_S015,G1_D060_DENS_REF_V_REF,15,8.53202533722,23.3284587218,10.8386339622,0,0,17.0640506744,
G1_D060_DENS_REF_V_REF_S015,G1_D060_DENS_REF_V_REF,15,8.54100036621,22.217990336,10.36388248,0,0,17.0820007324,
G1_D060_DENS_REF_V_REF_S015,G1_D060_DENS_REF_V_REF,15,8.55001449585,22.1991200445,10.178214249,0,0,17.1000289917,
G1_D060_DENS_REF_V_REF_S015,G1_D060_DENS_REF_V_REF,15,8.5590171814,21.144171106,8.79120229053,0,0,17.1180343628,
G1_D060_DENS_REF_V_REF_S015,G1_D060_DENS_REF_V_REF,15,8.56801605225,22.5254619363,11.1978395005,0,0,17.1360321045,
G1_D060_DENS_REF_V_REF_S015,G1_D060_DENS_REF_V_REF,15,8.57702255249,21.0014670091,10.5118264719,0,0,17.154045105,
G1_D060_DENS_REF_V_REF_S015,G1_D060_DENS_REF_V_REF,15,8.58603191376,24.7784870109,10.8046543017,0,0,17.1720638275,
G1_D060_DENS_REF_V_REF_S015,G1_D060_DENS_REF_V_REF,15,8.59501743317,21.6934594388,10.8786837768,0,0,17.1900348663,
G1_D060_DENS_REF_V_REF_S015,G1_D060_DENS_REF_V_REF,15,8.60400390625,22.0976881263,12.5240593071,0,0,17.2080078125,
G1_D060_DENS_REF_V_REF_S015,G1_D060_DENS_REF_V_REF,15,8.61301422119,23.6937638713,12.3427317588,0,0,17.2260284424,
G1_D060_DENS_REF_V_REF_S015,G1_D060_DENS_REF_V_REF,15,8.62203216553,23.0160256181,12.4324623203,0,0,17.2440643311,
G1_D060_DENS_REF_V_REF_S015,G1_D060_DENS_REF_V_REF,15,8.63101291656,22.7658660305,11.1292157461,0,0,17.2620258331,
G1_D060_DENS_REF_V_REF_S015,G1_D060_DENS_REF_V_REF,15,8.640001297,26.4955298381,8.61329074087,0,0,17.280002594,
G1_D060_DENS_REF_V_REF_S015,G1_D060_DENS_REF_V_REF,15,8.64900875092,22.2945007591,8.82314838351,0,0,17.2980175018,
G1_D060_DENS_REF_V_REF_S015,G1_D060_DENS_REF_V_REF,15,8.65803146362,23.5148492617,7.77319977548,0,0,17.3160629272,
G1_D060_DENS_REF_V_REF_S015,G1_D060_DENS_REF_V_REF,15,8.6670331955,22.6943102029,10.7701910036,0,0,17.334066391,
G1_D060_DENS_REF_V_REF_S015,G1_D060_DENS_REF_V_REF,15,8.67601299286,19.4967447508,10.295971962,0,0,17.3520259857,
G1_D060_DENS_REF_V_REF_S015,G1_D060_DENS_REF_V_REF,15,8.68501663208,18.2150811847,6.55687350926,0,0,17.3700332642,
G1_D060_DENS_REF_V_REF_S015,G1_D060_DENS_REF_V_REF,15,8.694024086,21.8583771862,11.1757672397,0,0,17.388048172,
G1_D060_DENS_REF_V_REF_S015,G1_D060_DENS_REF_V_REF,15,8.70300960541,24.4537891675,12.5276334147,0,0,17.4060192108,
G1_D060_DENS_REF_V_REF_S015,G1_D060_DENS_REF_V_REF,15,8.71202278137,22.7649576592,11.8927965869,0,0,17.4240455627,
G1_D060_DENS_REF_V_REF_S015,G1_D060_DENS_REF_V_REF,15,8.72100925446,22.3074476407,10.5382853002,0,0,17.4420185089,
G1_D060_DENS_REF_V_REF_S015,G1_D060_DENS_REF_V_REF,15,8.73002624512,22.5887180823,12.4545120459,0,0,17.4600524902,
G1_D060_DENS_REF_V_REF_S015,G1_D060_DENS_REF_V_REF,15,8.73900985718,23.7916814632,10.3128466859,0,0,17.4780197144,
G1_D060_DENS_REF_V_REF_S015,G1_D060_DENS_REF_V_REF,15,8.74801158905,21.6319405961,9.33398865873,0,0,17.4960231781,
G1_D060_DENS_REF_V_REF_S015,G1_D060_DENS_REF_V_REF,15,8.75701236725,21.0873253675,7.41443700743,0,0,17.5140247345,
G1_D060_DENS_REF_V_REF_S015,G1_D060_DENS_REF_V_REF,15,8.76603412628,23.4311772115,12.3807783707,0,0,17.5320682526,
G1_D060_DENS_REF_V_REF_S015,G1_D060_DENS_REF_V_REF,15,8.77500343323,23.3117194763,11.2191209771,0,0,17.5500068665,
G1_D060_DENS_REF_V_REF_S015,G1_D060_DENS_REF_V_REF,15,8.78400802612,20.1359117621,6.28759924271,0,0,17.5680160522,
G1_D060_DENS_REF_V_REF_S015,G1_D060_DENS_REF_V_REF,15,8.79303359985,24.530942013,8.50929242432,0,0,17.5860671997,
G1_D060_DENS_REF_V_REF_S015,G1_D060_DENS_REF_V_REF,15,8.80203056335,22.8342218351,10.3002272558,0,0,17.6040611267,
G1_D060_DENS_REF_V_REF_S015,G1_D060_DENS_REF_V_REF,15,8.81101226807,22.964937503,15.9048617186,0,0,17.6220245361,
G1_D060_DENS_REF_V_REF_S015,G1_D060_DENS_REF_V_REF,15,8.8200340271,27.7963779991,14.5067670038,0,0,17.6400680542,
G1_D060_DENS_REF_V_REF_S015,G1_D060_DENS_REF_V_REF,15,8.82901763916,23.2904090163,13.0631645538,0,0,17.6580352783,
G1_D060_DENS_REF_V_REF_S015,G1_D060_DENS_REF_V_REF,15,8.8380317688,21.8205053556,12.760687681,0,0,17.6760635376,
G1_D060_DENS_REF_V_REF_S015,G1_D060_DENS_REF_V_REF,15,8.84702587128,23.253594074,14.3457744615,0,0,17.6940517426,
G1_D060_DENS_REF_V_REF_S015,G1_D060_DENS_REF_V_REF,15,8.85601043701,25.2567099675,9.12819051964,0,0,17.712020874,
G1_D060_DENS_REF_V_REF_S015,G1_D060_DENS_REF_V_REF,15,8.86500930786,24.7932955356,11.9346025673,0,0,17.7300186157,
G1_D060_DENS_REF_V_REF_S015,G1_D060_DENS_REF_V_REF,15,8.87403297424,23.2111441212,9.53870278762,0,0,17.7480659485,
G1_D060_DENS_REF_V_REF_S015,G1_D060_DENS_REF_V_REF,15,8.88303375244,20.931733105,10.279797494,0,0,17.7660675049,
G1_D060_DENS_REF_V_REF_S015,G1_D060_DENS_REF_V_REF,15,8.89201641083,31.6029114338,8.58883055911,0,0,17.7840328217,
G1_D060_DENS_REF_V_REF_S015,G1_D060_DENS_REF_V_REF,15,8.90102291107,25.093572697,13.1546873813,0,0,17.8020458221,
G1_D060_DENS_REF_V_REF_S015,G1_D060_DENS_REF_V_REF,15,8.91003322601,21.8239488773,10.2243513871,0,0,17.820066452,
G1_D060_DENS_REF_V_REF_S015,G1_D060_DENS_REF_V_REF,15,8.919008255,22.3175277992,7.08723458863,0,0,17.83801651,
G1_D060_DENS_REF_V_REF_S015,G1_D060_DENS_REF_V_REF,15,8.92802333832,22.6256021022,12.50064156,0,0,17.8560466766,
G1_D060_DENS_REF_V_REF_S015,G1_D060_DENS_REF_V_REF,15,8.93701171875,22.8107578788,10.9597961818,0,0,17.8740234375,
G1_D060_DENS_REF_V_REF_S015,G1_D060_DENS_REF_V_REF,15,8.94601249695,20.6397728946,10.7026201848,0,0,17.8920249939,
G1_D060_DENS_REF_V_REF_S015,G1_D060_DENS_REF_V_REF,15,8.95503330231,23.452682816,11.5653514364,0,0,17.9100666046,
G1_D060_DENS_REF_V_REF_S015,G1_D060_DENS_REF_V_REF,15,8.96400642395,20.7174576381,9.76038672276,0,0,17.9280128479,
G1_D060_DENS_REF_V_REF_S015,G1_D060_DENS_REF_V_REF,15,8.97303104401,23.3796245492,11.352509117,0,0,17.946062088,
G1_D060_DENS_REF_V_REF_S015,G1_D060_DENS_REF_V_REF,15,8.98200511932,25.3860509899,10.3687458913,0,0,17.9640102386,
G1_D060_DENS_REF_V_REF_S015,G1_D060_DENS_REF_V_REF,15,8.99101638794,25.4880389833,4.80136903058,0,0,17.9820327759,
G1_D060_DENS_REF_V_REF_S015,G1_D060_DENS_REF_V_REF,15,9,22.1812358367,7.6892509005,0,0,18,
