run_id,scenario_id,S,z_m,qb_MPa,qs_kPa,ALLKE,ALLIE,time_s,walltime_h
G1_D060_DENS_MED_V_LOW_S007,G1_D060_DENS_MED_V_LOW,7,0,0,0,0,0,0,
G1_D060_DENS_MED_V_LOW_S007,G1_D060_DENS_MED_V_LOW,7,0.00900922343135,0,0,0,0,0.0360368937254,
G1_D060_DENS_MED_V_LOW_S007,G1_D060_DENS_MED_V_LOW,7,0.0180091615766,0.0615218985179,24.3323964527,0,0,0.0720366463065,
G1_D060_DENS_MED_V_LOW_S007,G1_D060_DENS_MED_V_LOW,7,0.0270038228482,0.237810767462,51.5286176977,0,0,0.108015291393,
G1_D060_DENS_MED_V_LOW_S007,G1_D060_DENS_MED_V_LOW,7,0.0360103771091,0.318095664468,23.2313058257,0,0,0.144041508436,
G1_D060_DENS_MED_V_LOW_S007,G1_D060_DENS_MED_V_LOW,7,0.0450050346553,0.27146057643,20.6993902109,0,0,0.180020138621,
G1_D060_DENS_MED_V_LOW_S007,G1_D060_DENS_MED_V_LOW,7,0.0540115907788,0.194948561243,13.299305364,0,0,0.216046363115,
G1_D060_DENS_MED_V_LOW_S007,G1_D060_DENS_MED_V_LOW,7,0.0630062520504,0.141775069716,5.67247183327,0,0,0.252025008202,
G1_D060_DENS_MED_V_LOW_S007,G1_D060_DENS_MED_V_LOW,7,0.0720009058714,0.163302045072,0.36248919047,0,0,0.288003623486,
G1_D060_DENS_MED_V_LOW_S007,G1_D060_DENS_MED_V_LOW,7,0.0810074657202,0.336638268773,7.47864813574,0,0,0.324029862881,
G1_D060_DENS_MED_V_LOW_S007,G1_D060_DENS_MED_V_LOW,7,0.0900021269917,0.559924026778,14.6735796292,0,0,0.360008507967,
G1_D060_DENS_MED_V_LOW_S007,G1_D060_DENS_MED_V_LOW,7,0.09900867939,0.6748577685,15.6709167884,0,0,0.39603471756,
G1_D060_DENS_MED_V_LOW_S007,G1_D060_DENS_MED_V_LOW,7,0.108003333211,0.703111073674,14.8611007337,0,0,0.432013332844,
G1_D060_DENS_MED_V_LOW_S007,G1_D060_DENS_MED_V_LOW,7,0.117009878159,0.652349782349,10.9072922923,0,0,0.468039512634,
G1_D060_DENS_MED_V_LOW_S007,G1_D060_DENS_MED_V_LOW,7,0.12600453198,0.706000193099,10.0227543879,0,0,0.504018127918,
G1_D060_DENS_MED_V_LOW_S007,G1_D060_DENS_MED_V_LOW,7,0.135011091828,0.717434813478,7.71650301602,0,0,0.540044367313,
G1_D060_DENS_MED_V_LOW_S007,G1_D060_DENS_MED_V_LOW,7,0.144005745649,0.777046842695,7.36460620039,0,0,0.576022982597,
G1_D060_DENS_MED_V_LOW_S007,G1_D060_DENS_MED_V_LOW,7,0.15300039947,0.961983891418,9.61675227775,0,0,0.612001597881,
G1_D060_DENS_MED_V_LOW_S007,G1_D060_DENS_MED_V_LOW,7,0.162006959319,1.17022283375,11.3590449566,0,0,0.648027837276,
G1_D060_DENS_MED_V_LOW_S007,G1_D060_DENS_MED_V_LOW,7,0.17100161314,1.09519391066,8.04078025023,0,0,0.68400645256,
G1_D060_DENS_MED_V_LOW_S007,G1_D060_DENS_MED_V_LOW,7,0.180008172989,1.16476796473,8.16508738629,0,0,0.720032691956,
G1_D060_DENS_MED_V_LOW_S007,G1_D060_DENS_MED_V_LOW,7,0.18900282681,1.14541153917,6.87740842198,0,0,0.75601130724,
G1_D060_DENS_MED_V_LOW_S007,G1_D060_DENS_MED_V_LOW,7,0.198009386659,1.10980642749,6.59089994348,0,0,0.792037546635,
G1_D060_DENS_MED_V_LOW_S007,G1_D060_DENS_MED_V_LOW,7,0.20700404048,1.15974483112,7.43824305811,0,0,0.828016161919,
G1_D060_DENS_MED_V_LOW_S007,G1_D060_DENS_MED_V_LOW,7,0.216010600328,1.12680708876,9.51065892922,0,0,0.864042401314,
G1_D060_DENS_MED_V_LOW_S007,G1_D060_DENS_MED_V_LOW,7,0.225005269051,1.30674145734,11.4826406349,0,0,0.900021076202,
G1_D060_DENS_MED_V_LOW_S007,G1_D060_DENS_MED_V_LOW,7,0.234011828899,1.2832881865,12.2423265806,0,0,0.936047315598,
G1_D060_DENS_MED_V_LOW_S007,G1_D060_DENS_MED_V_LOW,7,0.24300648272,1.34971640047,11.8877869076,0,0,0.972025930882,
G1_D060_DENS_MED_V_LOW_S007,G1_D060_DENS_MED_V_LOW,7,0.252001136541,1.29912078761,9.08844121143,0,0,1.00800454617,
G1_D060_DENS_MED_V_LOW_S007,G1_D060_DENS_MED_V_LOW,7,0.26100769639,1.20097588697,7.84441879924,0,0,1.04403078556,
G1_D060_DENS_MED_V_LOW_S007,G1_D060_DENS_MED_V_LOW,7,0.270002365112,1.27104341462,6.66145512696,0,0,1.08000946045,
G1_D060_DENS_MED_V_LOW_S007,G1_D060_DENS_MED_V_LOW,7,0.279008924961,1.33042613836,7.10688914036,0,0,1.11603569984,
G1_D060_DENS_MED_V_LOW_S007,G1_D060_DENS_MED_V_LOW,7,0.288003593683,1.40789695695,8.8777929971,0,0,1.15201437473,
G1_D060_DENS_MED_V_LOW_S007,G1_D060_DENS_MED_V_LOW,7,0.29701012373,1.38196919459,7.87809871866,0,0,1.18804049492,
G1_D060_DENS_MED_V_LOW_S007,G1_D060_DENS_MED_V_LOW,7,0.306004792452,1.46356049597,8.31739170706,0,0,1.22401916981,
G1_D060_DENS_MED_V_LOW_S007,G1_D060_DENS_MED_V_LOW,7,0.315011352301,1.55727762614,9.81546811808,0,0,1.2600454092,
G1_D060_DENS_MED_V_LOW_S007,G1_D060_DENS_MED_V_LOW,7,0.324006021023,1.34531118817,8.00147881814,0,0,1.29602408409,
G1_D060_DENS_MED_V_LOW_S007,G1_D060_DENS_MED_V_LOW,7,0.333000689745,1.41039109244,8.43151339301,0,0,1.33200275898,
G1_D060_DENS_MED_V_LOW_S007,G1_D060_DENS_MED_V_LOW,7,0.342007249594,1.51601494566,10.4287151901,0,0,1.36802899837,
G1_D060_DENS_MED_V_LOW_S007,G1_D060_DENS_MED_V_LOW,7,0.351001888514,1.62318667827,9.91987208341,0,0,1.40400755405,
G1_D060_DENS_MED_V_LOW_S007,G1_D060_DENS_MED_V_LOW,7,0.360008448362,1.64971725121,9.57696953318,0,0,1.44003379345,
G1_D060_DENS_MED_V_LOW_S007,G1_D060_DENS_MED_V_LOW,7,0.369003117085,1.57564753628,9.70749248745,0,0,1.47601246834,
G1_D060_DENS_MED_V_LOW_S007,G1_D060_DENS_MED_V_LOW,7,0.378009676933,1.51024339871,8.20821497566,0,0,1.51203870773,
G1_D060_DENS_MED_V_LOW_S007,G1_D060_DENS_MED_V_LOW,7,0.387004345655,1.47815358471,7.67066406678,0,0,1.54801738262,
G1_D060_DENS_MED_V_LOW_S007,G1_D060_DENS_MED_V_LOW,7,0.396010905504,1.43480400317,6.16148501812,0,0,1.58404362202,
G1_D060_DENS_MED_V_LOW_S007,G1_D060_DENS_MED_V_LOW,7,0.405005544424,1.66355447917,7.08649752022,0,0,1.6200221777,
G1_D060_DENS_MED_V_LOW_S007,G1_D060_DENS_MED_V_LOW,7,0.414000213146,1.68578874507,8.09863508603,0,0,1.65600085258,
G1_D060_DENS_MED_V_LOW_S007,G1_D060_DENS_MED_V_LOW,7,0.423006772995,1.64854519749,7.47718755941,0,0,1.69202709198,
G1_D060_DENS_MED_V_LOW_S007,G1_D060_DENS_MED_V_LOW,7,0.432001441717,1.59913156826,7.88586040742,0,0,1.72800576687,
G1_D060_DENS_MED_V_LOW_S007,G1_D060_DENS_MED_V_LOW,7,0.441008001566,1.45598084111,6.7289513684,0,0,1.76403200626,
G1_D060_DENS_MED_V_LOW_S007,G1_D060_DENS_MED_V_LOW,7,0.450002670288,1.91710470082,9.73550386416,0,0,1.80001068115,
G1_D060_DENS_MED_V_LOW_S007,G1_D060_DENS_MED_V_LOW,7,0.459009230137,1.73007627179,7.49531419166,0,0,1.83603692055,
G1_D060_DENS_MED_V_LOW_S007,G1_D060_DENS_MED_V_LOW,7,0.468003869057,1.71062497237,5.58635559272,0,0,1.87201547623,
G1_D060_DENS_MED_V_LOW_S007,G1_D060_DENS_MED_V_LOW,7,0.477010428905,1.60474596352,5.66047917698,0,0,1.90804171562,
G1_D060_DENS_MED_V_LOW_S007,G1_D060_DENS_MED_V_LOW,7,0.486005097628,1.61131535752,7.83258952555,0,0,1.94402039051,
G1_D060_DENS_MED_V_LOW_S007,G1_D060_DENS_MED_V_LOW,7,0.495011657476,1.79681878914,8.16271427948,0,0,1.98004662991,
G1_D060_DENS_MED_V_LOW_S007,G1_D060_DENS_MED_V_LOW,7,0.504006326199,1.68432742862,5.96408015195,0,0,2.01602530479,
G1_D060_DENS_MED_V_LOW_S007,G1_D060_DENS_MED_V_LOW,7,0.513000965118,1.67657205744,6.39221758388,0,0,2.05200386047,
G1_D060_DENS_MED_V_LOW_S007,G1_D060_DENS_MED_V_LOW,7,0.522007524967,1.65662987486,6.03959469764,0,0,2.08803009987,
G1_D060_DENS_MED_V_LOW_S007,G1_D060_DENS_MED_V_LOW,7,0.531002223492,1.67322384137,6.50292360832,0,0,2.12400889397,
G1_D060_DENS_MED_V_LOW_S007,G1_D060_DENS_MED_V_LOW,7,0.54000878334,1.89035437456,6.36785746076,0,0,2.16003513336,
G1_D060_DENS_MED_V_LOW_S007,G1_D060_DENS_MED_V_LOW,7,0.54900342226,2.10181492655,7.68819833142,0,0,2.19601368904,
G1_D060_DENS_MED_V_LOW_S007,G1_D060_DENS_MED_V_LOW,7,0.558009982109,1.72386888794,7.415290754,0,0,2.23203992844,
G1_D060_DENS_MED_V_LOW_S007,G1_D060_DENS_MED_V_LOW,7,0.567004621029,2.01387042268,7.89612509807,0,0,2.26801848412,
G1_D060_DENS_MED_V_LOW_S007,G1_D060_DENS_MED_V_LOW,7,0.576011180878,2.16608737767,9.49888714907,0,0,2.30404472351,
G1_D060_DENS_MED_V_LOW_S007,G1_D060_DENS_MED_V_LOW,7,0.585005879402,2.05139923943,9.22725110555,0,0,2.34002351761,
G1_D060_DENS_MED_V_LOW_S007,G1_D060_DENS_MED_V_LOW,7,0.594000518322,2.0880281037,5.94855723218,0,0,2.37600207329,
G1_D060_DENS_MED_V_LOW_S007,G1_D060_DENS_MED_V_LOW,7,0.603007078171,1.81413882668,7.80135712403,0,0,2.41202831268,
G1_D060_DENS_MED_V_LOW_S007,G1_D060_DENS_MED_V_LOW,7,0.612001717091,2.01709505449,8.8220235016,0,0,2.44800686836,
G1_D060_DENS_MED_V_LOW_S007,G1_D060_DENS_MED_V_LOW,7,0.621008276939,2.08353524912,8.91713855734,0,0,2.48403310776,
G1_D060_DENS_MED_V_LOW_S007,G1_D060_DENS_MED_V_LOW,7,0.630002915859,2.02542236716,7.73445676602,0,0,2.52001166344,
G1_D060_DENS_MED_V_LOW_S007,G1_D060_DENS_MED_V_LOW,7,0.639009475708,1.98078416334,7.95627132038,0,0,2.55603790283,
G1_D060_DENS_MED_V_LOW_S007,G1_D060_DENS_MED_V_LOW,7,0.648004174232,1.79563540237,7.21296981215,0,0,2.59201669693,
G1_D060_DENS_MED_V_LOW_S007,G1_D060_DENS_MED_V_LOW,7,0.657010734081,2.32447879668,9.09698260055,0,0,2.62804293633,
G1_D060_DENS_MED_V_LOW_S007,G1_D060_DENS_MED_V_LOW,7,0.666005373001,2.28825964931,7.94701405964,0,0,2.664021492,
G1_D060_DENS_MED_V_LOW_S007,G1_D060_DENS_MED_V_LOW,7,0.675000011921,2.11611551455,8.263896887,0,0,2.70000004768,
G1_D060_DENS_MED_V_LOW_S007,G1_D060_DENS_MED_V_LOW,7,0.68400657177,1.88415551748,6.10917826624,0,0,2.73602628708,
G1_D060_DENS_MED_V_LOW_S007,G1_D060_DENS_MED_V_LOW,7,0.693001270294,2.35981849901,9.73405193306,0,0,2.77200508118,
G1_D060_DENS_MED_V_LOW_S007,G1_D060_DENS_MED_V_LOW,7,0.702007770538,2.37468487626,10.0013027917,0,0,2.80803108215,
G1_D060_DENS_MED_V_LOW_S007,G1_D060_DENS_MED_V_LOW,7,0.711002469063,2.22031161875,9.00264621314,0,0,2.84400987625,
G1_D060_DENS_MED_V_LOW_S007,G1_D060_DENS_MED_V_LOW,7,0.720009028912,2.26420615831,8.21479387565,0,0,2.88003611565,
G1_D060_DENS_MED_V_LOW_S007,G1_D060_DENS_MED_V_LOW,7,0.729003667831,2.39148909792,9.69006204035,0,0,2.91601467133,
G1_D060_DENS_MED_V_LOW_S007,G1_D060_DENS_MED_V_LOW,7,0.73801022768,2.21981188501,8.5110443242,0,0,2.95204091072,
G1_D060_DENS_MED_V_LOW_S007,G1_D060_DENS_MED_V_LOW,7,0.7470048666,2.47020482558,8.88106281683,0,0,2.9880194664,
G1_D060_DENS_MED_V_LOW_S007,G1_D060_DENS_MED_V_LOW,7,0.756011426449,2.12225457627,7.5021045578,0,0,3.0240457058,
G1_D060_DENS_MED_V_LOW_S007,G1_D060_DENS_MED_V_LOW,7,0.765006065369,2.36050733286,9.4793802085,0,0,3.06002426147,
G1_D060_DENS_MED_V_LOW_S007,G1_D060_DENS_MED_V_LOW,7,0.774000763893,2.28049057053,8.61111997738,0,0,3.09600305557,
G1_D060_DENS_MED_V_LOW_S007,G1_D060_DENS_MED_V_LOW,7,0.783007323742,2.27971949108,8.27030183396,0,0,3.13202929497,
G1_D060_DENS_MED_V_LOW_S007,G1_D060_DENS_MED_V_LOW,7,0.792001962662,2.43771371351,9.99177925223,0,0,3.16800785065,
G1_D060_DENS_MED_V_LOW_S007,G1_D060_DENS_MED_V_LOW,7,0.801008522511,2.60394695872,10.4241340958,0,0,3.20403409004,
G1_D060_DENS_MED_V_LOW_S007,G1_D060_DENS_MED_V_LOW,7,0.81000316143,2.60551631695,10.788392532,0,0,3.24001264572,
G1_D060_DENS_MED_V_LOW_S007,G1_D060_DENS_MED_V_LOW,7,0.819009721279,2.46714338976,9.34989815393,0,0,3.27603888512,
G1_D060_DENS_MED_V_LOW_S007,G1_D060_DENS_MED_V_LOW,7,0.828004360199,2.72054250402,11.330697451,0,0,3.3120174408,
G1_D060_DENS_MED_V_LOW_S007,G1_D060_DENS_MED_V_LOW,7,0.837010920048,2.57585479879,8.54598053092,0,0,3.34804368019,
G1_D060_DENS_MED_V_LOW_S007,G1_D060_DENS_MED_V_LOW,7,0.846005558968,2.51055244285,8.41214469054,0,0,3.38402223587,
G1_D060_DENS_MED_V_LOW_S007,G1_D060_DENS_MED_V_LOW,7,0.855000257492,2.44426227627,8.8837588335,0,0,3.42000102997,
G1_D060_DENS_MED_V_LOW_S007,G1_D060_DENS_MED_V_LOW,7,0.864006757736,2.49454412542,8.1551779846,0,0,3.45602703094,
G1_D060_DENS_MED_V_LOW_S007,G1_D060_DENS_MED_V_LOW,7,0.873001456261,2.83821933066,9.50977668603,0,0,3.49200582504,
G1_D060_DENS_MED_V_LOW_S007,G1_D060_DENS_MED_V_LOW,7,0.882008016109,2.74413641267,8.69081042816,0,0,3.52803206444,
G1_D060_DENS_MED_V_LOW_S007,G1_D060_DENS_MED_V_LOW,7,0.891002655029,2.86507284169,9.92801222692,0,0,3.56401062012,
G1_D060_DENS_MED_V_LOW_S007,G1_D060_DENS_MED_V_LOW,7,0.900009214878,3.0303167652,10.3309853922,0,0,3.60003685951,
G1_D060_DENS_MED_V_LOW_S007,G1_D060_DENS_MED_V_LOW,7,0.909003853798,2.92788257322,10.1890027454,0,0,3.63601541519,
G1_D060_DENS_MED_V_LOW_S007,G1_D060_DENS_MED_V_LOW,7,0.918010413647,2.83893881773,10.1823765821,0,0,3.67204165459,
G1_D060_DENS_MED_V_LOW_S007,G1_D060_DENS_MED_V_LOW,7,0.927005052567,2.74511623619,9.13184519779,0,0,3.70802021027,
G1_D060_DENS_MED_V_LOW_S007,G1_D060_DENS_MED_V_LOW,7,0.936011612415,2.86647727699,11.1878710571,0,0,3.74404644966,
G1_D060_DENS_MED_V_LOW_S007,G1_D060_DENS_MED_V_LOW,7,0.945006251335,2.99317974834,11.0742720556,0,0,3.78002500534,
G1_D060_DENS_MED_V_LOW_S007,G1_D060_DENS_MED_V_LOW,7,0.954000890255,2.91166680693,9.74954473486,0,0,3.81600356102,
G1_D060_DENS_MED_V_LOW_S007,G1_D060_DENS_MED_V_LOW,7,0.963007450104,2.96323198959,10.0510700646,0,0,3.85202980042,
G1_D060_DENS_MED_V_LOW_S007,G1_D060_DENS_MED_V_LOW,7,0.972002089024,2.77995706825,9.22325276424,0,0,3.88800835609,
G1_D060_DENS_MED_V_LOW_S007,G1_D060_DENS_MED_V_LOW,7,0.981008648872,2.86782019,9.53452479097,0,0,3.92403459549,
G1_D060_DENS_MED_V_LOW_S007,G1_D060_DENS_MED_V_LOW,7,0.990003287792,3.01578325595,8.88721332389,0,0,3.96001315117,
G1_D060_DENS_MED_V_LOW_S007,G1_D060_DENS_MED_V_LOW,7,0.999009847641,3.16642890989,10.2573636915,0,0,3.99603939056,
G1_D060_DENS_MED_V_LOW_S007,G1_D060_DENS_MED_V_LOW,7,1.00800454617,3.12402687966,8.67140503254,0,0,4.03201818466,
G1_D060_DENS_MED_V_LOW_S007,G1_D060_DENS_MED_V_LOW,7,1.01701104641,3.23219581314,9.5742695743,0,0,4.06804418564,
G1_D060_DENS_MED_V_LOW_S007,G1_D060_DENS_MED_V_LOW,7,1.02600574493,3.17076806667,9.63943623381,0,0,4.10402297974,
G1_D060_DENS_MED_V_LOW_S007,G1_D060_DENS_MED_V_LOW,7,1.03500032425,3.00665572169,8.95628481377,0,0,4.140001297,
G1_D060_DENS_MED_V_LOW_S007,G1_D060_DENS_MED_V_LOW,7,1.0440069437,3.15349498035,10.2698252601,0,0,4.17602777481,
G1_D060_DENS_MED_V_LOW_S007,G1_D060_DENS_MED_V_LOW,7,1.05300152302,3.49051627939,9.80229874101,0,0,4.21200609207,
G1_D060_DENS_MED_V_LOW_S007,G1_D060_DENS_MED_V_LOW,7,1.06200814247,3.34485134105,10.8230308709,0,0,4.24803256989,
G1_D060_DENS_MED_V_LOW_S007,G1_D060_DENS_MED_V_LOW,7,1.07100272179,3.24112841886,8.94854970598,0,0,4.28401088715,
G1_D060_DENS_MED_V_LOW_S007,G1_D060_DENS_MED_V_LOW,7,1.08000934124,3.07895283894,8.95637114162,0,0,4.32003736496,
G1_D060_DENS_MED_V_LOW_S007,G1_D060_DENS_MED_V_LOW,7,1.08900392056,2.96155620858,9.5475911931,0,0,4.35601568222,
G1_D060_DENS_MED_V_LOW_S007,G1_D060_DENS_MED_V_LOW,7,1.09801054001,2.99502369029,8.82597299485,0,0,4.39204216003,
G1_D060_DENS_MED_V_LOW_S007,G1_D060_DENS_MED_V_LOW,7,1.10700511932,3.46342488215,9.61402369165,0,0,4.42802047729,
G1_D060_DENS_MED_V_LOW_S007,G1_D060_DENS_MED_V_LOW,7,1.11601173878,3.55822210638,10.8624243826,0,0,4.46404695511,
G1_D060_DENS_MED_V_LOW_S007,G1_D060_DENS_MED_V_LOW,7,1.12500631809,3.20337315689,9.3406412684,0,0,4.50002527237,
G1_D060_DENS_MED_V_LOW_S007,G1_D060_DENS_MED_V_LOW,7,1.13400101662,3.44768165027,9.67982874955,0,0,4.53600406647,
G1_D060_DENS_MED_V_LOW_S007,G1_D060_DENS_MED_V_LOW,7,1.14300751686,3.3708798057,9.12829424886,0,0,4.57203006744,
G1_D060_DENS_MED_V_LOW_S007,G1_D060_DENS_MED_V_LOW,7,1.15200221539,3.37313411217,9.52160268551,0,0,4.60800886154,
G1_D060_DENS_MED_V_LOW_S007,G1_D060_DENS_MED_V_LOW,7,1.16100883484,3.70899749682,10.5958783314,0,0,4.64403533936,
G1_D060_DENS_MED_V_LOW_S007,G1_D060_DENS_MED_V_LOW,7,1.17000341415,3.60995890388,9.59418629989,0,0,4.68001365662,
G1_D060_DENS_MED_V_LOW_S007,G1_D060_DENS_MED_V_LOW,7,1.1790099144,3.55350086376,10.0056355532,0,0,4.71603965759,
G1_D060_DENS_MED_V_LOW_S007,G1_D060_DENS_MED_V_LOW,7,1.18800461292,3.58694200961,9.94195545171,0,0,4.75201845169,
G1_D060_DENS_MED_V_LOW_S007,G1_D060_DENS_MED_V_LOW,7,1.19701111317,3.67946377234,9.872944564,0,0,4.78804445267,
G1_D060_DENS_MED_V_LOW_S007,G1_D060_DENS_MED_V_LOW,7,1.20600581169,3.55199043741,11.0644764078,0,0,4.82402324677,
G1_D060_DENS_MED_V_LOW_S007,G1_D060_DENS_MED_V_LOW,7,1.21500051022,3.74246864828,10.4504269767,0,0,4.86000204086,
G1_D060_DENS_MED_V_LOW_S007,G1_D060_DENS_MED_V_LOW,7,1.22400701046,3.51504554281,9.42939167693,0,0,4.89602804184,
G1_D060_DENS_MED_V_LOW_S007,G1_D060_DENS_MED_V_LOW,7,1.23300170898,3.92925595308,9.44990927445,0,0,4.93200683594,
G1_D060_DENS_MED_V_LOW_S007,G1_D060_DENS_MED_V_LOW,7,1.24200820923,3.70831708181,9.69645895748,0,0,4.96803283691,
G1_D060_DENS_MED_V_LOW_S007,G1_D060_DENS_MED_V_LOW,7,1.25100290775,3.42131535266,8.24211694168,0,0,5.00401163101,
G1_D060_DENS_MED_V_LOW_S007,G1_D060_DENS_MED_V_LOW,7,1.260009408,3.61556844211,9.06032083022,0,0,5.04003763199,
G1_D060_DENS_MED_V_LOW_S007,G1_D060_DENS_MED_V_LOW,7,1.26900410652,4.0108664667,10.9378191359,0,0,5.07601642609,
G1_D060_DENS_MED_V_LOW_S007,G1_D060_DENS_MED_V_LOW,7,1.27801060677,3.81134987494,8.4374119433,0,0,5.11204242706,
G1_D060_DENS_MED_V_LOW_S007,G1_D060_DENS_MED_V_LOW,7,1.28700530529,3.57378530459,9.3129965816,0,0,5.14802122116,
G1_D060_DENS_MED_V_LOW_S007,G1_D060_DENS_MED_V_LOW,7,1.29601180553,4.24700069761,9.87463964619,0,0,5.18404722214,
G1_D060_DENS_MED_V_LOW_S007,G1_D060_DENS_MED_V_LOW,7,1.30500650406,3.77597261163,10.2495414967,0,0,5.22002601624,
G1_D060_DENS_MED_V_LOW_S007,G1_D060_DENS_MED_V_LOW,7,1.31400108337,3.81334319734,8.18079948697,0,0,5.2560043335,
G1_D060_DENS_MED_V_LOW_S007,G1_D060_DENS_MED_V_LOW,7,1.32300770283,3.72189818273,8.05927265712,0,0,5.29203081131,
G1_D060_DENS_MED_V_LOW_S007,G1_D060_DENS_MED_V_LOW,7,1.33200228214,3.97756541899,10.3280077509,0,0,5.32800912857,
G1_D060_DENS_MED_V_LOW_S007,G1_D060_DENS_MED_V_LOW,7,1.3410089016,3.96498723943,10.0512605637,0,0,5.36403560638,
G1_D060_DENS_MED_V_LOW_S007,G1_D060_DENS_MED_V_LOW,7,1.35000348091,3.98474863281,9.52093010538,0,0,5.40001392365,
G1_D060_DENS_MED_V_LOW_S007,G1_D060_DENS_MED_V_LOW,7,1.35901010036,3.90061030835,8.66540160425,0,0,5.43604040146,
G1_D060_DENS_MED_V_LOW_S007,G1_D060_DENS_MED_V_LOW,7,1.36800467968,4.14149362882,8.77152541582,0,0,5.47201871872,
G1_D060_DENS_MED_V_LOW_S007,G1_D060_DENS_MED_V_LOW,7,1.37701129913,4.00256160427,8.85370358571,0,0,5.50804519653,
G1_D060_DENS_MED_V_LOW_S007,G1_D060_DENS_MED_V_LOW,7,1.38600587845,3.74026420725,8.44964444346,0,0,5.54402351379,
G1_D060_DENS_MED_V_LOW_S007,G1_D060_DENS_MED_V_LOW,7,1.39500057697,3.95526412617,10.4078207252,0,0,5.58000230789,
G1_D060_DENS_MED_V_LOW_S007,G1_D060_DENS_MED_V_LOW,7,1.40400707722,3.95145406114,8.39026456846,0,0,5.61602830887,
G1_D060_DENS_MED_V_LOW_S007,G1_D060_DENS_MED_V_LOW,7,1.41300177574,4.16031038512,10.0807013207,0,0,5.65200710297,
G1_D060_DENS_MED_V_LOW_S007,G1_D060_DENS_MED_V_LOW,7,1.42200827599,4.21724678807,9.11043520251,0,0,5.68803310394,
G1_D060_DENS_MED_V_LOW_S007,G1_D060_DENS_MED_V_LOW,7,1.43100297451,4.84055788456,9.69296740774,0,0,5.72401189804,
G1_D060_DENS_MED_V_LOW_S007,G1_D060_DENS_MED_V_LOW,7,1.44000387192,4.40563669474,7.72101550744,0,0,5.76001548767,
G1_D060_DENS_MED_V_LOW_S007,G1_D060_DENS_MED_V_LOW,7,1.44901037216,3.65150631386,6.62060862119,0,0,5.79604148865,
G1_D060_DENS_MED_V_LOW_S007,G1_D060_DENS_MED_V_LOW,7,1.45800507069,4.38939653539,10.4452741487,0,0,5.83202028275,
G1_D060_DENS_MED_V_LOW_S007,G1_D060_DENS_MED_V_LOW,7,1.46701157093,4.35487151779,10.0105355756,0,0,5.86804628372,
G1_D060_DENS_MED_V_LOW_S007,G1_D060_DENS_MED_V_LOW,7,1.47600626945,4.43869942449,9.58646124675,0,0,5.90402507782,
G1_D060_DENS_MED_V_LOW_S007,G1_D060_DENS_MED_V_LOW,7,1.48500084877,4.3656899438,9.24272969487,0,0,5.94000339508,
G1_D060_DENS_MED_V_LOW_S007,G1_D060_DENS_MED_V_LOW,7,1.49400746822,4.3664225988,8.85143932082,0,0,5.97602987289,
G1_D060_DENS_MED_V_LOW_S007,G1_D060_DENS_MED_V_LOW,7,1.50300204754,4.36468874938,9.00770334627,0,0,6.01200819016,
G1_D060_DENS_MED_V_LOW_S007,G1_D060_DENS_MED_V_LOW,7,1.51200866699,4.54337799302,9.14779271488,0,0,6.04803466797,
G1_D060_DENS_MED_V_LOW_S007,G1_D060_DENS_MED_V_LOW,7,1.52100324631,4.34463377591,9.02137017621,0,0,6.08401298523,
G1_D060_DENS_MED_V_LOW_S007,G1_D060_DENS_MED_V_LOW,7,1.53000974655,4.33326575072,8.24552379306,0,0,6.12003898621,
G1_D060_DENS_MED_V_LOW_S007,G1_D060_DENS_MED_V_LOW,7,1.53900444508,4.4553402343,9.71325541691,0,0,6.1560177803,
G1_D060_DENS_MED_V_LOW_S007,G1_D060_DENS_MED_V_LOW,7,1.54801094532,4.61071576557,8.56873431325,0,0,6.19204378128,
G1_D060_DENS_MED_V_LOW_S007,G1_D060_DENS_MED_V_LOW,7,1.55700564384,4.75270188645,9.80039347185,0,0,6.22802257538,
G1_D060_DENS_MED_V_LOW_S007,G1_D060_DENS_MED_V_LOW,7,1.56600034237,4.56461246763,8.21345430479,0,0,6.26400136948,
G1_D060_DENS_MED_V_LOW_S007,G1_D060_DENS_MED_V_LOW,7,1.57500684261,4.15577457285,8.01456456516,0,0,6.30002737045,
G1_D060_DENS_MED_V_LOW_S007,G1_D060_DENS_MED_V_LOW,7,1.58400154114,4.66040894348,9.0484983017,0,0,6.33600616455,
G1_D060_DENS_MED_V_LOW_S007,G1_D060_DENS_MED_V_LOW,7,1.59300804138,4.62916554676,9.22053701206,0,0,6.37203216553,
G1_D060_DENS_MED_V_LOW_S007,G1_D060_DENS_MED_V_LOW,7,1.60200273991,4.65374726604,8.3868174785,0,0,6.40801095963,
G1_D060_DENS_MED_V_LOW_S007,G1_D060_DENS_MED_V_LOW,7,1.61100924015,4.58975803336,8.14510265046,0,0,6.4440369606,
G1_D060_DENS_MED_V_LOW_S007,G1_D060_DENS_MED_V_LOW,7,1.62000393867,5.08768496259,9.06480702369,0,0,6.4800157547,
G1_D060_DENS_MED_V_LOW_S007,G1_D060_DENS_MED_V_LOW,7,1.62901043892,4.72169939809,8.09642016364,0,0,6.51604175568,
G1_D060_DENS_MED_V_LOW_S007,G1_D060_DENS_MED_V_LOW,7,1.63800513744,5.0178426929,9.82033321217,0,0,6.55202054977,
G1_D060_DENS_MED_V_LOW_S007,G1_D060_DENS_MED_V_LOW,7,1.64701163769,4.93346432355,9.20966130497,0,0,6.58804655075,
G1_D060_DENS_MED_V_LOW_S007,G1_D060_DENS_MED_V_LOW,7,1.65600633621,4.64520235872,8.32089225226,0,0,6.62402534485,
G1_D060_DENS_MED_V_LOW_S007,G1_D060_DENS_MED_V_LOW,7,1.66500091553,4.2443502739,7.33201252968,0,0,6.66000366211,
G1_D060_DENS_MED_V_LOW_S007,G1_D060_DENS_MED_V_LOW,7,1.67400741577,4.72822637408,8.78803504174,0,0,6.69602966309,
G1_D060_DENS_MED_V_LOW_S007,G1_D060_DENS_MED_V_LOW,7,1.6830021143,4.46127789145,7.53253857661,0,0,6.73200845718,
G1_D060_DENS_MED_V_LOW_S007,G1_D060_DENS_MED_V_LOW,7,1.69200861454,4.69207371397,8.40223215264,0,0,6.76803445816,
G1_D060_DENS_MED_V_LOW_S007,G1_D060_DENS_MED_V_LOW,7,1.70100331306,4.98678925976,9.38768507978,0,0,6.80401325226,
G1_D060_DENS_MED_V_LOW_S007,G1_D060_DENS_MED_V_LOW,7,1.71000981331,4.8683478297,8.29532291596,0,0,6.84003925323,
G1_D060_DENS_MED_V_LOW_S007,G1_D060_DENS_MED_V_LOW,7,1.71900451183,4.79841834946,10.7506898308,0,0,6.87601804733,
G1_D060_DENS_MED_V_LOW_S007,G1_D060_DENS_MED_V_LOW,7,1.72801101208,4.62597933941,9.35863932675,0,0,6.91204404831,
G1_D060_DENS_MED_V_LOW_S007,G1_D060_DENS_MED_V_LOW,7,1.7370057106,4.91589182872,8.32075874085,0,0,6.94802284241,
G1_D060_DENS_MED_V_LOW_S007,G1_D060_DENS_MED_V_LOW,7,1.74600040913,5.04826017977,9.98560151165,0,0,6.98400163651,
G1_D060_DENS_MED_V_LOW_S007,G1_D060_DENS_MED_V_LOW,7,1.75500690937,5.12802157061,7.92512903968,0,0,7.02002763748,
G1_D060_DENS_MED_V_LOW_S007,G1_D060_DENS_MED_V_LOW,7,1.76400160789,4.89294034237,7.53127738927,0,0,7.05600643158,
G1_D060_DENS_MED_V_LOW_S007,G1_D060_DENS_MED_V_LOW,7,1.77300810814,5.03462640713,8.37022978195,0,0,7.09203243256,
G1_D060_DENS_MED_V_LOW_S007,G1_D060_DENS_MED_V_LOW,7,1.78200280666,4.91499122865,8.28889124328,0,0,7.12801122665,
G1_D060_DENS_MED_V_LOW_S007,G1_D060_DENS_MED_V_LOW,7,1.79100930691,5.30069414952,9.55001615492,0,0,7.16403722763,
G1_D060_DENS_MED_V_LOW_S007,G1_D060_DENS_MED_V_LOW,7,1.80000400543,5.75004220994,8.77151460016,0,0,7.20001602173,
G1_D060_DENS_MED_V_LOW_S007,G1_D060_DENS_MED_V_LOW,7,1.80901050568,5.11376437202,6.83738980115,0,0,7.23604202271,
G1_D060_DENS_MED_V_LOW_S007,G1_D060_DENS_MED_V_LOW,7,1.81800508499,5.01736087618,8.88946286204,0,0,7.27202033997,
G1_D060_DENS_MED_V_LOW_S007,G1_D060_DENS_MED_V_LOW,7,1.82701170444,5.21352115683,9.15604634911,0,0,7.30804681778,
G1_D060_DENS_MED_V_LOW_S007,G1_D060_DENS_MED_V_LOW,7,1.83600628376,4.93604351091,8.55503424774,0,0,7.34402513504,
G1_D060_DENS_MED_V_LOW_S007,G1_D060_DENS_MED_V_LOW,7,1.84500098228,5.02184962928,11.4812688939,0,0,7.38000392914,
G1_D060_DENS_MED_V_LOW_S007,G1_D060_DENS_MED_V_LOW,7,1.85400748253,5.34117323022,8.85246250795,0,0,7.41602993011,
G1_D060_DENS_MED_V_LOW_S007,G1_D060_DENS_MED_V_LOW,7,1.86300218105,5.48970014262,10.2890856192,0,0,7.45200872421,
G1_D060_DENS_MED_V_LOW_S007,G1_D060_DENS_MED_V_LOW,7,1.8720086813,5.46600477614,8.18943721423,0,0,7.48803472519,
G1_D060_DENS_MED_V_LOW_S007,G1_D060_DENS_MED_V_LOW,7,1.88100337982,5.09438463275,7.73932216698,0,0,7.52401351929,
G1_D060_DENS_MED_V_LOW_S007,G1_D060_DENS_MED_V_LOW,7,1.89000988007,5.5999360094,8.94314890773,0,0,7.56003952026,
G1_D060_DENS_MED_V_LOW_S007,G1_D060_DENS_MED_V_LOW,7,1.89900457859,5.3450838896,7.91451793479,0,0,7.59601831436,
G1_D060_DENS_MED_V_LOW_S007,G1_D060_DENS_MED_V_LOW,7,1.90801107883,5.34446132713,8.77554463086,0,0,7.63204431534,
G1_D060_DENS_MED_V_LOW_S007,G1_D060_DENS_MED_V_LOW,7,1.91700577736,5.36924812073,7.95635001767,0,0,7.66802310944,
G1_D060_DENS_MED_V_LOW_S007,G1_D060_DENS_MED_V_LOW,7,1.92600047588,5.62007646647,8.3174025553,0,0,7.70400190353,
G1_D060_DENS_MED_V_LOW_S007,G1_D060_DENS_MED_V_LOW,7,1.93500697613,5.41855489545,10.6973881542,0,0,7.74002790451,
G1_D060_DENS_MED_V_LOW_S007,G1_D060_DENS_MED_V_LOW,7,1.94400167465,5.33727120554,8.58107021742,0,0,7.77600669861,
G1_D060_DENS_MED_V_LOW_S007,G1_D060_DENS_MED_V_LOW,7,1.9530081749,5.36362088134,9.468121932,0,0,7.81203269958,
G1_D060_DENS_MED_V_LOW_S007,G1_D060_DENS_MED_V_LOW,7,1.96200287342,5.26276014908,7.44369516915,0,0,7.84801149368,
G1_D060_DENS_MED_V_LOW_S007,G1_D060_DENS_MED_V_LOW,7,1.97100937366,5.55113134297,8.82680745746,0,0,7.88403749466,
G1_D060_DENS_MED_V_LOW_S007,G1_D060_DENS_MED_V_LOW,7,1.98000407219,5.42516260596,10.9043988582,0,0,7.92001628876,
G1_D060_DENS_MED_V_LOW_S007,G1_D060_DENS_MED_V_LOW,7,1.98901057243,4.93923835298,7.43293042066,0,0,7.95604228973,
G1_D060_DENS_MED_V_LOW_S007,G1_D060_DENS_MED_V_LOW,7,1.99800527096,5.76456665275,8.89451004683,0,0,7.99202108383,
G1_D060_DENS_MED_V_LOW_S007,G1_D060_DENS_MED_V_LOW,7,2.00701165199,6.03455541617,8.87950947903,0,0,8.02804660797,
G1_D060_DENS_MED_V_LOW_S007,G1_D060_DENS_MED_V_LOW,7,2.01600646973,5.57418169673,8.62092688157,0,0,8.06402587891,
G1_D060_DENS_MED_V_LOW_S007,G1_D060_DENS_MED_V_LOW,7,2.02500104904,5.4593918848,8.59760956306,0,0,8.10000419617,
G1_D060_DENS_MED_V_LOW_S007,G1_D060_DENS_MED_V_LOW,7,2.03400754929,5.73004897465,9.3514208271,0,0,8.13603019714,
G1_D060_DENS_MED_V_LOW_S007,G1_D060_DENS_MED_V_LOW,7,2.04301047325,5.3591511246,6.27048344181,0,0,8.17204189301,
G1_D060_DENS_MED_V_LOW_S007,G1_D060_DENS_MED_V_LOW,7,2.05200505257,5.30177780541,6.99202638095,0,0,8.20802021027,
G1_D060_DENS_MED_V_LOW_S007,G1_D060_DENS_MED_V_LOW,7,2.06101179123,5.6601268339,7.67467267819,0,0,8.24404716492,
G1_D060_DENS_MED_V_LOW_S007,G1_D060_DENS_MED_V_LOW,7,2.07000637054,5.28189077702,8.35113526585,0,0,8.28002548218,
G1_D060_DENS_MED_V_LOW_S007,G1_D060_DENS_MED_V_LOW,7,2.07900094986,5.92269579249,8.2114175121,0,0,8.31600379944,
G1_D060_DENS_MED_V_LOW_S007,G1_D060_DENS_MED_V_LOW,7,2.0880074501,5.60494198152,8.64664940574,0,0,8.35202980042,
G1_D060_DENS_MED_V_LOW_S007,G1_D060_DENS_MED_V_LOW,7,2.09700226784,5.85402050363,8.88070950197,0,0,8.38800907135,
G1_D060_DENS_MED_V_LOW_S007,G1_D060_DENS_MED_V_LOW,7,2.10600876808,6.02017085564,8.54870806761,0,0,8.42403507233,
G1_D060_DENS_MED_V_LOW_S007,G1_D060_DENS_MED_V_LOW,7,2.1150033474,5.6549749352,7.84131506984,0,0,8.46001338959,
G1_D060_DENS_MED_V_LOW_S007,G1_D060_DENS_MED_V_LOW,7,2.12400984764,5.60925199616,8.22013957462,0,0,8.49603939056,
G1_D060_DENS_MED_V_LOW_S007,G1_D060_DENS_MED_V_LOW,7,2.13300466537,6.4889396702,9.55817459045,0,0,8.5320186615,
G1_D060_DENS_MED_V_LOW_S007,G1_D060_DENS_MED_V_LOW,7,2.14201116562,5.84264254852,8.37428176809,0,0,8.56804466248,
G1_D060_DENS_MED_V_LOW_S007,G1_D060_DENS_MED_V_LOW,7,2.15100574493,5.54160510105,8.32346360401,0,0,8.60402297974,
G1_D060_DENS_MED_V_LOW_S007,G1_D060_DENS_MED_V_LOW,7,2.16000032425,5.65503192428,8.57949395805,0,0,8.640001297,
G1_D060_DENS_MED_V_LOW_S007,G1_D060_DENS_MED_V_LOW,7,2.16900634766,5.97528936892,6.85709005232,0,0,8.67602539062,
G1_D060_DENS_MED_V_LOW_S007,G1_D060_DENS_MED_V_LOW,7,2.17800092697,5.82443238049,8.18363402564,0,0,8.71200370789,
G1_D060_DENS_MED_V_LOW_S007,G1_D060_DENS_MED_V_LOW,7,2.18700742722,5.78195609176,8.65273264945,0,0,8.74802970886,
G1_D060_DENS_MED_V_LOW_S007,G1_D060_DENS_MED_V_LOW,7,2.19600200653,5.68557806831,8.22058570759,0,0,8.78400802612,
G1_D060_DENS_MED_V_LOW_S007,G1_D060_DENS_MED_V_LOW,7,2.20500874519,5.86974603435,8.22248032473,0,0,8.82003498077,
G1_D060_DENS_MED_V_LOW_S007,G1_D060_DENS_MED_V_LOW,7,2.21400332451,6.26732901862,8.97646431769,0,0,8.85601329803,
G1_D060_DENS_MED_V_LOW_S007,G1_D060_DENS_MED_V_LOW,7,2.22300982475,6.22373669384,8.80803355655,0,0,8.89203929901,
G1_D060_DENS_MED_V_LOW_S007,G1_D060_DENS_MED_V_LOW,7,2.23200440407,6.15508817257,8.47048776611,0,0,8.92801761627,
G1_D060_DENS_MED_V_LOW_S007,G1_D060_DENS_MED_V_LOW,7,2.24101114273,6.25273722509,8.96430175569,0,0,8.96404457092,
G1_D060_DENS_MED_V_LOW_S007,G1_D060_DENS_MED_V_LOW,7,2.25000572205,6.21615671518,8.41258420372,0,0,9.00002288818,
G1_D060_DENS_MED_V_LOW_S007,G1_D060_DENS_MED_V_LOW,7,2.25900030136,6.65544749913,8.83480579123,0,0,9.03600120544,
G1_D060_DENS_MED_V_LOW_S007,G1_D060_DENS_MED_V_LOW,7,2.26800680161,6.60009124779,7.15045269198,0,0,9.07202720642,
G1_D060_DENS_MED_V_LOW_S007,G1_D060_DENS_MED_V_LOW,7,2.27700161934,6.6725791921,9.74400344397,0,0,9.10800647736,
G1_D060_DENS_MED_V_LOW_S007,G1_D060_DENS_MED_V_LOW,7,2.28600406647,6.22510443164,7.2965700397,0,0,9.14401626587,
G1_D060_DENS_MED_V_LOW_S007,G1_D060_DENS_MED_V_LOW,7,2.29501056671,6.05563878338,6.06693617904,0,0,9.18004226685,
G1_D060_DENS_MED_V_LOW_S007,G1_D060_DENS_MED_V_LOW,7,2.30400514603,6.43266209549,7.9306856867,0,0,9.21602058411,
G1_D060_DENS_MED_V_LOW_S007,G1_D060_DENS_MED_V_LOW,7,2.31301188469,6.47017990298,9.18123898323,0,0,9.25204753876,
G1_D060_DENS_MED_V_LOW_S007,G1_D060_DENS_MED_V_LOW,7,2.322006464,6.58331789521,9.13881342561,0,0,9.28802585602,
G1_D060_DENS_MED_V_LOW_S007,G1_D060_DENS_MED_V_LOW,7,2.33100104332,6.27652584641,8.89967878568,0,0,9.32400417328,
G1_D060_DENS_MED_V_LOW_S007,G1_D060_DENS_MED_V_LOW,7,2.34000754356,6.45959979492,9.08541439982,0,0,9.36003017426,
G1_D060_DENS_MED_V_LOW_S007,G1_D060_DENS_MED_V_LOW,7,2.3490023613,6.58634133832,8.62298955098,0,0,9.39600944519,
G1_D060_DENS_MED_V_LOW_S007,G1_D060_DENS_MED_V_LOW,7,2.35800886154,6.67297423,8.49867677186,0,0,9.43203544617,
G1_D060_DENS_MED_V_LOW_S007,G1_D060_DENS_MED_V_LOW,7,2.36700344086,6.48608633085,8.80629184192,0,0,9.46801376343,
G1_D060_DENS_MED_V_LOW_S007,G1_D060_DENS_MED_V_LOW,7,2.3760099411,5.80857517046,7.48232040725,0,0,9.5040397644,
G1_D060_DENS_MED_V_LOW_S007,G1_D060_DENS_MED_V_LOW,7,2.38500475883,6.66104753919,8.63600882979,0,0,9.54001903534,
G1_D060_DENS_MED_V_LOW_S007,G1_D060_DENS_MED_V_LOW,7,2.39401125908,6.7814853138,7.67268045154,0,0,9.57604503632,
G1_D060_DENS_MED_V_LOW_S007,G1_D060_DENS_MED_V_LOW,7,2.40300583839,7.25095742536,9.39629876176,0,0,9.61202335358,
G1_D060_DENS_MED_V_LOW_S007,G1_D060_DENS_MED_V_LOW,7,2.41200971603,6.51676113203,7.13502490073,0,0,9.64803886414,
G1_D060_DENS_MED_V_LOW_S007,G1_D060_DENS_MED_V_LOW,7,2.42100429535,6.27268642337,7.12337259219,0,0,9.6840171814,
G1_D060_DENS_MED_V_LOW_S007,G1_D060_DENS_MED_V_LOW,7,2.43001079559,6.54662945145,7.6317498471,0,0,9.72004318237,
G1_D060_DENS_MED_V_LOW_S007,G1_D060_DENS_MED_V_LOW,7,2.43900561333,6.37236031498,7.11110368181,0,0,9.75602245331,
G1_D060_DENS_MED_V_LOW_S007,G1_D060_DENS_MED_V_LOW,7,2.44800019264,6.90307798065,8.02519635238,0,0,9.79200077057,
G1_D060_DENS_MED_V_LOW_S007,G1_D060_DENS_MED_V_LOW,7,2.45700669289,6.80019931707,8.46798984773,0,0,9.82802677155,
G1_D060_DENS_MED_V_LOW_S007,G1_D060_DENS_MED_V_LOW,7,2.4660012722,6.64996661805,8.87954744811,0,0,9.86400508881,
G1_D060_DENS_MED_V_LOW_S007,G1_D060_DENS_MED_V_LOW,7,2.47500801086,7.00740123094,8.17369552196,0,0,9.90003204346,
G1_D060_DENS_MED_V_LOW_S007,G1_D060_DENS_MED_V_LOW,7,2.48400259018,6.64034453087,7.6955747086,0,0,9.93601036072,
G1_D060_DENS_MED_V_LOW_S007,G1_D060_DENS_MED_V_LOW,7,2.49300909042,6.8556224874,8.660463609,0,0,9.97203636169,
G1_D060_DENS_MED_V_LOW_S007,G1_D060_DENS_MED_V_LOW,7,2.50200366974,6.54636220723,7.32664503135,0,0,10.008014679,
G1_D060_DENS_MED_V_LOW_S007,G1_D060_DENS_MED_V_LOW,7,2.5110104084,6.89271330857,7.33513236025,0,0,10.0440416336,
G1_D060_DENS_MED_V_LOW_S007,G1_D060_DENS_MED_V_LOW,7,2.52000498772,6.94989321029,8.75014324697,0,0,10.0800199509,
G1_D060_DENS_MED_V_LOW_S007,G1_D060_DENS_MED_V_LOW,7,2.52901148796,6.70222257738,7.08746094329,0,0,10.1160459518,
G1_D060_DENS_MED_V_LOW_S007,G1_D060_DENS_MED_V_LOW,7,2.53800606728,6.80520269878,5.90433008537,0,0,10.1520242691,
G1_D060_DENS_MED_V_LOW_S007,G1_D060_DENS_MED_V_LOW,7,2.54700374603,6.46948265029,8.19292783437,0,0,10.1880149841,
G1_D060_DENS_MED_V_LOW_S007,G1_D060_DENS_MED_V_LOW,7,2.55601024628,7.03276136917,8.27601119758,0,0,10.2240409851,
G1_D060_DENS_MED_V_LOW_S007,G1_D060_DENS_MED_V_LOW,7,2.56500482559,6.91774101053,8.1794866024,0,0,10.2600193024,
G1_D060_DENS_MED_V_LOW_S007,G1_D060_DENS_MED_V_LOW,7,2.57401132584,7.27600757756,9.14754332018,0,0,10.2960453033,
G1_D060_DENS_MED_V_LOW_S007,G1_D060_DENS_MED_V_LOW,7,2.58300614357,7.27181888057,8.39881334979,0,0,10.3320245743,
G1_D060_DENS_MED_V_LOW_S007,G1_D060_DENS_MED_V_LOW,7,2.59200072289,7.35580955152,9.28126648694,0,0,10.3680028915,
G1_D060_DENS_MED_V_LOW_S007,G1_D060_DENS_MED_V_LOW,7,2.60100722313,7.59506522948,8.50799854116,0,0,10.4040288925,
G1_D060_DENS_MED_V_LOW_S007,G1_D060_DENS_MED_V_LOW,7,2.61000204086,6.92167455189,8.02477803786,0,0,10.4400081635,
G1_D060_DENS_MED_V_LOW_S007,G1_D060_DENS_MED_V_LOW,7,2.61900854111,7.22324994168,8.01114006433,0,0,10.4760341644,
G1_D060_DENS_MED_V_LOW_S007,G1_D060_DENS_MED_V_LOW,7,2.62800312042,6.85147696395,7.53245874417,0,0,10.5120124817,
G1_D060_DENS_MED_V_LOW_S007,G1_D060_DENS_MED_V_LOW,7,2.63700962067,7.50261168094,8.68078410786,0,0,10.5480384827,
G1_D060_DENS_MED_V_LOW_S007,G1_D060_DENS_MED_V_LOW,7,2.6460044384,7.2608899303,8.63234651819,0,0,10.5840177536,
G1_D060_DENS_MED_V_LOW_S007,G1_D060_DENS_MED_V_LOW,7,2.65500235558,6.83051275571,4.96674641857,0,0,10.6200094223,
G1_D060_DENS_MED_V_LOW_S007,G1_D060_DENS_MED_V_LOW,7,2.66400885582,7.2209034597,7.7832599416,0,0,10.6560354233,
G1_D060_DENS_MED_V_LOW_S007,G1_D060_DENS_MED_V_LOW,7,2.67300367355,7.04497818618,8.28808279829,0,0,10.6920146942,
G1_D060_DENS_MED_V_LOW_S007,G1_D060_DENS_MED_V_LOW,7,2.6820101738,7.20832916576,8.42031626876,0,0,10.7280406952,
G1_D060_DENS_MED_V_LOW_S007,G1_D060_DENS_MED_V_LOW,7,2.69100475311,7.08357446874,8.55290274988,0,0,10.7640190125,
G1_D060_DENS_MED_V_LOW_S007,G1_D060_DENS_MED_V_LOW,7,2.70001125336,7.41266478822,8.65316488536,0,0,10.8000450134,
G1_D060_DENS_MED_V_LOW_S007,G1_D060_DENS_MED_V_LOW,7,2.70900607109,7.17942059416,8.0631136731,0,0,10.8360242844,
G1_D060_DENS_MED_V_LOW_S007,G1_D060_DENS_MED_V_LOW,7,2.71800065041,7.10072990716,8.42551592555,0,0,10.8720026016,
G1_D060_DENS_MED_V_LOW_S007,G1_D060_DENS_MED_V_LOW,7,2.72700715065,7.27588928206,8.57554258758,0,0,10.9080286026,
G1_D060_DENS_MED_V_LOW_S007,G1_D060_DENS_MED_V_LOW,7,2.73600172997,7.33357172381,8.23058429368,0,0,10.9440069199,
G1_D060_DENS_MED_V_LOW_S007,G1_D060_DENS_MED_V_LOW,7,2.74500846863,7.42007164098,8.51951348222,0,0,10.9800338745,
G1_D060_DENS_MED_V_LOW_S007,G1_D060_DENS_MED_V_LOW,7,2.75400304794,7.85394500896,7.97551960717,0,0,11.0160121918,
G1_D060_DENS_MED_V_LOW_S007,G1_D060_DENS_MED_V_LOW,7,2.76300954819,7.21258219133,7.64400276089,0,0,11.0520381927,
G1_D060_DENS_MED_V_LOW_S007,G1_D060_DENS_MED_V_LOW,7,2.77200293541,7.17207116221,5.86488277498,0,0,11.0880117416,
G1_D060_DENS_MED_V_LOW_S007,G1_D060_DENS_MED_V_LOW,7,2.78100752831,7.1341362983,5.33195322545,0,0,11.1240301132,
G1_D060_DENS_MED_V_LOW_S007,G1_D060_DENS_MED_V_LOW,7,2.79000210762,7.07608126889,7.87981455556,0,0,11.1600084305,
G1_D060_DENS_MED_V_LOW_S007,G1_D060_DENS_MED_V_LOW,7,2.79900860786,7.51426767365,8.85035500143,0,0,11.1960344315,
G1_D060_DENS_MED_V_LOW_S007,G1_D060_DENS_MED_V_LOW,7,2.8080034256,7.24215261332,8.06581150539,0,0,11.2320137024,
G1_D060_DENS_MED_V_LOW_S007,G1_D060_DENS_MED_V_LOW,7,2.81700992584,7.79831503737,9.58232786347,0,0,11.2680397034,
G1_D060_DENS_MED_V_LOW_S007,G1_D060_DENS_MED_V_LOW,7,2.82600450516,7.43105498992,8.57543554757,0,0,11.3040180206,
G1_D060_DENS_MED_V_LOW_S007,G1_D060_DENS_MED_V_LOW,7,2.8350110054,7.39089409822,9.24508901991,0,0,11.3400440216,
G1_D060_DENS_MED_V_LOW_S007,G1_D060_DENS_MED_V_LOW,7,2.84400582314,7.84020977849,9.31632052676,0,0,11.3760232925,
G1_D060_DENS_MED_V_LOW_S007,G1_D060_DENS_MED_V_LOW,7,2.85300040245,7.57009797048,8.31326483041,0,0,11.4120016098,
G1_D060_DENS_MED_V_LOW_S007,G1_D060_DENS_MED_V_LOW,7,2.86200690269,8.55566098361,10.0556349105,0,0,11.4480276108,
G1_D060_DENS_MED_V_LOW_S007,G1_D060_DENS_MED_V_LOW,7,2.87100148201,8.27946688708,10.0300505646,0,0,11.484005928,
G1_D060_DENS_MED_V_LOW_S007,G1_D060_DENS_MED_V_LOW,7,2.88000822067,8.10285429078,9.1584761389,0,0,11.5200328827,
G1_D060_DENS_MED_V_LOW_S007,G1_D060_DENS_MED_V_LOW,7,2.88901019096,7.60706920094,6.97483852071,0,0,11.5560407639,
G1_D060_DENS_MED_V_LOW_S007,G1_D060_DENS_MED_V_LOW,7,2.89800477028,8.61813655193,6.47214343248,0,0,11.5920190811,
G1_D060_DENS_MED_V_LOW_S007,G1_D060_DENS_MED_V_LOW,7,2.90701150894,8.09081750743,7.9319136016,0,0,11.6280460358,
G1_D060_DENS_MED_V_LOW_S007,G1_D060_DENS_MED_V_LOW,7,2.91600608826,7.83024187125,8.33782905521,0,0,11.664024353,
G1_D060_DENS_MED_V_LOW_S007,G1_D060_DENS_MED_V_LOW,7,2.92500066757,8.06980408135,9.39338080755,0,0,11.7000026703,
G1_D060_DENS_MED_V_LOW_S007,G1_D060_DENS_MED_V_LOW,7,2.93400716782,7.3849007472,8.35500689571,0,0,11.7360286713,
G1_D060_DENS_MED_V_LOW_S007,G1_D060_DENS_MED_V_LOW,7,2.94300198555,7.77244458788,8.85911959117,0,0,11.7720079422,
G1_D060_DENS_MED_V_LOW_S007,G1_D060_DENS_MED_V_LOW,7,2.95200848579,8.1598658157,9.25634269254,0,0,11.8080339432,
G1_D060_DENS_MED_V_LOW_S007,G1_D060_DENS_MED_V_LOW,7,2.96100306511,7.95798719949,8.96087426605,0,0,11.8440122604,
G1_D060_DENS_MED_V_LOW_S007,G1_D060_DENS_MED_V_LOW,7,2.97000956535,7.78421024138,8.99852950185,0,0,11.8800382614,
G1_D060_DENS_MED_V_LOW_S007,G1_D060_DENS_MED_V_LOW,7,2.97900438309,7.74460197102,9.78060182892,0,0,11.9160175323,
G1_D060_DENS_MED_V_LOW_S007,G1_D060_DENS_MED_V_LOW,7,2.98801088333,8.34525300255,9.72324226818,0,0,11.9520435333,
G1_D060_DENS_MED_V_LOW_S007,G1_D060_DENS_MED_V_LOW,7,2.99700546265,8.22813700021,8.35698081318,0,0,11.9880218506,
G1_D060_DENS_MED_V_LOW_S007,G1_D060_DENS_MED_V_LOW,7,3.00600004196,8.19538814211,8.28527904994,0,0,12.0240001678,
G1_D060_DENS_MED_V_LOW_S007,G1_D060_DENS_MED_V_LOW,7,3.01500272751,8.06532784858,6.97262198742,0,0,12.06001091,
G1_D060_DENS_MED_V_LOW_S007,G1_D060_DENS_MED_V_LOW,7,3.02400922775,8.3030957663,7.09637892329,0,0,12.096036911,
G1_D060_DENS_MED_V_LOW_S007,G1_D060_DENS_MED_V_LOW,7,3.03300404549,7.73057661435,8.89275882006,0,0,12.1320161819,
G1_D060_DENS_MED_V_LOW_S007,G1_D060_DENS_MED_V_LOW,7,3.04201054573,8.38804229946,9.18031854521,0,0,12.1680421829,
G1_D060_DENS_MED_V_LOW_S007,G1_D060_DENS_MED_V_LOW,7,3.05100512505,8.42551088911,9.19457781514,0,0,12.2040205002,
G1_D060_DENS_MED_V_LOW_S007,G1_D060_DENS_MED_V_LOW,7,3.06001162529,8.4433303366,9.04856386114,0,0,12.2400465012,
G1_D060_DENS_MED_V_LOW_S007,G1_D060_DENS_MED_V_LOW,7,3.06900644302,8.23657829103,8.97203681305,0,0,12.2760257721,
G1_D060_DENS_MED_V_LOW_S007,G1_D060_DENS_MED_V_LOW,7,3.07800102234,7.83710819127,8.82805725236,0,0,12.3120040894,
G1_D060_DENS_MED_V_LOW_S007,G1_D060_DENS_MED_V_LOW,7,3.08700752258,8.58552843956,8.99170525843,0,0,12.3480300903,
G1_D060_DENS_MED_V_LOW_S007,G1_D060_DENS_MED_V_LOW,7,3.0960021019,8.05675358325,8.41480891566,0,0,12.3840084076,
G1_D060_DENS_MED_V_LOW_S007,G1_D060_DENS_MED_V_LOW,7,3.10500860214,8.23492560787,7.92622702081,0,0,12.4200344086,
G1_D060_DENS_MED_V_LOW_S007,G1_D060_DENS_MED_V_LOW,7,3.11400341988,8.08739557254,8.76857419628,0,0,12.4560136795,
G1_D060_DENS_MED_V_LOW_S007,G1_D060_DENS_MED_V_LOW,7,3.12300992012,8.2821894106,7.91726840249,0,0,12.4920396805,
G1_D060_DENS_MED_V_LOW_S007,G1_D060_DENS_MED_V_LOW,7,3.13200497627,8.42009260967,7.27810955999,0,0,12.5280199051,
G1_D060_DENS_MED_V_LOW_S007,G1_D060_DENS_MED_V_LOW,7,3.14100146294,7.63833288922,4.8993177712,0,0,12.5640058517,
G1_D060_DENS_MED_V_LOW_S007,G1_D060_DENS_MED_V_LOW,7,3.15000796318,7.98831833927,7.64993580077,0,0,12.6000318527,
G1_D060_DENS_MED_V_LOW_S007,G1_D060_DENS_MED_V_LOW,7,3.1590025425,8.31763834199,9.69612883799,0,0,12.63601017,
G1_D060_DENS_MED_V_LOW_S007,G1_D060_DENS_MED_V_LOW,7,3.16800904274,8.70522449274,8.97170894371,0,0,12.672036171,
G1_D060_DENS_MED_V_LOW_S007,G1_D060_DENS_MED_V_LOW,7,3.17700386047,8.31144898309,8.77450903583,0,0,12.7080154419,
G1_D060_DENS_MED_V_LOW_S007,G1_D060_DENS_MED_V_LOW,7,3.18601036072,8.4196651916,8.72074307131,0,0,12.7440414429,
G1_D060_DENS_MED_V_LOW_S007,G1_D060_DENS_MED_V_LOW,7,3.19500494003,8.05110907445,8.66766284718,0,0,12.7800197601,
G1_D060_DENS_MED_V_LOW_S007,G1_D060_DENS_MED_V_LOW,7,3.20401144028,8.15919576233,8.89859145765,0,0,12.8160457611,
G1_D060_DENS_MED_V_LOW_S007,G1_D060_DENS_MED_V_LOW,7,3.21300601959,9.06837441904,8.89650427569,0,0,12.8520240784,
G1_D060_DENS_MED_V_LOW_S007,G1_D060_DENS_MED_V_LOW,7,3.22200083733,8.41978866793,8.50340351128,0,0,12.8880033493,
G1_D060_DENS_MED_V_LOW_S007,G1_D060_DENS_MED_V_LOW,7,3.23100733757,8.81643608155,8.80616857098,0,0,12.9240293503,
G1_D060_DENS_MED_V_LOW_S007,G1_D060_DENS_MED_V_LOW,7,3.24000191689,8.99510114801,8.52780187745,0,0,12.9600076675,
G1_D060_DENS_MED_V_LOW_S007,G1_D060_DENS_MED_V_LOW,7,3.24900841713,9.26971422945,8.94784401698,0,0,12.9960336685,
G1_D060_DENS_MED_V_LOW_S007,G1_D060_DENS_MED_V_LOW,7,3.25800323486,8.71928611518,8.22781259418,0,0,13.0320129395,
G1_D060_DENS_MED_V_LOW_S007,G1_D060_DENS_MED_V_LOW,7,3.26700973511,8.33146596384,6.26960142488,0,0,13.0680389404,
G1_D060_DENS_MED_V_LOW_S007,G1_D060_DENS_MED_V_LOW,7,3.27600431442,8.73891108017,8.69803507301,0,0,13.1040172577,
G1_D060_DENS_MED_V_LOW_S007,G1_D060_DENS_MED_V_LOW,7,3.28501081467,8.64672520758,9.00165436753,0,0,13.1400432587,
G1_D060_DENS_MED_V_LOW_S007,G1_D060_DENS_MED_V_LOW,7,3.2940056324,8.47353022882,9.45288762188,0,0,13.1760225296,
G1_D060_DENS_MED_V_LOW_S007,G1_D060_DENS_MED_V_LOW,7,3.30300021172,8.74991342546,9.15818382325,0,0,13.2120008469,
G1_D060_DENS_MED_V_LOW_S007,G1_D060_DENS_MED_V_LOW,7,3.31200671196,8.77936037112,8.92206897636,0,0,13.2480268478,
G1_D060_DENS_MED_V_LOW_S007,G1_D060_DENS_MED_V_LOW,7,3.32100129128,9.0895424064,9.15456296264,0,0,13.2840051651,
G1_D060_DENS_MED_V_LOW_S007,G1_D060_DENS_MED_V_LOW,7,3.33000779152,8.72052692276,9.4089591266,0,0,13.3200311661,
G1_D060_DENS_MED_V_LOW_S007,G1_D060_DENS_MED_V_LOW,7,3.33900260925,8.55789132876,8.10117548444,0,0,13.356010437,
G1_D060_DENS_MED_V_LOW_S007,G1_D060_DENS_MED_V_LOW,7,3.3480091095,9.59185274529,8.80214622288,0,0,13.392036438,
G1_D060_DENS_MED_V_LOW_S007,G1_D060_DENS_MED_V_LOW,7,3.35700368881,9.03744057661,8.9597949162,0,0,13.4280147552,
G1_D060_DENS_MED_V_LOW_S007,G1_D060_DENS_MED_V_LOW,7,3.36600041389,8.65954515897,6.96702778116,0,0,13.4640016556,
G1_D060_DENS_MED_V_LOW_S007,G1_D060_DENS_MED_V_LOW,7,3.37500143051,8.61637161755,7.08256310073,0,0,13.500005722,
G1_D060_DENS_MED_V_LOW_S007,G1_D060_DENS_MED_V_LOW,7,3.38400793076,8.15540771581,5.52669911289,0,0,13.536031723,
G1_D060_DENS_MED_V_LOW_S007,G1_D060_DENS_MED_V_LOW,7,3.39300251007,8.53858930186,8.25637958535,0,0,13.5720100403,
G1_D060_DENS_MED_V_LOW_S007,G1_D060_DENS_MED_V_LOW,7,3.40200901031,9.02028859208,8.49875360364,0,0,13.6080360413,
G1_D060_DENS_MED_V_LOW_S007,G1_D060_DENS_MED_V_LOW,7,3.41100358963,8.65723451104,8.63574519093,0,0,13.6440143585,
G1_D060_DENS_MED_V_LOW_S007,G1_D060_DENS_MED_V_LOW,7,3.42001032829,8.8461144374,9.1654737331,0,0,13.6800413132,
G1_D060_DENS_MED_V_LOW_S007,G1_D060_DENS_MED_V_LOW,7,3.42900490761,9.1917946219,8.61497654308,0,0,13.7160196304,
G1_D060_DENS_MED_V_LOW_S007,G1_D060_DENS_MED_V_LOW,7,3.43801140785,9.07660156909,8.88421638801,0,0,13.7520456314,
G1_D060_DENS_MED_V_LOW_S007,G1_D060_DENS_MED_V_LOW,7,3.44700598717,8.422998189,9.28005312288,0,0,13.7880239487,
G1_D060_DENS_MED_V_LOW_S007,G1_D060_DENS_MED_V_LOW,7,3.4560008049,9.91961504663,8.76783578741,0,0,13.8240032196,
G1_D060_DENS_MED_V_LOW_S007,G1_D060_DENS_MED_V_LOW,7,3.46500730515,8.52036747697,7.03172329504,0,0,13.8600292206,
G1_D060_DENS_MED_V_LOW_S007,G1_D060_DENS_MED_V_LOW,7,3.47400188446,9.61437551838,8.81555445652,0,0,13.8960075378,
G1_D060_DENS_MED_V_LOW_S007,G1_D060_DENS_MED_V_LOW,7,3.48300766945,9.30233356694,8.24358679344,0,0,13.9320306778,
G1_D060_DENS_MED_V_LOW_S007,G1_D060_DENS_MED_V_LOW,7,3.492000103,9.3515056402,9.06630144313,0,0,13.968000412,
G1_D060_DENS_MED_V_LOW_S007,G1_D060_DENS_MED_V_LOW,7,3.50101065636,9.51927370481,7.20654724143,0,0,14.0040426254,
G1_D060_DENS_MED_V_LOW_S007,G1_D060_DENS_MED_V_LOW,7,3.51000547409,9.09584747039,6.72286291444,0,0,14.0400218964,
G1_D060_DENS_MED_V_LOW_S007,G1_D060_DENS_MED_V_LOW,7,3.51900005341,8.93101779701,8.16912207158,0,0,14.0760002136,
G1_D060_DENS_MED_V_LOW_S007,G1_D060_DENS_MED_V_LOW,7,3.52800655365,9.04754059489,8.67207551463,0,0,14.1120262146,
G1_D060_DENS_MED_V_LOW_S007,G1_D060_DENS_MED_V_LOW,7,3.53700113297,9.33930652434,9.07519954572,0,0,14.1480045319,
G1_D060_DENS_MED_V_LOW_S007,G1_D060_DENS_MED_V_LOW,7,3.54600763321,9.10067340885,10.1774453492,0,0,14.1840305328,
G1_D060_DENS_MED_V_LOW_S007,G1_D060_DENS_MED_V_LOW,7,3.55500245094,9.56494267692,9.26827133745,0,0,14.2200098038,
G1_D060_DENS_MED_V_LOW_S007,G1_D060_DENS_MED_V_LOW,7,3.56400895119,9.51521539192,8.98869432512,0,0,14.2560358047,
G1_D060_DENS_MED_V_LOW_S007,G1_D060_DENS_MED_V_LOW,7,3.5730035305,9.28644224981,8.74725138225,0,0,14.292014122,
G1_D060_DENS_MED_V_LOW_S007,G1_D060_DENS_MED_V_LOW,7,3.58201003075,9.79122643263,8.02077191766,0,0,14.328040123,
G1_D060_DENS_MED_V_LOW_S007,G1_D060_DENS_MED_V_LOW,7,3.59100484848,9.14765140274,8.91219254291,0,0,14.3640193939,
G1_D060_DENS_MED_V_LOW_S007,G1_D060_DENS_MED_V_LOW,7,3.60001134872,9.2375646201,9.45199522597,0,0,14.4000453949,
G1_D060_DENS_MED_V_LOW_S007,G1_D060_DENS_MED_V_LOW,7,3.60900592804,9.61565777256,9.63836177515,0,0,14.4360237122,
G1_D060_DENS_MED_V_LOW_S007,G1_D060_DENS_MED_V_LOW,7,3.61800122261,9.04584560166,6.52330264931,0,0,14.4720048904,
G1_D060_DENS_MED_V_LOW_S007,G1_D060_DENS_MED_V_LOW,7,3.62700772285,9.68783875299,6.37666090759,0,0,14.5080308914,
G1_D060_DENS_MED_V_LOW_S007,G1_D060_DENS_MED_V_LOW,7,3.63600826263,9.33795605597,8.74178015229,0,0,14.5440330505,
G1_D060_DENS_MED_V_LOW_S007,G1_D060_DENS_MED_V_LOW,7,3.64500284195,9.27056992905,8.67670688741,0,0,14.5800113678,
G1_D060_DENS_MED_V_LOW_S007,G1_D060_DENS_MED_V_LOW,7,3.65400934219,9.5093256574,9.10044163815,0,0,14.6160373688,
G1_D060_DENS_MED_V_LOW_S007,G1_D060_DENS_MED_V_LOW,7,3.66300392151,9.28930033826,9.16545888721,0,0,14.652015686,
G1_D060_DENS_MED_V_LOW_S007,G1_D060_DENS_MED_V_LOW,7,3.67201066017,9.73372704669,9.17239329966,0,0,14.6880426407,
G1_D060_DENS_MED_V_LOW_S007,G1_D060_DENS_MED_V_LOW,7,3.68100523949,9.67770764976,9.05712568998,0,0,14.7240209579,
G1_D060_DENS_MED_V_LOW_S007,G1_D060_DENS_MED_V_LOW,7,3.69001173973,9.2299988887,8.32271457749,0,0,14.7600469589,
G1_D060_DENS_MED_V_LOW_S007,G1_D060_DENS_MED_V_LOW,7,3.69900631905,9.9557780684,8.80927164748,0,0,14.7960252762,
G1_D060_DENS_MED_V_LOW_S007,G1_D060_DENS_MED_V_LOW,7,3.70800113678,9.50339620322,8.83551788522,0,0,14.8320045471,
G1_D060_DENS_MED_V_LOW_S007,G1_D060_DENS_MED_V_LOW,7,3.71700763702,10.1771460847,8.88883439149,0,0,14.8680305481,
G1_D060_DENS_MED_V_LOW_S007,G1_D060_DENS_MED_V_LOW,7,3.72600221634,9.86024624636,8.78463671646,0,0,14.9040088654,
G1_D060_DENS_MED_V_LOW_S007,G1_D060_DENS_MED_V_LOW,7,3.73500442505,9.46198327882,8.55318425042,0,0,14.9400177002,
G1_D060_DENS_MED_V_LOW_S007,G1_D060_DENS_MED_V_LOW,7,3.74401164055,9.68648483073,8.188220019,0,0,14.9760465622,
G1_D060_DENS_MED_V_LOW_S007,G1_D060_DENS_MED_V_LOW,7,3.75300621986,9.76666155103,8.09268315493,0,0,15.0120248795,
G1_D060_DENS_MED_V_LOW_S007,G1_D060_DENS_MED_V_LOW,7,3.76200914383,9.78263230747,8.69429230995,0,0,15.0480365753,
G1_D060_DENS_MED_V_LOW_S007,G1_D060_DENS_MED_V_LOW,7,3.77100372314,9.8891017145,11.0958832818,0,0,15.0840148926,
G1_D060_DENS_MED_V_LOW_S007,G1_D060_DENS_MED_V_LOW,7,3.78001022339,9.60061783767,9.40731041349,0,0,15.1200408936,
G1_D060_DENS_MED_V_LOW_S007,G1_D060_DENS_MED_V_LOW,7,3.7890048027,9.717897036,8.7839549066,0,0,15.1560192108,
G1_D060_DENS_MED_V_LOW_S007,G1_D060_DENS_MED_V_LOW,7,3.79801130295,9.89576684582,8.97997824078,0,0,15.1920452118,
G1_D060_DENS_MED_V_LOW_S007,G1_D060_DENS_MED_V_LOW,7,3.80700612068,9.82772102719,9.15238906954,0,0,15.2280244827,
G1_D060_DENS_MED_V_LOW_S007,G1_D060_DENS_MED_V_LOW,7,3.8160007,9.9072907275,9.23446815812,0,0,15.2640028,
G1_D060_DENS_MED_V_LOW_S007,G1_D060_DENS_MED_V_LOW,7,3.82500720024,9.707107968,8.2393178415,0,0,15.300028801,
G1_D060_DENS_MED_V_LOW_S007,G1_D060_DENS_MED_V_LOW,7,3.83400177956,9.57789473935,7.80715160875,0,0,15.3360071182,
G1_D060_DENS_MED_V_LOW_S007,G1_D060_DENS_MED_V_LOW,7,3.84300851822,9.55062546712,7.82509909391,0,0,15.3720340729,
G1_D060_DENS_MED_V_LOW_S007,G1_D060_DENS_MED_V_LOW,7,3.85200858116,10.1590788211,7.87799740018,0,0,15.4080343246,
G1_D060_DENS_MED_V_LOW_S007,G1_D060_DENS_MED_V_LOW,7,3.86100435257,9.74233067003,7.12023188435,0,0,15.4440174103,
G1_D060_DENS_MED_V_LOW_S007,G1_D060_DENS_MED_V_LOW,7,3.87001085281,9.95569344826,7.63846000959,0,0,15.4800434113,
G1_D060_DENS_MED_V_LOW_S007,G1_D060_DENS_MED_V_LOW,7,3.87900543213,10.2950556167,9.28603914821,0,0,15.5160217285,
G1_D060_DENS_MED_V_LOW_S007,G1_D060_DENS_MED_V_LOW,7,3.88800024986,9.82224316826,8.9637664635,0,0,15.5520009995,
G1_D060_DENS_MED_V_LOW_S007,G1_D060_DENS_MED_V_LOW,7,3.89700675011,9.93570841593,9.23357873147,0,0,15.5880270004,
G1_D060_DENS_MED_V_LOW_S007,G1_D060_DENS_MED_V_LOW,7,3.90600132942,9.91614130349,9.21604542112,0,0,15.6240053177,
G1_D060_DENS_MED_V_LOW_S007,G1_D060_DENS_MED_V_LOW,7,3.91500782967,9.90217120896,8.97209839024,0,0,15.6600313187,
G1_D060_DENS_MED_V_LOW_S007,G1_D060_DENS_MED_V_LOW,7,3.9240026474,9.62212603254,9.61856982484,0,0,15.6960105896,
G1_D060_DENS_MED_V_LOW_S007,G1_D060_DENS_MED_V_LOW,7,3.93300914764,10.8280787495,9.50517044111,0,0,15.7320365906,
G1_D060_DENS_MED_V_LOW_S007,G1_D060_DENS_MED_V_LOW,7,3.94200372696,9.92115029777,8.61937562229,0,0,15.7680149078,
G1_D060_DENS_MED_V_LOW_S007,G1_D060_DENS_MED_V_LOW,7,3.9510102272,10.1932420444,8.26558455935,0,0,15.8040409088,
G1_D060_DENS_MED_V_LOW_S007,G1_D060_DENS_MED_V_LOW,7,3.96000480652,12.0687878942,8.63359700223,0,0,15.8400192261,
G1_D060_DENS_MED_V_LOW_S007,G1_D060_DENS_MED_V_LOW,7,3.96901154518,10.2371944365,8.42627323092,0,0,15.8760461807,
G1_D060_DENS_MED_V_LOW_S007,G1_D060_DENS_MED_V_LOW,7,3.97800588608,10.0200418848,7.00054906211,0,0,15.9120235443,
G1_D060_DENS_MED_V_LOW_S007,G1_D060_DENS_MED_V_LOW,7,3.98700833321,10.1871165823,5.97517904619,0,0,15.9480333328,
G1_D060_DENS_MED_V_LOW_S007,G1_D060_DENS_MED_V_LOW,7,3.99600291252,10.2284008496,7.53374304846,0,0,15.9840116501,
G1_D060_DENS_MED_V_LOW_S007,G1_D060_DENS_MED_V_LOW,7,4.00500679016,10.1697038296,8.88937668255,0,0,16.0200271606,
G1_D060_DENS_MED_V_LOW_S007,G1_D060_DENS_MED_V_LOW,7,4.01400136948,9.84322723633,9.02498934066,0,0,16.0560054779,
G1_D060_DENS_MED_V_LOW_S007,G1_D060_DENS_MED_V_LOW,7,4.02300786972,10.1514837317,8.83329311823,0,0,16.0920314789,
G1_D060_DENS_MED_V_LOW_S007,G1_D060_DENS_MED_V_LOW,7,4.03200292587,10.1660755252,9.32233211889,0,0,16.1280117035,
G1_D060_DENS_MED_V_LOW_S007,G1_D060_DENS_MED_V_LOW,7,4.04100942612,10.567113688,9.86977467156,0,0,16.1640377045,
G1_D060_DENS_MED_V_LOW_S007,G1_D060_DENS_MED_V_LOW,7,4.05000400543,10.1545317837,8.81473323406,0,0,16.2000160217,
G1_D060_DENS_MED_V_LOW_S007,G1_D060_DENS_MED_V_LOW,7,4.05901050568,10.4208814493,8.70038441596,0,0,16.2360420227,
G1_D060_DENS_MED_V_LOW_S007,G1_D060_DENS_MED_V_LOW,7,4.06800460815,10.2238184099,8.41431390218,0,0,16.2720184326,
G1_D060_DENS_MED_V_LOW_S007,G1_D060_DENS_MED_V_LOW,7,4.0770111084,11.3792675816,8.31211759137,0,0,16.3080444336,
G1_D060_DENS_MED_V_LOW_S007,G1_D060_DENS_MED_V_LOW,7,4.08600616455,9.86201981544,7.97776778439,0,0,16.3440246582,
G1_D060_DENS_MED_V_LOW_S007,G1_D060_DENS_MED_V_LOW,7,4.09500646591,10.2291054418,8.11574416423,0,0,16.3800258636,
G1_D060_DENS_MED_V_LOW_S007,G1_D060_DENS_MED_V_LOW,7,4.10400104523,10.2267611185,6.78440628824,0,0,16.4160041809,
G1_D060_DENS_MED_V_LOW_S007,G1_D060_DENS_MED_V_LOW,7,4.11300754547,10.4158016504,5.9050844422,0,0,16.4520301819,
G1_D060_DENS_MED_V_LOW_S007,G1_D060_DENS_MED_V_LOW,7,4.12201070786,10.205152761,8.54968423687,0,0,16.4880428314,
G1_D060_DENS_MED_V_LOW_S007,G1_D060_DENS_MED_V_LOW,7,4.13100528717,10.2288990722,9.08003942405,0,0,16.5240211487,
G1_D060_DENS_MED_V_LOW_S007,G1_D060_DENS_MED_V_LOW,7,4.14001178741,10.3249299804,9.32589443122,0,0,16.5600471497,
G1_D060_DENS_MED_V_LOW_S007,G1_D060_DENS_MED_V_LOW,7,4.14900636673,10.6699876025,9.11332104176,0,0,16.5960254669,
G1_D060_DENS_MED_V_LOW_S007,G1_D060_DENS_MED_V_LOW,7,4.15800094604,10.6677702094,9.39426825213,0,0,16.6320037842,
G1_D060_DENS_MED_V_LOW_S007,G1_D060_DENS_MED_V_LOW,7,4.16700744629,10.6708977007,9.63515202348,0,0,16.6680297852,
G1_D060_DENS_MED_V_LOW_S007,G1_D060_DENS_MED_V_LOW,7,4.1760020256,10.5033506846,8.84415731328,0,0,16.7040081024,
G1_D060_DENS_MED_V_LOW_S007,G1_D060_DENS_MED_V_LOW,7,4.18500900269,11.513830012,9.09800638478,0,0,16.7400360107,
G1_D060_DENS_MED_V_LOW_S007,G1_D060_DENS_MED_V_LOW,7,4.19400215149,10.6952268548,8.35853847821,0,0,16.776008606,
G1_D060_DENS_MED_V_LOW_S007,G1_D060_DENS_MED_V_LOW,7,4.20300865173,10.5994005892,8.83074297603,0,0,16.8120346069,
G1_D060_DENS_MED_V_LOW_S007,G1_D060_DENS_MED_V_LOW,7,4.21200323105,10.9191153424,8.19648305568,0,0,16.8480129242,
G1_D060_DENS_MED_V_LOW_S007,G1_D060_DENS_MED_V_LOW,7,4.22100448608,11.1185926462,7.97962157224,0,0,16.8840179443,
G1_D060_DENS_MED_V_LOW_S007,G1_D060_DENS_MED_V_LOW,7,4.23001098633,10.1824590207,8.7843767105,0,0,16.9200439453,
G1_D060_DENS_MED_V_LOW_S007,G1_D060_DENS_MED_V_LOW,7,4.23900556564,10.3418229237,8.48503535945,0,0,16.9560222626,
G1_D060_DENS_MED_V_LOW_S007,G1_D060_DENS_MED_V_LOW,7,4.24800014496,10.7459151828,8.71295050251,0,0,16.9920005798,
G1_D060_DENS_MED_V_LOW_S007,G1_D060_DENS_MED_V_LOW,7,4.25700712204,10.5541357214,8.77621036219,0,0,17.0280284882,
G1_D060_DENS_MED_V_LOW_S007,G1_D060_DENS_MED_V_LOW,7,4.26600170135,10.9179824687,9.40348086337,0,0,17.0640068054,
G1_D060_DENS_MED_V_LOW_S007,G1_D060_DENS_MED_V_LOW,7,4.2750082016,11.0817034455,9.56853362773,0,0,17.1000328064,
G1_D060_DENS_MED_V_LOW_S007,G1_D060_DENS_MED_V_LOW,7,4.28400278091,10.6578290697,8.87147296848,0,0,17.1360111237,
G1_D060_DENS_MED_V_LOW_S007,G1_D060_DENS_MED_V_LOW,7,4.29300928116,10.9552576409,8.67942436851,0,0,17.1720371246,
G1_D060_DENS_MED_V_LOW_S007,G1_D060_DENS_MED_V_LOW,7,4.30200386047,10.8625493684,8.98979713819,0,0,17.2080154419,
G1_D060_DENS_MED_V_LOW_S007,G1_D060_DENS_MED_V_LOW,7,4.31101036072,10.929577155,8.6752931342,0,0,17.2440414429,
G1_D060_DENS_MED_V_LOW_S007,G1_D060_DENS_MED_V_LOW,7,4.32000494003,11.2751260919,9.00804043303,0,0,17.2800197601,
G1_D060_DENS_MED_V_LOW_S007,G1_D060_DENS_MED_V_LOW,7,4.32901144028,11.1451158797,8.01755023095,0,0,17.3160457611,
G1_D060_DENS_MED_V_LOW_S007,G1_D060_DENS_MED_V_LOW,7,4.33800172806,10.7843422251,7.04482339346,0,0,17.3520069122,
G1_D060_DENS_MED_V_LOW_S007,G1_D060_DENS_MED_V_LOW,7,4.34701108932,11.6596823235,8.38666714733,0,0,17.3880443573,
G1_D060_DENS_MED_V_LOW_S007,G1_D060_DENS_MED_V_LOW,7,4.35600566864,10.7811283867,9.25286564627,0,0,17.4240226746,
G1_D060_DENS_MED_V_LOW_S007,G1_D060_DENS_MED_V_LOW,7,4.36500024796,10.5303125613,8.33060232393,0,0,17.4600009918,
G1_D060_DENS_MED_V_LOW_S007,G1_D060_DENS_MED_V_LOW,7,4.3740067482,10.8564075004,8.52972797126,0,0,17.4960269928,
G1_D060_DENS_MED_V_LOW_S007,G1_D060_DENS_MED_V_LOW,7,4.38300180435,10.8141898212,8.99143852758,0,0,17.5320072174,
G1_D060_DENS_MED_V_LOW_S007,G1_D060_DENS_MED_V_LOW,7,4.3920083046,11.1440132274,9.27952455227,0,0,17.5680332184,
G1_D060_DENS_MED_V_LOW_S007,G1_D060_DENS_MED_V_LOW,7,4.40100288391,10.7688757356,9.29417380839,0,0,17.6040115356,
G1_D060_DENS_MED_V_LOW_S007,G1_D060_DENS_MED_V_LOW,7,4.41000938416,10.8760531887,9.19890375086,0,0,17.6400375366,
G1_D060_DENS_MED_V_LOW_S007,G1_D060_DENS_MED_V_LOW,7,4.41900396347,11.2082019219,9.14446130418,0,0,17.6760158539,
G1_D060_DENS_MED_V_LOW_S007,G1_D060_DENS_MED_V_LOW,7,4.42801046371,11.3177893221,8.79855261766,0,0,17.7120418549,
G1_D060_DENS_MED_V_LOW_S007,G1_D060_DENS_MED_V_LOW,7,4.43700504303,11.0563165397,8.62167016079,0,0,17.7480201721,
G1_D060_DENS_MED_V_LOW_S007,G1_D060_DENS_MED_V_LOW,7,4.44601154327,11.3017874807,8.69843094603,0,0,17.7840461731,
G1_D060_DENS_MED_V_LOW_S007,G1_D060_DENS_MED_V_LOW,7,4.45500707626,10.3910658016,5.77916818604,0,0,17.8200283051,
G1_D060_DENS_MED_V_LOW_S007,G1_D060_DENS_MED_V_LOW,7,4.46400308609,10.880293694,7.26243094364,0,0,17.8560123444,
G1_D060_DENS_MED_V_LOW_S007,G1_D060_DENS_MED_V_LOW,7,4.47300958633,11.1731605487,6.85503962248,0,0,17.8920383453,
G1_D060_DENS_MED_V_LOW_S007,G1_D060_DENS_MED_V_LOW,7,4.48200416565,10.8566881285,8.8125949876,0,0,17.9280166626,
G1_D060_DENS_MED_V_LOW_S007,G1_D060_DENS_MED_V_LOW,7,4.49101066589,10.7619334302,8.54812189581,0,0,17.9640426636,
G1_D060_DENS_MED_V_LOW_S007,G1_D060_DENS_MED_V_LOW,7,4.50000524521,11.3073957237,9.53447514851,0,0,18.0000209808,
G1_D060_DENS_MED_V_LOW_S007,G1_D060_DENS_MED_V_LOW,7,4.50901174545,11.6267599078,9.6816504204,0,0,18.0360469818,
G1_D060_DENS_MED_V_LOW_S007,G1_D060_DENS_MED_V_LOW,7,4.51800632477,11.0589173138,8.95727086577,0,0,18.0720252991,
G1_D060_DENS_MED_V_LOW_S007,G1_D060_DENS_MED_V_LOW,7,4.52700090408,11.3552043765,8.61098829675,0,0,18.1080036163,
G1_D060_DENS_MED_V_LOW_S007,G1_D060_DENS_MED_V_LOW,7,4.53600788116,11.6233379729,8.62815533536,0,0,18.1440315247,
G1_D060_DENS_MED_V_LOW_S007,G1_D060_DENS_MED_V_LOW,7,4.54500246048,11.1825093474,7.95736026938,0,0,18.1800098419,
G1_D060_DENS_MED_V_LOW_S007,G1_D060_DENS_MED_V_LOW,7,4.55400896072,11.6686615567,8.2746760741,0,0,18.2160358429,
G1_D060_DENS_MED_V_LOW_S007,G1_D060_DENS_MED_V_LOW,7,4.56300354004,11.5034390041,8.07890210159,0,0,18.2520141602,
G1_D060_DENS_MED_V_LOW_S007,G1_D060_DENS_MED_V_LOW,7,4.57200193405,11.5934765612,8.82010431795,0,0,18.2880077362,
G1_D060_DENS_MED_V_LOW_S007,G1_D060_DENS_MED_V_LOW,7,4.58100175858,11.6356856057,7.13518659638,0,0,18.3240070343,
G1_D060_DENS_MED_V_LOW_S007,G1_D060_DENS_MED_V_LOW,7,4.5900015831,10.5553376728,4.77741569508,0,0,18.3600063324,
G1_D060_DENS_MED_V_LOW_S007,G1_D060_DENS_MED_V_LOW,7,4.59900712967,11.1117798614,8.48505219956,0,0,18.3960285187,
G1_D060_DENS_MED_V_LOW_S007,G1_D060_DENS_MED_V_LOW,7,4.60800170898,11.0533556982,9.04965912233,0,0,18.4320068359,
G1_D060_DENS_MED_V_LOW_S007,G1_D060_DENS_MED_V_LOW,7,4.61700820923,11.3264706578,9.36652558718,0,0,18.4680328369,
G1_D060_DENS_MED_V_LOW_S007,G1_D060_DENS_MED_V_LOW,7,4.62600278854,11.1595893777,9.6162180936,0,0,18.5040111542,
G1_D060_DENS_MED_V_LOW_S007,G1_D060_DENS_MED_V_LOW,7,4.63500928879,11.821651318,9.88374164447,0,0,18.5400371552,
G1_D060_DENS_MED_V_LOW_S007,G1_D060_DENS_MED_V_LOW,7,4.6440038681,11.5481037596,9.32461346522,0,0,18.5760154724,
G1_D060_DENS_MED_V_LOW_S007,G1_D060_DENS_MED_V_LOW,7,4.65301036835,11.3299314488,9.57215266761,0,0,18.6120414734,
G1_D060_DENS_MED_V_LOW_S007,G1_D060_DENS_MED_V_LOW,7,4.6620054245,11.2221944666,8.41724632933,0,0,18.648021698,
G1_D060_DENS_MED_V_LOW_S007,G1_D060_DENS_MED_V_LOW,7,4.67101192474,11.6404942748,5.21917989554,0,0,18.684047699,
G1_D060_DENS_MED_V_LOW_S007,G1_D060_DENS_MED_V_LOW,7,4.68000650406,13.0185134141,9.54197073673,0,0,18.7200260162,
G1_D060_DENS_MED_V_LOW_S007,G1_D060_DENS_MED_V_LOW,7,4.68901157379,11.6543020368,8.95540786186,0,0,18.7560462952,
G1_D060_DENS_MED_V_LOW_S007,G1_D060_DENS_MED_V_LOW,7,4.69800615311,12.037095061,7.920766472,0,0,18.7920246124,
G1_D060_DENS_MED_V_LOW_S007,G1_D060_DENS_MED_V_LOW,7,4.70701122284,11.20180533,5.51825042772,0,0,18.8280448914,
G1_D060_DENS_MED_V_LOW_S007,G1_D060_DENS_MED_V_LOW,7,4.71600532532,11.6906981957,7.43710958362,0,0,18.8640213013,
G1_D060_DENS_MED_V_LOW_S007,G1_D060_DENS_MED_V_LOW,7,4.72499990463,11.6614420771,9.26220848378,0,0,18.8999996185,
G1_D060_DENS_MED_V_LOW_S007,G1_D060_DENS_MED_V_LOW,7,4.73400640488,10.9987178546,8.63861330257,0,0,18.9360256195,
G1_D060_DENS_MED_V_LOW_S007,G1_D060_DENS_MED_V_LOW,7,4.74300146103,12.2368357234,10.092051141,0,0,18.9720058441,
G1_D060_DENS_MED_V_LOW_S007,G1_D060_DENS_MED_V_LOW,7,4.75200796127,11.8918126402,9.46217423606,0,0,19.0080318451,
G1_D060_DENS_MED_V_LOW_S007,G1_D060_DENS_MED_V_LOW,7,4.76100254059,12.4585733052,10.3767267484,0,0,19.0440101624,
G1_D060_DENS_MED_V_LOW_S007,G1_D060_DENS_MED_V_LOW,7,4.77000904083,11.2642299535,10.4156090059,0,0,19.0800361633,
G1_D060_DENS_MED_V_LOW_S007,G1_D060_DENS_MED_V_LOW,7,4.77900362015,13.1312628445,9.41181050212,0,0,19.1160144806,
G1_D060_DENS_MED_V_LOW_S007,G1_D060_DENS_MED_V_LOW,7,4.78800964355,12.1072701987,8.20161647655,0,0,19.1520385742,
G1_D060_DENS_MED_V_LOW_S007,G1_D060_DENS_MED_V_LOW,7,4.79700422287,13.7439282091,9.32138787726,0,0,19.1880168915,
G1_D060_DENS_MED_V_LOW_S007,G1_D060_DENS_MED_V_LOW,7,4.80601072311,10.9100247215,8.23302034444,0,0,19.2240428925,
G1_D060_DENS_MED_V_LOW_S007,G1_D060_DENS_MED_V_LOW,7,4.81500434875,9.37815321344,3.66576155468,0,0,19.260017395,
G1_D060_DENS_MED_V_LOW_S007,G1_D060_DENS_MED_V_LOW,7,4.82400131226,7.9585165071,5.61458765131,0,0,19.296005249,
G1_D060_DENS_MED_V_LOW_S007,G1_D060_DENS_MED_V_LOW,7,4.83300065994,11.5912082233,6.55590580809,0,0,19.3320026398,
G1_D060_DENS_MED_V_LOW_S007,G1_D060_DENS_MED_V_LOW,7,4.84200716019,11.9031621008,8.67184369813,0,0,19.3680286407,
G1_D060_DENS_MED_V_LOW_S007,G1_D060_DENS_MED_V_LOW,7,4.8510017395,11.9095491945,9.68060771657,0,0,19.404006958,
G1_D060_DENS_MED_V_LOW_S007,G1_D060_DENS_MED_V_LOW,7,4.86000823975,11.9165907991,10.0926676628,0,0,19.440032959,
G1_D060_DENS_MED_V_LOW_S007,G1_D060_DENS_MED_V_LOW,7,4.86900281906,12.1794857179,9.3222042923,0,0,19.4760112762,
G1_D060_DENS_MED_V_LOW_S007,G1_D060_DENS_MED_V_LOW,7,4.87800931931,11.9846633853,9.53071198879,0,0,19.5120372772,
G1_D060_DENS_MED_V_LOW_S007,G1_D060_DENS_MED_V_LOW,7,4.88700437546,11.7058158429,9.10781018767,0,0,19.5480175018,
G1_D060_DENS_MED_V_LOW_S007,G1_D060_DENS_MED_V_LOW,7,4.8960108757,11.7917225556,8.69567622475,0,0,19.5840435028,
G1_D060_DENS_MED_V_LOW_S007,G1_D060_DENS_MED_V_LOW,7,4.90500545502,11.8539019535,8.07983924826,0,0,19.6200218201,
G1_D060_DENS_MED_V_LOW_S007,G1_D060_DENS_MED_V_LOW,7,4.91401195526,12.4814552821,8.23900984879,0,0,19.656047821,
G1_D060_DENS_MED_V_LOW_S007,G1_D060_DENS_MED_V_LOW,7,4.92300653458,12.1635106441,9.16099616284,0,0,19.6920261383,
G1_D060_DENS_MED_V_LOW_S007,G1_D060_DENS_MED_V_LOW,7,4.93200302124,11.6468675529,6.68987147265,0,0,19.728012085,
G1_D060_DENS_MED_V_LOW_S007,G1_D060_DENS_MED_V_LOW,7,4.94100952148,12.7865100276,1.92073783423,0,0,19.7640380859,
G1_D060_DENS_MED_V_LOW_S007,G1_D060_DENS_MED_V_LOW,7,4.9500041008,12.2307819294,7.74423939979,0,0,19.8000164032,
G1_D060_DENS_MED_V_LOW_S007,G1_D060_DENS_MED_V_LOW,7,4.95901107788,12.6388003904,9.48159403547,0,0,19.8360443115,
G1_D060_DENS_MED_V_LOW_S007,G1_D060_DENS_MED_V_LOW,7,4.96801137924,12.4673073126,9.2855970774,0,0,19.872045517,
G1_D060_DENS_MED_V_LOW_S007,G1_D060_DENS_MED_V_LOW,7,4.97700595856,12.2090552764,9.21359419865,0,0,19.9080238342,
G1_D060_DENS_MED_V_LOW_S007,G1_D060_DENS_MED_V_LOW,7,4.98600053787,12.2618660158,9.85640950253,0,0,19.9440021515,
G1_D060_DENS_MED_V_LOW_S007,G1_D060_DENS_MED_V_LOW,7,4.99500703812,12.7089867532,9.56617206431,0,0,19.9800281525,
G1_D060_DENS_MED_V_LOW_S007,G1_D060_DENS_MED_V_LOW,7,5.00400209427,12.2803227047,8.83413227913,0,0,20.0160083771,
G1_D060_DENS_MED_V_LOW_S007,G1_D060_DENS_MED_V_LOW,7,5.01300859451,12.1651710985,9.38490998718,0,0,20.0520343781,
G1_D060_DENS_MED_V_LOW_S007,G1_D060_DENS_MED_V_LOW,7,5.02200317383,12.4224456857,8.97140916942,0,0,20.0880126953,
G1_D060_DENS_MED_V_LOW_S007,G1_D060_DENS_MED_V_LOW,7,5.03100967407,12.2748241225,8.32355540746,0,0,20.1240386963,
G1_D060_DENS_MED_V_LOW_S007,G1_D060_DENS_MED_V_LOW,7,5.04000329971,11.9554236727,7.26476674394,0,0,20.1600131989,
G1_D060_DENS_MED_V_LOW_S007,G1_D060_DENS_MED_V_LOW,7,5.04900121689,12.5542130611,7.75652534993,0,0,20.1960048676,
G1_D060_DENS_MED_V_LOW_S007,G1_D060_DENS_MED_V_LOW,7,5.05800533295,12.3665868944,7.17602286055,0,0,20.2320213318,
G1_D060_DENS_MED_V_LOW_S007,G1_D060_DENS_MED_V_LOW,7,5.06700372696,11.8866266344,6.9775869978,0,0,20.2680149078,
G1_D060_DENS_MED_V_LOW_S007,G1_D060_DENS_MED_V_LOW,7,5.07600021362,12.1335818817,7.40831434562,0,0,20.3040008545,
G1_D060_DENS_MED_V_LOW_S007,G1_D060_DENS_MED_V_LOW,7,5.0850071907,12.5125799516,9.50940797898,0,0,20.3400287628,
G1_D060_DENS_MED_V_LOW_S007,G1_D060_DENS_MED_V_LOW,7,5.09400177002,12.5469555888,9.69439383239,0,0,20.3760070801,
G1_D060_DENS_MED_V_LOW_S007,G1_D060_DENS_MED_V_LOW,7,5.10300827026,12.2950146609,9.6889560079,0,0,20.4120330811,
G1_D060_DENS_MED_V_LOW_S007,G1_D060_DENS_MED_V_LOW,7,5.11200284958,12.8052033076,9.97259161274,0,0,20.4480113983,
G1_D060_DENS_MED_V_LOW_S007,G1_D060_DENS_MED_V_LOW,7,5.12100934982,12.8140081196,9.61381186185,0,0,20.4840373993,
G1_D060_DENS_MED_V_LOW_S007,G1_D060_DENS_MED_V_LOW,7,5.13000392914,12.2027968399,9.08032691524,0,0,20.5200157166,
G1_D060_DENS_MED_V_LOW_S007,G1_D060_DENS_MED_V_LOW,7,5.13901042938,12.3596489063,9.79025247811,0,0,20.5560417175,
G1_D060_DENS_MED_V_LOW_S007,G1_D060_DENS_MED_V_LOW,7,5.1480050087,13.5336963761,8.41606564016,0,0,20.5920200348,
G1_D060_DENS_MED_V_LOW_S007,G1_D060_DENS_MED_V_LOW,7,5.15701007843,13.4173402281,9.17935524198,0,0,20.6280403137,
G1_D060_DENS_MED_V_LOW_S007,G1_D060_DENS_MED_V_LOW,7,5.16600131989,13.1904667218,8.62510595331,0,0,20.6640052795,
G1_D060_DENS_MED_V_LOW_S007,G1_D060_DENS_MED_V_LOW,7,5.17500019073,12.0612584286,6.27898756429,0,0,20.7000007629,
G1_D060_DENS_MED_V_LOW_S007,G1_D060_DENS_MED_V_LOW,7,5.1840057373,12.0891044994,8.13327844968,0,0,20.7360229492,
G1_D060_DENS_MED_V_LOW_S007,G1_D060_DENS_MED_V_LOW,7,5.19300937653,12.2523661097,3.7611212888,0,0,20.7720375061,
G1_D060_DENS_MED_V_LOW_S007,G1_D060_DENS_MED_V_LOW,7,5.20201063156,11.9539022371,8.88204010197,0,0,20.8080425262,
G1_D060_DENS_MED_V_LOW_S007,G1_D060_DENS_MED_V_LOW,7,5.21100521088,12.7864271344,9.78845748551,0,0,20.8440208435,
G1_D060_DENS_MED_V_LOW_S007,G1_D060_DENS_MED_V_LOW,7,5.22000026703,13.3011325971,10.7660097706,0,0,20.8800010681,
G1_D060_DENS_MED_V_LOW_S007,G1_D060_DENS_MED_V_LOW,7,5.22900676727,12.4376548609,9.58822149696,0,0,20.9160270691,
G1_D060_DENS_MED_V_LOW_S007,G1_D060_DENS_MED_V_LOW,7,5.23800134659,12.6747656773,10.4375432711,0,0,20.9520053864,
G1_D060_DENS_MED_V_LOW_S007,G1_D060_DENS_MED_V_LOW,7,5.24700784683,12.0617247029,10.1955344285,0,0,20.9880313873,
G1_D060_DENS_MED_V_LOW_S007,G1_D060_DENS_MED_V_LOW,7,5.25600242615,13.1104108874,10.0941108646,0,0,21.0240097046,
G1_D060_DENS_MED_V_LOW_S007,G1_D060_DENS_MED_V_LOW,7,5.26500415802,12.4490941224,8.81742933704,0,0,21.0600166321,
G1_D060_DENS_MED_V_LOW_S007,G1_D060_DENS_MED_V_LOW,7,5.2740073204,15.4667796046,9.19915104368,0,0,21.0960292816,
G1_D060_DENS_MED_V_LOW_S007,G1_D060_DENS_MED_V_LOW,7,5.28301095963,12.7889925063,8.01013404762,0,0,21.1320438385,
G1_D060_DENS_MED_V_LOW_S007,G1_D060_DENS_MED_V_LOW,7,5.29200267792,12.8463537369,7.50118487148,0,0,21.1680107117,
G1_D060_DENS_MED_V_LOW_S007,G1_D060_DENS_MED_V_LOW,7,5.30100774765,12.7350652992,6.30064170898,0,0,21.2040309906,
G1_D060_DENS_MED_V_LOW_S007,G1_D060_DENS_MED_V_LOW,7,5.31000995636,12.0699725762,7.21428219543,0,0,21.2400398254,
G1_D060_DENS_MED_V_LOW_S007,G1_D060_DENS_MED_V_LOW,7,5.31900978088,12.1229801869,7.03361792904,0,0,21.2760391235,
G1_D060_DENS_MED_V_LOW_S007,G1_D060_DENS_MED_V_LOW,7,5.32800292969,12.8567490622,9.18756188309,0,0,21.3120117188,
G1_D060_DENS_MED_V_LOW_S007,G1_D060_DENS_MED_V_LOW,7,5.33700942993,12.6260011623,10.0677672198,0,0,21.3480377197,
G1_D060_DENS_MED_V_LOW_S007,G1_D060_DENS_MED_V_LOW,7,5.34600400925,12.8622985892,10.1092803509,0,0,21.384016037,
G1_D060_DENS_MED_V_LOW_S007,G1_D060_DENS_MED_V_LOW,7,5.35501050949,12.647263268,10.1803464378,0,0,21.420042038,
G1_D060_DENS_MED_V_LOW_S007,G1_D060_DENS_MED_V_LOW,7,5.36400556564,13.1537968427,10.6912966348,0,0,21.4560222626,
G1_D060_DENS_MED_V_LOW_S007,G1_D060_DENS_MED_V_LOW,7,5.37301206589,12.9836715027,9.81389975425,0,0,21.4920482635,
G1_D060_DENS_MED_V_LOW_S007,G1_D060_DENS_MED_V_LOW,7,5.38200426102,13.7602927083,9.56214446039,0,0,21.5280170441,
G1_D060_DENS_MED_V_LOW_S007,G1_D060_DENS_MED_V_LOW,7,5.39101076126,14.9467163055,9.2593254452,0,0,21.564043045,
G1_D060_DENS_MED_V_LOW_S007,G1_D060_DENS_MED_V_LOW,7,5.40000724792,12.4880703322,7.51030552925,0,0,21.6000289917,
G1_D060_DENS_MED_V_LOW_S007,G1_D060_DENS_MED_V_LOW,7,5.40900564194,13.343742292,7.20327293548,0,0,21.6360225677,
G1_D060_DENS_MED_V_LOW_S007,G1_D060_DENS_MED_V_LOW,7,5.41800069809,12.1677882786,5.72170820505,0,0,21.6720027924,
G1_D060_DENS_MED_V_LOW_S007,G1_D060_DENS_MED_V_LOW,7,5.42700719833,12.5792001799,6.81811475949,0,0,21.7080287933,
G1_D060_DENS_MED_V_LOW_S007,G1_D060_DENS_MED_V_LOW,7,5.43600034714,10.7461224158,3.72046204784,0,0,21.7440013885,
G1_D060_DENS_MED_V_LOW_S007,G1_D060_DENS_MED_V_LOW,7,5.44500494003,13.3098691949,8.51488134453,0,0,21.7800197601,
G1_D060_DENS_MED_V_LOW_S007,G1_D060_DENS_MED_V_LOW,7,5.45401144028,13.1805955233,9.41188278867,0,0,21.8160457611,
G1_D060_DENS_MED_V_LOW_S007,G1_D060_DENS_MED_V_LOW,7,5.46300601959,13.7670692273,10.2600246321,0,0,21.8520240784,
G1_D060_DENS_MED_V_LOW_S007,G1_D060_DENS_MED_V_LOW,7,5.47200107574,13.2996439734,10.4223791765,0,0,21.888004303,
G1_D060_DENS_MED_V_LOW_S007,G1_D060_DENS_MED_V_LOW,7,5.48100757599,12.7752615932,9.6236876537,0,0,21.924030304,
G1_D060_DENS_MED_V_LOW_S007,G1_D060_DENS_MED_V_LOW,7,5.49000120163,18.1003190038,12.5607611206,0,0,21.9600048065,
G1_D060_DENS_MED_V_LOW_S007,G1_D060_DENS_MED_V_LOW,7,5.49900770187,13.5342602226,9.38876516846,0,0,21.9960308075,
G1_D060_DENS_MED_V_LOW_S007,G1_D060_DENS_MED_V_LOW,7,5.50800228119,14.3509671978,9.11839999023,0,0,22.0320091248,
G1_D060_DENS_MED_V_LOW_S007,G1_D060_DENS_MED_V_LOW,7,5.51700496674,12.3340297268,7.16897594563,0,0,22.0680198669,
G1_D060_DENS_MED_V_LOW_S007,G1_D060_DENS_MED_V_LOW,7,5.52600336075,13.1532070921,7.75928647481,0,0,22.104013443,
G1_D060_DENS_MED_V_LOW_S007,G1_D060_DENS_MED_V_LOW,7,5.53500795364,6.74700649189,3.4726607153,0,0,22.1400318146,
G1_D060_DENS_MED_V_LOW_S007,G1_D060_DENS_MED_V_LOW,7,5.54400968552,13.6360029903,6.15820110433,0,0,22.1760387421,
G1_D060_DENS_MED_V_LOW_S007,G1_D060_DENS_MED_V_LOW,7,5.55301094055,11.9550152509,4.53054737668,0,0,22.2120437622,
G1_D060_DENS_MED_V_LOW_S007,G1_D060_DENS_MED_V_LOW,7,5.56200885773,15.3445691244,12.0550977685,0,0,22.2480354309,
G1_D060_DENS_MED_V_LOW_S007,G1_D060_DENS_MED_V_LOW,7,5.57100343704,14.0991704696,10.5234890121,0,0,22.2840137482,
G1_D060_DENS_MED_V_LOW_S007,G1_D060_DENS_MED_V_LOW,7,5.58000993729,13.8873412155,10.5040422654,0,0,22.3200397491,
G1_D060_DENS_MED_V_LOW_S007,G1_D060_DENS_MED_V_LOW,7,5.58900499344,13.3806807106,10.3658728685,0,0,22.3560199738,
G1_D060_DENS_MED_V_LOW_S007,G1_D060_DENS_MED_V_LOW,7,5.59801149368,13.5433905631,10.7682249541,0,0,22.3920459747,
G1_D060_DENS_MED_V_LOW_S007,G1_D060_DENS_MED_V_LOW,7,5.607006073,12.6540380601,9.7828852018,0,0,22.428024292,
G1_D060_DENS_MED_V_LOW_S007,G1_D060_DENS_MED_V_LOW,7,5.61600065231,12.2996972632,9.3111993502,0,0,22.4640026093,
G1_D060_DENS_MED_V_LOW_S007,G1_D060_DENS_MED_V_LOW,7,5.62500715256,12.4881627235,8.194278812,0,0,22.5000286102,
G1_D060_DENS_MED_V_LOW_S007,G1_D060_DENS_MED_V_LOW,7,5.63400125504,14.0949221931,8.66338382735,0,0,22.5360050201,
G1_D060_DENS_MED_V_LOW_S007,G1_D060_DENS_MED_V_LOW,7,5.64300298691,11.2127834981,5.31827213076,0,0,22.5720119476,
G1_D060_DENS_MED_V_LOW_S007,G1_D060_DENS_MED_V_LOW,7,5.65200901031,13.5981562004,7.07404380755,0,0,22.6080360413,
G1_D060_DENS_MED_V_LOW_S007,G1_D060_DENS_MED_V_LOW,7,5.66100740433,12.6913978524,7.76539589646,0,0,22.6440296173,
G1_D060_DENS_MED_V_LOW_S007,G1_D060_DENS_MED_V_LOW,7,5.67001152039,11.2674161609,6.62674394875,0,0,22.6800460815,
G1_D060_DENS_MED_V_LOW_S007,G1_D060_DENS_MED_V_LOW,7,5.67901039124,12.6725741884,8.18406091798,0,0,22.7160415649,
G1_D060_DENS_MED_V_LOW_S007,G1_D060_DENS_MED_V_LOW,7,5.68800401688,12.9347291127,7.5121731123,0,0,22.7520160675,
G1_D060_DENS_MED_V_LOW_S007,G1_D060_DENS_MED_V_LOW,7,5.69701051712,11.7275519941,7.4070216248,0,0,22.7880420685,
G1_D060_DENS_MED_V_LOW_S007,G1_D060_DENS_MED_V_LOW,7,5.70600509644,13.914856577,10.0222139888,0,0,22.8240203857,
G1_D060_DENS_MED_V_LOW_S007,G1_D060_DENS_MED_V_LOW,7,5.71501207352,13.5181072738,9.61031369848,0,0,22.8600482941,
G1_D060_DENS_MED_V_LOW_S007,G1_D060_DENS_MED_V_LOW,7,5.72400665283,13.9677182611,9.57583453635,0,0,22.8960266113,
G1_D060_DENS_MED_V_LOW_S007,G1_D060_DENS_MED_V_LOW,7,5.73300123215,14.6833438873,10.0083649245,0,0,22.9320049286,
G1_D060_DENS_MED_V_LOW_S007,G1_D060_DENS_MED_V_LOW,7,5.74200773239,12.1698675164,7.77131651245,0,0,22.9680309296,
G1_D060_DENS_MED_V_LOW_S007,G1_D060_DENS_MED_V_LOW,7,5.7510008812,13.4849828059,8.79277555859,0,0,23.0040035248,
G1_D060_DENS_MED_V_LOW_S007,G1_D060_DENS_MED_V_LOW,7,5.76000213623,13.7965394867,7.71909818488,0,0,23.0400085449,
G1_D060_DENS_MED_V_LOW_S007,G1_D060_DENS_MED_V_LOW,7,5.76900625229,13.685828711,4.7177980786,0,0,23.0760250092,
G1_D060_DENS_MED_V_LOW_S007,G1_D060_DENS_MED_V_LOW,7,5.77800703049,14.3283874357,5.90965639687,0,0,23.1120281219,
G1_D060_DENS_MED_V_LOW_S007,G1_D060_DENS_MED_V_LOW,7,5.78700780869,14.1493528037,7.64999248843,0,0,23.1480312347,
G1_D060_DENS_MED_V_LOW_S007,G1_D060_DENS_MED_V_LOW,7,5.79600524902,13.339509558,5.40973362645,0,0,23.1840209961,
G1_D060_DENS_MED_V_LOW_S007,G1_D060_DENS_MED_V_LOW,7,5.80500602722,13.3543059942,7.60033778249,0,0,23.2200241089,
G1_D060_DENS_MED_V_LOW_S007,G1_D060_DENS_MED_V_LOW,7,5.81400156021,14.5255325048,11.0367118311,0,0,23.2560062408,
G1_D060_DENS_MED_V_LOW_S007,G1_D060_DENS_MED_V_LOW,7,5.82300806046,14.5949797366,12.6025917529,0,0,23.2920322418,
G1_D060_DENS_MED_V_LOW_S007,G1_D060_DENS_MED_V_LOW,7,5.83200263977,13.8138753905,10.2063321703,0,0,23.3280105591,
G1_D060_DENS_MED_V_LOW_S007,G1_D060_DENS_MED_V_LOW,7,5.84100914001,13.8921153457,10.5403188566,0,0,23.3640365601,
G1_D060_DENS_MED_V_LOW_S007,G1_D060_DENS_MED_V_LOW,7,5.85000371933,13.4651126152,8.46042363389,0,0,23.4000148773,
G1_D060_DENS_MED_V_LOW_S007,G1_D060_DENS_MED_V_LOW,7,5.85901021957,14.2725649101,8.05297539403,0,0,23.4360408783,
G1_D060_DENS_MED_V_LOW_S007,G1_D060_DENS_MED_V_LOW,7,5.86800479889,14.5125959849,8.0716888224,0,0,23.4720191956,
G1_D060_DENS_MED_V_LOW_S007,G1_D060_DENS_MED_V_LOW,7,5.87700557709,15.4037358725,8.1023701683,0,0,23.5080223083,
G1_D060_DENS_MED_V_LOW_S007,G1_D060_DENS_MED_V_LOW,7,5.88600301743,11.1531357967,4.91557754971,0,0,23.5440120697,
G1_D060_DENS_MED_V_LOW_S007,G1_D060_DENS_MED_V_LOW,7,5.89500999451,13.1208882425,5.13074615523,0,0,23.580039978,
G1_D060_DENS_MED_V_LOW_S007,G1_D060_DENS_MED_V_LOW,7,5.90401077271,12.4220277658,5.8727049452,0,0,23.6160430908,
G1_D060_DENS_MED_V_LOW_S007,G1_D060_DENS_MED_V_LOW,7,5.91300344467,15.1155421219,8.37989038444,0,0,23.6520137787,
G1_D060_DENS_MED_V_LOW_S007,G1_D060_DENS_MED_V_LOW,7,5.92200803757,13.7640470794,9.29050182349,0,0,23.6880321503,
G1_D060_DENS_MED_V_LOW_S007,G1_D060_DENS_MED_V_LOW,7,5.93100166321,13.9182526077,10.2867819352,0,0,23.7240066528,
G1_D060_DENS_MED_V_LOW_S007,G1_D060_DENS_MED_V_LOW,7,5.94000768661,14.034543132,10.4553392134,0,0,23.7600307465,
G1_D060_DENS_MED_V_LOW_S007,G1_D060_DENS_MED_V_LOW,7,5.94900226593,15.6210144909,11.462524616,0,0,23.7960090637,
G1_D060_DENS_MED_V_LOW_S007,G1_D060_DENS_MED_V_LOW,7,5.95800924301,14.8082207654,10.934342722,0,0,23.832036972,
G1_D060_DENS_MED_V_LOW_S007,G1_D060_DENS_MED_V_LOW,7,5.96700382233,14.7567561771,10.6090180137,0,0,23.8680152893,
G1_D060_DENS_MED_V_LOW_S007,G1_D060_DENS_MED_V_LOW,7,5.97600793839,14.7753916045,9.7495973146,0,0,23.9040317535,
G1_D060_DENS_MED_V_LOW_S007,G1_D060_DENS_MED_V_LOW,7,5.98500108719,14.119595872,9.36137598652,0,0,23.9400043488,
G1_D060_DENS_MED_V_LOW_S007,G1_D060_DENS_MED_V_LOW,7,5.99400424957,13.246345373,7.2803831073,0,0,23.9760169983,
G1_D060_DENS_MED_V_LOW_S007,G1_D060_DENS_MED_V_LOW,7,6.00300359726,12.5713365511,2.11273514377,0,0,24.012014389,
G1_D060_DENS_MED_V_LOW_S007,G1_D060_DENS_MED_V_LOW,7,6.01200580597,13.1290514957,5.0416859452,0,0,24.0480232239,
G1_D060_DENS_MED_V_LOW_S007,G1_D060_DENS_MED_V_LOW,7,6.02100133896,12.8331504044,4.68761609702,0,0,24.0840053558,
G1_D060_DENS_MED_V_LOW_S007,G1_D060_DENS_MED_V_LOW,7,6.03000020981,13.5411861221,7.76666409249,0,0,24.1200008392,
G1_D060_DENS_MED_V_LOW_S007,G1_D060_DENS_MED_V_LOW,7,6.03900289536,14.0613400856,9.526196195,0,0,24.1560115814,
G1_D060_DENS_MED_V_LOW_S007,G1_D060_DENS_MED_V_LOW,7,6.04800891876,13.0019330473,8.62883508849,0,0,24.192035675,
G1_D060_DENS_MED_V_LOW_S007,G1_D060_DENS_MED_V_LOW,7,6.05700349808,15.0453972056,9.86711046374,0,0,24.2280139923,
G1_D060_DENS_MED_V_LOW_S007,G1_D060_DENS_MED_V_LOW,7,6.06600999832,14.1512619377,9.60916045804,0,0,24.2640399933,
G1_D060_DENS_MED_V_LOW_S007,G1_D060_DENS_MED_V_LOW,7,6.07500171661,13.9124500838,10.5985964,0,0,24.3000068665,
G1_D060_DENS_MED_V_LOW_S007,G1_D060_DENS_MED_V_LOW,7,6.08400440216,14.6672764221,9.75708091185,0,0,24.3360176086,
G1_D060_DENS_MED_V_LOW_S007,G1_D060_DENS_MED_V_LOW,7,6.09300994873,14.9687710774,10.3364684262,0,0,24.3720397949,
G1_D060_DENS_MED_V_LOW_S007,G1_D060_DENS_MED_V_LOW,7,6.1020026207,15.4807833745,8.71896418473,0,0,24.4080104828,
G1_D060_DENS_MED_V_LOW_S007,G1_D060_DENS_MED_V_LOW,7,6.11100816727,16.4467136514,9.0681172174,0,0,24.4440326691,
G1_D060_DENS_MED_V_LOW_S007,G1_D060_DENS_MED_V_LOW,7,6.12000322342,14.5598727397,6.11407194714,0,0,24.4800128937,
G1_D060_DENS_MED_V_LOW_S007,G1_D060_DENS_MED_V_LOW,7,6.12900447845,10.6974969196,6.22763219317,0,0,24.5160179138,
G1_D060_DENS_MED_V_LOW_S007,G1_D060_DENS_MED_V_LOW,7,6.13800525665,14.9675863954,7.21654174049,0,0,24.5520210266,
G1_D060_DENS_MED_V_LOW_S007,G1_D060_DENS_MED_V_LOW,7,6.14701032639,11.9630170351,5.07215796701,0,0,24.5880413055,
G1_D060_DENS_MED_V_LOW_S007,G1_D060_DENS_MED_V_LOW,7,6.15600013733,14.1480463723,6.71017112502,0,0,24.6240005493,
G1_D060_DENS_MED_V_LOW_S007,G1_D060_DENS_MED_V_LOW,7,6.16500759125,14.8173649215,9.73073963675,0,0,24.660030365,
G1_D060_DENS_MED_V_LOW_S007,G1_D060_DENS_MED_V_LOW,7,6.17400550842,14.6571116435,10.599538786,0,0,24.6960220337,
G1_D060_DENS_MED_V_LOW_S007,G1_D060_DENS_MED_V_LOW,7,6.18301153183,14.3210280738,8.98108994459,0,0,24.7320461273,
G1_D060_DENS_MED_V_LOW_S007,G1_D060_DENS_MED_V_LOW,7,6.19200611115,14.7790889866,10.6796461841,0,0,24.7680244446,
G1_D060_DENS_MED_V_LOW_S007,G1_D060_DENS_MED_V_LOW,7,6.20101118088,14.5349357021,9.83150898274,0,0,24.8040447235,
G1_D060_DENS_MED_V_LOW_S007,G1_D060_DENS_MED_V_LOW,7,6.2100019455,13.9544864341,8.42830105015,0,0,24.840007782,
G1_D060_DENS_MED_V_LOW_S007,G1_D060_DENS_MED_V_LOW,7,6.2190079689,16.837264961,8.78480930138,0,0,24.8760318756,
G1_D060_DENS_MED_V_LOW_S007,G1_D060_DENS_MED_V_LOW,7,6.22800636292,15.212803476,9.42077659935,0,0,24.9120254517,
G1_D060_DENS_MED_V_LOW_S007,G1_D060_DENS_MED_V_LOW,7,6.23701143265,12.646491325,3.8575230266,0,0,24.9480457306,
G1_D060_DENS_MED_V_LOW_S007,G1_D060_DENS_MED_V_LOW,7,6.24601125717,14.0847574145,6.43686637322,0,0,24.9840450287,
G1_D060_DENS_MED_V_LOW_S007,G1_D060_DENS_MED_V_LOW,7,6.25500583649,13.596257428,2.62474875805,0,0,25.0200233459,
G1_D060_DENS_MED_V_LOW_S007,G1_D060_DENS_MED_V_LOW,7,6.26400136948,14.346358854,5.27362179608,0,0,25.0560054779,
G1_D060_DENS_MED_V_LOW_S007,G1_D060_DENS_MED_V_LOW,7,6.27300357819,13.5564099763,7.00772468318,0,0,25.0920143127,
G1_D060_DENS_MED_V_LOW_S007,G1_D060_DENS_MED_V_LOW,7,6.28200435638,14.8859590441,10.3897556647,0,0,25.1280174255,
G1_D060_DENS_MED_V_LOW_S007,G1_D060_DENS_MED_V_LOW,7,6.29100608826,14.6244137302,10.0581656739,0,0,25.164024353,
G1_D060_DENS_MED_V_LOW_S007,G1_D060_DENS_MED_V_LOW,7,6.30000400543,14.5375002105,9.00315661286,0,0,25.2000160217,
G1_D060_DENS_MED_V_LOW_S007,G1_D060_DENS_MED_V_LOW,7,6.30900907516,14.5788293782,10.7437193017,0,0,25.2360363007,
G1_D060_DENS_MED_V_LOW_S007,G1_D060_DENS_MED_V_LOW,7,6.31800556183,16.1750795443,10.3779474783,0,0,25.2720222473,
G1_D060_DENS_MED_V_LOW_S007,G1_D060_DENS_MED_V_LOW,7,6.32700967789,14.7365198748,7.79865231727,0,0,25.3080387115,
G1_D060_DENS_MED_V_LOW_S007,G1_D060_DENS_MED_V_LOW,7,6.3360042572,15.1266584453,8.37931413847,0,0,25.3440170288,
G1_D060_DENS_MED_V_LOW_S007,G1_D060_DENS_MED_V_LOW,7,6.34501075745,14.5668651264,6.24422884851,0,0,25.3800430298,
G1_D060_DENS_MED_V_LOW_S007,G1_D060_DENS_MED_V_LOW,7,6.35400104523,15.4418701982,4.57584108189,0,0,25.4160041809,
G1_D060_DENS_MED_V_LOW_S007,G1_D060_DENS_MED_V_LOW,7,6.36300754547,16.8808011602,0.817324367895,0,0,25.4520301819,
G1_D060_DENS_MED_V_LOW_S007,G1_D060_DENS_MED_V_LOW,7,6.37200641632,15.0860062387,6.55520468903,0,0,25.4880256653,
G1_D060_DENS_MED_V_LOW_S007,G1_D060_DENS_MED_V_LOW,7,6.38100242615,13.8141776053,5.1792816327,0,0,25.5240097046,
G1_D060_DENS_MED_V_LOW_S007,G1_D060_DENS_MED_V_LOW,7,6.39000892639,14.9683445228,6.08577658934,0,0,25.5600357056,
G1_D060_DENS_MED_V_LOW_S007,G1_D060_DENS_MED_V_LOW,7,6.39900588989,14.5674229286,9.33967524344,0,0,25.5960235596,
G1_D060_DENS_MED_V_LOW_S007,G1_D060_DENS_MED_V_LOW,7,6.4080119133,14.6475806525,9.23389770399,0,0,25.6320476532,
G1_D060_DENS_MED_V_LOW_S007,G1_D060_DENS_MED_V_LOW,7,6.41700601578,13.9148738464,5.97374843661,0,0,25.6680240631,
G1_D060_DENS_MED_V_LOW_S007,G1_D060_DENS_MED_V_LOW,7,6.42601156235,14.7388754232,8.66893283663,0,0,25.7040462494,
G1_D060_DENS_MED_V_LOW_S007,G1_D060_DENS_MED_V_LOW,7,6.43500804901,16.5824823506,10.7488586304,0,0,25.740032196,
G1_D060_DENS_MED_V_LOW_S007,G1_D060_DENS_MED_V_LOW,7,6.44400978088,15.2563293135,8.75550629161,0,0,25.7760391235,
G1_D060_DENS_MED_V_LOW_S007,G1_D060_DENS_MED_V_LOW,7,6.45301151276,13.9154808664,7.43929684929,0,0,25.812046051,
G1_D060_DENS_MED_V_LOW_S007,G1_D060_DENS_MED_V_LOW,7,6.46200323105,14.594850216,7.76373044217,0,0,25.8480129242,
G1_D060_DENS_MED_V_LOW_S007,G1_D060_DENS_MED_V_LOW,7,6.47100830078,16.8656351585,7.40293871139,0,0,25.8840332031,
G1_D060_DENS_MED_V_LOW_S007,G1_D060_DENS_MED_V_LOW,7,6.48000621796,13.4257262568,5.36419806619,0,0,25.9200248718,
G1_D060_DENS_MED_V_LOW_S007,G1_D060_DENS_MED_V_LOW,7,6.48900938034,17.3964227653,1.56051907765,0,0,25.9560375214,
G1_D060_DENS_MED_V_LOW_S007,G1_D060_DENS_MED_V_LOW,7,6.49800252914,17.062844988,8.44511253087,0,0,25.9920101166,
G1_D060_DENS_MED_V_LOW_S007,G1_D060_DENS_MED_V_LOW,7,6.50700569153,12.8109065324,5.75156808628,0,0,26.0280227661,
G1_D060_DENS_MED_V_LOW_S007,G1_D060_DENS_MED_V_LOW,7,6.51600646973,15.2222429391,7.17369197178,0,0,26.0640258789,
G1_D060_DENS_MED_V_LOW_S007,G1_D060_DENS_MED_V_LOW,7,6.52500534058,14.7254121861,9.70253896037,0,0,26.1000213623,
G1_D060_DENS_MED_V_LOW_S007,G1_D060_DENS_MED_V_LOW,7,6.5340051651,14.9964764024,9.93076709955,0,0,26.1360206604,
G1_D060_DENS_MED_V_LOW_S007,G1_D060_DENS_MED_V_LOW,7,6.543009758,14.7880915335,8.14695364028,0,0,26.172039032,
G1_D060_DENS_MED_V_LOW_S007,G1_D060_DENS_MED_V_LOW,7,6.55201053619,15.7229765802,10.2168957703,0,0,26.2080421448,
G1_D060_DENS_MED_V_LOW_S007,G1_D060_DENS_MED_V_LOW,7,6.56100606918,16.450602724,9.58636064233,0,0,26.2440242767,
G1_D060_DENS_MED_V_LOW_S007,G1_D060_DENS_MED_V_LOW,7,6.57000875473,15.069629651,3.67855640455,0,0,26.2800350189,
G1_D060_DENS_MED_V_LOW_S007,G1_D060_DENS_MED_V_LOW,7,6.57901000977,16.6302288335,8.22242893465,0,0,26.3160400391,
G1_D060_DENS_MED_V_LOW_S007,G1_D060_DENS_MED_V_LOW,7,6.58800888062,17.8936956154,8.84347661039,0,0,26.3520355225,
G1_D060_DENS_MED_V_LOW_S007,G1_D060_DENS_MED_V_LOW,7,6.59700155258,21.006649561,9.77564142183,0,0,26.3880062103,
G1_D060_DENS_MED_V_LOW_S007,G1_D060_DENS_MED_V_LOW,7,6.60600614548,12.6263715913,6.74059951644,0,0,26.4240245819,
G1_D060_DENS_MED_V_LOW_S007,G1_D060_DENS_MED_V_LOW,7,6.61500549316,15.8700412048,7.41366859215,0,0,26.4600219727,
G1_D060_DENS_MED_V_LOW_S007,G1_D060_DENS_MED_V_LOW,7,6.62400865555,13.7547716758,2.44025374692,0,0,26.4960346222,
G1_D060_DENS_MED_V_LOW_S007,G1_D060_DENS_MED_V_LOW,7,6.63300657272,15.1940126238,5.56555836582,0,0,26.5320262909,
G1_D060_DENS_MED_V_LOW_S007,G1_D060_DENS_MED_V_LOW,7,6.64200639725,13.8095424939,6.42292037647,0,0,26.568025589,
G1_D060_DENS_MED_V_LOW_S007,G1_D060_DENS_MED_V_LOW,7,6.65100097656,15.7613595855,8.70747898425,0,0,26.6040039062,
G1_D060_DENS_MED_V_LOW_S007,G1_D060_DENS_MED_V_LOW,7,6.66000747681,16.3324056562,10.595700143,0,0,26.6400299072,
G1_D060_DENS_MED_V_LOW_S007,G1_D060_DENS_MED_V_LOW,7,6.66900587082,14.8340782629,6.221207406,0,0,26.6760234833,
G1_D060_DENS_MED_V_LOW_S007,G1_D060_DENS_MED_V_LOW,7,6.67801189423,15.752227518,8.79035727003,0,0,26.7120475769,
G1_D060_DENS_MED_V_LOW_S007,G1_D060_DENS_MED_V_LOW,7,6.68700838089,14.608967964,7.74834446021,0,0,26.7480335236,
G1_D060_DENS_MED_V_LOW_S007,G1_D060_DENS_MED_V_LOW,7,6.69600391388,14.6930406647,4.28253245333,0,0,26.7840156555,
G1_D060_DENS_MED_V_LOW_S007,G1_D060_DENS_MED_V_LOW,7,6.70500993729,14.7183248175,6.4878768154,0,0,26.8200397491,
G1_D060_DENS_MED_V_LOW_S007,G1_D060_DENS_MED_V_LOW,7,6.71400880814,16.0518415338,4.77933388274,0,0,26.8560352325,
G1_D060_DENS_MED_V_LOW_S007,G1_D060_DENS_MED_V_LOW,7,6.72300624847,16.9704242513,6.35169126589,0,0,26.8920249939,
G1_D060_DENS_MED_V_LOW_S007,G1_D060_DENS_MED_V_LOW,7,6.73201084137,14.9367725754,4.41982676709,0,0,26.9280433655,
G1_D060_DENS_MED_V_LOW_S007,G1_D060_DENS_MED_V_LOW,7,6.74101161957,14.4976562126,5.98618637301,0,0,26.9640464783,
G1_D060_DENS_MED_V_LOW_S007,G1_D060_DENS_MED_V_LOW,7,6.75000429153,11.1364319536,3.48681111586,0,0,27.0000171661,
G1_D060_DENS_MED_V_LOW_S007,G1_D060_DENS_MED_V_LOW,7,6.75900650024,15.1855626983,6.63407091834,0,0,27.036026001,
G1_D060_DENS_MED_V_LOW_S007,G1_D060_DENS_MED_V_LOW,7,6.76800727844,15.3049858947,10.1704594908,0,0,27.0720291138,
G1_D060_DENS_MED_V_LOW_S007,G1_D060_DENS_MED_V_LOW,7,6.77700901031,15.7203153631,9.95819151909,0,0,27.1080360413,
G1_D060_DENS_MED_V_LOW_S007,G1_D060_DENS_MED_V_LOW,7,6.78600883484,15.4626124944,10.1039626045,0,0,27.1440353394,
G1_D060_DENS_MED_V_LOW_S007,G1_D060_DENS_MED_V_LOW,7,6.79500102997,15.3213175819,8.1908475353,0,0,27.1800041199,
G1_D060_DENS_MED_V_LOW_S007,G1_D060_DENS_MED_V_LOW,7,6.80400323868,14.2013182051,8.96367502903,0,0,27.2160129547,
G1_D060_DENS_MED_V_LOW_S007,G1_D060_DENS_MED_V_LOW,7,6.81300926208,16.2034980962,7.84919129028,0,0,27.2520370483,
G1_D060_DENS_MED_V_LOW_S007,G1_D060_DENS_MED_V_LOW,7,6.82200622559,15.5243627472,5.72709841773,0,0,27.2880249023,
G1_D060_DENS_MED_V_LOW_S007,G1_D060_DENS_MED_V_LOW,7,6.83101034164,15.3026165307,6.02781988723,0,0,27.3240413666,
G1_D060_DENS_MED_V_LOW_S007,G1_D060_DENS_MED_V_LOW,7,6.84000730515,15.4465243059,4.75962843878,0,0,27.3600292206,
G1_D060_DENS_MED_V_LOW_S007,G1_D060_DENS_MED_V_LOW,7,6.84900140762,16.8462087918,8.13450258033,0,0,27.3960056305,
G1_D060_DENS_MED_V_LOW_S007,G1_D060_DENS_MED_V_LOW,7,6.85800170898,16.365089754,6.71131684263,0,0,27.4320068359,
G1_D060_DENS_MED_V_LOW_S007,G1_D060_DENS_MED_V_LOW,7,6.86700391769,14.8188811763,6.7391220305,0,0,27.4680156708,
G1_D060_DENS_MED_V_LOW_S007,G1_D060_DENS_MED_V_LOW,7,6.87600755692,14.9581935597,6.08190879532,0,0,27.5040302277,
G1_D060_DENS_MED_V_LOW_S007,G1_D060_DENS_MED_V_LOW,7,6.88500642776,13.8933086624,8.88552215651,0,0,27.5400257111,
G1_D060_DENS_MED_V_LOW_S007,G1_D060_DENS_MED_V_LOW,7,6.89400911331,16.3651312006,10.4634511276,0,0,27.5760364532,
G1_D060_DENS_MED_V_LOW_S007,G1_D060_DENS_MED_V_LOW,7,6.90300703049,15.2836236264,8.37349900945,0,0,27.6120281219,
G1_D060_DENS_MED_V_LOW_S007,G1_D060_DENS_MED_V_LOW,7,6.91201019287,15.8889529429,5.67287247401,0,0,27.6480407715,
G1_D060_DENS_MED_V_LOW_S007,G1_D060_DENS_MED_V_LOW,7,6.92100667953,14.742612525,8.2841082546,0,0,27.6840267181,
G1_D060_DENS_MED_V_LOW_S007,G1_D060_DENS_MED_V_LOW,7,6.93000507355,15.2920493747,8.73819281373,0,0,27.7200202942,
G1_D060_DENS_MED_V_LOW_S007,G1_D060_DENS_MED_V_LOW,7,6.9390039444,14.1672292403,4.81582918466,0,0,27.7560157776,
G1_D060_DENS_MED_V_LOW_S007,G1_D060_DENS_MED_V_LOW,7,6.94801139832,22.4484593348,10.6314193651,0,0,27.7920455933,
G1_D060_DENS_MED_V_LOW_S007,G1_D060_DENS_MED_V_LOW,7,6.9570016861,16.0008121348,7.4783969959,0,0,27.8280067444,
G1_D060_DENS_MED_V_LOW_S007,G1_D060_DENS_MED_V_LOW,7,6.96600723267,14.7227786,7.01811787087,0,0,27.8640289307,
G1_D060_DENS_MED_V_LOW_S007,G1_D060_DENS_MED_V_LOW,7,6.97500133514,16.298875357,4.26978670137,0,0,27.9000053406,
G1_D060_DENS_MED_V_LOW_S007,G1_D060_DENS_MED_V_LOW,7,6.98400211334,15.2453356029,6.30305174417,0,0,27.9360084534,
G1_D060_DENS_MED_V_LOW_S007,G1_D060_DENS_MED_V_LOW,7,6.99301052094,15.5994881632,7.54828782187,0,0,27.9720420837,
G1_D060_DENS_MED_V_LOW_S007,G1_D060_DENS_MED_V_LOW,7,7.00200414658,15.2932426914,6.6531649238,0,0,28.0080165863,
G1_D060_DENS_MED_V_LOW_S007,G1_D060_DENS_MED_V_LOW,7,7.01100206375,15.6319080389,11.7659596673,0,0,28.044008255,
G1_D060_DENS_MED_V_LOW_S007,G1_D060_DENS_MED_V_LOW,7,7.02000522614,15.4444588837,8.65900655817,0,0,28.0800209045,
G1_D060_DENS_MED_V_LOW_S007,G1_D060_DENS_MED_V_LOW,7,7.02900075912,16.9599158113,9.79109892482,0,0,28.1160030365,
G1_D060_DENS_MED_V_LOW_S007,G1_D060_DENS_MED_V_LOW,7,7.03800201416,16.160112141,11.9958195696,0,0,28.1520080566,
G1_D060_DENS_MED_V_LOW_S007,G1_D060_DENS_MED_V_LOW,7,7.04700565338,15.6750125027,7.72248354884,0,0,28.1880226135,
G1_D060_DENS_MED_V_LOW_S007,G1_D060_DENS_MED_V_LOW,7,7.05600214005,14.9788909555,5.96735268525,0,0,28.2240085602,
G1_D060_DENS_MED_V_LOW_S007,G1_D060_DENS_MED_V_LOW,7,7.06500434875,14.697945179,5.10903149061,0,0,28.260017395,
G1_D060_DENS_MED_V_LOW_S007,G1_D060_DENS_MED_V_LOW,7,7.07400751114,17.8047667548,7.10716550213,0,0,28.2960300446,
G1_D060_DENS_MED_V_LOW_S007,G1_D060_DENS_MED_V_LOW,7,7.08300638199,15.3078629795,6.59546795389,0,0,28.332025528,
G1_D060_DENS_MED_V_LOW_S007,G1_D060_DENS_MED_V_LOW,7,7.09200382233,16.1636385559,6.68622125576,0,0,28.3680152893,
G1_D060_DENS_MED_V_LOW_S007,G1_D060_DENS_MED_V_LOW,7,7.10100698471,16.1284141269,5.80070762177,0,0,28.4040279388,
G1_D060_DENS_MED_V_LOW_S007,G1_D060_DENS_MED_V_LOW,7,7.11000871658,16.0911795378,6.04827100647,0,0,28.4400348663,
G1_D060_DENS_MED_V_LOW_S007,G1_D060_DENS_MED_V_LOW,7,7.11900234222,15.2849810025,6.8027039958,0,0,28.4760093689,
G1_D060_DENS_MED_V_LOW_S007,G1_D060_DENS_MED_V_LOW,7,7.12800741196,15.5925303152,9.41046171444,0,0,28.5120296478,
G1_D060_DENS_MED_V_LOW_S007,G1_D060_DENS_MED_V_LOW,7,7.13700485229,16.2194187714,11.0978111646,0,0,28.5480194092,
G1_D060_DENS_MED_V_LOW_S007,G1_D060_DENS_MED_V_LOW,7,7.14600801468,16.3662347163,8.47113900694,0,0,28.5840320587,
G1_D060_DENS_MED_V_LOW_S007,G1_D060_DENS_MED_V_LOW,7,7.15500354767,12.6273352247,6.1640710354,0,0,28.6200141907,
G1_D060_DENS_MED_V_LOW_S007,G1_D060_DENS_MED_V_LOW,7,7.16400814056,19.0270321627,11.488228122,0,0,28.6560325623,
G1_D060_DENS_MED_V_LOW_S007,G1_D060_DENS_MED_V_LOW,7,7.17301082611,23.4814398485,11.0804564309,0,0,28.6920433044,
G1_D060_DENS_MED_V_LOW_S007,G1_D060_DENS_MED_V_LOW,7,7.18200111389,16.8551180838,8.16078824539,0,0,28.7280044556,
G1_D060_DENS_MED_V_LOW_S007,G1_D060_DENS_MED_V_LOW,7,7.19100761414,21.7973211639,10.0220112974,0,0,28.7640304565,
G1_D060_DENS_MED_V_LOW_S007,G1_D060_DENS_MED_V_LOW,7,7.20000934601,16.6342370651,8.49780789504,0,0,28.800037384,
G1_D060_DENS_MED_V_LOW_S007,G1_D060_DENS_MED_V_LOW,7,7.20900011063,16.963062299,4.2109291306,0,0,28.8360004425,
G1_D060_DENS_MED_V_LOW_S007,G1_D060_DENS_MED_V_LOW,7,7.21800518036,15.8249214001,5.50667549789,0,0,28.8720207214,
G1_D060_DENS_MED_V_LOW_S007,G1_D060_DENS_MED_V_LOW,7,7.22700357437,15.1959467985,5.19761509729,0,0,28.9080142975,
G1_D060_DENS_MED_V_LOW_S007,G1_D060_DENS_MED_V_LOW,7,7.23600769043,14.8020348604,3.55306222421,0,0,28.9440307617,
G1_D060_DENS_MED_V_LOW_S007,G1_D060_DENS_MED_V_LOW,7,7.24500131607,15.6977563243,11.0352624459,0,0,28.9800052643,
G1_D060_DENS_MED_V_LOW_S007,G1_D060_DENS_MED_V_LOW,7,7.2540102005,15.3192331633,9.91154112103,0,0,29.016040802,
G1_D060_DENS_MED_V_LOW_S007,G1_D060_DENS_MED_V_LOW,7,7.26301002502,15.8244672145,9.18889982703,0,0,29.0520401001,
G1_D060_DENS_MED_V_LOW_S007,G1_D060_DENS_MED_V_LOW,7,7.27200746536,16.3534173553,9.51176237879,0,0,29.0880298615,
G1_D060_DENS_MED_V_LOW_S007,G1_D060_DENS_MED_V_LOW,7,7.28101158142,15.3712106533,8.76469359816,0,0,29.1240463257,
G1_D060_DENS_MED_V_LOW_S007,G1_D060_DENS_MED_V_LOW,7,7.29000663757,16.0036754041,6.85711531016,0,0,29.1600265503,
G1_D060_DENS_MED_V_LOW_S007,G1_D060_DENS_MED_V_LOW,7,7.29900217056,15.2607934577,3.68504138593,0,0,29.1960086823,
G1_D060_DENS_MED_V_LOW_S007,G1_D060_DENS_MED_V_LOW,7,7.30800104141,11.5250577232,4.68112124459,0,0,29.2320041656,
G1_D060_DENS_MED_V_LOW_S007,G1_D060_DENS_MED_V_LOW,7,7.31701135635,14.896056472,3.08116183742,0,0,29.2680454254,
G1_D060_DENS_MED_V_LOW_S007,G1_D060_DENS_MED_V_LOW,7,7.32600259781,17.036056669,7.97681336942,0,0,29.3040103912,
G1_D060_DENS_MED_V_LOW_S007,G1_D060_DENS_MED_V_LOW,7,7.33501005173,15.0750297975,6.32823979562,0,0,29.3400402069,
G1_D060_DENS_MED_V_LOW_S007,G1_D060_DENS_MED_V_LOW,7,7.34400653839,16.4978915674,8.98210190686,0,0,29.3760261536,
G1_D060_DENS_MED_V_LOW_S007,G1_D060_DENS_MED_V_LOW,7,7.35300922394,16.341470373,4.53658633887,0,0,29.4120368958,
G1_D060_DENS_MED_V_LOW_S007,G1_D060_DENS_MED_V_LOW,7,7.36200523376,18.5741607095,3.94831426321,0,0,29.4480209351,
G1_D060_DENS_MED_V_LOW_S007,G1_D060_DENS_MED_V_LOW,7,7.37100458145,16.0540295689,10.4731036952,0,0,29.4840183258,
G1_D060_DENS_MED_V_LOW_S007,G1_D060_DENS_MED_V_LOW,7,7.3800110817,15.963275331,9.54287835626,0,0,29.5200443268,
G1_D060_DENS_MED_V_LOW_S007,G1_D060_DENS_MED_V_LOW,7,7.38900470734,19.6980854247,10.5827761323,0,0,29.5560188293,
G1_D060_DENS_MED_V_LOW_S007,G1_D060_DENS_MED_V_LOW,7,7.39800310135,18.8502503261,8.4912891484,0,0,29.5920124054,
G1_D060_DENS_MED_V_LOW_S007,G1_D060_DENS_MED_V_LOW,7,7.40700626373,16.7584145319,7.33114342717,0,0,29.6280250549,
G1_D060_DENS_MED_V_LOW_S007,G1_D060_DENS_MED_V_LOW,7,7.41601133347,18.6423800858,8.95941743259,0,0,29.6640453339,
G1_D060_DENS_MED_V_LOW_S007,G1_D060_DENS_MED_V_LOW,7,7.42500400543,16.4342330441,10.1043410856,0,0,29.7000160217,
G1_D060_DENS_MED_V_LOW_S007,G1_D060_DENS_MED_V_LOW,7,7.43400859833,11.0607530528,5.70152571714,0,0,29.7360343933,
G1_D060_DENS_MED_V_LOW_S007,G1_D060_DENS_MED_V_LOW,7,7.44300556183,16.7856829406,6.52159750491,0,0,29.7720222473,
G1_D060_DENS_MED_V_LOW_S007,G1_D060_DENS_MED_V_LOW,7,7.45200824738,17.2168864568,5.95353721785,0,0,29.8080329895,
G1_D060_DENS_MED_V_LOW_S007,G1_D060_DENS_MED_V_LOW,7,7.46100378036,16.500568327,7.17663850214,0,0,29.8440151215,
G1_D060_DENS_MED_V_LOW_S007,G1_D060_DENS_MED_V_LOW,7,7.4700050354,16.8830876309,6.08572756796,0,0,29.8800201416,
G1_D060_DENS_MED_V_LOW_S007,G1_D060_DENS_MED_V_LOW,7,7.4790058136,15.9521624614,7.04772176498,0,0,29.9160232544,
G1_D060_DENS_MED_V_LOW_S007,G1_D060_DENS_MED_V_LOW,7,7.48800373077,15.6242110599,10.2273729261,0,0,29.9520149231,
G1_D060_DENS_MED_V_LOW_S007,G1_D060_DENS_MED_V_LOW,7,7.49701166153,18.0867504232,10.1465082533,0,0,29.9880466461,
G1_D060_DENS_MED_V_LOW_S007,G1_D060_DENS_MED_V_LOW,7,7.50600385666,17.4838319173,10.320089889,0,0,30.0240154266,
G1_D060_DENS_MED_V_LOW_S007,G1_D060_DENS_MED_V_LOW,7,7.51500368118,19.0991699695,10.4755925822,0,0,30.0600147247,
G1_D060_DENS_MED_V_LOW_S007,G1_D060_DENS_MED_V_LOW,7,7.52400779724,16.1318472869,7.92662677012,0,0,30.096031189,
G1_D060_DENS_MED_V_LOW_S007,G1_D060_DENS_MED_V_LOW,7,7.53300523758,14.5906710172,7.20758593537,0,0,30.1320209503,
G1_D060_DENS_MED_V_LOW_S007,G1_D060_DENS_MED_V_LOW,7,7.54200172424,16.4993162943,9.61742471668,0,0,30.168006897,
G1_D060_DENS_MED_V_LOW_S007,G1_D060_DENS_MED_V_LOW,7,7.55100774765,16.5095415158,6.33746564449,0,0,30.2040309906,
G1_D060_DENS_MED_V_LOW_S007,G1_D060_DENS_MED_V_LOW,7,7.56000900269,16.0089995652,5.89940791993,0,0,30.2400360107,
G1_D060_DENS_MED_V_LOW_S007,G1_D060_DENS_MED_V_LOW,7,7.56900119781,15.0892062616,5.8021313981,0,0,30.2760047913,
G1_D060_DENS_MED_V_LOW_S007,G1_D060_DENS_MED_V_LOW,7,7.57800626755,17.2495032039,6.55601691132,0,0,30.3120250702,
G1_D060_DENS_MED_V_LOW_S007,G1_D060_DENS_MED_V_LOW,7,7.58700037003,16.4980107264,8.1021392518,0,0,30.3480014801,
G1_D060_DENS_MED_V_LOW_S007,G1_D060_DENS_MED_V_LOW,7,7.59600734711,15.8168600365,6.52183658075,0,0,30.3840293884,
G1_D060_DENS_MED_V_LOW_S007,G1_D060_DENS_MED_V_LOW,7,7.60500383377,16.2576998871,8.22774241553,0,0,30.4200153351,
G1_D060_DENS_MED_V_LOW_S007,G1_D060_DENS_MED_V_LOW,7,7.61400127411,16.0401311424,10.5820939226,0,0,30.4560050964,
G1_D060_DENS_MED_V_LOW_S007,G1_D060_DENS_MED_V_LOW,7,7.62300443649,14.4839425689,9.46593043542,0,0,30.492017746,
G1_D060_DENS_MED_V_LOW_S007,G1_D060_DENS_MED_V_LOW,7,7.63201093674,16.21664703,9.63897146056,0,0,30.5280437469,
G1_D060_DENS_MED_V_LOW_S007,G1_D060_DENS_MED_V_LOW,7,7.64100694656,20.3279373127,10.0857822677,0,0,30.5640277863,
G1_D060_DENS_MED_V_LOW_S007,G1_D060_DENS_MED_V_LOW,7,7.65000629425,14.7987208594,4.36660198357,0,0,30.600025177,
G1_D060_DENS_MED_V_LOW_S007,G1_D060_DENS_MED_V_LOW,7,7.6590051651,16.4684558469,5.56043616748,0,0,30.6360206604,
G1_D060_DENS_MED_V_LOW_S007,G1_D060_DENS_MED_V_LOW,7,7.66800117493,15.9744780015,7.32388619285,0,0,30.6720046997,
G1_D060_DENS_MED_V_LOW_S007,G1_D060_DENS_MED_V_LOW,7,7.67700386047,19.2938515564,0.441500913817,0,0,30.7080154419,
G1_D060_DENS_MED_V_LOW_S007,G1_D060_DENS_MED_V_LOW,7,7.68600416183,14.7867531537,5.35933105464,0,0,30.7440166473,
G1_D060_DENS_MED_V_LOW_S007,G1_D060_DENS_MED_V_LOW,7,7.69500875473,13.4610085383,5.619176249,0,0,30.7800350189,
G1_D060_DENS_MED_V_LOW_S007,G1_D060_DENS_MED_V_LOW,7,7.70400619507,16.513149097,8.21082330959,0,0,30.8160247803,
G1_D060_DENS_MED_V_LOW_S007,G1_D060_DENS_MED_V_LOW,7,7.71300697327,16.7354013074,6.86432712072,0,0,30.8520278931,
G1_D060_DENS_MED_V_LOW_S007,G1_D060_DENS_MED_V_LOW,7,7.72200250626,16.9020028229,9.94395863451,0,0,30.888010025,
G1_D060_DENS_MED_V_LOW_S007,G1_D060_DENS_MED_V_LOW,7,7.73101139069,16.3889699032,11.272574952,0,0,30.9240455627,
G1_D060_DENS_MED_V_LOW_S007,G1_D060_DENS_MED_V_LOW,7,7.74000310898,13.5953956842,6.89076584626,0,0,30.9600124359,
G1_D060_DENS_MED_V_LOW_S007,G1_D060_DENS_MED_V_LOW,7,7.74900054932,15.935568279,10.352385198,0,0,30.9960021973,
G1_D060_DENS_MED_V_LOW_S007,G1_D060_DENS_MED_V_LOW,7,7.75800800323,18.9114496845,10.1093023916,0,0,31.0320320129,
G1_D060_DENS_MED_V_LOW_S007,G1_D060_DENS_MED_V_LOW,7,7.76700925827,16.8884307884,7.68388535811,0,0,31.0680370331,
G1_D060_DENS_MED_V_LOW_S007,G1_D060_DENS_MED_V_LOW,7,7.77600288391,17.7506202261,8.47298758238,0,0,31.1040115356,
G1_D060_DENS_MED_V_LOW_S007,G1_D060_DENS_MED_V_LOW,7,7.78501176834,15.7160170054,4.20702051126,0,0,31.1400470734,
G1_D060_DENS_MED_V_LOW_S007,G1_D060_DENS_MED_V_LOW,7,7.79400253296,16.4341277006,5.53463630539,0,0,31.1760101318,
G1_D060_DENS_MED_V_LOW_S007,G1_D060_DENS_MED_V_LOW,7,7.80300474167,16.3224791956,7.09344558099,0,0,31.2120189667,
G1_D060_DENS_MED_V_LOW_S007,G1_D060_DENS_MED_V_LOW,7,7.81200742722,15.4232399516,5.5385189822,0,0,31.2480297089,
G1_D060_DENS_MED_V_LOW_S007,G1_D060_DENS_MED_V_LOW,7,7.82100200653,18.1668062576,5.73532694387,0,0,31.2840080261,
G1_D060_DENS_MED_V_LOW_S007,G1_D060_DENS_MED_V_LOW,7,7.83000898361,16.5938283573,7.12193633665,0,0,31.3200359344,
G1_D060_DENS_MED_V_LOW_S007,G1_D060_DENS_MED_V_LOW,7,7.83900785446,16.815450234,7.17461897255,0,0,31.3560314178,
G1_D060_DENS_MED_V_LOW_S007,G1_D060_DENS_MED_V_LOW,7,7.8480014801,14.8936024879,7.80981171118,0,0,31.3920059204,
G1_D060_DENS_MED_V_LOW_S007,G1_D060_DENS_MED_V_LOW,7,7.85700941086,16.6006722271,10.4470469408,0,0,31.4280376434,
G1_D060_DENS_MED_V_LOW_S007,G1_D060_DENS_MED_V_LOW,7,7.86600875854,18.6204030263,7.83553880421,0,0,31.4640350342,
G1_D060_DENS_MED_V_LOW_S007,G1_D060_DENS_MED_V_LOW,7,7.87500429153,14.5094374086,9.06481666671,0,0,31.5000171661,
G1_D060_DENS_MED_V_LOW_S007,G1_D060_DENS_MED_V_LOW,7,7.88401126862,20.3641944528,10.041889761,0,0,31.5360450745,
G1_D060_DENS_MED_V_LOW_S007,G1_D060_DENS_MED_V_LOW,7,7.89300107956,19.6300128385,9.47737767858,0,0,31.5720043182,
G1_D060_DENS_MED_V_LOW_S007,G1_D060_DENS_MED_V_LOW,7,7.90200328827,16.2869370093,8.97237790593,0,0,31.6080131531,
G1_D060_DENS_MED_V_LOW_S007,G1_D060_DENS_MED_V_LOW,7,7.91100120544,17.09170391,1.66042875261,0,0,31.6440048218,
G1_D060_DENS_MED_V_LOW_S007,G1_D060_DENS_MED_V_LOW,7,7.92000341415,15.3143752765,6.35977982722,0,0,31.6800136566,
G1_D060_DENS_MED_V_LOW_S007,G1_D060_DENS_MED_V_LOW,7,7.92900562286,17.2594814728,4.28576013389,0,0,31.7160224915,
G1_D060_DENS_MED_V_LOW_S007,G1_D060_DENS_MED_V_LOW,7,7.93800210953,19.3974853252,4.92445475511,0,0,31.7520084381,
G1_D060_DENS_MED_V_LOW_S007,G1_D060_DENS_MED_V_LOW,7,7.94700574875,17.1598939283,6.84374547242,0,0,31.788022995,
G1_D060_DENS_MED_V_LOW_S007,G1_D060_DENS_MED_V_LOW,7,7.95600748062,17.1351434004,7.30089875114,0,0,31.8240299225,
G1_D060_DENS_MED_V_LOW_S007,G1_D060_DENS_MED_V_LOW,7,7.96500968933,17.5966029344,9.74271061436,0,0,31.8600387573,
G1_D060_DENS_MED_V_LOW_S007,G1_D060_DENS_MED_V_LOW,7,7.97400951385,16.6177430453,10.005242084,0,0,31.8960380554,
G1_D060_DENS_MED_V_LOW_S007,G1_D060_DENS_MED_V_LOW,7,7.98300790787,16.5491161108,8.33588377399,0,0,31.9320316315,
G1_D060_DENS_MED_V_LOW_S007,G1_D060_DENS_MED_V_LOW,7,7.99200582504,17.6626619067,10.7289464132,0,0,31.9680233002,
G1_D060_DENS_MED_V_LOW_S007,G1_D060_DENS_MED_V_LOW,7,8.00100803375,18.09010069,8.66321889044,0,0,32.004032135,
G1_D060_DENS_MED_V_LOW_S007,G1_D060_DENS_MED_V_LOW,7,8.01001167297,16.5401550106,9.81540746736,0,0,32.0400466919,
G1_D060_DENS_MED_V_LOW_S007,G1_D060_DENS_MED_V_LOW,7,8.01900482178,16.2451381135,4.48188798586,0,0,32.0760192871,
G1_D060_DENS_MED_V_LOW_S007,G1_D060_DENS_MED_V_LOW,7,8.02801036835,17.4747136654,5.4258794379,0,0,32.1120414734,
G1_D060_DENS_MED_V_LOW_S007,G1_D060_DENS_MED_V_LOW,7,8.0370016098,13.8656698247,5.72188759024,0,0,32.1480064392,
G1_D060_DENS_MED_V_LOW_S007,G1_D060_DENS_MED_V_LOW,7,8.04600524902,18.4055956613,1.60784073662,0,0,32.1840209961,
G1_D060_DENS_MED_V_LOW_S007,G1_D060_DENS_MED_V_LOW,7,8.05500507355,16.5572897257,5.63182765309,0,0,32.2200202942,
G1_D060_DENS_MED_V_LOW_S007,G1_D060_DENS_MED_V_LOW,7,8.0640039444,17.2499608434,8.20701587309,0,0,32.2560157776,
G1_D060_DENS_MED_V_LOW_S007,G1_D060_DENS_MED_V_LOW,7,8.0730009079,17.1289713109,8.47513087868,0,0,32.2920036316,
G1_D060_DENS_MED_V_LOW_S007,G1_D060_DENS_MED_V_LOW,7,8.08200740814,16.6943070037,9.54861861911,0,0,32.3280296326,
G1_D060_DENS_MED_V_LOW_S007,G1_D060_DENS_MED_V_LOW,7,8.09100055695,16.6573469984,10.2805937906,0,0,32.3640022278,
G1_D060_DENS_MED_V_LOW_S007,G1_D060_DENS_MED_V_LOW,7,8.10000514984,15.8511467361,7.41967768622,0,0,32.4000205994,
G1_D060_DENS_MED_V_LOW_S007,G1_D060_DENS_MED_V_LOW,7,8.10900306702,16.6201055015,8.41376514246,0,0,32.4360122681,
G1_D060_DENS_MED_V_LOW_S007,G1_D060_DENS_MED_V_LOW,7,8.11800670624,18.012697438,9.88842401951,0,0,32.472026825,
G1_D060_DENS_MED_V_LOW_S007,G1_D060_DENS_MED_V_LOW,7,8.12701129913,17.5218919845,9.09061856185,0,0,32.5080451965,
G1_D060_DENS_MED_V_LOW_S007,G1_D060_DENS_MED_V_LOW,7,8.13600254059,15.2002399754,1.90712557572,0,0,32.5440101624,
G1_D060_DENS_MED_V_LOW_S007,G1_D060_DENS_MED_V_LOW,7,8.14500617981,15.5789461922,6.93578192752,0,0,32.5800247192,
G1_D060_DENS_MED_V_LOW_S007,G1_D060_DENS_MED_V_LOW,7,8.15400505066,16.029696961,6.71937113135,0,0,32.6160202026,
G1_D060_DENS_MED_V_LOW_S007,G1_D060_DENS_MED_V_LOW,7,8.16300296783,17.7991714638,7.29356700982,0,0,32.6520118713,
G1_D060_DENS_MED_V_LOW_S007,G1_D060_DENS_MED_V_LOW,7,8.17200756073,16.8421832908,4.17499913709,0,0,32.6880302429,
G1_D060_DENS_MED_V_LOW_S007,G1_D060_DENS_MED_V_LOW,7,8.18100738525,17.3216669149,7.10270064863,0,0,32.724029541,
G1_D060_DENS_MED_V_LOW_S007,G1_D060_DENS_MED_V_LOW,7,8.19000816345,18.3243862299,8.2211735711,0,0,32.7600326538,
G1_D060_DENS_MED_V_LOW_S007,G1_D060_DENS_MED_V_LOW,7,8.19900417328,16.6134947689,6.90514720745,0,0,32.7960166931,
G1_D060_DENS_MED_V_LOW_S007,G1_D060_DENS_MED_V_LOW,7,8.20800495148,14.2844177742,6.88459377814,0,0,32.8320198059,
G1_D060_DENS_MED_V_LOW_S007,G1_D060_DENS_MED_V_LOW,7,8.21700191498,16.9984887802,9.80214421317,0,0,32.8680076599,
G1_D060_DENS_MED_V_LOW_S007,G1_D060_DENS_MED_V_LOW,7,8.22600746155,17.2955192913,10.9781629174,0,0,32.9040298462,
G1_D060_DENS_MED_V_LOW_S007,G1_D060_DENS_MED_V_LOW,7,8.23500061035,16.418074051,7.65942311711,0,0,32.9400024414,
G1_D060_DENS_MED_V_LOW_S007,G1_D060_DENS_MED_V_LOW,7,8.24400520325,20.8840954194,8.6421468483,0,0,32.976020813,
G1_D060_DENS_MED_V_LOW_S007,G1_D060_DENS_MED_V_LOW,7,8.25300598145,15.9438178793,8.37285668799,0,0,33.0120239258,
G1_D060_DENS_MED_V_LOW_S007,G1_D060_DENS_MED_V_LOW,7,8.26200580597,14.3797725847,5.94871048879,0,0,33.0480232239,
G1_D060_DENS_MED_V_LOW_S007,G1_D060_DENS_MED_V_LOW,7,8.27100849152,17.9948184111,6.77864619345,0,0,33.0840339661,
G1_D060_DENS_MED_V_LOW_S007,G1_D060_DENS_MED_V_LOW,7,8.28000259399,15.2702294669,6.10004846902,0,0,33.120010376,
G1_D060_DENS_MED_V_LOW_S007,G1_D060_DENS_MED_V_LOW,7,8.28900718689,17.8629301498,6.16377162887,0,0,33.1560287476,
G1_D060_DENS_MED_V_LOW_S007,G1_D060_DENS_MED_V_LOW,7,8.29800796509,17.1407455992,6.05635742734,0,0,33.1920318604,
G1_D060_DENS_MED_V_LOW_S007,G1_D060_DENS_MED_V_LOW,7,8.30700111389,17.5342862447,7.76444133723,0,0,33.2280044556,
G1_D060_DENS_MED_V_LOW_S007,G1_D060_DENS_MED_V_LOW,7,8.31600570679,17.7199082957,6.37814120769,0,0,33.2640228271,
G1_D060_DENS_MED_V_LOW_S007,G1_D060_DENS_MED_V_LOW,7,8.32500648499,16.6129007009,7.13137813814,0,0,33.3000259399,
G1_D060_DENS_MED_V_LOW_S007,G1_D060_DENS_MED_V_LOW,7,8.33400344849,17.0521690346,9.97826499733,0,0,33.3360137939,
G1_D060_DENS_MED_V_LOW_S007,G1_D060_DENS_MED_V_LOW,7,8.34300136566,7.83260950826,6.88946991571,0,0,33.3720054626,
G1_D060_DENS_MED_V_LOW_S007,G1_D060_DENS_MED_V_LOW,7,8.35200786591,16.8326833848,9.98331183416,0,0,33.4080314636,
G1_D060_DENS_MED_V_LOW_S007,G1_D060_DENS_MED_V_LOW,7,8.36100959778,15.7515678263,6.72261962654,0,0,33.4440383911,
G1_D060_DENS_MED_V_LOW_S007,G1_D060_DENS_MED_V_LOW,7,8.37000274658,15.9234123367,0.837149406191,0,0,33.4800109863,
G1_D060_DENS_MED_V_LOW_S007,G1_D060_DENS_MED_V_LOW,7,8.37900161743,18.9799091057,2.3786954538,0,0,33.5160064697,
G1_D060_DENS_MED_V_LOW_S007,G1_D060_DENS_MED_V_LOW,7,8.38800811768,17.0392066106,7.86539884971,0,0,33.5520324707,
G1_D060_DENS_MED_V_LOW_S007,G1_D060_DENS_MED_V_LOW,7,8.39700603485,20.174780038,2.24256472364,0,0,33.5880241394,
G1_D060_DENS_MED_V_LOW_S007,G1_D060_DENS_MED_V_LOW,7,8.40600204468,15.6498250586,7.07585348959,0,0,33.6240081787,
G1_D060_DENS_MED_V_LOW_S007,G1_D060_DENS_MED_V_LOW,7,8.41500854492,17.920584097,5.0125719739,0,0,33.6600341797,
G1_D060_DENS_MED_V_LOW_S007,G1_D060_DENS_MED_V_LOW,7,8.4240026474,18.0069467223,9.17141878871,0,0,33.6960105896,
G1_D060_DENS_MED_V_LOW_S007,G1_D060_DENS_MED_V_LOW,7,8.43300533295,17.1725662261,7.60834650191,0,0,33.7320213318,
G1_D060_DENS_MED_V_LOW_S007,G1_D060_DENS_MED_V_LOW,7,8.44200706482,17.5622488841,9.07991824229,0,0,33.7680282593,
G1_D060_DENS_MED_V_LOW_S007,G1_D060_DENS_MED_V_LOW,7,8.45100212097,17.9277250008,9.64304829225,0,0,33.8040084839,
G1_D060_DENS_MED_V_LOW_S007,G1_D060_DENS_MED_V_LOW,7,8.46000385284,17.8042037718,11.5846366529,0,0,33.8400154114,
G1_D060_DENS_MED_V_LOW_S007,G1_D060_DENS_MED_V_LOW,7,8.46900749207,19.8083092029,10.1321410297,0,0,33.8760299683,
G1_D060_DENS_MED_V_LOW_S007,G1_D060_DENS_MED_V_LOW,7,8.47800159454,14.6206541782,7.48015026655,0,0,33.9120063782,
G1_D060_DENS_MED_V_LOW_S007,G1_D060_DENS_MED_V_LOW,7,8.48700714111,21.888574488,9.21847044611,0,0,33.9480285645,
G1_D060_DENS_MED_V_LOW_S007,G1_D060_DENS_MED_V_LOW,7,8.49600028992,18.3260475478,1.92489356959,0,0,33.9840011597,
G1_D060_DENS_MED_V_LOW_S007,G1_D060_DENS_MED_V_LOW,7,8.50500106812,15.5426147936,5.99422430296,0,0,34.0200042725,
G1_D060_DENS_MED_V_LOW_S007,G1_D060_DENS_MED_V_LOW,7,8.51400470734,16.9316837691,7.54991278488,0,0,34.0560188293,
G1_D060_DENS_MED_V_LOW_S007,G1_D060_DENS_MED_V_LOW,7,8.52300262451,17.1821576601,7.73304459319,0,0,34.092010498,
G1_D060_DENS_MED_V_LOW_S007,G1_D060_DENS_MED_V_LOW,7,8.53200817108,16.9198248608,5.47601872065,0,0,34.1280326843,
G1_D060_DENS_MED_V_LOW_S007,G1_D060_DENS_MED_V_LOW,7,8.54100799561,18.0973762952,8.75790466471,0,0,34.1640319824,
G1_D060_DENS_MED_V_LOW_S007,G1_D060_DENS_MED_V_LOW,7,8.55000495911,17.7270733766,8.31905374457,0,0,34.2000198364,
G1_D060_DENS_MED_V_LOW_S007,G1_D060_DENS_MED_V_LOW,7,8.5590057373,17.4925581535,2.86327315484,0,0,34.2360229492,
G1_D060_DENS_MED_V_LOW_S007,G1_D060_DENS_MED_V_LOW,7,8.56800556183,17.0947139693,10.7599079161,0,0,34.2720222473,
G1_D060_DENS_MED_V_LOW_S007,G1_D060_DENS_MED_V_LOW,7,8.57700538635,18.0814469854,9.15029998894,0,0,34.3080215454,
G1_D060_DENS_MED_V_LOW_S007,G1_D060_DENS_MED_V_LOW,7,8.58600902557,17.8545872947,9.72858522407,0,0,34.3440361023,
G1_D060_DENS_MED_V_LOW_S007,G1_D060_DENS_MED_V_LOW,7,8.5950088501,17.8010849152,7.65974501146,0,0,34.3800354004,
G1_D060_DENS_MED_V_LOW_S007,G1_D060_DENS_MED_V_LOW,7,8.60400676727,22.9616321367,11.4580492334,0,0,34.4160270691,
G1_D060_DENS_MED_V_LOW_S007,G1_D060_DENS_MED_V_LOW,7,8.61300945282,18.3810316432,6.78902253872,0,0,34.4520378113,
G1_D060_DENS_MED_V_LOW_S007,G1_D060_DENS_MED_V_LOW,7,8.62200260162,20.261802355,7.8059281917,0,0,34.4880104065,
G1_D060_DENS_MED_V_LOW_S007,G1_D060_DENS_MED_V_LOW,7,8.63100719452,17.4900091876,5.78808547466,0,0,34.5240287781,
G1_D060_DENS_MED_V_LOW_S007,G1_D060_DENS_MED_V_LOW,7,8.64001083374,16.6660110646,3.63998172888,0,0,34.560043335,
G1_D060_DENS_MED_V_LOW_S007,G1_D060_DENS_MED_V_LOW,7,8.64900588989,17.665347301,6.94676250107,0,0,34.5960235596,
G1_D060_DENS_MED_V_LOW_S007,G1_D060_DENS_MED_V_LOW,7,8.65800952911,15.6189438879,8.88529409757,0,0,34.6320381165,
G1_D060_DENS_MED_V_LOW_S007,G1_D060_DENS_MED_V_LOW,7,8.66700267792,18.3570599661,9.00299662032,0,0,34.6680107117,
G1_D060_DENS_MED_V_LOW_S007,G1_D060_DENS_MED_V_LOW,7,8.67600059509,15.1062252716,7.77347294841,0,0,34.7040023804,
G1_D060_DENS_MED_V_LOW_S007,G1_D060_DENS_MED_V_LOW,7,8.68500041962,15.0760020657,6.32197397308,0,0,34.7400016785,
G1_D060_DENS_MED_V_LOW_S007,G1_D060_DENS_MED_V_LOW,7,8.69400501251,15.9227837299,9.61014470265,0,0,34.77602005,
G1_D060_DENS_MED_V_LOW_S007,G1_D060_DENS_MED_V_LOW,7,8.70300769806,16.0988747898,9.83496421844,0,0,34.8120307922,
G1_D060_DENS_MED_V_LOW_S007,G1_D060_DENS_MED_V_LOW,7,8.71201133728,15.6656835638,5.54352465812,0,0,34.8480453491,
G1_D060_DENS_MED_V_LOW_S007,G1_D060_DENS_MED_V_LOW,7,8.72100067139,16.6910551726,7.63272222011,0,0,34.8840026855,
G1_D060_DENS_MED_V_LOW_S007,G1_D060_DENS_MED_V_LOW,7,8.73001098633,20.3249272534,1.70028164024,0,0,34.9200439453,
G1_D060_DENS_MED_V_LOW_S007,G1_D060_DENS_MED_V_LOW,7,8.7390089035,17.8059997911,3.52205488594,0,0,34.956035614,
G1_D060_DENS_MED_V_LOW_S007,G1_D060_DENS_MED_V_LOW,7,8.74800491333,17.3266111489,6.87581984142,0,0,34.9920196533,
G1_D060_DENS_MED_V_LOW_S007,G1_D060_DENS_MED_V_LOW,7,8.75700950623,18.0352737463,4.8671371561,0,0,35.0280380249,
G1_D060_DENS_MED_V_LOW_S007,G1_D060_DENS_MED_V_LOW,7,8.76600933075,10.3765646725,7.00828965256,0,0,35.064037323,
G1_D060_DENS_MED_V_LOW_S007,G1_D060_DENS_MED_V_LOW,7,8.77500724792,18.1845091365,6.57152925655,0,0,35.1000289917,
G1_D060_DENS_MED_V_LOW_S007,G1_D060_DENS_MED_V_LOW,7,8.7840089798,18.9746643839,9.76918428593,0,0,35.1360359192,
G1_D060_DENS_MED_V_LOW_S007,G1_D060_DENS_MED_V_LOW,7,8.7930021286,15.860919499,3.30472753011,0,0,35.1720085144,
G1_D060_DENS_MED_V_LOW_S007,G1_D060_DENS_MED_V_LOW,7,8.80200386047,16.4577712588,5.83876643284,0,0,35.2080154419,
G1_D060_DENS_MED_V_LOW_S007,G1_D060_DENS_MED_V_LOW,7,8.81100082397,17.2376132106,10.3782341076,0,0,35.2440032959,
G1_D060_DENS_MED_V_LOW_S007,G1_D060_DENS_MED_V_LOW,7,8.82000923157,18.23673876,11.0383138961,0,0,35.2800369263,
G1_D060_DENS_MED_V_LOW_S007,G1_D060_DENS_MED_V_LOW,7,8.8290014267,17.491832838,8.83888447935,0,0,35.3160057068,
G1_D060_DENS_MED_V_LOW_S007,G1_D060_DENS_MED_V_LOW,7,8.8380022049,18.1164866316,4.50300126179,0,0,35.3520088196,
G1_D060_DENS_MED_V_LOW_S007,G1_D060_DENS_MED_V_LOW,7,8.84700679779,16.069121312,8.41075188541,0,0,35.3880271912,
G1_D060_DENS_MED_V_LOW_S007,G1_D060_DENS_MED_V_LOW,7,8.85600948334,20.5320929015,7.63298656395,0,0,35.4240379333,
G1_D060_DENS_MED_V_LOW_S007,G1_D060_DENS_MED_V_LOW,7,8.86500358582,16.2026242638,5.55877338201,0,0,35.4600143433,
G1_D060_DENS_MED_V_LOW_S007,G1_D060_DENS_MED_V_LOW,7,8.87400150299,14.8123844218,5.77898206002,0,0,35.496006012,
G1_D060_DENS_MED_V_LOW_S007,G1_D060_DENS_MED_V_LOW,7,8.88300037384,19.9415237554,7.36528729678,0,0,35.5320014954,
G1_D060_DENS_MED_V_LOW_S007,G1_D060_DENS_MED_V_LOW,7,8.89200496674,19.6014285002,6.86230102962,0,0,35.5680198669,
G1_D060_DENS_MED_V_LOW_S007,G1_D060_DENS_MED_V_LOW,7,8.90100479126,20.1237610006,8.76191963864,0,0,35.604019165,
G1_D060_DENS_MED_V_LOW_S007,G1_D060_DENS_MED_V_LOW,7,8.91000270844,19.3861755843,10.2947959624,0,0,35.6400108337,
G1_D060_DENS_MED_V_LOW_S007,G1_D060_DENS_MED_V_LOW,7,8.91900444031,17.1524041823,7.76777828929,0,0,35.6760177612,
G1_D060_DENS_MED_V_LOW_S007,G1_D060_DENS_MED_V_LOW,7,8.92800140381,17.6949919814,11.4020501625,0,0,35.7120056152,
G1_D060_DENS_MED_V_LOW_S007,G1_D060_DENS_MED_V_LOW,7,8.93700885773,16.4693590374,8.16216621823,0,0,35.7480354309,
G1_D060_DENS_MED_V_LOW_S007,G1_D060_DENS_MED_V_LOW,7,8.94600391388,16.6162768719,10.9738593855,0,0,35.7840156555,
G1_D060_DENS_MED_V_LOW_S007,G1_D060_DENS_MED_V_LOW,7,8.9550075531,16.8316869394,3.13389837712,0,0,35.8200302124,
G1_D060_DENS_MED_V_LOW_S007,G1_D060_DENS_MED_V_LOW,7,8.96400356293,19.0050447415,6.18606850242,0,0,35.8560142517,
G1_D060_DENS_MED_V_LOW_S007,G1_D060_DENS_MED_V_LOW,7,8.9730091095,18.7022479722,8.14283234744,0,0,35.892036438,
G1_D060_DENS_MED_V_LOW_S007,G1_D060_DENS_MED_V_LOW,7,8.9820022583,19.3041234054,8.98242138783,0,0,35.9280090332,
G1_D060_DENS_MED_V_LOW_S007,G1_D060_DENS_MED_V_LOW,7,8.99100399017,19.6652545369,7.63718018418,0,0,35.9640159607,
G1_D060_DENS_MED_V_LOW_S007,G1_D060_DENS_MED_V_LOW,7,9,17.8171247493,2.0288474861,0,0,36,
