run_id,scenario_id,S,z_m,qb_MPa,qs_kPa,ALLKE,ALLIE,time_s,walltime_h
G1_D060_DENS_REF_V_LOW_S015,G1_D060_DENS_REF_V_LOW,15,0,0,0,0,0,0,
G1_D060_DENS_REF_V_LOW_S015,G1_D060_DENS_REF_V_LOW,15,0.00900515820831,0,0,0,0,0.0360206328332,
G1_D060_DENS_REF_V_LOW_S015,G1_D060_DENS_REF_V_LOW,15,0.0180107355118,0.291899551558,105.357640327,0,0,0.0720429420471,
G1_D060_DENS_REF_V_LOW_S015,G1_D060_DENS_REF_V_LOW,15,0.0270150303841,0,0,0,0,0.108060121536,
G1_D060_DENS_REF_V_LOW_S015,G1_D060_DENS_REF_V_LOW,15,0.0360019132495,0,0,0,0,0.144007652998,
G1_D060_DENS_REF_V_LOW_S015,G1_D060_DENS_REF_V_LOW,15,0.0450062192976,0.332225420154,29.5536603099,0,0,0.180024877191,
G1_D060_DENS_REF_V_LOW_S015,G1_D060_DENS_REF_V_LOW,15,0.0540105178952,0.393466387088,40.788124208,0,0,0.216042071581,
G1_D060_DENS_REF_V_LOW_S015,G1_D060_DENS_REF_V_LOW,15,0.0630148127675,0,0,0,0,0.25205925107,
G1_D060_DENS_REF_V_LOW_S015,G1_D060_DENS_REF_V_LOW,15,0.0720016956329,0.214089132588,16.7331143994,0,0,0.288006782532,
G1_D060_DENS_REF_V_LOW_S015,G1_D060_DENS_REF_V_LOW,15,0.0810060054064,0.522598611377,15.3622488188,0,0,0.324024021626,
G1_D060_DENS_REF_V_LOW_S015,G1_D060_DENS_REF_V_LOW,15,0.0900103002787,0.190502010278,3.6295164016,0,0,0.360041201115,
G1_D060_DENS_REF_V_LOW_S015,G1_D060_DENS_REF_V_LOW,15,0.0990146026015,0.0655401881893,4.72276816613e-06,0,0,0.396058410406,
G1_D060_DENS_REF_V_LOW_S015,G1_D060_DENS_REF_V_LOW,15,0.108001478016,0.420602603862,12.5642292275,0,0,0.432005912066,
G1_D060_DENS_REF_V_LOW_S015,G1_D060_DENS_REF_V_LOW,15,0.117005772889,0.595194921276,16.9763326805,0,0,0.468023091555,
G1_D060_DENS_REF_V_LOW_S015,G1_D060_DENS_REF_V_LOW,15,0.12601006031,0.188745629663,3.22224083164,0,0,0.504040241241,
G1_D060_DENS_REF_V_LOW_S015,G1_D060_DENS_REF_V_LOW,15,0.135014355183,0.251077322154,4.48914043896,0,0,0.540057420731,
G1_D060_DENS_REF_V_LOW_S015,G1_D060_DENS_REF_V_LOW,15,0.144001230597,0.790166310528,10.9647763051,0,0,0.57600492239,
G1_D060_DENS_REF_V_LOW_S015,G1_D060_DENS_REF_V_LOW,15,0.15300552547,0.609170682336,8.89816434264,0,0,0.612022101879,
G1_D060_DENS_REF_V_LOW_S015,G1_D060_DENS_REF_V_LOW,15,0.162009820342,0.365798110383,1.79574252231,0,0,0.648039281368,
G1_D060_DENS_REF_V_LOW_S015,G1_D060_DENS_REF_V_LOW,15,0.171014115214,0.520364812344,6.53248715778,0,0,0.684056460857,
G1_D060_DENS_REF_V_LOW_S015,G1_D060_DENS_REF_V_LOW,15,0.18000100553,0.835505112985,9.80090130732,0,0,0.720004022121,
G1_D060_DENS_REF_V_LOW_S015,G1_D060_DENS_REF_V_LOW,15,0.189005300403,0.691486004011,6.89673900339,0,0,0.756021201611,
G1_D060_DENS_REF_V_LOW_S015,G1_D060_DENS_REF_V_LOW,15,0.198009595275,0.55928899795,3.89287128931,0,0,0.7920383811,
G1_D060_DENS_REF_V_LOW_S015,G1_D060_DENS_REF_V_LOW,15,0.207013890147,0.81325006982,9.088029237,0,0,0.828055560589,
G1_D060_DENS_REF_V_LOW_S015,G1_D060_DENS_REF_V_LOW,15,0.216000765562,1.10574228617,10.3261764656,0,0,0.864003062248,
G1_D060_DENS_REF_V_LOW_S015,G1_D060_DENS_REF_V_LOW,15,0.225005060434,0.775820282383,5.48840464569,0,0,0.900020241737,
G1_D060_DENS_REF_V_LOW_S015,G1_D060_DENS_REF_V_LOW,15,0.234009370208,0.649489265396,5.39767057513,0,0,0.936037480831,
G1_D060_DENS_REF_V_LOW_S015,G1_D060_DENS_REF_V_LOW,15,0.24301366508,0.951505996717,8.22912868849,0,0,0.97205466032,
G1_D060_DENS_REF_V_LOW_S015,G1_D060_DENS_REF_V_LOW,15,0.252000540495,0.976773635635,9.32964697165,0,0,1.00800216198,
G1_D060_DENS_REF_V_LOW_S015,G1_D060_DENS_REF_V_LOW,15,0.261004835367,0.90828831035,7.64345796258,0,0,1.04401934147,
G1_D060_DENS_REF_V_LOW_S015,G1_D060_DENS_REF_V_LOW,15,0.270009130239,0.9570767867,8.66215586663,0,0,1.08003652096,
G1_D060_DENS_REF_V_LOW_S015,G1_D060_DENS_REF_V_LOW,15,0.279013454914,1.17289732671,9.35228305547,0,0,1.11605381966,
G1_D060_DENS_REF_V_LOW_S015,G1_D060_DENS_REF_V_LOW,15,0.28800034523,0.917103915773,6.21981700211,0,0,1.15200138092,
G1_D060_DENS_REF_V_LOW_S015,G1_D060_DENS_REF_V_LOW,15,0.297004640102,0.846111017236,5.93690630113,0,0,1.18801856041,
G1_D060_DENS_REF_V_LOW_S015,G1_D060_DENS_REF_V_LOW,15,0.306008934975,1.14670253599,10.0614321481,0,0,1.2240357399,
G1_D060_DENS_REF_V_LOW_S015,G1_D060_DENS_REF_V_LOW,15,0.315013229847,1.17066773709,9.01409222982,0,0,1.26005291939,
G1_D060_DENS_REF_V_LOW_S015,G1_D060_DENS_REF_V_LOW,15,0.324000120163,0.968587932181,6.37264533241,0,0,1.29600048065,
G1_D060_DENS_REF_V_LOW_S015,G1_D060_DENS_REF_V_LOW,15,0.333004415035,0.989784414077,7.480310936,0,0,1.33201766014,
G1_D060_DENS_REF_V_LOW_S015,G1_D060_DENS_REF_V_LOW,15,0.342008709908,1.09875130254,7.84472072085,0,0,1.36803483963,
G1_D060_DENS_REF_V_LOW_S015,G1_D060_DENS_REF_V_LOW,15,0.351013034582,1.16075779033,11.2981259208,0,0,1.40405213833,
G1_D060_DENS_REF_V_LOW_S015,G1_D060_DENS_REF_V_LOW,15,0.360017329454,1.05879775177,7.96990814439,0,0,1.44006931782,
G1_D060_DENS_REF_V_LOW_S015,G1_D060_DENS_REF_V_LOW,15,0.36900421977,1.24124676327,9.16241197807,0,0,1.47601687908,
G1_D060_DENS_REF_V_LOW_S015,G1_D060_DENS_REF_V_LOW,15,0.378008514643,1.23068694677,9.45664632991,0,0,1.51203405857,
G1_D060_DENS_REF_V_LOW_S015,G1_D060_DENS_REF_V_LOW,15,0.387012809515,1.11802893639,8.31905650857,0,0,1.54805123806,
G1_D060_DENS_REF_V_LOW_S015,G1_D060_DENS_REF_V_LOW,15,0.396017104387,1.16772168256,8.20064728306,0,0,1.58406841755,
G1_D060_DENS_REF_V_LOW_S015,G1_D060_DENS_REF_V_LOW,15,0.405003994703,1.1539727445,7.95827053961,0,0,1.62001597881,
G1_D060_DENS_REF_V_LOW_S015,G1_D060_DENS_REF_V_LOW,15,0.414008289576,1.29412755168,9.04665982736,0,0,1.6560331583,
G1_D060_DENS_REF_V_LOW_S015,G1_D060_DENS_REF_V_LOW,15,0.42301261425,1.26344325232,8.64968356015,0,0,1.692050457,
G1_D060_DENS_REF_V_LOW_S015,G1_D060_DENS_REF_V_LOW,15,0.432016909122,1.14608580195,8.84516159532,0,0,1.72806763649,
G1_D060_DENS_REF_V_LOW_S015,G1_D060_DENS_REF_V_LOW,15,0.441003799438,1.3436431784,8.99042649203,0,0,1.76401519775,
G1_D060_DENS_REF_V_LOW_S015,G1_D060_DENS_REF_V_LOW,15,0.450008094311,1.31485301024,9.54627407036,0,0,1.80003237724,
G1_D060_DENS_REF_V_LOW_S015,G1_D060_DENS_REF_V_LOW,15,0.459012389183,1.33006369648,9.96922449362,0,0,1.83604955673,
G1_D060_DENS_REF_V_LOW_S015,G1_D060_DENS_REF_V_LOW,15,0.468016684055,1.30505499088,10.1523921132,0,0,1.87206673622,
G1_D060_DENS_REF_V_LOW_S015,G1_D060_DENS_REF_V_LOW,15,0.477003574371,1.491477911,9.04415381396,0,0,1.90801429749,
G1_D060_DENS_REF_V_LOW_S015,G1_D060_DENS_REF_V_LOW,15,0.486007869244,1.26183903145,6.87064056306,0,0,1.94403147697,
G1_D060_DENS_REF_V_LOW_S015,G1_D060_DENS_REF_V_LOW,15,0.495012193918,1.56565555978,9.00838927168,0,0,1.98004877567,
G1_D060_DENS_REF_V_LOW_S015,G1_D060_DENS_REF_V_LOW,15,0.504016458988,1.36230386234,8.09413573842,0,0,2.01606583595,
G1_D060_DENS_REF_V_LOW_S015,G1_D060_DENS_REF_V_LOW,15,0.513003349304,1.3886384274,9.27755535585,0,0,2.05201339722,
G1_D060_DENS_REF_V_LOW_S015,G1_D060_DENS_REF_V_LOW,15,0.522007703781,1.39681009945,7.1925996477,0,0,2.08803081512,
G1_D060_DENS_REF_V_LOW_S015,G1_D060_DENS_REF_V_LOW,15,0.531011998653,1.52145146593,7.50949300921,0,0,2.12404799461,
G1_D060_DENS_REF_V_LOW_S015,G1_D060_DENS_REF_V_LOW,15,0.540016293526,1.53513542782,8.70363951252,0,0,2.1600651741,
G1_D060_DENS_REF_V_LOW_S015,G1_D060_DENS_REF_V_LOW,15,0.549003183842,1.45919208912,7.42361458734,0,0,2.19601273537,
G1_D060_DENS_REF_V_LOW_S015,G1_D060_DENS_REF_V_LOW,15,0.558007478714,1.72969699223,8.66945933053,0,0,2.23202991486,
G1_D060_DENS_REF_V_LOW_S015,G1_D060_DENS_REF_V_LOW,15,0.567011773586,1.56208715865,9.3933044654,0,0,2.26804709435,
G1_D060_DENS_REF_V_LOW_S015,G1_D060_DENS_REF_V_LOW,15,0.576016068459,1.3349300022,8.47790181394,0,0,2.30406427383,
G1_D060_DENS_REF_V_LOW_S015,G1_D060_DENS_REF_V_LOW,15,0.585002958775,1.67593211762,9.05152674328,0,0,2.3400118351,
G1_D060_DENS_REF_V_LOW_S015,G1_D060_DENS_REF_V_LOW,15,0.594007253647,1.61887472082,8.92464257245,0,0,2.37602901459,
G1_D060_DENS_REF_V_LOW_S015,G1_D060_DENS_REF_V_LOW,15,0.603011548519,1.70218346568,9.644518133,0,0,2.41204619408,
G1_D060_DENS_REF_V_LOW_S015,G1_D060_DENS_REF_V_LOW,15,0.612015843391,1.73660335571,9.44273595127,0,0,2.44806337357,
G1_D060_DENS_REF_V_LOW_S015,G1_D060_DENS_REF_V_LOW,15,0.621002733707,1.63832828685,8.47668653837,0,0,2.48401093483,
G1_D060_DENS_REF_V_LOW_S015,G1_D060_DENS_REF_V_LOW,15,0.63000702858,1.63550808319,7.66924113491,0,0,2.52002811432,
G1_D060_DENS_REF_V_LOW_S015,G1_D060_DENS_REF_V_LOW,15,0.639011323452,1.75084382455,8.75849490331,0,0,2.55604529381,
G1_D060_DENS_REF_V_LOW_S015,G1_D060_DENS_REF_V_LOW,15,0.648015618324,1.83238288595,8.41016728204,0,0,2.5920624733,
G1_D060_DENS_REF_V_LOW_S015,G1_D060_DENS_REF_V_LOW,15,0.65700250864,1.77960549817,9.87127097028,0,0,2.62801003456,
G1_D060_DENS_REF_V_LOW_S015,G1_D060_DENS_REF_V_LOW,15,0.666006803513,1.98552397059,9.31051322606,0,0,2.66402721405,
G1_D060_DENS_REF_V_LOW_S015,G1_D060_DENS_REF_V_LOW,15,0.675011098385,1.84184933251,8.75578603117,0,0,2.70004439354,
G1_D060_DENS_REF_V_LOW_S015,G1_D060_DENS_REF_V_LOW,15,0.684015393257,1.96857468583,11.0608659424,0,0,2.73606157303,
G1_D060_DENS_REF_V_LOW_S015,G1_D060_DENS_REF_V_LOW,15,0.693002283573,1.68682102444,8.55208851107,0,0,2.77200913429,
G1_D060_DENS_REF_V_LOW_S015,G1_D060_DENS_REF_V_LOW,15,0.702006578445,1.96128569683,9.43983476688,0,0,2.80802631378,
G1_D060_DENS_REF_V_LOW_S015,G1_D060_DENS_REF_V_LOW,15,0.711010873318,1.8147376437,11.8018484387,0,0,2.84404349327,
G1_D060_DENS_REF_V_LOW_S015,G1_D060_DENS_REF_V_LOW,15,0.72001516819,2.02951349194,9.63700627735,0,0,2.88006067276,
G1_D060_DENS_REF_V_LOW_S015,G1_D060_DENS_REF_V_LOW,15,0.729002058506,1.9321774476,9.92203090703,0,0,2.91600823402,
G1_D060_DENS_REF_V_LOW_S015,G1_D060_DENS_REF_V_LOW,15,0.738006353378,1.76845722631,8.5122242746,0,0,2.95202541351,
G1_D060_DENS_REF_V_LOW_S015,G1_D060_DENS_REF_V_LOW,15,0.747010648251,1.88902916271,9.10451881588,0,0,2.988042593,
G1_D060_DENS_REF_V_LOW_S015,G1_D060_DENS_REF_V_LOW,15,0.756014943123,1.89272654479,8.17560829878,0,0,3.02405977249,
G1_D060_DENS_REF_V_LOW_S015,G1_D060_DENS_REF_V_LOW,15,0.765001833439,2.01398288976,9.45440091587,0,0,3.06000733376,
G1_D060_DENS_REF_V_LOW_S015,G1_D060_DENS_REF_V_LOW,15,0.774006128311,1.83602889152,8.57600625704,0,0,3.09602451324,
G1_D060_DENS_REF_V_LOW_S015,G1_D060_DENS_REF_V_LOW,15,0.783010423183,1.98528306223,10.0525981126,0,0,3.13204169273,
G1_D060_DENS_REF_V_LOW_S015,G1_D060_DENS_REF_V_LOW,15,0.792014718056,2.04374305946,9.2730436604,0,0,3.16805887222,
G1_D060_DENS_REF_V_LOW_S015,G1_D060_DENS_REF_V_LOW,15,0.801001608372,2.05928553437,9.62104066702,0,0,3.20400643349,
G1_D060_DENS_REF_V_LOW_S015,G1_D060_DENS_REF_V_LOW,15,0.810005903244,2.2732371997,9.85986367952,0,0,3.24002361298,
G1_D060_DENS_REF_V_LOW_S015,G1_D060_DENS_REF_V_LOW,15,0.819010198116,2.13966905594,10.0540831478,0,0,3.27604079247,
G1_D060_DENS_REF_V_LOW_S015,G1_D060_DENS_REF_V_LOW,15,0.828014492989,2.15936460966,10.0074598003,0,0,3.31205797195,
G1_D060_DENS_REF_V_LOW_S015,G1_D060_DENS_REF_V_LOW,15,0.837001383305,1.89536401644,8.80836229507,0,0,3.34800553322,
G1_D060_DENS_REF_V_LOW_S015,G1_D060_DENS_REF_V_LOW,15,0.846005678177,1.88522902759,8.97887017749,0,0,3.38402271271,
G1_D060_DENS_REF_V_LOW_S015,G1_D060_DENS_REF_V_LOW,15,0.855009973049,2.2780020476,9.94437788625,0,0,3.4200398922,
G1_D060_DENS_REF_V_LOW_S015,G1_D060_DENS_REF_V_LOW,15,0.864014267921,2.18832477365,9.80861096965,0,0,3.45605707169,
G1_D060_DENS_REF_V_LOW_S015,G1_D060_DENS_REF_V_LOW,15,0.873001158237,2.18559080913,9.97081926304,0,0,3.49200463295,
G1_D060_DENS_REF_V_LOW_S015,G1_D060_DENS_REF_V_LOW,15,0.88200545311,2.31482670389,9.30462651913,0,0,3.52802181244,
G1_D060_DENS_REF_V_LOW_S015,G1_D060_DENS_REF_V_LOW,15,0.891009747982,2.14100786745,8.94956167407,0,0,3.56403899193,
G1_D060_DENS_REF_V_LOW_S015,G1_D060_DENS_REF_V_LOW,15,0.900014042854,2.43408346628,9.88676998298,0,0,3.60005617142,
G1_D060_DENS_REF_V_LOW_S015,G1_D060_DENS_REF_V_LOW,15,0.90900093317,2.45464853513,9.00905061939,0,0,3.63600373268,
G1_D060_DENS_REF_V_LOW_S015,G1_D060_DENS_REF_V_LOW,15,0.918005228043,2.28423479591,10.3670735694,0,0,3.67202091217,
G1_D060_DENS_REF_V_LOW_S015,G1_D060_DENS_REF_V_LOW,15,0.927009522915,2.15963034281,9.47564358011,0,0,3.70803809166,
G1_D060_DENS_REF_V_LOW_S015,G1_D060_DENS_REF_V_LOW,15,0.936013817787,2.48275969142,10.2191829312,0,0,3.74405527115,
G1_D060_DENS_REF_V_LOW_S015,G1_D060_DENS_REF_V_LOW,15,0.945000648499,2.28666892018,9.40050644403,0,0,3.78000259399,
G1_D060_DENS_REF_V_LOW_S015,G1_D060_DENS_REF_V_LOW,15,0.954004943371,2.58766470518,10.8667412498,0,0,3.81601977348,
G1_D060_DENS_REF_V_LOW_S015,G1_D060_DENS_REF_V_LOW,15,0.963009238243,2.65797648713,11.4240131683,0,0,3.85203695297,
G1_D060_DENS_REF_V_LOW_S015,G1_D060_DENS_REF_V_LOW,15,0.972013533115,2.4958531472,10.0445178994,0,0,3.88805413246,
G1_D060_DENS_REF_V_LOW_S015,G1_D060_DENS_REF_V_LOW,15,0.981000423431,2.54574168538,9.40960100723,0,0,3.92400169373,
G1_D060_DENS_REF_V_LOW_S015,G1_D060_DENS_REF_V_LOW,15,0.990004718304,2.43560403841,9.17953834019,0,0,3.96001887321,
G1_D060_DENS_REF_V_LOW_S015,G1_D060_DENS_REF_V_LOW,15,0.999009013176,2.3611855892,8.70069267692,0,0,3.9960360527,
G1_D060_DENS_REF_V_LOW_S015,G1_D060_DENS_REF_V_LOW,15,1.00801336765,2.39007171055,9.03490942803,0,0,4.03205347061,
G1_D060_DENS_REF_V_LOW_S015,G1_D060_DENS_REF_V_LOW,15,1.01700019836,2.64437660571,8.72637772504,0,0,4.06800079346,
G1_D060_DENS_REF_V_LOW_S015,G1_D060_DENS_REF_V_LOW,15,1.02600443363,2.29087078509,8.72073660443,0,0,4.10401773453,
G1_D060_DENS_REF_V_LOW_S015,G1_D060_DENS_REF_V_LOW,15,1.03500878811,2.52511012928,9.018047174,0,0,4.14003515244,
G1_D060_DENS_REF_V_LOW_S015,G1_D060_DENS_REF_V_LOW,15,1.04401302338,2.48261290138,9.00075985765,0,0,4.17605209351,
G1_D060_DENS_REF_V_LOW_S015,G1_D060_DENS_REF_V_LOW,15,1.05301737785,2.28142959506,8.78285899551,0,0,4.21206951141,
G1_D060_DENS_REF_V_LOW_S015,G1_D060_DENS_REF_V_LOW,15,1.06200420856,2.47888508195,8.87238200099,0,0,4.24801683426,
G1_D060_DENS_REF_V_LOW_S015,G1_D060_DENS_REF_V_LOW,15,1.07100856304,2.62107541367,8.967720796,0,0,4.28403425217,
G1_D060_DENS_REF_V_LOW_S015,G1_D060_DENS_REF_V_LOW,15,1.08001279831,2.72362056165,12.1459421173,0,0,4.32005119324,
G1_D060_DENS_REF_V_LOW_S015,G1_D060_DENS_REF_V_LOW,15,1.08901715279,2.69519639719,9.99040213063,0,0,4.35606861115,
G1_D060_DENS_REF_V_LOW_S015,G1_D060_DENS_REF_V_LOW,15,1.0980039835,2.79890334517,9.68043350702,0,0,4.39201593399,
G1_D060_DENS_REF_V_LOW_S015,G1_D060_DENS_REF_V_LOW,15,1.10700833797,2.59882420216,9.01687045103,0,0,4.4280333519,
G1_D060_DENS_REF_V_LOW_S015,G1_D060_DENS_REF_V_LOW,15,1.11601257324,2.58077377623,8.46269763206,0,0,4.46405029297,
G1_D060_DENS_REF_V_LOW_S015,G1_D060_DENS_REF_V_LOW,15,1.12501692772,2.76039168275,8.68734552833,0,0,4.50006771088,
G1_D060_DENS_REF_V_LOW_S015,G1_D060_DENS_REF_V_LOW,15,1.13400375843,2.64683792931,7.82920721499,0,0,4.53601503372,
G1_D060_DENS_REF_V_LOW_S015,G1_D060_DENS_REF_V_LOW,15,1.1430079937,2.88709221128,8.98011437286,0,0,4.57203197479,
G1_D060_DENS_REF_V_LOW_S015,G1_D060_DENS_REF_V_LOW,15,1.15201234818,2.85829459569,9.16224306663,0,0,4.6080493927,
G1_D060_DENS_REF_V_LOW_S015,G1_D060_DENS_REF_V_LOW,15,1.16101658344,3.05103099863,10.9474094966,0,0,4.64406633377,
G1_D060_DENS_REF_V_LOW_S015,G1_D060_DENS_REF_V_LOW,15,1.17000353336,2.97439040724,10.367246241,0,0,4.68001413345,
G1_D060_DENS_REF_V_LOW_S015,G1_D060_DENS_REF_V_LOW,15,1.17900776863,2.78011508341,9.3667223455,0,0,4.71603107452,
G1_D060_DENS_REF_V_LOW_S015,G1_D060_DENS_REF_V_LOW,15,1.18801212311,2.4815385278,9.28781433246,0,0,4.75204849243,
G1_D060_DENS_REF_V_LOW_S015,G1_D060_DENS_REF_V_LOW,15,1.19701635838,2.62663832449,8.6461637646,0,0,4.7880654335,
G1_D060_DENS_REF_V_LOW_S015,G1_D060_DENS_REF_V_LOW,15,1.2060033083,2.87353161779,9.74118395415,0,0,4.82401323318,
G1_D060_DENS_REF_V_LOW_S015,G1_D060_DENS_REF_V_LOW,15,1.21500754356,2.94333092981,9.81656217509,0,0,4.86003017426,
G1_D060_DENS_REF_V_LOW_S015,G1_D060_DENS_REF_V_LOW,15,1.22401189804,2.99375481991,10.4065848772,0,0,4.89604759216,
G1_D060_DENS_REF_V_LOW_S015,G1_D060_DENS_REF_V_LOW,15,1.23301613331,3.06830689123,9.57246601316,0,0,4.93206453323,
G1_D060_DENS_REF_V_LOW_S015,G1_D060_DENS_REF_V_LOW,15,1.24200296402,2.87251423329,8.89780433271,0,0,4.96801185608,
G1_D060_DENS_REF_V_LOW_S015,G1_D060_DENS_REF_V_LOW,15,1.2510073185,3.13663830284,9.49775471079,0,0,5.00402927399,
G1_D060_DENS_REF_V_LOW_S015,G1_D060_DENS_REF_V_LOW,15,1.26001155376,2.78030418352,9.12858498318,0,0,5.04004621506,
G1_D060_DENS_REF_V_LOW_S015,G1_D060_DENS_REF_V_LOW,15,1.26901590824,3.02889052725,9.77353829598,0,0,5.07606363297,
G1_D060_DENS_REF_V_LOW_S015,G1_D060_DENS_REF_V_LOW,15,1.27800273895,3.14787184245,9.49915559058,0,0,5.11201095581,
G1_D060_DENS_REF_V_LOW_S015,G1_D060_DENS_REF_V_LOW,15,1.28700709343,3.400970253,10.3080201024,0,0,5.14802837372,
G1_D060_DENS_REF_V_LOW_S015,G1_D060_DENS_REF_V_LOW,15,1.2960113287,3.29686416563,10.5609291915,0,0,5.18404531479,
G1_D060_DENS_REF_V_LOW_S015,G1_D060_DENS_REF_V_LOW,15,1.30501568317,3.41495545827,9.5972163726,0,0,5.2200627327,
G1_D060_DENS_REF_V_LOW_S015,G1_D060_DENS_REF_V_LOW,15,1.31400251389,2.87858464908,8.78748918405,0,0,5.25601005554,
G1_D060_DENS_REF_V_LOW_S015,G1_D060_DENS_REF_V_LOW,15,1.32300674915,3.29594046771,9.40245381253,0,0,5.29202699661,
G1_D060_DENS_REF_V_LOW_S015,G1_D060_DENS_REF_V_LOW,15,1.33201110363,3.50493062966,10.3648977283,0,0,5.32804441452,
G1_D060_DENS_REF_V_LOW_S015,G1_D060_DENS_REF_V_LOW,15,1.3410153389,3.23651985918,9.60577445626,0,0,5.36406135559,
G1_D060_DENS_REF_V_LOW_S015,G1_D060_DENS_REF_V_LOW,15,1.35000228882,3.36705743621,9.35334975247,0,0,5.40000915527,
G1_D060_DENS_REF_V_LOW_S015,G1_D060_DENS_REF_V_LOW,15,1.35900652409,3.50811446248,8.91155798018,0,0,5.43602609634,
G1_D060_DENS_REF_V_LOW_S015,G1_D060_DENS_REF_V_LOW,15,1.36801087856,3.49752053888,9.7704598323,0,0,5.47204351425,
G1_D060_DENS_REF_V_LOW_S015,G1_D060_DENS_REF_V_LOW,15,1.37701511383,3.24904256074,9.1311427345,0,0,5.50806045532,
G1_D060_DENS_REF_V_LOW_S015,G1_D060_DENS_REF_V_LOW,15,1.38600194454,3.22114532935,8.63758360064,0,0,5.54400777817,
G1_D060_DENS_REF_V_LOW_S015,G1_D060_DENS_REF_V_LOW,15,1.39500629902,3.33177126907,8.34735183465,0,0,5.58002519608,
G1_D060_DENS_REF_V_LOW_S015,G1_D060_DENS_REF_V_LOW,15,1.40401053429,3.55518355254,9.08224419412,0,0,5.61604213715,
G1_D060_DENS_REF_V_LOW_S015,G1_D060_DENS_REF_V_LOW,15,1.41301488876,3.58678593725,9.30581313877,0,0,5.65205955505,
G1_D060_DENS_REF_V_LOW_S015,G1_D060_DENS_REF_V_LOW,15,1.42200171947,3.56109422623,9.15392038976,0,0,5.6880068779,
G1_D060_DENS_REF_V_LOW_S015,G1_D060_DENS_REF_V_LOW,15,1.43100607395,3.53112034749,10.0953348963,0,0,5.72402429581,
G1_D060_DENS_REF_V_LOW_S015,G1_D060_DENS_REF_V_LOW,15,1.44001030922,3.92690256334,17.4778862613,0,0,5.76004123688,
G1_D060_DENS_REF_V_LOW_S015,G1_D060_DENS_REF_V_LOW,15,1.4490146637,3.11540339649,9.49462699388,0,0,5.79605865479,
G1_D060_DENS_REF_V_LOW_S015,G1_D060_DENS_REF_V_LOW,15,1.45800149441,3.2020755761,8.77578157793,0,0,5.83200597763,
G1_D060_DENS_REF_V_LOW_S015,G1_D060_DENS_REF_V_LOW,15,1.46700572968,3.26825975163,8.6618503602,0,0,5.8680229187,
G1_D060_DENS_REF_V_LOW_S015,G1_D060_DENS_REF_V_LOW,15,1.47601008415,3.56679227022,9.30222836603,0,0,5.90404033661,
G1_D060_DENS_REF_V_LOW_S015,G1_D060_DENS_REF_V_LOW,15,1.48501431942,3.70437447401,8.80433438034,0,0,5.94005727768,
G1_D060_DENS_REF_V_LOW_S015,G1_D060_DENS_REF_V_LOW,15,1.49400126934,3.09804050921,8.08272162115,0,0,5.97600507736,
G1_D060_DENS_REF_V_LOW_S015,G1_D060_DENS_REF_V_LOW,15,1.50300550461,3.40337890487,8.01422825799,0,0,6.01202201843,
G1_D060_DENS_REF_V_LOW_S015,G1_D060_DENS_REF_V_LOW,15,1.51200985909,3.7251003643,8.36792700339,0,0,6.04803943634,
G1_D060_DENS_REF_V_LOW_S015,G1_D060_DENS_REF_V_LOW,15,1.52101409435,3.58000661191,8.75596624665,0,0,6.08405637741,
G1_D060_DENS_REF_V_LOW_S015,G1_D060_DENS_REF_V_LOW,15,1.53000092506,3.80730839972,11.4668803773,0,0,6.12000370026,
G1_D060_DENS_REF_V_LOW_S015,G1_D060_DENS_REF_V_LOW,15,1.53900527954,3.40226999246,9.17659337847,0,0,6.15602111816,
G1_D060_DENS_REF_V_LOW_S015,G1_D060_DENS_REF_V_LOW,15,1.54800951481,4.04155421994,9.05694773941,0,0,6.19203805923,
G1_D060_DENS_REF_V_LOW_S015,G1_D060_DENS_REF_V_LOW,15,1.55701386929,3.56215694295,9.37506608663,0,0,6.22805547714,
G1_D060_DENS_REF_V_LOW_S015,G1_D060_DENS_REF_V_LOW,15,1.5660007,3.81063923844,8.37857551423,0,0,6.26400279999,
G1_D060_DENS_REF_V_LOW_S015,G1_D060_DENS_REF_V_LOW,15,1.57500505447,3.73746958392,9.38638669674,0,0,6.3000202179,
G1_D060_DENS_REF_V_LOW_S015,G1_D060_DENS_REF_V_LOW,15,1.58400928974,4.02162272281,8.79547660956,0,0,6.33603715897,
G1_D060_DENS_REF_V_LOW_S015,G1_D060_DENS_REF_V_LOW,15,1.59301364422,3.98990787101,9.19441952063,0,0,6.37205457687,
G1_D060_DENS_REF_V_LOW_S015,G1_D060_DENS_REF_V_LOW,15,1.60200047493,3.62038812041,7.76194316649,0,0,6.40800189972,
G1_D060_DENS_REF_V_LOW_S015,G1_D060_DENS_REF_V_LOW,15,1.6110047102,3.64744325188,8.04530273351,0,0,6.44401884079,
G1_D060_DENS_REF_V_LOW_S015,G1_D060_DENS_REF_V_LOW,15,1.62000906467,3.84053173505,8.93314287484,0,0,6.4800362587,
G1_D060_DENS_REF_V_LOW_S015,G1_D060_DENS_REF_V_LOW,15,1.62901329994,3.80156588698,8.20305435491,0,0,6.51605319977,
G1_D060_DENS_REF_V_LOW_S015,G1_D060_DENS_REF_V_LOW,15,1.63800024986,3.75216758436,7.22555819953,0,0,6.55200099945,
G1_D060_DENS_REF_V_LOW_S015,G1_D060_DENS_REF_V_LOW,15,1.64700448513,3.89716808189,8.62158258936,0,0,6.58801794052,
G1_D060_DENS_REF_V_LOW_S015,G1_D060_DENS_REF_V_LOW,15,1.65600883961,3.87249785686,7.51490637773,0,0,6.62403535843,
G1_D060_DENS_REF_V_LOW_S015,G1_D060_DENS_REF_V_LOW,15,1.66501307487,4.21056050171,8.54508403881,0,0,6.6600522995,
G1_D060_DENS_REF_V_LOW_S015,G1_D060_DENS_REF_V_LOW,15,1.67401742935,3.69865916059,9.30970146008,0,0,6.69606971741,
G1_D060_DENS_REF_V_LOW_S015,G1_D060_DENS_REF_V_LOW,15,1.68300426006,4.18371864754,8.70359990238,0,0,6.73201704025,
G1_D060_DENS_REF_V_LOW_S015,G1_D060_DENS_REF_V_LOW,15,1.69200849533,3.79326231976,10.4757962402,0,0,6.76803398132,
G1_D060_DENS_REF_V_LOW_S015,G1_D060_DENS_REF_V_LOW,15,1.70101284981,4.03360856137,8.629222609,0,0,6.80405139923,
G1_D060_DENS_REF_V_LOW_S015,G1_D060_DENS_REF_V_LOW,15,1.71001708508,4.16911908277,9.00405507347,0,0,6.8400683403,
G1_D060_DENS_REF_V_LOW_S015,G1_D060_DENS_REF_V_LOW,15,1.719004035,4.13312745997,8.63023139896,0,0,6.87601613998,
G1_D060_DENS_REF_V_LOW_S015,G1_D060_DENS_REF_V_LOW,15,1.72800827026,4.28751733929,10.6371208048,0,0,6.91203308105,
G1_D060_DENS_REF_V_LOW_S015,G1_D060_DENS_REF_V_LOW,15,1.73701262474,4.09761031438,8.1349890496,0,0,6.94805049896,
G1_D060_DENS_REF_V_LOW_S015,G1_D060_DENS_REF_V_LOW,15,1.74601686001,4.08602814843,8.12185885945,0,0,6.98406744003,
G1_D060_DENS_REF_V_LOW_S015,G1_D060_DENS_REF_V_LOW,15,1.75500369072,3.79345098813,8.02332050836,0,0,7.02001476288,
G1_D060_DENS_REF_V_LOW_S015,G1_D060_DENS_REF_V_LOW,15,1.7640080452,3.63436425924,7.71659229825,0,0,7.05603218079,
G1_D060_DENS_REF_V_LOW_S015,G1_D060_DENS_REF_V_LOW,15,1.77301228046,4.41326891339,8.43787430314,0,0,7.09204912186,
G1_D060_DENS_REF_V_LOW_S015,G1_D060_DENS_REF_V_LOW,15,1.78201663494,4.1163640373,8.33588457562,0,0,7.12806653976,
G1_D060_DENS_REF_V_LOW_S015,G1_D060_DENS_REF_V_LOW,15,1.79100346565,3.92802334848,7.82606495831,0,0,7.16401386261,
G1_D060_DENS_REF_V_LOW_S015,G1_D060_DENS_REF_V_LOW,15,1.80000782013,4.1394208671,7.50081932197,0,0,7.20003128052,
G1_D060_DENS_REF_V_LOW_S015,G1_D060_DENS_REF_V_LOW,15,1.8090120554,4.02570996197,7.62354168679,0,0,7.23604822159,
G1_D060_DENS_REF_V_LOW_S015,G1_D060_DENS_REF_V_LOW,15,1.81801629066,4.19828237827,11.9653678745,0,0,7.27206516266,
G1_D060_DENS_REF_V_LOW_S015,G1_D060_DENS_REF_V_LOW,15,1.82700324059,4.31493081115,8.71329102781,0,0,7.30801296234,
G1_D060_DENS_REF_V_LOW_S015,G1_D060_DENS_REF_V_LOW,15,1.83600747585,4.06176289121,8.27660688999,0,0,7.34402990341,
G1_D060_DENS_REF_V_LOW_S015,G1_D060_DENS_REF_V_LOW,15,1.84501183033,4.51208365152,8.51944413985,0,0,7.38004732132,
G1_D060_DENS_REF_V_LOW_S015,G1_D060_DENS_REF_V_LOW,15,1.8540160656,4.44996728707,8.12989097654,0,0,7.41606426239,
G1_D060_DENS_REF_V_LOW_S015,G1_D060_DENS_REF_V_LOW,15,1.86300301552,4.66825184902,8.47029749716,0,0,7.45201206207,
G1_D060_DENS_REF_V_LOW_S015,G1_D060_DENS_REF_V_LOW,15,1.87200725079,4.44858357506,8.81191042695,0,0,7.48802900314,
G1_D060_DENS_REF_V_LOW_S015,G1_D060_DENS_REF_V_LOW,15,1.88101148605,4.3155361042,7.04072854645,0,0,7.52404594421,
G1_D060_DENS_REF_V_LOW_S015,G1_D060_DENS_REF_V_LOW,15,1.89001584053,4.56751761523,7.81845777,0,0,7.56006336212,
G1_D060_DENS_REF_V_LOW_S015,G1_D060_DENS_REF_V_LOW,15,1.89900267124,4.30844355482,7.16991335712,0,0,7.59601068497,
G1_D060_DENS_REF_V_LOW_S015,G1_D060_DENS_REF_V_LOW,15,1.90800702572,4.31174935289,8.7983978382,0,0,7.63202810287,
G1_D060_DENS_REF_V_LOW_S015,G1_D060_DENS_REF_V_LOW,15,1.91701126099,4.70956072518,8.37009554738,0,0,7.66804504395,
G1_D060_DENS_REF_V_LOW_S015,G1_D060_DENS_REF_V_LOW,15,1.92601561546,4.39648476742,7.24314870798,0,0,7.70406246185,
G1_D060_DENS_REF_V_LOW_S015,G1_D060_DENS_REF_V_LOW,15,1.93500244617,4.2864677905,8.67589939143,0,0,7.7400097847,
G1_D060_DENS_REF_V_LOW_S015,G1_D060_DENS_REF_V_LOW,15,1.94400668144,4.30818710398,8.25521610862,0,0,7.77602672577,
G1_D060_DENS_REF_V_LOW_S015,G1_D060_DENS_REF_V_LOW,15,1.95301103592,4.76964491104,9.0166018331,0,0,7.81204414368,
G1_D060_DENS_REF_V_LOW_S015,G1_D060_DENS_REF_V_LOW,15,1.96201527119,4.77793854835,8.003045736,0,0,7.84806108475,
G1_D060_DENS_REF_V_LOW_S015,G1_D060_DENS_REF_V_LOW,15,1.97100222111,4.36862358594,7.84829063117,0,0,7.88400888443,
G1_D060_DENS_REF_V_LOW_S015,G1_D060_DENS_REF_V_LOW,15,1.98000645638,5.15922783808,8.901400573,0,0,7.9200258255,
G1_D060_DENS_REF_V_LOW_S015,G1_D060_DENS_REF_V_LOW,15,1.98901081085,4.94478054049,8.18446526527,0,0,7.95604324341,
G1_D060_DENS_REF_V_LOW_S015,G1_D060_DENS_REF_V_LOW,15,1.99801504612,4.41952001045,8.21646501963,0,0,7.99206018448,
G1_D060_DENS_REF_V_LOW_S015,G1_D060_DENS_REF_V_LOW,15,2.00700187683,5.01164297235,8.37901751181,0,0,8.02800750732,
G1_D060_DENS_REF_V_LOW_S015,G1_D060_DENS_REF_V_LOW,15,2.01600623131,4.53017422885,7.59589926358,0,0,8.06402492523,
G1_D060_DENS_REF_V_LOW_S015,G1_D060_DENS_REF_V_LOW,15,2.02501058578,4.49898004996,8.38036432124,0,0,8.10004234314,
G1_D060_DENS_REF_V_LOW_S015,G1_D060_DENS_REF_V_LOW,15,2.03401470184,4.63333222524,11.6054698894,0,0,8.13605880737,
G1_D060_DENS_REF_V_LOW_S015,G1_D060_DENS_REF_V_LOW,15,2.04300165176,4.69646619007,7.5773753528,0,0,8.17200660706,
G1_D060_DENS_REF_V_LOW_S015,G1_D060_DENS_REF_V_LOW,15,2.05200600624,5.14738015484,9.09482466818,0,0,8.20802402496,
G1_D060_DENS_REF_V_LOW_S015,G1_D060_DENS_REF_V_LOW,15,2.0610101223,4.66088471591,7.80476987106,0,0,8.2440404892,
G1_D060_DENS_REF_V_LOW_S015,G1_D060_DENS_REF_V_LOW,15,2.07001447678,4.75405969432,9.79720664368,0,0,8.2800579071,
G1_D060_DENS_REF_V_LOW_S015,G1_D060_DENS_REF_V_LOW,15,2.0790014267,4.49456037453,7.63855329777,0,0,8.31600570679,
G1_D060_DENS_REF_V_LOW_S015,G1_D060_DENS_REF_V_LOW,15,2.08800578117,4.9503020047,8.17412038428,0,0,8.35202312469,
G1_D060_DENS_REF_V_LOW_S015,G1_D060_DENS_REF_V_LOW,15,2.09700989723,4.98518665791,7.37294854854,0,0,8.38803958893,
G1_D060_DENS_REF_V_LOW_S015,G1_D060_DENS_REF_V_LOW,15,2.10601425171,4.5193126293,7.02008535433,0,0,8.42405700684,
G1_D060_DENS_REF_V_LOW_S015,G1_D060_DENS_REF_V_LOW,15,2.11500120163,5.65459889366,8.2385366041,0,0,8.46000480652,
G1_D060_DENS_REF_V_LOW_S015,G1_D060_DENS_REF_V_LOW,15,2.12400555611,5.17360333217,9.90480790701,0,0,8.49602222443,
G1_D060_DENS_REF_V_LOW_S015,G1_D060_DENS_REF_V_LOW,15,2.13300967216,5.21027839213,8.41473971995,0,0,8.53203868866,
G1_D060_DENS_REF_V_LOW_S015,G1_D060_DENS_REF_V_LOW,15,2.14201402664,4.81088643648,7.59086621862,0,0,8.56805610657,
G1_D060_DENS_REF_V_LOW_S015,G1_D060_DENS_REF_V_LOW,15,2.15100097656,5.08295789154,8.01696679772,0,0,8.60400390625,
G1_D060_DENS_REF_V_LOW_S015,G1_D060_DENS_REF_V_LOW,15,2.16001152992,4.808296024,7.21935289521,0,0,8.64004611969,
G1_D060_DENS_REF_V_LOW_S015,G1_D060_DENS_REF_V_LOW,15,2.16901564598,5.34798558332,6.4468575904,0,0,8.67606258392,
G1_D060_DENS_REF_V_LOW_S015,G1_D060_DENS_REF_V_LOW,15,2.1780025959,5.14287974488,8.91754549199,0,0,8.71201038361,
G1_D060_DENS_REF_V_LOW_S015,G1_D060_DENS_REF_V_LOW,15,2.18700695038,5.29423797813,8.62837176625,0,0,8.74802780151,
G1_D060_DENS_REF_V_LOW_S015,G1_D060_DENS_REF_V_LOW,15,2.19601130486,4.92065387034,7.27788274571,0,0,8.78404521942,
G1_D060_DENS_REF_V_LOW_S015,G1_D060_DENS_REF_V_LOW,15,2.20501542091,5.40627763547,8.76301669587,0,0,8.82006168365,
G1_D060_DENS_REF_V_LOW_S015,G1_D060_DENS_REF_V_LOW,15,2.21400237083,5.14909932526,8.02021804446,0,0,8.85600948334,
G1_D060_DENS_REF_V_LOW_S015,G1_D060_DENS_REF_V_LOW,15,2.22300672531,5.71925213541,8.80609218211,0,0,8.89202690125,
G1_D060_DENS_REF_V_LOW_S015,G1_D060_DENS_REF_V_LOW,15,2.23201084137,5.3163752115,7.58801860647,0,0,8.92804336548,
G1_D060_DENS_REF_V_LOW_S015,G1_D060_DENS_REF_V_LOW,15,2.24101519585,5.56527542687,8.01836623868,0,0,8.96406078339,
G1_D060_DENS_REF_V_LOW_S015,G1_D060_DENS_REF_V_LOW,15,2.25000214577,5.32549475865,7.70373996962,0,0,9.00000858307,
G1_D060_DENS_REF_V_LOW_S015,G1_D060_DENS_REF_V_LOW,15,2.25900650024,5.48941174336,8.73872893655,0,0,9.03602600098,
G1_D060_DENS_REF_V_LOW_S015,G1_D060_DENS_REF_V_LOW,15,2.2680106163,5.58464696317,7.44450817795,0,0,9.07204246521,
G1_D060_DENS_REF_V_LOW_S015,G1_D060_DENS_REF_V_LOW,15,2.27701497078,5.07184199983,7.33007807192,0,0,9.10805988312,
G1_D060_DENS_REF_V_LOW_S015,G1_D060_DENS_REF_V_LOW,15,2.2860019207,5.31048504524,6.99205309066,0,0,9.1440076828,
G1_D060_DENS_REF_V_LOW_S015,G1_D060_DENS_REF_V_LOW,15,2.29500603676,5.22432188168,6.84225156292,0,0,9.18002414703,
G1_D060_DENS_REF_V_LOW_S015,G1_D060_DENS_REF_V_LOW,15,2.30401039124,5.39064147398,8.32054881183,0,0,9.21604156494,
G1_D060_DENS_REF_V_LOW_S015,G1_D060_DENS_REF_V_LOW,15,2.31301474571,5.88565375743,9.77198321894,0,0,9.25205898285,
G1_D060_DENS_REF_V_LOW_S015,G1_D060_DENS_REF_V_LOW,15,2.32200169563,5.86684563584,8.92684133439,0,0,9.28800678253,
G1_D060_DENS_REF_V_LOW_S015,G1_D060_DENS_REF_V_LOW,15,2.33100581169,5.88545386393,9.78955874568,0,0,9.32402324677,
G1_D060_DENS_REF_V_LOW_S015,G1_D060_DENS_REF_V_LOW,15,2.34001016617,5.66714123918,8.66872513721,0,0,9.36004066467,
G1_D060_DENS_REF_V_LOW_S015,G1_D060_DENS_REF_V_LOW,15,2.34901452065,5.72869418892,8.01637298641,0,0,9.39605808258,
G1_D060_DENS_REF_V_LOW_S015,G1_D060_DENS_REF_V_LOW,15,2.35800123215,5.91466335511,7.9111053313,0,0,9.43200492859,
G1_D060_DENS_REF_V_LOW_S015,G1_D060_DENS_REF_V_LOW,15,2.36700558662,6.05463240813,9.17411650194,0,0,9.4680223465,
G1_D060_DENS_REF_V_LOW_S015,G1_D060_DENS_REF_V_LOW,15,2.3760099411,5.68934150591,7.78415660875,0,0,9.5040397644,
G1_D060_DENS_REF_V_LOW_S015,G1_D060_DENS_REF_V_LOW,15,2.38501429558,5.7876351394,7.79287340089,0,0,9.54005718231,
G1_D060_DENS_REF_V_LOW_S015,G1_D060_DENS_REF_V_LOW,15,2.39400100708,5.5308872694,8.03861382143,0,0,9.57600402832,
G1_D060_DENS_REF_V_LOW_S015,G1_D060_DENS_REF_V_LOW,15,2.4030148983,5.90157961339,9.2243947302,0,0,9.6120595932,
G1_D060_DENS_REF_V_LOW_S015,G1_D060_DENS_REF_V_LOW,15,2.4120016098,5.497221837,6.51147790249,0,0,9.64800643921,
G1_D060_DENS_REF_V_LOW_S015,G1_D060_DENS_REF_V_LOW,15,2.42100596428,5.86111262128,8.17073558889,0,0,9.68402385712,
G1_D060_DENS_REF_V_LOW_S015,G1_D060_DENS_REF_V_LOW,15,2.43001008034,5.94999053712,8.13737762588,0,0,9.72004032135,
G1_D060_DENS_REF_V_LOW_S015,G1_D060_DENS_REF_V_LOW,15,2.43901443481,6.14161457377,8.1819334361,0,0,9.75605773926,
G1_D060_DENS_REF_V_LOW_S015,G1_D060_DENS_REF_V_LOW,15,2.44800138474,5.89746949224,8.31852170491,0,0,9.79200553894,
G1_D060_DENS_REF_V_LOW_S015,G1_D060_DENS_REF_V_LOW,15,2.45700550079,6.01578874118,8.29599864867,0,0,9.82802200317,
G1_D060_DENS_REF_V_LOW_S015,G1_D060_DENS_REF_V_LOW,15,2.46600985527,6.0219003877,9.40406378289,0,0,9.86403942108,
G1_D060_DENS_REF_V_LOW_S015,G1_D060_DENS_REF_V_LOW,15,2.47501420975,5.52503466412,7.49389682515,0,0,9.90005683899,
G1_D060_DENS_REF_V_LOW_S015,G1_D060_DENS_REF_V_LOW,15,2.48400092125,6.32467211633,8.67133560848,0,0,9.936003685,
G1_D060_DENS_REF_V_LOW_S015,G1_D060_DENS_REF_V_LOW,15,2.49300527573,5.78174151926,7.87271563466,0,0,9.97202110291,
G1_D060_DENS_REF_V_LOW_S015,G1_D060_DENS_REF_V_LOW,15,2.5020096302,5.57356474683,7.2724117313,0,0,10.0080385208,
G1_D060_DENS_REF_V_LOW_S015,G1_D060_DENS_REF_V_LOW,15,2.51101398468,5.7199567276,7.65294149783,0,0,10.0440559387,
G1_D060_DENS_REF_V_LOW_S015,G1_D060_DENS_REF_V_LOW,15,2.52000069618,5.94292993615,7.82677625555,0,0,10.0800027847,
G1_D060_DENS_REF_V_LOW_S015,G1_D060_DENS_REF_V_LOW,15,2.52900576591,5.47282662742,6.65664839775,0,0,10.1160230637,
G1_D060_DENS_REF_V_LOW_S015,G1_D060_DENS_REF_V_LOW,15,2.53800988197,6.1943337852,7.8544553234,0,0,10.1520395279,
G1_D060_DENS_REF_V_LOW_S015,G1_D060_DENS_REF_V_LOW,15,2.54701423645,5.94373857658,8.69334077987,0,0,10.1880569458,
G1_D060_DENS_REF_V_LOW_S015,G1_D060_DENS_REF_V_LOW,15,2.55600118637,5.95613758594,8.38052618656,0,0,10.2240047455,
G1_D060_DENS_REF_V_LOW_S015,G1_D060_DENS_REF_V_LOW,15,2.56500554085,6.04759555262,8.02909523248,0,0,10.2600221634,
G1_D060_DENS_REF_V_LOW_S015,G1_D060_DENS_REF_V_LOW,15,2.57400965691,6.21022337538,7.91424527905,0,0,10.2960386276,
G1_D060_DENS_REF_V_LOW_S015,G1_D060_DENS_REF_V_LOW,15,2.58301401138,6.05973767941,7.85542884919,0,0,10.3320560455,
G1_D060_DENS_REF_V_LOW_S015,G1_D060_DENS_REF_V_LOW,15,2.5920009613,6.77259113254,8.36457307405,0,0,10.3680038452,
G1_D060_DENS_REF_V_LOW_S015,G1_D060_DENS_REF_V_LOW,15,2.60100507736,6.65160116832,8.14720748099,0,0,10.4040203094,
G1_D060_DENS_REF_V_LOW_S015,G1_D060_DENS_REF_V_LOW,15,2.61000943184,6.38203550561,9.54233315189,0,0,10.4400377274,
G1_D060_DENS_REF_V_LOW_S015,G1_D060_DENS_REF_V_LOW,15,2.61901378632,5.86948440269,7.10030169888,0,0,10.4760551453,
G1_D060_DENS_REF_V_LOW_S015,G1_D060_DENS_REF_V_LOW,15,2.62800073624,6.11859703189,7.35479138033,0,0,10.5120029449,
G1_D060_DENS_REF_V_LOW_S015,G1_D060_DENS_REF_V_LOW,15,2.63700485229,6.47455165578,8.30211184443,0,0,10.5480194092,
G1_D060_DENS_REF_V_LOW_S015,G1_D060_DENS_REF_V_LOW,15,2.64600920677,6.78413832792,9.16658179222,0,0,10.5840368271,
G1_D060_DENS_REF_V_LOW_S015,G1_D060_DENS_REF_V_LOW,15,2.65501356125,5.96772450099,8.25883904934,0,0,10.620054245,
G1_D060_DENS_REF_V_LOW_S015,G1_D060_DENS_REF_V_LOW,15,2.66400933266,6.69165887526,7.12073251996,0,0,10.6560373306,
G1_D060_DENS_REF_V_LOW_S015,G1_D060_DENS_REF_V_LOW,15,2.67301344872,6.21530576468,12.3090513401,0,0,10.6920537949,
G1_D060_DENS_REF_V_LOW_S015,G1_D060_DENS_REF_V_LOW,15,2.68200039864,6.39610360408,7.67099003255,0,0,10.7280015945,
G1_D060_DENS_REF_V_LOW_S015,G1_D060_DENS_REF_V_LOW,15,2.69100475311,6.43477414513,8.15323609797,0,0,10.7640190125,
G1_D060_DENS_REF_V_LOW_S015,G1_D060_DENS_REF_V_LOW,15,2.70000886917,6.87338883143,8.34192229676,0,0,10.8000354767,
G1_D060_DENS_REF_V_LOW_S015,G1_D060_DENS_REF_V_LOW,15,2.70901322365,6.60001828451,8.3663896639,0,0,10.8360528946,
G1_D060_DENS_REF_V_LOW_S015,G1_D060_DENS_REF_V_LOW,15,2.71800017357,6.95670988075,8.33305809578,0,0,10.8720006943,
G1_D060_DENS_REF_V_LOW_S015,G1_D060_DENS_REF_V_LOW,15,2.72700452805,6.78787111232,8.43455876213,0,0,10.9080181122,
G1_D060_DENS_REF_V_LOW_S015,G1_D060_DENS_REF_V_LOW,15,2.7360086441,6.86293608531,8.37041846148,0,0,10.9440345764,
G1_D060_DENS_REF_V_LOW_S015,G1_D060_DENS_REF_V_LOW,15,2.74501299858,6.79416106557,7.54595025829,0,0,10.9800519943,
G1_D060_DENS_REF_V_LOW_S015,G1_D060_DENS_REF_V_LOW,15,2.75401735306,6.86599363552,9.54596096693,0,0,11.0160694122,
G1_D060_DENS_REF_V_LOW_S015,G1_D060_DENS_REF_V_LOW,15,2.76300406456,7.18835060947,8.5173433245,0,0,11.0520162582,
G1_D060_DENS_REF_V_LOW_S015,G1_D060_DENS_REF_V_LOW,15,2.77200841904,6.66525954989,8.00606783107,0,0,11.0880336761,
G1_D060_DENS_REF_V_LOW_S015,G1_D060_DENS_REF_V_LOW,15,2.78101277351,6.63763452767,7.16952568657,0,0,11.1240510941,
G1_D060_DENS_REF_V_LOW_S015,G1_D060_DENS_REF_V_LOW,15,2.79001712799,6.7624172875,8.31699005062,0,0,11.160068512,
G1_D060_DENS_REF_V_LOW_S015,G1_D060_DENS_REF_V_LOW,15,2.79900383949,6.65159339709,8.06927508032,0,0,11.196015358,
G1_D060_DENS_REF_V_LOW_S015,G1_D060_DENS_REF_V_LOW,15,2.80800819397,6.97573861913,10.0069359423,0,0,11.2320327759,
G1_D060_DENS_REF_V_LOW_S015,G1_D060_DENS_REF_V_LOW,15,2.81701254845,6.76858074227,10.0771744906,0,0,11.2680501938,
G1_D060_DENS_REF_V_LOW_S015,G1_D060_DENS_REF_V_LOW,15,2.82601666451,6.7069297886,7.9082937418,0,0,11.304066658,
G1_D060_DENS_REF_V_LOW_S015,G1_D060_DENS_REF_V_LOW,15,2.83500361443,7.13538962621,9.07648382343,0,0,11.3400144577,
G1_D060_DENS_REF_V_LOW_S015,G1_D060_DENS_REF_V_LOW,15,2.8440079689,7.00816712956,8.093747574,0,0,11.3760318756,
G1_D060_DENS_REF_V_LOW_S015,G1_D060_DENS_REF_V_LOW,15,2.85301208496,7.20046726387,8.66204945159,0,0,11.4120483398,
G1_D060_DENS_REF_V_LOW_S015,G1_D060_DENS_REF_V_LOW,15,2.86201643944,9.48845643094,9.12889658769,0,0,11.4480657578,
G1_D060_DENS_REF_V_LOW_S015,G1_D060_DENS_REF_V_LOW,15,2.87100338936,7.40249741921,7.97454998871,0,0,11.4840135574,
G1_D060_DENS_REF_V_LOW_S015,G1_D060_DENS_REF_V_LOW,15,2.88000774384,7.41054151345,9.93234373706,0,0,11.5200309753,
G1_D060_DENS_REF_V_LOW_S015,G1_D060_DENS_REF_V_LOW,15,2.88901185989,7.0312330258,8.45318527317,0,0,11.5560474396,
G1_D060_DENS_REF_V_LOW_S015,G1_D060_DENS_REF_V_LOW,15,2.89801621437,7.34067981567,7.75640971823,0,0,11.5920648575,
G1_D060_DENS_REF_V_LOW_S015,G1_D060_DENS_REF_V_LOW,15,2.90700316429,6.90077121834,8.54078664918,0,0,11.6280126572,
G1_D060_DENS_REF_V_LOW_S015,G1_D060_DENS_REF_V_LOW,15,2.91600728035,7.39029312252,9.36453345487,0,0,11.6640291214,
G1_D060_DENS_REF_V_LOW_S015,G1_D060_DENS_REF_V_LOW,15,2.92501163483,7.24953097155,8.7458965639,0,0,11.7000465393,
G1_D060_DENS_REF_V_LOW_S015,G1_D060_DENS_REF_V_LOW,15,2.9340159893,7.28885429654,8.63079306761,0,0,11.7360639572,
G1_D060_DENS_REF_V_LOW_S015,G1_D060_DENS_REF_V_LOW,15,2.94300270081,7.77956649527,8.73670724755,0,0,11.7720108032,
G1_D060_DENS_REF_V_LOW_S015,G1_D060_DENS_REF_V_LOW,15,2.95200705528,7.63420636213,8.70485339649,0,0,11.8080282211,
G1_D060_DENS_REF_V_LOW_S015,G1_D060_DENS_REF_V_LOW,15,2.96101140976,7.59281675144,8.12093317271,0,0,11.844045639,
G1_D060_DENS_REF_V_LOW_S015,G1_D060_DENS_REF_V_LOW,15,2.97001576424,7.66382600196,8.84029647576,0,0,11.8800630569,
G1_D060_DENS_REF_V_LOW_S015,G1_D060_DENS_REF_V_LOW,15,2.97900247574,7.69607491046,8.26303002379,0,0,11.916009903,
G1_D060_DENS_REF_V_LOW_S015,G1_D060_DENS_REF_V_LOW,15,2.98800683022,7.65567570081,8.2145040172,0,0,11.9520273209,
G1_D060_DENS_REF_V_LOW_S015,G1_D060_DENS_REF_V_LOW,15,2.99701118469,7.60040406961,11.996181812,0,0,11.9880447388,
G1_D060_DENS_REF_V_LOW_S015,G1_D060_DENS_REF_V_LOW,15,3.00601530075,7.54861999709,7.91799648404,0,0,12.024061203,
G1_D060_DENS_REF_V_LOW_S015,G1_D060_DENS_REF_V_LOW,15,3.01500344276,7.77380800832,7.25975090509,0,0,12.0600137711,
G1_D060_DENS_REF_V_LOW_S015,G1_D060_DENS_REF_V_LOW,15,3.02400755882,7.67618226951,7.52369154984,0,0,12.0960302353,
G1_D060_DENS_REF_V_LOW_S015,G1_D060_DENS_REF_V_LOW,15,3.0330119133,7.44475913544,8.23393614665,0,0,12.1320476532,
G1_D060_DENS_REF_V_LOW_S015,G1_D060_DENS_REF_V_LOW,15,3.04201626778,7.55854127691,8.47695072868,0,0,12.1680650711,
G1_D060_DENS_REF_V_LOW_S015,G1_D060_DENS_REF_V_LOW,15,3.05100297928,7.7673112538,9.18723016746,0,0,12.2040119171,
G1_D060_DENS_REF_V_LOW_S015,G1_D060_DENS_REF_V_LOW,15,3.06000733376,7.98552760156,8.7825063515,0,0,12.240029335,
G1_D060_DENS_REF_V_LOW_S015,G1_D060_DENS_REF_V_LOW,15,3.06901168823,8.51482140384,9.78438548814,0,0,12.2760467529,
G1_D060_DENS_REF_V_LOW_S015,G1_D060_DENS_REF_V_LOW,15,3.07801580429,7.9321728756,9.03783716389,0,0,12.3120632172,
G1_D060_DENS_REF_V_LOW_S015,G1_D060_DENS_REF_V_LOW,15,3.08700275421,8.19452208086,8.70543246111,0,0,12.3480110168,
G1_D060_DENS_REF_V_LOW_S015,G1_D060_DENS_REF_V_LOW,15,3.09600710869,8.14564099727,7.98525590056,0,0,12.3840284348,
G1_D060_DENS_REF_V_LOW_S015,G1_D060_DENS_REF_V_LOW,15,3.10501146317,8.28727439031,8.61224762568,0,0,12.4200458527,
G1_D060_DENS_REF_V_LOW_S015,G1_D060_DENS_REF_V_LOW,15,3.11401557922,8.08375258911,8.60070521462,0,0,12.4560623169,
G1_D060_DENS_REF_V_LOW_S015,G1_D060_DENS_REF_V_LOW,15,3.12300252914,8.17508017169,8.82665892823,0,0,12.4920101166,
G1_D060_DENS_REF_V_LOW_S015,G1_D060_DENS_REF_V_LOW,15,3.13200116158,8.54451789257,7.38822525899,0,0,12.5280046463,
G1_D060_DENS_REF_V_LOW_S015,G1_D060_DENS_REF_V_LOW,15,3.14100551605,7.77261900898,6.01593648982,0,0,12.5640220642,
G1_D060_DENS_REF_V_LOW_S015,G1_D060_DENS_REF_V_LOW,15,3.15000963211,8.15862587159,9.26822660783,0,0,12.6000385284,
G1_D060_DENS_REF_V_LOW_S015,G1_D060_DENS_REF_V_LOW,15,3.15901398659,8.18144740558,8.95113752752,0,0,12.6360559464,
G1_D060_DENS_REF_V_LOW_S015,G1_D060_DENS_REF_V_LOW,15,3.16800093651,8.02025467133,8.51817540515,0,0,12.672003746,
G1_D060_DENS_REF_V_LOW_S015,G1_D060_DENS_REF_V_LOW,15,3.17700505257,8.6850564046,10.0393293721,0,0,12.7080202103,
G1_D060_DENS_REF_V_LOW_S015,G1_D060_DENS_REF_V_LOW,15,3.18600940704,8.34412962701,8.79281380238,0,0,12.7440376282,
G1_D060_DENS_REF_V_LOW_S015,G1_D060_DENS_REF_V_LOW,15,3.19501376152,8.3109395353,8.89680987659,0,0,12.7800550461,
G1_D060_DENS_REF_V_LOW_S015,G1_D060_DENS_REF_V_LOW,15,3.20400071144,8.63026054583,8.73486350327,0,0,12.8160028458,
G1_D060_DENS_REF_V_LOW_S015,G1_D060_DENS_REF_V_LOW,15,3.2130048275,8.16376352302,8.15293224606,0,0,12.85201931,
G1_D060_DENS_REF_V_LOW_S015,G1_D060_DENS_REF_V_LOW,15,3.22200918198,8.88186040275,9.49037610621,0,0,12.8880367279,
G1_D060_DENS_REF_V_LOW_S015,G1_D060_DENS_REF_V_LOW,15,3.23101353645,8.9327378309,9.02789681522,0,0,12.9240541458,
G1_D060_DENS_REF_V_LOW_S015,G1_D060_DENS_REF_V_LOW,15,3.24000024796,9.22551920204,8.8608383984,0,0,12.9600009918,
G1_D060_DENS_REF_V_LOW_S015,G1_D060_DENS_REF_V_LOW,15,3.24900460243,8.9055859907,7.55639801986,0,0,12.9960184097,
G1_D060_DENS_REF_V_LOW_S015,G1_D060_DENS_REF_V_LOW,15,3.25800895691,8.83442217891,7.46888907995,0,0,13.0320358276,
G1_D060_DENS_REF_V_LOW_S015,G1_D060_DENS_REF_V_LOW,15,3.26701307297,9.19225139797,8.79187779453,0,0,13.0680522919,
G1_D060_DENS_REF_V_LOW_S015,G1_D060_DENS_REF_V_LOW,15,3.27600002289,8.68197381374,12.3243224577,0,0,13.1040000916,
G1_D060_DENS_REF_V_LOW_S015,G1_D060_DENS_REF_V_LOW,15,3.28500437737,8.81209023287,8.96724595906,0,0,13.1400175095,
G1_D060_DENS_REF_V_LOW_S015,G1_D060_DENS_REF_V_LOW,15,3.29400873184,9.10184859265,9.89989928518,0,0,13.1760349274,
G1_D060_DENS_REF_V_LOW_S015,G1_D060_DENS_REF_V_LOW,15,3.3030128479,8.74742835642,9.09849007671,0,0,13.2120513916,
G1_D060_DENS_REF_V_LOW_S015,G1_D060_DENS_REF_V_LOW,15,3.31201720238,9.37984129891,9.81701693386,0,0,13.2480688095,
G1_D060_DENS_REF_V_LOW_S015,G1_D060_DENS_REF_V_LOW,15,3.3210041523,8.80453227271,9.31254768795,0,0,13.2840166092,
G1_D060_DENS_REF_V_LOW_S015,G1_D060_DENS_REF_V_LOW,15,3.33000826836,8.93746101633,8.83807176356,0,0,13.3200330734,
G1_D060_DENS_REF_V_LOW_S015,G1_D060_DENS_REF_V_LOW,15,3.33901262283,8.95243878132,8.36281706325,0,0,13.3560504913,
G1_D060_DENS_REF_V_LOW_S015,G1_D060_DENS_REF_V_LOW,15,3.34801697731,10.0698917827,9.71650186037,0,0,13.3920679092,
G1_D060_DENS_REF_V_LOW_S015,G1_D060_DENS_REF_V_LOW,15,3.35700368881,9.27525339482,9.16513185391,0,0,13.4280147552,
G1_D060_DENS_REF_V_LOW_S015,G1_D060_DENS_REF_V_LOW,15,3.36600375175,9.53033476612,9.39427088406,0,0,13.464015007,
G1_D060_DENS_REF_V_LOW_S015,G1_D060_DENS_REF_V_LOW,15,3.37500739098,9.19363813212,9.88438796801,0,0,13.5000295639,
G1_D060_DENS_REF_V_LOW_S015,G1_D060_DENS_REF_V_LOW,15,3.38401079178,9.68488568276,7.99322092158,0,0,13.5360431671,
G1_D060_DENS_REF_V_LOW_S015,G1_D060_DENS_REF_V_LOW,15,3.39301490784,9.79953647588,10.3777204623,0,0,13.5720596313,
G1_D060_DENS_REF_V_LOW_S015,G1_D060_DENS_REF_V_LOW,15,3.40200185776,9.28673410295,9.25769167296,0,0,13.608007431,
G1_D060_DENS_REF_V_LOW_S015,G1_D060_DENS_REF_V_LOW,15,3.41100621223,9.72694189293,9.34466427707,0,0,13.6440248489,
G1_D060_DENS_REF_V_LOW_S015,G1_D060_DENS_REF_V_LOW,15,3.42001032829,9.54939243078,11.9086067039,0,0,13.6800413132,
G1_D060_DENS_REF_V_LOW_S015,G1_D060_DENS_REF_V_LOW,15,3.42901468277,9.46681353463,9.71485155289,0,0,13.7160587311,
G1_D060_DENS_REF_V_LOW_S015,G1_D060_DENS_REF_V_LOW,15,3.43800163269,10.0937365296,9.70500298594,0,0,13.7520065308,
G1_D060_DENS_REF_V_LOW_S015,G1_D060_DENS_REF_V_LOW,15,3.44700598717,9.92209407138,9.1008265227,0,0,13.7880239487,
G1_D060_DENS_REF_V_LOW_S015,G1_D060_DENS_REF_V_LOW,15,3.45601010323,9.36569678327,8.46587292685,0,0,13.8240404129,
G1_D060_DENS_REF_V_LOW_S015,G1_D060_DENS_REF_V_LOW,15,3.4650144577,9.66309426946,8.10286136658,0,0,13.8600578308,
G1_D060_DENS_REF_V_LOW_S015,G1_D060_DENS_REF_V_LOW,15,3.47400140762,10.3310649407,9.05744495796,0,0,13.8960056305,
G1_D060_DENS_REF_V_LOW_S015,G1_D060_DENS_REF_V_LOW,15,3.48300552368,8.75617876979,8.56181669422,0,0,13.9320220947,
G1_D060_DENS_REF_V_LOW_S015,G1_D060_DENS_REF_V_LOW,15,3.49200987816,9.56432443181,8.5078932343,0,0,13.9680395126,
G1_D060_DENS_REF_V_LOW_S015,G1_D060_DENS_REF_V_LOW,15,3.50100970268,9.84369092016,6.80978818682,0,0,14.0040388107,
G1_D060_DENS_REF_V_LOW_S015,G1_D060_DENS_REF_V_LOW,15,3.51001381874,9.80853297844,10.6212063405,0,0,14.040055275,
G1_D060_DENS_REF_V_LOW_S015,G1_D060_DENS_REF_V_LOW,15,3.51900076866,10.0167244299,9.40704863394,0,0,14.0760030746,
G1_D060_DENS_REF_V_LOW_S015,G1_D060_DENS_REF_V_LOW,15,3.52800512314,10.0379019154,9.66998043785,0,0,14.1120204926,
G1_D060_DENS_REF_V_LOW_S015,G1_D060_DENS_REF_V_LOW,15,3.5370092392,9.69728339691,10.6898796257,0,0,14.1480369568,
G1_D060_DENS_REF_V_LOW_S015,G1_D060_DENS_REF_V_LOW,15,3.54601359367,10.124286991,10.1009479946,0,0,14.1840543747,
G1_D060_DENS_REF_V_LOW_S015,G1_D060_DENS_REF_V_LOW,15,3.55500054359,9.88691799677,10.5828011453,0,0,14.2200021744,
G1_D060_DENS_REF_V_LOW_S015,G1_D060_DENS_REF_V_LOW,15,3.56400465965,10.248340118,9.49543201023,0,0,14.2560186386,
G1_D060_DENS_REF_V_LOW_S015,G1_D060_DENS_REF_V_LOW,15,3.57300901413,10.2903600623,9.44342824786,0,0,14.2920360565,
G1_D060_DENS_REF_V_LOW_S015,G1_D060_DENS_REF_V_LOW,15,3.58201336861,9.95206255342,8.67963307477,0,0,14.3280534744,
G1_D060_DENS_REF_V_LOW_S015,G1_D060_DENS_REF_V_LOW,15,3.59100008011,9.38655996543,8.28406622058,0,0,14.3640003204,
G1_D060_DENS_REF_V_LOW_S015,G1_D060_DENS_REF_V_LOW,15,3.60000443459,10.4561464614,8.75673583199,0,0,14.4000177383,
G1_D060_DENS_REF_V_LOW_S015,G1_D060_DENS_REF_V_LOW,15,3.60900878906,10.6583877354,9.01099406372,0,0,14.4360351562,
G1_D060_DENS_REF_V_LOW_S015,G1_D060_DENS_REF_V_LOW,15,3.61801147461,10.4211171768,7.98398826577,0,0,14.4720458984,
G1_D060_DENS_REF_V_LOW_S015,G1_D060_DENS_REF_V_LOW,15,3.62700295448,10.947439776,8.23984020999,0,0,14.5080118179,
G1_D060_DENS_REF_V_LOW_S015,G1_D060_DENS_REF_V_LOW,15,3.63600683212,9.82783068799,9.7110842133,0,0,14.5440273285,
G1_D060_DENS_REF_V_LOW_S015,G1_D060_DENS_REF_V_LOW,15,3.6450111866,10.1419751909,9.13613848567,0,0,14.5800447464,
G1_D060_DENS_REF_V_LOW_S015,G1_D060_DENS_REF_V_LOW,15,3.65401554108,10.793343045,10.7225712974,0,0,14.6160621643,
G1_D060_DENS_REF_V_LOW_S015,G1_D060_DENS_REF_V_LOW,15,3.66300225258,10.455833885,9.52478876223,0,0,14.6520090103,
G1_D060_DENS_REF_V_LOW_S015,G1_D060_DENS_REF_V_LOW,15,3.67200660706,11.0413949003,10.086823735,0,0,14.6880264282,
G1_D060_DENS_REF_V_LOW_S015,G1_D060_DENS_REF_V_LOW,15,3.68101096153,10.5607749486,9.88239574204,0,0,14.7240438461,
G1_D060_DENS_REF_V_LOW_S015,G1_D060_DENS_REF_V_LOW,15,3.69001507759,10.380783591,9.46483450834,0,0,14.7600603104,
G1_D060_DENS_REF_V_LOW_S015,G1_D060_DENS_REF_V_LOW,15,3.69900202751,11.2067219329,10.5022098646,0,0,14.79600811,
G1_D060_DENS_REF_V_LOW_S015,G1_D060_DENS_REF_V_LOW,15,3.70800638199,11.7071689017,9.82605385161,0,0,14.832025528,
G1_D060_DENS_REF_V_LOW_S015,G1_D060_DENS_REF_V_LOW,15,3.71701049805,10.7563165524,9.47527738683,0,0,14.8680419922,
G1_D060_DENS_REF_V_LOW_S015,G1_D060_DENS_REF_V_LOW,15,3.72601485252,11.3917680488,9.2853898741,0,0,14.9040594101,
G1_D060_DENS_REF_V_LOW_S015,G1_D060_DENS_REF_V_LOW,15,3.73500537872,10.8800640107,10.5999116619,0,0,14.9400215149,
G1_D060_DENS_REF_V_LOW_S015,G1_D060_DENS_REF_V_LOW,15,3.7440097332,11.5013468142,9.68298309655,0,0,14.9760389328,
G1_D060_DENS_REF_V_LOW_S015,G1_D060_DENS_REF_V_LOW,15,3.75301408768,11.3789636398,9.12770352656,0,0,15.0120563507,
G1_D060_DENS_REF_V_LOW_S015,G1_D060_DENS_REF_V_LOW,15,3.76200079918,11.3317792764,10.2823090581,0,0,15.0480031967,
G1_D060_DENS_REF_V_LOW_S015,G1_D060_DENS_REF_V_LOW,15,3.77100515366,11.3096554269,9.87819452837,0,0,15.0840206146,
G1_D060_DENS_REF_V_LOW_S015,G1_D060_DENS_REF_V_LOW,15,3.78000950813,11.1953405239,10.1031411515,0,0,15.1200380325,
G1_D060_DENS_REF_V_LOW_S015,G1_D060_DENS_REF_V_LOW,15,3.78901362419,11.4330410909,10.2744989254,0,0,15.1560544968,
G1_D060_DENS_REF_V_LOW_S015,G1_D060_DENS_REF_V_LOW,15,3.79800057411,11.7058089352,10.074069919,0,0,15.1920022964,
G1_D060_DENS_REF_V_LOW_S015,G1_D060_DENS_REF_V_LOW,15,3.80700492859,11.4719603115,10.1280321196,0,0,15.2280197144,
G1_D060_DENS_REF_V_LOW_S015,G1_D060_DENS_REF_V_LOW,15,3.81600904465,11.6836332773,9.89531108574,0,0,15.2640361786,
G1_D060_DENS_REF_V_LOW_S015,G1_D060_DENS_REF_V_LOW,15,3.82501339912,11.3215281507,9.34815322887,0,0,15.3000535965,
G1_D060_DENS_REF_V_LOW_S015,G1_D060_DENS_REF_V_LOW,15,3.83400034904,10.4828199388,8.05092095414,0,0,15.3360013962,
G1_D060_DENS_REF_V_LOW_S015,G1_D060_DENS_REF_V_LOW,15,3.8430044651,11.4294171038,8.56634970272,0,0,15.3720178604,
G1_D060_DENS_REF_V_LOW_S015,G1_D060_DENS_REF_V_LOW,15,3.85200572014,11.3788617503,10.0057118523,0,0,15.4080228806,
G1_D060_DENS_REF_V_LOW_S015,G1_D060_DENS_REF_V_LOW,15,3.86100673676,11.7548791189,9.66727434,0,0,15.444026947,
G1_D060_DENS_REF_V_LOW_S015,G1_D060_DENS_REF_V_LOW,15,3.87001109123,10.8939987029,7.15056906605,0,0,15.4800443649,
G1_D060_DENS_REF_V_LOW_S015,G1_D060_DENS_REF_V_LOW,15,3.87901473045,11.1277108982,9.27705895556,0,0,15.5160589218,
G1_D060_DENS_REF_V_LOW_S015,G1_D060_DENS_REF_V_LOW,15,3.88800168037,10.4629454307,9.06317823835,0,0,15.5520067215,
G1_D060_DENS_REF_V_LOW_S015,G1_D060_DENS_REF_V_LOW,15,3.89700579643,11.7129058019,10.9076552117,0,0,15.5880231857,
G1_D060_DENS_REF_V_LOW_S015,G1_D060_DENS_REF_V_LOW,15,3.90601015091,11.9643925441,10.9944530124,0,0,15.6240406036,
G1_D060_DENS_REF_V_LOW_S015,G1_D060_DENS_REF_V_LOW,15,3.91501450539,11.663840799,10.3710536598,0,0,15.6600580215,
G1_D060_DENS_REF_V_LOW_S015,G1_D060_DENS_REF_V_LOW,15,3.92400121689,12.5958625765,10.6870614188,0,0,15.6960048676,
G1_D060_DENS_REF_V_LOW_S015,G1_D060_DENS_REF_V_LOW,15,3.93300557137,11.5993904729,9.28700337534,0,0,15.7320222855,
G1_D060_DENS_REF_V_LOW_S015,G1_D060_DENS_REF_V_LOW,15,3.94200992584,11.7877341839,10.5947529945,0,0,15.7680397034,
G1_D060_DENS_REF_V_LOW_S015,G1_D060_DENS_REF_V_LOW,15,3.9510140419,12.7898421616,8.93016390998,0,0,15.8040561676,
G1_D060_DENS_REF_V_LOW_S015,G1_D060_DENS_REF_V_LOW,15,3.96000099182,11.622520266,9.25945593254,0,0,15.8400039673,
G1_D060_DENS_REF_V_LOW_S015,G1_D060_DENS_REF_V_LOW,15,3.9690053463,11.5317228545,7.64526710615,0,0,15.8760213852,
G1_D060_DENS_REF_V_LOW_S015,G1_D060_DENS_REF_V_LOW,15,3.97800946236,11.895503978,8.68186697717,0,0,15.9120378494,
G1_D060_DENS_REF_V_LOW_S015,G1_D060_DENS_REF_V_LOW,15,3.98701620102,10.9162443019,7.79966580357,0,0,15.9480648041,
G1_D060_DENS_REF_V_LOW_S015,G1_D060_DENS_REF_V_LOW,15,3.99600291252,12.3143218686,9.24028582684,0,0,15.9840116501,
G1_D060_DENS_REF_V_LOW_S015,G1_D060_DENS_REF_V_LOW,15,4.00500106812,11.1413053829,9.71122663054,0,0,16.0200042725,
G1_D060_DENS_REF_V_LOW_S015,G1_D060_DENS_REF_V_LOW,15,4.01400566101,11.9578931992,9.83349527776,0,0,16.056022644,
G1_D060_DENS_REF_V_LOW_S015,G1_D060_DENS_REF_V_LOW,15,4.02300977707,11.5442431815,9.75991812805,0,0,16.0920391083,
G1_D060_DENS_REF_V_LOW_S015,G1_D060_DENS_REF_V_LOW,15,4.03201389313,12.5066047335,9.91290829314,0,0,16.1280555725,
G1_D060_DENS_REF_V_LOW_S015,G1_D060_DENS_REF_V_LOW,15,4.04100084305,11.2274849524,9.61067030493,0,0,16.1640033722,
G1_D060_DENS_REF_V_LOW_S015,G1_D060_DENS_REF_V_LOW,15,4.05000543594,12.1873363947,9.76372626092,0,0,16.2000217438,
G1_D060_DENS_REF_V_LOW_S015,G1_D060_DENS_REF_V_LOW,15,4.059009552,12.7325793666,9.54303236829,0,0,16.236038208,
G1_D060_DENS_REF_V_LOW_S015,G1_D060_DENS_REF_V_LOW,15,4.06801366806,12.6956763504,10.2463517501,0,0,16.2720546722,
G1_D060_DENS_REF_V_LOW_S015,G1_D060_DENS_REF_V_LOW,15,4.07700061798,12.4220597143,8.20480725621,0,0,16.3080024719,
G1_D060_DENS_REF_V_LOW_S015,G1_D060_DENS_REF_V_LOW,15,4.0860118866,12.8581582466,7.02467354251,0,0,16.3440475464,
G1_D060_DENS_REF_V_LOW_S015,G1_D060_DENS_REF_V_LOW,15,4.09500980377,12.0391648005,8.0193089635,0,0,16.3800392151,
G1_D060_DENS_REF_V_LOW_S015,G1_D060_DENS_REF_V_LOW,15,4.10400533676,11.631917419,7.54920630161,0,0,16.416021347,
G1_D060_DENS_REF_V_LOW_S015,G1_D060_DENS_REF_V_LOW,15,4.11300945282,11.5061857048,5.75509994859,0,0,16.4520378113,
G1_D060_DENS_REF_V_LOW_S015,G1_D060_DENS_REF_V_LOW,15,4.12201404572,11.8891073861,9.64489485083,0,0,16.4880561829,
G1_D060_DENS_REF_V_LOW_S015,G1_D060_DENS_REF_V_LOW,15,4.1310005188,13.1341891471,11.0763409481,0,0,16.5240020752,
G1_D060_DENS_REF_V_LOW_S015,G1_D060_DENS_REF_V_LOW,15,4.14000511169,12.1238393404,10.4189084999,0,0,16.5600204468,
G1_D060_DENS_REF_V_LOW_S015,G1_D060_DENS_REF_V_LOW,15,4.14900922775,12.1443847653,11.343056005,0,0,16.596036911,
G1_D060_DENS_REF_V_LOW_S015,G1_D060_DENS_REF_V_LOW,15,4.15801334381,13.6978819003,11.4666628688,0,0,16.6320533752,
G1_D060_DENS_REF_V_LOW_S015,G1_D060_DENS_REF_V_LOW,15,4.16700029373,11.9261830965,10.0974890874,0,0,16.6680011749,
G1_D060_DENS_REF_V_LOW_S015,G1_D060_DENS_REF_V_LOW,15,4.17600488663,12.9079148896,10.2617758567,0,0,16.7040195465,
G1_D060_DENS_REF_V_LOW_S015,G1_D060_DENS_REF_V_LOW,15,4.18500900269,13.776135671,10.4766156438,0,0,16.7400360107,
G1_D060_DENS_REF_V_LOW_S015,G1_D060_DENS_REF_V_LOW,15,4.19401264191,12.0380094766,10.3296594205,0,0,16.7760505676,
G1_D060_DENS_REF_V_LOW_S015,G1_D060_DENS_REF_V_LOW,15,4.20301675797,12.3600832321,9.69528441295,0,0,16.8120670319,
G1_D060_DENS_REF_V_LOW_S015,G1_D060_DENS_REF_V_LOW,15,4.21200370789,12.7726867231,10.1942916024,0,0,16.8480148315,
G1_D060_DENS_REF_V_LOW_S015,G1_D060_DENS_REF_V_LOW,15,4.22101640701,13.1558268626,9.29984711072,0,0,16.8840656281,
G1_D060_DENS_REF_V_LOW_S015,G1_D060_DENS_REF_V_LOW,15,4.23000335693,12.261681233,7.76429644813,0,0,16.9200134277,
G1_D060_DENS_REF_V_LOW_S015,G1_D060_DENS_REF_V_LOW,15,4.23900651932,12.4890538254,9.35764160387,0,0,16.9560260773,
G1_D060_DENS_REF_V_LOW_S015,G1_D060_DENS_REF_V_LOW,15,4.24801063538,12.6885328562,9.89369361289,0,0,16.9920425415,
G1_D060_DENS_REF_V_LOW_S015,G1_D060_DENS_REF_V_LOW,15,4.25701475143,12.5149847179,10.0939804607,0,0,17.0280590057,
G1_D060_DENS_REF_V_LOW_S015,G1_D060_DENS_REF_V_LOW,15,4.26600170135,12.6565732104,10.5311956309,0,0,17.0640068054,
G1_D060_DENS_REF_V_LOW_S015,G1_D060_DENS_REF_V_LOW,15,4.27500629425,12.8978606353,11.0438154002,0,0,17.100025177,
G1_D060_DENS_REF_V_LOW_S015,G1_D060_DENS_REF_V_LOW,15,4.28401041031,13.6605367869,10.6321597791,0,0,17.1360416412,
G1_D060_DENS_REF_V_LOW_S015,G1_D060_DENS_REF_V_LOW,15,4.29301452637,12.8527270151,10.914685383,0,0,17.1720581055,
G1_D060_DENS_REF_V_LOW_S015,G1_D060_DENS_REF_V_LOW,15,4.30200147629,13.1774265854,10.3810946062,0,0,17.2080059052,
G1_D060_DENS_REF_V_LOW_S015,G1_D060_DENS_REF_V_LOW,15,4.31100559235,13.7513471505,9.66894447755,0,0,17.2440223694,
G1_D060_DENS_REF_V_LOW_S015,G1_D060_DENS_REF_V_LOW,15,4.32001018524,13.4137188314,10.348826198,0,0,17.280040741,
G1_D060_DENS_REF_V_LOW_S015,G1_D060_DENS_REF_V_LOW,15,4.32900810242,12.4336941202,9.05276766182,0,0,17.3160324097,
G1_D060_DENS_REF_V_LOW_S015,G1_D060_DENS_REF_V_LOW,15,4.33800554276,13.8727140197,9.36310707725,0,0,17.352022171,
G1_D060_DENS_REF_V_LOW_S015,G1_D060_DENS_REF_V_LOW,15,4.34700965881,13.2880734643,9.62817927865,0,0,17.3880386353,
G1_D060_DENS_REF_V_LOW_S015,G1_D060_DENS_REF_V_LOW,15,4.35601329803,13.0234213823,9.23878165825,0,0,17.4240531921,
G1_D060_DENS_REF_V_LOW_S015,G1_D060_DENS_REF_V_LOW,15,4.36501693726,12.5279730461,9.56045063437,0,0,17.460067749,
G1_D060_DENS_REF_V_LOW_S015,G1_D060_DENS_REF_V_LOW,15,4.37400388718,13.1694014875,9.84809572615,0,0,17.4960155487,
G1_D060_DENS_REF_V_LOW_S015,G1_D060_DENS_REF_V_LOW,15,4.38300800323,13.0276739761,10.9729669556,0,0,17.5320320129,
G1_D060_DENS_REF_V_LOW_S015,G1_D060_DENS_REF_V_LOW,15,4.39201211929,13.1469123898,12.5464141901,0,0,17.5680484772,
G1_D060_DENS_REF_V_LOW_S015,G1_D060_DENS_REF_V_LOW,15,4.40101671219,13.2252620058,11.1010742415,0,0,17.6040668488,
G1_D060_DENS_REF_V_LOW_S015,G1_D060_DENS_REF_V_LOW,15,4.41000366211,13.6042212195,10.7031599189,0,0,17.6400146484,
G1_D060_DENS_REF_V_LOW_S015,G1_D060_DENS_REF_V_LOW,15,4.41900777817,13.6330922301,10.6542286536,0,0,17.6760311127,
G1_D060_DENS_REF_V_LOW_S015,G1_D060_DENS_REF_V_LOW,15,4.42801189423,14.3284340631,10.4793142992,0,0,17.7120475769,
G1_D060_DENS_REF_V_LOW_S015,G1_D060_DENS_REF_V_LOW,15,4.43700790405,13.9590792354,8.03955078071,0,0,17.7480316162,
G1_D060_DENS_REF_V_LOW_S015,G1_D060_DENS_REF_V_LOW,15,4.44601202011,13.4272787773,10.3280656598,0,0,17.7840480804,
G1_D060_DENS_REF_V_LOW_S015,G1_D060_DENS_REF_V_LOW,15,4.45501613617,13.9705720322,10.6902080243,0,0,17.8200645447,
G1_D060_DENS_REF_V_LOW_S015,G1_D060_DENS_REF_V_LOW,15,4.46401405334,13.8317449193,10.1502457098,0,0,17.8560562134,
G1_D060_DENS_REF_V_LOW_S015,G1_D060_DENS_REF_V_LOW,15,4.4730091095,12.5501961948,7.38495124182,0,0,17.892036438,
G1_D060_DENS_REF_V_LOW_S015,G1_D060_DENS_REF_V_LOW,15,4.48201656342,12.9744073242,9.51385270014,0,0,17.9280662537,
G1_D060_DENS_REF_V_LOW_S015,G1_D060_DENS_REF_V_LOW,15,4.49100351334,13.0716539993,10.2009822033,0,0,17.9640140533,
G1_D060_DENS_REF_V_LOW_S015,G1_D060_DENS_REF_V_LOW,15,4.50000762939,13.3217384649,10.263538656,0,0,18.0000305176,
G1_D060_DENS_REF_V_LOW_S015,G1_D060_DENS_REF_V_LOW,15,4.50901222229,13.2418311475,10.3251116935,0,0,18.0360488892,
G1_D060_DENS_REF_V_LOW_S015,G1_D060_DENS_REF_V_LOW,15,4.51801633835,13.6025288167,11.1232815765,0,0,18.0720653534,
G1_D060_DENS_REF_V_LOW_S015,G1_D060_DENS_REF_V_LOW,15,4.52700328827,14.1191304612,10.6693690105,0,0,18.1080131531,
G1_D060_DENS_REF_V_LOW_S015,G1_D060_DENS_REF_V_LOW,15,4.53600740433,16.1830407454,11.9718052224,0,0,18.1440296173,
G1_D060_DENS_REF_V_LOW_S015,G1_D060_DENS_REF_V_LOW,15,4.54501199722,13.7817672278,10.6150269206,0,0,18.1800479889,
G1_D060_DENS_REF_V_LOW_S015,G1_D060_DENS_REF_V_LOW,15,4.55400896072,12.6395317502,11.5004290106,0,0,18.2160358429,
G1_D060_DENS_REF_V_LOW_S015,G1_D060_DENS_REF_V_LOW,15,4.56300020218,13.5349181873,8.93726507173,0,0,18.2520008087,
G1_D060_DENS_REF_V_LOW_S015,G1_D060_DENS_REF_V_LOW,15,4.5720038414,14.1966994996,8.54734745156,0,0,18.2880153656,
G1_D060_DENS_REF_V_LOW_S015,G1_D060_DENS_REF_V_LOW,15,4.58100605011,13.1683549608,8.62288301606,0,0,18.3240242004,
G1_D060_DENS_REF_V_LOW_S015,G1_D060_DENS_REF_V_LOW,15,4.59001588821,13.925302847,9.35300921303,0,0,18.3600635529,
G1_D060_DENS_REF_V_LOW_S015,G1_D060_DENS_REF_V_LOW,15,4.5990023613,14.0226436405,11.8290083028,0,0,18.3960094452,
G1_D060_DENS_REF_V_LOW_S015,G1_D060_DENS_REF_V_LOW,15,4.60800695419,13.515125709,10.5423678983,0,0,18.4320278168,
G1_D060_DENS_REF_V_LOW_S015,G1_D060_DENS_REF_V_LOW,15,4.61701107025,13.8496403522,11.2395402299,0,0,18.468044281,
G1_D060_DENS_REF_V_LOW_S015,G1_D060_DENS_REF_V_LOW,15,4.62601518631,14.3243507096,11.1646618086,0,0,18.5040607452,
G1_D060_DENS_REF_V_LOW_S015,G1_D060_DENS_REF_V_LOW,15,4.63500213623,14.6031913442,11.592199685,0,0,18.5400085449,
G1_D060_DENS_REF_V_LOW_S015,G1_D060_DENS_REF_V_LOW,15,4.64400672913,14.6857581517,11.0783394283,0,0,18.5760269165,
G1_D060_DENS_REF_V_LOW_S015,G1_D060_DENS_REF_V_LOW,15,4.65301084518,13.3874036945,10.1228061681,0,0,18.6120433807,
G1_D060_DENS_REF_V_LOW_S015,G1_D060_DENS_REF_V_LOW,15,4.66201496124,14.4065997598,10.228351972,0,0,18.648059845,
G1_D060_DENS_REF_V_LOW_S015,G1_D060_DENS_REF_V_LOW,15,4.67101383209,14.2508313493,10.450412266,0,0,18.6840553284,
G1_D060_DENS_REF_V_LOW_S015,G1_D060_DENS_REF_V_LOW,15,4.68001556396,14.8275849622,10.7727426384,0,0,18.7200622559,
G1_D060_DENS_REF_V_LOW_S015,G1_D060_DENS_REF_V_LOW,15,4.68901491165,13.9314360803,8.67058529008,0,0,18.7560596466,
G1_D060_DENS_REF_V_LOW_S015,G1_D060_DENS_REF_V_LOW,15,4.69800186157,14.3278874861,10.1136100093,0,0,18.7920074463,
G1_D060_DENS_REF_V_LOW_S015,G1_D060_DENS_REF_V_LOW,15,4.70701646805,14.2904879741,8.90674404052,0,0,18.8280658722,
G1_D060_DENS_REF_V_LOW_S015,G1_D060_DENS_REF_V_LOW,15,4.71600246429,14.3966180371,9.23689557265,0,0,18.8640098572,
G1_D060_DENS_REF_V_LOW_S015,G1_D060_DENS_REF_V_LOW,15,4.72500610352,14.6836633715,12.3063819343,0,0,18.9000244141,
G1_D060_DENS_REF_V_LOW_S015,G1_D060_DENS_REF_V_LOW,15,4.73401069641,14.4942714069,10.8821325996,0,0,18.9360427856,
G1_D060_DENS_REF_V_LOW_S015,G1_D060_DENS_REF_V_LOW,15,4.74301481247,14.5191065549,12.0328035553,0,0,18.9720592499,
G1_D060_DENS_REF_V_LOW_S015,G1_D060_DENS_REF_V_LOW,15,4.75200176239,15.1911148157,11.6241471993,0,0,19.0080070496,
G1_D060_DENS_REF_V_LOW_S015,G1_D060_DENS_REF_V_LOW,15,4.76100587845,15.0963937928,12.1015140959,0,0,19.0440235138,
G1_D060_DENS_REF_V_LOW_S015,G1_D060_DENS_REF_V_LOW,15,4.77001047134,14.3052058344,11.0005025631,0,0,19.0800418854,
G1_D060_DENS_REF_V_LOW_S015,G1_D060_DENS_REF_V_LOW,15,4.7790145874,14.7559341529,10.4933236369,0,0,19.1160583496,
G1_D060_DENS_REF_V_LOW_S015,G1_D060_DENS_REF_V_LOW,15,4.78800153732,13.7967786681,10.5238728007,0,0,19.1520061493,
G1_D060_DENS_REF_V_LOW_S015,G1_D060_DENS_REF_V_LOW,15,4.79701709747,14.3824622963,9.80956858588,0,0,19.1880683899,
G1_D060_DENS_REF_V_LOW_S015,G1_D060_DENS_REF_V_LOW,15,4.80600404739,15.324483066,10.8856387464,0,0,19.2240161896,
G1_D060_DENS_REF_V_LOW_S015,G1_D060_DENS_REF_V_LOW,15,4.81500196457,16.0463118666,6.69179321555,0,0,19.2600078583,
G1_D060_DENS_REF_V_LOW_S015,G1_D060_DENS_REF_V_LOW,15,4.82401704788,14.4429674242,10.1543490056,0,0,19.2960681915,
G1_D060_DENS_REF_V_LOW_S015,G1_D060_DENS_REF_V_LOW,15,4.8330039978,14.2187128249,7.568267312,0,0,19.3320159912,
G1_D060_DENS_REF_V_LOW_S015,G1_D060_DENS_REF_V_LOW,15,4.84200382233,14.5785824256,10.6608779358,0,0,19.3680152893,
G1_D060_DENS_REF_V_LOW_S015,G1_D060_DENS_REF_V_LOW,15,4.85100841522,14.3685509178,10.7670749048,0,0,19.4040336609,
G1_D060_DENS_REF_V_LOW_S015,G1_D060_DENS_REF_V_LOW,15,4.86001253128,14.9035548527,11.5205858056,0,0,19.4400501251,
G1_D060_DENS_REF_V_LOW_S015,G1_D060_DENS_REF_V_LOW,15,4.86901664734,14.4461812626,11.1458455463,0,0,19.4760665894,
G1_D060_DENS_REF_V_LOW_S015,G1_D060_DENS_REF_V_LOW,15,4.87800359726,14.4824496278,14.9133393202,0,0,19.512014389,
G1_D060_DENS_REF_V_LOW_S015,G1_D060_DENS_REF_V_LOW,15,4.88700771332,14.9442985872,11.3530051295,0,0,19.5480308533,
G1_D060_DENS_REF_V_LOW_S015,G1_D060_DENS_REF_V_LOW,15,4.89601230621,13.720281197,10.2336635755,0,0,19.5840492249,
G1_D060_DENS_REF_V_LOW_S015,G1_D060_DENS_REF_V_LOW,15,4.90501642227,16.2668526779,10.5885404657,0,0,19.6200656891,
G1_D060_DENS_REF_V_LOW_S015,G1_D060_DENS_REF_V_LOW,15,4.91401481628,12.6856436828,12.1132421434,0,0,19.6560592651,
G1_D060_DENS_REF_V_LOW_S015,G1_D060_DENS_REF_V_LOW,15,4.92301416397,14.6804305367,9.8374230533,0,0,19.6920566559,
G1_D060_DENS_REF_V_LOW_S015,G1_D060_DENS_REF_V_LOW,15,4.93201684952,15.5757979775,9.58840965091,0,0,19.7280673981,
G1_D060_DENS_REF_V_LOW_S015,G1_D060_DENS_REF_V_LOW,15,4.9410033226,15.185512617,8.27465370093,0,0,19.7640132904,
G1_D060_DENS_REF_V_LOW_S015,G1_D060_DENS_REF_V_LOW,15,4.95001649857,14.5684780899,9.55678804899,0,0,19.8000659943,
G1_D060_DENS_REF_V_LOW_S015,G1_D060_DENS_REF_V_LOW,15,4.95900201797,15.2256760991,11.0767945462,0,0,19.8360080719,
G1_D060_DENS_REF_V_LOW_S015,G1_D060_DENS_REF_V_LOW,15,4.96800613403,14.8566062168,11.4772651082,0,0,19.8720245361,
G1_D060_DENS_REF_V_LOW_S015,G1_D060_DENS_REF_V_LOW,15,4.97701025009,15.3286881689,11.6057580666,0,0,19.9080410004,
G1_D060_DENS_REF_V_LOW_S015,G1_D060_DENS_REF_V_LOW,15,4.98601484299,15.0668389133,11.6050976486,0,0,19.9440593719,
G1_D060_DENS_REF_V_LOW_S015,G1_D060_DENS_REF_V_LOW,15,4.99500179291,15.0858646295,10.9875521449,0,0,19.9800071716,
G1_D060_DENS_REF_V_LOW_S015,G1_D060_DENS_REF_V_LOW,15,5.00400590897,15.2047559279,11.4755640695,0,0,20.0160236359,
G1_D060_DENS_REF_V_LOW_S015,G1_D060_DENS_REF_V_LOW,15,5.01301002502,15.7499617706,11.0225168628,0,0,20.0520401001,
G1_D060_DENS_REF_V_LOW_S015,G1_D060_DENS_REF_V_LOW,15,5.02201461792,15.0399849705,10.4932895107,0,0,20.0880584717,
G1_D060_DENS_REF_V_LOW_S015,G1_D060_DENS_REF_V_LOW,15,5.031001091,14.9787597079,9.9584686591,0,0,20.124004364,
G1_D060_DENS_REF_V_LOW_S015,G1_D060_DENS_REF_V_LOW,15,5.04000043869,16.756338748,10.3272884924,0,0,20.1600017548,
G1_D060_DENS_REF_V_LOW_S015,G1_D060_DENS_REF_V_LOW,15,5.04900932312,18.1947844394,6.4753887601,0,0,20.1960372925,
G1_D060_DENS_REF_V_LOW_S015,G1_D060_DENS_REF_V_LOW,15,5.05800390244,14.0098599549,6.99824385454,0,0,20.2320156097,
G1_D060_DENS_REF_V_LOW_S015,G1_D060_DENS_REF_V_LOW,15,5.06700992584,15.8927487606,9.75975660356,0,0,20.2680397034,
G1_D060_DENS_REF_V_LOW_S015,G1_D060_DENS_REF_V_LOW,15,5.07601690292,15.2229648007,7.83916996949,0,0,20.3040676117,
G1_D060_DENS_REF_V_LOW_S015,G1_D060_DENS_REF_V_LOW,15,5.0850110054,15.4771792473,10.9113694196,0,0,20.3400440216,
G1_D060_DENS_REF_V_LOW_S015,G1_D060_DENS_REF_V_LOW,15,5.0940155983,14.6389908447,10.7224819967,0,0,20.3760623932,
G1_D060_DENS_REF_V_LOW_S015,G1_D060_DENS_REF_V_LOW,15,5.10300207138,15.5062972105,11.5817728905,0,0,20.4120082855,
G1_D060_DENS_REF_V_LOW_S015,G1_D060_DENS_REF_V_LOW,15,5.11200666428,15.600500151,12.3957269032,0,0,20.4480266571,
G1_D060_DENS_REF_V_LOW_S015,G1_D060_DENS_REF_V_LOW,15,5.12101078033,15.560480005,12.0016343711,0,0,20.4840431213,
G1_D060_DENS_REF_V_LOW_S015,G1_D060_DENS_REF_V_LOW,15,5.13001537323,15.261465238,11.1894304054,0,0,20.5200614929,
G1_D060_DENS_REF_V_LOW_S015,G1_D060_DENS_REF_V_LOW,15,5.13900184631,15.8556765041,10.9817623716,0,0,20.5560073853,
G1_D060_DENS_REF_V_LOW_S015,G1_D060_DENS_REF_V_LOW,15,5.14801740646,15.7294405229,9.50835775058,0,0,20.5920696259,
G1_D060_DENS_REF_V_LOW_S015,G1_D060_DENS_REF_V_LOW,15,5.15701341629,15.0796148276,8.31926345351,0,0,20.6280536652,
G1_D060_DENS_REF_V_LOW_S015,G1_D060_DENS_REF_V_LOW,15,5.16600608826,16.0766525046,10.3118805636,0,0,20.664024353,
G1_D060_DENS_REF_V_LOW_S015,G1_D060_DENS_REF_V_LOW,15,5.17501497269,15.7363586511,9.1859968806,0,0,20.7000598907,
G1_D060_DENS_REF_V_LOW_S015,G1_D060_DENS_REF_V_LOW,15,5.18400716782,16.0064695957,8.00158599912,0,0,20.7360286713,
G1_D060_DENS_REF_V_LOW_S015,G1_D060_DENS_REF_V_LOW,15,5.19301176071,21.1464057685,3.1429245158,0,0,20.7720470428,
G1_D060_DENS_REF_V_LOW_S015,G1_D060_DENS_REF_V_LOW,15,5.20201301575,15.3076868314,11.4218652852,0,0,20.808052063,
G1_D060_DENS_REF_V_LOW_S015,G1_D060_DENS_REF_V_LOW,15,5.21101713181,15.7678356167,11.4239274137,0,0,20.8440685272,
G1_D060_DENS_REF_V_LOW_S015,G1_D060_DENS_REF_V_LOW,15,5.22000408173,15.4891901265,11.9381936514,0,0,20.8800163269,
G1_D060_DENS_REF_V_LOW_S015,G1_D060_DENS_REF_V_LOW,15,5.22900819778,15.5839163303,13.4416000225,0,0,20.9160327911,
G1_D060_DENS_REF_V_LOW_S015,G1_D060_DENS_REF_V_LOW,15,5.23801231384,16.3177646448,12.1703432808,0,0,20.9520492554,
G1_D060_DENS_REF_V_LOW_S015,G1_D060_DENS_REF_V_LOW,15,5.24701690674,16.1497297678,11.4857565132,0,0,20.988067627,
G1_D060_DENS_REF_V_LOW_S015,G1_D060_DENS_REF_V_LOW,15,5.25600385666,15.5315433706,11.1590700925,0,0,21.0240154266,
G1_D060_DENS_REF_V_LOW_S015,G1_D060_DENS_REF_V_LOW,15,5.26500797272,15.8211134938,10.2474190348,0,0,21.0600318909,
G1_D060_DENS_REF_V_LOW_S015,G1_D060_DENS_REF_V_LOW,15,5.27401018143,15.4231553314,9.72138941144,0,0,21.0960407257,
G1_D060_DENS_REF_V_LOW_S015,G1_D060_DENS_REF_V_LOW,15,5.28300380707,15.5716481367,8.87544080971,0,0,21.1320152283,
G1_D060_DENS_REF_V_LOW_S015,G1_D060_DENS_REF_V_LOW,15,5.29201316833,16.0683027417,7.40349056629,0,0,21.1680526733,
G1_D060_DENS_REF_V_LOW_S015,G1_D060_DENS_REF_V_LOW,15,5.30101203918,15.0029679761,7.02262662694,0,0,21.2040481567,
G1_D060_DENS_REF_V_LOW_S015,G1_D060_DENS_REF_V_LOW,15,5.31000757217,16.3846197372,12.0292496988,0,0,21.2400302887,
G1_D060_DENS_REF_V_LOW_S015,G1_D060_DENS_REF_V_LOW,15,5.31900644302,15.1662071362,9.78192509045,0,0,21.2760257721,
G1_D060_DENS_REF_V_LOW_S015,G1_D060_DENS_REF_V_LOW,15,5.32801103592,16.4741996548,12.0064578424,0,0,21.3120441437,
G1_D060_DENS_REF_V_LOW_S015,G1_D060_DENS_REF_V_LOW,15,5.33701515198,15.5193770667,10.6073035779,0,0,21.3480606079,
G1_D060_DENS_REF_V_LOW_S015,G1_D060_DENS_REF_V_LOW,15,5.3460021019,15.6661446572,11.8921103615,0,0,21.3840084076,
G1_D060_DENS_REF_V_LOW_S015,G1_D060_DENS_REF_V_LOW,15,5.35500621796,16.4745450432,12.064985576,0,0,21.4200248718,
G1_D060_DENS_REF_V_LOW_S015,G1_D060_DENS_REF_V_LOW,15,5.36401081085,16.3901684007,11.5256952839,0,0,21.4560432434,
G1_D060_DENS_REF_V_LOW_S015,G1_D060_DENS_REF_V_LOW,15,5.37301492691,16.5952392686,11.2625024819,0,0,21.4920597076,
G1_D060_DENS_REF_V_LOW_S015,G1_D060_DENS_REF_V_LOW,15,5.3820104599,20.5996111395,13.2492007154,0,0,21.5280418396,
G1_D060_DENS_REF_V_LOW_S015,G1_D060_DENS_REF_V_LOW,15,5.39100694656,16.5611822522,9.66439800784,0,0,21.5640277863,
G1_D060_DENS_REF_V_LOW_S015,G1_D060_DENS_REF_V_LOW,15,5.40001726151,16.2150029816,9.82916882899,0,0,21.600069046,
G1_D060_DENS_REF_V_LOW_S015,G1_D060_DENS_REF_V_LOW,15,5.40900278091,14.4022245532,8.00304568594,0,0,21.6360111237,
G1_D060_DENS_REF_V_LOW_S015,G1_D060_DENS_REF_V_LOW,15,5.41801404953,16.0218272878,7.92223017897,0,0,21.6720561981,
G1_D060_DENS_REF_V_LOW_S015,G1_D060_DENS_REF_V_LOW,15,5.42700958252,14.9060710067,6.94439459733,0,0,21.7080383301,
G1_D060_DENS_REF_V_LOW_S015,G1_D060_DENS_REF_V_LOW,15,5.43600130081,16.4519739157,9.66545193527,0,0,21.7440052032,
G1_D060_DENS_REF_V_LOW_S015,G1_D060_DENS_REF_V_LOW,15,5.44500780106,16.2826818251,12.3507572752,0,0,21.7800312042,
G1_D060_DENS_REF_V_LOW_S015,G1_D060_DENS_REF_V_LOW,15,5.45401191711,14.9675587643,10.9484807251,0,0,21.8160476685,
G1_D060_DENS_REF_V_LOW_S015,G1_D060_DENS_REF_V_LOW,15,5.46301603317,15.8577833729,11.5808454457,0,0,21.8520641327,
G1_D060_DENS_REF_V_LOW_S015,G1_D060_DENS_REF_V_LOW,15,5.47200298309,16.5468175515,12.7578943625,0,0,21.8880119324,
G1_D060_DENS_REF_V_LOW_S015,G1_D060_DENS_REF_V_LOW,15,5.48100709915,15.1789036113,10.3700217646,0,0,21.9240283966,
G1_D060_DENS_REF_V_LOW_S015,G1_D060_DENS_REF_V_LOW,15,5.49001169205,16.1061054946,13.7682032481,0,0,21.9600467682,
G1_D060_DENS_REF_V_LOW_S015,G1_D060_DENS_REF_V_LOW,15,5.49901580811,16.4610800791,12.2479067677,0,0,21.9960632324,
G1_D060_DENS_REF_V_LOW_S015,G1_D060_DENS_REF_V_LOW,15,5.5080037117,19.1566132299,10.5905437005,0,0,22.0320148468,
G1_D060_DENS_REF_V_LOW_S015,G1_D060_DENS_REF_V_LOW,15,5.51700115204,16.7673341855,9.16594825762,0,0,22.0680046082,
G1_D060_DENS_REF_V_LOW_S015,G1_D060_DENS_REF_V_LOW,15,5.52601575851,19.2107753011,8.94791946699,0,0,22.1040630341,
G1_D060_DENS_REF_V_LOW_S015,G1_D060_DENS_REF_V_LOW,15,5.53500938416,16.8943939179,9.35410812179,0,0,22.1400375366,
G1_D060_DENS_REF_V_LOW_S015,G1_D060_DENS_REF_V_LOW,15,5.54401063919,24.4215350782,2.09780766754,0,0,22.1760425568,
G1_D060_DENS_REF_V_LOW_S015,G1_D060_DENS_REF_V_LOW,15,5.55301475525,17.7997672587,9.52128437002,0,0,22.212059021,
G1_D060_DENS_REF_V_LOW_S015,G1_D060_DENS_REF_V_LOW,15,5.56201314926,16.5723486569,10.0335711984,0,0,22.248052597,
G1_D060_DENS_REF_V_LOW_S015,G1_D060_DENS_REF_V_LOW,15,5.57100820541,15.9297571203,11.1046727264,0,0,22.2840328217,
G1_D060_DENS_REF_V_LOW_S015,G1_D060_DENS_REF_V_LOW,15,5.58001089096,15.9960319603,11.679823733,0,0,22.3200435638,
G1_D060_DENS_REF_V_LOW_S015,G1_D060_DENS_REF_V_LOW,15,5.58901500702,17.6096016243,12.8904611967,0,0,22.3560600281,
G1_D060_DENS_REF_V_LOW_S015,G1_D060_DENS_REF_V_LOW,15,5.59800195694,15.5007692703,11.6821950089,0,0,22.3920078278,
G1_D060_DENS_REF_V_LOW_S015,G1_D060_DENS_REF_V_LOW,15,5.607006073,16.4079386304,10.3251237359,0,0,22.428024292,
G1_D060_DENS_REF_V_LOW_S015,G1_D060_DENS_REF_V_LOW,15,5.61601114273,14.6925450324,8.63316540731,0,0,22.4640445709,
G1_D060_DENS_REF_V_LOW_S015,G1_D060_DENS_REF_V_LOW,15,5.62500905991,16.3642090138,8.61185417085,0,0,22.5000362396,
G1_D060_DENS_REF_V_LOW_S015,G1_D060_DENS_REF_V_LOW,15,5.63400316238,17.029483929,10.6035928371,0,0,22.5360126495,
G1_D060_DENS_REF_V_LOW_S015,G1_D060_DENS_REF_V_LOW,15,5.6430015564,19.3330358626,9.73355155797,0,0,22.5720062256,
G1_D060_DENS_REF_V_LOW_S015,G1_D060_DENS_REF_V_LOW,15,5.65200185776,16.4221599949,8.25047551923,0,0,22.608007431,
G1_D060_DENS_REF_V_LOW_S015,G1_D060_DENS_REF_V_LOW,15,5.6610045433,14.6553467092,5.31852180576,0,0,22.6440181732,
G1_D060_DENS_REF_V_LOW_S015,G1_D060_DENS_REF_V_LOW,15,5.67000722885,16.9712583641,9.9715727045,0,0,22.6800289154,
G1_D060_DENS_REF_V_LOW_S015,G1_D060_DENS_REF_V_LOW,15,5.6790060997,14.5082371841,4.63524550785,0,0,22.7160243988,
G1_D060_DENS_REF_V_LOW_S015,G1_D060_DENS_REF_V_LOW,15,5.68800354004,16.6496206614,10.6887195828,0,0,22.7520141602,
G1_D060_DENS_REF_V_LOW_S015,G1_D060_DENS_REF_V_LOW,15,5.69700813293,15.9267384263,12.3537038959,0,0,22.7880325317,
G1_D060_DENS_REF_V_LOW_S015,G1_D060_DENS_REF_V_LOW,15,5.70601224899,17.2131424473,11.9956942135,0,0,22.824048996,
G1_D060_DENS_REF_V_LOW_S015,G1_D060_DENS_REF_V_LOW,15,5.71500587463,16.6815863515,11.5128418912,0,0,22.8600234985,
G1_D060_DENS_REF_V_LOW_S015,G1_D060_DENS_REF_V_LOW,15,5.72401094437,18.6517832831,12.1186009649,0,0,22.8960437775,
G1_D060_DENS_REF_V_LOW_S015,G1_D060_DENS_REF_V_LOW,15,5.73301076889,18.3406954669,11.8029485492,0,0,22.9320430756,
G1_D060_DENS_REF_V_LOW_S015,G1_D060_DENS_REF_V_LOW,15,5.74201393127,17.9988093732,10.0202129184,0,0,22.9680557251,
G1_D060_DENS_REF_V_LOW_S015,G1_D060_DENS_REF_V_LOW,15,5.75101137161,17.3806609688,12.6542227349,0,0,23.0040454865,
G1_D060_DENS_REF_V_LOW_S015,G1_D060_DENS_REF_V_LOW,15,5.76000213623,21.1175261232,11.6781188972,0,0,23.0400085449,
G1_D060_DENS_REF_V_LOW_S015,G1_D060_DENS_REF_V_LOW,15,5.76901388168,17.2933018982,10.2567566891,0,0,23.0760555267,
G1_D060_DENS_REF_V_LOW_S015,G1_D060_DENS_REF_V_LOW,15,5.77800798416,17.6820606423,8.11151419942,0,0,23.1120319366,
G1_D060_DENS_REF_V_LOW_S015,G1_D060_DENS_REF_V_LOW,15,5.78701210022,17.4569589782,6.41463636631,0,0,23.1480484009,
G1_D060_DENS_REF_V_LOW_S015,G1_D060_DENS_REF_V_LOW,15,5.79601049423,16.2601849561,8.59561628035,0,0,23.1840419769,
G1_D060_DENS_REF_V_LOW_S015,G1_D060_DENS_REF_V_LOW,15,5.80500650406,17.3632723933,13.247249462,0,0,23.2200260162,
G1_D060_DENS_REF_V_LOW_S015,G1_D060_DENS_REF_V_LOW,15,5.81400203705,15.9003956583,10.8250648544,0,0,23.2560081482,
G1_D060_DENS_REF_V_LOW_S015,G1_D060_DENS_REF_V_LOW,15,5.82300567627,18.9307465306,14.9216168882,0,0,23.2920227051,
G1_D060_DENS_REF_V_LOW_S015,G1_D060_DENS_REF_V_LOW,15,5.83201026917,17.3431362536,12.2868540013,0,0,23.3280410767,
G1_D060_DENS_REF_V_LOW_S015,G1_D060_DENS_REF_V_LOW,15,5.84101009369,17.637610891,11.8077477619,0,0,23.3640403748,
G1_D060_DENS_REF_V_LOW_S015,G1_D060_DENS_REF_V_LOW,15,5.8500084877,17.9497590494,11.3782001294,0,0,23.4000339508,
G1_D060_DENS_REF_V_LOW_S015,G1_D060_DENS_REF_V_LOW,15,5.85901403427,15.8993698549,10.8947765987,0,0,23.4360561371,
G1_D060_DENS_REF_V_LOW_S015,G1_D060_DENS_REF_V_LOW,15,5.86801481247,18.1026192901,7.8184449885,0,0,23.4720592499,
G1_D060_DENS_REF_V_LOW_S015,G1_D060_DENS_REF_V_LOW,15,5.87700843811,23.4748032117,2.98859437558,0,0,23.5080337524,
G1_D060_DENS_REF_V_LOW_S015,G1_D060_DENS_REF_V_LOW,15,5.88600111008,16.2818200812,9.94459264547,0,0,23.5440044403,
G1_D060_DENS_REF_V_LOW_S015,G1_D060_DENS_REF_V_LOW,15,5.8950009346,17.8826656391,4.53402205168,0,0,23.5800037384,
G1_D060_DENS_REF_V_LOW_S015,G1_D060_DENS_REF_V_LOW,15,5.90400362015,15.2497755699,8.20703386707,0,0,23.6160144806,
G1_D060_DENS_REF_V_LOW_S015,G1_D060_DENS_REF_V_LOW,15,5.91300678253,17.1147344039,7.2797700184,0,0,23.6520271301,
G1_D060_DENS_REF_V_LOW_S015,G1_D060_DENS_REF_V_LOW,15,5.92201185226,18.1469464286,14.8892607607,0,0,23.6880474091,
G1_D060_DENS_REF_V_LOW_S015,G1_D060_DENS_REF_V_LOW,15,5.93100214005,18.070950634,12.3404969521,0,0,23.7240085602,
G1_D060_DENS_REF_V_LOW_S015,G1_D060_DENS_REF_V_LOW,15,5.94000434875,16.5478122699,11.0262759161,0,0,23.760017395,
G1_D060_DENS_REF_V_LOW_S015,G1_D060_DENS_REF_V_LOW,15,5.94900608063,19.6542418299,11.6489628739,0,0,23.7960243225,
G1_D060_DENS_REF_V_LOW_S015,G1_D060_DENS_REF_V_LOW,15,5.95800018311,18.5057099231,10.0341483754,0,0,23.8320007324,
G1_D060_DENS_REF_V_LOW_S015,G1_D060_DENS_REF_V_LOW,15,5.96701097488,18.5593556387,6.26322883363,0,0,23.8680438995,
G1_D060_DENS_REF_V_LOW_S015,G1_D060_DENS_REF_V_LOW,15,5.97601461411,17.7411738552,10.7809028443,0,0,23.9040584564,
G1_D060_DENS_REF_V_LOW_S015,G1_D060_DENS_REF_V_LOW,15,5.98501253128,17.7201846063,10.7625996435,0,0,23.9400501251,
G1_D060_DENS_REF_V_LOW_S015,G1_D060_DENS_REF_V_LOW,15,5.99400758743,19.9825351658,7.6832154514,0,0,23.9760303497,
G1_D060_DENS_REF_V_LOW_S015,G1_D060_DENS_REF_V_LOW,15,6.00300836563,18.1313590532,9.60576312919,0,0,24.0120334625,
G1_D060_DENS_REF_V_LOW_S015,G1_D060_DENS_REF_V_LOW,15,6.01200580597,17.8474256676,7.97279918985,0,0,24.0480232239,
G1_D060_DENS_REF_V_LOW_S015,G1_D060_DENS_REF_V_LOW,15,6.02100133896,18.5316382251,8.7783062202,0,0,24.0840053558,
G1_D060_DENS_REF_V_LOW_S015,G1_D060_DENS_REF_V_LOW,15,6.03000020981,17.8108835821,9.38198544201,0,0,24.1200008392,
G1_D060_DENS_REF_V_LOW_S015,G1_D060_DENS_REF_V_LOW,15,6.03901290894,17.1729047067,13.6431155503,0,0,24.1560516357,
G1_D060_DENS_REF_V_LOW_S015,G1_D060_DENS_REF_V_LOW,15,6.04801130295,18.3567404819,10.5416451423,0,0,24.1920452118,
G1_D060_DENS_REF_V_LOW_S015,G1_D060_DENS_REF_V_LOW,15,6.05700349808,17.1669381233,10.3594501316,0,0,24.2280139923,
G1_D060_DENS_REF_V_LOW_S015,G1_D060_DENS_REF_V_LOW,15,6.06600093842,21.3983820987,13.6854727121,0,0,24.2640037537,
G1_D060_DENS_REF_V_LOW_S015,G1_D060_DENS_REF_V_LOW,15,6.07500839233,20.2416385843,12.3700793242,0,0,24.3000335693,
G1_D060_DENS_REF_V_LOW_S015,G1_D060_DENS_REF_V_LOW,15,6.08400535583,21.7130792229,14.1945998336,0,0,24.3360214233,
G1_D060_DENS_REF_V_LOW_S015,G1_D060_DENS_REF_V_LOW,15,6.09300708771,19.4646305438,12.0258898815,0,0,24.3720283508,
G1_D060_DENS_REF_V_LOW_S015,G1_D060_DENS_REF_V_LOW,15,6.10200738907,17.7858964633,10.7288269637,0,0,24.4080295563,
G1_D060_DENS_REF_V_LOW_S015,G1_D060_DENS_REF_V_LOW,15,6.11101293564,18.6079586847,9.96184771532,0,0,24.4440517426,
G1_D060_DENS_REF_V_LOW_S015,G1_D060_DENS_REF_V_LOW,15,6.12000751495,19.1732005045,9.59880836926,0,0,24.4800300598,
G1_D060_DENS_REF_V_LOW_S015,G1_D060_DENS_REF_V_LOW,15,6.12900257111,19.1304397021,8.3571931311,0,0,24.5160102844,
G1_D060_DENS_REF_V_LOW_S015,G1_D060_DENS_REF_V_LOW,15,6.13800668716,17.7141057717,6.98962599613,0,0,24.5520267487,
G1_D060_DENS_REF_V_LOW_S015,G1_D060_DENS_REF_V_LOW,15,6.14700508118,20.801435357,9.64365138416,0,0,24.5880203247,
G1_D060_DENS_REF_V_LOW_S015,G1_D060_DENS_REF_V_LOW,15,6.15601062775,16.9659428377,7.8341189387,0,0,24.624042511,
G1_D060_DENS_REF_V_LOW_S015,G1_D060_DENS_REF_V_LOW,15,6.16500377655,16.9748106831,13.707134058,0,0,24.6600151062,
G1_D060_DENS_REF_V_LOW_S015,G1_D060_DENS_REF_V_LOW,15,6.1740026474,17.1284100549,8.61714435945,0,0,24.6960105896,
G1_D060_DENS_REF_V_LOW_S015,G1_D060_DENS_REF_V_LOW,15,6.18301343918,19.4104460224,13.4789804986,0,0,24.7320537567,
G1_D060_DENS_REF_V_LOW_S015,G1_D060_DENS_REF_V_LOW,15,6.19200754166,18.2519669315,12.7997615296,0,0,24.7680301666,
G1_D060_DENS_REF_V_LOW_S015,G1_D060_DENS_REF_V_LOW,15,6.20100879669,13.4012641282,5.72281763729,0,0,24.8040351868,
G1_D060_DENS_REF_V_LOW_S015,G1_D060_DENS_REF_V_LOW,15,6.21000099182,19.9180114447,9.778721491,0,0,24.8400039673,
G1_D060_DENS_REF_V_LOW_S015,G1_D060_DENS_REF_V_LOW,15,6.21901416779,19.5326064213,9.45585353979,0,0,24.8760566711,
G1_D060_DENS_REF_V_LOW_S015,G1_D060_DENS_REF_V_LOW,15,6.2280163765,17.9124415671,9.97070274681,0,0,24.912065506,
G1_D060_DENS_REF_V_LOW_S015,G1_D060_DENS_REF_V_LOW,15,6.23700332642,17.9851907113,0.192752001854,0,0,24.9480133057,
G1_D060_DENS_REF_V_LOW_S015,G1_D060_DENS_REF_V_LOW,15,6.24600887299,20.9103380248,9.52703801391,0,0,24.9840354919,
G1_D060_DENS_REF_V_LOW_S015,G1_D060_DENS_REF_V_LOW,15,6.25500822067,18.7370544813,7.61726963822,0,0,25.0200328827,
G1_D060_DENS_REF_V_LOW_S015,G1_D060_DENS_REF_V_LOW,15,6.2640042305,18.8900079769,4.58114315662,0,0,25.056016922,
G1_D060_DENS_REF_V_LOW_S015,G1_D060_DENS_REF_V_LOW,15,6.27301311493,18.072017884,5.52385376594,0,0,25.0920524597,
G1_D060_DENS_REF_V_LOW_S015,G1_D060_DENS_REF_V_LOW,15,6.28200435638,16.2184430493,12.0649965398,0,0,25.1280174255,
G1_D060_DENS_REF_V_LOW_S015,G1_D060_DENS_REF_V_LOW,15,6.29101371765,18.1947568083,13.6372994244,0,0,25.1640548706,
G1_D060_DENS_REF_V_LOW_S015,G1_D060_DENS_REF_V_LOW,15,6.30001068115,22.3305523932,18.4931289666,0,0,25.2000427246,
G1_D060_DENS_REF_V_LOW_S015,G1_D060_DENS_REF_V_LOW,15,6.30900669098,16.9113075845,9.8976162565,0,0,25.2360267639,
G1_D060_DENS_REF_V_LOW_S015,G1_D060_DENS_REF_V_LOW,15,6.31800460815,18.8313420419,11.6330135873,0,0,25.2720184326,
G1_D060_DENS_REF_V_LOW_S015,G1_D060_DENS_REF_V_LOW,15,6.32700109482,18.3826584222,11.9686404192,0,0,25.3080043793,
G1_D060_DENS_REF_V_LOW_S015,G1_D060_DENS_REF_V_LOW,15,6.3360004425,19.298718078,11.1359135815,0,0,25.34400177,
G1_D060_DENS_REF_V_LOW_S015,G1_D060_DENS_REF_V_LOW,15,6.34501361847,19.418419312,3.13417644864,0,0,25.3800544739,
G1_D060_DENS_REF_V_LOW_S015,G1_D060_DENS_REF_V_LOW,15,6.35400009155,25.0057318096,4.13602692838,0,0,25.4160003662,
G1_D060_DENS_REF_V_LOW_S015,G1_D060_DENS_REF_V_LOW,15,6.36300420761,17.3437130521,6.6647475713,0,0,25.4520168304,
G1_D060_DENS_REF_V_LOW_S015,G1_D060_DENS_REF_V_LOW,15,6.37200784683,19.6788852874,8.91984733576,0,0,25.4880313873,
G1_D060_DENS_REF_V_LOW_S015,G1_D060_DENS_REF_V_LOW,15,6.38100862503,23.1680172072,14.976547883,0,0,25.5240345001,
G1_D060_DENS_REF_V_LOW_S015,G1_D060_DENS_REF_V_LOW,15,6.39000368118,17.4382769233,5.29329989118,0,0,25.5600147247,
G1_D060_DENS_REF_V_LOW_S015,G1_D060_DENS_REF_V_LOW,15,6.39901256561,18.168009936,9.57988236976,0,0,25.5960502625,
G1_D060_DENS_REF_V_LOW_S015,G1_D060_DENS_REF_V_LOW,15,6.40800189972,19.1530350068,12.5172358673,0,0,25.6320075989,
G1_D060_DENS_REF_V_LOW_S015,G1_D060_DENS_REF_V_LOW,15,6.4170050621,19.6300180193,15.3514869921,0,0,25.6680202484,
G1_D060_DENS_REF_V_LOW_S015,G1_D060_DENS_REF_V_LOW,15,6.42601633072,15.3904142446,9.23103889148,0,0,25.7040653229,
G1_D060_DENS_REF_V_LOW_S015,G1_D060_DENS_REF_V_LOW,15,6.43501138687,18.7903617164,11.4356382205,0,0,25.7400455475,
G1_D060_DENS_REF_V_LOW_S015,G1_D060_DENS_REF_V_LOW,15,6.44401550293,18.5138386374,10.5035265349,0,0,25.7760620117,
G1_D060_DENS_REF_V_LOW_S015,G1_D060_DENS_REF_V_LOW,15,6.45300149918,22.9784145557,7.15380497648,0,0,25.8120059967,
G1_D060_DENS_REF_V_LOW_S015,G1_D060_DENS_REF_V_LOW,15,6.46200037003,21.3714193586,10.6268263749,0,0,25.8480014801,
G1_D060_DENS_REF_V_LOW_S015,G1_D060_DENS_REF_V_LOW,15,6.47100734711,17.4241557214,3.95420346257,0,0,25.8840293884,
G1_D060_DENS_REF_V_LOW_S015,G1_D060_DENS_REF_V_LOW,15,6.48000955582,17.5654316375,6.74945243964,0,0,25.9200382233,
G1_D060_DENS_REF_V_LOW_S015,G1_D060_DENS_REF_V_LOW,15,6.48901319504,19.9917535804,9.76294774923,0,0,25.9560527802,
G1_D060_DENS_REF_V_LOW_S015,G1_D060_DENS_REF_V_LOW,15,6.4980006218,21.0359384915,11.9150678522,0,0,25.9920024872,
G1_D060_DENS_REF_V_LOW_S015,G1_D060_DENS_REF_V_LOW,15,6.50700616837,20.3230863336,5.80779124656,0,0,26.0280246735,
G1_D060_DENS_REF_V_LOW_S015,G1_D060_DENS_REF_V_LOW,15,6.51600599289,20.0602440865,4.56587702012,0,0,26.0640239716,
G1_D060_DENS_REF_V_LOW_S015,G1_D060_DENS_REF_V_LOW,15,6.52500534058,17.2067734865,13.3093808219,0,0,26.1000213623,
G1_D060_DENS_REF_V_LOW_S015,G1_D060_DENS_REF_V_LOW,15,6.53400611877,18.6855657158,11.798979103,0,0,26.1360244751,
G1_D060_DENS_REF_V_LOW_S015,G1_D060_DENS_REF_V_LOW,15,6.54301691055,21.150032346,12.7404548959,0,0,26.1720676422,
G1_D060_DENS_REF_V_LOW_S015,G1_D060_DENS_REF_V_LOW,15,6.55201435089,19.9954475086,13.5063935193,0,0,26.2080574036,
G1_D060_DENS_REF_V_LOW_S015,G1_D060_DENS_REF_V_LOW,15,6.56101083755,17.9443088215,6.67654482548,0,0,26.2440433502,
G1_D060_DENS_REF_V_LOW_S015,G1_D060_DENS_REF_V_LOW,15,6.57000827789,19.6306863457,10.294391469,0,0,26.2800331116,
G1_D060_DENS_REF_V_LOW_S015,G1_D060_DENS_REF_V_LOW,15,6.57900285721,18.8557661777,8.43366613001,0,0,26.3160114288,
G1_D060_DENS_REF_V_LOW_S015,G1_D060_DENS_REF_V_LOW,15,6.58801364899,23.0097879048,2.65111271994,0,0,26.3520545959,
G1_D060_DENS_REF_V_LOW_S015,G1_D060_DENS_REF_V_LOW,15,6.59700584412,21.9367941529,10.6479462211,0,0,26.3880233765,
G1_D060_DENS_REF_V_LOW_S015,G1_D060_DENS_REF_V_LOW,15,6.60600805283,18.1242250572,8.39804804862,0,0,26.4240322113,
G1_D060_DENS_REF_V_LOW_S015,G1_D060_DENS_REF_V_LOW,15,6.61500740051,18.4288161188,9.73696942277,0,0,26.4600296021,
G1_D060_DENS_REF_V_LOW_S015,G1_D060_DENS_REF_V_LOW,15,6.6240105629,19.2121085,10.1287486578,0,0,26.4960422516,
G1_D060_DENS_REF_V_LOW_S015,G1_D060_DENS_REF_V_LOW,15,6.63301181793,18.2556574059,7.80826386967,0,0,26.5320472717,
G1_D060_DENS_REF_V_LOW_S015,G1_D060_DENS_REF_V_LOW,15,6.64200019836,18.670995509,14.0009752869,0,0,26.5680007935,
G1_D060_DENS_REF_V_LOW_S015,G1_D060_DENS_REF_V_LOW,15,6.65100240707,19.5519257176,13.291825305,0,0,26.6040096283,
G1_D060_DENS_REF_V_LOW_S015,G1_D060_DENS_REF_V_LOW,15,6.66001033783,19.7239601916,14.5772076109,0,0,26.6400413513,
G1_D060_DENS_REF_V_LOW_S015,G1_D060_DENS_REF_V_LOW,15,6.66900730133,18.9125635619,9.85378014745,0,0,26.6760292053,
G1_D060_DENS_REF_V_LOW_S015,G1_D060_DENS_REF_V_LOW,15,6.67801618576,20.2513992585,8.39357323922,0,0,26.712064743,
G1_D060_DENS_REF_V_LOW_S015,G1_D060_DENS_REF_V_LOW,15,6.68700456619,20.5007644529,9.83402330312,0,0,26.7480182648,
G1_D060_DENS_REF_V_LOW_S015,G1_D060_DENS_REF_V_LOW,15,6.69600439072,15.7314213249,6.32562327129,0,0,26.7840175629,
G1_D060_DENS_REF_V_LOW_S015,G1_D060_DENS_REF_V_LOW,15,6.70501232147,20.4285126679,10.5070902135,0,0,26.8200492859,
G1_D060_DENS_REF_V_LOW_S015,G1_D060_DENS_REF_V_LOW,15,6.71401071548,15.2786085878,6.51351794494,0,0,26.8560428619,
G1_D060_DENS_REF_V_LOW_S015,G1_D060_DENS_REF_V_LOW,15,6.72301006317,17.0779263695,8.69726776205,0,0,26.8920402527,
G1_D060_DENS_REF_V_LOW_S015,G1_D060_DENS_REF_V_LOW,15,6.7320098877,19.5170052303,9.97513084598,0,0,26.9280395508,
G1_D060_DENS_REF_V_LOW_S015,G1_D060_DENS_REF_V_LOW,15,6.74100351334,25.0214107129,13.112737493,0,0,26.9640140533,
G1_D060_DENS_REF_V_LOW_S015,G1_D060_DENS_REF_V_LOW,15,6.75000143051,18.9408474123,7.48618376117,0,0,27.000005722,
G1_D060_DENS_REF_V_LOW_S015,G1_D060_DENS_REF_V_LOW,15,6.75900936127,19.6231188874,11.7777037502,0,0,27.0360374451,
G1_D060_DENS_REF_V_LOW_S015,G1_D060_DENS_REF_V_LOW,15,6.76800537109,19.2898467787,13.4002918517,0,0,27.0720214844,
G1_D060_DENS_REF_V_LOW_S015,G1_D060_DENS_REF_V_LOW,15,6.77700233459,23.2203573549,12.8972262477,0,0,27.1080093384,
G1_D060_DENS_REF_V_LOW_S015,G1_D060_DENS_REF_V_LOW,15,6.78601551056,18.1851066584,10.3877245274,0,0,27.1440620422,
G1_D060_DENS_REF_V_LOW_S015,G1_D060_DENS_REF_V_LOW,15,6.79501342773,19.3527229975,5.85733647569,0,0,27.1800537109,
G1_D060_DENS_REF_V_LOW_S015,G1_D060_DENS_REF_V_LOW,15,6.80400419235,19.1691266491,4.18145597913,0,0,27.2160167694,
G1_D060_DENS_REF_V_LOW_S015,G1_D060_DENS_REF_V_LOW,15,6.81301212311,22.4717799549,12.1120614613,0,0,27.2520484924,
G1_D060_DENS_REF_V_LOW_S015,G1_D060_DENS_REF_V_LOW,15,6.82201194763,14.6220253699,6.23460076608,0,0,27.2880477905,
G1_D060_DENS_REF_V_LOW_S015,G1_D060_DENS_REF_V_LOW,15,6.83100557327,18.2707715992,0.751740145519,0,0,27.3240222931,
G1_D060_DENS_REF_V_LOW_S015,G1_D060_DENS_REF_V_LOW,15,6.84000205994,20.4418360228,9.07006361503,0,0,27.3600082397,
G1_D060_DENS_REF_V_LOW_S015,G1_D060_DENS_REF_V_LOW,15,6.84900569916,19.9970811954,10.3665983294,0,0,27.3960227966,
G1_D060_DENS_REF_V_LOW_S015,G1_D060_DENS_REF_V_LOW,15,6.85801267624,19.7992531209,7.60593256821,0,0,27.432050705,
G1_D060_DENS_REF_V_LOW_S015,G1_D060_DENS_REF_V_LOW,15,6.86700820923,23.182644403,12.4196847115,0,0,27.4680328369,
G1_D060_DENS_REF_V_LOW_S015,G1_D060_DENS_REF_V_LOW,15,6.87601137161,19.7536549533,9.35843827025,0,0,27.5040454865,
G1_D060_DENS_REF_V_LOW_S015,G1_D060_DENS_REF_V_LOW,15,6.88501167297,19.8090656033,16.4058250407,0,0,27.5400466919,
G1_D060_DENS_REF_V_LOW_S015,G1_D060_DENS_REF_V_LOW,15,6.89400959015,20.1044192541,13.0604759786,0,0,27.5760383606,
G1_D060_DENS_REF_V_LOW_S015,G1_D060_DENS_REF_V_LOW,15,6.90301561356,19.8373857196,9.84768591774,0,0,27.6120624542,
G1_D060_DENS_REF_V_LOW_S015,G1_D060_DENS_REF_V_LOW,15,6.91200828552,20.0045467642,11.0901784468,0,0,27.6480331421,
G1_D060_DENS_REF_V_LOW_S015,G1_D060_DENS_REF_V_LOW,15,6.92100381851,20.4124814685,9.21309379714,0,0,27.684015274,
G1_D060_DENS_REF_V_LOW_S015,G1_D060_DENS_REF_V_LOW,15,6.93000507355,19.5464323162,10.4765754713,0,0,27.7200202942,
G1_D060_DENS_REF_V_LOW_S015,G1_D060_DENS_REF_V_LOW,15,6.939016819,21.6903768479,12.2850312992,0,0,27.756067276,
G1_D060_DENS_REF_V_LOW_S015,G1_D060_DENS_REF_V_LOW,15,6.94801473618,16.0299128287,8.27109905835,0,0,27.7920589447,
G1_D060_DENS_REF_V_LOW_S015,G1_D060_DENS_REF_V_LOW,15,6.95701313019,19.9594977641,9.12381957214,0,0,27.8280525208,
G1_D060_DENS_REF_V_LOW_S015,G1_D060_DENS_REF_V_LOW,15,6.96600914001,18.3511313754,8.5575071518,0,0,27.8640365601,
G1_D060_DENS_REF_V_LOW_S015,G1_D060_DENS_REF_V_LOW,15,6.97501373291,15.0847921987,6.89054515475,0,0,27.9000549316,
G1_D060_DENS_REF_V_LOW_S015,G1_D060_DENS_REF_V_LOW,15,6.98401165009,20.93276927,10.9529891065,0,0,27.9360466003,
G1_D060_DENS_REF_V_LOW_S015,G1_D060_DENS_REF_V_LOW,15,6.99300336838,19.1456402426,5.55385391731,0,0,27.9720134735,
G1_D060_DENS_REF_V_LOW_S015,G1_D060_DENS_REF_V_LOW,15,7.0020031929,19.3474126519,12.3087035297,0,0,28.0080127716,
G1_D060_DENS_REF_V_LOW_S015,G1_D060_DENS_REF_V_LOW,15,7.01100873947,19.687687509,11.4378140245,0,0,28.0440349579,
G1_D060_DENS_REF_V_LOW_S015,G1_D060_DENS_REF_V_LOW,15,7.02000522614,19.8833068252,5.45261703526,0,0,28.0800209045,
G1_D060_DENS_REF_V_LOW_S015,G1_D060_DENS_REF_V_LOW,15,7.02901315689,19.3449483061,10.3781891252,0,0,28.1160526276,
G1_D060_DENS_REF_V_LOW_S015,G1_D060_DENS_REF_V_LOW,15,7.03800201416,20.2458039675,10.4906741313,0,0,28.1520080566,
G1_D060_DENS_REF_V_LOW_S015,G1_D060_DENS_REF_V_LOW,15,7.04700279236,19.1061778988,9.33358030792,0,0,28.1880111694,
G1_D060_DENS_REF_V_LOW_S015,G1_D060_DENS_REF_V_LOW,15,7.05601215363,18.97531026,7.78304767106,0,0,28.2240486145,
G1_D060_DENS_REF_V_LOW_S015,G1_D060_DENS_REF_V_LOW,15,7.06501245499,23.8545490473,2.92703004116,0,0,28.2600498199,
G1_D060_DENS_REF_V_LOW_S015,G1_D060_DENS_REF_V_LOW,15,7.07400226593,23.2870397531,0.849959156165,0,0,28.2960090637,
G1_D060_DENS_REF_V_LOW_S015,G1_D060_DENS_REF_V_LOW,15,7.0830116272,19.2884082363,6.32773749414,0,0,28.3320465088,
G1_D060_DENS_REF_V_LOW_S015,G1_D060_DENS_REF_V_LOW,15,7.09200668335,22.7010884489,9.23810301038,0,0,28.3680267334,
G1_D060_DENS_REF_V_LOW_S015,G1_D060_DENS_REF_V_LOW,15,7.10100603104,20.0799657602,6.85783398557,0,0,28.4040241241,
G1_D060_DENS_REF_V_LOW_S015,G1_D060_DENS_REF_V_LOW,15,7.11000490189,19.5430164256,8.06666210786,0,0,28.4400196075,
G1_D060_DENS_REF_V_LOW_S015,G1_D060_DENS_REF_V_LOW,15,7.11901569366,18.867599182,7.36214771374,0,0,28.4760627747,
G1_D060_DENS_REF_V_LOW_S015,G1_D060_DENS_REF_V_LOW,15,7.12800884247,19.8761849178,13.992012278,0,0,28.5120353699,
G1_D060_DENS_REF_V_LOW_S015,G1_D060_DENS_REF_V_LOW,15,7.13700199127,21.2912754502,14.0041595222,0,0,28.5480079651,
G1_D060_DENS_REF_V_LOW_S015,G1_D060_DENS_REF_V_LOW,15,7.14601182938,19.663444702,7.07242767879,0,0,28.5840473175,
G1_D060_DENS_REF_V_LOW_S015,G1_D060_DENS_REF_V_LOW,15,7.15500497818,21.4559220678,11.7652751338,0,0,28.6200199127,
G1_D060_DENS_REF_V_LOW_S015,G1_D060_DENS_REF_V_LOW,15,7.16400432587,18.2024416987,8.45028793266,0,0,28.6560173035,
G1_D060_DENS_REF_V_LOW_S015,G1_D060_DENS_REF_V_LOW,15,7.17300462723,25.0905470952,10.4179304316,0,0,28.6920185089,
G1_D060_DENS_REF_V_LOW_S015,G1_D060_DENS_REF_V_LOW,15,7.18200540543,23.1189927874,11.7325656114,0,0,28.7280216217,
G1_D060_DENS_REF_V_LOW_S015,G1_D060_DENS_REF_V_LOW,15,7.19100427628,20.795042219,0.880517406099,0,0,28.7640171051,
G1_D060_DENS_REF_V_LOW_S015,G1_D060_DENS_REF_V_LOW,15,7.20001173019,18.2519064886,3.26103505811,0,0,28.8000469208,
G1_D060_DENS_REF_V_LOW_S015,G1_D060_DENS_REF_V_LOW,15,7.20901155472,21.8015746212,10.1929324963,0,0,28.8360462189,
G1_D060_DENS_REF_V_LOW_S015,G1_D060_DENS_REF_V_LOW,15,7.21801042557,20.8270148168,10.0140209536,0,0,28.8720417023,
G1_D060_DENS_REF_V_LOW_S015,G1_D060_DENS_REF_V_LOW,15,7.22700166702,21.6128647986,10.0059128403,0,0,28.9080066681,
G1_D060_DENS_REF_V_LOW_S015,G1_D060_DENS_REF_V_LOW,15,7.23600387573,20.8482233873,9.62096326105,0,0,28.9440155029,
G1_D060_DENS_REF_V_LOW_S015,G1_D060_DENS_REF_V_LOW,15,7.2450094223,20.393196711,13.0901035271,0,0,28.9800376892,
G1_D060_DENS_REF_V_LOW_S015,G1_D060_DENS_REF_V_LOW,15,7.25401353836,20.8261772501,12.1643625199,0,0,29.0160541534,
G1_D060_DENS_REF_V_LOW_S015,G1_D060_DENS_REF_V_LOW,15,7.26301050186,18.795521818,10.3482602749,0,0,29.0520420074,
G1_D060_DENS_REF_V_LOW_S015,G1_D060_DENS_REF_V_LOW,15,7.27201700211,21.6897724183,6.97044124223,0,0,29.0880680084,
G1_D060_DENS_REF_V_LOW_S015,G1_D060_DENS_REF_V_LOW,15,7.28100633621,23.6223600146,10.0194337591,0,0,29.1240253448,
G1_D060_DENS_REF_V_LOW_S015,G1_D060_DENS_REF_V_LOW,15,7.29000616074,10.2949079632,2.77810677565,0,0,29.1600246429,
G1_D060_DENS_REF_V_LOW_S015,G1_D060_DENS_REF_V_LOW,15,7.299015522,21.6766804736,8.31847113154,0,0,29.196062088,
G1_D060_DENS_REF_V_LOW_S015,G1_D060_DENS_REF_V_LOW,15,7.30801010132,16.3583892204,6.78030912942,0,0,29.2320404053,
G1_D060_DENS_REF_V_LOW_S015,G1_D060_DENS_REF_V_LOW,15,7.31700468063,21.8561684278,8.32590327371,0,0,29.2680187225,
G1_D060_DENS_REF_V_LOW_S015,G1_D060_DENS_REF_V_LOW,15,7.32600784302,18.9881448904,9.97969949287,0,0,29.3040313721,
G1_D060_DENS_REF_V_LOW_S015,G1_D060_DENS_REF_V_LOW,15,7.33500242233,20.0582511958,8.97071676143,0,0,29.3400096893,
G1_D060_DENS_REF_V_LOW_S015,G1_D060_DENS_REF_V_LOW,15,7.34400987625,21.0571936895,10.8564401919,0,0,29.376039505,
G1_D060_DENS_REF_V_LOW_S015,G1_D060_DENS_REF_V_LOW,15,7.35301113129,17.8509814405,6.94706818728,0,0,29.4120445251,
G1_D060_DENS_REF_V_LOW_S015,G1_D060_DENS_REF_V_LOW,15,7.36200809479,19.6607921196,13.4308380984,0,0,29.4480323792,
G1_D060_DENS_REF_V_LOW_S015,G1_D060_DENS_REF_V_LOW,15,7.37101125717,20.5550543178,13.430042383,0,0,29.4840450287,
G1_D060_DENS_REF_V_LOW_S015,G1_D060_DENS_REF_V_LOW,15,7.38000583649,19.8126852731,8.51617558921,0,0,29.5200233459,
G1_D060_DENS_REF_V_LOW_S015,G1_D060_DENS_REF_V_LOW,15,7.38901281357,20.6794701025,9.595086022,0,0,29.5560512543,
G1_D060_DENS_REF_V_LOW_S015,G1_D060_DENS_REF_V_LOW,15,7.39800262451,20.1485823331,10.7100030914,0,0,29.592010498,
G1_D060_DENS_REF_V_LOW_S015,G1_D060_DENS_REF_V_LOW,15,7.40701293945,20.7492886268,10.2336141636,0,0,29.6280517578,
G1_D060_DENS_REF_V_LOW_S015,G1_D060_DENS_REF_V_LOW,15,7.41601037979,23.4911556222,9.6760315656,0,0,29.6640415192,
G1_D060_DENS_REF_V_LOW_S015,G1_D060_DENS_REF_V_LOW,15,7.42500829697,18.5618078958,6.52856753501,0,0,29.7000331879,
G1_D060_DENS_REF_V_LOW_S015,G1_D060_DENS_REF_V_LOW,15,7.43401288986,21.6974987553,1.09415154522,0,0,29.7360515594,
G1_D060_DENS_REF_V_LOW_S015,G1_D060_DENS_REF_V_LOW,15,7.44301128387,20.6794528331,3.28626164665,0,0,29.7720451355,
G1_D060_DENS_REF_V_LOW_S015,G1_D060_DENS_REF_V_LOW,15,7.45201730728,20.9777146536,6.73562603445,0,0,29.8080692291,
G1_D060_DENS_REF_V_LOW_S015,G1_D060_DENS_REF_V_LOW,15,7.46100902557,21.6941087688,11.9207936329,0,0,29.8440361023,
G1_D060_DENS_REF_V_LOW_S015,G1_D060_DENS_REF_V_LOW,15,7.47000646591,20.4792536676,6.22975078462,0,0,29.8800258636,
G1_D060_DENS_REF_V_LOW_S015,G1_D060_DENS_REF_V_LOW,15,7.47900342941,21.612970142,9.41543849583,0,0,29.9160137177,
G1_D060_DENS_REF_V_LOW_S015,G1_D060_DENS_REF_V_LOW,15,7.4880065918,20.6937415484,13.1069841833,0,0,29.9520263672,
G1_D060_DENS_REF_V_LOW_S015,G1_D060_DENS_REF_V_LOW,15,7.49700450897,21.1149512532,13.6827964029,0,0,29.9880180359,
G1_D060_DENS_REF_V_LOW_S015,G1_D060_DENS_REF_V_LOW,15,7.5060043335,22.9254803401,12.5455410029,0,0,30.024017334,
G1_D060_DENS_REF_V_LOW_S015,G1_D060_DENS_REF_V_LOW,15,7.51500654221,21.6412194537,6.89540747641,0,0,30.0600261688,
G1_D060_DENS_REF_V_LOW_S015,G1_D060_DENS_REF_V_LOW,15,7.52400350571,20.3873147477,10.1109357174,0,0,30.0960140228,
G1_D060_DENS_REF_V_LOW_S015,G1_D060_DENS_REF_V_LOW,15,7.53300952911,19.3140550468,6.75763986272,0,0,30.1320381165,
G1_D060_DENS_REF_V_LOW_S015,G1_D060_DENS_REF_V_LOW,15,7.54201602936,17.7501125052,5.1632688422,0,0,30.1680641174,
G1_D060_DENS_REF_V_LOW_S015,G1_D060_DENS_REF_V_LOW,15,7.55100250244,20.2560758165,0.747046906365,0,0,30.2040100098,
G1_D060_DENS_REF_V_LOW_S015,G1_D060_DENS_REF_V_LOW,15,7.56000566483,20.9262932388,1.4730121087,0,0,30.2400226593,
G1_D060_DENS_REF_V_LOW_S015,G1_D060_DENS_REF_V_LOW,15,7.56900024414,21.568689631,6.19702649363,0,0,30.2760009766,
G1_D060_DENS_REF_V_LOW_S015,G1_D060_DENS_REF_V_LOW,15,7.57800197601,21.9287483318,10.0793272187,0,0,30.3120079041,
G1_D060_DENS_REF_V_LOW_S015,G1_D060_DENS_REF_V_LOW,15,7.58700704575,19.2774715148,10.2022630507,0,0,30.348028183,
G1_D060_DENS_REF_V_LOW_S015,G1_D060_DENS_REF_V_LOW,15,7.59600067139,21.6778478862,7.69384315122,0,0,30.3840026855,
G1_D060_DENS_REF_V_LOW_S015,G1_D060_DENS_REF_V_LOW,15,7.60501623154,21.5517448795,5.08484985177,0,0,30.4200649261,
G1_D060_DENS_REF_V_LOW_S015,G1_D060_DENS_REF_V_LOW,15,7.61401128769,21.3646462934,13.641437797,0,0,30.4560451508,
G1_D060_DENS_REF_V_LOW_S015,G1_D060_DENS_REF_V_LOW,15,7.62301015854,15.7626927845,7.88965312551,0,0,30.4920406342,
G1_D060_DENS_REF_V_LOW_S015,G1_D060_DENS_REF_V_LOW,15,7.63201618195,16.6000142623,5.69603051868,0,0,30.5280647278,
G1_D060_DENS_REF_V_LOW_S015,G1_D060_DENS_REF_V_LOW,15,7.64101314545,23.3261031734,9.36814444335,0,0,30.5640525818,
G1_D060_DENS_REF_V_LOW_S015,G1_D060_DENS_REF_V_LOW,15,7.65000677109,20.7273012056,7.13729910943,0,0,30.6000270844,
G1_D060_DENS_REF_V_LOW_S015,G1_D060_DENS_REF_V_LOW,15,7.65900945663,28.3395685009,11.5655536654,0,0,30.6360378265,
G1_D060_DENS_REF_V_LOW_S015,G1_D060_DENS_REF_V_LOW,15,7.66800737381,27.1206464521,11.5730886374,0,0,30.6720294952,
G1_D060_DENS_REF_V_LOW_S015,G1_D060_DENS_REF_V_LOW,15,7.67700433731,23.7421631381,12.6233368172,0,0,30.7080173492,
G1_D060_DENS_REF_V_LOW_S015,G1_D060_DENS_REF_V_LOW,15,7.68600797653,21.3292543511,3.98874207827,0,0,30.7440319061,
G1_D060_DENS_REF_V_LOW_S015,G1_D060_DENS_REF_V_LOW,15,7.69500637054,21.5969337618,7.93783930567,0,0,30.7800254822,
G1_D060_DENS_REF_V_LOW_S015,G1_D060_DENS_REF_V_LOW,15,7.70401096344,20.4027622408,6.99827946293,0,0,30.8160438538,
G1_D060_DENS_REF_V_LOW_S015,G1_D060_DENS_REF_V_LOW,15,7.71300983429,22.0677205077,8.10985908556,0,0,30.8520393372,
G1_D060_DENS_REF_V_LOW_S015,G1_D060_DENS_REF_V_LOW,15,7.72201013565,20.899530824,12.7368793194,0,0,30.8880405426,
G1_D060_DENS_REF_V_LOW_S015,G1_D060_DENS_REF_V_LOW,15,7.73100948334,21.9205988941,11.2841658442,0,0,30.9240379333,
G1_D060_DENS_REF_V_LOW_S015,G1_D060_DENS_REF_V_LOW,15,7.74000501633,20.0574084483,8.01116806957,0,0,30.9600200653,
G1_D060_DENS_REF_V_LOW_S015,G1_D060_DENS_REF_V_LOW,15,7.74900627136,21.3766260877,10.2896094511,0,0,30.9960250854,
G1_D060_DENS_REF_V_LOW_S015,G1_D060_DENS_REF_V_LOW,15,7.75800943375,22.0313770205,11.0665872907,0,0,31.032037735,
G1_D060_DENS_REF_V_LOW_S015,G1_D060_DENS_REF_V_LOW,15,7.76701545715,21.1079191467,6.78083184243,0,0,31.0680618286,
G1_D060_DENS_REF_V_LOW_S015,G1_D060_DENS_REF_V_LOW,15,7.77601337433,22.4748038298,7.56514188597,0,0,31.1040534973,
G1_D060_DENS_REF_V_LOW_S015,G1_D060_DENS_REF_V_LOW,15,7.7850060463,21.0746444349,2.65935290881,0,0,31.1400241852,
G1_D060_DENS_REF_V_LOW_S015,G1_D060_DENS_REF_V_LOW,15,7.79401254654,21.1028263958,6.69916941279,0,0,31.1760501862,
G1_D060_DENS_REF_V_LOW_S015,G1_D060_DENS_REF_V_LOW,15,7.80301618576,20.7090387976,4.55761474152,0,0,31.212064743,
G1_D060_DENS_REF_V_LOW_S015,G1_D060_DENS_REF_V_LOW,15,7.81200456619,22.2303431496,7.15690561099,0,0,31.2480182648,
G1_D060_DENS_REF_V_LOW_S015,G1_D060_DENS_REF_V_LOW,15,7.82100248337,22.056225984,10.7395785544,0,0,31.2840099335,
G1_D060_DENS_REF_V_LOW_S015,G1_D060_DENS_REF_V_LOW,15,7.83000183105,24.5162405586,8.30553393471,0,0,31.3200073242,
G1_D060_DENS_REF_V_LOW_S015,G1_D060_DENS_REF_V_LOW,15,7.839012146,22.298709316,11.0629157676,0,0,31.356048584,
G1_D060_DENS_REF_V_LOW_S015,G1_D060_DENS_REF_V_LOW,15,7.84800577164,18.8965858977,9.13080327077,0,0,31.3920230865,
G1_D060_DENS_REF_V_LOW_S015,G1_D060_DENS_REF_V_LOW,15,7.85701036453,20.5667854325,9.2568549937,0,0,31.4280414581,
G1_D060_DENS_REF_V_LOW_S015,G1_D060_DENS_REF_V_LOW,15,7.86601305008,21.249486916,10.126624875,0,0,31.4640522003,
G1_D060_DENS_REF_V_LOW_S015,G1_D060_DENS_REF_V_LOW,15,7.8750038147,26.4649215242,10.3050372407,0,0,31.5000152588,
G1_D060_DENS_REF_V_LOW_S015,G1_D060_DENS_REF_V_LOW,15,7.88400363922,20.0900787306,9.43908836334,0,0,31.5360145569,
G1_D060_DENS_REF_V_LOW_S015,G1_D060_DENS_REF_V_LOW,15,7.89300489426,21.0591399527,8.97062684163,0,0,31.572019577,
G1_D060_DENS_REF_V_LOW_S015,G1_D060_DENS_REF_V_LOW,15,7.90200948715,21.4939907697,7.88384604607,0,0,31.6080379486,
G1_D060_DENS_REF_V_LOW_S015,G1_D060_DENS_REF_V_LOW,15,7.91100358963,24.5536271186,7.5631175392,0,0,31.6440143585,
G1_D060_DENS_REF_V_LOW_S015,G1_D060_DENS_REF_V_LOW,15,7.92000627518,20.8721277137,3.93423541665,0,0,31.6800251007,
G1_D060_DENS_REF_V_LOW_S015,G1_D060_DENS_REF_V_LOW,15,7.92900180817,23.6571181693,6.3686686549,0,0,31.7160072327,
G1_D060_DENS_REF_V_LOW_S015,G1_D060_DENS_REF_V_LOW,15,7.93800640106,23.108142413,10.7217145045,0,0,31.7520256042,
G1_D060_DENS_REF_V_LOW_S015,G1_D060_DENS_REF_V_LOW,15,7.94700908661,27.5339018636,11.3205502402,0,0,31.7880363464,
G1_D060_DENS_REF_V_LOW_S015,G1_D060_DENS_REF_V_LOW,15,7.95600128174,21.9927522434,7.20576180085,0,0,31.824005127,
G1_D060_DENS_REF_V_LOW_S015,G1_D060_DENS_REF_V_LOW,15,7.96500396729,21.7449965586,13.4242206142,0,0,31.8600158691,
G1_D060_DENS_REF_V_LOW_S015,G1_D060_DENS_REF_V_LOW,15,7.97400951385,22.2423229439,13.3615992175,0,0,31.8960380554,
G1_D060_DENS_REF_V_LOW_S015,G1_D060_DENS_REF_V_LOW,15,7.98300027847,23.1636359562,12.3330384286,0,0,31.9320011139,
G1_D060_DENS_REF_V_LOW_S015,G1_D060_DENS_REF_V_LOW,15,7.99200344086,26.7649862718,13.4653957489,0,0,31.9680137634,
G1_D060_DENS_REF_V_LOW_S015,G1_D060_DENS_REF_V_LOW,15,8.00101280212,26.2341002293,14.5007595062,0,0,32.0040512085,
G1_D060_DENS_REF_V_LOW_S015,G1_D060_DENS_REF_V_LOW,15,8.01000976562,24.1461120611,0.764380327842,0,0,32.0400390625,
G1_D060_DENS_REF_V_LOW_S015,G1_D060_DENS_REF_V_LOW,15,8.01901245117,18.3262979543,7.00240784874,0,0,32.0760498047,
G1_D060_DENS_REF_V_LOW_S015,G1_D060_DENS_REF_V_LOW,15,8.02800941467,20.7120402222,5.66984166509,0,0,32.1120376587,
G1_D060_DENS_REF_V_LOW_S015,G1_D060_DENS_REF_V_LOW,15,8.03701496124,20.9916787038,0.657899791934,0,0,32.148059845,
G1_D060_DENS_REF_V_LOW_S015,G1_D060_DENS_REF_V_LOW,15,8.04600906372,21.923206576,3.21796352982,0,0,32.1840362549,
G1_D060_DENS_REF_V_LOW_S015,G1_D060_DENS_REF_V_LOW,15,8.05500411987,22.9161859401,11.4896000675,0,0,32.2200164795,
G1_D060_DENS_REF_V_LOW_S015,G1_D060_DENS_REF_V_LOW,15,8.06400585175,23.9650715864,12.5636520522,0,0,32.256023407,
G1_D060_DENS_REF_V_LOW_S015,G1_D060_DENS_REF_V_LOW,15,8.07301139832,22.6878479872,6.82195389346,0,0,32.2920455933,
G1_D060_DENS_REF_V_LOW_S015,G1_D060_DENS_REF_V_LOW,15,8.08200550079,20.907904764,10.2505309915,0,0,32.3280220032,
G1_D060_DENS_REF_V_LOW_S015,G1_D060_DENS_REF_V_LOW,15,8.09101200104,22.0756109041,12.463838349,0,0,32.3640480042,
G1_D060_DENS_REF_V_LOW_S015,G1_D060_DENS_REF_V_LOW,15,8.10000610352,22.1371366545,14.5179008676,0,0,32.4000244141,
G1_D060_DENS_REF_V_LOW_S015,G1_D060_DENS_REF_V_LOW,15,8.10901165009,22.6009655525,7.11854436794,0,0,32.4360466003,
G1_D060_DENS_REF_V_LOW_S015,G1_D060_DENS_REF_V_LOW,15,8.11800575256,29.8740356023,1.20856825107,0,0,32.4720230103,
G1_D060_DENS_REF_V_LOW_S015,G1_D060_DENS_REF_V_LOW,15,8.12700080872,18.3690449412,7.62851220404,0,0,32.5080032349,
G1_D060_DENS_REF_V_LOW_S015,G1_D060_DENS_REF_V_LOW,15,8.13600444794,22.684924275,11.8292463875,0,0,32.5440177917,
G1_D060_DENS_REF_V_LOW_S015,G1_D060_DENS_REF_V_LOW,15,8.14500617981,20.6042168929,8.22887522366,0,0,32.5800247192,
G1_D060_DENS_REF_V_LOW_S015,G1_D060_DENS_REF_V_LOW,15,8.15401363373,24.2495213275,1.33190892196,0,0,32.6160545349,
G1_D060_DENS_REF_V_LOW_S015,G1_D060_DENS_REF_V_LOW,15,8.16300868988,23.0028196952,10.1650693985,0,0,32.6520347595,
G1_D060_DENS_REF_V_LOW_S015,G1_D060_DENS_REF_V_LOW,15,8.1720123291,22.3886104447,8.63583442489,0,0,32.6880493164,
G1_D060_DENS_REF_V_LOW_S015,G1_D060_DENS_REF_V_LOW,15,8.18100166321,23.8716923971,11.4453597069,0,0,32.7240066528,
G1_D060_DENS_REF_V_LOW_S015,G1_D060_DENS_REF_V_LOW,15,8.19000434875,25.5171638543,3.42420784005,0,0,32.760017395,
G1_D060_DENS_REF_V_LOW_S015,G1_D060_DENS_REF_V_LOW,15,8.19900894165,22.6028824577,9.06748135629,0,0,32.7960357666,
G1_D060_DENS_REF_V_LOW_S015,G1_D060_DENS_REF_V_LOW,15,8.20800304413,20.1340380304,9.28668093914,0,0,32.8320121765,
G1_D060_DENS_REF_V_LOW_S015,G1_D060_DENS_REF_V_LOW,15,8.2170009613,24.9436810689,13.9010984663,0,0,32.8680038452,
G1_D060_DENS_REF_V_LOW_S015,G1_D060_DENS_REF_V_LOW,15,8.22600746155,17.3223784149,7.52527567208,0,0,32.9040298462,
G1_D060_DENS_REF_V_LOW_S015,G1_D060_DENS_REF_V_LOW,15,8.2350025177,22.2879021151,7.1841409572,0,0,32.9400100708,
G1_D060_DENS_REF_V_LOW_S015,G1_D060_DENS_REF_V_LOW,15,8.24400615692,20.8891553585,6.43819113114,0,0,32.9760246277,
G1_D060_DENS_REF_V_LOW_S015,G1_D060_DENS_REF_V_LOW,15,8.25300693512,23.6404825403,0.0985311914845,0,0,33.0120277405,
G1_D060_DENS_REF_V_LOW_S015,G1_D060_DENS_REF_V_LOW,15,8.26200199127,25.0500796714,7.0212081573,0,0,33.0480079651,
G1_D060_DENS_REF_V_LOW_S015,G1_D060_DENS_REF_V_LOW,15,8.27101421356,24.6783554797,8.49049903688,0,0,33.0840568542,
G1_D060_DENS_REF_V_LOW_S015,G1_D060_DENS_REF_V_LOW,15,8.28000450134,22.5351034516,5.02513156547,0,0,33.1200180054,
G1_D060_DENS_REF_V_LOW_S015,G1_D060_DENS_REF_V_LOW,15,8.28900051117,22.5368407549,5.82090009848,0,0,33.1560020447,
G1_D060_DENS_REF_V_LOW_S015,G1_D060_DENS_REF_V_LOW,15,8.29800128937,24.7809634452,10.4812203697,0,0,33.1920051575,
G1_D060_DENS_REF_V_LOW_S015,G1_D060_DENS_REF_V_LOW,15,8.30701160431,20.5653710672,10.3889161093,0,0,33.2280464172,
G1_D060_DENS_REF_V_LOW_S015,G1_D060_DENS_REF_V_LOW,15,8.31601333618,22.9731784686,6.85095214044,0,0,33.2640533447,
G1_D060_DENS_REF_V_LOW_S015,G1_D060_DENS_REF_V_LOW,15,8.32500267029,23.3944935169,12.7251181798,0,0,33.3000106812,
G1_D060_DENS_REF_V_LOW_S015,G1_D060_DENS_REF_V_LOW,15,8.33400630951,22.3652691013,11.3627657118,0,0,33.336025238,
G1_D060_DENS_REF_V_LOW_S015,G1_D060_DENS_REF_V_LOW,15,8.34300136566,19.7803362019,10.4185259997,0,0,33.3720054626,
G1_D060_DENS_REF_V_LOW_S015,G1_D060_DENS_REF_V_LOW,15,8.35201263428,20.332753753,5.42222135745,0,0,33.4080505371,
G1_D060_DENS_REF_V_LOW_S015,G1_D060_DENS_REF_V_LOW,15,8.3610162735,20.1688341779,4.09688391391,0,0,33.444065094,
G1_D060_DENS_REF_V_LOW_S015,G1_D060_DENS_REF_V_LOW,15,8.37001514435,23.3451720631,4.13497858456,0,0,33.4800605774,
G1_D060_DENS_REF_V_LOW_S015,G1_D060_DENS_REF_V_LOW,15,8.37901210785,22.7931240776,6.47713432956,0,0,33.5160484314,
G1_D060_DENS_REF_V_LOW_S015,G1_D060_DENS_REF_V_LOW,15,8.38801002502,19.8332410596,6.29408411793,0,0,33.5520401001,
G1_D060_DENS_REF_V_LOW_S015,G1_D060_DENS_REF_V_LOW,15,8.39701271057,21.0451120056,7.49734154342,0,0,33.5880508423,
G1_D060_DENS_REF_V_LOW_S015,G1_D060_DENS_REF_V_LOW,15,8.40601062775,21.3544556107,6.62334031903,0,0,33.624042511,
G1_D060_DENS_REF_V_LOW_S015,G1_D060_DENS_REF_V_LOW,15,8.41500759125,23.584460553,8.55085751434,0,0,33.660030365,
G1_D060_DENS_REF_V_LOW_S015,G1_D060_DENS_REF_V_LOW,15,8.4240026474,24.1868178029,12.1205941353,0,0,33.6960105896,
G1_D060_DENS_REF_V_LOW_S015,G1_D060_DENS_REF_V_LOW,15,8.43301200867,22.139314328,6.59532117486,0,0,33.7320480347,
G1_D060_DENS_REF_V_LOW_S015,G1_D060_DENS_REF_V_LOW,15,8.4420003891,21.6956008464,8.68442016853,0,0,33.7680015564,
G1_D060_DENS_REF_V_LOW_S015,G1_D060_DENS_REF_V_LOW,15,8.45100021362,22.8131427853,12.3300075531,0,0,33.8040008545,
G1_D060_DENS_REF_V_LOW_S015,G1_D060_DENS_REF_V_LOW,15,8.46000671387,21.1633574278,8.52829002735,0,0,33.8400268555,
G1_D060_DENS_REF_V_LOW_S015,G1_D060_DENS_REF_V_LOW,15,8.46901226044,20.7847082001,11.9532641245,0,0,33.8760490417,
G1_D060_DENS_REF_V_LOW_S015,G1_D060_DENS_REF_V_LOW,15,8.47801208496,24.1090829781,11.2900951017,0,0,33.9120483398,
G1_D060_DENS_REF_V_LOW_S015,G1_D060_DENS_REF_V_LOW,15,8.48701286316,25.8839662622,8.02518842293,0,0,33.9480514526,
G1_D060_DENS_REF_V_LOW_S015,G1_D060_DENS_REF_V_LOW,15,8.49600505829,19.2188625688,7.70894603797,0,0,33.9840202332,
G1_D060_DENS_REF_V_LOW_S015,G1_D060_DENS_REF_V_LOW,15,8.50501060486,27.1378830568,13.0536267538,0,0,34.0200424194,
G1_D060_DENS_REF_V_LOW_S015,G1_D060_DENS_REF_V_LOW,15,8.51400566101,24.1673102699,1.33627503159,0,0,34.056022644,
G1_D060_DENS_REF_V_LOW_S015,G1_D060_DENS_REF_V_LOW,15,8.52301216125,24.3928851161,7.03653542721,0,0,34.092048645,
G1_D060_DENS_REF_V_LOW_S015,G1_D060_DENS_REF_V_LOW,15,8.53201293945,23.914586174,9.52310729542,0,0,34.1280517578,
G1_D060_DENS_REF_V_LOW_S015,G1_D060_DENS_REF_V_LOW,15,8.54100036621,23.4810512866,11.8001741683,0,0,34.1640014648,
G1_D060_DENS_REF_V_LOW_S015,G1_D060_DENS_REF_V_LOW,15,8.55000209808,25.926744334,12.2913811437,0,0,34.2000083923,
G1_D060_DENS_REF_V_LOW_S015,G1_D060_DENS_REF_V_LOW,15,8.55900669098,23.3614243111,9.51372428895,0,0,34.2360267639,
G1_D060_DENS_REF_V_LOW_S015,G1_D060_DENS_REF_V_LOW,15,8.56800842285,22.9759553908,14.2063656859,0,0,34.2720336914,
G1_D060_DENS_REF_V_LOW_S015,G1_D060_DENS_REF_V_LOW,15,8.57701396942,22.8873753724,12.5324222603,0,0,34.3080558777,
G1_D060_DENS_REF_V_LOW_S015,G1_D060_DENS_REF_V_LOW,15,8.58601284027,22.6942169481,8.45930689252,0,0,34.3440513611,
G1_D060_DENS_REF_V_LOW_S015,G1_D060_DENS_REF_V_LOW,15,8.59500026703,18.965216286,3.98989673969,0,0,34.3800010681,
G1_D060_DENS_REF_V_LOW_S015,G1_D060_DENS_REF_V_LOW,15,8.60400295258,30.1206601403,12.0695268567,0,0,34.4160118103,
G1_D060_DENS_REF_V_LOW_S015,G1_D060_DENS_REF_V_LOW,15,8.61300468445,27.139858678,1.60461257803,0,0,34.4520187378,
G1_D060_DENS_REF_V_LOW_S015,G1_D060_DENS_REF_V_LOW,15,8.62201118469,26.6328493309,13.3430339994,0,0,34.4880447388,
G1_D060_DENS_REF_V_LOW_S015,G1_D060_DENS_REF_V_LOW,15,8.6310043335,22.2433159354,1.14657937656,0,0,34.524017334,
G1_D060_DENS_REF_V_LOW_S015,G1_D060_DENS_REF_V_LOW,15,8.64000225067,14.2116099139,3.47514008389,0,0,34.5600090027,
G1_D060_DENS_REF_V_LOW_S015,G1_D060_DENS_REF_V_LOW,15,8.64901638031,24.5339054448,9.53545963115,0,0,34.5960655212,
G1_D060_DENS_REF_V_LOW_S015,G1_D060_DENS_REF_V_LOW,15,8.65801334381,24.5705995012,11.3651638838,0,0,34.6320533752,
G1_D060_DENS_REF_V_LOW_S015,G1_D060_DENS_REF_V_LOW,15,8.66701126099,24.9822056834,9.89269923873,0,0,34.6680450439,
G1_D060_DENS_REF_V_LOW_S015,G1_D060_DENS_REF_V_LOW,15,8.67600822449,23.3130492214,8.44525527867,0,0,34.7040328979,
G1_D060_DENS_REF_V_LOW_S015,G1_D060_DENS_REF_V_LOW,15,8.68501186371,22.7063176283,11.3897192507,0,0,34.7400474548,
G1_D060_DENS_REF_V_LOW_S015,G1_D060_DENS_REF_V_LOW,15,8.69400787354,23.5160615748,13.3734178592,0,0,34.7760314941,
G1_D060_DENS_REF_V_LOW_S015,G1_D060_DENS_REF_V_LOW,15,8.70300388336,21.6393388142,10.0503896714,0,0,34.8120155334,
G1_D060_DENS_REF_V_LOW_S015,G1_D060_DENS_REF_V_LOW,15,8.71200370789,22.8035375358,11.2743264118,0,0,34.8480148315,
G1_D060_DENS_REF_V_LOW_S015,G1_D060_DENS_REF_V_LOW,15,8.7210111618,27.1732853607,15.5711352385,0,0,34.8840446472,
G1_D060_DENS_REF_V_LOW_S015,G1_D060_DENS_REF_V_LOW,15,8.73001384735,27.3005816841,11.1973452771,0,0,34.9200553894,
G1_D060_DENS_REF_V_LOW_S015,G1_D060_DENS_REF_V_LOW,15,8.73900032043,22.0848137762,5.19444295323,0,0,34.9560012817,
G1_D060_DENS_REF_V_LOW_S015,G1_D060_DENS_REF_V_LOW,15,8.74801254272,23.0000047803,9.71917880483,0,0,34.9920501709,
G1_D060_DENS_REF_V_LOW_S015,G1_D060_DENS_REF_V_LOW,15,8.7570104599,24.017503262,8.05277194428,0,0,35.0280418396,
G1_D060_DENS_REF_V_LOW_S015,G1_D060_DENS_REF_V_LOW,15,8.76601314545,24.5027548712,8.2889224404,0,0,35.0640525818,
G1_D060_DENS_REF_V_LOW_S015,G1_D060_DENS_REF_V_LOW,15,8.7750005722,25.101653057,12.0968565125,0,0,35.1000022888,
G1_D060_DENS_REF_V_LOW_S015,G1_D060_DENS_REF_V_LOW,15,8.7840051651,24.3998964992,9.74699538014,0,0,35.1360206604,
G1_D060_DENS_REF_V_LOW_S015,G1_D060_DENS_REF_V_LOW,15,8.79300308228,23.4545237358,10.6043279995,0,0,35.1720123291,
G1_D060_DENS_REF_V_LOW_S015,G1_D060_DENS_REF_V_LOW,15,8.80200481415,24.3950230699,7.94232979013,0,0,35.2080192566,
G1_D060_DENS_REF_V_LOW_S015,G1_D060_DENS_REF_V_LOW,15,8.8109998703,23.4309026278,14.1049023963,0,0,35.2439994812,
G1_D060_DENS_REF_V_LOW_S015,G1_D060_DENS_REF_V_LOW,15,8.82000732422,22.9221421618,11.3338859203,0,0,35.2800292969,
G1_D060_DENS_REF_V_LOW_S015,G1_D060_DENS_REF_V_LOW,15,8.8290014267,23.4699125129,10.9797666051,0,0,35.3160057068,
G1_D060_DENS_REF_V_LOW_S015,G1_D060_DENS_REF_V_LOW,15,8.83801078796,23.9067942132,8.59013936257,0,0,35.3520431519,
G1_D060_DENS_REF_V_LOW_S015,G1_D060_DENS_REF_V_LOW,15,8.84701442719,19.6474566762,7.23660949559,0,0,35.3880577087,
G1_D060_DENS_REF_V_LOW_S015,G1_D060_DENS_REF_V_LOW,15,8.85601043701,26.2462527177,5.86402207653,0,0,35.424041748,
G1_D060_DENS_REF_V_LOW_S015,G1_D060_DENS_REF_V_LOW,15,8.86500930786,24.3177527924,1.8454992816,0,0,35.4600372314,
G1_D060_DENS_REF_V_LOW_S015,G1_D060_DENS_REF_V_LOW,15,8.87400341034,21.2093165261,8.67811931647,0,0,35.4960136414,
G1_D060_DENS_REF_V_LOW_S015,G1_D060_DENS_REF_V_LOW,15,8.88300228119,24.9553862795,5.63798362901,0,0,35.5320091248,
G1_D060_DENS_REF_V_LOW_S015,G1_D060_DENS_REF_V_LOW,15,8.89200878143,25.0876251099,8.95109602884,0,0,35.5680351257,
G1_D060_DENS_REF_V_LOW_S015,G1_D060_DENS_REF_V_LOW,15,8.90100765228,28.5424375182,12.3674737486,0,0,35.6040306091,
G1_D060_DENS_REF_V_LOW_S015,G1_D060_DENS_REF_V_LOW,15,8.91000461578,24.0609807452,7.90825574932,0,0,35.6400184631,
G1_D060_DENS_REF_V_LOW_S015,G1_D060_DENS_REF_V_LOW,15,8.91900157928,23.6584703646,10.0009383504,0,0,35.6760063171,
G1_D060_DENS_REF_V_LOW_S015,G1_D060_DENS_REF_V_LOW,15,8.9280090332,23.6420989577,13.8613584763,0,0,35.7120361328,
G1_D060_DENS_REF_V_LOW_S015,G1_D060_DENS_REF_V_LOW,15,8.93700027466,24.6550434943,14.2727680106,0,0,35.7480010986,
G1_D060_DENS_REF_V_LOW_S015,G1_D060_DENS_REF_V_LOW,15,8.94600772858,24.3645425496,10.1293599,0,0,35.7840309143,
G1_D060_DENS_REF_V_LOW_S015,G1_D060_DENS_REF_V_LOW,15,8.95501041412,22.7026375156,6.48418741296,0,0,35.8200416565,
G1_D060_DENS_REF_V_LOW_S015,G1_D060_DENS_REF_V_LOW,15,8.96400165558,25.5188666188,2.2830626944,0,0,35.8560066223,
G1_D060_DENS_REF_V_LOW_S015,G1_D060_DENS_REF_V_LOW,15,8.9730052948,25.8914007461,3.5719092745,0,0,35.8920211792,
G1_D060_DENS_REF_V_LOW_S015,G1_D060_DENS_REF_V_LOW,15,8.9820098877,24.4700880429,9.65747726283,0,0,35.9280395508,
G1_D060_DENS_REF_V_LOW_S015,G1_D060_DENS_REF_V_LOW,15,8.99100589752,24.1325693846,7.78931946001,0,0,35.9640235901,
G1_D060_DENS_REF_V_LOW_S015,G1_D060_DENS_REF_V_LOW,15,9,23.1531948669,3.19419063933,0,0,36,
