run_id,scenario_id,S,z_m,qb_MPa,qs_kPa,ALLKE,ALLIE,time_s,walltime_h
G1_D060_DENS_LOW_V_REF_S007,G1_D060_DENS_LOW_V_REF,7,0,0,0,0,0,0,
G1_D060_DENS_LOW_V_REF_S007,G1_D060_DENS_LOW_V_REF,7,0.00900901202112,0,0,0,0,0.0180180240422,
G1_D060_DENS_LOW_V_REF_S007,G1_D060_DENS_LOW_V_REF,7,0.0180182587355,0,0,0,0,0.0360365174711,
G1_D060_DENS_LOW_V_REF_S007,G1_D060_DENS_LOW_V_REF,7,0.0270129181445,0,0,0,0,0.0540258362889,
G1_D060_DENS_LOW_V_REF_S007,G1_D060_DENS_LOW_V_REF,7,0.036007579416,0.000275319734289,1.2969318781e-07,0,0,0.0720151588321,
G1_D060_DENS_LOW_V_REF_S007,G1_D060_DENS_LOW_V_REF,7,0.0450022369623,0.32565931814,0.000188848299107,0,0,0.0900044739246,
G1_D060_DENS_LOW_V_REF_S007,G1_D060_DENS_LOW_V_REF,7,0.054020691663,0.414910847013,37.5910387555,0,0,0.108041383326,
G1_D060_DENS_LOW_V_REF_S007,G1_D060_DENS_LOW_V_REF,7,0.0630153492093,0.537545723152,25.9468633165,0,0,0.126030698419,
G1_D060_DENS_LOW_V_REF_S007,G1_D060_DENS_LOW_V_REF,7,0.0720100104809,0.295611504716,14.5336565922,0,0,0.144020020962,
G1_D060_DENS_LOW_V_REF_S007,G1_D060_DENS_LOW_V_REF,7,0.0810046643019,0.26399120298,23.7909709394,0,0,0.162009328604,
G1_D060_DENS_LOW_V_REF_S007,G1_D060_DENS_LOW_V_REF,7,0.0900231152773,0.27507951759,21.0578395334,0,0,0.180046230555,
G1_D060_DENS_LOW_V_REF_S007,G1_D060_DENS_LOW_V_REF,7,0.0990177690983,0.170833615406,12.9258329271,0,0,0.198035538197,
G1_D060_DENS_LOW_V_REF_S007,G1_D060_DENS_LOW_V_REF,7,0.108012422919,0.18498377059,13.0717993582,0,0,0.216024845839,
G1_D060_DENS_LOW_V_REF_S007,G1_D060_DENS_LOW_V_REF,7,0.117007084191,0.0590467189131,1.82044232544e-05,0,0,0.234014168382,
G1_D060_DENS_LOW_V_REF_S007,G1_D060_DENS_LOW_V_REF,7,0.126001745462,0,0,0,0,0.252003490925,
G1_D060_DENS_LOW_V_REF_S007,G1_D060_DENS_LOW_V_REF,7,0.135020196438,0,0,0,0,0.270040392876,
G1_D060_DENS_LOW_V_REF_S007,G1_D060_DENS_LOW_V_REF,7,0.144014835358,0,0,0,0,0.288029670715,
G1_D060_DENS_LOW_V_REF_S007,G1_D060_DENS_LOW_V_REF,7,0.153009489179,0.0395243821551,1.14204544259e-05,0,0,0.306018978357,
G1_D060_DENS_LOW_V_REF_S007,G1_D060_DENS_LOW_V_REF,7,0.162004128098,0.0969002816423,0.0482817378105,0,0,0.324008256197,
G1_D060_DENS_LOW_V_REF_S007,G1_D060_DENS_LOW_V_REF,7,0.171022579074,0.340002459054,3.68643588979,0,0,0.342045158148,
G1_D060_DENS_LOW_V_REF_S007,G1_D060_DENS_LOW_V_REF,7,0.180017217994,0.627482092326,7.44324978616,0,0,0.360034435987,
G1_D060_DENS_LOW_V_REF_S007,G1_D060_DENS_LOW_V_REF,7,0.189011871815,0.404562014217,8.91066014009,0,0,0.378023743629,
G1_D060_DENS_LOW_V_REF_S007,G1_D060_DENS_LOW_V_REF,7,0.198006510735,0.664775343438,9.77834952797,0,0,0.396013021469,
G1_D060_DENS_LOW_V_REF_S007,G1_D060_DENS_LOW_V_REF,7,0.207001149654,0.582833310995,8.90170653195,0,0,0.414002299309,
G1_D060_DENS_LOW_V_REF_S007,G1_D060_DENS_LOW_V_REF,7,0.21601960063,0.619615063575,8.44878223264,0,0,0.43203920126,
G1_D060_DENS_LOW_V_REF_S007,G1_D060_DENS_LOW_V_REF,7,0.22501423955,0.605342700286,10.5771889168,0,0,0.450028479099,
G1_D060_DENS_LOW_V_REF_S007,G1_D060_DENS_LOW_V_REF,7,0.234008893371,0.498615817052,8.16010270297,0,0,0.468017786741,
G1_D060_DENS_LOW_V_REF_S007,G1_D060_DENS_LOW_V_REF,7,0.24300353229,0.441308877179,5.45541327912,0,0,0.486007064581,
G1_D060_DENS_LOW_V_REF_S007,G1_D060_DENS_LOW_V_REF,7,0.252021968365,0.302061739738,3.83785028227,0,0,0.504043936729,
G1_D060_DENS_LOW_V_REF_S007,G1_D060_DENS_LOW_V_REF,7,0.261016637087,0.283377850019,2.21046746171,0,0,0.522033274174,
G1_D060_DENS_LOW_V_REF_S007,G1_D060_DENS_LOW_V_REF,7,0.270011276007,0.294444685792,2.38988011964,0,0,0.540022552013,
G1_D060_DENS_LOW_V_REF_S007,G1_D060_DENS_LOW_V_REF,7,0.279005944729,0.344309613447,3.71604626948,0,0,0.558011889458,
G1_D060_DENS_LOW_V_REF_S007,G1_D060_DENS_LOW_V_REF,7,0.288000583649,0.398682695313,4.46767512737,0,0,0.576001167297,
G1_D060_DENS_LOW_V_REF_S007,G1_D060_DENS_LOW_V_REF,7,0.297019034624,0.552294830273,4.95172396092,0,0,0.594038069248,
G1_D060_DENS_LOW_V_REF_S007,G1_D060_DENS_LOW_V_REF,7,0.306013673544,0.651680916259,6.14724360514,0,0,0.612027347088,
G1_D060_DENS_LOW_V_REF_S007,G1_D060_DENS_LOW_V_REF,7,0.315008342266,0.614186044709,5.21866518416,0,0,0.630016684532,
G1_D060_DENS_LOW_V_REF_S007,G1_D060_DENS_LOW_V_REF,7,0.324002981186,0.939600353001,10.7786802857,0,0,0.648005962372,
G1_D060_DENS_LOW_V_REF_S007,G1_D060_DENS_LOW_V_REF,7,0.333021432161,0.846479827214,9.18291472131,0,0,0.666042864323,
G1_D060_DENS_LOW_V_REF_S007,G1_D060_DENS_LOW_V_REF,7,0.342016100883,0.890033457699,10.1190738916,0,0,0.684032201767,
G1_D060_DENS_LOW_V_REF_S007,G1_D060_DENS_LOW_V_REF,7,0.351010739803,0.885444703882,9.16389547675,0,0,0.702021479607,
G1_D060_DENS_LOW_V_REF_S007,G1_D060_DENS_LOW_V_REF,7,0.360005378723,0.784474472728,6.402938252,0,0,0.720010757446,
G1_D060_DENS_LOW_V_REF_S007,G1_D060_DENS_LOW_V_REF,7,0.369000047445,0.709653106439,5.34484925717,0,0,0.738000094891,
G1_D060_DENS_LOW_V_REF_S007,G1_D060_DENS_LOW_V_REF,7,0.378018498421,0.712214862486,6.24842588948,0,0,0.756036996841,
G1_D060_DENS_LOW_V_REF_S007,G1_D060_DENS_LOW_V_REF,7,0.387013137341,0.750525713969,6.38838675095,0,0,0.774026274681,
G1_D060_DENS_LOW_V_REF_S007,G1_D060_DENS_LOW_V_REF,7,0.396007806063,0.659849404263,5.56687772554,0,0,0.792015612125,
G1_D060_DENS_LOW_V_REF_S007,G1_D060_DENS_LOW_V_REF,7,0.405002444983,0.684778022946,5.56073105718,0,0,0.810004889965,
G1_D060_DENS_LOW_V_REF_S007,G1_D060_DENS_LOW_V_REF,7,0.414020895958,0.819796258038,7.65563972708,0,0,0.828041791916,
G1_D060_DENS_LOW_V_REF_S007,G1_D060_DENS_LOW_V_REF,7,0.42301556468,0.738417640311,6.15079947799,0,0,0.84603112936,
G1_D060_DENS_LOW_V_REF_S007,G1_D060_DENS_LOW_V_REF,7,0.432010233402,0.840887126658,6.88132050822,0,0,0.864020466805,
G1_D060_DENS_LOW_V_REF_S007,G1_D060_DENS_LOW_V_REF,7,0.441004872322,1.17927999514,8.08968029145,0,0,0.882009744644,
G1_D060_DENS_LOW_V_REF_S007,G1_D060_DENS_LOW_V_REF,7,0.450023323298,1.24198060554,10.4933025621,0,0,0.900046646595,
G1_D060_DENS_LOW_V_REF_S007,G1_D060_DENS_LOW_V_REF,7,0.45901799202,1.12288034724,8.70524163315,0,0,0.918035984039,
G1_D060_DENS_LOW_V_REF_S007,G1_D060_DENS_LOW_V_REF,7,0.468012630939,0.801677348076,7.18464564582,0,0,0.936025261879,
G1_D060_DENS_LOW_V_REF_S007,G1_D060_DENS_LOW_V_REF,7,0.477007299662,1.21965945289,9.81487459476,0,0,0.954014599323,
G1_D060_DENS_LOW_V_REF_S007,G1_D060_DENS_LOW_V_REF,7,0.486001938581,0.947828906194,7.39279560323,0,0,0.972003877163,
G1_D060_DENS_LOW_V_REF_S007,G1_D060_DENS_LOW_V_REF,7,0.495020389557,0.928836109786,7.01812609696,0,0,0.990040779114,
G1_D060_DENS_LOW_V_REF_S007,G1_D060_DENS_LOW_V_REF,7,0.504015028477,0.973275931176,7.76471279439,0,0,1.00803005695,
G1_D060_DENS_LOW_V_REF_S007,G1_D060_DENS_LOW_V_REF,7,0.513009727001,1.05007432186,7.41871110154,0,0,1.026019454,
G1_D060_DENS_LOW_V_REF_S007,G1_D060_DENS_LOW_V_REF,7,0.522004365921,0.853307938657,6.13760928362,0,0,1.04400873184,
G1_D060_DENS_LOW_V_REF_S007,G1_D060_DENS_LOW_V_REF,7,0.531022846699,0.972118016795,6.84488372961,0,0,1.0620456934,
G1_D060_DENS_LOW_V_REF_S007,G1_D060_DENS_LOW_V_REF,7,0.540017485619,1.01550872113,5.90943963118,0,0,1.08003497124,
G1_D060_DENS_LOW_V_REF_S007,G1_D060_DENS_LOW_V_REF,7,0.549012124538,1.11342490993,6.61739941912,0,0,1.09802424908,
G1_D060_DENS_LOW_V_REF_S007,G1_D060_DENS_LOW_V_REF,7,0.558006763458,0.955189563271,7.52578622038,0,0,1.11601352692,
G1_D060_DENS_LOW_V_REF_S007,G1_D060_DENS_LOW_V_REF,7,0.567001461983,1.16469251896,8.68500237555,0,0,1.13400292397,
G1_D060_DENS_LOW_V_REF_S007,G1_D060_DENS_LOW_V_REF,7,0.576019883156,1.20551493725,8.75117467743,0,0,1.15203976631,
G1_D060_DENS_LOW_V_REF_S007,G1_D060_DENS_LOW_V_REF,7,0.58501458168,1.10766674678,6.50077006871,0,0,1.17002916336,
G1_D060_DENS_LOW_V_REF_S007,G1_D060_DENS_LOW_V_REF,7,0.5940092206,1.10123734299,8.20788782404,0,0,1.1880184412,
G1_D060_DENS_LOW_V_REF_S007,G1_D060_DENS_LOW_V_REF,7,0.60300385952,1.07648400888,7.28706670414,0,0,1.20600771904,
G1_D060_DENS_LOW_V_REF_S007,G1_D060_DENS_LOW_V_REF,7,0.612022340298,1.14866930667,9.51154353912,0,0,1.2240446806,
G1_D060_DENS_LOW_V_REF_S007,G1_D060_DENS_LOW_V_REF,7,0.621016979218,1.24248703118,8.27506099367,0,0,1.24203395844,
G1_D060_DENS_LOW_V_REF_S007,G1_D060_DENS_LOW_V_REF,7,0.630011618137,1.16470298855,7.31659820911,0,0,1.26002323627,
G1_D060_DENS_LOW_V_REF_S007,G1_D060_DENS_LOW_V_REF,7,0.639006257057,1.17685051203,7.77136484328,0,0,1.27801251411,
G1_D060_DENS_LOW_V_REF_S007,G1_D060_DENS_LOW_V_REF,7,0.648000955582,1.20619859028,7.00818224725,0,0,1.29600191116,
G1_D060_DENS_LOW_V_REF_S007,G1_D060_DENS_LOW_V_REF,7,0.657019376755,1.17343030408,8.90100141904,0,0,1.31403875351,
G1_D060_DENS_LOW_V_REF_S007,G1_D060_DENS_LOW_V_REF,7,0.666014075279,1.1853028121,8.24405857325,0,0,1.33202815056,
G1_D060_DENS_LOW_V_REF_S007,G1_D060_DENS_LOW_V_REF,7,0.675008714199,1.16867527816,7.79732349448,0,0,1.3500174284,
G1_D060_DENS_LOW_V_REF_S007,G1_D060_DENS_LOW_V_REF,7,0.684003353119,1.21535051759,8.47512922887,0,0,1.36800670624,
G1_D060_DENS_LOW_V_REF_S007,G1_D060_DENS_LOW_V_REF,7,0.693021833897,1.21521311779,8.26330339397,0,0,1.38604366779,
G1_D060_DENS_LOW_V_REF_S007,G1_D060_DENS_LOW_V_REF,7,0.702016472816,1.34410502736,9.60310063005,0,0,1.40403294563,
G1_D060_DENS_LOW_V_REF_S007,G1_D060_DENS_LOW_V_REF,7,0.711011111736,1.42347094855,9.37786007564,0,0,1.42202222347,
G1_D060_DENS_LOW_V_REF_S007,G1_D060_DENS_LOW_V_REF,7,0.720005750656,1.27482163916,8.1107328594,0,0,1.44001150131,
G1_D060_DENS_LOW_V_REF_S007,G1_D060_DENS_LOW_V_REF,7,0.729000449181,1.34759258603,7.98824745433,0,0,1.45800089836,
G1_D060_DENS_LOW_V_REF_S007,G1_D060_DENS_LOW_V_REF,7,0.738018870354,1.39952463587,8.42194263432,0,0,1.47603774071,
G1_D060_DENS_LOW_V_REF_S007,G1_D060_DENS_LOW_V_REF,7,0.747013509274,1.67113974659,9.65858855712,0,0,1.49402701855,
G1_D060_DENS_LOW_V_REF_S007,G1_D060_DENS_LOW_V_REF,7,0.756008207798,1.38285479186,7.93748037268,0,0,1.5120164156,
G1_D060_DENS_LOW_V_REF_S007,G1_D060_DENS_LOW_V_REF,7,0.765002846718,1.4461300421,7.67159561714,0,0,1.53000569344,
G1_D060_DENS_LOW_V_REF_S007,G1_D060_DENS_LOW_V_REF,7,0.774021267891,1.49691658994,7.51350887888,0,0,1.54804253578,
G1_D060_DENS_LOW_V_REF_S007,G1_D060_DENS_LOW_V_REF,7,0.783015966415,1.4375890204,8.5526905059,0,0,1.56603193283,
G1_D060_DENS_LOW_V_REF_S007,G1_D060_DENS_LOW_V_REF,7,0.792010605335,1.26476868004,8.40615361759,0,0,1.58402121067,
G1_D060_DENS_LOW_V_REF_S007,G1_D060_DENS_LOW_V_REF,7,0.801005244255,1.52661102793,9.15404149178,0,0,1.60201048851,
G1_D060_DENS_LOW_V_REF_S007,G1_D060_DENS_LOW_V_REF,7,0.810023725033,1.65846367103,8.96831099387,0,0,1.62004745007,
G1_D060_DENS_LOW_V_REF_S007,G1_D060_DENS_LOW_V_REF,7,0.819018363953,1.42915280247,9.43335616032,0,0,1.63803672791,
G1_D060_DENS_LOW_V_REF_S007,G1_D060_DENS_LOW_V_REF,7,0.828013002872,1.44703064217,6.96053415332,0,0,1.65602600574,
G1_D060_DENS_LOW_V_REF_S007,G1_D060_DENS_LOW_V_REF,7,0.837007641792,1.43596731425,8.84430730119,0,0,1.67401528358,
G1_D060_DENS_LOW_V_REF_S007,G1_D060_DENS_LOW_V_REF,7,0.846002340317,1.35012126035,8.64159530281,0,0,1.69200468063,
G1_D060_DENS_LOW_V_REF_S007,G1_D060_DENS_LOW_V_REF,7,0.85502076149,1.55769511428,7.90025794444,0,0,1.71004152298,
G1_D060_DENS_LOW_V_REF_S007,G1_D060_DENS_LOW_V_REF,7,0.86401540041,1.6800700857,8.32511203549,0,0,1.72803080082,
G1_D060_DENS_LOW_V_REF_S007,G1_D060_DENS_LOW_V_REF,7,0.873010098934,1.50377870055,8.10485368383,0,0,1.74602019787,
G1_D060_DENS_LOW_V_REF_S007,G1_D060_DENS_LOW_V_REF,7,0.882004737854,1.75763836856,8.78823335086,0,0,1.76400947571,
G1_D060_DENS_LOW_V_REF_S007,G1_D060_DENS_LOW_V_REF,7,0.891023159027,1.77876458552,7.53326123539,0,0,1.78204631805,
G1_D060_DENS_LOW_V_REF_S007,G1_D060_DENS_LOW_V_REF,7,0.900017797947,1.46710202158,7.63421342942,0,0,1.80003559589,
G1_D060_DENS_LOW_V_REF_S007,G1_D060_DENS_LOW_V_REF,7,0.909012496471,1.78502151101,10.1241687122,0,0,1.81802499294,
G1_D060_DENS_LOW_V_REF_S007,G1_D060_DENS_LOW_V_REF,7,0.918007135391,1.50791969078,7.4058592904,0,0,1.83601427078,
G1_D060_DENS_LOW_V_REF_S007,G1_D060_DENS_LOW_V_REF,7,0.927001774311,1.60299786683,7.97468154456,0,0,1.85400354862,
G1_D060_DENS_LOW_V_REF_S007,G1_D060_DENS_LOW_V_REF,7,0.936020255089,1.78379322376,9.13725701627,0,0,1.87204051018,
G1_D060_DENS_LOW_V_REF_S007,G1_D060_DENS_LOW_V_REF,7,0.945014894009,1.81059773282,9.66863502764,0,0,1.89002978802,
G1_D060_DENS_LOW_V_REF_S007,G1_D060_DENS_LOW_V_REF,7,0.954009532928,1.62233810231,7.77540191186,0,0,1.90801906586,
G1_D060_DENS_LOW_V_REF_S007,G1_D060_DENS_LOW_V_REF,7,0.963004171848,1.80026533295,10.6867911546,0,0,1.9260083437,
G1_D060_DENS_LOW_V_REF_S007,G1_D060_DENS_LOW_V_REF,7,0.972022652626,1.77206998826,9.2769931219,0,0,1.94404530525,
G1_D060_DENS_LOW_V_REF_S007,G1_D060_DENS_LOW_V_REF,7,0.981017291546,1.75790604452,9.04939476949,0,0,1.96203458309,
G1_D060_DENS_LOW_V_REF_S007,G1_D060_DENS_LOW_V_REF,7,0.990011930466,1.85546173425,8.38147275164,0,0,1.98002386093,
G1_D060_DENS_LOW_V_REF_S007,G1_D060_DENS_LOW_V_REF,7,0.999006569386,2.03993083575,8.66551009113,0,0,1.99801313877,
G1_D060_DENS_LOW_V_REF_S007,G1_D060_DENS_LOW_V_REF,7,1.00800120831,2.08700359557,9.12369231333,0,0,2.01600241661,
G1_D060_DENS_LOW_V_REF_S007,G1_D060_DENS_LOW_V_REF,7,1.01701962948,1.87475383124,8.18590344284,0,0,2.03403925896,
G1_D060_DENS_LOW_V_REF_S007,G1_D060_DENS_LOW_V_REF,7,1.026014328,2.04405110268,8.11390486456,0,0,2.05202865601,
G1_D060_DENS_LOW_V_REF_S007,G1_D060_DENS_LOW_V_REF,7,1.03500902653,1.86097175748,7.96284543267,0,0,2.07001805305,
G1_D060_DENS_LOW_V_REF_S007,G1_D060_DENS_LOW_V_REF,7,1.04400360584,1.7521470179,8.87319633348,0,0,2.08800721169,
G1_D060_DENS_LOW_V_REF_S007,G1_D060_DENS_LOW_V_REF,7,1.05302214622,1.87865564004,8.13807215182,0,0,2.10604429245,
G1_D060_DENS_LOW_V_REF_S007,G1_D060_DENS_LOW_V_REF,7,1.06201672554,1.89551015888,7.78157814094,0,0,2.12403345108,
G1_D060_DENS_LOW_V_REF_S007,G1_D060_DENS_LOW_V_REF,7,1.07101142406,1.91919645891,10.5169950092,0,0,2.14202284813,
G1_D060_DENS_LOW_V_REF_S007,G1_D060_DENS_LOW_V_REF,7,1.08000600338,1.83305401865,9.4922021664,0,0,2.16001200676,
G1_D060_DENS_LOW_V_REF_S007,G1_D060_DENS_LOW_V_REF,7,1.0890007019,2.09341832035,8.74171754161,0,0,2.17800140381,
G1_D060_DENS_LOW_V_REF_S007,G1_D060_DENS_LOW_V_REF,7,1.09801912308,1.79499405941,7.86576007489,0,0,2.19603824615,
G1_D060_DENS_LOW_V_REF_S007,G1_D060_DENS_LOW_V_REF,7,1.1070138216,1.99789491715,7.67220412568,0,0,2.2140276432,
G1_D060_DENS_LOW_V_REF_S007,G1_D060_DENS_LOW_V_REF,7,1.11600840092,1.96149811066,8.49812031915,0,0,2.23201680183,
G1_D060_DENS_LOW_V_REF_S007,G1_D060_DENS_LOW_V_REF,7,1.12500309944,1.97510468397,7.16574117535,0,0,2.25000619888,
G1_D060_DENS_LOW_V_REF_S007,G1_D060_DENS_LOW_V_REF,7,1.13402152061,1.78011796811,7.46728193447,0,0,2.26804304123,
G1_D060_DENS_LOW_V_REF_S007,G1_D060_DENS_LOW_V_REF,7,1.14301621914,1.96574099044,7.32578374522,0,0,2.28603243828,
G1_D060_DENS_LOW_V_REF_S007,G1_D060_DENS_LOW_V_REF,7,1.15201079845,2.1392053721,10.0219315178,0,0,2.30402159691,
G1_D060_DENS_LOW_V_REF_S007,G1_D060_DENS_LOW_V_REF,7,1.16100549698,2.18902353741,8.95831403548,0,0,2.32201099396,
G1_D060_DENS_LOW_V_REF_S007,G1_D060_DENS_LOW_V_REF,7,1.1700001955,2.19926797119,7.73431984486,0,0,2.34000039101,
G1_D060_DENS_LOW_V_REF_S007,G1_D060_DENS_LOW_V_REF,7,1.17901861668,2.21693393674,10.1165036959,0,0,2.35803723335,
G1_D060_DENS_LOW_V_REF_S007,G1_D060_DENS_LOW_V_REF,7,1.18801319599,2.11354409842,9.12902518754,0,0,2.37602639198,
G1_D060_DENS_LOW_V_REF_S007,G1_D060_DENS_LOW_V_REF,7,1.19700789452,2.19683578973,7.62866931447,0,0,2.39401578903,
G1_D060_DENS_LOW_V_REF_S007,G1_D060_DENS_LOW_V_REF,7,1.20600247383,2.02899778399,8.90394991248,0,0,2.41200494766,
G1_D060_DENS_LOW_V_REF_S007,G1_D060_DENS_LOW_V_REF,7,1.21502101421,2.15788785868,7.85802910638,0,0,2.43004202843,
G1_D060_DENS_LOW_V_REF_S007,G1_D060_DENS_LOW_V_REF,7,1.22401559353,2.09754053008,9.35007504236,0,0,2.44803118706,
G1_D060_DENS_LOW_V_REF_S007,G1_D060_DENS_LOW_V_REF,7,1.23301029205,2.09409636082,6.97696840738,0,0,2.46602058411,
G1_D060_DENS_LOW_V_REF_S007,G1_D060_DENS_LOW_V_REF,7,1.24200487137,2.23737358645,8.29567562003,0,0,2.48400974274,
G1_D060_DENS_LOW_V_REF_S007,G1_D060_DENS_LOW_V_REF,7,1.25102341175,2.09185004146,8.34065568701,0,0,2.5020468235,
G1_D060_DENS_LOW_V_REF_S007,G1_D060_DENS_LOW_V_REF,7,1.26001799107,2.14099275672,7.29005033474,0,0,2.52003598213,
G1_D060_DENS_LOW_V_REF_S007,G1_D060_DENS_LOW_V_REF,7,1.26901268959,2.40567290148,8.52201813955,0,0,2.53802537918,
G1_D060_DENS_LOW_V_REF_S007,G1_D060_DENS_LOW_V_REF,7,1.27800726891,2.24922796159,8.16995875329,0,0,2.55601453781,
G1_D060_DENS_LOW_V_REF_S007,G1_D060_DENS_LOW_V_REF,7,1.28700196743,2.0780271687,7.7319274293,0,0,2.57400393486,
G1_D060_DENS_LOW_V_REF_S007,G1_D060_DENS_LOW_V_REF,7,1.2960203886,2.19017216948,7.8188516008,0,0,2.59204077721,
G1_D060_DENS_LOW_V_REF_S007,G1_D060_DENS_LOW_V_REF,7,1.30501508713,2.49730615273,11.0796386531,0,0,2.61003017426,
G1_D060_DENS_LOW_V_REF_S007,G1_D060_DENS_LOW_V_REF,7,1.31400966644,2.34515762781,7.81521444942,0,0,2.62801933289,
G1_D060_DENS_LOW_V_REF_S007,G1_D060_DENS_LOW_V_REF,7,1.32300436497,2.37756088172,9.14959799125,0,0,2.64600872993,
G1_D060_DENS_LOW_V_REF_S007,G1_D060_DENS_LOW_V_REF,7,1.33202278614,2.10117638988,7.06793371996,0,0,2.66404557228,
G1_D060_DENS_LOW_V_REF_S007,G1_D060_DENS_LOW_V_REF,7,1.34101748466,2.36767953743,8.58509044484,0,0,2.68203496933,
G1_D060_DENS_LOW_V_REF_S007,G1_D060_DENS_LOW_V_REF,7,1.35001206398,2.42449937182,8.28327583974,0,0,2.70002412796,
G1_D060_DENS_LOW_V_REF_S007,G1_D060_DENS_LOW_V_REF,7,1.3590067625,2.54281473514,9.13989464912,0,0,2.71801352501,
G1_D060_DENS_LOW_V_REF_S007,G1_D060_DENS_LOW_V_REF,7,1.36800134182,2.4073512729,8.06264725351,0,0,2.73600268364,
G1_D060_DENS_LOW_V_REF_S007,G1_D060_DENS_LOW_V_REF,7,1.3770198822,2.58654586285,8.02179300868,0,0,2.7540397644,
G1_D060_DENS_LOW_V_REF_S007,G1_D060_DENS_LOW_V_REF,7,1.38601446152,2.5191733356,7.94182280643,0,0,2.77202892303,
G1_D060_DENS_LOW_V_REF_S007,G1_D060_DENS_LOW_V_REF,7,1.39500916004,2.73925607555,8.59735081963,0,0,2.79001832008,
G1_D060_DENS_LOW_V_REF_S007,G1_D060_DENS_LOW_V_REF,7,1.40400373936,2.22244892492,7.42588916559,0,0,2.80800747871,
G1_D060_DENS_LOW_V_REF_S007,G1_D060_DENS_LOW_V_REF,7,1.41302227974,2.62648441081,9.00107168428,0,0,2.82604455948,
G1_D060_DENS_LOW_V_REF_S007,G1_D060_DENS_LOW_V_REF,7,1.42201685905,2.74736298729,8.82590088806,0,0,2.84403371811,
G1_D060_DENS_LOW_V_REF_S007,G1_D060_DENS_LOW_V_REF,7,1.43101155758,2.22324741956,7.02677511429,0,0,2.86202311516,
G1_D060_DENS_LOW_V_REF_S007,G1_D060_DENS_LOW_V_REF,7,1.44000613689,2.3120832412,7.31504942692,0,0,2.88001227379,
G1_D060_DENS_LOW_V_REF_S007,G1_D060_DENS_LOW_V_REF,7,1.44900083542,2.13080380094,6.91449104832,0,0,2.89800167084,
G1_D060_DENS_LOW_V_REF_S007,G1_D060_DENS_LOW_V_REF,7,1.45801925659,2.50905065121,7.43743748201,0,0,2.91603851318,
G1_D060_DENS_LOW_V_REF_S007,G1_D060_DENS_LOW_V_REF,7,1.46701395512,2.48914419473,7.90038563887,0,0,2.93402791023,
G1_D060_DENS_LOW_V_REF_S007,G1_D060_DENS_LOW_V_REF,7,1.47600853443,2.50064066121,9.34053852448,0,0,2.95201706886,
G1_D060_DENS_LOW_V_REF_S007,G1_D060_DENS_LOW_V_REF,7,1.48500323296,2.79068396635,8.39817653701,0,0,2.97000646591,
G1_D060_DENS_LOW_V_REF_S007,G1_D060_DENS_LOW_V_REF,7,1.49402165413,2.84376087057,8.55064166767,0,0,2.98804330826,
G1_D060_DENS_LOW_V_REF_S007,G1_D060_DENS_LOW_V_REF,7,1.50301623344,2.63500578855,8.0108553791,0,0,3.00603246689,
G1_D060_DENS_LOW_V_REF_S007,G1_D060_DENS_LOW_V_REF,7,1.51201093197,2.61519625667,8.21286765722,0,0,3.02402186394,
G1_D060_DENS_LOW_V_REF_S007,G1_D060_DENS_LOW_V_REF,7,1.52100563049,2.49916175154,6.97194895397,0,0,3.04201126099,
G1_D060_DENS_LOW_V_REF_S007,G1_D060_DENS_LOW_V_REF,7,1.53000020981,2.26693839588,6.94695981655,0,0,3.06000041962,
G1_D060_DENS_LOW_V_REF_S007,G1_D060_DENS_LOW_V_REF,7,1.53901863098,2.93424635322,8.3857474365,0,0,3.07803726196,
G1_D060_DENS_LOW_V_REF_S007,G1_D060_DENS_LOW_V_REF,7,1.54801332951,2.61129120985,7.45965018322,0,0,3.09602665901,
G1_D060_DENS_LOW_V_REF_S007,G1_D060_DENS_LOW_V_REF,7,1.55700790882,2.54981640422,7.24048170492,0,0,3.11401581764,
G1_D060_DENS_LOW_V_REF_S007,G1_D060_DENS_LOW_V_REF,7,1.56600260735,2.7871661862,8.07080313871,0,0,3.13200521469,
G1_D060_DENS_LOW_V_REF_S007,G1_D060_DENS_LOW_V_REF,7,1.57502102852,2.50895502181,8.25140209761,0,0,3.15004205704,
G1_D060_DENS_LOW_V_REF_S007,G1_D060_DENS_LOW_V_REF,7,1.58401572704,2.7909697752,8.14285126074,0,0,3.16803145409,
G1_D060_DENS_LOW_V_REF_S007,G1_D060_DENS_LOW_V_REF,7,1.59301030636,2.75005701627,8.33781718685,0,0,3.18602061272,
G1_D060_DENS_LOW_V_REF_S007,G1_D060_DENS_LOW_V_REF,7,1.60200500488,3.02502994918,7.90772747357,0,0,3.20401000977,
G1_D060_DENS_LOW_V_REF_S007,G1_D060_DENS_LOW_V_REF,7,1.61102342606,2.69961564089,6.44849734648,0,0,3.22204685211,
G1_D060_DENS_LOW_V_REF_S007,G1_D060_DENS_LOW_V_REF,7,1.62001812458,2.76740846257,7.66175003191,0,0,3.24003624916,
G1_D060_DENS_LOW_V_REF_S007,G1_D060_DENS_LOW_V_REF,7,1.6290127039,2.88163248524,6.36795079655,0,0,3.25802540779,
G1_D060_DENS_LOW_V_REF_S007,G1_D060_DENS_LOW_V_REF,7,1.63800740242,3.14928232205,8.23626034954,0,0,3.27601480484,
G1_D060_DENS_LOW_V_REF_S007,G1_D060_DENS_LOW_V_REF,7,1.64700198174,3.1118156752,8.37830123555,0,0,3.29400396347,
G1_D060_DENS_LOW_V_REF_S007,G1_D060_DENS_LOW_V_REF,7,1.65602052212,2.68979430782,7.49604949529,0,0,3.31204104424,
G1_D060_DENS_LOW_V_REF_S007,G1_D060_DENS_LOW_V_REF,7,1.66501510143,2.78108195487,7.85476754659,0,0,3.33003020287,
G1_D060_DENS_LOW_V_REF_S007,G1_D060_DENS_LOW_V_REF,7,1.67400979996,2.62441121735,7.55668254136,0,0,3.34801959991,
G1_D060_DENS_LOW_V_REF_S007,G1_D060_DENS_LOW_V_REF,7,1.68300437927,2.70972040826,6.31145053527,0,0,3.36600875854,
G1_D060_DENS_LOW_V_REF_S007,G1_D060_DENS_LOW_V_REF,7,1.69202280045,2.44172086576,7.49414093088,0,0,3.38404560089,
G1_D060_DENS_LOW_V_REF_S007,G1_D060_DENS_LOW_V_REF,7,1.70101749897,2.62409626637,7.07341432305,0,0,3.40203499794,
G1_D060_DENS_LOW_V_REF_S007,G1_D060_DENS_LOW_V_REF,7,1.71001219749,2.7101378964,7.02734437211,0,0,3.42002439499,
G1_D060_DENS_LOW_V_REF_S007,G1_D060_DENS_LOW_V_REF,7,1.71900677681,3.06438198458,8.36508025086,0,0,3.43801355362,
G1_D060_DENS_LOW_V_REF_S007,G1_D060_DENS_LOW_V_REF,7,1.72800147533,2.84933263196,7.8641398184,0,0,3.45600295067,
G1_D060_DENS_LOW_V_REF_S007,G1_D060_DENS_LOW_V_REF,7,1.73701989651,2.90513313904,7.20197631616,0,0,3.47403979301,
G1_D060_DENS_LOW_V_REF_S007,G1_D060_DENS_LOW_V_REF,7,1.74601447582,3.0738393647,8.0744226815,0,0,3.49202895164,
G1_D060_DENS_LOW_V_REF_S007,G1_D060_DENS_LOW_V_REF,7,1.75500917435,3.19207723151,9.71795013373,0,0,3.51001834869,
G1_D060_DENS_LOW_V_REF_S007,G1_D060_DENS_LOW_V_REF,7,1.76400387287,2.89244529868,7.68323522253,0,0,3.52800774574,
G1_D060_DENS_LOW_V_REF_S007,G1_D060_DENS_LOW_V_REF,7,1.77302229404,3.0073782309,7.02085251568,0,0,3.54604458809,
G1_D060_DENS_LOW_V_REF_S007,G1_D060_DENS_LOW_V_REF,7,1.78201687336,3.21763359349,8.72961286764,0,0,3.56403374672,
G1_D060_DENS_LOW_V_REF_S007,G1_D060_DENS_LOW_V_REF,7,1.79101157188,2.89638358913,6.64625076084,0,0,3.58202314377,
G1_D060_DENS_LOW_V_REF_S007,G1_D060_DENS_LOW_V_REF,7,1.8000061512,3.29310526124,7.68857095169,0,0,3.6000123024,
G1_D060_DENS_LOW_V_REF_S007,G1_D060_DENS_LOW_V_REF,7,1.80900084972,2.79770894914,6.77881448343,0,0,3.61800169945,
G1_D060_DENS_LOW_V_REF_S007,G1_D060_DENS_LOW_V_REF,7,1.8180192709,3.18292508833,7.50692810513,0,0,3.63603854179,
G1_D060_DENS_LOW_V_REF_S007,G1_D060_DENS_LOW_V_REF,7,1.82701396942,3.01320298924,7.12489967591,0,0,3.65402793884,
G1_D060_DENS_LOW_V_REF_S007,G1_D060_DENS_LOW_V_REF,7,1.83600854874,2.70217820644,6.49928851785,0,0,3.67201709747,
G1_D060_DENS_LOW_V_REF_S007,G1_D060_DENS_LOW_V_REF,7,1.84500324726,3.26346489812,7.83513004981,0,0,3.69000649452,
G1_D060_DENS_LOW_V_REF_S007,G1_D060_DENS_LOW_V_REF,7,1.85402166843,3.1971376023,6.63932964571,0,0,3.70804333687,
G1_D060_DENS_LOW_V_REF_S007,G1_D060_DENS_LOW_V_REF,7,1.86301636696,3.06035669945,6.9728442534,0,0,3.72603273392,
G1_D060_DENS_LOW_V_REF_S007,G1_D060_DENS_LOW_V_REF,7,1.87201094627,3.01097285996,6.55881620213,0,0,3.74402189255,
G1_D060_DENS_LOW_V_REF_S007,G1_D060_DENS_LOW_V_REF,7,1.8810056448,3.53877652746,7.7792462096,0,0,3.7620112896,
G1_D060_DENS_LOW_V_REF_S007,G1_D060_DENS_LOW_V_REF,7,1.89000022411,3.19545879914,7.6952754168,0,0,3.78000044823,
G1_D060_DENS_LOW_V_REF_S007,G1_D060_DENS_LOW_V_REF,7,1.89901864529,3.37711169054,8.03710711107,0,0,3.79803729057,
G1_D060_DENS_LOW_V_REF_S007,G1_D060_DENS_LOW_V_REF,7,1.90801334381,3.21763532043,7.07399054992,0,0,3.81602668762,
G1_D060_DENS_LOW_V_REF_S007,G1_D060_DENS_LOW_V_REF,7,1.91700792313,3.032875661,6.25059580809,0,0,3.83401584625,
G1_D060_DENS_LOW_V_REF_S007,G1_D060_DENS_LOW_V_REF,7,1.92600262165,3.33737476301,7.86765112297,0,0,3.8520052433,
G1_D060_DENS_LOW_V_REF_S007,G1_D060_DENS_LOW_V_REF,7,1.93502104282,3.44913789382,7.76958049612,0,0,3.87004208565,
G1_D060_DENS_LOW_V_REF_S007,G1_D060_DENS_LOW_V_REF,7,1.94401574135,3.4238498554,8.23047058183,0,0,3.8880314827,
G1_D060_DENS_LOW_V_REF_S007,G1_D060_DENS_LOW_V_REF,7,1.95301032066,3.2322843189,7.10531559336,0,0,3.90602064133,
G1_D060_DENS_LOW_V_REF_S007,G1_D060_DENS_LOW_V_REF,7,1.96200501919,3.17664463326,6.66339812577,0,0,3.92401003838,
G1_D060_DENS_LOW_V_REF_S007,G1_D060_DENS_LOW_V_REF,7,1.97102344036,3.30092075158,7.39543763341,0,0,3.94204688072,
G1_D060_DENS_LOW_V_REF_S007,G1_D060_DENS_LOW_V_REF,7,1.98001813889,3.38293126805,6.81681998933,0,0,3.96003627777,
G1_D060_DENS_LOW_V_REF_S007,G1_D060_DENS_LOW_V_REF,7,1.9890127182,3.40074531885,7.07128016905,0,0,3.9780254364,
G1_D060_DENS_LOW_V_REF_S007,G1_D060_DENS_LOW_V_REF,7,1.99800741673,3.71971964583,7.12572027102,0,0,3.99601483345,
G1_D060_DENS_LOW_V_REF_S007,G1_D060_DENS_LOW_V_REF,7,2.00700211525,3.09492100497,6.93747994682,0,0,4.0140042305,
G1_D060_DENS_LOW_V_REF_S007,G1_D060_DENS_LOW_V_REF,7,2.01602053642,3.44863664901,8.18679124749,0,0,4.03204107285,
G1_D060_DENS_LOW_V_REF_S007,G1_D060_DENS_LOW_V_REF,7,2.02501511574,3.13338107501,7.17495779042,0,0,4.05003023148,
G1_D060_DENS_LOW_V_REF_S007,G1_D060_DENS_LOW_V_REF,7,2.03400969505,3.5994163568,8.15474334554,0,0,4.06801939011,
G1_D060_DENS_LOW_V_REF_S007,G1_D060_DENS_LOW_V_REF,7,2.04300451279,3.4964388258,7.21378269177,0,0,4.08600902557,
G1_D060_DENS_LOW_V_REF_S007,G1_D060_DENS_LOW_V_REF,7,2.05202293396,3.27988379592,7.25563907099,0,0,4.10404586792,
G1_D060_DENS_LOW_V_REF_S007,G1_D060_DENS_LOW_V_REF,7,2.06101751328,3.40911839547,7.12753291411,0,0,4.12203502655,
G1_D060_DENS_LOW_V_REF_S007,G1_D060_DENS_LOW_V_REF,7,2.07001209259,3.23672903499,7.10579644726,0,0,4.14002418518,
G1_D060_DENS_LOW_V_REF_S007,G1_D060_DENS_LOW_V_REF,7,2.07900667191,3.65641514552,7.3559960717,0,0,4.15801334381,
G1_D060_DENS_LOW_V_REF_S007,G1_D060_DENS_LOW_V_REF,7,2.08800148964,3.57029062228,7.18659207565,0,0,4.17600297928,
G1_D060_DENS_LOW_V_REF_S007,G1_D060_DENS_LOW_V_REF,7,2.09701991081,3.35447515517,9.24518023062,0,0,4.19403982162,
G1_D060_DENS_LOW_V_REF_S007,G1_D060_DENS_LOW_V_REF,7,2.10601449013,3.74785109369,7.21672663749,0,0,4.21202898026,
G1_D060_DENS_LOW_V_REF_S007,G1_D060_DENS_LOW_V_REF,7,2.11500906944,3.54882689617,6.85909330206,0,0,4.23001813889,
G1_D060_DENS_LOW_V_REF_S007,G1_D060_DENS_LOW_V_REF,7,2.12400388718,3.54440182404,8.90561948796,0,0,4.24800777435,
G1_D060_DENS_LOW_V_REF_S007,G1_D060_DENS_LOW_V_REF,7,2.13302230835,3.63501099889,8.50103794772,0,0,4.2660446167,
G1_D060_DENS_LOW_V_REF_S007,G1_D060_DENS_LOW_V_REF,7,2.14201688766,3.72702849466,6.6829004011,0,0,4.28403377533,
G1_D060_DENS_LOW_V_REF_S007,G1_D060_DENS_LOW_V_REF,7,2.15101146698,3.75559426834,8.43666414841,0,0,4.30202293396,
G1_D060_DENS_LOW_V_REF_S007,G1_D060_DENS_LOW_V_REF,7,2.16000628471,3.07653447302,5.93861015299,0,0,4.32001256943,
G1_D060_DENS_LOW_V_REF_S007,G1_D060_DENS_LOW_V_REF,7,2.16900086403,3.41000755455,6.71225607184,0,0,4.33800172806,
G1_D060_DENS_LOW_V_REF_S007,G1_D060_DENS_LOW_V_REF,7,2.1780192852,3.68462819137,7.91038312856,0,0,4.3560385704,
G1_D060_DENS_LOW_V_REF_S007,G1_D060_DENS_LOW_V_REF,7,2.18701386452,3.51814432375,7.50162917131,0,0,4.37402772903,
G1_D060_DENS_LOW_V_REF_S007,G1_D060_DENS_LOW_V_REF,7,2.19600844383,3.47999035412,6.66507183828,0,0,4.39201688766,
G1_D060_DENS_LOW_V_REF_S007,G1_D060_DENS_LOW_V_REF,7,2.20500326157,3.30498187075,6.75976518101,0,0,4.41000652313,
G1_D060_DENS_LOW_V_REF_S007,G1_D060_DENS_LOW_V_REF,7,2.21402168274,3.63965129112,6.07757346983,0,0,4.42804336548,
G1_D060_DENS_LOW_V_REF_S007,G1_D060_DENS_LOW_V_REF,7,2.22301626205,3.92108967773,6.58211756327,0,0,4.44603252411,
G1_D060_DENS_LOW_V_REF_S007,G1_D060_DENS_LOW_V_REF,7,2.23201084137,3.73658409458,6.11839126818,0,0,4.46402168274,
G1_D060_DENS_LOW_V_REF_S007,G1_D060_DENS_LOW_V_REF,7,2.2410056591,3.67429417249,6.49979736297,0,0,4.48201131821,
G1_D060_DENS_LOW_V_REF_S007,G1_D060_DENS_LOW_V_REF,7,2.25000023842,3.71721299002,7.21495865194,0,0,4.50000047684,
G1_D060_DENS_LOW_V_REF_S007,G1_D060_DENS_LOW_V_REF,7,2.25901865959,3.56081510928,7.20647101774,0,0,4.51803731918,
G1_D060_DENS_LOW_V_REF_S007,G1_D060_DENS_LOW_V_REF,7,2.26801323891,3.67231293868,7.43577193347,0,0,4.53602647781,
G1_D060_DENS_LOW_V_REF_S007,G1_D060_DENS_LOW_V_REF,7,2.27700805664,3.78328577781,6.81837666641,0,0,4.55401611328,
G1_D060_DENS_LOW_V_REF_S007,G1_D060_DENS_LOW_V_REF,7,2.28600263596,3.69662611853,5.50527927714,0,0,4.57200527191,
G1_D060_DENS_LOW_V_REF_S007,G1_D060_DENS_LOW_V_REF,7,2.29502105713,3.34090679044,6.60226073992,0,0,4.59004211426,
G1_D060_DENS_LOW_V_REF_S007,G1_D060_DENS_LOW_V_REF,7,2.30401563644,3.55839544815,6.18143164448,0,0,4.60803127289,
G1_D060_DENS_LOW_V_REF_S007,G1_D060_DENS_LOW_V_REF,7,2.31301021576,3.72553641707,6.89821626473,0,0,4.62602043152,
G1_D060_DENS_LOW_V_REF_S007,G1_D060_DENS_LOW_V_REF,7,2.32200503349,3.63695121784,6.06861351756,0,0,4.64401006699,
G1_D060_DENS_LOW_V_REF_S007,G1_D060_DENS_LOW_V_REF,7,2.33102345467,4.01318229546,7.3527175005,0,0,4.66204690933,
G1_D060_DENS_LOW_V_REF_S007,G1_D060_DENS_LOW_V_REF,7,2.34001803398,3.49303588727,6.2398159821,0,0,4.68003606796,
G1_D060_DENS_LOW_V_REF_S007,G1_D060_DENS_LOW_V_REF,7,2.3490126133,3.66361606049,6.17438160908,0,0,4.69802522659,
G1_D060_DENS_LOW_V_REF_S007,G1_D060_DENS_LOW_V_REF,7,2.35800743103,3.9179867953,6.85256625247,0,0,4.71601486206,
G1_D060_DENS_LOW_V_REF_S007,G1_D060_DENS_LOW_V_REF,7,2.36700201035,3.8545398223,7.70497522318,0,0,4.73400402069,
G1_D060_DENS_LOW_V_REF_S007,G1_D060_DENS_LOW_V_REF,7,2.37602043152,3.40618475333,5.71303956426,0,0,4.75204086304,
G1_D060_DENS_LOW_V_REF_S007,G1_D060_DENS_LOW_V_REF,7,2.38501501083,4.18086573992,7.09239494542,0,0,4.77003002167,
G1_D060_DENS_LOW_V_REF_S007,G1_D060_DENS_LOW_V_REF,7,2.39400959015,3.72769164026,7.01528985885,0,0,4.7880191803,
G1_D060_DENS_LOW_V_REF_S007,G1_D060_DENS_LOW_V_REF,7,2.40300440788,3.90923422325,6.24256648392,0,0,4.80600881577,
G1_D060_DENS_LOW_V_REF_S007,G1_D060_DENS_LOW_V_REF,7,2.41202282906,4.15397294097,6.85253082317,0,0,4.82404565811,
G1_D060_DENS_LOW_V_REF_S007,G1_D060_DENS_LOW_V_REF,7,2.42101740837,3.71294701239,6.21036620843,0,0,4.84203481674,
G1_D060_DENS_LOW_V_REF_S007,G1_D060_DENS_LOW_V_REF,7,2.43001198769,3.88138038127,7.57972407462,0,0,4.86002397537,
G1_D060_DENS_LOW_V_REF_S007,G1_D060_DENS_LOW_V_REF,7,2.43900680542,3.86697725612,6.83068621506,0,0,4.87801361084,
G1_D060_DENS_LOW_V_REF_S007,G1_D060_DENS_LOW_V_REF,7,2.44800138474,3.79342594748,5.90045547274,0,0,4.89600276947,
G1_D060_DENS_LOW_V_REF_S007,G1_D060_DENS_LOW_V_REF,7,2.45701980591,3.78361260152,5.92596557302,0,0,4.91403961182,
G1_D060_DENS_LOW_V_REF_S007,G1_D060_DENS_LOW_V_REF,7,2.46601438522,3.82271487798,6.43274628685,0,0,4.93202877045,
G1_D060_DENS_LOW_V_REF_S007,G1_D060_DENS_LOW_V_REF,7,2.47500920296,4.16403237612,6.72676965832,0,0,4.95001840591,
G1_D060_DENS_LOW_V_REF_S007,G1_D060_DENS_LOW_V_REF,7,2.48400378227,3.8190261306,8.24241141396,0,0,4.96800756454,
G1_D060_DENS_LOW_V_REF_S007,G1_D060_DENS_LOW_V_REF,7,2.49302220345,3.8742489757,6.14508405132,0,0,4.98604440689,
G1_D060_DENS_LOW_V_REF_S007,G1_D060_DENS_LOW_V_REF,7,2.50201678276,4.31395465738,8.27291503733,0,0,5.00403356552,
G1_D060_DENS_LOW_V_REF_S007,G1_D060_DENS_LOW_V_REF,7,2.51101136208,3.7512294233,6.7570034277,0,0,5.02202272415,
G1_D060_DENS_LOW_V_REF_S007,G1_D060_DENS_LOW_V_REF,7,2.52000617981,4.06950951974,7.33583726879,0,0,5.04001235962,
G1_D060_DENS_LOW_V_REF_S007,G1_D060_DENS_LOW_V_REF,7,2.52900075912,3.79725155499,6.0880780817,0,0,5.05800151825,
G1_D060_DENS_LOW_V_REF_S007,G1_D060_DENS_LOW_V_REF,7,2.5380191803,3.92567988865,7.40877218254,0,0,5.0760383606,
G1_D060_DENS_LOW_V_REF_S007,G1_D060_DENS_LOW_V_REF,7,2.54701375961,3.85375017823,6.51517686319,0,0,5.09402751923,
G1_D060_DENS_LOW_V_REF_S007,G1_D060_DENS_LOW_V_REF,7,2.55600857735,4.05977388615,6.50243703442,0,0,5.11201715469,
G1_D060_DENS_LOW_V_REF_S007,G1_D060_DENS_LOW_V_REF,7,2.56500315666,4.11383622645,7.15408607307,0,0,5.13000631332,
G1_D060_DENS_LOW_V_REF_S007,G1_D060_DENS_LOW_V_REF,7,2.57402157784,4.26457189723,6.79621102769,0,0,5.14804315567,
G1_D060_DENS_LOW_V_REF_S007,G1_D060_DENS_LOW_V_REF,7,2.58301615715,3.8981994978,6.07294497811,0,0,5.1660323143,
G1_D060_DENS_LOW_V_REF_S007,G1_D060_DENS_LOW_V_REF,7,2.59201073647,4.04037817267,6.3154042579,0,0,5.18402147293,
G1_D060_DENS_LOW_V_REF_S007,G1_D060_DENS_LOW_V_REF,7,2.6010055542,3.91683406175,8.20949423849,0,0,5.2020111084,
G1_D060_DENS_LOW_V_REF_S007,G1_D060_DENS_LOW_V_REF,7,2.61000013351,3.91070341887,6.52721416703,0,0,5.22000026703,
G1_D060_DENS_LOW_V_REF_S007,G1_D060_DENS_LOW_V_REF,7,2.61901855469,4.40368999975,6.49903084017,0,0,5.23803710938,
G1_D060_DENS_LOW_V_REF_S007,G1_D060_DENS_LOW_V_REF,7,2.628013134,4.40540312588,8.00720032246,0,0,5.25602626801,
G1_D060_DENS_LOW_V_REF_S007,G1_D060_DENS_LOW_V_REF,7,2.63700795174,4.27059590147,6.5790627251,0,0,5.27401590347,
G1_D060_DENS_LOW_V_REF_S007,G1_D060_DENS_LOW_V_REF,7,2.64600253105,3.80528960493,7.68807009617,0,0,5.2920050621,
G1_D060_DENS_LOW_V_REF_S007,G1_D060_DENS_LOW_V_REF,7,2.65502095222,4.02127431233,6.13577200788,0,0,5.31004190445,
G1_D060_DENS_LOW_V_REF_S007,G1_D060_DENS_LOW_V_REF,7,2.66401553154,4.35314284919,6.89886865849,0,0,5.32803106308,
G1_D060_DENS_LOW_V_REF_S007,G1_D060_DENS_LOW_V_REF,7,2.67301011086,4.14841693793,6.91757988543,0,0,5.34602022171,
G1_D060_DENS_LOW_V_REF_S007,G1_D060_DENS_LOW_V_REF,7,2.68200492859,4.40461995783,6.89247087773,0,0,5.36400985718,
G1_D060_DENS_LOW_V_REF_S007,G1_D060_DENS_LOW_V_REF,7,2.69102334976,4.54128493973,7.93611441468,0,0,5.38204669952,
G1_D060_DENS_LOW_V_REF_S007,G1_D060_DENS_LOW_V_REF,7,2.70001792908,4.55050421776,7.80596955384,0,0,5.40003585815,
G1_D060_DENS_LOW_V_REF_S007,G1_D060_DENS_LOW_V_REF,7,2.70901250839,4.14276163574,6.08884866905,0,0,5.41802501678,
G1_D060_DENS_LOW_V_REF_S007,G1_D060_DENS_LOW_V_REF,7,2.71800732613,4.4608116172,6.3313756357,0,0,5.43601465225,
G1_D060_DENS_LOW_V_REF_S007,G1_D060_DENS_LOW_V_REF,7,2.72700190544,4.5825329412,6.77391100282,0,0,5.45400381088,
G1_D060_DENS_LOW_V_REF_S007,G1_D060_DENS_LOW_V_REF,7,2.73602032661,4.49310628965,6.91658176522,0,0,5.47204065323,
G1_D060_DENS_LOW_V_REF_S007,G1_D060_DENS_LOW_V_REF,7,2.74501490593,4.41144180911,7.26003096917,0,0,5.49002981186,
G1_D060_DENS_LOW_V_REF_S007,G1_D060_DENS_LOW_V_REF,7,2.75400972366,4.35057531868,6.76050358031,0,0,5.50801944733,
G1_D060_DENS_LOW_V_REF_S007,G1_D060_DENS_LOW_V_REF,7,2.76300430298,4.2579603011,6.55464733097,0,0,5.52600860596,
G1_D060_DENS_LOW_V_REF_S007,G1_D060_DENS_LOW_V_REF,7,2.77202272415,4.40210509905,7.57167005297,0,0,5.5440454483,
G1_D060_DENS_LOW_V_REF_S007,G1_D060_DENS_LOW_V_REF,7,2.78101730347,3.97678915872,6.19790360826,0,0,5.56203460693,
G1_D060_DENS_LOW_V_REF_S007,G1_D060_DENS_LOW_V_REF,7,2.79001188278,3.76684702018,6.1880267463,0,0,5.58002376556,
G1_D060_DENS_LOW_V_REF_S007,G1_D060_DENS_LOW_V_REF,7,2.79900670052,4.36950475792,6.5708314113,0,0,5.59801340103,
G1_D060_DENS_LOW_V_REF_S007,G1_D060_DENS_LOW_V_REF,7,2.80800127983,4.04761189953,5.9349819593,0,0,5.61600255966,
G1_D060_DENS_LOW_V_REF_S007,G1_D060_DENS_LOW_V_REF,7,2.817019701,4.42264534311,7.26055336994,0,0,5.63403940201,
G1_D060_DENS_LOW_V_REF_S007,G1_D060_DENS_LOW_V_REF,7,2.82601428032,4.28668452168,6.63485494921,0,0,5.65202856064,
G1_D060_DENS_LOW_V_REF_S007,G1_D060_DENS_LOW_V_REF,7,2.83500909805,4.38979114156,7.92717215115,0,0,5.67001819611,
G1_D060_DENS_LOW_V_REF_S007,G1_D060_DENS_LOW_V_REF,7,2.84400367737,4.47069922166,6.54438583936,0,0,5.68800735474,
G1_D060_DENS_LOW_V_REF_S007,G1_D060_DENS_LOW_V_REF,7,2.85302209854,5.11424921089,7.95499678141,0,0,5.70604419708,
G1_D060_DENS_LOW_V_REF_S007,G1_D060_DENS_LOW_V_REF,7,2.86201667786,4.5931976694,6.72554521627,0,0,5.72403335571,
G1_D060_DENS_LOW_V_REF_S007,G1_D060_DENS_LOW_V_REF,7,2.87101125717,4.17151996341,6.17774032924,0,0,5.74202251434,
G1_D060_DENS_LOW_V_REF_S007,G1_D060_DENS_LOW_V_REF,7,2.88000607491,4.74950056835,7.17880459059,0,0,5.76001214981,
G1_D060_DENS_LOW_V_REF_S007,G1_D060_DENS_LOW_V_REF,7,2.88900065422,4.17147204078,5.2514182516,0,0,5.77800130844,
G1_D060_DENS_LOW_V_REF_S007,G1_D060_DENS_LOW_V_REF,7,2.89801907539,3.95526628485,5.57785892772,0,0,5.79603815079,
G1_D060_DENS_LOW_V_REF_S007,G1_D060_DENS_LOW_V_REF,7,2.90701365471,4.66197398436,7.22644038431,0,0,5.81402730942,
G1_D060_DENS_LOW_V_REF_S007,G1_D060_DENS_LOW_V_REF,7,2.91600847244,4.49418131083,6.7029497437,0,0,5.83201694489,
G1_D060_DENS_LOW_V_REF_S007,G1_D060_DENS_LOW_V_REF,7,2.92500305176,4.64754581855,6.96080885381,0,0,5.85000610352,
G1_D060_DENS_LOW_V_REF_S007,G1_D060_DENS_LOW_V_REF,7,2.93402147293,4.36555696929,6.48184950502,0,0,5.86804294586,
G1_D060_DENS_LOW_V_REF_S007,G1_D060_DENS_LOW_V_REF,7,2.94301605225,4.58837907045,6.64845875209,0,0,5.88603210449,
G1_D060_DENS_LOW_V_REF_S007,G1_D060_DENS_LOW_V_REF,7,2.95201063156,4.2360579318,5.6324839364,0,0,5.90402126312,
G1_D060_DENS_LOW_V_REF_S007,G1_D060_DENS_LOW_V_REF,7,2.9610054493,4.40510047935,9.40232813857,0,0,5.92201089859,
G1_D060_DENS_LOW_V_REF_S007,G1_D060_DENS_LOW_V_REF,7,2.97000002861,4.66434334831,6.59824443382,0,0,5.94000005722,
G1_D060_DENS_LOW_V_REF_S007,G1_D060_DENS_LOW_V_REF,7,2.97901844978,4.88676220859,6.76268455229,0,0,5.95803689957,
G1_D060_DENS_LOW_V_REF_S007,G1_D060_DENS_LOW_V_REF,7,2.9880130291,4.50118060537,6.62901290348,0,0,5.9760260582,
G1_D060_DENS_LOW_V_REF_S007,G1_D060_DENS_LOW_V_REF,7,2.99700784683,5.06302035011,7.3347823396,0,0,5.99401569366,
G1_D060_DENS_LOW_V_REF_S007,G1_D060_DENS_LOW_V_REF,7,3.00600242615,5.26734086183,7.95933431686,0,0,6.01200485229,
G1_D060_DENS_LOW_V_REF_S007,G1_D060_DENS_LOW_V_REF,7,3.01502084732,4.76349009098,6.7109080781,0,0,6.03004169464,
G1_D060_DENS_LOW_V_REF_S007,G1_D060_DENS_LOW_V_REF,7,3.02401542664,5.20916796865,7.86590982038,0,0,6.04803085327,
G1_D060_DENS_LOW_V_REF_S007,G1_D060_DENS_LOW_V_REF,7,3.03301000595,4.63823026352,6.89489270611,0,0,6.0660200119,
G1_D060_DENS_LOW_V_REF_S007,G1_D060_DENS_LOW_V_REF,7,3.04200482368,4.4622501596,6.55176146309,0,0,6.08400964737,
G1_D060_DENS_LOW_V_REF_S007,G1_D060_DENS_LOW_V_REF,7,3.05102324486,4.77137401138,6.28376927701,0,0,6.10204648972,
G1_D060_DENS_LOW_V_REF_S007,G1_D060_DENS_LOW_V_REF,7,3.06001782417,4.54894263077,6.30170977123,0,0,6.12003564835,
G1_D060_DENS_LOW_V_REF_S007,G1_D060_DENS_LOW_V_REF,7,3.06901240349,4.73710933023,9.08652521724,0,0,6.13802480698,
G1_D060_DENS_LOW_V_REF_S007,G1_D060_DENS_LOW_V_REF,7,3.07800722122,4.66886275463,6.62988451936,0,0,6.15601444244,
G1_D060_DENS_LOW_V_REF_S007,G1_D060_DENS_LOW_V_REF,7,3.08700180054,4.41640029035,9.20141071664,0,0,6.17400360107,
G1_D060_DENS_LOW_V_REF_S007,G1_D060_DENS_LOW_V_REF,7,3.09602022171,4.75414215579,6.84444478557,0,0,6.19204044342,
G1_D060_DENS_LOW_V_REF_S007,G1_D060_DENS_LOW_V_REF,7,3.10501480103,4.8460564668,7.47170364536,0,0,6.21002960205,
G1_D060_DENS_LOW_V_REF_S007,G1_D060_DENS_LOW_V_REF,7,3.11400938034,4.6714639605,6.72573406818,0,0,6.22801876068,
G1_D060_DENS_LOW_V_REF_S007,G1_D060_DENS_LOW_V_REF,7,3.12300419807,5.16361340642,7.62272160557,0,0,6.24600839615,
G1_D060_DENS_LOW_V_REF_S007,G1_D060_DENS_LOW_V_REF,7,3.13202261925,4.06608542617,5.22375530847,0,0,6.26404523849,
G1_D060_DENS_LOW_V_REF_S007,G1_D060_DENS_LOW_V_REF,7,3.14101719856,4.56110332218,6.65697210431,0,0,6.28203439713,
G1_D060_DENS_LOW_V_REF_S007,G1_D060_DENS_LOW_V_REF,7,3.15001177788,4.4174835145,6.25618703662,0,0,6.30002355576,
G1_D060_DENS_LOW_V_REF_S007,G1_D060_DENS_LOW_V_REF,7,3.15900635719,4.39875655917,6.26448478173,0,0,6.31801271439,
G1_D060_DENS_LOW_V_REF_S007,G1_D060_DENS_LOW_V_REF,7,3.16800117493,4.99173953802,6.52618136669,0,0,6.33600234985,
G1_D060_DENS_LOW_V_REF_S007,G1_D060_DENS_LOW_V_REF,7,3.1770195961,4.61923994959,5.92905398057,0,0,6.3540391922,
G1_D060_DENS_LOW_V_REF_S007,G1_D060_DENS_LOW_V_REF,7,3.18601417542,4.60547751979,5.86917254305,0,0,6.37202835083,
G1_D060_DENS_LOW_V_REF_S007,G1_D060_DENS_LOW_V_REF,7,3.19500875473,4.83354088887,6.25851658092,0,0,6.39001750946,
G1_D060_DENS_LOW_V_REF_S007,G1_D060_DENS_LOW_V_REF,7,3.20400357246,5.18008152206,6.76746528424,0,0,6.40800714493,
G1_D060_DENS_LOW_V_REF_S007,G1_D060_DENS_LOW_V_REF,7,3.21302199364,5.00254889759,6.68041923215,0,0,6.42604398727,
G1_D060_DENS_LOW_V_REF_S007,G1_D060_DENS_LOW_V_REF,7,3.22201657295,5.05717724302,6.60973934396,0,0,6.4440331459,
G1_D060_DENS_LOW_V_REF_S007,G1_D060_DENS_LOW_V_REF,7,3.23101115227,4.98344071989,6.78487324358,0,0,6.46202230453,
G1_D060_DENS_LOW_V_REF_S007,G1_D060_DENS_LOW_V_REF,7,3.24000573158,5.20519384416,6.22201712014,0,0,6.48001146317,
G1_D060_DENS_LOW_V_REF_S007,G1_D060_DENS_LOW_V_REF,7,3.24900054932,5.18841962811,6.86765715146,0,0,6.49800109863,
G1_D060_DENS_LOW_V_REF_S007,G1_D060_DENS_LOW_V_REF,7,3.25801897049,4.84849015933,5.9455267987,0,0,6.51603794098,
G1_D060_DENS_LOW_V_REF_S007,G1_D060_DENS_LOW_V_REF,7,3.2670135498,4.7316474455,7.14514810888,0,0,6.53402709961,
G1_D060_DENS_LOW_V_REF_S007,G1_D060_DENS_LOW_V_REF,7,3.27600812912,5.09313346352,7.03513731008,0,0,6.55201625824,
G1_D060_DENS_LOW_V_REF_S007,G1_D060_DENS_LOW_V_REF,7,3.28500294685,4.4929923115,5.95510394963,0,0,6.57000589371,
G1_D060_DENS_LOW_V_REF_S007,G1_D060_DENS_LOW_V_REF,7,3.29402136803,4.71900493737,6.34296503254,0,0,6.58804273605,
G1_D060_DENS_LOW_V_REF_S007,G1_D060_DENS_LOW_V_REF,7,3.30301594734,5.06886432068,8.07967016426,0,0,6.60603189468,
G1_D060_DENS_LOW_V_REF_S007,G1_D060_DENS_LOW_V_REF,7,3.31201052666,4.94320772838,6.29400053778,0,0,6.62402105331,
G1_D060_DENS_LOW_V_REF_S007,G1_D060_DENS_LOW_V_REF,7,3.32100510597,4.64878274051,8.34137339032,0,0,6.64201021194,
G1_D060_DENS_LOW_V_REF_S007,G1_D060_DENS_LOW_V_REF,7,3.33002352715,4.45028806648,6.14731278808,0,0,6.66004705429,
G1_D060_DENS_LOW_V_REF_S007,G1_D060_DENS_LOW_V_REF,7,3.33901834488,4.89005548633,6.63741670951,0,0,6.67803668976,
G1_D060_DENS_LOW_V_REF_S007,G1_D060_DENS_LOW_V_REF,7,3.34801292419,4.81968995331,5.86662718235,0,0,6.69602584839,
G1_D060_DENS_LOW_V_REF_S007,G1_D060_DENS_LOW_V_REF,7,3.35700750351,5.45720557667,7.34733710735,0,0,6.71401500702,
G1_D060_DENS_LOW_V_REF_S007,G1_D060_DENS_LOW_V_REF,7,3.36600208282,4.88743183022,6.75177482328,0,0,6.73200416565,
G1_D060_DENS_LOW_V_REF_S007,G1_D060_DENS_LOW_V_REF,7,3.37502074242,5.2119945404,6.55967081535,0,0,6.75004148483,
G1_D060_DENS_LOW_V_REF_S007,G1_D060_DENS_LOW_V_REF,7,3.38401532173,5.03280534715,6.64258814157,0,0,6.76803064346,
G1_D060_DENS_LOW_V_REF_S007,G1_D060_DENS_LOW_V_REF,7,3.39300990105,5.28792773332,6.99095537887,0,0,6.78601980209,
G1_D060_DENS_LOW_V_REF_S007,G1_D060_DENS_LOW_V_REF,7,3.40200448036,4.97327119221,6.37845403562,0,0,6.80400896072,
G1_D060_DENS_LOW_V_REF_S007,G1_D060_DENS_LOW_V_REF,7,3.41102290154,5.11166916006,8.70994541555,0,0,6.82204580307,
G1_D060_DENS_LOW_V_REF_S007,G1_D060_DENS_LOW_V_REF,7,3.42001771927,4.89485206678,6.23419631065,0,0,6.84003543854,
G1_D060_DENS_LOW_V_REF_S007,G1_D060_DENS_LOW_V_REF,7,3.42901229858,5.00058709187,6.13788432934,0,0,6.85802459717,
G1_D060_DENS_LOW_V_REF_S007,G1_D060_DENS_LOW_V_REF,7,3.4380068779,5.18044763369,6.38873775904,0,0,6.8760137558,
G1_D060_DENS_LOW_V_REF_S007,G1_D060_DENS_LOW_V_REF,7,3.44700145721,4.90067833619,6.08365644035,0,0,6.89400291443,
G1_D060_DENS_LOW_V_REF_S007,G1_D060_DENS_LOW_V_REF,7,3.45602011681,4.97714472235,6.01703605289,0,0,6.91204023361,
G1_D060_DENS_LOW_V_REF_S007,G1_D060_DENS_LOW_V_REF,7,3.46501469612,5.6365981173,6.82646722037,0,0,6.93002939224,
G1_D060_DENS_LOW_V_REF_S007,G1_D060_DENS_LOW_V_REF,7,3.47400927544,5.16639335075,6.78647438398,0,0,6.94801855087,
G1_D060_DENS_LOW_V_REF_S007,G1_D060_DENS_LOW_V_REF,7,3.48300385475,5.30662748931,8.55485937303,0,0,6.9660077095,
G1_D060_DENS_LOW_V_REF_S007,G1_D060_DENS_LOW_V_REF,7,3.49202227592,4.77017249172,5.65760278917,0,0,6.98404455185,
G1_D060_DENS_LOW_V_REF_S007,G1_D060_DENS_LOW_V_REF,7,3.50101709366,4.92200563392,6.17166194913,0,0,7.00203418732,
G1_D060_DENS_LOW_V_REF_S007,G1_D060_DENS_LOW_V_REF,7,3.51001167297,4.83407710426,6.35592962749,0,0,7.02002334595,
G1_D060_DENS_LOW_V_REF_S007,G1_D060_DENS_LOW_V_REF,7,3.51900625229,5.10158900161,7.34334098154,0,0,7.03801250458,
G1_D060_DENS_LOW_V_REF_S007,G1_D060_DENS_LOW_V_REF,7,3.5280008316,4.91566646283,6.00291457735,0,0,7.05600166321,
G1_D060_DENS_LOW_V_REF_S007,G1_D060_DENS_LOW_V_REF,7,3.53701925278,4.56127385767,5.72347841152,0,0,7.07403850555,
G1_D060_DENS_LOW_V_REF_S007,G1_D060_DENS_LOW_V_REF,7,3.54601407051,5.68415679532,6.76046590771,0,0,7.09202814102,
G1_D060_DENS_LOW_V_REF_S007,G1_D060_DENS_LOW_V_REF,7,3.55500864983,4.85401335048,5.7690231104,0,0,7.11001729965,
G1_D060_DENS_LOW_V_REF_S007,G1_D060_DENS_LOW_V_REF,7,3.56400322914,5.63998853551,6.86223149364,0,0,7.12800645828,
G1_D060_DENS_LOW_V_REF_S007,G1_D060_DENS_LOW_V_REF,7,3.57302165031,5.11319318607,6.16863666723,0,0,7.14604330063,
G1_D060_DENS_LOW_V_REF_S007,G1_D060_DENS_LOW_V_REF,7,3.58201646805,4.83458093949,5.98684084301,0,0,7.1640329361,
G1_D060_DENS_LOW_V_REF_S007,G1_D060_DENS_LOW_V_REF,7,3.59101104736,5.08567955159,6.52981856275,0,0,7.18202209473,
G1_D060_DENS_LOW_V_REF_S007,G1_D060_DENS_LOW_V_REF,7,3.60000562668,5.28326585432,6.40004308512,0,0,7.20001125336,
G1_D060_DENS_LOW_V_REF_S007,G1_D060_DENS_LOW_V_REF,7,3.60900020599,5.17545590883,10.4296867018,0,0,7.21800041199,
G1_D060_DENS_LOW_V_REF_S007,G1_D060_DENS_LOW_V_REF,7,3.61801862717,5.22456883434,5.77432851401,0,0,7.23603725433,
G1_D060_DENS_LOW_V_REF_S007,G1_D060_DENS_LOW_V_REF,7,3.6270134449,5.36892777305,6.80226262955,0,0,7.2540268898,
G1_D060_DENS_LOW_V_REF_S007,G1_D060_DENS_LOW_V_REF,7,3.63600802422,5.23229171743,7.09368584781,0,0,7.27201604843,
G1_D060_DENS_LOW_V_REF_S007,G1_D060_DENS_LOW_V_REF,7,3.64500260353,5.47246785529,6.02446697836,0,0,7.29000520706,
G1_D060_DENS_LOW_V_REF_S007,G1_D060_DENS_LOW_V_REF,7,3.6540210247,5.31397433086,6.55474289692,0,0,7.30804204941,
G1_D060_DENS_LOW_V_REF_S007,G1_D060_DENS_LOW_V_REF,7,3.66301560402,5.0531284283,6.10629031592,0,0,7.32603120804,
G1_D060_DENS_LOW_V_REF_S007,G1_D060_DENS_LOW_V_REF,7,3.67201042175,5.03573164979,5.77442603766,0,0,7.34402084351,
G1_D060_DENS_LOW_V_REF_S007,G1_D060_DENS_LOW_V_REF,7,3.68100500107,5.57404181446,6.39253817735,0,0,7.36201000214,
G1_D060_DENS_LOW_V_REF_S007,G1_D060_DENS_LOW_V_REF,7,3.69002342224,5.34358101862,6.10477733747,0,0,7.38004684448,
G1_D060_DENS_LOW_V_REF_S007,G1_D060_DENS_LOW_V_REF,7,3.69901800156,5.47239834589,6.2941193459,0,0,7.39803600311,
G1_D060_DENS_LOW_V_REF_S007,G1_D060_DENS_LOW_V_REF,7,3.70801281929,4.97803193862,5.71718504448,0,0,7.41602563858,
G1_D060_DENS_LOW_V_REF_S007,G1_D060_DENS_LOW_V_REF,7,3.71700739861,5.13390137521,6.86575763226,0,0,7.43401479721,
G1_D060_DENS_LOW_V_REF_S007,G1_D060_DENS_LOW_V_REF,7,3.72600197792,5.27358980021,6.86024102206,0,0,7.45200395584,
G1_D060_DENS_LOW_V_REF_S007,G1_D060_DENS_LOW_V_REF,7,3.73502039909,5.26481305098,6.27231678,0,0,7.47004079819,
G1_D060_DENS_LOW_V_REF_S007,G1_D060_DENS_LOW_V_REF,7,3.74401497841,5.33527054363,5.81675631064,0,0,7.48802995682,
G1_D060_DENS_LOW_V_REF_S007,G1_D060_DENS_LOW_V_REF,7,3.75300979614,5.5690146873,6.53869839193,0,0,7.50601959229,
G1_D060_DENS_LOW_V_REF_S007,G1_D060_DENS_LOW_V_REF,7,3.76200437546,5.08379070916,5.57306637994,0,0,7.52400875092,
G1_D060_DENS_LOW_V_REF_S007,G1_D060_DENS_LOW_V_REF,7,3.77102279663,5.40206562477,8.95047822724,0,0,7.54204559326,
G1_D060_DENS_LOW_V_REF_S007,G1_D060_DENS_LOW_V_REF,7,3.78001737595,5.16442895461,5.80842238551,0,0,7.56003475189,
G1_D060_DENS_LOW_V_REF_S007,G1_D060_DENS_LOW_V_REF,7,3.78901195526,5.33317274126,5.81644023396,0,0,7.57802391052,
G1_D060_DENS_LOW_V_REF_S007,G1_D060_DENS_LOW_V_REF,7,3.79800677299,5.45017217503,6.20660486291,0,0,7.59601354599,
G1_D060_DENS_LOW_V_REF_S007,G1_D060_DENS_LOW_V_REF,7,3.80700135231,5.46510590301,6.204391225,0,0,7.61400270462,
G1_D060_DENS_LOW_V_REF_S007,G1_D060_DENS_LOW_V_REF,7,3.81601977348,5.7698886552,5.77529303393,0,0,7.63203954697,
G1_D060_DENS_LOW_V_REF_S007,G1_D060_DENS_LOW_V_REF,7,3.8250143528,5.56170670194,8.29914042087,0,0,7.6500287056,
G1_D060_DENS_LOW_V_REF_S007,G1_D060_DENS_LOW_V_REF,7,3.83400917053,5.89754418247,7.19687257823,0,0,7.66801834106,
G1_D060_DENS_LOW_V_REF_S007,G1_D060_DENS_LOW_V_REF,7,3.84300374985,5.58230350334,6.23519877147,0,0,7.68600749969,
G1_D060_DENS_LOW_V_REF_S007,G1_D060_DENS_LOW_V_REF,7,3.85202217102,5.29092743098,6.26528298849,0,0,7.70404434204,
G1_D060_DENS_LOW_V_REF_S007,G1_D060_DENS_LOW_V_REF,7,3.86101675034,5.87351033543,6.41892663131,0,0,7.72203350067,
G1_D060_DENS_LOW_V_REF_S007,G1_D060_DENS_LOW_V_REF,7,3.87001132965,4.96935966936,5.08933665316,0,0,7.7400226593,
G1_D060_DENS_LOW_V_REF_S007,G1_D060_DENS_LOW_V_REF,7,3.87900614738,5.21282951669,5.85109494532,0,0,7.75801229477,
G1_D060_DENS_LOW_V_REF_S007,G1_D060_DENS_LOW_V_REF,7,3.8880007267,5.38926466974,6.04153230003,0,0,7.7760014534,
G1_D060_DENS_LOW_V_REF_S007,G1_D060_DENS_LOW_V_REF,7,3.89701914787,5.05194288286,5.80504350125,0,0,7.79403829575,
G1_D060_DENS_LOW_V_REF_S007,G1_D060_DENS_LOW_V_REF,7,3.90601372719,5.70648917309,6.02766382737,0,0,7.81202745438,
G1_D060_DENS_LOW_V_REF_S007,G1_D060_DENS_LOW_V_REF,7,3.9150083065,5.79423248826,6.92321056794,0,0,7.83001661301,
G1_D060_DENS_LOW_V_REF_S007,G1_D060_DENS_LOW_V_REF,7,3.92400312424,5.91462924801,6.45671216327,0,0,7.84800624847,
G1_D060_DENS_LOW_V_REF_S007,G1_D060_DENS_LOW_V_REF,7,3.93302154541,5.59600851233,5.79682506646,0,0,7.86604309082,
G1_D060_DENS_LOW_V_REF_S007,G1_D060_DENS_LOW_V_REF,7,3.94201612473,5.10715925192,5.88523511438,0,0,7.88403224945,
G1_D060_DENS_LOW_V_REF_S007,G1_D060_DENS_LOW_V_REF,7,3.95101070404,5.87181361525,6.51887771594,0,0,7.90202140808,
G1_D060_DENS_LOW_V_REF_S007,G1_D060_DENS_LOW_V_REF,7,3.96000552177,5.28081964146,6.43940393664,0,0,7.92001104355,
G1_D060_DENS_LOW_V_REF_S007,G1_D060_DENS_LOW_V_REF,7,3.96900010109,5.65051381317,5.79608246068,0,0,7.93800020218,
G1_D060_DENS_LOW_V_REF_S007,G1_D060_DENS_LOW_V_REF,7,3.97801852226,5.49419537175,6.4208312244,0,0,7.95603704453,
G1_D060_DENS_LOW_V_REF_S007,G1_D060_DENS_LOW_V_REF,7,3.98701310158,5.13005806655,5.42881998011,0,0,7.97402620316,
G1_D060_DENS_LOW_V_REF_S007,G1_D060_DENS_LOW_V_REF,7,3.99600768089,6.11837986898,6.38614648182,0,0,7.99201536179,
G1_D060_DENS_LOW_V_REF_S007,G1_D060_DENS_LOW_V_REF,7,4.00500249863,5.49801795711,5.86374548388,0,0,8.01000499725,
G1_D060_DENS_LOW_V_REF_S007,G1_D060_DENS_LOW_V_REF,7,4.0140209198,4.90851217528,5.2475070759,0,0,8.0280418396,
G1_D060_DENS_LOW_V_REF_S007,G1_D060_DENS_LOW_V_REF,7,4.02301549911,5.55057224561,5.88930935308,0,0,8.04603099823,
G1_D060_DENS_LOW_V_REF_S007,G1_D060_DENS_LOW_V_REF,7,4.03201007843,5.28134938081,5.73958966455,0,0,8.06402015686,
G1_D060_DENS_LOW_V_REF_S007,G1_D060_DENS_LOW_V_REF,7,4.04100465775,5.94963780928,6.52234630901,0,0,8.08200931549,
G1_D060_DENS_LOW_V_REF_S007,G1_D060_DENS_LOW_V_REF,7,4.05002307892,5.33587454148,5.85657894555,0,0,8.10004615784,
G1_D060_DENS_LOW_V_REF_S007,G1_D060_DENS_LOW_V_REF,7,4.05901765823,5.85188211812,7.127431469,0,0,8.11803531647,
G1_D060_DENS_LOW_V_REF_S007,G1_D060_DENS_LOW_V_REF,7,4.06801223755,5.88929889953,7.35743406028,0,0,8.1360244751,
G1_D060_DENS_LOW_V_REF_S007,G1_D060_DENS_LOW_V_REF,7,4.0770072937,5.52796571585,7.82630029711,0,0,8.1540145874,
G1_D060_DENS_LOW_V_REF_S007,G1_D060_DENS_LOW_V_REF,7,4.08600187302,4.9616773694,7.56029244899,0,0,8.17200374603,
G1_D060_DENS_LOW_V_REF_S007,G1_D060_DENS_LOW_V_REF,7,4.09502029419,5.58326195596,6.42933772669,0,0,8.19004058838,
G1_D060_DENS_LOW_V_REF_S007,G1_D060_DENS_LOW_V_REF,7,4.1040148735,5.44334946028,5.65336421924,0,0,8.20802974701,
G1_D060_DENS_LOW_V_REF_S007,G1_D060_DENS_LOW_V_REF,7,4.11300945282,5.1496605813,6.14212281543,0,0,8.22601890564,
G1_D060_DENS_LOW_V_REF_S007,G1_D060_DENS_LOW_V_REF,7,4.12200403214,6.06020913448,7.0515586121,0,0,8.24400806427,
G1_D060_DENS_LOW_V_REF_S007,G1_D060_DENS_LOW_V_REF,7,4.13102245331,5.42221730696,5.92436452825,0,0,8.26204490662,
G1_D060_DENS_LOW_V_REF_S007,G1_D060_DENS_LOW_V_REF,7,4.14001703262,5.59379759528,7.64407087706,0,0,8.28003406525,
G1_D060_DENS_LOW_V_REF_S007,G1_D060_DENS_LOW_V_REF,7,4.14901161194,5.9810336086,6.52373690716,0,0,8.29802322388,
G1_D060_DENS_LOW_V_REF_S007,G1_D060_DENS_LOW_V_REF,7,4.15800666809,6.12735953386,5.96900606267,0,0,8.31601333618,
G1_D060_DENS_LOW_V_REF_S007,G1_D060_DENS_LOW_V_REF,7,4.16700124741,5.71980043938,5.59942685339,0,0,8.33400249481,
G1_D060_DENS_LOW_V_REF_S007,G1_D060_DENS_LOW_V_REF,7,4.17601966858,6.30320752674,6.48664672338,0,0,8.35203933716,
G1_D060_DENS_LOW_V_REF_S007,G1_D060_DENS_LOW_V_REF,7,4.18501424789,5.68313142371,6.15074831675,0,0,8.37002849579,
G1_D060_DENS_LOW_V_REF_S007,G1_D060_DENS_LOW_V_REF,7,4.19400882721,5.69365195229,6.08743047092,0,0,8.38801765442,
G1_D060_DENS_LOW_V_REF_S007,G1_D060_DENS_LOW_V_REF,7,4.20300340652,5.55501868864,6.01272065858,0,0,8.40600681305,
G1_D060_DENS_LOW_V_REF_S007,G1_D060_DENS_LOW_V_REF,7,4.2120218277,5.18114488638,5.47381654784,0,0,8.4240436554,
G1_D060_DENS_LOW_V_REF_S007,G1_D060_DENS_LOW_V_REF,7,4.22101640701,5.98549947973,6.25948616402,0,0,8.44203281403,
G1_D060_DENS_LOW_V_REF_S007,G1_D060_DENS_LOW_V_REF,7,4.23001098633,5.2527223007,5.46472752567,0,0,8.46002197266,
G1_D060_DENS_LOW_V_REF_S007,G1_D060_DENS_LOW_V_REF,7,4.23900556564,5.64451484959,5.94687682865,0,0,8.47801113129,
G1_D060_DENS_LOW_V_REF_S007,G1_D060_DENS_LOW_V_REF,7,4.2480006218,5.97160450716,6.44000467892,0,0,8.49600124359,
G1_D060_DENS_LOW_V_REF_S007,G1_D060_DENS_LOW_V_REF,7,4.25701904297,5.68645880855,5.95902069894,0,0,8.51403808594,
G1_D060_DENS_LOW_V_REF_S007,G1_D060_DENS_LOW_V_REF,7,4.26601362228,5.6063058337,5.59729837247,0,0,8.53202724457,
G1_D060_DENS_LOW_V_REF_S007,G1_D060_DENS_LOW_V_REF,7,4.2750082016,5.48065873957,5.50793919064,0,0,8.5500164032,
G1_D060_DENS_LOW_V_REF_S007,G1_D060_DENS_LOW_V_REF,7,4.28400278091,5.75828360726,6.12505325317,0,0,8.56800556183,
G1_D060_DENS_LOW_V_REF_S007,G1_D060_DENS_LOW_V_REF,7,4.29302120209,5.35585309777,5.24554853366,0,0,8.58604240417,
G1_D060_DENS_LOW_V_REF_S007,G1_D060_DENS_LOW_V_REF,7,4.3020157814,5.53643852335,5.62322118117,0,0,8.60403156281,
G1_D060_DENS_LOW_V_REF_S007,G1_D060_DENS_LOW_V_REF,7,4.31101036072,5.79030628641,5.91502760131,0,0,8.62202072144,
G1_D060_DENS_LOW_V_REF_S007,G1_D060_DENS_LOW_V_REF,7,4.32000494003,5.66808112717,5.93478159182,0,0,8.64000988007,
G1_D060_DENS_LOW_V_REF_S007,G1_D060_DENS_LOW_V_REF,7,4.32902336121,6.10276745293,5.93739624681,0,0,8.65804672241,
G1_D060_DENS_LOW_V_REF_S007,G1_D060_DENS_LOW_V_REF,7,4.33801841736,5.98490195791,6.49293782267,0,0,8.67603683472,
G1_D060_DENS_LOW_V_REF_S007,G1_D060_DENS_LOW_V_REF,7,4.34701299667,5.82176857298,5.69217251635,0,0,8.69402599335,
G1_D060_DENS_LOW_V_REF_S007,G1_D060_DENS_LOW_V_REF,7,4.35600757599,5.44165403531,5.85918267348,0,0,8.71201515198,
G1_D060_DENS_LOW_V_REF_S007,G1_D060_DENS_LOW_V_REF,7,4.3650021553,5.89279163903,7.18949083494,0,0,8.73000431061,
G1_D060_DENS_LOW_V_REF_S007,G1_D060_DENS_LOW_V_REF,7,4.37402057648,5.64108471172,6.02533785119,0,0,8.74804115295,
G1_D060_DENS_LOW_V_REF_S007,G1_D060_DENS_LOW_V_REF,7,4.38301515579,5.68328555326,5.54556921312,0,0,8.76603031158,
G1_D060_DENS_LOW_V_REF_S007,G1_D060_DENS_LOW_V_REF,7,4.39200973511,5.66325777913,5.69752907724,0,0,8.78401947021,
G1_D060_DENS_LOW_V_REF_S007,G1_D060_DENS_LOW_V_REF,7,4.40100431442,5.5482132433,5.67364882333,0,0,8.80200862885,
G1_D060_DENS_LOW_V_REF_S007,G1_D060_DENS_LOW_V_REF,7,4.4100227356,6.4980890071,6.88219597905,0,0,8.82004547119,
G1_D060_DENS_LOW_V_REF_S007,G1_D060_DENS_LOW_V_REF,7,4.41901779175,5.82440777157,6.04555743187,0,0,8.8380355835,
G1_D060_DENS_LOW_V_REF_S007,G1_D060_DENS_LOW_V_REF,7,4.42801237106,5.76352357999,6.18206923566,0,0,8.85602474213,
G1_D060_DENS_LOW_V_REF_S007,G1_D060_DENS_LOW_V_REF,7,4.43700695038,5.76240365832,5.69781528101,0,0,8.87401390076,
G1_D060_DENS_LOW_V_REF_S007,G1_D060_DENS_LOW_V_REF,7,4.44600152969,5.8052780071,6.48864584355,0,0,8.89200305939,
G1_D060_DENS_LOW_V_REF_S007,G1_D060_DENS_LOW_V_REF,7,4.45501995087,5.97862927408,5.50792573698,0,0,8.91003990173,
G1_D060_DENS_LOW_V_REF_S007,G1_D060_DENS_LOW_V_REF,7,4.46401453018,5.54548899284,4.83631173214,0,0,8.92802906036,
G1_D060_DENS_LOW_V_REF_S007,G1_D060_DENS_LOW_V_REF,7,4.4730091095,5.72372059694,5.73299159679,0,0,8.94601821899,
G1_D060_DENS_LOW_V_REF_S007,G1_D060_DENS_LOW_V_REF,7,4.48200368881,5.6214519755,5.79838028538,0,0,8.96400737762,
G1_D060_DENS_LOW_V_REF_S007,G1_D060_DENS_LOW_V_REF,7,4.49102210999,5.65558152346,5.81069890947,0,0,8.98204421997,
G1_D060_DENS_LOW_V_REF_S007,G1_D060_DENS_LOW_V_REF,7,4.5000166893,5.96029735666,6.04029558477,0,0,9.0000333786,
G1_D060_DENS_LOW_V_REF_S007,G1_D060_DENS_LOW_V_REF,7,4.50901174545,5.83473229226,6.01839493722,0,0,9.01802349091,
G1_D060_DENS_LOW_V_REF_S007,G1_D060_DENS_LOW_V_REF,7,4.51800632477,6.43021415569,6.40389254797,0,0,9.03601264954,
G1_D060_DENS_LOW_V_REF_S007,G1_D060_DENS_LOW_V_REF,7,4.52700090408,6.24817162308,5.90344728899,0,0,9.05400180817,
G1_D060_DENS_LOW_V_REF_S007,G1_D060_DENS_LOW_V_REF,7,4.53601932526,6.12123666222,6.03248892507,0,0,9.07203865051,
G1_D060_DENS_LOW_V_REF_S007,G1_D060_DENS_LOW_V_REF,7,4.54501390457,5.88162178039,5.42832820747,0,0,9.09002780914,
G1_D060_DENS_LOW_V_REF_S007,G1_D060_DENS_LOW_V_REF,7,4.55400848389,5.70222664935,5.56815128213,0,0,9.10801696777,
G1_D060_DENS_LOW_V_REF_S007,G1_D060_DENS_LOW_V_REF,7,4.5630030632,6.04747553017,5.77816773398,0,0,9.1260061264,
G1_D060_DENS_LOW_V_REF_S007,G1_D060_DENS_LOW_V_REF,7,4.57202148438,5.9370397699,6.33173111464,0,0,9.14404296875,
G1_D060_DENS_LOW_V_REF_S007,G1_D060_DENS_LOW_V_REF,7,4.58101606369,5.24896361219,5.33122980716,0,0,9.16203212738,
G1_D060_DENS_LOW_V_REF_S007,G1_D060_DENS_LOW_V_REF,7,4.59001064301,5.38819957847,5.6065404776,0,0,9.18002128601,
G1_D060_DENS_LOW_V_REF_S007,G1_D060_DENS_LOW_V_REF,7,4.59900569916,6.36160880796,7.17267048682,0,0,9.19801139832,
G1_D060_DENS_LOW_V_REF_S007,G1_D060_DENS_LOW_V_REF,7,4.60800027847,5.98841412551,5.78911550598,0,0,9.21600055695,
G1_D060_DENS_LOW_V_REF_S007,G1_D060_DENS_LOW_V_REF,7,4.61701869965,5.67707806147,5.94475069475,0,0,9.23403739929,
G1_D060_DENS_LOW_V_REF_S007,G1_D060_DENS_LOW_V_REF,7,4.62601327896,6.20127436371,6.18560218263,0,0,9.25202655792,
G1_D060_DENS_LOW_V_REF_S007,G1_D060_DENS_LOW_V_REF,7,4.63500785828,5.93668315644,5.68905060451,0,0,9.27001571655,
G1_D060_DENS_LOW_V_REF_S007,G1_D060_DENS_LOW_V_REF,7,4.64400243759,6.39564941843,6.43490158585,0,0,9.28800487518,
G1_D060_DENS_LOW_V_REF_S007,G1_D060_DENS_LOW_V_REF,7,4.65302085876,5.57862727629,5.73566825349,0,0,9.30604171753,
G1_D060_DENS_LOW_V_REF_S007,G1_D060_DENS_LOW_V_REF,7,4.66201543808,6.26105417611,6.05079112222,0,0,9.32403087616,
G1_D060_DENS_LOW_V_REF_S007,G1_D060_DENS_LOW_V_REF,7,4.6710100174,6.12556567322,6.7017992806,0,0,9.34202003479,
G1_D060_DENS_LOW_V_REF_S007,G1_D060_DENS_LOW_V_REF,7,4.68000507355,5.92043954322,5.74474934391,0,0,9.36001014709,
G1_D060_DENS_LOW_V_REF_S007,G1_D060_DENS_LOW_V_REF,7,4.68902349472,5.93943244756,6.9371875205,0,0,9.37804698944,
G1_D060_DENS_LOW_V_REF_S007,G1_D060_DENS_LOW_V_REF,7,4.69801807404,6.35616807827,6.57585377529,0,0,9.39603614807,
G1_D060_DENS_LOW_V_REF_S007,G1_D060_DENS_LOW_V_REF,7,4.70701265335,6.1963271076,6.93215564414,0,0,9.4140253067,
G1_D060_DENS_LOW_V_REF_S007,G1_D060_DENS_LOW_V_REF,7,4.71600723267,6.32917900232,6.21519226323,0,0,9.43201446533,
G1_D060_DENS_LOW_V_REF_S007,G1_D060_DENS_LOW_V_REF,7,4.72500181198,6.31374791515,5.65536169837,0,0,9.45000362396,
G1_D060_DENS_LOW_V_REF_S007,G1_D060_DENS_LOW_V_REF,7,4.73402023315,6.01714698079,6.33412165341,0,0,9.46804046631,
G1_D060_DENS_LOW_V_REF_S007,G1_D060_DENS_LOW_V_REF,7,4.74301481247,5.92655896098,5.69623143996,0,0,9.48602962494,
G1_D060_DENS_LOW_V_REF_S007,G1_D060_DENS_LOW_V_REF,7,4.75200939178,6.14398480119,5.86765452213,0,0,9.50401878357,
G1_D060_DENS_LOW_V_REF_S007,G1_D060_DENS_LOW_V_REF,7,4.7610039711,6.0891436102,5.64759464491,0,0,9.5220079422,
G1_D060_DENS_LOW_V_REF_S007,G1_D060_DENS_LOW_V_REF,7,4.77002239227,5.87463932354,5.61740291725,0,0,9.54004478455,
G1_D060_DENS_LOW_V_REF_S007,G1_D060_DENS_LOW_V_REF,7,4.77901744843,5.7517704468,5.74392541971,0,0,9.55803489685,
G1_D060_DENS_LOW_V_REF_S007,G1_D060_DENS_LOW_V_REF,7,4.78801202774,6.07029101987,5.2636764253,0,0,9.57602405548,
G1_D060_DENS_LOW_V_REF_S007,G1_D060_DENS_LOW_V_REF,7,4.79700660706,6.37418785099,5.79507848876,0,0,9.59401321411,
G1_D060_DENS_LOW_V_REF_S007,G1_D060_DENS_LOW_V_REF,7,4.80600118637,6.20169055665,5.67134486829,0,0,9.61200237274,
G1_D060_DENS_LOW_V_REF_S007,G1_D060_DENS_LOW_V_REF,7,4.81501960754,6.54497633655,6.98745917646,0,0,9.63003921509,
G1_D060_DENS_LOW_V_REF_S007,G1_D060_DENS_LOW_V_REF,7,4.82401418686,6.37769267908,5.99839284586,0,0,9.64802837372,
G1_D060_DENS_LOW_V_REF_S007,G1_D060_DENS_LOW_V_REF,7,4.83300876617,6.15121205203,5.41826082703,0,0,9.66601753235,
G1_D060_DENS_LOW_V_REF_S007,G1_D060_DENS_LOW_V_REF,7,4.84200334549,6.29331215105,6.15838611996,0,0,9.68400669098,
G1_D060_DENS_LOW_V_REF_S007,G1_D060_DENS_LOW_V_REF,7,4.85102176666,6.02940049532,6.68714847725,0,0,9.70204353333,
G1_D060_DENS_LOW_V_REF_S007,G1_D060_DENS_LOW_V_REF,7,4.86001682281,6.3631880961,5.88944071858,0,0,9.72003364563,
G1_D060_DENS_LOW_V_REF_S007,G1_D060_DENS_LOW_V_REF,7,4.86901140213,6.32666630221,6.50060826636,0,0,9.73802280426,
G1_D060_DENS_LOW_V_REF_S007,G1_D060_DENS_LOW_V_REF,7,4.87800598145,6.30141323436,5.57749080832,0,0,9.75601196289,
G1_D060_DENS_LOW_V_REF_S007,G1_D060_DENS_LOW_V_REF,7,4.88700056076,6.05601396146,5.85824671407,0,0,9.77400112152,
G1_D060_DENS_LOW_V_REF_S007,G1_D060_DENS_LOW_V_REF,7,4.89601898193,6.00429421751,5.35701969224,0,0,9.79203796387,
G1_D060_DENS_LOW_V_REF_S007,G1_D060_DENS_LOW_V_REF,7,4.90501356125,5.99940136006,5.71758699131,0,0,9.8100271225,
G1_D060_DENS_LOW_V_REF_S007,G1_D060_DENS_LOW_V_REF,7,4.91400814056,6.56781470823,9.07280717676,0,0,9.82801628113,
G1_D060_DENS_LOW_V_REF_S007,G1_D060_DENS_LOW_V_REF,7,4.92300271988,7.10207778512,5.45850744452,0,0,9.84600543976,
G1_D060_DENS_LOW_V_REF_S007,G1_D060_DENS_LOW_V_REF,7,4.93202114105,6.30864393908,6.10186555032,0,0,9.8640422821,
G1_D060_DENS_LOW_V_REF_S007,G1_D060_DENS_LOW_V_REF,7,4.94101572037,6.12899019852,5.6435218043,0,0,9.88203144073,
G1_D060_DENS_LOW_V_REF_S007,G1_D060_DENS_LOW_V_REF,7,4.95001077652,6.4331706798,5.49442585885,0,0,9.90002155304,
G1_D060_DENS_LOW_V_REF_S007,G1_D060_DENS_LOW_V_REF,7,4.95900535583,6.05738083578,5.75890476541,0,0,9.91801071167,
G1_D060_DENS_LOW_V_REF_S007,G1_D060_DENS_LOW_V_REF,7,4.96802377701,6.44486466523,5.93045822237,0,0,9.93604755402,
G1_D060_DENS_LOW_V_REF_S007,G1_D060_DENS_LOW_V_REF,7,4.97701835632,6.14492512092,5.68803089013,0,0,9.95403671265,
G1_D060_DENS_LOW_V_REF_S007,G1_D060_DENS_LOW_V_REF,7,4.98601293564,6.25720395968,5.94995716578,0,0,9.97202587128,
G1_D060_DENS_LOW_V_REF_S007,G1_D060_DENS_LOW_V_REF,7,4.99500751495,6.21545212298,5.92427205761,0,0,9.99001502991,
G1_D060_DENS_LOW_V_REF_S007,G1_D060_DENS_LOW_V_REF,7,5.00400209427,6.20908057174,5.40458202715,0,0,10.0080041885,
G1_D060_DENS_LOW_V_REF_S007,G1_D060_DENS_LOW_V_REF,7,5.01302051544,6.54221366163,6.16131075089,0,0,10.0260410309,
G1_D060_DENS_LOW_V_REF_S007,G1_D060_DENS_LOW_V_REF,7,5.02201509476,6.42539123938,5.77520301843,0,0,10.0440301895,
G1_D060_DENS_LOW_V_REF_S007,G1_D060_DENS_LOW_V_REF,7,5.03100967407,6.58162203851,6.04067029785,0,0,10.0620193481,
G1_D060_DENS_LOW_V_REF_S007,G1_D060_DENS_LOW_V_REF,7,5.04000473022,6.15791603954,5.36906853785,0,0,10.0800094604,
G1_D060_DENS_LOW_V_REF_S007,G1_D060_DENS_LOW_V_REF,7,5.0490231514,6.41679452381,5.9308410583,0,0,10.0980463028,
G1_D060_DENS_LOW_V_REF_S007,G1_D060_DENS_LOW_V_REF,7,5.05801773071,5.80699674578,6.5026577891,0,0,10.1160354614,
G1_D060_DENS_LOW_V_REF_S007,G1_D060_DENS_LOW_V_REF,7,5.06701231003,6.43595321455,5.19475420552,0,0,10.1340246201,
G1_D060_DENS_LOW_V_REF_S007,G1_D060_DENS_LOW_V_REF,7,5.07600688934,6.06466593916,6.99553711393,0,0,10.1520137787,
G1_D060_DENS_LOW_V_REF_S007,G1_D060_DENS_LOW_V_REF,7,5.08500146866,6.14827452427,5.65144001279,0,0,10.1700029373,
G1_D060_DENS_LOW_V_REF_S007,G1_D060_DENS_LOW_V_REF,7,5.09401988983,6.58221999206,6.40049821198,0,0,10.1880397797,
G1_D060_DENS_LOW_V_REF_S007,G1_D060_DENS_LOW_V_REF,7,5.10301446915,6.43304288612,5.67631473248,0,0,10.2060289383,
G1_D060_DENS_LOW_V_REF_S007,G1_D060_DENS_LOW_V_REF,7,5.11200904846,6.64928620303,5.94911709527,0,0,10.2240180969,
G1_D060_DENS_LOW_V_REF_S007,G1_D060_DENS_LOW_V_REF,7,5.12100362778,6.52385886223,5.69169875585,0,0,10.2420072556,
G1_D060_DENS_LOW_V_REF_S007,G1_D060_DENS_LOW_V_REF,7,5.13002252579,6.53243096888,5.78048812639,0,0,10.2600450516,
G1_D060_DENS_LOW_V_REF_S007,G1_D060_DENS_LOW_V_REF,7,5.1390171051,6.93959459372,6.02861610888,0,0,10.2780342102,
G1_D060_DENS_LOW_V_REF_S007,G1_D060_DENS_LOW_V_REF,7,5.14801168442,6.26693441245,5.93338084769,0,0,10.2960233688,
G1_D060_DENS_LOW_V_REF_S007,G1_D060_DENS_LOW_V_REF,7,5.15700626373,6.18575045343,5.75052264241,0,0,10.3140125275,
G1_D060_DENS_LOW_V_REF_S007,G1_D060_DENS_LOW_V_REF,7,5.16600084305,6.46560955189,5.90176981178,0,0,10.3320016861,
G1_D060_DENS_LOW_V_REF_S007,G1_D060_DENS_LOW_V_REF,7,5.17501926422,7.01852791603,6.40791439385,0,0,10.3500385284,
G1_D060_DENS_LOW_V_REF_S007,G1_D060_DENS_LOW_V_REF,7,5.18401384354,6.23615944865,5.39711510655,0,0,10.3680276871,
G1_D060_DENS_LOW_V_REF_S007,G1_D060_DENS_LOW_V_REF,7,5.19300842285,6.05084954243,6.59885528358,0,0,10.3860168457,
G1_D060_DENS_LOW_V_REF_S007,G1_D060_DENS_LOW_V_REF,7,5.20200300217,6.08004046899,5.70137882836,0,0,10.4040060043,
G1_D060_DENS_LOW_V_REF_S007,G1_D060_DENS_LOW_V_REF,7,5.21102142334,6.70398233092,6.33300913222,0,0,10.4220428467,
G1_D060_DENS_LOW_V_REF_S007,G1_D060_DENS_LOW_V_REF,7,5.22001647949,6.27525870297,5.51998657713,0,0,10.440032959,
G1_D060_DENS_LOW_V_REF_S007,G1_D060_DENS_LOW_V_REF,7,5.22901105881,6.17263562675,5.43752249955,0,0,10.4580221176,
G1_D060_DENS_LOW_V_REF_S007,G1_D060_DENS_LOW_V_REF,7,5.23800563812,6.59387857518,6.13312251413,0,0,10.4760112762,
G1_D060_DENS_LOW_V_REF_S007,G1_D060_DENS_LOW_V_REF,7,5.24700021744,6.4473402361,5.95501947522,0,0,10.4940004349,
G1_D060_DENS_LOW_V_REF_S007,G1_D060_DENS_LOW_V_REF,7,5.25601863861,6.65846403447,5.67962772561,0,0,10.5120372772,
G1_D060_DENS_LOW_V_REF_S007,G1_D060_DENS_LOW_V_REF,7,5.26501321793,6.37151713571,5.37563477108,0,0,10.5300264359,
G1_D060_DENS_LOW_V_REF_S007,G1_D060_DENS_LOW_V_REF,7,5.27400779724,6.04660428811,5.75833624862,0,0,10.5480155945,
G1_D060_DENS_LOW_V_REF_S007,G1_D060_DENS_LOW_V_REF,7,5.28300237656,7.09195704354,11.3957534879,0,0,10.5660047531,
G1_D060_DENS_LOW_V_REF_S007,G1_D060_DENS_LOW_V_REF,7,5.29202079773,6.11340066445,5.2648472896,0,0,10.5840415955,
G1_D060_DENS_LOW_V_REF_S007,G1_D060_DENS_LOW_V_REF,7,5.30101537704,6.66187474424,5.83250335946,0,0,10.6020307541,
G1_D060_DENS_LOW_V_REF_S007,G1_D060_DENS_LOW_V_REF,7,5.3100104332,7.03002934747,6.38006273748,0,0,10.6200208664,
G1_D060_DENS_LOW_V_REF_S007,G1_D060_DENS_LOW_V_REF,7,5.31900501251,7.0855380014,6.23712390162,0,0,10.638010025,
G1_D060_DENS_LOW_V_REF_S007,G1_D060_DENS_LOW_V_REF,7,5.32802343369,5.9744492118,5.27727675749,0,0,10.6560468674,
G1_D060_DENS_LOW_V_REF_S007,G1_D060_DENS_LOW_V_REF,7,5.337018013,6.52784766573,5.92237888642,0,0,10.674036026,
G1_D060_DENS_LOW_V_REF_S007,G1_D060_DENS_LOW_V_REF,7,5.34601259232,6.71013887793,6.07187519223,0,0,10.6920251846,
G1_D060_DENS_LOW_V_REF_S007,G1_D060_DENS_LOW_V_REF,7,5.35500717163,6.46224072045,5.73132378661,0,0,10.7100143433,
G1_D060_DENS_LOW_V_REF_S007,G1_D060_DENS_LOW_V_REF,7,5.36400175095,6.27759007421,5.16161001832,0,0,10.7280035019,
G1_D060_DENS_LOW_V_REF_S007,G1_D060_DENS_LOW_V_REF,7,5.37302017212,6.06449151805,5.53163781509,0,0,10.7460403442,
G1_D060_DENS_LOW_V_REF_S007,G1_D060_DENS_LOW_V_REF,7,5.38201475143,6.49254077529,5.59708633182,0,0,10.7640295029,
G1_D060_DENS_LOW_V_REF_S007,G1_D060_DENS_LOW_V_REF,7,5.39100933075,6.78240965933,6.87267923277,0,0,10.7820186615,
G1_D060_DENS_LOW_V_REF_S007,G1_D060_DENS_LOW_V_REF,7,5.4000043869,6.89826931161,5.85091180664,0,0,10.8000087738,
G1_D060_DENS_LOW_V_REF_S007,G1_D060_DENS_LOW_V_REF,7,5.40902280807,6.1196845734,8.28309888313,0,0,10.8180456161,
G1_D060_DENS_LOW_V_REF_S007,G1_D060_DENS_LOW_V_REF,7,5.41801738739,7.18883544834,5.63110502372,0,0,10.8360347748,
G1_D060_DENS_LOW_V_REF_S007,G1_D060_DENS_LOW_V_REF,7,5.42701196671,6.3841713007,5.20822877443,0,0,10.8540239334,
G1_D060_DENS_LOW_V_REF_S007,G1_D060_DENS_LOW_V_REF,7,5.43600654602,6.9343693,5.95079956936,0,0,10.872013092,
G1_D060_DENS_LOW_V_REF_S007,G1_D060_DENS_LOW_V_REF,7,5.44500112534,6.7293040447,5.55193155771,0,0,10.8900022507,
G1_D060_DENS_LOW_V_REF_S007,G1_D060_DENS_LOW_V_REF,7,5.45401954651,6.20640942473,5.50861126544,0,0,10.908039093,
G1_D060_DENS_LOW_V_REF_S007,G1_D060_DENS_LOW_V_REF,7,5.46301412582,6.35626867262,5.53482488187,0,0,10.9260282516,
G1_D060_DENS_LOW_V_REF_S007,G1_D060_DENS_LOW_V_REF,7,5.47200870514,6.49844821096,5.80425393871,0,0,10.9440174103,
G1_D060_DENS_LOW_V_REF_S007,G1_D060_DENS_LOW_V_REF,7,5.48100328445,6.58867529997,5.92579467115,0,0,10.9620065689,
G1_D060_DENS_LOW_V_REF_S007,G1_D060_DENS_LOW_V_REF,7,5.49002170563,6.84863873534,5.55860428876,0,0,10.9800434113,
G1_D060_DENS_LOW_V_REF_S007,G1_D060_DENS_LOW_V_REF,7,5.49901676178,6.81178105129,5.94738120154,0,0,10.9980335236,
G1_D060_DENS_LOW_V_REF_S007,G1_D060_DENS_LOW_V_REF,7,5.50801134109,6.723279177,5.3631180128,0,0,11.0160226822,
G1_D060_DENS_LOW_V_REF_S007,G1_D060_DENS_LOW_V_REF,7,5.51700592041,7.0345051485,6.16342066205,0,0,11.0340118408,
G1_D060_DENS_LOW_V_REF_S007,G1_D060_DENS_LOW_V_REF,7,5.52600049973,6.57598875482,5.36211688348,0,0,11.0520009995,
G1_D060_DENS_LOW_V_REF_S007,G1_D060_DENS_LOW_V_REF,7,5.5350189209,6.29041218427,5.73689651432,0,0,11.0700378418,
G1_D060_DENS_LOW_V_REF_S007,G1_D060_DENS_LOW_V_REF,7,5.5440120697,5.93045364615,4.24056542153,0,0,11.0880241394,
G1_D060_DENS_LOW_V_REF_S007,G1_D060_DENS_LOW_V_REF,7,5.55300664902,6.76583015595,4.84481892576,0,0,11.106013298,
G1_D060_DENS_LOW_V_REF_S007,G1_D060_DENS_LOW_V_REF,7,5.56200122833,6.75187215001,5.98165944091,0,0,11.1240024567,
G1_D060_DENS_LOW_V_REF_S007,G1_D060_DENS_LOW_V_REF,7,5.57101964951,6.13284904965,5.38683314127,0,0,11.142039299,
G1_D060_DENS_LOW_V_REF_S007,G1_D060_DENS_LOW_V_REF,7,5.58001422882,6.60709097406,6.10498286889,0,0,11.1600284576,
G1_D060_DENS_LOW_V_REF_S007,G1_D060_DENS_LOW_V_REF,7,5.58900928497,6.45576943833,5.70111475367,0,0,11.1780185699,
G1_D060_DENS_LOW_V_REF_S007,G1_D060_DENS_LOW_V_REF,7,5.59800386429,6.86028004904,5.58578202095,0,0,11.1960077286,
G1_D060_DENS_LOW_V_REF_S007,G1_D060_DENS_LOW_V_REF,7,5.60702228546,7.14550820911,5.66331450206,0,0,11.2140445709,
G1_D060_DENS_LOW_V_REF_S007,G1_D060_DENS_LOW_V_REF,7,5.61601686478,6.75048023503,5.65459155335,0,0,11.2320337296,
G1_D060_DENS_LOW_V_REF_S007,G1_D060_DENS_LOW_V_REF,7,5.62501144409,6.73606415782,5.6751907688,0,0,11.2500228882,
G1_D060_DENS_LOW_V_REF_S007,G1_D060_DENS_LOW_V_REF,7,5.63400602341,7.44671403339,5.62349826462,0,0,11.2680120468,
G1_D060_DENS_LOW_V_REF_S007,G1_D060_DENS_LOW_V_REF,7,5.64300060272,6.42000231794,6.14677348756,0,0,11.2860012054,
G1_D060_DENS_LOW_V_REF_S007,G1_D060_DENS_LOW_V_REF,7,5.6520190239,7.2235586325,5.77566128,0,0,11.3040380478,
G1_D060_DENS_LOW_V_REF_S007,G1_D060_DENS_LOW_V_REF,7,5.66101360321,6.48746443029,6.5903376045,0,0,11.3220272064,
G1_D060_DENS_LOW_V_REF_S007,G1_D060_DENS_LOW_V_REF,7,5.67000818253,6.3779258162,5.18399589856,0,0,11.3400163651,
G1_D060_DENS_LOW_V_REF_S007,G1_D060_DENS_LOW_V_REF,7,5.67900323868,6.96666354072,6.13409178434,0,0,11.3580064774,
G1_D060_DENS_LOW_V_REF_S007,G1_D060_DENS_LOW_V_REF,7,5.68802165985,6.63685351831,5.65755646562,0,0,11.3760433197,
G1_D060_DENS_LOW_V_REF_S007,G1_D060_DENS_LOW_V_REF,7,5.69701623917,7.09512166413,5.89152617311,0,0,11.3940324783,
G1_D060_DENS_LOW_V_REF_S007,G1_D060_DENS_LOW_V_REF,7,5.70601081848,6.87656295019,5.64900217686,0,0,11.412021637,
G1_D060_DENS_LOW_V_REF_S007,G1_D060_DENS_LOW_V_REF,7,5.7150053978,6.89843812016,5.90158205253,0,0,11.4300107956,
G1_D060_DENS_LOW_V_REF_S007,G1_D060_DENS_LOW_V_REF,7,5.72402381897,6.51852174904,5.69816285349,0,0,11.4480476379,
G1_D060_DENS_LOW_V_REF_S007,G1_D060_DENS_LOW_V_REF,7,5.73301839828,6.67655072618,5.69232301185,0,0,11.4660367966,
G1_D060_DENS_LOW_V_REF_S007,G1_D060_DENS_LOW_V_REF,7,5.7420129776,7.03033847002,5.72846284176,0,0,11.4840259552,
G1_D060_DENS_LOW_V_REF_S007,G1_D060_DENS_LOW_V_REF,7,5.75100755692,7.38765090179,5.65882283214,0,0,11.5020151138,
G1_D060_DENS_LOW_V_REF_S007,G1_D060_DENS_LOW_V_REF,7,5.76000213623,7.11801313926,7.2781709893,0,0,11.5200042725,
G1_D060_DENS_LOW_V_REF_S007,G1_D060_DENS_LOW_V_REF,7,5.7690205574,6.23664817314,5.31274577342,0,0,11.5380411148,
G1_D060_DENS_LOW_V_REF_S007,G1_D060_DENS_LOW_V_REF,7,5.77801561356,6.79443003673,5.79955755669,0,0,11.5560312271,
G1_D060_DENS_LOW_V_REF_S007,G1_D060_DENS_LOW_V_REF,7,5.78701019287,7.31959558498,7.4348913659,0,0,11.5740203857,
G1_D060_DENS_LOW_V_REF_S007,G1_D060_DENS_LOW_V_REF,7,5.79600477219,6.54535755892,5.54652768798,0,0,11.5920095444,
G1_D060_DENS_LOW_V_REF_S007,G1_D060_DENS_LOW_V_REF,7,5.80502319336,6.44544146375,5.78301001551,0,0,11.6100463867,
G1_D060_DENS_LOW_V_REF_S007,G1_D060_DENS_LOW_V_REF,7,5.81401777267,6.44652771005,5.49110478659,0,0,11.6280355453,
G1_D060_DENS_LOW_V_REF_S007,G1_D060_DENS_LOW_V_REF,7,5.82301235199,6.8676989904,5.24451553289,0,0,11.646024704,
G1_D060_DENS_LOW_V_REF_S007,G1_D060_DENS_LOW_V_REF,7,5.8320069313,6.37178265299,5.13628747616,0,0,11.6640138626,
G1_D060_DENS_LOW_V_REF_S007,G1_D060_DENS_LOW_V_REF,7,5.84100151062,7.05067925233,5.83526461077,0,0,11.6820030212,
G1_D060_DENS_LOW_V_REF_S007,G1_D060_DENS_LOW_V_REF,7,5.85001993179,6.42442890114,5.95085116247,0,0,11.7000398636,
G1_D060_DENS_LOW_V_REF_S007,G1_D060_DENS_LOW_V_REF,7,5.85901451111,6.28447193671,5.29727354242,0,0,11.7180290222,
G1_D060_DENS_LOW_V_REF_S007,G1_D060_DENS_LOW_V_REF,7,5.86800956726,7.02956695884,5.62516315442,0,0,11.7360191345,
G1_D060_DENS_LOW_V_REF_S007,G1_D060_DENS_LOW_V_REF,7,5.87700414658,7.2038348001,5.95178542751,0,0,11.7540082932,
G1_D060_DENS_LOW_V_REF_S007,G1_D060_DENS_LOW_V_REF,7,5.88602256775,7.44875355149,6.0636402678,0,0,11.7720451355,
G1_D060_DENS_LOW_V_REF_S007,G1_D060_DENS_LOW_V_REF,7,5.89501714706,6.60950221635,4.94168389905,0,0,11.7900342941,
G1_D060_DENS_LOW_V_REF_S007,G1_D060_DENS_LOW_V_REF,7,5.90401172638,7.13741878266,5.69499911613,0,0,11.8080234528,
G1_D060_DENS_LOW_V_REF_S007,G1_D060_DENS_LOW_V_REF,7,5.91300630569,7.40179196355,5.4380714476,0,0,11.8260126114,
G1_D060_DENS_LOW_V_REF_S007,G1_D060_DENS_LOW_V_REF,7,5.92200088501,6.67365248634,5.59474075741,0,0,11.84400177,
G1_D060_DENS_LOW_V_REF_S007,G1_D060_DENS_LOW_V_REF,7,5.93101930618,7.01088317705,5.75328696521,0,0,11.8620386124,
G1_D060_DENS_LOW_V_REF_S007,G1_D060_DENS_LOW_V_REF,7,5.9400138855,6.59827666385,5.45677740953,0,0,11.880027771,
G1_D060_DENS_LOW_V_REF_S007,G1_D060_DENS_LOW_V_REF,7,5.94900846481,6.58908760729,5.20972136449,0,0,11.8980169296,
G1_D060_DENS_LOW_V_REF_S007,G1_D060_DENS_LOW_V_REF,7,5.95800304413,7.33873009854,6.00879031697,0,0,11.9160060883,
G1_D060_DENS_LOW_V_REF_S007,G1_D060_DENS_LOW_V_REF,7,5.96702194214,7.06368657689,5.53913047948,0,0,11.9340438843,
G1_D060_DENS_LOW_V_REF_S007,G1_D060_DENS_LOW_V_REF,7,5.97601652145,7.04720464571,5.27422979437,0,0,11.9520330429,
G1_D060_DENS_LOW_V_REF_S007,G1_D060_DENS_LOW_V_REF,7,5.98501110077,7.22170130675,5.618070754,0,0,11.9700222015,
G1_D060_DENS_LOW_V_REF_S007,G1_D060_DENS_LOW_V_REF,7,5.99400568008,6.89239684651,5.5092620474,0,0,11.9880113602,
G1_D060_DENS_LOW_V_REF_S007,G1_D060_DENS_LOW_V_REF,7,6.0030002594,6.63896772663,6.48699085771,0,0,12.0060005188,
G1_D060_DENS_LOW_V_REF_S007,G1_D060_DENS_LOW_V_REF,7,6.01201868057,7.29265529513,5.4963952501,0,0,12.0240373611,
G1_D060_DENS_LOW_V_REF_S007,G1_D060_DENS_LOW_V_REF,7,6.02101325989,6.69293638035,5.32931370626,0,0,12.0420265198,
G1_D060_DENS_LOW_V_REF_S007,G1_D060_DENS_LOW_V_REF,7,6.03001928329,6.84347517978,5.15554571938,0,0,12.0600385666,
G1_D060_DENS_LOW_V_REF_S007,G1_D060_DENS_LOW_V_REF,7,6.03901386261,6.95291622166,5.37179202239,0,0,12.0780277252,
G1_D060_DENS_LOW_V_REF_S007,G1_D060_DENS_LOW_V_REF,7,6.04800844193,6.66364529117,4.95549308413,0,0,12.0960168839,
G1_D060_DENS_LOW_V_REF_S007,G1_D060_DENS_LOW_V_REF,7,6.05700349808,7.09160129356,5.65501430866,0,0,12.1140069962,
G1_D060_DENS_LOW_V_REF_S007,G1_D060_DENS_LOW_V_REF,7,6.06602191925,7.13479642175,6.53255811456,0,0,12.1320438385,
G1_D060_DENS_LOW_V_REF_S007,G1_D060_DENS_LOW_V_REF,7,6.07501649857,7.19154761021,5.63431574091,0,0,12.1500329971,
G1_D060_DENS_LOW_V_REF_S007,G1_D060_DENS_LOW_V_REF,7,6.08401107788,7.3241029027,5.53797222601,0,0,12.1680221558,
G1_D060_DENS_LOW_V_REF_S007,G1_D060_DENS_LOW_V_REF,7,6.0930056572,7.80260821433,5.64284411627,0,0,12.1860113144,
G1_D060_DENS_LOW_V_REF_S007,G1_D060_DENS_LOW_V_REF,7,6.10200023651,7.22199229642,5.68563573444,0,0,12.204000473,
G1_D060_DENS_LOW_V_REF_S007,G1_D060_DENS_LOW_V_REF,7,6.11101865768,7.26694372427,5.35431282247,0,0,12.2220373154,
G1_D060_DENS_LOW_V_REF_S007,G1_D060_DENS_LOW_V_REF,7,6.120013237,7.61529980487,6.23763601793,0,0,12.240026474,
G1_D060_DENS_LOW_V_REF_S007,G1_D060_DENS_LOW_V_REF,7,6.12900781631,6.85005353229,5.58625263854,0,0,12.2580156326,
G1_D060_DENS_LOW_V_REF_S007,G1_D060_DENS_LOW_V_REF,7,6.13800239563,6.49447969903,5.48192979534,0,0,12.2760047913,
G1_D060_DENS_LOW_V_REF_S007,G1_D060_DENS_LOW_V_REF,7,6.1470208168,6.98672542195,4.78446001276,0,0,12.2940416336,
G1_D060_DENS_LOW_V_REF_S007,G1_D060_DENS_LOW_V_REF,7,6.15601587296,7.51875599502,5.58080294829,0,0,12.3120317459,
G1_D060_DENS_LOW_V_REF_S007,G1_D060_DENS_LOW_V_REF,7,6.16501045227,6.94775957388,5.73240517008,0,0,12.3300209045,
G1_D060_DENS_LOW_V_REF_S007,G1_D060_DENS_LOW_V_REF,7,6.17400503159,7.00992213402,5.6635496636,0,0,12.3480100632,
G1_D060_DENS_LOW_V_REF_S007,G1_D060_DENS_LOW_V_REF,7,6.18302345276,7.26216182283,9.45853803103,0,0,12.3660469055,
G1_D060_DENS_LOW_V_REF_S007,G1_D060_DENS_LOW_V_REF,7,6.19201803207,6.9797515998,5.45097938933,0,0,12.3840360641,
G1_D060_DENS_LOW_V_REF_S007,G1_D060_DENS_LOW_V_REF,7,6.20101261139,7.64952778851,6.82826574924,0,0,12.4020252228,
G1_D060_DENS_LOW_V_REF_S007,G1_D060_DENS_LOW_V_REF,7,6.2100071907,7.28687004058,5.48642328658,0,0,12.4200143814,
G1_D060_DENS_LOW_V_REF_S007,G1_D060_DENS_LOW_V_REF,7,6.21900177002,6.93395828789,5.43448490116,0,0,12.43800354,
G1_D060_DENS_LOW_V_REF_S007,G1_D060_DENS_LOW_V_REF,7,6.22802019119,7.20665532756,5.45967733494,0,0,12.4560403824,
G1_D060_DENS_LOW_V_REF_S007,G1_D060_DENS_LOW_V_REF,7,6.23701477051,6.76899650348,4.98367067368,0,0,12.474029541,
G1_D060_DENS_LOW_V_REF_S007,G1_D060_DENS_LOW_V_REF,7,6.24600982666,6.58105301123,4.96424667786,0,0,12.4920196533,
G1_D060_DENS_LOW_V_REF_S007,G1_D060_DENS_LOW_V_REF,7,6.25500440598,6.92027745609,5.35593934554,0,0,12.510008812,
G1_D060_DENS_LOW_V_REF_S007,G1_D060_DENS_LOW_V_REF,7,6.26402282715,7.31211015637,5.76385031416,0,0,12.5280456543,
G1_D060_DENS_LOW_V_REF_S007,G1_D060_DENS_LOW_V_REF,7,6.27301740646,8.55735511337,6.40509893676,0,0,12.5460348129,
G1_D060_DENS_LOW_V_REF_S007,G1_D060_DENS_LOW_V_REF,7,6.28201198578,6.66657418422,5.18208951711,0,0,12.5640239716,
G1_D060_DENS_LOW_V_REF_S007,G1_D060_DENS_LOW_V_REF,7,6.29100656509,7.38815344181,5.4468084228,0,0,12.5820131302,
G1_D060_DENS_LOW_V_REF_S007,G1_D060_DENS_LOW_V_REF,7,6.30000114441,7.06188235459,5.08633502481,0,0,12.6000022888,
G1_D060_DENS_LOW_V_REF_S007,G1_D060_DENS_LOW_V_REF,7,6.30901956558,6.97781569821,5.69289391508,0,0,12.6180391312,
G1_D060_DENS_LOW_V_REF_S007,G1_D060_DENS_LOW_V_REF,7,6.3180141449,6.96349762493,5.49824248533,0,0,12.6360282898,
G1_D060_DENS_LOW_V_REF_S007,G1_D060_DENS_LOW_V_REF,7,6.32700872421,7.29514122765,5.85144360903,0,0,12.6540174484,
G1_D060_DENS_LOW_V_REF_S007,G1_D060_DENS_LOW_V_REF,7,6.33600378036,7.38249684441,5.4062665372,0,0,12.6720075607,
G1_D060_DENS_LOW_V_REF_S007,G1_D060_DENS_LOW_V_REF,7,6.34502220154,7.6401271816,5.60160386988,0,0,12.6900444031,
G1_D060_DENS_LOW_V_REF_S007,G1_D060_DENS_LOW_V_REF,7,6.35401678085,7.26435072138,5.68497584056,0,0,12.7080335617,
G1_D060_DENS_LOW_V_REF_S007,G1_D060_DENS_LOW_V_REF,7,6.36301136017,7.34380903395,6.97464097751,0,0,12.7260227203,
G1_D060_DENS_LOW_V_REF_S007,G1_D060_DENS_LOW_V_REF,7,6.37200593948,7.40367692036,5.94843416835,0,0,12.744011879,
G1_D060_DENS_LOW_V_REF_S007,G1_D060_DENS_LOW_V_REF,7,6.3810005188,7.17333830565,6.60996354652,0,0,12.7620010376,
G1_D060_DENS_LOW_V_REF_S007,G1_D060_DENS_LOW_V_REF,7,6.39001893997,7.53686643218,5.53203128704,0,0,12.7800378799,
G1_D060_DENS_LOW_V_REF_S007,G1_D060_DENS_LOW_V_REF,7,6.39901351929,6.91117517835,5.54401219276,0,0,12.7980270386,
G1_D060_DENS_LOW_V_REF_S007,G1_D060_DENS_LOW_V_REF,7,6.4080080986,7.13302069399,5.35342709954,0,0,12.8160161972,
G1_D060_DENS_LOW_V_REF_S007,G1_D060_DENS_LOW_V_REF,7,6.41700267792,7.38488520473,5.76363888288,0,0,12.8340053558,
G1_D060_DENS_LOW_V_REF_S007,G1_D060_DENS_LOW_V_REF,7,6.42602109909,7.26522541733,5.59711343719,0,0,12.8520421982,
G1_D060_DENS_LOW_V_REF_S007,G1_D060_DENS_LOW_V_REF,7,6.43501567841,7.33418478809,5.3869070103,0,0,12.8700313568,
G1_D060_DENS_LOW_V_REF_S007,G1_D060_DENS_LOW_V_REF,7,6.44401073456,7.29932128993,5.26696542584,0,0,12.8880214691,
G1_D060_DENS_LOW_V_REF_S007,G1_D060_DENS_LOW_V_REF,7,6.45300531387,7.43765708787,5.27041300472,0,0,12.9060106277,
G1_D060_DENS_LOW_V_REF_S007,G1_D060_DENS_LOW_V_REF,7,6.46202373505,7.37963184821,6.16429570264,0,0,12.9240474701,
G1_D060_DENS_LOW_V_REF_S007,G1_D060_DENS_LOW_V_REF,7,6.47101831436,7.63802031278,5.62170033715,0,0,12.9420366287,
G1_D060_DENS_LOW_V_REF_S007,G1_D060_DENS_LOW_V_REF,7,6.48001289368,7.39431603311,5.39339021328,0,0,12.9600257874,
G1_D060_DENS_LOW_V_REF_S007,G1_D060_DENS_LOW_V_REF,7,6.48900747299,7.52341528361,5.95843960724,0,0,12.978014946,
G1_D060_DENS_LOW_V_REF_S007,G1_D060_DENS_LOW_V_REF,7,6.49800205231,7.06253125292,5.12781816159,0,0,12.9960041046,
G1_D060_DENS_LOW_V_REF_S007,G1_D060_DENS_LOW_V_REF,7,6.50700950623,6.9483730699,4.35738910856,0,0,13.0140190125,
G1_D060_DENS_LOW_V_REF_S007,G1_D060_DENS_LOW_V_REF,7,6.51600408554,6.88972656297,4.50276169006,0,0,13.0320081711,
G1_D060_DENS_LOW_V_REF_S007,G1_D060_DENS_LOW_V_REF,7,6.52502250671,7.51123171022,5.4948004846,0,0,13.0500450134,
G1_D060_DENS_LOW_V_REF_S007,G1_D060_DENS_LOW_V_REF,7,6.53401708603,7.25067766081,5.26586486114,0,0,13.0680341721,
G1_D060_DENS_LOW_V_REF_S007,G1_D060_DENS_LOW_V_REF,7,6.54301166534,7.60549941097,5.54149219546,0,0,13.0860233307,
G1_D060_DENS_LOW_V_REF_S007,G1_D060_DENS_LOW_V_REF,7,6.5520067215,7.52954592649,8.45450406706,0,0,13.104013443,
G1_D060_DENS_LOW_V_REF_S007,G1_D060_DENS_LOW_V_REF,7,6.56100130081,7.30982023173,5.29961099849,0,0,13.1220026016,
G1_D060_DENS_LOW_V_REF_S007,G1_D060_DENS_LOW_V_REF,7,6.57001972198,7.93415972198,5.99438673628,0,0,13.140039444,
G1_D060_DENS_LOW_V_REF_S007,G1_D060_DENS_LOW_V_REF,7,6.5790143013,7.19376327636,5.15180624079,0,0,13.1580286026,
G1_D060_DENS_LOW_V_REF_S007,G1_D060_DENS_LOW_V_REF,7,6.58800888062,8.3843855005,5.96436952306,0,0,13.1760177612,
G1_D060_DENS_LOW_V_REF_S007,G1_D060_DENS_LOW_V_REF,7,6.59700345993,7.82747531071,5.23922013104,0,0,13.1940069199,
G1_D060_DENS_LOW_V_REF_S007,G1_D060_DENS_LOW_V_REF,7,6.6060218811,7.25159725724,5.60144025572,0,0,13.2120437622,
G1_D060_DENS_LOW_V_REF_S007,G1_D060_DENS_LOW_V_REF,7,6.61501646042,7.1779142693,5.50964728686,0,0,13.2300329208,
G1_D060_DENS_LOW_V_REF_S007,G1_D060_DENS_LOW_V_REF,7,6.62401103973,8.02779795249,5.59194989946,0,0,13.2480220795,
G1_D060_DENS_LOW_V_REF_S007,G1_D060_DENS_LOW_V_REF,7,6.632999897,7.02480621242,4.52161939621,0,0,13.265999794,
G1_D060_DENS_LOW_V_REF_S007,G1_D060_DENS_LOW_V_REF,7,6.64201831818,6.87336163209,5.24468599449,0,0,13.2840366364,
G1_D060_DENS_LOW_V_REF_S007,G1_D060_DENS_LOW_V_REF,7,6.65101337433,7.68796001161,6.06097088094,0,0,13.3020267487,
G1_D060_DENS_LOW_V_REF_S007,G1_D060_DENS_LOW_V_REF,7,6.66000795364,7.30695782593,5.42093303334,0,0,13.3200159073,
G1_D060_DENS_LOW_V_REF_S007,G1_D060_DENS_LOW_V_REF,7,6.66900253296,7.61057748291,5.80958904865,0,0,13.3380050659,
G1_D060_DENS_LOW_V_REF_S007,G1_D060_DENS_LOW_V_REF,7,6.67802095413,7.28269688607,6.55078855069,0,0,13.3560419083,
G1_D060_DENS_LOW_V_REF_S007,G1_D060_DENS_LOW_V_REF,7,6.68701553345,7.54509530917,5.52996046672,0,0,13.3740310669,
G1_D060_DENS_LOW_V_REF_S007,G1_D060_DENS_LOW_V_REF,7,6.69601011276,7.29759521174,5.39998370991,0,0,13.3920202255,
G1_D060_DENS_LOW_V_REF_S007,G1_D060_DENS_LOW_V_REF,7,6.70500469208,8.06851319246,5.8966100304,0,0,13.4100093842,
G1_D060_DENS_LOW_V_REF_S007,G1_D060_DENS_LOW_V_REF,7,6.71402311325,7.64905633344,5.53050221251,0,0,13.4280462265,
G1_D060_DENS_LOW_V_REF_S007,G1_D060_DENS_LOW_V_REF,7,6.72301769257,7.75282134983,5.68326052483,0,0,13.4460353851,
G1_D060_DENS_LOW_V_REF_S007,G1_D060_DENS_LOW_V_REF,7,6.73201227188,7.78753201366,5.40620279038,0,0,13.4640245438,
G1_D060_DENS_LOW_V_REF_S007,G1_D060_DENS_LOW_V_REF,7,6.74100732803,6.9110832187,5.12534178231,0,0,13.4820146561,
G1_D060_DENS_LOW_V_REF_S007,G1_D060_DENS_LOW_V_REF,7,6.75000190735,7.8511525443,6.75960091826,0,0,13.5000038147,
G1_D060_DENS_LOW_V_REF_S007,G1_D060_DENS_LOW_V_REF,7,6.75902032852,7.70726031157,5.50556631044,0,0,13.518040657,
G1_D060_DENS_LOW_V_REF_S007,G1_D060_DENS_LOW_V_REF,7,6.76801490784,7.77519474247,5.42477115969,0,0,13.5360298157,
G1_D060_DENS_LOW_V_REF_S007,G1_D060_DENS_LOW_V_REF,7,6.77700948715,7.70535290451,5.67430742376,0,0,13.5540189743,
G1_D060_DENS_LOW_V_REF_S007,G1_D060_DENS_LOW_V_REF,7,6.78600406647,7.50699897622,5.39950469274,0,0,13.5720081329,
G1_D060_DENS_LOW_V_REF_S007,G1_D060_DENS_LOW_V_REF,7,6.79502248764,7.41146974459,5.11745527039,0,0,13.5900449753,
G1_D060_DENS_LOW_V_REF_S007,G1_D060_DENS_LOW_V_REF,7,6.80401706696,7.61088056117,5.53396014067,0,0,13.6080341339,
G1_D060_DENS_LOW_V_REF_S007,G1_D060_DENS_LOW_V_REF,7,6.81301164627,7.71562043613,5.33673951168,0,0,13.6260232925,
G1_D060_DENS_LOW_V_REF_S007,G1_D060_DENS_LOW_V_REF,7,6.82200622559,7.32768630664,5.50764972828,0,0,13.6440124512,
G1_D060_DENS_LOW_V_REF_S007,G1_D060_DENS_LOW_V_REF,7,6.8310008049,7.6482256745,5.51526343323,0,0,13.6620016098,
G1_D060_DENS_LOW_V_REF_S007,G1_D060_DENS_LOW_V_REF,7,6.84001970291,7.15116566998,5.41545958052,0,0,13.6800394058,
G1_D060_DENS_LOW_V_REF_S007,G1_D060_DENS_LOW_V_REF,7,6.84901428223,7.06119157793,5.45591786228,0,0,13.6980285645,
G1_D060_DENS_LOW_V_REF_S007,G1_D060_DENS_LOW_V_REF,7,6.85800886154,7.44255555788,5.31072176545,0,0,13.7160177231,
G1_D060_DENS_LOW_V_REF_S007,G1_D060_DENS_LOW_V_REF,7,6.86700344086,7.71972192257,5.59759761296,0,0,13.7340068817,
G1_D060_DENS_LOW_V_REF_S007,G1_D060_DENS_LOW_V_REF,7,6.87600135803,7.58612226211,5.13095046406,0,0,13.7520027161,
G1_D060_DENS_LOW_V_REF_S007,G1_D060_DENS_LOW_V_REF,7,6.88501977921,7.38645672163,5.42189987923,0,0,13.7700395584,
G1_D060_DENS_LOW_V_REF_S007,G1_D060_DENS_LOW_V_REF,7,6.89401435852,7.60688959901,5.19702007625,0,0,13.788028717,
G1_D060_DENS_LOW_V_REF_S007,G1_D060_DENS_LOW_V_REF,7,6.90300893784,7.51925508116,5.1578049512,0,0,13.8060178757,
G1_D060_DENS_LOW_V_REF_S007,G1_D060_DENS_LOW_V_REF,7,6.91200351715,7.32575817628,4.90772792303,0,0,13.8240070343,
G1_D060_DENS_LOW_V_REF_S007,G1_D060_DENS_LOW_V_REF,7,6.92102193832,7.66198939951,5.94212753627,0,0,13.8420438766,
G1_D060_DENS_LOW_V_REF_S007,G1_D060_DENS_LOW_V_REF,7,6.93001651764,7.2940325311,5.01087678156,0,0,13.8600330353,
G1_D060_DENS_LOW_V_REF_S007,G1_D060_DENS_LOW_V_REF,7,6.93901157379,7.75132840877,5.52206791023,0,0,13.8780231476,
G1_D060_DENS_LOW_V_REF_S007,G1_D060_DENS_LOW_V_REF,7,6.94800615311,7.44494650861,5.55667487807,0,0,13.8960123062,
G1_D060_DENS_LOW_V_REF_S007,G1_D060_DENS_LOW_V_REF,7,6.95700073242,7.31559512463,5.20297029447,0,0,13.9140014648,
G1_D060_DENS_LOW_V_REF_S007,G1_D060_DENS_LOW_V_REF,7,6.96601915359,7.33519159508,5.28928639029,0,0,13.9320383072,
G1_D060_DENS_LOW_V_REF_S007,G1_D060_DENS_LOW_V_REF,7,6.97501373291,7.82509817552,5.62478007268,0,0,13.9500274658,
G1_D060_DENS_LOW_V_REF_S007,G1_D060_DENS_LOW_V_REF,7,6.98400831223,7.2573436556,5.33507060919,0,0,13.9680166245,
G1_D060_DENS_LOW_V_REF_S007,G1_D060_DENS_LOW_V_REF,7,6.99301290512,7.78548731474,4.63399757498,0,0,13.9860258102,
G1_D060_DENS_LOW_V_REF_S007,G1_D060_DENS_LOW_V_REF,7,7.00200748444,7.82755043268,5.32243737602,0,0,14.0040149689,
G1_D060_DENS_LOW_V_REF_S007,G1_D060_DENS_LOW_V_REF,7,7.01100206375,7.03895590889,4.98187328535,0,0,14.0220041275,
G1_D060_DENS_LOW_V_REF_S007,G1_D060_DENS_LOW_V_REF,7,7.02002048492,7.65909590876,5.3600838853,0,0,14.0400409698,
G1_D060_DENS_LOW_V_REF_S007,G1_D060_DENS_LOW_V_REF,7,7.02901506424,7.99076714254,5.55037596389,0,0,14.0580301285,
G1_D060_DENS_LOW_V_REF_S007,G1_D060_DENS_LOW_V_REF,7,7.03800964355,7.79517286702,5.56670042256,0,0,14.0760192871,
G1_D060_DENS_LOW_V_REF_S007,G1_D060_DENS_LOW_V_REF,7,7.04700469971,7.08983679092,5.17950680465,0,0,14.0940093994,
G1_D060_DENS_LOW_V_REF_S007,G1_D060_DENS_LOW_V_REF,7,7.05602312088,7.98927938231,5.44670953644,0,0,14.1120462418,
G1_D060_DENS_LOW_V_REF_S007,G1_D060_DENS_LOW_V_REF,7,7.0650177002,8.2202699175,5.54213512852,0,0,14.1300354004,
G1_D060_DENS_LOW_V_REF_S007,G1_D060_DENS_LOW_V_REF,7,7.07401227951,7.75298713623,5.20760600119,0,0,14.148024559,
G1_D060_DENS_LOW_V_REF_S007,G1_D060_DENS_LOW_V_REF,7,7.08300685883,7.41563771828,6.53713139857,0,0,14.1660137177,
G1_D060_DENS_LOW_V_REF_S007,G1_D060_DENS_LOW_V_REF,7,7.09200143814,8.32025552207,6.33691385178,0,0,14.1840028763,
G1_D060_DENS_LOW_V_REF_S007,G1_D060_DENS_LOW_V_REF,7,7.10101985931,8.04245709674,5.45739020752,0,0,14.2020397186,
G1_D060_DENS_LOW_V_REF_S007,G1_D060_DENS_LOW_V_REF,7,7.11001443863,8.03737988827,5.15211298338,0,0,14.2200288773,
G1_D060_DENS_LOW_V_REF_S007,G1_D060_DENS_LOW_V_REF,7,7.11900901794,7.61801369369,5.57946758817,0,0,14.2380180359,
G1_D060_DENS_LOW_V_REF_S007,G1_D060_DENS_LOW_V_REF,7,7.12800359726,7.76017121352,5.22831992789,0,0,14.2560071945,
G1_D060_DENS_LOW_V_REF_S007,G1_D060_DENS_LOW_V_REF,7,7.13702201843,7.69425212354,5.33720257138,0,0,14.2740440369,
G1_D060_DENS_LOW_V_REF_S007,G1_D060_DENS_LOW_V_REF,7,7.14601707458,7.38757750677,5.16489442514,0,0,14.2920341492,
G1_D060_DENS_LOW_V_REF_S007,G1_D060_DENS_LOW_V_REF,7,7.1550116539,7.19758327131,5.18932960289,0,0,14.3100233078,
G1_D060_DENS_LOW_V_REF_S007,G1_D060_DENS_LOW_V_REF,7,7.16400623322,7.72641986578,5.13732153046,0,0,14.3280124664,
G1_D060_DENS_LOW_V_REF_S007,G1_D060_DENS_LOW_V_REF,7,7.17300081253,7.76220555079,5.38534964598,0,0,14.3460016251,
G1_D060_DENS_LOW_V_REF_S007,G1_D060_DENS_LOW_V_REF,7,7.1820192337,7.64793295789,5.24204333102,0,0,14.3640384674,
G1_D060_DENS_LOW_V_REF_S007,G1_D060_DENS_LOW_V_REF,7,7.19101381302,7.45926371841,4.99248161295,0,0,14.382027626,
G1_D060_DENS_LOW_V_REF_S007,G1_D060_DENS_LOW_V_REF,7,7.20000839233,8.05755402071,5.49478128103,0,0,14.4000167847,
G1_D060_DENS_LOW_V_REF_S007,G1_D060_DENS_LOW_V_REF,7,7.20900297165,7.83960966626,6.15285257549,0,0,14.4180059433,
G1_D060_DENS_LOW_V_REF_S007,G1_D060_DENS_LOW_V_REF,7,7.21802139282,7.72389248667,5.21794933805,0,0,14.4360427856,
G1_D060_DENS_LOW_V_REF_S007,G1_D060_DENS_LOW_V_REF,7,7.22701597214,7.44694889746,4.82383787429,0,0,14.4540319443,
G1_D060_DENS_LOW_V_REF_S007,G1_D060_DENS_LOW_V_REF,7,7.23601055145,7.83770053226,4.94526566042,0,0,14.4720211029,
G1_D060_DENS_LOW_V_REF_S007,G1_D060_DENS_LOW_V_REF,7,7.2450056076,7.92228440767,5.48428468791,0,0,14.4900112152,
G1_D060_DENS_LOW_V_REF_S007,G1_D060_DENS_LOW_V_REF,7,7.25400018692,7.85249783185,5.68133626555,0,0,14.5080003738,
G1_D060_DENS_LOW_V_REF_S007,G1_D060_DENS_LOW_V_REF,7,7.26301860809,7.84541650759,5.22647002981,0,0,14.5260372162,
G1_D060_DENS_LOW_V_REF_S007,G1_D060_DENS_LOW_V_REF,7,7.27201318741,7.97040650041,5.58074896134,0,0,14.5440263748,
G1_D060_DENS_LOW_V_REF_S007,G1_D060_DENS_LOW_V_REF,7,7.28100776672,7.57079220102,5.9037598018,0,0,14.5620155334,
G1_D060_DENS_LOW_V_REF_S007,G1_D060_DENS_LOW_V_REF,7,7.29000234604,7.70339109879,5.2271665538,0,0,14.5800046921,
G1_D060_DENS_LOW_V_REF_S007,G1_D060_DENS_LOW_V_REF,7,7.29902076721,8.02018213978,6.60837278674,0,0,14.5980415344,
G1_D060_DENS_LOW_V_REF_S007,G1_D060_DENS_LOW_V_REF,7,7.30801534653,8.01437098111,5.18410670901,0,0,14.6160306931,
G1_D060_DENS_LOW_V_REF_S007,G1_D060_DENS_LOW_V_REF,7,7.31700992584,7.71830323999,5.13046160191,0,0,14.6340198517,
G1_D060_DENS_LOW_V_REF_S007,G1_D060_DENS_LOW_V_REF,7,7.32600450516,7.628852843,5.92528038537,0,0,14.6520090103,
G1_D060_DENS_LOW_V_REF_S007,G1_D060_DENS_LOW_V_REF,7,7.33502292633,7.60110348098,4.81711917951,0,0,14.6700458527,
G1_D060_DENS_LOW_V_REF_S007,G1_D060_DENS_LOW_V_REF,7,7.34401798248,8.00257510612,5.94130704178,0,0,14.688035965,
G1_D060_DENS_LOW_V_REF_S007,G1_D060_DENS_LOW_V_REF,7,7.35302352905,7.54740423017,6.15627894014,0,0,14.7060470581,
G1_D060_DENS_LOW_V_REF_S007,G1_D060_DENS_LOW_V_REF,7,7.36201858521,7.21267458271,5.13209058953,0,0,14.7240371704,
G1_D060_DENS_LOW_V_REF_S007,G1_D060_DENS_LOW_V_REF,7,7.37101316452,7.8301632954,5.55416207204,0,0,14.742026329,
G1_D060_DENS_LOW_V_REF_S007,G1_D060_DENS_LOW_V_REF,7,7.38000774384,8.02756826925,5.50433337054,0,0,14.7600154877,
G1_D060_DENS_LOW_V_REF_S007,G1_D060_DENS_LOW_V_REF,7,7.38900232315,7.48229766623,5.1243158458,0,0,14.7780046463,
G1_D060_DENS_LOW_V_REF_S007,G1_D060_DENS_LOW_V_REF,7,7.39802074432,7.65844226134,5.28263935826,0,0,14.7960414886,
G1_D060_DENS_LOW_V_REF_S007,G1_D060_DENS_LOW_V_REF,7,7.40701532364,7.85732549725,4.99414677649,0,0,14.8140306473,
G1_D060_DENS_LOW_V_REF_S007,G1_D060_DENS_LOW_V_REF,7,7.41600990295,7.9872372738,5.27066511523,0,0,14.8320198059,
G1_D060_DENS_LOW_V_REF_S007,G1_D060_DENS_LOW_V_REF,7,7.42500448227,8.03603287378,5.22187865676,0,0,14.8500089645,
G1_D060_DENS_LOW_V_REF_S007,G1_D060_DENS_LOW_V_REF,7,7.43402290344,8.27406933093,5.40698156788,0,0,14.8680458069,
G1_D060_DENS_LOW_V_REF_S007,G1_D060_DENS_LOW_V_REF,7,7.44301748276,7.62949181141,5.77108147396,0,0,14.8860349655,
G1_D060_DENS_LOW_V_REF_S007,G1_D060_DENS_LOW_V_REF,7,7.45201253891,7.41904152029,5.21778212354,0,0,14.9040250778,
G1_D060_DENS_LOW_V_REF_S007,G1_D060_DENS_LOW_V_REF,7,7.46100711823,6.91537035137,4.92023727053,0,0,14.9220142365,
G1_D060_DENS_LOW_V_REF_S007,G1_D060_DENS_LOW_V_REF,7,7.47001314163,7.61931235381,4.68559485883,0,0,14.9400262833,
G1_D060_DENS_LOW_V_REF_S007,G1_D060_DENS_LOW_V_REF,7,7.47900772095,7.90948690652,4.69024387912,0,0,14.9580154419,
G1_D060_DENS_LOW_V_REF_S007,G1_D060_DENS_LOW_V_REF,7,7.48800230026,7.56091582169,4.90411377655,0,0,14.9760046005,
G1_D060_DENS_LOW_V_REF_S007,G1_D060_DENS_LOW_V_REF,7,7.49702072144,7.95385635504,5.10587964815,0,0,14.9940414429,
G1_D060_DENS_LOW_V_REF_S007,G1_D060_DENS_LOW_V_REF,7,7.50601530075,7.50527894233,4.72141918561,0,0,15.0120306015,
G1_D060_DENS_LOW_V_REF_S007,G1_D060_DENS_LOW_V_REF,7,7.51500988007,8.13997058434,5.84136331839,0,0,15.0300197601,
G1_D060_DENS_LOW_V_REF_S007,G1_D060_DENS_LOW_V_REF,7,7.52400493622,7.67323438011,5.22802108354,0,0,15.0480098724,
G1_D060_DENS_LOW_V_REF_S007,G1_D060_DENS_LOW_V_REF,7,7.53302335739,7.7230359236,4.88859964397,0,0,15.0660467148,
G1_D060_DENS_LOW_V_REF_S007,G1_D060_DENS_LOW_V_REF,7,7.54201793671,7.24616170838,4.90774526446,0,0,15.0840358734,
G1_D060_DENS_LOW_V_REF_S007,G1_D060_DENS_LOW_V_REF,7,7.55101251602,7.64838541661,6.15496175068,0,0,15.102025032,
G1_D060_DENS_LOW_V_REF_S007,G1_D060_DENS_LOW_V_REF,7,7.56000709534,7.96979170918,5.86414730155,0,0,15.1200141907,
G1_D060_DENS_LOW_V_REF_S007,G1_D060_DENS_LOW_V_REF,7,7.56900167465,8.44222077658,5.43836825166,0,0,15.1380033493,
G1_D060_DENS_LOW_V_REF_S007,G1_D060_DENS_LOW_V_REF,7,7.57802009583,8.37221142529,5.65555709161,0,0,15.1560401917,
G1_D060_DENS_LOW_V_REF_S007,G1_D060_DENS_LOW_V_REF,7,7.58701467514,8.08485265095,5.40008103919,0,0,15.1740293503,
G1_D060_DENS_LOW_V_REF_S007,G1_D060_DENS_LOW_V_REF,7,7.59600925446,7.78869165498,5.04535267232,0,0,15.1920185089,
G1_D060_DENS_LOW_V_REF_S007,G1_D060_DENS_LOW_V_REF,7,7.60500383377,7.98918958134,5.89312050246,0,0,15.2100076675,
G1_D060_DENS_LOW_V_REF_S007,G1_D060_DENS_LOW_V_REF,7,7.61402225494,7.97568662453,5.00621946213,0,0,15.2280445099,
G1_D060_DENS_LOW_V_REF_S007,G1_D060_DENS_LOW_V_REF,7,7.6230173111,7.94419497994,5.13666491884,0,0,15.2460346222,
G1_D060_DENS_LOW_V_REF_S007,G1_D060_DENS_LOW_V_REF,7,7.63201189041,7.59205689711,5.21574738331,0,0,15.2640237808,
G1_D060_DENS_LOW_V_REF_S007,G1_D060_DENS_LOW_V_REF,7,7.64100646973,8.09928642932,5.28092522833,0,0,15.2820129395,
G1_D060_DENS_LOW_V_REF_S007,G1_D060_DENS_LOW_V_REF,7,7.65000104904,7.56675029408,5.0974564804,0,0,15.3000020981,
G1_D060_DENS_LOW_V_REF_S007,G1_D060_DENS_LOW_V_REF,7,7.65901947021,7.62488174066,4.93775250353,0,0,15.3180389404,
G1_D060_DENS_LOW_V_REF_S007,G1_D060_DENS_LOW_V_REF,7,7.66801404953,7.99149332151,5.29570559726,0,0,15.3360280991,
G1_D060_DENS_LOW_V_REF_S007,G1_D060_DENS_LOW_V_REF,7,7.67700862885,8.1828203242,5.18763934442,0,0,15.3540172577,
G1_D060_DENS_LOW_V_REF_S007,G1_D060_DENS_LOW_V_REF,7,7.68600320816,7.91130105873,6.41418616606,0,0,15.3720064163,
G1_D060_DENS_LOW_V_REF_S007,G1_D060_DENS_LOW_V_REF,7,7.69502162933,7.83972278094,5.10320029438,0,0,15.3900432587,
G1_D060_DENS_LOW_V_REF_S007,G1_D060_DENS_LOW_V_REF,7,7.70401620865,7.48312400782,4.89172332971,0,0,15.4080324173,
G1_D060_DENS_LOW_V_REF_S007,G1_D060_DENS_LOW_V_REF,7,7.71300554276,7.56311594536,5.42908467511,0,0,15.4260110855,
G1_D060_DENS_LOW_V_REF_S007,G1_D060_DENS_LOW_V_REF,7,7.72200012207,8.21791436908,5.2047488629,0,0,15.4440002441,
G1_D060_DENS_LOW_V_REF_S007,G1_D060_DENS_LOW_V_REF,7,7.73101854324,8.53568544946,5.26987660711,0,0,15.4620370865,
G1_D060_DENS_LOW_V_REF_S007,G1_D060_DENS_LOW_V_REF,7,7.74001312256,8.06262863877,4.99664128802,0,0,15.4800262451,
G1_D060_DENS_LOW_V_REF_S007,G1_D060_DENS_LOW_V_REF,7,7.74900770187,7.62330072557,5.03491443552,0,0,15.4980154037,
G1_D060_DENS_LOW_V_REF_S007,G1_D060_DENS_LOW_V_REF,7,7.75800228119,8.04751444539,5.31001273984,0,0,15.5160045624,
G1_D060_DENS_LOW_V_REF_S007,G1_D060_DENS_LOW_V_REF,7,7.76702070236,7.72657270012,4.8823377483,0,0,15.5340414047,
G1_D060_DENS_LOW_V_REF_S007,G1_D060_DENS_LOW_V_REF,7,7.77601528168,7.84002326879,4.89059894537,0,0,15.5520305634,
G1_D060_DENS_LOW_V_REF_S007,G1_D060_DENS_LOW_V_REF,7,7.78500986099,7.97951611765,5.2360231768,0,0,15.570019722,
G1_D060_DENS_LOW_V_REF_S007,G1_D060_DENS_LOW_V_REF,7,7.79400491714,8.05496188128,5.12828759072,0,0,15.5880098343,
G1_D060_DENS_LOW_V_REF_S007,G1_D060_DENS_LOW_V_REF,7,7.80302333832,8.01196535138,5.03902481861,0,0,15.6060466766,
G1_D060_DENS_LOW_V_REF_S007,G1_D060_DENS_LOW_V_REF,7,7.81201791763,8.35236972912,5.79486318506,0,0,15.6240358353,
G1_D060_DENS_LOW_V_REF_S007,G1_D060_DENS_LOW_V_REF,7,7.82101249695,8.04673991205,4.75592666894,0,0,15.6420249939,
G1_D060_DENS_LOW_V_REF_S007,G1_D060_DENS_LOW_V_REF,7,7.83001947403,7.5442655137,4.38727744073,0,0,15.6600389481,
G1_D060_DENS_LOW_V_REF_S007,G1_D060_DENS_LOW_V_REF,7,7.83901453018,7.92358738515,4.28505975738,0,0,15.6780290604,
G1_D060_DENS_LOW_V_REF_S007,G1_D060_DENS_LOW_V_REF,7,7.8480091095,7.76607908093,5.36103341914,0,0,15.696018219,
G1_D060_DENS_LOW_V_REF_S007,G1_D060_DENS_LOW_V_REF,7,7.85700368881,8.382387429,5.85232100912,0,0,15.7140073776,
G1_D060_DENS_LOW_V_REF_S007,G1_D060_DENS_LOW_V_REF,7,7.86602210999,7.9498084038,5.02972093278,0,0,15.73204422,
G1_D060_DENS_LOW_V_REF_S007,G1_D060_DENS_LOW_V_REF,7,7.8750166893,7.82860214014,5.00346465415,0,0,15.7500333786,
G1_D060_DENS_LOW_V_REF_S007,G1_D060_DENS_LOW_V_REF,7,7.88401126862,7.91287257564,4.95116531267,0,0,15.7680225372,
G1_D060_DENS_LOW_V_REF_S007,G1_D060_DENS_LOW_V_REF,7,7.89300584793,8.15393290763,5.05450149028,0,0,15.7860116959,
G1_D060_DENS_LOW_V_REF_S007,G1_D060_DENS_LOW_V_REF,7,7.90200042725,8.54984809799,4.8623296898,0,0,15.8040008545,
G1_D060_DENS_LOW_V_REF_S007,G1_D060_DENS_LOW_V_REF,7,7.91101884842,8.37548397973,6.23065820162,0,0,15.8220376968,
G1_D060_DENS_LOW_V_REF_S007,G1_D060_DENS_LOW_V_REF,7,7.92001342773,8.12904681489,5.41150958715,0,0,15.8400268555,
G1_D060_DENS_LOW_V_REF_S007,G1_D060_DENS_LOW_V_REF,7,7.92900800705,8.61213370273,5.25203436611,0,0,15.8580160141,
G1_D060_DENS_LOW_V_REF_S007,G1_D060_DENS_LOW_V_REF,7,7.9380030632,8.0058407528,6.05987523775,0,0,15.8760061264,
G1_D060_DENS_LOW_V_REF_S007,G1_D060_DENS_LOW_V_REF,7,7.94702148438,7.96780399933,4.67401725746,0,0,15.8940429688,
G1_D060_DENS_LOW_V_REF_S007,G1_D060_DENS_LOW_V_REF,7,7.95600605011,8.16525128325,4.63300728419,0,0,15.9120121002,
G1_D060_DENS_LOW_V_REF_S007,G1_D060_DENS_LOW_V_REF,7,7.96500062943,7.6248774233,4.77712199903,0,0,15.9300012589,
G1_D060_DENS_LOW_V_REF_S007,G1_D060_DENS_LOW_V_REF,7,7.9740190506,7.92698859675,4.93724173479,0,0,15.9480381012,
G1_D060_DENS_LOW_V_REF_S007,G1_D060_DENS_LOW_V_REF,7,7.98301362991,8.13595717193,5.29981897805,0,0,15.9660272598,
G1_D060_DENS_LOW_V_REF_S007,G1_D060_DENS_LOW_V_REF,7,7.99200820923,7.88883095737,4.93509717971,0,0,15.9840164185,
G1_D060_DENS_LOW_V_REF_S007,G1_D060_DENS_LOW_V_REF,7,8.00100326538,8.45464007751,5.28545025675,0,0,16.0020065308,
G1_D060_DENS_LOW_V_REF_S007,G1_D060_DENS_LOW_V_REF,7,8.01002120972,8.72365786798,5.46594637174,0,0,16.0200424194,
G1_D060_DENS_LOW_V_REF_S007,G1_D060_DENS_LOW_V_REF,7,8.01901626587,8.66132908971,5.23229038624,0,0,16.0380325317,
G1_D060_DENS_LOW_V_REF_S007,G1_D060_DENS_LOW_V_REF,7,8.02801036835,8.31829889718,5.3631560751,0,0,16.0560207367,
G1_D060_DENS_LOW_V_REF_S007,G1_D060_DENS_LOW_V_REF,7,8.0370054245,8.59071358189,5.0923471988,0,0,16.074010849,
G1_D060_DENS_LOW_V_REF_S007,G1_D060_DENS_LOW_V_REF,7,8.04600048065,7.67630660931,4.34696124106,0,0,16.0920009613,
G1_D060_DENS_LOW_V_REF_S007,G1_D060_DENS_LOW_V_REF,7,8.05501842499,8.09637825957,6.53581151742,0,0,16.11003685,
G1_D060_DENS_LOW_V_REF_S007,G1_D060_DENS_LOW_V_REF,7,8.06401348114,7.77725412039,4.87568936136,0,0,16.1280269623,
G1_D060_DENS_LOW_V_REF_S007,G1_D060_DENS_LOW_V_REF,7,8.07300376892,8.6343637592,5.12532398086,0,0,16.1460075378,
G1_D060_DENS_LOW_V_REF_S007,G1_D060_DENS_LOW_V_REF,7,8.08202266693,7.7977339215,5.28731769768,0,0,16.1640453339,
G1_D060_DENS_LOW_V_REF_S007,G1_D060_DENS_LOW_V_REF,7,8.09101772308,8.23886303484,4.99199082238,0,0,16.1820354462,
G1_D060_DENS_LOW_V_REF_S007,G1_D060_DENS_LOW_V_REF,7,8.10001182556,8.02968549972,5.48382426861,0,0,16.2000236511,
G1_D060_DENS_LOW_V_REF_S007,G1_D060_DENS_LOW_V_REF,7,8.10900688171,8.1718179789,5.08715569104,0,0,16.2180137634,
G1_D060_DENS_LOW_V_REF_S007,G1_D060_DENS_LOW_V_REF,7,8.11800098419,8.44265596588,5.28949309818,0,0,16.2360019684,
G1_D060_DENS_LOW_V_REF_S007,G1_D060_DENS_LOW_V_REF,7,8.1270198822,8.41118245419,6.3881226056,0,0,16.2540397644,
G1_D060_DENS_LOW_V_REF_S007,G1_D060_DENS_LOW_V_REF,7,8.13601398468,8.37281758181,4.77305802975,0,0,16.2720279694,
G1_D060_DENS_LOW_V_REF_S007,G1_D060_DENS_LOW_V_REF,7,8.14500904083,8.41226006578,5.02754636083,0,0,16.2900180817,
G1_D060_DENS_LOW_V_REF_S007,G1_D060_DENS_LOW_V_REF,7,8.15400314331,8.1886927893,5.27533901999,0,0,16.3080062866,
G1_D060_DENS_LOW_V_REF_S007,G1_D060_DENS_LOW_V_REF,7,8.16302204132,8.68265163834,4.88257559494,0,0,16.3260440826,
G1_D060_DENS_LOW_V_REF_S007,G1_D060_DENS_LOW_V_REF,7,8.1720161438,8.15000843272,5.01913418409,0,0,16.3440322876,
G1_D060_DENS_LOW_V_REF_S007,G1_D060_DENS_LOW_V_REF,7,8.18101119995,8.36964691693,6.60055476879,0,0,16.3620223999,
G1_D060_DENS_LOW_V_REF_S007,G1_D060_DENS_LOW_V_REF,7,8.1900062561,7.94209501889,5.42957079598,0,0,16.3800125122,
G1_D060_DENS_LOW_V_REF_S007,G1_D060_DENS_LOW_V_REF,7,8.19900035858,8.40574949573,4.67798254472,0,0,16.3980007172,
G1_D060_DENS_LOW_V_REF_S007,G1_D060_DENS_LOW_V_REF,7,8.20801925659,7.88263382723,5.60634675533,0,0,16.4160385132,
G1_D060_DENS_LOW_V_REF_S007,G1_D060_DENS_LOW_V_REF,7,8.21701335907,8.15460986876,4.77161579825,0,0,16.4340267181,
G1_D060_DENS_LOW_V_REF_S007,G1_D060_DENS_LOW_V_REF,7,8.22600841522,7.55962579627,4.54955291675,0,0,16.4520168304,
G1_D060_DENS_LOW_V_REF_S007,G1_D060_DENS_LOW_V_REF,7,8.2350025177,7.36317668463,4.5032978266,0,0,16.4700050354,
G1_D060_DENS_LOW_V_REF_S007,G1_D060_DENS_LOW_V_REF,7,8.24402141571,8.34923792043,5.12757920796,0,0,16.4880428314,
G1_D060_DENS_LOW_V_REF_S007,G1_D060_DENS_LOW_V_REF,7,8.25301551819,8.28314959016,4.84340977207,0,0,16.5060310364,
G1_D060_DENS_LOW_V_REF_S007,G1_D060_DENS_LOW_V_REF,7,8.26201057434,8.47487810679,4.87023407661,0,0,16.5240211487,
G1_D060_DENS_LOW_V_REF_S007,G1_D060_DENS_LOW_V_REF,7,8.27100467682,9.54172912717,5.03822621335,0,0,16.5420093536,
G1_D060_DENS_LOW_V_REF_S007,G1_D060_DENS_LOW_V_REF,7,8.28002357483,8.40122404512,5.07459442013,0,0,16.5600471497,
G1_D060_DENS_LOW_V_REF_S007,G1_D060_DENS_LOW_V_REF,7,8.28901767731,8.0759623553,4.67885811758,0,0,16.5780353546,
G1_D060_DENS_LOW_V_REF_S007,G1_D060_DENS_LOW_V_REF,7,8.29801273346,8.11513889026,6.35974379837,0,0,16.5960254669,
G1_D060_DENS_LOW_V_REF_S007,G1_D060_DENS_LOW_V_REF,7,8.30700778961,8.66538222177,5.3498179015,0,0,16.6140155792,
G1_D060_DENS_LOW_V_REF_S007,G1_D060_DENS_LOW_V_REF,7,8.31600189209,8.06034475843,4.39785332047,0,0,16.6320037842,
G1_D060_DENS_LOW_V_REF_S007,G1_D060_DENS_LOW_V_REF,7,8.3250207901,8.23656965632,5.0027002265,0,0,16.6500415802,
G1_D060_DENS_LOW_V_REF_S007,G1_D060_DENS_LOW_V_REF,7,8.33401489258,7.53337628309,4.8552265207,0,0,16.6680297852,
G1_D060_DENS_LOW_V_REF_S007,G1_D060_DENS_LOW_V_REF,7,8.34300994873,8.38443558181,5.02086070179,0,0,16.6860198975,
G1_D060_DENS_LOW_V_REF_S007,G1_D060_DENS_LOW_V_REF,7,8.35200405121,8.57015347799,5.28832785759,0,0,16.7040081024,
G1_D060_DENS_LOW_V_REF_S007,G1_D060_DENS_LOW_V_REF,7,8.36102294922,7.76122033058,4.80382317479,0,0,16.7220458984,
G1_D060_DENS_LOW_V_REF_S007,G1_D060_DENS_LOW_V_REF,7,8.3700170517,8.52336458421,5.13759744079,0,0,16.7400341034,
G1_D060_DENS_LOW_V_REF_S007,G1_D060_DENS_LOW_V_REF,7,8.37901210785,8.13832739935,4.85423882791,0,0,16.7580242157,
G1_D060_DENS_LOW_V_REF_S007,G1_D060_DENS_LOW_V_REF,7,8.388007164,9.06520720804,5.25162312433,0,0,16.776014328,
G1_D060_DENS_LOW_V_REF_S007,G1_D060_DENS_LOW_V_REF,7,8.39700126648,8.26848008426,4.97057734549,0,0,16.794002533,
G1_D060_DENS_LOW_V_REF_S007,G1_D060_DENS_LOW_V_REF,7,8.40602016449,8.50837904799,5.05543844684,0,0,16.812040329,
G1_D060_DENS_LOW_V_REF_S007,G1_D060_DENS_LOW_V_REF,7,8.41501426697,8.14718920046,4.94565498057,0,0,16.8300285339,
G1_D060_DENS_LOW_V_REF_S007,G1_D060_DENS_LOW_V_REF,7,8.42400932312,8.24387720995,5.2437589602,0,0,16.8480186462,
G1_D060_DENS_LOW_V_REF_S007,G1_D060_DENS_LOW_V_REF,7,8.43301296234,8.21124060304,4.739176816,0,0,16.8660259247,
G1_D060_DENS_LOW_V_REF_S007,G1_D060_DENS_LOW_V_REF,7,8.44200706482,8.26482587571,4.99000196877,0,0,16.8840141296,
G1_D060_DENS_LOW_V_REF_S007,G1_D060_DENS_LOW_V_REF,7,8.45100212097,8.64202447239,5.20983016765,0,0,16.9020042419,
G1_D060_DENS_LOW_V_REF_S007,G1_D060_DENS_LOW_V_REF,7,8.46002006531,8.17630802721,4.91202214257,0,0,16.9200401306,
G1_D060_DENS_LOW_V_REF_S007,G1_D060_DENS_LOW_V_REF,7,8.46901512146,7.97795064504,4.88213999622,0,0,16.9380302429,
G1_D060_DENS_LOW_V_REF_S007,G1_D060_DENS_LOW_V_REF,7,8.47800922394,8.26248759671,5.67221717165,0,0,16.9560184479,
G1_D060_DENS_LOW_V_REF_S007,G1_D060_DENS_LOW_V_REF,7,8.48700428009,8.44172687127,5.86259131228,0,0,16.9740085602,
G1_D060_DENS_LOW_V_REF_S007,G1_D060_DENS_LOW_V_REF,7,8.49602222443,8.09017940249,5.08672732099,0,0,16.9920444489,
G1_D060_DENS_LOW_V_REF_S007,G1_D060_DENS_LOW_V_REF,7,8.50501728058,8.52276533546,4.69735647237,0,0,17.0100345612,
G1_D060_DENS_LOW_V_REF_S007,G1_D060_DENS_LOW_V_REF,7,8.51401138306,7.82603072402,4.56228905259,0,0,17.0280227661,
G1_D060_DENS_LOW_V_REF_S007,G1_D060_DENS_LOW_V_REF,7,8.52300643921,8.46133802073,4.86900842415,0,0,17.0460128784,
G1_D060_DENS_LOW_V_REF_S007,G1_D060_DENS_LOW_V_REF,7,8.53200149536,8.42953898053,5.24569062717,0,0,17.0640029907,
G1_D060_DENS_LOW_V_REF_S007,G1_D060_DENS_LOW_V_REF,7,8.5410194397,8.16341899815,5.23361752591,0,0,17.0820388794,
G1_D060_DENS_LOW_V_REF_S007,G1_D060_DENS_LOW_V_REF,7,8.55001449585,8.17493769901,5.57528061513,0,0,17.1000289917,
G1_D060_DENS_LOW_V_REF_S007,G1_D060_DENS_LOW_V_REF,7,8.55900859833,8.00031108561,5.38280303437,0,0,17.1180171967,
G1_D060_DENS_LOW_V_REF_S007,G1_D060_DENS_LOW_V_REF,7,8.56800365448,8.02689303506,4.72506129879,0,0,17.136007309,
G1_D060_DENS_LOW_V_REF_S007,G1_D060_DENS_LOW_V_REF,7,8.57702159882,8.76068867793,5.09571229738,0,0,17.1540431976,
G1_D060_DENS_LOW_V_REF_S007,G1_D060_DENS_LOW_V_REF,7,8.58601665497,8.17407250124,4.70131772659,0,0,17.1720333099,
G1_D060_DENS_LOW_V_REF_S007,G1_D060_DENS_LOW_V_REF,7,8.59501075745,8.11449474102,4.77784521698,0,0,17.1900215149,
G1_D060_DENS_LOW_V_REF_S007,G1_D060_DENS_LOW_V_REF,7,8.6040058136,8.36796573922,5.06907209082,0,0,17.2080116272,
G1_D060_DENS_LOW_V_REF_S007,G1_D060_DENS_LOW_V_REF,7,8.61299991608,8.55815382389,5.0247805247,0,0,17.2259998322,
G1_D060_DENS_LOW_V_REF_S007,G1_D060_DENS_LOW_V_REF,7,8.62201881409,7.94027395891,4.88659972939,0,0,17.2440376282,
G1_D060_DENS_LOW_V_REF_S007,G1_D060_DENS_LOW_V_REF,7,8.63101387024,7.9360593578,4.8530140486,0,0,17.2620277405,
G1_D060_DENS_LOW_V_REF_S007,G1_D060_DENS_LOW_V_REF,7,8.64000797272,8.53376509034,4.66968968542,0,0,17.2800159454,
G1_D060_DENS_LOW_V_REF_S007,G1_D060_DENS_LOW_V_REF,7,8.64900302887,8.914264736,5.43062086644,0,0,17.2980060577,
G1_D060_DENS_LOW_V_REF_S007,G1_D060_DENS_LOW_V_REF,7,8.65802097321,8.36149057148,4.76269036291,0,0,17.3160419464,
G1_D060_DENS_LOW_V_REF_S007,G1_D060_DENS_LOW_V_REF,7,8.66701602936,8.50885482041,4.96170708238,0,0,17.3340320587,
G1_D060_DENS_LOW_V_REF_S007,G1_D060_DENS_LOW_V_REF,7,8.67601013184,8.29859190246,4.37961859429,0,0,17.3520202637,
G1_D060_DENS_LOW_V_REF_S007,G1_D060_DENS_LOW_V_REF,7,8.68500518799,9.03074608728,5.54601557139,0,0,17.370010376,
G1_D060_DENS_LOW_V_REF_S007,G1_D060_DENS_LOW_V_REF,7,8.69402313232,8.57923632764,5.01217662708,0,0,17.3880462646,
G1_D060_DENS_LOW_V_REF_S007,G1_D060_DENS_LOW_V_REF,7,8.70301818848,7.84591127637,4.52717436112,0,0,17.406036377,
G1_D060_DENS_LOW_V_REF_S007,G1_D060_DENS_LOW_V_REF,7,8.71201229095,8.4227702327,4.86922878746,0,0,17.4240245819,
G1_D060_DENS_LOW_V_REF_S007,G1_D060_DENS_LOW_V_REF,7,8.72100734711,8.1203145344,4.70755825364,0,0,17.4420146942,
G1_D060_DENS_LOW_V_REF_S007,G1_D060_DENS_LOW_V_REF,7,8.73000240326,8.85264227686,5.12506839881,0,0,17.4600048065,
G1_D060_DENS_LOW_V_REF_S007,G1_D060_DENS_LOW_V_REF,7,8.7390203476,8.46611992217,4.96430701261,0,0,17.4780406952,
G1_D060_DENS_LOW_V_REF_S007,G1_D060_DENS_LOW_V_REF,7,8.74801540375,7.84236500168,5.67336590226,0,0,17.4960308075,
G1_D060_DENS_LOW_V_REF_S007,G1_D060_DENS_LOW_V_REF,7,8.75700950623,8.6615630903,4.93964485121,0,0,17.5140190125,
G1_D060_DENS_LOW_V_REF_S007,G1_D060_DENS_LOW_V_REF,7,8.76600456238,8.31217861594,4.78355423931,0,0,17.5320091248,
G1_D060_DENS_LOW_V_REF_S007,G1_D060_DENS_LOW_V_REF,7,8.77502250671,8.63709664438,5.24458935607,0,0,17.5500450134,
G1_D060_DENS_LOW_V_REF_S007,G1_D060_DENS_LOW_V_REF,7,8.78401756287,8.32499770386,5.04122246779,0,0,17.5680351257,
G1_D060_DENS_LOW_V_REF_S007,G1_D060_DENS_LOW_V_REF,7,8.79301166534,8.36677760337,4.52769118313,0,0,17.5860233307,
G1_D060_DENS_LOW_V_REF_S007,G1_D060_DENS_LOW_V_REF,7,8.8020067215,8.34797811649,4.64753152634,0,0,17.604013443,
G1_D060_DENS_LOW_V_REF_S007,G1_D060_DENS_LOW_V_REF,7,8.81100082397,8.49336674416,4.7208823459,0,0,17.6220016479,
G1_D060_DENS_LOW_V_REF_S007,G1_D060_DENS_LOW_V_REF,7,8.82001972198,8.40788313215,5.00796082645,0,0,17.640039444,
G1_D060_DENS_LOW_V_REF_S007,G1_D060_DENS_LOW_V_REF,7,8.82901477814,8.41858412613,4.78330965598,0,0,17.6580295563,
G1_D060_DENS_LOW_V_REF_S007,G1_D060_DENS_LOW_V_REF,7,8.83800888062,8.4584764784,5.59794329672,0,0,17.6760177612,
G1_D060_DENS_LOW_V_REF_S007,G1_D060_DENS_LOW_V_REF,7,8.84700393677,8.26106891414,4.7991861687,0,0,17.6940078735,
G1_D060_DENS_LOW_V_REF_S007,G1_D060_DENS_LOW_V_REF,7,8.8560218811,8.72428820169,5.15827344681,0,0,17.7120437622,
G1_D060_DENS_LOW_V_REF_S007,G1_D060_DENS_LOW_V_REF,7,8.86501693726,8.42396354939,4.70889300544,0,0,17.7300338745,
G1_D060_DENS_LOW_V_REF_S007,G1_D060_DENS_LOW_V_REF,7,8.87401103973,8.25630946293,5.16394932049,0,0,17.7480220795,
G1_D060_DENS_LOW_V_REF_S007,G1_D060_DENS_LOW_V_REF,7,8.88300609589,8.7142477629,4.85780925816,0,0,17.7660121918,
G1_D060_DENS_LOW_V_REF_S007,G1_D060_DENS_LOW_V_REF,7,8.89200019836,8.80824260686,4.90044901528,0,0,17.7840003967,
G1_D060_DENS_LOW_V_REF_S007,G1_D060_DENS_LOW_V_REF,7,8.90101909637,8.20583354872,5.06836299127,0,0,17.8020381927,
G1_D060_DENS_LOW_V_REF_S007,G1_D060_DENS_LOW_V_REF,7,8.91001319885,8.52990019491,4.58235630884,0,0,17.8200263977,
G1_D060_DENS_LOW_V_REF_S007,G1_D060_DENS_LOW_V_REF,7,8.919008255,7.91620557304,4.16751083123,0,0,17.83801651,
G1_D060_DENS_LOW_V_REF_S007,G1_D060_DENS_LOW_V_REF,7,8.92800331116,8.93940296223,5.17995080163,0,0,17.8560066223,
G1_D060_DENS_LOW_V_REF_S007,G1_D060_DENS_LOW_V_REF,7,8.93702125549,8.40166096136,4.68571482685,0,0,17.874042511,
G1_D060_DENS_LOW_V_REF_S007,G1_D060_DENS_LOW_V_REF,7,8.94601631165,8.51526522784,4.8460506189,0,0,17.8920326233,
G1_D060_DENS_LOW_V_REF_S007,G1_D060_DENS_LOW_V_REF,7,8.95501041412,8.27480500808,4.70378802627,0,0,17.9100208282,
G1_D060_DENS_LOW_V_REF_S007,G1_D060_DENS_LOW_V_REF,7,8.96400547028,7.94125572524,4.86376224375,0,0,17.9280109406,
G1_D060_DENS_LOW_V_REF_S007,G1_D060_DENS_LOW_V_REF,7,8.97302341461,8.48293256267,4.7971533424,0,0,17.9460468292,
G1_D060_DENS_LOW_V_REF_S007,G1_D060_DENS_LOW_V_REF,7,8.98201847076,8.28235347006,4.75839149923,0,0,17.9640369415,
G1_D060_DENS_LOW_V_REF_S007,G1_D060_DENS_LOW_V_REF,7,8.99101257324,8.76301573181,4.85269179662,0,0,17.9820251465,
G1_D060_DENS_LOW_V_REF_S007,G1_D060_DENS_LOW_V_REF,7,9,8.76558369406,4.76884459951,0,0,18,
