run_id,scenario_id,S,z_m,qb_MPa,qs_kPa,ALLKE,ALLIE,time_s,walltime_h
G1_D060_DENS_MED_V_REF_S100,G1_D060_DENS_MED_V_REF,100,0,0,0,0,0,0,
G1_D060_DENS_MED_V_REF_S100,G1_D060_DENS_MED_V_REF,100,0.00905541051179,0,0,0,0,0.0181108210236,
G1_D060_DENS_MED_V_REF_S100,G1_D060_DENS_MED_V_REF,100,0.0180867146701,2.2422390287,0.126498248441,0,0,0.0361734293401,
G1_D060_DENS_MED_V_REF_S100,G1_D060_DENS_MED_V_REF,100,0.0270804446191,0.130501958857,22.6153354392,0,0,0.0541608892381,
G1_D060_DENS_MED_V_REF_S100,G1_D060_DENS_MED_V_REF,100,0.0360741205513,0,0,0,0,0.0721482411027,
G1_D060_DENS_MED_V_REF_S100,G1_D060_DENS_MED_V_REF,100,0.0450679585338,1.93370838138,316.212034042,0,0,0.0901359170675,
G1_D060_DENS_MED_V_REF_S100,G1_D060_DENS_MED_V_REF,100,0.054061871022,4.11057748755,110.69560275,0,0,0.108123742044,
G1_D060_DENS_MED_V_REF_S100,G1_D060_DENS_MED_V_REF,100,0.063055627048,0.749945947275,0.00115820980917,0,0,0.126111254096,
G1_D060_DENS_MED_V_REF_S100,G1_D060_DENS_MED_V_REF,100,0.0720493122935,0,0,0,0,0.144098624587,
G1_D060_DENS_MED_V_REF_S100,G1_D060_DENS_MED_V_REF,100,0.0810431540012,1.3501019402,0.00419900177221,0,0,0.162086308002,
G1_D060_DENS_MED_V_REF_S100,G1_D060_DENS_MED_V_REF,100,0.0900370627642,3.73369837507,68.0345424208,0,0,0.180074125528,
G1_D060_DENS_MED_V_REF_S100,G1_D060_DENS_MED_V_REF,100,0.0990308374166,0.991529380687,0.00323210501523,0,0,0.198061674833,
G1_D060_DENS_MED_V_REF_S100,G1_D060_DENS_MED_V_REF,100,0.108024515212,0,0,0,0,0.216049030423,
G1_D060_DENS_MED_V_REF_S100,G1_D060_DENS_MED_V_REF,100,0.117018349469,0.01885990791,3.10850951278e-06,0,0,0.234036698937,
G1_D060_DENS_MED_V_REF_S100,G1_D060_DENS_MED_V_REF,100,0.126012280583,1.71005993865,17.6526199802,0,0,0.252024561167,
G1_D060_DENS_MED_V_REF_S100,G1_D060_DENS_MED_V_REF,100,0.135006055236,1.47593845823,9.52672717214,0,0,0.270012110472,
G1_D060_DENS_MED_V_REF_S100,G1_D060_DENS_MED_V_REF,100,0.144089668989,0,0,0,0,0.288179337978,
G1_D060_DENS_MED_V_REF_S100,G1_D060_DENS_MED_V_REF,100,0.153083488345,0,0,0,0,0.30616697669,
G1_D060_DENS_MED_V_REF_S100,G1_D060_DENS_MED_V_REF,100,0.16207742691,2.64596280163,54.218718081,0,0,0.324154853821,
G1_D060_DENS_MED_V_REF_S100,G1_D060_DENS_MED_V_REF,100,0.171071156859,0.885024085655,7.27679114853e-05,0,0,0.342142313719,
G1_D060_DENS_MED_V_REF_S100,G1_D060_DENS_MED_V_REF,100,0.180064588785,0,0,0,0,0.36012917757,
G1_D060_DENS_MED_V_REF_S100,G1_D060_DENS_MED_V_REF,100,0.189058408141,0,0,0,0,0.378116816282,
G1_D060_DENS_MED_V_REF_S100,G1_D060_DENS_MED_V_REF,100,0.198052331805,3.58074315253,39.7559576358,0,0,0.39610466361,
G1_D060_DENS_MED_V_REF_S100,G1_D060_DENS_MED_V_REF,100,0.207046076655,2.41775652812,8.57397448685,0,0,0.414092153311,
G1_D060_DENS_MED_V_REF_S100,G1_D060_DENS_MED_V_REF,100,0.216039657593,0,0,0,0,0.432079315186,
G1_D060_DENS_MED_V_REF_S100,G1_D060_DENS_MED_V_REF,100,0.225033476949,0,0,0,0,0.450066953897,
G1_D060_DENS_MED_V_REF_S100,G1_D060_DENS_MED_V_REF,100,0.234027400613,0.888599124719,28.5888058226,0,0,0.468054801226,
G1_D060_DENS_MED_V_REF_S100,G1_D060_DENS_MED_V_REF,100,0.243021190166,1.95004913508,13.7906139654,0,0,0.486042380333,
G1_D060_DENS_MED_V_REF_S100,G1_D060_DENS_MED_V_REF,100,0.252014875412,0,0,0,0,0.504029750824,
G1_D060_DENS_MED_V_REF_S100,G1_D060_DENS_MED_V_REF,100,0.261008679867,0,0,0,0,0.522017359734,
G1_D060_DENS_MED_V_REF_S100,G1_D060_DENS_MED_V_REF,100,0.270002603531,2.28708748766,56.0535946371,0,0,0.540005207062,
G1_D060_DENS_MED_V_REF_S100,G1_D060_DENS_MED_V_REF,100,0.279086351395,2.30616458041,26.4619637095,0,0,0.558172702789,
G1_D060_DENS_MED_V_REF_S100,G1_D060_DENS_MED_V_REF,100,0.288079887629,0,0,0,0,0.576159775257,
G1_D060_DENS_MED_V_REF_S100,G1_D060_DENS_MED_V_REF,100,0.297073662281,0,0,0,0,0.594147324562,
G1_D060_DENS_MED_V_REF_S100,G1_D060_DENS_MED_V_REF,100,0.306067585945,2.02146313754,26.1355901905,0,0,0.61213517189,
G1_D060_DENS_MED_V_REF_S100,G1_D060_DENS_MED_V_REF,100,0.315061360598,1.96194322987,19.8625788907,0,0,0.630122721195,
G1_D060_DENS_MED_V_REF_S100,G1_D060_DENS_MED_V_REF,100,0.324054867029,0,0,0,0,0.648109734058,
G1_D060_DENS_MED_V_REF_S100,G1_D060_DENS_MED_V_REF,100,0.333048611879,0,0,0,0,0.666097223759,
G1_D060_DENS_MED_V_REF_S100,G1_D060_DENS_MED_V_REF,100,0.342042505741,1.73239749724,31.5575195384,0,0,0.684085011482,
G1_D060_DENS_MED_V_REF_S100,G1_D060_DENS_MED_V_REF,100,0.351036310196,1.82797702605,21.0923207261,0,0,0.702072620392,
G1_D060_DENS_MED_V_REF_S100,G1_D060_DENS_MED_V_REF,100,0.360029935837,0,0,0,0,0.720059871674,
G1_D060_DENS_MED_V_REF_S100,G1_D060_DENS_MED_V_REF,100,0.369023710489,0,0,0,0,0.738047420979,
G1_D060_DENS_MED_V_REF_S100,G1_D060_DENS_MED_V_REF,100,0.378017604351,2.28117638224,27.1138226481,0,0,0.756035208702,
G1_D060_DENS_MED_V_REF_S100,G1_D060_DENS_MED_V_REF,100,0.387011438608,2.48794353854,23.8962463026,0,0,0.774022877216,
G1_D060_DENS_MED_V_REF_S100,G1_D060_DENS_MED_V_REF,100,0.396005034447,0,0,0,0,0.792010068893,
G1_D060_DENS_MED_V_REF_S100,G1_D060_DENS_MED_V_REF,100,0.405088752508,0,0,0,0,0.810177505016,
G1_D060_DENS_MED_V_REF_S100,G1_D060_DENS_MED_V_REF,100,0.414082616568,2.64047047955,14.6185282428,0,0,0.828165233135,
G1_D060_DENS_MED_V_REF_S100,G1_D060_DENS_MED_V_REF,100,0.423076450825,2.72755582995,17.7867961305,0,0,0.846152901649,
G1_D060_DENS_MED_V_REF_S100,G1_D060_DENS_MED_V_REF,100,0.432070016861,0,0,0,0,0.864140033722,
G1_D060_DENS_MED_V_REF_S100,G1_D060_DENS_MED_V_REF,100,0.441063731909,0,0,0,0,0.882127463818,
G1_D060_DENS_MED_V_REF_S100,G1_D060_DENS_MED_V_REF,100,0.450057595968,1.82145501501,21.5584490875,0,0,0.900115191936,
G1_D060_DENS_MED_V_REF_S100,G1_D060_DENS_MED_V_REF,100,0.459051430225,1.92527227139,17.1523839653,0,0,0.918102860451,
G1_D060_DENS_MED_V_REF_S100,G1_D060_DENS_MED_V_REF,100,0.468045026064,0.00787325265516,3.36876852318e-06,0,0,0.936090052128,
G1_D060_DENS_MED_V_REF_S100,G1_D060_DENS_MED_V_REF,100,0.477038711309,0,0,0,0,0.954077422619,
G1_D060_DENS_MED_V_REF_S100,G1_D060_DENS_MED_V_REF,100,0.486032575369,1.71188488424,14.2336130342,0,0,0.972065150738,
G1_D060_DENS_MED_V_REF_S100,G1_D060_DENS_MED_V_REF,100,0.495026439428,2.69628998299,22.9733685704,0,0,0.990052878857,
G1_D060_DENS_MED_V_REF_S100,G1_D060_DENS_MED_V_REF,100,0.504020035267,0.124559107389,1.00157922942e-05,0,0,1.00804007053,
G1_D060_DENS_MED_V_REF_S100,G1_D060_DENS_MED_V_REF,100,0.513013720512,0,0,0,0,1.02602744102,
G1_D060_DENS_MED_V_REF_S100,G1_D060_DENS_MED_V_REF,100,0.522007584572,1.82543712661,22.9235186463,0,0,1.04401516914,
G1_D060_DENS_MED_V_REF_S100,G1_D060_DENS_MED_V_REF,100,0.531001448631,2.98052169773,20.1782207962,0,0,1.06200289726,
G1_D060_DENS_MED_V_REF_S100,G1_D060_DENS_MED_V_REF,100,0.540085017681,0.283741937891,5.88587702029e-05,0,0,1.08017003536,
G1_D060_DENS_MED_V_REF_S100,G1_D060_DENS_MED_V_REF,100,0.549078643322,0,0,0,0,1.09815728664,
G1_D060_DENS_MED_V_REF_S100,G1_D060_DENS_MED_V_REF,100,0.558072507381,0.95714456916,4.95130814351,0,0,1.11614501476,
G1_D060_DENS_MED_V_REF_S100,G1_D060_DENS_MED_V_REF,100,0.567066371441,2.9669393016,12.8398067723,0,0,1.13413274288,
G1_D060_DENS_MED_V_REF_S100,G1_D060_DENS_MED_V_REF,100,0.576060056686,0.535155420032,6.34665779014e-05,0,0,1.15212011337,
G1_D060_DENS_MED_V_REF_S100,G1_D060_DENS_MED_V_REF,100,0.585053682327,0.0117739939278,1.57488115424e-06,0,0,1.17010736465,
G1_D060_DENS_MED_V_REF_S100,G1_D060_DENS_MED_V_REF,100,0.594047546387,1.25851650364,8.39231562875,0,0,1.18809509277,
G1_D060_DENS_MED_V_REF_S100,G1_D060_DENS_MED_V_REF,100,0.603041410446,3.74955990246,15.533782966,0,0,1.20608282089,
G1_D060_DENS_MED_V_REF_S100,G1_D060_DENS_MED_V_REF,100,0.612035036087,0.721125395733,2.06455408042,0,0,1.22407007217,
G1_D060_DENS_MED_V_REF_S100,G1_D060_DENS_MED_V_REF,100,0.621028721333,0.0145820963471,4.0410281762e-06,0,0,1.24205744267,
G1_D060_DENS_MED_V_REF_S100,G1_D060_DENS_MED_V_REF,100,0.630022525787,1.53217469428,10.2419847051,0,0,1.26004505157,
G1_D060_DENS_MED_V_REF_S100,G1_D060_DENS_MED_V_REF,100,0.639016389847,3.01975522176,15.9527116108,0,0,1.27803277969,
G1_D060_DENS_MED_V_REF_S100,G1_D060_DENS_MED_V_REF,100,0.648010134697,1.0134209566,3.26502432546,0,0,1.29602026939,
G1_D060_DENS_MED_V_REF_S100,G1_D060_DENS_MED_V_REF,100,0.657003760338,0.146431525043,2.61015391279e-05,0,0,1.31400752068,
G1_D060_DENS_MED_V_REF_S100,G1_D060_DENS_MED_V_REF,100,0.666087508202,1.2670012918,7.39261309525,0,0,1.3321750164,
G1_D060_DENS_MED_V_REF_S100,G1_D060_DENS_MED_V_REF,100,0.675081372261,2.79273341436,14.9298983996,0,0,1.35016274452,
G1_D060_DENS_MED_V_REF_S100,G1_D060_DENS_MED_V_REF,100,0.684075117111,0.986495561625,3.49435014472,0,0,1.36815023422,
G1_D060_DENS_MED_V_REF_S100,G1_D060_DENS_MED_V_REF,100,0.693068742752,0.153449573085,3.03462355361e-05,0,0,1.3861374855,
G1_D060_DENS_MED_V_REF_S100,G1_D060_DENS_MED_V_REF,100,0.702062547207,1.28491723215,5.75654919189,0,0,1.40412509441,
G1_D060_DENS_MED_V_REF_S100,G1_D060_DENS_MED_V_REF,100,0.711056411266,3.05069014352,14.8149120514,0,0,1.42211282253,
G1_D060_DENS_MED_V_REF_S100,G1_D060_DENS_MED_V_REF,100,0.720050156116,1.39381666196,10.3919007952,0,0,1.44010031223,
G1_D060_DENS_MED_V_REF_S100,G1_D060_DENS_MED_V_REF,100,0.729043781757,0.288077667771,0.0606454307922,0,0,1.45808756351,
G1_D060_DENS_MED_V_REF_S100,G1_D060_DENS_MED_V_REF,100,0.738037586212,1.39878971426,7.01208079825,0,0,1.47607517242,
G1_D060_DENS_MED_V_REF_S100,G1_D060_DENS_MED_V_REF,100,0.747031450272,3.54675219163,16.6354405745,0,0,1.49406290054,
G1_D060_DENS_MED_V_REF_S100,G1_D060_DENS_MED_V_REF,100,0.756025254726,1.76953127609,6.70386839279,0,0,1.51205050945,
G1_D060_DENS_MED_V_REF_S100,G1_D060_DENS_MED_V_REF,100,0.765018880367,0.310654191918,0.130385058189,0,0,1.53003776073,
G1_D060_DENS_MED_V_REF_S100,G1_D060_DENS_MED_V_REF,100,0.774012684822,1.5050895572,6.96242607696,0,0,1.54802536964,
G1_D060_DENS_MED_V_REF_S100,G1_D060_DENS_MED_V_REF,100,0.783006548882,3.2054500201,14.4929050314,0,0,1.56601309776,
G1_D060_DENS_MED_V_REF_S100,G1_D060_DENS_MED_V_REF,100,0.792000293732,1.95844185566,7.62925970261,0,0,1.58400058746,
G1_D060_DENS_MED_V_REF_S100,G1_D060_DENS_MED_V_REF,100,0.801083862782,0.611105882363,0.967372812332,0,0,1.60216772556,
G1_D060_DENS_MED_V_REF_S100,G1_D060_DENS_MED_V_REF,100,0.810077667236,1.49849965577,7.165027149,0,0,1.62015533447,
G1_D060_DENS_MED_V_REF_S100,G1_D060_DENS_MED_V_REF,100,0.819071531296,3.73381839752,14.2006494662,0,0,1.63814306259,
G1_D060_DENS_MED_V_REF_S100,G1_D060_DENS_MED_V_REF,100,0.828065335751,1.99209778987,8.25037147951,0,0,1.6561306715,
G1_D060_DENS_MED_V_REF_S100,G1_D060_DENS_MED_V_REF,100,0.837058961391,0.661297498809,2.94416659196,0,0,1.67411792278,
G1_D060_DENS_MED_V_REF_S100,G1_D060_DENS_MED_V_REF,100,0.846052765846,0.889175491497,5.31313237829,0,0,1.69210553169,
G1_D060_DENS_MED_V_REF_S100,G1_D060_DENS_MED_V_REF,100,0.855046629906,3.16801316299,11.6605766493,0,0,1.71009325981,
G1_D060_DENS_MED_V_REF_S100,G1_D060_DENS_MED_V_REF,100,0.864040434361,2.20866512421,9.62155704732,0,0,1.72808086872,
G1_D060_DENS_MED_V_REF_S100,G1_D060_DENS_MED_V_REF,100,0.873034060001,0.936808643879,2.98044573083,0,0,1.74606812,
G1_D060_DENS_MED_V_REF_S100,G1_D060_DENS_MED_V_REF,100,0.882027864456,1.65446828357,7.15461366909,0,0,1.76405572891,
G1_D060_DENS_MED_V_REF_S100,G1_D060_DENS_MED_V_REF,100,0.891021728516,3.42168945139,14.7342845281,0,0,1.78204345703,
G1_D060_DENS_MED_V_REF_S100,G1_D060_DENS_MED_V_REF,100,0.90001553297,2.89434407104,12.3989066763,0,0,1.80003106594,
G1_D060_DENS_MED_V_REF_S100,G1_D060_DENS_MED_V_REF,100,0.909009158611,1.06217144023,3.26812951888,0,0,1.81801831722,
G1_D060_DENS_MED_V_REF_S100,G1_D060_DENS_MED_V_REF,100,0.918002963066,1.94975728194,8.38278155732,0,0,1.83600592613,
G1_D060_DENS_MED_V_REF_S100,G1_D060_DENS_MED_V_REF,100,0.927086770535,3.71967690403,14.6714896393,0,0,1.85417354107,
G1_D060_DENS_MED_V_REF_S100,G1_D060_DENS_MED_V_REF,100,0.936080574989,2.49653572089,11.591784478,0,0,1.87216114998,
G1_D060_DENS_MED_V_REF_S100,G1_D060_DENS_MED_V_REF,100,0.94507420063,1.10205062458,3.76182421654,0,0,1.89014840126,
G1_D060_DENS_MED_V_REF_S100,G1_D060_DENS_MED_V_REF,100,0.954068005085,1.70803035046,6.35988731524,0,0,1.90813601017,
G1_D060_DENS_MED_V_REF_S100,G1_D060_DENS_MED_V_REF,100,0.963061869144,3.29256256983,15.6964175427,0,0,1.92612373829,
G1_D060_DENS_MED_V_REF_S100,G1_D060_DENS_MED_V_REF,100,0.972055673599,2.76960923384,10.6732399839,0,0,1.9441113472,
G1_D060_DENS_MED_V_REF_S100,G1_D060_DENS_MED_V_REF,100,0.981049358845,1.55431160384,6.26835780777,0,0,1.96209871769,
G1_D060_DENS_MED_V_REF_S100,G1_D060_DENS_MED_V_REF,100,0.990043103695,1.9110765951,6.98733192368,0,0,1.98008620739,
G1_D060_DENS_MED_V_REF_S100,G1_D060_DENS_MED_V_REF,100,0.999036967754,3.59711261663,13.6802687267,0,0,1.99807393551,
G1_D060_DENS_MED_V_REF_S100,G1_D060_DENS_MED_V_REF,100,1.00803077221,3.3089262055,12.4799346078,0,0,2.01606154442,
G1_D060_DENS_MED_V_REF_S100,G1_D060_DENS_MED_V_REF,100,1.01702451706,2.00202511399,5.32548097726,0,0,2.03404903412,
G1_D060_DENS_MED_V_REF_S100,G1_D060_DENS_MED_V_REF,100,1.02601826191,2.09301659055,7.94874992987,0,0,2.05203652382,
G1_D060_DENS_MED_V_REF_S100,G1_D060_DENS_MED_V_REF,100,1.03501212597,3.71029356653,12.8886625765,0,0,2.07002425194,
G1_D060_DENS_MED_V_REF_S100,G1_D060_DENS_MED_V_REF,100,1.04400587082,3.86804536953,13.2688835813,0,0,2.08801174164,
G1_D060_DENS_MED_V_REF_S100,G1_D060_DENS_MED_V_REF,100,1.05308949947,2.20478857193,6.81309088979,0,0,2.10617899895,
G1_D060_DENS_MED_V_REF_S100,G1_D060_DENS_MED_V_REF,100,1.06208324432,1.96155725841,7.04616438524,0,0,2.12416648865,
G1_D060_DENS_MED_V_REF_S100,G1_D060_DENS_MED_V_REF,100,1.07107710838,4.04204769352,14.6873549528,0,0,2.14215421677,
G1_D060_DENS_MED_V_REF_S100,G1_D060_DENS_MED_V_REF,100,1.08007097244,3.29047275456,13.7465734782,0,0,2.16014194489,
G1_D060_DENS_MED_V_REF_S100,G1_D060_DENS_MED_V_REF,100,1.08904695511,2.25523922962,7.41636528451,0,0,2.17809391022,
G1_D060_DENS_MED_V_REF_S100,G1_D060_DENS_MED_V_REF,100,1.09804069996,2.4570284766,8.5214940832,0,0,2.19608139992,
G1_D060_DENS_MED_V_REF_S100,G1_D060_DENS_MED_V_REF,100,1.10703456402,3.81786519407,13.9979374957,0,0,2.21406912804,
G1_D060_DENS_MED_V_REF_S100,G1_D060_DENS_MED_V_REF,100,1.11602842808,4.32566289008,18.9519130868,0,0,2.23205685616,
G1_D060_DENS_MED_V_REF_S100,G1_D060_DENS_MED_V_REF,100,1.12502217293,3.12998828226,12.6166998322,0,0,2.25004434586,
G1_D060_DENS_MED_V_REF_S100,G1_D060_DENS_MED_V_REF,100,1.13401591778,2.60888320558,8.57275263072,0,0,2.26803183556,
G1_D060_DENS_MED_V_REF_S100,G1_D060_DENS_MED_V_REF,100,1.14300966263,3.17259452334,12.1114959768,0,0,2.28601932526,
G1_D060_DENS_MED_V_REF_S100,G1_D060_DENS_MED_V_REF,100,1.15200352669,4.9572106348,17.3525571876,0,0,2.30400705338,
G1_D060_DENS_MED_V_REF_S100,G1_D060_DENS_MED_V_REF,100,1.16108727455,3.14156008656,11.44657668,0,0,2.3221745491,
G1_D060_DENS_MED_V_REF_S100,G1_D060_DENS_MED_V_REF,100,1.1700810194,2.24492701339,7.59430544851,0,0,2.3401620388,
G1_D060_DENS_MED_V_REF_S100,G1_D060_DENS_MED_V_REF,100,1.17907476425,4.05286396085,13.6589217052,0,0,2.3581495285,
G1_D060_DENS_MED_V_REF_S100,G1_D060_DENS_MED_V_REF,100,1.18806862831,4.09359992412,12.7215115534,0,0,2.37613725662,
G1_D060_DENS_MED_V_REF_S100,G1_D060_DENS_MED_V_REF,100,1.19706237316,3.17926461962,11.2424655946,0,0,2.39412474632,
G1_D060_DENS_MED_V_REF_S100,G1_D060_DENS_MED_V_REF,100,1.20605611801,2.67631380125,9.45648693563,0,0,2.41211223602,
G1_D060_DENS_MED_V_REF_S100,G1_D060_DENS_MED_V_REF,100,1.21504998207,3.47700123398,12.3050524319,0,0,2.43009996414,
G1_D060_DENS_MED_V_REF_S100,G1_D060_DENS_MED_V_REF,100,1.22404372692,4.57456353719,15.2879998131,0,0,2.44808745384,
G1_D060_DENS_MED_V_REF_S100,G1_D060_DENS_MED_V_REF,100,1.23303759098,3.32077367287,12.4706207484,0,0,2.46607518196,
G1_D060_DENS_MED_V_REF_S100,G1_D060_DENS_MED_V_REF,100,1.24203133583,2.82847463063,9.25561421171,0,0,2.48406267166,
G1_D060_DENS_MED_V_REF_S100,G1_D060_DENS_MED_V_REF,100,1.25102508068,3.915960661,10.5307907836,0,0,2.50205016136,
G1_D060_DENS_MED_V_REF_S100,G1_D060_DENS_MED_V_REF,100,1.26001894474,4.64602179254,17.4296900495,0,0,2.52003788948,
G1_D060_DENS_MED_V_REF_S100,G1_D060_DENS_MED_V_REF,100,1.26901268959,3.71867139225,11.8250448976,0,0,2.53802537918,
G1_D060_DENS_MED_V_REF_S100,G1_D060_DENS_MED_V_REF,100,1.27800643444,2.76320163269,8.85949103563,0,0,2.55601286888,
G1_D060_DENS_MED_V_REF_S100,G1_D060_DENS_MED_V_REF,100,1.2870002985,3.99935381014,12.2092422719,0,0,2.574000597,
G1_D060_DENS_MED_V_REF_S100,G1_D060_DENS_MED_V_REF,100,1.29608404636,4.34814119442,14.6973016566,0,0,2.59216809273,
G1_D060_DENS_MED_V_REF_S100,G1_D060_DENS_MED_V_REF,100,1.30507779121,3.61163468489,12.479359146,0,0,2.61015558243,
G1_D060_DENS_MED_V_REF_S100,G1_D060_DENS_MED_V_REF,100,1.31407153606,3.07164571706,9.47144469539,0,0,2.62814307213,
G1_D060_DENS_MED_V_REF_S100,G1_D060_DENS_MED_V_REF,100,1.32306540012,3.83121574829,13.8880171895,0,0,2.64613080025,
G1_D060_DENS_MED_V_REF_S100,G1_D060_DENS_MED_V_REF,100,1.33205914497,4.90132162196,17.3559744844,0,0,2.66411828995,
G1_D060_DENS_MED_V_REF_S100,G1_D060_DENS_MED_V_REF,100,1.34105300903,4.14408058743,13.1278445049,0,0,2.68210601807,
G1_D060_DENS_MED_V_REF_S100,G1_D060_DENS_MED_V_REF,100,1.35004675388,3.02863666683,7.9765504639,0,0,2.70009350777,
G1_D060_DENS_MED_V_REF_S100,G1_D060_DENS_MED_V_REF,100,1.35904049873,4.58544024748,15.1524250394,0,0,2.71808099747,
G1_D060_DENS_MED_V_REF_S100,G1_D060_DENS_MED_V_REF,100,1.36803436279,4.6802342337,16.6095628582,0,0,2.73606872559,
G1_D060_DENS_MED_V_REF_S100,G1_D060_DENS_MED_V_REF,100,1.37702810764,4.02211360597,11.463517736,0,0,2.75405621529,
G1_D060_DENS_MED_V_REF_S100,G1_D060_DENS_MED_V_REF,100,1.38602185249,3.3270677276,9.80103223182,0,0,2.77204370499,
G1_D060_DENS_MED_V_REF_S100,G1_D060_DENS_MED_V_REF,100,1.39501571655,4.28681533751,11.1269670978,0,0,2.79003143311,
G1_D060_DENS_MED_V_REF_S100,G1_D060_DENS_MED_V_REF,100,1.40400958061,5.5138686911,13.8014860885,0,0,2.80801916122,
G1_D060_DENS_MED_V_REF_S100,G1_D060_DENS_MED_V_REF,100,1.41300332546,4.36614326599,13.2405051128,0,0,2.82600665092,
G1_D060_DENS_MED_V_REF_S100,G1_D060_DENS_MED_V_REF,100,1.42208695412,4.01703855618,10.3999998284,0,0,2.84417390823,
G1_D060_DENS_MED_V_REF_S100,G1_D060_DENS_MED_V_REF,100,1.43108081818,4.41954764152,12.8862731091,0,0,2.86216163635,
G1_D060_DENS_MED_V_REF_S100,G1_D060_DENS_MED_V_REF,100,1.44007468224,5.49342040668,16.6708064246,0,0,2.88014936447,
G1_D060_DENS_MED_V_REF_S100,G1_D060_DENS_MED_V_REF,100,1.44906842709,4.16195011622,11.532649234,0,0,2.89813685417,
G1_D060_DENS_MED_V_REF_S100,G1_D060_DENS_MED_V_REF,100,1.45806217194,3.78831592712,8.91404008617,0,0,2.91612434387,
G1_D060_DENS_MED_V_REF_S100,G1_D060_DENS_MED_V_REF,100,1.467056036,4.49168588014,13.9814399854,0,0,2.93411207199,
G1_D060_DENS_MED_V_REF_S100,G1_D060_DENS_MED_V_REF,100,1.47604978085,5.25926007008,15.8569309085,0,0,2.95209956169,
G1_D060_DENS_MED_V_REF_S100,G1_D060_DENS_MED_V_REF,100,1.48504364491,4.25526929426,10.2143191616,0,0,2.97008728981,
G1_D060_DENS_MED_V_REF_S100,G1_D060_DENS_MED_V_REF,100,1.49403727055,3.81072299512,10.9712722766,0,0,2.98807454109,
G1_D060_DENS_MED_V_REF_S100,G1_D060_DENS_MED_V_REF,100,1.5030310154,4.42657845274,11.9299576017,0,0,3.00606203079,
G1_D060_DENS_MED_V_REF_S100,G1_D060_DENS_MED_V_REF,100,1.51202487946,5.0991604899,13.9164346979,0,0,3.02404975891,
G1_D060_DENS_MED_V_REF_S100,G1_D060_DENS_MED_V_REF,100,1.52101874352,5.25245117086,16.2706429713,0,0,3.04203748703,
G1_D060_DENS_MED_V_REF_S100,G1_D060_DENS_MED_V_REF,100,1.53001236916,4.15650895479,12.2239735692,0,0,3.06002473831,
G1_D060_DENS_MED_V_REF_S100,G1_D060_DENS_MED_V_REF,100,1.53900611401,4.39146109415,12.4402332239,0,0,3.07801222801,
G1_D060_DENS_MED_V_REF_S100,G1_D060_DENS_MED_V_REF,100,1.54808986187,5.82464652125,15.2887455449,0,0,3.09617972374,
G1_D060_DENS_MED_V_REF_S100,G1_D060_DENS_MED_V_REF,100,1.55708372593,5.38189667316,14.283319509,0,0,3.11416745186,
G1_D060_DENS_MED_V_REF_S100,G1_D060_DENS_MED_V_REF,100,1.56607747078,4.20802491962,10.722785766,0,0,3.13215494156,
G1_D060_DENS_MED_V_REF_S100,G1_D060_DENS_MED_V_REF,100,1.57507121563,4.33618298692,11.4686483522,0,0,3.15014243126,
G1_D060_DENS_MED_V_REF_S100,G1_D060_DENS_MED_V_REF,100,1.58406496048,5.08574992447,13.3093694551,0,0,3.16812992096,
G1_D060_DENS_MED_V_REF_S100,G1_D060_DENS_MED_V_REF,100,1.59305882454,5.13097377737,13.2810243341,0,0,3.18611764908,
G1_D060_DENS_MED_V_REF_S100,G1_D060_DENS_MED_V_REF,100,1.60205256939,4.35809658134,13.2198386868,0,0,3.20410513878,
G1_D060_DENS_MED_V_REF_S100,G1_D060_DENS_MED_V_REF,100,1.61104631424,4.27508897192,13.1244533967,0,0,3.22209262848,
G1_D060_DENS_MED_V_REF_S100,G1_D060_DENS_MED_V_REF,100,1.62004005909,5.58307069718,15.3496732716,0,0,3.24008011818,
G1_D060_DENS_MED_V_REF_S100,G1_D060_DENS_MED_V_REF,100,1.62903392315,6.08838720976,15.4871754551,0,0,3.2580678463,
G1_D060_DENS_MED_V_REF_S100,G1_D060_DENS_MED_V_REF,100,1.638027668,4.40178431963,11.5839213021,0,0,3.276055336,
G1_D060_DENS_MED_V_REF_S100,G1_D060_DENS_MED_V_REF,100,1.64702141285,5.37571292682,13.5638368712,0,0,3.2940428257,
G1_D060_DENS_MED_V_REF_S100,G1_D060_DENS_MED_V_REF,100,1.6560151577,5.9550569522,14.9605278206,0,0,3.3120303154,
G1_D060_DENS_MED_V_REF_S100,G1_D060_DENS_MED_V_REF,100,1.66500902176,5.6583359954,16.7198490662,0,0,3.33001804352,
G1_D060_DENS_MED_V_REF_S100,G1_D060_DENS_MED_V_REF,100,1.67400276661,4.10368871728,11.8707058999,0,0,3.34800553322,
G1_D060_DENS_MED_V_REF_S100,G1_D060_DENS_MED_V_REF,100,1.68308639526,4.80544916068,11.7791585415,0,0,3.36617279053,
G1_D060_DENS_MED_V_REF_S100,G1_D060_DENS_MED_V_REF,100,1.69208025932,6.19918519605,14.9148193396,0,0,3.38416051865,
G1_D060_DENS_MED_V_REF_S100,G1_D060_DENS_MED_V_REF,100,1.70107400417,5.91773644779,13.3898576553,0,0,3.40214800835,
G1_D060_DENS_MED_V_REF_S100,G1_D060_DENS_MED_V_REF,100,1.71006786823,5.01584678008,13.0336009006,0,0,3.42013573647,
G1_D060_DENS_MED_V_REF_S100,G1_D060_DENS_MED_V_REF,100,1.71906149387,5.16347827323,12.6865054816,0,0,3.43812298775,
G1_D060_DENS_MED_V_REF_S100,G1_D060_DENS_MED_V_REF,100,1.72805535793,5.74042962094,14.8853770135,0,0,3.45611071587,
G1_D060_DENS_MED_V_REF_S100,G1_D060_DENS_MED_V_REF,100,1.73704922199,6.28093731887,14.2965277956,0,0,3.47409844398,
G1_D060_DENS_MED_V_REF_S100,G1_D060_DENS_MED_V_REF,100,1.74604296684,5.63588532213,16.3116585687,0,0,3.49208593369,
G1_D060_DENS_MED_V_REF_S100,G1_D060_DENS_MED_V_REF,100,1.75503659248,5.08192863431,14.1986849053,0,0,3.51007318497,
G1_D060_DENS_MED_V_REF_S100,G1_D060_DENS_MED_V_REF,100,1.76403045654,5.48409492173,14.7783743501,0,0,3.52806091309,
G1_D060_DENS_MED_V_REF_S100,G1_D060_DENS_MED_V_REF,100,1.7730243206,6.41243529133,18.1202771234,0,0,3.5460486412,
G1_D060_DENS_MED_V_REF_S100,G1_D060_DENS_MED_V_REF,100,1.78201806545,5.43111019303,13.7086381137,0,0,3.56403613091,
G1_D060_DENS_MED_V_REF_S100,G1_D060_DENS_MED_V_REF,100,1.79101169109,4.62800461023,12.5810616356,0,0,3.58202338219,
G1_D060_DENS_MED_V_REF_S100,G1_D060_DENS_MED_V_REF,100,1.80000555515,6.77025285353,17.9011352688,0,0,3.60001111031,
G1_D060_DENS_MED_V_REF_S100,G1_D060_DENS_MED_V_REF,100,1.80908930302,6.50293523712,15.776806839,0,0,3.61817860603,
G1_D060_DENS_MED_V_REF_S100,G1_D060_DENS_MED_V_REF,100,1.81808304787,4.61979688827,11.5126733876,0,0,3.63616609573,
G1_D060_DENS_MED_V_REF_S100,G1_D060_DENS_MED_V_REF,100,1.82707679272,4.87602753925,13.2523555103,0,0,3.65415358543,
G1_D060_DENS_MED_V_REF_S100,G1_D060_DENS_MED_V_REF,100,1.83607053757,5.51207439872,15.1074772683,0,0,3.67214107513,
G1_D060_DENS_MED_V_REF_S100,G1_D060_DENS_MED_V_REF,100,1.84506440163,5.93685412367,14.6385400336,0,0,3.69012880325,
G1_D060_DENS_MED_V_REF_S100,G1_D060_DENS_MED_V_REF,100,1.85405814648,5.09792788529,10.7028286416,0,0,3.70811629295,
G1_D060_DENS_MED_V_REF_S100,G1_D060_DENS_MED_V_REF,100,1.86305189133,5.05588419545,14.0090579077,0,0,3.72610378265,
G1_D060_DENS_MED_V_REF_S100,G1_D060_DENS_MED_V_REF,100,1.87204575539,5.20251924327,13.2492864056,0,0,3.74409151077,
G1_D060_DENS_MED_V_REF_S100,G1_D060_DENS_MED_V_REF,100,1.88103950024,5.401185748,13.1612758422,0,0,3.76207900047,
G1_D060_DENS_MED_V_REF_S100,G1_D060_DENS_MED_V_REF,100,1.89003324509,6.27975522731,16.456090726,0,0,3.78006649017,
G1_D060_DENS_MED_V_REF_S100,G1_D060_DENS_MED_V_REF,100,1.89902698994,5.31395576623,15.3070760115,0,0,3.79805397987,
G1_D060_DENS_MED_V_REF_S100,G1_D060_DENS_MED_V_REF,100,1.908020854,5.8063228068,13.7495418396,0,0,3.81604170799,
G1_D060_DENS_MED_V_REF_S100,G1_D060_DENS_MED_V_REF,100,1.91701459885,6.21930233941,14.9269936404,0,0,3.83402919769,
G1_D060_DENS_MED_V_REF_S100,G1_D060_DENS_MED_V_REF,100,1.92600846291,5.69829828881,16.1054727392,0,0,3.85201692581,
G1_D060_DENS_MED_V_REF_S100,G1_D060_DENS_MED_V_REF,100,1.93500208855,5.09536467214,10.7071710456,0,0,3.87000417709,
G1_D060_DENS_MED_V_REF_S100,G1_D060_DENS_MED_V_REF,100,1.94408583641,5.65985052324,14.1447065875,0,0,3.88817167282,
G1_D060_DENS_MED_V_REF_S100,G1_D060_DENS_MED_V_REF,100,1.95307970047,6.42484638928,16.2500665345,0,0,3.90615940094,
G1_D060_DENS_MED_V_REF_S100,G1_D060_DENS_MED_V_REF,100,1.96207344532,6.7140396074,15.6011544653,0,0,3.92414689064,
G1_D060_DENS_MED_V_REF_S100,G1_D060_DENS_MED_V_REF,100,1.97106719017,5.86380578679,12.7030560382,0,0,3.94213438034,
G1_D060_DENS_MED_V_REF_S100,G1_D060_DENS_MED_V_REF,100,1.98006093502,5.96619572589,14.4412002287,0,0,3.96012187004,
G1_D060_DENS_MED_V_REF_S100,G1_D060_DENS_MED_V_REF,100,1.98905479908,6.85682314358,17.551538997,0,0,3.97810959816,
G1_D060_DENS_MED_V_REF_S100,G1_D060_DENS_MED_V_REF,100,1.99804854393,6.26788725251,15.1037887285,0,0,3.99609708786,
G1_D060_DENS_MED_V_REF_S100,G1_D060_DENS_MED_V_REF,100,2.00704240799,5.38200547049,13.8208738656,0,0,4.01408481598,
G1_D060_DENS_MED_V_REF_S100,G1_D060_DENS_MED_V_REF,100,2.01603603363,6.26635545526,14.0403031036,0,0,4.03207206726,
G1_D060_DENS_MED_V_REF_S100,G1_D060_DENS_MED_V_REF,100,2.02502989769,6.56324349366,14.0976011227,0,0,4.05005979538,
G1_D060_DENS_MED_V_REF_S100,G1_D060_DENS_MED_V_REF,100,2.03402376175,6.6915910928,15.3761589345,0,0,4.0680475235,
G1_D060_DENS_MED_V_REF_S100,G1_D060_DENS_MED_V_REF,100,2.04301738739,5.72996953533,13.0929990265,0,0,4.08603477478,
G1_D060_DENS_MED_V_REF_S100,G1_D060_DENS_MED_V_REF,100,2.05201125145,6.12890255623,14.4250614873,0,0,4.1040225029,
G1_D060_DENS_MED_V_REF_S100,G1_D060_DENS_MED_V_REF,100,2.06100511551,7.47983763784,15.736721698,0,0,4.12201023102,
G1_D060_DENS_MED_V_REF_S100,G1_D060_DENS_MED_V_REF,100,2.07008886337,6.0792335555,12.5266016022,0,0,4.14017772675,
G1_D060_DENS_MED_V_REF_S100,G1_D060_DENS_MED_V_REF,100,2.07908248901,5.5496224277,12.880056884,0,0,4.15816497803,
G1_D060_DENS_MED_V_REF_S100,G1_D060_DENS_MED_V_REF,100,2.08807635307,6.68757077262,14.349479797,0,0,4.17615270615,
G1_D060_DENS_MED_V_REF_S100,G1_D060_DENS_MED_V_REF,100,2.09707021713,7.20417932496,17.7177350951,0,0,4.19414043427,
G1_D060_DENS_MED_V_REF_S100,G1_D060_DENS_MED_V_REF,100,2.10606384277,6.8859367895,14.20989996,0,0,4.21212768555,
G1_D060_DENS_MED_V_REF_S100,G1_D060_DENS_MED_V_REF,100,2.11505770683,6.1991834691,13.4317528113,0,0,4.23011541367,
G1_D060_DENS_MED_V_REF_S100,G1_D060_DENS_MED_V_REF,100,2.12405133247,6.13989583508,13.130304734,0,0,4.24810266495,
G1_D060_DENS_MED_V_REF_S100,G1_D060_DENS_MED_V_REF,100,2.13304519653,6.37434932003,14.4976012281,0,0,4.26609039307,
G1_D060_DENS_MED_V_REF_S100,G1_D060_DENS_MED_V_REF,100,2.14203906059,7.39444555374,14.672674687,0,0,4.28407812119,
G1_D060_DENS_MED_V_REF_S100,G1_D060_DENS_MED_V_REF,100,2.15103268623,6.03106613055,11.7891180483,0,0,4.30206537247,
G1_D060_DENS_MED_V_REF_S100,G1_D060_DENS_MED_V_REF,100,2.16002655029,6.14290762133,12.2372053239,0,0,4.32005310059,
G1_D060_DENS_MED_V_REF_S100,G1_D060_DENS_MED_V_REF,100,2.16902041435,6.39014954098,16.4108128946,0,0,4.3380408287,
G1_D060_DENS_MED_V_REF_S100,G1_D060_DENS_MED_V_REF,100,2.17801403999,7.30222168844,15.3397268721,0,0,4.35602807999,
G1_D060_DENS_MED_V_REF_S100,G1_D060_DENS_MED_V_REF,100,2.18700790405,6.3884990165,14.7539705259,0,0,4.37401580811,
G1_D060_DENS_MED_V_REF_S100,G1_D060_DENS_MED_V_REF,100,2.19600152969,6.68624707184,14.5308558529,0,0,4.39200305939,
G1_D060_DENS_MED_V_REF_S100,G1_D060_DENS_MED_V_REF,100,2.20508527756,7.04771582044,15.3423305804,0,0,4.41017055511,
G1_D060_DENS_MED_V_REF_S100,G1_D060_DENS_MED_V_REF,100,2.21407914162,6.21136790596,13.4040828023,0,0,4.42815828323,
G1_D060_DENS_MED_V_REF_S100,G1_D060_DENS_MED_V_REF,100,2.22307300568,7.1056689603,14.4115838613,0,0,4.44614601135,
G1_D060_DENS_MED_V_REF_S100,G1_D060_DENS_MED_V_REF,100,2.23206663132,6.23231441305,12.3042261819,0,0,4.46413326263,
G1_D060_DENS_MED_V_REF_S100,G1_D060_DENS_MED_V_REF,100,2.24106049538,6.76230676323,15.1629732148,0,0,4.48212099075,
G1_D060_DENS_MED_V_REF_S100,G1_D060_DENS_MED_V_REF,100,2.25005435944,7.63687621393,16.3165672689,0,0,4.50010871887,
G1_D060_DENS_MED_V_REF_S100,G1_D060_DENS_MED_V_REF,100,2.25904798508,6.59388116559,13.4273069971,0,0,4.51809597015,
G1_D060_DENS_MED_V_REF_S100,G1_D060_DENS_MED_V_REF,100,2.26804184914,6.36462361636,13.7785657975,0,0,4.53608369827,
G1_D060_DENS_MED_V_REF_S100,G1_D060_DENS_MED_V_REF,100,2.27703547478,7.18359806603,14.7832733598,0,0,4.55407094955,
G1_D060_DENS_MED_V_REF_S100,G1_D060_DENS_MED_V_REF,100,2.28602933884,7.48349789068,15.8695820663,0,0,4.57205867767,
G1_D060_DENS_MED_V_REF_S100,G1_D060_DENS_MED_V_REF,100,2.2950232029,7.01411428489,13.1477200995,0,0,4.59004640579,
G1_D060_DENS_MED_V_REF_S100,G1_D060_DENS_MED_V_REF,100,2.30401682854,6.01161170105,12.6851883459,0,0,4.60803365707,
G1_D060_DENS_MED_V_REF_S100,G1_D060_DENS_MED_V_REF,100,2.3130106926,7.76268995793,15.5743578441,0,0,4.62602138519,
G1_D060_DENS_MED_V_REF_S100,G1_D060_DENS_MED_V_REF,100,2.32200455666,6.77031372823,12.3921983526,0,0,4.64400911331,
G1_D060_DENS_MED_V_REF_S100,G1_D060_DENS_MED_V_REF,100,2.33108830452,6.60987005492,13.4546484636,0,0,4.66217660904,
G1_D060_DENS_MED_V_REF_S100,G1_D060_DENS_MED_V_REF,100,2.34008193016,7.10430510812,13.1449940477,0,0,4.68016386032,
G1_D060_DENS_MED_V_REF_S100,G1_D060_DENS_MED_V_REF,100,2.34907579422,7.01786218002,13.5704074079,0,0,4.69815158844,
G1_D060_DENS_MED_V_REF_S100,G1_D060_DENS_MED_V_REF,100,2.35806965828,7.15302860829,12.7001067908,0,0,4.71613931656,
G1_D060_DENS_MED_V_REF_S100,G1_D060_DENS_MED_V_REF,100,2.36706328392,7.3924043087,12.6051777182,0,0,4.73412656784,
G1_D060_DENS_MED_V_REF_S100,G1_D060_DENS_MED_V_REF,100,2.37605714798,6.7807025775,12.0343054084,0,0,4.75211429596,
G1_D060_DENS_MED_V_REF_S100,G1_D060_DENS_MED_V_REF,100,2.38505077362,6.36393197622,11.8999741716,0,0,4.77010154724,
G1_D060_DENS_MED_V_REF_S100,G1_D060_DENS_MED_V_REF,100,2.39404463768,6.00630610454,11.9894396706,0,0,4.78808927536,
G1_D060_DENS_MED_V_REF_S100,G1_D060_DENS_MED_V_REF,100,2.40303850174,7.63482201683,15.1026736597,0,0,4.80607700348,
G1_D060_DENS_MED_V_REF_S100,G1_D060_DENS_MED_V_REF,100,2.41203212738,6.95303840279,14.173675796,0,0,4.82406425476,
G1_D060_DENS_MED_V_REF_S100,G1_D060_DENS_MED_V_REF,100,2.42102599144,6.79406176642,14.7561915707,0,0,4.84205198288,
G1_D060_DENS_MED_V_REF_S100,G1_D060_DENS_MED_V_REF,100,2.4300198555,8.02024344621,16.3614075971,0,0,4.860039711,
G1_D060_DENS_MED_V_REF_S100,G1_D060_DENS_MED_V_REF,100,2.43901348114,7.11285001544,12.251326599,0,0,4.87802696228,
G1_D060_DENS_MED_V_REF_S100,G1_D060_DENS_MED_V_REF,100,2.4480073452,7.26279474694,13.5729612911,0,0,4.8960146904,
G1_D060_DENS_MED_V_REF_S100,G1_D060_DENS_MED_V_REF,100,2.45700120926,7.50251583568,12.8471228832,0,0,4.91400241852,
G1_D060_DENS_MED_V_REF_S100,G1_D060_DENS_MED_V_REF,100,2.46608495712,8.68361527179,18.907465659,0,0,4.93216991425,
G1_D060_DENS_MED_V_REF_S100,G1_D060_DENS_MED_V_REF,100,2.47507858276,7.04295982312,13.1687990452,0,0,4.95015716553,
G1_D060_DENS_MED_V_REF_S100,G1_D060_DENS_MED_V_REF,100,2.48407244682,7.06553872181,13.8709678513,0,0,4.96814489365,
G1_D060_DENS_MED_V_REF_S100,G1_D060_DENS_MED_V_REF,100,2.49306607246,7.85801886433,21.7164074142,0,0,4.98613214493,
G1_D060_DENS_MED_V_REF_S100,G1_D060_DENS_MED_V_REF,100,2.50205993652,8.41039496879,15.8067994986,0,0,5.00411987305,
G1_D060_DENS_MED_V_REF_S100,G1_D060_DENS_MED_V_REF,100,2.51105380058,8.1373404522,13.3414103701,0,0,5.02210760117,
G1_D060_DENS_MED_V_REF_S100,G1_D060_DENS_MED_V_REF,100,2.52004742622,7.80228700318,14.6018231946,0,0,5.04009485245,
G1_D060_DENS_MED_V_REF_S100,G1_D060_DENS_MED_V_REF,100,2.52904129028,7.51732436039,13.7231477094,0,0,5.05808258057,
G1_D060_DENS_MED_V_REF_S100,G1_D060_DENS_MED_V_REF,100,2.53803515434,8.02156023923,15.4077285178,0,0,5.07607030869,
G1_D060_DENS_MED_V_REF_S100,G1_D060_DENS_MED_V_REF,100,2.54702877998,7.73822005812,14.714118142,0,0,5.09405755997,
G1_D060_DENS_MED_V_REF_S100,G1_D060_DENS_MED_V_REF,100,2.55602264404,7.28812639064,15.6572977895,0,0,5.11204528809,
G1_D060_DENS_MED_V_REF_S100,G1_D060_DENS_MED_V_REF,100,2.5650165081,7.68474617319,16.8487637532,0,0,5.1300330162,
G1_D060_DENS_MED_V_REF_S100,G1_D060_DENS_MED_V_REF,100,2.57401013374,8.13758481444,14.8797002682,0,0,5.14802026749,
G1_D060_DENS_MED_V_REF_S100,G1_D060_DENS_MED_V_REF,100,2.5830039978,7.45511819497,13.2349530567,0,0,5.16600799561,
G1_D060_DENS_MED_V_REF_S100,G1_D060_DENS_MED_V_REF,100,2.59208774567,7.53678958327,12.8992055374,0,0,5.18417549133,
G1_D060_DENS_MED_V_REF_S100,G1_D060_DENS_MED_V_REF,100,2.60108137131,8.29577353367,13.4201947051,0,0,5.20216274261,
G1_D060_DENS_MED_V_REF_S100,G1_D060_DENS_MED_V_REF,100,2.61007523537,7.95873237481,13.1976223057,0,0,5.22015047073,
G1_D060_DENS_MED_V_REF_S100,G1_D060_DENS_MED_V_REF,100,2.61906909943,7.52047430197,12.7159345781,0,0,5.23813819885,
G1_D060_DENS_MED_V_REF_S100,G1_D060_DENS_MED_V_REF,100,2.62806272507,7.82441776051,13.6364592764,0,0,5.25612545013,
G1_D060_DENS_MED_V_REF_S100,G1_D060_DENS_MED_V_REF,100,2.63705658913,8.29631924724,12.9828362903,0,0,5.27411317825,
G1_D060_DENS_MED_V_REF_S100,G1_D060_DENS_MED_V_REF,100,2.64605045319,8.24454121901,13.2709056612,0,0,5.29210090637,
G1_D060_DENS_MED_V_REF_S100,G1_D060_DENS_MED_V_REF,100,2.65504407883,7.76503859858,13.1211650565,0,0,5.31008815765,
G1_D060_DENS_MED_V_REF_S100,G1_D060_DENS_MED_V_REF,100,2.66403794289,7.11320187981,12.2577260911,0,0,5.32807588577,
G1_D060_DENS_MED_V_REF_S100,G1_D060_DENS_MED_V_REF,100,2.67303180695,7.02092145717,12.2043533715,0,0,5.34606361389,
G1_D060_DENS_MED_V_REF_S100,G1_D060_DENS_MED_V_REF,100,2.68202543259,8.19698297273,13.4693048827,0,0,5.36405086517,
G1_D060_DENS_MED_V_REF_S100,G1_D060_DENS_MED_V_REF,100,2.69101929665,8.26431470098,14.3340995615,0,0,5.38203859329,
G1_D060_DENS_MED_V_REF_S100,G1_D060_DENS_MED_V_REF,100,2.70001316071,9.16289425327,13.9511980689,0,0,5.40002632141,
G1_D060_DENS_MED_V_REF_S100,G1_D060_DENS_MED_V_REF,100,2.70900678635,8.60905370228,12.6028654359,0,0,5.41801357269,
G1_D060_DENS_MED_V_REF_S100,G1_D060_DENS_MED_V_REF,100,2.71800065041,8.00580535049,13.2897412074,0,0,5.43600130081,
G1_D060_DENS_MED_V_REF_S100,G1_D060_DENS_MED_V_REF,100,2.72708439827,8.58945550489,12.9394006653,0,0,5.45416879654,
G1_D060_DENS_MED_V_REF_S100,G1_D060_DENS_MED_V_REF,100,2.73607826233,7.74076557012,12.1835750456,0,0,5.47215652466,
G1_D060_DENS_MED_V_REF_S100,G1_D060_DENS_MED_V_REF,100,2.74507188797,8.52155215894,14.5031948885,0,0,5.49014377594,
G1_D060_DENS_MED_V_REF_S100,G1_D060_DENS_MED_V_REF,100,2.75406575203,9.16748619114,13.9378429736,0,0,5.50813150406,
G1_D060_DENS_MED_V_REF_S100,G1_D060_DENS_MED_V_REF,100,2.76305961609,8.19263626058,15.2641397157,0,0,5.52611923218,
G1_D060_DENS_MED_V_REF_S100,G1_D060_DENS_MED_V_REF,100,2.77205324173,8.00447819583,13.8755079141,0,0,5.54410648346,
G1_D060_DENS_MED_V_REF_S100,G1_D060_DENS_MED_V_REF,100,2.78104567528,7.8764781437,13.4112712807,0,0,5.56209135056,
G1_D060_DENS_MED_V_REF_S100,G1_D060_DENS_MED_V_REF,100,2.79003930092,8.77082237157,14.7828533659,0,0,5.58007860184,
G1_D060_DENS_MED_V_REF_S100,G1_D060_DENS_MED_V_REF,100,2.79903316498,8.85206806876,14.7780980464,0,0,5.59806632996,
G1_D060_DENS_MED_V_REF_S100,G1_D060_DENS_MED_V_REF,100,2.80802702904,8.76722342516,14.7639578956,0,0,5.61605405807,
G1_D060_DENS_MED_V_REF_S100,G1_D060_DENS_MED_V_REF,100,2.81702065468,8.50549764583,15.8105269098,0,0,5.63404130936,
G1_D060_DENS_MED_V_REF_S100,G1_D060_DENS_MED_V_REF,100,2.82601451874,7.84539578429,10.6426543881,0,0,5.65202903748,
G1_D060_DENS_MED_V_REF_S100,G1_D060_DENS_MED_V_REF,100,2.8350083828,8.41984652048,13.87006594,0,0,5.67001676559,
G1_D060_DENS_MED_V_REF_S100,G1_D060_DENS_MED_V_REF,100,2.84400200844,8.34118087413,13.180175815,0,0,5.68800401688,
G1_D060_DENS_MED_V_REF_S100,G1_D060_DENS_MED_V_REF,100,2.8530857563,8.97563592513,15.3904863914,0,0,5.7061715126,
G1_D060_DENS_MED_V_REF_S100,G1_D060_DENS_MED_V_REF,100,2.86207962036,8.72169174491,14.4132133933,0,0,5.72415924072,
G1_D060_DENS_MED_V_REF_S100,G1_D060_DENS_MED_V_REF,100,2.871073246,8.75471173286,14.7052331463,0,0,5.742146492,
G1_D060_DENS_MED_V_REF_S100,G1_D060_DENS_MED_V_REF,100,2.88006711006,7.86730549309,13.4461929603,0,0,5.76013422012,
G1_D060_DENS_MED_V_REF_S100,G1_D060_DENS_MED_V_REF,100,2.88906097412,8.21277499071,11.8976195226,0,0,5.77812194824,
G1_D060_DENS_MED_V_REF_S100,G1_D060_DENS_MED_V_REF,100,2.89805459976,9.27233745383,15.4692666585,0,0,5.79610919952,
G1_D060_DENS_MED_V_REF_S100,G1_D060_DENS_MED_V_REF,100,2.90704846382,8.39854469514,12.5399086116,0,0,5.81409692764,
G1_D060_DENS_MED_V_REF_S100,G1_D060_DENS_MED_V_REF,100,2.91604232788,8.45578331289,13.362239193,0,0,5.83208465576,
G1_D060_DENS_MED_V_REF_S100,G1_D060_DENS_MED_V_REF,100,2.92503595352,8.42711521791,12.8285391132,0,0,5.85007190704,
G1_D060_DENS_MED_V_REF_S100,G1_D060_DENS_MED_V_REF,100,2.93402981758,8.65611113549,13.1679590939,0,0,5.86805963516,
G1_D060_DENS_MED_V_REF_S100,G1_D060_DENS_MED_V_REF,100,2.94302368164,9.06486354665,13.1826965919,0,0,5.88604736328,
G1_D060_DENS_MED_V_REF_S100,G1_D060_DENS_MED_V_REF,100,2.95201730728,8.98583437908,13.1742477553,0,0,5.90403461456,
G1_D060_DENS_MED_V_REF_S100,G1_D060_DENS_MED_V_REF,100,2.96101117134,8.4359986058,13.7764072004,0,0,5.92202234268,
G1_D060_DENS_MED_V_REF_S100,G1_D060_DENS_MED_V_REF,100,2.9700050354,9.19273839551,14.1840433532,0,0,5.9400100708,
G1_D060_DENS_MED_V_REF_S100,G1_D060_DENS_MED_V_REF,100,2.97908854485,8.88567262646,13.0163203659,0,0,5.95817708969,
G1_D060_DENS_MED_V_REF_S100,G1_D060_DENS_MED_V_REF,100,2.98808240891,8.95236884019,12.8301989999,0,0,5.97616481781,
G1_D060_DENS_MED_V_REF_S100,G1_D060_DENS_MED_V_REF,100,2.99707627296,7.84100244471,12.0505121177,0,0,5.99415254593,
G1_D060_DENS_MED_V_REF_S100,G1_D060_DENS_MED_V_REF,100,3.00606989861,7.77917361604,12.3122640069,0,0,6.01213979721,
G1_D060_DENS_MED_V_REF_S100,G1_D060_DENS_MED_V_REF,100,3.01506376266,9.04614004521,13.1175212015,0,0,6.03012752533,
G1_D060_DENS_MED_V_REF_S100,G1_D060_DENS_MED_V_REF,100,3.02405762672,8.9772350731,15.0659484175,0,0,6.04811525345,
G1_D060_DENS_MED_V_REF_S100,G1_D060_DENS_MED_V_REF,100,3.03305125237,8.83765846757,13.3528961923,0,0,6.06610250473,
G1_D060_DENS_MED_V_REF_S100,G1_D060_DENS_MED_V_REF,100,3.04204511642,9.11582559495,13.2915628848,0,0,6.08409023285,
G1_D060_DENS_MED_V_REF_S100,G1_D060_DENS_MED_V_REF,100,3.05103898048,9.83085283589,15.337519042,0,0,6.10207796097,
G1_D060_DENS_MED_V_REF_S100,G1_D060_DENS_MED_V_REF,100,3.06003260612,8.89998724585,13.8759950181,0,0,6.12006521225,
G1_D060_DENS_MED_V_REF_S100,G1_D060_DENS_MED_V_REF,100,3.06902647018,8.69130016216,12.1426740399,0,0,6.13805294037,
G1_D060_DENS_MED_V_REF_S100,G1_D060_DENS_MED_V_REF,100,3.07802033424,8.72182730983,13.3593192687,0,0,6.15604066849,
G1_D060_DENS_MED_V_REF_S100,G1_D060_DENS_MED_V_REF,100,3.08701395988,9.34243315221,13.7018470489,0,0,6.17402791977,
G1_D060_DENS_MED_V_REF_S100,G1_D060_DENS_MED_V_REF,100,3.09600782394,8.82803335825,13.8119986053,0,0,6.19201564789,
G1_D060_DENS_MED_V_REF_S100,G1_D060_DENS_MED_V_REF,100,3.10500144958,8.44851461545,13.7864654978,0,0,6.21000289917,
G1_D060_DENS_MED_V_REF_S100,G1_D060_DENS_MED_V_REF,100,3.11408519745,8.3392933269,13.1070277106,0,0,6.2281703949,
G1_D060_DENS_MED_V_REF_S100,G1_D060_DENS_MED_V_REF,100,3.12307906151,9.06389386891,13.0223394833,0,0,6.24615812302,
G1_D060_DENS_MED_V_REF_S100,G1_D060_DENS_MED_V_REF,100,3.13207292557,9.41255389124,13.3498158276,0,0,6.26414585114,
G1_D060_DENS_MED_V_REF_S100,G1_D060_DENS_MED_V_REF,100,3.14106655121,9.06731666728,14.1512561433,0,0,6.28213310242,
G1_D060_DENS_MED_V_REF_S100,G1_D060_DENS_MED_V_REF,100,3.15006041527,9.07379097155,13.5853954298,0,0,6.30012083054,
G1_D060_DENS_MED_V_REF_S100,G1_D060_DENS_MED_V_REF,100,3.15905427933,9.39225541901,13.9906904974,0,0,6.31810855865,
G1_D060_DENS_MED_V_REF_S100,G1_D060_DENS_MED_V_REF,100,3.16804790497,9.12639965871,12.5983348895,0,0,6.33609580994,
G1_D060_DENS_MED_V_REF_S100,G1_D060_DENS_MED_V_REF,100,3.17704176903,8.92869333354,13.1371417583,0,0,6.35408353806,
G1_D060_DENS_MED_V_REF_S100,G1_D060_DENS_MED_V_REF,100,3.18603539467,8.44671773266,11.0283772225,0,0,6.37207078934,
G1_D060_DENS_MED_V_REF_S100,G1_D060_DENS_MED_V_REF,100,3.19502925873,9.14440734284,13.0018386972,0,0,6.39005851746,
G1_D060_DENS_MED_V_REF_S100,G1_D060_DENS_MED_V_REF,100,3.20402312279,8.58187941184,12.004779165,0,0,6.40804624557,
G1_D060_DENS_MED_V_REF_S100,G1_D060_DENS_MED_V_REF,100,3.21301674843,9.28310234465,11.8964997897,0,0,6.42603349686,
G1_D060_DENS_MED_V_REF_S100,G1_D060_DENS_MED_V_REF,100,3.22201061249,9.39571707356,12.863440683,0,0,6.44402122498,
G1_D060_DENS_MED_V_REF_S100,G1_D060_DENS_MED_V_REF,100,3.23100447655,9.93230375046,13.8100710776,0,0,6.46200895309,
G1_D060_DENS_MED_V_REF_S100,G1_D060_DENS_MED_V_REF,100,3.24008798599,9.63349017211,13.5815775828,0,0,6.48017597198,
G1_D060_DENS_MED_V_REF_S100,G1_D060_DENS_MED_V_REF,100,3.24908185005,8.99004725325,21.3806893469,0,0,6.4981637001,
G1_D060_DENS_MED_V_REF_S100,G1_D060_DENS_MED_V_REF,100,3.25807571411,9.23633849152,13.1670936612,0,0,6.51615142822,
G1_D060_DENS_MED_V_REF_S100,G1_D060_DENS_MED_V_REF,100,3.26706933975,9.63669537582,13.4486555375,0,0,6.5341386795,
G1_D060_DENS_MED_V_REF_S100,G1_D060_DENS_MED_V_REF,100,3.27606320381,9.50622838753,13.7142758875,0,0,6.55212640762,
G1_D060_DENS_MED_V_REF_S100,G1_D060_DENS_MED_V_REF,100,3.28505706787,8.9621096546,12.9995258621,0,0,6.57011413574,
G1_D060_DENS_MED_V_REF_S100,G1_D060_DENS_MED_V_REF,100,3.29405069351,9.82515565536,13.5717863448,0,0,6.58810138702,
G1_D060_DENS_MED_V_REF_S100,G1_D060_DENS_MED_V_REF,100,3.30304455757,9.11048071052,12.2042021959,0,0,6.60608911514,
G1_D060_DENS_MED_V_REF_S100,G1_D060_DENS_MED_V_REF,100,3.31203842163,8.66876789089,12.06561345,0,0,6.62407684326,
G1_D060_DENS_MED_V_REF_S100,G1_D060_DENS_MED_V_REF,100,3.32103204727,10.2218142941,14.7072606094,0,0,6.64206409454,
G1_D060_DENS_MED_V_REF_S100,G1_D060_DENS_MED_V_REF,100,3.33002591133,9.36467443381,13.3276949403,0,0,6.66005182266,
G1_D060_DENS_MED_V_REF_S100,G1_D060_DENS_MED_V_REF,100,3.33901953697,9.47036153626,13.2613843022,0,0,6.67803907394,
G1_D060_DENS_MED_V_REF_S100,G1_D060_DENS_MED_V_REF,100,3.34801340103,9.04481030013,11.970244409,0,0,6.69602680206,
G1_D060_DENS_MED_V_REF_S100,G1_D060_DENS_MED_V_REF,100,3.35700726509,8.98270602427,13.372821185,0,0,6.71401453018,
G1_D060_DENS_MED_V_REF_S100,G1_D060_DENS_MED_V_REF,100,3.36600089073,8.65008497258,12.0195653429,0,0,6.73200178146,
G1_D060_DENS_MED_V_REF_S100,G1_D060_DENS_MED_V_REF,100,3.3750846386,9.86271749987,12.1764502048,0,0,6.75016927719,
G1_D060_DENS_MED_V_REF_S100,G1_D060_DENS_MED_V_REF,100,3.38407850266,9.93775397833,14.4024973331,0,0,6.76815700531,
G1_D060_DENS_MED_V_REF_S100,G1_D060_DENS_MED_V_REF,100,3.3930721283,9.02811250125,20.6708379666,0,0,6.78614425659,
G1_D060_DENS_MED_V_REF_S100,G1_D060_DENS_MED_V_REF,100,3.40206599236,8.90831110464,12.1149343506,0,0,6.80413198471,
G1_D060_DENS_MED_V_REF_S100,G1_D060_DENS_MED_V_REF,100,3.41105985641,9.80253790048,12.6674743025,0,0,6.82211971283,
G1_D060_DENS_MED_V_REF_S100,G1_D060_DENS_MED_V_REF,100,3.42005348206,9.25601267435,11.7440764644,0,0,6.84010696411,
G1_D060_DENS_MED_V_REF_S100,G1_D060_DENS_MED_V_REF,100,3.42904734612,9.31778624088,12.1239654063,0,0,6.85809469223,
G1_D060_DENS_MED_V_REF_S100,G1_D060_DENS_MED_V_REF,100,3.43804121017,9.45930910966,12.2199153364,0,0,6.87608242035,
G1_D060_DENS_MED_V_REF_S100,G1_D060_DENS_MED_V_REF,100,3.44703483582,10.552904412,14.5913834654,0,0,6.89406967163,
G1_D060_DENS_MED_V_REF_S100,G1_D060_DENS_MED_V_REF,100,3.45602869987,10.4311679773,13.0597027843,0,0,6.91205739975,
G1_D060_DENS_MED_V_REF_S100,G1_D060_DENS_MED_V_REF,100,3.46502232552,10.5425971607,14.2431247061,0,0,6.93004465103,
G1_D060_DENS_MED_V_REF_S100,G1_D060_DENS_MED_V_REF,100,3.47401618958,10.0158151951,14.7858379275,0,0,6.94803237915,
G1_D060_DENS_MED_V_REF_S100,G1_D060_DENS_MED_V_REF,100,3.48301005363,10.8803904027,13.9800501931,0,0,6.96602010727,
G1_D060_DENS_MED_V_REF_S100,G1_D060_DENS_MED_V_REF,100,3.49200367928,8.93811552722,12.3641553039,0,0,6.98400735855,
G1_D060_DENS_MED_V_REF_S100,G1_D060_DENS_MED_V_REF,100,3.50108742714,9.41521251792,13.1157351642,0,0,7.00217485428,
G1_D060_DENS_MED_V_REF_S100,G1_D060_DENS_MED_V_REF,100,3.5100812912,9.73499634881,12.5289459984,0,0,7.0201625824,
G1_D060_DENS_MED_V_REF_S100,G1_D060_DENS_MED_V_REF,100,3.51907491684,10.9361593931,13.5806133728,0,0,7.03814983368,
G1_D060_DENS_MED_V_REF_S100,G1_D060_DENS_MED_V_REF,100,3.5280687809,9.88222589629,13.4925206813,0,0,7.0561375618,
G1_D060_DENS_MED_V_REF_S100,G1_D060_DENS_MED_V_REF,100,3.53706264496,10.6323402743,14.4383460711,0,0,7.07412528992,
G1_D060_DENS_MED_V_REF_S100,G1_D060_DENS_MED_V_REF,100,3.5460562706,10.3929308986,13.4598353622,0,0,7.0921125412,
G1_D060_DENS_MED_V_REF_S100,G1_D060_DENS_MED_V_REF,100,3.55505013466,10.607872965,13.7856672782,0,0,7.11010026932,
G1_D060_DENS_MED_V_REF_S100,G1_D060_DENS_MED_V_REF,100,3.5640437603,10.187317771,12.921483777,0,0,7.1280875206,
G1_D060_DENS_MED_V_REF_S100,G1_D060_DENS_MED_V_REF,100,3.57303762436,10.3966688638,13.2632521169,0,0,7.14607524872,
G1_D060_DENS_MED_V_REF_S100,G1_D060_DENS_MED_V_REF,100,3.58203148842,11.12401697,13.527673214,0,0,7.16406297684,
G1_D060_DENS_MED_V_REF_S100,G1_D060_DENS_MED_V_REF,100,3.59102511406,9.36689873466,14.2872810086,0,0,7.18205022812,
G1_D060_DENS_MED_V_REF_S100,G1_D060_DENS_MED_V_REF,100,3.60001897812,10.9356905284,14.1099800009,0,0,7.20003795624,
G1_D060_DENS_MED_V_REF_S100,G1_D060_DENS_MED_V_REF,100,3.60901260376,10.5443076964,13.3938221996,0,0,7.21802520752,
G1_D060_DENS_MED_V_REF_S100,G1_D060_DENS_MED_V_REF,100,3.61800646782,9.18410368723,17.5009720871,0,0,7.23601293564,
G1_D060_DENS_MED_V_REF_S100,G1_D060_DENS_MED_V_REF,100,3.62700033188,9.26065814741,11.7870307868,0,0,7.25400066376,
G1_D060_DENS_MED_V_REF_S100,G1_D060_DENS_MED_V_REF,100,3.63608407974,8.79883509219,11.3531844185,0,0,7.27216815948,
G1_D060_DENS_MED_V_REF_S100,G1_D060_DENS_MED_V_REF,100,3.64507770538,10.1693100869,12.4959065336,0,0,7.29015541077,
G1_D060_DENS_MED_V_REF_S100,G1_D060_DENS_MED_V_REF,100,3.65407156944,9.97910127894,12.0743715533,0,0,7.30814313889,
G1_D060_DENS_MED_V_REF_S100,G1_D060_DENS_MED_V_REF,100,3.66306519508,10.229705554,13.0020962753,0,0,7.32613039017,
G1_D060_DENS_MED_V_REF_S100,G1_D060_DENS_MED_V_REF,100,3.67205905914,9.62815133198,10.5315369993,0,0,7.34411811829,
G1_D060_DENS_MED_V_REF_S100,G1_D060_DENS_MED_V_REF,100,3.6810529232,10.578005509,13.6909837715,0,0,7.36210584641,
G1_D060_DENS_MED_V_REF_S100,G1_D060_DENS_MED_V_REF,100,3.69004654884,9.56844146072,12.02040434,0,0,7.38009309769,
G1_D060_DENS_MED_V_REF_S100,G1_D060_DENS_MED_V_REF,100,3.6990404129,10.828389599,13.3404785494,0,0,7.39808082581,
G1_D060_DENS_MED_V_REF_S100,G1_D060_DENS_MED_V_REF,100,3.70803403854,10.2284500674,13.1150500833,0,0,7.41606807709,
G1_D060_DENS_MED_V_REF_S100,G1_D060_DENS_MED_V_REF,100,3.7170279026,11.301777119,19.6923031749,0,0,7.43405580521,
G1_D060_DENS_MED_V_REF_S100,G1_D060_DENS_MED_V_REF,100,3.72602176666,9.70102740642,13.4244737886,0,0,7.45204353333,
G1_D060_DENS_MED_V_REF_S100,G1_D060_DENS_MED_V_REF,100,3.7350153923,9.93177098896,11.327797639,0,0,7.47003078461,
G1_D060_DENS_MED_V_REF_S100,G1_D060_DENS_MED_V_REF,100,3.74400925636,9.96832948036,13.3058145183,0,0,7.48801851273,
G1_D060_DENS_MED_V_REF_S100,G1_D060_DENS_MED_V_REF,100,3.753002882,10.4215161004,13.5622352594,0,0,7.50600576401,
G1_D060_DENS_MED_V_REF_S100,G1_D060_DENS_MED_V_REF,100,3.76208662987,10.5368533528,17.0499414654,0,0,7.52417325974,
G1_D060_DENS_MED_V_REF_S100,G1_D060_DENS_MED_V_REF,100,3.77108049393,10.4907690512,13.5466352012,0,0,7.54216098785,
G1_D060_DENS_MED_V_REF_S100,G1_D060_DENS_MED_V_REF,100,3.78007435799,10.2581836854,12.4226627006,0,0,7.56014871597,
G1_D060_DENS_MED_V_REF_S100,G1_D060_DENS_MED_V_REF,100,3.78906798363,11.0778610003,14.2099472321,0,0,7.57813596725,
G1_D060_DENS_MED_V_REF_S100,G1_D060_DENS_MED_V_REF,100,3.79806184769,11.0699852829,13.0489232631,0,0,7.59612369537,
G1_D060_DENS_MED_V_REF_S100,G1_D060_DENS_MED_V_REF,100,3.80705547333,9.75007427642,10.658459448,0,0,7.61411094666,
G1_D060_DENS_MED_V_REF_S100,G1_D060_DENS_MED_V_REF,100,3.81604933739,10.8622324746,14.3801460111,0,0,7.63209867477,
G1_D060_DENS_MED_V_REF_S100,G1_D060_DENS_MED_V_REF,100,3.82504320145,9.76820543687,12.5167539798,0,0,7.65008640289,
G1_D060_DENS_MED_V_REF_S100,G1_D060_DENS_MED_V_REF,100,3.83403682709,10.663991661,14.0035714526,0,0,7.66807365417,
G1_D060_DENS_MED_V_REF_S100,G1_D060_DENS_MED_V_REF,100,3.84303069115,10.7810221798,14.0267306101,0,0,7.68606138229,
G1_D060_DENS_MED_V_REF_S100,G1_D060_DENS_MED_V_REF,100,3.85202431679,10.3533778903,12.6874844985,0,0,7.70404863358,
G1_D060_DENS_MED_V_REF_S100,G1_D060_DENS_MED_V_REF,100,3.86101818085,10.4859457032,18.5903068905,0,0,7.72203636169,
G1_D060_DENS_MED_V_REF_S100,G1_D060_DENS_MED_V_REF,100,3.87001204491,11.0078361066,13.7371171346,0,0,7.74002408981,
G1_D060_DENS_MED_V_REF_S100,G1_D060_DENS_MED_V_REF,100,3.87900567055,10.2283421336,20.2529441255,0,0,7.75801134109,
G1_D060_DENS_MED_V_REF_S100,G1_D060_DENS_MED_V_REF,100,3.88808941841,10.4938326457,12.5854662168,0,0,7.77617883682,
G1_D060_DENS_MED_V_REF_S100,G1_D060_DENS_MED_V_REF,100,3.89708328247,10.5287280923,11.9646855825,0,0,7.79416656494,
G1_D060_DENS_MED_V_REF_S100,G1_D060_DENS_MED_V_REF,100,3.90607690811,10.8701565464,12.7030162775,0,0,7.81215381622,
G1_D060_DENS_MED_V_REF_S100,G1_D060_DENS_MED_V_REF,100,3.91507077217,10.6003607687,20.9020074536,0,0,7.83014154434,
G1_D060_DENS_MED_V_REF_S100,G1_D060_DENS_MED_V_REF,100,3.92406439781,10.6043240998,12.6929087983,0,0,7.84812879562,
G1_D060_DENS_MED_V_REF_S100,G1_D060_DENS_MED_V_REF,100,3.93305826187,10.9305710099,12.2208713759,0,0,7.86611652374,
G1_D060_DENS_MED_V_REF_S100,G1_D060_DENS_MED_V_REF,100,3.94205212593,11.9888823038,13.7669699021,0,0,7.88410425186,
G1_D060_DENS_MED_V_REF_S100,G1_D060_DENS_MED_V_REF,100,3.95104575157,11.9356519176,13.9842074865,0,0,7.90209150314,
G1_D060_DENS_MED_V_REF_S100,G1_D060_DENS_MED_V_REF,100,3.96003961563,10.1159165048,15.4782149226,0,0,7.92007923126,
G1_D060_DENS_MED_V_REF_S100,G1_D060_DENS_MED_V_REF,100,3.96903324127,10.682774742,12.3557783901,0,0,7.93806648254,
G1_D060_DENS_MED_V_REF_S100,G1_D060_DENS_MED_V_REF,100,3.97802710533,11.1279759837,16.930094045,0,0,7.95605421066,
G1_D060_DENS_MED_V_REF_S100,G1_D060_DENS_MED_V_REF,100,3.98702073097,10.9080646427,18.4117649391,0,0,7.97404146194,
G1_D060_DENS_MED_V_REF_S100,G1_D060_DENS_MED_V_REF,100,3.99601459503,11.9748698992,13.6245055992,0,0,7.99202919006,
G1_D060_DENS_MED_V_REF_S100,G1_D060_DENS_MED_V_REF,100,4.00500822067,10.9266473984,14.3076084839,0,0,8.01001644135,
G1_D060_DENS_MED_V_REF_S100,G1_D060_DENS_MED_V_REF,100,4.01400232315,10.1591953896,12.2300379653,0,0,8.0280046463,
G1_D060_DENS_MED_V_REF_S100,G1_D060_DENS_MED_V_REF,100,4.02308607101,11.3914209335,13.7505994833,0,0,8.04617214203,
G1_D060_DENS_MED_V_REF_S100,G1_D060_DENS_MED_V_REF,100,4.03207969666,11.3818787174,12.3200173753,0,0,8.06415939331,
G1_D060_DENS_MED_V_REF_S100,G1_D060_DENS_MED_V_REF,100,4.0410733223,11.2494283366,14.1154536422,0,0,8.08214664459,
G1_D060_DENS_MED_V_REF_S100,G1_D060_DENS_MED_V_REF,100,4.05006694794,11.3904814772,13.903115616,0,0,8.10013389587,
G1_D060_DENS_MED_V_REF_S100,G1_D060_DENS_MED_V_REF,100,4.05906105042,9.34848521925,10.7611873669,0,0,8.11812210083,
G1_D060_DENS_MED_V_REF_S100,G1_D060_DENS_MED_V_REF,100,4.06805467606,10.796805563,11.6505507074,0,0,8.13610935211,
G1_D060_DENS_MED_V_REF_S100,G1_D060_DENS_MED_V_REF,100,4.0770483017,10.9542292471,12.210388762,0,0,8.15409660339,
G1_D060_DENS_MED_V_REF_S100,G1_D060_DENS_MED_V_REF,100,4.08604240417,10.3522596956,13.0106491247,0,0,8.17208480835,
G1_D060_DENS_MED_V_REF_S100,G1_D060_DENS_MED_V_REF,100,4.09503602982,11.3789178759,12.1346314957,0,0,8.19007205963,
G1_D060_DENS_MED_V_REF_S100,G1_D060_DENS_MED_V_REF,100,4.10402965546,10.8753304636,10.9046192623,0,0,8.20805931091,
G1_D060_DENS_MED_V_REF_S100,G1_D060_DENS_MED_V_REF,100,4.1130232811,10.1594181651,11.4473182298,0,0,8.22604656219,
G1_D060_DENS_MED_V_REF_S100,G1_D060_DENS_MED_V_REF,100,4.12201738358,11.3168749065,11.8676875959,0,0,8.24403476715,
G1_D060_DENS_MED_V_REF_S100,G1_D060_DENS_MED_V_REF,100,4.13101100922,11.5376341758,13.7309004662,0,0,8.26202201843,
G1_D060_DENS_MED_V_REF_S100,G1_D060_DENS_MED_V_REF,100,4.14000463486,11.662153577,12.681957447,0,0,8.28000926971,
G1_D060_DENS_MED_V_REF_S100,G1_D060_DENS_MED_V_REF,100,4.14908838272,11.836260381,14.1858342044,0,0,8.29817676544,
G1_D060_DENS_MED_V_REF_S100,G1_D060_DENS_MED_V_REF,100,4.1580824852,11.3874886873,12.347802575,0,0,8.3161649704,
G1_D060_DENS_MED_V_REF_S100,G1_D060_DENS_MED_V_REF,100,4.16707611084,11.818040283,20.2691742657,0,0,8.33415222168,
G1_D060_DENS_MED_V_REF_S100,G1_D060_DENS_MED_V_REF,100,4.17606973648,11.5472670564,12.6929526601,0,0,8.35213947296,
G1_D060_DENS_MED_V_REF_S100,G1_D060_DENS_MED_V_REF,100,4.18506336212,10.8624699291,11.716497939,0,0,8.37012672424,
G1_D060_DENS_MED_V_REF_S100,G1_D060_DENS_MED_V_REF,100,4.1940574646,11.6078412619,14.2624111684,0,0,8.3881149292,
G1_D060_DENS_MED_V_REF_S100,G1_D060_DENS_MED_V_REF,100,4.20305109024,12.1495940848,12.5892832338,0,0,8.40610218048,
G1_D060_DENS_MED_V_REF_S100,G1_D060_DENS_MED_V_REF,100,4.21204471588,10.7514957948,11.9663201841,0,0,8.42408943176,
G1_D060_DENS_MED_V_REF_S100,G1_D060_DENS_MED_V_REF,100,4.22103881836,10.7958583355,11.477178274,0,0,8.44207763672,
G1_D060_DENS_MED_V_REF_S100,G1_D060_DENS_MED_V_REF,100,4.230032444,11.2904198872,13.2149359695,0,0,8.460064888,
G1_D060_DENS_MED_V_REF_S100,G1_D060_DENS_MED_V_REF,100,4.23902606964,10.6750311356,11.4551440229,0,0,8.47805213928,
G1_D060_DENS_MED_V_REF_S100,G1_D060_DENS_MED_V_REF,100,4.24801969528,11.8204087835,13.8090863837,0,0,8.49603939056,
G1_D060_DENS_MED_V_REF_S100,G1_D060_DENS_MED_V_REF,100,4.25701379776,12.1625841399,19.8170058263,0,0,8.51402759552,
G1_D060_DENS_MED_V_REF_S100,G1_D060_DENS_MED_V_REF,100,4.2660074234,11.2888854996,11.6484866,0,0,8.5320148468,
G1_D060_DENS_MED_V_REF_S100,G1_D060_DENS_MED_V_REF,100,4.27500104904,12.5297319362,14.5470504305,0,0,8.55000209808,
G1_D060_DENS_MED_V_REF_S100,G1_D060_DENS_MED_V_REF,100,4.28408479691,12.1108199272,13.7105460022,0,0,8.56816959381,
G1_D060_DENS_MED_V_REF_S100,G1_D060_DENS_MED_V_REF,100,4.29307889938,11.060955105,11.2889344368,0,0,8.58615779877,
G1_D060_DENS_MED_V_REF_S100,G1_D060_DENS_MED_V_REF,100,4.30207252502,10.9341604581,17.7368610247,0,0,8.60414505005,
G1_D060_DENS_MED_V_REF_S100,G1_D060_DENS_MED_V_REF,100,4.31106615067,12.8327696138,14.3672053653,0,0,8.62213230133,
G1_D060_DENS_MED_V_REF_S100,G1_D060_DENS_MED_V_REF,100,4.32005977631,11.3168567736,12.7280153798,0,0,8.64011955261,
G1_D060_DENS_MED_V_REF_S100,G1_D060_DENS_MED_V_REF,100,4.32905387878,11.2974658092,14.8671797019,0,0,8.65810775757,
G1_D060_DENS_MED_V_REF_S100,G1_D060_DENS_MED_V_REF,100,4.33804750443,12.3040362041,13.6799566927,0,0,8.67609500885,
G1_D060_DENS_MED_V_REF_S100,G1_D060_DENS_MED_V_REF,100,4.34704113007,9.7404431228,11.640061553,0,0,8.69408226013,
G1_D060_DENS_MED_V_REF_S100,G1_D060_DENS_MED_V_REF,100,4.35603523254,12.3994402324,14.6966576883,0,0,8.71207046509,
G1_D060_DENS_MED_V_REF_S100,G1_D060_DENS_MED_V_REF,100,4.36502885818,11.778392293,12.0569505065,0,0,8.73005771637,
G1_D060_DENS_MED_V_REF_S100,G1_D060_DENS_MED_V_REF,100,4.37402248383,11.3499976474,12.2414247862,0,0,8.74804496765,
G1_D060_DENS_MED_V_REF_S100,G1_D060_DENS_MED_V_REF,100,4.38301610947,10.9241545582,10.8811422751,0,0,8.76603221893,
G1_D060_DENS_MED_V_REF_S100,G1_D060_DENS_MED_V_REF,100,4.39201021194,11.2096896821,11.8568103609,0,0,8.78402042389,
G1_D060_DENS_MED_V_REF_S100,G1_D060_DENS_MED_V_REF,100,4.40100383759,11.5422028,12.2755669142,0,0,8.80200767517,
G1_D060_DENS_MED_V_REF_S100,G1_D060_DENS_MED_V_REF,100,4.41008758545,11.3956424424,12.1558822569,0,0,8.8201751709,
G1_D060_DENS_MED_V_REF_S100,G1_D060_DENS_MED_V_REF,100,4.41908121109,11.5704909678,12.979165493,0,0,8.83816242218,
G1_D060_DENS_MED_V_REF_S100,G1_D060_DENS_MED_V_REF,100,4.42807483673,11.3431321909,13.5558762476,0,0,8.85614967346,
G1_D060_DENS_MED_V_REF_S100,G1_D060_DENS_MED_V_REF,100,4.43706893921,10.5567304513,11.5863184697,0,0,8.87413787842,
G1_D060_DENS_MED_V_REF_S100,G1_D060_DENS_MED_V_REF,100,4.44606256485,11.3890334366,12.9234878434,0,0,8.8921251297,
G1_D060_DENS_MED_V_REF_S100,G1_D060_DENS_MED_V_REF,100,4.45505619049,11.8623674215,12.2554900977,0,0,8.91011238098,
G1_D060_DENS_MED_V_REF_S100,G1_D060_DENS_MED_V_REF,100,4.46405029297,11.6652845222,12.1440401693,0,0,8.92810058594,
G1_D060_DENS_MED_V_REF_S100,G1_D060_DENS_MED_V_REF,100,4.47304391861,12.1044129737,13.4772118055,0,0,8.94608783722,
G1_D060_DENS_MED_V_REF_S100,G1_D060_DENS_MED_V_REF,100,4.48203754425,11.9674380058,13.2137590632,0,0,8.9640750885,
G1_D060_DENS_MED_V_REF_S100,G1_D060_DENS_MED_V_REF,100,4.49103116989,11.7957756877,12.6111892568,0,0,8.98206233978,
G1_D060_DENS_MED_V_REF_S100,G1_D060_DENS_MED_V_REF,100,4.50002527237,11.7659401802,13.3694961748,0,0,9.00005054474,
G1_D060_DENS_MED_V_REF_S100,G1_D060_DENS_MED_V_REF,100,4.50901889801,12.2270690049,13.8053103661,0,0,9.01803779602,
G1_D060_DENS_MED_V_REF_S100,G1_D060_DENS_MED_V_REF,100,4.51801252365,11.0395911097,11.7863584704,0,0,9.0360250473,
G1_D060_DENS_MED_V_REF_S100,G1_D060_DENS_MED_V_REF,100,4.52700662613,11.6845520103,12.402132376,0,0,9.05401325226,
G1_D060_DENS_MED_V_REF_S100,G1_D060_DENS_MED_V_REF,100,4.53600025177,12.441012899,14.2576864924,0,0,9.07200050354,
G1_D060_DENS_MED_V_REF_S100,G1_D060_DENS_MED_V_REF,100,4.54508399963,12.9954345658,16.2604688412,0,0,9.09016799927,
G1_D060_DENS_MED_V_REF_S100,G1_D060_DENS_MED_V_REF,100,4.55407762527,11.967090027,14.1163697809,0,0,9.10815525055,
G1_D060_DENS_MED_V_REF_S100,G1_D060_DENS_MED_V_REF,100,4.56307125092,11.8362301595,13.8389928868,0,0,9.12614250183,
G1_D060_DENS_MED_V_REF_S100,G1_D060_DENS_MED_V_REF,100,4.57206535339,11.9185085678,12.0188470799,0,0,9.14413070679,
G1_D060_DENS_MED_V_REF_S100,G1_D060_DENS_MED_V_REF,100,4.58105897903,11.4964682041,11.5119090871,0,0,9.16211795807,
G1_D060_DENS_MED_V_REF_S100,G1_D060_DENS_MED_V_REF,100,4.59005260468,12.8311609676,12.8437794386,0,0,9.18010520935,
G1_D060_DENS_MED_V_REF_S100,G1_D060_DENS_MED_V_REF,100,4.59904623032,11.5456005577,11.8299251605,0,0,9.19809246063,
G1_D060_DENS_MED_V_REF_S100,G1_D060_DENS_MED_V_REF,100,4.60804033279,12.0197548398,12.467453446,0,0,9.21608066559,
G1_D060_DENS_MED_V_REF_S100,G1_D060_DENS_MED_V_REF,100,4.61703395844,11.4234660629,18.5461958567,0,0,9.23406791687,
G1_D060_DENS_MED_V_REF_S100,G1_D060_DENS_MED_V_REF,100,4.62602758408,12.1508521618,13.3720637686,0,0,9.25205516815,
G1_D060_DENS_MED_V_REF_S100,G1_D060_DENS_MED_V_REF,100,4.63502168655,12.6539283993,13.3478831843,0,0,9.27004337311,
G1_D060_DENS_MED_V_REF_S100,G1_D060_DENS_MED_V_REF,100,4.64401531219,12.275045171,13.6006962069,0,0,9.28803062439,
G1_D060_DENS_MED_V_REF_S100,G1_D060_DENS_MED_V_REF,100,4.65300893784,11.0875422353,10.9669248483,0,0,9.30601787567,
G1_D060_DENS_MED_V_REF_S100,G1_D060_DENS_MED_V_REF,100,4.66200256348,11.940316387,13.1708712771,0,0,9.32400512695,
G1_D060_DENS_MED_V_REF_S100,G1_D060_DENS_MED_V_REF,100,4.67108631134,11.6682246404,12.4156948125,0,0,9.34217262268,
G1_D060_DENS_MED_V_REF_S100,G1_D060_DENS_MED_V_REF,100,4.68008041382,11.3460645378,10.9978555766,0,0,9.36016082764,
G1_D060_DENS_MED_V_REF_S100,G1_D060_DENS_MED_V_REF,100,4.68907403946,12.180268886,13.1727096741,0,0,9.37814807892,
G1_D060_DENS_MED_V_REF_S100,G1_D060_DENS_MED_V_REF,100,4.6980676651,12.4820761177,12.9742506392,0,0,9.3961353302,
G1_D060_DENS_MED_V_REF_S100,G1_D060_DENS_MED_V_REF,100,4.70706129074,11.4443577396,14.2991284014,0,0,9.41412258148,
G1_D060_DENS_MED_V_REF_S100,G1_D060_DENS_MED_V_REF,100,4.71603393555,10.902299248,11.1162606879,0,0,9.43206787109,
G1_D060_DENS_MED_V_REF_S100,G1_D060_DENS_MED_V_REF,100,4.72502803802,12.8379590735,13.0777226229,0,0,9.45005607605,
G1_D060_DENS_MED_V_REF_S100,G1_D060_DENS_MED_V_REF,100,4.73402166367,12.0841671732,12.0797436082,0,0,9.46804332733,
G1_D060_DENS_MED_V_REF_S100,G1_D060_DENS_MED_V_REF,100,4.74301528931,11.7885786584,11.763182776,0,0,9.48603057861,
G1_D060_DENS_MED_V_REF_S100,G1_D060_DENS_MED_V_REF,100,4.75200891495,12.0674149756,11.8449933656,0,0,9.5040178299,
G1_D060_DENS_MED_V_REF_S100,G1_D060_DENS_MED_V_REF,100,4.76100301743,13.4636032681,14.4884647845,0,0,9.52200603485,
G1_D060_DENS_MED_V_REF_S100,G1_D060_DENS_MED_V_REF,100,4.77008676529,12.9515149856,13.9687709483,0,0,9.54017353058,
G1_D060_DENS_MED_V_REF_S100,G1_D060_DENS_MED_V_REF,100,4.77908039093,11.0564391525,12.2854251982,0,0,9.55816078186,
G1_D060_DENS_MED_V_REF_S100,G1_D060_DENS_MED_V_REF,100,4.78807401657,11.594769177,10.9955025922,0,0,9.57614803314,
G1_D060_DENS_MED_V_REF_S100,G1_D060_DENS_MED_V_REF,100,4.79706764221,12.4103942234,12.5953790986,0,0,9.59413528442,
G1_D060_DENS_MED_V_REF_S100,G1_D060_DENS_MED_V_REF,100,4.80606174469,12.5445931326,13.7297736372,0,0,9.61212348938,
G1_D060_DENS_MED_V_REF_S100,G1_D060_DENS_MED_V_REF,100,4.81505537033,11.8506129931,16.432131642,0,0,9.63011074066,
G1_D060_DENS_MED_V_REF_S100,G1_D060_DENS_MED_V_REF,100,4.82404899597,12.0288299182,11.0740275934,0,0,9.64809799194,
G1_D060_DENS_MED_V_REF_S100,G1_D060_DENS_MED_V_REF,100,4.83304309845,12.5032725996,13.7000035986,0,0,9.6660861969,
G1_D060_DENS_MED_V_REF_S100,G1_D060_DENS_MED_V_REF,100,4.84200143814,11.4087887857,11.3865517249,0,0,9.68400287628,
G1_D060_DENS_MED_V_REF_S100,G1_D060_DENS_MED_V_REF,100,4.851085186,12.0177239564,11.1669811465,0,0,9.70217037201,
G1_D060_DENS_MED_V_REF_S100,G1_D060_DENS_MED_V_REF,100,4.86007881165,12.0267489535,11.2321825178,0,0,9.72015762329,
G1_D060_DENS_MED_V_REF_S100,G1_D060_DENS_MED_V_REF,100,4.86907243729,12.1451368484,11.453069543,0,0,9.73814487457,
G1_D060_DENS_MED_V_REF_S100,G1_D060_DENS_MED_V_REF,100,4.87806606293,12.1492944604,11.1490128219,0,0,9.75613212585,
G1_D060_DENS_MED_V_REF_S100,G1_D060_DENS_MED_V_REF,100,4.88706016541,12.9612316228,15.7227591368,0,0,9.77412033081,
G1_D060_DENS_MED_V_REF_S100,G1_D060_DENS_MED_V_REF,100,4.89605379105,11.8646979292,11.9450330018,0,0,9.79210758209,
G1_D060_DENS_MED_V_REF_S100,G1_D060_DENS_MED_V_REF,100,4.90504741669,12.0563306006,11.2720967076,0,0,9.81009483337,
G1_D060_DENS_MED_V_REF_S100,G1_D060_DENS_MED_V_REF,100,4.91404151917,13.6986063523,13.6251904819,0,0,9.82808303833,
G1_D060_DENS_MED_V_REF_S100,G1_D060_DENS_MED_V_REF,100,4.92303514481,13.0088589468,12.6073717263,0,0,9.84607028961,
G1_D060_DENS_MED_V_REF_S100,G1_D060_DENS_MED_V_REF,100,4.93202877045,12.6962108388,12.7577645148,0,0,9.86405754089,
G1_D060_DENS_MED_V_REF_S100,G1_D060_DENS_MED_V_REF,100,4.94102239609,11.8255334829,11.5616129348,0,0,9.88204479218,
G1_D060_DENS_MED_V_REF_S100,G1_D060_DENS_MED_V_REF,100,4.95001649857,13.0818429551,17.1886770866,0,0,9.90003299713,
G1_D060_DENS_MED_V_REF_S100,G1_D060_DENS_MED_V_REF,100,4.95900726318,12.8652559768,12.8779443295,0,0,9.91801452637,
G1_D060_DENS_MED_V_REF_S100,G1_D060_DENS_MED_V_REF,100,4.96800136566,11.9539367759,11.4469572134,0,0,9.93600273132,
G1_D060_DENS_MED_V_REF_S100,G1_D060_DENS_MED_V_REF,100,4.97708511353,12.3981588417,12.5257054898,0,0,9.95417022705,
G1_D060_DENS_MED_V_REF_S100,G1_D060_DENS_MED_V_REF,100,4.98607873917,12.5536172662,11.6452010628,0,0,9.97215747833,
G1_D060_DENS_MED_V_REF_S100,G1_D060_DENS_MED_V_REF,100,4.99507236481,12.9482277521,11.9451468865,0,0,9.99014472961,
G1_D060_DENS_MED_V_REF_S100,G1_D060_DENS_MED_V_REF,100,5.00406599045,12.5124815159,12.5356132898,0,0,10.0081319809,
G1_D060_DENS_MED_V_REF_S100,G1_D060_DENS_MED_V_REF,100,5.01306009293,12.1982368504,12.1840858523,0,0,10.0261201859,
G1_D060_DENS_MED_V_REF_S100,G1_D060_DENS_MED_V_REF,100,5.02205371857,13.2004285848,12.2766401155,0,0,10.0441074371,
G1_D060_DENS_MED_V_REF_S100,G1_D060_DENS_MED_V_REF,100,5.03104734421,12.4270488487,12.5132896143,0,0,10.0620946884,
G1_D060_DENS_MED_V_REF_S100,G1_D060_DENS_MED_V_REF,100,5.04004144669,13.2014025799,17.2779075845,0,0,10.0800828934,
G1_D060_DENS_MED_V_REF_S100,G1_D060_DENS_MED_V_REF,100,5.04903507233,12.7372671498,12.0131757068,0,0,10.0980701447,
G1_D060_DENS_MED_V_REF_S100,G1_D060_DENS_MED_V_REF,100,5.05802869797,11.9115636719,12.6465077788,0,0,10.1160573959,
G1_D060_DENS_MED_V_REF_S100,G1_D060_DENS_MED_V_REF,100,5.06702232361,14.2044664197,13.5435636696,0,0,10.1340446472,
G1_D060_DENS_MED_V_REF_S100,G1_D060_DENS_MED_V_REF,100,5.07601642609,13.0219837034,13.4456919036,0,0,10.1520328522,
G1_D060_DENS_MED_V_REF_S100,G1_D060_DENS_MED_V_REF,100,5.08501005173,12.1336647749,12.1615916547,0,0,10.1700201035,
G1_D060_DENS_MED_V_REF_S100,G1_D060_DENS_MED_V_REF,100,5.09400367737,13.5041466774,12.3561742516,0,0,10.1880073547,
G1_D060_DENS_MED_V_REF_S100,G1_D060_DENS_MED_V_REF,100,5.10308742523,11.6965145352,11.0172933964,0,0,10.2061748505,
G1_D060_DENS_MED_V_REF_S100,G1_D060_DENS_MED_V_REF,100,5.11208105087,12.3741215408,11.4083181772,0,0,10.2241621017,
G1_D060_DENS_MED_V_REF_S100,G1_D060_DENS_MED_V_REF,100,5.12107515335,13.9928392179,14.1710485851,0,0,10.2421503067,
G1_D060_DENS_MED_V_REF_S100,G1_D060_DENS_MED_V_REF,100,5.13006877899,11.4835342745,10.3558698179,0,0,10.260137558,
G1_D060_DENS_MED_V_REF_S100,G1_D060_DENS_MED_V_REF,100,5.13906240463,13.193628752,11.1656294379,0,0,10.2781248093,
G1_D060_DENS_MED_V_REF_S100,G1_D060_DENS_MED_V_REF,100,5.14805603027,12.8494656857,13.3147601793,0,0,10.2961120605,
G1_D060_DENS_MED_V_REF_S100,G1_D060_DENS_MED_V_REF,100,5.15705013275,12.3756472938,11.1428596515,0,0,10.3141002655,
G1_D060_DENS_MED_V_REF_S100,G1_D060_DENS_MED_V_REF,100,5.16604375839,12.5712674734,13.0394946672,0,0,10.3320875168,
G1_D060_DENS_MED_V_REF_S100,G1_D060_DENS_MED_V_REF,100,5.17503738403,14.2597104199,15.527097143,0,0,10.3500747681,
G1_D060_DENS_MED_V_REF_S100,G1_D060_DENS_MED_V_REF,100,5.18403100967,12.9628894868,11.2140377839,0,0,10.3680620193,
G1_D060_DENS_MED_V_REF_S100,G1_D060_DENS_MED_V_REF,100,5.19302511215,12.5021975784,12.2651079555,0,0,10.3860502243,
G1_D060_DENS_MED_V_REF_S100,G1_D060_DENS_MED_V_REF,100,5.20201873779,12.5568690974,12.6544922594,0,0,10.4040374756,
G1_D060_DENS_MED_V_REF_S100,G1_D060_DENS_MED_V_REF,100,5.21101236343,13.5105251364,13.0379156469,0,0,10.4220247269,
G1_D060_DENS_MED_V_REF_S100,G1_D060_DENS_MED_V_REF,100,5.22000646591,12.7390821654,12.5119582707,0,0,10.4400129318,
G1_D060_DENS_MED_V_REF_S100,G1_D060_DENS_MED_V_REF,100,5.22908973694,12.6311034114,11.3803195638,0,0,10.4581794739,
G1_D060_DENS_MED_V_REF_S100,G1_D060_DENS_MED_V_REF,100,5.23808383942,12.2326263031,10.9550265625,0,0,10.4761676788,
G1_D060_DENS_MED_V_REF_S100,G1_D060_DENS_MED_V_REF,100,5.24707746506,13.9293862006,13.3042447364,0,0,10.4941549301,
G1_D060_DENS_MED_V_REF_S100,G1_D060_DENS_MED_V_REF,100,5.2560710907,13.3922503562,16.056146405,0,0,10.5121421814,
G1_D060_DENS_MED_V_REF_S100,G1_D060_DENS_MED_V_REF,100,5.26506471634,12.3445537092,10.9344797842,0,0,10.5301294327,
G1_D060_DENS_MED_V_REF_S100,G1_D060_DENS_MED_V_REF,100,5.27405881882,12.9296449965,12.1853053053,0,0,10.5481176376,
G1_D060_DENS_MED_V_REF_S100,G1_D060_DENS_MED_V_REF,100,5.28305244446,13.2388461289,12.8071539152,0,0,10.5661048889,
G1_D060_DENS_MED_V_REF_S100,G1_D060_DENS_MED_V_REF,100,5.2920460701,13.1595846876,13.03740421,0,0,10.5840921402,
G1_D060_DENS_MED_V_REF_S100,G1_D060_DENS_MED_V_REF,100,5.30104017258,12.5712666099,14.6390959709,0,0,10.6020803452,
G1_D060_DENS_MED_V_REF_S100,G1_D060_DENS_MED_V_REF,100,5.31003379822,12.2483449261,13.0420874114,0,0,10.6200675964,
G1_D060_DENS_MED_V_REF_S100,G1_D060_DENS_MED_V_REF,100,5.31902742386,12.0142001319,11.5013025843,0,0,10.6380548477,
G1_D060_DENS_MED_V_REF_S100,G1_D060_DENS_MED_V_REF,100,5.3280210495,13.2427248398,12.4701441116,0,0,10.656042099,
G1_D060_DENS_MED_V_REF_S100,G1_D060_DENS_MED_V_REF,100,5.33701467514,12.8732059527,11.2881664199,0,0,10.6740293503,
G1_D060_DENS_MED_V_REF_S100,G1_D060_DENS_MED_V_REF,100,5.34600830078,13.4589638394,12.8658195327,0,0,10.6920166016,
G1_D060_DENS_MED_V_REF_S100,G1_D060_DENS_MED_V_REF,100,5.35500240326,13.3512536248,12.5614337421,0,0,10.7100048065,
G1_D060_DENS_MED_V_REF_S100,G1_D060_DENS_MED_V_REF,100,5.36408615112,13.522703529,12.742826471,0,0,10.7281723022,
G1_D060_DENS_MED_V_REF_S100,G1_D060_DENS_MED_V_REF,100,5.37307977676,13.9727514325,13.4529370082,0,0,10.7461595535,
G1_D060_DENS_MED_V_REF_S100,G1_D060_DENS_MED_V_REF,100,5.3820734024,13.5659098823,12.4886549208,0,0,10.7641468048,
G1_D060_DENS_MED_V_REF_S100,G1_D060_DENS_MED_V_REF,100,5.39106702805,13.7660589664,12.6758356129,0,0,10.7821340561,
G1_D060_DENS_MED_V_REF_S100,G1_D060_DENS_MED_V_REF,100,5.40006113052,13.2044463145,14.7429648855,0,0,10.800122261,
G1_D060_DENS_MED_V_REF_S100,G1_D060_DENS_MED_V_REF,100,5.40905475616,13.9193595773,13.0367629897,0,0,10.8181095123,
G1_D060_DENS_MED_V_REF_S100,G1_D060_DENS_MED_V_REF,100,5.41804838181,12.4104762531,11.8493952663,0,0,10.8360967636,
G1_D060_DENS_MED_V_REF_S100,G1_D060_DENS_MED_V_REF,100,5.42704200745,13.0850654282,11.7515750279,0,0,10.8540840149,
G1_D060_DENS_MED_V_REF_S100,G1_D060_DENS_MED_V_REF,100,5.436024189,13.6562228867,14.0368096513,0,0,10.872048378,
G1_D060_DENS_MED_V_REF_S100,G1_D060_DENS_MED_V_REF,100,5.44501829147,12.6452133882,11.5553587997,0,0,10.8900365829,
G1_D060_DENS_MED_V_REF_S100,G1_D060_DENS_MED_V_REF,100,5.45401191711,12.984979661,11.7586900963,0,0,10.9080238342,
G1_D060_DENS_MED_V_REF_S100,G1_D060_DENS_MED_V_REF,100,5.46300554276,12.7221054655,11.2985003254,0,0,10.9260110855,
G1_D060_DENS_MED_V_REF_S100,G1_D060_DENS_MED_V_REF,100,5.47208929062,13.6159108876,12.1691962182,0,0,10.9441785812,
G1_D060_DENS_MED_V_REF_S100,G1_D060_DENS_MED_V_REF,100,5.48108291626,13.0181982473,11.057317067,0,0,10.9621658325,
G1_D060_DENS_MED_V_REF_S100,G1_D060_DENS_MED_V_REF,100,5.49007701874,13.2050585154,12.4925902846,0,0,10.9801540375,
G1_D060_DENS_MED_V_REF_S100,G1_D060_DENS_MED_V_REF,100,5.49907064438,13.0558326233,10.928094565,0,0,10.9981412888,
G1_D060_DENS_MED_V_REF_S100,G1_D060_DENS_MED_V_REF,100,5.50806427002,13.8109844902,11.7526117518,0,0,11.01612854,
G1_D060_DENS_MED_V_REF_S100,G1_D060_DENS_MED_V_REF,100,5.51705789566,14.4625872084,12.826393828,0,0,11.0341157913,
G1_D060_DENS_MED_V_REF_S100,G1_D060_DENS_MED_V_REF,100,5.52605199814,13.6101334043,24.4469210964,0,0,11.0521039963,
G1_D060_DENS_MED_V_REF_S100,G1_D060_DENS_MED_V_REF,100,5.53504562378,14.1450570363,12.2403132699,0,0,11.0700912476,
G1_D060_DENS_MED_V_REF_S100,G1_D060_DENS_MED_V_REF,100,5.54403924942,13.2204265692,11.1210228295,0,0,11.0880784988,
G1_D060_DENS_MED_V_REF_S100,G1_D060_DENS_MED_V_REF,100,5.55303287506,13.7086027541,13.4649906834,0,0,11.1060657501,
G1_D060_DENS_MED_V_REF_S100,G1_D060_DENS_MED_V_REF,100,5.56202697754,14.6366335694,12.6124738913,0,0,11.1240539551,
G1_D060_DENS_MED_V_REF_S100,G1_D060_DENS_MED_V_REF,100,5.57102060318,13.0831580212,11.970898263,0,0,11.1420412064,
G1_D060_DENS_MED_V_REF_S100,G1_D060_DENS_MED_V_REF,100,5.58001422882,13.7172106947,11.894346339,0,0,11.1600284576,
G1_D060_DENS_MED_V_REF_S100,G1_D060_DENS_MED_V_REF,100,5.58900785446,12.8609558921,10.3640918414,0,0,11.1780157089,
G1_D060_DENS_MED_V_REF_S100,G1_D060_DENS_MED_V_REF,100,5.59800195694,14.3244025178,13.3001762676,0,0,11.1960039139,
G1_D060_DENS_MED_V_REF_S100,G1_D060_DENS_MED_V_REF,100,5.6070857048,13.5570644871,11.7294449001,0,0,11.2141714096,
G1_D060_DENS_MED_V_REF_S100,G1_D060_DENS_MED_V_REF,100,5.61607933044,13.2657967804,11.3805581624,0,0,11.2321586609,
G1_D060_DENS_MED_V_REF_S100,G1_D060_DENS_MED_V_REF,100,5.62507295609,14.4770158059,12.1217024715,0,0,11.2501459122,
G1_D060_DENS_MED_V_REF_S100,G1_D060_DENS_MED_V_REF,100,5.63406658173,13.3968353863,10.5057781161,0,0,11.2681331635,
G1_D060_DENS_MED_V_REF_S100,G1_D060_DENS_MED_V_REF,100,5.6430606842,14.123828606,11.606742384,0,0,11.2861213684,
G1_D060_DENS_MED_V_REF_S100,G1_D060_DENS_MED_V_REF,100,5.65205430984,13.9451030966,12.2250184733,0,0,11.3041086197,
G1_D060_DENS_MED_V_REF_S100,G1_D060_DENS_MED_V_REF,100,5.66104793549,13.8189258314,12.1489276787,0,0,11.322095871,
G1_D060_DENS_MED_V_REF_S100,G1_D060_DENS_MED_V_REF,100,5.67004156113,13.0931621942,12.0384597389,0,0,11.3400831223,
G1_D060_DENS_MED_V_REF_S100,G1_D060_DENS_MED_V_REF,100,5.67902183533,13.4520707518,12.8752048426,0,0,11.3580436707,
G1_D060_DENS_MED_V_REF_S100,G1_D060_DENS_MED_V_REF,100,5.6880106926,14.0677763972,15.0906115798,0,0,11.3760213852,
G1_D060_DENS_MED_V_REF_S100,G1_D060_DENS_MED_V_REF,100,5.69700431824,13.5516980159,12.9346817508,0,0,11.3940086365,
G1_D060_DENS_MED_V_REF_S100,G1_D060_DENS_MED_V_REF,100,5.7060880661,12.6791365667,10.9499353734,0,0,11.4121761322,
G1_D060_DENS_MED_V_REF_S100,G1_D060_DENS_MED_V_REF,100,5.71508169174,13.3889113145,11.8990415067,0,0,11.4301633835,
G1_D060_DENS_MED_V_REF_S100,G1_D060_DENS_MED_V_REF,100,5.72407531738,13.6996045246,12.399977129,0,0,11.4481506348,
G1_D060_DENS_MED_V_REF_S100,G1_D060_DENS_MED_V_REF,100,5.73306894302,13.5962453395,11.7768093279,0,0,11.466137886,
G1_D060_DENS_MED_V_REF_S100,G1_D060_DENS_MED_V_REF,100,5.7420630455,12.7617569094,11.2887900149,0,0,11.484126091,
G1_D060_DENS_MED_V_REF_S100,G1_D060_DENS_MED_V_REF,100,5.75105667114,13.4622795674,11.2901956217,0,0,11.5021133423,
G1_D060_DENS_MED_V_REF_S100,G1_D060_DENS_MED_V_REF,100,5.76005029678,13.0332986251,10.5640404798,0,0,11.5201005936,
G1_D060_DENS_MED_V_REF_S100,G1_D060_DENS_MED_V_REF,100,5.76904392242,15.3556560898,15.8639695115,0,0,11.5380878448,
G1_D060_DENS_MED_V_REF_S100,G1_D060_DENS_MED_V_REF,100,5.7780380249,13.6606283148,10.679878048,0,0,11.5560760498,
G1_D060_DENS_MED_V_REF_S100,G1_D060_DENS_MED_V_REF,100,5.78703165054,13.8805146152,10.6236321813,0,0,11.5740633011,
G1_D060_DENS_MED_V_REF_S100,G1_D060_DENS_MED_V_REF,100,5.79602527618,13.1256191991,12.6047140823,0,0,11.5920505524,
G1_D060_DENS_MED_V_REF_S100,G1_D060_DENS_MED_V_REF,100,5.80501937866,13.8172481076,11.9059539887,0,0,11.6100387573,
G1_D060_DENS_MED_V_REF_S100,G1_D060_DENS_MED_V_REF,100,5.8140130043,14.2115028435,11.9395947323,0,0,11.6280260086,
G1_D060_DENS_MED_V_REF_S100,G1_D060_DENS_MED_V_REF,100,5.82300662994,14.75581154,12.6844946412,0,0,11.6460132599,
G1_D060_DENS_MED_V_REF_S100,G1_D060_DENS_MED_V_REF,100,5.83200025558,13.8902070752,11.2856595625,0,0,11.6640005112,
G1_D060_DENS_MED_V_REF_S100,G1_D060_DENS_MED_V_REF,100,5.84108400345,12.8660261928,10.7454623259,0,0,11.6821680069,
G1_D060_DENS_MED_V_REF_S100,G1_D060_DENS_MED_V_REF,100,5.85007762909,13.7589595093,11.7312205343,0,0,11.7001552582,
G1_D060_DENS_MED_V_REF_S100,G1_D060_DENS_MED_V_REF,100,5.85907173157,14.5680739856,13.5329213116,0,0,11.7181434631,
G1_D060_DENS_MED_V_REF_S100,G1_D060_DENS_MED_V_REF,100,5.86806535721,13.9176619937,11.8228176518,0,0,11.7361307144,
G1_D060_DENS_MED_V_REF_S100,G1_D060_DENS_MED_V_REF,100,5.87705898285,14.1378720956,12.5541059652,0,0,11.7541179657,
G1_D060_DENS_MED_V_REF_S100,G1_D060_DENS_MED_V_REF,100,5.88605260849,15.1299171842,13.502328755,0,0,11.772105217,
G1_D060_DENS_MED_V_REF_S100,G1_D060_DENS_MED_V_REF,100,5.89504671097,12.907161943,10.7133566328,0,0,11.7900934219,
G1_D060_DENS_MED_V_REF_S100,G1_D060_DENS_MED_V_REF,100,5.90404033661,13.6541384681,11.3079251125,0,0,11.8080806732,
G1_D060_DENS_MED_V_REF_S100,G1_D060_DENS_MED_V_REF,100,5.91303396225,14.0153688987,11.7246363025,0,0,11.8260679245,
G1_D060_DENS_MED_V_REF_S100,G1_D060_DENS_MED_V_REF,100,5.92202758789,13.654052121,11.0365623877,0,0,11.8440551758,
G1_D060_DENS_MED_V_REF_S100,G1_D060_DENS_MED_V_REF,100,5.93102169037,14.5348925286,12.214379676,0,0,11.8620433807,
G1_D060_DENS_MED_V_REF_S100,G1_D060_DENS_MED_V_REF,100,5.94001531601,13.4147938526,10.5619354018,0,0,11.880030632,
G1_D060_DENS_MED_V_REF_S100,G1_D060_DENS_MED_V_REF,100,5.94900894165,14.3717915238,12.5447810555,0,0,11.8980178833,
G1_D060_DENS_MED_V_REF_S100,G1_D060_DENS_MED_V_REF,100,5.95800256729,14.9228931453,12.8964364239,0,0,11.9160051346,
G1_D060_DENS_MED_V_REF_S100,G1_D060_DENS_MED_V_REF,100,5.96708631516,14.7261340477,11.8408751881,0,0,11.9341726303,
G1_D060_DENS_MED_V_REF_S100,G1_D060_DENS_MED_V_REF,100,5.97608041763,14.573626103,13.5338223104,0,0,11.9521608353,
G1_D060_DENS_MED_V_REF_S100,G1_D060_DENS_MED_V_REF,100,5.98507404327,12.8925753303,11.6702062426,0,0,11.9701480865,
G1_D060_DENS_MED_V_REF_S100,G1_D060_DENS_MED_V_REF,100,5.99406766891,14.292310761,11.9747733763,0,0,11.9881353378,
G1_D060_DENS_MED_V_REF_S100,G1_D060_DENS_MED_V_REF,100,6.00306129456,13.852918951,12.3371288284,0,0,12.0061225891,
G1_D060_DENS_MED_V_REF_S100,G1_D060_DENS_MED_V_REF,100,6.01205539703,13.7000155367,12.1010548723,0,0,12.0241107941,
G1_D060_DENS_MED_V_REF_S100,G1_D060_DENS_MED_V_REF,100,6.02104902267,15.3327240316,14.1284129523,0,0,12.0420980453,
G1_D060_DENS_MED_V_REF_S100,G1_D060_DENS_MED_V_REF,100,6.03004264832,13.178636308,11.7528919144,0,0,12.0600852966,
G1_D060_DENS_MED_V_REF_S100,G1_D060_DENS_MED_V_REF,100,6.03903627396,14.5731684635,12.5786606685,0,0,12.0780725479,
G1_D060_DENS_MED_V_REF_S100,G1_D060_DENS_MED_V_REF,100,6.04803037643,13.697444984,11.5087319787,0,0,12.0960607529,
G1_D060_DENS_MED_V_REF_S100,G1_D060_DENS_MED_V_REF,100,6.05702400208,13.6788769073,10.5544697149,0,0,12.1140480042,
G1_D060_DENS_MED_V_REF_S100,G1_D060_DENS_MED_V_REF,100,6.06601762772,13.5393771507,10.8994953098,0,0,12.1320352554,
G1_D060_DENS_MED_V_REF_S100,G1_D060_DENS_MED_V_REF,100,6.07501125336,14.7647881828,11.266746376,0,0,12.1500225067,
G1_D060_DENS_MED_V_REF_S100,G1_D060_DENS_MED_V_REF,100,6.08400535583,14.5083494353,11.3403040962,0,0,12.1680107117,
G1_D060_DENS_MED_V_REF_S100,G1_D060_DENS_MED_V_REF,100,6.0930891037,14.1772981736,11.5932270126,0,0,12.1861782074,
G1_D060_DENS_MED_V_REF_S100,G1_D060_DENS_MED_V_REF,100,6.10208272934,14.8869848475,12.0402282524,0,0,12.2041654587,
G1_D060_DENS_MED_V_REF_S100,G1_D060_DENS_MED_V_REF,100,6.11107635498,14.7667568963,12.0704385592,0,0,12.22215271,
G1_D060_DENS_MED_V_REF_S100,G1_D060_DENS_MED_V_REF,100,6.12006998062,12.8832058084,11.0300027463,0,0,12.2401399612,
G1_D060_DENS_MED_V_REF_S100,G1_D060_DENS_MED_V_REF,100,6.1290640831,14.1222674508,11.700452869,0,0,12.2581281662,
G1_D060_DENS_MED_V_REF_S100,G1_D060_DENS_MED_V_REF,100,6.13805770874,14.0856623319,16.8499738995,0,0,12.2761154175,
G1_D060_DENS_MED_V_REF_S100,G1_D060_DENS_MED_V_REF,100,6.14705133438,14.1515304771,12.1993826669,0,0,12.2941026688,
G1_D060_DENS_MED_V_REF_S100,G1_D060_DENS_MED_V_REF,100,6.15604496002,14.1967452636,15.0304275587,0,0,12.31208992,
G1_D060_DENS_MED_V_REF_S100,G1_D060_DENS_MED_V_REF,100,6.16508483887,13.4423800187,11.3553727592,0,0,12.3301696777,
G1_D060_DENS_MED_V_REF_S100,G1_D060_DENS_MED_V_REF,100,6.17407846451,14.0609636124,12.9082226655,0,0,12.348156929,
G1_D060_DENS_MED_V_REF_S100,G1_D060_DENS_MED_V_REF,100,6.18307256699,13.789959839,10.616714798,0,0,12.366145134,
G1_D060_DENS_MED_V_REF_S100,G1_D060_DENS_MED_V_REF,100,6.19206619263,14.4184897532,11.5681642689,0,0,12.3841323853,
G1_D060_DENS_MED_V_REF_S100,G1_D060_DENS_MED_V_REF,100,6.20105981827,14.77890075,12.160573791,0,0,12.4021196365,
G1_D060_DENS_MED_V_REF_S100,G1_D060_DENS_MED_V_REF,100,6.21005344391,14.3845078587,12.0030810739,0,0,12.4201068878,
G1_D060_DENS_MED_V_REF_S100,G1_D060_DENS_MED_V_REF,100,6.21904754639,13.9016022997,10.7290467591,0,0,12.4380950928,
G1_D060_DENS_MED_V_REF_S100,G1_D060_DENS_MED_V_REF,100,6.22804117203,14.2810934115,11.340115456,0,0,12.4560823441,
G1_D060_DENS_MED_V_REF_S100,G1_D060_DENS_MED_V_REF,100,6.23703479767,15.2878183677,12.5786924492,0,0,12.4740695953,
G1_D060_DENS_MED_V_REF_S100,G1_D060_DENS_MED_V_REF,100,6.24602842331,14.2454501991,11.1165194154,0,0,12.4920568466,
G1_D060_DENS_MED_V_REF_S100,G1_D060_DENS_MED_V_REF,100,6.25502252579,16.1542923476,14.9756802455,0,0,12.5100450516,
G1_D060_DENS_MED_V_REF_S100,G1_D060_DENS_MED_V_REF,100,6.26401615143,14.1225757098,10.8898709732,0,0,12.5280323029,
G1_D060_DENS_MED_V_REF_S100,G1_D060_DENS_MED_V_REF,100,6.27300977707,13.9422864548,11.753485378,0,0,12.5460195541,
G1_D060_DENS_MED_V_REF_S100,G1_D060_DENS_MED_V_REF,100,6.28205680847,14.5356610176,11.4182456567,0,0,12.5641136169,
G1_D060_DENS_MED_V_REF_S100,G1_D060_DENS_MED_V_REF,100,6.29105091095,14.6454755106,11.7336570204,0,0,12.5821018219,
G1_D060_DENS_MED_V_REF_S100,G1_D060_DENS_MED_V_REF,100,6.30004453659,14.4176521865,12.3783283321,0,0,12.6000890732,
G1_D060_DENS_MED_V_REF_S100,G1_D060_DENS_MED_V_REF,100,6.30903816223,15.7551443225,12.9962338709,0,0,12.6180763245,
G1_D060_DENS_MED_V_REF_S100,G1_D060_DENS_MED_V_REF,100,6.31803178787,13.5986319728,10.4041189714,0,0,12.6360635757,
G1_D060_DENS_MED_V_REF_S100,G1_D060_DENS_MED_V_REF,100,6.32702589035,14.708809369,11.265327243,0,0,12.6540517807,
G1_D060_DENS_MED_V_REF_S100,G1_D060_DENS_MED_V_REF,100,6.33601951599,14.3607131931,13.1268894007,0,0,12.672039032,
G1_D060_DENS_MED_V_REF_S100,G1_D060_DENS_MED_V_REF,100,6.34501314163,15.0671773938,11.9924431147,0,0,12.6900262833,
G1_D060_DENS_MED_V_REF_S100,G1_D060_DENS_MED_V_REF,100,6.35400676727,15.1289345544,12.5565718713,0,0,12.7080135345,
G1_D060_DENS_MED_V_REF_S100,G1_D060_DENS_MED_V_REF,100,6.36300086975,13.7945146476,11.9205037283,0,0,12.7260017395,
G1_D060_DENS_MED_V_REF_S100,G1_D060_DENS_MED_V_REF,100,6.37208414078,13.5540898301,10.5409215626,0,0,12.7441682816,
G1_D060_DENS_MED_V_REF_S100,G1_D060_DENS_MED_V_REF,100,6.38107824326,14.1373419245,13.0184823022,0,0,12.7621564865,
G1_D060_DENS_MED_V_REF_S100,G1_D060_DENS_MED_V_REF,100,6.3900718689,14.7698947493,11.4538889925,0,0,12.7801437378,
G1_D060_DENS_MED_V_REF_S100,G1_D060_DENS_MED_V_REF,100,6.39906549454,14.7702729495,11.0803251422,0,0,12.7981309891,
G1_D060_DENS_MED_V_REF_S100,G1_D060_DENS_MED_V_REF,100,6.40805912018,14.3416512111,12.4121497903,0,0,12.8161182404,
G1_D060_DENS_MED_V_REF_S100,G1_D060_DENS_MED_V_REF,100,6.41705322266,14.4856004329,13.2659899563,0,0,12.8341064453,
G1_D060_DENS_MED_V_REF_S100,G1_D060_DENS_MED_V_REF,100,6.4260468483,14.6059320006,13.6931083918,0,0,12.8520936966,
G1_D060_DENS_MED_V_REF_S100,G1_D060_DENS_MED_V_REF,100,6.43504047394,14.833896934,11.6630450032,0,0,12.8700809479,
G1_D060_DENS_MED_V_REF_S100,G1_D060_DENS_MED_V_REF,100,6.44403409958,15.1332864474,11.760638829,0,0,12.8880681992,
G1_D060_DENS_MED_V_REF_S100,G1_D060_DENS_MED_V_REF,100,6.45302820206,14.7998537331,10.8476561227,0,0,12.9060564041,
G1_D060_DENS_MED_V_REF_S100,G1_D060_DENS_MED_V_REF,100,6.4620218277,15.5393715972,12.2911452804,0,0,12.9240436554,
G1_D060_DENS_MED_V_REF_S100,G1_D060_DENS_MED_V_REF,100,6.47101545334,15.043965571,12.4880521382,0,0,12.9420309067,
G1_D060_DENS_MED_V_REF_S100,G1_D060_DENS_MED_V_REF,100,6.48000907898,14.5964493639,11.2258395909,0,0,12.960018158,
G1_D060_DENS_MED_V_REF_S100,G1_D060_DENS_MED_V_REF,100,6.48900318146,14.635697567,10.8564686921,0,0,12.9780063629,
G1_D060_DENS_MED_V_REF_S100,G1_D060_DENS_MED_V_REF,100,6.49808645248,14.726598595,11.2279201346,0,0,12.996172905,
G1_D060_DENS_MED_V_REF_S100,G1_D060_DENS_MED_V_REF,100,6.50708055496,15.1263562305,11.4934707861,0,0,13.0141611099,
G1_D060_DENS_MED_V_REF_S100,G1_D060_DENS_MED_V_REF,100,6.5160741806,14.7485273001,11.866722501,0,0,13.0321483612,
G1_D060_DENS_MED_V_REF_S100,G1_D060_DENS_MED_V_REF,100,6.52501964569,14.2994171259,11.3587607866,0,0,13.0500392914,
G1_D060_DENS_MED_V_REF_S100,G1_D060_DENS_MED_V_REF,100,6.53401374817,15.381491137,12.1800210792,0,0,13.0680274963,
G1_D060_DENS_MED_V_REF_S100,G1_D060_DENS_MED_V_REF,100,6.54300737381,15.0388089232,12.1428615645,0,0,13.0860147476,
G1_D060_DENS_MED_V_REF_S100,G1_D060_DENS_MED_V_REF,100,6.55200099945,14.1805085581,10.7614285717,0,0,13.1040019989,
G1_D060_DENS_MED_V_REF_S100,G1_D060_DENS_MED_V_REF,100,6.56108474731,15.0343793179,11.3608561808,0,0,13.1221694946,
G1_D060_DENS_MED_V_REF_S100,G1_D060_DENS_MED_V_REF,100,6.57007837296,14.7679588477,11.6187263468,0,0,13.1401567459,
G1_D060_DENS_MED_V_REF_S100,G1_D060_DENS_MED_V_REF,100,6.5790719986,14.3508773969,11.0490081179,0,0,13.1581439972,
G1_D060_DENS_MED_V_REF_S100,G1_D060_DENS_MED_V_REF,100,6.58806610107,14.8308091623,11.222746027,0,0,13.1761322021,
G1_D060_DENS_MED_V_REF_S100,G1_D060_DENS_MED_V_REF,100,6.59705972672,13.7677280556,10.8235630786,0,0,13.1941194534,
G1_D060_DENS_MED_V_REF_S100,G1_D060_DENS_MED_V_REF,100,6.60605335236,15.0291380499,11.4300758188,0,0,13.2121067047,
G1_D060_DENS_MED_V_REF_S100,G1_D060_DENS_MED_V_REF,100,6.615046978,13.6266196528,10.1137775292,0,0,13.230093956,
G1_D060_DENS_MED_V_REF_S100,G1_D060_DENS_MED_V_REF,100,6.62404108047,14.7315307403,18.51865685,0,0,13.2480821609,
G1_D060_DENS_MED_V_REF_S100,G1_D060_DENS_MED_V_REF,100,6.63303470612,13.982727111,11.9206618161,0,0,13.2660694122,
G1_D060_DENS_MED_V_REF_S100,G1_D060_DENS_MED_V_REF,100,6.64202642441,15.4717393811,12.6512025412,0,0,13.2840528488,
G1_D060_DENS_MED_V_REF_S100,G1_D060_DENS_MED_V_REF,100,6.65102005005,15.6159908176,12.5037414081,0,0,13.3020401001,
G1_D060_DENS_MED_V_REF_S100,G1_D060_DENS_MED_V_REF,100,6.66001415253,14.2321035305,10.6491968873,0,0,13.3200283051,
G1_D060_DENS_MED_V_REF_S100,G1_D060_DENS_MED_V_REF,100,6.66900777817,15.8314682359,11.9011670643,0,0,13.3380155563,
G1_D060_DENS_MED_V_REF_S100,G1_D060_DENS_MED_V_REF,100,6.67800140381,14.948626303,11.0948026127,0,0,13.3560028076,
G1_D060_DENS_MED_V_REF_S100,G1_D060_DENS_MED_V_REF,100,6.68708515167,14.9957545408,10.6707464879,0,0,13.3741703033,
G1_D060_DENS_MED_V_REF_S100,G1_D060_DENS_MED_V_REF,100,6.69607877731,14.992224672,13.7038802769,0,0,13.3921575546,
G1_D060_DENS_MED_V_REF_S100,G1_D060_DENS_MED_V_REF,100,6.70507287979,14.6685595398,11.6259300335,0,0,13.4101457596,
G1_D060_DENS_MED_V_REF_S100,G1_D060_DENS_MED_V_REF,100,6.71406650543,14.0029850001,13.5151739876,0,0,13.4281330109,
G1_D060_DENS_MED_V_REF_S100,G1_D060_DENS_MED_V_REF,100,6.72306013107,14.1980093849,10.8478296048,0,0,13.4461202621,
G1_D060_DENS_MED_V_REF_S100,G1_D060_DENS_MED_V_REF,100,6.73205375671,14.8880520974,10.9043333091,0,0,13.4641075134,
G1_D060_DENS_MED_V_REF_S100,G1_D060_DENS_MED_V_REF,100,6.74104738235,15.6782902379,11.6893979508,0,0,13.4820947647,
G1_D060_DENS_MED_V_REF_S100,G1_D060_DENS_MED_V_REF,100,6.75004148483,15.8812611447,13.1066870638,0,0,13.5000829697,
G1_D060_DENS_MED_V_REF_S100,G1_D060_DENS_MED_V_REF,100,6.75903463364,13.9730795514,12.7800082012,0,0,13.5180692673,
G1_D060_DENS_MED_V_REF_S100,G1_D060_DENS_MED_V_REF,100,6.76802825928,15.6164881768,11.6979176509,0,0,13.5360565186,
G1_D060_DENS_MED_V_REF_S100,G1_D060_DENS_MED_V_REF,100,6.77702188492,14.4357600332,10.2369363202,0,0,13.5540437698,
G1_D060_DENS_MED_V_REF_S100,G1_D060_DENS_MED_V_REF,100,6.7860159874,15.2050702312,10.9739960142,0,0,13.5720319748,
G1_D060_DENS_MED_V_REF_S100,G1_D060_DENS_MED_V_REF,100,6.79500961304,14.4308658805,11.2446568524,0,0,13.5900192261,
G1_D060_DENS_MED_V_REF_S100,G1_D060_DENS_MED_V_REF,100,6.80400323868,15.855738674,11.6712382393,0,0,13.6080064774,
G1_D060_DENS_MED_V_REF_S100,G1_D060_DENS_MED_V_REF,100,6.81308698654,14.3681571751,10.3508004425,0,0,13.6261739731,
G1_D060_DENS_MED_V_REF_S100,G1_D060_DENS_MED_V_REF,100,6.82208061218,14.3740797215,12.2274855177,0,0,13.6441612244,
G1_D060_DENS_MED_V_REF_S100,G1_D060_DENS_MED_V_REF,100,6.83107423782,15.6434077434,11.2821658891,0,0,13.6621484756,
G1_D060_DENS_MED_V_REF_S100,G1_D060_DENS_MED_V_REF,100,6.8400683403,15.9302043982,11.5212710668,0,0,13.6801366806,
G1_D060_DENS_MED_V_REF_S100,G1_D060_DENS_MED_V_REF,100,6.84906196594,16.1665570873,11.8138408053,0,0,13.6981239319,
G1_D060_DENS_MED_V_REF_S100,G1_D060_DENS_MED_V_REF,100,6.85805559158,14.7476845526,13.0134511414,0,0,13.7161111832,
G1_D060_DENS_MED_V_REF_S100,G1_D060_DENS_MED_V_REF,100,6.86704921722,14.8481752876,10.5630507599,0,0,13.7340984344,
G1_D060_DENS_MED_V_REF_S100,G1_D060_DENS_MED_V_REF,100,6.8760433197,15.0596911017,14.8499823875,0,0,13.7520866394,
G1_D060_DENS_MED_V_REF_S100,G1_D060_DENS_MED_V_REF,100,6.88503694534,16.3458982514,11.6763826987,0,0,13.7700738907,
G1_D060_DENS_MED_V_REF_S100,G1_D060_DENS_MED_V_REF,100,6.89403057098,15.7012810122,11.3220560342,0,0,13.788061142,
G1_D060_DENS_MED_V_REF_S100,G1_D060_DENS_MED_V_REF,100,6.90302419662,14.6383967768,9.97800533823,0,0,13.8060483932,
G1_D060_DENS_MED_V_REF_S100,G1_D060_DENS_MED_V_REF,100,6.91201782227,14.6384727622,10.301701117,0,0,13.8240356445,
G1_D060_DENS_MED_V_REF_S100,G1_D060_DENS_MED_V_REF,100,6.92101192474,14.5150879617,9.71809221543,0,0,13.8420238495,
G1_D060_DENS_MED_V_REF_S100,G1_D060_DENS_MED_V_REF,100,6.93000555038,15.3774742707,11.2751759923,0,0,13.8600111008,
G1_D060_DENS_MED_V_REF_S100,G1_D060_DENS_MED_V_REF,100,6.93908929825,15.2473405822,11.4510628635,0,0,13.8781785965,
G1_D060_DENS_MED_V_REF_S100,G1_D060_DENS_MED_V_REF,100,6.94808292389,15.6652501015,10.7219178195,0,0,13.8961658478,
G1_D060_DENS_MED_V_REF_S100,G1_D060_DENS_MED_V_REF,100,6.95707654953,15.8037456415,12.1148832388,0,0,13.9141530991,
G1_D060_DENS_MED_V_REF_S100,G1_D060_DENS_MED_V_REF,100,6.96607065201,14.3235399105,10.6924015198,0,0,13.932141304,
G1_D060_DENS_MED_V_REF_S100,G1_D060_DENS_MED_V_REF,100,6.97506427765,14.2051554695,13.9767098563,0,0,13.9501285553,
G1_D060_DENS_MED_V_REF_S100,G1_D060_DENS_MED_V_REF,100,6.98405790329,15.795561665,11.9379068149,0,0,13.9681158066,
G1_D060_DENS_MED_V_REF_S100,G1_D060_DENS_MED_V_REF,100,6.99305152893,14.0996997772,10.9466832828,0,0,13.9861030579,
G1_D060_DENS_MED_V_REF_S100,G1_D060_DENS_MED_V_REF,100,7.00204515457,16.118582648,11.5175997247,0,0,14.0040903091,
G1_D060_DENS_MED_V_REF_S100,G1_D060_DENS_MED_V_REF,100,7.01103878021,14.7053244007,11.547276629,0,0,14.0220775604,
G1_D060_DENS_MED_V_REF_S100,G1_D060_DENS_MED_V_REF,100,7.02003288269,15.0355346418,10.1975404105,0,0,14.0400657654,
G1_D060_DENS_MED_V_REF_S100,G1_D060_DENS_MED_V_REF,100,7.02902650833,15.6863239705,11.8554813971,0,0,14.0580530167,
G1_D060_DENS_MED_V_REF_S100,G1_D060_DENS_MED_V_REF,100,7.03802013397,15.2081787262,11.5431475581,0,0,14.0760402679,
G1_D060_DENS_MED_V_REF_S100,G1_D060_DENS_MED_V_REF,100,7.04701375961,14.5939090328,10.326696014,0,0,14.0940275192,
G1_D060_DENS_MED_V_REF_S100,G1_D060_DENS_MED_V_REF,100,7.05600738525,15.1248106177,10.9320565244,0,0,14.1120147705,
G1_D060_DENS_MED_V_REF_S100,G1_D060_DENS_MED_V_REF,100,7.06500148773,14.6296429095,11.008653785,0,0,14.1300029755,
G1_D060_DENS_MED_V_REF_S100,G1_D060_DENS_MED_V_REF,100,7.0740852356,15.7384896971,16.1502527615,0,0,14.1481704712,
G1_D060_DENS_MED_V_REF_S100,G1_D060_DENS_MED_V_REF,100,7.08307886124,16.3673330512,11.7443376776,0,0,14.1661577225,
G1_D060_DENS_MED_V_REF_S100,G1_D060_DENS_MED_V_REF,100,7.09207248688,14.7624084572,11.1655745413,0,0,14.1841449738,
G1_D060_DENS_MED_V_REF_S100,G1_D060_DENS_MED_V_REF,100,7.10106611252,17.2452929201,14.6074046549,0,0,14.202132225,
G1_D060_DENS_MED_V_REF_S100,G1_D060_DENS_MED_V_REF,100,7.11005973816,14.3652723191,10.7276286295,0,0,14.2201194763,
G1_D060_DENS_MED_V_REF_S100,G1_D060_DENS_MED_V_REF,100,7.11907863617,17.092237535,16.8722332925,0,0,14.2381572723,
G1_D060_DENS_MED_V_REF_S100,G1_D060_DENS_MED_V_REF,100,7.12807226181,16.2920953841,13.1885609783,0,0,14.2561445236,
G1_D060_DENS_MED_V_REF_S100,G1_D060_DENS_MED_V_REF,100,7.13706636429,15.8311573864,11.6448452347,0,0,14.2741327286,
G1_D060_DENS_MED_V_REF_S100,G1_D060_DENS_MED_V_REF,100,7.14605998993,14.7643219085,10.6400748199,0,0,14.2921199799,
G1_D060_DENS_MED_V_REF_S100,G1_D060_DENS_MED_V_REF,100,7.15505361557,15.7577727277,11.8856909754,0,0,14.3101072311,
G1_D060_DENS_MED_V_REF_S100,G1_D060_DENS_MED_V_REF,100,7.16404724121,15.7407329943,14.684729936,0,0,14.3280944824,
G1_D060_DENS_MED_V_REF_S100,G1_D060_DENS_MED_V_REF,100,7.17304134369,14.6170742282,10.2134303036,0,0,14.3460826874,
G1_D060_DENS_MED_V_REF_S100,G1_D060_DENS_MED_V_REF,100,7.18203496933,15.9526494589,11.5167870417,0,0,14.3640699387,
G1_D060_DENS_MED_V_REF_S100,G1_D060_DENS_MED_V_REF,100,7.19102859497,15.4076214912,13.5529911637,0,0,14.3820571899,
G1_D060_DENS_MED_V_REF_S100,G1_D060_DENS_MED_V_REF,100,7.20002222061,15.8193520133,11.7048270144,0,0,14.4000444412,
G1_D060_DENS_MED_V_REF_S100,G1_D060_DENS_MED_V_REF,100,7.20901584625,16.4501813503,12.8169282876,0,0,14.4180316925,
G1_D060_DENS_MED_V_REF_S100,G1_D060_DENS_MED_V_REF,100,7.21800994873,15.1034397147,11.3849389197,0,0,14.4360198975,
G1_D060_DENS_MED_V_REF_S100,G1_D060_DENS_MED_V_REF,100,7.22700357437,16.2040766217,10.9739047862,0,0,14.4540071487,
G1_D060_DENS_MED_V_REF_S100,G1_D060_DENS_MED_V_REF,100,7.23608732224,15.7151759848,11.5884689825,0,0,14.4721746445,
G1_D060_DENS_MED_V_REF_S100,G1_D060_DENS_MED_V_REF,100,7.24505662918,14.6303630442,11.0174742774,0,0,14.4901132584,
G1_D060_DENS_MED_V_REF_S100,G1_D060_DENS_MED_V_REF,100,7.25405025482,15.5698452096,11.473034714,0,0,14.5081005096,
G1_D060_DENS_MED_V_REF_S100,G1_D060_DENS_MED_V_REF,100,7.2630443573,14.9814969105,9.9243112161,0,0,14.5260887146,
G1_D060_DENS_MED_V_REF_S100,G1_D060_DENS_MED_V_REF,100,7.27203798294,15.9684993295,11.6885897557,0,0,14.5440759659,
G1_D060_DENS_MED_V_REF_S100,G1_D060_DENS_MED_V_REF,100,7.28103160858,15.7157959568,11.0026445464,0,0,14.5620632172,
G1_D060_DENS_MED_V_REF_S100,G1_D060_DENS_MED_V_REF,100,7.29002523422,16.8094681081,11.677123318,0,0,14.5800504684,
G1_D060_DENS_MED_V_REF_S100,G1_D060_DENS_MED_V_REF,100,7.2990193367,15.5062557639,11.1285818749,0,0,14.5980386734,
G1_D060_DENS_MED_V_REF_S100,G1_D060_DENS_MED_V_REF,100,7.30801296234,16.2768015887,12.1551846323,0,0,14.6160259247,
G1_D060_DENS_MED_V_REF_S100,G1_D060_DENS_MED_V_REF,100,7.31700658798,15.9922016037,15.1297061248,0,0,14.634013176,
G1_D060_DENS_MED_V_REF_S100,G1_D060_DENS_MED_V_REF,100,7.32600021362,16.3346800384,11.4569196564,0,0,14.6520004272,
G1_D060_DENS_MED_V_REF_S100,G1_D060_DENS_MED_V_REF,100,7.33508396149,15.3440389533,10.3623060667,0,0,14.670167923,
G1_D060_DENS_MED_V_REF_S100,G1_D060_DENS_MED_V_REF,100,7.34407758713,16.0048238203,10.3539294104,0,0,14.6881551743,
G1_D060_DENS_MED_V_REF_S100,G1_D060_DENS_MED_V_REF,100,7.35307168961,14.585970282,12.0169280747,0,0,14.7061433792,
G1_D060_DENS_MED_V_REF_S100,G1_D060_DENS_MED_V_REF,100,7.36206531525,15.4632497359,10.897410316,0,0,14.7241306305,
G1_D060_DENS_MED_V_REF_S100,G1_D060_DENS_MED_V_REF,100,7.37105894089,15.307255096,10.8508138901,0,0,14.7421178818,
G1_D060_DENS_MED_V_REF_S100,G1_D060_DENS_MED_V_REF,100,7.38005256653,16.0310163444,10.3534394742,0,0,14.7601051331,
G1_D060_DENS_MED_V_REF_S100,G1_D060_DENS_MED_V_REF,100,7.38904666901,16.6361677859,11.7528706898,0,0,14.778093338,
G1_D060_DENS_MED_V_REF_S100,G1_D060_DENS_MED_V_REF,100,7.39804029465,14.8784278516,9.459654816,0,0,14.7960805893,
G1_D060_DENS_MED_V_REF_S100,G1_D060_DENS_MED_V_REF,100,7.40703392029,16.4552067505,18.2455638986,0,0,14.8140678406,
G1_D060_DENS_MED_V_REF_S100,G1_D060_DENS_MED_V_REF,100,7.41602754593,15.8131505658,11.3656108754,0,0,14.8320550919,
G1_D060_DENS_MED_V_REF_S100,G1_D060_DENS_MED_V_REF,100,7.42502117157,15.4817867276,10.4103562076,0,0,14.8500423431,
G1_D060_DENS_MED_V_REF_S100,G1_D060_DENS_MED_V_REF,100,7.43401527405,16.0305984245,19.461592421,0,0,14.8680305481,
G1_D060_DENS_MED_V_REF_S100,G1_D060_DENS_MED_V_REF,100,7.44300889969,15.2886110339,10.5071229456,0,0,14.8860177994,
G1_D060_DENS_MED_V_REF_S100,G1_D060_DENS_MED_V_REF,100,7.45200252533,16.4621300596,12.0428753136,0,0,14.9040050507,
G1_D060_DENS_MED_V_REF_S100,G1_D060_DENS_MED_V_REF,100,7.46108627319,16.3599417409,13.2069104931,0,0,14.9221725464,
G1_D060_DENS_MED_V_REF_S100,G1_D060_DENS_MED_V_REF,100,7.47007989883,16.9387486875,11.5074668659,0,0,14.9401597977,
G1_D060_DENS_MED_V_REF_S100,G1_D060_DENS_MED_V_REF,100,7.47907352448,16.8132276601,11.3800701838,0,0,14.958147049,
G1_D060_DENS_MED_V_REF_S100,G1_D060_DENS_MED_V_REF,100,7.48806762695,15.7520565508,11.797020407,0,0,14.9761352539,
G1_D060_DENS_MED_V_REF_S100,G1_D060_DENS_MED_V_REF,100,7.49706125259,15.6177816561,11.0427188661,0,0,14.9941225052,
G1_D060_DENS_MED_V_REF_S100,G1_D060_DENS_MED_V_REF,100,7.50605487823,16.1229846223,10.9107742414,0,0,15.0121097565,
G1_D060_DENS_MED_V_REF_S100,G1_D060_DENS_MED_V_REF,100,7.51504850388,15.9755918788,10.8883270311,0,0,15.0300970078,
G1_D060_DENS_MED_V_REF_S100,G1_D060_DENS_MED_V_REF,100,7.52404260635,15.6310048484,10.7934877707,0,0,15.0480852127,
G1_D060_DENS_MED_V_REF_S100,G1_D060_DENS_MED_V_REF,100,7.53303623199,15.7394930502,10.7602807385,0,0,15.066072464,
G1_D060_DENS_MED_V_REF_S100,G1_D060_DENS_MED_V_REF,100,7.54202985764,15.5759637639,10.9602015205,0,0,15.0840597153,
G1_D060_DENS_MED_V_REF_S100,G1_D060_DENS_MED_V_REF,100,7.55102348328,15.1991071017,14.8997986858,0,0,15.1020469666,
G1_D060_DENS_MED_V_REF_S100,G1_D060_DENS_MED_V_REF,100,7.56001758575,15.6143364075,11.1273783415,0,0,15.1200351715,
G1_D060_DENS_MED_V_REF_S100,G1_D060_DENS_MED_V_REF,100,7.5690112114,16.1320148002,11.6996926148,0,0,15.1380224228,
G1_D060_DENS_MED_V_REF_S100,G1_D060_DENS_MED_V_REF,100,7.57800483704,16.3240179006,12.4654601572,0,0,15.1560096741,
G1_D060_DENS_MED_V_REF_S100,G1_D060_DENS_MED_V_REF,100,7.5870885849,14.192146418,10.0810162479,0,0,15.1741771698,
G1_D060_DENS_MED_V_REF_S100,G1_D060_DENS_MED_V_REF,100,7.59608221054,16.812460898,12.3595467919,0,0,15.1921644211,
G1_D060_DENS_MED_V_REF_S100,G1_D060_DENS_MED_V_REF,100,7.60502481461,15.2952580323,17.4087966784,0,0,15.2100496292,
G1_D060_DENS_MED_V_REF_S100,G1_D060_DENS_MED_V_REF,100,7.61401891708,17.4668612616,11.6709206775,0,0,15.2280378342,
G1_D060_DENS_MED_V_REF_S100,G1_D060_DENS_MED_V_REF,100,7.62301254272,15.9266538062,10.677760477,0,0,15.2460250854,
G1_D060_DENS_MED_V_REF_S100,G1_D060_DENS_MED_V_REF,100,7.63200616837,16.256991841,11.3407607759,0,0,15.2640123367,
G1_D060_DENS_MED_V_REF_S100,G1_D060_DENS_MED_V_REF,100,7.64108991623,15.9163664147,15.0953231438,0,0,15.2821798325,
G1_D060_DENS_MED_V_REF_S100,G1_D060_DENS_MED_V_REF,100,7.65008354187,15.4848814071,10.118473462,0,0,15.3001670837,
G1_D060_DENS_MED_V_REF_S100,G1_D060_DENS_MED_V_REF,100,7.65907716751,16.7406546639,11.3271717644,0,0,15.318154335,
G1_D060_DENS_MED_V_REF_S100,G1_D060_DENS_MED_V_REF,100,7.66807079315,16.4426069842,10.5516698157,0,0,15.3361415863,
G1_D060_DENS_MED_V_REF_S100,G1_D060_DENS_MED_V_REF,100,7.67706489563,16.2536951094,10.6614368837,0,0,15.3541297913,
G1_D060_DENS_MED_V_REF_S100,G1_D060_DENS_MED_V_REF,100,7.68605852127,16.2558779636,12.3741250295,0,0,15.3721170425,
G1_D060_DENS_MED_V_REF_S100,G1_D060_DENS_MED_V_REF,100,7.69505214691,16.9439001544,10.4252928767,0,0,15.3901042938,
G1_D060_DENS_MED_V_REF_S100,G1_D060_DENS_MED_V_REF,100,7.70404577255,16.8176779887,12.4509072164,0,0,15.4080915451,
G1_D060_DENS_MED_V_REF_S100,G1_D060_DENS_MED_V_REF,100,7.71303987503,15.4130665383,10.6364243081,0,0,15.4260797501,
G1_D060_DENS_MED_V_REF_S100,G1_D060_DENS_MED_V_REF,100,7.72203350067,16.5353074854,11.656304523,0,0,15.4440670013,
G1_D060_DENS_MED_V_REF_S100,G1_D060_DENS_MED_V_REF,100,7.73102712631,15.208805606,9.8477620796,0,0,15.4620542526,
G1_D060_DENS_MED_V_REF_S100,G1_D060_DENS_MED_V_REF,100,7.74002075195,16.786677659,12.1625156414,0,0,15.4800415039,
G1_D060_DENS_MED_V_REF_S100,G1_D060_DENS_MED_V_REF,100,7.74901485443,16.4352812976,11.0371357099,0,0,15.4980297089,
G1_D060_DENS_MED_V_REF_S100,G1_D060_DENS_MED_V_REF,100,7.75800848007,16.9631935466,11.1320302607,0,0,15.5160169601,
G1_D060_DENS_MED_V_REF_S100,G1_D060_DENS_MED_V_REF,100,7.76700210571,15.9146342922,10.0554073134,0,0,15.5340042114,
G1_D060_DENS_MED_V_REF_S100,G1_D060_DENS_MED_V_REF,100,7.77608585358,16.1971049582,10.5440893556,0,0,15.5521717072,
G1_D060_DENS_MED_V_REF_S100,G1_D060_DENS_MED_V_REF,100,7.78507947922,16.5631285154,10.7038771065,0,0,15.5701589584,
G1_D060_DENS_MED_V_REF_S100,G1_D060_DENS_MED_V_REF,100,7.79407310486,16.4056366172,10.1557335911,0,0,15.5881462097,
G1_D060_DENS_MED_V_REF_S100,G1_D060_DENS_MED_V_REF,100,7.8030667305,16.3707610304,12.3152407398,0,0,15.606133461,
G1_D060_DENS_MED_V_REF_S100,G1_D060_DENS_MED_V_REF,100,7.81206083298,16.3134731948,10.6525821899,0,0,15.624121666,
G1_D060_DENS_MED_V_REF_S100,G1_D060_DENS_MED_V_REF,100,7.82105445862,16.6944347974,12.2671632045,0,0,15.6421089172,
G1_D060_DENS_MED_V_REF_S100,G1_D060_DENS_MED_V_REF,100,7.83004808426,15.9821041758,10.0100931902,0,0,15.6600961685,
G1_D060_DENS_MED_V_REF_S100,G1_D060_DENS_MED_V_REF,100,7.8390417099,16.7118838159,11.2988867036,0,0,15.6780834198,
G1_D060_DENS_MED_V_REF_S100,G1_D060_DENS_MED_V_REF,100,7.84803581238,15.3971527709,10.6008219348,0,0,15.6960716248,
G1_D060_DENS_MED_V_REF_S100,G1_D060_DENS_MED_V_REF,100,7.85702943802,15.6426375274,10.3441332357,0,0,15.714058876,
G1_D060_DENS_MED_V_REF_S100,G1_D060_DENS_MED_V_REF,100,7.86602306366,16.2167316502,15.1248043524,0,0,15.7320461273,
G1_D060_DENS_MED_V_REF_S100,G1_D060_DENS_MED_V_REF,100,7.8750166893,16.0076715471,14.2025786247,0,0,15.7500333786,
G1_D060_DENS_MED_V_REF_S100,G1_D060_DENS_MED_V_REF,100,7.88401031494,16.4852192695,11.2498614275,0,0,15.7680206299,
G1_D060_DENS_MED_V_REF_S100,G1_D060_DENS_MED_V_REF,100,7.89300441742,16.0085712837,10.1533731501,0,0,15.7860088348,
G1_D060_DENS_MED_V_REF_S100,G1_D060_DENS_MED_V_REF,100,7.90208816528,16.9226276871,10.7470708634,0,0,15.8041763306,
G1_D060_DENS_MED_V_REF_S100,G1_D060_DENS_MED_V_REF,100,7.91108179092,16.2189663127,11.0382466978,0,0,15.8221635818,
G1_D060_DENS_MED_V_REF_S100,G1_D060_DENS_MED_V_REF,100,7.92007541656,16.0544613043,11.1047525921,0,0,15.8401508331,
G1_D060_DENS_MED_V_REF_S100,G1_D060_DENS_MED_V_REF,100,7.92906904221,15.2851036154,9.94546057042,0,0,15.8581380844,
G1_D060_DENS_MED_V_REF_S100,G1_D060_DENS_MED_V_REF,100,7.93806266785,16.0079530386,10.5192335356,0,0,15.8761253357,
G1_D060_DENS_MED_V_REF_S100,G1_D060_DENS_MED_V_REF,100,7.94705677032,16.6539414694,10.6192982428,0,0,15.8941135406,
G1_D060_DENS_MED_V_REF_S100,G1_D060_DENS_MED_V_REF,100,7.95605039597,15.899811952,10.8606287022,0,0,15.9121007919,
G1_D060_DENS_MED_V_REF_S100,G1_D060_DENS_MED_V_REF,100,7.96504402161,14.8197032005,10.0701220636,0,0,15.9300880432,
G1_D060_DENS_MED_V_REF_S100,G1_D060_DENS_MED_V_REF,100,7.97403764725,16.3010012222,10.4790881716,0,0,15.9480752945,
G1_D060_DENS_MED_V_REF_S100,G1_D060_DENS_MED_V_REF,100,7.98303174973,16.8231558477,14.35727895,0,0,15.9660634995,
G1_D060_DENS_MED_V_REF_S100,G1_D060_DENS_MED_V_REF,100,7.99202537537,14.975324821,9.25344091608,0,0,15.9840507507,
G1_D060_DENS_MED_V_REF_S100,G1_D060_DENS_MED_V_REF,100,8.00101852417,15.993553799,10.2813293398,0,0,16.0020370483,
G1_D060_DENS_MED_V_REF_S100,G1_D060_DENS_MED_V_REF,100,8.01001262665,16.4822523838,10.5808511628,0,0,16.0200252533,
G1_D060_DENS_MED_V_REF_S100,G1_D060_DENS_MED_V_REF,100,8.01900672913,17.0141245099,11.2809175066,0,0,16.0380134583,
G1_D060_DENS_MED_V_REF_S100,G1_D060_DENS_MED_V_REF,100,8.02799987793,17.0231615956,11.5878337494,0,0,16.0559997559,
G1_D060_DENS_MED_V_REF_S100,G1_D060_DENS_MED_V_REF,100,8.03708362579,16.3104285967,10.79855285,0,0,16.0741672516,
G1_D060_DENS_MED_V_REF_S100,G1_D060_DENS_MED_V_REF,100,8.04607772827,17.568051408,11.6043406245,0,0,16.0921554565,
G1_D060_DENS_MED_V_REF_S100,G1_D060_DENS_MED_V_REF,100,8.05507087708,16.7361300767,10.5571896687,0,0,16.1101417542,
G1_D060_DENS_MED_V_REF_S100,G1_D060_DENS_MED_V_REF,100,8.06406497955,15.856033981,10.1485985689,0,0,16.1281299591,
G1_D060_DENS_MED_V_REF_S100,G1_D060_DENS_MED_V_REF,100,8.07305908203,15.6798151274,11.4071290374,0,0,16.1461181641,
G1_D060_DENS_MED_V_REF_S100,G1_D060_DENS_MED_V_REF,100,8.08205223083,15.8915381745,10.553530918,0,0,16.1641044617,
G1_D060_DENS_MED_V_REF_S100,G1_D060_DENS_MED_V_REF,100,8.09104633331,16.2077895463,13.6539664901,0,0,16.1820926666,
G1_D060_DENS_MED_V_REF_S100,G1_D060_DENS_MED_V_REF,100,8.10004043579,16.3650932079,10.0608540261,0,0,16.2000808716,
G1_D060_DENS_MED_V_REF_S100,G1_D060_DENS_MED_V_REF,100,8.10903358459,16.1712595494,10.224084773,0,0,16.2180671692,
G1_D060_DENS_MED_V_REF_S100,G1_D060_DENS_MED_V_REF,100,8.11802768707,15.9568891007,10.4677272581,0,0,16.2360553741,
G1_D060_DENS_MED_V_REF_S100,G1_D060_DENS_MED_V_REF,100,8.12702083588,16.0257163604,9.87878795846,0,0,16.2540416718,
G1_D060_DENS_MED_V_REF_S100,G1_D060_DENS_MED_V_REF,100,8.13601493835,15.7998410264,9.72901512614,0,0,16.2720298767,
G1_D060_DENS_MED_V_REF_S100,G1_D060_DENS_MED_V_REF,100,8.14500904083,16.9032583095,10.8160006979,0,0,16.2900180817,
G1_D060_DENS_MED_V_REF_S100,G1_D060_DENS_MED_V_REF,100,8.15400218964,15.5980668902,10.2756187775,0,0,16.3080043793,
G1_D060_DENS_MED_V_REF_S100,G1_D060_DENS_MED_V_REF,100,8.1630859375,16.8797200947,11.850576024,0,0,16.326171875,
G1_D060_DENS_MED_V_REF_S100,G1_D060_DENS_MED_V_REF,100,8.17208003998,16.3543119111,10.9726832452,0,0,16.34416008,
G1_D060_DENS_MED_V_REF_S100,G1_D060_DENS_MED_V_REF,100,8.18107318878,15.9047233741,10.2796655899,0,0,16.3621463776,
G1_D060_DENS_MED_V_REF_S100,G1_D060_DENS_MED_V_REF,100,8.19006729126,17.7967416569,10.9026351419,0,0,16.3801345825,
G1_D060_DENS_MED_V_REF_S100,G1_D060_DENS_MED_V_REF,100,8.19906139374,18.0455404145,12.3587454024,0,0,16.3981227875,
G1_D060_DENS_MED_V_REF_S100,G1_D060_DENS_MED_V_REF,100,8.20805454254,16.5471042238,13.9324370646,0,0,16.4161090851,
G1_D060_DENS_MED_V_REF_S100,G1_D060_DENS_MED_V_REF,100,8.21704864502,17.156350244,11.0115187561,0,0,16.43409729,
G1_D060_DENS_MED_V_REF_S100,G1_D060_DENS_MED_V_REF,100,8.22604179382,15.8142920742,9.68109394643,0,0,16.4520835876,
G1_D060_DENS_MED_V_REF_S100,G1_D060_DENS_MED_V_REF,100,8.2350358963,16.6387581984,10.8109143442,0,0,16.4700717926,
G1_D060_DENS_MED_V_REF_S100,G1_D060_DENS_MED_V_REF,100,8.24402999878,17.0450678506,10.4769592491,0,0,16.4880599976,
G1_D060_DENS_MED_V_REF_S100,G1_D060_DENS_MED_V_REF,100,8.25302314758,16.6895596411,12.0883840806,0,0,16.5060462952,
G1_D060_DENS_MED_V_REF_S100,G1_D060_DENS_MED_V_REF,100,8.26201725006,16.8501980271,11.7263459617,0,0,16.5240345001,
G1_D060_DENS_MED_V_REF_S100,G1_D060_DENS_MED_V_REF,100,8.27101039886,16.973867773,10.8331128859,0,0,16.5420207977,
G1_D060_DENS_MED_V_REF_S100,G1_D060_DENS_MED_V_REF,100,8.28000450134,16.4281524825,9.96250337464,0,0,16.5600090027,
G1_D060_DENS_MED_V_REF_S100,G1_D060_DENS_MED_V_REF,100,8.28908824921,16.5326030947,10.1931394113,0,0,16.5781764984,
G1_D060_DENS_MED_V_REF_S100,G1_D060_DENS_MED_V_REF,100,8.29808235168,16.2720058718,10.5221683376,0,0,16.5961647034,
G1_D060_DENS_MED_V_REF_S100,G1_D060_DENS_MED_V_REF,100,8.30707550049,16.9432197394,10.3743759626,0,0,16.614151001,
G1_D060_DENS_MED_V_REF_S100,G1_D060_DENS_MED_V_REF,100,8.31606960297,16.4485148516,11.1120379182,0,0,16.6321392059,
G1_D060_DENS_MED_V_REF_S100,G1_D060_DENS_MED_V_REF,100,8.32500743866,16.2290585597,10.9662107168,0,0,16.6500148773,
G1_D060_DENS_MED_V_REF_S100,G1_D060_DENS_MED_V_REF,100,8.33400058746,16.4104858693,13.0924095093,0,0,16.6680011749,
G1_D060_DENS_MED_V_REF_S100,G1_D060_DENS_MED_V_REF,100,8.34308433533,15.9815411929,9.9138406067,0,0,16.6861686707,
G1_D060_DENS_MED_V_REF_S100,G1_D060_DENS_MED_V_REF,100,8.35207843781,17.6934014682,11.1305208073,0,0,16.7041568756,
G1_D060_DENS_MED_V_REF_S100,G1_D060_DENS_MED_V_REF,100,8.36107254028,16.7156899953,10.1156970299,0,0,16.7221450806,
G1_D060_DENS_MED_V_REF_S100,G1_D060_DENS_MED_V_REF,100,8.37006568909,17.2574195044,10.7579293765,0,0,16.7401313782,
G1_D060_DENS_MED_V_REF_S100,G1_D060_DENS_MED_V_REF,100,8.37905979156,17.0300417312,11.0127655087,0,0,16.7581195831,
G1_D060_DENS_MED_V_REF_S100,G1_D060_DENS_MED_V_REF,100,8.38805294037,17.2438889166,10.6584181395,0,0,16.7761058807,
G1_D060_DENS_MED_V_REF_S100,G1_D060_DENS_MED_V_REF,100,8.39704704285,16.7851147768,11.1966391238,0,0,16.7940940857,
G1_D060_DENS_MED_V_REF_S100,G1_D060_DENS_MED_V_REF,100,8.40604114532,17.6981401961,10.4312907546,0,0,16.8120822906,
G1_D060_DENS_MED_V_REF_S100,G1_D060_DENS_MED_V_REF,100,8.41503429413,18.228509883,11.7570886313,0,0,16.8300685883,
G1_D060_DENS_MED_V_REF_S100,G1_D060_DENS_MED_V_REF,100,8.42402839661,17.572107994,11.9673169006,0,0,16.8480567932,
G1_D060_DENS_MED_V_REF_S100,G1_D060_DENS_MED_V_REF,100,8.43302154541,17.321102205,10.8393648987,0,0,16.8660430908,
G1_D060_DENS_MED_V_REF_S100,G1_D060_DENS_MED_V_REF,100,8.44200611115,14.1572716947,10.3766789498,0,0,16.8840122223,
G1_D060_DENS_MED_V_REF_S100,G1_D060_DENS_MED_V_REF,100,8.45108985901,15.2949212787,10.5531260674,0,0,16.902179718,
G1_D060_DENS_MED_V_REF_S100,G1_D060_DENS_MED_V_REF,100,8.46008300781,17.6682036625,10.3128522136,0,0,16.9201660156,
G1_D060_DENS_MED_V_REF_S100,G1_D060_DENS_MED_V_REF,100,8.46907711029,16.894214316,10.9956115115,0,0,16.9381542206,
G1_D060_DENS_MED_V_REF_S100,G1_D060_DENS_MED_V_REF,100,8.47807121277,16.8810360242,10.222218264,0,0,16.9561424255,
G1_D060_DENS_MED_V_REF_S100,G1_D060_DENS_MED_V_REF,100,8.48706436157,17.7502489336,11.8124551779,0,0,16.9741287231,
G1_D060_DENS_MED_V_REF_S100,G1_D060_DENS_MED_V_REF,100,8.49605846405,15.5848367902,9.13473037088,0,0,16.9921169281,
G1_D060_DENS_MED_V_REF_S100,G1_D060_DENS_MED_V_REF,100,8.50505161285,16.4793424871,10.4952519531,0,0,17.0101032257,
G1_D060_DENS_MED_V_REF_S100,G1_D060_DENS_MED_V_REF,100,8.51404571533,16.5357944829,10.5174348542,0,0,17.0280914307,
G1_D060_DENS_MED_V_REF_S100,G1_D060_DENS_MED_V_REF,100,8.52303981781,16.4854385911,10.7776283679,0,0,17.0460796356,
G1_D060_DENS_MED_V_REF_S100,G1_D060_DENS_MED_V_REF,100,8.53203296661,18.019330621,11.7281747274,0,0,17.0640659332,
G1_D060_DENS_MED_V_REF_S100,G1_D060_DENS_MED_V_REF,100,8.54102706909,16.4242081477,10.9837066994,0,0,17.0820541382,
G1_D060_DENS_MED_V_REF_S100,G1_D060_DENS_MED_V_REF,100,8.5500202179,17.0231874998,9.62150203252,0,0,17.1000404358,
G1_D060_DENS_MED_V_REF_S100,G1_D060_DENS_MED_V_REF,100,8.55901432037,17.0952700445,11.1749845212,0,0,17.1180286407,
G1_D060_DENS_MED_V_REF_S100,G1_D060_DENS_MED_V_REF,100,8.56800842285,17.0127135986,10.4309029115,0,0,17.1360168457,
G1_D060_DENS_MED_V_REF_S100,G1_D060_DENS_MED_V_REF,100,8.57700157166,16.1154240717,9.52589888798,0,0,17.1540031433,
G1_D060_DENS_MED_V_REF_S100,G1_D060_DENS_MED_V_REF,100,8.58608531952,16.6294707061,10.6769778903,0,0,17.172170639,
G1_D060_DENS_MED_V_REF_S100,G1_D060_DENS_MED_V_REF,100,8.595079422,16.7016775907,10.2934302914,0,0,17.190158844,
G1_D060_DENS_MED_V_REF_S100,G1_D060_DENS_MED_V_REF,100,8.6040725708,16.3367989958,9.5738872701,0,0,17.2081451416,
G1_D060_DENS_MED_V_REF_S100,G1_D060_DENS_MED_V_REF,100,8.61306667328,18.0863756769,10.8033554395,0,0,17.2261333466,
G1_D060_DENS_MED_V_REF_S100,G1_D060_DENS_MED_V_REF,100,8.62206077576,15.6544774394,8.76572003002,0,0,17.2441215515,
G1_D060_DENS_MED_V_REF_S100,G1_D060_DENS_MED_V_REF,100,8.63105392456,16.9347991719,10.1536093725,0,0,17.2621078491,
G1_D060_DENS_MED_V_REF_S100,G1_D060_DENS_MED_V_REF,100,8.64004802704,17.3875117464,11.0293675138,0,0,17.2800960541,
G1_D060_DENS_MED_V_REF_S100,G1_D060_DENS_MED_V_REF,100,8.64904117584,16.7389121797,10.1479184313,0,0,17.2980823517,
G1_D060_DENS_MED_V_REF_S100,G1_D060_DENS_MED_V_REF,100,8.65803527832,17.5223668934,10.2222582414,0,0,17.3160705566,
G1_D060_DENS_MED_V_REF_S100,G1_D060_DENS_MED_V_REF,100,8.6670293808,17.4000821547,10.9024208044,0,0,17.3340587616,
G1_D060_DENS_MED_V_REF_S100,G1_D060_DENS_MED_V_REF,100,8.6760225296,16.8840512644,10.2476471214,0,0,17.3520450592,
G1_D060_DENS_MED_V_REF_S100,G1_D060_DENS_MED_V_REF,100,8.68501663208,16.3994679816,10.3628800032,0,0,17.3700332642,
G1_D060_DENS_MED_V_REF_S100,G1_D060_DENS_MED_V_REF,100,8.69400978088,18.1090141551,10.780996029,0,0,17.3880195618,
G1_D060_DENS_MED_V_REF_S100,G1_D060_DENS_MED_V_REF,100,8.70300388336,17.7680934218,10.4784164124,0,0,17.4060077667,
G1_D060_DENS_MED_V_REF_S100,G1_D060_DENS_MED_V_REF,100,8.71208763123,17.2605539035,10.654274325,0,0,17.4241752625,
G1_D060_DENS_MED_V_REF_S100,G1_D060_DENS_MED_V_REF,100,8.7210817337,16.9397762177,10.1937640446,0,0,17.4421634674,
G1_D060_DENS_MED_V_REF_S100,G1_D060_DENS_MED_V_REF,100,8.73007488251,16.9144661608,10.4420452754,0,0,17.460149765,
G1_D060_DENS_MED_V_REF_S100,G1_D060_DENS_MED_V_REF,100,8.73906898499,18.1546105956,10.8127395801,0,0,17.47813797,
G1_D060_DENS_MED_V_REF_S100,G1_D060_DENS_MED_V_REF,100,8.74806213379,17.1384919403,10.1232500227,0,0,17.4961242676,
G1_D060_DENS_MED_V_REF_S100,G1_D060_DENS_MED_V_REF,100,8.75705623627,16.8450966414,10.0797554607,0,0,17.5141124725,
G1_D060_DENS_MED_V_REF_S100,G1_D060_DENS_MED_V_REF,100,8.76605033875,17.4111328544,10.992729285,0,0,17.5321006775,
G1_D060_DENS_MED_V_REF_S100,G1_D060_DENS_MED_V_REF,100,8.77504348755,17.4823640169,13.3192390484,0,0,17.5500869751,
G1_D060_DENS_MED_V_REF_S100,G1_D060_DENS_MED_V_REF,100,8.78403759003,18.1805026319,11.3787663071,0,0,17.5680751801,
G1_D060_DENS_MED_V_REF_S100,G1_D060_DENS_MED_V_REF,100,8.79303073883,17.8897616423,10.7610725312,0,0,17.5860614777,
G1_D060_DENS_MED_V_REF_S100,G1_D060_DENS_MED_V_REF,100,8.80202484131,18.3367355897,10.9252424066,0,0,17.6040496826,
G1_D060_DENS_MED_V_REF_S100,G1_D060_DENS_MED_V_REF,100,8.81100940704,17.860199855,10.1507151491,0,0,17.6220188141,
G1_D060_DENS_MED_V_REF_S100,G1_D060_DENS_MED_V_REF,100,8.82000350952,16.8291707854,10.2235804852,0,0,17.640007019,
G1_D060_DENS_MED_V_REF_S100,G1_D060_DENS_MED_V_REF,100,8.82908630371,17.2108853346,13.8697304351,0,0,17.6581726074,
G1_D060_DENS_MED_V_REF_S100,G1_D060_DENS_MED_V_REF,100,8.83808040619,16.827466294,9.69523780627,0,0,17.6761608124,
G1_D060_DENS_MED_V_REF_S100,G1_D060_DENS_MED_V_REF,100,8.84707450867,17.4071280767,10.316231938,0,0,17.6941490173,
G1_D060_DENS_MED_V_REF_S100,G1_D060_DENS_MED_V_REF,100,8.85606765747,16.7760725103,9.5368054032,0,0,17.7121353149,
G1_D060_DENS_MED_V_REF_S100,G1_D060_DENS_MED_V_REF,100,8.86506175995,17.2855617457,9.50122674787,0,0,17.7301235199,
G1_D060_DENS_MED_V_REF_S100,G1_D060_DENS_MED_V_REF,100,8.87405586243,17.137612927,11.580299123,0,0,17.7481117249,
G1_D060_DENS_MED_V_REF_S100,G1_D060_DENS_MED_V_REF,100,8.88304901123,17.0886299538,11.0638670217,0,0,17.7660980225,
G1_D060_DENS_MED_V_REF_S100,G1_D060_DENS_MED_V_REF,100,8.89204311371,16.3847078112,10.2646936693,0,0,17.7840862274,
G1_D060_DENS_MED_V_REF_S100,G1_D060_DENS_MED_V_REF,100,8.90103626251,17.0282543466,10.2154756348,0,0,17.802072525,
G1_D060_DENS_MED_V_REF_S100,G1_D060_DENS_MED_V_REF,100,8.91003036499,16.3294940326,10.6004792461,0,0,17.82006073,
G1_D060_DENS_MED_V_REF_S100,G1_D060_DENS_MED_V_REF,100,8.91902446747,14.8461720353,9.47747032911,0,0,17.8380489349,
G1_D060_DENS_MED_V_REF_S100,G1_D060_DENS_MED_V_REF,100,8.92801761627,17.3194253446,10.7413439241,0,0,17.8560352325,
G1_D060_DENS_MED_V_REF_S100,G1_D060_DENS_MED_V_REF,100,8.93701171875,16.6149091341,10.035714768,0,0,17.8740234375,
G1_D060_DENS_MED_V_REF_S100,G1_D060_DENS_MED_V_REF,100,8.94600486755,17.3942485458,10.5046040983,0,0,17.8920097351,
G1_D060_DENS_MED_V_REF_S100,G1_D060_DENS_MED_V_REF,100,8.95508861542,17.005508798,10.1864901915,0,0,17.9101772308,
G1_D060_DENS_MED_V_REF_S100,G1_D060_DENS_MED_V_REF,100,8.9640827179,17.3934662412,13.2408502342,0,0,17.9281654358,
G1_D060_DENS_MED_V_REF_S100,G1_D060_DENS_MED_V_REF,100,8.9730758667,16.7013097521,9.17321830814,0,0,17.9461517334,
G1_D060_DENS_MED_V_REF_S100,G1_D060_DENS_MED_V_REF,100,8.98206996918,17.2454207138,10.140547181,0,0,17.9641399384,
G1_D060_DENS_MED_V_REF_S100,G1_D060_DENS_MED_V_REF,100,8.99106407166,17.6732273357,10.5254375756,0,0,17.9821281433,
G1_D060_DENS_MED_V_REF_S100,G1_D060_DENS_MED_V_REF,100,9,16.7535756414,9.56079873651,0,0,18,
