run_id,scenario_id,S,z_m,qb_MPa,qs_kPa,ALLKE,ALLIE,time_s,walltime_h
G2_D075_DENS_HIGH_V_REF_S030,G2_D075_DENS_HIGH_V_REF,30,0,0,0,0,0,0,
G2_D075_DENS_HIGH_V_REF_S030,G2_D075_DENS_HIGH_V_REF,30,0.00901406351477,0,0,0,0,0.0180281270295,
G2_D075_DENS_HIGH_V_REF_S030,G2_D075_DENS_HIGH_V_REF,30,0.0180410463363,0,0,0,0,0.0360820926726,
G2_D075_DENS_HIGH_V_REF_S030,G2_D075_DENS_HIGH_V_REF,30,0.0270013976842,2.76222660143,145.154794278,0,0,0.0540027953684,
G2_D075_DENS_HIGH_V_REF_S030,G2_D075_DENS_HIGH_V_REF,30,0.0360226221383,0.332393164473,125.070934389,0,0,0.0720452442765,
G2_D075_DENS_HIGH_V_REF_S030,G2_D075_DENS_HIGH_V_REF,30,0.0450438931584,1.33024022446,133.936255217,0,0,0.0900877863169,
G2_D075_DENS_HIGH_V_REF_S030,G2_D075_DENS_HIGH_V_REF,30,0.0540042184293,1.62311972042,190.096106802,0,0,0.108008436859,
G2_D075_DENS_HIGH_V_REF_S030,G2_D075_DENS_HIGH_V_REF,30,0.0630254521966,0.317791665531,5.60287153615,0,0,0.126050904393,
G2_D075_DENS_HIGH_V_REF_S030,G2_D075_DENS_HIGH_V_REF,30,0.0720467492938,2.81444434354,167.406342194,0,0,0.144093498588,
G2_D075_DENS_HIGH_V_REF_S030,G2_D075_DENS_HIGH_V_REF,30,0.0810070186853,0,0,0,0,0.162014037371,
G2_D075_DENS_HIGH_V_REF_S030,G2_D075_DENS_HIGH_V_REF,30,0.0900283306837,2.80180119644,84.5497409954,0,0,0.180056661367,
G2_D075_DENS_HIGH_V_REF_S030,G2_D075_DENS_HIGH_V_REF,30,0.0990495458245,0,0,0,0,0.198099091649,
G2_D075_DENS_HIGH_V_REF_S030,G2_D075_DENS_HIGH_V_REF,30,0.108009897172,2.51987617495,31.6227030688,0,0,0.216019794345,
G2_D075_DENS_HIGH_V_REF_S030,G2_D075_DENS_HIGH_V_REF,30,0.117031134665,0.0620099287222,2.63888723512e-06,0,0,0.23406226933,
G2_D075_DENS_HIGH_V_REF_S030,G2_D075_DENS_HIGH_V_REF,30,0.12605240941,1.90229462187,15.1577992627,0,0,0.252104818821,
G2_D075_DENS_HIGH_V_REF_S030,G2_D075_DENS_HIGH_V_REF,30,0.135012716055,0.712838411469,7.44855192963,0,0,0.27002543211,
G2_D075_DENS_HIGH_V_REF_S030,G2_D075_DENS_HIGH_V_REF,30,0.144033968449,0.863770211012,5.11194577171,0,0,0.288067936897,
G2_D075_DENS_HIGH_V_REF_S030,G2_D075_DENS_HIGH_V_REF,30,0.153055265546,1.97128649368,15.5128257764,0,0,0.306110531092,
G2_D075_DENS_HIGH_V_REF_S030,G2_D075_DENS_HIGH_V_REF,30,0.162015497684,0.406195501347,0.000302754724263,0,0,0.324030995369,
G2_D075_DENS_HIGH_V_REF_S030,G2_D075_DENS_HIGH_V_REF,30,0.171036794782,2.56199144652,14.7332400052,0,0,0.342073589563,
G2_D075_DENS_HIGH_V_REF_S030,G2_D075_DENS_HIGH_V_REF,30,0.180057987571,0.258493341743,4.99398793271e-05,0,0,0.360115975142,
G2_D075_DENS_HIGH_V_REF_S030,G2_D075_DENS_HIGH_V_REF,30,0.189018324018,3.35637493778,14.9678478651,0,0,0.378036648035,
G2_D075_DENS_HIGH_V_REF_S030,G2_D075_DENS_HIGH_V_REF,30,0.198039531708,0.388842811652,0.00027720704943,0,0,0.396079063416,
G2_D075_DENS_HIGH_V_REF_S030,G2_D075_DENS_HIGH_V_REF,30,0.207060813904,2.68597369981,8.80337212732,0,0,0.414121627808,
G2_D075_DENS_HIGH_V_REF_S030,G2_D075_DENS_HIGH_V_REF,30,0.216021090746,1.0352435671,0.000553689277868,0,0,0.432042181492,
G2_D075_DENS_HIGH_V_REF_S030,G2_D075_DENS_HIGH_V_REF,30,0.22504234314,2.28628134266,9.14292385084,0,0,0.450084686279,
G2_D075_DENS_HIGH_V_REF_S030,G2_D075_DENS_HIGH_V_REF,30,0.234002649784,1.91633935482,1.64635402444,0,0,0.468005299568,
G2_D075_DENS_HIGH_V_REF_S030,G2_D075_DENS_HIGH_V_REF,30,0.243023872375,1.54971765409,0.00114034912368,0,0,0.486047744751,
G2_D075_DENS_HIGH_V_REF_S030,G2_D075_DENS_HIGH_V_REF,30,0.252045154572,2.68439707115,7.48154644673,0,0,0.504090309143,
G2_D075_DENS_HIGH_V_REF_S030,G2_D075_DENS_HIGH_V_REF,30,0.261005401611,1.21909052923,0.000510103948219,0,0,0.522010803223,
G2_D075_DENS_HIGH_V_REF_S030,G2_D075_DENS_HIGH_V_REF,30,0.27002671361,3.04321852181,6.7110325525,0,0,0.540053427219,
G2_D075_DENS_HIGH_V_REF_S030,G2_D075_DENS_HIGH_V_REF,30,0.279047906399,1.1764685039,0.000689403209005,0,0,0.558095812798,
G2_D075_DENS_HIGH_V_REF_S030,G2_D075_DENS_HIGH_V_REF,30,0.288008242846,3.29588473067,3.42660396897,0,0,0.576016485691,
G2_D075_DENS_HIGH_V_REF_S030,G2_D075_DENS_HIGH_V_REF,30,0.297029465437,1.27738309947,0.000516854120273,0,0,0.594058930874,
G2_D075_DENS_HIGH_V_REF_S030,G2_D075_DENS_HIGH_V_REF,30,0.306050747633,2.96135596106,3.90464033385,0,0,0.612101495266,
G2_D075_DENS_HIGH_V_REF_S030,G2_D075_DENS_HIGH_V_REF,30,0.315011054277,1.60753386474,0.028699966716,0,0,0.630022108555,
G2_D075_DENS_HIGH_V_REF_S030,G2_D075_DENS_HIGH_V_REF,30,0.324032276869,1.99139693651,2.9778123013,0,0,0.648064553738,
G2_D075_DENS_HIGH_V_REF_S030,G2_D075_DENS_HIGH_V_REF,30,0.333053559065,2.33151215514,5.27547058642,0,0,0.66610711813,
G2_D075_DENS_HIGH_V_REF_S030,G2_D075_DENS_HIGH_V_REF,30,0.342013806105,1.92639112235,0.833000253972,0,0,0.684027612209,
G2_D075_DENS_HIGH_V_REF_S030,G2_D075_DENS_HIGH_V_REF,30,0.351035088301,3.07000794603,10.0058897896,0,0,0.702070176601,
G2_D075_DENS_HIGH_V_REF_S030,G2_D075_DENS_HIGH_V_REF,30,0.360056310892,1.51206134587,0.0875527295205,0,0,0.720112621784,
G2_D075_DENS_HIGH_V_REF_S030,G2_D075_DENS_HIGH_V_REF,30,0.369016647339,3.45023435498,11.5413837492,0,0,0.738033294678,
G2_D075_DENS_HIGH_V_REF_S030,G2_D075_DENS_HIGH_V_REF,30,0.37803786993,1.64210986166,1.28584374878,0,0,0.756075739861,
G2_D075_DENS_HIGH_V_REF_S030,G2_D075_DENS_HIGH_V_REF,30,0.387059152126,3.4188084378,7.57120581257,0,0,0.774118304253,
G2_D075_DENS_HIGH_V_REF_S030,G2_D075_DENS_HIGH_V_REF,30,0.396019428968,2.06655716761,2.15988552218,0,0,0.792038857937,
G2_D075_DENS_HIGH_V_REF_S030,G2_D075_DENS_HIGH_V_REF,30,0.405040681362,2.71534110254,3.84911547641,0,0,0.810081362724,
G2_D075_DENS_HIGH_V_REF_S030,G2_D075_DENS_HIGH_V_REF,30,0.414000988007,2.96880750708,4.1246999678,0,0,0.828001976013,
G2_D075_DENS_HIGH_V_REF_S030,G2_D075_DENS_HIGH_V_REF,30,0.4230222404,2.69464432848,3.03395344181,0,0,0.846044480801,
G2_D075_DENS_HIGH_V_REF_S030,G2_D075_DENS_HIGH_V_REF,30,0.432043522596,3.33518052821,6.76864642398,0,0,0.864087045193,
G2_D075_DENS_HIGH_V_REF_S030,G2_D075_DENS_HIGH_V_REF,30,0.441003769636,2.37255865706,2.71947849528,0,0,0.882007539272,
G2_D075_DENS_HIGH_V_REF_S030,G2_D075_DENS_HIGH_V_REF,30,0.450025051832,3.63943697766,7.23153167885,0,0,0.900050103664,
G2_D075_DENS_HIGH_V_REF_S030,G2_D075_DENS_HIGH_V_REF,30,0.459046274424,2.36934101936,3.22400660909,0,0,0.918092548847,
G2_D075_DENS_HIGH_V_REF_S030,G2_D075_DENS_HIGH_V_REF,30,0.46800661087,2.8575955038,6.31504705358,0,0,0.936013221741,
G2_D075_DENS_HIGH_V_REF_S030,G2_D075_DENS_HIGH_V_REF,30,0.477027863264,2.25014446679,1.64670341402,0,0,0.954055726528,
G2_D075_DENS_HIGH_V_REF_S030,G2_D075_DENS_HIGH_V_REF,30,0.486049115658,3.45488051882,9.54824205196,0,0,0.972098231316,
G2_D075_DENS_HIGH_V_REF_S030,G2_D075_DENS_HIGH_V_REF,30,0.495009422302,2.83732866914,6.29885931953,0,0,0.990018844604,
G2_D075_DENS_HIGH_V_REF_S030,G2_D075_DENS_HIGH_V_REF,30,0.504030644894,3.09242171456,5.16819751379,0,0,1.00806128979,
G2_D075_DENS_HIGH_V_REF_S030,G2_D075_DENS_HIGH_V_REF,30,0.51305192709,3.57465649485,7.89382464959,0,0,1.02610385418,
G2_D075_DENS_HIGH_V_REF_S030,G2_D075_DENS_HIGH_V_REF,30,0.522012233734,2.98948742619,4.72889853448,0,0,1.04402446747,
G2_D075_DENS_HIGH_V_REF_S030,G2_D075_DENS_HIGH_V_REF,30,0.53103351593,3.78460148285,8.0895532444,0,0,1.06206703186,
G2_D075_DENS_HIGH_V_REF_S030,G2_D075_DENS_HIGH_V_REF,30,0.540054738522,3.47962330994,4.14500283961,0,0,1.08010947704,
G2_D075_DENS_HIGH_V_REF_S030,G2_D075_DENS_HIGH_V_REF,30,0.549015045166,4.22664881107,8.31277271339,0,0,1.09803009033,
G2_D075_DENS_HIGH_V_REF_S030,G2_D075_DENS_HIGH_V_REF,30,0.558036267757,3.60784472146,4.57315572319,0,0,1.11607253551,
G2_D075_DENS_HIGH_V_REF_S030,G2_D075_DENS_HIGH_V_REF,30,0.567057549953,4.61049461342,9.27651068352,0,0,1.13411509991,
G2_D075_DENS_HIGH_V_REF_S030,G2_D075_DENS_HIGH_V_REF,30,0.576017856598,3.4662924256,3.5496636453,0,0,1.1520357132,
G2_D075_DENS_HIGH_V_REF_S030,G2_D075_DENS_HIGH_V_REF,30,0.585039138794,4.0885705692,8.48069285501,0,0,1.17007827759,
G2_D075_DENS_HIGH_V_REF_S030,G2_D075_DENS_HIGH_V_REF,30,0.594060361385,4.16816821143,7.75146594291,0,0,1.18812072277,
G2_D075_DENS_HIGH_V_REF_S030,G2_D075_DENS_HIGH_V_REF,30,0.60302066803,4.65041072841,9.13808236238,0,0,1.20604133606,
G2_D075_DENS_HIGH_V_REF_S030,G2_D075_DENS_HIGH_V_REF,30,0.612041950226,4.53566471172,9.2965812016,0,0,1.22408390045,
G2_D075_DENS_HIGH_V_REF_S030,G2_D075_DENS_HIGH_V_REF,30,0.62100225687,4.05702943047,4.94069036406,0,0,1.24200451374,
G2_D075_DENS_HIGH_V_REF_S030,G2_D075_DENS_HIGH_V_REF,30,0.630023479462,4.60497447896,7.75613318611,0,0,1.26004695892,
G2_D075_DENS_HIGH_V_REF_S030,G2_D075_DENS_HIGH_V_REF,30,0.639044761658,3.78648398741,4.4896169471,0,0,1.27808952332,
G2_D075_DENS_HIGH_V_REF_S030,G2_D075_DENS_HIGH_V_REF,30,0.648005068302,5.09279018206,6.80914190364,0,0,1.2960101366,
G2_D075_DENS_HIGH_V_REF_S030,G2_D075_DENS_HIGH_V_REF,30,0.657026290894,4.37071802078,5.05477132969,0,0,1.31405258179,
G2_D075_DENS_HIGH_V_REF_S030,G2_D075_DENS_HIGH_V_REF,30,0.66604757309,4.92523373688,5.54392720816,0,0,1.33209514618,
G2_D075_DENS_HIGH_V_REF_S030,G2_D075_DENS_HIGH_V_REF,30,0.675007879734,4.69272936463,5.41343838159,0,0,1.35001575947,
G2_D075_DENS_HIGH_V_REF_S030,G2_D075_DENS_HIGH_V_REF,30,0.68402916193,5.37480942549,6.6796431844,0,0,1.36805832386,
G2_D075_DENS_HIGH_V_REF_S030,G2_D075_DENS_HIGH_V_REF,30,0.693050384521,5.29098395378,6.2984659782,0,0,1.38610076904,
G2_D075_DENS_HIGH_V_REF_S030,G2_D075_DENS_HIGH_V_REF,30,0.702010691166,4.55695721158,4.10288007664,0,0,1.40402138233,
G2_D075_DENS_HIGH_V_REF_S030,G2_D075_DENS_HIGH_V_REF,30,0.711031973362,5.89886465387,6.27663775132,0,0,1.42206394672,
G2_D075_DENS_HIGH_V_REF_S030,G2_D075_DENS_HIGH_V_REF,30,0.720053195953,5.45808945995,8.16022010985,0,0,1.44010639191,
G2_D075_DENS_HIGH_V_REF_S030,G2_D075_DENS_HIGH_V_REF,30,0.729013562202,5.6740804016,6.62237769297,0,0,1.4580271244,
G2_D075_DENS_HIGH_V_REF_S030,G2_D075_DENS_HIGH_V_REF,30,0.738034784794,4.81345778353,6.19927478774,0,0,1.47606956959,
G2_D075_DENS_HIGH_V_REF_S030,G2_D075_DENS_HIGH_V_REF,30,0.74705606699,5.73893383043,7.8561832119,0,0,1.49411213398,
G2_D075_DENS_HIGH_V_REF_S030,G2_D075_DENS_HIGH_V_REF,30,0.756016373634,5.70827937262,5.42576120719,0,0,1.51203274727,
G2_D075_DENS_HIGH_V_REF_S030,G2_D075_DENS_HIGH_V_REF,30,0.765037596226,5.12229850322,4.23243446405,0,0,1.53007519245,
G2_D075_DENS_HIGH_V_REF_S030,G2_D075_DENS_HIGH_V_REF,30,0.774058878422,5.91374564105,4.24152224013,0,0,1.54811775684,
G2_D075_DENS_HIGH_V_REF_S030,G2_D075_DENS_HIGH_V_REF,30,0.783019185066,5.17037821681,4.10465024155,0,0,1.56603837013,
G2_D075_DENS_HIGH_V_REF_S030,G2_D075_DENS_HIGH_V_REF,30,0.792040467262,6.04928817994,4.59675176384,0,0,1.58408093452,
G2_D075_DENS_HIGH_V_REF_S030,G2_D075_DENS_HIGH_V_REF,30,0.801000773907,6.17263105035,3.200310704,0,0,1.60200154781,
G2_D075_DENS_HIGH_V_REF_S030,G2_D075_DENS_HIGH_V_REF,30,0.810021996498,5.14809984051,2.3091890837,0,0,1.620043993,
G2_D075_DENS_HIGH_V_REF_S030,G2_D075_DENS_HIGH_V_REF,30,0.819043278694,6.05212644309,4.84807370299,0,0,1.63808655739,
G2_D075_DENS_HIGH_V_REF_S030,G2_D075_DENS_HIGH_V_REF,30,0.828003585339,6.1546625678,3.33024601331,0,0,1.65600717068,
G2_D075_DENS_HIGH_V_REF_S030,G2_D075_DENS_HIGH_V_REF,30,0.83702480793,4.87382558502,1.59908077651,0,0,1.67404961586,
G2_D075_DENS_HIGH_V_REF_S030,G2_D075_DENS_HIGH_V_REF,30,0.846046090126,5.46371072412,3.48876887713,0,0,1.69209218025,
G2_D075_DENS_HIGH_V_REF_S030,G2_D075_DENS_HIGH_V_REF,30,0.85500639677,5.76474400965,4.76425743669,0,0,1.71001279354,
G2_D075_DENS_HIGH_V_REF_S030,G2_D075_DENS_HIGH_V_REF,30,0.864027678967,6.1241766595,4.12337537496,0,0,1.72805535793,
G2_D075_DENS_HIGH_V_REF_S030,G2_D075_DENS_HIGH_V_REF,30,0.873048901558,6.39133646799,5.20840036776,0,0,1.74609780312,
G2_D075_DENS_HIGH_V_REF_S030,G2_D075_DENS_HIGH_V_REF,30,0.882009208202,6.0133346362,3.68448026417,0,0,1.7640184164,
G2_D075_DENS_HIGH_V_REF_S030,G2_D075_DENS_HIGH_V_REF,30,0.891030490398,6.18828791788,4.11826332007,0,0,1.7820609808,
G2_D075_DENS_HIGH_V_REF_S030,G2_D075_DENS_HIGH_V_REF,30,0.90005171299,5.59671286276,2.49650037953,0,0,1.80010342598,
G2_D075_DENS_HIGH_V_REF_S030,G2_D075_DENS_HIGH_V_REF,30,0.909012079239,6.43023990439,3.06791935276,0,0,1.81802415848,
G2_D075_DENS_HIGH_V_REF_S030,G2_D075_DENS_HIGH_V_REF,30,0.91803330183,6.09695784851,2.93368011266,0,0,1.83606660366,
G2_D075_DENS_HIGH_V_REF_S030,G2_D075_DENS_HIGH_V_REF,30,0.927054584026,5.89337712406,2.7232945775,0,0,1.85410916805,
G2_D075_DENS_HIGH_V_REF_S030,G2_D075_DENS_HIGH_V_REF,30,0.936014890671,6.52934922423,5.79522061406,0,0,1.87202978134,
G2_D075_DENS_HIGH_V_REF_S030,G2_D075_DENS_HIGH_V_REF,30,0.945036113262,6.98861402262,4.33693130651,0,0,1.89007222652,
G2_D075_DENS_HIGH_V_REF_S030,G2_D075_DENS_HIGH_V_REF,30,0.954057395458,6.33521777191,3.93825749935,0,0,1.90811479092,
G2_D075_DENS_HIGH_V_REF_S030,G2_D075_DENS_HIGH_V_REF,30,0.963017702103,5.72895017348,3.21046813327,0,0,1.92603540421,
G2_D075_DENS_HIGH_V_REF_S030,G2_D075_DENS_HIGH_V_REF,30,0.972038984299,6.77863836414,7.07727538737,0,0,1.9440779686,
G2_D075_DENS_HIGH_V_REF_S030,G2_D075_DENS_HIGH_V_REF,30,0.98106020689,6.10519356419,3.76625971631,0,0,1.96212041378,
G2_D075_DENS_HIGH_V_REF_S030,G2_D075_DENS_HIGH_V_REF,30,0.990020513535,6.92598821037,6.40730648497,0,0,1.98004102707,
G2_D075_DENS_HIGH_V_REF_S030,G2_D075_DENS_HIGH_V_REF,30,0.999041795731,6.7384644513,4.29395858581,0,0,1.99808359146,
G2_D075_DENS_HIGH_V_REF_S030,G2_D075_DENS_HIGH_V_REF,30,1.00800204277,6.34434320793,3.83817145106,0,0,2.01600408554,
G2_D075_DENS_HIGH_V_REF_S030,G2_D075_DENS_HIGH_V_REF,30,1.01702332497,6.40227173887,3.02533662702,0,0,2.03404664993,
G2_D075_DENS_HIGH_V_REF_S030,G2_D075_DENS_HIGH_V_REF,30,1.02604460716,7.11301018928,3.95038796861,0,0,2.05208921432,
G2_D075_DENS_HIGH_V_REF_S030,G2_D075_DENS_HIGH_V_REF,30,1.03500497341,6.67108664823,2.81459986494,0,0,2.07000994682,
G2_D075_DENS_HIGH_V_REF_S030,G2_D075_DENS_HIGH_V_REF,30,1.0440261364,7.20155670502,3.43544894022,0,0,2.0880522728,
G2_D075_DENS_HIGH_V_REF_S030,G2_D075_DENS_HIGH_V_REF,30,1.05304741859,6.68736079379,3.43153892225,0,0,2.10609483719,
G2_D075_DENS_HIGH_V_REF_S030,G2_D075_DENS_HIGH_V_REF,30,1.06200778484,6.37265510392,2.71375751879,0,0,2.12401556969,
G2_D075_DENS_HIGH_V_REF_S030,G2_D075_DENS_HIGH_V_REF,30,1.07102894783,6.75350846177,2.17505098448,0,0,2.14205789566,
G2_D075_DENS_HIGH_V_REF_S030,G2_D075_DENS_HIGH_V_REF,30,1.08005023003,6.93857858214,4.46561508659,0,0,2.16010046005,
G2_D075_DENS_HIGH_V_REF_S030,G2_D075_DENS_HIGH_V_REF,30,1.08901703358,4.87148136534,0.861883218991,0,0,2.17803406715,
G2_D075_DENS_HIGH_V_REF_S030,G2_D075_DENS_HIGH_V_REF,30,1.09803831577,6.90830764353,4.76816399789,0,0,2.19607663155,
G2_D075_DENS_HIGH_V_REF_S030,G2_D075_DENS_HIGH_V_REF,30,1.10705959797,6.99268518395,5.97055447667,0,0,2.21411919594,
G2_D075_DENS_HIGH_V_REF_S030,G2_D075_DENS_HIGH_V_REF,30,1.11601984501,6.9842041044,4.19902734696,0,0,2.23203969002,
G2_D075_DENS_HIGH_V_REF_S030,G2_D075_DENS_HIGH_V_REF,30,1.1250411272,7.55063212589,4.13079956628,0,0,2.25008225441,
G2_D075_DENS_HIGH_V_REF_S030,G2_D075_DENS_HIGH_V_REF,30,1.13400149345,6.94084156649,4.73962446818,0,0,2.26800298691,
G2_D075_DENS_HIGH_V_REF_S030,G2_D075_DENS_HIGH_V_REF,30,1.14302265644,6.87071557755,3.8494777148,0,0,2.28604531288,
G2_D075_DENS_HIGH_V_REF_S030,G2_D075_DENS_HIGH_V_REF,30,1.15204393864,7.56570597792,5.04652010967,0,0,2.30408787727,
G2_D075_DENS_HIGH_V_REF_S030,G2_D075_DENS_HIGH_V_REF,30,1.16100430489,7.13207286207,1.86994829935,0,0,2.32200860977,
G2_D075_DENS_HIGH_V_REF_S030,G2_D075_DENS_HIGH_V_REF,30,1.17002546787,7.86780029641,5.04346207109,0,0,2.34005093575,
G2_D075_DENS_HIGH_V_REF_S030,G2_D075_DENS_HIGH_V_REF,30,1.17904675007,7.46437346247,2.60609550351,0,0,2.35809350014,
G2_D075_DENS_HIGH_V_REF_S030,G2_D075_DENS_HIGH_V_REF,30,1.18800699711,7.58414142549,5.27917245012,0,0,2.37601399422,
G2_D075_DENS_HIGH_V_REF_S030,G2_D075_DENS_HIGH_V_REF,30,1.1970282793,7.44251010478,5.79070649944,0,0,2.39405655861,
G2_D075_DENS_HIGH_V_REF_S030,G2_D075_DENS_HIGH_V_REF,30,1.2060495615,7.52547901343,4.84034645613,0,0,2.412099123,
G2_D075_DENS_HIGH_V_REF_S030,G2_D075_DENS_HIGH_V_REF,30,1.21501767635,7.5664569903,5.77195201166,0,0,2.43003535271,
G2_D075_DENS_HIGH_V_REF_S030,G2_D075_DENS_HIGH_V_REF,30,1.22403883934,7.35136350569,9.02461205932,0,0,2.44807767868,
G2_D075_DENS_HIGH_V_REF_S030,G2_D075_DENS_HIGH_V_REF,30,1.23306012154,7.40341159305,4.84743442111,0,0,2.46612024307,
G2_D075_DENS_HIGH_V_REF_S030,G2_D075_DENS_HIGH_V_REF,30,1.24202048779,7.45623500814,4.39532609126,0,0,2.48404097557,
G2_D075_DENS_HIGH_V_REF_S030,G2_D075_DENS_HIGH_V_REF,30,1.25104165077,8.11143612011,5.93240680662,0,0,2.50208330154,
G2_D075_DENS_HIGH_V_REF_S030,G2_D075_DENS_HIGH_V_REF,30,1.26000201702,8.53512370988,6.39933011121,0,0,2.52000403404,
G2_D075_DENS_HIGH_V_REF_S030,G2_D075_DENS_HIGH_V_REF,30,1.26902329922,8.29108226212,5.77083332656,0,0,2.53804659843,
G2_D075_DENS_HIGH_V_REF_S030,G2_D075_DENS_HIGH_V_REF,30,1.2780444622,8.17214544158,6.40812981794,0,0,2.55608892441,
G2_D075_DENS_HIGH_V_REF_S030,G2_D075_DENS_HIGH_V_REF,30,1.28700482845,8.94831702059,6.368597411,0,0,2.57400965691,
G2_D075_DENS_HIGH_V_REF_S030,G2_D075_DENS_HIGH_V_REF,30,1.29602599144,8.10909853188,5.23734492015,0,0,2.59205198288,
G2_D075_DENS_HIGH_V_REF_S030,G2_D075_DENS_HIGH_V_REF,30,1.30504727364,8.33607116461,6.76106229185,0,0,2.61009454727,
G2_D075_DENS_HIGH_V_REF_S030,G2_D075_DENS_HIGH_V_REF,30,1.31400763988,8.65492814592,6.40104218991,0,0,2.62801527977,
G2_D075_DENS_HIGH_V_REF_S030,G2_D075_DENS_HIGH_V_REF,30,1.32302880287,8.06014401873,5.39414978981,0,0,2.64605760574,
G2_D075_DENS_HIGH_V_REF_S030,G2_D075_DENS_HIGH_V_REF,30,1.33202600479,8.21727913086,10.3937858518,0,0,2.66405200958,
G2_D075_DENS_HIGH_V_REF_S030,G2_D075_DENS_HIGH_V_REF,30,1.34103441238,8.0584358662,8.53553599756,0,0,2.68206882477,
G2_D075_DENS_HIGH_V_REF_S030,G2_D075_DENS_HIGH_V_REF,30,1.35005569458,8.47782295678,7.51566383146,0,0,2.70011138916,
G2_D075_DENS_HIGH_V_REF_S030,G2_D075_DENS_HIGH_V_REF,30,1.35901606083,8.42430268619,6.51878580499,0,0,2.71803212166,
G2_D075_DENS_HIGH_V_REF_S030,G2_D075_DENS_HIGH_V_REF,30,1.36803722382,8.41353872792,5.88469240083,0,0,2.73607444763,
G2_D075_DENS_HIGH_V_REF_S030,G2_D075_DENS_HIGH_V_REF,30,1.37705850601,8.86845218596,6.56044292381,0,0,2.75411701202,
G2_D075_DENS_HIGH_V_REF_S030,G2_D075_DENS_HIGH_V_REF,30,1.38601875305,8.58004685043,6.44642746928,0,0,2.7720375061,
G2_D075_DENS_HIGH_V_REF_S030,G2_D075_DENS_HIGH_V_REF,30,1.39504003525,8.6011636167,5.89352991965,0,0,2.7900800705,
G2_D075_DENS_HIGH_V_REF_S030,G2_D075_DENS_HIGH_V_REF,30,1.40400028229,8.50888359126,5.76633844437,0,0,2.80800056458,
G2_D075_DENS_HIGH_V_REF_S030,G2_D075_DENS_HIGH_V_REF,30,1.41302156448,8.78732074323,6.88582154804,0,0,2.82604312897,
G2_D075_DENS_HIGH_V_REF_S030,G2_D075_DENS_HIGH_V_REF,30,1.42204284668,8.56075539242,6.69391396671,0,0,2.84408569336,
G2_D075_DENS_HIGH_V_REF_S030,G2_D075_DENS_HIGH_V_REF,30,1.43100309372,8.52851601664,6.5967801123,0,0,2.86200618744,
G2_D075_DENS_HIGH_V_REF_S030,G2_D075_DENS_HIGH_V_REF,30,1.44002437592,8.68151862646,8.19848188048,0,0,2.88004875183,
G2_D075_DENS_HIGH_V_REF_S030,G2_D075_DENS_HIGH_V_REF,30,1.4490455389,9.06294892098,6.44290666659,0,0,2.8980910778,
G2_D075_DENS_HIGH_V_REF_S030,G2_D075_DENS_HIGH_V_REF,30,1.4580142498,8.54667183782,6.98620079336,0,0,2.9160284996,
G2_D075_DENS_HIGH_V_REF_S030,G2_D075_DENS_HIGH_V_REF,30,1.467035532,9.02579674157,9.19275141287,0,0,2.934071064,
G2_D075_DENS_HIGH_V_REF_S030,G2_D075_DENS_HIGH_V_REF,30,1.47605669498,8.96473650556,7.44145172256,0,0,2.95211338997,
G2_D075_DENS_HIGH_V_REF_S030,G2_D075_DENS_HIGH_V_REF,30,1.48501706123,8.98809194083,7.92115161056,0,0,2.97003412247,
G2_D075_DENS_HIGH_V_REF_S030,G2_D075_DENS_HIGH_V_REF,30,1.49403822422,8.60326634086,7.15102218863,0,0,2.98807644844,
G2_D075_DENS_HIGH_V_REF_S030,G2_D075_DENS_HIGH_V_REF,30,1.50305950642,10.2147145606,10.3624482739,0,0,3.00611901283,
G2_D075_DENS_HIGH_V_REF_S030,G2_D075_DENS_HIGH_V_REF,30,1.51201975346,8.56578037817,6.32716901617,0,0,3.02403950691,
G2_D075_DENS_HIGH_V_REF_S030,G2_D075_DENS_HIGH_V_REF,30,1.52104103565,9.40045797741,7.8687260562,0,0,3.0420820713,
G2_D075_DENS_HIGH_V_REF_S030,G2_D075_DENS_HIGH_V_REF,30,1.53000128269,9.51486053994,8.15657722544,0,0,3.06000256538,
G2_D075_DENS_HIGH_V_REF_S030,G2_D075_DENS_HIGH_V_REF,30,1.53900432587,9.43779639021,8.23649126807,0,0,3.07800865173,
G2_D075_DENS_HIGH_V_REF_S030,G2_D075_DENS_HIGH_V_REF,30,1.54802560806,9.2847501233,7.98812190678,0,0,3.09605121613,
G2_D075_DENS_HIGH_V_REF_S030,G2_D075_DENS_HIGH_V_REF,30,1.55704677105,9.78988801831,7.30218016762,0,0,3.1140935421,
G2_D075_DENS_HIGH_V_REF_S030,G2_D075_DENS_HIGH_V_REF,30,1.5660071373,9.16643223864,8.69106928084,0,0,3.1320142746,
G2_D075_DENS_HIGH_V_REF_S030,G2_D075_DENS_HIGH_V_REF,30,1.57500874996,9.29067975017,8.5532719589,0,0,3.15001749992,
G2_D075_DENS_HIGH_V_REF_S030,G2_D075_DENS_HIGH_V_REF,30,1.58402991295,9.30103034769,7.17840807795,0,0,3.1680598259,
G2_D075_DENS_HIGH_V_REF_S030,G2_D075_DENS_HIGH_V_REF,30,1.59305119514,9.60927478896,8.92134878329,0,0,3.18610239029,
G2_D075_DENS_HIGH_V_REF_S030,G2_D075_DENS_HIGH_V_REF,30,1.60201144218,9.29301623316,7.2570561524,0,0,3.20402288437,
G2_D075_DENS_HIGH_V_REF_S030,G2_D075_DENS_HIGH_V_REF,30,1.61103272438,9.42504631088,7.97927866992,0,0,3.22206544876,
G2_D075_DENS_HIGH_V_REF_S030,G2_D075_DENS_HIGH_V_REF,30,1.62005388737,9.49750049348,7.85388589494,0,0,3.24010777473,
G2_D075_DENS_HIGH_V_REF_S030,G2_D075_DENS_HIGH_V_REF,30,1.62901425362,9.90851702877,7.57420034716,0,0,3.25802850723,
G2_D075_DENS_HIGH_V_REF_S030,G2_D075_DENS_HIGH_V_REF,30,1.6380354166,9.44820888131,7.76906993011,0,0,3.27607083321,
G2_D075_DENS_HIGH_V_REF_S030,G2_D075_DENS_HIGH_V_REF,30,1.6470566988,10.0468945151,7.39808359646,0,0,3.2941133976,
G2_D075_DENS_HIGH_V_REF_S030,G2_D075_DENS_HIGH_V_REF,30,1.65601694584,10.0204184272,8.11673190609,0,0,3.31203389168,
G2_D075_DENS_HIGH_V_REF_S030,G2_D075_DENS_HIGH_V_REF,30,1.66502249241,10.3219905185,9.30166635159,0,0,3.33004498482,
G2_D075_DENS_HIGH_V_REF_S030,G2_D075_DENS_HIGH_V_REF,30,1.6740436554,9.48258745426,8.36015064898,0,0,3.34808731079,
G2_D075_DENS_HIGH_V_REF_S030,G2_D075_DENS_HIGH_V_REF,30,1.68300402164,9.70083640668,7.46489526079,0,0,3.36600804329,
G2_D075_DENS_HIGH_V_REF_S030,G2_D075_DENS_HIGH_V_REF,30,1.6920055151,9.63344976167,7.37334512506,0,0,3.3840110302,
G2_D075_DENS_HIGH_V_REF_S030,G2_D075_DENS_HIGH_V_REF,30,1.70101737976,9.49688155759,7.23103934636,0,0,3.40203475952,
G2_D075_DENS_HIGH_V_REF_S030,G2_D075_DENS_HIGH_V_REF,30,1.71003866196,9.70731865488,8.99815577052,0,0,3.42007732391,
G2_D075_DENS_HIGH_V_REF_S030,G2_D075_DENS_HIGH_V_REF,30,1.71905994415,9.30422449898,7.07058871603,0,0,3.43811988831,
G2_D075_DENS_HIGH_V_REF_S030,G2_D075_DENS_HIGH_V_REF,30,1.72802019119,9.69874197183,7.25098229376,0,0,3.45604038239,
G2_D075_DENS_HIGH_V_REF_S030,G2_D075_DENS_HIGH_V_REF,30,1.73704135418,9.85188218437,7.94267343787,0,0,3.47408270836,
G2_D075_DENS_HIGH_V_REF_S030,G2_D075_DENS_HIGH_V_REF,30,1.74600172043,9.72432391845,7.85865242441,0,0,3.49200344086,
G2_D075_DENS_HIGH_V_REF_S030,G2_D075_DENS_HIGH_V_REF,30,1.75500428677,9.83888121495,6.31602322037,0,0,3.51000857353,
G2_D075_DENS_HIGH_V_REF_S030,G2_D075_DENS_HIGH_V_REF,30,1.76402556896,9.65199241779,6.85286333102,0,0,3.52805113792,
G2_D075_DENS_HIGH_V_REF_S030,G2_D075_DENS_HIGH_V_REF,30,1.77304685116,9.80208547631,7.69170647413,0,0,3.54609370232,
G2_D075_DENS_HIGH_V_REF_S030,G2_D075_DENS_HIGH_V_REF,30,1.7820070982,9.9098831087,8.59242358732,0,0,3.5640141964,
G2_D075_DENS_HIGH_V_REF_S030,G2_D075_DENS_HIGH_V_REF,30,1.791005373,10.3893362695,7.49262359986,0,0,3.582010746,
G2_D075_DENS_HIGH_V_REF_S030,G2_D075_DENS_HIGH_V_REF,30,1.80002653599,9.74531358181,7.19240044466,0,0,3.60005307198,
G2_D075_DENS_HIGH_V_REF_S030,G2_D075_DENS_HIGH_V_REF,30,1.80900025368,10.5211364568,9.07416426069,0,0,3.61800050735,
G2_D075_DENS_HIGH_V_REF_S030,G2_D075_DENS_HIGH_V_REF,30,1.81800317764,9.59296030205,5.99054905205,0,0,3.63600635529,
G2_D075_DENS_HIGH_V_REF_S030,G2_D075_DENS_HIGH_V_REF,30,1.82702434063,9.52439215265,8.18223325225,0,0,3.65404868126,
G2_D075_DENS_HIGH_V_REF_S030,G2_D075_DENS_HIGH_V_REF,30,1.83604562283,9.58670020763,7.51649697341,0,0,3.67209124565,
G2_D075_DENS_HIGH_V_REF_S030,G2_D075_DENS_HIGH_V_REF,30,1.84500586987,10.392995728,8.98419584398,0,0,3.69001173973,
G2_D075_DENS_HIGH_V_REF_S030,G2_D075_DENS_HIGH_V_REF,30,1.85402715206,10.4057358601,7.55673487383,0,0,3.70805430412,
G2_D075_DENS_HIGH_V_REF_S030,G2_D075_DENS_HIGH_V_REF,30,1.86304831505,9.69128932058,8.13267099882,0,0,3.7260966301,
G2_D075_DENS_HIGH_V_REF_S030,G2_D075_DENS_HIGH_V_REF,30,1.87200856209,9.99309019714,7.87597856706,0,0,3.74401712418,
G2_D075_DENS_HIGH_V_REF_S030,G2_D075_DENS_HIGH_V_REF,30,1.88102984428,10.5023340686,8.55828977231,0,0,3.76205968857,
G2_D075_DENS_HIGH_V_REF_S030,G2_D075_DENS_HIGH_V_REF,30,1.89005100727,10.5511415845,8.10558452335,0,0,3.78010201454,
G2_D075_DENS_HIGH_V_REF_S030,G2_D075_DENS_HIGH_V_REF,30,1.89901137352,10.1398653172,6.54018796113,0,0,3.79802274704,
G2_D075_DENS_HIGH_V_REF_S030,G2_D075_DENS_HIGH_V_REF,30,1.90803313255,10.9413386638,6.37128031652,0,0,3.81606626511,
G2_D075_DENS_HIGH_V_REF_S030,G2_D075_DENS_HIGH_V_REF,30,1.91706061363,11.2651902367,6.17077052136,0,0,3.83412122726,
G2_D075_DENS_HIGH_V_REF_S030,G2_D075_DENS_HIGH_V_REF,30,1.92602097988,11.1165527828,8.19762978364,0,0,3.85204195976,
G2_D075_DENS_HIGH_V_REF_S030,G2_D075_DENS_HIGH_V_REF,30,1.93504214287,10.0269360431,10.6117400222,0,0,3.87008428574,
G2_D075_DENS_HIGH_V_REF_S030,G2_D075_DENS_HIGH_V_REF,30,1.9440022707,10.4149535839,8.19212077911,0,0,3.8880045414,
G2_D075_DENS_HIGH_V_REF_S030,G2_D075_DENS_HIGH_V_REF,30,1.95302343369,11.1626071392,8.57329616731,0,0,3.90604686737,
G2_D075_DENS_HIGH_V_REF_S030,G2_D075_DENS_HIGH_V_REF,30,1.96204471588,10.3823831879,7.74967705716,0,0,3.92408943176,
G2_D075_DENS_HIGH_V_REF_S030,G2_D075_DENS_HIGH_V_REF,30,1.97100496292,10.5278320168,7.75074664956,0,0,3.94200992584,
G2_D075_DENS_HIGH_V_REF_S030,G2_D075_DENS_HIGH_V_REF,30,1.98002612591,10.8424426558,8.57385292378,0,0,3.96005225182,
G2_D075_DENS_HIGH_V_REF_S030,G2_D075_DENS_HIGH_V_REF,30,1.9890474081,10.6997204606,8.12744441439,0,0,3.97809481621,
G2_D075_DENS_HIGH_V_REF_S030,G2_D075_DENS_HIGH_V_REF,30,1.99800765514,10.4634892101,7.61865202874,0,0,3.99601531029,
G2_D075_DENS_HIGH_V_REF_S030,G2_D075_DENS_HIGH_V_REF,30,2.00702881813,10.9492124125,7.45285625579,0,0,4.01405763626,
G2_D075_DENS_HIGH_V_REF_S030,G2_D075_DENS_HIGH_V_REF,30,2.01602935791,10.3711937113,7.80441465217,0,0,4.03205871582,
G2_D075_DENS_HIGH_V_REF_S030,G2_D075_DENS_HIGH_V_REF,30,2.02505087852,11.0741888316,8.02302864361,0,0,4.05010175705,
G2_D075_DENS_HIGH_V_REF_S030,G2_D075_DENS_HIGH_V_REF,30,2.03404641151,10.861760087,5.33625053751,0,0,4.06809282303,
G2_D075_DENS_HIGH_V_REF_S030,G2_D075_DENS_HIGH_V_REF,30,2.04300665855,11.0268391308,8.36050210362,0,0,4.08601331711,
G2_D075_DENS_HIGH_V_REF_S030,G2_D075_DENS_HIGH_V_REF,30,2.05202794075,11.8373876249,8.29331924467,0,0,4.1040558815,
G2_D075_DENS_HIGH_V_REF_S030,G2_D075_DENS_HIGH_V_REF,30,2.0610203743,10.6532295333,8.83286340433,0,0,4.1220407486,
G2_D075_DENS_HIGH_V_REF_S030,G2_D075_DENS_HIGH_V_REF,30,2.07004141808,11.2682959686,9.92592650466,0,0,4.14008283615,
G2_D075_DENS_HIGH_V_REF_S030,G2_D075_DENS_HIGH_V_REF,30,2.07900166512,10.8893226285,8.07234930939,0,0,4.15800333023,
G2_D075_DENS_HIGH_V_REF_S030,G2_D075_DENS_HIGH_V_REF,30,2.08802294731,11.1201260323,8.5098317498,0,0,4.17604589462,
G2_D075_DENS_HIGH_V_REF_S030,G2_D075_DENS_HIGH_V_REF,30,2.09704422951,10.3818073565,8.10743945313,0,0,4.19408845901,
G2_D075_DENS_HIGH_V_REF_S030,G2_D075_DENS_HIGH_V_REF,30,2.10600447655,11.1085397735,9.14914509432,0,0,4.21200895309,
G2_D075_DENS_HIGH_V_REF_S030,G2_D075_DENS_HIGH_V_REF,30,2.11502575874,10.5685900504,7.97689437984,0,0,4.23005151749,
G2_D075_DENS_HIGH_V_REF_S030,G2_D075_DENS_HIGH_V_REF,30,2.12404680252,11.4744502506,8.06639295654,0,0,4.24809360504,
G2_D075_DENS_HIGH_V_REF_S030,G2_D075_DENS_HIGH_V_REF,30,2.13304138184,10.9954380816,7.95599914586,0,0,4.26608276367,
G2_D075_DENS_HIGH_V_REF_S030,G2_D075_DENS_HIGH_V_REF,30,2.14202523232,12.0830565424,7.9280767131,0,0,4.28405046463,
G2_D075_DENS_HIGH_V_REF_S030,G2_D075_DENS_HIGH_V_REF,30,2.15102863312,10.13097364,5.84097348207,0,0,4.30205726624,
G2_D075_DENS_HIGH_V_REF_S030,G2_D075_DENS_HIGH_V_REF,30,2.16003775597,11.6123115885,7.99763357928,0,0,4.32007551193,
G2_D075_DENS_HIGH_V_REF_S030,G2_D075_DENS_HIGH_V_REF,30,2.1690530777,11.4500044934,13.031108513,0,0,4.3381061554,
G2_D075_DENS_HIGH_V_REF_S030,G2_D075_DENS_HIGH_V_REF,30,2.17801213264,11.4807136607,7.91356496442,0,0,4.35602426529,
G2_D075_DENS_HIGH_V_REF_S030,G2_D075_DENS_HIGH_V_REF,30,2.18704319,11.3027850658,7.97128178699,0,0,4.37408638,
G2_D075_DENS_HIGH_V_REF_S030,G2_D075_DENS_HIGH_V_REF,30,2.19600343704,11.3106831298,8.93249147287,0,0,4.39200687408,
G2_D075_DENS_HIGH_V_REF_S030,G2_D075_DENS_HIGH_V_REF,30,2.20502471924,12.0352492712,11.4869562678,0,0,4.41004943848,
G2_D075_DENS_HIGH_V_REF_S030,G2_D075_DENS_HIGH_V_REF,30,2.21404600143,11.8230371542,8.38670444621,0,0,4.42809200287,
G2_D075_DENS_HIGH_V_REF_S030,G2_D075_DENS_HIGH_V_REF,30,2.22300624847,11.3447334457,7.78996560703,0,0,4.44601249695,
G2_D075_DENS_HIGH_V_REF_S030,G2_D075_DENS_HIGH_V_REF,30,2.23200368881,11.6607864264,7.64023171974,0,0,4.46400737762,
G2_D075_DENS_HIGH_V_REF_S030,G2_D075_DENS_HIGH_V_REF,30,2.24106001854,12.4974352259,9.210703397,0,0,4.48212003708,
G2_D075_DENS_HIGH_V_REF_S030,G2_D075_DENS_HIGH_V_REF,30,2.250020504,11.8703525925,8.0056205767,0,0,4.500041008,
G2_D075_DENS_HIGH_V_REF_S030,G2_D075_DENS_HIGH_V_REF,30,2.25902700424,11.8345935714,7.34148552145,0,0,4.51805400848,
G2_D075_DENS_HIGH_V_REF_S030,G2_D075_DENS_HIGH_V_REF,30,2.26803970337,11.525095785,7.91172919815,0,0,4.53607940674,
G2_D075_DENS_HIGH_V_REF_S030,G2_D075_DENS_HIGH_V_REF,30,2.27700185776,11.2750103177,6.612188143,0,0,4.55400371552,
G2_D075_DENS_HIGH_V_REF_S030,G2_D075_DENS_HIGH_V_REF,30,2.28605484962,12.147872393,8.41382629296,0,0,4.57210969925,
G2_D075_DENS_HIGH_V_REF_S030,G2_D075_DENS_HIGH_V_REF,30,2.29501509666,11.5706958867,7.60759425746,0,0,4.59003019333,
G2_D075_DENS_HIGH_V_REF_S030,G2_D075_DENS_HIGH_V_REF,30,2.30405974388,11.6153554268,9.91670812979,0,0,4.60811948776,
G2_D075_DENS_HIGH_V_REF_S030,G2_D075_DENS_HIGH_V_REF,30,2.31301999092,11.8021104896,8.88883668307,0,0,4.62603998184,
G2_D075_DENS_HIGH_V_REF_S030,G2_D075_DENS_HIGH_V_REF,30,2.3220410347,12.2766143738,8.90513299413,0,0,4.6440820694,
G2_D075_DENS_HIGH_V_REF_S030,G2_D075_DENS_HIGH_V_REF,30,2.33100128174,11.9893894375,8.4831496256,0,0,4.66200256348,
G2_D075_DENS_HIGH_V_REF_S030,G2_D075_DENS_HIGH_V_REF,30,2.34002256393,10.5008862007,6.79071952994,0,0,4.68004512787,
G2_D075_DENS_HIGH_V_REF_S030,G2_D075_DENS_HIGH_V_REF,30,2.34904384613,11.7915764218,7.98762324415,0,0,4.69808769226,
G2_D075_DENS_HIGH_V_REF_S030,G2_D075_DENS_HIGH_V_REF,30,2.35800409317,12.5754344109,7.90427967348,0,0,4.71600818634,
G2_D075_DENS_HIGH_V_REF_S030,G2_D075_DENS_HIGH_V_REF,30,2.36704230309,12.9415847257,6.85419019581,0,0,4.73408460617,
G2_D075_DENS_HIGH_V_REF_S030,G2_D075_DENS_HIGH_V_REF,30,2.37600255013,11.337948361,7.26653191136,0,0,4.75200510025,
G2_D075_DENS_HIGH_V_REF_S030,G2_D075_DENS_HIGH_V_REF,30,2.38502883911,12.2555793955,7.51742257709,0,0,4.77005767822,
G2_D075_DENS_HIGH_V_REF_S030,G2_D075_DENS_HIGH_V_REF,30,2.39403128624,12.2366134315,5.94269336235,0,0,4.78806257248,
G2_D075_DENS_HIGH_V_REF_S030,G2_D075_DENS_HIGH_V_REF,30,2.40302562714,12.6137211219,9.54991852918,0,0,4.80605125427,
G2_D075_DENS_HIGH_V_REF_S030,G2_D075_DENS_HIGH_V_REF,30,2.41201639175,12.4954601573,8.76591117889,0,0,4.82403278351,
G2_D075_DENS_HIGH_V_REF_S030,G2_D075_DENS_HIGH_V_REF,30,2.42100739479,10.7183968511,4.32386310901,0,0,4.84201478958,
G2_D075_DENS_HIGH_V_REF_S030,G2_D075_DENS_HIGH_V_REF,30,2.43003582954,12.8394171994,7.88573494293,0,0,4.86007165909,
G2_D075_DENS_HIGH_V_REF_S030,G2_D075_DENS_HIGH_V_REF,30,2.43905591965,12.5234360595,11.5913256259,0,0,4.87811183929,
G2_D075_DENS_HIGH_V_REF_S030,G2_D075_DENS_HIGH_V_REF,30,2.44801616669,12.2807314027,7.99249999733,0,0,4.89603233337,
G2_D075_DENS_HIGH_V_REF_S030,G2_D075_DENS_HIGH_V_REF,30,2.45703744888,13.2988301003,9.7285954663,0,0,4.91407489777,
G2_D075_DENS_HIGH_V_REF_S030,G2_D075_DENS_HIGH_V_REF,30,2.46601939201,12.3867297001,7.86870668281,0,0,4.93203878403,
G2_D075_DENS_HIGH_V_REF_S030,G2_D075_DENS_HIGH_V_REF,30,2.47504067421,12.8461636006,8.07998650034,0,0,4.95008134842,
G2_D075_DENS_HIGH_V_REF_S030,G2_D075_DENS_HIGH_V_REF,30,2.48405814171,16.1294107104,18.3476373761,0,0,4.96811628342,
G2_D075_DENS_HIGH_V_REF_S030,G2_D075_DENS_HIGH_V_REF,30,2.49300336838,13.7124516925,7.05406851344,0,0,4.98600673676,
G2_D075_DENS_HIGH_V_REF_S030,G2_D075_DENS_HIGH_V_REF,30,2.50202441216,11.9902515267,8.57349835173,0,0,5.00404882431,
G2_D075_DENS_HIGH_V_REF_S030,G2_D075_DENS_HIGH_V_REF,30,2.51103758812,11.021001239,4.8326617598,0,0,5.02207517624,
G2_D075_DENS_HIGH_V_REF_S030,G2_D075_DENS_HIGH_V_REF,30,2.52000045776,12.00440858,4.84831361627,0,0,5.04000091553,
G2_D075_DENS_HIGH_V_REF_S030,G2_D075_DENS_HIGH_V_REF,30,2.52902173996,12.5138525004,7.6989964301,0,0,5.05804347992,
G2_D075_DENS_HIGH_V_REF_S030,G2_D075_DENS_HIGH_V_REF,30,2.53804302216,12.5624102314,7.89604852594,0,0,5.07608604431,
G2_D075_DENS_HIGH_V_REF_S030,G2_D075_DENS_HIGH_V_REF,30,2.5470559597,12.9410011576,11.6927158083,0,0,5.0941119194,
G2_D075_DENS_HIGH_V_REF_S030,G2_D075_DENS_HIGH_V_REF,30,2.55601620674,13.1404919315,9.38611605568,0,0,5.11203241348,
G2_D075_DENS_HIGH_V_REF_S030,G2_D075_DENS_HIGH_V_REF,30,2.56501889229,13.0918258867,9.51983904623,0,0,5.13003778458,
G2_D075_DENS_HIGH_V_REF_S030,G2_D075_DENS_HIGH_V_REF,30,2.57404017448,13.5979518687,8.78628551511,0,0,5.14808034897,
G2_D075_DENS_HIGH_V_REF_S030,G2_D075_DENS_HIGH_V_REF,30,2.58300042152,13.274593234,8.80855117847,0,0,5.16600084305,
G2_D075_DENS_HIGH_V_REF_S030,G2_D075_DENS_HIGH_V_REF,30,2.59203052521,13.5751540283,8.67590704954,0,0,5.18406105042,
G2_D075_DENS_HIGH_V_REF_S030,G2_D075_DENS_HIGH_V_REF,30,2.60104012489,14.5055904043,7.01702761441,0,0,5.20208024979,
G2_D075_DENS_HIGH_V_REF_S030,G2_D075_DENS_HIGH_V_REF,30,2.61004042625,13.9911607342,7.54140328959,0,0,5.22008085251,
G2_D075_DENS_HIGH_V_REF_S030,G2_D075_DENS_HIGH_V_REF,30,2.61900067329,12.5086644913,8.43875362531,0,0,5.23800134659,
G2_D075_DENS_HIGH_V_REF_S030,G2_D075_DENS_HIGH_V_REF,30,2.62802147865,12.9313435472,7.15078729683,0,0,5.25604295731,
G2_D075_DENS_HIGH_V_REF_S030,G2_D075_DENS_HIGH_V_REF,30,2.63701868057,11.2931230344,6.18487788541,0,0,5.27403736115,
G2_D075_DENS_HIGH_V_REF_S030,G2_D075_DENS_HIGH_V_REF,30,2.64603710175,13.0852585348,3.37587885512,0,0,5.29207420349,
G2_D075_DENS_HIGH_V_REF_S030,G2_D075_DENS_HIGH_V_REF,30,2.65505814552,12.652149304,6.39334436082,0,0,5.31011629105,
G2_D075_DENS_HIGH_V_REF_S030,G2_D075_DENS_HIGH_V_REF,30,2.66405701637,13.2770203469,10.9897514176,0,0,5.32811403275,
G2_D075_DENS_HIGH_V_REF_S030,G2_D075_DENS_HIGH_V_REF,30,2.67300271988,15.5941637948,20.1493256677,0,0,5.34600543976,
G2_D075_DENS_HIGH_V_REF_S030,G2_D075_DENS_HIGH_V_REF,30,2.68203854561,13.5738343686,5.27957195259,0,0,5.36407709122,
G2_D075_DENS_HIGH_V_REF_S030,G2_D075_DENS_HIGH_V_REF,30,2.69104385376,12.8284211402,7.79162874139,0,0,5.38208770752,
G2_D075_DENS_HIGH_V_REF_S030,G2_D075_DENS_HIGH_V_REF,30,2.70004296303,12.4413121089,6.59444005051,0,0,5.40008592606,
G2_D075_DENS_HIGH_V_REF_S030,G2_D075_DENS_HIGH_V_REF,30,2.70900225639,13.1424647897,8.44864922105,0,0,5.41800451279,
G2_D075_DENS_HIGH_V_REF_S030,G2_D075_DENS_HIGH_V_REF,30,2.71801924706,13.5781514464,7.03138627759,0,0,5.43603849411,
G2_D075_DENS_HIGH_V_REF_S030,G2_D075_DENS_HIGH_V_REF,30,2.72702670097,12.7376442447,7.80247315677,0,0,5.45405340195,
G2_D075_DENS_HIGH_V_REF_S030,G2_D075_DENS_HIGH_V_REF,30,2.73600363731,15.5850134908,8.15205678182,0,0,5.47200727463,
G2_D075_DENS_HIGH_V_REF_S030,G2_D075_DENS_HIGH_V_REF,30,2.74502706528,9.98806134304,8.26496573022,0,0,5.49005413055,
G2_D075_DENS_HIGH_V_REF_S030,G2_D075_DENS_HIGH_V_REF,30,2.75400304794,13.9197841632,14.6519491435,0,0,5.50800609589,
G2_D075_DENS_HIGH_V_REF_S030,G2_D075_DENS_HIGH_V_REF,30,2.76301121712,13.5510752117,8.07486502719,0,0,5.52602243423,
G2_D075_DENS_HIGH_V_REF_S030,G2_D075_DENS_HIGH_V_REF,30,2.77201890945,13.0574185775,7.53495868255,0,0,5.54403781891,
G2_D075_DENS_HIGH_V_REF_S030,G2_D075_DENS_HIGH_V_REF,30,2.78102040291,13.5918310348,7.27591555838,0,0,5.56204080582,
G2_D075_DENS_HIGH_V_REF_S030,G2_D075_DENS_HIGH_V_REF,30,2.79002189636,12.8874521507,8.0940928722,0,0,5.58004379272,
G2_D075_DENS_HIGH_V_REF_S030,G2_D075_DENS_HIGH_V_REF,30,2.7990424633,13.8810266188,12.7510958172,0,0,5.59808492661,
G2_D075_DENS_HIGH_V_REF_S030,G2_D075_DENS_HIGH_V_REF,30,2.80800008774,13.338632099,7.98395972542,0,0,5.61600017548,
G2_D075_DENS_HIGH_V_REF_S030,G2_D075_DENS_HIGH_V_REF,30,2.81701421738,13.7286644971,9.09826355422,0,0,5.63402843475,
G2_D075_DENS_HIGH_V_REF_S030,G2_D075_DENS_HIGH_V_REF,30,2.82603740692,13.7749200077,7.24921829929,0,0,5.65207481384,
G2_D075_DENS_HIGH_V_REF_S030,G2_D075_DENS_HIGH_V_REF,30,2.83503699303,13.4573517393,7.58145991353,0,0,5.67007398605,
G2_D075_DENS_HIGH_V_REF_S030,G2_D075_DENS_HIGH_V_REF,30,2.8440258503,13.7349223811,7.56222847574,0,0,5.68805170059,
G2_D075_DENS_HIGH_V_REF_S030,G2_D075_DENS_HIGH_V_REF,30,2.85304021835,14.3455987925,10.2982562106,0,0,5.70608043671,
G2_D075_DENS_HIGH_V_REF_S030,G2_D075_DENS_HIGH_V_REF,30,2.86200881004,13.4836233574,4.52018035256,0,0,5.72401762009,
G2_D075_DENS_HIGH_V_REF_S030,G2_D075_DENS_HIGH_V_REF,30,2.87100028992,14.4549316069,5.62035597971,0,0,5.74200057983,
G2_D075_DENS_HIGH_V_REF_S030,G2_D075_DENS_HIGH_V_REF,30,2.8800470829,12.0504386211,10.390503038,0,0,5.7600941658,
G2_D075_DENS_HIGH_V_REF_S030,G2_D075_DENS_HIGH_V_REF,30,2.88905572891,13.7934107174,7.69856423743,0,0,5.77811145782,
G2_D075_DENS_HIGH_V_REF_S030,G2_D075_DENS_HIGH_V_REF,30,2.89802050591,14.7848266467,5.05276246053,0,0,5.79604101181,
G2_D075_DENS_HIGH_V_REF_S030,G2_D075_DENS_HIGH_V_REF,30,2.90704083443,13.8055031774,4.97634851041,0,0,5.81408166885,
G2_D075_DENS_HIGH_V_REF_S030,G2_D075_DENS_HIGH_V_REF,30,2.91603684425,13.0174496871,8.0288325268,0,0,5.83207368851,
G2_D075_DENS_HIGH_V_REF_S030,G2_D075_DENS_HIGH_V_REF,30,2.92501163483,14.2449089756,8.9680703221,0,0,5.85002326965,
G2_D075_DENS_HIGH_V_REF_S030,G2_D075_DENS_HIGH_V_REF,30,2.93406033516,14.2113935972,9.50449390419,0,0,5.86812067032,
G2_D075_DENS_HIGH_V_REF_S030,G2_D075_DENS_HIGH_V_REF,30,2.94300222397,14.8703160612,18.0863862552,0,0,5.88600444794,
G2_D075_DENS_HIGH_V_REF_S030,G2_D075_DENS_HIGH_V_REF,30,2.95200753212,12.5333158236,6.64957714802,0,0,5.90401506424,
G2_D075_DENS_HIGH_V_REF_S030,G2_D075_DENS_HIGH_V_REF,30,2.96103215218,16.5029727824,9.18744200154,0,0,5.92206430435,
G2_D075_DENS_HIGH_V_REF_S030,G2_D075_DENS_HIGH_V_REF,30,2.97001004219,13.1027224741,5.59406134081,0,0,5.94002008438,
G2_D075_DENS_HIGH_V_REF_S030,G2_D075_DENS_HIGH_V_REF,30,2.97900605202,14.4899766412,12.7546479959,0,0,5.95801210403,
G2_D075_DENS_HIGH_V_REF_S030,G2_D075_DENS_HIGH_V_REF,30,2.98804092407,14.2141235466,10.2069989318,0,0,5.97608184814,
G2_D075_DENS_HIGH_V_REF_S030,G2_D075_DENS_HIGH_V_REF,30,2.99700474739,14.2771676932,7.62923184971,0,0,5.99400949478,
G2_D075_DENS_HIGH_V_REF_S030,G2_D075_DENS_HIGH_V_REF,30,3.00603866577,14.9215352166,12.9528211169,0,0,6.01207733154,
G2_D075_DENS_HIGH_V_REF_S030,G2_D075_DENS_HIGH_V_REF,30,3.01501965523,13.2807969611,8.85627633894,0,0,6.03003931046,
G2_D075_DENS_HIGH_V_REF_S030,G2_D075_DENS_HIGH_V_REF,30,3.02401375771,14.6124618433,8.27191064427,0,0,6.04802751541,
G2_D075_DENS_HIGH_V_REF_S030,G2_D075_DENS_HIGH_V_REF,30,3.03305435181,14.3574790458,7.71736176555,0,0,6.06610870361,
G2_D075_DENS_HIGH_V_REF_S030,G2_D075_DENS_HIGH_V_REF,30,3.04202103615,14.2850337052,6.48063958173,0,0,6.0840420723,
G2_D075_DENS_HIGH_V_REF_S030,G2_D075_DENS_HIGH_V_REF,30,3.05100846291,15.8448814609,10.4691981592,0,0,6.10201692581,
G2_D075_DENS_HIGH_V_REF_S030,G2_D075_DENS_HIGH_V_REF,30,3.06002259254,14.3533564907,8.90455759525,0,0,6.12004518509,
G2_D075_DENS_HIGH_V_REF_S030,G2_D075_DENS_HIGH_V_REF,30,3.069013834,14.44242026,6.04897573534,0,0,6.138027668,
G2_D075_DENS_HIGH_V_REF_S030,G2_D075_DENS_HIGH_V_REF,30,3.07804703712,14.7381113551,10.3597137688,0,0,6.15609407425,
G2_D075_DENS_HIGH_V_REF_S030,G2_D075_DENS_HIGH_V_REF,30,3.08705592155,14.4353610751,8.49479002382,0,0,6.17411184311,
G2_D075_DENS_HIGH_V_REF_S030,G2_D075_DENS_HIGH_V_REF,30,3.09605288506,11.615251534,4.97507945518,0,0,6.19210577011,
G2_D075_DENS_HIGH_V_REF_S030,G2_D075_DENS_HIGH_V_REF,30,3.10502743721,14.8020209067,7.67864317732,0,0,6.21005487442,
G2_D075_DENS_HIGH_V_REF_S030,G2_D075_DENS_HIGH_V_REF,30,3.11400723457,15.9923108846,3.83182798767,0,0,6.22801446915,
G2_D075_DENS_HIGH_V_REF_S030,G2_D075_DENS_HIGH_V_REF,30,3.12300419807,14.5776621729,13.2931953698,0,0,6.24600839615,
G2_D075_DENS_HIGH_V_REF_S030,G2_D075_DENS_HIGH_V_REF,30,3.13201642036,15.2029255769,7.78678811066,0,0,6.26403284073,
G2_D075_DENS_HIGH_V_REF_S030,G2_D075_DENS_HIGH_V_REF,30,3.14105820656,15.7136007377,5.60463054646,0,0,6.28211641312,
G2_D075_DENS_HIGH_V_REF_S030,G2_D075_DENS_HIGH_V_REF,30,3.15003299713,14.8102085444,6.82649288201,0,0,6.30006599426,
G2_D075_DENS_HIGH_V_REF_S030,G2_D075_DENS_HIGH_V_REF,30,3.15905570984,15.3511739854,8.24949981045,0,0,6.31811141968,
G2_D075_DENS_HIGH_V_REF_S030,G2_D075_DENS_HIGH_V_REF,30,3.16802215576,12.6593676438,6.02372375287,0,0,6.33604431152,
G2_D075_DENS_HIGH_V_REF_S030,G2_D075_DENS_HIGH_V_REF,30,3.17706084251,15.4933446646,9.99025992876,0,0,6.35412168503,
G2_D075_DENS_HIGH_V_REF_S030,G2_D075_DENS_HIGH_V_REF,30,3.18601489067,14.3574823616,7.41280651808,0,0,6.37202978134,
G2_D075_DENS_HIGH_V_REF_S030,G2_D075_DENS_HIGH_V_REF,30,3.19502472878,16.0336093818,8.28316543398,0,0,6.39004945755,
G2_D075_DENS_HIGH_V_REF_S030,G2_D075_DENS_HIGH_V_REF,30,3.20402383804,15.9132970868,6.72566310165,0,0,6.40804767609,
G2_D075_DENS_HIGH_V_REF_S030,G2_D075_DENS_HIGH_V_REF,30,3.21303534508,16.8198513793,12.5064079632,0,0,6.42607069016,
G2_D075_DENS_HIGH_V_REF_S030,G2_D075_DENS_HIGH_V_REF,30,3.22203493118,20.9051587196,18.3004527723,0,0,6.44406986237,
G2_D075_DENS_HIGH_V_REF_S030,G2_D075_DENS_HIGH_V_REF,30,3.23102712631,15.797845649,4.07913508491,0,0,6.46205425262,
G2_D075_DENS_HIGH_V_REF_S030,G2_D075_DENS_HIGH_V_REF,30,3.24001288414,13.8863616252,9.94743320941,0,0,6.48002576828,
G2_D075_DENS_HIGH_V_REF_S030,G2_D075_DENS_HIGH_V_REF,30,3.24902248383,15.4413485236,8.03389166288,0,0,6.49804496765,
G2_D075_DENS_HIGH_V_REF_S030,G2_D075_DENS_HIGH_V_REF,30,3.2580435276,13.4324605694,10.9493098319,0,0,6.51608705521,
G2_D075_DENS_HIGH_V_REF_S030,G2_D075_DENS_HIGH_V_REF,30,3.26701188087,15.1711354823,9.11227600571,0,0,6.53402376175,
G2_D075_DENS_HIGH_V_REF_S030,G2_D075_DENS_HIGH_V_REF,30,3.2760322094,17.6698957199,9.35411702282,0,0,6.55206441879,
G2_D075_DENS_HIGH_V_REF_S030,G2_D075_DENS_HIGH_V_REF,30,3.28502631187,14.5694557461,9.70789815257,0,0,6.57005262375,
G2_D075_DENS_HIGH_V_REF_S030,G2_D075_DENS_HIGH_V_REF,30,3.29400467873,15.4957463569,10.844612974,0,0,6.58800935745,
G2_D075_DENS_HIGH_V_REF_S030,G2_D075_DENS_HIGH_V_REF,30,3.30304718018,14.5019232091,7.81700111622,0,0,6.60609436035,
G2_D075_DENS_HIGH_V_REF_S030,G2_D075_DENS_HIGH_V_REF,30,3.31201553345,15.5375344766,9.16182051244,0,0,6.62403106689,
G2_D075_DENS_HIGH_V_REF_S030,G2_D075_DENS_HIGH_V_REF,30,3.32103323936,14.9704245204,8.30006146444,0,0,6.64206647873,
G2_D075_DENS_HIGH_V_REF_S030,G2_D075_DENS_HIGH_V_REF,30,3.33001565933,14.7467333531,7.84612950444,0,0,6.66003131866,
G2_D075_DENS_HIGH_V_REF_S030,G2_D075_DENS_HIGH_V_REF,30,3.33900594711,13.891243482,6.17509083632,0,0,6.67801189423,
G2_D075_DENS_HIGH_V_REF_S030,G2_D075_DENS_HIGH_V_REF,30,3.34800863266,15.4749003751,12.629479792,0,0,6.69601726532,
G2_D075_DENS_HIGH_V_REF_S030,G2_D075_DENS_HIGH_V_REF,30,3.35704541206,17.6728467178,19.2171263473,0,0,6.71409082413,
G2_D075_DENS_HIGH_V_REF_S030,G2_D075_DENS_HIGH_V_REF,30,3.3660197258,16.1828425615,12.5426964383,0,0,6.7320394516,
G2_D075_DENS_HIGH_V_REF_S030,G2_D075_DENS_HIGH_V_REF,30,3.37503457069,16.286600532,8.92688157228,0,0,6.75006914139,
G2_D075_DENS_HIGH_V_REF_S030,G2_D075_DENS_HIGH_V_REF,30,3.38401007652,15.9625765413,9.26183284904,0,0,6.76802015305,
G2_D075_DENS_HIGH_V_REF_S030,G2_D075_DENS_HIGH_V_REF,30,3.39300990105,16.3126698906,10.0900642659,0,0,6.78601980209,
G2_D075_DENS_HIGH_V_REF_S030,G2_D075_DENS_HIGH_V_REF,30,3.40206027031,17.2571417431,15.146295875,0,0,6.80412054062,
G2_D075_DENS_HIGH_V_REF_S030,G2_D075_DENS_HIGH_V_REF,30,3.41101932526,15.5410248329,9.26263528065,0,0,6.82203865051,
G2_D075_DENS_HIGH_V_REF_S030,G2_D075_DENS_HIGH_V_REF,30,3.42003703117,14.521630791,7.08258112595,0,0,6.84007406235,
G2_D075_DENS_HIGH_V_REF_S030,G2_D075_DENS_HIGH_V_REF,30,3.42903804779,15.8002738671,8.73488030747,0,0,6.85807609558,
G2_D075_DENS_HIGH_V_REF_S030,G2_D075_DENS_HIGH_V_REF,30,3.43804550171,17.7134257021,11.7087194974,0,0,6.87609100342,
G2_D075_DENS_HIGH_V_REF_S030,G2_D075_DENS_HIGH_V_REF,30,3.44704818726,14.6618363487,7.10212394225,0,0,6.89409637451,
G2_D075_DENS_HIGH_V_REF_S030,G2_D075_DENS_HIGH_V_REF,30,3.45604014397,14.5197120897,7.60907964366,0,0,6.91208028793,
G2_D075_DENS_HIGH_V_REF_S030,G2_D075_DENS_HIGH_V_REF,30,3.46500730515,18.1199240054,9.94195973015,0,0,6.93001461029,
G2_D075_DENS_HIGH_V_REF_S030,G2_D075_DENS_HIGH_V_REF,30,3.47400546074,13.5247129638,6.35509289833,0,0,6.94801092148,
G2_D075_DENS_HIGH_V_REF_S030,G2_D075_DENS_HIGH_V_REF,30,3.48305392265,14.3646631231,7.5004871917,0,0,6.96610784531,
G2_D075_DENS_HIGH_V_REF_S030,G2_D075_DENS_HIGH_V_REF,30,3.49200129509,18.0631819524,17.3915571169,0,0,6.98400259018,
G2_D075_DENS_HIGH_V_REF_S030,G2_D075_DENS_HIGH_V_REF,30,3.50105905533,16.1533480559,6.58377077121,0,0,7.00211811066,
G2_D075_DENS_HIGH_V_REF_S030,G2_D075_DENS_HIGH_V_REF,30,3.51005339622,15.9597305414,8.39426263179,0,0,7.02010679245,
G2_D075_DENS_HIGH_V_REF_S030,G2_D075_DENS_HIGH_V_REF,30,3.51904726028,16.0378258826,3.82915944156,0,0,7.03809452057,
G2_D075_DENS_HIGH_V_REF_S030,G2_D075_DENS_HIGH_V_REF,30,3.52800393105,15.4190745683,6.32171317624,0,0,7.05600786209,
G2_D075_DENS_HIGH_V_REF_S030,G2_D075_DENS_HIGH_V_REF,30,3.53705716133,16.8705820174,7.34058404878,0,0,7.07411432266,
G2_D075_DENS_HIGH_V_REF_S030,G2_D075_DENS_HIGH_V_REF,30,3.54604911804,15.8844126751,9.58385194734,0,0,7.09209823608,
G2_D075_DENS_HIGH_V_REF_S030,G2_D075_DENS_HIGH_V_REF,30,3.55502867699,16.0669545529,8.08006621367,0,0,7.11005735397,
G2_D075_DENS_HIGH_V_REF_S030,G2_D075_DENS_HIGH_V_REF,30,3.56405210495,17.3475273827,11.42331856,0,0,7.1281042099,
G2_D075_DENS_HIGH_V_REF_S030,G2_D075_DENS_HIGH_V_REF,30,3.57300114632,19.8199961079,12.7174313545,0,0,7.14600229263,
G2_D075_DENS_HIGH_V_REF_S030,G2_D075_DENS_HIGH_V_REF,30,3.58201527596,11.8002581029,4.01059517347,0,0,7.16403055191,
G2_D075_DENS_HIGH_V_REF_S030,G2_D075_DENS_HIGH_V_REF,30,3.59103798866,15.6511202648,7.66062385334,0,0,7.18207597733,
G2_D075_DENS_HIGH_V_REF_S030,G2_D075_DENS_HIGH_V_REF,30,3.60002565384,15.3594168852,5.02510582056,0,0,7.20005130768,
G2_D075_DENS_HIGH_V_REF_S030,G2_D075_DENS_HIGH_V_REF,30,3.60900449753,25.4271463297,28.3424274344,0,0,7.21800899506,
G2_D075_DENS_HIGH_V_REF_S030,G2_D075_DENS_HIGH_V_REF,30,3.61804580688,16.5170668368,8.05876035032,0,0,7.23609161377,
G2_D075_DENS_HIGH_V_REF_S030,G2_D075_DENS_HIGH_V_REF,30,3.62704062462,16.3887426377,11.3108912156,0,0,7.25408124924,
G2_D075_DENS_HIGH_V_REF_S030,G2_D075_DENS_HIGH_V_REF,30,3.63600087166,16.2529547349,10.5402405389,0,0,7.27200174332,
G2_D075_DENS_HIGH_V_REF_S030,G2_D075_DENS_HIGH_V_REF,30,3.64504313469,16.8173877934,8.17003320269,0,0,7.29008626938,
G2_D075_DENS_HIGH_V_REF_S030,G2_D075_DENS_HIGH_V_REF,30,3.65404748917,15.6513147875,9.83792060315,0,0,7.30809497833,
G2_D075_DENS_HIGH_V_REF_S030,G2_D075_DENS_HIGH_V_REF,30,3.66300916672,16.9359637523,7.98313291408,0,0,7.32601833344,
G2_D075_DENS_HIGH_V_REF_S030,G2_D075_DENS_HIGH_V_REF,30,3.67200756073,11.7655601149,9.04058444915,0,0,7.34401512146,
G2_D075_DENS_HIGH_V_REF_S030,G2_D075_DENS_HIGH_V_REF,30,3.6810541153,17.7452799008,12.786082074,0,0,7.36210823059,
G2_D075_DENS_HIGH_V_REF_S030,G2_D075_DENS_HIGH_V_REF,30,3.69000458717,16.4713208431,8.46854455786,0,0,7.38000917435,
G2_D075_DENS_HIGH_V_REF_S030,G2_D075_DENS_HIGH_V_REF,30,3.69903826714,19.8477907503,13.1355436421,0,0,7.39807653427,
G2_D075_DENS_HIGH_V_REF_S030,G2_D075_DENS_HIGH_V_REF,30,3.70803451538,12.8559637873,5.36697269902,0,0,7.41606903076,
G2_D075_DENS_HIGH_V_REF_S030,G2_D075_DENS_HIGH_V_REF,30,3.71702456474,14.876632523,3.2107397828,0,0,7.43404912949,
G2_D075_DENS_HIGH_V_REF_S030,G2_D075_DENS_HIGH_V_REF,30,3.72604799271,14.9114200357,9.86483509442,0,0,7.45209598541,
G2_D075_DENS_HIGH_V_REF_S030,G2_D075_DENS_HIGH_V_REF,30,3.73500919342,19.4933350081,20.1521423503,0,0,7.47001838684,
G2_D075_DENS_HIGH_V_REF_S030,G2_D075_DENS_HIGH_V_REF,30,3.74400687218,16.1087393569,6.38143510938,0,0,7.48801374435,
G2_D075_DENS_HIGH_V_REF_S030,G2_D075_DENS_HIGH_V_REF,30,3.7530169487,16.1471166978,5.02757372463,0,0,7.5060338974,
G2_D075_DENS_HIGH_V_REF_S030,G2_D075_DENS_HIGH_V_REF,30,3.76205587387,17.9773222816,2.45091612016,0,0,7.52411174774,
G2_D075_DENS_HIGH_V_REF_S030,G2_D075_DENS_HIGH_V_REF,30,3.77101230621,15.3075887411,9.27132547696,0,0,7.54202461243,
G2_D075_DENS_HIGH_V_REF_S030,G2_D075_DENS_HIGH_V_REF,30,3.78004622459,19.78015211,17.7269643952,0,0,7.56009244919,
G2_D075_DENS_HIGH_V_REF_S030,G2_D075_DENS_HIGH_V_REF,30,3.78902769089,15.5408899933,8.5950440857,0,0,7.57805538177,
G2_D075_DENS_HIGH_V_REF_S030,G2_D075_DENS_HIGH_V_REF,30,3.79802393913,17.0909121418,11.4818056439,0,0,7.59604787827,
G2_D075_DENS_HIGH_V_REF_S030,G2_D075_DENS_HIGH_V_REF,30,3.80703926086,20.0499661587,8.54230740037,0,0,7.61407852173,
G2_D075_DENS_HIGH_V_REF_S030,G2_D075_DENS_HIGH_V_REF,30,3.81601476669,17.491844443,12.2897863707,0,0,7.63202953339,
G2_D075_DENS_HIGH_V_REF_S030,G2_D075_DENS_HIGH_V_REF,30,3.82500529289,18.9306802851,6.69549676223,0,0,7.65001058578,
G2_D075_DENS_HIGH_V_REF_S030,G2_D075_DENS_HIGH_V_REF,30,3.83402347565,15.9733614992,10.4999597212,0,0,7.66804695129,
G2_D075_DENS_HIGH_V_REF_S030,G2_D075_DENS_HIGH_V_REF,30,3.84301805496,22.0364077397,26.1527520207,0,0,7.68603610992,
G2_D075_DENS_HIGH_V_REF_S030,G2_D075_DENS_HIGH_V_REF,30,3.85205459595,18.2992197855,8.80357564282,0,0,7.70410919189,
G2_D075_DENS_HIGH_V_REF_S030,G2_D075_DENS_HIGH_V_REF,30,3.86105751991,17.1462969567,8.01773135052,0,0,7.72211503983,
G2_D075_DENS_HIGH_V_REF_S030,G2_D075_DENS_HIGH_V_REF,30,3.87001347542,15.506414159,7.24424736354,0,0,7.74002695084,
G2_D075_DENS_HIGH_V_REF_S030,G2_D075_DENS_HIGH_V_REF,30,3.87901067734,16.3126997322,10.9322109553,0,0,7.75802135468,
G2_D075_DENS_HIGH_V_REF_S030,G2_D075_DENS_HIGH_V_REF,30,3.88803195953,15.9823957527,13.8343371088,0,0,7.77606391907,
G2_D075_DENS_HIGH_V_REF_S030,G2_D075_DENS_HIGH_V_REF,30,3.8970541954,15.9801963198,6.89706801613,0,0,7.79410839081,
G2_D075_DENS_HIGH_V_REF_S030,G2_D075_DENS_HIGH_V_REF,30,3.90604877472,17.8160784299,6.26049319102,0,0,7.81209754944,
G2_D075_DENS_HIGH_V_REF_S030,G2_D075_DENS_HIGH_V_REF,30,3.91502094269,17.8293645519,8.2800545523,0,0,7.83004188538,
G2_D075_DENS_HIGH_V_REF_S030,G2_D075_DENS_HIGH_V_REF,30,3.92403435707,18.7579043315,10.3458924437,0,0,7.84806871414,
G2_D075_DENS_HIGH_V_REF_S030,G2_D075_DENS_HIGH_V_REF,30,3.9330227375,20.2688904144,15.3817827171,0,0,7.86604547501,
G2_D075_DENS_HIGH_V_REF_S030,G2_D075_DENS_HIGH_V_REF,30,3.94204926491,15.5958559213,6.60926951213,0,0,7.88409852982,
G2_D075_DENS_HIGH_V_REF_S030,G2_D075_DENS_HIGH_V_REF,30,3.95101666451,17.0237266509,0.272857418549,0,0,7.90203332901,
G2_D075_DENS_HIGH_V_REF_S030,G2_D075_DENS_HIGH_V_REF,30,3.96001505852,21.496286704,19.5385419715,0,0,7.92003011703,
G2_D075_DENS_HIGH_V_REF_S030,G2_D075_DENS_HIGH_V_REF,30,3.96903371811,17.892105862,7.13524003765,0,0,7.93806743622,
G2_D075_DENS_HIGH_V_REF_S030,G2_D075_DENS_HIGH_V_REF,30,3.97802495956,16.8109840175,9.19217535917,0,0,7.95604991913,
G2_D075_DENS_HIGH_V_REF_S030,G2_D075_DENS_HIGH_V_REF,30,3.98701500893,16.83051255,4.15903753063,0,0,7.97403001785,
G2_D075_DENS_HIGH_V_REF_S030,G2_D075_DENS_HIGH_V_REF,30,3.99602460861,16.1301899064,5.28181107544,0,0,7.99204921722,
G2_D075_DENS_HIGH_V_REF_S030,G2_D075_DENS_HIGH_V_REF,30,4.00503110886,17.2040270966,11.1574028323,0,0,8.01006221771,
G2_D075_DENS_HIGH_V_REF_S030,G2_D075_DENS_HIGH_V_REF,30,4.01401615143,28.3990222667,30.0341211416,0,0,8.02803230286,
G2_D075_DENS_HIGH_V_REF_S030,G2_D075_DENS_HIGH_V_REF,30,4.02302265167,16.5025516849,11.928031384,0,0,8.04604530334,
G2_D075_DENS_HIGH_V_REF_S030,G2_D075_DENS_HIGH_V_REF,30,4.03202629089,16.7709023924,8.05025420588,0,0,8.06405258179,
G2_D075_DENS_HIGH_V_REF_S030,G2_D075_DENS_HIGH_V_REF,30,4.04102706909,20.3258612525,17.1562379287,0,0,8.08205413818,
G2_D075_DENS_HIGH_V_REF_S030,G2_D075_DENS_HIGH_V_REF,30,4.05004692078,20.2512971617,10.2506823158,0,0,8.10009384155,
G2_D075_DENS_HIGH_V_REF_S030,G2_D075_DENS_HIGH_V_REF,30,4.05900144577,17.8740616703,9.22833480967,0,0,8.11800289154,
G2_D075_DENS_HIGH_V_REF_S030,G2_D075_DENS_HIGH_V_REF,30,4.06802034378,20.4313898218,14.7514768257,0,0,8.13604068756,
G2_D075_DENS_HIGH_V_REF_S030,G2_D075_DENS_HIGH_V_REF,30,4.07701253891,17.0345845548,11.0444568373,0,0,8.15402507782,
G2_D075_DENS_HIGH_V_REF_S030,G2_D075_DENS_HIGH_V_REF,30,4.08604431152,20.4369381399,14.2144490732,0,0,8.17208862305,
G2_D075_DENS_HIGH_V_REF_S030,G2_D075_DENS_HIGH_V_REF,30,4.09506034851,16.7028117078,6.5121697836,0,0,8.19012069702,
G2_D075_DENS_HIGH_V_REF_S030,G2_D075_DENS_HIGH_V_REF,30,4.10401582718,17.334452362,6.9441044035,0,0,8.20803165436,
G2_D075_DENS_HIGH_V_REF_S030,G2_D075_DENS_HIGH_V_REF,30,4.11304998398,15.2944739317,6.3316728412,0,0,8.22609996796,
G2_D075_DENS_HIGH_V_REF_S030,G2_D075_DENS_HIGH_V_REF,30,4.12202358246,16.72270276,10.5133703995,0,0,8.24404716492,
G2_D075_DENS_HIGH_V_REF_S030,G2_D075_DENS_HIGH_V_REF,30,4.13104629517,19.0719214551,7.92064609205,0,0,8.26209259033,
G2_D075_DENS_HIGH_V_REF_S030,G2_D075_DENS_HIGH_V_REF,30,4.14005088806,18.1312350588,12.6455821093,0,0,8.28010177612,
G2_D075_DENS_HIGH_V_REF_S030,G2_D075_DENS_HIGH_V_REF,30,4.14904117584,16.5298511786,11.6065661928,0,0,8.29808235168,
G2_D075_DENS_HIGH_V_REF_S030,G2_D075_DENS_HIGH_V_REF,30,4.15803861618,9.78093555276,5.21355814943,0,0,8.31607723236,
G2_D075_DENS_HIGH_V_REF_S030,G2_D075_DENS_HIGH_V_REF,30,4.16702318192,12.0643856782,7.70036234557,0,0,8.33404636383,
G2_D075_DENS_HIGH_V_REF_S030,G2_D075_DENS_HIGH_V_REF,30,4.17603302002,18.3857945483,7.60678210821,0,0,8.35206604004,
G2_D075_DENS_HIGH_V_REF_S030,G2_D075_DENS_HIGH_V_REF,30,4.18502092361,18.2844161653,9.27621608925,0,0,8.37004184723,
G2_D075_DENS_HIGH_V_REF_S030,G2_D075_DENS_HIGH_V_REF,30,4.19402742386,18.0086448586,2.09545586079,0,0,8.38805484772,
G2_D075_DENS_HIGH_V_REF_S030,G2_D075_DENS_HIGH_V_REF,30,4.20303249359,17.3513681009,6.0337831885,0,0,8.40606498718,
G2_D075_DENS_HIGH_V_REF_S030,G2_D075_DENS_HIGH_V_REF,30,4.212038517,15.7118831906,3.56918576189,0,0,8.424077034,
G2_D075_DENS_HIGH_V_REF_S030,G2_D075_DENS_HIGH_V_REF,30,4.22103500366,21.1082603213,17.1901486042,0,0,8.44207000732,
G2_D075_DENS_HIGH_V_REF_S030,G2_D075_DENS_HIGH_V_REF,30,4.23003864288,18.3133823649,6.66228408412,0,0,8.46007728577,
G2_D075_DENS_HIGH_V_REF_S030,G2_D075_DENS_HIGH_V_REF,30,4.2390370369,17.0028541433,8.91201049165,0,0,8.47807407379,
G2_D075_DENS_HIGH_V_REF_S030,G2_D075_DENS_HIGH_V_REF,30,4.24804401398,29.5874852784,39.7095844573,0,0,8.49608802795,
G2_D075_DENS_HIGH_V_REF_S030,G2_D075_DENS_HIGH_V_REF,30,4.25702619553,17.9224922985,8.94474819247,0,0,8.51405239105,
G2_D075_DENS_HIGH_V_REF_S030,G2_D075_DENS_HIGH_V_REF,30,4.26601552963,19.9928870067,4.0751374856,0,0,8.53203105927,
G2_D075_DENS_HIGH_V_REF_S030,G2_D075_DENS_HIGH_V_REF,30,4.27500629425,25.6034236921,22.1181665681,0,0,8.5500125885,
G2_D075_DENS_HIGH_V_REF_S030,G2_D075_DENS_HIGH_V_REF,30,4.28402471542,18.5408932508,6.6682941353,0,0,8.56804943085,
G2_D075_DENS_HIGH_V_REF_S030,G2_D075_DENS_HIGH_V_REF,30,4.29300689697,16.8378889395,8.42961438558,0,0,8.58601379395,
G2_D075_DENS_HIGH_V_REF_S030,G2_D075_DENS_HIGH_V_REF,30,4.3020234108,16.7872014059,6.66286654074,0,0,8.60404682159,
G2_D075_DENS_HIGH_V_REF_S030,G2_D075_DENS_HIGH_V_REF,30,4.31102275848,16.7886382214,4.72754016981,0,0,8.62204551697,
G2_D075_DENS_HIGH_V_REF_S030,G2_D075_DENS_HIGH_V_REF,30,4.32003879547,19.570449999,13.7565797679,0,0,8.64007759094,
G2_D075_DENS_HIGH_V_REF_S030,G2_D075_DENS_HIGH_V_REF,30,4.32904291153,18.1922101911,13.3301879575,0,0,8.65808582306,
G2_D075_DENS_HIGH_V_REF_S030,G2_D075_DENS_HIGH_V_REF,30,4.33803606033,19.2808432648,17.0715302842,0,0,8.67607212067,
G2_D075_DENS_HIGH_V_REF_S030,G2_D075_DENS_HIGH_V_REF,30,4.34701871872,17.5066900625,5.76157516847,0,0,8.69403743744,
G2_D075_DENS_HIGH_V_REF_S030,G2_D075_DENS_HIGH_V_REF,30,4.35602855682,19.1337244142,8.0729510837,0,0,8.71205711365,
G2_D075_DENS_HIGH_V_REF_S030,G2_D075_DENS_HIGH_V_REF,30,4.36502981186,20.2501322359,4.27422410645,0,0,8.73005962372,
G2_D075_DENS_HIGH_V_REF_S030,G2_D075_DENS_HIGH_V_REF,30,4.37405729294,17.556830501,11.5183745292,0,0,8.74811458588,
G2_D075_DENS_HIGH_V_REF_S030,G2_D075_DENS_HIGH_V_REF,30,4.38300943375,22.9427907197,13.294959093,0,0,8.76601886749,
G2_D075_DENS_HIGH_V_REF_S030,G2_D075_DENS_HIGH_V_REF,30,4.39202976227,18.340018713,8.15308815829,0,0,8.78405952454,
G2_D075_DENS_HIGH_V_REF_S030,G2_D075_DENS_HIGH_V_REF,30,4.40103340149,17.9524388484,7.68563768374,0,0,8.80206680298,
G2_D075_DENS_HIGH_V_REF_S030,G2_D075_DENS_HIGH_V_REF,30,4.41000747681,19.5735910987,8.24835351465,0,0,8.82001495361,
G2_D075_DENS_HIGH_V_REF_S030,G2_D075_DENS_HIGH_V_REF,30,4.41900062561,14.3771645229,8.12281269811,0,0,8.83800125122,
G2_D075_DENS_HIGH_V_REF_S030,G2_D075_DENS_HIGH_V_REF,30,4.42801141739,16.1675393717,7.37705219121,0,0,8.85602283478,
G2_D075_DENS_HIGH_V_REF_S030,G2_D075_DENS_HIGH_V_REF,30,4.43701171875,20.205624114,9.33383301355,0,0,8.8740234375,
G2_D075_DENS_HIGH_V_REF_S030,G2_D075_DENS_HIGH_V_REF,30,4.4460067749,18.0121274782,7.76006663946,0,0,8.8920135498,
G2_D075_DENS_HIGH_V_REF_S030,G2_D075_DENS_HIGH_V_REF,30,4.4550538063,18.7013866428,5.70097512146,0,0,8.91010761261,
G2_D075_DENS_HIGH_V_REF_S030,G2_D075_DENS_HIGH_V_REF,30,4.46401500702,18.1495577716,5.17799315888,0,0,8.92803001404,
G2_D075_DENS_HIGH_V_REF_S030,G2_D075_DENS_HIGH_V_REF,30,4.47300291061,16.8645916022,8.87241252609,0,0,8.94600582123,
G2_D075_DENS_HIGH_V_REF_S030,G2_D075_DENS_HIGH_V_REF,30,4.4820151329,19.2706927162,14.3900496589,0,0,8.96403026581,
G2_D075_DENS_HIGH_V_REF_S030,G2_D075_DENS_HIGH_V_REF,30,4.49105739594,18.0316880628,10.1687221452,0,0,8.98211479187,
G2_D075_DENS_HIGH_V_REF_S030,G2_D075_DENS_HIGH_V_REF,30,4.50004339218,12.286672082,7.29400090946,0,0,9.00008678436,
G2_D075_DENS_HIGH_V_REF_S030,G2_D075_DENS_HIGH_V_REF,30,4.5090265274,21.2283073581,12.1189672688,0,0,9.01805305481,
G2_D075_DENS_HIGH_V_REF_S030,G2_D075_DENS_HIGH_V_REF,30,4.51801633835,18.4589770858,8.6576304785,0,0,9.0360326767,
G2_D075_DENS_HIGH_V_REF_S030,G2_D075_DENS_HIGH_V_REF,30,4.52701997757,18.1128195056,8.68414715427,0,0,9.05403995514,
G2_D075_DENS_HIGH_V_REF_S030,G2_D075_DENS_HIGH_V_REF,30,4.5360455513,19.7534317634,11.3586269587,0,0,9.0720911026,
G2_D075_DENS_HIGH_V_REF_S030,G2_D075_DENS_HIGH_V_REF,30,4.54500675201,17.3825359439,7.70599121408,0,0,9.09001350403,
G2_D075_DENS_HIGH_V_REF_S030,G2_D075_DENS_HIGH_V_REF,30,4.55405521393,20.7128575491,12.4684458043,0,0,9.10811042786,
G2_D075_DENS_HIGH_V_REF_S030,G2_D075_DENS_HIGH_V_REF,30,4.56300067902,17.9583607385,3.73062168182,0,0,9.12600135803,
G2_D075_DENS_HIGH_V_REF_S030,G2_D075_DENS_HIGH_V_REF,30,4.5720243454,21.1208202989,8.71186151229,0,0,9.1440486908,
G2_D075_DENS_HIGH_V_REF_S030,G2_D075_DENS_HIGH_V_REF,30,4.58101701736,18.6822659448,7.72635506349,0,0,9.16203403473,
G2_D075_DENS_HIGH_V_REF_S030,G2_D075_DENS_HIGH_V_REF,30,4.59000921249,19.6119982811,9.06915699824,0,0,9.18001842499,
G2_D075_DENS_HIGH_V_REF_S030,G2_D075_DENS_HIGH_V_REF,30,4.59902477264,18.9611584567,9.23183974093,0,0,9.19804954529,
G2_D075_DENS_HIGH_V_REF_S030,G2_D075_DENS_HIGH_V_REF,30,4.60802984238,17.858902162,9.5733503823,0,0,9.21605968475,
G2_D075_DENS_HIGH_V_REF_S030,G2_D075_DENS_HIGH_V_REF,30,4.61702346802,17.6347302142,6.2577675328,0,0,9.23404693604,
G2_D075_DENS_HIGH_V_REF_S030,G2_D075_DENS_HIGH_V_REF,30,4.62600708008,19.2612428914,9.70142708937,0,0,9.25201416016,
G2_D075_DENS_HIGH_V_REF_S030,G2_D075_DENS_HIGH_V_REF,30,4.63502931595,20.2607823542,14.2103499424,0,0,9.2700586319,
G2_D075_DENS_HIGH_V_REF_S030,G2_D075_DENS_HIGH_V_REF,30,4.64403676987,26.0663656328,15.2872492799,0,0,9.28807353973,
G2_D075_DENS_HIGH_V_REF_S030,G2_D075_DENS_HIGH_V_REF,30,4.65301990509,19.1820610967,7.16307087756,0,0,9.30603981018,
G2_D075_DENS_HIGH_V_REF_S030,G2_D075_DENS_HIGH_V_REF,30,4.66206073761,19.5733081566,10.516893222,0,0,9.32412147522,
G2_D075_DENS_HIGH_V_REF_S030,G2_D075_DENS_HIGH_V_REF,30,4.67100524902,24.4009859922,13.9082450753,0,0,9.34201049805,
G2_D075_DENS_HIGH_V_REF_S030,G2_D075_DENS_HIGH_V_REF,30,4.68001556396,20.1405297423,7.75573837637,0,0,9.36003112793,
G2_D075_DENS_HIGH_V_REF_S030,G2_D075_DENS_HIGH_V_REF,30,4.68904590607,11.5369373548,5.64171151351,0,0,9.37809181213,
G2_D075_DENS_HIGH_V_REF_S030,G2_D075_DENS_HIGH_V_REF,30,4.69805431366,20.2924342935,7.44878614058,0,0,9.39610862732,
G2_D075_DENS_HIGH_V_REF_S030,G2_D075_DENS_HIGH_V_REF,30,4.70702123642,21.0977030434,7.0200790312,0,0,9.41404247284,
G2_D075_DENS_HIGH_V_REF_S030,G2_D075_DENS_HIGH_V_REF,30,4.71601676941,20.5637581037,7.28059109496,0,0,9.43203353882,
G2_D075_DENS_HIGH_V_REF_S030,G2_D075_DENS_HIGH_V_REF,30,4.72503185272,20.7487403573,13.9532957351,0,0,9.45006370544,
G2_D075_DENS_HIGH_V_REF_S030,G2_D075_DENS_HIGH_V_REF,30,4.73403692245,20.5845256133,10.2409816875,0,0,9.46807384491,
G2_D075_DENS_HIGH_V_REF_S030,G2_D075_DENS_HIGH_V_REF,30,4.74301147461,22.7057051166,21.7197437372,0,0,9.48602294922,
G2_D075_DENS_HIGH_V_REF_S030,G2_D075_DENS_HIGH_V_REF,30,4.75202178955,13.9504170688,3.55000686705,0,0,9.5040435791,
G2_D075_DENS_HIGH_V_REF_S030,G2_D075_DENS_HIGH_V_REF,30,4.7610206604,24.848620322,19.734620398,0,0,9.5220413208,
G2_D075_DENS_HIGH_V_REF_S030,G2_D075_DENS_HIGH_V_REF,30,4.77003622055,21.071420373,9.60496205076,0,0,9.5400724411,
G2_D075_DENS_HIGH_V_REF_S030,G2_D075_DENS_HIGH_V_REF,30,4.77905368805,26.9728038749,17.856140345,0,0,9.5581073761,
G2_D075_DENS_HIGH_V_REF_S030,G2_D075_DENS_HIGH_V_REF,30,4.78802728653,18.5878494852,9.57639822184,0,0,9.57605457306,
G2_D075_DENS_HIGH_V_REF_S030,G2_D075_DENS_HIGH_V_REF,30,4.79705953598,19.6523153229,2.84369335612,0,0,9.59411907196,
G2_D075_DENS_HIGH_V_REF_S030,G2_D075_DENS_HIGH_V_REF,30,4.80604553223,20.3716271406,10.8317569088,0,0,9.61209106445,
G2_D075_DENS_HIGH_V_REF_S030,G2_D075_DENS_HIGH_V_REF,30,4.81503772736,23.0715492791,11.4630597319,0,0,9.63007545471,
G2_D075_DENS_HIGH_V_REF_S030,G2_D075_DENS_HIGH_V_REF,30,4.82400369644,20.3181731846,8.9972946996,0,0,9.64800739288,
G2_D075_DENS_HIGH_V_REF_S030,G2_D075_DENS_HIGH_V_REF,30,4.83304548264,20.4896537938,7.64466985038,0,0,9.66609096527,
G2_D075_DENS_HIGH_V_REF_S030,G2_D075_DENS_HIGH_V_REF,30,4.84200906754,18.6787092739,11.2288085464,0,0,9.68401813507,
G2_D075_DENS_HIGH_V_REF_S030,G2_D075_DENS_HIGH_V_REF,30,4.85105133057,23.0537239255,15.7893462005,0,0,9.70210266113,
G2_D075_DENS_HIGH_V_REF_S030,G2_D075_DENS_HIGH_V_REF,30,4.86002731323,31.7270029679,31.8381252046,0,0,9.72005462646,
G2_D075_DENS_HIGH_V_REF_S030,G2_D075_DENS_HIGH_V_REF,30,4.86902284622,18.3929863623,14.9774164656,0,0,9.73804569244,
G2_D075_DENS_HIGH_V_REF_S030,G2_D075_DENS_HIGH_V_REF,30,4.87803840637,19.9524174415,9.41752763,0,0,9.75607681274,
G2_D075_DENS_HIGH_V_REF_S030,G2_D075_DENS_HIGH_V_REF,30,4.88702249527,17.5028382918,6.09211313079,0,0,9.77404499054,
G2_D075_DENS_HIGH_V_REF_S030,G2_D075_DENS_HIGH_V_REF,30,4.89602422714,21.2030348795,8.91334383213,0,0,9.79204845428,
G2_D075_DENS_HIGH_V_REF_S030,G2_D075_DENS_HIGH_V_REF,30,4.90503358841,20.1225982854,9.91857857608,0,0,9.81006717682,
G2_D075_DENS_HIGH_V_REF_S030,G2_D075_DENS_HIGH_V_REF,30,4.91404914856,20.0644978892,9.27053705164,0,0,9.82809829712,
G2_D075_DENS_HIGH_V_REF_S030,G2_D075_DENS_HIGH_V_REF,30,4.92303180695,21.8750378904,12.4678804517,0,0,9.84606361389,
G2_D075_DENS_HIGH_V_REF_S030,G2_D075_DENS_HIGH_V_REF,30,4.9320435524,16.4034412599,8.98015978288,0,0,9.8640871048,
G2_D075_DENS_HIGH_V_REF_S030,G2_D075_DENS_HIGH_V_REF,30,4.94104814529,20.5605551105,9.7193743644,0,0,9.88209629059,
G2_D075_DENS_HIGH_V_REF_S030,G2_D075_DENS_HIGH_V_REF,30,4.9500336647,20.8499164809,8.62656046354,0,0,9.90006732941,
G2_D075_DENS_HIGH_V_REF_S030,G2_D075_DENS_HIGH_V_REF,30,4.95904445648,20.7675781132,9.35591311785,0,0,9.91808891296,
G2_D075_DENS_HIGH_V_REF_S030,G2_D075_DENS_HIGH_V_REF,30,4.96804189682,22.8983953325,8.63089235601,0,0,9.93608379364,
G2_D075_DENS_HIGH_V_REF_S030,G2_D075_DENS_HIGH_V_REF,30,4.97701740265,16.8635593056,8.99765921799,0,0,9.9540348053,
G2_D075_DENS_HIGH_V_REF_S030,G2_D075_DENS_HIGH_V_REF,30,4.98603963852,21.7882321318,12.0442351734,0,0,9.97207927704,
G2_D075_DENS_HIGH_V_REF_S030,G2_D075_DENS_HIGH_V_REF,30,4.99502182007,22.9988663113,9.81449522565,0,0,9.99004364014,
G2_D075_DENS_HIGH_V_REF_S030,G2_D075_DENS_HIGH_V_REF,30,5.00400781631,24.0578899341,7.61892040466,0,0,10.0080156326,
G2_D075_DENS_HIGH_V_REF_S030,G2_D075_DENS_HIGH_V_REF,30,5.01301813126,18.9088429006,6.49361043986,0,0,10.0260362625,
G2_D075_DENS_HIGH_V_REF_S030,G2_D075_DENS_HIGH_V_REF,30,5.02205467224,14.5253410906,8.4932263426,0,0,10.0441093445,
G2_D075_DENS_HIGH_V_REF_S030,G2_D075_DENS_HIGH_V_REF,30,5.03103065491,18.9787030787,11.6163060244,0,0,10.0620613098,
G2_D075_DENS_HIGH_V_REF_S030,G2_D075_DENS_HIGH_V_REF,30,5.04003190994,12.6173385812,6.66149842025,0,0,10.0800638199,
G2_D075_DENS_HIGH_V_REF_S030,G2_D075_DENS_HIGH_V_REF,30,5.04901647568,20.8256210368,4.40413866215,0,0,10.0980329514,
G2_D075_DENS_HIGH_V_REF_S030,G2_D075_DENS_HIGH_V_REF,30,5.05800580978,21.39223916,13.1089957392,0,0,10.1160116196,
G2_D075_DENS_HIGH_V_REF_S030,G2_D075_DENS_HIGH_V_REF,30,5.06703805923,22.4859674023,7.80787120709,0,0,10.1340761185,
G2_D075_DENS_HIGH_V_REF_S030,G2_D075_DENS_HIGH_V_REF,30,5.07603979111,21.8161240356,5.53077372005,0,0,10.1520795822,
G2_D075_DENS_HIGH_V_REF_S030,G2_D075_DENS_HIGH_V_REF,30,5.08502388,21.7057147148,13.8367990606,0,0,10.17004776,
G2_D075_DENS_HIGH_V_REF_S030,G2_D075_DENS_HIGH_V_REF,30,5.09405040741,18.7373998696,5.76948475595,0,0,10.1881008148,
G2_D075_DENS_HIGH_V_REF_S030,G2_D075_DENS_HIGH_V_REF,30,5.10305070877,20.0886341784,11.345954855,0,0,10.2061014175,
G2_D075_DENS_HIGH_V_REF_S030,G2_D075_DENS_HIGH_V_REF,30,5.11203622818,23.8376194928,19.4474295169,0,0,10.2240724564,
G2_D075_DENS_HIGH_V_REF_S030,G2_D075_DENS_HIGH_V_REF,30,5.12100028992,18.7270282725,6.81452454386,0,0,10.2420005798,
G2_D075_DENS_HIGH_V_REF_S030,G2_D075_DENS_HIGH_V_REF,30,5.13000202179,18.0902813972,6.94783070281,0,0,10.2600040436,
G2_D075_DENS_HIGH_V_REF_S030,G2_D075_DENS_HIGH_V_REF,30,5.13901901245,11.1767520347,6.863018942,0,0,10.2780380249,
G2_D075_DENS_HIGH_V_REF_S030,G2_D075_DENS_HIGH_V_REF,30,5.14800643921,20.8920262263,5.03385817819,0,0,10.2960128784,
G2_D075_DENS_HIGH_V_REF_S030,G2_D075_DENS_HIGH_V_REF,30,5.1570186615,23.6273382348,10.2212141792,0,0,10.314037323,
G2_D075_DENS_HIGH_V_REF_S030,G2_D075_DENS_HIGH_V_REF,30,5.16602325439,22.6268615262,10.4185052438,0,0,10.3320465088,
G2_D075_DENS_HIGH_V_REF_S030,G2_D075_DENS_HIGH_V_REF,30,5.17504882812,20.9013876316,10.7813865022,0,0,10.3500976562,
G2_D075_DENS_HIGH_V_REF_S030,G2_D075_DENS_HIGH_V_REF,30,5.18400192261,23.618940601,12.5243186679,0,0,10.3680038452,
G2_D075_DENS_HIGH_V_REF_S030,G2_D075_DENS_HIGH_V_REF,30,5.19301939011,21.3506444577,9.02892993898,0,0,10.3860387802,
G2_D075_DENS_HIGH_V_REF_S030,G2_D075_DENS_HIGH_V_REF,30,5.20200300217,21.2012819646,13.1830058765,0,0,10.4040060043,
G2_D075_DENS_HIGH_V_REF_S030,G2_D075_DENS_HIGH_V_REF,30,5.21104240417,29.7290779156,23.7991850035,0,0,10.4220848083,
G2_D075_DENS_HIGH_V_REF_S030,G2_D075_DENS_HIGH_V_REF,30,5.22002887726,23.7773970308,15.0687343794,0,0,10.4400577545,
G2_D075_DENS_HIGH_V_REF_S030,G2_D075_DENS_HIGH_V_REF,30,5.22902727127,20.816476259,15.1125605132,0,0,10.4580545425,
G2_D075_DENS_HIGH_V_REF_S030,G2_D075_DENS_HIGH_V_REF,30,5.23802757263,23.6171213716,6.34129193262,0,0,10.4760551453,
G2_D075_DENS_HIGH_V_REF_S030,G2_D075_DENS_HIGH_V_REF,30,5.24701786041,27.6609146923,9.69724425947,0,0,10.4940357208,
G2_D075_DENS_HIGH_V_REF_S030,G2_D075_DENS_HIGH_V_REF,30,5.25603818893,21.6128654894,6.62197102893,0,0,10.5120763779,
G2_D075_DENS_HIGH_V_REF_S030,G2_D075_DENS_HIGH_V_REF,30,5.26500797272,20.3810239137,7.04199062204,0,0,10.5300159454,
G2_D075_DENS_HIGH_V_REF_S030,G2_D075_DENS_HIGH_V_REF,30,5.27405500412,29.7490385981,15.5103468011,0,0,10.5481100082,
G2_D075_DENS_HIGH_V_REF_S030,G2_D075_DENS_HIGH_V_REF,30,5.28301858902,19.1345179785,7.54571005546,0,0,10.566037178,
G2_D075_DENS_HIGH_V_REF_S030,G2_D075_DENS_HIGH_V_REF,30,5.29201173782,21.5604106727,13.0895046551,0,0,10.5840234756,
G2_D075_DENS_HIGH_V_REF_S030,G2_D075_DENS_HIGH_V_REF,30,5.30104541779,23.4098552155,10.8451910886,0,0,10.6020908356,
G2_D075_DENS_HIGH_V_REF_S030,G2_D075_DENS_HIGH_V_REF,30,5.31003808975,20.6769791619,6.46369746256,0,0,10.6200761795,
G2_D075_DENS_HIGH_V_REF_S030,G2_D075_DENS_HIGH_V_REF,30,5.31902694702,21.1939254695,8.10123415219,0,0,10.638053894,
G2_D075_DENS_HIGH_V_REF_S030,G2_D075_DENS_HIGH_V_REF,30,5.32800722122,22.1409769583,7.03599356994,0,0,10.6560144424,
G2_D075_DENS_HIGH_V_REF_S030,G2_D075_DENS_HIGH_V_REF,30,5.33702945709,23.0934618201,13.6572070667,0,0,10.6740589142,
G2_D075_DENS_HIGH_V_REF_S030,G2_D075_DENS_HIGH_V_REF,30,5.34602403641,22.9935014634,10.0591107009,0,0,10.6920480728,
G2_D075_DENS_HIGH_V_REF_S030,G2_D075_DENS_HIGH_V_REF,30,5.35500574112,21.6020893734,8.02374630163,0,0,10.7100114822,
G2_D075_DENS_HIGH_V_REF_S030,G2_D075_DENS_HIGH_V_REF,30,5.36405658722,24.8833890456,14.4423305001,0,0,10.7281131744,
G2_D075_DENS_HIGH_V_REF_S030,G2_D075_DENS_HIGH_V_REF,30,5.37302732468,20.064756516,7.99559254074,0,0,10.7460546494,
G2_D075_DENS_HIGH_V_REF_S030,G2_D075_DENS_HIGH_V_REF,30,5.38200330734,26.0357658845,11.5437519789,0,0,10.7640066147,
G2_D075_DENS_HIGH_V_REF_S030,G2_D075_DENS_HIGH_V_REF,30,5.3910369873,19.7143304886,13.1893399215,0,0,10.7820739746,
G2_D075_DENS_HIGH_V_REF_S030,G2_D075_DENS_HIGH_V_REF,30,5.40000867844,24.3187559382,11.3359434231,0,0,10.8000173569,
G2_D075_DENS_HIGH_V_REF_S030,G2_D075_DENS_HIGH_V_REF,30,5.40904283524,21.8464342103,8.29224027472,0,0,10.8180856705,
G2_D075_DENS_HIGH_V_REF_S030,G2_D075_DENS_HIGH_V_REF,30,5.41803359985,21.3828711232,9.21270447039,0,0,10.8360671997,
G2_D075_DENS_HIGH_V_REF_S030,G2_D075_DENS_HIGH_V_REF,30,5.42700862885,22.2722532605,13.6005436699,0,0,10.8540172577,
G2_D075_DENS_HIGH_V_REF_S030,G2_D075_DENS_HIGH_V_REF,30,5.43601560593,22.8289219893,7.07050247908,0,0,10.8720312119,
G2_D075_DENS_HIGH_V_REF_S030,G2_D075_DENS_HIGH_V_REF,30,5.44500112534,22.8503526445,13.0054343668,0,0,10.8900022507,
G2_D075_DENS_HIGH_V_REF_S030,G2_D075_DENS_HIGH_V_REF,30,5.45400810242,24.522536159,16.9278704218,0,0,10.9080162048,
G2_D075_DENS_HIGH_V_REF_S030,G2_D075_DENS_HIGH_V_REF,30,5.46303367615,22.7487388448,6.270874374,0,0,10.9260673523,
G2_D075_DENS_HIGH_V_REF_S030,G2_D075_DENS_HIGH_V_REF,30,5.4720249176,28.5173804927,23.1429129065,0,0,10.9440498352,
G2_D075_DENS_HIGH_V_REF_S030,G2_D075_DENS_HIGH_V_REF,30,5.4810385704,24.5908622602,13.0075128129,0,0,10.9620771408,
G2_D075_DENS_HIGH_V_REF_S030,G2_D075_DENS_HIGH_V_REF,30,5.49002361298,14.3116678428,6.54269026919,0,0,10.980047226,
G2_D075_DENS_HIGH_V_REF_S030,G2_D075_DENS_HIGH_V_REF,30,5.49900531769,18.7215573213,3.60562346042,0,0,10.9980106354,
G2_D075_DENS_HIGH_V_REF_S030,G2_D075_DENS_HIGH_V_REF,30,5.50803184509,20.8606395452,10.8837528922,0,0,11.0160636902,
G2_D075_DENS_HIGH_V_REF_S030,G2_D075_DENS_HIGH_V_REF,30,5.51700639725,18.7719740705,0.665652511032,0,0,11.0340127945,
G2_D075_DENS_HIGH_V_REF_S030,G2_D075_DENS_HIGH_V_REF,30,5.52603054047,22.8870887001,11.9735377823,0,0,11.0520610809,
G2_D075_DENS_HIGH_V_REF_S030,G2_D075_DENS_HIGH_V_REF,30,5.53502368927,23.3214910648,9.43090912099,0,0,11.0700473785,
G2_D075_DENS_HIGH_V_REF_S030,G2_D075_DENS_HIGH_V_REF,30,5.54401826859,21.8670823537,6.36712611675,0,0,11.0880365372,
G2_D075_DENS_HIGH_V_REF_S030,G2_D075_DENS_HIGH_V_REF,30,5.55304908752,22.496409735,7.17199305911,0,0,11.106098175,
G2_D075_DENS_HIGH_V_REF_S030,G2_D075_DENS_HIGH_V_REF,30,5.56204557419,22.2816124554,8.93951498776,0,0,11.1240911484,
G2_D075_DENS_HIGH_V_REF_S030,G2_D075_DENS_HIGH_V_REF,30,5.57104635239,11.6743499643,5.07982764377,0,0,11.1420927048,
G2_D075_DENS_HIGH_V_REF_S030,G2_D075_DENS_HIGH_V_REF,30,5.58000326157,39.6676984388,38.2248679501,0,0,11.1600065231,
G2_D075_DENS_HIGH_V_REF_S030,G2_D075_DENS_HIGH_V_REF,30,5.58901643753,27.7007432168,14.9855663111,0,0,11.1780328751,
G2_D075_DENS_HIGH_V_REF_S030,G2_D075_DENS_HIGH_V_REF,30,5.59805011749,19.7354472548,4.2553662932,0,0,11.196100235,
G2_D075_DENS_HIGH_V_REF_S030,G2_D075_DENS_HIGH_V_REF,30,5.60703468323,15.0864318953,5.33107414833,0,0,11.2140693665,
G2_D075_DENS_HIGH_V_REF_S030,G2_D075_DENS_HIGH_V_REF,30,5.61602830887,24.3585048853,15.2999675134,0,0,11.2320566177,
G2_D075_DENS_HIGH_V_REF_S030,G2_D075_DENS_HIGH_V_REF,30,5.62500143051,19.2574519091,8.31848127661,0,0,11.250002861,
G2_D075_DENS_HIGH_V_REF_S030,G2_D075_DENS_HIGH_V_REF,30,5.63401126862,23.3080999447,6.9130742037,0,0,11.2680225372,
G2_D075_DENS_HIGH_V_REF_S030,G2_D075_DENS_HIGH_V_REF,30,5.64303064346,22.8848958986,12.6054316255,0,0,11.2860612869,
G2_D075_DENS_HIGH_V_REF_S030,G2_D075_DENS_HIGH_V_REF,30,5.65205335617,23.740541609,10.1369292305,0,0,11.3041067123,
G2_D075_DENS_HIGH_V_REF_S030,G2_D075_DENS_HIGH_V_REF,30,5.6610250473,21.2976348092,10.7960327881,0,0,11.3220500946,
G2_D075_DENS_HIGH_V_REF_S030,G2_D075_DENS_HIGH_V_REF,30,5.67002487183,22.3621934873,8.84118179928,0,0,11.3400497437,
G2_D075_DENS_HIGH_V_REF_S030,G2_D075_DENS_HIGH_V_REF,30,5.67900276184,23.9096216312,5.51216040441,0,0,11.3580055237,
G2_D075_DENS_HIGH_V_REF_S030,G2_D075_DENS_HIGH_V_REF,30,5.6880235672,24.2585246342,1.87313018662,0,0,11.3760471344,
G2_D075_DENS_HIGH_V_REF_S030,G2_D075_DENS_HIGH_V_REF,30,5.69702339172,22.6124491619,5.83606635271,0,0,11.3940467834,
G2_D075_DENS_HIGH_V_REF_S030,G2_D075_DENS_HIGH_V_REF,30,5.70604753494,21.2052785221,10.9232871205,0,0,11.4120950699,
G2_D075_DENS_HIGH_V_REF_S030,G2_D075_DENS_HIGH_V_REF,30,5.71501398087,31.3060027757,25.3858895994,0,0,11.4300279617,
G2_D075_DENS_HIGH_V_REF_S030,G2_D075_DENS_HIGH_V_REF,30,5.72404623032,24.0946856727,6.81098919528,0,0,11.4480924606,
G2_D075_DENS_HIGH_V_REF_S030,G2_D075_DENS_HIGH_V_REF,30,5.73305749893,19.1310430955,5.51860258341,0,0,11.4661149979,
G2_D075_DENS_HIGH_V_REF_S030,G2_D075_DENS_HIGH_V_REF,30,5.74200630188,23.8877223531,9.47795677107,0,0,11.4840126038,
G2_D075_DENS_HIGH_V_REF_S030,G2_D075_DENS_HIGH_V_REF,30,5.75104761124,21.7269773731,13.4325051682,0,0,11.5020952225,
G2_D075_DENS_HIGH_V_REF_S030,G2_D075_DENS_HIGH_V_REF,30,5.76000022888,23.6087767895,9.49947281693,0,0,11.5200004578,
G2_D075_DENS_HIGH_V_REF_S030,G2_D075_DENS_HIGH_V_REF,30,5.7690372467,23.1621880192,8.19562389693,0,0,11.5380744934,
G2_D075_DENS_HIGH_V_REF_S030,G2_D075_DENS_HIGH_V_REF,30,5.7780122757,21.8366572337,9.38070686332,0,0,11.5560245514,
G2_D075_DENS_HIGH_V_REF_S030,G2_D075_DENS_HIGH_V_REF,30,5.78704023361,22.7041069357,5.80792672168,0,0,11.5740804672,
G2_D075_DENS_HIGH_V_REF_S030,G2_D075_DENS_HIGH_V_REF,30,5.79601192474,23.9321155298,8.68110756714,0,0,11.5920238495,
G2_D075_DENS_HIGH_V_REF_S030,G2_D075_DENS_HIGH_V_REF,30,5.80500745773,20.7345070423,12.7734146517,0,0,11.6100149155,
G2_D075_DENS_HIGH_V_REF_S030,G2_D075_DENS_HIGH_V_REF,30,5.81401634216,23.333580209,4.04858858067,0,0,11.6280326843,
G2_D075_DENS_HIGH_V_REF_S030,G2_D075_DENS_HIGH_V_REF,30,5.82302188873,28.4538754599,12.3337802922,0,0,11.6460437775,
G2_D075_DENS_HIGH_V_REF_S030,G2_D075_DENS_HIGH_V_REF,30,5.83202409744,33.097090506,24.5576573807,0,0,11.6640481949,
G2_D075_DENS_HIGH_V_REF_S030,G2_D075_DENS_HIGH_V_REF,30,5.8410153389,22.5156166419,10.328966589,0,0,11.6820306778,
G2_D075_DENS_HIGH_V_REF_S030,G2_D075_DENS_HIGH_V_REF,30,5.85004377365,21.4750726764,12.0413106017,0,0,11.7000875473,
G2_D075_DENS_HIGH_V_REF_S030,G2_D075_DENS_HIGH_V_REF,30,5.85904979706,31.742949409,16.6530959681,0,0,11.7180995941,
G2_D075_DENS_HIGH_V_REF_S030,G2_D075_DENS_HIGH_V_REF,30,5.86802005768,23.5249507652,11.849502992,0,0,11.7360401154,
G2_D075_DENS_HIGH_V_REF_S030,G2_D075_DENS_HIGH_V_REF,30,5.87704801559,23.8869287889,3.5221187055,0,0,11.7540960312,
G2_D075_DENS_HIGH_V_REF_S030,G2_D075_DENS_HIGH_V_REF,30,5.88602256775,27.0698729168,13.2976275228,0,0,11.7720451355,
G2_D075_DENS_HIGH_V_REF_S030,G2_D075_DENS_HIGH_V_REF,30,5.89500522614,21.9262990449,8.53644740327,0,0,11.7900104523,
G2_D075_DENS_HIGH_V_REF_S030,G2_D075_DENS_HIGH_V_REF,30,5.90400028229,24.7205536445,8.00412629977,0,0,11.8080005646,
G2_D075_DENS_HIGH_V_REF_S030,G2_D075_DENS_HIGH_V_REF,30,5.9130282402,23.1105510821,8.93012511205,0,0,11.8260564804,
G2_D075_DENS_HIGH_V_REF_S030,G2_D075_DENS_HIGH_V_REF,30,5.92200136185,22.7551470418,9.73279248397,0,0,11.8440027237,
G2_D075_DENS_HIGH_V_REF_S030,G2_D075_DENS_HIGH_V_REF,30,5.93105316162,21.5941979408,7.70735473307,0,0,11.8621063232,
G2_D075_DENS_HIGH_V_REF_S030,G2_D075_DENS_HIGH_V_REF,30,5.94002866745,23.5554245158,5.99291816286,0,0,11.8800573349,
G2_D075_DENS_HIGH_V_REF_S030,G2_D075_DENS_HIGH_V_REF,30,5.94902992249,15.2632872996,10.1412679995,0,0,11.898059845,
G2_D075_DENS_HIGH_V_REF_S030,G2_D075_DENS_HIGH_V_REF,30,5.95802402496,28.5192881416,8.83401768512,0,0,11.9160480499,
G2_D075_DENS_HIGH_V_REF_S030,G2_D075_DENS_HIGH_V_REF,30,5.9670343399,17.7931612233,3.1156886501,0,0,11.9340686798,
G2_D075_DENS_HIGH_V_REF_S030,G2_D075_DENS_HIGH_V_REF,30,5.97605752945,27.4216429192,6.33839137656,0,0,11.9521150589,
G2_D075_DENS_HIGH_V_REF_S030,G2_D075_DENS_HIGH_V_REF,30,5.98501014709,27.8746951486,14.2346809262,0,0,11.9700202942,
G2_D075_DENS_HIGH_V_REF_S030,G2_D075_DENS_HIGH_V_REF,30,5.99399995804,25.0246280052,11.5936712034,0,0,11.9879999161,
G2_D075_DENS_HIGH_V_REF_S030,G2_D075_DENS_HIGH_V_REF,30,6.0030412674,26.0352707358,9.07465462547,0,0,12.0060825348,
G2_D075_DENS_HIGH_V_REF_S030,G2_D075_DENS_HIGH_V_REF,30,6.01200389862,26.1266190417,13.3165082818,0,0,12.0240077972,
G2_D075_DENS_HIGH_V_REF_S030,G2_D075_DENS_HIGH_V_REF,30,6.02100610733,22.3899682353,7.634330112,0,0,12.0420122147,
G2_D075_DENS_HIGH_V_REF_S030,G2_D075_DENS_HIGH_V_REF,30,6.03000640869,23.7119091927,7.35484445923,0,0,12.0600128174,
G2_D075_DENS_HIGH_V_REF_S030,G2_D075_DENS_HIGH_V_REF,30,6.03900766373,22.6662324802,9.75061077828,0,0,12.0780153275,
G2_D075_DENS_HIGH_V_REF_S030,G2_D075_DENS_HIGH_V_REF,30,6.04801130295,24.1096970785,13.2792709949,0,0,12.0960226059,
G2_D075_DENS_HIGH_V_REF_S030,G2_D075_DENS_HIGH_V_REF,30,6.05704641342,19.4506218003,11.6593991645,0,0,12.1140928268,
G2_D075_DENS_HIGH_V_REF_S030,G2_D075_DENS_HIGH_V_REF,30,6.06605195999,21.820498586,6.85913870691,0,0,12.13210392,
G2_D075_DENS_HIGH_V_REF_S030,G2_D075_DENS_HIGH_V_REF,30,6.0750207901,19.1587758444,5.9853066542,0,0,12.1500415802,
G2_D075_DENS_HIGH_V_REF_S030,G2_D075_DENS_HIGH_V_REF,30,6.08404541016,20.7490962455,5.70794876458,0,0,12.1680908203,
G2_D075_DENS_HIGH_V_REF_S030,G2_D075_DENS_HIGH_V_REF,30,6.09301662445,24.1267001316,6.26368362766,0,0,12.1860332489,
G2_D075_DENS_HIGH_V_REF_S030,G2_D075_DENS_HIGH_V_REF,30,6.1020359993,28.8199207766,9.67164827585,0,0,12.2040719986,
G2_D075_DENS_HIGH_V_REF_S030,G2_D075_DENS_HIGH_V_REF,30,6.11100196838,21.4875840233,8.25194844335,0,0,12.2220039368,
G2_D075_DENS_HIGH_V_REF_S030,G2_D075_DENS_HIGH_V_REF,30,6.12002706528,23.5977729936,7.80583753286,0,0,12.2400541306,
G2_D075_DENS_HIGH_V_REF_S030,G2_D075_DENS_HIGH_V_REF,30,6.12901592255,23.6063496766,9.814192181,0,0,12.2580318451,
G2_D075_DENS_HIGH_V_REF_S030,G2_D075_DENS_HIGH_V_REF,30,6.13801002502,16.5040183419,10.8256876908,0,0,12.27602005,
G2_D075_DENS_HIGH_V_REF_S030,G2_D075_DENS_HIGH_V_REF,30,6.14703941345,24.6348553391,7.9652413388,0,0,12.2940788269,
G2_D075_DENS_HIGH_V_REF_S030,G2_D075_DENS_HIGH_V_REF,30,6.15603971481,24.2106609956,10.4364504132,0,0,12.3120794296,
G2_D075_DENS_HIGH_V_REF_S030,G2_D075_DENS_HIGH_V_REF,30,6.16500616074,25.403982654,12.768906663,0,0,12.3300123215,
G2_D075_DENS_HIGH_V_REF_S030,G2_D075_DENS_HIGH_V_REF,30,6.17404508591,19.1286800867,4.11762546543,0,0,12.3480901718,
G2_D075_DENS_HIGH_V_REF_S030,G2_D075_DENS_HIGH_V_REF,30,6.18305873871,25.3558913354,4.19895700449,0,0,12.3661174774,
G2_D075_DENS_HIGH_V_REF_S030,G2_D075_DENS_HIGH_V_REF,30,6.19205522537,20.966612422,7.70956848147,0,0,12.3841104507,
G2_D075_DENS_HIGH_V_REF_S030,G2_D075_DENS_HIGH_V_REF,30,6.20105075836,18.4067411072,5.00284354803,0,0,12.4021015167,
G2_D075_DENS_HIGH_V_REF_S030,G2_D075_DENS_HIGH_V_REF,30,6.21002483368,34.0672283036,16.0925739157,0,0,12.4200496674,
G2_D075_DENS_HIGH_V_REF_S030,G2_D075_DENS_HIGH_V_REF,30,6.21904802322,22.4859452975,6.94523992554,0,0,12.4380960464,
G2_D075_DENS_HIGH_V_REF_S030,G2_D075_DENS_HIGH_V_REF,30,6.22800111771,21.9720384072,9.19322481297,0,0,12.4560022354,
G2_D075_DENS_HIGH_V_REF_S030,G2_D075_DENS_HIGH_V_REF,30,6.23701858521,25.1361514106,12.7290099997,0,0,12.4740371704,
G2_D075_DENS_HIGH_V_REF_S030,G2_D075_DENS_HIGH_V_REF,30,6.24604701996,18.5100713488,9.04221337552,0,0,12.4920940399,
G2_D075_DENS_HIGH_V_REF_S030,G2_D075_DENS_HIGH_V_REF,30,6.25500011444,25.0750845431,11.8950962642,0,0,12.5100002289,
G2_D075_DENS_HIGH_V_REF_S030,G2_D075_DENS_HIGH_V_REF,30,6.26403713226,24.1551380253,9.66784985499,0,0,12.5280742645,
G2_D075_DENS_HIGH_V_REF_S030,G2_D075_DENS_HIGH_V_REF,30,6.27300834656,26.1344110024,7.90028197116,0,0,12.5460166931,
G2_D075_DENS_HIGH_V_REF_S030,G2_D075_DENS_HIGH_V_REF,30,6.28200626373,22.796823532,8.66265935983,0,0,12.5640125275,
G2_D075_DENS_HIGH_V_REF_S030,G2_D075_DENS_HIGH_V_REF,30,6.29104137421,24.2066467542,2.90844873972,0,0,12.5820827484,
G2_D075_DENS_HIGH_V_REF_S030,G2_D075_DENS_HIGH_V_REF,30,6.30005645752,25.3055497427,11.7511344048,0,0,12.600112915,
G2_D075_DENS_HIGH_V_REF_S030,G2_D075_DENS_HIGH_V_REF,30,6.30903339386,24.8705394945,12.5853430223,0,0,12.6180667877,
G2_D075_DENS_HIGH_V_REF_S030,G2_D075_DENS_HIGH_V_REF,30,6.31800556183,24.17980041,9.14118471354,0,0,12.6360111237,
G2_D075_DENS_HIGH_V_REF_S030,G2_D075_DENS_HIGH_V_REF,30,6.32701063156,21.7176093363,5.16141839869,0,0,12.6540212631,
G2_D075_DENS_HIGH_V_REF_S030,G2_D075_DENS_HIGH_V_REF,30,6.33603620529,18.6662332947,3.88353495897,0,0,12.6720724106,
G2_D075_DENS_HIGH_V_REF_S030,G2_D075_DENS_HIGH_V_REF,30,6.34500074387,24.4416545011,12.4640509317,0,0,12.6900014877,
G2_D075_DENS_HIGH_V_REF_S030,G2_D075_DENS_HIGH_V_REF,30,6.35402679443,21.8604287929,11.8379129509,0,0,12.7080535889,
G2_D075_DENS_HIGH_V_REF_S030,G2_D075_DENS_HIGH_V_REF,30,6.36304235458,27.2543953894,14.5080666939,0,0,12.7260847092,
G2_D075_DENS_HIGH_V_REF_S030,G2_D075_DENS_HIGH_V_REF,30,6.37201452255,24.2605405968,12.578809265,0,0,12.7440290451,
G2_D075_DENS_HIGH_V_REF_S030,G2_D075_DENS_HIGH_V_REF,30,6.38102054596,24.3705122415,8.91556842383,0,0,12.7620410919,
G2_D075_DENS_HIGH_V_REF_S030,G2_D075_DENS_HIGH_V_REF,30,6.39001846313,25.0254127275,7.62536536957,0,0,12.7800369263,
G2_D075_DENS_HIGH_V_REF_S030,G2_D075_DENS_HIGH_V_REF,30,6.39901065826,25.6393153422,6.31690554581,0,0,12.7980213165,
G2_D075_DENS_HIGH_V_REF_S030,G2_D075_DENS_HIGH_V_REF,30,6.40801000595,24.652035231,13.2169688677,0,0,12.8160200119,
G2_D075_DENS_HIGH_V_REF_S030,G2_D075_DENS_HIGH_V_REF,30,6.41703987122,26.6831131421,13.3666734506,0,0,12.8340797424,
G2_D075_DENS_HIGH_V_REF_S030,G2_D075_DENS_HIGH_V_REF,30,6.42600536346,24.3762749768,7.51219346433,0,0,12.8520107269,
G2_D075_DENS_HIGH_V_REF_S030,G2_D075_DENS_HIGH_V_REF,30,6.43500375748,22.9705190475,14.0809396618,0,0,12.870007515,
G2_D075_DENS_HIGH_V_REF_S030,G2_D075_DENS_HIGH_V_REF,30,6.4440279007,25.1672330447,13.0439808681,0,0,12.8880558014,
G2_D075_DENS_HIGH_V_REF_S030,G2_D075_DENS_HIGH_V_REF,30,6.45302724838,29.4263961607,5.88266773665,0,0,12.9060544968,
G2_D075_DENS_HIGH_V_REF_S030,G2_D075_DENS_HIGH_V_REF,30,6.46200370789,27.1288442441,4.60272981239,0,0,12.9240074158,
G2_D075_DENS_HIGH_V_REF_S030,G2_D075_DENS_HIGH_V_REF,30,6.47100114822,26.6423473718,11.4917098442,0,0,12.9420022964,
G2_D075_DENS_HIGH_V_REF_S030,G2_D075_DENS_HIGH_V_REF,30,6.48001909256,29.1585627068,11.0012875099,0,0,12.9600381851,
G2_D075_DENS_HIGH_V_REF_S030,G2_D075_DENS_HIGH_V_REF,30,6.48902368546,17.8309715747,8.22176965742,0,0,12.9780473709,
G2_D075_DENS_HIGH_V_REF_S030,G2_D075_DENS_HIGH_V_REF,30,6.49803161621,24.6209535969,8.99319726868,0,0,12.9960632324,
G2_D075_DENS_HIGH_V_REF_S030,G2_D075_DENS_HIGH_V_REF,30,6.5070400238,24.3557970408,6.70223755831,0,0,13.0140800476,
G2_D075_DENS_HIGH_V_REF_S030,G2_D075_DENS_HIGH_V_REF,30,6.51602268219,25.0470401159,9.48926091783,0,0,13.0320453644,
G2_D075_DENS_HIGH_V_REF_S030,G2_D075_DENS_HIGH_V_REF,30,6.52501535416,25.6538205469,11.0790887292,0,0,13.0500307083,
G2_D075_DENS_HIGH_V_REF_S030,G2_D075_DENS_HIGH_V_REF,30,6.53404092789,26.5508553844,4.55623753425,0,0,13.0680818558,
G2_D075_DENS_HIGH_V_REF_S030,G2_D075_DENS_HIGH_V_REF,30,6.54302120209,21.8151271067,6.0130150872,0,0,13.0860424042,
G2_D075_DENS_HIGH_V_REF_S030,G2_D075_DENS_HIGH_V_REF,30,6.5520324707,14.1250067256,9.81687534093,0,0,13.1040649414,
G2_D075_DENS_HIGH_V_REF_S030,G2_D075_DENS_HIGH_V_REF,30,6.56105947495,33.4805411841,18.2116527029,0,0,13.1221189499,
G2_D075_DENS_HIGH_V_REF_S030,G2_D075_DENS_HIGH_V_REF,30,6.57003736496,27.7285422802,10.5903483677,0,0,13.1400747299,
G2_D075_DENS_HIGH_V_REF_S030,G2_D075_DENS_HIGH_V_REF,30,6.57904863358,25.2679538083,8.59070443029,0,0,13.1580972672,
G2_D075_DENS_HIGH_V_REF_S030,G2_D075_DENS_HIGH_V_REF,30,6.58805799484,26.7586034263,8.12736630341,0,0,13.1761159897,
G2_D075_DENS_HIGH_V_REF_S030,G2_D075_DENS_HIGH_V_REF,30,6.59704351425,23.9319563749,9.92901265732,0,0,13.1940870285,
G2_D075_DENS_HIGH_V_REF_S030,G2_D075_DENS_HIGH_V_REF,30,6.60601425171,27.9085111531,12.733476254,0,0,13.2120285034,
G2_D075_DENS_HIGH_V_REF_S030,G2_D075_DENS_HIGH_V_REF,30,6.61503314972,28.4974861248,10.9880321937,0,0,13.2300662994,
G2_D075_DENS_HIGH_V_REF_S030,G2_D075_DENS_HIGH_V_REF,30,6.62401866913,25.4234769241,7.82272449326,0,0,13.2480373383,
G2_D075_DENS_HIGH_V_REF_S030,G2_D075_DENS_HIGH_V_REF,30,6.63303756714,26.0122861094,8.11815268443,0,0,13.2660751343,
G2_D075_DENS_HIGH_V_REF_S030,G2_D075_DENS_HIGH_V_REF,30,6.64201068878,24.7808070534,7.95698641776,0,0,13.2840213776,
G2_D075_DENS_HIGH_V_REF_S030,G2_D075_DENS_HIGH_V_REF,30,6.65100908279,29.9612783462,11.9876208039,0,0,13.3020181656,
G2_D075_DENS_HIGH_V_REF_S030,G2_D075_DENS_HIGH_V_REF,30,6.66002368927,26.0717923743,8.65585781273,0,0,13.3200473785,
G2_D075_DENS_HIGH_V_REF_S030,G2_D075_DENS_HIGH_V_REF,30,6.66902589798,22.785687107,7.78019930265,0,0,13.338051796,
G2_D075_DENS_HIGH_V_REF_S030,G2_D075_DENS_HIGH_V_REF,30,6.67805147171,25.2708561756,6.21062122497,0,0,13.3561029434,
G2_D075_DENS_HIGH_V_REF_S030,G2_D075_DENS_HIGH_V_REF,30,6.68702840805,35.0908576354,8.76810807467,0,0,13.3740568161,
G2_D075_DENS_HIGH_V_REF_S030,G2_D075_DENS_HIGH_V_REF,30,6.69604539871,23.4288764417,4.27318689716,0,0,13.3920907974,
G2_D075_DENS_HIGH_V_REF_S030,G2_D075_DENS_HIGH_V_REF,30,6.70501184464,29.3949785328,10.7212714306,0,0,13.4100236893,
G2_D075_DENS_HIGH_V_REF_S030,G2_D075_DENS_HIGH_V_REF,30,6.71400260925,25.3763228512,8.57093138215,0,0,13.4280052185,
G2_D075_DENS_HIGH_V_REF_S030,G2_D075_DENS_HIGH_V_REF,30,6.7230014801,20.2471569227,5.94778833128,0,0,13.4460029602,
G2_D075_DENS_HIGH_V_REF_S030,G2_D075_DENS_HIGH_V_REF,30,6.73202514648,25.137068762,11.1824537844,0,0,13.464050293,
G2_D075_DENS_HIGH_V_REF_S030,G2_D075_DENS_HIGH_V_REF,30,6.74102640152,27.1164102642,8.48002271958,0,0,13.482052803,
G2_D075_DENS_HIGH_V_REF_S030,G2_D075_DENS_HIGH_V_REF,30,6.75003051758,25.7810383981,12.3400667779,0,0,13.5000610352,
G2_D075_DENS_HIGH_V_REF_S030,G2_D075_DENS_HIGH_V_REF,30,6.75900411606,25.3257160003,5.84748565889,0,0,13.5180082321,
G2_D075_DENS_HIGH_V_REF_S030,G2_D075_DENS_HIGH_V_REF,30,6.76800203323,25.4029945671,13.4650781296,0,0,13.5360040665,
G2_D075_DENS_HIGH_V_REF_S030,G2_D075_DENS_HIGH_V_REF,30,6.77702474594,25.9530119455,10.7343050513,0,0,13.5540494919,
G2_D075_DENS_HIGH_V_REF_S030,G2_D075_DENS_HIGH_V_REF,30,6.78601837158,26.5486736354,5.35647400854,0,0,13.5720367432,
G2_D075_DENS_HIGH_V_REF_S030,G2_D075_DENS_HIGH_V_REF,30,6.79504537582,28.4365386236,12.0696652236,0,0,13.5900907516,
G2_D075_DENS_HIGH_V_REF_S030,G2_D075_DENS_HIGH_V_REF,30,6.80401849747,23.9961930783,8.11051603987,0,0,13.6080369949,
G2_D075_DENS_HIGH_V_REF_S030,G2_D075_DENS_HIGH_V_REF,30,6.81304550171,25.7090605751,6.3653472334,0,0,13.6260910034,
G2_D075_DENS_HIGH_V_REF_S030,G2_D075_DENS_HIGH_V_REF,30,6.82204771042,29.3844588332,7.38144257312,0,0,13.6440954208,
G2_D075_DENS_HIGH_V_REF_S030,G2_D075_DENS_HIGH_V_REF,30,6.83103609085,18.8490492727,5.39214632505,0,0,13.6620721817,
G2_D075_DENS_HIGH_V_REF_S030,G2_D075_DENS_HIGH_V_REF,30,6.84003400803,25.9315525541,8.04947741871,0,0,13.6800680161,
G2_D075_DENS_HIGH_V_REF_S030,G2_D075_DENS_HIGH_V_REF,30,6.84902620316,25.6142528597,9.42773216012,0,0,13.6980524063,
G2_D075_DENS_HIGH_V_REF_S030,G2_D075_DENS_HIGH_V_REF,30,6.85800027847,26.8907506598,9.31349286252,0,0,13.7160005569,
G2_D075_DENS_HIGH_V_REF_S030,G2_D075_DENS_HIGH_V_REF,30,6.86702775955,24.5248549581,5.77129742643,0,0,13.7340555191,
G2_D075_DENS_HIGH_V_REF_S030,G2_D075_DENS_HIGH_V_REF,30,6.87600135803,25.7685115778,11.7226841006,0,0,13.7520027161,
G2_D075_DENS_HIGH_V_REF_S030,G2_D075_DENS_HIGH_V_REF,30,6.88501024246,28.1465340019,9.47458605604,0,0,13.7700204849,
G2_D075_DENS_HIGH_V_REF_S030,G2_D075_DENS_HIGH_V_REF,30,6.89404344559,26.850966345,10.2069161235,0,0,13.7880868912,
G2_D075_DENS_HIGH_V_REF_S030,G2_D075_DENS_HIGH_V_REF,30,6.90300321579,33.2281546016,14.8398331528,0,0,13.8060064316,
G2_D075_DENS_HIGH_V_REF_S030,G2_D075_DENS_HIGH_V_REF,30,6.91202735901,22.6339151848,7.40572228391,0,0,13.824054718,
G2_D075_DENS_HIGH_V_REF_S030,G2_D075_DENS_HIGH_V_REF,30,6.92103290558,24.9945013008,3.51984962649,0,0,13.8420658112,
G2_D075_DENS_HIGH_V_REF_S030,G2_D075_DENS_HIGH_V_REF,30,6.93005943298,29.6391951615,6.72481854345,0,0,13.860118866,
G2_D075_DENS_HIGH_V_REF_S030,G2_D075_DENS_HIGH_V_REF,30,6.93902397156,23.8530022602,10.9153898968,0,0,13.8780479431,
G2_D075_DENS_HIGH_V_REF_S030,G2_D075_DENS_HIGH_V_REF,30,6.9480381012,22.6915138008,12.6151622625,0,0,13.8960762024,
G2_D075_DENS_HIGH_V_REF_S030,G2_D075_DENS_HIGH_V_REF,30,6.95700645447,22.7205772618,11.255427685,0,0,13.9140129089,
G2_D075_DENS_HIGH_V_REF_S030,G2_D075_DENS_HIGH_V_REF,30,6.96601438522,25.5275112052,10.2312305868,0,0,13.9320287704,
G2_D075_DENS_HIGH_V_REF_S030,G2_D075_DENS_HIGH_V_REF,30,6.97500419617,27.6965101374,17.889194025,0,0,13.9500083923,
G2_D075_DENS_HIGH_V_REF_S030,G2_D075_DENS_HIGH_V_REF,30,6.98404121399,25.4755692211,7.32105120192,0,0,13.968082428,
G2_D075_DENS_HIGH_V_REF_S030,G2_D075_DENS_HIGH_V_REF,30,6.99304151535,26.070707026,8.34020725403,0,0,13.9860830307,
G2_D075_DENS_HIGH_V_REF_S030,G2_D075_DENS_HIGH_V_REF,30,7.00203609467,27.4527378162,6.5388007657,0,0,14.0040721893,
G2_D075_DENS_HIGH_V_REF_S030,G2_D075_DENS_HIGH_V_REF,30,7.01104545593,28.632378781,0.946558921747,0,0,14.0220909119,
G2_D075_DENS_HIGH_V_REF_S030,G2_D075_DENS_HIGH_V_REF,30,7.02003479004,22.907730212,15.1785915687,0,0,14.0400695801,
G2_D075_DENS_HIGH_V_REF_S030,G2_D075_DENS_HIGH_V_REF,30,7.02900218964,20.3936457849,4.12085013373,0,0,14.0580043793,
G2_D075_DENS_HIGH_V_REF_S030,G2_D075_DENS_HIGH_V_REF,30,7.03803825378,31.2042010847,7.09137758117,0,0,14.0760765076,
G2_D075_DENS_HIGH_V_REF_S030,G2_D075_DENS_HIGH_V_REF,30,7.04704618454,28.6199050124,3.54881680444,0,0,14.0940923691,
G2_D075_DENS_HIGH_V_REF_S030,G2_D075_DENS_HIGH_V_REF,30,7.05602788925,23.6200104759,9.03853056761,0,0,14.1120557785,
G2_D075_DENS_HIGH_V_REF_S030,G2_D075_DENS_HIGH_V_REF,30,7.06502199173,21.2831097102,4.74710355452,0,0,14.1300439835,
G2_D075_DENS_HIGH_V_REF_S030,G2_D075_DENS_HIGH_V_REF,30,7.07402849197,22.6462828502,8.59372197415,0,0,14.1480569839,
G2_D075_DENS_HIGH_V_REF_S030,G2_D075_DENS_HIGH_V_REF,30,7.08301019669,26.5883717413,8.11443074215,0,0,14.1660203934,
G2_D075_DENS_HIGH_V_REF_S030,G2_D075_DENS_HIGH_V_REF,30,7.09203863144,24.6956127386,16.887001322,0,0,14.1840772629,
G2_D075_DENS_HIGH_V_REF_S030,G2_D075_DENS_HIGH_V_REF,30,7.10101270676,28.4889956507,8.99604670244,0,0,14.2020254135,
G2_D075_DENS_HIGH_V_REF_S030,G2_D075_DENS_HIGH_V_REF,30,7.11000108719,26.7038032847,7.18159371557,0,0,14.2200021744,
G2_D075_DENS_HIGH_V_REF_S030,G2_D075_DENS_HIGH_V_REF,30,7.11903190613,26.7314188778,8.18160959985,0,0,14.2380638123,
G2_D075_DENS_HIGH_V_REF_S030,G2_D075_DENS_HIGH_V_REF,30,7.12800979614,26.3324616452,14.0980198386,0,0,14.2560195923,
G2_D075_DENS_HIGH_V_REF_S030,G2_D075_DENS_HIGH_V_REF,30,7.13703250885,24.4354054591,9.42628462329,0,0,14.2740650177,
G2_D075_DENS_HIGH_V_REF_S030,G2_D075_DENS_HIGH_V_REF,30,7.14602231979,27.9193115843,6.37960261216,0,0,14.2920446396,
G2_D075_DENS_HIGH_V_REF_S030,G2_D075_DENS_HIGH_V_REF,30,7.15505886078,22.7335307058,4.20597253439,0,0,14.3101177216,
G2_D075_DENS_HIGH_V_REF_S030,G2_D075_DENS_HIGH_V_REF,30,7.16403341293,22.1918181207,7.38727306382,0,0,14.3280668259,
G2_D075_DENS_HIGH_V_REF_S030,G2_D075_DENS_HIGH_V_REF,30,7.17304944992,21.8988536592,5.83151982241,0,0,14.3460988998,
G2_D075_DENS_HIGH_V_REF_S030,G2_D075_DENS_HIGH_V_REF,30,7.18200683594,26.2950116029,6.23242163926,0,0,14.3640136719,
G2_D075_DENS_HIGH_V_REF_S030,G2_D075_DENS_HIGH_V_REF,30,7.1910161972,27.6639098999,12.3543350122,0,0,14.3820323944,
G2_D075_DENS_HIGH_V_REF_S030,G2_D075_DENS_HIGH_V_REF,30,7.20001840591,24.6280625177,9.2334252463,0,0,14.4000368118,
G2_D075_DENS_HIGH_V_REF_S030,G2_D075_DENS_HIGH_V_REF,30,7.20903587341,28.3769129925,11.0663306211,0,0,14.4180717468,
G2_D075_DENS_HIGH_V_REF_S030,G2_D075_DENS_HIGH_V_REF,30,7.21801996231,26.8525645258,11.0510627927,0,0,14.4360399246,
G2_D075_DENS_HIGH_V_REF_S030,G2_D075_DENS_HIGH_V_REF,30,7.22700119019,27.7321829495,6.84914832152,0,0,14.4540023804,
G2_D075_DENS_HIGH_V_REF_S030,G2_D075_DENS_HIGH_V_REF,30,7.23601531982,26.0502114061,11.0541492942,0,0,14.4720306396,
G2_D075_DENS_HIGH_V_REF_S030,G2_D075_DENS_HIGH_V_REF,30,7.24501180649,27.7558948256,8.56238714057,0,0,14.490023613,
G2_D075_DENS_HIGH_V_REF_S030,G2_D075_DENS_HIGH_V_REF,30,7.2540063858,26.2574908251,10.8311696313,0,0,14.5080127716,
G2_D075_DENS_HIGH_V_REF_S030,G2_D075_DENS_HIGH_V_REF,30,7.26304674149,27.2074557336,13.3285012897,0,0,14.526093483,
G2_D075_DENS_HIGH_V_REF_S030,G2_D075_DENS_HIGH_V_REF,30,7.27205038071,24.0656752634,8.77939726607,0,0,14.5441007614,
G2_D075_DENS_HIGH_V_REF_S030,G2_D075_DENS_HIGH_V_REF,30,7.28104114532,24.9888645632,4.137831913,0,0,14.5620822906,
G2_D075_DENS_HIGH_V_REF_S030,G2_D075_DENS_HIGH_V_REF,30,7.29005336761,25.5275907827,9.44470181292,0,0,14.5801067352,
G2_D075_DENS_HIGH_V_REF_S030,G2_D075_DENS_HIGH_V_REF,30,7.29901742935,32.2870780546,12.4979420395,0,0,14.5980348587,
G2_D075_DENS_HIGH_V_REF_S030,G2_D075_DENS_HIGH_V_REF,30,7.30800867081,21.6831987113,6.98877385786,0,0,14.6160173416,
G2_D075_DENS_HIGH_V_REF_S030,G2_D075_DENS_HIGH_V_REF,30,7.31703090668,26.8702771447,7.9163478346,0,0,14.6340618134,
G2_D075_DENS_HIGH_V_REF_S030,G2_D075_DENS_HIGH_V_REF,30,7.32604885101,28.7196089528,10.9956592802,0,0,14.652097702,
G2_D075_DENS_HIGH_V_REF_S030,G2_D075_DENS_HIGH_V_REF,30,7.33502960205,24.2930656778,9.05433269218,0,0,14.6700592041,
G2_D075_DENS_HIGH_V_REF_S030,G2_D075_DENS_HIGH_V_REF,30,7.34400987625,25.3627018407,10.8837362211,0,0,14.6880197525,
G2_D075_DENS_HIGH_V_REF_S030,G2_D075_DENS_HIGH_V_REF,30,7.35303497314,26.9356566691,5.39381785097,0,0,14.7060699463,
G2_D075_DENS_HIGH_V_REF_S030,G2_D075_DENS_HIGH_V_REF,30,7.36200475693,27.0857486223,7.25633770532,0,0,14.7240095139,
G2_D075_DENS_HIGH_V_REF_S030,G2_D075_DENS_HIGH_V_REF,30,7.37103366852,26.7073909024,11.50412885,0,0,14.742067337,
G2_D075_DENS_HIGH_V_REF_S030,G2_D075_DENS_HIGH_V_REF,30,7.38004684448,38.8544829941,18.8620951457,0,0,14.760093689,
G2_D075_DENS_HIGH_V_REF_S030,G2_D075_DENS_HIGH_V_REF,30,7.38904762268,23.7563355266,2.11295502156,0,0,14.7780952454,
G2_D075_DENS_HIGH_V_REF_S030,G2_D075_DENS_HIGH_V_REF,30,7.39801836014,24.4762707012,6.58345807975,0,0,14.7960367203,
G2_D075_DENS_HIGH_V_REF_S030,G2_D075_DENS_HIGH_V_REF,30,7.40704679489,28.4868205332,9.92525731115,0,0,14.8140935898,
G2_D075_DENS_HIGH_V_REF_S030,G2_D075_DENS_HIGH_V_REF,30,7.41606044769,20.4531188925,8.26809368201,0,0,14.8321208954,
G2_D075_DENS_HIGH_V_REF_S030,G2_D075_DENS_HIGH_V_REF,30,7.42500782013,26.0776590023,10.8566837762,0,0,14.8500156403,
G2_D075_DENS_HIGH_V_REF_S030,G2_D075_DENS_HIGH_V_REF,30,7.43404531479,27.4026084301,6.19567555209,0,0,14.8680906296,
G2_D075_DENS_HIGH_V_REF_S030,G2_D075_DENS_HIGH_V_REF,30,7.4430308342,17.9588901498,8.97009264886,0,0,14.8860616684,
G2_D075_DENS_HIGH_V_REF_S030,G2_D075_DENS_HIGH_V_REF,30,7.45202922821,28.3829321441,10.4310716759,0,0,14.9040584564,
G2_D075_DENS_HIGH_V_REF_S030,G2_D075_DENS_HIGH_V_REF,30,7.46103000641,26.4687424862,9.95754061284,0,0,14.9220600128,
G2_D075_DENS_HIGH_V_REF_S030,G2_D075_DENS_HIGH_V_REF,30,7.47002315521,24.2301486342,8.16497478353,0,0,14.9400463104,
G2_D075_DENS_HIGH_V_REF_S030,G2_D075_DENS_HIGH_V_REF,30,7.47901058197,27.2013614256,8.08881044302,0,0,14.9580211639,
G2_D075_DENS_HIGH_V_REF_S030,G2_D075_DENS_HIGH_V_REF,30,7.48802471161,26.8251301925,11.6429126278,0,0,14.9760494232,
G2_D075_DENS_HIGH_V_REF_S030,G2_D075_DENS_HIGH_V_REF,30,7.49703502655,19.3150726299,7.61895940964,0,0,14.9940700531,
G2_D075_DENS_HIGH_V_REF_S030,G2_D075_DENS_HIGH_V_REF,30,7.50603675842,24.8052948098,6.57957105775,0,0,15.0120735168,
G2_D075_DENS_HIGH_V_REF_S030,G2_D075_DENS_HIGH_V_REF,30,7.51501321793,23.4589390421,11.4873233842,0,0,15.0300264359,
G2_D075_DENS_HIGH_V_REF_S030,G2_D075_DENS_HIGH_V_REF,30,7.52401590347,27.4470635004,7.06839969419,0,0,15.0480318069,
G2_D075_DENS_HIGH_V_REF_S030,G2_D075_DENS_HIGH_V_REF,30,7.53300619125,14.4804461337,5.2661795135,0,0,15.0660123825,
G2_D075_DENS_HIGH_V_REF_S030,G2_D075_DENS_HIGH_V_REF,30,7.54201078415,27.3075597718,11.9054227603,0,0,15.0840215683,
G2_D075_DENS_HIGH_V_REF_S030,G2_D075_DENS_HIGH_V_REF,30,7.55103826523,28.3906290539,8.2460634571,0,0,15.1020765305,
G2_D075_DENS_HIGH_V_REF_S030,G2_D075_DENS_HIGH_V_REF,30,7.56003046036,27.1646518959,10.8498004678,0,0,15.1200609207,
G2_D075_DENS_HIGH_V_REF_S030,G2_D075_DENS_HIGH_V_REF,30,7.56904649734,29.4402404302,10.9401295793,0,0,15.1380929947,
G2_D075_DENS_HIGH_V_REF_S030,G2_D075_DENS_HIGH_V_REF,30,7.57803678513,28.5085473934,9.4293522146,0,0,15.1560735703,
G2_D075_DENS_HIGH_V_REF_S030,G2_D075_DENS_HIGH_V_REF,30,7.58700990677,26.861424151,10.2371870053,0,0,15.1740198135,
G2_D075_DENS_HIGH_V_REF_S030,G2_D075_DENS_HIGH_V_REF,30,7.59601163864,28.7284729989,10.9012078718,0,0,15.1920232773,
G2_D075_DENS_HIGH_V_REF_S030,G2_D075_DENS_HIGH_V_REF,30,7.60503196716,30.4174539913,7.00953858549,0,0,15.2100639343,
G2_D075_DENS_HIGH_V_REF_S030,G2_D075_DENS_HIGH_V_REF,30,7.61400556564,31.907009419,14.6587912803,0,0,15.2280111313,
G2_D075_DENS_HIGH_V_REF_S030,G2_D075_DENS_HIGH_V_REF,30,7.62304353714,26.1966980578,12.0575706514,0,0,15.2460870743,
G2_D075_DENS_HIGH_V_REF_S030,G2_D075_DENS_HIGH_V_REF,30,7.63201808929,29.6635458678,7.20085191542,0,0,15.2640361786,
G2_D075_DENS_HIGH_V_REF_S030,G2_D075_DENS_HIGH_V_REF,30,7.64102172852,28.3610726547,11.4031669115,0,0,15.282043457,
G2_D075_DENS_HIGH_V_REF_S030,G2_D075_DENS_HIGH_V_REF,30,7.65000581741,26.4519781655,3.20223394549,0,0,15.3000116348,
G2_D075_DENS_HIGH_V_REF_S030,G2_D075_DENS_HIGH_V_REF,30,7.65904378891,28.1753918878,7.23650200291,0,0,15.3180875778,
G2_D075_DENS_HIGH_V_REF_S030,G2_D075_DENS_HIGH_V_REF,30,7.66804552078,29.993980266,14.0598701383,0,0,15.3360910416,
G2_D075_DENS_HIGH_V_REF_S030,G2_D075_DENS_HIGH_V_REF,30,7.6770567894,32.0300361901,14.3323068101,0,0,15.3541135788,
G2_D075_DENS_HIGH_V_REF_S030,G2_D075_DENS_HIGH_V_REF,30,7.68600130081,25.6363864492,8.18597253443,0,0,15.3720026016,
G2_D075_DENS_HIGH_V_REF_S030,G2_D075_DENS_HIGH_V_REF,30,7.69504356384,26.6919793988,10.1429139026,0,0,15.3900871277,
G2_D075_DENS_HIGH_V_REF_S030,G2_D075_DENS_HIGH_V_REF,30,7.70403671265,26.7075323735,9.5800362569,0,0,15.4080734253,
G2_D075_DENS_HIGH_V_REF_S030,G2_D075_DENS_HIGH_V_REF,30,7.71302175522,27.1675741574,9.77121706453,0,0,15.4260435104,
G2_D075_DENS_HIGH_V_REF_S030,G2_D075_DENS_HIGH_V_REF,30,7.7220416069,28.3747599798,9.08105683205,0,0,15.4440832138,
G2_D075_DENS_HIGH_V_REF_S030,G2_D075_DENS_HIGH_V_REF,30,7.73100042343,27.4428326315,13.3719348549,0,0,15.4620008469,
G2_D075_DENS_HIGH_V_REF_S030,G2_D075_DENS_HIGH_V_REF,30,7.7400021553,25.0263057636,6.06619087641,0,0,15.4800043106,
G2_D075_DENS_HIGH_V_REF_S030,G2_D075_DENS_HIGH_V_REF,30,7.74900913239,23.6174639968,5.99686051519,0,0,15.4980182648,
G2_D075_DENS_HIGH_V_REF_S030,G2_D075_DENS_HIGH_V_REF,30,7.75803613663,32.1305469576,9.73828615848,0,0,15.5160722733,
G2_D075_DENS_HIGH_V_REF_S030,G2_D075_DENS_HIGH_V_REF,30,7.76700544357,17.336788845,6.25945998773,0,0,15.5340108871,
G2_D075_DENS_HIGH_V_REF_S030,G2_D075_DENS_HIGH_V_REF,30,7.77604007721,25.8873605315,4.47753913266,0,0,15.5520801544,
G2_D075_DENS_HIGH_V_REF_S030,G2_D075_DENS_HIGH_V_REF,30,7.78502845764,34.0567749185,15.1849191886,0,0,15.5700569153,
G2_D075_DENS_HIGH_V_REF_S030,G2_D075_DENS_HIGH_V_REF,30,7.79403400421,31.7675255848,11.6061248285,0,0,15.5880680084,
G2_D075_DENS_HIGH_V_REF_S030,G2_D075_DENS_HIGH_V_REF,30,7.80301713943,26.1673892329,10.0096955366,0,0,15.6060342789,
G2_D075_DENS_HIGH_V_REF_S030,G2_D075_DENS_HIGH_V_REF,30,7.8120265007,26.0552446811,9.26718415047,0,0,15.6240530014,
G2_D075_DENS_HIGH_V_REF_S030,G2_D075_DENS_HIGH_V_REF,30,7.82102680206,27.0773907773,17.9168605818,0,0,15.6420536041,
G2_D075_DENS_HIGH_V_REF_S030,G2_D075_DENS_HIGH_V_REF,30,7.83001661301,27.1233931873,8.91958924327,0,0,15.660033226,
G2_D075_DENS_HIGH_V_REF_S030,G2_D075_DENS_HIGH_V_REF,30,7.83904075623,28.1090419604,9.40676355791,0,0,15.6780815125,
G2_D075_DENS_HIGH_V_REF_S030,G2_D075_DENS_HIGH_V_REF,30,7.84801721573,26.4144330724,13.5698846548,0,0,15.6960344315,
G2_D075_DENS_HIGH_V_REF_S030,G2_D075_DENS_HIGH_V_REF,30,7.85700845718,26.9914183718,5.72435292452,0,0,15.7140169144,
G2_D075_DENS_HIGH_V_REF_S030,G2_D075_DENS_HIGH_V_REF,30,7.8660159111,27.199637247,3.7822786142,0,0,15.7320318222,
G2_D075_DENS_HIGH_V_REF_S030,G2_D075_DENS_HIGH_V_REF,30,7.87502527237,25.4446334791,7.72959746775,0,0,15.7500505447,
G2_D075_DENS_HIGH_V_REF_S030,G2_D075_DENS_HIGH_V_REF,30,7.88404083252,30.6509873445,7.20923684158,0,0,15.768081665,
G2_D075_DENS_HIGH_V_REF_S030,G2_D075_DENS_HIGH_V_REF,30,7.89302444458,27.3539468063,9.01498494899,0,0,15.7860488892,
G2_D075_DENS_HIGH_V_REF_S030,G2_D075_DENS_HIGH_V_REF,30,7.90200090408,22.8235306157,3.82718362284,0,0,15.8040018082,
G2_D075_DENS_HIGH_V_REF_S030,G2_D075_DENS_HIGH_V_REF,30,7.91105175018,32.4408327821,13.5284946056,0,0,15.8221035004,
G2_D075_DENS_HIGH_V_REF_S030,G2_D075_DENS_HIGH_V_REF,30,7.92004299164,24.257271289,11.4040647084,0,0,15.8400859833,
G2_D075_DENS_HIGH_V_REF_S030,G2_D075_DENS_HIGH_V_REF,30,7.92902946472,29.7465628545,13.1210095775,0,0,15.8580589294,
G2_D075_DENS_HIGH_V_REF_S030,G2_D075_DENS_HIGH_V_REF,30,7.93801689148,27.4778599819,10.7502321768,0,0,15.876033783,
G2_D075_DENS_HIGH_V_REF_S030,G2_D075_DENS_HIGH_V_REF,30,7.94701051712,26.7057706167,10.2407618808,0,0,15.8940210342,
G2_D075_DENS_HIGH_V_REF_S030,G2_D075_DENS_HIGH_V_REF,30,7.95603942871,29.0522052056,8.62721109281,0,0,15.9120788574,
G2_D075_DENS_HIGH_V_REF_S030,G2_D075_DENS_HIGH_V_REF,30,7.96502685547,29.7855867624,9.50728342386,0,0,15.9300537109,
G2_D075_DENS_HIGH_V_REF_S030,G2_D075_DENS_HIGH_V_REF,30,7.97404956818,28.6832398378,2.22588596523,0,0,15.9480991364,
G2_D075_DENS_HIGH_V_REF_S030,G2_D075_DENS_HIGH_V_REF,30,7.98303747177,22.1401657102,7.94069324341,0,0,15.9660749435,
G2_D075_DENS_HIGH_V_REF_S030,G2_D075_DENS_HIGH_V_REF,30,7.99201774597,27.8705239628,12.2902742047,0,0,15.9840354919,
G2_D075_DENS_HIGH_V_REF_S030,G2_D075_DENS_HIGH_V_REF,30,8.00102043152,26.4117561746,10.9625791888,0,0,16.002040863,
G2_D075_DENS_HIGH_V_REF_S030,G2_D075_DENS_HIGH_V_REF,30,8.01002311707,22.1334834131,6.55112780045,0,0,16.0200462341,
G2_D075_DENS_HIGH_V_REF_S030,G2_D075_DENS_HIGH_V_REF,30,8.0190372467,28.592625413,12.599556464,0,0,16.0380744934,
G2_D075_DENS_HIGH_V_REF_S030,G2_D075_DENS_HIGH_V_REF,30,8.02804374695,22.586529011,7.49486336179,0,0,16.0560874939,
G2_D075_DENS_HIGH_V_REF_S030,G2_D075_DENS_HIGH_V_REF,30,8.03702449799,30.7724601443,14.1785845152,0,0,16.074048996,
G2_D075_DENS_HIGH_V_REF_S030,G2_D075_DENS_HIGH_V_REF,30,8.04600048065,31.3441734362,11.5893899912,0,0,16.0920009613,
G2_D075_DENS_HIGH_V_REF_S030,G2_D075_DENS_HIGH_V_REF,30,8.05504798889,26.81286642,11.3752856678,0,0,16.1100959778,
G2_D075_DENS_HIGH_V_REF_S030,G2_D075_DENS_HIGH_V_REF,30,8.0640001297,27.1206322912,10.1298634336,0,0,16.1280002594,
G2_D075_DENS_HIGH_V_REF_S030,G2_D075_DENS_HIGH_V_REF,30,8.07302093506,28.5602285402,8.09916370018,0,0,16.1460418701,
G2_D075_DENS_HIGH_V_REF_S030,G2_D075_DENS_HIGH_V_REF,30,8.08201408386,28.6827468996,8.51937488964,0,0,16.1640281677,
G2_D075_DENS_HIGH_V_REF_S030,G2_D075_DENS_HIGH_V_REF,30,8.09100437164,27.6702937815,13.6988468359,0,0,16.1820087433,
G2_D075_DENS_HIGH_V_REF_S030,G2_D075_DENS_HIGH_V_REF,30,8.10004520416,31.078187948,12.6162169952,0,0,16.2000904083,
G2_D075_DENS_HIGH_V_REF_S030,G2_D075_DENS_HIGH_V_REF,30,8.10903453827,20.9806843715,5.96564718595,0,0,16.2180690765,
G2_D075_DENS_HIGH_V_REF_S030,G2_D075_DENS_HIGH_V_REF,30,8.11800193787,30.3790689137,5.00828157817,0,0,16.2360038757,
G2_D075_DENS_HIGH_V_REF_S030,G2_D075_DENS_HIGH_V_REF,30,8.12701511383,31.5399450686,13.4888650277,0,0,16.2540302277,
G2_D075_DENS_HIGH_V_REF_S030,G2_D075_DENS_HIGH_V_REF,30,8.13606071472,35.8396772217,6.46525803447,0,0,16.2721214294,
G2_D075_DENS_HIGH_V_REF_S030,G2_D075_DENS_HIGH_V_REF,30,8.14503860474,26.5043335104,2.9228617351,0,0,16.2900772095,
G2_D075_DENS_HIGH_V_REF_S030,G2_D075_DENS_HIGH_V_REF,30,8.15404129028,33.8509743142,14.8499472571,0,0,16.3080825806,
G2_D075_DENS_HIGH_V_REF_S030,G2_D075_DENS_HIGH_V_REF,30,8.16304683685,30.6138843484,14.0171007166,0,0,16.3260936737,
G2_D075_DENS_HIGH_V_REF_S030,G2_D075_DENS_HIGH_V_REF,30,8.17200088501,27.8384387684,13.0408401744,0,0,16.34400177,
G2_D075_DENS_HIGH_V_REF_S030,G2_D075_DENS_HIGH_V_REF,30,8.18102931976,30.378651132,14.2248266583,0,0,16.3620586395,
G2_D075_DENS_HIGH_V_REF_S030,G2_D075_DENS_HIGH_V_REF,30,8.1900062561,28.6556021398,7.61984432374,0,0,16.3800125122,
G2_D075_DENS_HIGH_V_REF_S030,G2_D075_DENS_HIGH_V_REF,30,8.19904136658,29.121556972,11.169208944,0,0,16.3980827332,
G2_D075_DENS_HIGH_V_REF_S030,G2_D075_DENS_HIGH_V_REF,30,8.20803928375,28.7892303984,12.7906905938,0,0,16.4160785675,
G2_D075_DENS_HIGH_V_REF_S030,G2_D075_DENS_HIGH_V_REF,30,8.2170009613,31.837063032,16.4156283114,0,0,16.4340019226,
G2_D075_DENS_HIGH_V_REF_S030,G2_D075_DENS_HIGH_V_REF,30,8.22600841522,31.4409352206,13.4305286704,0,0,16.4520168304,
G2_D075_DENS_HIGH_V_REF_S030,G2_D075_DENS_HIGH_V_REF,30,8.23501110077,30.6316168616,8.50517069002,0,0,16.4700222015,
G2_D075_DENS_HIGH_V_REF_S030,G2_D075_DENS_HIGH_V_REF,30,8.24403762817,20.1487439057,2.49215734439,0,0,16.4880752563,
G2_D075_DENS_HIGH_V_REF_S030,G2_D075_DENS_HIGH_V_REF,30,8.25305652618,22.8220495905,6.16449212547,0,0,16.5061130524,
G2_D075_DENS_HIGH_V_REF_S030,G2_D075_DENS_HIGH_V_REF,30,8.26200962067,26.345063622,8.70922266692,0,0,16.5240192413,
G2_D075_DENS_HIGH_V_REF_S030,G2_D075_DENS_HIGH_V_REF,30,8.27104473114,20.0180799079,7.03668936475,0,0,16.5420894623,
G2_D075_DENS_HIGH_V_REF_S030,G2_D075_DENS_HIGH_V_REF,30,8.28002357483,26.4796689152,8.61094535835,0,0,16.5600471497,
G2_D075_DENS_HIGH_V_REF_S030,G2_D075_DENS_HIGH_V_REF,30,8.28902339935,29.5038780921,13.2012160282,0,0,16.5780467987,
G2_D075_DENS_HIGH_V_REF_S030,G2_D075_DENS_HIGH_V_REF,30,8.29803085327,26.2800444068,13.1379407611,0,0,16.5960617065,
G2_D075_DENS_HIGH_V_REF_S030,G2_D075_DENS_HIGH_V_REF,30,8.30701732635,29.6803455563,10.0459826889,0,0,16.6140346527,
G2_D075_DENS_HIGH_V_REF_S030,G2_D075_DENS_HIGH_V_REF,30,8.31600856781,30.3509161727,5.86937655637,0,0,16.6320171356,
G2_D075_DENS_HIGH_V_REF_S030,G2_D075_DENS_HIGH_V_REF,30,8.32500171661,27.2491322238,9.22573193832,0,0,16.6500034332,
G2_D075_DENS_HIGH_V_REF_S030,G2_D075_DENS_HIGH_V_REF,30,8.33404064178,33.9300875838,3.35477295265,0,0,16.6680812836,
G2_D075_DENS_HIGH_V_REF_S030,G2_D075_DENS_HIGH_V_REF,30,8.34300136566,27.5745333469,6.59374517741,0,0,16.6860027313,
G2_D075_DENS_HIGH_V_REF_S030,G2_D075_DENS_HIGH_V_REF,30,8.3520488739,31.256863687,10.0996232817,0,0,16.7040977478,
G2_D075_DENS_HIGH_V_REF_S030,G2_D075_DENS_HIGH_V_REF,30,8.36104011536,30.3142000115,18.0095774735,0,0,16.7220802307,
G2_D075_DENS_HIGH_V_REF_S030,G2_D075_DENS_HIGH_V_REF,30,8.37004566193,29.6800206149,4.06113144901,0,0,16.7400913239,
G2_D075_DENS_HIGH_V_REF_S030,G2_D075_DENS_HIGH_V_REF,30,8.37900924683,25.6414064613,12.555077673,0,0,16.7580184937,
G2_D075_DENS_HIGH_V_REF_S030,G2_D075_DENS_HIGH_V_REF,30,8.38805198669,24.2844381536,2.7386360586,0,0,16.7761039734,
G2_D075_DENS_HIGH_V_REF_S030,G2_D075_DENS_HIGH_V_REF,30,8.39700984955,29.9621404354,8.76739841193,0,0,16.7940196991,
G2_D075_DENS_HIGH_V_REF_S030,G2_D075_DENS_HIGH_V_REF,30,8.40602397919,31.0812052605,12.8073868236,0,0,16.8120479584,
G2_D075_DENS_HIGH_V_REF_S030,G2_D075_DENS_HIGH_V_REF,30,8.41500759125,22.8778356085,11.6491960311,0,0,16.8300151825,
G2_D075_DENS_HIGH_V_REF_S030,G2_D075_DENS_HIGH_V_REF,30,8.42401313782,30.0744839309,12.5033517494,0,0,16.8480262756,
G2_D075_DENS_HIGH_V_REF_S030,G2_D075_DENS_HIGH_V_REF,30,8.43301010132,29.1262034122,8.02138864708,0,0,16.8660202026,
G2_D075_DENS_HIGH_V_REF_S030,G2_D075_DENS_HIGH_V_REF,30,8.44201087952,28.2921983531,9.60742463455,0,0,16.884021759,
G2_D075_DENS_HIGH_V_REF_S030,G2_D075_DENS_HIGH_V_REF,30,8.45100879669,29.4668392001,14.5476981547,0,0,16.9020175934,
G2_D075_DENS_HIGH_V_REF_S030,G2_D075_DENS_HIGH_V_REF,30,8.46000289917,27.7713151712,8.6401762682,0,0,16.9200057983,
G2_D075_DENS_HIGH_V_REF_S030,G2_D075_DENS_HIGH_V_REF,30,8.46901702881,32.4196342278,15.2798930817,0,0,16.9380340576,
G2_D075_DENS_HIGH_V_REF_S030,G2_D075_DENS_HIGH_V_REF,30,8.47803115845,30.7303327151,9.68430459242,0,0,16.9560623169,
G2_D075_DENS_HIGH_V_REF_S030,G2_D075_DENS_HIGH_V_REF,30,8.48703956604,29.2851041495,4.13365159698,0,0,16.9740791321,
G2_D075_DENS_HIGH_V_REF_S030,G2_D075_DENS_HIGH_V_REF,30,8.49605083466,24.2335085718,7.31983501593,0,0,16.9921016693,
G2_D075_DENS_HIGH_V_REF_S030,G2_D075_DENS_HIGH_V_REF,30,8.50504589081,32.4223509143,2.67923139743,0,0,17.0100917816,
G2_D075_DENS_HIGH_V_REF_S030,G2_D075_DENS_HIGH_V_REF,30,8.51404762268,26.6309147418,10.4604189837,0,0,17.0280952454,
G2_D075_DENS_HIGH_V_REF_S030,G2_D075_DENS_HIGH_V_REF,30,8.52303600311,28.7047279656,12.6793210701,0,0,17.0460720062,
G2_D075_DENS_HIGH_V_REF_S030,G2_D075_DENS_HIGH_V_REF,30,8.53203010559,34.2999283038,18.9527018603,0,0,17.0640602112,
G2_D075_DENS_HIGH_V_REF_S030,G2_D075_DENS_HIGH_V_REF,30,8.54100608826,27.4113884778,12.7416964425,0,0,17.0820121765,
G2_D075_DENS_HIGH_V_REF_S030,G2_D075_DENS_HIGH_V_REF,30,8.55000972748,27.8504372827,14.5841041652,0,0,17.100019455,
G2_D075_DENS_HIGH_V_REF_S030,G2_D075_DENS_HIGH_V_REF,30,8.55902862549,28.999509446,9.36441271712,0,0,17.118057251,
G2_D075_DENS_HIGH_V_REF_S030,G2_D075_DENS_HIGH_V_REF,30,8.56800556183,29.397202281,13.0336211205,0,0,17.1360111237,
G2_D075_DENS_HIGH_V_REF_S030,G2_D075_DENS_HIGH_V_REF,30,8.577003479,27.5473487985,9.65600703218,0,0,17.154006958,
G2_D075_DENS_HIGH_V_REF_S030,G2_D075_DENS_HIGH_V_REF,30,8.58605098724,22.2720498959,7.23965832468,0,0,17.1721019745,
G2_D075_DENS_HIGH_V_REF_S030,G2_D075_DENS_HIGH_V_REF,30,8.59504318237,31.4344275518,8.96063555786,0,0,17.1900863647,
G2_D075_DENS_HIGH_V_REF_S030,G2_D075_DENS_HIGH_V_REF,30,8.60402202606,25.8018434859,8.77779150098,0,0,17.2080440521,
G2_D075_DENS_HIGH_V_REF_S030,G2_D075_DENS_HIGH_V_REF,30,8.61302185059,32.4633576275,9.6293399929,0,0,17.2260437012,
G2_D075_DENS_HIGH_V_REF_S030,G2_D075_DENS_HIGH_V_REF,30,8.62200260162,32.079659375,14.0741977079,0,0,17.2440052032,
G2_D075_DENS_HIGH_V_REF_S030,G2_D075_DENS_HIGH_V_REF,30,8.63102149963,30.658969407,9.410382226,0,0,17.2620429993,
G2_D075_DENS_HIGH_V_REF_S030,G2_D075_DENS_HIGH_V_REF,30,8.64000511169,28.354929716,11.9549826517,0,0,17.2800102234,
G2_D075_DENS_HIGH_V_REF_S030,G2_D075_DENS_HIGH_V_REF,30,8.64900875092,33.1305837796,13.8861348255,0,0,17.2980175018,
G2_D075_DENS_HIGH_V_REF_S030,G2_D075_DENS_HIGH_V_REF,30,8.65801715851,27.8038822514,11.1293719314,0,0,17.316034317,
G2_D075_DENS_HIGH_V_REF_S030,G2_D075_DENS_HIGH_V_REF,30,8.6670331955,31.206939876,12.5006096922,0,0,17.334066391,
G2_D075_DENS_HIGH_V_REF_S030,G2_D075_DENS_HIGH_V_REF,30,8.6760187149,31.9064147985,16.8236119701,0,0,17.3520374298,
G2_D075_DENS_HIGH_V_REF_S030,G2_D075_DENS_HIGH_V_REF,30,8.68501758575,29.5124525647,10.3147003851,0,0,17.3700351715,
G2_D075_DENS_HIGH_V_REF_S030,G2_D075_DENS_HIGH_V_REF,30,8.69401168823,29.1307194337,14.8679346329,0,0,17.3880233765,
G2_D075_DENS_HIGH_V_REF_S030,G2_D075_DENS_HIGH_V_REF,30,8.70304298401,35.7612624654,13.1709918523,0,0,17.406085968,
G2_D075_DENS_HIGH_V_REF_S030,G2_D075_DENS_HIGH_V_REF,30,8.7120552063,28.6525870378,3.40601811705,0,0,17.4241104126,
G2_D075_DENS_HIGH_V_REF_S030,G2_D075_DENS_HIGH_V_REF,30,8.7210149765,21.6061942447,4.98526863316,0,0,17.442029953,
G2_D075_DENS_HIGH_V_REF_S030,G2_D075_DENS_HIGH_V_REF,30,8.730052948,30.7234293694,4.95424732762,0,0,17.460105896,
G2_D075_DENS_HIGH_V_REF_S030,G2_D075_DENS_HIGH_V_REF,30,8.73905086517,32.5758580674,2.05893131627,0,0,17.4781017303,
G2_D075_DENS_HIGH_V_REF_S030,G2_D075_DENS_HIGH_V_REF,30,8.74800109863,28.2432471557,7.42230517828,0,0,17.4960021973,
G2_D075_DENS_HIGH_V_REF_S030,G2_D075_DENS_HIGH_V_REF,30,8.75700092316,30.3988903356,5.48559757309,0,0,17.5140018463,
G2_D075_DENS_HIGH_V_REF_S030,G2_D075_DENS_HIGH_V_REF,30,8.766040802,24.4305092341,9.48850659766,0,0,17.532081604,
G2_D075_DENS_HIGH_V_REF_S030,G2_D075_DENS_HIGH_V_REF,30,8.77502918243,28.8727005346,13.21893132,0,0,17.5500583649,
G2_D075_DENS_HIGH_V_REF_S030,G2_D075_DENS_HIGH_V_REF,30,8.78400421143,30.3962068064,11.7064581201,0,0,17.5680084229,
G2_D075_DENS_HIGH_V_REF_S030,G2_D075_DENS_HIGH_V_REF,30,8.79301071167,30.2966156008,6.77353815458,0,0,17.5860214233,
G2_D075_DENS_HIGH_V_REF_S030,G2_D075_DENS_HIGH_V_REF,30,8.80200004578,29.3840078942,13.6603482874,0,0,17.6040000916,
G2_D075_DENS_HIGH_V_REF_S030,G2_D075_DENS_HIGH_V_REF,30,8.81100177765,30.2527020994,12.8607471298,0,0,17.6220035553,
G2_D075_DENS_HIGH_V_REF_S030,G2_D075_DENS_HIGH_V_REF,30,8.82002639771,31.5442776199,1.56962612089,0,0,17.6400527954,
G2_D075_DENS_HIGH_V_REF_S030,G2_D075_DENS_HIGH_V_REF,30,8.82901668549,20.070545777,8.59264661981,0,0,17.658033371,
G2_D075_DENS_HIGH_V_REF_S030,G2_D075_DENS_HIGH_V_REF,30,8.83803272247,29.5007215191,1.59083084774,0,0,17.6760654449,
G2_D075_DENS_HIGH_V_REF_S030,G2_D075_DENS_HIGH_V_REF,30,8.84701728821,30.6536531898,7.07155752882,0,0,17.6940345764,
G2_D075_DENS_HIGH_V_REF_S030,G2_D075_DENS_HIGH_V_REF,30,8.85602092743,28.6030699562,13.5663553467,0,0,17.7120418549,
G2_D075_DENS_HIGH_V_REF_S030,G2_D075_DENS_HIGH_V_REF,30,8.86502075195,37.1436425124,15.3526200327,0,0,17.7300415039,
G2_D075_DENS_HIGH_V_REF_S030,G2_D075_DENS_HIGH_V_REF,30,8.87404441833,25.9436947499,8.90261334527,0,0,17.7480888367,
G2_D075_DENS_HIGH_V_REF_S030,G2_D075_DENS_HIGH_V_REF,30,8.88300800323,30.4504079065,11.7972514228,0,0,17.7660160065,
G2_D075_DENS_HIGH_V_REF_S030,G2_D075_DENS_HIGH_V_REF,30,8.89201641083,31.0605151179,14.2822996914,0,0,17.7840328217,
G2_D075_DENS_HIGH_V_REF_S030,G2_D075_DENS_HIGH_V_REF,30,8.90101337433,29.3442478947,11.9359136505,0,0,17.8020267487,
G2_D075_DENS_HIGH_V_REF_S030,G2_D075_DENS_HIGH_V_REF,30,8.91000461578,23.2497121855,11.450663884,0,0,17.8200092316,
G2_D075_DENS_HIGH_V_REF_S030,G2_D075_DENS_HIGH_V_REF,30,8.91900920868,28.6083176483,7.65699029727,0,0,17.8380184174,
G2_D075_DENS_HIGH_V_REF_S030,G2_D075_DENS_HIGH_V_REF,30,8.92803192139,30.3694488816,8.29193715115,0,0,17.8560638428,
G2_D075_DENS_HIGH_V_REF_S030,G2_D075_DENS_HIGH_V_REF,30,8.93703746796,33.5567388236,15.8697258506,0,0,17.8740749359,
G2_D075_DENS_HIGH_V_REF_S030,G2_D075_DENS_HIGH_V_REF,30,8.94603919983,28.8779371744,12.8321800749,0,0,17.8920783997,
G2_D075_DENS_HIGH_V_REF_S030,G2_D075_DENS_HIGH_V_REF,30,8.95504188538,29.537705149,11.3083270027,0,0,17.9100837708,
G2_D075_DENS_HIGH_V_REF_S030,G2_D075_DENS_HIGH_V_REF,30,8.9640007019,30.9719763389,9.66122205033,0,0,17.9280014038,
G2_D075_DENS_HIGH_V_REF_S030,G2_D075_DENS_HIGH_V_REF,30,8.97301006317,28.8767501437,9.27357102923,0,0,17.9460201263,
G2_D075_DENS_HIGH_V_REF_S030,G2_D075_DENS_HIGH_V_REF,30,8.98202610016,33.8257261508,12.5582613178,0,0,17.9640522003,
G2_D075_DENS_HIGH_V_REF_S030,G2_D075_DENS_HIGH_V_REF,30,8.99101829529,30.4971154613,8.75763925953,0,0,17.9820365906,
G2_D075_DENS_HIGH_V_REF_S030,G2_D075_DENS_HIGH_V_REF,30,9,26.9879611727,12.0450014316,0,0,18,
