run_id,scenario_id,S,z_m,qb_MPa,qs_kPa,ALLKE,ALLIE,time_s,walltime_h
G2_D075_DENS_HIGH_V_HIGH_S015,G2_D075_DENS_HIGH_V_HIGH,15,0,0,0,0,0,0,
G2_D075_DENS_HIGH_V_HIGH_S015,G2_D075_DENS_HIGH_V_HIGH,15,0.0100354943424,0,0,0,0,0.0100354943424,
G2_D075_DENS_HIGH_V_HIGH_S015,G2_D075_DENS_HIGH_V_HIGH,15,0.0200255028903,3.73169793767,1176.12987001,0,0,0.0200255028903,
G2_D075_DENS_HIGH_V_HIGH_S015,G2_D075_DENS_HIGH_V_HIGH,15,0.030024914071,0,0,0,0,0.030024914071,
G2_D075_DENS_HIGH_V_HIGH_S015,G2_D075_DENS_HIGH_V_HIGH,15,0.0400245040655,4.61872867124,611.085957896,0,0,0.0400245040655,
G2_D075_DENS_HIGH_V_HIGH_S015,G2_D075_DENS_HIGH_V_HIGH,15,0.0500239431858,1.02472407469,40.1512950997,0,0,0.0500239431858,
G2_D075_DENS_HIGH_V_HIGH_S015,G2_D075_DENS_HIGH_V_HIGH,15,0.0600234121084,0.159210965079,0.000481021484667,0,0,0.0600234121084,
G2_D075_DENS_HIGH_V_HIGH_S015,G2_D075_DENS_HIGH_V_HIGH,15,0.0700230002403,4.51417879441,240.891357052,0,0,0.0700230002403,
G2_D075_DENS_HIGH_V_HIGH_S015,G2_D075_DENS_HIGH_V_HIGH,15,0.0800224244595,0,0,0,0,0.0800224244595,
G2_D075_DENS_HIGH_V_HIGH_S015,G2_D075_DENS_HIGH_V_HIGH,15,0.090021930635,0.736423806297,18.4971069162,0,0,0.090021930635,
G2_D075_DENS_HIGH_V_HIGH_S015,G2_D075_DENS_HIGH_V_HIGH,15,0.100021511316,4.2253125727,143.53247176,0,0,0.100021511316,
G2_D075_DENS_HIGH_V_HIGH_S015,G2_D075_DENS_HIGH_V_HIGH,15,0.110020935535,0,0,0,0,0.110020935535,
G2_D075_DENS_HIGH_V_HIGH_S015,G2_D075_DENS_HIGH_V_HIGH,15,0.120020471513,1.4638148788,32.47183792,0,0,0.120020471513,
G2_D075_DENS_HIGH_V_HIGH_S015,G2_D075_DENS_HIGH_V_HIGH,15,0.130020022392,3.31762623535,51.0586404226,0,0,0.130020022392,
G2_D075_DENS_HIGH_V_HIGH_S015,G2_D075_DENS_HIGH_V_HIGH,15,0.140019446611,0,0,0,0,0.140019446611,
G2_D075_DENS_HIGH_V_HIGH_S015,G2_D075_DENS_HIGH_V_HIGH,15,0.150019019842,2.38043516888,20.8904309487,0,0,0.150019019842,
G2_D075_DENS_HIGH_V_HIGH_S015,G2_D075_DENS_HIGH_V_HIGH,15,0.160018518567,2.28290620789,7.60445770467,0,0,0.160018518567,
G2_D075_DENS_HIGH_V_HIGH_S015,G2_D075_DENS_HIGH_V_HIGH,15,0.170017823577,0,0,0,0,0.170017823577,
G2_D075_DENS_HIGH_V_HIGH_S015,G2_D075_DENS_HIGH_V_HIGH,15,0.180017396808,3.30953337228,17.7422093792,0,0,0.180017396808,
G2_D075_DENS_HIGH_V_HIGH_S015,G2_D075_DENS_HIGH_V_HIGH,15,0.190016850829,1.42878545607,1.17559284294,0,0,0.190016850829,
G2_D075_DENS_HIGH_V_HIGH_S015,G2_D075_DENS_HIGH_V_HIGH,15,0.200016200542,0.129259458874,5.07132443138e-05,0,0,0.200016200542,
G2_D075_DENS_HIGH_V_HIGH_S015,G2_D075_DENS_HIGH_V_HIGH,15,0.210015788674,3.04303311735,9.36887249882,0,0,0.210015788674,
G2_D075_DENS_HIGH_V_HIGH_S015,G2_D075_DENS_HIGH_V_HIGH,15,0.220015183091,0.454818027238,0.000232299247597,0,0,0.220015183091,
G2_D075_DENS_HIGH_V_HIGH_S015,G2_D075_DENS_HIGH_V_HIGH,15,0.230014592409,0.37089981876,0.000215327011429,0,0,0.230014592409,
G2_D075_DENS_HIGH_V_HIGH_S015,G2_D075_DENS_HIGH_V_HIGH,15,0.24001416564,4.18188482546,13.3347390478,0,0,0.24001416564,
G2_D075_DENS_HIGH_V_HIGH_S015,G2_D075_DENS_HIGH_V_HIGH,15,0.250013530254,0.177294099287,7.87942443532e-05,0,0,0.250013530254,
G2_D075_DENS_HIGH_V_HIGH_S015,G2_D075_DENS_HIGH_V_HIGH,15,0.260012984276,1.26493848158,0.251481914379,0,0,0.260012984276,
G2_D075_DENS_HIGH_V_HIGH_S015,G2_D075_DENS_HIGH_V_HIGH,15,0.270012557507,3.43607067029,7.303521702,0,0,0.270012557507,
G2_D075_DENS_HIGH_V_HIGH_S015,G2_D075_DENS_HIGH_V_HIGH,15,0.280011892319,0.19225813509,4.55274408179e-06,0,0,0.280011892319,
G2_D075_DENS_HIGH_V_HIGH_S015,G2_D075_DENS_HIGH_V_HIGH,15,0.290011405945,2.06300850973,5.7865801367,0,0,0.290011405945,
G2_D075_DENS_HIGH_V_HIGH_S015,G2_D075_DENS_HIGH_V_HIGH,15,0.300010949373,2.89575455927,6.78174176454,0,0,0.300010949373,
G2_D075_DENS_HIGH_V_HIGH_S015,G2_D075_DENS_HIGH_V_HIGH,15,0.310010284185,0.373193715362,1.01573944143e-05,0,0,0.310010284185,
G2_D075_DENS_HIGH_V_HIGH_S015,G2_D075_DENS_HIGH_V_HIGH,15,0.320009827614,3.12872893596,9.46753912327,0,0,0.320009827614,
G2_D075_DENS_HIGH_V_HIGH_S015,G2_D075_DENS_HIGH_V_HIGH,15,0.33000934124,2.13026031513,1.73246838095,0,0,0.33000934124,
G2_D075_DENS_HIGH_V_HIGH_S015,G2_D075_DENS_HIGH_V_HIGH,15,0.340008705854,0.624033130796,8.70410095586e-05,0,0,0.340008705854,
G2_D075_DENS_HIGH_V_HIGH_S015,G2_D075_DENS_HIGH_V_HIGH,15,0.350008249283,3.72472026444,12.6421662216,0,0,0.350008249283,
G2_D075_DENS_HIGH_V_HIGH_S015,G2_D075_DENS_HIGH_V_HIGH,15,0.360007703304,1.58163291746,1.7900938452,0,0,0.360007703304,
G2_D075_DENS_HIGH_V_HIGH_S015,G2_D075_DENS_HIGH_V_HIGH,15,0.370007127523,0.792901775319,0.000130291037197,0,0,0.370007127523,
G2_D075_DENS_HIGH_V_HIGH_S015,G2_D075_DENS_HIGH_V_HIGH,15,0.380006670952,3.77162676295,12.6191454431,0,0,0.380006670952,
G2_D075_DENS_HIGH_V_HIGH_S015,G2_D075_DENS_HIGH_V_HIGH,15,0.390006124973,1.21908914768,0.0131687165492,0,0,0.390006124973,
G2_D075_DENS_HIGH_V_HIGH_S015,G2_D075_DENS_HIGH_V_HIGH,15,0.400005549192,1.61051553313,0.000435658207227,0,0,0.400005549192,
G2_D075_DENS_HIGH_V_HIGH_S015,G2_D075_DENS_HIGH_V_HIGH,15,0.410005092621,3.48177024381,6.59821939113,0,0,0.410005092621,
G2_D075_DENS_HIGH_V_HIGH_S015,G2_D075_DENS_HIGH_V_HIGH,15,0.42000451684,0.831724805318,0.000230659452383,0,0,0.42000451684,
G2_D075_DENS_HIGH_V_HIGH_S015,G2_D075_DENS_HIGH_V_HIGH,15,0.430004000664,2.10810517338,4.46587004984,0,0,0.430004000664,
G2_D075_DENS_HIGH_V_HIGH_S015,G2_D075_DENS_HIGH_V_HIGH,15,0.440003544092,3.3400637666,5.75675350568,0,0,0.440003544092,
G2_D075_DENS_HIGH_V_HIGH_S015,G2_D075_DENS_HIGH_V_HIGH,15,0.450002908707,1.10769809509,0.000441323790599,0,0,0.450002908707,
G2_D075_DENS_HIGH_V_HIGH_S015,G2_D075_DENS_HIGH_V_HIGH,15,0.460002422333,2.90505738674,5.98317197092,0,0,0.460002422333,
G2_D075_DENS_HIGH_V_HIGH_S015,G2_D075_DENS_HIGH_V_HIGH,15,0.470001965761,3.3242184552,6.57877237078,0,0,0.470001965761,
G2_D075_DENS_HIGH_V_HIGH_S015,G2_D075_DENS_HIGH_V_HIGH,15,0.480001360178,1.11716484386,0.0254970031693,0,0,0.480001360178,
G2_D075_DENS_HIGH_V_HIGH_S015,G2_D075_DENS_HIGH_V_HIGH,15,0.490000873804,2.95710409255,7.99717721008,0,0,0.490000873804,
G2_D075_DENS_HIGH_V_HIGH_S015,G2_D075_DENS_HIGH_V_HIGH,15,0.500000357628,2.44617638387,3.9043948067,0,0,0.500000357628,
G2_D075_DENS_HIGH_V_HIGH_S015,G2_D075_DENS_HIGH_V_HIGH,15,0.510085999966,1.3335263872,0.277756821721,0,0,0.510085999966,
G2_D075_DENS_HIGH_V_HIGH_S015,G2_D075_DENS_HIGH_V_HIGH,15,0.520085513592,3.61754543629,7.25447687627,0,0,0.520085513592,
G2_D075_DENS_HIGH_V_HIGH_S015,G2_D075_DENS_HIGH_V_HIGH,15,0.530085027218,2.18892507583,1.04621780569,0,0,0.530085027218,
G2_D075_DENS_HIGH_V_HIGH_S015,G2_D075_DENS_HIGH_V_HIGH,15,0.540084421635,2.07312894046,0.2767875275,0,0,0.540084421635,
G2_D075_DENS_HIGH_V_HIGH_S015,G2_D075_DENS_HIGH_V_HIGH,15,0.550083994865,4.25319701608,10.2785087278,0,0,0.550083994865,
G2_D075_DENS_HIGH_V_HIGH_S015,G2_D075_DENS_HIGH_V_HIGH,15,0.560083448887,2.27980876533,1.93438342756,0,0,0.560083448887,
G2_D075_DENS_HIGH_V_HIGH_S015,G2_D075_DENS_HIGH_V_HIGH,15,0.570082902908,2.66855507548,2.56897203795,0,0,0.570082902908,
G2_D075_DENS_HIGH_V_HIGH_S015,G2_D075_DENS_HIGH_V_HIGH,15,0.580082416534,3.84405580128,8.47483684674,0,0,0.580082416534,
G2_D075_DENS_HIGH_V_HIGH_S015,G2_D075_DENS_HIGH_V_HIGH,15,0.590081870556,2.19572825887,2.15585907843,0,0,0.590081870556,
G2_D075_DENS_HIGH_V_HIGH_S015,G2_D075_DENS_HIGH_V_HIGH,15,0.600081384182,3.18844464428,5.14229361686,0,0,0.600081384182,
G2_D075_DENS_HIGH_V_HIGH_S015,G2_D075_DENS_HIGH_V_HIGH,15,0.610080897808,3.73281450906,6.71380315235,0,0,0.610080897808,
G2_D075_DENS_HIGH_V_HIGH_S015,G2_D075_DENS_HIGH_V_HIGH,15,0.62008035183,2.18284126761,2.49474984431,0,0,0.62008035183,
G2_D075_DENS_HIGH_V_HIGH_S015,G2_D075_DENS_HIGH_V_HIGH,15,0.630079865456,3.50849777445,5.13427297591,0,0,0.630079865456,
G2_D075_DENS_HIGH_V_HIGH_S015,G2_D075_DENS_HIGH_V_HIGH,15,0.640079379082,3.29941542835,6.85470175174,0,0,0.640079379082,
G2_D075_DENS_HIGH_V_HIGH_S015,G2_D075_DENS_HIGH_V_HIGH,15,0.650078773499,2.72445299934,2.46231551682,0,0,0.650078773499,
G2_D075_DENS_HIGH_V_HIGH_S015,G2_D075_DENS_HIGH_V_HIGH,15,0.660078287125,4.20343291268,8.08007371283,0,0,0.660078287125,
G2_D075_DENS_HIGH_V_HIGH_S015,G2_D075_DENS_HIGH_V_HIGH,15,0.670077800751,3.61031134676,7.16941293221,0,0,0.670077800751,
G2_D075_DENS_HIGH_V_HIGH_S015,G2_D075_DENS_HIGH_V_HIGH,15,0.680077254772,2.76005258912,3.59940700658,0,0,0.680077254772,
G2_D075_DENS_HIGH_V_HIGH_S015,G2_D075_DENS_HIGH_V_HIGH,15,0.690076768398,5.23673201255,8.29204719829,0,0,0.690076768398,
G2_D075_DENS_HIGH_V_HIGH_S015,G2_D075_DENS_HIGH_V_HIGH,15,0.700076282024,3.87715560847,6.41787150827,0,0,0.700076282024,
G2_D075_DENS_HIGH_V_HIGH_S015,G2_D075_DENS_HIGH_V_HIGH,15,0.710075736046,3.60531592625,6.00098018387,0,0,0.710075736046,
G2_D075_DENS_HIGH_V_HIGH_S015,G2_D075_DENS_HIGH_V_HIGH,15,0.720075249672,5.33881001418,9.93384013989,0,0,0.720075249672,
G2_D075_DENS_HIGH_V_HIGH_S015,G2_D075_DENS_HIGH_V_HIGH,15,0.730074703693,3.65353821614,5.95896623681,0,0,0.730074703693,
G2_D075_DENS_HIGH_V_HIGH_S015,G2_D075_DENS_HIGH_V_HIGH,15,0.740074217319,4.39700566484,7.79882511281,0,0,0.740074217319,
G2_D075_DENS_HIGH_V_HIGH_S015,G2_D075_DENS_HIGH_V_HIGH,15,0.750073730946,5.21074831023,9.20677328486,0,0,0.750073730946,
G2_D075_DENS_HIGH_V_HIGH_S015,G2_D075_DENS_HIGH_V_HIGH,15,0.760073184967,3.93615069857,5.37036762507,0,0,0.760073184967,
G2_D075_DENS_HIGH_V_HIGH_S015,G2_D075_DENS_HIGH_V_HIGH,15,0.770072698593,4.45161459944,6.33867337872,0,0,0.770072698593,
G2_D075_DENS_HIGH_V_HIGH_S015,G2_D075_DENS_HIGH_V_HIGH,15,0.780072212219,5.29092150757,10.03451267,0,0,0.780072212219,
G2_D075_DENS_HIGH_V_HIGH_S015,G2_D075_DENS_HIGH_V_HIGH,15,0.790071666241,4.15795383507,4.80094678647,0,0,0.790071666241,
G2_D075_DENS_HIGH_V_HIGH_S015,G2_D075_DENS_HIGH_V_HIGH,15,0.800071179867,5.68319533782,8.63318191282,0,0,0.800071179867,
G2_D075_DENS_HIGH_V_HIGH_S015,G2_D075_DENS_HIGH_V_HIGH,15,0.810070693493,5.46784377904,10.2577118387,0,0,0.810070693493,
G2_D075_DENS_HIGH_V_HIGH_S015,G2_D075_DENS_HIGH_V_HIGH,15,0.820070147514,3.46225138212,4.83638836858,0,0,0.820070147514,
G2_D075_DENS_HIGH_V_HIGH_S015,G2_D075_DENS_HIGH_V_HIGH,15,0.83006966114,4.78987687875,9.53684282194,0,0,0.83006966114,
G2_D075_DENS_HIGH_V_HIGH_S015,G2_D075_DENS_HIGH_V_HIGH,15,0.840069174767,5.02250614342,6.25769332364,0,0,0.840069174767,
G2_D075_DENS_HIGH_V_HIGH_S015,G2_D075_DENS_HIGH_V_HIGH,15,0.850060760975,4.86302625899,7.90043427568,0,0,0.850060760975,
G2_D075_DENS_HIGH_V_HIGH_S015,G2_D075_DENS_HIGH_V_HIGH,15,0.860060274601,5.86123279915,9.7778723923,0,0,0.860060274601,
G2_D075_DENS_HIGH_V_HIGH_S015,G2_D075_DENS_HIGH_V_HIGH,15,0.870059788227,5.17292856425,8.39417399214,0,0,0.870059788227,
G2_D075_DENS_HIGH_V_HIGH_S015,G2_D075_DENS_HIGH_V_HIGH,15,0.880059242249,4.67693102605,5.43722943024,0,0,0.880059242249,
G2_D075_DENS_HIGH_V_HIGH_S015,G2_D075_DENS_HIGH_V_HIGH,15,0.890058755875,6.18634987488,8.80336314285,0,0,0.890058755875,
G2_D075_DENS_HIGH_V_HIGH_S015,G2_D075_DENS_HIGH_V_HIGH,15,0.900058269501,4.88142523355,7.0633038714,0,0,0.900058269501,
G2_D075_DENS_HIGH_V_HIGH_S015,G2_D075_DENS_HIGH_V_HIGH,15,0.910057723522,5.18006566873,5.6520540643,0,0,0.910057723522,
G2_D075_DENS_HIGH_V_HIGH_S015,G2_D075_DENS_HIGH_V_HIGH,15,0.920057237148,6.6403459815,9.67604839051,0,0,0.920057237148,
G2_D075_DENS_HIGH_V_HIGH_S015,G2_D075_DENS_HIGH_V_HIGH,15,0.930056750774,5.4378281515,6.44959947168,0,0,0.930056750774,
G2_D075_DENS_HIGH_V_HIGH_S015,G2_D075_DENS_HIGH_V_HIGH,15,0.940056204796,6.20548217795,8.56089697798,0,0,0.940056204796,
G2_D075_DENS_HIGH_V_HIGH_S015,G2_D075_DENS_HIGH_V_HIGH,15,0.950055718422,6.85054876735,10.3122942335,0,0,0.950055718422,
G2_D075_DENS_HIGH_V_HIGH_S015,G2_D075_DENS_HIGH_V_HIGH,15,0.960055232048,4.70048043141,6.24693467309,0,0,0.960055232048,
G2_D075_DENS_HIGH_V_HIGH_S015,G2_D075_DENS_HIGH_V_HIGH,15,0.970054745674,6.86828072797,9.36210444417,0,0,0.970054745674,
G2_D075_DENS_HIGH_V_HIGH_S015,G2_D075_DENS_HIGH_V_HIGH,15,0.980054199696,6.62900398132,8.67730362326,0,0,0.980054199696,
G2_D075_DENS_HIGH_V_HIGH_S015,G2_D075_DENS_HIGH_V_HIGH,15,0.990053713322,5.53740940995,6.11349599364,0,0,0.990053713322,
G2_D075_DENS_HIGH_V_HIGH_S015,G2_D075_DENS_HIGH_V_HIGH,15,1.00005316734,7.09729142817,9.3968668583,0,0,1.00005316734,
G2_D075_DENS_HIGH_V_HIGH_S015,G2_D075_DENS_HIGH_V_HIGH,15,1.01005268097,6.84471695445,9.00135334026,0,0,1.01005268097,
G2_D075_DENS_HIGH_V_HIGH_S015,G2_D075_DENS_HIGH_V_HIGH,15,1.0200521946,6.01176961259,6.43564533895,0,0,1.0200521946,
G2_D075_DENS_HIGH_V_HIGH_S015,G2_D075_DENS_HIGH_V_HIGH,15,1.03005170822,7.22852186282,6.79781905774,0,0,1.03005170822,
G2_D075_DENS_HIGH_V_HIGH_S015,G2_D075_DENS_HIGH_V_HIGH,15,1.04005122185,6.80113447324,5.84722571671,0,0,1.04005122185,
G2_D075_DENS_HIGH_V_HIGH_S015,G2_D075_DENS_HIGH_V_HIGH,15,1.05005061626,7.04374960535,6.21268343181,0,0,1.05005061626,
G2_D075_DENS_HIGH_V_HIGH_S015,G2_D075_DENS_HIGH_V_HIGH,15,1.06005012989,7.8591805089,7.59554886341,0,0,1.06005012989,
G2_D075_DENS_HIGH_V_HIGH_S015,G2_D075_DENS_HIGH_V_HIGH,15,1.07004964352,6.55406134487,5.65706827759,0,0,1.07004964352,
G2_D075_DENS_HIGH_V_HIGH_S015,G2_D075_DENS_HIGH_V_HIGH,15,1.08004915714,8.2624481879,8.53715225647,0,0,1.08004915714,
G2_D075_DENS_HIGH_V_HIGH_S015,G2_D075_DENS_HIGH_V_HIGH,15,1.09004867077,6.84618692719,10.6595036382,0,0,1.09004867077,
G2_D075_DENS_HIGH_V_HIGH_S015,G2_D075_DENS_HIGH_V_HIGH,15,1.10004806519,6.84965241555,7.04040627112,0,0,1.10004806519,
G2_D075_DENS_HIGH_V_HIGH_S015,G2_D075_DENS_HIGH_V_HIGH,15,1.11004757881,7.4542494397,9.16726062088,0,0,1.11004757881,
G2_D075_DENS_HIGH_V_HIGH_S015,G2_D075_DENS_HIGH_V_HIGH,15,1.12004709244,7.87295238507,7.96079066191,0,0,1.12004709244,
G2_D075_DENS_HIGH_V_HIGH_S015,G2_D075_DENS_HIGH_V_HIGH,15,1.13004660606,6.86116904407,5.93690318417,0,0,1.13004660606,
G2_D075_DENS_HIGH_V_HIGH_S015,G2_D075_DENS_HIGH_V_HIGH,15,1.14004611969,6.94918393809,6.24649859694,0,0,1.14004611969,
G2_D075_DENS_HIGH_V_HIGH_S015,G2_D075_DENS_HIGH_V_HIGH,15,1.15004563332,7.6767988913,5.91430209528,0,0,1.15004563332,
G2_D075_DENS_HIGH_V_HIGH_S015,G2_D075_DENS_HIGH_V_HIGH,15,1.16004502773,7.26078334346,5.76029200202,0,0,1.16004502773,
G2_D075_DENS_HIGH_V_HIGH_S015,G2_D075_DENS_HIGH_V_HIGH,15,1.17004454136,7.8041676081,8.29726101961,0,0,1.17004454136,
G2_D075_DENS_HIGH_V_HIGH_S015,G2_D075_DENS_HIGH_V_HIGH,15,1.18004405499,7.26677099557,6.98128654658,0,0,1.18004405499,
G2_D075_DENS_HIGH_V_HIGH_S015,G2_D075_DENS_HIGH_V_HIGH,15,1.19004356861,7.48037682357,7.72360210002,0,0,1.19004356861,
G2_D075_DENS_HIGH_V_HIGH_S015,G2_D075_DENS_HIGH_V_HIGH,15,1.20004308224,8.21849987138,5.80750708492,0,0,1.20004308224,
G2_D075_DENS_HIGH_V_HIGH_S015,G2_D075_DENS_HIGH_V_HIGH,15,1.21004247665,6.90596784482,5.0804179988,0,0,1.21004247665,
G2_D075_DENS_HIGH_V_HIGH_S015,G2_D075_DENS_HIGH_V_HIGH,15,1.22004199028,8.01294076257,7.90551884397,0,0,1.22004199028,
G2_D075_DENS_HIGH_V_HIGH_S015,G2_D075_DENS_HIGH_V_HIGH,15,1.23004150391,8.68410323642,7.28880228383,0,0,1.23004150391,
G2_D075_DENS_HIGH_V_HIGH_S015,G2_D075_DENS_HIGH_V_HIGH,15,1.24004101753,8.77870979766,8.53472272252,0,0,1.24004101753,
G2_D075_DENS_HIGH_V_HIGH_S015,G2_D075_DENS_HIGH_V_HIGH,15,1.25004041195,8.21201707055,6.82584261404,0,0,1.25004041195,
G2_D075_DENS_HIGH_V_HIGH_S015,G2_D075_DENS_HIGH_V_HIGH,15,1.26003992558,8.65205562024,7.61230199949,0,0,1.26003992558,
G2_D075_DENS_HIGH_V_HIGH_S015,G2_D075_DENS_HIGH_V_HIGH,15,1.2700394392,7.64706067966,6.71320242698,0,0,1.2700394392,
G2_D075_DENS_HIGH_V_HIGH_S015,G2_D075_DENS_HIGH_V_HIGH,15,1.28003895283,8.10141930588,6.66387427779,0,0,1.28003895283,
G2_D075_DENS_HIGH_V_HIGH_S015,G2_D075_DENS_HIGH_V_HIGH,15,1.29003846645,8.51457503834,7.62504649091,0,0,1.29003846645,
G2_D075_DENS_HIGH_V_HIGH_S015,G2_D075_DENS_HIGH_V_HIGH,15,1.30003786087,7.99969774501,6.5071445938,0,0,1.30003786087,
G2_D075_DENS_HIGH_V_HIGH_S015,G2_D075_DENS_HIGH_V_HIGH,15,1.3100373745,8.71815299968,8.13587161034,0,0,1.3100373745,
G2_D075_DENS_HIGH_V_HIGH_S015,G2_D075_DENS_HIGH_V_HIGH,15,1.32003688812,8.53514470949,7.43136071857,0,0,1.32003688812,
G2_D075_DENS_HIGH_V_HIGH_S015,G2_D075_DENS_HIGH_V_HIGH,15,1.33005213737,8.47365563933,4.19099590196,0,0,1.33005213737,
G2_D075_DENS_HIGH_V_HIGH_S015,G2_D075_DENS_HIGH_V_HIGH,15,1.340051651,9.29400874107,10.0850337083,0,0,1.340051651,
G2_D075_DENS_HIGH_V_HIGH_S015,G2_D075_DENS_HIGH_V_HIGH,15,1.35005116463,8.20086848784,6.23227525079,0,0,1.35005116463,
G2_D075_DENS_HIGH_V_HIGH_S015,G2_D075_DENS_HIGH_V_HIGH,15,1.36005055904,8.74600400948,8.25715841275,0,0,1.36005055904,
G2_D075_DENS_HIGH_V_HIGH_S015,G2_D075_DENS_HIGH_V_HIGH,15,1.37005007267,9.86111206583,9.43545183338,0,0,1.37005007267,
G2_D075_DENS_HIGH_V_HIGH_S015,G2_D075_DENS_HIGH_V_HIGH,15,1.3800495863,9.08580091822,8.05931838087,0,0,1.3800495863,
G2_D075_DENS_HIGH_V_HIGH_S015,G2_D075_DENS_HIGH_V_HIGH,15,1.39004909992,8.87070909147,7.69968836457,0,0,1.39004909992,
G2_D075_DENS_HIGH_V_HIGH_S015,G2_D075_DENS_HIGH_V_HIGH,15,1.40004849434,9.55457301397,8.57482984758,0,0,1.40004849434,
G2_D075_DENS_HIGH_V_HIGH_S015,G2_D075_DENS_HIGH_V_HIGH,15,1.41004800797,8.91711546767,7.18034678062,0,0,1.41004800797,
G2_D075_DENS_HIGH_V_HIGH_S015,G2_D075_DENS_HIGH_V_HIGH,15,1.42004752159,9.2729593946,7.72872726369,0,0,1.42004752159,
G2_D075_DENS_HIGH_V_HIGH_S015,G2_D075_DENS_HIGH_V_HIGH,15,1.43004703522,9.31961610826,7.93293165222,0,0,1.43004703522,
G2_D075_DENS_HIGH_V_HIGH_S015,G2_D075_DENS_HIGH_V_HIGH,15,1.44004642963,8.6618530438,9.26397201506,0,0,1.44004642963,
G2_D075_DENS_HIGH_V_HIGH_S015,G2_D075_DENS_HIGH_V_HIGH,15,1.45003867149,7.66506287211,3.88516534897,0,0,1.45003867149,
G2_D075_DENS_HIGH_V_HIGH_S015,G2_D075_DENS_HIGH_V_HIGH,15,1.46001589298,9.65427142815,9.60953284433,0,0,1.46001589298,
G2_D075_DENS_HIGH_V_HIGH_S015,G2_D075_DENS_HIGH_V_HIGH,15,1.47001540661,9.11974070984,9.18936719971,0,0,1.47001540661,
G2_D075_DENS_HIGH_V_HIGH_S015,G2_D075_DENS_HIGH_V_HIGH,15,1.48001492023,9.75575812495,8.93727054492,0,0,1.48001492023,
G2_D075_DENS_HIGH_V_HIGH_S015,G2_D075_DENS_HIGH_V_HIGH,15,1.49001431465,9.41955988631,7.86568858301,0,0,1.49001431465,
G2_D075_DENS_HIGH_V_HIGH_S015,G2_D075_DENS_HIGH_V_HIGH,15,1.50001382828,8.75511176162,8.61989368886,0,0,1.50001382828,
G2_D075_DENS_HIGH_V_HIGH_S015,G2_D075_DENS_HIGH_V_HIGH,15,1.5100133419,9.84821941019,9.40752197488,0,0,1.5100133419,
G2_D075_DENS_HIGH_V_HIGH_S015,G2_D075_DENS_HIGH_V_HIGH,15,1.52001273632,9.09062198671,8.20907193641,0,0,1.52001273632,
G2_D075_DENS_HIGH_V_HIGH_S015,G2_D075_DENS_HIGH_V_HIGH,15,1.53001224995,9.09325467472,9.00361971486,0,0,1.53001224995,
G2_D075_DENS_HIGH_V_HIGH_S015,G2_D075_DENS_HIGH_V_HIGH,15,1.54001176357,9.74934550704,8.89739232009,0,0,1.54001176357,
G2_D075_DENS_HIGH_V_HIGH_S015,G2_D075_DENS_HIGH_V_HIGH,15,1.55001115799,10.1494345081,10.0715264461,0,0,1.55001115799,
G2_D075_DENS_HIGH_V_HIGH_S015,G2_D075_DENS_HIGH_V_HIGH,15,1.56001067162,9.63203947204,9.09956903444,0,0,1.56001067162,
G2_D075_DENS_HIGH_V_HIGH_S015,G2_D075_DENS_HIGH_V_HIGH,15,1.57001018524,9.4157666935,8.94551796714,0,0,1.57001018524,
G2_D075_DENS_HIGH_V_HIGH_S015,G2_D075_DENS_HIGH_V_HIGH,15,1.58000707626,10.000299695,10.8533780267,0,0,1.58000707626,
G2_D075_DENS_HIGH_V_HIGH_S015,G2_D075_DENS_HIGH_V_HIGH,15,1.59000658989,9.68219538397,10.0370970646,0,0,1.59000658989,
G2_D075_DENS_HIGH_V_HIGH_S015,G2_D075_DENS_HIGH_V_HIGH,15,1.60000598431,10.0607597843,9.71699046241,0,0,1.60000598431,
G2_D075_DENS_HIGH_V_HIGH_S015,G2_D075_DENS_HIGH_V_HIGH,15,1.61000549793,9.3697333367,8.37078930418,0,0,1.61000549793,
G2_D075_DENS_HIGH_V_HIGH_S015,G2_D075_DENS_HIGH_V_HIGH,15,1.62000501156,9.92435294561,9.54246043678,0,0,1.62000501156,
G2_D075_DENS_HIGH_V_HIGH_S015,G2_D075_DENS_HIGH_V_HIGH,15,1.63000440598,10.1068572451,9.83918839879,0,0,1.63000440598,
G2_D075_DENS_HIGH_V_HIGH_S015,G2_D075_DENS_HIGH_V_HIGH,15,1.6400039196,10.3825688687,11.5497252902,0,0,1.6400039196,
G2_D075_DENS_HIGH_V_HIGH_S015,G2_D075_DENS_HIGH_V_HIGH,15,1.65000343323,10.0568494357,9.74753509289,0,0,1.65000343323,
G2_D075_DENS_HIGH_V_HIGH_S015,G2_D075_DENS_HIGH_V_HIGH,15,1.66000282764,10.4863588912,9.17753783993,0,0,1.66000282764,
G2_D075_DENS_HIGH_V_HIGH_S015,G2_D075_DENS_HIGH_V_HIGH,15,1.67000234127,10.1419796464,9.81981146064,0,0,1.67000234127,
G2_D075_DENS_HIGH_V_HIGH_S015,G2_D075_DENS_HIGH_V_HIGH,15,1.68000173569,9.4647974684,9.18664842759,0,0,1.68000173569,
G2_D075_DENS_HIGH_V_HIGH_S015,G2_D075_DENS_HIGH_V_HIGH,15,1.69006037712,9.22562185146,5.48587230604,0,0,1.69006037712,
G2_D075_DENS_HIGH_V_HIGH_S015,G2_D075_DENS_HIGH_V_HIGH,15,1.70004367828,10.1413783944,11.836135279,0,0,1.70004367828,
G2_D075_DENS_HIGH_V_HIGH_S015,G2_D075_DENS_HIGH_V_HIGH,15,1.71004319191,9.56031585484,9.20979055553,0,0,1.71004319191,
G2_D075_DENS_HIGH_V_HIGH_S015,G2_D075_DENS_HIGH_V_HIGH,15,1.72004270554,10.3794255586,10.0110142046,0,0,1.72004270554,
G2_D075_DENS_HIGH_V_HIGH_S015,G2_D075_DENS_HIGH_V_HIGH,15,1.73004209995,10.9129427694,10.293841892,0,0,1.73004209995,
G2_D075_DENS_HIGH_V_HIGH_S015,G2_D075_DENS_HIGH_V_HIGH,15,1.74004161358,9.80912255632,8.37108062554,0,0,1.74004161358,
G2_D075_DENS_HIGH_V_HIGH_S015,G2_D075_DENS_HIGH_V_HIGH,15,1.750041008,10.1762454846,9.20619813133,0,0,1.750041008,
G2_D075_DENS_HIGH_V_HIGH_S015,G2_D075_DENS_HIGH_V_HIGH,15,1.76004052162,10.5640132405,9.48119826396,0,0,1.76004052162,
G2_D075_DENS_HIGH_V_HIGH_S015,G2_D075_DENS_HIGH_V_HIGH,15,1.77004003525,10.3074831033,8.75160210008,0,0,1.77004003525,
G2_D075_DENS_HIGH_V_HIGH_S015,G2_D075_DENS_HIGH_V_HIGH,15,1.78003942966,9.94894127907,8.69985678377,0,0,1.78003942966,
G2_D075_DENS_HIGH_V_HIGH_S015,G2_D075_DENS_HIGH_V_HIGH,15,1.79003894329,10.7292525445,8.86024892424,0,0,1.79003894329,
G2_D075_DENS_HIGH_V_HIGH_S015,G2_D075_DENS_HIGH_V_HIGH,15,1.80003833771,11.0591365318,9.32669753515,0,0,1.80003833771,
G2_D075_DENS_HIGH_V_HIGH_S015,G2_D075_DENS_HIGH_V_HIGH,15,1.81007933617,10.2718014493,7.30080856489,0,0,1.81007933617,
G2_D075_DENS_HIGH_V_HIGH_S015,G2_D075_DENS_HIGH_V_HIGH,15,1.82006347179,9.97055982551,9.75872202138,0,0,1.82006347179,
G2_D075_DENS_HIGH_V_HIGH_S015,G2_D075_DENS_HIGH_V_HIGH,15,1.83006298542,10.6097758129,10.0517629552,0,0,1.83006298542,
G2_D075_DENS_HIGH_V_HIGH_S015,G2_D075_DENS_HIGH_V_HIGH,15,1.84006237984,10.4833305263,8.91379990674,0,0,1.84006237984,
G2_D075_DENS_HIGH_V_HIGH_S015,G2_D075_DENS_HIGH_V_HIGH,15,1.85006189346,10.9833434111,9.971932692,0,0,1.85006189346,
G2_D075_DENS_HIGH_V_HIGH_S015,G2_D075_DENS_HIGH_V_HIGH,15,1.86006128788,10.9040953019,9.37472116581,0,0,1.86006128788,
G2_D075_DENS_HIGH_V_HIGH_S015,G2_D075_DENS_HIGH_V_HIGH,15,1.87006080151,11.7175472685,10.6587445506,0,0,1.87006080151,
G2_D075_DENS_HIGH_V_HIGH_S015,G2_D075_DENS_HIGH_V_HIGH,15,1.88006031513,11.2655461248,8.45765793836,0,0,1.88006031513,
G2_D075_DENS_HIGH_V_HIGH_S015,G2_D075_DENS_HIGH_V_HIGH,15,1.89005970955,11.1147645001,9.11432680539,0,0,1.89005970955,
G2_D075_DENS_HIGH_V_HIGH_S015,G2_D075_DENS_HIGH_V_HIGH,15,1.90005922318,10.7942408129,9.47727146342,0,0,1.90005922318,
G2_D075_DENS_HIGH_V_HIGH_S015,G2_D075_DENS_HIGH_V_HIGH,15,1.91004908085,11.2252401355,8.40372128012,0,0,1.91004908085,
G2_D075_DENS_HIGH_V_HIGH_S015,G2_D075_DENS_HIGH_V_HIGH,15,1.92004859447,11.5932980991,10.6017781324,0,0,1.92004859447,
G2_D075_DENS_HIGH_V_HIGH_S015,G2_D075_DENS_HIGH_V_HIGH,15,1.93004798889,11.0134225901,10.2478162819,0,0,1.93004798889,
G2_D075_DENS_HIGH_V_HIGH_S015,G2_D075_DENS_HIGH_V_HIGH,15,1.94000971317,10.7701874169,9.23617629359,0,0,1.94000971317,
G2_D075_DENS_HIGH_V_HIGH_S015,G2_D075_DENS_HIGH_V_HIGH,15,1.9500092268,11.2383449977,9.90186963247,0,0,1.9500092268,
G2_D075_DENS_HIGH_V_HIGH_S015,G2_D075_DENS_HIGH_V_HIGH,15,1.96000862122,10.9733663856,9.12832068281,0,0,1.96000862122,
G2_D075_DENS_HIGH_V_HIGH_S015,G2_D075_DENS_HIGH_V_HIGH,15,1.97000813484,11.643722585,9.34464434023,0,0,1.97000813484,
G2_D075_DENS_HIGH_V_HIGH_S015,G2_D075_DENS_HIGH_V_HIGH,15,1.98000752926,11.2016144684,9.41364991493,0,0,1.98000752926,
G2_D075_DENS_HIGH_V_HIGH_S015,G2_D075_DENS_HIGH_V_HIGH,15,1.99000704288,11.7280525999,9.90025951002,0,0,1.99000704288,
G2_D075_DENS_HIGH_V_HIGH_S015,G2_D075_DENS_HIGH_V_HIGH,15,2.0000064373,12.1737649128,8.35767184685,0,0,2.0000064373,
G2_D075_DENS_HIGH_V_HIGH_S015,G2_D075_DENS_HIGH_V_HIGH,15,2.01000595093,11.7600283753,10.8730985608,0,0,2.01000595093,
G2_D075_DENS_HIGH_V_HIGH_S015,G2_D075_DENS_HIGH_V_HIGH,15,2.02000522614,11.6671515189,10.2332241244,0,0,2.02000522614,
G2_D075_DENS_HIGH_V_HIGH_S015,G2_D075_DENS_HIGH_V_HIGH,15,2.03003978729,10.7800373395,4.55643269882,0,0,2.03003978729,
G2_D075_DENS_HIGH_V_HIGH_S015,G2_D075_DENS_HIGH_V_HIGH,15,2.0400853157,11.5881034586,12.2873267924,0,0,2.0400853157,
G2_D075_DENS_HIGH_V_HIGH_S015,G2_D075_DENS_HIGH_V_HIGH,15,2.05006361008,13.2100128001,11.6133875735,0,0,2.05006361008,
G2_D075_DENS_HIGH_V_HIGH_S015,G2_D075_DENS_HIGH_V_HIGH,15,2.06002497673,11.3651218571,11.2578928319,0,0,2.06002497673,
G2_D075_DENS_HIGH_V_HIGH_S015,G2_D075_DENS_HIGH_V_HIGH,15,2.07002449036,11.7221207626,8.84074718099,0,0,2.07002449036,
G2_D075_DENS_HIGH_V_HIGH_S015,G2_D075_DENS_HIGH_V_HIGH,15,2.08002400398,12.1299961982,11.4350151111,0,0,2.08002400398,
G2_D075_DENS_HIGH_V_HIGH_S015,G2_D075_DENS_HIGH_V_HIGH,15,2.09002327919,11.6780680006,9.62988516616,0,0,2.09002327919,
G2_D075_DENS_HIGH_V_HIGH_S015,G2_D075_DENS_HIGH_V_HIGH,15,2.10002279282,12.0847530899,7.96091495472,0,0,2.10002279282,
G2_D075_DENS_HIGH_V_HIGH_S015,G2_D075_DENS_HIGH_V_HIGH,15,2.11002206802,11.6305690921,9.06381987348,0,0,2.11002206802,
G2_D075_DENS_HIGH_V_HIGH_S015,G2_D075_DENS_HIGH_V_HIGH,15,2.12002134323,11.3732940213,8.08504577892,0,0,2.12002134323,
G2_D075_DENS_HIGH_V_HIGH_S015,G2_D075_DENS_HIGH_V_HIGH,15,2.13001775742,12.2178519373,8.82405331186,0,0,2.13001775742,
G2_D075_DENS_HIGH_V_HIGH_S015,G2_D075_DENS_HIGH_V_HIGH,15,2.14001727104,12.1853566978,9.21980054032,0,0,2.14001727104,
G2_D075_DENS_HIGH_V_HIGH_S015,G2_D075_DENS_HIGH_V_HIGH,15,2.15001678467,10.76794709,8.53815277929,0,0,2.15001678467,
G2_D075_DENS_HIGH_V_HIGH_S015,G2_D075_DENS_HIGH_V_HIGH,15,2.16001605988,11.9328629068,9.11725772776,0,0,2.16001605988,
G2_D075_DENS_HIGH_V_HIGH_S015,G2_D075_DENS_HIGH_V_HIGH,15,2.1700155735,12.5660895842,8.02992935572,0,0,2.1700155735,
G2_D075_DENS_HIGH_V_HIGH_S015,G2_D075_DENS_HIGH_V_HIGH,15,2.18001794815,9.61925844591,6.42060754203,0,0,2.18001794815,
G2_D075_DENS_HIGH_V_HIGH_S015,G2_D075_DENS_HIGH_V_HIGH,15,2.19006061554,12.0564257205,9.30441318573,0,0,2.19006061554,
G2_D075_DENS_HIGH_V_HIGH_S015,G2_D075_DENS_HIGH_V_HIGH,15,2.20005989075,11.6307348785,11.3136585284,0,0,2.20005989075,
G2_D075_DENS_HIGH_V_HIGH_S015,G2_D075_DENS_HIGH_V_HIGH,15,2.21005940437,11.842107011,9.68920895796,0,0,2.21005940437,
G2_D075_DENS_HIGH_V_HIGH_S015,G2_D075_DENS_HIGH_V_HIGH,15,2.220058918,12.2124959314,9.48900669052,0,0,2.220058918,
G2_D075_DENS_HIGH_V_HIGH_S015,G2_D075_DENS_HIGH_V_HIGH,15,2.23005819321,12.8374697618,10.8542957605,0,0,2.23005819321,
G2_D075_DENS_HIGH_V_HIGH_S015,G2_D075_DENS_HIGH_V_HIGH,15,2.24005770683,11.7526000394,8.89676870955,0,0,2.24005770683,
G2_D075_DENS_HIGH_V_HIGH_S015,G2_D075_DENS_HIGH_V_HIGH,15,2.25005722046,14.2260889036,10.0519932796,0,0,2.25005722046,
G2_D075_DENS_HIGH_V_HIGH_S015,G2_D075_DENS_HIGH_V_HIGH,15,2.26004767418,11.7636944653,8.21421455308,0,0,2.26004767418,
G2_D075_DENS_HIGH_V_HIGH_S015,G2_D075_DENS_HIGH_V_HIGH,15,2.27000069618,13.9048899131,11.3527224425,0,0,2.27000069618,
G2_D075_DENS_HIGH_V_HIGH_S015,G2_D075_DENS_HIGH_V_HIGH,15,2.28000020981,12.1847941293,8.95739772781,0,0,2.28000020981,
G2_D075_DENS_HIGH_V_HIGH_S015,G2_D075_DENS_HIGH_V_HIGH,15,2.29008579254,12.0606599052,8.51356515977,0,0,2.29008579254,
G2_D075_DENS_HIGH_V_HIGH_S015,G2_D075_DENS_HIGH_V_HIGH,15,2.30004763603,12.7333780081,6.92491678746,0,0,2.30004763603,
G2_D075_DENS_HIGH_V_HIGH_S015,G2_D075_DENS_HIGH_V_HIGH,15,2.31006765366,13.0196369624,11.8662381483,0,0,2.31006765366,
G2_D075_DENS_HIGH_V_HIGH_S015,G2_D075_DENS_HIGH_V_HIGH,15,2.32006692886,12.5956205629,12.9335606101,0,0,2.32006692886,
G2_D075_DENS_HIGH_V_HIGH_S015,G2_D075_DENS_HIGH_V_HIGH,15,2.33006644249,11.3341739573,8.28329144989,0,0,2.33006644249,
G2_D075_DENS_HIGH_V_HIGH_S015,G2_D075_DENS_HIGH_V_HIGH,15,2.3400580883,12.1651020209,10.5938827052,0,0,2.3400580883,
G2_D075_DENS_HIGH_V_HIGH_S015,G2_D075_DENS_HIGH_V_HIGH,15,2.3500225544,12.6617792833,7.83806858753,0,0,2.3500225544,
G2_D075_DENS_HIGH_V_HIGH_S015,G2_D075_DENS_HIGH_V_HIGH,15,2.3600730896,12.4527646333,8.23571926999,0,0,2.3600730896,
G2_D075_DENS_HIGH_V_HIGH_S015,G2_D075_DENS_HIGH_V_HIGH,15,2.37007260323,13.0642766082,8.82657244402,0,0,2.37007260323,
G2_D075_DENS_HIGH_V_HIGH_S015,G2_D075_DENS_HIGH_V_HIGH,15,2.38005948067,13.1563908472,9.02859313174,0,0,2.38005948067,
G2_D075_DENS_HIGH_V_HIGH_S015,G2_D075_DENS_HIGH_V_HIGH,15,2.39005899429,12.92730278,8.26372193682,0,0,2.39005899429,
G2_D075_DENS_HIGH_V_HIGH_S015,G2_D075_DENS_HIGH_V_HIGH,15,2.40004062653,12.5362016122,8.20847616128,0,0,2.40004062653,
G2_D075_DENS_HIGH_V_HIGH_S015,G2_D075_DENS_HIGH_V_HIGH,15,2.41003990173,12.6992912192,8.73276066401,0,0,2.41003990173,
G2_D075_DENS_HIGH_V_HIGH_S015,G2_D075_DENS_HIGH_V_HIGH,15,2.42002177238,11.8295337705,5.40870885787,0,0,2.42002177238,
G2_D075_DENS_HIGH_V_HIGH_S015,G2_D075_DENS_HIGH_V_HIGH,15,2.43000221252,12.7553977576,9.86984967825,0,0,2.43000221252,
G2_D075_DENS_HIGH_V_HIGH_S015,G2_D075_DENS_HIGH_V_HIGH,15,2.44000172615,13.2041528035,10.5161993561,0,0,2.44000172615,
G2_D075_DENS_HIGH_V_HIGH_S015,G2_D075_DENS_HIGH_V_HIGH,15,2.45000123978,13.0631382082,8.8975925416,0,0,2.45000123978,
G2_D075_DENS_HIGH_V_HIGH_S015,G2_D075_DENS_HIGH_V_HIGH,15,2.46008276939,12.7989730547,10.2901075217,0,0,2.46008276939,
G2_D075_DENS_HIGH_V_HIGH_S015,G2_D075_DENS_HIGH_V_HIGH,15,2.47007083893,13.1603664051,8.48322125512,0,0,2.47007083893,
G2_D075_DENS_HIGH_V_HIGH_S015,G2_D075_DENS_HIGH_V_HIGH,15,2.48005008698,13.3473602003,8.71978882233,0,0,2.48005008698,
G2_D075_DENS_HIGH_V_HIGH_S015,G2_D075_DENS_HIGH_V_HIGH,15,2.4900496006,13.944132659,8.21535880676,0,0,2.4900496006,
G2_D075_DENS_HIGH_V_HIGH_S015,G2_D075_DENS_HIGH_V_HIGH,15,2.50003623962,12.8655893456,8.86013785731,0,0,2.50003623962,
G2_D075_DENS_HIGH_V_HIGH_S015,G2_D075_DENS_HIGH_V_HIGH,15,2.51006746292,14.3259155259,11.0145519466,0,0,2.51006746292,
G2_D075_DENS_HIGH_V_HIGH_S015,G2_D075_DENS_HIGH_V_HIGH,15,2.52000236511,12.0835550069,10.0350622351,0,0,2.52000236511,
G2_D075_DENS_HIGH_V_HIGH_S015,G2_D075_DENS_HIGH_V_HIGH,15,2.53006911278,12.7631676135,8.48877571679,0,0,2.53006911278,
G2_D075_DENS_HIGH_V_HIGH_S015,G2_D075_DENS_HIGH_V_HIGH,15,2.54006719589,12.8038792269,8.74690890207,0,0,2.54006719589,
G2_D075_DENS_HIGH_V_HIGH_S015,G2_D075_DENS_HIGH_V_HIGH,15,2.55002713203,13.0487391068,9.94561910998,0,0,2.55002713203,
G2_D075_DENS_HIGH_V_HIGH_S015,G2_D075_DENS_HIGH_V_HIGH,15,2.56002664566,12.7242785453,9.71072986509,0,0,2.56002664566,
G2_D075_DENS_HIGH_V_HIGH_S015,G2_D075_DENS_HIGH_V_HIGH,15,2.57006049156,12.1255022816,6.33528166259,0,0,2.57006049156,
G2_D075_DENS_HIGH_V_HIGH_S015,G2_D075_DENS_HIGH_V_HIGH,15,2.58006000519,14.0657966658,13.1585388248,0,0,2.58006000519,
G2_D075_DENS_HIGH_V_HIGH_S015,G2_D075_DENS_HIGH_V_HIGH,15,2.5900592804,14.6905306586,10.588181207,0,0,2.5900592804,
G2_D075_DENS_HIGH_V_HIGH_S015,G2_D075_DENS_HIGH_V_HIGH,15,2.60004353523,13.3421942961,9.29165026594,0,0,2.60004353523,
G2_D075_DENS_HIGH_V_HIGH_S015,G2_D075_DENS_HIGH_V_HIGH,15,2.61001181602,12.061893356,6.59642947717,0,0,2.61001181602,
G2_D075_DENS_HIGH_V_HIGH_S015,G2_D075_DENS_HIGH_V_HIGH,15,2.62004446983,13.3854612305,7.93566440008,0,0,2.62004446983,
G2_D075_DENS_HIGH_V_HIGH_S015,G2_D075_DENS_HIGH_V_HIGH,15,2.63005447388,14.3237746709,9.19798317014,0,0,2.63005447388,
G2_D075_DENS_HIGH_V_HIGH_S015,G2_D075_DENS_HIGH_V_HIGH,15,2.64003944397,12.3073920662,5.39418111889,0,0,2.64003944397,
G2_D075_DENS_HIGH_V_HIGH_S015,G2_D075_DENS_HIGH_V_HIGH,15,2.65003871918,13.6383407512,8.85625995034,0,0,2.65003871918,
G2_D075_DENS_HIGH_V_HIGH_S015,G2_D075_DENS_HIGH_V_HIGH,15,2.6600382328,13.666342074,9.07460550831,0,0,2.6600382328,
G2_D075_DENS_HIGH_V_HIGH_S015,G2_D075_DENS_HIGH_V_HIGH,15,2.67006897926,13.812565678,11.3074077431,0,0,2.67006897926,
G2_D075_DENS_HIGH_V_HIGH_S015,G2_D075_DENS_HIGH_V_HIGH,15,2.68006849289,13.915934603,9.95076812933,0,0,2.68006849289,
G2_D075_DENS_HIGH_V_HIGH_S015,G2_D075_DENS_HIGH_V_HIGH,15,2.69006752968,13.4027019108,8.66947465596,0,0,2.69006752968,
G2_D075_DENS_HIGH_V_HIGH_S015,G2_D075_DENS_HIGH_V_HIGH,15,2.70004010201,13.936863478,8.36251641362,0,0,2.70004010201,
G2_D075_DENS_HIGH_V_HIGH_S015,G2_D075_DENS_HIGH_V_HIGH,15,2.71003961563,12.6890809875,7.761350209,0,0,2.71003961563,
G2_D075_DENS_HIGH_V_HIGH_S015,G2_D075_DENS_HIGH_V_HIGH,15,2.72003889084,12.6031030557,8.12027288363,0,0,2.72003889084,
G2_D075_DENS_HIGH_V_HIGH_S015,G2_D075_DENS_HIGH_V_HIGH,15,2.73002910614,13.5165982722,6.93169021554,0,0,2.73002910614,
G2_D075_DENS_HIGH_V_HIGH_S015,G2_D075_DENS_HIGH_V_HIGH,15,2.74005103111,14.6604559006,11.3509063817,0,0,2.74005103111,
G2_D075_DENS_HIGH_V_HIGH_S015,G2_D075_DENS_HIGH_V_HIGH,15,2.75004076958,14.5647219918,10.3529492716,0,0,2.75004076958,
G2_D075_DENS_HIGH_V_HIGH_S015,G2_D075_DENS_HIGH_V_HIGH,15,2.76002383232,14.184774933,9.941510176,0,0,2.76002383232,
G2_D075_DENS_HIGH_V_HIGH_S015,G2_D075_DENS_HIGH_V_HIGH,15,2.77002239227,14.0831677647,8.93546737838,0,0,2.77002239227,
G2_D075_DENS_HIGH_V_HIGH_S015,G2_D075_DENS_HIGH_V_HIGH,15,2.7800848484,12.9287042277,7.28415794143,0,0,2.7800848484,
G2_D075_DENS_HIGH_V_HIGH_S015,G2_D075_DENS_HIGH_V_HIGH,15,2.79000878334,13.7565099807,8.57150575826,0,0,2.79000878334,
G2_D075_DENS_HIGH_V_HIGH_S015,G2_D075_DENS_HIGH_V_HIGH,15,2.80000424385,14.9160200557,13.2493765969,0,0,2.80000424385,
G2_D075_DENS_HIGH_V_HIGH_S015,G2_D075_DENS_HIGH_V_HIGH,15,2.81007575989,14.1128170043,9.59525255386,0,0,2.81007575989,
G2_D075_DENS_HIGH_V_HIGH_S015,G2_D075_DENS_HIGH_V_HIGH,15,2.8200750351,14.5548068599,9.35067408474,0,0,2.8200750351,
G2_D075_DENS_HIGH_V_HIGH_S015,G2_D075_DENS_HIGH_V_HIGH,15,2.83007454872,12.6979262445,10.433880322,0,0,2.83007454872,
G2_D075_DENS_HIGH_V_HIGH_S015,G2_D075_DENS_HIGH_V_HIGH,15,2.84004449844,19.3458138493,9.08845604972,0,0,2.84004449844,
G2_D075_DENS_HIGH_V_HIGH_S015,G2_D075_DENS_HIGH_V_HIGH,15,2.85002684593,14.9403077632,10.0514908381,0,0,2.85002684593,
G2_D075_DENS_HIGH_V_HIGH_S015,G2_D075_DENS_HIGH_V_HIGH,15,2.86006212234,13.8103441402,9.1476850556,0,0,2.86006212234,
G2_D075_DENS_HIGH_V_HIGH_S015,G2_D075_DENS_HIGH_V_HIGH,15,2.87006735802,12.4102558953,7.27102242616,0,0,2.87006735802,
G2_D075_DENS_HIGH_V_HIGH_S015,G2_D075_DENS_HIGH_V_HIGH,15,2.88004159927,15.5407208912,10.1254883266,0,0,2.88004159927,
G2_D075_DENS_HIGH_V_HIGH_S015,G2_D075_DENS_HIGH_V_HIGH,15,2.89002346992,14.0292407648,8.68141851718,0,0,2.89002346992,
G2_D075_DENS_HIGH_V_HIGH_S015,G2_D075_DENS_HIGH_V_HIGH,15,2.90000104904,13.1056568934,13.4408081059,0,0,2.90000104904,
G2_D075_DENS_HIGH_V_HIGH_S015,G2_D075_DENS_HIGH_V_HIGH,15,2.91000247002,14.0044965921,7.85216393372,0,0,2.91000247002,
G2_D075_DENS_HIGH_V_HIGH_S015,G2_D075_DENS_HIGH_V_HIGH,15,2.92000126839,14.2295527341,9.05210877489,0,0,2.92000126839,
G2_D075_DENS_HIGH_V_HIGH_S015,G2_D075_DENS_HIGH_V_HIGH,15,2.93000054359,13.8489005304,10.5280322592,0,0,2.93000054359,
G2_D075_DENS_HIGH_V_HIGH_S015,G2_D075_DENS_HIGH_V_HIGH,15,2.94002652168,14.4606888159,9.06317899219,0,0,2.94002652168,
G2_D075_DENS_HIGH_V_HIGH_S015,G2_D075_DENS_HIGH_V_HIGH,15,2.9500014782,13.080331363,7.90069759294,0,0,2.9500014782,
G2_D075_DENS_HIGH_V_HIGH_S015,G2_D075_DENS_HIGH_V_HIGH,15,2.9600007534,14.7002114791,9.98986413464,0,0,2.9600007534,
G2_D075_DENS_HIGH_V_HIGH_S015,G2_D075_DENS_HIGH_V_HIGH,15,2.97006225586,17.0094336529,10.4091254297,0,0,2.97006225586,
G2_D075_DENS_HIGH_V_HIGH_S015,G2_D075_DENS_HIGH_V_HIGH,15,2.98005366325,17.4437475982,8.43826557777,0,0,2.98005366325,
G2_D075_DENS_HIGH_V_HIGH_S015,G2_D075_DENS_HIGH_V_HIGH,15,2.99003243446,13.1054833703,8.51080319746,0,0,2.99003243446,
G2_D075_DENS_HIGH_V_HIGH_S015,G2_D075_DENS_HIGH_V_HIGH,15,3.0000576973,15.5683740626,10.0296446352,0,0,3.0000576973,
G2_D075_DENS_HIGH_V_HIGH_S015,G2_D075_DENS_HIGH_V_HIGH,15,3.01000595093,15.1515284775,9.3772165666,0,0,3.01000595093,
G2_D075_DENS_HIGH_V_HIGH_S015,G2_D075_DENS_HIGH_V_HIGH,15,3.02006030083,15.9308538664,12.5384965308,0,0,3.02006030083,
G2_D075_DENS_HIGH_V_HIGH_S015,G2_D075_DENS_HIGH_V_HIGH,15,3.03002905846,15.1566789083,11.4289174482,0,0,3.03002905846,
G2_D075_DENS_HIGH_V_HIGH_S015,G2_D075_DENS_HIGH_V_HIGH,15,3.04004454613,15.233861319,12.0546987636,0,0,3.04004454613,
G2_D075_DENS_HIGH_V_HIGH_S015,G2_D075_DENS_HIGH_V_HIGH,15,3.05004382133,15.0530668299,7.84978403412,0,0,3.05004382133,
G2_D075_DENS_HIGH_V_HIGH_S015,G2_D075_DENS_HIGH_V_HIGH,15,3.06004333496,15.4486044417,15.5755297067,0,0,3.06004333496,
G2_D075_DENS_HIGH_V_HIGH_S015,G2_D075_DENS_HIGH_V_HIGH,15,3.07003831863,15.4395337152,9.4266201406,0,0,3.07003831863,
G2_D075_DENS_HIGH_V_HIGH_S015,G2_D075_DENS_HIGH_V_HIGH,15,3.08003520966,15.0406217975,10.2448118243,0,0,3.08003520966,
G2_D075_DENS_HIGH_V_HIGH_S015,G2_D075_DENS_HIGH_V_HIGH,15,3.09005594254,15.9190907688,9.88851629607,0,0,3.09005594254,
G2_D075_DENS_HIGH_V_HIGH_S015,G2_D075_DENS_HIGH_V_HIGH,15,3.10005521774,18.7241082214,15.3238604786,0,0,3.10005521774,
G2_D075_DENS_HIGH_V_HIGH_S015,G2_D075_DENS_HIGH_V_HIGH,15,3.1100666523,12.6108574382,6.23382783412,0,0,3.1100666523,
G2_D075_DENS_HIGH_V_HIGH_S015,G2_D075_DENS_HIGH_V_HIGH,15,3.1200261116,14.0965942525,12.998101593,0,0,3.1200261116,
G2_D075_DENS_HIGH_V_HIGH_S015,G2_D075_DENS_HIGH_V_HIGH,15,3.13007831573,18.8666579988,19.7434747844,0,0,3.13007831573,
G2_D075_DENS_HIGH_V_HIGH_S015,G2_D075_DENS_HIGH_V_HIGH,15,3.14007949829,15.971844001,7.16044634379,0,0,3.14007949829,
G2_D075_DENS_HIGH_V_HIGH_S015,G2_D075_DENS_HIGH_V_HIGH,15,3.15005040169,18.918728191,9.19272313023,0,0,3.15005040169,
G2_D075_DENS_HIGH_V_HIGH_S015,G2_D075_DENS_HIGH_V_HIGH,15,3.16005373001,16.4346776279,12.0941771561,0,0,3.16005373001,
G2_D075_DENS_HIGH_V_HIGH_S015,G2_D075_DENS_HIGH_V_HIGH,15,3.17004466057,15.2176838822,10.9307676871,0,0,3.17004466057,
G2_D075_DENS_HIGH_V_HIGH_S015,G2_D075_DENS_HIGH_V_HIGH,15,3.18000793457,17.0080532048,9.27006018419,0,0,3.18000793457,
G2_D075_DENS_HIGH_V_HIGH_S015,G2_D075_DENS_HIGH_V_HIGH,15,3.19004297256,15.3049096329,8.9414495312,0,0,3.19004297256,
G2_D075_DENS_HIGH_V_HIGH_S015,G2_D075_DENS_HIGH_V_HIGH,15,3.20004224777,19.3793004914,14.5912062567,0,0,3.20004224777,
G2_D075_DENS_HIGH_V_HIGH_S015,G2_D075_DENS_HIGH_V_HIGH,15,3.21003842354,16.2896255812,9.70735472778,0,0,3.21003842354,
G2_D075_DENS_HIGH_V_HIGH_S015,G2_D075_DENS_HIGH_V_HIGH,15,3.22002530098,18.2771293004,9.87279391012,0,0,3.22002530098,
G2_D075_DENS_HIGH_V_HIGH_S015,G2_D075_DENS_HIGH_V_HIGH,15,3.23005795479,14.5549792778,6.84585868056,0,0,3.23005795479,
G2_D075_DENS_HIGH_V_HIGH_S015,G2_D075_DENS_HIGH_V_HIGH,15,3.24001646042,14.1373622333,9.94472689511,0,0,3.24001646042,
G2_D075_DENS_HIGH_V_HIGH_S015,G2_D075_DENS_HIGH_V_HIGH,15,3.25006246567,16.6883451866,10.273766018,0,0,3.25006246567,
G2_D075_DENS_HIGH_V_HIGH_S015,G2_D075_DENS_HIGH_V_HIGH,15,3.26006126404,17.1358369402,10.1317858989,0,0,3.26006126404,
G2_D075_DENS_HIGH_V_HIGH_S015,G2_D075_DENS_HIGH_V_HIGH,15,3.27005457878,16.3459443262,9.41117587967,0,0,3.27005457878,
G2_D075_DENS_HIGH_V_HIGH_S015,G2_D075_DENS_HIGH_V_HIGH,15,3.28006076813,16.7335606639,10.9388367955,0,0,3.28006076813,
G2_D075_DENS_HIGH_V_HIGH_S015,G2_D075_DENS_HIGH_V_HIGH,15,3.2900261879,15.6314646294,12.7371300233,0,0,3.2900261879,
G2_D075_DENS_HIGH_V_HIGH_S015,G2_D075_DENS_HIGH_V_HIGH,15,3.30006551743,13.9254341637,11.6944214595,0,0,3.30006551743,
G2_D075_DENS_HIGH_V_HIGH_S015,G2_D075_DENS_HIGH_V_HIGH,15,3.31002569199,17.2902559185,9.05928202876,0,0,3.31002569199,
G2_D075_DENS_HIGH_V_HIGH_S015,G2_D075_DENS_HIGH_V_HIGH,15,3.32005596161,14.9887251284,9.3046291916,0,0,3.32005596161,
G2_D075_DENS_HIGH_V_HIGH_S015,G2_D075_DENS_HIGH_V_HIGH,15,3.33003854752,18.8795650225,10.6945108326,0,0,3.33003854752,
G2_D075_DENS_HIGH_V_HIGH_S015,G2_D075_DENS_HIGH_V_HIGH,15,3.34002780914,16.1378448171,7.9823477794,0,0,3.34002780914,
G2_D075_DENS_HIGH_V_HIGH_S015,G2_D075_DENS_HIGH_V_HIGH,15,3.3500289917,17.3103768611,9.44568436579,0,0,3.3500289917,
G2_D075_DENS_HIGH_V_HIGH_S015,G2_D075_DENS_HIGH_V_HIGH,15,3.36008119583,18.8793086062,16.63048379,0,0,3.36008119583,
G2_D075_DENS_HIGH_V_HIGH_S015,G2_D075_DENS_HIGH_V_HIGH,15,3.37001991272,16.5757673797,8.76461462023,0,0,3.37001991272,
G2_D075_DENS_HIGH_V_HIGH_S015,G2_D075_DENS_HIGH_V_HIGH,15,3.38000273705,15.9923816201,11.307110686,0,0,3.38000273705,
G2_D075_DENS_HIGH_V_HIGH_S015,G2_D075_DENS_HIGH_V_HIGH,15,3.39003896713,14.6098921541,6.4142021263,0,0,3.39003896713,
G2_D075_DENS_HIGH_V_HIGH_S015,G2_D075_DENS_HIGH_V_HIGH,15,3.40005350113,16.8167456475,10.5649758328,0,0,3.40005350113,
G2_D075_DENS_HIGH_V_HIGH_S015,G2_D075_DENS_HIGH_V_HIGH,15,3.41000580788,15.157479104,7.98904639308,0,0,3.41000580788,
G2_D075_DENS_HIGH_V_HIGH_S015,G2_D075_DENS_HIGH_V_HIGH,15,3.42000174522,15.4218874109,9.50093509851,0,0,3.42000174522,
G2_D075_DENS_HIGH_V_HIGH_S015,G2_D075_DENS_HIGH_V_HIGH,15,3.43008613586,16.8716861549,10.0351135802,0,0,3.43008613586,
G2_D075_DENS_HIGH_V_HIGH_S015,G2_D075_DENS_HIGH_V_HIGH,15,3.44008541107,18.0782795672,12.1497852462,0,0,3.44008541107,
G2_D075_DENS_HIGH_V_HIGH_S015,G2_D075_DENS_HIGH_V_HIGH,15,3.45003414154,16.8998488431,10.9260293,0,0,3.45003414154,
G2_D075_DENS_HIGH_V_HIGH_S015,G2_D075_DENS_HIGH_V_HIGH,15,3.46008253098,14.4718805031,8.10080710646,0,0,3.46008253098,
G2_D075_DENS_HIGH_V_HIGH_S015,G2_D075_DENS_HIGH_V_HIGH,15,3.47004008293,16.2540113469,5.47963378016,0,0,3.47004008293,
G2_D075_DENS_HIGH_V_HIGH_S015,G2_D075_DENS_HIGH_V_HIGH,15,3.48000788689,22.4824925194,20.7914390427,0,0,3.48000788689,
G2_D075_DENS_HIGH_V_HIGH_S015,G2_D075_DENS_HIGH_V_HIGH,15,3.49003624916,15.2589514326,11.4829705236,0,0,3.49003624916,
G2_D075_DENS_HIGH_V_HIGH_S015,G2_D075_DENS_HIGH_V_HIGH,15,3.50006484985,16.9540079439,13.1215459046,0,0,3.50006484985,
G2_D075_DENS_HIGH_V_HIGH_S015,G2_D075_DENS_HIGH_V_HIGH,15,3.51007294655,17.170428825,9.3713004523,0,0,3.51007294655,
G2_D075_DENS_HIGH_V_HIGH_S015,G2_D075_DENS_HIGH_V_HIGH,15,3.52000832558,15.1213630896,11.3306692233,0,0,3.52000832558,
G2_D075_DENS_HIGH_V_HIGH_S015,G2_D075_DENS_HIGH_V_HIGH,15,3.53001856804,16.2989549345,12.2695590384,0,0,3.53001856804,
G2_D075_DENS_HIGH_V_HIGH_S015,G2_D075_DENS_HIGH_V_HIGH,15,3.54008126259,16.2971898619,10.3505567538,0,0,3.54008126259,
G2_D075_DENS_HIGH_V_HIGH_S015,G2_D075_DENS_HIGH_V_HIGH,15,3.55004072189,15.932464205,8.56205419641,0,0,3.55004072189,
G2_D075_DENS_HIGH_V_HIGH_S015,G2_D075_DENS_HIGH_V_HIGH,15,3.56002807617,16.6642685805,9.52106422266,0,0,3.56002807617,
G2_D075_DENS_HIGH_V_HIGH_S015,G2_D075_DENS_HIGH_V_HIGH,15,3.57000994682,17.3500738618,10.3145838102,0,0,3.57000994682,
G2_D075_DENS_HIGH_V_HIGH_S015,G2_D075_DENS_HIGH_V_HIGH,15,3.58004784584,16.9195343201,9.28536773945,0,0,3.58004784584,
G2_D075_DENS_HIGH_V_HIGH_S015,G2_D075_DENS_HIGH_V_HIGH,15,3.59006857872,16.9906566853,10.2253560326,0,0,3.59006857872,
G2_D075_DENS_HIGH_V_HIGH_S015,G2_D075_DENS_HIGH_V_HIGH,15,3.60004210472,15.5363916557,3.44709083531,0,0,3.60004210472,
G2_D075_DENS_HIGH_V_HIGH_S015,G2_D075_DENS_HIGH_V_HIGH,15,3.61000537872,16.9991659485,11.2012524922,0,0,3.61000537872,
G2_D075_DENS_HIGH_V_HIGH_S015,G2_D075_DENS_HIGH_V_HIGH,15,3.62005376816,15.1803498903,6.47117333483,0,0,3.62005376816,
G2_D075_DENS_HIGH_V_HIGH_S015,G2_D075_DENS_HIGH_V_HIGH,15,3.63008165359,17.5630850692,7.86044771298,0,0,3.63008165359,
G2_D075_DENS_HIGH_V_HIGH_S015,G2_D075_DENS_HIGH_V_HIGH,15,3.64001584053,20.0135506235,10.3155611794,0,0,3.64001584053,
G2_D075_DENS_HIGH_V_HIGH_S015,G2_D075_DENS_HIGH_V_HIGH,15,3.6500210762,16.8005416848,8.23282448703,0,0,3.6500210762,
G2_D075_DENS_HIGH_V_HIGH_S015,G2_D075_DENS_HIGH_V_HIGH,15,3.66004705429,22.5375291829,19.8923427359,0,0,3.66004705429,
G2_D075_DENS_HIGH_V_HIGH_S015,G2_D075_DENS_HIGH_V_HIGH,15,3.67005729675,17.5533489866,22.020059273,0,0,3.67005729675,
G2_D075_DENS_HIGH_V_HIGH_S015,G2_D075_DENS_HIGH_V_HIGH,15,3.68000006676,19.0160845959,14.1173412766,0,0,3.68000006676,
G2_D075_DENS_HIGH_V_HIGH_S015,G2_D075_DENS_HIGH_V_HIGH,15,3.69005441666,17.2825656401,9.95819551906,0,0,3.69005441666,
G2_D075_DENS_HIGH_V_HIGH_S015,G2_D075_DENS_HIGH_V_HIGH,15,3.7000014782,13.8177326874,5.90650303969,0,0,3.7000014782,
G2_D075_DENS_HIGH_V_HIGH_S015,G2_D075_DENS_HIGH_V_HIGH,15,3.71007585526,18.3846749375,8.97106436118,0,0,3.71007585526,
G2_D075_DENS_HIGH_V_HIGH_S015,G2_D075_DENS_HIGH_V_HIGH,15,3.72000718117,17.6940574297,1.13876251914,0,0,3.72000718117,
G2_D075_DENS_HIGH_V_HIGH_S015,G2_D075_DENS_HIGH_V_HIGH,15,3.73006057739,15.0945896914,15.0176308191,0,0,3.73006057739,
G2_D075_DENS_HIGH_V_HIGH_S015,G2_D075_DENS_HIGH_V_HIGH,15,3.74005174637,18.7833823853,11.2316540933,0,0,3.74005174637,
G2_D075_DENS_HIGH_V_HIGH_S015,G2_D075_DENS_HIGH_V_HIGH,15,3.75006365776,16.834957836,5.9618436543,0,0,3.75006365776,
G2_D075_DENS_HIGH_V_HIGH_S015,G2_D075_DENS_HIGH_V_HIGH,15,3.76004052162,17.7265814055,11.1425745295,0,0,3.76004052162,
G2_D075_DENS_HIGH_V_HIGH_S015,G2_D075_DENS_HIGH_V_HIGH,15,3.77007579803,18.1211419828,15.5912521616,0,0,3.77007579803,
G2_D075_DENS_HIGH_V_HIGH_S015,G2_D075_DENS_HIGH_V_HIGH,15,3.78004074097,16.6788843095,8.85662676747,0,0,3.78004074097,
G2_D075_DENS_HIGH_V_HIGH_S015,G2_D075_DENS_HIGH_V_HIGH,15,3.79001760483,18.0414484608,11.2703539313,0,0,3.79001760483,
G2_D075_DENS_HIGH_V_HIGH_S015,G2_D075_DENS_HIGH_V_HIGH,15,3.80007839203,15.961905659,8.38255695827,0,0,3.80007839203,
G2_D075_DENS_HIGH_V_HIGH_S015,G2_D075_DENS_HIGH_V_HIGH,15,3.810079813,21.4570749049,14.4232420563,0,0,3.810079813,
G2_D075_DENS_HIGH_V_HIGH_S015,G2_D075_DENS_HIGH_V_HIGH,15,3.82007431984,17.5104357298,9.17136430107,0,0,3.82007431984,
G2_D075_DENS_HIGH_V_HIGH_S015,G2_D075_DENS_HIGH_V_HIGH,15,3.83004283905,19.7917195796,11.7417392463,0,0,3.83004283905,
G2_D075_DENS_HIGH_V_HIGH_S015,G2_D075_DENS_HIGH_V_HIGH,15,3.84002280235,16.780492583,1.48840448317,0,0,3.84002280235,
G2_D075_DENS_HIGH_V_HIGH_S015,G2_D075_DENS_HIGH_V_HIGH,15,3.8500187397,17.5469485264,16.6778774962,0,0,3.8500187397,
G2_D075_DENS_HIGH_V_HIGH_S015,G2_D075_DENS_HIGH_V_HIGH,15,3.86000180244,18.2026226822,9.570322273,0,0,3.86000180244,
G2_D075_DENS_HIGH_V_HIGH_S015,G2_D075_DENS_HIGH_V_HIGH,15,3.87002515793,16.3367221814,5.12431924392,0,0,3.87002515793,
G2_D075_DENS_HIGH_V_HIGH_S015,G2_D075_DENS_HIGH_V_HIGH,15,3.88005137444,16.9549706103,11.1462462865,0,0,3.88005137444,
G2_D075_DENS_HIGH_V_HIGH_S015,G2_D075_DENS_HIGH_V_HIGH,15,3.89002227783,17.932346642,12.6011675006,0,0,3.89002227783,
G2_D075_DENS_HIGH_V_HIGH_S015,G2_D075_DENS_HIGH_V_HIGH,15,3.90007448196,16.3856501688,8.22839936872,0,0,3.90007448196,
G2_D075_DENS_HIGH_V_HIGH_S015,G2_D075_DENS_HIGH_V_HIGH,15,3.91007351875,17.5084761346,6.04992048091,0,0,3.91007351875,
G2_D075_DENS_HIGH_V_HIGH_S015,G2_D075_DENS_HIGH_V_HIGH,15,3.92008328438,16.7888813747,11.5734271602,0,0,3.92008328438,
G2_D075_DENS_HIGH_V_HIGH_S015,G2_D075_DENS_HIGH_V_HIGH,15,3.93004393578,17.4544618205,7.99271158411,0,0,3.93004393578,
G2_D075_DENS_HIGH_V_HIGH_S015,G2_D075_DENS_HIGH_V_HIGH,15,3.9400229454,23.7540742001,14.2410400781,0,0,3.9400229454,
G2_D075_DENS_HIGH_V_HIGH_S015,G2_D075_DENS_HIGH_V_HIGH,15,3.95006036758,15.5082024417,9.96880909,0,0,3.95006036758,
G2_D075_DENS_HIGH_V_HIGH_S015,G2_D075_DENS_HIGH_V_HIGH,15,3.96000170708,13.8138974954,5.02904245632,0,0,3.96000170708,
G2_D075_DENS_HIGH_V_HIGH_S015,G2_D075_DENS_HIGH_V_HIGH,15,3.970007658,17.3946272986,6.51723442051,0,0,3.970007658,
G2_D075_DENS_HIGH_V_HIGH_S015,G2_D075_DENS_HIGH_V_HIGH,15,3.98004150391,20.7653654174,17.9559549391,0,0,3.98004150391,
G2_D075_DENS_HIGH_V_HIGH_S015,G2_D075_DENS_HIGH_V_HIGH,15,3.99007081985,18.4023378204,6.09875338795,0,0,3.99007081985,
G2_D075_DENS_HIGH_V_HIGH_S015,G2_D075_DENS_HIGH_V_HIGH,15,4.00002908707,17.5060169697,11.3251079389,0,0,4.00002908707,
G2_D075_DENS_HIGH_V_HIGH_S015,G2_D075_DENS_HIGH_V_HIGH,15,4.01005315781,18.0319234795,16.6594744255,0,0,4.01005315781,
G2_D075_DENS_HIGH_V_HIGH_S015,G2_D075_DENS_HIGH_V_HIGH,15,4.0200047493,18.2212924412,13.9287571317,0,0,4.0200047493,
G2_D075_DENS_HIGH_V_HIGH_S015,G2_D075_DENS_HIGH_V_HIGH,15,4.03006505966,18.9017693476,11.1135346017,0,0,4.03006505966,
G2_D075_DENS_HIGH_V_HIGH_S015,G2_D075_DENS_HIGH_V_HIGH,15,4.0400094986,17.6214695127,9.16655938204,0,0,4.0400094986,
G2_D075_DENS_HIGH_V_HIGH_S015,G2_D075_DENS_HIGH_V_HIGH,15,4.05004072189,15.7714845063,8.4385667879,0,0,4.05004072189,
G2_D075_DENS_HIGH_V_HIGH_S015,G2_D075_DENS_HIGH_V_HIGH,15,4.06001710892,19.8379717745,8.22265316192,0,0,4.06001710892,
G2_D075_DENS_HIGH_V_HIGH_S015,G2_D075_DENS_HIGH_V_HIGH,15,4.07005310059,17.8742506668,8.73828688716,0,0,4.07005310059,
G2_D075_DENS_HIGH_V_HIGH_S015,G2_D075_DENS_HIGH_V_HIGH,15,4.08005189896,16.4762601725,5.62936137822,0,0,4.08005189896,
G2_D075_DENS_HIGH_V_HIGH_S015,G2_D075_DENS_HIGH_V_HIGH,15,4.09005022049,16.8861692547,6.27830968764,0,0,4.09005022049,
G2_D075_DENS_HIGH_V_HIGH_S015,G2_D075_DENS_HIGH_V_HIGH,15,4.10002183914,18.4152835277,11.6070829198,0,0,4.10002183914,
G2_D075_DENS_HIGH_V_HIGH_S015,G2_D075_DENS_HIGH_V_HIGH,15,4.11006355286,19.2541406021,4.3326224202,0,0,4.11006355286,
G2_D075_DENS_HIGH_V_HIGH_S015,G2_D075_DENS_HIGH_V_HIGH,15,4.12002515793,18.5363462825,15.1262582442,0,0,4.12002515793,
G2_D075_DENS_HIGH_V_HIGH_S015,G2_D075_DENS_HIGH_V_HIGH,15,4.13000822067,10.2701679006,5.90369314722,0,0,4.13000822067,
G2_D075_DENS_HIGH_V_HIGH_S015,G2_D075_DENS_HIGH_V_HIGH,15,4.14006137848,16.70218393,9.71674423786,0,0,4.14006137848,
G2_D075_DENS_HIGH_V_HIGH_S015,G2_D075_DENS_HIGH_V_HIGH,15,4.15003156662,21.0038303633,16.8076699349,0,0,4.15003156662,
G2_D075_DENS_HIGH_V_HIGH_S015,G2_D075_DENS_HIGH_V_HIGH,15,4.16003322601,17.6334901319,8.53953245116,0,0,4.16003322601,
G2_D075_DENS_HIGH_V_HIGH_S015,G2_D075_DENS_HIGH_V_HIGH,15,4.17003917694,8.73048971825,9.50040694022,0,0,4.17003917694,
G2_D075_DENS_HIGH_V_HIGH_S015,G2_D075_DENS_HIGH_V_HIGH,15,4.18007183075,20.3554662824,15.9024564368,0,0,4.18007183075,
G2_D075_DENS_HIGH_V_HIGH_S015,G2_D075_DENS_HIGH_V_HIGH,15,4.19000434875,20.0120806508,13.5367984463,0,0,4.19000434875,
G2_D075_DENS_HIGH_V_HIGH_S015,G2_D075_DENS_HIGH_V_HIGH,15,4.20004034042,24.8412991947,22.835396948,0,0,4.20004034042,
G2_D075_DENS_HIGH_V_HIGH_S015,G2_D075_DENS_HIGH_V_HIGH,15,4.210044384,19.6675676716,17.4692853599,0,0,4.210044384,
G2_D075_DENS_HIGH_V_HIGH_S015,G2_D075_DENS_HIGH_V_HIGH,15,4.22000932693,17.8969600878,9.26906160481,0,0,4.22000932693,
G2_D075_DENS_HIGH_V_HIGH_S015,G2_D075_DENS_HIGH_V_HIGH,15,4.23003005981,21.6657380878,6.05952844001,0,0,4.23003005981,
G2_D075_DENS_HIGH_V_HIGH_S015,G2_D075_DENS_HIGH_V_HIGH,15,4.24002790451,19.3926960325,14.9948033498,0,0,4.24002790451,
G2_D075_DENS_HIGH_V_HIGH_S015,G2_D075_DENS_HIGH_V_HIGH,15,4.25008392334,17.0829974991,16.0597999107,0,0,4.25008392334,
G2_D075_DENS_HIGH_V_HIGH_S015,G2_D075_DENS_HIGH_V_HIGH,15,4.26006317139,18.8374906449,9.55665612101,0,0,4.26006317139,
G2_D075_DENS_HIGH_V_HIGH_S015,G2_D075_DENS_HIGH_V_HIGH,15,4.27004384995,14.9742718701,6.45206961289,0,0,4.27004384995,
G2_D075_DENS_HIGH_V_HIGH_S015,G2_D075_DENS_HIGH_V_HIGH,15,4.28004932404,18.9020655526,10.3084942627,0,0,4.28004932404,
G2_D075_DENS_HIGH_V_HIGH_S015,G2_D075_DENS_HIGH_V_HIGH,15,4.29001760483,19.8169279542,15.2130391189,0,0,4.29001760483,
G2_D075_DENS_HIGH_V_HIGH_S015,G2_D075_DENS_HIGH_V_HIGH,15,4.30000734329,19.1608293852,8.63957339513,0,0,4.30000734329,
G2_D075_DENS_HIGH_V_HIGH_S015,G2_D075_DENS_HIGH_V_HIGH,15,4.31001615524,17.5054986109,7.87573273152,0,0,4.31001615524,
G2_D075_DENS_HIGH_V_HIGH_S015,G2_D075_DENS_HIGH_V_HIGH,15,4.3200340271,21.3878005055,18.2531438367,0,0,4.3200340271,
G2_D075_DENS_HIGH_V_HIGH_S015,G2_D075_DENS_HIGH_V_HIGH,15,4.33004808426,16.8559165526,6.75938047937,0,0,4.33004808426,
G2_D075_DENS_HIGH_V_HIGH_S015,G2_D075_DENS_HIGH_V_HIGH,15,4.3400850296,18.9941919493,9.99099611378,0,0,4.3400850296,
G2_D075_DENS_HIGH_V_HIGH_S015,G2_D075_DENS_HIGH_V_HIGH,15,4.35005664825,19.9965475704,11.7185519088,0,0,4.35005664825,
G2_D075_DENS_HIGH_V_HIGH_S015,G2_D075_DENS_HIGH_V_HIGH,15,4.36000156403,15.9805135244,5.15687665835,0,0,4.36000156403,
G2_D075_DENS_HIGH_V_HIGH_S015,G2_D075_DENS_HIGH_V_HIGH,15,4.37007951736,16.7770983827,13.3189932578,0,0,4.37007951736,
G2_D075_DENS_HIGH_V_HIGH_S015,G2_D075_DENS_HIGH_V_HIGH,15,4.38003349304,20.8948998572,12.7863468065,0,0,4.38003349304,
G2_D075_DENS_HIGH_V_HIGH_S015,G2_D075_DENS_HIGH_V_HIGH,15,4.39001131058,21.2074713235,13.6261747924,0,0,4.39001131058,
G2_D075_DENS_HIGH_V_HIGH_S015,G2_D075_DENS_HIGH_V_HIGH,15,4.40005636215,15.5727430868,9.79400263985,0,0,4.40005636215,
G2_D075_DENS_HIGH_V_HIGH_S015,G2_D075_DENS_HIGH_V_HIGH,15,4.4100151062,19.8167312211,8.95854891089,0,0,4.4100151062,
G2_D075_DENS_HIGH_V_HIGH_S015,G2_D075_DENS_HIGH_V_HIGH,15,4.4200797081,16.4985374436,10.0958883273,0,0,4.4200797081,
G2_D075_DENS_HIGH_V_HIGH_S015,G2_D075_DENS_HIGH_V_HIGH,15,4.43007278442,30.3442272441,21.3241518128,0,0,4.43007278442,
G2_D075_DENS_HIGH_V_HIGH_S015,G2_D075_DENS_HIGH_V_HIGH,15,4.44007349014,27.3482503856,21.8318480189,0,0,4.44007349014,
G2_D075_DENS_HIGH_V_HIGH_S015,G2_D075_DENS_HIGH_V_HIGH,15,4.4500451088,21.980959926,17.8624317126,0,0,4.4500451088,
G2_D075_DENS_HIGH_V_HIGH_S015,G2_D075_DENS_HIGH_V_HIGH,15,4.46000671387,20.3514918298,8.90193257081,0,0,4.46000671387,
G2_D075_DENS_HIGH_V_HIGH_S015,G2_D075_DENS_HIGH_V_HIGH,15,4.47006797791,18.5601985244,10.3841349521,0,0,4.47006797791,
G2_D075_DENS_HIGH_V_HIGH_S015,G2_D075_DENS_HIGH_V_HIGH,15,4.48003816605,18.0826143289,9.45039906701,0,0,4.48003816605,
G2_D075_DENS_HIGH_V_HIGH_S015,G2_D075_DENS_HIGH_V_HIGH,15,4.49004364014,19.7767192263,16.89729545,0,0,4.49004364014,
G2_D075_DENS_HIGH_V_HIGH_S015,G2_D075_DENS_HIGH_V_HIGH,15,4.50005912781,19.3232226893,8.46844579733,0,0,4.50005912781,
G2_D075_DENS_HIGH_V_HIGH_S015,G2_D075_DENS_HIGH_V_HIGH,15,4.51004552841,19.0768287326,10.2292934827,0,0,4.51004552841,
G2_D075_DENS_HIGH_V_HIGH_S015,G2_D075_DENS_HIGH_V_HIGH,15,4.5200381279,18.59269929,11.2790221634,0,0,4.5200381279,
G2_D075_DENS_HIGH_V_HIGH_S015,G2_D075_DENS_HIGH_V_HIGH,15,4.53003931046,18.9251408089,9.61189014973,0,0,4.53003931046,
G2_D075_DENS_HIGH_V_HIGH_S015,G2_D075_DENS_HIGH_V_HIGH,15,4.54007530212,22.6667033136,8.04317581363,0,0,4.54007530212,
G2_D075_DENS_HIGH_V_HIGH_S015,G2_D075_DENS_HIGH_V_HIGH,15,4.55000495911,20.3834134484,8.70140524282,0,0,4.55000495911,
G2_D075_DENS_HIGH_V_HIGH_S015,G2_D075_DENS_HIGH_V_HIGH,15,4.5600566864,17.0064108142,10.8217886799,0,0,4.5600566864,
G2_D075_DENS_HIGH_V_HIGH_S015,G2_D075_DENS_HIGH_V_HIGH,15,4.57003355026,18.188119688,11.5317345242,0,0,4.57003355026,
G2_D075_DENS_HIGH_V_HIGH_S015,G2_D075_DENS_HIGH_V_HIGH,15,4.58007287979,18.7128259043,8.57352018027,0,0,4.58007287979,
G2_D075_DENS_HIGH_V_HIGH_S015,G2_D075_DENS_HIGH_V_HIGH,15,4.59005022049,19.2196415577,8.47366714848,0,0,4.59005022049,
G2_D075_DENS_HIGH_V_HIGH_S015,G2_D075_DENS_HIGH_V_HIGH,15,4.60000562668,19.216354566,9.29951172571,0,0,4.60000562668,
G2_D075_DENS_HIGH_V_HIGH_S015,G2_D075_DENS_HIGH_V_HIGH,15,4.61006498337,29.5156754523,36.0961305835,0,0,4.61006498337,
G2_D075_DENS_HIGH_V_HIGH_S015,G2_D075_DENS_HIGH_V_HIGH,15,4.6200838089,17.6185892504,6.9655579952,0,0,4.6200838089,
G2_D075_DENS_HIGH_V_HIGH_S015,G2_D075_DENS_HIGH_V_HIGH,15,4.63002252579,20.1415907752,4.7114737158,0,0,4.63002252579,
G2_D075_DENS_HIGH_V_HIGH_S015,G2_D075_DENS_HIGH_V_HIGH,15,4.64000749588,19.2780359484,8.55275569134,0,0,4.64000749588,
G2_D075_DENS_HIGH_V_HIGH_S015,G2_D075_DENS_HIGH_V_HIGH,15,4.65007591248,16.6651560904,5.06138142698,0,0,4.65007591248,
G2_D075_DENS_HIGH_V_HIGH_S015,G2_D075_DENS_HIGH_V_HIGH,15,4.66008138657,13.0225083828,2.44272638689,0,0,4.66008138657,
G2_D075_DENS_HIGH_V_HIGH_S015,G2_D075_DENS_HIGH_V_HIGH,15,4.67001104355,19.3879899092,3.11486068276,0,0,4.67001104355,
G2_D075_DENS_HIGH_V_HIGH_S015,G2_D075_DENS_HIGH_V_HIGH,15,4.68002891541,20.2485274236,11.5868337707,0,0,4.68002891541,
G2_D075_DENS_HIGH_V_HIGH_S015,G2_D075_DENS_HIGH_V_HIGH,15,4.69001340866,13.4043763534,8.00224112239,0,0,4.69001340866,
G2_D075_DENS_HIGH_V_HIGH_S015,G2_D075_DENS_HIGH_V_HIGH,15,4.70000696182,18.1035321515,4.80405028132,0,0,4.70000696182,
G2_D075_DENS_HIGH_V_HIGH_S015,G2_D075_DENS_HIGH_V_HIGH,15,4.71003007889,19.9676786321,9.35013108804,0,0,4.71003007889,
G2_D075_DENS_HIGH_V_HIGH_S015,G2_D075_DENS_HIGH_V_HIGH,15,4.72003602982,22.8125445036,15.5751683681,0,0,4.72003602982,
G2_D075_DENS_HIGH_V_HIGH_S015,G2_D075_DENS_HIGH_V_HIGH,15,4.73005056381,18.9672306599,12.8072471454,0,0,4.73005056381,
G2_D075_DENS_HIGH_V_HIGH_S015,G2_D075_DENS_HIGH_V_HIGH,15,4.74001789093,35.6303309989,38.9498853336,0,0,4.74001789093,
G2_D075_DENS_HIGH_V_HIGH_S015,G2_D075_DENS_HIGH_V_HIGH,15,4.75000905991,15.0227024982,4.92097539816,0,0,4.75000905991,
G2_D075_DENS_HIGH_V_HIGH_S015,G2_D075_DENS_HIGH_V_HIGH,15,4.76000547409,20.891387396,8.48683254596,0,0,4.76000547409,
G2_D075_DENS_HIGH_V_HIGH_S015,G2_D075_DENS_HIGH_V_HIGH,15,4.77003097534,21.9433639916,11.2144880768,0,0,4.77003097534,
G2_D075_DENS_HIGH_V_HIGH_S015,G2_D075_DENS_HIGH_V_HIGH,15,4.78001356125,19.4662189847,10.3615270619,0,0,4.78001356125,
G2_D075_DENS_HIGH_V_HIGH_S015,G2_D075_DENS_HIGH_V_HIGH,15,4.7900557518,19.2804409564,8.51202744895,0,0,4.7900557518,
G2_D075_DENS_HIGH_V_HIGH_S015,G2_D075_DENS_HIGH_V_HIGH,15,4.80002737045,19.8700658109,9.14232370767,0,0,4.80002737045,
G2_D075_DENS_HIGH_V_HIGH_S015,G2_D075_DENS_HIGH_V_HIGH,15,4.81002521515,19.9350651317,8.21052850627,0,0,4.81002521515,
G2_D075_DENS_HIGH_V_HIGH_S015,G2_D075_DENS_HIGH_V_HIGH,15,4.82004785538,21.0774306826,4.11662404109,0,0,4.82004785538,
G2_D075_DENS_HIGH_V_HIGH_S015,G2_D075_DENS_HIGH_V_HIGH,15,4.83007192612,20.7336736894,9.25098009,0,0,4.83007192612,
G2_D075_DENS_HIGH_V_HIGH_S015,G2_D075_DENS_HIGH_V_HIGH,15,4.84003210068,22.384214342,9.28429120556,0,0,4.84003210068,
G2_D075_DENS_HIGH_V_HIGH_S015,G2_D075_DENS_HIGH_V_HIGH,15,4.85007429123,19.9409980743,11.909503356,0,0,4.85007429123,
G2_D075_DENS_HIGH_V_HIGH_S015,G2_D075_DENS_HIGH_V_HIGH,15,4.8600230217,25.699732327,12.0770041221,0,0,4.8600230217,
G2_D075_DENS_HIGH_V_HIGH_S015,G2_D075_DENS_HIGH_V_HIGH,15,4.87006425858,25.0591977851,16.9854988416,0,0,4.87006425858,
G2_D075_DENS_HIGH_V_HIGH_S015,G2_D075_DENS_HIGH_V_HIGH,15,4.88000822067,18.0638042041,8.68938072185,0,0,4.88000822067,
G2_D075_DENS_HIGH_V_HIGH_S015,G2_D075_DENS_HIGH_V_HIGH,15,4.89006710052,21.9455236358,13.8794872935,0,0,4.89006710052,
G2_D075_DENS_HIGH_V_HIGH_S015,G2_D075_DENS_HIGH_V_HIGH,15,4.90004634857,16.8957848658,8.44229977398,0,0,4.90004634857,
G2_D075_DENS_HIGH_V_HIGH_S015,G2_D075_DENS_HIGH_V_HIGH,15,4.91000652313,19.3342353272,7.70290245485,0,0,4.91000652313,
G2_D075_DENS_HIGH_V_HIGH_S015,G2_D075_DENS_HIGH_V_HIGH,15,4.9200091362,25.9417119446,16.6199095372,0,0,4.9200091362,
G2_D075_DENS_HIGH_V_HIGH_S015,G2_D075_DENS_HIGH_V_HIGH,15,4.93005895615,21.2146841371,9.07778444814,0,0,4.93005895615,
G2_D075_DENS_HIGH_V_HIGH_S015,G2_D075_DENS_HIGH_V_HIGH,15,4.94006872177,22.043978652,13.3608943002,0,0,4.94006872177,
G2_D075_DENS_HIGH_V_HIGH_S015,G2_D075_DENS_HIGH_V_HIGH,15,4.95007371902,21.1123209829,12.7449117449,0,0,4.95007371902,
G2_D075_DENS_HIGH_V_HIGH_S015,G2_D075_DENS_HIGH_V_HIGH,15,4.96001720428,17.8260609816,8.44169349062,0,0,4.96001720428,
G2_D075_DENS_HIGH_V_HIGH_S015,G2_D075_DENS_HIGH_V_HIGH,15,4.97004795074,16.2047849441,7.6442191589,0,0,4.97004795074,
G2_D075_DENS_HIGH_V_HIGH_S015,G2_D075_DENS_HIGH_V_HIGH,15,4.98005867004,22.3442885562,11.4501475957,0,0,4.98005867004,
G2_D075_DENS_HIGH_V_HIGH_S015,G2_D075_DENS_HIGH_V_HIGH,15,4.99006223679,27.1661483944,21.7425156451,0,0,4.99006223679,
G2_D075_DENS_HIGH_V_HIGH_S015,G2_D075_DENS_HIGH_V_HIGH,15,5.00005245209,13.6815612654,3.10528979879,0,0,5.00005245209,
G2_D075_DENS_HIGH_V_HIGH_S015,G2_D075_DENS_HIGH_V_HIGH,15,5.01007127762,28.1653253376,22.5595193321,0,0,5.01007127762,
G2_D075_DENS_HIGH_V_HIGH_S015,G2_D075_DENS_HIGH_V_HIGH,15,5.02005434036,21.7804401711,8.87050707496,0,0,5.02005434036,
G2_D075_DENS_HIGH_V_HIGH_S015,G2_D075_DENS_HIGH_V_HIGH,15,5.03004312515,14.3891641424,7.96502652182,0,0,5.03004312515,
G2_D075_DENS_HIGH_V_HIGH_S015,G2_D075_DENS_HIGH_V_HIGH,15,5.04006099701,14.8717915602,9.04637608781,0,0,5.04006099701,
G2_D075_DENS_HIGH_V_HIGH_S015,G2_D075_DENS_HIGH_V_HIGH,15,5.05001688004,20.9763363469,17.1020461141,0,0,5.05001688004,
G2_D075_DENS_HIGH_V_HIGH_S015,G2_D075_DENS_HIGH_V_HIGH,15,5.06004428864,23.0233385943,17.24681921,0,0,5.06004428864,
G2_D075_DENS_HIGH_V_HIGH_S015,G2_D075_DENS_HIGH_V_HIGH,15,5.07006216049,18.5745710999,7.98852978964,0,0,5.07006216049,
G2_D075_DENS_HIGH_V_HIGH_S015,G2_D075_DENS_HIGH_V_HIGH,15,5.08005046844,21.2394327307,10.5192017382,0,0,5.08005046844,
G2_D075_DENS_HIGH_V_HIGH_S015,G2_D075_DENS_HIGH_V_HIGH,15,5.09003257751,11.3729834481,5.67680873358,0,0,5.09003257751,
G2_D075_DENS_HIGH_V_HIGH_S015,G2_D075_DENS_HIGH_V_HIGH,15,5.10001373291,19.3145642183,17.8813876529,0,0,5.10001373291,
G2_D075_DENS_HIGH_V_HIGH_S015,G2_D075_DENS_HIGH_V_HIGH,15,5.11006736755,20.7274799095,11.5936057579,0,0,5.11006736755,
G2_D075_DENS_HIGH_V_HIGH_S015,G2_D075_DENS_HIGH_V_HIGH,15,5.12000131607,22.0237018701,11.0756889831,0,0,5.12000131607,
G2_D075_DENS_HIGH_V_HIGH_S015,G2_D075_DENS_HIGH_V_HIGH,15,5.13006019592,16.7289042765,4.97327261681,0,0,5.13006019592,
G2_D075_DENS_HIGH_V_HIGH_S015,G2_D075_DENS_HIGH_V_HIGH,15,5.14000034332,18.9488327905,16.3487195465,0,0,5.14000034332,
G2_D075_DENS_HIGH_V_HIGH_S015,G2_D075_DENS_HIGH_V_HIGH,15,5.15007972717,22.6266515301,14.8379749239,0,0,5.15007972717,
G2_D075_DENS_HIGH_V_HIGH_S015,G2_D075_DENS_HIGH_V_HIGH,15,5.16004562378,18.2325902317,7.1491570938,0,0,5.16004562378,
G2_D075_DENS_HIGH_V_HIGH_S015,G2_D075_DENS_HIGH_V_HIGH,15,5.17003679276,20.4738841916,8.6875014789,0,0,5.17003679276,
G2_D075_DENS_HIGH_V_HIGH_S015,G2_D075_DENS_HIGH_V_HIGH,15,5.18006753922,13.3710367085,5.73171422066,0,0,5.18006753922,
G2_D075_DENS_HIGH_V_HIGH_S015,G2_D075_DENS_HIGH_V_HIGH,15,5.19001579285,21.5506005389,11.7827772646,0,0,5.19001579285,
G2_D075_DENS_HIGH_V_HIGH_S015,G2_D075_DENS_HIGH_V_HIGH,15,5.20000648499,24.1239259726,11.8956449993,0,0,5.20000648499,
G2_D075_DENS_HIGH_V_HIGH_S015,G2_D075_DENS_HIGH_V_HIGH,15,5.21000623703,20.6592974898,7.08757200638,0,0,5.21000623703,
G2_D075_DENS_HIGH_V_HIGH_S015,G2_D075_DENS_HIGH_V_HIGH,15,5.22003316879,20.7989891096,13.5498144993,0,0,5.22003316879,
G2_D075_DENS_HIGH_V_HIGH_S015,G2_D075_DENS_HIGH_V_HIGH,15,5.23004341125,21.9130869742,9.59292856104,0,0,5.23004341125,
G2_D075_DENS_HIGH_V_HIGH_S015,G2_D075_DENS_HIGH_V_HIGH,15,5.2400727272,29.9633031507,11.3990013671,0,0,5.2400727272,
G2_D075_DENS_HIGH_V_HIGH_S015,G2_D075_DENS_HIGH_V_HIGH,15,5.25003528595,33.7061632103,11.0395483665,0,0,5.25003528595,
G2_D075_DENS_HIGH_V_HIGH_S015,G2_D075_DENS_HIGH_V_HIGH,15,5.26005649567,29.5127642431,14.5689734025,0,0,5.26005649567,
G2_D075_DENS_HIGH_V_HIGH_S015,G2_D075_DENS_HIGH_V_HIGH,15,5.27003860474,18.5247732866,7.67659122845,0,0,5.27003860474,
G2_D075_DENS_HIGH_V_HIGH_S015,G2_D075_DENS_HIGH_V_HIGH,15,5.28002119064,21.8605636325,7.57373716822,0,0,5.28002119064,
G2_D075_DENS_HIGH_V_HIGH_S015,G2_D075_DENS_HIGH_V_HIGH,15,5.29001331329,21.4753114088,6.630985707,0,0,5.29001331329,
G2_D075_DENS_HIGH_V_HIGH_S015,G2_D075_DENS_HIGH_V_HIGH,15,5.30005645752,24.7315198622,13.2453063184,0,0,5.30005645752,
G2_D075_DENS_HIGH_V_HIGH_S015,G2_D075_DENS_HIGH_V_HIGH,15,5.31006288528,21.0255461711,11.227992872,0,0,5.31006288528,
G2_D075_DENS_HIGH_V_HIGH_S015,G2_D075_DENS_HIGH_V_HIGH,15,5.32005023956,21.4636577302,8.96752467331,0,0,5.32005023956,
G2_D075_DENS_HIGH_V_HIGH_S015,G2_D075_DENS_HIGH_V_HIGH,15,5.33004236221,21.8573584288,10.9217580612,0,0,5.33004236221,
G2_D075_DENS_HIGH_V_HIGH_S015,G2_D075_DENS_HIGH_V_HIGH,15,5.34003829956,21.2477706814,13.2020298606,0,0,5.34003829956,
G2_D075_DENS_HIGH_V_HIGH_S015,G2_D075_DENS_HIGH_V_HIGH,15,5.35001087189,20.4882213994,11.8918453747,0,0,5.35001087189,
G2_D075_DENS_HIGH_V_HIGH_S015,G2_D075_DENS_HIGH_V_HIGH,15,5.36007976532,20.6215070327,5.84840769329,0,0,5.36007976532,
G2_D075_DENS_HIGH_V_HIGH_S015,G2_D075_DENS_HIGH_V_HIGH,15,5.37007808685,19.1021299475,6.14145308715,0,0,5.37007808685,
G2_D075_DENS_HIGH_V_HIGH_S015,G2_D075_DENS_HIGH_V_HIGH,15,5.38000679016,22.7884966338,10.3054880584,0,0,5.38000679016,
G2_D075_DENS_HIGH_V_HIGH_S015,G2_D075_DENS_HIGH_V_HIGH,15,5.39001989365,24.7840277305,12.447257311,0,0,5.39001989365,
G2_D075_DENS_HIGH_V_HIGH_S015,G2_D075_DENS_HIGH_V_HIGH,15,5.40002679825,24.1367755237,15.7329228721,0,0,5.40002679825,
G2_D075_DENS_HIGH_V_HIGH_S015,G2_D075_DENS_HIGH_V_HIGH,15,5.41005373001,23.5827814822,7.13175610298,0,0,5.41005373001,
G2_D075_DENS_HIGH_V_HIGH_S015,G2_D075_DENS_HIGH_V_HIGH,15,5.42006254196,24.1901521128,13.5823557003,0,0,5.42006254196,
G2_D075_DENS_HIGH_V_HIGH_S015,G2_D075_DENS_HIGH_V_HIGH,15,5.43001890182,22.174151922,9.26310688799,0,0,5.43001890182,
G2_D075_DENS_HIGH_V_HIGH_S015,G2_D075_DENS_HIGH_V_HIGH,15,5.44004297256,21.7201138162,9.72884757813,0,0,5.44004297256,
G2_D075_DENS_HIGH_V_HIGH_S015,G2_D075_DENS_HIGH_V_HIGH,15,5.45005607605,19.3875853904,15.0793762096,0,0,5.45005607605,
G2_D075_DENS_HIGH_V_HIGH_S015,G2_D075_DENS_HIGH_V_HIGH,15,5.46006250381,24.705188561,15.1650179304,0,0,5.46006250381,
G2_D075_DENS_HIGH_V_HIGH_S015,G2_D075_DENS_HIGH_V_HIGH,15,5.4700422287,24.3551383161,5.43509391555,0,0,5.4700422287,
G2_D075_DENS_HIGH_V_HIGH_S015,G2_D075_DENS_HIGH_V_HIGH,15,5.48004245758,22.1306783072,6.87873683519,0,0,5.48004245758,
G2_D075_DENS_HIGH_V_HIGH_S015,G2_D075_DENS_HIGH_V_HIGH,15,5.49003648758,24.5240238156,6.90972072414,0,0,5.49003648758,
G2_D075_DENS_HIGH_V_HIGH_S015,G2_D075_DENS_HIGH_V_HIGH,15,5.50007009506,25.4560373728,10.3163039917,0,0,5.50007009506,
G2_D075_DENS_HIGH_V_HIGH_S015,G2_D075_DENS_HIGH_V_HIGH,15,5.51003646851,19.7385485657,6.82003316558,0,0,5.51003646851,
G2_D075_DENS_HIGH_V_HIGH_S015,G2_D075_DENS_HIGH_V_HIGH,15,5.52008199692,21.9870078138,10.9862266613,0,0,5.52008199692,
G2_D075_DENS_HIGH_V_HIGH_S015,G2_D075_DENS_HIGH_V_HIGH,15,5.53002023697,19.6927870986,9.67364454812,0,0,5.53002023697,
G2_D075_DENS_HIGH_V_HIGH_S015,G2_D075_DENS_HIGH_V_HIGH,15,5.54001379013,21.8638285193,11.0707092259,0,0,5.54001379013,
G2_D075_DENS_HIGH_V_HIGH_S015,G2_D075_DENS_HIGH_V_HIGH,15,5.55000162125,24.4055683282,7.22316357326,0,0,5.55000162125,
G2_D075_DENS_HIGH_V_HIGH_S015,G2_D075_DENS_HIGH_V_HIGH,15,5.56007528305,22.4947496605,10.0506864855,0,0,5.56007528305,
G2_D075_DENS_HIGH_V_HIGH_S015,G2_D075_DENS_HIGH_V_HIGH,15,5.57002878189,23.7538420992,12.8365994976,0,0,5.57002878189,
G2_D075_DENS_HIGH_V_HIGH_S015,G2_D075_DENS_HIGH_V_HIGH,15,5.5800743103,23.7473764296,11.1281617089,0,0,5.5800743103,
G2_D075_DENS_HIGH_V_HIGH_S015,G2_D075_DENS_HIGH_V_HIGH,15,5.59003543854,22.3229706357,11.6598963198,0,0,5.59003543854,
G2_D075_DENS_HIGH_V_HIGH_S015,G2_D075_DENS_HIGH_V_HIGH,15,5.60006952286,29.5269356645,9.35037154827,0,0,5.60006952286,
G2_D075_DENS_HIGH_V_HIGH_S015,G2_D075_DENS_HIGH_V_HIGH,15,5.61005210876,21.2813744792,10.4575400553,0,0,5.61005210876,
G2_D075_DENS_HIGH_V_HIGH_S015,G2_D075_DENS_HIGH_V_HIGH,15,5.620054245,22.0252403679,13.6261837007,0,0,5.620054245,
G2_D075_DENS_HIGH_V_HIGH_S015,G2_D075_DENS_HIGH_V_HIGH,15,5.63006210327,29.2178435021,14.5152484541,0,0,5.63006210327,
G2_D075_DENS_HIGH_V_HIGH_S015,G2_D075_DENS_HIGH_V_HIGH,15,5.64006519318,22.1814597865,3.8575414774,0,0,5.64006519318,
G2_D075_DENS_HIGH_V_HIGH_S015,G2_D075_DENS_HIGH_V_HIGH,15,5.65001487732,24.3888548487,7.88803855732,0,0,5.65001487732,
G2_D075_DENS_HIGH_V_HIGH_S015,G2_D075_DENS_HIGH_V_HIGH,15,5.66006612778,25.2258064847,17.455245973,0,0,5.66006612778,
G2_D075_DENS_HIGH_V_HIGH_S015,G2_D075_DENS_HIGH_V_HIGH,15,5.6700668335,23.4814285197,8.70777623018,0,0,5.6700668335,
G2_D075_DENS_HIGH_V_HIGH_S015,G2_D075_DENS_HIGH_V_HIGH,15,5.68005895615,22.5410571175,8.14065557537,0,0,5.68005895615,
G2_D075_DENS_HIGH_V_HIGH_S015,G2_D075_DENS_HIGH_V_HIGH,15,5.6900100708,26.4980468901,3.58811613663,0,0,5.6900100708,
G2_D075_DENS_HIGH_V_HIGH_S015,G2_D075_DENS_HIGH_V_HIGH,15,5.70003986359,25.0297364368,9.05099300813,0,0,5.70003986359,
G2_D075_DENS_HIGH_V_HIGH_S015,G2_D075_DENS_HIGH_V_HIGH,15,5.710064888,34.8899355722,30.5876127651,0,0,5.710064888,
G2_D075_DENS_HIGH_V_HIGH_S015,G2_D075_DENS_HIGH_V_HIGH,15,5.72000169754,30.1435350713,19.1263026441,0,0,5.72000169754,
G2_D075_DENS_HIGH_V_HIGH_S015,G2_D075_DENS_HIGH_V_HIGH,15,5.73000383377,17.0725507455,7.02947514453,0,0,5.73000383377,
G2_D075_DENS_HIGH_V_HIGH_S015,G2_D075_DENS_HIGH_V_HIGH,15,5.7400135994,18.9422411233,8.97559722346,0,0,5.7400135994,
G2_D075_DENS_HIGH_V_HIGH_S015,G2_D075_DENS_HIGH_V_HIGH,15,5.75003910065,21.800626323,10.0366617474,0,0,5.75003910065,
G2_D075_DENS_HIGH_V_HIGH_S015,G2_D075_DENS_HIGH_V_HIGH,15,5.76001167297,27.008540791,15.6078804284,0,0,5.76001167297,
G2_D075_DENS_HIGH_V_HIGH_S015,G2_D075_DENS_HIGH_V_HIGH,15,5.77001047134,20.0508415109,13.7420964596,0,0,5.77001047134,
G2_D075_DENS_HIGH_V_HIGH_S015,G2_D075_DENS_HIGH_V_HIGH,15,5.78004169464,25.1103307316,12.4975229458,0,0,5.78004169464,
G2_D075_DENS_HIGH_V_HIGH_S015,G2_D075_DENS_HIGH_V_HIGH,15,5.79006910324,23.990890124,10.8525076021,0,0,5.79006910324,
G2_D075_DENS_HIGH_V_HIGH_S015,G2_D075_DENS_HIGH_V_HIGH,15,5.80007171631,23.4786963599,9.04225110481,0,0,5.80007171631,
G2_D075_DENS_HIGH_V_HIGH_S015,G2_D075_DENS_HIGH_V_HIGH,15,5.81006622314,24.4764784868,14.6954609964,0,0,5.81006622314,
G2_D075_DENS_HIGH_V_HIGH_S015,G2_D075_DENS_HIGH_V_HIGH,15,5.82006502151,26.9022076052,12.8764683546,0,0,5.82006502151,
G2_D075_DENS_HIGH_V_HIGH_S015,G2_D075_DENS_HIGH_V_HIGH,15,5.83002662659,25.1331142038,9.55940152241,0,0,5.83002662659,
G2_D075_DENS_HIGH_V_HIGH_S015,G2_D075_DENS_HIGH_V_HIGH,15,5.84005498886,19.8661709357,8.7283326442,0,0,5.84005498886,
G2_D075_DENS_HIGH_V_HIGH_S015,G2_D075_DENS_HIGH_V_HIGH,15,5.85007047653,22.8082959508,7.31728412714,0,0,5.85007047653,
G2_D075_DENS_HIGH_V_HIGH_S015,G2_D075_DENS_HIGH_V_HIGH,15,5.8600230217,25.4152185509,13.3025170666,0,0,5.8600230217,
G2_D075_DENS_HIGH_V_HIGH_S015,G2_D075_DENS_HIGH_V_HIGH,15,5.87006521225,24.0982976057,10.9386818081,0,0,5.87006521225,
G2_D075_DENS_HIGH_V_HIGH_S015,G2_D075_DENS_HIGH_V_HIGH,15,5.88003444672,16.4605812002,6.76155153747,0,0,5.88003444672,
G2_D075_DENS_HIGH_V_HIGH_S015,G2_D075_DENS_HIGH_V_HIGH,15,5.89000654221,21.6960128947,12.3327840153,0,0,5.89000654221,
G2_D075_DENS_HIGH_V_HIGH_S015,G2_D075_DENS_HIGH_V_HIGH,15,5.90005397797,19.8491568302,12.3955152485,0,0,5.90005397797,
G2_D075_DENS_HIGH_V_HIGH_S015,G2_D075_DENS_HIGH_V_HIGH,15,5.91003417969,23.0028142381,8.09847893642,0,0,5.91003417969,
G2_D075_DENS_HIGH_V_HIGH_S015,G2_D075_DENS_HIGH_V_HIGH,15,5.92005395889,26.2449374789,9.28778461438,0,0,5.92005395889,
G2_D075_DENS_HIGH_V_HIGH_S015,G2_D075_DENS_HIGH_V_HIGH,15,5.93001937866,23.6585060778,13.0965334111,0,0,5.93001937866,
G2_D075_DENS_HIGH_V_HIGH_S015,G2_D075_DENS_HIGH_V_HIGH,15,5.94008111954,22.2466226833,8.07080340073,0,0,5.94008111954,
G2_D075_DENS_HIGH_V_HIGH_S015,G2_D075_DENS_HIGH_V_HIGH,15,5.95000267029,23.3193866828,12.8601579623,0,0,5.95000267029,
G2_D075_DENS_HIGH_V_HIGH_S015,G2_D075_DENS_HIGH_V_HIGH,15,5.96000385284,26.431648332,17.6549351007,0,0,5.96000385284,
G2_D075_DENS_HIGH_V_HIGH_S015,G2_D075_DENS_HIGH_V_HIGH,15,5.97000980377,27.6908181377,8.73489940406,0,0,5.97000980377,
G2_D075_DENS_HIGH_V_HIGH_S015,G2_D075_DENS_HIGH_V_HIGH,15,5.98002767563,27.1403255049,13.162074001,0,0,5.98002767563,
G2_D075_DENS_HIGH_V_HIGH_S015,G2_D075_DENS_HIGH_V_HIGH,15,5.99004459381,28.9827959665,8.68820149824,0,0,5.99004459381,
G2_D075_DENS_HIGH_V_HIGH_S015,G2_D075_DENS_HIGH_V_HIGH,15,6.00005102158,29.1058691577,14.0344041451,0,0,6.00005102158,
G2_D075_DENS_HIGH_V_HIGH_S015,G2_D075_DENS_HIGH_V_HIGH,15,6.01002502441,17.942284984,5.96825642169,0,0,6.01002502441,
G2_D075_DENS_HIGH_V_HIGH_S015,G2_D075_DENS_HIGH_V_HIGH,15,6.02008008957,24.7093707993,9.74215356748,0,0,6.02008008957,
G2_D075_DENS_HIGH_V_HIGH_S015,G2_D075_DENS_HIGH_V_HIGH,15,6.03003120422,24.2115164534,9.61486116228,0,0,6.03003120422,
G2_D075_DENS_HIGH_V_HIGH_S015,G2_D075_DENS_HIGH_V_HIGH,15,6.04004096985,22.6920995795,8.51093923672,0,0,6.04004096985,
G2_D075_DENS_HIGH_V_HIGH_S015,G2_D075_DENS_HIGH_V_HIGH,15,6.05007791519,25.3991859009,0.353750455553,0,0,6.05007791519,
G2_D075_DENS_HIGH_V_HIGH_S015,G2_D075_DENS_HIGH_V_HIGH,15,6.06008148193,29.7977046429,23.0721090667,0,0,6.06008148193,
G2_D075_DENS_HIGH_V_HIGH_S015,G2_D075_DENS_HIGH_V_HIGH,15,6.07006025314,18.2831981879,7.79693882536,0,0,6.07006025314,
G2_D075_DENS_HIGH_V_HIGH_S015,G2_D075_DENS_HIGH_V_HIGH,15,6.08006668091,25.1447104098,8.49614289399,0,0,6.08006668091,
G2_D075_DENS_HIGH_V_HIGH_S015,G2_D075_DENS_HIGH_V_HIGH,15,6.09007024765,26.497918682,6.4188426178,0,0,6.09007024765,
G2_D075_DENS_HIGH_V_HIGH_S015,G2_D075_DENS_HIGH_V_HIGH,15,6.10004615784,24.9972776703,18.7611200506,0,0,6.10004615784,
G2_D075_DENS_HIGH_V_HIGH_S015,G2_D075_DENS_HIGH_V_HIGH,15,6.110039711,25.3691807731,12.111283569,0,0,6.110039711,
G2_D075_DENS_HIGH_V_HIGH_S015,G2_D075_DENS_HIGH_V_HIGH,15,6.12002372742,24.8239181486,6.1850170353,0,0,6.12002372742,
G2_D075_DENS_HIGH_V_HIGH_S015,G2_D075_DENS_HIGH_V_HIGH,15,6.13004207611,22.6180858995,9.72558515368,0,0,6.13004207611,
G2_D075_DENS_HIGH_V_HIGH_S015,G2_D075_DENS_HIGH_V_HIGH,15,6.14001846313,24.2870332634,10.7230055517,0,0,6.14001846313,
G2_D075_DENS_HIGH_V_HIGH_S015,G2_D075_DENS_HIGH_V_HIGH,15,6.15002441406,26.7903128382,8.35097126186,0,0,6.15002441406,
G2_D075_DENS_HIGH_V_HIGH_S015,G2_D075_DENS_HIGH_V_HIGH,15,6.16005086899,21.9802923594,8.38382916035,0,0,6.16005086899,
G2_D075_DENS_HIGH_V_HIGH_S015,G2_D075_DENS_HIGH_V_HIGH,15,6.17003536224,24.4701189206,18.2521558803,0,0,6.17003536224,
G2_D075_DENS_HIGH_V_HIGH_S015,G2_D075_DENS_HIGH_V_HIGH,15,6.18007421494,21.7165129356,10.7506768701,0,0,6.18007421494,
G2_D075_DENS_HIGH_V_HIGH_S015,G2_D075_DENS_HIGH_V_HIGH,15,6.19001483917,24.8172800612,9.54955575038,0,0,6.19001483917,
G2_D075_DENS_HIGH_V_HIGH_S015,G2_D075_DENS_HIGH_V_HIGH,15,6.20005989075,23.6952686592,9.65890934019,0,0,6.20005989075,
G2_D075_DENS_HIGH_V_HIGH_S015,G2_D075_DENS_HIGH_V_HIGH,15,6.21005010605,12.3471321713,7.86004009693,0,0,6.21005010605,
G2_D075_DENS_HIGH_V_HIGH_S015,G2_D075_DENS_HIGH_V_HIGH,15,6.22004079819,14.8102273335,8.4181715952,0,0,6.22004079819,
G2_D075_DENS_HIGH_V_HIGH_S015,G2_D075_DENS_HIGH_V_HIGH,15,6.23004579544,16.9103121754,7.4066022043,0,0,6.23004579544,
G2_D075_DENS_HIGH_V_HIGH_S015,G2_D075_DENS_HIGH_V_HIGH,15,6.24000740051,25.0912365594,14.3036533703,0,0,6.24000740051,
G2_D075_DENS_HIGH_V_HIGH_S015,G2_D075_DENS_HIGH_V_HIGH,15,6.25005578995,26.3971338142,15.878245433,0,0,6.25005578995,
G2_D075_DENS_HIGH_V_HIGH_S015,G2_D075_DENS_HIGH_V_HIGH,15,6.26008367538,28.1949900506,9.61863886525,0,0,6.26008367538,
G2_D075_DENS_HIGH_V_HIGH_S015,G2_D075_DENS_HIGH_V_HIGH,15,6.27006101608,23.559547071,9.99904155405,0,0,6.27006101608,
G2_D075_DENS_HIGH_V_HIGH_S015,G2_D075_DENS_HIGH_V_HIGH,15,6.28001260757,24.5161522774,11.3851885666,0,0,6.28001260757,
G2_D075_DENS_HIGH_V_HIGH_S015,G2_D075_DENS_HIGH_V_HIGH,15,6.29004764557,23.5169465978,16.6386956594,0,0,6.29004764557,
G2_D075_DENS_HIGH_V_HIGH_S015,G2_D075_DENS_HIGH_V_HIGH,15,6.30005455017,21.1651758974,12.2900634738,0,0,6.30005455017,
G2_D075_DENS_HIGH_V_HIGH_S015,G2_D075_DENS_HIGH_V_HIGH,15,6.31007146835,26.9971590021,10.20158053,0,0,6.31007146835,
G2_D075_DENS_HIGH_V_HIGH_S015,G2_D075_DENS_HIGH_V_HIGH,15,6.32000207901,23.8517467045,8.40236440855,0,0,6.32000207901,
G2_D075_DENS_HIGH_V_HIGH_S015,G2_D075_DENS_HIGH_V_HIGH,15,6.33001899719,24.3935897083,9.8581022786,0,0,6.33001899719,
G2_D075_DENS_HIGH_V_HIGH_S015,G2_D075_DENS_HIGH_V_HIGH,15,6.34008359909,27.6184203225,6.49484914809,0,0,6.34008359909,
G2_D075_DENS_HIGH_V_HIGH_S015,G2_D075_DENS_HIGH_V_HIGH,15,6.35001468658,25.8224297357,7.65699275408,0,0,6.35001468658,
G2_D075_DENS_HIGH_V_HIGH_S015,G2_D075_DENS_HIGH_V_HIGH,15,6.36002016068,23.2044480776,2.04816489542,0,0,6.36002016068,
G2_D075_DENS_HIGH_V_HIGH_S015,G2_D075_DENS_HIGH_V_HIGH,15,6.37001085281,25.1901690404,8.59668499367,0,0,6.37001085281,
G2_D075_DENS_HIGH_V_HIGH_S015,G2_D075_DENS_HIGH_V_HIGH,15,6.38005685806,24.9063581986,7.77522380339,0,0,6.38005685806,
G2_D075_DENS_HIGH_V_HIGH_S015,G2_D075_DENS_HIGH_V_HIGH,15,6.39003229141,26.5412707201,9.66241067659,0,0,6.39003229141,
G2_D075_DENS_HIGH_V_HIGH_S015,G2_D075_DENS_HIGH_V_HIGH,15,6.40006732941,24.6600902395,8.72313542911,0,0,6.40006732941,
G2_D075_DENS_HIGH_V_HIGH_S015,G2_D075_DENS_HIGH_V_HIGH,15,6.41001605988,24.4394550682,12.4581151226,0,0,6.41001605988,
G2_D075_DENS_HIGH_V_HIGH_S015,G2_D075_DENS_HIGH_V_HIGH,15,6.42001628876,18.2389553242,8.27559135656,0,0,6.42001628876,
G2_D075_DENS_HIGH_V_HIGH_S015,G2_D075_DENS_HIGH_V_HIGH,15,6.43001937866,25.3900676489,9.75572185031,0,0,6.43001937866,
G2_D075_DENS_HIGH_V_HIGH_S015,G2_D075_DENS_HIGH_V_HIGH,15,6.44000482559,27.9066123462,9.30278572136,0,0,6.44000482559,
G2_D075_DENS_HIGH_V_HIGH_S015,G2_D075_DENS_HIGH_V_HIGH,15,6.45008230209,25.8152456584,11.078906243,0,0,6.45008230209,
G2_D075_DENS_HIGH_V_HIGH_S015,G2_D075_DENS_HIGH_V_HIGH,15,6.46002817154,27.9804337139,12.5949746768,0,0,6.46002817154,
G2_D075_DENS_HIGH_V_HIGH_S015,G2_D075_DENS_HIGH_V_HIGH,15,6.47001266479,25.7087621596,4.95146017671,0,0,6.47001266479,
G2_D075_DENS_HIGH_V_HIGH_S015,G2_D075_DENS_HIGH_V_HIGH,15,6.48005151749,24.8081463358,5.41560650464,0,0,6.48005151749,
G2_D075_DENS_HIGH_V_HIGH_S015,G2_D075_DENS_HIGH_V_HIGH,15,6.49000406265,25.3582963434,10.4585663314,0,0,6.49000406265,
G2_D075_DENS_HIGH_V_HIGH_S015,G2_D075_DENS_HIGH_V_HIGH,15,6.50001525879,26.9436276791,13.446111194,0,0,6.50001525879,
G2_D075_DENS_HIGH_V_HIGH_S015,G2_D075_DENS_HIGH_V_HIGH,15,6.51002502441,26.300869389,9.93498951641,0,0,6.51002502441,
G2_D075_DENS_HIGH_V_HIGH_S015,G2_D075_DENS_HIGH_V_HIGH,15,6.52006244659,26.7832812844,10.589422377,0,0,6.52006244659,
G2_D075_DENS_HIGH_V_HIGH_S015,G2_D075_DENS_HIGH_V_HIGH,15,6.53001213074,25.542226406,14.1924380216,0,0,6.53001213074,
G2_D075_DENS_HIGH_V_HIGH_S015,G2_D075_DENS_HIGH_V_HIGH,15,6.54005002975,19.2252981896,11.196880223,0,0,6.54005002975,
G2_D075_DENS_HIGH_V_HIGH_S015,G2_D075_DENS_HIGH_V_HIGH,15,6.55005073547,25.0111838335,11.9606683575,0,0,6.55005073547,
G2_D075_DENS_HIGH_V_HIGH_S015,G2_D075_DENS_HIGH_V_HIGH,15,6.56003284454,19.4146328888,9.36287861147,0,0,6.56003284454,
G2_D075_DENS_HIGH_V_HIGH_S015,G2_D075_DENS_HIGH_V_HIGH,15,6.57001304626,28.6449940208,13.4893047348,0,0,6.57001304626,
G2_D075_DENS_HIGH_V_HIGH_S015,G2_D075_DENS_HIGH_V_HIGH,15,6.5800242424,22.1062214976,6.09780015866,0,0,6.5800242424,
G2_D075_DENS_HIGH_V_HIGH_S015,G2_D075_DENS_HIGH_V_HIGH,15,6.59000444412,26.5331958172,10.688588952,0,0,6.59000444412,
G2_D075_DENS_HIGH_V_HIGH_S015,G2_D075_DENS_HIGH_V_HIGH,15,6.60001516342,26.0466016835,11.3471207894,0,0,6.60001516342,
G2_D075_DENS_HIGH_V_HIGH_S015,G2_D075_DENS_HIGH_V_HIGH,15,6.61004400253,24.9962807415,12.4570186879,0,0,6.61004400253,
G2_D075_DENS_HIGH_V_HIGH_S015,G2_D075_DENS_HIGH_V_HIGH,15,6.62000989914,25.7029994243,9.23744993481,0,0,6.62000989914,
G2_D075_DENS_HIGH_V_HIGH_S015,G2_D075_DENS_HIGH_V_HIGH,15,6.6300535202,24.9187568108,8.48561194773,0,0,6.6300535202,
G2_D075_DENS_HIGH_V_HIGH_S015,G2_D075_DENS_HIGH_V_HIGH,15,6.64003801346,26.7876160462,9.16250666535,0,0,6.64003801346,
G2_D075_DENS_HIGH_V_HIGH_S015,G2_D075_DENS_HIGH_V_HIGH,15,6.65004873276,26.2282659987,13.2053050741,0,0,6.65004873276,
G2_D075_DENS_HIGH_V_HIGH_S015,G2_D075_DENS_HIGH_V_HIGH,15,6.66002321243,31.4608914821,20.6727828528,0,0,6.66002321243,
G2_D075_DENS_HIGH_V_HIGH_S015,G2_D075_DENS_HIGH_V_HIGH,15,6.6700592041,34.6162995943,24.0416514908,0,0,6.6700592041,
G2_D075_DENS_HIGH_V_HIGH_S015,G2_D075_DENS_HIGH_V_HIGH,15,6.68006801605,30.0306676909,15.9074602768,0,0,6.68006801605,
G2_D075_DENS_HIGH_V_HIGH_S015,G2_D075_DENS_HIGH_V_HIGH,15,6.69008302689,22.2677217656,10.8331757865,0,0,6.69008302689,
G2_D075_DENS_HIGH_V_HIGH_S015,G2_D075_DENS_HIGH_V_HIGH,15,6.70006799698,25.6007910041,6.92515198799,0,0,6.70006799698,
G2_D075_DENS_HIGH_V_HIGH_S015,G2_D075_DENS_HIGH_V_HIGH,15,6.71007633209,25.6877139183,12.2761223763,0,0,6.71007633209,
G2_D075_DENS_HIGH_V_HIGH_S015,G2_D075_DENS_HIGH_V_HIGH,15,6.72004556656,21.9755177111,7.48986237991,0,0,6.72004556656,
G2_D075_DENS_HIGH_V_HIGH_S015,G2_D075_DENS_HIGH_V_HIGH,15,6.73002195358,27.5915651363,9.78105963821,0,0,6.73002195358,
G2_D075_DENS_HIGH_V_HIGH_S015,G2_D075_DENS_HIGH_V_HIGH,15,6.7400302887,29.1462193568,9.87422560763,0,0,6.7400302887,
G2_D075_DENS_HIGH_V_HIGH_S015,G2_D075_DENS_HIGH_V_HIGH,15,6.75004720688,26.8472903079,14.1785024718,0,0,6.75004720688,
G2_D075_DENS_HIGH_V_HIGH_S015,G2_D075_DENS_HIGH_V_HIGH,15,6.7600402832,25.5375689134,9.6223306461,0,0,6.7600402832,
G2_D075_DENS_HIGH_V_HIGH_S015,G2_D075_DENS_HIGH_V_HIGH,15,6.77002096176,27.5384825418,13.1672085995,0,0,6.77002096176,
G2_D075_DENS_HIGH_V_HIGH_S015,G2_D075_DENS_HIGH_V_HIGH,15,6.78006792068,25.1168803996,11.1075316156,0,0,6.78006792068,
G2_D075_DENS_HIGH_V_HIGH_S015,G2_D075_DENS_HIGH_V_HIGH,15,6.7900633812,28.8662702328,9.06951026244,0,0,6.7900633812,
G2_D075_DENS_HIGH_V_HIGH_S015,G2_D075_DENS_HIGH_V_HIGH,15,6.80002880096,24.5524263415,7.96909597921,0,0,6.80002880096,
G2_D075_DENS_HIGH_V_HIGH_S015,G2_D075_DENS_HIGH_V_HIGH,15,6.81007671356,23.7726312244,4.30153926011,0,0,6.81007671356,
G2_D075_DENS_HIGH_V_HIGH_S015,G2_D075_DENS_HIGH_V_HIGH,15,6.82002592087,17.2382542513,6.22215901041,0,0,6.82002592087,
G2_D075_DENS_HIGH_V_HIGH_S015,G2_D075_DENS_HIGH_V_HIGH,15,6.83003568649,28.1292347438,5.26205223056,0,0,6.83003568649,
G2_D075_DENS_HIGH_V_HIGH_S015,G2_D075_DENS_HIGH_V_HIGH,15,6.84007263184,23.0220697757,8.32543956816,0,0,6.84007263184,
G2_D075_DENS_HIGH_V_HIGH_S015,G2_D075_DENS_HIGH_V_HIGH,15,6.8500623703,28.1540828093,11.5966804411,0,0,6.8500623703,
G2_D075_DENS_HIGH_V_HIGH_S015,G2_D075_DENS_HIGH_V_HIGH,15,6.86007356644,27.2344280755,10.3205675097,0,0,6.86007356644,
G2_D075_DENS_HIGH_V_HIGH_S015,G2_D075_DENS_HIGH_V_HIGH,15,6.87006282806,26.9044623002,7.81810540003,0,0,6.87006282806,
G2_D075_DENS_HIGH_V_HIGH_S015,G2_D075_DENS_HIGH_V_HIGH,15,6.88005113602,27.1488049266,6.87767240278,0,0,6.88005113602,
G2_D075_DENS_HIGH_V_HIGH_S015,G2_D075_DENS_HIGH_V_HIGH,15,6.89000940323,28.5772979078,17.3986941332,0,0,6.89000940323,
G2_D075_DENS_HIGH_V_HIGH_S015,G2_D075_DENS_HIGH_V_HIGH,15,6.90003347397,26.5560632878,11.8415439517,0,0,6.90003347397,
G2_D075_DENS_HIGH_V_HIGH_S015,G2_D075_DENS_HIGH_V_HIGH,15,6.9100651741,26.5070303025,7.59304405333,0,0,6.9100651741,
G2_D075_DENS_HIGH_V_HIGH_S015,G2_D075_DENS_HIGH_V_HIGH,15,6.92005109787,27.9993974675,16.0274300181,0,0,6.92005109787,
G2_D075_DENS_HIGH_V_HIGH_S015,G2_D075_DENS_HIGH_V_HIGH,15,6.93006706238,21.9617375456,8.21575571625,0,0,6.93006706238,
G2_D075_DENS_HIGH_V_HIGH_S015,G2_D075_DENS_HIGH_V_HIGH,15,6.94008350372,22.211040501,7.4469856303,0,0,6.94008350372,
G2_D075_DENS_HIGH_V_HIGH_S015,G2_D075_DENS_HIGH_V_HIGH,15,6.9500246048,19.8823251625,11.4394465325,0,0,6.9500246048,
G2_D075_DENS_HIGH_V_HIGH_S015,G2_D075_DENS_HIGH_V_HIGH,15,6.96004009247,25.2163235027,6.69379712247,0,0,6.96004009247,
G2_D075_DENS_HIGH_V_HIGH_S015,G2_D075_DENS_HIGH_V_HIGH,15,6.97004365921,25.6641479343,12.8744515169,0,0,6.97004365921,
G2_D075_DENS_HIGH_V_HIGH_S015,G2_D075_DENS_HIGH_V_HIGH,15,6.98004007339,25.9527024776,10.1613746136,0,0,6.98004007339,
G2_D075_DENS_HIGH_V_HIGH_S015,G2_D075_DENS_HIGH_V_HIGH,15,6.99001216888,25.3771363098,12.5284785269,0,0,6.99001216888,
G2_D075_DENS_HIGH_V_HIGH_S015,G2_D075_DENS_HIGH_V_HIGH,15,7.00004768372,27.6212519542,6.28190130296,0,0,7.00004768372,
G2_D075_DENS_HIGH_V_HIGH_S015,G2_D075_DENS_HIGH_V_HIGH,15,7.01001834869,26.2770248839,13.7112917717,0,0,7.01001834869,
G2_D075_DENS_HIGH_V_HIGH_S015,G2_D075_DENS_HIGH_V_HIGH,15,7.0200304985,40.0411599337,26.0430526514,0,0,7.0200304985,
G2_D075_DENS_HIGH_V_HIGH_S015,G2_D075_DENS_HIGH_V_HIGH,15,7.03004074097,25.3040156659,8.51728032076,0,0,7.03004074097,
G2_D075_DENS_HIGH_V_HIGH_S015,G2_D075_DENS_HIGH_V_HIGH,15,7.04000854492,27.8035794149,11.6616273009,0,0,7.04000854492,
G2_D075_DENS_HIGH_V_HIGH_S015,G2_D075_DENS_HIGH_V_HIGH,15,7.0500125885,28.4578278077,18.9041425286,0,0,7.0500125885,
G2_D075_DENS_HIGH_V_HIGH_S015,G2_D075_DENS_HIGH_V_HIGH,15,7.06003379822,20.3782431232,4.94865986887,0,0,7.06003379822,
G2_D075_DENS_HIGH_V_HIGH_S015,G2_D075_DENS_HIGH_V_HIGH,15,7.07000350952,29.1011718764,8.67423921751,0,0,7.07000350952,
G2_D075_DENS_HIGH_V_HIGH_S015,G2_D075_DENS_HIGH_V_HIGH,15,7.08002376556,22.6002561249,5.59217824536,0,0,7.08002376556,
G2_D075_DENS_HIGH_V_HIGH_S015,G2_D075_DENS_HIGH_V_HIGH,15,7.09006118774,26.7327252747,13.1760979471,0,0,7.09006118774,
G2_D075_DENS_HIGH_V_HIGH_S015,G2_D075_DENS_HIGH_V_HIGH,15,7.10003376007,26.3160222659,11.6088710561,0,0,7.10003376007,
G2_D075_DENS_HIGH_V_HIGH_S015,G2_D075_DENS_HIGH_V_HIGH,15,7.11001205444,26.8288592813,9.17259862538,0,0,7.11001205444,
G2_D075_DENS_HIGH_V_HIGH_S015,G2_D075_DENS_HIGH_V_HIGH,15,7.12001657486,27.343155217,7.16604202364,0,0,7.12001657486,
G2_D075_DENS_HIGH_V_HIGH_S015,G2_D075_DENS_HIGH_V_HIGH,15,7.13004016876,26.3626325594,12.938655993,0,0,7.13004016876,
G2_D075_DENS_HIGH_V_HIGH_S015,G2_D075_DENS_HIGH_V_HIGH,15,7.14006233215,23.3945254998,12.5084530231,0,0,7.14006233215,
G2_D075_DENS_HIGH_V_HIGH_S015,G2_D075_DENS_HIGH_V_HIGH,15,7.15001773834,27.3501690869,13.9846422304,0,0,7.15001773834,
G2_D075_DENS_HIGH_V_HIGH_S015,G2_D075_DENS_HIGH_V_HIGH,15,7.16001081467,33.1758324141,14.7158506129,0,0,7.16001081467,
G2_D075_DENS_HIGH_V_HIGH_S015,G2_D075_DENS_HIGH_V_HIGH,15,7.17000246048,22.7517871041,4.13289647769,0,0,7.17000246048,
G2_D075_DENS_HIGH_V_HIGH_S015,G2_D075_DENS_HIGH_V_HIGH,15,7.18001508713,25.3961509045,7.18017808937,0,0,7.18001508713,
G2_D075_DENS_HIGH_V_HIGH_S015,G2_D075_DENS_HIGH_V_HIGH,15,7.19004011154,26.9472926638,5.1119609237,0,0,7.19004011154,
G2_D075_DENS_HIGH_V_HIGH_S015,G2_D075_DENS_HIGH_V_HIGH,15,7.20001173019,23.3064619751,10.2123589846,0,0,7.20001173019,
G2_D075_DENS_HIGH_V_HIGH_S015,G2_D075_DENS_HIGH_V_HIGH,15,7.21002101898,34.0303728818,14.1882909312,0,0,7.21002101898,
G2_D075_DENS_HIGH_V_HIGH_S015,G2_D075_DENS_HIGH_V_HIGH,15,7.22000312805,27.8338520114,11.3043094216,0,0,7.22000312805,
G2_D075_DENS_HIGH_V_HIGH_S015,G2_D075_DENS_HIGH_V_HIGH,15,7.23003530502,26.6431276732,15.6803637827,0,0,7.23003530502,
G2_D075_DENS_HIGH_V_HIGH_S015,G2_D075_DENS_HIGH_V_HIGH,15,7.24007463455,27.3388270867,10.0506020198,0,0,7.24007463455,
G2_D075_DENS_HIGH_V_HIGH_S015,G2_D075_DENS_HIGH_V_HIGH,15,7.25000858307,27.6663900644,14.6532091537,0,0,7.25000858307,
G2_D075_DENS_HIGH_V_HIGH_S015,G2_D075_DENS_HIGH_V_HIGH,15,7.26008462906,25.0596840919,9.0453420011,0,0,7.26008462906,
G2_D075_DENS_HIGH_V_HIGH_S015,G2_D075_DENS_HIGH_V_HIGH,15,7.27001047134,39.4137490432,15.5970613343,0,0,7.27001047134,
G2_D075_DENS_HIGH_V_HIGH_S015,G2_D075_DENS_HIGH_V_HIGH,15,7.28005695343,23.5790634458,5.90065506034,0,0,7.28005695343,
G2_D075_DENS_HIGH_V_HIGH_S015,G2_D075_DENS_HIGH_V_HIGH,15,7.29006624222,27.6254054561,8.82592418429,0,0,7.29006624222,
G2_D075_DENS_HIGH_V_HIGH_S015,G2_D075_DENS_HIGH_V_HIGH,15,7.30005025864,24.2786245772,8.98590605568,0,0,7.30005025864,
G2_D075_DENS_HIGH_V_HIGH_S015,G2_D075_DENS_HIGH_V_HIGH,15,7.31002664566,33.4821194706,18.4690439216,0,0,7.31002664566,
G2_D075_DENS_HIGH_V_HIGH_S015,G2_D075_DENS_HIGH_V_HIGH,15,7.32001399994,25.8413537005,12.2448599374,0,0,7.32001399994,
G2_D075_DENS_HIGH_V_HIGH_S015,G2_D075_DENS_HIGH_V_HIGH,15,7.33002138138,29.2514450895,15.0368111576,0,0,7.33002138138,
G2_D075_DENS_HIGH_V_HIGH_S015,G2_D075_DENS_HIGH_V_HIGH,15,7.3400182724,28.834998497,10.374441186,0,0,7.3400182724,
G2_D075_DENS_HIGH_V_HIGH_S015,G2_D075_DENS_HIGH_V_HIGH,15,7.35005998611,27.6307526201,8.53533683543,0,0,7.35005998611,
G2_D075_DENS_HIGH_V_HIGH_S015,G2_D075_DENS_HIGH_V_HIGH,15,7.36005210876,27.9634196084,7.36470876747,0,0,7.36005210876,
G2_D075_DENS_HIGH_V_HIGH_S015,G2_D075_DENS_HIGH_V_HIGH,15,7.37000131607,27.5443226441,15.6342595372,0,0,7.37000131607,
G2_D075_DENS_HIGH_V_HIGH_S015,G2_D075_DENS_HIGH_V_HIGH,15,7.38003396988,24.0389902846,12.9170736437,0,0,7.38003396988,
G2_D075_DENS_HIGH_V_HIGH_S015,G2_D075_DENS_HIGH_V_HIGH,15,7.39006328583,26.4350104802,9.17959836115,0,0,7.39006328583,
G2_D075_DENS_HIGH_V_HIGH_S015,G2_D075_DENS_HIGH_V_HIGH,15,7.40005970001,20.9141200271,7.3605049306,0,0,7.40005970001,
G2_D075_DENS_HIGH_V_HIGH_S015,G2_D075_DENS_HIGH_V_HIGH,15,7.41005420685,28.813545737,10.24742728,0,0,7.41005420685,
G2_D075_DENS_HIGH_V_HIGH_S015,G2_D075_DENS_HIGH_V_HIGH,15,7.42001628876,25.7207518319,4.03567792738,0,0,7.42001628876,
G2_D075_DENS_HIGH_V_HIGH_S015,G2_D075_DENS_HIGH_V_HIGH,15,7.43004560471,18.8495178956,7.45422091641,0,0,7.43004560471,
G2_D075_DENS_HIGH_V_HIGH_S015,G2_D075_DENS_HIGH_V_HIGH,15,7.44007825851,29.665782879,12.2290337529,0,0,7.44007825851,
G2_D075_DENS_HIGH_V_HIGH_S015,G2_D075_DENS_HIGH_V_HIGH,15,7.45001220703,27.183080712,12.5749681675,0,0,7.45001220703,
G2_D075_DENS_HIGH_V_HIGH_S015,G2_D075_DENS_HIGH_V_HIGH,15,7.46005153656,26.504085936,10.5193675925,0,0,7.46005153656,
G2_D075_DENS_HIGH_V_HIGH_S015,G2_D075_DENS_HIGH_V_HIGH,15,7.47005558014,29.0912622707,10.4313504796,0,0,7.47005558014,
G2_D075_DENS_HIGH_V_HIGH_S015,G2_D075_DENS_HIGH_V_HIGH,15,7.48006677628,30.3075353983,8.70220959858,0,0,7.48006677628,
G2_D075_DENS_HIGH_V_HIGH_S015,G2_D075_DENS_HIGH_V_HIGH,15,7.49002838135,27.830825857,15.6706634298,0,0,7.49002838135,
G2_D075_DENS_HIGH_V_HIGH_S015,G2_D075_DENS_HIGH_V_HIGH,15,7.50002717972,21.7773057029,9.30267978154,0,0,7.50002717972,
G2_D075_DENS_HIGH_V_HIGH_S015,G2_D075_DENS_HIGH_V_HIGH,15,7.5100607872,27.3072083047,11.1487717406,0,0,7.5100607872,
G2_D075_DENS_HIGH_V_HIGH_S015,G2_D075_DENS_HIGH_V_HIGH,15,7.52005147934,29.4283900184,18.5537816406,0,0,7.52005147934,
G2_D075_DENS_HIGH_V_HIGH_S015,G2_D075_DENS_HIGH_V_HIGH,15,7.53006839752,33.172465845,18.0567620289,0,0,7.53006839752,
G2_D075_DENS_HIGH_V_HIGH_S015,G2_D075_DENS_HIGH_V_HIGH,15,7.54001426697,30.2254446049,14.5275159093,0,0,7.54001426697,
G2_D075_DENS_HIGH_V_HIGH_S015,G2_D075_DENS_HIGH_V_HIGH,15,7.55004644394,29.0668629337,10.9721049275,0,0,7.55004644394,
G2_D075_DENS_HIGH_V_HIGH_S015,G2_D075_DENS_HIGH_V_HIGH,15,7.56001472473,30.5027101996,4.26207214337,0,0,7.56001472473,
G2_D075_DENS_HIGH_V_HIGH_S015,G2_D075_DENS_HIGH_V_HIGH,15,7.57004976273,29.1652693193,11.4383128915,0,0,7.57004976273,
G2_D075_DENS_HIGH_V_HIGH_S015,G2_D075_DENS_HIGH_V_HIGH,15,7.58004760742,27.0896965491,9.89764250882,0,0,7.58004760742,
G2_D075_DENS_HIGH_V_HIGH_S015,G2_D075_DENS_HIGH_V_HIGH,15,7.59006261826,28.2692159372,9.08732666561,0,0,7.59006261826,
G2_D075_DENS_HIGH_V_HIGH_S015,G2_D075_DENS_HIGH_V_HIGH,15,7.60004472733,26.6334634313,9.21871933238,0,0,7.60004472733,
G2_D075_DENS_HIGH_V_HIGH_S015,G2_D075_DENS_HIGH_V_HIGH,15,7.61002874374,27.9062586685,14.7685053166,0,0,7.61002874374,
G2_D075_DENS_HIGH_V_HIGH_S015,G2_D075_DENS_HIGH_V_HIGH,15,7.62004470825,24.7073459947,11.1326317778,0,0,7.62004470825,
G2_D075_DENS_HIGH_V_HIGH_S015,G2_D075_DENS_HIGH_V_HIGH,15,7.63003587723,35.2949804814,20.0691263617,0,0,7.63003587723,
G2_D075_DENS_HIGH_V_HIGH_S015,G2_D075_DENS_HIGH_V_HIGH,15,7.64000272751,31.3211313372,9.73017747912,0,0,7.64000272751,
G2_D075_DENS_HIGH_V_HIGH_S015,G2_D075_DENS_HIGH_V_HIGH,15,7.6500658989,28.1075255675,8.71293056255,0,0,7.6500658989,
G2_D075_DENS_HIGH_V_HIGH_S015,G2_D075_DENS_HIGH_V_HIGH,15,7.66003990173,30.3507503863,11.1957205047,0,0,7.66003990173,
G2_D075_DENS_HIGH_V_HIGH_S015,G2_D075_DENS_HIGH_V_HIGH,15,7.67002439499,25.0999303982,7.42147185932,0,0,7.67002439499,
G2_D075_DENS_HIGH_V_HIGH_S015,G2_D075_DENS_HIGH_V_HIGH,15,7.68002319336,29.9331278156,8.32887279469,0,0,7.68002319336,
G2_D075_DENS_HIGH_V_HIGH_S015,G2_D075_DENS_HIGH_V_HIGH,15,7.69004154205,28.6950128826,15.1526959821,0,0,7.69004154205,
G2_D075_DENS_HIGH_V_HIGH_S015,G2_D075_DENS_HIGH_V_HIGH,15,7.70003557205,30.86458212,10.9355137181,0,0,7.70003557205,
G2_D075_DENS_HIGH_V_HIGH_S015,G2_D075_DENS_HIGH_V_HIGH,15,7.7100353241,27.924557066,8.77421857725,0,0,7.7100353241,
G2_D075_DENS_HIGH_V_HIGH_S015,G2_D075_DENS_HIGH_V_HIGH,15,7.72003793716,29.0363582363,10.6360102692,0,0,7.72003793716,
G2_D075_DENS_HIGH_V_HIGH_S015,G2_D075_DENS_HIGH_V_HIGH,15,7.73003673553,28.8517340814,14.0131115576,0,0,7.73003673553,
G2_D075_DENS_HIGH_V_HIGH_S015,G2_D075_DENS_HIGH_V_HIGH,15,7.74004125595,25.6331038785,5.22651379249,0,0,7.74004125595,
G2_D075_DENS_HIGH_V_HIGH_S015,G2_D075_DENS_HIGH_V_HIGH,15,7.75000047684,29.4675708707,6.33312821179,0,0,7.75000047684,
G2_D075_DENS_HIGH_V_HIGH_S015,G2_D075_DENS_HIGH_V_HIGH,15,7.76006364822,33.2144540136,20.2167735152,0,0,7.76006364822,
G2_D075_DENS_HIGH_V_HIGH_S015,G2_D075_DENS_HIGH_V_HIGH,15,7.77001857758,22.0230166197,6.7908301063,0,0,7.77001857758,
G2_D075_DENS_HIGH_V_HIGH_S015,G2_D075_DENS_HIGH_V_HIGH,15,7.78003835678,30.8144726283,4.90825932895,0,0,7.78003835678,
G2_D075_DENS_HIGH_V_HIGH_S015,G2_D075_DENS_HIGH_V_HIGH,15,7.7900018692,28.4514704519,13.5942503518,0,0,7.7900018692,
G2_D075_DENS_HIGH_V_HIGH_S015,G2_D075_DENS_HIGH_V_HIGH,15,7.80000686646,29.744151215,14.1735456722,0,0,7.80000686646,
G2_D075_DENS_HIGH_V_HIGH_S015,G2_D075_DENS_HIGH_V_HIGH,15,7.81000852585,27.0496049768,11.2252259848,0,0,7.81000852585,
G2_D075_DENS_HIGH_V_HIGH_S015,G2_D075_DENS_HIGH_V_HIGH,15,7.82003879547,27.220871169,13.2730520361,0,0,7.82003879547,
G2_D075_DENS_HIGH_V_HIGH_S015,G2_D075_DENS_HIGH_V_HIGH,15,7.8300037384,31.0867071585,15.7318387937,0,0,7.8300037384,
G2_D075_DENS_HIGH_V_HIGH_S015,G2_D075_DENS_HIGH_V_HIGH,15,7.84002542496,28.8215476938,9.27082410666,0,0,7.84002542496,
G2_D075_DENS_HIGH_V_HIGH_S015,G2_D075_DENS_HIGH_V_HIGH,15,7.85002660751,27.9700599063,15.6870756531,0,0,7.85002660751,
G2_D075_DENS_HIGH_V_HIGH_S015,G2_D075_DENS_HIGH_V_HIGH,15,7.86007833481,24.7527206269,7.18639587015,0,0,7.86007833481,
G2_D075_DENS_HIGH_V_HIGH_S015,G2_D075_DENS_HIGH_V_HIGH,15,7.86999988556,32.6300547465,10.0363434866,0,0,7.86999988556,
G2_D075_DENS_HIGH_V_HIGH_S015,G2_D075_DENS_HIGH_V_HIGH,15,7.88000154495,31.7297174439,14.461936406,0,0,7.88000154495,
G2_D075_DENS_HIGH_V_HIGH_S015,G2_D075_DENS_HIGH_V_HIGH,15,7.89007568359,26.2768148878,8.29512872872,0,0,7.89007568359,
G2_D075_DENS_HIGH_V_HIGH_S015,G2_D075_DENS_HIGH_V_HIGH,15,7.90003538132,26.7253245698,13.5251691423,0,0,7.90003538132,
G2_D075_DENS_HIGH_V_HIGH_S015,G2_D075_DENS_HIGH_V_HIGH,15,7.91003513336,29.5022865427,8.37414169069,0,0,7.91003513336,
G2_D075_DENS_HIGH_V_HIGH_S015,G2_D075_DENS_HIGH_V_HIGH,15,7.92005252838,27.3509869664,11.3630887153,0,0,7.92005252838,
G2_D075_DENS_HIGH_V_HIGH_S015,G2_D075_DENS_HIGH_V_HIGH,15,7.93002128601,23.5942472695,8.99060426777,0,0,7.93002128601,
G2_D075_DENS_HIGH_V_HIGH_S015,G2_D075_DENS_HIGH_V_HIGH,15,7.94006299973,29.5437972465,12.1249827442,0,0,7.94006299973,
G2_D075_DENS_HIGH_V_HIGH_S015,G2_D075_DENS_HIGH_V_HIGH,15,7.95004701614,27.604416898,9.5843473244,0,0,7.95004701614,
G2_D075_DENS_HIGH_V_HIGH_S015,G2_D075_DENS_HIGH_V_HIGH,15,7.96004390717,30.4079002738,8.63503462524,0,0,7.96004390717,
G2_D075_DENS_HIGH_V_HIGH_S015,G2_D075_DENS_HIGH_V_HIGH,15,7.97003269196,28.9992618717,14.7091175573,0,0,7.97003269196,
G2_D075_DENS_HIGH_V_HIGH_S015,G2_D075_DENS_HIGH_V_HIGH,15,7.98003292084,26.0331442489,9.71687387855,0,0,7.98003292084,
G2_D075_DENS_HIGH_V_HIGH_S015,G2_D075_DENS_HIGH_V_HIGH,15,7.99003362656,20.4656169765,7.41963068121,0,0,7.99003362656,
G2_D075_DENS_HIGH_V_HIGH_S015,G2_D075_DENS_HIGH_V_HIGH,15,8.00000667572,26.7657587673,9.02844533674,0,0,8.00000667572,
G2_D075_DENS_HIGH_V_HIGH_S015,G2_D075_DENS_HIGH_V_HIGH,15,8.01005458832,27.1341693033,5.88588519202,0,0,8.01005458832,
G2_D075_DENS_HIGH_V_HIGH_S015,G2_D075_DENS_HIGH_V_HIGH,15,8.02006530762,29.6803588192,13.6929946151,0,0,8.02006530762,
G2_D075_DENS_HIGH_V_HIGH_S015,G2_D075_DENS_HIGH_V_HIGH,15,8.03000831604,27.7491749502,5.49097359668,0,0,8.03000831604,
G2_D075_DENS_HIGH_V_HIGH_S015,G2_D075_DENS_HIGH_V_HIGH,15,8.04003715515,25.3547153572,11.5048603421,0,0,8.04003715515,
G2_D075_DENS_HIGH_V_HIGH_S015,G2_D075_DENS_HIGH_V_HIGH,15,8.05006599426,29.9298142981,14.9776615094,0,0,8.05006599426,
G2_D075_DENS_HIGH_V_HIGH_S015,G2_D075_DENS_HIGH_V_HIGH,15,8.06004333496,28.065583819,11.4194699361,0,0,8.06004333496,
G2_D075_DENS_HIGH_V_HIGH_S015,G2_D075_DENS_HIGH_V_HIGH,15,8.07001304626,30.4547780359,11.6064054274,0,0,8.07001304626,
G2_D075_DENS_HIGH_V_HIGH_S015,G2_D075_DENS_HIGH_V_HIGH,15,8.0800113678,27.9060553039,7.93948447672,0,0,8.0800113678,
G2_D075_DENS_HIGH_V_HIGH_S015,G2_D075_DENS_HIGH_V_HIGH,15,8.09001731873,28.8731558946,13.8350624787,0,0,8.09001731873,
G2_D075_DENS_HIGH_V_HIGH_S015,G2_D075_DENS_HIGH_V_HIGH,15,8.10005664825,29.2133982161,10.1539781545,0,0,8.10005664825,
G2_D075_DENS_HIGH_V_HIGH_S015,G2_D075_DENS_HIGH_V_HIGH,15,8.11004924774,39.3331856952,25.7657438525,0,0,8.11004924774,
G2_D075_DENS_HIGH_V_HIGH_S015,G2_D075_DENS_HIGH_V_HIGH,15,8.1200799942,31.5099487828,12.6363701893,0,0,8.1200799942,
G2_D075_DENS_HIGH_V_HIGH_S015,G2_D075_DENS_HIGH_V_HIGH,15,8.1300239563,37.7098627482,12.6425314195,0,0,8.1300239563,
G2_D075_DENS_HIGH_V_HIGH_S015,G2_D075_DENS_HIGH_V_HIGH,15,8.14007472992,27.1222017358,5.41201096957,0,0,8.14007472992,
G2_D075_DENS_HIGH_V_HIGH_S015,G2_D075_DENS_HIGH_V_HIGH,15,8.15003395081,28.0392149396,8.75168801613,0,0,8.15003395081,
G2_D075_DENS_HIGH_V_HIGH_S015,G2_D075_DENS_HIGH_V_HIGH,15,8.16006088257,29.6050763206,6.1759302114,0,0,8.16006088257,
G2_D075_DENS_HIGH_V_HIGH_S015,G2_D075_DENS_HIGH_V_HIGH,15,8.17004299164,29.5541953695,11.6145970246,0,0,8.17004299164,
G2_D075_DENS_HIGH_V_HIGH_S015,G2_D075_DENS_HIGH_V_HIGH,15,8.18002033234,29.5078039141,10.3421114298,0,0,8.18002033234,
G2_D075_DENS_HIGH_V_HIGH_S015,G2_D075_DENS_HIGH_V_HIGH,15,8.19002342224,30.6226356597,10.6538450435,0,0,8.19002342224,
G2_D075_DENS_HIGH_V_HIGH_S015,G2_D075_DENS_HIGH_V_HIGH,15,8.2000246048,29.9878262749,12.1730983425,0,0,8.2000246048,
G2_D075_DENS_HIGH_V_HIGH_S015,G2_D075_DENS_HIGH_V_HIGH,15,8.21001815796,28.0469427963,13.2989999919,0,0,8.21001815796,
G2_D075_DENS_HIGH_V_HIGH_S015,G2_D075_DENS_HIGH_V_HIGH,15,8.22007083893,39.4286344513,19.9890939032,0,0,8.22007083893,
G2_D075_DENS_HIGH_V_HIGH_S015,G2_D075_DENS_HIGH_V_HIGH,15,8.23002338409,26.0608173146,9.19298189011,0,0,8.23002338409,
G2_D075_DENS_HIGH_V_HIGH_S015,G2_D075_DENS_HIGH_V_HIGH,15,8.24004745483,27.297449012,7.45790470615,0,0,8.24004745483,
G2_D075_DENS_HIGH_V_HIGH_S015,G2_D075_DENS_HIGH_V_HIGH,15,8.25001811981,27.6475478876,9.99907777293,0,0,8.25001811981,
G2_D075_DENS_HIGH_V_HIGH_S015,G2_D075_DENS_HIGH_V_HIGH,15,8.2600479126,33.8763904744,9.8376858718,0,0,8.2600479126,
G2_D075_DENS_HIGH_V_HIGH_S015,G2_D075_DENS_HIGH_V_HIGH,15,8.27003955841,28.0266527515,7.77904274297,0,0,8.27003955841,
G2_D075_DENS_HIGH_V_HIGH_S015,G2_D075_DENS_HIGH_V_HIGH,15,8.28003501892,33.5771614975,15.4301115167,0,0,8.28003501892,
G2_D075_DENS_HIGH_V_HIGH_S015,G2_D075_DENS_HIGH_V_HIGH,15,8.29002094269,30.1247724719,12.1868834733,0,0,8.29002094269,
G2_D075_DENS_HIGH_V_HIGH_S015,G2_D075_DENS_HIGH_V_HIGH,15,8.30002117157,28.2886991548,16.0656941321,0,0,8.30002117157,
G2_D075_DENS_HIGH_V_HIGH_S015,G2_D075_DENS_HIGH_V_HIGH,15,8.31002426147,30.7140060705,14.3631282109,0,0,8.31002426147,
G2_D075_DENS_HIGH_V_HIGH_S015,G2_D075_DENS_HIGH_V_HIGH,15,8.3200340271,28.8510046212,7.13219991712,0,0,8.3200340271,
G2_D075_DENS_HIGH_V_HIGH_S015,G2_D075_DENS_HIGH_V_HIGH,15,8.33000850677,29.9857948388,13.9488874174,0,0,8.33000850677,
G2_D075_DENS_HIGH_V_HIGH_S015,G2_D075_DENS_HIGH_V_HIGH,15,8.34002494812,28.6358006123,13.709693772,0,0,8.34002494812,
G2_D075_DENS_HIGH_V_HIGH_S015,G2_D075_DENS_HIGH_V_HIGH,15,8.3500585556,35.7437598426,17.5063501528,0,0,8.3500585556,
G2_D075_DENS_HIGH_V_HIGH_S015,G2_D075_DENS_HIGH_V_HIGH,15,8.36006069183,38.2990499266,16.0696326824,0,0,8.36006069183,
G2_D075_DENS_HIGH_V_HIGH_S015,G2_D075_DENS_HIGH_V_HIGH,15,8.37001514435,30.0399937284,8.75807127738,0,0,8.37001514435,
G2_D075_DENS_HIGH_V_HIGH_S015,G2_D075_DENS_HIGH_V_HIGH,15,8.38002586365,27.4004112077,5.66295419874,0,0,8.38002586365,
G2_D075_DENS_HIGH_V_HIGH_S015,G2_D075_DENS_HIGH_V_HIGH,15,8.39002037048,27.226136545,12.9618584678,0,0,8.39002037048,
G2_D075_DENS_HIGH_V_HIGH_S015,G2_D075_DENS_HIGH_V_HIGH,15,8.40006160736,22.3754652411,9.94973838815,0,0,8.40006160736,
G2_D075_DENS_HIGH_V_HIGH_S015,G2_D075_DENS_HIGH_V_HIGH,15,8.41000556946,36.6338736506,10.2249126665,0,0,8.41000556946,
G2_D075_DENS_HIGH_V_HIGH_S015,G2_D075_DENS_HIGH_V_HIGH,15,8.42004871368,39.5784434625,15.1536377011,0,0,8.42004871368,
G2_D075_DENS_HIGH_V_HIGH_S015,G2_D075_DENS_HIGH_V_HIGH,15,8.43002414703,28.8629854516,9.08709180333,0,0,8.43002414703,
G2_D075_DENS_HIGH_V_HIGH_S015,G2_D075_DENS_HIGH_V_HIGH,15,8.44003772736,29.2929602143,12.2321423998,0,0,8.44003772736,
G2_D075_DENS_HIGH_V_HIGH_S015,G2_D075_DENS_HIGH_V_HIGH,15,8.45001125336,29.0934970714,16.9718557133,0,0,8.45001125336,
G2_D075_DENS_HIGH_V_HIGH_S015,G2_D075_DENS_HIGH_V_HIGH,15,8.46007537842,25.9843345225,6.33441263524,0,0,8.46007537842,
G2_D075_DENS_HIGH_V_HIGH_S015,G2_D075_DENS_HIGH_V_HIGH,15,8.4700012207,29.1295876652,8.69474577859,0,0,8.4700012207,
G2_D075_DENS_HIGH_V_HIGH_S015,G2_D075_DENS_HIGH_V_HIGH,15,8.48003959656,20.4868641614,9.28385218825,0,0,8.48003959656,
G2_D075_DENS_HIGH_V_HIGH_S015,G2_D075_DENS_HIGH_V_HIGH,15,8.49001121521,26.8030430232,6.03726945345,0,0,8.49001121521,
G2_D075_DENS_HIGH_V_HIGH_S015,G2_D075_DENS_HIGH_V_HIGH,15,8.50002479553,28.2758540246,8.35549128412,0,0,8.50002479553,
G2_D075_DENS_HIGH_V_HIGH_S015,G2_D075_DENS_HIGH_V_HIGH,15,8.51002025604,31.2998686789,13.2231293374,0,0,8.51002025604,
G2_D075_DENS_HIGH_V_HIGH_S015,G2_D075_DENS_HIGH_V_HIGH,15,8.52002048492,31.1379241033,12.5948113739,0,0,8.52002048492,
G2_D075_DENS_HIGH_V_HIGH_S015,G2_D075_DENS_HIGH_V_HIGH,15,8.53006744385,25.827281751,4.46808152964,0,0,8.53006744385,
G2_D075_DENS_HIGH_V_HIGH_S015,G2_D075_DENS_HIGH_V_HIGH,15,8.54002761841,34.9999359532,15.2186377832,0,0,8.54002761841,
G2_D075_DENS_HIGH_V_HIGH_S015,G2_D075_DENS_HIGH_V_HIGH,15,8.5500087738,32.2849581992,13.6824416958,0,0,8.5500087738,
G2_D075_DENS_HIGH_V_HIGH_S015,G2_D075_DENS_HIGH_V_HIGH,15,8.56003665924,30.4615155952,8.13300925907,0,0,8.56003665924,
G2_D075_DENS_HIGH_V_HIGH_S015,G2_D075_DENS_HIGH_V_HIGH,15,8.57003307343,31.0714282839,12.6550153908,0,0,8.57003307343,
G2_D075_DENS_HIGH_V_HIGH_S015,G2_D075_DENS_HIGH_V_HIGH,15,8.58006286621,26.8931821936,2.18945161353,0,0,8.58006286621,
G2_D075_DENS_HIGH_V_HIGH_S015,G2_D075_DENS_HIGH_V_HIGH,15,8.59006404877,34.1621023335,9.66374292731,0,0,8.59006404877,
G2_D075_DENS_HIGH_V_HIGH_S015,G2_D075_DENS_HIGH_V_HIGH,15,8.60001277924,26.8063344358,7.39086732222,0,0,8.60001277924,
G2_D075_DENS_HIGH_V_HIGH_S015,G2_D075_DENS_HIGH_V_HIGH,15,8.61004829407,30.0883038851,8.38035407609,0,0,8.61004829407,
G2_D075_DENS_HIGH_V_HIGH_S015,G2_D075_DENS_HIGH_V_HIGH,15,8.62000370026,28.074843542,3.72795055975,0,0,8.62000370026,
G2_D075_DENS_HIGH_V_HIGH_S015,G2_D075_DENS_HIGH_V_HIGH,15,8.63004589081,30.9152641275,8.75073754437,0,0,8.63004589081,
G2_D075_DENS_HIGH_V_HIGH_S015,G2_D075_DENS_HIGH_V_HIGH,15,8.64000511169,32.9171105807,11.1627756187,0,0,8.64000511169,
G2_D075_DENS_HIGH_V_HIGH_S015,G2_D075_DENS_HIGH_V_HIGH,15,8.6500120163,31.0261862809,11.6324646918,0,0,8.6500120163,
G2_D075_DENS_HIGH_V_HIGH_S015,G2_D075_DENS_HIGH_V_HIGH,15,8.66000747681,27.9926090671,9.83352933136,0,0,8.66000747681,
G2_D075_DENS_HIGH_V_HIGH_S015,G2_D075_DENS_HIGH_V_HIGH,15,8.67000579834,33.4951348082,9.37179985553,0,0,8.67000579834,
G2_D075_DENS_HIGH_V_HIGH_S015,G2_D075_DENS_HIGH_V_HIGH,15,8.68002128601,31.4436629595,7.58167109974,0,0,8.68002128601,
G2_D075_DENS_HIGH_V_HIGH_S015,G2_D075_DENS_HIGH_V_HIGH,15,8.69000053406,28.8982935337,12.670097186,0,0,8.69000053406,
G2_D075_DENS_HIGH_V_HIGH_S015,G2_D075_DENS_HIGH_V_HIGH,15,8.70004177094,23.2712577859,7.88654142811,0,0,8.70004177094,
G2_D075_DENS_HIGH_V_HIGH_S015,G2_D075_DENS_HIGH_V_HIGH,15,8.71001338959,33.3754701854,16.4309194981,0,0,8.71001338959,
G2_D075_DENS_HIGH_V_HIGH_S015,G2_D075_DENS_HIGH_V_HIGH,15,8.72005176544,36.3969582549,12.9064902034,0,0,8.72005176544,
G2_D075_DENS_HIGH_V_HIGH_S015,G2_D075_DENS_HIGH_V_HIGH,15,8.73008155823,32.8005185325,8.18629163938,0,0,8.73008155823,
G2_D075_DENS_HIGH_V_HIGH_S015,G2_D075_DENS_HIGH_V_HIGH,15,8.74007225037,41.5356160074,11.9129032625,0,0,8.74007225037,
G2_D075_DENS_HIGH_V_HIGH_S015,G2_D075_DENS_HIGH_V_HIGH,15,8.7500038147,34.5956403985,12.577720135,0,0,8.7500038147,
G2_D075_DENS_HIGH_V_HIGH_S015,G2_D075_DENS_HIGH_V_HIGH,15,8.76000499725,25.8117398287,6.80669673662,0,0,8.76000499725,
G2_D075_DENS_HIGH_V_HIGH_S015,G2_D075_DENS_HIGH_V_HIGH,15,8.77002811432,33.5061408146,13.8287737713,0,0,8.77002811432,
G2_D075_DENS_HIGH_V_HIGH_S015,G2_D075_DENS_HIGH_V_HIGH,15,8.78001022339,29.2209801808,10.8924505405,0,0,8.78001022339,
G2_D075_DENS_HIGH_V_HIGH_S015,G2_D075_DENS_HIGH_V_HIGH,15,8.79005813599,22.5282871438,10.1097590292,0,0,8.79005813599,
G2_D075_DENS_HIGH_V_HIGH_S015,G2_D075_DENS_HIGH_V_HIGH,15,8.8000459671,31.5048867714,9.09631765528,0,0,8.8000459671,
G2_D075_DENS_HIGH_V_HIGH_S015,G2_D075_DENS_HIGH_V_HIGH,15,8.81000995636,30.9369224626,13.3481569878,0,0,8.81000995636,
G2_D075_DENS_HIGH_V_HIGH_S015,G2_D075_DENS_HIGH_V_HIGH,15,8.8200674057,41.6764990788,23.8739856258,0,0,8.8200674057,
G2_D075_DENS_HIGH_V_HIGH_S015,G2_D075_DENS_HIGH_V_HIGH,15,8.83001613617,24.2153803817,8.63488001356,0,0,8.83001613617,
G2_D075_DENS_HIGH_V_HIGH_S015,G2_D075_DENS_HIGH_V_HIGH,15,8.84005832672,24.1650608939,8.28808947225,0,0,8.84005832672,
G2_D075_DENS_HIGH_V_HIGH_S015,G2_D075_DENS_HIGH_V_HIGH,15,8.85006332397,28.1427164938,3.34475581724,0,0,8.85006332397,
G2_D075_DENS_HIGH_V_HIGH_S015,G2_D075_DENS_HIGH_V_HIGH,15,8.8600769043,29.9261294191,10.8538232758,0,0,8.8600769043,
G2_D075_DENS_HIGH_V_HIGH_S015,G2_D075_DENS_HIGH_V_HIGH,15,8.87004184723,29.3267563244,13.4598336683,0,0,8.87004184723,
G2_D075_DENS_HIGH_V_HIGH_S015,G2_D075_DENS_HIGH_V_HIGH,15,8.88007926941,29.2072641194,8.63476247473,0,0,8.88007926941,
G2_D075_DENS_HIGH_V_HIGH_S015,G2_D075_DENS_HIGH_V_HIGH,15,8.89003562927,29.1966781052,11.4626181797,0,0,8.89003562927,
G2_D075_DENS_HIGH_V_HIGH_S015,G2_D075_DENS_HIGH_V_HIGH,15,8.90002536774,32.80360437,15.2900873163,0,0,8.90002536774,
G2_D075_DENS_HIGH_V_HIGH_S015,G2_D075_DENS_HIGH_V_HIGH,15,8.91000175476,30.2822164994,11.7911184873,0,0,8.91000175476,
G2_D075_DENS_HIGH_V_HIGH_S015,G2_D075_DENS_HIGH_V_HIGH,15,8.92003059387,30.5911892956,9.0604658545,0,0,8.92003059387,
G2_D075_DENS_HIGH_V_HIGH_S015,G2_D075_DENS_HIGH_V_HIGH,15,8.93001651764,27.5675703182,9.01909034603,0,0,8.93001651764,
G2_D075_DENS_HIGH_V_HIGH_S015,G2_D075_DENS_HIGH_V_HIGH,15,8.94004821777,26.8470316811,6.78407985576,0,0,8.94004821777,
G2_D075_DENS_HIGH_V_HIGH_S015,G2_D075_DENS_HIGH_V_HIGH,15,8.95003795624,29.9517224181,9.11842239177,0,0,8.95003795624,
G2_D075_DENS_HIGH_V_HIGH_S015,G2_D075_DENS_HIGH_V_HIGH,15,8.960064888,27.9154343931,7.35667698327,0,0,8.960064888,
G2_D075_DENS_HIGH_V_HIGH_S015,G2_D075_DENS_HIGH_V_HIGH,15,8.97005176544,30.4613719137,9.73193944319,0,0,8.97005176544,
G2_D075_DENS_HIGH_V_HIGH_S015,G2_D075_DENS_HIGH_V_HIGH,15,8.98000144958,26.3107944681,9.45512664224,0,0,8.98000144958,
G2_D075_DENS_HIGH_V_HIGH_S015,G2_D075_DENS_HIGH_V_HIGH,15,8.99003791809,31.31995978,13.5919291878,0,0,8.99003791809,
G2_D075_DENS_HIGH_V_HIGH_S015,G2_D075_DENS_HIGH_V_HIGH,15,9,22.778153773,6.53441047576,0,0,9,
