run_id,scenario_id,S,z_m,qb_MPa,qs_kPa,ALLKE,ALLIE,time_s,walltime_h
G2_D075_DENS_LOW_V_HIGH_S007,G2_D075_DENS_LOW_V_HIGH,7,0,0,0,0,0,0,
G2_D075_DENS_LOW_V_HIGH_S007,G2_D075_DENS_LOW_V_HIGH,7,0.0100054033101,0,0,0,0,0.0100054033101,
G2_D075_DENS_LOW_V_HIGH_S007,G2_D075_DENS_LOW_V_HIGH,7,0.0200289599597,0,0,0,0,0.0200289599597,
G2_D075_DENS_LOW_V_HIGH_S007,G2_D075_DENS_LOW_V_HIGH,7,0.0300398971885,0.97696964783,82.1275306564,0,0,0.0300398971885,
G2_D075_DENS_LOW_V_HIGH_S007,G2_D075_DENS_LOW_V_HIGH,7,0.0400507561862,0,0,0,0,0.0400507561862,
G2_D075_DENS_LOW_V_HIGH_S007,G2_D075_DENS_LOW_V_HIGH,7,0.0500028058887,0.910701646555,16.2391070496,0,0,0.0500028058887,
G2_D075_DENS_LOW_V_HIGH_S007,G2_D075_DENS_LOW_V_HIGH,7,0.0600136630237,0,0,0,0,0.0600136630237,
G2_D075_DENS_LOW_V_HIGH_S007,G2_D075_DENS_LOW_V_HIGH,7,0.0700246021152,0.753843604945,9.77926441527,0,0,0.0700246021152,
G2_D075_DENS_LOW_V_HIGH_S007,G2_D075_DENS_LOW_V_HIGH,7,0.0800354629755,0,0,0,0,0.0800354629755,
G2_D075_DENS_LOW_V_HIGH_S007,G2_D075_DENS_LOW_V_HIGH,7,0.0900463983417,0.377612371902,1.2440733356,0,0,0.0900463983417,
G2_D075_DENS_LOW_V_HIGH_S007,G2_D075_DENS_LOW_V_HIGH,7,0.100057266653,0,0,0,0,0.100057266653,
G2_D075_DENS_LOW_V_HIGH_S007,G2_D075_DENS_LOW_V_HIGH,7,0.110009305179,0.379253622714,0.000209401807133,0,0,0.110009305179,
G2_D075_DENS_LOW_V_HIGH_S007,G2_D075_DENS_LOW_V_HIGH,7,0.120020188391,0.334094581932,0.000276186762285,0,0,0.120020188391,
G2_D075_DENS_LOW_V_HIGH_S007,G2_D075_DENS_LOW_V_HIGH,7,0.130031093955,0.23355093343,0.000223533258761,0,0,0.130031093955,
G2_D075_DENS_LOW_V_HIGH_S007,G2_D075_DENS_LOW_V_HIGH,7,0.140041992068,0.347700015464,14.6511763495,0,0,0.140041992068,
G2_D075_DENS_LOW_V_HIGH_S007,G2_D075_DENS_LOW_V_HIGH,7,0.150052890182,0.0336239685241,4.05669411921e-05,0,0,0.150052890182,
G2_D075_DENS_LOW_V_HIGH_S007,G2_D075_DENS_LOW_V_HIGH,7,0.160004898906,0.431120622973,6.30263222979,0,0,0.160004898906,
G2_D075_DENS_LOW_V_HIGH_S007,G2_D075_DENS_LOW_V_HIGH,7,0.170015767217,0.00999580706493,1.2761297439e-07,0,0,0.170015767217,
G2_D075_DENS_LOW_V_HIGH_S007,G2_D075_DENS_LOW_V_HIGH,7,0.180026650429,0.640018186315,20.2545192403,0,0,0.180026650429,
G2_D075_DENS_LOW_V_HIGH_S007,G2_D075_DENS_LOW_V_HIGH,7,0.190037533641,0,0,0,0,0.190037533641,
G2_D075_DENS_LOW_V_HIGH_S007,G2_D075_DENS_LOW_V_HIGH,7,0.200048461556,0.494125360754,15.1765768928,0,0,0.200048461556,
G2_D075_DENS_LOW_V_HIGH_S007,G2_D075_DENS_LOW_V_HIGH,7,0.210000455379,0,0,0,0,0.210000455379,
G2_D075_DENS_LOW_V_HIGH_S007,G2_D075_DENS_LOW_V_HIGH,7,0.220011368394,1.66383630741,12.5880559993,0,0,0.220011368394,
G2_D075_DENS_LOW_V_HIGH_S007,G2_D075_DENS_LOW_V_HIGH,7,0.23001652956,0,0,0,0,0.23001652956,
G2_D075_DENS_LOW_V_HIGH_S007,G2_D075_DENS_LOW_V_HIGH,7,0.240027457476,0.90587588079,11.0408279553,0,0,0.240027457476,
G2_D075_DENS_LOW_V_HIGH_S007,G2_D075_DENS_LOW_V_HIGH,7,0.250038266182,0,0,0,0,0.250038266182,
G2_D075_DENS_LOW_V_HIGH_S007,G2_D075_DENS_LOW_V_HIGH,7,0.260049194098,1.11296278034,4.86240897115,0,0,0.260049194098,
G2_D075_DENS_LOW_V_HIGH_S007,G2_D075_DENS_LOW_V_HIGH,7,0.270001143217,0,0,0,0,0.270001143217,
G2_D075_DENS_LOW_V_HIGH_S007,G2_D075_DENS_LOW_V_HIGH,7,0.280012071133,1.28405033766,0.770178499231,0,0,0.280012071133,
G2_D075_DENS_LOW_V_HIGH_S007,G2_D075_DENS_LOW_V_HIGH,7,0.290022879839,0,0,0,0,0.290022879839,
G2_D075_DENS_LOW_V_HIGH_S007,G2_D075_DENS_LOW_V_HIGH,7,0.300033807755,1.49763157401,0.91819429513,0,0,0.300033807755,
G2_D075_DENS_LOW_V_HIGH_S007,G2_D075_DENS_LOW_V_HIGH,7,0.310044616461,0,0,0,0,0.310044616461,
G2_D075_DENS_LOW_V_HIGH_S007,G2_D075_DENS_LOW_V_HIGH,7,0.320055544376,1.25742614722,1.70226973359,0,0,0.320055544376,
G2_D075_DENS_LOW_V_HIGH_S007,G2_D075_DENS_LOW_V_HIGH,7,0.330007493496,0.133413703377,4.28576667672e-05,0,0,0.330007493496,
G2_D075_DENS_LOW_V_HIGH_S007,G2_D075_DENS_LOW_V_HIGH,7,0.340018421412,1.16833516132,3.91231561818,0,0,0.340018421412,
G2_D075_DENS_LOW_V_HIGH_S007,G2_D075_DENS_LOW_V_HIGH,7,0.35002925992,0.150644177411,0.101644566495,0,0,0.35002925992,
G2_D075_DENS_LOW_V_HIGH_S007,G2_D075_DENS_LOW_V_HIGH,7,0.360040158033,1.10309531203,7.90291102478,0,0,0.360040158033,
G2_D075_DENS_LOW_V_HIGH_S007,G2_D075_DENS_LOW_V_HIGH,7,0.370050996542,0.255811349541,2.36185526016,0,0,0.370050996542,
G2_D075_DENS_LOW_V_HIGH_S007,G2_D075_DENS_LOW_V_HIGH,7,0.380003035069,0.872598820305,2.87570396015,0,0,0.380003035069,
G2_D075_DENS_LOW_V_HIGH_S007,G2_D075_DENS_LOW_V_HIGH,7,0.390013873577,0.339142536011,2.59070120746,0,0,0.390013873577,
G2_D075_DENS_LOW_V_HIGH_S007,G2_D075_DENS_LOW_V_HIGH,7,0.40002477169,0.708307192872,1.97488469907,0,0,0.40002477169,
G2_D075_DENS_LOW_V_HIGH_S007,G2_D075_DENS_LOW_V_HIGH,7,0.410035640001,0.601662259496,4.88715587629,0,0,0.410035640001,
G2_D075_DENS_LOW_V_HIGH_S007,G2_D075_DENS_LOW_V_HIGH,7,0.420046538115,0.644100883625,0.98115739672,0,0,0.420046538115,
G2_D075_DENS_LOW_V_HIGH_S007,G2_D075_DENS_LOW_V_HIGH,7,0.430057406425,0.69866602299,2.83415013712,0,0,0.430057406425,
G2_D075_DENS_LOW_V_HIGH_S007,G2_D075_DENS_LOW_V_HIGH,7,0.44000941515,0.473652571029,0.147762044701,0,0,0.44000941515,
G2_D075_DENS_LOW_V_HIGH_S007,G2_D075_DENS_LOW_V_HIGH,7,0.450020283461,0.934294639927,4.78644288648,0,0,0.450020283461,
G2_D075_DENS_LOW_V_HIGH_S007,G2_D075_DENS_LOW_V_HIGH,7,0.460031181574,0.375766720276,0.335279095687,0,0,0.460031181574,
G2_D075_DENS_LOW_V_HIGH_S007,G2_D075_DENS_LOW_V_HIGH,7,0.470042049885,1.25635544339,4.92422852653,0,0,0.470042049885,
G2_D075_DENS_LOW_V_HIGH_S007,G2_D075_DENS_LOW_V_HIGH,7,0.480052947998,0.375857073863,0.0398905087265,0,0,0.480052947998,
G2_D075_DENS_LOW_V_HIGH_S007,G2_D075_DENS_LOW_V_HIGH,7,0.490004956722,1.08286474314,3.19612386985,0,0,0.490004956722,
G2_D075_DENS_LOW_V_HIGH_S007,G2_D075_DENS_LOW_V_HIGH,7,0.500015795231,0.348479177001,0.615743908054,0,0,0.500015795231,
G2_D075_DENS_LOW_V_HIGH_S007,G2_D075_DENS_LOW_V_HIGH,7,0.510026752949,1.30244779252,3.61529842264,0,0,0.510026752949,
G2_D075_DENS_LOW_V_HIGH_S007,G2_D075_DENS_LOW_V_HIGH,7,0.520037591457,0.380348434647,0.687505405748,0,0,0.520037591457,
G2_D075_DENS_LOW_V_HIGH_S007,G2_D075_DENS_LOW_V_HIGH,7,0.530048489571,1.39222748275,3.69434396434,0,0,0.530048489571,
G2_D075_DENS_LOW_V_HIGH_S007,G2_D075_DENS_LOW_V_HIGH,7,0.540000498295,0.405537502036,0.412745046206,0,0,0.540000498295,
G2_D075_DENS_LOW_V_HIGH_S007,G2_D075_DENS_LOW_V_HIGH,7,0.550011396408,1.55020050698,4.73762865262,0,0,0.550011396408,
G2_D075_DENS_LOW_V_HIGH_S007,G2_D075_DENS_LOW_V_HIGH,7,0.560022234917,0.535781300386,0.88973829464,0,0,0.560022234917,
G2_D075_DENS_LOW_V_HIGH_S007,G2_D075_DENS_LOW_V_HIGH,7,0.570033192635,1.71260196223,3.52242176191,0,0,0.570033192635,
G2_D075_DENS_LOW_V_HIGH_S007,G2_D075_DENS_LOW_V_HIGH,7,0.580044031143,0.560326356693,0.804795659387,0,0,0.580044031143,
G2_D075_DENS_LOW_V_HIGH_S007,G2_D075_DENS_LOW_V_HIGH,7,0.590054929256,1.67603763376,2.06075705476,0,0,0.590054929256,
G2_D075_DENS_LOW_V_HIGH_S007,G2_D075_DENS_LOW_V_HIGH,7,0.600006937981,0.509444196721,1.51008643262,0,0,0.600006937981,
G2_D075_DENS_LOW_V_HIGH_S007,G2_D075_DENS_LOW_V_HIGH,7,0.610017836094,1.37486412056,4.18695920561,0,0,0.610017836094,
G2_D075_DENS_LOW_V_HIGH_S007,G2_D075_DENS_LOW_V_HIGH,7,0.620028674603,0.787726752873,2.3195880059,0,0,0.620028674603,
G2_D075_DENS_LOW_V_HIGH_S007,G2_D075_DENS_LOW_V_HIGH,7,0.63003963232,1.47617798504,5.00744541399,0,0,0.63003963232,
G2_D075_DENS_LOW_V_HIGH_S007,G2_D075_DENS_LOW_V_HIGH,7,0.640050470829,0.980050442668,2.4583954892,0,0,0.640050470829,
G2_D075_DENS_LOW_V_HIGH_S007,G2_D075_DENS_LOW_V_HIGH,7,0.650002479553,1.37986396204,4.16362011025,0,0,0.650002479553,
G2_D075_DENS_LOW_V_HIGH_S007,G2_D075_DENS_LOW_V_HIGH,7,0.660013377666,1.0328833214,3.07192010477,0,0,0.660013377666,
G2_D075_DENS_LOW_V_HIGH_S007,G2_D075_DENS_LOW_V_HIGH,7,0.67002427578,1.46260325653,3.20772512467,0,0,0.67002427578,
G2_D075_DENS_LOW_V_HIGH_S007,G2_D075_DENS_LOW_V_HIGH,7,0.680035173893,1.26157591894,3.88731105738,0,0,0.680035173893,
G2_D075_DENS_LOW_V_HIGH_S007,G2_D075_DENS_LOW_V_HIGH,7,0.690046072006,1.25586112361,4.18288989565,0,0,0.690046072006,
G2_D075_DENS_LOW_V_HIGH_S007,G2_D075_DENS_LOW_V_HIGH,7,0.700056970119,1.35275042541,3.34150615431,0,0,0.700056970119,
G2_D075_DENS_LOW_V_HIGH_S007,G2_D075_DENS_LOW_V_HIGH,7,0.710008978844,1.06916857609,2.51267232527,0,0,0.710008978844,
G2_D075_DENS_LOW_V_HIGH_S007,G2_D075_DENS_LOW_V_HIGH,7,0.720019817352,1.39380452587,3.18951667385,0,0,0.720019817352,
G2_D075_DENS_LOW_V_HIGH_S007,G2_D075_DENS_LOW_V_HIGH,7,0.730030715466,1.19950963579,2.83380228123,0,0,0.730030715466,
G2_D075_DENS_LOW_V_HIGH_S007,G2_D075_DENS_LOW_V_HIGH,7,0.740041613579,1.52129495752,3.93111521656,0,0,0.740041613579,
G2_D075_DENS_LOW_V_HIGH_S007,G2_D075_DENS_LOW_V_HIGH,7,0.750052511692,1.15167314467,2.15193704012,0,0,0.750052511692,
G2_D075_DENS_LOW_V_HIGH_S007,G2_D075_DENS_LOW_V_HIGH,7,0.760004520416,1.61553858471,3.98995788985,0,0,0.760004520416,
G2_D075_DENS_LOW_V_HIGH_S007,G2_D075_DENS_LOW_V_HIGH,7,0.77001541853,1.35806401766,3.21339937583,0,0,0.77001541853,
G2_D075_DENS_LOW_V_HIGH_S007,G2_D075_DENS_LOW_V_HIGH,7,0.780026316643,1.73297407125,4.51496465134,0,0,0.780026316643,
G2_D075_DENS_LOW_V_HIGH_S007,G2_D075_DENS_LOW_V_HIGH,7,0.790037214756,1.34642622691,3.5244108882,0,0,0.790037214756,
G2_D075_DENS_LOW_V_HIGH_S007,G2_D075_DENS_LOW_V_HIGH,7,0.800048112869,1.65948330919,4.46172172646,0,0,0.800048112869,
G2_D075_DENS_LOW_V_HIGH_S007,G2_D075_DENS_LOW_V_HIGH,7,0.810000121593,1.19114792245,3.52840661259,0,0,0.810000121593,
G2_D075_DENS_LOW_V_HIGH_S007,G2_D075_DENS_LOW_V_HIGH,7,0.820011019707,1.87217745015,4.92112576222,0,0,0.820011019707,
G2_D075_DENS_LOW_V_HIGH_S007,G2_D075_DENS_LOW_V_HIGH,7,0.830021858215,1.33864531858,3.28682478978,0,0,0.830021858215,
G2_D075_DENS_LOW_V_HIGH_S007,G2_D075_DENS_LOW_V_HIGH,7,0.840032756329,1.41954148277,3.13493409846,0,0,0.840032756329,
G2_D075_DENS_LOW_V_HIGH_S007,G2_D075_DENS_LOW_V_HIGH,7,0.850043654442,1.44888374123,3.35448760045,0,0,0.850043654442,
G2_D075_DENS_LOW_V_HIGH_S007,G2_D075_DENS_LOW_V_HIGH,7,0.860054552555,1.83462171902,5.1049141932,0,0,0.860054552555,
G2_D075_DENS_LOW_V_HIGH_S007,G2_D075_DENS_LOW_V_HIGH,7,0.870006561279,1.33064128939,2.79693491638,0,0,0.870006561279,
G2_D075_DENS_LOW_V_HIGH_S007,G2_D075_DENS_LOW_V_HIGH,7,0.880017459393,1.9251902762,3.86110154414,0,0,0.880017459393,
G2_D075_DENS_LOW_V_HIGH_S007,G2_D075_DENS_LOW_V_HIGH,7,0.890028357506,1.43633343451,3.74266046787,0,0,0.890028357506,
G2_D075_DENS_LOW_V_HIGH_S007,G2_D075_DENS_LOW_V_HIGH,7,0.900039255619,1.87920320143,4.47331592825,0,0,0.900039255619,
G2_D075_DENS_LOW_V_HIGH_S007,G2_D075_DENS_LOW_V_HIGH,7,0.910050153732,1.64243922397,4.08355443979,0,0,0.910050153732,
G2_D075_DENS_LOW_V_HIGH_S007,G2_D075_DENS_LOW_V_HIGH,7,0.920002162457,1.80642269594,3.4960536957,0,0,0.920002162457,
G2_D075_DENS_LOW_V_HIGH_S007,G2_D075_DENS_LOW_V_HIGH,7,0.93001306057,1.67485212285,4.79708626431,0,0,0.93001306057,
G2_D075_DENS_LOW_V_HIGH_S007,G2_D075_DENS_LOW_V_HIGH,7,0.940023958683,1.78572481664,3.78549425746,0,0,0.940023958683,
G2_D075_DENS_LOW_V_HIGH_S007,G2_D075_DENS_LOW_V_HIGH,7,0.950034797192,1.88919597664,4.46802350024,0,0,0.950034797192,
G2_D075_DENS_LOW_V_HIGH_S007,G2_D075_DENS_LOW_V_HIGH,7,0.960045695305,2.14026068888,4.3517562447,0,0,0.960045695305,
G2_D075_DENS_LOW_V_HIGH_S007,G2_D075_DENS_LOW_V_HIGH,7,0.970056593418,1.75451400731,5.3527254476,0,0,0.970056593418,
G2_D075_DENS_LOW_V_HIGH_S007,G2_D075_DENS_LOW_V_HIGH,7,0.980008602142,1.79321048702,4.49788221581,0,0,0.980008602142,
G2_D075_DENS_LOW_V_HIGH_S007,G2_D075_DENS_LOW_V_HIGH,7,0.990019500256,1.82252967354,3.58403736538,0,0,0.990019500256,
G2_D075_DENS_LOW_V_HIGH_S007,G2_D075_DENS_LOW_V_HIGH,7,1.00003039837,1.82362441639,3.37565089061,0,0,1.00003039837,
G2_D075_DENS_LOW_V_HIGH_S007,G2_D075_DENS_LOW_V_HIGH,7,1.01004123688,1.91512745624,4.26554793002,0,0,1.01004123688,
G2_D075_DENS_LOW_V_HIGH_S007,G2_D075_DENS_LOW_V_HIGH,7,1.0200521946,1.84059196356,3.8348971469,0,0,1.0200521946,
G2_D075_DENS_LOW_V_HIGH_S007,G2_D075_DENS_LOW_V_HIGH,7,1.03000414371,2.02320554396,4.15368888262,0,0,1.03000414371,
G2_D075_DENS_LOW_V_HIGH_S007,G2_D075_DENS_LOW_V_HIGH,7,1.04001510143,1.9625664054,4.54990044785,0,0,1.04001510143,
G2_D075_DENS_LOW_V_HIGH_S007,G2_D075_DENS_LOW_V_HIGH,7,1.05002593994,1.92967217334,4.64742286404,0,0,1.05002593994,
G2_D075_DENS_LOW_V_HIGH_S007,G2_D075_DENS_LOW_V_HIGH,7,1.06003689766,1.68261355128,4.30361510846,0,0,1.06003689766,
G2_D075_DENS_LOW_V_HIGH_S007,G2_D075_DENS_LOW_V_HIGH,7,1.07004773617,2.19029778722,3.38745701938,0,0,1.07004773617,
G2_D075_DENS_LOW_V_HIGH_S007,G2_D075_DENS_LOW_V_HIGH,7,1.08005857468,1.7720638792,4.02653247881,0,0,1.08005857468,
G2_D075_DENS_LOW_V_HIGH_S007,G2_D075_DENS_LOW_V_HIGH,7,1.09001064301,1.5777801797,4.62475794781,0,0,1.09001064301,
G2_D075_DENS_LOW_V_HIGH_S007,G2_D075_DENS_LOW_V_HIGH,7,1.10002148151,1.8055202653,3.6101509516,0,0,1.10002148151,
G2_D075_DENS_LOW_V_HIGH_S007,G2_D075_DENS_LOW_V_HIGH,7,1.11003243923,2.1495506679,4.73820364391,0,0,1.11003243923,
G2_D075_DENS_LOW_V_HIGH_S007,G2_D075_DENS_LOW_V_HIGH,7,1.12004327774,1.95310110726,4.28123384891,0,0,1.12004327774,
G2_D075_DENS_LOW_V_HIGH_S007,G2_D075_DENS_LOW_V_HIGH,7,1.13005423546,2.22781248622,4.53078792486,0,0,1.13005423546,
G2_D075_DENS_LOW_V_HIGH_S007,G2_D075_DENS_LOW_V_HIGH,7,1.14000618458,1.84621737239,4.28903338669,0,0,1.14000618458,
G2_D075_DENS_LOW_V_HIGH_S007,G2_D075_DENS_LOW_V_HIGH,7,1.15001702309,2.12564247314,3.84088394427,0,0,1.15001702309,
G2_D075_DENS_LOW_V_HIGH_S007,G2_D075_DENS_LOW_V_HIGH,7,1.1600279808,2.12634982844,4.49548369277,0,0,1.1600279808,
G2_D075_DENS_LOW_V_HIGH_S007,G2_D075_DENS_LOW_V_HIGH,7,1.17003881931,2.16675943428,4.28762486169,0,0,1.17003881931,
G2_D075_DENS_LOW_V_HIGH_S007,G2_D075_DENS_LOW_V_HIGH,7,1.18004977703,1.90549941112,4.486107107,0,0,1.18004977703,
G2_D075_DENS_LOW_V_HIGH_S007,G2_D075_DENS_LOW_V_HIGH,7,1.19000172615,2.20570556068,4.67832373929,0,0,1.19000172615,
G2_D075_DENS_LOW_V_HIGH_S007,G2_D075_DENS_LOW_V_HIGH,7,1.20001256466,1.8769754467,4.41936371221,0,0,1.20001256466,
G2_D075_DENS_LOW_V_HIGH_S007,G2_D075_DENS_LOW_V_HIGH,7,1.21002352238,2.00052209622,4.46483566991,0,0,1.21002352238,
G2_D075_DENS_LOW_V_HIGH_S007,G2_D075_DENS_LOW_V_HIGH,7,1.22003436089,1.99014290055,4.26301180137,0,0,1.22003436089,
G2_D075_DENS_LOW_V_HIGH_S007,G2_D075_DENS_LOW_V_HIGH,7,1.2300453186,2.10278771279,5.30716739543,0,0,1.2300453186,
G2_D075_DENS_LOW_V_HIGH_S007,G2_D075_DENS_LOW_V_HIGH,7,1.24005615711,2.06559173814,4.53308999748,0,0,1.24005615711,
G2_D075_DENS_LOW_V_HIGH_S007,G2_D075_DENS_LOW_V_HIGH,7,1.25000822544,2.16093370022,4.98501882947,0,0,1.25000822544,
G2_D075_DENS_LOW_V_HIGH_S007,G2_D075_DENS_LOW_V_HIGH,7,1.26001906395,2.03085575735,3.95192958134,0,0,1.26001906395,
G2_D075_DENS_LOW_V_HIGH_S007,G2_D075_DENS_LOW_V_HIGH,7,1.27002990246,2.14417987935,4.48550083499,0,0,1.27002990246,
G2_D075_DENS_LOW_V_HIGH_S007,G2_D075_DENS_LOW_V_HIGH,7,1.28004086018,2.47660924052,4.56511381948,0,0,1.28004086018,
G2_D075_DENS_LOW_V_HIGH_S007,G2_D075_DENS_LOW_V_HIGH,7,1.29005169868,2.4274328499,5.13463246798,0,0,1.29005169868,
G2_D075_DENS_LOW_V_HIGH_S007,G2_D075_DENS_LOW_V_HIGH,7,1.3000036478,2.47189151223,5.65919040296,0,0,1.3000036478,
G2_D075_DENS_LOW_V_HIGH_S007,G2_D075_DENS_LOW_V_HIGH,7,1.31001460552,2.46365855965,4.31241834726,0,0,1.31001460552,
G2_D075_DENS_LOW_V_HIGH_S007,G2_D075_DENS_LOW_V_HIGH,7,1.32002544403,2.32883774421,4.3868630002,0,0,1.32002544403,
G2_D075_DENS_LOW_V_HIGH_S007,G2_D075_DENS_LOW_V_HIGH,7,1.33003640175,2.40443551325,4.73663131348,0,0,1.33003640175,
G2_D075_DENS_LOW_V_HIGH_S007,G2_D075_DENS_LOW_V_HIGH,7,1.34004724026,2.48020514752,5.84711118798,0,0,1.34004724026,
G2_D075_DENS_LOW_V_HIGH_S007,G2_D075_DENS_LOW_V_HIGH,7,1.35005807877,2.31952054858,4.69098812713,0,0,1.35005807877,
G2_D075_DENS_LOW_V_HIGH_S007,G2_D075_DENS_LOW_V_HIGH,7,1.36001014709,2.33159007474,4.86405123061,0,0,1.36001014709,
G2_D075_DENS_LOW_V_HIGH_S007,G2_D075_DENS_LOW_V_HIGH,7,1.3700209856,2.26575671015,4.12196056646,0,0,1.3700209856,
G2_D075_DENS_LOW_V_HIGH_S007,G2_D075_DENS_LOW_V_HIGH,7,1.38003194332,2.28114279322,11.3446072628,0,0,1.38003194332,
G2_D075_DENS_LOW_V_HIGH_S007,G2_D075_DENS_LOW_V_HIGH,7,1.39004278183,2.33459992682,4.13330977474,0,0,1.39004278183,
G2_D075_DENS_LOW_V_HIGH_S007,G2_D075_DENS_LOW_V_HIGH,7,1.40005362034,2.60009054258,5.05934553957,0,0,1.40005362034,
G2_D075_DENS_LOW_V_HIGH_S007,G2_D075_DENS_LOW_V_HIGH,7,1.41000568867,2.57076513907,5.3635422346,0,0,1.41000568867,
G2_D075_DENS_LOW_V_HIGH_S007,G2_D075_DENS_LOW_V_HIGH,7,1.42001652718,2.63987319951,5.37589445681,0,0,1.42001652718,
G2_D075_DENS_LOW_V_HIGH_S007,G2_D075_DENS_LOW_V_HIGH,7,1.43002736568,2.44317537373,5.3992961897,0,0,1.43002736568,
G2_D075_DENS_LOW_V_HIGH_S007,G2_D075_DENS_LOW_V_HIGH,7,1.4400383234,2.14338161784,4.92249257759,0,0,1.4400383234,
G2_D075_DENS_LOW_V_HIGH_S007,G2_D075_DENS_LOW_V_HIGH,7,1.45004916191,2.5446015585,4.09538646952,0,0,1.45004916191,
G2_D075_DENS_LOW_V_HIGH_S007,G2_D075_DENS_LOW_V_HIGH,7,1.46000123024,2.50724435658,3.99483933895,0,0,1.46000123024,
G2_D075_DENS_LOW_V_HIGH_S007,G2_D075_DENS_LOW_V_HIGH,7,1.47001206875,2.60390445869,4.72221710905,0,0,1.47001206875,
G2_D075_DENS_LOW_V_HIGH_S007,G2_D075_DENS_LOW_V_HIGH,7,1.48002290726,2.60053567906,4.4225822745,0,0,1.48002290726,
G2_D075_DENS_LOW_V_HIGH_S007,G2_D075_DENS_LOW_V_HIGH,7,1.49003386497,2.41054888671,3.32209753949,0,0,1.49003386497,
G2_D075_DENS_LOW_V_HIGH_S007,G2_D075_DENS_LOW_V_HIGH,7,1.50004470348,2.58424495486,3.95664298174,0,0,1.50004470348,
G2_D075_DENS_LOW_V_HIGH_S007,G2_D075_DENS_LOW_V_HIGH,7,1.51005554199,2.7125266021,4.95688665036,0,0,1.51005554199,
G2_D075_DENS_LOW_V_HIGH_S007,G2_D075_DENS_LOW_V_HIGH,7,1.52000761032,2.74304179933,4.51712578727,0,0,1.52000761032,
G2_D075_DENS_LOW_V_HIGH_S007,G2_D075_DENS_LOW_V_HIGH,7,1.53001844883,2.61991389862,4.59547389904,0,0,1.53001844883,
G2_D075_DENS_LOW_V_HIGH_S007,G2_D075_DENS_LOW_V_HIGH,7,1.54002928734,2.81395803677,4.43429025904,0,0,1.54002928734,
G2_D075_DENS_LOW_V_HIGH_S007,G2_D075_DENS_LOW_V_HIGH,7,1.55004024506,2.51582794739,4.31707066271,0,0,1.55004024506,
G2_D075_DENS_LOW_V_HIGH_S007,G2_D075_DENS_LOW_V_HIGH,7,1.56005108356,2.80202998167,4.46181189748,0,0,1.56005108356,
G2_D075_DENS_LOW_V_HIGH_S007,G2_D075_DENS_LOW_V_HIGH,7,1.57000303268,2.68965664466,4.61700689668,0,0,1.57000303268,
G2_D075_DENS_LOW_V_HIGH_S007,G2_D075_DENS_LOW_V_HIGH,7,1.5800139904,2.85428060475,5.61858515795,0,0,1.5800139904,
G2_D075_DENS_LOW_V_HIGH_S007,G2_D075_DENS_LOW_V_HIGH,7,1.59002482891,2.65177859714,3.94291305365,0,0,1.59002482891,
G2_D075_DENS_LOW_V_HIGH_S007,G2_D075_DENS_LOW_V_HIGH,7,1.60003566742,2.68014216322,3.9940882118,0,0,1.60003566742,
G2_D075_DENS_LOW_V_HIGH_S007,G2_D075_DENS_LOW_V_HIGH,7,1.61004662514,2.89319260678,4.94827159137,0,0,1.61004662514,
G2_D075_DENS_LOW_V_HIGH_S007,G2_D075_DENS_LOW_V_HIGH,7,1.62005746365,3.0168775498,7.13643619441,0,0,1.62005746365,
G2_D075_DENS_LOW_V_HIGH_S007,G2_D075_DENS_LOW_V_HIGH,7,1.63000941277,2.90130812733,4.16597007163,0,0,1.63000941277,
G2_D075_DENS_LOW_V_HIGH_S007,G2_D075_DENS_LOW_V_HIGH,7,1.64002037048,3.12748249855,5.57829564437,0,0,1.64002037048,
G2_D075_DENS_LOW_V_HIGH_S007,G2_D075_DENS_LOW_V_HIGH,7,1.65003120899,2.88641111413,4.05952763609,0,0,1.65003120899,
G2_D075_DENS_LOW_V_HIGH_S007,G2_D075_DENS_LOW_V_HIGH,7,1.6600420475,3.03197903289,5.06214343791,0,0,1.6600420475,
G2_D075_DENS_LOW_V_HIGH_S007,G2_D075_DENS_LOW_V_HIGH,7,1.67005300522,2.88981166948,4.80377184639,0,0,1.67005300522,
G2_D075_DENS_LOW_V_HIGH_S007,G2_D075_DENS_LOW_V_HIGH,7,1.68000495434,2.649964065,4.25906597434,0,0,1.68000495434,
G2_D075_DENS_LOW_V_HIGH_S007,G2_D075_DENS_LOW_V_HIGH,7,1.69001579285,2.97994752417,4.7766984979,0,0,1.69001579285,
G2_D075_DENS_LOW_V_HIGH_S007,G2_D075_DENS_LOW_V_HIGH,7,1.70002675056,2.76096358538,4.72550990242,0,0,1.70002675056,
G2_D075_DENS_LOW_V_HIGH_S007,G2_D075_DENS_LOW_V_HIGH,7,1.71003758907,2.89413316829,3.70512253218,0,0,1.71003758907,
G2_D075_DENS_LOW_V_HIGH_S007,G2_D075_DENS_LOW_V_HIGH,7,1.72004842758,2.73146604033,4.25559232698,0,0,1.72004842758,
G2_D075_DENS_LOW_V_HIGH_S007,G2_D075_DENS_LOW_V_HIGH,7,1.73000049591,3.18671411058,5.42141312307,0,0,1.73000049591,
G2_D075_DENS_LOW_V_HIGH_S007,G2_D075_DENS_LOW_V_HIGH,7,1.74001133442,3.03164967057,5.14538356649,0,0,1.74001133442,
G2_D075_DENS_LOW_V_HIGH_S007,G2_D075_DENS_LOW_V_HIGH,7,1.75002217293,2.92873555288,4.41351200072,0,0,1.75002217293,
G2_D075_DENS_LOW_V_HIGH_S007,G2_D075_DENS_LOW_V_HIGH,7,1.76003313065,2.63638394843,4.38433962172,0,0,1.76003313065,
G2_D075_DENS_LOW_V_HIGH_S007,G2_D075_DENS_LOW_V_HIGH,7,1.77004396915,2.9124271448,4.7194135363,0,0,1.77004396915,
G2_D075_DENS_LOW_V_HIGH_S007,G2_D075_DENS_LOW_V_HIGH,7,1.78005480766,2.9990088154,5.89673283046,0,0,1.78005480766,
G2_D075_DENS_LOW_V_HIGH_S007,G2_D075_DENS_LOW_V_HIGH,7,1.79000687599,3.23367200287,5.73355934415,0,0,1.79000687599,
G2_D075_DENS_LOW_V_HIGH_S007,G2_D075_DENS_LOW_V_HIGH,7,1.8000177145,3.15497292293,3.91193227933,0,0,1.8000177145,
G2_D075_DENS_LOW_V_HIGH_S007,G2_D075_DENS_LOW_V_HIGH,7,1.81002855301,3.34812789336,5.2480061425,0,0,1.81002855301,
G2_D075_DENS_LOW_V_HIGH_S007,G2_D075_DENS_LOW_V_HIGH,7,1.82003951073,3.22324707779,5.72979419424,0,0,1.82003951073,
G2_D075_DENS_LOW_V_HIGH_S007,G2_D075_DENS_LOW_V_HIGH,7,1.83005034924,3.05009893368,3.89654333429,0,0,1.83005034924,
G2_D075_DENS_LOW_V_HIGH_S007,G2_D075_DENS_LOW_V_HIGH,7,1.84000229836,3.08064093305,4.10669131341,0,0,1.84000229836,
G2_D075_DENS_LOW_V_HIGH_S007,G2_D075_DENS_LOW_V_HIGH,7,1.85001325607,2.97259876572,4.54767369446,0,0,1.85001325607,
G2_D075_DENS_LOW_V_HIGH_S007,G2_D075_DENS_LOW_V_HIGH,7,1.86002409458,2.97805507242,3.43897588154,0,0,1.86002409458,
G2_D075_DENS_LOW_V_HIGH_S007,G2_D075_DENS_LOW_V_HIGH,7,1.87003493309,3.02884622257,4.13155151442,0,0,1.87003493309,
G2_D075_DENS_LOW_V_HIGH_S007,G2_D075_DENS_LOW_V_HIGH,7,1.8800457716,3.23240263167,4.63304833506,0,0,1.8800457716,
G2_D075_DENS_LOW_V_HIGH_S007,G2_D075_DENS_LOW_V_HIGH,7,1.89005672932,3.20448254421,4.75304966238,0,0,1.89005672932,
G2_D075_DENS_LOW_V_HIGH_S007,G2_D075_DENS_LOW_V_HIGH,7,1.90000867844,3.32007793988,5.96671352694,0,0,1.90000867844,
G2_D075_DENS_LOW_V_HIGH_S007,G2_D075_DENS_LOW_V_HIGH,7,1.91001951694,3.11676882882,4.70896110632,0,0,1.91001951694,
G2_D075_DENS_LOW_V_HIGH_S007,G2_D075_DENS_LOW_V_HIGH,7,1.92003047466,3.12843687558,4.17291921193,0,0,1.92003047466,
G2_D075_DENS_LOW_V_HIGH_S007,G2_D075_DENS_LOW_V_HIGH,7,1.93004131317,3.30454762264,4.41099006694,0,0,1.93004131317,
G2_D075_DENS_LOW_V_HIGH_S007,G2_D075_DENS_LOW_V_HIGH,7,1.94005215168,3.18393580684,4.26409864205,0,0,1.94005215168,
G2_D075_DENS_LOW_V_HIGH_S007,G2_D075_DENS_LOW_V_HIGH,7,1.9500041008,3.16876027249,4.27209970164,0,0,1.9500041008,
G2_D075_DENS_LOW_V_HIGH_S007,G2_D075_DENS_LOW_V_HIGH,7,1.96001505852,3.23990446623,4.47066199826,0,0,1.96001505852,
G2_D075_DENS_LOW_V_HIGH_S007,G2_D075_DENS_LOW_V_HIGH,7,1.97002589703,3.24514000071,3.87449074079,0,0,1.97002589703,
G2_D075_DENS_LOW_V_HIGH_S007,G2_D075_DENS_LOW_V_HIGH,7,1.98003673553,3.30673738466,4.15971643444,0,0,1.98003673553,
G2_D075_DENS_LOW_V_HIGH_S007,G2_D075_DENS_LOW_V_HIGH,7,1.99004769325,3.1847326868,3.6789032629,0,0,1.99004769325,
G2_D075_DENS_LOW_V_HIGH_S007,G2_D075_DENS_LOW_V_HIGH,7,2.00005841255,3.31885968616,3.90727419458,0,0,2.00005841255,
G2_D075_DENS_LOW_V_HIGH_S007,G2_D075_DENS_LOW_V_HIGH,7,2.01001048088,3.37861628846,4.463889332,0,0,2.01001048088,
G2_D075_DENS_LOW_V_HIGH_S007,G2_D075_DENS_LOW_V_HIGH,7,2.0200214386,3.30245042469,3.99446542877,0,0,2.0200214386,
G2_D075_DENS_LOW_V_HIGH_S007,G2_D075_DENS_LOW_V_HIGH,7,2.0300321579,3.33464890649,4.37097866898,0,0,2.0300321579,
G2_D075_DENS_LOW_V_HIGH_S007,G2_D075_DENS_LOW_V_HIGH,7,2.04004311562,3.47506611814,5.56071555902,0,0,2.04004311562,
G2_D075_DENS_LOW_V_HIGH_S007,G2_D075_DENS_LOW_V_HIGH,7,2.05005407333,3.35551423006,3.89225903086,0,0,2.05005407333,
G2_D075_DENS_LOW_V_HIGH_S007,G2_D075_DENS_LOW_V_HIGH,7,2.06000590324,3.28545842403,5.02559841272,0,0,2.06000590324,
G2_D075_DENS_LOW_V_HIGH_S007,G2_D075_DENS_LOW_V_HIGH,7,2.07001686096,3.31359486275,4.9025045797,0,0,2.07001686096,
G2_D075_DENS_LOW_V_HIGH_S007,G2_D075_DENS_LOW_V_HIGH,7,2.08002781868,3.35253974575,3.98493826269,0,0,2.08002781868,
G2_D075_DENS_LOW_V_HIGH_S007,G2_D075_DENS_LOW_V_HIGH,7,2.09003853798,3.49869648253,4.03804124826,0,0,2.09003853798,
G2_D075_DENS_LOW_V_HIGH_S007,G2_D075_DENS_LOW_V_HIGH,7,2.1000494957,3.50286794464,3.55093314993,0,0,2.1000494957,
G2_D075_DENS_LOW_V_HIGH_S007,G2_D075_DENS_LOW_V_HIGH,7,2.11000132561,3.40081619253,3.7688367901,0,0,2.11000132561,
G2_D075_DENS_LOW_V_HIGH_S007,G2_D075_DENS_LOW_V_HIGH,7,2.12001228333,3.46339779507,3.85305472814,0,0,2.12001228333,
G2_D075_DENS_LOW_V_HIGH_S007,G2_D075_DENS_LOW_V_HIGH,7,2.13002324104,3.53795691231,4.61687379648,0,0,2.13002324104,
G2_D075_DENS_LOW_V_HIGH_S007,G2_D075_DENS_LOW_V_HIGH,7,2.14003396034,3.47815996866,4.153205071,0,0,2.14003396034,
G2_D075_DENS_LOW_V_HIGH_S007,G2_D075_DENS_LOW_V_HIGH,7,2.15004491806,3.5282515002,4.71921201169,0,0,2.15004491806,
G2_D075_DENS_LOW_V_HIGH_S007,G2_D075_DENS_LOW_V_HIGH,7,2.16005587578,3.84097355581,5.1409221056,0,0,2.16005587578,
G2_D075_DENS_LOW_V_HIGH_S007,G2_D075_DENS_LOW_V_HIGH,7,2.17000770569,3.69618372788,5.05406296024,0,0,2.17000770569,
G2_D075_DENS_LOW_V_HIGH_S007,G2_D075_DENS_LOW_V_HIGH,7,2.18001866341,3.78616401966,5.3770654372,0,0,2.18001866341,
G2_D075_DENS_LOW_V_HIGH_S007,G2_D075_DENS_LOW_V_HIGH,7,2.19002938271,3.35689523076,5.16292665448,0,0,2.19002938271,
G2_D075_DENS_LOW_V_HIGH_S007,G2_D075_DENS_LOW_V_HIGH,7,2.20004034042,3.66642313508,3.68138992435,0,0,2.20004034042,
G2_D075_DENS_LOW_V_HIGH_S007,G2_D075_DENS_LOW_V_HIGH,7,2.21005129814,3.5697249021,3.84367742475,0,0,2.21005129814,
G2_D075_DENS_LOW_V_HIGH_S007,G2_D075_DENS_LOW_V_HIGH,7,2.22000312805,3.59076457769,4.22601135173,0,0,2.22000312805,
G2_D075_DENS_LOW_V_HIGH_S007,G2_D075_DENS_LOW_V_HIGH,7,2.23001408577,3.51773318212,3.30819285588,0,0,2.23001408577,
G2_D075_DENS_LOW_V_HIGH_S007,G2_D075_DENS_LOW_V_HIGH,7,2.24002504349,3.63816898802,3.98352850019,0,0,2.24002504349,
G2_D075_DENS_LOW_V_HIGH_S007,G2_D075_DENS_LOW_V_HIGH,7,2.25003576279,3.65242606572,4.83943602018,0,0,2.25003576279,
G2_D075_DENS_LOW_V_HIGH_S007,G2_D075_DENS_LOW_V_HIGH,7,2.2600467205,3.65103014424,3.82835099998,0,0,2.2600467205,
G2_D075_DENS_LOW_V_HIGH_S007,G2_D075_DENS_LOW_V_HIGH,7,2.2700574398,3.78482750497,4.14977502298,0,0,2.2700574398,
G2_D075_DENS_LOW_V_HIGH_S007,G2_D075_DENS_LOW_V_HIGH,7,2.28000950813,3.44943885658,4.90712543926,0,0,2.28000950813,
G2_D075_DENS_LOW_V_HIGH_S007,G2_D075_DENS_LOW_V_HIGH,7,2.29002046585,3.81946138898,5.7664321871,0,0,2.29002046585,
G2_D075_DENS_LOW_V_HIGH_S007,G2_D075_DENS_LOW_V_HIGH,7,2.30003118515,3.51416573512,3.87506797698,0,0,2.30003118515,
G2_D075_DENS_LOW_V_HIGH_S007,G2_D075_DENS_LOW_V_HIGH,7,2.31004214287,3.64986273168,4.58535470146,0,0,2.31004214287,
G2_D075_DENS_LOW_V_HIGH_S007,G2_D075_DENS_LOW_V_HIGH,7,2.32005310059,3.70633510541,3.67391880412,0,0,2.32005310059,
G2_D075_DENS_LOW_V_HIGH_S007,G2_D075_DENS_LOW_V_HIGH,7,2.3300049305,3.81292912854,4.04808419587,0,0,2.3300049305,
G2_D075_DENS_LOW_V_HIGH_S007,G2_D075_DENS_LOW_V_HIGH,7,2.34001588821,3.73342045835,4.04488087509,0,0,2.34001588821,
G2_D075_DENS_LOW_V_HIGH_S007,G2_D075_DENS_LOW_V_HIGH,7,2.35002660751,3.87291396345,4.02245099333,0,0,2.35002660751,
G2_D075_DENS_LOW_V_HIGH_S007,G2_D075_DENS_LOW_V_HIGH,7,2.36003756523,3.82990316901,3.984122358,0,0,2.36003756523,
G2_D075_DENS_LOW_V_HIGH_S007,G2_D075_DENS_LOW_V_HIGH,7,2.37004852295,3.72408917088,3.60197678956,0,0,2.37004852295,
G2_D075_DENS_LOW_V_HIGH_S007,G2_D075_DENS_LOW_V_HIGH,7,2.38000035286,3.78539449446,4.10257740981,0,0,2.38000035286,
G2_D075_DENS_LOW_V_HIGH_S007,G2_D075_DENS_LOW_V_HIGH,7,2.39001131058,3.93390484549,3.80955407375,0,0,2.39001131058,
G2_D075_DENS_LOW_V_HIGH_S007,G2_D075_DENS_LOW_V_HIGH,7,2.40002202988,4.20289908048,4.80697117064,0,0,2.40002202988,
G2_D075_DENS_LOW_V_HIGH_S007,G2_D075_DENS_LOW_V_HIGH,7,2.41003298759,4.03153894268,3.57422351952,0,0,2.41003298759,
G2_D075_DENS_LOW_V_HIGH_S007,G2_D075_DENS_LOW_V_HIGH,7,2.42004394531,4.06832639201,4.28658249993,0,0,2.42004394531,
G2_D075_DENS_LOW_V_HIGH_S007,G2_D075_DENS_LOW_V_HIGH,7,2.43005466461,4.05779149529,4.61303909648,0,0,2.43005466461,
G2_D075_DENS_LOW_V_HIGH_S007,G2_D075_DENS_LOW_V_HIGH,7,2.44000673294,3.88368925046,4.36107378696,0,0,2.44000673294,
G2_D075_DENS_LOW_V_HIGH_S007,G2_D075_DENS_LOW_V_HIGH,7,2.45001745224,3.81816217623,3.90076203563,0,0,2.45001745224,
G2_D075_DENS_LOW_V_HIGH_S007,G2_D075_DENS_LOW_V_HIGH,7,2.46002840996,4.02152129952,3.59909044133,0,0,2.46002840996,
G2_D075_DENS_LOW_V_HIGH_S007,G2_D075_DENS_LOW_V_HIGH,7,2.47003936768,4.02642885324,4.66694469592,0,0,2.47003936768,
G2_D075_DENS_LOW_V_HIGH_S007,G2_D075_DENS_LOW_V_HIGH,7,2.48005008698,3.94532421265,4.1798180297,0,0,2.48005008698,
G2_D075_DENS_LOW_V_HIGH_S007,G2_D075_DENS_LOW_V_HIGH,7,2.4900021553,4.00175486347,8.28597593389,0,0,2.4900021553,
G2_D075_DENS_LOW_V_HIGH_S007,G2_D075_DENS_LOW_V_HIGH,7,2.5000128746,4.07127241632,4.7010162173,0,0,2.5000128746,
G2_D075_DENS_LOW_V_HIGH_S007,G2_D075_DENS_LOW_V_HIGH,7,2.51002383232,4.18015180497,4.07447180991,0,0,2.51002383232,
G2_D075_DENS_LOW_V_HIGH_S007,G2_D075_DENS_LOW_V_HIGH,7,2.52003479004,3.91698247511,5.88039479809,0,0,2.52003479004,
G2_D075_DENS_LOW_V_HIGH_S007,G2_D075_DENS_LOW_V_HIGH,7,2.53004550934,4.11300361607,3.98630306167,0,0,2.53004550934,
G2_D075_DENS_LOW_V_HIGH_S007,G2_D075_DENS_LOW_V_HIGH,7,2.54005646706,4.05704656173,4.42779835163,0,0,2.54005646706,
G2_D075_DENS_LOW_V_HIGH_S007,G2_D075_DENS_LOW_V_HIGH,7,2.55000853539,3.94880876645,4.19291173894,0,0,2.55000853539,
G2_D075_DENS_LOW_V_HIGH_S007,G2_D075_DENS_LOW_V_HIGH,7,2.56001925468,4.23960004457,5.2082045802,0,0,2.56001925468,
G2_D075_DENS_LOW_V_HIGH_S007,G2_D075_DENS_LOW_V_HIGH,7,2.5700302124,4.13916526247,3.44327634189,0,0,2.5700302124,
G2_D075_DENS_LOW_V_HIGH_S007,G2_D075_DENS_LOW_V_HIGH,7,2.5800409317,4.22415179159,3.88326070166,0,0,2.5800409317,
G2_D075_DENS_LOW_V_HIGH_S007,G2_D075_DENS_LOW_V_HIGH,7,2.59005188942,4.22099052127,3.9037374784,0,0,2.59005188942,
G2_D075_DENS_LOW_V_HIGH_S007,G2_D075_DENS_LOW_V_HIGH,7,2.60000395775,4.20531983821,4.01957305101,0,0,2.60000395775,
G2_D075_DENS_LOW_V_HIGH_S007,G2_D075_DENS_LOW_V_HIGH,7,2.61001467705,4.16559520651,4.45859153248,0,0,2.61001467705,
G2_D075_DENS_LOW_V_HIGH_S007,G2_D075_DENS_LOW_V_HIGH,7,2.62002563477,4.62332924382,3.90515073909,0,0,2.62002563477,
G2_D075_DENS_LOW_V_HIGH_S007,G2_D075_DENS_LOW_V_HIGH,7,2.63003635406,4.52394112652,4.43613425335,0,0,2.63003635406,
G2_D075_DENS_LOW_V_HIGH_S007,G2_D075_DENS_LOW_V_HIGH,7,2.64004731178,3.981290743,4.26588063411,0,0,2.64004731178,
G2_D075_DENS_LOW_V_HIGH_S007,G2_D075_DENS_LOW_V_HIGH,7,2.65005803108,4.38067598084,4.35062896248,0,0,2.65005803108,
G2_D075_DENS_LOW_V_HIGH_S007,G2_D075_DENS_LOW_V_HIGH,7,2.66001009941,4.12258606994,4.11796114512,0,0,2.66001009941,
G2_D075_DENS_LOW_V_HIGH_S007,G2_D075_DENS_LOW_V_HIGH,7,2.67002105713,4.09286112121,4.36675856238,0,0,2.67002105713,
G2_D075_DENS_LOW_V_HIGH_S007,G2_D075_DENS_LOW_V_HIGH,7,2.68003177643,4.26100058189,4.16125711801,0,0,2.68003177643,
G2_D075_DENS_LOW_V_HIGH_S007,G2_D075_DENS_LOW_V_HIGH,7,2.69004273415,4.54910915976,5.14499566357,0,0,2.69004273415,
G2_D075_DENS_LOW_V_HIGH_S007,G2_D075_DENS_LOW_V_HIGH,7,2.70005345345,4.14100770198,4.25154485091,0,0,2.70005345345,
G2_D075_DENS_LOW_V_HIGH_S007,G2_D075_DENS_LOW_V_HIGH,7,2.71000552177,4.58857958564,4.71936915567,0,0,2.71000552177,
G2_D075_DENS_LOW_V_HIGH_S007,G2_D075_DENS_LOW_V_HIGH,7,2.72001647949,4.33684703052,4.80568156773,0,0,2.72001647949,
G2_D075_DENS_LOW_V_HIGH_S007,G2_D075_DENS_LOW_V_HIGH,7,2.73002719879,4.50132869062,4.57448825281,0,0,2.73002719879,
G2_D075_DENS_LOW_V_HIGH_S007,G2_D075_DENS_LOW_V_HIGH,7,2.74003815651,4.60737534232,4.98145928466,0,0,2.74003815651,
G2_D075_DENS_LOW_V_HIGH_S007,G2_D075_DENS_LOW_V_HIGH,7,2.75004887581,4.32338406968,4.29270729462,0,0,2.75004887581,
G2_D075_DENS_LOW_V_HIGH_S007,G2_D075_DENS_LOW_V_HIGH,7,2.76000094414,4.43231706259,3.72230004236,0,0,2.76000094414,
G2_D075_DENS_LOW_V_HIGH_S007,G2_D075_DENS_LOW_V_HIGH,7,2.77001190186,4.04744918709,3.42093593102,0,0,2.77001190186,
G2_D075_DENS_LOW_V_HIGH_S007,G2_D075_DENS_LOW_V_HIGH,7,2.78002262115,4.84556397757,4.35936113785,0,0,2.78002262115,
G2_D075_DENS_LOW_V_HIGH_S007,G2_D075_DENS_LOW_V_HIGH,7,2.79003357887,4.27245144847,4.3560563516,0,0,2.79003357887,
G2_D075_DENS_LOW_V_HIGH_S007,G2_D075_DENS_LOW_V_HIGH,7,2.80004429817,4.37056190526,3.79958091701,0,0,2.80004429817,
G2_D075_DENS_LOW_V_HIGH_S007,G2_D075_DENS_LOW_V_HIGH,7,2.81005525589,4.54335830588,4.37588232278,0,0,2.81005525589,
G2_D075_DENS_LOW_V_HIGH_S007,G2_D075_DENS_LOW_V_HIGH,7,2.8200070858,4.34804424391,5.71220112896,0,0,2.8200070858,
G2_D075_DENS_LOW_V_HIGH_S007,G2_D075_DENS_LOW_V_HIGH,7,2.83001804352,4.68750046161,4.38202978319,0,0,2.83001804352,
G2_D075_DENS_LOW_V_HIGH_S007,G2_D075_DENS_LOW_V_HIGH,7,2.84002900124,4.2352976112,4.127276204,0,0,2.84002900124,
G2_D075_DENS_LOW_V_HIGH_S007,G2_D075_DENS_LOW_V_HIGH,7,2.85003972054,4.17644647895,4.04119506937,0,0,2.85003972054,
G2_D075_DENS_LOW_V_HIGH_S007,G2_D075_DENS_LOW_V_HIGH,7,2.86005067825,4.15424270653,4.03072163997,0,0,2.86005067825,
G2_D075_DENS_LOW_V_HIGH_S007,G2_D075_DENS_LOW_V_HIGH,7,2.87000250816,4.33438399725,3.49380788852,0,0,2.87000250816,
G2_D075_DENS_LOW_V_HIGH_S007,G2_D075_DENS_LOW_V_HIGH,7,2.88001346588,4.60119123333,4.56181704474,0,0,2.88001346588,
G2_D075_DENS_LOW_V_HIGH_S007,G2_D075_DENS_LOW_V_HIGH,7,2.8900244236,4.55168851981,4.3347217495,0,0,2.8900244236,
G2_D075_DENS_LOW_V_HIGH_S007,G2_D075_DENS_LOW_V_HIGH,7,2.9000351429,4.51560455744,3.85932421431,0,0,2.9000351429,
G2_D075_DENS_LOW_V_HIGH_S007,G2_D075_DENS_LOW_V_HIGH,7,2.91004610062,4.31617153239,4.4092280774,0,0,2.91004610062,
G2_D075_DENS_LOW_V_HIGH_S007,G2_D075_DENS_LOW_V_HIGH,7,2.92005681992,4.51320645718,4.68917356922,0,0,2.92005681992,
G2_D075_DENS_LOW_V_HIGH_S007,G2_D075_DENS_LOW_V_HIGH,7,2.93000888824,4.7443707227,4.66776270953,0,0,2.93000888824,
G2_D075_DENS_LOW_V_HIGH_S007,G2_D075_DENS_LOW_V_HIGH,7,2.94001960754,4.40263659988,3.83677647477,0,0,2.94001960754,
G2_D075_DENS_LOW_V_HIGH_S007,G2_D075_DENS_LOW_V_HIGH,7,2.95003056526,4.47474732832,3.58971142571,0,0,2.95003056526,
G2_D075_DENS_LOW_V_HIGH_S007,G2_D075_DENS_LOW_V_HIGH,7,2.96004152298,4.82305128982,5.30772284138,0,0,2.96004152298,
G2_D075_DENS_LOW_V_HIGH_S007,G2_D075_DENS_LOW_V_HIGH,7,2.97005224228,4.88144954889,4.77987565061,0,0,2.97005224228,
G2_D075_DENS_LOW_V_HIGH_S007,G2_D075_DENS_LOW_V_HIGH,7,2.98000431061,4.70902561504,4.21889190094,0,0,2.98000431061,
G2_D075_DENS_LOW_V_HIGH_S007,G2_D075_DENS_LOW_V_HIGH,7,2.99001502991,4.62487133364,4.59624529142,0,0,2.99001502991,
G2_D075_DENS_LOW_V_HIGH_S007,G2_D075_DENS_LOW_V_HIGH,7,3.00002598763,4.63666869379,4.180068974,0,0,3.00002598763,
G2_D075_DENS_LOW_V_HIGH_S007,G2_D075_DENS_LOW_V_HIGH,7,3.01003670692,4.37232366206,4.53139321052,0,0,3.01003670692,
G2_D075_DENS_LOW_V_HIGH_S007,G2_D075_DENS_LOW_V_HIGH,7,3.02004766464,4.92505358233,4.44271406113,0,0,3.02004766464,
G2_D075_DENS_LOW_V_HIGH_S007,G2_D075_DENS_LOW_V_HIGH,7,3.03005862236,4.30014026391,4.24759585106,0,0,3.03005862236,
G2_D075_DENS_LOW_V_HIGH_S007,G2_D075_DENS_LOW_V_HIGH,7,3.04001045227,4.63749375744,4.84101320488,0,0,3.04001045227,
G2_D075_DENS_LOW_V_HIGH_S007,G2_D075_DENS_LOW_V_HIGH,7,3.05002140999,4.54113372872,4.804380955,0,0,3.05002140999,
G2_D075_DENS_LOW_V_HIGH_S007,G2_D075_DENS_LOW_V_HIGH,7,3.06003212929,4.75018761482,4.47427261518,0,0,3.06003212929,
G2_D075_DENS_LOW_V_HIGH_S007,G2_D075_DENS_LOW_V_HIGH,7,3.07004308701,4.53802357587,3.97017725925,0,0,3.07004308701,
G2_D075_DENS_LOW_V_HIGH_S007,G2_D075_DENS_LOW_V_HIGH,7,3.0800538063,4.16075507259,4.49681548994,0,0,3.0800538063,
G2_D075_DENS_LOW_V_HIGH_S007,G2_D075_DENS_LOW_V_HIGH,7,3.09000587463,4.73408809761,4.13655392931,0,0,3.09000587463,
G2_D075_DENS_LOW_V_HIGH_S007,G2_D075_DENS_LOW_V_HIGH,7,3.10001659393,4.69214579651,4.36978364445,0,0,3.10001659393,
G2_D075_DENS_LOW_V_HIGH_S007,G2_D075_DENS_LOW_V_HIGH,7,3.11002755165,4.83844013601,4.15822748918,0,0,3.11002755165,
G2_D075_DENS_LOW_V_HIGH_S007,G2_D075_DENS_LOW_V_HIGH,7,3.12003850937,4.51048617868,3.63102981984,0,0,3.12003850937,
G2_D075_DENS_LOW_V_HIGH_S007,G2_D075_DENS_LOW_V_HIGH,7,3.13004922867,5.06417655482,4.46084980043,0,0,3.13004922867,
G2_D075_DENS_LOW_V_HIGH_S007,G2_D075_DENS_LOW_V_HIGH,7,3.140001297,4.99112001497,4.64294534936,0,0,3.140001297,
G2_D075_DENS_LOW_V_HIGH_S007,G2_D075_DENS_LOW_V_HIGH,7,3.1500120163,4.40200937467,4.70009741169,0,0,3.1500120163,
G2_D075_DENS_LOW_V_HIGH_S007,G2_D075_DENS_LOW_V_HIGH,7,3.16002297401,4.78025021518,4.75676865742,0,0,3.16002297401,
G2_D075_DENS_LOW_V_HIGH_S007,G2_D075_DENS_LOW_V_HIGH,7,3.17003369331,4.96911131788,6.20251435903,0,0,3.17003369331,
G2_D075_DENS_LOW_V_HIGH_S007,G2_D075_DENS_LOW_V_HIGH,7,3.18004465103,4.97445958711,3.67208418746,0,0,3.18004465103,
G2_D075_DENS_LOW_V_HIGH_S007,G2_D075_DENS_LOW_V_HIGH,7,3.19005560875,4.7362952672,4.09070082908,0,0,3.19005560875,
G2_D075_DENS_LOW_V_HIGH_S007,G2_D075_DENS_LOW_V_HIGH,7,3.20000743866,4.58742764648,4.21881211042,0,0,3.20000743866,
G2_D075_DENS_LOW_V_HIGH_S007,G2_D075_DENS_LOW_V_HIGH,7,3.21001839638,5.30324496323,4.76554485413,0,0,3.21001839638,
G2_D075_DENS_LOW_V_HIGH_S007,G2_D075_DENS_LOW_V_HIGH,7,3.22002911568,4.91295006995,4.94298372763,0,0,3.22002911568,
G2_D075_DENS_LOW_V_HIGH_S007,G2_D075_DENS_LOW_V_HIGH,7,3.23004007339,5.0816974141,4.84446887671,0,0,3.23004007339,
G2_D075_DENS_LOW_V_HIGH_S007,G2_D075_DENS_LOW_V_HIGH,7,3.24005079269,4.82240085452,3.72620547242,0,0,3.24005079269,
G2_D075_DENS_LOW_V_HIGH_S007,G2_D075_DENS_LOW_V_HIGH,7,3.25000286102,4.89425433773,3.97625724742,0,0,3.25000286102,
G2_D075_DENS_LOW_V_HIGH_S007,G2_D075_DENS_LOW_V_HIGH,7,3.26001358032,4.80362443958,4.57505712211,0,0,3.26001358032,
G2_D075_DENS_LOW_V_HIGH_S007,G2_D075_DENS_LOW_V_HIGH,7,3.27002453804,4.49561127033,4.2789436262,0,0,3.27002453804,
G2_D075_DENS_LOW_V_HIGH_S007,G2_D075_DENS_LOW_V_HIGH,7,3.28003549576,4.9347631391,4.45745834187,0,0,3.28003549576,
G2_D075_DENS_LOW_V_HIGH_S007,G2_D075_DENS_LOW_V_HIGH,7,3.29004621506,4.81766875807,4.17600071702,0,0,3.29004621506,
G2_D075_DENS_LOW_V_HIGH_S007,G2_D075_DENS_LOW_V_HIGH,7,3.30005717278,4.8469455309,3.5668321875,0,0,3.30005717278,
G2_D075_DENS_LOW_V_HIGH_S007,G2_D075_DENS_LOW_V_HIGH,7,3.31000900269,5.31509482241,4.55282489514,0,0,3.31000900269,
G2_D075_DENS_LOW_V_HIGH_S007,G2_D075_DENS_LOW_V_HIGH,7,3.3200199604,4.52130235966,4.26218699685,0,0,3.3200199604,
G2_D075_DENS_LOW_V_HIGH_S007,G2_D075_DENS_LOW_V_HIGH,7,3.3300306797,5.09551847356,4.54960775726,0,0,3.3300306797,
G2_D075_DENS_LOW_V_HIGH_S007,G2_D075_DENS_LOW_V_HIGH,7,3.34004163742,4.91415478445,4.13580130663,0,0,3.34004163742,
G2_D075_DENS_LOW_V_HIGH_S007,G2_D075_DENS_LOW_V_HIGH,7,3.35005235672,4.73645221166,4.69324179008,0,0,3.35005235672,
G2_D075_DENS_LOW_V_HIGH_S007,G2_D075_DENS_LOW_V_HIGH,7,3.36000442505,4.91178569681,3.66771592573,0,0,3.36000442505,
G2_D075_DENS_LOW_V_HIGH_S007,G2_D075_DENS_LOW_V_HIGH,7,3.37001514435,5.50300099545,4.2264220158,0,0,3.37001514435,
G2_D075_DENS_LOW_V_HIGH_S007,G2_D075_DENS_LOW_V_HIGH,7,3.38002610207,5.08026944058,4.03101329775,0,0,3.38002610207,
G2_D075_DENS_LOW_V_HIGH_S007,G2_D075_DENS_LOW_V_HIGH,7,3.39003705978,4.95309193076,3.91513595317,0,0,3.39003705978,
G2_D075_DENS_LOW_V_HIGH_S007,G2_D075_DENS_LOW_V_HIGH,7,3.40004777908,5.31287660039,5.55190591876,0,0,3.40004777908,
G2_D075_DENS_LOW_V_HIGH_S007,G2_D075_DENS_LOW_V_HIGH,7,3.4100587368,5.26741299618,4.21556542554,0,0,3.4100587368,
G2_D075_DENS_LOW_V_HIGH_S007,G2_D075_DENS_LOW_V_HIGH,7,3.42001056671,4.81412148175,4.22288477098,0,0,3.42001056671,
G2_D075_DENS_LOW_V_HIGH_S007,G2_D075_DENS_LOW_V_HIGH,7,3.43002152443,5.3205508528,4.59481868264,0,0,3.43002152443,
G2_D075_DENS_LOW_V_HIGH_S007,G2_D075_DENS_LOW_V_HIGH,7,3.44003224373,5.38325237417,4.58978668307,0,0,3.44003224373,
G2_D075_DENS_LOW_V_HIGH_S007,G2_D075_DENS_LOW_V_HIGH,7,3.45004320145,5.24720860773,4.43007030457,0,0,3.45004320145,
G2_D075_DENS_LOW_V_HIGH_S007,G2_D075_DENS_LOW_V_HIGH,7,3.46005392075,5.44733489624,4.43487709053,0,0,3.46005392075,
G2_D075_DENS_LOW_V_HIGH_S007,G2_D075_DENS_LOW_V_HIGH,7,3.47000598907,5.03490807131,4.04669135551,0,0,3.47000598907,
G2_D075_DENS_LOW_V_HIGH_S007,G2_D075_DENS_LOW_V_HIGH,7,3.48001670837,5.0885034984,3.80266981952,0,0,3.48001670837,
G2_D075_DENS_LOW_V_HIGH_S007,G2_D075_DENS_LOW_V_HIGH,7,3.49002766609,5.11054424753,4.81026089802,0,0,3.49002766609,
G2_D075_DENS_LOW_V_HIGH_S007,G2_D075_DENS_LOW_V_HIGH,7,3.50003862381,5.10724730868,4.24269681249,0,0,3.50003862381,
G2_D075_DENS_LOW_V_HIGH_S007,G2_D075_DENS_LOW_V_HIGH,7,3.51004934311,4.74405572854,4.41238276084,0,0,3.51004934311,
G2_D075_DENS_LOW_V_HIGH_S007,G2_D075_DENS_LOW_V_HIGH,7,3.52000141144,5.25206117563,4.7016156332,0,0,3.52000141144,
G2_D075_DENS_LOW_V_HIGH_S007,G2_D075_DENS_LOW_V_HIGH,7,3.53001213074,5.70871539085,4.99449440704,0,0,3.53001213074,
G2_D075_DENS_LOW_V_HIGH_S007,G2_D075_DENS_LOW_V_HIGH,7,3.54002308846,5.19994732633,4.23827409853,0,0,3.54002308846,
G2_D075_DENS_LOW_V_HIGH_S007,G2_D075_DENS_LOW_V_HIGH,7,3.55003380775,5.59021735164,4.3398787404,0,0,3.55003380775,
G2_D075_DENS_LOW_V_HIGH_S007,G2_D075_DENS_LOW_V_HIGH,7,3.56004476547,5.50597575607,4.53660746871,0,0,3.56004476547,
G2_D075_DENS_LOW_V_HIGH_S007,G2_D075_DENS_LOW_V_HIGH,7,3.57005548477,5.50785356335,4.5378940619,0,0,3.57005548477,
G2_D075_DENS_LOW_V_HIGH_S007,G2_D075_DENS_LOW_V_HIGH,7,3.5800075531,5.48453404846,3.62987635046,0,0,3.5800075531,
G2_D075_DENS_LOW_V_HIGH_S007,G2_D075_DENS_LOW_V_HIGH,7,3.5900182724,5.58588424779,4.72261360735,0,0,3.5900182724,
G2_D075_DENS_LOW_V_HIGH_S007,G2_D075_DENS_LOW_V_HIGH,7,3.60002923012,5.56134399238,4.03422527955,0,0,3.60002923012,
G2_D075_DENS_LOW_V_HIGH_S007,G2_D075_DENS_LOW_V_HIGH,7,3.61003994942,5.40495381381,4.47204517319,0,0,3.61003994942,
G2_D075_DENS_LOW_V_HIGH_S007,G2_D075_DENS_LOW_V_HIGH,7,3.62005090714,5.30048075134,4.36888836523,0,0,3.62005090714,
G2_D075_DENS_LOW_V_HIGH_S007,G2_D075_DENS_LOW_V_HIGH,7,3.63000297546,5.42311737169,4.08204562913,0,0,3.63000297546,
G2_D075_DENS_LOW_V_HIGH_S007,G2_D075_DENS_LOW_V_HIGH,7,3.64001369476,5.37775655504,4.04201524174,0,0,3.64001369476,
G2_D075_DENS_LOW_V_HIGH_S007,G2_D075_DENS_LOW_V_HIGH,7,3.65002465248,4.85049943867,4.08299344559,0,0,3.65002465248,
G2_D075_DENS_LOW_V_HIGH_S007,G2_D075_DENS_LOW_V_HIGH,7,3.66003537178,5.5000903389,4.66158667634,0,0,3.66003537178,
G2_D075_DENS_LOW_V_HIGH_S007,G2_D075_DENS_LOW_V_HIGH,7,3.6700463295,5.24966556216,4.15457567687,0,0,3.6700463295,
G2_D075_DENS_LOW_V_HIGH_S007,G2_D075_DENS_LOW_V_HIGH,7,3.6800570488,5.38720803765,4.00188107993,0,0,3.6800570488,
G2_D075_DENS_LOW_V_HIGH_S007,G2_D075_DENS_LOW_V_HIGH,7,3.69000911713,5.74540944718,4.58784566505,0,0,3.69000911713,
G2_D075_DENS_LOW_V_HIGH_S007,G2_D075_DENS_LOW_V_HIGH,7,3.70001983643,5.28409718676,6.42950540264,0,0,3.70001983643,
G2_D075_DENS_LOW_V_HIGH_S007,G2_D075_DENS_LOW_V_HIGH,7,3.71003079414,5.49243377037,5.01851989456,0,0,3.71003079414,
G2_D075_DENS_LOW_V_HIGH_S007,G2_D075_DENS_LOW_V_HIGH,7,3.72004151344,5.39156821995,4.18719794181,0,0,3.72004151344,
G2_D075_DENS_LOW_V_HIGH_S007,G2_D075_DENS_LOW_V_HIGH,7,3.73005247116,5.8348158417,4.33810206898,0,0,3.73005247116,
G2_D075_DENS_LOW_V_HIGH_S007,G2_D075_DENS_LOW_V_HIGH,7,3.74000430107,5.53648763757,4.33649745752,0,0,3.74000430107,
G2_D075_DENS_LOW_V_HIGH_S007,G2_D075_DENS_LOW_V_HIGH,7,3.75001525879,5.66361430623,3.96416937652,0,0,3.75001525879,
G2_D075_DENS_LOW_V_HIGH_S007,G2_D075_DENS_LOW_V_HIGH,7,3.76002597809,5.47755720416,4.33000516177,0,0,3.76002597809,
G2_D075_DENS_LOW_V_HIGH_S007,G2_D075_DENS_LOW_V_HIGH,7,3.77003693581,5.55171898668,4.72478019396,0,0,3.77003693581,
G2_D075_DENS_LOW_V_HIGH_S007,G2_D075_DENS_LOW_V_HIGH,7,3.78004789352,5.45541256222,5.48296472186,0,0,3.78004789352,
G2_D075_DENS_LOW_V_HIGH_S007,G2_D075_DENS_LOW_V_HIGH,7,3.79005861282,5.68566610779,5.0776451223,0,0,3.79005861282,
G2_D075_DENS_LOW_V_HIGH_S007,G2_D075_DENS_LOW_V_HIGH,7,3.80001068115,5.82283003767,4.55373338171,0,0,3.80001068115,
G2_D075_DENS_LOW_V_HIGH_S007,G2_D075_DENS_LOW_V_HIGH,7,3.81002140045,5.86733871222,4.01573592842,0,0,3.81002140045,
G2_D075_DENS_LOW_V_HIGH_S007,G2_D075_DENS_LOW_V_HIGH,7,3.82003235817,5.95538344779,4.91555128599,0,0,3.82003235817,
G2_D075_DENS_LOW_V_HIGH_S007,G2_D075_DENS_LOW_V_HIGH,7,3.83004307747,5.69806637782,4.84233742735,0,0,3.83004307747,
G2_D075_DENS_LOW_V_HIGH_S007,G2_D075_DENS_LOW_V_HIGH,7,3.84005403519,5.76944294882,4.51165760169,0,0,3.84005403519,
G2_D075_DENS_LOW_V_HIGH_S007,G2_D075_DENS_LOW_V_HIGH,7,3.8500058651,5.55275902002,4.1289451054,0,0,3.8500058651,
G2_D075_DENS_LOW_V_HIGH_S007,G2_D075_DENS_LOW_V_HIGH,7,3.86001682281,5.05656253813,3.85202388571,0,0,3.86001682281,
G2_D075_DENS_LOW_V_HIGH_S007,G2_D075_DENS_LOW_V_HIGH,7,3.87002754211,5.40226199531,3.17496696146,0,0,3.87002754211,
G2_D075_DENS_LOW_V_HIGH_S007,G2_D075_DENS_LOW_V_HIGH,7,3.88003849983,5.25865007975,3.80368881653,0,0,3.88003849983,
G2_D075_DENS_LOW_V_HIGH_S007,G2_D075_DENS_LOW_V_HIGH,7,3.89004921913,5.8315852174,4.89197286885,0,0,3.89004921913,
G2_D075_DENS_LOW_V_HIGH_S007,G2_D075_DENS_LOW_V_HIGH,7,3.90000128746,5.5141633937,5.13491859226,0,0,3.90000128746,
G2_D075_DENS_LOW_V_HIGH_S007,G2_D075_DENS_LOW_V_HIGH,7,3.91001200676,5.25334878333,3.99173470896,0,0,3.91001200676,
G2_D075_DENS_LOW_V_HIGH_S007,G2_D075_DENS_LOW_V_HIGH,7,3.92002296448,5.4894369049,4.27327626358,0,0,3.92002296448,
G2_D075_DENS_LOW_V_HIGH_S007,G2_D075_DENS_LOW_V_HIGH,7,3.93003368378,5.89186017851,4.289119867,0,0,3.93003368378,
G2_D075_DENS_LOW_V_HIGH_S007,G2_D075_DENS_LOW_V_HIGH,7,3.94004464149,5.37682096713,4.73901965477,0,0,3.94004464149,
G2_D075_DENS_LOW_V_HIGH_S007,G2_D075_DENS_LOW_V_HIGH,7,3.95005536079,5.94698415619,4.0264364684,0,0,3.95005536079,
G2_D075_DENS_LOW_V_HIGH_S007,G2_D075_DENS_LOW_V_HIGH,7,3.96000742912,5.48982981867,3.9289885008,0,0,3.96000742912,
G2_D075_DENS_LOW_V_HIGH_S007,G2_D075_DENS_LOW_V_HIGH,7,3.97001814842,5.55685670718,4.76316728726,0,0,3.97001814842,
G2_D075_DENS_LOW_V_HIGH_S007,G2_D075_DENS_LOW_V_HIGH,7,3.98002910614,5.79878382573,4.03540479512,0,0,3.98002910614,
G2_D075_DENS_LOW_V_HIGH_S007,G2_D075_DENS_LOW_V_HIGH,7,3.99004006386,5.92942461343,4.58504046166,0,0,3.99004006386,
G2_D075_DENS_LOW_V_HIGH_S007,G2_D075_DENS_LOW_V_HIGH,7,4.00005102158,5.13157425225,3.79328527919,0,0,4.00005102158,
G2_D075_DENS_LOW_V_HIGH_S007,G2_D075_DENS_LOW_V_HIGH,7,4.01000261307,5.96590314743,4.31994685355,0,0,4.01000261307,
G2_D075_DENS_LOW_V_HIGH_S007,G2_D075_DENS_LOW_V_HIGH,7,4.0200138092,6.04168687355,5.04414646956,0,0,4.0200138092,
G2_D075_DENS_LOW_V_HIGH_S007,G2_D075_DENS_LOW_V_HIGH,7,4.0300245285,5.91733049562,4.27339771457,0,0,4.0300245285,
G2_D075_DENS_LOW_V_HIGH_S007,G2_D075_DENS_LOW_V_HIGH,7,4.0400352478,5.80975280651,4.0812887029,0,0,4.0400352478,
G2_D075_DENS_LOW_V_HIGH_S007,G2_D075_DENS_LOW_V_HIGH,7,4.0500459671,5.69509603817,4.76455276938,0,0,4.0500459671,
G2_D075_DENS_LOW_V_HIGH_S007,G2_D075_DENS_LOW_V_HIGH,7,4.06005716324,5.76973362764,4.48417216332,0,0,4.06005716324,
G2_D075_DENS_LOW_V_HIGH_S007,G2_D075_DENS_LOW_V_HIGH,7,4.07000875473,5.56532507645,4.16831835836,0,0,4.07000875473,
G2_D075_DENS_LOW_V_HIGH_S007,G2_D075_DENS_LOW_V_HIGH,7,4.08001995087,5.72725473124,3.63831098657,0,0,4.08001995087,
G2_D075_DENS_LOW_V_HIGH_S007,G2_D075_DENS_LOW_V_HIGH,7,4.09003067017,6.21764150508,5.05669109273,0,0,4.09003067017,
G2_D075_DENS_LOW_V_HIGH_S007,G2_D075_DENS_LOW_V_HIGH,7,4.10004138947,5.36211184518,3.78710257047,0,0,4.10004138947,
G2_D075_DENS_LOW_V_HIGH_S007,G2_D075_DENS_LOW_V_HIGH,7,4.11005210876,5.79163566882,3.77762516196,0,0,4.11005210876,
G2_D075_DENS_LOW_V_HIGH_S007,G2_D075_DENS_LOW_V_HIGH,7,4.12000417709,6.39605806463,4.71215751617,0,0,4.12000417709,
G2_D075_DENS_LOW_V_HIGH_S007,G2_D075_DENS_LOW_V_HIGH,7,4.13001489639,5.90015944564,4.47355331227,0,0,4.13001489639,
G2_D075_DENS_LOW_V_HIGH_S007,G2_D075_DENS_LOW_V_HIGH,7,4.14002609253,5.76719930622,5.22777609788,0,0,4.14002609253,
G2_D075_DENS_LOW_V_HIGH_S007,G2_D075_DENS_LOW_V_HIGH,7,4.15003681183,6.04801107205,4.16108974094,0,0,4.15003681183,
G2_D075_DENS_LOW_V_HIGH_S007,G2_D075_DENS_LOW_V_HIGH,7,4.16004753113,5.90487330559,4.12266402973,0,0,4.16004753113,
G2_D075_DENS_LOW_V_HIGH_S007,G2_D075_DENS_LOW_V_HIGH,7,4.17005825043,5.78678807452,4.50353303807,0,0,4.17005825043,
G2_D075_DENS_LOW_V_HIGH_S007,G2_D075_DENS_LOW_V_HIGH,7,4.18001031876,6.02376536381,4.55668505167,0,0,4.18001031876,
G2_D075_DENS_LOW_V_HIGH_S007,G2_D075_DENS_LOW_V_HIGH,7,4.19002103806,6.05846943072,4.83116844319,0,0,4.19002103806,
G2_D075_DENS_LOW_V_HIGH_S007,G2_D075_DENS_LOW_V_HIGH,7,4.20003223419,6.32588786599,6.49970904482,0,0,4.20003223419,
G2_D075_DENS_LOW_V_HIGH_S007,G2_D075_DENS_LOW_V_HIGH,7,4.21004295349,6.2452134411,4.0808859634,0,0,4.21004295349,
G2_D075_DENS_LOW_V_HIGH_S007,G2_D075_DENS_LOW_V_HIGH,7,4.22005367279,5.68652764444,4.09816419731,0,0,4.22005367279,
G2_D075_DENS_LOW_V_HIGH_S007,G2_D075_DENS_LOW_V_HIGH,7,4.23000574112,5.70126992367,3.64810265254,0,0,4.23000574112,
G2_D075_DENS_LOW_V_HIGH_S007,G2_D075_DENS_LOW_V_HIGH,7,4.24001646042,5.84290898108,4.53592944239,0,0,4.24001646042,
G2_D075_DENS_LOW_V_HIGH_S007,G2_D075_DENS_LOW_V_HIGH,7,4.25002717972,6.45587048168,5.08324971788,0,0,4.25002717972,
G2_D075_DENS_LOW_V_HIGH_S007,G2_D075_DENS_LOW_V_HIGH,7,4.26003837585,5.93690821148,3.9842123357,0,0,4.26003837585,
G2_D075_DENS_LOW_V_HIGH_S007,G2_D075_DENS_LOW_V_HIGH,7,4.27004909515,6.2604912104,4.1876747812,0,0,4.27004909515,
G2_D075_DENS_LOW_V_HIGH_S007,G2_D075_DENS_LOW_V_HIGH,7,4.28000116348,5.9440878678,4.29686785989,0,0,4.28000116348,
G2_D075_DENS_LOW_V_HIGH_S007,G2_D075_DENS_LOW_V_HIGH,7,4.29001188278,5.99231513129,3.69790019203,0,0,4.29001188278,
G2_D075_DENS_LOW_V_HIGH_S007,G2_D075_DENS_LOW_V_HIGH,7,4.30002260208,6.73323389041,4.97023558518,0,0,4.30002260208,
G2_D075_DENS_LOW_V_HIGH_S007,G2_D075_DENS_LOW_V_HIGH,7,4.31003332138,5.61175963634,4.20994068255,0,0,4.31003332138,
G2_D075_DENS_LOW_V_HIGH_S007,G2_D075_DENS_LOW_V_HIGH,7,4.32004451752,6.14834168503,4.85294349499,0,0,4.32004451752,
G2_D075_DENS_LOW_V_HIGH_S007,G2_D075_DENS_LOW_V_HIGH,7,4.33005523682,6.03559146027,4.20257693983,0,0,4.33005523682,
G2_D075_DENS_LOW_V_HIGH_S007,G2_D075_DENS_LOW_V_HIGH,7,4.34000730515,5.6014421961,3.68739262085,0,0,4.34000730515,
G2_D075_DENS_LOW_V_HIGH_S007,G2_D075_DENS_LOW_V_HIGH,7,4.35001802444,6.1395295853,3.79972745991,0,0,4.35001802444,
G2_D075_DENS_LOW_V_HIGH_S007,G2_D075_DENS_LOW_V_HIGH,7,4.36002874374,6.8176495617,4.48704980274,0,0,4.36002874374,
G2_D075_DENS_LOW_V_HIGH_S007,G2_D075_DENS_LOW_V_HIGH,7,4.37003946304,5.77075652973,3.75176996267,0,0,4.37003946304,
G2_D075_DENS_LOW_V_HIGH_S007,G2_D075_DENS_LOW_V_HIGH,7,4.38005065918,6.078192486,4.57241511825,0,0,4.38005065918,
G2_D075_DENS_LOW_V_HIGH_S007,G2_D075_DENS_LOW_V_HIGH,7,4.39000225067,5.8910025102,4.30127778322,0,0,4.39000225067,
G2_D075_DENS_LOW_V_HIGH_S007,G2_D075_DENS_LOW_V_HIGH,7,4.40001344681,6.4439040194,4.66649682077,0,0,4.40001344681,
G2_D075_DENS_LOW_V_HIGH_S007,G2_D075_DENS_LOW_V_HIGH,7,4.41002416611,6.28396822237,4.42028963778,0,0,4.41002416611,
G2_D075_DENS_LOW_V_HIGH_S007,G2_D075_DENS_LOW_V_HIGH,7,4.42003488541,6.09144655598,4.94735063802,0,0,4.42003488541,
G2_D075_DENS_LOW_V_HIGH_S007,G2_D075_DENS_LOW_V_HIGH,7,4.43004560471,6.17148436109,9.25233407279,0,0,4.43004560471,
G2_D075_DENS_LOW_V_HIGH_S007,G2_D075_DENS_LOW_V_HIGH,7,4.44005680084,6.43037584923,4.5398739016,0,0,4.44005680084,
G2_D075_DENS_LOW_V_HIGH_S007,G2_D075_DENS_LOW_V_HIGH,7,4.45000839233,5.70330799114,3.61554394417,0,0,4.45000839233,
G2_D075_DENS_LOW_V_HIGH_S007,G2_D075_DENS_LOW_V_HIGH,7,4.46001958847,6.19905298139,4.16883458015,0,0,4.46001958847,
G2_D075_DENS_LOW_V_HIGH_S007,G2_D075_DENS_LOW_V_HIGH,7,4.47003030777,6.04097730776,3.87828262994,0,0,4.47003030777,
G2_D075_DENS_LOW_V_HIGH_S007,G2_D075_DENS_LOW_V_HIGH,7,4.48004102707,6.48142534985,4.95611695347,0,0,4.48004102707,
G2_D075_DENS_LOW_V_HIGH_S007,G2_D075_DENS_LOW_V_HIGH,7,4.49005174637,5.61792136417,4.4790275794,0,0,4.49005174637,
G2_D075_DENS_LOW_V_HIGH_S007,G2_D075_DENS_LOW_V_HIGH,7,4.5000038147,6.17133736382,4.25017826513,0,0,4.5000038147,
G2_D075_DENS_LOW_V_HIGH_S007,G2_D075_DENS_LOW_V_HIGH,7,4.51001501083,6.40309735513,4.68407265747,0,0,4.51001501083,
G2_D075_DENS_LOW_V_HIGH_S007,G2_D075_DENS_LOW_V_HIGH,7,4.52002573013,5.85930636119,3.89452438333,0,0,4.52002573013,
G2_D075_DENS_LOW_V_HIGH_S007,G2_D075_DENS_LOW_V_HIGH,7,4.53003644943,6.48064449591,4.44381471805,0,0,4.53003644943,
G2_D075_DENS_LOW_V_HIGH_S007,G2_D075_DENS_LOW_V_HIGH,7,4.54004716873,5.8320748399,4.37036488147,0,0,4.54004716873,
G2_D075_DENS_LOW_V_HIGH_S007,G2_D075_DENS_LOW_V_HIGH,7,4.55005788803,6.17798816153,4.95241212053,0,0,4.55005788803,
G2_D075_DENS_LOW_V_HIGH_S007,G2_D075_DENS_LOW_V_HIGH,7,4.56000995636,6.49624057509,4.5918248764,0,0,4.56000995636,
G2_D075_DENS_LOW_V_HIGH_S007,G2_D075_DENS_LOW_V_HIGH,7,4.57002067566,6.50670390736,4.40988947769,0,0,4.57002067566,
G2_D075_DENS_LOW_V_HIGH_S007,G2_D075_DENS_LOW_V_HIGH,7,4.5800318718,6.49441747733,3.99615784006,0,0,4.5800318718,
G2_D075_DENS_LOW_V_HIGH_S007,G2_D075_DENS_LOW_V_HIGH,7,4.59004259109,6.33176830956,4.43710614355,0,0,4.59004259109,
G2_D075_DENS_LOW_V_HIGH_S007,G2_D075_DENS_LOW_V_HIGH,7,4.60005331039,5.8439302253,4.33666099893,0,0,4.60005331039,
G2_D075_DENS_LOW_V_HIGH_S007,G2_D075_DENS_LOW_V_HIGH,7,4.61000537872,6.25095296624,4.8486487817,0,0,4.61000537872,
G2_D075_DENS_LOW_V_HIGH_S007,G2_D075_DENS_LOW_V_HIGH,7,4.62001609802,6.29574071456,4.50222599161,0,0,4.62001609802,
G2_D075_DENS_LOW_V_HIGH_S007,G2_D075_DENS_LOW_V_HIGH,7,4.63002681732,6.34607180745,4.97094514249,0,0,4.63002681732,
G2_D075_DENS_LOW_V_HIGH_S007,G2_D075_DENS_LOW_V_HIGH,7,4.64003801346,6.05629652365,3.78346009133,0,0,4.64003801346,
G2_D075_DENS_LOW_V_HIGH_S007,G2_D075_DENS_LOW_V_HIGH,7,4.65004873276,6.85239120686,5.01675123578,0,0,4.65004873276,
G2_D075_DENS_LOW_V_HIGH_S007,G2_D075_DENS_LOW_V_HIGH,7,4.66000080109,6.59182748658,4.3777327684,0,0,4.66000080109,
G2_D075_DENS_LOW_V_HIGH_S007,G2_D075_DENS_LOW_V_HIGH,7,4.67001152039,6.34503840556,3.95430447946,0,0,4.67001152039,
G2_D075_DENS_LOW_V_HIGH_S007,G2_D075_DENS_LOW_V_HIGH,7,4.68002223969,6.30452794633,4.52200637424,0,0,4.68002223969,
G2_D075_DENS_LOW_V_HIGH_S007,G2_D075_DENS_LOW_V_HIGH,7,4.69003295898,5.78878745849,4.1086131849,0,0,4.69003295898,
G2_D075_DENS_LOW_V_HIGH_S007,G2_D075_DENS_LOW_V_HIGH,7,4.70004415512,6.31789419845,4.27398026939,0,0,4.70004415512,
G2_D075_DENS_LOW_V_HIGH_S007,G2_D075_DENS_LOW_V_HIGH,7,4.71005487442,6.37358184989,4.40233582308,0,0,4.71005487442,
G2_D075_DENS_LOW_V_HIGH_S007,G2_D075_DENS_LOW_V_HIGH,7,4.72000694275,6.12540679458,7.57299253128,0,0,4.72000694275,
G2_D075_DENS_LOW_V_HIGH_S007,G2_D075_DENS_LOW_V_HIGH,7,4.73001766205,6.67502960143,4.02414250727,0,0,4.73001766205,
G2_D075_DENS_LOW_V_HIGH_S007,G2_D075_DENS_LOW_V_HIGH,7,4.74002838135,6.26288571862,5.08313113367,0,0,4.74002838135,
G2_D075_DENS_LOW_V_HIGH_S007,G2_D075_DENS_LOW_V_HIGH,7,4.75003910065,5.8817764971,3.99890442668,0,0,4.75003910065,
G2_D075_DENS_LOW_V_HIGH_S007,G2_D075_DENS_LOW_V_HIGH,7,4.76005029678,6.46969043591,4.11169080908,0,0,4.76005029678,
G2_D075_DENS_LOW_V_HIGH_S007,G2_D075_DENS_LOW_V_HIGH,7,4.77000188828,6.35833392215,5.62951429298,0,0,4.77000188828,
G2_D075_DENS_LOW_V_HIGH_S007,G2_D075_DENS_LOW_V_HIGH,7,4.78001308441,6.67721079782,4.67356314573,0,0,4.78001308441,
G2_D075_DENS_LOW_V_HIGH_S007,G2_D075_DENS_LOW_V_HIGH,7,4.79002380371,6.06814969856,4.27234939298,0,0,4.79002380371,
G2_D075_DENS_LOW_V_HIGH_S007,G2_D075_DENS_LOW_V_HIGH,7,4.80003452301,6.12695745004,3.89287963714,0,0,4.80003452301,
G2_D075_DENS_LOW_V_HIGH_S007,G2_D075_DENS_LOW_V_HIGH,7,4.81004524231,6.3044389743,4.36843241101,0,0,4.81004524231,
G2_D075_DENS_LOW_V_HIGH_S007,G2_D075_DENS_LOW_V_HIGH,7,4.82005643845,6.43499465831,3.90237846937,0,0,4.82005643845,
G2_D075_DENS_LOW_V_HIGH_S007,G2_D075_DENS_LOW_V_HIGH,7,4.83000802994,6.21821678388,4.10521170787,0,0,4.83000802994,
G2_D075_DENS_LOW_V_HIGH_S007,G2_D075_DENS_LOW_V_HIGH,7,4.84001922607,5.96845349487,4.0960888585,0,0,4.84001922607,
G2_D075_DENS_LOW_V_HIGH_S007,G2_D075_DENS_LOW_V_HIGH,7,4.85002994537,6.4730011903,4.37985974586,0,0,4.85002994537,
G2_D075_DENS_LOW_V_HIGH_S007,G2_D075_DENS_LOW_V_HIGH,7,4.86004066467,6.32917375242,4.02506723528,0,0,4.86004066467,
G2_D075_DENS_LOW_V_HIGH_S007,G2_D075_DENS_LOW_V_HIGH,7,4.87005138397,6.60255994543,4.53310620096,0,0,4.87005138397,
G2_D075_DENS_LOW_V_HIGH_S007,G2_D075_DENS_LOW_V_HIGH,7,4.8800034523,6.92873308052,4.22682130039,0,0,4.8800034523,
G2_D075_DENS_LOW_V_HIGH_S007,G2_D075_DENS_LOW_V_HIGH,7,4.8900141716,6.87625947473,4.76815817818,0,0,4.8900141716,
G2_D075_DENS_LOW_V_HIGH_S007,G2_D075_DENS_LOW_V_HIGH,7,4.90002536774,6.54862631409,3.92116042965,0,0,4.90002536774,
G2_D075_DENS_LOW_V_HIGH_S007,G2_D075_DENS_LOW_V_HIGH,7,4.91003608704,6.23515739076,3.81417266646,0,0,4.91003608704,
G2_D075_DENS_LOW_V_HIGH_S007,G2_D075_DENS_LOW_V_HIGH,7,4.92004680634,6.22596674541,4.60436469987,0,0,4.92004680634,
G2_D075_DENS_LOW_V_HIGH_S007,G2_D075_DENS_LOW_V_HIGH,7,4.93005752563,6.16759667004,4.07786165451,0,0,4.93005752563,
G2_D075_DENS_LOW_V_HIGH_S007,G2_D075_DENS_LOW_V_HIGH,7,4.94000959396,6.21708833112,4.26750685102,0,0,4.94000959396,
G2_D075_DENS_LOW_V_HIGH_S007,G2_D075_DENS_LOW_V_HIGH,7,4.95002031326,6.91325139395,4.34652063805,0,0,4.95002031326,
G2_D075_DENS_LOW_V_HIGH_S007,G2_D075_DENS_LOW_V_HIGH,7,4.9600315094,6.26239720136,4.22540399671,0,0,4.9600315094,
G2_D075_DENS_LOW_V_HIGH_S007,G2_D075_DENS_LOW_V_HIGH,7,4.9700422287,6.43944049691,4.58051007865,0,0,4.9700422287,
G2_D075_DENS_LOW_V_HIGH_S007,G2_D075_DENS_LOW_V_HIGH,7,4.980052948,6.5222005147,4.03910908936,0,0,4.980052948,
G2_D075_DENS_LOW_V_HIGH_S007,G2_D075_DENS_LOW_V_HIGH,7,4.99000501633,6.56498445808,4.47816491747,0,0,4.99000501633,
G2_D075_DENS_LOW_V_HIGH_S007,G2_D075_DENS_LOW_V_HIGH,7,5.00001573563,6.52555161045,4.38977592325,0,0,5.00001573563,
G2_D075_DENS_LOW_V_HIGH_S007,G2_D075_DENS_LOW_V_HIGH,7,5.01002645493,6.544799964,4.47522125779,0,0,5.01002645493,
G2_D075_DENS_LOW_V_HIGH_S007,G2_D075_DENS_LOW_V_HIGH,7,5.02003765106,6.6781613065,4.30689418212,0,0,5.02003765106,
G2_D075_DENS_LOW_V_HIGH_S007,G2_D075_DENS_LOW_V_HIGH,7,5.03004837036,6.92463539336,3.94227473702,0,0,5.03004837036,
G2_D075_DENS_LOW_V_HIGH_S007,G2_D075_DENS_LOW_V_HIGH,7,5.03999996185,6.36184914643,3.84575807811,0,0,5.03999996185,
G2_D075_DENS_LOW_V_HIGH_S007,G2_D075_DENS_LOW_V_HIGH,7,5.05001115799,6.70602668446,3.99835503211,0,0,5.05001115799,
G2_D075_DENS_LOW_V_HIGH_S007,G2_D075_DENS_LOW_V_HIGH,7,5.06002187729,6.54418434384,4.09839750646,0,0,5.06002187729,
G2_D075_DENS_LOW_V_HIGH_S007,G2_D075_DENS_LOW_V_HIGH,7,5.07003259659,6.64498689543,4.26702985156,0,0,5.07003259659,
G2_D075_DENS_LOW_V_HIGH_S007,G2_D075_DENS_LOW_V_HIGH,7,5.08004331589,6.37561383852,3.92066709294,0,0,5.08004331589,
G2_D075_DENS_LOW_V_HIGH_S007,G2_D075_DENS_LOW_V_HIGH,7,5.09005451202,6.79488211552,4.45552378242,0,0,5.09005451202,
G2_D075_DENS_LOW_V_HIGH_S007,G2_D075_DENS_LOW_V_HIGH,7,5.10000610352,6.95361264543,4.77729330391,0,0,5.10000610352,
G2_D075_DENS_LOW_V_HIGH_S007,G2_D075_DENS_LOW_V_HIGH,7,5.11001729965,6.56225285085,4.20931479065,0,0,5.11001729965,
G2_D075_DENS_LOW_V_HIGH_S007,G2_D075_DENS_LOW_V_HIGH,7,5.12002801895,6.73812293131,4.03762968635,0,0,5.12002801895,
G2_D075_DENS_LOW_V_HIGH_S007,G2_D075_DENS_LOW_V_HIGH,7,5.13003873825,6.66104275556,4.74478529011,0,0,5.13003873825,
G2_D075_DENS_LOW_V_HIGH_S007,G2_D075_DENS_LOW_V_HIGH,7,5.14004945755,6.81701681027,3.99200740073,0,0,5.14004945755,
G2_D075_DENS_LOW_V_HIGH_S007,G2_D075_DENS_LOW_V_HIGH,7,5.15000152588,6.65780992078,4.04496279232,0,0,5.15000152588,
G2_D075_DENS_LOW_V_HIGH_S007,G2_D075_DENS_LOW_V_HIGH,7,5.16001224518,6.67212170799,4.05575050768,0,0,5.16001224518,
G2_D075_DENS_LOW_V_HIGH_S007,G2_D075_DENS_LOW_V_HIGH,7,5.17002344131,6.82337803441,4.06285191124,0,0,5.17002344131,
G2_D075_DENS_LOW_V_HIGH_S007,G2_D075_DENS_LOW_V_HIGH,7,5.18003416061,6.58464175142,4.11163416925,0,0,5.18003416061,
G2_D075_DENS_LOW_V_HIGH_S007,G2_D075_DENS_LOW_V_HIGH,7,5.19004487991,6.55410389671,4.08937683052,0,0,5.19004487991,
G2_D075_DENS_LOW_V_HIGH_S007,G2_D075_DENS_LOW_V_HIGH,7,5.20005559921,6.3179759864,3.72457885249,0,0,5.20005559921,
G2_D075_DENS_LOW_V_HIGH_S007,G2_D075_DENS_LOW_V_HIGH,7,5.21000766754,6.55719857616,4.05239263093,0,0,5.21000766754,
G2_D075_DENS_LOW_V_HIGH_S007,G2_D075_DENS_LOW_V_HIGH,7,5.22001838684,6.48519256946,3.75343026803,0,0,5.22001838684,
G2_D075_DENS_LOW_V_HIGH_S007,G2_D075_DENS_LOW_V_HIGH,7,5.23002958298,6.54396440055,4.18773068567,0,0,5.23002958298,
G2_D075_DENS_LOW_V_HIGH_S007,G2_D075_DENS_LOW_V_HIGH,7,5.24004030228,6.53078603969,3.84180150679,0,0,5.24004030228,
G2_D075_DENS_LOW_V_HIGH_S007,G2_D075_DENS_LOW_V_HIGH,7,5.25005102158,6.73492435905,4.08939140631,0,0,5.25005102158,
G2_D075_DENS_LOW_V_HIGH_S007,G2_D075_DENS_LOW_V_HIGH,7,5.2600030899,6.65105965123,4.17583942893,0,0,5.2600030899,
G2_D075_DENS_LOW_V_HIGH_S007,G2_D075_DENS_LOW_V_HIGH,7,5.2700138092,6.75521771954,4.07350727314,0,0,5.2700138092,
G2_D075_DENS_LOW_V_HIGH_S007,G2_D075_DENS_LOW_V_HIGH,7,5.2800245285,6.52626780769,4.06393999736,0,0,5.2800245285,
G2_D075_DENS_LOW_V_HIGH_S007,G2_D075_DENS_LOW_V_HIGH,7,5.2900352478,6.98152665406,4.19457489862,0,0,5.2900352478,
G2_D075_DENS_LOW_V_HIGH_S007,G2_D075_DENS_LOW_V_HIGH,7,5.30004644394,6.87895626682,4.06161510506,0,0,5.30004644394,
G2_D075_DENS_LOW_V_HIGH_S007,G2_D075_DENS_LOW_V_HIGH,7,5.31005716324,6.6678913917,3.85585058909,0,0,5.31005716324,
G2_D075_DENS_LOW_V_HIGH_S007,G2_D075_DENS_LOW_V_HIGH,7,5.32000923157,6.72693732297,4.30639442644,0,0,5.32000923157,
G2_D075_DENS_LOW_V_HIGH_S007,G2_D075_DENS_LOW_V_HIGH,7,5.33001995087,6.95316612739,4.13688267039,0,0,5.33001995087,
G2_D075_DENS_LOW_V_HIGH_S007,G2_D075_DENS_LOW_V_HIGH,7,5.34003067017,6.94068683251,4.0217005218,0,0,5.34003067017,
G2_D075_DENS_LOW_V_HIGH_S007,G2_D075_DENS_LOW_V_HIGH,7,5.35004138947,6.66471934527,4.13304558958,0,0,5.35004138947,
G2_D075_DENS_LOW_V_HIGH_S007,G2_D075_DENS_LOW_V_HIGH,7,5.3600525856,6.28564653335,3.60715114943,0,0,5.3600525856,
G2_D075_DENS_LOW_V_HIGH_S007,G2_D075_DENS_LOW_V_HIGH,7,5.37000417709,6.79813042369,3.98808374506,0,0,5.37000417709,
G2_D075_DENS_LOW_V_HIGH_S007,G2_D075_DENS_LOW_V_HIGH,7,5.38001537323,6.86211181606,4.10120859267,0,0,5.38001537323,
G2_D075_DENS_LOW_V_HIGH_S007,G2_D075_DENS_LOW_V_HIGH,7,5.39002609253,7.18578931322,4.94988243614,0,0,5.39002609253,
G2_D075_DENS_LOW_V_HIGH_S007,G2_D075_DENS_LOW_V_HIGH,7,5.40003681183,6.61829417994,3.77328243403,0,0,5.40003681183,
G2_D075_DENS_LOW_V_HIGH_S007,G2_D075_DENS_LOW_V_HIGH,7,5.41004753113,7.2152666876,4.40379660345,0,0,5.41004753113,
G2_D075_DENS_LOW_V_HIGH_S007,G2_D075_DENS_LOW_V_HIGH,7,5.42005872726,6.73453034005,4.01011222495,0,0,5.42005872726,
G2_D075_DENS_LOW_V_HIGH_S007,G2_D075_DENS_LOW_V_HIGH,7,5.43001031876,6.90683435507,4.83021025965,0,0,5.43001031876,
G2_D075_DENS_LOW_V_HIGH_S007,G2_D075_DENS_LOW_V_HIGH,7,5.44002103806,6.69226972906,4.62027148284,0,0,5.44002103806,
G2_D075_DENS_LOW_V_HIGH_S007,G2_D075_DENS_LOW_V_HIGH,7,5.45003223419,6.76627511974,5.0021715908,0,0,5.45003223419,
G2_D075_DENS_LOW_V_HIGH_S007,G2_D075_DENS_LOW_V_HIGH,7,5.46004295349,6.47916126026,4.07360508174,0,0,5.46004295349,
G2_D075_DENS_LOW_V_HIGH_S007,G2_D075_DENS_LOW_V_HIGH,7,5.47005367279,6.74771477974,3.90941973972,0,0,5.47005367279,
G2_D075_DENS_LOW_V_HIGH_S007,G2_D075_DENS_LOW_V_HIGH,7,5.48000574112,6.8484283593,4.17141768698,0,0,5.48000574112,
G2_D075_DENS_LOW_V_HIGH_S007,G2_D075_DENS_LOW_V_HIGH,7,5.49001646042,7.10372449307,4.3674766171,0,0,5.49001646042,
G2_D075_DENS_LOW_V_HIGH_S007,G2_D075_DENS_LOW_V_HIGH,7,5.50002717972,6.81117283971,3.98485981527,0,0,5.50002717972,
G2_D075_DENS_LOW_V_HIGH_S007,G2_D075_DENS_LOW_V_HIGH,7,5.51003837585,6.55716044529,3.92355610576,0,0,5.51003837585,
G2_D075_DENS_LOW_V_HIGH_S007,G2_D075_DENS_LOW_V_HIGH,7,5.52004909515,6.89577584963,4.38418809018,0,0,5.52004909515,
G2_D075_DENS_LOW_V_HIGH_S007,G2_D075_DENS_LOW_V_HIGH,7,5.53000116348,6.69741297578,4.26472270694,0,0,5.53000116348,
G2_D075_DENS_LOW_V_HIGH_S007,G2_D075_DENS_LOW_V_HIGH,7,5.54001188278,6.52603128576,3.8414577491,0,0,5.54001188278,
G2_D075_DENS_LOW_V_HIGH_S007,G2_D075_DENS_LOW_V_HIGH,7,5.55002260208,6.98271423729,4.38524447174,0,0,5.55002260208,
G2_D075_DENS_LOW_V_HIGH_S007,G2_D075_DENS_LOW_V_HIGH,7,5.56003332138,7.5079255495,3.76051619051,0,0,5.56003332138,
G2_D075_DENS_LOW_V_HIGH_S007,G2_D075_DENS_LOW_V_HIGH,7,5.57004451752,6.79119999959,4.34763630833,0,0,5.57004451752,
G2_D075_DENS_LOW_V_HIGH_S007,G2_D075_DENS_LOW_V_HIGH,7,5.58005523682,6.54368477415,4.31531638899,0,0,5.58005523682,
G2_D075_DENS_LOW_V_HIGH_S007,G2_D075_DENS_LOW_V_HIGH,7,5.59000682831,6.92997537327,4.09886774899,0,0,5.59000682831,
G2_D075_DENS_LOW_V_HIGH_S007,G2_D075_DENS_LOW_V_HIGH,7,5.60001802444,6.92797930503,4.15147969444,0,0,5.60001802444,
G2_D075_DENS_LOW_V_HIGH_S007,G2_D075_DENS_LOW_V_HIGH,7,5.61002874374,7.05043356034,5.00126032668,0,0,5.61002874374,
G2_D075_DENS_LOW_V_HIGH_S007,G2_D075_DENS_LOW_V_HIGH,7,5.62003946304,7.28450019308,4.22262732279,0,0,5.62003946304,
G2_D075_DENS_LOW_V_HIGH_S007,G2_D075_DENS_LOW_V_HIGH,7,5.63005018234,7.00237650422,4.12017019494,0,0,5.63005018234,
G2_D075_DENS_LOW_V_HIGH_S007,G2_D075_DENS_LOW_V_HIGH,7,5.64000225067,6.99076482483,4.00838844198,0,0,5.64000225067,
G2_D075_DENS_LOW_V_HIGH_S007,G2_D075_DENS_LOW_V_HIGH,7,5.65001296997,7.00487711574,3.73611899415,0,0,5.65001296997,
G2_D075_DENS_LOW_V_HIGH_S007,G2_D075_DENS_LOW_V_HIGH,7,5.66002416611,6.71341025805,4.06351803581,0,0,5.66002416611,
G2_D075_DENS_LOW_V_HIGH_S007,G2_D075_DENS_LOW_V_HIGH,7,5.67003488541,6.99204580108,7.08728212325,0,0,5.67003488541,
G2_D075_DENS_LOW_V_HIGH_S007,G2_D075_DENS_LOW_V_HIGH,7,5.68004560471,6.63436330298,3.65892027689,0,0,5.68004560471,
G2_D075_DENS_LOW_V_HIGH_S007,G2_D075_DENS_LOW_V_HIGH,7,5.69005632401,6.49603776307,3.77956674897,0,0,5.69005632401,
G2_D075_DENS_LOW_V_HIGH_S007,G2_D075_DENS_LOW_V_HIGH,7,5.70000839233,6.96734915383,4.3379449428,0,0,5.70000839233,
G2_D075_DENS_LOW_V_HIGH_S007,G2_D075_DENS_LOW_V_HIGH,7,5.71001911163,7.66509713464,4.4968168332,0,0,5.71001911163,
G2_D075_DENS_LOW_V_HIGH_S007,G2_D075_DENS_LOW_V_HIGH,7,5.72002983093,7.04563349146,3.88497435639,0,0,5.72002983093,
G2_D075_DENS_LOW_V_HIGH_S007,G2_D075_DENS_LOW_V_HIGH,7,5.73004102707,7.16937701234,4.68891337537,0,0,5.73004102707,
G2_D075_DENS_LOW_V_HIGH_S007,G2_D075_DENS_LOW_V_HIGH,7,5.74005174637,7.03487671727,4.04311794345,0,0,5.74005174637,
G2_D075_DENS_LOW_V_HIGH_S007,G2_D075_DENS_LOW_V_HIGH,7,5.7500038147,7.32410324809,3.8195218193,0,0,5.7500038147,
G2_D075_DENS_LOW_V_HIGH_S007,G2_D075_DENS_LOW_V_HIGH,7,5.760014534,6.93459694545,4.25472462544,0,0,5.760014534,
G2_D075_DENS_LOW_V_HIGH_S007,G2_D075_DENS_LOW_V_HIGH,7,5.7700252533,7.04504826547,4.00683120491,0,0,5.7700252533,
G2_D075_DENS_LOW_V_HIGH_S007,G2_D075_DENS_LOW_V_HIGH,7,5.7800359726,7.00001681114,3.76909421388,0,0,5.7800359726,
G2_D075_DENS_LOW_V_HIGH_S007,G2_D075_DENS_LOW_V_HIGH,7,5.79004716873,7.25513942181,3.70940271098,0,0,5.79004716873,
G2_D075_DENS_LOW_V_HIGH_S007,G2_D075_DENS_LOW_V_HIGH,7,5.80005788803,7.08033976886,4.06359784814,0,0,5.80005788803,
G2_D075_DENS_LOW_V_HIGH_S007,G2_D075_DENS_LOW_V_HIGH,7,5.81000995636,7.37595736537,4.64961218257,0,0,5.81000995636,
G2_D075_DENS_LOW_V_HIGH_S007,G2_D075_DENS_LOW_V_HIGH,7,5.82002067566,7.56550150802,4.09224104907,0,0,5.82002067566,
G2_D075_DENS_LOW_V_HIGH_S007,G2_D075_DENS_LOW_V_HIGH,7,5.83003139496,6.46808728143,4.03132493873,0,0,5.83003139496,
G2_D075_DENS_LOW_V_HIGH_S007,G2_D075_DENS_LOW_V_HIGH,7,5.84004211426,7.07188576775,4.39449940789,0,0,5.84004211426,
G2_D075_DENS_LOW_V_HIGH_S007,G2_D075_DENS_LOW_V_HIGH,7,5.85005283356,7.59870078706,5.1363031928,0,0,5.85005283356,
G2_D075_DENS_LOW_V_HIGH_S007,G2_D075_DENS_LOW_V_HIGH,7,5.86000490189,7.39057862052,3.81574844222,0,0,5.86000490189,
G2_D075_DENS_LOW_V_HIGH_S007,G2_D075_DENS_LOW_V_HIGH,7,5.87001562119,7.18919456586,3.90444261094,0,0,5.87001562119,
G2_D075_DENS_LOW_V_HIGH_S007,G2_D075_DENS_LOW_V_HIGH,7,5.88002681732,7.13193415411,3.97144602568,0,0,5.88002681732,
G2_D075_DENS_LOW_V_HIGH_S007,G2_D075_DENS_LOW_V_HIGH,7,5.89003753662,7.63884872669,4.66278917269,0,0,5.89003753662,
G2_D075_DENS_LOW_V_HIGH_S007,G2_D075_DENS_LOW_V_HIGH,7,5.90004825592,7.61747499151,4.01798667654,0,0,5.90004825592,
G2_D075_DENS_LOW_V_HIGH_S007,G2_D075_DENS_LOW_V_HIGH,7,5.91000032425,6.93657477719,3.85565837967,0,0,5.91000032425,
G2_D075_DENS_LOW_V_HIGH_S007,G2_D075_DENS_LOW_V_HIGH,7,5.92001104355,7.11072510008,3.77919965519,0,0,5.92001104355,
G2_D075_DENS_LOW_V_HIGH_S007,G2_D075_DENS_LOW_V_HIGH,7,5.93002176285,7.43216116513,5.08290412278,0,0,5.93002176285,
G2_D075_DENS_LOW_V_HIGH_S007,G2_D075_DENS_LOW_V_HIGH,7,5.94003248215,6.64393967801,3.75756110118,0,0,5.94003248215,
G2_D075_DENS_LOW_V_HIGH_S007,G2_D075_DENS_LOW_V_HIGH,7,5.95004367828,6.97750025504,4.41811442313,0,0,5.95004367828,
G2_D075_DENS_LOW_V_HIGH_S007,G2_D075_DENS_LOW_V_HIGH,7,5.96005439758,6.73000934494,3.99715062658,0,0,5.96005439758,
G2_D075_DENS_LOW_V_HIGH_S007,G2_D075_DENS_LOW_V_HIGH,7,5.97000646591,7.40810500601,4.35003765922,0,0,5.97000646591,
G2_D075_DENS_LOW_V_HIGH_S007,G2_D075_DENS_LOW_V_HIGH,7,5.98001718521,7.62327530499,4.46255070509,0,0,5.98001718521,
G2_D075_DENS_LOW_V_HIGH_S007,G2_D075_DENS_LOW_V_HIGH,7,5.99002790451,7.18883923034,4.13237221424,0,0,5.99002790451,
G2_D075_DENS_LOW_V_HIGH_S007,G2_D075_DENS_LOW_V_HIGH,7,6.00003862381,7.32920062724,4.33785469723,0,0,6.00003862381,
G2_D075_DENS_LOW_V_HIGH_S007,G2_D075_DENS_LOW_V_HIGH,7,6.01004981995,7.33040368388,4.37837527413,0,0,6.01004981995,
G2_D075_DENS_LOW_V_HIGH_S007,G2_D075_DENS_LOW_V_HIGH,7,6.02000141144,6.90561029882,3.89267690433,0,0,6.02000141144,
G2_D075_DENS_LOW_V_HIGH_S007,G2_D075_DENS_LOW_V_HIGH,7,6.03001260757,7.21450738589,3.91708533841,0,0,6.03001260757,
G2_D075_DENS_LOW_V_HIGH_S007,G2_D075_DENS_LOW_V_HIGH,7,6.04002332687,7.23099318541,4.16716095726,0,0,6.04002332687,
G2_D075_DENS_LOW_V_HIGH_S007,G2_D075_DENS_LOW_V_HIGH,7,6.05003404617,6.92980571852,4.25039125275,0,0,6.05003404617,
G2_D075_DENS_LOW_V_HIGH_S007,G2_D075_DENS_LOW_V_HIGH,7,6.06004476547,7.34841969186,4.75309234658,0,0,6.06004476547,
G2_D075_DENS_LOW_V_HIGH_S007,G2_D075_DENS_LOW_V_HIGH,7,6.07005548477,7.18445307485,4.2095138379,0,0,6.07005548477,
G2_D075_DENS_LOW_V_HIGH_S007,G2_D075_DENS_LOW_V_HIGH,7,6.0800075531,7.23930847857,4.42446855716,0,0,6.0800075531,
G2_D075_DENS_LOW_V_HIGH_S007,G2_D075_DENS_LOW_V_HIGH,7,6.0900182724,6.64957641558,3.74250395739,0,0,6.0900182724,
G2_D075_DENS_LOW_V_HIGH_S007,G2_D075_DENS_LOW_V_HIGH,7,6.10002946854,7.39413971237,4.14312207514,0,0,6.10002946854,
G2_D075_DENS_LOW_V_HIGH_S007,G2_D075_DENS_LOW_V_HIGH,7,6.11004018784,7.30075886524,4.37600675205,0,0,6.11004018784,
G2_D075_DENS_LOW_V_HIGH_S007,G2_D075_DENS_LOW_V_HIGH,7,6.12005090714,7.26452956345,4.37221351318,0,0,6.12005090714,
G2_D075_DENS_LOW_V_HIGH_S007,G2_D075_DENS_LOW_V_HIGH,7,6.13000297546,7.06507360462,3.8978270071,0,0,6.13000297546,
G2_D075_DENS_LOW_V_HIGH_S007,G2_D075_DENS_LOW_V_HIGH,7,6.14001369476,7.34415345519,4.09595324814,0,0,6.14001369476,
G2_D075_DENS_LOW_V_HIGH_S007,G2_D075_DENS_LOW_V_HIGH,7,6.15002441406,7.51109206972,4.1085921796,0,0,6.15002441406,
G2_D075_DENS_LOW_V_HIGH_S007,G2_D075_DENS_LOW_V_HIGH,7,6.16003513336,7.48294596013,3.88374996192,0,0,6.16003513336,
G2_D075_DENS_LOW_V_HIGH_S007,G2_D075_DENS_LOW_V_HIGH,7,6.1700463295,7.449008379,4.09851083252,0,0,6.1700463295,
G2_D075_DENS_LOW_V_HIGH_S007,G2_D075_DENS_LOW_V_HIGH,7,6.1800570488,7.32959519887,4.15082602201,0,0,6.1800570488,
G2_D075_DENS_LOW_V_HIGH_S007,G2_D075_DENS_LOW_V_HIGH,7,6.19000911713,7.17560339687,4.34680592235,0,0,6.19000911713,
G2_D075_DENS_LOW_V_HIGH_S007,G2_D075_DENS_LOW_V_HIGH,7,6.20001983643,7.32124232746,3.79892228438,0,0,6.20001983643,
G2_D075_DENS_LOW_V_HIGH_S007,G2_D075_DENS_LOW_V_HIGH,7,6.21003055573,7.55967245823,4.17325338467,0,0,6.21003055573,
G2_D075_DENS_LOW_V_HIGH_S007,G2_D075_DENS_LOW_V_HIGH,7,6.22004127502,7.43082382151,4.2010146965,0,0,6.22004127502,
G2_D075_DENS_LOW_V_HIGH_S007,G2_D075_DENS_LOW_V_HIGH,7,6.23005247116,7.1969887371,4.06969318525,0,0,6.23005247116,
G2_D075_DENS_LOW_V_HIGH_S007,G2_D075_DENS_LOW_V_HIGH,7,6.24000406265,7.74219278379,4.52611342995,0,0,6.24000406265,
G2_D075_DENS_LOW_V_HIGH_S007,G2_D075_DENS_LOW_V_HIGH,7,6.25001478195,7.43481872111,4.23501080071,0,0,6.25001478195,
G2_D075_DENS_LOW_V_HIGH_S007,G2_D075_DENS_LOW_V_HIGH,7,6.26002597809,7.45540883925,4.30314298287,0,0,6.26002597809,
G2_D075_DENS_LOW_V_HIGH_S007,G2_D075_DENS_LOW_V_HIGH,7,6.27003669739,7.52327073859,4.7124171408,0,0,6.27003669739,
G2_D075_DENS_LOW_V_HIGH_S007,G2_D075_DENS_LOW_V_HIGH,7,6.28004741669,7.45686002286,3.6641051231,0,0,6.28004741669,
G2_D075_DENS_LOW_V_HIGH_S007,G2_D075_DENS_LOW_V_HIGH,7,6.29005813599,6.99338811829,3.72567831547,0,0,6.29005813599,
G2_D075_DENS_LOW_V_HIGH_S007,G2_D075_DENS_LOW_V_HIGH,7,6.30001020432,7.53524659544,4.99312710717,0,0,6.30001020432,
G2_D075_DENS_LOW_V_HIGH_S007,G2_D075_DENS_LOW_V_HIGH,7,6.31002092361,7.78625162458,4.00670388999,0,0,6.31002092361,
G2_D075_DENS_LOW_V_HIGH_S007,G2_D075_DENS_LOW_V_HIGH,7,6.32003211975,6.98128515853,3.76734105199,0,0,6.32003211975,
G2_D075_DENS_LOW_V_HIGH_S007,G2_D075_DENS_LOW_V_HIGH,7,6.33004283905,7.88823457534,4.30310179373,0,0,6.33004283905,
G2_D075_DENS_LOW_V_HIGH_S007,G2_D075_DENS_LOW_V_HIGH,7,6.34005355835,7.76075478165,3.79693116419,0,0,6.34005355835,
G2_D075_DENS_LOW_V_HIGH_S007,G2_D075_DENS_LOW_V_HIGH,7,6.35000562668,7.27438169653,4.06967259751,0,0,6.35000562668,
G2_D075_DENS_LOW_V_HIGH_S007,G2_D075_DENS_LOW_V_HIGH,7,6.36001634598,7.98839498095,4.66305632682,0,0,6.36001634598,
G2_D075_DENS_LOW_V_HIGH_S007,G2_D075_DENS_LOW_V_HIGH,7,6.37002706528,8.31635363555,4.46859148911,0,0,6.37002706528,
G2_D075_DENS_LOW_V_HIGH_S007,G2_D075_DENS_LOW_V_HIGH,7,6.38003778458,7.69207058176,3.87488951932,0,0,6.38003778458,
G2_D075_DENS_LOW_V_HIGH_S007,G2_D075_DENS_LOW_V_HIGH,7,6.39004898071,7.88134062424,4.03544280286,0,0,6.39004898071,
G2_D075_DENS_LOW_V_HIGH_S007,G2_D075_DENS_LOW_V_HIGH,7,6.4000005722,7.58518809029,3.68842881296,0,0,6.4000005722,
G2_D075_DENS_LOW_V_HIGH_S007,G2_D075_DENS_LOW_V_HIGH,7,6.4100112915,7.4592291105,4.45100326748,0,0,6.4100112915,
G2_D075_DENS_LOW_V_HIGH_S007,G2_D075_DENS_LOW_V_HIGH,7,6.42002248764,7.55996092657,6.3696723683,0,0,6.42002248764,
G2_D075_DENS_LOW_V_HIGH_S007,G2_D075_DENS_LOW_V_HIGH,7,6.43003320694,7.4418784586,4.18747734747,0,0,6.43003320694,
G2_D075_DENS_LOW_V_HIGH_S007,G2_D075_DENS_LOW_V_HIGH,7,6.44004392624,7.1453230637,4.01965496105,0,0,6.44004392624,
G2_D075_DENS_LOW_V_HIGH_S007,G2_D075_DENS_LOW_V_HIGH,7,6.45005464554,8.25026233495,4.31547818687,0,0,6.45005464554,
G2_D075_DENS_LOW_V_HIGH_S007,G2_D075_DENS_LOW_V_HIGH,7,6.46000671387,7.97728287124,4.88443921293,0,0,6.46000671387,
G2_D075_DENS_LOW_V_HIGH_S007,G2_D075_DENS_LOW_V_HIGH,7,6.47001743317,7.28012398477,4.61808895531,0,0,6.47001743317,
G2_D075_DENS_LOW_V_HIGH_S007,G2_D075_DENS_LOW_V_HIGH,7,6.4800286293,7.12378962095,5.19912726966,0,0,6.4800286293,
G2_D075_DENS_LOW_V_HIGH_S007,G2_D075_DENS_LOW_V_HIGH,7,6.4900393486,6.95972795307,4.15147754634,0,0,6.4900393486,
G2_D075_DENS_LOW_V_HIGH_S007,G2_D075_DENS_LOW_V_HIGH,7,6.5000500679,7.63702341844,4.64257522252,0,0,6.5000500679,
G2_D075_DENS_LOW_V_HIGH_S007,G2_D075_DENS_LOW_V_HIGH,7,6.51000213623,7.73314581999,3.70789521949,0,0,6.51000213623,
G2_D075_DENS_LOW_V_HIGH_S007,G2_D075_DENS_LOW_V_HIGH,7,6.52001285553,7.25128101968,3.35130155291,0,0,6.52001285553,
G2_D075_DENS_LOW_V_HIGH_S007,G2_D075_DENS_LOW_V_HIGH,7,6.53002357483,7.72382199291,4.60407562038,0,0,6.53002357483,
G2_D075_DENS_LOW_V_HIGH_S007,G2_D075_DENS_LOW_V_HIGH,7,6.54003429413,7.49399286052,3.86037637335,0,0,6.54003429413,
G2_D075_DENS_LOW_V_HIGH_S007,G2_D075_DENS_LOW_V_HIGH,7,6.55004549026,7.22235239829,4.03369408687,0,0,6.55004549026,
G2_D075_DENS_LOW_V_HIGH_S007,G2_D075_DENS_LOW_V_HIGH,7,6.56005620956,7.31789731055,3.66330867327,0,0,6.56005620956,
G2_D075_DENS_LOW_V_HIGH_S007,G2_D075_DENS_LOW_V_HIGH,7,6.57000827789,8.02239113994,4.3736876387,0,0,6.57000827789,
G2_D075_DENS_LOW_V_HIGH_S007,G2_D075_DENS_LOW_V_HIGH,7,6.58001899719,7.86737919896,4.18003872975,0,0,6.58001899719,
G2_D075_DENS_LOW_V_HIGH_S007,G2_D075_DENS_LOW_V_HIGH,7,6.59002971649,8.0804578262,4.24216997534,0,0,6.59002971649,
G2_D075_DENS_LOW_V_HIGH_S007,G2_D075_DENS_LOW_V_HIGH,7,6.60004043579,7.61040862256,4.19841229674,0,0,6.60004043579,
G2_D075_DENS_LOW_V_HIGH_S007,G2_D075_DENS_LOW_V_HIGH,7,6.61005115509,7.45639305784,4.88556978299,0,0,6.61005115509,
G2_D075_DENS_LOW_V_HIGH_S007,G2_D075_DENS_LOW_V_HIGH,7,6.62000322342,7.52251862096,3.99242336448,0,0,6.62000322342,
G2_D075_DENS_LOW_V_HIGH_S007,G2_D075_DENS_LOW_V_HIGH,7,6.63001394272,7.94586026978,4.03133438301,0,0,6.63001394272,
G2_D075_DENS_LOW_V_HIGH_S007,G2_D075_DENS_LOW_V_HIGH,7,6.64002513885,7.85240537139,3.8296492223,0,0,6.64002513885,
G2_D075_DENS_LOW_V_HIGH_S007,G2_D075_DENS_LOW_V_HIGH,7,6.65003585815,7.80946890452,4.41675363577,0,0,6.65003585815,
G2_D075_DENS_LOW_V_HIGH_S007,G2_D075_DENS_LOW_V_HIGH,7,6.66004657745,7.97836103545,4.43299857287,0,0,6.66004657745,
G2_D075_DENS_LOW_V_HIGH_S007,G2_D075_DENS_LOW_V_HIGH,7,6.67005729675,7.37169554967,4.01688648293,0,0,6.67005729675,
G2_D075_DENS_LOW_V_HIGH_S007,G2_D075_DENS_LOW_V_HIGH,7,6.68000936508,7.69482926744,4.36602311903,0,0,6.68000936508,
G2_D075_DENS_LOW_V_HIGH_S007,G2_D075_DENS_LOW_V_HIGH,7,6.69002008438,7.51649615371,4.06829351549,0,0,6.69002008438,
G2_D075_DENS_LOW_V_HIGH_S007,G2_D075_DENS_LOW_V_HIGH,7,6.70003080368,7.9376090807,4.19684425867,0,0,6.70003080368,
G2_D075_DENS_LOW_V_HIGH_S007,G2_D075_DENS_LOW_V_HIGH,7,6.71004199982,7.92193176619,4.66538716774,0,0,6.71004199982,
G2_D075_DENS_LOW_V_HIGH_S007,G2_D075_DENS_LOW_V_HIGH,7,6.72003889084,7.40583207447,3.91367164901,0,0,6.72003889084,
G2_D075_DENS_LOW_V_HIGH_S007,G2_D075_DENS_LOW_V_HIGH,7,6.73004961014,7.63711404834,4.16356469956,0,0,6.73004961014,
G2_D075_DENS_LOW_V_HIGH_S007,G2_D075_DENS_LOW_V_HIGH,7,6.74000167847,7.87593598763,3.74196087954,0,0,6.74000167847,
G2_D075_DENS_LOW_V_HIGH_S007,G2_D075_DENS_LOW_V_HIGH,7,6.75001239777,7.96215320446,4.35568472641,0,0,6.75001239777,
G2_D075_DENS_LOW_V_HIGH_S007,G2_D075_DENS_LOW_V_HIGH,7,6.76002311707,7.9171444076,3.57876643065,0,0,6.76002311707,
G2_D075_DENS_LOW_V_HIGH_S007,G2_D075_DENS_LOW_V_HIGH,7,6.7700343132,7.79234980096,4.00195942869,0,0,6.7700343132,
G2_D075_DENS_LOW_V_HIGH_S007,G2_D075_DENS_LOW_V_HIGH,7,6.7800450325,8.13313203353,4.41280092234,0,0,6.7800450325,
G2_D075_DENS_LOW_V_HIGH_S007,G2_D075_DENS_LOW_V_HIGH,7,6.7900557518,8.12410606935,3.87256524379,0,0,6.7900557518,
G2_D075_DENS_LOW_V_HIGH_S007,G2_D075_DENS_LOW_V_HIGH,7,6.80000782013,7.27458727166,3.86745972665,0,0,6.80000782013,
G2_D075_DENS_LOW_V_HIGH_S007,G2_D075_DENS_LOW_V_HIGH,7,6.81001853943,8.12405357032,4.52494807364,0,0,6.81001853943,
G2_D075_DENS_LOW_V_HIGH_S007,G2_D075_DENS_LOW_V_HIGH,7,6.82002925873,7.65290188712,3.91724569096,0,0,6.82002925873,
G2_D075_DENS_LOW_V_HIGH_S007,G2_D075_DENS_LOW_V_HIGH,7,6.83003997803,8.38876913466,5.58930371692,0,0,6.83003997803,
G2_D075_DENS_LOW_V_HIGH_S007,G2_D075_DENS_LOW_V_HIGH,7,6.84005117416,7.72790696978,4.12974036161,0,0,6.84005117416,
G2_D075_DENS_LOW_V_HIGH_S007,G2_D075_DENS_LOW_V_HIGH,7,6.85000276566,7.83485853892,3.94358470553,0,0,6.85000276566,
G2_D075_DENS_LOW_V_HIGH_S007,G2_D075_DENS_LOW_V_HIGH,7,6.86001396179,8.38210175831,3.91508118583,0,0,6.86001396179,
G2_D075_DENS_LOW_V_HIGH_S007,G2_D075_DENS_LOW_V_HIGH,7,6.87002468109,7.88417059807,3.5200833733,0,0,6.87002468109,
G2_D075_DENS_LOW_V_HIGH_S007,G2_D075_DENS_LOW_V_HIGH,7,6.88003540039,7.67362684487,3.18164058571,0,0,6.88003540039,
G2_D075_DENS_LOW_V_HIGH_S007,G2_D075_DENS_LOW_V_HIGH,7,6.89004611969,7.94575692959,3.92158473668,0,0,6.89004611969,
G2_D075_DENS_LOW_V_HIGH_S007,G2_D075_DENS_LOW_V_HIGH,7,6.90005683899,7.65708246748,4.27501214082,0,0,6.90005683899,
G2_D075_DENS_LOW_V_HIGH_S007,G2_D075_DENS_LOW_V_HIGH,7,6.91000890732,7.32571358665,3.98453285966,0,0,6.91000890732,
G2_D075_DENS_LOW_V_HIGH_S007,G2_D075_DENS_LOW_V_HIGH,7,6.92001962662,7.60125500284,4.05978437775,0,0,6.92001962662,
G2_D075_DENS_LOW_V_HIGH_S007,G2_D075_DENS_LOW_V_HIGH,7,6.93003082275,8.15675217443,4.13619704056,0,0,6.93003082275,
G2_D075_DENS_LOW_V_HIGH_S007,G2_D075_DENS_LOW_V_HIGH,7,6.94004154205,8.70206564014,4.84884708996,0,0,6.94004154205,
G2_D075_DENS_LOW_V_HIGH_S007,G2_D075_DENS_LOW_V_HIGH,7,6.95005226135,8.42843850423,5.13153360343,0,0,6.95005226135,
G2_D075_DENS_LOW_V_HIGH_S007,G2_D075_DENS_LOW_V_HIGH,7,6.96000432968,8.61531072275,4.27504094679,0,0,6.96000432968,
G2_D075_DENS_LOW_V_HIGH_S007,G2_D075_DENS_LOW_V_HIGH,7,6.97001504898,8.21120913817,4.49860253435,0,0,6.97001504898,
G2_D075_DENS_LOW_V_HIGH_S007,G2_D075_DENS_LOW_V_HIGH,7,6.98002576828,7.38772598921,4.11582458734,0,0,6.98002576828,
G2_D075_DENS_LOW_V_HIGH_S007,G2_D075_DENS_LOW_V_HIGH,7,6.99003648758,7.57525859023,3.645554113,0,0,6.99003648758,
G2_D075_DENS_LOW_V_HIGH_S007,G2_D075_DENS_LOW_V_HIGH,7,7.00004768372,8.03586183748,3.86317262328,0,0,7.00004768372,
G2_D075_DENS_LOW_V_HIGH_S007,G2_D075_DENS_LOW_V_HIGH,7,7.01005840302,7.85132057572,6.03719423281,0,0,7.01005840302,
G2_D075_DENS_LOW_V_HIGH_S007,G2_D075_DENS_LOW_V_HIGH,7,7.02000999451,7.77801038268,4.51602257148,0,0,7.02000999451,
G2_D075_DENS_LOW_V_HIGH_S007,G2_D075_DENS_LOW_V_HIGH,7,7.03002119064,7.54823043359,3.8845089491,0,0,7.03002119064,
G2_D075_DENS_LOW_V_HIGH_S007,G2_D075_DENS_LOW_V_HIGH,7,7.04003190994,7.8084940805,4.4162786519,0,0,7.04003190994,
G2_D075_DENS_LOW_V_HIGH_S007,G2_D075_DENS_LOW_V_HIGH,7,7.05004262924,8.02310457407,4.30860060374,0,0,7.05004262924,
G2_D075_DENS_LOW_V_HIGH_S007,G2_D075_DENS_LOW_V_HIGH,7,7.06005334854,8.22436981515,4.32180318556,0,0,7.06005334854,
G2_D075_DENS_LOW_V_HIGH_S007,G2_D075_DENS_LOW_V_HIGH,7,7.07000541687,8.11495023915,5.24572644743,0,0,7.07000541687,
G2_D075_DENS_LOW_V_HIGH_S007,G2_D075_DENS_LOW_V_HIGH,7,7.08001613617,8.14877342766,4.12192593235,0,0,7.08001613617,
G2_D075_DENS_LOW_V_HIGH_S007,G2_D075_DENS_LOW_V_HIGH,7,7.09002685547,7.69427609349,4.00751963112,0,0,7.09002685547,
G2_D075_DENS_LOW_V_HIGH_S007,G2_D075_DENS_LOW_V_HIGH,7,7.10003805161,7.88620645505,3.89741796522,0,0,7.10003805161,
G2_D075_DENS_LOW_V_HIGH_S007,G2_D075_DENS_LOW_V_HIGH,7,7.1100487709,6.92266971928,3.52439231746,0,0,7.1100487709,
G2_D075_DENS_LOW_V_HIGH_S007,G2_D075_DENS_LOW_V_HIGH,7,7.12000083923,7.99340836165,4.03713737215,0,0,7.12000083923,
G2_D075_DENS_LOW_V_HIGH_S007,G2_D075_DENS_LOW_V_HIGH,7,7.13001155853,7.74863026966,4.29705046465,0,0,7.13001155853,
G2_D075_DENS_LOW_V_HIGH_S007,G2_D075_DENS_LOW_V_HIGH,7,7.14002227783,7.52239317592,3.59248842348,0,0,7.14002227783,
G2_D075_DENS_LOW_V_HIGH_S007,G2_D075_DENS_LOW_V_HIGH,7,7.15003299713,7.8687353317,3.87041253483,0,0,7.15003299713,
G2_D075_DENS_LOW_V_HIGH_S007,G2_D075_DENS_LOW_V_HIGH,7,7.16004371643,7.74092672832,4.11970210274,0,0,7.16004371643,
G2_D075_DENS_LOW_V_HIGH_S007,G2_D075_DENS_LOW_V_HIGH,7,7.17005491257,8.08804752755,4.40954555844,0,0,7.17005491257,
G2_D075_DENS_LOW_V_HIGH_S007,G2_D075_DENS_LOW_V_HIGH,7,7.18000650406,8.21892981077,4.55583783177,0,0,7.18000650406,
G2_D075_DENS_LOW_V_HIGH_S007,G2_D075_DENS_LOW_V_HIGH,7,7.1900177002,7.48388431115,4.12447594977,0,0,7.1900177002,
G2_D075_DENS_LOW_V_HIGH_S007,G2_D075_DENS_LOW_V_HIGH,7,7.20002841949,8.02318912514,4.24535000192,0,0,7.20002841949,
G2_D075_DENS_LOW_V_HIGH_S007,G2_D075_DENS_LOW_V_HIGH,7,7.21003913879,8.01836474092,4.24952256604,0,0,7.21003913879,
G2_D075_DENS_LOW_V_HIGH_S007,G2_D075_DENS_LOW_V_HIGH,7,7.22004985809,7.62557697283,3.69246488297,0,0,7.22004985809,
G2_D075_DENS_LOW_V_HIGH_S007,G2_D075_DENS_LOW_V_HIGH,7,7.23000192642,7.91265325405,3.48787751743,0,0,7.23000192642,
G2_D075_DENS_LOW_V_HIGH_S007,G2_D075_DENS_LOW_V_HIGH,7,7.24001264572,8.02310512669,3.3468196079,0,0,7.24001264572,
G2_D075_DENS_LOW_V_HIGH_S007,G2_D075_DENS_LOW_V_HIGH,7,7.25002336502,7.57896833722,4.03282780498,0,0,7.25002336502,
G2_D075_DENS_LOW_V_HIGH_S007,G2_D075_DENS_LOW_V_HIGH,7,7.26003456116,7.81229114166,4.11300908721,0,0,7.26003456116,
G2_D075_DENS_LOW_V_HIGH_S007,G2_D075_DENS_LOW_V_HIGH,7,7.27004528046,7.86339811489,4.26215647148,0,0,7.27004528046,
G2_D075_DENS_LOW_V_HIGH_S007,G2_D075_DENS_LOW_V_HIGH,7,7.28005599976,8.30951715708,4.29215103994,0,0,7.28005599976,
G2_D075_DENS_LOW_V_HIGH_S007,G2_D075_DENS_LOW_V_HIGH,7,7.29000806808,7.60300681246,4.22624618555,0,0,7.29000806808,
G2_D075_DENS_LOW_V_HIGH_S007,G2_D075_DENS_LOW_V_HIGH,7,7.30001878738,7.96145524372,4.01172068337,0,0,7.30001878738,
G2_D075_DENS_LOW_V_HIGH_S007,G2_D075_DENS_LOW_V_HIGH,7,7.31002950668,8.03208853904,3.96144096107,0,0,7.31002950668,
G2_D075_DENS_LOW_V_HIGH_S007,G2_D075_DENS_LOW_V_HIGH,7,7.32004022598,8.00768588634,3.94527296703,0,0,7.32004022598,
G2_D075_DENS_LOW_V_HIGH_S007,G2_D075_DENS_LOW_V_HIGH,7,7.33005142212,8.25711704993,4.36436074473,0,0,7.33005142212,
G2_D075_DENS_LOW_V_HIGH_S007,G2_D075_DENS_LOW_V_HIGH,7,7.34005117416,8.03733733643,4.23807673573,0,0,7.34005117416,
G2_D075_DENS_LOW_V_HIGH_S007,G2_D075_DENS_LOW_V_HIGH,7,7.35000324249,8.19034160412,3.99644608888,0,0,7.35000324249,
G2_D075_DENS_LOW_V_HIGH_S007,G2_D075_DENS_LOW_V_HIGH,7,7.36001396179,8.31865861912,3.51840392574,0,0,7.36001396179,
G2_D075_DENS_LOW_V_HIGH_S007,G2_D075_DENS_LOW_V_HIGH,7,7.37002515793,8.02415123887,4.20852150923,0,0,7.37002515793,
G2_D075_DENS_LOW_V_HIGH_S007,G2_D075_DENS_LOW_V_HIGH,7,7.38003587723,7.97416387645,3.96273355815,0,0,7.38003587723,
G2_D075_DENS_LOW_V_HIGH_S007,G2_D075_DENS_LOW_V_HIGH,7,7.39004659653,8.09096260507,4.01420660806,0,0,7.39004659653,
G2_D075_DENS_LOW_V_HIGH_S007,G2_D075_DENS_LOW_V_HIGH,7,7.40005731583,8.22247321874,3.8984648956,0,0,7.40005731583,
G2_D075_DENS_LOW_V_HIGH_S007,G2_D075_DENS_LOW_V_HIGH,7,7.41000938416,8.20882457713,4.5542382752,0,0,7.41000938416,
G2_D075_DENS_LOW_V_HIGH_S007,G2_D075_DENS_LOW_V_HIGH,7,7.42002010345,8.42029839203,4.3764258871,0,0,7.42002010345,
G2_D075_DENS_LOW_V_HIGH_S007,G2_D075_DENS_LOW_V_HIGH,7,7.43003082275,8.30683197003,4.33726294668,0,0,7.43003082275,
G2_D075_DENS_LOW_V_HIGH_S007,G2_D075_DENS_LOW_V_HIGH,7,7.44004201889,7.9251264701,4.06329450727,0,0,7.44004201889,
G2_D075_DENS_LOW_V_HIGH_S007,G2_D075_DENS_LOW_V_HIGH,7,7.45005273819,7.99892241729,3.96306878084,0,0,7.45005273819,
G2_D075_DENS_LOW_V_HIGH_S007,G2_D075_DENS_LOW_V_HIGH,7,7.46000432968,8.33401983424,4.18814765442,0,0,7.46000432968,
G2_D075_DENS_LOW_V_HIGH_S007,G2_D075_DENS_LOW_V_HIGH,7,7.47001552582,7.62359582536,3.91155503546,0,0,7.47001552582,
G2_D075_DENS_LOW_V_HIGH_S007,G2_D075_DENS_LOW_V_HIGH,7,7.48003816605,7.95012650645,3.69247736396,0,0,7.48003816605,
G2_D075_DENS_LOW_V_HIGH_S007,G2_D075_DENS_LOW_V_HIGH,7,7.49004888535,8.07361692676,4.15013578674,0,0,7.49004888535,
G2_D075_DENS_LOW_V_HIGH_S007,G2_D075_DENS_LOW_V_HIGH,7,7.50000095367,7.94290264042,4.67569264607,0,0,7.50000095367,
G2_D075_DENS_LOW_V_HIGH_S007,G2_D075_DENS_LOW_V_HIGH,7,7.51001167297,8.34573540644,4.35580243597,0,0,7.51001167297,
G2_D075_DENS_LOW_V_HIGH_S007,G2_D075_DENS_LOW_V_HIGH,7,7.52002239227,8.23118695187,4.15133118918,0,0,7.52002239227,
G2_D075_DENS_LOW_V_HIGH_S007,G2_D075_DENS_LOW_V_HIGH,7,7.53003358841,7.84114902752,4.15003342717,0,0,7.53003358841,
G2_D075_DENS_LOW_V_HIGH_S007,G2_D075_DENS_LOW_V_HIGH,7,7.54004430771,7.9763284942,4.27253090312,0,0,7.54004430771,
G2_D075_DENS_LOW_V_HIGH_S007,G2_D075_DENS_LOW_V_HIGH,7,7.55005502701,8.57003279931,4.6041317135,0,0,7.55005502701,
G2_D075_DENS_LOW_V_HIGH_S007,G2_D075_DENS_LOW_V_HIGH,7,7.56000709534,7.86310577821,3.9522714543,0,0,7.56000709534,
G2_D075_DENS_LOW_V_HIGH_S007,G2_D075_DENS_LOW_V_HIGH,7,7.57001781464,8.50299099002,4.21530253034,0,0,7.57001781464,
G2_D075_DENS_LOW_V_HIGH_S007,G2_D075_DENS_LOW_V_HIGH,7,7.58002853394,8.57904439534,3.64899789426,0,0,7.58002853394,
G2_D075_DENS_LOW_V_HIGH_S007,G2_D075_DENS_LOW_V_HIGH,7,7.59003925323,7.74203031312,3.55018226572,0,0,7.59003925323,
G2_D075_DENS_LOW_V_HIGH_S007,G2_D075_DENS_LOW_V_HIGH,7,7.60005044937,7.55193631223,4.40504217574,0,0,7.60005044937,
G2_D075_DENS_LOW_V_HIGH_S007,G2_D075_DENS_LOW_V_HIGH,7,7.61000204086,7.57646496259,4.5131313262,0,0,7.61000204086,
G2_D075_DENS_LOW_V_HIGH_S007,G2_D075_DENS_LOW_V_HIGH,7,7.62001276016,8.3666316768,4.65969340041,0,0,7.62001276016,
G2_D075_DENS_LOW_V_HIGH_S007,G2_D075_DENS_LOW_V_HIGH,7,7.6300239563,8.45504445817,4.06978877583,0,0,7.6300239563,
G2_D075_DENS_LOW_V_HIGH_S007,G2_D075_DENS_LOW_V_HIGH,7,7.6400346756,8.10409896671,3.86463037435,0,0,7.6400346756,
G2_D075_DENS_LOW_V_HIGH_S007,G2_D075_DENS_LOW_V_HIGH,7,7.6500453949,7.93717969393,3.85083059451,0,0,7.6500453949,
G2_D075_DENS_LOW_V_HIGH_S007,G2_D075_DENS_LOW_V_HIGH,7,7.6600561142,7.8802281975,4.12612613935,0,0,7.6600561142,
G2_D075_DENS_LOW_V_HIGH_S007,G2_D075_DENS_LOW_V_HIGH,7,7.67000818253,8.14357712929,4.29030573187,0,0,7.67000818253,
G2_D075_DENS_LOW_V_HIGH_S007,G2_D075_DENS_LOW_V_HIGH,7,7.68001890182,8.07175901385,4.08622776988,0,0,7.68001890182,
G2_D075_DENS_LOW_V_HIGH_S007,G2_D075_DENS_LOW_V_HIGH,7,7.69002962112,8.39920815159,4.11006222233,0,0,7.69002962112,
G2_D075_DENS_LOW_V_HIGH_S007,G2_D075_DENS_LOW_V_HIGH,7,7.70004081726,8.41054794128,3.94533499656,0,0,7.70004081726,
G2_D075_DENS_LOW_V_HIGH_S007,G2_D075_DENS_LOW_V_HIGH,7,7.71005153656,8.13927773535,4.41253280523,0,0,7.71005153656,
G2_D075_DENS_LOW_V_HIGH_S007,G2_D075_DENS_LOW_V_HIGH,7,7.72000360489,8.11608808647,3.87262333329,0,0,7.72000360489,
G2_D075_DENS_LOW_V_HIGH_S007,G2_D075_DENS_LOW_V_HIGH,7,7.73000907898,8.31902445444,4.39481770078,0,0,7.73000907898,
G2_D075_DENS_LOW_V_HIGH_S007,G2_D075_DENS_LOW_V_HIGH,7,7.74001979828,7.8484441817,3.58343200476,0,0,7.74001979828,
G2_D075_DENS_LOW_V_HIGH_S007,G2_D075_DENS_LOW_V_HIGH,7,7.75003051758,7.83916898529,4.02709997403,0,0,7.75003051758,
G2_D075_DENS_LOW_V_HIGH_S007,G2_D075_DENS_LOW_V_HIGH,7,7.76004171371,8.32917168731,4.17979668256,0,0,7.76004171371,
G2_D075_DENS_LOW_V_HIGH_S007,G2_D075_DENS_LOW_V_HIGH,7,7.77005243301,7.90116204611,3.96513005253,0,0,7.77005243301,
G2_D075_DENS_LOW_V_HIGH_S007,G2_D075_DENS_LOW_V_HIGH,7,7.78000450134,8.77200373782,4.35185175092,0,0,7.78000450134,
G2_D075_DENS_LOW_V_HIGH_S007,G2_D075_DENS_LOW_V_HIGH,7,7.79001522064,8.61769141545,4.17194468021,0,0,7.79001522064,
G2_D075_DENS_LOW_V_HIGH_S007,G2_D075_DENS_LOW_V_HIGH,7,7.80002593994,8.76899305681,4.57565203523,0,0,7.80002593994,
G2_D075_DENS_LOW_V_HIGH_S007,G2_D075_DENS_LOW_V_HIGH,7,7.81003665924,8.50039698549,4.75905545252,0,0,7.81003665924,
G2_D075_DENS_LOW_V_HIGH_S007,G2_D075_DENS_LOW_V_HIGH,7,7.82004737854,8.40150318797,3.87652631326,0,0,7.82004737854,
G2_D075_DENS_LOW_V_HIGH_S007,G2_D075_DENS_LOW_V_HIGH,7,7.83005857468,8.36401888315,4.08427372159,0,0,7.83005857468,
G2_D075_DENS_LOW_V_HIGH_S007,G2_D075_DENS_LOW_V_HIGH,7,7.84001016617,8.32751437594,3.99194849712,0,0,7.84001016617,
G2_D075_DENS_LOW_V_HIGH_S007,G2_D075_DENS_LOW_V_HIGH,7,7.8500213623,8.00958579847,4.112666265,0,0,7.8500213623,
G2_D075_DENS_LOW_V_HIGH_S007,G2_D075_DENS_LOW_V_HIGH,7,7.8600320816,8.51708836015,4.73867148828,0,0,7.8600320816,
G2_D075_DENS_LOW_V_HIGH_S007,G2_D075_DENS_LOW_V_HIGH,7,7.8700428009,8.34609958389,3.90187357607,0,0,7.8700428009,
G2_D075_DENS_LOW_V_HIGH_S007,G2_D075_DENS_LOW_V_HIGH,7,7.8800535202,7.82475993673,3.75640913035,0,0,7.8800535202,
G2_D075_DENS_LOW_V_HIGH_S007,G2_D075_DENS_LOW_V_HIGH,7,7.89000558853,8.46526297918,4.06283585052,0,0,7.89000558853,
G2_D075_DENS_LOW_V_HIGH_S007,G2_D075_DENS_LOW_V_HIGH,7,7.90001630783,8.23198493708,4.0837120927,0,0,7.90001630783,
G2_D075_DENS_LOW_V_HIGH_S007,G2_D075_DENS_LOW_V_HIGH,7,7.91002702713,8.22564968615,4.47955700477,0,0,7.91002702713,
G2_D075_DENS_LOW_V_HIGH_S007,G2_D075_DENS_LOW_V_HIGH,7,7.92003774643,8.70203966693,4.49783449545,0,0,7.92003774643,
G2_D075_DENS_LOW_V_HIGH_S007,G2_D075_DENS_LOW_V_HIGH,7,7.93004894257,8.22161112947,4.21507529662,0,0,7.93004894257,
G2_D075_DENS_LOW_V_HIGH_S007,G2_D075_DENS_LOW_V_HIGH,7,7.94000053406,8.36757279092,3.77909387734,0,0,7.94000053406,
G2_D075_DENS_LOW_V_HIGH_S007,G2_D075_DENS_LOW_V_HIGH,7,7.95001173019,8.64245437725,4.0595784866,0,0,7.95001173019,
G2_D075_DENS_LOW_V_HIGH_S007,G2_D075_DENS_LOW_V_HIGH,7,7.96002244949,7.87550383775,3.55714211454,0,0,7.96002244949,
G2_D075_DENS_LOW_V_HIGH_S007,G2_D075_DENS_LOW_V_HIGH,7,7.97003316879,8.43338833348,4.59267537248,0,0,7.97003316879,
G2_D075_DENS_LOW_V_HIGH_S007,G2_D075_DENS_LOW_V_HIGH,7,7.98004388809,8.57939033629,4.21739069127,0,0,7.98004388809,
G2_D075_DENS_LOW_V_HIGH_S007,G2_D075_DENS_LOW_V_HIGH,7,7.99005460739,8.46622011933,3.8869813886,0,0,7.99005460739,
G2_D075_DENS_LOW_V_HIGH_S007,G2_D075_DENS_LOW_V_HIGH,7,8.00000667572,7.91910787119,3.86387749054,0,0,8.00000667572,
G2_D075_DENS_LOW_V_HIGH_S007,G2_D075_DENS_LOW_V_HIGH,7,8.01001739502,9.60711735529,4.76597550306,0,0,8.01001739502,
G2_D075_DENS_LOW_V_HIGH_S007,G2_D075_DENS_LOW_V_HIGH,7,8.02002811432,8.37846827307,4.48418612636,0,0,8.02002811432,
G2_D075_DENS_LOW_V_HIGH_S007,G2_D075_DENS_LOW_V_HIGH,7,8.03003883362,7.96885594857,3.96281353356,0,0,8.03003883362,
G2_D075_DENS_LOW_V_HIGH_S007,G2_D075_DENS_LOW_V_HIGH,7,8.04004955292,8.76188579389,4.0490475114,0,0,8.04004955292,
G2_D075_DENS_LOW_V_HIGH_S007,G2_D075_DENS_LOW_V_HIGH,7,8.05000209808,8.35645460238,5.27683015451,0,0,8.05000209808,
G2_D075_DENS_LOW_V_HIGH_S007,G2_D075_DENS_LOW_V_HIGH,7,8.06001186371,8.17256101282,4.47598313411,0,0,8.06001186371,
G2_D075_DENS_LOW_V_HIGH_S007,G2_D075_DENS_LOW_V_HIGH,7,8.07002258301,8.21208614822,4.00919257334,0,0,8.07002258301,
G2_D075_DENS_LOW_V_HIGH_S007,G2_D075_DENS_LOW_V_HIGH,7,8.08003330231,8.44425176359,3.74518121474,0,0,8.08003330231,
G2_D075_DENS_LOW_V_HIGH_S007,G2_D075_DENS_LOW_V_HIGH,7,8.09004402161,8.47996436443,4.28609070626,0,0,8.09004402161,
G2_D075_DENS_LOW_V_HIGH_S007,G2_D075_DENS_LOW_V_HIGH,7,8.10003757477,8.80890557976,4.29882514352,0,0,8.10003757477,
G2_D075_DENS_LOW_V_HIGH_S007,G2_D075_DENS_LOW_V_HIGH,7,8.11004924774,8.50568336114,4.10368274357,0,0,8.11004924774,
G2_D075_DENS_LOW_V_HIGH_S007,G2_D075_DENS_LOW_V_HIGH,7,8.12000083923,8.64849673887,3.69942407393,0,0,8.12000083923,
G2_D075_DENS_LOW_V_HIGH_S007,G2_D075_DENS_LOW_V_HIGH,7,8.13001155853,7.66477661426,3.70977407152,0,0,8.13001155853,
G2_D075_DENS_LOW_V_HIGH_S007,G2_D075_DENS_LOW_V_HIGH,7,8.14002227783,7.77323297128,3.87035803649,0,0,8.14002227783,
G2_D075_DENS_LOW_V_HIGH_S007,G2_D075_DENS_LOW_V_HIGH,7,8.15003299713,8.52487368945,4.41573353246,0,0,8.15003299713,
G2_D075_DENS_LOW_V_HIGH_S007,G2_D075_DENS_LOW_V_HIGH,7,8.16004371643,8.6147884956,3.82740798724,0,0,8.16004371643,
G2_D075_DENS_LOW_V_HIGH_S007,G2_D075_DENS_LOW_V_HIGH,7,8.17005443573,8.42407942717,4.34619491354,0,0,8.17005443573,
G2_D075_DENS_LOW_V_HIGH_S007,G2_D075_DENS_LOW_V_HIGH,7,8.1800069809,8.2244516031,3.98532879019,0,0,8.1800069809,
G2_D075_DENS_LOW_V_HIGH_S007,G2_D075_DENS_LOW_V_HIGH,7,8.1900177002,8.47051122396,4.40858074481,0,0,8.1900177002,
G2_D075_DENS_LOW_V_HIGH_S007,G2_D075_DENS_LOW_V_HIGH,7,8.20002841949,8.38465265837,3.73201328731,0,0,8.20002841949,
G2_D075_DENS_LOW_V_HIGH_S007,G2_D075_DENS_LOW_V_HIGH,7,8.21003913879,8.27101437114,4.17150220989,0,0,8.21003913879,
G2_D075_DENS_LOW_V_HIGH_S007,G2_D075_DENS_LOW_V_HIGH,7,8.22004985809,8.5084105474,3.90483917656,0,0,8.22004985809,
G2_D075_DENS_LOW_V_HIGH_S007,G2_D075_DENS_LOW_V_HIGH,7,8.23000240326,8.45527711175,4.25209436137,0,0,8.23000240326,
G2_D075_DENS_LOW_V_HIGH_S007,G2_D075_DENS_LOW_V_HIGH,7,8.24001312256,8.34299661512,3.889847103,0,0,8.24001312256,
G2_D075_DENS_LOW_V_HIGH_S007,G2_D075_DENS_LOW_V_HIGH,7,8.25002384186,8.71337116731,3.9326468986,0,0,8.25002384186,
G2_D075_DENS_LOW_V_HIGH_S007,G2_D075_DENS_LOW_V_HIGH,7,8.26003456116,8.2234436218,3.88776362062,0,0,8.26003456116,
G2_D075_DENS_LOW_V_HIGH_S007,G2_D075_DENS_LOW_V_HIGH,7,8.27004528046,7.91138775121,3.76474065062,0,0,8.27004528046,
G2_D075_DENS_LOW_V_HIGH_S007,G2_D075_DENS_LOW_V_HIGH,7,8.28005599976,8.07909948297,3.84440110157,0,0,8.28005599976,
G2_D075_DENS_LOW_V_HIGH_S007,G2_D075_DENS_LOW_V_HIGH,7,8.29000759125,8.47522287342,3.83838432213,0,0,8.29000759125,
G2_D075_DENS_LOW_V_HIGH_S007,G2_D075_DENS_LOW_V_HIGH,7,8.30001831055,8.61625957358,3.90807374201,0,0,8.30001831055,
G2_D075_DENS_LOW_V_HIGH_S007,G2_D075_DENS_LOW_V_HIGH,7,8.31002998352,8.11301440663,3.74931357712,0,0,8.31002998352,
G2_D075_DENS_LOW_V_HIGH_S007,G2_D075_DENS_LOW_V_HIGH,7,8.32004070282,8.67384271618,4.06996877905,0,0,8.32004070282,
G2_D075_DENS_LOW_V_HIGH_S007,G2_D075_DENS_LOW_V_HIGH,7,8.3300485611,8.52241176142,4.12346483566,0,0,8.3300485611,
G2_D075_DENS_LOW_V_HIGH_S007,G2_D075_DENS_LOW_V_HIGH,7,8.34000015259,8.04837981585,3.86042813818,0,0,8.34000015259,
G2_D075_DENS_LOW_V_HIGH_S007,G2_D075_DENS_LOW_V_HIGH,7,8.35001182556,8.92632987573,4.37586593157,0,0,8.35001182556,
G2_D075_DENS_LOW_V_HIGH_S007,G2_D075_DENS_LOW_V_HIGH,7,8.36002254486,8.6472047102,4.14662684963,0,0,8.36002254486,
G2_D075_DENS_LOW_V_HIGH_S007,G2_D075_DENS_LOW_V_HIGH,7,8.37003326416,9.02414937738,4.29380672374,0,0,8.37003326416,
G2_D075_DENS_LOW_V_HIGH_S007,G2_D075_DENS_LOW_V_HIGH,7,8.38004398346,8.2798115501,3.87312122005,0,0,8.38004398346,
G2_D075_DENS_LOW_V_HIGH_S007,G2_D075_DENS_LOW_V_HIGH,7,8.39005470276,8.7980509916,4.17608202314,0,0,8.39005470276,
G2_D075_DENS_LOW_V_HIGH_S007,G2_D075_DENS_LOW_V_HIGH,7,8.40000629425,7.92537404445,3.66720141937,0,0,8.40000629425,
G2_D075_DENS_LOW_V_HIGH_S007,G2_D075_DENS_LOW_V_HIGH,7,8.41001701355,8.45892330728,4.25299013842,0,0,8.41001701355,
G2_D075_DENS_LOW_V_HIGH_S007,G2_D075_DENS_LOW_V_HIGH,7,8.42002773285,8.97882834948,3.76752450381,0,0,8.42002773285,
G2_D075_DENS_LOW_V_HIGH_S007,G2_D075_DENS_LOW_V_HIGH,7,8.43000411987,8.46357637888,3.8477520383,0,0,8.43000411987,
G2_D075_DENS_LOW_V_HIGH_S007,G2_D075_DENS_LOW_V_HIGH,7,8.44001483917,8.61620596931,3.97384804996,0,0,8.44001483917,
G2_D075_DENS_LOW_V_HIGH_S007,G2_D075_DENS_LOW_V_HIGH,7,8.45002555847,7.98109264269,4.05018925426,0,0,8.45002555847,
G2_D075_DENS_LOW_V_HIGH_S007,G2_D075_DENS_LOW_V_HIGH,7,8.46003627777,8.45282899926,4.00097826754,0,0,8.46003627777,
G2_D075_DENS_LOW_V_HIGH_S007,G2_D075_DENS_LOW_V_HIGH,7,8.47004699707,8.37297024345,4.18447352514,0,0,8.47004699707,
G2_D075_DENS_LOW_V_HIGH_S007,G2_D075_DENS_LOW_V_HIGH,7,8.48005771637,8.56282993289,4.0032284354,0,0,8.48005771637,
G2_D075_DENS_LOW_V_HIGH_S007,G2_D075_DENS_LOW_V_HIGH,7,8.49001026154,8.6774209393,4.34177512628,0,0,8.49001026154,
G2_D075_DENS_LOW_V_HIGH_S007,G2_D075_DENS_LOW_V_HIGH,7,8.50002098083,9.16338011104,4.11603185374,0,0,8.50002098083,
G2_D075_DENS_LOW_V_HIGH_S007,G2_D075_DENS_LOW_V_HIGH,7,8.51003170013,8.37271051143,3.90275045281,0,0,8.51003170013,
G2_D075_DENS_LOW_V_HIGH_S007,G2_D075_DENS_LOW_V_HIGH,7,8.52004241943,8.81513417478,3.84166976241,0,0,8.52004241943,
G2_D075_DENS_LOW_V_HIGH_S007,G2_D075_DENS_LOW_V_HIGH,7,8.53005313873,9.00507399431,4.42709782261,0,0,8.53005313873,
G2_D075_DENS_LOW_V_HIGH_S007,G2_D075_DENS_LOW_V_HIGH,7,8.54003047943,8.68426957544,4.02141524301,0,0,8.54003047943,
G2_D075_DENS_LOW_V_HIGH_S007,G2_D075_DENS_LOW_V_HIGH,7,8.5500421524,8.52907637467,3.68523859164,0,0,8.5500421524,
G2_D075_DENS_LOW_V_HIGH_S007,G2_D075_DENS_LOW_V_HIGH,7,8.5600528717,8.93110120829,3.89853914508,0,0,8.5600528717,
G2_D075_DENS_LOW_V_HIGH_S007,G2_D075_DENS_LOW_V_HIGH,7,8.57001399994,9.27633038471,4.2051454348,0,0,8.57001399994,
G2_D075_DENS_LOW_V_HIGH_S007,G2_D075_DENS_LOW_V_HIGH,7,8.58002471924,9.16949707654,4.7937807397,0,0,8.58002471924,
G2_D075_DENS_LOW_V_HIGH_S007,G2_D075_DENS_LOW_V_HIGH,7,8.59003543854,8.50342203465,3.7155404824,0,0,8.59003543854,
G2_D075_DENS_LOW_V_HIGH_S007,G2_D075_DENS_LOW_V_HIGH,7,8.60004615784,9.18444603614,4.97709243655,0,0,8.60004615784,
G2_D075_DENS_LOW_V_HIGH_S007,G2_D075_DENS_LOW_V_HIGH,7,8.61005687714,8.43384756181,3.7711162376,0,0,8.61005687714,
G2_D075_DENS_LOW_V_HIGH_S007,G2_D075_DENS_LOW_V_HIGH,7,8.6200094223,8.65399034752,3.67489126649,0,0,8.6200094223,
G2_D075_DENS_LOW_V_HIGH_S007,G2_D075_DENS_LOW_V_HIGH,7,8.6300201416,8.13368023389,3.90848808083,0,0,8.6300201416,
G2_D075_DENS_LOW_V_HIGH_S007,G2_D075_DENS_LOW_V_HIGH,7,8.6400308609,8.7382009963,3.85753202853,0,0,8.6400308609,
G2_D075_DENS_LOW_V_HIGH_S007,G2_D075_DENS_LOW_V_HIGH,7,8.6500415802,8.94218402907,4.53664319399,0,0,8.6500415802,
G2_D075_DENS_LOW_V_HIGH_S007,G2_D075_DENS_LOW_V_HIGH,7,8.66002750397,8.61503109636,3.67129305988,0,0,8.66002750397,
G2_D075_DENS_LOW_V_HIGH_S007,G2_D075_DENS_LOW_V_HIGH,7,8.67003822327,7.87329832602,3.95897836764,0,0,8.67003822327,
G2_D075_DENS_LOW_V_HIGH_S007,G2_D075_DENS_LOW_V_HIGH,7,8.68004894257,8.78392433253,3.43738934605,0,0,8.68004894257,
G2_D075_DENS_LOW_V_HIGH_S007,G2_D075_DENS_LOW_V_HIGH,7,8.69005870819,8.06863615071,3.84540111311,0,0,8.69005870819,
G2_D075_DENS_LOW_V_HIGH_S007,G2_D075_DENS_LOW_V_HIGH,7,8.70001029968,8.79924741678,3.86745818635,0,0,8.70001029968,
G2_D075_DENS_LOW_V_HIGH_S007,G2_D075_DENS_LOW_V_HIGH,7,8.71002101898,8.69224942745,3.95829649202,0,0,8.71002101898,
G2_D075_DENS_LOW_V_HIGH_S007,G2_D075_DENS_LOW_V_HIGH,7,8.72003173828,8.19908186308,3.86466264711,0,0,8.72003173828,
G2_D075_DENS_LOW_V_HIGH_S007,G2_D075_DENS_LOW_V_HIGH,7,8.73004245758,8.69522971428,4.05040029989,0,0,8.73004245758,
G2_D075_DENS_LOW_V_HIGH_S007,G2_D075_DENS_LOW_V_HIGH,7,8.74005317688,9.19979896194,4.31359108848,0,0,8.74005317688,
G2_D075_DENS_LOW_V_HIGH_S007,G2_D075_DENS_LOW_V_HIGH,7,8.75000572205,8.73114402191,4.29132521478,0,0,8.75000572205,
G2_D075_DENS_LOW_V_HIGH_S007,G2_D075_DENS_LOW_V_HIGH,7,8.76001644135,9.15824736412,4.06137177514,0,0,8.76001644135,
G2_D075_DENS_LOW_V_HIGH_S007,G2_D075_DENS_LOW_V_HIGH,7,8.77002716064,8.4993348473,3.87727833702,0,0,8.77002716064,
G2_D075_DENS_LOW_V_HIGH_S007,G2_D075_DENS_LOW_V_HIGH,7,8.78003787994,8.75945757576,3.6672717746,0,0,8.78003787994,
G2_D075_DENS_LOW_V_HIGH_S007,G2_D075_DENS_LOW_V_HIGH,7,8.79004955292,8.6698196329,4.1735082018,0,0,8.79004955292,
G2_D075_DENS_LOW_V_HIGH_S007,G2_D075_DENS_LOW_V_HIGH,7,8.80000114441,8.68515266433,3.56248859213,0,0,8.80000114441,
G2_D075_DENS_LOW_V_HIGH_S007,G2_D075_DENS_LOW_V_HIGH,7,8.81001186371,8.54480176724,4.08747721761,0,0,8.81001186371,
G2_D075_DENS_LOW_V_HIGH_S007,G2_D075_DENS_LOW_V_HIGH,7,8.82002258301,8.83447260561,5.17370460968,0,0,8.82002258301,
G2_D075_DENS_LOW_V_HIGH_S007,G2_D075_DENS_LOW_V_HIGH,7,8.83003330231,8.50415757365,4.20845538071,0,0,8.83003330231,
G2_D075_DENS_LOW_V_HIGH_S007,G2_D075_DENS_LOW_V_HIGH,7,8.84004402161,9.33659816174,4.06283772658,0,0,8.84004402161,
G2_D075_DENS_LOW_V_HIGH_S007,G2_D075_DENS_LOW_V_HIGH,7,8.85005474091,8.53014790742,3.78444007783,0,0,8.85005474091,
G2_D075_DENS_LOW_V_HIGH_S007,G2_D075_DENS_LOW_V_HIGH,7,8.86000728607,8.90472569745,4.09005840705,0,0,8.86000728607,
G2_D075_DENS_LOW_V_HIGH_S007,G2_D075_DENS_LOW_V_HIGH,7,8.87001800537,8.73888679937,4.13495980411,0,0,8.87001800537,
G2_D075_DENS_LOW_V_HIGH_S007,G2_D075_DENS_LOW_V_HIGH,7,8.88002872467,8.44557805478,3.86150781612,0,0,8.88002872467,
G2_D075_DENS_LOW_V_HIGH_S007,G2_D075_DENS_LOW_V_HIGH,7,8.89003944397,9.1811623602,4.01045939841,0,0,8.89003944397,
G2_D075_DENS_LOW_V_HIGH_S007,G2_D075_DENS_LOW_V_HIGH,7,8.90005016327,8.65159970764,3.80325892043,0,0,8.90005016327,
G2_D075_DENS_LOW_V_HIGH_S007,G2_D075_DENS_LOW_V_HIGH,7,8.91000175476,8.79371899299,3.65301510279,0,0,8.91000175476,
G2_D075_DENS_LOW_V_HIGH_S007,G2_D075_DENS_LOW_V_HIGH,7,8.92001342773,8.89174296454,4.15652402317,0,0,8.92001342773,
G2_D075_DENS_LOW_V_HIGH_S007,G2_D075_DENS_LOW_V_HIGH,7,8.93002414703,8.40283334751,4.0952399754,0,0,8.93002414703,
G2_D075_DENS_LOW_V_HIGH_S007,G2_D075_DENS_LOW_V_HIGH,7,8.94003486633,9.22672819936,3.79536072058,0,0,8.94003486633,
G2_D075_DENS_LOW_V_HIGH_S007,G2_D075_DENS_LOW_V_HIGH,7,8.95004558563,8.39192681294,3.73669692482,0,0,8.95004558563,
G2_D075_DENS_LOW_V_HIGH_S007,G2_D075_DENS_LOW_V_HIGH,7,8.96005630493,8.76584532572,4.70218527456,0,0,8.96005630493,
G2_D075_DENS_LOW_V_HIGH_S007,G2_D075_DENS_LOW_V_HIGH,7,8.97000789642,8.60861405748,3.99757510329,0,0,8.97000789642,
G2_D075_DENS_LOW_V_HIGH_S007,G2_D075_DENS_LOW_V_HIGH,7,8.98001861572,9.00085141473,4.24867909086,0,0,8.98001861572,
G2_D075_DENS_LOW_V_HIGH_S007,G2_D075_DENS_LOW_V_HIGH,7,8.9900302887,8.91772998259,4.08019891357,0,0,8.9900302887,
G2_D075_DENS_LOW_V_HIGH_S007,G2_D075_DENS_LOW_V_HIGH,7,9,9.88705542679,4.09318991939,0,0,9,
