run_id,scenario_id,S,z_m,qb_MPa,qs_kPa,ALLKE,ALLIE,time_s,walltime_h
G2_D075_DENS_MED_V_LOW_S007,G2_D075_DENS_MED_V_LOW,7,0,0,0,0,0,0,
G2_D075_DENS_MED_V_LOW_S007,G2_D075_DENS_MED_V_LOW,7,0.00900162011385,0,0,0,0,0.0360064804554,
G2_D075_DENS_MED_V_LOW_S007,G2_D075_DENS_MED_V_LOW,7,0.0180071853101,0.0576474495947,9.34100366974,0,0,0.0720287412405,
G2_D075_DENS_MED_V_LOW_S007,G2_D075_DENS_MED_V_LOW,7,0.0270022787154,0.185705842133,4.38997250519,0,0,0.108009114861,
G2_D075_DENS_MED_V_LOW_S007,G2_D075_DENS_MED_V_LOW,7,0.0360120907426,0.286671866026,6.46049618311,0,0,0.14404836297,
G2_D075_DENS_MED_V_LOW_S007,G2_D075_DENS_MED_V_LOW,7,0.0450071841478,0.235559936467,13.5239158344,0,0,0.180028736591,
G2_D075_DENS_MED_V_LOW_S007,G2_D075_DENS_MED_V_LOW,7,0.0540022775531,0.168790396797,8.33921837233,0,0,0.216009110212,
G2_D075_DENS_MED_V_LOW_S007,G2_D075_DENS_MED_V_LOW,7,0.0630120933056,0.13470091388,4.08498322082,0,0,0.252048373222,
G2_D075_DENS_MED_V_LOW_S007,G2_D075_DENS_MED_V_LOW,7,0.0720071792603,0.149006104171,0.408381359034,0,0,0.288028717041,
G2_D075_DENS_MED_V_LOW_S007,G2_D075_DENS_MED_V_LOW,7,0.0810022726655,0.347188460807,2.8388411627,0,0,0.324009090662,
G2_D075_DENS_MED_V_LOW_S007,G2_D075_DENS_MED_V_LOW,7,0.090012088418,0.513691471571,5.05902793924,0,0,0.360048353672,
G2_D075_DENS_MED_V_LOW_S007,G2_D075_DENS_MED_V_LOW,7,0.0990071818233,0.647851179204,5.17654859658,0,0,0.396028727293,
G2_D075_DENS_MED_V_LOW_S007,G2_D075_DENS_MED_V_LOW,7,0.108002267778,0.661137370302,6.30585754276,0,0,0.432009071112,
G2_D075_DENS_MED_V_LOW_S007,G2_D075_DENS_MED_V_LOW,7,0.11701207608,0.660735545518,5.2266369561,0,0,0.468048304319,
G2_D075_DENS_MED_V_LOW_S007,G2_D075_DENS_MED_V_LOW,7,0.126007169485,0.677362401634,3.7206003005,0,0,0.50402867794,
G2_D075_DENS_MED_V_LOW_S007,G2_D075_DENS_MED_V_LOW,7,0.13500225544,0.69652862184,1.92352602559,0,0,0.540009021759,
G2_D075_DENS_MED_V_LOW_S007,G2_D075_DENS_MED_V_LOW,7,0.144012063742,0.804602910287,2.52678404088,0,0,0.576048254967,
G2_D075_DENS_MED_V_LOW_S007,G2_D075_DENS_MED_V_LOW,7,0.153007164598,1.06406732859,3.20074229831,0,0,0.61202865839,
G2_D075_DENS_MED_V_LOW_S007,G2_D075_DENS_MED_V_LOW,7,0.162002250552,1.28609103008,4.5726644258,0,0,0.648009002209,
G2_D075_DENS_MED_V_LOW_S007,G2_D075_DENS_MED_V_LOW,7,0.171012058854,1.15862878212,4.89434830143,0,0,0.684048235416,
G2_D075_DENS_MED_V_LOW_S007,G2_D075_DENS_MED_V_LOW,7,0.180007144809,1.3076094139,3.58026441203,0,0,0.720028579235,
G2_D075_DENS_MED_V_LOW_S007,G2_D075_DENS_MED_V_LOW,7,0.189002245665,1.20740396965,2.34585500603,0,0,0.756008982658,
G2_D075_DENS_MED_V_LOW_S007,G2_D075_DENS_MED_V_LOW,7,0.198012053967,1.16528455342,1.82757095986,0,0,0.792048215866,
G2_D075_DENS_MED_V_LOW_S007,G2_D075_DENS_MED_V_LOW,7,0.207007139921,1.253845161,2.24342162064,0,0,0.828028559685,
G2_D075_DENS_MED_V_LOW_S007,G2_D075_DENS_MED_V_LOW,7,0.216002240777,1.30334345354,2.95532450253,0,0,0.864008963108,
G2_D075_DENS_MED_V_LOW_S007,G2_D075_DENS_MED_V_LOW,7,0.225012049079,1.43766939658,3.24167815896,0,0,0.900048196316,
G2_D075_DENS_MED_V_LOW_S007,G2_D075_DENS_MED_V_LOW,7,0.234007135034,1.34078479206,3.56109648282,0,0,0.936028540134,
G2_D075_DENS_MED_V_LOW_S007,G2_D075_DENS_MED_V_LOW,7,0.243002235889,1.44249212293,4.05593201034,0,0,0.972008943558,
G2_D075_DENS_MED_V_LOW_S007,G2_D075_DENS_MED_V_LOW,7,0.252012044191,1.32343496909,2.93584420402,0,0,1.00804817677,
G2_D075_DENS_MED_V_LOW_S007,G2_D075_DENS_MED_V_LOW,7,0.261007130146,1.32451023204,1.988948702,0,0,1.04402852058,
G2_D075_DENS_MED_V_LOW_S007,G2_D075_DENS_MED_V_LOW,7,0.270002245903,1.36861010497,2.40591346652,0,0,1.08000898361,
G2_D075_DENS_MED_V_LOW_S007,G2_D075_DENS_MED_V_LOW,7,0.279012054205,1.34522386105,2.56001294212,0,0,1.11604821682,
G2_D075_DENS_MED_V_LOW_S007,G2_D075_DENS_MED_V_LOW,7,0.28800714016,1.35699110334,1.91780597843,0,0,1.15202856064,
G2_D075_DENS_MED_V_LOW_S007,G2_D075_DENS_MED_V_LOW,7,0.297002226114,1.50664358451,2.76766525899,0,0,1.18800890446,
G2_D075_DENS_MED_V_LOW_S007,G2_D075_DENS_MED_V_LOW,7,0.306012034416,1.54294873357,3.51151991552,0,0,1.22404813766,
G2_D075_DENS_MED_V_LOW_S007,G2_D075_DENS_MED_V_LOW,7,0.315007150173,1.48315054652,3.27508143307,0,0,1.26002860069,
G2_D075_DENS_MED_V_LOW_S007,G2_D075_DENS_MED_V_LOW,7,0.324002236128,1.54499108385,3.34768558996,0,0,1.29600894451,
G2_D075_DENS_MED_V_LOW_S007,G2_D075_DENS_MED_V_LOW,7,0.33301204443,1.67680273799,4.96114599306,0,0,1.33204817772,
G2_D075_DENS_MED_V_LOW_S007,G2_D075_DENS_MED_V_LOW,7,0.342007130384,1.58443153003,4.57903998599,0,0,1.36802852154,
G2_D075_DENS_MED_V_LOW_S007,G2_D075_DENS_MED_V_LOW,7,0.351002216339,1.69271546919,5.34584813788,0,0,1.40400886536,
G2_D075_DENS_MED_V_LOW_S007,G2_D075_DENS_MED_V_LOW,7,0.360012024641,1.61621112487,4.63700052016,0,0,1.44004809856,
G2_D075_DENS_MED_V_LOW_S007,G2_D075_DENS_MED_V_LOW,7,0.369007110596,1.57080347356,3.88997245677,0,0,1.47602844238,
G2_D075_DENS_MED_V_LOW_S007,G2_D075_DENS_MED_V_LOW,7,0.378002226353,1.61094464359,3.12017827298,0,0,1.51200890541,
G2_D075_DENS_MED_V_LOW_S007,G2_D075_DENS_MED_V_LOW,7,0.387012034655,1.62572491553,3.30933154303,0,0,1.54804813862,
G2_D075_DENS_MED_V_LOW_S007,G2_D075_DENS_MED_V_LOW,7,0.396007120609,1.56893050172,2.26835370258,0,0,1.58402848244,
G2_D075_DENS_MED_V_LOW_S007,G2_D075_DENS_MED_V_LOW,7,0.405002206564,1.60415900628,2.74100375352,0,0,1.62000882626,
G2_D075_DENS_MED_V_LOW_S007,G2_D075_DENS_MED_V_LOW,7,0.414012014866,1.59406565399,2.3738787779,0,0,1.65604805946,
G2_D075_DENS_MED_V_LOW_S007,G2_D075_DENS_MED_V_LOW,7,0.423007100821,1.71566514226,3.20851867268,0,0,1.69202840328,
G2_D075_DENS_MED_V_LOW_S007,G2_D075_DENS_MED_V_LOW,7,0.432002186775,1.76406924457,3.32782535222,0,0,1.7280087471,
G2_D075_DENS_MED_V_LOW_S007,G2_D075_DENS_MED_V_LOW,7,0.441011995077,1.68564688976,3.94441432226,0,0,1.76404798031,
G2_D075_DENS_MED_V_LOW_S007,G2_D075_DENS_MED_V_LOW,7,0.450007081032,1.72026474775,4.16392046066,0,0,1.80002832413,
G2_D075_DENS_MED_V_LOW_S007,G2_D075_DENS_MED_V_LOW,7,0.459002166986,1.63208821199,3.99986114342,0,0,1.83600866795,
G2_D075_DENS_MED_V_LOW_S007,G2_D075_DENS_MED_V_LOW,7,0.468011975288,1.67085528908,3.7597298545,0,0,1.87204790115,
G2_D075_DENS_MED_V_LOW_S007,G2_D075_DENS_MED_V_LOW,7,0.477007091045,1.73197617529,4.35227502909,0,0,1.90802836418,
G2_D075_DENS_MED_V_LOW_S007,G2_D075_DENS_MED_V_LOW,7,0.486002177,1.73288786233,4.57586562208,0,0,1.944008708,
G2_D075_DENS_MED_V_LOW_S007,G2_D075_DENS_MED_V_LOW,7,0.495011985302,1.76159336286,3.70754521585,0,0,1.98004794121,
G2_D075_DENS_MED_V_LOW_S007,G2_D075_DENS_MED_V_LOW,7,0.504007041454,1.83926677761,3.42714790379,0,0,2.01602816582,
G2_D075_DENS_MED_V_LOW_S007,G2_D075_DENS_MED_V_LOW,7,0.513002157211,1.82108539769,3.18296601618,0,0,2.05200862885,
G2_D075_DENS_MED_V_LOW_S007,G2_D075_DENS_MED_V_LOW,7,0.522011935711,1.934923872,3.20843082618,0,0,2.08804774284,
G2_D075_DENS_MED_V_LOW_S007,G2_D075_DENS_MED_V_LOW,7,0.531007051468,2.01460067723,3.18587310997,0,0,2.12402820587,
G2_D075_DENS_MED_V_LOW_S007,G2_D075_DENS_MED_V_LOW,7,0.54000210762,1.95249004622,3.7189888216,0,0,2.16000843048,
G2_D075_DENS_MED_V_LOW_S007,G2_D075_DENS_MED_V_LOW,7,0.549011945724,1.84821205908,3.21063088756,0,0,2.1960477829,
G2_D075_DENS_MED_V_LOW_S007,G2_D075_DENS_MED_V_LOW,7,0.558007001877,1.85859346523,3.63305797228,0,0,2.23202800751,
G2_D075_DENS_MED_V_LOW_S007,G2_D075_DENS_MED_V_LOW,7,0.567002117634,2.04900149319,4.78816128904,0,0,2.26800847054,
G2_D075_DENS_MED_V_LOW_S007,G2_D075_DENS_MED_V_LOW,7,0.576011896133,2.04753759928,5.22288895268,0,0,2.30404758453,
G2_D075_DENS_MED_V_LOW_S007,G2_D075_DENS_MED_V_LOW,7,0.58500701189,2.00731477946,5.12335866439,0,0,2.34002804756,
G2_D075_DENS_MED_V_LOW_S007,G2_D075_DENS_MED_V_LOW,7,0.594002068043,2.02123227135,5.32641423705,0,0,2.37600827217,
G2_D075_DENS_MED_V_LOW_S007,G2_D075_DENS_MED_V_LOW,7,0.603011906147,2.02873244804,5.27671579592,0,0,2.41204762459,
G2_D075_DENS_MED_V_LOW_S007,G2_D075_DENS_MED_V_LOW,7,0.612006962299,1.99589140579,4.25213210672,0,0,2.4480278492,
G2_D075_DENS_MED_V_LOW_S007,G2_D075_DENS_MED_V_LOW,7,0.621002078056,2.01704644108,4.56636266227,0,0,2.48400831223,
G2_D075_DENS_MED_V_LOW_S007,G2_D075_DENS_MED_V_LOW,7,0.630011856556,1.99781756743,4.17207182527,0,0,2.52004742622,
G2_D075_DENS_MED_V_LOW_S007,G2_D075_DENS_MED_V_LOW,7,0.639006972313,2.114025682,4.57444871731,0,0,2.55602788925,
G2_D075_DENS_MED_V_LOW_S007,G2_D075_DENS_MED_V_LOW,7,0.648002028465,2.32669937597,4.52837376118,0,0,2.59200811386,
G2_D075_DENS_MED_V_LOW_S007,G2_D075_DENS_MED_V_LOW,7,0.65701186657,2.12448818534,3.68069139143,0,0,2.62804746628,
G2_D075_DENS_MED_V_LOW_S007,G2_D075_DENS_MED_V_LOW,7,0.666006922722,2.23210953153,4.33955732558,0,0,2.66402769089,
G2_D075_DENS_MED_V_LOW_S007,G2_D075_DENS_MED_V_LOW,7,0.675001978874,2.13878491362,4.5492357901,0,0,2.7000079155,
G2_D075_DENS_MED_V_LOW_S007,G2_D075_DENS_MED_V_LOW,7,0.684011816978,2.30774971425,5.32979640733,0,0,2.73604726791,
G2_D075_DENS_MED_V_LOW_S007,G2_D075_DENS_MED_V_LOW,7,0.693006873131,2.32579611641,6.82302695139,0,0,2.77202749252,
G2_D075_DENS_MED_V_LOW_S007,G2_D075_DENS_MED_V_LOW,7,0.702001988888,2.12836067931,4.93436029522,0,0,2.80800795555,
G2_D075_DENS_MED_V_LOW_S007,G2_D075_DENS_MED_V_LOW,7,0.711011767387,2.2299921629,4.15919295062,0,0,2.84404706955,
G2_D075_DENS_MED_V_LOW_S007,G2_D075_DENS_MED_V_LOW,7,0.720006883144,2.2907165433,5.08179654791,0,0,2.88002753258,
G2_D075_DENS_MED_V_LOW_S007,G2_D075_DENS_MED_V_LOW,7,0.729001939297,2.3395295854,5.92004285476,0,0,2.91600775719,
G2_D075_DENS_MED_V_LOW_S007,G2_D075_DENS_MED_V_LOW,7,0.738011717796,2.23629259868,4.76090423779,0,0,2.95204687119,
G2_D075_DENS_MED_V_LOW_S007,G2_D075_DENS_MED_V_LOW,7,0.747006833553,2.37306568713,5.06420087009,0,0,2.98802733421,
G2_D075_DENS_MED_V_LOW_S007,G2_D075_DENS_MED_V_LOW,7,0.756001889706,2.22579845778,3.57435822008,0,0,3.02400755882,
G2_D075_DENS_MED_V_LOW_S007,G2_D075_DENS_MED_V_LOW,7,0.76501172781,2.27373946342,4.36117958991,0,0,3.06004691124,
G2_D075_DENS_MED_V_LOW_S007,G2_D075_DENS_MED_V_LOW,7,0.774006783962,2.45083056071,4.21416899483,0,0,3.09602713585,
G2_D075_DENS_MED_V_LOW_S007,G2_D075_DENS_MED_V_LOW,7,0.783001840115,2.54096973112,4.78347447663,0,0,3.13200736046,
G2_D075_DENS_MED_V_LOW_S007,G2_D075_DENS_MED_V_LOW,7,0.792011678219,2.36989225914,4.3031504364,0,0,3.16804671288,
G2_D075_DENS_MED_V_LOW_S007,G2_D075_DENS_MED_V_LOW,7,0.801006734371,2.24517750628,4.52321257168,0,0,3.20402693748,
G2_D075_DENS_MED_V_LOW_S007,G2_D075_DENS_MED_V_LOW,7,0.810001850128,2.40438688257,3.98786545239,0,0,3.24000740051,
G2_D075_DENS_MED_V_LOW_S007,G2_D075_DENS_MED_V_LOW,7,0.819011628628,2.39987307154,4.65502908721,0,0,3.27604651451,
G2_D075_DENS_MED_V_LOW_S007,G2_D075_DENS_MED_V_LOW,7,0.82800668478,2.23182548416,4.88419279213,0,0,3.31202673912,
G2_D075_DENS_MED_V_LOW_S007,G2_D075_DENS_MED_V_LOW,7,0.837001800537,2.69924821678,5.00152747288,0,0,3.34800720215,
G2_D075_DENS_MED_V_LOW_S007,G2_D075_DENS_MED_V_LOW,7,0.846011579037,2.30987564851,4.50011603974,0,0,3.38404631615,
G2_D075_DENS_MED_V_LOW_S007,G2_D075_DENS_MED_V_LOW,7,0.855006635189,2.57680280341,5.18103944924,0,0,3.42002654076,
G2_D075_DENS_MED_V_LOW_S007,G2_D075_DENS_MED_V_LOW,7,0.864001750946,2.60581293645,4.57715439385,0,0,3.45600700378,
G2_D075_DENS_MED_V_LOW_S007,G2_D075_DENS_MED_V_LOW,7,0.873011529446,2.66014528408,4.07598515867,0,0,3.49204611778,
G2_D075_DENS_MED_V_LOW_S007,G2_D075_DENS_MED_V_LOW,7,0.882006585598,2.62956570646,4.75998369441,0,0,3.52802634239,
G2_D075_DENS_MED_V_LOW_S007,G2_D075_DENS_MED_V_LOW,7,0.891001701355,2.71567764893,4.07394325791,0,0,3.56400680542,
G2_D075_DENS_MED_V_LOW_S007,G2_D075_DENS_MED_V_LOW,7,0.900011479855,2.67029997733,4.26972873346,0,0,3.60004591942,
G2_D075_DENS_MED_V_LOW_S007,G2_D075_DENS_MED_V_LOW,7,0.909006595612,2.69964582783,4.85998526986,0,0,3.63602638245,
G2_D075_DENS_MED_V_LOW_S007,G2_D075_DENS_MED_V_LOW,7,0.918001651764,2.60105431417,5.35714697365,0,0,3.67200660706,
G2_D075_DENS_MED_V_LOW_S007,G2_D075_DENS_MED_V_LOW,7,0.927011430264,2.74996365781,4.5116672096,0,0,3.70804572105,
G2_D075_DENS_MED_V_LOW_S007,G2_D075_DENS_MED_V_LOW,7,0.936006546021,2.80380306721,5.62833748308,0,0,3.74402618408,
G2_D075_DENS_MED_V_LOW_S007,G2_D075_DENS_MED_V_LOW,7,0.945001602173,2.8241768341,5.78151117918,0,0,3.78000640869,
G2_D075_DENS_MED_V_LOW_S007,G2_D075_DENS_MED_V_LOW,7,0.954011380672,2.511980874,4.35520207352,0,0,3.81604552269,
G2_D075_DENS_MED_V_LOW_S007,G2_D075_DENS_MED_V_LOW,7,0.963006436825,3.12244811823,6.18258381166,0,0,3.8520257473,
G2_D075_DENS_MED_V_LOW_S007,G2_D075_DENS_MED_V_LOW,7,0.972001552582,2.80591573855,4.89086152203,0,0,3.88800621033,
G2_D075_DENS_MED_V_LOW_S007,G2_D075_DENS_MED_V_LOW,7,0.981011331081,2.90518559489,5.40974316506,0,0,3.92404532433,
G2_D075_DENS_MED_V_LOW_S007,G2_D075_DENS_MED_V_LOW,7,0.990006387234,2.97906333004,4.26636589285,0,0,3.96002554893,
G2_D075_DENS_MED_V_LOW_S007,G2_D075_DENS_MED_V_LOW,7,0.999001502991,2.6414661305,3.97259025839,0,0,3.99600601196,
G2_D075_DENS_MED_V_LOW_S007,G2_D075_DENS_MED_V_LOW,7,1.00801134109,2.92480807308,4.91178031463,0,0,4.03204536438,
G2_D075_DENS_MED_V_LOW_S007,G2_D075_DENS_MED_V_LOW,7,1.01700639725,3.22325370924,4.61005035071,0,0,4.06802558899,
G2_D075_DENS_MED_V_LOW_S007,G2_D075_DENS_MED_V_LOW,7,1.0260014534,2.91542787862,4.83567792641,0,0,4.1040058136,
G2_D075_DENS_MED_V_LOW_S007,G2_D075_DENS_MED_V_LOW,7,1.03501117229,2.89585264956,4.31022504282,0,0,4.14004468918,
G2_D075_DENS_MED_V_LOW_S007,G2_D075_DENS_MED_V_LOW,7,1.04400634766,2.92287196425,4.60016520735,0,0,4.17602539062,
G2_D075_DENS_MED_V_LOW_S007,G2_D075_DENS_MED_V_LOW,7,1.05300140381,3.00151633468,5.23014084765,0,0,4.21200561523,
G2_D075_DENS_MED_V_LOW_S007,G2_D075_DENS_MED_V_LOW,7,1.0620111227,3.0896583316,6.20844877986,0,0,4.24804449081,
G2_D075_DENS_MED_V_LOW_S007,G2_D075_DENS_MED_V_LOW,7,1.07100617886,3.04918268752,5.02168842296,0,0,4.28402471542,
G2_D075_DENS_MED_V_LOW_S007,G2_D075_DENS_MED_V_LOW,7,1.08000135422,2.97567437973,4.37934840466,0,0,4.32000541687,
G2_D075_DENS_MED_V_LOW_S007,G2_D075_DENS_MED_V_LOW,7,1.08901107311,3.0440551905,4.86064202739,0,0,4.35604429245,
G2_D075_DENS_MED_V_LOW_S007,G2_D075_DENS_MED_V_LOW,7,1.09800612926,2.92668090677,4.09069564969,0,0,4.39202451706,
G2_D075_DENS_MED_V_LOW_S007,G2_D075_DENS_MED_V_LOW,7,1.10700130463,3.1067782641,4.12782006299,0,0,4.42800521851,
G2_D075_DENS_MED_V_LOW_S007,G2_D075_DENS_MED_V_LOW,7,1.11601102352,3.19272386755,4.61826154708,0,0,4.46404409409,
G2_D075_DENS_MED_V_LOW_S007,G2_D075_DENS_MED_V_LOW,7,1.12500607967,3.18489294699,4.2652307014,0,0,4.5000243187,
G2_D075_DENS_MED_V_LOW_S007,G2_D075_DENS_MED_V_LOW,7,1.13400113583,3.16673767843,4.016322102,0,0,4.5360045433,
G2_D075_DENS_MED_V_LOW_S007,G2_D075_DENS_MED_V_LOW,7,1.14301097393,3.39909118505,4.48843755296,0,0,4.57204389572,
G2_D075_DENS_MED_V_LOW_S007,G2_D075_DENS_MED_V_LOW,7,1.15200603008,3.1451478683,4.00421573791,0,0,4.60802412033,
G2_D075_DENS_MED_V_LOW_S007,G2_D075_DENS_MED_V_LOW,7,1.16100108624,3.29920294544,4.20247456435,0,0,4.64400434494,
G2_D075_DENS_MED_V_LOW_S007,G2_D075_DENS_MED_V_LOW,7,1.17001092434,3.17226140493,4.5704661696,0,0,4.68004369736,
G2_D075_DENS_MED_V_LOW_S007,G2_D075_DENS_MED_V_LOW,7,1.17900598049,3.36298373627,5.05858172993,0,0,4.71602392197,
G2_D075_DENS_MED_V_LOW_S007,G2_D075_DENS_MED_V_LOW,7,1.18800103664,3.46720507972,4.17198799498,0,0,4.75200414658,
G2_D075_DENS_MED_V_LOW_S007,G2_D075_DENS_MED_V_LOW,7,1.19701087475,3.14878107723,3.25088098926,0,0,4.78804349899,
G2_D075_DENS_MED_V_LOW_S007,G2_D075_DENS_MED_V_LOW,7,1.2060059309,3.07099520404,4.66712782713,0,0,4.8240237236,
G2_D075_DENS_MED_V_LOW_S007,G2_D075_DENS_MED_V_LOW,7,1.21500098705,3.56198986134,5.67602354442,0,0,4.86000394821,
G2_D075_DENS_MED_V_LOW_S007,G2_D075_DENS_MED_V_LOW,7,1.22401082516,3.51006887689,4.44705335411,0,0,4.89604330063,
G2_D075_DENS_MED_V_LOW_S007,G2_D075_DENS_MED_V_LOW,7,1.23300588131,3.47317394271,3.94177838054,0,0,4.93202352524,
G2_D075_DENS_MED_V_LOW_S007,G2_D075_DENS_MED_V_LOW,7,1.24200093746,3.61879491311,3.69642536005,0,0,4.96800374985,
G2_D075_DENS_MED_V_LOW_S007,G2_D075_DENS_MED_V_LOW,7,1.25101065636,3.42508290038,5.37764811684,0,0,5.00404262543,
G2_D075_DENS_MED_V_LOW_S007,G2_D075_DENS_MED_V_LOW,7,1.26000583172,3.60310350675,3.80312038765,0,0,5.04002332687,
G2_D075_DENS_MED_V_LOW_S007,G2_D075_DENS_MED_V_LOW,7,1.26900088787,3.72636541814,6.24923625313,0,0,5.07600355148,
G2_D075_DENS_MED_V_LOW_S007,G2_D075_DENS_MED_V_LOW,7,1.27801060677,3.46627750482,4.49604268364,0,0,5.11204242706,
G2_D075_DENS_MED_V_LOW_S007,G2_D075_DENS_MED_V_LOW,7,1.28700566292,3.5439230122,4.39750870057,0,0,5.14802265167,
G2_D075_DENS_MED_V_LOW_S007,G2_D075_DENS_MED_V_LOW,7,1.29600083828,3.47067692323,4.72276888001,0,0,5.18400335312,
G2_D075_DENS_MED_V_LOW_S007,G2_D075_DENS_MED_V_LOW,7,1.30501055717,3.84359215198,5.23102151924,0,0,5.2200422287,
G2_D075_DENS_MED_V_LOW_S007,G2_D075_DENS_MED_V_LOW,7,1.31400561333,3.89414539864,4.47174883232,0,0,5.25602245331,
G2_D075_DENS_MED_V_LOW_S007,G2_D075_DENS_MED_V_LOW,7,1.32300066948,3.75951164553,4.63621709605,0,0,5.29200267792,
G2_D075_DENS_MED_V_LOW_S007,G2_D075_DENS_MED_V_LOW,7,1.33201050758,3.79105057377,5.27377057058,0,0,5.32804203033,
G2_D075_DENS_MED_V_LOW_S007,G2_D075_DENS_MED_V_LOW,7,1.34100556374,3.63172404176,5.35943446938,0,0,5.36402225494,
G2_D075_DENS_MED_V_LOW_S007,G2_D075_DENS_MED_V_LOW,7,1.35000061989,3.66236634189,4.36096850961,0,0,5.40000247955,
G2_D075_DENS_MED_V_LOW_S007,G2_D075_DENS_MED_V_LOW,7,1.35901045799,3.76626329663,4.00515056084,0,0,5.43604183197,
G2_D075_DENS_MED_V_LOW_S007,G2_D075_DENS_MED_V_LOW,7,1.36800551414,3.90667802148,4.19829073548,0,0,5.47202205658,
G2_D075_DENS_MED_V_LOW_S007,G2_D075_DENS_MED_V_LOW,7,1.3770005703,3.80710892069,3.76521330997,0,0,5.50800228119,
G2_D075_DENS_MED_V_LOW_S007,G2_D075_DENS_MED_V_LOW,7,1.3860104084,3.89752744118,3.75704497365,0,0,5.54404163361,
G2_D075_DENS_MED_V_LOW_S007,G2_D075_DENS_MED_V_LOW,7,1.39500546455,3.84343161548,4.26760690176,0,0,5.58002185822,
G2_D075_DENS_MED_V_LOW_S007,G2_D075_DENS_MED_V_LOW,7,1.40400052071,3.91028083624,5.0771068415,0,0,5.61600208282,
G2_D075_DENS_MED_V_LOW_S007,G2_D075_DENS_MED_V_LOW,7,1.4130102396,3.86753060276,4.46062148116,0,0,5.6520409584,
G2_D075_DENS_MED_V_LOW_S007,G2_D075_DENS_MED_V_LOW,7,1.42200529575,3.9248451714,5.51224733234,0,0,5.68802118301,
G2_D075_DENS_MED_V_LOW_S007,G2_D075_DENS_MED_V_LOW,7,1.43100035191,4.26246972569,5.49163069136,0,0,5.72400140762,
G2_D075_DENS_MED_V_LOW_S007,G2_D075_DENS_MED_V_LOW,7,1.44001019001,3.76476983748,2.73721885328,0,0,5.76004076004,
G2_D075_DENS_MED_V_LOW_S007,G2_D075_DENS_MED_V_LOW,7,1.44900524616,3.72121968462,3.67888386621,0,0,5.79602098465,
G2_D075_DENS_MED_V_LOW_S007,G2_D075_DENS_MED_V_LOW,7,1.45800030231,4.05706839028,4.64492826032,0,0,5.83200120926,
G2_D075_DENS_MED_V_LOW_S007,G2_D075_DENS_MED_V_LOW,7,1.46701014042,3.90782692123,4.27907343494,0,0,5.86804056168,
G2_D075_DENS_MED_V_LOW_S007,G2_D075_DENS_MED_V_LOW,7,1.47600519657,4.02856335313,3.85416887512,0,0,5.90402078629,
G2_D075_DENS_MED_V_LOW_S007,G2_D075_DENS_MED_V_LOW,7,1.48500025272,4.16002146778,4.10411757812,0,0,5.94000101089,
G2_D075_DENS_MED_V_LOW_S007,G2_D075_DENS_MED_V_LOW,7,1.49401009083,4.20259513874,4.01666648091,0,0,5.97604036331,
G2_D075_DENS_MED_V_LOW_S007,G2_D075_DENS_MED_V_LOW,7,1.50300514698,3.95716716407,3.50069652134,0,0,6.01202058792,
G2_D075_DENS_MED_V_LOW_S007,G2_D075_DENS_MED_V_LOW,7,1.51200020313,4.14344310418,3.6760241821,0,0,6.04800081253,
G2_D075_DENS_MED_V_LOW_S007,G2_D075_DENS_MED_V_LOW,7,1.52100992203,4.13230723176,3.48752283301,0,0,6.08403968811,
G2_D075_DENS_MED_V_LOW_S007,G2_D075_DENS_MED_V_LOW,7,1.53000509739,4.35937242856,5.05026743984,0,0,6.12002038956,
G2_D075_DENS_MED_V_LOW_S007,G2_D075_DENS_MED_V_LOW,7,1.53900015354,4.35697267044,4.22199978933,0,0,6.15600061417,
G2_D075_DENS_MED_V_LOW_S007,G2_D075_DENS_MED_V_LOW,7,1.54800987244,4.15081120438,4.590367186,0,0,6.19203948975,
G2_D075_DENS_MED_V_LOW_S007,G2_D075_DENS_MED_V_LOW,7,1.55700492859,4.34868611359,4.66567092967,0,0,6.22801971436,
G2_D075_DENS_MED_V_LOW_S007,G2_D075_DENS_MED_V_LOW,7,1.56599998474,4.52311606287,4.07305769009,0,0,6.26399993896,
G2_D075_DENS_MED_V_LOW_S007,G2_D075_DENS_MED_V_LOW,7,1.57500982285,4.10328190163,4.6623417948,0,0,6.30003929138,
G2_D075_DENS_MED_V_LOW_S007,G2_D075_DENS_MED_V_LOW,7,1.584004879,4.29115049642,4.72387766377,0,0,6.33601951599,
G2_D075_DENS_MED_V_LOW_S007,G2_D075_DENS_MED_V_LOW,7,1.5930147171,4.15793587488,3.64451372855,0,0,6.37205886841,
G2_D075_DENS_MED_V_LOW_S007,G2_D075_DENS_MED_V_LOW,7,1.60200977325,4.19654034314,3.49075659816,0,0,6.40803909302,
G2_D075_DENS_MED_V_LOW_S007,G2_D075_DENS_MED_V_LOW,7,1.61100482941,4.5591082901,3.51277260862,0,0,6.44401931763,
G2_D075_DENS_MED_V_LOW_S007,G2_D075_DENS_MED_V_LOW,7,1.6200145483,4.55293108888,3.65428091433,0,0,6.48005819321,
G2_D075_DENS_MED_V_LOW_S007,G2_D075_DENS_MED_V_LOW,7,1.62900960445,4.14495369459,3.24032960236,0,0,6.51603841782,
G2_D075_DENS_MED_V_LOW_S007,G2_D075_DENS_MED_V_LOW,7,1.63800477982,4.60672877537,4.12754432026,0,0,6.55201911926,
G2_D075_DENS_MED_V_LOW_S007,G2_D075_DENS_MED_V_LOW,7,1.64701449871,4.42693784656,4.23764975929,0,0,6.58805799484,
G2_D075_DENS_MED_V_LOW_S007,G2_D075_DENS_MED_V_LOW,7,1.65600955486,4.46432240324,3.75404559551,0,0,6.62403821945,
G2_D075_DENS_MED_V_LOW_S007,G2_D075_DENS_MED_V_LOW,7,1.66500461102,4.58405168277,6.8422590559,0,0,6.66001844406,
G2_D075_DENS_MED_V_LOW_S007,G2_D075_DENS_MED_V_LOW,7,1.67401337624,4.53465755935,3.33788795443,0,0,6.69605350494,
G2_D075_DENS_MED_V_LOW_S007,G2_D075_DENS_MED_V_LOW,7,1.68300843239,4.61665689388,3.00393921243,0,0,6.73203372955,
G2_D075_DENS_MED_V_LOW_S007,G2_D075_DENS_MED_V_LOW,7,1.69200348854,4.46386262229,3.7626682826,0,0,6.76801395416,
G2_D075_DENS_MED_V_LOW_S007,G2_D075_DENS_MED_V_LOW,7,1.70101320744,4.76042989855,5.07561049274,0,0,6.80405282974,
G2_D075_DENS_MED_V_LOW_S007,G2_D075_DENS_MED_V_LOW,7,1.71000826359,4.65875365263,4.73247753725,0,0,6.84003305435,
G2_D075_DENS_MED_V_LOW_S007,G2_D075_DENS_MED_V_LOW,7,1.71900343895,4.58499334952,3.91194073433,0,0,6.8760137558,
G2_D075_DENS_MED_V_LOW_S007,G2_D075_DENS_MED_V_LOW,7,1.72801315784,4.5007141757,3.45832564789,0,0,6.91205263138,
G2_D075_DENS_MED_V_LOW_S007,G2_D075_DENS_MED_V_LOW,7,1.737008214,4.28720781954,3.05907071911,0,0,6.94803285599,
G2_D075_DENS_MED_V_LOW_S007,G2_D075_DENS_MED_V_LOW,7,1.74600327015,4.87354540601,3.61625184971,0,0,6.9840130806,
G2_D075_DENS_MED_V_LOW_S007,G2_D075_DENS_MED_V_LOW,7,1.75501310825,4.62349613546,3.34649780572,0,0,7.02005243301,
G2_D075_DENS_MED_V_LOW_S007,G2_D075_DENS_MED_V_LOW,7,1.76400816441,4.65274555353,3.79868387708,0,0,7.05603265762,
G2_D075_DENS_MED_V_LOW_S007,G2_D075_DENS_MED_V_LOW,7,1.77300322056,4.87225171947,3.93838593211,0,0,7.09201288223,
G2_D075_DENS_MED_V_LOW_S007,G2_D075_DENS_MED_V_LOW,7,1.78201305866,4.96325463702,4.13529130459,0,0,7.12805223465,
G2_D075_DENS_MED_V_LOW_S007,G2_D075_DENS_MED_V_LOW,7,1.79100811481,4.64971829389,3.70832328329,0,0,7.16403245926,
G2_D075_DENS_MED_V_LOW_S007,G2_D075_DENS_MED_V_LOW,7,1.80000150204,4.83770846537,3.58747657155,0,0,7.20000600815,
G2_D075_DENS_MED_V_LOW_S007,G2_D075_DENS_MED_V_LOW,7,1.80901134014,4.78760505246,3.68494068733,0,0,7.23604536057,
G2_D075_DENS_MED_V_LOW_S007,G2_D075_DENS_MED_V_LOW,7,1.81800639629,4.88426460195,4.57018691805,0,0,7.27202558517,
G2_D075_DENS_MED_V_LOW_S007,G2_D075_DENS_MED_V_LOW,7,1.82700145245,4.95815007379,5.08273271722,0,0,7.30800580978,
G2_D075_DENS_MED_V_LOW_S007,G2_D075_DENS_MED_V_LOW,7,1.83601117134,4.87460643896,3.36953882686,0,0,7.34404468536,
G2_D075_DENS_MED_V_LOW_S007,G2_D075_DENS_MED_V_LOW,7,1.84500622749,4.73002412034,3.28184015269,0,0,7.38002490997,
G2_D075_DENS_MED_V_LOW_S007,G2_D075_DENS_MED_V_LOW,7,1.85400128365,4.85992329022,4.05538644054,0,0,7.41600513458,
G2_D075_DENS_MED_V_LOW_S007,G2_D075_DENS_MED_V_LOW,7,1.86301112175,5.00510188725,8.14022356952,0,0,7.452044487,
G2_D075_DENS_MED_V_LOW_S007,G2_D075_DENS_MED_V_LOW,7,1.8720061779,4.97208994685,3.43336822641,0,0,7.48802471161,
G2_D075_DENS_MED_V_LOW_S007,G2_D075_DENS_MED_V_LOW,7,1.88100123405,4.96978827901,3.56558369046,0,0,7.52400493622,
G2_D075_DENS_MED_V_LOW_S007,G2_D075_DENS_MED_V_LOW,7,1.89001107216,5.0775522015,3.67325791081,0,0,7.56004428864,
G2_D075_DENS_MED_V_LOW_S007,G2_D075_DENS_MED_V_LOW,7,1.89900612831,4.95546488675,3.53010510781,0,0,7.59602451324,
G2_D075_DENS_MED_V_LOW_S007,G2_D075_DENS_MED_V_LOW,7,1.90800118446,5.20470539598,4.40418130813,0,0,7.63200473785,
G2_D075_DENS_MED_V_LOW_S007,G2_D075_DENS_MED_V_LOW,7,1.91701090336,5.05499254094,3.77653296044,0,0,7.66804361343,
G2_D075_DENS_MED_V_LOW_S007,G2_D075_DENS_MED_V_LOW,7,1.92600595951,5.39414343534,3.00596554248,0,0,7.70402383804,
G2_D075_DENS_MED_V_LOW_S007,G2_D075_DENS_MED_V_LOW,7,1.93500101566,5.21026808229,4.18771292712,0,0,7.74000406265,
G2_D075_DENS_MED_V_LOW_S007,G2_D075_DENS_MED_V_LOW,7,1.94401085377,5.18366323359,4.24095310451,0,0,7.77604341507,
G2_D075_DENS_MED_V_LOW_S007,G2_D075_DENS_MED_V_LOW,7,1.95300590992,5.29957334711,4.40637297345,0,0,7.81202363968,
G2_D075_DENS_MED_V_LOW_S007,G2_D075_DENS_MED_V_LOW,7,1.96200096607,4.98023558525,3.79816774375,0,0,7.84800386429,
G2_D075_DENS_MED_V_LOW_S007,G2_D075_DENS_MED_V_LOW,7,1.97101068497,5.23682374769,3.61022202888,0,0,7.88404273987,
G2_D075_DENS_MED_V_LOW_S007,G2_D075_DENS_MED_V_LOW,7,1.98000574112,4.96369507622,3.47289862965,0,0,7.92002296448,
G2_D075_DENS_MED_V_LOW_S007,G2_D075_DENS_MED_V_LOW,7,1.98900091648,5.07290907708,3.5401754495,0,0,7.95600366592,
G2_D075_DENS_MED_V_LOW_S007,G2_D075_DENS_MED_V_LOW,7,1.99801063538,5.34623282388,5.71119546344,0,0,7.9920425415,
G2_D075_DENS_MED_V_LOW_S007,G2_D075_DENS_MED_V_LOW,7,2.00700569153,5.25227227698,3.55297151979,0,0,8.02802276611,
G2_D075_DENS_MED_V_LOW_S007,G2_D075_DENS_MED_V_LOW,7,2.01600074768,5.69584428745,4.1665644258,0,0,8.06400299072,
G2_D075_DENS_MED_V_LOW_S007,G2_D075_DENS_MED_V_LOW,7,2.02501058578,5.01232022706,3.79961475987,0,0,8.10004234314,
G2_D075_DENS_MED_V_LOW_S007,G2_D075_DENS_MED_V_LOW,7,2.03400564194,5.43240472576,3.56158481373,0,0,8.13602256775,
G2_D075_DENS_MED_V_LOW_S007,G2_D075_DENS_MED_V_LOW,7,2.04300880432,5.19197576364,3.55259815844,0,0,8.17203521729,
G2_D075_DENS_MED_V_LOW_S007,G2_D075_DENS_MED_V_LOW,7,2.05200386047,5.35669118256,3.09036211943,0,0,8.20801544189,
G2_D075_DENS_MED_V_LOW_S007,G2_D075_DENS_MED_V_LOW,7,2.06101369858,5.49578210301,4.80499272876,0,0,8.24405479431,
G2_D075_DENS_MED_V_LOW_S007,G2_D075_DENS_MED_V_LOW,7,2.07000875473,5.19333410687,4.03907263516,0,0,8.28003501892,
G2_D075_DENS_MED_V_LOW_S007,G2_D075_DENS_MED_V_LOW,7,2.07900381088,5.46870752618,3.48520694553,0,0,8.31601524353,
G2_D075_DENS_MED_V_LOW_S007,G2_D075_DENS_MED_V_LOW,7,2.08801364899,5.70881209958,3.89966263116,0,0,8.35205459595,
G2_D075_DENS_MED_V_LOW_S007,G2_D075_DENS_MED_V_LOW,7,2.09700870514,5.52504671817,3.62099281381,0,0,8.38803482056,
G2_D075_DENS_MED_V_LOW_S007,G2_D075_DENS_MED_V_LOW,7,2.10600376129,5.32501327005,3.15045133182,0,0,8.42401504517,
G2_D075_DENS_MED_V_LOW_S007,G2_D075_DENS_MED_V_LOW,7,2.11501336098,5.53078237496,3.6142291371,0,0,8.46005344391,
G2_D075_DENS_MED_V_LOW_S007,G2_D075_DENS_MED_V_LOW,7,2.12400841713,5.63007240197,3.50713545806,0,0,8.49603366852,
G2_D075_DENS_MED_V_LOW_S007,G2_D075_DENS_MED_V_LOW,7,2.13300347328,5.61889508295,4.07268036407,0,0,8.53201389313,
G2_D075_DENS_MED_V_LOW_S007,G2_D075_DENS_MED_V_LOW,7,2.14201235771,5.74983981238,3.79951389052,0,0,8.56804943085,
G2_D075_DENS_MED_V_LOW_S007,G2_D075_DENS_MED_V_LOW,7,2.15100741386,5.60354657813,3.67688952988,0,0,8.60402965546,
G2_D075_DENS_MED_V_LOW_S007,G2_D075_DENS_MED_V_LOW,7,2.16000699997,5.69010642018,3.08268074358,0,0,8.64002799988,
G2_D075_DENS_MED_V_LOW_S007,G2_D075_DENS_MED_V_LOW,7,2.16900205612,5.44645401784,2.71844065719,0,0,8.67600822449,
G2_D075_DENS_MED_V_LOW_S007,G2_D075_DENS_MED_V_LOW,7,2.17801189423,5.76179909059,3.96619325389,0,0,8.7120475769,
G2_D075_DENS_MED_V_LOW_S007,G2_D075_DENS_MED_V_LOW,7,2.18700695038,5.5655881242,3.55520991085,0,0,8.74802780151,
G2_D075_DENS_MED_V_LOW_S007,G2_D075_DENS_MED_V_LOW,7,2.19600200653,6.10529966748,5.07107173484,0,0,8.78400802612,
G2_D075_DENS_MED_V_LOW_S007,G2_D075_DENS_MED_V_LOW,7,2.20501184464,5.76039819551,4.09211165445,0,0,8.82004737854,
G2_D075_DENS_MED_V_LOW_S007,G2_D075_DENS_MED_V_LOW,7,2.21400690079,5.36599566789,3.52980809202,0,0,8.85602760315,
G2_D075_DENS_MED_V_LOW_S007,G2_D075_DENS_MED_V_LOW,7,2.22300195694,5.73291025793,4.24649459646,0,0,8.89200782776,
G2_D075_DENS_MED_V_LOW_S007,G2_D075_DENS_MED_V_LOW,7,2.23201179504,5.78785076533,3.26773128588,0,0,8.92804718018,
G2_D075_DENS_MED_V_LOW_S007,G2_D075_DENS_MED_V_LOW,7,2.2410068512,5.70199385761,3.33364607933,0,0,8.96402740479,
G2_D075_DENS_MED_V_LOW_S007,G2_D075_DENS_MED_V_LOW,7,2.25000190735,5.88421134668,3.61059265287,0,0,9.00000762939,
G2_D075_DENS_MED_V_LOW_S007,G2_D075_DENS_MED_V_LOW,7,2.25901150703,5.98549854718,3.62551658254,0,0,9.03604602814,
G2_D075_DENS_MED_V_LOW_S007,G2_D075_DENS_MED_V_LOW,7,2.26800656319,5.9648012205,3.98950529545,0,0,9.07202625275,
G2_D075_DENS_MED_V_LOW_S007,G2_D075_DENS_MED_V_LOW,7,2.27700185776,5.83391893728,3.88907363319,0,0,9.10800743103,
G2_D075_DENS_MED_V_LOW_S007,G2_D075_DENS_MED_V_LOW,7,2.28600955009,5.95973699863,3.59329986039,0,0,9.14403820038,
G2_D075_DENS_MED_V_LOW_S007,G2_D075_DENS_MED_V_LOW,7,2.2950117588,6.20763629589,2.84771202501,0,0,9.18004703522,
G2_D075_DENS_MED_V_LOW_S007,G2_D075_DENS_MED_V_LOW,7,2.30400681496,5.92019252148,4.34938659927,0,0,9.21602725983,
G2_D075_DENS_MED_V_LOW_S007,G2_D075_DENS_MED_V_LOW,7,2.31300187111,5.89008405355,5.92898796867,0,0,9.25200748444,
G2_D075_DENS_MED_V_LOW_S007,G2_D075_DENS_MED_V_LOW,7,2.32201170921,5.98288685877,4.78374127533,0,0,9.28804683685,
G2_D075_DENS_MED_V_LOW_S007,G2_D075_DENS_MED_V_LOW,7,2.33100676537,6.02637373649,3.69052660557,0,0,9.32402706146,
G2_D075_DENS_MED_V_LOW_S007,G2_D075_DENS_MED_V_LOW,7,2.34000182152,6.02476284531,3.54614739279,0,0,9.36000728607,
G2_D075_DENS_MED_V_LOW_S007,G2_D075_DENS_MED_V_LOW,7,2.34901165962,5.81396322843,3.1420688011,0,0,9.39604663849,
G2_D075_DENS_MED_V_LOW_S007,G2_D075_DENS_MED_V_LOW,7,2.35800671577,6.00378423437,4.04272718357,0,0,9.4320268631,
G2_D075_DENS_MED_V_LOW_S007,G2_D075_DENS_MED_V_LOW,7,2.36700177193,5.90107624443,3.94073044227,0,0,9.46800708771,
G2_D075_DENS_MED_V_LOW_S007,G2_D075_DENS_MED_V_LOW,7,2.37601161003,6.26938509808,3.69459182391,0,0,9.50404644012,
G2_D075_DENS_MED_V_LOW_S007,G2_D075_DENS_MED_V_LOW,7,2.38500666618,6.42632955586,4.8577928616,0,0,9.54002666473,
G2_D075_DENS_MED_V_LOW_S007,G2_D075_DENS_MED_V_LOW,7,2.39400172234,6.18177693337,3.88347754515,0,0,9.57600688934,
G2_D075_DENS_MED_V_LOW_S007,G2_D075_DENS_MED_V_LOW,7,2.40301132202,6.16040540867,4.34839630293,0,0,9.61204528809,
G2_D075_DENS_MED_V_LOW_S007,G2_D075_DENS_MED_V_LOW,7,2.4120016098,5.97339614005,2.96988022404,0,0,9.64800643921,
G2_D075_DENS_MED_V_LOW_S007,G2_D075_DENS_MED_V_LOW,7,2.42101144791,6.28898602404,4.62002890945,0,0,9.68404579163,
G2_D075_DENS_MED_V_LOW_S007,G2_D075_DENS_MED_V_LOW,7,2.43000650406,6.27434597977,4.13091600246,0,0,9.72002601624,
G2_D075_DENS_MED_V_LOW_S007,G2_D075_DENS_MED_V_LOW,7,2.43900156021,6.35339956629,4.17811016025,0,0,9.75600624084,
G2_D075_DENS_MED_V_LOW_S007,G2_D075_DENS_MED_V_LOW,7,2.4480111599,6.07076857105,4.03940142488,0,0,9.79204463959,
G2_D075_DENS_MED_V_LOW_S007,G2_D075_DENS_MED_V_LOW,7,2.45700621605,6.38178993451,3.292541548,0,0,9.8280248642,
G2_D075_DENS_MED_V_LOW_S007,G2_D075_DENS_MED_V_LOW,7,2.4660012722,6.66334552864,4.03926941335,0,0,9.86400508881,
G2_D075_DENS_MED_V_LOW_S007,G2_D075_DENS_MED_V_LOW,7,2.47501111031,6.31613575737,3.26149685725,0,0,9.90004444122,
G2_D075_DENS_MED_V_LOW_S007,G2_D075_DENS_MED_V_LOW,7,2.48400616646,6.56695455313,3.72305464944,0,0,9.93602466583,
G2_D075_DENS_MED_V_LOW_S007,G2_D075_DENS_MED_V_LOW,7,2.49300122261,6.43680228268,3.89780613315,0,0,9.97200489044,
G2_D075_DENS_MED_V_LOW_S007,G2_D075_DENS_MED_V_LOW,7,2.50201106071,6.45293937815,4.16448800058,0,0,10.0080442429,
G2_D075_DENS_MED_V_LOW_S007,G2_D075_DENS_MED_V_LOW,7,2.51100611687,6.26416393176,3.36585647522,0,0,10.0440244675,
G2_D075_DENS_MED_V_LOW_S007,G2_D075_DENS_MED_V_LOW,7,2.52000045776,6.68479663082,3.77924216155,0,0,10.0800018311,
G2_D075_DENS_MED_V_LOW_S007,G2_D075_DENS_MED_V_LOW,7,2.5290119648,6.64439116964,3.59613989177,0,0,10.1160478592,
G2_D075_DENS_MED_V_LOW_S007,G2_D075_DENS_MED_V_LOW,7,2.53801035881,6.34651169403,2.77855817438,0,0,10.1520414352,
G2_D075_DENS_MED_V_LOW_S007,G2_D075_DENS_MED_V_LOW,7,2.54700541496,6.44829404324,4.59152465495,0,0,10.1880216599,
G2_D075_DENS_MED_V_LOW_S007,G2_D075_DENS_MED_V_LOW,7,2.55600047112,6.45446848137,4.20604911397,0,0,10.2240018845,
G2_D075_DENS_MED_V_LOW_S007,G2_D075_DENS_MED_V_LOW,7,2.56501030922,6.49425334879,4.06273857918,0,0,10.2600412369,
G2_D075_DENS_MED_V_LOW_S007,G2_D075_DENS_MED_V_LOW,7,2.57400536537,6.69800262274,3.8854769694,0,0,10.2960214615,
G2_D075_DENS_MED_V_LOW_S007,G2_D075_DENS_MED_V_LOW,7,2.58300042152,6.70445945036,3.87384189797,0,0,10.3320016861,
G2_D075_DENS_MED_V_LOW_S007,G2_D075_DENS_MED_V_LOW,7,2.59201002121,6.76304725855,3.92877145825,0,0,10.3680400848,
G2_D075_DENS_MED_V_LOW_S007,G2_D075_DENS_MED_V_LOW,7,2.60100507736,6.41892332479,3.53998384061,0,0,10.4040203094,
G2_D075_DENS_MED_V_LOW_S007,G2_D075_DENS_MED_V_LOW,7,2.61000037193,6.53681348053,3.39531258619,0,0,10.4400014877,
G2_D075_DENS_MED_V_LOW_S007,G2_D075_DENS_MED_V_LOW,7,2.61900997162,6.72256166728,4.31350717964,0,0,10.4760398865,
G2_D075_DENS_MED_V_LOW_S007,G2_D075_DENS_MED_V_LOW,7,2.62800502777,6.92095714578,3.90028860669,0,0,10.5120201111,
G2_D075_DENS_MED_V_LOW_S007,G2_D075_DENS_MED_V_LOW,7,2.63701438904,6.5595831372,3.04731952102,0,0,10.5480575562,
G2_D075_DENS_MED_V_LOW_S007,G2_D075_DENS_MED_V_LOW,7,2.64600038528,6.21039995516,3.32984333523,0,0,10.5840015411,
G2_D075_DENS_MED_V_LOW_S007,G2_D075_DENS_MED_V_LOW,7,2.65500044823,6.60663608036,2.88531167784,0,0,10.6200017929,
G2_D075_DENS_MED_V_LOW_S007,G2_D075_DENS_MED_V_LOW,7,2.66400122643,6.62354021423,4.66860953126,0,0,10.6560049057,
G2_D075_DENS_MED_V_LOW_S007,G2_D075_DENS_MED_V_LOW,7,2.67301106453,6.73656951275,4.53472487289,0,0,10.6920442581,
G2_D075_DENS_MED_V_LOW_S007,G2_D075_DENS_MED_V_LOW,7,2.68200612068,6.5008781733,3.91381234448,0,0,10.7280244827,
G2_D075_DENS_MED_V_LOW_S007,G2_D075_DENS_MED_V_LOW,7,2.69100117683,6.86554580501,3.83636516017,0,0,10.7640047073,
G2_D075_DENS_MED_V_LOW_S007,G2_D075_DENS_MED_V_LOW,7,2.70001101494,6.76752901754,3.96552157229,0,0,10.8000440598,
G2_D075_DENS_MED_V_LOW_S007,G2_D075_DENS_MED_V_LOW,7,2.70900607109,6.76672440088,3.82762170089,0,0,10.8360242844,
G2_D075_DENS_MED_V_LOW_S007,G2_D075_DENS_MED_V_LOW,7,2.71800112724,6.8323498417,4.06593865202,0,0,10.872004509,
G2_D075_DENS_MED_V_LOW_S007,G2_D075_DENS_MED_V_LOW,7,2.72701096535,6.65839680463,3.37283624381,0,0,10.9080438614,
G2_D075_DENS_MED_V_LOW_S007,G2_D075_DENS_MED_V_LOW,7,2.7360060215,7.28087776026,3.47941467565,0,0,10.944024086,
G2_D075_DENS_MED_V_LOW_S007,G2_D075_DENS_MED_V_LOW,7,2.74500107765,7.07615255704,4.08658258627,0,0,10.9800043106,
G2_D075_DENS_MED_V_LOW_S007,G2_D075_DENS_MED_V_LOW,7,2.75401091576,7.0813201191,3.51698657515,0,0,11.016043663,
G2_D075_DENS_MED_V_LOW_S007,G2_D075_DENS_MED_V_LOW,7,2.76300668716,6.90687801215,2.92970677225,0,0,11.0520267487,
G2_D075_DENS_MED_V_LOW_S007,G2_D075_DENS_MED_V_LOW,7,2.77200269699,7.1117153975,2.82929252328,0,0,11.088010788,
G2_D075_DENS_MED_V_LOW_S007,G2_D075_DENS_MED_V_LOW,7,2.7810125351,7.14652722558,3.9669727265,0,0,11.1240501404,
G2_D075_DENS_MED_V_LOW_S007,G2_D075_DENS_MED_V_LOW,7,2.79000759125,7.11237467475,4.77231687709,0,0,11.160030365,
G2_D075_DENS_MED_V_LOW_S007,G2_D075_DENS_MED_V_LOW,7,2.7990026474,7.12541819601,4.55870143741,0,0,11.1960105896,
G2_D075_DENS_MED_V_LOW_S007,G2_D075_DENS_MED_V_LOW,7,2.8080124855,7.09793412677,3.9191977314,0,0,11.232049942,
G2_D075_DENS_MED_V_LOW_S007,G2_D075_DENS_MED_V_LOW,7,2.81700754166,7.03275133564,3.73632005567,0,0,11.2680301666,
G2_D075_DENS_MED_V_LOW_S007,G2_D075_DENS_MED_V_LOW,7,2.82600259781,7.23674763132,4.36235751764,0,0,11.3040103912,
G2_D075_DENS_MED_V_LOW_S007,G2_D075_DENS_MED_V_LOW,7,2.83501219749,7.01087305717,3.53970747812,0,0,11.34004879,
G2_D075_DENS_MED_V_LOW_S007,G2_D075_DENS_MED_V_LOW,7,2.84400749207,6.94247179941,4.53670807053,0,0,11.3760299683,
G2_D075_DENS_MED_V_LOW_S007,G2_D075_DENS_MED_V_LOW,7,2.85300254822,7.18820316319,3.62244529159,0,0,11.4120101929,
G2_D075_DENS_MED_V_LOW_S007,G2_D075_DENS_MED_V_LOW,7,2.8620121479,7.06291782881,3.98305313699,0,0,11.4480485916,
G2_D075_DENS_MED_V_LOW_S007,G2_D075_DENS_MED_V_LOW,7,2.87100720406,6.91804483137,3.64116055987,0,0,11.4840288162,
G2_D075_DENS_MED_V_LOW_S007,G2_D075_DENS_MED_V_LOW,7,2.88000226021,7.29825604324,3.8420593433,0,0,11.5200090408,
G2_D075_DENS_MED_V_LOW_S007,G2_D075_DENS_MED_V_LOW,7,2.88900160789,7.09592590086,3.34617680306,0,0,11.5560064316,
G2_D075_DENS_MED_V_LOW_S007,G2_D075_DENS_MED_V_LOW,7,2.898011446,7.35362096382,3.53696695858,0,0,11.592045784,
G2_D075_DENS_MED_V_LOW_S007,G2_D075_DENS_MED_V_LOW,7,2.9070057869,7.27368870938,4.9727912258,0,0,11.6280231476,
G2_D075_DENS_MED_V_LOW_S007,G2_D075_DENS_MED_V_LOW,7,2.91601109505,7.1426494817,4.11816081521,0,0,11.6640443802,
G2_D075_DENS_MED_V_LOW_S007,G2_D075_DENS_MED_V_LOW,7,2.9250061512,7.12560940299,4.13091767491,0,0,11.7000246048,
G2_D075_DENS_MED_V_LOW_S007,G2_D075_DENS_MED_V_LOW,7,2.93400120735,7.33826361705,4.2251244154,0,0,11.7360048294,
G2_D075_DENS_MED_V_LOW_S007,G2_D075_DENS_MED_V_LOW,7,2.94301104546,7.06817878387,3.82520129719,0,0,11.7720441818,
G2_D075_DENS_MED_V_LOW_S007,G2_D075_DENS_MED_V_LOW,7,2.95200610161,7.63078211314,4.67812105635,0,0,11.8080244064,
G2_D075_DENS_MED_V_LOW_S007,G2_D075_DENS_MED_V_LOW,7,2.96100068092,8.58736024112,4.53514491579,0,0,11.8440027237,
G2_D075_DENS_MED_V_LOW_S007,G2_D075_DENS_MED_V_LOW,7,2.97001051903,7.50162511371,4.13542134617,0,0,11.8800420761,
G2_D075_DENS_MED_V_LOW_S007,G2_D075_DENS_MED_V_LOW,7,2.97900557518,7.68345797833,4.62123146464,0,0,11.9160223007,
G2_D075_DENS_MED_V_LOW_S007,G2_D075_DENS_MED_V_LOW,7,2.98800063133,7.34725089775,3.79942770391,0,0,11.9520025253,
G2_D075_DENS_MED_V_LOW_S007,G2_D075_DENS_MED_V_LOW,7,2.99701046944,7.94569393076,4.31627890285,0,0,11.9880418777,
G2_D075_DENS_MED_V_LOW_S007,G2_D075_DENS_MED_V_LOW,7,3.00600790977,7.1992478531,1.92351960901,0,0,12.0240316391,
G2_D075_DENS_MED_V_LOW_S007,G2_D075_DENS_MED_V_LOW,7,3.01501202583,7.80935395929,3.54581163029,0,0,12.0600481033,
G2_D075_DENS_MED_V_LOW_S007,G2_D075_DENS_MED_V_LOW,7,3.02401185036,7.69211755457,2.97684470471,0,0,12.0960474014,
G2_D075_DENS_MED_V_LOW_S007,G2_D075_DENS_MED_V_LOW,7,3.03300642967,7.52252138407,5.05117353373,0,0,12.1320257187,
G2_D075_DENS_MED_V_LOW_S007,G2_D075_DENS_MED_V_LOW,7,3.04200148582,7.27001046181,4.61780875971,0,0,12.1680059433,
G2_D075_DENS_MED_V_LOW_S007,G2_D075_DENS_MED_V_LOW,7,3.05101132393,7.34589642287,3.9852625958,0,0,12.2040452957,
G2_D075_DENS_MED_V_LOW_S007,G2_D075_DENS_MED_V_LOW,7,3.06000638008,7.83426612885,4.71641015561,0,0,12.2400255203,
G2_D075_DENS_MED_V_LOW_S007,G2_D075_DENS_MED_V_LOW,7,3.06900143623,7.26553809738,4.25050754624,0,0,12.2760057449,
G2_D075_DENS_MED_V_LOW_S007,G2_D075_DENS_MED_V_LOW,7,3.07801103592,6.22180274369,2.74714605021,0,0,12.3120441437,
G2_D075_DENS_MED_V_LOW_S007,G2_D075_DENS_MED_V_LOW,7,3.08700609207,7.91175082342,4.0098357047,0,0,12.3480243683,
G2_D075_DENS_MED_V_LOW_S007,G2_D075_DENS_MED_V_LOW,7,3.09600114822,7.69638489649,4.12706062577,0,0,12.3840045929,
G2_D075_DENS_MED_V_LOW_S007,G2_D075_DENS_MED_V_LOW,7,3.10501074791,7.68091260448,4.43518378669,0,0,12.4200429916,
G2_D075_DENS_MED_V_LOW_S007,G2_D075_DENS_MED_V_LOW,7,3.11400580406,8.23285365781,3.69875862868,0,0,12.4560232162,
G2_D075_DENS_MED_V_LOW_S007,G2_D075_DENS_MED_V_LOW,7,3.12301015854,7.68418357014,3.43498319748,0,0,12.4920406342,
G2_D075_DENS_MED_V_LOW_S007,G2_D075_DENS_MED_V_LOW,7,3.13200831413,7.61687484474,2.98497232247,0,0,12.5280332565,
G2_D075_DENS_MED_V_LOW_S007,G2_D075_DENS_MED_V_LOW,7,3.14100790024,7.22251431634,2.50687805718,0,0,12.564031601,
G2_D075_DENS_MED_V_LOW_S007,G2_D075_DENS_MED_V_LOW,7,3.15001106262,7.60524713933,4.28908893474,0,0,12.6000442505,
G2_D075_DENS_MED_V_LOW_S007,G2_D075_DENS_MED_V_LOW,7,3.15900611877,7.41745812202,3.20413990057,0,0,12.6360244751,
G2_D075_DENS_MED_V_LOW_S007,G2_D075_DENS_MED_V_LOW,7,3.16800117493,6.84859967192,4.29023212599,0,0,12.6720046997,
G2_D075_DENS_MED_V_LOW_S007,G2_D075_DENS_MED_V_LOW,7,3.17701101303,7.89621000637,4.87211216414,0,0,12.7080440521,
G2_D075_DENS_MED_V_LOW_S007,G2_D075_DENS_MED_V_LOW,7,3.18600606918,7.19744188659,4.91959280591,0,0,12.7440242767,
G2_D075_DENS_MED_V_LOW_S007,G2_D075_DENS_MED_V_LOW,7,3.19500112534,7.84412820911,4.78967555875,0,0,12.7800045013,
G2_D075_DENS_MED_V_LOW_S007,G2_D075_DENS_MED_V_LOW,7,3.20401096344,8.00821198185,3.73082649129,0,0,12.8160438538,
G2_D075_DENS_MED_V_LOW_S007,G2_D075_DENS_MED_V_LOW,7,3.21300601959,7.8190800947,4.29703920867,0,0,12.8520240784,
G2_D075_DENS_MED_V_LOW_S007,G2_D075_DENS_MED_V_LOW,7,3.22200107574,8.4466407456,4.46865551183,0,0,12.888004303,
G2_D075_DENS_MED_V_LOW_S007,G2_D075_DENS_MED_V_LOW,7,3.23101091385,7.67875627605,3.88622995346,0,0,12.9240436554,
G2_D075_DENS_MED_V_LOW_S007,G2_D075_DENS_MED_V_LOW,7,3.24000358582,8.01155478827,3.7104784522,0,0,12.9600143433,
G2_D075_DENS_MED_V_LOW_S007,G2_D075_DENS_MED_V_LOW,7,3.24900794029,8.2757519938,3.51818405744,0,0,12.9960317612,
G2_D075_DENS_MED_V_LOW_S007,G2_D075_DENS_MED_V_LOW,7,3.25801301003,7.94940312513,3.23929767865,0,0,13.0320520401,
G2_D075_DENS_MED_V_LOW_S007,G2_D075_DENS_MED_V_LOW,7,3.2670109272,8.03072080125,2.91451823746,0,0,13.0680437088,
G2_D075_DENS_MED_V_LOW_S007,G2_D075_DENS_MED_V_LOW,7,3.27600097656,8.02055533188,4.11437475425,0,0,13.1040039062,
G2_D075_DENS_MED_V_LOW_S007,G2_D075_DENS_MED_V_LOW,7,3.28501081467,8.13838359403,5.15680133598,0,0,13.1400432587,
G2_D075_DENS_MED_V_LOW_S007,G2_D075_DENS_MED_V_LOW,7,3.29400587082,8.09024530258,4.80912091135,0,0,13.1760234833,
G2_D075_DENS_MED_V_LOW_S007,G2_D075_DENS_MED_V_LOW,7,3.30300092697,8.19032944645,4.46777748633,0,0,13.2120037079,
G2_D075_DENS_MED_V_LOW_S007,G2_D075_DENS_MED_V_LOW,7,3.31201052666,8.25553544768,4.53342399245,0,0,13.2480421066,
G2_D075_DENS_MED_V_LOW_S007,G2_D075_DENS_MED_V_LOW,7,3.32100558281,7.93329918695,3.88045609613,0,0,13.2840223312,
G2_D075_DENS_MED_V_LOW_S007,G2_D075_DENS_MED_V_LOW,7,3.33000063896,7.78528287939,3.86608706349,0,0,13.3200025558,
G2_D075_DENS_MED_V_LOW_S007,G2_D075_DENS_MED_V_LOW,7,3.33901047707,8.52371097417,4.64214192493,0,0,13.3560419083,
G2_D075_DENS_MED_V_LOW_S007,G2_D075_DENS_MED_V_LOW,7,3.34800362587,8.43990650207,4.27005060114,0,0,13.3920145035,
G2_D075_DENS_MED_V_LOW_S007,G2_D075_DENS_MED_V_LOW,7,3.35701179504,7.89336069079,2.17371434205,0,0,13.4280471802,
G2_D075_DENS_MED_V_LOW_S007,G2_D075_DENS_MED_V_LOW,7,3.36600017548,7.98036428778,3.41550457002,0,0,13.4640007019,
G2_D075_DENS_MED_V_LOW_S007,G2_D075_DENS_MED_V_LOW,7,3.37500882149,8.25715297032,3.11777202275,0,0,13.5000352859,
G2_D075_DENS_MED_V_LOW_S007,G2_D075_DENS_MED_V_LOW,7,3.38400530815,8.36724508647,1.34403738545,0,0,13.5360212326,
G2_D075_DENS_MED_V_LOW_S007,G2_D075_DENS_MED_V_LOW,7,3.39300131798,10.3109911435,11.222409952,0,0,13.5720052719,
G2_D075_DENS_MED_V_LOW_S007,G2_D075_DENS_MED_V_LOW,7,3.40201091766,8.08820502463,4.42959398971,0,0,13.6080436707,
G2_D075_DENS_MED_V_LOW_S007,G2_D075_DENS_MED_V_LOW,7,3.41100597382,8.48024951704,4.62026995719,0,0,13.6440238953,
G2_D075_DENS_MED_V_LOW_S007,G2_D075_DENS_MED_V_LOW,7,3.42000102997,8.31150327814,4.64208026352,0,0,13.6800041199,
G2_D075_DENS_MED_V_LOW_S007,G2_D075_DENS_MED_V_LOW,7,3.42901086807,8.21881873388,4.10263634116,0,0,13.7160434723,
G2_D075_DENS_MED_V_LOW_S007,G2_D075_DENS_MED_V_LOW,7,3.43800568581,8.51246015651,4.41405548061,0,0,13.7520227432,
G2_D075_DENS_MED_V_LOW_S007,G2_D075_DENS_MED_V_LOW,7,3.44700074196,8.98708119642,4.7043537658,0,0,13.7880029678,
G2_D075_DENS_MED_V_LOW_S007,G2_D075_DENS_MED_V_LOW,7,3.45601034164,8.57103635964,5.68411607535,0,0,13.8240413666,
G2_D075_DENS_MED_V_LOW_S007,G2_D075_DENS_MED_V_LOW,7,3.4650053978,8.70768027285,4.26222601038,0,0,13.8600215912,
G2_D075_DENS_MED_V_LOW_S007,G2_D075_DENS_MED_V_LOW,7,3.47401070595,8.75048797895,4.62368329272,0,0,13.8960428238,
G2_D075_DENS_MED_V_LOW_S007,G2_D075_DENS_MED_V_LOW,7,3.48300600052,8.49118810365,3.2039049414,0,0,13.9320240021,
G2_D075_DENS_MED_V_LOW_S007,G2_D075_DENS_MED_V_LOW,7,3.49200344086,8.45715215592,3.44097654213,0,0,13.9680137634,
G2_D075_DENS_MED_V_LOW_S007,G2_D075_DENS_MED_V_LOW,7,3.50100827217,8.82777759819,3.80073600332,0,0,14.0040330887,
G2_D075_DENS_MED_V_LOW_S007,G2_D075_DENS_MED_V_LOW,7,3.51001310349,8.6212447706,3.4587320375,0,0,14.0400524139,
G2_D075_DENS_MED_V_LOW_S007,G2_D075_DENS_MED_V_LOW,7,3.51900148392,8.63313331327,4.910208437,0,0,14.0760059357,
G2_D075_DENS_MED_V_LOW_S007,G2_D075_DENS_MED_V_LOW,7,3.52801132202,8.25701702547,4.85064011292,0,0,14.1120452881,
G2_D075_DENS_MED_V_LOW_S007,G2_D075_DENS_MED_V_LOW,7,3.53700637817,8.71050582571,4.01219117126,0,0,14.1480255127,
G2_D075_DENS_MED_V_LOW_S007,G2_D075_DENS_MED_V_LOW,7,3.54600143433,8.7105494828,4.4252894016,0,0,14.1840057373,
G2_D075_DENS_MED_V_LOW_S007,G2_D075_DENS_MED_V_LOW,7,3.55501103401,8.46408921148,4.68819803452,0,0,14.220044136,
G2_D075_DENS_MED_V_LOW_S007,G2_D075_DENS_MED_V_LOW,7,3.56400537491,8.72247836683,4.097279194,0,0,14.2560214996,
G2_D075_DENS_MED_V_LOW_S007,G2_D075_DENS_MED_V_LOW,7,3.57300043106,8.49230992495,4.1559032644,0,0,14.2920017242,
G2_D075_DENS_MED_V_LOW_S007,G2_D075_DENS_MED_V_LOW,7,3.58200120926,8.4053306433,3.61828844747,0,0,14.328004837,
G2_D075_DENS_MED_V_LOW_S007,G2_D075_DENS_MED_V_LOW,7,3.59100818634,8.21434581684,3.57428205164,0,0,14.3640327454,
G2_D075_DENS_MED_V_LOW_S007,G2_D075_DENS_MED_V_LOW,7,3.60000157356,8.05545944771,1.66110285411,0,0,14.4000062943,
G2_D075_DENS_MED_V_LOW_S007,G2_D075_DENS_MED_V_LOW,7,3.60901379585,10.0262364245,2.95861128137,0,0,14.4360551834,
G2_D075_DENS_MED_V_LOW_S007,G2_D075_DENS_MED_V_LOW,7,3.61801362038,8.60085967497,3.46450166619,0,0,14.4720544815,
G2_D075_DENS_MED_V_LOW_S007,G2_D075_DENS_MED_V_LOW,7,3.62700796127,9.35760440374,2.35729786262,0,0,14.5080318451,
G2_D075_DENS_MED_V_LOW_S007,G2_D075_DENS_MED_V_LOW,7,3.63601350784,8.71883272392,0.891924437895,0,0,14.5440540314,
G2_D075_DENS_MED_V_LOW_S007,G2_D075_DENS_MED_V_LOW,7,3.64500021935,8.70720667637,5.87492812968,0,0,14.5800008774,
G2_D075_DENS_MED_V_LOW_S007,G2_D075_DENS_MED_V_LOW,7,3.65400981903,9.19147869519,6.52265475691,0,0,14.6160392761,
G2_D075_DENS_MED_V_LOW_S007,G2_D075_DENS_MED_V_LOW,7,3.66300415993,8.89934537618,5.23084959761,0,0,14.6520166397,
G2_D075_DENS_MED_V_LOW_S007,G2_D075_DENS_MED_V_LOW,7,3.67201399803,8.62423555724,4.51438587866,0,0,14.6880559921,
G2_D075_DENS_MED_V_LOW_S007,G2_D075_DENS_MED_V_LOW,7,3.68100905418,8.47533671341,3.74448930267,0,0,14.7240362167,
G2_D075_DENS_MED_V_LOW_S007,G2_D075_DENS_MED_V_LOW,7,3.69000267982,8.80912607568,4.35503568932,0,0,14.7600107193,
G2_D075_DENS_MED_V_LOW_S007,G2_D075_DENS_MED_V_LOW,7,3.69901251793,9.09675000464,5.5669515286,0,0,14.7960500717,
G2_D075_DENS_MED_V_LOW_S007,G2_D075_DENS_MED_V_LOW,7,3.70800685883,8.93437217395,2.69608181414,0,0,14.8320274353,
G2_D075_DENS_MED_V_LOW_S007,G2_D075_DENS_MED_V_LOW,7,3.7170112133,8.64100043053,3.17461993568,0,0,14.8680448532,
G2_D075_DENS_MED_V_LOW_S007,G2_D075_DENS_MED_V_LOW,7,3.72600841522,8.5387643792,0.361139275421,0,0,14.9040336609,
G2_D075_DENS_MED_V_LOW_S007,G2_D075_DENS_MED_V_LOW,7,3.73500800133,8.49596993602,0.771363453572,0,0,14.9400320053,
G2_D075_DENS_MED_V_LOW_S007,G2_D075_DENS_MED_V_LOW,7,3.74400043488,9.21838582776,3.57493032596,0,0,14.9760017395,
G2_D075_DENS_MED_V_LOW_S007,G2_D075_DENS_MED_V_LOW,7,3.75300812721,9.77500924161,0.602647980983,0,0,15.0120325089,
G2_D075_DENS_MED_V_LOW_S007,G2_D075_DENS_MED_V_LOW,7,3.76201438904,9.08564949998,6.47117827244,0,0,15.0480575562,
G2_D075_DENS_MED_V_LOW_S007,G2_D075_DENS_MED_V_LOW,7,3.77100944519,9.05323770634,5.35107614829,0,0,15.0840377808,
G2_D075_DENS_MED_V_LOW_S007,G2_D075_DENS_MED_V_LOW,7,3.78000020981,9.06932948685,4.86457936615,0,0,15.1200008392,
G2_D075_DENS_MED_V_LOW_S007,G2_D075_DENS_MED_V_LOW,7,3.78901004791,9.21093649223,4.70209338647,0,0,15.1560401917,
G2_D075_DENS_MED_V_LOW_S007,G2_D075_DENS_MED_V_LOW,7,3.79800891876,8.53944520868,4.93523445105,0,0,15.192035675,
G2_D075_DENS_MED_V_LOW_S007,G2_D075_DENS_MED_V_LOW,7,3.8070127964,9.42442295402,4.36697670316,0,0,15.2280511856,
G2_D075_DENS_MED_V_LOW_S007,G2_D075_DENS_MED_V_LOW,7,3.81600642204,10.1079812769,6.45048152752,0,0,15.2640256882,
G2_D075_DENS_MED_V_LOW_S007,G2_D075_DENS_MED_V_LOW,7,3.8250041008,5.79873298457,3.71530951491,0,0,15.3000164032,
G2_D075_DENS_MED_V_LOW_S007,G2_D075_DENS_MED_V_LOW,7,3.83400154114,9.44129337799,2.4551449588,0,0,15.3360061646,
G2_D075_DENS_MED_V_LOW_S007,G2_D075_DENS_MED_V_LOW,7,3.84300351143,9.18705551407,0.633849612209,0,0,15.3720140457,
G2_D075_DENS_MED_V_LOW_S007,G2_D075_DENS_MED_V_LOW,7,3.85201191902,10.1834638244,4.61059968636,0,0,15.4080476761,
G2_D075_DENS_MED_V_LOW_S007,G2_D075_DENS_MED_V_LOW,7,3.86101341248,8.88077398375,2.34113396913,0,0,15.4440536499,
G2_D075_DENS_MED_V_LOW_S007,G2_D075_DENS_MED_V_LOW,7,3.87000346184,10.1558913358,2.73764854648,0,0,15.4800138474,
G2_D075_DENS_MED_V_LOW_S007,G2_D075_DENS_MED_V_LOW,7,3.87900733948,9.00964693582,5.65951592813,0,0,15.5160293579,
G2_D075_DENS_MED_V_LOW_S007,G2_D075_DENS_MED_V_LOW,7,3.88801431656,10.2405197663,5.37441111395,0,0,15.5520572662,
G2_D075_DENS_MED_V_LOW_S007,G2_D075_DENS_MED_V_LOW,7,3.89700269699,9.96348627248,6.80523265024,0,0,15.588010788,
G2_D075_DENS_MED_V_LOW_S007,G2_D075_DENS_MED_V_LOW,7,3.90600395203,9.92022154854,7.03050981725,0,0,15.6240158081,
G2_D075_DENS_MED_V_LOW_S007,G2_D075_DENS_MED_V_LOW,7,3.91500425339,10.4205704271,2.46968847488,0,0,15.6600170135,
G2_D075_DENS_MED_V_LOW_S007,G2_D075_DENS_MED_V_LOW,7,3.92400860786,9.61395107066,8.33385409234,0,0,15.6960344315,
G2_D075_DENS_MED_V_LOW_S007,G2_D075_DENS_MED_V_LOW,7,3.93300557137,9.90396121852,4.41991015227,0,0,15.7320222855,
G2_D075_DENS_MED_V_LOW_S007,G2_D075_DENS_MED_V_LOW,7,3.94200873375,9.57268683593,2.64979241208,0,0,15.768034935,
G2_D075_DENS_MED_V_LOW_S007,G2_D075_DENS_MED_V_LOW,7,3.95100259781,8.32528068052,2.82474879231,0,0,15.8040103912,
G2_D075_DENS_MED_V_LOW_S007,G2_D075_DENS_MED_V_LOW,7,3.96000671387,11.6400564951,9.19716952675,0,0,15.8400268555,
G2_D075_DENS_MED_V_LOW_S007,G2_D075_DENS_MED_V_LOW,7,3.9690117836,7.86925313789,3.76265882341,0,0,15.8760471344,
G2_D075_DENS_MED_V_LOW_S007,G2_D075_DENS_MED_V_LOW,7,3.97800326347,11.0662985042,7.20502650309,0,0,15.9120130539,
G2_D075_DENS_MED_V_LOW_S007,G2_D075_DENS_MED_V_LOW,7,3.98700356483,9.79987388574,1.97819369689,0,0,15.9480142593,
G2_D075_DENS_MED_V_LOW_S007,G2_D075_DENS_MED_V_LOW,7,3.99600958824,9.83802244141,3.35288155365,0,0,15.984038353,
G2_D075_DENS_MED_V_LOW_S007,G2_D075_DENS_MED_V_LOW,7,4.00500440598,9.7608864509,6.81363838567,0,0,16.0200176239,
G2_D075_DENS_MED_V_LOW_S007,G2_D075_DENS_MED_V_LOW,7,4.01400232315,11.6903019316,8.06996513521,0,0,16.0560092926,
G2_D075_DENS_MED_V_LOW_S007,G2_D075_DENS_MED_V_LOW,7,4.02300739288,9.68467665374,6.19169622808,0,0,16.0920295715,
G2_D075_DENS_MED_V_LOW_S007,G2_D075_DENS_MED_V_LOW,7,4.03201150894,8.92100702708,0.951518626743,0,0,16.1280460358,
G2_D075_DENS_MED_V_LOW_S007,G2_D075_DENS_MED_V_LOW,7,4.0410118103,10.4217696154,7.12048448382,0,0,16.1640472412,
G2_D075_DENS_MED_V_LOW_S007,G2_D075_DENS_MED_V_LOW,7,4.05000066757,9.66874900176,5.09609885368,0,0,16.2000026703,
G2_D075_DENS_MED_V_LOW_S007,G2_D075_DENS_MED_V_LOW,7,4.05900907516,8.59241009483,4.07878089228,0,0,16.2360363007,
G2_D075_DENS_MED_V_LOW_S007,G2_D075_DENS_MED_V_LOW,7,4.06801080704,11.6569755497,4.03883466968,0,0,16.2720432281,
G2_D075_DENS_MED_V_LOW_S007,G2_D075_DENS_MED_V_LOW,7,4.07701158524,7.23827894503,3.83500361088,0,0,16.3080463409,
G2_D075_DENS_MED_V_LOW_S007,G2_D075_DENS_MED_V_LOW,7,4.0860080719,9.73213356309,4.63481474418,0,0,16.3440322876,
G2_D075_DENS_MED_V_LOW_S007,G2_D075_DENS_MED_V_LOW,7,4.09500932693,8.89916245852,5.98781298725,0,0,16.3800373077,
G2_D075_DENS_MED_V_LOW_S007,G2_D075_DENS_MED_V_LOW,7,4.10400009155,9.43438229563,2.79436164466,0,0,16.4160003662,
G2_D075_DENS_MED_V_LOW_S007,G2_D075_DENS_MED_V_LOW,7,4.11300992966,8.73327492976,3.66342044892,0,0,16.4520397186,
G2_D075_DENS_MED_V_LOW_S007,G2_D075_DENS_MED_V_LOW,7,4.12200737,9.55607945972,6.09883194594,0,0,16.48802948,
G2_D075_DENS_MED_V_LOW_S007,G2_D075_DENS_MED_V_LOW,7,4.1310095787,9.45245080264,2.68551424651,0,0,16.5240383148,
G2_D075_DENS_MED_V_LOW_S007,G2_D075_DENS_MED_V_LOW,7,4.14000558853,10.1239188761,5.12680536849,0,0,16.5600223541,
G2_D075_DENS_MED_V_LOW_S007,G2_D075_DENS_MED_V_LOW,7,4.14900112152,6.37622890606,3.14427034164,0,0,16.5960044861,
G2_D075_DENS_MED_V_LOW_S007,G2_D075_DENS_MED_V_LOW,7,4.1580080986,7.48538909903,2.68266831605,0,0,16.6320323944,
G2_D075_DENS_MED_V_LOW_S007,G2_D075_DENS_MED_V_LOW,7,4.16701173782,11.888455362,6.07189779497,0,0,16.6680469513,
G2_D075_DENS_MED_V_LOW_S007,G2_D075_DENS_MED_V_LOW,7,4.17600345612,10.6967705679,2.03186784384,0,0,16.7040138245,
G2_D075_DENS_MED_V_LOW_S007,G2_D075_DENS_MED_V_LOW,7,4.18500137329,11.0547675076,5.40466524281,0,0,16.7400054932,
G2_D075_DENS_MED_V_LOW_S007,G2_D075_DENS_MED_V_LOW,7,4.19400644302,10.6984361686,4.17004659189,0,0,16.7760257721,
G2_D075_DENS_MED_V_LOW_S007,G2_D075_DENS_MED_V_LOW,7,4.2030081749,9.94743372808,4.67769619679,0,0,16.8120326996,
G2_D075_DENS_MED_V_LOW_S007,G2_D075_DENS_MED_V_LOW,7,4.21200609207,8.97169677121,4.97908293902,0,0,16.8480243683,
G2_D075_DENS_MED_V_LOW_S007,G2_D075_DENS_MED_V_LOW,7,4.22101068497,10.7115023473,4.88325078848,0,0,16.8840427399,
G2_D075_DENS_MED_V_LOW_S007,G2_D075_DENS_MED_V_LOW,7,4.2300028801,9.44361438757,2.93798581632,0,0,16.9200115204,
G2_D075_DENS_MED_V_LOW_S007,G2_D075_DENS_MED_V_LOW,7,4.23900175095,10.0254019663,7.23755464882,0,0,16.9560070038,
G2_D075_DENS_MED_V_LOW_S007,G2_D075_DENS_MED_V_LOW,7,4.24801492691,10.2778283375,6.04879389318,0,0,16.9920597076,
G2_D075_DENS_MED_V_LOW_S007,G2_D075_DENS_MED_V_LOW,7,4.25700902939,11.0151965046,10.4655621868,0,0,17.0280361176,
G2_D075_DENS_MED_V_LOW_S007,G2_D075_DENS_MED_V_LOW,7,4.2660112381,9.67073180709,1.42878523377,0,0,17.0640449524,
G2_D075_DENS_MED_V_LOW_S007,G2_D075_DENS_MED_V_LOW,7,4.27501249313,10.9545242087,9.36103561823,0,0,17.1000499725,
G2_D075_DENS_MED_V_LOW_S007,G2_D075_DENS_MED_V_LOW,7,4.28401136398,9.24201204749,7.18145815517,0,0,17.1360454559,
G2_D075_DENS_MED_V_LOW_S007,G2_D075_DENS_MED_V_LOW,7,4.29301166534,11.6593241903,5.2137988884,0,0,17.1720466614,
G2_D075_DENS_MED_V_LOW_S007,G2_D075_DENS_MED_V_LOW,7,4.30200004578,11.3831870484,6.22720184079,0,0,17.2080001831,
G2_D075_DENS_MED_V_LOW_S007,G2_D075_DENS_MED_V_LOW,7,4.31100034714,11.0564740022,8.43527408503,0,0,17.2440013885,
G2_D075_DENS_MED_V_LOW_S007,G2_D075_DENS_MED_V_LOW,7,4.32000875473,8.81547127379,5.00476309498,0,0,17.2800350189,
G2_D075_DENS_MED_V_LOW_S007,G2_D075_DENS_MED_V_LOW,7,4.32901239395,10.1464658264,4.94088276921,0,0,17.3160495758,
G2_D075_DENS_MED_V_LOW_S007,G2_D075_DENS_MED_V_LOW,7,4.33800649643,9.73533434583,5.02992090947,0,0,17.3520259857,
G2_D075_DENS_MED_V_LOW_S007,G2_D075_DENS_MED_V_LOW,7,4.34701395035,10.954411474,4.88273793433,0,0,17.3880558014,
G2_D075_DENS_MED_V_LOW_S007,G2_D075_DENS_MED_V_LOW,7,4.35600471497,10.4067338942,5.2804332072,0,0,17.4240188599,
G2_D075_DENS_MED_V_LOW_S007,G2_D075_DENS_MED_V_LOW,7,4.36500787735,10.2371598286,1.69239550405,0,0,17.4600315094,
G2_D075_DENS_MED_V_LOW_S007,G2_D075_DENS_MED_V_LOW,7,4.37400531769,10.270756995,5.66246624519,0,0,17.4960212708,
G2_D075_DENS_MED_V_LOW_S007,G2_D075_DENS_MED_V_LOW,7,4.38300609589,9.55216469022,3.59621949816,0,0,17.5320243835,
G2_D075_DENS_MED_V_LOW_S007,G2_D075_DENS_MED_V_LOW,7,4.39200305939,8.99928639112,2.62237334502,0,0,17.5680122375,
G2_D075_DENS_MED_V_LOW_S007,G2_D075_DENS_MED_V_LOW,7,4.4010052681,11.2044814678,2.75657361059,0,0,17.6040210724,
G2_D075_DENS_MED_V_LOW_S007,G2_D075_DENS_MED_V_LOW,7,4.41000318527,9.21232799274,4.89888939565,0,0,17.6400127411,
G2_D075_DENS_MED_V_LOW_S007,G2_D075_DENS_MED_V_LOW,7,4.41900777817,8.2841485223,5.38527760184,0,0,17.6760311127,
G2_D075_DENS_MED_V_LOW_S007,G2_D075_DENS_MED_V_LOW,7,4.42800664902,9.91215769809,4.11295737166,0,0,17.7120265961,
G2_D075_DENS_MED_V_LOW_S007,G2_D075_DENS_MED_V_LOW,7,4.43700790405,10.4383383081,5.6847174304,0,0,17.7480316162,
G2_D075_DENS_MED_V_LOW_S007,G2_D075_DENS_MED_V_LOW,7,4.44600629807,10.6252613678,9.25649612986,0,0,17.7840251923,
G2_D075_DENS_MED_V_LOW_S007,G2_D075_DENS_MED_V_LOW,7,4.45500802994,10.7618958864,6.03799313514,0,0,17.8200321198,
G2_D075_DENS_MED_V_LOW_S007,G2_D075_DENS_MED_V_LOW,7,4.4640083313,10.9317009478,4.37947829438,0,0,17.8560333252,
G2_D075_DENS_MED_V_LOW_S007,G2_D075_DENS_MED_V_LOW,7,4.47301054001,10.7950144828,4.07428054375,0,0,17.89204216,
G2_D075_DENS_MED_V_LOW_S007,G2_D075_DENS_MED_V_LOW,7,4.48201322556,9.32181112019,2.45549243788,0,0,17.9280529022,
G2_D075_DENS_MED_V_LOW_S007,G2_D075_DENS_MED_V_LOW,7,4.49100255966,11.0705735828,7.91172576421,0,0,17.9640102386,
G2_D075_DENS_MED_V_LOW_S007,G2_D075_DENS_MED_V_LOW,7,4.50000238419,10.9510338524,6.01737462721,0,0,18.0000095367,
G2_D075_DENS_MED_V_LOW_S007,G2_D075_DENS_MED_V_LOW,7,4.50901412964,9.69336717678,3.95880529521,0,0,18.0360565186,
G2_D075_DENS_MED_V_LOW_S007,G2_D075_DENS_MED_V_LOW,7,4.51800680161,9.76018351657,5.21277586391,0,0,18.0720272064,
G2_D075_DENS_MED_V_LOW_S007,G2_D075_DENS_MED_V_LOW,7,4.52700424194,11.2227223927,4.6215930998,0,0,18.1080169678,
G2_D075_DENS_MED_V_LOW_S007,G2_D075_DENS_MED_V_LOW,7,4.53600740433,10.328091458,5.21584784478,0,0,18.1440296173,
G2_D075_DENS_MED_V_LOW_S007,G2_D075_DENS_MED_V_LOW,7,4.54501056671,11.2015724692,5.83740188377,0,0,18.1800422668,
G2_D075_DENS_MED_V_LOW_S007,G2_D075_DENS_MED_V_LOW,7,4.55400371552,10.993531538,5.17960951051,0,0,18.2160148621,
G2_D075_DENS_MED_V_LOW_S007,G2_D075_DENS_MED_V_LOW,7,4.56300210953,11.6508414529,9.02154798569,0,0,18.2520084381,
G2_D075_DENS_MED_V_LOW_S007,G2_D075_DENS_MED_V_LOW,7,4.57201194763,11.0868228604,6.07477690358,0,0,18.2880477905,
G2_D075_DENS_MED_V_LOW_S007,G2_D075_DENS_MED_V_LOW,7,4.5810046196,10.1912679428,5.06944442036,0,0,18.3240184784,
G2_D075_DENS_MED_V_LOW_S007,G2_D075_DENS_MED_V_LOW,7,4.59000110626,7.50067902599,2.56014559311,0,0,18.360004425,
G2_D075_DENS_MED_V_LOW_S007,G2_D075_DENS_MED_V_LOW,7,4.59901094437,10.770388571,6.01864278546,0,0,18.3960437775,
G2_D075_DENS_MED_V_LOW_S007,G2_D075_DENS_MED_V_LOW,7,4.60800266266,9.99356876721,2.68500659431,0,0,18.4320106506,
G2_D075_DENS_MED_V_LOW_S007,G2_D075_DENS_MED_V_LOW,7,4.61701250076,11.1674392601,4.55229957874,0,0,18.4680500031,
G2_D075_DENS_MED_V_LOW_S007,G2_D075_DENS_MED_V_LOW,7,4.62600708008,13.6814430045,10.430813837,0,0,18.5040283203,
G2_D075_DENS_MED_V_LOW_S007,G2_D075_DENS_MED_V_LOW,7,4.63500928879,9.26896836335,3.895000818,0,0,18.5400371552,
G2_D075_DENS_MED_V_LOW_S007,G2_D075_DENS_MED_V_LOW,7,4.6440076828,10.9533272309,4.6820930965,0,0,18.5760307312,
G2_D075_DENS_MED_V_LOW_S007,G2_D075_DENS_MED_V_LOW,7,4.65300512314,9.1434741381,2.67625627039,0,0,18.6120204926,
G2_D075_DENS_MED_V_LOW_S007,G2_D075_DENS_MED_V_LOW,7,4.6620016098,10.4925891441,8.34696513897,0,0,18.6480064392,
G2_D075_DENS_MED_V_LOW_S007,G2_D075_DENS_MED_V_LOW,7,4.67101287842,11.3202456893,7.25037735222,0,0,18.6840515137,
G2_D075_DENS_MED_V_LOW_S007,G2_D075_DENS_MED_V_LOW,7,4.68000411987,10.4266105782,3.63787896422,0,0,18.7200164795,
G2_D075_DENS_MED_V_LOW_S007,G2_D075_DENS_MED_V_LOW,7,4.68900346756,11.3445356073,5.76369804509,0,0,18.7560138702,
G2_D075_DENS_MED_V_LOW_S007,G2_D075_DENS_MED_V_LOW,7,4.69800329208,10.902278283,6.78234563153,0,0,18.7920131683,
G2_D075_DENS_MED_V_LOW_S007,G2_D075_DENS_MED_V_LOW,7,4.7070145607,10.6303742203,3.46601429044,0,0,18.8280582428,
G2_D075_DENS_MED_V_LOW_S007,G2_D075_DENS_MED_V_LOW,7,4.71601104736,10.8021090354,2.51989923874,0,0,18.8640441895,
G2_D075_DENS_MED_V_LOW_S007,G2_D075_DENS_MED_V_LOW,7,4.72500038147,11.0396135254,5.25121969107,0,0,18.9000015259,
G2_D075_DENS_MED_V_LOW_S007,G2_D075_DENS_MED_V_LOW,7,4.73400354385,9.47493364884,6.59160715675,0,0,18.9360141754,
G2_D075_DENS_MED_V_LOW_S007,G2_D075_DENS_MED_V_LOW,7,4.74301195145,11.2867059956,7.21842726304,0,0,18.9720478058,
G2_D075_DENS_MED_V_LOW_S007,G2_D075_DENS_MED_V_LOW,7,4.75201225281,9.50097427116,4.62362020191,0,0,19.0080490112,
G2_D075_DENS_MED_V_LOW_S007,G2_D075_DENS_MED_V_LOW,7,4.76101112366,10.8934363417,4.77069374537,0,0,19.0440444946,
G2_D075_DENS_MED_V_LOW_S007,G2_D075_DENS_MED_V_LOW,7,4.77000045776,11.4506068506,6.90243647626,0,0,19.0800018311,
G2_D075_DENS_MED_V_LOW_S007,G2_D075_DENS_MED_V_LOW,7,4.77901077271,10.525245749,3.44695707165,0,0,19.1160430908,
G2_D075_DENS_MED_V_LOW_S007,G2_D075_DENS_MED_V_LOW,7,4.78800010681,9.18409788471,7.72794268821,0,0,19.1520004272,
G2_D075_DENS_MED_V_LOW_S007,G2_D075_DENS_MED_V_LOW,7,4.79700756073,9.72813037417,6.36393670201,0,0,19.1880302429,
G2_D075_DENS_MED_V_LOW_S007,G2_D075_DENS_MED_V_LOW,7,4.80600118637,11.1918971749,7.09634458675,0,0,19.2240047455,
G2_D075_DENS_MED_V_LOW_S007,G2_D075_DENS_MED_V_LOW,7,4.81501436234,11.7385081955,6.44145769897,0,0,19.2600574493,
G2_D075_DENS_MED_V_LOW_S007,G2_D075_DENS_MED_V_LOW,7,4.82400369644,10.6011626568,4.03414617796,0,0,19.2960147858,
G2_D075_DENS_MED_V_LOW_S007,G2_D075_DENS_MED_V_LOW,7,4.83300542831,9.59822567809,5.00112020682,0,0,19.3320217133,
G2_D075_DENS_MED_V_LOW_S007,G2_D075_DENS_MED_V_LOW,7,4.84201383591,11.1449630453,2.76572186155,0,0,19.3680553436,
G2_D075_DENS_MED_V_LOW_S007,G2_D075_DENS_MED_V_LOW,7,4.85100221634,13.7937898156,12.5746045859,0,0,19.4040088654,
G2_D075_DENS_MED_V_LOW_S007,G2_D075_DENS_MED_V_LOW,7,4.86000347137,10.8348794803,5.37175578733,0,0,19.4400138855,
G2_D075_DENS_MED_V_LOW_S007,G2_D075_DENS_MED_V_LOW,7,4.86900663376,11.0506272686,4.8727313548,0,0,19.476026535,
G2_D075_DENS_MED_V_LOW_S007,G2_D075_DENS_MED_V_LOW,7,4.87801074982,12.5413619902,4.99582788179,0,0,19.5120429993,
G2_D075_DENS_MED_V_LOW_S007,G2_D075_DENS_MED_V_LOW,7,4.88700294495,12.2628850495,2.39398120214,0,0,19.5480117798,
G2_D075_DENS_MED_V_LOW_S007,G2_D075_DENS_MED_V_LOW,7,4.89600276947,11.4228807333,4.53520435398,0,0,19.5840110779,
G2_D075_DENS_MED_V_LOW_S007,G2_D075_DENS_MED_V_LOW,7,4.90500068665,10.8090720642,8.38987946228,0,0,19.6200027466,
G2_D075_DENS_MED_V_LOW_S007,G2_D075_DENS_MED_V_LOW,7,4.91400337219,13.0951681405,5.68641275859,0,0,19.6560134888,
G2_D075_DENS_MED_V_LOW_S007,G2_D075_DENS_MED_V_LOW,7,4.92301225662,14.393630428,12.1684915497,0,0,19.6920490265,
G2_D075_DENS_MED_V_LOW_S007,G2_D075_DENS_MED_V_LOW,7,4.93200206757,8.88408197504,7.690343586,0,0,19.7280082703,
G2_D075_DENS_MED_V_LOW_S007,G2_D075_DENS_MED_V_LOW,7,4.94100856781,10.8678555003,4.38069624701,0,0,19.7640342712,
G2_D075_DENS_MED_V_LOW_S007,G2_D075_DENS_MED_V_LOW,7,4.95001077652,11.9423503098,6.24904579728,0,0,19.8000431061,
G2_D075_DENS_MED_V_LOW_S007,G2_D075_DENS_MED_V_LOW,7,4.95900583267,11.33079302,4.02770175885,0,0,19.8360233307,
G2_D075_DENS_MED_V_LOW_S007,G2_D075_DENS_MED_V_LOW,7,4.96800804138,10.660697658,3.98259990853,0,0,19.8720321655,
G2_D075_DENS_MED_V_LOW_S007,G2_D075_DENS_MED_V_LOW,7,4.97700786591,10.4499278826,7.47102510292,0,0,19.9080314636,
G2_D075_DENS_MED_V_LOW_S007,G2_D075_DENS_MED_V_LOW,7,4.98600292206,13.0912544763,10.0215309872,0,0,19.9440116882,
G2_D075_DENS_MED_V_LOW_S007,G2_D075_DENS_MED_V_LOW,7,4.9950003624,11.1340730894,4.99874927235,0,0,19.9800014496,
G2_D075_DENS_MED_V_LOW_S007,G2_D075_DENS_MED_V_LOW,7,5.0040063858,10.8911949096,6.32082811301,0,0,20.0160255432,
G2_D075_DENS_MED_V_LOW_S007,G2_D075_DENS_MED_V_LOW,7,5.01300811768,10.3068509045,5.48188759844,0,0,20.0520324707,
G2_D075_DENS_MED_V_LOW_S007,G2_D075_DENS_MED_V_LOW,7,5.02200937271,10.5581687173,6.2272604282,0,0,20.0880374908,
G2_D075_DENS_MED_V_LOW_S007,G2_D075_DENS_MED_V_LOW,7,5.0310087204,12.9217566724,7.20268130569,0,0,20.1240348816,
G2_D075_DENS_MED_V_LOW_S007,G2_D075_DENS_MED_V_LOW,7,5.04000139236,9.82489436909,8.00131552794,0,0,20.1600055695,
G2_D075_DENS_MED_V_LOW_S007,G2_D075_DENS_MED_V_LOW,7,5.04900312424,12.6386775012,7.93715887896,0,0,20.1960124969,
G2_D075_DENS_MED_V_LOW_S007,G2_D075_DENS_MED_V_LOW,7,5.05800056458,9.24540182673,8.74509303965,0,0,20.2320022583,
G2_D075_DENS_MED_V_LOW_S007,G2_D075_DENS_MED_V_LOW,7,5.0670042038,11.3664580954,5.37018531689,0,0,20.2680168152,
G2_D075_DENS_MED_V_LOW_S007,G2_D075_DENS_MED_V_LOW,7,5.07600545883,13.082818159,1.66811080945,0,0,20.3040218353,
G2_D075_DENS_MED_V_LOW_S007,G2_D075_DENS_MED_V_LOW,7,5.08500003815,11.170495256,5.4096873635,0,0,20.3400001526,
G2_D075_DENS_MED_V_LOW_S007,G2_D075_DENS_MED_V_LOW,7,5.09401464462,10.1732126987,2.08920231313,0,0,20.3760585785,
G2_D075_DENS_MED_V_LOW_S007,G2_D075_DENS_MED_V_LOW,7,5.10300350189,11.1194363609,4.83218927937,0,0,20.4120140076,
G2_D075_DENS_MED_V_LOW_S007,G2_D075_DENS_MED_V_LOW,7,5.11200618744,13.0109077558,11.3467923207,0,0,20.4480247498,
G2_D075_DENS_MED_V_LOW_S007,G2_D075_DENS_MED_V_LOW,7,5.12100982666,11.5174220852,6.88113416531,0,0,20.4840393066,
G2_D075_DENS_MED_V_LOW_S007,G2_D075_DENS_MED_V_LOW,7,5.130007267,12.9776675828,4.23184370598,0,0,20.520029068,
G2_D075_DENS_MED_V_LOW_S007,G2_D075_DENS_MED_V_LOW,7,5.1390042305,12.6831458344,6.20133665604,0,0,20.556016922,
G2_D075_DENS_MED_V_LOW_S007,G2_D075_DENS_MED_V_LOW,7,5.14800882339,9.74588609751,9.57583230358,0,0,20.5920352936,
G2_D075_DENS_MED_V_LOW_S007,G2_D075_DENS_MED_V_LOW,7,5.15701389313,9.97978197027,8.13963979352,0,0,20.6280555725,
G2_D075_DENS_MED_V_LOW_S007,G2_D075_DENS_MED_V_LOW,7,5.16600608826,13.0814454476,9.04021238855,0,0,20.664024353,
G2_D075_DENS_MED_V_LOW_S007,G2_D075_DENS_MED_V_LOW,7,5.17500543594,12.5970982723,6.85530607626,0,0,20.7000217438,
G2_D075_DENS_MED_V_LOW_S007,G2_D075_DENS_MED_V_LOW,7,5.18400907516,11.4337176375,7.80784821715,0,0,20.7360363007,
G2_D075_DENS_MED_V_LOW_S007,G2_D075_DENS_MED_V_LOW,7,5.19300842285,11.3396349613,4.26530140746,0,0,20.7720336914,
G2_D075_DENS_MED_V_LOW_S007,G2_D075_DENS_MED_V_LOW,7,5.20200634003,10.4803762127,6.7954629431,0,0,20.8080253601,
G2_D075_DENS_MED_V_LOW_S007,G2_D075_DENS_MED_V_LOW,7,5.21100664139,11.2198708666,8.21526387623,0,0,20.8440265656,
G2_D075_DENS_MED_V_LOW_S007,G2_D075_DENS_MED_V_LOW,7,5.22001075745,12.056810345,7.61533054002,0,0,20.8800430298,
G2_D075_DENS_MED_V_LOW_S007,G2_D075_DENS_MED_V_LOW,7,5.22900676727,12.7149602444,4.84076947743,0,0,20.9160270691,
G2_D075_DENS_MED_V_LOW_S007,G2_D075_DENS_MED_V_LOW,7,5.2380065918,12.7434777155,7.76194451073,0,0,20.9520263672,
G2_D075_DENS_MED_V_LOW_S007,G2_D075_DENS_MED_V_LOW,7,5.24700832367,14.2165230284,10.7527409827,0,0,20.9880332947,
G2_D075_DENS_MED_V_LOW_S007,G2_D075_DENS_MED_V_LOW,7,5.25601005554,9.7477097479,5.07675981508,0,0,21.0240402222,
G2_D075_DENS_MED_V_LOW_S007,G2_D075_DENS_MED_V_LOW,7,5.26500511169,12.6092526259,6.22378713728,0,0,21.0600204468,
G2_D075_DENS_MED_V_LOW_S007,G2_D075_DENS_MED_V_LOW,7,5.2740073204,12.8205982326,6.52458625133,0,0,21.0960292816,
G2_D075_DENS_MED_V_LOW_S007,G2_D075_DENS_MED_V_LOW,7,5.28301286697,10.834960163,7.80122847969,0,0,21.1320514679,
G2_D075_DENS_MED_V_LOW_S007,G2_D075_DENS_MED_V_LOW,7,5.29200267792,10.6764484711,8.85602571819,0,0,21.1680107117,
G2_D075_DENS_MED_V_LOW_S007,G2_D075_DENS_MED_V_LOW,7,5.30100536346,10.7803755437,7.09546478789,0,0,21.2040214539,
G2_D075_DENS_MED_V_LOW_S007,G2_D075_DENS_MED_V_LOW,7,5.31000089645,8.10105899677,3.80271695897,0,0,21.2400035858,
G2_D075_DENS_MED_V_LOW_S007,G2_D075_DENS_MED_V_LOW,7,5.319003582,12.6529351315,1.0709482857,0,0,21.276014328,
G2_D075_DENS_MED_V_LOW_S007,G2_D075_DENS_MED_V_LOW,7,5.32800674438,10.4810846732,1.93354654421,0,0,21.3120269775,
G2_D075_DENS_MED_V_LOW_S007,G2_D075_DENS_MED_V_LOW,7,5.33700370789,10.8094810039,8.33028413298,0,0,21.3480148315,
G2_D075_DENS_MED_V_LOW_S007,G2_D075_DENS_MED_V_LOW,7,5.34600162506,10.6571078298,9.88216926605,0,0,21.3840065002,
G2_D075_DENS_MED_V_LOW_S007,G2_D075_DENS_MED_V_LOW,7,5.35500764847,11.8967557344,1.98891090711,0,0,21.4200305939,
G2_D075_DENS_MED_V_LOW_S007,G2_D075_DENS_MED_V_LOW,7,5.36400461197,12.3445470087,8.06515046173,0,0,21.4560184479,
G2_D075_DENS_MED_V_LOW_S007,G2_D075_DENS_MED_V_LOW,7,5.37300252914,13.435638142,9.74254918546,0,0,21.4920101166,
G2_D075_DENS_MED_V_LOW_S007,G2_D075_DENS_MED_V_LOW,7,5.38200855255,10.0862068913,6.4669536504,0,0,21.5280342102,
G2_D075_DENS_MED_V_LOW_S007,G2_D075_DENS_MED_V_LOW,7,5.39101219177,12.2322399863,8.56483402853,0,0,21.5640487671,
G2_D075_DENS_MED_V_LOW_S007,G2_D075_DENS_MED_V_LOW,7,5.40000343323,14.1223729324,9.10214482857,0,0,21.6000137329,
G2_D075_DENS_MED_V_LOW_S007,G2_D075_DENS_MED_V_LOW,7,5.40901374817,11.3999834211,7.44977438358,0,0,21.6360549927,
G2_D075_DENS_MED_V_LOW_S007,G2_D075_DENS_MED_V_LOW,7,5.41800832748,11.8599345751,8.66197366832,0,0,21.6720333099,
G2_D075_DENS_MED_V_LOW_S007,G2_D075_DENS_MED_V_LOW,7,5.42701101303,13.9318412554,10.3669617544,0,0,21.7080440521,
G2_D075_DENS_MED_V_LOW_S007,G2_D075_DENS_MED_V_LOW,7,5.43600225449,11.0916969806,3.13000748633,0,0,21.7440090179,
G2_D075_DENS_MED_V_LOW_S007,G2_D075_DENS_MED_V_LOW,7,5.44501066208,13.1562162189,5.46779937879,0,0,21.7800426483,
G2_D075_DENS_MED_V_LOW_S007,G2_D075_DENS_MED_V_LOW,7,5.45400524139,14.503712597,7.85817899395,0,0,21.8160209656,
G2_D075_DENS_MED_V_LOW_S007,G2_D075_DENS_MED_V_LOW,7,5.46300649643,13.2261382905,9.35197837337,0,0,21.8520259857,
G2_D075_DENS_MED_V_LOW_S007,G2_D075_DENS_MED_V_LOW,7,5.47200107574,11.6304762517,4.03818101577,0,0,21.888004303,
G2_D075_DENS_MED_V_LOW_S007,G2_D075_DENS_MED_V_LOW,7,5.48100376129,12.6378087805,5.92905299367,0,0,21.9240150452,
G2_D075_DENS_MED_V_LOW_S007,G2_D075_DENS_MED_V_LOW,7,5.49000740051,12.3320688191,5.31268289806,0,0,21.9600296021,
G2_D075_DENS_MED_V_LOW_S007,G2_D075_DENS_MED_V_LOW,7,5.49901342392,15.8293815378,5.91433854051,0,0,21.9960536957,
G2_D075_DENS_MED_V_LOW_S007,G2_D075_DENS_MED_V_LOW,7,5.50800323486,14.1476155695,9.20816496358,0,0,22.0320129395,
G2_D075_DENS_MED_V_LOW_S007,G2_D075_DENS_MED_V_LOW,7,5.51701211929,13.2075923187,7.37501127958,0,0,22.0680484772,
G2_D075_DENS_MED_V_LOW_S007,G2_D075_DENS_MED_V_LOW,7,5.52600479126,11.8573659912,6.9281889478,0,0,22.104019165,
G2_D075_DENS_MED_V_LOW_S007,G2_D075_DENS_MED_V_LOW,7,5.53500270844,14.817721984,9.4363433146,0,0,22.1400108337,
G2_D075_DENS_MED_V_LOW_S007,G2_D075_DENS_MED_V_LOW,7,5.54401063919,13.5231501506,8.272771157,0,0,22.1760425568,
G2_D075_DENS_MED_V_LOW_S007,G2_D075_DENS_MED_V_LOW,7,5.55300426483,13.137752035,4.3480489749,0,0,22.2120170593,
G2_D075_DENS_MED_V_LOW_S007,G2_D075_DENS_MED_V_LOW,7,5.5620059967,11.7726148788,7.99282041606,0,0,22.2480239868,
G2_D075_DENS_MED_V_LOW_S007,G2_D075_DENS_MED_V_LOW,7,5.57100629807,15.8568523441,12.6028562976,0,0,22.2840251923,
G2_D075_DENS_MED_V_LOW_S007,G2_D075_DENS_MED_V_LOW,7,5.58000516891,9.22615015745,6.26197343126,0,0,22.3200206757,
G2_D075_DENS_MED_V_LOW_S007,G2_D075_DENS_MED_V_LOW,7,5.58901405334,13.0019652375,8.61227717386,0,0,22.3560562134,
G2_D075_DENS_MED_V_LOW_S007,G2_D075_DENS_MED_V_LOW,7,5.59800434113,12.2000365309,3.96966291984,0,0,22.3920173645,
G2_D075_DENS_MED_V_LOW_S007,G2_D075_DENS_MED_V_LOW,7,5.60700654984,13.4343273242,5.13420875752,0,0,22.4280261993,
G2_D075_DENS_MED_V_LOW_S007,G2_D075_DENS_MED_V_LOW,7,5.61601305008,14.959564406,7.97152386891,0,0,22.4640522003,
G2_D075_DENS_MED_V_LOW_S007,G2_D075_DENS_MED_V_LOW,7,5.62500190735,14.2479892869,9.54263944355,0,0,22.5000076294,
G2_D075_DENS_MED_V_LOW_S007,G2_D075_DENS_MED_V_LOW,7,5.63401079178,13.3589475643,9.81293520416,0,0,22.5360431671,
G2_D075_DENS_MED_V_LOW_S007,G2_D075_DENS_MED_V_LOW,7,5.64300346375,13.1167203724,10.6998556239,0,0,22.572013855,
G2_D075_DENS_MED_V_LOW_S007,G2_D075_DENS_MED_V_LOW,7,5.65200567245,11.8766734752,10.6657778156,0,0,22.6080226898,
G2_D075_DENS_MED_V_LOW_S007,G2_D075_DENS_MED_V_LOW,7,5.66101169586,13.4940966368,14.6614629968,0,0,22.6440467834,
G2_D075_DENS_MED_V_LOW_S007,G2_D075_DENS_MED_V_LOW,7,5.67000055313,11.73290351,5.55578206706,0,0,22.6800022125,
G2_D075_DENS_MED_V_LOW_S007,G2_D075_DENS_MED_V_LOW,7,5.67900848389,15.0803243243,0.187973003742,0,0,22.7160339355,
G2_D075_DENS_MED_V_LOW_S007,G2_D075_DENS_MED_V_LOW,7,5.68800973892,12.4856179714,9.24444984656,0,0,22.7520389557,
G2_D075_DENS_MED_V_LOW_S007,G2_D075_DENS_MED_V_LOW,7,5.69701099396,13.6169067803,7.81493132246,0,0,22.7880439758,
G2_D075_DENS_MED_V_LOW_S007,G2_D075_DENS_MED_V_LOW,7,5.70600700378,12.2894031367,7.70155108198,0,0,22.8240280151,
G2_D075_DENS_MED_V_LOW_S007,G2_D075_DENS_MED_V_LOW,7,5.71500062943,15.0818550854,4.13194429009,0,0,22.8600025177,
G2_D075_DENS_MED_V_LOW_S007,G2_D075_DENS_MED_V_LOW,7,5.72400569916,13.0281307522,7.48205665775,0,0,22.8960227966,
G2_D075_DENS_MED_V_LOW_S007,G2_D075_DENS_MED_V_LOW,7,5.73300695419,10.8523058413,6.60387991709,0,0,22.9320278168,
G2_D075_DENS_MED_V_LOW_S007,G2_D075_DENS_MED_V_LOW,7,5.74200630188,14.1934112991,9.4935953204,0,0,22.9680252075,
G2_D075_DENS_MED_V_LOW_S007,G2_D075_DENS_MED_V_LOW,7,5.75100421906,13.8946907338,9.4617944649,0,0,23.0040168762,
G2_D075_DENS_MED_V_LOW_S007,G2_D075_DENS_MED_V_LOW,7,5.76000499725,13.8020846618,7.65175984654,0,0,23.040019989,
G2_D075_DENS_MED_V_LOW_S007,G2_D075_DENS_MED_V_LOW,7,5.76900053024,12.2154845075,7.44334461324,0,0,23.076002121,
G2_D075_DENS_MED_V_LOW_S007,G2_D075_DENS_MED_V_LOW,7,5.77800512314,12.4551232211,8.09088204915,0,0,23.1120204926,
G2_D075_DENS_MED_V_LOW_S007,G2_D075_DENS_MED_V_LOW,7,5.78700351715,13.5496505539,5.59515551781,0,0,23.1480140686,
G2_D075_DENS_MED_V_LOW_S007,G2_D075_DENS_MED_V_LOW,7,5.79600334167,12.287997268,5.34113774203,0,0,23.1840133667,
G2_D075_DENS_MED_V_LOW_S007,G2_D075_DENS_MED_V_LOW,7,5.80500602722,14.3362827021,5.43384807577,0,0,23.2200241089,
G2_D075_DENS_MED_V_LOW_S007,G2_D075_DENS_MED_V_LOW,7,5.81400585175,12.2385310275,5.50402005931,0,0,23.256023407,
G2_D075_DENS_MED_V_LOW_S007,G2_D075_DENS_MED_V_LOW,7,5.82300519943,13.0828645792,8.24586657246,0,0,23.2920207977,
G2_D075_DENS_MED_V_LOW_S007,G2_D075_DENS_MED_V_LOW,7,5.83201313019,13.8328347231,7.93172900893,0,0,23.3280525208,
G2_D075_DENS_MED_V_LOW_S007,G2_D075_DENS_MED_V_LOW,7,5.84101438522,13.4682892207,4.76178985352,0,0,23.3640575409,
G2_D075_DENS_MED_V_LOW_S007,G2_D075_DENS_MED_V_LOW,7,5.85001134872,14.1592559852,9.40904181377,0,0,23.4000453949,
G2_D075_DENS_MED_V_LOW_S007,G2_D075_DENS_MED_V_LOW,7,5.85901260376,14.865418731,11.0054050032,0,0,23.436050415,
G2_D075_DENS_MED_V_LOW_S007,G2_D075_DENS_MED_V_LOW,7,5.86801242828,13.610242167,9.61034926668,0,0,23.4720497131,
G2_D075_DENS_MED_V_LOW_S007,G2_D075_DENS_MED_V_LOW,7,5.87701416016,18.4443967246,16.7356540829,0,0,23.5080566406,
G2_D075_DENS_MED_V_LOW_S007,G2_D075_DENS_MED_V_LOW,7,5.88600063324,14.6332315634,11.7543991763,0,0,23.544002533,
G2_D075_DENS_MED_V_LOW_S007,G2_D075_DENS_MED_V_LOW,7,5.89500570297,14.6338571307,13.1608294701,0,0,23.5800228119,
G2_D075_DENS_MED_V_LOW_S007,G2_D075_DENS_MED_V_LOW,7,5.9040017128,13.2626024564,8.63841929487,0,0,23.6160068512,
G2_D075_DENS_MED_V_LOW_S007,G2_D075_DENS_MED_V_LOW,7,5.91300058365,10.0014358845,5.9891082067,0,0,23.6520023346,
G2_D075_DENS_MED_V_LOW_S007,G2_D075_DENS_MED_V_LOW,7,5.92200422287,11.9649691009,3.43940274298,0,0,23.6880168915,
G2_D075_DENS_MED_V_LOW_S007,G2_D075_DENS_MED_V_LOW,7,5.93100214005,13.9487127846,8.29774966633,0,0,23.7240085602,
G2_D075_DENS_MED_V_LOW_S007,G2_D075_DENS_MED_V_LOW,7,5.94000482559,12.4690934884,8.36606775409,0,0,23.7600193024,
G2_D075_DENS_MED_V_LOW_S007,G2_D075_DENS_MED_V_LOW,7,5.94901227951,15.5931956022,10.1047203858,0,0,23.796049118,
G2_D075_DENS_MED_V_LOW_S007,G2_D075_DENS_MED_V_LOW,7,5.95800256729,14.513077318,7.5565240912,0,0,23.8320102692,
G2_D075_DENS_MED_V_LOW_S007,G2_D075_DENS_MED_V_LOW,7,5.96700429916,15.2946408234,10.1293325236,0,0,23.8680171967,
G2_D075_DENS_MED_V_LOW_S007,G2_D075_DENS_MED_V_LOW,7,5.97600984573,12.1451391279,8.61916721358,0,0,23.9040393829,
G2_D075_DENS_MED_V_LOW_S007,G2_D075_DENS_MED_V_LOW,7,5.98500871658,11.8617626465,8.53151650495,0,0,23.9400348663,
G2_D075_DENS_MED_V_LOW_S007,G2_D075_DENS_MED_V_LOW,7,5.9940032959,10.4247946646,10.444030465,0,0,23.9760131836,
G2_D075_DENS_MED_V_LOW_S007,G2_D075_DENS_MED_V_LOW,7,6.00301218033,12.3105641126,8.85743212718,0,0,24.0120487213,
G2_D075_DENS_MED_V_LOW_S007,G2_D075_DENS_MED_V_LOW,7,6.01200914383,13.1579835019,8.44580527036,0,0,24.0480365753,
G2_D075_DENS_MED_V_LOW_S007,G2_D075_DENS_MED_V_LOW,7,6.02100515366,12.3591859477,12.0356533735,0,0,24.0840206146,
G2_D075_DENS_MED_V_LOW_S007,G2_D075_DENS_MED_V_LOW,7,6.03001022339,13.1162373814,7.28389194396,0,0,24.1200408936,
G2_D075_DENS_MED_V_LOW_S007,G2_D075_DENS_MED_V_LOW,7,6.03900337219,13.8908721204,2.00600370268,0,0,24.1560134888,
G2_D075_DENS_MED_V_LOW_S007,G2_D075_DENS_MED_V_LOW,7,6.04801130295,14.9661085478,9.06530030385,0,0,24.1920452118,
G2_D075_DENS_MED_V_LOW_S007,G2_D075_DENS_MED_V_LOW,7,6.05701208115,10.3427889749,9.63003058943,0,0,24.2280483246,
G2_D075_DENS_MED_V_LOW_S007,G2_D075_DENS_MED_V_LOW,7,6.06600141525,12.7327060205,6.84134941294,0,0,24.264005661,
G2_D075_DENS_MED_V_LOW_S007,G2_D075_DENS_MED_V_LOW,7,6.07500076294,15.1549834661,9.23634481498,0,0,24.3000030518,
G2_D075_DENS_MED_V_LOW_S007,G2_D075_DENS_MED_V_LOW,7,6.08400917053,15.0637909994,11.6763550254,0,0,24.3360366821,
G2_D075_DENS_MED_V_LOW_S007,G2_D075_DENS_MED_V_LOW,7,6.09300518036,13.6804228655,5.17268222182,0,0,24.3720207214,
G2_D075_DENS_MED_V_LOW_S007,G2_D075_DENS_MED_V_LOW,7,6.10201358795,17.6575722642,8.02389518017,0,0,24.4080543518,
G2_D075_DENS_MED_V_LOW_S007,G2_D075_DENS_MED_V_LOW,7,6.11101055145,12.0820375087,11.7895886385,0,0,24.4440422058,
G2_D075_DENS_MED_V_LOW_S007,G2_D075_DENS_MED_V_LOW,7,6.12000608444,14.0096912327,9.403651453,0,0,24.4800243378,
G2_D075_DENS_MED_V_LOW_S007,G2_D075_DENS_MED_V_LOW,7,6.12900686264,13.2585771626,9.09208616687,0,0,24.5160274506,
G2_D075_DENS_MED_V_LOW_S007,G2_D075_DENS_MED_V_LOW,7,6.13801145554,15.3909627212,14.2131232278,0,0,24.5520458221,
G2_D075_DENS_MED_V_LOW_S007,G2_D075_DENS_MED_V_LOW,7,6.14701032639,12.3000609916,9.28618437405,0,0,24.5880413055,
G2_D075_DENS_MED_V_LOW_S007,G2_D075_DENS_MED_V_LOW,7,6.156001091,12.0576746448,7.31439665632,0,0,24.624004364,
G2_D075_DENS_MED_V_LOW_S007,G2_D075_DENS_MED_V_LOW,7,6.16500091553,13.3582589981,11.8219170661,0,0,24.6600036621,
G2_D075_DENS_MED_V_LOW_S007,G2_D075_DENS_MED_V_LOW,7,6.17400979996,13.419979064,7.78596189661,0,0,24.6960391998,
G2_D075_DENS_MED_V_LOW_S007,G2_D075_DENS_MED_V_LOW,7,6.18300819397,12.6451144345,7.6179335321,0,0,24.7320327759,
G2_D075_DENS_MED_V_LOW_S007,G2_D075_DENS_MED_V_LOW,7,6.19200325012,11.5756363213,7.66813097676,0,0,24.7680130005,
G2_D075_DENS_MED_V_LOW_S007,G2_D075_DENS_MED_V_LOW,7,6.20100069046,11.4470811266,5.77120266406,0,0,24.8040027618,
G2_D075_DENS_MED_V_LOW_S007,G2_D075_DENS_MED_V_LOW,7,6.21000051498,15.9655065396,10.1521228968,0,0,24.8400020599,
G2_D075_DENS_MED_V_LOW_S007,G2_D075_DENS_MED_V_LOW,7,6.21900272369,17.1819045595,6.15423516195,0,0,24.8760108948,
G2_D075_DENS_MED_V_LOW_S007,G2_D075_DENS_MED_V_LOW,7,6.22800970078,14.5867373204,6.79869241396,0,0,24.9120388031,
G2_D075_DENS_MED_V_LOW_S007,G2_D075_DENS_MED_V_LOW,7,6.23701286316,14.9835415403,11.1394983062,0,0,24.9480514526,
G2_D075_DENS_MED_V_LOW_S007,G2_D075_DENS_MED_V_LOW,7,6.24600696564,12.5043275191,10.9053164629,0,0,24.9840278625,
G2_D075_DENS_MED_V_LOW_S007,G2_D075_DENS_MED_V_LOW,7,6.25500154495,11.7751701998,9.10957978822,0,0,25.0200061798,
G2_D075_DENS_MED_V_LOW_S007,G2_D075_DENS_MED_V_LOW,7,6.26400279999,13.7943170164,9.28149671882,0,0,25.0560112,
G2_D075_DENS_MED_V_LOW_S007,G2_D075_DENS_MED_V_LOW,7,6.27301025391,11.0598372556,11.9619812746,0,0,25.0920410156,
G2_D075_DENS_MED_V_LOW_S007,G2_D075_DENS_MED_V_LOW,7,6.2820057869,13.5158721277,9.44324270016,0,0,25.1280231476,
G2_D075_DENS_MED_V_LOW_S007,G2_D075_DENS_MED_V_LOW,7,6.29100894928,13.8982606676,9.28726407748,0,0,25.1640357971,
G2_D075_DENS_MED_V_LOW_S007,G2_D075_DENS_MED_V_LOW,7,6.30000543594,12.9864531567,5.98363181018,0,0,25.2000217438,
G2_D075_DENS_MED_V_LOW_S007,G2_D075_DENS_MED_V_LOW,7,6.3090133667,14.3548773046,9.67737089167,0,0,25.2360534668,
G2_D075_DENS_MED_V_LOW_S007,G2_D075_DENS_MED_V_LOW,7,6.31800079346,14.1381071669,4.9081381344,0,0,25.2720031738,
G2_D075_DENS_MED_V_LOW_S007,G2_D075_DENS_MED_V_LOW,7,6.32700681686,14.6404532189,7.989631388,0,0,25.3080272675,
G2_D075_DENS_MED_V_LOW_S007,G2_D075_DENS_MED_V_LOW,7,6.33601427078,14.3384423462,7.17945400208,0,0,25.3440570831,
G2_D075_DENS_MED_V_LOW_S007,G2_D075_DENS_MED_V_LOW,7,6.34501266479,19.2259303884,11.0479402237,0,0,25.3800506592,
G2_D075_DENS_MED_V_LOW_S007,G2_D075_DENS_MED_V_LOW,7,6.35400867462,13.1963818424,8.47973875431,0,0,25.4160346985,
G2_D075_DENS_MED_V_LOW_S007,G2_D075_DENS_MED_V_LOW,7,6.36300563812,16.9761183234,11.6625687355,0,0,25.4520225525,
G2_D075_DENS_MED_V_LOW_S007,G2_D075_DENS_MED_V_LOW,7,6.37200117111,15.507698451,12.4784358135,0,0,25.4880046844,
G2_D075_DENS_MED_V_LOW_S007,G2_D075_DENS_MED_V_LOW,7,6.38100910187,14.053345002,11.9989087,0,0,25.5240364075,
G2_D075_DENS_MED_V_LOW_S007,G2_D075_DENS_MED_V_LOW,7,6.39000844955,11.8452591631,9.64998317157,0,0,25.5600337982,
G2_D075_DENS_MED_V_LOW_S007,G2_D075_DENS_MED_V_LOW,7,6.39900398254,13.035840925,5.28809568406,0,0,25.5960159302,
G2_D075_DENS_MED_V_LOW_S007,G2_D075_DENS_MED_V_LOW,7,6.40800189972,16.5551778142,7.83745275344,0,0,25.6320075989,
G2_D075_DENS_MED_V_LOW_S007,G2_D075_DENS_MED_V_LOW,7,6.41700553894,14.4452209449,8.2050321229,0,0,25.6680221558,
G2_D075_DENS_MED_V_LOW_S007,G2_D075_DENS_MED_V_LOW,7,6.42600822449,13.780336802,7.54721264518,0,0,25.7040328979,
G2_D075_DENS_MED_V_LOW_S007,G2_D075_DENS_MED_V_LOW,7,6.43501186371,17.3793263192,14.3994374093,0,0,25.7400474548,
G2_D075_DENS_MED_V_LOW_S007,G2_D075_DENS_MED_V_LOW,7,6.44401073456,13.8567411219,9.13341480586,0,0,25.7760429382,
G2_D075_DENS_MED_V_LOW_S007,G2_D075_DENS_MED_V_LOW,7,6.45300197601,14.2825104362,8.50019832219,0,0,25.8120079041,
G2_D075_DENS_MED_V_LOW_S007,G2_D075_DENS_MED_V_LOW,7,6.46201372147,14.0251347883,8.86181155809,0,0,25.8480548859,
G2_D075_DENS_MED_V_LOW_S007,G2_D075_DENS_MED_V_LOW,7,6.47101354599,18.7444446863,13.7976124713,0,0,25.884054184,
G2_D075_DENS_MED_V_LOW_S007,G2_D075_DENS_MED_V_LOW,7,6.48000478745,15.2617145393,11.0468778377,0,0,25.9200191498,
G2_D075_DENS_MED_V_LOW_S007,G2_D075_DENS_MED_V_LOW,7,6.48900222778,13.24433169,9.06647651365,0,0,25.9560089111,
G2_D075_DENS_MED_V_LOW_S007,G2_D075_DENS_MED_V_LOW,7,6.49800205231,13.2061875553,11.0495558405,0,0,25.9920082092,
G2_D075_DENS_MED_V_LOW_S007,G2_D075_DENS_MED_V_LOW,7,6.50700044632,13.8257269076,8.2683227926,0,0,26.0280017853,
G2_D075_DENS_MED_V_LOW_S007,G2_D075_DENS_MED_V_LOW,7,6.51601314545,14.8373776194,5.18211250506,0,0,26.0640525818,
G2_D075_DENS_MED_V_LOW_S007,G2_D075_DENS_MED_V_LOW,7,6.52500724792,14.3203605763,11.8370990216,0,0,26.1000289917,
G2_D075_DENS_MED_V_LOW_S007,G2_D075_DENS_MED_V_LOW,7,6.53400373459,20.0255027177,14.6476948933,0,0,26.1360149384,
G2_D075_DENS_MED_V_LOW_S007,G2_D075_DENS_MED_V_LOW,7,6.54301071167,17.0641442698,11.0958620832,0,0,26.1720428467,
G2_D075_DENS_MED_V_LOW_S007,G2_D075_DENS_MED_V_LOW,7,6.5520067215,15.3271857987,6.7962892876,0,0,26.208026886,
G2_D075_DENS_MED_V_LOW_S007,G2_D075_DENS_MED_V_LOW,7,6.56101322174,13.2537527784,7.7100194259,0,0,26.244052887,
G2_D075_DENS_MED_V_LOW_S007,G2_D075_DENS_MED_V_LOW,7,6.57001113892,15.7479527848,10.123431141,0,0,26.2800445557,
G2_D075_DENS_MED_V_LOW_S007,G2_D075_DENS_MED_V_LOW,7,6.57900953293,18.874821321,12.200447137,0,0,26.3160381317,
G2_D075_DENS_MED_V_LOW_S007,G2_D075_DENS_MED_V_LOW,7,6.58800888062,10.8493603696,10.5634818375,0,0,26.3520355225,
G2_D075_DENS_MED_V_LOW_S007,G2_D075_DENS_MED_V_LOW,7,6.59701299667,14.3215531332,11.6853328043,0,0,26.3880519867,
G2_D075_DENS_MED_V_LOW_S007,G2_D075_DENS_MED_V_LOW,7,6.60601329803,12.504723196,10.1986463509,0,0,26.4240531921,
G2_D075_DENS_MED_V_LOW_S007,G2_D075_DENS_MED_V_LOW,7,6.61500644684,12.5941881684,10.7585413603,0,0,26.4600257874,
G2_D075_DENS_MED_V_LOW_S007,G2_D075_DENS_MED_V_LOW,7,6.6240105629,15.181942545,11.037035273,0,0,26.4960422516,
G2_D075_DENS_MED_V_LOW_S007,G2_D075_DENS_MED_V_LOW,7,6.63300943375,17.8459022978,11.9103827492,0,0,26.532037735,
G2_D075_DENS_MED_V_LOW_S007,G2_D075_DENS_MED_V_LOW,7,6.64200305939,14.6091870093,8.73136307445,0,0,26.5680122375,
G2_D075_DENS_MED_V_LOW_S007,G2_D075_DENS_MED_V_LOW,7,6.65101242065,14.1016861055,10.2551915544,0,0,26.6040496826,
G2_D075_DENS_MED_V_LOW_S007,G2_D075_DENS_MED_V_LOW,7,6.66001081467,15.4248295668,9.54492814309,0,0,26.6400432587,
G2_D075_DENS_MED_V_LOW_S007,G2_D075_DENS_MED_V_LOW,7,6.66900348663,15.3161820028,16.031044194,0,0,26.6760139465,
G2_D075_DENS_MED_V_LOW_S007,G2_D075_DENS_MED_V_LOW,7,6.67800855637,14.7247434452,8.05693909806,0,0,26.7120342255,
G2_D075_DENS_MED_V_LOW_S007,G2_D075_DENS_MED_V_LOW,7,6.68700122833,17.568731754,15.0538799476,0,0,26.7480049133,
G2_D075_DENS_MED_V_LOW_S007,G2_D075_DENS_MED_V_LOW,7,6.69600009918,15.997632628,6.93874866633,0,0,26.7840003967,
G2_D075_DENS_MED_V_LOW_S007,G2_D075_DENS_MED_V_LOW,7,6.70501089096,16.5182914457,10.4119113704,0,0,26.8200435638,
G2_D075_DENS_MED_V_LOW_S007,G2_D075_DENS_MED_V_LOW,7,6.7140045166,14.948273247,7.53857802113,0,0,26.8560180664,
G2_D075_DENS_MED_V_LOW_S007,G2_D075_DENS_MED_V_LOW,7,6.72300624847,11.3955735029,11.6674470352,0,0,26.8920249939,
G2_D075_DENS_MED_V_LOW_S007,G2_D075_DENS_MED_V_LOW,7,6.73200798035,16.5321368205,14.8582086131,0,0,26.9280319214,
G2_D075_DENS_MED_V_LOW_S007,G2_D075_DENS_MED_V_LOW,7,6.74100542068,14.6088819623,12.6687679034,0,0,26.9640216827,
G2_D075_DENS_MED_V_LOW_S007,G2_D075_DENS_MED_V_LOW,7,6.75000476837,14.2989078163,9.14311824596,0,0,27.0000190735,
G2_D075_DENS_MED_V_LOW_S007,G2_D075_DENS_MED_V_LOW,7,6.7590098381,13.3320702733,9.64010983532,0,0,27.0360393524,
G2_D075_DENS_MED_V_LOW_S007,G2_D075_DENS_MED_V_LOW,7,6.76800727844,14.8333843777,2.41329335466,0,0,27.0720291138,
G2_D075_DENS_MED_V_LOW_S007,G2_D075_DENS_MED_V_LOW,7,6.77700233459,13.8301799302,8.50786898034,0,0,27.1080093384,
G2_D075_DENS_MED_V_LOW_S007,G2_D075_DENS_MED_V_LOW,7,6.78601169586,15.0018355168,9.61726196146,0,0,27.1440467834,
G2_D075_DENS_MED_V_LOW_S007,G2_D075_DENS_MED_V_LOW,7,6.79500675201,14.8810181259,10.0537020457,0,0,27.1800270081,
G2_D075_DENS_MED_V_LOW_S007,G2_D075_DENS_MED_V_LOW,7,6.80400848389,11.2335327712,7.03034321182,0,0,27.2160339355,
G2_D075_DENS_MED_V_LOW_S007,G2_D075_DENS_MED_V_LOW,7,6.81301307678,13.9687784651,7.79682671991,0,0,27.2520523071,
G2_D075_DENS_MED_V_LOW_S007,G2_D075_DENS_MED_V_LOW,7,6.8220076561,19.7681403327,8.6185645416,0,0,27.2880306244,
G2_D075_DENS_MED_V_LOW_S007,G2_D075_DENS_MED_V_LOW,7,6.83101272583,12.2952973958,10.7971099812,0,0,27.3240509033,
G2_D075_DENS_MED_V_LOW_S007,G2_D075_DENS_MED_V_LOW,7,6.84000110626,13.8885301113,11.5893947038,0,0,27.360004425,
G2_D075_DENS_MED_V_LOW_S007,G2_D075_DENS_MED_V_LOW,7,6.84900093079,13.5580548191,10.1398740421,0,0,27.3960037231,
G2_D075_DENS_MED_V_LOW_S007,G2_D075_DENS_MED_V_LOW,7,6.8580031395,14.5467242203,15.4988787813,0,0,27.432012558,
G2_D075_DENS_MED_V_LOW_S007,G2_D075_DENS_MED_V_LOW,7,6.86700153351,14.692463728,10.7401572794,0,0,27.468006134,
G2_D075_DENS_MED_V_LOW_S007,G2_D075_DENS_MED_V_LOW,7,6.87600517273,10.6198047848,7.08069092401,0,0,27.5040206909,
G2_D075_DENS_MED_V_LOW_S007,G2_D075_DENS_MED_V_LOW,7,6.88500070572,15.6969237312,13.4428990653,0,0,27.5400028229,
G2_D075_DENS_MED_V_LOW_S007,G2_D075_DENS_MED_V_LOW,7,6.89400720596,14.5463462274,10.6307811457,0,0,27.5760288239,
G2_D075_DENS_MED_V_LOW_S007,G2_D075_DENS_MED_V_LOW,7,6.90300321579,15.8465691664,10.9647760168,0,0,27.6120128632,
G2_D075_DENS_MED_V_LOW_S007,G2_D075_DENS_MED_V_LOW,7,6.91201353073,16.5187512266,14.2939033405,0,0,27.6480541229,
G2_D075_DENS_MED_V_LOW_S007,G2_D075_DENS_MED_V_LOW,7,6.92100048065,19.4362580667,17.0792740153,0,0,27.6840019226,
G2_D075_DENS_MED_V_LOW_S007,G2_D075_DENS_MED_V_LOW,7,6.9300122261,17.1782252067,12.1356872862,0,0,27.7200489044,
G2_D075_DENS_MED_V_LOW_S007,G2_D075_DENS_MED_V_LOW,7,6.9390039444,12.9673855103,9.65323532832,0,0,27.7560157776,
G2_D075_DENS_MED_V_LOW_S007,G2_D075_DENS_MED_V_LOW,7,6.94801473618,21.3717059619,16.7861057387,0,0,27.7920589447,
G2_D075_DENS_MED_V_LOW_S007,G2_D075_DENS_MED_V_LOW,7,6.95700407028,14.450559267,11.9606734421,0,0,27.8280162811,
G2_D075_DENS_MED_V_LOW_S007,G2_D075_DENS_MED_V_LOW,7,6.96600246429,12.3458677737,13.2424862661,0,0,27.8640098572,
G2_D075_DENS_MED_V_LOW_S007,G2_D075_DENS_MED_V_LOW,7,6.97501134872,18.8115417578,14.9587155103,0,0,27.9000453949,
G2_D075_DENS_MED_V_LOW_S007,G2_D075_DENS_MED_V_LOW,7,6.98400783539,14.7552989838,14.8484955013,0,0,27.9360313416,
G2_D075_DENS_MED_V_LOW_S007,G2_D075_DENS_MED_V_LOW,7,6.99300432205,14.9400579783,8.97968914964,0,0,27.9720172882,
G2_D075_DENS_MED_V_LOW_S007,G2_D075_DENS_MED_V_LOW,7,7.00200891495,15.1952352985,10.4316216359,0,0,28.0080356598,
G2_D075_DENS_MED_V_LOW_S007,G2_D075_DENS_MED_V_LOW,7,7.01100635529,16.204237849,11.0839478359,0,0,28.0440254211,
G2_D075_DENS_MED_V_LOW_S007,G2_D075_DENS_MED_V_LOW,7,7.02001190186,17.0700761072,7.45188637189,0,0,28.0800476074,
G2_D075_DENS_MED_V_LOW_S007,G2_D075_DENS_MED_V_LOW,7,7.02900409698,13.9043571861,5.04548136134,0,0,28.1160163879,
G2_D075_DENS_MED_V_LOW_S007,G2_D075_DENS_MED_V_LOW,7,7.03800201416,16.6275855766,9.58481422039,0,0,28.1520080566,
G2_D075_DENS_MED_V_LOW_S007,G2_D075_DENS_MED_V_LOW,7,7.04700469971,16.4199812163,11.3557007527,0,0,28.1880187988,
G2_D075_DENS_MED_V_LOW_S007,G2_D075_DENS_MED_V_LOW,7,7.05600118637,18.0860814751,11.3563557792,0,0,28.2240047455,
G2_D075_DENS_MED_V_LOW_S007,G2_D075_DENS_MED_V_LOW,7,7.06500768661,18.4852089151,11.0939527969,0,0,28.2600307465,
G2_D075_DENS_MED_V_LOW_S007,G2_D075_DENS_MED_V_LOW,7,7.07400083542,16.0295343521,11.5027556758,0,0,28.2960033417,
G2_D075_DENS_MED_V_LOW_S007,G2_D075_DENS_MED_V_LOW,7,7.08300971985,16.0731383856,12.6141595817,0,0,28.3320388794,
G2_D075_DENS_MED_V_LOW_S007,G2_D075_DENS_MED_V_LOW,7,7.09201335907,17.8215759069,12.372270874,0,0,28.3680534363,
G2_D075_DENS_MED_V_LOW_S007,G2_D075_DENS_MED_V_LOW,7,7.1010093689,15.6937572109,13.6280113251,0,0,28.4040374756,
G2_D075_DENS_MED_V_LOW_S007,G2_D075_DENS_MED_V_LOW,7,7.11001110077,15.8325425318,5.92559574174,0,0,28.4400444031,
G2_D075_DENS_MED_V_LOW_S007,G2_D075_DENS_MED_V_LOW,7,7.11900377274,14.2930666088,7.12862244039,0,0,28.4760150909,
G2_D075_DENS_MED_V_LOW_S007,G2_D075_DENS_MED_V_LOW,7,7.1280040741,13.9836428736,9.18414540404,0,0,28.5120162964,
G2_D075_DENS_MED_V_LOW_S007,G2_D075_DENS_MED_V_LOW,7,7.13700485229,15.2118703058,6.95559760145,0,0,28.5480194092,
G2_D075_DENS_MED_V_LOW_S007,G2_D075_DENS_MED_V_LOW,7,7.14601039886,14.8959245336,7.37995109105,0,0,28.5840415955,
G2_D075_DENS_MED_V_LOW_S007,G2_D075_DENS_MED_V_LOW,7,7.15501070023,16.1180797626,10.2128841679,0,0,28.6200428009,
G2_D075_DENS_MED_V_LOW_S007,G2_D075_DENS_MED_V_LOW,7,7.16401195526,15.4209766909,5.43056661893,0,0,28.656047821,
G2_D075_DENS_MED_V_LOW_S007,G2_D075_DENS_MED_V_LOW,7,7.17301368713,15.5499574041,10.4344499453,0,0,28.6920547485,
G2_D075_DENS_MED_V_LOW_S007,G2_D075_DENS_MED_V_LOW,7,7.18200922012,15.23411663,11.7042409813,0,0,28.7280368805,
G2_D075_DENS_MED_V_LOW_S007,G2_D075_DENS_MED_V_LOW,7,7.19101238251,14.5317636557,12.3417416498,0,0,28.76404953,
G2_D075_DENS_MED_V_LOW_S007,G2_D075_DENS_MED_V_LOW,7,7.20000553131,13.0255146428,11.897588107,0,0,28.8000221252,
G2_D075_DENS_MED_V_LOW_S007,G2_D075_DENS_MED_V_LOW,7,7.20900917053,16.4390676518,13.902366613,0,0,28.8360366821,
G2_D075_DENS_MED_V_LOW_S007,G2_D075_DENS_MED_V_LOW,7,7.21800041199,16.3492799485,16.7014448884,0,0,28.8720016479,
G2_D075_DENS_MED_V_LOW_S007,G2_D075_DENS_MED_V_LOW,7,7.22700500488,14.3461403614,11.0261375896,0,0,28.9080200195,
G2_D075_DENS_MED_V_LOW_S007,G2_D075_DENS_MED_V_LOW,7,7.23600292206,14.0720622865,9.16632355993,0,0,28.9440116882,
G2_D075_DENS_MED_V_LOW_S007,G2_D075_DENS_MED_V_LOW,7,7.2450056076,15.7279589451,11.856490222,0,0,28.9800224304,
G2_D075_DENS_MED_V_LOW_S007,G2_D075_DENS_MED_V_LOW,7,7.25400161743,14.768663578,10.2785171558,0,0,29.0160064697,
G2_D075_DENS_MED_V_LOW_S007,G2_D075_DENS_MED_V_LOW,7,7.26300144196,15.2065021422,10.5313255744,0,0,29.0520057678,
G2_D075_DENS_MED_V_LOW_S007,G2_D075_DENS_MED_V_LOW,7,7.27200555801,14.4114115719,5.5493631874,0,0,29.0880222321,
G2_D075_DENS_MED_V_LOW_S007,G2_D075_DENS_MED_V_LOW,7,7.28100681305,12.0510398731,8.21218336807,0,0,29.1240272522,
G2_D075_DENS_MED_V_LOW_S007,G2_D075_DENS_MED_V_LOW,7,7.29000234604,15.9484338562,11.2174134361,0,0,29.1600093842,
G2_D075_DENS_MED_V_LOW_S007,G2_D075_DENS_MED_V_LOW,7,7.29900169373,15.0502473558,8.71521968169,0,0,29.1960067749,
G2_D075_DENS_MED_V_LOW_S007,G2_D075_DENS_MED_V_LOW,7,7.30800437927,17.3411302381,8.46340474312,0,0,29.2320175171,
G2_D075_DENS_MED_V_LOW_S007,G2_D075_DENS_MED_V_LOW,7,7.31700134277,15.1971263687,10.7598367069,0,0,29.2680053711,
G2_D075_DENS_MED_V_LOW_S007,G2_D075_DENS_MED_V_LOW,7,7.32600831985,17.2129021952,11.5639059034,0,0,29.3040332794,
G2_D075_DENS_MED_V_LOW_S007,G2_D075_DENS_MED_V_LOW,7,7.33500623703,14.44483411,11.8142370929,0,0,29.3400249481,
G2_D075_DENS_MED_V_LOW_S007,G2_D075_DENS_MED_V_LOW,7,7.34400844574,16.5008020858,12.838338818,0,0,29.376033783,
G2_D075_DENS_MED_V_LOW_S007,G2_D075_DENS_MED_V_LOW,7,7.35300302505,15.8921250584,9.13668986156,0,0,29.4120121002,
G2_D075_DENS_MED_V_LOW_S007,G2_D075_DENS_MED_V_LOW,7,7.36200141907,16.5339925229,7.01864201877,0,0,29.4480056763,
G2_D075_DENS_MED_V_LOW_S007,G2_D075_DENS_MED_V_LOW,7,7.37101411819,15.2552698693,9.78619747328,0,0,29.4840564728,
G2_D075_DENS_MED_V_LOW_S007,G2_D075_DENS_MED_V_LOW,7,7.38000965118,17.0532554191,4.97342225059,0,0,29.5200386047,
G2_D075_DENS_MED_V_LOW_S007,G2_D075_DENS_MED_V_LOW,7,7.38900232315,13.4663904138,8.88609452213,0,0,29.5560092926,
G2_D075_DENS_MED_V_LOW_S007,G2_D075_DENS_MED_V_LOW,7,7.39800691605,17.8653689368,9.33589581892,0,0,29.5920276642,
G2_D075_DENS_MED_V_LOW_S007,G2_D075_DENS_MED_V_LOW,7,7.40701246262,12.5628258027,8.76228280951,0,0,29.6280498505,
G2_D075_DENS_MED_V_LOW_S007,G2_D075_DENS_MED_V_LOW,7,7.41600179672,16.9654505212,10.1833374293,0,0,29.6640071869,
G2_D075_DENS_MED_V_LOW_S007,G2_D075_DENS_MED_V_LOW,7,7.42501449585,16.8840372416,11.4324640218,0,0,29.7000579834,
G2_D075_DENS_MED_V_LOW_S007,G2_D075_DENS_MED_V_LOW,7,7.43400812149,17.7594679008,13.7242536108,0,0,29.736032486,
G2_D075_DENS_MED_V_LOW_S007,G2_D075_DENS_MED_V_LOW,7,7.44300985336,17.6182355727,11.9591177874,0,0,29.7720394135,
G2_D075_DENS_MED_V_LOW_S007,G2_D075_DENS_MED_V_LOW,7,7.45200967789,14.2375359018,16.0001162659,0,0,29.8080387115,
G2_D075_DENS_MED_V_LOW_S007,G2_D075_DENS_MED_V_LOW,7,7.46100473404,15.4977998977,13.2763572578,0,0,29.8440189362,
G2_D075_DENS_MED_V_LOW_S007,G2_D075_DENS_MED_V_LOW,7,7.47000741959,13.2913310289,7.91964253932,0,0,29.8800296783,
G2_D075_DENS_MED_V_LOW_S007,G2_D075_DENS_MED_V_LOW,7,7.47901105881,13.7271989454,7.30609192344,0,0,29.9160442352,
G2_D075_DENS_MED_V_LOW_S007,G2_D075_DENS_MED_V_LOW,7,7.4880065918,15.9400870636,13.8205960548,0,0,29.9520263672,
G2_D075_DENS_MED_V_LOW_S007,G2_D075_DENS_MED_V_LOW,7,7.49700164795,20.031471028,14.8451852654,0,0,29.9880065918,
G2_D075_DENS_MED_V_LOW_S007,G2_D075_DENS_MED_V_LOW,7,7.50600481033,15.0190286716,10.4362289103,0,0,30.0240192413,
G2_D075_DENS_MED_V_LOW_S007,G2_D075_DENS_MED_V_LOW,7,7.51500511169,13.3887846952,10.1143775899,0,0,30.0600204468,
G2_D075_DENS_MED_V_LOW_S007,G2_D075_DENS_MED_V_LOW,7,7.5240020752,14.3465548274,8.76351467869,0,0,30.0960083008,
G2_D075_DENS_MED_V_LOW_S007,G2_D075_DENS_MED_V_LOW,7,7.53300905228,14.5933720921,10.2433049897,0,0,30.1320362091,
G2_D075_DENS_MED_V_LOW_S007,G2_D075_DENS_MED_V_LOW,7,7.54201221466,21.6744098217,11.8916862206,0,0,30.1680488586,
G2_D075_DENS_MED_V_LOW_S007,G2_D075_DENS_MED_V_LOW,7,7.55101108551,17.6489469505,11.0870520767,0,0,30.204044342,
G2_D075_DENS_MED_V_LOW_S007,G2_D075_DENS_MED_V_LOW,7,7.5600104332,11.059301213,10.7449596233,0,0,30.2400417328,
G2_D075_DENS_MED_V_LOW_S007,G2_D075_DENS_MED_V_LOW,7,7.56900310516,17.6260352702,15.3276036785,0,0,30.2760124207,
G2_D075_DENS_MED_V_LOW_S007,G2_D075_DENS_MED_V_LOW,7,7.57800626755,15.7783005378,13.5112810731,0,0,30.3120250702,
G2_D075_DENS_MED_V_LOW_S007,G2_D075_DENS_MED_V_LOW,7,7.58701181412,15.9527454078,9.62309596288,0,0,30.3480472565,
G2_D075_DENS_MED_V_LOW_S007,G2_D075_DENS_MED_V_LOW,7,7.59600830078,15.2485930984,8.67595579397,0,0,30.3840332031,
G2_D075_DENS_MED_V_LOW_S007,G2_D075_DENS_MED_V_LOW,7,7.60500955582,14.7900080243,8.75157666483,0,0,30.4200382233,
G2_D075_DENS_MED_V_LOW_S007,G2_D075_DENS_MED_V_LOW,7,7.6140089035,13.7810198419,7.74157168426,0,0,30.456035614,
G2_D075_DENS_MED_V_LOW_S007,G2_D075_DENS_MED_V_LOW,7,7.62301015854,12.0784819431,9.18511282186,0,0,30.4920406342,
G2_D075_DENS_MED_V_LOW_S007,G2_D075_DENS_MED_V_LOW,7,7.63201475143,13.1397304193,8.79804475381,0,0,30.5280590057,
G2_D075_DENS_MED_V_LOW_S007,G2_D075_DENS_MED_V_LOW,7,7.64100122452,11.730334926,4.42881134523,0,0,30.5640048981,
G2_D075_DENS_MED_V_LOW_S007,G2_D075_DENS_MED_V_LOW,7,7.65000200272,14.818778596,10.4772693281,0,0,30.6000080109,
G2_D075_DENS_MED_V_LOW_S007,G2_D075_DENS_MED_V_LOW,7,7.65901184082,18.4092754286,10.5002921394,0,0,30.6360473633,
G2_D075_DENS_MED_V_LOW_S007,G2_D075_DENS_MED_V_LOW,7,7.66800928116,18.0415169858,11.3072162,0,0,30.6720371246,
G2_D075_DENS_MED_V_LOW_S007,G2_D075_DENS_MED_V_LOW,7,7.67700910568,16.9509088435,11.0490046613,0,0,30.7080364227,
G2_D075_DENS_MED_V_LOW_S007,G2_D075_DENS_MED_V_LOW,7,7.68600320816,17.4532548956,13.0268178231,0,0,30.7440128326,
G2_D075_DENS_MED_V_LOW_S007,G2_D075_DENS_MED_V_LOW,7,7.69500207901,14.8517590369,12.053772625,0,0,30.780008316,
G2_D075_DENS_MED_V_LOW_S007,G2_D075_DENS_MED_V_LOW,7,7.70400762558,18.510518972,12.1838664691,0,0,30.8160305023,
G2_D075_DENS_MED_V_LOW_S007,G2_D075_DENS_MED_V_LOW,7,7.71300172806,16.3888376886,9.34593444996,0,0,30.8520069122,
G2_D075_DENS_MED_V_LOW_S007,G2_D075_DENS_MED_V_LOW,7,7.72200632095,14.1748631168,7.98794901205,0,0,30.8880252838,
G2_D075_DENS_MED_V_LOW_S007,G2_D075_DENS_MED_V_LOW,7,7.73101234436,15.9193748162,10.9489660194,0,0,30.9240493774,
G2_D075_DENS_MED_V_LOW_S007,G2_D075_DENS_MED_V_LOW,7,7.74000549316,18.461319095,6.34057474705,0,0,30.9600219727,
G2_D075_DENS_MED_V_LOW_S007,G2_D075_DENS_MED_V_LOW,7,7.7490029335,18.6589298512,12.4564453453,0,0,30.996011734,
G2_D075_DENS_MED_V_LOW_S007,G2_D075_DENS_MED_V_LOW,7,7.75801181793,14.7635838827,4.46876901498,0,0,31.0320472717,
G2_D075_DENS_MED_V_LOW_S007,G2_D075_DENS_MED_V_LOW,7,7.76700592041,14.1393804064,11.7727562452,0,0,31.0680236816,
G2_D075_DENS_MED_V_LOW_S007,G2_D075_DENS_MED_V_LOW,7,7.77601146698,15.4718764311,8.73616738149,0,0,31.1040458679,
G2_D075_DENS_MED_V_LOW_S007,G2_D075_DENS_MED_V_LOW,7,7.78501272202,18.3868102663,11.0915158872,0,0,31.1400508881,
G2_D075_DENS_MED_V_LOW_S007,G2_D075_DENS_MED_V_LOW,7,7.79400730133,13.6037709713,11.4916069144,0,0,31.1760292053,
G2_D075_DENS_MED_V_LOW_S007,G2_D075_DENS_MED_V_LOW,7,7.80300331116,17.5265567993,11.1604096675,0,0,31.2120132446,
G2_D075_DENS_MED_V_LOW_S007,G2_D075_DENS_MED_V_LOW,7,7.8120007515,15.8179621706,12.9142685843,0,0,31.248003006,
G2_D075_DENS_MED_V_LOW_S007,G2_D075_DENS_MED_V_LOW,7,7.82100296021,16.3293833702,14.6609292392,0,0,31.2840118408,
G2_D075_DENS_MED_V_LOW_S007,G2_D075_DENS_MED_V_LOW,7,7.83000135422,14.9776351235,9.93019567036,0,0,31.3200054169,
G2_D075_DENS_MED_V_LOW_S007,G2_D075_DENS_MED_V_LOW,7,7.83900880814,16.9881488897,12.2536278161,0,0,31.3560352325,
G2_D075_DENS_MED_V_LOW_S007,G2_D075_DENS_MED_V_LOW,7,7.84800100327,16.6625499282,13.8178956355,0,0,31.3920040131,
G2_D075_DENS_MED_V_LOW_S007,G2_D075_DENS_MED_V_LOW,7,7.8570022583,16.8836526171,7.75117576849,0,0,31.4280090332,
G2_D075_DENS_MED_V_LOW_S007,G2_D075_DENS_MED_V_LOW,7,7.86600399017,15.7618921052,7.0607113261,0,0,31.4640159607,
G2_D075_DENS_MED_V_LOW_S007,G2_D075_DENS_MED_V_LOW,7,7.87500953674,15.0945709022,9.1431326836,0,0,31.500038147,
G2_D075_DENS_MED_V_LOW_S007,G2_D075_DENS_MED_V_LOW,7,7.88400173187,13.3690505875,6.299236395,0,0,31.5360069275,
G2_D075_DENS_MED_V_LOW_S007,G2_D075_DENS_MED_V_LOW,7,7.89300298691,12.1259045899,8.14319716064,0,0,31.5720119476,
G2_D075_DENS_MED_V_LOW_S007,G2_D075_DENS_MED_V_LOW,7,7.90200281143,17.2765652777,9.61739137744,0,0,31.6080112457,
G2_D075_DENS_MED_V_LOW_S007,G2_D075_DENS_MED_V_LOW,7,7.91101121902,17.0916239181,8.81489088099,0,0,31.6440448761,
G2_D075_DENS_MED_V_LOW_S007,G2_D075_DENS_MED_V_LOW,7,7.92000150681,16.8885057377,11.1346259269,0,0,31.6800060272,
G2_D075_DENS_MED_V_LOW_S007,G2_D075_DENS_MED_V_LOW,7,7.92900943756,16.6878953529,13.1936176331,0,0,31.7160377502,
G2_D075_DENS_MED_V_LOW_S007,G2_D075_DENS_MED_V_LOW,7,7.93800735474,16.2196416159,13.4080138346,0,0,31.7520294189,
G2_D075_DENS_MED_V_LOW_S007,G2_D075_DENS_MED_V_LOW,7,7.94700527191,16.4341581639,11.3479068443,0,0,31.7880210876,
G2_D075_DENS_MED_V_LOW_S007,G2_D075_DENS_MED_V_LOW,7,7.95600271225,17.9116388155,9.9500213442,0,0,31.824010849,
G2_D075_DENS_MED_V_LOW_S007,G2_D075_DENS_MED_V_LOW,7,7.96500778198,17.2846446015,12.8970145364,0,0,31.8600311279,
G2_D075_DENS_MED_V_LOW_S007,G2_D075_DENS_MED_V_LOW,7,7.97401332855,11.9525594363,8.40548544808,0,0,31.8960533142,
G2_D075_DENS_MED_V_LOW_S007,G2_D075_DENS_MED_V_LOW,7,7.9830031395,17.2679388587,11.4517538325,0,0,31.932012558,
G2_D075_DENS_MED_V_LOW_S007,G2_D075_DENS_MED_V_LOW,7,7.99200105667,17.0700462656,5.34315451085,0,0,31.9680042267,
G2_D075_DENS_MED_V_LOW_S007,G2_D075_DENS_MED_V_LOW,7,8.0010099411,20.0724733202,10.9146089906,0,0,32.0040397644,
G2_D075_DENS_MED_V_LOW_S007,G2_D075_DENS_MED_V_LOW,7,8.01001167297,11.2419392468,9.06460652757,0,0,32.0400466919,
G2_D075_DENS_MED_V_LOW_S007,G2_D075_DENS_MED_V_LOW,7,8.0190076828,15.9330367207,11.7979850501,0,0,32.0760307312,
G2_D075_DENS_MED_V_LOW_S007,G2_D075_DENS_MED_V_LOW,7,8.02801036835,15.7784331669,10.5406742286,0,0,32.1120414734,
G2_D075_DENS_MED_V_LOW_S007,G2_D075_DENS_MED_V_LOW,7,8.0370092392,17.1992535536,15.0204816316,0,0,32.1480369568,
G2_D075_DENS_MED_V_LOW_S007,G2_D075_DENS_MED_V_LOW,7,8.04601478577,17.4205363971,10.2067585801,0,0,32.1840591431,
G2_D075_DENS_MED_V_LOW_S007,G2_D075_DENS_MED_V_LOW,7,8.05500221252,16.5087421491,14.4357425371,0,0,32.2200088501,
G2_D075_DENS_MED_V_LOW_S007,G2_D075_DENS_MED_V_LOW,7,8.0640039444,17.6263005284,14.4275063286,0,0,32.2560157776,
G2_D075_DENS_MED_V_LOW_S007,G2_D075_DENS_MED_V_LOW,7,8.07301235199,17.4218571621,8.02620095542,0,0,32.292049408,
G2_D075_DENS_MED_V_LOW_S007,G2_D075_DENS_MED_V_LOW,7,8.08199977875,20.8214719558,8.09808734772,0,0,32.327999115,
G2_D075_DENS_MED_V_LOW_S007,G2_D075_DENS_MED_V_LOW,7,8.09100627899,16.4600661571,11.1011062816,0,0,32.364025116,
G2_D075_DENS_MED_V_LOW_S007,G2_D075_DENS_MED_V_LOW,7,8.10001182556,14.8582600743,8.47095706305,0,0,32.4000473022,
G2_D075_DENS_MED_V_LOW_S007,G2_D075_DENS_MED_V_LOW,7,8.10901069641,16.1353911784,9.71514169418,0,0,32.4360427856,
G2_D075_DENS_MED_V_LOW_S007,G2_D075_DENS_MED_V_LOW,7,8.11800670624,15.4811693114,12.0889086834,0,0,32.472026825,
G2_D075_DENS_MED_V_LOW_S007,G2_D075_DENS_MED_V_LOW,7,8.12700462341,16.7717899022,10.374667818,0,0,32.5080184937,
G2_D075_DENS_MED_V_LOW_S007,G2_D075_DENS_MED_V_LOW,7,8.13600349426,17.0646294713,9.73597247295,0,0,32.5440139771,
G2_D075_DENS_MED_V_LOW_S007,G2_D075_DENS_MED_V_LOW,7,8.14500999451,13.7288358097,13.2787052565,0,0,32.580039978,
G2_D075_DENS_MED_V_LOW_S007,G2_D075_DENS_MED_V_LOW,7,8.15400505066,15.4803989573,10.2585314139,0,0,32.6160202026,
G2_D075_DENS_MED_V_LOW_S007,G2_D075_DENS_MED_V_LOW,7,8.16300296783,18.7825468218,12.9382012526,0,0,32.6520118713,
G2_D075_DENS_MED_V_LOW_S007,G2_D075_DENS_MED_V_LOW,7,8.17200183868,19.3303205577,14.2526875135,0,0,32.6880073547,
G2_D075_DENS_MED_V_LOW_S007,G2_D075_DENS_MED_V_LOW,7,8.18101024628,18.6783025446,13.6728724589,0,0,32.7240409851,
G2_D075_DENS_MED_V_LOW_S007,G2_D075_DENS_MED_V_LOW,7,8.19000720978,16.4671861303,12.1188822714,0,0,32.7600288391,
G2_D075_DENS_MED_V_LOW_S007,G2_D075_DENS_MED_V_LOW,7,8.19900417328,16.0516889413,8.26431521685,0,0,32.7960166931,
G2_D075_DENS_MED_V_LOW_S007,G2_D075_DENS_MED_V_LOW,7,8.20800876617,16.6416531052,12.940771569,0,0,32.8320350647,
G2_D075_DENS_MED_V_LOW_S007,G2_D075_DENS_MED_V_LOW,7,8.21701335907,17.4361943699,10.7411797658,0,0,32.8680534363,
G2_D075_DENS_MED_V_LOW_S007,G2_D075_DENS_MED_V_LOW,7,8.22601032257,17.8289224548,6.21920854197,0,0,32.9040412903,
G2_D075_DENS_MED_V_LOW_S007,G2_D075_DENS_MED_V_LOW,7,8.23500537872,17.6826900089,11.3267316198,0,0,32.9400215149,
G2_D075_DENS_MED_V_LOW_S007,G2_D075_DENS_MED_V_LOW,7,8.24400806427,19.1362112102,10.3865737578,0,0,32.9760322571,
G2_D075_DENS_MED_V_LOW_S007,G2_D075_DENS_MED_V_LOW,7,8.25301361084,16.1271946988,9.85715532569,0,0,33.0120544434,
G2_D075_DENS_MED_V_LOW_S007,G2_D075_DENS_MED_V_LOW,7,8.26200294495,16.9875166909,6.19948162051,0,0,33.0480117798,
G2_D075_DENS_MED_V_LOW_S007,G2_D075_DENS_MED_V_LOW,7,8.27100753784,18.8603868519,11.6272363986,0,0,33.0840301514,
G2_D075_DENS_MED_V_LOW_S007,G2_D075_DENS_MED_V_LOW,7,8.28000926971,15.7239435985,10.6662766085,0,0,33.1200370789,
G2_D075_DENS_MED_V_LOW_S007,G2_D075_DENS_MED_V_LOW,7,8.28900051117,17.4433209745,13.2805570989,0,0,33.1560020447,
G2_D075_DENS_MED_V_LOW_S007,G2_D075_DENS_MED_V_LOW,7,8.29800796509,15.4902113016,13.6136222267,0,0,33.1920318604,
G2_D075_DENS_MED_V_LOW_S007,G2_D075_DENS_MED_V_LOW,7,8.30700016022,15.7132990064,10.5951345561,0,0,33.2280006409,
G2_D075_DENS_MED_V_LOW_S007,G2_D075_DENS_MED_V_LOW,7,8.31601047516,15.9782079882,9.00874380839,0,0,33.2640419006,
G2_D075_DENS_MED_V_LOW_S007,G2_D075_DENS_MED_V_LOW,7,8.32500171661,17.2334696558,10.6699776155,0,0,33.3000068665,
G2_D075_DENS_MED_V_LOW_S007,G2_D075_DENS_MED_V_LOW,7,8.33400726318,18.9171012738,11.2716911253,0,0,33.3360290527,
G2_D075_DENS_MED_V_LOW_S007,G2_D075_DENS_MED_V_LOW,7,8.34301376343,18.5418404438,10.6506071193,0,0,33.3720550537,
G2_D075_DENS_MED_V_LOW_S007,G2_D075_DENS_MED_V_LOW,7,8.3520116806,20.2607027767,11.8466302865,0,0,33.4080467224,
G2_D075_DENS_MED_V_LOW_S007,G2_D075_DENS_MED_V_LOW,7,8.36101341248,18.7248597864,6.96455259555,0,0,33.4440536499,
G2_D075_DENS_MED_V_LOW_S007,G2_D075_DENS_MED_V_LOW,7,8.37000465393,17.824045019,10.63751135,0,0,33.4800186157,
G2_D075_DENS_MED_V_LOW_S007,G2_D075_DENS_MED_V_LOW,7,8.37900161743,21.9465758268,11.7218661945,0,0,33.5160064697,
G2_D075_DENS_MED_V_LOW_S007,G2_D075_DENS_MED_V_LOW,7,8.38800811768,13.5222471674,9.8785931507,0,0,33.5520324707,
G2_D075_DENS_MED_V_LOW_S007,G2_D075_DENS_MED_V_LOW,7,8.39701271057,19.5594727289,13.0360915062,0,0,33.5880508423,
G2_D075_DENS_MED_V_LOW_S007,G2_D075_DENS_MED_V_LOW,7,8.40600967407,15.343943488,11.4679988029,0,0,33.6240386963,
G2_D075_DENS_MED_V_LOW_S007,G2_D075_DENS_MED_V_LOW,7,8.41500854492,16.8715535257,14.5806013168,0,0,33.6600341797,
G2_D075_DENS_MED_V_LOW_S007,G2_D075_DENS_MED_V_LOW,7,8.42400836945,16.5981385964,10.8811968769,0,0,33.6960334778,
G2_D075_DENS_MED_V_LOW_S007,G2_D075_DENS_MED_V_LOW,7,8.43300914764,16.3352621559,11.0576204687,0,0,33.7320365906,
G2_D075_DENS_MED_V_LOW_S007,G2_D075_DENS_MED_V_LOW,7,8.44200515747,12.9383574171,7.43192631519,0,0,33.7680206299,
G2_D075_DENS_MED_V_LOW_S007,G2_D075_DENS_MED_V_LOW,7,8.45101165771,18.2532273226,12.4693398975,0,0,33.8040466309,
G2_D075_DENS_MED_V_LOW_S007,G2_D075_DENS_MED_V_LOW,7,8.46000957489,18.5927191844,6.15646310718,0,0,33.8400382996,
G2_D075_DENS_MED_V_LOW_S007,G2_D075_DENS_MED_V_LOW,7,8.46900367737,20.078379737,12.3125962162,0,0,33.8760147095,
G2_D075_DENS_MED_V_LOW_S007,G2_D075_DENS_MED_V_LOW,7,8.47800254822,16.4621727496,7.8895467817,0,0,33.9120101929,
G2_D075_DENS_MED_V_LOW_S007,G2_D075_DENS_MED_V_LOW,7,8.48700046539,18.3686334455,11.1564018892,0,0,33.9480018616,
G2_D075_DENS_MED_V_LOW_S007,G2_D075_DENS_MED_V_LOW,7,8.49600505829,17.9101577904,9.28970955758,0,0,33.9840202332,
G2_D075_DENS_MED_V_LOW_S007,G2_D075_DENS_MED_V_LOW,7,8.50500202179,17.9682869229,11.7928500356,0,0,34.0200080872,
G2_D075_DENS_MED_V_LOW_S007,G2_D075_DENS_MED_V_LOW,7,8.51401329041,20.0452224572,12.3947978582,0,0,34.0560531616,
G2_D075_DENS_MED_V_LOW_S007,G2_D075_DENS_MED_V_LOW,7,8.52300834656,23.3442303273,17.2153545199,0,0,34.0920333862,
G2_D075_DENS_MED_V_LOW_S007,G2_D075_DENS_MED_V_LOW,7,8.53199958801,16.8683516378,17.9967094432,0,0,34.1279983521,
G2_D075_DENS_MED_V_LOW_S007,G2_D075_DENS_MED_V_LOW,7,8.54100608826,16.7051028758,13.8765531899,0,0,34.164024353,
G2_D075_DENS_MED_V_LOW_S007,G2_D075_DENS_MED_V_LOW,7,8.55000495911,18.6887736135,10.1762863914,0,0,34.2000198364,
G2_D075_DENS_MED_V_LOW_S007,G2_D075_DENS_MED_V_LOW,7,8.55901050568,19.3895991425,7.3549048936,0,0,34.2360420227,
G2_D075_DENS_MED_V_LOW_S007,G2_D075_DENS_MED_V_LOW,7,8.56800937653,19.2468835788,13.5139400921,0,0,34.2720375061,
G2_D075_DENS_MED_V_LOW_S007,G2_D075_DENS_MED_V_LOW,7,8.57700252533,17.6041006243,9.34776662792,0,0,34.3080101013,
G2_D075_DENS_MED_V_LOW_S007,G2_D075_DENS_MED_V_LOW,7,8.58600997925,22.5807021717,13.4458317332,0,0,34.344039917,
G2_D075_DENS_MED_V_LOW_S007,G2_D075_DENS_MED_V_LOW,7,8.5950050354,18.8911413342,8.52014648209,0,0,34.3800201416,
G2_D075_DENS_MED_V_LOW_S007,G2_D075_DENS_MED_V_LOW,7,8.60400104523,18.0236418963,7.58400366353,0,0,34.4160041809,
G2_D075_DENS_MED_V_LOW_S007,G2_D075_DENS_MED_V_LOW,7,8.61301326752,14.1892533762,8.54590965679,0,0,34.4520530701,
G2_D075_DENS_MED_V_LOW_S007,G2_D075_DENS_MED_V_LOW,7,8.62200260162,16.6156489559,15.2102593844,0,0,34.4880104065,
G2_D075_DENS_MED_V_LOW_S007,G2_D075_DENS_MED_V_LOW,7,8.6310043335,18.4923034677,12.2652338034,0,0,34.524017334,
G2_D075_DENS_MED_V_LOW_S007,G2_D075_DENS_MED_V_LOW,7,8.64001083374,21.1786134376,12.0307224677,0,0,34.560043335,
G2_D075_DENS_MED_V_LOW_S007,G2_D075_DENS_MED_V_LOW,7,8.64900112152,17.8733432626,14.4609226616,0,0,34.5960044861,
G2_D075_DENS_MED_V_LOW_S007,G2_D075_DENS_MED_V_LOW,7,8.65800380707,18.0405742138,12.7988984356,0,0,34.6320152283,
G2_D075_DENS_MED_V_LOW_S007,G2_D075_DENS_MED_V_LOW,7,8.66700363159,18.7636670667,13.861961793,0,0,34.6680145264,
G2_D075_DENS_MED_V_LOW_S007,G2_D075_DENS_MED_V_LOW,7,8.67600822449,17.2136449182,7.11497422061,0,0,34.7040328979,
G2_D075_DENS_MED_V_LOW_S007,G2_D075_DENS_MED_V_LOW,7,8.68500900269,17.5020027283,10.7948930687,0,0,34.7400360107,
G2_D075_DENS_MED_V_LOW_S007,G2_D075_DENS_MED_V_LOW,7,8.69401168823,20.0175958117,16.2024481588,0,0,34.7760467529,
G2_D075_DENS_MED_V_LOW_S007,G2_D075_DENS_MED_V_LOW,7,8.70301055908,18.8218890396,11.9063188788,0,0,34.8120422363,
G2_D075_DENS_MED_V_LOW_S007,G2_D075_DENS_MED_V_LOW,7,8.71200561523,20.1219992438,10.9203418302,0,0,34.8480224609,
G2_D075_DENS_MED_V_LOW_S007,G2_D075_DENS_MED_V_LOW,7,8.72100734711,20.3950229173,13.5083852708,0,0,34.8840293884,
G2_D075_DENS_MED_V_LOW_S007,G2_D075_DENS_MED_V_LOW,7,8.73000144958,22.8166648482,12.5458566632,0,0,34.9200057983,
G2_D075_DENS_MED_V_LOW_S007,G2_D075_DENS_MED_V_LOW,7,8.7390127182,18.05141996,9.20895930256,0,0,34.9560508728,
G2_D075_DENS_MED_V_LOW_S007,G2_D075_DENS_MED_V_LOW,7,8.748005867,20.3735436314,12.8923688756,0,0,34.992023468,
G2_D075_DENS_MED_V_LOW_S007,G2_D075_DENS_MED_V_LOW,7,8.75700473785,15.5916559992,12.2547010473,0,0,35.0280189514,
G2_D075_DENS_MED_V_LOW_S007,G2_D075_DENS_MED_V_LOW,7,8.76600551605,16.367436875,14.2244510266,0,0,35.0640220642,
G2_D075_DENS_MED_V_LOW_S007,G2_D075_DENS_MED_V_LOW,7,8.77500343323,17.9636393775,15.5294621603,0,0,35.1000137329,
G2_D075_DENS_MED_V_LOW_S007,G2_D075_DENS_MED_V_LOW,7,8.78400611877,17.6944763167,15.8155999477,0,0,35.1360244751,
G2_D075_DENS_MED_V_LOW_S007,G2_D075_DENS_MED_V_LOW,7,8.79300403595,18.5905750136,11.1713166366,0,0,35.1720161438,
G2_D075_DENS_MED_V_LOW_S007,G2_D075_DENS_MED_V_LOW,7,8.80200386047,20.654520631,15.9232603286,0,0,35.2080154419,
G2_D075_DENS_MED_V_LOW_S007,G2_D075_DENS_MED_V_LOW,7,8.81101131439,19.3298010936,13.1347826817,0,0,35.2440452576,
G2_D075_DENS_MED_V_LOW_S007,G2_D075_DENS_MED_V_LOW,7,8.82000255585,17.3700809644,10.3480347945,0,0,35.2800102234,
G2_D075_DENS_MED_V_LOW_S007,G2_D075_DENS_MED_V_LOW,7,8.82900428772,25.2611211982,17.3119127543,0,0,35.3160171509,
G2_D075_DENS_MED_V_LOW_S007,G2_D075_DENS_MED_V_LOW,7,8.83800601959,16.1847015797,9.23917626877,0,0,35.3520240784,
G2_D075_DENS_MED_V_LOW_S007,G2_D075_DENS_MED_V_LOW,7,8.84700584412,21.548993516,9.759300855,0,0,35.3880233765,
G2_D075_DENS_MED_V_LOW_S007,G2_D075_DENS_MED_V_LOW,7,8.85600566864,20.4237415425,9.72827162732,0,0,35.4240226746,
G2_D075_DENS_MED_V_LOW_S007,G2_D075_DENS_MED_V_LOW,7,8.86500167847,19.1368168832,10.3184766373,0,0,35.4600067139,
G2_D075_DENS_MED_V_LOW_S007,G2_D075_DENS_MED_V_LOW,7,8.87401008606,17.9220612538,12.316292488,0,0,35.4960403442,
G2_D075_DENS_MED_V_LOW_S007,G2_D075_DENS_MED_V_LOW,7,8.88300418854,17.1652419212,14.2025691184,0,0,35.5320167542,
G2_D075_DENS_MED_V_LOW_S007,G2_D075_DENS_MED_V_LOW,7,8.89200210571,19.9392738958,14.6490689977,0,0,35.5680084229,
G2_D075_DENS_MED_V_LOW_S007,G2_D075_DENS_MED_V_LOW,7,8.90100765228,18.2090971937,15.6775420878,0,0,35.6040306091,
G2_D075_DENS_MED_V_LOW_S007,G2_D075_DENS_MED_V_LOW,7,8.91000366211,16.7146543829,12.5687823292,0,0,35.6400146484,
G2_D075_DENS_MED_V_LOW_S007,G2_D075_DENS_MED_V_LOW,7,8.919008255,16.2901096775,9.95834350216,0,0,35.67603302,
G2_D075_DENS_MED_V_LOW_S007,G2_D075_DENS_MED_V_LOW,7,8.92800140381,18.6648141631,13.2359960145,0,0,35.7120056152,
G2_D075_DENS_MED_V_LOW_S007,G2_D075_DENS_MED_V_LOW,7,8.9370059967,18.7741381357,13.0514658564,0,0,35.7480239868,
G2_D075_DENS_MED_V_LOW_S007,G2_D075_DENS_MED_V_LOW,7,8.9460105896,18.2250524767,5.85676809257,0,0,35.7840423584,
G2_D075_DENS_MED_V_LOW_S007,G2_D075_DENS_MED_V_LOW,7,8.95500946045,15.4887479604,5.78301310729,0,0,35.8200378418,
G2_D075_DENS_MED_V_LOW_S007,G2_D075_DENS_MED_V_LOW,7,8.96400737762,18.5434938868,9.83513776336,0,0,35.8560295105,
G2_D075_DENS_MED_V_LOW_S007,G2_D075_DENS_MED_V_LOW,7,8.97300815582,14.8107843758,10.4864799305,0,0,35.8920326233,
G2_D075_DENS_MED_V_LOW_S007,G2_D075_DENS_MED_V_LOW,7,8.982006073,19.9133426925,9.11578572902,0,0,35.928024292,
G2_D075_DENS_MED_V_LOW_S007,G2_D075_DENS_MED_V_LOW,7,8.99100208282,20.5858961142,9.03671999969,0,0,35.9640083313,
G2_D075_DENS_MED_V_LOW_S007,G2_D075_DENS_MED_V_LOW,7,9,17.822350682,13.2192864998,0,0,36,
