run_id,scenario_id,S,z_m,qb_MPa,qs_kPa,ALLKE,ALLIE,time_s,walltime_h
G2_D075_DENS_REF_V_HIGH_S030,G2_D075_DENS_REF_V_HIGH,30,0,0,0,0,0,0,
G2_D075_DENS_REF_V_HIGH_S030,G2_D075_DENS_REF_V_HIGH,30,0.010100713931,0,0,0,0,0.010100713931,
G2_D075_DENS_REF_V_HIGH_S030,G2_D075_DENS_REF_V_HIGH,30,0.0200409796089,6.22869116857,84.5126204977,0,0,0.0200409796089,
G2_D075_DENS_REF_V_HIGH_S030,G2_D075_DENS_REF_V_HIGH,30,0.0300374031067,0,0,0,0,0.0300374031067,
G2_D075_DENS_REF_V_HIGH_S030,G2_D075_DENS_REF_V_HIGH,30,0.0400338023901,0,0,0,0,0.0400338023901,
G2_D075_DENS_REF_V_HIGH_S030,G2_D075_DENS_REF_V_HIGH,30,0.0500304028392,1.44722767326,249.605128472,0,0,0.0500304028392,
G2_D075_DENS_REF_V_HIGH_S030,G2_D075_DENS_REF_V_HIGH,30,0.0600270293653,2.94232451139,81.9930884977,0,0,0.0600270293653,
G2_D075_DENS_REF_V_HIGH_S030,G2_D075_DENS_REF_V_HIGH,30,0.0700234845281,0.000948997546502,0,0,0,0.0700234845281,
G2_D075_DENS_REF_V_HIGH_S030,G2_D075_DENS_REF_V_HIGH,30,0.0800199061632,0,0,0,0,0.0800199061632,
G2_D075_DENS_REF_V_HIGH_S030,G2_D075_DENS_REF_V_HIGH,30,0.0900165140629,1.58303685195,116.868751525,0,0,0.0900165140629,
G2_D075_DENS_REF_V_HIGH_S030,G2_D075_DENS_REF_V_HIGH,30,0.100013136864,2.30382071475,13.5741284525,0,0,0.100013136864,
G2_D075_DENS_REF_V_HIGH_S030,G2_D075_DENS_REF_V_HIGH,30,0.110009588301,0.04014194715,0.000153170700106,0,0,0.110009588301,
G2_D075_DENS_REF_V_HIGH_S030,G2_D075_DENS_REF_V_HIGH,30,0.120023824275,0,0,0,0,0.120023824275,
G2_D075_DENS_REF_V_HIGH_S030,G2_D075_DENS_REF_V_HIGH,30,0.130020439625,0.70990267973,70.3842335605,0,0,0.130020439625,
G2_D075_DENS_REF_V_HIGH_S030,G2_D075_DENS_REF_V_HIGH,30,0.140017062426,2.24557594626,22.0227939604,0,0,0.140017062426,
G2_D075_DENS_REF_V_HIGH_S030,G2_D075_DENS_REF_V_HIGH,30,0.150013521314,0.106802629053,0.000322092174393,0,0,0.150013521314,
G2_D075_DENS_REF_V_HIGH_S030,G2_D075_DENS_REF_V_HIGH,30,0.160009950399,0,0,0,0,0.160009950399,
G2_D075_DENS_REF_V_HIGH_S030,G2_D075_DENS_REF_V_HIGH,30,0.170006558299,0.778904913191,43.7958333346,0,0,0.170006558299,
G2_D075_DENS_REF_V_HIGH_S030,G2_D075_DENS_REF_V_HIGH,30,0.1800031811,2.08881924158,4.90374349936,0,0,0.1800031811,
G2_D075_DENS_REF_V_HIGH_S030,G2_D075_DENS_REF_V_HIGH,30,0.190121546388,0.04702565748,5.63379252998e-06,0,0,0.190121546388,
G2_D075_DENS_REF_V_HIGH_S030,G2_D075_DENS_REF_V_HIGH,30,0.200117975473,0,0,0,0,0.200117975473,
G2_D075_DENS_REF_V_HIGH_S030,G2_D075_DENS_REF_V_HIGH,30,0.210114583373,0.309615322102,46.4942915729,0,0,0.210114583373,
G2_D075_DENS_REF_V_HIGH_S030,G2_D075_DENS_REF_V_HIGH,30,0.220111206174,3.44597917074,168.725153071,0,0,0.220111206174,
G2_D075_DENS_REF_V_HIGH_S030,G2_D075_DENS_REF_V_HIGH,30,0.230107650161,0.103510827849,2.26743874118e-05,0,0,0.230107650161,
G2_D075_DENS_REF_V_HIGH_S030,G2_D075_DENS_REF_V_HIGH,30,0.240104094148,0,0,0,0,0.240104094148,
G2_D075_DENS_REF_V_HIGH_S030,G2_D075_DENS_REF_V_HIGH,30,0.250100702047,0.373001541295,48.2551656971,0,0,0.250100702047,
G2_D075_DENS_REF_V_HIGH_S030,G2_D075_DENS_REF_V_HIGH,30,0.260097295046,3.44694874486,23.8528313966,0,0,0.260097295046,
G2_D075_DENS_REF_V_HIGH_S030,G2_D075_DENS_REF_V_HIGH,30,0.270093768835,0.079443383161,5.03840726702e-05,0,0,0.270093768835,
G2_D075_DENS_REF_V_HIGH_S030,G2_D075_DENS_REF_V_HIGH,30,0.28009018302,0,0,0,0,0.28009018302,
G2_D075_DENS_REF_V_HIGH_S030,G2_D075_DENS_REF_V_HIGH,30,0.29008680582,0.991031028499,23.6004923553,0,0,0.29008680582,
G2_D075_DENS_REF_V_HIGH_S030,G2_D075_DENS_REF_V_HIGH,30,0.300083428621,2.10322898092,4.80004155563,0,0,0.300083428621,
G2_D075_DENS_REF_V_HIGH_S030,G2_D075_DENS_REF_V_HIGH,30,0.310079872608,0.14336207891,7.90331207968e-05,0,0,0.310079872608,
G2_D075_DENS_REF_V_HIGH_S030,G2_D075_DENS_REF_V_HIGH,30,0.320076316595,0,0,0,0,0.320076316595,
G2_D075_DENS_REF_V_HIGH_S030,G2_D075_DENS_REF_V_HIGH,30,0.330072909594,0.461620899429,17.1306604676,0,0,0.330072909594,
G2_D075_DENS_REF_V_HIGH_S030,G2_D075_DENS_REF_V_HIGH,30,0.340069532394,1.89422814647,33.7452188091,0,0,0.340069532394,
G2_D075_DENS_REF_V_HIGH_S030,G2_D075_DENS_REF_V_HIGH,30,0.350065976381,0.292791594637,0.00015334287279,0,0,0.350065976381,
G2_D075_DENS_REF_V_HIGH_S030,G2_D075_DENS_REF_V_HIGH,30,0.360062420368,0,0,0,0,0.360062420368,
G2_D075_DENS_REF_V_HIGH_S030,G2_D075_DENS_REF_V_HIGH,30,0.370059013367,0.0754653557851,7.20924526006,0,0,0.370059013367,
G2_D075_DENS_REF_V_HIGH_S030,G2_D075_DENS_REF_V_HIGH,30,0.380055636168,4.80956788199,17.3169262736,0,0,0.380055636168,
G2_D075_DENS_REF_V_HIGH_S030,G2_D075_DENS_REF_V_HIGH,30,0.390052080154,0.246390485607,0.000256747098383,0,0,0.390052080154,
G2_D075_DENS_REF_V_HIGH_S030,G2_D075_DENS_REF_V_HIGH,30,0.400048524141,0,0,0,0,0.400048524141,
G2_D075_DENS_REF_V_HIGH_S030,G2_D075_DENS_REF_V_HIGH,30,0.41004511714,0.769216148797,7.97808366369,0,0,0.41004511714,
G2_D075_DENS_REF_V_HIGH_S030,G2_D075_DENS_REF_V_HIGH,30,0.420041739941,2.94660926087,7.31109283492,0,0,0.420041739941,
G2_D075_DENS_REF_V_HIGH_S030,G2_D075_DENS_REF_V_HIGH,30,0.430038154125,0.348666791943,0.000111480207806,0,0,0.430038154125,
G2_D075_DENS_REF_V_HIGH_S030,G2_D075_DENS_REF_V_HIGH,30,0.440034598112,0,0,0,0,0.440034598112,
G2_D075_DENS_REF_V_HIGH_S030,G2_D075_DENS_REF_V_HIGH,30,0.450031191111,0.915620045472,9.66039699142,0,0,0.450031191111,
G2_D075_DENS_REF_V_HIGH_S030,G2_D075_DENS_REF_V_HIGH,30,0.460027813911,2.85294132696,7.75479229853,0,0,0.460027813911,
G2_D075_DENS_REF_V_HIGH_S030,G2_D075_DENS_REF_V_HIGH,30,0.470024287701,0.302174863051,0.000122824375766,0,0,0.470024287701,
G2_D075_DENS_REF_V_HIGH_S030,G2_D075_DENS_REF_V_HIGH,30,0.480002313852,0,0,0,0,0.480002313852,
G2_D075_DENS_REF_V_HIGH_S030,G2_D075_DENS_REF_V_HIGH,30,0.490120828152,0.582898347618,6.92093409102,0,0,0.490120828152,
G2_D075_DENS_REF_V_HIGH_S030,G2_D075_DENS_REF_V_HIGH,30,0.50011742115,2.83679207382,10.6761873521,0,0,0.50011742115,
G2_D075_DENS_REF_V_HIGH_S030,G2_D075_DENS_REF_V_HIGH,30,0.510113835335,0.456157823114,4.48361204597e-05,0,0,0.510113835335,
G2_D075_DENS_REF_V_HIGH_S030,G2_D075_DENS_REF_V_HIGH,30,0.520110189915,0,0,0,0,0.520110189915,
G2_D075_DENS_REF_V_HIGH_S030,G2_D075_DENS_REF_V_HIGH,30,0.530106782913,0.743008358524,3.3943926536,0,0,0.530106782913,
G2_D075_DENS_REF_V_HIGH_S030,G2_D075_DENS_REF_V_HIGH,30,0.540103375912,3.27112729508,5.1386228839,0,0,0.540103375912,
G2_D075_DENS_REF_V_HIGH_S030,G2_D075_DENS_REF_V_HIGH,30,0.550099849701,0.518269524825,0.000340034113602,0,0,0.550099849701,
G2_D075_DENS_REF_V_HIGH_S030,G2_D075_DENS_REF_V_HIGH,30,0.560096204281,0,0,0,0,0.560096204281,
G2_D075_DENS_REF_V_HIGH_S030,G2_D075_DENS_REF_V_HIGH,30,0.570092797279,1.02060752932,6.68809327485,0,0,0.570092797279,
G2_D075_DENS_REF_V_HIGH_S030,G2_D075_DENS_REF_V_HIGH,30,0.580089390278,2.76607229327,9.06245028972,0,0,0.580089390278,
G2_D075_DENS_REF_V_HIGH_S030,G2_D075_DENS_REF_V_HIGH,30,0.590085804462,0.525093120316,0.180303742353,0,0,0.590085804462,
G2_D075_DENS_REF_V_HIGH_S030,G2_D075_DENS_REF_V_HIGH,30,0.600081443787,0,0,0,0,0.600081443787,
G2_D075_DENS_REF_V_HIGH_S030,G2_D075_DENS_REF_V_HIGH,30,0.610078036785,1.09372748247,4.7618562115,0,0,0.610078036785,
G2_D075_DENS_REF_V_HIGH_S030,G2_D075_DENS_REF_V_HIGH,30,0.620074629784,3.06302612815,10.5248024459,0,0,0.620074629784,
G2_D075_DENS_REF_V_HIGH_S030,G2_D075_DENS_REF_V_HIGH,30,0.630071043968,0.653698120111,2.75679494264e-05,0,0,0.630071043968,
G2_D075_DENS_REF_V_HIGH_S030,G2_D075_DENS_REF_V_HIGH,30,0.640067398548,0,0,0,0,0.640067398548,
G2_D075_DENS_REF_V_HIGH_S030,G2_D075_DENS_REF_V_HIGH,30,0.650063991547,0.861949047419,3.29869475754,0,0,0.650063991547,
G2_D075_DENS_REF_V_HIGH_S030,G2_D075_DENS_REF_V_HIGH,30,0.660060584545,2.90267061522,4.93641188814,0,0,0.660060584545,
G2_D075_DENS_REF_V_HIGH_S030,G2_D075_DENS_REF_V_HIGH,30,0.67005699873,0.411542630798,2.2241602142e-05,0,0,0.67005699873,
G2_D075_DENS_REF_V_HIGH_S030,G2_D075_DENS_REF_V_HIGH,30,0.680053412914,0,0,0,0,0.680053412914,
G2_D075_DENS_REF_V_HIGH_S030,G2_D075_DENS_REF_V_HIGH,30,0.690050005913,1.06121739131,5.62334101313,0,0,0.690050005913,
G2_D075_DENS_REF_V_HIGH_S030,G2_D075_DENS_REF_V_HIGH,30,0.700046598911,2.70698878375,7.70516627203,0,0,0.700046598911,
G2_D075_DENS_REF_V_HIGH_S030,G2_D075_DENS_REF_V_HIGH,30,0.710043013096,0.873754213352,0.348134174026,0,0,0.710043013096,
G2_D075_DENS_REF_V_HIGH_S030,G2_D075_DENS_REF_V_HIGH,30,0.72003942728,0,0,0,0,0.72003942728,
G2_D075_DENS_REF_V_HIGH_S030,G2_D075_DENS_REF_V_HIGH,30,0.730036020279,1.31643325683,6.41461933108,0,0,0.730036020279,
G2_D075_DENS_REF_V_HIGH_S030,G2_D075_DENS_REF_V_HIGH,30,0.740005791187,3.3813429221,12.2543776309,0,0,0.740005791187,
G2_D075_DENS_REF_V_HIGH_S030,G2_D075_DENS_REF_V_HIGH,30,0.750002264977,0.72406733151,0.556877133011,0,0,0.750002264977,
G2_D075_DENS_REF_V_HIGH_S030,G2_D075_DENS_REF_V_HIGH,30,0.76012057066,0.0715593591457,1.3910643708e-05,0,0,0.76012057066,
G2_D075_DENS_REF_V_HIGH_S030,G2_D075_DENS_REF_V_HIGH,30,0.770117104053,1.2473424658,3.05033710343,0,0,0.770117104053,
G2_D075_DENS_REF_V_HIGH_S030,G2_D075_DENS_REF_V_HIGH,30,0.780113697052,2.75251732097,7.76885703952,0,0,0.780113697052,
G2_D075_DENS_REF_V_HIGH_S030,G2_D075_DENS_REF_V_HIGH,30,0.790110170841,0.914061584243,0.503792861794,0,0,0.790110170841,
G2_D075_DENS_REF_V_HIGH_S030,G2_D075_DENS_REF_V_HIGH,30,0.800106585026,0.102237959597,6.76153926117e-06,0,0,0.800106585026,
G2_D075_DENS_REF_V_HIGH_S030,G2_D075_DENS_REF_V_HIGH,30,0.810103178024,1.19161101912,3.25583944942,0,0,0.810103178024,
G2_D075_DENS_REF_V_HIGH_S030,G2_D075_DENS_REF_V_HIGH,30,0.820099771023,2.52507385487,6.96805231484,0,0,0.820099771023,
G2_D075_DENS_REF_V_HIGH_S030,G2_D075_DENS_REF_V_HIGH,30,0.830096185207,1.0188944032,0.637184210967,0,0,0.830096185207,
G2_D075_DENS_REF_V_HIGH_S030,G2_D075_DENS_REF_V_HIGH,30,0.840092599392,0.238541673932,0.0718508869212,0,0,0.840092599392,
G2_D075_DENS_REF_V_HIGH_S030,G2_D075_DENS_REF_V_HIGH,30,0.85008919239,1.80064738857,2.36075731222,0,0,0.85008919239,
G2_D075_DENS_REF_V_HIGH_S030,G2_D075_DENS_REF_V_HIGH,30,0.86006718874,2.94686844027,6.34543548243,0,0,0.86006718874,
G2_D075_DENS_REF_V_HIGH_S030,G2_D075_DENS_REF_V_HIGH,30,0.870063662529,1.27355246656,2.11010502544,0,0,0.870063662529,
G2_D075_DENS_REF_V_HIGH_S030,G2_D075_DENS_REF_V_HIGH,30,0.880060076714,0.284129583405,0.259289510515,0,0,0.880060076714,
G2_D075_DENS_REF_V_HIGH_S030,G2_D075_DENS_REF_V_HIGH,30,0.890056610107,1.86090922492,3.19506556987,0,0,0.890056610107,
G2_D075_DENS_REF_V_HIGH_S030,G2_D075_DENS_REF_V_HIGH,30,0.900053203106,3.67522362976,7.81188676476,0,0,0.900053203106,
G2_D075_DENS_REF_V_HIGH_S030,G2_D075_DENS_REF_V_HIGH,30,0.910049676895,1.35960596932,0.799579134416,0,0,0.910049676895,
G2_D075_DENS_REF_V_HIGH_S030,G2_D075_DENS_REF_V_HIGH,30,0.92004609108,0.408820141815,0.113951680449,0,0,0.92004609108,
G2_D075_DENS_REF_V_HIGH_S030,G2_D075_DENS_REF_V_HIGH,30,0.930042624474,1.92452602536,4.01244642369,0,0,0.930042624474,
G2_D075_DENS_REF_V_HIGH_S030,G2_D075_DENS_REF_V_HIGH,30,0.940039217472,3.05766404338,5.96867794928,0,0,0.940039217472,
G2_D075_DENS_REF_V_HIGH_S030,G2_D075_DENS_REF_V_HIGH,30,0.950035691261,1.48501495273,1.15083538374,0,0,0.950035691261,
G2_D075_DENS_REF_V_HIGH_S030,G2_D075_DENS_REF_V_HIGH,30,0.960032105446,0.620943563094,0.207639238986,0,0,0.960032105446,
G2_D075_DENS_REF_V_HIGH_S030,G2_D075_DENS_REF_V_HIGH,30,0.970026135445,1.7197932236,5.08520279807,0,0,0.970026135445,
G2_D075_DENS_REF_V_HIGH_S030,G2_D075_DENS_REF_V_HIGH,30,0.980004906654,3.2401291068,8.39406159727,0,0,0.980004906654,
G2_D075_DENS_REF_V_HIGH_S030,G2_D075_DENS_REF_V_HIGH,30,0.990001380444,1.42022203594,2.43827979388,0,0,0.990001380444,
G2_D075_DENS_REF_V_HIGH_S030,G2_D075_DENS_REF_V_HIGH,30,1.00011968613,0.71107009229,0.756322623451,0,0,1.00011968613,
G2_D075_DENS_REF_V_HIGH_S030,G2_D075_DENS_REF_V_HIGH,30,1.01011621952,2.11411727899,3.35885311798,0,0,1.01011621952,
G2_D075_DENS_REF_V_HIGH_S030,G2_D075_DENS_REF_V_HIGH,30,1.02011275291,2.79651786021,4.68968807268,0,0,1.02011275291,
G2_D075_DENS_REF_V_HIGH_S030,G2_D075_DENS_REF_V_HIGH,30,1.03010928631,1.60947384192,2.6741525033,0,0,1.03010928631,
G2_D075_DENS_REF_V_HIGH_S030,G2_D075_DENS_REF_V_HIGH,30,1.04010570049,0.884688586223,0.64685455386,0,0,1.04010570049,
G2_D075_DENS_REF_V_HIGH_S030,G2_D075_DENS_REF_V_HIGH,30,1.05010223389,2.1683040109,3.53270266382,0,0,1.05010223389,
G2_D075_DENS_REF_V_HIGH_S030,G2_D075_DENS_REF_V_HIGH,30,1.06009888649,3.09781087778,5.86593174764,0,0,1.06009888649,
G2_D075_DENS_REF_V_HIGH_S030,G2_D075_DENS_REF_V_HIGH,30,1.07009530067,1.76694743461,1.86397621168,0,0,1.07009530067,
G2_D075_DENS_REF_V_HIGH_S030,G2_D075_DENS_REF_V_HIGH,30,1.08009171486,0.943783010011,1.5002994113,0,0,1.08009171486,
G2_D075_DENS_REF_V_HIGH_S030,G2_D075_DENS_REF_V_HIGH,30,1.09008824825,1.64615560242,1.69765940975,0,0,1.09008824825,
G2_D075_DENS_REF_V_HIGH_S030,G2_D075_DENS_REF_V_HIGH,30,1.10008490086,3.26660160269,5.89421854449,0,0,1.10008490086,
G2_D075_DENS_REF_V_HIGH_S030,G2_D075_DENS_REF_V_HIGH,30,1.11008131504,2.00931305819,3.95864316499,0,0,1.11008131504,
G2_D075_DENS_REF_V_HIGH_S030,G2_D075_DENS_REF_V_HIGH,30,1.12007772923,1.12914291119,1.43938984731,0,0,1.12007772923,
G2_D075_DENS_REF_V_HIGH_S030,G2_D075_DENS_REF_V_HIGH,30,1.13007426262,2.65716278676,3.7197311463,0,0,1.13007426262,
G2_D075_DENS_REF_V_HIGH_S030,G2_D075_DENS_REF_V_HIGH,30,1.14007091522,3.6993527349,6.54204831187,0,0,1.14007091522,
G2_D075_DENS_REF_V_HIGH_S030,G2_D075_DENS_REF_V_HIGH,30,1.15006732941,1.74540390652,2.5691583012,0,0,1.15006732941,
G2_D075_DENS_REF_V_HIGH_S030,G2_D075_DENS_REF_V_HIGH,30,1.16006374359,1.47896623596,1.7937496902,0,0,1.16006374359,
G2_D075_DENS_REF_V_HIGH_S030,G2_D075_DENS_REF_V_HIGH,30,1.17006039619,2.55036899101,4.09111216962,0,0,1.17006039619,
G2_D075_DENS_REF_V_HIGH_S030,G2_D075_DENS_REF_V_HIGH,30,1.18005692959,3.41323967266,6.19391320607,0,0,1.18005692959,
G2_D075_DENS_REF_V_HIGH_S030,G2_D075_DENS_REF_V_HIGH,30,1.19005334377,2.22412235729,3.47492951692,0,0,1.19005334377,
G2_D075_DENS_REF_V_HIGH_S030,G2_D075_DENS_REF_V_HIGH,30,1.20004987717,1.56902417103,1.42057645396,0,0,1.20004987717,
G2_D075_DENS_REF_V_HIGH_S030,G2_D075_DENS_REF_V_HIGH,30,1.21004641056,2.68667221317,4.06618451197,0,0,1.21004641056,
G2_D075_DENS_REF_V_HIGH_S030,G2_D075_DENS_REF_V_HIGH,30,1.22004294395,3.49609114927,6.69761213343,0,0,1.22004294395,
G2_D075_DENS_REF_V_HIGH_S030,G2_D075_DENS_REF_V_HIGH,30,1.23003947735,2.22236640301,3.8805831886,0,0,1.23003947735,
G2_D075_DENS_REF_V_HIGH_S030,G2_D075_DENS_REF_V_HIGH,30,1.24003589153,1.67557025427,2.09698592622,0,0,1.24003589153,
G2_D075_DENS_REF_V_HIGH_S030,G2_D075_DENS_REF_V_HIGH,30,1.25003242493,2.91475091749,4.32889050408,0,0,1.25003242493,
G2_D075_DENS_REF_V_HIGH_S030,G2_D075_DENS_REF_V_HIGH,30,1.26002895832,3.54548057541,6.04255847499,0,0,1.26002895832,
G2_D075_DENS_REF_V_HIGH_S030,G2_D075_DENS_REF_V_HIGH,30,1.27002549171,2.4343969839,3.1001420333,0,0,1.27002549171,
G2_D075_DENS_REF_V_HIGH_S030,G2_D075_DENS_REF_V_HIGH,30,1.2800219059,1.79079069637,2.80830089843,0,0,1.2800219059,
G2_D075_DENS_REF_V_HIGH_S030,G2_D075_DENS_REF_V_HIGH,30,1.29001843929,2.71685252188,4.60012936466,0,0,1.29001843929,
G2_D075_DENS_REF_V_HIGH_S030,G2_D075_DENS_REF_V_HIGH,30,1.30001497269,4.17081554391,7.07651878612,0,0,1.30001497269,
G2_D075_DENS_REF_V_HIGH_S030,G2_D075_DENS_REF_V_HIGH,30,1.31001150608,3.05314995605,4.02799640415,0,0,1.31001150608,
G2_D075_DENS_REF_V_HIGH_S030,G2_D075_DENS_REF_V_HIGH,30,1.32000792027,1.78787064526,2.64871920207,0,0,1.32000792027,
G2_D075_DENS_REF_V_HIGH_S030,G2_D075_DENS_REF_V_HIGH,30,1.33000445366,3.27851307915,4.81215773632,0,0,1.33000445366,
G2_D075_DENS_REF_V_HIGH_S030,G2_D075_DENS_REF_V_HIGH,30,1.34000110626,3.79224617002,6.11583740297,0,0,1.34000110626,
G2_D075_DENS_REF_V_HIGH_S030,G2_D075_DENS_REF_V_HIGH,30,1.35011947155,2.8955558919,4.64355883501,0,0,1.35011947155,
G2_D075_DENS_REF_V_HIGH_S030,G2_D075_DENS_REF_V_HIGH,30,1.36011588573,2.03701499838,3.17243081821,0,0,1.36011588573,
G2_D075_DENS_REF_V_HIGH_S030,G2_D075_DENS_REF_V_HIGH,30,1.37011241913,3.27448474597,5.43110689035,0,0,1.37011241913,
G2_D075_DENS_REF_V_HIGH_S030,G2_D075_DENS_REF_V_HIGH,30,1.38010907173,3.98368304073,6.30805273574,0,0,1.38010907173,
G2_D075_DENS_REF_V_HIGH_S030,G2_D075_DENS_REF_V_HIGH,30,1.39010548592,2.92264179747,3.35033713805,0,0,1.39010548592,
G2_D075_DENS_REF_V_HIGH_S030,G2_D075_DENS_REF_V_HIGH,30,1.40010201931,2.54004519563,3.8913387902,0,0,1.40010201931,
G2_D075_DENS_REF_V_HIGH_S030,G2_D075_DENS_REF_V_HIGH,30,1.4100985527,3.76673606417,6.53819250702,0,0,1.4100985527,
G2_D075_DENS_REF_V_HIGH_S030,G2_D075_DENS_REF_V_HIGH,30,1.4200950861,3.77937617186,5.96100248831,0,0,1.4200950861,
G2_D075_DENS_REF_V_HIGH_S030,G2_D075_DENS_REF_V_HIGH,30,1.43009161949,3.38427264408,3.71665395031,0,0,1.43009161949,
G2_D075_DENS_REF_V_HIGH_S030,G2_D075_DENS_REF_V_HIGH,30,1.44008803368,2.70920479529,4.3114631054,0,0,1.44008803368,
G2_D075_DENS_REF_V_HIGH_S030,G2_D075_DENS_REF_V_HIGH,30,1.45008111,3.60251855708,3.71546085213,0,0,1.45008111,
G2_D075_DENS_REF_V_HIGH_S030,G2_D075_DENS_REF_V_HIGH,30,1.46007764339,4.19546853407,8.68523387168,0,0,1.46007764339,
G2_D075_DENS_REF_V_HIGH_S030,G2_D075_DENS_REF_V_HIGH,30,1.47007417679,3.29894652915,5.07623423168,0,0,1.47007417679,
G2_D075_DENS_REF_V_HIGH_S030,G2_D075_DENS_REF_V_HIGH,30,1.48007059097,2.81002088611,3.5001889098,0,0,1.48007059097,
G2_D075_DENS_REF_V_HIGH_S030,G2_D075_DENS_REF_V_HIGH,30,1.49006712437,3.62822456718,4.93660777822,0,0,1.49006712437,
G2_D075_DENS_REF_V_HIGH_S030,G2_D075_DENS_REF_V_HIGH,30,1.50006365776,4.37051686662,6.08373730446,0,0,1.50006365776,
G2_D075_DENS_REF_V_HIGH_S030,G2_D075_DENS_REF_V_HIGH,30,1.51006019115,3.46177364098,4.90260837768,0,0,1.51006019115,
G2_D075_DENS_REF_V_HIGH_S030,G2_D075_DENS_REF_V_HIGH,30,1.52005672455,2.81513843593,4.10944444658,0,0,1.52005672455,
G2_D075_DENS_REF_V_HIGH_S030,G2_D075_DENS_REF_V_HIGH,30,1.53005313873,3.86596392129,6.21227854802,0,0,1.53005313873,
G2_D075_DENS_REF_V_HIGH_S030,G2_D075_DENS_REF_V_HIGH,30,1.54004979134,4.47671327871,8.84974143087,0,0,1.54004979134,
G2_D075_DENS_REF_V_HIGH_S030,G2_D075_DENS_REF_V_HIGH,30,1.55004620552,3.25406455888,4.96550924471,0,0,1.55004620552,
G2_D075_DENS_REF_V_HIGH_S030,G2_D075_DENS_REF_V_HIGH,30,1.56004273891,3.16923000063,3.82654776061,0,0,1.56004273891,
G2_D075_DENS_REF_V_HIGH_S030,G2_D075_DENS_REF_V_HIGH,30,1.57003927231,3.83322994942,5.39587830499,0,0,1.57003927231,
G2_D075_DENS_REF_V_HIGH_S030,G2_D075_DENS_REF_V_HIGH,30,1.5800358057,4.39651880545,5.35685469733,0,0,1.5800358057,
G2_D075_DENS_REF_V_HIGH_S030,G2_D075_DENS_REF_V_HIGH,30,1.5900323391,3.75075508424,6.15467146508,0,0,1.5900323391,
G2_D075_DENS_REF_V_HIGH_S030,G2_D075_DENS_REF_V_HIGH,30,1.60002875328,3.40660130893,4.67952843983,0,0,1.60002875328,
G2_D075_DENS_REF_V_HIGH_S030,G2_D075_DENS_REF_V_HIGH,30,1.61002528667,4.19035568152,6.59048155532,0,0,1.61002528667,
G2_D075_DENS_REF_V_HIGH_S030,G2_D075_DENS_REF_V_HIGH,30,1.62002182007,4.20617280924,5.40728231148,0,0,1.62002182007,
G2_D075_DENS_REF_V_HIGH_S030,G2_D075_DENS_REF_V_HIGH,30,1.63001835346,3.9319491186,6.08754730105,0,0,1.63001835346,
G2_D075_DENS_REF_V_HIGH_S030,G2_D075_DENS_REF_V_HIGH,30,1.64001488686,3.46189024408,3.68742363667,0,0,1.64001488686,
G2_D075_DENS_REF_V_HIGH_S030,G2_D075_DENS_REF_V_HIGH,30,1.65001142025,4.08122706066,5.1249538445,0,0,1.65001142025,
G2_D075_DENS_REF_V_HIGH_S030,G2_D075_DENS_REF_V_HIGH,30,1.66000795364,4.21130113518,5.82792421883,0,0,1.66000795364,
G2_D075_DENS_REF_V_HIGH_S030,G2_D075_DENS_REF_V_HIGH,30,1.67000436783,3.89344964839,5.55712795631,0,0,1.67000436783,
G2_D075_DENS_REF_V_HIGH_S030,G2_D075_DENS_REF_V_HIGH,30,1.68000090122,3.03026369628,4.90935761268,0,0,1.68000090122,
G2_D075_DENS_REF_V_HIGH_S030,G2_D075_DENS_REF_V_HIGH,30,1.69011926651,3.3959006258,5.04796634907,0,0,1.69011926651,
G2_D075_DENS_REF_V_HIGH_S030,G2_D075_DENS_REF_V_HIGH,30,1.70011591911,4.86750801797,7.73497947523,0,0,1.70011591911,
G2_D075_DENS_REF_V_HIGH_S030,G2_D075_DENS_REF_V_HIGH,30,1.7101123333,4.24153642971,5.78183838015,0,0,1.7101123333,
G2_D075_DENS_REF_V_HIGH_S030,G2_D075_DENS_REF_V_HIGH,30,1.72010886669,3.83729420299,4.98578417503,0,0,1.72010886669,
G2_D075_DENS_REF_V_HIGH_S030,G2_D075_DENS_REF_V_HIGH,30,1.73010540009,4.28591634349,6.04583782357,0,0,1.73010540009,
G2_D075_DENS_REF_V_HIGH_S030,G2_D075_DENS_REF_V_HIGH,30,1.74010193348,4.70285117692,6.60009508778,0,0,1.74010193348,
G2_D075_DENS_REF_V_HIGH_S030,G2_D075_DENS_REF_V_HIGH,30,1.75009846687,4.37372925441,5.1819942039,0,0,1.75009846687,
G2_D075_DENS_REF_V_HIGH_S030,G2_D075_DENS_REF_V_HIGH,30,1.76009488106,3.88772255723,4.97261512361,0,0,1.76009488106,
G2_D075_DENS_REF_V_HIGH_S030,G2_D075_DENS_REF_V_HIGH,30,1.77009141445,4.52872047209,5.93550566581,0,0,1.77009141445,
G2_D075_DENS_REF_V_HIGH_S030,G2_D075_DENS_REF_V_HIGH,30,1.78008794785,5.19011564024,6.91289589006,0,0,1.78008794785,
G2_D075_DENS_REF_V_HIGH_S030,G2_D075_DENS_REF_V_HIGH,30,1.79008448124,3.82173349158,4.4781302039,0,0,1.79008448124,
G2_D075_DENS_REF_V_HIGH_S030,G2_D075_DENS_REF_V_HIGH,30,1.80008089542,3.55323744472,4.46168829829,0,0,1.80008089542,
G2_D075_DENS_REF_V_HIGH_S030,G2_D075_DENS_REF_V_HIGH,30,1.81007742882,4.21517666857,6.44953364757,0,0,1.81007742882,
G2_D075_DENS_REF_V_HIGH_S030,G2_D075_DENS_REF_V_HIGH,30,1.82007396221,5.43327897271,5.65462019952,0,0,1.82007396221,
G2_D075_DENS_REF_V_HIGH_S030,G2_D075_DENS_REF_V_HIGH,30,1.83007049561,4.77974125094,6.0380856979,0,0,1.83007049561,
G2_D075_DENS_REF_V_HIGH_S030,G2_D075_DENS_REF_V_HIGH,30,1.84006690979,4.1793364122,4.93162771823,0,0,1.84006690979,
G2_D075_DENS_REF_V_HIGH_S030,G2_D075_DENS_REF_V_HIGH,30,1.85006344318,4.75206265899,6.08078871497,0,0,1.85006344318,
G2_D075_DENS_REF_V_HIGH_S030,G2_D075_DENS_REF_V_HIGH,30,1.86005997658,5.26722897328,6.33494366615,0,0,1.86005997658,
G2_D075_DENS_REF_V_HIGH_S030,G2_D075_DENS_REF_V_HIGH,30,1.87005650997,4.24514946796,4.25219852731,0,0,1.87005650997,
G2_D075_DENS_REF_V_HIGH_S030,G2_D075_DENS_REF_V_HIGH,30,1.88005292416,4.36860479681,6.28644410825,0,0,1.88005292416,
G2_D075_DENS_REF_V_HIGH_S030,G2_D075_DENS_REF_V_HIGH,30,1.89004945755,4.70671234215,4.73164235505,0,0,1.89004945755,
G2_D075_DENS_REF_V_HIGH_S030,G2_D075_DENS_REF_V_HIGH,30,1.90004599094,5.46407434895,7.32059945334,0,0,1.90004599094,
G2_D075_DENS_REF_V_HIGH_S030,G2_D075_DENS_REF_V_HIGH,30,1.91004240513,4.76884797928,5.7088694285,0,0,1.91004240513,
G2_D075_DENS_REF_V_HIGH_S030,G2_D075_DENS_REF_V_HIGH,30,1.92003893852,4.62636230599,5.29472736142,0,0,1.92003893852,
G2_D075_DENS_REF_V_HIGH_S030,G2_D075_DENS_REF_V_HIGH,30,1.93003547192,4.78355323287,5.58039000238,0,0,1.93003547192,
G2_D075_DENS_REF_V_HIGH_S030,G2_D075_DENS_REF_V_HIGH,30,1.94003200531,5.43384540957,6.73890532246,0,0,1.94003200531,
G2_D075_DENS_REF_V_HIGH_S030,G2_D075_DENS_REF_V_HIGH,30,1.95002841949,4.81296650317,7.47374087671,0,0,1.95002841949,
G2_D075_DENS_REF_V_HIGH_S030,G2_D075_DENS_REF_V_HIGH,30,1.96002495289,4.38102910587,5.17911565926,0,0,1.96002495289,
G2_D075_DENS_REF_V_HIGH_S030,G2_D075_DENS_REF_V_HIGH,30,1.97002148628,4.96665160034,5.89844666192,0,0,1.97002148628,
G2_D075_DENS_REF_V_HIGH_S030,G2_D075_DENS_REF_V_HIGH,30,1.98001790047,5.23135666487,6.64721390041,0,0,1.98001790047,
G2_D075_DENS_REF_V_HIGH_S030,G2_D075_DENS_REF_V_HIGH,30,1.99001443386,4.85032978393,5.37841189645,0,0,1.99001443386,
G2_D075_DENS_REF_V_HIGH_S030,G2_D075_DENS_REF_V_HIGH,30,2.00001096725,4.44889072891,5.57014151743,0,0,2.00001096725,
G2_D075_DENS_REF_V_HIGH_S030,G2_D075_DENS_REF_V_HIGH,30,2.01000738144,4.97294816777,5.92977956278,0,0,2.01000738144,
G2_D075_DENS_REF_V_HIGH_S030,G2_D075_DENS_REF_V_HIGH,30,2.02000403404,5.53708281075,5.497093178,0,0,2.02000403404,
G2_D075_DENS_REF_V_HIGH_S030,G2_D075_DENS_REF_V_HIGH,30,2.03000044823,5.19851824757,6.35910155622,0,0,2.03000044823,
G2_D075_DENS_REF_V_HIGH_S030,G2_D075_DENS_REF_V_HIGH,30,2.04011893272,4.3190788732,6.33667829567,0,0,2.04011893272,
G2_D075_DENS_REF_V_HIGH_S030,G2_D075_DENS_REF_V_HIGH,30,2.05011534691,4.39139987406,5.35067728148,0,0,2.05011534691,
G2_D075_DENS_REF_V_HIGH_S030,G2_D075_DENS_REF_V_HIGH,30,2.06011176109,5.42275319423,9.5457847915,0,0,2.06011176109,
G2_D075_DENS_REF_V_HIGH_S030,G2_D075_DENS_REF_V_HIGH,30,2.0701084137,5.06440312957,7.64914611397,0,0,2.0701084137,
G2_D075_DENS_REF_V_HIGH_S030,G2_D075_DENS_REF_V_HIGH,30,2.08010482788,4.48223589997,5.78840840671,0,0,2.08010482788,
G2_D075_DENS_REF_V_HIGH_S030,G2_D075_DENS_REF_V_HIGH,30,2.09010124207,5.04917951716,6.54865067754,0,0,2.09010124207,
G2_D075_DENS_REF_V_HIGH_S030,G2_D075_DENS_REF_V_HIGH,30,2.10009789467,5.52467646188,6.15539736353,0,0,2.10009789467,
G2_D075_DENS_REF_V_HIGH_S030,G2_D075_DENS_REF_V_HIGH,30,2.11009430885,5.33030075093,7.00610195448,0,0,2.11009430885,
G2_D075_DENS_REF_V_HIGH_S030,G2_D075_DENS_REF_V_HIGH,30,2.12009072304,4.98524122926,6.20886902032,0,0,2.12009072304,
G2_D075_DENS_REF_V_HIGH_S030,G2_D075_DENS_REF_V_HIGH,30,2.13008737564,5.57254286364,7.43269902271,0,0,2.13008737564,
G2_D075_DENS_REF_V_HIGH_S030,G2_D075_DENS_REF_V_HIGH,30,2.14008378983,5.91686076748,6.51534269421,0,0,2.14008378983,
G2_D075_DENS_REF_V_HIGH_S030,G2_D075_DENS_REF_V_HIGH,30,2.15008044243,5.69837308266,7.64734271951,0,0,2.15008044243,
G2_D075_DENS_REF_V_HIGH_S030,G2_D075_DENS_REF_V_HIGH,30,2.16007685661,5.33756882667,5.4332013621,0,0,2.16007685661,
G2_D075_DENS_REF_V_HIGH_S030,G2_D075_DENS_REF_V_HIGH,30,2.1700732708,4.51065417556,5.69224968071,0,0,2.1700732708,
G2_D075_DENS_REF_V_HIGH_S030,G2_D075_DENS_REF_V_HIGH,30,2.1800699234,5.28592857385,7.17960515688,0,0,2.1800699234,
G2_D075_DENS_REF_V_HIGH_S030,G2_D075_DENS_REF_V_HIGH,30,2.19006633759,5.53071937613,6.52969980668,0,0,2.19006633759,
G2_D075_DENS_REF_V_HIGH_S030,G2_D075_DENS_REF_V_HIGH,30,2.20006275177,5.3732941378,6.56875208366,0,0,2.20006275177,
G2_D075_DENS_REF_V_HIGH_S030,G2_D075_DENS_REF_V_HIGH,30,2.21005940437,5.36378020898,6.95660968678,0,0,2.21005940437,
G2_D075_DENS_REF_V_HIGH_S030,G2_D075_DENS_REF_V_HIGH,30,2.22005581856,5.86062325782,7.63241472515,0,0,2.22005581856,
G2_D075_DENS_REF_V_HIGH_S030,G2_D075_DENS_REF_V_HIGH,30,2.23005223274,5.47097437888,6.91267615243,0,0,2.23005223274,
G2_D075_DENS_REF_V_HIGH_S030,G2_D075_DENS_REF_V_HIGH,30,2.24004888535,5.10822268532,5.24582423386,0,0,2.24004888535,
G2_D075_DENS_REF_V_HIGH_S030,G2_D075_DENS_REF_V_HIGH,30,2.25004529953,5.69551934611,6.95289913876,0,0,2.25004529953,
G2_D075_DENS_REF_V_HIGH_S030,G2_D075_DENS_REF_V_HIGH,30,2.26004171371,5.92381384906,7.44686862012,0,0,2.26004171371,
G2_D075_DENS_REF_V_HIGH_S030,G2_D075_DENS_REF_V_HIGH,30,2.27003836632,5.75358713762,6.75731125911,0,0,2.27003836632,
G2_D075_DENS_REF_V_HIGH_S030,G2_D075_DENS_REF_V_HIGH,30,2.2800347805,4.99335315777,5.54199645748,0,0,2.2800347805,
G2_D075_DENS_REF_V_HIGH_S030,G2_D075_DENS_REF_V_HIGH,30,2.29003119469,6.7109814873,8.67123111438,0,0,2.29003119469,
G2_D075_DENS_REF_V_HIGH_S030,G2_D075_DENS_REF_V_HIGH,30,2.30002784729,6.02545749032,6.60932364555,0,0,2.30002784729,
G2_D075_DENS_REF_V_HIGH_S030,G2_D075_DENS_REF_V_HIGH,30,2.31002426147,5.46211364847,6.18421685008,0,0,2.31002426147,
G2_D075_DENS_REF_V_HIGH_S030,G2_D075_DENS_REF_V_HIGH,30,2.32002067566,5.67148252873,7.15043636988,0,0,2.32002067566,
G2_D075_DENS_REF_V_HIGH_S030,G2_D075_DENS_REF_V_HIGH,30,2.33001732826,5.70542618869,6.60671383204,0,0,2.33001732826,
G2_D075_DENS_REF_V_HIGH_S030,G2_D075_DENS_REF_V_HIGH,30,2.34001374245,6.33657224679,7.74208236572,0,0,2.34001374245,
G2_D075_DENS_REF_V_HIGH_S030,G2_D075_DENS_REF_V_HIGH,30,2.35001015663,6.19823399658,6.64774062902,0,0,2.35001015663,
G2_D075_DENS_REF_V_HIGH_S030,G2_D075_DENS_REF_V_HIGH,30,2.36000680923,5.63309468803,6.8537780961,0,0,2.36000680923,
G2_D075_DENS_REF_V_HIGH_S030,G2_D075_DENS_REF_V_HIGH,30,2.37000322342,5.65192139151,6.65351597019,0,0,2.37000322342,
G2_D075_DENS_REF_V_HIGH_S030,G2_D075_DENS_REF_V_HIGH,30,2.38012170792,6.80007233505,7.55618694045,0,0,2.38012170792,
G2_D075_DENS_REF_V_HIGH_S030,G2_D075_DENS_REF_V_HIGH,30,2.3901181221,5.68951069438,6.36001472347,0,0,2.3901181221,
G2_D075_DENS_REF_V_HIGH_S030,G2_D075_DENS_REF_V_HIGH,30,2.40011453629,5.58689886055,5.73557343291,0,0,2.40011453629,
G2_D075_DENS_REF_V_HIGH_S030,G2_D075_DENS_REF_V_HIGH,30,2.41011118889,6.15454264897,7.48667220414,0,0,2.41011118889,
G2_D075_DENS_REF_V_HIGH_S030,G2_D075_DENS_REF_V_HIGH,30,2.42010593414,6.37127244535,7.22398226029,0,0,2.42010593414,
G2_D075_DENS_REF_V_HIGH_S030,G2_D075_DENS_REF_V_HIGH,30,2.43010258675,5.94247863449,7.72292949057,0,0,2.43010258675,
G2_D075_DENS_REF_V_HIGH_S030,G2_D075_DENS_REF_V_HIGH,30,2.44009900093,5.87536498442,8.20682962034,0,0,2.44009900093,
G2_D075_DENS_REF_V_HIGH_S030,G2_D075_DENS_REF_V_HIGH,30,2.45009541512,6.5063706767,6.35748172986,0,0,2.45009541512,
G2_D075_DENS_REF_V_HIGH_S030,G2_D075_DENS_REF_V_HIGH,30,2.46009206772,6.41309759073,6.41002076557,0,0,2.46009206772,
G2_D075_DENS_REF_V_HIGH_S030,G2_D075_DENS_REF_V_HIGH,30,2.4700884819,5.93859481178,6.34187734513,0,0,2.4700884819,
G2_D075_DENS_REF_V_HIGH_S030,G2_D075_DENS_REF_V_HIGH,30,2.48008489609,5.93989789288,6.74202405528,0,0,2.48008489609,
G2_D075_DENS_REF_V_HIGH_S030,G2_D075_DENS_REF_V_HIGH,30,2.49008154869,5.98398049638,6.29567757319,0,0,2.49008154869,
G2_D075_DENS_REF_V_HIGH_S030,G2_D075_DENS_REF_V_HIGH,30,2.50007796288,6.24547483099,6.6437604678,0,0,2.50007796288,
G2_D075_DENS_REF_V_HIGH_S030,G2_D075_DENS_REF_V_HIGH,30,2.51007437706,6.50729465956,7.69722582991,0,0,2.51007437706,
G2_D075_DENS_REF_V_HIGH_S030,G2_D075_DENS_REF_V_HIGH,30,2.52007102966,6.23317900639,5.80919154033,0,0,2.52007102966,
G2_D075_DENS_REF_V_HIGH_S030,G2_D075_DENS_REF_V_HIGH,30,2.53006744385,6.89143224597,5.805453641,0,0,2.53006744385,
G2_D075_DENS_REF_V_HIGH_S030,G2_D075_DENS_REF_V_HIGH,30,2.54006385803,7.17390353365,7.20066977636,0,0,2.54006385803,
G2_D075_DENS_REF_V_HIGH_S030,G2_D075_DENS_REF_V_HIGH,30,2.55006051064,6.31415847826,7.28170399958,0,0,2.55006051064,
G2_D075_DENS_REF_V_HIGH_S030,G2_D075_DENS_REF_V_HIGH,30,2.56005692482,6.17968249853,6.61840669271,0,0,2.56005692482,
G2_D075_DENS_REF_V_HIGH_S030,G2_D075_DENS_REF_V_HIGH,30,2.570053339,6.90694874768,7.53046321717,0,0,2.570053339,
G2_D075_DENS_REF_V_HIGH_S030,G2_D075_DENS_REF_V_HIGH,30,2.58004975319,6.82650476589,6.969377923,0,0,2.58004975319,
G2_D075_DENS_REF_V_HIGH_S030,G2_D075_DENS_REF_V_HIGH,30,2.59004640579,6.91842835058,7.75965535149,0,0,2.59004640579,
G2_D075_DENS_REF_V_HIGH_S030,G2_D075_DENS_REF_V_HIGH,30,2.60004281998,6.23549393715,6.72100592457,0,0,2.60004281998,
G2_D075_DENS_REF_V_HIGH_S030,G2_D075_DENS_REF_V_HIGH,30,2.61003923416,6.77065795951,7.08950378694,0,0,2.61003923416,
G2_D075_DENS_REF_V_HIGH_S030,G2_D075_DENS_REF_V_HIGH,30,2.62003588676,7.31165158428,7.00114021226,0,0,2.62003588676,
G2_D075_DENS_REF_V_HIGH_S030,G2_D075_DENS_REF_V_HIGH,30,2.63003230095,7.10382175442,9.33310585321,0,0,2.63003230095,
G2_D075_DENS_REF_V_HIGH_S030,G2_D075_DENS_REF_V_HIGH,30,2.64002871513,6.1880967109,7.1957073951,0,0,2.64002871513,
G2_D075_DENS_REF_V_HIGH_S030,G2_D075_DENS_REF_V_HIGH,30,2.65002536774,7.10794541479,6.07065602411,0,0,2.65002536774,
G2_D075_DENS_REF_V_HIGH_S030,G2_D075_DENS_REF_V_HIGH,30,2.66002178192,7.17765417462,6.44674194152,0,0,2.66002178192,
G2_D075_DENS_REF_V_HIGH_S030,G2_D075_DENS_REF_V_HIGH,30,2.67001819611,7.15612846857,7.85428753843,0,0,2.67001819611,
G2_D075_DENS_REF_V_HIGH_S030,G2_D075_DENS_REF_V_HIGH,30,2.68001461029,7.20974931624,6.50592987056,0,0,2.68001461029,
G2_D075_DENS_REF_V_HIGH_S030,G2_D075_DENS_REF_V_HIGH,30,2.69001126289,6.35592228266,5.78475626349,0,0,2.69001126289,
G2_D075_DENS_REF_V_HIGH_S030,G2_D075_DENS_REF_V_HIGH,30,2.70000767708,7.75546785338,8.39375027227,0,0,2.70000767708,
G2_D075_DENS_REF_V_HIGH_S030,G2_D075_DENS_REF_V_HIGH,30,2.71000409126,7.44146896619,7.53986209125,0,0,2.71000409126,
G2_D075_DENS_REF_V_HIGH_S030,G2_D075_DENS_REF_V_HIGH,30,2.72000074387,7.14400893018,6.36727024165,0,0,2.72000074387,
G2_D075_DENS_REF_V_HIGH_S030,G2_D075_DENS_REF_V_HIGH,30,2.73011898994,7.26717440914,5.68856652389,0,0,2.73011898994,
G2_D075_DENS_REF_V_HIGH_S030,G2_D075_DENS_REF_V_HIGH,30,2.74011540413,7.46320135262,6.43990190691,0,0,2.74011540413,
G2_D075_DENS_REF_V_HIGH_S030,G2_D075_DENS_REF_V_HIGH,30,2.75011205673,6.99637172085,5.83279840802,0,0,2.75011205673,
G2_D075_DENS_REF_V_HIGH_S030,G2_D075_DENS_REF_V_HIGH,30,2.76010847092,6.84742093062,6.75605465911,0,0,2.76010847092,
G2_D075_DENS_REF_V_HIGH_S030,G2_D075_DENS_REF_V_HIGH,30,2.7701048851,7.15775593839,5.42545326196,0,0,2.7701048851,
G2_D075_DENS_REF_V_HIGH_S030,G2_D075_DENS_REF_V_HIGH,30,2.7801015377,8.03955832156,7.69812947177,0,0,2.7801015377,
G2_D075_DENS_REF_V_HIGH_S030,G2_D075_DENS_REF_V_HIGH,30,2.79009795189,6.8337849993,7.13143838111,0,0,2.79009795189,
G2_D075_DENS_REF_V_HIGH_S030,G2_D075_DENS_REF_V_HIGH,30,2.80009436607,7.04100584044,7.89003164368,0,0,2.80009436607,
G2_D075_DENS_REF_V_HIGH_S030,G2_D075_DENS_REF_V_HIGH,30,2.81009078026,7.09831598811,6.86009117486,0,0,2.81009078026,
G2_D075_DENS_REF_V_HIGH_S030,G2_D075_DENS_REF_V_HIGH,30,2.82008743286,7.98286434667,10.2762955275,0,0,2.82008743286,
G2_D075_DENS_REF_V_HIGH_S030,G2_D075_DENS_REF_V_HIGH,30,2.83008384705,7.94620731598,7.62435748703,0,0,2.83008384705,
G2_D075_DENS_REF_V_HIGH_S030,G2_D075_DENS_REF_V_HIGH,30,2.84008026123,7.62985039358,6.65899442112,0,0,2.84008026123,
G2_D075_DENS_REF_V_HIGH_S030,G2_D075_DENS_REF_V_HIGH,30,2.85007667542,7.61439081186,5.94637615193,0,0,2.85007667542,
G2_D075_DENS_REF_V_HIGH_S030,G2_D075_DENS_REF_V_HIGH,30,2.86007332802,8.37057020902,8.23834547463,0,0,2.86007332802,
G2_D075_DENS_REF_V_HIGH_S030,G2_D075_DENS_REF_V_HIGH,30,2.8700697422,7.34698508689,7.54038396897,0,0,2.8700697422,
G2_D075_DENS_REF_V_HIGH_S030,G2_D075_DENS_REF_V_HIGH,30,2.88006615639,8.02400589946,6.53888683334,0,0,2.88006615639,
G2_D075_DENS_REF_V_HIGH_S030,G2_D075_DENS_REF_V_HIGH,30,2.89006257057,7.72842864432,6.20251653244,0,0,2.89006257057,
G2_D075_DENS_REF_V_HIGH_S030,G2_D075_DENS_REF_V_HIGH,30,2.90005922318,8.44604115146,8.29270683521,0,0,2.90005922318,
G2_D075_DENS_REF_V_HIGH_S030,G2_D075_DENS_REF_V_HIGH,30,2.91003465652,8.67242358461,8.34949100115,0,0,2.91003465652,
G2_D075_DENS_REF_V_HIGH_S030,G2_D075_DENS_REF_V_HIGH,30,2.92003130913,7.45345477022,6.89075710764,0,0,2.92003130913,
G2_D075_DENS_REF_V_HIGH_S030,G2_D075_DENS_REF_V_HIGH,30,2.93002772331,7.7809022501,7.32702234694,0,0,2.93002772331,
G2_D075_DENS_REF_V_HIGH_S030,G2_D075_DENS_REF_V_HIGH,30,2.9400241375,8.69792650637,7.46764742662,0,0,2.9400241375,
G2_D075_DENS_REF_V_HIGH_S030,G2_D075_DENS_REF_V_HIGH,30,2.95002055168,8.08413828426,7.93370148035,0,0,2.95002055168,
G2_D075_DENS_REF_V_HIGH_S030,G2_D075_DENS_REF_V_HIGH,30,2.96001720428,8.27881572646,7.33909911902,0,0,2.96001720428,
G2_D075_DENS_REF_V_HIGH_S030,G2_D075_DENS_REF_V_HIGH,30,2.97001361847,8.08393768272,6.75876838398,0,0,2.97001361847,
G2_D075_DENS_REF_V_HIGH_S030,G2_D075_DENS_REF_V_HIGH,30,2.98001003265,8.58201086664,6.58131464776,0,0,2.98001003265,
G2_D075_DENS_REF_V_HIGH_S030,G2_D075_DENS_REF_V_HIGH,30,2.99000644684,8.38842595681,6.87671215366,0,0,2.99000644684,
G2_D075_DENS_REF_V_HIGH_S030,G2_D075_DENS_REF_V_HIGH,30,3.00000309944,8.10968762622,6.76559564153,0,0,3.00000309944,
G2_D075_DENS_REF_V_HIGH_S030,G2_D075_DENS_REF_V_HIGH,30,3.01012134552,7.7918430472,6.65980088612,0,0,3.01012134552,
G2_D075_DENS_REF_V_HIGH_S030,G2_D075_DENS_REF_V_HIGH,30,3.0201177597,8.54868669519,8.3041306538,0,0,3.0201177597,
G2_D075_DENS_REF_V_HIGH_S030,G2_D075_DENS_REF_V_HIGH,30,3.03011441231,7.7595075153,7.56136149471,0,0,3.03011441231,
G2_D075_DENS_REF_V_HIGH_S030,G2_D075_DENS_REF_V_HIGH,30,3.04011082649,8.47854965383,7.71250744331,0,0,3.04011082649,
G2_D075_DENS_REF_V_HIGH_S030,G2_D075_DENS_REF_V_HIGH,30,3.05010724068,9.08808821791,9.72326823423,0,0,3.05010724068,
G2_D075_DENS_REF_V_HIGH_S030,G2_D075_DENS_REF_V_HIGH,30,3.06010365486,8.43894825668,6.865071102,0,0,3.06010365486,
G2_D075_DENS_REF_V_HIGH_S030,G2_D075_DENS_REF_V_HIGH,30,3.07010030746,9.09358403704,7.51842869487,0,0,3.07010030746,
G2_D075_DENS_REF_V_HIGH_S030,G2_D075_DENS_REF_V_HIGH,30,3.08009672165,8.74695728127,7.62491882506,0,0,3.08009672165,
G2_D075_DENS_REF_V_HIGH_S030,G2_D075_DENS_REF_V_HIGH,30,3.09009313583,9.43989524602,6.8137478728,0,0,3.09009313583,
G2_D075_DENS_REF_V_HIGH_S030,G2_D075_DENS_REF_V_HIGH,30,3.10008955002,8.75490729173,7.53379653564,0,0,3.10008955002,
G2_D075_DENS_REF_V_HIGH_S030,G2_D075_DENS_REF_V_HIGH,30,3.11008620262,9.80669323296,8.05629425937,0,0,3.11008620262,
G2_D075_DENS_REF_V_HIGH_S030,G2_D075_DENS_REF_V_HIGH,30,3.12008261681,8.54646736793,5.6516970951,0,0,3.12008261681,
G2_D075_DENS_REF_V_HIGH_S030,G2_D075_DENS_REF_V_HIGH,30,3.13007903099,8.58365933607,7.06108079563,0,0,3.13007903099,
G2_D075_DENS_REF_V_HIGH_S030,G2_D075_DENS_REF_V_HIGH,30,3.14007544518,8.47121913188,6.83378375309,0,0,3.14007544518,
G2_D075_DENS_REF_V_HIGH_S030,G2_D075_DENS_REF_V_HIGH,30,3.15007185936,8.30665678907,6.07446196746,0,0,3.15007185936,
G2_D075_DENS_REF_V_HIGH_S030,G2_D075_DENS_REF_V_HIGH,30,3.16006851196,9.4520584415,9.35602172868,0,0,3.16006851196,
G2_D075_DENS_REF_V_HIGH_S030,G2_D075_DENS_REF_V_HIGH,30,3.17006492615,8.92235431788,7.81171251353,0,0,3.17006492615,
G2_D075_DENS_REF_V_HIGH_S030,G2_D075_DENS_REF_V_HIGH,30,3.18006134033,9.4874980474,7.37242933881,0,0,3.18006134033,
G2_D075_DENS_REF_V_HIGH_S030,G2_D075_DENS_REF_V_HIGH,30,3.19005775452,9.09072311641,7.36722455936,0,0,3.19005775452,
G2_D075_DENS_REF_V_HIGH_S030,G2_D075_DENS_REF_V_HIGH,30,3.2000541687,9.04319712939,7.22331326647,0,0,3.2000541687,
G2_D075_DENS_REF_V_HIGH_S030,G2_D075_DENS_REF_V_HIGH,30,3.2100508213,8.67659753351,6.41769374496,0,0,3.2100508213,
G2_D075_DENS_REF_V_HIGH_S030,G2_D075_DENS_REF_V_HIGH,30,3.22004723549,8.99072518147,6.85538786506,0,0,3.22004723549,
G2_D075_DENS_REF_V_HIGH_S030,G2_D075_DENS_REF_V_HIGH,30,3.23004364967,9.54926121775,6.71741018593,0,0,3.23004364967,
G2_D075_DENS_REF_V_HIGH_S030,G2_D075_DENS_REF_V_HIGH,30,3.2400033474,9.71605449287,5.91411496529,0,0,3.2400033474,
G2_D075_DENS_REF_V_HIGH_S030,G2_D075_DENS_REF_V_HIGH,30,3.25012183189,9.23245777731,7.57134939643,0,0,3.25012183189,
G2_D075_DENS_REF_V_HIGH_S030,G2_D075_DENS_REF_V_HIGH,30,3.26011824608,9.63546461904,7.01103827179,0,0,3.26011824608,
G2_D075_DENS_REF_V_HIGH_S030,G2_D075_DENS_REF_V_HIGH,30,3.27011466026,9.9134740421,6.18083968133,0,0,3.27011466026,
G2_D075_DENS_REF_V_HIGH_S030,G2_D075_DENS_REF_V_HIGH,30,3.28011131287,9.67806619739,8.70558238684,0,0,3.28011131287,
G2_D075_DENS_REF_V_HIGH_S030,G2_D075_DENS_REF_V_HIGH,30,3.29010772705,9.34641934802,7.7303674144,0,0,3.29010772705,
G2_D075_DENS_REF_V_HIGH_S030,G2_D075_DENS_REF_V_HIGH,30,3.30010414124,9.9358817318,6.30779287909,0,0,3.30010414124,
G2_D075_DENS_REF_V_HIGH_S030,G2_D075_DENS_REF_V_HIGH,30,3.31010055542,9.82981269893,8.28043336472,0,0,3.31010055542,
G2_D075_DENS_REF_V_HIGH_S030,G2_D075_DENS_REF_V_HIGH,30,3.3200969696,9.80544099302,7.59714582601,0,0,3.3200969696,
G2_D075_DENS_REF_V_HIGH_S030,G2_D075_DENS_REF_V_HIGH,30,3.33009362221,9.5618720365,9.10126145885,0,0,3.33009362221,
G2_D075_DENS_REF_V_HIGH_S030,G2_D075_DENS_REF_V_HIGH,30,3.34009003639,10.3584270533,6.95220485618,0,0,3.34009003639,
G2_D075_DENS_REF_V_HIGH_S030,G2_D075_DENS_REF_V_HIGH,30,3.35008645058,9.85538359312,7.82307579919,0,0,3.35008645058,
G2_D075_DENS_REF_V_HIGH_S030,G2_D075_DENS_REF_V_HIGH,30,3.36008286476,10.0251444448,7.19136472037,0,0,3.36008286476,
G2_D075_DENS_REF_V_HIGH_S030,G2_D075_DENS_REF_V_HIGH,30,3.37007927895,9.89725460606,7.36511744219,0,0,3.37007927895,
G2_D075_DENS_REF_V_HIGH_S030,G2_D075_DENS_REF_V_HIGH,30,3.38007569313,10.2520308686,6.74111683752,0,0,3.38007569313,
G2_D075_DENS_REF_V_HIGH_S030,G2_D075_DENS_REF_V_HIGH,30,3.39011383057,11.1909643501,6.65605104076,0,0,3.39011383057,
G2_D075_DENS_REF_V_HIGH_S030,G2_D075_DENS_REF_V_HIGH,30,3.40011024475,9.58057937377,6.48264656014,0,0,3.40011024475,
G2_D075_DENS_REF_V_HIGH_S030,G2_D075_DENS_REF_V_HIGH,30,3.41010665894,11.3157683513,10.4129226385,0,0,3.41010665894,
G2_D075_DENS_REF_V_HIGH_S030,G2_D075_DENS_REF_V_HIGH,30,3.42010307312,10.0438042566,8.035899028,0,0,3.42010307312,
G2_D075_DENS_REF_V_HIGH_S030,G2_D075_DENS_REF_V_HIGH,30,3.4300994873,10.3841438395,11.147604588,0,0,3.4300994873,
G2_D075_DENS_REF_V_HIGH_S030,G2_D075_DENS_REF_V_HIGH,30,3.44009613991,10.3338221412,7.65604569465,0,0,3.44009613991,
G2_D075_DENS_REF_V_HIGH_S030,G2_D075_DENS_REF_V_HIGH,30,3.45009255409,10.3620710383,6.92859641175,0,0,3.45009255409,
G2_D075_DENS_REF_V_HIGH_S030,G2_D075_DENS_REF_V_HIGH,30,3.46008896828,10.3650032471,6.56896928901,0,0,3.46008896828,
G2_D075_DENS_REF_V_HIGH_S030,G2_D075_DENS_REF_V_HIGH,30,3.47008538246,9.28187649238,4.73432563126,0,0,3.47008538246,
G2_D075_DENS_REF_V_HIGH_S030,G2_D075_DENS_REF_V_HIGH,30,3.48008179665,10.4172867512,6.14706252098,0,0,3.48008179665,
G2_D075_DENS_REF_V_HIGH_S030,G2_D075_DENS_REF_V_HIGH,30,3.49007821083,10.8593749734,8.64933540983,0,0,3.49007821083,
G2_D075_DENS_REF_V_HIGH_S030,G2_D075_DENS_REF_V_HIGH,30,3.50000286102,10.4642264069,5.06821004589,0,0,3.50000286102,
G2_D075_DENS_REF_V_HIGH_S030,G2_D075_DENS_REF_V_HIGH,30,3.51009011269,9.76521900213,4.66179668137,0,0,3.51009011269,
G2_D075_DENS_REF_V_HIGH_S030,G2_D075_DENS_REF_V_HIGH,30,3.52001881599,9.95445312422,7.14178883856,0,0,3.52001881599,
G2_D075_DENS_REF_V_HIGH_S030,G2_D075_DENS_REF_V_HIGH,30,3.53001523018,10.1410136643,9.53316481034,0,0,3.53001523018,
G2_D075_DENS_REF_V_HIGH_S030,G2_D075_DENS_REF_V_HIGH,30,3.54001164436,11.6065300642,9.40968081779,0,0,3.54001164436,
G2_D075_DENS_REF_V_HIGH_S030,G2_D075_DENS_REF_V_HIGH,30,3.55000805855,10.3992281913,7.28059497968,0,0,3.55000805855,
G2_D075_DENS_REF_V_HIGH_S030,G2_D075_DENS_REF_V_HIGH,30,3.56000471115,11.0524918129,7.69368680549,0,0,3.56000471115,
G2_D075_DENS_REF_V_HIGH_S030,G2_D075_DENS_REF_V_HIGH,30,3.57000112534,10.7002310827,8.28565847396,0,0,3.57000112534,
G2_D075_DENS_REF_V_HIGH_S030,G2_D075_DENS_REF_V_HIGH,30,3.58011937141,10.9716013131,7.17096692105,0,0,3.58011937141,
G2_D075_DENS_REF_V_HIGH_S030,G2_D075_DENS_REF_V_HIGH,30,3.5901157856,10.7103197377,7.56373750941,0,0,3.5901157856,
G2_D075_DENS_REF_V_HIGH_S030,G2_D075_DENS_REF_V_HIGH,30,3.60011219978,10.6650921028,6.63830164671,0,0,3.60011219978,
G2_D075_DENS_REF_V_HIGH_S030,G2_D075_DENS_REF_V_HIGH,30,3.61010885239,10.7435698579,7.15100328427,0,0,3.61010885239,
G2_D075_DENS_REF_V_HIGH_S030,G2_D075_DENS_REF_V_HIGH,30,3.62010526657,11.259266136,8.36481407484,0,0,3.62010526657,
G2_D075_DENS_REF_V_HIGH_S030,G2_D075_DENS_REF_V_HIGH,30,3.63010168076,10.9813119751,8.68522334797,0,0,3.63010168076,
G2_D075_DENS_REF_V_HIGH_S030,G2_D075_DENS_REF_V_HIGH,30,3.64009809494,10.802025037,8.58168164493,0,0,3.64009809494,
G2_D075_DENS_REF_V_HIGH_S030,G2_D075_DENS_REF_V_HIGH,30,3.65009450912,10.9624974293,6.99753204371,0,0,3.65009450912,
G2_D075_DENS_REF_V_HIGH_S030,G2_D075_DENS_REF_V_HIGH,30,3.66009092331,10.6172439375,7.40303670551,0,0,3.66009092331,
G2_D075_DENS_REF_V_HIGH_S030,G2_D075_DENS_REF_V_HIGH,30,3.67008733749,10.8505639789,7.19936182736,0,0,3.67008733749,
G2_D075_DENS_REF_V_HIGH_S030,G2_D075_DENS_REF_V_HIGH,30,3.6800839901,11.2320716404,7.26360511823,0,0,3.6800839901,
G2_D075_DENS_REF_V_HIGH_S030,G2_D075_DENS_REF_V_HIGH,30,3.69008040428,10.980086261,7.42891298038,0,0,3.69008040428,
G2_D075_DENS_REF_V_HIGH_S030,G2_D075_DENS_REF_V_HIGH,30,3.70007681847,11.8382751347,8.4115790594,0,0,3.70007681847,
G2_D075_DENS_REF_V_HIGH_S030,G2_D075_DENS_REF_V_HIGH,30,3.71007323265,12.3281474181,7.86338401146,0,0,3.71007323265,
G2_D075_DENS_REF_V_HIGH_S030,G2_D075_DENS_REF_V_HIGH,30,3.72006225586,11.081769691,6.42704267448,0,0,3.72006225586,
G2_D075_DENS_REF_V_HIGH_S030,G2_D075_DENS_REF_V_HIGH,30,3.73005867004,12.3977987053,5.72634703984,0,0,3.73005867004,
G2_D075_DENS_REF_V_HIGH_S030,G2_D075_DENS_REF_V_HIGH,30,3.74005508423,11.2733071388,6.48484370769,0,0,3.74005508423,
G2_D075_DENS_REF_V_HIGH_S030,G2_D075_DENS_REF_V_HIGH,30,3.75005173683,12.6294288306,8.86832057787,0,0,3.75005173683,
G2_D075_DENS_REF_V_HIGH_S030,G2_D075_DENS_REF_V_HIGH,30,3.76001191139,11.2526711531,7.8586320921,0,0,3.76001191139,
G2_D075_DENS_REF_V_HIGH_S030,G2_D075_DENS_REF_V_HIGH,30,3.770008564,11.8930763816,7.8125099904,0,0,3.770008564,
G2_D075_DENS_REF_V_HIGH_S030,G2_D075_DENS_REF_V_HIGH,30,3.78000497818,11.0451275811,7.36386654871,0,0,3.78000497818,
G2_D075_DENS_REF_V_HIGH_S030,G2_D075_DENS_REF_V_HIGH,30,3.79000139236,11.6537902403,7.79906785494,0,0,3.79000139236,
G2_D075_DENS_REF_V_HIGH_S030,G2_D075_DENS_REF_V_HIGH,30,3.80011963844,12.0538527156,8.24932807679,0,0,3.80011963844,
G2_D075_DENS_REF_V_HIGH_S030,G2_D075_DENS_REF_V_HIGH,30,3.81011605263,12.6663947766,8.28672188999,0,0,3.81011605263,
G2_D075_DENS_REF_V_HIGH_S030,G2_D075_DENS_REF_V_HIGH,30,3.82011270523,12.1410254147,7.56894840529,0,0,3.82011270523,
G2_D075_DENS_REF_V_HIGH_S030,G2_D075_DENS_REF_V_HIGH,30,3.83010911942,11.1875016249,6.85474292297,0,0,3.83010911942,
G2_D075_DENS_REF_V_HIGH_S030,G2_D075_DENS_REF_V_HIGH,30,3.84009766579,11.54568314,7.91849141019,0,0,3.84009766579,
G2_D075_DENS_REF_V_HIGH_S030,G2_D075_DENS_REF_V_HIGH,30,3.85009407997,11.8669517608,6.81878894237,0,0,3.85009407997,
G2_D075_DENS_REF_V_HIGH_S030,G2_D075_DENS_REF_V_HIGH,30,3.86005711555,13.1724853908,11.2460221578,0,0,3.86005711555,
G2_D075_DENS_REF_V_HIGH_S030,G2_D075_DENS_REF_V_HIGH,30,3.87004518509,12.1274917184,6.52026193109,0,0,3.87004518509,
G2_D075_DENS_REF_V_HIGH_S030,G2_D075_DENS_REF_V_HIGH,30,3.88004159927,11.3646941282,7.51760688129,0,0,3.88004159927,
G2_D075_DENS_REF_V_HIGH_S030,G2_D075_DENS_REF_V_HIGH,30,3.89003825188,11.4166736905,6.77693770722,0,0,3.89003825188,
G2_D075_DENS_REF_V_HIGH_S030,G2_D075_DENS_REF_V_HIGH,30,3.90003466606,12.24986087,7.86080498791,0,0,3.90003466606,
G2_D075_DENS_REF_V_HIGH_S030,G2_D075_DENS_REF_V_HIGH,30,3.91003108025,12.7183444974,7.92219685572,0,0,3.91003108025,
G2_D075_DENS_REF_V_HIGH_S030,G2_D075_DENS_REF_V_HIGH,30,3.92002749443,11.6085283429,7.65129956659,0,0,3.92002749443,
G2_D075_DENS_REF_V_HIGH_S030,G2_D075_DENS_REF_V_HIGH,30,3.93002390862,12.6801307324,8.43133350473,0,0,3.93002390862,
G2_D075_DENS_REF_V_HIGH_S030,G2_D075_DENS_REF_V_HIGH,30,3.9400203228,12.3570848814,6.86586027396,0,0,3.9400203228,
G2_D075_DENS_REF_V_HIGH_S030,G2_D075_DENS_REF_V_HIGH,30,3.95000457764,12.2525875036,6.38232425233,0,0,3.95000457764,
G2_D075_DENS_REF_V_HIGH_S030,G2_D075_DENS_REF_V_HIGH,30,3.96000099182,12.5871433517,7.40509535091,0,0,3.96000099182,
G2_D075_DENS_REF_V_HIGH_S030,G2_D075_DENS_REF_V_HIGH,30,3.9701192379,12.191205642,6.74368718817,0,0,3.9701192379,
G2_D075_DENS_REF_V_HIGH_S030,G2_D075_DENS_REF_V_HIGH,30,3.98011565208,12.5551996283,7.52736455733,0,0,3.98011565208,
G2_D075_DENS_REF_V_HIGH_S030,G2_D075_DENS_REF_V_HIGH,30,3.99011206627,12.3351889191,8.72489962598,0,0,3.99011206627,
G2_D075_DENS_REF_V_HIGH_S030,G2_D075_DENS_REF_V_HIGH,30,4.0000834465,12.1326178338,8.90672652707,0,0,4.0000834465,
G2_D075_DENS_REF_V_HIGH_S030,G2_D075_DENS_REF_V_HIGH,30,4.01007986069,11.282991275,6.36138980028,0,0,4.01007986069,
G2_D075_DENS_REF_V_HIGH_S030,G2_D075_DENS_REF_V_HIGH,30,4.02007627487,11.8187797594,7.26601829078,0,0,4.02007627487,
G2_D075_DENS_REF_V_HIGH_S030,G2_D075_DENS_REF_V_HIGH,30,4.03007268906,12.0649305628,7.33979255087,0,0,4.03007268906,
G2_D075_DENS_REF_V_HIGH_S030,G2_D075_DENS_REF_V_HIGH,30,4.04006910324,11.980004822,6.6808448552,0,0,4.04006910324,
G2_D075_DENS_REF_V_HIGH_S030,G2_D075_DENS_REF_V_HIGH,30,4.05006599426,12.3942984018,7.70159696081,0,0,4.05006599426,
G2_D075_DENS_REF_V_HIGH_S030,G2_D075_DENS_REF_V_HIGH,30,4.06006240845,12.0626195004,7.72446258258,0,0,4.06006240845,
G2_D075_DENS_REF_V_HIGH_S030,G2_D075_DENS_REF_V_HIGH,30,4.07002687454,12.431278716,6.11459289284,0,0,4.07002687454,
G2_D075_DENS_REF_V_HIGH_S030,G2_D075_DENS_REF_V_HIGH,30,4.08002328873,12.4998291815,7.74982231651,0,0,4.08002328873,
G2_D075_DENS_REF_V_HIGH_S030,G2_D075_DENS_REF_V_HIGH,30,4.09009838104,12.5867333067,6.1624501957,0,0,4.09009838104,
G2_D075_DENS_REF_V_HIGH_S030,G2_D075_DENS_REF_V_HIGH,30,4.10009527206,11.8458946776,7.17737893329,0,0,4.10009527206,
G2_D075_DENS_REF_V_HIGH_S030,G2_D075_DENS_REF_V_HIGH,30,4.11009168625,12.9414874643,6.28563591008,0,0,4.11009168625,
G2_D075_DENS_REF_V_HIGH_S030,G2_D075_DENS_REF_V_HIGH,30,4.12003087997,10.9864635111,5.03824496694,0,0,4.12003087997,
G2_D075_DENS_REF_V_HIGH_S030,G2_D075_DENS_REF_V_HIGH,30,4.13002729416,12.8724429553,8.89837970649,0,0,4.13002729416,
G2_D075_DENS_REF_V_HIGH_S030,G2_D075_DENS_REF_V_HIGH,30,4.14002370834,14.1508495095,9.49004849835,0,0,4.14002370834,
G2_D075_DENS_REF_V_HIGH_S030,G2_D075_DENS_REF_V_HIGH,30,4.15002012253,12.5801770072,8.36862792263,0,0,4.15002012253,
G2_D075_DENS_REF_V_HIGH_S030,G2_D075_DENS_REF_V_HIGH,30,4.16001653671,11.870906319,7.12178464026,0,0,4.16001653671,
G2_D075_DENS_REF_V_HIGH_S030,G2_D075_DENS_REF_V_HIGH,30,4.1700129509,12.9035588519,8.24209620087,0,0,4.1700129509,
G2_D075_DENS_REF_V_HIGH_S030,G2_D075_DENS_REF_V_HIGH,30,4.18000984192,12.8720494889,8.02329265706,0,0,4.18000984192,
G2_D075_DENS_REF_V_HIGH_S030,G2_D075_DENS_REF_V_HIGH,30,4.1900062561,13.076951531,7.27458996112,0,0,4.1900062561,
G2_D075_DENS_REF_V_HIGH_S030,G2_D075_DENS_REF_V_HIGH,30,4.20004463196,14.4452242606,10.8430284074,0,0,4.20004463196,
G2_D075_DENS_REF_V_HIGH_S030,G2_D075_DENS_REF_V_HIGH,30,4.21010875702,12.7902891631,7.20547612921,0,0,4.21010875702,
G2_D075_DENS_REF_V_HIGH_S030,G2_D075_DENS_REF_V_HIGH,30,4.2201051712,13.3781809971,8.38206972483,0,0,4.2201051712,
G2_D075_DENS_REF_V_HIGH_S030,G2_D075_DENS_REF_V_HIGH,30,4.23008441925,12.9116381758,6.73630518546,0,0,4.23008441925,
G2_D075_DENS_REF_V_HIGH_S030,G2_D075_DENS_REF_V_HIGH,30,4.24008369446,13.1425167361,5.96372433765,0,0,4.24008369446,
G2_D075_DENS_REF_V_HIGH_S030,G2_D075_DENS_REF_V_HIGH,30,4.25008010864,13.1431423034,8.73179057602,0,0,4.25008010864,
G2_D075_DENS_REF_V_HIGH_S030,G2_D075_DENS_REF_V_HIGH,30,4.26007652283,13.3732416677,7.79765747457,0,0,4.26007652283,
G2_D075_DENS_REF_V_HIGH_S030,G2_D075_DENS_REF_V_HIGH,30,4.27007293701,13.4283833292,7.97139720467,0,0,4.27007293701,
G2_D075_DENS_REF_V_HIGH_S030,G2_D075_DENS_REF_V_HIGH,30,4.2800693512,13.4646684458,8.87840868514,0,0,4.2800693512,
G2_D075_DENS_REF_V_HIGH_S030,G2_D075_DENS_REF_V_HIGH,30,4.29006576538,13.9195111683,7.4535266974,0,0,4.29006576538,
G2_D075_DENS_REF_V_HIGH_S030,G2_D075_DENS_REF_V_HIGH,30,4.30006217957,12.8389021563,8.35587287718,0,0,4.30006217957,
G2_D075_DENS_REF_V_HIGH_S030,G2_D075_DENS_REF_V_HIGH,30,4.31005620956,13.7177303315,7.49514733356,0,0,4.31005620956,
G2_D075_DENS_REF_V_HIGH_S030,G2_D075_DENS_REF_V_HIGH,30,4.32005262375,13.3086446551,8.03302160961,0,0,4.32005262375,
G2_D075_DENS_REF_V_HIGH_S030,G2_D075_DENS_REF_V_HIGH,30,4.33004951477,13.7086176058,9.10605648408,0,0,4.33004951477,
G2_D075_DENS_REF_V_HIGH_S030,G2_D075_DENS_REF_V_HIGH,30,4.34004592896,13.4650829118,7.42966531878,0,0,4.34004592896,
G2_D075_DENS_REF_V_HIGH_S030,G2_D075_DENS_REF_V_HIGH,30,4.3501086235,12.9120703257,6.6533991401,0,0,4.3501086235,
G2_D075_DENS_REF_V_HIGH_S030,G2_D075_DENS_REF_V_HIGH,30,4.36007404327,12.6417832331,6.03332952375,0,0,4.36007404327,
G2_D075_DENS_REF_V_HIGH_S030,G2_D075_DENS_REF_V_HIGH,30,4.37008666992,12.7594241566,8.41349066489,0,0,4.37008666992,
G2_D075_DENS_REF_V_HIGH_S030,G2_D075_DENS_REF_V_HIGH,30,4.38008308411,13.1742935678,7.37734594595,0,0,4.38008308411,
G2_D075_DENS_REF_V_HIGH_S030,G2_D075_DENS_REF_V_HIGH,30,4.39011907578,15.5791557047,9.94848073643,0,0,4.39011907578,
G2_D075_DENS_REF_V_HIGH_S030,G2_D075_DENS_REF_V_HIGH,30,4.40011548996,13.971132632,7.61503072247,0,0,4.40011548996,
G2_D075_DENS_REF_V_HIGH_S030,G2_D075_DENS_REF_V_HIGH,30,4.41011238098,13.3739202866,7.38767695701,0,0,4.41011238098,
G2_D075_DENS_REF_V_HIGH_S030,G2_D075_DENS_REF_V_HIGH,30,4.42010879517,13.605505097,7.77967359116,0,0,4.42010879517,
G2_D075_DENS_REF_V_HIGH_S030,G2_D075_DENS_REF_V_HIGH,30,4.43005037308,12.4100569517,6.53473091066,0,0,4.43005037308,
G2_D075_DENS_REF_V_HIGH_S030,G2_D075_DENS_REF_V_HIGH,30,4.44004678726,12.4871188909,6.78429684136,0,0,4.44004678726,
G2_D075_DENS_REF_V_HIGH_S030,G2_D075_DENS_REF_V_HIGH,30,4.45001506805,14.7434165199,9.50052027499,0,0,4.45001506805,
G2_D075_DENS_REF_V_HIGH_S030,G2_D075_DENS_REF_V_HIGH,30,4.46001148224,13.657228243,7.99322785975,0,0,4.46001148224,
G2_D075_DENS_REF_V_HIGH_S030,G2_D075_DENS_REF_V_HIGH,30,4.47000789642,13.0016612957,6.49479733271,0,0,4.47000789642,
G2_D075_DENS_REF_V_HIGH_S030,G2_D075_DENS_REF_V_HIGH,30,4.48006105423,13.9629847831,5.83043816545,0,0,4.48006105423,
G2_D075_DENS_REF_V_HIGH_S030,G2_D075_DENS_REF_V_HIGH,30,4.49005746841,13.4746653656,6.60009110165,0,0,4.49005746841,
G2_D075_DENS_REF_V_HIGH_S030,G2_D075_DENS_REF_V_HIGH,30,4.5000538826,13.4375115284,7.68741823876,0,0,4.5000538826,
G2_D075_DENS_REF_V_HIGH_S030,G2_D075_DENS_REF_V_HIGH,30,4.51004219055,13.5544915168,7.36915990589,0,0,4.51004219055,
G2_D075_DENS_REF_V_HIGH_S030,G2_D075_DENS_REF_V_HIGH,30,4.52003860474,13.4576512601,7.84788990647,0,0,4.52003860474,
G2_D075_DENS_REF_V_HIGH_S030,G2_D075_DENS_REF_V_HIGH,30,4.53003501892,13.7213002653,14.2855498064,0,0,4.53003501892,
G2_D075_DENS_REF_V_HIGH_S030,G2_D075_DENS_REF_V_HIGH,30,4.54003143311,14.5666550612,8.21498984436,0,0,4.54003143311,
G2_D075_DENS_REF_V_HIGH_S030,G2_D075_DENS_REF_V_HIGH,30,4.55002355576,14.068853767,6.65542979091,0,0,4.55002355576,
G2_D075_DENS_REF_V_HIGH_S030,G2_D075_DENS_REF_V_HIGH,30,4.56002426147,11.715167681,7.9085199043,0,0,4.56002426147,
G2_D075_DENS_REF_V_HIGH_S030,G2_D075_DENS_REF_V_HIGH,30,4.5700674057,13.9412601333,8.22941644321,0,0,4.5700674057,
G2_D075_DENS_REF_V_HIGH_S030,G2_D075_DENS_REF_V_HIGH,30,4.58006381989,14.667549348,8.99394518863,0,0,4.58006381989,
G2_D075_DENS_REF_V_HIGH_S030,G2_D075_DENS_REF_V_HIGH,30,4.59006023407,14.0335401588,9.27261958678,0,0,4.59006023407,
G2_D075_DENS_REF_V_HIGH_S030,G2_D075_DENS_REF_V_HIGH,30,4.600045681,13.9858743586,8.889676616,0,0,4.600045681,
G2_D075_DENS_REF_V_HIGH_S030,G2_D075_DENS_REF_V_HIGH,30,4.61004209518,13.7590807751,6.63635915035,0,0,4.61004209518,
G2_D075_DENS_REF_V_HIGH_S030,G2_D075_DENS_REF_V_HIGH,30,4.62003850937,13.9613346558,9.34897654931,0,0,4.62003850937,
G2_D075_DENS_REF_V_HIGH_S030,G2_D075_DENS_REF_V_HIGH,30,4.63003492355,14.56876718,10.2597890636,0,0,4.63003492355,
G2_D075_DENS_REF_V_HIGH_S030,G2_D075_DENS_REF_V_HIGH,30,4.64001750946,14.0994126213,7.65375444233,0,0,4.64001750946,
G2_D075_DENS_REF_V_HIGH_S030,G2_D075_DENS_REF_V_HIGH,30,4.65001392365,15.2834601886,13.5350415791,0,0,4.65001392365,
G2_D075_DENS_REF_V_HIGH_S030,G2_D075_DENS_REF_V_HIGH,30,4.66010761261,16.363369582,9.73714957062,0,0,4.66010761261,
G2_D075_DENS_REF_V_HIGH_S030,G2_D075_DENS_REF_V_HIGH,30,4.67007732391,14.5867516885,7.79182411475,0,0,4.67007732391,
G2_D075_DENS_REF_V_HIGH_S030,G2_D075_DENS_REF_V_HIGH,30,4.6800737381,15.6658586757,11.1152142706,0,0,4.6800737381,
G2_D075_DENS_REF_V_HIGH_S030,G2_D075_DENS_REF_V_HIGH,30,4.69007015228,14.8703856915,7.39192488291,0,0,4.69007015228,
G2_D075_DENS_REF_V_HIGH_S030,G2_D075_DENS_REF_V_HIGH,30,4.70006656647,14.0929657409,7.31063366912,0,0,4.70006656647,
G2_D075_DENS_REF_V_HIGH_S030,G2_D075_DENS_REF_V_HIGH,30,4.71010112762,14.6041835758,6.08933571718,0,0,4.71010112762,
G2_D075_DENS_REF_V_HIGH_S030,G2_D075_DENS_REF_V_HIGH,30,4.72010612488,13.3322758484,7.12476866068,0,0,4.72010612488,
G2_D075_DENS_REF_V_HIGH_S030,G2_D075_DENS_REF_V_HIGH,30,4.73009538651,13.9910546309,6.70471075332,0,0,4.73009538651,
G2_D075_DENS_REF_V_HIGH_S030,G2_D075_DENS_REF_V_HIGH,30,4.74009180069,14.6505496106,7.86996610855,0,0,4.74009180069,
G2_D075_DENS_REF_V_HIGH_S030,G2_D075_DENS_REF_V_HIGH,30,4.75008821487,13.9776988786,8.31565453081,0,0,4.75008821487,
G2_D075_DENS_REF_V_HIGH_S030,G2_D075_DENS_REF_V_HIGH,30,4.76008462906,14.1292619099,7.63116576515,0,0,4.76008462906,
G2_D075_DENS_REF_V_HIGH_S030,G2_D075_DENS_REF_V_HIGH,30,4.77008104324,14.2363190297,7.58119530077,0,0,4.77008104324,
G2_D075_DENS_REF_V_HIGH_S030,G2_D075_DENS_REF_V_HIGH,30,4.78006267548,17.9955057339,12.3155238473,0,0,4.78006267548,
G2_D075_DENS_REF_V_HIGH_S030,G2_D075_DENS_REF_V_HIGH,30,4.79009580612,15.4530298333,8.4726276751,0,0,4.79009580612,
G2_D075_DENS_REF_V_HIGH_S030,G2_D075_DENS_REF_V_HIGH,30,4.80007648468,13.4457455862,5.96133189474,0,0,4.80007648468,
G2_D075_DENS_REF_V_HIGH_S030,G2_D075_DENS_REF_V_HIGH,30,4.81008481979,14.1279632497,7.59719377454,0,0,4.81008481979,
G2_D075_DENS_REF_V_HIGH_S030,G2_D075_DENS_REF_V_HIGH,30,4.82008123398,14.9679841446,7.72258409394,0,0,4.82008123398,
G2_D075_DENS_REF_V_HIGH_S030,G2_D075_DENS_REF_V_HIGH,30,4.83007764816,14.6565532888,7.63602173641,0,0,4.83007764816,
G2_D075_DENS_REF_V_HIGH_S030,G2_D075_DENS_REF_V_HIGH,30,4.84011125565,13.6951789602,6.89430664044,0,0,4.84011125565,
G2_D075_DENS_REF_V_HIGH_S030,G2_D075_DENS_REF_V_HIGH,30,4.85007047653,14.5218518395,10.6237067309,0,0,4.85007047653,
G2_D075_DENS_REF_V_HIGH_S030,G2_D075_DENS_REF_V_HIGH,30,4.86006593704,14.249442681,7.01680388055,0,0,4.86006593704,
G2_D075_DENS_REF_V_HIGH_S030,G2_D075_DENS_REF_V_HIGH,30,4.87004566193,15.3697475884,7.72858674815,0,0,4.87004566193,
G2_D075_DENS_REF_V_HIGH_S030,G2_D075_DENS_REF_V_HIGH,30,4.88001918793,14.4329593828,7.98108588557,0,0,4.88001918793,
G2_D075_DENS_REF_V_HIGH_S030,G2_D075_DENS_REF_V_HIGH,30,4.89008188248,17.2532081845,9.5007528027,0,0,4.89008188248,
G2_D075_DENS_REF_V_HIGH_S030,G2_D075_DENS_REF_V_HIGH,30,4.90007829666,10.8981369387,4.67994581032,0,0,4.90007829666,
G2_D075_DENS_REF_V_HIGH_S030,G2_D075_DENS_REF_V_HIGH,30,4.91007471085,15.3791664663,8.58260303379,0,0,4.91007471085,
G2_D075_DENS_REF_V_HIGH_S030,G2_D075_DENS_REF_V_HIGH,30,4.92007255554,15.249980178,6.46723531872,0,0,4.92007255554,
G2_D075_DENS_REF_V_HIGH_S030,G2_D075_DENS_REF_V_HIGH,30,4.9300494194,13.6214758534,5.68532043165,0,0,4.9300494194,
G2_D075_DENS_REF_V_HIGH_S030,G2_D075_DENS_REF_V_HIGH,30,4.94004583359,15.2827848854,11.7219298608,0,0,4.94004583359,
G2_D075_DENS_REF_V_HIGH_S030,G2_D075_DENS_REF_V_HIGH,30,4.95003604889,14.8101919657,9.06065656471,0,0,4.95003604889,
G2_D075_DENS_REF_V_HIGH_S030,G2_D075_DENS_REF_V_HIGH,30,4.96009635925,15.3856851875,6.62019667118,0,0,4.96009635925,
G2_D075_DENS_REF_V_HIGH_S030,G2_D075_DENS_REF_V_HIGH,30,4.9700012207,13.5499368118,6.1915683925,0,0,4.9700012207,
G2_D075_DENS_REF_V_HIGH_S030,G2_D075_DENS_REF_V_HIGH,30,4.98011922836,15.0455445483,7.6406834357,0,0,4.98011922836,
G2_D075_DENS_REF_V_HIGH_S030,G2_D075_DENS_REF_V_HIGH,30,4.99011564255,15.4847370347,8.60914150093,0,0,4.99011564255,
G2_D075_DENS_REF_V_HIGH_S030,G2_D075_DENS_REF_V_HIGH,30,5.00011205673,15.3921950668,9.64474954759,0,0,5.00011205673,
G2_D075_DENS_REF_V_HIGH_S030,G2_D075_DENS_REF_V_HIGH,30,5.01010847092,14.4115066228,6.95234078957,0,0,5.01010847092,
G2_D075_DENS_REF_V_HIGH_S030,G2_D075_DENS_REF_V_HIGH,30,5.0200920105,13.2055686194,10.1858492767,0,0,5.0200920105,
G2_D075_DENS_REF_V_HIGH_S030,G2_D075_DENS_REF_V_HIGH,30,5.03007698059,13.9627416297,7.02847330762,0,0,5.03007698059,
G2_D075_DENS_REF_V_HIGH_S030,G2_D075_DENS_REF_V_HIGH,30,5.04009580612,16.216622093,7.3782346788,0,0,5.04009580612,
G2_D075_DENS_REF_V_HIGH_S030,G2_D075_DENS_REF_V_HIGH,30,5.05000829697,15.6154905572,10.0296285016,0,0,5.05000829697,
G2_D075_DENS_REF_V_HIGH_S030,G2_D075_DENS_REF_V_HIGH,30,5.06003665924,15.28667755,7.40617560969,0,0,5.06003665924,
G2_D075_DENS_REF_V_HIGH_S030,G2_D075_DENS_REF_V_HIGH,30,5.07003307343,15.2607850302,7.71882896541,0,0,5.07003307343,
G2_D075_DENS_REF_V_HIGH_S030,G2_D075_DENS_REF_V_HIGH,30,5.08007621765,16.2309184068,7.79833763192,0,0,5.08007621765,
G2_D075_DENS_REF_V_HIGH_S030,G2_D075_DENS_REF_V_HIGH,30,5.09000062943,14.1755693668,6.04594692689,0,0,5.09000062943,
G2_D075_DENS_REF_V_HIGH_S030,G2_D075_DENS_REF_V_HIGH,30,5.10011672974,15.2786136996,8.29553817928,0,0,5.10011672974,
G2_D075_DENS_REF_V_HIGH_S030,G2_D075_DENS_REF_V_HIGH,30,5.11011314392,15.5063743703,7.84515284302,0,0,5.11011314392,
G2_D075_DENS_REF_V_HIGH_S030,G2_D075_DENS_REF_V_HIGH,30,5.12010955811,14.2262314799,7.04737245955,0,0,5.12010955811,
G2_D075_DENS_REF_V_HIGH_S030,G2_D075_DENS_REF_V_HIGH,30,5.13010597229,13.0896397167,8.10188861549,0,0,5.13010597229,
G2_D075_DENS_REF_V_HIGH_S030,G2_D075_DENS_REF_V_HIGH,30,5.1401014328,16.4901154945,8.83521929146,0,0,5.1401014328,
G2_D075_DENS_REF_V_HIGH_S030,G2_D075_DENS_REF_V_HIGH,30,5.15009784698,17.844595901,8.60006955747,0,0,5.15009784698,
G2_D075_DENS_REF_V_HIGH_S030,G2_D075_DENS_REF_V_HIGH,30,5.16010046005,14.8388033825,8.5736961629,0,0,5.16010046005,
G2_D075_DENS_REF_V_HIGH_S030,G2_D075_DENS_REF_V_HIGH,30,5.17011976242,12.5765927052,2.96242880632,0,0,5.17011976242,
G2_D075_DENS_REF_V_HIGH_S030,G2_D075_DENS_REF_V_HIGH,30,5.18009996414,14.6361074048,5.8036640416,0,0,5.18009996414,
G2_D075_DENS_REF_V_HIGH_S030,G2_D075_DENS_REF_V_HIGH,30,5.19009637833,15.5507697575,6.58511552699,0,0,5.19009637833,
G2_D075_DENS_REF_V_HIGH_S030,G2_D075_DENS_REF_V_HIGH,30,5.20006370544,17.1857309096,8.40424936436,0,0,5.20006370544,
G2_D075_DENS_REF_V_HIGH_S030,G2_D075_DENS_REF_V_HIGH,30,5.21006345749,15.4642369939,10.1252279214,0,0,5.21006345749,
G2_D075_DENS_REF_V_HIGH_S030,G2_D075_DENS_REF_V_HIGH,30,5.22005939484,15.6160719148,8.33233789578,0,0,5.22005939484,
G2_D075_DENS_REF_V_HIGH_S030,G2_D075_DENS_REF_V_HIGH,30,5.23001003265,15.1798492154,8.5143463235,0,0,5.23001003265,
G2_D075_DENS_REF_V_HIGH_S030,G2_D075_DENS_REF_V_HIGH,30,5.24000644684,16.9927875932,9.41338734292,0,0,5.24000644684,
G2_D075_DENS_REF_V_HIGH_S030,G2_D075_DENS_REF_V_HIGH,30,5.25000286102,17.1487605426,9.23872946501,0,0,5.25000286102,
G2_D075_DENS_REF_V_HIGH_S030,G2_D075_DENS_REF_V_HIGH,30,5.26012086868,15.6770260475,8.02079402688,0,0,5.26012086868,
G2_D075_DENS_REF_V_HIGH_S030,G2_D075_DENS_REF_V_HIGH,30,5.27010536194,15.5377422622,8.59665388337,0,0,5.27010536194,
G2_D075_DENS_REF_V_HIGH_S030,G2_D075_DENS_REF_V_HIGH,30,5.28008508682,14.2752368342,9.19091258042,0,0,5.28008508682,
G2_D075_DENS_REF_V_HIGH_S030,G2_D075_DENS_REF_V_HIGH,30,5.29011631012,17.3560974343,9.9251620622,0,0,5.29011631012,
G2_D075_DENS_REF_V_HIGH_S030,G2_D075_DENS_REF_V_HIGH,30,5.3001127243,16.1908003087,7.74249760026,0,0,5.3001127243,
G2_D075_DENS_REF_V_HIGH_S030,G2_D075_DENS_REF_V_HIGH,30,5.31010913849,15.7519250269,7.60184519819,0,0,5.31010913849,
G2_D075_DENS_REF_V_HIGH_S030,G2_D075_DENS_REF_V_HIGH,30,5.32009410858,15.3854221398,7.4138618887,0,0,5.32009410858,
G2_D075_DENS_REF_V_HIGH_S030,G2_D075_DENS_REF_V_HIGH,30,5.33010911942,16.053341279,7.34286837232,0,0,5.33010911942,
G2_D075_DENS_REF_V_HIGH_S030,G2_D075_DENS_REF_V_HIGH,30,5.3401055336,14.4624362046,7.87707585826,0,0,5.3401055336,
G2_D075_DENS_REF_V_HIGH_S030,G2_D075_DENS_REF_V_HIGH,30,5.35010194778,16.3310169188,7.58419467301,0,0,5.35010194778,
G2_D075_DENS_REF_V_HIGH_S030,G2_D075_DENS_REF_V_HIGH,30,5.36008787155,22.8199120512,15.9617114481,0,0,5.36008787155,
G2_D075_DENS_REF_V_HIGH_S030,G2_D075_DENS_REF_V_HIGH,30,5.37003231049,18.2691328698,10.2265601435,0,0,5.37003231049,
G2_D075_DENS_REF_V_HIGH_S030,G2_D075_DENS_REF_V_HIGH,30,5.3800163269,16.1445823764,8.5014220926,0,0,5.3800163269,
G2_D075_DENS_REF_V_HIGH_S030,G2_D075_DENS_REF_V_HIGH,30,5.39007854462,17.302195855,8.32763967244,0,0,5.39007854462,
G2_D075_DENS_REF_V_HIGH_S030,G2_D075_DENS_REF_V_HIGH,30,5.40011548996,17.7892619272,10.6941429189,0,0,5.40011548996,
G2_D075_DENS_REF_V_HIGH_S030,G2_D075_DENS_REF_V_HIGH,30,5.41006135941,11.0188570683,6.76857888296,0,0,5.41006135941,
G2_D075_DENS_REF_V_HIGH_S030,G2_D075_DENS_REF_V_HIGH,30,5.4200334549,16.5947941321,7.35329687991,0,0,5.4200334549,
G2_D075_DENS_REF_V_HIGH_S030,G2_D075_DENS_REF_V_HIGH,30,5.43002986908,16.4693513007,7.52598167191,0,0,5.43002986908,
G2_D075_DENS_REF_V_HIGH_S030,G2_D075_DENS_REF_V_HIGH,30,5.44007253647,16.4190240761,7.59211562568,0,0,5.44007253647,
G2_D075_DENS_REF_V_HIGH_S030,G2_D075_DENS_REF_V_HIGH,30,5.45004272461,14.8814734859,6.71864731521,0,0,5.45004272461,
G2_D075_DENS_REF_V_HIGH_S030,G2_D075_DENS_REF_V_HIGH,30,5.46003913879,16.2381897982,8.47715364081,0,0,5.46003913879,
G2_D075_DENS_REF_V_HIGH_S030,G2_D075_DENS_REF_V_HIGH,30,5.47003555298,17.4460807654,8.66431759872,0,0,5.47003555298,
G2_D075_DENS_REF_V_HIGH_S030,G2_D075_DENS_REF_V_HIGH,30,5.48003005981,16.7102831482,7.89008961801,0,0,5.48003005981,
G2_D075_DENS_REF_V_HIGH_S030,G2_D075_DENS_REF_V_HIGH,30,5.490026474,17.5485378653,9.0034612795,0,0,5.490026474,
G2_D075_DENS_REF_V_HIGH_S030,G2_D075_DENS_REF_V_HIGH,30,5.50001525879,17.4229148793,8.63721075878,0,0,5.50001525879,
G2_D075_DENS_REF_V_HIGH_S030,G2_D075_DENS_REF_V_HIGH,30,5.51001405716,15.4871807263,7.33576910896,0,0,5.51001405716,
G2_D075_DENS_REF_V_HIGH_S030,G2_D075_DENS_REF_V_HIGH,30,5.52001857758,16.9312377346,6.88978594477,0,0,5.52001857758,
G2_D075_DENS_REF_V_HIGH_S030,G2_D075_DENS_REF_V_HIGH,30,5.53002214432,14.9342521386,8.2344128612,0,0,5.53002214432,
G2_D075_DENS_REF_V_HIGH_S030,G2_D075_DENS_REF_V_HIGH,30,5.54011154175,17.069642852,8.26573811947,0,0,5.54011154175,
G2_D075_DENS_REF_V_HIGH_S030,G2_D075_DENS_REF_V_HIGH,30,5.55010795593,15.7648431031,7.25325424341,0,0,5.55010795593,
G2_D075_DENS_REF_V_HIGH_S030,G2_D075_DENS_REF_V_HIGH,30,5.56005525589,19.0572615165,11.7377306892,0,0,5.56005525589,
G2_D075_DENS_REF_V_HIGH_S030,G2_D075_DENS_REF_V_HIGH,30,5.57005500793,16.4283589556,8.08706874005,0,0,5.57005500793,
G2_D075_DENS_REF_V_HIGH_S030,G2_D075_DENS_REF_V_HIGH,30,5.58005142212,15.4255932895,7.36589246292,0,0,5.58005142212,
G2_D075_DENS_REF_V_HIGH_S030,G2_D075_DENS_REF_V_HIGH,30,5.5900478363,15.4675637743,10.0877248093,0,0,5.5900478363,
G2_D075_DENS_REF_V_HIGH_S030,G2_D075_DENS_REF_V_HIGH,30,5.60004425049,15.5055288597,7.78170356387,0,0,5.60004425049,
G2_D075_DENS_REF_V_HIGH_S030,G2_D075_DENS_REF_V_HIGH,30,5.6100025177,15.8226406628,7.7000952011,0,0,5.6100025177,
G2_D075_DENS_REF_V_HIGH_S030,G2_D075_DENS_REF_V_HIGH,30,5.62010908127,18.4514426466,8.66185779774,0,0,5.62010908127,
G2_D075_DENS_REF_V_HIGH_S030,G2_D075_DENS_REF_V_HIGH,30,5.63001346588,16.365018604,7.65415481933,0,0,5.63001346588,
G2_D075_DENS_REF_V_HIGH_S030,G2_D075_DENS_REF_V_HIGH,30,5.64005565643,15.9021241887,8.33137499895,0,0,5.64005565643,
G2_D075_DENS_REF_V_HIGH_S030,G2_D075_DENS_REF_V_HIGH,30,5.65001678467,17.3350845608,6.47547039652,0,0,5.65001678467,
G2_D075_DENS_REF_V_HIGH_S030,G2_D075_DENS_REF_V_HIGH,30,5.66002845764,15.9969628509,6.18500091181,0,0,5.66002845764,
G2_D075_DENS_REF_V_HIGH_S030,G2_D075_DENS_REF_V_HIGH,30,5.67002487183,16.7524238404,8.45196546452,0,0,5.67002487183,
G2_D075_DENS_REF_V_HIGH_S030,G2_D075_DENS_REF_V_HIGH,30,5.68007230759,15.0431085935,10.2963435409,0,0,5.68007230759,
G2_D075_DENS_REF_V_HIGH_S030,G2_D075_DENS_REF_V_HIGH,30,5.6901102066,17.1519082737,9.35660947305,0,0,5.6901102066,
G2_D075_DENS_REF_V_HIGH_S030,G2_D075_DENS_REF_V_HIGH,30,5.70005607605,18.5692349884,10.332134615,0,0,5.70005607605,
G2_D075_DENS_REF_V_HIGH_S030,G2_D075_DENS_REF_V_HIGH,30,5.71005249023,18.0855133804,14.4664213589,0,0,5.71005249023,
G2_D075_DENS_REF_V_HIGH_S030,G2_D075_DENS_REF_V_HIGH,30,5.72004890442,17.0830814975,8.53200590478,0,0,5.72004890442,
G2_D075_DENS_REF_V_HIGH_S030,G2_D075_DENS_REF_V_HIGH,30,5.73012113571,15.7370440397,7.67465637158,0,0,5.73012113571,
G2_D075_DENS_REF_V_HIGH_S030,G2_D075_DENS_REF_V_HIGH,30,5.74008512497,16.1005152463,7.72727877389,0,0,5.74008512497,
G2_D075_DENS_REF_V_HIGH_S030,G2_D075_DENS_REF_V_HIGH,30,5.7500500679,17.5547194875,8.0508344797,0,0,5.7500500679,
G2_D075_DENS_REF_V_HIGH_S030,G2_D075_DENS_REF_V_HIGH,30,5.76003074646,15.5996844819,7.14678285058,0,0,5.76003074646,
G2_D075_DENS_REF_V_HIGH_S030,G2_D075_DENS_REF_V_HIGH,30,5.7701215744,16.6311731943,5.31605135068,0,0,5.7701215744,
G2_D075_DENS_REF_V_HIGH_S030,G2_D075_DENS_REF_V_HIGH,30,5.78009223938,16.6109140963,7.73774168538,0,0,5.78009223938,
G2_D075_DENS_REF_V_HIGH_S030,G2_D075_DENS_REF_V_HIGH,30,5.79008865356,17.0605677045,8.08403516965,0,0,5.79008865356,
G2_D075_DENS_REF_V_HIGH_S030,G2_D075_DENS_REF_V_HIGH,30,5.80008840561,17.0802366029,10.629175794,0,0,5.80008840561,
G2_D075_DENS_REF_V_HIGH_S030,G2_D075_DENS_REF_V_HIGH,30,5.81005620956,16.4206089941,8.1671649635,0,0,5.81005620956,
G2_D075_DENS_REF_V_HIGH_S030,G2_D075_DENS_REF_V_HIGH,30,5.8200302124,15.4173548107,7.58507060097,0,0,5.8200302124,
G2_D075_DENS_REF_V_HIGH_S030,G2_D075_DENS_REF_V_HIGH,30,5.83012104034,18.6282969456,10.8600722065,0,0,5.83012104034,
G2_D075_DENS_REF_V_HIGH_S030,G2_D075_DENS_REF_V_HIGH,30,5.84004163742,16.9073899138,7.80726847813,0,0,5.84004163742,
G2_D075_DENS_REF_V_HIGH_S030,G2_D075_DENS_REF_V_HIGH,30,5.85003328323,16.9765427365,8.1133659652,0,0,5.85003328323,
G2_D075_DENS_REF_V_HIGH_S030,G2_D075_DENS_REF_V_HIGH,30,5.86003875732,21.2358804808,8.9178355015,0,0,5.86003875732,
G2_D075_DENS_REF_V_HIGH_S030,G2_D075_DENS_REF_V_HIGH,30,5.87006664276,16.9600812523,8.19473533309,0,0,5.87006664276,
G2_D075_DENS_REF_V_HIGH_S030,G2_D075_DENS_REF_V_HIGH,30,5.88005161285,16.3484454903,6.91777073701,0,0,5.88005161285,
G2_D075_DENS_REF_V_HIGH_S030,G2_D075_DENS_REF_V_HIGH,30,5.89000082016,16.6406528606,6.41180271389,0,0,5.89000082016,
G2_D075_DENS_REF_V_HIGH_S030,G2_D075_DENS_REF_V_HIGH,30,5.90011930466,16.8444927644,8.59317993869,0,0,5.90011930466,
G2_D075_DENS_REF_V_HIGH_S030,G2_D075_DENS_REF_V_HIGH,30,5.91007089615,17.2651901202,6.63249573331,0,0,5.91007089615,
G2_D075_DENS_REF_V_HIGH_S030,G2_D075_DENS_REF_V_HIGH,30,5.92005681992,17.9912671283,10.5246453652,0,0,5.92005681992,
G2_D075_DENS_REF_V_HIGH_S030,G2_D075_DENS_REF_V_HIGH,30,5.93008804321,16.9629084631,7.74828976478,0,0,5.93008804321,
G2_D075_DENS_REF_V_HIGH_S030,G2_D075_DENS_REF_V_HIGH,30,5.9400844574,18.3371848708,9.94196206148,0,0,5.9400844574,
G2_D075_DENS_REF_V_HIGH_S030,G2_D075_DENS_REF_V_HIGH,30,5.95000982285,17.4121022903,8.53786845221,0,0,5.95000982285,
G2_D075_DENS_REF_V_HIGH_S030,G2_D075_DENS_REF_V_HIGH,30,5.9601111412,17.1229984415,9.38181336845,0,0,5.9601111412,
G2_D075_DENS_REF_V_HIGH_S030,G2_D075_DENS_REF_V_HIGH,30,5.97003650665,21.0270161439,10.1854038108,0,0,5.97003650665,
G2_D075_DENS_REF_V_HIGH_S030,G2_D075_DENS_REF_V_HIGH,30,5.98001289368,17.8901904765,6.73097685778,0,0,5.98001289368,
G2_D075_DENS_REF_V_HIGH_S030,G2_D075_DENS_REF_V_HIGH,30,5.99000930786,16.2387954712,8.67148908171,0,0,5.99000930786,
G2_D075_DENS_REF_V_HIGH_S030,G2_D075_DENS_REF_V_HIGH,30,6.00006914139,17.6058248029,6.97702941056,0,0,6.00006914139,
G2_D075_DENS_REF_V_HIGH_S030,G2_D075_DENS_REF_V_HIGH,30,6.01006221771,14.6599364365,6.93649465921,0,0,6.01006221771,
G2_D075_DENS_REF_V_HIGH_S030,G2_D075_DENS_REF_V_HIGH,30,6.02008485794,18.6541618344,7.35313073341,0,0,6.02008485794,
G2_D075_DENS_REF_V_HIGH_S030,G2_D075_DENS_REF_V_HIGH,30,6.03005981445,17.734900567,6.52907205195,0,0,6.03005981445,
G2_D075_DENS_REF_V_HIGH_S030,G2_D075_DENS_REF_V_HIGH,30,6.04005861282,17.2933085987,11.0873274636,0,0,6.04005861282,
G2_D075_DENS_REF_V_HIGH_S030,G2_D075_DENS_REF_V_HIGH,30,6.05004882812,17.612511521,8.0293002995,0,0,6.05004882812,
G2_D075_DENS_REF_V_HIGH_S030,G2_D075_DENS_REF_V_HIGH,30,6.06011390686,17.5445623075,9.63718454876,0,0,6.06011390686,
G2_D075_DENS_REF_V_HIGH_S030,G2_D075_DENS_REF_V_HIGH,30,6.07011032104,17.5454675012,8.28126004254,0,0,6.07011032104,
G2_D075_DENS_REF_V_HIGH_S030,G2_D075_DENS_REF_V_HIGH,30,6.08008527756,17.3428676796,8.35503513793,0,0,6.08008527756,
G2_D075_DENS_REF_V_HIGH_S030,G2_D075_DENS_REF_V_HIGH,30,6.09003019333,19.0844946957,7.16744014814,0,0,6.09003019333,
G2_D075_DENS_REF_V_HIGH_S030,G2_D075_DENS_REF_V_HIGH,30,6.10003995895,17.1218368314,7.3121222826,0,0,6.10003995895,
G2_D075_DENS_REF_V_HIGH_S030,G2_D075_DENS_REF_V_HIGH,30,6.11008501053,16.1294118156,7.23362463121,0,0,6.11008501053,
G2_D075_DENS_REF_V_HIGH_S030,G2_D075_DENS_REF_V_HIGH,30,6.12008476257,18.0500660378,6.36095176133,0,0,6.12008476257,
G2_D075_DENS_REF_V_HIGH_S030,G2_D075_DENS_REF_V_HIGH,30,6.13011360168,17.9796211863,7.07089531446,0,0,6.13011360168,
G2_D075_DENS_REF_V_HIGH_S030,G2_D075_DENS_REF_V_HIGH,30,6.14002227783,16.8384404556,7.75723205176,0,0,6.14002227783,
G2_D075_DENS_REF_V_HIGH_S030,G2_D075_DENS_REF_V_HIGH,30,6.15001869202,19.4270292905,7.98843453157,0,0,6.15001869202,
G2_D075_DENS_REF_V_HIGH_S030,G2_D075_DENS_REF_V_HIGH,30,6.16006803513,20.2785325513,8.52827699377,0,0,6.16006803513,
G2_D075_DENS_REF_V_HIGH_S030,G2_D075_DENS_REF_V_HIGH,30,6.17009115219,17.8496910697,10.2919031248,0,0,6.17009115219,
G2_D075_DENS_REF_V_HIGH_S030,G2_D075_DENS_REF_V_HIGH,30,6.18008184433,17.3282751608,8.07367855517,0,0,6.18008184433,
G2_D075_DENS_REF_V_HIGH_S030,G2_D075_DENS_REF_V_HIGH,30,6.19003200531,18.6448932694,10.808730008,0,0,6.19003200531,
G2_D075_DENS_REF_V_HIGH_S030,G2_D075_DENS_REF_V_HIGH,30,6.20010137558,18.7918949642,7.84892907884,0,0,6.20010137558,
G2_D075_DENS_REF_V_HIGH_S030,G2_D075_DENS_REF_V_HIGH,30,6.21001911163,17.5174661784,7.07467420531,0,0,6.21001911163,
G2_D075_DENS_REF_V_HIGH_S030,G2_D075_DENS_REF_V_HIGH,30,6.22007608414,24.1315499364,10.049100159,0,0,6.22007608414,
G2_D075_DENS_REF_V_HIGH_S030,G2_D075_DENS_REF_V_HIGH,30,6.23010730743,13.5180450348,7.82665462482,0,0,6.23010730743,
G2_D075_DENS_REF_V_HIGH_S030,G2_D075_DENS_REF_V_HIGH,30,6.24004650116,19.8518514118,10.6498442569,0,0,6.24004650116,
G2_D075_DENS_REF_V_HIGH_S030,G2_D075_DENS_REF_V_HIGH,30,6.25006198883,18.1395033791,8.11913170026,0,0,6.25006198883,
G2_D075_DENS_REF_V_HIGH_S030,G2_D075_DENS_REF_V_HIGH,30,6.26008749008,19.0344470975,8.48697891769,0,0,6.26008749008,
G2_D075_DENS_REF_V_HIGH_S030,G2_D075_DENS_REF_V_HIGH,30,6.27008390427,20.2412969261,7.21471813848,0,0,6.27008390427,
G2_D075_DENS_REF_V_HIGH_S030,G2_D075_DENS_REF_V_HIGH,30,6.28001308441,17.9317708106,7.71480927202,0,0,6.28001308441,
G2_D075_DENS_REF_V_HIGH_S030,G2_D075_DENS_REF_V_HIGH,30,6.29012155533,17.5865184241,7.73228331947,0,0,6.29012155533,
G2_D075_DENS_REF_V_HIGH_S030,G2_D075_DENS_REF_V_HIGH,30,6.30011034012,19.0123975064,7.79024796653,0,0,6.30011034012,
G2_D075_DENS_REF_V_HIGH_S030,G2_D075_DENS_REF_V_HIGH,30,6.310069561,16.7128837842,7.0836285875,0,0,6.310069561,
G2_D075_DENS_REF_V_HIGH_S030,G2_D075_DENS_REF_V_HIGH,30,6.32007598877,18.1523076153,7.60992864427,0,0,6.32007598877,
G2_D075_DENS_REF_V_HIGH_S030,G2_D075_DENS_REF_V_HIGH,30,6.33005046844,14.3451312748,8.53442493578,0,0,6.33005046844,
G2_D075_DENS_REF_V_HIGH_S030,G2_D075_DENS_REF_V_HIGH,30,6.34010267258,19.2357825215,9.36485955082,0,0,6.34010267258,
G2_D075_DENS_REF_V_HIGH_S030,G2_D075_DENS_REF_V_HIGH,30,6.3500957489,18.7892335399,8.56353386632,0,0,6.3500957489,
G2_D075_DENS_REF_V_HIGH_S030,G2_D075_DENS_REF_V_HIGH,30,6.36009025574,17.6724864087,7.25304439272,0,0,6.36009025574,
G2_D075_DENS_REF_V_HIGH_S030,G2_D075_DENS_REF_V_HIGH,30,6.37001800537,19.3163127122,10.2344640886,0,0,6.37001800537,
G2_D075_DENS_REF_V_HIGH_S030,G2_D075_DENS_REF_V_HIGH,30,6.38008069992,17.9562663037,7.72299585604,0,0,6.38008069992,
G2_D075_DENS_REF_V_HIGH_S030,G2_D075_DENS_REF_V_HIGH,30,6.39009046555,18.640587244,8.42972795365,0,0,6.39009046555,
G2_D075_DENS_REF_V_HIGH_S030,G2_D075_DENS_REF_V_HIGH,30,6.40010595322,18.4497217838,7.32186434269,0,0,6.40010595322,
G2_D075_DENS_REF_V_HIGH_S030,G2_D075_DENS_REF_V_HIGH,30,6.41003608704,20.4541467681,11.4513984742,0,0,6.41003608704,
G2_D075_DENS_REF_V_HIGH_S030,G2_D075_DENS_REF_V_HIGH,30,6.42011070251,18.2663432373,6.4905967842,0,0,6.42011070251,
G2_D075_DENS_REF_V_HIGH_S030,G2_D075_DENS_REF_V_HIGH,30,6.43009471893,17.7112837418,8.96733709797,0,0,6.43009471893,
G2_D075_DENS_REF_V_HIGH_S030,G2_D075_DENS_REF_V_HIGH,30,6.44007253647,16.7991678682,7.6016185897,0,0,6.44007253647,
G2_D075_DENS_REF_V_HIGH_S030,G2_D075_DENS_REF_V_HIGH,30,6.45000505447,18.5702009704,7.74221625863,0,0,6.45000505447,
G2_D075_DENS_REF_V_HIGH_S030,G2_D075_DENS_REF_V_HIGH,30,6.46000909805,19.1469077487,8.33849597181,0,0,6.46000909805,
G2_D075_DENS_REF_V_HIGH_S030,G2_D075_DENS_REF_V_HIGH,30,6.47004508972,18.4722245243,6.80661369744,0,0,6.47004508972,
G2_D075_DENS_REF_V_HIGH_S030,G2_D075_DENS_REF_V_HIGH,30,6.4801158905,20.0805526441,10.2991209555,0,0,6.4801158905,
G2_D075_DENS_REF_V_HIGH_S030,G2_D075_DENS_REF_V_HIGH,30,6.4900302887,16.4470563457,8.49399174924,0,0,6.4900302887,
G2_D075_DENS_REF_V_HIGH_S030,G2_D075_DENS_REF_V_HIGH,30,6.50008583069,23.8059277648,10.8903328681,0,0,6.50008583069,
G2_D075_DENS_REF_V_HIGH_S030,G2_D075_DENS_REF_V_HIGH,30,6.51003980637,19.8620749064,7.81614635093,0,0,6.51003980637,
G2_D075_DENS_REF_V_HIGH_S030,G2_D075_DENS_REF_V_HIGH,30,6.52003526688,18.8043112603,8.44154445917,0,0,6.52003526688,
G2_D075_DENS_REF_V_HIGH_S030,G2_D075_DENS_REF_V_HIGH,30,6.53004407883,18.9370553248,8.81045305916,0,0,6.53004407883,
G2_D075_DENS_REF_V_HIGH_S030,G2_D075_DENS_REF_V_HIGH,30,6.5400261879,22.5161250536,12.2428978866,0,0,6.5400261879,
G2_D075_DENS_REF_V_HIGH_S030,G2_D075_DENS_REF_V_HIGH,30,6.5500164032,18.8387351482,8.45342810877,0,0,6.5500164032,
G2_D075_DENS_REF_V_HIGH_S030,G2_D075_DENS_REF_V_HIGH,30,6.56004905701,22.7830168407,8.80835438217,0,0,6.56004905701,
G2_D075_DENS_REF_V_HIGH_S030,G2_D075_DENS_REF_V_HIGH,30,6.57012176514,20.2344930523,11.1678665587,0,0,6.57012176514,
G2_D075_DENS_REF_V_HIGH_S030,G2_D075_DENS_REF_V_HIGH,30,6.58009576797,21.4437523099,9.58319485231,0,0,6.58009576797,
G2_D075_DENS_REF_V_HIGH_S030,G2_D075_DENS_REF_V_HIGH,30,6.5900812149,20.0970296017,9.15371800135,0,0,6.5900812149,
G2_D075_DENS_REF_V_HIGH_S030,G2_D075_DENS_REF_V_HIGH,30,6.60008430481,19.9243420674,9.78198201426,0,0,6.60008430481,
G2_D075_DENS_REF_V_HIGH_S030,G2_D075_DENS_REF_V_HIGH,30,6.61005067825,17.4285836689,5.52819961685,0,0,6.61005067825,
G2_D075_DENS_REF_V_HIGH_S030,G2_D075_DENS_REF_V_HIGH,30,6.62001514435,18.2044772794,5.75784819017,0,0,6.62001514435,
G2_D075_DENS_REF_V_HIGH_S030,G2_D075_DENS_REF_V_HIGH,30,6.63004255295,19.7831782644,9.29200683847,0,0,6.63004255295,
G2_D075_DENS_REF_V_HIGH_S030,G2_D075_DENS_REF_V_HIGH,30,6.64002037048,18.5606273585,6.13382729376,0,0,6.64002037048,
G2_D075_DENS_REF_V_HIGH_S030,G2_D075_DENS_REF_V_HIGH,30,6.65002346039,19.3397770139,9.26639474678,0,0,6.65002346039,
G2_D075_DENS_REF_V_HIGH_S030,G2_D075_DENS_REF_V_HIGH,30,6.66001558304,20.346191086,10.9051763943,0,0,6.66001558304,
G2_D075_DENS_REF_V_HIGH_S030,G2_D075_DENS_REF_V_HIGH,30,6.67009019852,18.0396137579,6.917312694,0,0,6.67009019852,
G2_D075_DENS_REF_V_HIGH_S030,G2_D075_DENS_REF_V_HIGH,30,6.68005037308,21.0448459185,8.50596048948,0,0,6.68005037308,
G2_D075_DENS_REF_V_HIGH_S030,G2_D075_DENS_REF_V_HIGH,30,6.6900639534,18.9773878399,7.75678244933,0,0,6.6900639534,
G2_D075_DENS_REF_V_HIGH_S030,G2_D075_DENS_REF_V_HIGH,30,6.70009469986,19.212437586,7.6859056998,0,0,6.70009469986,
G2_D075_DENS_REF_V_HIGH_S030,G2_D075_DENS_REF_V_HIGH,30,6.71000146866,20.4465449091,6.17528142768,0,0,6.71000146866,
G2_D075_DENS_REF_V_HIGH_S030,G2_D075_DENS_REF_V_HIGH,30,6.72000551224,19.0177711962,8.52640894194,0,0,6.72000551224,
G2_D075_DENS_REF_V_HIGH_S030,G2_D075_DENS_REF_V_HIGH,30,6.73003673553,19.6042085309,4.05484088638,0,0,6.73003673553,
G2_D075_DENS_REF_V_HIGH_S030,G2_D075_DENS_REF_V_HIGH,30,6.74004840851,18.5747501492,6.81686218359,0,0,6.74004840851,
G2_D075_DENS_REF_V_HIGH_S030,G2_D075_DENS_REF_V_HIGH,30,6.75002717972,19.5153978621,8.48439949524,0,0,6.75002717972,
G2_D075_DENS_REF_V_HIGH_S030,G2_D075_DENS_REF_V_HIGH,30,6.76007795334,20.5795586528,8.3137151681,0,0,6.76007795334,
G2_D075_DENS_REF_V_HIGH_S030,G2_D075_DENS_REF_V_HIGH,30,6.7701048851,19.4090293085,8.64872622231,0,0,6.7701048851,
G2_D075_DENS_REF_V_HIGH_S030,G2_D075_DENS_REF_V_HIGH,30,6.78007888794,20.1473048798,8.9097346947,0,0,6.78007888794,
G2_D075_DENS_REF_V_HIGH_S030,G2_D075_DENS_REF_V_HIGH,30,6.79000806808,17.7735409556,5.9893122003,0,0,6.79000806808,
G2_D075_DENS_REF_V_HIGH_S030,G2_D075_DENS_REF_V_HIGH,30,6.80003595352,19.2516427537,7.36904647867,0,0,6.80003595352,
G2_D075_DENS_REF_V_HIGH_S030,G2_D075_DENS_REF_V_HIGH,30,6.81006669998,17.3366573211,5.44917171111,0,0,6.81006669998,
G2_D075_DENS_REF_V_HIGH_S030,G2_D075_DENS_REF_V_HIGH,30,6.82005548477,18.2753211234,7.66884142755,0,0,6.82005548477,
G2_D075_DENS_REF_V_HIGH_S030,G2_D075_DENS_REF_V_HIGH,30,6.83001232147,16.8021608653,7.58426890665,0,0,6.83001232147,
G2_D075_DENS_REF_V_HIGH_S030,G2_D075_DENS_REF_V_HIGH,30,6.8400144577,17.3868718109,7.28165304049,0,0,6.8400144577,
G2_D075_DENS_REF_V_HIGH_S030,G2_D075_DENS_REF_V_HIGH,30,6.85007667542,14.5779528517,6.09245103071,0,0,6.85007667542,
G2_D075_DENS_REF_V_HIGH_S030,G2_D075_DENS_REF_V_HIGH,30,6.86003780365,17.9151579082,12.888780237,0,0,6.86003780365,
G2_D075_DENS_REF_V_HIGH_S030,G2_D075_DENS_REF_V_HIGH,30,6.87011766434,19.1387201111,9.98208723781,0,0,6.87011766434,
G2_D075_DENS_REF_V_HIGH_S030,G2_D075_DENS_REF_V_HIGH,30,6.88009309769,18.054772161,4.71621604294,0,0,6.88009309769,
G2_D075_DENS_REF_V_HIGH_S030,G2_D075_DENS_REF_V_HIGH,30,6.8900103569,20.1132103542,8.31159948098,0,0,6.8900103569,
G2_D075_DENS_REF_V_HIGH_S030,G2_D075_DENS_REF_V_HIGH,30,6.90008878708,17.1541452849,8.13796799613,0,0,6.90008878708,
G2_D075_DENS_REF_V_HIGH_S030,G2_D075_DENS_REF_V_HIGH,30,6.91007089615,18.6628998829,7.12295488685,0,0,6.91007089615,
G2_D075_DENS_REF_V_HIGH_S030,G2_D075_DENS_REF_V_HIGH,30,6.92004060745,18.6535561614,6.92045924832,0,0,6.92004060745,
G2_D075_DENS_REF_V_HIGH_S030,G2_D075_DENS_REF_V_HIGH,30,6.93004465103,17.301403396,7.28039382157,0,0,6.93004465103,
G2_D075_DENS_REF_V_HIGH_S030,G2_D075_DENS_REF_V_HIGH,30,6.94001960754,19.6879770826,8.3915942085,0,0,6.94001960754,
G2_D075_DENS_REF_V_HIGH_S030,G2_D075_DENS_REF_V_HIGH,30,6.95009708405,25.2961308647,10.056037406,0,0,6.95009708405,
G2_D075_DENS_REF_V_HIGH_S030,G2_D075_DENS_REF_V_HIGH,30,6.96005964279,18.0095677362,6.7906578933,0,0,6.96005964279,
G2_D075_DENS_REF_V_HIGH_S030,G2_D075_DENS_REF_V_HIGH,30,6.97002792358,20.9541032855,11.6202010065,0,0,6.97002792358,
G2_D075_DENS_REF_V_HIGH_S030,G2_D075_DENS_REF_V_HIGH,30,6.9800696373,19.5158510116,7.05418645721,0,0,6.9800696373,
G2_D075_DENS_REF_V_HIGH_S030,G2_D075_DENS_REF_V_HIGH,30,6.99009895325,20.0589407291,11.5543907776,0,0,6.99009895325,
G2_D075_DENS_REF_V_HIGH_S030,G2_D075_DENS_REF_V_HIGH,30,7.00009012222,19.4485439441,7.77569184695,0,0,7.00009012222,
G2_D075_DENS_REF_V_HIGH_S030,G2_D075_DENS_REF_V_HIGH,30,7.01003217697,19.0708427383,7.74937876823,0,0,7.01003217697,
G2_D075_DENS_REF_V_HIGH_S030,G2_D075_DENS_REF_V_HIGH,30,7.0200676918,19.6955258899,9.64216768274,0,0,7.0200676918,
G2_D075_DENS_REF_V_HIGH_S030,G2_D075_DENS_REF_V_HIGH,30,7.03006410599,19.3736482805,7.93900665525,0,0,7.03006410599,
G2_D075_DENS_REF_V_HIGH_S030,G2_D075_DENS_REF_V_HIGH,30,7.04012155533,12.1367204946,4.9005581767,0,0,7.04012155533,
G2_D075_DENS_REF_V_HIGH_S030,G2_D075_DENS_REF_V_HIGH,30,7.05007076263,19.6707065608,9.37391516323,0,0,7.05007076263,
G2_D075_DENS_REF_V_HIGH_S030,G2_D075_DENS_REF_V_HIGH,30,7.06004476547,18.0373104322,6.84689147915,0,0,7.06004476547,
G2_D075_DENS_REF_V_HIGH_S030,G2_D075_DENS_REF_V_HIGH,30,7.07006692886,22.0232951408,6.90088604743,0,0,7.07006692886,
G2_D075_DENS_REF_V_HIGH_S030,G2_D075_DENS_REF_V_HIGH,30,7.08011436462,19.6569175533,8.13288938429,0,0,7.08011436462,
G2_D075_DENS_REF_V_HIGH_S030,G2_D075_DENS_REF_V_HIGH,30,7.09003543854,17.2739878518,5.46271099599,0,0,7.09003543854,
G2_D075_DENS_REF_V_HIGH_S030,G2_D075_DENS_REF_V_HIGH,30,7.10003519058,20.9078687746,9.74793838096,0,0,7.10003519058,
G2_D075_DENS_REF_V_HIGH_S030,G2_D075_DENS_REF_V_HIGH,30,7.11009025574,20.5691715823,10.362390067,0,0,7.11009025574,
G2_D075_DENS_REF_V_HIGH_S030,G2_D075_DENS_REF_V_HIGH,30,7.12003898621,20.0029292416,7.28608779409,0,0,7.12003898621,
G2_D075_DENS_REF_V_HIGH_S030,G2_D075_DENS_REF_V_HIGH,30,7.1300983429,20.4656390813,8.51389900631,0,0,7.1300983429,
G2_D075_DENS_REF_V_HIGH_S030,G2_D075_DENS_REF_V_HIGH,30,7.14005613327,17.544628622,8.19369507379,0,0,7.14005613327,
G2_D075_DENS_REF_V_HIGH_S030,G2_D075_DENS_REF_V_HIGH,30,7.15001296997,19.8251620121,7.830237558,0,0,7.15001296997,
G2_D075_DENS_REF_V_HIGH_S030,G2_D075_DENS_REF_V_HIGH,30,7.16001939774,19.6894448448,7.15832276012,0,0,7.16001939774,
G2_D075_DENS_REF_V_HIGH_S030,G2_D075_DENS_REF_V_HIGH,30,7.17000055313,13.0926857655,8.01082831545,0,0,7.17000055313,
G2_D075_DENS_REF_V_HIGH_S030,G2_D075_DENS_REF_V_HIGH,30,7.18006944656,19.2040266894,7.2977960467,0,0,7.18006944656,
G2_D075_DENS_REF_V_HIGH_S030,G2_D075_DENS_REF_V_HIGH,30,7.19009590149,17.4720186002,7.11796406223,0,0,7.19009590149,
G2_D075_DENS_REF_V_HIGH_S030,G2_D075_DENS_REF_V_HIGH,30,7.20006275177,18.2939864615,7.58008079972,0,0,7.20006275177,
G2_D075_DENS_REF_V_HIGH_S030,G2_D075_DENS_REF_V_HIGH,30,7.21004295349,18.3265391735,5.71619163218,0,0,7.21004295349,
G2_D075_DENS_REF_V_HIGH_S030,G2_D075_DENS_REF_V_HIGH,30,7.22010993958,18.7455587709,6.35655389849,0,0,7.22010993958,
G2_D075_DENS_REF_V_HIGH_S030,G2_D075_DENS_REF_V_HIGH,30,7.23000049591,19.0393212176,11.5606930449,0,0,7.23000049591,
G2_D075_DENS_REF_V_HIGH_S030,G2_D075_DENS_REF_V_HIGH,30,7.24000501633,22.9563166794,12.6489995523,0,0,7.24000501633,
G2_D075_DENS_REF_V_HIGH_S030,G2_D075_DENS_REF_V_HIGH,30,7.25011777878,21.0801164222,5.93838038227,0,0,7.25011777878,
G2_D075_DENS_REF_V_HIGH_S030,G2_D075_DENS_REF_V_HIGH,30,7.26008081436,34.6032400471,26.6126186351,0,0,7.26008081436,
G2_D075_DENS_REF_V_HIGH_S030,G2_D075_DENS_REF_V_HIGH,30,7.27007007599,23.0898896758,14.0416373589,0,0,7.27007007599,
G2_D075_DENS_REF_V_HIGH_S030,G2_D075_DENS_REF_V_HIGH,30,7.2800655365,16.7486107532,7.83293119966,0,0,7.2800655365,
G2_D075_DENS_REF_V_HIGH_S030,G2_D075_DENS_REF_V_HIGH,30,7.29000520706,22.2794859685,10.559213763,0,0,7.29000520706,
G2_D075_DENS_REF_V_HIGH_S030,G2_D075_DENS_REF_V_HIGH,30,7.30009317398,21.7683841841,10.8964993498,0,0,7.30009317398,
G2_D075_DENS_REF_V_HIGH_S030,G2_D075_DENS_REF_V_HIGH,30,7.31006574631,18.8567594455,8.29681103641,0,0,7.31006574631,
G2_D075_DENS_REF_V_HIGH_S030,G2_D075_DENS_REF_V_HIGH,30,7.32011604309,26.6713179925,16.828933597,0,0,7.32011604309,
G2_D075_DENS_REF_V_HIGH_S030,G2_D075_DENS_REF_V_HIGH,30,7.33011436462,19.1211622262,5.69442366695,0,0,7.33011436462,
G2_D075_DENS_REF_V_HIGH_S030,G2_D075_DENS_REF_V_HIGH,30,7.34006214142,20.7360764869,16.0837561285,0,0,7.34006214142,
G2_D075_DENS_REF_V_HIGH_S030,G2_D075_DENS_REF_V_HIGH,30,7.3500213623,21.5556802341,10.6229696583,0,0,7.3500213623,
G2_D075_DENS_REF_V_HIGH_S030,G2_D075_DENS_REF_V_HIGH,30,7.36012172699,21.8828453245,11.50453461,0,0,7.36012172699,
G2_D075_DENS_REF_V_HIGH_S030,G2_D075_DENS_REF_V_HIGH,30,7.37000799179,20.9585286772,10.2035121198,0,0,7.37000799179,
G2_D075_DENS_REF_V_HIGH_S030,G2_D075_DENS_REF_V_HIGH,30,7.38005924225,20.1541485423,8.06774947431,0,0,7.38005924225,
G2_D075_DENS_REF_V_HIGH_S030,G2_D075_DENS_REF_V_HIGH,30,7.3901052475,20.8572663446,9.95604812777,0,0,7.3901052475,
G2_D075_DENS_REF_V_HIGH_S030,G2_D075_DENS_REF_V_HIGH,30,7.40000915527,19.1882836129,7.09873265048,0,0,7.40000915527,
G2_D075_DENS_REF_V_HIGH_S030,G2_D075_DENS_REF_V_HIGH,30,7.41008758545,20.4880158242,8.26489126266,0,0,7.41008758545,
G2_D075_DENS_REF_V_HIGH_S030,G2_D075_DENS_REF_V_HIGH,30,7.42005872726,19.9669469615,7.96148248232,0,0,7.42005872726,
G2_D075_DENS_REF_V_HIGH_S030,G2_D075_DENS_REF_V_HIGH,30,7.43000984192,23.458879359,11.0887235946,0,0,7.43000984192,
G2_D075_DENS_REF_V_HIGH_S030,G2_D075_DENS_REF_V_HIGH,30,7.44011640549,20.5673656158,7.08705138334,0,0,7.44011640549,
G2_D075_DENS_REF_V_HIGH_S030,G2_D075_DENS_REF_V_HIGH,30,7.4500451088,21.6606893393,7.52227239328,0,0,7.4500451088,
G2_D075_DENS_REF_V_HIGH_S030,G2_D075_DENS_REF_V_HIGH,30,7.46003055573,18.8849409228,6.97457414539,0,0,7.46003055573,
G2_D075_DENS_REF_V_HIGH_S030,G2_D075_DENS_REF_V_HIGH,30,7.47005844116,21.1945642997,10.105831799,0,0,7.47005844116,
G2_D075_DENS_REF_V_HIGH_S030,G2_D075_DENS_REF_V_HIGH,30,7.48000526428,18.5834307251,4.83605991566,0,0,7.48000526428,
G2_D075_DENS_REF_V_HIGH_S030,G2_D075_DENS_REF_V_HIGH,30,7.49011135101,23.8340031389,10.9292512324,0,0,7.49011135101,
G2_D075_DENS_REF_V_HIGH_S030,G2_D075_DENS_REF_V_HIGH,30,7.50002622604,18.4050976114,11.1503008878,0,0,7.50002622604,
G2_D075_DENS_REF_V_HIGH_S030,G2_D075_DENS_REF_V_HIGH,30,7.51006650925,21.7306556207,7.8762380757,0,0,7.51006650925,
G2_D075_DENS_REF_V_HIGH_S030,G2_D075_DENS_REF_V_HIGH,30,7.52009344101,23.9335633977,10.2155815085,0,0,7.52009344101,
G2_D075_DENS_REF_V_HIGH_S030,G2_D075_DENS_REF_V_HIGH,30,7.53010559082,23.1536356515,8.65357383561,0,0,7.53010559082,
G2_D075_DENS_REF_V_HIGH_S030,G2_D075_DENS_REF_V_HIGH,30,7.54004430771,20.0199345051,8.20587264631,0,0,7.54004430771,
G2_D075_DENS_REF_V_HIGH_S030,G2_D075_DENS_REF_V_HIGH,30,7.55000972748,25.9565443011,12.9156993819,0,0,7.55000972748,
G2_D075_DENS_REF_V_HIGH_S030,G2_D075_DENS_REF_V_HIGH,30,7.56010627747,21.8253859691,6.97713639932,0,0,7.56010627747,
G2_D075_DENS_REF_V_HIGH_S030,G2_D075_DENS_REF_V_HIGH,30,7.57001256943,20.2950382452,5.08450459827,0,0,7.57001256943,
G2_D075_DENS_REF_V_HIGH_S030,G2_D075_DENS_REF_V_HIGH,30,7.58003902435,19.399170544,11.2144222936,0,0,7.58003902435,
G2_D075_DENS_REF_V_HIGH_S030,G2_D075_DENS_REF_V_HIGH,30,7.59005022049,19.7840469851,7.68364586108,0,0,7.59005022049,
G2_D075_DENS_REF_V_HIGH_S030,G2_D075_DENS_REF_V_HIGH,30,7.60000324249,20.9175087011,11.7698706883,0,0,7.60000324249,
G2_D075_DENS_REF_V_HIGH_S030,G2_D075_DENS_REF_V_HIGH,30,7.61004781723,20.9760887725,9.61817516166,0,0,7.61004781723,
G2_D075_DENS_REF_V_HIGH_S030,G2_D075_DENS_REF_V_HIGH,30,7.62003231049,20.7918205057,7.60293039076,0,0,7.62003231049,
G2_D075_DENS_REF_V_HIGH_S030,G2_D075_DENS_REF_V_HIGH,30,7.63008451462,19.9828027727,9.84431734618,0,0,7.63008451462,
G2_D075_DENS_REF_V_HIGH_S030,G2_D075_DENS_REF_V_HIGH,30,7.64005231857,19.6200864469,8.1182623814,0,0,7.64005231857,
G2_D075_DENS_REF_V_HIGH_S030,G2_D075_DENS_REF_V_HIGH,30,7.6500544548,26.1771949458,12.2570640127,0,0,7.6500544548,
G2_D075_DENS_REF_V_HIGH_S030,G2_D075_DENS_REF_V_HIGH,30,7.66002416611,17.4829328715,7.83292441794,0,0,7.66002416611,
G2_D075_DENS_REF_V_HIGH_S030,G2_D075_DENS_REF_V_HIGH,30,7.67007303238,15.5949761482,6.96023740259,0,0,7.67007303238,
G2_D075_DENS_REF_V_HIGH_S030,G2_D075_DENS_REF_V_HIGH,30,7.6800236702,17.9184139531,7.76399292044,0,0,7.6800236702,
G2_D075_DENS_REF_V_HIGH_S030,G2_D075_DENS_REF_V_HIGH,30,7.69004201889,21.7970364948,11.1851387238,0,0,7.69004201889,
G2_D075_DENS_REF_V_HIGH_S030,G2_D075_DENS_REF_V_HIGH,30,7.70005893707,25.7144696326,15.0272244081,0,0,7.70005893707,
G2_D075_DENS_REF_V_HIGH_S030,G2_D075_DENS_REF_V_HIGH,30,7.7100148201,20.8192084189,9.40339343402,0,0,7.7100148201,
G2_D075_DENS_REF_V_HIGH_S030,G2_D075_DENS_REF_V_HIGH,30,7.72006511688,20.1415730914,5.84531839063,0,0,7.72006511688,
G2_D075_DENS_REF_V_HIGH_S030,G2_D075_DENS_REF_V_HIGH,30,7.73002433777,20.5626219143,10.1925406551,0,0,7.73002433777,
G2_D075_DENS_REF_V_HIGH_S030,G2_D075_DENS_REF_V_HIGH,30,7.74000453949,20.0975468552,8.31825222388,0,0,7.74000453949,
G2_D075_DENS_REF_V_HIGH_S030,G2_D075_DENS_REF_V_HIGH,30,7.75012016296,26.4761940322,12.9098340713,0,0,7.75012016296,
G2_D075_DENS_REF_V_HIGH_S030,G2_D075_DENS_REF_V_HIGH,30,7.7600646019,23.150025929,9.02810404108,0,0,7.7600646019,
G2_D075_DENS_REF_V_HIGH_S030,G2_D075_DENS_REF_V_HIGH,30,7.77008008957,21.9394138543,8.5878781546,0,0,7.77008008957,
G2_D075_DENS_REF_V_HIGH_S030,G2_D075_DENS_REF_V_HIGH,30,7.78001451492,23.7576463444,10.2535293688,0,0,7.78001451492,
G2_D075_DENS_REF_V_HIGH_S030,G2_D075_DENS_REF_V_HIGH,30,7.79002428055,19.9055330478,7.07322144942,0,0,7.79002428055,
G2_D075_DENS_REF_V_HIGH_S030,G2_D075_DENS_REF_V_HIGH,30,7.80007886887,19.0333529073,6.54329377395,0,0,7.80007886887,
G2_D075_DENS_REF_V_HIGH_S030,G2_D075_DENS_REF_V_HIGH,30,7.8100194931,18.3978217989,8.62921459664,0,0,7.8100194931,
G2_D075_DENS_REF_V_HIGH_S030,G2_D075_DENS_REF_V_HIGH,30,7.82004261017,11.6446299892,5.91138804325,0,0,7.82004261017,
G2_D075_DENS_REF_V_HIGH_S030,G2_D075_DENS_REF_V_HIGH,30,7.83010721207,22.1268873249,7.56791878474,0,0,7.83010721207,
G2_D075_DENS_REF_V_HIGH_S030,G2_D075_DENS_REF_V_HIGH,30,7.84010505676,18.356734403,7.9723468626,0,0,7.84010505676,
G2_D075_DENS_REF_V_HIGH_S030,G2_D075_DENS_REF_V_HIGH,30,7.85004997253,19.7843166643,7.87222332824,0,0,7.85004997253,
G2_D075_DENS_REF_V_HIGH_S030,G2_D075_DENS_REF_V_HIGH,30,7.86007356644,21.7160796805,9.86562214362,0,0,7.86007356644,
G2_D075_DENS_REF_V_HIGH_S030,G2_D075_DENS_REF_V_HIGH,30,7.87008666992,20.0176599157,7.86562847653,0,0,7.87008666992,
G2_D075_DENS_REF_V_HIGH_S030,G2_D075_DENS_REF_V_HIGH,30,7.88006019592,21.142113904,7.19043703185,0,0,7.88006019592,
G2_D075_DENS_REF_V_HIGH_S030,G2_D075_DENS_REF_V_HIGH,30,7.89003324509,21.5897813912,7.43491789281,0,0,7.89003324509,
G2_D075_DENS_REF_V_HIGH_S030,G2_D075_DENS_REF_V_HIGH,30,7.90005207062,18.4148591145,7.58162749189,0,0,7.90005207062,
G2_D075_DENS_REF_V_HIGH_S030,G2_D075_DENS_REF_V_HIGH,30,7.91005945206,21.1565903724,8.10397168446,0,0,7.91005945206,
G2_D075_DENS_REF_V_HIGH_S030,G2_D075_DENS_REF_V_HIGH,30,7.92005443573,20.2294885135,11.4467676651,0,0,7.92005443573,
G2_D075_DENS_REF_V_HIGH_S030,G2_D075_DENS_REF_V_HIGH,30,7.93000221252,21.9278640685,5.73551422653,0,0,7.93000221252,
G2_D075_DENS_REF_V_HIGH_S030,G2_D075_DENS_REF_V_HIGH,30,7.94001865387,20.6596577989,5.72254866516,0,0,7.94001865387,
G2_D075_DENS_REF_V_HIGH_S030,G2_D075_DENS_REF_V_HIGH,30,7.95000171661,20.3393120557,6.70650316256,0,0,7.95000171661,
G2_D075_DENS_REF_V_HIGH_S030,G2_D075_DENS_REF_V_HIGH,30,7.96011686325,20.7892386589,7.29388266864,0,0,7.96011686325,
G2_D075_DENS_REF_V_HIGH_S030,G2_D075_DENS_REF_V_HIGH,30,7.97001504898,22.0422743678,9.33365052376,0,0,7.97001504898,
G2_D075_DENS_REF_V_HIGH_S030,G2_D075_DENS_REF_V_HIGH,30,7.98011922836,17.9408713787,6.89805339351,0,0,7.98011922836,
G2_D075_DENS_REF_V_HIGH_S030,G2_D075_DENS_REF_V_HIGH,30,7.99005460739,23.5354350971,11.1933852024,0,0,7.99005460739,
G2_D075_DENS_REF_V_HIGH_S030,G2_D075_DENS_REF_V_HIGH,30,8.00003051758,26.5144730065,12.3861047608,0,0,8.00003051758,
G2_D075_DENS_REF_V_HIGH_S030,G2_D075_DENS_REF_V_HIGH,30,8.0100851059,25.193624029,10.3314698787,0,0,8.0100851059,
G2_D075_DENS_REF_V_HIGH_S030,G2_D075_DENS_REF_V_HIGH,30,8.02011394501,21.2676053662,8.7931610639,0,0,8.02011394501,
G2_D075_DENS_REF_V_HIGH_S030,G2_D075_DENS_REF_V_HIGH,30,8.0300989151,20.4756768952,7.15589811589,0,0,8.0300989151,
G2_D075_DENS_REF_V_HIGH_S030,G2_D075_DENS_REF_V_HIGH,30,8.04004383087,27.0925038655,9.53068371041,0,0,8.04004383087,
G2_D075_DENS_REF_V_HIGH_S030,G2_D075_DENS_REF_V_HIGH,30,8.05002975464,18.4646624541,7.11885035082,0,0,8.05002975464,
G2_D075_DENS_REF_V_HIGH_S030,G2_D075_DENS_REF_V_HIGH,30,8.06001853943,23.6819880634,13.1761164578,0,0,8.06001853943,
G2_D075_DENS_REF_V_HIGH_S030,G2_D075_DENS_REF_V_HIGH,30,8.07002449036,20.719429322,8.28274495715,0,0,8.07002449036,
G2_D075_DENS_REF_V_HIGH_S030,G2_D075_DENS_REF_V_HIGH,30,8.08005905151,19.3884076909,6.02210597786,0,0,8.08005905151,
G2_D075_DENS_REF_V_HIGH_S030,G2_D075_DENS_REF_V_HIGH,30,8.09004211426,20.8054481477,9.93061236395,0,0,8.09004211426,
G2_D075_DENS_REF_V_HIGH_S030,G2_D075_DENS_REF_V_HIGH,30,8.10000038147,21.9484326345,9.3441098923,0,0,8.10000038147,
G2_D075_DENS_REF_V_HIGH_S030,G2_D075_DENS_REF_V_HIGH,30,8.11011314392,21.2376864473,6.77468775645,0,0,8.11011314392,
G2_D075_DENS_REF_V_HIGH_S030,G2_D075_DENS_REF_V_HIGH,30,8.12003135681,20.1877766555,7.4908681555,0,0,8.12003135681,
G2_D075_DENS_REF_V_HIGH_S030,G2_D075_DENS_REF_V_HIGH,30,8.13008975983,17.6173745887,7.45338356313,0,0,8.13008975983,
G2_D075_DENS_REF_V_HIGH_S030,G2_D075_DENS_REF_V_HIGH,30,8.14000511169,21.732711372,8.16632592211,0,0,8.14000511169,
G2_D075_DENS_REF_V_HIGH_S030,G2_D075_DENS_REF_V_HIGH,30,8.15010166168,20.7233595649,7.46652849793,0,0,8.15010166168,
G2_D075_DENS_REF_V_HIGH_S030,G2_D075_DENS_REF_V_HIGH,30,8.16004180908,23.1375654232,14.8911241546,0,0,8.16004180908,
G2_D075_DENS_REF_V_HIGH_S030,G2_D075_DENS_REF_V_HIGH,30,8.17007160187,20.5882259657,5.83354193836,0,0,8.17007160187,
G2_D075_DENS_REF_V_HIGH_S030,G2_D075_DENS_REF_V_HIGH,30,8.18005657196,20.1308500271,10.7673922498,0,0,8.18005657196,
G2_D075_DENS_REF_V_HIGH_S030,G2_D075_DENS_REF_V_HIGH,30,8.19001579285,22.6189082,8.4474073862,0,0,8.19001579285,
G2_D075_DENS_REF_V_HIGH_S030,G2_D075_DENS_REF_V_HIGH,30,8.20011711121,21.8550705765,8.52893134214,0,0,8.20011711121,
G2_D075_DENS_REF_V_HIGH_S030,G2_D075_DENS_REF_V_HIGH,30,8.21005821228,20.3289625635,9.12977544487,0,0,8.21005821228,
G2_D075_DENS_REF_V_HIGH_S030,G2_D075_DENS_REF_V_HIGH,30,8.22002220154,22.318039043,8.82256971973,0,0,8.22002220154,
G2_D075_DENS_REF_V_HIGH_S030,G2_D075_DENS_REF_V_HIGH,30,8.23000335693,21.1586284398,8.8080897386,0,0,8.23000335693,
G2_D075_DENS_REF_V_HIGH_S030,G2_D075_DENS_REF_V_HIGH,30,8.24008083344,19.3910249056,8.09558912635,0,0,8.24008083344,
G2_D075_DENS_REF_V_HIGH_S030,G2_D075_DENS_REF_V_HIGH,30,8.25006103516,21.977339151,7.08951011082,0,0,8.25006103516,
G2_D075_DENS_REF_V_HIGH_S030,G2_D075_DENS_REF_V_HIGH,30,8.26003074646,18.9252977533,7.40673555576,0,0,8.26003074646,
G2_D075_DENS_REF_V_HIGH_S030,G2_D075_DENS_REF_V_HIGH,30,8.27002239227,15.96953957,8.36599089435,0,0,8.27002239227,
G2_D075_DENS_REF_V_HIGH_S030,G2_D075_DENS_REF_V_HIGH,30,8.28009700775,19.3733786012,6.54567705641,0,0,8.28009700775,
G2_D075_DENS_REF_V_HIGH_S030,G2_D075_DENS_REF_V_HIGH,30,8.29001235962,25.6326286241,10.5388446903,0,0,8.29001235962,
G2_D075_DENS_REF_V_HIGH_S030,G2_D075_DENS_REF_V_HIGH,30,8.30006408691,14.6617799813,4.37631634526,0,0,8.30006408691,
G2_D075_DENS_REF_V_HIGH_S030,G2_D075_DENS_REF_V_HIGH,30,8.31008243561,21.4823849619,5.63442636306,0,0,8.31008243561,
G2_D075_DENS_REF_V_HIGH_S030,G2_D075_DENS_REF_V_HIGH,30,8.32003211975,20.7935535262,6.17519299929,0,0,8.32003211975,
G2_D075_DENS_REF_V_HIGH_S030,G2_D075_DENS_REF_V_HIGH,30,8.33002185822,21.3561905654,9.01411190469,0,0,8.33002185822,
G2_D075_DENS_REF_V_HIGH_S030,G2_D075_DENS_REF_V_HIGH,30,8.34010219574,20.8274093194,8.17200908603,0,0,8.34010219574,
G2_D075_DENS_REF_V_HIGH_S030,G2_D075_DENS_REF_V_HIGH,30,8.350025177,20.9245689912,6.82617545518,0,0,8.350025177,
G2_D075_DENS_REF_V_HIGH_S030,G2_D075_DENS_REF_V_HIGH,30,8.3601140976,25.2004279028,7.70773997086,0,0,8.3601140976,
G2_D075_DENS_REF_V_HIGH_S030,G2_D075_DENS_REF_V_HIGH,30,8.37004756927,25.7919869319,10.9808624669,0,0,8.37004756927,
G2_D075_DENS_REF_V_HIGH_S030,G2_D075_DENS_REF_V_HIGH,30,8.38002681732,22.3021368116,8.04316947858,0,0,8.38002681732,
G2_D075_DENS_REF_V_HIGH_S030,G2_D075_DENS_REF_V_HIGH,30,8.39003753662,21.9947555648,9.21870419693,0,0,8.39003753662,
G2_D075_DENS_REF_V_HIGH_S030,G2_D075_DENS_REF_V_HIGH,30,8.40003871918,24.5239773954,10.092674659,0,0,8.40003871918,
G2_D075_DENS_REF_V_HIGH_S030,G2_D075_DENS_REF_V_HIGH,30,8.41004371643,18.731917866,6.49207434852,0,0,8.41004371643,
G2_D075_DENS_REF_V_HIGH_S030,G2_D075_DENS_REF_V_HIGH,30,8.42000865936,23.3583442761,12.8900623217,0,0,8.42000865936,
G2_D075_DENS_REF_V_HIGH_S030,G2_D075_DENS_REF_V_HIGH,30,8.43002605438,22.5947741213,8.98225902798,0,0,8.43002605438,
G2_D075_DENS_REF_V_HIGH_S030,G2_D075_DENS_REF_V_HIGH,30,8.44006156921,21.2817458408,8.86918308045,0,0,8.44006156921,
G2_D075_DENS_REF_V_HIGH_S030,G2_D075_DENS_REF_V_HIGH,30,8.45004653931,21.0583829306,10.1629269569,0,0,8.45004653931,
G2_D075_DENS_REF_V_HIGH_S030,G2_D075_DENS_REF_V_HIGH,30,8.46007823944,25.118549316,11.9343731175,0,0,8.46007823944,
G2_D075_DENS_REF_V_HIGH_S030,G2_D075_DENS_REF_V_HIGH,30,8.47004413605,23.0410976333,9.43875101725,0,0,8.47004413605,
G2_D075_DENS_REF_V_HIGH_S030,G2_D075_DENS_REF_V_HIGH,30,8.48001480103,19.2224356111,7.07249494546,0,0,8.48001480103,
G2_D075_DENS_REF_V_HIGH_S030,G2_D075_DENS_REF_V_HIGH,30,8.49009132385,19.7865404125,6.69398864355,0,0,8.49009132385,
G2_D075_DENS_REF_V_HIGH_S030,G2_D075_DENS_REF_V_HIGH,30,8.50005245209,26.5843177112,13.2548150901,0,0,8.50005245209,
G2_D075_DENS_REF_V_HIGH_S030,G2_D075_DENS_REF_V_HIGH,30,8.5100107193,19.5851651998,7.8845283918,0,0,8.5100107193,
G2_D075_DENS_REF_V_HIGH_S030,G2_D075_DENS_REF_V_HIGH,30,8.5200920105,20.8734979383,7.89421351845,0,0,8.5200920105,
G2_D075_DENS_REF_V_HIGH_S030,G2_D075_DENS_REF_V_HIGH,30,8.53001308441,26.6066281395,15.7491386418,0,0,8.53001308441,
G2_D075_DENS_REF_V_HIGH_S030,G2_D075_DENS_REF_V_HIGH,30,8.54001140594,20.4652787722,8.05950638676,0,0,8.54001140594,
G2_D075_DENS_REF_V_HIGH_S030,G2_D075_DENS_REF_V_HIGH,30,8.5500125885,22.6513470721,8.72921367533,0,0,8.5500125885,
G2_D075_DENS_REF_V_HIGH_S030,G2_D075_DENS_REF_V_HIGH,30,8.56007862091,23.7176277182,7.62227320086,0,0,8.56007862091,
G2_D075_DENS_REF_V_HIGH_S030,G2_D075_DENS_REF_V_HIGH,30,8.57000541687,21.3802870659,7.61840812725,0,0,8.57000541687,
G2_D075_DENS_REF_V_HIGH_S030,G2_D075_DENS_REF_V_HIGH,30,8.58003807068,19.3041859897,10.4611011765,0,0,8.58003807068,
G2_D075_DENS_REF_V_HIGH_S030,G2_D075_DENS_REF_V_HIGH,30,8.590092659,19.7760627121,7.64265819221,0,0,8.590092659,
G2_D075_DENS_REF_V_HIGH_S030,G2_D075_DENS_REF_V_HIGH,30,8.60001850128,18.9037212061,8.89046252076,0,0,8.60001850128,
G2_D075_DENS_REF_V_HIGH_S030,G2_D075_DENS_REF_V_HIGH,30,8.61005020142,21.6812402213,7.95583166893,0,0,8.61005020142,
G2_D075_DENS_REF_V_HIGH_S030,G2_D075_DENS_REF_V_HIGH,30,8.62010288239,23.7059453033,9.29406669059,0,0,8.62010288239,
G2_D075_DENS_REF_V_HIGH_S030,G2_D075_DENS_REF_V_HIGH,30,8.63008022308,26.6241285518,6.89758374093,0,0,8.63008022308,
G2_D075_DENS_REF_V_HIGH_S030,G2_D075_DENS_REF_V_HIGH,30,8.64006137848,20.4688177592,7.33916432911,0,0,8.64006137848,
G2_D075_DENS_REF_V_HIGH_S030,G2_D075_DENS_REF_V_HIGH,30,8.65005111694,21.1239967663,4.82072016299,0,0,8.65005111694,
G2_D075_DENS_REF_V_HIGH_S030,G2_D075_DENS_REF_V_HIGH,30,8.66005802155,22.1713114484,7.75097073521,0,0,8.66005802155,
G2_D075_DENS_REF_V_HIGH_S030,G2_D075_DENS_REF_V_HIGH,30,8.67007064819,24.2669399518,9.52290538611,0,0,8.67007064819,
G2_D075_DENS_REF_V_HIGH_S030,G2_D075_DENS_REF_V_HIGH,30,8.68002223969,21.6400500378,2.47158086548,0,0,8.68002223969,
G2_D075_DENS_REF_V_HIGH_S030,G2_D075_DENS_REF_V_HIGH,30,8.6901102066,21.6170322542,9.31325091949,0,0,8.6901102066,
G2_D075_DENS_REF_V_HIGH_S030,G2_D075_DENS_REF_V_HIGH,30,8.70008087158,22.8337054796,9.56615848809,0,0,8.70008087158,
G2_D075_DENS_REF_V_HIGH_S030,G2_D075_DENS_REF_V_HIGH,30,8.71011352539,21.5309714292,9.75065986881,0,0,8.71011352539,
G2_D075_DENS_REF_V_HIGH_S030,G2_D075_DENS_REF_V_HIGH,30,8.72011566162,21.2056078844,11.9002602391,0,0,8.72011566162,
G2_D075_DENS_REF_V_HIGH_S030,G2_D075_DENS_REF_V_HIGH,30,8.73011207581,24.1834278164,10.5875163804,0,0,8.73011207581,
G2_D075_DENS_REF_V_HIGH_S030,G2_D075_DENS_REF_V_HIGH,30,8.74009418488,26.2426032064,7.4207034281,0,0,8.74009418488,
G2_D075_DENS_REF_V_HIGH_S030,G2_D075_DENS_REF_V_HIGH,30,8.75005435944,23.2663151407,10.0380235968,0,0,8.75005435944,
G2_D075_DENS_REF_V_HIGH_S030,G2_D075_DENS_REF_V_HIGH,30,8.76008892059,21.6278481589,8.43496425486,0,0,8.76008892059,
G2_D075_DENS_REF_V_HIGH_S030,G2_D075_DENS_REF_V_HIGH,30,8.77007865906,21.9710812671,7.06078303988,0,0,8.77007865906,
G2_D075_DENS_REF_V_HIGH_S030,G2_D075_DENS_REF_V_HIGH,30,8.78001022339,23.4468034777,13.0349315967,0,0,8.78001022339,
G2_D075_DENS_REF_V_HIGH_S030,G2_D075_DENS_REF_V_HIGH,30,8.79011535645,22.8205110927,6.27156418366,0,0,8.79011535645,
G2_D075_DENS_REF_V_HIGH_S030,G2_D075_DENS_REF_V_HIGH,30,8.8000202179,25.8584385416,0.937999820238,0,0,8.8000202179,
G2_D075_DENS_REF_V_HIGH_S030,G2_D075_DENS_REF_V_HIGH,30,8.81003284454,19.9977964946,7.01139423141,0,0,8.81003284454,
G2_D075_DENS_REF_V_HIGH_S030,G2_D075_DENS_REF_V_HIGH,30,8.82001018524,21.6617592142,9.9928166758,0,0,8.82001018524,
G2_D075_DENS_REF_V_HIGH_S030,G2_D075_DENS_REF_V_HIGH,30,8.83010578156,24.1860383996,10.2362450786,0,0,8.83010578156,
G2_D075_DENS_REF_V_HIGH_S030,G2_D075_DENS_REF_V_HIGH,30,8.8400812149,24.0140670626,10.7787523758,0,0,8.8400812149,
G2_D075_DENS_REF_V_HIGH_S030,G2_D075_DENS_REF_V_HIGH,30,8.85006332397,22.2485502265,6.75720140904,0,0,8.85006332397,
G2_D075_DENS_REF_V_HIGH_S030,G2_D075_DENS_REF_V_HIGH,30,8.86001777649,16.7971773262,5.41326525617,0,0,8.86001777649,
G2_D075_DENS_REF_V_HIGH_S030,G2_D075_DENS_REF_V_HIGH,30,8.87003803253,22.5406017575,7.24604698161,0,0,8.87003803253,
G2_D075_DENS_REF_V_HIGH_S030,G2_D075_DENS_REF_V_HIGH,30,8.88001251221,20.4142276137,5.20020562627,0,0,8.88001251221,
G2_D075_DENS_REF_V_HIGH_S030,G2_D075_DENS_REF_V_HIGH,30,8.89004898071,21.161170498,7.36174126222,0,0,8.89004898071,
G2_D075_DENS_REF_V_HIGH_S030,G2_D075_DENS_REF_V_HIGH,30,8.90004444122,20.1547652678,8.96907143945,0,0,8.90004444122,
G2_D075_DENS_REF_V_HIGH_S030,G2_D075_DENS_REF_V_HIGH,30,8.91010379791,21.2126770164,7.33482885976,0,0,8.91010379791,
G2_D075_DENS_REF_V_HIGH_S030,G2_D075_DENS_REF_V_HIGH,30,8.92008781433,31.0094683804,6.55357597613,0,0,8.92008781433,
G2_D075_DENS_REF_V_HIGH_S030,G2_D075_DENS_REF_V_HIGH,30,8.93003940582,22.0024723691,9.57937126776,0,0,8.93003940582,
G2_D075_DENS_REF_V_HIGH_S030,G2_D075_DENS_REF_V_HIGH,30,8.94005203247,14.3678616954,7.95376960698,0,0,8.94005203247,
G2_D075_DENS_REF_V_HIGH_S030,G2_D075_DENS_REF_V_HIGH,30,8.9500875473,11.3464686767,6.03288793345,0,0,8.9500875473,
G2_D075_DENS_REF_V_HIGH_S030,G2_D075_DENS_REF_V_HIGH,30,8.96010112762,23.2806987687,8.18097598557,0,0,8.96010112762,
G2_D075_DENS_REF_V_HIGH_S030,G2_D075_DENS_REF_V_HIGH,30,8.97011852264,31.5974795806,18.4296792899,0,0,8.97011852264,
G2_D075_DENS_REF_V_HIGH_S030,G2_D075_DENS_REF_V_HIGH,30,8.9800786972,18.2423053147,7.46090238694,0,0,8.9800786972,
G2_D075_DENS_REF_V_HIGH_S030,G2_D075_DENS_REF_V_HIGH,30,8.99007511139,17.8466914411,8.73274131201,0,0,8.99007511139,
G2_D075_DENS_REF_V_HIGH_S030,G2_D075_DENS_REF_V_HIGH,30,9,23.1933514413,7.52446324937,0,0,9,
