run_id,scenario_id,S,z_m,qb_MPa,qs_kPa,ALLKE,ALLIE,time_s,walltime_h
G2_D075_DENS_LOW_V_LOW_S050,G2_D075_DENS_LOW_V_LOW,50,0,0,0,0,0,0,
G2_D075_DENS_LOW_V_LOW_S050,G2_D075_DENS_LOW_V_LOW,50,0.00903704762459,0,0,0,0,0.0361481904984,
G2_D075_DENS_LOW_V_LOW_S050,G2_D075_DENS_LOW_V_LOW,50,0.0180230271071,0.571031598946,0.00233825353015,0,0,0.0720921084285,
G2_D075_DENS_LOW_V_LOW_S050,G2_D075_DENS_LOW_V_LOW,50,0.0270332340151,0,0,0,0,0.10813293606,
G2_D075_DENS_LOW_V_LOW_S050,G2_D075_DENS_LOW_V_LOW,50,0.0360041223466,0,0,0,0,0.144016489387,
G2_D075_DENS_LOW_V_LOW_S050,G2_D075_DENS_LOW_V_LOW,50,0.0450143590569,0.492619260397,23.6702180728,0,0,0.180057436228,
G2_D075_DENS_LOW_V_LOW_S050,G2_D075_DENS_LOW_V_LOW,50,0.0540245696902,0,0,0,0,0.216098278761,
G2_D075_DENS_LOW_V_LOW_S050,G2_D075_DENS_LOW_V_LOW,50,0.0630347952247,0,0,0,0,0.252139180899,
G2_D075_DENS_LOW_V_LOW_S050,G2_D075_DENS_LOW_V_LOW,50,0.0720056965947,0.463979349111,3.27786605784,0,0,0.288022786379,
G2_D075_DENS_LOW_V_LOW_S050,G2_D075_DENS_LOW_V_LOW,50,0.0810159146786,0.311873989095,28.8645009071,0,0,0.324063658714,
G2_D075_DENS_LOW_V_LOW_S050,G2_D075_DENS_LOW_V_LOW,50,0.0900261327624,0,0,0,0,0.36010453105,
G2_D075_DENS_LOW_V_LOW_S050,G2_D075_DENS_LOW_V_LOW,50,0.099036373198,0.397750860261,2.56318972928,0,0,0.396145492792,
G2_D075_DENS_LOW_V_LOW_S050,G2_D075_DENS_LOW_V_LOW,50,0.108007252216,0.390235037477,22.8814129914,0,0,0.432029008865,
G2_D075_DENS_LOW_V_LOW_S050,G2_D075_DENS_LOW_V_LOW,50,0.1170174703,0,0,0,0,0.468069881201,
G2_D075_DENS_LOW_V_LOW_S050,G2_D075_DENS_LOW_V_LOW,50,0.126027703285,0.0917770536839,6.7534948992e-05,0,0,0.504110813141,
G2_D075_DENS_LOW_V_LOW_S050,G2_D075_DENS_LOW_V_LOW,50,0.135037943721,0.702870227915,11.8829229744,0,0,0.540151774883,
G2_D075_DENS_LOW_V_LOW_S050,G2_D075_DENS_LOW_V_LOW,50,0.144008800387,0.143162090431,1.15185952627e-05,0,0,0.57603520155,
G2_D075_DENS_LOW_V_LOW_S050,G2_D075_DENS_LOW_V_LOW,50,0.153019011021,0,0,0,0,0.612076044083,
G2_D075_DENS_LOW_V_LOW_S050,G2_D075_DENS_LOW_V_LOW,50,0.162029236555,0.881566621096,3.65848195415,0,0,0.64811694622,
G2_D075_DENS_LOW_V_LOW_S050,G2_D075_DENS_LOW_V_LOW,50,0.171000093222,0.326384754522,13.5594445105,0,0,0.684000372887,
G2_D075_DENS_LOW_V_LOW_S050,G2_D075_DENS_LOW_V_LOW,50,0.180010288954,0,0,0,0,0.720041155815,
G2_D075_DENS_LOW_V_LOW_S050,G2_D075_DENS_LOW_V_LOW,50,0.189020514488,0.560859429043,0.0515847316753,0,0,0.756082057953,
G2_D075_DENS_LOW_V_LOW_S050,G2_D075_DENS_LOW_V_LOW,50,0.198030725121,0.319640701963,4.67445811521,0,0,0.792122900486,
G2_D075_DENS_LOW_V_LOW_S050,G2_D075_DENS_LOW_V_LOW,50,0.207001581788,0.0355799350248,5.41280928415e-06,0,0,0.828006327152,
G2_D075_DENS_LOW_V_LOW_S050,G2_D075_DENS_LOW_V_LOW,50,0.216011807323,0.379785002662,5.99455358212e-05,0,0,0.86404722929,
G2_D075_DENS_LOW_V_LOW_S050,G2_D075_DENS_LOW_V_LOW,50,0.225022017956,0.697988854628,4.99576066305,0,0,0.900088071823,
G2_D075_DENS_LOW_V_LOW_S050,G2_D075_DENS_LOW_V_LOW,50,0.234032213688,0.178016444443,2.16499256969,0,0,0.936128854752,
G2_D075_DENS_LOW_V_LOW_S050,G2_D075_DENS_LOW_V_LOW,50,0.243003085256,0.164171639527,0.203136236074,0,0,0.972012341022,
G2_D075_DENS_LOW_V_LOW_S050,G2_D075_DENS_LOW_V_LOW,50,0.252013325691,1.07903148528,5.07190897826,0,0,1.00805330276,
G2_D075_DENS_LOW_V_LOW_S050,G2_D075_DENS_LOW_V_LOW,50,0.261023521423,0.346783596605,3.26772820209,0,0,1.04409408569,
G2_D075_DENS_LOW_V_LOW_S050,G2_D075_DENS_LOW_V_LOW,50,0.270033717155,0.0662238131549,1.59816432151e-05,0,0,1.08013486862,
G2_D075_DENS_LOW_V_LOW_S050,G2_D075_DENS_LOW_V_LOW,50,0.279004603624,0.819228448256,4.83954103472,0,0,1.1160184145,
G2_D075_DENS_LOW_V_LOW_S050,G2_D075_DENS_LOW_V_LOW,50,0.288014829159,0.73376210566,3.44614874448,0,0,1.15205931664,
G2_D075_DENS_LOW_V_LOW_S050,G2_D075_DENS_LOW_V_LOW,50,0.297025024891,0.238699119203,0.312298288835,0,0,1.18810009956,
G2_D075_DENS_LOW_V_LOW_S050,G2_D075_DENS_LOW_V_LOW,50,0.306035280228,0.622559496941,1.34874130089,0,0,1.22414112091,
G2_D075_DENS_LOW_V_LOW_S050,G2_D075_DENS_LOW_V_LOW,50,0.315006136894,0.815547368498,3.59196995161,0,0,1.26002454758,
G2_D075_DENS_LOW_V_LOW_S050,G2_D075_DENS_LOW_V_LOW,50,0.324016332626,0.33307109269,2.03325122339,0,0,1.29606533051,
G2_D075_DENS_LOW_V_LOW_S050,G2_D075_DENS_LOW_V_LOW,50,0.333026558161,0.388893065654,0.570941756776,0,0,1.33210623264,
G2_D075_DENS_LOW_V_LOW_S050,G2_D075_DENS_LOW_V_LOW,50,0.342036783695,0.913434359033,3.66625507896,0,0,1.36814713478,
G2_D075_DENS_LOW_V_LOW_S050,G2_D075_DENS_LOW_V_LOW,50,0.351007670164,0.670028563961,3.08080679826,0,0,1.40403068066,
G2_D075_DENS_LOW_V_LOW_S050,G2_D075_DENS_LOW_V_LOW,50,0.360017865896,0.407944547857,0.11835788766,0,0,1.44007146358,
G2_D075_DENS_LOW_V_LOW_S050,G2_D075_DENS_LOW_V_LOW,50,0.369028121233,0.934912470574,3.68156611767,0,0,1.47611248493,
G2_D075_DENS_LOW_V_LOW_S050,G2_D075_DENS_LOW_V_LOW,50,0.378038316965,0.850870993001,3.97911702367,0,0,1.51215326786,
G2_D075_DENS_LOW_V_LOW_S050,G2_D075_DENS_LOW_V_LOW,50,0.387009203434,0.471624519825,1.64315579325,0,0,1.54803681374,
G2_D075_DENS_LOW_V_LOW_S050,G2_D075_DENS_LOW_V_LOW,50,0.396019428968,0.897718222869,2.88271915515,0,0,1.58407771587,
G2_D075_DENS_LOW_V_LOW_S050,G2_D075_DENS_LOW_V_LOW,50,0.405029654503,1.01331196068,3.49119391276,0,0,1.62011861801,
G2_D075_DENS_LOW_V_LOW_S050,G2_D075_DENS_LOW_V_LOW,50,0.414000511169,0.567638503978,2.10410041836,0,0,1.65600204468,
G2_D075_DENS_LOW_V_LOW_S050,G2_D075_DENS_LOW_V_LOW,50,0.423010736704,0.645681864173,1.64009042234,0,0,1.69204294682,
G2_D075_DENS_LOW_V_LOW_S050,G2_D075_DENS_LOW_V_LOW,50,0.432020962238,1.11181947589,3.72486834046,0,0,1.72808384895,
G2_D075_DENS_LOW_V_LOW_S050,G2_D075_DENS_LOW_V_LOW,50,0.441031187773,0.726578028368,2.74719358257,0,0,1.76412475109,
G2_D075_DENS_LOW_V_LOW_S050,G2_D075_DENS_LOW_V_LOW,50,0.450002044439,0.697431328783,2.35036456206,0,0,1.80000817776,
G2_D075_DENS_LOW_V_LOW_S050,G2_D075_DENS_LOW_V_LOW,50,0.459012269974,1.05905159924,3.41551076479,0,0,1.8360490799,
G2_D075_DENS_LOW_V_LOW_S050,G2_D075_DENS_LOW_V_LOW,50,0.468022495508,1.1910936274,4.0841525944,0,0,1.87208998203,
G2_D075_DENS_LOW_V_LOW_S050,G2_D075_DENS_LOW_V_LOW,50,0.477032721043,0.717050076781,1.66135895751,0,0,1.90813088417,
G2_D075_DENS_LOW_V_LOW_S050,G2_D075_DENS_LOW_V_LOW,50,0.486003607512,1.17478148913,3.91030955276,0,0,1.94401443005,
G2_D075_DENS_LOW_V_LOW_S050,G2_D075_DENS_LOW_V_LOW,50,0.495013833046,1.08340596665,3.68175839211,0,0,1.98005533218,
G2_D075_DENS_LOW_V_LOW_S050,G2_D075_DENS_LOW_V_LOW,50,0.504024028778,0.914768386924,2.88737339908,0,0,2.01609611511,
G2_D075_DENS_LOW_V_LOW_S050,G2_D075_DENS_LOW_V_LOW,50,0.513034284115,1.07526143349,3.26755498379,0,0,2.05213713646,
G2_D075_DENS_LOW_V_LOW_S050,G2_D075_DENS_LOW_V_LOW,50,0.522005140781,1.23203278263,3.14033323162,0,0,2.08802056313,
G2_D075_DENS_LOW_V_LOW_S050,G2_D075_DENS_LOW_V_LOW,50,0.531015396118,1.08374741756,2.91419529363,0,0,2.12406158447,
G2_D075_DENS_LOW_V_LOW_S050,G2_D075_DENS_LOW_V_LOW,50,0.54002559185,1.0062481476,2.92840254423,0,0,2.1601023674,
G2_D075_DENS_LOW_V_LOW_S050,G2_D075_DENS_LOW_V_LOW,50,0.549035847187,1.29515816455,4.48092048299,0,0,2.19614338875,
G2_D075_DENS_LOW_V_LOW_S050,G2_D075_DENS_LOW_V_LOW,50,0.558006703854,1.14160017029,4.73487179307,0,0,2.23202681541,
G2_D075_DENS_LOW_V_LOW_S050,G2_D075_DENS_LOW_V_LOW,50,0.567016899586,0.806955902833,2.07442915634,0,0,2.26806759834,
G2_D075_DENS_LOW_V_LOW_S050,G2_D075_DENS_LOW_V_LOW,50,0.576027154922,1.23787468087,3.5061158317,0,0,2.30410861969,
G2_D075_DENS_LOW_V_LOW_S050,G2_D075_DENS_LOW_V_LOW,50,0.585037350655,1.53734017969,4.81502549478,0,0,2.34014940262,
G2_D075_DENS_LOW_V_LOW_S050,G2_D075_DENS_LOW_V_LOW,50,0.594008266926,0.988316068981,2.62707769213,0,0,2.3760330677,
G2_D075_DENS_LOW_V_LOW_S050,G2_D075_DENS_LOW_V_LOW,50,0.603018462658,1.23088471182,3.03038172869,0,0,2.41207385063,
G2_D075_DENS_LOW_V_LOW_S050,G2_D075_DENS_LOW_V_LOW,50,0.612028717995,1.39703418308,3.73603439102,0,0,2.44811487198,
G2_D075_DENS_LOW_V_LOW_S050,G2_D075_DENS_LOW_V_LOW,50,0.621038913727,1.23117000258,3.60968769323,0,0,2.48415565491,
G2_D075_DENS_LOW_V_LOW_S050,G2_D075_DENS_LOW_V_LOW,50,0.630009829998,1.21673166508,3.00900947235,0,0,2.52003931999,
G2_D075_DENS_LOW_V_LOW_S050,G2_D075_DENS_LOW_V_LOW,50,0.63902002573,1.37453835029,3.52457562738,0,0,2.55608010292,
G2_D075_DENS_LOW_V_LOW_S050,G2_D075_DENS_LOW_V_LOW,50,0.648030221462,1.30440407203,3.24458985094,0,0,2.59212088585,
G2_D075_DENS_LOW_V_LOW_S050,G2_D075_DENS_LOW_V_LOW,50,0.657001137733,1.36255309888,3.81731869648,0,0,2.62800455093,
G2_D075_DENS_LOW_V_LOW_S050,G2_D075_DENS_LOW_V_LOW,50,0.666011333466,1.58664519292,3.69799945688,0,0,2.66404533386,
G2_D075_DENS_LOW_V_LOW_S050,G2_D075_DENS_LOW_V_LOW,50,0.675021588802,1.48028202735,4.49740646777,0,0,2.70008635521,
G2_D075_DENS_LOW_V_LOW_S050,G2_D075_DENS_LOW_V_LOW,50,0.684031784534,1.22350251978,3.61119123559,0,0,2.73612713814,
G2_D075_DENS_LOW_V_LOW_S050,G2_D075_DENS_LOW_V_LOW,50,0.693002700806,1.39299728427,4.18106026012,0,0,2.77201080322,
G2_D075_DENS_LOW_V_LOW_S050,G2_D075_DENS_LOW_V_LOW,50,0.702012896538,1.60652229139,4.33264416574,0,0,2.80805158615,
G2_D075_DENS_LOW_V_LOW_S050,G2_D075_DENS_LOW_V_LOW,50,0.71102309227,1.34088274419,4.05938477479,0,0,2.84409236908,
G2_D075_DENS_LOW_V_LOW_S050,G2_D075_DENS_LOW_V_LOW,50,0.720033347607,0.983906288922,2.20338569748,0,0,2.88013339043,
G2_D075_DENS_LOW_V_LOW_S050,G2_D075_DENS_LOW_V_LOW,50,0.729004204273,1.45820867356,4.01468174273,0,0,2.91601681709,
G2_D075_DENS_LOW_V_LOW_S050,G2_D075_DENS_LOW_V_LOW,50,0.73801445961,1.24567120075,3.19675054037,0,0,2.95205783844,
G2_D075_DENS_LOW_V_LOW_S050,G2_D075_DENS_LOW_V_LOW,50,0.747024655342,1.45944240068,3.9559675555,0,0,2.98809862137,
G2_D075_DENS_LOW_V_LOW_S050,G2_D075_DENS_LOW_V_LOW,50,0.756034910679,1.47814849455,3.66205759634,0,0,3.02413964272,
G2_D075_DENS_LOW_V_LOW_S050,G2_D075_DENS_LOW_V_LOW,50,0.765005767345,1.48103621731,3.25976536334,0,0,3.06002306938,
G2_D075_DENS_LOW_V_LOW_S050,G2_D075_DENS_LOW_V_LOW,50,0.774015963078,1.28029734805,3.0395996221,0,0,3.09606385231,
G2_D075_DENS_LOW_V_LOW_S050,G2_D075_DENS_LOW_V_LOW,50,0.783026218414,1.47342068091,4.12607484576,0,0,3.13210487366,
G2_D075_DENS_LOW_V_LOW_S050,G2_D075_DENS_LOW_V_LOW,50,0.792036414146,1.39904379055,3.93275325957,0,0,3.16814565659,
G2_D075_DENS_LOW_V_LOW_S050,G2_D075_DENS_LOW_V_LOW,50,0.801007270813,1.53824661683,3.71671322957,0,0,3.20402908325,
G2_D075_DENS_LOW_V_LOW_S050,G2_D075_DENS_LOW_V_LOW,50,0.81001752615,1.27937985849,3.32641766144,0,0,3.2400701046,
G2_D075_DENS_LOW_V_LOW_S050,G2_D075_DENS_LOW_V_LOW,50,0.819027721882,1.66564973431,4.30145385896,0,0,3.27611088753,
G2_D075_DENS_LOW_V_LOW_S050,G2_D075_DENS_LOW_V_LOW,50,0.828037977219,1.52860489432,3.7309083732,0,0,3.31215190887,
G2_D075_DENS_LOW_V_LOW_S050,G2_D075_DENS_LOW_V_LOW,50,0.837008833885,1.41048374286,4.15190362565,0,0,3.34803533554,
G2_D075_DENS_LOW_V_LOW_S050,G2_D075_DENS_LOW_V_LOW,50,0.846019029617,1.37951028439,4.67648353074,0,0,3.38407611847,
G2_D075_DENS_LOW_V_LOW_S050,G2_D075_DENS_LOW_V_LOW,50,0.855029284954,1.43209289474,3.90454099768,0,0,3.42011713982,
G2_D075_DENS_LOW_V_LOW_S050,G2_D075_DENS_LOW_V_LOW,50,0.864000141621,1.47434038096,4.2044023616,0,0,3.45600056648,
G2_D075_DENS_LOW_V_LOW_S050,G2_D075_DENS_LOW_V_LOW,50,0.873010337353,1.66343980161,4.37067447321,0,0,3.49204134941,
G2_D075_DENS_LOW_V_LOW_S050,G2_D075_DENS_LOW_V_LOW,50,0.88202059269,1.63884442222,4.47543515701,0,0,3.52808237076,
G2_D075_DENS_LOW_V_LOW_S050,G2_D075_DENS_LOW_V_LOW,50,0.891030788422,1.47291834812,4.18244357208,0,0,3.56412315369,
G2_D075_DENS_LOW_V_LOW_S050,G2_D075_DENS_LOW_V_LOW,50,0.900001704693,1.83340401792,5.35341905131,0,0,3.60000681877,
G2_D075_DENS_LOW_V_LOW_S050,G2_D075_DENS_LOW_V_LOW,50,0.909011900425,1.75112091234,4.76498214874,0,0,3.6360476017,
G2_D075_DENS_LOW_V_LOW_S050,G2_D075_DENS_LOW_V_LOW,50,0.918022096157,1.58126583874,4.3263463445,0,0,3.67208838463,
G2_D075_DENS_LOW_V_LOW_S050,G2_D075_DENS_LOW_V_LOW,50,0.927032351494,1.67217411989,4.09719157348,0,0,3.70812940598,
G2_D075_DENS_LOW_V_LOW_S050,G2_D075_DENS_LOW_V_LOW,50,0.93600320816,1.50310128178,3.99674014175,0,0,3.74401283264,
G2_D075_DENS_LOW_V_LOW_S050,G2_D075_DENS_LOW_V_LOW,50,0.945013403893,1.8124933794,5.63802090544,0,0,3.78005361557,
G2_D075_DENS_LOW_V_LOW_S050,G2_D075_DENS_LOW_V_LOW,50,0.954023659229,1.32661323251,4.71883802491,0,0,3.81609463692,
G2_D075_DENS_LOW_V_LOW_S050,G2_D075_DENS_LOW_V_LOW,50,0.963033854961,1.74603375668,5.46101764811,0,0,3.85213541985,
G2_D075_DENS_LOW_V_LOW_S050,G2_D075_DENS_LOW_V_LOW,50,0.972004711628,1.79323825624,4.39229982472,0,0,3.88801884651,
G2_D075_DENS_LOW_V_LOW_S050,G2_D075_DENS_LOW_V_LOW,50,0.981014966965,1.81376855312,4.58409990732,0,0,3.92405986786,
G2_D075_DENS_LOW_V_LOW_S050,G2_D075_DENS_LOW_V_LOW,50,0.990025162697,1.83200864906,5.13405315359,0,0,3.96010065079,
G2_D075_DENS_LOW_V_LOW_S050,G2_D075_DENS_LOW_V_LOW,50,0.999035358429,1.82127287448,4.97840163033,0,0,3.99614143372,
G2_D075_DENS_LOW_V_LOW_S050,G2_D075_DENS_LOW_V_LOW,50,1.0080062151,1.79918860641,4.43631944531,0,0,4.03202486038,
G2_D075_DENS_LOW_V_LOW_S050,G2_D075_DENS_LOW_V_LOW,50,1.01701653004,1.80662246855,4.83858088625,0,0,4.06806612015,
G2_D075_DENS_LOW_V_LOW_S050,G2_D075_DENS_LOW_V_LOW,50,1.02602672577,1.90975777293,5.41908468288,0,0,4.10410690308,
G2_D075_DENS_LOW_V_LOW_S050,G2_D075_DENS_LOW_V_LOW,50,1.0350369215,1.8530781662,4.74410670473,0,0,4.140147686,
G2_D075_DENS_LOW_V_LOW_S050,G2_D075_DENS_LOW_V_LOW,50,1.04400777817,1.95897436675,4.91312287686,0,0,4.17603111267,
G2_D075_DENS_LOW_V_LOW_S050,G2_D075_DENS_LOW_V_LOW,50,1.0530179739,1.91671499917,4.99997655782,0,0,4.2120718956,
G2_D075_DENS_LOW_V_LOW_S050,G2_D075_DENS_LOW_V_LOW,50,1.06202816963,1.80905704182,5.19245058206,0,0,4.24811267853,
G2_D075_DENS_LOW_V_LOW_S050,G2_D075_DENS_LOW_V_LOW,50,1.07103836536,1.82527385291,5.72512463476,0,0,4.28415346146,
G2_D075_DENS_LOW_V_LOW_S050,G2_D075_DENS_LOW_V_LOW,50,1.08000934124,1.50758718543,5.39103498758,0,0,4.32003736496,
G2_D075_DENS_LOW_V_LOW_S050,G2_D075_DENS_LOW_V_LOW,50,1.08901953697,1.70396725394,5.02615932351,0,0,4.35607814789,
G2_D075_DENS_LOW_V_LOW_S050,G2_D075_DENS_LOW_V_LOW,50,1.0980297327,2.02673541271,4.71990660145,0,0,4.39211893082,
G2_D075_DENS_LOW_V_LOW_S050,G2_D075_DENS_LOW_V_LOW,50,1.10700058937,1.84100670587,5.0871256589,0,0,4.42800235748,
G2_D075_DENS_LOW_V_LOW_S050,G2_D075_DENS_LOW_V_LOW,50,1.1160107851,1.98847854326,4.42122603815,0,0,4.46404314041,
G2_D075_DENS_LOW_V_LOW_S050,G2_D075_DENS_LOW_V_LOW,50,1.12502098083,1.79989471832,4.10893495308,0,0,4.50008392334,
G2_D075_DENS_LOW_V_LOW_S050,G2_D075_DENS_LOW_V_LOW,50,1.13403117657,1.89255467092,4.63051377037,0,0,4.53612470627,
G2_D075_DENS_LOW_V_LOW_S050,G2_D075_DENS_LOW_V_LOW,50,1.14300215244,2.16266727333,4.89139226407,0,0,4.57200860977,
G2_D075_DENS_LOW_V_LOW_S050,G2_D075_DENS_LOW_V_LOW,50,1.15201234818,1.89137344283,4.20291712532,0,0,4.6080493927,
G2_D075_DENS_LOW_V_LOW_S050,G2_D075_DENS_LOW_V_LOW,50,1.16102254391,2.00176673761,4.32019276527,0,0,4.64409017563,
G2_D075_DENS_LOW_V_LOW_S050,G2_D075_DENS_LOW_V_LOW,50,1.17003273964,1.95242566584,4.72027197353,0,0,4.68013095856,
G2_D075_DENS_LOW_V_LOW_S050,G2_D075_DENS_LOW_V_LOW,50,1.17900359631,2.16354994775,5.34781741479,0,0,4.71601438522,
G2_D075_DENS_LOW_V_LOW_S050,G2_D075_DENS_LOW_V_LOW,50,1.18801379204,1.94364423659,4.30231815126,0,0,4.75205516815,
G2_D075_DENS_LOW_V_LOW_S050,G2_D075_DENS_LOW_V_LOW,50,1.19702398777,2.16649873517,4.14504286512,0,0,4.78809595108,
G2_D075_DENS_LOW_V_LOW_S050,G2_D075_DENS_LOW_V_LOW,50,1.20603430271,1.97036154373,4.17450093858,0,0,4.82413721085,
G2_D075_DENS_LOW_V_LOW_S050,G2_D075_DENS_LOW_V_LOW,50,1.21500515938,2.04328434922,4.61545251028,0,0,4.86002063751,
G2_D075_DENS_LOW_V_LOW_S050,G2_D075_DENS_LOW_V_LOW,50,1.22401535511,1.9993400392,5.83845975835,0,0,4.89606142044,
G2_D075_DENS_LOW_V_LOW_S050,G2_D075_DENS_LOW_V_LOW,50,1.23302555084,2.12987983535,4.83810267889,0,0,4.93210220337,
G2_D075_DENS_LOW_V_LOW_S050,G2_D075_DENS_LOW_V_LOW,50,1.24203574657,2.08288795684,3.77546055105,0,0,4.9681429863,
G2_D075_DENS_LOW_V_LOW_S050,G2_D075_DENS_LOW_V_LOW,50,1.25100660324,2.16640921051,5.2580533958,0,0,5.00402641296,
G2_D075_DENS_LOW_V_LOW_S050,G2_D075_DENS_LOW_V_LOW,50,1.26001679897,2.50812937964,4.99834497771,0,0,5.04006719589,
G2_D075_DENS_LOW_V_LOW_S050,G2_D075_DENS_LOW_V_LOW,50,1.26902699471,2.14376859093,3.90350297762,0,0,5.07610797882,
G2_D075_DENS_LOW_V_LOW_S050,G2_D075_DENS_LOW_V_LOW,50,1.27803730965,2.12752539217,4.49672275492,0,0,5.11214923859,
G2_D075_DENS_LOW_V_LOW_S050,G2_D075_DENS_LOW_V_LOW,50,1.28700816631,2.30064604336,4.7584438214,0,0,5.14803266525,
G2_D075_DENS_LOW_V_LOW_S050,G2_D075_DENS_LOW_V_LOW,50,1.29601836205,2.28295925953,4.94474736,0,0,5.18407344818,
G2_D075_DENS_LOW_V_LOW_S050,G2_D075_DENS_LOW_V_LOW,50,1.30502855778,1.97977171789,3.86734693283,0,0,5.22011423111,
G2_D075_DENS_LOW_V_LOW_S050,G2_D075_DENS_LOW_V_LOW,50,1.31403875351,2.14075072584,3.81308524108,0,0,5.25615501404,
G2_D075_DENS_LOW_V_LOW_S050,G2_D075_DENS_LOW_V_LOW,50,1.32300961018,1.97045866693,3.67640195796,0,0,5.2920384407,
G2_D075_DENS_LOW_V_LOW_S050,G2_D075_DENS_LOW_V_LOW,50,1.33201980591,2.27375079215,4.69132107197,0,0,5.32807922363,
G2_D075_DENS_LOW_V_LOW_S050,G2_D075_DENS_LOW_V_LOW,50,1.34103000164,2.25552810379,4.95473908371,0,0,5.36412000656,
G2_D075_DENS_LOW_V_LOW_S050,G2_D075_DENS_LOW_V_LOW,50,1.35000085831,2.18570274086,4.34979779196,0,0,5.40000343323,
G2_D075_DENS_LOW_V_LOW_S050,G2_D075_DENS_LOW_V_LOW,50,1.35901117325,2.4396742413,4.36120274902,0,0,5.43604469299,
G2_D075_DENS_LOW_V_LOW_S050,G2_D075_DENS_LOW_V_LOW,50,1.36802136898,2.23836409974,4.5843646746,0,0,5.47208547592,
G2_D075_DENS_LOW_V_LOW_S050,G2_D075_DENS_LOW_V_LOW,50,1.37703156471,2.29390820779,4.12972969734,0,0,5.50812625885,
G2_D075_DENS_LOW_V_LOW_S050,G2_D075_DENS_LOW_V_LOW,50,1.38600242138,2.2594106831,4.14951033451,0,0,5.54400968552,
G2_D075_DENS_LOW_V_LOW_S050,G2_D075_DENS_LOW_V_LOW,50,1.39501261711,2.66301863869,5.24677210385,0,0,5.58005046844,
G2_D075_DENS_LOW_V_LOW_S050,G2_D075_DENS_LOW_V_LOW,50,1.40402281284,2.53493482988,4.61067307531,0,0,5.61609125137,
G2_D075_DENS_LOW_V_LOW_S050,G2_D075_DENS_LOW_V_LOW,50,1.41303300858,2.25225976309,5.65072828404,0,0,5.6521320343,
G2_D075_DENS_LOW_V_LOW_S050,G2_D075_DENS_LOW_V_LOW,50,1.42200386524,2.45013536308,4.99053700087,0,0,5.68801546097,
G2_D075_DENS_LOW_V_LOW_S050,G2_D075_DENS_LOW_V_LOW,50,1.43101406097,2.52479395216,4.08910542223,0,0,5.7240562439,
G2_D075_DENS_LOW_V_LOW_S050,G2_D075_DENS_LOW_V_LOW,50,1.44002425671,2.04311497078,3.97634294964,0,0,5.76009702682,
G2_D075_DENS_LOW_V_LOW_S050,G2_D075_DENS_LOW_V_LOW,50,1.44903457165,2.56955158263,4.95049824882,0,0,5.79613828659,
G2_D075_DENS_LOW_V_LOW_S050,G2_D075_DENS_LOW_V_LOW,50,1.45800542831,2.41923885713,4.5255893892,0,0,5.83202171326,
G2_D075_DENS_LOW_V_LOW_S050,G2_D075_DENS_LOW_V_LOW,50,1.46701562405,2.50975408635,4.59714328545,0,0,5.86806249619,
G2_D075_DENS_LOW_V_LOW_S050,G2_D075_DENS_LOW_V_LOW,50,1.47602581978,2.58606501322,4.74385503358,0,0,5.90410327911,
G2_D075_DENS_LOW_V_LOW_S050,G2_D075_DENS_LOW_V_LOW,50,1.48503601551,2.34406439603,3.45929859104,0,0,5.94014406204,
G2_D075_DENS_LOW_V_LOW_S050,G2_D075_DENS_LOW_V_LOW,50,1.49400687218,2.59531672321,4.31307221574,0,0,5.97602748871,
G2_D075_DENS_LOW_V_LOW_S050,G2_D075_DENS_LOW_V_LOW,50,1.50301706791,2.5981610652,4.53704657414,0,0,6.01206827164,
G2_D075_DENS_LOW_V_LOW_S050,G2_D075_DENS_LOW_V_LOW,50,1.51202726364,2.54389586106,4.23294084029,0,0,6.04810905457,
G2_D075_DENS_LOW_V_LOW_S050,G2_D075_DENS_LOW_V_LOW,50,1.52103745937,2.57062919422,3.81036582799,0,0,6.08414983749,
G2_D075_DENS_LOW_V_LOW_S050,G2_D075_DENS_LOW_V_LOW,50,1.53000831604,2.61199096661,4.40198686405,0,0,6.12003326416,
G2_D075_DENS_LOW_V_LOW_S050,G2_D075_DENS_LOW_V_LOW,50,1.53901851177,2.6005392711,4.3686916784,0,0,6.15607404709,
G2_D075_DENS_LOW_V_LOW_S050,G2_D075_DENS_LOW_V_LOW,50,1.5480287075,2.59321593323,4.45958619967,0,0,6.19211483002,
G2_D075_DENS_LOW_V_LOW_S050,G2_D075_DENS_LOW_V_LOW,50,1.55703902245,2.49988233522,3.56113833497,0,0,6.22815608978,
G2_D075_DENS_LOW_V_LOW_S050,G2_D075_DENS_LOW_V_LOW,50,1.56600987911,2.73248148203,4.41327732559,0,0,6.26403951645,
G2_D075_DENS_LOW_V_LOW_S050,G2_D075_DENS_LOW_V_LOW,50,1.57502007484,2.9004137097,4.6048086206,0,0,6.30008029938,
G2_D075_DENS_LOW_V_LOW_S050,G2_D075_DENS_LOW_V_LOW,50,1.58403027058,2.77047944838,4.40309887557,0,0,6.33612108231,
G2_D075_DENS_LOW_V_LOW_S050,G2_D075_DENS_LOW_V_LOW,50,1.59300112724,2.89374384656,6.17514394906,0,0,6.37200450897,
G2_D075_DENS_LOW_V_LOW_S050,G2_D075_DENS_LOW_V_LOW,50,1.60201132298,2.58338618132,4.88976011353,0,0,6.4080452919,
G2_D075_DENS_LOW_V_LOW_S050,G2_D075_DENS_LOW_V_LOW,50,1.61102151871,2.87736497927,4.64807514815,0,0,6.44408607483,
G2_D075_DENS_LOW_V_LOW_S050,G2_D075_DENS_LOW_V_LOW,50,1.62003171444,2.74193931978,4.68467976198,0,0,6.48012685776,
G2_D075_DENS_LOW_V_LOW_S050,G2_D075_DENS_LOW_V_LOW,50,1.62900257111,2.64751678144,4.93087180149,0,0,6.51601028442,
G2_D075_DENS_LOW_V_LOW_S050,G2_D075_DENS_LOW_V_LOW,50,1.63801276684,2.6082704435,4.09043556456,0,0,6.55205106735,
G2_D075_DENS_LOW_V_LOW_S050,G2_D075_DENS_LOW_V_LOW,50,1.64702296257,2.8391257937,5.21687763823,0,0,6.58809185028,
G2_D075_DENS_LOW_V_LOW_S050,G2_D075_DENS_LOW_V_LOW,50,1.6560331583,2.69635579674,5.09930662039,0,0,6.62413263321,
G2_D075_DENS_LOW_V_LOW_S050,G2_D075_DENS_LOW_V_LOW,50,1.66500401497,2.88562418136,4.22197224687,0,0,6.66001605988,
G2_D075_DENS_LOW_V_LOW_S050,G2_D075_DENS_LOW_V_LOW,50,1.6740142107,2.55223491693,3.98696775046,0,0,6.6960568428,
G2_D075_DENS_LOW_V_LOW_S050,G2_D075_DENS_LOW_V_LOW,50,1.68302452564,2.90126889121,4.80653661664,0,0,6.73209810257,
G2_D075_DENS_LOW_V_LOW_S050,G2_D075_DENS_LOW_V_LOW,50,1.69203472137,2.78969796038,4.47009263381,0,0,6.7681388855,
G2_D075_DENS_LOW_V_LOW_S050,G2_D075_DENS_LOW_V_LOW,50,1.70100557804,2.7719593683,4.1407373648,0,0,6.80402231216,
G2_D075_DENS_LOW_V_LOW_S050,G2_D075_DENS_LOW_V_LOW,50,1.71001577377,2.7279444609,4.06718465291,0,0,6.84006309509,
G2_D075_DENS_LOW_V_LOW_S050,G2_D075_DENS_LOW_V_LOW,50,1.71902596951,2.74786949927,4.28796827388,0,0,6.87610387802,
G2_D075_DENS_LOW_V_LOW_S050,G2_D075_DENS_LOW_V_LOW,50,1.72803616524,3.04800836719,4.41698433489,0,0,6.91214466095,
G2_D075_DENS_LOW_V_LOW_S050,G2_D075_DENS_LOW_V_LOW,50,1.7370070219,2.97956649176,3.89251523272,0,0,6.94802808762,
G2_D075_DENS_LOW_V_LOW_S050,G2_D075_DENS_LOW_V_LOW,50,1.74601721764,2.87778497148,4.61361999222,0,0,6.98406887054,
G2_D075_DENS_LOW_V_LOW_S050,G2_D075_DENS_LOW_V_LOW,50,1.75502741337,2.84775414684,4.5487467776,0,0,7.02010965347,
G2_D075_DENS_LOW_V_LOW_S050,G2_D075_DENS_LOW_V_LOW,50,1.7640376091,3.08129717088,5.18159926082,0,0,7.0561504364,
G2_D075_DENS_LOW_V_LOW_S050,G2_D075_DENS_LOW_V_LOW,50,1.77300846577,3.08316171525,4.46611032016,0,0,7.09203386307,
G2_D075_DENS_LOW_V_LOW_S050,G2_D075_DENS_LOW_V_LOW,50,1.7820186615,3.15387707483,4.09199891616,0,0,7.128074646,
G2_D075_DENS_LOW_V_LOW_S050,G2_D075_DENS_LOW_V_LOW,50,1.79102885723,2.85147715674,4.35161494761,0,0,7.16411542892,
G2_D075_DENS_LOW_V_LOW_S050,G2_D075_DENS_LOW_V_LOW,50,1.80003905296,3.09632598426,3.86566873274,0,0,7.20015621185,
G2_D075_DENS_LOW_V_LOW_S050,G2_D075_DENS_LOW_V_LOW,50,1.80900990963,2.79919365269,3.88778340448,0,0,7.23603963852,
G2_D075_DENS_LOW_V_LOW_S050,G2_D075_DENS_LOW_V_LOW,50,1.81802010536,2.95919079069,4.59032793749,0,0,7.27208042145,
G2_D075_DENS_LOW_V_LOW_S050,G2_D075_DENS_LOW_V_LOW,50,1.82703030109,2.98981043336,4.37227738149,0,0,7.30812120438,
G2_D075_DENS_LOW_V_LOW_S050,G2_D075_DENS_LOW_V_LOW,50,1.83600115776,3.03505547583,4.98572168627,0,0,7.34400463104,
G2_D075_DENS_LOW_V_LOW_S050,G2_D075_DENS_LOW_V_LOW,50,1.8450114727,2.95086637929,4.62818758486,0,0,7.38004589081,
G2_D075_DENS_LOW_V_LOW_S050,G2_D075_DENS_LOW_V_LOW,50,1.85402166843,3.28252151797,4.81997571757,0,0,7.41608667374,
G2_D075_DENS_LOW_V_LOW_S050,G2_D075_DENS_LOW_V_LOW,50,1.86303186417,3.12773863853,3.89593616395,0,0,7.45212745667,
G2_D075_DENS_LOW_V_LOW_S050,G2_D075_DENS_LOW_V_LOW,50,1.87200272083,3.01310646184,3.96821652,0,0,7.48801088333,
G2_D075_DENS_LOW_V_LOW_S050,G2_D075_DENS_LOW_V_LOW,50,1.88101291656,3.17072401239,4.01489617287,0,0,7.52405166626,
G2_D075_DENS_LOW_V_LOW_S050,G2_D075_DENS_LOW_V_LOW,50,1.8900231123,3.19016246768,4.01856293908,0,0,7.56009244919,
G2_D075_DENS_LOW_V_LOW_S050,G2_D075_DENS_LOW_V_LOW,50,1.89903330803,2.97295714065,4.9420582578,0,0,7.59613323212,
G2_D075_DENS_LOW_V_LOW_S050,G2_D075_DENS_LOW_V_LOW,50,1.9080041647,3.04929127761,4.16782738301,0,0,7.63201665878,
G2_D075_DENS_LOW_V_LOW_S050,G2_D075_DENS_LOW_V_LOW,50,1.91701436043,3.04782047594,4.5071479878,0,0,7.66805744171,
G2_D075_DENS_LOW_V_LOW_S050,G2_D075_DENS_LOW_V_LOW,50,1.92602455616,3.39899889729,3.62753911582,0,0,7.70409822464,
G2_D075_DENS_LOW_V_LOW_S050,G2_D075_DENS_LOW_V_LOW,50,1.93503475189,3.02881002587,3.96551896377,0,0,7.74013900757,
G2_D075_DENS_LOW_V_LOW_S050,G2_D075_DENS_LOW_V_LOW,50,1.94400560856,3.20210212783,4.79477105232,0,0,7.77602243423,
G2_D075_DENS_LOW_V_LOW_S050,G2_D075_DENS_LOW_V_LOW,50,1.95301580429,3.27475166207,4.25008823242,0,0,7.81206321716,
G2_D075_DENS_LOW_V_LOW_S050,G2_D075_DENS_LOW_V_LOW,50,1.96202600002,3.15720606572,4.23917588774,0,0,7.84810400009,
G2_D075_DENS_LOW_V_LOW_S050,G2_D075_DENS_LOW_V_LOW,50,1.97103619576,3.28986557914,4.84539930554,0,0,7.88414478302,
G2_D075_DENS_LOW_V_LOW_S050,G2_D075_DENS_LOW_V_LOW,50,1.98000705242,3.30018136151,4.07117849919,0,0,7.92002820969,
G2_D075_DENS_LOW_V_LOW_S050,G2_D075_DENS_LOW_V_LOW,50,1.98901724815,3.20935141444,3.79470242322,0,0,7.95606899261,
G2_D075_DENS_LOW_V_LOW_S050,G2_D075_DENS_LOW_V_LOW,50,1.99802744389,3.26737582518,5.75023400766,0,0,7.99210977554,
G2_D075_DENS_LOW_V_LOW_S050,G2_D075_DENS_LOW_V_LOW,50,2.00703763962,3.2797578587,4.49073124095,0,0,8.02815055847,
G2_D075_DENS_LOW_V_LOW_S050,G2_D075_DENS_LOW_V_LOW,50,2.01600861549,3.36484082025,4.77407583771,0,0,8.06403446198,
G2_D075_DENS_LOW_V_LOW_S050,G2_D075_DENS_LOW_V_LOW,50,2.02501869202,3.33449168573,4.21237157316,0,0,8.10007476807,
G2_D075_DENS_LOW_V_LOW_S050,G2_D075_DENS_LOW_V_LOW,50,2.03402900696,3.19476248763,4.76790719938,0,0,8.13611602783,
G2_D075_DENS_LOW_V_LOW_S050,G2_D075_DENS_LOW_V_LOW,50,2.04303908348,3.29849724801,3.89457120188,0,0,8.17215633392,
G2_D075_DENS_LOW_V_LOW_S050,G2_D075_DENS_LOW_V_LOW,50,2.05201005936,3.35871915746,4.85316512634,0,0,8.20804023743,
G2_D075_DENS_LOW_V_LOW_S050,G2_D075_DENS_LOW_V_LOW,50,2.06102013588,3.17965520202,4.27197782987,0,0,8.24408054352,
G2_D075_DENS_LOW_V_LOW_S050,G2_D075_DENS_LOW_V_LOW,50,2.07003045082,3.11438951768,3.91930487136,0,0,8.28012180328,
G2_D075_DENS_LOW_V_LOW_S050,G2_D075_DENS_LOW_V_LOW,50,2.07900118828,3.35449381477,4.56018674185,0,0,8.31600475311,
G2_D075_DENS_LOW_V_LOW_S050,G2_D075_DENS_LOW_V_LOW,50,2.08801150322,3.57676225843,4.00807792099,0,0,8.35204601288,
G2_D075_DENS_LOW_V_LOW_S050,G2_D075_DENS_LOW_V_LOW,50,2.09702157974,3.28327584609,3.96497145834,0,0,8.38808631897,
G2_D075_DENS_LOW_V_LOW_S050,G2_D075_DENS_LOW_V_LOW,50,2.10603189468,3.2140655507,3.60477160094,0,0,8.42412757874,
G2_D075_DENS_LOW_V_LOW_S050,G2_D075_DENS_LOW_V_LOW,50,2.11500263214,3.61203027541,3.79016986485,0,0,8.46001052856,
G2_D075_DENS_LOW_V_LOW_S050,G2_D075_DENS_LOW_V_LOW,50,2.12401294708,3.46220081727,4.04659691738,0,0,8.49605178833,
G2_D075_DENS_LOW_V_LOW_S050,G2_D075_DENS_LOW_V_LOW,50,2.13302302361,3.54593317228,3.65128581225,0,0,8.53209209442,
G2_D075_DENS_LOW_V_LOW_S050,G2_D075_DENS_LOW_V_LOW,50,2.14203333855,3.50497066881,3.85402059195,0,0,8.56813335419,
G2_D075_DENS_LOW_V_LOW_S050,G2_D075_DENS_LOW_V_LOW,50,2.151004076,3.2936573904,4.30070430837,0,0,8.60401630402,
G2_D075_DENS_LOW_V_LOW_S050,G2_D075_DENS_LOW_V_LOW,50,2.16001439095,3.61318774079,3.76499705035,0,0,8.64005756378,
G2_D075_DENS_LOW_V_LOW_S050,G2_D075_DENS_LOW_V_LOW,50,2.16902446747,3.89248891621,4.37912822439,0,0,8.67609786987,
G2_D075_DENS_LOW_V_LOW_S050,G2_D075_DENS_LOW_V_LOW,50,2.17803478241,3.22743484223,3.68728230566,0,0,8.71213912964,
G2_D075_DENS_LOW_V_LOW_S050,G2_D075_DENS_LOW_V_LOW,50,2.18700551987,3.46795692104,8.30650918114,0,0,8.74802207947,
G2_D075_DENS_LOW_V_LOW_S050,G2_D075_DENS_LOW_V_LOW,50,2.19601583481,3.39035424182,4.2409058038,0,0,8.78406333923,
G2_D075_DENS_LOW_V_LOW_S050,G2_D075_DENS_LOW_V_LOW,50,2.20502591133,3.50705045918,4.29792693979,0,0,8.82010364532,
G2_D075_DENS_LOW_V_LOW_S050,G2_D075_DENS_LOW_V_LOW,50,2.21403622627,3.98204092645,4.54935869542,0,0,8.85614490509,
G2_D075_DENS_LOW_V_LOW_S050,G2_D075_DENS_LOW_V_LOW,50,2.22300696373,3.48693780587,4.12897114279,0,0,8.89202785492,
G2_D075_DENS_LOW_V_LOW_S050,G2_D075_DENS_LOW_V_LOW,50,2.23201727867,3.62377430761,4.29449847212,0,0,8.92806911469,
G2_D075_DENS_LOW_V_LOW_S050,G2_D075_DENS_LOW_V_LOW,50,2.24102735519,3.44857345158,3.466013184,0,0,8.96410942078,
G2_D075_DENS_LOW_V_LOW_S050,G2_D075_DENS_LOW_V_LOW,50,2.25003767014,3.94331819722,4.09153658898,0,0,9.00015068054,
G2_D075_DENS_LOW_V_LOW_S050,G2_D075_DENS_LOW_V_LOW,50,2.25900840759,3.67509459268,3.94382096148,0,0,9.03603363037,
G2_D075_DENS_LOW_V_LOW_S050,G2_D075_DENS_LOW_V_LOW,50,2.26801872253,3.91029465178,4.43381543137,0,0,9.07207489014,
G2_D075_DENS_LOW_V_LOW_S050,G2_D075_DENS_LOW_V_LOW,50,2.27702879906,3.53073912512,4.31073364461,0,0,9.10811519623,
G2_D075_DENS_LOW_V_LOW_S050,G2_D075_DENS_LOW_V_LOW,50,2.286039114,3.70181963652,3.75656216553,0,0,9.14415645599,
G2_D075_DENS_LOW_V_LOW_S050,G2_D075_DENS_LOW_V_LOW,50,2.29500985146,3.56915736,3.60436396416,0,0,9.18003940582,
G2_D075_DENS_LOW_V_LOW_S050,G2_D075_DENS_LOW_V_LOW,50,2.3040201664,3.38978172612,4.76367549797,0,0,9.21608066559,
G2_D075_DENS_LOW_V_LOW_S050,G2_D075_DENS_LOW_V_LOW,50,2.31303024292,3.61305262487,4.15022114163,0,0,9.25212097168,
G2_D075_DENS_LOW_V_LOW_S050,G2_D075_DENS_LOW_V_LOW,50,2.3220012188,3.61938041541,4.27709249993,0,0,9.28800487518,
G2_D075_DENS_LOW_V_LOW_S050,G2_D075_DENS_LOW_V_LOW,50,2.33101129532,3.55713480665,4.31777391458,0,0,9.32404518127,
G2_D075_DENS_LOW_V_LOW_S050,G2_D075_DENS_LOW_V_LOW,50,2.34002161026,3.7776699535,4.12156869487,0,0,9.36008644104,
G2_D075_DENS_LOW_V_LOW_S050,G2_D075_DENS_LOW_V_LOW,50,2.34903168678,3.73085657169,4.21514574679,0,0,9.39612674713,
G2_D075_DENS_LOW_V_LOW_S050,G2_D075_DENS_LOW_V_LOW,50,2.35800266266,3.78986299053,4.3515275953,0,0,9.43201065063,
G2_D075_DENS_LOW_V_LOW_S050,G2_D075_DENS_LOW_V_LOW,50,2.36701273918,3.98196576995,4.52656276996,0,0,9.46805095673,
G2_D075_DENS_LOW_V_LOW_S050,G2_D075_DENS_LOW_V_LOW,50,2.37602305412,3.84830324882,3.59833666891,0,0,9.50409221649,
G2_D075_DENS_LOW_V_LOW_S050,G2_D075_DENS_LOW_V_LOW,50,2.38503313065,3.96262816805,4.80012480432,0,0,9.54013252258,
G2_D075_DENS_LOW_V_LOW_S050,G2_D075_DENS_LOW_V_LOW,50,2.39400410652,3.70180333419,4.49322180863,0,0,9.57601642609,
G2_D075_DENS_LOW_V_LOW_S050,G2_D075_DENS_LOW_V_LOW,50,2.40301418304,3.65865162131,4.14447718478,0,0,9.61205673218,
G2_D075_DENS_LOW_V_LOW_S050,G2_D075_DENS_LOW_V_LOW,50,2.41202449799,3.79059935845,4.2784877253,0,0,9.64809799194,
G2_D075_DENS_LOW_V_LOW_S050,G2_D075_DENS_LOW_V_LOW,50,2.42103457451,3.77266624367,3.78691417441,0,0,9.68413829803,
G2_D075_DENS_LOW_V_LOW_S050,G2_D075_DENS_LOW_V_LOW,50,2.43000555038,3.83951767491,4.16753543236,0,0,9.72002220154,
G2_D075_DENS_LOW_V_LOW_S050,G2_D075_DENS_LOW_V_LOW,50,2.43901562691,3.86007850412,3.94018869598,0,0,9.75606250763,
G2_D075_DENS_LOW_V_LOW_S050,G2_D075_DENS_LOW_V_LOW,50,2.44802594185,3.98660889437,6.02401354329,0,0,9.7921037674,
G2_D075_DENS_LOW_V_LOW_S050,G2_D075_DENS_LOW_V_LOW,50,2.45703601837,3.65261920687,7.23032750575,0,0,9.82814407349,
G2_D075_DENS_LOW_V_LOW_S050,G2_D075_DENS_LOW_V_LOW,50,2.46600699425,3.99164244575,4.22983135935,0,0,9.86402797699,
G2_D075_DENS_LOW_V_LOW_S050,G2_D075_DENS_LOW_V_LOW,50,2.47501707077,3.76837845477,9.91668997295,0,0,9.90006828308,
G2_D075_DENS_LOW_V_LOW_S050,G2_D075_DENS_LOW_V_LOW,50,2.48402738571,3.95698175961,3.79030478366,0,0,9.93610954285,
G2_D075_DENS_LOW_V_LOW_S050,G2_D075_DENS_LOW_V_LOW,50,2.49303746223,4.10760892665,4.01798156341,0,0,9.97214984894,
G2_D075_DENS_LOW_V_LOW_S050,G2_D075_DENS_LOW_V_LOW,50,2.50200843811,3.93302811175,3.62043963477,0,0,10.0080337524,
G2_D075_DENS_LOW_V_LOW_S050,G2_D075_DENS_LOW_V_LOW,50,2.51101851463,3.66905250737,3.76787502254,0,0,10.0440740585,
G2_D075_DENS_LOW_V_LOW_S050,G2_D075_DENS_LOW_V_LOW,50,2.52002882957,3.79092927339,3.97574137812,0,0,10.0801153183,
G2_D075_DENS_LOW_V_LOW_S050,G2_D075_DENS_LOW_V_LOW,50,2.5290389061,4.14144178604,3.46590085295,0,0,10.1161556244,
G2_D075_DENS_LOW_V_LOW_S050,G2_D075_DENS_LOW_V_LOW,50,2.53800988197,4.08593207866,4.99242842419,0,0,10.1520395279,
G2_D075_DENS_LOW_V_LOW_S050,G2_D075_DENS_LOW_V_LOW,50,2.5470199585,3.8055648967,3.6504564133,0,0,10.188079834,
G2_D075_DENS_LOW_V_LOW_S050,G2_D075_DENS_LOW_V_LOW,50,2.55603027344,3.89337311033,3.73625014265,0,0,10.2241210938,
G2_D075_DENS_LOW_V_LOW_S050,G2_D075_DENS_LOW_V_LOW,50,2.56500101089,4.11932007788,4.70384258842,0,0,10.2600040436,
G2_D075_DENS_LOW_V_LOW_S050,G2_D075_DENS_LOW_V_LOW,50,2.57401132584,3.98535361502,4.16167489724,0,0,10.2960453033,
G2_D075_DENS_LOW_V_LOW_S050,G2_D075_DENS_LOW_V_LOW,50,2.58302140236,4.10011565772,4.26216475256,0,0,10.3320856094,
G2_D075_DENS_LOW_V_LOW_S050,G2_D075_DENS_LOW_V_LOW,50,2.5920317173,3.98387231354,3.60301998806,0,0,10.3681268692,
G2_D075_DENS_LOW_V_LOW_S050,G2_D075_DENS_LOW_V_LOW,50,2.60100245476,4.34575252326,4.2845871319,0,0,10.404009819,
G2_D075_DENS_LOW_V_LOW_S050,G2_D075_DENS_LOW_V_LOW,50,2.6100127697,3.99564010846,3.77142269689,0,0,10.4400510788,
G2_D075_DENS_LOW_V_LOW_S050,G2_D075_DENS_LOW_V_LOW,50,2.61902284622,4.08851033348,3.80402841257,0,0,10.4760913849,
G2_D075_DENS_LOW_V_LOW_S050,G2_D075_DENS_LOW_V_LOW,50,2.62803292274,4.20684009949,4.43394231627,0,0,10.512131691,
G2_D075_DENS_LOW_V_LOW_S050,G2_D075_DENS_LOW_V_LOW,50,2.63700389862,3.81199215908,3.59062092682,0,0,10.5480155945,
G2_D075_DENS_LOW_V_LOW_S050,G2_D075_DENS_LOW_V_LOW,50,2.64601397514,4.06333041888,3.63794332867,0,0,10.5840559006,
G2_D075_DENS_LOW_V_LOW_S050,G2_D075_DENS_LOW_V_LOW,50,2.65502429008,3.64285880894,3.02887215266,0,0,10.6200971603,
G2_D075_DENS_LOW_V_LOW_S050,G2_D075_DENS_LOW_V_LOW,50,2.66403436661,4.1795126984,4.81114415266,0,0,10.6561374664,
G2_D075_DENS_LOW_V_LOW_S050,G2_D075_DENS_LOW_V_LOW,50,2.67300534248,4.04567693049,3.7945948011,0,0,10.6920213699,
G2_D075_DENS_LOW_V_LOW_S050,G2_D075_DENS_LOW_V_LOW,50,2.68201541901,4.38096472549,4.1013472557,0,0,10.728061676,
G2_D075_DENS_LOW_V_LOW_S050,G2_D075_DENS_LOW_V_LOW,50,2.69102573395,4.33765717339,3.98956226943,0,0,10.7641029358,
G2_D075_DENS_LOW_V_LOW_S050,G2_D075_DENS_LOW_V_LOW,50,2.70003581047,4.31995367277,4.99497727613,0,0,10.8001432419,
G2_D075_DENS_LOW_V_LOW_S050,G2_D075_DENS_LOW_V_LOW,50,2.70900678635,4.0702329356,3.77715875196,0,0,10.8360271454,
G2_D075_DENS_LOW_V_LOW_S050,G2_D075_DENS_LOW_V_LOW,50,2.71801686287,4.11342167411,4.53706579773,0,0,10.8720674515,
G2_D075_DENS_LOW_V_LOW_S050,G2_D075_DENS_LOW_V_LOW,50,2.72702717781,4.25999481107,4.71045744565,0,0,10.9081087112,
G2_D075_DENS_LOW_V_LOW_S050,G2_D075_DENS_LOW_V_LOW,50,2.73603725433,4.27989194206,4.3979585405,0,0,10.9441490173,
G2_D075_DENS_LOW_V_LOW_S050,G2_D075_DENS_LOW_V_LOW,50,2.74500823021,4.40847918889,4.07235331741,0,0,10.9800329208,
G2_D075_DENS_LOW_V_LOW_S050,G2_D075_DENS_LOW_V_LOW,50,2.75401830673,4.22477653,4.47097760974,0,0,11.0160732269,
G2_D075_DENS_LOW_V_LOW_S050,G2_D075_DENS_LOW_V_LOW,50,2.76302862167,4.10144333047,4.05281855183,0,0,11.0521144867,
G2_D075_DENS_LOW_V_LOW_S050,G2_D075_DENS_LOW_V_LOW,50,2.7720386982,4.62718626439,3.64354313364,0,0,11.0881547928,
G2_D075_DENS_LOW_V_LOW_S050,G2_D075_DENS_LOW_V_LOW,50,2.78100967407,4.50539791778,4.19251003925,0,0,11.1240386963,
G2_D075_DENS_LOW_V_LOW_S050,G2_D075_DENS_LOW_V_LOW,50,2.7900197506,3.97953755183,5.19342575133,0,0,11.1600790024,
G2_D075_DENS_LOW_V_LOW_S050,G2_D075_DENS_LOW_V_LOW,50,2.79903006554,4.22363813006,3.65526533766,0,0,11.1961202621,
G2_D075_DENS_LOW_V_LOW_S050,G2_D075_DENS_LOW_V_LOW,50,2.80800080299,4.12335283203,3.8497774759,0,0,11.232003212,
G2_D075_DENS_LOW_V_LOW_S050,G2_D075_DENS_LOW_V_LOW,50,2.81701111794,4.18206138798,3.95845357085,0,0,11.2680444717,
G2_D075_DENS_LOW_V_LOW_S050,G2_D075_DENS_LOW_V_LOW,50,2.82602119446,4.56327616018,4.04835651279,0,0,11.3040847778,
G2_D075_DENS_LOW_V_LOW_S050,G2_D075_DENS_LOW_V_LOW,50,2.8350315094,4.21439470939,3.71947546802,0,0,11.3401260376,
G2_D075_DENS_LOW_V_LOW_S050,G2_D075_DENS_LOW_V_LOW,50,2.84400224686,4.48676628963,4.3271865943,0,0,11.3760089874,
G2_D075_DENS_LOW_V_LOW_S050,G2_D075_DENS_LOW_V_LOW,50,2.85301232338,4.29574996375,4.09116227206,0,0,11.4120492935,
G2_D075_DENS_LOW_V_LOW_S050,G2_D075_DENS_LOW_V_LOW,50,2.86202263832,4.70297275361,3.89929995286,0,0,11.4480905533,
G2_D075_DENS_LOW_V_LOW_S050,G2_D075_DENS_LOW_V_LOW,50,2.87103271484,4.3173378397,3.7424653231,0,0,11.4841308594,
G2_D075_DENS_LOW_V_LOW_S050,G2_D075_DENS_LOW_V_LOW,50,2.88000369072,4.27034292178,3.36327387401,0,0,11.5200147629,
G2_D075_DENS_LOW_V_LOW_S050,G2_D075_DENS_LOW_V_LOW,50,2.88901376724,4.33124400286,5.42820579929,0,0,11.556055069,
G2_D075_DENS_LOW_V_LOW_S050,G2_D075_DENS_LOW_V_LOW,50,2.89802408218,4.560450331,3.95244230215,0,0,11.5920963287,
G2_D075_DENS_LOW_V_LOW_S050,G2_D075_DENS_LOW_V_LOW,50,2.90703415871,4.48819730257,4.56103696501,0,0,11.6281366348,
G2_D075_DENS_LOW_V_LOW_S050,G2_D075_DENS_LOW_V_LOW,50,2.91600513458,4.38046736629,4.4150309471,0,0,11.6640205383,
G2_D075_DENS_LOW_V_LOW_S050,G2_D075_DENS_LOW_V_LOW,50,2.92501521111,4.18457581503,3.8779145011,0,0,11.7000608444,
G2_D075_DENS_LOW_V_LOW_S050,G2_D075_DENS_LOW_V_LOW,50,2.93402552605,4.75159514135,4.10303194709,0,0,11.7361021042,
G2_D075_DENS_LOW_V_LOW_S050,G2_D075_DENS_LOW_V_LOW,50,2.94303560257,4.32623559574,4.01460915442,0,0,11.7721424103,
G2_D075_DENS_LOW_V_LOW_S050,G2_D075_DENS_LOW_V_LOW,50,2.95200657845,4.37966799953,3.69387050256,0,0,11.8080263138,
G2_D075_DENS_LOW_V_LOW_S050,G2_D075_DENS_LOW_V_LOW,50,2.96101665497,4.49555435034,3.66249628196,0,0,11.8440666199,
G2_D075_DENS_LOW_V_LOW_S050,G2_D075_DENS_LOW_V_LOW,50,2.97002696991,4.65859836604,4.01855265542,0,0,11.8801078796,
G2_D075_DENS_LOW_V_LOW_S050,G2_D075_DENS_LOW_V_LOW,50,2.97903704643,4.42956887672,3.94714275301,0,0,11.9161481857,
G2_D075_DENS_LOW_V_LOW_S050,G2_D075_DENS_LOW_V_LOW,50,2.98800778389,4.54407864779,3.84888599568,0,0,11.9520311356,
G2_D075_DENS_LOW_V_LOW_S050,G2_D075_DENS_LOW_V_LOW,50,2.99701809883,4.48488157459,3.66277937645,0,0,11.9880723953,
G2_D075_DENS_LOW_V_LOW_S050,G2_D075_DENS_LOW_V_LOW,50,3.00602817535,4.63704834465,3.85427155081,0,0,12.0241127014,
G2_D075_DENS_LOW_V_LOW_S050,G2_D075_DENS_LOW_V_LOW,50,3.0150384903,4.50761061359,4.28364503596,0,0,12.0601539612,
G2_D075_DENS_LOW_V_LOW_S050,G2_D075_DENS_LOW_V_LOW,50,3.02400922775,4.49185095849,3.93757343632,0,0,12.096036911,
G2_D075_DENS_LOW_V_LOW_S050,G2_D075_DENS_LOW_V_LOW,50,3.03301954269,4.4685029836,3.96163665829,0,0,12.1320781708,
G2_D075_DENS_LOW_V_LOW_S050,G2_D075_DENS_LOW_V_LOW,50,3.04202961922,4.74772347631,4.81308610658,0,0,12.1681184769,
G2_D075_DENS_LOW_V_LOW_S050,G2_D075_DENS_LOW_V_LOW,50,3.05100059509,4.58862545321,7.16403596394,0,0,12.2040023804,
G2_D075_DENS_LOW_V_LOW_S050,G2_D075_DENS_LOW_V_LOW,50,3.06001067162,4.92924300463,4.41108010402,0,0,12.2400426865,
G2_D075_DENS_LOW_V_LOW_S050,G2_D075_DENS_LOW_V_LOW,50,3.06902098656,4.7158200943,3.88709747073,0,0,12.2760839462,
G2_D075_DENS_LOW_V_LOW_S050,G2_D075_DENS_LOW_V_LOW,50,3.07803106308,4.56081008749,3.37362842981,0,0,12.3121242523,
G2_D075_DENS_LOW_V_LOW_S050,G2_D075_DENS_LOW_V_LOW,50,3.08700203896,4.48439692568,3.78096628281,0,0,12.3480081558,
G2_D075_DENS_LOW_V_LOW_S050,G2_D075_DENS_LOW_V_LOW,50,3.09601211548,4.4013727549,3.45334111215,0,0,12.3840484619,
G2_D075_DENS_LOW_V_LOW_S050,G2_D075_DENS_LOW_V_LOW,50,3.10502243042,4.79152866391,3.76903075993,0,0,12.4200897217,
G2_D075_DENS_LOW_V_LOW_S050,G2_D075_DENS_LOW_V_LOW,50,3.11403250694,4.66966295031,4.07979234629,0,0,12.4561300278,
G2_D075_DENS_LOW_V_LOW_S050,G2_D075_DENS_LOW_V_LOW,50,3.1230032444,4.91522686983,4.27053041563,0,0,12.4920129776,
G2_D075_DENS_LOW_V_LOW_S050,G2_D075_DENS_LOW_V_LOW,50,3.13201355934,4.91753572175,3.90828239087,0,0,12.5280542374,
G2_D075_DENS_LOW_V_LOW_S050,G2_D075_DENS_LOW_V_LOW,50,3.14102363586,4.75527394154,3.10192164312,0,0,12.5640945435,
G2_D075_DENS_LOW_V_LOW_S050,G2_D075_DENS_LOW_V_LOW,50,3.15003395081,4.66840905252,4.24857427392,0,0,12.6001358032,
G2_D075_DENS_LOW_V_LOW_S050,G2_D075_DENS_LOW_V_LOW,50,3.15900468826,4.1904896922,3.94289571955,0,0,12.6360187531,
G2_D075_DENS_LOW_V_LOW_S050,G2_D075_DENS_LOW_V_LOW,50,3.1680150032,4.73081105312,4.25767982663,0,0,12.6720600128,
G2_D075_DENS_LOW_V_LOW_S050,G2_D075_DENS_LOW_V_LOW,50,3.17702507973,4.36498540341,3.5215483349,0,0,12.7081003189,
G2_D075_DENS_LOW_V_LOW_S050,G2_D075_DENS_LOW_V_LOW,50,3.18603539467,4.56521061114,3.32099427736,0,0,12.7441415787,
G2_D075_DENS_LOW_V_LOW_S050,G2_D075_DENS_LOW_V_LOW,50,3.19500613213,4.59865028045,3.51288547864,0,0,12.7800245285,
G2_D075_DENS_LOW_V_LOW_S050,G2_D075_DENS_LOW_V_LOW,50,3.20401644707,4.79771691756,4.29558665402,0,0,12.8160657883,
G2_D075_DENS_LOW_V_LOW_S050,G2_D075_DENS_LOW_V_LOW,50,3.21302652359,4.77539598942,3.68767075453,0,0,12.8521060944,
G2_D075_DENS_LOW_V_LOW_S050,G2_D075_DENS_LOW_V_LOW,50,3.22203683853,4.9055233919,4.70892783872,0,0,12.8881473541,
G2_D075_DENS_LOW_V_LOW_S050,G2_D075_DENS_LOW_V_LOW,50,3.23100757599,4.7943006125,3.61311585924,0,0,12.924030304,
G2_D075_DENS_LOW_V_LOW_S050,G2_D075_DENS_LOW_V_LOW,50,3.24001765251,5.0794874814,3.51236357628,0,0,12.96007061,
G2_D075_DENS_LOW_V_LOW_S050,G2_D075_DENS_LOW_V_LOW,50,3.24902796745,4.74321408625,3.4328562439,0,0,12.9961118698,
G2_D075_DENS_LOW_V_LOW_S050,G2_D075_DENS_LOW_V_LOW,50,3.25803804398,4.83130689988,3.93736261405,0,0,13.0321521759,
G2_D075_DENS_LOW_V_LOW_S050,G2_D075_DENS_LOW_V_LOW,50,3.26700901985,4.8665061155,4.11881534553,0,0,13.0680360794,
G2_D075_DENS_LOW_V_LOW_S050,G2_D075_DENS_LOW_V_LOW,50,3.27601909637,4.88192425061,4.24821118758,0,0,13.1040763855,
G2_D075_DENS_LOW_V_LOW_S050,G2_D075_DENS_LOW_V_LOW,50,3.28502941132,4.18451917134,3.18442997251,0,0,13.1401176453,
G2_D075_DENS_LOW_V_LOW_S050,G2_D075_DENS_LOW_V_LOW,50,3.29400014877,4.49676238057,4.32888900849,0,0,13.1760005951,
G2_D075_DENS_LOW_V_LOW_S050,G2_D075_DENS_LOW_V_LOW,50,3.30301046371,5.21820040886,4.12101519121,0,0,13.2120418549,
G2_D075_DENS_LOW_V_LOW_S050,G2_D075_DENS_LOW_V_LOW,50,3.31202054024,4.75605147975,3.65517439106,0,0,13.2480821609,
G2_D075_DENS_LOW_V_LOW_S050,G2_D075_DENS_LOW_V_LOW,50,3.32103085518,4.54164766656,3.71623335181,0,0,13.2841234207,
G2_D075_DENS_LOW_V_LOW_S050,G2_D075_DENS_LOW_V_LOW,50,3.33000159264,5.04310399826,3.72966419419,0,0,13.3200063705,
G2_D075_DENS_LOW_V_LOW_S050,G2_D075_DENS_LOW_V_LOW,50,3.33901166916,5.27915564682,4.1680834448,0,0,13.3560466766,
G2_D075_DENS_LOW_V_LOW_S050,G2_D075_DENS_LOW_V_LOW,50,3.3480219841,5.2282045128,3.63750704276,0,0,13.3920879364,
G2_D075_DENS_LOW_V_LOW_S050,G2_D075_DENS_LOW_V_LOW,50,3.35703206062,4.99783381151,3.57070834644,0,0,13.4281282425,
G2_D075_DENS_LOW_V_LOW_S050,G2_D075_DENS_LOW_V_LOW,50,3.3660030365,4.98249746436,4.19771164284,0,0,13.464012146,
G2_D075_DENS_LOW_V_LOW_S050,G2_D075_DENS_LOW_V_LOW,50,3.37501311302,4.67772293241,3.03438660218,0,0,13.5000524521,
G2_D075_DENS_LOW_V_LOW_S050,G2_D075_DENS_LOW_V_LOW,50,3.38402342796,5.04880428728,3.62990518776,0,0,13.5360937119,
G2_D075_DENS_LOW_V_LOW_S050,G2_D075_DENS_LOW_V_LOW,50,3.39303350449,4.68457488429,3.76831701586,0,0,13.5721340179,
G2_D075_DENS_LOW_V_LOW_S050,G2_D075_DENS_LOW_V_LOW,50,3.40200448036,4.96993140793,3.97859602826,0,0,13.6080179214,
G2_D075_DENS_LOW_V_LOW_S050,G2_D075_DENS_LOW_V_LOW,50,3.41101455688,5.28006636678,4.09709653729,0,0,13.6440582275,
G2_D075_DENS_LOW_V_LOW_S050,G2_D075_DENS_LOW_V_LOW,50,3.42002463341,4.94129843895,3.93455211925,0,0,13.6800985336,
G2_D075_DENS_LOW_V_LOW_S050,G2_D075_DENS_LOW_V_LOW,50,3.42903494835,5.29917048616,4.10745411722,0,0,13.7161397934,
G2_D075_DENS_LOW_V_LOW_S050,G2_D075_DENS_LOW_V_LOW,50,3.43800568581,5.02888505143,3.90502976768,0,0,13.7520227432,
G2_D075_DENS_LOW_V_LOW_S050,G2_D075_DENS_LOW_V_LOW,50,3.44701600075,5.15245781232,5.48813762021,0,0,13.788064003,
G2_D075_DENS_LOW_V_LOW_S050,G2_D075_DENS_LOW_V_LOW,50,3.45602607727,5.39742269032,3.65099291976,0,0,13.8241043091,
G2_D075_DENS_LOW_V_LOW_S050,G2_D075_DENS_LOW_V_LOW,50,3.46503639221,5.0204874177,4.10290582327,0,0,13.8601455688,
G2_D075_DENS_LOW_V_LOW_S050,G2_D075_DENS_LOW_V_LOW,50,3.47400712967,5.21896468416,4.5371384218,0,0,13.8960285187,
G2_D075_DENS_LOW_V_LOW_S050,G2_D075_DENS_LOW_V_LOW,50,3.48301744461,5.21797825509,3.77283730932,0,0,13.9320697784,
G2_D075_DENS_LOW_V_LOW_S050,G2_D075_DENS_LOW_V_LOW,50,3.49202752113,5.20687719781,4.03426257085,0,0,13.9681100845,
G2_D075_DENS_LOW_V_LOW_S050,G2_D075_DENS_LOW_V_LOW,50,3.50103783607,4.91246321056,3.36707462708,0,0,14.0041513443,
G2_D075_DENS_LOW_V_LOW_S050,G2_D075_DENS_LOW_V_LOW,50,3.51000857353,5.17894882102,3.78652274188,0,0,14.0400342941,
G2_D075_DENS_LOW_V_LOW_S050,G2_D075_DENS_LOW_V_LOW,50,3.51901865005,4.68258876323,3.63610961851,0,0,14.0760746002,
G2_D075_DENS_LOW_V_LOW_S050,G2_D075_DENS_LOW_V_LOW,50,3.528028965,4.97857274767,4.01831454854,0,0,14.11211586,
G2_D075_DENS_LOW_V_LOW_S050,G2_D075_DENS_LOW_V_LOW,50,3.53703904152,5.20772768204,4.516970927,0,0,14.1481561661,
G2_D075_DENS_LOW_V_LOW_S050,G2_D075_DENS_LOW_V_LOW,50,3.5460100174,5.2002446366,4.7471626482,0,0,14.1840400696,
G2_D075_DENS_LOW_V_LOW_S050,G2_D075_DENS_LOW_V_LOW,50,3.55502009392,5.25532440458,3.68324288282,0,0,14.2200803757,
G2_D075_DENS_LOW_V_LOW_S050,G2_D075_DENS_LOW_V_LOW,50,3.56403040886,4.9524763106,3.56204616148,0,0,14.2561216354,
G2_D075_DENS_LOW_V_LOW_S050,G2_D075_DENS_LOW_V_LOW,50,3.57300114632,5.01192841854,3.84106328889,0,0,14.2920045853,
G2_D075_DENS_LOW_V_LOW_S050,G2_D075_DENS_LOW_V_LOW,50,3.58201146126,5.16131799011,4.34630564983,0,0,14.328045845,
G2_D075_DENS_LOW_V_LOW_S050,G2_D075_DENS_LOW_V_LOW,50,3.59102153778,4.74840320054,3.75092598055,0,0,14.3640861511,
G2_D075_DENS_LOW_V_LOW_S050,G2_D075_DENS_LOW_V_LOW,50,3.6000316143,5.0631602842,3.29433062157,0,0,14.4001264572,
G2_D075_DENS_LOW_V_LOW_S050,G2_D075_DENS_LOW_V_LOW,50,3.60900259018,5.20748231816,3.83064148973,0,0,14.4360103607,
G2_D075_DENS_LOW_V_LOW_S050,G2_D075_DENS_LOW_V_LOW,50,3.6180126667,5.29136968346,2.99963820101,0,0,14.4720506668,
G2_D075_DENS_LOW_V_LOW_S050,G2_D075_DENS_LOW_V_LOW,50,3.62702298164,4.86469296492,3.50278510657,0,0,14.5080919266,
G2_D075_DENS_LOW_V_LOW_S050,G2_D075_DENS_LOW_V_LOW,50,3.63603305817,4.48835590489,4.20692191355,0,0,14.5441322327,
G2_D075_DENS_LOW_V_LOW_S050,G2_D075_DENS_LOW_V_LOW,50,3.64500403404,5.33276654731,4.16625501712,0,0,14.5800161362,
G2_D075_DENS_LOW_V_LOW_S050,G2_D075_DENS_LOW_V_LOW,50,3.65401411057,5.10986010232,3.85511917315,0,0,14.6160564423,
G2_D075_DENS_LOW_V_LOW_S050,G2_D075_DENS_LOW_V_LOW,50,3.66302442551,5.1886506411,3.7009339,0,0,14.652097702,
G2_D075_DENS_LOW_V_LOW_S050,G2_D075_DENS_LOW_V_LOW,50,3.67203450203,5.36487439921,3.70393274932,0,0,14.6881380081,
G2_D075_DENS_LOW_V_LOW_S050,G2_D075_DENS_LOW_V_LOW,50,3.68100523949,5.10052798592,3.82974453248,0,0,14.7240209579,
G2_D075_DENS_LOW_V_LOW_S050,G2_D075_DENS_LOW_V_LOW,50,3.69001555443,5.31486548456,3.99008538873,0,0,14.7600622177,
G2_D075_DENS_LOW_V_LOW_S050,G2_D075_DENS_LOW_V_LOW,50,3.69902563095,5.31121707854,4.05228892706,0,0,14.7961025238,
G2_D075_DENS_LOW_V_LOW_S050,G2_D075_DENS_LOW_V_LOW,50,3.70803594589,4.69831139269,3.70191190716,0,0,14.8321437836,
G2_D075_DENS_LOW_V_LOW_S050,G2_D075_DENS_LOW_V_LOW,50,3.71700668335,5.22532259257,4.06829098447,0,0,14.8680267334,
G2_D075_DENS_LOW_V_LOW_S050,G2_D075_DENS_LOW_V_LOW,50,3.72601699829,5.21820538246,3.61193583387,0,0,14.9040679932,
G2_D075_DENS_LOW_V_LOW_S050,G2_D075_DENS_LOW_V_LOW,50,3.73502707481,5.26810377284,3.52032315858,0,0,14.9401082993,
G2_D075_DENS_LOW_V_LOW_S050,G2_D075_DENS_LOW_V_LOW,50,3.74403715134,5.03132597985,3.0119674298,0,0,14.9761486053,
G2_D075_DENS_LOW_V_LOW_S050,G2_D075_DENS_LOW_V_LOW,50,3.75300812721,5.23872918604,4.21957858891,0,0,15.0120325089,
G2_D075_DENS_LOW_V_LOW_S050,G2_D075_DENS_LOW_V_LOW,50,3.76201820374,5.28099587585,4.52043296709,0,0,15.0480728149,
G2_D075_DENS_LOW_V_LOW_S050,G2_D075_DENS_LOW_V_LOW,50,3.77102851868,5.37355663293,4.59084845165,0,0,15.0841140747,
G2_D075_DENS_LOW_V_LOW_S050,G2_D075_DENS_LOW_V_LOW,50,3.7800385952,5.01749828893,3.74761786974,0,0,15.1201543808,
G2_D075_DENS_LOW_V_LOW_S050,G2_D075_DENS_LOW_V_LOW,50,3.78900957108,5.06305694401,3.38682907729,0,0,15.1560382843,
G2_D075_DENS_LOW_V_LOW_S050,G2_D075_DENS_LOW_V_LOW,50,3.7980196476,5.40165687495,3.66631457527,0,0,15.1920785904,
G2_D075_DENS_LOW_V_LOW_S050,G2_D075_DENS_LOW_V_LOW,50,3.80702996254,4.78146708735,3.47107990745,0,0,15.2281198502,
G2_D075_DENS_LOW_V_LOW_S050,G2_D075_DENS_LOW_V_LOW,50,3.8160007,5.46930712033,5.64067560966,0,0,15.2640028,
G2_D075_DENS_LOW_V_LOW_S050,G2_D075_DENS_LOW_V_LOW,50,3.82501077652,5.19139109027,4.15626914475,0,0,15.3000431061,
G2_D075_DENS_LOW_V_LOW_S050,G2_D075_DENS_LOW_V_LOW,50,3.83402109146,5.31163928123,4.30154663041,0,0,15.3360843658,
G2_D075_DENS_LOW_V_LOW_S050,G2_D075_DENS_LOW_V_LOW,50,3.84303116798,5.35955652415,4.03519656161,0,0,15.3721246719,
G2_D075_DENS_LOW_V_LOW_S050,G2_D075_DENS_LOW_V_LOW,50,3.85200214386,5.22446050329,3.64800502631,0,0,15.4080085754,
G2_D075_DENS_LOW_V_LOW_S050,G2_D075_DENS_LOW_V_LOW,50,3.86101222038,5.55118736496,3.27740758932,0,0,15.4440488815,
G2_D075_DENS_LOW_V_LOW_S050,G2_D075_DENS_LOW_V_LOW,50,3.87002253532,5.3900849843,3.17995377708,0,0,15.4800901413,
G2_D075_DENS_LOW_V_LOW_S050,G2_D075_DENS_LOW_V_LOW,50,3.87903261185,5.18260772685,3.96138537363,0,0,15.5161304474,
G2_D075_DENS_LOW_V_LOW_S050,G2_D075_DENS_LOW_V_LOW,50,3.8880033493,5.42925588942,3.75257078064,0,0,15.5520133972,
G2_D075_DENS_LOW_V_LOW_S050,G2_D075_DENS_LOW_V_LOW,50,3.89701366425,5.63315105541,3.96526108833,0,0,15.588054657,
G2_D075_DENS_LOW_V_LOW_S050,G2_D075_DENS_LOW_V_LOW,50,3.90602374077,5.27143000063,3.94654503747,0,0,15.6240949631,
G2_D075_DENS_LOW_V_LOW_S050,G2_D075_DENS_LOW_V_LOW,50,3.91503405571,5.32415781223,3.83502766204,0,0,15.6601362228,
G2_D075_DENS_LOW_V_LOW_S050,G2_D075_DENS_LOW_V_LOW,50,3.92400479317,5.22041586778,3.57757831887,0,0,15.6960191727,
G2_D075_DENS_LOW_V_LOW_S050,G2_D075_DENS_LOW_V_LOW,50,3.93301510811,6.23479542379,3.84351799351,0,0,15.7320604324,
G2_D075_DENS_LOW_V_LOW_S050,G2_D075_DENS_LOW_V_LOW,50,3.94202518463,5.74217661239,3.77153631286,0,0,15.7681007385,
G2_D075_DENS_LOW_V_LOW_S050,G2_D075_DENS_LOW_V_LOW,50,3.95103549957,5.48448983875,3.98247345296,0,0,15.8041419983,
G2_D075_DENS_LOW_V_LOW_S050,G2_D075_DENS_LOW_V_LOW,50,3.96000623703,5.41909484102,3.55215517218,0,0,15.8400249481,
G2_D075_DENS_LOW_V_LOW_S050,G2_D075_DENS_LOW_V_LOW,50,3.96901631355,5.69926556611,3.72606812156,0,0,15.8760652542,
G2_D075_DENS_LOW_V_LOW_S050,G2_D075_DENS_LOW_V_LOW,50,3.97802662849,5.38776231685,3.68049819856,0,0,15.912106514,
G2_D075_DENS_LOW_V_LOW_S050,G2_D075_DENS_LOW_V_LOW,50,3.98703670502,5.28054327898,3.37041267543,0,0,15.9481468201,
G2_D075_DENS_LOW_V_LOW_S050,G2_D075_DENS_LOW_V_LOW,50,3.99600768089,6.08851379458,3.89149777543,0,0,15.9840307236,
G2_D075_DENS_LOW_V_LOW_S050,G2_D075_DENS_LOW_V_LOW,50,4.00501775742,5.35398831163,5.70266956971,0,0,16.0200710297,
G2_D075_DENS_LOW_V_LOW_S050,G2_D075_DENS_LOW_V_LOW,50,4.01402807236,5.51728957256,3.64620392666,0,0,16.0561122894,
G2_D075_DENS_LOW_V_LOW_S050,G2_D075_DENS_LOW_V_LOW,50,4.02303791046,5.54590485766,3.98604053948,0,0,16.0921516418,
G2_D075_DENS_LOW_V_LOW_S050,G2_D075_DENS_LOW_V_LOW,50,4.03200912476,5.45131266457,3.26281955723,0,0,16.128036499,
G2_D075_DENS_LOW_V_LOW_S050,G2_D075_DENS_LOW_V_LOW,50,4.04101896286,5.53023196411,3.78712073013,0,0,16.1640758514,
G2_D075_DENS_LOW_V_LOW_S050,G2_D075_DENS_LOW_V_LOW,50,4.0500292778,5.89114287602,5.15337331696,0,0,16.2001171112,
G2_D075_DENS_LOW_V_LOW_S050,G2_D075_DENS_LOW_V_LOW,50,4.05900001526,5.43725784628,4.18083216085,0,0,16.236000061,
G2_D075_DENS_LOW_V_LOW_S050,G2_D075_DENS_LOW_V_LOW,50,4.0680103302,5.42712719206,3.8733158947,0,0,16.2720413208,
G2_D075_DENS_LOW_V_LOW_S050,G2_D075_DENS_LOW_V_LOW,50,4.07702064514,5.93167157176,4.1466749492,0,0,16.3080825806,
G2_D075_DENS_LOW_V_LOW_S050,G2_D075_DENS_LOW_V_LOW,50,4.08603048325,5.60534425531,4.02141024696,0,0,16.344121933,
G2_D075_DENS_LOW_V_LOW_S050,G2_D075_DENS_LOW_V_LOW,50,4.09500169754,5.78831275677,3.85724950274,0,0,16.3800067902,
G2_D075_DENS_LOW_V_LOW_S050,G2_D075_DENS_LOW_V_LOW,50,4.10401153564,6.00864067062,3.63961675168,0,0,16.4160461426,
G2_D075_DENS_LOW_V_LOW_S050,G2_D075_DENS_LOW_V_LOW,50,4.11302185059,5.61553017167,3.41883349063,0,0,16.4520874023,
G2_D075_DENS_LOW_V_LOW_S050,G2_D075_DENS_LOW_V_LOW,50,4.12203216553,5.61496760316,5.127089048,0,0,16.4881286621,
G2_D075_DENS_LOW_V_LOW_S050,G2_D075_DENS_LOW_V_LOW,50,4.13100290298,5.29194275178,4.3408006423,0,0,16.5240116119,
G2_D075_DENS_LOW_V_LOW_S050,G2_D075_DENS_LOW_V_LOW,50,4.14001321793,5.47625080734,4.08096831969,0,0,16.5600528717,
G2_D075_DENS_LOW_V_LOW_S050,G2_D075_DENS_LOW_V_LOW,50,4.14902305603,5.8855409536,4.2645458728,0,0,16.5960922241,
G2_D075_DENS_LOW_V_LOW_S050,G2_D075_DENS_LOW_V_LOW,50,4.15803337097,5.68023660322,4.62403568395,0,0,16.6321334839,
G2_D075_DENS_LOW_V_LOW_S050,G2_D075_DENS_LOW_V_LOW,50,4.16700410843,5.69094419412,3.7224387308,0,0,16.6680164337,
G2_D075_DENS_LOW_V_LOW_S050,G2_D075_DENS_LOW_V_LOW,50,4.17601442337,5.74013578182,3.90593626888,0,0,16.7040576935,
G2_D075_DENS_LOW_V_LOW_S050,G2_D075_DENS_LOW_V_LOW,50,4.18502473831,5.45400393045,4.12728646953,0,0,16.7400989532,
G2_D075_DENS_LOW_V_LOW_S050,G2_D075_DENS_LOW_V_LOW,50,4.19403505325,5.65470328728,3.59540488366,0,0,16.776140213,
G2_D075_DENS_LOW_V_LOW_S050,G2_D075_DENS_LOW_V_LOW,50,4.20300579071,5.60863401009,3.56042745734,0,0,16.8120231628,
G2_D075_DENS_LOW_V_LOW_S050,G2_D075_DENS_LOW_V_LOW,50,4.21201562881,5.83937109932,3.66039124335,0,0,16.8480625153,
G2_D075_DENS_LOW_V_LOW_S050,G2_D075_DENS_LOW_V_LOW,50,4.22102594376,5.82478355407,3.7006631762,0,0,16.884103775,
G2_D075_DENS_LOW_V_LOW_S050,G2_D075_DENS_LOW_V_LOW,50,4.2300362587,5.96111744671,3.73654650516,0,0,16.9201450348,
G2_D075_DENS_LOW_V_LOW_S050,G2_D075_DENS_LOW_V_LOW,50,4.23900699615,5.6461929188,3.99960226878,0,0,16.9560279846,
G2_D075_DENS_LOW_V_LOW_S050,G2_D075_DENS_LOW_V_LOW,50,4.2480173111,5.75226195167,3.87279913989,0,0,16.9920692444,
G2_D075_DENS_LOW_V_LOW_S050,G2_D075_DENS_LOW_V_LOW,50,4.25702762604,5.2069650646,3.70420268268,0,0,17.0281105042,
G2_D075_DENS_LOW_V_LOW_S050,G2_D075_DENS_LOW_V_LOW,50,4.26603746414,5.5608598961,3.89366553053,0,0,17.0641498566,
G2_D075_DENS_LOW_V_LOW_S050,G2_D075_DENS_LOW_V_LOW,50,4.2750082016,6.19530455091,3.95912166082,0,0,17.1000328064,
G2_D075_DENS_LOW_V_LOW_S050,G2_D075_DENS_LOW_V_LOW,50,4.28401851654,6.00122338713,3.69503185782,0,0,17.1360740662,
G2_D075_DENS_LOW_V_LOW_S050,G2_D075_DENS_LOW_V_LOW,50,4.29302883148,6.09004455566,4.14470907476,0,0,17.1721153259,
G2_D075_DENS_LOW_V_LOW_S050,G2_D075_DENS_LOW_V_LOW,50,4.30203914642,5.82620489613,3.62491683047,0,0,17.2081565857,
G2_D075_DENS_LOW_V_LOW_S050,G2_D075_DENS_LOW_V_LOW,50,4.31100988388,6.06992582352,4.26792612475,0,0,17.2440395355,
G2_D075_DENS_LOW_V_LOW_S050,G2_D075_DENS_LOW_V_LOW,50,4.32002019882,5.82374628383,3.33616359896,0,0,17.2800807953,
G2_D075_DENS_LOW_V_LOW_S050,G2_D075_DENS_LOW_V_LOW,50,4.32903003693,5.96752067007,4.05532050145,0,0,17.3161201477,
G2_D075_DENS_LOW_V_LOW_S050,G2_D075_DENS_LOW_V_LOW,50,4.33800077438,5.7718932718,3.64418699088,0,0,17.3520030975,
G2_D075_DENS_LOW_V_LOW_S050,G2_D075_DENS_LOW_V_LOW,50,4.34701108932,5.47599107532,3.39285180731,0,0,17.3880443573,
G2_D075_DENS_LOW_V_LOW_S050,G2_D075_DENS_LOW_V_LOW,50,4.35602140427,5.71259202948,3.52471282408,0,0,17.4240856171,
G2_D075_DENS_LOW_V_LOW_S050,G2_D075_DENS_LOW_V_LOW,50,4.36503171921,5.99049755973,4.09908618324,0,0,17.4601268768,
G2_D075_DENS_LOW_V_LOW_S050,G2_D075_DENS_LOW_V_LOW,50,4.37400245667,6.04289877212,3.87925859361,0,0,17.4960098267,
G2_D075_DENS_LOW_V_LOW_S050,G2_D075_DENS_LOW_V_LOW,50,4.38301277161,6.06850945505,3.81243644476,0,0,17.5320510864,
G2_D075_DENS_LOW_V_LOW_S050,G2_D075_DENS_LOW_V_LOW,50,4.39202260971,6.08198402094,4.15576152027,0,0,17.5680904388,
G2_D075_DENS_LOW_V_LOW_S050,G2_D075_DENS_LOW_V_LOW,50,4.40103292465,5.94444044021,5.23502569462,0,0,17.6041316986,
G2_D075_DENS_LOW_V_LOW_S050,G2_D075_DENS_LOW_V_LOW,50,4.41000366211,5.89816393002,3.54814149795,0,0,17.6400146484,
G2_D075_DENS_LOW_V_LOW_S050,G2_D075_DENS_LOW_V_LOW,50,4.41901397705,6.00330953265,4.04006823328,0,0,17.6760559082,
G2_D075_DENS_LOW_V_LOW_S050,G2_D075_DENS_LOW_V_LOW,50,4.42802429199,6.16426878439,4.19757170294,0,0,17.712097168,
G2_D075_DENS_LOW_V_LOW_S050,G2_D075_DENS_LOW_V_LOW,50,4.4370341301,5.72662805865,3.47788844598,0,0,17.7481365204,
G2_D075_DENS_LOW_V_LOW_S050,G2_D075_DENS_LOW_V_LOW,50,4.44600486755,5.86490938886,3.83428987056,0,0,17.7840194702,
G2_D075_DENS_LOW_V_LOW_S050,G2_D075_DENS_LOW_V_LOW,50,4.4550151825,5.84755376336,3.48955573429,0,0,17.82006073,
G2_D075_DENS_LOW_V_LOW_S050,G2_D075_DENS_LOW_V_LOW,50,4.46402549744,5.95501263888,2.99852223677,0,0,17.8561019897,
G2_D075_DENS_LOW_V_LOW_S050,G2_D075_DENS_LOW_V_LOW,50,4.47303581238,6.0527094586,3.39745506371,0,0,17.8921432495,
G2_D075_DENS_LOW_V_LOW_S050,G2_D075_DENS_LOW_V_LOW,50,4.48200654984,5.36583982868,3.63008291447,0,0,17.9280261993,
G2_D075_DENS_LOW_V_LOW_S050,G2_D075_DENS_LOW_V_LOW,50,4.49101686478,6.09728002674,3.81099667249,0,0,17.9640674591,
G2_D075_DENS_LOW_V_LOW_S050,G2_D075_DENS_LOW_V_LOW,50,4.50002670288,5.86768962677,3.71376599559,0,0,18.0001068115,
G2_D075_DENS_LOW_V_LOW_S050,G2_D075_DENS_LOW_V_LOW,50,4.50903701782,6.10471223101,3.76105099831,0,0,18.0361480713,
G2_D075_DENS_LOW_V_LOW_S050,G2_D075_DENS_LOW_V_LOW,50,4.51800775528,5.98821191791,3.51597830387,0,0,18.0720310211,
G2_D075_DENS_LOW_V_LOW_S050,G2_D075_DENS_LOW_V_LOW,50,4.52701807022,5.9866778411,3.97139348019,0,0,18.1080722809,
G2_D075_DENS_LOW_V_LOW_S050,G2_D075_DENS_LOW_V_LOW,50,4.53602838516,5.8728383997,3.80860886053,0,0,18.1441135406,
G2_D075_DENS_LOW_V_LOW_S050,G2_D075_DENS_LOW_V_LOW,50,4.54503822327,5.87590379022,3.61688003536,0,0,18.1801528931,
G2_D075_DENS_LOW_V_LOW_S050,G2_D075_DENS_LOW_V_LOW,50,4.55400943756,5.85048431427,3.75018738811,0,0,18.2160377502,
G2_D075_DENS_LOW_V_LOW_S050,G2_D075_DENS_LOW_V_LOW,50,4.56301927567,6.28177818403,3.90686008378,0,0,18.2520771027,
G2_D075_DENS_LOW_V_LOW_S050,G2_D075_DENS_LOW_V_LOW,50,4.57202959061,5.99981807109,4.20866782457,0,0,18.2881183624,
G2_D075_DENS_LOW_V_LOW_S050,G2_D075_DENS_LOW_V_LOW,50,4.58100032806,6.29190773302,3.77998146708,0,0,18.3240013123,
G2_D075_DENS_LOW_V_LOW_S050,G2_D075_DENS_LOW_V_LOW,50,4.59001064301,5.90852502734,3.70895591835,0,0,18.360042572,
G2_D075_DENS_LOW_V_LOW_S050,G2_D075_DENS_LOW_V_LOW,50,4.59902095795,6.13924443269,3.71570595364,0,0,18.3960838318,
G2_D075_DENS_LOW_V_LOW_S050,G2_D075_DENS_LOW_V_LOW,50,4.60803079605,6.36175741129,4.39770068897,0,0,18.4321231842,
G2_D075_DENS_LOW_V_LOW_S050,G2_D075_DENS_LOW_V_LOW,50,4.61700153351,6.11953077198,4.84010690518,0,0,18.468006134,
G2_D075_DENS_LOW_V_LOW_S050,G2_D075_DENS_LOW_V_LOW,50,4.62601184845,6.22200942407,3.99824432302,0,0,18.5040473938,
G2_D075_DENS_LOW_V_LOW_S050,G2_D075_DENS_LOW_V_LOW,50,4.63502216339,5.87131040172,4.08289250835,0,0,18.5400886536,
G2_D075_DENS_LOW_V_LOW_S050,G2_D075_DENS_LOW_V_LOW,50,4.64403247833,6.03122575177,3.60056380661,0,0,18.5761299133,
G2_D075_DENS_LOW_V_LOW_S050,G2_D075_DENS_LOW_V_LOW,50,4.65300321579,6.14512874461,3.72964338103,0,0,18.6120128632,
G2_D075_DENS_LOW_V_LOW_S050,G2_D075_DENS_LOW_V_LOW,50,4.66201353073,5.84948904326,3.7145682113,0,0,18.6480541229,
G2_D075_DENS_LOW_V_LOW_S050,G2_D075_DENS_LOW_V_LOW,50,4.67102336884,6.04286174649,4.19607774869,0,0,18.6840934753,
G2_D075_DENS_LOW_V_LOW_S050,G2_D075_DENS_LOW_V_LOW,50,4.68003368378,6.04365807383,3.48576893818,0,0,18.7201347351,
G2_D075_DENS_LOW_V_LOW_S050,G2_D075_DENS_LOW_V_LOW,50,4.68900442123,6.1055151898,3.99907670893,0,0,18.7560176849,
G2_D075_DENS_LOW_V_LOW_S050,G2_D075_DENS_LOW_V_LOW,50,4.69801473618,5.94656913757,3.83686552894,0,0,18.7920589447,
G2_D075_DENS_LOW_V_LOW_S050,G2_D075_DENS_LOW_V_LOW,50,4.70702505112,6.15960079201,3.61698554905,0,0,18.8281002045,
G2_D075_DENS_LOW_V_LOW_S050,G2_D075_DENS_LOW_V_LOW,50,4.71603488922,6.40719559492,6.27854614448,0,0,18.8641395569,
G2_D075_DENS_LOW_V_LOW_S050,G2_D075_DENS_LOW_V_LOW,50,4.72500562668,6.42911974095,4.20734500414,0,0,18.9000225067,
G2_D075_DENS_LOW_V_LOW_S050,G2_D075_DENS_LOW_V_LOW,50,4.73401594162,6.06001400734,3.4115361735,0,0,18.9360637665,
G2_D075_DENS_LOW_V_LOW_S050,G2_D075_DENS_LOW_V_LOW,50,4.74302625656,6.06527551502,3.75127288106,0,0,18.9721050262,
G2_D075_DENS_LOW_V_LOW_S050,G2_D075_DENS_LOW_V_LOW,50,4.7520365715,6.38046088021,5.10230096089,0,0,19.008146286,
G2_D075_DENS_LOW_V_LOW_S050,G2_D075_DENS_LOW_V_LOW,50,4.76100730896,6.37738996348,3.51798327671,0,0,19.0440292358,
G2_D075_DENS_LOW_V_LOW_S050,G2_D075_DENS_LOW_V_LOW,50,4.7700176239,6.40063542711,4.06645739681,0,0,19.0800704956,
G2_D075_DENS_LOW_V_LOW_S050,G2_D075_DENS_LOW_V_LOW,50,4.77902746201,5.99966610022,3.77392784987,0,0,19.116109848,
G2_D075_DENS_LOW_V_LOW_S050,G2_D075_DENS_LOW_V_LOW,50,4.78803777695,6.09929819984,3.59037000789,0,0,19.1521511078,
G2_D075_DENS_LOW_V_LOW_S050,G2_D075_DENS_LOW_V_LOW,50,4.7970085144,6.4435984198,3.91441574118,0,0,19.1880340576,
G2_D075_DENS_LOW_V_LOW_S050,G2_D075_DENS_LOW_V_LOW,50,4.80601882935,5.9532591714,3.65155605848,0,0,19.2240753174,
G2_D075_DENS_LOW_V_LOW_S050,G2_D075_DENS_LOW_V_LOW,50,4.81502914429,6.59900880076,4.63836102399,0,0,19.2601165771,
G2_D075_DENS_LOW_V_LOW_S050,G2_D075_DENS_LOW_V_LOW,50,4.82403898239,6.61617708763,3.90269215557,0,0,19.2961559296,
G2_D075_DENS_LOW_V_LOW_S050,G2_D075_DENS_LOW_V_LOW,50,4.83300971985,5.89741678598,3.8287712246,0,0,19.3320388794,
G2_D075_DENS_LOW_V_LOW_S050,G2_D075_DENS_LOW_V_LOW,50,4.84202003479,5.97857364929,4.13282732888,0,0,19.3680801392,
G2_D075_DENS_LOW_V_LOW_S050,G2_D075_DENS_LOW_V_LOW,50,4.85103034973,6.10310189245,3.64139343285,0,0,19.4041213989,
G2_D075_DENS_LOW_V_LOW_S050,G2_D075_DENS_LOW_V_LOW,50,4.86000108719,6.46963406853,3.87938767813,0,0,19.4400043488,
G2_D075_DENS_LOW_V_LOW_S050,G2_D075_DENS_LOW_V_LOW,50,4.86901140213,6.24449171764,4.21596159487,0,0,19.4760456085,
G2_D075_DENS_LOW_V_LOW_S050,G2_D075_DENS_LOW_V_LOW,50,4.87802124023,6.03791578559,3.6950927488,0,0,19.5120849609,
G2_D075_DENS_LOW_V_LOW_S050,G2_D075_DENS_LOW_V_LOW,50,4.88703155518,6.31366056644,3.81484408397,0,0,19.5481262207,
G2_D075_DENS_LOW_V_LOW_S050,G2_D075_DENS_LOW_V_LOW,50,4.89600229263,6.06770428577,4.56349443063,0,0,19.5840091705,
G2_D075_DENS_LOW_V_LOW_S050,G2_D075_DENS_LOW_V_LOW,50,4.90501260757,6.38115884095,3.64130224615,0,0,19.6200504303,
G2_D075_DENS_LOW_V_LOW_S050,G2_D075_DENS_LOW_V_LOW,50,4.91402292252,6.21575209275,3.69903602781,0,0,19.6560916901,
G2_D075_DENS_LOW_V_LOW_S050,G2_D075_DENS_LOW_V_LOW,50,4.92303323746,6.16993094253,3.66055061364,0,0,19.6921329498,
G2_D075_DENS_LOW_V_LOW_S050,G2_D075_DENS_LOW_V_LOW,50,4.93200397491,6.37844878594,3.89922483619,0,0,19.7280158997,
G2_D075_DENS_LOW_V_LOW_S050,G2_D075_DENS_LOW_V_LOW,50,4.94101381302,6.32936274891,3.78347238327,0,0,19.7640552521,
G2_D075_DENS_LOW_V_LOW_S050,G2_D075_DENS_LOW_V_LOW,50,4.95002412796,6.49480928585,3.85676523615,0,0,19.8000965118,
G2_D075_DENS_LOW_V_LOW_S050,G2_D075_DENS_LOW_V_LOW,50,4.9590344429,6.06855255951,3.50793034913,0,0,19.8361377716,
G2_D075_DENS_LOW_V_LOW_S050,G2_D075_DENS_LOW_V_LOW,50,4.96800518036,6.19466129968,3.48187795916,0,0,19.8720207214,
G2_D075_DENS_LOW_V_LOW_S050,G2_D075_DENS_LOW_V_LOW,50,4.9770154953,6.11833268894,3.87936678497,0,0,19.9080619812,
G2_D075_DENS_LOW_V_LOW_S050,G2_D075_DENS_LOW_V_LOW,50,4.9860253334,6.21922587043,3.74727842852,0,0,19.9441013336,
G2_D075_DENS_LOW_V_LOW_S050,G2_D075_DENS_LOW_V_LOW,50,4.99503564835,6.32649022324,3.87196225753,0,0,19.9801425934,
G2_D075_DENS_LOW_V_LOW_S050,G2_D075_DENS_LOW_V_LOW,50,5.0040063858,6.59503158505,3.83278222132,0,0,20.0160255432,
G2_D075_DENS_LOW_V_LOW_S050,G2_D075_DENS_LOW_V_LOW,50,5.01301670074,6.86915939588,3.99508529023,0,0,20.052066803,
G2_D075_DENS_LOW_V_LOW_S050,G2_D075_DENS_LOW_V_LOW,50,5.02202701569,6.54266021421,3.68911445765,0,0,20.0881080627,
G2_D075_DENS_LOW_V_LOW_S050,G2_D075_DENS_LOW_V_LOW,50,5.03103685379,6.56649200907,4.69613474296,0,0,20.1241474152,
G2_D075_DENS_LOW_V_LOW_S050,G2_D075_DENS_LOW_V_LOW,50,5.04000806808,6.46379728204,4.03945687177,0,0,20.1600322723,
G2_D075_DENS_LOW_V_LOW_S050,G2_D075_DENS_LOW_V_LOW,50,5.04901790619,6.35856933883,3.43609955884,0,0,20.1960716248,
G2_D075_DENS_LOW_V_LOW_S050,G2_D075_DENS_LOW_V_LOW,50,5.05802822113,6.44566688144,3.2722327383,0,0,20.2321128845,
G2_D075_DENS_LOW_V_LOW_S050,G2_D075_DENS_LOW_V_LOW,50,5.06703853607,5.98716027952,3.08677609889,0,0,20.2681541443,
G2_D075_DENS_LOW_V_LOW_S050,G2_D075_DENS_LOW_V_LOW,50,5.07600927353,6.28399309033,3.86908699903,0,0,20.3040370941,
G2_D075_DENS_LOW_V_LOW_S050,G2_D075_DENS_LOW_V_LOW,50,5.08501958847,6.48108438249,3.7894981074,0,0,20.3400783539,
G2_D075_DENS_LOW_V_LOW_S050,G2_D075_DENS_LOW_V_LOW,50,5.09402942657,6.55506822093,3.94075664603,0,0,20.3761177063,
G2_D075_DENS_LOW_V_LOW_S050,G2_D075_DENS_LOW_V_LOW,50,5.10300064087,6.32182609921,4.05064089574,0,0,20.4120025635,
G2_D075_DENS_LOW_V_LOW_S050,G2_D075_DENS_LOW_V_LOW,50,5.11201047897,6.09955848449,3.53021837582,0,0,20.4480419159,
G2_D075_DENS_LOW_V_LOW_S050,G2_D075_DENS_LOW_V_LOW,50,5.12102079391,6.36590925534,3.6047667796,0,0,20.4840831757,
G2_D075_DENS_LOW_V_LOW_S050,G2_D075_DENS_LOW_V_LOW,50,5.13003110886,6.74583310411,3.92918913179,0,0,20.5201244354,
G2_D075_DENS_LOW_V_LOW_S050,G2_D075_DENS_LOW_V_LOW,50,5.13900184631,6.6624143617,3.80926030122,0,0,20.5560073853,
G2_D075_DENS_LOW_V_LOW_S050,G2_D075_DENS_LOW_V_LOW,50,5.14801216125,6.90813743616,3.70796443154,0,0,20.592048645,
G2_D075_DENS_LOW_V_LOW_S050,G2_D075_DENS_LOW_V_LOW,50,5.15702199936,6.7267516422,4.65989584532,0,0,20.6280879974,
G2_D075_DENS_LOW_V_LOW_S050,G2_D075_DENS_LOW_V_LOW,50,5.1660323143,6.47629094507,3.71964872788,0,0,20.6641292572,
G2_D075_DENS_LOW_V_LOW_S050,G2_D075_DENS_LOW_V_LOW,50,5.17500305176,6.48792141359,4.29166460545,0,0,20.700012207,
G2_D075_DENS_LOW_V_LOW_S050,G2_D075_DENS_LOW_V_LOW,50,5.1840133667,6.49269550926,4.0810696679,0,0,20.7360534668,
G2_D075_DENS_LOW_V_LOW_S050,G2_D075_DENS_LOW_V_LOW,50,5.19302368164,6.50186957596,3.22495499536,0,0,20.7720947266,
G2_D075_DENS_LOW_V_LOW_S050,G2_D075_DENS_LOW_V_LOW,50,5.20203351974,6.22205860737,3.54496934167,0,0,20.808134079,
G2_D075_DENS_LOW_V_LOW_S050,G2_D075_DENS_LOW_V_LOW,50,5.21100473404,6.29016531796,3.7309231973,0,0,20.8440189362,
G2_D075_DENS_LOW_V_LOW_S050,G2_D075_DENS_LOW_V_LOW,50,5.22001457214,6.74543355889,3.62881069844,0,0,20.8800582886,
G2_D075_DENS_LOW_V_LOW_S050,G2_D075_DENS_LOW_V_LOW,50,5.22902488708,6.63222686892,3.91429174003,0,0,20.9160995483,
G2_D075_DENS_LOW_V_LOW_S050,G2_D075_DENS_LOW_V_LOW,50,5.23803520203,6.56172012389,3.58861022343,0,0,20.9521408081,
G2_D075_DENS_LOW_V_LOW_S050,G2_D075_DENS_LOW_V_LOW,50,5.24700593948,6.38878335744,3.65274066996,0,0,20.9880237579,
G2_D075_DENS_LOW_V_LOW_S050,G2_D075_DENS_LOW_V_LOW,50,5.25601625443,6.37342877378,3.2793973584,0,0,21.0240650177,
G2_D075_DENS_LOW_V_LOW_S050,G2_D075_DENS_LOW_V_LOW,50,5.26502609253,6.51258103521,3.66632663076,0,0,21.0601043701,
G2_D075_DENS_LOW_V_LOW_S050,G2_D075_DENS_LOW_V_LOW,50,5.27403640747,6.63609134988,3.90910173733,0,0,21.0961456299,
G2_D075_DENS_LOW_V_LOW_S050,G2_D075_DENS_LOW_V_LOW,50,5.28300714493,6.54083269547,3.55215562359,0,0,21.1320285797,
G2_D075_DENS_LOW_V_LOW_S050,G2_D075_DENS_LOW_V_LOW,50,5.29201745987,6.72720258121,3.68901214014,0,0,21.1680698395,
G2_D075_DENS_LOW_V_LOW_S050,G2_D075_DENS_LOW_V_LOW,50,5.30102777481,6.77908101382,3.58587764579,0,0,21.2041110992,
G2_D075_DENS_LOW_V_LOW_S050,G2_D075_DENS_LOW_V_LOW,50,5.31000900269,6.71078420149,3.47455590268,0,0,21.2400360107,
G2_D075_DENS_LOW_V_LOW_S050,G2_D075_DENS_LOW_V_LOW,50,5.31901931763,6.58869799198,3.59196198499,0,0,21.2760772705,
G2_D075_DENS_LOW_V_LOW_S050,G2_D075_DENS_LOW_V_LOW,50,5.32802963257,6.85615179501,4.13912205866,0,0,21.3121185303,
G2_D075_DENS_LOW_V_LOW_S050,G2_D075_DENS_LOW_V_LOW,50,5.33700037003,6.76613972751,4.01109261623,0,0,21.3480014801,
G2_D075_DENS_LOW_V_LOW_S050,G2_D075_DENS_LOW_V_LOW,50,5.34601020813,6.53839453016,3.73717982974,0,0,21.3840408325,
G2_D075_DENS_LOW_V_LOW_S050,G2_D075_DENS_LOW_V_LOW,50,5.35502052307,6.79773253634,3.73365985596,0,0,21.4200820923,
G2_D075_DENS_LOW_V_LOW_S050,G2_D075_DENS_LOW_V_LOW,50,5.36403083801,6.45716803656,3.62519901342,0,0,21.4561233521,
G2_D075_DENS_LOW_V_LOW_S050,G2_D075_DENS_LOW_V_LOW,50,5.37300157547,6.78741951707,4.22273270017,0,0,21.4920063019,
G2_D075_DENS_LOW_V_LOW_S050,G2_D075_DENS_LOW_V_LOW,50,5.38201189041,6.17897348536,3.70738491187,0,0,21.5280475616,
G2_D075_DENS_LOW_V_LOW_S050,G2_D075_DENS_LOW_V_LOW,50,5.39102172852,6.28927780811,3.52542108065,0,0,21.5640869141,
G2_D075_DENS_LOW_V_LOW_S050,G2_D075_DENS_LOW_V_LOW,50,5.40003204346,6.66098638818,3.9176023657,0,0,21.6001281738,
G2_D075_DENS_LOW_V_LOW_S050,G2_D075_DENS_LOW_V_LOW,50,5.40900278091,6.82045466757,3.54940803757,0,0,21.6360111237,
G2_D075_DENS_LOW_V_LOW_S050,G2_D075_DENS_LOW_V_LOW,50,5.41801309586,6.94247843087,3.71923233244,0,0,21.6720523834,
G2_D075_DENS_LOW_V_LOW_S050,G2_D075_DENS_LOW_V_LOW,50,5.4270234108,6.88590216432,3.24823621771,0,0,21.7080936432,
G2_D075_DENS_LOW_V_LOW_S050,G2_D075_DENS_LOW_V_LOW,50,5.4360332489,6.65190737235,3.35364514609,0,0,21.7441329956,
G2_D075_DENS_LOW_V_LOW_S050,G2_D075_DENS_LOW_V_LOW,50,5.4450044632,6.37389850191,3.78270500924,0,0,21.7800178528,
G2_D075_DENS_LOW_V_LOW_S050,G2_D075_DENS_LOW_V_LOW,50,5.4540143013,6.62792968545,3.81828274814,0,0,21.8160572052,
G2_D075_DENS_LOW_V_LOW_S050,G2_D075_DENS_LOW_V_LOW,50,5.46302461624,6.76124571301,3.81403890748,0,0,21.852098465,
G2_D075_DENS_LOW_V_LOW_S050,G2_D075_DENS_LOW_V_LOW,50,5.47203493118,6.45237570439,4.12130421478,0,0,21.8881397247,
G2_D075_DENS_LOW_V_LOW_S050,G2_D075_DENS_LOW_V_LOW,50,5.48100566864,6.68079786287,4.77335408109,0,0,21.9240226746,
G2_D075_DENS_LOW_V_LOW_S050,G2_D075_DENS_LOW_V_LOW,50,5.49001598358,6.76354572299,4.04205914481,0,0,21.9600639343,
G2_D075_DENS_LOW_V_LOW_S050,G2_D075_DENS_LOW_V_LOW,50,5.49902582169,7.04918518875,4.38970338418,0,0,21.9961032867,
G2_D075_DENS_LOW_V_LOW_S050,G2_D075_DENS_LOW_V_LOW,50,5.50803613663,6.82473416715,3.8281132507,0,0,22.0321445465,
G2_D075_DENS_LOW_V_LOW_S050,G2_D075_DENS_LOW_V_LOW,50,5.51700687408,6.73241877394,3.58992597089,0,0,22.0680274963,
G2_D075_DENS_LOW_V_LOW_S050,G2_D075_DENS_LOW_V_LOW,50,5.52601718903,6.60195371983,4.03729483694,0,0,22.1040687561,
G2_D075_DENS_LOW_V_LOW_S050,G2_D075_DENS_LOW_V_LOW,50,5.53502750397,6.8300155692,3.84293007433,0,0,22.1401100159,
G2_D075_DENS_LOW_V_LOW_S050,G2_D075_DENS_LOW_V_LOW,50,5.54403734207,6.50978698176,3.36934397296,0,0,22.1761493683,
G2_D075_DENS_LOW_V_LOW_S050,G2_D075_DENS_LOW_V_LOW,50,5.55303144455,6.69333076202,3.50497577295,0,0,22.2121257782,
G2_D075_DENS_LOW_V_LOW_S050,G2_D075_DENS_LOW_V_LOW,50,5.56200218201,6.22548264913,3.55034736579,0,0,22.248008728,
G2_D075_DENS_LOW_V_LOW_S050,G2_D075_DENS_LOW_V_LOW,50,5.57101249695,6.82343661227,4.14891106335,0,0,22.2840499878,
G2_D075_DENS_LOW_V_LOW_S050,G2_D075_DENS_LOW_V_LOW,50,5.58002281189,5.89986489848,3.37567781963,0,0,22.3200912476,
G2_D075_DENS_LOW_V_LOW_S050,G2_D075_DENS_LOW_V_LOW,50,5.58903264999,6.68081775724,3.75772992065,0,0,22.3561306,
G2_D075_DENS_LOW_V_LOW_S050,G2_D075_DENS_LOW_V_LOW,50,5.59800338745,6.77889533305,3.98961948926,0,0,22.3920135498,
G2_D075_DENS_LOW_V_LOW_S050,G2_D075_DENS_LOW_V_LOW,50,5.60701370239,6.99904972381,4.1371149974,0,0,22.4280548096,
G2_D075_DENS_LOW_V_LOW_S050,G2_D075_DENS_LOW_V_LOW,50,5.61602401733,7.06079410504,3.83753398612,0,0,22.4640960693,
G2_D075_DENS_LOW_V_LOW_S050,G2_D075_DENS_LOW_V_LOW,50,5.62503433228,6.82880477587,4.06973940392,0,0,22.5001373291,
G2_D075_DENS_LOW_V_LOW_S050,G2_D075_DENS_LOW_V_LOW,50,5.63400506973,6.77811724222,3.74921236619,0,0,22.5360202789,
G2_D075_DENS_LOW_V_LOW_S050,G2_D075_DENS_LOW_V_LOW,50,5.64301490784,6.57117271174,3.7200925364,0,0,22.5720596313,
G2_D075_DENS_LOW_V_LOW_S050,G2_D075_DENS_LOW_V_LOW,50,5.65202522278,6.70027223855,3.76364441168,0,0,22.6081008911,
G2_D075_DENS_LOW_V_LOW_S050,G2_D075_DENS_LOW_V_LOW,50,5.66103553772,7.17444012897,4.14803468225,0,0,22.6441421509,
G2_D075_DENS_LOW_V_LOW_S050,G2_D075_DENS_LOW_V_LOW,50,5.67000627518,6.80900877458,3.61765808211,0,0,22.6800251007,
G2_D075_DENS_LOW_V_LOW_S050,G2_D075_DENS_LOW_V_LOW,50,5.67901659012,6.79031193711,4.95440427221,0,0,22.7160663605,
G2_D075_DENS_LOW_V_LOW_S050,G2_D075_DENS_LOW_V_LOW,50,5.68802642822,6.54082495877,3.53825196283,0,0,22.7521057129,
G2_D075_DENS_LOW_V_LOW_S050,G2_D075_DENS_LOW_V_LOW,50,5.69703674316,6.75409258251,3.70354186164,0,0,22.7881469727,
G2_D075_DENS_LOW_V_LOW_S050,G2_D075_DENS_LOW_V_LOW,50,5.70600748062,6.79551044597,3.9383277891,0,0,22.8240299225,
G2_D075_DENS_LOW_V_LOW_S050,G2_D075_DENS_LOW_V_LOW,50,5.71501779556,6.84362221159,3.87739065002,0,0,22.8600711823,
G2_D075_DENS_LOW_V_LOW_S050,G2_D075_DENS_LOW_V_LOW,50,5.7240281105,6.66899552912,3.78472752613,0,0,22.896112442,
G2_D075_DENS_LOW_V_LOW_S050,G2_D075_DENS_LOW_V_LOW,50,5.73303794861,6.99918180031,3.905829483,0,0,22.9321517944,
G2_D075_DENS_LOW_V_LOW_S050,G2_D075_DENS_LOW_V_LOW,50,5.7420091629,7.32113788203,4.12844639274,0,0,22.9680366516,
G2_D075_DENS_LOW_V_LOW_S050,G2_D075_DENS_LOW_V_LOW,50,5.75101900101,6.872737619,3.79587835857,0,0,23.004076004,
G2_D075_DENS_LOW_V_LOW_S050,G2_D075_DENS_LOW_V_LOW,50,5.76002931595,7.18934708935,3.64060384288,0,0,23.0401172638,
G2_D075_DENS_LOW_V_LOW_S050,G2_D075_DENS_LOW_V_LOW,50,5.76900005341,6.77096853269,3.63873922794,0,0,23.0760002136,
G2_D075_DENS_LOW_V_LOW_S050,G2_D075_DENS_LOW_V_LOW,50,5.77801036835,6.93301368534,3.47421835163,0,0,23.1120414734,
G2_D075_DENS_LOW_V_LOW_S050,G2_D075_DENS_LOW_V_LOW,50,5.78702068329,6.61046906191,3.36693780678,0,0,23.1480827332,
G2_D075_DENS_LOW_V_LOW_S050,G2_D075_DENS_LOW_V_LOW,50,5.79603052139,7.0709673111,3.73845871827,0,0,23.1841220856,
G2_D075_DENS_LOW_V_LOW_S050,G2_D075_DENS_LOW_V_LOW,50,5.80500125885,6.55850386774,3.85905946942,0,0,23.2200050354,
G2_D075_DENS_LOW_V_LOW_S050,G2_D075_DENS_LOW_V_LOW,50,5.81401157379,6.93468204914,3.62323088899,0,0,23.2560462952,
G2_D075_DENS_LOW_V_LOW_S050,G2_D075_DENS_LOW_V_LOW,50,5.82302188873,6.93129448038,3.96984058931,0,0,23.2920875549,
G2_D075_DENS_LOW_V_LOW_S050,G2_D075_DENS_LOW_V_LOW,50,5.83203220367,6.86118893844,3.43896456635,0,0,23.3281288147,
G2_D075_DENS_LOW_V_LOW_S050,G2_D075_DENS_LOW_V_LOW,50,5.84100294113,6.96809298214,3.77056305556,0,0,23.3640117645,
G2_D075_DENS_LOW_V_LOW_S050,G2_D075_DENS_LOW_V_LOW,50,5.85001277924,7.02016649008,3.73261295282,0,0,23.4000511169,
G2_D075_DENS_LOW_V_LOW_S050,G2_D075_DENS_LOW_V_LOW,50,5.85902309418,6.87907286993,3.61961023809,0,0,23.4360923767,
G2_D075_DENS_LOW_V_LOW_S050,G2_D075_DENS_LOW_V_LOW,50,5.86803340912,7.2240986817,3.7989258282,0,0,23.4721336365,
G2_D075_DENS_LOW_V_LOW_S050,G2_D075_DENS_LOW_V_LOW,50,5.87700414658,7.24093208003,5.55554270701,0,0,23.5080165863,
G2_D075_DENS_LOW_V_LOW_S050,G2_D075_DENS_LOW_V_LOW,50,5.88601446152,7.1528365033,4.73133651077,0,0,23.5440578461,
G2_D075_DENS_LOW_V_LOW_S050,G2_D075_DENS_LOW_V_LOW,50,5.89502429962,7.08513210104,3.47811811567,0,0,23.5800971985,
G2_D075_DENS_LOW_V_LOW_S050,G2_D075_DENS_LOW_V_LOW,50,5.90403461456,6.79880351647,5.07357489716,0,0,23.6161384583,
G2_D075_DENS_LOW_V_LOW_S050,G2_D075_DENS_LOW_V_LOW,50,5.91300535202,6.84715180403,3.65947509982,0,0,23.6520214081,
G2_D075_DENS_LOW_V_LOW_S050,G2_D075_DENS_LOW_V_LOW,50,5.92201566696,6.83653705352,3.90844864566,0,0,23.6880626678,
G2_D075_DENS_LOW_V_LOW_S050,G2_D075_DENS_LOW_V_LOW,50,5.9310259819,7.06101460095,4.63081809749,0,0,23.7241039276,
G2_D075_DENS_LOW_V_LOW_S050,G2_D075_DENS_LOW_V_LOW,50,5.94003582001,6.78238182103,3.52217847935,0,0,23.76014328,
G2_D075_DENS_LOW_V_LOW_S050,G2_D075_DENS_LOW_V_LOW,50,5.9490070343,7.07198634484,4.99457193404,0,0,23.7960281372,
G2_D075_DENS_LOW_V_LOW_S050,G2_D075_DENS_LOW_V_LOW,50,5.95801687241,7.34941219977,4.109007886,0,0,23.8320674896,
G2_D075_DENS_LOW_V_LOW_S050,G2_D075_DENS_LOW_V_LOW,50,5.96702718735,7.08628542175,4.16789343299,0,0,23.8681087494,
G2_D075_DENS_LOW_V_LOW_S050,G2_D075_DENS_LOW_V_LOW,50,5.97603750229,6.76836900196,3.60130583499,0,0,23.9041500092,
G2_D075_DENS_LOW_V_LOW_S050,G2_D075_DENS_LOW_V_LOW,50,5.98500823975,6.52036912761,3.34267113506,0,0,23.940032959,
G2_D075_DENS_LOW_V_LOW_S050,G2_D075_DENS_LOW_V_LOW,50,5.99401855469,7.01178101402,3.86503828759,0,0,23.9760742188,
G2_D075_DENS_LOW_V_LOW_S050,G2_D075_DENS_LOW_V_LOW,50,6.00302839279,7.20199990732,3.61529286224,0,0,24.0121135712,
G2_D075_DENS_LOW_V_LOW_S050,G2_D075_DENS_LOW_V_LOW,50,6.01203870773,7.25034211604,4.02800677401,0,0,24.0481548309,
G2_D075_DENS_LOW_V_LOW_S050,G2_D075_DENS_LOW_V_LOW,50,6.02103185654,6.88512075776,3.52552316657,0,0,24.0841274261,
G2_D075_DENS_LOW_V_LOW_S050,G2_D075_DENS_LOW_V_LOW,50,6.03000259399,7.31923354893,3.76274220317,0,0,24.120010376,
G2_D075_DENS_LOW_V_LOW_S050,G2_D075_DENS_LOW_V_LOW,50,6.03901290894,7.04535773342,4.0155318342,0,0,24.1560516357,
G2_D075_DENS_LOW_V_LOW_S050,G2_D075_DENS_LOW_V_LOW,50,6.04802274704,6.79573591547,3.74884879502,0,0,24.1920909882,
G2_D075_DENS_LOW_V_LOW_S050,G2_D075_DENS_LOW_V_LOW,50,6.05703306198,6.9168097227,3.59838838484,0,0,24.2281322479,
G2_D075_DENS_LOW_V_LOW_S050,G2_D075_DENS_LOW_V_LOW,50,6.06600379944,7.09291743034,3.65379672782,0,0,24.2640151978,
G2_D075_DENS_LOW_V_LOW_S050,G2_D075_DENS_LOW_V_LOW,50,6.07501411438,7.29718451048,3.81137669922,0,0,24.3000564575,
G2_D075_DENS_LOW_V_LOW_S050,G2_D075_DENS_LOW_V_LOW,50,6.08402442932,7.05972201965,3.81153142126,0,0,24.3360977173,
G2_D075_DENS_LOW_V_LOW_S050,G2_D075_DENS_LOW_V_LOW,50,6.09303426743,6.34682779343,3.63885010084,0,0,24.3721370697,
G2_D075_DENS_LOW_V_LOW_S050,G2_D075_DENS_LOW_V_LOW,50,6.10200548172,7.41023757172,4.47808559593,0,0,24.4080219269,
G2_D075_DENS_LOW_V_LOW_S050,G2_D075_DENS_LOW_V_LOW,50,6.11101531982,6.78871762458,3.31327063092,0,0,24.4440612793,
G2_D075_DENS_LOW_V_LOW_S050,G2_D075_DENS_LOW_V_LOW,50,6.12002563477,7.31197210465,3.98337768047,0,0,24.4801025391,
G2_D075_DENS_LOW_V_LOW_S050,G2_D075_DENS_LOW_V_LOW,50,6.12903594971,6.6874309767,3.48348472769,0,0,24.5161437988,
G2_D075_DENS_LOW_V_LOW_S050,G2_D075_DENS_LOW_V_LOW,50,6.13800668716,7.23641937425,3.44077979251,0,0,24.5520267487,
G2_D075_DENS_LOW_V_LOW_S050,G2_D075_DENS_LOW_V_LOW,50,6.14701700211,6.85578761756,3.85331377627,0,0,24.5880680084,
G2_D075_DENS_LOW_V_LOW_S050,G2_D075_DENS_LOW_V_LOW,50,6.15602636337,7.02545452359,3.67424515333,0,0,24.6241054535,
G2_D075_DENS_LOW_V_LOW_S050,G2_D075_DENS_LOW_V_LOW,50,6.16503667831,7.14299431741,4.00022409516,0,0,24.6601467133,
G2_D075_DENS_LOW_V_LOW_S050,G2_D075_DENS_LOW_V_LOW,50,6.17400741577,7.34942104171,4.18878405249,0,0,24.6960296631,
G2_D075_DENS_LOW_V_LOW_S050,G2_D075_DENS_LOW_V_LOW,50,6.18301773071,7.25870438201,3.95018677504,0,0,24.7320709229,
G2_D075_DENS_LOW_V_LOW_S050,G2_D075_DENS_LOW_V_LOW,50,6.19202804565,6.83095999906,3.37512311618,0,0,24.7681121826,
G2_D075_DENS_LOW_V_LOW_S050,G2_D075_DENS_LOW_V_LOW,50,6.20103788376,6.90818717208,3.61883003264,0,0,24.804151535,
G2_D075_DENS_LOW_V_LOW_S050,G2_D075_DENS_LOW_V_LOW,50,6.21000909805,7.24342550748,3.79051041402,0,0,24.8400363922,
G2_D075_DENS_LOW_V_LOW_S050,G2_D075_DENS_LOW_V_LOW,50,6.21901893616,7.37183812597,3.83831816304,0,0,24.8760757446,
G2_D075_DENS_LOW_V_LOW_S050,G2_D075_DENS_LOW_V_LOW,50,6.2280292511,7.49552362161,3.44082540573,0,0,24.9121170044,
G2_D075_DENS_LOW_V_LOW_S050,G2_D075_DENS_LOW_V_LOW,50,6.23699998856,6.9990336978,3.68241625271,0,0,24.9479999542,
G2_D075_DENS_LOW_V_LOW_S050,G2_D075_DENS_LOW_V_LOW,50,6.2460103035,7.25329035084,3.66235731652,0,0,24.984041214,
G2_D075_DENS_LOW_V_LOW_S050,G2_D075_DENS_LOW_V_LOW,50,6.2550201416,7.35144639889,3.62211852689,0,0,25.0200805664,
G2_D075_DENS_LOW_V_LOW_S050,G2_D075_DENS_LOW_V_LOW,50,6.26403045654,7.01129139152,3.48649696776,0,0,25.0561218262,
G2_D075_DENS_LOW_V_LOW_S050,G2_D075_DENS_LOW_V_LOW,50,6.273001194,7.49744729646,3.35195357825,0,0,25.092004776,
G2_D075_DENS_LOW_V_LOW_S050,G2_D075_DENS_LOW_V_LOW,50,6.28200340271,7.40356632702,3.80545284307,0,0,25.1280136108,
G2_D075_DENS_LOW_V_LOW_S050,G2_D075_DENS_LOW_V_LOW,50,6.29101371765,7.08082054942,3.43048295924,0,0,25.1640548706,
G2_D075_DENS_LOW_V_LOW_S050,G2_D075_DENS_LOW_V_LOW,50,6.30002403259,7.39246305925,3.76417878338,0,0,25.2000961304,
G2_D075_DENS_LOW_V_LOW_S050,G2_D075_DENS_LOW_V_LOW,50,6.3090338707,7.26740485224,3.57339509827,0,0,25.2361354828,
G2_D075_DENS_LOW_V_LOW_S050,G2_D075_DENS_LOW_V_LOW,50,6.31800508499,7.05866982864,3.5724628942,0,0,25.27202034,
G2_D075_DENS_LOW_V_LOW_S050,G2_D075_DENS_LOW_V_LOW,50,6.3270149231,7.23718862314,4.01171121689,0,0,25.3080596924,
G2_D075_DENS_LOW_V_LOW_S050,G2_D075_DENS_LOW_V_LOW,50,6.33602523804,7.0252655271,3.43251872003,0,0,25.3441009521,
G2_D075_DENS_LOW_V_LOW_S050,G2_D075_DENS_LOW_V_LOW,50,6.34503555298,7.24703136166,3.75808721819,0,0,25.3801422119,
G2_D075_DENS_LOW_V_LOW_S050,G2_D075_DENS_LOW_V_LOW,50,6.35400629044,7.27026245713,4.00464827338,0,0,25.4160251617,
G2_D075_DENS_LOW_V_LOW_S050,G2_D075_DENS_LOW_V_LOW,50,6.36301660538,7.26690528255,3.85134107799,0,0,25.4520664215,
G2_D075_DENS_LOW_V_LOW_S050,G2_D075_DENS_LOW_V_LOW,50,6.37202644348,6.93152492348,3.2848152347,0,0,25.4881057739,
G2_D075_DENS_LOW_V_LOW_S050,G2_D075_DENS_LOW_V_LOW,50,6.38103675842,7.07301974672,3.50272159949,0,0,25.5241470337,
G2_D075_DENS_LOW_V_LOW_S050,G2_D075_DENS_LOW_V_LOW,50,6.39000749588,6.76042341247,3.01970089683,0,0,25.5600299835,
G2_D075_DENS_LOW_V_LOW_S050,G2_D075_DENS_LOW_V_LOW,50,6.39901781082,7.29457447993,3.65186522888,0,0,25.5960712433,
G2_D075_DENS_LOW_V_LOW_S050,G2_D075_DENS_LOW_V_LOW,50,6.40802812576,7.41331511991,4.71036832934,0,0,25.6321125031,
G2_D075_DENS_LOW_V_LOW_S050,G2_D075_DENS_LOW_V_LOW,50,6.41703796387,7.09642104957,3.6610489869,0,0,25.6681518555,
G2_D075_DENS_LOW_V_LOW_S050,G2_D075_DENS_LOW_V_LOW,50,6.42600870132,7.35640451746,4.0705864951,0,0,25.7040348053,
G2_D075_DENS_LOW_V_LOW_S050,G2_D075_DENS_LOW_V_LOW,50,6.43501901627,6.92341244235,3.89467642978,0,0,25.7400760651,
G2_D075_DENS_LOW_V_LOW_S050,G2_D075_DENS_LOW_V_LOW,50,6.44402933121,7.31695674905,3.67036568714,0,0,25.7761173248,
G2_D075_DENS_LOW_V_LOW_S050,G2_D075_DENS_LOW_V_LOW,50,6.45300006866,6.81302798951,3.56082911554,0,0,25.8120002747,
G2_D075_DENS_LOW_V_LOW_S050,G2_D075_DENS_LOW_V_LOW,50,6.46201038361,7.26789171163,3.65257645316,0,0,25.8480415344,
G2_D075_DENS_LOW_V_LOW_S050,G2_D075_DENS_LOW_V_LOW,50,6.47102022171,7.14949480212,3.47284895385,0,0,25.8840808868,
G2_D075_DENS_LOW_V_LOW_S050,G2_D075_DENS_LOW_V_LOW,50,6.48003053665,7.21181280428,3.81645386914,0,0,25.9201221466,
G2_D075_DENS_LOW_V_LOW_S050,G2_D075_DENS_LOW_V_LOW,50,6.48900127411,7.24642347819,3.53025068711,0,0,25.9560050964,
G2_D075_DENS_LOW_V_LOW_S050,G2_D075_DENS_LOW_V_LOW,50,6.49801158905,6.91255453846,3.38209902672,0,0,25.9920463562,
G2_D075_DENS_LOW_V_LOW_S050,G2_D075_DENS_LOW_V_LOW,50,6.50702190399,7.27670878495,3.53604918126,0,0,26.028087616,
G2_D075_DENS_LOW_V_LOW_S050,G2_D075_DENS_LOW_V_LOW,50,6.5160317421,7.41577041648,3.65999007402,0,0,26.0641269684,
G2_D075_DENS_LOW_V_LOW_S050,G2_D075_DENS_LOW_V_LOW,50,6.52500295639,7.04401320572,3.4279493495,0,0,26.1000118256,
G2_D075_DENS_LOW_V_LOW_S050,G2_D075_DENS_LOW_V_LOW,50,6.53401279449,7.39087427293,4.22605602798,0,0,26.136051178,
G2_D075_DENS_LOW_V_LOW_S050,G2_D075_DENS_LOW_V_LOW,50,6.54302310944,7.3843395257,3.49024657551,0,0,26.1720924377,
G2_D075_DENS_LOW_V_LOW_S050,G2_D075_DENS_LOW_V_LOW,50,6.55203342438,7.33681795965,3.59857539203,0,0,26.2081336975,
G2_D075_DENS_LOW_V_LOW_S050,G2_D075_DENS_LOW_V_LOW,50,6.56100416183,7.62989570852,4.05232041363,0,0,26.2440166473,
G2_D075_DENS_LOW_V_LOW_S050,G2_D075_DENS_LOW_V_LOW,50,6.57001447678,7.18808103388,3.68669146933,0,0,26.2800579071,
G2_D075_DENS_LOW_V_LOW_S050,G2_D075_DENS_LOW_V_LOW,50,6.57902431488,7.18338485782,3.67742568643,0,0,26.3160972595,
G2_D075_DENS_LOW_V_LOW_S050,G2_D075_DENS_LOW_V_LOW,50,6.58803462982,7.37545282209,3.47522105662,0,0,26.3521385193,
G2_D075_DENS_LOW_V_LOW_S050,G2_D075_DENS_LOW_V_LOW,50,6.59700536728,7.44063892896,3.51222461847,0,0,26.3880214691,
G2_D075_DENS_LOW_V_LOW_S050,G2_D075_DENS_LOW_V_LOW,50,6.60601568222,6.76398837267,3.5743151864,0,0,26.4240627289,
G2_D075_DENS_LOW_V_LOW_S050,G2_D075_DENS_LOW_V_LOW,50,6.61502599716,7.51619884343,3.6617798734,0,0,26.4601039886,
G2_D075_DENS_LOW_V_LOW_S050,G2_D075_DENS_LOW_V_LOW,50,6.62403583527,7.36067738559,3.40086611797,0,0,26.4961433411,
G2_D075_DENS_LOW_V_LOW_S050,G2_D075_DENS_LOW_V_LOW,50,6.63300657272,7.43369247884,3.18879734322,0,0,26.5320262909,
G2_D075_DENS_LOW_V_LOW_S050,G2_D075_DENS_LOW_V_LOW,50,6.64201688766,7.28600995456,3.72749419886,0,0,26.5680675507,
G2_D075_DENS_LOW_V_LOW_S050,G2_D075_DENS_LOW_V_LOW,50,6.65102720261,6.97552905476,3.53519655081,0,0,26.6041088104,
G2_D075_DENS_LOW_V_LOW_S050,G2_D075_DENS_LOW_V_LOW,50,6.66003704071,7.29778907821,3.91650273489,0,0,26.6401481628,
G2_D075_DENS_LOW_V_LOW_S050,G2_D075_DENS_LOW_V_LOW,50,6.669008255,7.4497958644,4.0233524934,0,0,26.67603302,
G2_D075_DENS_LOW_V_LOW_S050,G2_D075_DENS_LOW_V_LOW,50,6.67801809311,7.74533001508,5.09231365654,0,0,26.7120723724,
G2_D075_DENS_LOW_V_LOW_S050,G2_D075_DENS_LOW_V_LOW,50,6.68702840805,7.39578652393,3.23257370641,0,0,26.7481136322,
G2_D075_DENS_LOW_V_LOW_S050,G2_D075_DENS_LOW_V_LOW,50,6.69603872299,7.48960228405,3.54730222946,0,0,26.784154892,
G2_D075_DENS_LOW_V_LOW_S050,G2_D075_DENS_LOW_V_LOW,50,6.70500946045,7.73904339483,3.53628932248,0,0,26.8200378418,
G2_D075_DENS_LOW_V_LOW_S050,G2_D075_DENS_LOW_V_LOW,50,6.71401977539,7.41475193536,3.62200156596,0,0,26.8560791016,
G2_D075_DENS_LOW_V_LOW_S050,G2_D075_DENS_LOW_V_LOW,50,6.72302961349,7.60491998751,3.52024736838,0,0,26.892118454,
G2_D075_DENS_LOW_V_LOW_S050,G2_D075_DENS_LOW_V_LOW,50,6.73200035095,7.74836887977,3.78305491536,0,0,26.9280014038,
G2_D075_DENS_LOW_V_LOW_S050,G2_D075_DENS_LOW_V_LOW,50,6.74101066589,7.23114957725,3.42334347234,0,0,26.9640426636,
G2_D075_DENS_LOW_V_LOW_S050,G2_D075_DENS_LOW_V_LOW,50,6.75002098083,7.08860698396,3.13268353529,0,0,27.0000839233,
G2_D075_DENS_LOW_V_LOW_S050,G2_D075_DENS_LOW_V_LOW,50,6.75901937485,8.19821424759,5.03491635267,0,0,27.0360774994,
G2_D075_DENS_LOW_V_LOW_S050,G2_D075_DENS_LOW_V_LOW,50,6.76802921295,7.93662320425,4.01957092473,0,0,27.0721168518,
G2_D075_DENS_LOW_V_LOW_S050,G2_D075_DENS_LOW_V_LOW,50,6.77699995041,7.27051887343,3.45951510668,0,0,27.1079998016,
G2_D075_DENS_LOW_V_LOW_S050,G2_D075_DENS_LOW_V_LOW,50,6.78601026535,7.48981891161,3.85453181217,0,0,27.1440410614,
G2_D075_DENS_LOW_V_LOW_S050,G2_D075_DENS_LOW_V_LOW,50,6.79502058029,7.30777162992,3.6985967564,0,0,27.1800823212,
G2_D075_DENS_LOW_V_LOW_S050,G2_D075_DENS_LOW_V_LOW,50,6.80403089523,6.67938702061,3.60745661633,0,0,27.2161235809,
G2_D075_DENS_LOW_V_LOW_S050,G2_D075_DENS_LOW_V_LOW,50,6.81300163269,7.48258620364,3.66034763632,0,0,27.2520065308,
G2_D075_DENS_LOW_V_LOW_S050,G2_D075_DENS_LOW_V_LOW,50,6.82201147079,6.94765649273,3.65652582329,0,0,27.2880458832,
G2_D075_DENS_LOW_V_LOW_S050,G2_D075_DENS_LOW_V_LOW,50,6.83102178574,7.3007345499,3.42538083822,0,0,27.3240871429,
G2_D075_DENS_LOW_V_LOW_S050,G2_D075_DENS_LOW_V_LOW,50,6.84003210068,7.76876834356,3.92435779511,0,0,27.3601284027,
G2_D075_DENS_LOW_V_LOW_S050,G2_D075_DENS_LOW_V_LOW,50,6.84900283813,8.05979586729,3.22133109239,0,0,27.3960113525,
G2_D075_DENS_LOW_V_LOW_S050,G2_D075_DENS_LOW_V_LOW,50,6.85801029205,7.61862057552,3.6608683686,0,0,27.4320411682,
G2_D075_DENS_LOW_V_LOW_S050,G2_D075_DENS_LOW_V_LOW,50,6.86702060699,7.63557610318,4.4654421153,0,0,27.468082428,
G2_D075_DENS_LOW_V_LOW_S050,G2_D075_DENS_LOW_V_LOW,50,6.87603092194,7.4689834296,3.55692578227,0,0,27.5041236877,
G2_D075_DENS_LOW_V_LOW_S050,G2_D075_DENS_LOW_V_LOW,50,6.88501739502,7.40082311474,3.57926189831,0,0,27.5400695801,
G2_D075_DENS_LOW_V_LOW_S050,G2_D075_DENS_LOW_V_LOW,50,6.89402723312,7.01774324555,3.29527093933,0,0,27.5761089325,
G2_D075_DENS_LOW_V_LOW_S050,G2_D075_DENS_LOW_V_LOW,50,6.90303754807,7.93584013982,3.76874118605,0,0,27.6121501923,
G2_D075_DENS_LOW_V_LOW_S050,G2_D075_DENS_LOW_V_LOW,50,6.91200828552,7.49137011969,4.10541753904,0,0,27.6480331421,
G2_D075_DENS_LOW_V_LOW_S050,G2_D075_DENS_LOW_V_LOW,50,6.92101860046,7.61272355331,3.9539783728,0,0,27.6840744019,
G2_D075_DENS_LOW_V_LOW_S050,G2_D075_DENS_LOW_V_LOW,50,6.93002891541,7.8206915385,4.07784966154,0,0,27.7201156616,
G2_D075_DENS_LOW_V_LOW_S050,G2_D075_DENS_LOW_V_LOW,50,6.93903875351,7.74630483911,3.73523242977,0,0,27.756155014,
G2_D075_DENS_LOW_V_LOW_S050,G2_D075_DENS_LOW_V_LOW,50,6.94800949097,7.64306025385,3.27878714879,0,0,27.7920379639,
G2_D075_DENS_LOW_V_LOW_S050,G2_D075_DENS_LOW_V_LOW,50,6.95701980591,7.60027023163,3.29381254634,0,0,27.8280792236,
G2_D075_DENS_LOW_V_LOW_S050,G2_D075_DENS_LOW_V_LOW,50,6.96603012085,7.36226396142,3.65173416949,0,0,27.8641204834,
G2_D075_DENS_LOW_V_LOW_S050,G2_D075_DENS_LOW_V_LOW,50,6.97500085831,7.79604517979,3.52467379299,0,0,27.9000034332,
G2_D075_DENS_LOW_V_LOW_S050,G2_D075_DENS_LOW_V_LOW,50,6.98400402069,7.71886276909,3.28305361411,0,0,27.9360160828,
G2_D075_DENS_LOW_V_LOW_S050,G2_D075_DENS_LOW_V_LOW,50,6.99301433563,7.6854623359,3.3700429169,0,0,27.9720573425,
G2_D075_DENS_LOW_V_LOW_S050,G2_D075_DENS_LOW_V_LOW,50,7.00202465057,7.71312103347,3.55238888894,0,0,28.0080986023,
G2_D075_DENS_LOW_V_LOW_S050,G2_D075_DENS_LOW_V_LOW,50,7.01103448868,7.64317519909,3.94509456713,0,0,28.0441379547,
G2_D075_DENS_LOW_V_LOW_S050,G2_D075_DENS_LOW_V_LOW,50,7.02000570297,7.98029078914,4.28098571942,0,0,28.0800228119,
G2_D075_DENS_LOW_V_LOW_S050,G2_D075_DENS_LOW_V_LOW,50,7.02901554108,7.45929984603,3.73285113418,0,0,28.1160621643,
G2_D075_DENS_LOW_V_LOW_S050,G2_D075_DENS_LOW_V_LOW,50,7.03802585602,7.65909400913,3.83752414655,0,0,28.1521034241,
G2_D075_DENS_LOW_V_LOW_S050,G2_D075_DENS_LOW_V_LOW,50,7.04703617096,7.59810892961,3.65401454151,0,0,28.1881446838,
G2_D075_DENS_LOW_V_LOW_S050,G2_D075_DENS_LOW_V_LOW,50,7.05600690842,7.6295348468,3.36091281359,0,0,28.2240276337,
G2_D075_DENS_LOW_V_LOW_S050,G2_D075_DENS_LOW_V_LOW,50,7.06501674652,8.16768302434,3.65219291498,0,0,28.2600669861,
G2_D075_DENS_LOW_V_LOW_S050,G2_D075_DENS_LOW_V_LOW,50,7.07402706146,7.80667208797,3.77950455899,0,0,28.2961082458,
G2_D075_DENS_LOW_V_LOW_S050,G2_D075_DENS_LOW_V_LOW,50,7.0830373764,7.88892479938,3.92522404789,0,0,28.3321495056,
G2_D075_DENS_LOW_V_LOW_S050,G2_D075_DENS_LOW_V_LOW,50,7.09200811386,7.8246582544,3.62349968438,0,0,28.3680324554,
G2_D075_DENS_LOW_V_LOW_S050,G2_D075_DENS_LOW_V_LOW,50,7.1010184288,7.30036042526,3.62106195047,0,0,28.4040737152,
G2_D075_DENS_LOW_V_LOW_S050,G2_D075_DENS_LOW_V_LOW,50,7.11002826691,7.84561697097,3.69126140724,0,0,28.4401130676,
G2_D075_DENS_LOW_V_LOW_S050,G2_D075_DENS_LOW_V_LOW,50,7.11903858185,7.60011991863,3.77438114647,0,0,28.4761543274,
G2_D075_DENS_LOW_V_LOW_S050,G2_D075_DENS_LOW_V_LOW,50,7.12800788879,7.83409813197,3.77057392023,0,0,28.5120315552,
G2_D075_DENS_LOW_V_LOW_S050,G2_D075_DENS_LOW_V_LOW,50,7.1370177269,7.61955671606,3.74512029011,0,0,28.5480709076,
G2_D075_DENS_LOW_V_LOW_S050,G2_D075_DENS_LOW_V_LOW,50,7.14602804184,7.09678080606,3.84774612417,0,0,28.5841121674,
G2_D075_DENS_LOW_V_LOW_S050,G2_D075_DENS_LOW_V_LOW,50,7.15503835678,7.96533243497,3.99411134235,0,0,28.6201534271,
G2_D075_DENS_LOW_V_LOW_S050,G2_D075_DENS_LOW_V_LOW,50,7.16400909424,8.19847784796,3.93772526032,0,0,28.656036377,
G2_D075_DENS_LOW_V_LOW_S050,G2_D075_DENS_LOW_V_LOW,50,7.17301893234,6.87849593326,3.46892734158,0,0,28.6920757294,
G2_D075_DENS_LOW_V_LOW_S050,G2_D075_DENS_LOW_V_LOW,50,7.18202924728,7.71833777883,3.72942812357,0,0,28.7281169891,
G2_D075_DENS_LOW_V_LOW_S050,G2_D075_DENS_LOW_V_LOW,50,7.19099998474,7.90253254701,3.48833930131,0,0,28.763999939,
G2_D075_DENS_LOW_V_LOW_S050,G2_D075_DENS_LOW_V_LOW,50,7.20001029968,7.56723342327,3.49126525703,0,0,28.8000411987,
G2_D075_DENS_LOW_V_LOW_S050,G2_D075_DENS_LOW_V_LOW,50,7.20902061462,7.0861699239,3.53195816896,0,0,28.8360824585,
G2_D075_DENS_LOW_V_LOW_S050,G2_D075_DENS_LOW_V_LOW,50,7.21803045273,7.69915795032,3.32970809997,0,0,28.8721218109,
G2_D075_DENS_LOW_V_LOW_S050,G2_D075_DENS_LOW_V_LOW,50,7.22700166702,8.22209246264,3.89618540018,0,0,28.9080066681,
G2_D075_DENS_LOW_V_LOW_S050,G2_D075_DENS_LOW_V_LOW,50,7.23601150513,7.65876133108,3.88867738305,0,0,28.9440460205,
G2_D075_DENS_LOW_V_LOW_S050,G2_D075_DENS_LOW_V_LOW,50,7.24502182007,7.649193798,3.99463776634,0,0,28.9800872803,
G2_D075_DENS_LOW_V_LOW_S050,G2_D075_DENS_LOW_V_LOW,50,7.25403213501,7.55275750753,3.60127072233,0,0,29.01612854,
G2_D075_DENS_LOW_V_LOW_S050,G2_D075_DENS_LOW_V_LOW,50,7.26300287247,7.42016596654,3.7425569657,0,0,29.0520114899,
G2_D075_DENS_LOW_V_LOW_S050,G2_D075_DENS_LOW_V_LOW,50,7.27201318741,7.1657385535,3.42407306744,0,0,29.0880527496,
G2_D075_DENS_LOW_V_LOW_S050,G2_D075_DENS_LOW_V_LOW,50,7.28102302551,6.88903773775,3.23283394162,0,0,29.1240921021,
G2_D075_DENS_LOW_V_LOW_S050,G2_D075_DENS_LOW_V_LOW,50,7.29003334045,7.69022593176,3.589618147,0,0,29.1601333618,
G2_D075_DENS_LOW_V_LOW_S050,G2_D075_DENS_LOW_V_LOW,50,7.29900407791,7.93124564608,4.05148546623,0,0,29.1960163116,
G2_D075_DENS_LOW_V_LOW_S050,G2_D075_DENS_LOW_V_LOW,50,7.30801439285,8.14742005802,3.44596115613,0,0,29.2320575714,
G2_D075_DENS_LOW_V_LOW_S050,G2_D075_DENS_LOW_V_LOW,50,7.31702423096,8.23361793311,3.93856009566,0,0,29.2680969238,
G2_D075_DENS_LOW_V_LOW_S050,G2_D075_DENS_LOW_V_LOW,50,7.3260345459,7.985017912,3.75131576658,0,0,29.3041381836,
G2_D075_DENS_LOW_V_LOW_S050,G2_D075_DENS_LOW_V_LOW,50,7.33500528336,7.64507897957,3.43554598951,0,0,29.3400211334,
G2_D075_DENS_LOW_V_LOW_S050,G2_D075_DENS_LOW_V_LOW,50,7.3440155983,7.88400868002,3.66956510062,0,0,29.3760623932,
G2_D075_DENS_LOW_V_LOW_S050,G2_D075_DENS_LOW_V_LOW,50,7.35302591324,8.42215022611,2.93982883802,0,0,29.412103653,
G2_D075_DENS_LOW_V_LOW_S050,G2_D075_DENS_LOW_V_LOW,50,7.36202812195,7.79710731799,3.49886064025,0,0,29.4481124878,
G2_D075_DENS_LOW_V_LOW_S050,G2_D075_DENS_LOW_V_LOW,50,7.37103843689,7.80434002596,3.71734157973,0,0,29.4841537476,
G2_D075_DENS_LOW_V_LOW_S050,G2_D075_DENS_LOW_V_LOW,50,7.38000917435,8.19937806811,4.08478978141,0,0,29.5200366974,
G2_D075_DENS_LOW_V_LOW_S050,G2_D075_DENS_LOW_V_LOW,50,7.38901901245,7.59243129807,3.80716253684,0,0,29.5560760498,
G2_D075_DENS_LOW_V_LOW_S050,G2_D075_DENS_LOW_V_LOW,50,7.39802932739,7.85882241028,3.82162059974,0,0,29.5921173096,
G2_D075_DENS_LOW_V_LOW_S050,G2_D075_DENS_LOW_V_LOW,50,7.40700006485,8.10621661165,3.73362387318,0,0,29.6280002594,
G2_D075_DENS_LOW_V_LOW_S050,G2_D075_DENS_LOW_V_LOW,50,7.41601037979,7.68123754583,3.57430576993,0,0,29.6640415192,
G2_D075_DENS_LOW_V_LOW_S050,G2_D075_DENS_LOW_V_LOW,50,7.42502069473,7.78211083295,3.78740537272,0,0,29.7000827789,
G2_D075_DENS_LOW_V_LOW_S050,G2_D075_DENS_LOW_V_LOW,50,7.43403053284,8.09159369863,4.89992681001,0,0,29.7361221313,
G2_D075_DENS_LOW_V_LOW_S050,G2_D075_DENS_LOW_V_LOW,50,7.44300174713,7.55448058084,3.59481793653,0,0,29.7720069885,
G2_D075_DENS_LOW_V_LOW_S050,G2_D075_DENS_LOW_V_LOW,50,7.45201158524,7.43779513959,3.49546239466,0,0,29.8080463409,
G2_D075_DENS_LOW_V_LOW_S050,G2_D075_DENS_LOW_V_LOW,50,7.46102190018,7.27925471142,3.4825445673,0,0,29.8440876007,
G2_D075_DENS_LOW_V_LOW_S050,G2_D075_DENS_LOW_V_LOW,50,7.47003221512,8.35965980609,3.93312343773,0,0,29.8801288605,
G2_D075_DENS_LOW_V_LOW_S050,G2_D075_DENS_LOW_V_LOW,50,7.47900295258,7.50886279527,3.25759675997,0,0,29.9160118103,
G2_D075_DENS_LOW_V_LOW_S050,G2_D075_DENS_LOW_V_LOW,50,7.48801326752,8.03135134218,3.85227175756,0,0,29.9520530701,
G2_D075_DENS_LOW_V_LOW_S050,G2_D075_DENS_LOW_V_LOW,50,7.49702310562,8.08722467439,3.8521616139,0,0,29.9880924225,
G2_D075_DENS_LOW_V_LOW_S050,G2_D075_DENS_LOW_V_LOW,50,7.50603342056,8.11162732709,4.0202196226,0,0,30.0241336823,
G2_D075_DENS_LOW_V_LOW_S050,G2_D075_DENS_LOW_V_LOW,50,7.51500415802,8.28341519379,4.27448932634,0,0,30.0600166321,
G2_D075_DENS_LOW_V_LOW_S050,G2_D075_DENS_LOW_V_LOW,50,7.52401447296,7.86641597998,4.06418721255,0,0,30.0960578918,
G2_D075_DENS_LOW_V_LOW_S050,G2_D075_DENS_LOW_V_LOW,50,7.53302431107,7.1447428113,3.53478747868,0,0,30.1320972443,
G2_D075_DENS_LOW_V_LOW_S050,G2_D075_DENS_LOW_V_LOW,50,7.54203462601,8.03564189419,3.86143824195,0,0,30.168138504,
G2_D075_DENS_LOW_V_LOW_S050,G2_D075_DENS_LOW_V_LOW,50,7.55100536346,8.2390325169,3.76283261309,0,0,30.2040214539,
G2_D075_DENS_LOW_V_LOW_S050,G2_D075_DENS_LOW_V_LOW,50,7.56001567841,8.19126061339,3.74947338282,0,0,30.2400627136,
G2_D075_DENS_LOW_V_LOW_S050,G2_D075_DENS_LOW_V_LOW,50,7.56902599335,7.60156502341,3.54838062813,0,0,30.2761039734,
G2_D075_DENS_LOW_V_LOW_S050,G2_D075_DENS_LOW_V_LOW,50,7.57803583145,8.12521849608,3.74184861008,0,0,30.3121433258,
G2_D075_DENS_LOW_V_LOW_S050,G2_D075_DENS_LOW_V_LOW,50,7.58700704575,7.85660418826,3.77749059351,0,0,30.348028183,
G2_D075_DENS_LOW_V_LOW_S050,G2_D075_DENS_LOW_V_LOW,50,7.59601688385,8.17909686529,3.31657423302,0,0,30.3840675354,
G2_D075_DENS_LOW_V_LOW_S050,G2_D075_DENS_LOW_V_LOW,50,7.60502719879,7.56307826349,3.67608617228,0,0,30.4201087952,
G2_D075_DENS_LOW_V_LOW_S050,G2_D075_DENS_LOW_V_LOW,50,7.6140370369,8.10870064453,4.42467236859,0,0,30.4561481476,
G2_D075_DENS_LOW_V_LOW_S050,G2_D075_DENS_LOW_V_LOW,50,7.62300825119,7.7771118204,3.81255514835,0,0,30.4920330048,
G2_D075_DENS_LOW_V_LOW_S050,G2_D075_DENS_LOW_V_LOW,50,7.63201808929,8.1077855036,3.74977567943,0,0,30.5280723572,
G2_D075_DENS_LOW_V_LOW_S050,G2_D075_DENS_LOW_V_LOW,50,7.64102840424,7.67435077881,3.38426081357,0,0,30.5641136169,
G2_D075_DENS_LOW_V_LOW_S050,G2_D075_DENS_LOW_V_LOW,50,7.65003871918,8.51222639769,3.86715389422,0,0,30.6001548767,
G2_D075_DENS_LOW_V_LOW_S050,G2_D075_DENS_LOW_V_LOW,50,7.65900945663,8.03947763884,3.98120355038,0,0,30.6360378265,
G2_D075_DENS_LOW_V_LOW_S050,G2_D075_DENS_LOW_V_LOW,50,7.66801929474,8.01319828411,3.91871829473,0,0,30.672077179,
G2_D075_DENS_LOW_V_LOW_S050,G2_D075_DENS_LOW_V_LOW,50,7.67702960968,7.98356672838,3.55702002543,0,0,30.7081184387,
G2_D075_DENS_LOW_V_LOW_S050,G2_D075_DENS_LOW_V_LOW,50,7.68600034714,7.78629472904,3.62432679787,0,0,30.7440013885,
G2_D075_DENS_LOW_V_LOW_S050,G2_D075_DENS_LOW_V_LOW,50,7.69501066208,8.12766108236,3.7480540474,0,0,30.7800426483,
G2_D075_DENS_LOW_V_LOW_S050,G2_D075_DENS_LOW_V_LOW,50,7.70402097702,7.84349269458,3.42479951668,0,0,30.8160839081,
G2_D075_DENS_LOW_V_LOW_S050,G2_D075_DENS_LOW_V_LOW,50,7.71303081512,7.6080417454,3.84616951194,0,0,30.8521232605,
G2_D075_DENS_LOW_V_LOW_S050,G2_D075_DENS_LOW_V_LOW,50,7.72200202942,7.6053057172,3.49415589583,0,0,30.8880081177,
G2_D075_DENS_LOW_V_LOW_S050,G2_D075_DENS_LOW_V_LOW,50,7.73101186752,7.80373932657,3.68036200803,0,0,30.9240474701,
G2_D075_DENS_LOW_V_LOW_S050,G2_D075_DENS_LOW_V_LOW,50,7.74002218246,8.22651840688,3.66874818418,0,0,30.9600887299,
G2_D075_DENS_LOW_V_LOW_S050,G2_D075_DENS_LOW_V_LOW,50,7.74903249741,7.97780620364,3.5820179093,0,0,30.9961299896,
G2_D075_DENS_LOW_V_LOW_S050,G2_D075_DENS_LOW_V_LOW,50,7.75800323486,7.82205485532,3.82091942913,0,0,31.0320129395,
G2_D075_DENS_LOW_V_LOW_S050,G2_D075_DENS_LOW_V_LOW,50,7.76701307297,7.97635391478,3.90771336848,0,0,31.0680522919,
G2_D075_DENS_LOW_V_LOW_S050,G2_D075_DENS_LOW_V_LOW,50,7.77602338791,7.97622515401,3.48417343144,0,0,31.1040935516,
G2_D075_DENS_LOW_V_LOW_S050,G2_D075_DENS_LOW_V_LOW,50,7.78503370285,8.01155257779,3.89902266378,0,0,31.1401348114,
G2_D075_DENS_LOW_V_LOW_S050,G2_D075_DENS_LOW_V_LOW,50,7.79400444031,8.39751270935,3.74667107529,0,0,31.1760177612,
G2_D075_DENS_LOW_V_LOW_S050,G2_D075_DENS_LOW_V_LOW,50,7.80301475525,8.03202664545,3.53867046998,0,0,31.212059021,
G2_D075_DENS_LOW_V_LOW_S050,G2_D075_DENS_LOW_V_LOW,50,7.81202459335,8.03283015686,3.76412865199,0,0,31.2480983734,
G2_D075_DENS_LOW_V_LOW_S050,G2_D075_DENS_LOW_V_LOW,50,7.82103490829,8.2583002122,3.56401334462,0,0,31.2841396332,
G2_D075_DENS_LOW_V_LOW_S050,G2_D075_DENS_LOW_V_LOW,50,7.83002090454,8.20914012391,3.56360365585,0,0,31.3200836182,
G2_D075_DENS_LOW_V_LOW_S050,G2_D075_DENS_LOW_V_LOW,50,7.83903074265,8.29925442636,3.55201855611,0,0,31.3561229706,
G2_D075_DENS_LOW_V_LOW_S050,G2_D075_DENS_LOW_V_LOW,50,7.8480014801,7.71494136813,3.81849354807,0,0,31.3920059204,
G2_D075_DENS_LOW_V_LOW_S050,G2_D075_DENS_LOW_V_LOW,50,7.85701179504,8.2148603073,4.1681885742,0,0,31.4280471802,
G2_D075_DENS_LOW_V_LOW_S050,G2_D075_DENS_LOW_V_LOW,50,7.86602210999,8.11511436768,4.34489511216,0,0,31.4640884399,
G2_D075_DENS_LOW_V_LOW_S050,G2_D075_DENS_LOW_V_LOW,50,7.87503194809,7.81058409437,3.67058233095,0,0,31.5001277924,
G2_D075_DENS_LOW_V_LOW_S050,G2_D075_DENS_LOW_V_LOW,50,7.88400316238,7.74468952696,3.64159763464,0,0,31.5360126495,
G2_D075_DENS_LOW_V_LOW_S050,G2_D075_DENS_LOW_V_LOW,50,7.89301300049,8.0410465308,3.65800026631,0,0,31.572052002,
G2_D075_DENS_LOW_V_LOW_S050,G2_D075_DENS_LOW_V_LOW,50,7.90202331543,8.52799931569,3.73554236018,0,0,31.6080932617,
G2_D075_DENS_LOW_V_LOW_S050,G2_D075_DENS_LOW_V_LOW,50,7.91103363037,7.89774353056,3.42476938659,0,0,31.6441345215,
G2_D075_DENS_LOW_V_LOW_S050,G2_D075_DENS_LOW_V_LOW,50,7.92003774643,8.11813389063,4.61199362584,0,0,31.6801509857,
G2_D075_DENS_LOW_V_LOW_S050,G2_D075_DENS_LOW_V_LOW,50,7.92900848389,8.34646541921,4.03757694262,0,0,31.7160339355,
G2_D075_DENS_LOW_V_LOW_S050,G2_D075_DENS_LOW_V_LOW,50,7.93801879883,8.23479943751,3.26765928822,0,0,31.7520751953,
G2_D075_DENS_LOW_V_LOW_S050,G2_D075_DENS_LOW_V_LOW,50,7.94700479507,8.0786546228,3.47997072908,0,0,31.7880191803,
G2_D075_DENS_LOW_V_LOW_S050,G2_D075_DENS_LOW_V_LOW,50,7.95601511002,8.16530509475,3.23684302464,0,0,31.8240604401,
G2_D075_DENS_LOW_V_LOW_S050,G2_D075_DENS_LOW_V_LOW,50,7.96502542496,7.68094134079,4.55161786773,0,0,31.8601016998,
G2_D075_DENS_LOW_V_LOW_S050,G2_D075_DENS_LOW_V_LOW,50,7.97403526306,8.00867563114,3.95533349016,0,0,31.8961410522,
G2_D075_DENS_LOW_V_LOW_S050,G2_D075_DENS_LOW_V_LOW,50,7.98300647736,7.7731893142,4.13987402402,0,0,31.9320259094,
G2_D075_DENS_LOW_V_LOW_S050,G2_D075_DENS_LOW_V_LOW,50,7.99201631546,8.26338101271,3.93582748552,0,0,31.9680652618,
G2_D075_DENS_LOW_V_LOW_S050,G2_D075_DENS_LOW_V_LOW,50,8.00102615356,7.69030495661,3.5970666342,0,0,32.0041046143,
G2_D075_DENS_LOW_V_LOW_S050,G2_D075_DENS_LOW_V_LOW,50,8.01003646851,7.86426959873,3.60077540485,0,0,32.040145874,
G2_D075_DENS_LOW_V_LOW_S050,G2_D075_DENS_LOW_V_LOW,50,8.0190076828,8.00679008716,3.55123802387,0,0,32.0760307312,
G2_D075_DENS_LOW_V_LOW_S050,G2_D075_DENS_LOW_V_LOW,50,8.02801799774,7.69168706256,3.50820578503,0,0,32.112071991,
G2_D075_DENS_LOW_V_LOW_S050,G2_D075_DENS_LOW_V_LOW,50,8.03702831268,8.3402290875,3.51773682083,0,0,32.1481132507,
G2_D075_DENS_LOW_V_LOW_S050,G2_D075_DENS_LOW_V_LOW,50,8.04603767395,7.90733537899,3.55515466078,0,0,32.1841506958,
G2_D075_DENS_LOW_V_LOW_S050,G2_D075_DENS_LOW_V_LOW,50,8.05500888824,9.70680140131,4.63005129524,0,0,32.220035553,
G2_D075_DENS_LOW_V_LOW_S050,G2_D075_DENS_LOW_V_LOW,50,8.06401062012,8.81678209158,3.55706467797,0,0,32.2560424805,
G2_D075_DENS_LOW_V_LOW_S050,G2_D075_DENS_LOW_V_LOW,50,8.07302951813,8.2505408561,3.42111241886,0,0,32.2921180725,
G2_D075_DENS_LOW_V_LOW_S050,G2_D075_DENS_LOW_V_LOW,50,8.08200073242,8.24157733812,3.82127273732,0,0,32.3280029297,
G2_D075_DENS_LOW_V_LOW_S050,G2_D075_DENS_LOW_V_LOW,50,8.09101104736,8.38220841423,4.98261847557,0,0,32.3640441895,
G2_D075_DENS_LOW_V_LOW_S050,G2_D075_DENS_LOW_V_LOW,50,8.1000213623,7.81927682789,3.60441235122,0,0,32.4000854492,
G2_D075_DENS_LOW_V_LOW_S050,G2_D075_DENS_LOW_V_LOW,50,8.10903072357,7.87987949344,3.56653309765,0,0,32.4361228943,
G2_D075_DENS_LOW_V_LOW_S050,G2_D075_DENS_LOW_V_LOW,50,8.11800193787,8.02716634085,3.64730940161,0,0,32.4720077515,
G2_D075_DENS_LOW_V_LOW_S050,G2_D075_DENS_LOW_V_LOW,50,8.12701225281,8.65584328684,3.82563576313,0,0,32.5080490112,
G2_D075_DENS_LOW_V_LOW_S050,G2_D075_DENS_LOW_V_LOW,50,8.13602256775,8.32789734252,3.86441882614,0,0,32.544090271,
G2_D075_DENS_LOW_V_LOW_S050,G2_D075_DENS_LOW_V_LOW,50,8.14503192902,8.34798347001,3.70398114963,0,0,32.5801277161,
G2_D075_DENS_LOW_V_LOW_S050,G2_D075_DENS_LOW_V_LOW,50,8.15400314331,8.27471361832,3.47547470118,0,0,32.6160125732,
G2_D075_DENS_LOW_V_LOW_S050,G2_D075_DENS_LOW_V_LOW,50,8.16301345825,8.3253889943,3.84785854201,0,0,32.652053833,
G2_D075_DENS_LOW_V_LOW_S050,G2_D075_DENS_LOW_V_LOW,50,8.17202377319,8.43664879933,3.37924855557,0,0,32.6880950928,
G2_D075_DENS_LOW_V_LOW_S050,G2_D075_DENS_LOW_V_LOW,50,8.18103408813,8.30589140853,3.51634007977,0,0,32.7241363525,
G2_D075_DENS_LOW_V_LOW_S050,G2_D075_DENS_LOW_V_LOW,50,8.19002914429,8.06637703471,3.26604365748,0,0,32.7601165771,
G2_D075_DENS_LOW_V_LOW_S050,G2_D075_DENS_LOW_V_LOW,50,8.19903182983,8.1183715178,3.40623070156,0,0,32.7961273193,
G2_D075_DENS_LOW_V_LOW_S050,G2_D075_DENS_LOW_V_LOW,50,8.20800113678,8.19667243408,3.83686491662,0,0,32.8320045471,
G2_D075_DENS_LOW_V_LOW_S050,G2_D075_DENS_LOW_V_LOW,50,8.21701049805,8.22240358845,3.63206686521,0,0,32.8680419922,
G2_D075_DENS_LOW_V_LOW_S050,G2_D075_DENS_LOW_V_LOW,50,8.22602081299,8.51285196503,4.24095403389,0,0,32.904083252,
G2_D075_DENS_LOW_V_LOW_S050,G2_D075_DENS_LOW_V_LOW,50,8.23503112793,7.74240609562,3.94252094405,0,0,32.9401245117,
G2_D075_DENS_LOW_V_LOW_S050,G2_D075_DENS_LOW_V_LOW,50,8.24400234222,8.22972582108,3.73458411303,0,0,32.9760093689,
G2_D075_DENS_LOW_V_LOW_S050,G2_D075_DENS_LOW_V_LOW,50,8.25301170349,8.26611372518,3.90086635645,0,0,33.012046814,
G2_D075_DENS_LOW_V_LOW_S050,G2_D075_DENS_LOW_V_LOW,50,8.26202201843,8.07421154731,3.91187886952,0,0,33.0480880737,
G2_D075_DENS_LOW_V_LOW_S050,G2_D075_DENS_LOW_V_LOW,50,8.27103233337,7.54952743585,3.53129766157,0,0,33.0841293335,
G2_D075_DENS_LOW_V_LOW_S050,G2_D075_DENS_LOW_V_LOW,50,8.28000354767,7.9868288521,3.68222949038,0,0,33.1200141907,
G2_D075_DENS_LOW_V_LOW_S050,G2_D075_DENS_LOW_V_LOW,50,8.28901386261,8.1455720923,3.74358823514,0,0,33.1560554504,
G2_D075_DENS_LOW_V_LOW_S050,G2_D075_DENS_LOW_V_LOW,50,8.29802322388,7.85938995239,3.12631678028,0,0,33.1920928955,
G2_D075_DENS_LOW_V_LOW_S050,G2_D075_DENS_LOW_V_LOW,50,8.30702114105,8.48849131156,3.86501843326,0,0,33.2280845642,
G2_D075_DENS_LOW_V_LOW_S050,G2_D075_DENS_LOW_V_LOW,50,8.31603050232,8.36609673935,3.559564834,0,0,33.2641220093,
G2_D075_DENS_LOW_V_LOW_S050,G2_D075_DENS_LOW_V_LOW,50,8.32500171661,8.46035459653,3.50486976544,0,0,33.3000068665,
G2_D075_DENS_LOW_V_LOW_S050,G2_D075_DENS_LOW_V_LOW,50,8.33401203156,8.24560650024,3.96190763384,0,0,33.3360481262,
G2_D075_DENS_LOW_V_LOW_S050,G2_D075_DENS_LOW_V_LOW,50,8.3430223465,8.18324318313,4.25840720372,0,0,33.372089386,
G2_D075_DENS_LOW_V_LOW_S050,G2_D075_DENS_LOW_V_LOW,50,8.35203170776,7.77171271,3.56669321614,0,0,33.4081268311,
G2_D075_DENS_LOW_V_LOW_S050,G2_D075_DENS_LOW_V_LOW,50,8.36100292206,8.30408267892,3.82160800849,0,0,33.4440116882,
G2_D075_DENS_LOW_V_LOW_S050,G2_D075_DENS_LOW_V_LOW,50,8.370013237,8.51428546476,3.8952194543,0,0,33.480052948,
G2_D075_DENS_LOW_V_LOW_S050,G2_D075_DENS_LOW_V_LOW,50,8.37902355194,8.65446449662,4.09898428078,0,0,33.5160942078,
G2_D075_DENS_LOW_V_LOW_S050,G2_D075_DENS_LOW_V_LOW,50,8.38803291321,8.18357088758,3.5257991313,0,0,33.5521316528,
G2_D075_DENS_LOW_V_LOW_S050,G2_D075_DENS_LOW_V_LOW,50,8.3970041275,9.0338937493,3.79593728765,0,0,33.58801651,
G2_D075_DENS_LOW_V_LOW_S050,G2_D075_DENS_LOW_V_LOW,50,8.40601444244,7.9306631832,3.52847217878,0,0,33.6240577698,
G2_D075_DENS_LOW_V_LOW_S050,G2_D075_DENS_LOW_V_LOW,50,8.41502380371,8.61205688836,3.17589617334,0,0,33.6600952148,
G2_D075_DENS_LOW_V_LOW_S050,G2_D075_DENS_LOW_V_LOW,50,8.42401027679,8.32904126867,3.12934146362,0,0,33.6960411072,
G2_D075_DENS_LOW_V_LOW_S050,G2_D075_DENS_LOW_V_LOW,50,8.43301963806,8.20474899482,3.83754793292,0,0,33.7320785522,
G2_D075_DENS_LOW_V_LOW_S050,G2_D075_DENS_LOW_V_LOW,50,8.44202518463,8.59749918466,3.38676781056,0,0,33.7681007385,
G2_D075_DENS_LOW_V_LOW_S050,G2_D075_DENS_LOW_V_LOW,50,8.45101642609,8.0818929838,3.95629564283,0,0,33.8040657043,
G2_D075_DENS_LOW_V_LOW_S050,G2_D075_DENS_LOW_V_LOW,50,8.46002674103,7.90048232188,3.68292644679,0,0,33.8401069641,
G2_D075_DENS_LOW_V_LOW_S050,G2_D075_DENS_LOW_V_LOW,50,8.46903705597,8.27987620679,3.71312930644,0,0,33.8761482239,
G2_D075_DENS_LOW_V_LOW_S050,G2_D075_DENS_LOW_V_LOW,50,8.47800827026,8.39099067241,3.60109187595,0,0,33.9120330811,
G2_D075_DENS_LOW_V_LOW_S050,G2_D075_DENS_LOW_V_LOW,50,8.48701858521,8.2114301867,3.76649293926,0,0,33.9480743408,
G2_D075_DENS_LOW_V_LOW_S050,G2_D075_DENS_LOW_V_LOW,50,8.49602794647,8.40350091408,3.80540929919,0,0,33.9841117859,
G2_D075_DENS_LOW_V_LOW_S050,G2_D075_DENS_LOW_V_LOW,50,8.50503826141,8.43098885167,3.75942238154,0,0,34.0201530457,
G2_D075_DENS_LOW_V_LOW_S050,G2_D075_DENS_LOW_V_LOW,50,8.51400947571,9.04513185667,3.8217787119,0,0,34.0560379028,
G2_D075_DENS_LOW_V_LOW_S050,G2_D075_DENS_LOW_V_LOW,50,8.52301979065,8.51154059462,3.54924171721,0,0,34.0920791626,
G2_D075_DENS_LOW_V_LOW_S050,G2_D075_DENS_LOW_V_LOW,50,8.53203010559,8.14648115438,3.76276465683,0,0,34.1281204224,
G2_D075_DENS_LOW_V_LOW_S050,G2_D075_DENS_LOW_V_LOW,50,8.54103565216,8.84604725937,3.7788754422,0,0,34.1641426086,
G2_D075_DENS_LOW_V_LOW_S050,G2_D075_DENS_LOW_V_LOW,50,8.55000591278,8.84539295571,3.7598178959,0,0,34.2000236511,
G2_D075_DENS_LOW_V_LOW_S050,G2_D075_DENS_LOW_V_LOW,50,8.55901622772,8.32109236346,3.39393216435,0,0,34.2360649109,
G2_D075_DENS_LOW_V_LOW_S050,G2_D075_DENS_LOW_V_LOW,50,8.56802654266,8.24457530884,3.78372742561,0,0,34.2721061707,
G2_D075_DENS_LOW_V_LOW_S050,G2_D075_DENS_LOW_V_LOW,50,8.5770368576,7.49946104858,3.53751363956,0,0,34.3081474304,
G2_D075_DENS_LOW_V_LOW_S050,G2_D075_DENS_LOW_V_LOW,50,8.5860080719,8.11618590044,3.88041109917,0,0,34.3440322876,
G2_D075_DENS_LOW_V_LOW_S050,G2_D075_DENS_LOW_V_LOW,50,8.59501743317,8.10282517454,4.65806342648,0,0,34.3800697327,
G2_D075_DENS_LOW_V_LOW_S050,G2_D075_DENS_LOW_V_LOW,50,8.60402774811,8.62015334347,3.69331859223,0,0,34.4161109924,
G2_D075_DENS_LOW_V_LOW_S050,G2_D075_DENS_LOW_V_LOW,50,8.61303806305,8.13839464646,3.95022398698,0,0,34.4521522522,
G2_D075_DENS_LOW_V_LOW_S050,G2_D075_DENS_LOW_V_LOW,50,8.62200927734,8.28783450657,3.71186451388,0,0,34.4880371094,
G2_D075_DENS_LOW_V_LOW_S050,G2_D075_DENS_LOW_V_LOW,50,8.63101673126,8.0876369299,3.57760188889,0,0,34.524066925,
G2_D075_DENS_LOW_V_LOW_S050,G2_D075_DENS_LOW_V_LOW,50,8.6400270462,8.54881214023,3.58929196184,0,0,34.5601081848,
G2_D075_DENS_LOW_V_LOW_S050,G2_D075_DENS_LOW_V_LOW,50,8.64903736115,8.67501758913,4.06049034535,0,0,34.5961494446,
G2_D075_DENS_LOW_V_LOW_S050,G2_D075_DENS_LOW_V_LOW,50,8.65803813934,8.4225127457,3.58437847698,0,0,34.6321525574,
G2_D075_DENS_LOW_V_LOW_S050,G2_D075_DENS_LOW_V_LOW,50,8.66700935364,9.9584474712,4.14512698958,0,0,34.6680374146,
G2_D075_DENS_LOW_V_LOW_S050,G2_D075_DENS_LOW_V_LOW,50,8.6760187149,8.71984678406,3.68103806707,0,0,34.7040748596,
G2_D075_DENS_LOW_V_LOW_S050,G2_D075_DENS_LOW_V_LOW,50,8.68502426147,8.63030333944,2.99387727088,0,0,34.7400970459,
G2_D075_DENS_LOW_V_LOW_S050,G2_D075_DENS_LOW_V_LOW,50,8.69403457642,8.15698648587,3.80041073008,0,0,34.7761383057,
G2_D075_DENS_LOW_V_LOW_S050,G2_D075_DENS_LOW_V_LOW,50,8.70300579071,8.38858179603,3.51838270483,0,0,34.8120231628,
G2_D075_DENS_LOW_V_LOW_S050,G2_D075_DENS_LOW_V_LOW,50,8.71201515198,8.41606365478,3.96716730199,0,0,34.8480606079,
G2_D075_DENS_LOW_V_LOW_S050,G2_D075_DENS_LOW_V_LOW,50,8.72102546692,8.80572303352,3.86619865123,0,0,34.8841018677,
G2_D075_DENS_LOW_V_LOW_S050,G2_D075_DENS_LOW_V_LOW,50,8.73003578186,8.27828078901,3.63187917006,0,0,34.9201431274,
G2_D075_DENS_LOW_V_LOW_S050,G2_D075_DENS_LOW_V_LOW,50,8.73900699615,8.49279678434,3.60675707673,0,0,34.9560279846,
G2_D075_DENS_LOW_V_LOW_S050,G2_D075_DENS_LOW_V_LOW,50,8.7480173111,8.57893055535,3.89301019327,0,0,34.9920692444,
G2_D075_DENS_LOW_V_LOW_S050,G2_D075_DENS_LOW_V_LOW,50,8.75702667236,8.46457828136,3.82043449342,0,0,35.0281066895,
G2_D075_DENS_LOW_V_LOW_S050,G2_D075_DENS_LOW_V_LOW,50,8.7660369873,8.58591955731,3.72938517659,0,0,35.0641479492,
G2_D075_DENS_LOW_V_LOW_S050,G2_D075_DENS_LOW_V_LOW,50,8.7750082016,8.25004128642,3.63925344587,0,0,35.1000328064,
G2_D075_DENS_LOW_V_LOW_S050,G2_D075_DENS_LOW_V_LOW,50,8.78401756287,8.71551699594,3.47911695449,0,0,35.1360702515,
G2_D075_DENS_LOW_V_LOW_S050,G2_D075_DENS_LOW_V_LOW,50,8.79302787781,8.77195731763,3.41074830398,0,0,35.1721115112,
G2_D075_DENS_LOW_V_LOW_S050,G2_D075_DENS_LOW_V_LOW,50,8.80203819275,8.48631122041,3.77985216554,0,0,35.208152771,
G2_D075_DENS_LOW_V_LOW_S050,G2_D075_DENS_LOW_V_LOW,50,8.81100940704,8.78955996486,3.98927653772,0,0,35.2440376282,
G2_D075_DENS_LOW_V_LOW_S050,G2_D075_DENS_LOW_V_LOW,50,8.82001876831,8.59618781425,3.48018753826,0,0,35.2800750732,
G2_D075_DENS_LOW_V_LOW_S050,G2_D075_DENS_LOW_V_LOW,50,8.82902908325,8.41237159167,3.74623712001,0,0,35.316116333,
G2_D075_DENS_LOW_V_LOW_S050,G2_D075_DENS_LOW_V_LOW,50,8.83800029755,8.52755556076,3.8276750461,0,0,35.3520011902,
G2_D075_DENS_LOW_V_LOW_S050,G2_D075_DENS_LOW_V_LOW,50,8.84701061249,8.67544808115,3.73550237609,0,0,35.38804245,
G2_D075_DENS_LOW_V_LOW_S050,G2_D075_DENS_LOW_V_LOW,50,8.85602092743,8.5561095049,3.69516378256,0,0,35.4240837097,
G2_D075_DENS_LOW_V_LOW_S050,G2_D075_DENS_LOW_V_LOW,50,8.8650302887,8.41404437644,3.73499568831,0,0,35.4601211548,
G2_D075_DENS_LOW_V_LOW_S050,G2_D075_DENS_LOW_V_LOW,50,8.87400150299,8.54301072151,3.52898322258,0,0,35.496006012,
G2_D075_DENS_LOW_V_LOW_S050,G2_D075_DENS_LOW_V_LOW,50,8.88301181793,8.31639066118,3.28055052175,0,0,35.5320472717,
G2_D075_DENS_LOW_V_LOW_S050,G2_D075_DENS_LOW_V_LOW,50,8.8920211792,7.99715568689,3.66368357836,0,0,35.5680847168,
G2_D075_DENS_LOW_V_LOW_S050,G2_D075_DENS_LOW_V_LOW,50,8.90102767944,8.65330288658,3.42729662721,0,0,35.6041107178,
G2_D075_DENS_LOW_V_LOW_S050,G2_D075_DENS_LOW_V_LOW,50,8.91003417969,8.7754515423,3.51656703656,0,0,35.6401367188,
G2_D075_DENS_LOW_V_LOW_S050,G2_D075_DENS_LOW_V_LOW,50,8.91900539398,8.61236580369,3.22739852537,0,0,35.6760215759,
G2_D075_DENS_LOW_V_LOW_S050,G2_D075_DENS_LOW_V_LOW,50,8.92803764343,8.35730121826,3.29012479104,0,0,35.7121505737,
G2_D075_DENS_LOW_V_LOW_S050,G2_D075_DENS_LOW_V_LOW,50,8.93700885773,8.18467115665,3.7539766475,0,0,35.7480354309,
G2_D075_DENS_LOW_V_LOW_S050,G2_D075_DENS_LOW_V_LOW,50,8.94601917267,9.22202870757,5.28168113088,0,0,35.7840766907,
G2_D075_DENS_LOW_V_LOW_S050,G2_D075_DENS_LOW_V_LOW,50,8.95502948761,8.71420286241,4.16327199835,0,0,35.8201179504,
G2_D075_DENS_LOW_V_LOW_S050,G2_D075_DENS_LOW_V_LOW,50,8.96403884888,8.32974420301,3.49138205978,0,0,35.8561553955,
G2_D075_DENS_LOW_V_LOW_S050,G2_D075_DENS_LOW_V_LOW,50,8.97301006317,8.60046178761,3.73351369239,0,0,35.8920402527,
G2_D075_DENS_LOW_V_LOW_S050,G2_D075_DENS_LOW_V_LOW,50,8.98202037811,8.56066752563,3.6317081746,0,0,35.9280815125,
G2_D075_DENS_LOW_V_LOW_S050,G2_D075_DENS_LOW_V_LOW,50,8.99103069305,8.34817467699,3.72358927112,0,0,35.9641227722,
G2_D075_DENS_LOW_V_LOW_S050,G2_D075_DENS_LOW_V_LOW,50,9,8.8356927935,3.70343465796,0,0,36,
