run_id,scenario_id,S,z_m,qb_MPa,qs_kPa,ALLKE,ALLIE,time_s,walltime_h
G2_D075_DENS_MED_V_LOW_S030,G2_D075_DENS_MED_V_LOW,30,0,0,0,0,0,0,
G2_D075_DENS_MED_V_LOW_S030,G2_D075_DENS_MED_V_LOW,30,0.00901370029896,0,0,0,0,0.0360548011959,
G2_D075_DENS_MED_V_LOW_S030,G2_D075_DENS_MED_V_LOW,30,0.0180015731603,0,0,0,0,0.0720062926412,
G2_D075_DENS_MED_V_LOW_S030,G2_D075_DENS_MED_V_LOW,30,0.0270228479058,0.258291427724,32.9683725295,0,0,0.108091391623,
G2_D075_DENS_MED_V_LOW_S030,G2_D075_DENS_MED_V_LOW,30,0.0360136404634,0.596065517897,50.9800027886,0,0,0.144054561853,
G2_D075_DENS_MED_V_LOW_S030,G2_D075_DENS_MED_V_LOW,30,0.0450044348836,0.601567830326,26.5951879484,0,0,0.180017739534,
G2_D075_DENS_MED_V_LOW_S030,G2_D075_DENS_MED_V_LOW,30,0.0540257021785,0.618528193415,27.5376012866,0,0,0.216102808714,
G2_D075_DENS_MED_V_LOW_S030,G2_D075_DENS_MED_V_LOW,30,0.0630164891481,0.452585333447,31.9992098733,0,0,0.252065956593,
G2_D075_DENS_MED_V_LOW_S030,G2_D075_DENS_MED_V_LOW,30,0.0720072761178,0.253854154753,29.8749941516,0,0,0.288029104471,
G2_D075_DENS_MED_V_LOW_S030,G2_D075_DENS_MED_V_LOW,30,0.0810285434127,0.104867746352,0.000120762955071,0,0,0.324114173651,
G2_D075_DENS_MED_V_LOW_S030,G2_D075_DENS_MED_V_LOW,30,0.0900193378329,0,0,0,0,0.360077351332,
G2_D075_DENS_MED_V_LOW_S030,G2_D075_DENS_MED_V_LOW,30,0.0990101322532,0.00275403373117,3.32077814816e-07,0,0,0.396040529013,
G2_D075_DENS_MED_V_LOW_S030,G2_D075_DENS_MED_V_LOW,30,0.108000926673,0.131283175455,0.15473765028,0,0,0.432003706694,
G2_D075_DENS_MED_V_LOW_S030,G2_D075_DENS_MED_V_LOW,30,0.117022201419,0.457841418535,1.67325310551,0,0,0.468088805676,
G2_D075_DENS_MED_V_LOW_S030,G2_D075_DENS_MED_V_LOW,30,0.126012995839,0.73431859534,13.0389149493,0,0,0.504051983356,
G2_D075_DENS_MED_V_LOW_S030,G2_D075_DENS_MED_V_LOW,30,0.135003790259,0.948125370268,8.01661286687,0,0,0.540015161037,
G2_D075_DENS_MED_V_LOW_S030,G2_D075_DENS_MED_V_LOW,30,0.144025042653,0.86805869069,7.24032876065,0,0,0.576100170612,
G2_D075_DENS_MED_V_LOW_S030,G2_D075_DENS_MED_V_LOW,30,0.153015822172,0.769267887969,4.53718573768,0,0,0.612063288689,
G2_D075_DENS_MED_V_LOW_S030,G2_D075_DENS_MED_V_LOW,30,0.162006616592,0.529159964302,4.21514826264,0,0,0.64802646637,
G2_D075_DENS_MED_V_LOW_S030,G2_D075_DENS_MED_V_LOW,30,0.171027868986,0.342735023662,0.456165723458,0,0,0.684111475945,
G2_D075_DENS_MED_V_LOW_S030,G2_D075_DENS_MED_V_LOW,30,0.180018663406,0.338921867406,0.00834324560447,0,0,0.720074653625,
G2_D075_DENS_MED_V_LOW_S030,G2_D075_DENS_MED_V_LOW,30,0.189009442925,0.38072573686,0.431435357387,0,0,0.756037771702,
G2_D075_DENS_MED_V_LOW_S030,G2_D075_DENS_MED_V_LOW,30,0.198000237346,0.617828160345,0.647745183441,0,0,0.792000949383,
G2_D075_DENS_MED_V_LOW_S030,G2_D075_DENS_MED_V_LOW,30,0.207021504641,0.866058961329,0.617115766974,0,0,0.828086018562,
G2_D075_DENS_MED_V_LOW_S030,G2_D075_DENS_MED_V_LOW,30,0.21601228416,0.944389926387,2.79381010007,0,0,0.864049136639,
G2_D075_DENS_MED_V_LOW_S030,G2_D075_DENS_MED_V_LOW,30,0.22500307858,1.32100232999,2.26018581803,0,0,0.90001231432,
G2_D075_DENS_MED_V_LOW_S030,G2_D075_DENS_MED_V_LOW,30,0.234024345875,1.24257886994,3.54803996428,0,0,0.936097383499,
G2_D075_DENS_MED_V_LOW_S030,G2_D075_DENS_MED_V_LOW,30,0.243015125394,1.18470463405,6.3705761479,0,0,0.972060501575,
G2_D075_DENS_MED_V_LOW_S030,G2_D075_DENS_MED_V_LOW,30,0.252005904913,1.10505228231,2.68990558546,0,0,1.00802361965,
G2_D075_DENS_MED_V_LOW_S030,G2_D075_DENS_MED_V_LOW,30,0.261027187109,0.934237305464,1.46767221852,0,0,1.04410874844,
G2_D075_DENS_MED_V_LOW_S030,G2_D075_DENS_MED_V_LOW,30,0.270017981529,0.892893493268,1.31547212972,0,0,1.08007192612,
G2_D075_DENS_MED_V_LOW_S030,G2_D075_DENS_MED_V_LOW,30,0.279008746147,1.01539962591,1.78510124998,0,0,1.11603498459,
G2_D075_DENS_MED_V_LOW_S030,G2_D075_DENS_MED_V_LOW,30,0.288030028343,1.1098940741,1.32318914223,0,0,1.15212011337,
G2_D075_DENS_MED_V_LOW_S030,G2_D075_DENS_MED_V_LOW,30,0.297020822763,1.30033608826,3.4846239939,0,0,1.18808329105,
G2_D075_DENS_MED_V_LOW_S030,G2_D075_DENS_MED_V_LOW,30,0.306011617184,1.66125515133,4.10560790885,0,0,1.22404646873,
G2_D075_DENS_MED_V_LOW_S030,G2_D075_DENS_MED_V_LOW,30,0.315002381802,1.87015941521,3.77042833039,0,0,1.26000952721,
G2_D075_DENS_MED_V_LOW_S030,G2_D075_DENS_MED_V_LOW,30,0.324023663998,1.7562380477,4.578009832,0,0,1.29609465599,
G2_D075_DENS_MED_V_LOW_S030,G2_D075_DENS_MED_V_LOW,30,0.333014458418,1.64154149062,4.16441805831,0,0,1.33205783367,
G2_D075_DENS_MED_V_LOW_S030,G2_D075_DENS_MED_V_LOW,30,0.342005223036,1.4748957654,3.99573307944,0,0,1.36802089214,
G2_D075_DENS_MED_V_LOW_S030,G2_D075_DENS_MED_V_LOW,30,0.351026505232,1.55340239496,4.17209897547,0,0,1.40410602093,
G2_D075_DENS_MED_V_LOW_S030,G2_D075_DENS_MED_V_LOW,30,0.360017299652,1.31966899288,2.68396924983,0,0,1.44006919861,
G2_D075_DENS_MED_V_LOW_S030,G2_D075_DENS_MED_V_LOW,30,0.369008094072,1.52865090005,3.56188327759,0,0,1.47603237629,
G2_D075_DENS_MED_V_LOW_S030,G2_D075_DENS_MED_V_LOW,30,0.378029346466,1.53574959735,4.13465919521,0,0,1.51211738586,
G2_D075_DENS_MED_V_LOW_S030,G2_D075_DENS_MED_V_LOW,30,0.387020140886,1.66155481025,3.15880325952,0,0,1.54808056355,
G2_D075_DENS_MED_V_LOW_S030,G2_D075_DENS_MED_V_LOW,30,0.396010935307,1.95859609745,4.87436417699,0,0,1.58404374123,
G2_D075_DENS_MED_V_LOW_S030,G2_D075_DENS_MED_V_LOW,30,0.405001729727,1.8456114231,3.38408137918,0,0,1.62000691891,
G2_D075_DENS_MED_V_LOW_S030,G2_D075_DENS_MED_V_LOW,30,0.414022982121,1.8986370976,3.86109629713,0,0,1.65609192848,
G2_D075_DENS_MED_V_LOW_S030,G2_D075_DENS_MED_V_LOW,30,0.423013776541,1.63978152984,3.96323408001,0,0,1.69205510616,
G2_D075_DENS_MED_V_LOW_S030,G2_D075_DENS_MED_V_LOW,30,0.432004570961,1.6571233398,3.26270397972,0,0,1.72801828384,
G2_D075_DENS_MED_V_LOW_S030,G2_D075_DENS_MED_V_LOW,30,0.441025823355,1.65629385519,3.78861458551,0,0,1.76410329342,
G2_D075_DENS_MED_V_LOW_S030,G2_D075_DENS_MED_V_LOW,30,0.450016617775,1.44981850021,3.30535984869,0,0,1.8000664711,
G2_D075_DENS_MED_V_LOW_S030,G2_D075_DENS_MED_V_LOW,30,0.459007412195,1.77092368324,3.56659410896,0,0,1.83602964878,
G2_D075_DENS_MED_V_LOW_S030,G2_D075_DENS_MED_V_LOW,30,0.468028664589,1.57768968796,4.09282936606,0,0,1.87211465836,
G2_D075_DENS_MED_V_LOW_S030,G2_D075_DENS_MED_V_LOW,30,0.477019459009,2.02435762128,5.24574336802,0,0,1.90807783604,
G2_D075_DENS_MED_V_LOW_S030,G2_D075_DENS_MED_V_LOW,30,0.486010253429,1.82117063953,4.07960205742,0,0,1.94404101372,
G2_D075_DENS_MED_V_LOW_S030,G2_D075_DENS_MED_V_LOW,30,0.49500104785,2.123827941,4.18667704025,0,0,1.9800041914,
G2_D075_DENS_MED_V_LOW_S030,G2_D075_DENS_MED_V_LOW,30,0.504022300243,2.06733373873,5.32795708327,0,0,2.01608920097,
G2_D075_DENS_MED_V_LOW_S030,G2_D075_DENS_MED_V_LOW,30,0.513013124466,2.00938890546,4.1548697255,0,0,2.05205249786,
G2_D075_DENS_MED_V_LOW_S030,G2_D075_DENS_MED_V_LOW,30,0.522003889084,2.01087366082,3.77509176872,0,0,2.08801555634,
G2_D075_DENS_MED_V_LOW_S030,G2_D075_DENS_MED_V_LOW,30,0.53102517128,2.13009204194,3.92404155323,0,0,2.12410068512,
G2_D075_DENS_MED_V_LOW_S030,G2_D075_DENS_MED_V_LOW,30,0.540015935898,1.76861814705,2.8820454687,0,0,2.16006374359,
G2_D075_DENS_MED_V_LOW_S030,G2_D075_DENS_MED_V_LOW,30,0.54900676012,1.81535402372,4.08322637316,0,0,2.19602704048,
G2_D075_DENS_MED_V_LOW_S030,G2_D075_DENS_MED_V_LOW,30,0.558027982712,2.12619730496,3.92574073847,0,0,2.23211193085,
G2_D075_DENS_MED_V_LOW_S030,G2_D075_DENS_MED_V_LOW,30,0.567018806934,2.04356342299,5.32096320183,0,0,2.26807522774,
G2_D075_DENS_MED_V_LOW_S030,G2_D075_DENS_MED_V_LOW,30,0.576009571552,2.25260294093,6.94078051862,0,0,2.30403828621,
G2_D075_DENS_MED_V_LOW_S030,G2_D075_DENS_MED_V_LOW,30,0.58500033617,2.11368181338,5.82137721936,0,0,2.34000134468,
G2_D075_DENS_MED_V_LOW_S030,G2_D075_DENS_MED_V_LOW,30,0.594021618366,2.13275015053,5.98980152004,0,0,2.37608647346,
G2_D075_DENS_MED_V_LOW_S030,G2_D075_DENS_MED_V_LOW,30,0.603012382984,1.76690543539,4.73041342708,0,0,2.41204953194,
G2_D075_DENS_MED_V_LOW_S030,G2_D075_DENS_MED_V_LOW,30,0.612003207207,2.14290815952,4.0518248876,0,0,2.44801282883,
G2_D075_DENS_MED_V_LOW_S030,G2_D075_DENS_MED_V_LOW,30,0.621024429798,2.06026764609,4.44716453249,0,0,2.48409771919,
G2_D075_DENS_MED_V_LOW_S030,G2_D075_DENS_MED_V_LOW,30,0.630015254021,2.22387050011,4.3848868414,0,0,2.52006101608,
G2_D075_DENS_MED_V_LOW_S030,G2_D075_DENS_MED_V_LOW,30,0.639006018639,2.20141100217,3.62558402405,0,0,2.55602407455,
G2_D075_DENS_MED_V_LOW_S030,G2_D075_DENS_MED_V_LOW,30,0.648027300835,2.16709515174,3.52693767113,0,0,2.59210920334,
G2_D075_DENS_MED_V_LOW_S030,G2_D075_DENS_MED_V_LOW,30,0.657018065453,2.30955609522,4.48340248431,0,0,2.62807226181,
G2_D075_DENS_MED_V_LOW_S030,G2_D075_DENS_MED_V_LOW,30,0.666008889675,2.31367091365,4.63863306516,0,0,2.6640355587,
G2_D075_DENS_MED_V_LOW_S030,G2_D075_DENS_MED_V_LOW,30,0.675030112267,2.40375578901,4.34187310279,0,0,2.70012044907,
G2_D075_DENS_MED_V_LOW_S030,G2_D075_DENS_MED_V_LOW,30,0.684020936489,2.3833505227,4.36186435611,0,0,2.73608374596,
G2_D075_DENS_MED_V_LOW_S030,G2_D075_DENS_MED_V_LOW,30,0.693011701107,2.3982292994,5.24840527184,0,0,2.77204680443,
G2_D075_DENS_MED_V_LOW_S030,G2_D075_DENS_MED_V_LOW,30,0.702002465725,2.27021470642,5.37463788098,0,0,2.8080098629,
G2_D075_DENS_MED_V_LOW_S030,G2_D075_DENS_MED_V_LOW,30,0.711023747921,2.53483729222,4.21672466252,0,0,2.84409499168,
G2_D075_DENS_MED_V_LOW_S030,G2_D075_DENS_MED_V_LOW,30,0.720014512539,2.0946658371,4.21158430153,0,0,2.88005805016,
G2_D075_DENS_MED_V_LOW_S030,G2_D075_DENS_MED_V_LOW,30,0.729005277157,2.55381596656,4.02556963476,0,0,2.91602110863,
G2_D075_DENS_MED_V_LOW_S030,G2_D075_DENS_MED_V_LOW,30,0.738026559353,2.51288302832,4.94384083354,0,0,2.95210623741,
G2_D075_DENS_MED_V_LOW_S030,G2_D075_DENS_MED_V_LOW,30,0.747017323971,2.4518330158,5.17284241391,0,0,2.98806929588,
G2_D075_DENS_MED_V_LOW_S030,G2_D075_DENS_MED_V_LOW,30,0.756008148193,2.64009286649,4.74511831559,0,0,3.02403259277,
G2_D075_DENS_MED_V_LOW_S030,G2_D075_DENS_MED_V_LOW,30,0.765029370785,2.77744109558,6.02050332724,0,0,3.06011748314,
G2_D075_DENS_MED_V_LOW_S030,G2_D075_DENS_MED_V_LOW,30,0.774020195007,2.51014285546,4.38029748712,0,0,3.09608078003,
G2_D075_DENS_MED_V_LOW_S030,G2_D075_DENS_MED_V_LOW,30,0.783010959625,2.77847864213,5.93279948471,0,0,3.1320438385,
G2_D075_DENS_MED_V_LOW_S030,G2_D075_DENS_MED_V_LOW,30,0.792001724243,2.66582954708,5.24580485686,0,0,3.16800689697,
G2_D075_DENS_MED_V_LOW_S030,G2_D075_DENS_MED_V_LOW,30,0.801023006439,2.51694147937,4.86218898916,0,0,3.20409202576,
G2_D075_DENS_MED_V_LOW_S030,G2_D075_DENS_MED_V_LOW,30,0.810013771057,2.85682321549,4.73301788884,0,0,3.24005508423,
G2_D075_DENS_MED_V_LOW_S030,G2_D075_DENS_MED_V_LOW,30,0.819004535675,2.98027108395,6.84534601399,0,0,3.2760181427,
G2_D075_DENS_MED_V_LOW_S030,G2_D075_DENS_MED_V_LOW,30,0.828025817871,2.58578870255,6.95881382541,0,0,3.31210327148,
G2_D075_DENS_MED_V_LOW_S030,G2_D075_DENS_MED_V_LOW,30,0.837016582489,2.7494867456,4.94461203257,0,0,3.34806632996,
G2_D075_DENS_MED_V_LOW_S030,G2_D075_DENS_MED_V_LOW,30,0.846007347107,2.31064766051,4.4806780925,0,0,3.38402938843,
G2_D075_DENS_MED_V_LOW_S030,G2_D075_DENS_MED_V_LOW,30,0.855028629303,2.65840784262,6.52384617009,0,0,3.42011451721,
G2_D075_DENS_MED_V_LOW_S030,G2_D075_DENS_MED_V_LOW,30,0.864019393921,2.89532296201,6.16013394909,0,0,3.45607757568,
G2_D075_DENS_MED_V_LOW_S030,G2_D075_DENS_MED_V_LOW,30,0.873010158539,2.7426886743,5.69631159939,0,0,3.49204063416,
G2_D075_DENS_MED_V_LOW_S030,G2_D075_DENS_MED_V_LOW,30,0.882000982761,2.73911708265,5.73760720058,0,0,3.52800393105,
G2_D075_DENS_MED_V_LOW_S030,G2_D075_DENS_MED_V_LOW,30,0.891022205353,2.90521571275,5.25758681852,0,0,3.56408882141,
G2_D075_DENS_MED_V_LOW_S030,G2_D075_DENS_MED_V_LOW,30,0.900012969971,2.73143536985,5.06821694818,0,0,3.60005187988,
G2_D075_DENS_MED_V_LOW_S030,G2_D075_DENS_MED_V_LOW,30,0.909003794193,2.78796079523,5.32243833036,0,0,3.63601517677,
G2_D075_DENS_MED_V_LOW_S030,G2_D075_DENS_MED_V_LOW,30,0.918025016785,2.89308622718,6.39047644731,0,0,3.67210006714,
G2_D075_DENS_MED_V_LOW_S030,G2_D075_DENS_MED_V_LOW,30,0.927015781403,3.16104733659,6.90999061363,0,0,3.70806312561,
G2_D075_DENS_MED_V_LOW_S030,G2_D075_DENS_MED_V_LOW,30,0.936006605625,3.08132977554,5.98768297048,0,0,3.7440264225,
G2_D075_DENS_MED_V_LOW_S030,G2_D075_DENS_MED_V_LOW,30,0.945027828217,2.94475107165,5.42280717132,0,0,3.78011131287,
G2_D075_DENS_MED_V_LOW_S030,G2_D075_DENS_MED_V_LOW,30,0.954018592834,3.11171400151,5.49597974586,0,0,3.81607437134,
G2_D075_DENS_MED_V_LOW_S030,G2_D075_DENS_MED_V_LOW,30,0.963009357452,2.80000158508,5.21324651588,0,0,3.85203742981,
G2_D075_DENS_MED_V_LOW_S030,G2_D075_DENS_MED_V_LOW,30,0.972000181675,3.0977415238,5.98962734846,0,0,3.8880007267,
G2_D075_DENS_MED_V_LOW_S030,G2_D075_DENS_MED_V_LOW,30,0.981021404266,3.0939538572,5.64177417126,0,0,3.92408561707,
G2_D075_DENS_MED_V_LOW_S030,G2_D075_DENS_MED_V_LOW,30,0.990012168884,3.1138355148,6.02604100622,0,0,3.96004867554,
G2_D075_DENS_MED_V_LOW_S030,G2_D075_DENS_MED_V_LOW,30,0.999002933502,3.15938339376,5.76538168109,0,0,3.99601173401,
G2_D075_DENS_MED_V_LOW_S030,G2_D075_DENS_MED_V_LOW,30,1.0080242157,3.15067187111,4.83264187116,0,0,4.03209686279,
G2_D075_DENS_MED_V_LOW_S030,G2_D075_DENS_MED_V_LOW,30,1.01701498032,3.15318685079,5.65011073275,0,0,4.06805992126,
G2_D075_DENS_MED_V_LOW_S030,G2_D075_DENS_MED_V_LOW,30,1.02600574493,3.29787858843,6.18003772187,0,0,4.10402297974,
G2_D075_DENS_MED_V_LOW_S030,G2_D075_DENS_MED_V_LOW,30,1.03502702713,3.31615653892,6.42616690507,0,0,4.14010810852,
G2_D075_DENS_MED_V_LOW_S030,G2_D075_DENS_MED_V_LOW,30,1.04401779175,3.0548793845,5.5351937119,0,0,4.17607116699,
G2_D075_DENS_MED_V_LOW_S030,G2_D075_DENS_MED_V_LOW,30,1.05300855637,3.47025112849,6.78829542003,0,0,4.21203422546,
G2_D075_DENS_MED_V_LOW_S030,G2_D075_DENS_MED_V_LOW,30,1.06202983856,3.40952854411,7.04479637332,0,0,4.24811935425,
G2_D075_DENS_MED_V_LOW_S030,G2_D075_DENS_MED_V_LOW,30,1.07102060318,3.11384988295,5.81799518327,0,0,4.28408241272,
G2_D075_DENS_MED_V_LOW_S030,G2_D075_DENS_MED_V_LOW,30,1.0800113678,3.40301009921,6.53155214592,0,0,4.32004547119,
G2_D075_DENS_MED_V_LOW_S030,G2_D075_DENS_MED_V_LOW,30,1.08900213242,3.22046877405,6.15110890695,0,0,4.35600852966,
G2_D075_DENS_MED_V_LOW_S030,G2_D075_DENS_MED_V_LOW,30,1.09802341461,3.32345970611,5.56221898461,0,0,4.39209365845,
G2_D075_DENS_MED_V_LOW_S030,G2_D075_DENS_MED_V_LOW,30,1.10701417923,3.4720441084,4.98178444311,0,0,4.42805671692,
G2_D075_DENS_MED_V_LOW_S030,G2_D075_DENS_MED_V_LOW,30,1.11600494385,3.38716561674,5.491455382,0,0,4.46401977539,
G2_D075_DENS_MED_V_LOW_S030,G2_D075_DENS_MED_V_LOW,30,1.12502610683,3.46177833826,5.42045912778,0,0,4.50010442734,
G2_D075_DENS_MED_V_LOW_S030,G2_D075_DENS_MED_V_LOW,30,1.13401699066,3.57809297059,5.50315956889,0,0,4.53606796265,
G2_D075_DENS_MED_V_LOW_S030,G2_D075_DENS_MED_V_LOW,30,1.14300775528,3.75598868455,6.09266888403,0,0,4.57203102112,
G2_D075_DENS_MED_V_LOW_S030,G2_D075_DENS_MED_V_LOW,30,1.15202891827,3.68287467208,5.27172985233,0,0,4.60811567307,
G2_D075_DENS_MED_V_LOW_S030,G2_D075_DENS_MED_V_LOW,30,1.16101968288,3.43317769763,5.72388761796,0,0,4.64407873154,
G2_D075_DENS_MED_V_LOW_S030,G2_D075_DENS_MED_V_LOW,30,1.1700104475,3.45230640866,5.42534841004,0,0,4.68004179001,
G2_D075_DENS_MED_V_LOW_S030,G2_D075_DENS_MED_V_LOW,30,1.17900121212,3.86046340488,7.13177216321,0,0,4.71600484848,
G2_D075_DENS_MED_V_LOW_S030,G2_D075_DENS_MED_V_LOW,30,1.18802249432,3.82304154626,5.97987947983,0,0,4.75208997726,
G2_D075_DENS_MED_V_LOW_S030,G2_D075_DENS_MED_V_LOW,30,1.19701325893,3.65846428268,5.71921291222,0,0,4.78805303574,
G2_D075_DENS_MED_V_LOW_S030,G2_D075_DENS_MED_V_LOW,30,1.20600402355,3.66643556906,4.86538681822,0,0,4.82401609421,
G2_D075_DENS_MED_V_LOW_S030,G2_D075_DENS_MED_V_LOW,30,1.21502530575,3.52199499781,4.97689689167,0,0,4.86010122299,
G2_D075_DENS_MED_V_LOW_S030,G2_D075_DENS_MED_V_LOW,30,1.22401607037,3.71820237216,5.76826785675,0,0,4.89606428146,
G2_D075_DENS_MED_V_LOW_S030,G2_D075_DENS_MED_V_LOW,30,1.23300683498,3.66579314676,5.65142726197,0,0,4.93202733994,
G2_D075_DENS_MED_V_LOW_S030,G2_D075_DENS_MED_V_LOW,30,1.24202811718,3.84279886406,6.57202763991,0,0,4.96811246872,
G2_D075_DENS_MED_V_LOW_S030,G2_D075_DENS_MED_V_LOW,30,1.2510188818,3.88227371092,6.31197743201,0,0,5.00407552719,
G2_D075_DENS_MED_V_LOW_S030,G2_D075_DENS_MED_V_LOW,30,1.26000964642,3.72037527923,5.57665217035,0,0,5.04003858566,
G2_D075_DENS_MED_V_LOW_S030,G2_D075_DENS_MED_V_LOW,30,1.26900041103,3.95557782512,5.67755296964,0,0,5.07600164413,
G2_D075_DENS_MED_V_LOW_S030,G2_D075_DENS_MED_V_LOW,30,1.27802157402,3.80539828137,5.66314302267,0,0,5.11208629608,
G2_D075_DENS_MED_V_LOW_S030,G2_D075_DENS_MED_V_LOW,30,1.28701233864,3.84284445532,5.02191687309,0,0,5.14804935455,
G2_D075_DENS_MED_V_LOW_S030,G2_D075_DENS_MED_V_LOW,30,1.29600310326,3.94638552192,5.95743538185,0,0,5.18401241302,
G2_D075_DENS_MED_V_LOW_S030,G2_D075_DENS_MED_V_LOW,30,1.30502438545,3.79919040965,8.17579631203,0,0,5.22009754181,
G2_D075_DENS_MED_V_LOW_S030,G2_D075_DENS_MED_V_LOW,30,1.31401515007,3.80315574401,5.38867597039,0,0,5.25606060028,
G2_D075_DENS_MED_V_LOW_S030,G2_D075_DENS_MED_V_LOW,30,1.32300591469,4.07394876143,5.6071037479,0,0,5.29202365875,
G2_D075_DENS_MED_V_LOW_S030,G2_D075_DENS_MED_V_LOW,30,1.33202719688,4.00834376759,5.86927875198,0,0,5.32810878754,
G2_D075_DENS_MED_V_LOW_S030,G2_D075_DENS_MED_V_LOW,30,1.3410179615,4.09180920651,6.82802868062,0,0,5.36407184601,
G2_D075_DENS_MED_V_LOW_S030,G2_D075_DENS_MED_V_LOW,30,1.35000872612,4.00880437747,5.97885463421,0,0,5.40003490448,
G2_D075_DENS_MED_V_LOW_S030,G2_D075_DENS_MED_V_LOW,30,1.35903000832,4.10314319368,5.3017689416,0,0,5.43612003326,
G2_D075_DENS_MED_V_LOW_S030,G2_D075_DENS_MED_V_LOW,30,1.36802077293,3.91378058713,4.76639251757,0,0,5.47208309174,
G2_D075_DENS_MED_V_LOW_S030,G2_D075_DENS_MED_V_LOW,30,1.37701153755,3.94722661158,7.06081246069,0,0,5.50804615021,
G2_D075_DENS_MED_V_LOW_S030,G2_D075_DENS_MED_V_LOW,30,1.38600230217,4.18124461365,5.217088621,0,0,5.54400920868,
G2_D075_DENS_MED_V_LOW_S030,G2_D075_DENS_MED_V_LOW,30,1.39502346516,4.01530983577,5.02483928129,0,0,5.58009386063,
G2_D075_DENS_MED_V_LOW_S030,G2_D075_DENS_MED_V_LOW,30,1.40401422977,4.30386382643,4.89571178141,0,0,5.6160569191,
G2_D075_DENS_MED_V_LOW_S030,G2_D075_DENS_MED_V_LOW,30,1.41300499439,3.99791552678,4.70043195516,0,0,5.65201997757,
G2_D075_DENS_MED_V_LOW_S030,G2_D075_DENS_MED_V_LOW,30,1.42202627659,4.107198329,6.01270853921,0,0,5.68810510635,
G2_D075_DENS_MED_V_LOW_S030,G2_D075_DENS_MED_V_LOW,30,1.43101704121,4.23599004573,4.97054197081,0,0,5.72406816483,
G2_D075_DENS_MED_V_LOW_S030,G2_D075_DENS_MED_V_LOW,30,1.44000780582,4.27565278384,4.68928227386,0,0,5.7600312233,
G2_D075_DENS_MED_V_LOW_S030,G2_D075_DENS_MED_V_LOW,30,1.44902908802,4.26394190892,5.5863323831,0,0,5.79611635208,
G2_D075_DENS_MED_V_LOW_S030,G2_D075_DENS_MED_V_LOW,30,1.45801985264,4.45047537057,6.91944019793,0,0,5.83207941055,
G2_D075_DENS_MED_V_LOW_S030,G2_D075_DENS_MED_V_LOW,30,1.46701061726,4.05853946826,5.22611715823,0,0,5.86804246902,
G2_D075_DENS_MED_V_LOW_S030,G2_D075_DENS_MED_V_LOW,30,1.47600138187,4.11649563026,5.07578050578,0,0,5.9040055275,
G2_D075_DENS_MED_V_LOW_S030,G2_D075_DENS_MED_V_LOW,30,1.48502254486,4.26863808498,5.51190197729,0,0,5.94009017944,
G2_D075_DENS_MED_V_LOW_S030,G2_D075_DENS_MED_V_LOW,30,1.49401330948,4.26513308419,6.32088013211,0,0,5.97605323792,
G2_D075_DENS_MED_V_LOW_S030,G2_D075_DENS_MED_V_LOW,30,1.5030040741,4.53070604053,4.80193665994,0,0,6.01201629639,
G2_D075_DENS_MED_V_LOW_S030,G2_D075_DENS_MED_V_LOW,30,1.51202535629,4.29811573567,4.39097882185,0,0,6.04810142517,
G2_D075_DENS_MED_V_LOW_S030,G2_D075_DENS_MED_V_LOW,30,1.52101612091,4.3355353838,4.57897548425,0,0,6.08406448364,
G2_D075_DENS_MED_V_LOW_S030,G2_D075_DENS_MED_V_LOW,30,1.53000688553,4.24639258965,4.66652561167,0,0,6.12002754211,
G2_D075_DENS_MED_V_LOW_S030,G2_D075_DENS_MED_V_LOW,30,1.53902816772,4.55432231307,4.7901745459,0,0,6.1561126709,
G2_D075_DENS_MED_V_LOW_S030,G2_D075_DENS_MED_V_LOW,30,1.54801881313,4.93498916122,5.54138586083,0,0,6.19207525253,
G2_D075_DENS_MED_V_LOW_S030,G2_D075_DENS_MED_V_LOW,30,1.55700957775,4.32993650079,5.10568699059,0,0,6.228038311,
G2_D075_DENS_MED_V_LOW_S030,G2_D075_DENS_MED_V_LOW,30,1.56600034237,4.45121588315,4.35264259806,0,0,6.26400136948,
G2_D075_DENS_MED_V_LOW_S030,G2_D075_DENS_MED_V_LOW,30,1.57502162457,4.87973863325,5.60390475821,0,0,6.30008649826,
G2_D075_DENS_MED_V_LOW_S030,G2_D075_DENS_MED_V_LOW,30,1.58401238918,4.64047957049,6.11291527973,0,0,6.33604955673,
G2_D075_DENS_MED_V_LOW_S030,G2_D075_DENS_MED_V_LOW,30,1.5930031538,4.47025672739,5.08906908699,0,0,6.3720126152,
G2_D075_DENS_MED_V_LOW_S030,G2_D075_DENS_MED_V_LOW,30,1.602024436,4.67326659401,5.38679439135,0,0,6.40809774399,
G2_D075_DENS_MED_V_LOW_S030,G2_D075_DENS_MED_V_LOW,30,1.61101520061,4.50155139701,5.25553565487,0,0,6.44406080246,
G2_D075_DENS_MED_V_LOW_S030,G2_D075_DENS_MED_V_LOW,30,1.62000596523,4.34237849373,4.98604946605,0,0,6.48002386093,
G2_D075_DENS_MED_V_LOW_S030,G2_D075_DENS_MED_V_LOW,30,1.62902712822,4.4324831253,4.2448181931,0,0,6.51610851288,
G2_D075_DENS_MED_V_LOW_S030,G2_D075_DENS_MED_V_LOW,30,1.63801789284,4.81805227727,4.77038255217,0,0,6.55207157135,
G2_D075_DENS_MED_V_LOW_S030,G2_D075_DENS_MED_V_LOW,30,1.64700865746,4.72985059725,4.69363623022,0,0,6.58803462982,
G2_D075_DENS_MED_V_LOW_S030,G2_D075_DENS_MED_V_LOW,30,1.65602993965,4.49313856619,4.67625915878,0,0,6.62411975861,
G2_D075_DENS_MED_V_LOW_S030,G2_D075_DENS_MED_V_LOW,30,1.66502070427,4.56832463234,4.84305965298,0,0,6.66008281708,
G2_D075_DENS_MED_V_LOW_S030,G2_D075_DENS_MED_V_LOW,30,1.67401146889,5.09951116267,5.18950197999,0,0,6.69604587555,
G2_D075_DENS_MED_V_LOW_S030,G2_D075_DENS_MED_V_LOW,30,1.68300223351,4.95772068702,4.86121069854,0,0,6.73200893402,
G2_D075_DENS_MED_V_LOW_S030,G2_D075_DENS_MED_V_LOW,30,1.69202339649,4.7698150666,4.59879840354,0,0,6.76809358597,
G2_D075_DENS_MED_V_LOW_S030,G2_D075_DENS_MED_V_LOW,30,1.70101416111,4.89843160237,4.87484711597,0,0,6.80405664444,
G2_D075_DENS_MED_V_LOW_S030,G2_D075_DENS_MED_V_LOW,30,1.71000492573,4.71672584066,4.42435497292,0,0,6.84001970291,
G2_D075_DENS_MED_V_LOW_S030,G2_D075_DENS_MED_V_LOW,30,1.71902620792,4.80731816055,6.26822372755,0,0,6.8761048317,
G2_D075_DENS_MED_V_LOW_S030,G2_D075_DENS_MED_V_LOW,30,1.72801697254,4.91504174169,5.22063239091,0,0,6.91206789017,
G2_D075_DENS_MED_V_LOW_S030,G2_D075_DENS_MED_V_LOW,30,1.73700773716,4.97774768402,5.17847545393,0,0,6.94803094864,
G2_D075_DENS_MED_V_LOW_S030,G2_D075_DENS_MED_V_LOW,30,1.74602890015,5.13518618527,5.47328936367,0,0,6.98411560059,
G2_D075_DENS_MED_V_LOW_S030,G2_D075_DENS_MED_V_LOW,30,1.75501966476,4.69172967265,5.24354820258,0,0,7.02007865906,
G2_D075_DENS_MED_V_LOW_S030,G2_D075_DENS_MED_V_LOW,30,1.76401042938,5.12655589795,5.28408853787,0,0,7.05604171753,
G2_D075_DENS_MED_V_LOW_S030,G2_D075_DENS_MED_V_LOW,30,1.773001194,4.71210868944,5.34666511443,0,0,7.092004776,
G2_D075_DENS_MED_V_LOW_S030,G2_D075_DENS_MED_V_LOW,30,1.7820224762,5.0471077398,4.73244457599,0,0,7.12808990479,
G2_D075_DENS_MED_V_LOW_S030,G2_D075_DENS_MED_V_LOW,30,1.79101324081,4.83301671027,5.0783429223,0,0,7.16405296326,
G2_D075_DENS_MED_V_LOW_S030,G2_D075_DENS_MED_V_LOW,30,1.80000400543,5.3816547459,5.4502049475,0,0,7.20001602173,
G2_D075_DENS_MED_V_LOW_S030,G2_D075_DENS_MED_V_LOW,30,1.80902516842,5.24221898974,4.71343086639,0,0,7.23610067368,
G2_D075_DENS_MED_V_LOW_S030,G2_D075_DENS_MED_V_LOW,30,1.81801593304,4.41029565521,4.29418197258,0,0,7.27206373215,
G2_D075_DENS_MED_V_LOW_S030,G2_D075_DENS_MED_V_LOW,30,1.82700669765,5.43883392232,5.55570681805,0,0,7.30802679062,
G2_D075_DENS_MED_V_LOW_S030,G2_D075_DENS_MED_V_LOW,30,1.83602797985,4.81277584881,4.96295222427,0,0,7.3441119194,
G2_D075_DENS_MED_V_LOW_S030,G2_D075_DENS_MED_V_LOW,30,1.84501874447,4.93832478357,4.66141351046,0,0,7.38007497787,
G2_D075_DENS_MED_V_LOW_S030,G2_D075_DENS_MED_V_LOW,30,1.85400950909,5.41481976241,6.36949769591,0,0,7.41603803635,
G2_D075_DENS_MED_V_LOW_S030,G2_D075_DENS_MED_V_LOW,30,1.8630002737,5.07298754931,4.67244497085,0,0,7.45200109482,
G2_D075_DENS_MED_V_LOW_S030,G2_D075_DENS_MED_V_LOW,30,1.87202143669,5.22753528837,4.81978119948,0,0,7.48808574677,
G2_D075_DENS_MED_V_LOW_S030,G2_D075_DENS_MED_V_LOW,30,1.88101220131,5.86952377696,6.47531656024,0,0,7.52404880524,
G2_D075_DENS_MED_V_LOW_S030,G2_D075_DENS_MED_V_LOW,30,1.89000296593,5.50565910405,5.20386239512,0,0,7.56001186371,
G2_D075_DENS_MED_V_LOW_S030,G2_D075_DENS_MED_V_LOW,30,1.89902424812,5.39247341369,4.64963256986,0,0,7.59609699249,
G2_D075_DENS_MED_V_LOW_S030,G2_D075_DENS_MED_V_LOW,30,1.90801501274,5.67263529683,5.7386845599,0,0,7.63206005096,
G2_D075_DENS_MED_V_LOW_S030,G2_D075_DENS_MED_V_LOW,30,1.91700577736,5.46002252936,4.96929469021,0,0,7.66802310944,
G2_D075_DENS_MED_V_LOW_S030,G2_D075_DENS_MED_V_LOW,30,1.92602694035,5.5319130382,3.04910090164,0,0,7.70410776138,
G2_D075_DENS_MED_V_LOW_S030,G2_D075_DENS_MED_V_LOW,30,1.93501770496,5.3141514978,4.81980739212,0,0,7.74007081985,
G2_D075_DENS_MED_V_LOW_S030,G2_D075_DENS_MED_V_LOW,30,1.94400846958,5.52224548065,5.23310220261,0,0,7.77603387833,
G2_D075_DENS_MED_V_LOW_S030,G2_D075_DENS_MED_V_LOW,30,1.95302975178,5.38279259322,5.06548530753,0,0,7.81211900711,
G2_D075_DENS_MED_V_LOW_S030,G2_D075_DENS_MED_V_LOW,30,1.9620205164,5.56245089291,5.50226384765,0,0,7.84808206558,
G2_D075_DENS_MED_V_LOW_S030,G2_D075_DENS_MED_V_LOW,30,1.97101128101,5.44752997157,4.77902124061,0,0,7.88404512405,
G2_D075_DENS_MED_V_LOW_S030,G2_D075_DENS_MED_V_LOW,30,1.98000204563,5.35471335082,6.37768093861,0,0,7.92000818253,
G2_D075_DENS_MED_V_LOW_S030,G2_D075_DENS_MED_V_LOW,30,1.98902320862,5.30695636808,4.73774720919,0,0,7.95609283447,
G2_D075_DENS_MED_V_LOW_S030,G2_D075_DENS_MED_V_LOW,30,1.99801397324,5.60373170627,5.52489922823,0,0,7.99205589294,
G2_D075_DENS_MED_V_LOW_S030,G2_D075_DENS_MED_V_LOW,30,2.00700473785,5.64235109531,4.91732004398,0,0,8.02801895142,
G2_D075_DENS_MED_V_LOW_S030,G2_D075_DENS_MED_V_LOW,30,2.01602602005,5.57315737856,4.45419797699,0,0,8.0641040802,
G2_D075_DENS_MED_V_LOW_S030,G2_D075_DENS_MED_V_LOW,30,2.02501678467,5.32322332956,5.30614616015,0,0,8.10006713867,
G2_D075_DENS_MED_V_LOW_S030,G2_D075_DENS_MED_V_LOW,30,2.03400754929,5.62016224366,4.75688357369,0,0,8.13603019714,
G2_D075_DENS_MED_V_LOW_S030,G2_D075_DENS_MED_V_LOW,30,2.04302883148,5.56056811204,4.78654407793,0,0,8.17211532593,
G2_D075_DENS_MED_V_LOW_S030,G2_D075_DENS_MED_V_LOW,30,2.05201935768,5.53153283473,3.89104104433,0,0,8.20807743073,
G2_D075_DENS_MED_V_LOW_S030,G2_D075_DENS_MED_V_LOW,30,2.0610101223,6.04771763012,5.48088283714,0,0,8.2440404892,
G2_D075_DENS_MED_V_LOW_S030,G2_D075_DENS_MED_V_LOW,30,2.07000088692,5.62200910415,4.20570610942,0,0,8.28000354767,
G2_D075_DENS_MED_V_LOW_S030,G2_D075_DENS_MED_V_LOW,30,2.07902216911,5.64872060876,4.0159885789,0,0,8.31608867645,
G2_D075_DENS_MED_V_LOW_S030,G2_D075_DENS_MED_V_LOW,30,2.08801293373,5.97328506316,8.31178027417,0,0,8.35205173492,
G2_D075_DENS_MED_V_LOW_S030,G2_D075_DENS_MED_V_LOW,30,2.09700369835,5.96303393749,4.78718956147,0,0,8.3880147934,
G2_D075_DENS_MED_V_LOW_S030,G2_D075_DENS_MED_V_LOW,30,2.10602498055,5.89769917548,4.49586676564,0,0,8.42409992218,
G2_D075_DENS_MED_V_LOW_S030,G2_D075_DENS_MED_V_LOW,30,2.11501574516,5.7949099502,4.52310478185,0,0,8.46006298065,
G2_D075_DENS_MED_V_LOW_S030,G2_D075_DENS_MED_V_LOW,30,2.12400650978,6.04123593454,5.2990260268,0,0,8.49602603912,
G2_D075_DENS_MED_V_LOW_S030,G2_D075_DENS_MED_V_LOW,30,2.13302779198,5.98574501629,5.39989752744,0,0,8.53211116791,
G2_D075_DENS_MED_V_LOW_S030,G2_D075_DENS_MED_V_LOW,30,2.14201855659,5.76061703356,4.30426955506,0,0,8.56807422638,
G2_D075_DENS_MED_V_LOW_S030,G2_D075_DENS_MED_V_LOW,30,2.15100932121,5.75034877662,4.66775125607,0,0,8.60403728485,
G2_D075_DENS_MED_V_LOW_S030,G2_D075_DENS_MED_V_LOW,30,2.16002893448,4.84513624866,1.50158085934,0,0,8.64011573792,
G2_D075_DENS_MED_V_LOW_S030,G2_D075_DENS_MED_V_LOW,30,2.16901302338,5.76909977098,3.2629409764,0,0,8.67605209351,
G2_D075_DENS_MED_V_LOW_S030,G2_D075_DENS_MED_V_LOW,30,2.17800378799,5.65612462934,3.7325948133,0,0,8.71201515198,
G2_D075_DENS_MED_V_LOW_S030,G2_D075_DENS_MED_V_LOW,30,2.18702507019,5.73214156166,4.52660768471,0,0,8.74810028076,
G2_D075_DENS_MED_V_LOW_S030,G2_D075_DENS_MED_V_LOW,30,2.19601583481,5.85576074273,4.88857613709,0,0,8.78406333923,
G2_D075_DENS_MED_V_LOW_S030,G2_D075_DENS_MED_V_LOW,30,2.20500659943,5.78691241431,4.65264811379,0,0,8.82002639771,
G2_D075_DENS_MED_V_LOW_S030,G2_D075_DENS_MED_V_LOW,30,2.21402788162,6.1072664468,5.30729193016,0,0,8.85611152649,
G2_D075_DENS_MED_V_LOW_S030,G2_D075_DENS_MED_V_LOW,30,2.22301864624,5.97989938786,6.62338912134,0,0,8.89207458496,
G2_D075_DENS_MED_V_LOW_S030,G2_D075_DENS_MED_V_LOW,30,2.23200941086,6.0734178377,5.2377967482,0,0,8.92803764343,
G2_D075_DENS_MED_V_LOW_S030,G2_D075_DENS_MED_V_LOW,30,2.24100017548,6.03303392876,4.16684280229,0,0,8.9640007019,
G2_D075_DENS_MED_V_LOW_S030,G2_D075_DENS_MED_V_LOW,30,2.25002145767,6.11318612649,4.21679153197,0,0,9.00008583069,
G2_D075_DENS_MED_V_LOW_S030,G2_D075_DENS_MED_V_LOW,30,2.25901198387,6.19301338287,4.57156894218,0,0,9.03604793549,
G2_D075_DENS_MED_V_LOW_S030,G2_D075_DENS_MED_V_LOW,30,2.26800274849,6.03980685578,4.68396200369,0,0,9.07201099396,
G2_D075_DENS_MED_V_LOW_S030,G2_D075_DENS_MED_V_LOW,30,2.27702403069,6.38432922952,4.67241183084,0,0,9.10809612274,
G2_D075_DENS_MED_V_LOW_S030,G2_D075_DENS_MED_V_LOW,30,2.28601932526,5.95956568602,4.50206215386,0,0,9.14407730103,
G2_D075_DENS_MED_V_LOW_S030,G2_D075_DENS_MED_V_LOW,30,2.29501008987,6.00686344042,4.23449311813,0,0,9.1800403595,
G2_D075_DENS_MED_V_LOW_S030,G2_D075_DENS_MED_V_LOW,30,2.30400085449,6.02460534823,5.00760157546,0,0,9.21600341797,
G2_D075_DENS_MED_V_LOW_S030,G2_D075_DENS_MED_V_LOW,30,2.31302213669,5.94185472501,4.45477737916,0,0,9.25208854675,
G2_D075_DENS_MED_V_LOW_S030,G2_D075_DENS_MED_V_LOW,30,2.32201290131,6.29033442009,4.79826030441,0,0,9.28805160522,
G2_D075_DENS_MED_V_LOW_S030,G2_D075_DENS_MED_V_LOW,30,2.33100366592,6.13164312629,5.43074685235,0,0,9.3240146637,
G2_D075_DENS_MED_V_LOW_S030,G2_D075_DENS_MED_V_LOW,30,2.3400247097,6.23059660692,4.30610672816,0,0,9.36009883881,
G2_D075_DENS_MED_V_LOW_S030,G2_D075_DENS_MED_V_LOW,30,2.34901547432,6.38607661817,4.7474316926,0,0,9.39606189728,
G2_D075_DENS_MED_V_LOW_S030,G2_D075_DENS_MED_V_LOW,30,2.35800623894,6.26752110634,5.52393804875,0,0,9.43202495575,
G2_D075_DENS_MED_V_LOW_S030,G2_D075_DENS_MED_V_LOW,30,2.36702752113,6.07121453646,4.60394331014,0,0,9.46811008453,
G2_D075_DENS_MED_V_LOW_S030,G2_D075_DENS_MED_V_LOW,30,2.37601828575,6.32789443404,4.86200484773,0,0,9.50407314301,
G2_D075_DENS_MED_V_LOW_S030,G2_D075_DENS_MED_V_LOW,30,2.38500905037,6.46130274936,4.718809441,0,0,9.54003620148,
G2_D075_DENS_MED_V_LOW_S030,G2_D075_DENS_MED_V_LOW,30,2.39403033257,6.05928399456,4.38293571479,0,0,9.57612133026,
G2_D075_DENS_MED_V_LOW_S030,G2_D075_DENS_MED_V_LOW,30,2.40302109718,6.50126666609,4.49174645916,0,0,9.61208438873,
G2_D075_DENS_MED_V_LOW_S030,G2_D075_DENS_MED_V_LOW,30,2.4120118618,6.18333422028,3.56441911474,0,0,9.6480474472,
G2_D075_DENS_MED_V_LOW_S030,G2_D075_DENS_MED_V_LOW,30,2.4210062027,6.32849126507,4.15908396887,0,0,9.68402481079,
G2_D075_DENS_MED_V_LOW_S030,G2_D075_DENS_MED_V_LOW,30,2.43002748489,6.42913355648,6.20745622045,0,0,9.72010993958,
G2_D075_DENS_MED_V_LOW_S030,G2_D075_DENS_MED_V_LOW,30,2.43901824951,6.44002738077,4.48888791995,0,0,9.75607299805,
G2_D075_DENS_MED_V_LOW_S030,G2_D075_DENS_MED_V_LOW,30,2.44800901413,6.61130794109,4.59507146306,0,0,9.79203605652,
G2_D075_DENS_MED_V_LOW_S030,G2_D075_DENS_MED_V_LOW,30,2.45703005791,6.6620153691,5.08046900769,0,0,9.82812023163,
G2_D075_DENS_MED_V_LOW_S030,G2_D075_DENS_MED_V_LOW,30,2.46602082253,6.92589205426,4.76747486975,0,0,9.8640832901,
G2_D075_DENS_MED_V_LOW_S030,G2_D075_DENS_MED_V_LOW,30,2.47501158714,6.66178271552,4.33439590254,0,0,9.90004634857,
G2_D075_DENS_MED_V_LOW_S030,G2_D075_DENS_MED_V_LOW,30,2.48400235176,6.89031318778,4.58574955278,0,0,9.93600940704,
G2_D075_DENS_MED_V_LOW_S030,G2_D075_DENS_MED_V_LOW,30,2.49302363396,6.39121268081,4.42667378332,0,0,9.97209453583,
G2_D075_DENS_MED_V_LOW_S030,G2_D075_DENS_MED_V_LOW,30,2.50201439857,6.83972623122,4.69828281106,0,0,10.0080575943,
G2_D075_DENS_MED_V_LOW_S030,G2_D075_DENS_MED_V_LOW,30,2.51100516319,6.70849966491,4.36531286608,0,0,10.0440206528,
G2_D075_DENS_MED_V_LOW_S030,G2_D075_DENS_MED_V_LOW,30,2.52002644539,6.58649579598,4.32900989869,0,0,10.0801057816,
G2_D075_DENS_MED_V_LOW_S030,G2_D075_DENS_MED_V_LOW,30,2.52901721001,6.82562167701,4.6577855746,0,0,10.11606884,
G2_D075_DENS_MED_V_LOW_S030,G2_D075_DENS_MED_V_LOW,30,2.53800630569,6.52989908245,3.3434922284,0,0,10.1520252228,
G2_D075_DENS_MED_V_LOW_S030,G2_D075_DENS_MED_V_LOW,30,2.54702758789,6.51991045191,4.83218378708,0,0,10.1881103516,
G2_D075_DENS_MED_V_LOW_S030,G2_D075_DENS_MED_V_LOW,30,2.55601835251,6.70868976665,5.90823075128,0,0,10.22407341,
G2_D075_DENS_MED_V_LOW_S030,G2_D075_DENS_MED_V_LOW,30,2.56500911713,6.89509944112,4.65381192092,0,0,10.2600364685,
G2_D075_DENS_MED_V_LOW_S030,G2_D075_DENS_MED_V_LOW,30,2.57403039932,6.69429950721,5.20868819474,0,0,10.2961215973,
G2_D075_DENS_MED_V_LOW_S030,G2_D075_DENS_MED_V_LOW,30,2.58302116394,6.99545768517,4.89665399433,0,0,10.3320846558,
G2_D075_DENS_MED_V_LOW_S030,G2_D075_DENS_MED_V_LOW,30,2.59201192856,6.96965800575,4.72871495496,0,0,10.3680477142,
G2_D075_DENS_MED_V_LOW_S030,G2_D075_DENS_MED_V_LOW,30,2.60100269318,7.20641590437,4.37785450138,0,0,10.4040107727,
G2_D075_DENS_MED_V_LOW_S030,G2_D075_DENS_MED_V_LOW,30,2.61002373695,6.94432860708,4.40896725449,0,0,10.4400949478,
G2_D075_DENS_MED_V_LOW_S030,G2_D075_DENS_MED_V_LOW,30,2.61901450157,6.87615834503,5.11834706651,0,0,10.4760580063,
G2_D075_DENS_MED_V_LOW_S030,G2_D075_DENS_MED_V_LOW,30,2.62800526619,7.0202576726,4.71706403969,0,0,10.5120210648,
G2_D075_DENS_MED_V_LOW_S030,G2_D075_DENS_MED_V_LOW,30,2.63702178001,6.83169609067,4.61250439075,0,0,10.5480871201,
G2_D075_DENS_MED_V_LOW_S030,G2_D075_DENS_MED_V_LOW,30,2.64601254463,6.68962598862,4.9754186779,0,0,10.5840501785,
G2_D075_DENS_MED_V_LOW_S030,G2_D075_DENS_MED_V_LOW,30,2.65500330925,6.91693848347,3.84427679482,0,0,10.620013237,
G2_D075_DENS_MED_V_LOW_S030,G2_D075_DENS_MED_V_LOW,30,2.66402459145,6.84993591029,4.57459559082,0,0,10.6560983658,
G2_D075_DENS_MED_V_LOW_S030,G2_D075_DENS_MED_V_LOW,30,2.67301535606,7.02007972853,4.51389350427,0,0,10.6920614243,
G2_D075_DENS_MED_V_LOW_S030,G2_D075_DENS_MED_V_LOW,30,2.68200612068,7.63856246885,5.7970397948,0,0,10.7280244827,
G2_D075_DENS_MED_V_LOW_S030,G2_D075_DENS_MED_V_LOW,30,2.69102716446,7.25951010391,6.04994667828,0,0,10.7641086578,
G2_D075_DENS_MED_V_LOW_S030,G2_D075_DENS_MED_V_LOW,30,2.70001792908,7.0492305037,4.44155831265,0,0,10.8000717163,
G2_D075_DENS_MED_V_LOW_S030,G2_D075_DENS_MED_V_LOW,30,2.7090086937,7.42764017003,4.73748520922,0,0,10.8360347748,
G2_D075_DENS_MED_V_LOW_S030,G2_D075_DENS_MED_V_LOW,30,2.71802997589,7.45861901655,4.86256721278,0,0,10.8721199036,
G2_D075_DENS_MED_V_LOW_S030,G2_D075_DENS_MED_V_LOW,30,2.72702074051,6.87020771855,4.33549982922,0,0,10.908082962,
G2_D075_DENS_MED_V_LOW_S030,G2_D075_DENS_MED_V_LOW,30,2.73601150513,6.97737646787,4.10732386473,0,0,10.9440460205,
G2_D075_DENS_MED_V_LOW_S030,G2_D075_DENS_MED_V_LOW,30,2.74500226974,7.19447652053,4.78603230059,0,0,10.980009079,
G2_D075_DENS_MED_V_LOW_S030,G2_D075_DENS_MED_V_LOW,30,2.75402355194,7.22613067033,4.14229098199,0,0,11.0160942078,
G2_D075_DENS_MED_V_LOW_S030,G2_D075_DENS_MED_V_LOW,30,2.7630007267,7.1435016238,4.14201151915,0,0,11.0520029068,
G2_D075_DENS_MED_V_LOW_S030,G2_D075_DENS_MED_V_LOW,30,2.77202177048,7.25250452331,4.28826739157,0,0,11.0880870819,
G2_D075_DENS_MED_V_LOW_S030,G2_D075_DENS_MED_V_LOW,30,2.7810125351,7.04582746155,3.67689976498,0,0,11.1240501404,
G2_D075_DENS_MED_V_LOW_S030,G2_D075_DENS_MED_V_LOW,30,2.79000329971,7.21154312507,4.36816173885,0,0,11.1600131989,
G2_D075_DENS_MED_V_LOW_S030,G2_D075_DENS_MED_V_LOW,30,2.79902458191,7.06970015039,5.36652471335,0,0,11.1960983276,
G2_D075_DENS_MED_V_LOW_S030,G2_D075_DENS_MED_V_LOW,30,2.80801534653,7.37075775127,4.9486075287,0,0,11.2320613861,
G2_D075_DENS_MED_V_LOW_S030,G2_D075_DENS_MED_V_LOW,30,2.81700611115,7.00546068387,4.50649988089,0,0,11.2680244446,
G2_D075_DENS_MED_V_LOW_S030,G2_D075_DENS_MED_V_LOW,30,2.82602739334,7.15424955605,4.72293598543,0,0,11.3041095734,
G2_D075_DENS_MED_V_LOW_S030,G2_D075_DENS_MED_V_LOW,30,2.83501815796,7.32133737833,4.50525068901,0,0,11.3400726318,
G2_D075_DENS_MED_V_LOW_S030,G2_D075_DENS_MED_V_LOW,30,2.84400892258,7.11940457069,4.55193061924,0,0,11.3760356903,
G2_D075_DENS_MED_V_LOW_S030,G2_D075_DENS_MED_V_LOW,30,2.85302996635,7.79132634625,4.81844915283,0,0,11.4121198654,
G2_D075_DENS_MED_V_LOW_S030,G2_D075_DENS_MED_V_LOW,30,2.86202073097,7.15661809107,4.22080932029,0,0,11.4480829239,
G2_D075_DENS_MED_V_LOW_S030,G2_D075_DENS_MED_V_LOW,30,2.87101149559,6.57555941986,3.78513711703,0,0,11.4840459824,
G2_D075_DENS_MED_V_LOW_S030,G2_D075_DENS_MED_V_LOW,30,2.88000226021,7.72248022832,4.11558178359,0,0,11.5200090408,
G2_D075_DENS_MED_V_LOW_S030,G2_D075_DENS_MED_V_LOW,30,2.8890235424,7.44678242028,4.21436653823,0,0,11.5560941696,
G2_D075_DENS_MED_V_LOW_S030,G2_D075_DENS_MED_V_LOW,30,2.89801430702,7.45261865415,3.67781142232,0,0,11.5920572281,
G2_D075_DENS_MED_V_LOW_S030,G2_D075_DENS_MED_V_LOW,30,2.9070148468,7.57308789365,4.83520086638,0,0,11.6280593872,
G2_D075_DENS_MED_V_LOW_S030,G2_D075_DENS_MED_V_LOW,30,2.91600561142,7.67706691265,6.42511337922,0,0,11.6640224457,
G2_D075_DENS_MED_V_LOW_S030,G2_D075_DENS_MED_V_LOW,30,2.92502689362,7.62869099402,5.22776964356,0,0,11.7001075745,
G2_D075_DENS_MED_V_LOW_S030,G2_D075_DENS_MED_V_LOW,30,2.93401765823,7.30257588417,4.78077325032,0,0,11.7360706329,
G2_D075_DENS_MED_V_LOW_S030,G2_D075_DENS_MED_V_LOW,30,2.94300842285,7.71388254566,4.37524274135,0,0,11.7720336914,
G2_D075_DENS_MED_V_LOW_S030,G2_D075_DENS_MED_V_LOW,30,2.95202946663,7.6997326765,4.94624213439,0,0,11.8081178665,
G2_D075_DENS_MED_V_LOW_S030,G2_D075_DENS_MED_V_LOW,30,2.96102023125,7.81937353662,4.54077982048,0,0,11.844080925,
G2_D075_DENS_MED_V_LOW_S030,G2_D075_DENS_MED_V_LOW,30,2.97001099586,7.501637824,4.20421790186,0,0,11.8800439835,
G2_D075_DENS_MED_V_LOW_S030,G2_D075_DENS_MED_V_LOW,30,2.97900176048,7.54203831159,4.15975521422,0,0,11.9160070419,
G2_D075_DENS_MED_V_LOW_S030,G2_D075_DENS_MED_V_LOW,30,2.98802304268,7.80015668249,5.63309914927,0,0,11.9520921707,
G2_D075_DENS_MED_V_LOW_S030,G2_D075_DENS_MED_V_LOW,30,2.9970138073,8.36181779239,5.52390168646,0,0,11.9880552292,
G2_D075_DENS_MED_V_LOW_S030,G2_D075_DENS_MED_V_LOW,30,3.00600457191,7.70880506088,4.27106723619,0,0,12.0240182877,
G2_D075_DENS_MED_V_LOW_S030,G2_D075_DENS_MED_V_LOW,30,3.01502561569,7.25002325354,4.39528450994,0,0,12.0601024628,
G2_D075_DENS_MED_V_LOW_S030,G2_D075_DENS_MED_V_LOW,30,3.02400255203,7.72774228862,3.67557345582,0,0,12.0960102081,
G2_D075_DENS_MED_V_LOW_S030,G2_D075_DENS_MED_V_LOW,30,3.03302383423,7.6025906886,4.64526520394,0,0,12.1320953369,
G2_D075_DENS_MED_V_LOW_S030,G2_D075_DENS_MED_V_LOW,30,3.04201459885,7.73743471413,4.70589236636,0,0,12.1680583954,
G2_D075_DENS_MED_V_LOW_S030,G2_D075_DENS_MED_V_LOW,30,3.05100536346,7.87404491744,4.68576012488,0,0,12.2040214539,
G2_D075_DENS_MED_V_LOW_S030,G2_D075_DENS_MED_V_LOW,30,3.06002664566,7.80640627711,4.9461061909,0,0,12.2401065826,
G2_D075_DENS_MED_V_LOW_S030,G2_D075_DENS_MED_V_LOW,30,3.06901741028,7.72883813672,4.42587219185,0,0,12.2760696411,
G2_D075_DENS_MED_V_LOW_S030,G2_D075_DENS_MED_V_LOW,30,3.07800793648,8.10649458018,4.88897121711,0,0,12.3120317459,
G2_D075_DENS_MED_V_LOW_S030,G2_D075_DENS_MED_V_LOW,30,3.08702921867,7.82212393298,4.69745502012,0,0,12.3481168747,
G2_D075_DENS_MED_V_LOW_S030,G2_D075_DENS_MED_V_LOW,30,3.09601998329,8.10744232576,4.80870347688,0,0,12.3840799332,
G2_D075_DENS_MED_V_LOW_S030,G2_D075_DENS_MED_V_LOW,30,3.10501074791,7.99770222939,5.12862041748,0,0,12.4200429916,
G2_D075_DENS_MED_V_LOW_S030,G2_D075_DENS_MED_V_LOW,30,3.11402726173,10.5358848148,10.7952935502,0,0,12.4561090469,
G2_D075_DENS_MED_V_LOW_S030,G2_D075_DENS_MED_V_LOW,30,3.12301802635,7.84477477607,4.65494405596,0,0,12.4920721054,
G2_D075_DENS_MED_V_LOW_S030,G2_D075_DENS_MED_V_LOW,30,3.13200879097,8.1353618606,4.45395240246,0,0,12.5280351639,
G2_D075_DENS_MED_V_LOW_S030,G2_D075_DENS_MED_V_LOW,30,3.14102816582,8.04364219319,4.28390236522,0,0,12.5641126633,
G2_D075_DENS_MED_V_LOW_S030,G2_D075_DENS_MED_V_LOW,30,3.15000963211,7.98415416486,4.97143967959,0,0,12.6000385284,
G2_D075_DENS_MED_V_LOW_S030,G2_D075_DENS_MED_V_LOW,30,3.15900015831,7.71168863898,4.43740035011,0,0,12.6360006332,
G2_D075_DENS_MED_V_LOW_S030,G2_D075_DENS_MED_V_LOW,30,3.16802144051,8.06552489262,5.26637903453,0,0,12.672085762,
G2_D075_DENS_MED_V_LOW_S030,G2_D075_DENS_MED_V_LOW,30,3.17701220512,7.64797526796,4.56436193333,0,0,12.7080488205,
G2_D075_DENS_MED_V_LOW_S030,G2_D075_DENS_MED_V_LOW,30,3.18600296974,7.86429004572,4.84433717464,0,0,12.744011879,
G2_D075_DENS_MED_V_LOW_S030,G2_D075_DENS_MED_V_LOW,30,3.19502425194,7.93246749185,4.79832975218,0,0,12.7800970078,
G2_D075_DENS_MED_V_LOW_S030,G2_D075_DENS_MED_V_LOW,30,3.20401501656,8.17865587347,4.95110377017,0,0,12.8160600662,
G2_D075_DENS_MED_V_LOW_S030,G2_D075_DENS_MED_V_LOW,30,3.21300578117,7.93689730443,4.02624647275,0,0,12.8520231247,
G2_D075_DENS_MED_V_LOW_S030,G2_D075_DENS_MED_V_LOW,30,3.22202682495,8.29455272408,4.69282438493,0,0,12.8881072998,
G2_D075_DENS_MED_V_LOW_S030,G2_D075_DENS_MED_V_LOW,30,3.23101758957,8.44320620403,5.27540423234,0,0,12.9240703583,
G2_D075_DENS_MED_V_LOW_S030,G2_D075_DENS_MED_V_LOW,30,3.24000620842,8.276363193,5.01007001026,0,0,12.9600248337,
G2_D075_DENS_MED_V_LOW_S030,G2_D075_DENS_MED_V_LOW,30,3.24900865555,8.51871859307,4.43307921518,0,0,12.9960346222,
G2_D075_DENS_MED_V_LOW_S030,G2_D075_DENS_MED_V_LOW,30,3.25802969933,8.32567248904,3.82617252412,0,0,13.0321187973,
G2_D075_DENS_MED_V_LOW_S030,G2_D075_DENS_MED_V_LOW,30,3.26702356339,8.1233484255,3.93808319569,0,0,13.0680942535,
G2_D075_DENS_MED_V_LOW_S030,G2_D075_DENS_MED_V_LOW,30,3.27601861954,8.54019732631,5.77758134015,0,0,13.1040744781,
G2_D075_DENS_MED_V_LOW_S030,G2_D075_DENS_MED_V_LOW,30,3.28500938416,8.24750199141,5.07760450892,0,0,13.1400375366,
G2_D075_DENS_MED_V_LOW_S030,G2_D075_DENS_MED_V_LOW,30,3.29400014877,8.35901268652,4.68373136605,0,0,13.1760005951,
G2_D075_DENS_MED_V_LOW_S030,G2_D075_DENS_MED_V_LOW,30,3.30302143097,8.11061050384,4.71576562937,0,0,13.2120857239,
G2_D075_DENS_MED_V_LOW_S030,G2_D075_DENS_MED_V_LOW,30,3.31201219559,8.05898959277,4.81974159716,0,0,13.2480487823,
G2_D075_DENS_MED_V_LOW_S030,G2_D075_DENS_MED_V_LOW,30,3.32100296021,8.12056763497,4.96562803315,0,0,13.2840118408,
G2_D075_DENS_MED_V_LOW_S030,G2_D075_DENS_MED_V_LOW,30,3.3300242424,8.15108780579,3.86360272455,0,0,13.3200969696,
G2_D075_DENS_MED_V_LOW_S030,G2_D075_DENS_MED_V_LOW,30,3.33901500702,8.76356576273,4.91294655793,0,0,13.3560600281,
G2_D075_DENS_MED_V_LOW_S030,G2_D075_DENS_MED_V_LOW,30,3.34800553322,8.26841539302,4.66916968406,0,0,13.3920221329,
G2_D075_DENS_MED_V_LOW_S030,G2_D075_DENS_MED_V_LOW,30,3.35702633858,8.09477735011,4.48689710488,0,0,13.4281053543,
G2_D075_DENS_MED_V_LOW_S030,G2_D075_DENS_MED_V_LOW,30,3.3660171032,8.36582042868,4.39664731168,0,0,13.4640684128,
G2_D075_DENS_MED_V_LOW_S030,G2_D075_DENS_MED_V_LOW,30,3.37502741814,8.26895640931,4.74895167712,0,0,13.5001096725,
G2_D075_DENS_MED_V_LOW_S030,G2_D075_DENS_MED_V_LOW,30,3.38402605057,8.23176112544,3.20163217823,0,0,13.5361042023,
G2_D075_DENS_MED_V_LOW_S030,G2_D075_DENS_MED_V_LOW,30,3.39301037788,8.2317782567,4.88344176979,0,0,13.5720415115,
G2_D075_DENS_MED_V_LOW_S030,G2_D075_DENS_MED_V_LOW,30,3.4020011425,8.33593687763,5.61468814629,0,0,13.60800457,
G2_D075_DENS_MED_V_LOW_S030,G2_D075_DENS_MED_V_LOW,30,3.4110224247,8.54608108562,5.2732821158,0,0,13.6440896988,
G2_D075_DENS_MED_V_LOW_S030,G2_D075_DENS_MED_V_LOW,30,3.42001318932,8.51364442402,4.95532683269,0,0,13.6800527573,
G2_D075_DENS_MED_V_LOW_S030,G2_D075_DENS_MED_V_LOW,30,3.42900395393,8.91214684929,5.32312909895,0,0,13.7160158157,
G2_D075_DENS_MED_V_LOW_S030,G2_D075_DENS_MED_V_LOW,30,3.43802499771,8.89447899274,5.23160814202,0,0,13.7520999908,
G2_D075_DENS_MED_V_LOW_S030,G2_D075_DENS_MED_V_LOW,30,3.44701576233,8.867541466,4.95793439102,0,0,13.7880630493,
G2_D075_DENS_MED_V_LOW_S030,G2_D075_DENS_MED_V_LOW,30,3.45600652695,8.78976443475,4.4311358818,0,0,13.8240261078,
G2_D075_DENS_MED_V_LOW_S030,G2_D075_DENS_MED_V_LOW,30,3.46502780914,8.49081729473,5.01544313711,0,0,13.8601112366,
G2_D075_DENS_MED_V_LOW_S030,G2_D075_DENS_MED_V_LOW,30,3.47401857376,8.47285047005,4.95425483101,0,0,13.896074295,
G2_D075_DENS_MED_V_LOW_S030,G2_D075_DENS_MED_V_LOW,30,3.48300743103,8.69408744599,4.56940852218,0,0,13.9320297241,
G2_D075_DENS_MED_V_LOW_S030,G2_D075_DENS_MED_V_LOW,30,3.49201059341,8.24383811199,2.40046990248,0,0,13.9680423737,
G2_D075_DENS_MED_V_LOW_S030,G2_D075_DENS_MED_V_LOW,30,3.50100135803,8.36360275928,3.76479817429,0,0,14.0040054321,
G2_D075_DENS_MED_V_LOW_S030,G2_D075_DENS_MED_V_LOW,30,3.51002264023,8.63924585781,4.37199074856,0,0,14.0400905609,
G2_D075_DENS_MED_V_LOW_S030,G2_D075_DENS_MED_V_LOW,30,3.51901340485,8.40338044263,4.70685458332,0,0,14.0760536194,
G2_D075_DENS_MED_V_LOW_S030,G2_D075_DENS_MED_V_LOW,30,3.52800416946,8.86241479792,5.23027332829,0,0,14.1120166779,
G2_D075_DENS_MED_V_LOW_S030,G2_D075_DENS_MED_V_LOW,30,3.53702545166,8.65931374879,5.27064540985,0,0,14.1481018066,
G2_D075_DENS_MED_V_LOW_S030,G2_D075_DENS_MED_V_LOW,30,3.54601621628,8.00009342188,4.34300464044,0,0,14.1840648651,
G2_D075_DENS_MED_V_LOW_S030,G2_D075_DENS_MED_V_LOW,30,3.55500674248,8.86870252342,5.24590960924,0,0,14.2200269699,
G2_D075_DENS_MED_V_LOW_S030,G2_D075_DENS_MED_V_LOW,30,3.56402802467,8.60630686342,4.51789796579,0,0,14.2561120987,
G2_D075_DENS_MED_V_LOW_S030,G2_D075_DENS_MED_V_LOW,30,3.57301878929,8.85902833441,6.15785903966,0,0,14.2920751572,
G2_D075_DENS_MED_V_LOW_S030,G2_D075_DENS_MED_V_LOW,30,3.58200860023,9.44880571235,5.72697640648,0,0,14.3280344009,
G2_D075_DENS_MED_V_LOW_S030,G2_D075_DENS_MED_V_LOW,30,3.59102988243,9.80343718808,5.73541387978,0,0,14.3641195297,
G2_D075_DENS_MED_V_LOW_S030,G2_D075_DENS_MED_V_LOW,30,3.60001564026,8.79814659509,4.69291837936,0,0,14.400062561,
G2_D075_DENS_MED_V_LOW_S030,G2_D075_DENS_MED_V_LOW,30,3.60902118683,8.9691342661,4.20870787282,0,0,14.4360847473,
G2_D075_DENS_MED_V_LOW_S030,G2_D075_DENS_MED_V_LOW,30,3.61802864075,8.44207222506,4.88784789198,0,0,14.472114563,
G2_D075_DENS_MED_V_LOW_S030,G2_D075_DENS_MED_V_LOW,30,3.62700557709,8.74789452705,4.0141890932,0,0,14.5080223083,
G2_D075_DENS_MED_V_LOW_S030,G2_D075_DENS_MED_V_LOW,30,3.63601827621,8.78808778164,5.11040583911,0,0,14.5440731049,
G2_D075_DENS_MED_V_LOW_S030,G2_D075_DENS_MED_V_LOW,30,3.64500904083,8.71033064475,4.91506453012,0,0,14.5800361633,
G2_D075_DENS_MED_V_LOW_S030,G2_D075_DENS_MED_V_LOW,30,3.65403008461,9.27803024793,6.02688548679,0,0,14.6161203384,
G2_D075_DENS_MED_V_LOW_S030,G2_D075_DENS_MED_V_LOW,30,3.66302084923,8.83778114951,5.2886628653,0,0,14.6520833969,
G2_D075_DENS_MED_V_LOW_S030,G2_D075_DENS_MED_V_LOW,30,3.67201161385,9.48868949899,5.38194982712,0,0,14.6880464554,
G2_D075_DENS_MED_V_LOW_S030,G2_D075_DENS_MED_V_LOW,30,3.68100237846,8.99835080321,5.35044787688,0,0,14.7240095139,
G2_D075_DENS_MED_V_LOW_S030,G2_D075_DENS_MED_V_LOW,30,3.69002366066,10.0202294307,5.48399750013,0,0,14.7600946426,
G2_D075_DENS_MED_V_LOW_S030,G2_D075_DENS_MED_V_LOW,30,3.69901442528,8.51802284282,4.5590438546,0,0,14.7960577011,
G2_D075_DENS_MED_V_LOW_S030,G2_D075_DENS_MED_V_LOW,30,3.7080051899,8.90163654421,4.57196510062,0,0,14.8320207596,
G2_D075_DENS_MED_V_LOW_S030,G2_D075_DENS_MED_V_LOW,30,3.71702623367,9.48858229045,5.57133894088,0,0,14.8681049347,
G2_D075_DENS_MED_V_LOW_S030,G2_D075_DENS_MED_V_LOW,30,3.72601628304,8.73220505486,4.60590542577,0,0,14.9040651321,
G2_D075_DENS_MED_V_LOW_S030,G2_D075_DENS_MED_V_LOW,30,3.73500561714,9.27292402683,4.43991394118,0,0,14.9400224686,
G2_D075_DENS_MED_V_LOW_S030,G2_D075_DENS_MED_V_LOW,30,3.74402666092,9.34306825227,4.41630097789,0,0,14.9761066437,
G2_D075_DENS_MED_V_LOW_S030,G2_D075_DENS_MED_V_LOW,30,3.75301837921,8.83060591416,3.93319303263,0,0,15.0120735168,
G2_D075_DENS_MED_V_LOW_S030,G2_D075_DENS_MED_V_LOW,30,3.76200675964,9.19464853114,5.07483840699,0,0,15.0480270386,
G2_D075_DENS_MED_V_LOW_S030,G2_D075_DENS_MED_V_LOW,30,3.77102804184,8.97138730326,4.80918033522,0,0,15.0841121674,
G2_D075_DENS_MED_V_LOW_S030,G2_D075_DENS_MED_V_LOW,30,3.78001880646,8.83039039184,4.14046679076,0,0,15.1200752258,
G2_D075_DENS_MED_V_LOW_S030,G2_D075_DENS_MED_V_LOW,30,3.78900957108,9.35176761725,5.08015463268,0,0,15.1560382843,
G2_D075_DENS_MED_V_LOW_S030,G2_D075_DENS_MED_V_LOW,30,3.79800033569,9.59723317018,5.47270158361,0,0,15.1920013428,
G2_D075_DENS_MED_V_LOW_S030,G2_D075_DENS_MED_V_LOW,30,3.80702137947,8.83530706381,4.6643212532,0,0,15.2280855179,
G2_D075_DENS_MED_V_LOW_S030,G2_D075_DENS_MED_V_LOW,30,3.816010952,10.0597418558,5.11662315996,0,0,15.264043808,
G2_D075_DENS_MED_V_LOW_S030,G2_D075_DENS_MED_V_LOW,30,3.82500171661,9.2055390397,4.5589304936,0,0,15.3000068665,
G2_D075_DENS_MED_V_LOW_S030,G2_D075_DENS_MED_V_LOW,30,3.83402276039,9.15665470945,5.25457053519,0,0,15.3360910416,
G2_D075_DENS_MED_V_LOW_S030,G2_D075_DENS_MED_V_LOW,30,3.84301352501,8.65752988714,4.35627925537,0,0,15.3720541,
G2_D075_DENS_MED_V_LOW_S030,G2_D075_DENS_MED_V_LOW,30,3.85202741623,9.02481970706,4.59255698455,0,0,15.4081096649,
G2_D075_DENS_MED_V_LOW_S030,G2_D075_DENS_MED_V_LOW,30,3.86101126671,9.16864161872,3.92252745253,0,0,15.4440450668,
G2_D075_DENS_MED_V_LOW_S030,G2_D075_DENS_MED_V_LOW,30,3.8700261116,9.16983749128,4.57350344847,0,0,15.4801044464,
G2_D075_DENS_MED_V_LOW_S030,G2_D075_DENS_MED_V_LOW,30,3.87900662422,9.34552852244,5.92651298178,0,0,15.5160264969,
G2_D075_DENS_MED_V_LOW_S030,G2_D075_DENS_MED_V_LOW,30,3.88802790642,9.26081222514,5.19698982261,0,0,15.5521116257,
G2_D075_DENS_MED_V_LOW_S030,G2_D075_DENS_MED_V_LOW,30,3.89701867104,9.04776564993,4.58586603116,0,0,15.5880746841,
G2_D075_DENS_MED_V_LOW_S030,G2_D075_DENS_MED_V_LOW,30,3.90600943565,9.62249017545,5.08764968237,0,0,15.6240377426,
G2_D075_DENS_MED_V_LOW_S030,G2_D075_DENS_MED_V_LOW,30,3.91500020027,9.85404182853,5.39762493338,0,0,15.6600008011,
G2_D075_DENS_MED_V_LOW_S030,G2_D075_DENS_MED_V_LOW,30,3.9240167141,9.43482881367,4.73408903092,0,0,15.6960668564,
G2_D075_DENS_MED_V_LOW_S030,G2_D075_DENS_MED_V_LOW,30,3.93300414085,9.52306475621,4.57326246975,0,0,15.7320165634,
G2_D075_DENS_MED_V_LOW_S030,G2_D075_DENS_MED_V_LOW,30,3.94202518463,9.60830770164,4.56111094212,0,0,15.7681007385,
G2_D075_DENS_MED_V_LOW_S030,G2_D075_DENS_MED_V_LOW,30,3.95101594925,9.52267018458,4.65161437663,0,0,15.804063797,
G2_D075_DENS_MED_V_LOW_S030,G2_D075_DENS_MED_V_LOW,30,3.96000409126,9.32012341465,4.88171355018,0,0,15.8400163651,
G2_D075_DENS_MED_V_LOW_S030,G2_D075_DENS_MED_V_LOW,30,3.96903014183,9.08877512622,2.19487290378,0,0,15.8761205673,
G2_D075_DENS_MED_V_LOW_S030,G2_D075_DENS_MED_V_LOW,30,3.97800588608,9.45130356076,5.66158498962,0,0,15.9120235443,
G2_D075_DENS_MED_V_LOW_S030,G2_D075_DENS_MED_V_LOW,30,3.98701477051,9.38982333254,3.10005751014,0,0,15.948059082,
G2_D075_DENS_MED_V_LOW_S030,G2_D075_DENS_MED_V_LOW,30,3.9960167408,9.22908457671,5.70161393495,0,0,15.9840669632,
G2_D075_DENS_MED_V_LOW_S030,G2_D075_DENS_MED_V_LOW,30,4.00500488281,9.69089806467,4.81758327631,0,0,16.0200195312,
G2_D075_DENS_MED_V_LOW_S030,G2_D075_DENS_MED_V_LOW,30,4.01402568817,9.69780251557,5.72597851545,0,0,16.0561027527,
G2_D075_DENS_MED_V_LOW_S030,G2_D075_DENS_MED_V_LOW,30,4.02301645279,9.24589421233,4.85913162927,0,0,16.0920658112,
G2_D075_DENS_MED_V_LOW_S030,G2_D075_DENS_MED_V_LOW,30,4.03200721741,8.83771980854,5.57535498523,0,0,16.1280288696,
G2_D075_DENS_MED_V_LOW_S030,G2_D075_DENS_MED_V_LOW,30,4.0410284996,9.41539975294,5.32718440763,0,0,16.1641139984,
G2_D075_DENS_MED_V_LOW_S030,G2_D075_DENS_MED_V_LOW,30,4.05001926422,9.85117151334,5.35590658149,0,0,16.2000770569,
G2_D075_DENS_MED_V_LOW_S030,G2_D075_DENS_MED_V_LOW,30,4.05901002884,8.99323795066,4.37098917986,0,0,16.2360401154,
G2_D075_DENS_MED_V_LOW_S030,G2_D075_DENS_MED_V_LOW,30,4.06802463531,9.46319044557,4.31807859422,0,0,16.2720985413,
G2_D075_DENS_MED_V_LOW_S030,G2_D075_DENS_MED_V_LOW,30,4.0770201683,9.11480248563,3.33731968639,0,0,16.3080806732,
G2_D075_DENS_MED_V_LOW_S030,G2_D075_DENS_MED_V_LOW,30,4.08602046967,10.0418059779,4.31422487406,0,0,16.3440818787,
G2_D075_DENS_MED_V_LOW_S030,G2_D075_DENS_MED_V_LOW,30,4.09502220154,9.70433118397,4.17182838677,0,0,16.3800888062,
G2_D075_DENS_MED_V_LOW_S030,G2_D075_DENS_MED_V_LOW,30,4.1040263176,9.75048169649,4.4630598939,0,0,16.4161052704,
G2_D075_DENS_MED_V_LOW_S030,G2_D075_DENS_MED_V_LOW,30,4.11301708221,10.0550191539,5.08032422352,0,0,16.4520683289,
G2_D075_DENS_MED_V_LOW_S030,G2_D075_DENS_MED_V_LOW,30,4.12201976776,9.47086967158,5.41717923674,0,0,16.488079071,
G2_D075_DENS_MED_V_LOW_S030,G2_D075_DENS_MED_V_LOW,30,4.13101053238,9.49266726732,5.28703972279,0,0,16.5240421295,
G2_D075_DENS_MED_V_LOW_S030,G2_D075_DENS_MED_V_LOW,30,4.140001297,9.48197293934,5.48247842924,0,0,16.560005188,
G2_D075_DENS_MED_V_LOW_S030,G2_D075_DENS_MED_V_LOW,30,4.14902210236,9.78188606145,5.05191192572,0,0,16.5960884094,
G2_D075_DENS_MED_V_LOW_S030,G2_D075_DENS_MED_V_LOW,30,4.15801286697,9.59059508276,4.6500801206,0,0,16.6320514679,
G2_D075_DENS_MED_V_LOW_S030,G2_D075_DENS_MED_V_LOW,30,4.16700363159,9.93967492461,4.44676365639,0,0,16.6680145264,
G2_D075_DENS_MED_V_LOW_S030,G2_D075_DENS_MED_V_LOW,30,4.17602491379,10.1764786908,4.83789986986,0,0,16.7040996552,
G2_D075_DENS_MED_V_LOW_S030,G2_D075_DENS_MED_V_LOW,30,4.18500614166,10.1219714385,6.55765053148,0,0,16.7400245667,
G2_D075_DENS_MED_V_LOW_S030,G2_D075_DENS_MED_V_LOW,30,4.19402503967,9.79279038553,4.34551761735,0,0,16.7761001587,
G2_D075_DENS_MED_V_LOW_S030,G2_D075_DENS_MED_V_LOW,30,4.20301914215,9.36572241108,4.48760918031,0,0,16.8120765686,
G2_D075_DENS_MED_V_LOW_S030,G2_D075_DENS_MED_V_LOW,30,4.21200895309,9.77188582585,4.39488074442,0,0,16.8480358124,
G2_D075_DENS_MED_V_LOW_S030,G2_D075_DENS_MED_V_LOW,30,4.22103023529,9.49873283904,4.57599707948,0,0,16.8841209412,
G2_D075_DENS_MED_V_LOW_S030,G2_D075_DENS_MED_V_LOW,30,4.23002099991,10.1584897613,5.13999586327,0,0,16.9200839996,
G2_D075_DENS_MED_V_LOW_S030,G2_D075_DENS_MED_V_LOW,30,4.2390127182,9.57462985253,5.69692228187,0,0,16.9560508728,
G2_D075_DENS_MED_V_LOW_S030,G2_D075_DENS_MED_V_LOW,30,4.24802064896,9.96077732272,6.22622973893,0,0,16.9920825958,
G2_D075_DENS_MED_V_LOW_S030,G2_D075_DENS_MED_V_LOW,30,4.25701141357,10.40846802,4.90342372168,0,0,17.0280456543,
G2_D075_DENS_MED_V_LOW_S030,G2_D075_DENS_MED_V_LOW,30,4.26600217819,9.70284684307,4.77827517816,0,0,17.0640087128,
G2_D075_DENS_MED_V_LOW_S030,G2_D075_DENS_MED_V_LOW,30,4.27502155304,10.1492875109,4.6009856572,0,0,17.1000862122,
G2_D075_DENS_MED_V_LOW_S030,G2_D075_DENS_MED_V_LOW,30,4.28401231766,9.88725547571,4.69976017358,0,0,17.1360492706,
G2_D075_DENS_MED_V_LOW_S030,G2_D075_DENS_MED_V_LOW,30,4.29300308228,10.3417478363,4.87732255999,0,0,17.1720123291,
G2_D075_DENS_MED_V_LOW_S030,G2_D075_DENS_MED_V_LOW,30,4.3020195961,10.2561213717,4.4310412191,0,0,17.2080783844,
G2_D075_DENS_MED_V_LOW_S030,G2_D075_DENS_MED_V_LOW,30,4.31101036072,10.4002726456,4.56696329898,0,0,17.2440414429,
G2_D075_DENS_MED_V_LOW_S030,G2_D075_DENS_MED_V_LOW,30,4.32002782822,9.6587211351,4.42774232672,0,0,17.2801113129,
G2_D075_DENS_MED_V_LOW_S030,G2_D075_DENS_MED_V_LOW,30,4.32902622223,10.3171241351,5.21818686989,0,0,17.3161048889,
G2_D075_DENS_MED_V_LOW_S030,G2_D075_DENS_MED_V_LOW,30,4.33800268173,10.8268410504,6.49374969854,0,0,17.3520107269,
G2_D075_DENS_MED_V_LOW_S030,G2_D075_DENS_MED_V_LOW,30,4.34701347351,9.90053938725,3.87408483712,0,0,17.388053894,
G2_D075_DENS_MED_V_LOW_S030,G2_D075_DENS_MED_V_LOW,30,4.35602045059,9.8483619865,3.75812875004,0,0,17.4240818024,
G2_D075_DENS_MED_V_LOW_S030,G2_D075_DENS_MED_V_LOW,30,4.36501932144,10.3187477365,4.73152991753,0,0,17.4600772858,
G2_D075_DENS_MED_V_LOW_S030,G2_D075_DENS_MED_V_LOW,30,4.37401008606,10.0650647044,5.63975737109,0,0,17.4960403442,
G2_D075_DENS_MED_V_LOW_S030,G2_D075_DENS_MED_V_LOW,30,4.38300085068,10.155746549,5.62079100463,0,0,17.5320034027,
G2_D075_DENS_MED_V_LOW_S030,G2_D075_DENS_MED_V_LOW,30,4.39202213287,10.3136271473,5.02591751219,0,0,17.5680885315,
G2_D075_DENS_MED_V_LOW_S030,G2_D075_DENS_MED_V_LOW,30,4.40101289749,9.91670577164,5.10436348713,0,0,17.60405159,
G2_D075_DENS_MED_V_LOW_S030,G2_D075_DENS_MED_V_LOW,30,4.41000318527,10.0311481229,5.27773988495,0,0,17.6400127411,
G2_D075_DENS_MED_V_LOW_S030,G2_D075_DENS_MED_V_LOW,30,4.41900014877,10.4873337152,5.04974342187,0,0,17.6760005951,
G2_D075_DENS_MED_V_LOW_S030,G2_D075_DENS_MED_V_LOW,30,4.42800951004,11.3892271995,5.8532527384,0,0,17.7120380402,
G2_D075_DENS_MED_V_LOW_S030,G2_D075_DENS_MED_V_LOW,30,4.43700408936,10.8730136678,5.00755732925,0,0,17.7480163574,
G2_D075_DENS_MED_V_LOW_S030,G2_D075_DENS_MED_V_LOW,30,4.44600725174,10.5222494361,2.75882139393,0,0,17.784029007,
G2_D075_DENS_MED_V_LOW_S030,G2_D075_DENS_MED_V_LOW,30,4.45502328873,9.68818469394,5.45774998362,0,0,17.8200931549,
G2_D075_DENS_MED_V_LOW_S030,G2_D075_DENS_MED_V_LOW,30,4.46401500702,10.6096907092,5.61455801583,0,0,17.8560600281,
G2_D075_DENS_MED_V_LOW_S030,G2_D075_DENS_MED_V_LOW,30,4.47302436829,10.3902989359,5.93071179072,0,0,17.8920974731,
G2_D075_DENS_MED_V_LOW_S030,G2_D075_DENS_MED_V_LOW,30,4.48202371597,10.0130564058,4.95169363233,0,0,17.9280948639,
G2_D075_DENS_MED_V_LOW_S030,G2_D075_DENS_MED_V_LOW,30,4.49101400375,10.1123171439,4.72867192435,0,0,17.964056015,
G2_D075_DENS_MED_V_LOW_S030,G2_D075_DENS_MED_V_LOW,30,4.50001716614,10.540904827,5.89417438136,0,0,18.0000686646,
G2_D075_DENS_MED_V_LOW_S030,G2_D075_DENS_MED_V_LOW,30,4.50900793076,9.9921407937,5.71560597714,0,0,18.036031723,
G2_D075_DENS_MED_V_LOW_S030,G2_D075_DENS_MED_V_LOW,30,4.51802921295,9.68985029463,4.63363989142,0,0,18.0721168518,
G2_D075_DENS_MED_V_LOW_S030,G2_D075_DENS_MED_V_LOW,30,4.5270152092,10.1494665602,8.57748024637,0,0,18.1080608368,
G2_D075_DENS_MED_V_LOW_S030,G2_D075_DENS_MED_V_LOW,30,4.536028862,13.070698068,4.99019324051,0,0,18.144115448,
G2_D075_DENS_MED_V_LOW_S030,G2_D075_DENS_MED_V_LOW,30,4.54501867294,9.2382039339,4.89292070166,0,0,18.1800746918,
G2_D075_DENS_MED_V_LOW_S030,G2_D075_DENS_MED_V_LOW,30,4.55400514603,11.332414411,5.29697124055,0,0,18.2160205841,
G2_D075_DENS_MED_V_LOW_S030,G2_D075_DENS_MED_V_LOW,30,4.56300115585,10.4310624957,3.09775225998,0,0,18.2520046234,
G2_D075_DENS_MED_V_LOW_S030,G2_D075_DENS_MED_V_LOW,30,4.57200574875,9.62981351332,4.02883034161,0,0,18.288022995,
G2_D075_DENS_MED_V_LOW_S030,G2_D075_DENS_MED_V_LOW,30,4.58100128174,10.2682171473,6.12013334569,0,0,18.324005127,
G2_D075_DENS_MED_V_LOW_S030,G2_D075_DENS_MED_V_LOW,30,4.59001159668,10.1241520823,2.98445980434,0,0,18.3600463867,
G2_D075_DENS_MED_V_LOW_S030,G2_D075_DENS_MED_V_LOW,30,4.59901237488,10.4277003475,5.35777419697,0,0,18.3960494995,
G2_D075_DENS_MED_V_LOW_S030,G2_D075_DENS_MED_V_LOW,30,4.60802125931,10.4323722082,5.05770680069,0,0,18.4320850372,
G2_D075_DENS_MED_V_LOW_S030,G2_D075_DENS_MED_V_LOW,30,4.61700439453,12.8424035651,9.19545272043,0,0,18.4680175781,
G2_D075_DENS_MED_V_LOW_S030,G2_D075_DENS_MED_V_LOW,30,4.62602567673,10.6727757498,5.20800491383,0,0,18.5041027069,
G2_D075_DENS_MED_V_LOW_S030,G2_D075_DENS_MED_V_LOW,30,4.63501644135,10.4213175711,5.74515019251,0,0,18.5400657654,
G2_D075_DENS_MED_V_LOW_S030,G2_D075_DENS_MED_V_LOW,30,4.64400625229,10.6449855283,4.82592178294,0,0,18.5760250092,
G2_D075_DENS_MED_V_LOW_S030,G2_D075_DENS_MED_V_LOW,30,4.65302753448,10.8508292371,4.50668284037,0,0,18.6121101379,
G2_D075_DENS_MED_V_LOW_S030,G2_D075_DENS_MED_V_LOW,30,4.66201257706,10.3935074553,3.77641893081,0,0,18.6480503082,
G2_D075_DENS_MED_V_LOW_S030,G2_D075_DENS_MED_V_LOW,30,4.67102956772,10.1889900377,4.70618742705,0,0,18.6841182709,
G2_D075_DENS_MED_V_LOW_S030,G2_D075_DENS_MED_V_LOW,30,4.68000841141,10.879386497,5.31316273606,0,0,18.7200336456,
G2_D075_DENS_MED_V_LOW_S030,G2_D075_DENS_MED_V_LOW,30,4.68901824951,9.99143564888,1.64837279277,0,0,18.756072998,
G2_D075_DENS_MED_V_LOW_S030,G2_D075_DENS_MED_V_LOW,30,4.69800567627,10.7052676735,4.10209696352,0,0,18.7920227051,
G2_D075_DENS_MED_V_LOW_S030,G2_D075_DENS_MED_V_LOW,30,4.70702934265,10.3872318875,5.06959776519,0,0,18.8281173706,
G2_D075_DENS_MED_V_LOW_S030,G2_D075_DENS_MED_V_LOW,30,4.71602106094,10.2279421048,2.58539990101,0,0,18.8640842438,
G2_D075_DENS_MED_V_LOW_S030,G2_D075_DENS_MED_V_LOW,30,4.7250161171,10.989869869,6.53417327923,0,0,18.9000644684,
G2_D075_DENS_MED_V_LOW_S030,G2_D075_DENS_MED_V_LOW,30,4.73400306702,10.4455378588,5.64063389599,0,0,18.9360122681,
G2_D075_DENS_MED_V_LOW_S030,G2_D075_DENS_MED_V_LOW,30,4.74302148819,10.589958812,4.97667704589,0,0,18.9720859528,
G2_D075_DENS_MED_V_LOW_S030,G2_D075_DENS_MED_V_LOW,30,4.75201225281,10.5658954688,5.08190316426,0,0,19.0080490112,
G2_D075_DENS_MED_V_LOW_S030,G2_D075_DENS_MED_V_LOW,30,4.7610001564,11.0439847602,5.46852632007,0,0,19.0440006256,
G2_D075_DENS_MED_V_LOW_S030,G2_D075_DENS_MED_V_LOW,30,4.7700214386,11.3192697601,5.63547201833,0,0,19.0800857544,
G2_D075_DENS_MED_V_LOW_S030,G2_D075_DENS_MED_V_LOW,30,4.77901220322,11.9536049959,5.71462086349,0,0,19.1160488129,
G2_D075_DENS_MED_V_LOW_S030,G2_D075_DENS_MED_V_LOW,30,4.78802204132,10.1766676873,4.18713458384,0,0,19.1520881653,
G2_D075_DENS_MED_V_LOW_S030,G2_D075_DENS_MED_V_LOW,30,4.79702234268,9.32627077432,3.45463605783,0,0,19.1880893707,
G2_D075_DENS_MED_V_LOW_S030,G2_D075_DENS_MED_V_LOW,30,4.80602645874,9.66536253825,1.76611657139,0,0,19.224105835,
G2_D075_DENS_MED_V_LOW_S030,G2_D075_DENS_MED_V_LOW,30,4.81501817703,9.85094162286,2.6792689189,0,0,19.2600727081,
G2_D075_DENS_MED_V_LOW_S030,G2_D075_DENS_MED_V_LOW,30,4.82401609421,10.7724686377,4.36557050439,0,0,19.2960643768,
G2_D075_DENS_MED_V_LOW_S030,G2_D075_DENS_MED_V_LOW,30,4.83300971985,11.225839177,3.37680230424,0,0,19.3320388794,
G2_D075_DENS_MED_V_LOW_S030,G2_D075_DENS_MED_V_LOW,30,4.84202575684,11.2740863349,6.33932474454,0,0,19.3681030273,
G2_D075_DENS_MED_V_LOW_S030,G2_D075_DENS_MED_V_LOW,30,4.85102939606,10.6442914359,6.25807971277,0,0,19.4041175842,
G2_D075_DENS_MED_V_LOW_S030,G2_D075_DENS_MED_V_LOW,30,4.86001586914,9.92072885493,6.13445916672,0,0,19.4400634766,
G2_D075_DENS_MED_V_LOW_S030,G2_D075_DENS_MED_V_LOW,30,4.86902284622,10.981247871,6.81401109432,0,0,19.4760913849,
G2_D075_DENS_MED_V_LOW_S030,G2_D075_DENS_MED_V_LOW,30,4.878013134,11.3448970216,4.79398602644,0,0,19.512052536,
G2_D075_DENS_MED_V_LOW_S030,G2_D075_DENS_MED_V_LOW,30,4.88702869415,11.3725756136,5.77487582251,0,0,19.5481147766,
G2_D075_DENS_MED_V_LOW_S030,G2_D075_DENS_MED_V_LOW,30,4.89601898193,10.5529630244,4.1739026644,0,0,19.5840759277,
G2_D075_DENS_MED_V_LOW_S030,G2_D075_DENS_MED_V_LOW,30,4.90503025055,11.2757651985,4.54027721337,0,0,19.6201210022,
G2_D075_DENS_MED_V_LOW_S030,G2_D075_DENS_MED_V_LOW,30,4.91401195526,10.3828064959,5.11100015505,0,0,19.656047821,
G2_D075_DENS_MED_V_LOW_S030,G2_D075_DENS_MED_V_LOW,30,4.92301416397,10.2287699316,5.5111334052,0,0,19.6920566559,
G2_D075_DENS_MED_V_LOW_S030,G2_D075_DENS_MED_V_LOW,30,4.93202733994,9.4701214223,2.31973021182,0,0,19.7281093597,
G2_D075_DENS_MED_V_LOW_S030,G2_D075_DENS_MED_V_LOW,30,4.94100618362,11.3308283878,4.1206115214,0,0,19.7640247345,
G2_D075_DENS_MED_V_LOW_S030,G2_D075_DENS_MED_V_LOW,30,4.95002174377,10.8096622637,4.18981973925,0,0,19.8000869751,
G2_D075_DENS_MED_V_LOW_S030,G2_D075_DENS_MED_V_LOW,30,4.95901060104,9.56973804852,4.1751908466,0,0,19.8360424042,
G2_D075_DENS_MED_V_LOW_S030,G2_D075_DENS_MED_V_LOW,30,4.96800422668,11.337205638,5.11690533055,0,0,19.8720169067,
G2_D075_DENS_MED_V_LOW_S030,G2_D075_DENS_MED_V_LOW,30,4.97702217102,10.6713024613,4.90733294621,0,0,19.9080886841,
G2_D075_DENS_MED_V_LOW_S030,G2_D075_DENS_MED_V_LOW,30,4.9860124588,11.4897169674,6.04957606535,0,0,19.9440498352,
G2_D075_DENS_MED_V_LOW_S030,G2_D075_DENS_MED_V_LOW,30,4.99502944946,11.327522607,5.58716590544,0,0,19.9801177979,
G2_D075_DENS_MED_V_LOW_S030,G2_D075_DENS_MED_V_LOW,30,5.00401973724,12.1662127897,6.27181736632,0,0,20.016078949,
G2_D075_DENS_MED_V_LOW_S030,G2_D075_DENS_MED_V_LOW,30,5.01302433014,11.804690126,5.31867383543,0,0,20.0520973206,
G2_D075_DENS_MED_V_LOW_S030,G2_D075_DENS_MED_V_LOW,30,5.02201461792,12.5953939881,10.0798281339,0,0,20.0880584717,
G2_D075_DENS_MED_V_LOW_S030,G2_D075_DENS_MED_V_LOW,30,5.0310177803,13.2787124734,7.04789289455,0,0,20.1240711212,
G2_D075_DENS_MED_V_LOW_S030,G2_D075_DENS_MED_V_LOW,30,5.04002761841,14.4099813879,10.310388465,0,0,20.1601104736,
G2_D075_DENS_MED_V_LOW_S030,G2_D075_DENS_MED_V_LOW,30,5.04902791977,11.1973559684,2.37971972277,0,0,20.1961116791,
G2_D075_DENS_MED_V_LOW_S030,G2_D075_DENS_MED_V_LOW,30,5.05803012848,9.99880540694,2.39375791759,0,0,20.2321205139,
G2_D075_DENS_MED_V_LOW_S030,G2_D075_DENS_MED_V_LOW,30,5.06701087952,11.5372556647,4.51487202705,0,0,20.2680435181,
G2_D075_DENS_MED_V_LOW_S030,G2_D075_DENS_MED_V_LOW,30,5.07600879669,11.2000439186,3.77992216133,0,0,20.3040351868,
G2_D075_DENS_MED_V_LOW_S030,G2_D075_DENS_MED_V_LOW,30,5.08500051498,11.0340143661,4.20519515964,0,0,20.3400020599,
G2_D075_DENS_MED_V_LOW_S030,G2_D075_DENS_MED_V_LOW,30,5.09402275085,11.7708652796,5.64579761156,0,0,20.3760910034,
G2_D075_DENS_MED_V_LOW_S030,G2_D075_DENS_MED_V_LOW,30,5.10302829742,11.4784158612,6.97856324862,0,0,20.4121131897,
G2_D075_DENS_MED_V_LOW_S030,G2_D075_DENS_MED_V_LOW,30,5.11202669144,13.0124550955,9.64857801123,0,0,20.4481067657,
G2_D075_DENS_MED_V_LOW_S030,G2_D075_DENS_MED_V_LOW,30,5.12101554871,11.4449292191,5.67389979074,0,0,20.4840621948,
G2_D075_DENS_MED_V_LOW_S030,G2_D075_DENS_MED_V_LOW,30,5.13002157211,11.8129971298,4.69139875071,0,0,20.5200862885,
G2_D075_DENS_MED_V_LOW_S030,G2_D075_DENS_MED_V_LOW,30,5.13900470734,10.923840462,4.45543986437,0,0,20.5560188293,
G2_D075_DENS_MED_V_LOW_S030,G2_D075_DENS_MED_V_LOW,30,5.14801979065,9.56799287036,4.90560591985,0,0,20.5920791626,
G2_D075_DENS_MED_V_LOW_S030,G2_D075_DENS_MED_V_LOW,30,5.15700674057,10.4107846086,4.21777603884,0,0,20.6280269623,
G2_D075_DENS_MED_V_LOW_S030,G2_D075_DENS_MED_V_LOW,30,5.16601514816,10.9499065049,4.84490456565,0,0,20.6640605927,
G2_D075_DENS_MED_V_LOW_S030,G2_D075_DENS_MED_V_LOW,30,5.17501354218,10.8698051483,8.04649340214,0,0,20.7000541687,
G2_D075_DENS_MED_V_LOW_S030,G2_D075_DENS_MED_V_LOW,30,5.18402385712,13.1818158494,7.09818349537,0,0,20.7360954285,
G2_D075_DENS_MED_V_LOW_S030,G2_D075_DENS_MED_V_LOW,30,5.19301319122,9.62881105823,2.1313221788,0,0,20.7720527649,
G2_D075_DENS_MED_V_LOW_S030,G2_D075_DENS_MED_V_LOW,30,5.20200634003,10.82317275,5.68344931781,0,0,20.8080253601,
G2_D075_DENS_MED_V_LOW_S030,G2_D075_DENS_MED_V_LOW,30,5.21100091934,11.5889268643,5.92719926035,0,0,20.8440036774,
G2_D075_DENS_MED_V_LOW_S030,G2_D075_DENS_MED_V_LOW,30,5.22000074387,11.9007611338,8.25817551697,0,0,20.8800029755,
G2_D075_DENS_MED_V_LOW_S030,G2_D075_DENS_MED_V_LOW,30,5.2290186882,9.89148634462,4.13933704146,0,0,20.9160747528,
G2_D075_DENS_MED_V_LOW_S030,G2_D075_DENS_MED_V_LOW,30,5.23800230026,12.3222465275,8.77581774376,0,0,20.952009201,
G2_D075_DENS_MED_V_LOW_S030,G2_D075_DENS_MED_V_LOW,30,5.2470126152,9.51234832338,5.29658348203,0,0,20.9880504608,
G2_D075_DENS_MED_V_LOW_S030,G2_D075_DENS_MED_V_LOW,30,5.25602054596,12.5787225079,5.68244197552,0,0,21.0240821838,
G2_D075_DENS_MED_V_LOW_S030,G2_D075_DENS_MED_V_LOW,30,5.26501226425,12.6422982762,6.13359354632,0,0,21.060049057,
G2_D075_DENS_MED_V_LOW_S030,G2_D075_DENS_MED_V_LOW,30,5.27402257919,11.359751483,5.31701497585,0,0,21.0960903168,
G2_D075_DENS_MED_V_LOW_S030,G2_D075_DENS_MED_V_LOW,30,5.28302907944,13.8594644398,7.66358994008,0,0,21.1321163177,
G2_D075_DENS_MED_V_LOW_S030,G2_D075_DENS_MED_V_LOW,30,5.29201507568,10.6946407653,1.21391984297,0,0,21.1680603027,
G2_D075_DENS_MED_V_LOW_S030,G2_D075_DENS_MED_V_LOW,30,5.30100727081,13.5894337635,10.2624466693,0,0,21.2040290833,
G2_D075_DENS_MED_V_LOW_S030,G2_D075_DENS_MED_V_LOW,30,5.31002998352,12.2583181868,4.39751776128,0,0,21.2401199341,
G2_D075_DENS_MED_V_LOW_S030,G2_D075_DENS_MED_V_LOW,30,5.31900644302,12.4217338404,6.05713094662,0,0,21.2760257721,
G2_D075_DENS_MED_V_LOW_S030,G2_D075_DENS_MED_V_LOW,30,5.32801532745,11.452548762,5.55985006191,0,0,21.3120613098,
G2_D075_DENS_MED_V_LOW_S030,G2_D075_DENS_MED_V_LOW,30,5.33701753616,11.0409166065,6.81007412417,0,0,21.3480701447,
G2_D075_DENS_MED_V_LOW_S030,G2_D075_DENS_MED_V_LOW,30,5.34601402283,12.0671067856,5.89046915533,0,0,21.3840560913,
G2_D075_DENS_MED_V_LOW_S030,G2_D075_DENS_MED_V_LOW,30,5.35502290726,11.5645783685,4.56054618791,0,0,21.420091629,
G2_D075_DENS_MED_V_LOW_S030,G2_D075_DENS_MED_V_LOW,30,5.36400747299,11.6029457622,5.83933528058,0,0,21.456029892,
G2_D075_DENS_MED_V_LOW_S030,G2_D075_DENS_MED_V_LOW,30,5.37302207947,10.5932535404,4.41085247434,0,0,21.4920883179,
G2_D075_DENS_MED_V_LOW_S030,G2_D075_DENS_MED_V_LOW,30,5.38200044632,12.00960101,4.56414837016,0,0,21.5280017853,
G2_D075_DENS_MED_V_LOW_S030,G2_D075_DENS_MED_V_LOW,30,5.39100313187,11.3547767858,5.17490632402,0,0,21.5640125275,
G2_D075_DENS_MED_V_LOW_S030,G2_D075_DENS_MED_V_LOW,30,5.4000210762,13.4061436364,8.18547662481,0,0,21.6000843048,
G2_D075_DENS_MED_V_LOW_S030,G2_D075_DENS_MED_V_LOW,30,5.40902137756,11.4301797558,5.50037004987,0,0,21.6360855103,
G2_D075_DENS_MED_V_LOW_S030,G2_D075_DENS_MED_V_LOW,30,5.41802930832,11.29770316,0.559524561054,0,0,21.6721172333,
G2_D075_DENS_MED_V_LOW_S030,G2_D075_DENS_MED_V_LOW,30,5.42702817917,11.9351441277,5.80665783167,0,0,21.7081127167,
G2_D075_DENS_MED_V_LOW_S030,G2_D075_DENS_MED_V_LOW,30,5.43601751328,11.2794147097,2.25351579113,0,0,21.7440700531,
G2_D075_DENS_MED_V_LOW_S030,G2_D075_DENS_MED_V_LOW,30,5.44501495361,11.9888854468,5.75058812508,0,0,21.7800598145,
G2_D075_DENS_MED_V_LOW_S030,G2_D075_DENS_MED_V_LOW,30,5.45402050018,11.8049465423,6.4260541081,0,0,21.8160820007,
G2_D075_DENS_MED_V_LOW_S030,G2_D075_DENS_MED_V_LOW,30,5.46302366257,11.1255925625,5.83021062695,0,0,21.8520946503,
G2_D075_DENS_MED_V_LOW_S030,G2_D075_DENS_MED_V_LOW,30,5.47200727463,12.2333817019,4.99789825623,0,0,21.8880290985,
G2_D075_DENS_MED_V_LOW_S030,G2_D075_DENS_MED_V_LOW,30,5.4810256958,12.0171199758,5.02827378874,0,0,21.9241027832,
G2_D075_DENS_MED_V_LOW_S030,G2_D075_DENS_MED_V_LOW,30,5.49000072479,12.1803532643,5.05074100781,0,0,21.9600028992,
G2_D075_DENS_MED_V_LOW_S030,G2_D075_DENS_MED_V_LOW,30,5.49900341034,12.1967252239,4.67025284491,0,0,21.9960136414,
G2_D075_DENS_MED_V_LOW_S030,G2_D075_DENS_MED_V_LOW,30,5.50802946091,13.061934599,4.938108465,0,0,22.0321178436,
G2_D075_DENS_MED_V_LOW_S030,G2_D075_DENS_MED_V_LOW,30,5.51700305939,12.4202307104,5.38324814195,0,0,22.0680122375,
G2_D075_DENS_MED_V_LOW_S030,G2_D075_DENS_MED_V_LOW,30,5.52600765228,13.7164250399,3.78812876235,0,0,22.1040306091,
G2_D075_DENS_MED_V_LOW_S030,G2_D075_DENS_MED_V_LOW,30,5.5350189209,12.3272599083,9.21928747011,0,0,22.1400756836,
G2_D075_DENS_MED_V_LOW_S030,G2_D075_DENS_MED_V_LOW,30,5.54401874542,11.3760306021,0.501460309485,0,0,22.1760749817,
G2_D075_DENS_MED_V_LOW_S030,G2_D075_DENS_MED_V_LOW,30,5.55302143097,11.5228145641,3.89584049829,0,0,22.2120857239,
G2_D075_DENS_MED_V_LOW_S030,G2_D075_DENS_MED_V_LOW,30,5.5620265007,13.1949593951,9.02285283287,0,0,22.2481060028,
G2_D075_DENS_MED_V_LOW_S030,G2_D075_DENS_MED_V_LOW,30,5.57102680206,12.4717184397,6.36573427003,0,0,22.2841072083,
G2_D075_DENS_MED_V_LOW_S030,G2_D075_DENS_MED_V_LOW,30,5.58001375198,11.7512936426,6.79357791834,0,0,22.3200550079,
G2_D075_DENS_MED_V_LOW_S030,G2_D075_DENS_MED_V_LOW,30,5.58901548386,11.9751760169,3.86334804342,0,0,22.3560619354,
G2_D075_DENS_MED_V_LOW_S030,G2_D075_DENS_MED_V_LOW,30,5.5980052948,12.6229487929,8.4835679928,0,0,22.3920211792,
G2_D075_DENS_MED_V_LOW_S030,G2_D075_DENS_MED_V_LOW,30,5.60702371597,11.8249923284,5.71680585071,0,0,22.4280948639,
G2_D075_DENS_MED_V_LOW_S030,G2_D075_DENS_MED_V_LOW,30,5.61600208282,11.4025696889,7.31749857981,0,0,22.4640083313,
G2_D075_DENS_MED_V_LOW_S030,G2_D075_DENS_MED_V_LOW,30,5.62502288818,11.7488134781,4.56322644985,0,0,22.5000915527,
G2_D075_DENS_MED_V_LOW_S030,G2_D075_DENS_MED_V_LOW,30,5.63400745392,11.8122521963,5.0241711285,0,0,22.5360298157,
G2_D075_DENS_MED_V_LOW_S030,G2_D075_DENS_MED_V_LOW,30,5.64301729202,10.9260962623,4.10831166477,0,0,22.5720691681,
G2_D075_DENS_MED_V_LOW_S030,G2_D075_DENS_MED_V_LOW,30,5.65200519562,11.5250471543,6.44417449027,0,0,22.6080207825,
G2_D075_DENS_MED_V_LOW_S030,G2_D075_DENS_MED_V_LOW,30,5.66102170944,11.9736574134,4.85399729008,0,0,22.6440868378,
G2_D075_DENS_MED_V_LOW_S030,G2_D075_DENS_MED_V_LOW,30,5.67000675201,12.1000120701,3.73108298808,0,0,22.6800270081,
G2_D075_DENS_MED_V_LOW_S030,G2_D075_DENS_MED_V_LOW,30,5.67902803421,12.948199603,4.62929718769,0,0,22.7161121368,
G2_D075_DENS_MED_V_LOW_S030,G2_D075_DENS_MED_V_LOW,30,5.68802595139,12.3669955924,7.21391234048,0,0,22.7521038055,
G2_D075_DENS_MED_V_LOW_S030,G2_D075_DENS_MED_V_LOW,30,5.69701910019,11.9860858672,5.50230447171,0,0,22.7880764008,
G2_D075_DENS_MED_V_LOW_S030,G2_D075_DENS_MED_V_LOW,30,5.70600223541,13.0782026657,6.56042985201,0,0,22.8240089417,
G2_D075_DENS_MED_V_LOW_S030,G2_D075_DENS_MED_V_LOW,30,5.71501398087,20.7195597406,18.6755988487,0,0,22.8600559235,
G2_D075_DENS_MED_V_LOW_S030,G2_D075_DENS_MED_V_LOW,30,5.72401332855,10.8728091979,4.42335349751,0,0,22.8960533142,
G2_D075_DENS_MED_V_LOW_S030,G2_D075_DENS_MED_V_LOW,30,5.73302173615,13.6056089898,6.34469384874,0,0,22.9320869446,
G2_D075_DENS_MED_V_LOW_S030,G2_D075_DENS_MED_V_LOW,30,5.74201583862,17.3489520405,9.17925324094,0,0,22.9680633545,
G2_D075_DENS_MED_V_LOW_S030,G2_D075_DENS_MED_V_LOW,30,5.75102806091,12.6636880374,6.30675317644,0,0,23.0041122437,
G2_D075_DENS_MED_V_LOW_S030,G2_D075_DENS_MED_V_LOW,30,5.76001405716,12.9349554802,3.11446590508,0,0,23.0400562286,
G2_D075_DENS_MED_V_LOW_S030,G2_D075_DENS_MED_V_LOW,30,5.76902389526,12.6366714858,6.8243262032,0,0,23.0760955811,
G2_D075_DENS_MED_V_LOW_S030,G2_D075_DENS_MED_V_LOW,30,5.77802181244,11.429884656,5.05369668742,0,0,23.1120872498,
G2_D075_DENS_MED_V_LOW_S030,G2_D075_DENS_MED_V_LOW,30,5.78700447083,12.936234246,5.24541840614,0,0,23.1480178833,
G2_D075_DENS_MED_V_LOW_S030,G2_D075_DENS_MED_V_LOW,30,5.79601383209,12.532397367,4.31734048676,0,0,23.1840553284,
G2_D075_DENS_MED_V_LOW_S030,G2_D075_DENS_MED_V_LOW,30,5.80501127243,12.4884860761,6.74371582869,0,0,23.2200450897,
G2_D075_DENS_MED_V_LOW_S030,G2_D075_DENS_MED_V_LOW,30,5.81402111053,12.3281551548,5.28220736282,0,0,23.2560844421,
G2_D075_DENS_MED_V_LOW_S030,G2_D075_DENS_MED_V_LOW,30,5.82302999496,13.0822412224,6.41693481886,0,0,23.2921199799,
G2_D075_DENS_MED_V_LOW_S030,G2_D075_DENS_MED_V_LOW,30,5.8320183754,11.2764537646,5.8280999185,0,0,23.3280735016,
G2_D075_DENS_MED_V_LOW_S030,G2_D075_DENS_MED_V_LOW,30,5.84100246429,13.6092330805,6.6235840303,0,0,23.3640098572,
G2_D075_DENS_MED_V_LOW_S030,G2_D075_DENS_MED_V_LOW,30,5.85002470016,12.1287627474,5.86994566383,0,0,23.4000988007,
G2_D075_DENS_MED_V_LOW_S030,G2_D075_DENS_MED_V_LOW,30,5.85901165009,13.6760516308,6.53565761264,0,0,23.4360466003,
G2_D075_DENS_MED_V_LOW_S030,G2_D075_DENS_MED_V_LOW,30,5.86800670624,12.851002353,5.81683124634,0,0,23.472026825,
G2_D075_DENS_MED_V_LOW_S030,G2_D075_DENS_MED_V_LOW,30,5.87702989578,14.5113940335,7.05371031839,0,0,23.5081195831,
G2_D075_DENS_MED_V_LOW_S030,G2_D075_DENS_MED_V_LOW,30,5.88602161407,15.2808418688,10.2476733295,0,0,23.5440864563,
G2_D075_DENS_MED_V_LOW_S030,G2_D075_DENS_MED_V_LOW,30,5.89500617981,10.767345838,5.98804746993,0,0,23.5800247192,
G2_D075_DENS_MED_V_LOW_S030,G2_D075_DENS_MED_V_LOW,30,5.90402460098,12.4731607814,6.76151221315,0,0,23.6160984039,
G2_D075_DENS_MED_V_LOW_S030,G2_D075_DENS_MED_V_LOW,30,5.91300439835,11.2895608374,1.24776178714,0,0,23.6520175934,
G2_D075_DENS_MED_V_LOW_S030,G2_D075_DENS_MED_V_LOW,30,5.92200613022,12.7084337865,5.99923950731,0,0,23.6880245209,
G2_D075_DENS_MED_V_LOW_S030,G2_D075_DENS_MED_V_LOW,30,5.93100404739,12.505060295,6.79632042205,0,0,23.7240161896,
G2_D075_DENS_MED_V_LOW_S030,G2_D075_DENS_MED_V_LOW,30,5.94001913071,11.266421477,5.66079621738,0,0,23.7600765228,
G2_D075_DENS_MED_V_LOW_S030,G2_D075_DENS_MED_V_LOW,30,5.94901704788,14.0816137935,7.22070403517,0,0,23.7960681915,
G2_D075_DENS_MED_V_LOW_S030,G2_D075_DENS_MED_V_LOW,30,5.95802259445,13.5113174227,6.51724309936,0,0,23.8320903778,
G2_D075_DENS_MED_V_LOW_S030,G2_D075_DENS_MED_V_LOW,30,5.96700143814,11.8344443637,4.24445734019,0,0,23.8680057526,
G2_D075_DENS_MED_V_LOW_S030,G2_D075_DENS_MED_V_LOW,30,5.97600317001,12.6707892215,5.88351241569,0,0,23.9040126801,
G2_D075_DENS_MED_V_LOW_S030,G2_D075_DENS_MED_V_LOW,30,5.98502445221,11.3754227187,5.83318418759,0,0,23.9400978088,
G2_D075_DENS_MED_V_LOW_S030,G2_D075_DENS_MED_V_LOW,30,5.99400043488,13.2010625451,5.75942185548,0,0,23.9760017395,
G2_D075_DENS_MED_V_LOW_S030,G2_D075_DENS_MED_V_LOW,30,6.00300216675,12.0532547794,2.61276938455,0,0,24.012008667,
G2_D075_DENS_MED_V_LOW_S030,G2_D075_DENS_MED_V_LOW,30,6.0120010376,12.1942782166,6.76010828646,0,0,24.0480041504,
G2_D075_DENS_MED_V_LOW_S030,G2_D075_DENS_MED_V_LOW,30,6.02101182938,12.0958773573,3.88994753088,0,0,24.0840473175,
G2_D075_DENS_MED_V_LOW_S030,G2_D075_DENS_MED_V_LOW,30,6.03002119064,13.1838914951,2.02913562286,0,0,24.1200847626,
G2_D075_DENS_MED_V_LOW_S030,G2_D075_DENS_MED_V_LOW,30,6.03900194168,11.2594009756,0.587497703364,0,0,24.1560077667,
G2_D075_DENS_MED_V_LOW_S030,G2_D075_DENS_MED_V_LOW,30,6.04801607132,12.3412544908,7.20969724274,0,0,24.1920642853,
G2_D075_DENS_MED_V_LOW_S030,G2_D075_DENS_MED_V_LOW,30,6.05700302124,14.2640672519,5.45902589807,0,0,24.228012085,
G2_D075_DENS_MED_V_LOW_S030,G2_D075_DENS_MED_V_LOW,30,6.0660161972,14.4402827207,7.73557247268,0,0,24.2640647888,
G2_D075_DENS_MED_V_LOW_S030,G2_D075_DENS_MED_V_LOW,30,6.07500076294,12.9234189573,7.50320504109,0,0,24.3000030518,
G2_D075_DENS_MED_V_LOW_S030,G2_D075_DENS_MED_V_LOW,30,6.08401870728,12.9475408784,5.83495962755,0,0,24.3360748291,
G2_D075_DENS_MED_V_LOW_S030,G2_D075_DENS_MED_V_LOW,30,6.09301185608,6.13525505931,3.81396815182,0,0,24.3720474243,
G2_D075_DENS_MED_V_LOW_S030,G2_D075_DENS_MED_V_LOW,30,6.10200595856,10.8810885707,5.17108570946,0,0,24.4080238342,
G2_D075_DENS_MED_V_LOW_S030,G2_D075_DENS_MED_V_LOW,30,6.11100816727,14.1062198109,5.95270567697,0,0,24.4440326691,
G2_D075_DENS_MED_V_LOW_S030,G2_D075_DENS_MED_V_LOW,30,6.1200261116,11.3441001417,1.3947742979,0,0,24.4801044464,
G2_D075_DENS_MED_V_LOW_S030,G2_D075_DENS_MED_V_LOW,30,6.12900257111,13.178184022,5.65349785725,0,0,24.5160102844,
G2_D075_DENS_MED_V_LOW_S030,G2_D075_DENS_MED_V_LOW,30,6.13800907135,12.6582955584,5.10640056616,0,0,24.5520362854,
G2_D075_DENS_MED_V_LOW_S030,G2_D075_DENS_MED_V_LOW,30,6.14700984955,11.4517474611,4.58163303402,0,0,24.5880393982,
G2_D075_DENS_MED_V_LOW_S030,G2_D075_DENS_MED_V_LOW,30,6.15600442886,12.2783606572,3.74246665811,0,0,24.6240177155,
G2_D075_DENS_MED_V_LOW_S030,G2_D075_DENS_MED_V_LOW,30,6.16500997543,16.4283910077,11.3667557118,0,0,24.6600399017,
G2_D075_DENS_MED_V_LOW_S030,G2_D075_DENS_MED_V_LOW,30,6.17402172089,13.2091838681,5.83972748999,0,0,24.6960868835,
G2_D075_DENS_MED_V_LOW_S030,G2_D075_DENS_MED_V_LOW,30,6.18302822113,13.9746196726,4.53140907687,0,0,24.7321128845,
G2_D075_DENS_MED_V_LOW_S030,G2_D075_DENS_MED_V_LOW,30,6.19200134277,11.7138690209,6.10672092629,0,0,24.7680053711,
G2_D075_DENS_MED_V_LOW_S030,G2_D075_DENS_MED_V_LOW,30,6.2010269165,12.1281537587,3.60746113144,0,0,24.804107666,
G2_D075_DENS_MED_V_LOW_S030,G2_D075_DENS_MED_V_LOW,30,6.21002292633,12.5329289887,4.58442605542,0,0,24.8400917053,
G2_D075_DENS_MED_V_LOW_S030,G2_D075_DENS_MED_V_LOW,30,6.2190284729,12.1496794648,5.06376566763,0,0,24.8761138916,
G2_D075_DENS_MED_V_LOW_S030,G2_D075_DENS_MED_V_LOW,30,6.22802591324,12.7388058548,5.65300426022,0,0,24.912103653,
G2_D075_DENS_MED_V_LOW_S030,G2_D075_DENS_MED_V_LOW,30,6.23700141907,13.1666486043,8.32489210146,0,0,24.9480056763,
G2_D075_DENS_MED_V_LOW_S030,G2_D075_DENS_MED_V_LOW,30,6.24600124359,11.8620444834,5.28851722681,0,0,24.9840049744,
G2_D075_DENS_MED_V_LOW_S030,G2_D075_DENS_MED_V_LOW,30,6.25501203537,13.3994547078,9.30339987898,0,0,25.0200481415,
G2_D075_DENS_MED_V_LOW_S030,G2_D075_DENS_MED_V_LOW,30,6.26400566101,12.6722238264,5.1996006585,0,0,25.056022644,
G2_D075_DENS_MED_V_LOW_S030,G2_D075_DENS_MED_V_LOW,30,6.27300357819,13.7742480202,4.27925946458,0,0,25.0920143127,
G2_D075_DENS_MED_V_LOW_S030,G2_D075_DENS_MED_V_LOW,30,6.28202533722,13.559807734,6.79973524799,0,0,25.1281013489,
G2_D075_DENS_MED_V_LOW_S030,G2_D075_DENS_MED_V_LOW,30,6.29100942612,9.45678556436,4.19686829809,0,0,25.1640377045,
G2_D075_DENS_MED_V_LOW_S030,G2_D075_DENS_MED_V_LOW,30,6.30001544952,12.4885966004,5.60083017291,0,0,25.2000617981,
G2_D075_DENS_MED_V_LOW_S030,G2_D075_DENS_MED_V_LOW,30,6.30901145935,13.5897111794,7.57603946047,0,0,25.2360458374,
G2_D075_DENS_MED_V_LOW_S030,G2_D075_DENS_MED_V_LOW,30,6.31801891327,13.1063653539,5.80777822211,0,0,25.2720756531,
G2_D075_DENS_MED_V_LOW_S030,G2_D075_DENS_MED_V_LOW,30,6.32702875137,13.4642672427,5.84482651534,0,0,25.3081150055,
G2_D075_DENS_MED_V_LOW_S030,G2_D075_DENS_MED_V_LOW,30,6.33602809906,13.1349822969,5.72527578806,0,0,25.3441123962,
G2_D075_DENS_MED_V_LOW_S030,G2_D075_DENS_MED_V_LOW,30,6.34502220154,13.5791660592,7.11319625203,0,0,25.3800888062,
G2_D075_DENS_MED_V_LOW_S030,G2_D075_DENS_MED_V_LOW,30,6.35401582718,15.2965584194,7.60845751405,0,0,25.4160633087,
G2_D075_DENS_MED_V_LOW_S030,G2_D075_DENS_MED_V_LOW,30,6.36300611496,13.298427792,5.86452406532,0,0,25.4520244598,
G2_D075_DENS_MED_V_LOW_S030,G2_D075_DENS_MED_V_LOW,30,6.37201499939,13.6230265089,4.83713471353,0,0,25.4880599976,
G2_D075_DENS_MED_V_LOW_S030,G2_D075_DENS_MED_V_LOW,30,6.3810133934,17.4230176669,10.0291368022,0,0,25.5240535736,
G2_D075_DENS_MED_V_LOW_S030,G2_D075_DENS_MED_V_LOW,30,6.39002180099,14.0378804467,3.70808123779,0,0,25.560087204,
G2_D075_DENS_MED_V_LOW_S030,G2_D075_DENS_MED_V_LOW,30,6.39902830124,10.7788480984,0.782443604928,0,0,25.596113205,
G2_D075_DENS_MED_V_LOW_S030,G2_D075_DENS_MED_V_LOW,30,6.4080286026,12.6950492979,1.74244469662,0,0,25.6321144104,
G2_D075_DENS_MED_V_LOW_S030,G2_D075_DENS_MED_V_LOW,30,6.41702747345,13.6319977636,7.25835254405,0,0,25.6681098938,
G2_D075_DENS_MED_V_LOW_S030,G2_D075_DENS_MED_V_LOW,30,6.42601060867,12.8981166371,5.46813918694,0,0,25.7040424347,
G2_D075_DENS_MED_V_LOW_S030,G2_D075_DENS_MED_V_LOW,30,6.43500995636,12.4712321329,6.93627056018,0,0,25.7400398254,
G2_D075_DENS_MED_V_LOW_S030,G2_D075_DENS_MED_V_LOW,30,6.44401788712,14.0586214305,4.9674790158,0,0,25.7760715485,
G2_D075_DENS_MED_V_LOW_S030,G2_D075_DENS_MED_V_LOW,30,6.45301246643,14.5156348496,4.73469123604,0,0,25.8120498657,
G2_D075_DENS_MED_V_LOW_S030,G2_D075_DENS_MED_V_LOW,30,6.46201229095,13.9408666669,5.73582506844,0,0,25.8480491638,
G2_D075_DENS_MED_V_LOW_S030,G2_D075_DENS_MED_V_LOW,30,6.47101974487,13.1400752551,5.98012371081,0,0,25.8840789795,
G2_D075_DENS_MED_V_LOW_S030,G2_D075_DENS_MED_V_LOW,30,6.48001670837,13.4378055229,5.55680271857,0,0,25.9200668335,
G2_D075_DENS_MED_V_LOW_S030,G2_D075_DENS_MED_V_LOW,30,6.48900938034,14.2656908534,7.80069267009,0,0,25.9560375214,
G2_D075_DENS_MED_V_LOW_S030,G2_D075_DENS_MED_V_LOW,30,6.49801635742,14.3243493971,9.43091447484,0,0,25.9920654297,
G2_D075_DENS_MED_V_LOW_S030,G2_D075_DENS_MED_V_LOW,30,6.50702571869,12.541283518,5.22009146471,0,0,26.0281028748,
G2_D075_DENS_MED_V_LOW_S030,G2_D075_DENS_MED_V_LOW,30,6.51600217819,13.3896887837,10.3819233256,0,0,26.0640087128,
G2_D075_DENS_MED_V_LOW_S030,G2_D075_DENS_MED_V_LOW,30,6.52502536774,13.614578034,5.81187648133,0,0,26.1001014709,
G2_D075_DENS_MED_V_LOW_S030,G2_D075_DENS_MED_V_LOW,30,6.53401756287,14.7313141128,8.18071888562,0,0,26.1360702515,
G2_D075_DENS_MED_V_LOW_S030,G2_D075_DENS_MED_V_LOW,30,6.54302883148,15.8399808149,11.498335261,0,0,26.1721153259,
G2_D075_DENS_MED_V_LOW_S030,G2_D075_DENS_MED_V_LOW,30,6.55203008652,13.9581283468,5.25149901245,0,0,26.2081203461,
G2_D075_DENS_MED_V_LOW_S030,G2_D075_DENS_MED_V_LOW,30,6.56101942062,15.701395543,9.76498519873,0,0,26.2440776825,
G2_D075_DENS_MED_V_LOW_S030,G2_D075_DENS_MED_V_LOW,30,6.57002639771,12.7557470143,3.25103740513,0,0,26.2801055908,
G2_D075_DENS_MED_V_LOW_S030,G2_D075_DENS_MED_V_LOW,30,6.57902956009,14.8697965972,7.1200729603,0,0,26.3161182404,
G2_D075_DENS_MED_V_LOW_S030,G2_D075_DENS_MED_V_LOW,30,6.58802223206,13.7061297045,5.21358073426,0,0,26.3520889282,
G2_D075_DENS_MED_V_LOW_S030,G2_D075_DENS_MED_V_LOW,30,6.597012043,13.8048952939,8.83028754737,0,0,26.388048172,
G2_D075_DENS_MED_V_LOW_S030,G2_D075_DENS_MED_V_LOW,30,6.60602903366,14.5339266156,5.49863757295,0,0,26.4241161346,
G2_D075_DENS_MED_V_LOW_S030,G2_D075_DENS_MED_V_LOW,30,6.61501741409,12.0118203373,6.79404177323,0,0,26.4600696564,
G2_D075_DENS_MED_V_LOW_S030,G2_D075_DENS_MED_V_LOW,30,6.6240029335,14.3373282616,5.34512012133,0,0,26.496011734,
G2_D075_DENS_MED_V_LOW_S030,G2_D075_DENS_MED_V_LOW,30,6.6330075264,14.5170418235,7.96396723401,0,0,26.5320301056,
G2_D075_DENS_MED_V_LOW_S030,G2_D075_DENS_MED_V_LOW,30,6.64200162888,12.3971554541,2.87840455341,0,0,26.5680065155,
G2_D075_DENS_MED_V_LOW_S030,G2_D075_DENS_MED_V_LOW,30,6.65100336075,13.1421000596,6.44943396791,0,0,26.604013443,
G2_D075_DENS_MED_V_LOW_S030,G2_D075_DENS_MED_V_LOW,30,6.66002464294,13.4564918606,5.24608171735,0,0,26.6400985718,
G2_D075_DENS_MED_V_LOW_S030,G2_D075_DENS_MED_V_LOW,30,6.66901159286,13.5143402614,3.77093087536,0,0,26.6760463715,
G2_D075_DENS_MED_V_LOW_S030,G2_D075_DENS_MED_V_LOW,30,6.67800045013,12.8740975036,3.3690643393,0,0,26.7120018005,
G2_D075_DENS_MED_V_LOW_S030,G2_D075_DENS_MED_V_LOW,30,6.68702507019,14.8841868566,6.47733419088,0,0,26.7481002808,
G2_D075_DENS_MED_V_LOW_S030,G2_D075_DENS_MED_V_LOW,30,6.69601631165,14.4504200064,5.11445930457,0,0,26.7840652466,
G2_D075_DENS_MED_V_LOW_S030,G2_D075_DENS_MED_V_LOW,30,6.70501804352,17.0661524957,7.81764101398,0,0,26.8200721741,
G2_D075_DENS_MED_V_LOW_S030,G2_D075_DENS_MED_V_LOW,30,6.71400022507,13.0964778531,4.38135954196,0,0,26.8560009003,
G2_D075_DENS_MED_V_LOW_S030,G2_D075_DENS_MED_V_LOW,30,6.72302627563,13.7326842647,5.64699767814,0,0,26.8921051025,
G2_D075_DENS_MED_V_LOW_S030,G2_D075_DENS_MED_V_LOW,30,6.73201084137,14.107486419,7.84747691091,0,0,26.9280433655,
G2_D075_DENS_MED_V_LOW_S030,G2_D075_DENS_MED_V_LOW,30,6.74102020264,14.3692023547,5.78133633003,0,0,26.9640808105,
G2_D075_DENS_MED_V_LOW_S030,G2_D075_DENS_MED_V_LOW,30,6.75001144409,14.4068767613,4.97487730423,0,0,27.0000457764,
G2_D075_DENS_MED_V_LOW_S030,G2_D075_DENS_MED_V_LOW,30,6.7590212822,10.6463206615,4.39946678963,0,0,27.0360851288,
G2_D075_DENS_MED_V_LOW_S030,G2_D075_DENS_MED_V_LOW,30,6.76800584793,13.5449377992,8.20105780404,0,0,27.0720233917,
G2_D075_DENS_MED_V_LOW_S030,G2_D075_DENS_MED_V_LOW,30,6.77700328827,13.0993315896,4.9602691226,0,0,27.1080131531,
G2_D075_DENS_MED_V_LOW_S030,G2_D075_DENS_MED_V_LOW,30,6.78602027893,14.802167904,6.06437570428,0,0,27.1440811157,
G2_D075_DENS_MED_V_LOW_S030,G2_D075_DENS_MED_V_LOW,30,6.7950053215,14.0441803299,2.30947982304,0,0,27.180021286,
G2_D075_DENS_MED_V_LOW_S030,G2_D075_DENS_MED_V_LOW,30,6.80402898788,13.7483599213,6.14096561446,0,0,27.2161159515,
G2_D075_DENS_MED_V_LOW_S030,G2_D075_DENS_MED_V_LOW,30,6.81301879883,10.8689850583,4.40173144157,0,0,27.2520751953,
G2_D075_DENS_MED_V_LOW_S030,G2_D075_DENS_MED_V_LOW,30,6.82200527191,14.7025059628,5.77488055859,0,0,27.2880210876,
G2_D075_DENS_MED_V_LOW_S030,G2_D075_DENS_MED_V_LOW,30,6.83101272583,14.5984738922,6.24289146551,0,0,27.3240509033,
G2_D075_DENS_MED_V_LOW_S030,G2_D075_DENS_MED_V_LOW,30,6.84001350403,15.2781273928,5.09508418762,0,0,27.3600540161,
G2_D075_DENS_MED_V_LOW_S030,G2_D075_DENS_MED_V_LOW,30,6.84902000427,13.3699491498,5.28800207248,0,0,27.3960800171,
G2_D075_DENS_MED_V_LOW_S030,G2_D075_DENS_MED_V_LOW,30,6.85801839828,13.2685409252,4.55978844585,0,0,27.4320735931,
G2_D075_DENS_MED_V_LOW_S030,G2_D075_DENS_MED_V_LOW,30,6.86701393127,13.5359820179,3.26679157581,0,0,27.4680557251,
G2_D075_DENS_MED_V_LOW_S030,G2_D075_DENS_MED_V_LOW,30,6.87601566315,13.5521539285,4.02729628244,0,0,27.5040626526,
G2_D075_DENS_MED_V_LOW_S030,G2_D075_DENS_MED_V_LOW,30,6.88500404358,13.0841643446,4.07550560912,0,0,27.5400161743,
G2_D075_DENS_MED_V_LOW_S030,G2_D075_DENS_MED_V_LOW,30,6.89400291443,13.081465342,5.52976789653,0,0,27.5760116577,
G2_D075_DENS_MED_V_LOW_S030,G2_D075_DENS_MED_V_LOW,30,6.90301465988,13.733951978,3.23334145678,0,0,27.6120586395,
G2_D075_DENS_MED_V_LOW_S030,G2_D075_DENS_MED_V_LOW,30,6.91201877594,10.8929201933,8.37853562892,0,0,27.6480751038,
G2_D075_DENS_MED_V_LOW_S030,G2_D075_DENS_MED_V_LOW,30,6.92100286484,13.354145285,4.01644206572,0,0,27.6840114594,
G2_D075_DENS_MED_V_LOW_S030,G2_D075_DENS_MED_V_LOW,30,6.93002843857,14.3014808212,6.42536891614,0,0,27.7201137543,
G2_D075_DENS_MED_V_LOW_S030,G2_D075_DENS_MED_V_LOW,30,6.93901872635,13.1997616744,7.10668825272,0,0,27.7560749054,
G2_D075_DENS_MED_V_LOW_S030,G2_D075_DENS_MED_V_LOW,30,6.94802570343,12.7657483551,5.59987142176,0,0,27.7921028137,
G2_D075_DENS_MED_V_LOW_S030,G2_D075_DENS_MED_V_LOW,30,6.95700597763,14.9813343707,3.49160619741,0,0,27.8280239105,
G2_D075_DENS_MED_V_LOW_S030,G2_D075_DENS_MED_V_LOW,30,6.96600675583,13.1639982324,5.46413023247,0,0,27.8640270233,
G2_D075_DENS_MED_V_LOW_S030,G2_D075_DENS_MED_V_LOW,30,6.9750084877,14.5063651794,7.27366978775,0,0,27.9000339508,
G2_D075_DENS_MED_V_LOW_S030,G2_D075_DENS_MED_V_LOW,30,6.98402023315,13.2302055835,3.67693781314,0,0,27.9360809326,
G2_D075_DENS_MED_V_LOW_S030,G2_D075_DENS_MED_V_LOW,30,6.9930062294,16.5046870138,10.9583750152,0,0,27.9720249176,
G2_D075_DENS_MED_V_LOW_S030,G2_D075_DENS_MED_V_LOW,30,7.0020198822,14.0062163497,2.85540071665,0,0,28.0080795288,
G2_D075_DENS_MED_V_LOW_S030,G2_D075_DENS_MED_V_LOW,30,7.01102781296,15.7778484935,6.0742932007,0,0,28.0441112518,
G2_D075_DENS_MED_V_LOW_S030,G2_D075_DENS_MED_V_LOW,30,7.02000713348,13.6656203505,6.26342190971,0,0,28.0800285339,
G2_D075_DENS_MED_V_LOW_S030,G2_D075_DENS_MED_V_LOW,30,7.02900743484,14.5199806637,6.47711107114,0,0,28.1160297394,
G2_D075_DENS_MED_V_LOW_S030,G2_D075_DENS_MED_V_LOW,30,7.03800868988,15.8845640933,9.26410027646,0,0,28.1520347595,
G2_D075_DENS_MED_V_LOW_S030,G2_D075_DENS_MED_V_LOW,30,7.04702043533,13.4912594789,7.08159724937,0,0,28.1880817413,
G2_D075_DENS_MED_V_LOW_S030,G2_D075_DENS_MED_V_LOW,30,7.05602121353,18.6144460446,9.66900309217,0,0,28.2240848541,
G2_D075_DENS_MED_V_LOW_S030,G2_D075_DENS_MED_V_LOW,30,7.06500387192,14.3914398371,4.92850591869,0,0,28.2600154877,
G2_D075_DENS_MED_V_LOW_S030,G2_D075_DENS_MED_V_LOW,30,7.07401371002,13.9352763496,2.5233293139,0,0,28.2960548401,
G2_D075_DENS_MED_V_LOW_S030,G2_D075_DENS_MED_V_LOW,30,7.0830206871,11.6979214745,5.01990429384,0,0,28.3320827484,
G2_D075_DENS_MED_V_LOW_S030,G2_D075_DENS_MED_V_LOW,30,7.09202766418,14.093244262,5.59529562341,0,0,28.3681106567,
G2_D075_DENS_MED_V_LOW_S030,G2_D075_DENS_MED_V_LOW,30,7.10101127625,15.0644784603,7.30032144932,0,0,28.404045105,
G2_D075_DENS_MED_V_LOW_S030,G2_D075_DENS_MED_V_LOW,30,7.11000776291,13.5929815924,7.46603153205,0,0,28.4400310516,
G2_D075_DENS_MED_V_LOW_S030,G2_D075_DENS_MED_V_LOW,30,7.11902093887,17.0007199197,8.61268682393,0,0,28.4760837555,
G2_D075_DENS_MED_V_LOW_S030,G2_D075_DENS_MED_V_LOW,30,7.12802600861,14.1254709275,7.89504820866,0,0,28.5121040344,
G2_D075_DENS_MED_V_LOW_S030,G2_D075_DENS_MED_V_LOW,30,7.13701915741,14.509246547,7.59025161671,0,0,28.5480766296,
G2_D075_DENS_MED_V_LOW_S030,G2_D075_DENS_MED_V_LOW,30,7.14600992203,14.7049054447,6.97144607739,0,0,28.5840396881,
G2_D075_DENS_MED_V_LOW_S030,G2_D075_DENS_MED_V_LOW,30,7.15500164032,15.3869761109,9.16148222095,0,0,28.6200065613,
G2_D075_DENS_MED_V_LOW_S030,G2_D075_DENS_MED_V_LOW,30,7.16401195526,11.7585318768,4.85575020244,0,0,28.656047821,
G2_D075_DENS_MED_V_LOW_S030,G2_D075_DENS_MED_V_LOW,30,7.17302465439,23.7741144601,18.2366687288,0,0,28.6920986176,
G2_D075_DENS_MED_V_LOW_S030,G2_D075_DENS_MED_V_LOW,30,7.18200874329,18.5483016924,8.1444460346,0,0,28.7280349731,
G2_D075_DENS_MED_V_LOW_S030,G2_D075_DENS_MED_V_LOW,30,7.1910161972,18.4901449288,6.90625161488,0,0,28.7640647888,
G2_D075_DENS_MED_V_LOW_S030,G2_D075_DENS_MED_V_LOW,30,7.20002412796,13.082184855,7.64108409739,0,0,28.8000965118,
G2_D075_DENS_MED_V_LOW_S030,G2_D075_DENS_MED_V_LOW,30,7.20900297165,14.4903690023,7.56458165713,0,0,28.8360118866,
G2_D075_DENS_MED_V_LOW_S030,G2_D075_DENS_MED_V_LOW,30,7.21801805496,15.0695669975,7.12678633552,0,0,28.8720722198,
G2_D075_DENS_MED_V_LOW_S030,G2_D075_DENS_MED_V_LOW,30,7.22700738907,14.7175295263,6.76133930994,0,0,28.9080295563,
G2_D075_DENS_MED_V_LOW_S030,G2_D075_DENS_MED_V_LOW,30,7.23600959778,11.7798741126,9.14370003763,0,0,28.9440383911,
G2_D075_DENS_MED_V_LOW_S030,G2_D075_DENS_MED_V_LOW,30,7.24501037598,11.3786433958,4.37995352669,0,0,28.9800415039,
G2_D075_DENS_MED_V_LOW_S030,G2_D075_DENS_MED_V_LOW,30,7.25400352478,14.331554474,4.58730930045,0,0,29.0160140991,
G2_D075_DENS_MED_V_LOW_S030,G2_D075_DENS_MED_V_LOW,30,7.26300001144,13.0495116715,4.28570646712,0,0,29.0520000458,
G2_D075_DENS_MED_V_LOW_S030,G2_D075_DENS_MED_V_LOW,30,7.27201604843,13.2107621546,4.69718945568,0,0,29.0880641937,
G2_D075_DENS_MED_V_LOW_S030,G2_D075_DENS_MED_V_LOW,30,7.28102874756,15.4526695242,8.45128075632,0,0,29.1241149902,
G2_D075_DENS_MED_V_LOW_S030,G2_D075_DENS_MED_V_LOW,30,7.2900185585,13.4100628269,5.13198405171,0,0,29.160074234,
G2_D075_DENS_MED_V_LOW_S030,G2_D075_DENS_MED_V_LOW,30,7.29900598526,16.3888067418,5.99272795942,0,0,29.196023941,
G2_D075_DENS_MED_V_LOW_S030,G2_D075_DENS_MED_V_LOW,30,7.30801534653,12.7466718668,4.2082638787,0,0,29.2320613861,
G2_D075_DENS_MED_V_LOW_S030,G2_D075_DENS_MED_V_LOW,30,7.317029953,12.0040792177,6.54617336872,0,0,29.268119812,
G2_D075_DENS_MED_V_LOW_S030,G2_D075_DENS_MED_V_LOW,30,7.32600545883,14.1569283441,5.33291844833,0,0,29.3040218353,
G2_D075_DENS_MED_V_LOW_S030,G2_D075_DENS_MED_V_LOW,30,7.3350276947,15.6829833055,6.08976350383,0,0,29.3401107788,
G2_D075_DENS_MED_V_LOW_S030,G2_D075_DENS_MED_V_LOW,30,7.34401607513,14.3327636095,5.50088089608,0,0,29.3760643005,
G2_D075_DENS_MED_V_LOW_S030,G2_D075_DENS_MED_V_LOW,30,7.35300970078,14.2894878331,3.72277549557,0,0,29.4120388031,
G2_D075_DENS_MED_V_LOW_S030,G2_D075_DENS_MED_V_LOW,30,7.36201810837,14.7153212515,5.54138782088,0,0,29.4480724335,
G2_D075_DENS_MED_V_LOW_S030,G2_D075_DENS_MED_V_LOW,30,7.37100124359,14.1493474847,5.7578598175,0,0,29.4840049744,
G2_D075_DENS_MED_V_LOW_S030,G2_D075_DENS_MED_V_LOW,30,7.38002252579,18.5484895836,10.6327341643,0,0,29.5200901031,
G2_D075_DENS_MED_V_LOW_S030,G2_D075_DENS_MED_V_LOW,30,7.38901805878,14.1181685893,6.66577823705,0,0,29.5560722351,
G2_D075_DENS_MED_V_LOW_S030,G2_D075_DENS_MED_V_LOW,30,7.39801311493,15.802846872,5.2555184857,0,0,29.5920524597,
G2_D075_DENS_MED_V_LOW_S030,G2_D075_DENS_MED_V_LOW,30,7.40702915192,13.8518548441,3.97259935249,0,0,29.6281166077,
G2_D075_DENS_MED_V_LOW_S030,G2_D075_DENS_MED_V_LOW,30,7.41602659225,13.518054982,5.69283323991,0,0,29.664106369,
G2_D075_DENS_MED_V_LOW_S030,G2_D075_DENS_MED_V_LOW,30,7.42502784729,18.326281652,8.01156890472,0,0,29.7001113892,
G2_D075_DENS_MED_V_LOW_S030,G2_D075_DENS_MED_V_LOW,30,7.43401527405,14.4688676116,4.10876853712,0,0,29.7360610962,
G2_D075_DENS_MED_V_LOW_S030,G2_D075_DENS_MED_V_LOW,30,7.44301509857,15.3100954315,8.44056162001,0,0,29.7720603943,
G2_D075_DENS_MED_V_LOW_S030,G2_D075_DENS_MED_V_LOW,30,7.45202255249,15.2215422843,6.51403993286,0,0,29.80809021,
G2_D075_DENS_MED_V_LOW_S030,G2_D075_DENS_MED_V_LOW,30,7.46101284027,14.097234188,9.09723367452,0,0,29.8440513611,
G2_D075_DENS_MED_V_LOW_S030,G2_D075_DENS_MED_V_LOW,30,7.47002220154,13.0397335896,3.20222146534,0,0,29.8800888062,
G2_D075_DENS_MED_V_LOW_S030,G2_D075_DENS_MED_V_LOW,30,7.4790058136,14.9947078069,2.42314689857,0,0,29.9160232544,
G2_D075_DENS_MED_V_LOW_S030,G2_D075_DENS_MED_V_LOW,30,7.48800897598,14.5082816701,9.72571848194,0,0,29.9520359039,
G2_D075_DENS_MED_V_LOW_S030,G2_D075_DENS_MED_V_LOW,30,7.49700832367,13.4534767586,5.15774282195,0,0,29.9880332947,
G2_D075_DENS_MED_V_LOW_S030,G2_D075_DENS_MED_V_LOW,30,7.50601148605,23.0331310442,16.8053339506,0,0,30.0240459442,
G2_D075_DENS_MED_V_LOW_S030,G2_D075_DENS_MED_V_LOW,30,7.51501893997,12.9164957173,2.64558651547,0,0,30.0600757599,
G2_D075_DENS_MED_V_LOW_S030,G2_D075_DENS_MED_V_LOW,30,7.52401065826,14.9511192469,8.10477428939,0,0,30.0960426331,
G2_D075_DENS_MED_V_LOW_S030,G2_D075_DENS_MED_V_LOW,30,7.53300905228,14.7192957041,6.66158819551,0,0,30.1320362091,
G2_D075_DENS_MED_V_LOW_S030,G2_D075_DENS_MED_V_LOW,30,7.54200792313,14.5905813544,3.86274419901,0,0,30.1680316925,
G2_D075_DENS_MED_V_LOW_S030,G2_D075_DENS_MED_V_LOW,30,7.55102300644,14.8564541078,5.38208055203,0,0,30.2040920258,
G2_D075_DENS_MED_V_LOW_S030,G2_D075_DENS_MED_V_LOW,30,7.56001424789,13.945262217,8.88812107789,0,0,30.2400569916,
G2_D075_DENS_MED_V_LOW_S030,G2_D075_DENS_MED_V_LOW,30,7.56900024414,17.0447715764,8.49700871188,0,0,30.2760009766,
G2_D075_DENS_MED_V_LOW_S030,G2_D075_DENS_MED_V_LOW,30,7.57801532745,12.6938412676,7.12675538523,0,0,30.3120613098,
G2_D075_DENS_MED_V_LOW_S030,G2_D075_DENS_MED_V_LOW,30,7.58701276779,14.8192273245,4.96143434188,0,0,30.3480510712,
G2_D075_DENS_MED_V_LOW_S030,G2_D075_DENS_MED_V_LOW,30,7.5960111618,9.981780249,3.15918195181,0,0,30.3840446472,
G2_D075_DENS_MED_V_LOW_S030,G2_D075_DENS_MED_V_LOW,30,7.60500907898,14.8469335475,7.58326170312,0,0,30.4200363159,
G2_D075_DENS_MED_V_LOW_S030,G2_D075_DENS_MED_V_LOW,30,7.61401891708,15.4426173422,8.51175906777,0,0,30.4560756683,
G2_D075_DENS_MED_V_LOW_S030,G2_D075_DENS_MED_V_LOW,30,7.62302923203,15.1211763036,5.15591032576,0,0,30.4921169281,
G2_D075_DENS_MED_V_LOW_S030,G2_D075_DENS_MED_V_LOW,30,7.63201189041,14.87520676,3.18979530325,0,0,30.5280475616,
G2_D075_DENS_MED_V_LOW_S030,G2_D075_DENS_MED_V_LOW,30,7.64101409912,17.2038955727,5.04959105531,0,0,30.5640563965,
G2_D075_DENS_MED_V_LOW_S030,G2_D075_DENS_MED_V_LOW,30,7.65000295639,10.7003073444,4.30997149391,0,0,30.6000118256,
G2_D075_DENS_MED_V_LOW_S030,G2_D075_DENS_MED_V_LOW,30,7.65900278091,12.2661521468,4.19831760028,0,0,30.6360111237,
G2_D075_DENS_MED_V_LOW_S030,G2_D075_DENS_MED_V_LOW,30,7.66801548004,17.2237357837,4.12683495835,0,0,30.6720619202,
G2_D075_DENS_MED_V_LOW_S030,G2_D075_DENS_MED_V_LOW,30,7.67703008652,15.1937730625,5.40760068386,0,0,30.7081203461,
G2_D075_DENS_MED_V_LOW_S030,G2_D075_DENS_MED_V_LOW,30,7.68601942062,10.5518467293,4.14223932424,0,0,30.7440776825,
G2_D075_DENS_MED_V_LOW_S030,G2_D075_DENS_MED_V_LOW,30,7.69500112534,14.3255883741,5.6872956462,0,0,30.7800045013,
G2_D075_DENS_MED_V_LOW_S030,G2_D075_DENS_MED_V_LOW,30,7.70400619507,15.0104055684,5.03610381512,0,0,30.8160247803,
G2_D075_DENS_MED_V_LOW_S030,G2_D075_DENS_MED_V_LOW,30,7.71301031113,13.227688946,1.18737533509,0,0,30.8520412445,
G2_D075_DENS_MED_V_LOW_S030,G2_D075_DENS_MED_V_LOW,30,7.72200012207,13.1872945372,0.859172697145,0,0,30.8880004883,
G2_D075_DENS_MED_V_LOW_S030,G2_D075_DENS_MED_V_LOW,30,7.7310128212,16.0924746059,0.230996335201,0,0,30.9240512848,
G2_D075_DENS_MED_V_LOW_S030,G2_D075_DENS_MED_V_LOW,30,7.74001312256,13.8135471334,5.54878089535,0,0,30.9600524902,
G2_D075_DENS_MED_V_LOW_S030,G2_D075_DENS_MED_V_LOW,30,7.74900770187,14.5078097315,4.65682509217,0,0,30.9960308075,
G2_D075_DENS_MED_V_LOW_S030,G2_D075_DENS_MED_V_LOW,30,7.75802946091,15.6799129414,2.78369867411,0,0,31.0321178436,
G2_D075_DENS_MED_V_LOW_S030,G2_D075_DENS_MED_V_LOW,30,7.76701974869,14.8111789474,5.3116665667,0,0,31.0680789948,
G2_D075_DENS_MED_V_LOW_S030,G2_D075_DENS_MED_V_LOW,30,7.77601528168,15.3496012251,6.51912365137,0,0,31.1040611267,
G2_D075_DENS_MED_V_LOW_S030,G2_D075_DENS_MED_V_LOW,30,7.78500127792,18.2414675407,6.19210094039,0,0,31.1400051117,
G2_D075_DENS_MED_V_LOW_S030,G2_D075_DENS_MED_V_LOW,30,7.79400920868,18.8419425624,7.26703818238,0,0,31.1760368347,
G2_D075_DENS_MED_V_LOW_S030,G2_D075_DENS_MED_V_LOW,30,7.8030090332,15.8131565755,8.35508727048,0,0,31.2120361328,
G2_D075_DENS_MED_V_LOW_S030,G2_D075_DENS_MED_V_LOW,30,7.81201124191,14.59655077,5.32093651144,0,0,31.2480449677,
G2_D075_DENS_MED_V_LOW_S030,G2_D075_DENS_MED_V_LOW,30,7.82100009918,14.4588275873,5.74036939583,0,0,31.2840003967,
G2_D075_DENS_MED_V_LOW_S030,G2_D075_DENS_MED_V_LOW,30,7.83002471924,14.1349660672,3.59290276689,0,0,31.320098877,
G2_D075_DENS_MED_V_LOW_S030,G2_D075_DENS_MED_V_LOW,30,7.83900880814,14.4588154296,3.83908141602,0,0,31.3560352325,
G2_D075_DENS_MED_V_LOW_S030,G2_D075_DENS_MED_V_LOW,30,7.84800958633,14.1985186254,6.8638119184,0,0,31.3920383453,
G2_D075_DENS_MED_V_LOW_S030,G2_D075_DENS_MED_V_LOW,30,7.85700511932,17.3673255944,10.4374441089,0,0,31.4280204773,
G2_D075_DENS_MED_V_LOW_S030,G2_D075_DENS_MED_V_LOW,30,7.86600351334,14.7026562758,6.5745098908,0,0,31.4640140533,
G2_D075_DENS_MED_V_LOW_S030,G2_D075_DENS_MED_V_LOW,30,7.87502670288,13.7365360354,9.43887846906,0,0,31.5001068115,
G2_D075_DENS_MED_V_LOW_S030,G2_D075_DENS_MED_V_LOW,30,7.88402938843,21.2797696669,9.87591407206,0,0,31.5361175537,
G2_D075_DENS_MED_V_LOW_S030,G2_D075_DENS_MED_V_LOW,30,7.89301729202,15.7760303693,4.97530161364,0,0,31.5720691681,
G2_D075_DENS_MED_V_LOW_S030,G2_D075_DENS_MED_V_LOW,30,7.9020190239,14.0466825992,7.07470285987,0,0,31.6080760956,
G2_D075_DENS_MED_V_LOW_S030,G2_D075_DENS_MED_V_LOW,30,7.91101646423,13.6594133078,4.83453592881,0,0,31.6440658569,
G2_D075_DENS_MED_V_LOW_S030,G2_D075_DENS_MED_V_LOW,30,7.92000293732,8.44338635859,4.29026278901,0,0,31.6800117493,
G2_D075_DENS_MED_V_LOW_S030,G2_D075_DENS_MED_V_LOW,30,7.929022789,15.2673380139,7.20962337696,0,0,31.716091156,
G2_D075_DENS_MED_V_LOW_S030,G2_D075_DENS_MED_V_LOW,30,7.93800783157,16.7755455168,7.16364519105,0,0,31.7520313263,
G2_D075_DENS_MED_V_LOW_S030,G2_D075_DENS_MED_V_LOW,30,7.94700336456,14.7358632916,4.90253609086,0,0,31.7880134583,
G2_D075_DENS_MED_V_LOW_S030,G2_D075_DENS_MED_V_LOW,30,7.95601129532,13.7166482989,3.99276711915,0,0,31.8240451813,
G2_D075_DENS_MED_V_LOW_S030,G2_D075_DENS_MED_V_LOW,30,7.96501684189,17.4582019617,0.124540603406,0,0,31.8600673676,
G2_D075_DENS_MED_V_LOW_S030,G2_D075_DENS_MED_V_LOW,30,7.97400856018,12.9325968924,3.22561802385,0,0,31.8960342407,
G2_D075_DENS_MED_V_LOW_S030,G2_D075_DENS_MED_V_LOW,30,7.98302221298,15.6454536857,5.82485465015,0,0,31.9320888519,
G2_D075_DENS_MED_V_LOW_S030,G2_D075_DENS_MED_V_LOW,30,7.99200963974,14.0319773457,7.93056321554,0,0,31.968038559,
G2_D075_DENS_MED_V_LOW_S030,G2_D075_DENS_MED_V_LOW,30,8.0010137558,15.3503804212,5.95425407788,0,0,32.0040550232,
G2_D075_DENS_MED_V_LOW_S030,G2_D075_DENS_MED_V_LOW,30,8.01002120972,14.4642930123,7.26662300227,0,0,32.0400848389,
G2_D075_DENS_MED_V_LOW_S030,G2_D075_DENS_MED_V_LOW,30,8.01900482178,14.5056788237,3.68774141304,0,0,32.0760192871,
G2_D075_DENS_MED_V_LOW_S030,G2_D075_DENS_MED_V_LOW,30,8.02802658081,14.1895385288,6.27095387507,0,0,32.1121063232,
G2_D075_DENS_MED_V_LOW_S030,G2_D075_DENS_MED_V_LOW,30,8.03700733185,16.3455055448,6.3951229326,0,0,32.1480293274,
G2_D075_DENS_MED_V_LOW_S030,G2_D075_DENS_MED_V_LOW,30,8.04602527618,15.860864375,5.15915196826,0,0,32.1841011047,
G2_D075_DENS_MED_V_LOW_S030,G2_D075_DENS_MED_V_LOW,30,8.05501174927,16.9981867036,6.1798710002,0,0,32.2200469971,
G2_D075_DENS_MED_V_LOW_S030,G2_D075_DENS_MED_V_LOW,30,8.06400489807,15.7890545488,5.12175176551,0,0,32.2560195923,
G2_D075_DENS_MED_V_LOW_S030,G2_D075_DENS_MED_V_LOW,30,8.07301330566,14.8565193171,9.54152864982,0,0,32.2920532227,
G2_D075_DENS_MED_V_LOW_S030,G2_D075_DENS_MED_V_LOW,30,8.08201503754,12.5007830059,2.2193524807,0,0,32.3280601501,
G2_D075_DENS_MED_V_LOW_S030,G2_D075_DENS_MED_V_LOW,30,8.09100818634,15.2841244395,7.50501863623,0,0,32.3640327454,
G2_D075_DENS_MED_V_LOW_S030,G2_D075_DENS_MED_V_LOW,30,8.10000514984,16.0752692934,6.83279222791,0,0,32.4000205994,
G2_D075_DENS_MED_V_LOW_S030,G2_D075_DENS_MED_V_LOW,30,8.10902118683,16.183149819,3.80847779996,0,0,32.4360847473,
G2_D075_DENS_MED_V_LOW_S030,G2_D075_DENS_MED_V_LOW,30,8.11800765991,16.3918693692,6.77479418319,0,0,32.4720306396,
G2_D075_DENS_MED_V_LOW_S030,G2_D075_DENS_MED_V_LOW,30,8.12701702118,16.2711680287,6.06960750035,0,0,32.5080680847,
G2_D075_DENS_MED_V_LOW_S030,G2_D075_DENS_MED_V_LOW,30,8.13603019714,15.6493474556,4.80859611478,0,0,32.5441207886,
G2_D075_DENS_MED_V_LOW_S030,G2_D075_DENS_MED_V_LOW,30,8.14502239227,19.357076272,5.34576778859,0,0,32.5800895691,
G2_D075_DENS_MED_V_LOW_S030,G2_D075_DENS_MED_V_LOW,30,8.1540222168,17.7155079792,6.12750650884,0,0,32.6160888672,
G2_D075_DENS_MED_V_LOW_S030,G2_D075_DENS_MED_V_LOW,30,8.16302871704,14.704925339,6.49886843112,0,0,32.6521148682,
G2_D075_DENS_MED_V_LOW_S030,G2_D075_DENS_MED_V_LOW,30,8.1720085144,16.6813246853,6.10343196115,0,0,32.6880340576,
G2_D075_DENS_MED_V_LOW_S030,G2_D075_DENS_MED_V_LOW,30,8.18101978302,15.9132805081,5.56753965229,0,0,32.7240791321,
G2_D075_DENS_MED_V_LOW_S030,G2_D075_DENS_MED_V_LOW,30,8.19001197815,17.1899186741,9.6710789552,0,0,32.7600479126,
G2_D075_DENS_MED_V_LOW_S030,G2_D075_DENS_MED_V_LOW,30,8.199010849,14.0895571725,2.14228294242,0,0,32.796043396,
G2_D075_DENS_MED_V_LOW_S030,G2_D075_DENS_MED_V_LOW,30,8.20802307129,15.0537686589,7.67731105649,0,0,32.8320922852,
G2_D075_DENS_MED_V_LOW_S030,G2_D075_DENS_MED_V_LOW,30,8.21702861786,11.4316696229,4.84543172203,0,0,32.8681144714,
G2_D075_DENS_MED_V_LOW_S030,G2_D075_DENS_MED_V_LOW,30,8.22601985931,14.7609865625,4.85624095462,0,0,32.9040794373,
G2_D075_DENS_MED_V_LOW_S030,G2_D075_DENS_MED_V_LOW,30,8.23500347137,15.6795891053,5.74975388141,0,0,32.9400138855,
G2_D075_DENS_MED_V_LOW_S030,G2_D075_DENS_MED_V_LOW,30,8.24401664734,14.4047447482,5.7321075477,0,0,32.9760665894,
G2_D075_DENS_MED_V_LOW_S030,G2_D075_DENS_MED_V_LOW,30,8.25302028656,16.0972835167,6.57612320713,0,0,33.0120811462,
G2_D075_DENS_MED_V_LOW_S030,G2_D075_DENS_MED_V_LOW,30,8.2620267868,20.5881198625,9.25919984455,0,0,33.0481071472,
G2_D075_DENS_MED_V_LOW_S030,G2_D075_DENS_MED_V_LOW,30,8.27099990845,20.5057173907,9.08876500524,0,0,33.0839996338,
G2_D075_DENS_MED_V_LOW_S030,G2_D075_DENS_MED_V_LOW,30,8.28002166748,18.9982415584,7.05243506706,0,0,33.1200866699,
G2_D075_DENS_MED_V_LOW_S030,G2_D075_DENS_MED_V_LOW,30,8.28902435303,18.8638749977,8.11849185164,0,0,33.1560974121,
G2_D075_DENS_MED_V_LOW_S030,G2_D075_DENS_MED_V_LOW,30,8.29802894592,15.6007853036,7.71744730106,0,0,33.1921157837,
G2_D075_DENS_MED_V_LOW_S030,G2_D075_DENS_MED_V_LOW,30,8.30700397491,11.1260037127,5.68908974188,0,0,33.2280158997,
G2_D075_DENS_MED_V_LOW_S030,G2_D075_DENS_MED_V_LOW,30,8.31600284576,16.0987369108,6.61593723329,0,0,33.2640113831,
G2_D075_DENS_MED_V_LOW_S030,G2_D075_DENS_MED_V_LOW,30,8.3250169754,16.3639476239,7.78458204301,0,0,33.3000679016,
G2_D075_DENS_MED_V_LOW_S030,G2_D075_DENS_MED_V_LOW,30,8.3340139389,17.2935616993,8.03519960607,0,0,33.3360557556,
G2_D075_DENS_MED_V_LOW_S030,G2_D075_DENS_MED_V_LOW,30,8.34301567078,14.9854635573,3.38695446965,0,0,33.3720626831,
G2_D075_DENS_MED_V_LOW_S030,G2_D075_DENS_MED_V_LOW,30,8.35200786591,13.5061050983,5.93651841015,0,0,33.4080314636,
G2_D075_DENS_MED_V_LOW_S030,G2_D075_DENS_MED_V_LOW,30,8.36101150513,15.0398912321,4.97333998229,0,0,33.4440460205,
G2_D075_DENS_MED_V_LOW_S030,G2_D075_DENS_MED_V_LOW,30,8.3700094223,16.6780995872,7.64064823459,0,0,33.4800376892,
G2_D075_DENS_MED_V_LOW_S030,G2_D075_DENS_MED_V_LOW,30,8.37902641296,18.0675222404,5.71415940934,0,0,33.5161056519,
G2_D075_DENS_MED_V_LOW_S030,G2_D075_DENS_MED_V_LOW,30,8.38801002502,15.4907252395,7.57143265246,0,0,33.5520401001,
G2_D075_DENS_MED_V_LOW_S030,G2_D075_DENS_MED_V_LOW,30,8.39700984955,18.5655832666,10.2832275397,0,0,33.5880393982,
G2_D075_DENS_MED_V_LOW_S030,G2_D075_DENS_MED_V_LOW,30,8.40602588654,13.4750709897,4.08691510541,0,0,33.6241035461,
G2_D075_DENS_MED_V_LOW_S030,G2_D075_DENS_MED_V_LOW,30,8.41502380371,17.2947653085,6.46647318465,0,0,33.6600952148,
G2_D075_DENS_MED_V_LOW_S030,G2_D075_DENS_MED_V_LOW,30,8.4240026474,15.5167360202,5.90692889485,0,0,33.6960105896,
G2_D075_DENS_MED_V_LOW_S030,G2_D075_DENS_MED_V_LOW,30,8.43301200867,16.2172045559,5.94184117753,0,0,33.7320480347,
G2_D075_DENS_MED_V_LOW_S030,G2_D075_DENS_MED_V_LOW,30,8.44202518463,14.0237731294,2.19556940041,0,0,33.7681007385,
G2_D075_DENS_MED_V_LOW_S030,G2_D075_DENS_MED_V_LOW,30,8.45101547241,15.7410925436,8.06414298583,0,0,33.8040618896,
G2_D075_DENS_MED_V_LOW_S030,G2_D075_DENS_MED_V_LOW,30,8.46001148224,15.3548732326,6.26842801325,0,0,33.840045929,
G2_D075_DENS_MED_V_LOW_S030,G2_D075_DENS_MED_V_LOW,30,8.4690284729,15.5653921179,1.80227824476,0,0,33.8761138916,
G2_D075_DENS_MED_V_LOW_S030,G2_D075_DENS_MED_V_LOW,30,8.47802829742,15.2711378382,7.2870240052,0,0,33.9121131897,
G2_D075_DENS_MED_V_LOW_S030,G2_D075_DENS_MED_V_LOW,30,8.48702335358,17.5206724874,3.27571781895,0,0,33.9480934143,
G2_D075_DENS_MED_V_LOW_S030,G2_D075_DENS_MED_V_LOW,30,8.49602985382,15.6591653262,3.84824873482,0,0,33.9841194153,
G2_D075_DENS_MED_V_LOW_S030,G2_D075_DENS_MED_V_LOW,30,8.5050163269,11.5592179416,4.51941515311,0,0,34.0200653076,
G2_D075_DENS_MED_V_LOW_S030,G2_D075_DENS_MED_V_LOW,30,8.51400661469,15.9520093162,5.39458723712,0,0,34.0560264587,
G2_D075_DENS_MED_V_LOW_S030,G2_D075_DENS_MED_V_LOW,30,8.52300071716,15.7989851541,6.32563790594,0,0,34.0920028687,
G2_D075_DENS_MED_V_LOW_S030,G2_D075_DENS_MED_V_LOW,30,8.53200244904,16.4249360191,8.69588500363,0,0,34.1280097961,
G2_D075_DENS_MED_V_LOW_S030,G2_D075_DENS_MED_V_LOW,30,8.5410118103,15.4074529417,6.66547074116,0,0,34.1640472412,
G2_D075_DENS_MED_V_LOW_S030,G2_D075_DENS_MED_V_LOW,30,8.55001926422,14.225421337,5.26660953494,0,0,34.2000770569,
G2_D075_DENS_MED_V_LOW_S030,G2_D075_DENS_MED_V_LOW,30,8.55900859833,19.3619260768,5.27241250082,0,0,34.2360343933,
G2_D075_DENS_MED_V_LOW_S030,G2_D075_DENS_MED_V_LOW,30,8.56801891327,19.6695173197,9.16684351806,0,0,34.2720756531,
G2_D075_DENS_MED_V_LOW_S030,G2_D075_DENS_MED_V_LOW,30,8.57702827454,16.2779387453,3.97844080748,0,0,34.3081130981,
G2_D075_DENS_MED_V_LOW_S030,G2_D075_DENS_MED_V_LOW,30,8.58600711823,16.5693039207,6.86874936896,0,0,34.3440284729,
G2_D075_DENS_MED_V_LOW_S030,G2_D075_DENS_MED_V_LOW,30,8.59501934052,17.5078052523,5.76890456541,0,0,34.3800773621,
G2_D075_DENS_MED_V_LOW_S030,G2_D075_DENS_MED_V_LOW,30,8.60401058197,16.2569170299,3.79407049805,0,0,34.4160423279,
G2_D075_DENS_MED_V_LOW_S030,G2_D075_DENS_MED_V_LOW,30,8.61301898956,17.3541356285,6.00770008234,0,0,34.4520759583,
G2_D075_DENS_MED_V_LOW_S030,G2_D075_DENS_MED_V_LOW,30,8.62200450897,15.5501077171,3.92657332806,0,0,34.4880180359,
G2_D075_DENS_MED_V_LOW_S030,G2_D075_DENS_MED_V_LOW,30,8.63100624084,18.8830597998,9.00594920899,0,0,34.5240249634,
G2_D075_DENS_MED_V_LOW_S030,G2_D075_DENS_MED_V_LOW,30,8.64002418518,16.1943514534,5.53355342939,0,0,34.5600967407,
G2_D075_DENS_MED_V_LOW_S030,G2_D075_DENS_MED_V_LOW,30,8.64902114868,15.953320134,4.75248928907,0,0,34.5960845947,
G2_D075_DENS_MED_V_LOW_S030,G2_D075_DENS_MED_V_LOW,30,8.65801525116,15.6056118983,5.28095778935,0,0,34.6320610046,
G2_D075_DENS_MED_V_LOW_S030,G2_D075_DENS_MED_V_LOW,30,8.66702365875,16.6811246363,5.68104682113,0,0,34.668094635,
G2_D075_DENS_MED_V_LOW_S030,G2_D075_DENS_MED_V_LOW,30,8.67600154877,15.5148073718,6.13778923149,0,0,34.7040061951,
G2_D075_DENS_MED_V_LOW_S030,G2_D075_DENS_MED_V_LOW,30,8.68501567841,16.4403729434,4.99819261301,0,0,34.7400627136,
G2_D075_DENS_MED_V_LOW_S030,G2_D075_DENS_MED_V_LOW,30,8.69401073456,18.6611867567,9.5569394931,0,0,34.7760429382,
G2_D075_DENS_MED_V_LOW_S030,G2_D075_DENS_MED_V_LOW,30,8.7030210495,16.0014125579,5.32934186189,0,0,34.812084198,
G2_D075_DENS_MED_V_LOW_S030,G2_D075_DENS_MED_V_LOW,30,8.71201515198,15.7273853241,6.75356037009,0,0,34.8480606079,
G2_D075_DENS_MED_V_LOW_S030,G2_D075_DENS_MED_V_LOW,30,8.72101974487,15.322705145,6.48256162719,0,0,34.8840789795,
G2_D075_DENS_MED_V_LOW_S030,G2_D075_DENS_MED_V_LOW,30,8.7300195694,13.6102543247,5.57935654876,0,0,34.9200782776,
G2_D075_DENS_MED_V_LOW_S030,G2_D075_DENS_MED_V_LOW,30,8.73900032043,18.7946845967,5.96875151615,0,0,34.9560012817,
G2_D075_DENS_MED_V_LOW_S030,G2_D075_DENS_MED_V_LOW,30,8.74801921844,17.5348582769,5.37808929318,0,0,34.9920768738,
G2_D075_DENS_MED_V_LOW_S030,G2_D075_DENS_MED_V_LOW,30,8.75702571869,16.5774782954,7.29605785169,0,0,35.0281028748,
G2_D075_DENS_MED_V_LOW_S030,G2_D075_DENS_MED_V_LOW,30,8.76601600647,15.7915092928,7.28411446302,0,0,35.0640640259,
G2_D075_DENS_MED_V_LOW_S030,G2_D075_DENS_MED_V_LOW,30,8.77500534058,18.6061434618,6.42893419174,0,0,35.1000213623,
G2_D075_DENS_MED_V_LOW_S030,G2_D075_DENS_MED_V_LOW,30,8.78402709961,15.4697786806,5.28768197233,0,0,35.1361083984,
G2_D075_DENS_MED_V_LOW_S030,G2_D075_DENS_MED_V_LOW,30,8.79300880432,15.8453600309,7.2110362277,0,0,35.1720352173,
G2_D075_DENS_MED_V_LOW_S030,G2_D075_DENS_MED_V_LOW,30,8.80200958252,18.2342547271,1.67799142278,0,0,35.2080383301,
G2_D075_DENS_MED_V_LOW_S030,G2_D075_DENS_MED_V_LOW,30,8.81100463867,14.757071793,5.71366938431,0,0,35.2440185547,
G2_D075_DENS_MED_V_LOW_S030,G2_D075_DENS_MED_V_LOW,30,8.82001495361,16.9601497774,6.37947319803,0,0,35.2800598145,
G2_D075_DENS_MED_V_LOW_S030,G2_D075_DENS_MED_V_LOW,30,8.82901954651,17.3451710053,6.58251651,0,0,35.316078186,
G2_D075_DENS_MED_V_LOW_S030,G2_D075_DENS_MED_V_LOW,30,8.83802700043,17.4667145407,6.25706904492,0,0,35.3521080017,
G2_D075_DENS_MED_V_LOW_S030,G2_D075_DENS_MED_V_LOW,30,8.84701633453,16.1641042775,2.98631925314,0,0,35.3880653381,
G2_D075_DENS_MED_V_LOW_S030,G2_D075_DENS_MED_V_LOW,30,8.8560295105,18.3776986458,7.55517053308,0,0,35.424118042,
G2_D075_DENS_MED_V_LOW_S030,G2_D075_DENS_MED_V_LOW,30,8.865026474,16.416791486,4.69450301162,0,0,35.460105896,
G2_D075_DENS_MED_V_LOW_S030,G2_D075_DENS_MED_V_LOW,30,8.8740196228,17.2108586015,8.71281006675,0,0,35.4960784912,
G2_D075_DENS_MED_V_LOW_S030,G2_D075_DENS_MED_V_LOW,30,8.8830165863,13.7759313047,5.16880371393,0,0,35.5320663452,
G2_D075_DENS_MED_V_LOW_S030,G2_D075_DENS_MED_V_LOW,30,8.8920249939,15.9498308829,5.24880526734,0,0,35.5680999756,
G2_D075_DENS_MED_V_LOW_S030,G2_D075_DENS_MED_V_LOW,30,8.90101528168,17.2359067159,6.29334990964,0,0,35.6040611267,
G2_D075_DENS_MED_V_LOW_S030,G2_D075_DENS_MED_V_LOW,30,8.91001701355,16.8208129404,6.13624590546,0,0,35.6400680542,
G2_D075_DENS_MED_V_LOW_S030,G2_D075_DENS_MED_V_LOW,30,8.91901683807,15.6809806058,1.72632557448,0,0,35.6760673523,
G2_D075_DENS_MED_V_LOW_S030,G2_D075_DENS_MED_V_LOW,30,8.92802047729,17.0567457754,0.323606104088,0,0,35.7120819092,
G2_D075_DENS_MED_V_LOW_S030,G2_D075_DENS_MED_V_LOW,30,8.93701648712,15.3106027379,7.12070600566,0,0,35.7480659485,
G2_D075_DENS_MED_V_LOW_S030,G2_D075_DENS_MED_V_LOW,30,8.94601726532,11.6535305083,4.90163457228,0,0,35.7840690613,
G2_D075_DENS_MED_V_LOW_S030,G2_D075_DENS_MED_V_LOW,30,8.95502376556,15.3117709794,5.05141749589,0,0,35.8200950623,
G2_D075_DENS_MED_V_LOW_S030,G2_D075_DENS_MED_V_LOW,30,8.96401691437,17.5024171943,5.14613735555,0,0,35.8560676575,
G2_D075_DENS_MED_V_LOW_S030,G2_D075_DENS_MED_V_LOW,30,8.97300052643,17.7002368414,4.52979519776,0,0,35.8920021057,
G2_D075_DENS_MED_V_LOW_S030,G2_D075_DENS_MED_V_LOW,30,8.98202514648,8.99369717899,4.82593187064,0,0,35.9281005859,
G2_D075_DENS_MED_V_LOW_S030,G2_D075_DENS_MED_V_LOW,30,8.99100112915,20.8841812139,9.76780075753,0,0,35.9640045166,
G2_D075_DENS_MED_V_LOW_S030,G2_D075_DENS_MED_V_LOW,30,9,12.5931647137,5.50295427592,0,0,36,
