run_id,scenario_id,S,z_m,qb_MPa,qs_kPa,ALLKE,ALLIE,time_s,walltime_h
MC_G2_D075_DENS_LOW_V_REF_S015,MC_G2_D075_DENS_LOW_V_REF,15,0,0,0,0,0,0,
MC_G2_D075_DENS_LOW_V_REF_S015,MC_G2_D075_DENS_LOW_V_REF,15,0.00904078502208,0,0,0,0,0.0180815700442,
MC_G2_D075_DENS_LOW_V_REF_S015,MC_G2_D075_DENS_LOW_V_REF,15,0.0180318169296,0.335567145083,112.347920976,0,0,0.0360636338592,
MC_G2_D075_DENS_LOW_V_REF_S015,MC_G2_D075_DENS_LOW_V_REF,15,0.0270399786532,0,0,0,0,0.0540799573064,
MC_G2_D075_DENS_LOW_V_REF_S015,MC_G2_D075_DENS_LOW_V_REF,15,0.0360050834715,0.637952764094,19.3157500057,0,0,0.0720101669431,
MC_G2_D075_DENS_LOW_V_REF_S015,MC_G2_D075_DENS_LOW_V_REF,15,0.0450132414699,0.18020218269,0.000150665163761,0,0,0.0900264829397,
MC_G2_D075_DENS_LOW_V_REF_S015,MC_G2_D075_DENS_LOW_V_REF,15,0.0540214255452,0,0,0,0,0.10804285109,
MC_G2_D075_DENS_LOW_V_REF_S015,MC_G2_D075_DENS_LOW_V_REF,15,0.0630296245217,0.611945782596,17.7281511527,0,0,0.126059249043,
MC_G2_D075_DENS_LOW_V_REF_S015,MC_G2_D075_DENS_LOW_V_REF,15,0.0720377862453,0,0,0,0,0.144075572491,
MC_G2_D075_DENS_LOW_V_REF_S015,MC_G2_D075_DENS_LOW_V_REF,15,0.0810028761625,0.121981245992,7.27928833641e-05,0,0,0.162005752325,
MC_G2_D075_DENS_LOW_V_REF_S015,MC_G2_D075_DENS_LOW_V_REF,15,0.0900110676885,0.602466323531,16.3119048223,0,0,0.180022135377,
MC_G2_D075_DENS_LOW_V_REF_S015,MC_G2_D075_DENS_LOW_V_REF,15,0.0990192294121,0,0,0,0,0.198038458824,
MC_G2_D075_DENS_LOW_V_REF_S015,MC_G2_D075_DENS_LOW_V_REF,15,0.108027428389,0.420568318674,1.75523233807,0,0,0.216054856777,
MC_G2_D075_DENS_LOW_V_REF_S015,MC_G2_D075_DENS_LOW_V_REF,15,0.117035582662,0.484318059085,12.3958018119,0,0,0.234071165323,
MC_G2_D075_DENS_LOW_V_REF_S015,MC_G2_D075_DENS_LOW_V_REF,15,0.126000627875,0.00136200636966,3.5186234463e-07,0,0,0.252001255751,
MC_G2_D075_DENS_LOW_V_REF_S015,MC_G2_D075_DENS_LOW_V_REF,15,0.135008826852,0.746402765967,13.3563983008,0,0,0.270017653704,
MC_G2_D075_DENS_LOW_V_REF_S015,MC_G2_D075_DENS_LOW_V_REF,15,0.144016951323,0.273648670873,0.00013163916413,0,0,0.288033902645,
MC_G2_D075_DENS_LOW_V_REF_S015,MC_G2_D075_DENS_LOW_V_REF,15,0.153025120497,0.16484673556,6.10159298739e-06,0,0,0.306050240993,
MC_G2_D075_DENS_LOW_V_REF_S015,MC_G2_D075_DENS_LOW_V_REF,15,0.162033304572,0.703771760537,8.35472684465,0,0,0.324066609144,
MC_G2_D075_DENS_LOW_V_REF_S015,MC_G2_D075_DENS_LOW_V_REF,15,0.171041429043,0.15267918819,1.48141996317e-05,0,0,0.342082858086,
MC_G2_D075_DENS_LOW_V_REF_S015,MC_G2_D075_DENS_LOW_V_REF,15,0.18000651896,0.264366566701,6.57379703738e-05,0,0,0.36001303792,
MC_G2_D075_DENS_LOW_V_REF_S015,MC_G2_D075_DENS_LOW_V_REF,15,0.189014673233,0.55789364852,6.28227014216,0,0,0.378029346466,
MC_G2_D075_DENS_LOW_V_REF_S015,MC_G2_D075_DENS_LOW_V_REF,15,0.198022812605,0.127290952618,3.79943841223e-06,0,0,0.39604562521,
MC_G2_D075_DENS_LOW_V_REF_S015,MC_G2_D075_DENS_LOW_V_REF,15,0.207031011581,0.507661543927,0.086892378693,0,0,0.414062023163,
MC_G2_D075_DENS_LOW_V_REF_S015,MC_G2_D075_DENS_LOW_V_REF,15,0.216039165854,0.42153160673,0.399546936171,0,0,0.432078331709,
MC_G2_D075_DENS_LOW_V_REF_S015,MC_G2_D075_DENS_LOW_V_REF,15,0.225004211068,0.150231455624,7.65599139012e-06,0,0,0.450008422136,
MC_G2_D075_DENS_LOW_V_REF_S015,MC_G2_D075_DENS_LOW_V_REF,15,0.234012410045,0.562843270541,3.06127048579,0,0,0.468024820089,
MC_G2_D075_DENS_LOW_V_REF_S015,MC_G2_D075_DENS_LOW_V_REF,15,0.243020549417,0.277086459091,5.66276607029e-05,0,0,0.486041098833,
MC_G2_D075_DENS_LOW_V_REF_S015,MC_G2_D075_DENS_LOW_V_REF,15,0.25202870369,0.223788670399,2.06036101484e-05,0,0,0.504057407379,
MC_G2_D075_DENS_LOW_V_REF_S015,MC_G2_D075_DENS_LOW_V_REF,15,0.261036902666,0.629846016413,4.34310749064,0,0,0.522073805332,
MC_G2_D075_DENS_LOW_V_REF_S015,MC_G2_D075_DENS_LOW_V_REF,15,0.27000194788,0.187064288979,2.27786886419e-05,0,0,0.54000389576,
MC_G2_D075_DENS_LOW_V_REF_S015,MC_G2_D075_DENS_LOW_V_REF,15,0.279010117054,0.331507243403,0.0768563749787,0,0,0.558020234108,
MC_G2_D075_DENS_LOW_V_REF_S015,MC_G2_D075_DENS_LOW_V_REF,15,0.288018286228,0.556998367426,3.75151760549,0,0,0.576036572456,
MC_G2_D075_DENS_LOW_V_REF_S015,MC_G2_D075_DENS_LOW_V_REF,15,0.297026455402,0.165145358311,1.49679948929e-06,0,0,0.594052910805,
MC_G2_D075_DENS_LOW_V_REF_S015,MC_G2_D075_DENS_LOW_V_REF,15,0.306034624577,0.382832674759,0.363259774962,0,0,0.612069249153,
MC_G2_D075_DENS_LOW_V_REF_S015,MC_G2_D075_DENS_LOW_V_REF,15,0.315042793751,0.41097574493,8.43704156931e-05,0,0,0.630085587502,
MC_G2_D075_DENS_LOW_V_REF_S015,MC_G2_D075_DENS_LOW_V_REF,15,0.324007868767,0.208740584345,1.23820604088e-05,0,0,0.648015737534,
MC_G2_D075_DENS_LOW_V_REF_S015,MC_G2_D075_DENS_LOW_V_REF,15,0.333016037941,0.619653952143,2.52351553605,0,0,0.666032075882,
MC_G2_D075_DENS_LOW_V_REF_S015,MC_G2_D075_DENS_LOW_V_REF,15,0.342024207115,0.366988641295,1.78333203897e-05,0,0,0.68404841423,
MC_G2_D075_DENS_LOW_V_REF_S015,MC_G2_D075_DENS_LOW_V_REF,15,0.351032376289,0.263923226239,0.166584692066,0,0,0.702064752579,
MC_G2_D075_DENS_LOW_V_REF_S015,MC_G2_D075_DENS_LOW_V_REF,15,0.360040575266,0.641376391389,1.50206110475,0,0,0.720081150532,
MC_G2_D075_DENS_LOW_V_REF_S015,MC_G2_D075_DENS_LOW_V_REF,15,0.36900562048,0.243049613355,3.73314332867e-05,0,0,0.738011240959,
MC_G2_D075_DENS_LOW_V_REF_S015,MC_G2_D075_DENS_LOW_V_REF,15,0.378013789654,0.423976921577,1.340002911,0,0,0.756027579308,
MC_G2_D075_DENS_LOW_V_REF_S015,MC_G2_D075_DENS_LOW_V_REF,15,0.38702198863,0.599904578278,3.85733832782,0,0,0.774043977261,
MC_G2_D075_DENS_LOW_V_REF_S015,MC_G2_D075_DENS_LOW_V_REF,15,0.396030128002,0.294550968258,3.10251510366e-05,0,0,0.792060256004,
MC_G2_D075_DENS_LOW_V_REF_S015,MC_G2_D075_DENS_LOW_V_REF,15,0.405038326979,0.523121160177,2.36793910026,0,0,0.810076653957,
MC_G2_D075_DENS_LOW_V_REF_S015,MC_G2_D075_DENS_LOW_V_REF,15,0.414003401995,0.544290632705,2.12642095788,0,0,0.828006803989,
MC_G2_D075_DENS_LOW_V_REF_S015,MC_G2_D075_DENS_LOW_V_REF,15,0.423011571169,0.357542512204,1.95278586202e-05,0,0,0.846023142338,
MC_G2_D075_DENS_LOW_V_REF_S015,MC_G2_D075_DENS_LOW_V_REF,15,0.432019740343,0.627356940864,3.89259147273,0,0,0.864039480686,
MC_G2_D075_DENS_LOW_V_REF_S015,MC_G2_D075_DENS_LOW_V_REF,15,0.441027909517,0.385753140333,0.13839386508,0,0,0.882055819035,
MC_G2_D075_DENS_LOW_V_REF_S015,MC_G2_D075_DENS_LOW_V_REF,15,0.450036078691,0.416198223733,1.14952210477,0,0,0.900072157383,
MC_G2_D075_DENS_LOW_V_REF_S015,MC_G2_D075_DENS_LOW_V_REF,15,0.45900118351,0.668433077103,3.34392126679,0,0,0.91800236702,
MC_G2_D075_DENS_LOW_V_REF_S015,MC_G2_D075_DENS_LOW_V_REF,15,0.468009352684,0.349539726411,0.859900442787,0,0,0.936018705368,
MC_G2_D075_DENS_LOW_V_REF_S015,MC_G2_D075_DENS_LOW_V_REF,15,0.477017521858,0.518184421141,1.77110709773,0,0,0.954035043716,
MC_G2_D075_DENS_LOW_V_REF_S015,MC_G2_D075_DENS_LOW_V_REF,15,0.486025691032,0.667043648924,2.20916552661,0,0,0.972051382065,
MC_G2_D075_DENS_LOW_V_REF_S015,MC_G2_D075_DENS_LOW_V_REF,15,0.495033860207,0.391760617736,0.0928682242328,0,0,0.990067720413,
MC_G2_D075_DENS_LOW_V_REF_S015,MC_G2_D075_DENS_LOW_V_REF,15,0.504042029381,0.616213608052,1.55684391673,0,0,1.00808405876,
MC_G2_D075_DENS_LOW_V_REF_S015,MC_G2_D075_DENS_LOW_V_REF,15,0.513007104397,0.531298228922,1.99759974961,0,0,1.02601420879,
MC_G2_D075_DENS_LOW_V_REF_S015,MC_G2_D075_DENS_LOW_V_REF,15,0.522015273571,0.455895846065,0.484188381694,0,0,1.04403054714,
MC_G2_D075_DENS_LOW_V_REF_S015,MC_G2_D075_DENS_LOW_V_REF,15,0.53102350235,0.691975851012,2.46916097804,0,0,1.0620470047,
MC_G2_D075_DENS_LOW_V_REF_S015,MC_G2_D075_DENS_LOW_V_REF,15,0.540031671524,0.506614464661,0.861389707752,0,0,1.08006334305,
MC_G2_D075_DENS_LOW_V_REF_S015,MC_G2_D075_DENS_LOW_V_REF,15,0.549039840698,0.478755061926,0.88173467684,0,0,1.0980796814,
MC_G2_D075_DENS_LOW_V_REF_S015,MC_G2_D075_DENS_LOW_V_REF,15,0.558004915714,0.543681609461,1.99865568624,0,0,1.11600983143,
MC_G2_D075_DENS_LOW_V_REF_S015,MC_G2_D075_DENS_LOW_V_REF,15,0.567013084888,0.445982890105,0.63395755911,0,0,1.13402616978,
MC_G2_D075_DENS_LOW_V_REF_S015,MC_G2_D075_DENS_LOW_V_REF,15,0.576021254063,0.527661738798,1.28431733213,0,0,1.15204250813,
MC_G2_D075_DENS_LOW_V_REF_S015,MC_G2_D075_DENS_LOW_V_REF,15,0.585029423237,0.554243722789,1.38408372376,0,0,1.17005884647,
MC_G2_D075_DENS_LOW_V_REF_S015,MC_G2_D075_DENS_LOW_V_REF,15,0.594037652016,0.520082571793,0.992225863858,0,0,1.18807530403,
MC_G2_D075_DENS_LOW_V_REF_S015,MC_G2_D075_DENS_LOW_V_REF,15,0.603002727032,0.609995858233,2.24599466414,0,0,1.20600545406,
MC_G2_D075_DENS_LOW_V_REF_S015,MC_G2_D075_DENS_LOW_V_REF,15,0.612010896206,0.630109202321,1.36907943805,0,0,1.22402179241,
MC_G2_D075_DENS_LOW_V_REF_S015,MC_G2_D075_DENS_LOW_V_REF,15,0.62101906538,0.503221058844,1.11325683783,0,0,1.24203813076,
MC_G2_D075_DENS_LOW_V_REF_S015,MC_G2_D075_DENS_LOW_V_REF,15,0.630027234554,0.68167402233,1.69795113767,0,0,1.26005446911,
MC_G2_D075_DENS_LOW_V_REF_S015,MC_G2_D075_DENS_LOW_V_REF,15,0.639035403728,0.519132166722,1.23322084394,0,0,1.27807080746,
MC_G2_D075_DENS_LOW_V_REF_S015,MC_G2_D075_DENS_LOW_V_REF,15,0.648000478745,0.549797987804,1.10511207968,0,0,1.29600095749,
MC_G2_D075_DENS_LOW_V_REF_S015,MC_G2_D075_DENS_LOW_V_REF,15,0.657008707523,0.690787162531,1.76290610036,0,0,1.31401741505,
MC_G2_D075_DENS_LOW_V_REF_S015,MC_G2_D075_DENS_LOW_V_REF,15,0.666016876698,0.546600831637,0.65535178089,0,0,1.3320337534,
MC_G2_D075_DENS_LOW_V_REF_S015,MC_G2_D075_DENS_LOW_V_REF,15,0.675025045872,0.717571405929,1.42526986706,0,0,1.35005009174,
MC_G2_D075_DENS_LOW_V_REF_S015,MC_G2_D075_DENS_LOW_V_REF,15,0.684033215046,0.680533964526,1.68111920488,0,0,1.36806643009,
MC_G2_D075_DENS_LOW_V_REF_S015,MC_G2_D075_DENS_LOW_V_REF,15,0.69304138422,0.604007239033,0.912650926858,0,0,1.38608276844,
MC_G2_D075_DENS_LOW_V_REF_S015,MC_G2_D075_DENS_LOW_V_REF,15,0.702006459236,0.652722190842,0.98155668297,0,0,1.40401291847,
MC_G2_D075_DENS_LOW_V_REF_S015,MC_G2_D075_DENS_LOW_V_REF,15,0.71101462841,0.653501663228,1.07227323513,0,0,1.42202925682,
MC_G2_D075_DENS_LOW_V_REF_S015,MC_G2_D075_DENS_LOW_V_REF,15,0.720022857189,0.646169345264,1.6224204404,0,0,1.44004571438,
MC_G2_D075_DENS_LOW_V_REF_S015,MC_G2_D075_DENS_LOW_V_REF,15,0.729031026363,0.7213681217,1.59094030759,0,0,1.45806205273,
MC_G2_D075_DENS_LOW_V_REF_S015,MC_G2_D075_DENS_LOW_V_REF,15,0.738039195538,0.623845239544,1.22881979457,0,0,1.47607839108,
MC_G2_D075_DENS_LOW_V_REF_S015,MC_G2_D075_DENS_LOW_V_REF,15,0.747004270554,0.68033847473,1.1686003851,0,0,1.49400854111,
MC_G2_D075_DENS_LOW_V_REF_S015,MC_G2_D075_DENS_LOW_V_REF,15,0.756012439728,0.709019867155,1.42144016494,0,0,1.51202487946,
MC_G2_D075_DENS_LOW_V_REF_S015,MC_G2_D075_DENS_LOW_V_REF,15,0.765020608902,0.639495821003,0.987376299967,0,0,1.5300412178,
MC_G2_D075_DENS_LOW_V_REF_S015,MC_G2_D075_DENS_LOW_V_REF,15,0.774028837681,0.712985132432,1.30454837981,0,0,1.54805767536,
MC_G2_D075_DENS_LOW_V_REF_S015,MC_G2_D075_DENS_LOW_V_REF,15,0.783037006855,0.657961939061,1.09708775746,0,0,1.56607401371,
MC_G2_D075_DENS_LOW_V_REF_S015,MC_G2_D075_DENS_LOW_V_REF,15,0.792002081871,0.652789334333,0.788023402197,0,0,1.58400416374,
MC_G2_D075_DENS_LOW_V_REF_S015,MC_G2_D075_DENS_LOW_V_REF,15,0.801010251045,0.746073541809,1.18324092945,0,0,1.60202050209,
MC_G2_D075_DENS_LOW_V_REF_S015,MC_G2_D075_DENS_LOW_V_REF,15,0.810018420219,0.632106513964,0.706773963795,0,0,1.62003684044,
MC_G2_D075_DENS_LOW_V_REF_S015,MC_G2_D075_DENS_LOW_V_REF,15,0.819026648998,0.67313153273,1.26759516221,0,0,1.638053298,
MC_G2_D075_DENS_LOW_V_REF_S015,MC_G2_D075_DENS_LOW_V_REF,15,0.828034818172,0.72471465832,1.48436474966,0,0,1.65606963634,
MC_G2_D075_DENS_LOW_V_REF_S015,MC_G2_D075_DENS_LOW_V_REF,15,0.837042987347,0.607963869602,2.03693143885,0,0,1.67408597469,
MC_G2_D075_DENS_LOW_V_REF_S015,MC_G2_D075_DENS_LOW_V_REF,15,0.846008062363,0.748930939475,3.26031454782,0,0,1.69201612473,
MC_G2_D075_DENS_LOW_V_REF_S015,MC_G2_D075_DENS_LOW_V_REF,15,0.855016231537,0.814144055708,2.73627432745,0,0,1.71003246307,
MC_G2_D075_DENS_LOW_V_REF_S015,MC_G2_D075_DENS_LOW_V_REF,15,0.864024400711,0.632049455812,1.45271491252,0,0,1.72804880142,
MC_G2_D075_DENS_LOW_V_REF_S015,MC_G2_D075_DENS_LOW_V_REF,15,0.87303262949,0.830395751019,2.09556175991,0,0,1.74606525898,
MC_G2_D075_DENS_LOW_V_REF_S015,MC_G2_D075_DENS_LOW_V_REF,15,0.882040798664,0.72067934829,1.42721727886,0,0,1.76408159733,
MC_G2_D075_DENS_LOW_V_REF_S015,MC_G2_D075_DENS_LOW_V_REF,15,0.89100587368,0.857318840526,1.9158207664,0,0,1.78201174736,
MC_G2_D075_DENS_LOW_V_REF_S015,MC_G2_D075_DENS_LOW_V_REF,15,0.900014042854,0.882004020879,2.21886144498,0,0,1.80002808571,
MC_G2_D075_DENS_LOW_V_REF_S015,MC_G2_D075_DENS_LOW_V_REF,15,0.909022212029,0.829690675279,1.74209465131,0,0,1.81804442406,
MC_G2_D075_DENS_LOW_V_REF_S015,MC_G2_D075_DENS_LOW_V_REF,15,0.918030381203,0.822597987739,1.96910399791,0,0,1.83606076241,
MC_G2_D075_DENS_LOW_V_REF_S015,MC_G2_D075_DENS_LOW_V_REF,15,0.927038609982,0.801022545766,1.3387757126,0,0,1.85407721996,
MC_G2_D075_DENS_LOW_V_REF_S015,MC_G2_D075_DENS_LOW_V_REF,15,0.936003684998,0.769492183151,1.85999653791,0,0,1.87200737,
MC_G2_D075_DENS_LOW_V_REF_S015,MC_G2_D075_DENS_LOW_V_REF,15,0.945011854172,0.804962804928,1.58115726048,0,0,1.89002370834,
MC_G2_D075_DENS_LOW_V_REF_S015,MC_G2_D075_DENS_LOW_V_REF,15,0.954020023346,0.828959280948,2.93513972033,0,0,1.90804004669,
MC_G2_D075_DENS_LOW_V_REF_S015,MC_G2_D075_DENS_LOW_V_REF,15,0.96302819252,0.767822023336,1.89536070079,0,0,1.92605638504,
MC_G2_D075_DENS_LOW_V_REF_S015,MC_G2_D075_DENS_LOW_V_REF,15,0.972036361694,0.89052426747,2.10018680198,0,0,1.94407272339,
MC_G2_D075_DENS_LOW_V_REF_S015,MC_G2_D075_DENS_LOW_V_REF,15,0.98100143671,0.838445716858,2.47688377476,0,0,1.96200287342,
MC_G2_D075_DENS_LOW_V_REF_S015,MC_G2_D075_DENS_LOW_V_REF,15,0.990009665489,0.882530599929,2.34376013418,0,0,1.98001933098,
MC_G2_D075_DENS_LOW_V_REF_S015,MC_G2_D075_DENS_LOW_V_REF,15,0.999017834663,0.894024018354,2.3725509829,0,0,1.99803566933,
MC_G2_D075_DENS_LOW_V_REF_S015,MC_G2_D075_DENS_LOW_V_REF,15,1.00802600384,0.830417648639,2.12905196518,0,0,2.01605200768,
MC_G2_D075_DENS_LOW_V_REF_S015,MC_G2_D075_DENS_LOW_V_REF,15,1.01703417301,0.814545258793,1.048188854,0,0,2.03406834602,
MC_G2_D075_DENS_LOW_V_REF_S015,MC_G2_D075_DENS_LOW_V_REF,15,1.02604234219,0.894040251606,2.14540016712,0,0,2.05208468437,
MC_G2_D075_DENS_LOW_V_REF_S015,MC_G2_D075_DENS_LOW_V_REF,15,1.03500747681,1.00882826751,2.78390917034,0,0,2.07001495361,
MC_G2_D075_DENS_LOW_V_REF_S015,MC_G2_D075_DENS_LOW_V_REF,15,1.04401564598,0.915223677823,2.11839557218,0,0,2.08803129196,
MC_G2_D075_DENS_LOW_V_REF_S015,MC_G2_D075_DENS_LOW_V_REF,15,1.05302381516,0.898754940484,1.89898094155,0,0,2.10604763031,
MC_G2_D075_DENS_LOW_V_REF_S015,MC_G2_D075_DENS_LOW_V_REF,15,1.06203198433,0.92531578671,2.5626208505,0,0,2.12406396866,
MC_G2_D075_DENS_LOW_V_REF_S015,MC_G2_D075_DENS_LOW_V_REF,15,1.0710401535,0.980452474686,2.01590129733,0,0,2.14208030701,
MC_G2_D075_DENS_LOW_V_REF_S015,MC_G2_D075_DENS_LOW_V_REF,15,1.08000516891,0.795757584198,2.50052066234,0,0,2.16001033783,
MC_G2_D075_DENS_LOW_V_REF_S015,MC_G2_D075_DENS_LOW_V_REF,15,1.0890134573,0.83932327953,2.06473683827,0,0,2.1780269146,
MC_G2_D075_DENS_LOW_V_REF_S015,MC_G2_D075_DENS_LOW_V_REF,15,1.09802162647,0.967688165357,2.79715633281,0,0,2.19604325294,
MC_G2_D075_DENS_LOW_V_REF_S015,MC_G2_D075_DENS_LOW_V_REF,15,1.10702979565,0.966363117562,3.0371478245,0,0,2.21405959129,
MC_G2_D075_DENS_LOW_V_REF_S015,MC_G2_D075_DENS_LOW_V_REF,15,1.11603796482,1.00852598365,2.37977528401,0,0,2.23207592964,
MC_G2_D075_DENS_LOW_V_REF_S015,MC_G2_D075_DENS_LOW_V_REF,15,1.12500298023,1.00072863483,2.00757623051,0,0,2.25000596046,
MC_G2_D075_DENS_LOW_V_REF_S015,MC_G2_D075_DENS_LOW_V_REF,15,1.13401114941,1.10774783101,2.24631965359,0,0,2.26802229881,
MC_G2_D075_DENS_LOW_V_REF_S015,MC_G2_D075_DENS_LOW_V_REF,15,1.14301943779,0.963382623495,1.76254384226,0,0,2.28603887558,
MC_G2_D075_DENS_LOW_V_REF_S015,MC_G2_D075_DENS_LOW_V_REF,15,1.15202760696,1.13792288981,2.39194326293,0,0,2.30405521393,
MC_G2_D075_DENS_LOW_V_REF_S015,MC_G2_D075_DENS_LOW_V_REF,15,1.16103577614,1.06200308069,1.83441492829,0,0,2.32207155228,
MC_G2_D075_DENS_LOW_V_REF_S015,MC_G2_D075_DENS_LOW_V_REF,15,1.17000079155,1.11694317363,1.60065052751,0,0,2.3400015831,
MC_G2_D075_DENS_LOW_V_REF_S015,MC_G2_D075_DENS_LOW_V_REF,15,1.17900896072,1.13606718738,1.80797443017,0,0,2.35801792145,
MC_G2_D075_DENS_LOW_V_REF_S015,MC_G2_D075_DENS_LOW_V_REF,15,1.1880171299,0.961073771578,1.65603337835,0,0,2.3760342598,
MC_G2_D075_DENS_LOW_V_REF_S015,MC_G2_D075_DENS_LOW_V_REF,15,1.19702529907,1.02479253066,3.73084787219,0,0,2.39405059814,
MC_G2_D075_DENS_LOW_V_REF_S015,MC_G2_D075_DENS_LOW_V_REF,15,1.20603358746,1.17864320699,2.51632582501,0,0,2.41206717491,
MC_G2_D075_DENS_LOW_V_REF_S015,MC_G2_D075_DENS_LOW_V_REF,15,1.21504175663,1.0627416591,2.96097689692,0,0,2.43008351326,
MC_G2_D075_DENS_LOW_V_REF_S015,MC_G2_D075_DENS_LOW_V_REF,15,1.22400677204,1.13410068438,2.99611642022,0,0,2.44801354408,
MC_G2_D075_DENS_LOW_V_REF_S015,MC_G2_D075_DENS_LOW_V_REF,15,1.23301494122,1.10913035142,2.57566576662,0,0,2.46602988243,
MC_G2_D075_DENS_LOW_V_REF_S015,MC_G2_D075_DENS_LOW_V_REF,15,1.24202311039,1.11093790671,2.13337850627,0,0,2.48404622078,
MC_G2_D075_DENS_LOW_V_REF_S015,MC_G2_D075_DENS_LOW_V_REF,15,1.25103127956,1.06194546992,2.14085829595,0,0,2.50206255913,
MC_G2_D075_DENS_LOW_V_REF_S015,MC_G2_D075_DENS_LOW_V_REF,15,1.26003944874,1.04713286963,1.56873957189,0,0,2.52007889748,
MC_G2_D075_DENS_LOW_V_REF_S015,MC_G2_D075_DENS_LOW_V_REF,15,1.26900458336,1.13936744197,2.28567146176,0,0,2.53800916672,
MC_G2_D075_DENS_LOW_V_REF_S015,MC_G2_D075_DENS_LOW_V_REF,15,1.27801275253,0.984719609364,1.71519734482,0,0,2.55602550507,
MC_G2_D075_DENS_LOW_V_REF_S015,MC_G2_D075_DENS_LOW_V_REF,15,1.28702092171,1.18091641483,1.89524819003,0,0,2.57404184341,
MC_G2_D075_DENS_LOW_V_REF_S015,MC_G2_D075_DENS_LOW_V_REF,15,1.29602909088,1.18211974778,2.46710748323,0,0,2.59205818176,
MC_G2_D075_DENS_LOW_V_REF_S015,MC_G2_D075_DENS_LOW_V_REF,15,1.30503726006,1.03992931243,2.4407618288,0,0,2.61007452011,
MC_G2_D075_DENS_LOW_V_REF_S015,MC_G2_D075_DENS_LOW_V_REF,15,1.31400239468,1.30180454129,3.31025902914,0,0,2.62800478935,
MC_G2_D075_DENS_LOW_V_REF_S015,MC_G2_D075_DENS_LOW_V_REF,15,1.32301056385,1.13963808826,2.91384599078,0,0,2.6460211277,
MC_G2_D075_DENS_LOW_V_REF_S015,MC_G2_D075_DENS_LOW_V_REF,15,1.33201873302,1.17856584,2.65488355308,0,0,2.66403746605,
MC_G2_D075_DENS_LOW_V_REF_S015,MC_G2_D075_DENS_LOW_V_REF,15,1.3410269022,1.20855383648,2.82160929239,0,0,2.6820538044,
MC_G2_D075_DENS_LOW_V_REF_S015,MC_G2_D075_DENS_LOW_V_REF,15,1.35003507137,1.21326106497,3.24452517667,0,0,2.70007014275,
MC_G2_D075_DENS_LOW_V_REF_S015,MC_G2_D075_DENS_LOW_V_REF,15,1.35900020599,1.26827299869,3.2614945971,0,0,2.71800041199,
MC_G2_D075_DENS_LOW_V_REF_S015,MC_G2_D075_DENS_LOW_V_REF,15,1.36800837517,1.26240858113,2.20578743395,0,0,2.73601675034,
MC_G2_D075_DENS_LOW_V_REF_S015,MC_G2_D075_DENS_LOW_V_REF,15,1.37701654434,1.24176292454,2.27492980042,0,0,2.75403308868,
MC_G2_D075_DENS_LOW_V_REF_S015,MC_G2_D075_DENS_LOW_V_REF,15,1.38602471352,1.38823216869,2.84250386859,0,0,2.77204942703,
MC_G2_D075_DENS_LOW_V_REF_S015,MC_G2_D075_DENS_LOW_V_REF,15,1.39503288269,1.3465140937,2.27324038966,0,0,2.79006576538,
MC_G2_D075_DENS_LOW_V_REF_S015,MC_G2_D075_DENS_LOW_V_REF,15,1.40404105186,1.45151642925,2.40101407903,0,0,2.80808210373,
MC_G2_D075_DENS_LOW_V_REF_S015,MC_G2_D075_DENS_LOW_V_REF,15,1.41300606728,1.34482196719,2.09935986494,0,0,2.82601213455,
MC_G2_D075_DENS_LOW_V_REF_S015,MC_G2_D075_DENS_LOW_V_REF,15,1.42201435566,1.38373756126,2.25652926104,0,0,2.84402871132,
MC_G2_D075_DENS_LOW_V_REF_S015,MC_G2_D075_DENS_LOW_V_REF,15,1.43102252483,1.41712694203,3.80461325905,0,0,2.86204504967,
MC_G2_D075_DENS_LOW_V_REF_S015,MC_G2_D075_DENS_LOW_V_REF,15,1.44003069401,1.17952892083,2.81395800121,0,0,2.88006138802,
MC_G2_D075_DENS_LOW_V_REF_S015,MC_G2_D075_DENS_LOW_V_REF,15,1.44903886318,1.26250266491,2.68961044275,0,0,2.89807772636,
MC_G2_D075_DENS_LOW_V_REF_S015,MC_G2_D075_DENS_LOW_V_REF,15,1.45800387859,1.25027508905,3.33066579417,0,0,2.91600775719,
MC_G2_D075_DENS_LOW_V_REF_S015,MC_G2_D075_DENS_LOW_V_REF,15,1.46701204777,1.31573308561,3.18106320317,0,0,2.93402409554,
MC_G2_D075_DENS_LOW_V_REF_S015,MC_G2_D075_DENS_LOW_V_REF,15,1.47602021694,1.56023763004,4.76749421663,0,0,2.95204043388,
MC_G2_D075_DENS_LOW_V_REF_S015,MC_G2_D075_DENS_LOW_V_REF,15,1.48502838612,1.4906983868,3.37336177491,0,0,2.97005677223,
MC_G2_D075_DENS_LOW_V_REF_S015,MC_G2_D075_DENS_LOW_V_REF,15,1.49403655529,1.28983642114,2.36945855827,0,0,2.98807311058,
MC_G2_D075_DENS_LOW_V_REF_S015,MC_G2_D075_DENS_LOW_V_REF,15,1.50300168991,1.44775929498,2.74566691438,0,0,3.00600337982,
MC_G2_D075_DENS_LOW_V_REF_S015,MC_G2_D075_DENS_LOW_V_REF,15,1.51200985909,1.4478297542,2.12201002732,0,0,3.02401971817,
MC_G2_D075_DENS_LOW_V_REF_S015,MC_G2_D075_DENS_LOW_V_REF,15,1.52101802826,1.37859997891,2.42517389281,0,0,3.04203605652,
MC_G2_D075_DENS_LOW_V_REF_S015,MC_G2_D075_DENS_LOW_V_REF,15,1.53002619743,1.3475607585,2.04430837117,0,0,3.06005239487,
MC_G2_D075_DENS_LOW_V_REF_S015,MC_G2_D075_DENS_LOW_V_REF,15,1.53903436661,1.38872151488,2.30549005722,0,0,3.07806873322,
MC_G2_D075_DENS_LOW_V_REF_S015,MC_G2_D075_DENS_LOW_V_REF,15,1.54804253578,1.67697446507,2.11209465477,0,0,3.09608507156,
MC_G2_D075_DENS_LOW_V_REF_S015,MC_G2_D075_DENS_LOW_V_REF,15,1.5570076704,1.40028097155,2.62433919056,0,0,3.11401534081,
MC_G2_D075_DENS_LOW_V_REF_S015,MC_G2_D075_DENS_LOW_V_REF,15,1.56601583958,1.55575877231,3.66839679225,0,0,3.13203167915,
MC_G2_D075_DENS_LOW_V_REF_S015,MC_G2_D075_DENS_LOW_V_REF,15,1.57502400875,1.39421664323,3.27837298309,0,0,3.1500480175,
MC_G2_D075_DENS_LOW_V_REF_S015,MC_G2_D075_DENS_LOW_V_REF,15,1.58403217793,1.44832255427,3.34713890475,0,0,3.16806435585,
MC_G2_D075_DENS_LOW_V_REF_S015,MC_G2_D075_DENS_LOW_V_REF,15,1.5930403471,1.45709804284,3.51158878464,0,0,3.1860806942,
MC_G2_D075_DENS_LOW_V_REF_S015,MC_G2_D075_DENS_LOW_V_REF,15,1.60200548172,1.36434041441,2.70743868762,0,0,3.20401096344,
MC_G2_D075_DENS_LOW_V_REF_S015,MC_G2_D075_DENS_LOW_V_REF,15,1.61101365089,1.50530375409,2.83406095345,0,0,3.22202730179,
MC_G2_D075_DENS_LOW_V_REF_S015,MC_G2_D075_DENS_LOW_V_REF,15,1.62002182007,1.5101733151,2.70409362235,0,0,3.24004364014,
MC_G2_D075_DENS_LOW_V_REF_S015,MC_G2_D075_DENS_LOW_V_REF,15,1.62902998924,1.49365477276,2.56743648138,0,0,3.25805997849,
MC_G2_D075_DENS_LOW_V_REF_S015,MC_G2_D075_DENS_LOW_V_REF,15,1.63803815842,1.66966950186,2.88710797448,0,0,3.27607631683,
MC_G2_D075_DENS_LOW_V_REF_S015,MC_G2_D075_DENS_LOW_V_REF,15,1.64700317383,1.67971560502,2.87418033327,0,0,3.29400634766,
MC_G2_D075_DENS_LOW_V_REF_S015,MC_G2_D075_DENS_LOW_V_REF,15,1.656011343,1.39494140611,2.50344650389,0,0,3.312022686,
MC_G2_D075_DENS_LOW_V_REF_S015,MC_G2_D075_DENS_LOW_V_REF,15,1.66501951218,1.57356823808,3.00276848379,0,0,3.33003902435,
MC_G2_D075_DENS_LOW_V_REF_S015,MC_G2_D075_DENS_LOW_V_REF,15,1.67402768135,1.70937990356,2.34964341916,0,0,3.3480553627,
MC_G2_D075_DENS_LOW_V_REF_S015,MC_G2_D075_DENS_LOW_V_REF,15,1.68303585052,1.53848382953,3.11813346919,0,0,3.36607170105,
MC_G2_D075_DENS_LOW_V_REF_S015,MC_G2_D075_DENS_LOW_V_REF,15,1.69200098515,1.53836819352,3.360757071,0,0,3.38400197029,
MC_G2_D075_DENS_LOW_V_REF_S015,MC_G2_D075_DENS_LOW_V_REF,15,1.70100915432,1.45165209779,3.60460605724,0,0,3.40201830864,
MC_G2_D075_DENS_LOW_V_REF_S015,MC_G2_D075_DENS_LOW_V_REF,15,1.71001732349,1.50604937842,3.86769211285,0,0,3.42003464699,
MC_G2_D075_DENS_LOW_V_REF_S015,MC_G2_D075_DENS_LOW_V_REF,15,1.71902549267,1.64653898347,3.60582020123,0,0,3.43805098534,
MC_G2_D075_DENS_LOW_V_REF_S015,MC_G2_D075_DENS_LOW_V_REF,15,1.72803366184,1.66395981828,3.72168938126,0,0,3.45606732368,
MC_G2_D075_DENS_LOW_V_REF_S015,MC_G2_D075_DENS_LOW_V_REF,15,1.73704183102,1.56114434349,2.68474940694,0,0,3.47408366203,
MC_G2_D075_DENS_LOW_V_REF_S015,MC_G2_D075_DENS_LOW_V_REF,15,1.74600696564,1.64937807555,2.31523567166,0,0,3.49201393127,
MC_G2_D075_DENS_LOW_V_REF_S015,MC_G2_D075_DENS_LOW_V_REF,15,1.75501513481,1.6948647517,3.03258118314,0,0,3.51003026962,
MC_G2_D075_DENS_LOW_V_REF_S015,MC_G2_D075_DENS_LOW_V_REF,15,1.76402330399,1.79612017648,3.87623527937,0,0,3.52804660797,
MC_G2_D075_DENS_LOW_V_REF_S015,MC_G2_D075_DENS_LOW_V_REF,15,1.77303147316,1.70956599879,3.28292611652,0,0,3.54606294632,
MC_G2_D075_DENS_LOW_V_REF_S015,MC_G2_D075_DENS_LOW_V_REF,15,1.78203964233,1.59804922485,2.47508079831,0,0,3.56407928467,
MC_G2_D075_DENS_LOW_V_REF_S015,MC_G2_D075_DENS_LOW_V_REF,15,1.79100465775,1.57184834234,3.08630243594,0,0,3.58200931549,
MC_G2_D075_DENS_LOW_V_REF_S015,MC_G2_D075_DENS_LOW_V_REF,15,1.80001282692,1.52830882745,3.36043047417,0,0,3.60002565384,
MC_G2_D075_DENS_LOW_V_REF_S015,MC_G2_D075_DENS_LOW_V_REF,15,1.80902099609,1.61872803871,3.42207336411,0,0,3.61804199219,
MC_G2_D075_DENS_LOW_V_REF_S015,MC_G2_D075_DENS_LOW_V_REF,15,1.81802916527,1.69825674143,4.30456768174,0,0,3.63605833054,
MC_G2_D075_DENS_LOW_V_REF_S015,MC_G2_D075_DENS_LOW_V_REF,15,1.82703745365,1.82672821409,4.70216599705,0,0,3.6540749073,
MC_G2_D075_DENS_LOW_V_REF_S015,MC_G2_D075_DENS_LOW_V_REF,15,1.83600246906,1.54587140963,3.12856898487,0,0,3.67200493813,
MC_G2_D075_DENS_LOW_V_REF_S015,MC_G2_D075_DENS_LOW_V_REF,15,1.84501063824,1.67819037015,3.51983999943,0,0,3.69002127647,
MC_G2_D075_DENS_LOW_V_REF_S015,MC_G2_D075_DENS_LOW_V_REF,15,1.85401880741,1.80618175304,3.61677980577,0,0,3.70803761482,
MC_G2_D075_DENS_LOW_V_REF_S015,MC_G2_D075_DENS_LOW_V_REF,15,1.86302697659,1.66481513794,2.88997181218,0,0,3.72605395317,
MC_G2_D075_DENS_LOW_V_REF_S015,MC_G2_D075_DENS_LOW_V_REF,15,1.87203514576,1.61329480395,3.03155638476,0,0,3.74407029152,
MC_G2_D075_DENS_LOW_V_REF_S015,MC_G2_D075_DENS_LOW_V_REF,15,1.88100028038,1.72939861125,3.57497978745,0,0,3.76200056076,
MC_G2_D075_DENS_LOW_V_REF_S015,MC_G2_D075_DENS_LOW_V_REF,15,1.89000844955,1.84753841368,3.28269282733,0,0,3.78001689911,
MC_G2_D075_DENS_LOW_V_REF_S015,MC_G2_D075_DENS_LOW_V_REF,15,1.89901661873,1.83243499641,3.53914779391,0,0,3.79803323746,
MC_G2_D075_DENS_LOW_V_REF_S015,MC_G2_D075_DENS_LOW_V_REF,15,1.9080247879,1.81340630984,2.40923877739,0,0,3.81604957581,
MC_G2_D075_DENS_LOW_V_REF_S015,MC_G2_D075_DENS_LOW_V_REF,15,1.91703295708,1.79242797522,3.73014420745,0,0,3.83406591415,
MC_G2_D075_DENS_LOW_V_REF_S015,MC_G2_D075_DENS_LOW_V_REF,15,1.92604112625,1.65662100701,3.01715268696,0,0,3.8520822525,
MC_G2_D075_DENS_LOW_V_REF_S015,MC_G2_D075_DENS_LOW_V_REF,15,1.93500614166,2.00793979418,5.48203171179,0,0,3.87001228333,
MC_G2_D075_DENS_LOW_V_REF_S015,MC_G2_D075_DENS_LOW_V_REF,15,1.94401431084,1.82774241239,3.97577335815,0,0,3.88802862167,
MC_G2_D075_DENS_LOW_V_REF_S015,MC_G2_D075_DENS_LOW_V_REF,15,1.95302248001,1.77223684968,3.89890683051,0,0,3.90604496002,
MC_G2_D075_DENS_LOW_V_REF_S015,MC_G2_D075_DENS_LOW_V_REF,15,1.96203064919,1.8276001124,4.23636645528,0,0,3.92406129837,
MC_G2_D075_DENS_LOW_V_REF_S015,MC_G2_D075_DENS_LOW_V_REF,15,1.97103881836,2.00038711846,4.66447948681,0,0,3.94207763672,
MC_G2_D075_DENS_LOW_V_REF_S015,MC_G2_D075_DENS_LOW_V_REF,15,1.98000395298,1.79774944232,3.67995037332,0,0,3.96000790596,
MC_G2_D075_DENS_LOW_V_REF_S015,MC_G2_D075_DENS_LOW_V_REF,15,1.98901212215,1.95517993055,3.56319020706,0,0,3.97802424431,
MC_G2_D075_DENS_LOW_V_REF_S015,MC_G2_D075_DENS_LOW_V_REF,15,1.99802029133,1.87941526987,3.31597487593,0,0,3.99604058266,
MC_G2_D075_DENS_LOW_V_REF_S015,MC_G2_D075_DENS_LOW_V_REF,15,2.00702857971,1.9390950578,3.66342449242,0,0,4.01405715942,
MC_G2_D075_DENS_LOW_V_REF_S015,MC_G2_D075_DENS_LOW_V_REF,15,2.01603674889,1.80598612509,3.42683176229,0,0,4.03207349777,
MC_G2_D075_DENS_LOW_V_REF_S015,MC_G2_D075_DENS_LOW_V_REF,15,2.0250017643,2.02316050532,3.33784251845,0,0,4.05000352859,
MC_G2_D075_DENS_LOW_V_REF_S015,MC_G2_D075_DENS_LOW_V_REF,15,2.03400993347,1.92988507071,3.89998807598,0,0,4.06801986694,
MC_G2_D075_DENS_LOW_V_REF_S015,MC_G2_D075_DENS_LOW_V_REF,15,2.04301810265,1.9110263152,3.99537432291,0,0,4.08603620529,
MC_G2_D075_DENS_LOW_V_REF_S015,MC_G2_D075_DENS_LOW_V_REF,15,2.05202627182,1.89558856203,3.66742782993,0,0,4.10405254364,
MC_G2_D075_DENS_LOW_V_REF_S015,MC_G2_D075_DENS_LOW_V_REF,15,2.06103444099,2.01087269374,5.47633906523,0,0,4.12206888199,
MC_G2_D075_DENS_LOW_V_REF_S015,MC_G2_D075_DENS_LOW_V_REF,15,2.07004261017,2.06055625258,5.15098550908,0,0,4.14008522034,
MC_G2_D075_DENS_LOW_V_REF_S015,MC_G2_D075_DENS_LOW_V_REF,15,2.07900762558,1.94400661803,4.09875047119,0,0,4.15801525116,
MC_G2_D075_DENS_LOW_V_REF_S015,MC_G2_D075_DENS_LOW_V_REF,15,2.08801579475,1.96366252981,3.53981553827,0,0,4.17603158951,
MC_G2_D075_DENS_LOW_V_REF_S015,MC_G2_D075_DENS_LOW_V_REF,15,2.09702396393,2.02200718461,4.29907206719,0,0,4.19404792786,
MC_G2_D075_DENS_LOW_V_REF_S015,MC_G2_D075_DENS_LOW_V_REF,15,2.1060321331,2.01685716828,3.78550843927,0,0,4.2120642662,
MC_G2_D075_DENS_LOW_V_REF_S015,MC_G2_D075_DENS_LOW_V_REF,15,2.11504030228,2.24144399657,3.95487785346,0,0,4.23008060455,
MC_G2_D075_DENS_LOW_V_REF_S015,MC_G2_D075_DENS_LOW_V_REF,15,2.12400531769,2.0529100457,3.61810445549,0,0,4.24801063538,
MC_G2_D075_DENS_LOW_V_REF_S015,MC_G2_D075_DENS_LOW_V_REF,15,2.13301348686,2.22347109305,4.37563162931,0,0,4.26602697372,
MC_G2_D075_DENS_LOW_V_REF_S015,MC_G2_D075_DENS_LOW_V_REF,15,2.14202165604,2.26664587787,3.43221875968,0,0,4.28404331207,
MC_G2_D075_DENS_LOW_V_REF_S015,MC_G2_D075_DENS_LOW_V_REF,15,2.15102982521,2.28019767259,3.55226386241,0,0,4.30205965042,
MC_G2_D075_DENS_LOW_V_REF_S015,MC_G2_D075_DENS_LOW_V_REF,15,2.16003799438,2.17357063033,3.87684761762,0,0,4.32007598877,
MC_G2_D075_DENS_LOW_V_REF_S015,MC_G2_D075_DENS_LOW_V_REF,15,2.16900324821,2.05719479518,4.43882346392,0,0,4.33800649643,
MC_G2_D075_DENS_LOW_V_REF_S015,MC_G2_D075_DENS_LOW_V_REF,15,2.17801141739,2.04117582253,5.14927229749,0,0,4.35602283478,
MC_G2_D075_DENS_LOW_V_REF_S015,MC_G2_D075_DENS_LOW_V_REF,15,2.18701958656,2.11166101533,5.21811757657,0,0,4.37403917313,
MC_G2_D075_DENS_LOW_V_REF_S015,MC_G2_D075_DENS_LOW_V_REF,15,2.19602775574,2.24084343534,4.96142209272,0,0,4.39205551147,
MC_G2_D075_DENS_LOW_V_REF_S015,MC_G2_D075_DENS_LOW_V_REF,15,2.20503592491,2.06295241867,3.41879940622,0,0,4.41007184982,
MC_G2_D075_DENS_LOW_V_REF_S015,MC_G2_D075_DENS_LOW_V_REF,15,2.21400094032,2.41514089365,3.95777441117,0,0,4.42800188065,
MC_G2_D075_DENS_LOW_V_REF_S015,MC_G2_D075_DENS_LOW_V_REF,15,2.2230091095,2.05750495391,3.49360533354,0,0,4.44601821899,
MC_G2_D075_DENS_LOW_V_REF_S015,MC_G2_D075_DENS_LOW_V_REF,15,2.23201727867,2.18270449383,3.94848574398,0,0,4.46403455734,
MC_G2_D075_DENS_LOW_V_REF_S015,MC_G2_D075_DENS_LOW_V_REF,15,2.24102544785,2.23799605394,4.23663992599,0,0,4.48205089569,
MC_G2_D075_DENS_LOW_V_REF_S015,MC_G2_D075_DENS_LOW_V_REF,15,2.25003361702,2.34387733371,4.72443991195,0,0,4.50006723404,
MC_G2_D075_DENS_LOW_V_REF_S015,MC_G2_D075_DENS_LOW_V_REF,15,2.25904178619,2.30561604329,3.92009472377,0,0,4.51808357239,
MC_G2_D075_DENS_LOW_V_REF_S015,MC_G2_D075_DENS_LOW_V_REF,15,2.26800680161,2.35337606544,4.08903465275,0,0,4.53601360321,
MC_G2_D075_DENS_LOW_V_REF_S015,MC_G2_D075_DENS_LOW_V_REF,15,2.27701497078,2.24671849086,4.40210340158,0,0,4.55402994156,
MC_G2_D075_DENS_LOW_V_REF_S015,MC_G2_D075_DENS_LOW_V_REF,15,2.28602313995,2.1264381097,4.47180443114,0,0,4.57204627991,
MC_G2_D075_DENS_LOW_V_REF_S015,MC_G2_D075_DENS_LOW_V_REF,15,2.29503130913,2.43916582967,5.70377662302,0,0,4.59006261826,
MC_G2_D075_DENS_LOW_V_REF_S015,MC_G2_D075_DENS_LOW_V_REF,15,2.3040394783,2.20546959137,5.35103898966,0,0,4.6080789566,
MC_G2_D075_DENS_LOW_V_REF_S015,MC_G2_D075_DENS_LOW_V_REF,15,2.31300449371,2.26650205817,5.44132871362,0,0,4.62600898743,
MC_G2_D075_DENS_LOW_V_REF_S015,MC_G2_D075_DENS_LOW_V_REF,15,2.32201266289,2.23643462237,4.97376600328,0,0,4.64402532578,
MC_G2_D075_DENS_LOW_V_REF_S015,MC_G2_D075_DENS_LOW_V_REF,15,2.33102083206,2.29611551554,4.5034251278,0,0,4.66204166412,
MC_G2_D075_DENS_LOW_V_REF_S015,MC_G2_D075_DENS_LOW_V_REF,15,2.34002900124,2.37620347104,4.82460629121,0,0,4.68005800247,
MC_G2_D075_DENS_LOW_V_REF_S015,MC_G2_D075_DENS_LOW_V_REF,15,2.34903717041,2.36225254556,4.64605809985,0,0,4.69807434082,
MC_G2_D075_DENS_LOW_V_REF_S015,MC_G2_D075_DENS_LOW_V_REF,15,2.35800242424,2.48252947283,4.35241752742,0,0,4.71600484848,
MC_G2_D075_DENS_LOW_V_REF_S015,MC_G2_D075_DENS_LOW_V_REF,15,2.36701059341,2.3929647523,4.35944969611,0,0,4.73402118683,
MC_G2_D075_DENS_LOW_V_REF_S015,MC_G2_D075_DENS_LOW_V_REF,15,2.37601876259,2.42103929742,4.38929241844,0,0,4.75203752518,
MC_G2_D075_DENS_LOW_V_REF_S015,MC_G2_D075_DENS_LOW_V_REF,15,2.38502693176,2.33479969943,3.7557400376,0,0,4.77005386353,
MC_G2_D075_DENS_LOW_V_REF_S015,MC_G2_D075_DENS_LOW_V_REF,15,2.39403510094,2.4256243966,4.43990217213,0,0,4.78807020187,
MC_G2_D075_DENS_LOW_V_REF_S015,MC_G2_D075_DENS_LOW_V_REF,15,2.40300011635,2.44234644174,4.48798542192,0,0,4.8060002327,
MC_G2_D075_DENS_LOW_V_REF_S015,MC_G2_D075_DENS_LOW_V_REF,15,2.41200828552,2.43801527206,4.85481013131,0,0,4.82401657104,
MC_G2_D075_DENS_LOW_V_REF_S015,MC_G2_D075_DENS_LOW_V_REF,15,2.4210164547,2.19636280632,5.35158990837,0,0,4.84203290939,
MC_G2_D075_DENS_LOW_V_REF_S015,MC_G2_D075_DENS_LOW_V_REF,15,2.43002462387,2.48916783656,5.77191486784,0,0,4.86004924774,
MC_G2_D075_DENS_LOW_V_REF_S015,MC_G2_D075_DENS_LOW_V_REF,15,2.43903279305,2.58809810709,5.4547675386,0,0,4.87806558609,
MC_G2_D075_DENS_LOW_V_REF_S015,MC_G2_D075_DENS_LOW_V_REF,15,2.44804096222,2.55111889816,5.50530026545,0,0,4.89608192444,
MC_G2_D075_DENS_LOW_V_REF_S015,MC_G2_D075_DENS_LOW_V_REF,15,2.45700597763,2.39489036132,4.81490826761,0,0,4.91401195526,
MC_G2_D075_DENS_LOW_V_REF_S015,MC_G2_D075_DENS_LOW_V_REF,15,2.4660141468,2.60397132587,5.31135408665,0,0,4.93202829361,
MC_G2_D075_DENS_LOW_V_REF_S015,MC_G2_D075_DENS_LOW_V_REF,15,2.47502231598,2.6958573323,5.04498822793,0,0,4.95004463196,
MC_G2_D075_DENS_LOW_V_REF_S015,MC_G2_D075_DENS_LOW_V_REF,15,2.48403048515,2.5891060884,5.23465074502,0,0,4.96806097031,
MC_G2_D075_DENS_LOW_V_REF_S015,MC_G2_D075_DENS_LOW_V_REF,15,2.49303865433,2.843908455,5.36836739797,0,0,4.98607730865,
MC_G2_D075_DENS_LOW_V_REF_S015,MC_G2_D075_DENS_LOW_V_REF,15,2.50200366974,2.56418839262,4.60365326029,0,0,5.00400733948,
MC_G2_D075_DENS_LOW_V_REF_S015,MC_G2_D075_DENS_LOW_V_REF,15,2.51101183891,2.7359602333,5.05234793563,0,0,5.02202367783,
MC_G2_D075_DENS_LOW_V_REF_S015,MC_G2_D075_DENS_LOW_V_REF,15,2.52002000809,2.65809340108,5.3652538556,0,0,5.04004001617,
MC_G2_D075_DENS_LOW_V_REF_S015,MC_G2_D075_DENS_LOW_V_REF,15,2.52902817726,2.62873815602,5.33180926258,0,0,5.05805635452,
MC_G2_D075_DENS_LOW_V_REF_S015,MC_G2_D075_DENS_LOW_V_REF,15,2.53803634644,2.52781292249,5.32167356481,0,0,5.07607269287,
MC_G2_D075_DENS_LOW_V_REF_S015,MC_G2_D075_DENS_LOW_V_REF,15,2.54700136185,2.72772893859,6.46355306994,0,0,5.09400272369,
MC_G2_D075_DENS_LOW_V_REF_S015,MC_G2_D075_DENS_LOW_V_REF,15,2.55600953102,2.70992983447,5.95070369947,0,0,5.11201906204,
MC_G2_D075_DENS_LOW_V_REF_S015,MC_G2_D075_DENS_LOW_V_REF,15,2.5650177002,2.5974329866,5.80981643425,0,0,5.13003540039,
MC_G2_D075_DENS_LOW_V_REF_S015,MC_G2_D075_DENS_LOW_V_REF,15,2.57402586937,2.73917676575,5.94733708867,0,0,5.14805173874,
MC_G2_D075_DENS_LOW_V_REF_S015,MC_G2_D075_DENS_LOW_V_REF,15,2.58303403854,2.70051620642,4.97634320414,0,0,5.16606807709,
MC_G2_D075_DENS_LOW_V_REF_S015,MC_G2_D075_DENS_LOW_V_REF,15,2.59204220772,2.66879436052,4.99513487938,0,0,5.18408441544,
MC_G2_D075_DENS_LOW_V_REF_S015,MC_G2_D075_DENS_LOW_V_REF,15,2.60100722313,2.99642144233,5.71576637399,0,0,5.20201444626,
MC_G2_D075_DENS_LOW_V_REF_S015,MC_G2_D075_DENS_LOW_V_REF,15,2.6100153923,2.66226210008,4.88781900403,0,0,5.22003078461,
MC_G2_D075_DENS_LOW_V_REF_S015,MC_G2_D075_DENS_LOW_V_REF,15,2.61902356148,2.93858215974,5.43371653801,0,0,5.23804712296,
MC_G2_D075_DENS_LOW_V_REF_S015,MC_G2_D075_DENS_LOW_V_REF,15,2.62803173065,2.67504837611,5.41737126735,0,0,5.2560634613,
MC_G2_D075_DENS_LOW_V_REF_S015,MC_G2_D075_DENS_LOW_V_REF,15,2.63703989983,2.74312938981,5.48389798275,0,0,5.27407979965,
MC_G2_D075_DENS_LOW_V_REF_S015,MC_G2_D075_DENS_LOW_V_REF,15,2.64600515366,2.60360466161,5.21374687827,0,0,5.29201030731,
MC_G2_D075_DENS_LOW_V_REF_S015,MC_G2_D075_DENS_LOW_V_REF,15,2.65501332283,2.6015030427,5.34035123904,0,0,5.31002664566,
MC_G2_D075_DENS_LOW_V_REF_S015,MC_G2_D075_DENS_LOW_V_REF,15,2.664021492,2.58061036438,5.92300292686,0,0,5.32804298401,
MC_G2_D075_DENS_LOW_V_REF_S015,MC_G2_D075_DENS_LOW_V_REF,15,2.67302966118,2.73729923478,5.7459614978,0,0,5.34605932236,
MC_G2_D075_DENS_LOW_V_REF_S015,MC_G2_D075_DENS_LOW_V_REF,15,2.68203783035,2.67894601435,5.59778841736,0,0,5.36407566071,
MC_G2_D075_DENS_LOW_V_REF_S015,MC_G2_D075_DENS_LOW_V_REF,15,2.69100284576,3.04083865805,6.03806968008,0,0,5.38200569153,
MC_G2_D075_DENS_LOW_V_REF_S015,MC_G2_D075_DENS_LOW_V_REF,15,2.70001101494,2.8709147831,5.39097357592,0,0,5.40002202988,
MC_G2_D075_DENS_LOW_V_REF_S015,MC_G2_D075_DENS_LOW_V_REF,15,2.70901918411,2.86426205122,5.44951956165,0,0,5.41803836823,
MC_G2_D075_DENS_LOW_V_REF_S015,MC_G2_D075_DENS_LOW_V_REF,15,2.71802735329,2.84923931667,5.24854650939,0,0,5.43605470657,
MC_G2_D075_DENS_LOW_V_REF_S015,MC_G2_D075_DENS_LOW_V_REF,15,2.72703552246,2.7628786946,5.30171010024,0,0,5.45407104492,
MC_G2_D075_DENS_LOW_V_REF_S015,MC_G2_D075_DENS_LOW_V_REF,15,2.73600053787,3.12820809035,6.82477870905,0,0,5.47200107574,
MC_G2_D075_DENS_LOW_V_REF_S015,MC_G2_D075_DENS_LOW_V_REF,15,2.74500870705,2.73662918142,4.91103491878,0,0,5.49001741409,
MC_G2_D075_DENS_LOW_V_REF_S015,MC_G2_D075_DENS_LOW_V_REF,15,2.75401687622,2.90878509392,6.5828924188,0,0,5.50803375244,
MC_G2_D075_DENS_LOW_V_REF_S015,MC_G2_D075_DENS_LOW_V_REF,15,2.76302504539,2.72157909211,4.99404944723,0,0,5.52605009079,
MC_G2_D075_DENS_LOW_V_REF_S015,MC_G2_D075_DENS_LOW_V_REF,15,2.77203321457,2.83182400807,5.45914362781,0,0,5.54406642914,
MC_G2_D075_DENS_LOW_V_REF_S015,MC_G2_D075_DENS_LOW_V_REF,15,2.78104138374,2.86124501506,5.67406577747,0,0,5.56208276749,
MC_G2_D075_DENS_LOW_V_REF_S015,MC_G2_D075_DENS_LOW_V_REF,15,2.79000639915,2.88847736528,6.43608498743,0,0,5.58001279831,
MC_G2_D075_DENS_LOW_V_REF_S015,MC_G2_D075_DENS_LOW_V_REF,15,2.79901456833,2.85519491674,5.56955741076,0,0,5.59802913666,
MC_G2_D075_DENS_LOW_V_REF_S015,MC_G2_D075_DENS_LOW_V_REF,15,2.8080227375,2.99949539848,5.94852321833,0,0,5.61604547501,
MC_G2_D075_DENS_LOW_V_REF_S015,MC_G2_D075_DENS_LOW_V_REF,15,2.81703090668,3.14734260391,6.60478222839,0,0,5.63406181335,
MC_G2_D075_DENS_LOW_V_REF_S015,MC_G2_D075_DENS_LOW_V_REF,15,2.82603907585,2.97038717515,5.78593306273,0,0,5.6520781517,
MC_G2_D075_DENS_LOW_V_REF_S015,MC_G2_D075_DENS_LOW_V_REF,15,2.83500409126,3.05241911434,5.55491397717,0,0,5.67000818253,
MC_G2_D075_DENS_LOW_V_REF_S015,MC_G2_D075_DENS_LOW_V_REF,15,2.84401226044,3.26450633892,5.55038283855,0,0,5.68802452087,
MC_G2_D075_DENS_LOW_V_REF_S015,MC_G2_D075_DENS_LOW_V_REF,15,2.85302042961,2.93125274303,4.86372565185,0,0,5.70604085922,
MC_G2_D075_DENS_LOW_V_REF_S015,MC_G2_D075_DENS_LOW_V_REF,15,2.86202859879,3.27632221189,6.14024352801,0,0,5.72405719757,
MC_G2_D075_DENS_LOW_V_REF_S015,MC_G2_D075_DENS_LOW_V_REF,15,2.87103676796,3.14700578121,5.28967906466,0,0,5.74207353592,
MC_G2_D075_DENS_LOW_V_REF_S015,MC_G2_D075_DENS_LOW_V_REF,15,2.88000178337,2.98061868277,5.95185238929,0,0,5.76000356674,
MC_G2_D075_DENS_LOW_V_REF_S015,MC_G2_D075_DENS_LOW_V_REF,15,2.88900995255,3.02970306194,5.9420547961,0,0,5.77801990509,
MC_G2_D075_DENS_LOW_V_REF_S015,MC_G2_D075_DENS_LOW_V_REF,15,2.89801812172,3.37076851295,6.80763216864,0,0,5.79603624344,
MC_G2_D075_DENS_LOW_V_REF_S015,MC_G2_D075_DENS_LOW_V_REF,15,2.90702629089,2.99791794089,6.67210361328,0,0,5.81405258179,
MC_G2_D075_DENS_LOW_V_REF_S015,MC_G2_D075_DENS_LOW_V_REF,15,2.91603446007,3.05507749925,6.37831234357,0,0,5.83206892014,
MC_G2_D075_DENS_LOW_V_REF_S015,MC_G2_D075_DENS_LOW_V_REF,15,2.92504262924,3.08687284379,6.26336503583,0,0,5.85008525848,
MC_G2_D075_DENS_LOW_V_REF_S015,MC_G2_D075_DENS_LOW_V_REF,15,2.93400764465,3.01610084052,6.3281630033,0,0,5.86801528931,
MC_G2_D075_DENS_LOW_V_REF_S015,MC_G2_D075_DENS_LOW_V_REF,15,2.94301581383,3.42353003444,6.3117585006,0,0,5.88603162766,
MC_G2_D075_DENS_LOW_V_REF_S015,MC_G2_D075_DENS_LOW_V_REF,15,2.952023983,2.95298374791,5.7443290314,0,0,5.904047966,
MC_G2_D075_DENS_LOW_V_REF_S015,MC_G2_D075_DENS_LOW_V_REF,15,2.96103215218,3.35213108227,6.08800468845,0,0,5.92206430435,
MC_G2_D075_DENS_LOW_V_REF_S015,MC_G2_D075_DENS_LOW_V_REF,15,2.97004032135,3.2509093674,5.57238839636,0,0,5.9400806427,
MC_G2_D075_DENS_LOW_V_REF_S015,MC_G2_D075_DENS_LOW_V_REF,15,2.97900533676,3.17853780169,5.34481017946,0,0,5.95801067352,
MC_G2_D075_DENS_LOW_V_REF_S015,MC_G2_D075_DENS_LOW_V_REF,15,2.98801350594,3.24520880207,5.91755784972,0,0,5.97602701187,
MC_G2_D075_DENS_LOW_V_REF_S015,MC_G2_D075_DENS_LOW_V_REF,15,2.99702167511,3.36829801929,6.01966462866,0,0,5.99404335022,
MC_G2_D075_DENS_LOW_V_REF_S015,MC_G2_D075_DENS_LOW_V_REF,15,3.00602984428,3.16979837166,5.62275989241,0,0,6.01205968857,
MC_G2_D075_DENS_LOW_V_REF_S015,MC_G2_D075_DENS_LOW_V_REF,15,3.01503801346,3.24723222507,6.4796697442,0,0,6.03007602692,
MC_G2_D075_DENS_LOW_V_REF_S015,MC_G2_D075_DENS_LOW_V_REF,15,3.02400302887,3.29633041977,6.73449178225,0,0,6.04800605774,
MC_G2_D075_DENS_LOW_V_REF_S015,MC_G2_D075_DENS_LOW_V_REF,15,3.03301119804,3.17904234496,6.4124221141,0,0,6.06602239609,
MC_G2_D075_DENS_LOW_V_REF_S015,MC_G2_D075_DENS_LOW_V_REF,15,3.04201936722,3.51447934772,6.88317902966,0,0,6.08403873444,
MC_G2_D075_DENS_LOW_V_REF_S015,MC_G2_D075_DENS_LOW_V_REF,15,3.05102753639,3.22870338449,6.36952568729,0,0,6.10205507278,
MC_G2_D075_DENS_LOW_V_REF_S015,MC_G2_D075_DENS_LOW_V_REF,15,3.06003570557,3.3497274558,6.33584221066,0,0,6.12007141113,
MC_G2_D075_DENS_LOW_V_REF_S015,MC_G2_D075_DENS_LOW_V_REF,15,3.06900072098,3.2985851148,5.67254147115,0,0,6.13800144196,
MC_G2_D075_DENS_LOW_V_REF_S015,MC_G2_D075_DENS_LOW_V_REF,15,3.07800889015,3.30313678038,5.48621459081,0,0,6.1560177803,
MC_G2_D075_DENS_LOW_V_REF_S015,MC_G2_D075_DENS_LOW_V_REF,15,3.08701705933,3.34316452488,5.77006891866,0,0,6.17403411865,
MC_G2_D075_DENS_LOW_V_REF_S015,MC_G2_D075_DENS_LOW_V_REF,15,3.0960252285,3.42246955411,5.58388992556,0,0,6.192050457,
MC_G2_D075_DENS_LOW_V_REF_S015,MC_G2_D075_DENS_LOW_V_REF,15,3.10503339767,3.49001535406,6.45685590616,0,0,6.21006679535,
MC_G2_D075_DENS_LOW_V_REF_S015,MC_G2_D075_DENS_LOW_V_REF,15,3.11404156685,3.16721928792,5.96833800827,0,0,6.2280831337,
MC_G2_D075_DENS_LOW_V_REF_S015,MC_G2_D075_DENS_LOW_V_REF,15,3.12300658226,3.39572931319,6.50064374547,0,0,6.24601316452,
MC_G2_D075_DENS_LOW_V_REF_S015,MC_G2_D075_DENS_LOW_V_REF,15,3.13201475143,3.27657973343,5.91949524662,0,0,6.26402950287,
MC_G2_D075_DENS_LOW_V_REF_S015,MC_G2_D075_DENS_LOW_V_REF,15,3.14102292061,3.52605400148,6.69356031697,0,0,6.28204584122,
MC_G2_D075_DENS_LOW_V_REF_S015,MC_G2_D075_DENS_LOW_V_REF,15,3.15003108978,3.00850865237,6.48057242903,0,0,6.30006217957,
MC_G2_D075_DENS_LOW_V_REF_S015,MC_G2_D075_DENS_LOW_V_REF,15,3.15903925896,3.31954134457,6.51723466185,0,0,6.31807851791,
MC_G2_D075_DENS_LOW_V_REF_S015,MC_G2_D075_DENS_LOW_V_REF,15,3.16800427437,3.21856886192,6.16102060627,0,0,6.33600854874,
MC_G2_D075_DENS_LOW_V_REF_S015,MC_G2_D075_DENS_LOW_V_REF,15,3.17701244354,3.5659007625,6.81571230753,0,0,6.35402488708,
MC_G2_D075_DENS_LOW_V_REF_S015,MC_G2_D075_DENS_LOW_V_REF,15,3.18602061272,3.521468626,6.39608270059,0,0,6.37204122543,
MC_G2_D075_DENS_LOW_V_REF_S015,MC_G2_D075_DENS_LOW_V_REF,15,3.19502878189,3.42494557398,6.00224481773,0,0,6.39005756378,
MC_G2_D075_DENS_LOW_V_REF_S015,MC_G2_D075_DENS_LOW_V_REF,15,3.20403695107,3.73165759631,6.47604748164,0,0,6.40807390213,
MC_G2_D075_DENS_LOW_V_REF_S015,MC_G2_D075_DENS_LOW_V_REF,15,3.21300196648,3.496151385,5.81929197568,0,0,6.42600393295,
MC_G2_D075_DENS_LOW_V_REF_S015,MC_G2_D075_DENS_LOW_V_REF,15,3.22201013565,3.40697045998,6.26458074471,0,0,6.4440202713,
MC_G2_D075_DENS_LOW_V_REF_S015,MC_G2_D075_DENS_LOW_V_REF,15,3.23101830482,3.4066187165,6.01810753741,0,0,6.46203660965,
MC_G2_D075_DENS_LOW_V_REF_S015,MC_G2_D075_DENS_LOW_V_REF,15,3.240026474,3.68915714767,6.94255954235,0,0,6.480052948,
MC_G2_D075_DENS_LOW_V_REF_S015,MC_G2_D075_DENS_LOW_V_REF,15,3.24903464317,3.6731598654,6.92829037905,0,0,6.49806928635,
MC_G2_D075_DENS_LOW_V_REF_S015,MC_G2_D075_DENS_LOW_V_REF,15,3.25804281235,3.57235786643,6.32473436308,0,0,6.51608562469,
MC_G2_D075_DENS_LOW_V_REF_S015,MC_G2_D075_DENS_LOW_V_REF,15,3.26700782776,3.43255682756,6.89002825213,0,0,6.53401565552,
MC_G2_D075_DENS_LOW_V_REF_S015,MC_G2_D075_DENS_LOW_V_REF,15,3.27601599693,3.46427508143,7.22888346849,0,0,6.55203199387,
MC_G2_D075_DENS_LOW_V_REF_S015,MC_G2_D075_DENS_LOW_V_REF,15,3.28502416611,3.30436995488,6.30299349165,0,0,6.57004833221,
MC_G2_D075_DENS_LOW_V_REF_S015,MC_G2_D075_DENS_LOW_V_REF,15,3.29403233528,3.56732680184,6.98281630766,0,0,6.58806467056,
MC_G2_D075_DENS_LOW_V_REF_S015,MC_G2_D075_DENS_LOW_V_REF,15,3.30304050446,3.4983770674,6.6411836602,0,0,6.60608100891,
MC_G2_D075_DENS_LOW_V_REF_S015,MC_G2_D075_DENS_LOW_V_REF,15,3.31200551987,3.52881213454,6.5972160527,0,0,6.62401103973,
MC_G2_D075_DENS_LOW_V_REF_S015,MC_G2_D075_DENS_LOW_V_REF,15,3.32101368904,3.56891973282,6.57511654108,0,0,6.64202737808,
MC_G2_D075_DENS_LOW_V_REF_S015,MC_G2_D075_DENS_LOW_V_REF,15,3.33002185822,3.94421620689,7.15034478501,0,0,6.66004371643,
MC_G2_D075_DENS_LOW_V_REF_S015,MC_G2_D075_DENS_LOW_V_REF,15,3.33903002739,3.74607659206,6.4191782654,0,0,6.67806005478,
MC_G2_D075_DENS_LOW_V_REF_S015,MC_G2_D075_DENS_LOW_V_REF,15,3.34803819656,3.79381893032,6.15778627382,0,0,6.69607639313,
MC_G2_D075_DENS_LOW_V_REF_S015,MC_G2_D075_DENS_LOW_V_REF,15,3.35700321198,3.71295412739,6.77714715858,0,0,6.71400642395,
MC_G2_D075_DENS_LOW_V_REF_S015,MC_G2_D075_DENS_LOW_V_REF,15,3.36601138115,3.7838617992,6.90856046769,0,0,6.7320227623,
MC_G2_D075_DENS_LOW_V_REF_S015,MC_G2_D075_DENS_LOW_V_REF,15,3.37501955032,3.50191881751,6.59541965811,0,0,6.75003910065,
MC_G2_D075_DENS_LOW_V_REF_S015,MC_G2_D075_DENS_LOW_V_REF,15,3.3840277195,3.73426541637,7.56562129584,0,0,6.768055439,
MC_G2_D075_DENS_LOW_V_REF_S015,MC_G2_D075_DENS_LOW_V_REF,15,3.39303588867,3.88180757483,7.94211695192,0,0,6.78607177734,
MC_G2_D075_DENS_LOW_V_REF_S015,MC_G2_D075_DENS_LOW_V_REF,15,3.40200090408,3.74236988448,6.76885947933,0,0,6.80400180817,
MC_G2_D075_DENS_LOW_V_REF_S015,MC_G2_D075_DENS_LOW_V_REF,15,3.41100907326,3.8728247151,7.89354291679,0,0,6.82201814651,
MC_G2_D075_DENS_LOW_V_REF_S015,MC_G2_D075_DENS_LOW_V_REF,15,3.42001724243,3.68735366796,6.63225759185,0,0,6.84003448486,
MC_G2_D075_DENS_LOW_V_REF_S015,MC_G2_D075_DENS_LOW_V_REF,15,3.42902541161,3.62254472515,6.32728584529,0,0,6.85805082321,
MC_G2_D075_DENS_LOW_V_REF_S015,MC_G2_D075_DENS_LOW_V_REF,15,3.43803358078,3.90760172803,7.04673845186,0,0,6.87606716156,
MC_G2_D075_DENS_LOW_V_REF_S015,MC_G2_D075_DENS_LOW_V_REF,15,3.44704174995,3.87705889974,7.09200150324,0,0,6.89408349991,
MC_G2_D075_DENS_LOW_V_REF_S015,MC_G2_D075_DENS_LOW_V_REF,15,3.45600676537,3.8267084651,6.67645655624,0,0,6.91201353073,
MC_G2_D075_DENS_LOW_V_REF_S015,MC_G2_D075_DENS_LOW_V_REF,15,3.46501493454,3.91921368373,6.52840519441,0,0,6.93002986908,
MC_G2_D075_DENS_LOW_V_REF_S015,MC_G2_D075_DENS_LOW_V_REF,15,3.47402310371,3.82662225617,7.1294179583,0,0,6.94804620743,
MC_G2_D075_DENS_LOW_V_REF_S015,MC_G2_D075_DENS_LOW_V_REF,15,3.48303127289,3.73067779869,6.08402562768,0,0,6.96606254578,
MC_G2_D075_DENS_LOW_V_REF_S015,MC_G2_D075_DENS_LOW_V_REF,15,3.49203944206,3.79998867116,7.15812291645,0,0,6.98407888412,
MC_G2_D075_DENS_LOW_V_REF_S015,MC_G2_D075_DENS_LOW_V_REF,15,3.50100445747,3.77583414544,7.50511545816,0,0,7.00200891495,
MC_G2_D075_DENS_LOW_V_REF_S015,MC_G2_D075_DENS_LOW_V_REF,15,3.51001262665,3.80302007547,7.91925915906,0,0,7.0200252533,
MC_G2_D075_DENS_LOW_V_REF_S015,MC_G2_D075_DENS_LOW_V_REF,15,3.51902079582,3.77203653166,7.34678993768,0,0,7.03804159164,
MC_G2_D075_DENS_LOW_V_REF_S015,MC_G2_D075_DENS_LOW_V_REF,15,3.52802872658,3.94407280165,7.28935348706,0,0,7.05605745316,
MC_G2_D075_DENS_LOW_V_REF_S015,MC_G2_D075_DENS_LOW_V_REF,15,3.53703689575,3.85789039997,6.80876951102,0,0,7.0740737915,
MC_G2_D075_DENS_LOW_V_REF_S015,MC_G2_D075_DENS_LOW_V_REF,15,3.54600214958,3.86691912726,7.48031420337,0,0,7.09200429916,
MC_G2_D075_DENS_LOW_V_REF_S015,MC_G2_D075_DENS_LOW_V_REF,15,3.55501008034,4.00718464435,7.07080593915,0,0,7.11002016068,
MC_G2_D075_DENS_LOW_V_REF_S015,MC_G2_D075_DENS_LOW_V_REF,15,3.56401824951,3.96306252842,7.1467462802,0,0,7.12803649902,
MC_G2_D075_DENS_LOW_V_REF_S015,MC_G2_D075_DENS_LOW_V_REF,15,3.57302641869,4.03856054931,6.80489730872,0,0,7.14605283737,
MC_G2_D075_DENS_LOW_V_REF_S015,MC_G2_D075_DENS_LOW_V_REF,15,3.58203458786,4.20833687436,7.22542691379,0,0,7.16406917572,
MC_G2_D075_DENS_LOW_V_REF_S015,MC_G2_D075_DENS_LOW_V_REF,15,3.59104275703,3.83556753764,6.56081146643,0,0,7.18208551407,
MC_G2_D075_DENS_LOW_V_REF_S015,MC_G2_D075_DENS_LOW_V_REF,15,3.60000777245,4.33532925604,7.30819219131,0,0,7.20001554489,
MC_G2_D075_DENS_LOW_V_REF_S015,MC_G2_D075_DENS_LOW_V_REF,15,3.60901594162,4.06757537963,7.32140087457,0,0,7.21803188324,
MC_G2_D075_DENS_LOW_V_REF_S015,MC_G2_D075_DENS_LOW_V_REF,15,3.61802411079,4.36879241176,8.15553233678,0,0,7.23604822159,
MC_G2_D075_DENS_LOW_V_REF_S015,MC_G2_D075_DENS_LOW_V_REF,15,3.62703227997,4.33439311551,8.1441813357,0,0,7.25406455994,
MC_G2_D075_DENS_LOW_V_REF_S015,MC_G2_D075_DENS_LOW_V_REF,15,3.63604044914,4.05401930209,8.07054122252,0,0,7.27208089828,
MC_G2_D075_DENS_LOW_V_REF_S015,MC_G2_D075_DENS_LOW_V_REF,15,3.64500546455,4.2119623466,8.19451331712,0,0,7.29001092911,
MC_G2_D075_DENS_LOW_V_REF_S015,MC_G2_D075_DENS_LOW_V_REF,15,3.65401363373,4.13579371973,7.85360209146,0,0,7.30802726746,
MC_G2_D075_DENS_LOW_V_REF_S015,MC_G2_D075_DENS_LOW_V_REF,15,3.6630218029,4.17591623879,7.21118402141,0,0,7.3260436058,
MC_G2_D075_DENS_LOW_V_REF_S015,MC_G2_D075_DENS_LOW_V_REF,15,3.67202997208,3.81823374069,6.67362179193,0,0,7.34405994415,
MC_G2_D075_DENS_LOW_V_REF_S015,MC_G2_D075_DENS_LOW_V_REF,15,3.68103814125,4.07133458622,6.86208533475,0,0,7.3620762825,
MC_G2_D075_DENS_LOW_V_REF_S015,MC_G2_D075_DENS_LOW_V_REF,15,3.69000315666,3.93734353171,7.23597894943,0,0,7.38000631332,
MC_G2_D075_DENS_LOW_V_REF_S015,MC_G2_D075_DENS_LOW_V_REF,15,3.69901132584,4.58224019005,8.45841581065,0,0,7.39802265167,
MC_G2_D075_DENS_LOW_V_REF_S015,MC_G2_D075_DENS_LOW_V_REF,15,3.70801949501,4.20829349359,7.5713942714,0,0,7.41603899002,
MC_G2_D075_DENS_LOW_V_REF_S015,MC_G2_D075_DENS_LOW_V_REF,15,3.71702766418,4.00737225929,7.30320360307,0,0,7.43405532837,
MC_G2_D075_DENS_LOW_V_REF_S015,MC_G2_D075_DENS_LOW_V_REF,15,3.72603583336,4.31926731708,7.7476608269,0,0,7.45207166672,
MC_G2_D075_DENS_LOW_V_REF_S015,MC_G2_D075_DENS_LOW_V_REF,15,3.73500084877,4.28416619174,7.38962848491,0,0,7.47000169754,
MC_G2_D075_DENS_LOW_V_REF_S015,MC_G2_D075_DENS_LOW_V_REF,15,3.74400901794,4.04143666702,7.48619880838,0,0,7.48801803589,
MC_G2_D075_DENS_LOW_V_REF_S015,MC_G2_D075_DENS_LOW_V_REF,15,3.75301718712,4.05888900125,7.76824168022,0,0,7.50603437424,
MC_G2_D075_DENS_LOW_V_REF_S015,MC_G2_D075_DENS_LOW_V_REF,15,3.76202511787,4.07168439553,7.74735937346,0,0,7.52405023575,
MC_G2_D075_DENS_LOW_V_REF_S015,MC_G2_D075_DENS_LOW_V_REF,15,3.77103328705,4.252259494,8.30377522077,0,0,7.5420665741,
MC_G2_D075_DENS_LOW_V_REF_S015,MC_G2_D075_DENS_LOW_V_REF,15,3.78004145622,4.33535743973,7.91339635037,0,0,7.56008291245,
MC_G2_D075_DENS_LOW_V_REF_S015,MC_G2_D075_DENS_LOW_V_REF,15,3.78900647163,3.98862264649,7.30294588274,0,0,7.57801294327,
MC_G2_D075_DENS_LOW_V_REF_S015,MC_G2_D075_DENS_LOW_V_REF,15,3.79801464081,4.49118118144,7.74294615963,0,0,7.59602928162,
MC_G2_D075_DENS_LOW_V_REF_S015,MC_G2_D075_DENS_LOW_V_REF,15,3.80702280998,4.4301176297,7.36338198481,0,0,7.61404561996,
MC_G2_D075_DENS_LOW_V_REF_S015,MC_G2_D075_DENS_LOW_V_REF,15,3.81603097916,4.26438069025,8.20951462607,0,0,7.63206195831,
MC_G2_D075_DENS_LOW_V_REF_S015,MC_G2_D075_DENS_LOW_V_REF,15,3.82503914833,4.40901771838,7.64590937104,0,0,7.65007829666,
MC_G2_D075_DENS_LOW_V_REF_S015,MC_G2_D075_DENS_LOW_V_REF,15,3.83400416374,4.67697799886,7.62547371076,0,0,7.66800832748,
MC_G2_D075_DENS_LOW_V_REF_S015,MC_G2_D075_DENS_LOW_V_REF,15,3.84301233292,4.11474409695,7.57187676986,0,0,7.68602466583,
MC_G2_D075_DENS_LOW_V_REF_S015,MC_G2_D075_DENS_LOW_V_REF,15,3.85202050209,4.42205598973,8.38018356239,0,0,7.70404100418,
MC_G2_D075_DENS_LOW_V_REF_S015,MC_G2_D075_DENS_LOW_V_REF,15,3.86102867126,4.57577838884,8.98163425051,0,0,7.72205734253,
MC_G2_D075_DENS_LOW_V_REF_S015,MC_G2_D075_DENS_LOW_V_REF,15,3.87003684044,4.39124652164,8.37626920538,0,0,7.74007368088,
MC_G2_D075_DENS_LOW_V_REF_S015,MC_G2_D075_DENS_LOW_V_REF,15,3.87900185585,3.99586392009,7.70244242532,0,0,7.7580037117,
MC_G2_D075_DENS_LOW_V_REF_S015,MC_G2_D075_DENS_LOW_V_REF,15,3.88801002502,4.04924133807,7.84951006822,0,0,7.77602005005,
MC_G2_D075_DENS_LOW_V_REF_S015,MC_G2_D075_DENS_LOW_V_REF,15,3.8970181942,4.34856039224,8.33930283405,0,0,7.7940363884,
MC_G2_D075_DENS_LOW_V_REF_S015,MC_G2_D075_DENS_LOW_V_REF,15,3.90602636337,4.33231857503,8.44689196114,0,0,7.81205272675,
MC_G2_D075_DENS_LOW_V_REF_S015,MC_G2_D075_DENS_LOW_V_REF,15,3.91503453255,4.51810848469,7.88753546462,0,0,7.83006906509,
MC_G2_D075_DENS_LOW_V_REF_S015,MC_G2_D075_DENS_LOW_V_REF,15,3.9240424633,4.40320773403,8.27059866032,0,0,7.84808492661,
MC_G2_D075_DENS_LOW_V_REF_S015,MC_G2_D075_DENS_LOW_V_REF,15,3.93300771713,4.31094787926,7.42494704443,0,0,7.86601543427,
MC_G2_D075_DENS_LOW_V_REF_S015,MC_G2_D075_DENS_LOW_V_REF,15,3.94201564789,4.71791839749,8.09632771207,0,0,7.88403129578,
MC_G2_D075_DENS_LOW_V_REF_S015,MC_G2_D075_DENS_LOW_V_REF,15,3.95102381706,4.44683553018,7.73829679864,0,0,7.90204763412,
MC_G2_D075_DENS_LOW_V_REF_S015,MC_G2_D075_DENS_LOW_V_REF,15,3.96003198624,4.77989598491,9.14713377279,0,0,7.92006397247,
MC_G2_D075_DENS_LOW_V_REF_S015,MC_G2_D075_DENS_LOW_V_REF,15,3.96904015541,4.73580067111,8.03952960615,0,0,7.93808031082,
MC_G2_D075_DENS_LOW_V_REF_S015,MC_G2_D075_DENS_LOW_V_REF,15,3.97800517082,4.24400029191,7.85245276428,0,0,7.95601034164,
MC_G2_D075_DENS_LOW_V_REF_S015,MC_G2_D075_DENS_LOW_V_REF,15,3.98701334,4.39897797036,8.43563021727,0,0,7.97402667999,
MC_G2_D075_DENS_LOW_V_REF_S015,MC_G2_D075_DENS_LOW_V_REF,15,3.99602150917,4.70176803911,9.37337916446,0,0,7.99204301834,
MC_G2_D075_DENS_LOW_V_REF_S015,MC_G2_D075_DENS_LOW_V_REF,15,4.00502967834,4.52614000679,9.30193413748,0,0,8.01005935669,
MC_G2_D075_DENS_LOW_V_REF_S015,MC_G2_D075_DENS_LOW_V_REF,15,4.0140376091,4.6460008102,9.21711060094,0,0,8.0280752182,
MC_G2_D075_DENS_LOW_V_REF_S015,MC_G2_D075_DENS_LOW_V_REF,15,4.02300262451,4.40089335589,8.66698378626,0,0,8.04600524902,
MC_G2_D075_DENS_LOW_V_REF_S015,MC_G2_D075_DENS_LOW_V_REF,15,4.0320110321,4.66767848712,7.83074106806,0,0,8.06402206421,
MC_G2_D075_DENS_LOW_V_REF_S015,MC_G2_D075_DENS_LOW_V_REF,15,4.04101896286,4.44236095527,7.41025889498,0,0,8.08203792572,
MC_G2_D075_DENS_LOW_V_REF_S015,MC_G2_D075_DENS_LOW_V_REF,15,4.05002737045,4.74697743751,8.26656839499,0,0,8.10005474091,
MC_G2_D075_DENS_LOW_V_REF_S015,MC_G2_D075_DENS_LOW_V_REF,15,4.05903530121,4.71117475939,7.90638915073,0,0,8.11807060242,
MC_G2_D075_DENS_LOW_V_REF_S015,MC_G2_D075_DENS_LOW_V_REF,15,4.06800031662,4.45520083556,7.54215840809,0,0,8.13600063324,
MC_G2_D075_DENS_LOW_V_REF_S015,MC_G2_D075_DENS_LOW_V_REF,15,4.07700872421,4.42775959448,8.03760799595,0,0,8.15401744843,
MC_G2_D075_DENS_LOW_V_REF_S015,MC_G2_D075_DENS_LOW_V_REF,15,4.08601665497,4.6781915553,8.16853229026,0,0,8.17203330994,
MC_G2_D075_DENS_LOW_V_REF_S015,MC_G2_D075_DENS_LOW_V_REF,15,4.09502506256,4.30526030053,8.37885218875,0,0,8.19005012512,
MC_G2_D075_DENS_LOW_V_REF_S015,MC_G2_D075_DENS_LOW_V_REF,15,4.10403299332,4.49950338236,8.84500088815,0,0,8.20806598663,
MC_G2_D075_DENS_LOW_V_REF_S015,MC_G2_D075_DENS_LOW_V_REF,15,4.11304140091,4.44843481631,9.02191657246,0,0,8.22608280182,
MC_G2_D075_DENS_LOW_V_REF_S015,MC_G2_D075_DENS_LOW_V_REF,15,4.12200641632,4.54392170333,9.22071191227,0,0,8.24401283264,
MC_G2_D075_DENS_LOW_V_REF_S015,MC_G2_D075_DENS_LOW_V_REF,15,4.13101434708,4.55157827186,8.26915377088,0,0,8.26202869415,
MC_G2_D075_DENS_LOW_V_REF_S015,MC_G2_D075_DENS_LOW_V_REF,15,4.14002227783,4.71671589347,9.50375148185,0,0,8.28004455566,
MC_G2_D075_DENS_LOW_V_REF_S015,MC_G2_D075_DENS_LOW_V_REF,15,4.14903068542,4.61926084558,8.47057525342,0,0,8.29806137085,
MC_G2_D075_DENS_LOW_V_REF_S015,MC_G2_D075_DENS_LOW_V_REF,15,4.15803861618,4.84308878664,8.72450360638,0,0,8.31607723236,
MC_G2_D075_DENS_LOW_V_REF_S015,MC_G2_D075_DENS_LOW_V_REF,15,4.16700363159,4.89281144344,8.95772653049,0,0,8.33400726318,
MC_G2_D075_DENS_LOW_V_REF_S015,MC_G2_D075_DENS_LOW_V_REF,15,4.17601203918,4.93669289278,8.73859966528,0,0,8.35202407837,
MC_G2_D075_DENS_LOW_V_REF_S015,MC_G2_D075_DENS_LOW_V_REF,15,4.18501996994,4.7332796126,8.58420534406,0,0,8.37003993988,
MC_G2_D075_DENS_LOW_V_REF_S015,MC_G2_D075_DENS_LOW_V_REF,15,4.19402837753,4.87759059414,8.69876198091,0,0,8.38805675507,
MC_G2_D075_DENS_LOW_V_REF_S015,MC_G2_D075_DENS_LOW_V_REF,15,4.20303630829,4.87383332172,8.89371199353,0,0,8.40607261658,
MC_G2_D075_DENS_LOW_V_REF_S015,MC_G2_D075_DENS_LOW_V_REF,15,4.2120013237,4.71006178003,8.53811633327,0,0,8.4240026474,
MC_G2_D075_DENS_LOW_V_REF_S015,MC_G2_D075_DENS_LOW_V_REF,15,4.22100973129,5.0918120423,10.2498399777,0,0,8.44201946259,
MC_G2_D075_DENS_LOW_V_REF_S015,MC_G2_D075_DENS_LOW_V_REF,15,4.23001766205,4.70247539441,9.13114598129,0,0,8.4600353241,
MC_G2_D075_DENS_LOW_V_REF_S015,MC_G2_D075_DENS_LOW_V_REF,15,4.23902606964,4.72334513895,9.78651619652,0,0,8.47805213928,
MC_G2_D075_DENS_LOW_V_REF_S015,MC_G2_D075_DENS_LOW_V_REF,15,4.2480340004,5.0445662343,9.66871343853,0,0,8.49606800079,
MC_G2_D075_DENS_LOW_V_REF_S015,MC_G2_D075_DENS_LOW_V_REF,15,4.25704193115,4.90847715291,9.1090254985,0,0,8.5140838623,
MC_G2_D075_DENS_LOW_V_REF_S015,MC_G2_D075_DENS_LOW_V_REF,15,4.26600694656,4.88093726892,9.2304031141,0,0,8.53201389313,
MC_G2_D075_DENS_LOW_V_REF_S015,MC_G2_D075_DENS_LOW_V_REF,15,4.27501535416,4.75844156701,9.08523624651,0,0,8.55003070831,
MC_G2_D075_DENS_LOW_V_REF_S015,MC_G2_D075_DENS_LOW_V_REF,15,4.28402328491,4.85695681892,8.37071160588,0,0,8.56804656982,
MC_G2_D075_DENS_LOW_V_REF_S015,MC_G2_D075_DENS_LOW_V_REF,15,4.2930316925,4.88590146633,8.78299328441,0,0,8.58606338501,
MC_G2_D075_DENS_LOW_V_REF_S015,MC_G2_D075_DENS_LOW_V_REF,15,4.30203962326,4.90954039635,8.98378478171,0,0,8.60407924652,
MC_G2_D075_DENS_LOW_V_REF_S015,MC_G2_D075_DENS_LOW_V_REF,15,4.31100463867,4.96162661458,8.77636934668,0,0,8.62200927734,
MC_G2_D075_DENS_LOW_V_REF_S015,MC_G2_D075_DENS_LOW_V_REF,15,4.32001304626,4.97032321645,9.2007440903,0,0,8.64002609253,
MC_G2_D075_DENS_LOW_V_REF_S015,MC_G2_D075_DENS_LOW_V_REF,15,4.32902097702,4.97128367233,9.15805259078,0,0,8.65804195404,
MC_G2_D075_DENS_LOW_V_REF_S015,MC_G2_D075_DENS_LOW_V_REF,15,4.33802938461,4.92424509732,9.65610020294,0,0,8.67605876923,
MC_G2_D075_DENS_LOW_V_REF_S015,MC_G2_D075_DENS_LOW_V_REF,15,4.34703731537,4.84361267166,9.41783913141,0,0,8.69407463074,
MC_G2_D075_DENS_LOW_V_REF_S015,MC_G2_D075_DENS_LOW_V_REF,15,4.35600233078,4.64133834403,9.63311877879,0,0,8.71200466156,
MC_G2_D075_DENS_LOW_V_REF_S015,MC_G2_D075_DENS_LOW_V_REF,15,4.36501026154,4.87221082549,9.41492106191,0,0,8.73002052307,
MC_G2_D075_DENS_LOW_V_REF_S015,MC_G2_D075_DENS_LOW_V_REF,15,4.37401866913,5.27969058427,9.72914934599,0,0,8.74803733826,
MC_G2_D075_DENS_LOW_V_REF_S015,MC_G2_D075_DENS_LOW_V_REF,15,4.38302659988,4.84196586009,9.29666315719,0,0,8.76605319977,
MC_G2_D075_DENS_LOW_V_REF_S015,MC_G2_D075_DENS_LOW_V_REF,15,4.39203500748,5.15687325675,9.42917521385,0,0,8.78407001495,
MC_G2_D075_DENS_LOW_V_REF_S015,MC_G2_D075_DENS_LOW_V_REF,15,4.40104293823,4.87065630169,9.03694631351,0,0,8.80208587646,
MC_G2_D075_DENS_LOW_V_REF_S015,MC_G2_D075_DENS_LOW_V_REF,15,4.41000795364,4.96325463702,8.94786626058,0,0,8.82001590729,
MC_G2_D075_DENS_LOW_V_REF_S015,MC_G2_D075_DENS_LOW_V_REF,15,4.41901636124,5.02251388012,8.78361348963,0,0,8.83803272247,
MC_G2_D075_DENS_LOW_V_REF_S015,MC_G2_D075_DENS_LOW_V_REF,15,4.42802429199,4.95849325164,9.12625011983,0,0,8.85604858398,
MC_G2_D075_DENS_LOW_V_REF_S015,MC_G2_D075_DENS_LOW_V_REF,15,4.43703222275,5.18355326195,9.39920724604,0,0,8.8740644455,
MC_G2_D075_DENS_LOW_V_REF_S015,MC_G2_D075_DENS_LOW_V_REF,15,4.44604063034,5.168486594,9.37861674661,0,0,8.89208126068,
MC_G2_D075_DENS_LOW_V_REF_S015,MC_G2_D075_DENS_LOW_V_REF,15,4.45500564575,4.89284515334,8.82336547836,0,0,8.9100112915,
MC_G2_D075_DENS_LOW_V_REF_S015,MC_G2_D075_DENS_LOW_V_REF,15,4.46401357651,5.09263157973,9.58642505179,0,0,8.92802715302,
MC_G2_D075_DENS_LOW_V_REF_S015,MC_G2_D075_DENS_LOW_V_REF,15,4.4730219841,4.97347150017,9.9953206597,0,0,8.9460439682,
MC_G2_D075_DENS_LOW_V_REF_S015,MC_G2_D075_DENS_LOW_V_REF,15,4.48202991486,5.21974830121,10.7638867268,0,0,8.96405982971,
MC_G2_D075_DENS_LOW_V_REF_S015,MC_G2_D075_DENS_LOW_V_REF,15,4.49103832245,4.98822593707,10.4269081733,0,0,8.9820766449,
MC_G2_D075_DENS_LOW_V_REF_S015,MC_G2_D075_DENS_LOW_V_REF,15,4.50000333786,4.80528119833,9.65927761534,0,0,9.00000667572,
MC_G2_D075_DENS_LOW_V_REF_S015,MC_G2_D075_DENS_LOW_V_REF,15,4.50901126862,4.96684943877,9.59531498996,0,0,9.01802253723,
MC_G2_D075_DENS_LOW_V_REF_S015,MC_G2_D075_DENS_LOW_V_REF,15,4.51801967621,5.06615714967,8.95612797317,0,0,9.03603935242,
MC_G2_D075_DENS_LOW_V_REF_S015,MC_G2_D075_DENS_LOW_V_REF,15,4.52702760696,5.14934931734,9.71797517239,0,0,9.05405521393,
MC_G2_D075_DENS_LOW_V_REF_S015,MC_G2_D075_DENS_LOW_V_REF,15,4.53603553772,5.07812140147,9.1706136807,0,0,9.07207107544,
MC_G2_D075_DENS_LOW_V_REF_S015,MC_G2_D075_DENS_LOW_V_REF,15,4.54500055313,5.29786077361,10.0563013518,0,0,9.09000110626,
MC_G2_D075_DENS_LOW_V_REF_S015,MC_G2_D075_DENS_LOW_V_REF,15,4.55400896072,5.20965135689,9.34700639801,0,0,9.10801792145,
MC_G2_D075_DENS_LOW_V_REF_S015,MC_G2_D075_DENS_LOW_V_REF,15,4.56301689148,5.18736745437,9.85740836581,0,0,9.12603378296,
MC_G2_D075_DENS_LOW_V_REF_S015,MC_G2_D075_DENS_LOW_V_REF,15,4.57202529907,5.23346988884,10.3417843031,0,0,9.14405059814,
MC_G2_D075_DENS_LOW_V_REF_S015,MC_G2_D075_DENS_LOW_V_REF,15,4.58103322983,5.1605846616,10.6702598275,0,0,9.16206645966,
MC_G2_D075_DENS_LOW_V_REF_S015,MC_G2_D075_DENS_LOW_V_REF,15,4.59004163742,5.27824934784,10.7492176769,0,0,9.18008327484,
MC_G2_D075_DENS_LOW_V_REF_S015,MC_G2_D075_DENS_LOW_V_REF,15,4.59900665283,5.29450967786,10.811377701,0,0,9.19801330566,
MC_G2_D075_DENS_LOW_V_REF_S015,MC_G2_D075_DENS_LOW_V_REF,15,4.60801458359,5.23067417753,10.4413888673,0,0,9.21602916718,
MC_G2_D075_DENS_LOW_V_REF_S015,MC_G2_D075_DENS_LOW_V_REF,15,4.61702251434,5.32267291871,10.4250381208,0,0,9.23404502869,
MC_G2_D075_DENS_LOW_V_REF_S015,MC_G2_D075_DENS_LOW_V_REF,15,4.62603092194,5.35438675161,10.223506066,0,0,9.25206184387,
MC_G2_D075_DENS_LOW_V_REF_S015,MC_G2_D075_DENS_LOW_V_REF,15,4.63503885269,5.28423699996,9.67777746593,0,0,9.27007770538,
MC_G2_D075_DENS_LOW_V_REF_S015,MC_G2_D075_DENS_LOW_V_REF,15,4.6440038681,5.32691318218,9.85910226465,0,0,9.28800773621,
MC_G2_D075_DENS_LOW_V_REF_S015,MC_G2_D075_DENS_LOW_V_REF,15,4.6530122757,5.2800774192,9.90434822675,0,0,9.30602455139,
MC_G2_D075_DENS_LOW_V_REF_S015,MC_G2_D075_DENS_LOW_V_REF,15,4.66202020645,5.34191464081,9.55413342416,0,0,9.3240404129,
MC_G2_D075_DENS_LOW_V_REF_S015,MC_G2_D075_DENS_LOW_V_REF,15,4.67102861404,5.30714646982,9.55462260244,0,0,9.34205722809,
MC_G2_D075_DENS_LOW_V_REF_S015,MC_G2_D075_DENS_LOW_V_REF,15,4.6800365448,5.51834784241,10.2676603922,0,0,9.3600730896,
MC_G2_D075_DENS_LOW_V_REF_S015,MC_G2_D075_DENS_LOW_V_REF,15,4.68900156021,5.3192295352,9.97113323995,0,0,9.37800312042,
MC_G2_D075_DENS_LOW_V_REF_S015,MC_G2_D075_DENS_LOW_V_REF,15,4.69800949097,5.34308951376,10.4778230819,0,0,9.39601898193,
MC_G2_D075_DENS_LOW_V_REF_S015,MC_G2_D075_DENS_LOW_V_REF,15,4.70701789856,5.49852586792,10.9302471197,0,0,9.41403579712,
MC_G2_D075_DENS_LOW_V_REF_S015,MC_G2_D075_DENS_LOW_V_REF,15,4.71602582932,5.23553945572,10.5549166317,0,0,9.43205165863,
MC_G2_D075_DENS_LOW_V_REF_S015,MC_G2_D075_DENS_LOW_V_REF,15,4.72503423691,5.14221718645,10.0061790117,0,0,9.45006847382,
MC_G2_D075_DENS_LOW_V_REF_S015,MC_G2_D075_DENS_LOW_V_REF,15,4.73404216766,5.27773043641,10.1389470822,0,0,9.46808433533,
MC_G2_D075_DENS_LOW_V_REF_S015,MC_G2_D075_DENS_LOW_V_REF,15,4.74300718307,5.38145303912,10.4163732189,0,0,9.48601436615,
MC_G2_D075_DENS_LOW_V_REF_S015,MC_G2_D075_DENS_LOW_V_REF,15,4.75201559067,5.54580593844,10.3956259005,0,0,9.50403118134,
MC_G2_D075_DENS_LOW_V_REF_S015,MC_G2_D075_DENS_LOW_V_REF,15,4.76102352142,5.51922761557,9.81093070305,0,0,9.52204704285,
MC_G2_D075_DENS_LOW_V_REF_S015,MC_G2_D075_DENS_LOW_V_REF,15,4.77003145218,5.41353989141,9.98428197532,0,0,9.54006290436,
MC_G2_D075_DENS_LOW_V_REF_S015,MC_G2_D075_DENS_LOW_V_REF,15,4.77903985977,5.45933341056,10.0009576927,0,0,9.55807971954,
MC_G2_D075_DENS_LOW_V_REF_S015,MC_G2_D075_DENS_LOW_V_REF,15,4.78800487518,5.42741731826,10.1020817305,0,0,9.57600975037,
MC_G2_D075_DENS_LOW_V_REF_S015,MC_G2_D075_DENS_LOW_V_REF,15,4.79701280594,5.33035380258,10.3662555255,0,0,9.59402561188,
MC_G2_D075_DENS_LOW_V_REF_S015,MC_G2_D075_DENS_LOW_V_REF,15,4.80602121353,5.58547751849,10.2376027686,0,0,9.61204242706,
MC_G2_D075_DENS_LOW_V_REF_S015,MC_G2_D075_DENS_LOW_V_REF,15,4.81502914429,5.43172721201,10.3550964375,0,0,9.63005828857,
MC_G2_D075_DENS_LOW_V_REF_S015,MC_G2_D075_DENS_LOW_V_REF,15,4.82403755188,5.28278636896,10.5610426471,0,0,9.64807510376,
MC_G2_D075_DENS_LOW_V_REF_S015,MC_G2_D075_DENS_LOW_V_REF,15,4.83300256729,5.43099388351,10.8096869376,0,0,9.66600513458,
MC_G2_D075_DENS_LOW_V_REF_S015,MC_G2_D075_DENS_LOW_V_REF,15,4.84201049805,5.17419738283,10.5460261129,0,0,9.68402099609,
MC_G2_D075_DENS_LOW_V_REF_S015,MC_G2_D075_DENS_LOW_V_REF,15,4.8510184288,5.46285084533,10.7422385001,0,0,9.7020368576,
MC_G2_D075_DENS_LOW_V_REF_S015,MC_G2_D075_DENS_LOW_V_REF,15,4.8600268364,5.44271332405,10.8295646799,0,0,9.72005367279,
MC_G2_D075_DENS_LOW_V_REF_S015,MC_G2_D075_DENS_LOW_V_REF,15,4.86903476715,5.38426256596,10.0369953044,0,0,9.7380695343,
MC_G2_D075_DENS_LOW_V_REF_S015,MC_G2_D075_DENS_LOW_V_REF,15,4.87804317474,5.42866568984,10.0497589404,0,0,9.75608634949,
MC_G2_D075_DENS_LOW_V_REF_S015,MC_G2_D075_DENS_LOW_V_REF,15,4.88700819016,5.60177818987,10.1524168335,0,0,9.77401638031,
MC_G2_D075_DENS_LOW_V_REF_S015,MC_G2_D075_DENS_LOW_V_REF,15,4.89601612091,5.49184743914,10.4802652927,0,0,9.79203224182,
MC_G2_D075_DENS_LOW_V_REF_S015,MC_G2_D075_DENS_LOW_V_REF,15,4.9050245285,5.60508673377,10.0309247794,0,0,9.81004905701,
MC_G2_D075_DENS_LOW_V_REF_S015,MC_G2_D075_DENS_LOW_V_REF,15,4.91403245926,5.54176682914,10.5527588968,0,0,9.82806491852,
MC_G2_D075_DENS_LOW_V_REF_S015,MC_G2_D075_DENS_LOW_V_REF,15,4.92304039001,5.54263278676,10.4507612356,0,0,9.84608078003,
MC_G2_D075_DENS_LOW_V_REF_S015,MC_G2_D075_DENS_LOW_V_REF,15,4.93200540543,5.60856603767,10.7274564765,0,0,9.86401081085,
MC_G2_D075_DENS_LOW_V_REF_S015,MC_G2_D075_DENS_LOW_V_REF,15,4.94101381302,5.51209272157,11.1007986937,0,0,9.88202762604,
MC_G2_D075_DENS_LOW_V_REF_S015,MC_G2_D075_DENS_LOW_V_REF,15,4.95002174377,5.53374332005,11.2617073208,0,0,9.90004348755,
MC_G2_D075_DENS_LOW_V_REF_S015,MC_G2_D075_DENS_LOW_V_REF,15,4.95903015137,5.6267517004,11.4287348036,0,0,9.91806030273,
MC_G2_D075_DENS_LOW_V_REF_S015,MC_G2_D075_DENS_LOW_V_REF,15,4.96803808212,5.40770365754,10.9988459465,0,0,9.93607616425,
MC_G2_D075_DENS_LOW_V_REF_S015,MC_G2_D075_DENS_LOW_V_REF,15,4.97700309753,5.54217853203,10.7588788617,0,0,9.95400619507,
MC_G2_D075_DENS_LOW_V_REF_S015,MC_G2_D075_DENS_LOW_V_REF,15,4.98601102829,5.67728560532,10.9779279631,0,0,9.97202205658,
MC_G2_D075_DENS_LOW_V_REF_S015,MC_G2_D075_DENS_LOW_V_REF,15,4.99501943588,5.76947942183,11.4441696452,0,0,9.99003887177,
MC_G2_D075_DENS_LOW_V_REF_S015,MC_G2_D075_DENS_LOW_V_REF,15,5.00402736664,5.70377385092,10.7750139087,0,0,10.0080547333,
MC_G2_D075_DENS_LOW_V_REF_S015,MC_G2_D075_DENS_LOW_V_REF,15,5.01303577423,5.655027676,10.3850228613,0,0,10.0260715485,
MC_G2_D075_DENS_LOW_V_REF_S015,MC_G2_D075_DENS_LOW_V_REF,15,5.02200078964,5.71949150679,10.8760130062,0,0,10.0440015793,
MC_G2_D075_DENS_LOW_V_REF_S015,MC_G2_D075_DENS_LOW_V_REF,15,5.0310087204,5.69717665748,10.5739189023,0,0,10.0620174408,
MC_G2_D075_DENS_LOW_V_REF_S015,MC_G2_D075_DENS_LOW_V_REF,15,5.04001712799,5.64969488017,10.246085422,0,0,10.080034256,
MC_G2_D075_DENS_LOW_V_REF_S015,MC_G2_D075_DENS_LOW_V_REF,15,5.04902505875,5.69274905538,10.4854306736,0,0,10.0980501175,
MC_G2_D075_DENS_LOW_V_REF_S015,MC_G2_D075_DENS_LOW_V_REF,15,5.0580329895,5.46616325758,11.0162743733,0,0,10.116065979,
MC_G2_D075_DENS_LOW_V_REF_S015,MC_G2_D075_DENS_LOW_V_REF,15,5.06704139709,5.7472911228,11.7218543076,0,0,10.1340827942,
MC_G2_D075_DENS_LOW_V_REF_S015,MC_G2_D075_DENS_LOW_V_REF,15,5.07600641251,5.57398465269,11.5285419491,0,0,10.152012825,
MC_G2_D075_DENS_LOW_V_REF_S015,MC_G2_D075_DENS_LOW_V_REF,15,5.08501434326,5.54318319761,10.9596999311,0,0,10.1700286865,
MC_G2_D075_DENS_LOW_V_REF_S015,MC_G2_D075_DENS_LOW_V_REF,15,5.09402275085,5.76132052051,11.3311529945,0,0,10.1880455017,
MC_G2_D075_DENS_LOW_V_REF_S015,MC_G2_D075_DENS_LOW_V_REF,15,5.10303068161,5.68429450165,11.2082091,0,0,10.2060613632,
MC_G2_D075_DENS_LOW_V_REF_S015,MC_G2_D075_DENS_LOW_V_REF,15,5.11203861237,5.71397579329,10.4349218044,0,0,10.2240772247,
MC_G2_D075_DENS_LOW_V_REF_S015,MC_G2_D075_DENS_LOW_V_REF,15,5.12100362778,5.73102968754,10.4989398028,0,0,10.2420072556,
MC_G2_D075_DENS_LOW_V_REF_S015,MC_G2_D075_DENS_LOW_V_REF,15,5.13001203537,5.8977152015,10.6694333241,0,0,10.2600240707,
MC_G2_D075_DENS_LOW_V_REF_S015,MC_G2_D075_DENS_LOW_V_REF,15,5.13901996613,5.88388972106,10.913257277,0,0,10.2780399323,
MC_G2_D075_DENS_LOW_V_REF_S015,MC_G2_D075_DENS_LOW_V_REF,15,5.14802837372,5.87780646546,11.1211171604,0,0,10.2960567474,
MC_G2_D075_DENS_LOW_V_REF_S015,MC_G2_D075_DENS_LOW_V_REF,15,5.15703630447,5.80047816273,10.6557954526,0,0,10.3140726089,
MC_G2_D075_DENS_LOW_V_REF_S015,MC_G2_D075_DENS_LOW_V_REF,15,5.16600131989,5.58905905733,10.6311521651,0,0,10.3320026398,
MC_G2_D075_DENS_LOW_V_REF_S015,MC_G2_D075_DENS_LOW_V_REF,15,5.17500925064,5.76328674721,11.2591101309,0,0,10.3500185013,
MC_G2_D075_DENS_LOW_V_REF_S015,MC_G2_D075_DENS_LOW_V_REF,15,5.18401765823,5.84843906273,11.7845002917,0,0,10.3680353165,
MC_G2_D075_DENS_LOW_V_REF_S015,MC_G2_D075_DENS_LOW_V_REF,15,5.19302558899,5.74243910753,11.8426735165,0,0,10.386051178,
MC_G2_D075_DENS_LOW_V_REF_S015,MC_G2_D075_DENS_LOW_V_REF,15,5.20203399658,5.58447395816,11.3082555267,0,0,10.4040679932,
MC_G2_D075_DENS_LOW_V_REF_S015,MC_G2_D075_DENS_LOW_V_REF,15,5.21104192734,5.80832483299,11.0247659881,0,0,10.4220838547,
MC_G2_D075_DENS_LOW_V_REF_S015,MC_G2_D075_DENS_LOW_V_REF,15,5.22000694275,5.69767070095,11.1256132901,0,0,10.4400138855,
MC_G2_D075_DENS_LOW_V_REF_S015,MC_G2_D075_DENS_LOW_V_REF,15,5.2290148735,5.75794676729,10.8885690094,0,0,10.458029747,
MC_G2_D075_DENS_LOW_V_REF_S015,MC_G2_D075_DENS_LOW_V_REF,15,5.2380232811,5.65470605039,10.9841161115,0,0,10.4760465622,
MC_G2_D075_DENS_LOW_V_REF_S015,MC_G2_D075_DENS_LOW_V_REF,15,5.24703121185,5.76276120432,11.1720068908,0,0,10.4940624237,
MC_G2_D075_DENS_LOW_V_REF_S015,MC_G2_D075_DENS_LOW_V_REF,15,5.25603961945,5.98276362422,11.4429549346,0,0,10.5120792389,
MC_G2_D075_DENS_LOW_V_REF_S015,MC_G2_D075_DENS_LOW_V_REF,15,5.26500463486,5.86652580625,11.6278311135,0,0,10.5300092697,
MC_G2_D075_DENS_LOW_V_REF_S015,MC_G2_D075_DENS_LOW_V_REF,15,5.27401256561,5.87980971778,11.4251235893,0,0,10.5480251312,
MC_G2_D075_DENS_LOW_V_REF_S015,MC_G2_D075_DENS_LOW_V_REF,15,5.28302049637,5.83130559101,11.3626632357,0,0,10.5660409927,
MC_G2_D075_DENS_LOW_V_REF_S015,MC_G2_D075_DENS_LOW_V_REF,15,5.29202890396,6.00583832786,11.6700406513,0,0,10.5840578079,
MC_G2_D075_DENS_LOW_V_REF_S015,MC_G2_D075_DENS_LOW_V_REF,15,5.30103683472,5.91014476046,12.0257121561,0,0,10.6020736694,
MC_G2_D075_DENS_LOW_V_REF_S015,MC_G2_D075_DENS_LOW_V_REF,15,5.31000185013,5.96995330916,11.9999743327,0,0,10.6200037003,
MC_G2_D075_DENS_LOW_V_REF_S015,MC_G2_D075_DENS_LOW_V_REF,15,5.31901025772,5.65630699438,11.5332085877,0,0,10.6380205154,
MC_G2_D075_DENS_LOW_V_REF_S015,MC_G2_D075_DENS_LOW_V_REF,15,5.32801818848,5.85532638237,11.8872446569,0,0,10.656036377,
MC_G2_D075_DENS_LOW_V_REF_S015,MC_G2_D075_DENS_LOW_V_REF,15,5.33702659607,5.90221353913,11.999682641,0,0,10.6740531921,
MC_G2_D075_DENS_LOW_V_REF_S015,MC_G2_D075_DENS_LOW_V_REF,15,5.34603452682,5.76500097857,11.5383705946,0,0,10.6920690536,
MC_G2_D075_DENS_LOW_V_REF_S015,MC_G2_D075_DENS_LOW_V_REF,15,5.35504245758,5.87762575828,11.1115467236,0,0,10.7100849152,
MC_G2_D075_DENS_LOW_V_REF_S015,MC_G2_D075_DENS_LOW_V_REF,15,5.36400747299,6.03187618707,11.0169307172,0,0,10.728014946,
MC_G2_D075_DENS_LOW_V_REF_S015,MC_G2_D075_DENS_LOW_V_REF,15,5.37301588058,5.8356320634,11.3315109009,0,0,10.7460317612,
MC_G2_D075_DENS_LOW_V_REF_S015,MC_G2_D075_DENS_LOW_V_REF,15,5.38202381134,6.19859154258,11.7983453357,0,0,10.7640476227,
MC_G2_D075_DENS_LOW_V_REF_S015,MC_G2_D075_DENS_LOW_V_REF,15,5.39103221893,5.88742539233,11.5669875296,0,0,10.7820644379,
MC_G2_D075_DENS_LOW_V_REF_S015,MC_G2_D075_DENS_LOW_V_REF,15,5.40004014969,5.9786593056,11.3498570862,0,0,10.8000802994,
MC_G2_D075_DENS_LOW_V_REF_S015,MC_G2_D075_DENS_LOW_V_REF,15,5.4090051651,5.87368612082,11.2058627628,0,0,10.8180103302,
MC_G2_D075_DENS_LOW_V_REF_S015,MC_G2_D075_DENS_LOW_V_REF,15,5.41801309586,5.81736019174,11.5806123089,0,0,10.8360261917,
MC_G2_D075_DENS_LOW_V_REF_S015,MC_G2_D075_DENS_LOW_V_REF,15,5.42702150345,5.92861226007,12.5348570666,0,0,10.8540430069,
MC_G2_D075_DENS_LOW_V_REF_S015,MC_G2_D075_DENS_LOW_V_REF,15,5.4360294342,5.66868350169,11.9204528367,0,0,10.8720588684,
MC_G2_D075_DENS_LOW_V_REF_S015,MC_G2_D075_DENS_LOW_V_REF,15,5.4450378418,6.00404949261,12.1174824196,0,0,10.8900756836,
MC_G2_D075_DENS_LOW_V_REF_S015,MC_G2_D075_DENS_LOW_V_REF,15,5.45400285721,5.88999066055,11.5582646052,0,0,10.9080057144,
MC_G2_D075_DENS_LOW_V_REF_S015,MC_G2_D075_DENS_LOW_V_REF,15,5.46301078796,5.91188385979,12.4325838298,0,0,10.9260215759,
MC_G2_D075_DENS_LOW_V_REF_S015,MC_G2_D075_DENS_LOW_V_REF,15,5.47201871872,6.09856210823,11.7167063731,0,0,10.9440374374,
MC_G2_D075_DENS_LOW_V_REF_S015,MC_G2_D075_DENS_LOW_V_REF,15,5.48102712631,6.3257508159,12.0236914336,0,0,10.9620542526,
MC_G2_D075_DENS_LOW_V_REF_S015,MC_G2_D075_DENS_LOW_V_REF,15,5.49003505707,5.9303618592,11.406855723,0,0,10.9800701141,
MC_G2_D075_DENS_LOW_V_REF_S015,MC_G2_D075_DENS_LOW_V_REF,15,5.49900007248,6.18625758711,12.0163682049,0,0,10.998000145,
MC_G2_D075_DENS_LOW_V_REF_S015,MC_G2_D075_DENS_LOW_V_REF,15,5.50800848007,6.3283934511,12.2907722878,0,0,11.0160169601,
MC_G2_D075_DENS_LOW_V_REF_S015,MC_G2_D075_DENS_LOW_V_REF,15,5.51701641083,6.13248090023,11.7984263128,0,0,11.0340328217,
MC_G2_D075_DENS_LOW_V_REF_S015,MC_G2_D075_DENS_LOW_V_REF,15,5.52602434158,6.28138250716,12.4771981226,0,0,11.0520486832,
MC_G2_D075_DENS_LOW_V_REF_S015,MC_G2_D075_DENS_LOW_V_REF,15,5.53503274918,5.99731690695,12.2226883717,0,0,11.0700654984,
MC_G2_D075_DENS_LOW_V_REF_S015,MC_G2_D075_DENS_LOW_V_REF,15,5.54404067993,6.17568096747,12.9513588055,0,0,11.0880813599,
MC_G2_D075_DENS_LOW_V_REF_S015,MC_G2_D075_DENS_LOW_V_REF,15,5.55300569534,5.90049488679,11.9833417591,0,0,11.1060113907,
MC_G2_D075_DENS_LOW_V_REF_S015,MC_G2_D075_DENS_LOW_V_REF,15,5.5620136261,5.92047656885,12.6551935317,0,0,11.1240272522,
MC_G2_D075_DENS_LOW_V_REF_S015,MC_G2_D075_DENS_LOW_V_REF,15,5.57102203369,6.27460792228,12.6823508383,0,0,11.1420440674,
MC_G2_D075_DENS_LOW_V_REF_S015,MC_G2_D075_DENS_LOW_V_REF,15,5.58002996445,6.3125558764,11.9845439986,0,0,11.1600599289,
MC_G2_D075_DENS_LOW_V_REF_S015,MC_G2_D075_DENS_LOW_V_REF,15,5.58903837204,5.97257549737,12.2343671975,0,0,11.1780767441,
MC_G2_D075_DENS_LOW_V_REF_S015,MC_G2_D075_DENS_LOW_V_REF,15,5.59800338745,6.26727961082,11.6915441162,0,0,11.1960067749,
MC_G2_D075_DENS_LOW_V_REF_S015,MC_G2_D075_DENS_LOW_V_REF,15,5.60701131821,6.00683028314,12.0670324432,0,0,11.2140226364,
MC_G2_D075_DENS_LOW_V_REF_S015,MC_G2_D075_DENS_LOW_V_REF,15,5.61601924896,6.05583121649,12.0417663032,0,0,11.2320384979,
MC_G2_D075_DENS_LOW_V_REF_S015,MC_G2_D075_DENS_LOW_V_REF,15,5.62502765656,6.189607025,12.8200633534,0,0,11.2500553131,
MC_G2_D075_DENS_LOW_V_REF_S015,MC_G2_D075_DENS_LOW_V_REF,15,5.63403558731,6.22479905654,12.197379465,0,0,11.2680711746,
MC_G2_D075_DENS_LOW_V_REF_S015,MC_G2_D075_DENS_LOW_V_REF,15,5.64300060272,6.38422478409,12.965537567,0,0,11.2860012054,
MC_G2_D075_DENS_LOW_V_REF_S015,MC_G2_D075_DENS_LOW_V_REF,15,5.65200901031,6.18170398735,12.4741739969,0,0,11.3040180206,
MC_G2_D075_DENS_LOW_V_REF_S015,MC_G2_D075_DENS_LOW_V_REF,15,5.66101694107,6.27349936389,12.5842443075,0,0,11.3220338821,
MC_G2_D075_DENS_LOW_V_REF_S015,MC_G2_D075_DENS_LOW_V_REF,15,5.67002487183,5.99216094994,12.6427039506,0,0,11.3400497437,
MC_G2_D075_DENS_LOW_V_REF_S015,MC_G2_D075_DENS_LOW_V_REF,15,5.67903327942,6.00610966493,12.5667977769,0,0,11.3580665588,
MC_G2_D075_DENS_LOW_V_REF_S015,MC_G2_D075_DENS_LOW_V_REF,15,5.68804121017,6.084892467,13.171204793,0,0,11.3760824203,
MC_G2_D075_DENS_LOW_V_REF_S015,MC_G2_D075_DENS_LOW_V_REF,15,5.69700622559,6.05020884708,12.7272948821,0,0,11.3940124512,
MC_G2_D075_DENS_LOW_V_REF_S015,MC_G2_D075_DENS_LOW_V_REF,15,5.70601463318,6.15138828642,12.9976246205,0,0,11.4120292664,
MC_G2_D075_DENS_LOW_V_REF_S015,MC_G2_D075_DENS_LOW_V_REF,15,5.71502256393,6.41114573219,12.8628894399,0,0,11.4300451279,
MC_G2_D075_DENS_LOW_V_REF_S015,MC_G2_D075_DENS_LOW_V_REF,15,5.72403049469,5.91194962172,12.3259600439,0,0,11.4480609894,
MC_G2_D075_DENS_LOW_V_REF_S015,MC_G2_D075_DENS_LOW_V_REF,15,5.73303890228,6.37906661659,12.9190591722,0,0,11.4660778046,
MC_G2_D075_DENS_LOW_V_REF_S015,MC_G2_D075_DENS_LOW_V_REF,15,5.74200391769,6.2546931074,12.5363450004,0,0,11.4840078354,
MC_G2_D075_DENS_LOW_V_REF_S015,MC_G2_D075_DENS_LOW_V_REF,15,5.75101184845,6.62017309246,13.4231578779,0,0,11.5020236969,
MC_G2_D075_DENS_LOW_V_REF_S015,MC_G2_D075_DENS_LOW_V_REF,15,5.76002025604,6.11650130185,12.4785194736,0,0,11.5200405121,
MC_G2_D075_DENS_LOW_V_REF_S015,MC_G2_D075_DENS_LOW_V_REF,15,5.7690281868,6.70861626801,13.2050233733,0,0,11.5380563736,
MC_G2_D075_DENS_LOW_V_REF_S015,MC_G2_D075_DENS_LOW_V_REF,15,5.77803611755,6.51131719022,13.5151897935,0,0,11.5560722351,
MC_G2_D075_DENS_LOW_V_REF_S015,MC_G2_D075_DENS_LOW_V_REF,15,5.78700113297,6.1886719897,13.213366076,0,0,11.5740022659,
MC_G2_D075_DENS_LOW_V_REF_S015,MC_G2_D075_DENS_LOW_V_REF,15,5.79600954056,6.1967369454,12.7778723548,0,0,11.5920190811,
MC_G2_D075_DENS_LOW_V_REF_S015,MC_G2_D075_DENS_LOW_V_REF,15,5.80501747131,6.25239807102,13.7515537481,0,0,11.6100349426,
MC_G2_D075_DENS_LOW_V_REF_S015,MC_G2_D075_DENS_LOW_V_REF,15,5.81402540207,6.17800529279,12.7782898993,0,0,11.6280508041,
MC_G2_D075_DENS_LOW_V_REF_S015,MC_G2_D075_DENS_LOW_V_REF,15,5.82303380966,5.99054011157,12.6593474933,0,0,11.6460676193,
MC_G2_D075_DENS_LOW_V_REF_S015,MC_G2_D075_DENS_LOW_V_REF,15,5.83204174042,6.20889129893,13.1842801382,0,0,11.6640834808,
MC_G2_D075_DENS_LOW_V_REF_S015,MC_G2_D075_DENS_LOW_V_REF,15,5.84100675583,6.42362613231,12.8241157644,0,0,11.6820135117,
MC_G2_D075_DENS_LOW_V_REF_S015,MC_G2_D075_DENS_LOW_V_REF,15,5.85001516342,6.73055699268,13.6602092603,0,0,11.7000303268,
MC_G2_D075_DENS_LOW_V_REF_S015,MC_G2_D075_DENS_LOW_V_REF,15,5.85902309418,6.4439222559,14.0624004177,0,0,11.7180461884,
MC_G2_D075_DENS_LOW_V_REF_S015,MC_G2_D075_DENS_LOW_V_REF,15,5.86803102493,6.35898656794,12.8968199538,0,0,11.7360620499,
MC_G2_D075_DENS_LOW_V_REF_S015,MC_G2_D075_DENS_LOW_V_REF,15,5.87703943253,6.13401829277,13.1319555314,0,0,11.7540788651,
MC_G2_D075_DENS_LOW_V_REF_S015,MC_G2_D075_DENS_LOW_V_REF,15,5.88600444794,6.57625406487,13.5062645015,0,0,11.7720088959,
MC_G2_D075_DENS_LOW_V_REF_S015,MC_G2_D075_DENS_LOW_V_REF,15,5.89501237869,6.56033580745,13.6109994074,0,0,11.7900247574,
MC_G2_D075_DENS_LOW_V_REF_S015,MC_G2_D075_DENS_LOW_V_REF,15,5.90402078629,6.35418042023,13.9853668559,0,0,11.8080415726,
MC_G2_D075_DENS_LOW_V_REF_S015,MC_G2_D075_DENS_LOW_V_REF,15,5.91302871704,6.37021804385,13.5825601619,0,0,11.8260574341,
MC_G2_D075_DENS_LOW_V_REF_S015,MC_G2_D075_DENS_LOW_V_REF,15,5.9220366478,6.32838350392,13.9628569329,0,0,11.8440732956,
MC_G2_D075_DENS_LOW_V_REF_S015,MC_G2_D075_DENS_LOW_V_REF,15,5.93100166321,6.45272606631,13.511307772,0,0,11.8620033264,
MC_G2_D075_DENS_LOW_V_REF_S015,MC_G2_D075_DENS_LOW_V_REF,15,5.9400100708,6.50827335194,14.3435813109,0,0,11.8800201416,
MC_G2_D075_DENS_LOW_V_REF_S015,MC_G2_D075_DENS_LOW_V_REF,15,5.94901800156,6.22743174456,14.1565603057,0,0,11.8980360031,
MC_G2_D075_DENS_LOW_V_REF_S015,MC_G2_D075_DENS_LOW_V_REF,15,5.95802593231,6.12544160973,13.8779690516,0,0,11.9160518646,
MC_G2_D075_DENS_LOW_V_REF_S015,MC_G2_D075_DENS_LOW_V_REF,15,5.9670343399,6.42532212717,14.2459624565,0,0,11.9340686798,
MC_G2_D075_DENS_LOW_V_REF_S015,MC_G2_D075_DENS_LOW_V_REF,15,5.97604227066,6.48595352903,13.8179192938,0,0,11.9520845413,
MC_G2_D075_DENS_LOW_V_REF_S015,MC_G2_D075_DENS_LOW_V_REF,15,5.98500728607,6.39471574742,14.8373939635,0,0,11.9700145721,
MC_G2_D075_DENS_LOW_V_REF_S015,MC_G2_D075_DENS_LOW_V_REF,15,5.99401569366,6.81986778372,13.4877150361,0,0,11.9880313873,
MC_G2_D075_DENS_LOW_V_REF_S015,MC_G2_D075_DENS_LOW_V_REF,15,6.00302362442,6.50322073512,14.3705156193,0,0,12.0060472488,
MC_G2_D075_DENS_LOW_V_REF_S015,MC_G2_D075_DENS_LOW_V_REF,15,6.01203155518,7.08451150728,15.1939217762,0,0,12.0240631104,
MC_G2_D075_DENS_LOW_V_REF_S015,MC_G2_D075_DENS_LOW_V_REF,15,6.02103996277,6.69410719499,15.2319782072,0,0,12.0420799255,
MC_G2_D075_DENS_LOW_V_REF_S015,MC_G2_D075_DENS_LOW_V_REF,15,6.03000497818,6.82849254482,14.9248629319,0,0,12.0600099564,
MC_G2_D075_DENS_LOW_V_REF_S015,MC_G2_D075_DENS_LOW_V_REF,15,6.03901290894,6.06268537885,14.0742870495,0,0,12.0780258179,
MC_G2_D075_DENS_LOW_V_REF_S015,MC_G2_D075_DENS_LOW_V_REF,15,6.04802083969,6.71591308005,15.2272009809,0,0,12.0960416794,
MC_G2_D075_DENS_LOW_V_REF_S015,MC_G2_D075_DENS_LOW_V_REF,15,6.05702924728,6.37687989399,14.7832270599,0,0,12.1140584946,
MC_G2_D075_DENS_LOW_V_REF_S015,MC_G2_D075_DENS_LOW_V_REF,15,6.06603717804,6.33602294118,14.9528274201,0,0,12.1320743561,
MC_G2_D075_DENS_LOW_V_REF_S015,MC_G2_D075_DENS_LOW_V_REF,15,6.07500219345,6.32946553648,14.1452951186,0,0,12.1500043869,
MC_G2_D075_DENS_LOW_V_REF_S015,MC_G2_D075_DENS_LOW_V_REF,15,6.08401012421,6.56366093,14.551557248,0,0,12.1680202484,
MC_G2_D075_DENS_LOW_V_REF_S015,MC_G2_D075_DENS_LOW_V_REF,15,6.0930185318,6.6124275519,15.6269420872,0,0,12.1860370636,
MC_G2_D075_DENS_LOW_V_REF_S015,MC_G2_D075_DENS_LOW_V_REF,15,6.10202646255,6.40528076201,16.2372109009,0,0,12.2040529251,
MC_G2_D075_DENS_LOW_V_REF_S015,MC_G2_D075_DENS_LOW_V_REF,15,6.11103487015,6.56527126855,15.556181756,0,0,12.2220697403,
MC_G2_D075_DENS_LOW_V_REF_S015,MC_G2_D075_DENS_LOW_V_REF,15,6.1200428009,6.5827733387,15.986761701,0,0,12.2400856018,
MC_G2_D075_DENS_LOW_V_REF_S015,MC_G2_D075_DENS_LOW_V_REF,15,6.12900781631,6.31955040457,15.0646790738,0,0,12.2580156326,
MC_G2_D075_DENS_LOW_V_REF_S015,MC_G2_D075_DENS_LOW_V_REF,15,6.13801574707,6.58613272377,15.5990162869,0,0,12.2760314941,
MC_G2_D075_DENS_LOW_V_REF_S015,MC_G2_D075_DENS_LOW_V_REF,15,6.14702415466,6.38339806258,15.2236809946,0,0,12.2940483093,
MC_G2_D075_DENS_LOW_V_REF_S015,MC_G2_D075_DENS_LOW_V_REF,15,6.15603208542,6.28309121232,15.5163447402,0,0,12.3120641708,
MC_G2_D075_DENS_LOW_V_REF_S015,MC_G2_D075_DENS_LOW_V_REF,15,6.16504001617,6.17373463515,15.9436794699,0,0,12.3300800323,
MC_G2_D075_DENS_LOW_V_REF_S015,MC_G2_D075_DENS_LOW_V_REF,15,6.17400503159,6.66802015247,15.9136799252,0,0,12.3480100632,
MC_G2_D075_DENS_LOW_V_REF_S015,MC_G2_D075_DENS_LOW_V_REF,15,6.18301343918,6.69690898513,15.8194948407,0,0,12.3660268784,
MC_G2_D075_DENS_LOW_V_REF_S015,MC_G2_D075_DENS_LOW_V_REF,15,6.19202136993,6.46507107421,15.4054576579,0,0,12.3840427399,
MC_G2_D075_DENS_LOW_V_REF_S015,MC_G2_D075_DENS_LOW_V_REF,15,6.20102930069,6.41514726324,16.1198244943,0,0,12.4020586014,
MC_G2_D075_DENS_LOW_V_REF_S015,MC_G2_D075_DENS_LOW_V_REF,15,6.21003770828,6.48238635835,16.0961946389,0,0,12.4200754166,
MC_G2_D075_DENS_LOW_V_REF_S015,MC_G2_D075_DENS_LOW_V_REF,15,6.21900272369,6.33127592396,16.2383448965,0,0,12.4380054474,
MC_G2_D075_DENS_LOW_V_REF_S015,MC_G2_D075_DENS_LOW_V_REF,15,6.22801065445,6.64984996314,16.3033068606,0,0,12.4560213089,
MC_G2_D075_DENS_LOW_V_REF_S015,MC_G2_D075_DENS_LOW_V_REF,15,6.23701906204,6.31841587298,15.8098076646,0,0,12.4740381241,
MC_G2_D075_DENS_LOW_V_REF_S015,MC_G2_D075_DENS_LOW_V_REF,15,6.2460269928,6.62963894323,16.3157675692,0,0,12.4920539856,
MC_G2_D075_DENS_LOW_V_REF_S015,MC_G2_D075_DENS_LOW_V_REF,15,6.25503492355,6.03182755639,16.1908490344,0,0,12.5100698471,
MC_G2_D075_DENS_LOW_V_REF_S015,MC_G2_D075_DENS_LOW_V_REF,15,6.26399993896,6.40598977518,16.9446795391,0,0,12.5279998779,
MC_G2_D075_DENS_LOW_V_REF_S015,MC_G2_D075_DENS_LOW_V_REF,15,6.27300834656,6.20307109108,16.6432469623,0,0,12.5460166931,
MC_G2_D075_DENS_LOW_V_REF_S015,MC_G2_D075_DENS_LOW_V_REF,15,6.28201627731,6.29012829233,17.047920374,0,0,12.5640325546,
MC_G2_D075_DENS_LOW_V_REF_S015,MC_G2_D075_DENS_LOW_V_REF,15,6.29102420807,6.46658691452,16.6483308612,0,0,12.5820484161,
MC_G2_D075_DENS_LOW_V_REF_S015,MC_G2_D075_DENS_LOW_V_REF,15,6.30003261566,6.4946810777,17.0761707669,0,0,12.6000652313,
MC_G2_D075_DENS_LOW_V_REF_S015,MC_G2_D075_DENS_LOW_V_REF,15,6.30904054642,6.43225420914,15.3965364366,0,0,12.6180810928,
MC_G2_D075_DENS_LOW_V_REF_S015,MC_G2_D075_DENS_LOW_V_REF,15,6.31800556183,6.64817994148,17.2793603817,0,0,12.6360111237,
MC_G2_D075_DENS_LOW_V_REF_S015,MC_G2_D075_DENS_LOW_V_REF,15,6.32701349258,6.53754017758,15.9605159267,0,0,12.6540269852,
MC_G2_D075_DENS_LOW_V_REF_S015,MC_G2_D075_DENS_LOW_V_REF,15,6.33602190018,6.68493257566,16.6157000675,0,0,12.6720438004,
MC_G2_D075_DENS_LOW_V_REF_S015,MC_G2_D075_DENS_LOW_V_REF,15,6.34502983093,6.67514952025,17.6386439921,0,0,12.6900596619,
MC_G2_D075_DENS_LOW_V_REF_S015,MC_G2_D075_DENS_LOW_V_REF,15,6.35403823853,6.51595644629,17.2979867936,0,0,12.7080764771,
MC_G2_D075_DENS_LOW_V_REF_S015,MC_G2_D075_DENS_LOW_V_REF,15,6.36300325394,6.86037382198,17.2036642985,0,0,12.7260065079,
MC_G2_D075_DENS_LOW_V_REF_S015,MC_G2_D075_DENS_LOW_V_REF,15,6.37201118469,6.8551228141,16.2903140937,0,0,12.7440223694,
MC_G2_D075_DENS_LOW_V_REF_S015,MC_G2_D075_DENS_LOW_V_REF,15,6.38101911545,6.35369908705,17.724624101,0,0,12.7620382309,
MC_G2_D075_DENS_LOW_V_REF_S015,MC_G2_D075_DENS_LOW_V_REF,15,6.39002752304,6.88829225158,17.9462132417,0,0,12.7800550461,
MC_G2_D075_DENS_LOW_V_REF_S015,MC_G2_D075_DENS_LOW_V_REF,15,6.3990354538,6.76279250011,17.8087584455,0,0,12.7980709076,
MC_G2_D075_DENS_LOW_V_REF_S015,MC_G2_D075_DENS_LOW_V_REF,15,6.40800046921,6.51584150105,17.7319926815,0,0,12.8160009384,
MC_G2_D075_DENS_LOW_V_REF_S015,MC_G2_D075_DENS_LOW_V_REF,15,6.41700839996,6.35023304607,17.7630188799,0,0,12.8340167999,
MC_G2_D075_DENS_LOW_V_REF_S015,MC_G2_D075_DENS_LOW_V_REF,15,6.42601680756,6.48871884617,17.0369504113,0,0,12.8520336151,
MC_G2_D075_DENS_LOW_V_REF_S015,MC_G2_D075_DENS_LOW_V_REF,15,6.43502473831,7.33923346749,18.101539634,0,0,12.8700494766,
MC_G2_D075_DENS_LOW_V_REF_S015,MC_G2_D075_DENS_LOW_V_REF,15,6.44403266907,6.68543988204,18.5292383221,0,0,12.8880653381,
MC_G2_D075_DENS_LOW_V_REF_S015,MC_G2_D075_DENS_LOW_V_REF,15,6.45304107666,6.63788405347,18.3776974662,0,0,12.9060821533,
MC_G2_D075_DENS_LOW_V_REF_S015,MC_G2_D075_DENS_LOW_V_REF,15,6.46200609207,6.92805943512,17.9448471004,0,0,12.9240121841,
MC_G2_D075_DENS_LOW_V_REF_S015,MC_G2_D075_DENS_LOW_V_REF,15,6.47101402283,6.89073096951,20.0751728838,0,0,12.9420280457,
MC_G2_D075_DENS_LOW_V_REF_S015,MC_G2_D075_DENS_LOW_V_REF,15,6.48002243042,6.82938889661,19.4240408456,0,0,12.9600448608,
MC_G2_D075_DENS_LOW_V_REF_S015,MC_G2_D075_DENS_LOW_V_REF,15,6.48903036118,6.36824794881,18.4227725073,0,0,12.9780607224,
MC_G2_D075_DENS_LOW_V_REF_S015,MC_G2_D075_DENS_LOW_V_REF,15,6.49803829193,7.0800662213,19.0235554793,0,0,12.9960765839,
MC_G2_D075_DENS_LOW_V_REF_S015,MC_G2_D075_DENS_LOW_V_REF,15,6.50700330734,6.87099686181,19.8021408091,0,0,13.0140066147,
MC_G2_D075_DENS_LOW_V_REF_S015,MC_G2_D075_DENS_LOW_V_REF,15,6.51601171494,6.35807750585,19.5375229205,0,0,13.0320234299,
MC_G2_D075_DENS_LOW_V_REF_S015,MC_G2_D075_DENS_LOW_V_REF,15,6.52501964569,5.94201995878,19.6227382977,0,0,13.0500392914,
MC_G2_D075_DENS_LOW_V_REF_S015,MC_G2_D075_DENS_LOW_V_REF,15,6.53402757645,6.16446054399,20.1283180216,0,0,13.0680551529,
MC_G2_D075_DENS_LOW_V_REF_S015,MC_G2_D075_DENS_LOW_V_REF,15,6.54303598404,6.47909273522,20.5712004418,0,0,13.0860719681,
MC_G2_D075_DENS_LOW_V_REF_S015,MC_G2_D075_DENS_LOW_V_REF,15,6.55200099945,6.57994447011,20.467240495,0,0,13.1040019989,
MC_G2_D075_DENS_LOW_V_REF_S015,MC_G2_D075_DENS_LOW_V_REF,15,6.56100893021,6.90208789046,21.0956770163,0,0,13.1220178604,
MC_G2_D075_DENS_LOW_V_REF_S015,MC_G2_D075_DENS_LOW_V_REF,15,6.57001686096,6.89663738628,20.8631069284,0,0,13.1400337219,
MC_G2_D075_DENS_LOW_V_REF_S015,MC_G2_D075_DENS_LOW_V_REF,15,6.57902526855,6.12784219679,21.418727029,0,0,13.1580505371,
MC_G2_D075_DENS_LOW_V_REF_S015,MC_G2_D075_DENS_LOW_V_REF,15,6.58803319931,7.0573628792,21.6772865873,0,0,13.1760663986,
MC_G2_D075_DENS_LOW_V_REF_S015,MC_G2_D075_DENS_LOW_V_REF,15,6.5970416069,6.59789140043,20.8175142603,0,0,13.1940832138,
MC_G2_D075_DENS_LOW_V_REF_S015,MC_G2_D075_DENS_LOW_V_REF,15,6.60600614548,6.07476899686,21.6450250517,0,0,13.212012291,
MC_G2_D075_DENS_LOW_V_REF_S015,MC_G2_D075_DENS_LOW_V_REF,15,6.61501455307,6.86355028938,21.840508681,0,0,13.2300291061,
MC_G2_D075_DENS_LOW_V_REF_S015,MC_G2_D075_DENS_LOW_V_REF,15,6.62402248383,6.7775336741,21.722062065,0,0,13.2480449677,
MC_G2_D075_DENS_LOW_V_REF_S015,MC_G2_D075_DENS_LOW_V_REF,15,6.63303089142,6.62449348602,22.4219678918,0,0,13.2660617828,
MC_G2_D075_DENS_LOW_V_REF_S015,MC_G2_D075_DENS_LOW_V_REF,15,6.64203882217,6.54803832499,21.2268300781,0,0,13.2840776443,
MC_G2_D075_DENS_LOW_V_REF_S015,MC_G2_D075_DENS_LOW_V_REF,15,6.65100383759,6.60407081215,21.2739128667,0,0,13.3020076752,
MC_G2_D075_DENS_LOW_V_REF_S015,MC_G2_D075_DENS_LOW_V_REF,15,6.66001176834,6.61856164867,21.0219166808,0,0,13.3200235367,
MC_G2_D075_DENS_LOW_V_REF_S015,MC_G2_D075_DENS_LOW_V_REF,15,6.66902017593,7.51003103677,23.5669239034,0,0,13.3380403519,
MC_G2_D075_DENS_LOW_V_REF_S015,MC_G2_D075_DENS_LOW_V_REF,15,6.67802810669,6.72755128527,21.2516130784,0,0,13.3560562134,
MC_G2_D075_DENS_LOW_V_REF_S015,MC_G2_D075_DENS_LOW_V_REF,15,6.68703603745,6.28898547142,22.2024870516,0,0,13.3740720749,
MC_G2_D075_DENS_LOW_V_REF_S015,MC_G2_D075_DENS_LOW_V_REF,15,6.69600105286,7.08206118431,22.9675370334,0,0,13.3920021057,
MC_G2_D075_DENS_LOW_V_REF_S015,MC_G2_D075_DENS_LOW_V_REF,15,6.70500946045,6.70321107878,23.9048953759,0,0,13.4100189209,
MC_G2_D075_DENS_LOW_V_REF_S015,MC_G2_D075_DENS_LOW_V_REF,15,6.7140173912,6.32914170038,22.515275337,0,0,13.4280347824,
MC_G2_D075_DENS_LOW_V_REF_S015,MC_G2_D075_DENS_LOW_V_REF,15,6.7230257988,7.36446118383,24.5521497284,0,0,13.4460515976,
MC_G2_D075_DENS_LOW_V_REF_S015,MC_G2_D075_DENS_LOW_V_REF,15,6.73203372955,6.5626065285,22.5622911998,0,0,13.4640674591,
MC_G2_D075_DENS_LOW_V_REF_S015,MC_G2_D075_DENS_LOW_V_REF,15,6.74104166031,6.95127229409,23.1424142081,0,0,13.4820833206,
MC_G2_D075_DENS_LOW_V_REF_S015,MC_G2_D075_DENS_LOW_V_REF,15,6.75000667572,6.73561237261,23.9056248408,0,0,13.5000133514,
MC_G2_D075_DENS_LOW_V_REF_S015,MC_G2_D075_DENS_LOW_V_REF,15,6.75901508331,6.48036929049,25.091258435,0,0,13.5180301666,
MC_G2_D075_DENS_LOW_V_REF_S015,MC_G2_D075_DENS_LOW_V_REF,15,6.76802301407,6.74428410652,24.7332148763,0,0,13.5360460281,
MC_G2_D075_DENS_LOW_V_REF_S015,MC_G2_D075_DENS_LOW_V_REF,15,6.77703094482,6.62634697796,24.6810351132,0,0,13.5540618896,
MC_G2_D075_DENS_LOW_V_REF_S015,MC_G2_D075_DENS_LOW_V_REF,15,6.78603935242,6.34754675378,25.1857004757,0,0,13.5720787048,
MC_G2_D075_DENS_LOW_V_REF_S015,MC_G2_D075_DENS_LOW_V_REF,15,6.79500436783,6.53659353724,23.8229809163,0,0,13.5900087357,
MC_G2_D075_DENS_LOW_V_REF_S015,MC_G2_D075_DENS_LOW_V_REF,15,6.80401229858,6.7258215805,23.4663573294,0,0,13.6080245972,
MC_G2_D075_DENS_LOW_V_REF_S015,MC_G2_D075_DENS_LOW_V_REF,15,6.81302022934,6.56894896351,25.4723955512,0,0,13.6260404587,
MC_G2_D075_DENS_LOW_V_REF_S015,MC_G2_D075_DENS_LOW_V_REF,15,6.82202863693,7.48816325811,26.2659053195,0,0,13.6440572739,
MC_G2_D075_DENS_LOW_V_REF_S015,MC_G2_D075_DENS_LOW_V_REF,15,6.83101272583,7.25187066664,26.7434221449,0,0,13.6620254517,
MC_G2_D075_DENS_LOW_V_REF_S015,MC_G2_D075_DENS_LOW_V_REF,15,6.84002113342,7.27119362407,26.5620094489,0,0,13.6800422668,
MC_G2_D075_DENS_LOW_V_REF_S015,MC_G2_D075_DENS_LOW_V_REF,15,6.84902906418,6.9876834083,26.7113302503,0,0,13.6980581284,
MC_G2_D075_DENS_LOW_V_REF_S015,MC_G2_D075_DENS_LOW_V_REF,15,6.85803699493,6.91857368999,26.3520847749,0,0,13.7160739899,
MC_G2_D075_DENS_LOW_V_REF_S015,MC_G2_D075_DENS_LOW_V_REF,15,6.867000103,6.45174682132,25.7682192876,0,0,13.734000206,
MC_G2_D075_DENS_LOW_V_REF_S015,MC_G2_D075_DENS_LOW_V_REF,15,6.87603807449,7.09121811975,26.5518277078,0,0,13.752076149,
MC_G2_D075_DENS_LOW_V_REF_S015,MC_G2_D075_DENS_LOW_V_REF,15,6.8850030899,6.81069703274,29.0561622194,0,0,13.7700061798,
MC_G2_D075_DENS_LOW_V_REF_S015,MC_G2_D075_DENS_LOW_V_REF,15,6.89401054382,6.73776096434,27.5145911354,0,0,13.7880210876,
MC_G2_D075_DENS_LOW_V_REF_S015,MC_G2_D075_DENS_LOW_V_REF,15,6.90301895142,7.40502635258,27.4158046299,0,0,13.8060379028,
MC_G2_D075_DENS_LOW_V_REF_S015,MC_G2_D075_DENS_LOW_V_REF,15,6.9120259285,6.78546489543,25.8617050262,0,0,13.824051857,
MC_G2_D075_DENS_LOW_V_REF_S015,MC_G2_D075_DENS_LOW_V_REF,15,6.92101240158,6.55296162842,26.532698669,0,0,13.8420248032,
MC_G2_D075_DENS_LOW_V_REF_S015,MC_G2_D075_DENS_LOW_V_REF,15,6.93001556396,6.39035280202,26.9083408002,0,0,13.8600311279,
MC_G2_D075_DENS_LOW_V_REF_S015,MC_G2_D075_DENS_LOW_V_REF,15,6.93902301788,6.90023771425,27.5225243212,0,0,13.8780460358,
MC_G2_D075_DENS_LOW_V_REF_S015,MC_G2_D075_DENS_LOW_V_REF,15,6.94800138474,7.03850799203,27.3191415483,0,0,13.8960027695,
MC_G2_D075_DENS_LOW_V_REF_S015,MC_G2_D075_DENS_LOW_V_REF,15,6.95703554153,6.97655693043,27.4651595318,0,0,13.9140710831,
MC_G2_D075_DENS_LOW_V_REF_S015,MC_G2_D075_DENS_LOW_V_REF,15,6.96601486206,7.26087397335,29.5640234481,0,0,13.9320297241,
MC_G2_D075_DENS_LOW_V_REF_S015,MC_G2_D075_DENS_LOW_V_REF,15,6.97501468658,6.91008100538,27.8206725468,0,0,13.9500293732,
MC_G2_D075_DENS_LOW_V_REF_S015,MC_G2_D075_DENS_LOW_V_REF,15,6.98402261734,6.44940757523,28.0494400443,0,0,13.9680452347,
MC_G2_D075_DENS_LOW_V_REF_S015,MC_G2_D075_DENS_LOW_V_REF,15,6.99302911758,7.12247825053,28.4617802972,0,0,13.9860582352,
MC_G2_D075_DENS_LOW_V_REF_S015,MC_G2_D075_DENS_LOW_V_REF,15,7.00202417374,6.70487336374,29.7691638938,0,0,14.0040483475,
MC_G2_D075_DENS_LOW_V_REF_S015,MC_G2_D075_DENS_LOW_V_REF,15,7.01102781296,6.46674164849,29.458276715,0,0,14.0220556259,
MC_G2_D075_DENS_LOW_V_REF_S015,MC_G2_D075_DENS_LOW_V_REF,15,7.02001047134,7.21117176354,29.0430064792,0,0,14.0400209427,
MC_G2_D075_DENS_LOW_V_REF_S015,MC_G2_D075_DENS_LOW_V_REF,15,7.02902984619,6.78389213512,30.2983809328,0,0,14.0580596924,
MC_G2_D075_DENS_LOW_V_REF_S015,MC_G2_D075_DENS_LOW_V_REF,15,7.03801631927,6.48577171661,29.3880400416,0,0,14.0760326385,
MC_G2_D075_DENS_LOW_V_REF_S015,MC_G2_D075_DENS_LOW_V_REF,15,7.04701662064,6.23024292927,30.4194210699,0,0,14.0940332413,
MC_G2_D075_DENS_LOW_V_REF_S015,MC_G2_D075_DENS_LOW_V_REF,15,7.05601882935,7.23522681742,31.2567639232,0,0,14.1120376587,
MC_G2_D075_DENS_LOW_V_REF_S015,MC_G2_D075_DENS_LOW_V_REF,15,7.06502914429,6.74654598563,30.2969214615,0,0,14.1300582886,
MC_G2_D075_DENS_LOW_V_REF_S015,MC_G2_D075_DENS_LOW_V_REF,15,7.0740237236,7.35841053289,30.20932095,0,0,14.1480474472,
MC_G2_D075_DENS_LOW_V_REF_S015,MC_G2_D075_DENS_LOW_V_REF,15,7.08300113678,6.59196453666,29.3914670576,0,0,14.1660022736,
MC_G2_D075_DENS_LOW_V_REF_S015,MC_G2_D075_DENS_LOW_V_REF,15,7.0920009613,7.23782690078,31.6093616155,0,0,14.1840019226,
MC_G2_D075_DENS_LOW_V_REF_S015,MC_G2_D075_DENS_LOW_V_REF,15,7.10101985931,7.23296383307,30.2718181842,0,0,14.2020397186,
MC_G2_D075_DENS_LOW_V_REF_S015,MC_G2_D075_DENS_LOW_V_REF,15,7.11000108719,7.22345653571,31.9135162477,0,0,14.2200021744,
MC_G2_D075_DENS_LOW_V_REF_S015,MC_G2_D075_DENS_LOW_V_REF,15,7.11900138855,6.42415554354,31.5952065245,0,0,14.2380027771,
MC_G2_D075_DENS_LOW_V_REF_S015,MC_G2_D075_DENS_LOW_V_REF,15,7.12801122665,7.2620228731,33.775473181,0,0,14.2560224533,
MC_G2_D075_DENS_LOW_V_REF_S015,MC_G2_D075_DENS_LOW_V_REF,15,7.13701534271,6.67187800198,30.2695363604,0,0,14.2740306854,
MC_G2_D075_DENS_LOW_V_REF_S015,MC_G2_D075_DENS_LOW_V_REF,15,7.14603853226,6.84449701116,31.5085802514,0,0,14.2920770645,
MC_G2_D075_DENS_LOW_V_REF_S015,MC_G2_D075_DENS_LOW_V_REF,15,7.1550154686,7.23375905517,31.9687091742,0,0,14.3100309372,
MC_G2_D075_DENS_LOW_V_REF_S015,MC_G2_D075_DENS_LOW_V_REF,15,7.16400957108,6.84216439653,28.9628176676,0,0,14.3280191422,
MC_G2_D075_DENS_LOW_V_REF_S015,MC_G2_D075_DENS_LOW_V_REF,15,7.17303466797,6.82519892169,32.0427455998,0,0,14.3460693359,
MC_G2_D075_DENS_LOW_V_REF_S015,MC_G2_D075_DENS_LOW_V_REF,15,7.18202447891,7.24548733766,33.3357791346,0,0,14.3640489578,
MC_G2_D075_DENS_LOW_V_REF_S015,MC_G2_D075_DENS_LOW_V_REF,15,7.19101285934,6.89868208521,33.9461115596,0,0,14.3820257187,
MC_G2_D075_DENS_LOW_V_REF_S015,MC_G2_D075_DENS_LOW_V_REF,15,7.20003509521,6.94886783868,33.0028203048,0,0,14.4000701904,
MC_G2_D075_DENS_LOW_V_REF_S015,MC_G2_D075_DENS_LOW_V_REF,15,7.20900774002,6.68374278194,32.6854942758,0,0,14.41801548,
MC_G2_D075_DENS_LOW_V_REF_S015,MC_G2_D075_DENS_LOW_V_REF,15,7.21801424026,6.92159044983,32.9146140241,0,0,14.4360284805,
MC_G2_D075_DENS_LOW_V_REF_S015,MC_G2_D075_DENS_LOW_V_REF,15,7.22703123093,6.93564803122,33.8906247619,0,0,14.4540624619,
MC_G2_D075_DENS_LOW_V_REF_S015,MC_G2_D075_DENS_LOW_V_REF,15,7.23603439331,6.96090393126,32.0352419494,0,0,14.4720687866,
MC_G2_D075_DENS_LOW_V_REF_S015,MC_G2_D075_DENS_LOW_V_REF,15,7.24501276016,6.64295214369,34.3547156882,0,0,14.4900255203,
MC_G2_D075_DENS_LOW_V_REF_S015,MC_G2_D075_DENS_LOW_V_REF,15,7.25402021408,6.92277582258,34.3075216156,0,0,14.5080404282,
MC_G2_D075_DENS_LOW_V_REF_S015,MC_G2_D075_DENS_LOW_V_REF,15,7.26301288605,6.9177475211,35.3671067629,0,0,14.5260257721,
MC_G2_D075_DENS_LOW_V_REF_S015,MC_G2_D075_DENS_LOW_V_REF,15,7.27200984955,6.84445003835,33.6830323535,0,0,14.5440196991,
MC_G2_D075_DENS_LOW_V_REF_S015,MC_G2_D075_DENS_LOW_V_REF,15,7.2810087204,6.65931526128,32.9163757866,0,0,14.5620174408,
MC_G2_D075_DENS_LOW_V_REF_S015,MC_G2_D075_DENS_LOW_V_REF,15,7.29003095627,7.18337877898,33.2981648753,0,0,14.5800619125,
MC_G2_D075_DENS_LOW_V_REF_S015,MC_G2_D075_DENS_LOW_V_REF,15,7.2990231514,6.90204147027,35.9154636528,0,0,14.5980463028,
MC_G2_D075_DENS_LOW_V_REF_S015,MC_G2_D075_DENS_LOW_V_REF,15,7.30801057816,7.19247216297,34.3425742134,0,0,14.6160211563,
MC_G2_D075_DENS_LOW_V_REF_S015,MC_G2_D075_DENS_LOW_V_REF,15,7.31702947617,6.8436973681,36.5918912,0,0,14.6340589523,
MC_G2_D075_DENS_LOW_V_REF_S015,MC_G2_D075_DENS_LOW_V_REF,15,7.32603931427,7.04909400623,36.7204486527,0,0,14.6520786285,
MC_G2_D075_DENS_LOW_V_REF_S015,MC_G2_D075_DENS_LOW_V_REF,15,7.33500099182,6.80180038195,31.4334593502,0,0,14.6700019836,
MC_G2_D075_DENS_LOW_V_REF_S015,MC_G2_D075_DENS_LOW_V_REF,15,7.34401655197,7.05807520809,36.0240522781,0,0,14.6880331039,
MC_G2_D075_DENS_LOW_V_REF_S015,MC_G2_D075_DENS_LOW_V_REF,15,7.35300207138,6.66593179647,33.6262748584,0,0,14.7060041428,
MC_G2_D075_DENS_LOW_V_REF_S015,MC_G2_D075_DENS_LOW_V_REF,15,7.36200714111,6.90682164478,35.2151668668,0,0,14.7240142822,
MC_G2_D075_DENS_LOW_V_REF_S015,MC_G2_D075_DENS_LOW_V_REF,15,7.37102890015,6.71880384223,35.6564680951,0,0,14.7420578003,
MC_G2_D075_DENS_LOW_V_REF_S015,MC_G2_D075_DENS_LOW_V_REF,15,7.38002109528,6.94986145184,34.4755959181,0,0,14.7600421906,
MC_G2_D075_DENS_LOW_V_REF_S015,MC_G2_D075_DENS_LOW_V_REF,15,7.38901090622,7.1304000773,34.4559900456,0,0,14.7780218124,
MC_G2_D075_DENS_LOW_V_REF_S015,MC_G2_D075_DENS_LOW_V_REF,15,7.398001194,6.36598883281,34.5871833211,0,0,14.796002388,
MC_G2_D075_DENS_LOW_V_REF_S015,MC_G2_D075_DENS_LOW_V_REF,15,7.4070057869,7.19580060124,36.9491363981,0,0,14.8140115738,
MC_G2_D075_DENS_LOW_V_REF_S015,MC_G2_D075_DENS_LOW_V_REF,15,7.41601467133,6.91901136608,35.0622918631,0,0,14.8320293427,
MC_G2_D075_DENS_LOW_V_REF_S015,MC_G2_D075_DENS_LOW_V_REF,15,7.42502498627,7.81898780694,34.8959379487,0,0,14.8500499725,
MC_G2_D075_DENS_LOW_V_REF_S015,MC_G2_D075_DENS_LOW_V_REF,15,7.43402004242,6.90870718876,34.6980670307,0,0,14.8680400848,
MC_G2_D075_DENS_LOW_V_REF_S015,MC_G2_D075_DENS_LOW_V_REF,15,7.44302558899,6.77991657727,35.7663840162,0,0,14.886051178,
MC_G2_D075_DENS_LOW_V_REF_S015,MC_G2_D075_DENS_LOW_V_REF,15,7.4520149231,6.72394432585,34.111176436,0,0,14.9040298462,
MC_G2_D075_DENS_LOW_V_REF_S015,MC_G2_D075_DENS_LOW_V_REF,15,7.4610080719,7.1216277663,36.3274387624,0,0,14.9220161438,
MC_G2_D075_DENS_LOW_V_REF_S015,MC_G2_D075_DENS_LOW_V_REF,15,7.47000837326,6.96416826545,36.5793020083,0,0,14.9400167465,
MC_G2_D075_DENS_LOW_V_REF_S015,MC_G2_D075_DENS_LOW_V_REF,15,7.47903060913,6.61629590121,35.6417444067,0,0,14.9580612183,
MC_G2_D075_DENS_LOW_V_REF_S015,MC_G2_D075_DENS_LOW_V_REF,15,7.48800706863,7.10309339951,36.891939667,0,0,14.9760141373,
MC_G2_D075_DENS_LOW_V_REF_S015,MC_G2_D075_DENS_LOW_V_REF,15,7.49701023102,6.89922807508,36.3113762063,0,0,14.994020462,
MC_G2_D075_DENS_LOW_V_REF_S015,MC_G2_D075_DENS_LOW_V_REF,15,7.50601243973,6.98207651228,35.3347345476,0,0,15.0120248795,
MC_G2_D075_DENS_LOW_V_REF_S015,MC_G2_D075_DENS_LOW_V_REF,15,7.51501226425,7.02330261613,36.1910504944,0,0,15.0300245285,
MC_G2_D075_DENS_LOW_V_REF_S015,MC_G2_D075_DENS_LOW_V_REF,15,7.52402830124,7.14515672468,34.5065538571,0,0,15.0480566025,
MC_G2_D075_DENS_LOW_V_REF_S015,MC_G2_D075_DENS_LOW_V_REF,15,7.53302049637,7.08601795303,33.5983666232,0,0,15.0660409927,
MC_G2_D075_DENS_LOW_V_REF_S015,MC_G2_D075_DENS_LOW_V_REF,15,7.54203367233,7.71788683982,35.4245912396,0,0,15.0840673447,
MC_G2_D075_DENS_LOW_V_REF_S015,MC_G2_D075_DENS_LOW_V_REF,15,7.55101156235,7.5573138704,36.9237708476,0,0,15.1020231247,
MC_G2_D075_DENS_LOW_V_REF_S015,MC_G2_D075_DENS_LOW_V_REF,15,7.56000089645,7.18453928377,33.0176745921,0,0,15.1200017929,
MC_G2_D075_DENS_LOW_V_REF_S015,MC_G2_D075_DENS_LOW_V_REF,15,7.56900882721,7.07620174034,34.7921286729,0,0,15.1380176544,
MC_G2_D075_DENS_LOW_V_REF_S015,MC_G2_D075_DENS_LOW_V_REF,15,7.57802009583,6.82523484208,34.5915648986,0,0,15.1560401917,
MC_G2_D075_DENS_LOW_V_REF_S015,MC_G2_D075_DENS_LOW_V_REF,15,7.58700704575,7.04604464173,34.7130144189,0,0,15.1740140915,
MC_G2_D075_DENS_LOW_V_REF_S015,MC_G2_D075_DENS_LOW_V_REF,15,7.59601163864,6.8229530686,36.6834584071,0,0,15.1920232773,
MC_G2_D075_DENS_LOW_V_REF_S015,MC_G2_D075_DENS_LOW_V_REF,15,7.60501146317,7.07087723383,37.9285989406,0,0,15.2100229263,
MC_G2_D075_DENS_LOW_V_REF_S015,MC_G2_D075_DENS_LOW_V_REF,15,7.61401987076,6.2303810846,36.305863077,0,0,15.2280397415,
MC_G2_D075_DENS_LOW_V_REF_S015,MC_G2_D075_DENS_LOW_V_REF,15,7.62301826477,6.92340138993,35.7085177773,0,0,15.2460365295,
MC_G2_D075_DENS_LOW_V_REF_S015,MC_G2_D075_DENS_LOW_V_REF,15,7.63200378418,6.90581145299,37.7261893736,0,0,15.2640075684,
MC_G2_D075_DENS_LOW_V_REF_S015,MC_G2_D075_DENS_LOW_V_REF,15,7.64100599289,7.21646532326,37.5718847968,0,0,15.2820119858,
MC_G2_D075_DENS_LOW_V_REF_S015,MC_G2_D075_DENS_LOW_V_REF,15,7.65001440048,7.54985292982,36.8314041416,0,0,15.300028801,
MC_G2_D075_DENS_LOW_V_REF_S015,MC_G2_D075_DENS_LOW_V_REF,15,7.65900325775,7.25684094289,34.0282479895,0,0,15.3180065155,
MC_G2_D075_DENS_LOW_V_REF_S015,MC_G2_D075_DENS_LOW_V_REF,15,7.66800022125,7.01781674419,35.8481694027,0,0,15.3360004425,
MC_G2_D075_DENS_LOW_V_REF_S015,MC_G2_D075_DENS_LOW_V_REF,15,7.67701911926,7.05830454594,36.4252220386,0,0,15.3540382385,
MC_G2_D075_DENS_LOW_V_REF_S015,MC_G2_D075_DENS_LOW_V_REF,15,7.68600702286,7.11767541855,37.0039748371,0,0,15.3720140457,
MC_G2_D075_DENS_LOW_V_REF_S015,MC_G2_D075_DENS_LOW_V_REF,15,7.69500589371,6.79868083454,36.2258018431,0,0,15.3900117874,
MC_G2_D075_DENS_LOW_V_REF_S015,MC_G2_D075_DENS_LOW_V_REF,15,7.70400714874,6.74756833509,36.3469671748,0,0,15.4080142975,
MC_G2_D075_DENS_LOW_V_REF_S015,MC_G2_D075_DENS_LOW_V_REF,15,7.71301317215,7.05176150939,34.6702223313,0,0,15.4260263443,
MC_G2_D075_DENS_LOW_V_REF_S015,MC_G2_D075_DENS_LOW_V_REF,15,7.72201347351,7.05173332571,36.8448364316,0,0,15.444026947,
MC_G2_D075_DENS_LOW_V_REF_S015,MC_G2_D075_DENS_LOW_V_REF,15,7.7310051918,6.97097932335,37.2829733425,0,0,15.4620103836,
MC_G2_D075_DENS_LOW_V_REF_S015,MC_G2_D075_DENS_LOW_V_REF,15,7.74001598358,7.07239141627,36.9658762413,0,0,15.4800319672,
MC_G2_D075_DENS_LOW_V_REF_S015,MC_G2_D075_DENS_LOW_V_REF,15,7.74901485443,7.05759995375,36.8652631002,0,0,15.4980297089,
MC_G2_D075_DENS_LOW_V_REF_S015,MC_G2_D075_DENS_LOW_V_REF,15,7.75800275803,7.29584550899,36.3702498471,0,0,15.5160055161,
MC_G2_D075_DENS_LOW_V_REF_S015,MC_G2_D075_DENS_LOW_V_REF,15,7.76700687408,7.32867176863,35.5078834591,0,0,15.5340137482,
MC_G2_D075_DENS_LOW_V_REF_S015,MC_G2_D075_DENS_LOW_V_REF,15,7.77601051331,7.09232170454,35.4675893061,0,0,15.5520210266,
MC_G2_D075_DENS_LOW_V_REF_S015,MC_G2_D075_DENS_LOW_V_REF,15,7.78500795364,6.84877651074,32.5133402583,0,0,15.5700159073,
MC_G2_D075_DENS_LOW_V_REF_S015,MC_G2_D075_DENS_LOW_V_REF,15,7.79401445389,7.36422024093,34.4540041916,0,0,15.5880289078,
MC_G2_D075_DENS_LOW_V_REF_S015,MC_G2_D075_DENS_LOW_V_REF,15,7.80300998688,7.13617773331,35.7301945622,0,0,15.6060199738,
MC_G2_D075_DENS_LOW_V_REF_S015,MC_G2_D075_DENS_LOW_V_REF,15,7.81200361252,7.20978247352,36.8942610377,0,0,15.624007225,
MC_G2_D075_DENS_LOW_V_REF_S015,MC_G2_D075_DENS_LOW_V_REF,15,7.8210144043,7.18471667522,37.1085957359,0,0,15.6420288086,
MC_G2_D075_DENS_LOW_V_REF_S015,MC_G2_D075_DENS_LOW_V_REF,15,7.8300037384,7.08657775844,37.1623143603,0,0,15.6600074768,
MC_G2_D075_DENS_LOW_V_REF_S015,MC_G2_D075_DENS_LOW_V_REF,15,7.83900785446,7.49550483248,39.4233288183,0,0,15.6780157089,
MC_G2_D075_DENS_LOW_V_REF_S015,MC_G2_D075_DENS_LOW_V_REF,15,7.84801578522,7.08357315627,37.4455782313,0,0,15.6960315704,
MC_G2_D075_DENS_LOW_V_REF_S015,MC_G2_D075_DENS_LOW_V_REF,15,7.85700941086,7.30419561729,38.2521075151,0,0,15.7140188217,
MC_G2_D075_DENS_LOW_V_REF_S015,MC_G2_D075_DENS_LOW_V_REF,15,7.86601161957,7.14128008605,36.2294008339,0,0,15.7320232391,
MC_G2_D075_DENS_LOW_V_REF_S015,MC_G2_D075_DENS_LOW_V_REF,15,7.87500619888,6.98187701598,41.2293081808,0,0,15.7500123978,
MC_G2_D075_DENS_LOW_V_REF_S015,MC_G2_D075_DENS_LOW_V_REF,15,7.8840045929,7.07650015586,39.1976296995,0,0,15.7680091858,
MC_G2_D075_DENS_LOW_V_REF_S015,MC_G2_D075_DENS_LOW_V_REF,15,7.8930015564,6.83886193146,36.1388266249,0,0,15.7860031128,
MC_G2_D075_DENS_LOW_V_REF_S015,MC_G2_D075_DENS_LOW_V_REF,15,7.90201854706,6.5693374563,38.0097393002,0,0,15.8040370941,
MC_G2_D075_DENS_LOW_V_REF_S015,MC_G2_D075_DENS_LOW_V_REF,15,7.91101551056,7.16058757008,38.2542695065,0,0,15.8220310211,
MC_G2_D075_DENS_LOW_V_REF_S015,MC_G2_D075_DENS_LOW_V_REF,15,7.92000675201,7.52610955437,39.1463651421,0,0,15.840013504,
MC_G2_D075_DENS_LOW_V_REF_S015,MC_G2_D075_DENS_LOW_V_REF,15,7.92900514603,7.24337466631,38.2840795207,0,0,15.8580102921,
MC_G2_D075_DENS_LOW_V_REF_S015,MC_G2_D075_DENS_LOW_V_REF,15,7.93800258636,6.64717969687,34.8723349341,0,0,15.8760051727,
MC_G2_D075_DENS_LOW_V_REF_S015,MC_G2_D075_DENS_LOW_V_REF,15,7.94700670242,7.33295347869,38.2767722634,0,0,15.8940134048,
MC_G2_D075_DENS_LOW_V_REF_S015,MC_G2_D075_DENS_LOW_V_REF,15,7.9560046196,7.18228458875,38.8997387114,0,0,15.9120092392,
MC_G2_D075_DENS_LOW_V_REF_S015,MC_G2_D075_DENS_LOW_V_REF,15,7.9650015831,6.83532239184,40.2237056799,0,0,15.9300031662,
MC_G2_D075_DENS_LOW_V_REF_S015,MC_G2_D075_DENS_LOW_V_REF,15,7.97400140762,6.99408442116,38.4806388951,0,0,15.9480028152,
MC_G2_D075_DENS_LOW_V_REF_S015,MC_G2_D075_DENS_LOW_V_REF,15,7.98300027847,7.05464895584,40.0075354841,0,0,15.9660005569,
MC_G2_D075_DENS_LOW_V_REF_S015,MC_G2_D075_DENS_LOW_V_REF,15,7.99200773239,7.31792991521,39.8473283154,0,0,15.9840154648,
MC_G2_D075_DENS_LOW_V_REF_S015,MC_G2_D075_DENS_LOW_V_REF,15,8.00100708008,7.35643546426,37.5139571549,0,0,16.0020141602,
MC_G2_D075_DENS_LOW_V_REF_S015,MC_G2_D075_DENS_LOW_V_REF,15,8.01000881195,6.66466297789,38.9899985329,0,0,16.0200176239,
MC_G2_D075_DENS_LOW_V_REF_S015,MC_G2_D075_DENS_LOW_V_REF,15,8.0190076828,7.78633009681,39.9970772236,0,0,16.0380153656,
MC_G2_D075_DENS_LOW_V_REF_S015,MC_G2_D075_DENS_LOW_V_REF,15,8.0280046463,6.88507654806,39.633513956,0,0,16.0560092926,
MC_G2_D075_DENS_LOW_V_REF_S015,MC_G2_D075_DENS_LOW_V_REF,15,8.03700637817,7.48994214617,40.2642606197,0,0,16.0740127563,
MC_G2_D075_DENS_LOW_V_REF_S015,MC_G2_D075_DENS_LOW_V_REF,15,8.046002388,7.34382685599,39.7843325625,0,0,16.092004776,
MC_G2_D075_DENS_LOW_V_REF_S015,MC_G2_D075_DENS_LOW_V_REF,15,8.05500507355,6.99118150132,40.7635220322,0,0,16.1100101471,
MC_G2_D075_DENS_LOW_V_REF_S015,MC_G2_D075_DENS_LOW_V_REF,15,8.06400585175,7.16282071288,40.1359838216,0,0,16.1280117035,
MC_G2_D075_DENS_LOW_V_REF_S015,MC_G2_D075_DENS_LOW_V_REF,15,8.07300567627,7.52313037278,39.6691150855,0,0,16.1460113525,
MC_G2_D075_DENS_LOW_V_REF_S015,MC_G2_D075_DENS_LOW_V_REF,15,8.08200454712,7.26810004987,41.541849852,0,0,16.1640090942,
MC_G2_D075_DENS_LOW_V_REF_S015,MC_G2_D075_DENS_LOW_V_REF,15,8.09100246429,7.133625728,40.2249059546,0,0,16.1820049286,
MC_G2_D075_DENS_LOW_V_REF_S015,MC_G2_D075_DENS_LOW_V_REF,15,8.10000419617,6.68092772888,40.5412168056,0,0,16.2000083923,
MC_G2_D075_DENS_LOW_V_REF_S015,MC_G2_D075_DENS_LOW_V_REF,15,8.10900688171,7.0625392832,41.0020260343,0,0,16.2180137634,
MC_G2_D075_DENS_LOW_V_REF_S015,MC_G2_D075_DENS_LOW_V_REF,15,8.11800098419,7.35950251264,41.3120866773,0,0,16.2360019684,
MC_G2_D075_DENS_LOW_V_REF_S015,MC_G2_D075_DENS_LOW_V_REF,15,8.12700271606,6.78099308362,39.4487464891,0,0,16.2540054321,
MC_G2_D075_DENS_LOW_V_REF_S015,MC_G2_D075_DENS_LOW_V_REF,15,8.13600730896,7.13025031692,41.3512401484,0,0,16.2720146179,
MC_G2_D075_DENS_LOW_V_REF_S015,MC_G2_D075_DENS_LOW_V_REF,15,8.14500045776,7.13994826864,41.6929140029,0,0,16.2900009155,
MC_G2_D075_DENS_LOW_V_REF_S015,MC_G2_D075_DENS_LOW_V_REF,15,8.15400600433,6.66966585879,40.8826863563,0,0,16.3080120087,
MC_G2_D075_DENS_LOW_V_REF_S015,MC_G2_D075_DENS_LOW_V_REF,15,8.16300582886,7.43319511964,42.4225961498,0,0,16.3260116577,
MC_G2_D075_DENS_LOW_V_REF_S015,MC_G2_D075_DENS_LOW_V_REF,15,8.17200756073,7.30101307105,40.8121962329,0,0,16.3440151215,
MC_G2_D075_DENS_LOW_V_REF_S015,MC_G2_D075_DENS_LOW_V_REF,15,8.18100452423,7.75698093058,41.6644360802,0,0,16.3620090485,
MC_G2_D075_DENS_LOW_V_REF_S015,MC_G2_D075_DENS_LOW_V_REF,15,8.19000339508,7.18285820969,39.7835985512,0,0,16.3800067902,
MC_G2_D075_DENS_LOW_V_REF_S015,MC_G2_D075_DENS_LOW_V_REF,15,8.19900417328,6.79006767849,40.2108302711,0,0,16.3980083466,
MC_G2_D075_DENS_LOW_V_REF_S015,MC_G2_D075_DENS_LOW_V_REF,15,8.20800495148,7.03189311471,42.2290505436,0,0,16.416009903,
MC_G2_D075_DENS_LOW_V_REF_S015,MC_G2_D075_DENS_LOW_V_REF,15,8.21700668335,6.61512268613,40.0332208746,0,0,16.4340133667,
MC_G2_D075_DENS_LOW_V_REF_S015,MC_G2_D075_DENS_LOW_V_REF,15,8.22600269318,7.48524541749,42.4314811043,0,0,16.4520053864,
MC_G2_D075_DENS_LOW_V_REF_S015,MC_G2_D075_DENS_LOW_V_REF,15,8.23501014709,8.08274070492,44.4477368196,0,0,16.4700202942,
MC_G2_D075_DENS_LOW_V_REF_S015,MC_G2_D075_DENS_LOW_V_REF,15,8.24400901794,7.42447917602,41.2370310078,0,0,16.4880180359,
MC_G2_D075_DENS_LOW_V_REF_S015,MC_G2_D075_DENS_LOW_V_REF,15,8.25300121307,6.44168966573,39.4132347339,0,0,16.5060024261,
MC_G2_D075_DENS_LOW_V_REF_S015,MC_G2_D075_DENS_LOW_V_REF,15,8.26200771332,6.78058193335,40.0685801752,0,0,16.5240154266,
MC_G2_D075_DENS_LOW_V_REF_S015,MC_G2_D075_DENS_LOW_V_REF,15,8.27100467682,7.00267491974,39.9986051562,0,0,16.5420093536,
MC_G2_D075_DENS_LOW_V_REF_S015,MC_G2_D075_DENS_LOW_V_REF,15,8.28001117706,7.29036516326,41.3759457849,0,0,16.5600223541,
MC_G2_D075_DENS_LOW_V_REF_S015,MC_G2_D075_DENS_LOW_V_REF,15,8.28900241852,7.61491303902,43.1689005211,0,0,16.578004837,
MC_G2_D075_DENS_LOW_V_REF_S015,MC_G2_D075_DENS_LOW_V_REF,15,8.29800701141,7.13627941563,41.8283365282,0,0,16.5960140228,
MC_G2_D075_DENS_LOW_V_REF_S015,MC_G2_D075_DENS_LOW_V_REF,15,8.30700969696,6.87332560809,41.1683294937,0,0,16.6140193939,
MC_G2_D075_DENS_LOW_V_REF_S015,MC_G2_D075_DENS_LOW_V_REF,15,8.31600856781,7.10125151262,42.6972241159,0,0,16.6320171356,
MC_G2_D075_DENS_LOW_V_REF_S015,MC_G2_D075_DENS_LOW_V_REF,15,8.32500171661,7.4038559006,42.7165714034,0,0,16.6500034332,
MC_G2_D075_DENS_LOW_V_REF_S015,MC_G2_D075_DENS_LOW_V_REF,15,8.33400917053,6.74315675901,42.893021615,0,0,16.6680183411,
MC_G2_D075_DENS_LOW_V_REF_S015,MC_G2_D075_DENS_LOW_V_REF,15,8.34300136566,7.09330868624,42.111586499,0,0,16.6860027313,
MC_G2_D075_DENS_LOW_V_REF_S015,MC_G2_D075_DENS_LOW_V_REF,15,8.35200023651,7.08939170625,42.1186263788,0,0,16.704000473,
MC_G2_D075_DENS_LOW_V_REF_S015,MC_G2_D075_DENS_LOW_V_REF,15,8.36100006104,7.15815603623,45.0453395068,0,0,16.7220001221,
MC_G2_D075_DENS_LOW_V_REF_S015,MC_G2_D075_DENS_LOW_V_REF,15,8.37000274658,7.5723274867,40.8402348631,0,0,16.7400054932,
MC_G2_D075_DENS_LOW_V_REF_S015,MC_G2_D075_DENS_LOW_V_REF,15,8.37900257111,7.06948075972,41.7848956161,0,0,16.7580051422,
MC_G2_D075_DENS_LOW_V_REF_S015,MC_G2_D075_DENS_LOW_V_REF,15,8.38800907135,6.7024550928,45.2537654114,0,0,16.7760181427,
MC_G2_D075_DENS_LOW_V_REF_S015,MC_G2_D075_DENS_LOW_V_REF,15,8.39700603485,7.5214106152,43.7135263257,0,0,16.7940120697,
MC_G2_D075_DENS_LOW_V_REF_S015,MC_G2_D075_DENS_LOW_V_REF,15,8.4060087204,7.35947653944,41.8200799307,0,0,16.8120174408,
MC_G2_D075_DENS_LOW_V_REF_S015,MC_G2_D075_DENS_LOW_V_REF,15,8.41500473022,7.48058460919,43.6211518752,0,0,16.8300094604,
MC_G2_D075_DENS_LOW_V_REF_S015,MC_G2_D075_DENS_LOW_V_REF,15,8.42400360107,7.17762267521,43.1480739563,0,0,16.8480072021,
MC_G2_D075_DENS_LOW_V_REF_S015,MC_G2_D075_DENS_LOW_V_REF,15,8.43301105499,7.56676756349,43.8571341141,0,0,16.86602211,
MC_G2_D075_DENS_LOW_V_REF_S015,MC_G2_D075_DENS_LOW_V_REF,15,8.44201660156,7.12829016906,45.0687988753,0,0,16.8840332031,
MC_G2_D075_DENS_LOW_V_REF_S015,MC_G2_D075_DENS_LOW_V_REF,15,8.45100784302,7.0217679867,44.8771427357,0,0,16.902015686,
MC_G2_D075_DENS_LOW_V_REF_S015,MC_G2_D075_DENS_LOW_V_REF,15,8.4600019455,7.10737179385,43.5541934377,0,0,16.920003891,
MC_G2_D075_DENS_LOW_V_REF_S015,MC_G2_D075_DENS_LOW_V_REF,15,8.46900463104,7.29026071783,42.5018063897,0,0,16.9380092621,
MC_G2_D075_DENS_LOW_V_REF_S015,MC_G2_D075_DENS_LOW_V_REF,15,8.47800540924,6.95943285327,45.9608393173,0,0,16.9560108185,
MC_G2_D075_DENS_LOW_V_REF_S015,MC_G2_D075_DENS_LOW_V_REF,15,8.48700046539,7.1412192977,43.4039291729,0,0,16.9740009308,
MC_G2_D075_DENS_LOW_V_REF_S015,MC_G2_D075_DENS_LOW_V_REF,15,8.49600696564,7.38984971298,47.5335392467,0,0,16.9920139313,
MC_G2_D075_DENS_LOW_V_REF_S015,MC_G2_D075_DENS_LOW_V_REF,15,8.50500583649,7.20971947468,46.5888335363,0,0,17.010011673,
MC_G2_D075_DENS_LOW_V_REF_S015,MC_G2_D075_DENS_LOW_V_REF,15,8.51400279999,6.86205379082,45.5217837438,0,0,17.0280056,
MC_G2_D075_DENS_LOW_V_REF_S015,MC_G2_D075_DENS_LOW_V_REF,15,8.52300453186,7.39909948881,46.5334758834,0,0,17.0460090637,
MC_G2_D075_DENS_LOW_V_REF_S015,MC_G2_D075_DENS_LOW_V_REF,15,8.53200054169,7.04051621795,47.7081538169,0,0,17.0640010834,
MC_G2_D075_DENS_LOW_V_REF_S015,MC_G2_D075_DENS_LOW_V_REF,15,8.54101085663,7.35783138574,46.9735874078,0,0,17.0820217133,
MC_G2_D075_DENS_LOW_V_REF_S015,MC_G2_D075_DENS_LOW_V_REF,15,8.55000019073,7.03938776519,47.6765407269,0,0,17.1000003815,
MC_G2_D075_DENS_LOW_V_REF_S015,MC_G2_D075_DENS_LOW_V_REF,15,8.55900478363,6.97011170786,46.1283109981,0,0,17.1180095673,
MC_G2_D075_DENS_LOW_V_REF_S015,MC_G2_D075_DENS_LOW_V_REF,15,8.56800842285,6.9160973938,47.2232910932,0,0,17.1360168457,
MC_G2_D075_DENS_LOW_V_REF_S015,MC_G2_D075_DENS_LOW_V_REF,15,8.57700824738,6.9839631615,50.5573039784,0,0,17.1540164948,
MC_G2_D075_DENS_LOW_V_REF_S015,MC_G2_D075_DENS_LOW_V_REF,15,8.58600521088,7.08337918618,45.5253072289,0,0,17.1720104218,
MC_G2_D075_DENS_LOW_V_REF_S015,MC_G2_D075_DENS_LOW_V_REF,15,8.59500312805,7.52909315693,51.2818905681,0,0,17.1900062561,
MC_G2_D075_DENS_LOW_V_REF_S015,MC_G2_D075_DENS_LOW_V_REF,15,8.6040019989,7.28709696071,46.3002855852,0,0,17.2080039978,
MC_G2_D075_DENS_LOW_V_REF_S015,MC_G2_D075_DENS_LOW_V_REF,15,8.61300468445,7.64179033003,47.5078083086,0,0,17.2260093689,
MC_G2_D075_DENS_LOW_V_REF_S015,MC_G2_D075_DENS_LOW_V_REF,15,8.6220035553,7.46131028243,47.5395325706,0,0,17.2440071106,
MC_G2_D075_DENS_LOW_V_REF_S015,MC_G2_D075_DENS_LOW_V_REF,15,8.63101005554,7.55411971911,47.421726632,0,0,17.2620201111,
MC_G2_D075_DENS_LOW_V_REF_S015,MC_G2_D075_DENS_LOW_V_REF,15,8.640001297,7.49070034264,47.6141848534,0,0,17.280002594,
MC_G2_D075_DENS_LOW_V_REF_S015,MC_G2_D075_DENS_LOW_V_REF,15,8.64900302887,7.23664484375,47.9217845676,0,0,17.2980060577,
MC_G2_D075_DENS_LOW_V_REF_S015,MC_G2_D075_DENS_LOW_V_REF,15,8.65800380707,7.55791622765,50.9876248205,0,0,17.3160076141,
MC_G2_D075_DENS_LOW_V_REF_S015,MC_G2_D075_DENS_LOW_V_REF,15,8.66700553894,7.28569164467,51.3133456096,0,0,17.3340110779,
MC_G2_D075_DENS_LOW_V_REF_S015,MC_G2_D075_DENS_LOW_V_REF,15,8.67601108551,7.24722367388,50.1479211182,0,0,17.352022171,
MC_G2_D075_DENS_LOW_V_REF_S015,MC_G2_D075_DENS_LOW_V_REF,15,8.68500995636,7.78620852011,50.2844031659,0,0,17.3700199127,
MC_G2_D075_DENS_LOW_V_REF_S015,MC_G2_D075_DENS_LOW_V_REF,15,8.69400501251,7.41458283324,50.0509772642,0,0,17.388010025,
MC_G2_D075_DENS_LOW_V_REF_S015,MC_G2_D075_DENS_LOW_V_REF,15,8.70300674438,7.14551206019,47.7587785782,0,0,17.4060134888,
MC_G2_D075_DENS_LOW_V_REF_S015,MC_G2_D075_DENS_LOW_V_REF,15,8.71200847626,7.16266818939,49.3483861955,0,0,17.4240169525,
MC_G2_D075_DENS_LOW_V_REF_S015,MC_G2_D075_DENS_LOW_V_REF,15,8.72100257874,7.2895008635,47.9569744399,0,0,17.4420051575,
MC_G2_D075_DENS_LOW_V_REF_S015,MC_G2_D075_DENS_LOW_V_REF,15,8.73001098633,7.64472364406,52.0601871116,0,0,17.4600219727,
MC_G2_D075_DENS_LOW_V_REF_S015,MC_G2_D075_DENS_LOW_V_REF,15,8.73900318146,7.28948152175,49.697639758,0,0,17.4780063629,
MC_G2_D075_DENS_LOW_V_REF_S015,MC_G2_D075_DENS_LOW_V_REF,15,8.74800491333,6.68118580304,48.3248669405,0,0,17.4960098267,
MC_G2_D075_DENS_LOW_V_REF_S015,MC_G2_D075_DENS_LOW_V_REF,15,8.7570104599,6.74582536741,50.153585639,0,0,17.5140209198,
MC_G2_D075_DENS_LOW_V_REF_S015,MC_G2_D075_DENS_LOW_V_REF,15,8.76600170135,7.7309077036,50.7675181424,0,0,17.5320034027,
MC_G2_D075_DENS_LOW_V_REF_S015,MC_G2_D075_DENS_LOW_V_REF,15,8.77501106262,7.16870226169,54.0185370344,0,0,17.5500221252,
MC_G2_D075_DENS_LOW_V_REF_S015,MC_G2_D075_DENS_LOW_V_REF,15,8.78401088715,7.11215915243,50.6222180362,0,0,17.5680217743,
MC_G2_D075_DENS_LOW_V_REF_S015,MC_G2_D075_DENS_LOW_V_REF,15,8.7930059433,7.33864934674,52.2119923452,0,0,17.5860118866,
MC_G2_D075_DENS_LOW_V_REF_S015,MC_G2_D075_DENS_LOW_V_REF,15,8.80200386047,7.08442253525,51.2398903786,0,0,17.6040077209,
MC_G2_D075_DENS_LOW_V_REF_S015,MC_G2_D075_DENS_LOW_V_REF,15,8.81100082397,7.11969746,50.3811926054,0,0,17.6220016479,
MC_G2_D075_DENS_LOW_V_REF_S015,MC_G2_D075_DENS_LOW_V_REF,15,8.82001113892,6.9164599134,51.993689294,0,0,17.6400222778,
MC_G2_D075_DENS_LOW_V_REF_S015,MC_G2_D075_DENS_LOW_V_REF,15,8.8290014267,7.13940780498,50.8807922481,0,0,17.6580028534,
MC_G2_D075_DENS_LOW_V_REF_S015,MC_G2_D075_DENS_LOW_V_REF,15,8.83800506592,7.11928520449,52.0818926217,0,0,17.6760101318,
MC_G2_D075_DENS_LOW_V_REF_S015,MC_G2_D075_DENS_LOW_V_REF,15,8.84700965881,6.90281514013,50.8376810996,0,0,17.6940193176,
MC_G2_D075_DENS_LOW_V_REF_S015,MC_G2_D075_DENS_LOW_V_REF,15,8.85600852966,7.07309545585,51.9770561602,0,0,17.7120170593,
MC_G2_D075_DENS_LOW_V_REF_S015,MC_G2_D075_DENS_LOW_V_REF,15,8.86500930786,7.59700423957,50.1862861341,0,0,17.7300186157,
MC_G2_D075_DENS_LOW_V_REF_S015,MC_G2_D075_DENS_LOW_V_REF,15,8.87401103973,7.80682240097,51.8650259657,0,0,17.7480220795,
MC_G2_D075_DENS_LOW_V_REF_S015,MC_G2_D075_DENS_LOW_V_REF,15,8.88300800323,7.70031734987,52.2307580331,0,0,17.7660160065,
MC_G2_D075_DENS_LOW_V_REF_S015,MC_G2_D075_DENS_LOW_V_REF,15,8.89200782776,7.27972001858,51.9696881482,0,0,17.7840156555,
MC_G2_D075_DENS_LOW_V_REF_S015,MC_G2_D075_DENS_LOW_V_REF,15,8.90101146698,7.46137825486,50.5994941527,0,0,17.802022934,
MC_G2_D075_DENS_LOW_V_REF_S015,MC_G2_D075_DENS_LOW_V_REF,15,8.9100112915,6.9415025016,51.2394046149,0,0,17.820022583,
MC_G2_D075_DENS_LOW_V_REF_S015,MC_G2_D075_DENS_LOW_V_REF,15,8.91900730133,6.97573131417,52.2851750602,0,0,17.8380146027,
MC_G2_D075_DENS_LOW_V_REF_S015,MC_G2_D075_DENS_LOW_V_REF,15,8.92800807953,6.7592297504,53.1187797461,0,0,17.8560161591,
MC_G2_D075_DENS_LOW_V_REF_S015,MC_G2_D075_DENS_LOW_V_REF,15,8.93701267242,7.14119719285,52.5632295415,0,0,17.8740253448,
MC_G2_D075_DENS_LOW_V_REF_S015,MC_G2_D075_DENS_LOW_V_REF,15,8.9460067749,7.09185695,49.8573933264,0,0,17.8920135498,
MC_G2_D075_DENS_LOW_V_REF_S015,MC_G2_D075_DENS_LOW_V_REF,15,8.95500564575,7.02468859043,53.4149370903,0,0,17.9100112915,
MC_G2_D075_DENS_LOW_V_REF_S015,MC_G2_D075_DENS_LOW_V_REF,15,8.96401023865,7.53017242639,52.8236749885,0,0,17.9280204773,
MC_G2_D075_DENS_LOW_V_REF_S015,MC_G2_D075_DENS_LOW_V_REF,15,8.97300243378,7.21087942686,52.6308162515,0,0,17.9460048676,
MC_G2_D075_DENS_LOW_V_REF_S015,MC_G2_D075_DENS_LOW_V_REF,15,8.98200798035,7.07043126841,52.3064726199,0,0,17.9640159607,
MC_G2_D075_DENS_LOW_V_REF_S015,MC_G2_D075_DENS_LOW_V_REF,15,8.99100208282,7.27691657057,54.5726978383,0,0,17.9820041656,
MC_G2_D075_DENS_LOW_V_REF_S015,MC_G2_D075_DENS_LOW_V_REF,15,9,7.32858279659,53.0157100414,0,0,18,
