run_id,scenario_id,S,z_m,qb_MPa,qs_kPa,ALLKE,ALLIE,time_s,walltime_h
MC_G1_D060_DENS_LOW_V_HIGH_S050,MC_G1_D060_DENS_LOW_V_HIGH,50,0,0,0,0,0,0,
MC_G1_D060_DENS_LOW_V_HIGH_S050,MC_G1_D060_DENS_LOW_V_HIGH,50,0.0100047830492,0,0,0,0,0.0100047830492,
MC_G1_D060_DENS_LOW_V_HIGH_S050,MC_G1_D060_DENS_LOW_V_HIGH,50,0.0201185196638,0,0,0,0,0.0201185196638,
MC_G1_D060_DENS_LOW_V_HIGH_S050,MC_G1_D060_DENS_LOW_V_HIGH,50,0.0300393588841,0.754194709453,49.8861952411,0,0,0.0300393588841,
MC_G1_D060_DENS_LOW_V_HIGH_S050,MC_G1_D060_DENS_LOW_V_HIGH,50,0.04008724913,0,0,0,0,0.04008724913,
MC_G1_D060_DENS_LOW_V_HIGH_S050,MC_G1_D060_DENS_LOW_V_HIGH,50,0.0500080548227,0,0,0,0,0.0500080548227,
MC_G1_D060_DENS_LOW_V_HIGH_S050,MC_G1_D060_DENS_LOW_V_HIGH,50,0.060056194663,0.637498353935,0.000604942138769,0,0,0.060056194663,
MC_G1_D060_DENS_LOW_V_HIGH_S050,MC_G1_D060_DENS_LOW_V_HIGH,50,0.0701046139002,1.97753621782,222.767090599,0,0,0.0701046139002,
MC_G1_D060_DENS_LOW_V_HIGH_S050,MC_G1_D060_DENS_LOW_V_HIGH,50,0.0800255537033,1.63853454844,89.4519456978,0,0,0.0800255537033,
MC_G1_D060_DENS_LOW_V_HIGH_S050,MC_G1_D060_DENS_LOW_V_HIGH,50,0.0900733247399,0,0,0,0,0.0900733247399,
MC_G1_D060_DENS_LOW_V_HIGH_S050,MC_G1_D060_DENS_LOW_V_HIGH,50,0.100120812654,0.00065497392838,0,0,0,0.100120812654,
MC_G1_D060_DENS_LOW_V_HIGH_S050,MC_G1_D060_DENS_LOW_V_HIGH,50,0.110041759908,0,0,0,0,0.110041759908,
MC_G1_D060_DENS_LOW_V_HIGH_S050,MC_G1_D060_DENS_LOW_V_HIGH,50,0.120090149343,1.93866211353,70.3736301281,0,0,0.120090149343,
MC_G1_D060_DENS_LOW_V_HIGH_S050,MC_G1_D060_DENS_LOW_V_HIGH,50,0.1300111413,2.41483583805,81.4420570105,0,0,0.1300111413,
MC_G1_D060_DENS_LOW_V_HIGH_S050,MC_G1_D060_DENS_LOW_V_HIGH,50,0.140059053898,0.735809958409,0.00100575736993,0,0,0.140059053898,
MC_G1_D060_DENS_LOW_V_HIGH_S050,MC_G1_D060_DENS_LOW_V_HIGH,50,0.150106444955,0,0,0,0,0.150106444955,
MC_G1_D060_DENS_LOW_V_HIGH_S050,MC_G1_D060_DENS_LOW_V_HIGH,50,0.160027384758,0,0,0,0,0.160027384758,
MC_G1_D060_DENS_LOW_V_HIGH_S050,MC_G1_D060_DENS_LOW_V_HIGH,50,0.170075714588,2.85805908402,65.9414550267,0,0,0.170075714588,
MC_G1_D060_DENS_LOW_V_HIGH_S050,MC_G1_D060_DENS_LOW_V_HIGH,50,0.180123955011,2.38717498179,49.5456170154,0,0,0.180123955011,
MC_G1_D060_DENS_LOW_V_HIGH_S050,MC_G1_D060_DENS_LOW_V_HIGH,50,0.190044760704,0.712109195243,2.48111113849,0,0,0.190044760704,
MC_G1_D060_DENS_LOW_V_HIGH_S050,MC_G1_D060_DENS_LOW_V_HIGH,50,0.20009213686,0,0,0,0,0.20009213686,
MC_G1_D060_DENS_LOW_V_HIGH_S050,MC_G1_D060_DENS_LOW_V_HIGH,50,0.210013002157,0,0,0,0,0.210013002157,
MC_G1_D060_DENS_LOW_V_HIGH_S050,MC_G1_D060_DENS_LOW_V_HIGH,50,0.220061287284,1.29287800145,35.9330508256,0,0,0.220061287284,
MC_G1_D060_DENS_LOW_V_HIGH_S050,MC_G1_D060_DENS_LOW_V_HIGH,50,0.230109572411,1.67259102519,23.2451965329,0,0,0.230109572411,
MC_G1_D060_DENS_LOW_V_HIGH_S050,MC_G1_D060_DENS_LOW_V_HIGH,50,0.240030437708,0.978372351873,0.000396463817908,0,0,0.240030437708,
MC_G1_D060_DENS_LOW_V_HIGH_S050,MC_G1_D060_DENS_LOW_V_HIGH,50,0.250077903271,0,0,0,0,0.250077903271,
MC_G1_D060_DENS_LOW_V_HIGH_S050,MC_G1_D060_DENS_LOW_V_HIGH,50,0.260125845671,0,0,0,0,0.260125845671,
MC_G1_D060_DENS_LOW_V_HIGH_S050,MC_G1_D060_DENS_LOW_V_HIGH,50,0.270046889782,0.629298241313,0.000199935234403,0,0,0.270046889782,
MC_G1_D060_DENS_LOW_V_HIGH_S050,MC_G1_D060_DENS_LOW_V_HIGH,50,0.280095219612,1.92901433809,30.746836199,0,0,0.280095219612,
MC_G1_D060_DENS_LOW_V_HIGH_S050,MC_G1_D060_DENS_LOW_V_HIGH,50,0.290016114712,2.13614048239,25.5647730277,0,0,0.290016114712,
MC_G1_D060_DENS_LOW_V_HIGH_S050,MC_G1_D060_DENS_LOW_V_HIGH,50,0.300063669682,0.00255462440205,8.4799414168e-08,0,0,0.300063669682,
MC_G1_D060_DENS_LOW_V_HIGH_S050,MC_G1_D060_DENS_LOW_V_HIGH,50,0.310111522675,0,0,0,0,0.310111522675,
MC_G1_D060_DENS_LOW_V_HIGH_S050,MC_G1_D060_DENS_LOW_V_HIGH,50,0.320032507181,0.380969562673,0.000196023309064,0,0,0.320032507181,
MC_G1_D060_DENS_LOW_V_HIGH_S050,MC_G1_D060_DENS_LOW_V_HIGH,50,0.330080866814,1.037516218,26.6626397927,0,0,0.330080866814,
MC_G1_D060_DENS_LOW_V_HIGH_S050,MC_G1_D060_DENS_LOW_V_HIGH,50,0.340001791716,1.87111861905,25.7697215208,0,0,0.340001791716,
MC_G1_D060_DENS_LOW_V_HIGH_S050,MC_G1_D060_DENS_LOW_V_HIGH,50,0.350049465895,0.176604838555,5.1356979528e-05,0,0,0.350049465895,
MC_G1_D060_DENS_LOW_V_HIGH_S050,MC_G1_D060_DENS_LOW_V_HIGH,50,0.360097199678,0,0,0,0,0.360097199678,
MC_G1_D060_DENS_LOW_V_HIGH_S050,MC_G1_D060_DENS_LOW_V_HIGH,50,0.370018184185,0.221996892876,2.37411332958e-05,0,0,0.370018184185,
MC_G1_D060_DENS_LOW_V_HIGH_S050,MC_G1_D060_DENS_LOW_V_HIGH,50,0.380066514015,1.76249873792,23.0358122987,0,0,0.380066514015,
MC_G1_D060_DENS_LOW_V_HIGH_S050,MC_G1_D060_DENS_LOW_V_HIGH,50,0.390114694834,2.09608342306,21.8208668948,0,0,0.390114694834,
MC_G1_D060_DENS_LOW_V_HIGH_S050,MC_G1_D060_DENS_LOW_V_HIGH,50,0.400035381317,0.369132996623,8.02659204007e-05,0,0,0.400035381317,
MC_G1_D060_DENS_LOW_V_HIGH_S050,MC_G1_D060_DENS_LOW_V_HIGH,50,0.410083025694,0,0,0,0,0.410083025694,
MC_G1_D060_DENS_LOW_V_HIGH_S050,MC_G1_D060_DENS_LOW_V_HIGH,50,0.420003980398,0.518020812847,0.000228290359647,0,0,0.420003980398,
MC_G1_D060_DENS_LOW_V_HIGH_S050,MC_G1_D060_DENS_LOW_V_HIGH,50,0.430052280426,1.69515459727,21.7793394553,0,0,0.430052280426,
MC_G1_D060_DENS_LOW_V_HIGH_S050,MC_G1_D060_DENS_LOW_V_HIGH,50,0.440100520849,2.28655148814,21.8753846481,0,0,0.440100520849,
MC_G1_D060_DENS_LOW_V_HIGH_S050,MC_G1_D060_DENS_LOW_V_HIGH,50,0.450021207333,1.05908334475,4.90255856745,0,0,0.450021207333,
MC_G1_D060_DENS_LOW_V_HIGH_S050,MC_G1_D060_DENS_LOW_V_HIGH,50,0.460068821907,0.0136514830727,1.20138024821e-06,0,0,0.460068821907,
MC_G1_D060_DENS_LOW_V_HIGH_S050,MC_G1_D060_DENS_LOW_V_HIGH,50,0.470116883516,0.237553803941,7.53901508419e-05,0,0,0.470116883516,
MC_G1_D060_DENS_LOW_V_HIGH_S050,MC_G1_D060_DENS_LOW_V_HIGH,50,0.480037987232,1.08564144082,19.1659229146,0,0,0.480037987232,
MC_G1_D060_DENS_LOW_V_HIGH_S050,MC_G1_D060_DENS_LOW_V_HIGH,50,0.490086227655,2.62316911457,15.7907043065,0,0,0.490086227655,
MC_G1_D060_DENS_LOW_V_HIGH_S050,MC_G1_D060_DENS_LOW_V_HIGH,50,0.500006973743,1.52793570011,12.2570811174,0,0,0.500006973743,
MC_G1_D060_DENS_LOW_V_HIGH_S050,MC_G1_D060_DENS_LOW_V_HIGH,50,0.510054647923,0.106517073314,9.20205417636e-06,0,0,0.510054647923,
MC_G1_D060_DENS_LOW_V_HIGH_S050,MC_G1_D060_DENS_LOW_V_HIGH,50,0.520102620125,0.176891996572,1.96504204259e-05,0,0,0.520102620125,
MC_G1_D060_DENS_LOW_V_HIGH_S050,MC_G1_D060_DENS_LOW_V_HIGH,50,0.530023694038,1.7348437101,12.7981876086,0,0,0.530023694038,
MC_G1_D060_DENS_LOW_V_HIGH_S050,MC_G1_D060_DENS_LOW_V_HIGH,50,0.540071964264,2.61941819729,18.5605490299,0,0,0.540071964264,
MC_G1_D060_DENS_LOW_V_HIGH_S050,MC_G1_D060_DENS_LOW_V_HIGH,50,0.550119996071,1.43933258387,10.5034528076,0,0,0.550119996071,
MC_G1_D060_DENS_LOW_V_HIGH_S050,MC_G1_D060_DENS_LOW_V_HIGH,50,0.560040473938,0.154166321331,1.6914745272e-05,0,0,0.560040473938,
MC_G1_D060_DENS_LOW_V_HIGH_S050,MC_G1_D060_DENS_LOW_V_HIGH,50,0.570088386536,0.301048186886,8.85372793862e-05,0,0,0.570088386536,
MC_G1_D060_DENS_LOW_V_HIGH_S050,MC_G1_D060_DENS_LOW_V_HIGH,50,0.580009460449,0.966723590729,11.2688301594,0,0,0.580009460449,
MC_G1_D060_DENS_LOW_V_HIGH_S050,MC_G1_D060_DENS_LOW_V_HIGH,50,0.590057730675,2.25879737704,19.8902281057,0,0,0.590057730675,
MC_G1_D060_DENS_LOW_V_HIGH_S050,MC_G1_D060_DENS_LOW_V_HIGH,50,0.600105822086,1.71981111471,16.676844434,0,0,0.600105822086,
MC_G1_D060_DENS_LOW_V_HIGH_S050,MC_G1_D060_DENS_LOW_V_HIGH,50,0.610026359558,0.589551168007,0.0976188626411,0,0,0.610026359558,
MC_G1_D060_DENS_LOW_V_HIGH_S050,MC_G1_D060_DENS_LOW_V_HIGH,50,0.620074212551,0.0586612803762,2.37986405718e-06,0,0,0.620074212551,
MC_G1_D060_DENS_LOW_V_HIGH_S050,MC_G1_D060_DENS_LOW_V_HIGH,50,0.630122363567,0.885750102721,3.29606525469,0,0,0.630122363567,
MC_G1_D060_DENS_LOW_V_HIGH_S050,MC_G1_D060_DENS_LOW_V_HIGH,50,0.640043497086,1.8363900382,11.3608570304,0,0,0.640043497086,
MC_G1_D060_DENS_LOW_V_HIGH_S050,MC_G1_D060_DENS_LOW_V_HIGH,50,0.650091648102,2.113582307,14.5942627757,0,0,0.650091648102,
MC_G1_D060_DENS_LOW_V_HIGH_S050,MC_G1_D060_DENS_LOW_V_HIGH,50,0.660012245178,0.444383750765,3.94936786335e-05,0,0,0.660012245178,
MC_G1_D060_DENS_LOW_V_HIGH_S050,MC_G1_D060_DENS_LOW_V_HIGH,50,0.670059978962,0.259042435794,2.58718770223e-05,0,0,0.670059978962,
MC_G1_D060_DENS_LOW_V_HIGH_S050,MC_G1_D060_DENS_LOW_V_HIGH,50,0.680108189583,0.877473195162,0.000158854458347,0,0,0.680108189583,
MC_G1_D060_DENS_LOW_V_HIGH_S050,MC_G1_D060_DENS_LOW_V_HIGH,50,0.690029263496,2.59699278054,15.5670266406,0,0,0.690029263496,
MC_G1_D060_DENS_LOW_V_HIGH_S050,MC_G1_D060_DENS_LOW_V_HIGH,50,0.700077474117,2.74321875905,13.6910032526,0,0,0.700077474117,
MC_G1_D060_DENS_LOW_V_HIGH_S050,MC_G1_D060_DENS_LOW_V_HIGH,50,0.710125267506,0.862316259975,1.33032577471,0,0,0.710125267506,
MC_G1_D060_DENS_LOW_V_HIGH_S050,MC_G1_D060_DENS_LOW_V_HIGH,50,0.720045864582,0.137921912095,5.43930482352e-07,0,0,0.720045864582,
MC_G1_D060_DENS_LOW_V_HIGH_S050,MC_G1_D060_DENS_LOW_V_HIGH,50,0.730093955994,0.529225588085,0.000114168304979,0,0,0.730093955994,
MC_G1_D060_DENS_LOW_V_HIGH_S050,MC_G1_D060_DENS_LOW_V_HIGH,50,0.740015029907,1.77133290797,8.73482913639,0,0,0.740015029907,
MC_G1_D060_DENS_LOW_V_HIGH_S050,MC_G1_D060_DENS_LOW_V_HIGH,50,0.750063300133,2.38649672546,14.6913111814,0,0,0.750063300133,
MC_G1_D060_DENS_LOW_V_HIGH_S050,MC_G1_D060_DENS_LOW_V_HIGH,50,0.76011121273,1.17287509233,4.16431116667,0,0,0.76011121273,
MC_G1_D060_DENS_LOW_V_HIGH_S050,MC_G1_D060_DENS_LOW_V_HIGH,50,0.770031750202,0.384980303721,1.8239063921e-05,0,0,0.770031750202,
MC_G1_D060_DENS_LOW_V_HIGH_S050,MC_G1_D060_DENS_LOW_V_HIGH,50,0.780079782009,0.698835220099,6.5661825491e-05,0,0,0.780079782009,
MC_G1_D060_DENS_LOW_V_HIGH_S050,MC_G1_D060_DENS_LOW_V_HIGH,50,0.790000855923,1.82230790832,9.35662341798,0,0,0.790000855923,
MC_G1_D060_DENS_LOW_V_HIGH_S050,MC_G1_D060_DENS_LOW_V_HIGH,50,0.800049126148,2.3859048162,16.4444477254,0,0,0.800049126148,
MC_G1_D060_DENS_LOW_V_HIGH_S050,MC_G1_D060_DENS_LOW_V_HIGH,50,0.810097098351,1.53831073385,8.64568889684,0,0,0.810097098351,
MC_G1_D060_DENS_LOW_V_HIGH_S050,MC_G1_D060_DENS_LOW_V_HIGH,50,0.820017635822,0.540101596804,0.116849830137,0,0,0.820017635822,
MC_G1_D060_DENS_LOW_V_HIGH_S050,MC_G1_D060_DENS_LOW_V_HIGH,50,0.830065667629,0.539361386437,6.41027384481e-05,0,0,0.830065667629,
MC_G1_D060_DENS_LOW_V_HIGH_S050,MC_G1_D060_DENS_LOW_V_HIGH,50,0.84011387825,1.27942998297,5.49660124613,0,0,0.84011387825,
MC_G1_D060_DENS_LOW_V_HIGH_S050,MC_G1_D060_DENS_LOW_V_HIGH,50,0.850034952164,2.42860064239,14.152952097,0,0,0.850034952164,
MC_G1_D060_DENS_LOW_V_HIGH_S050,MC_G1_D060_DENS_LOW_V_HIGH,50,0.860082983971,1.28935450081,7.02371529952,0,0,0.860082983971,
MC_G1_D060_DENS_LOW_V_HIGH_S050,MC_G1_D060_DENS_LOW_V_HIGH,50,0.870003581047,0.61920318799,0.0153468793123,0,0,0.870003581047,
MC_G1_D060_DENS_LOW_V_HIGH_S050,MC_G1_D060_DENS_LOW_V_HIGH,50,0.880051493645,0.412015089656,1.09571014719e-05,0,0,0.880051493645,
MC_G1_D060_DENS_LOW_V_HIGH_S050,MC_G1_D060_DENS_LOW_V_HIGH,50,0.890099704266,1.39491283817,6.37270585505,0,0,0.890099704266,
MC_G1_D060_DENS_LOW_V_HIGH_S050,MC_G1_D060_DENS_LOW_V_HIGH,50,0.900020778179,2.21224960749,12.0351495751,0,0,0.900020778179,
MC_G1_D060_DENS_LOW_V_HIGH_S050,MC_G1_D060_DENS_LOW_V_HIGH,50,0.910068929195,1.85199317193,8.55752323092,0,0,0.910068929195,
MC_G1_D060_DENS_LOW_V_HIGH_S050,MC_G1_D060_DENS_LOW_V_HIGH,50,0.920116722584,0.851009325345,1.32339544894,0,0,0.920116722584,
MC_G1_D060_DENS_LOW_V_HIGH_S050,MC_G1_D060_DENS_LOW_V_HIGH,50,0.930037379265,0.535817162488,5.3579309647e-05,0,0,0.930037379265,
MC_G1_D060_DENS_LOW_V_HIGH_S050,MC_G1_D060_DENS_LOW_V_HIGH,50,0.940085589886,1.37604373396,4.98965443432,0,0,0.940085589886,
MC_G1_D060_DENS_LOW_V_HIGH_S050,MC_G1_D060_DENS_LOW_V_HIGH,50,0.950006663799,2.57158817356,11.0079051389,0,0,0.950006663799,
MC_G1_D060_DENS_LOW_V_HIGH_S050,MC_G1_D060_DENS_LOW_V_HIGH,50,0.960054814816,2.40014927859,6.55282765188,0,0,0.960054814816,
MC_G1_D060_DENS_LOW_V_HIGH_S050,MC_G1_D060_DENS_LOW_V_HIGH,50,0.970102667809,1.03749635817,1.79645930151,0,0,0.970102667809,
MC_G1_D060_DENS_LOW_V_HIGH_S050,MC_G1_D060_DENS_LOW_V_HIGH,50,0.98002332449,0.514581608537,5.91337084907e-06,0,0,0.98002332449,
MC_G1_D060_DENS_LOW_V_HIGH_S050,MC_G1_D060_DENS_LOW_V_HIGH,50,0.990071475506,0.990685769688,1.45012857109,0,0,0.990071475506,
MC_G1_D060_DENS_LOW_V_HIGH_S050,MC_G1_D060_DENS_LOW_V_HIGH,50,1.00011968613,2.22682931243,9.42631679949,0,0,1.00011968613,
MC_G1_D060_DENS_LOW_V_HIGH_S050,MC_G1_D060_DENS_LOW_V_HIGH,50,1.01004076004,2.34667366672,9.85642429782,0,0,1.01004076004,
MC_G1_D060_DENS_LOW_V_HIGH_S050,MC_G1_D060_DENS_LOW_V_HIGH,50,1.02008867264,1.09304170962,2.07089267173,0,0,1.02008867264,
MC_G1_D060_DENS_LOW_V_HIGH_S050,MC_G1_D060_DENS_LOW_V_HIGH,50,1.03000926971,0.778930828109,1.8318641883e-05,0,0,1.03000926971,
MC_G1_D060_DENS_LOW_V_HIGH_S050,MC_G1_D060_DENS_LOW_V_HIGH,50,1.04005742073,0.998733317809,0.000106574537576,0,0,1.04005742073,
MC_G1_D060_DENS_LOW_V_HIGH_S050,MC_G1_D060_DENS_LOW_V_HIGH,50,1.05010569096,2.01177240443,7.46633409187,0,0,1.05010569096,
MC_G1_D060_DENS_LOW_V_HIGH_S050,MC_G1_D060_DENS_LOW_V_HIGH,50,1.06002664566,2.76565540092,9.96264151137,0,0,1.06002664566,
MC_G1_D060_DENS_LOW_V_HIGH_S050,MC_G1_D060_DENS_LOW_V_HIGH,50,1.07007455826,1.54765262475,3.42705555796,0,0,1.07007455826,
MC_G1_D060_DENS_LOW_V_HIGH_S050,MC_G1_D060_DENS_LOW_V_HIGH,50,1.08012247086,0.832664347926,0.34799401573,0,0,1.08012247086,
MC_G1_D060_DENS_LOW_V_HIGH_S050,MC_G1_D060_DENS_LOW_V_HIGH,50,1.09004330635,0.847008757063,1.29932572308,0,0,1.09004330635,
MC_G1_D060_DENS_LOW_V_HIGH_S050,MC_G1_D060_DENS_LOW_V_HIGH,50,1.10009157658,1.44518130352,4.92475386784,0,0,1.10009157658,
MC_G1_D060_DENS_LOW_V_HIGH_S050,MC_G1_D060_DENS_LOW_V_HIGH,50,1.11001253128,2.20292433841,8.3650608988,0,0,1.11001253128,
MC_G1_D060_DENS_LOW_V_HIGH_S050,MC_G1_D060_DENS_LOW_V_HIGH,50,1.12006056309,1.25691735567,3.00239332449,0,0,1.12006056309,
MC_G1_D060_DENS_LOW_V_HIGH_S050,MC_G1_D060_DENS_LOW_V_HIGH,50,1.13010847569,0.774418869229,0.403684053051,0,0,1.13010847569,
MC_G1_D060_DENS_LOW_V_HIGH_S050,MC_G1_D060_DENS_LOW_V_HIGH,50,1.14002931118,0.822059091278,6.80946499131e-05,0,0,1.14002931118,
MC_G1_D060_DENS_LOW_V_HIGH_S050,MC_G1_D060_DENS_LOW_V_HIGH,50,1.1500774622,2.02121855943,7.56379677553,0,0,1.1500774622,
MC_G1_D060_DENS_LOW_V_HIGH_S050,MC_G1_D060_DENS_LOW_V_HIGH,50,1.16012573242,2.40988167417,7.65524879461,0,0,1.16012573242,
MC_G1_D060_DENS_LOW_V_HIGH_S050,MC_G1_D060_DENS_LOW_V_HIGH,50,1.17004656792,2.01898152238,7.22308274066,0,0,1.17004656792,
MC_G1_D060_DENS_LOW_V_HIGH_S050,MC_G1_D060_DENS_LOW_V_HIGH,50,1.18009448051,1.28909125014,1.45104926143,0,0,1.18009448051,
MC_G1_D060_DENS_LOW_V_HIGH_S050,MC_G1_D060_DENS_LOW_V_HIGH,50,1.1900151968,0.779237144385,0.825765649529,0,0,1.1900151968,
MC_G1_D060_DENS_LOW_V_HIGH_S050,MC_G1_D060_DENS_LOW_V_HIGH,50,1.20006346703,1.71891083844,4.9482655757,0,0,1.20006346703,
MC_G1_D060_DENS_LOW_V_HIGH_S050,MC_G1_D060_DENS_LOW_V_HIGH,50,1.21011161804,1.70205146258,3.90249372751,0,0,1.21011161804,
MC_G1_D060_DENS_LOW_V_HIGH_S050,MC_G1_D060_DENS_LOW_V_HIGH,50,1.22003257275,2.17369218112,6.90757777851,0,0,1.22003257275,
MC_G1_D060_DENS_LOW_V_HIGH_S050,MC_G1_D060_DENS_LOW_V_HIGH,50,1.23008048534,1.04970400081,1.98082103845,0,0,1.23008048534,
MC_G1_D060_DENS_LOW_V_HIGH_S050,MC_G1_D060_DENS_LOW_V_HIGH,50,1.24000120163,0.95454616957,0.650742531444,0,0,1.24000120163,
MC_G1_D060_DENS_LOW_V_HIGH_S050,MC_G1_D060_DENS_LOW_V_HIGH,50,1.25004935265,1.45423501103,3.06399639818,0,0,1.25004935265,
MC_G1_D060_DENS_LOW_V_HIGH_S050,MC_G1_D060_DENS_LOW_V_HIGH,50,1.26009762287,2.31145938353,9.78299211334,0,0,1.26009762287,
MC_G1_D060_DENS_LOW_V_HIGH_S050,MC_G1_D060_DENS_LOW_V_HIGH,50,1.27001857758,1.79063353173,4.2854796504,0,0,1.27001857758,
MC_G1_D060_DENS_LOW_V_HIGH_S050,MC_G1_D060_DENS_LOW_V_HIGH,50,1.28006649017,1.17232603282,1.29308586565,0,0,1.28006649017,
MC_G1_D060_DENS_LOW_V_HIGH_S050,MC_G1_D060_DENS_LOW_V_HIGH,50,1.29011440277,1.06231348118,0.228428268287,0,0,1.29011440277,
MC_G1_D060_DENS_LOW_V_HIGH_S050,MC_G1_D060_DENS_LOW_V_HIGH,50,1.30003535748,1.51856412741,3.23691199167,0,0,1.30003535748,
MC_G1_D060_DENS_LOW_V_HIGH_S050,MC_G1_D060_DENS_LOW_V_HIGH,50,1.3100836277,2.04882825504,7.31341323684,0,0,1.3100836277,
MC_G1_D060_DENS_LOW_V_HIGH_S050,MC_G1_D060_DENS_LOW_V_HIGH,50,1.32000458241,2.28312307722,6.60537942436,0,0,1.32000458241,
MC_G1_D060_DENS_LOW_V_HIGH_S050,MC_G1_D060_DENS_LOW_V_HIGH,50,1.330052495,1.64725322927,6.13538390992,0,0,1.330052495,
MC_G1_D060_DENS_LOW_V_HIGH_S050,MC_G1_D060_DENS_LOW_V_HIGH,50,1.3401004076,1.02465978497,1.62139581023,0,0,1.3401004076,
MC_G1_D060_DENS_LOW_V_HIGH_S050,MC_G1_D060_DENS_LOW_V_HIGH,50,1.3500213623,1.01173783609,1.46807599322,0,0,1.3500213623,
MC_G1_D060_DENS_LOW_V_HIGH_S050,MC_G1_D060_DENS_LOW_V_HIGH,50,1.36006951332,2.2851861249,7.8917232282,0,0,1.36006951332,
MC_G1_D060_DENS_LOW_V_HIGH_S050,MC_G1_D060_DENS_LOW_V_HIGH,50,1.37011778355,2.33687996472,7.17096541774,0,0,1.37011778355,
MC_G1_D060_DENS_LOW_V_HIGH_S050,MC_G1_D060_DENS_LOW_V_HIGH,50,1.38003861904,1.62884489467,4.59960186804,0,0,1.38003861904,
MC_G1_D060_DENS_LOW_V_HIGH_S050,MC_G1_D060_DENS_LOW_V_HIGH,50,1.39008641243,1.13052530208,1.04419138778,0,0,1.39008641243,
MC_G1_D060_DENS_LOW_V_HIGH_S050,MC_G1_D060_DENS_LOW_V_HIGH,50,1.40000736713,1.24348714627,1.76539693255,0,0,1.40000736713,
MC_G1_D060_DENS_LOW_V_HIGH_S050,MC_G1_D060_DENS_LOW_V_HIGH,50,1.41005551815,2.21805774402,6.64708218549,0,0,1.41005551815,
MC_G1_D060_DENS_LOW_V_HIGH_S050,MC_G1_D060_DENS_LOW_V_HIGH,50,1.42010378838,2.49779336615,6.468087649,0,0,1.42010378838,
MC_G1_D060_DENS_LOW_V_HIGH_S050,MC_G1_D060_DENS_LOW_V_HIGH,50,1.43002462387,1.82107077049,5.02049212802,0,0,1.43002462387,
MC_G1_D060_DENS_LOW_V_HIGH_S050,MC_G1_D060_DENS_LOW_V_HIGH,50,1.44007253647,1.28125730311,2.16032024289,0,0,1.44007253647,
MC_G1_D060_DENS_LOW_V_HIGH_S050,MC_G1_D060_DENS_LOW_V_HIGH,50,1.45012056828,1.04290697432,1.51805280601,0,0,1.45012056828,
MC_G1_D060_DENS_LOW_V_HIGH_S050,MC_G1_D060_DENS_LOW_V_HIGH,50,1.46004152298,1.5979909233,4.82135336433,0,0,1.46004152298,
MC_G1_D060_DENS_LOW_V_HIGH_S050,MC_G1_D060_DENS_LOW_V_HIGH,50,1.47008979321,2.57821682324,6.19144968756,0,0,1.47008979321,
MC_G1_D060_DENS_LOW_V_HIGH_S050,MC_G1_D060_DENS_LOW_V_HIGH,50,1.4800106287,1.66690247937,5.10105083525,0,0,1.4800106287,
MC_G1_D060_DENS_LOW_V_HIGH_S050,MC_G1_D060_DENS_LOW_V_HIGH,50,1.4900585413,1.15052533721,2.15255319405,0,0,1.4900585413,
MC_G1_D060_DENS_LOW_V_HIGH_S050,MC_G1_D060_DENS_LOW_V_HIGH,50,1.5001065731,0.893734941273,1.04394048158,0,0,1.5001065731,
MC_G1_D060_DENS_LOW_V_HIGH_S050,MC_G1_D060_DENS_LOW_V_HIGH,50,1.51002764702,2.01438354022,5.45897188319,0,0,1.51002764702,
MC_G1_D060_DENS_LOW_V_HIGH_S050,MC_G1_D060_DENS_LOW_V_HIGH,50,1.52007579803,2.0282871475,4.31898788822,0,0,1.52007579803,
MC_G1_D060_DENS_LOW_V_HIGH_S050,MC_G1_D060_DENS_LOW_V_HIGH,50,1.53012394905,2.47450253576,6.07127152872,0,0,1.53012394905,
MC_G1_D060_DENS_LOW_V_HIGH_S050,MC_G1_D060_DENS_LOW_V_HIGH,50,1.54004466534,1.47316898348,2.7047060334,0,0,1.54004466534,
MC_G1_D060_DENS_LOW_V_HIGH_S050,MC_G1_D060_DENS_LOW_V_HIGH,50,1.55009269714,1.29671710069,1.75493883806,0,0,1.55009269714,
MC_G1_D060_DENS_LOW_V_HIGH_S050,MC_G1_D060_DENS_LOW_V_HIGH,50,1.56001365185,2.07259291504,4.42015748254,0,0,1.56001365185,
MC_G1_D060_DENS_LOW_V_HIGH_S050,MC_G1_D060_DENS_LOW_V_HIGH,50,1.57006180286,1.69819325905,4.52776540383,0,0,1.57006180286,
MC_G1_D060_DENS_LOW_V_HIGH_S050,MC_G1_D060_DENS_LOW_V_HIGH,50,1.58010995388,2.15769422535,4.69055271773,0,0,1.58010995388,
MC_G1_D060_DENS_LOW_V_HIGH_S050,MC_G1_D060_DENS_LOW_V_HIGH,50,1.59003078938,1.58835458885,3.30472263823,0,0,1.59003078938,
MC_G1_D060_DENS_LOW_V_HIGH_S050,MC_G1_D060_DENS_LOW_V_HIGH,50,1.60007870197,1.22508928126,1.65667907721,0,0,1.60007870197,
MC_G1_D060_DENS_LOW_V_HIGH_S050,MC_G1_D060_DENS_LOW_V_HIGH,50,1.61012685299,1.71630455968,2.89299085471,0,0,1.61012685299,
MC_G1_D060_DENS_LOW_V_HIGH_S050,MC_G1_D060_DENS_LOW_V_HIGH,50,1.6200479269,2.38352293192,6.15955032703,0,0,1.6200479269,
MC_G1_D060_DENS_LOW_V_HIGH_S050,MC_G1_D060_DENS_LOW_V_HIGH,50,1.63009607792,2.35986858032,5.37947512917,0,0,1.63009607792,
MC_G1_D060_DENS_LOW_V_HIGH_S050,MC_G1_D060_DENS_LOW_V_HIGH,50,1.64001691341,1.4440149703,2.50227307409,0,0,1.64001691341,
MC_G1_D060_DENS_LOW_V_HIGH_S050,MC_G1_D060_DENS_LOW_V_HIGH,50,1.65006482601,1.31575749593,1.98290646256,0,0,1.65006482601,
MC_G1_D060_DENS_LOW_V_HIGH_S050,MC_G1_D060_DENS_LOW_V_HIGH,50,1.66011297703,1.58182545418,2.80890410092,0,0,1.66011297703,
MC_G1_D060_DENS_LOW_V_HIGH_S050,MC_G1_D060_DENS_LOW_V_HIGH,50,1.67003393173,2.10638031269,5.13686196706,0,0,1.67003393173,
MC_G1_D060_DENS_LOW_V_HIGH_S050,MC_G1_D060_DENS_LOW_V_HIGH,50,1.68008208275,2.29108363065,4.38574621896,0,0,1.68008208275,
MC_G1_D060_DENS_LOW_V_HIGH_S050,MC_G1_D060_DENS_LOW_V_HIGH,50,1.69000291824,2.01039171458,4.6088854412,0,0,1.69000291824,
MC_G1_D060_DENS_LOW_V_HIGH_S050,MC_G1_D060_DENS_LOW_V_HIGH,50,1.70005095005,1.52058659196,2.85781519695,0,0,1.70005095005,
MC_G1_D060_DENS_LOW_V_HIGH_S050,MC_G1_D060_DENS_LOW_V_HIGH,50,1.71009898186,1.50666053444,3.4507432013,0,0,1.71009898186,
MC_G1_D060_DENS_LOW_V_HIGH_S050,MC_G1_D060_DENS_LOW_V_HIGH,50,1.72002005577,2.0269461773,3.82723599041,0,0,1.72002005577,
MC_G1_D060_DENS_LOW_V_HIGH_S050,MC_G1_D060_DENS_LOW_V_HIGH,50,1.73006820679,2.32781438449,5.87053299294,0,0,1.73006820679,
MC_G1_D060_DENS_LOW_V_HIGH_S050,MC_G1_D060_DENS_LOW_V_HIGH,50,1.74011623859,1.86668836609,3.87363028963,0,0,1.74011623859,
MC_G1_D060_DENS_LOW_V_HIGH_S050,MC_G1_D060_DENS_LOW_V_HIGH,50,1.75003707409,1.61634928452,2.71991769734,0,0,1.75003707409,
MC_G1_D060_DENS_LOW_V_HIGH_S050,MC_G1_D060_DENS_LOW_V_HIGH,50,1.7600851059,1.38884328585,1.347977288,0,0,1.7600851059,
MC_G1_D060_DENS_LOW_V_HIGH_S050,MC_G1_D060_DENS_LOW_V_HIGH,50,1.7700060606,1.91233877359,4.42995148527,0,0,1.7700060606,
MC_G1_D060_DENS_LOW_V_HIGH_S050,MC_G1_D060_DENS_LOW_V_HIGH,50,1.78005433083,2.63268046161,5.23446480577,0,0,1.78005433083,
MC_G1_D060_DENS_LOW_V_HIGH_S050,MC_G1_D060_DENS_LOW_V_HIGH,50,1.79010236263,2.31369814752,3.46344075576,0,0,1.79010236263,
MC_G1_D060_DENS_LOW_V_HIGH_S050,MC_G1_D060_DENS_LOW_V_HIGH,50,1.80002319813,1.18631803793,1.87157096465,0,0,1.80002319813,
MC_G1_D060_DENS_LOW_V_HIGH_S050,MC_G1_D060_DENS_LOW_V_HIGH,50,1.81007122993,1.59519349368,2.69861013657,0,0,1.81007122993,
MC_G1_D060_DENS_LOW_V_HIGH_S050,MC_G1_D060_DENS_LOW_V_HIGH,50,1.82011938095,1.55055777235,3.06717561058,0,0,1.82011938095,
MC_G1_D060_DENS_LOW_V_HIGH_S050,MC_G1_D060_DENS_LOW_V_HIGH,50,1.83004033566,2.30976309508,5.07674103254,0,0,1.83004033566,
MC_G1_D060_DENS_LOW_V_HIGH_S050,MC_G1_D060_DENS_LOW_V_HIGH,50,1.84008848667,2.40924378509,5.86450444811,0,0,1.84008848667,
MC_G1_D060_DENS_LOW_V_HIGH_S050,MC_G1_D060_DENS_LOW_V_HIGH,50,1.85000932217,1.60099623352,2.59161860454,0,0,1.85000932217,
MC_G1_D060_DENS_LOW_V_HIGH_S050,MC_G1_D060_DENS_LOW_V_HIGH,50,1.86005723476,1.4134108658,2.33904939035,0,0,1.86005723476,
MC_G1_D060_DENS_LOW_V_HIGH_S050,MC_G1_D060_DENS_LOW_V_HIGH,50,1.87010538578,1.82498509963,3.09391026186,0,0,1.87010538578,
MC_G1_D060_DENS_LOW_V_HIGH_S050,MC_G1_D060_DENS_LOW_V_HIGH,50,1.88002645969,2.59571916106,7.5909207332,0,0,1.88002645969,
MC_G1_D060_DENS_LOW_V_HIGH_S050,MC_G1_D060_DENS_LOW_V_HIGH,50,1.89007461071,2.79049875186,5.45604275175,0,0,1.89007461071,
MC_G1_D060_DENS_LOW_V_HIGH_S050,MC_G1_D060_DENS_LOW_V_HIGH,50,1.90012264252,1.49145567662,2.20410662868,0,0,1.90012264252,
MC_G1_D060_DENS_LOW_V_HIGH_S050,MC_G1_D060_DENS_LOW_V_HIGH,50,1.9100433588,1.34021778962,2.41163511777,0,0,1.9100433588,
MC_G1_D060_DENS_LOW_V_HIGH_S050,MC_G1_D060_DENS_LOW_V_HIGH,50,1.92009150982,1.85471763827,3.21796667278,0,0,1.92009150982,
MC_G1_D060_DENS_LOW_V_HIGH_S050,MC_G1_D060_DENS_LOW_V_HIGH,50,1.93001246452,2.41332929732,5.47432128782,0,0,1.93001246452,
MC_G1_D060_DENS_LOW_V_HIGH_S050,MC_G1_D060_DENS_LOW_V_HIGH,50,1.94006073475,2.32600649244,6.23001508255,0,0,1.94006073475,
MC_G1_D060_DENS_LOW_V_HIGH_S050,MC_G1_D060_DENS_LOW_V_HIGH,50,1.95010852814,1.78682465397,3.96259554142,0,0,1.95010852814,
MC_G1_D060_DENS_LOW_V_HIGH_S050,MC_G1_D060_DENS_LOW_V_HIGH,50,1.96002912521,1.44548815947,2.61928235177,0,0,1.96002912521,
MC_G1_D060_DENS_LOW_V_HIGH_S050,MC_G1_D060_DENS_LOW_V_HIGH,50,1.97007715702,1.63953790155,3.79352211588,0,0,1.97007715702,
MC_G1_D060_DENS_LOW_V_HIGH_S050,MC_G1_D060_DENS_LOW_V_HIGH,50,1.98012542725,2.34056223606,5.29290595721,0,0,1.98012542725,
MC_G1_D060_DENS_LOW_V_HIGH_S050,MC_G1_D060_DENS_LOW_V_HIGH,50,1.99004638195,3.30163225154,8.73549469999,0,0,1.99004638195,
MC_G1_D060_DENS_LOW_V_HIGH_S050,MC_G1_D060_DENS_LOW_V_HIGH,50,2.00009441376,2.22107341589,5.00687666323,0,0,2.00009441376,
MC_G1_D060_DENS_LOW_V_HIGH_S050,MC_G1_D060_DENS_LOW_V_HIGH,50,2.01001477242,1.75566123624,3.74922852916,0,0,2.01001477242,
MC_G1_D060_DENS_LOW_V_HIGH_S050,MC_G1_D060_DENS_LOW_V_HIGH,50,2.02006292343,1.63191183512,3.28236869946,0,0,2.02006292343,
MC_G1_D060_DENS_LOW_V_HIGH_S050,MC_G1_D060_DENS_LOW_V_HIGH,50,2.03011107445,2.43140994473,4.9538045953,0,0,2.03011107445,
MC_G1_D060_DENS_LOW_V_HIGH_S050,MC_G1_D060_DENS_LOW_V_HIGH,50,2.04003214836,3.02076979998,6.38878039377,0,0,2.04003214836,
MC_G1_D060_DENS_LOW_V_HIGH_S050,MC_G1_D060_DENS_LOW_V_HIGH,50,2.05008006096,2.5031507709,4.93075977429,0,0,2.05008006096,
MC_G1_D060_DENS_LOW_V_HIGH_S050,MC_G1_D060_DENS_LOW_V_HIGH,50,2.06000065804,1.96747160185,6.17216613521,0,0,2.06000065804,
MC_G1_D060_DENS_LOW_V_HIGH_S050,MC_G1_D060_DENS_LOW_V_HIGH,50,2.07004857063,1.84655028357,4.07971692555,0,0,2.07004857063,
MC_G1_D060_DENS_LOW_V_HIGH_S050,MC_G1_D060_DENS_LOW_V_HIGH,50,2.08009672165,2.23101174925,7.16075307113,0,0,2.08009672165,
MC_G1_D060_DENS_LOW_V_HIGH_S050,MC_G1_D060_DENS_LOW_V_HIGH,50,2.09001779556,2.65839656569,7.41342928618,0,0,2.09001779556,
MC_G1_D060_DENS_LOW_V_HIGH_S050,MC_G1_D060_DENS_LOW_V_HIGH,50,2.10006594658,2.09141506803,7.90078510547,0,0,2.10006594658,
MC_G1_D060_DENS_LOW_V_HIGH_S050,MC_G1_D060_DENS_LOW_V_HIGH,50,2.11011362076,2.15067204883,3.92290242971,0,0,2.11011362076,
MC_G1_D060_DENS_LOW_V_HIGH_S050,MC_G1_D060_DENS_LOW_V_HIGH,50,2.12003445625,1.95167764106,4.23386665219,0,0,2.12003445625,
MC_G1_D060_DENS_LOW_V_HIGH_S050,MC_G1_D060_DENS_LOW_V_HIGH,50,2.13008260727,2.32535953692,5.36245846428,0,0,2.13008260727,
MC_G1_D060_DENS_LOW_V_HIGH_S050,MC_G1_D060_DENS_LOW_V_HIGH,50,2.14000368118,2.47219771625,5.57651005808,0,0,2.14000368118,
MC_G1_D060_DENS_LOW_V_HIGH_S050,MC_G1_D060_DENS_LOW_V_HIGH,50,2.15005159378,2.66395623848,4.17953166016,0,0,2.15005159378,
MC_G1_D060_DENS_LOW_V_HIGH_S050,MC_G1_D060_DENS_LOW_V_HIGH,50,2.16009950638,1.93960394433,4.4085172459,0,0,2.16009950638,
MC_G1_D060_DENS_LOW_V_HIGH_S050,MC_G1_D060_DENS_LOW_V_HIGH,50,2.17002010345,1.73148189436,5.29148027035,0,0,2.17002010345,
MC_G1_D060_DENS_LOW_V_HIGH_S050,MC_G1_D060_DENS_LOW_V_HIGH,50,2.18006825447,2.29954607651,5.0092287618,0,0,2.18006825447,
MC_G1_D060_DENS_LOW_V_HIGH_S050,MC_G1_D060_DENS_LOW_V_HIGH,50,2.19011664391,2.25197423055,5.90432064545,0,0,2.19011664391,
MC_G1_D060_DENS_LOW_V_HIGH_S050,MC_G1_D060_DENS_LOW_V_HIGH,50,2.2000374794,3.29363046738,8.36210551763,0,0,2.2000374794,
MC_G1_D060_DENS_LOW_V_HIGH_S050,MC_G1_D060_DENS_LOW_V_HIGH,50,2.210085392,2.37642800799,6.89044250473,0,0,2.210085392,
MC_G1_D060_DENS_LOW_V_HIGH_S050,MC_G1_D060_DENS_LOW_V_HIGH,50,2.22000598907,2.1841932816,5.41903832443,0,0,2.22000598907,
MC_G1_D060_DENS_LOW_V_HIGH_S050,MC_G1_D060_DENS_LOW_V_HIGH,50,2.23005414009,2.50052754653,5.29489772799,0,0,2.23005414009,
MC_G1_D060_DENS_LOW_V_HIGH_S050,MC_G1_D060_DENS_LOW_V_HIGH,50,2.24010229111,2.32485505409,6.14608189107,0,0,2.24010229111,
MC_G1_D060_DENS_LOW_V_HIGH_S050,MC_G1_D060_DENS_LOW_V_HIGH,50,2.2500231266,2.84353550468,6.9084493569,0,0,2.2500231266,
MC_G1_D060_DENS_LOW_V_HIGH_S050,MC_G1_D060_DENS_LOW_V_HIGH,50,2.2600710392,2.60543104921,5.6823641577,0,0,2.2600710392,
MC_G1_D060_DENS_LOW_V_HIGH_S050,MC_G1_D060_DENS_LOW_V_HIGH,50,2.27011871338,2.38337808469,5.65673897989,0,0,2.27011871338,
MC_G1_D060_DENS_LOW_V_HIGH_S050,MC_G1_D060_DENS_LOW_V_HIGH,50,2.28003978729,2.35253145282,5.89260360024,0,0,2.28003978729,
MC_G1_D060_DENS_LOW_V_HIGH_S050,MC_G1_D060_DENS_LOW_V_HIGH,50,2.29008793831,2.45997528667,7.96373938538,0,0,2.29008793831,
MC_G1_D060_DENS_LOW_V_HIGH_S050,MC_G1_D060_DENS_LOW_V_HIGH,50,2.3000087738,2.72891946626,6.82558899547,0,0,2.3000087738,
MC_G1_D060_DENS_LOW_V_HIGH_S050,MC_G1_D060_DENS_LOW_V_HIGH,50,2.3100566864,2.48613305608,14.662149324,0,0,2.3100566864,
MC_G1_D060_DENS_LOW_V_HIGH_S050,MC_G1_D060_DENS_LOW_V_HIGH,50,2.320104599,2.4994281323,17.6491196624,0,0,2.320104599,
MC_G1_D060_DENS_LOW_V_HIGH_S050,MC_G1_D060_DENS_LOW_V_HIGH,50,2.33002543449,2.05818633601,4.63386981591,0,0,2.33002543449,
MC_G1_D060_DENS_LOW_V_HIGH_S050,MC_G1_D060_DENS_LOW_V_HIGH,50,2.34007358551,2.56218907772,6.78887562908,0,0,2.34007358551,
MC_G1_D060_DENS_LOW_V_HIGH_S050,MC_G1_D060_DENS_LOW_V_HIGH,50,2.35012173653,2.93870704352,7.56134270267,0,0,2.35012173653,
MC_G1_D060_DENS_LOW_V_HIGH_S050,MC_G1_D060_DENS_LOW_V_HIGH,50,2.36004257202,2.53135712485,4.89786045319,0,0,2.36004257202,
MC_G1_D060_DENS_LOW_V_HIGH_S050,MC_G1_D060_DENS_LOW_V_HIGH,50,2.3700902462,2.38065297076,7.24295163382,0,0,2.3700902462,
MC_G1_D060_DENS_LOW_V_HIGH_S050,MC_G1_D060_DENS_LOW_V_HIGH,50,2.3800110817,2.51418333768,5.88918914168,0,0,2.3800110817,
MC_G1_D060_DENS_LOW_V_HIGH_S050,MC_G1_D060_DENS_LOW_V_HIGH,50,2.39005923271,2.43961119066,6.22976307516,0,0,2.39005923271,
MC_G1_D060_DENS_LOW_V_HIGH_S050,MC_G1_D060_DENS_LOW_V_HIGH,50,2.40010738373,2.8400192356,7.18576688925,0,0,2.40010738373,
MC_G1_D060_DENS_LOW_V_HIGH_S050,MC_G1_D060_DENS_LOW_V_HIGH,50,2.41002821922,2.81520912829,8.54369552561,0,0,2.41002821922,
MC_G1_D060_DENS_LOW_V_HIGH_S050,MC_G1_D060_DENS_LOW_V_HIGH,50,2.4200758934,2.14761514623,5.2755976889,0,0,2.4200758934,
MC_G1_D060_DENS_LOW_V_HIGH_S050,MC_G1_D060_DENS_LOW_V_HIGH,50,2.430123806,2.33348652436,10.1786565105,0,0,2.430123806,
MC_G1_D060_DENS_LOW_V_HIGH_S050,MC_G1_D060_DENS_LOW_V_HIGH,50,2.44004487991,2.54205272214,6.31910138753,0,0,2.44004487991,
MC_G1_D060_DENS_LOW_V_HIGH_S050,MC_G1_D060_DENS_LOW_V_HIGH,50,2.45009303093,3.317702523,9.04908728974,0,0,2.45009303093,
MC_G1_D060_DENS_LOW_V_HIGH_S050,MC_G1_D060_DENS_LOW_V_HIGH,50,2.46001386642,3.18655144995,8.41024401949,0,0,2.46001386642,
MC_G1_D060_DENS_LOW_V_HIGH_S050,MC_G1_D060_DENS_LOW_V_HIGH,50,2.47006177902,2.38665797863,6.24258227765,0,0,2.47006177902,
MC_G1_D060_DENS_LOW_V_HIGH_S050,MC_G1_D060_DENS_LOW_V_HIGH,50,2.48010969162,2.32426357657,6.26686407445,0,0,2.48010969162,
MC_G1_D060_DENS_LOW_V_HIGH_S050,MC_G1_D060_DENS_LOW_V_HIGH,50,2.49003052711,2.67499808757,6.69700544305,0,0,2.49003052711,
MC_G1_D060_DENS_LOW_V_HIGH_S050,MC_G1_D060_DENS_LOW_V_HIGH,50,2.50007867813,3.05387138592,6.6877213404,0,0,2.50007867813,
MC_G1_D060_DENS_LOW_V_HIGH_S050,MC_G1_D060_DENS_LOW_V_HIGH,50,2.51012682915,3.35745218672,6.0981451397,0,0,2.51012682915,
MC_G1_D060_DENS_LOW_V_HIGH_S050,MC_G1_D060_DENS_LOW_V_HIGH,50,2.52004766464,2.55524677226,9.80675109901,0,0,2.52004766464,
MC_G1_D060_DENS_LOW_V_HIGH_S050,MC_G1_D060_DENS_LOW_V_HIGH,50,2.53009533882,2.4545177193,6.07030180194,0,0,2.53009533882,
MC_G1_D060_DENS_LOW_V_HIGH_S050,MC_G1_D060_DENS_LOW_V_HIGH,50,2.54001641273,2.66232363102,8.18348419498,0,0,2.54001641273,
MC_G1_D060_DENS_LOW_V_HIGH_S050,MC_G1_D060_DENS_LOW_V_HIGH,50,2.55006456375,2.40752224013,14.5415011822,0,0,2.55006456375,
MC_G1_D060_DENS_LOW_V_HIGH_S050,MC_G1_D060_DENS_LOW_V_HIGH,50,2.56011271477,3.68726523128,10.0719645701,0,0,2.56011271477,
MC_G1_D060_DENS_LOW_V_HIGH_S050,MC_G1_D060_DENS_LOW_V_HIGH,50,2.57003331184,3.20626081921,10.1532191237,0,0,2.57003331184,
MC_G1_D060_DENS_LOW_V_HIGH_S050,MC_G1_D060_DENS_LOW_V_HIGH,50,2.58008122444,2.56008415171,6.07306162599,0,0,2.58008122444,
MC_G1_D060_DENS_LOW_V_HIGH_S050,MC_G1_D060_DENS_LOW_V_HIGH,50,2.59000205994,2.85232693292,6.96994259984,0,0,2.59000205994,
MC_G1_D060_DENS_LOW_V_HIGH_S050,MC_G1_D060_DENS_LOW_V_HIGH,50,2.60005021095,3.07418021981,9.93483707018,0,0,2.60005021095,
MC_G1_D060_DENS_LOW_V_HIGH_S050,MC_G1_D060_DENS_LOW_V_HIGH,50,2.61009836197,3.01219294424,6.66372455489,0,0,2.61009836197,
MC_G1_D060_DENS_LOW_V_HIGH_S050,MC_G1_D060_DENS_LOW_V_HIGH,50,2.62001919746,3.59660986074,7.51356241958,0,0,2.62001919746,
MC_G1_D060_DENS_LOW_V_HIGH_S050,MC_G1_D060_DENS_LOW_V_HIGH,50,2.63006687164,2.60498204438,6.85388295314,0,0,2.63006687164,
MC_G1_D060_DENS_LOW_V_HIGH_S050,MC_G1_D060_DENS_LOW_V_HIGH,50,2.64011502266,2.8475020738,6.75279200944,0,0,2.64011502266,
MC_G1_D060_DENS_LOW_V_HIGH_S050,MC_G1_D060_DENS_LOW_V_HIGH,50,2.65003585815,3.09967225321,9.53924818154,0,0,2.65003585815,
MC_G1_D060_DENS_LOW_V_HIGH_S050,MC_G1_D060_DENS_LOW_V_HIGH,50,2.66008400917,2.95336316563,9.6560289479,0,0,2.66008400917,
MC_G1_D060_DENS_LOW_V_HIGH_S050,MC_G1_D060_DENS_LOW_V_HIGH,50,2.67000484467,3.28916545972,7.0716510493,0,0,2.67000484467,
MC_G1_D060_DENS_LOW_V_HIGH_S050,MC_G1_D060_DENS_LOW_V_HIGH,50,2.68005275726,3.22760214833,8.10886371983,0,0,2.68005275726,
MC_G1_D060_DENS_LOW_V_HIGH_S050,MC_G1_D060_DENS_LOW_V_HIGH,50,2.69010066986,3.04578692442,8.03099906196,0,0,2.69010066986,
MC_G1_D060_DENS_LOW_V_HIGH_S050,MC_G1_D060_DENS_LOW_V_HIGH,50,2.70002174377,3.42425655017,11.3160066341,0,0,2.70002174377,
MC_G1_D060_DENS_LOW_V_HIGH_S050,MC_G1_D060_DENS_LOW_V_HIGH,50,2.71006989479,3.89603736685,9.3554394963,0,0,2.71006989479,
MC_G1_D060_DENS_LOW_V_HIGH_S050,MC_G1_D060_DENS_LOW_V_HIGH,50,2.72011780739,3.37010289782,8.79265590814,0,0,2.72011780739,
MC_G1_D060_DENS_LOW_V_HIGH_S050,MC_G1_D060_DENS_LOW_V_HIGH,50,2.73003840446,3.02035619745,7.39814185694,0,0,2.73003840446,
MC_G1_D060_DENS_LOW_V_HIGH_S050,MC_G1_D060_DENS_LOW_V_HIGH,50,2.74008631706,3.03055357207,6.65198255906,0,0,2.74008631706,
MC_G1_D060_DENS_LOW_V_HIGH_S050,MC_G1_D060_DENS_LOW_V_HIGH,50,2.75000739098,2.82902746782,11.2333134208,0,0,2.75000739098,
MC_G1_D060_DENS_LOW_V_HIGH_S050,MC_G1_D060_DENS_LOW_V_HIGH,50,2.76005554199,3.53228560137,9.01033841391,0,0,2.76005554199,
MC_G1_D060_DENS_LOW_V_HIGH_S050,MC_G1_D060_DENS_LOW_V_HIGH,50,2.77010369301,2.73039902352,6.7574878008,0,0,2.77010369301,
MC_G1_D060_DENS_LOW_V_HIGH_S050,MC_G1_D060_DENS_LOW_V_HIGH,50,2.78002429008,2.82747689008,8.21774100207,0,0,2.78002429008,
MC_G1_D060_DENS_LOW_V_HIGH_S050,MC_G1_D060_DENS_LOW_V_HIGH,50,2.79007220268,3.3061320139,8.69478405795,0,0,2.79007220268,
MC_G1_D060_DENS_LOW_V_HIGH_S050,MC_G1_D060_DENS_LOW_V_HIGH,50,2.8001203537,3.15935859488,7.38036711409,0,0,2.8001203537,
MC_G1_D060_DENS_LOW_V_HIGH_S050,MC_G1_D060_DENS_LOW_V_HIGH,50,2.81004118919,3.36719278526,8.34674224186,0,0,2.81004118919,
MC_G1_D060_DENS_LOW_V_HIGH_S050,MC_G1_D060_DENS_LOW_V_HIGH,50,2.82008934021,3.44114927758,7.06077958381,0,0,2.82008934021,
MC_G1_D060_DENS_LOW_V_HIGH_S050,MC_G1_D060_DENS_LOW_V_HIGH,50,2.8300101757,3.23737167315,7.34870148349,0,0,2.8300101757,
MC_G1_D060_DENS_LOW_V_HIGH_S050,MC_G1_D060_DENS_LOW_V_HIGH,50,2.84005784988,3.21490308286,8.07844851511,0,0,2.84005784988,
MC_G1_D060_DENS_LOW_V_HIGH_S050,MC_G1_D060_DENS_LOW_V_HIGH,50,2.8501060009,3.4409312512,11.2214874024,0,0,2.8501060009,
MC_G1_D060_DENS_LOW_V_HIGH_S050,MC_G1_D060_DENS_LOW_V_HIGH,50,2.86002707481,3.70379853896,8.02691870546,0,0,2.86002707481,
MC_G1_D060_DENS_LOW_V_HIGH_S050,MC_G1_D060_DENS_LOW_V_HIGH,50,2.87007522583,4.22383420702,15.7250769051,0,0,2.87007522583,
MC_G1_D060_DENS_LOW_V_HIGH_S050,MC_G1_D060_DENS_LOW_V_HIGH,50,2.88012313843,3.43296141545,9.84080952482,0,0,2.88012313843,
MC_G1_D060_DENS_LOW_V_HIGH_S050,MC_G1_D060_DENS_LOW_V_HIGH,50,2.8900437355,3.18447566607,11.1614375478,0,0,2.8900437355,
MC_G1_D060_DENS_LOW_V_HIGH_S050,MC_G1_D060_DENS_LOW_V_HIGH,50,2.90009188652,2.77026137019,7.96445025385,0,0,2.90009188652,
MC_G1_D060_DENS_LOW_V_HIGH_S050,MC_G1_D060_DENS_LOW_V_HIGH,50,2.91001272202,3.00187382024,7.01547647523,0,0,2.91001272202,
MC_G1_D060_DENS_LOW_V_HIGH_S050,MC_G1_D060_DENS_LOW_V_HIGH,50,2.92006087303,3.38942435281,7.63593755382,0,0,2.92006087303,
MC_G1_D060_DENS_LOW_V_HIGH_S050,MC_G1_D060_DENS_LOW_V_HIGH,50,2.93010902405,3.69482103276,10.240661788,0,0,2.93010902405,
MC_G1_D060_DENS_LOW_V_HIGH_S050,MC_G1_D060_DENS_LOW_V_HIGH,50,2.94002962112,3.45954077449,7.96235985203,0,0,2.94002962112,
MC_G1_D060_DENS_LOW_V_HIGH_S050,MC_G1_D060_DENS_LOW_V_HIGH,50,2.95007777214,3.047497676,5.88930256346,0,0,2.95007777214,
MC_G1_D060_DENS_LOW_V_HIGH_S050,MC_G1_D060_DENS_LOW_V_HIGH,50,2.96012592316,3.29120627303,6.89122413124,0,0,2.96012592316,
MC_G1_D060_DENS_LOW_V_HIGH_S050,MC_G1_D060_DENS_LOW_V_HIGH,50,2.97004675865,3.80497314287,9.42666216731,0,0,2.97004675865,
MC_G1_D060_DENS_LOW_V_HIGH_S050,MC_G1_D060_DENS_LOW_V_HIGH,50,2.98009490967,3.42307726488,9.31019698562,0,0,2.98009490967,
MC_G1_D060_DENS_LOW_V_HIGH_S050,MC_G1_D060_DENS_LOW_V_HIGH,50,2.99001550674,3.34554276532,8.84045691808,0,0,2.99001550674,
MC_G1_D060_DENS_LOW_V_HIGH_S050,MC_G1_D060_DENS_LOW_V_HIGH,50,3.00006341934,3.01124291046,8.99959889746,0,0,3.00006341934,
MC_G1_D060_DENS_LOW_V_HIGH_S050,MC_G1_D060_DENS_LOW_V_HIGH,50,3.01011157036,3.64987651267,9.47409325013,0,0,3.01011157036,
MC_G1_D060_DENS_LOW_V_HIGH_S050,MC_G1_D060_DENS_LOW_V_HIGH,50,3.02003264427,2.99688446993,16.1043243821,0,0,3.02003264427,
MC_G1_D060_DENS_LOW_V_HIGH_S050,MC_G1_D060_DENS_LOW_V_HIGH,50,3.03008079529,3.17292609614,8.68282123703,0,0,3.03008079529,
MC_G1_D060_DENS_LOW_V_HIGH_S050,MC_G1_D060_DENS_LOW_V_HIGH,50,3.04000139236,3.33079230902,8.34163098747,0,0,3.04000139236,
MC_G1_D060_DENS_LOW_V_HIGH_S050,MC_G1_D060_DENS_LOW_V_HIGH,50,3.05004930496,3.52450637681,8.06004697113,0,0,3.05004930496,
MC_G1_D060_DENS_LOW_V_HIGH_S050,MC_G1_D060_DENS_LOW_V_HIGH,50,3.06009745598,3.37458474316,13.4145616404,0,0,3.06009745598,
MC_G1_D060_DENS_LOW_V_HIGH_S050,MC_G1_D060_DENS_LOW_V_HIGH,50,3.07001829147,4.35925708613,10.507572267,0,0,3.07001829147,
MC_G1_D060_DENS_LOW_V_HIGH_S050,MC_G1_D060_DENS_LOW_V_HIGH,50,3.08006644249,4.01840888438,10.067850921,0,0,3.08006644249,
MC_G1_D060_DENS_LOW_V_HIGH_S050,MC_G1_D060_DENS_LOW_V_HIGH,50,3.09011435509,3.34493596119,9.72932079102,0,0,3.09011435509,
MC_G1_D060_DENS_LOW_V_HIGH_S050,MC_G1_D060_DENS_LOW_V_HIGH,50,3.10003495216,3.36911875695,16.4259689767,0,0,3.10003495216,
MC_G1_D060_DENS_LOW_V_HIGH_S050,MC_G1_D060_DENS_LOW_V_HIGH,50,3.11008310318,3.4976841666,7.957472962,0,0,3.11008310318,
MC_G1_D060_DENS_LOW_V_HIGH_S050,MC_G1_D060_DENS_LOW_V_HIGH,50,3.12000417709,4.41689937649,9.6052737378,0,0,3.12000417709,
MC_G1_D060_DENS_LOW_V_HIGH_S050,MC_G1_D060_DENS_LOW_V_HIGH,50,3.13005232811,4.20368597871,8.81459945796,0,0,3.13005232811,
MC_G1_D060_DENS_LOW_V_HIGH_S050,MC_G1_D060_DENS_LOW_V_HIGH,50,3.14010024071,3.50020852357,8.94915569057,0,0,3.14010024071,
MC_G1_D060_DENS_LOW_V_HIGH_S050,MC_G1_D060_DENS_LOW_V_HIGH,50,3.15002083778,3.54127476443,8.9423049418,0,0,3.15002083778,
MC_G1_D060_DENS_LOW_V_HIGH_S050,MC_G1_D060_DENS_LOW_V_HIGH,50,3.1600689888,3.6019692083,8.64894728844,0,0,3.1600689888,
MC_G1_D060_DENS_LOW_V_HIGH_S050,MC_G1_D060_DENS_LOW_V_HIGH,50,3.17011713982,3.74241943044,9.12324873569,0,0,3.17011713982,
MC_G1_D060_DENS_LOW_V_HIGH_S050,MC_G1_D060_DENS_LOW_V_HIGH,50,3.18003797531,4.00984713938,10.6979448807,0,0,3.18003797531,
MC_G1_D060_DENS_LOW_V_HIGH_S050,MC_G1_D060_DENS_LOW_V_HIGH,50,3.19008612633,3.83178304862,8.74027645442,0,0,3.19008612633,
MC_G1_D060_DENS_LOW_V_HIGH_S050,MC_G1_D060_DENS_LOW_V_HIGH,50,3.2000067234,3.23569848256,8.16766977129,0,0,3.2000067234,
MC_G1_D060_DENS_LOW_V_HIGH_S050,MC_G1_D060_DENS_LOW_V_HIGH,50,3.21005487442,3.31414329624,6.73951669941,0,0,3.21005487442,
MC_G1_D060_DENS_LOW_V_HIGH_S050,MC_G1_D060_DENS_LOW_V_HIGH,50,3.22010302544,3.74329153598,9.32665219068,0,0,3.22010302544,
MC_G1_D060_DENS_LOW_V_HIGH_S050,MC_G1_D060_DENS_LOW_V_HIGH,50,3.23002386093,3.83647644431,8.31308564983,0,0,3.23002386093,
MC_G1_D060_DENS_LOW_V_HIGH_S050,MC_G1_D060_DENS_LOW_V_HIGH,50,3.24007201195,3.98568031784,9.74384435985,0,0,3.24007201195,
MC_G1_D060_DENS_LOW_V_HIGH_S050,MC_G1_D060_DENS_LOW_V_HIGH,50,3.25011968613,3.52608911884,11.3197803422,0,0,3.25011968613,
MC_G1_D060_DENS_LOW_V_HIGH_S050,MC_G1_D060_DENS_LOW_V_HIGH,50,3.26004052162,3.8044541969,11.9612796237,0,0,3.26004052162,
MC_G1_D060_DENS_LOW_V_HIGH_S050,MC_G1_D060_DENS_LOW_V_HIGH,50,3.27008867264,3.4124585165,8.84133329469,0,0,3.27008867264,
MC_G1_D060_DENS_LOW_V_HIGH_S050,MC_G1_D060_DENS_LOW_V_HIGH,50,3.28000974655,4.07352724951,9.79100389116,0,0,3.28000974655,
MC_G1_D060_DENS_LOW_V_HIGH_S050,MC_G1_D060_DENS_LOW_V_HIGH,50,3.29005765915,4.4553816809,14.0499377614,0,0,3.29005765915,
MC_G1_D060_DENS_LOW_V_HIGH_S050,MC_G1_D060_DENS_LOW_V_HIGH,50,3.30010557175,3.55762695911,9.40793550975,0,0,3.30010557175,
MC_G1_D060_DENS_LOW_V_HIGH_S050,MC_G1_D060_DENS_LOW_V_HIGH,50,3.31002640724,3.79910024603,8.33203918462,0,0,3.31002640724,
MC_G1_D060_DENS_LOW_V_HIGH_S050,MC_G1_D060_DENS_LOW_V_HIGH,50,3.32007455826,3.76186349829,8.44351638239,0,0,3.32007455826,
MC_G1_D060_DENS_LOW_V_HIGH_S050,MC_G1_D060_DENS_LOW_V_HIGH,50,3.33012270927,4.0388010432,10.1900838124,0,0,3.33012270927,
MC_G1_D060_DENS_LOW_V_HIGH_S050,MC_G1_D060_DENS_LOW_V_HIGH,50,3.34004354477,4.18226456266,9.92781243342,0,0,3.34004354477,
MC_G1_D060_DENS_LOW_V_HIGH_S050,MC_G1_D060_DENS_LOW_V_HIGH,50,3.35009145737,3.83823447091,8.82709881988,0,0,3.35009145737,
MC_G1_D060_DENS_LOW_V_HIGH_S050,MC_G1_D060_DENS_LOW_V_HIGH,50,3.36001229286,3.55053203519,8.16151616621,0,0,3.36001229286,
MC_G1_D060_DENS_LOW_V_HIGH_S050,MC_G1_D060_DENS_LOW_V_HIGH,50,3.37006044388,3.88997925551,10.2757963421,0,0,3.37006044388,
MC_G1_D060_DENS_LOW_V_HIGH_S050,MC_G1_D060_DENS_LOW_V_HIGH,50,3.38010859489,4.59315190545,11.6020383006,0,0,3.38010859489,
MC_G1_D060_DENS_LOW_V_HIGH_S050,MC_G1_D060_DENS_LOW_V_HIGH,50,3.39002943039,3.08011485481,8.22067894772,0,0,3.39002943039,
MC_G1_D060_DENS_LOW_V_HIGH_S050,MC_G1_D060_DENS_LOW_V_HIGH,50,3.40007734299,3.72889272818,9.15558918243,0,0,3.40007734299,
MC_G1_D060_DENS_LOW_V_HIGH_S050,MC_G1_D060_DENS_LOW_V_HIGH,50,3.41012525558,3.97025311628,10.2569528199,0,0,3.41012525558,
MC_G1_D060_DENS_LOW_V_HIGH_S050,MC_G1_D060_DENS_LOW_V_HIGH,50,3.4200463295,3.81281734361,9.3635651476,0,0,3.4200463295,
MC_G1_D060_DENS_LOW_V_HIGH_S050,MC_G1_D060_DENS_LOW_V_HIGH,50,3.43009448051,4.54201327737,8.96082683807,0,0,3.43009448051,
MC_G1_D060_DENS_LOW_V_HIGH_S050,MC_G1_D060_DENS_LOW_V_HIGH,50,3.44001531601,4.04404144766,8.78253463869,0,0,3.44001531601,
MC_G1_D060_DENS_LOW_V_HIGH_S050,MC_G1_D060_DENS_LOW_V_HIGH,50,3.45006346703,4.41484345244,10.2620012858,0,0,3.45006346703,
MC_G1_D060_DENS_LOW_V_HIGH_S050,MC_G1_D060_DENS_LOW_V_HIGH,50,3.46011137962,3.84553209462,8.53219769062,0,0,3.46011137962,
MC_G1_D060_DENS_LOW_V_HIGH_S050,MC_G1_D060_DENS_LOW_V_HIGH,50,3.47003221512,4.10912469788,8.81575915844,0,0,3.47003221512,
MC_G1_D060_DENS_LOW_V_HIGH_S050,MC_G1_D060_DENS_LOW_V_HIGH,50,3.48008036613,4.10377333742,9.3463324898,0,0,3.48008036613,
MC_G1_D060_DENS_LOW_V_HIGH_S050,MC_G1_D060_DENS_LOW_V_HIGH,50,3.49000120163,4.20076399343,8.84344320397,0,0,3.49000120163,
MC_G1_D060_DENS_LOW_V_HIGH_S050,MC_G1_D060_DENS_LOW_V_HIGH,50,3.50004935265,3.26636508076,11.1528625349,0,0,3.50004935265,
MC_G1_D060_DENS_LOW_V_HIGH_S050,MC_G1_D060_DENS_LOW_V_HIGH,50,3.51009726524,4.11268435637,9.80540010531,0,0,3.51009726524,
MC_G1_D060_DENS_LOW_V_HIGH_S050,MC_G1_D060_DENS_LOW_V_HIGH,50,3.52001810074,3.72687134297,8.46948300765,0,0,3.52001810074,
MC_G1_D060_DENS_LOW_V_HIGH_S050,MC_G1_D060_DENS_LOW_V_HIGH,50,3.53006625175,4.41095265289,9.32424131066,0,0,3.53006625175,
MC_G1_D060_DENS_LOW_V_HIGH_S050,MC_G1_D060_DENS_LOW_V_HIGH,50,3.54011440277,4.7179191228,11.5215333656,0,0,3.54011440277,
MC_G1_D060_DENS_LOW_V_HIGH_S050,MC_G1_D060_DENS_LOW_V_HIGH,50,3.55003523827,4.23423298621,9.31439349784,0,0,3.55003523827,
MC_G1_D060_DENS_LOW_V_HIGH_S050,MC_G1_D060_DENS_LOW_V_HIGH,50,3.56008315086,4.39275457345,14.442775563,0,0,3.56008315086,
MC_G1_D060_DENS_LOW_V_HIGH_S050,MC_G1_D060_DENS_LOW_V_HIGH,50,3.57000398636,4.04742236769,9.10352332384,0,0,3.57000398636,
MC_G1_D060_DENS_LOW_V_HIGH_S050,MC_G1_D060_DENS_LOW_V_HIGH,50,3.58005213737,4.22617896206,9.53326876887,0,0,3.58005213737,
MC_G1_D060_DENS_LOW_V_HIGH_S050,MC_G1_D060_DENS_LOW_V_HIGH,50,3.59010028839,4.55270693185,10.3165752062,0,0,3.59010028839,
MC_G1_D060_DENS_LOW_V_HIGH_S050,MC_G1_D060_DENS_LOW_V_HIGH,50,3.60002112389,4.53557826103,10.8150851824,0,0,3.60002112389,
MC_G1_D060_DENS_LOW_V_HIGH_S050,MC_G1_D060_DENS_LOW_V_HIGH,50,3.61006903648,4.31929911007,10.9606055222,0,0,3.61006903648,
MC_G1_D060_DENS_LOW_V_HIGH_S050,MC_G1_D060_DENS_LOW_V_HIGH,50,3.6201171875,4.00142398145,10.3920198893,0,0,3.6201171875,
MC_G1_D060_DENS_LOW_V_HIGH_S050,MC_G1_D060_DENS_LOW_V_HIGH,50,3.63003802299,3.57351784451,9.52178022213,0,0,3.63003802299,
MC_G1_D060_DENS_LOW_V_HIGH_S050,MC_G1_D060_DENS_LOW_V_HIGH,50,3.64008617401,4.3925723811,11.6317363808,0,0,3.64008617401,
MC_G1_D060_DENS_LOW_V_HIGH_S050,MC_G1_D060_DENS_LOW_V_HIGH,50,3.65000700951,4.06518741651,11.4357709046,0,0,3.65000700951,
MC_G1_D060_DENS_LOW_V_HIGH_S050,MC_G1_D060_DENS_LOW_V_HIGH,50,3.6600549221,4.75823932487,11.1210642345,0,0,3.6600549221,
MC_G1_D060_DENS_LOW_V_HIGH_S050,MC_G1_D060_DENS_LOW_V_HIGH,50,3.67010307312,5.21310712257,12.668641637,0,0,3.67010307312,
MC_G1_D060_DENS_LOW_V_HIGH_S050,MC_G1_D060_DENS_LOW_V_HIGH,50,3.68002390862,4.49677733588,14.823120092,0,0,3.68002390862,
MC_G1_D060_DENS_LOW_V_HIGH_S050,MC_G1_D060_DENS_LOW_V_HIGH,50,3.69007205963,4.63961268031,10.6727188051,0,0,3.69007205963,
MC_G1_D060_DENS_LOW_V_HIGH_S050,MC_G1_D060_DENS_LOW_V_HIGH,50,3.70012021065,4.73318485531,10.8122404639,0,0,3.70012021065,
MC_G1_D060_DENS_LOW_V_HIGH_S050,MC_G1_D060_DENS_LOW_V_HIGH,50,3.71004104614,4.2852097135,11.6418486568,0,0,3.71004104614,
MC_G1_D060_DENS_LOW_V_HIGH_S050,MC_G1_D060_DENS_LOW_V_HIGH,50,3.72008895874,4.61924167653,11.0845395119,0,0,3.72008895874,
MC_G1_D060_DENS_LOW_V_HIGH_S050,MC_G1_D060_DENS_LOW_V_HIGH,50,3.73000979424,4.35132092575,10.4876272189,0,0,3.73000979424,
MC_G1_D060_DENS_LOW_V_HIGH_S050,MC_G1_D060_DENS_LOW_V_HIGH,50,3.74005794525,4.59864055777,12.979138803,0,0,3.74005794525,
MC_G1_D060_DENS_LOW_V_HIGH_S050,MC_G1_D060_DENS_LOW_V_HIGH,50,3.75010609627,5.2810773875,12.8337632452,0,0,3.75010609627,
MC_G1_D060_DENS_LOW_V_HIGH_S050,MC_G1_D060_DENS_LOW_V_HIGH,50,3.76002693176,4.62973543751,11.3146790063,0,0,3.76002693176,
MC_G1_D060_DENS_LOW_V_HIGH_S050,MC_G1_D060_DENS_LOW_V_HIGH,50,3.77007484436,5.07672838125,10.2340508233,0,0,3.77007484436,
MC_G1_D060_DENS_LOW_V_HIGH_S050,MC_G1_D060_DENS_LOW_V_HIGH,50,3.78012299538,4.41488964813,10.6076124092,0,0,3.78012299538,
MC_G1_D060_DENS_LOW_V_HIGH_S050,MC_G1_D060_DENS_LOW_V_HIGH,50,3.79004406929,4.88629679781,11.9212448586,0,0,3.79004406929,
MC_G1_D060_DENS_LOW_V_HIGH_S050,MC_G1_D060_DENS_LOW_V_HIGH,50,3.80009222031,4.90695706432,15.9743133259,0,0,3.80009222031,
MC_G1_D060_DENS_LOW_V_HIGH_S050,MC_G1_D060_DENS_LOW_V_HIGH,50,3.8100130558,4.59691145744,11.8449923186,0,0,3.8100130558,
MC_G1_D060_DENS_LOW_V_HIGH_S050,MC_G1_D060_DENS_LOW_V_HIGH,50,3.8200609684,4.56377101531,11.3580739214,0,0,3.8200609684,
MC_G1_D060_DENS_LOW_V_HIGH_S050,MC_G1_D060_DENS_LOW_V_HIGH,50,3.830108881,4.4870296137,10.6702177836,0,0,3.830108881,
MC_G1_D060_DENS_LOW_V_HIGH_S050,MC_G1_D060_DENS_LOW_V_HIGH,50,3.84002995491,4.54975040773,10.7772724745,0,0,3.84002995491,
MC_G1_D060_DENS_LOW_V_HIGH_S050,MC_G1_D060_DENS_LOW_V_HIGH,50,3.85007810593,5.13185538108,13.2509589087,0,0,3.85007810593,
MC_G1_D060_DENS_LOW_V_HIGH_S050,MC_G1_D060_DENS_LOW_V_HIGH,50,3.86012625694,4.51501945234,11.4454036728,0,0,3.86012625694,
MC_G1_D060_DENS_LOW_V_HIGH_S050,MC_G1_D060_DENS_LOW_V_HIGH,50,3.87004685402,4.35914915228,12.532759194,0,0,3.87004685402,
MC_G1_D060_DENS_LOW_V_HIGH_S050,MC_G1_D060_DENS_LOW_V_HIGH,50,3.88009500504,4.12742682556,13.9408983282,0,0,3.88009500504,
MC_G1_D060_DENS_LOW_V_HIGH_S050,MC_G1_D060_DENS_LOW_V_HIGH,50,3.89001584053,4.74787681146,11.1748405873,0,0,3.89001584053,
MC_G1_D060_DENS_LOW_V_HIGH_S050,MC_G1_D060_DENS_LOW_V_HIGH,50,3.90006399155,4.68261352757,10.6714712481,0,0,3.90006399155,
MC_G1_D060_DENS_LOW_V_HIGH_S050,MC_G1_D060_DENS_LOW_V_HIGH,50,3.91011214256,4.84699246917,10.8485421335,0,0,3.91011214256,
MC_G1_D060_DENS_LOW_V_HIGH_S050,MC_G1_D060_DENS_LOW_V_HIGH,50,3.92003297806,5.39164396361,11.9557795288,0,0,3.92003297806,
MC_G1_D060_DENS_LOW_V_HIGH_S050,MC_G1_D060_DENS_LOW_V_HIGH,50,3.93008089066,4.59302152136,10.8403781405,0,0,3.93008089066,
MC_G1_D060_DENS_LOW_V_HIGH_S050,MC_G1_D060_DENS_LOW_V_HIGH,50,3.94000196457,5.21089102468,11.607863082,0,0,3.94000196457,
MC_G1_D060_DENS_LOW_V_HIGH_S050,MC_G1_D060_DENS_LOW_V_HIGH,50,3.95005011559,4.85433931072,11.3165836575,0,0,3.95005011559,
MC_G1_D060_DENS_LOW_V_HIGH_S050,MC_G1_D060_DENS_LOW_V_HIGH,50,3.9600982666,5.13956358517,12.5262141962,0,0,3.9600982666,
MC_G1_D060_DENS_LOW_V_HIGH_S050,MC_G1_D060_DENS_LOW_V_HIGH,50,3.97001886368,4.8496260552,12.4125598345,0,0,3.97001886368,
MC_G1_D060_DENS_LOW_V_HIGH_S050,MC_G1_D060_DENS_LOW_V_HIGH,50,3.98006701469,4.41008313777,12.1463059315,0,0,3.98006701469,
MC_G1_D060_DENS_LOW_V_HIGH_S050,MC_G1_D060_DENS_LOW_V_HIGH,50,3.99011516571,4.79774182006,11.7585244261,0,0,3.99011516571,
MC_G1_D060_DENS_LOW_V_HIGH_S050,MC_G1_D060_DENS_LOW_V_HIGH,50,4.00003623962,4.8826637443,13.5686054018,0,0,4.00003623962,
MC_G1_D060_DENS_LOW_V_HIGH_S050,MC_G1_D060_DENS_LOW_V_HIGH,50,4.01008415222,4.78183366526,12.1253822047,0,0,4.01008415222,
MC_G1_D060_DENS_LOW_V_HIGH_S050,MC_G1_D060_DENS_LOW_V_HIGH,50,4.0200047493,5.24710499123,13.8059257323,0,0,4.0200047493,
MC_G1_D060_DENS_LOW_V_HIGH_S050,MC_G1_D060_DENS_LOW_V_HIGH,50,4.03005313873,4.84156382808,13.7898738121,0,0,4.03005313873,
MC_G1_D060_DENS_LOW_V_HIGH_S050,MC_G1_D060_DENS_LOW_V_HIGH,50,4.04010105133,4.85170486122,10.963495336,0,0,4.04010105133,
MC_G1_D060_DENS_LOW_V_HIGH_S050,MC_G1_D060_DENS_LOW_V_HIGH,50,4.05002212524,5.17539287546,11.8047670082,0,0,4.05002212524,
MC_G1_D060_DENS_LOW_V_HIGH_S050,MC_G1_D060_DENS_LOW_V_HIGH,50,4.06007003784,4.70977313901,11.2850473775,0,0,4.06007003784,
MC_G1_D060_DENS_LOW_V_HIGH_S050,MC_G1_D060_DENS_LOW_V_HIGH,50,4.07011795044,4.61803540778,14.3405884525,0,0,4.07011795044,
MC_G1_D060_DENS_LOW_V_HIGH_S050,MC_G1_D060_DENS_LOW_V_HIGH,50,4.08003902435,4.71474198189,11.7764142126,0,0,4.08003902435,
MC_G1_D060_DENS_LOW_V_HIGH_S050,MC_G1_D060_DENS_LOW_V_HIGH,50,4.09008693695,5.15242498316,13.904323378,0,0,4.09008693695,
MC_G1_D060_DENS_LOW_V_HIGH_S050,MC_G1_D060_DENS_LOW_V_HIGH,50,4.10000801086,5.12153647295,14.0397031934,0,0,4.10000801086,
MC_G1_D060_DENS_LOW_V_HIGH_S050,MC_G1_D060_DENS_LOW_V_HIGH,50,4.11005592346,5.30970619455,12.8796256591,0,0,4.11005592346,
MC_G1_D060_DENS_LOW_V_HIGH_S050,MC_G1_D060_DENS_LOW_V_HIGH,50,4.1201043129,5.01764020899,14.439236891,0,0,4.1201043129,
MC_G1_D060_DENS_LOW_V_HIGH_S050,MC_G1_D060_DENS_LOW_V_HIGH,50,4.13002490997,4.9027545518,12.9323642456,0,0,4.13002490997,
MC_G1_D060_DENS_LOW_V_HIGH_S050,MC_G1_D060_DENS_LOW_V_HIGH,50,4.14007282257,4.54750149796,10.4890346503,0,0,4.14007282257,
MC_G1_D060_DENS_LOW_V_HIGH_S050,MC_G1_D060_DENS_LOW_V_HIGH,50,4.15012121201,4.86378654505,10.8454067515,0,0,4.15012121201,
MC_G1_D060_DENS_LOW_V_HIGH_S050,MC_G1_D060_DENS_LOW_V_HIGH,50,4.16004228592,5.16164123904,10.8327382324,0,0,4.16004228592,
MC_G1_D060_DENS_LOW_V_HIGH_S050,MC_G1_D060_DENS_LOW_V_HIGH,50,4.17009019852,4.92724862879,11.6667158328,0,0,4.17009019852,
MC_G1_D060_DENS_LOW_V_HIGH_S050,MC_G1_D060_DENS_LOW_V_HIGH,50,4.18001079559,4.62597847593,11.5322557559,0,0,4.18001079559,
MC_G1_D060_DENS_LOW_V_HIGH_S050,MC_G1_D060_DENS_LOW_V_HIGH,50,4.19005918503,5.32220968388,12.3173513683,0,0,4.19005918503,
MC_G1_D060_DENS_LOW_V_HIGH_S050,MC_G1_D060_DENS_LOW_V_HIGH,50,4.20010709763,5.02768539687,12.1902830624,0,0,4.20010709763,
MC_G1_D060_DENS_LOW_V_HIGH_S050,MC_G1_D060_DENS_LOW_V_HIGH,50,4.21002817154,5.42669742536,13.572394816,0,0,4.21002817154,
MC_G1_D060_DENS_LOW_V_HIGH_S050,MC_G1_D060_DENS_LOW_V_HIGH,50,4.22007608414,4.59237262303,11.6857300894,0,0,4.22007608414,
MC_G1_D060_DENS_LOW_V_HIGH_S050,MC_G1_D060_DENS_LOW_V_HIGH,50,4.23012399673,5.0657009953,12.5741463793,0,0,4.23012399673,
MC_G1_D060_DENS_LOW_V_HIGH_S050,MC_G1_D060_DENS_LOW_V_HIGH,50,4.24004507065,4.8799524459,12.4967697901,0,0,4.24004507065,
MC_G1_D060_DENS_LOW_V_HIGH_S050,MC_G1_D060_DENS_LOW_V_HIGH,50,4.25009298325,5.05719235376,11.9060133745,0,0,4.25009298325,
MC_G1_D060_DENS_LOW_V_HIGH_S050,MC_G1_D060_DENS_LOW_V_HIGH,50,4.26001405716,5.70966804095,14.1156206986,0,0,4.26001405716,
MC_G1_D060_DENS_LOW_V_HIGH_S050,MC_G1_D060_DENS_LOW_V_HIGH,50,4.27006196976,5.25224393786,11.2379643992,0,0,4.27006196976,
MC_G1_D060_DENS_LOW_V_HIGH_S050,MC_G1_D060_DENS_LOW_V_HIGH,50,4.28011035919,5.350215065,12.0583003461,0,0,4.28011035919,
MC_G1_D060_DENS_LOW_V_HIGH_S050,MC_G1_D060_DENS_LOW_V_HIGH,50,4.29003095627,5.11783909086,11.754235447,0,0,4.29003095627,
MC_G1_D060_DENS_LOW_V_HIGH_S050,MC_G1_D060_DENS_LOW_V_HIGH,50,4.3000793457,5.59880745302,16.4483714819,0,0,4.3000793457,
MC_G1_D060_DENS_LOW_V_HIGH_S050,MC_G1_D060_DENS_LOW_V_HIGH,50,4.30999994278,5.40174786751,12.3421492942,0,0,4.30999994278,
MC_G1_D060_DENS_LOW_V_HIGH_S050,MC_G1_D060_DENS_LOW_V_HIGH,50,4.32004833221,5.4351512365,12.9220411638,0,0,4.32004833221,
MC_G1_D060_DENS_LOW_V_HIGH_S050,MC_G1_D060_DENS_LOW_V_HIGH,50,4.33009624481,5.43151041175,12.7733511345,0,0,4.33009624481,
MC_G1_D060_DENS_LOW_V_HIGH_S050,MC_G1_D060_DENS_LOW_V_HIGH,50,4.34001684189,5.10823168269,13.3041263429,0,0,4.34001684189,
MC_G1_D060_DENS_LOW_V_HIGH_S050,MC_G1_D060_DENS_LOW_V_HIGH,50,4.35006523132,4.77695721375,12.9781087631,0,0,4.35006523132,
MC_G1_D060_DENS_LOW_V_HIGH_S050,MC_G1_D060_DENS_LOW_V_HIGH,50,4.36011314392,5.02152582772,14.4647761038,0,0,4.36011314392,
MC_G1_D060_DENS_LOW_V_HIGH_S050,MC_G1_D060_DENS_LOW_V_HIGH,50,4.37003421783,5.40572803629,12.668632232,0,0,4.37003421783,
MC_G1_D060_DENS_LOW_V_HIGH_S050,MC_G1_D060_DENS_LOW_V_HIGH,50,4.38008213043,5.53133454729,14.0030681921,0,0,4.38008213043,
MC_G1_D060_DENS_LOW_V_HIGH_S050,MC_G1_D060_DENS_LOW_V_HIGH,50,4.39000320435,5.4411407019,11.3206142975,0,0,4.39000320435,
MC_G1_D060_DENS_LOW_V_HIGH_S050,MC_G1_D060_DENS_LOW_V_HIGH,50,4.40005111694,5.05599169757,10.9220207963,0,0,4.40005111694,
MC_G1_D060_DENS_LOW_V_HIGH_S050,MC_G1_D060_DENS_LOW_V_HIGH,50,4.41009950638,5.50681888353,12.4482692012,0,0,4.41009950638,
MC_G1_D060_DENS_LOW_V_HIGH_S050,MC_G1_D060_DENS_LOW_V_HIGH,50,4.42002010345,5.76028426917,13.3854689069,0,0,4.42002010345,
MC_G1_D060_DENS_LOW_V_HIGH_S050,MC_G1_D060_DENS_LOW_V_HIGH,50,4.43006849289,4.83165075123,12.1158037573,0,0,4.43006849289,
MC_G1_D060_DENS_LOW_V_HIGH_S050,MC_G1_D060_DENS_LOW_V_HIGH,50,4.44011640549,5.67566369625,13.834492897,0,0,4.44011640549,
MC_G1_D060_DENS_LOW_V_HIGH_S050,MC_G1_D060_DENS_LOW_V_HIGH,50,4.4500374794,5.51862512016,14.1765960011,0,0,4.4500374794,
MC_G1_D060_DENS_LOW_V_HIGH_S050,MC_G1_D060_DENS_LOW_V_HIGH,50,4.460085392,5.49667785038,14.2892871246,0,0,4.460085392,
MC_G1_D060_DENS_LOW_V_HIGH_S050,MC_G1_D060_DENS_LOW_V_HIGH,50,4.47000646591,5.38594894176,13.9962614666,0,0,4.47000646591,
MC_G1_D060_DENS_LOW_V_HIGH_S050,MC_G1_D060_DENS_LOW_V_HIGH,50,4.48005437851,5.62639923161,15.292956662,0,0,4.48005437851,
MC_G1_D060_DENS_LOW_V_HIGH_S050,MC_G1_D060_DENS_LOW_V_HIGH,50,4.49010229111,5.09404442524,14.0731066418,0,0,4.49010229111,
MC_G1_D060_DENS_LOW_V_HIGH_S050,MC_G1_D060_DENS_LOW_V_HIGH,50,4.50002336502,6.20183561975,14.5061797315,0,0,4.50002336502,
MC_G1_D060_DENS_LOW_V_HIGH_S050,MC_G1_D060_DENS_LOW_V_HIGH,50,4.51007127762,5.29158496401,11.9242644099,0,0,4.51007127762,
MC_G1_D060_DENS_LOW_V_HIGH_S050,MC_G1_D060_DENS_LOW_V_HIGH,50,4.52011966705,5.97992448032,13.025129023,0,0,4.52011966705,
MC_G1_D060_DENS_LOW_V_HIGH_S050,MC_G1_D060_DENS_LOW_V_HIGH,50,4.53004074097,5.6954807835,13.8415639653,0,0,4.53004074097,
MC_G1_D060_DENS_LOW_V_HIGH_S050,MC_G1_D060_DENS_LOW_V_HIGH,50,4.54008865356,5.38554613262,12.7756584851,0,0,4.54008865356,
MC_G1_D060_DENS_LOW_V_HIGH_S050,MC_G1_D060_DENS_LOW_V_HIGH,50,4.55000925064,5.69390883486,13.4589971109,0,0,4.55000925064,
MC_G1_D060_DENS_LOW_V_HIGH_S050,MC_G1_D060_DENS_LOW_V_HIGH,50,4.56005764008,5.62579091641,14.1856584845,0,0,4.56005764008,
MC_G1_D060_DENS_LOW_V_HIGH_S050,MC_G1_D060_DENS_LOW_V_HIGH,50,4.57010555267,5.50829023782,16.0272296156,0,0,4.57010555267,
MC_G1_D060_DENS_LOW_V_HIGH_S050,MC_G1_D060_DENS_LOW_V_HIGH,50,4.58002662659,5.71916319791,14.3015292181,0,0,4.58002662659,
MC_G1_D060_DENS_LOW_V_HIGH_S050,MC_G1_D060_DENS_LOW_V_HIGH,50,4.59007453918,5.74672259634,15.1113582729,0,0,4.59007453918,
MC_G1_D060_DENS_LOW_V_HIGH_S050,MC_G1_D060_DENS_LOW_V_HIGH,50,4.60012245178,4.68107266388,13.7078436798,0,0,4.60012245178,
MC_G1_D060_DENS_LOW_V_HIGH_S050,MC_G1_D060_DENS_LOW_V_HIGH,50,4.6100435257,5.5917973651,14.7894580155,0,0,4.6100435257,
MC_G1_D060_DENS_LOW_V_HIGH_S050,MC_G1_D060_DENS_LOW_V_HIGH,50,4.62009191513,5.61253016316,13.5892921585,0,0,4.62009191513,
MC_G1_D060_DENS_LOW_V_HIGH_S050,MC_G1_D060_DENS_LOW_V_HIGH,50,4.63001251221,6.07123565696,14.6553562787,0,0,4.63001251221,
MC_G1_D060_DENS_LOW_V_HIGH_S050,MC_G1_D060_DENS_LOW_V_HIGH,50,4.64006090164,5.98713662042,13.083924445,0,0,4.64006090164,
MC_G1_D060_DENS_LOW_V_HIGH_S050,MC_G1_D060_DENS_LOW_V_HIGH,50,4.65010881424,5.6372418348,13.1600093586,0,0,4.65010881424,
MC_G1_D060_DENS_LOW_V_HIGH_S050,MC_G1_D060_DENS_LOW_V_HIGH,50,4.66002941132,5.79727924508,14.0276143609,0,0,4.66002941132,
MC_G1_D060_DENS_LOW_V_HIGH_S050,MC_G1_D060_DENS_LOW_V_HIGH,50,4.67007780075,5.85515726297,13.3948719166,0,0,4.67007780075,
MC_G1_D060_DENS_LOW_V_HIGH_S050,MC_G1_D060_DENS_LOW_V_HIGH,50,4.68012571335,5.93824517517,14.051525755,0,0,4.68012571335,
MC_G1_D060_DENS_LOW_V_HIGH_S050,MC_G1_D060_DENS_LOW_V_HIGH,50,4.69004678726,5.56373283624,14.5589429513,0,0,4.69004678726,
MC_G1_D060_DENS_LOW_V_HIGH_S050,MC_G1_D060_DENS_LOW_V_HIGH,50,4.70009469986,5.84202516688,19.4825596162,0,0,4.70009469986,
MC_G1_D060_DENS_LOW_V_HIGH_S050,MC_G1_D060_DENS_LOW_V_HIGH,50,4.71001577377,5.59489981579,14.1908532042,0,0,4.71001577377,
MC_G1_D060_DENS_LOW_V_HIGH_S050,MC_G1_D060_DENS_LOW_V_HIGH,50,4.72006368637,5.3942637341,13.5732807187,0,0,4.72006368637,
MC_G1_D060_DENS_LOW_V_HIGH_S050,MC_G1_D060_DENS_LOW_V_HIGH,50,4.73011207581,5.47938468836,13.8249362677,0,0,4.73011207581,
MC_G1_D060_DENS_LOW_V_HIGH_S050,MC_G1_D060_DENS_LOW_V_HIGH,50,4.74003267288,5.67925746184,18.2333724602,0,0,4.74003267288,
MC_G1_D060_DENS_LOW_V_HIGH_S050,MC_G1_D060_DENS_LOW_V_HIGH,50,4.75008106232,5.31106659284,12.8496019431,0,0,4.75008106232,
MC_G1_D060_DENS_LOW_V_HIGH_S050,MC_G1_D060_DENS_LOW_V_HIGH,50,4.76000165939,5.7364572234,13.329197314,0,0,4.76000165939,
MC_G1_D060_DENS_LOW_V_HIGH_S050,MC_G1_D060_DENS_LOW_V_HIGH,50,4.77005004883,6.30655865703,14.8278701948,0,0,4.77005004883,
MC_G1_D060_DENS_LOW_V_HIGH_S050,MC_G1_D060_DENS_LOW_V_HIGH,50,4.78009796143,5.97952944242,14.1440972888,0,0,4.78009796143,
MC_G1_D060_DENS_LOW_V_HIGH_S050,MC_G1_D060_DENS_LOW_V_HIGH,50,4.79001903534,5.96053567461,13.5458658964,0,0,4.79001903534,
MC_G1_D060_DENS_LOW_V_HIGH_S050,MC_G1_D060_DENS_LOW_V_HIGH,50,4.80006694794,5.75399820154,18.2931956649,0,0,4.80006694794,
MC_G1_D060_DENS_LOW_V_HIGH_S050,MC_G1_D060_DENS_LOW_V_HIGH,50,4.81011533737,6.01574858979,16.0365945985,0,0,4.81011533737,
MC_G1_D060_DENS_LOW_V_HIGH_S050,MC_G1_D060_DENS_LOW_V_HIGH,50,4.82003593445,6.10498182387,16.7195839071,0,0,4.82003593445,
MC_G1_D060_DENS_LOW_V_HIGH_S050,MC_G1_D060_DENS_LOW_V_HIGH,50,4.83008432388,5.78530592684,15.3118911608,0,0,4.83008432388,
MC_G1_D060_DENS_LOW_V_HIGH_S050,MC_G1_D060_DENS_LOW_V_HIGH,50,4.84000492096,5.15924165361,13.5451114503,0,0,4.84000492096,
MC_G1_D060_DENS_LOW_V_HIGH_S050,MC_G1_D060_DENS_LOW_V_HIGH,50,4.85005331039,6.63598141277,15.220410471,0,0,4.85005331039,
MC_G1_D060_DENS_LOW_V_HIGH_S050,MC_G1_D060_DENS_LOW_V_HIGH,50,4.86010122299,5.49309660512,17.7020441821,0,0,4.86010122299,
MC_G1_D060_DENS_LOW_V_HIGH_S050,MC_G1_D060_DENS_LOW_V_HIGH,50,4.87002229691,5.65395733483,14.4986787472,0,0,4.87002229691,
MC_G1_D060_DENS_LOW_V_HIGH_S050,MC_G1_D060_DENS_LOW_V_HIGH,50,4.8800702095,6.19825351102,14.7750566758,0,0,4.8800702095,
MC_G1_D060_DENS_LOW_V_HIGH_S050,MC_G1_D060_DENS_LOW_V_HIGH,50,4.89011859894,6.45939299366,14.9016585094,0,0,4.89011859894,
MC_G1_D060_DENS_LOW_V_HIGH_S050,MC_G1_D060_DENS_LOW_V_HIGH,50,4.90003919601,6.27599265317,18.4375065661,0,0,4.90003919601,
MC_G1_D060_DENS_LOW_V_HIGH_S050,MC_G1_D060_DENS_LOW_V_HIGH,50,4.91008710861,5.84760750578,14.2816145826,0,0,4.91008710861,
MC_G1_D060_DENS_LOW_V_HIGH_S050,MC_G1_D060_DENS_LOW_V_HIGH,50,4.92000818253,6.20169573748,15.1963390055,0,0,4.92000818253,
MC_G1_D060_DENS_LOW_V_HIGH_S050,MC_G1_D060_DENS_LOW_V_HIGH,50,4.93005657196,6.0713751075,16.0453999275,0,0,4.93005657196,
MC_G1_D060_DENS_LOW_V_HIGH_S050,MC_G1_D060_DENS_LOW_V_HIGH,50,4.94010448456,6.03043968246,23.6309821642,0,0,4.94010448456,
MC_G1_D060_DENS_LOW_V_HIGH_S050,MC_G1_D060_DENS_LOW_V_HIGH,50,4.95002555847,6.05551314838,19.2298997497,0,0,4.95002555847,
MC_G1_D060_DENS_LOW_V_HIGH_S050,MC_G1_D060_DENS_LOW_V_HIGH,50,4.96007347107,5.70356891475,16.232357759,0,0,4.96007347107,
MC_G1_D060_DENS_LOW_V_HIGH_S050,MC_G1_D060_DENS_LOW_V_HIGH,50,4.97012138367,6.15061323501,23.8818943524,0,0,4.97012138367,
MC_G1_D060_DENS_LOW_V_HIGH_S050,MC_G1_D060_DENS_LOW_V_HIGH,50,4.98004245758,5.92069340364,15.2940495171,0,0,4.98004245758,
MC_G1_D060_DENS_LOW_V_HIGH_S050,MC_G1_D060_DENS_LOW_V_HIGH,50,4.99009084702,6.36968312367,16.4852711627,0,0,4.99009084702,
MC_G1_D060_DENS_LOW_V_HIGH_S050,MC_G1_D060_DENS_LOW_V_HIGH,50,5.00001144409,6.81530228533,14.6930207426,0,0,5.00001144409,
MC_G1_D060_DENS_LOW_V_HIGH_S050,MC_G1_D060_DENS_LOW_V_HIGH,50,5.01005935669,5.92979395444,14.2010507966,0,0,5.01005935669,
MC_G1_D060_DENS_LOW_V_HIGH_S050,MC_G1_D060_DENS_LOW_V_HIGH,50,5.02010774612,6.26162233991,14.7891398641,0,0,5.02010774612,
MC_G1_D060_DENS_LOW_V_HIGH_S050,MC_G1_D060_DENS_LOW_V_HIGH,50,5.03002882004,6.51389181846,16.4696551955,0,0,5.03002882004,
MC_G1_D060_DENS_LOW_V_HIGH_S050,MC_G1_D060_DENS_LOW_V_HIGH,50,5.04007673264,6.70698850461,16.712286084,0,0,5.04007673264,
MC_G1_D060_DENS_LOW_V_HIGH_S050,MC_G1_D060_DENS_LOW_V_HIGH,50,5.05012464523,6.12630955333,14.265334786,0,0,5.05012464523,
MC_G1_D060_DENS_LOW_V_HIGH_S050,MC_G1_D060_DENS_LOW_V_HIGH,50,5.06004571915,5.9066719326,15.5508805883,0,0,5.06004571915,
MC_G1_D060_DENS_LOW_V_HIGH_S050,MC_G1_D060_DENS_LOW_V_HIGH,50,5.07009363174,5.9023856634,15.9330528949,0,0,5.07009363174,
MC_G1_D060_DENS_LOW_V_HIGH_S050,MC_G1_D060_DENS_LOW_V_HIGH,50,5.08001470566,6.17044759167,16.298437447,0,0,5.08001470566,
MC_G1_D060_DENS_LOW_V_HIGH_S050,MC_G1_D060_DENS_LOW_V_HIGH,50,5.09006309509,5.79840477931,14.2975399119,0,0,5.09006309509,
MC_G1_D060_DENS_LOW_V_HIGH_S050,MC_G1_D060_DENS_LOW_V_HIGH,50,5.10011100769,6.52951243748,16.3394980653,0,0,5.10011100769,
MC_G1_D060_DENS_LOW_V_HIGH_S050,MC_G1_D060_DENS_LOW_V_HIGH,50,5.11003160477,5.9037339731,18.6499278144,0,0,5.11003160477,
MC_G1_D060_DENS_LOW_V_HIGH_S050,MC_G1_D060_DENS_LOW_V_HIGH,50,5.1200799942,6.18792121909,14.897450163,0,0,5.1200799942,
MC_G1_D060_DENS_LOW_V_HIGH_S050,MC_G1_D060_DENS_LOW_V_HIGH,50,5.13000106812,6.65694605275,16.5632464148,0,0,5.13000106812,
MC_G1_D060_DENS_LOW_V_HIGH_S050,MC_G1_D060_DENS_LOW_V_HIGH,50,5.14004898071,5.88707114479,13.7995602562,0,0,5.14004898071,
MC_G1_D060_DENS_LOW_V_HIGH_S050,MC_G1_D060_DENS_LOW_V_HIGH,50,5.15009689331,6.24893968038,14.4569018208,0,0,5.15009689331,
MC_G1_D060_DENS_LOW_V_HIGH_S050,MC_G1_D060_DENS_LOW_V_HIGH,50,5.16001796722,6.30974486439,16.6089478819,0,0,5.16001796722,
MC_G1_D060_DENS_LOW_V_HIGH_S050,MC_G1_D060_DENS_LOW_V_HIGH,50,5.17006587982,6.06106310713,16.8838018866,0,0,5.17006587982,
MC_G1_D060_DENS_LOW_V_HIGH_S050,MC_G1_D060_DENS_LOW_V_HIGH,50,5.18011426926,6.09712639801,18.3245387447,0,0,5.18011426926,
MC_G1_D060_DENS_LOW_V_HIGH_S050,MC_G1_D060_DENS_LOW_V_HIGH,50,5.19003486633,6.08698018404,16.1219199268,0,0,5.19003486633,
MC_G1_D060_DENS_LOW_V_HIGH_S050,MC_G1_D060_DENS_LOW_V_HIGH,50,5.20008325577,6.1956078364,16.1630184449,0,0,5.20008325577,
MC_G1_D060_DENS_LOW_V_HIGH_S050,MC_G1_D060_DENS_LOW_V_HIGH,50,5.21000432968,5.974643061,14.9437869679,0,0,5.21000432968,
MC_G1_D060_DENS_LOW_V_HIGH_S050,MC_G1_D060_DENS_LOW_V_HIGH,50,5.22005224228,6.92352237946,22.4367687289,0,0,5.22005224228,
MC_G1_D060_DENS_LOW_V_HIGH_S050,MC_G1_D060_DENS_LOW_V_HIGH,50,5.23010015488,6.37098264727,17.5690944407,0,0,5.23010015488,
MC_G1_D060_DENS_LOW_V_HIGH_S050,MC_G1_D060_DENS_LOW_V_HIGH,50,5.24002122879,6.67123951711,14.9724539883,0,0,5.24002122879,
MC_G1_D060_DENS_LOW_V_HIGH_S050,MC_G1_D060_DENS_LOW_V_HIGH,50,5.25006914139,7.03113977095,19.0669857365,0,0,5.25006914139,
MC_G1_D060_DENS_LOW_V_HIGH_S050,MC_G1_D060_DENS_LOW_V_HIGH,50,5.26011753082,6.73930174169,16.4178558577,0,0,5.26011753082,
MC_G1_D060_DENS_LOW_V_HIGH_S050,MC_G1_D060_DENS_LOW_V_HIGH,50,5.2700381279,6.25818874816,20.7545713789,0,0,5.2700381279,
MC_G1_D060_DENS_LOW_V_HIGH_S050,MC_G1_D060_DENS_LOW_V_HIGH,50,5.28008651733,6.1354865213,14.3647287184,0,0,5.28008651733,
MC_G1_D060_DENS_LOW_V_HIGH_S050,MC_G1_D060_DENS_LOW_V_HIGH,50,5.29000759125,6.33926520507,17.085273015,0,0,5.29000759125,
MC_G1_D060_DENS_LOW_V_HIGH_S050,MC_G1_D060_DENS_LOW_V_HIGH,50,5.30005550385,6.81988342981,16.2140757418,0,0,5.30005550385,
MC_G1_D060_DENS_LOW_V_HIGH_S050,MC_G1_D060_DENS_LOW_V_HIGH,50,5.31010341644,5.49319072344,14.8193663858,0,0,5.31010341644,
MC_G1_D060_DENS_LOW_V_HIGH_S050,MC_G1_D060_DENS_LOW_V_HIGH,50,5.32002449036,6.06978718464,17.5988989955,0,0,5.32002449036,
MC_G1_D060_DENS_LOW_V_HIGH_S050,MC_G1_D060_DENS_LOW_V_HIGH,50,5.33007240295,6.23968370484,19.7167488355,0,0,5.33007240295,
MC_G1_D060_DENS_LOW_V_HIGH_S050,MC_G1_D060_DENS_LOW_V_HIGH,50,5.34012079239,6.6094991942,16.5596088343,0,0,5.34012079239,
MC_G1_D060_DENS_LOW_V_HIGH_S050,MC_G1_D060_DENS_LOW_V_HIGH,50,5.35004138947,6.77469886483,16.5151635405,0,0,5.35004138947,
MC_G1_D060_DENS_LOW_V_HIGH_S050,MC_G1_D060_DENS_LOW_V_HIGH,50,5.3600897789,6.33611655869,15.9072494197,0,0,5.3600897789,
MC_G1_D060_DENS_LOW_V_HIGH_S050,MC_G1_D060_DENS_LOW_V_HIGH,50,5.37001037598,6.73428454444,17.4576218888,0,0,5.37001037598,
MC_G1_D060_DENS_LOW_V_HIGH_S050,MC_G1_D060_DENS_LOW_V_HIGH,50,5.38005876541,6.78771741451,16.4868715257,0,0,5.38005876541,
MC_G1_D060_DENS_LOW_V_HIGH_S050,MC_G1_D060_DENS_LOW_V_HIGH,50,5.39010667801,6.62100192084,16.083384292,0,0,5.39010667801,
MC_G1_D060_DENS_LOW_V_HIGH_S050,MC_G1_D060_DENS_LOW_V_HIGH,50,5.40002775192,6.69850663067,16.1556390596,0,0,5.40002775192,
MC_G1_D060_DENS_LOW_V_HIGH_S050,MC_G1_D060_DENS_LOW_V_HIGH,50,5.41007566452,6.5257882878,16.8891394717,0,0,5.41007566452,
MC_G1_D060_DENS_LOW_V_HIGH_S050,MC_G1_D060_DENS_LOW_V_HIGH,50,5.42012405396,5.933063055,15.608827048,0,0,5.42012405396,
MC_G1_D060_DENS_LOW_V_HIGH_S050,MC_G1_D060_DENS_LOW_V_HIGH,50,5.43004465103,6.96136916934,25.7660915834,0,0,5.43004465103,
MC_G1_D060_DENS_LOW_V_HIGH_S050,MC_G1_D060_DENS_LOW_V_HIGH,50,5.44009304047,5.66882414382,19.0164436946,0,0,5.44009304047,
MC_G1_D060_DENS_LOW_V_HIGH_S050,MC_G1_D060_DENS_LOW_V_HIGH,50,5.45001411438,6.53868077074,17.277324766,0,0,5.45001411438,
MC_G1_D060_DENS_LOW_V_HIGH_S050,MC_G1_D060_DENS_LOW_V_HIGH,50,5.46006202698,7.28418982713,16.9944087936,0,0,5.46006202698,
MC_G1_D060_DENS_LOW_V_HIGH_S050,MC_G1_D060_DENS_LOW_V_HIGH,50,5.47010993958,6.43905393829,17.1719245547,0,0,5.47010993958,
MC_G1_D060_DENS_LOW_V_HIGH_S050,MC_G1_D060_DENS_LOW_V_HIGH,50,5.48003101349,6.90345056832,17.5456835763,0,0,5.48003101349,
MC_G1_D060_DENS_LOW_V_HIGH_S050,MC_G1_D060_DENS_LOW_V_HIGH,50,5.49007892609,6.87568393689,16.8838603044,0,0,5.49007892609,
MC_G1_D060_DENS_LOW_V_HIGH_S050,MC_G1_D060_DENS_LOW_V_HIGH,50,5.5,7.00875428972,16.5209796784,0,0,5.5,
MC_G1_D060_DENS_LOW_V_HIGH_S050,MC_G1_D060_DENS_LOW_V_HIGH,50,5.51004838943,6.61720610308,17.2604652415,0,0,5.51004838943,
MC_G1_D060_DENS_LOW_V_HIGH_S050,MC_G1_D060_DENS_LOW_V_HIGH,50,5.52009630203,6.75933340144,18.4160449906,0,0,5.52009630203,
MC_G1_D060_DENS_LOW_V_HIGH_S050,MC_G1_D060_DENS_LOW_V_HIGH,50,5.53001737595,6.26718697767,18.3658804457,0,0,5.53001737595,
MC_G1_D060_DENS_LOW_V_HIGH_S050,MC_G1_D060_DENS_LOW_V_HIGH,50,5.54006528854,6.36326192286,17.1177621116,0,0,5.54006528854,
MC_G1_D060_DENS_LOW_V_HIGH_S050,MC_G1_D060_DENS_LOW_V_HIGH,50,5.55011320114,6.5591014241,19.6823942011,0,0,5.55011320114,
MC_G1_D060_DENS_LOW_V_HIGH_S050,MC_G1_D060_DENS_LOW_V_HIGH,50,5.56003427505,6.61115533125,20.3223551523,0,0,5.56003427505,
MC_G1_D060_DENS_LOW_V_HIGH_S050,MC_G1_D060_DENS_LOW_V_HIGH,50,5.57008266449,7.11921120504,20.1640098433,0,0,5.57008266449,
MC_G1_D060_DENS_LOW_V_HIGH_S050,MC_G1_D060_DENS_LOW_V_HIGH,50,5.58000326157,6.23747192431,16.5211351615,0,0,5.58000326157,
MC_G1_D060_DENS_LOW_V_HIGH_S050,MC_G1_D060_DENS_LOW_V_HIGH,50,5.590051651,6.89447910641,19.1585516587,0,0,5.590051651,
MC_G1_D060_DENS_LOW_V_HIGH_S050,MC_G1_D060_DENS_LOW_V_HIGH,50,5.6000995636,6.4220072972,15.9403402164,0,0,5.6000995636,
MC_G1_D060_DENS_LOW_V_HIGH_S050,MC_G1_D060_DENS_LOW_V_HIGH,50,5.61002063751,6.69729259068,17.1905673879,0,0,5.61002063751,
MC_G1_D060_DENS_LOW_V_HIGH_S050,MC_G1_D060_DENS_LOW_V_HIGH,50,5.62006855011,6.93187516452,18.9698242049,0,0,5.62006855011,
MC_G1_D060_DENS_LOW_V_HIGH_S050,MC_G1_D060_DENS_LOW_V_HIGH,50,5.63011646271,7.32332836937,19.9240224079,0,0,5.63011646271,
MC_G1_D060_DENS_LOW_V_HIGH_S050,MC_G1_D060_DENS_LOW_V_HIGH,50,5.64003753662,6.53568236829,17.406355186,0,0,5.64003753662,
MC_G1_D060_DENS_LOW_V_HIGH_S050,MC_G1_D060_DENS_LOW_V_HIGH,50,5.65008592606,6.73054571575,18.527983086,0,0,5.65008592606,
MC_G1_D060_DENS_LOW_V_HIGH_S050,MC_G1_D060_DENS_LOW_V_HIGH,50,5.66000652313,6.9811132933,22.7793820739,0,0,5.66000652313,
MC_G1_D060_DENS_LOW_V_HIGH_S050,MC_G1_D060_DENS_LOW_V_HIGH,50,5.67005491257,6.58261243955,16.0435880487,0,0,5.67005491257,
MC_G1_D060_DENS_LOW_V_HIGH_S050,MC_G1_D060_DENS_LOW_V_HIGH,50,5.68010282516,6.01371554772,22.353140593,0,0,5.68010282516,
MC_G1_D060_DENS_LOW_V_HIGH_S050,MC_G1_D060_DENS_LOW_V_HIGH,50,5.69002389908,6.19440761195,17.3947758281,0,0,5.69002389908,
MC_G1_D060_DENS_LOW_V_HIGH_S050,MC_G1_D060_DENS_LOW_V_HIGH,50,5.70007181168,7.29816510249,21.1187108029,0,0,5.70007181168,
MC_G1_D060_DENS_LOW_V_HIGH_S050,MC_G1_D060_DENS_LOW_V_HIGH,50,5.71012020111,6.85324966956,18.3975126911,0,0,5.71012020111,
MC_G1_D060_DENS_LOW_V_HIGH_S050,MC_G1_D060_DENS_LOW_V_HIGH,50,5.72004079819,6.55228129976,16.2763736516,0,0,5.72004079819,
MC_G1_D060_DENS_LOW_V_HIGH_S050,MC_G1_D060_DENS_LOW_V_HIGH,50,5.73008918762,6.84435462482,17.9943347236,0,0,5.73008918762,
MC_G1_D060_DENS_LOW_V_HIGH_S050,MC_G1_D060_DENS_LOW_V_HIGH,50,5.7400097847,7.09890323462,19.6030470427,0,0,5.7400097847,
MC_G1_D060_DENS_LOW_V_HIGH_S050,MC_G1_D060_DENS_LOW_V_HIGH,50,5.75005817413,7.8412692572,20.4735867491,0,0,5.75005817413,
MC_G1_D060_DENS_LOW_V_HIGH_S050,MC_G1_D060_DENS_LOW_V_HIGH,50,5.76010608673,6.70493301231,18.5757753595,0,0,5.76010608673,
MC_G1_D060_DENS_LOW_V_HIGH_S050,MC_G1_D060_DENS_LOW_V_HIGH,50,5.77002716064,6.81044008109,18.1102174098,0,0,5.77002716064,
MC_G1_D060_DENS_LOW_V_HIGH_S050,MC_G1_D060_DENS_LOW_V_HIGH,50,5.78007507324,6.81308359703,18.3135960617,0,0,5.78007507324,
MC_G1_D060_DENS_LOW_V_HIGH_S050,MC_G1_D060_DENS_LOW_V_HIGH,50,5.79012346268,6.92555326285,20.8783493381,0,0,5.79012346268,
MC_G1_D060_DENS_LOW_V_HIGH_S050,MC_G1_D060_DENS_LOW_V_HIGH,50,5.80004405975,7.27285072821,23.2573282078,0,0,5.80004405975,
MC_G1_D060_DENS_LOW_V_HIGH_S050,MC_G1_D060_DENS_LOW_V_HIGH,50,5.81009244919,6.42992100734,16.5073833284,0,0,5.81009244919,
MC_G1_D060_DENS_LOW_V_HIGH_S050,MC_G1_D060_DENS_LOW_V_HIGH,50,5.82001304626,6.08183605658,26.0359572075,0,0,5.82001304626,
MC_G1_D060_DENS_LOW_V_HIGH_S050,MC_G1_D060_DENS_LOW_V_HIGH,50,5.8300614357,8.33376970401,21.3759443816,0,0,5.8300614357,
MC_G1_D060_DENS_LOW_V_HIGH_S050,MC_G1_D060_DENS_LOW_V_HIGH,50,5.8401093483,6.93696705199,19.7294030424,0,0,5.8401093483,
MC_G1_D060_DENS_LOW_V_HIGH_S050,MC_G1_D060_DENS_LOW_V_HIGH,50,5.85003042221,6.53824860359,16.4479211968,0,0,5.85003042221,
MC_G1_D060_DENS_LOW_V_HIGH_S050,MC_G1_D060_DENS_LOW_V_HIGH,50,5.86007833481,7.14353604174,19.7154360501,0,0,5.86007833481,
MC_G1_D060_DENS_LOW_V_HIGH_S050,MC_G1_D060_DENS_LOW_V_HIGH,50,5.87012672424,6.87835810604,19.601701396,0,0,5.87012672424,
MC_G1_D060_DENS_LOW_V_HIGH_S050,MC_G1_D060_DENS_LOW_V_HIGH,50,5.88004779816,6.38318651222,22.9528711457,0,0,5.88004779816,
MC_G1_D060_DENS_LOW_V_HIGH_S050,MC_G1_D060_DENS_LOW_V_HIGH,50,5.89009571075,7.04622115244,25.189230074,0,0,5.89009571075,
MC_G1_D060_DENS_LOW_V_HIGH_S050,MC_G1_D060_DENS_LOW_V_HIGH,50,5.90001678467,6.89838328976,19.0462870194,0,0,5.90001678467,
MC_G1_D060_DENS_LOW_V_HIGH_S050,MC_G1_D060_DENS_LOW_V_HIGH,50,5.91006469727,6.29700435231,21.1645943565,0,0,5.91006469727,
MC_G1_D060_DENS_LOW_V_HIGH_S050,MC_G1_D060_DENS_LOW_V_HIGH,50,5.92011260986,6.05405086053,17.7918927627,0,0,5.92011260986,
MC_G1_D060_DENS_LOW_V_HIGH_S050,MC_G1_D060_DENS_LOW_V_HIGH,50,5.93003368378,6.95060211984,19.683686777,0,0,5.93003368378,
MC_G1_D060_DENS_LOW_V_HIGH_S050,MC_G1_D060_DENS_LOW_V_HIGH,50,5.94008207321,7.03027889053,20.3069111273,0,0,5.94008207321,
MC_G1_D060_DENS_LOW_V_HIGH_S050,MC_G1_D060_DENS_LOW_V_HIGH,50,5.95000267029,6.90265531168,18.0646673614,0,0,5.95000267029,
MC_G1_D060_DENS_LOW_V_HIGH_S050,MC_G1_D060_DENS_LOW_V_HIGH,50,5.96005105972,6.89114610901,17.4557725571,0,0,5.96005105972,
MC_G1_D060_DENS_LOW_V_HIGH_S050,MC_G1_D060_DENS_LOW_V_HIGH,50,5.97009897232,7.36436827437,18.0048418694,0,0,5.97009897232,
MC_G1_D060_DENS_LOW_V_HIGH_S050,MC_G1_D060_DENS_LOW_V_HIGH,50,5.98002004623,7.05993954523,22.9145474217,0,0,5.98002004623,
MC_G1_D060_DENS_LOW_V_HIGH_S050,MC_G1_D060_DENS_LOW_V_HIGH,50,5.99006795883,6.54622577884,18.3645160964,0,0,5.99006795883,
MC_G1_D060_DENS_LOW_V_HIGH_S050,MC_G1_D060_DENS_LOW_V_HIGH,50,6.00011634827,7.1782799492,19.8461710431,0,0,6.00011634827,
MC_G1_D060_DENS_LOW_V_HIGH_S050,MC_G1_D060_DENS_LOW_V_HIGH,50,6.01003694534,6.98692142983,24.5961278345,0,0,6.01003694534,
MC_G1_D060_DENS_LOW_V_HIGH_S050,MC_G1_D060_DENS_LOW_V_HIGH,50,6.02008533478,7.06175671958,21.6926113169,0,0,6.02008533478,
MC_G1_D060_DENS_LOW_V_HIGH_S050,MC_G1_D060_DENS_LOW_V_HIGH,50,6.03000593185,6.75176810177,19.8615399471,0,0,6.03000593185,
MC_G1_D060_DENS_LOW_V_HIGH_S050,MC_G1_D060_DENS_LOW_V_HIGH,50,6.04005432129,7.31523678424,20.4831151813,0,0,6.04005432129,
MC_G1_D060_DENS_LOW_V_HIGH_S050,MC_G1_D060_DENS_LOW_V_HIGH,50,6.05010223389,6.86270078951,17.473771016,0,0,6.05010223389,
MC_G1_D060_DENS_LOW_V_HIGH_S050,MC_G1_D060_DENS_LOW_V_HIGH,50,6.0600233078,7.15538458845,20.2154828482,0,0,6.0600233078,
MC_G1_D060_DENS_LOW_V_HIGH_S050,MC_G1_D060_DENS_LOW_V_HIGH,50,6.0700712204,7.02132426631,19.6976940447,0,0,6.0700712204,
MC_G1_D060_DENS_LOW_V_HIGH_S050,MC_G1_D060_DENS_LOW_V_HIGH,50,6.08011960983,7.5885468882,18.7831499857,0,0,6.08011960983,
MC_G1_D060_DENS_LOW_V_HIGH_S050,MC_G1_D060_DENS_LOW_V_HIGH,50,6.09004020691,7.32184924384,19.2662796673,0,0,6.09004020691,
MC_G1_D060_DENS_LOW_V_HIGH_S050,MC_G1_D060_DENS_LOW_V_HIGH,50,6.10008859634,7.52047861932,23.9491595104,0,0,6.10008859634,
MC_G1_D060_DENS_LOW_V_HIGH_S050,MC_G1_D060_DENS_LOW_V_HIGH,50,6.11000919342,7.38034075776,20.7710638057,0,0,6.11000919342,
MC_G1_D060_DENS_LOW_V_HIGH_S050,MC_G1_D060_DENS_LOW_V_HIGH,50,6.12005758286,7.15787872394,23.1089576377,0,0,6.12005758286,
MC_G1_D060_DENS_LOW_V_HIGH_S050,MC_G1_D060_DENS_LOW_V_HIGH,50,6.13010549545,7.54430005254,21.6603247088,0,0,6.13010549545,
MC_G1_D060_DENS_LOW_V_HIGH_S050,MC_G1_D060_DENS_LOW_V_HIGH,50,6.14002656937,6.91242677931,23.268150257,0,0,6.14002656937,
MC_G1_D060_DENS_LOW_V_HIGH_S050,MC_G1_D060_DENS_LOW_V_HIGH,50,6.15007448196,7.12883242874,22.5391587878,0,0,6.15007448196,
MC_G1_D060_DENS_LOW_V_HIGH_S050,MC_G1_D060_DENS_LOW_V_HIGH,50,6.1601228714,6.48599178079,24.7782651181,0,0,6.1601228714,
MC_G1_D060_DENS_LOW_V_HIGH_S050,MC_G1_D060_DENS_LOW_V_HIGH,50,6.17004346848,7.4928510067,21.9851353362,0,0,6.17004346848,
MC_G1_D060_DENS_LOW_V_HIGH_S050,MC_G1_D060_DENS_LOW_V_HIGH,50,6.18009185791,7.5921993698,23.5382735972,0,0,6.18009185791,
MC_G1_D060_DENS_LOW_V_HIGH_S050,MC_G1_D060_DENS_LOW_V_HIGH,50,6.19001293182,6.90366039173,27.8889413841,0,0,6.19001293182,
MC_G1_D060_DENS_LOW_V_HIGH_S050,MC_G1_D060_DENS_LOW_V_HIGH,50,6.20006084442,8.08123211777,20.7205009036,0,0,6.20006084442,
MC_G1_D060_DENS_LOW_V_HIGH_S050,MC_G1_D060_DENS_LOW_V_HIGH,50,6.21010875702,6.65088189712,19.30397577,0,0,6.21010875702,
MC_G1_D060_DENS_LOW_V_HIGH_S050,MC_G1_D060_DENS_LOW_V_HIGH,50,6.22002983093,6.79090966616,19.5139193895,0,0,6.22002983093,
MC_G1_D060_DENS_LOW_V_HIGH_S050,MC_G1_D060_DENS_LOW_V_HIGH,50,6.23007822037,7.21892611151,22.1137707265,0,0,6.23007822037,
MC_G1_D060_DENS_LOW_V_HIGH_S050,MC_G1_D060_DENS_LOW_V_HIGH,50,6.24012613297,6.96772906372,21.0750301302,0,0,6.24012613297,
MC_G1_D060_DENS_LOW_V_HIGH_S050,MC_G1_D060_DENS_LOW_V_HIGH,50,6.25004720688,7.36578954736,21.5402050925,0,0,6.25004720688,
MC_G1_D060_DENS_LOW_V_HIGH_S050,MC_G1_D060_DENS_LOW_V_HIGH,50,6.26009511948,7.05160964214,21.7354598535,0,0,6.26009511948,
MC_G1_D060_DENS_LOW_V_HIGH_S050,MC_G1_D060_DENS_LOW_V_HIGH,50,6.27001619339,7.21578609984,20.7838647479,0,0,6.27001619339,
MC_G1_D060_DENS_LOW_V_HIGH_S050,MC_G1_D060_DENS_LOW_V_HIGH,50,6.28006410599,8.11178516956,22.0892127734,0,0,6.28006410599,
MC_G1_D060_DENS_LOW_V_HIGH_S050,MC_G1_D060_DENS_LOW_V_HIGH,50,6.29011249542,5.6583554235,19.7006535041,0,0,6.29011249542,
MC_G1_D060_DENS_LOW_V_HIGH_S050,MC_G1_D060_DENS_LOW_V_HIGH,50,6.3000330925,7.12126928776,20.4163418333,0,0,6.3000330925,
MC_G1_D060_DENS_LOW_V_HIGH_S050,MC_G1_D060_DENS_LOW_V_HIGH,50,6.31008148193,6.95806552995,27.8258074662,0,0,6.31008148193,
MC_G1_D060_DENS_LOW_V_HIGH_S050,MC_G1_D060_DENS_LOW_V_HIGH,50,6.32000207901,6.74455768862,20.9807626125,0,0,6.32000207901,
MC_G1_D060_DENS_LOW_V_HIGH_S050,MC_G1_D060_DENS_LOW_V_HIGH,50,6.33005046844,7.11688328768,21.4274051107,0,0,6.33005046844,
MC_G1_D060_DENS_LOW_V_HIGH_S050,MC_G1_D060_DENS_LOW_V_HIGH,50,6.34009838104,7.24590698448,22.7184280922,0,0,6.34009838104,
MC_G1_D060_DENS_LOW_V_HIGH_S050,MC_G1_D060_DENS_LOW_V_HIGH,50,6.35001945496,7.92671142261,24.7191801696,0,0,6.35001945496,
MC_G1_D060_DENS_LOW_V_HIGH_S050,MC_G1_D060_DENS_LOW_V_HIGH,50,6.36006736755,7.22792261407,22.3829861814,0,0,6.36006736755,
MC_G1_D060_DENS_LOW_V_HIGH_S050,MC_G1_D060_DENS_LOW_V_HIGH,50,6.37011575699,7.57734853502,22.5979467998,0,0,6.37011575699,
MC_G1_D060_DENS_LOW_V_HIGH_S050,MC_G1_D060_DENS_LOW_V_HIGH,50,6.38003635406,7.48994629083,19.9226466355,0,0,6.38003635406,
MC_G1_D060_DENS_LOW_V_HIGH_S050,MC_G1_D060_DENS_LOW_V_HIGH,50,6.3900847435,7.20294067606,25.1497137318,0,0,6.3900847435,
MC_G1_D060_DENS_LOW_V_HIGH_S050,MC_G1_D060_DENS_LOW_V_HIGH,50,6.40000534058,6.37668155474,18.8563468009,0,0,6.40000534058,
MC_G1_D060_DENS_LOW_V_HIGH_S050,MC_G1_D060_DENS_LOW_V_HIGH,50,6.41005373001,6.6148315583,26.2902487431,0,0,6.41005373001,
MC_G1_D060_DENS_LOW_V_HIGH_S050,MC_G1_D060_DENS_LOW_V_HIGH,50,6.42010164261,7.01165468824,22.8707206012,0,0,6.42010164261,
MC_G1_D060_DENS_LOW_V_HIGH_S050,MC_G1_D060_DENS_LOW_V_HIGH,50,6.43002271652,6.73820772415,20.6640399308,0,0,6.43002271652,
MC_G1_D060_DENS_LOW_V_HIGH_S050,MC_G1_D060_DENS_LOW_V_HIGH,50,6.44007062912,7.11863181611,21.442130444,0,0,6.44007062912,
MC_G1_D060_DENS_LOW_V_HIGH_S050,MC_G1_D060_DENS_LOW_V_HIGH,50,6.45011901855,7.21203777297,28.4383915025,0,0,6.45011901855,
MC_G1_D060_DENS_LOW_V_HIGH_S050,MC_G1_D060_DENS_LOW_V_HIGH,50,6.46004009247,7.86670365392,22.576482609,0,0,6.46004009247,
MC_G1_D060_DENS_LOW_V_HIGH_S050,MC_G1_D060_DENS_LOW_V_HIGH,50,6.47008800507,7.70735788377,24.5846043766,0,0,6.47008800507,
MC_G1_D060_DENS_LOW_V_HIGH_S050,MC_G1_D060_DENS_LOW_V_HIGH,50,6.48000907898,7.36399870886,22.9093080857,0,0,6.48000907898,
MC_G1_D060_DENS_LOW_V_HIGH_S050,MC_G1_D060_DENS_LOW_V_HIGH,50,6.49005699158,6.63955402333,25.4926580401,0,0,6.49005699158,
MC_G1_D060_DENS_LOW_V_HIGH_S050,MC_G1_D060_DENS_LOW_V_HIGH,50,6.50010490417,7.14660136318,21.1386601479,0,0,6.50010490417,
MC_G1_D060_DENS_LOW_V_HIGH_S050,MC_G1_D060_DENS_LOW_V_HIGH,50,6.51002597809,7.0233832125,22.7865660062,0,0,6.51002597809,
MC_G1_D060_DENS_LOW_V_HIGH_S050,MC_G1_D060_DENS_LOW_V_HIGH,50,6.52007436752,6.51010852103,21.5159337436,0,0,6.52007436752,
MC_G1_D060_DENS_LOW_V_HIGH_S050,MC_G1_D060_DENS_LOW_V_HIGH,50,6.53012228012,6.7185905304,27.4165085431,0,0,6.53012228012,
MC_G1_D060_DENS_LOW_V_HIGH_S050,MC_G1_D060_DENS_LOW_V_HIGH,50,6.54004335403,7.94333237259,25.0845995103,0,0,6.54004335403,
MC_G1_D060_DENS_LOW_V_HIGH_S050,MC_G1_D060_DENS_LOW_V_HIGH,50,6.55009126663,6.9960241393,23.9026734337,0,0,6.55009126663,
MC_G1_D060_DENS_LOW_V_HIGH_S050,MC_G1_D060_DENS_LOW_V_HIGH,50,6.56001234055,7.53687852077,21.6179387218,0,0,6.56001234055,
MC_G1_D060_DENS_LOW_V_HIGH_S050,MC_G1_D060_DENS_LOW_V_HIGH,50,6.57006025314,7.44618904313,23.0984484897,0,0,6.57006025314,
MC_G1_D060_DENS_LOW_V_HIGH_S050,MC_G1_D060_DENS_LOW_V_HIGH,50,6.58010864258,8.34325493106,24.8895088529,0,0,6.58010864258,
MC_G1_D060_DENS_LOW_V_HIGH_S050,MC_G1_D060_DENS_LOW_V_HIGH,50,6.59002923965,7.14913262792,21.936772964,0,0,6.59002923965,
MC_G1_D060_DENS_LOW_V_HIGH_S050,MC_G1_D060_DENS_LOW_V_HIGH,50,6.60007762909,6.83958351676,22.2838962186,0,0,6.60007762909,
MC_G1_D060_DENS_LOW_V_HIGH_S050,MC_G1_D060_DENS_LOW_V_HIGH,50,6.61012554169,7.61801801104,24.7911311133,0,0,6.61012554169,
MC_G1_D060_DENS_LOW_V_HIGH_S050,MC_G1_D060_DENS_LOW_V_HIGH,50,6.6200466156,7.35722909756,27.3804133621,0,0,6.6200466156,
MC_G1_D060_DENS_LOW_V_HIGH_S050,MC_G1_D060_DENS_LOW_V_HIGH,50,6.6300945282,7.76918757591,24.8387053285,0,0,6.6300945282,
MC_G1_D060_DENS_LOW_V_HIGH_S050,MC_G1_D060_DENS_LOW_V_HIGH,50,6.64001560211,6.60921899792,23.7314508339,0,0,6.64001560211,
MC_G1_D060_DENS_LOW_V_HIGH_S050,MC_G1_D060_DENS_LOW_V_HIGH,50,6.65006351471,6.85546447223,22.3424059194,0,0,6.65006351471,
MC_G1_D060_DENS_LOW_V_HIGH_S050,MC_G1_D060_DENS_LOW_V_HIGH,50,6.66011190414,7.89445474287,33.2377154838,0,0,6.66011190414,
MC_G1_D060_DENS_LOW_V_HIGH_S050,MC_G1_D060_DENS_LOW_V_HIGH,50,6.67003250122,6.90325801432,30.6978792203,0,0,6.67003250122,
MC_G1_D060_DENS_LOW_V_HIGH_S050,MC_G1_D060_DENS_LOW_V_HIGH,50,6.68008089066,7.1312920254,24.3042023605,0,0,6.68008089066,
MC_G1_D060_DENS_LOW_V_HIGH_S050,MC_G1_D060_DENS_LOW_V_HIGH,50,6.69000148773,8.03541721908,24.1929032454,0,0,6.69000148773,
MC_G1_D060_DENS_LOW_V_HIGH_S050,MC_G1_D060_DENS_LOW_V_HIGH,50,6.70004987717,7.60421629332,24.2058736932,0,0,6.70004987717,
MC_G1_D060_DENS_LOW_V_HIGH_S050,MC_G1_D060_DENS_LOW_V_HIGH,50,6.71009778976,8.01959066227,31.3201519003,0,0,6.71009778976,
MC_G1_D060_DENS_LOW_V_HIGH_S050,MC_G1_D060_DENS_LOW_V_HIGH,50,6.72001886368,7.00844387196,22.8948984764,0,0,6.72001886368,
MC_G1_D060_DENS_LOW_V_HIGH_S050,MC_G1_D060_DENS_LOW_V_HIGH,50,6.73006677628,7.29073061865,23.5745212123,0,0,6.73006677628,
MC_G1_D060_DENS_LOW_V_HIGH_S050,MC_G1_D060_DENS_LOW_V_HIGH,50,6.74011516571,7.70299649262,25.1758569858,0,0,6.74011516571,
MC_G1_D060_DENS_LOW_V_HIGH_S050,MC_G1_D060_DENS_LOW_V_HIGH,50,6.75003576279,7.7260995181,26.0828882216,0,0,6.75003576279,
MC_G1_D060_DENS_LOW_V_HIGH_S050,MC_G1_D060_DENS_LOW_V_HIGH,50,6.76008415222,7.26771048637,24.9977416973,0,0,6.76008415222,
MC_G1_D060_DENS_LOW_V_HIGH_S050,MC_G1_D060_DENS_LOW_V_HIGH,50,6.77000522614,8.06237132446,25.6052486811,0,0,6.77000522614,
MC_G1_D060_DENS_LOW_V_HIGH_S050,MC_G1_D060_DENS_LOW_V_HIGH,50,6.78005313873,7.38806882167,32.9348713644,0,0,6.78005313873,
MC_G1_D060_DENS_LOW_V_HIGH_S050,MC_G1_D060_DENS_LOW_V_HIGH,50,6.79010105133,8.10460627309,25.0465148893,0,0,6.79010105133,
MC_G1_D060_DENS_LOW_V_HIGH_S050,MC_G1_D060_DENS_LOW_V_HIGH,50,6.80002212524,7.63979647228,26.746995666,0,0,6.80002212524,
MC_G1_D060_DENS_LOW_V_HIGH_S050,MC_G1_D060_DENS_LOW_V_HIGH,50,6.81007003784,8.67197827543,25.9921112906,0,0,6.81007003784,
MC_G1_D060_DENS_LOW_V_HIGH_S050,MC_G1_D060_DENS_LOW_V_HIGH,50,6.82011842728,7.56402777055,24.1139713328,0,0,6.82011842728,
MC_G1_D060_DENS_LOW_V_HIGH_S050,MC_G1_D060_DENS_LOW_V_HIGH,50,6.83003950119,7.29903807149,22.2710610592,0,0,6.83003950119,
MC_G1_D060_DENS_LOW_V_HIGH_S050,MC_G1_D060_DENS_LOW_V_HIGH,50,6.84008741379,7.41057432534,22.4578389107,0,0,6.84008741379,
MC_G1_D060_DENS_LOW_V_HIGH_S050,MC_G1_D060_DENS_LOW_V_HIGH,50,6.8500084877,7.00224112927,22.948705212,0,0,6.8500084877,
MC_G1_D060_DENS_LOW_V_HIGH_S050,MC_G1_D060_DENS_LOW_V_HIGH,50,6.8600564003,7.26601722007,22.7306071532,0,0,6.8600564003,
MC_G1_D060_DENS_LOW_V_HIGH_S050,MC_G1_D060_DENS_LOW_V_HIGH,50,6.8701043129,7.45690298917,26.5577277011,0,0,6.8701043129,
MC_G1_D060_DENS_LOW_V_HIGH_S050,MC_G1_D060_DENS_LOW_V_HIGH,50,6.88002538681,7.29602196789,24.1521610413,0,0,6.88002538681,
MC_G1_D060_DENS_LOW_V_HIGH_S050,MC_G1_D060_DENS_LOW_V_HIGH,50,6.89007377625,7.8409169611,25.0541336101,0,0,6.89007377625,
MC_G1_D060_DENS_LOW_V_HIGH_S050,MC_G1_D060_DENS_LOW_V_HIGH,50,6.90012168884,7.64688125042,25.6425970507,0,0,6.90012168884,
MC_G1_D060_DENS_LOW_V_HIGH_S050,MC_G1_D060_DENS_LOW_V_HIGH,50,6.91004276276,7.95228570161,28.837204281,0,0,6.91004276276,
MC_G1_D060_DENS_LOW_V_HIGH_S050,MC_G1_D060_DENS_LOW_V_HIGH,50,6.92009067535,8.42861593021,27.0067691701,0,0,6.92009067535,
MC_G1_D060_DENS_LOW_V_HIGH_S050,MC_G1_D060_DENS_LOW_V_HIGH,50,6.93001174927,7.52041213207,29.2136940608,0,0,6.93001174927,
MC_G1_D060_DENS_LOW_V_HIGH_S050,MC_G1_D060_DENS_LOW_V_HIGH,50,6.94005966187,7.97070612479,25.03540059,0,0,6.94005966187,
MC_G1_D060_DENS_LOW_V_HIGH_S050,MC_G1_D060_DENS_LOW_V_HIGH,50,6.9501080513,7.85886074838,24.8278930271,0,0,6.9501080513,
MC_G1_D060_DENS_LOW_V_HIGH_S050,MC_G1_D060_DENS_LOW_V_HIGH,50,6.96002864838,7.74026216663,24.8888603163,0,0,6.96002864838,
MC_G1_D060_DENS_LOW_V_HIGH_S050,MC_G1_D060_DENS_LOW_V_HIGH,50,6.97007703781,7.10794809155,24.4967435199,0,0,6.97007703781,
MC_G1_D060_DENS_LOW_V_HIGH_S050,MC_G1_D060_DENS_LOW_V_HIGH,50,6.98012495041,7.3113632541,31.0855948517,0,0,6.98012495041,
MC_G1_D060_DENS_LOW_V_HIGH_S050,MC_G1_D060_DENS_LOW_V_HIGH,50,6.99004602432,7.752372345,28.0820057412,0,0,6.99004602432,
MC_G1_D060_DENS_LOW_V_HIGH_S050,MC_G1_D060_DENS_LOW_V_HIGH,50,7.00009393692,6.86690373377,25.7295488918,0,0,7.00009393692,
MC_G1_D060_DENS_LOW_V_HIGH_S050,MC_G1_D060_DENS_LOW_V_HIGH,50,7.01001501083,6.83094146897,25.2863672631,0,0,7.01001501083,
MC_G1_D060_DENS_LOW_V_HIGH_S050,MC_G1_D060_DENS_LOW_V_HIGH,50,7.02006292343,7.26102981257,24.6948275513,0,0,7.02006292343,
MC_G1_D060_DENS_LOW_V_HIGH_S050,MC_G1_D060_DENS_LOW_V_HIGH,50,7.03011131287,7.45794778887,26.5170118531,0,0,7.03011131287,
MC_G1_D060_DENS_LOW_V_HIGH_S050,MC_G1_D060_DENS_LOW_V_HIGH,50,7.04003190994,7.61999104188,23.671251716,0,0,7.04003190994,
MC_G1_D060_DENS_LOW_V_HIGH_S050,MC_G1_D060_DENS_LOW_V_HIGH,50,7.05008029938,8.57359527271,28.0989244795,0,0,7.05008029938,
MC_G1_D060_DENS_LOW_V_HIGH_S050,MC_G1_D060_DENS_LOW_V_HIGH,50,7.06000089645,8.52883639885,25.4460662463,0,0,7.06000089645,
MC_G1_D060_DENS_LOW_V_HIGH_S050,MC_G1_D060_DENS_LOW_V_HIGH,50,7.07004928589,7.72333123063,26.0615731625,0,0,7.07004928589,
MC_G1_D060_DENS_LOW_V_HIGH_S050,MC_G1_D060_DENS_LOW_V_HIGH,50,7.08009719849,7.79553638824,27.5353316719,0,0,7.08009719849,
MC_G1_D060_DENS_LOW_V_HIGH_S050,MC_G1_D060_DENS_LOW_V_HIGH,50,7.0900182724,7.76550314589,25.3340797574,0,0,7.0900182724,
MC_G1_D060_DENS_LOW_V_HIGH_S050,MC_G1_D060_DENS_LOW_V_HIGH,50,7.100066185,7.63745560286,25.3565133463,0,0,7.100066185,
MC_G1_D060_DENS_LOW_V_HIGH_S050,MC_G1_D060_DENS_LOW_V_HIGH,50,7.11011457443,7.12044683179,26.8880596931,0,0,7.11011457443,
MC_G1_D060_DENS_LOW_V_HIGH_S050,MC_G1_D060_DENS_LOW_V_HIGH,50,7.12003517151,7.15697078436,26.1487068927,0,0,7.12003517151,
MC_G1_D060_DENS_LOW_V_HIGH_S050,MC_G1_D060_DENS_LOW_V_HIGH,50,7.13008356094,6.85632362571,27.3727550384,0,0,7.13008356094,
MC_G1_D060_DENS_LOW_V_HIGH_S050,MC_G1_D060_DENS_LOW_V_HIGH,50,7.14000415802,9.12326698654,28.0942156284,0,0,7.14000415802,
MC_G1_D060_DENS_LOW_V_HIGH_S050,MC_G1_D060_DENS_LOW_V_HIGH,50,7.15005254745,7.06832557391,30.4066021067,0,0,7.15005254745,
MC_G1_D060_DENS_LOW_V_HIGH_S050,MC_G1_D060_DENS_LOW_V_HIGH,50,7.16010046005,7.82903991985,26.5127733958,0,0,7.16010046005,
MC_G1_D060_DENS_LOW_V_HIGH_S050,MC_G1_D060_DENS_LOW_V_HIGH,50,7.17002153397,7.22530284357,24.2486899322,0,0,7.17002153397,
MC_G1_D060_DENS_LOW_V_HIGH_S050,MC_G1_D060_DENS_LOW_V_HIGH,50,7.18006944656,8.0648563935,25.9926640725,0,0,7.18006944656,
MC_G1_D060_DENS_LOW_V_HIGH_S050,MC_G1_D060_DENS_LOW_V_HIGH,50,7.190117836,7.63413469405,25.6203718424,0,0,7.190117836,
MC_G1_D060_DENS_LOW_V_HIGH_S050,MC_G1_D060_DENS_LOW_V_HIGH,50,7.20003843307,7.54845075681,25.5638213632,0,0,7.20003843307,
MC_G1_D060_DENS_LOW_V_HIGH_S050,MC_G1_D060_DENS_LOW_V_HIGH,50,7.21008682251,7.53089294098,27.4141853,0,0,7.21008682251,
MC_G1_D060_DENS_LOW_V_HIGH_S050,MC_G1_D060_DENS_LOW_V_HIGH,50,7.22000789642,7.83824797277,27.4101892162,0,0,7.22000789642,
MC_G1_D060_DENS_LOW_V_HIGH_S050,MC_G1_D060_DENS_LOW_V_HIGH,50,7.23005580902,8.2131480101,30.2166731156,0,0,7.23005580902,
MC_G1_D060_DENS_LOW_V_HIGH_S050,MC_G1_D060_DENS_LOW_V_HIGH,50,7.24010372162,7.91322573521,26.1314022172,0,0,7.24010372162,
MC_G1_D060_DENS_LOW_V_HIGH_S050,MC_G1_D060_DENS_LOW_V_HIGH,50,7.25002479553,7.36682657582,27.7237211131,0,0,7.25002479553,
MC_G1_D060_DENS_LOW_V_HIGH_S050,MC_G1_D060_DENS_LOW_V_HIGH,50,7.26007270813,7.88511889628,33.6658686105,0,0,7.26007270813,
MC_G1_D060_DENS_LOW_V_HIGH_S050,MC_G1_D060_DENS_LOW_V_HIGH,50,7.27012109756,8.46687027832,29.8345721583,0,0,7.27012109756,
MC_G1_D060_DENS_LOW_V_HIGH_S050,MC_G1_D060_DENS_LOW_V_HIGH,50,7.28004217148,7.61900409473,26.6114237341,0,0,7.28004217148,
MC_G1_D060_DENS_LOW_V_HIGH_S050,MC_G1_D060_DENS_LOW_V_HIGH,50,7.29009008408,7.8743557324,27.4725173162,0,0,7.29009008408,
MC_G1_D060_DENS_LOW_V_HIGH_S050,MC_G1_D060_DENS_LOW_V_HIGH,50,7.30001115799,8.01053026286,30.1676382071,0,0,7.30001115799,
MC_G1_D060_DENS_LOW_V_HIGH_S050,MC_G1_D060_DENS_LOW_V_HIGH,50,7.31005907059,7.34047776349,26.5840682773,0,0,7.31005907059,
MC_G1_D060_DENS_LOW_V_HIGH_S050,MC_G1_D060_DENS_LOW_V_HIGH,50,7.32010698318,8.11702557402,30.2954154743,0,0,7.32010698318,
MC_G1_D060_DENS_LOW_V_HIGH_S050,MC_G1_D060_DENS_LOW_V_HIGH,50,7.3300280571,7.00068256442,27.2634304475,0,0,7.3300280571,
MC_G1_D060_DENS_LOW_V_HIGH_S050,MC_G1_D060_DENS_LOW_V_HIGH,50,7.3400759697,7.21637671389,24.0562041672,0,0,7.3400759697,
MC_G1_D060_DENS_LOW_V_HIGH_S050,MC_G1_D060_DENS_LOW_V_HIGH,50,7.35012435913,7.02256075653,24.2402645982,0,0,7.35012435913,
MC_G1_D060_DENS_LOW_V_HIGH_S050,MC_G1_D060_DENS_LOW_V_HIGH,50,7.36004543304,7.42977532615,29.432715855,0,0,7.36004543304,
MC_G1_D060_DENS_LOW_V_HIGH_S050,MC_G1_D060_DENS_LOW_V_HIGH,50,7.37009334564,7.43654234704,28.3129157654,0,0,7.37009334564,
MC_G1_D060_DENS_LOW_V_HIGH_S050,MC_G1_D060_DENS_LOW_V_HIGH,50,7.38001441956,7.55251943135,26.4398221796,0,0,7.38001441956,
MC_G1_D060_DENS_LOW_V_HIGH_S050,MC_G1_D060_DENS_LOW_V_HIGH,50,7.39006233215,7.38388530551,23.9476312599,0,0,7.39006233215,
MC_G1_D060_DENS_LOW_V_HIGH_S050,MC_G1_D060_DENS_LOW_V_HIGH,50,7.40011024475,7.60464371138,27.1354748534,0,0,7.40011024475,
MC_G1_D060_DENS_LOW_V_HIGH_S050,MC_G1_D060_DENS_LOW_V_HIGH,50,7.41003131866,8.4440850101,32.9856042249,0,0,7.41003131866,
MC_G1_D060_DENS_LOW_V_HIGH_S050,MC_G1_D060_DENS_LOW_V_HIGH,50,7.4200797081,8.01704342332,29.1055375847,0,0,7.4200797081,
MC_G1_D060_DENS_LOW_V_HIGH_S050,MC_G1_D060_DENS_LOW_V_HIGH,50,7.43000030518,8.48827053933,30.0611342482,0,0,7.43000030518,
MC_G1_D060_DENS_LOW_V_HIGH_S050,MC_G1_D060_DENS_LOW_V_HIGH,50,7.44004869461,7.9109763937,29.3331915944,0,0,7.44004869461,
MC_G1_D060_DENS_LOW_V_HIGH_S050,MC_G1_D060_DENS_LOW_V_HIGH,50,7.45009660721,7.6176700323,27.8389584473,0,0,7.45009660721,
MC_G1_D060_DENS_LOW_V_HIGH_S050,MC_G1_D060_DENS_LOW_V_HIGH,50,7.46001768112,7.5929868552,28.5056899769,0,0,7.46001768112,
MC_G1_D060_DENS_LOW_V_HIGH_S050,MC_G1_D060_DENS_LOW_V_HIGH,50,7.47006559372,7.70564648459,31.2741663064,0,0,7.47006559372,
MC_G1_D060_DENS_LOW_V_HIGH_S050,MC_G1_D060_DENS_LOW_V_HIGH,50,7.48011398315,7.15395338555,29.4679041721,0,0,7.48011398315,
MC_G1_D060_DENS_LOW_V_HIGH_S050,MC_G1_D060_DENS_LOW_V_HIGH,50,7.49003458023,7.39099598778,29.7493299001,0,0,7.49003458023,
MC_G1_D060_DENS_LOW_V_HIGH_S050,MC_G1_D060_DENS_LOW_V_HIGH,50,7.50008296967,7.33977230782,28.9660238339,0,0,7.50008296967,
MC_G1_D060_DENS_LOW_V_HIGH_S050,MC_G1_D060_DENS_LOW_V_HIGH,50,7.51000356674,7.72285804861,28.1806477083,0,0,7.51000356674,
MC_G1_D060_DENS_LOW_V_HIGH_S050,MC_G1_D060_DENS_LOW_V_HIGH,50,7.52005195618,8.2226643221,30.4450096414,0,0,7.52005195618,
MC_G1_D060_DENS_LOW_V_HIGH_S050,MC_G1_D060_DENS_LOW_V_HIGH,50,7.53009986877,7.42014244559,25.8117828814,0,0,7.53009986877,
MC_G1_D060_DENS_LOW_V_HIGH_S050,MC_G1_D060_DENS_LOW_V_HIGH,50,7.54002094269,7.97565208569,25.782788696,0,0,7.54002094269,
MC_G1_D060_DENS_LOW_V_HIGH_S050,MC_G1_D060_DENS_LOW_V_HIGH,50,7.55006885529,8.25237548984,26.3045711611,0,0,7.55006885529,
MC_G1_D060_DENS_LOW_V_HIGH_S050,MC_G1_D060_DENS_LOW_V_HIGH,50,7.56011724472,7.53513517316,30.9753363212,0,0,7.56011724472,
MC_G1_D060_DENS_LOW_V_HIGH_S050,MC_G1_D060_DENS_LOW_V_HIGH,50,7.5700378418,7.40955888365,33.9228838144,0,0,7.5700378418,
MC_G1_D060_DENS_LOW_V_HIGH_S050,MC_G1_D060_DENS_LOW_V_HIGH,50,7.58008623123,8.02839720125,29.6042803034,0,0,7.58008623123,
MC_G1_D060_DENS_LOW_V_HIGH_S050,MC_G1_D060_DENS_LOW_V_HIGH,50,7.59000682831,7.82281515865,30.4475495615,0,0,7.59000682831,
MC_G1_D060_DENS_LOW_V_HIGH_S050,MC_G1_D060_DENS_LOW_V_HIGH,50,7.60005521774,7.81037686137,28.6877129983,0,0,7.60005521774,
MC_G1_D060_DENS_LOW_V_HIGH_S050,MC_G1_D060_DENS_LOW_V_HIGH,50,7.61010313034,7.54108621411,33.2498253595,0,0,7.61010313034,
MC_G1_D060_DENS_LOW_V_HIGH_S050,MC_G1_D060_DENS_LOW_V_HIGH,50,7.62002420425,7.50550862557,28.7161928256,0,0,7.62002420425,
MC_G1_D060_DENS_LOW_V_HIGH_S050,MC_G1_D060_DENS_LOW_V_HIGH,50,7.63007211685,8.12685964328,29.1719150457,0,0,7.63007211685,
MC_G1_D060_DENS_LOW_V_HIGH_S050,MC_G1_D060_DENS_LOW_V_HIGH,50,7.64012050629,7.8748470473,29.6428321036,0,0,7.64012050629,
MC_G1_D060_DENS_LOW_V_HIGH_S050,MC_G1_D060_DENS_LOW_V_HIGH,50,7.65004110336,7.90881426275,28.352073158,0,0,7.65004110336,
MC_G1_D060_DENS_LOW_V_HIGH_S050,MC_G1_D060_DENS_LOW_V_HIGH,50,7.6600894928,8.67164324875,29.3851534659,0,0,7.6600894928,
MC_G1_D060_DENS_LOW_V_HIGH_S050,MC_G1_D060_DENS_LOW_V_HIGH,50,7.67001008987,8.37869695468,30.379440401,0,0,7.67001008987,
MC_G1_D060_DENS_LOW_V_HIGH_S050,MC_G1_D060_DENS_LOW_V_HIGH,50,7.68005847931,7.47504623822,33.7630165001,0,0,7.68005847931,
MC_G1_D060_DENS_LOW_V_HIGH_S050,MC_G1_D060_DENS_LOW_V_HIGH,50,7.69010639191,7.59139202458,30.0726602034,0,0,7.69010639191,
MC_G1_D060_DENS_LOW_V_HIGH_S050,MC_G1_D060_DENS_LOW_V_HIGH,50,7.70002746582,7.88855637364,29.8827299373,0,0,7.70002746582,
MC_G1_D060_DENS_LOW_V_HIGH_S050,MC_G1_D060_DENS_LOW_V_HIGH,50,7.71007537842,7.97815528762,25.0075968004,0,0,7.71007537842,
MC_G1_D060_DENS_LOW_V_HIGH_S050,MC_G1_D060_DENS_LOW_V_HIGH,50,7.72012376785,7.58085336312,30.5000640374,0,0,7.72012376785,
MC_G1_D060_DENS_LOW_V_HIGH_S050,MC_G1_D060_DENS_LOW_V_HIGH,50,7.73004436493,6.84309438915,29.0054579088,0,0,7.73004436493,
MC_G1_D060_DENS_LOW_V_HIGH_S050,MC_G1_D060_DENS_LOW_V_HIGH,50,7.74009275436,7.84254805749,29.6462692713,0,0,7.74009275436,
MC_G1_D060_DENS_LOW_V_HIGH_S050,MC_G1_D060_DENS_LOW_V_HIGH,50,7.75001335144,8.12860212741,31.1903509456,0,0,7.75001335144,
MC_G1_D060_DENS_LOW_V_HIGH_S050,MC_G1_D060_DENS_LOW_V_HIGH,50,7.76006174088,7.60477236853,29.0808270064,0,0,7.76006174088,
MC_G1_D060_DENS_LOW_V_HIGH_S050,MC_G1_D060_DENS_LOW_V_HIGH,50,7.77010965347,8.53141558622,30.1868683745,0,0,7.77010965347,
MC_G1_D060_DENS_LOW_V_HIGH_S050,MC_G1_D060_DENS_LOW_V_HIGH,50,7.78003072739,8.24041123804,37.627461463,0,0,7.78003072739,
MC_G1_D060_DENS_LOW_V_HIGH_S050,MC_G1_D060_DENS_LOW_V_HIGH,50,7.79007863998,7.9423462889,32.5796613693,0,0,7.79007863998,
MC_G1_D060_DENS_LOW_V_HIGH_S050,MC_G1_D060_DENS_LOW_V_HIGH,50,7.80012702942,8.13032129783,30.8326483855,0,0,7.80012702942,
MC_G1_D060_DENS_LOW_V_HIGH_S050,MC_G1_D060_DENS_LOW_V_HIGH,50,7.8100476265,7.97111800037,31.5144870904,0,0,7.8100476265,
MC_G1_D060_DENS_LOW_V_HIGH_S050,MC_G1_D060_DENS_LOW_V_HIGH,50,7.82009601593,7.7136439514,35.2622360688,0,0,7.82009601593,
MC_G1_D060_DENS_LOW_V_HIGH_S050,MC_G1_D060_DENS_LOW_V_HIGH,50,7.83001661301,7.62592740383,31.0509757563,0,0,7.83001661301,
MC_G1_D060_DENS_LOW_V_HIGH_S050,MC_G1_D060_DENS_LOW_V_HIGH,50,7.84006500244,7.82095869637,29.1956932319,0,0,7.84006500244,
MC_G1_D060_DENS_LOW_V_HIGH_S050,MC_G1_D060_DENS_LOW_V_HIGH,50,7.85011291504,7.70627163747,30.3490444392,0,0,7.85011291504,
MC_G1_D060_DENS_LOW_V_HIGH_S050,MC_G1_D060_DENS_LOW_V_HIGH,50,7.86003398895,7.62021813471,26.464310701,0,0,7.86003398895,
MC_G1_D060_DENS_LOW_V_HIGH_S050,MC_G1_D060_DENS_LOW_V_HIGH,50,7.87008190155,7.80775191005,36.7644539194,0,0,7.87008190155,
MC_G1_D060_DENS_LOW_V_HIGH_S050,MC_G1_D060_DENS_LOW_V_HIGH,50,7.88000297546,8.12358795231,29.5912026019,0,0,7.88000297546,
MC_G1_D060_DENS_LOW_V_HIGH_S050,MC_G1_D060_DENS_LOW_V_HIGH,50,7.89005088806,8.13063128386,33.9922592963,0,0,7.89005088806,
MC_G1_D060_DENS_LOW_V_HIGH_S050,MC_G1_D060_DENS_LOW_V_HIGH,50,7.9000992775,8.07073403943,31.5228867235,0,0,7.9000992775,
MC_G1_D060_DENS_LOW_V_HIGH_S050,MC_G1_D060_DENS_LOW_V_HIGH,50,7.91001987457,8.21990294239,30.2451695985,0,0,7.91001987457,
MC_G1_D060_DENS_LOW_V_HIGH_S050,MC_G1_D060_DENS_LOW_V_HIGH,50,7.92006826401,8.22544642511,27.2726320971,0,0,7.92006826401,
MC_G1_D060_DENS_LOW_V_HIGH_S050,MC_G1_D060_DENS_LOW_V_HIGH,50,7.93011617661,8.09503901631,32.5518370713,0,0,7.93011617661,
MC_G1_D060_DENS_LOW_V_HIGH_S050,MC_G1_D060_DENS_LOW_V_HIGH,50,7.94003725052,7.77265095741,31.1077350668,0,0,7.94003725052,
MC_G1_D060_DENS_LOW_V_HIGH_S050,MC_G1_D060_DENS_LOW_V_HIGH,50,7.95008516312,8.18424073371,32.5371282357,0,0,7.95008516312,
MC_G1_D060_DENS_LOW_V_HIGH_S050,MC_G1_D060_DENS_LOW_V_HIGH,50,7.96000623703,7.63755403853,31.4546020148,0,0,7.96000623703,
MC_G1_D060_DENS_LOW_V_HIGH_S050,MC_G1_D060_DENS_LOW_V_HIGH,50,7.97005414963,7.47881787879,33.069447917,0,0,7.97005414963,
MC_G1_D060_DENS_LOW_V_HIGH_S050,MC_G1_D060_DENS_LOW_V_HIGH,50,7.98010253906,7.50501385679,32.9799987055,0,0,7.98010253906,
MC_G1_D060_DENS_LOW_V_HIGH_S050,MC_G1_D060_DENS_LOW_V_HIGH,50,7.99002361298,7.21817834577,33.0221014489,0,0,7.99002361298,
MC_G1_D060_DENS_LOW_V_HIGH_S050,MC_G1_D060_DENS_LOW_V_HIGH,50,8.00007152557,8.03569007586,30.4760315996,0,0,8.00007152557,
MC_G1_D060_DENS_LOW_V_HIGH_S050,MC_G1_D060_DENS_LOW_V_HIGH,50,8.01011943817,7.58363892001,29.6179417912,0,0,8.01011943817,
MC_G1_D060_DENS_LOW_V_HIGH_S050,MC_G1_D060_DENS_LOW_V_HIGH,50,8.02004051208,8.4961747513,30.5355380945,0,0,8.02004051208,
MC_G1_D060_DENS_LOW_V_HIGH_S050,MC_G1_D060_DENS_LOW_V_HIGH,50,8.03008842468,7.51276955177,31.4839415845,0,0,8.03008842468,
MC_G1_D060_DENS_LOW_V_HIGH_S050,MC_G1_D060_DENS_LOW_V_HIGH,50,8.0400094986,7.95777564913,32.3057180463,0,0,8.0400094986,
MC_G1_D060_DENS_LOW_V_HIGH_S050,MC_G1_D060_DENS_LOW_V_HIGH,50,8.05005741119,7.95522668325,31.5560752607,0,0,8.05005741119,
MC_G1_D060_DENS_LOW_V_HIGH_S050,MC_G1_D060_DENS_LOW_V_HIGH,50,8.06010532379,7.96653037986,34.2051303455,0,0,8.06010532379,
MC_G1_D060_DENS_LOW_V_HIGH_S050,MC_G1_D060_DENS_LOW_V_HIGH,50,8.07002639771,7.92086140775,27.1822676748,0,0,8.07002639771,
MC_G1_D060_DENS_LOW_V_HIGH_S050,MC_G1_D060_DENS_LOW_V_HIGH,50,8.0800743103,8.00487452894,37.5402058303,0,0,8.0800743103,
MC_G1_D060_DENS_LOW_V_HIGH_S050,MC_G1_D060_DENS_LOW_V_HIGH,50,8.09012317657,7.70879469923,37.2320377404,0,0,8.09012317657,
MC_G1_D060_DENS_LOW_V_HIGH_S050,MC_G1_D060_DENS_LOW_V_HIGH,50,8.10004425049,7.82778184286,30.5644237466,0,0,8.10004425049,
MC_G1_D060_DENS_LOW_V_HIGH_S050,MC_G1_D060_DENS_LOW_V_HIGH,50,8.11009216309,7.86600424255,35.8160661591,0,0,8.11009216309,
MC_G1_D060_DENS_LOW_V_HIGH_S050,MC_G1_D060_DENS_LOW_V_HIGH,50,8.120013237,8.89022657161,30.222172769,0,0,8.120013237,
MC_G1_D060_DENS_LOW_V_HIGH_S050,MC_G1_D060_DENS_LOW_V_HIGH,50,8.1300611496,8.0217415681,34.0361709339,0,0,8.1300611496,
MC_G1_D060_DENS_LOW_V_HIGH_S050,MC_G1_D060_DENS_LOW_V_HIGH,50,8.14010906219,8.10950128922,31.8043178608,0,0,8.14010906219,
MC_G1_D060_DENS_LOW_V_HIGH_S050,MC_G1_D060_DENS_LOW_V_HIGH,50,8.15003013611,7.8900968056,35.1440478848,0,0,8.15003013611,
MC_G1_D060_DENS_LOW_V_HIGH_S050,MC_G1_D060_DENS_LOW_V_HIGH,50,8.16007804871,8.54774295611,39.9485084653,0,0,8.16007804871,
MC_G1_D060_DENS_LOW_V_HIGH_S050,MC_G1_D060_DENS_LOW_V_HIGH,50,8.1701259613,8.15713034011,44.6249891372,0,0,8.1701259613,
MC_G1_D060_DENS_LOW_V_HIGH_S050,MC_G1_D060_DENS_LOW_V_HIGH,50,8.18004703522,8.35113755625,32.6834766791,0,0,8.18004703522,
MC_G1_D060_DENS_LOW_V_HIGH_S050,MC_G1_D060_DENS_LOW_V_HIGH,50,8.19009494781,7.88247667554,27.9060751339,0,0,8.19009494781,
MC_G1_D060_DENS_LOW_V_HIGH_S050,MC_G1_D060_DENS_LOW_V_HIGH,50,8.20001602173,7.64539953448,33.8788922674,0,0,8.20001602173,
MC_G1_D060_DENS_LOW_V_HIGH_S050,MC_G1_D060_DENS_LOW_V_HIGH,50,8.21006393433,7.26831577942,32.0457795869,0,0,8.21006393433,
MC_G1_D060_DENS_LOW_V_HIGH_S050,MC_G1_D060_DENS_LOW_V_HIGH,50,8.22011184692,7.59788273479,34.0484919651,0,0,8.22011184692,
MC_G1_D060_DENS_LOW_V_HIGH_S050,MC_G1_D060_DENS_LOW_V_HIGH,50,8.23003292084,8.5616284305,32.7785762756,0,0,8.23003292084,
MC_G1_D060_DENS_LOW_V_HIGH_S050,MC_G1_D060_DENS_LOW_V_HIGH,50,8.24008083344,8.55189106997,42.4160911593,0,0,8.24008083344,
MC_G1_D060_DENS_LOW_V_HIGH_S050,MC_G1_D060_DENS_LOW_V_HIGH,50,8.25000190735,6.93962567867,29.2804931149,0,0,8.25000190735,
MC_G1_D060_DENS_LOW_V_HIGH_S050,MC_G1_D060_DENS_LOW_V_HIGH,50,8.26005077362,8.26987545312,36.962900895,0,0,8.26005077362,
MC_G1_D060_DENS_LOW_V_HIGH_S050,MC_G1_D060_DENS_LOW_V_HIGH,50,8.27009868622,8.13884548185,32.1856594173,0,0,8.27009868622,
MC_G1_D060_DENS_LOW_V_HIGH_S050,MC_G1_D060_DENS_LOW_V_HIGH,50,8.28001976013,8.13684222953,30.0649246655,0,0,8.28001976013,
MC_G1_D060_DENS_LOW_V_HIGH_S050,MC_G1_D060_DENS_LOW_V_HIGH,50,8.29006767273,7.8915413923,34.1972278137,0,0,8.29006767273,
MC_G1_D060_DENS_LOW_V_HIGH_S050,MC_G1_D060_DENS_LOW_V_HIGH,50,8.30011558533,8.59608868779,35.0585366717,0,0,8.30011558533,
MC_G1_D060_DENS_LOW_V_HIGH_S050,MC_G1_D060_DENS_LOW_V_HIGH,50,8.31003665924,8.26364205721,39.3681149324,0,0,8.31003665924,
MC_G1_D060_DENS_LOW_V_HIGH_S050,MC_G1_D060_DENS_LOW_V_HIGH,50,8.32008457184,7.28252850926,31.0592826259,0,0,8.32008457184,
MC_G1_D060_DENS_LOW_V_HIGH_S050,MC_G1_D060_DENS_LOW_V_HIGH,50,8.33000564575,7.96919159695,36.9363532865,0,0,8.33000564575,
MC_G1_D060_DENS_LOW_V_HIGH_S050,MC_G1_D060_DENS_LOW_V_HIGH,50,8.34005355835,8.20609604385,27.9145766259,0,0,8.34005355835,
MC_G1_D060_DENS_LOW_V_HIGH_S050,MC_G1_D060_DENS_LOW_V_HIGH,50,8.35010147095,7.39903144731,38.9294091085,0,0,8.35010147095,
MC_G1_D060_DENS_LOW_V_HIGH_S050,MC_G1_D060_DENS_LOW_V_HIGH,50,8.36002254486,8.26335452142,35.954239605,0,0,8.36002254486,
MC_G1_D060_DENS_LOW_V_HIGH_S050,MC_G1_D060_DENS_LOW_V_HIGH,50,8.37007045746,8.42782326399,34.4956787029,0,0,8.37007045746,
MC_G1_D060_DENS_LOW_V_HIGH_S050,MC_G1_D060_DENS_LOW_V_HIGH,50,8.38011837006,7.76364754708,35.4142174092,0,0,8.38011837006,
MC_G1_D060_DENS_LOW_V_HIGH_S050,MC_G1_D060_DENS_LOW_V_HIGH,50,8.39003944397,8.96472424427,31.3259498062,0,0,8.39003944397,
MC_G1_D060_DENS_LOW_V_HIGH_S050,MC_G1_D060_DENS_LOW_V_HIGH,50,8.40008831024,8.87173707076,38.8472983548,0,0,8.40008831024,
MC_G1_D060_DENS_LOW_V_HIGH_S050,MC_G1_D060_DENS_LOW_V_HIGH,50,8.41000843048,8.05197081833,33.066628429,0,0,8.41000843048,
MC_G1_D060_DENS_LOW_V_HIGH_S050,MC_G1_D060_DENS_LOW_V_HIGH,50,8.42005729675,7.69743487701,35.0305987959,0,0,8.42005729675,
MC_G1_D060_DENS_LOW_V_HIGH_S050,MC_G1_D060_DENS_LOW_V_HIGH,50,8.43010520935,8.08622297915,33.3017990004,0,0,8.43010520935,
MC_G1_D060_DENS_LOW_V_HIGH_S050,MC_G1_D060_DENS_LOW_V_HIGH,50,8.44002628326,7.78765030917,32.04762639,0,0,8.44002628326,
MC_G1_D060_DENS_LOW_V_HIGH_S050,MC_G1_D060_DENS_LOW_V_HIGH,50,8.45007419586,7.65942143726,36.0032751988,0,0,8.45007419586,
MC_G1_D060_DENS_LOW_V_HIGH_S050,MC_G1_D060_DENS_LOW_V_HIGH,50,8.46012210846,8.58534883763,35.5228340825,0,0,8.46012210846,
MC_G1_D060_DENS_LOW_V_HIGH_S050,MC_G1_D060_DENS_LOW_V_HIGH,50,8.47004318237,7.96804922505,35.0000980434,0,0,8.47004318237,
MC_G1_D060_DENS_LOW_V_HIGH_S050,MC_G1_D060_DENS_LOW_V_HIGH,50,8.48009109497,7.57731313272,32.1955144282,0,0,8.48009109497,
MC_G1_D060_DENS_LOW_V_HIGH_S050,MC_G1_D060_DENS_LOW_V_HIGH,50,8.49001216888,7.91176905992,32.8105133944,0,0,8.49001216888,
MC_G1_D060_DENS_LOW_V_HIGH_S050,MC_G1_D060_DENS_LOW_V_HIGH,50,8.50006008148,8.85105090012,35.7222518445,0,0,8.50006008148,
MC_G1_D060_DENS_LOW_V_HIGH_S050,MC_G1_D060_DENS_LOW_V_HIGH,50,8.51010799408,7.53134453623,35.612925493,0,0,8.51010799408,
MC_G1_D060_DENS_LOW_V_HIGH_S050,MC_G1_D060_DENS_LOW_V_HIGH,50,8.52002906799,8.33837804782,36.3700577089,0,0,8.52002906799,
MC_G1_D060_DENS_LOW_V_HIGH_S050,MC_G1_D060_DENS_LOW_V_HIGH,50,8.53007698059,8.08187885742,39.8119422515,0,0,8.53007698059,
MC_G1_D060_DENS_LOW_V_HIGH_S050,MC_G1_D060_DENS_LOW_V_HIGH,50,8.54012489319,8.67014080951,29.4323560503,0,0,8.54012489319,
MC_G1_D060_DENS_LOW_V_HIGH_S050,MC_G1_D060_DENS_LOW_V_HIGH,50,8.5500459671,7.82248185891,41.1055463824,0,0,8.5500459671,
MC_G1_D060_DENS_LOW_V_HIGH_S050,MC_G1_D060_DENS_LOW_V_HIGH,50,8.56009483337,8.11590565235,33.9239959278,0,0,8.56009483337,
MC_G1_D060_DENS_LOW_V_HIGH_S050,MC_G1_D060_DENS_LOW_V_HIGH,50,8.57001495361,6.96623914481,37.0725616307,0,0,8.57001495361,
MC_G1_D060_DENS_LOW_V_HIGH_S050,MC_G1_D060_DENS_LOW_V_HIGH,50,8.58006381989,7.8763831619,31.4707509758,0,0,8.58006381989,
MC_G1_D060_DENS_LOW_V_HIGH_S050,MC_G1_D060_DENS_LOW_V_HIGH,50,8.59011173248,7.88169868832,41.8223101671,0,0,8.59011173248,
MC_G1_D060_DENS_LOW_V_HIGH_S050,MC_G1_D060_DENS_LOW_V_HIGH,50,8.6000328064,8.45797048449,34.7807822861,0,0,8.6000328064,
MC_G1_D060_DENS_LOW_V_HIGH_S050,MC_G1_D060_DENS_LOW_V_HIGH,50,8.61008071899,8.22060235377,40.0895329915,0,0,8.61008071899,
MC_G1_D060_DENS_LOW_V_HIGH_S050,MC_G1_D060_DENS_LOW_V_HIGH,50,8.62000179291,7.32769580482,32.3876320749,0,0,8.62000179291,
MC_G1_D060_DENS_LOW_V_HIGH_S050,MC_G1_D060_DENS_LOW_V_HIGH,50,8.63004970551,7.9453684368,36.0376717143,0,0,8.63004970551,
MC_G1_D060_DENS_LOW_V_HIGH_S050,MC_G1_D060_DENS_LOW_V_HIGH,50,8.6400976181,7.90458066528,34.2714932734,0,0,8.6400976181,
MC_G1_D060_DENS_LOW_V_HIGH_S050,MC_G1_D060_DENS_LOW_V_HIGH,50,8.65001869202,8.33079936436,36.0501498663,0,0,8.65001869202,
MC_G1_D060_DENS_LOW_V_HIGH_S050,MC_G1_D060_DENS_LOW_V_HIGH,50,8.66006660461,8.8816074058,38.1245287845,0,0,8.66006660461,
MC_G1_D060_DENS_LOW_V_HIGH_S050,MC_G1_D060_DENS_LOW_V_HIGH,50,8.67011451721,8.3017962427,37.0818886327,0,0,8.67011451721,
MC_G1_D060_DENS_LOW_V_HIGH_S050,MC_G1_D060_DENS_LOW_V_HIGH,50,8.68003559113,7.4920902889,36.4203115801,0,0,8.68003559113,
MC_G1_D060_DENS_LOW_V_HIGH_S050,MC_G1_D060_DENS_LOW_V_HIGH,50,8.69008350372,7.29746482765,37.1259439792,0,0,8.69008350372,
MC_G1_D060_DENS_LOW_V_HIGH_S050,MC_G1_D060_DENS_LOW_V_HIGH,50,8.70000457764,8.53267193627,36.0603130338,0,0,8.70000457764,
MC_G1_D060_DENS_LOW_V_HIGH_S050,MC_G1_D060_DENS_LOW_V_HIGH,50,8.71005249023,8.80092900895,37.7493205518,0,0,8.71005249023,
MC_G1_D060_DENS_LOW_V_HIGH_S050,MC_G1_D060_DENS_LOW_V_HIGH,50,8.72010040283,9.18898920518,40.3325439282,0,0,8.72010040283,
MC_G1_D060_DENS_LOW_V_HIGH_S050,MC_G1_D060_DENS_LOW_V_HIGH,50,8.73002147675,7.37904814193,36.6441578547,0,0,8.73002147675,
MC_G1_D060_DENS_LOW_V_HIGH_S050,MC_G1_D060_DENS_LOW_V_HIGH,50,8.74007034302,8.27907659827,37.6172509295,0,0,8.74007034302,
MC_G1_D060_DENS_LOW_V_HIGH_S050,MC_G1_D060_DENS_LOW_V_HIGH,50,8.75011825562,8.29397924129,34.7890766536,0,0,8.75011825562,
MC_G1_D060_DENS_LOW_V_HIGH_S050,MC_G1_D060_DENS_LOW_V_HIGH,50,8.76003932953,8.39628585546,39.4345061144,0,0,8.76003932953,
MC_G1_D060_DENS_LOW_V_HIGH_S050,MC_G1_D060_DENS_LOW_V_HIGH,50,8.77008724213,8.81314884811,38.7196393012,0,0,8.77008724213,
MC_G1_D060_DENS_LOW_V_HIGH_S050,MC_G1_D060_DENS_LOW_V_HIGH,50,8.78000831604,8.45887799234,36.8140340659,0,0,8.78000831604,
MC_G1_D060_DENS_LOW_V_HIGH_S050,MC_G1_D060_DENS_LOW_V_HIGH,50,8.79005622864,8.48627419478,36.5680577287,0,0,8.79005622864,
MC_G1_D060_DENS_LOW_V_HIGH_S050,MC_G1_D060_DENS_LOW_V_HIGH,50,8.80010414124,7.46611708638,37.8780827605,0,0,8.80010414124,
MC_G1_D060_DENS_LOW_V_HIGH_S050,MC_G1_D060_DENS_LOW_V_HIGH,50,8.81002521515,7.94069705962,40.4461724046,0,0,8.81002521515,
MC_G1_D060_DENS_LOW_V_HIGH_S050,MC_G1_D060_DENS_LOW_V_HIGH,50,8.82007312775,7.88511457892,35.585364309,0,0,8.82007312775,
MC_G1_D060_DENS_LOW_V_HIGH_S050,MC_G1_D060_DENS_LOW_V_HIGH,50,8.83012104034,9.29692910302,37.0231719593,0,0,8.83012104034,
MC_G1_D060_DENS_LOW_V_HIGH_S050,MC_G1_D060_DENS_LOW_V_HIGH,50,8.84004211426,8.30123325972,39.4495927988,0,0,8.84004211426,
MC_G1_D060_DENS_LOW_V_HIGH_S050,MC_G1_D060_DENS_LOW_V_HIGH,50,8.85009002686,8.55512649517,36.0634838196,0,0,8.85009002686,
MC_G1_D060_DENS_LOW_V_HIGH_S050,MC_G1_D060_DENS_LOW_V_HIGH,50,8.86001110077,8.26501324888,33.8526980961,0,0,8.86001110077,
MC_G1_D060_DENS_LOW_V_HIGH_S050,MC_G1_D060_DENS_LOW_V_HIGH,50,8.87005901337,8.61425179667,35.5445632883,0,0,8.87005901337,
MC_G1_D060_DENS_LOW_V_HIGH_S050,MC_G1_D060_DENS_LOW_V_HIGH,50,8.88010692596,9.13773789416,37.9096358777,0,0,8.88010692596,
MC_G1_D060_DENS_LOW_V_HIGH_S050,MC_G1_D060_DENS_LOW_V_HIGH,50,8.89002799988,7.57325309288,34.7380504785,0,0,8.89002799988,
MC_G1_D060_DENS_LOW_V_HIGH_S050,MC_G1_D060_DENS_LOW_V_HIGH,50,8.90007686615,8.30644862353,40.2741230246,0,0,8.90007686615,
MC_G1_D060_DENS_LOW_V_HIGH_S050,MC_G1_D060_DENS_LOW_V_HIGH,50,8.91012477875,8.57162655923,38.0787337765,0,0,8.91012477875,
MC_G1_D060_DENS_LOW_V_HIGH_S050,MC_G1_D060_DENS_LOW_V_HIGH,50,8.92004585266,8.5478232589,37.8935939915,0,0,8.92004585266,
MC_G1_D060_DENS_LOW_V_HIGH_S050,MC_G1_D060_DENS_LOW_V_HIGH,50,8.93009376526,7.62590668053,38.1480029243,0,0,8.93009376526,
MC_G1_D060_DENS_LOW_V_HIGH_S050,MC_G1_D060_DENS_LOW_V_HIGH,50,8.94001483917,8.67824793712,35.0426485912,0,0,8.94001483917,
MC_G1_D060_DENS_LOW_V_HIGH_S050,MC_G1_D060_DENS_LOW_V_HIGH,50,8.95006275177,8.10841676986,35.9191782889,0,0,8.95006275177,
MC_G1_D060_DENS_LOW_V_HIGH_S050,MC_G1_D060_DENS_LOW_V_HIGH,50,8.96011066437,8.67865031452,35.1928920126,0,0,8.96011066437,
MC_G1_D060_DENS_LOW_V_HIGH_S050,MC_G1_D060_DENS_LOW_V_HIGH,50,8.97003173828,8.37764956457,37.0131020108,0,0,8.97003173828,
MC_G1_D060_DENS_LOW_V_HIGH_S050,MC_G1_D060_DENS_LOW_V_HIGH,50,8.98007965088,8.42885683857,38.3934198858,0,0,8.98007965088,
MC_G1_D060_DENS_LOW_V_HIGH_S050,MC_G1_D060_DENS_LOW_V_HIGH,50,8.99000072479,8.61045597891,40.4215610636,0,0,8.99000072479,
MC_G1_D060_DENS_LOW_V_HIGH_S050,MC_G1_D060_DENS_LOW_V_HIGH,50,9,8.94867059463,39.9426674371,0,0,9,
