run_id,scenario_id,S,z_m,qb_MPa,qs_kPa,ALLKE,ALLIE,time_s,walltime_h
MC_G2_D075_DENS_HIGH_V_REF_S030,MC_G2_D075_DENS_HIGH_V_REF,30,0,0,0,0,0,0,
MC_G2_D075_DENS_HIGH_V_REF_S030,MC_G2_D075_DENS_HIGH_V_REF,30,0.00901406351477,0,0,0,0,0.0180281270295,
MC_G2_D075_DENS_HIGH_V_REF_S030,MC_G2_D075_DENS_HIGH_V_REF,30,0.0180410463363,0.0487607028106,42.6307161584,0,0,0.0360820926726,
MC_G2_D075_DENS_HIGH_V_REF_S030,MC_G2_D075_DENS_HIGH_V_REF,30,0.0270013995469,1.65645563508,222.128873871,0,0,0.0540027990937,
MC_G2_D075_DENS_HIGH_V_REF_S030,MC_G2_D075_DENS_HIGH_V_REF,30,0.0360226333141,0.248702238786,1.86208804026,0,0,0.0720452666283,
MC_G2_D075_DENS_HIGH_V_REF_S030,MC_G2_D075_DENS_HIGH_V_REF,30,0.0450439043343,1.56941749927,137.380682421,0,0,0.0900878086686,
MC_G2_D075_DENS_HIGH_V_REF_S030,MC_G2_D075_DENS_HIGH_V_REF,30,0.0540042333305,0.848573815209,42.6556715019,0,0,0.108008466661,
MC_G2_D075_DENS_HIGH_V_REF_S030,MC_G2_D075_DENS_HIGH_V_REF,30,0.0630254670978,0.546030560963,0.000617488331162,0,0,0.126050934196,
MC_G2_D075_DENS_HIGH_V_REF_S030,MC_G2_D075_DENS_HIGH_V_REF,30,0.0720467716455,1.72851621314,92.2523219539,0,0,0.144093543291,
MC_G2_D075_DENS_HIGH_V_REF_S030,MC_G2_D075_DENS_HIGH_V_REF,30,0.0810070484877,0.262392033419,0.000113333199758,0,0,0.162014096975,
MC_G2_D075_DENS_HIGH_V_REF_S030,MC_G2_D075_DENS_HIGH_V_REF,30,0.090028360486,1.86707164353,59.2416587303,0,0,0.180056720972,
MC_G2_D075_DENS_HIGH_V_REF_S030,MC_G2_D075_DENS_HIGH_V_REF,30,0.0990495681763,0.277926857978,0.000180004124934,0,0,0.198099136353,
MC_G2_D075_DENS_HIGH_V_REF_S030,MC_G2_D075_DENS_HIGH_V_REF,30,0.108009919524,1.70135943389,31.8906814134,0,0,0.216019839048,
MC_G2_D075_DENS_HIGH_V_REF_S030,MC_G2_D075_DENS_HIGH_V_REF,30,0.117031127214,0.468825181938,0.000159643976098,0,0,0.234062254429,
MC_G2_D075_DENS_HIGH_V_REF_S030,MC_G2_D075_DENS_HIGH_V_REF,30,0.126052394509,1.41831065692,17.7812422614,0,0,0.252104789019,
MC_G2_D075_DENS_HIGH_V_REF_S030,MC_G2_D075_DENS_HIGH_V_REF,30,0.135012701154,0.975919529147,13.6789272345,0,0,0.270025402308,
MC_G2_D075_DENS_HIGH_V_REF_S030,MC_G2_D075_DENS_HIGH_V_REF,30,0.144033923745,1.09999317219,0.00094827279835,0,0,0.28806784749,
MC_G2_D075_DENS_HIGH_V_REF_S030,MC_G2_D075_DENS_HIGH_V_REF,30,0.153055205941,1.50315212294,22.4899693758,0,0,0.306110411882,
MC_G2_D075_DENS_HIGH_V_REF_S030,MC_G2_D075_DENS_HIGH_V_REF,30,0.16201543808,0.763620512441,0.000539523801925,0,0,0.32403087616,
MC_G2_D075_DENS_HIGH_V_REF_S030,MC_G2_D075_DENS_HIGH_V_REF,30,0.171036750078,2.0579076767,24.3217167374,0,0,0.342073500156,
MC_G2_D075_DENS_HIGH_V_REF_S030,MC_G2_D075_DENS_HIGH_V_REF,30,0.180057927966,0.69677343309,0.000215223729959,0,0,0.360115855932,
MC_G2_D075_DENS_HIGH_V_REF_S030,MC_G2_D075_DENS_HIGH_V_REF,30,0.189018279314,2.0254670086,23.3395371374,0,0,0.378036558628,
MC_G2_D075_DENS_HIGH_V_REF_S030,MC_G2_D075_DENS_HIGH_V_REF,30,0.198039487004,0.719897734496,0.000396356545411,0,0,0.396078974009,
MC_G2_D075_DENS_HIGH_V_REF_S030,MC_G2_D075_DENS_HIGH_V_REF,30,0.2070607692,1.91151289828,17.2823534542,0,0,0.414121538401,
MC_G2_D075_DENS_HIGH_V_REF_S030,MC_G2_D075_DENS_HIGH_V_REF,30,0.216021046042,1.02242917646,1.22376985093,0,0,0.432042092085,
MC_G2_D075_DENS_HIGH_V_REF_S030,MC_G2_D075_DENS_HIGH_V_REF,30,0.225042298436,1.42672929026,2.44699317903,0,0,0.450084596872,
MC_G2_D075_DENS_HIGH_V_REF_S030,MC_G2_D075_DENS_HIGH_V_REF,30,0.234002605081,1.49412519167,7.63812740665,0,0,0.468005210161,
MC_G2_D075_DENS_HIGH_V_REF_S030,MC_G2_D075_DENS_HIGH_V_REF,30,0.243023827672,1.19594688608,0.000604814498459,0,0,0.486047655344,
MC_G2_D075_DENS_HIGH_V_REF_S030,MC_G2_D075_DENS_HIGH_V_REF,30,0.252045124769,2.14487866902,19.1340651045,0,0,0.504090249538,
MC_G2_D075_DENS_HIGH_V_REF_S030,MC_G2_D075_DENS_HIGH_V_REF,30,0.261005371809,0.896477311672,0.000207677687102,0,0,0.522010743618,
MC_G2_D075_DENS_HIGH_V_REF_S030,MC_G2_D075_DENS_HIGH_V_REF,30,0.270026683807,1.98758412564,15.7731087745,0,0,0.540053367615,
MC_G2_D075_DENS_HIGH_V_REF_S030,MC_G2_D075_DENS_HIGH_V_REF,30,0.279047876596,0.815836458531,0.000342542860269,0,0,0.558095753193,
MC_G2_D075_DENS_HIGH_V_REF_S030,MC_G2_D075_DENS_HIGH_V_REF,30,0.288008213043,1.71564455712,9.46759348023,0,0,0.576016426086,
MC_G2_D075_DENS_HIGH_V_REF_S030,MC_G2_D075_DENS_HIGH_V_REF,30,0.297029435635,1.04355858394,0.000378788081576,0,0,0.594058871269,
MC_G2_D075_DENS_HIGH_V_REF_S030,MC_G2_D075_DENS_HIGH_V_REF,30,0.306050688028,1.70063936829,8.82420352395,0,0,0.612101376057,
MC_G2_D075_DENS_HIGH_V_REF_S030,MC_G2_D075_DENS_HIGH_V_REF,30,0.315010994673,1.16301549024,0.419927859346,0,0,0.630021989346,
MC_G2_D075_DENS_HIGH_V_REF_S030,MC_G2_D075_DENS_HIGH_V_REF,30,0.324032217264,1.31203010823,0.000472790425273,0,0,0.648064434528,
MC_G2_D075_DENS_HIGH_V_REF_S030,MC_G2_D075_DENS_HIGH_V_REF,30,0.33305349946,1.60447745432,3.88084774253,0,0,0.66610699892,
MC_G2_D075_DENS_HIGH_V_REF_S030,MC_G2_D075_DENS_HIGH_V_REF,30,0.3420137465,1.05991279051,0.000318698666261,0,0,0.684027493,
MC_G2_D075_DENS_HIGH_V_REF_S030,MC_G2_D075_DENS_HIGH_V_REF,30,0.351035058498,1.60287029333,4.89303616121,0,0,0.702070116997,
MC_G2_D075_DENS_HIGH_V_REF_S030,MC_G2_D075_DENS_HIGH_V_REF,30,0.360056251287,0.911016986102,0.000203325318081,0,0,0.720112502575,
MC_G2_D075_DENS_HIGH_V_REF_S030,MC_G2_D075_DENS_HIGH_V_REF,30,0.369016587734,1.57718224342,6.92404361792,0,0,0.738033175468,
MC_G2_D075_DENS_HIGH_V_REF_S030,MC_G2_D075_DENS_HIGH_V_REF,30,0.378037810326,0.947471204769,0.000192665360901,0,0,0.756075620651,
MC_G2_D075_DENS_HIGH_V_REF_S030,MC_G2_D075_DENS_HIGH_V_REF,30,0.387059062719,1.55045070628,5.03289083518,0,0,0.774118125439,
MC_G2_D075_DENS_HIGH_V_REF_S030,MC_G2_D075_DENS_HIGH_V_REF,30,0.396019369364,1.11684245839,2.9721385663,0,0,0.792038738728,
MC_G2_D075_DENS_HIGH_V_REF_S030,MC_G2_D075_DENS_HIGH_V_REF,30,0.405040621758,1.46930130336,2.4210370553,0,0,0.810081243515,
MC_G2_D075_DENS_HIGH_V_REF_S030,MC_G2_D075_DENS_HIGH_V_REF,30,0.414000928402,1.50547865874,5.86924012785,0,0,0.828001856804,
MC_G2_D075_DENS_HIGH_V_REF_S030,MC_G2_D075_DENS_HIGH_V_REF,30,0.423022150993,1.1888642148,0.000231680030471,0,0,0.846044301987,
MC_G2_D075_DENS_HIGH_V_REF_S030,MC_G2_D075_DENS_HIGH_V_REF,30,0.432043433189,1.32282860533,1.83795649464,0,0,0.864086866379,
MC_G2_D075_DENS_HIGH_V_REF_S030,MC_G2_D075_DENS_HIGH_V_REF,30,0.441003710032,1.09087277883,0.000345728850129,0,0,0.882007420063,
MC_G2_D075_DENS_HIGH_V_REF_S030,MC_G2_D075_DENS_HIGH_V_REF,30,0.450024992228,1.60018192872,4.01537686273,0,0,0.900049984455,
MC_G2_D075_DENS_HIGH_V_REF_S030,MC_G2_D075_DENS_HIGH_V_REF,30,0.459046214819,1.04230876173,0.000195476430984,0,0,0.918092429638,
MC_G2_D075_DENS_HIGH_V_REF_S030,MC_G2_D075_DENS_HIGH_V_REF,30,0.468006521463,1.53333353689,4.31706609561,0,0,0.936013042927,
MC_G2_D075_DENS_HIGH_V_REF_S030,MC_G2_D075_DENS_HIGH_V_REF,30,0.477027773857,1.15602842245,2.16130260664,0,0,0.954055547714,
MC_G2_D075_DENS_HIGH_V_REF_S030,MC_G2_D075_DENS_HIGH_V_REF,30,0.486049026251,1.4219205176,3.04210901599,0,0,0.972098052502,
MC_G2_D075_DENS_HIGH_V_REF_S030,MC_G2_D075_DENS_HIGH_V_REF,30,0.495009332895,1.39850622815,3.77462467441,0,0,0.990018665791,
MC_G2_D075_DENS_HIGH_V_REF_S030,MC_G2_D075_DENS_HIGH_V_REF,30,0.504030585289,1.41176679144,2.34193135222,0,0,1.00806117058,
MC_G2_D075_DENS_HIGH_V_REF_S030,MC_G2_D075_DENS_HIGH_V_REF,30,0.513051867485,1.53114902477,5.18796389648,0,0,1.02610373497,
MC_G2_D075_DENS_HIGH_V_REF_S030,MC_G2_D075_DENS_HIGH_V_REF,30,0.522012114525,1.13995031931,0.00034845813086,0,0,1.04402422905,
MC_G2_D075_DENS_HIGH_V_REF_S030,MC_G2_D075_DENS_HIGH_V_REF,30,0.531033396721,1.59553949508,3.90024291494,0,0,1.06206679344,
MC_G2_D075_DENS_HIGH_V_REF_S030,MC_G2_D075_DENS_HIGH_V_REF,30,0.540054619312,1.23746187273,0.000329412213191,0,0,1.08010923862,
MC_G2_D075_DENS_HIGH_V_REF_S030,MC_G2_D075_DENS_HIGH_V_REF,30,0.549014985561,1.80406217393,5.51478648348,0,0,1.09802997112,
MC_G2_D075_DENS_HIGH_V_REF_S030,MC_G2_D075_DENS_HIGH_V_REF,30,0.558036208153,1.18696057247,0.000183190154995,0,0,1.11607241631,
MC_G2_D075_DENS_HIGH_V_REF_S030,MC_G2_D075_DENS_HIGH_V_REF,30,0.567057490349,1.69702992207,2.96715895561,0,0,1.1341149807,
MC_G2_D075_DENS_HIGH_V_REF_S030,MC_G2_D075_DENS_HIGH_V_REF,30,0.576017737389,1.37763206265,2.31750299461,0,0,1.15203547478,
MC_G2_D075_DENS_HIGH_V_REF_S030,MC_G2_D075_DENS_HIGH_V_REF,30,0.585039019585,1.53084052392,2.15095678375,0,0,1.17007803917,
MC_G2_D075_DENS_HIGH_V_REF_S030,MC_G2_D075_DENS_HIGH_V_REF,30,0.594060301781,1.481365027,2.81485979535,0,0,1.18812060356,
MC_G2_D075_DENS_HIGH_V_REF_S030,MC_G2_D075_DENS_HIGH_V_REF,30,0.60302054882,1.47700277238,1.86688445606,0,0,1.20604109764,
MC_G2_D075_DENS_HIGH_V_REF_S030,MC_G2_D075_DENS_HIGH_V_REF,30,0.612041831017,1.73529369929,4.21234988221,0,0,1.22408366203,
MC_G2_D075_DENS_HIGH_V_REF_S030,MC_G2_D075_DENS_HIGH_V_REF,30,0.621002137661,1.31579290687,1.38335104588,0,0,1.24200427532,
MC_G2_D075_DENS_HIGH_V_REF_S030,MC_G2_D075_DENS_HIGH_V_REF,30,0.630023419857,1.73221449324,4.44926926296,0,0,1.26004683971,
MC_G2_D075_DENS_HIGH_V_REF_S030,MC_G2_D075_DENS_HIGH_V_REF,30,0.639044642448,1.47024973972,1.4827724812,0,0,1.2780892849,
MC_G2_D075_DENS_HIGH_V_REF_S030,MC_G2_D075_DENS_HIGH_V_REF,30,0.648004949093,2.13265123132,5.13669744565,0,0,1.29600989819,
MC_G2_D075_DENS_HIGH_V_REF_S030,MC_G2_D075_DENS_HIGH_V_REF,30,0.657026171684,1.66242463622,1.80074916793,0,0,1.31405234337,
MC_G2_D075_DENS_HIGH_V_REF_S030,MC_G2_D075_DENS_HIGH_V_REF,30,0.66604745388,1.70802874441,2.58777740666,0,0,1.33209490776,
MC_G2_D075_DENS_HIGH_V_REF_S030,MC_G2_D075_DENS_HIGH_V_REF,30,0.675007760525,1.67463425189,2.22364582432,0,0,1.35001552105,
MC_G2_D075_DENS_HIGH_V_REF_S030,MC_G2_D075_DENS_HIGH_V_REF,30,0.684029042721,1.63755142646,1.51171866961,0,0,1.36805808544,
MC_G2_D075_DENS_HIGH_V_REF_S030,MC_G2_D075_DENS_HIGH_V_REF,30,0.693050265312,1.77021259774,2.26119579713,0,0,1.38610053062,
MC_G2_D075_DENS_HIGH_V_REF_S030,MC_G2_D075_DENS_HIGH_V_REF,30,0.702010571957,1.620026837,1.79498372645,0,0,1.40402114391,
MC_G2_D075_DENS_HIGH_V_REF_S030,MC_G2_D075_DENS_HIGH_V_REF,30,0.711031854153,2.07410417896,3.81206772058,0,0,1.42206370831,
MC_G2_D075_DENS_HIGH_V_REF_S030,MC_G2_D075_DENS_HIGH_V_REF,30,0.720053076744,1.59440841737,1.78143779279,0,0,1.44010615349,
MC_G2_D075_DENS_HIGH_V_REF_S030,MC_G2_D075_DENS_HIGH_V_REF,30,0.729013442993,2.04144329126,4.09515669623,0,0,1.45802688599,
MC_G2_D075_DENS_HIGH_V_REF_S030,MC_G2_D075_DENS_HIGH_V_REF,30,0.738034665585,1.85601976954,2.80887923148,0,0,1.47606933117,
MC_G2_D075_DENS_HIGH_V_REF_S030,MC_G2_D075_DENS_HIGH_V_REF,30,0.747055947781,2.0503957568,4.45577827413,0,0,1.49411189556,
MC_G2_D075_DENS_HIGH_V_REF_S030,MC_G2_D075_DENS_HIGH_V_REF,30,0.756016254425,2.06716408398,3.52117203695,0,0,1.51203250885,
MC_G2_D075_DENS_HIGH_V_REF_S030,MC_G2_D075_DENS_HIGH_V_REF,30,0.765037477016,2.09954092432,3.47434222942,0,0,1.53007495403,
MC_G2_D075_DENS_HIGH_V_REF_S030,MC_G2_D075_DENS_HIGH_V_REF,30,0.774058759212,2.06332267496,3.26995429517,0,0,1.54811751842,
MC_G2_D075_DENS_HIGH_V_REF_S030,MC_G2_D075_DENS_HIGH_V_REF,30,0.783019065857,1.74593594271,1.55629280187,0,0,1.56603813171,
MC_G2_D075_DENS_HIGH_V_REF_S030,MC_G2_D075_DENS_HIGH_V_REF,30,0.792040348053,2.10011247293,1.91440539025,0,0,1.58408069611,
MC_G2_D075_DENS_HIGH_V_REF_S030,MC_G2_D075_DENS_HIGH_V_REF,30,0.801000595093,1.95817762495,2.03228039508,0,0,1.60200119019,
MC_G2_D075_DENS_HIGH_V_REF_S030,MC_G2_D075_DENS_HIGH_V_REF,30,0.810021877289,2.17924646586,2.15633448053,0,0,1.62004375458,
MC_G2_D075_DENS_HIGH_V_REF_S030,MC_G2_D075_DENS_HIGH_V_REF,30,0.819043159485,1.83306747153,2.00521105964,0,0,1.63808631897,
MC_G2_D075_DENS_HIGH_V_REF_S030,MC_G2_D075_DENS_HIGH_V_REF,30,0.828003466129,2.15142971858,2.61664466061,0,0,1.65600693226,
MC_G2_D075_DENS_HIGH_V_REF_S030,MC_G2_D075_DENS_HIGH_V_REF,30,0.837024688721,1.98899607314,3.08503935107,0,0,1.67404937744,
MC_G2_D075_DENS_HIGH_V_REF_S030,MC_G2_D075_DENS_HIGH_V_REF,30,0.846045970917,2.04234295878,2.81767136403,0,0,1.69209194183,
MC_G2_D075_DENS_HIGH_V_REF_S030,MC_G2_D075_DENS_HIGH_V_REF,30,0.855006277561,2.06070048675,2.37090330204,0,0,1.71001255512,
MC_G2_D075_DENS_HIGH_V_REF_S030,MC_G2_D075_DENS_HIGH_V_REF,30,0.864027559757,2.11047702413,3.41969777231,0,0,1.72805511951,
MC_G2_D075_DENS_HIGH_V_REF_S030,MC_G2_D075_DENS_HIGH_V_REF,30,0.873048782349,2.20736660224,3.78556559795,0,0,1.7460975647,
MC_G2_D075_DENS_HIGH_V_REF_S030,MC_G2_D075_DENS_HIGH_V_REF,30,0.882009088993,2.17180528149,1.47350987626,0,0,1.76401817799,
MC_G2_D075_DENS_HIGH_V_REF_S030,MC_G2_D075_DENS_HIGH_V_REF,30,0.891030371189,2.13247618851,2.25959656312,0,0,1.78206074238,
MC_G2_D075_DENS_HIGH_V_REF_S030,MC_G2_D075_DENS_HIGH_V_REF,30,0.900051593781,1.88898487529,1.31549884738,0,0,1.80010318756,
MC_G2_D075_DENS_HIGH_V_REF_S030,MC_G2_D075_DENS_HIGH_V_REF,30,0.90901196003,2.21336765542,1.53901653877,0,0,1.81802392006,
MC_G2_D075_DENS_HIGH_V_REF_S030,MC_G2_D075_DENS_HIGH_V_REF,30,0.918033182621,2.04940559754,1.78675070954,0,0,1.83606636524,
MC_G2_D075_DENS_HIGH_V_REF_S030,MC_G2_D075_DENS_HIGH_V_REF,30,0.927054464817,2.24130556493,2.19227039161,0,0,1.85410892963,
MC_G2_D075_DENS_HIGH_V_REF_S030,MC_G2_D075_DENS_HIGH_V_REF,30,0.936014771461,2.33303296904,2.85399523362,0,0,1.87202954292,
MC_G2_D075_DENS_HIGH_V_REF_S030,MC_G2_D075_DENS_HIGH_V_REF,30,0.945035994053,2.24723988908,1.83447862313,0,0,1.89007198811,
MC_G2_D075_DENS_HIGH_V_REF_S030,MC_G2_D075_DENS_HIGH_V_REF,30,0.954057276249,2.34635970873,3.42355896394,0,0,1.9081145525,
MC_G2_D075_DENS_HIGH_V_REF_S030,MC_G2_D075_DENS_HIGH_V_REF,30,0.963017582893,1.90917890209,1.85246815126,0,0,1.92603516579,
MC_G2_D075_DENS_HIGH_V_REF_S030,MC_G2_D075_DENS_HIGH_V_REF,30,0.972038865089,2.1549160684,3.1441694072,0,0,1.94407773018,
MC_G2_D075_DENS_HIGH_V_REF_S030,MC_G2_D075_DENS_HIGH_V_REF,30,0.981060087681,2.25720088856,3.25311275415,0,0,1.96212017536,
MC_G2_D075_DENS_HIGH_V_REF_S030,MC_G2_D075_DENS_HIGH_V_REF,30,0.99002045393,2.36985633875,3.38922203384,0,0,1.98004090786,
MC_G2_D075_DENS_HIGH_V_REF_S030,MC_G2_D075_DENS_HIGH_V_REF,30,0.999041676521,2.25231295289,3.20192372684,0,0,1.99808335304,
MC_G2_D075_DENS_HIGH_V_REF_S030,MC_G2_D075_DENS_HIGH_V_REF,30,1.00800204277,2.29000186577,2.46546602253,0,0,2.01600408554,
MC_G2_D075_DENS_HIGH_V_REF_S030,MC_G2_D075_DENS_HIGH_V_REF,30,1.01702320576,2.39014251516,2.33807549327,0,0,2.03404641151,
MC_G2_D075_DENS_HIGH_V_REF_S030,MC_G2_D075_DENS_HIGH_V_REF,30,1.02604448795,2.3766817648,2.78314368447,0,0,2.05208897591,
MC_G2_D075_DENS_HIGH_V_REF_S030,MC_G2_D075_DENS_HIGH_V_REF,30,1.0350048542,2.28743590677,1.57605759822,0,0,2.0700097084,
MC_G2_D075_DENS_HIGH_V_REF_S030,MC_G2_D075_DENS_HIGH_V_REF,30,1.0440261364,2.43302344359,3.44692554179,0,0,2.0880522728,
MC_G2_D075_DENS_HIGH_V_REF_S030,MC_G2_D075_DENS_HIGH_V_REF,30,1.05304729939,2.5680144664,2.91701583536,0,0,2.10609459877,
MC_G2_D075_DENS_HIGH_V_REF_S030,MC_G2_D075_DENS_HIGH_V_REF,30,1.06200766563,2.32529903352,1.3495530305,0,0,2.12401533127,
MC_G2_D075_DENS_HIGH_V_REF_S030,MC_G2_D075_DENS_HIGH_V_REF,30,1.07102894783,2.54484443558,1.97735559659,0,0,2.14205789566,
MC_G2_D075_DENS_HIGH_V_REF_S030,MC_G2_D075_DENS_HIGH_V_REF,30,1.08005011082,2.47840857557,2.42179888112,0,0,2.16010022163,
MC_G2_D075_DENS_HIGH_V_REF_S030,MC_G2_D075_DENS_HIGH_V_REF,30,1.08901047707,2.42156787972,3.23953803288,0,0,2.17802095413,
MC_G2_D075_DENS_HIGH_V_REF_S030,MC_G2_D075_DENS_HIGH_V_REF,30,1.09803175926,2.45966200219,4.45169370817,0,0,2.19606351852,
MC_G2_D075_DENS_HIGH_V_REF_S030,MC_G2_D075_DENS_HIGH_V_REF,30,1.10705304146,2.50338042824,3.26226178071,0,0,2.21410608292,
MC_G2_D075_DENS_HIGH_V_REF_S030,MC_G2_D075_DENS_HIGH_V_REF,30,1.1160132885,2.44549527808,2.91119324787,0,0,2.232026577,
MC_G2_D075_DENS_HIGH_V_REF_S030,MC_G2_D075_DENS_HIGH_V_REF,30,1.12503457069,2.53948124557,2.29677495675,0,0,2.25006914139,
MC_G2_D075_DENS_HIGH_V_REF_S030,MC_G2_D075_DENS_HIGH_V_REF,30,1.13405585289,2.69360733455,3.01220268622,0,0,2.26811170578,
MC_G2_D075_DENS_HIGH_V_REF_S030,MC_G2_D075_DENS_HIGH_V_REF,30,1.14301609993,2.89766801063,3.12445620286,0,0,2.28603219986,
MC_G2_D075_DENS_HIGH_V_REF_S030,MC_G2_D075_DENS_HIGH_V_REF,30,1.15203738213,2.8265138697,2.81081429201,0,0,2.30407476425,
MC_G2_D075_DENS_HIGH_V_REF_S030,MC_G2_D075_DENS_HIGH_V_REF,30,1.16105866432,2.91523971106,3.53700052152,0,0,2.32211732864,
MC_G2_D075_DENS_HIGH_V_REF_S030,MC_G2_D075_DENS_HIGH_V_REF,30,1.17001891136,2.62413454403,3.02529723215,0,0,2.34003782272,
MC_G2_D075_DENS_HIGH_V_REF_S030,MC_G2_D075_DENS_HIGH_V_REF,30,1.17904019356,2.80081145164,2.70315669564,0,0,2.35808038712,
MC_G2_D075_DENS_HIGH_V_REF_S030,MC_G2_D075_DENS_HIGH_V_REF,30,1.18800055981,2.73521281295,3.62083258823,0,0,2.37600111961,
MC_G2_D075_DENS_HIGH_V_REF_S030,MC_G2_D075_DENS_HIGH_V_REF,30,1.19702172279,2.64350723738,2.95072545686,0,0,2.39404344559,
MC_G2_D075_DENS_HIGH_V_REF_S030,MC_G2_D075_DENS_HIGH_V_REF,30,1.20604300499,2.85057113407,5.11088811812,0,0,2.41208600998,
MC_G2_D075_DENS_HIGH_V_REF_S030,MC_G2_D075_DENS_HIGH_V_REF,30,1.21500337124,2.7776124082,4.27593132274,0,0,2.43000674248,
MC_G2_D075_DENS_HIGH_V_REF_S030,MC_G2_D075_DENS_HIGH_V_REF,30,1.22402453423,2.88066468123,3.28068358493,0,0,2.44804906845,
MC_G2_D075_DENS_HIGH_V_REF_S030,MC_G2_D075_DENS_HIGH_V_REF,30,1.23304581642,3.04341387345,5.22021232204,0,0,2.46609163284,
MC_G2_D075_DENS_HIGH_V_REF_S030,MC_G2_D075_DENS_HIGH_V_REF,30,1.24200618267,2.79881704126,3.20814608409,0,0,2.48401236534,
MC_G2_D075_DENS_HIGH_V_REF_S030,MC_G2_D075_DENS_HIGH_V_REF,30,1.25102746487,3.13737110463,3.11189762901,0,0,2.50205492973,
MC_G2_D075_DENS_HIGH_V_REF_S030,MC_G2_D075_DENS_HIGH_V_REF,30,1.26004862785,3.08815796469,3.39667866518,0,0,2.52009725571,
MC_G2_D075_DENS_HIGH_V_REF_S030,MC_G2_D075_DENS_HIGH_V_REF,30,1.2690089941,3.12515402857,3.34653366666,0,0,2.5380179882,
MC_G2_D075_DENS_HIGH_V_REF_S030,MC_G2_D075_DENS_HIGH_V_REF,30,1.2780302763,3.19273243318,3.5528636101,0,0,2.5560605526,
MC_G2_D075_DENS_HIGH_V_REF_S030,MC_G2_D075_DENS_HIGH_V_REF,30,1.28705143929,3.01024885694,3.34063687647,0,0,2.57410287857,
MC_G2_D075_DENS_HIGH_V_REF_S030,MC_G2_D075_DENS_HIGH_V_REF,30,1.29601180553,3.27341183165,3.77332971269,0,0,2.59202361107,
MC_G2_D075_DENS_HIGH_V_REF_S030,MC_G2_D075_DENS_HIGH_V_REF,30,1.30503308773,3.13946940782,3.88185148455,0,0,2.61006617546,
MC_G2_D075_DENS_HIGH_V_REF_S030,MC_G2_D075_DENS_HIGH_V_REF,30,1.31405436993,3.06728656229,3.80876494872,0,0,2.62810873985,
MC_G2_D075_DENS_HIGH_V_REF_S030,MC_G2_D075_DENS_HIGH_V_REF,30,1.32301461697,3.07788666834,4.74695430503,0,0,2.64602923393,
MC_G2_D075_DENS_HIGH_V_REF_S030,MC_G2_D075_DENS_HIGH_V_REF,30,1.33203589916,3.12012241136,5.61908552683,0,0,2.66407179832,
MC_G2_D075_DENS_HIGH_V_REF_S030,MC_G2_D075_DENS_HIGH_V_REF,30,1.34105718136,3.05944873397,4.68411230543,0,0,2.68211436272,
MC_G2_D075_DENS_HIGH_V_REF_S030,MC_G2_D075_DENS_HIGH_V_REF,30,1.3500174284,3.00352621846,4.4256134268,0,0,2.7000348568,
MC_G2_D075_DENS_HIGH_V_REF_S030,MC_G2_D075_DENS_HIGH_V_REF,30,1.35903871059,3.45594182808,3.34849702925,0,0,2.71807742119,
MC_G2_D075_DENS_HIGH_V_REF_S030,MC_G2_D075_DENS_HIGH_V_REF,30,1.36805999279,3.15605910015,3.4868922462,0,0,2.73611998558,
MC_G2_D075_DENS_HIGH_V_REF_S030,MC_G2_D075_DENS_HIGH_V_REF,30,1.37702023983,3.29677610887,3.46439768204,0,0,2.75404047966,
MC_G2_D075_DENS_HIGH_V_REF_S030,MC_G2_D075_DENS_HIGH_V_REF,30,1.38604152203,3.43494304647,3.43119501201,0,0,2.77208304405,
MC_G2_D075_DENS_HIGH_V_REF_S030,MC_G2_D075_DENS_HIGH_V_REF,30,1.39500176907,3.39402060803,3.26718900137,0,0,2.79000353813,
MC_G2_D075_DENS_HIGH_V_REF_S030,MC_G2_D075_DENS_HIGH_V_REF,30,1.40402305126,3.44909512611,3.89391592238,0,0,2.80804610252,
MC_G2_D075_DENS_HIGH_V_REF_S030,MC_G2_D075_DENS_HIGH_V_REF,30,1.41304433346,3.35252344342,4.03699733753,0,0,2.82608866692,
MC_G2_D075_DENS_HIGH_V_REF_S030,MC_G2_D075_DENS_HIGH_V_REF,30,1.42200469971,3.35741027384,3.12333268041,0,0,2.84400939941,
MC_G2_D075_DENS_HIGH_V_REF_S030,MC_G2_D075_DENS_HIGH_V_REF,30,1.43102586269,3.51893927817,4.21888102548,0,0,2.86205172539,
MC_G2_D075_DENS_HIGH_V_REF_S030,MC_G2_D075_DENS_HIGH_V_REF,30,1.44004714489,3.24015701418,4.02586389406,0,0,2.88009428978,
MC_G2_D075_DENS_HIGH_V_REF_S030,MC_G2_D075_DENS_HIGH_V_REF,30,1.44900751114,3.39560359183,5.74886020357,0,0,2.89801502228,
MC_G2_D075_DENS_HIGH_V_REF_S030,MC_G2_D075_DENS_HIGH_V_REF,30,1.45802867413,3.39113481945,5.46494996955,0,0,2.91605734825,
MC_G2_D075_DENS_HIGH_V_REF_S030,MC_G2_D075_DENS_HIGH_V_REF,30,1.46704995632,3.74372601723,5.14660916141,0,0,2.93409991264,
MC_G2_D075_DENS_HIGH_V_REF_S030,MC_G2_D075_DENS_HIGH_V_REF,30,1.47601032257,3.56410584842,4.45365310457,0,0,2.95202064514,
MC_G2_D075_DENS_HIGH_V_REF_S030,MC_G2_D075_DENS_HIGH_V_REF,30,1.48503148556,3.55975340282,3.94792542323,0,0,2.97006297112,
MC_G2_D075_DENS_HIGH_V_REF_S030,MC_G2_D075_DENS_HIGH_V_REF,30,1.49405276775,3.4926643444,4.36359261364,0,0,2.98810553551,
MC_G2_D075_DENS_HIGH_V_REF_S030,MC_G2_D075_DENS_HIGH_V_REF,30,1.503013134,3.78999451441,4.78335176379,0,0,3.00602626801,
MC_G2_D075_DENS_HIGH_V_REF_S030,MC_G2_D075_DENS_HIGH_V_REF,30,1.5120344162,3.64636961225,3.20130438828,0,0,3.0240688324,
MC_G2_D075_DENS_HIGH_V_REF_S030,MC_G2_D075_DENS_HIGH_V_REF,30,1.52105557919,4.08187998276,5.07891278827,0,0,3.04211115837,
MC_G2_D075_DENS_HIGH_V_REF_S030,MC_G2_D075_DENS_HIGH_V_REF,30,1.53001594543,3.85428123006,4.26663473155,0,0,3.06003189087,
MC_G2_D075_DENS_HIGH_V_REF_S030,MC_G2_D075_DENS_HIGH_V_REF,30,1.53903722763,3.6163307746,4.32987955888,0,0,3.07807445526,
MC_G2_D075_DENS_HIGH_V_REF_S030,MC_G2_D075_DENS_HIGH_V_REF,30,1.54805839062,3.81072859041,5.35425584232,0,0,3.09611678123,
MC_G2_D075_DENS_HIGH_V_REF_S030,MC_G2_D075_DENS_HIGH_V_REF,30,1.55701875687,3.6915312089,3.856661748,0,0,3.11403751373,
MC_G2_D075_DENS_HIGH_V_REF_S030,MC_G2_D075_DENS_HIGH_V_REF,30,1.56604003906,3.81376634986,5.99586639415,0,0,3.13208007812,
MC_G2_D075_DENS_HIGH_V_REF_S030,MC_G2_D075_DENS_HIGH_V_REF,30,1.5750002861,3.69604778304,6.1928378689,0,0,3.1500005722,
MC_G2_D075_DENS_HIGH_V_REF_S030,MC_G2_D075_DENS_HIGH_V_REF,30,1.5840215683,3.76464715555,5.71750493227,0,0,3.1680431366,
MC_G2_D075_DENS_HIGH_V_REF_S030,MC_G2_D075_DENS_HIGH_V_REF,30,1.59304285049,3.84071078436,5.18189246894,0,0,3.18608570099,
MC_G2_D075_DENS_HIGH_V_REF_S030,MC_G2_D075_DENS_HIGH_V_REF,30,1.60200309753,3.87888945789,4.09971043422,0,0,3.20400619507,
MC_G2_D075_DENS_HIGH_V_REF_S030,MC_G2_D075_DENS_HIGH_V_REF,30,1.61102437973,3.56019522357,3.42975507576,0,0,3.22204875946,
MC_G2_D075_DENS_HIGH_V_REF_S030,MC_G2_D075_DENS_HIGH_V_REF,30,1.62004566193,3.51469321218,3.63509673536,0,0,3.24009132385,
MC_G2_D075_DENS_HIGH_V_REF_S030,MC_G2_D075_DENS_HIGH_V_REF,30,1.62900590897,4.01611168932,4.80633023617,0,0,3.25801181793,
MC_G2_D075_DENS_HIGH_V_REF_S030,MC_G2_D075_DENS_HIGH_V_REF,30,1.63802719116,3.87810059094,3.96969379235,0,0,3.27605438232,
MC_G2_D075_DENS_HIGH_V_REF_S030,MC_G2_D075_DENS_HIGH_V_REF,30,1.64704847336,4.02037986016,4.5654927034,0,0,3.29409694672,
MC_G2_D075_DENS_HIGH_V_REF_S030,MC_G2_D075_DENS_HIGH_V_REF,30,1.6560087204,4.05115313156,4.73005548245,0,0,3.3120174408,
MC_G2_D075_DENS_HIGH_V_REF_S030,MC_G2_D075_DENS_HIGH_V_REF,30,1.66503000259,4.12235175849,4.67352846154,0,0,3.33006000519,
MC_G2_D075_DENS_HIGH_V_REF_S030,MC_G2_D075_DENS_HIGH_V_REF,30,1.67405128479,3.70762851563,4.5385206032,0,0,3.34810256958,
MC_G2_D075_DENS_HIGH_V_REF_S030,MC_G2_D075_DENS_HIGH_V_REF,30,1.68301153183,4.11921756662,5.55109095918,0,0,3.36602306366,
MC_G2_D075_DENS_HIGH_V_REF_S030,MC_G2_D075_DENS_HIGH_V_REF,30,1.69203281403,3.72022966351,4.7887044789,0,0,3.38406562805,
MC_G2_D075_DENS_HIGH_V_REF_S030,MC_G2_D075_DENS_HIGH_V_REF,30,1.70105409622,4.28864491131,6.20861752433,0,0,3.40210819244,
MC_G2_D075_DENS_HIGH_V_REF_S030,MC_G2_D075_DENS_HIGH_V_REF,30,1.71001434326,4.32562688335,6.8797341703,0,0,3.42002868652,
MC_G2_D075_DENS_HIGH_V_REF_S030,MC_G2_D075_DENS_HIGH_V_REF,30,1.71903562546,4.47016222915,5.56459579871,0,0,3.43807125092,
MC_G2_D075_DENS_HIGH_V_REF_S030,MC_G2_D075_DENS_HIGH_V_REF,30,1.72805690765,4.13357190567,4.01171815744,0,0,3.45611381531,
MC_G2_D075_DENS_HIGH_V_REF_S030,MC_G2_D075_DENS_HIGH_V_REF,30,1.73701715469,4.11320753334,4.84211977078,0,0,3.47403430939,
MC_G2_D075_DENS_HIGH_V_REF_S030,MC_G2_D075_DENS_HIGH_V_REF,30,1.74603843689,4.46540996202,5.63748407361,0,0,3.49207687378,
MC_G2_D075_DENS_HIGH_V_REF_S030,MC_G2_D075_DENS_HIGH_V_REF,30,1.75505971909,4.68012628258,5.82689355638,0,0,3.51011943817,
MC_G2_D075_DENS_HIGH_V_REF_S030,MC_G2_D075_DENS_HIGH_V_REF,30,1.76401996613,4.17598117179,4.36934009335,0,0,3.52803993225,
MC_G2_D075_DENS_HIGH_V_REF_S030,MC_G2_D075_DENS_HIGH_V_REF,30,1.77304124832,4.29372681706,4.19016728591,0,0,3.54608249664,
MC_G2_D075_DENS_HIGH_V_REF_S030,MC_G2_D075_DENS_HIGH_V_REF,30,1.78200149536,4.21654053801,4.06364893854,0,0,3.56400299072,
MC_G2_D075_DENS_HIGH_V_REF_S030,MC_G2_D075_DENS_HIGH_V_REF,30,1.79102277756,4.4109897476,5.24729168308,0,0,3.58204555511,
MC_G2_D075_DENS_HIGH_V_REF_S030,MC_G2_D075_DENS_HIGH_V_REF,30,1.80004405975,4.35678920015,5.06832827644,0,0,3.60008811951,
MC_G2_D075_DENS_HIGH_V_REF_S030,MC_G2_D075_DENS_HIGH_V_REF,30,1.80900430679,4.31040603405,5.92568422353,0,0,3.61800861359,
MC_G2_D075_DENS_HIGH_V_REF_S030,MC_G2_D075_DENS_HIGH_V_REF,30,1.81802558899,4.09192111233,5.50983880565,0,0,3.63605117798,
MC_G2_D075_DENS_HIGH_V_REF_S030,MC_G2_D075_DENS_HIGH_V_REF,30,1.82704687119,4.42530485053,6.07610136528,0,0,3.65409374237,
MC_G2_D075_DENS_HIGH_V_REF_S030,MC_G2_D075_DENS_HIGH_V_REF,30,1.83600711823,4.64846715919,7.06304979799,0,0,3.67201423645,
MC_G2_D075_DENS_HIGH_V_REF_S030,MC_G2_D075_DENS_HIGH_V_REF,30,1.84502840042,4.30456455028,4.55722752958,0,0,3.69005680084,
MC_G2_D075_DENS_HIGH_V_REF_S030,MC_G2_D075_DENS_HIGH_V_REF,30,1.85404968262,4.89125360391,5.13227482591,0,0,3.70809936523,
MC_G2_D075_DENS_HIGH_V_REF_S030,MC_G2_D075_DENS_HIGH_V_REF,30,1.86300992966,4.71397876002,4.96180012722,0,0,3.72601985931,
MC_G2_D075_DENS_HIGH_V_REF_S030,MC_G2_D075_DENS_HIGH_V_REF,30,1.87203121185,4.97022429724,5.43830615813,0,0,3.74406242371,
MC_G2_D075_DENS_HIGH_V_REF_S030,MC_G2_D075_DENS_HIGH_V_REF,30,1.88105249405,4.63415896402,4.83181718414,0,0,3.7621049881,
MC_G2_D075_DENS_HIGH_V_REF_S030,MC_G2_D075_DENS_HIGH_V_REF,30,1.89001274109,4.48457514606,4.80110486487,0,0,3.78002548218,
MC_G2_D075_DENS_HIGH_V_REF_S030,MC_G2_D075_DENS_HIGH_V_REF,30,1.89903402328,4.64649264318,4.88078627599,0,0,3.79806804657,
MC_G2_D075_DENS_HIGH_V_REF_S030,MC_G2_D075_DENS_HIGH_V_REF,30,1.90805530548,4.74859717063,5.26080106281,0,0,3.81611061096,
MC_G2_D075_DENS_HIGH_V_REF_S030,MC_G2_D075_DENS_HIGH_V_REF,30,1.91701555252,4.87103539992,6.12127906902,0,0,3.83403110504,
MC_G2_D075_DENS_HIGH_V_REF_S030,MC_G2_D075_DENS_HIGH_V_REF,30,1.92603683472,4.78552277529,6.29875380477,0,0,3.85207366943,
MC_G2_D075_DENS_HIGH_V_REF_S030,MC_G2_D075_DENS_HIGH_V_REF,30,1.9350579977,4.91568941389,6.4486996741,0,0,3.87011599541,
MC_G2_D075_DENS_HIGH_V_REF_S030,MC_G2_D075_DENS_HIGH_V_REF,30,1.94401836395,4.87413671083,6.77662585808,0,0,3.88803672791,
MC_G2_D075_DENS_HIGH_V_REF_S030,MC_G2_D075_DENS_HIGH_V_REF,30,1.95303964615,5.06462694121,7.33305123523,0,0,3.9060792923,
MC_G2_D075_DENS_HIGH_V_REF_S030,MC_G2_D075_DENS_HIGH_V_REF,30,1.96206080914,4.67545221137,5.46430421212,0,0,3.92412161827,
MC_G2_D075_DENS_HIGH_V_REF_S030,MC_G2_D075_DENS_HIGH_V_REF,30,1.97102117538,4.90778416576,5.78944851031,0,0,3.94204235077,
MC_G2_D075_DENS_HIGH_V_REF_S030,MC_G2_D075_DENS_HIGH_V_REF,30,1.98004233837,5.00169497675,5.05826748793,0,0,3.96008467674,
MC_G2_D075_DENS_HIGH_V_REF_S030,MC_G2_D075_DENS_HIGH_V_REF,30,1.98900270462,4.98608895038,5.80839056811,0,0,3.97800540924,
MC_G2_D075_DENS_HIGH_V_REF_S030,MC_G2_D075_DENS_HIGH_V_REF,30,1.99802398682,4.74199831933,5.00250510442,0,0,3.99604797363,
MC_G2_D075_DENS_HIGH_V_REF_S030,MC_G2_D075_DENS_HIGH_V_REF,30,2.00704526901,4.80660362117,4.42425205135,0,0,4.01409053802,
MC_G2_D075_DENS_HIGH_V_REF_S030,MC_G2_D075_DENS_HIGH_V_REF,30,2.01600551605,4.86982073824,5.38122470097,0,0,4.0320110321,
MC_G2_D075_DENS_HIGH_V_REF_S030,MC_G2_D075_DENS_HIGH_V_REF,30,2.02502679825,5.31818121254,5.87441492116,0,0,4.0500535965,
MC_G2_D075_DENS_HIGH_V_REF_S030,MC_G2_D075_DENS_HIGH_V_REF,30,2.03404808044,4.88662318978,4.96593792055,0,0,4.06809616089,
MC_G2_D075_DENS_HIGH_V_REF_S030,MC_G2_D075_DENS_HIGH_V_REF,30,2.04300832748,4.85211585606,5.14892545771,0,0,4.08601665497,
MC_G2_D075_DENS_HIGH_V_REF_S030,MC_G2_D075_DENS_HIGH_V_REF,30,2.05202960968,4.89642061335,6.34078964852,0,0,4.10405921936,
MC_G2_D075_DENS_HIGH_V_REF_S030,MC_G2_D075_DENS_HIGH_V_REF,30,2.06105089188,5.14015480364,8.53008068288,0,0,4.12210178375,
MC_G2_D075_DENS_HIGH_V_REF_S030,MC_G2_D075_DENS_HIGH_V_REF,30,2.07001113892,5.05361485596,6.70973447046,0,0,4.14002227783,
MC_G2_D075_DENS_HIGH_V_REF_S030,MC_G2_D075_DENS_HIGH_V_REF,30,2.07903242111,4.89466161965,5.52400508119,0,0,4.15806484222,
MC_G2_D075_DENS_HIGH_V_REF_S030,MC_G2_D075_DENS_HIGH_V_REF,30,2.08805346489,5.3178485345,6.6245575278,0,0,4.17610692978,
MC_G2_D075_DENS_HIGH_V_REF_S030,MC_G2_D075_DENS_HIGH_V_REF,30,2.09701395035,5.13804544803,5.36865785535,0,0,4.1940279007,
MC_G2_D075_DENS_HIGH_V_REF_S030,MC_G2_D075_DENS_HIGH_V_REF,30,2.10603499413,5.27801945737,6.0965028248,0,0,4.21206998825,
MC_G2_D075_DENS_HIGH_V_REF_S030,MC_G2_D075_DENS_HIGH_V_REF,30,2.11505627632,5.27908380605,5.49236117817,0,0,4.23011255264,
MC_G2_D075_DENS_HIGH_V_REF_S030,MC_G2_D075_DENS_HIGH_V_REF,30,2.12401676178,5.23786101793,6.34392834799,0,0,4.24803352356,
MC_G2_D075_DENS_HIGH_V_REF_S030,MC_G2_D075_DENS_HIGH_V_REF,30,2.13303780556,4.86846957909,4.71283717847,0,0,4.26607561111,
MC_G2_D075_DENS_HIGH_V_REF_S030,MC_G2_D075_DENS_HIGH_V_REF,30,2.14205908775,5.41555474878,6.88308453815,0,0,4.28411817551,
MC_G2_D075_DENS_HIGH_V_REF_S030,MC_G2_D075_DENS_HIGH_V_REF,30,2.15101933479,5.16277469993,5.22081442637,0,0,4.30203866959,
MC_G2_D075_DENS_HIGH_V_REF_S030,MC_G2_D075_DENS_HIGH_V_REF,30,2.16004061699,5.44276527046,6.4190953261,0,0,4.32008123398,
MC_G2_D075_DENS_HIGH_V_REF_S030,MC_G2_D075_DENS_HIGH_V_REF,30,2.16900086403,5.25026405106,7.40214775297,0,0,4.33800172806,
MC_G2_D075_DENS_HIGH_V_REF_S030,MC_G2_D075_DENS_HIGH_V_REF,30,2.17802214622,5.45548385037,7.29764361038,0,0,4.35604429245,
MC_G2_D075_DENS_HIGH_V_REF_S030,MC_G2_D075_DENS_HIGH_V_REF,30,2.18704342842,5.44425182184,7.55386428185,0,0,4.37408685684,
MC_G2_D075_DENS_HIGH_V_REF_S030,MC_G2_D075_DENS_HIGH_V_REF,30,2.19600367546,5.42432540191,6.44427946958,0,0,4.39200735092,
MC_G2_D075_DENS_HIGH_V_REF_S030,MC_G2_D075_DENS_HIGH_V_REF,30,2.20502495766,5.62727613804,6.43620419624,0,0,4.41004991531,
MC_G2_D075_DENS_HIGH_V_REF_S030,MC_G2_D075_DENS_HIGH_V_REF,30,2.21404623985,5.53175056753,5.58510707695,0,0,4.42809247971,
MC_G2_D075_DENS_HIGH_V_REF_S030,MC_G2_D075_DENS_HIGH_V_REF,30,2.22300648689,6.00451258929,6.13286086223,0,0,4.44601297379,
MC_G2_D075_DENS_HIGH_V_REF_S030,MC_G2_D075_DENS_HIGH_V_REF,30,2.23202776909,5.73253944902,6.36544530605,0,0,4.46405553818,
MC_G2_D075_DENS_HIGH_V_REF_S030,MC_G2_D075_DENS_HIGH_V_REF,30,2.24104905128,6.30726010619,7.55294822103,0,0,4.48209810257,
MC_G2_D075_DENS_HIGH_V_REF_S030,MC_G2_D075_DENS_HIGH_V_REF,30,2.25000929832,5.65265361477,5.76541694695,0,0,4.50001859665,
MC_G2_D075_DENS_HIGH_V_REF_S030,MC_G2_D075_DENS_HIGH_V_REF,30,2.25903058052,5.86500830807,7.00675447967,0,0,4.51806116104,
MC_G2_D075_DENS_HIGH_V_REF_S030,MC_G2_D075_DENS_HIGH_V_REF,30,2.26805186272,5.72224908723,7.05416193107,0,0,4.53610372543,
MC_G2_D075_DENS_HIGH_V_REF_S030,MC_G2_D075_DENS_HIGH_V_REF,30,2.27701210976,5.96308035768,6.44050961776,0,0,4.55402421951,
MC_G2_D075_DENS_HIGH_V_REF_S030,MC_G2_D075_DENS_HIGH_V_REF,30,2.28603339195,5.5462452724,6.38116513835,0,0,4.57206678391,
MC_G2_D075_DENS_HIGH_V_REF_S030,MC_G2_D075_DENS_HIGH_V_REF,30,2.29505467415,6.0527017219,8.38820904023,0,0,4.5901093483,
MC_G2_D075_DENS_HIGH_V_REF_S030,MC_G2_D075_DENS_HIGH_V_REF,30,2.30401492119,5.53465348738,7.94863879048,0,0,4.60802984238,
MC_G2_D075_DENS_HIGH_V_REF_S030,MC_G2_D075_DENS_HIGH_V_REF,30,2.31303620338,6.0494191512,7.80145301865,0,0,4.62607240677,
MC_G2_D075_DENS_HIGH_V_REF_S030,MC_G2_D075_DENS_HIGH_V_REF,30,2.32205748558,5.89953000995,7.68809842158,0,0,4.64411497116,
MC_G2_D075_DENS_HIGH_V_REF_S030,MC_G2_D075_DENS_HIGH_V_REF,30,2.33101773262,6.17890164459,6.94509335709,0,0,4.66203546524,
MC_G2_D075_DENS_HIGH_V_REF_S030,MC_G2_D075_DENS_HIGH_V_REF,30,2.34003901482,6.03125890905,6.43089827667,0,0,4.68007802963,
MC_G2_D075_DENS_HIGH_V_REF_S030,MC_G2_D075_DENS_HIGH_V_REF,30,2.34906005859,6.00793663105,5.5664441691,0,0,4.69812011719,
MC_G2_D075_DENS_HIGH_V_REF_S030,MC_G2_D075_DENS_HIGH_V_REF,30,2.35802054405,6.24554335604,7.29824507467,0,0,4.7160410881,
MC_G2_D075_DENS_HIGH_V_REF_S030,MC_G2_D075_DENS_HIGH_V_REF,30,2.36704158783,5.70665079756,5.77568663048,0,0,4.73408317566,
MC_G2_D075_DENS_HIGH_V_REF_S030,MC_G2_D075_DENS_HIGH_V_REF,30,2.37600207329,6.50657846232,6.99211996327,0,0,4.75200414658,
MC_G2_D075_DENS_HIGH_V_REF_S030,MC_G2_D075_DENS_HIGH_V_REF,30,2.38502311707,6.35622180342,6.79920276402,0,0,4.77004623413,
MC_G2_D075_DENS_HIGH_V_REF_S030,MC_G2_D075_DENS_HIGH_V_REF,30,2.39404439926,6.05786817872,6.53878209039,0,0,4.78808879852,
MC_G2_D075_DENS_HIGH_V_REF_S030,MC_G2_D075_DENS_HIGH_V_REF,30,2.4030046463,5.98056805967,6.40754752748,0,0,4.8060092926,
MC_G2_D075_DENS_HIGH_V_REF_S030,MC_G2_D075_DENS_HIGH_V_REF,30,2.4120259285,6.41527215566,8.92728892307,0,0,4.82405185699,
MC_G2_D075_DENS_HIGH_V_REF_S030,MC_G2_D075_DENS_HIGH_V_REF,30,2.42104721069,6.21356868587,8.55559592355,0,0,4.84209442139,
MC_G2_D075_DENS_HIGH_V_REF_S030,MC_G2_D075_DENS_HIGH_V_REF,30,2.43000745773,6.40535536589,8.64077070042,0,0,4.86001491547,
MC_G2_D075_DENS_HIGH_V_REF_S030,MC_G2_D075_DENS_HIGH_V_REF,30,2.43902873993,6.1384674471,6.70204777454,0,0,4.87805747986,
MC_G2_D075_DENS_HIGH_V_REF_S030,MC_G2_D075_DENS_HIGH_V_REF,30,2.44805002213,6.76441996993,8.41405500207,0,0,4.89610004425,
MC_G2_D075_DENS_HIGH_V_REF_S030,MC_G2_D075_DENS_HIGH_V_REF,30,2.45701026917,6.30305410525,6.36211200291,0,0,4.91402053833,
MC_G2_D075_DENS_HIGH_V_REF_S030,MC_G2_D075_DENS_HIGH_V_REF,30,2.46603155136,6.48264719561,6.64709288635,0,0,4.93206310272,
MC_G2_D075_DENS_HIGH_V_REF_S030,MC_G2_D075_DENS_HIGH_V_REF,30,2.47505283356,6.5321051468,6.90782391393,0,0,4.95010566711,
MC_G2_D075_DENS_HIGH_V_REF_S030,MC_G2_D075_DENS_HIGH_V_REF,30,2.4840130806,6.50888289326,7.27283870421,0,0,4.96802616119,
MC_G2_D075_DENS_HIGH_V_REF_S030,MC_G2_D075_DENS_HIGH_V_REF,30,2.49303436279,6.9204835493,7.18039351318,0,0,4.98606872559,
MC_G2_D075_DENS_HIGH_V_REF_S030,MC_G2_D075_DENS_HIGH_V_REF,30,2.50205540657,6.75630527832,7.75697798067,0,0,5.00411081314,
MC_G2_D075_DENS_HIGH_V_REF_S030,MC_G2_D075_DENS_HIGH_V_REF,30,2.51101589203,6.53947545748,7.34719531419,0,0,5.02203178406,
MC_G2_D075_DENS_HIGH_V_REF_S030,MC_G2_D075_DENS_HIGH_V_REF,30,2.52003693581,6.78615456685,8.02820152089,0,0,5.04007387161,
MC_G2_D075_DENS_HIGH_V_REF_S030,MC_G2_D075_DENS_HIGH_V_REF,30,2.529058218,6.37007049396,8.31773222866,0,0,5.058116436,
MC_G2_D075_DENS_HIGH_V_REF_S030,MC_G2_D075_DENS_HIGH_V_REF,30,2.53801846504,6.58131276053,9.01083494575,0,0,5.07603693008,
MC_G2_D075_DENS_HIGH_V_REF_S030,MC_G2_D075_DENS_HIGH_V_REF,30,2.54703974724,6.35268281642,8.35519130781,0,0,5.09407949448,
MC_G2_D075_DENS_HIGH_V_REF_S030,MC_G2_D075_DENS_HIGH_V_REF,30,2.55599999428,6.71576331967,7.84053810143,0,0,5.11199998856,
MC_G2_D075_DENS_HIGH_V_REF_S030,MC_G2_D075_DENS_HIGH_V_REF,30,2.56502127647,6.56984365744,9.41822867499,0,0,5.13004255295,
MC_G2_D075_DENS_HIGH_V_REF_S030,MC_G2_D075_DENS_HIGH_V_REF,30,2.57404255867,6.66780628802,7.17305208999,0,0,5.14808511734,
MC_G2_D075_DENS_HIGH_V_REF_S030,MC_G2_D075_DENS_HIGH_V_REF,30,2.58300280571,6.58562983836,7.31183996667,0,0,5.16600561142,
MC_G2_D075_DENS_HIGH_V_REF_S030,MC_G2_D075_DENS_HIGH_V_REF,30,2.59202408791,7.26602771988,8.21014650348,0,0,5.18404817581,
MC_G2_D075_DENS_HIGH_V_REF_S030,MC_G2_D075_DENS_HIGH_V_REF,30,2.6010453701,6.67925273363,8.15484487421,0,0,5.2020907402,
MC_G2_D075_DENS_HIGH_V_REF_S030,MC_G2_D075_DENS_HIGH_V_REF,30,2.61000561714,6.82108299802,7.86310449845,0,0,5.22001123428,
MC_G2_D075_DENS_HIGH_V_REF_S030,MC_G2_D075_DENS_HIGH_V_REF,30,2.61902689934,7.15135382028,8.44960210377,0,0,5.23805379868,
MC_G2_D075_DENS_HIGH_V_REF_S030,MC_G2_D075_DENS_HIGH_V_REF,30,2.62804818153,7.10040268625,8.2031397455,0,0,5.25609636307,
MC_G2_D075_DENS_HIGH_V_REF_S030,MC_G2_D075_DENS_HIGH_V_REF,30,2.63700842857,6.84985743806,6.99137275679,0,0,5.27401685715,
MC_G2_D075_DENS_HIGH_V_REF_S030,MC_G2_D075_DENS_HIGH_V_REF,30,2.64602971077,6.92245474959,8.63624500415,0,0,5.29205942154,
MC_G2_D075_DENS_HIGH_V_REF_S030,MC_G2_D075_DENS_HIGH_V_REF,30,2.65505075455,6.98716725997,9.50923098631,0,0,5.31010150909,
MC_G2_D075_DENS_HIGH_V_REF_S030,MC_G2_D075_DENS_HIGH_V_REF,30,2.66401100159,7.05521152436,10.1627343768,0,0,5.32802200317,
MC_G2_D075_DENS_HIGH_V_REF_S030,MC_G2_D075_DENS_HIGH_V_REF,30,2.67303562164,7.14745562941,8.8746701575,0,0,5.34607124329,
MC_G2_D075_DENS_HIGH_V_REF_S030,MC_G2_D075_DENS_HIGH_V_REF,30,2.68205690384,7.56777996577,9.79562061217,0,0,5.36411380768,
MC_G2_D075_DENS_HIGH_V_REF_S030,MC_G2_D075_DENS_HIGH_V_REF,30,2.69101715088,6.97708855215,8.13523975602,0,0,5.38203430176,
MC_G2_D075_DENS_HIGH_V_REF_S030,MC_G2_D075_DENS_HIGH_V_REF,30,2.70003843307,7.36433684403,6.64047465355,0,0,5.40007686615,
MC_G2_D075_DENS_HIGH_V_REF_S030,MC_G2_D075_DENS_HIGH_V_REF,30,2.70905971527,7.4622834486,8.17692973577,0,0,5.41811943054,
MC_G2_D075_DENS_HIGH_V_REF_S030,MC_G2_D075_DENS_HIGH_V_REF,30,2.71801996231,7.69929278993,8.60198439431,0,0,5.43603992462,
MC_G2_D075_DENS_HIGH_V_REF_S030,MC_G2_D075_DENS_HIGH_V_REF,30,2.72704124451,7.3229841899,7.64572500303,0,0,5.45408248901,
MC_G2_D075_DENS_HIGH_V_REF_S030,MC_G2_D075_DENS_HIGH_V_REF,30,2.73600149155,7.7700570565,9.69738634526,0,0,5.47200298309,
MC_G2_D075_DENS_HIGH_V_REF_S030,MC_G2_D075_DENS_HIGH_V_REF,30,2.74502277374,7.83798416516,8.65609525282,0,0,5.49004554749,
MC_G2_D075_DENS_HIGH_V_REF_S030,MC_G2_D075_DENS_HIGH_V_REF,30,2.75404405594,7.24084034489,8.61985646773,0,0,5.50808811188,
MC_G2_D075_DENS_HIGH_V_REF_S030,MC_G2_D075_DENS_HIGH_V_REF,30,2.76300430298,7.17879202194,7.8232690777,0,0,5.52600860596,
MC_G2_D075_DENS_HIGH_V_REF_S030,MC_G2_D075_DENS_HIGH_V_REF,30,2.77202534676,7.49722845841,9.09421775572,0,0,5.54405069351,
MC_G2_D075_DENS_HIGH_V_REF_S030,MC_G2_D075_DENS_HIGH_V_REF,30,2.78104662895,7.66634329573,10.4976871482,0,0,5.5620932579,
MC_G2_D075_DENS_HIGH_V_REF_S030,MC_G2_D075_DENS_HIGH_V_REF,30,2.79000687599,7.63575736297,10.7430071558,0,0,5.58001375198,
MC_G2_D075_DENS_HIGH_V_REF_S030,MC_G2_D075_DENS_HIGH_V_REF,30,2.79902815819,7.93801083641,10.6165423616,0,0,5.59805631638,
MC_G2_D075_DENS_HIGH_V_REF_S030,MC_G2_D075_DENS_HIGH_V_REF,30,2.80804944038,7.21589501805,8.87739853787,0,0,5.61609888077,
MC_G2_D075_DENS_HIGH_V_REF_S030,MC_G2_D075_DENS_HIGH_V_REF,30,2.81700968742,7.870064386,10.4677833827,0,0,5.63401937485,
MC_G2_D075_DENS_HIGH_V_REF_S030,MC_G2_D075_DENS_HIGH_V_REF,30,2.82603096962,7.29241759888,7.81678306384,0,0,5.65206193924,
MC_G2_D075_DENS_HIGH_V_REF_S030,MC_G2_D075_DENS_HIGH_V_REF,30,2.83505225182,7.72180050408,8.24746150342,0,0,5.67010450363,
MC_G2_D075_DENS_HIGH_V_REF_S030,MC_G2_D075_DENS_HIGH_V_REF,30,2.84401249886,7.73999832449,8.54206622942,0,0,5.68802499771,
MC_G2_D075_DENS_HIGH_V_REF_S030,MC_G2_D075_DENS_HIGH_V_REF,30,2.85303378105,8.06158028156,9.30379368892,0,0,5.7060675621,
MC_G2_D075_DENS_HIGH_V_REF_S030,MC_G2_D075_DENS_HIGH_V_REF,30,2.86205482483,7.58117826992,8.47916692795,0,0,5.72410964966,
MC_G2_D075_DENS_HIGH_V_REF_S030,MC_G2_D075_DENS_HIGH_V_REF,30,2.87101507187,7.82706105195,7.563821514,0,0,5.74203014374,
MC_G2_D075_DENS_HIGH_V_REF_S030,MC_G2_D075_DENS_HIGH_V_REF,30,2.88003635406,8.08214553175,8.07827419395,0,0,5.76007270813,
MC_G2_D075_DENS_HIGH_V_REF_S030,MC_G2_D075_DENS_HIGH_V_REF,30,2.88905763626,7.83506135095,8.71482633634,0,0,5.77811527252,
MC_G2_D075_DENS_HIGH_V_REF_S030,MC_G2_D075_DENS_HIGH_V_REF,30,2.8980178833,8.03072632746,10.9839806033,0,0,5.7960357666,
MC_G2_D075_DENS_HIGH_V_REF_S030,MC_G2_D075_DENS_HIGH_V_REF,30,2.9070391655,7.97224683306,11.334130517,0,0,5.81407833099,
MC_G2_D075_DENS_HIGH_V_REF_S030,MC_G2_D075_DENS_HIGH_V_REF,30,2.91606044769,8.2708579793,10.0868413525,0,0,5.83212089539,
MC_G2_D075_DENS_HIGH_V_REF_S030,MC_G2_D075_DENS_HIGH_V_REF,30,2.92502069473,7.88995764864,9.06568103171,0,0,5.85004138947,
MC_G2_D075_DENS_HIGH_V_REF_S030,MC_G2_D075_DENS_HIGH_V_REF,30,2.93404197693,8.29450519864,8.87677856016,0,0,5.86808395386,
MC_G2_D075_DENS_HIGH_V_REF_S030,MC_G2_D075_DENS_HIGH_V_REF,30,2.94300222397,7.88810139359,8.72480995496,0,0,5.88600444794,
MC_G2_D075_DENS_HIGH_V_REF_S030,MC_G2_D075_DENS_HIGH_V_REF,30,2.95202326775,8.45095284984,9.59176574386,0,0,5.90404653549,
MC_G2_D075_DENS_HIGH_V_REF_S030,MC_G2_D075_DENS_HIGH_V_REF,30,2.96104454994,8.4805827477,8.75514424945,0,0,5.92208909988,
MC_G2_D075_DENS_HIGH_V_REF_S030,MC_G2_D075_DENS_HIGH_V_REF,30,2.97000479698,8.21604236432,8.48879471433,0,0,5.94000959396,
MC_G2_D075_DENS_HIGH_V_REF_S030,MC_G2_D075_DENS_HIGH_V_REF,30,2.97902607918,8.11899100631,9.16187027875,0,0,5.95805215836,
MC_G2_D075_DENS_HIGH_V_REF_S030,MC_G2_D075_DENS_HIGH_V_REF,30,2.98804736137,8.25360072041,8.66932427114,0,0,5.97609472275,
MC_G2_D075_DENS_HIGH_V_REF_S030,MC_G2_D075_DENS_HIGH_V_REF,30,2.99700760841,8.64955777183,9.1470035247,0,0,5.99401521683,
MC_G2_D075_DENS_HIGH_V_REF_S030,MC_G2_D075_DENS_HIGH_V_REF,30,3.00602889061,8.86284971091,10.8875267896,0,0,6.01205778122,
MC_G2_D075_DENS_HIGH_V_REF_S030,MC_G2_D075_DENS_HIGH_V_REF,30,3.01504993439,8.79004792949,12.4277996122,0,0,6.03009986877,
MC_G2_D075_DENS_HIGH_V_REF_S030,MC_G2_D075_DENS_HIGH_V_REF,30,3.02401041985,8.27819734319,10.9735960078,0,0,6.04802083969,
MC_G2_D075_DENS_HIGH_V_REF_S030,MC_G2_D075_DENS_HIGH_V_REF,30,3.03303146362,8.35173963719,11.9316786858,0,0,6.06606292725,
MC_G2_D075_DENS_HIGH_V_REF_S030,MC_G2_D075_DENS_HIGH_V_REF,30,3.04205274582,8.5638147041,9.19436365278,0,0,6.08410549164,
MC_G2_D075_DENS_HIGH_V_REF_S030,MC_G2_D075_DENS_HIGH_V_REF,30,3.05101299286,8.14140145912,10.1398552249,0,0,6.10202598572,
MC_G2_D075_DENS_HIGH_V_REF_S030,MC_G2_D075_DENS_HIGH_V_REF,30,3.06003427505,8.55216820957,9.39482033573,0,0,6.12006855011,
MC_G2_D075_DENS_HIGH_V_REF_S030,MC_G2_D075_DENS_HIGH_V_REF,30,3.06905555725,8.76315184935,9.3117660903,0,0,6.1381111145,
MC_G2_D075_DENS_HIGH_V_REF_S030,MC_G2_D075_DENS_HIGH_V_REF,30,3.07801580429,8.87693492337,9.89236145321,0,0,6.15603160858,
MC_G2_D075_DENS_HIGH_V_REF_S030,MC_G2_D075_DENS_HIGH_V_REF,30,3.08703684807,8.87405355576,9.14054252521,0,0,6.17407369614,
MC_G2_D075_DENS_HIGH_V_REF_S030,MC_G2_D075_DENS_HIGH_V_REF,30,3.09605813026,8.7121636897,9.14209034983,0,0,6.19211626053,
MC_G2_D075_DENS_HIGH_V_REF_S030,MC_G2_D075_DENS_HIGH_V_REF,30,3.1050183773,8.86737512698,8.93675233997,0,0,6.21003675461,
MC_G2_D075_DENS_HIGH_V_REF_S030,MC_G2_D075_DENS_HIGH_V_REF,30,3.1140396595,9.19746634731,11.3262242976,0,0,6.228079319,
MC_G2_D075_DENS_HIGH_V_REF_S030,MC_G2_D075_DENS_HIGH_V_REF,30,3.1230609417,9.0303287891,11.0136634356,0,0,6.24612188339,
MC_G2_D075_DENS_HIGH_V_REF_S030,MC_G2_D075_DENS_HIGH_V_REF,30,3.13202118874,9.24069846659,10.8733482618,0,0,6.26404237747,
MC_G2_D075_DENS_HIGH_V_REF_S030,MC_G2_D075_DENS_HIGH_V_REF,30,3.14104247093,9.35684952301,12.30439602,0,0,6.28208494186,
MC_G2_D075_DENS_HIGH_V_REF_S030,MC_G2_D075_DENS_HIGH_V_REF,30,3.15000271797,9.15192316562,12.2270139244,0,0,6.30000543594,
MC_G2_D075_DENS_HIGH_V_REF_S030,MC_G2_D075_DENS_HIGH_V_REF,30,3.15902376175,8.91821131577,11.0617468659,0,0,6.3180475235,
MC_G2_D075_DENS_HIGH_V_REF_S030,MC_G2_D075_DENS_HIGH_V_REF,30,3.16804504395,9.21562548421,10.5184674843,0,0,6.33609008789,
MC_G2_D075_DENS_HIGH_V_REF_S030,MC_G2_D075_DENS_HIGH_V_REF,30,3.17700529099,9.17377989185,11.2487741005,0,0,6.35401058197,
MC_G2_D075_DENS_HIGH_V_REF_S030,MC_G2_D075_DENS_HIGH_V_REF,30,3.18602657318,9.32107944955,9.34155544118,0,0,6.37205314636,
MC_G2_D075_DENS_HIGH_V_REF_S030,MC_G2_D075_DENS_HIGH_V_REF,30,3.19504785538,9.32247647627,9.92924589763,0,0,6.39009571075,
MC_G2_D075_DENS_HIGH_V_REF_S030,MC_G2_D075_DENS_HIGH_V_REF,30,3.20400810242,9.46309760519,9.73269840198,0,0,6.40801620483,
MC_G2_D075_DENS_HIGH_V_REF_S030,MC_G2_D075_DENS_HIGH_V_REF,30,3.21302914619,9.22244869978,9.77602363105,0,0,6.42605829239,
MC_G2_D075_DENS_HIGH_V_REF_S030,MC_G2_D075_DENS_HIGH_V_REF,30,3.22205042839,9.10403576425,9.2257549901,0,0,6.44410085678,
MC_G2_D075_DENS_HIGH_V_REF_S030,MC_G2_D075_DENS_HIGH_V_REF,30,3.23101067543,9.53283731182,10.8551283414,0,0,6.46202135086,
MC_G2_D075_DENS_HIGH_V_REF_S030,MC_G2_D075_DENS_HIGH_V_REF,30,3.24003195763,9.7531088583,8.45899548219,0,0,6.48006391525,
MC_G2_D075_DENS_HIGH_V_REF_S030,MC_G2_D075_DENS_HIGH_V_REF,30,3.24905323982,9.32153259904,11.2598727433,0,0,6.49810647964,
MC_G2_D075_DENS_HIGH_V_REF_S030,MC_G2_D075_DENS_HIGH_V_REF,30,3.25801348686,9.62833248816,12.3799518154,0,0,6.51602697372,
MC_G2_D075_DENS_HIGH_V_REF_S030,MC_G2_D075_DENS_HIGH_V_REF,30,3.26703453064,9.73444241501,12.276102223,0,0,6.53406906128,
MC_G2_D075_DENS_HIGH_V_REF_S030,MC_G2_D075_DENS_HIGH_V_REF,30,3.27605581284,9.54606706646,12.6913282794,0,0,6.55211162567,
MC_G2_D075_DENS_HIGH_V_REF_S030,MC_G2_D075_DENS_HIGH_V_REF,30,3.28501605988,9.50401147799,11.1121558044,0,0,6.57003211975,
MC_G2_D075_DENS_HIGH_V_REF_S030,MC_G2_D075_DENS_HIGH_V_REF,30,3.29403734207,9.53737764866,10.7746903289,0,0,6.58807468414,
MC_G2_D075_DENS_HIGH_V_REF_S030,MC_G2_D075_DENS_HIGH_V_REF,30,3.30305862427,9.47456891876,9.57953884983,0,0,6.60611724854,
MC_G2_D075_DENS_HIGH_V_REF_S030,MC_G2_D075_DENS_HIGH_V_REF,30,3.31201887131,9.51238921736,9.55043741858,0,0,6.62403774261,
MC_G2_D075_DENS_HIGH_V_REF_S030,MC_G2_D075_DENS_HIGH_V_REF,30,3.32103991508,9.61464295256,10.2063716248,0,0,6.64207983017,
MC_G2_D075_DENS_HIGH_V_REF_S030,MC_G2_D075_DENS_HIGH_V_REF,30,3.33000040054,9.82855051181,10.9360278647,0,0,6.66000080109,
MC_G2_D075_DENS_HIGH_V_REF_S030,MC_G2_D075_DENS_HIGH_V_REF,30,3.33902144432,9.70768227971,10.1574733518,0,0,6.67804288864,
MC_G2_D075_DENS_HIGH_V_REF_S030,MC_G2_D075_DENS_HIGH_V_REF,30,3.34804272652,9.84719485025,10.3707703078,0,0,6.69608545303,
MC_G2_D075_DENS_HIGH_V_REF_S030,MC_G2_D075_DENS_HIGH_V_REF,30,3.35700297356,9.27936206533,9.4755248657,0,0,6.71400594711,
MC_G2_D075_DENS_HIGH_V_REF_S030,MC_G2_D075_DENS_HIGH_V_REF,30,3.36602425575,9.80123112373,11.6849434859,0,0,6.73204851151,
MC_G2_D075_DENS_HIGH_V_REF_S030,MC_G2_D075_DENS_HIGH_V_REF,30,3.37504529953,10.4711916462,12.7728359206,0,0,6.75009059906,
MC_G2_D075_DENS_HIGH_V_REF_S030,MC_G2_D075_DENS_HIGH_V_REF,30,3.38400554657,10.0429056943,12.4554439005,0,0,6.76801109314,
MC_G2_D075_DENS_HIGH_V_REF_S030,MC_G2_D075_DENS_HIGH_V_REF,30,3.39302682877,9.37732745902,11.8805613226,0,0,6.78605365753,
MC_G2_D075_DENS_HIGH_V_REF_S030,MC_G2_D075_DENS_HIGH_V_REF,30,3.4020357132,10.3633199625,11.9231591678,0,0,6.80407142639,
MC_G2_D075_DENS_HIGH_V_REF_S030,MC_G2_D075_DENS_HIGH_V_REF,30,3.41105675697,9.7377791426,10.9333636558,0,0,6.82211351395,
MC_G2_D075_DENS_HIGH_V_REF_S030,MC_G2_D075_DENS_HIGH_V_REF,30,3.42001700401,10.3694827956,12.1579543931,0,0,6.84003400803,
MC_G2_D075_DENS_HIGH_V_REF_S030,MC_G2_D075_DENS_HIGH_V_REF,30,3.42903828621,10.0312487,10.3622490796,0,0,6.85807657242,
MC_G2_D075_DENS_HIGH_V_REF_S030,MC_G2_D075_DENS_HIGH_V_REF,30,3.43805956841,10.1076474936,10.4092872957,0,0,6.87611913681,
MC_G2_D075_DENS_HIGH_V_REF_S030,MC_G2_D075_DENS_HIGH_V_REF,30,3.44701981544,10.1184446092,10.581500816,0,0,6.89403963089,
MC_G2_D075_DENS_HIGH_V_REF_S030,MC_G2_D075_DENS_HIGH_V_REF,30,3.45604085922,10.1791379046,10.9132962025,0,0,6.91208171844,
MC_G2_D075_DENS_HIGH_V_REF_S030,MC_G2_D075_DENS_HIGH_V_REF,30,3.46500134468,10.3594228769,10.9898945285,0,0,6.93000268936,
MC_G2_D075_DENS_HIGH_V_REF_S030,MC_G2_D075_DENS_HIGH_V_REF,30,3.47402238846,10.8030805437,12.0089572614,0,0,6.94804477692,
MC_G2_D075_DENS_HIGH_V_REF_S030,MC_G2_D075_DENS_HIGH_V_REF,30,3.48304367065,10.6062545098,12.0013205601,0,0,6.96608734131,
MC_G2_D075_DENS_HIGH_V_REF_S030,MC_G2_D075_DENS_HIGH_V_REF,30,3.49200391769,9.76461553963,11.0442626107,0,0,6.98400783539,
MC_G2_D075_DENS_HIGH_V_REF_S030,MC_G2_D075_DENS_HIGH_V_REF,30,3.50102519989,10.669319656,13.8368521001,0,0,7.00205039978,
MC_G2_D075_DENS_HIGH_V_REF_S030,MC_G2_D075_DENS_HIGH_V_REF,30,3.51004624367,10.3204652836,14.0203656645,0,0,7.02009248734,
MC_G2_D075_DENS_HIGH_V_REF_S030,MC_G2_D075_DENS_HIGH_V_REF,30,3.51900649071,9.7493886115,11.1760293585,0,0,7.03801298141,
MC_G2_D075_DENS_HIGH_V_REF_S030,MC_G2_D075_DENS_HIGH_V_REF,30,3.5280277729,10.5564080658,11.8307898682,0,0,7.05605554581,
MC_G2_D075_DENS_HIGH_V_REF_S030,MC_G2_D075_DENS_HIGH_V_REF,30,3.5370490551,10.5743417332,11.9960461117,0,0,7.0740981102,
MC_G2_D075_DENS_HIGH_V_REF_S030,MC_G2_D075_DENS_HIGH_V_REF,30,3.54600930214,10.553252598,11.6345668167,0,0,7.09201860428,
MC_G2_D075_DENS_HIGH_V_REF_S030,MC_G2_D075_DENS_HIGH_V_REF,30,3.55503034592,10.6602456137,11.8682259852,0,0,7.11006069183,
MC_G2_D075_DENS_HIGH_V_REF_S030,MC_G2_D075_DENS_HIGH_V_REF,30,3.56405162811,10.6333484283,11.3719559473,0,0,7.12810325623,
MC_G2_D075_DENS_HIGH_V_REF_S030,MC_G2_D075_DENS_HIGH_V_REF,30,3.57301187515,10.7209090676,11.7629411695,0,0,7.14602375031,
MC_G2_D075_DENS_HIGH_V_REF_S030,MC_G2_D075_DENS_HIGH_V_REF,30,3.58203315735,10.949100783,12.1619508764,0,0,7.1640663147,
MC_G2_D075_DENS_HIGH_V_REF_S030,MC_G2_D075_DENS_HIGH_V_REF,30,3.59105420113,10.962172488,12.0792443687,0,0,7.18210840225,
MC_G2_D075_DENS_HIGH_V_REF_S030,MC_G2_D075_DENS_HIGH_V_REF,30,3.60001444817,11.0263727184,13.9407966038,0,0,7.20002889633,
MC_G2_D075_DENS_HIGH_V_REF_S030,MC_G2_D075_DENS_HIGH_V_REF,30,3.60903573036,11.160069502,12.3982740012,0,0,7.21807146072,
MC_G2_D075_DENS_HIGH_V_REF_S030,MC_G2_D075_DENS_HIGH_V_REF,30,3.61805701256,10.7289441818,13.3033636392,0,0,7.23611402512,
MC_G2_D075_DENS_HIGH_V_REF_S030,MC_G2_D075_DENS_HIGH_V_REF,30,3.6270172596,10.9172333214,13.7753652318,0,0,7.2540345192,
MC_G2_D075_DENS_HIGH_V_REF_S030,MC_G2_D075_DENS_HIGH_V_REF,30,3.63603830338,11.0359794876,13.9637943113,0,0,7.27207660675,
MC_G2_D075_DENS_HIGH_V_REF_S030,MC_G2_D075_DENS_HIGH_V_REF,30,3.64505958557,11.076126322,12.7825740972,0,0,7.29011917114,
MC_G2_D075_DENS_HIGH_V_REF_S030,MC_G2_D075_DENS_HIGH_V_REF,30,3.65401983261,11.2238718451,11.9885707408,0,0,7.30803966522,
MC_G2_D075_DENS_HIGH_V_REF_S030,MC_G2_D075_DENS_HIGH_V_REF,30,3.66304111481,11.15047268,12.9406853363,0,0,7.32608222961,
MC_G2_D075_DENS_HIGH_V_REF_S030,MC_G2_D075_DENS_HIGH_V_REF,30,3.67200136185,11.2570357563,12.2324089209,0,0,7.34400272369,
MC_G2_D075_DENS_HIGH_V_REF_S030,MC_G2_D075_DENS_HIGH_V_REF,30,3.68102240562,11.3363932846,12.3636588234,0,0,7.36204481125,
MC_G2_D075_DENS_HIGH_V_REF_S030,MC_G2_D075_DENS_HIGH_V_REF,30,3.69004368782,11.3975342033,12.7474084408,0,0,7.38008737564,
MC_G2_D075_DENS_HIGH_V_REF_S030,MC_G2_D075_DENS_HIGH_V_REF,30,3.69900393486,11.3920599364,12.2956793351,0,0,7.39800786972,
MC_G2_D075_DENS_HIGH_V_REF_S030,MC_G2_D075_DENS_HIGH_V_REF,30,3.70802521706,11.2821336067,12.2584045005,0,0,7.41605043411,
MC_G2_D075_DENS_HIGH_V_REF_S030,MC_G2_D075_DENS_HIGH_V_REF,30,3.71704626083,12.3852442539,14.6903150304,0,0,7.43409252167,
MC_G2_D075_DENS_HIGH_V_REF_S030,MC_G2_D075_DENS_HIGH_V_REF,30,3.72600650787,10.713509468,11.8368365012,0,0,7.45201301575,
MC_G2_D075_DENS_HIGH_V_REF_S030,MC_G2_D075_DENS_HIGH_V_REF,30,3.73502779007,11.4967894152,13.8201153628,0,0,7.47005558014,
MC_G2_D075_DENS_HIGH_V_REF_S030,MC_G2_D075_DENS_HIGH_V_REF,30,3.74404883385,11.6355216844,14.4046140507,0,0,7.48809766769,
MC_G2_D075_DENS_HIGH_V_REF_S030,MC_G2_D075_DENS_HIGH_V_REF,30,3.75300908089,11.3625013267,14.5425080639,0,0,7.50601816177,
MC_G2_D075_DENS_HIGH_V_REF_S030,MC_G2_D075_DENS_HIGH_V_REF,30,3.76202940941,11.3422234396,12.9966277097,0,0,7.52405881882,
MC_G2_D075_DENS_HIGH_V_REF_S030,MC_G2_D075_DENS_HIGH_V_REF,30,3.77100658417,11.5201000882,12.2907035414,0,0,7.54201316833,
MC_G2_D075_DENS_HIGH_V_REF_S030,MC_G2_D075_DENS_HIGH_V_REF,30,3.78002762794,11.653018781,13.3055247857,0,0,7.56005525589,
MC_G2_D075_DENS_HIGH_V_REF_S030,MC_G2_D075_DENS_HIGH_V_REF,30,3.78904891014,11.7544866886,13.2632714121,0,0,7.57809782028,
MC_G2_D075_DENS_HIGH_V_REF_S030,MC_G2_D075_DENS_HIGH_V_REF,30,3.79800915718,11.71422933,12.5517979175,0,0,7.59601831436,
MC_G2_D075_DENS_HIGH_V_REF_S030,MC_G2_D075_DENS_HIGH_V_REF,30,3.80703043938,11.9182991243,13.0106815583,0,0,7.61406087875,
MC_G2_D075_DENS_HIGH_V_REF_S030,MC_G2_D075_DENS_HIGH_V_REF,30,3.81605148315,12.1262560571,13.8089651087,0,0,7.63210296631,
MC_G2_D075_DENS_HIGH_V_REF_S030,MC_G2_D075_DENS_HIGH_V_REF,30,3.82501173019,11.7631904746,12.7840036495,0,0,7.65002346039,
MC_G2_D075_DENS_HIGH_V_REF_S030,MC_G2_D075_DENS_HIGH_V_REF,30,3.83403301239,11.8451397969,12.5186770672,0,0,7.66806602478,
MC_G2_D075_DENS_HIGH_V_REF_S030,MC_G2_D075_DENS_HIGH_V_REF,30,3.84305405617,12.2219822291,13.6943645562,0,0,7.68610811234,
MC_G2_D075_DENS_HIGH_V_REF_S030,MC_G2_D075_DENS_HIGH_V_REF,30,3.85201430321,11.671692961,13.4114367732,0,0,7.70402860641,
MC_G2_D075_DENS_HIGH_V_REF_S030,MC_G2_D075_DENS_HIGH_V_REF,30,3.8610355854,12.0562654604,14.9161181319,0,0,7.72207117081,
MC_G2_D075_DENS_HIGH_V_REF_S030,MC_G2_D075_DENS_HIGH_V_REF,30,3.8700568676,11.9576081848,14.4729356145,0,0,7.7401137352,
MC_G2_D075_DENS_HIGH_V_REF_S030,MC_G2_D075_DENS_HIGH_V_REF,30,3.87900829315,11.8080522742,15.3540094439,0,0,7.7580165863,
MC_G2_D075_DENS_HIGH_V_REF_S030,MC_G2_D075_DENS_HIGH_V_REF,30,3.88802933693,12.3932937362,13.3559024303,0,0,7.77605867386,
MC_G2_D075_DENS_HIGH_V_REF_S030,MC_G2_D075_DENS_HIGH_V_REF,30,3.89705061913,12.2598710528,13.3982866912,0,0,7.79410123825,
MC_G2_D075_DENS_HIGH_V_REF_S030,MC_G2_D075_DENS_HIGH_V_REF,30,3.90601086617,12.2414135003,13.7625410612,0,0,7.81202173233,
MC_G2_D075_DENS_HIGH_V_REF_S030,MC_G2_D075_DENS_HIGH_V_REF,30,3.91503190994,12.3244293818,13.5767059941,0,0,7.83006381989,
MC_G2_D075_DENS_HIGH_V_REF_S030,MC_G2_D075_DENS_HIGH_V_REF,30,3.92405319214,12.2217512334,13.5856323505,0,0,7.84810638428,
MC_G2_D075_DENS_HIGH_V_REF_S030,MC_G2_D075_DENS_HIGH_V_REF,30,3.93301343918,12.664237343,14.479017641,0,0,7.86602687836,
MC_G2_D075_DENS_HIGH_V_REF_S030,MC_G2_D075_DENS_HIGH_V_REF,30,3.94203472137,12.5900092459,14.4866277267,0,0,7.88406944275,
MC_G2_D075_DENS_HIGH_V_REF_S030,MC_G2_D075_DENS_HIGH_V_REF,30,3.95105576515,12.7992758912,15.1460316174,0,0,7.9021115303,
MC_G2_D075_DENS_HIGH_V_REF_S030,MC_G2_D075_DENS_HIGH_V_REF,30,3.96001601219,12.188609427,13.7624412002,0,0,7.92003202438,
MC_G2_D075_DENS_HIGH_V_REF_S030,MC_G2_D075_DENS_HIGH_V_REF,30,3.96903729439,12.9163155627,14.9644827165,0,0,7.93807458878,
MC_G2_D075_DENS_HIGH_V_REF_S030,MC_G2_D075_DENS_HIGH_V_REF,30,3.97805833817,12.6497111387,15.4093160989,0,0,7.95611667633,
MC_G2_D075_DENS_HIGH_V_REF_S030,MC_G2_D075_DENS_HIGH_V_REF,30,3.98701858521,12.3498123847,14.9871345077,0,0,7.97403717041,
MC_G2_D075_DENS_HIGH_V_REF_S030,MC_G2_D075_DENS_HIGH_V_REF,30,3.9960398674,12.3083746269,15.5820556404,0,0,7.9920797348,
MC_G2_D075_DENS_HIGH_V_REF_S030,MC_G2_D075_DENS_HIGH_V_REF,30,4.00500011444,12.4669471071,13.3784403815,0,0,8.01000022888,
MC_G2_D075_DENS_HIGH_V_REF_S030,MC_G2_D075_DENS_HIGH_V_REF,30,4.01402139664,13.3848699257,14.2488948108,0,0,8.02804279327,
MC_G2_D075_DENS_HIGH_V_REF_S030,MC_G2_D075_DENS_HIGH_V_REF,30,4.023042202,12.7884279345,15.0107355709,0,0,8.04608440399,
MC_G2_D075_DENS_HIGH_V_REF_S030,MC_G2_D075_DENS_HIGH_V_REF,30,4.03200244904,13.1581592355,14.9195911447,0,0,8.06400489807,
MC_G2_D075_DENS_HIGH_V_REF_S030,MC_G2_D075_DENS_HIGH_V_REF,30,4.04101705551,12.9254658667,14.8310569053,0,0,8.08203411102,
MC_G2_D075_DENS_HIGH_V_REF_S030,MC_G2_D075_DENS_HIGH_V_REF,30,4.05003833771,13.244136062,14.5869671207,0,0,8.10007667542,
MC_G2_D075_DENS_HIGH_V_REF_S030,MC_G2_D075_DENS_HIGH_V_REF,30,4.0590596199,12.7939817789,14.6517168615,0,0,8.11811923981,
MC_G2_D075_DENS_HIGH_V_REF_S030,MC_G2_D075_DENS_HIGH_V_REF,30,4.06801939011,13.0715800517,15.192566271,0,0,8.13603878021,
MC_G2_D075_DENS_HIGH_V_REF_S030,MC_G2_D075_DENS_HIGH_V_REF,30,4.0770406723,13.406847676,15.6520729606,0,0,8.1540813446,
MC_G2_D075_DENS_HIGH_V_REF_S030,MC_G2_D075_DENS_HIGH_V_REF,30,4.08600091934,13.4611228273,15.6837949936,0,0,8.17200183868,
MC_G2_D075_DENS_HIGH_V_REF_S030,MC_G2_D075_DENS_HIGH_V_REF,30,4.09502220154,13.159245689,15.3103870976,0,0,8.19004440308,
MC_G2_D075_DENS_HIGH_V_REF_S030,MC_G2_D075_DENS_HIGH_V_REF,30,4.10404348373,13.155852594,16.894066436,0,0,8.20808696747,
MC_G2_D075_DENS_HIGH_V_REF_S030,MC_G2_D075_DENS_HIGH_V_REF,30,4.11300373077,13.3211206343,16.7065802954,0,0,8.22600746155,
MC_G2_D075_DENS_HIGH_V_REF_S030,MC_G2_D075_DENS_HIGH_V_REF,30,4.12200784683,12.8102785819,16.0256958453,0,0,8.24401569366,
MC_G2_D075_DENS_HIGH_V_REF_S030,MC_G2_D075_DENS_HIGH_V_REF,30,4.13102865219,13.0057551145,13.8699244463,0,0,8.26205730438,
MC_G2_D075_DENS_HIGH_V_REF_S030,MC_G2_D075_DENS_HIGH_V_REF,30,4.14004993439,13.2520694938,15.1799938502,0,0,8.28009986877,
MC_G2_D075_DENS_HIGH_V_REF_S030,MC_G2_D075_DENS_HIGH_V_REF,30,4.14901018143,13.7581578975,16.1669828145,0,0,8.29802036285,
MC_G2_D075_DENS_HIGH_V_REF_S030,MC_G2_D075_DENS_HIGH_V_REF,30,4.15803146362,13.1021079592,14.9227967512,0,0,8.31606292725,
MC_G2_D075_DENS_HIGH_V_REF_S030,MC_G2_D075_DENS_HIGH_V_REF,30,4.16705274582,13.2416592132,15.3689396906,0,0,8.33410549164,
MC_G2_D075_DENS_HIGH_V_REF_S030,MC_G2_D075_DENS_HIGH_V_REF,30,4.17601299286,13.5938635761,15.6179660594,0,0,8.35202598572,
MC_G2_D075_DENS_HIGH_V_REF_S030,MC_G2_D075_DENS_HIGH_V_REF,30,4.18503379822,13.7815304641,16.1612579991,0,0,8.37006759644,
MC_G2_D075_DENS_HIGH_V_REF_S030,MC_G2_D075_DENS_HIGH_V_REF,30,4.19405508041,13.6328410637,16.5952729178,0,0,8.38811016083,
MC_G2_D075_DENS_HIGH_V_REF_S030,MC_G2_D075_DENS_HIGH_V_REF,30,4.20301532745,13.7733096692,15.5133678752,0,0,8.40603065491,
MC_G2_D075_DENS_HIGH_V_REF_S030,MC_G2_D075_DENS_HIGH_V_REF,30,4.21203660965,13.1744704066,16.330044078,0,0,8.4240732193,
MC_G2_D075_DENS_HIGH_V_REF_S030,MC_G2_D075_DENS_HIGH_V_REF,30,4.22105789185,14.0992070462,17.7627996435,0,0,8.44211578369,
MC_G2_D075_DENS_HIGH_V_REF_S030,MC_G2_D075_DENS_HIGH_V_REF,30,4.23001813889,13.7374268609,17.8002431335,0,0,8.46003627777,
MC_G2_D075_DENS_HIGH_V_REF_S030,MC_G2_D075_DENS_HIGH_V_REF,30,4.23903894424,13.2005253971,17.2300155717,0,0,8.47807788849,
MC_G2_D075_DENS_HIGH_V_REF_S030,MC_G2_D075_DENS_HIGH_V_REF,30,4.24802112579,13.7807523732,13.2207367283,0,0,8.49604225159,
MC_G2_D075_DENS_HIGH_V_REF_S030,MC_G2_D075_DENS_HIGH_V_REF,30,4.25704240799,13.8991614404,16.0102463247,0,0,8.51408481598,
MC_G2_D075_DENS_HIGH_V_REF_S030,MC_G2_D075_DENS_HIGH_V_REF,30,4.26600265503,14.0688847138,16.6269811912,0,0,8.53200531006,
MC_G2_D075_DENS_HIGH_V_REF_S030,MC_G2_D075_DENS_HIGH_V_REF,30,4.27502346039,14.2461225321,16.5278877036,0,0,8.55004692078,
MC_G2_D075_DENS_HIGH_V_REF_S030,MC_G2_D075_DENS_HIGH_V_REF,30,4.28404474258,14.0838463837,16.3925367645,0,0,8.56808948517,
MC_G2_D075_DENS_HIGH_V_REF_S030,MC_G2_D075_DENS_HIGH_V_REF,30,4.29300498962,14.1992326122,17.6748607467,0,0,8.58600997925,
MC_G2_D075_DENS_HIGH_V_REF_S030,MC_G2_D075_DENS_HIGH_V_REF,30,4.30202627182,14.2123418954,17.8927735806,0,0,8.60405254364,
MC_G2_D075_DENS_HIGH_V_REF_S030,MC_G2_D075_DENS_HIGH_V_REF,30,4.31104707718,14.4639194402,18.1017997576,0,0,8.62209415436,
MC_G2_D075_DENS_HIGH_V_REF_S030,MC_G2_D075_DENS_HIGH_V_REF,30,4.32000732422,14.6548478993,17.5020697968,0,0,8.64001464844,
MC_G2_D075_DENS_HIGH_V_REF_S030,MC_G2_D075_DENS_HIGH_V_REF,30,4.32902860641,13.9092103067,17.8323200074,0,0,8.65805721283,
MC_G2_D075_DENS_HIGH_V_REF_S030,MC_G2_D075_DENS_HIGH_V_REF,30,4.33804988861,14.3581024027,17.9609868897,0,0,8.67609977722,
MC_G2_D075_DENS_HIGH_V_REF_S030,MC_G2_D075_DENS_HIGH_V_REF,30,4.34701013565,14.1447408333,17.4381117549,0,0,8.6940202713,
MC_G2_D075_DENS_HIGH_V_REF_S030,MC_G2_D075_DENS_HIGH_V_REF,30,4.35603141785,13.9040178767,18.2965740449,0,0,8.71206283569,
MC_G2_D075_DENS_HIGH_V_REF_S030,MC_G2_D075_DENS_HIGH_V_REF,30,4.36500501633,14.2971339018,15.2200667887,0,0,8.73001003265,
MC_G2_D075_DENS_HIGH_V_REF_S030,MC_G2_D075_DENS_HIGH_V_REF,30,4.37402629852,14.1613835773,14.9037100439,0,0,8.74805259705,
MC_G2_D075_DENS_HIGH_V_REF_S030,MC_G2_D075_DENS_HIGH_V_REF,30,4.38304758072,14.5238379606,16.746910271,0,0,8.76609516144,
MC_G2_D075_DENS_HIGH_V_REF_S030,MC_G2_D075_DENS_HIGH_V_REF,30,4.39200782776,14.7741732127,18.0509449311,0,0,8.78401565552,
MC_G2_D075_DENS_HIGH_V_REF_S030,MC_G2_D075_DENS_HIGH_V_REF,30,4.40102863312,15.1020699737,17.7300735585,0,0,8.80205726624,
MC_G2_D075_DENS_HIGH_V_REF_S030,MC_G2_D075_DENS_HIGH_V_REF,30,4.41004991531,14.6817185589,17.8094789939,0,0,8.82009983063,
MC_G2_D075_DENS_HIGH_V_REF_S030,MC_G2_D075_DENS_HIGH_V_REF,30,4.41901016235,14.5971741268,18.3263875773,0,0,8.83802032471,
MC_G2_D075_DENS_HIGH_V_REF_S030,MC_G2_D075_DENS_HIGH_V_REF,30,4.42803144455,14.7896090317,18.695898781,0,0,8.8560628891,
MC_G2_D075_DENS_HIGH_V_REF_S030,MC_G2_D075_DENS_HIGH_V_REF,30,4.43705272675,15.0098894201,18.9813722142,0,0,8.87410545349,
MC_G2_D075_DENS_HIGH_V_REF_S030,MC_G2_D075_DENS_HIGH_V_REF,30,4.44601297379,15.4867839441,20.5219266094,0,0,8.89202594757,
MC_G2_D075_DENS_HIGH_V_REF_S030,MC_G2_D075_DENS_HIGH_V_REF,30,4.45503377914,15.0603636419,19.0733183523,0,0,8.91006755829,
MC_G2_D075_DENS_HIGH_V_REF_S030,MC_G2_D075_DENS_HIGH_V_REF,30,4.46405506134,15.1826742157,20.5246123616,0,0,8.92811012268,
MC_G2_D075_DENS_HIGH_V_REF_S030,MC_G2_D075_DENS_HIGH_V_REF,30,4.47301530838,13.9096037731,19.027843668,0,0,8.94603061676,
MC_G2_D075_DENS_HIGH_V_REF_S030,MC_G2_D075_DENS_HIGH_V_REF,30,4.48203659058,14.6033093288,20.3357914833,0,0,8.96407318115,
MC_G2_D075_DENS_HIGH_V_REF_S030,MC_G2_D075_DENS_HIGH_V_REF,30,4.49104595184,14.8627352018,17.9846011157,0,0,8.98209190369,
MC_G2_D075_DENS_HIGH_V_REF_S030,MC_G2_D075_DENS_HIGH_V_REF,30,4.50000619888,14.873467108,19.2853367842,0,0,9.00001239777,
MC_G2_D075_DENS_HIGH_V_REF_S030,MC_G2_D075_DENS_HIGH_V_REF,30,4.50902748108,14.8758367483,18.8147825456,0,0,9.01805496216,
MC_G2_D075_DENS_HIGH_V_REF_S030,MC_G2_D075_DENS_HIGH_V_REF,30,4.51804876328,15.148584111,19.4027053913,0,0,9.03609752655,
MC_G2_D075_DENS_HIGH_V_REF_S030,MC_G2_D075_DENS_HIGH_V_REF,30,4.52700853348,15.3227029345,21.5527477278,0,0,9.05401706696,
MC_G2_D075_DENS_HIGH_V_REF_S030,MC_G2_D075_DENS_HIGH_V_REF,30,4.53602981567,15.1724319319,21.6633741382,0,0,9.07205963135,
MC_G2_D075_DENS_HIGH_V_REF_S030,MC_G2_D075_DENS_HIGH_V_REF,30,4.54505109787,15.6384961832,22.4553423151,0,0,9.09010219574,
MC_G2_D075_DENS_HIGH_V_REF_S030,MC_G2_D075_DENS_HIGH_V_REF,30,4.55401134491,15.7188429036,21.8544363069,0,0,9.10802268982,
MC_G2_D075_DENS_HIGH_V_REF_S030,MC_G2_D075_DENS_HIGH_V_REF,30,4.56303262711,14.8066463473,22.2785873379,0,0,9.12606525421,
MC_G2_D075_DENS_HIGH_V_REF_S030,MC_G2_D075_DENS_HIGH_V_REF,30,4.57205343246,15.0601160675,23.5891835989,0,0,9.14410686493,
MC_G2_D075_DENS_HIGH_V_REF_S030,MC_G2_D075_DENS_HIGH_V_REF,30,4.58101272583,15.1851179072,22.639024016,0,0,9.16202545166,
MC_G2_D075_DENS_HIGH_V_REF_S030,MC_G2_D075_DENS_HIGH_V_REF,30,4.59003162384,15.1204457382,22.5845066176,0,0,9.18006324768,
MC_G2_D075_DENS_HIGH_V_REF_S030,MC_G2_D075_DENS_HIGH_V_REF,30,4.5990524292,15.3053550457,23.964635859,0,0,9.1981048584,
MC_G2_D075_DENS_HIGH_V_REF_S030,MC_G2_D075_DENS_HIGH_V_REF,30,4.60800981522,15.4452743456,20.4943422975,0,0,9.21601963043,
MC_G2_D075_DENS_HIGH_V_REF_S030,MC_G2_D075_DENS_HIGH_V_REF,30,4.61703109741,15.6910106829,21.1784824038,0,0,9.23406219482,
MC_G2_D075_DENS_HIGH_V_REF_S030,MC_G2_D075_DENS_HIGH_V_REF,30,4.62605571747,15.3793521471,22.2821115227,0,0,9.25211143494,
MC_G2_D075_DENS_HIGH_V_REF_S030,MC_G2_D075_DENS_HIGH_V_REF,30,4.63504123688,15.8133146252,23.4953435824,0,0,9.27008247375,
MC_G2_D075_DENS_HIGH_V_REF_S030,MC_G2_D075_DENS_HIGH_V_REF,30,4.64400148392,15.7588980029,21.6678327087,0,0,9.28800296783,
MC_G2_D075_DENS_HIGH_V_REF_S030,MC_G2_D075_DENS_HIGH_V_REF,30,4.65302228928,15.8647559344,22.1230646707,0,0,9.30604457855,
MC_G2_D075_DENS_HIGH_V_REF_S030,MC_G2_D075_DENS_HIGH_V_REF,30,4.66204357147,15.3855956629,22.6808232565,0,0,9.32408714294,
MC_G2_D075_DENS_HIGH_V_REF_S030,MC_G2_D075_DENS_HIGH_V_REF,30,4.67100381851,16.090429907,23.5047159695,0,0,9.34200763702,
MC_G2_D075_DENS_HIGH_V_REF_S030,MC_G2_D075_DENS_HIGH_V_REF,30,4.68002510071,16.2604405435,23.6249443816,0,0,9.36005020142,
MC_G2_D075_DENS_HIGH_V_REF_S030,MC_G2_D075_DENS_HIGH_V_REF,30,4.68904590607,16.0231228395,23.9496619884,0,0,9.37809181213,
MC_G2_D075_DENS_HIGH_V_REF_S030,MC_G2_D075_DENS_HIGH_V_REF,30,4.69800615311,16.414373215,24.7910283087,0,0,9.39601230621,
MC_G2_D075_DENS_HIGH_V_REF_S030,MC_G2_D075_DENS_HIGH_V_REF,30,4.7070274353,14.7691565162,21.6988183973,0,0,9.41405487061,
MC_G2_D075_DENS_HIGH_V_REF_S030,MC_G2_D075_DENS_HIGH_V_REF,30,4.71604824066,16.4087077411,23.4582685571,0,0,9.43209648132,
MC_G2_D075_DENS_HIGH_V_REF_S030,MC_G2_D075_DENS_HIGH_V_REF,30,4.7250084877,15.3610979593,21.0066135256,0,0,9.4500169754,
MC_G2_D075_DENS_HIGH_V_REF_S030,MC_G2_D075_DENS_HIGH_V_REF,30,4.7340297699,16.2017687369,19.0043604302,0,0,9.46805953979,
MC_G2_D075_DENS_HIGH_V_REF_S030,MC_G2_D075_DENS_HIGH_V_REF,30,4.74305105209,16.5753915972,20.603429238,0,0,9.48610210419,
MC_G2_D075_DENS_HIGH_V_REF_S030,MC_G2_D075_DENS_HIGH_V_REF,30,4.7520108223,15.9615586128,21.8478418366,0,0,9.50402164459,
MC_G2_D075_DENS_HIGH_V_REF_S030,MC_G2_D075_DENS_HIGH_V_REF,30,4.76103210449,15.5652097528,20.3947659546,0,0,9.52206420898,
MC_G2_D075_DENS_HIGH_V_REF_S030,MC_G2_D075_DENS_HIGH_V_REF,30,4.77005338669,16.1505053718,22.0371608027,0,0,9.54010677338,
MC_G2_D075_DENS_HIGH_V_REF_S030,MC_G2_D075_DENS_HIGH_V_REF,30,4.77901363373,16.4587884966,22.944210944,0,0,9.55802726746,
MC_G2_D075_DENS_HIGH_V_REF_S030,MC_G2_D075_DENS_HIGH_V_REF,30,4.78803443909,16.15006438,22.451172916,0,0,9.57606887817,
MC_G2_D075_DENS_HIGH_V_REF_S030,MC_G2_D075_DENS_HIGH_V_REF,30,4.79705572128,16.3997099606,23.6949735141,0,0,9.59411144257,
MC_G2_D075_DENS_HIGH_V_REF_S030,MC_G2_D075_DENS_HIGH_V_REF,30,4.80601596832,17.4198378837,24.4942359973,0,0,9.61203193665,
MC_G2_D075_DENS_HIGH_V_REF_S030,MC_G2_D075_DENS_HIGH_V_REF,30,4.81503725052,17.037012773,25.293474127,0,0,9.63007450104,
MC_G2_D075_DENS_HIGH_V_REF_S030,MC_G2_D075_DENS_HIGH_V_REF,30,4.82405805588,14.1884056551,17.6086324569,0,0,9.64811611176,
MC_G2_D075_DENS_HIGH_V_REF_S030,MC_G2_D075_DENS_HIGH_V_REF,30,4.83301830292,17.1729587254,23.8105413487,0,0,9.66603660583,
MC_G2_D075_DENS_HIGH_V_REF_S030,MC_G2_D075_DENS_HIGH_V_REF,30,4.84201478958,16.3943738491,23.6910687741,0,0,9.68402957916,
MC_G2_D075_DENS_HIGH_V_REF_S030,MC_G2_D075_DENS_HIGH_V_REF,30,4.85104751587,16.8969376339,20.7652647794,0,0,9.70209503174,
MC_G2_D075_DENS_HIGH_V_REF_S030,MC_G2_D075_DENS_HIGH_V_REF,30,4.86000776291,16.0104158646,23.3186560674,0,0,9.72001552582,
MC_G2_D075_DENS_HIGH_V_REF_S030,MC_G2_D075_DENS_HIGH_V_REF,30,4.86902856827,17.0754796385,25.8041369626,0,0,9.73805713654,
MC_G2_D075_DENS_HIGH_V_REF_S030,MC_G2_D075_DENS_HIGH_V_REF,30,4.87804985046,16.3996546985,26.2749231013,0,0,9.75609970093,
MC_G2_D075_DENS_HIGH_V_REF_S030,MC_G2_D075_DENS_HIGH_V_REF,30,4.88705444336,17.05899826,24.7684192356,0,0,9.77410888672,
MC_G2_D075_DENS_HIGH_V_REF_S030,MC_G2_D075_DENS_HIGH_V_REF,30,4.89600992203,17.0624466171,28.3056539303,0,0,9.79201984406,
MC_G2_D075_DENS_HIGH_V_REF_S030,MC_G2_D075_DENS_HIGH_V_REF,30,4.90503072739,17.4919383887,29.5023556901,0,0,9.81006145477,
MC_G2_D075_DENS_HIGH_V_REF_S030,MC_G2_D075_DENS_HIGH_V_REF,30,4.91405200958,17.6730788188,28.5232602981,0,0,9.82810401917,
MC_G2_D075_DENS_HIGH_V_REF_S030,MC_G2_D075_DENS_HIGH_V_REF,30,4.92301225662,17.4206104483,28.3244956645,0,0,9.84602451324,
MC_G2_D075_DENS_HIGH_V_REF_S030,MC_G2_D075_DENS_HIGH_V_REF,30,4.93203353882,16.8870888166,26.2312276534,0,0,9.86406707764,
MC_G2_D075_DENS_HIGH_V_REF_S030,MC_G2_D075_DENS_HIGH_V_REF,30,4.94105434418,17.0364601516,27.5569516064,0,0,9.88210868835,
MC_G2_D075_DENS_HIGH_V_REF_S030,MC_G2_D075_DENS_HIGH_V_REF,30,4.95001459122,16.7474568798,26.7258949896,0,0,9.90002918243,
MC_G2_D075_DENS_HIGH_V_REF_S030,MC_G2_D075_DENS_HIGH_V_REF,30,4.95902395248,16.6945798605,26.0350685393,0,0,9.91804790497,
MC_G2_D075_DENS_HIGH_V_REF_S030,MC_G2_D075_DENS_HIGH_V_REF,30,4.96804523468,15.7242840132,23.2130782026,0,0,9.93609046936,
MC_G2_D075_DENS_HIGH_V_REF_S030,MC_G2_D075_DENS_HIGH_V_REF,30,4.97705411911,17.3820109537,24.791742318,0,0,9.95410823822,
MC_G2_D075_DENS_HIGH_V_REF_S030,MC_G2_D075_DENS_HIGH_V_REF,30,4.98601388931,17.1000458671,26.6696068095,0,0,9.97202777863,
MC_G2_D075_DENS_HIGH_V_REF_S030,MC_G2_D075_DENS_HIGH_V_REF,30,4.99503517151,17.6981512485,28.9237846515,0,0,9.99007034302,
MC_G2_D075_DENS_HIGH_V_REF_S030,MC_G2_D075_DENS_HIGH_V_REF,30,5.0040564537,17.908338561,29.0612685773,0,0,10.0081129074,
MC_G2_D075_DENS_HIGH_V_REF_S030,MC_G2_D075_DENS_HIGH_V_REF,30,5.01301670074,17.1783987298,29.7415774368,0,0,10.0260334015,
MC_G2_D075_DENS_HIGH_V_REF_S030,MC_G2_D075_DENS_HIGH_V_REF,30,5.0220375061,17.2456682191,30.4077827452,0,0,10.0440750122,
MC_G2_D075_DENS_HIGH_V_REF_S030,MC_G2_D075_DENS_HIGH_V_REF,30,5.0310587883,17.1284970237,29.8844997381,0,0,10.0621175766,
MC_G2_D075_DENS_HIGH_V_REF_S030,MC_G2_D075_DENS_HIGH_V_REF,30,5.04001903534,17.0761615732,29.4666222432,0,0,10.0800380707,
MC_G2_D075_DENS_HIGH_V_REF_S030,MC_G2_D075_DENS_HIGH_V_REF,30,5.0490398407,17.2756700311,30.2837454683,0,0,10.0980796814,
MC_G2_D075_DENS_HIGH_V_REF_S030,MC_G2_D075_DENS_HIGH_V_REF,30,5.05800008774,17.0169073037,30.7292080147,0,0,10.1160001755,
MC_G2_D075_DENS_HIGH_V_REF_S030,MC_G2_D075_DENS_HIGH_V_REF,30,5.0670132637,17.5103473104,32.2358326895,0,0,10.1340265274,
MC_G2_D075_DENS_HIGH_V_REF_S030,MC_G2_D075_DENS_HIGH_V_REF,30,5.07603406906,16.9375807223,33.0418571513,0,0,10.1520681381,
MC_G2_D075_DENS_HIGH_V_REF_S030,MC_G2_D075_DENS_HIGH_V_REF,30,5.08505535126,17.0228081943,31.8330160175,0,0,10.1701107025,
MC_G2_D075_DENS_HIGH_V_REF_S030,MC_G2_D075_DENS_HIGH_V_REF,30,5.0940155983,18.0523516796,29.9330424917,0,0,10.1880311966,
MC_G2_D075_DENS_HIGH_V_REF_S030,MC_G2_D075_DENS_HIGH_V_REF,30,5.10303640366,16.8465706206,28.3735226168,0,0,10.2060728073,
MC_G2_D075_DENS_HIGH_V_REF_S030,MC_G2_D075_DENS_HIGH_V_REF,30,5.11205768585,16.6976833819,30.8944805279,0,0,10.2241153717,
MC_G2_D075_DENS_HIGH_V_REF_S030,MC_G2_D075_DENS_HIGH_V_REF,30,5.12100124359,17.3580371351,32.6596860657,0,0,10.2420024872,
MC_G2_D075_DENS_HIGH_V_REF_S030,MC_G2_D075_DENS_HIGH_V_REF,30,5.13001966476,16.4109779096,28.5534771695,0,0,10.2600393295,
MC_G2_D075_DENS_HIGH_V_REF_S030,MC_G2_D075_DENS_HIGH_V_REF,30,5.13905000687,17.1955509907,32.3641066095,0,0,10.2781000137,
MC_G2_D075_DENS_HIGH_V_REF_S030,MC_G2_D075_DENS_HIGH_V_REF,30,5.14803314209,17.9949365339,34.9158962955,0,0,10.2960662842,
MC_G2_D075_DENS_HIGH_V_REF_S030,MC_G2_D075_DENS_HIGH_V_REF,30,5.15702772141,17.9122212784,34.5882553395,0,0,10.3140554428,
MC_G2_D075_DENS_HIGH_V_REF_S030,MC_G2_D075_DENS_HIGH_V_REF,30,5.1660323143,17.550763824,33.8656781681,0,0,10.3320646286,
MC_G2_D075_DENS_HIGH_V_REF_S030,MC_G2_D075_DENS_HIGH_V_REF,30,5.17501401901,17.9319476494,33.6241061941,0,0,10.350028038,
MC_G2_D075_DENS_HIGH_V_REF_S030,MC_G2_D075_DENS_HIGH_V_REF,30,5.18402910233,17.9056572423,32.3858781368,0,0,10.3680582047,
MC_G2_D075_DENS_HIGH_V_REF_S030,MC_G2_D075_DENS_HIGH_V_REF,30,5.19305038452,17.7355990803,34.2913587154,0,0,10.386100769,
MC_G2_D075_DENS_HIGH_V_REF_S030,MC_G2_D075_DENS_HIGH_V_REF,30,5.2020149231,17.2560110799,34.7160139664,0,0,10.4040298462,
MC_G2_D075_DENS_HIGH_V_REF_S030,MC_G2_D075_DENS_HIGH_V_REF,30,5.21102809906,17.5964037144,32.2998436507,0,0,10.4220561981,
MC_G2_D075_DENS_HIGH_V_REF_S030,MC_G2_D075_DENS_HIGH_V_REF,30,5.2200050354,17.9674480437,29.8007340112,0,0,10.4400100708,
MC_G2_D075_DENS_HIGH_V_REF_S030,MC_G2_D075_DENS_HIGH_V_REF,30,5.22900819778,18.6305162729,35.298676711,0,0,10.4580163956,
MC_G2_D075_DENS_HIGH_V_REF_S030,MC_G2_D075_DENS_HIGH_V_REF,30,5.23802947998,17.6286381166,34.2632618464,0,0,10.47605896,
MC_G2_D075_DENS_HIGH_V_REF_S030,MC_G2_D075_DENS_HIGH_V_REF,30,5.24705076218,18.447395248,34.59698142,0,0,10.4941015244,
MC_G2_D075_DENS_HIGH_V_REF_S030,MC_G2_D075_DENS_HIGH_V_REF,30,5.25601005554,18.5641243463,37.0322117304,0,0,10.5120201111,
MC_G2_D075_DENS_HIGH_V_REF_S030,MC_G2_D075_DENS_HIGH_V_REF,30,5.26500606537,17.6868468266,34.7390322474,0,0,10.5300121307,
MC_G2_D075_DENS_HIGH_V_REF_S030,MC_G2_D075_DENS_HIGH_V_REF,30,5.27400159836,18.8587953025,36.8400355807,0,0,10.5480031967,
MC_G2_D075_DENS_HIGH_V_REF_S030,MC_G2_D075_DENS_HIGH_V_REF,30,5.28305864334,19.1018602683,37.4929312047,0,0,10.5661172867,
MC_G2_D075_DENS_HIGH_V_REF_S030,MC_G2_D075_DENS_HIGH_V_REF,30,5.29203939438,16.6710614019,35.1266031151,0,0,10.5840787888,
MC_G2_D075_DENS_HIGH_V_REF_S030,MC_G2_D075_DENS_HIGH_V_REF,30,5.30101585388,18.2908133098,36.2540972259,0,0,10.6020317078,
MC_G2_D075_DENS_HIGH_V_REF_S030,MC_G2_D075_DENS_HIGH_V_REF,30,5.31002807617,18.852616996,36.383621807,0,0,10.6200561523,
MC_G2_D075_DENS_HIGH_V_REF_S030,MC_G2_D075_DENS_HIGH_V_REF,30,5.31901168823,18.3425729288,36.6215996568,0,0,10.6380233765,
MC_G2_D075_DENS_HIGH_V_REF_S030,MC_G2_D075_DENS_HIGH_V_REF,30,5.32801628113,18.3967397664,34.5407695795,0,0,10.6560325623,
MC_G2_D075_DENS_HIGH_V_REF_S030,MC_G2_D075_DENS_HIGH_V_REF,30,5.33703327179,18.6251624775,32.7113011804,0,0,10.6740665436,
MC_G2_D075_DENS_HIGH_V_REF_S030,MC_G2_D075_DENS_HIGH_V_REF,30,5.34601020813,17.5623821349,34.8214346263,0,0,10.6920204163,
MC_G2_D075_DENS_HIGH_V_REF_S030,MC_G2_D075_DENS_HIGH_V_REF,30,5.35504817963,17.9502559941,35.0078738189,0,0,10.7100963593,
MC_G2_D075_DENS_HIGH_V_REF_S030,MC_G2_D075_DENS_HIGH_V_REF,30,5.36400413513,18.6720800284,38.3353491138,0,0,10.7280082703,
MC_G2_D075_DENS_HIGH_V_REF_S030,MC_G2_D075_DENS_HIGH_V_REF,30,5.37303590775,17.7294981408,37.5472284323,0,0,10.7460718155,
MC_G2_D075_DENS_HIGH_V_REF_S030,MC_G2_D075_DENS_HIGH_V_REF,30,5.38201713562,18.5990566458,40.5794332253,0,0,10.7640342712,
MC_G2_D075_DENS_HIGH_V_REF_S030,MC_G2_D075_DENS_HIGH_V_REF,30,5.39101266861,19.154460977,39.140163749,0,0,10.7820253372,
MC_G2_D075_DENS_HIGH_V_REF_S030,MC_G2_D075_DENS_HIGH_V_REF,30,5.40004014969,18.6450037937,40.7190962713,0,0,10.8000802994,
MC_G2_D075_DENS_HIGH_V_REF_S030,MC_G2_D075_DENS_HIGH_V_REF,30,5.40904331207,18.0063514801,38.7944782559,0,0,10.8180866241,
MC_G2_D075_DENS_HIGH_V_REF_S030,MC_G2_D075_DENS_HIGH_V_REF,30,5.41802024841,18.9672019236,39.2940462838,0,0,10.8360404968,
MC_G2_D075_DENS_HIGH_V_REF_S030,MC_G2_D075_DENS_HIGH_V_REF,30,5.42706012726,18.4875873973,39.9012226974,0,0,10.8541202545,
MC_G2_D075_DENS_HIGH_V_REF_S030,MC_G2_D075_DENS_HIGH_V_REF,30,5.43603563309,18.7059623474,37.6539147245,0,0,10.8720712662,
MC_G2_D075_DENS_HIGH_V_REF_S030,MC_G2_D075_DENS_HIGH_V_REF,30,5.44504785538,19.2085603948,37.7081723063,0,0,10.8900957108,
MC_G2_D075_DENS_HIGH_V_REF_S030,MC_G2_D075_DENS_HIGH_V_REF,30,5.45401859283,17.8761118955,35.2240158463,0,0,10.9080371857,
MC_G2_D075_DENS_HIGH_V_REF_S030,MC_G2_D075_DENS_HIGH_V_REF,30,5.46301603317,18.3548775954,39.7202551649,0,0,10.9260320663,
MC_G2_D075_DENS_HIGH_V_REF_S030,MC_G2_D075_DENS_HIGH_V_REF,30,5.47203683853,18.4165379781,37.3833627985,0,0,10.9440736771,
MC_G2_D075_DENS_HIGH_V_REF_S030,MC_G2_D075_DENS_HIGH_V_REF,30,5.48101139069,19.6132781521,40.6463751097,0,0,10.9620227814,
MC_G2_D075_DENS_HIGH_V_REF_S030,MC_G2_D075_DENS_HIGH_V_REF,30,5.49005889893,18.0029429117,37.8455534157,0,0,10.9801177979,
MC_G2_D075_DENS_HIGH_V_REF_S030,MC_G2_D075_DENS_HIGH_V_REF,30,5.49900531769,18.8901311424,39.7822813326,0,0,10.9980106354,
MC_G2_D075_DENS_HIGH_V_REF_S030,MC_G2_D075_DENS_HIGH_V_REF,30,5.50803184509,19.0424601068,41.6564137214,0,0,11.0160636902,
MC_G2_D075_DENS_HIGH_V_REF_S030,MC_G2_D075_DENS_HIGH_V_REF,30,5.51704645157,19.0977885544,42.3538359824,0,0,11.0340929031,
MC_G2_D075_DENS_HIGH_V_REF_S030,MC_G2_D075_DENS_HIGH_V_REF,30,5.52604341507,18.6833247672,45.3417204567,0,0,11.0520868301,
MC_G2_D075_DENS_HIGH_V_REF_S030,MC_G2_D075_DENS_HIGH_V_REF,30,5.53502559662,18.7411687471,47.1933251078,0,0,11.0700511932,
MC_G2_D075_DENS_HIGH_V_REF_S030,MC_G2_D075_DENS_HIGH_V_REF,30,5.54404592514,19.8512678437,44.4927132741,0,0,11.0880918503,
MC_G2_D075_DENS_HIGH_V_REF_S030,MC_G2_D075_DENS_HIGH_V_REF,30,5.55301856995,18.4343622265,43.5358296642,0,0,11.1060371399,
MC_G2_D075_DENS_HIGH_V_REF_S030,MC_G2_D075_DENS_HIGH_V_REF,30,5.56201791763,18.3343985541,47.0913536723,0,0,11.1240358353,
MC_G2_D075_DENS_HIGH_V_REF_S030,MC_G2_D075_DENS_HIGH_V_REF,30,5.57100534439,18.5600548428,36.206196841,0,0,11.1420106888,
MC_G2_D075_DENS_HIGH_V_REF_S030,MC_G2_D075_DENS_HIGH_V_REF,30,5.58002281189,18.4892496823,38.1813239023,0,0,11.1600456238,
MC_G2_D075_DENS_HIGH_V_REF_S030,MC_G2_D075_DENS_HIGH_V_REF,30,5.58903503418,18.4985281944,44.1431653887,0,0,11.1780700684,
MC_G2_D075_DENS_HIGH_V_REF_S030,MC_G2_D075_DENS_HIGH_V_REF,30,5.59800672531,18.7088337678,42.6821817199,0,0,11.1960134506,
MC_G2_D075_DENS_HIGH_V_REF_S030,MC_G2_D075_DENS_HIGH_V_REF,30,5.60705661774,19.2224090853,43.7866948597,0,0,11.2141132355,
MC_G2_D075_DENS_HIGH_V_REF_S030,MC_G2_D075_DENS_HIGH_V_REF,30,5.61604642868,19.0158701789,42.5032252353,0,0,11.2320928574,
MC_G2_D075_DENS_HIGH_V_REF_S030,MC_G2_D075_DENS_HIGH_V_REF,30,5.625020504,19.2994643931,45.1694127792,0,0,11.250041008,
MC_G2_D075_DENS_HIGH_V_REF_S030,MC_G2_D075_DENS_HIGH_V_REF,30,5.63400125504,19.0253686343,46.4095144516,0,0,11.2680025101,
MC_G2_D075_DENS_HIGH_V_REF_S030,MC_G2_D075_DENS_HIGH_V_REF,30,5.64305114746,19.0099991299,44.2900516621,0,0,11.2861022949,
MC_G2_D075_DENS_HIGH_V_REF_S030,MC_G2_D075_DENS_HIGH_V_REF,30,5.65201044083,19.5832708139,43.7915433937,0,0,11.3040208817,
MC_G2_D075_DENS_HIGH_V_REF_S030,MC_G2_D075_DENS_HIGH_V_REF,30,5.66104221344,18.8346590132,45.0941692135,0,0,11.3220844269,
MC_G2_D075_DENS_HIGH_V_REF_S030,MC_G2_D075_DENS_HIGH_V_REF,30,5.67003774643,18.5337732776,43.6640174053,0,0,11.3400754929,
MC_G2_D075_DENS_HIGH_V_REF_S030,MC_G2_D075_DENS_HIGH_V_REF,30,5.67901992798,20.6618351269,45.1183956115,0,0,11.358039856,
MC_G2_D075_DENS_HIGH_V_REF_S030,MC_G2_D075_DENS_HIGH_V_REF,30,5.68800592422,18.5779199852,41.5851717551,0,0,11.3760118484,
MC_G2_D075_DENS_HIGH_V_REF_S030,MC_G2_D075_DENS_HIGH_V_REF,30,5.69702339172,19.859203486,40.7782495924,0,0,11.3940467834,
MC_G2_D075_DENS_HIGH_V_REF_S030,MC_G2_D075_DENS_HIGH_V_REF,30,5.70602798462,18.9254569083,40.6138594362,0,0,11.4120559692,
MC_G2_D075_DENS_HIGH_V_REF_S030,MC_G2_D075_DENS_HIGH_V_REF,30,5.71504878998,19.535816115,39.9099472709,0,0,11.43009758,
MC_G2_D075_DENS_HIGH_V_REF_S030,MC_G2_D075_DENS_HIGH_V_REF,30,5.72404193878,20.0904423554,43.9334268477,0,0,11.4480838776,
MC_G2_D075_DENS_HIGH_V_REF_S030,MC_G2_D075_DENS_HIGH_V_REF,30,5.7330198288,19.2741897039,44.1444613151,0,0,11.4660396576,
MC_G2_D075_DENS_HIGH_V_REF_S030,MC_G2_D075_DENS_HIGH_V_REF,30,5.74203586578,18.8763421349,42.0328116568,0,0,11.4840717316,
MC_G2_D075_DENS_HIGH_V_REF_S030,MC_G2_D075_DENS_HIGH_V_REF,30,5.75101709366,18.8477362444,43.6942641785,0,0,11.5020341873,
MC_G2_D075_DENS_HIGH_V_REF_S030,MC_G2_D075_DENS_HIGH_V_REF,30,5.76002502441,20.3443364889,47.8715366832,0,0,11.5200500488,
MC_G2_D075_DENS_HIGH_V_REF_S030,MC_G2_D075_DENS_HIGH_V_REF,30,5.76901197433,19.1792139916,46.6109655961,0,0,11.5380239487,
MC_G2_D075_DENS_HIGH_V_REF_S030,MC_G2_D075_DENS_HIGH_V_REF,30,5.77803611755,19.9938662517,45.8619800619,0,0,11.5560722351,
MC_G2_D075_DENS_HIGH_V_REF_S030,MC_G2_D075_DENS_HIGH_V_REF,30,5.78704452515,19.5465060221,45.8598585857,0,0,11.5740890503,
MC_G2_D075_DENS_HIGH_V_REF_S030,MC_G2_D075_DENS_HIGH_V_REF,30,5.79601049423,20.3481097873,46.4123623855,0,0,11.5920209885,
MC_G2_D075_DENS_HIGH_V_REF_S030,MC_G2_D075_DENS_HIGH_V_REF,30,5.8050031662,19.3060096401,46.2603596957,0,0,11.6100063324,
MC_G2_D075_DENS_HIGH_V_REF_S030,MC_G2_D075_DENS_HIGH_V_REF,30,5.8140296936,20.2526654521,41.1970298557,0,0,11.6280593872,
MC_G2_D075_DENS_HIGH_V_REF_S030,MC_G2_D075_DENS_HIGH_V_REF,30,5.82300758362,19.8486351557,40.5840859095,0,0,11.6460151672,
MC_G2_D075_DENS_HIGH_V_REF_S030,MC_G2_D075_DENS_HIGH_V_REF,30,5.83202028275,18.6918771349,40.4629240143,0,0,11.6640405655,
MC_G2_D075_DENS_HIGH_V_REF_S030,MC_G2_D075_DENS_HIGH_V_REF,30,5.84102249146,21.4817682365,44.6978277189,0,0,11.6820449829,
MC_G2_D075_DENS_HIGH_V_REF_S030,MC_G2_D075_DENS_HIGH_V_REF,30,5.85001420975,20.7161202254,45.8280361095,0,0,11.7000284195,
MC_G2_D075_DENS_HIGH_V_REF_S030,MC_G2_D075_DENS_HIGH_V_REF,30,5.85900115967,21.7738750297,46.0087805598,0,0,11.7180023193,
MC_G2_D075_DENS_HIGH_V_REF_S030,MC_G2_D075_DENS_HIGH_V_REF,30,5.86804485321,20.5200501775,45.3629319796,0,0,11.7360897064,
MC_G2_D075_DENS_HIGH_V_REF_S030,MC_G2_D075_DENS_HIGH_V_REF,30,5.8770108223,19.1955892669,42.7376986571,0,0,11.7540216446,
MC_G2_D075_DENS_HIGH_V_REF_S030,MC_G2_D075_DENS_HIGH_V_REF,30,5.88602161407,20.5446550896,46.9974047583,0,0,11.7720432281,
MC_G2_D075_DENS_HIGH_V_REF_S030,MC_G2_D075_DENS_HIGH_V_REF,30,5.89501237869,20.6621202795,47.513092234,0,0,11.7900247574,
MC_G2_D075_DENS_HIGH_V_REF_S030,MC_G2_D075_DENS_HIGH_V_REF,30,5.90400838852,19.4030123675,45.8699183873,0,0,11.808016777,
MC_G2_D075_DENS_HIGH_V_REF_S030,MC_G2_D075_DENS_HIGH_V_REF,30,5.91302251816,21.1332697523,47.3336915349,0,0,11.8260450363,
MC_G2_D075_DENS_HIGH_V_REF_S030,MC_G2_D075_DENS_HIGH_V_REF,30,5.92200279236,19.6685115488,47.9757201219,0,0,11.8440055847,
MC_G2_D075_DENS_HIGH_V_REF_S030,MC_G2_D075_DENS_HIGH_V_REF,30,5.93101930618,19.7198279656,42.5798572501,0,0,11.8620386124,
MC_G2_D075_DENS_HIGH_V_REF_S030,MC_G2_D075_DENS_HIGH_V_REF,30,5.94003820419,20.0591286204,40.0465556818,0,0,11.8800764084,
MC_G2_D075_DENS_HIGH_V_REF_S030,MC_G2_D075_DENS_HIGH_V_REF,30,5.94901847839,20.7074860698,43.7887818631,0,0,11.8980369568,
MC_G2_D075_DENS_HIGH_V_REF_S030,MC_G2_D075_DENS_HIGH_V_REF,30,5.95801591873,21.1661197746,47.7880609742,0,0,11.9160318375,
MC_G2_D075_DENS_HIGH_V_REF_S030,MC_G2_D075_DENS_HIGH_V_REF,30,5.96702575684,19.6201394986,44.3614145959,0,0,11.9340515137,
MC_G2_D075_DENS_HIGH_V_REF_S030,MC_G2_D075_DENS_HIGH_V_REF,30,5.9760351181,19.2250749306,44.1050114739,0,0,11.9520702362,
MC_G2_D075_DENS_HIGH_V_REF_S030,MC_G2_D075_DENS_HIGH_V_REF,30,5.98500537872,21.2091711867,49.9664107021,0,0,11.9700107574,
MC_G2_D075_DENS_HIGH_V_REF_S030,MC_G2_D075_DENS_HIGH_V_REF,30,5.9940161705,19.8025421158,47.8056741449,0,0,11.988032341,
MC_G2_D075_DENS_HIGH_V_REF_S030,MC_G2_D075_DENS_HIGH_V_REF,30,6.00300979614,20.3733844765,48.6049568408,0,0,12.0060195923,
MC_G2_D075_DENS_HIGH_V_REF_S030,MC_G2_D075_DENS_HIGH_V_REF,30,6.01203250885,20.1031062258,49.2118404949,0,0,12.0240650177,
MC_G2_D075_DENS_HIGH_V_REF_S030,MC_G2_D075_DENS_HIGH_V_REF,30,6.02100133896,20.6274775536,48.700514003,0,0,12.0420026779,
MC_G2_D075_DENS_HIGH_V_REF_S030,MC_G2_D075_DENS_HIGH_V_REF,30,6.0300412178,21.0219099228,49.6016911371,0,0,12.0600824356,
MC_G2_D075_DENS_HIGH_V_REF_S030,MC_G2_D075_DENS_HIGH_V_REF,30,6.0390291214,20.7971566173,49.3350322053,0,0,12.0780582428,
MC_G2_D075_DENS_HIGH_V_REF_S030,MC_G2_D075_DENS_HIGH_V_REF,30,6.04803562164,19.1349644965,48.1673528439,0,0,12.0960712433,
MC_G2_D075_DENS_HIGH_V_REF_S030,MC_G2_D075_DENS_HIGH_V_REF,30,6.05701971054,21.2521098641,42.5732799618,0,0,12.1140394211,
MC_G2_D075_DENS_HIGH_V_REF_S030,MC_G2_D075_DENS_HIGH_V_REF,30,6.06600427628,20.7608427644,44.3898381817,0,0,12.1320085526,
MC_G2_D075_DENS_HIGH_V_REF_S030,MC_G2_D075_DENS_HIGH_V_REF,30,6.07503604889,21.0868340871,48.4313436494,0,0,12.1500720978,
MC_G2_D075_DENS_HIGH_V_REF_S030,MC_G2_D075_DENS_HIGH_V_REF,30,6.08401107788,21.2159131669,48.5467791944,0,0,12.1680221558,
MC_G2_D075_DENS_HIGH_V_REF_S030,MC_G2_D075_DENS_HIGH_V_REF,30,6.09301280975,21.1699372828,48.5371365003,0,0,12.1860256195,
MC_G2_D075_DENS_HIGH_V_REF_S030,MC_G2_D075_DENS_HIGH_V_REF,30,6.10203838348,19.7164392916,46.7428884379,0,0,12.204076767,
MC_G2_D075_DENS_HIGH_V_REF_S030,MC_G2_D075_DENS_HIGH_V_REF,30,6.11100816727,20.0720422756,50.732590583,0,0,12.2220163345,
MC_G2_D075_DENS_HIGH_V_REF_S030,MC_G2_D075_DENS_HIGH_V_REF,30,6.12001848221,20.6688092081,47.3047086017,0,0,12.2400369644,
MC_G2_D075_DENS_HIGH_V_REF_S030,MC_G2_D075_DENS_HIGH_V_REF,30,6.12900829315,20.1546503225,48.8071681876,0,0,12.2580165863,
MC_G2_D075_DENS_HIGH_V_REF_S030,MC_G2_D075_DENS_HIGH_V_REF,30,6.13803339005,20.9361254084,52.0714136703,0,0,12.2760667801,
MC_G2_D075_DENS_HIGH_V_REF_S030,MC_G2_D075_DENS_HIGH_V_REF,30,6.14703369141,20.4778144345,49.1469604594,0,0,12.2940673828,
MC_G2_D075_DENS_HIGH_V_REF_S030,MC_G2_D075_DENS_HIGH_V_REF,30,6.15600013733,19.9565422071,50.4442129391,0,0,12.3120002747,
MC_G2_D075_DENS_HIGH_V_REF_S030,MC_G2_D075_DENS_HIGH_V_REF,30,6.16503000259,20.7518261948,50.7739469196,0,0,12.3300600052,
MC_G2_D075_DENS_HIGH_V_REF_S030,MC_G2_D075_DENS_HIGH_V_REF,30,6.17401981354,20.817004565,43.7736306472,0,0,12.3480396271,
MC_G2_D075_DENS_HIGH_V_REF_S030,MC_G2_D075_DENS_HIGH_V_REF,30,6.18300580978,21.1959060643,44.3455870362,0,0,12.3660116196,
MC_G2_D075_DENS_HIGH_V_REF_S030,MC_G2_D075_DENS_HIGH_V_REF,30,6.19200897217,20.5792536058,46.9188743735,0,0,12.3840179443,
MC_G2_D075_DENS_HIGH_V_REF_S030,MC_G2_D075_DENS_HIGH_V_REF,30,6.20100593567,21.2506222074,45.6666475354,0,0,12.4020118713,
MC_G2_D075_DENS_HIGH_V_REF_S030,MC_G2_D075_DENS_HIGH_V_REF,30,6.21002388,21.4566328079,47.4906712276,0,0,12.42004776,
MC_G2_D075_DENS_HIGH_V_REF_S030,MC_G2_D075_DENS_HIGH_V_REF,30,6.21900177002,21.0255616445,49.9888153862,0,0,12.43800354,
MC_G2_D075_DENS_HIGH_V_REF_S030,MC_G2_D075_DENS_HIGH_V_REF,30,6.22800445557,21.7946646441,49.8640237795,0,0,12.4560089111,
MC_G2_D075_DENS_HIGH_V_REF_S030,MC_G2_D075_DENS_HIGH_V_REF,30,6.23700904846,20.8483934565,49.0531251351,0,0,12.4740180969,
MC_G2_D075_DENS_HIGH_V_REF_S030,MC_G2_D075_DENS_HIGH_V_REF,30,6.24600028992,20.5047779344,50.8790084049,0,0,12.4920005798,
MC_G2_D075_DENS_HIGH_V_REF_S030,MC_G2_D075_DENS_HIGH_V_REF,30,6.25500774384,22.035848487,50.5864193392,0,0,12.5100154877,
MC_G2_D075_DENS_HIGH_V_REF_S030,MC_G2_D075_DENS_HIGH_V_REF,30,6.26402568817,21.424308881,51.6356498043,0,0,12.5280513763,
MC_G2_D075_DENS_HIGH_V_REF_S030,MC_G2_D075_DENS_HIGH_V_REF,30,6.27303028107,21.0823733277,48.7955209447,0,0,12.5460605621,
MC_G2_D075_DENS_HIGH_V_REF_S030,MC_G2_D075_DENS_HIGH_V_REF,30,6.28202104568,21.241123752,49.6677725187,0,0,12.5640420914,
MC_G2_D075_DENS_HIGH_V_REF_S030,MC_G2_D075_DENS_HIGH_V_REF,30,6.29102182388,21.957917827,46.9265861435,0,0,12.5820436478,
MC_G2_D075_DENS_HIGH_V_REF_S030,MC_G2_D075_DENS_HIGH_V_REF,30,6.30001544952,20.9742076495,44.8417187717,0,0,12.600030899,
MC_G2_D075_DENS_HIGH_V_REF_S030,MC_G2_D075_DENS_HIGH_V_REF,30,6.30902242661,21.5189353366,45.6729772495,0,0,12.6180448532,
MC_G2_D075_DENS_HIGH_V_REF_S030,MC_G2_D075_DENS_HIGH_V_REF,30,6.31802225113,21.6602936624,48.1093254855,0,0,12.6360445023,
MC_G2_D075_DENS_HIGH_V_REF_S030,MC_G2_D075_DENS_HIGH_V_REF,30,6.32701396942,22.717162062,49.7496073924,0,0,12.6540279388,
MC_G2_D075_DENS_HIGH_V_REF_S030,MC_G2_D075_DENS_HIGH_V_REF,30,6.33601093292,22.3851825346,51.1803257013,0,0,12.6720218658,
MC_G2_D075_DENS_HIGH_V_REF_S030,MC_G2_D075_DENS_HIGH_V_REF,30,6.34500360489,22.0980183866,50.1191824717,0,0,12.6900072098,
MC_G2_D075_DENS_HIGH_V_REF_S030,MC_G2_D075_DENS_HIGH_V_REF,30,6.35402393341,21.5817683819,49.0471190247,0,0,12.7080478668,
MC_G2_D075_DENS_HIGH_V_REF_S030,MC_G2_D075_DENS_HIGH_V_REF,30,6.36300754547,21.0515193736,50.1782780763,0,0,12.7260150909,
MC_G2_D075_DENS_HIGH_V_REF_S030,MC_G2_D075_DENS_HIGH_V_REF,30,6.37200403214,20.6645009722,50.7857323257,0,0,12.7440080643,
MC_G2_D075_DENS_HIGH_V_REF_S030,MC_G2_D075_DENS_HIGH_V_REF,30,6.38101768494,21.5864457688,50.3620948668,0,0,12.7620353699,
MC_G2_D075_DENS_HIGH_V_REF_S030,MC_G2_D075_DENS_HIGH_V_REF,30,6.39002227783,21.8804557899,51.3667559511,0,0,12.7800445557,
MC_G2_D075_DENS_HIGH_V_REF_S030,MC_G2_D075_DENS_HIGH_V_REF,30,6.39902591705,20.8535991495,50.1991852788,0,0,12.7980518341,
MC_G2_D075_DENS_HIGH_V_REF_S030,MC_G2_D075_DENS_HIGH_V_REF,30,6.40801620483,21.2188022712,48.6135029965,0,0,12.8160324097,
MC_G2_D075_DENS_HIGH_V_REF_S030,MC_G2_D075_DENS_HIGH_V_REF,30,6.41700267792,22.4019888545,44.9743578734,0,0,12.8340053558,
MC_G2_D075_DENS_HIGH_V_REF_S030,MC_G2_D075_DENS_HIGH_V_REF,30,6.42602348328,21.9263609385,46.9123437913,0,0,12.8520469666,
MC_G2_D075_DENS_HIGH_V_REF_S030,MC_G2_D075_DENS_HIGH_V_REF,30,6.43502664566,23.7191308482,48.3722164585,0,0,12.8700532913,
MC_G2_D075_DENS_HIGH_V_REF_S030,MC_G2_D075_DENS_HIGH_V_REF,30,6.44402599335,21.8380034193,46.1171477399,0,0,12.8880519867,
MC_G2_D075_DENS_HIGH_V_REF_S030,MC_G2_D075_DENS_HIGH_V_REF,30,6.45301103592,22.0750934433,47.6962967665,0,0,12.9060220718,
MC_G2_D075_DENS_HIGH_V_REF_S030,MC_G2_D075_DENS_HIGH_V_REF,30,6.4620141983,21.7134514134,53.2456993991,0,0,12.9240283966,
MC_G2_D075_DENS_HIGH_V_REF_S030,MC_G2_D075_DENS_HIGH_V_REF,30,6.47101259232,20.9615349372,48.3447569213,0,0,12.9420251846,
MC_G2_D075_DENS_HIGH_V_REF_S030,MC_G2_D075_DENS_HIGH_V_REF,30,6.48000144958,21.143853556,50.6806334113,0,0,12.9600028992,
MC_G2_D075_DENS_HIGH_V_REF_S030,MC_G2_D075_DENS_HIGH_V_REF,30,6.48901367188,21.243236976,52.4048243799,0,0,12.9780273438,
MC_G2_D075_DENS_HIGH_V_REF_S030,MC_G2_D075_DENS_HIGH_V_REF,30,6.49800872803,21.7928520461,54.260940257,0,0,12.9960174561,
MC_G2_D075_DENS_HIGH_V_REF_S030,MC_G2_D075_DENS_HIGH_V_REF,30,6.50700092316,21.6634612879,53.5367801319,0,0,13.0140018463,
MC_G2_D075_DENS_HIGH_V_REF_S030,MC_G2_D075_DENS_HIGH_V_REF,30,6.5160241127,19.6911469185,50.0128801543,0,0,13.0320482254,
MC_G2_D075_DENS_HIGH_V_REF_S030,MC_G2_D075_DENS_HIGH_V_REF,30,6.52501916885,21.3718938531,52.5324223476,0,0,13.0500383377,
MC_G2_D075_DENS_HIGH_V_REF_S030,MC_G2_D075_DENS_HIGH_V_REF,30,6.53400993347,20.940559642,46.5611743406,0,0,13.0680198669,
MC_G2_D075_DENS_HIGH_V_REF_S030,MC_G2_D075_DENS_HIGH_V_REF,30,6.54301261902,21.652444229,46.7046867581,0,0,13.086025238,
MC_G2_D075_DENS_HIGH_V_REF_S030,MC_G2_D075_DENS_HIGH_V_REF,30,6.55200958252,22.3047739206,50.4828548977,0,0,13.104019165,
MC_G2_D075_DENS_HIGH_V_REF_S030,MC_G2_D075_DENS_HIGH_V_REF,30,6.56101036072,21.6252287338,49.0011814569,0,0,13.1220207214,
MC_G2_D075_DENS_HIGH_V_REF_S030,MC_G2_D075_DENS_HIGH_V_REF,30,6.57000112534,22.4055123681,55.1212358912,0,0,13.1400022507,
MC_G2_D075_DENS_HIGH_V_REF_S030,MC_G2_D075_DENS_HIGH_V_REF,30,6.57902097702,22.3845901245,54.4264520346,0,0,13.158041954,
MC_G2_D075_DENS_HIGH_V_REF_S030,MC_G2_D075_DENS_HIGH_V_REF,30,6.58801794052,22.6591987159,52.8983319403,0,0,13.176035881,
MC_G2_D075_DENS_HIGH_V_REF_S030,MC_G2_D075_DENS_HIGH_V_REF,30,6.59701395035,21.2316120337,54.2081834575,0,0,13.1940279007,
MC_G2_D075_DENS_HIGH_V_REF_S030,MC_G2_D075_DENS_HIGH_V_REF,30,6.60600280762,21.3927851499,53.6554113795,0,0,13.2120056152,
MC_G2_D075_DENS_HIGH_V_REF_S030,MC_G2_D075_DENS_HIGH_V_REF,30,6.61501073837,23.1550017314,57.3215138329,0,0,13.2300214767,
MC_G2_D075_DENS_HIGH_V_REF_S030,MC_G2_D075_DENS_HIGH_V_REF,30,6.62402200699,21.2342823,53.0509083125,0,0,13.248044014,
MC_G2_D075_DENS_HIGH_V_REF_S030,MC_G2_D075_DENS_HIGH_V_REF,30,6.63300943375,21.4758596092,55.61889661,0,0,13.2660188675,
MC_G2_D075_DENS_HIGH_V_REF_S030,MC_G2_D075_DENS_HIGH_V_REF,30,6.64201164246,21.4333917652,54.7743592908,0,0,13.2840232849,
MC_G2_D075_DENS_HIGH_V_REF_S030,MC_G2_D075_DENS_HIGH_V_REF,30,6.65100574493,21.7460627033,53.0531558854,0,0,13.3020114899,
MC_G2_D075_DENS_HIGH_V_REF_S030,MC_G2_D075_DENS_HIGH_V_REF,30,6.66000795364,22.5729080005,50.8246529494,0,0,13.3200159073,
MC_G2_D075_DENS_HIGH_V_REF_S030,MC_G2_D075_DENS_HIGH_V_REF,30,6.66900777817,22.3392751755,50.6454570544,0,0,13.3380155563,
MC_G2_D075_DENS_HIGH_V_REF_S030,MC_G2_D075_DENS_HIGH_V_REF,30,6.67801332474,21.9022047549,51.5457114594,0,0,13.3560266495,
MC_G2_D075_DENS_HIGH_V_REF_S030,MC_G2_D075_DENS_HIGH_V_REF,30,6.68700456619,23.4791826666,55.6358744654,0,0,13.3740091324,
MC_G2_D075_DENS_HIGH_V_REF_S030,MC_G2_D075_DENS_HIGH_V_REF,30,6.69601392746,22.8990142684,53.1438573563,0,0,13.3920278549,
MC_G2_D075_DENS_HIGH_V_REF_S030,MC_G2_D075_DENS_HIGH_V_REF,30,6.70501708984,23.0330094676,55.0806521631,0,0,13.4100341797,
MC_G2_D075_DENS_HIGH_V_REF_S030,MC_G2_D075_DENS_HIGH_V_REF,30,6.71401691437,22.6575961141,54.0975573202,0,0,13.4280338287,
MC_G2_D075_DENS_HIGH_V_REF_S030,MC_G2_D075_DENS_HIGH_V_REF,30,6.72300958633,22.4438863933,53.7381093684,0,0,13.4460191727,
MC_G2_D075_DENS_HIGH_V_REF_S030,MC_G2_D075_DENS_HIGH_V_REF,30,6.73202180862,21.41091334,54.2847075041,0,0,13.4640436172,
MC_G2_D075_DENS_HIGH_V_REF_S030,MC_G2_D075_DENS_HIGH_V_REF,30,6.74102258682,22.5880851927,54.9990877709,0,0,13.4820451736,
MC_G2_D075_DENS_HIGH_V_REF_S030,MC_G2_D075_DENS_HIGH_V_REF,30,6.75002002716,22.1353645361,55.9538565843,0,0,13.5000400543,
MC_G2_D075_DENS_HIGH_V_REF_S030,MC_G2_D075_DENS_HIGH_V_REF,30,6.75900316238,22.2682854394,55.417478183,0,0,13.5180063248,
MC_G2_D075_DENS_HIGH_V_REF_S030,MC_G2_D075_DENS_HIGH_V_REF,30,6.76801490784,22.1050167831,54.3486096729,0,0,13.5360298157,
MC_G2_D075_DENS_HIGH_V_REF_S030,MC_G2_D075_DENS_HIGH_V_REF,30,6.77700996399,23.2138514821,49.8378613724,0,0,13.554019928,
MC_G2_D075_DENS_HIGH_V_REF_S030,MC_G2_D075_DENS_HIGH_V_REF,30,6.78602170944,22.0658359308,48.132863072,0,0,13.5720434189,
MC_G2_D075_DENS_HIGH_V_REF_S030,MC_G2_D075_DENS_HIGH_V_REF,30,6.79501152039,22.8634829273,54.4961286565,0,0,13.5900230408,
MC_G2_D075_DENS_HIGH_V_REF_S030,MC_G2_D075_DENS_HIGH_V_REF,30,6.80401563644,23.1658773192,51.7346368043,0,0,13.6080312729,
MC_G2_D075_DENS_HIGH_V_REF_S030,MC_G2_D075_DENS_HIGH_V_REF,30,6.81302595139,22.209460004,54.2024467085,0,0,13.6260519028,
MC_G2_D075_DENS_HIGH_V_REF_S030,MC_G2_D075_DENS_HIGH_V_REF,30,6.82202196121,21.6367984139,52.7794806828,0,0,13.6440439224,
MC_G2_D075_DENS_HIGH_V_REF_S030,MC_G2_D075_DENS_HIGH_V_REF,30,6.83101892471,23.8629450232,54.9999018908,0,0,13.6620378494,
MC_G2_D075_DENS_HIGH_V_REF_S030,MC_G2_D075_DENS_HIGH_V_REF,30,6.84001302719,21.2609495949,56.8896444569,0,0,13.6800260544,
MC_G2_D075_DENS_HIGH_V_REF_S030,MC_G2_D075_DENS_HIGH_V_REF,30,6.8490114212,22.4481681033,55.3318256814,0,0,13.6980228424,
MC_G2_D075_DENS_HIGH_V_REF_S030,MC_G2_D075_DENS_HIGH_V_REF,30,6.8580031395,24.2956165779,58.1383519067,0,0,13.716006279,
MC_G2_D075_DENS_HIGH_V_REF_S030,MC_G2_D075_DENS_HIGH_V_REF,30,6.86700105667,23.147990072,55.5686396362,0,0,13.7340021133,
MC_G2_D075_DENS_HIGH_V_REF_S030,MC_G2_D075_DENS_HIGH_V_REF,30,6.87601423264,23.3264867616,56.0832974899,0,0,13.7520284653,
MC_G2_D075_DENS_HIGH_V_REF_S030,MC_G2_D075_DENS_HIGH_V_REF,30,6.88500356674,21.9777193545,57.2124977419,0,0,13.7700071335,
MC_G2_D075_DENS_HIGH_V_REF_S030,MC_G2_D075_DENS_HIGH_V_REF,30,6.89400815964,23.4339716104,50.2563550381,0,0,13.7880163193,
MC_G2_D075_DENS_HIGH_V_REF_S030,MC_G2_D075_DENS_HIGH_V_REF,30,6.9030213356,23.25852318,50.8161369053,0,0,13.8060426712,
MC_G2_D075_DENS_HIGH_V_REF_S030,MC_G2_D075_DENS_HIGH_V_REF,30,6.91201782227,23.794081774,52.1126537003,0,0,13.8240356445,
MC_G2_D075_DENS_HIGH_V_REF_S030,MC_G2_D075_DENS_HIGH_V_REF,30,6.92101049423,21.642819776,51.5868317596,0,0,13.8420209885,
MC_G2_D075_DENS_HIGH_V_REF_S030,MC_G2_D075_DENS_HIGH_V_REF,30,6.93001937866,23.0128277366,52.8722492851,0,0,13.8600387573,
MC_G2_D075_DENS_HIGH_V_REF_S030,MC_G2_D075_DENS_HIGH_V_REF,30,6.93900871277,24.2475407327,56.8403952341,0,0,13.8780174255,
MC_G2_D075_DENS_HIGH_V_REF_S030,MC_G2_D075_DENS_HIGH_V_REF,30,6.94800376892,22.2378757928,54.6277543176,0,0,13.8960075378,
MC_G2_D075_DENS_HIGH_V_REF_S030,MC_G2_D075_DENS_HIGH_V_REF,30,6.95701742172,22.5006140781,55.4257669716,0,0,13.9140348434,
MC_G2_D075_DENS_HIGH_V_REF_S030,MC_G2_D075_DENS_HIGH_V_REF,30,6.9660153389,23.6644058631,60.456717746,0,0,13.9320306778,
MC_G2_D075_DENS_HIGH_V_REF_S030,MC_G2_D075_DENS_HIGH_V_REF,30,6.97500658035,25.1020590955,59.8443472657,0,0,13.9500131607,
MC_G2_D075_DENS_HIGH_V_REF_S030,MC_G2_D075_DENS_HIGH_V_REF,30,6.98401594162,24.731619334,58.5039763676,0,0,13.9680318832,
MC_G2_D075_DENS_HIGH_V_REF_S030,MC_G2_D075_DENS_HIGH_V_REF,30,6.99302053452,23.8081006719,59.2553541672,0,0,13.986041069,
MC_G2_D075_DENS_HIGH_V_REF_S030,MC_G2_D075_DENS_HIGH_V_REF,30,7.00200176239,23.525286759,58.4983655242,0,0,14.0040035248,
MC_G2_D075_DENS_HIGH_V_REF_S030,MC_G2_D075_DENS_HIGH_V_REF,30,7.01101016998,22.3228136913,52.0119046016,0,0,14.02202034,
MC_G2_D075_DENS_HIGH_V_REF_S030,MC_G2_D075_DENS_HIGH_V_REF,30,7.0200138092,23.7720321829,53.7137356,0,0,14.0400276184,
MC_G2_D075_DENS_HIGH_V_REF_S030,MC_G2_D075_DENS_HIGH_V_REF,30,7.02901077271,23.8164032547,54.4708810297,0,0,14.0580215454,
MC_G2_D075_DENS_HIGH_V_REF_S030,MC_G2_D075_DENS_HIGH_V_REF,30,7.03801488876,22.9003538225,55.2290968166,0,0,14.0760297775,
MC_G2_D075_DENS_HIGH_V_REF_S030,MC_G2_D075_DENS_HIGH_V_REF,30,7.04700517654,23.2662864044,56.3981530638,0,0,14.0940103531,
MC_G2_D075_DENS_HIGH_V_REF_S030,MC_G2_D075_DENS_HIGH_V_REF,30,7.05601406097,24.8071936166,58.8730529048,0,0,14.1120281219,
MC_G2_D075_DENS_HIGH_V_REF_S030,MC_G2_D075_DENS_HIGH_V_REF,30,7.06500339508,23.1154870958,55.6083745971,0,0,14.1300067902,
MC_G2_D075_DENS_HIGH_V_REF_S030,MC_G2_D075_DENS_HIGH_V_REF,30,7.07401132584,23.8312068749,57.9629974741,0,0,14.1480226517,
MC_G2_D075_DENS_HIGH_V_REF_S030,MC_G2_D075_DENS_HIGH_V_REF,30,7.08300971985,23.5148775836,59.8610954571,0,0,14.1660194397,
MC_G2_D075_DENS_HIGH_V_REF_S030,MC_G2_D075_DENS_HIGH_V_REF,30,7.09200429916,23.1682933797,59.3117752485,0,0,14.1840085983,
MC_G2_D075_DENS_HIGH_V_REF_S030,MC_G2_D075_DENS_HIGH_V_REF,30,7.1010093689,23.0437369528,59.4844305345,0,0,14.2020187378,
MC_G2_D075_DENS_HIGH_V_REF_S030,MC_G2_D075_DENS_HIGH_V_REF,30,7.11000299454,23.3990017326,59.3087586111,0,0,14.2200059891,
MC_G2_D075_DENS_HIGH_V_REF_S030,MC_G2_D075_DENS_HIGH_V_REF,30,7.11901712418,23.1955552951,59.9731882094,0,0,14.2380342484,
MC_G2_D075_DENS_HIGH_V_REF_S030,MC_G2_D075_DENS_HIGH_V_REF,30,7.12801647186,24.0692827754,59.2166780337,0,0,14.2560329437,
MC_G2_D075_DENS_HIGH_V_REF_S030,MC_G2_D075_DENS_HIGH_V_REF,30,7.13700628281,22.6831957446,53.920678719,0,0,14.2740125656,
MC_G2_D075_DENS_HIGH_V_REF_S030,MC_G2_D075_DENS_HIGH_V_REF,30,7.14601230621,23.8565567206,53.8316149746,0,0,14.2920246124,
MC_G2_D075_DENS_HIGH_V_REF_S030,MC_G2_D075_DENS_HIGH_V_REF,30,7.15501737595,22.8095935057,55.3699450769,0,0,14.3100347519,
MC_G2_D075_DENS_HIGH_V_REF_S030,MC_G2_D075_DENS_HIGH_V_REF,30,7.16401195526,24.8183764619,60.8628980967,0,0,14.3280239105,
MC_G2_D075_DENS_HIGH_V_REF_S030,MC_G2_D075_DENS_HIGH_V_REF,30,7.17301130295,23.2734815341,59.0739548695,0,0,14.3460226059,
MC_G2_D075_DENS_HIGH_V_REF_S030,MC_G2_D075_DENS_HIGH_V_REF,30,7.18200922012,23.4042030046,57.0423606238,0,0,14.3640184402,
MC_G2_D075_DENS_HIGH_V_REF_S030,MC_G2_D075_DENS_HIGH_V_REF,30,7.19101905823,24.6586843709,61.394580041,0,0,14.3820381165,
MC_G2_D075_DENS_HIGH_V_REF_S030,MC_G2_D075_DENS_HIGH_V_REF,30,7.20001745224,22.3311118532,60.9826953066,0,0,14.4000349045,
MC_G2_D075_DENS_HIGH_V_REF_S030,MC_G2_D075_DENS_HIGH_V_REF,30,7.20900297165,24.6764964616,62.4446681957,0,0,14.4180059433,
MC_G2_D075_DENS_HIGH_V_REF_S030,MC_G2_D075_DENS_HIGH_V_REF,30,7.21801805496,23.9868979875,60.7988315104,0,0,14.4360361099,
MC_G2_D075_DENS_HIGH_V_REF_S030,MC_G2_D075_DENS_HIGH_V_REF,30,7.22701263428,24.6291412345,60.6906024229,0,0,14.4540252686,
MC_G2_D075_DENS_HIGH_V_REF_S030,MC_G2_D075_DENS_HIGH_V_REF,30,7.23601436615,22.7616193428,61.4400660562,0,0,14.4720287323,
MC_G2_D075_DENS_HIGH_V_REF_S030,MC_G2_D075_DENS_HIGH_V_REF,30,7.2450170517,22.3840949758,59.03988095,0,0,14.4900341034,
MC_G2_D075_DENS_HIGH_V_REF_S030,MC_G2_D075_DENS_HIGH_V_REF,30,7.25401353836,24.046461725,56.4788144175,0,0,14.5080270767,
MC_G2_D075_DENS_HIGH_V_REF_S030,MC_G2_D075_DENS_HIGH_V_REF,30,7.26301288605,23.9481769162,54.5734101832,0,0,14.5260257721,
MC_G2_D075_DENS_HIGH_V_REF_S030,MC_G2_D075_DENS_HIGH_V_REF,30,7.27200031281,23.4305652525,55.7730104014,0,0,14.5440006256,
MC_G2_D075_DENS_HIGH_V_REF_S030,MC_G2_D075_DENS_HIGH_V_REF,30,7.28100585938,23.5336247096,56.9389710265,0,0,14.5620117188,
MC_G2_D075_DENS_HIGH_V_REF_S030,MC_G2_D075_DENS_HIGH_V_REF,30,7.29002189636,22.6444923571,58.2402359826,0,0,14.5800437927,
MC_G2_D075_DENS_HIGH_V_REF_S030,MC_G2_D075_DENS_HIGH_V_REF,30,7.29900217056,25.5686881257,61.4467804502,0,0,14.5980043411,
MC_G2_D075_DENS_HIGH_V_REF_S030,MC_G2_D075_DENS_HIGH_V_REF,30,7.30802297592,24.3853667029,60.913670008,0,0,14.6160459518,
MC_G2_D075_DENS_HIGH_V_REF_S030,MC_G2_D075_DENS_HIGH_V_REF,30,7.31702232361,23.1221494986,59.3688478493,0,0,14.6340446472,
MC_G2_D075_DENS_HIGH_V_REF_S030,MC_G2_D075_DENS_HIGH_V_REF,30,7.32601547241,24.0194739097,63.8569273756,0,0,14.6520309448,
MC_G2_D075_DENS_HIGH_V_REF_S030,MC_G2_D075_DENS_HIGH_V_REF,30,7.33501291275,25.4365541552,63.1771145543,0,0,14.6700258255,
MC_G2_D075_DENS_HIGH_V_REF_S030,MC_G2_D075_DENS_HIGH_V_REF,30,7.34400749207,24.9514078895,63.589933888,0,0,14.6880149841,
MC_G2_D075_DENS_HIGH_V_REF_S030,MC_G2_D075_DENS_HIGH_V_REF,30,7.35301733017,24.7910106536,64.1148724647,0,0,14.7060346603,
MC_G2_D075_DENS_HIGH_V_REF_S030,MC_G2_D075_DENS_HIGH_V_REF,30,7.36200761795,23.2730504895,62.5811833833,0,0,14.7240152359,
MC_G2_D075_DENS_HIGH_V_REF_S030,MC_G2_D075_DENS_HIGH_V_REF,30,7.37101840973,23.8712896052,57.7223957346,0,0,14.7420368195,
MC_G2_D075_DENS_HIGH_V_REF_S030,MC_G2_D075_DENS_HIGH_V_REF,30,7.38001489639,23.4794081361,55.8346137975,0,0,14.7600297928,
MC_G2_D075_DENS_HIGH_V_REF_S030,MC_G2_D075_DENS_HIGH_V_REF,30,7.38901901245,23.5640763554,56.394950683,0,0,14.7780380249,
MC_G2_D075_DENS_HIGH_V_REF_S030,MC_G2_D075_DENS_HIGH_V_REF,30,7.39801454544,23.9019203003,58.2385663292,0,0,14.7960290909,
MC_G2_D075_DENS_HIGH_V_REF_S030,MC_G2_D075_DENS_HIGH_V_REF,30,7.40701293945,24.0254576935,59.317285693,0,0,14.8140258789,
MC_G2_D075_DENS_HIGH_V_REF_S030,MC_G2_D075_DENS_HIGH_V_REF,30,7.41601085663,23.4404439114,62.4460769766,0,0,14.8320217133,
MC_G2_D075_DENS_HIGH_V_REF_S030,MC_G2_D075_DENS_HIGH_V_REF,30,7.42500782013,24.3762992921,64.1494305364,0,0,14.8500156403,
MC_G2_D075_DENS_HIGH_V_REF_S030,MC_G2_D075_DENS_HIGH_V_REF,30,7.43401002884,23.1843746604,64.3432295492,0,0,14.8680200577,
MC_G2_D075_DENS_HIGH_V_REF_S030,MC_G2_D075_DENS_HIGH_V_REF,30,7.44301366806,23.8608959033,63.2729031099,0,0,14.8860273361,
MC_G2_D075_DENS_HIGH_V_REF_S030,MC_G2_D075_DENS_HIGH_V_REF,30,7.45200014114,24.5816202211,63.6868748584,0,0,14.9040002823,
MC_G2_D075_DENS_HIGH_V_REF_S030,MC_G2_D075_DENS_HIGH_V_REF,30,7.46100139618,24.6638701694,65.1837999113,0,0,14.9220027924,
MC_G2_D075_DENS_HIGH_V_REF_S030,MC_G2_D075_DENS_HIGH_V_REF,30,7.47001314163,24.8207571546,64.8608599964,0,0,14.9400262833,
MC_G2_D075_DENS_HIGH_V_REF_S030,MC_G2_D075_DENS_HIGH_V_REF,30,7.47901248932,24.7789170884,64.7695348588,0,0,14.9580249786,
MC_G2_D075_DENS_HIGH_V_REF_S030,MC_G2_D075_DENS_HIGH_V_REF,30,7.48802089691,23.5625201737,63.6386879567,0,0,14.9760417938,
MC_G2_D075_DENS_HIGH_V_REF_S030,MC_G2_D075_DENS_HIGH_V_REF,30,7.49702167511,23.3640959589,58.031733641,0,0,14.9940433502,
MC_G2_D075_DENS_HIGH_V_REF_S030,MC_G2_D075_DENS_HIGH_V_REF,30,7.50602197647,24.0556175552,58.8853216436,0,0,15.0120439529,
MC_G2_D075_DENS_HIGH_V_REF_S030,MC_G2_D075_DENS_HIGH_V_REF,30,7.51501655579,25.1320708547,59.6692049309,0,0,15.0300331116,
MC_G2_D075_DENS_HIGH_V_REF_S030,MC_G2_D075_DENS_HIGH_V_REF,30,7.5240187645,24.4953980307,60.3399140061,0,0,15.048037529,
MC_G2_D075_DENS_HIGH_V_REF_S030,MC_G2_D075_DENS_HIGH_V_REF,30,7.53301906586,24.5538012634,61.3963756249,0,0,15.0660381317,
MC_G2_D075_DENS_HIGH_V_REF_S030,MC_G2_D075_DENS_HIGH_V_REF,30,7.54200839996,23.6352760876,63.7970761176,0,0,15.0840167999,
MC_G2_D075_DENS_HIGH_V_REF_S030,MC_G2_D075_DENS_HIGH_V_REF,30,7.55101680756,24.8082789649,65.4360682521,0,0,15.1020336151,
MC_G2_D075_DENS_HIGH_V_REF_S030,MC_G2_D075_DENS_HIGH_V_REF,30,7.56001567841,22.8241628145,64.8962358765,0,0,15.1200313568,
MC_G2_D075_DENS_HIGH_V_REF_S030,MC_G2_D075_DENS_HIGH_V_REF,30,7.56900024414,24.1176769305,66.1835207406,0,0,15.1380004883,
MC_G2_D075_DENS_HIGH_V_REF_S030,MC_G2_D075_DENS_HIGH_V_REF,30,7.57801532745,23.716456161,64.672220787,0,0,15.1560306549,
MC_G2_D075_DENS_HIGH_V_REF_S030,MC_G2_D075_DENS_HIGH_V_REF,30,7.58700561523,23.5862121554,65.2769396328,0,0,15.1740112305,
MC_G2_D075_DENS_HIGH_V_REF_S030,MC_G2_D075_DENS_HIGH_V_REF,30,7.59600353241,23.1859131582,66.2528649905,0,0,15.1920070648,
MC_G2_D075_DENS_HIGH_V_REF_S030,MC_G2_D075_DENS_HIGH_V_REF,30,7.60500192642,22.8376246701,64.2752534585,0,0,15.2100038528,
MC_G2_D075_DENS_HIGH_V_REF_S030,MC_G2_D075_DENS_HIGH_V_REF,30,7.61400270462,24.6773519194,62.7560713002,0,0,15.2280054092,
MC_G2_D075_DENS_HIGH_V_REF_S030,MC_G2_D075_DENS_HIGH_V_REF,30,7.62301635742,24.8397960646,58.6681735688,0,0,15.2460327148,
MC_G2_D075_DENS_HIGH_V_REF_S030,MC_G2_D075_DENS_HIGH_V_REF,30,7.63201332092,24.1641148062,60.9108773012,0,0,15.2640266418,
MC_G2_D075_DENS_HIGH_V_REF_S030,MC_G2_D075_DENS_HIGH_V_REF,30,7.64100885391,25.3843690178,62.039659615,0,0,15.2820177078,
MC_G2_D075_DENS_HIGH_V_REF_S030,MC_G2_D075_DENS_HIGH_V_REF,30,7.65001821518,24.2988858857,64.8346735941,0,0,15.3000364304,
MC_G2_D075_DENS_HIGH_V_REF_S030,MC_G2_D075_DENS_HIGH_V_REF,30,7.65900993347,22.8269944461,63.5963873184,0,0,15.3180198669,
MC_G2_D075_DENS_HIGH_V_REF_S030,MC_G2_D075_DENS_HIGH_V_REF,30,7.66801023483,24.1360283797,65.974042446,0,0,15.3360204697,
MC_G2_D075_DENS_HIGH_V_REF_S030,MC_G2_D075_DENS_HIGH_V_REF,30,7.67701339722,23.470020205,65.9788482262,0,0,15.3540267944,
MC_G2_D075_DENS_HIGH_V_REF_S030,MC_G2_D075_DENS_HIGH_V_REF,30,7.68600940704,24.4467673536,66.0566575736,0,0,15.3720188141,
MC_G2_D075_DENS_HIGH_V_REF_S030,MC_G2_D075_DENS_HIGH_V_REF,30,7.69500017166,23.6039093009,66.9313759059,0,0,15.3900003433,
MC_G2_D075_DENS_HIGH_V_REF_S030,MC_G2_D075_DENS_HIGH_V_REF,30,7.70401477814,22.5330772655,66.9935603331,0,0,15.4080295563,
MC_G2_D075_DENS_HIGH_V_REF_S030,MC_G2_D075_DENS_HIGH_V_REF,30,7.71301221848,24.3355821525,68.4860987352,0,0,15.426024437,
MC_G2_D075_DENS_HIGH_V_REF_S030,MC_G2_D075_DENS_HIGH_V_REF,30,7.72201728821,23.8788605175,67.9488765931,0,0,15.4440345764,
MC_G2_D075_DENS_HIGH_V_REF_S030,MC_G2_D075_DENS_HIGH_V_REF,30,7.73100852966,24.7005553838,65.8053843496,0,0,15.4620170593,
MC_G2_D075_DENS_HIGH_V_REF_S030,MC_G2_D075_DENS_HIGH_V_REF,30,7.74001502991,23.9990335519,61.2618779226,0,0,15.4800300598,
MC_G2_D075_DENS_HIGH_V_REF_S030,MC_G2_D075_DENS_HIGH_V_REF,30,7.74901485443,24.369835833,60.7155686772,0,0,15.4980297089,
MC_G2_D075_DENS_HIGH_V_REF_S030,MC_G2_D075_DENS_HIGH_V_REF,30,7.75800228119,25.184956716,62.3647799626,0,0,15.5160045624,
MC_G2_D075_DENS_HIGH_V_REF_S030,MC_G2_D075_DENS_HIGH_V_REF,30,7.76700353622,24.2617364694,65.7148360382,0,0,15.5340070724,
MC_G2_D075_DENS_HIGH_V_REF_S030,MC_G2_D075_DENS_HIGH_V_REF,30,7.77600288391,24.5849801588,70.4484333981,0,0,15.5520057678,
MC_G2_D075_DENS_HIGH_V_REF_S030,MC_G2_D075_DENS_HIGH_V_REF,30,7.78500843048,24.2806582237,67.8390129498,0,0,15.570016861,
MC_G2_D075_DENS_HIGH_V_REF_S030,MC_G2_D075_DENS_HIGH_V_REF,30,7.79400587082,24.328123975,68.7135807965,0,0,15.5880117416,
MC_G2_D075_DENS_HIGH_V_REF_S030,MC_G2_D075_DENS_HIGH_V_REF,30,7.80300807953,24.0914185754,68.1610219096,0,0,15.6060161591,
MC_G2_D075_DENS_HIGH_V_REF_S030,MC_G2_D075_DENS_HIGH_V_REF,30,7.81201505661,22.6342909673,69.7129191076,0,0,15.6240301132,
MC_G2_D075_DENS_HIGH_V_REF_S030,MC_G2_D075_DENS_HIGH_V_REF,30,7.82100820541,24.7235731674,71.052962586,0,0,15.6420164108,
MC_G2_D075_DENS_HIGH_V_REF_S030,MC_G2_D075_DENS_HIGH_V_REF,30,7.83001470566,23.9849704443,70.073444055,0,0,15.6600294113,
MC_G2_D075_DENS_HIGH_V_REF_S030,MC_G2_D075_DENS_HIGH_V_REF,30,7.8390083313,24.0181874072,68.8514582493,0,0,15.6780166626,
MC_G2_D075_DENS_HIGH_V_REF_S030,MC_G2_D075_DENS_HIGH_V_REF,30,7.84801149368,24.5983049643,71.0877988273,0,0,15.6960229874,
MC_G2_D075_DENS_HIGH_V_REF_S030,MC_G2_D075_DENS_HIGH_V_REF,30,7.85700464249,24.0637830879,64.5689058962,0,0,15.714009285,
MC_G2_D075_DENS_HIGH_V_REF_S030,MC_G2_D075_DENS_HIGH_V_REF,30,7.86600399017,25.8625876225,62.2316085466,0,0,15.7320079803,
MC_G2_D075_DENS_HIGH_V_REF_S030,MC_G2_D075_DENS_HIGH_V_REF,30,7.87501859665,24.9006639884,62.4012216775,0,0,15.7500371933,
MC_G2_D075_DENS_HIGH_V_REF_S030,MC_G2_D075_DENS_HIGH_V_REF,30,7.88401079178,24.3176086964,64.794006571,0,0,15.7680215836,
MC_G2_D075_DENS_HIGH_V_REF_S030,MC_G2_D075_DENS_HIGH_V_REF,30,7.89302015305,24.7148218561,69.6829484524,0,0,15.7860403061,
MC_G2_D075_DENS_HIGH_V_REF_S030,MC_G2_D075_DENS_HIGH_V_REF,30,7.90200662613,24.8336818622,69.6169067303,0,0,15.8040132523,
MC_G2_D075_DENS_HIGH_V_REF_S030,MC_G2_D075_DENS_HIGH_V_REF,30,7.91101646423,23.9498060438,71.4398454215,0,0,15.8220329285,
MC_G2_D075_DENS_HIGH_V_REF_S030,MC_G2_D075_DENS_HIGH_V_REF,30,7.92000246048,25.2140091246,71.5864061934,0,0,15.840004921,
MC_G2_D075_DENS_HIGH_V_REF_S030,MC_G2_D075_DENS_HIGH_V_REF,30,7.92900514603,23.3702366871,69.2786992611,0,0,15.8580102921,
MC_G2_D075_DENS_HIGH_V_REF_S030,MC_G2_D075_DENS_HIGH_V_REF,30,7.93800926208,24.556495845,73.2769794477,0,0,15.8760185242,
MC_G2_D075_DENS_HIGH_V_REF_S030,MC_G2_D075_DENS_HIGH_V_REF,30,7.94700956345,23.8952357927,70.1426139676,0,0,15.8940191269,
MC_G2_D075_DENS_HIGH_V_REF_S030,MC_G2_D075_DENS_HIGH_V_REF,30,7.9560084343,23.5485786428,70.2528498288,0,0,15.9120168686,
MC_G2_D075_DENS_HIGH_V_REF_S030,MC_G2_D075_DENS_HIGH_V_REF,30,7.96501255035,23.2900358587,71.5796545322,0,0,15.9300251007,
MC_G2_D075_DENS_HIGH_V_REF_S030,MC_G2_D075_DENS_HIGH_V_REF,30,7.97400426865,24.8386753486,64.703394972,0,0,15.9480085373,
MC_G2_D075_DENS_HIGH_V_REF_S030,MC_G2_D075_DENS_HIGH_V_REF,30,7.98302125931,24.5816644308,64.0140392605,0,0,15.9660425186,
MC_G2_D075_DENS_HIGH_V_REF_S030,MC_G2_D075_DENS_HIGH_V_REF,30,7.99200487137,24.7624799196,63.7162774228,0,0,15.9840097427,
MC_G2_D075_DENS_HIGH_V_REF_S030,MC_G2_D075_DENS_HIGH_V_REF,30,8.00100517273,24.9698455475,66.8335637181,0,0,16.0020103455,
MC_G2_D075_DENS_HIGH_V_REF_S030,MC_G2_D075_DENS_HIGH_V_REF,30,8.01001739502,23.8815064684,68.0949662058,0,0,16.02003479,
MC_G2_D075_DENS_HIGH_V_REF_S030,MC_G2_D075_DENS_HIGH_V_REF,30,8.01901721954,26.7381431742,70.6507952363,0,0,16.0380344391,
MC_G2_D075_DENS_HIGH_V_REF_S030,MC_G2_D075_DENS_HIGH_V_REF,30,8.02801990509,25.3624918445,72.2866880191,0,0,16.0560398102,
MC_G2_D075_DENS_HIGH_V_REF_S030,MC_G2_D075_DENS_HIGH_V_REF,30,8.03702068329,26.2185929149,70.2161840995,0,0,16.0740413666,
MC_G2_D075_DENS_HIGH_V_REF_S030,MC_G2_D075_DENS_HIGH_V_REF,30,8.04600715637,25.3091660967,72.1481262601,0,0,16.0920143127,
MC_G2_D075_DENS_HIGH_V_REF_S030,MC_G2_D075_DENS_HIGH_V_REF,30,8.05500411987,24.9239580827,70.4159682343,0,0,16.1100082397,
MC_G2_D075_DENS_HIGH_V_REF_S030,MC_G2_D075_DENS_HIGH_V_REF,30,8.06401348114,24.2122812813,72.811092187,0,0,16.1280269623,
MC_G2_D075_DENS_HIGH_V_REF_S030,MC_G2_D075_DENS_HIGH_V_REF,30,8.07300949097,25.6090957974,70.7593264879,0,0,16.1460189819,
MC_G2_D075_DENS_HIGH_V_REF_S030,MC_G2_D075_DENS_HIGH_V_REF,30,8.08201122284,25.2910754848,73.4252264731,0,0,16.1640224457,
MC_G2_D075_DENS_HIGH_V_REF_S030,MC_G2_D075_DENS_HIGH_V_REF,30,8.09100341797,24.9275788577,71.6410654304,0,0,16.1820068359,
MC_G2_D075_DENS_HIGH_V_REF_S030,MC_G2_D075_DENS_HIGH_V_REF,30,8.10001564026,24.8037430491,67.045905084,0,0,16.2000312805,
MC_G2_D075_DENS_HIGH_V_REF_S030,MC_G2_D075_DENS_HIGH_V_REF,30,8.10901355743,25.0176450821,65.7429808808,0,0,16.2180271149,
MC_G2_D075_DENS_HIGH_V_REF_S030,MC_G2_D075_DENS_HIGH_V_REF,30,8.11800384521,25.7970445223,66.0984244758,0,0,16.2360076904,
MC_G2_D075_DENS_HIGH_V_REF_S030,MC_G2_D075_DENS_HIGH_V_REF,30,8.12700271606,24.7710256558,69.2409726713,0,0,16.2540054321,
MC_G2_D075_DENS_HIGH_V_REF_S030,MC_G2_D075_DENS_HIGH_V_REF,30,8.13601112366,25.2357912469,70.8716656296,0,0,16.2720222473,
MC_G2_D075_DENS_HIGH_V_REF_S030,MC_G2_D075_DENS_HIGH_V_REF,30,8.14501953125,24.929484296,71.58124199,0,0,16.2900390625,
MC_G2_D075_DENS_HIGH_V_REF_S030,MC_G2_D075_DENS_HIGH_V_REF,30,8.15400218964,26.1619713334,74.3116710025,0,0,16.3080043793,
MC_G2_D075_DENS_HIGH_V_REF_S030,MC_G2_D075_DENS_HIGH_V_REF,30,8.16300201416,24.798254414,71.5388356041,0,0,16.3260040283,
MC_G2_D075_DENS_HIGH_V_REF_S030,MC_G2_D075_DENS_HIGH_V_REF,30,8.17202281952,26.9655976927,73.7861530471,0,0,16.344045639,
MC_G2_D075_DENS_HIGH_V_REF_S030,MC_G2_D075_DENS_HIGH_V_REF,30,8.18101882935,25.3227340556,73.4674373336,0,0,16.3620376587,
MC_G2_D075_DENS_HIGH_V_REF_S030,MC_G2_D075_DENS_HIGH_V_REF,30,8.19001102448,25.574828854,75.7859798251,0,0,16.380022049,
MC_G2_D075_DENS_HIGH_V_REF_S030,MC_G2_D075_DENS_HIGH_V_REF,30,8.19901275635,24.4514336882,72.1792941048,0,0,16.3980255127,
MC_G2_D075_DENS_HIGH_V_REF_S030,MC_G2_D075_DENS_HIGH_V_REF,30,8.20800304413,24.5016868614,72.681620118,0,0,16.4160060883,
MC_G2_D075_DENS_HIGH_V_REF_S030,MC_G2_D075_DENS_HIGH_V_REF,30,8.21700000763,25.3379687204,67.5070887483,0,0,16.4340000153,
MC_G2_D075_DENS_HIGH_V_REF_S030,MC_G2_D075_DENS_HIGH_V_REF,30,8.22601985931,25.4327366471,65.3977181811,0,0,16.4520397186,
MC_G2_D075_DENS_HIGH_V_REF_S030,MC_G2_D075_DENS_HIGH_V_REF,30,8.23501396179,24.9380211903,67.6669893779,0,0,16.4700279236,
MC_G2_D075_DENS_HIGH_V_REF_S030,MC_G2_D075_DENS_HIGH_V_REF,30,8.2440071106,25.2813095607,71.1549875123,0,0,16.4880142212,
MC_G2_D075_DENS_HIGH_V_REF_S030,MC_G2_D075_DENS_HIGH_V_REF,30,8.25300979614,25.3915376217,71.8950570573,0,0,16.5060195923,
MC_G2_D075_DENS_HIGH_V_REF_S030,MC_G2_D075_DENS_HIGH_V_REF,30,8.26202201843,26.3147490263,74.3061258622,0,0,16.5240440369,
MC_G2_D075_DENS_HIGH_V_REF_S030,MC_G2_D075_DENS_HIGH_V_REF,30,8.27100849152,25.3225638482,74.243331685,0,0,16.542016983,
MC_G2_D075_DENS_HIGH_V_REF_S030,MC_G2_D075_DENS_HIGH_V_REF,30,8.28001022339,26.1200649527,75.0889823824,0,0,16.5600204468,
MC_G2_D075_DENS_HIGH_V_REF_S030,MC_G2_D075_DENS_HIGH_V_REF,30,8.28901004791,27.0430906766,75.9119630472,0,0,16.5780200958,
MC_G2_D075_DENS_HIGH_V_REF_S030,MC_G2_D075_DENS_HIGH_V_REF,30,8.29801750183,25.6440502018,76.1336731756,0,0,16.5960350037,
MC_G2_D075_DENS_HIGH_V_REF_S030,MC_G2_D075_DENS_HIGH_V_REF,30,8.30700874329,25.6356525681,74.9344454818,0,0,16.6140174866,
MC_G2_D075_DENS_HIGH_V_REF_S030,MC_G2_D075_DENS_HIGH_V_REF,30,8.31600952148,25.4239588099,74.4602127029,0,0,16.632019043,
MC_G2_D075_DENS_HIGH_V_REF_S030,MC_G2_D075_DENS_HIGH_V_REF,30,8.32500267029,24.0316536838,74.019825945,0,0,16.6500053406,
MC_G2_D075_DENS_HIGH_V_REF_S030,MC_G2_D075_DENS_HIGH_V_REF,30,8.3340139389,26.2177042998,73.9950928036,0,0,16.6680278778,
MC_G2_D075_DENS_HIGH_V_REF_S030,MC_G2_D075_DENS_HIGH_V_REF,30,8.3430109024,25.0087103004,68.1293738762,0,0,16.6860218048,
MC_G2_D075_DENS_HIGH_V_REF_S030,MC_G2_D075_DENS_HIGH_V_REF,30,8.35200214386,25.9820444598,69.8016674043,0,0,16.7040042877,
MC_G2_D075_DENS_HIGH_V_REF_S030,MC_G2_D075_DENS_HIGH_V_REF,30,8.3610124588,27.0093233029,71.6238659281,0,0,16.7220249176,
MC_G2_D075_DENS_HIGH_V_REF_S030,MC_G2_D075_DENS_HIGH_V_REF,30,8.3700170517,24.5094633488,74.4869085797,0,0,16.7400341034,
MC_G2_D075_DENS_HIGH_V_REF_S030,MC_G2_D075_DENS_HIGH_V_REF,30,8.37900447845,25.3758409654,74.7521228815,0,0,16.7580089569,
MC_G2_D075_DENS_HIGH_V_REF_S030,MC_G2_D075_DENS_HIGH_V_REF,30,8.38800811768,24.8190727648,74.775198139,0,0,16.7760162354,
MC_G2_D075_DENS_HIGH_V_REF_S030,MC_G2_D075_DENS_HIGH_V_REF,30,8.39700222015,24.8075251894,74.011208674,0,0,16.7940044403,
MC_G2_D075_DENS_HIGH_V_REF_S030,MC_G2_D075_DENS_HIGH_V_REF,30,8.40601634979,25.2249775527,75.0131088288,0,0,16.8120326996,
MC_G2_D075_DENS_HIGH_V_REF_S030,MC_G2_D075_DENS_HIGH_V_REF,30,8.41500759125,27.5705367895,78.7012531683,0,0,16.8300151825,
MC_G2_D075_DENS_HIGH_V_REF_S030,MC_G2_D075_DENS_HIGH_V_REF,30,8.42400169373,25.6478367631,77.5748063344,0,0,16.8480033875,
MC_G2_D075_DENS_HIGH_V_REF_S030,MC_G2_D075_DENS_HIGH_V_REF,30,8.43300533295,25.3013785569,75.660110585,0,0,16.8660106659,
MC_G2_D075_DENS_HIGH_V_REF_S030,MC_G2_D075_DENS_HIGH_V_REF,30,8.44200992584,24.1414175429,77.1566369848,0,0,16.8840198517,
MC_G2_D075_DENS_HIGH_V_REF_S030,MC_G2_D075_DENS_HIGH_V_REF,30,8.45101356506,24.1157781237,75.1157846366,0,0,16.9020271301,
MC_G2_D075_DENS_HIGH_V_REF_S030,MC_G2_D075_DENS_HIGH_V_REF,30,8.46000099182,25.1974150113,70.0702453326,0,0,16.9200019836,
MC_G2_D075_DENS_HIGH_V_REF_S030,MC_G2_D075_DENS_HIGH_V_REF,30,8.46900558472,26.2485715168,69.3292413986,0,0,16.9380111694,
MC_G2_D075_DENS_HIGH_V_REF_S030,MC_G2_D075_DENS_HIGH_V_REF,30,8.47800064087,26.0689806369,72.5513923202,0,0,16.9560012817,
MC_G2_D075_DENS_HIGH_V_REF_S030,MC_G2_D075_DENS_HIGH_V_REF,30,8.48700904846,25.8906895224,71.8568242021,0,0,16.9740180969,
MC_G2_D075_DENS_HIGH_V_REF_S030,MC_G2_D075_DENS_HIGH_V_REF,30,8.49601078033,26.6554157611,75.7413331092,0,0,16.9920215607,
MC_G2_D075_DENS_HIGH_V_REF_S030,MC_G2_D075_DENS_HIGH_V_REF,30,8.50500583649,23.8746318591,75.0930368059,0,0,17.010011673,
MC_G2_D075_DENS_HIGH_V_REF_S030,MC_G2_D075_DENS_HIGH_V_REF,30,8.51401519775,25.1906310318,77.6056378465,0,0,17.0280303955,
MC_G2_D075_DENS_HIGH_V_REF_S030,MC_G2_D075_DENS_HIGH_V_REF,30,8.52300167084,25.0843111089,77.3362253026,0,0,17.0460033417,
MC_G2_D075_DENS_HIGH_V_REF_S030,MC_G2_D075_DENS_HIGH_V_REF,30,8.53202152252,25.4791590493,78.0831603594,0,0,17.064043045,
MC_G2_D075_DENS_HIGH_V_REF_S030,MC_G2_D075_DENS_HIGH_V_REF,30,8.5410194397,26.7706196245,78.638829882,0,0,17.0820388794,
MC_G2_D075_DENS_HIGH_V_REF_S030,MC_G2_D075_DENS_HIGH_V_REF,30,8.5500164032,26.1455231121,79.2544783573,0,0,17.1000328064,
MC_G2_D075_DENS_HIGH_V_REF_S030,MC_G2_D075_DENS_HIGH_V_REF,30,8.55902004242,25.1563972457,78.902998688,0,0,17.1180400848,
MC_G2_D075_DENS_HIGH_V_REF_S030,MC_G2_D075_DENS_HIGH_V_REF,30,8.56801509857,26.6455238393,78.1310988326,0,0,17.1360301971,
MC_G2_D075_DENS_HIGH_V_REF_S030,MC_G2_D075_DENS_HIGH_V_REF,30,8.57701206207,27.2525496341,73.8601035239,0,0,17.1540241241,
MC_G2_D075_DENS_HIGH_V_REF_S030,MC_G2_D075_DENS_HIGH_V_REF,30,8.58601570129,26.7256738265,70.3823137905,0,0,17.1720314026,
MC_G2_D075_DENS_HIGH_V_REF_S030,MC_G2_D075_DENS_HIGH_V_REF,30,8.59502220154,26.374582443,72.1718036608,0,0,17.1900444031,
MC_G2_D075_DENS_HIGH_V_REF_S030,MC_G2_D075_DENS_HIGH_V_REF,30,8.60401725769,24.4105485517,73.0315899546,0,0,17.2080345154,
MC_G2_D075_DENS_HIGH_V_REF_S030,MC_G2_D075_DENS_HIGH_V_REF,30,8.61301326752,27.5075600627,78.7387339139,0,0,17.226026535,
MC_G2_D075_DENS_HIGH_V_REF_S030,MC_G2_D075_DENS_HIGH_V_REF,30,8.62201118469,26.4270527331,78.6038587972,0,0,17.2440223694,
MC_G2_D075_DENS_HIGH_V_REF_S030,MC_G2_D075_DENS_HIGH_V_REF,30,8.63102340698,26.5148708939,77.1562065481,0,0,17.262046814,
MC_G2_D075_DENS_HIGH_V_REF_S030,MC_G2_D075_DENS_HIGH_V_REF,30,8.64001178741,26.2761362688,78.3790290056,0,0,17.2800235748,
MC_G2_D075_DENS_HIGH_V_REF_S030,MC_G2_D075_DENS_HIGH_V_REF,30,8.64901733398,26.8977954765,78.3693598243,0,0,17.298034668,
MC_G2_D075_DENS_HIGH_V_REF_S030,MC_G2_D075_DENS_HIGH_V_REF,30,8.65800952911,25.7967991584,79.7439444891,0,0,17.3160190582,
MC_G2_D075_DENS_HIGH_V_REF_S030,MC_G2_D075_DENS_HIGH_V_REF,30,8.66700172424,25.7324607727,80.9739050536,0,0,17.3340034485,
MC_G2_D075_DENS_HIGH_V_REF_S030,MC_G2_D075_DENS_HIGH_V_REF,30,8.67601013184,26.0690270571,80.4873539885,0,0,17.3520202637,
MC_G2_D075_DENS_HIGH_V_REF_S030,MC_G2_D075_DENS_HIGH_V_REF,30,8.68502235413,25.5915312811,78.8524422446,0,0,17.3700447083,
MC_G2_D075_DENS_HIGH_V_REF_S030,MC_G2_D075_DENS_HIGH_V_REF,30,8.69402122498,26.2630479852,78.9575999159,0,0,17.38804245,
MC_G2_D075_DENS_HIGH_V_REF_S030,MC_G2_D075_DENS_HIGH_V_REF,30,8.70300388336,27.0246176508,74.5456803447,0,0,17.4060077667,
MC_G2_D075_DENS_HIGH_V_REF_S030,MC_G2_D075_DENS_HIGH_V_REF,30,8.71201038361,25.035950111,72.2689314489,0,0,17.4240207672,
MC_G2_D075_DENS_HIGH_V_REF_S030,MC_G2_D075_DENS_HIGH_V_REF,30,8.7210226059,25.5988877762,73.7176313788,0,0,17.4420452118,
MC_G2_D075_DENS_HIGH_V_REF_S030,MC_G2_D075_DENS_HIGH_V_REF,30,8.73001670837,26.5331029768,76.6474169995,0,0,17.4600334167,
MC_G2_D075_DENS_HIGH_V_REF_S030,MC_G2_D075_DENS_HIGH_V_REF,30,8.73901844025,25.3424095854,77.1970577928,0,0,17.4780368805,
MC_G2_D075_DENS_HIGH_V_REF_S030,MC_G2_D075_DENS_HIGH_V_REF,30,8.74800872803,27.6661734369,79.8143074627,0,0,17.4960174561,
MC_G2_D075_DENS_HIGH_V_REF_S030,MC_G2_D075_DENS_HIGH_V_REF,30,8.75700473785,24.6560516828,79.9454993725,0,0,17.5140094757,
MC_G2_D075_DENS_HIGH_V_REF_S030,MC_G2_D075_DENS_HIGH_V_REF,30,8.7660036087,25.9868544758,80.5794546037,0,0,17.5320072174,
MC_G2_D075_DENS_HIGH_V_REF_S030,MC_G2_D075_DENS_HIGH_V_REF,30,8.77501869202,25.8231216176,80.5789378703,0,0,17.550037384,
MC_G2_D075_DENS_HIGH_V_REF_S030,MC_G2_D075_DENS_HIGH_V_REF,30,8.78400802612,26.1117579489,82.0282382218,0,0,17.5680160522,
MC_G2_D075_DENS_HIGH_V_REF_S030,MC_G2_D075_DENS_HIGH_V_REF,30,8.79300022125,25.7177610453,81.8759752139,0,0,17.5860004425,
MC_G2_D075_DENS_HIGH_V_REF_S030,MC_G2_D075_DENS_HIGH_V_REF,30,8.80200958252,24.5712685184,80.5975154313,0,0,17.604019165,
MC_G2_D075_DENS_HIGH_V_REF_S030,MC_G2_D075_DENS_HIGH_V_REF,30,8.81101989746,25.5395472978,81.2934105116,0,0,17.6220397949,
MC_G2_D075_DENS_HIGH_V_REF_S030,MC_G2_D075_DENS_HIGH_V_REF,30,8.82001686096,25.207547876,75.8869461375,0,0,17.6400337219,
MC_G2_D075_DENS_HIGH_V_REF_S030,MC_G2_D075_DENS_HIGH_V_REF,30,8.82901763916,25.6674481889,73.9840102714,0,0,17.6580352783,
MC_G2_D075_DENS_HIGH_V_REF_S030,MC_G2_D075_DENS_HIGH_V_REF,30,8.83801364899,26.3829270251,77.4372749723,0,0,17.676027298,
MC_G2_D075_DENS_HIGH_V_REF_S030,MC_G2_D075_DENS_HIGH_V_REF,30,8.84700298309,26.2215262289,78.2707318231,0,0,17.6940059662,
MC_G2_D075_DENS_HIGH_V_REF_S030,MC_G2_D075_DENS_HIGH_V_REF,30,8.85600948334,24.5069942367,79.4485912542,0,0,17.7120189667,
MC_G2_D075_DENS_HIGH_V_REF_S030,MC_G2_D075_DENS_HIGH_V_REF,30,8.86501502991,25.6759541364,80.7035169127,0,0,17.7300300598,
MC_G2_D075_DENS_HIGH_V_REF_S030,MC_G2_D075_DENS_HIGH_V_REF,30,8.87400627136,25.8577776065,82.2489477923,0,0,17.7480125427,
MC_G2_D075_DENS_HIGH_V_REF_S030,MC_G2_D075_DENS_HIGH_V_REF,30,8.88300323486,26.5356295615,85.5746579207,0,0,17.7660064697,
MC_G2_D075_DENS_HIGH_V_REF_S030,MC_G2_D075_DENS_HIGH_V_REF,30,8.89200210571,26.6635392946,84.3485532247,0,0,17.7840042114,
MC_G2_D075_DENS_HIGH_V_REF_S030,MC_G2_D075_DENS_HIGH_V_REF,30,8.90101337433,25.5384486866,84.3082802913,0,0,17.8020267487,
MC_G2_D075_DENS_HIGH_V_REF_S030,MC_G2_D075_DENS_HIGH_V_REF,30,8.91001033783,25.6056408089,84.6491451346,0,0,17.8200206757,
MC_G2_D075_DENS_HIGH_V_REF_S030,MC_G2_D075_DENS_HIGH_V_REF,30,8.91900157928,27.2179909066,84.8395691546,0,0,17.8380031586,
MC_G2_D075_DENS_HIGH_V_REF_S030,MC_G2_D075_DENS_HIGH_V_REF,30,8.92800140381,25.410377588,83.3625187926,0,0,17.8560028076,
MC_G2_D075_DENS_HIGH_V_REF_S030,MC_G2_D075_DENS_HIGH_V_REF,30,8.93701553345,24.5561930085,79.3597122952,0,0,17.8740310669,
MC_G2_D075_DENS_HIGH_V_REF_S030,MC_G2_D075_DENS_HIGH_V_REF,30,8.94601154327,25.9443777899,75.3011668553,0,0,17.8920230865,
MC_G2_D075_DENS_HIGH_V_REF_S030,MC_G2_D075_DENS_HIGH_V_REF,30,8.95499992371,26.2970761962,76.6210522195,0,0,17.9099998474,
MC_G2_D075_DENS_HIGH_V_REF_S030,MC_G2_D075_DENS_HIGH_V_REF,30,8.96400642395,26.4161329356,80.2915170961,0,0,17.9280128479,
MC_G2_D075_DENS_HIGH_V_REF_S030,MC_G2_D075_DENS_HIGH_V_REF,30,8.9730052948,25.5923535816,82.4047283821,0,0,17.9460105896,
MC_G2_D075_DENS_HIGH_V_REF_S030,MC_G2_D075_DENS_HIGH_V_REF,30,8.98200130463,26.209388454,83.7297619715,0,0,17.9640026093,
MC_G2_D075_DENS_HIGH_V_REF_S030,MC_G2_D075_DENS_HIGH_V_REF,30,8.99100875854,27.287656562,86.3599752654,0,0,17.9820175171,
MC_G2_D075_DENS_HIGH_V_REF_S030,MC_G2_D075_DENS_HIGH_V_REF,30,9,26.0478019771,84.2632399081,0,0,18,
