run_id,scenario_id,S,z_m,qb_MPa,qs_kPa,ALLKE,ALLIE,time_s,walltime_h
MC_G2_D075_DENS_LOW_V_HIGH_S030,MC_G2_D075_DENS_LOW_V_HIGH,30,0,0,0,0,0,0,
MC_G2_D075_DENS_LOW_V_HIGH_S030,MC_G2_D075_DENS_LOW_V_HIGH,30,0.010100713931,0,0,0,0,0.010100713931,
MC_G2_D075_DENS_LOW_V_HIGH_S030,MC_G2_D075_DENS_LOW_V_HIGH,30,0.0200409851968,1.55315772187,0.010548412574,0,0,0.0200409851968,
MC_G2_D075_DENS_LOW_V_HIGH_S030,MC_G2_D075_DENS_LOW_V_HIGH,30,0.0300374142826,0,0,0,0,0.0300374142826,
MC_G2_D075_DENS_LOW_V_HIGH_S030,MC_G2_D075_DENS_LOW_V_HIGH,30,0.0400338172913,0.0259575154122,1.61399522729e-05,0,0,0.0400338172913,
MC_G2_D075_DENS_LOW_V_HIGH_S030,MC_G2_D075_DENS_LOW_V_HIGH,30,0.0500304177403,2.69278227091,202.959201108,0,0,0.0500304177403,
MC_G2_D075_DENS_LOW_V_HIGH_S030,MC_G2_D075_DENS_LOW_V_HIGH,30,0.0600270591676,2.24888656249,107.398265721,0,0,0.0600270591676,
MC_G2_D075_DENS_LOW_V_HIGH_S030,MC_G2_D075_DENS_LOW_V_HIGH,30,0.070023521781,0,0,0,0,0.070023521781,
MC_G2_D075_DENS_LOW_V_HIGH_S030,MC_G2_D075_DENS_LOW_V_HIGH,30,0.0800199434161,0.00237671559775,3.16522632282e-06,0,0,0.0800199434161,
MC_G2_D075_DENS_LOW_V_HIGH_S030,MC_G2_D075_DENS_LOW_V_HIGH,30,0.0900165513158,2.29485609153,101.178087363,0,0,0.0900165513158,
MC_G2_D075_DENS_LOW_V_HIGH_S030,MC_G2_D075_DENS_LOW_V_HIGH,30,0.100013189018,1.8930449842,41.689922534,0,0,0.100013189018,
MC_G2_D075_DENS_LOW_V_HIGH_S030,MC_G2_D075_DENS_LOW_V_HIGH,30,0.1100095734,0.0527877623774,3.62754222374e-05,0,0,0.1100095734,
MC_G2_D075_DENS_LOW_V_HIGH_S030,MC_G2_D075_DENS_LOW_V_HIGH,30,0.120005868375,0,0,0,0,0.120005868375,
MC_G2_D075_DENS_LOW_V_HIGH_S030,MC_G2_D075_DENS_LOW_V_HIGH,30,0.130002483726,1.21668911324,0.940675669053,0,0,0.130002483726,
MC_G2_D075_DENS_LOW_V_HIGH_S030,MC_G2_D075_DENS_LOW_V_HIGH,30,0.140121027827,1.84019918795,34.9875597918,0,0,0.140121027827,
MC_G2_D075_DENS_LOW_V_HIGH_S030,MC_G2_D075_DENS_LOW_V_HIGH,30,0.150117397308,0.00718640974292,3.24212298662e-06,0,0,0.150117397308,
MC_G2_D075_DENS_LOW_V_HIGH_S030,MC_G2_D075_DENS_LOW_V_HIGH,30,0.160113707185,0,0,0,0,0.160113707185,
MC_G2_D075_DENS_LOW_V_HIGH_S030,MC_G2_D075_DENS_LOW_V_HIGH,30,0.170110315084,1.14588208759,0.000805948919352,0,0,0.170110315084,
MC_G2_D075_DENS_LOW_V_HIGH_S030,MC_G2_D075_DENS_LOW_V_HIGH,30,0.180106952786,1.48460131567,19.1475227464,0,0,0.180106952786,
MC_G2_D075_DENS_LOW_V_HIGH_S030,MC_G2_D075_DENS_LOW_V_HIGH,30,0.190103337169,0.071497163342,9.8574483922e-06,0,0,0.190103337169,
MC_G2_D075_DENS_LOW_V_HIGH_S030,MC_G2_D075_DENS_LOW_V_HIGH,30,0.200099661946,0,0,0,0,0.200099661946,
MC_G2_D075_DENS_LOW_V_HIGH_S030,MC_G2_D075_DENS_LOW_V_HIGH,30,0.210096269846,0.68437882743,1.53962745539e-05,0,0,0.210096269846,
MC_G2_D075_DENS_LOW_V_HIGH_S030,MC_G2_D075_DENS_LOW_V_HIGH,30,0.220092907548,1.38766960018,13.8747619448,0,0,0.220092907548,
MC_G2_D075_DENS_LOW_V_HIGH_S030,MC_G2_D075_DENS_LOW_V_HIGH,30,0.230089277029,0.219261458307,0.396648818382,0,0,0.230089277029,
MC_G2_D075_DENS_LOW_V_HIGH_S030,MC_G2_D075_DENS_LOW_V_HIGH,30,0.240085601807,0,0,0,0,0.240085601807,
MC_G2_D075_DENS_LOW_V_HIGH_S030,MC_G2_D075_DENS_LOW_V_HIGH,30,0.250082224607,0.453469734809,0.000226452321164,0,0,0.250082224607,
MC_G2_D075_DENS_LOW_V_HIGH_S030,MC_G2_D075_DENS_LOW_V_HIGH,30,0.260078847408,1.47917319265,5.05816434375,0,0,0.260078847408,
MC_G2_D075_DENS_LOW_V_HIGH_S030,MC_G2_D075_DENS_LOW_V_HIGH,30,0.270075231791,0.175465872502,5.63189219796e-05,0,0,0.270075231791,
MC_G2_D075_DENS_LOW_V_HIGH_S030,MC_G2_D075_DENS_LOW_V_HIGH,30,0.280071556568,0,0,0,0,0.280071556568,
MC_G2_D075_DENS_LOW_V_HIGH_S030,MC_G2_D075_DENS_LOW_V_HIGH,30,0.290068149567,0.767634753783,2.29056659296,0,0,0.290068149567,
MC_G2_D075_DENS_LOW_V_HIGH_S030,MC_G2_D075_DENS_LOW_V_HIGH,30,0.300064772367,1.26757849183,9.79308585578,0,0,0.300064772367,
MC_G2_D075_DENS_LOW_V_HIGH_S030,MC_G2_D075_DENS_LOW_V_HIGH,30,0.310061097145,0.309052719049,0.0978443315931,0,0,0.310061097145,
MC_G2_D075_DENS_LOW_V_HIGH_S030,MC_G2_D075_DENS_LOW_V_HIGH,30,0.320057362318,0,0,0,0,0.320057362318,
MC_G2_D075_DENS_LOW_V_HIGH_S030,MC_G2_D075_DENS_LOW_V_HIGH,30,0.330053955317,0.879985087927,11.897932517,0,0,0.330053955317,
MC_G2_D075_DENS_LOW_V_HIGH_S030,MC_G2_D075_DENS_LOW_V_HIGH,30,0.34005060792,2.01827809587,12.4579749634,0,0,0.34005060792,
MC_G2_D075_DENS_LOW_V_HIGH_S030,MC_G2_D075_DENS_LOW_V_HIGH,30,0.3500469625,0.44782947428,1.57035869417,0,0,0.3500469625,
MC_G2_D075_DENS_LOW_V_HIGH_S030,MC_G2_D075_DENS_LOW_V_HIGH,30,0.360043287277,0,0,0,0,0.360043287277,
MC_G2_D075_DENS_LOW_V_HIGH_S030,MC_G2_D075_DENS_LOW_V_HIGH,30,0.370039880276,0.815923772702,9.83539792678,0,0,0.370039880276,
MC_G2_D075_DENS_LOW_V_HIGH_S030,MC_G2_D075_DENS_LOW_V_HIGH,30,0.380036503077,1.24703299786,7.53586500232,0,0,0.380036503077,
MC_G2_D075_DENS_LOW_V_HIGH_S030,MC_G2_D075_DENS_LOW_V_HIGH,30,0.390032917261,0.466074405651,0.000124487104048,0,0,0.390032917261,
MC_G2_D075_DENS_LOW_V_HIGH_S030,MC_G2_D075_DENS_LOW_V_HIGH,30,0.400029242039,0.0166231162084,7.14081405522e-07,0,0,0.400029242039,
MC_G2_D075_DENS_LOW_V_HIGH_S030,MC_G2_D075_DENS_LOW_V_HIGH,30,0.41002586484,0.999102270259,8.98276268861,0,0,0.41002586484,
MC_G2_D075_DENS_LOW_V_HIGH_S030,MC_G2_D075_DENS_LOW_V_HIGH,30,0.42002248764,1.44889341211,9.17329275918,0,0,0.42002248764,
MC_G2_D075_DENS_LOW_V_HIGH_S030,MC_G2_D075_DENS_LOW_V_HIGH,30,0.430018872023,0.575873218036,0.0169970434774,0,0,0.430018872023,
MC_G2_D075_DENS_LOW_V_HIGH_S030,MC_G2_D075_DENS_LOW_V_HIGH,30,0.440015256405,0.124330965984,1.55050512542e-05,0,0,0.440015256405,
MC_G2_D075_DENS_LOW_V_HIGH_S030,MC_G2_D075_DENS_LOW_V_HIGH,30,0.450011849403,0.707369394475,6.84571193519,0,0,0.450011849403,
MC_G2_D075_DENS_LOW_V_HIGH_S030,MC_G2_D075_DENS_LOW_V_HIGH,30,0.460008472204,2.52298881459,14.6660039314,0,0,0.460008472204,
MC_G2_D075_DENS_LOW_V_HIGH_S030,MC_G2_D075_DENS_LOW_V_HIGH,30,0.470004856586,0.596600179034,0.583772066145,0,0,0.470004856586,
MC_G2_D075_DENS_LOW_V_HIGH_S030,MC_G2_D075_DENS_LOW_V_HIGH,30,0.480001151562,0.0400095338985,6.25290194981e-06,0,0,0.480001151562,
MC_G2_D075_DENS_LOW_V_HIGH_S030,MC_G2_D075_DENS_LOW_V_HIGH,30,0.490119636059,0.961690289749,6.63271152889,0,0,0.490119636059,
MC_G2_D075_DENS_LOW_V_HIGH_S030,MC_G2_D075_DENS_LOW_V_HIGH,30,0.500116288662,1.88187208615,9.63663745243,0,0,0.500116288662,
MC_G2_D075_DENS_LOW_V_HIGH_S030,MC_G2_D075_DENS_LOW_V_HIGH,30,0.510112643242,0.695429181704,0.948222500375,0,0,0.510112643242,
MC_G2_D075_DENS_LOW_V_HIGH_S030,MC_G2_D075_DENS_LOW_V_HIGH,30,0.520108938217,0.234176345351,6.08585834403e-06,0,0,0.520108938217,
MC_G2_D075_DENS_LOW_V_HIGH_S030,MC_G2_D075_DENS_LOW_V_HIGH,30,0.530105531216,1.1539998877,6.30572030257,0,0,0.530105531216,
MC_G2_D075_DENS_LOW_V_HIGH_S030,MC_G2_D075_DENS_LOW_V_HIGH,30,0.540102124214,1.54577069439,7.8494239054,0,0,0.540102124214,
MC_G2_D075_DENS_LOW_V_HIGH_S030,MC_G2_D075_DENS_LOW_V_HIGH,30,0.550098538399,0.561210412666,0.236088242573,0,0,0.550098538399,
MC_G2_D075_DENS_LOW_V_HIGH_S030,MC_G2_D075_DENS_LOW_V_HIGH,30,0.560094833374,0.386189573029,1.43671870353e-05,0,0,0.560094833374,
MC_G2_D075_DENS_LOW_V_HIGH_S030,MC_G2_D075_DENS_LOW_V_HIGH,30,0.570091426373,1.28971664047,6.05495163425,0,0,0.570091426373,
MC_G2_D075_DENS_LOW_V_HIGH_S030,MC_G2_D075_DENS_LOW_V_HIGH,30,0.580088019371,1.55464302985,8.25916866802,0,0,0.580088019371,
MC_G2_D075_DENS_LOW_V_HIGH_S030,MC_G2_D075_DENS_LOW_V_HIGH,30,0.590084433556,0.64435350065,0.88207780855,0,0,0.590084433556,
MC_G2_D075_DENS_LOW_V_HIGH_S030,MC_G2_D075_DENS_LOW_V_HIGH,30,0.600080728531,0.225441768031,2.60546812226e-05,0,0,0.600080728531,
MC_G2_D075_DENS_LOW_V_HIGH_S030,MC_G2_D075_DENS_LOW_V_HIGH,30,0.610077321529,0.915020520406,2.65209492998,0,0,0.610077321529,
MC_G2_D075_DENS_LOW_V_HIGH_S030,MC_G2_D075_DENS_LOW_V_HIGH,30,0.620073914528,1.61473396805,6.25134387341,0,0,0.620073914528,
MC_G2_D075_DENS_LOW_V_HIGH_S030,MC_G2_D075_DENS_LOW_V_HIGH,30,0.630070328712,0.860783016412,0.790596365838,0,0,0.630070328712,
MC_G2_D075_DENS_LOW_V_HIGH_S030,MC_G2_D075_DENS_LOW_V_HIGH,30,0.640066623688,0.293378685722,4.92993724011e-06,0,0,0.640066623688,
MC_G2_D075_DENS_LOW_V_HIGH_S030,MC_G2_D075_DENS_LOW_V_HIGH,30,0.650063216686,1.19779029268,6.00442743552,0,0,0.650063216686,
MC_G2_D075_DENS_LOW_V_HIGH_S030,MC_G2_D075_DENS_LOW_V_HIGH,30,0.660059809685,1.98202130117,6.99237005482,0,0,0.660059809685,
MC_G2_D075_DENS_LOW_V_HIGH_S030,MC_G2_D075_DENS_LOW_V_HIGH,30,0.670056223869,0.673827352063,0.138978939668,0,0,0.670056223869,
MC_G2_D075_DENS_LOW_V_HIGH_S030,MC_G2_D075_DENS_LOW_V_HIGH,30,0.680052578449,0.313194374147,2.14360928705e-07,0,0,0.680052578449,
MC_G2_D075_DENS_LOW_V_HIGH_S030,MC_G2_D075_DENS_LOW_V_HIGH,30,0.690049171448,1.1820646238,4.63143247482,0,0,0.690049171448,
MC_G2_D075_DENS_LOW_V_HIGH_S030,MC_G2_D075_DENS_LOW_V_HIGH,30,0.700045764446,1.35671907549,6.12881014273,0,0,0.700045764446,
MC_G2_D075_DENS_LOW_V_HIGH_S030,MC_G2_D075_DENS_LOW_V_HIGH,30,0.710042178631,0.924140568373,2.86694799062,0,0,0.710042178631,
MC_G2_D075_DENS_LOW_V_HIGH_S030,MC_G2_D075_DENS_LOW_V_HIGH,30,0.720038473606,0.372711276941,0.804868855643,0,0,0.720038473606,
MC_G2_D075_DENS_LOW_V_HIGH_S030,MC_G2_D075_DENS_LOW_V_HIGH,30,0.730035066605,1.49046504245,3.66074566481,0,0,0.730035066605,
MC_G2_D075_DENS_LOW_V_HIGH_S030,MC_G2_D075_DENS_LOW_V_HIGH,30,0.740031659603,1.60304478352,7.0370357755,0,0,0.740031659603,
MC_G2_D075_DENS_LOW_V_HIGH_S030,MC_G2_D075_DENS_LOW_V_HIGH,30,0.750028073788,0.923816732274,1.17866871013,0,0,0.750028073788,
MC_G2_D075_DENS_LOW_V_HIGH_S030,MC_G2_D075_DENS_LOW_V_HIGH,30,0.760024428368,0.416391710277,5.25272905772e-05,0,0,0.760024428368,
MC_G2_D075_DENS_LOW_V_HIGH_S030,MC_G2_D075_DENS_LOW_V_HIGH,30,0.770021021366,1.21590314755,3.87874138877,0,0,0.770021021366,
MC_G2_D075_DENS_LOW_V_HIGH_S030,MC_G2_D075_DENS_LOW_V_HIGH,30,0.780017614365,1.79107405296,6.15272481976,0,0,0.780017614365,
MC_G2_D075_DENS_LOW_V_HIGH_S030,MC_G2_D075_DENS_LOW_V_HIGH,30,0.790014028549,0.903829316771,0.870904933838,0,0,0.790014028549,
MC_G2_D075_DENS_LOW_V_HIGH_S030,MC_G2_D075_DENS_LOW_V_HIGH,30,0.800010383129,0.509962624607,6.04440497153e-05,0,0,0.800010383129,
MC_G2_D075_DENS_LOW_V_HIGH_S030,MC_G2_D075_DENS_LOW_V_HIGH,30,0.810006976128,1.20544340733,2.87525564291,0,0,0.810006976128,
MC_G2_D075_DENS_LOW_V_HIGH_S030,MC_G2_D075_DENS_LOW_V_HIGH,30,0.820003569126,1.19764260463,2.1715153676,0,0,0.820003569126,
MC_G2_D075_DENS_LOW_V_HIGH_S030,MC_G2_D075_DENS_LOW_V_HIGH,30,0.830121874809,1.10062730517,0.432289997465,0,0,0.830121874809,
MC_G2_D075_DENS_LOW_V_HIGH_S030,MC_G2_D075_DENS_LOW_V_HIGH,30,0.840118288994,0.422018327966,5.61601093631e-05,0,0,0.840118288994,
MC_G2_D075_DENS_LOW_V_HIGH_S030,MC_G2_D075_DENS_LOW_V_HIGH,30,0.850114822388,0.987641318337,2.7792676318,0,0,0.850114822388,
MC_G2_D075_DENS_LOW_V_HIGH_S030,MC_G2_D075_DENS_LOW_V_HIGH,30,0.860111415386,1.41271246469,4.24657607148,0,0,0.860111415386,
MC_G2_D075_DENS_LOW_V_HIGH_S030,MC_G2_D075_DENS_LOW_V_HIGH,30,0.870107889175,0.984342168996,1.06318060619,0,0,0.870107889175,
MC_G2_D075_DENS_LOW_V_HIGH_S030,MC_G2_D075_DENS_LOW_V_HIGH,30,0.880104243755,0.587336242288,2.48111874411e-05,0,0,0.880104243755,
MC_G2_D075_DENS_LOW_V_HIGH_S030,MC_G2_D075_DENS_LOW_V_HIGH,30,0.890100777149,0.99737215103,2.06081588111,0,0,0.890100777149,
MC_G2_D075_DENS_LOW_V_HIGH_S030,MC_G2_D075_DENS_LOW_V_HIGH,30,0.900097370148,1.86811692677,4.97326708793,0,0,0.900097370148,
MC_G2_D075_DENS_LOW_V_HIGH_S030,MC_G2_D075_DENS_LOW_V_HIGH,30,0.910093843937,1.02436390374,0.263013107874,0,0,0.910093843937,
MC_G2_D075_DENS_LOW_V_HIGH_S030,MC_G2_D075_DENS_LOW_V_HIGH,30,0.920090198517,0.509599379698,4.47763166532e-05,0,0,0.920090198517,
MC_G2_D075_DENS_LOW_V_HIGH_S030,MC_G2_D075_DENS_LOW_V_HIGH,30,0.930086791515,1.24304086137,2.92898768059,0,0,0.930086791515,
MC_G2_D075_DENS_LOW_V_HIGH_S030,MC_G2_D075_DENS_LOW_V_HIGH,30,0.940083384514,1.25409163011,3.57949301849,0,0,0.940083384514,
MC_G2_D075_DENS_LOW_V_HIGH_S030,MC_G2_D075_DENS_LOW_V_HIGH,30,0.950079798698,0.818534977564,0.619717978405,0,0,0.950079798698,
MC_G2_D075_DENS_LOW_V_HIGH_S030,MC_G2_D075_DENS_LOW_V_HIGH,30,0.960076212883,0.647971857887,9.84640580949e-05,0,0,0.960076212883,
MC_G2_D075_DENS_LOW_V_HIGH_S030,MC_G2_D075_DENS_LOW_V_HIGH,30,0.970072746277,1.45473323801,3.28509037355,0,0,0.970072746277,
MC_G2_D075_DENS_LOW_V_HIGH_S030,MC_G2_D075_DENS_LOW_V_HIGH,30,0.980069339275,1.58158179999,4.96799686135,0,0,0.980069339275,
MC_G2_D075_DENS_LOW_V_HIGH_S030,MC_G2_D075_DENS_LOW_V_HIGH,30,0.990065813065,1.12965304976,1.40919803211,0,0,0.990065813065,
MC_G2_D075_DENS_LOW_V_HIGH_S030,MC_G2_D075_DENS_LOW_V_HIGH,30,1.00006222725,0.734902508853,6.69505307699e-05,0,0,1.00006222725,
MC_G2_D075_DENS_LOW_V_HIGH_S030,MC_G2_D075_DENS_LOW_V_HIGH,30,1.01005876064,1.24235409121,2.17678804328,0,0,1.01005876064,
MC_G2_D075_DENS_LOW_V_HIGH_S030,MC_G2_D075_DENS_LOW_V_HIGH,30,1.02005529404,1.41440486751,3.06389764028,0,0,1.02005529404,
MC_G2_D075_DENS_LOW_V_HIGH_S030,MC_G2_D075_DENS_LOW_V_HIGH,30,1.03005182743,1.11069509871,0.434088673251,0,0,1.03005182743,
MC_G2_D075_DENS_LOW_V_HIGH_S030,MC_G2_D075_DENS_LOW_V_HIGH,30,1.04004824162,0.651634286676,9.66111398873e-05,0,0,1.04004824162,
MC_G2_D075_DENS_LOW_V_HIGH_S030,MC_G2_D075_DENS_LOW_V_HIGH,30,1.05004477501,0.967787706274,2.21342214069,0,0,1.05004477501,
MC_G2_D075_DENS_LOW_V_HIGH_S030,MC_G2_D075_DENS_LOW_V_HIGH,30,1.0600413084,1.84608391434,3.32345523534,0,0,1.0600413084,
MC_G2_D075_DENS_LOW_V_HIGH_S030,MC_G2_D075_DENS_LOW_V_HIGH,30,1.0700378418,1.09387579222,0.610287191828,0,0,1.0700378418,
MC_G2_D075_DENS_LOW_V_HIGH_S030,MC_G2_D075_DENS_LOW_V_HIGH,30,1.08003413677,0.535509030764,0.00385030301919,0,0,1.08003413677,
MC_G2_D075_DENS_LOW_V_HIGH_S030,MC_G2_D075_DENS_LOW_V_HIGH,30,1.09003078938,0.987916454682,1.50495223811,0,0,1.09003078938,
MC_G2_D075_DENS_LOW_V_HIGH_S030,MC_G2_D075_DENS_LOW_V_HIGH,30,1.10002732277,1.64891000528,3.39359155466,0,0,1.10002732277,
MC_G2_D075_DENS_LOW_V_HIGH_S030,MC_G2_D075_DENS_LOW_V_HIGH,30,1.11002385616,1.1473150347,0.520053282773,0,0,1.11002385616,
MC_G2_D075_DENS_LOW_V_HIGH_S030,MC_G2_D075_DENS_LOW_V_HIGH,30,1.12002015114,0.768256936323,0.151677680598,0,0,1.12002015114,
MC_G2_D075_DENS_LOW_V_HIGH_S030,MC_G2_D075_DENS_LOW_V_HIGH,30,1.13001680374,1.14521320855,2.01166070947,0,0,1.13001680374,
MC_G2_D075_DENS_LOW_V_HIGH_S030,MC_G2_D075_DENS_LOW_V_HIGH,30,1.14001333714,1.58828937954,3.13230213211,0,0,1.14001333714,
MC_G2_D075_DENS_LOW_V_HIGH_S030,MC_G2_D075_DENS_LOW_V_HIGH,30,1.15000987053,1.03596895167,0.523295258211,0,0,1.15000987053,
MC_G2_D075_DENS_LOW_V_HIGH_S030,MC_G2_D075_DENS_LOW_V_HIGH,30,1.16000628471,0.931907730247,0.0351201430387,0,0,1.16000628471,
MC_G2_D075_DENS_LOW_V_HIGH_S030,MC_G2_D075_DENS_LOW_V_HIGH,30,1.17000281811,0.915268716461,1.55480987997,0,0,1.17000281811,
MC_G2_D075_DENS_LOW_V_HIGH_S030,MC_G2_D075_DENS_LOW_V_HIGH,30,1.1801213026,1.26609470356,2.3203484692,0,0,1.1801213026,
MC_G2_D075_DENS_LOW_V_HIGH_S030,MC_G2_D075_DENS_LOW_V_HIGH,30,1.19011771679,1.16725119458,0.62108132173,0,0,1.19011771679,
MC_G2_D075_DENS_LOW_V_HIGH_S030,MC_G2_D075_DENS_LOW_V_HIGH,30,1.20011413097,0.693400370646,0.69985382625,0,0,1.20011413097,
MC_G2_D075_DENS_LOW_V_HIGH_S030,MC_G2_D075_DENS_LOW_V_HIGH,30,1.21011066437,1.35402214525,1.36849781774,0,0,1.21011066437,
MC_G2_D075_DENS_LOW_V_HIGH_S030,MC_G2_D075_DENS_LOW_V_HIGH,30,1.22010731697,1.63187020288,2.71096178536,0,0,1.22010731697,
MC_G2_D075_DENS_LOW_V_HIGH_S030,MC_G2_D075_DENS_LOW_V_HIGH,30,1.23010373116,1.1739786685,1.18274974046,0,0,1.23010373116,
MC_G2_D075_DENS_LOW_V_HIGH_S030,MC_G2_D075_DENS_LOW_V_HIGH,30,1.24010014534,0.910098805762,0.425219886621,0,0,1.24010014534,
MC_G2_D075_DENS_LOW_V_HIGH_S030,MC_G2_D075_DENS_LOW_V_HIGH,30,1.25009679794,1.08196238158,1.59945374585,0,0,1.25009679794,
MC_G2_D075_DENS_LOW_V_HIGH_S030,MC_G2_D075_DENS_LOW_V_HIGH,30,1.26009333134,1.68112478942,3.4898443296,0,0,1.26009333134,
MC_G2_D075_DENS_LOW_V_HIGH_S030,MC_G2_D075_DENS_LOW_V_HIGH,30,1.27008974552,1.07254046421,0.698154950305,0,0,1.27008974552,
MC_G2_D075_DENS_LOW_V_HIGH_S030,MC_G2_D075_DENS_LOW_V_HIGH,30,1.28008627892,1.0786893436,0.384832966457,0,0,1.28008627892,
MC_G2_D075_DENS_LOW_V_HIGH_S030,MC_G2_D075_DENS_LOW_V_HIGH,30,1.29008281231,1.21163497671,1.4490403875,0,0,1.29008281231,
MC_G2_D075_DENS_LOW_V_HIGH_S030,MC_G2_D075_DENS_LOW_V_HIGH,30,1.3000793457,1.31216950696,2.79264011709,0,0,1.3000793457,
MC_G2_D075_DENS_LOW_V_HIGH_S030,MC_G2_D075_DENS_LOW_V_HIGH,30,1.3100758791,0.969536614628,1.04026619132,0,0,1.3100758791,
MC_G2_D075_DENS_LOW_V_HIGH_S030,MC_G2_D075_DENS_LOW_V_HIGH,30,1.32007229328,1.00695474305,0.29235590844,0,0,1.32007229328,
MC_G2_D075_DENS_LOW_V_HIGH_S030,MC_G2_D075_DENS_LOW_V_HIGH,30,1.33006882668,1.2708772267,2.09255987638,0,0,1.33006882668,
MC_G2_D075_DENS_LOW_V_HIGH_S030,MC_G2_D075_DENS_LOW_V_HIGH,30,1.34006536007,1.636614457,1.87019323864,0,0,1.34006536007,
MC_G2_D075_DENS_LOW_V_HIGH_S030,MC_G2_D075_DENS_LOW_V_HIGH,30,1.35006189346,1.25372952498,1.81268260411,0,0,1.35006189346,
MC_G2_D075_DENS_LOW_V_HIGH_S030,MC_G2_D075_DENS_LOW_V_HIGH,30,1.36005830765,0.972118047017,0.816958275107,0,0,1.36005830765,
MC_G2_D075_DENS_LOW_V_HIGH_S030,MC_G2_D075_DENS_LOW_V_HIGH,30,1.37005484104,1.27616387866,1.41157781762,0,0,1.37005484104,
MC_G2_D075_DENS_LOW_V_HIGH_S030,MC_G2_D075_DENS_LOW_V_HIGH,30,1.38005137444,1.84008686766,3.261967526,0,0,1.38005137444,
MC_G2_D075_DENS_LOW_V_HIGH_S030,MC_G2_D075_DENS_LOW_V_HIGH,30,1.39004790783,1.2107083689,1.46057278332,0,0,1.39004790783,
MC_G2_D075_DENS_LOW_V_HIGH_S030,MC_G2_D075_DENS_LOW_V_HIGH,30,1.40004432201,1.04965924712,0.673243153341,0,0,1.40004432201,
MC_G2_D075_DENS_LOW_V_HIGH_S030,MC_G2_D075_DENS_LOW_V_HIGH,30,1.41004085541,1.29919906988,1.59694618252,0,0,1.41004085541,
MC_G2_D075_DENS_LOW_V_HIGH_S030,MC_G2_D075_DENS_LOW_V_HIGH,30,1.42003750801,1.90383187625,2.62229496576,0,0,1.42003750801,
MC_G2_D075_DENS_LOW_V_HIGH_S030,MC_G2_D075_DENS_LOW_V_HIGH,30,1.4300339222,1.16427892075,1.86528073291,0,0,1.4300339222,
MC_G2_D075_DENS_LOW_V_HIGH_S030,MC_G2_D075_DENS_LOW_V_HIGH,30,1.44003045559,1.1565045748,1.15994340242,0,0,1.44003045559,
MC_G2_D075_DENS_LOW_V_HIGH_S030,MC_G2_D075_DENS_LOW_V_HIGH,30,1.45002698898,1.17292661564,1.1273567468,0,0,1.45002698898,
MC_G2_D075_DENS_LOW_V_HIGH_S030,MC_G2_D075_DENS_LOW_V_HIGH,30,1.46002352238,1.55045167337,3.35597251353,0,0,1.46002352238,
MC_G2_D075_DENS_LOW_V_HIGH_S030,MC_G2_D075_DENS_LOW_V_HIGH,30,1.47002005577,1.43485227119,2.50554559631,0,0,1.47002005577,
MC_G2_D075_DENS_LOW_V_HIGH_S030,MC_G2_D075_DENS_LOW_V_HIGH,30,1.48001646996,1.17612615498,0.966627765655,0,0,1.48001646996,
MC_G2_D075_DENS_LOW_V_HIGH_S030,MC_G2_D075_DENS_LOW_V_HIGH,30,1.49001300335,1.35035522641,1.7568432437,0,0,1.49001300335,
MC_G2_D075_DENS_LOW_V_HIGH_S030,MC_G2_D075_DENS_LOW_V_HIGH,30,1.50000953674,1.92115835097,3.25760944457,0,0,1.50000953674,
MC_G2_D075_DENS_LOW_V_HIGH_S030,MC_G2_D075_DENS_LOW_V_HIGH,30,1.51000607014,1.4066152554,0.674803760431,0,0,1.51000607014,
MC_G2_D075_DENS_LOW_V_HIGH_S030,MC_G2_D075_DENS_LOW_V_HIGH,30,1.52000248432,1.21640009229,0.820869232985,0,0,1.52000248432,
MC_G2_D075_DENS_LOW_V_HIGH_S030,MC_G2_D075_DENS_LOW_V_HIGH,30,1.53012096882,1.73962362556,2.56672520506,0,0,1.53012096882,
MC_G2_D075_DENS_LOW_V_HIGH_S030,MC_G2_D075_DENS_LOW_V_HIGH,30,1.54011750221,1.38984292171,3.5458674726,0,0,1.54011750221,
MC_G2_D075_DENS_LOW_V_HIGH_S030,MC_G2_D075_DENS_LOW_V_HIGH,30,1.55011403561,1.6506605715,2.15292117581,0,0,1.55011403561,
MC_G2_D075_DENS_LOW_V_HIGH_S030,MC_G2_D075_DENS_LOW_V_HIGH,30,1.56011044979,1.20438582826,0.654536804576,0,0,1.56011044979,
MC_G2_D075_DENS_LOW_V_HIGH_S030,MC_G2_D075_DENS_LOW_V_HIGH,30,1.57010698318,1.23518811227,1.640729919,0,0,1.57010698318,
MC_G2_D075_DENS_LOW_V_HIGH_S030,MC_G2_D075_DENS_LOW_V_HIGH,30,1.58010363579,1.68825028885,2.78489808607,0,0,1.58010363579,
MC_G2_D075_DENS_LOW_V_HIGH_S030,MC_G2_D075_DENS_LOW_V_HIGH,30,1.59010004997,1.44524818366,1.71372062226,0,0,1.59010004997,
MC_G2_D075_DENS_LOW_V_HIGH_S030,MC_G2_D075_DENS_LOW_V_HIGH,30,1.60009646416,1.20023066848,0.879619995541,0,0,1.60009646416,
MC_G2_D075_DENS_LOW_V_HIGH_S030,MC_G2_D075_DENS_LOW_V_HIGH,30,1.61009299755,1.43746534115,1.77090608413,0,0,1.61009299755,
MC_G2_D075_DENS_LOW_V_HIGH_S030,MC_G2_D075_DENS_LOW_V_HIGH,30,1.62008953094,1.49430631331,1.5094141215,0,0,1.62008953094,
MC_G2_D075_DENS_LOW_V_HIGH_S030,MC_G2_D075_DENS_LOW_V_HIGH,30,1.63008606434,1.60464517489,1.42134787641,0,0,1.63008606434,
MC_G2_D075_DENS_LOW_V_HIGH_S030,MC_G2_D075_DENS_LOW_V_HIGH,30,1.64008247852,1.35296346093,1.03486611538,0,0,1.64008247852,
MC_G2_D075_DENS_LOW_V_HIGH_S030,MC_G2_D075_DENS_LOW_V_HIGH,30,1.65007901192,1.77801436753,1.73080216347,0,0,1.65007901192,
MC_G2_D075_DENS_LOW_V_HIGH_S030,MC_G2_D075_DENS_LOW_V_HIGH,30,1.66007554531,2.08650306743,2.60090471684,0,0,1.66007554531,
MC_G2_D075_DENS_LOW_V_HIGH_S030,MC_G2_D075_DENS_LOW_V_HIGH,30,1.6700720787,1.24270169003,1.64297055304,0,0,1.6700720787,
MC_G2_D075_DENS_LOW_V_HIGH_S030,MC_G2_D075_DENS_LOW_V_HIGH,30,1.68006849289,1.50550532272,0.792679257181,0,0,1.68006849289,
MC_G2_D075_DENS_LOW_V_HIGH_S030,MC_G2_D075_DENS_LOW_V_HIGH,30,1.69006502628,1.23018191564,1.59334234272,0,0,1.69006502628,
MC_G2_D075_DENS_LOW_V_HIGH_S030,MC_G2_D075_DENS_LOW_V_HIGH,30,1.70006155968,1.85668346776,4.48651433958,0,0,1.70006155968,
MC_G2_D075_DENS_LOW_V_HIGH_S030,MC_G2_D075_DENS_LOW_V_HIGH,30,1.71005797386,1.62119466402,3.18893440011,0,0,1.71005797386,
MC_G2_D075_DENS_LOW_V_HIGH_S030,MC_G2_D075_DENS_LOW_V_HIGH,30,1.72005438805,1.28841010549,1.49008319317,0,0,1.72005438805,
MC_G2_D075_DENS_LOW_V_HIGH_S030,MC_G2_D075_DENS_LOW_V_HIGH,30,1.73005092144,1.60780437288,2.22448844504,0,0,1.73005092144,
MC_G2_D075_DENS_LOW_V_HIGH_S030,MC_G2_D075_DENS_LOW_V_HIGH,30,1.74004757404,1.93952016176,3.50549592586,0,0,1.74004757404,
MC_G2_D075_DENS_LOW_V_HIGH_S030,MC_G2_D075_DENS_LOW_V_HIGH,30,1.75004398823,1.80989426313,3.03431672413,0,0,1.75004398823,
MC_G2_D075_DENS_LOW_V_HIGH_S030,MC_G2_D075_DENS_LOW_V_HIGH,30,1.76004040241,1.69347670508,2.30437772579,0,0,1.76004040241,
MC_G2_D075_DENS_LOW_V_HIGH_S030,MC_G2_D075_DENS_LOW_V_HIGH,30,1.77003693581,1.61028039275,2.48855652091,0,0,1.77003693581,
MC_G2_D075_DENS_LOW_V_HIGH_S030,MC_G2_D075_DENS_LOW_V_HIGH,30,1.7800334692,2.01480390372,3.27661099141,0,0,1.7800334692,
MC_G2_D075_DENS_LOW_V_HIGH_S030,MC_G2_D075_DENS_LOW_V_HIGH,30,1.79003000259,1.54169649364,2.22846086288,0,0,1.79003000259,
MC_G2_D075_DENS_LOW_V_HIGH_S030,MC_G2_D075_DENS_LOW_V_HIGH,30,1.80002641678,1.56301938766,1.93666356545,0,0,1.80002641678,
MC_G2_D075_DENS_LOW_V_HIGH_S030,MC_G2_D075_DENS_LOW_V_HIGH,30,1.81002295017,1.64603734145,4.69351924573,0,0,1.81002295017,
MC_G2_D075_DENS_LOW_V_HIGH_S030,MC_G2_D075_DENS_LOW_V_HIGH,30,1.82001948357,1.89836852363,3.50667287163,0,0,1.82001948357,
MC_G2_D075_DENS_LOW_V_HIGH_S030,MC_G2_D075_DENS_LOW_V_HIGH,30,1.83001601696,1.952905203,3.88331282023,0,0,1.83001601696,
MC_G2_D075_DENS_LOW_V_HIGH_S030,MC_G2_D075_DENS_LOW_V_HIGH,30,1.84001243114,1.47767918088,2.32926024882,0,0,1.84001243114,
MC_G2_D075_DENS_LOW_V_HIGH_S030,MC_G2_D075_DENS_LOW_V_HIGH,30,1.85000896454,1.68423010682,2.95050227928,0,0,1.85000896454,
MC_G2_D075_DENS_LOW_V_HIGH_S030,MC_G2_D075_DENS_LOW_V_HIGH,30,1.86000549793,2.05115588744,3.45975134748,0,0,1.86000549793,
MC_G2_D075_DENS_LOW_V_HIGH_S030,MC_G2_D075_DENS_LOW_V_HIGH,30,1.87000191212,1.87472379109,2.94571112494,0,0,1.87000191212,
MC_G2_D075_DENS_LOW_V_HIGH_S030,MC_G2_D075_DENS_LOW_V_HIGH,30,1.8801202774,1.62219477047,2.36516116986,0,0,1.8801202774,
MC_G2_D075_DENS_LOW_V_HIGH_S030,MC_G2_D075_DENS_LOW_V_HIGH,30,1.8901168108,1.78677286299,3.17334634796,0,0,1.8901168108,
MC_G2_D075_DENS_LOW_V_HIGH_S030,MC_G2_D075_DENS_LOW_V_HIGH,30,1.90011334419,2.36844853591,4.84441291563,0,0,1.90011334419,
MC_G2_D075_DENS_LOW_V_HIGH_S030,MC_G2_D075_DENS_LOW_V_HIGH,30,1.91010987759,1.84052343851,2.59178555021,0,0,1.91010987759,
MC_G2_D075_DENS_LOW_V_HIGH_S030,MC_G2_D075_DENS_LOW_V_HIGH,30,1.92010629177,1.61964566643,2.80933780677,0,0,1.92010629177,
MC_G2_D075_DENS_LOW_V_HIGH_S030,MC_G2_D075_DENS_LOW_V_HIGH,30,1.93010282516,1.69915240245,4.12981099937,0,0,1.93010282516,
MC_G2_D075_DENS_LOW_V_HIGH_S030,MC_G2_D075_DENS_LOW_V_HIGH,30,1.94009935856,1.71790754146,4.12286761348,0,0,1.94009935856,
MC_G2_D075_DENS_LOW_V_HIGH_S030,MC_G2_D075_DENS_LOW_V_HIGH,30,1.95009577274,2.15649297336,4.46683569068,0,0,1.95009577274,
MC_G2_D075_DENS_LOW_V_HIGH_S030,MC_G2_D075_DENS_LOW_V_HIGH,30,1.96009218693,1.87416467645,2.97609714149,0,0,1.96009218693,
MC_G2_D075_DENS_LOW_V_HIGH_S030,MC_G2_D075_DENS_LOW_V_HIGH,30,1.97008872032,1.89789050618,3.18204426854,0,0,1.97008872032,
MC_G2_D075_DENS_LOW_V_HIGH_S030,MC_G2_D075_DENS_LOW_V_HIGH,30,1.98008525372,2.37307370014,4.56878108002,0,0,1.98008525372,
MC_G2_D075_DENS_LOW_V_HIGH_S030,MC_G2_D075_DENS_LOW_V_HIGH,30,1.99008178711,2.02426809662,3.10693926818,0,0,1.99008178711,
MC_G2_D075_DENS_LOW_V_HIGH_S030,MC_G2_D075_DENS_LOW_V_HIGH,30,2.00007820129,2.07643140553,3.94810821842,0,0,2.00007820129,
MC_G2_D075_DENS_LOW_V_HIGH_S030,MC_G2_D075_DENS_LOW_V_HIGH,30,2.01007461548,2.09936532889,2.88876631606,0,0,2.01007461548,
MC_G2_D075_DENS_LOW_V_HIGH_S030,MC_G2_D075_DENS_LOW_V_HIGH,30,2.02007126808,2.16253865072,3.19430130431,0,0,2.02007126808,
MC_G2_D075_DENS_LOW_V_HIGH_S030,MC_G2_D075_DENS_LOW_V_HIGH,30,2.03006768227,2.00075240116,2.73996789738,0,0,2.03006768227,
MC_G2_D075_DENS_LOW_V_HIGH_S030,MC_G2_D075_DENS_LOW_V_HIGH,30,2.04006409645,2.19612545546,2.927959408,0,0,2.04006409645,
MC_G2_D075_DENS_LOW_V_HIGH_S030,MC_G2_D075_DENS_LOW_V_HIGH,30,2.05006074905,2.08215974009,4.04907420504,0,0,2.05006074905,
MC_G2_D075_DENS_LOW_V_HIGH_S030,MC_G2_D075_DENS_LOW_V_HIGH,30,2.06005716324,1.86519286916,3.90327823991,0,0,2.06005716324,
MC_G2_D075_DENS_LOW_V_HIGH_S030,MC_G2_D075_DENS_LOW_V_HIGH,30,2.07005381584,2.12314946017,3.73147742614,0,0,2.07005381584,
MC_G2_D075_DENS_LOW_V_HIGH_S030,MC_G2_D075_DENS_LOW_V_HIGH,30,2.08005023003,1.92586433607,3.28606086904,0,0,2.08005023003,
MC_G2_D075_DENS_LOW_V_HIGH_S030,MC_G2_D075_DENS_LOW_V_HIGH,30,2.09004664421,1.91126090295,2.81082530685,0,0,2.09004664421,
MC_G2_D075_DENS_LOW_V_HIGH_S030,MC_G2_D075_DENS_LOW_V_HIGH,30,2.10004329681,2.09490581291,3.75853508517,0,0,2.10004329681,
MC_G2_D075_DENS_LOW_V_HIGH_S030,MC_G2_D075_DENS_LOW_V_HIGH,30,2.110039711,2.14405581586,2.77950536431,0,0,2.110039711,
MC_G2_D075_DENS_LOW_V_HIGH_S030,MC_G2_D075_DENS_LOW_V_HIGH,30,2.12003612518,2.05180093469,2.76482606365,0,0,2.12003612518,
MC_G2_D075_DENS_LOW_V_HIGH_S030,MC_G2_D075_DENS_LOW_V_HIGH,30,2.13003277779,2.02693753396,2.79200744072,0,0,2.13003277779,
MC_G2_D075_DENS_LOW_V_HIGH_S030,MC_G2_D075_DENS_LOW_V_HIGH,30,2.14002919197,2.71297394907,4.64050254762,0,0,2.14002919197,
MC_G2_D075_DENS_LOW_V_HIGH_S030,MC_G2_D075_DENS_LOW_V_HIGH,30,2.15002560616,2.11617952364,2.56732912019,0,0,2.15002560616,
MC_G2_D075_DENS_LOW_V_HIGH_S030,MC_G2_D075_DENS_LOW_V_HIGH,30,2.16002202034,1.86582189039,3.13023647708,0,0,2.16002202034,
MC_G2_D075_DENS_LOW_V_HIGH_S030,MC_G2_D075_DENS_LOW_V_HIGH,30,2.17001867294,1.50867046139,3.71112490004,0,0,2.17001867294,
MC_G2_D075_DENS_LOW_V_HIGH_S030,MC_G2_D075_DENS_LOW_V_HIGH,30,2.18001508713,2.13545744243,3.90384565213,0,0,2.18001508713,
MC_G2_D075_DENS_LOW_V_HIGH_S030,MC_G2_D075_DENS_LOW_V_HIGH,30,2.19001173973,2.22992944038,4.32665244142,0,0,2.19001173973,
MC_G2_D075_DENS_LOW_V_HIGH_S030,MC_G2_D075_DENS_LOW_V_HIGH,30,2.2000079155,1.91346586206,3.59872569208,0,0,2.2000079155,
MC_G2_D075_DENS_LOW_V_HIGH_S030,MC_G2_D075_DENS_LOW_V_HIGH,30,2.2100045681,2.22315692782,3.80200230249,0,0,2.2100045681,
MC_G2_D075_DENS_LOW_V_HIGH_S030,MC_G2_D075_DENS_LOW_V_HIGH,30,2.2200012207,2.14376762384,3.50744173662,0,0,2.2200012207,
MC_G2_D075_DENS_LOW_V_HIGH_S030,MC_G2_D075_DENS_LOW_V_HIGH,30,2.23011946678,2.41699825395,3.59115969281,0,0,2.23011946678,
MC_G2_D075_DENS_LOW_V_HIGH_S030,MC_G2_D075_DENS_LOW_V_HIGH,30,2.24011588097,1.99369584124,2.86949807294,0,0,2.24011588097,
MC_G2_D075_DENS_LOW_V_HIGH_S030,MC_G2_D075_DENS_LOW_V_HIGH,30,2.25011253357,2.32589365407,3.16842257058,0,0,2.25011253357,
MC_G2_D075_DENS_LOW_V_HIGH_S030,MC_G2_D075_DENS_LOW_V_HIGH,30,2.26010894775,2.295429298,3.2403176419,0,0,2.26010894775,
MC_G2_D075_DENS_LOW_V_HIGH_S030,MC_G2_D075_DENS_LOW_V_HIGH,30,2.27010536194,2.30899228331,3.63711943337,0,0,2.27010536194,
MC_G2_D075_DENS_LOW_V_HIGH_S030,MC_G2_D075_DENS_LOW_V_HIGH,30,2.28010177612,2.42376924679,3.49140738321,0,0,2.28010177612,
MC_G2_D075_DENS_LOW_V_HIGH_S030,MC_G2_D075_DENS_LOW_V_HIGH,30,2.29009842873,2.24135502454,4.6667969064,0,0,2.29009842873,
MC_G2_D075_DENS_LOW_V_HIGH_S030,MC_G2_D075_DENS_LOW_V_HIGH,30,2.30009484291,2.84671577136,4.83904223371,0,0,2.30009484291,
MC_G2_D075_DENS_LOW_V_HIGH_S030,MC_G2_D075_DENS_LOW_V_HIGH,30,2.31009149551,2.25423386464,4.91709113562,0,0,2.31009149551,
MC_G2_D075_DENS_LOW_V_HIGH_S030,MC_G2_D075_DENS_LOW_V_HIGH,30,2.3200879097,2.16447047673,4.00736839789,0,0,2.3200879097,
MC_G2_D075_DENS_LOW_V_HIGH_S030,MC_G2_D075_DENS_LOW_V_HIGH,30,2.33008432388,2.17495964404,3.31919503703,0,0,2.33008432388,
MC_G2_D075_DENS_LOW_V_HIGH_S030,MC_G2_D075_DENS_LOW_V_HIGH,30,2.34008097649,2.46304432104,4.37197097658,0,0,2.34008097649,
MC_G2_D075_DENS_LOW_V_HIGH_S030,MC_G2_D075_DENS_LOW_V_HIGH,30,2.35007739067,2.478448088,3.81850945604,0,0,2.35007739067,
MC_G2_D075_DENS_LOW_V_HIGH_S030,MC_G2_D075_DENS_LOW_V_HIGH,30,2.36007380486,2.41448051116,3.10047825941,0,0,2.36007380486,
MC_G2_D075_DENS_LOW_V_HIGH_S030,MC_G2_D075_DENS_LOW_V_HIGH,30,2.37007045746,2.11612039316,2.7524838522,0,0,2.37007045746,
MC_G2_D075_DENS_LOW_V_HIGH_S030,MC_G2_D075_DENS_LOW_V_HIGH,30,2.38006687164,2.38621254857,2.98436486049,0,0,2.38006687164,
MC_G2_D075_DENS_LOW_V_HIGH_S030,MC_G2_D075_DENS_LOW_V_HIGH,30,2.39006328583,2.5265255911,3.47572330203,0,0,2.39006328583,
MC_G2_D075_DENS_LOW_V_HIGH_S030,MC_G2_D075_DENS_LOW_V_HIGH,30,2.40005970001,2.26408461616,4.84616141931,0,0,2.40005970001,
MC_G2_D075_DENS_LOW_V_HIGH_S030,MC_G2_D075_DENS_LOW_V_HIGH,30,2.41005635262,2.34971577806,4.08237379385,0,0,2.41005635262,
MC_G2_D075_DENS_LOW_V_HIGH_S030,MC_G2_D075_DENS_LOW_V_HIGH,30,2.4200527668,3.28921735432,5.16105353384,0,0,2.4200527668,
MC_G2_D075_DENS_LOW_V_HIGH_S030,MC_G2_D075_DENS_LOW_V_HIGH,30,2.4300494194,2.44448923095,5.33741772241,0,0,2.4300494194,
MC_G2_D075_DENS_LOW_V_HIGH_S030,MC_G2_D075_DENS_LOW_V_HIGH,30,2.44004583359,2.34042897661,4.21849010019,0,0,2.44004583359,
MC_G2_D075_DENS_LOW_V_HIGH_S030,MC_G2_D075_DENS_LOW_V_HIGH,30,2.45004224777,2.73344083265,4.54755920872,0,0,2.45004224777,
MC_G2_D075_DENS_LOW_V_HIGH_S030,MC_G2_D075_DENS_LOW_V_HIGH,30,2.46003890038,2.41701952987,3.8951961521,0,0,2.46003890038,
MC_G2_D075_DENS_LOW_V_HIGH_S030,MC_G2_D075_DENS_LOW_V_HIGH,30,2.47003531456,2.41901808491,3.34541090182,0,0,2.47003531456,
MC_G2_D075_DENS_LOW_V_HIGH_S030,MC_G2_D075_DENS_LOW_V_HIGH,30,2.48003172874,2.42294114373,3.55126091226,0,0,2.48003172874,
MC_G2_D075_DENS_LOW_V_HIGH_S030,MC_G2_D075_DENS_LOW_V_HIGH,30,2.49002838135,2.59338669322,3.37708271969,0,0,2.49002838135,
MC_G2_D075_DENS_LOW_V_HIGH_S030,MC_G2_D075_DENS_LOW_V_HIGH,30,2.50002479553,2.50907159901,4.45169044317,0,0,2.50002479553,
MC_G2_D075_DENS_LOW_V_HIGH_S030,MC_G2_D075_DENS_LOW_V_HIGH,30,2.51002144814,2.7304237965,6.25902358834,0,0,2.51002144814,
MC_G2_D075_DENS_LOW_V_HIGH_S030,MC_G2_D075_DENS_LOW_V_HIGH,30,2.52001786232,2.54489997402,4.37339060338,0,0,2.52001786232,
MC_G2_D075_DENS_LOW_V_HIGH_S030,MC_G2_D075_DENS_LOW_V_HIGH,30,2.5300142765,2.3562585383,3.70850682409,0,0,2.5300142765,
MC_G2_D075_DENS_LOW_V_HIGH_S030,MC_G2_D075_DENS_LOW_V_HIGH,30,2.54001092911,2.29840198629,5.10454295855,0,0,2.54001092911,
MC_G2_D075_DENS_LOW_V_HIGH_S030,MC_G2_D075_DENS_LOW_V_HIGH,30,2.55000734329,2.82512540861,5.56719816626,0,0,2.55000734329,
MC_G2_D075_DENS_LOW_V_HIGH_S030,MC_G2_D075_DENS_LOW_V_HIGH,30,2.56000375748,2.42760443882,6.2581902194,0,0,2.56000375748,
MC_G2_D075_DENS_LOW_V_HIGH_S030,MC_G2_D075_DENS_LOW_V_HIGH,30,2.57000017166,2.31288702029,4.34851135227,0,0,2.57000017166,
MC_G2_D075_DENS_LOW_V_HIGH_S030,MC_G2_D075_DENS_LOW_V_HIGH,30,2.58011865616,2.35500629837,4.18468574413,0,0,2.58011865616,
MC_G2_D075_DENS_LOW_V_HIGH_S030,MC_G2_D075_DENS_LOW_V_HIGH,30,2.59011530876,2.49241614474,3.8233001779,0,0,2.59011530876,
MC_G2_D075_DENS_LOW_V_HIGH_S030,MC_G2_D075_DENS_LOW_V_HIGH,30,2.60011172295,2.48284916427,3.94328335572,0,0,2.60011172295,
MC_G2_D075_DENS_LOW_V_HIGH_S030,MC_G2_D075_DENS_LOW_V_HIGH,30,2.61010813713,2.57427677131,4.22974254964,0,0,2.61010813713,
MC_G2_D075_DENS_LOW_V_HIGH_S030,MC_G2_D075_DENS_LOW_V_HIGH,30,2.62010478973,2.84133987106,3.83886711569,0,0,2.62010478973,
MC_G2_D075_DENS_LOW_V_HIGH_S030,MC_G2_D075_DENS_LOW_V_HIGH,30,2.63010120392,2.67861278369,4.07808525482,0,0,2.63010120392,
MC_G2_D075_DENS_LOW_V_HIGH_S030,MC_G2_D075_DENS_LOW_V_HIGH,30,2.6400976181,2.564846012,3.86160017352,0,0,2.6400976181,
MC_G2_D075_DENS_LOW_V_HIGH_S030,MC_G2_D075_DENS_LOW_V_HIGH,30,2.65009427071,2.60966995702,4.98953276656,0,0,2.65009427071,
MC_G2_D075_DENS_LOW_V_HIGH_S030,MC_G2_D075_DENS_LOW_V_HIGH,30,2.66009068489,2.70670114435,5.72850495775,0,0,2.66009068489,
MC_G2_D075_DENS_LOW_V_HIGH_S030,MC_G2_D075_DENS_LOW_V_HIGH,30,2.67008733749,2.47094404295,5.77471310119,0,0,2.67008733749,
MC_G2_D075_DENS_LOW_V_HIGH_S030,MC_G2_D075_DENS_LOW_V_HIGH,30,2.68008375168,2.24908094704,4.56276449289,0,0,2.68008375168,
MC_G2_D075_DENS_LOW_V_HIGH_S030,MC_G2_D075_DENS_LOW_V_HIGH,30,2.69008016586,2.82753400868,5.18708502918,0,0,2.69008016586,
MC_G2_D075_DENS_LOW_V_HIGH_S030,MC_G2_D075_DENS_LOW_V_HIGH,30,2.70007681847,3.30788075819,5.90823658178,0,0,2.70007681847,
MC_G2_D075_DENS_LOW_V_HIGH_S030,MC_G2_D075_DENS_LOW_V_HIGH,30,2.71007323265,3.12795996338,4.76498608118,0,0,2.71007323265,
MC_G2_D075_DENS_LOW_V_HIGH_S030,MC_G2_D075_DENS_LOW_V_HIGH,30,2.72006964684,2.88101200373,4.15985397798,0,0,2.72006964684,
MC_G2_D075_DENS_LOW_V_HIGH_S030,MC_G2_D075_DENS_LOW_V_HIGH,30,2.73006629944,2.52509678865,4.19842501447,0,0,2.73006629944,
MC_G2_D075_DENS_LOW_V_HIGH_S030,MC_G2_D075_DENS_LOW_V_HIGH,30,2.74006271362,3.02232031728,5.01570314014,0,0,2.74006271362,
MC_G2_D075_DENS_LOW_V_HIGH_S030,MC_G2_D075_DENS_LOW_V_HIGH,30,2.75005912781,2.55122555408,4.3578261076,0,0,2.75005912781,
MC_G2_D075_DENS_LOW_V_HIGH_S030,MC_G2_D075_DENS_LOW_V_HIGH,30,2.76005578041,2.56884229315,4.42548452129,0,0,2.76005578041,
MC_G2_D075_DENS_LOW_V_HIGH_S030,MC_G2_D075_DENS_LOW_V_HIGH,30,2.7700521946,2.50105168195,4.83669672095,0,0,2.7700521946,
MC_G2_D075_DENS_LOW_V_HIGH_S030,MC_G2_D075_DENS_LOW_V_HIGH,30,2.7800488472,3.07273568492,6.25097538511,0,0,2.7800488472,
MC_G2_D075_DENS_LOW_V_HIGH_S030,MC_G2_D075_DENS_LOW_V_HIGH,30,2.79004526138,3.05873585245,6.41763005436,0,0,2.79004526138,
MC_G2_D075_DENS_LOW_V_HIGH_S030,MC_G2_D075_DENS_LOW_V_HIGH,30,2.80004167557,2.95717759119,6.77154852853,0,0,2.80004167557,
MC_G2_D075_DENS_LOW_V_HIGH_S030,MC_G2_D075_DENS_LOW_V_HIGH,30,2.81003832817,2.80858766269,5.16432131224,0,0,2.81003832817,
MC_G2_D075_DENS_LOW_V_HIGH_S030,MC_G2_D075_DENS_LOW_V_HIGH,30,2.82003474236,2.80409540389,5.00191982211,0,0,2.82003474236,
MC_G2_D075_DENS_LOW_V_HIGH_S030,MC_G2_D075_DENS_LOW_V_HIGH,30,2.83003115654,2.57012520357,4.31201733849,0,0,2.83003115654,
MC_G2_D075_DENS_LOW_V_HIGH_S030,MC_G2_D075_DENS_LOW_V_HIGH,30,2.84002780914,2.80821049863,4.61161904563,0,0,2.84002780914,
MC_G2_D075_DENS_LOW_V_HIGH_S030,MC_G2_D075_DENS_LOW_V_HIGH,30,2.85002422333,3.03553736163,5.13074834024,0,0,2.85002422333,
MC_G2_D075_DENS_LOW_V_HIGH_S030,MC_G2_D075_DENS_LOW_V_HIGH,30,2.86002087593,2.97142499801,5.34652196204,0,0,2.86002087593,
MC_G2_D075_DENS_LOW_V_HIGH_S030,MC_G2_D075_DENS_LOW_V_HIGH,30,2.87001729012,3.35303903912,4.28229299599,0,0,2.87001729012,
MC_G2_D075_DENS_LOW_V_HIGH_S030,MC_G2_D075_DENS_LOW_V_HIGH,30,2.8800137043,3.02448990862,5.03638101184,0,0,2.8800137043,
MC_G2_D075_DENS_LOW_V_HIGH_S030,MC_G2_D075_DENS_LOW_V_HIGH,30,2.8900103569,3.41666178024,5.80500674336,0,0,2.8900103569,
MC_G2_D075_DENS_LOW_V_HIGH_S030,MC_G2_D075_DENS_LOW_V_HIGH,30,2.90000677109,2.88544098738,5.99191769952,0,0,2.90000677109,
MC_G2_D075_DENS_LOW_V_HIGH_S030,MC_G2_D075_DENS_LOW_V_HIGH,30,2.91000318527,3.00327422313,6.8315311436,0,0,2.91000318527,
MC_G2_D075_DENS_LOW_V_HIGH_S030,MC_G2_D075_DENS_LOW_V_HIGH,30,2.92012166977,2.97228957408,5.8448592212,0,0,2.92012166977,
MC_G2_D075_DENS_LOW_V_HIGH_S030,MC_G2_D075_DENS_LOW_V_HIGH,30,2.93011808395,3.10452025335,5.8339937719,0,0,2.93011808395,
MC_G2_D075_DENS_LOW_V_HIGH_S030,MC_G2_D075_DENS_LOW_V_HIGH,30,2.94011473656,3.18616314711,4.33035527828,0,0,2.94011473656,
MC_G2_D075_DENS_LOW_V_HIGH_S030,MC_G2_D075_DENS_LOW_V_HIGH,30,2.95011115074,3.07433248425,4.36711202279,0,0,2.95011115074,
MC_G2_D075_DENS_LOW_V_HIGH_S030,MC_G2_D075_DENS_LOW_V_HIGH,30,2.96010756493,2.99946583324,4.94178922894,0,0,2.96010756493,
MC_G2_D075_DENS_LOW_V_HIGH_S030,MC_G2_D075_DENS_LOW_V_HIGH,30,2.97010421753,3.26596360137,5.59528378594,0,0,2.97010421753,
MC_G2_D075_DENS_LOW_V_HIGH_S030,MC_G2_D075_DENS_LOW_V_HIGH,30,2.98010063171,2.98115638332,4.42014923551,0,0,2.98010063171,
MC_G2_D075_DENS_LOW_V_HIGH_S030,MC_G2_D075_DENS_LOW_V_HIGH,30,2.99009728432,3.33196841673,4.81524524234,0,0,2.99009728432,
MC_G2_D075_DENS_LOW_V_HIGH_S030,MC_G2_D075_DENS_LOW_V_HIGH,30,3.0000936985,3.23566751849,5.16261286974,0,0,3.0000936985,
MC_G2_D075_DENS_LOW_V_HIGH_S030,MC_G2_D075_DENS_LOW_V_HIGH,30,3.01009011269,2.94374281403,5.34720538873,0,0,3.01009011269,
MC_G2_D075_DENS_LOW_V_HIGH_S030,MC_G2_D075_DENS_LOW_V_HIGH,30,3.02008676529,3.10778154813,5.52387769522,0,0,3.02008676529,
MC_G2_D075_DENS_LOW_V_HIGH_S030,MC_G2_D075_DENS_LOW_V_HIGH,30,3.03008317947,3.40249754293,7.13237407045,0,0,3.03008317947,
MC_G2_D075_DENS_LOW_V_HIGH_S030,MC_G2_D075_DENS_LOW_V_HIGH,30,3.04007959366,3.24140096479,6.66708064874,0,0,3.04007959366,
MC_G2_D075_DENS_LOW_V_HIGH_S030,MC_G2_D075_DENS_LOW_V_HIGH,30,3.05007624626,3.25873116971,6.29145620583,0,0,3.05007624626,
MC_G2_D075_DENS_LOW_V_HIGH_S030,MC_G2_D075_DENS_LOW_V_HIGH,30,3.06007266045,3.1826832906,5.69950333034,0,0,3.06007266045,
MC_G2_D075_DENS_LOW_V_HIGH_S030,MC_G2_D075_DENS_LOW_V_HIGH,30,3.07006931305,3.16785784186,5.0604179115,0,0,3.07006931305,
MC_G2_D075_DENS_LOW_V_HIGH_S030,MC_G2_D075_DENS_LOW_V_HIGH,30,3.08006572723,3.01777638839,4.76130204625,0,0,3.08006572723,
MC_G2_D075_DENS_LOW_V_HIGH_S030,MC_G2_D075_DENS_LOW_V_HIGH,30,3.09006214142,3.26936830138,5.54952910772,0,0,3.09006214142,
MC_G2_D075_DENS_LOW_V_HIGH_S030,MC_G2_D075_DENS_LOW_V_HIGH,30,3.10005879402,3.4457553591,4.95407096452,0,0,3.10005879402,
MC_G2_D075_DENS_LOW_V_HIGH_S030,MC_G2_D075_DENS_LOW_V_HIGH,30,3.11005520821,3.3588962726,5.47176609331,0,0,3.11005520821,
MC_G2_D075_DENS_LOW_V_HIGH_S030,MC_G2_D075_DENS_LOW_V_HIGH,30,3.12005186081,3.12082451676,4.70425150419,0,0,3.12005186081,
MC_G2_D075_DENS_LOW_V_HIGH_S030,MC_G2_D075_DENS_LOW_V_HIGH,30,3.13004827499,3.06313278407,6.02498409576,0,0,3.13004827499,
MC_G2_D075_DENS_LOW_V_HIGH_S030,MC_G2_D075_DENS_LOW_V_HIGH,30,3.14004468918,3.34531201137,8.475161456,0,0,3.14004468918,
MC_G2_D075_DENS_LOW_V_HIGH_S030,MC_G2_D075_DENS_LOW_V_HIGH,30,3.15004134178,3.77183814061,6.82794267936,0,0,3.15004134178,
MC_G2_D075_DENS_LOW_V_HIGH_S030,MC_G2_D075_DENS_LOW_V_HIGH,30,3.16003775597,3.26233895806,6.86496499961,0,0,3.16003775597,
MC_G2_D075_DENS_LOW_V_HIGH_S030,MC_G2_D075_DENS_LOW_V_HIGH,30,3.17003440857,3.0404020872,6.82368324952,0,0,3.17003440857,
MC_G2_D075_DENS_LOW_V_HIGH_S030,MC_G2_D075_DENS_LOW_V_HIGH,30,3.18003082275,3.75878246168,5.594713872,0,0,3.18003082275,
MC_G2_D075_DENS_LOW_V_HIGH_S030,MC_G2_D075_DENS_LOW_V_HIGH,30,3.19002723694,3.54521918553,5.43787444217,0,0,3.19002723694,
MC_G2_D075_DENS_LOW_V_HIGH_S030,MC_G2_D075_DENS_LOW_V_HIGH,30,3.20002388954,3.21323827656,4.90477636204,0,0,3.20002388954,
MC_G2_D075_DENS_LOW_V_HIGH_S030,MC_G2_D075_DENS_LOW_V_HIGH,30,3.21002030373,3.33893255074,6.63279041759,0,0,3.21002030373,
MC_G2_D075_DENS_LOW_V_HIGH_S030,MC_G2_D075_DENS_LOW_V_HIGH,30,3.22001695633,3.76704940047,6.01926585031,0,0,3.22001695633,
MC_G2_D075_DENS_LOW_V_HIGH_S030,MC_G2_D075_DENS_LOW_V_HIGH,30,3.23001337051,3.26143625112,5.35118058418,0,0,3.23001337051,
MC_G2_D075_DENS_LOW_V_HIGH_S030,MC_G2_D075_DENS_LOW_V_HIGH,30,3.2400097847,3.46217871241,4.90477232589,0,0,3.2400097847,
MC_G2_D075_DENS_LOW_V_HIGH_S030,MC_G2_D075_DENS_LOW_V_HIGH,30,3.2500064373,3.10084753199,5.82733405597,0,0,3.2500064373,
MC_G2_D075_DENS_LOW_V_HIGH_S030,MC_G2_D075_DENS_LOW_V_HIGH,30,3.26000285149,3.16220120993,5.99594595489,0,0,3.26000285149,
MC_G2_D075_DENS_LOW_V_HIGH_S030,MC_G2_D075_DENS_LOW_V_HIGH,30,3.27012133598,3.66431985829,6.6399091506,0,0,3.27012133598,
MC_G2_D075_DENS_LOW_V_HIGH_S030,MC_G2_D075_DENS_LOW_V_HIGH,30,3.28011775017,3.53629352211,7.84726135809,0,0,3.28011775017,
MC_G2_D075_DENS_LOW_V_HIGH_S030,MC_G2_D075_DENS_LOW_V_HIGH,30,3.29011440277,3.68898500612,8.31708928063,0,0,3.29011440277,
MC_G2_D075_DENS_LOW_V_HIGH_S030,MC_G2_D075_DENS_LOW_V_HIGH,30,3.30011081696,3.5456201123,6.08755780785,0,0,3.30011081696,
MC_G2_D075_DENS_LOW_V_HIGH_S030,MC_G2_D075_DENS_LOW_V_HIGH,30,3.31010723114,3.33249644641,4.9592945836,0,0,3.31010723114,
MC_G2_D075_DENS_LOW_V_HIGH_S030,MC_G2_D075_DENS_LOW_V_HIGH,30,3.32010388374,3.55377790838,6.41147015962,0,0,3.32010388374,
MC_G2_D075_DENS_LOW_V_HIGH_S030,MC_G2_D075_DENS_LOW_V_HIGH,30,3.33010029793,4.10883215396,6.55411891092,0,0,3.33010029793,
MC_G2_D075_DENS_LOW_V_HIGH_S030,MC_G2_D075_DENS_LOW_V_HIGH,30,3.34009695053,3.69732544355,6.38202688275,0,0,3.34009695053,
MC_G2_D075_DENS_LOW_V_HIGH_S030,MC_G2_D075_DENS_LOW_V_HIGH,30,3.35009336472,3.64208983636,6.0155777069,0,0,3.35009336472,
MC_G2_D075_DENS_LOW_V_HIGH_S030,MC_G2_D075_DENS_LOW_V_HIGH,30,3.3600897789,3.07521115217,5.5061215445,0,0,3.3600897789,
MC_G2_D075_DENS_LOW_V_HIGH_S030,MC_G2_D075_DENS_LOW_V_HIGH,30,3.3700864315,3.17077927452,5.47919441216,0,0,3.3700864315,
MC_G2_D075_DENS_LOW_V_HIGH_S030,MC_G2_D075_DENS_LOW_V_HIGH,30,3.38008284569,3.5135150235,6.68952933733,0,0,3.38008284569,
MC_G2_D075_DENS_LOW_V_HIGH_S030,MC_G2_D075_DENS_LOW_V_HIGH,30,3.39007949829,3.59735348181,7.42507133481,0,0,3.39007949829,
MC_G2_D075_DENS_LOW_V_HIGH_S030,MC_G2_D075_DENS_LOW_V_HIGH,30,3.40007591248,3.75781509804,6.93360276744,0,0,3.40007591248,
MC_G2_D075_DENS_LOW_V_HIGH_S030,MC_G2_D075_DENS_LOW_V_HIGH,30,3.41007232666,3.49615774014,7.96233274263,0,0,3.41007232666,
MC_G2_D075_DENS_LOW_V_HIGH_S030,MC_G2_D075_DENS_LOW_V_HIGH,30,3.42006897926,4.19900420534,7.31939327848,0,0,3.42006897926,
MC_G2_D075_DENS_LOW_V_HIGH_S030,MC_G2_D075_DENS_LOW_V_HIGH,30,3.43006539345,3.85032501396,5.90181616696,0,0,3.43006539345,
MC_G2_D075_DENS_LOW_V_HIGH_S030,MC_G2_D075_DENS_LOW_V_HIGH,30,3.44006204605,3.50568078721,5.91006821005,0,0,3.44006204605,
MC_G2_D075_DENS_LOW_V_HIGH_S030,MC_G2_D075_DENS_LOW_V_HIGH,30,3.45005846024,3.77791255427,5.67676132706,0,0,3.45005846024,
MC_G2_D075_DENS_LOW_V_HIGH_S030,MC_G2_D075_DENS_LOW_V_HIGH,30,3.46005487442,3.83350764164,5.83887822462,0,0,3.46005487442,
MC_G2_D075_DENS_LOW_V_HIGH_S030,MC_G2_D075_DENS_LOW_V_HIGH,30,3.47005152702,3.79692687268,6.2491606818,0,0,3.47005152702,
MC_G2_D075_DENS_LOW_V_HIGH_S030,MC_G2_D075_DENS_LOW_V_HIGH,30,3.48004794121,3.99607087678,5.60069796801,0,0,3.48004794121,
MC_G2_D075_DENS_LOW_V_HIGH_S030,MC_G2_D075_DENS_LOW_V_HIGH,30,3.49004459381,3.35800710488,6.23833079386,0,0,3.49004459381,
MC_G2_D075_DENS_LOW_V_HIGH_S030,MC_G2_D075_DENS_LOW_V_HIGH,30,3.500041008,4.57781314058,7.10588122663,0,0,3.500041008,
MC_G2_D075_DENS_LOW_V_HIGH_S030,MC_G2_D075_DENS_LOW_V_HIGH,30,3.51003742218,3.95221871637,7.93142728647,0,0,3.51003742218,
MC_G2_D075_DENS_LOW_V_HIGH_S030,MC_G2_D075_DENS_LOW_V_HIGH,30,3.52003407478,3.70878156004,8.31184580759,0,0,3.52003407478,
MC_G2_D075_DENS_LOW_V_HIGH_S030,MC_G2_D075_DENS_LOW_V_HIGH,30,3.53003048897,3.33527668433,6.55504638719,0,0,3.53003048897,
MC_G2_D075_DENS_LOW_V_HIGH_S030,MC_G2_D075_DENS_LOW_V_HIGH,30,3.54002714157,4.19034269492,7.34620850494,0,0,3.54002714157,
MC_G2_D075_DENS_LOW_V_HIGH_S030,MC_G2_D075_DENS_LOW_V_HIGH,30,3.55002355576,3.88741889181,4.78414589103,0,0,3.55002355576,
MC_G2_D075_DENS_LOW_V_HIGH_S030,MC_G2_D075_DENS_LOW_V_HIGH,30,3.56001996994,4.46957617423,6.54981122239,0,0,3.56001996994,
MC_G2_D075_DENS_LOW_V_HIGH_S030,MC_G2_D075_DENS_LOW_V_HIGH,30,3.57001662254,4.20759194081,6.80682811799,0,0,3.57001662254,
MC_G2_D075_DENS_LOW_V_HIGH_S030,MC_G2_D075_DENS_LOW_V_HIGH,30,3.58001303673,3.75427390056,6.47170370827,0,0,3.58001303673,
MC_G2_D075_DENS_LOW_V_HIGH_S030,MC_G2_D075_DENS_LOW_V_HIGH,30,3.59000968933,3.86440939749,6.96012823134,0,0,3.59000968933,
MC_G2_D075_DENS_LOW_V_HIGH_S030,MC_G2_D075_DENS_LOW_V_HIGH,30,3.60000610352,3.87806715735,6.44680753581,0,0,3.60000610352,
MC_G2_D075_DENS_LOW_V_HIGH_S030,MC_G2_D075_DENS_LOW_V_HIGH,30,3.6100025177,4.24767025016,5.99256574036,0,0,3.6100025177,
MC_G2_D075_DENS_LOW_V_HIGH_S030,MC_G2_D075_DENS_LOW_V_HIGH,30,3.6201210022,4.123056627,7.83998716903,0,0,3.6201210022,
MC_G2_D075_DENS_LOW_V_HIGH_S030,MC_G2_D075_DENS_LOW_V_HIGH,30,3.6301176548,4.14735621582,7.32696902212,0,0,3.6301176548,
MC_G2_D075_DENS_LOW_V_HIGH_S030,MC_G2_D075_DENS_LOW_V_HIGH,30,3.64011406898,3.65125782422,7.46867148921,0,0,3.64011406898,
MC_G2_D075_DENS_LOW_V_HIGH_S030,MC_G2_D075_DENS_LOW_V_HIGH,30,3.65011048317,4.2915282131,9.0554255944,0,0,3.65011048317,
MC_G2_D075_DENS_LOW_V_HIGH_S030,MC_G2_D075_DENS_LOW_V_HIGH,30,3.66010713577,3.84657630716,7.88736457853,0,0,3.66010713577,
MC_G2_D075_DENS_LOW_V_HIGH_S030,MC_G2_D075_DENS_LOW_V_HIGH,30,3.67010354996,4.09031105008,6.43950875101,0,0,3.67010354996,
MC_G2_D075_DENS_LOW_V_HIGH_S030,MC_G2_D075_DENS_LOW_V_HIGH,30,3.68010020256,4.66095695388,6.92587928353,0,0,3.68010020256,
MC_G2_D075_DENS_LOW_V_HIGH_S030,MC_G2_D075_DENS_LOW_V_HIGH,30,3.69009661674,4.455484054,9.48638970181,0,0,3.69009661674,
MC_G2_D075_DENS_LOW_V_HIGH_S030,MC_G2_D075_DENS_LOW_V_HIGH,30,3.70009303093,4.2029463296,7.05329356741,0,0,3.70009303093,
MC_G2_D075_DENS_LOW_V_HIGH_S030,MC_G2_D075_DENS_LOW_V_HIGH,30,3.71008968353,4.54128376541,7.21556574313,0,0,3.71008968353,
MC_G2_D075_DENS_LOW_V_HIGH_S030,MC_G2_D075_DENS_LOW_V_HIGH,30,3.72008609772,4.21209829145,7.58767439128,0,0,3.72008609772,
MC_G2_D075_DENS_LOW_V_HIGH_S030,MC_G2_D075_DENS_LOW_V_HIGH,30,3.73008275032,3.95412608889,6.45786530623,0,0,3.73008275032,
MC_G2_D075_DENS_LOW_V_HIGH_S030,MC_G2_D075_DENS_LOW_V_HIGH,30,3.74007916451,4.29067082111,8.1794811165,0,0,3.74007916451,
MC_G2_D075_DENS_LOW_V_HIGH_S030,MC_G2_D075_DENS_LOW_V_HIGH,30,3.75007557869,4.16674217208,8.75153479052,0,0,3.75007557869,
MC_G2_D075_DENS_LOW_V_HIGH_S030,MC_G2_D075_DENS_LOW_V_HIGH,30,3.76007223129,3.56015681639,8.29568829047,0,0,3.76007223129,
MC_G2_D075_DENS_LOW_V_HIGH_S030,MC_G2_D075_DENS_LOW_V_HIGH,30,3.77006864548,4.32723501142,8.28798205614,0,0,3.77006864548,
MC_G2_D075_DENS_LOW_V_HIGH_S030,MC_G2_D075_DENS_LOW_V_HIGH,30,3.78006529808,4.14253376578,7.54029065415,0,0,3.78006529808,
MC_G2_D075_DENS_LOW_V_HIGH_S030,MC_G2_D075_DENS_LOW_V_HIGH,30,3.79006171227,4.33326411013,6.38641915964,0,0,3.79006171227,
MC_G2_D075_DENS_LOW_V_HIGH_S030,MC_G2_D075_DENS_LOW_V_HIGH,30,3.80005812645,4.22155447134,6.21778829121,0,0,3.80005812645,
MC_G2_D075_DENS_LOW_V_HIGH_S030,MC_G2_D075_DENS_LOW_V_HIGH,30,3.81005477905,4.05065245663,6.91767144542,0,0,3.81005477905,
MC_G2_D075_DENS_LOW_V_HIGH_S030,MC_G2_D075_DENS_LOW_V_HIGH,30,3.82005119324,4.31178979786,8.05208843116,0,0,3.82005119324,
MC_G2_D075_DENS_LOW_V_HIGH_S030,MC_G2_D075_DENS_LOW_V_HIGH,30,3.83004784584,4.54128431803,7.39575760401,0,0,3.83004784584,
MC_G2_D075_DENS_LOW_V_HIGH_S030,MC_G2_D075_DENS_LOW_V_HIGH,30,3.84004426003,4.13172974247,6.7113390413,0,0,3.84004426003,
MC_G2_D075_DENS_LOW_V_HIGH_S030,MC_G2_D075_DENS_LOW_V_HIGH,30,3.85004067421,4.51002916084,7.58978802757,0,0,3.85004067421,
MC_G2_D075_DENS_LOW_V_HIGH_S030,MC_G2_D075_DENS_LOW_V_HIGH,30,3.86003732681,4.26839852363,7.98701590333,0,0,3.86003732681,
MC_G2_D075_DENS_LOW_V_HIGH_S030,MC_G2_D075_DENS_LOW_V_HIGH,30,3.870033741,4.29958598471,8.02948997591,0,0,3.870033741,
MC_G2_D075_DENS_LOW_V_HIGH_S030,MC_G2_D075_DENS_LOW_V_HIGH,30,3.8800303936,3.99424971319,8.8958257288,0,0,3.8800303936,
MC_G2_D075_DENS_LOW_V_HIGH_S030,MC_G2_D075_DENS_LOW_V_HIGH,30,3.89002680779,4.19452051218,8.38847610738,0,0,3.89002680779,
MC_G2_D075_DENS_LOW_V_HIGH_S030,MC_G2_D075_DENS_LOW_V_HIGH,30,3.90002322197,4.30724725053,7.97722987104,0,0,3.90002322197,
MC_G2_D075_DENS_LOW_V_HIGH_S030,MC_G2_D075_DENS_LOW_V_HIGH,30,3.91001987457,4.31706816049,7.01334963691,0,0,3.91001987457,
MC_G2_D075_DENS_LOW_V_HIGH_S030,MC_G2_D075_DENS_LOW_V_HIGH,30,3.92001628876,4.46465535759,7.81896321768,0,0,3.92001628876,
MC_G2_D075_DENS_LOW_V_HIGH_S030,MC_G2_D075_DENS_LOW_V_HIGH,30,3.93001270294,4.604206059,8.183740783,0,0,3.93001270294,
MC_G2_D075_DENS_LOW_V_HIGH_S030,MC_G2_D075_DENS_LOW_V_HIGH,30,3.94000935555,4.67345227477,7.75798015273,0,0,3.94000935555,
MC_G2_D075_DENS_LOW_V_HIGH_S030,MC_G2_D075_DENS_LOW_V_HIGH,30,3.95000576973,4.47165541198,7.61735090894,0,0,3.95000576973,
MC_G2_D075_DENS_LOW_V_HIGH_S030,MC_G2_D075_DENS_LOW_V_HIGH,30,3.96000242233,4.48381473911,7.01000186433,0,0,3.96000242233,
MC_G2_D075_DENS_LOW_V_HIGH_S030,MC_G2_D075_DENS_LOW_V_HIGH,30,3.97012066841,4.50340682313,8.98337613858,0,0,3.97012066841,
MC_G2_D075_DENS_LOW_V_HIGH_S030,MC_G2_D075_DENS_LOW_V_HIGH,30,3.98011732101,4.65913496135,7.19510523386,0,0,3.98011732101,
MC_G2_D075_DENS_LOW_V_HIGH_S030,MC_G2_D075_DENS_LOW_V_HIGH,30,3.9901137352,4.16824226268,9.17516532498,0,0,3.9901137352,
MC_G2_D075_DENS_LOW_V_HIGH_S030,MC_G2_D075_DENS_LOW_V_HIGH,30,4.00011014938,3.51210473387,8.83217938156,0,0,4.00011014938,
MC_G2_D075_DENS_LOW_V_HIGH_S030,MC_G2_D075_DENS_LOW_V_HIGH,30,4.01010656357,4.70075563683,9.66353213832,0,0,4.01010656357,
MC_G2_D075_DENS_LOW_V_HIGH_S030,MC_G2_D075_DENS_LOW_V_HIGH,30,4.02010345459,4.66848255115,8.56833076989,0,0,4.02010345459,
MC_G2_D075_DENS_LOW_V_HIGH_S030,MC_G2_D075_DENS_LOW_V_HIGH,30,4.03009986877,4.7077059553,7.63635881944,0,0,4.03009986877,
MC_G2_D075_DENS_LOW_V_HIGH_S030,MC_G2_D075_DENS_LOW_V_HIGH,30,4.04009628296,4.68906106425,6.66410368869,0,0,4.04009628296,
MC_G2_D075_DENS_LOW_V_HIGH_S030,MC_G2_D075_DENS_LOW_V_HIGH,30,4.05009269714,5.03034673485,8.10113134886,0,0,4.05009269714,
MC_G2_D075_DENS_LOW_V_HIGH_S030,MC_G2_D075_DENS_LOW_V_HIGH,30,4.06008911133,5.04466073255,7.35610117086,0,0,4.06008911133,
MC_G2_D075_DENS_LOW_V_HIGH_S030,MC_G2_D075_DENS_LOW_V_HIGH,30,4.07008600235,4.88128486774,8.48720453643,0,0,4.07008600235,
MC_G2_D075_DENS_LOW_V_HIGH_S030,MC_G2_D075_DENS_LOW_V_HIGH,30,4.08008241653,5.28304665361,8.65315922153,0,0,4.08008241653,
MC_G2_D075_DENS_LOW_V_HIGH_S030,MC_G2_D075_DENS_LOW_V_HIGH,30,4.09007883072,4.56586988839,7.75390752344,0,0,4.09007883072,
MC_G2_D075_DENS_LOW_V_HIGH_S030,MC_G2_D075_DENS_LOW_V_HIGH,30,4.1000752449,4.8223693551,8.36458377466,0,0,4.1000752449,
MC_G2_D075_DENS_LOW_V_HIGH_S030,MC_G2_D075_DENS_LOW_V_HIGH,30,4.11007165909,4.31746135057,8.19734974306,0,0,4.11007165909,
MC_G2_D075_DENS_LOW_V_HIGH_S030,MC_G2_D075_DENS_LOW_V_HIGH,30,4.12006855011,4.02349609185,9.27906544542,0,0,4.12006855011,
MC_G2_D075_DENS_LOW_V_HIGH_S030,MC_G2_D075_DENS_LOW_V_HIGH,30,4.13006496429,4.69281833667,8.34861288082,0,0,4.13006496429,
MC_G2_D075_DENS_LOW_V_HIGH_S030,MC_G2_D075_DENS_LOW_V_HIGH,30,4.14006137848,4.3384424483,8.09122818952,0,0,4.14006137848,
MC_G2_D075_DENS_LOW_V_HIGH_S030,MC_G2_D075_DENS_LOW_V_HIGH,30,4.15005779266,4.67248021385,8.15664590601,0,0,4.15005779266,
MC_G2_D075_DENS_LOW_V_HIGH_S030,MC_G2_D075_DENS_LOW_V_HIGH,30,4.16005420685,5.23108145945,6.86047952197,0,0,4.16005420685,
MC_G2_D075_DENS_LOW_V_HIGH_S030,MC_G2_D075_DENS_LOW_V_HIGH,30,4.17005062103,4.58674875118,7.76998459141,0,0,4.17005062103,
MC_G2_D075_DENS_LOW_V_HIGH_S030,MC_G2_D075_DENS_LOW_V_HIGH,30,4.18004751205,4.6513794736,7.13193492669,0,0,4.18004751205,
MC_G2_D075_DENS_LOW_V_HIGH_S030,MC_G2_D075_DENS_LOW_V_HIGH,30,4.19004392624,4.92584990966,8.23140687238,0,0,4.19004392624,
MC_G2_D075_DENS_LOW_V_HIGH_S030,MC_G2_D075_DENS_LOW_V_HIGH,30,4.20004034042,5.39965914884,8.19397806057,0,0,4.20004034042,
MC_G2_D075_DENS_LOW_V_HIGH_S030,MC_G2_D075_DENS_LOW_V_HIGH,30,4.21003675461,4.57910047197,8.05295295938,0,0,4.21003675461,
MC_G2_D075_DENS_LOW_V_HIGH_S030,MC_G2_D075_DENS_LOW_V_HIGH,30,4.22003316879,4.79631436463,7.95176415013,0,0,4.22003316879,
MC_G2_D075_DENS_LOW_V_HIGH_S030,MC_G2_D075_DENS_LOW_V_HIGH,30,4.23003005981,4.90435128206,8.79995065553,0,0,4.23003005981,
MC_G2_D075_DENS_LOW_V_HIGH_S030,MC_G2_D075_DENS_LOW_V_HIGH,30,4.240026474,4.59900174762,9.24187269282,0,0,4.240026474,
MC_G2_D075_DENS_LOW_V_HIGH_S030,MC_G2_D075_DENS_LOW_V_HIGH,30,4.25002288818,4.49892616938,8.6580185426,0,0,4.25002288818,
MC_G2_D075_DENS_LOW_V_HIGH_S030,MC_G2_D075_DENS_LOW_V_HIGH,30,4.26001930237,4.90875512144,8.81342049306,0,0,4.26001930237,
MC_G2_D075_DENS_LOW_V_HIGH_S030,MC_G2_D075_DENS_LOW_V_HIGH,30,4.27001571655,4.54416540934,8.0548610086,0,0,4.27001571655,
MC_G2_D075_DENS_LOW_V_HIGH_S030,MC_G2_D075_DENS_LOW_V_HIGH,30,4.28001213074,4.73664341864,7.61493547046,0,0,4.28001213074,
MC_G2_D075_DENS_LOW_V_HIGH_S030,MC_G2_D075_DENS_LOW_V_HIGH,30,4.29000902176,4.87625159266,8.5285415551,0,0,4.29000902176,
MC_G2_D075_DENS_LOW_V_HIGH_S030,MC_G2_D075_DENS_LOW_V_HIGH,30,4.30000543594,4.9254647326,8.03640270179,0,0,4.30000543594,
MC_G2_D075_DENS_LOW_V_HIGH_S030,MC_G2_D075_DENS_LOW_V_HIGH,30,4.31000185013,4.93332466578,8.43950315681,0,0,4.31000185013,
MC_G2_D075_DENS_LOW_V_HIGH_S030,MC_G2_D075_DENS_LOW_V_HIGH,30,4.32012033463,5.12453551437,7.95100842142,0,0,4.32012033463,
MC_G2_D075_DENS_LOW_V_HIGH_S030,MC_G2_D075_DENS_LOW_V_HIGH,30,4.33011674881,4.771017018,8.90462513049,0,0,4.33011674881,
MC_G2_D075_DENS_LOW_V_HIGH_S030,MC_G2_D075_DENS_LOW_V_HIGH,30,4.34011316299,4.88762564488,8.35750399617,0,0,4.34011316299,
MC_G2_D075_DENS_LOW_V_HIGH_S030,MC_G2_D075_DENS_LOW_V_HIGH,30,4.35010957718,4.77240796588,9.68381290333,0,0,4.35010957718,
MC_G2_D075_DENS_LOW_V_HIGH_S030,MC_G2_D075_DENS_LOW_V_HIGH,30,4.3601064682,4.4812936806,9.63378282525,0,0,4.3601064682,
MC_G2_D075_DENS_LOW_V_HIGH_S030,MC_G2_D075_DENS_LOW_V_HIGH,30,4.37010288239,5.0088442389,9.1689462851,0,0,4.37010288239,
MC_G2_D075_DENS_LOW_V_HIGH_S030,MC_G2_D075_DENS_LOW_V_HIGH,30,4.38009929657,4.95118317668,9.08580701371,0,0,4.38009929657,
MC_G2_D075_DENS_LOW_V_HIGH_S030,MC_G2_D075_DENS_LOW_V_HIGH,30,4.39009571075,4.81883092073,7.75614176819,0,0,4.39009571075,
MC_G2_D075_DENS_LOW_V_HIGH_S030,MC_G2_D075_DENS_LOW_V_HIGH,30,4.40009212494,5.27801337854,8.461064502,0,0,4.40009212494,
MC_G2_D075_DENS_LOW_V_HIGH_S030,MC_G2_D075_DENS_LOW_V_HIGH,30,4.41008853912,4.92858649049,7.53913550767,0,0,4.41008853912,
MC_G2_D075_DENS_LOW_V_HIGH_S030,MC_G2_D075_DENS_LOW_V_HIGH,30,4.42008543015,4.66799956011,7.95185880287,0,0,4.42008543015,
MC_G2_D075_DENS_LOW_V_HIGH_S030,MC_G2_D075_DENS_LOW_V_HIGH,30,4.43008184433,5.43498933572,8.4972928138,0,0,4.43008184433,
MC_G2_D075_DENS_LOW_V_HIGH_S030,MC_G2_D075_DENS_LOW_V_HIGH,30,4.44007825851,4.90299183358,7.3080425133,0,0,4.44007825851,
MC_G2_D075_DENS_LOW_V_HIGH_S030,MC_G2_D075_DENS_LOW_V_HIGH,30,4.4500746727,4.98882497859,9.35075191744,0,0,4.4500746727,
MC_G2_D075_DENS_LOW_V_HIGH_S030,MC_G2_D075_DENS_LOW_V_HIGH,30,4.46007108688,4.78251541001,8.86667871223,0,0,4.46007108688,
MC_G2_D075_DENS_LOW_V_HIGH_S030,MC_G2_D075_DENS_LOW_V_HIGH,30,4.47006797791,5.11616661694,9.89987064245,0,0,4.47006797791,
MC_G2_D075_DENS_LOW_V_HIGH_S030,MC_G2_D075_DENS_LOW_V_HIGH,30,4.48006439209,4.75044292587,9.4251837134,0,0,4.48006439209,
MC_G2_D075_DENS_LOW_V_HIGH_S030,MC_G2_D075_DENS_LOW_V_HIGH,30,4.49006080627,5.10094632027,9.60803142803,0,0,4.49006080627,
MC_G2_D075_DENS_LOW_V_HIGH_S030,MC_G2_D075_DENS_LOW_V_HIGH,30,4.50005722046,4.79616405163,8.90829439464,0,0,4.50005722046,
MC_G2_D075_DENS_LOW_V_HIGH_S030,MC_G2_D075_DENS_LOW_V_HIGH,30,4.51005363464,5.15808626057,8.42869203249,0,0,4.51005363464,
MC_G2_D075_DENS_LOW_V_HIGH_S030,MC_G2_D075_DENS_LOW_V_HIGH,30,4.52005004883,5.5248400378,9.23436150522,0,0,4.52005004883,
MC_G2_D075_DENS_LOW_V_HIGH_S030,MC_G2_D075_DENS_LOW_V_HIGH,30,4.53004693985,4.77308934798,7.43247044112,0,0,4.53004693985,
MC_G2_D075_DENS_LOW_V_HIGH_S030,MC_G2_D075_DENS_LOW_V_HIGH,30,4.54004335403,5.53396934217,8.8964099965,0,0,4.54004335403,
MC_G2_D075_DENS_LOW_V_HIGH_S030,MC_G2_D075_DENS_LOW_V_HIGH,30,4.55003976822,5.09823018643,8.03866073234,0,0,4.55003976822,
MC_G2_D075_DENS_LOW_V_HIGH_S030,MC_G2_D075_DENS_LOW_V_HIGH,30,4.5600361824,5.56030948525,9.97818687841,0,0,4.5600361824,
MC_G2_D075_DENS_LOW_V_HIGH_S030,MC_G2_D075_DENS_LOW_V_HIGH,30,4.57003259659,5.12557996868,8.81877392325,0,0,4.57003259659,
MC_G2_D075_DENS_LOW_V_HIGH_S030,MC_G2_D075_DENS_LOW_V_HIGH,30,4.58002901077,5.03372546167,8.62117749764,0,0,4.58002901077,
MC_G2_D075_DENS_LOW_V_HIGH_S030,MC_G2_D075_DENS_LOW_V_HIGH,30,4.59002590179,5.17684996521,9.8637398558,0,0,4.59002590179,
MC_G2_D075_DENS_LOW_V_HIGH_S030,MC_G2_D075_DENS_LOW_V_HIGH,30,4.60002231598,5.04426395043,9.8926985732,0,0,4.60002231598,
MC_G2_D075_DENS_LOW_V_HIGH_S030,MC_G2_D075_DENS_LOW_V_HIGH,30,4.61001873016,5.17326234754,9.43750863353,0,0,4.61001873016,
MC_G2_D075_DENS_LOW_V_HIGH_S030,MC_G2_D075_DENS_LOW_V_HIGH,30,4.62001514435,5.43050812936,9.39591252557,0,0,4.62001514435,
MC_G2_D075_DENS_LOW_V_HIGH_S030,MC_G2_D075_DENS_LOW_V_HIGH,30,4.63001155853,5.28397174172,8.78542285523,0,0,4.63001155853,
MC_G2_D075_DENS_LOW_V_HIGH_S030,MC_G2_D075_DENS_LOW_V_HIGH,30,4.64000797272,5.72654240234,10.4519851784,0,0,4.64000797272,
MC_G2_D075_DENS_LOW_V_HIGH_S030,MC_G2_D075_DENS_LOW_V_HIGH,30,4.65000486374,6.15192101338,10.3119081097,0,0,4.65000486374,
MC_G2_D075_DENS_LOW_V_HIGH_S030,MC_G2_D075_DENS_LOW_V_HIGH,30,4.66000127792,5.4062541318,9.21006036693,0,0,4.66000127792,
MC_G2_D075_DENS_LOW_V_HIGH_S030,MC_G2_D075_DENS_LOW_V_HIGH,30,4.67011976242,5.20941538758,7.85820719445,0,0,4.67011976242,
MC_G2_D075_DENS_LOW_V_HIGH_S030,MC_G2_D075_DENS_LOW_V_HIGH,30,4.68011617661,5.31617077614,8.82070358299,0,0,4.68011617661,
MC_G2_D075_DENS_LOW_V_HIGH_S030,MC_G2_D075_DENS_LOW_V_HIGH,30,4.69011259079,5.11844452207,8.9813244186,0,0,4.69011259079,
MC_G2_D075_DENS_LOW_V_HIGH_S030,MC_G2_D075_DENS_LOW_V_HIGH,30,4.70010900497,5.14573075287,9.0349466568,0,0,4.70010900497,
MC_G2_D075_DENS_LOW_V_HIGH_S030,MC_G2_D075_DENS_LOW_V_HIGH,30,4.71010541916,5.32189206477,9.04173965394,0,0,4.71010541916,
MC_G2_D075_DENS_LOW_V_HIGH_S030,MC_G2_D075_DENS_LOW_V_HIGH,30,4.72010183334,5.27116474239,9.32796809444,0,0,4.72010183334,
MC_G2_D075_DENS_LOW_V_HIGH_S030,MC_G2_D075_DENS_LOW_V_HIGH,30,4.73009872437,4.92893243144,8.88092952001,0,0,4.73009872437,
MC_G2_D075_DENS_LOW_V_HIGH_S030,MC_G2_D075_DENS_LOW_V_HIGH,30,4.74009513855,5.10775240457,9.12498544378,0,0,4.74009513855,
MC_G2_D075_DENS_LOW_V_HIGH_S030,MC_G2_D075_DENS_LOW_V_HIGH,30,4.75009155273,5.40036208317,9.21471445075,0,0,4.75009155273,
MC_G2_D075_DENS_LOW_V_HIGH_S030,MC_G2_D075_DENS_LOW_V_HIGH,30,4.76008796692,5.51304101978,9.02432421497,0,0,4.76008796692,
MC_G2_D075_DENS_LOW_V_HIGH_S030,MC_G2_D075_DENS_LOW_V_HIGH,30,4.7700843811,5.70529024385,10.4225812436,0,0,4.7700843811,
MC_G2_D075_DENS_LOW_V_HIGH_S030,MC_G2_D075_DENS_LOW_V_HIGH,30,4.78008079529,6.03843248653,10.7735940637,0,0,4.78008079529,
MC_G2_D075_DENS_LOW_V_HIGH_S030,MC_G2_D075_DENS_LOW_V_HIGH,30,4.79007720947,5.58885403482,9.01055253814,0,0,4.79007720947,
MC_G2_D075_DENS_LOW_V_HIGH_S030,MC_G2_D075_DENS_LOW_V_HIGH,30,4.80007410049,5.10678034365,8.89688528011,0,0,4.80007410049,
MC_G2_D075_DENS_LOW_V_HIGH_S030,MC_G2_D075_DENS_LOW_V_HIGH,30,4.81007051468,5.69993368529,8.93624746252,0,0,4.81007051468,
MC_G2_D075_DENS_LOW_V_HIGH_S030,MC_G2_D075_DENS_LOW_V_HIGH,30,4.82006692886,5.70878336327,9.87594482342,0,0,4.82006692886,
MC_G2_D075_DENS_LOW_V_HIGH_S030,MC_G2_D075_DENS_LOW_V_HIGH,30,4.83006334305,5.88879202488,10.5353395815,0,0,4.83006334305,
MC_G2_D075_DENS_LOW_V_HIGH_S030,MC_G2_D075_DENS_LOW_V_HIGH,30,4.84005975723,5.21058362907,9.83198321005,0,0,4.84005975723,
MC_G2_D075_DENS_LOW_V_HIGH_S030,MC_G2_D075_DENS_LOW_V_HIGH,30,4.85005617142,5.2798337132,9.59143459358,0,0,4.85005617142,
MC_G2_D075_DENS_LOW_V_HIGH_S030,MC_G2_D075_DENS_LOW_V_HIGH,30,4.86005306244,5.54132362683,10.1601910711,0,0,4.86005306244,
MC_G2_D075_DENS_LOW_V_HIGH_S030,MC_G2_D075_DENS_LOW_V_HIGH,30,4.87004947662,5.49422315824,8.90659404321,0,0,4.87004947662,
MC_G2_D075_DENS_LOW_V_HIGH_S030,MC_G2_D075_DENS_LOW_V_HIGH,30,4.88004589081,5.46952706362,9.11638000206,0,0,4.88004589081,
MC_G2_D075_DENS_LOW_V_HIGH_S030,MC_G2_D075_DENS_LOW_V_HIGH,30,4.89004230499,5.58697014871,9.12553104284,0,0,4.89004230499,
MC_G2_D075_DENS_LOW_V_HIGH_S030,MC_G2_D075_DENS_LOW_V_HIGH,30,4.90003871918,5.22239535738,9.08509689067,0,0,4.90003871918,
MC_G2_D075_DENS_LOW_V_HIGH_S030,MC_G2_D075_DENS_LOW_V_HIGH,30,4.91003513336,5.99011127742,10.2284336386,0,0,4.91003513336,
MC_G2_D075_DENS_LOW_V_HIGH_S030,MC_G2_D075_DENS_LOW_V_HIGH,30,4.92003202438,5.49934485273,8.86573498286,0,0,4.92003202438,
MC_G2_D075_DENS_LOW_V_HIGH_S030,MC_G2_D075_DENS_LOW_V_HIGH,30,4.93002843857,5.61316771548,9.62457543706,0,0,4.93002843857,
MC_G2_D075_DENS_LOW_V_HIGH_S030,MC_G2_D075_DENS_LOW_V_HIGH,30,4.94002485275,4.92134825631,9.14826440954,0,0,4.94002485275,
MC_G2_D075_DENS_LOW_V_HIGH_S030,MC_G2_D075_DENS_LOW_V_HIGH,30,4.95002126694,5.62444505897,10.7813858508,0,0,4.95002126694,
MC_G2_D075_DENS_LOW_V_HIGH_S030,MC_G2_D075_DENS_LOW_V_HIGH,30,4.96001768112,5.40695209254,11.1342112192,0,0,4.96001768112,
MC_G2_D075_DENS_LOW_V_HIGH_S030,MC_G2_D075_DENS_LOW_V_HIGH,30,4.97001409531,5.68036094302,10.2197926156,0,0,4.97001409531,
MC_G2_D075_DENS_LOW_V_HIGH_S030,MC_G2_D075_DENS_LOW_V_HIGH,30,4.98001050949,5.79881200942,11.1966520187,0,0,4.98001050949,
MC_G2_D075_DENS_LOW_V_HIGH_S030,MC_G2_D075_DENS_LOW_V_HIGH,30,4.99000740051,5.86655951615,10.1889285515,0,0,4.99000740051,
MC_G2_D075_DENS_LOW_V_HIGH_S030,MC_G2_D075_DENS_LOW_V_HIGH,30,5.0000038147,5.05094901066,9.36953618155,0,0,5.0000038147,
MC_G2_D075_DENS_LOW_V_HIGH_S030,MC_G2_D075_DENS_LOW_V_HIGH,30,5.01000022888,5.32608369756,8.55874508103,0,0,5.01000022888,
MC_G2_D075_DENS_LOW_V_HIGH_S030,MC_G2_D075_DENS_LOW_V_HIGH,30,5.02011871338,5.54207298136,9.22509858459,0,0,5.02011871338,
MC_G2_D075_DENS_LOW_V_HIGH_S030,MC_G2_D075_DENS_LOW_V_HIGH,30,5.03011512756,5.52196751212,9.30003487637,0,0,5.03011512756,
MC_G2_D075_DENS_LOW_V_HIGH_S030,MC_G2_D075_DENS_LOW_V_HIGH,30,5.04011154175,5.6035509991,9.3277642022,0,0,5.04011154175,
MC_G2_D075_DENS_LOW_V_HIGH_S030,MC_G2_D075_DENS_LOW_V_HIGH,30,5.05010795593,5.9706020866,10.6694212596,0,0,5.05010795593,
MC_G2_D075_DENS_LOW_V_HIGH_S030,MC_G2_D075_DENS_LOW_V_HIGH,30,5.06010437012,5.46145934482,10.5902235411,0,0,5.06010437012,
MC_G2_D075_DENS_LOW_V_HIGH_S030,MC_G2_D075_DENS_LOW_V_HIGH,30,5.0701007843,5.78808120843,11.550257449,0,0,5.0701007843,
MC_G2_D075_DENS_LOW_V_HIGH_S030,MC_G2_D075_DENS_LOW_V_HIGH,30,5.08009767532,5.45111482614,11.3183666395,0,0,5.08009767532,
MC_G2_D075_DENS_LOW_V_HIGH_S030,MC_G2_D075_DENS_LOW_V_HIGH,30,5.09009408951,5.84535211998,11.6672515341,0,0,5.09009408951,
MC_G2_D075_DENS_LOW_V_HIGH_S030,MC_G2_D075_DENS_LOW_V_HIGH,30,5.10009050369,5.98676294478,11.5295588345,0,0,5.10009050369,
MC_G2_D075_DENS_LOW_V_HIGH_S030,MC_G2_D075_DENS_LOW_V_HIGH,30,5.11008691788,5.96100194885,10.135991252,0,0,5.11008691788,
MC_G2_D075_DENS_LOW_V_HIGH_S030,MC_G2_D075_DENS_LOW_V_HIGH,30,5.12008333206,5.4239883029,9.66867802884,0,0,5.12008333206,
MC_G2_D075_DENS_LOW_V_HIGH_S030,MC_G2_D075_DENS_LOW_V_HIGH,30,5.13007974625,5.86282876955,10.274612937,0,0,5.13007974625,
MC_G2_D075_DENS_LOW_V_HIGH_S030,MC_G2_D075_DENS_LOW_V_HIGH,30,5.14007663727,5.80115843959,10.7681866675,0,0,5.14007663727,
MC_G2_D075_DENS_LOW_V_HIGH_S030,MC_G2_D075_DENS_LOW_V_HIGH,30,5.15007305145,5.69242742977,9.31384561639,0,0,5.15007305145,
MC_G2_D075_DENS_LOW_V_HIGH_S030,MC_G2_D075_DENS_LOW_V_HIGH,30,5.16006946564,5.95312764752,10.3935770415,0,0,5.16006946564,
MC_G2_D075_DENS_LOW_V_HIGH_S030,MC_G2_D075_DENS_LOW_V_HIGH,30,5.17006587982,6.05978522211,11.1695484552,0,0,5.17006587982,
MC_G2_D075_DENS_LOW_V_HIGH_S030,MC_G2_D075_DENS_LOW_V_HIGH,30,5.18006229401,5.60524257299,10.0877406553,0,0,5.18006229401,
MC_G2_D075_DENS_LOW_V_HIGH_S030,MC_G2_D075_DENS_LOW_V_HIGH,30,5.19005870819,5.89808601041,11.0214266105,0,0,5.19005870819,
MC_G2_D075_DENS_LOW_V_HIGH_S030,MC_G2_D075_DENS_LOW_V_HIGH,30,5.20005512238,5.45015492289,12.0966609437,0,0,5.20005512238,
MC_G2_D075_DENS_LOW_V_HIGH_S030,MC_G2_D075_DENS_LOW_V_HIGH,30,5.2100520134,5.86098909314,11.4880613902,0,0,5.2100520134,
MC_G2_D075_DENS_LOW_V_HIGH_S030,MC_G2_D075_DENS_LOW_V_HIGH,30,5.22004842758,5.90162499741,10.4891577382,0,0,5.22004842758,
MC_G2_D075_DENS_LOW_V_HIGH_S030,MC_G2_D075_DENS_LOW_V_HIGH,30,5.23004484177,5.94481401223,11.2829673799,0,0,5.23004484177,
MC_G2_D075_DENS_LOW_V_HIGH_S030,MC_G2_D075_DENS_LOW_V_HIGH,30,5.24004125595,6.45975762012,10.7160405317,0,0,5.24004125595,
MC_G2_D075_DENS_LOW_V_HIGH_S030,MC_G2_D075_DENS_LOW_V_HIGH,30,5.25003767014,6.63149796138,10.6536671763,0,0,5.25003767014,
MC_G2_D075_DENS_LOW_V_HIGH_S030,MC_G2_D075_DENS_LOW_V_HIGH,30,5.26003408432,6.00796039377,9.79196598811,0,0,5.26003408432,
MC_G2_D075_DENS_LOW_V_HIGH_S030,MC_G2_D075_DENS_LOW_V_HIGH,30,5.2700304985,5.91776927695,10.2333493255,0,0,5.2700304985,
MC_G2_D075_DENS_LOW_V_HIGH_S030,MC_G2_D075_DENS_LOW_V_HIGH,30,5.28002691269,5.80800652311,9.88786497973,0,0,5.28002691269,
MC_G2_D075_DENS_LOW_V_HIGH_S030,MC_G2_D075_DENS_LOW_V_HIGH,30,5.29002380371,5.73990533873,10.6731847097,0,0,5.29002380371,
MC_G2_D075_DENS_LOW_V_HIGH_S030,MC_G2_D075_DENS_LOW_V_HIGH,30,5.3000202179,6.3746495143,12.3863424027,0,0,5.3000202179,
MC_G2_D075_DENS_LOW_V_HIGH_S030,MC_G2_D075_DENS_LOW_V_HIGH,30,5.31001663208,6.24309966451,11.8204371245,0,0,5.31001663208,
MC_G2_D075_DENS_LOW_V_HIGH_S030,MC_G2_D075_DENS_LOW_V_HIGH,30,5.32001304626,5.19800762546,10.0422589828,0,0,5.32001304626,
MC_G2_D075_DENS_LOW_V_HIGH_S030,MC_G2_D075_DENS_LOW_V_HIGH,30,5.33000946045,5.62540717271,11.203328216,0,0,5.33000946045,
MC_G2_D075_DENS_LOW_V_HIGH_S030,MC_G2_D075_DENS_LOW_V_HIGH,30,5.34000587463,5.43088943807,10.4996991288,0,0,5.34000587463,
MC_G2_D075_DENS_LOW_V_HIGH_S030,MC_G2_D075_DENS_LOW_V_HIGH,30,5.35000228882,5.89459565409,10.1378454645,0,0,5.35000228882,
MC_G2_D075_DENS_LOW_V_HIGH_S030,MC_G2_D075_DENS_LOW_V_HIGH,30,5.36012077332,5.62941588783,9.4505499819,0,0,5.36012077332,
MC_G2_D075_DENS_LOW_V_HIGH_S030,MC_G2_D075_DENS_LOW_V_HIGH,30,5.3701171875,5.85423385,12.0167119333,0,0,5.3701171875,
MC_G2_D075_DENS_LOW_V_HIGH_S030,MC_G2_D075_DENS_LOW_V_HIGH,30,5.38011360168,5.87708418938,10.2394520238,0,0,5.38011360168,
MC_G2_D075_DENS_LOW_V_HIGH_S030,MC_G2_D075_DENS_LOW_V_HIGH,30,5.39011049271,6.21189645373,11.0543923121,0,0,5.39011049271,
MC_G2_D075_DENS_LOW_V_HIGH_S030,MC_G2_D075_DENS_LOW_V_HIGH,30,5.40010690689,5.93217058882,10.607968046,0,0,5.40010690689,
MC_G2_D075_DENS_LOW_V_HIGH_S030,MC_G2_D075_DENS_LOW_V_HIGH,30,5.41010332108,5.97602440709,10.9181131675,0,0,5.41010332108,
MC_G2_D075_DENS_LOW_V_HIGH_S030,MC_G2_D075_DENS_LOW_V_HIGH,30,5.42009973526,6.10750849494,11.745733269,0,0,5.42009973526,
MC_G2_D075_DENS_LOW_V_HIGH_S030,MC_G2_D075_DENS_LOW_V_HIGH,30,5.43009614944,6.0940742704,12.0130637118,0,0,5.43009614944,
MC_G2_D075_DENS_LOW_V_HIGH_S030,MC_G2_D075_DENS_LOW_V_HIGH,30,5.44009256363,5.39992551232,11.2696787046,0,0,5.44009256363,
MC_G2_D075_DENS_LOW_V_HIGH_S030,MC_G2_D075_DENS_LOW_V_HIGH,30,5.45008897781,5.71085348278,11.8565759118,0,0,5.45008897781,
MC_G2_D075_DENS_LOW_V_HIGH_S030,MC_G2_D075_DENS_LOW_V_HIGH,30,5.46008586884,6.27420119298,12.4977324077,0,0,5.46008586884,
MC_G2_D075_DENS_LOW_V_HIGH_S030,MC_G2_D075_DENS_LOW_V_HIGH,30,5.47008228302,6.1957654371,11.0550914488,0,0,5.47008228302,
MC_G2_D075_DENS_LOW_V_HIGH_S030,MC_G2_D075_DENS_LOW_V_HIGH,30,5.4800786972,5.70080019554,10.0814073597,0,0,5.4800786972,
MC_G2_D075_DENS_LOW_V_HIGH_S030,MC_G2_D075_DENS_LOW_V_HIGH,30,5.49007511139,5.8040215707,9.78524837294,0,0,5.49007511139,
MC_G2_D075_DENS_LOW_V_HIGH_S030,MC_G2_D075_DENS_LOW_V_HIGH,30,5.50007152557,6.16444562321,11.2267888425,0,0,5.50007152557,
MC_G2_D075_DENS_LOW_V_HIGH_S030,MC_G2_D075_DENS_LOW_V_HIGH,30,5.51006793976,6.53008586846,11.6760909443,0,0,5.51006793976,
MC_G2_D075_DENS_LOW_V_HIGH_S030,MC_G2_D075_DENS_LOW_V_HIGH,30,5.52006435394,6.13568057773,11.2461669838,0,0,5.52006435394,
MC_G2_D075_DENS_LOW_V_HIGH_S030,MC_G2_D075_DENS_LOW_V_HIGH,30,5.53006076813,6.93148071377,12.8992165588,0,0,5.53006076813,
MC_G2_D075_DENS_LOW_V_HIGH_S030,MC_G2_D075_DENS_LOW_V_HIGH,30,5.54005765915,6.24623910629,12.4868610767,0,0,5.54005765915,
MC_G2_D075_DENS_LOW_V_HIGH_S030,MC_G2_D075_DENS_LOW_V_HIGH,30,5.55005407333,5.97684504977,11.7517573166,0,0,5.55005407333,
MC_G2_D075_DENS_LOW_V_HIGH_S030,MC_G2_D075_DENS_LOW_V_HIGH,30,5.56005048752,5.65629096836,11.2066609342,0,0,5.56005048752,
MC_G2_D075_DENS_LOW_V_HIGH_S030,MC_G2_D075_DENS_LOW_V_HIGH,30,5.5700469017,6.13059867198,12.1411680605,0,0,5.5700469017,
MC_G2_D075_DENS_LOW_V_HIGH_S030,MC_G2_D075_DENS_LOW_V_HIGH,30,5.58004331589,5.85088772785,13.1421653901,0,0,5.58004331589,
MC_G2_D075_DENS_LOW_V_HIGH_S030,MC_G2_D075_DENS_LOW_V_HIGH,30,5.59003973007,6.10584510474,11.541059412,0,0,5.59003973007,
MC_G2_D075_DENS_LOW_V_HIGH_S030,MC_G2_D075_DENS_LOW_V_HIGH,30,5.60003614426,6.44238928433,12.0126365651,0,0,5.60003614426,
MC_G2_D075_DENS_LOW_V_HIGH_S030,MC_G2_D075_DENS_LOW_V_HIGH,30,5.61003255844,6.46116459402,11.6962032066,0,0,5.61003255844,
MC_G2_D075_DENS_LOW_V_HIGH_S030,MC_G2_D075_DENS_LOW_V_HIGH,30,5.62002944946,6.36144573286,11.6130291125,0,0,5.62002944946,
MC_G2_D075_DENS_LOW_V_HIGH_S030,MC_G2_D075_DENS_LOW_V_HIGH,30,5.63002586365,6.26959896254,12.3604357209,0,0,5.63002586365,
MC_G2_D075_DENS_LOW_V_HIGH_S030,MC_G2_D075_DENS_LOW_V_HIGH,30,5.64002227783,6.08411824452,10.9231475949,0,0,5.64002227783,
MC_G2_D075_DENS_LOW_V_HIGH_S030,MC_G2_D075_DENS_LOW_V_HIGH,30,5.65001869202,6.19127759928,11.3542813656,0,0,5.65001869202,
MC_G2_D075_DENS_LOW_V_HIGH_S030,MC_G2_D075_DENS_LOW_V_HIGH,30,5.6600151062,6.17004699301,11.790290456,0,0,5.6600151062,
MC_G2_D075_DENS_LOW_V_HIGH_S030,MC_G2_D075_DENS_LOW_V_HIGH,30,5.67001152039,6.23756626714,12.2723009196,0,0,5.67001152039,
MC_G2_D075_DENS_LOW_V_HIGH_S030,MC_G2_D075_DENS_LOW_V_HIGH,30,5.68000793457,5.9156046592,12.3236524152,0,0,5.68000793457,
MC_G2_D075_DENS_LOW_V_HIGH_S030,MC_G2_D075_DENS_LOW_V_HIGH,30,5.69000434875,6.32055728064,12.1658709057,0,0,5.69000434875,
MC_G2_D075_DENS_LOW_V_HIGH_S030,MC_G2_D075_DENS_LOW_V_HIGH,30,5.70000076294,6.5196225362,12.396294585,0,0,5.70000076294,
MC_G2_D075_DENS_LOW_V_HIGH_S030,MC_G2_D075_DENS_LOW_V_HIGH,30,5.71011924744,6.35107358311,11.8062501753,0,0,5.71011924744,
MC_G2_D075_DENS_LOW_V_HIGH_S030,MC_G2_D075_DENS_LOW_V_HIGH,30,5.72011566162,6.59713320397,11.9677739021,0,0,5.72011566162,
MC_G2_D075_DENS_LOW_V_HIGH_S030,MC_G2_D075_DENS_LOW_V_HIGH,30,5.73011207581,6.65826693862,12.4249010211,0,0,5.73011207581,
MC_G2_D075_DENS_LOW_V_HIGH_S030,MC_G2_D075_DENS_LOW_V_HIGH,30,5.74010896683,6.13471901662,10.7868188766,0,0,5.74010896683,
MC_G2_D075_DENS_LOW_V_HIGH_S030,MC_G2_D075_DENS_LOW_V_HIGH,30,5.75010538101,6.41078376522,11.0981936416,0,0,5.75010538101,
MC_G2_D075_DENS_LOW_V_HIGH_S030,MC_G2_D075_DENS_LOW_V_HIGH,30,5.7601017952,6.4960930252,12.1287804876,0,0,5.7601017952,
MC_G2_D075_DENS_LOW_V_HIGH_S030,MC_G2_D075_DENS_LOW_V_HIGH,30,5.77009820938,6.12394013757,11.7741098858,0,0,5.77009820938,
MC_G2_D075_DENS_LOW_V_HIGH_S030,MC_G2_D075_DENS_LOW_V_HIGH,30,5.78009462357,6.49846321808,12.7930905101,0,0,5.78009462357,
MC_G2_D075_DENS_LOW_V_HIGH_S030,MC_G2_D075_DENS_LOW_V_HIGH,30,5.79009103775,6.697983281,12.9931414323,0,0,5.79009103775,
MC_G2_D075_DENS_LOW_V_HIGH_S030,MC_G2_D075_DENS_LOW_V_HIGH,30,5.80008745193,6.05111514606,12.7869898702,0,0,5.80008745193,
MC_G2_D075_DENS_LOW_V_HIGH_S030,MC_G2_D075_DENS_LOW_V_HIGH,30,5.81008386612,6.18575857005,12.4804149407,0,0,5.81008386612,
MC_G2_D075_DENS_LOW_V_HIGH_S030,MC_G2_D075_DENS_LOW_V_HIGH,30,5.82008075714,5.98245028792,12.1435416885,0,0,5.82008075714,
MC_G2_D075_DENS_LOW_V_HIGH_S030,MC_G2_D075_DENS_LOW_V_HIGH,30,5.83007717133,5.96844575817,11.9634673113,0,0,5.83007717133,
MC_G2_D075_DENS_LOW_V_HIGH_S030,MC_G2_D075_DENS_LOW_V_HIGH,30,5.84007358551,6.77354540596,11.9428032314,0,0,5.84007358551,
MC_G2_D075_DENS_LOW_V_HIGH_S030,MC_G2_D075_DENS_LOW_V_HIGH,30,5.85006999969,6.4238201024,12.0527627847,0,0,5.85006999969,
MC_G2_D075_DENS_LOW_V_HIGH_S030,MC_G2_D075_DENS_LOW_V_HIGH,30,5.86006641388,6.69337939269,12.3883592213,0,0,5.86006641388,
MC_G2_D075_DENS_LOW_V_HIGH_S030,MC_G2_D075_DENS_LOW_V_HIGH,30,5.87006282806,6.67509260026,12.2320119652,0,0,5.87006282806,
MC_G2_D075_DENS_LOW_V_HIGH_S030,MC_G2_D075_DENS_LOW_V_HIGH,30,5.88005924225,6.54066469858,12.2814128395,0,0,5.88005924225,
MC_G2_D075_DENS_LOW_V_HIGH_S030,MC_G2_D075_DENS_LOW_V_HIGH,30,5.89005565643,6.39610337958,12.2534335568,0,0,5.89005565643,
MC_G2_D075_DENS_LOW_V_HIGH_S030,MC_G2_D075_DENS_LOW_V_HIGH,30,5.90005207062,6.45494649882,13.3383980286,0,0,5.90005207062,
MC_G2_D075_DENS_LOW_V_HIGH_S030,MC_G2_D075_DENS_LOW_V_HIGH,30,5.91004896164,6.46223557416,13.161974036,0,0,5.91004896164,
MC_G2_D075_DENS_LOW_V_HIGH_S030,MC_G2_D075_DENS_LOW_V_HIGH,30,5.92004537582,6.23155098396,13.0246604203,0,0,5.92004537582,
MC_G2_D075_DENS_LOW_V_HIGH_S030,MC_G2_D075_DENS_LOW_V_HIGH,30,5.93004179001,6.46317834615,12.7582747498,0,0,5.93004179001,
MC_G2_D075_DENS_LOW_V_HIGH_S030,MC_G2_D075_DENS_LOW_V_HIGH,30,5.94003820419,6.28478112834,12.6466689223,0,0,5.94003820419,
MC_G2_D075_DENS_LOW_V_HIGH_S030,MC_G2_D075_DENS_LOW_V_HIGH,30,5.95003461838,6.37168193776,12.8165920025,0,0,5.95003461838,
MC_G2_D075_DENS_LOW_V_HIGH_S030,MC_G2_D075_DENS_LOW_V_HIGH,30,5.96003103256,6.42269496537,11.4318034719,0,0,5.96003103256,
MC_G2_D075_DENS_LOW_V_HIGH_S030,MC_G2_D075_DENS_LOW_V_HIGH,30,5.97002744675,6.63076021191,12.4269510292,0,0,5.97002744675,
MC_G2_D075_DENS_LOW_V_HIGH_S030,MC_G2_D075_DENS_LOW_V_HIGH,30,5.98002386093,6.76110645244,12.658717011,0,0,5.98002386093,
MC_G2_D075_DENS_LOW_V_HIGH_S030,MC_G2_D075_DENS_LOW_V_HIGH,30,5.99002027512,6.46011848185,12.3727898274,0,0,5.99002027512,
MC_G2_D075_DENS_LOW_V_HIGH_S030,MC_G2_D075_DENS_LOW_V_HIGH,30,6.00001716614,6.61453082868,12.2130216585,0,0,6.00001716614,
MC_G2_D075_DENS_LOW_V_HIGH_S030,MC_G2_D075_DENS_LOW_V_HIGH,30,6.01001358032,6.48549319546,12.2232787166,0,0,6.01001358032,
MC_G2_D075_DENS_LOW_V_HIGH_S030,MC_G2_D075_DENS_LOW_V_HIGH,30,6.02000999451,6.53353864653,12.8621027683,0,0,6.02000999451,
MC_G2_D075_DENS_LOW_V_HIGH_S030,MC_G2_D075_DENS_LOW_V_HIGH,30,6.03000640869,6.63379078728,13.6367190837,0,0,6.03000640869,
MC_G2_D075_DENS_LOW_V_HIGH_S030,MC_G2_D075_DENS_LOW_V_HIGH,30,6.04000282288,6.30677600991,13.7587604077,0,0,6.04000282288,
MC_G2_D075_DENS_LOW_V_HIGH_S030,MC_G2_D075_DENS_LOW_V_HIGH,30,6.05012130737,6.37487829953,14.7116209003,0,0,6.05012130737,
MC_G2_D075_DENS_LOW_V_HIGH_S030,MC_G2_D075_DENS_LOW_V_HIGH,30,6.06011772156,6.66413135617,14.1282947585,0,0,6.06011772156,
MC_G2_D075_DENS_LOW_V_HIGH_S030,MC_G2_D075_DENS_LOW_V_HIGH,30,6.07011413574,6.46611331804,12.8150822489,0,0,6.07011413574,
MC_G2_D075_DENS_LOW_V_HIGH_S030,MC_G2_D075_DENS_LOW_V_HIGH,30,6.08011054993,6.79537450112,12.4775898212,0,0,6.08011054993,
MC_G2_D075_DENS_LOW_V_HIGH_S030,MC_G2_D075_DENS_LOW_V_HIGH,30,6.09010696411,6.86530928308,12.6756801278,0,0,6.09010696411,
MC_G2_D075_DENS_LOW_V_HIGH_S030,MC_G2_D075_DENS_LOW_V_HIGH,30,6.1001033783,6.23023906092,12.0783717024,0,0,6.1001033783,
MC_G2_D075_DENS_LOW_V_HIGH_S030,MC_G2_D075_DENS_LOW_V_HIGH,30,6.11009979248,6.86195155587,12.9087419985,0,0,6.11009979248,
MC_G2_D075_DENS_LOW_V_HIGH_S030,MC_G2_D075_DENS_LOW_V_HIGH,30,6.12009620667,6.95774072676,12.9996568954,0,0,6.12009620667,
MC_G2_D075_DENS_LOW_V_HIGH_S030,MC_G2_D075_DENS_LOW_V_HIGH,30,6.13009309769,6.49658154245,12.2855228683,0,0,6.13009309769,
MC_G2_D075_DENS_LOW_V_HIGH_S030,MC_G2_D075_DENS_LOW_V_HIGH,30,6.14008951187,6.73940777591,13.1643201949,0,0,6.14008951187,
MC_G2_D075_DENS_LOW_V_HIGH_S030,MC_G2_D075_DENS_LOW_V_HIGH,30,6.15008592606,6.70753423545,13.7558573986,0,0,6.15008592606,
MC_G2_D075_DENS_LOW_V_HIGH_S030,MC_G2_D075_DENS_LOW_V_HIGH,30,6.16008234024,6.25550214503,13.8148362573,0,0,6.16008234024,
MC_G2_D075_DENS_LOW_V_HIGH_S030,MC_G2_D075_DENS_LOW_V_HIGH,30,6.17007875443,6.44005888018,13.6145734704,0,0,6.17007875443,
MC_G2_D075_DENS_LOW_V_HIGH_S030,MC_G2_D075_DENS_LOW_V_HIGH,30,6.18007516861,6.41407959883,13.0021281012,0,0,6.18007516861,
MC_G2_D075_DENS_LOW_V_HIGH_S030,MC_G2_D075_DENS_LOW_V_HIGH,30,6.19007158279,6.77171401887,12.9141072901,0,0,6.19007158279,
MC_G2_D075_DENS_LOW_V_HIGH_S030,MC_G2_D075_DENS_LOW_V_HIGH,30,6.20006799698,6.39174817088,12.7653030521,0,0,6.20006799698,
MC_G2_D075_DENS_LOW_V_HIGH_S030,MC_G2_D075_DENS_LOW_V_HIGH,30,6.21006441116,6.6494863383,12.2887695548,0,0,6.21006441116,
MC_G2_D075_DENS_LOW_V_HIGH_S030,MC_G2_D075_DENS_LOW_V_HIGH,30,6.22006082535,6.76200004113,12.7134754308,0,0,6.22006082535,
MC_G2_D075_DENS_LOW_V_HIGH_S030,MC_G2_D075_DENS_LOW_V_HIGH,30,6.23005771637,6.97539753088,13.2938570845,0,0,6.23005771637,
MC_G2_D075_DENS_LOW_V_HIGH_S030,MC_G2_D075_DENS_LOW_V_HIGH,30,6.24005413055,6.63797247289,12.5767918556,0,0,6.24005413055,
MC_G2_D075_DENS_LOW_V_HIGH_S030,MC_G2_D075_DENS_LOW_V_HIGH,30,6.25005054474,6.56927501009,12.8584725233,0,0,6.25005054474,
MC_G2_D075_DENS_LOW_V_HIGH_S030,MC_G2_D075_DENS_LOW_V_HIGH,30,6.26004695892,6.69022281966,13.7190598939,0,0,6.26004695892,
MC_G2_D075_DENS_LOW_V_HIGH_S030,MC_G2_D075_DENS_LOW_V_HIGH,30,6.27004337311,6.80165614778,13.7980909243,0,0,6.27004337311,
MC_G2_D075_DENS_LOW_V_HIGH_S030,MC_G2_D075_DENS_LOW_V_HIGH,30,6.28003978729,6.78432041665,14.1417053552,0,0,6.28003978729,
MC_G2_D075_DENS_LOW_V_HIGH_S030,MC_G2_D075_DENS_LOW_V_HIGH,30,6.29003620148,6.9724780324,14.212656959,0,0,6.29003620148,
MC_G2_D075_DENS_LOW_V_HIGH_S030,MC_G2_D075_DENS_LOW_V_HIGH,30,6.30003261566,6.63665170791,13.1582291724,0,0,6.30003261566,
MC_G2_D075_DENS_LOW_V_HIGH_S030,MC_G2_D075_DENS_LOW_V_HIGH,30,6.31002902985,6.73793227695,13.4620849369,0,0,6.31002902985,
MC_G2_D075_DENS_LOW_V_HIGH_S030,MC_G2_D075_DENS_LOW_V_HIGH,30,6.32002544403,6.72450081552,13.2388450507,0,0,6.32002544403,
MC_G2_D075_DENS_LOW_V_HIGH_S030,MC_G2_D075_DENS_LOW_V_HIGH,30,6.33002185822,6.62266320418,12.8619981091,0,0,6.33002185822,
MC_G2_D075_DENS_LOW_V_HIGH_S030,MC_G2_D075_DENS_LOW_V_HIGH,30,6.34001874924,7.24209424269,13.3568800867,0,0,6.34001874924,
MC_G2_D075_DENS_LOW_V_HIGH_S030,MC_G2_D075_DENS_LOW_V_HIGH,30,6.35001516342,7.52755631701,14.090719035,0,0,6.35001516342,
MC_G2_D075_DENS_LOW_V_HIGH_S030,MC_G2_D075_DENS_LOW_V_HIGH,30,6.36001157761,7.20879107085,12.9360768861,0,0,6.36001157761,
MC_G2_D075_DENS_LOW_V_HIGH_S030,MC_G2_D075_DENS_LOW_V_HIGH,30,6.37000799179,7.12454615955,15.0251502808,0,0,6.37000799179,
MC_G2_D075_DENS_LOW_V_HIGH_S030,MC_G2_D075_DENS_LOW_V_HIGH,30,6.38000440598,7.03026232916,13.9742740015,0,0,6.38000440598,
MC_G2_D075_DENS_LOW_V_HIGH_S030,MC_G2_D075_DENS_LOW_V_HIGH,30,6.39000082016,6.60402107623,13.7965797179,0,0,6.39000082016,
MC_G2_D075_DENS_LOW_V_HIGH_S030,MC_G2_D075_DENS_LOW_V_HIGH,30,6.40011930466,6.61245573559,14.1451542149,0,0,6.40011930466,
MC_G2_D075_DENS_LOW_V_HIGH_S030,MC_G2_D075_DENS_LOW_V_HIGH,30,6.41011571884,6.89194452595,14.0089564554,0,0,6.41011571884,
MC_G2_D075_DENS_LOW_V_HIGH_S030,MC_G2_D075_DENS_LOW_V_HIGH,30,6.42011213303,6.79391337032,14.1153952788,0,0,6.42011213303,
MC_G2_D075_DENS_LOW_V_HIGH_S030,MC_G2_D075_DENS_LOW_V_HIGH,30,6.43010854721,6.93196923103,14.0397039875,0,0,6.43010854721,
MC_G2_D075_DENS_LOW_V_HIGH_S030,MC_G2_D075_DENS_LOW_V_HIGH,30,6.4401049614,6.82851575491,13.162486848,0,0,6.4401049614,
MC_G2_D075_DENS_LOW_V_HIGH_S030,MC_G2_D075_DENS_LOW_V_HIGH,30,6.45010137558,7.25991738583,13.9278727908,0,0,6.45010137558,
MC_G2_D075_DENS_LOW_V_HIGH_S030,MC_G2_D075_DENS_LOW_V_HIGH,30,6.46009778976,7.29486681662,14.2620198245,0,0,6.46009778976,
MC_G2_D075_DENS_LOW_V_HIGH_S030,MC_G2_D075_DENS_LOW_V_HIGH,30,6.47009420395,6.60410562729,13.5467181787,0,0,6.47009420395,
MC_G2_D075_DENS_LOW_V_HIGH_S030,MC_G2_D075_DENS_LOW_V_HIGH,30,6.48009109497,6.64797712945,12.6633672218,0,0,6.48009109497,
MC_G2_D075_DENS_LOW_V_HIGH_S030,MC_G2_D075_DENS_LOW_V_HIGH,30,6.49008750916,6.92907128477,14.0992873436,0,0,6.49008750916,
MC_G2_D075_DENS_LOW_V_HIGH_S030,MC_G2_D075_DENS_LOW_V_HIGH,30,6.50008392334,6.82110510287,14.4584716058,0,0,6.50008392334,
MC_G2_D075_DENS_LOW_V_HIGH_S030,MC_G2_D075_DENS_LOW_V_HIGH,30,6.51008033752,7.04475979714,14.9645675732,0,0,6.51008033752,
MC_G2_D075_DENS_LOW_V_HIGH_S030,MC_G2_D075_DENS_LOW_V_HIGH,30,6.52007675171,6.88264611945,14.7833825348,0,0,6.52007675171,
MC_G2_D075_DENS_LOW_V_HIGH_S030,MC_G2_D075_DENS_LOW_V_HIGH,30,6.53007316589,6.94927843633,14.7803511737,0,0,6.53007316589,
MC_G2_D075_DENS_LOW_V_HIGH_S030,MC_G2_D075_DENS_LOW_V_HIGH,30,6.54006958008,7.11339205062,16.3416215413,0,0,6.54006958008,
MC_G2_D075_DENS_LOW_V_HIGH_S030,MC_G2_D075_DENS_LOW_V_HIGH,30,6.55006599426,6.48293400608,13.6570093975,0,0,6.55006599426,
MC_G2_D075_DENS_LOW_V_HIGH_S030,MC_G2_D075_DENS_LOW_V_HIGH,30,6.56006240845,6.80675960576,13.2944113835,0,0,6.56006240845,
MC_G2_D075_DENS_LOW_V_HIGH_S030,MC_G2_D075_DENS_LOW_V_HIGH,30,6.57005882263,7.02559599465,13.2278416523,0,0,6.57005882263,
MC_G2_D075_DENS_LOW_V_HIGH_S030,MC_G2_D075_DENS_LOW_V_HIGH,30,6.58005523682,6.99757975108,13.5496962041,0,0,6.58005523682,
MC_G2_D075_DENS_LOW_V_HIGH_S030,MC_G2_D075_DENS_LOW_V_HIGH,30,6.59005212784,7.28671509938,13.6618718374,0,0,6.59005212784,
MC_G2_D075_DENS_LOW_V_HIGH_S030,MC_G2_D075_DENS_LOW_V_HIGH,30,6.60004854202,7.38511816916,14.1261562048,0,0,6.60004854202,
MC_G2_D075_DENS_LOW_V_HIGH_S030,MC_G2_D075_DENS_LOW_V_HIGH,30,6.61004495621,7.04934600156,14.3962037315,0,0,6.61004495621,
MC_G2_D075_DENS_LOW_V_HIGH_S030,MC_G2_D075_DENS_LOW_V_HIGH,30,6.62004137039,7.19474730499,14.6196391001,0,0,6.62004137039,
MC_G2_D075_DENS_LOW_V_HIGH_S030,MC_G2_D075_DENS_LOW_V_HIGH,30,6.63003778458,7.0598657012,15.5768829699,0,0,6.63003778458,
MC_G2_D075_DENS_LOW_V_HIGH_S030,MC_G2_D075_DENS_LOW_V_HIGH,30,6.64003419876,6.87733045487,14.8264342862,0,0,6.64003419876,
MC_G2_D075_DENS_LOW_V_HIGH_S030,MC_G2_D075_DENS_LOW_V_HIGH,30,6.65003061295,6.58817079123,14.8791410375,0,0,6.65003061295,
MC_G2_D075_DENS_LOW_V_HIGH_S030,MC_G2_D075_DENS_LOW_V_HIGH,30,6.66002702713,7.02767661396,13.8597911494,0,0,6.66002702713,
MC_G2_D075_DENS_LOW_V_HIGH_S030,MC_G2_D075_DENS_LOW_V_HIGH,30,6.67002344131,7.27588316868,15.2377517618,0,0,6.67002344131,
MC_G2_D075_DENS_LOW_V_HIGH_S030,MC_G2_D075_DENS_LOW_V_HIGH,30,6.6800198555,7.00433665208,15.8194953845,0,0,6.6800198555,
MC_G2_D075_DENS_LOW_V_HIGH_S030,MC_G2_D075_DENS_LOW_V_HIGH,30,6.69001626968,7.34585773937,14.2315028204,0,0,6.69001626968,
MC_G2_D075_DENS_LOW_V_HIGH_S030,MC_G2_D075_DENS_LOW_V_HIGH,30,6.70001268387,7.43857986188,14.7434246035,0,0,6.70001268387,
MC_G2_D075_DENS_LOW_V_HIGH_S030,MC_G2_D075_DENS_LOW_V_HIGH,30,6.71000957489,7.08302385066,14.3451540161,0,0,6.71000957489,
MC_G2_D075_DENS_LOW_V_HIGH_S030,MC_G2_D075_DENS_LOW_V_HIGH,30,6.72000598907,7.45319559082,14.9656437862,0,0,6.72000598907,
MC_G2_D075_DENS_LOW_V_HIGH_S030,MC_G2_D075_DENS_LOW_V_HIGH,30,6.73000240326,6.98285018214,14.3179023337,0,0,6.73000240326,
MC_G2_D075_DENS_LOW_V_HIGH_S030,MC_G2_D075_DENS_LOW_V_HIGH,30,6.74012041092,7.09707148488,15.0793374316,0,0,6.74012041092,
MC_G2_D075_DENS_LOW_V_HIGH_S030,MC_G2_D075_DENS_LOW_V_HIGH,30,6.75011730194,7.09118938344,15.5558656484,0,0,6.75011730194,
MC_G2_D075_DENS_LOW_V_HIGH_S030,MC_G2_D075_DENS_LOW_V_HIGH,30,6.76011371613,6.50142305793,15.1674204178,0,0,6.76011371613,
MC_G2_D075_DENS_LOW_V_HIGH_S030,MC_G2_D075_DENS_LOW_V_HIGH,30,6.77011013031,7.43303154372,15.2916649687,0,0,6.77011013031,
MC_G2_D075_DENS_LOW_V_HIGH_S030,MC_G2_D075_DENS_LOW_V_HIGH,30,6.78010654449,7.24292427993,14.7852718875,0,0,6.78010654449,
MC_G2_D075_DENS_LOW_V_HIGH_S030,MC_G2_D075_DENS_LOW_V_HIGH,30,6.79010295868,6.96641743427,14.9224600229,0,0,6.79010295868,
MC_G2_D075_DENS_LOW_V_HIGH_S030,MC_G2_D075_DENS_LOW_V_HIGH,30,6.80009937286,7.60907238418,14.5605843653,0,0,6.80009937286,
MC_G2_D075_DENS_LOW_V_HIGH_S030,MC_G2_D075_DENS_LOW_V_HIGH,30,6.81009578705,7.07201508114,14.927595438,0,0,6.81009578705,
MC_G2_D075_DENS_LOW_V_HIGH_S030,MC_G2_D075_DENS_LOW_V_HIGH,30,6.82009220123,7.57351341207,15.046792431,0,0,6.82009220123,
MC_G2_D075_DENS_LOW_V_HIGH_S030,MC_G2_D075_DENS_LOW_V_HIGH,30,6.83008861542,8.75687849201,16.8240006917,0,0,6.83008861542,
MC_G2_D075_DENS_LOW_V_HIGH_S030,MC_G2_D075_DENS_LOW_V_HIGH,30,6.8400850296,7.34595831646,14.9126062681,0,0,6.8400850296,
MC_G2_D075_DENS_LOW_V_HIGH_S030,MC_G2_D075_DENS_LOW_V_HIGH,30,6.85008144379,7.47292030396,15.9748384824,0,0,6.85008144379,
MC_G2_D075_DENS_LOW_V_HIGH_S030,MC_G2_D075_DENS_LOW_V_HIGH,30,6.86007785797,7.15706681959,15.4428519694,0,0,6.86007785797,
MC_G2_D075_DENS_LOW_V_HIGH_S030,MC_G2_D075_DENS_LOW_V_HIGH,30,6.87007427216,7.09508702168,14.9859445182,0,0,6.87007427216,
MC_G2_D075_DENS_LOW_V_HIGH_S030,MC_G2_D075_DENS_LOW_V_HIGH,30,6.88007116318,7.08308463901,16.753500185,0,0,6.88007116318,
MC_G2_D075_DENS_LOW_V_HIGH_S030,MC_G2_D075_DENS_LOW_V_HIGH,30,6.89006757736,6.79395979052,14.9214397737,0,0,6.89006757736,
MC_G2_D075_DENS_LOW_V_HIGH_S030,MC_G2_D075_DENS_LOW_V_HIGH,30,6.90006399155,7.36394835124,15.9457387223,0,0,6.90006399155,
MC_G2_D075_DENS_LOW_V_HIGH_S030,MC_G2_D075_DENS_LOW_V_HIGH,30,6.91006040573,7.15654403981,15.9817100219,0,0,6.91006040573,
MC_G2_D075_DENS_LOW_V_HIGH_S030,MC_G2_D075_DENS_LOW_V_HIGH,30,6.92005681992,7.7270940638,14.4958722909,0,0,6.92005681992,
MC_G2_D075_DENS_LOW_V_HIGH_S030,MC_G2_D075_DENS_LOW_V_HIGH,30,6.9300532341,7.29919660474,14.504990196,0,0,6.9300532341,
MC_G2_D075_DENS_LOW_V_HIGH_S030,MC_G2_D075_DENS_LOW_V_HIGH,30,6.94004964828,7.51880721611,15.3882222181,0,0,6.94004964828,
MC_G2_D075_DENS_LOW_V_HIGH_S030,MC_G2_D075_DENS_LOW_V_HIGH,30,6.95004606247,7.01720167665,15.0736240281,0,0,6.95004606247,
MC_G2_D075_DENS_LOW_V_HIGH_S030,MC_G2_D075_DENS_LOW_V_HIGH,30,6.96004247665,7.2680282091,15.421808443,0,0,6.96004247665,
MC_G2_D075_DENS_LOW_V_HIGH_S030,MC_G2_D075_DENS_LOW_V_HIGH,30,6.97003889084,7.3982418205,16.2157207181,0,0,6.97003889084,
MC_G2_D075_DENS_LOW_V_HIGH_S030,MC_G2_D075_DENS_LOW_V_HIGH,30,6.98003530502,7.20545931685,15.2986528902,0,0,6.98003530502,
MC_G2_D075_DENS_LOW_V_HIGH_S030,MC_G2_D075_DENS_LOW_V_HIGH,30,6.99003171921,7.10033029286,15.7771154421,0,0,6.99003171921,
MC_G2_D075_DENS_LOW_V_HIGH_S030,MC_G2_D075_DENS_LOW_V_HIGH,30,7.00002813339,7.02705436234,15.975673845,0,0,7.00002813339,
MC_G2_D075_DENS_LOW_V_HIGH_S030,MC_G2_D075_DENS_LOW_V_HIGH,30,7.01002502441,7.10797028275,15.2231753243,0,0,7.01002502441,
MC_G2_D075_DENS_LOW_V_HIGH_S030,MC_G2_D075_DENS_LOW_V_HIGH,30,7.0200214386,7.12450581819,16.9377034823,0,0,7.0200214386,
MC_G2_D075_DENS_LOW_V_HIGH_S030,MC_G2_D075_DENS_LOW_V_HIGH,30,7.03001785278,7.48788031599,15.2017804828,0,0,7.03001785278,
MC_G2_D075_DENS_LOW_V_HIGH_S030,MC_G2_D075_DENS_LOW_V_HIGH,30,7.04001426697,7.46231826374,14.8854430995,0,0,7.04001426697,
MC_G2_D075_DENS_LOW_V_HIGH_S030,MC_G2_D075_DENS_LOW_V_HIGH,30,7.05001068115,7.41377324299,15.2452460733,0,0,7.05001068115,
MC_G2_D075_DENS_LOW_V_HIGH_S030,MC_G2_D075_DENS_LOW_V_HIGH,30,7.06000709534,7.32693543241,15.3055110869,0,0,7.06000709534,
MC_G2_D075_DENS_LOW_V_HIGH_S030,MC_G2_D075_DENS_LOW_V_HIGH,30,7.07000350952,7.56266711322,16.3184913715,0,0,7.07000350952,
MC_G2_D075_DENS_LOW_V_HIGH_S030,MC_G2_D075_DENS_LOW_V_HIGH,30,7.08012199402,6.94968571825,15.0679639875,0,0,7.08012199402,
MC_G2_D075_DENS_LOW_V_HIGH_S030,MC_G2_D075_DENS_LOW_V_HIGH,30,7.0901184082,6.88838564458,16.3010254641,0,0,7.0901184082,
MC_G2_D075_DENS_LOW_V_HIGH_S030,MC_G2_D075_DENS_LOW_V_HIGH,30,7.10011482239,7.39185130744,15.6967391658,0,0,7.10011482239,
MC_G2_D075_DENS_LOW_V_HIGH_S030,MC_G2_D075_DENS_LOW_V_HIGH,30,7.11011123657,7.28662446948,16.3801606095,0,0,7.11011123657,
MC_G2_D075_DENS_LOW_V_HIGH_S030,MC_G2_D075_DENS_LOW_V_HIGH,30,7.12010765076,6.93146524038,15.7495607403,0,0,7.12010765076,
MC_G2_D075_DENS_LOW_V_HIGH_S030,MC_G2_D075_DENS_LOW_V_HIGH,30,7.13010406494,7.06367657789,15.6747368303,0,0,7.13010406494,
MC_G2_D075_DENS_LOW_V_HIGH_S030,MC_G2_D075_DENS_LOW_V_HIGH,30,7.14010047913,7.24505960875,15.4125088255,0,0,7.14010047913,
MC_G2_D075_DENS_LOW_V_HIGH_S030,MC_G2_D075_DENS_LOW_V_HIGH,30,7.15009689331,7.28148619635,16.2374726702,0,0,7.15009689331,
MC_G2_D075_DENS_LOW_V_HIGH_S030,MC_G2_D075_DENS_LOW_V_HIGH,30,7.1600933075,6.95262897946,15.0116978641,0,0,7.1600933075,
MC_G2_D075_DENS_LOW_V_HIGH_S030,MC_G2_D075_DENS_LOW_V_HIGH,30,7.17008972168,6.89794378311,14.899102961,0,0,7.17008972168,
MC_G2_D075_DENS_LOW_V_HIGH_S030,MC_G2_D075_DENS_LOW_V_HIGH,30,7.18008613586,6.91176318471,15.6826651211,0,0,7.18008613586,
MC_G2_D075_DENS_LOW_V_HIGH_S030,MC_G2_D075_DENS_LOW_V_HIGH,30,7.19008255005,7.44933497821,16.6484907757,0,0,7.19008255005,
MC_G2_D075_DENS_LOW_V_HIGH_S030,MC_G2_D075_DENS_LOW_V_HIGH,30,7.20007944107,7.31499383808,15.8747432222,0,0,7.20007944107,
MC_G2_D075_DENS_LOW_V_HIGH_S030,MC_G2_D075_DENS_LOW_V_HIGH,30,7.21007585526,7.27425514624,15.9973946539,0,0,7.21007585526,
MC_G2_D075_DENS_LOW_V_HIGH_S030,MC_G2_D075_DENS_LOW_V_HIGH,30,7.22007226944,7.53099527955,17.5251203237,0,0,7.22007226944,
MC_G2_D075_DENS_LOW_V_HIGH_S030,MC_G2_D075_DENS_LOW_V_HIGH,30,7.23006868362,7.38342714789,16.2469987527,0,0,7.23006868362,
MC_G2_D075_DENS_LOW_V_HIGH_S030,MC_G2_D075_DENS_LOW_V_HIGH,30,7.24006509781,7.1187441882,16.2912760727,0,0,7.24006509781,
MC_G2_D075_DENS_LOW_V_HIGH_S030,MC_G2_D075_DENS_LOW_V_HIGH,30,7.25006151199,7.66913624394,17.2741405782,0,0,7.25006151199,
MC_G2_D075_DENS_LOW_V_HIGH_S030,MC_G2_D075_DENS_LOW_V_HIGH,30,7.26005792618,7.45425330805,17.7311374343,0,0,7.26005792618,
MC_G2_D075_DENS_LOW_V_HIGH_S030,MC_G2_D075_DENS_LOW_V_HIGH,30,7.27005434036,7.36965361385,16.5069256456,0,0,7.27005434036,
MC_G2_D075_DENS_LOW_V_HIGH_S030,MC_G2_D075_DENS_LOW_V_HIGH,30,7.28005075455,7.56551532356,15.548363957,0,0,7.28005075455,
MC_G2_D075_DENS_LOW_V_HIGH_S030,MC_G2_D075_DENS_LOW_V_HIGH,30,7.29004716873,7.03339071851,16.028190806,0,0,7.29004716873,
MC_G2_D075_DENS_LOW_V_HIGH_S030,MC_G2_D075_DENS_LOW_V_HIGH,30,7.30004358292,7.75933675531,17.1483555275,0,0,7.30004358292,
MC_G2_D075_DENS_LOW_V_HIGH_S030,MC_G2_D075_DENS_LOW_V_HIGH,30,7.3100399971,7.34210046695,16.1379103937,0,0,7.3100399971,
MC_G2_D075_DENS_LOW_V_HIGH_S030,MC_G2_D075_DENS_LOW_V_HIGH,30,7.32003641129,7.50967404339,16.4088243373,0,0,7.32003641129,
MC_G2_D075_DENS_LOW_V_HIGH_S030,MC_G2_D075_DENS_LOW_V_HIGH,30,7.33003282547,7.18220390603,16.1971247149,0,0,7.33003282547,
MC_G2_D075_DENS_LOW_V_HIGH_S030,MC_G2_D075_DENS_LOW_V_HIGH,30,7.34002923965,7.43232916201,17.9479207965,0,0,7.34002923965,
MC_G2_D075_DENS_LOW_V_HIGH_S030,MC_G2_D075_DENS_LOW_V_HIGH,30,7.35002613068,7.5675837852,17.8657629262,0,0,7.35002613068,
MC_G2_D075_DENS_LOW_V_HIGH_S030,MC_G2_D075_DENS_LOW_V_HIGH,30,7.36002254486,7.3150590474,17.5282873919,0,0,7.36002254486,
MC_G2_D075_DENS_LOW_V_HIGH_S030,MC_G2_D075_DENS_LOW_V_HIGH,30,7.37001895905,7.08918336801,17.3218925921,0,0,7.37001895905,
MC_G2_D075_DENS_LOW_V_HIGH_S030,MC_G2_D075_DENS_LOW_V_HIGH,30,7.38001537323,7.29432248461,17.4525009644,0,0,7.38001537323,
MC_G2_D075_DENS_LOW_V_HIGH_S030,MC_G2_D075_DENS_LOW_V_HIGH,30,7.39001178741,7.35717376635,17.7486630578,0,0,7.39001178741,
MC_G2_D075_DENS_LOW_V_HIGH_S030,MC_G2_D075_DENS_LOW_V_HIGH,30,7.4000082016,7.47839622872,16.5988879856,0,0,7.4000082016,
MC_G2_D075_DENS_LOW_V_HIGH_S030,MC_G2_D075_DENS_LOW_V_HIGH,30,7.41000461578,7.62214906272,17.4578852944,0,0,7.41000461578,
MC_G2_D075_DENS_LOW_V_HIGH_S030,MC_G2_D075_DENS_LOW_V_HIGH,30,7.42000102997,7.00676873855,17.5641480275,0,0,7.42000102997,
MC_G2_D075_DENS_LOW_V_HIGH_S030,MC_G2_D075_DENS_LOW_V_HIGH,30,7.43011951447,7.78884452386,17.3939670022,0,0,7.43011951447,
MC_G2_D075_DENS_LOW_V_HIGH_S030,MC_G2_D075_DENS_LOW_V_HIGH,30,7.44011592865,6.91993921729,17.4271253662,0,0,7.44011592865,
MC_G2_D075_DENS_LOW_V_HIGH_S030,MC_G2_D075_DENS_LOW_V_HIGH,30,7.45011234283,7.22605164548,17.6060310331,0,0,7.45011234283,
MC_G2_D075_DENS_LOW_V_HIGH_S030,MC_G2_D075_DENS_LOW_V_HIGH,30,7.46010875702,7.7758424492,19.0960931317,0,0,7.46010875702,
MC_G2_D075_DENS_LOW_V_HIGH_S030,MC_G2_D075_DENS_LOW_V_HIGH,30,7.4701051712,7.82403434492,17.9325333598,0,0,7.4701051712,
MC_G2_D075_DENS_LOW_V_HIGH_S030,MC_G2_D075_DENS_LOW_V_HIGH,30,7.48010158539,7.08795875914,17.8745955777,0,0,7.48010158539,
MC_G2_D075_DENS_LOW_V_HIGH_S030,MC_G2_D075_DENS_LOW_V_HIGH,30,7.49009799957,7.11873037267,18.367783205,0,0,7.49009799957,
MC_G2_D075_DENS_LOW_V_HIGH_S030,MC_G2_D075_DENS_LOW_V_HIGH,30,7.50009441376,6.87183518836,17.6830589869,0,0,7.50009441376,
MC_G2_D075_DENS_LOW_V_HIGH_S030,MC_G2_D075_DENS_LOW_V_HIGH,30,7.51009082794,7.53844848343,19.1097143374,0,0,7.51009082794,
MC_G2_D075_DENS_LOW_V_HIGH_S030,MC_G2_D075_DENS_LOW_V_HIGH,30,7.52008724213,7.61440518002,18.9580565815,0,0,7.52008724213,
MC_G2_D075_DENS_LOW_V_HIGH_S030,MC_G2_D075_DENS_LOW_V_HIGH,30,7.53008365631,7.89060918919,18.5919183213,0,0,7.53008365631,
MC_G2_D075_DENS_LOW_V_HIGH_S030,MC_G2_D075_DENS_LOW_V_HIGH,30,7.5400800705,7.06806383863,18.6859687748,0,0,7.5400800705,
MC_G2_D075_DENS_LOW_V_HIGH_S030,MC_G2_D075_DENS_LOW_V_HIGH,30,7.55007648468,7.5054022805,19.3411154562,0,0,7.55007648468,
MC_G2_D075_DENS_LOW_V_HIGH_S030,MC_G2_D075_DENS_LOW_V_HIGH,30,7.56007289886,7.23046487942,18.5721378669,0,0,7.56007289886,
MC_G2_D075_DENS_LOW_V_HIGH_S030,MC_G2_D075_DENS_LOW_V_HIGH,30,7.57006931305,7.16340317576,18.242409105,0,0,7.57006931305,
MC_G2_D075_DENS_LOW_V_HIGH_S030,MC_G2_D075_DENS_LOW_V_HIGH,30,7.58006572723,7.66994859729,20.6797567863,0,0,7.58006572723,
MC_G2_D075_DENS_LOW_V_HIGH_S030,MC_G2_D075_DENS_LOW_V_HIGH,30,7.59006214142,7.21283515374,19.7916678326,0,0,7.59006214142,
MC_G2_D075_DENS_LOW_V_HIGH_S030,MC_G2_D075_DENS_LOW_V_HIGH,30,7.60005903244,7.29231315345,18.4782810343,0,0,7.60005903244,
MC_G2_D075_DENS_LOW_V_HIGH_S030,MC_G2_D075_DENS_LOW_V_HIGH,30,7.61005544662,7.36566202998,18.8757353124,0,0,7.61005544662,
MC_G2_D075_DENS_LOW_V_HIGH_S030,MC_G2_D075_DENS_LOW_V_HIGH,30,7.62005186081,7.55290284694,19.4052920603,0,0,7.62005186081,
MC_G2_D075_DENS_LOW_V_HIGH_S030,MC_G2_D075_DENS_LOW_V_HIGH,30,7.63004827499,7.74114501375,19.0091973721,0,0,7.63004827499,
MC_G2_D075_DENS_LOW_V_HIGH_S030,MC_G2_D075_DENS_LOW_V_HIGH,30,7.64004468918,7.69472924298,18.890033472,0,0,7.64004468918,
MC_G2_D075_DENS_LOW_V_HIGH_S030,MC_G2_D075_DENS_LOW_V_HIGH,30,7.65004110336,7.76610636661,18.1246496841,0,0,7.65004110336,
MC_G2_D075_DENS_LOW_V_HIGH_S030,MC_G2_D075_DENS_LOW_V_HIGH,30,7.66003751755,7.69753158575,19.1269017061,0,0,7.66003751755,
MC_G2_D075_DENS_LOW_V_HIGH_S030,MC_G2_D075_DENS_LOW_V_HIGH,30,7.67003393173,7.25362689723,19.3039504472,0,0,7.67003393173,
MC_G2_D075_DENS_LOW_V_HIGH_S030,MC_G2_D075_DENS_LOW_V_HIGH,30,7.68003034592,7.6803119051,18.6002248274,0,0,7.68003034592,
MC_G2_D075_DENS_LOW_V_HIGH_S030,MC_G2_D075_DENS_LOW_V_HIGH,30,7.6900267601,7.19280373577,20.6567530968,0,0,7.6900267601,
MC_G2_D075_DENS_LOW_V_HIGH_S030,MC_G2_D075_DENS_LOW_V_HIGH,30,7.70002317429,7.43425725784,20.1797201459,0,0,7.70002317429,
MC_G2_D075_DENS_LOW_V_HIGH_S030,MC_G2_D075_DENS_LOW_V_HIGH,30,7.71001958847,7.35612654893,20.0737508278,0,0,7.71001958847,
MC_G2_D075_DENS_LOW_V_HIGH_S030,MC_G2_D075_DENS_LOW_V_HIGH,30,7.72001600266,7.4894221295,21.1315530692,0,0,7.72001600266,
MC_G2_D075_DENS_LOW_V_HIGH_S030,MC_G2_D075_DENS_LOW_V_HIGH,30,7.73001241684,7.24203069124,20.4583244558,0,0,7.73001241684,
MC_G2_D075_DENS_LOW_V_HIGH_S030,MC_G2_D075_DENS_LOW_V_HIGH,30,7.74000883102,7.36325536409,21.0061864419,0,0,7.74000883102,
MC_G2_D075_DENS_LOW_V_HIGH_S030,MC_G2_D075_DENS_LOW_V_HIGH,30,7.75000524521,7.50638097288,20.5803921153,0,0,7.75000524521,
MC_G2_D075_DENS_LOW_V_HIGH_S030,MC_G2_D075_DENS_LOW_V_HIGH,30,7.76000165939,7.46496089894,20.4014451132,0,0,7.76000165939,
MC_G2_D075_DENS_LOW_V_HIGH_S030,MC_G2_D075_DENS_LOW_V_HIGH,30,7.77012014389,7.39666574447,21.233584531,0,0,7.77012014389,
MC_G2_D075_DENS_LOW_V_HIGH_S030,MC_G2_D075_DENS_LOW_V_HIGH,30,7.78011655807,7.84688689479,22.66649551,0,0,7.78011655807,
MC_G2_D075_DENS_LOW_V_HIGH_S030,MC_G2_D075_DENS_LOW_V_HIGH,30,7.79011297226,7.37143802813,19.575531431,0,0,7.79011297226,
MC_G2_D075_DENS_LOW_V_HIGH_S030,MC_G2_D075_DENS_LOW_V_HIGH,30,7.80010938644,7.17326415077,20.0950140772,0,0,7.80010938644,
MC_G2_D075_DENS_LOW_V_HIGH_S030,MC_G2_D075_DENS_LOW_V_HIGH,30,7.81010580063,7.63407905199,21.1201727615,0,0,7.81010580063,
MC_G2_D075_DENS_LOW_V_HIGH_S030,MC_G2_D075_DENS_LOW_V_HIGH,30,7.82010221481,7.76205731012,22.7392826786,0,0,7.82010221481,
MC_G2_D075_DENS_LOW_V_HIGH_S030,MC_G2_D075_DENS_LOW_V_HIGH,30,7.830098629,7.39148878785,21.3065624372,0,0,7.830098629,
MC_G2_D075_DENS_LOW_V_HIGH_S030,MC_G2_D075_DENS_LOW_V_HIGH,30,7.84009504318,7.45274244133,21.7297487236,0,0,7.84009504318,
MC_G2_D075_DENS_LOW_V_HIGH_S030,MC_G2_D075_DENS_LOW_V_HIGH,30,7.85009145737,7.13973716729,20.9003643394,0,0,7.85009145737,
MC_G2_D075_DENS_LOW_V_HIGH_S030,MC_G2_D075_DENS_LOW_V_HIGH,30,7.86008787155,7.88545765315,21.5909307267,0,0,7.86008787155,
MC_G2_D075_DENS_LOW_V_HIGH_S030,MC_G2_D075_DENS_LOW_V_HIGH,30,7.87008428574,7.19678316197,21.1781002528,0,0,7.87008428574,
MC_G2_D075_DENS_LOW_V_HIGH_S030,MC_G2_D075_DENS_LOW_V_HIGH,30,7.88008069992,7.95823401399,20.9246742509,0,0,7.88008069992,
MC_G2_D075_DENS_LOW_V_HIGH_S030,MC_G2_D075_DENS_LOW_V_HIGH,30,7.89007711411,7.30522515083,20.7542279512,0,0,7.89007711411,
MC_G2_D075_DENS_LOW_V_HIGH_S030,MC_G2_D075_DENS_LOW_V_HIGH,30,7.90007352829,8.24942456101,22.1102255498,0,0,7.90007352829,
MC_G2_D075_DENS_LOW_V_HIGH_S030,MC_G2_D075_DENS_LOW_V_HIGH,30,7.91006994247,7.91686146548,22.9600572248,0,0,7.91006994247,
MC_G2_D075_DENS_LOW_V_HIGH_S030,MC_G2_D075_DENS_LOW_V_HIGH,30,7.92006635666,7.84584630883,22.7805081568,0,0,7.92006635666,
MC_G2_D075_DENS_LOW_V_HIGH_S030,MC_G2_D075_DENS_LOW_V_HIGH,30,7.93006324768,7.69535591557,22.329384958,0,0,7.93006324768,
MC_G2_D075_DENS_LOW_V_HIGH_S030,MC_G2_D075_DENS_LOW_V_HIGH,30,7.94005966187,7.71454071767,23.3625328071,0,0,7.94005966187,
MC_G2_D075_DENS_LOW_V_HIGH_S030,MC_G2_D075_DENS_LOW_V_HIGH,30,7.95005607605,7.84500300868,23.0536271157,0,0,7.95005607605,
MC_G2_D075_DENS_LOW_V_HIGH_S030,MC_G2_D075_DENS_LOW_V_HIGH,30,7.96005249023,7.35272295416,24.7906225925,0,0,7.96005249023,
MC_G2_D075_DENS_LOW_V_HIGH_S030,MC_G2_D075_DENS_LOW_V_HIGH,30,7.97004890442,6.93728710609,22.7415466927,0,0,7.97004890442,
MC_G2_D075_DENS_LOW_V_HIGH_S030,MC_G2_D075_DENS_LOW_V_HIGH,30,7.9800453186,7.64877104268,22.7367165625,0,0,7.9800453186,
MC_G2_D075_DENS_LOW_V_HIGH_S030,MC_G2_D075_DENS_LOW_V_HIGH,30,7.99004173279,7.65525881709,24.2115204608,0,0,7.99004173279,
MC_G2_D075_DENS_LOW_V_HIGH_S030,MC_G2_D075_DENS_LOW_V_HIGH,30,8.00003814697,7.85227218965,25.8648879093,0,0,8.00003814697,
MC_G2_D075_DENS_LOW_V_HIGH_S030,MC_G2_D075_DENS_LOW_V_HIGH,30,8.01003456116,7.2497320221,23.488376546,0,0,8.01003456116,
MC_G2_D075_DENS_LOW_V_HIGH_S030,MC_G2_D075_DENS_LOW_V_HIGH,30,8.02003097534,7.8527551807,22.0680408567,0,0,8.02003097534,
MC_G2_D075_DENS_LOW_V_HIGH_S030,MC_G2_D075_DENS_LOW_V_HIGH,30,8.03002738953,8.04516024398,24.2816534641,0,0,8.03002738953,
MC_G2_D075_DENS_LOW_V_HIGH_S030,MC_G2_D075_DENS_LOW_V_HIGH,30,8.04002380371,7.43511824187,22.9060734312,0,0,8.04002380371,
MC_G2_D075_DENS_LOW_V_HIGH_S030,MC_G2_D075_DENS_LOW_V_HIGH,30,8.0500202179,8.00673979862,23.0768199136,0,0,8.0500202179,
MC_G2_D075_DENS_LOW_V_HIGH_S030,MC_G2_D075_DENS_LOW_V_HIGH,30,8.06001663208,7.88327424628,23.5335017636,0,0,8.06001663208,
MC_G2_D075_DENS_LOW_V_HIGH_S030,MC_G2_D075_DENS_LOW_V_HIGH,30,8.07001304626,7.25835346747,23.5445275634,0,0,8.07001304626,
MC_G2_D075_DENS_LOW_V_HIGH_S030,MC_G2_D075_DENS_LOW_V_HIGH,30,8.08000946045,7.90527354881,25.454222473,0,0,8.08000946045,
MC_G2_D075_DENS_LOW_V_HIGH_S030,MC_G2_D075_DENS_LOW_V_HIGH,30,8.09000587463,7.12231799035,24.0801944131,0,0,8.09000587463,
MC_G2_D075_DENS_LOW_V_HIGH_S030,MC_G2_D075_DENS_LOW_V_HIGH,30,8.10000228882,7.7508954645,25.5742765663,0,0,8.10000228882,
MC_G2_D075_DENS_LOW_V_HIGH_S030,MC_G2_D075_DENS_LOW_V_HIGH,30,8.11012077332,8.06286181043,24.4763201012,0,0,8.11012077332,
MC_G2_D075_DENS_LOW_V_HIGH_S030,MC_G2_D075_DENS_LOW_V_HIGH,30,8.1201171875,8.00420381934,25.308151359,0,0,8.1201171875,
MC_G2_D075_DENS_LOW_V_HIGH_S030,MC_G2_D075_DENS_LOW_V_HIGH,30,8.13011360168,7.9912592173,24.159404139,0,0,8.13011360168,
MC_G2_D075_DENS_LOW_V_HIGH_S030,MC_G2_D075_DENS_LOW_V_HIGH,30,8.14011001587,7.56818282672,25.5803053413,0,0,8.14011001587,
MC_G2_D075_DENS_LOW_V_HIGH_S030,MC_G2_D075_DENS_LOW_V_HIGH,30,8.15010643005,7.20578646868,25.7666268218,0,0,8.15010643005,
MC_G2_D075_DENS_LOW_V_HIGH_S030,MC_G2_D075_DENS_LOW_V_HIGH,30,8.16010284424,7.3351247279,27.212498902,0,0,8.16010284424,
MC_G2_D075_DENS_LOW_V_HIGH_S030,MC_G2_D075_DENS_LOW_V_HIGH,30,8.17009925842,8.14333066018,26.2876621236,0,0,8.17009925842,
MC_G2_D075_DENS_LOW_V_HIGH_S030,MC_G2_D075_DENS_LOW_V_HIGH,30,8.18009567261,8.00524993152,24.656437274,0,0,8.18009567261,
MC_G2_D075_DENS_LOW_V_HIGH_S030,MC_G2_D075_DENS_LOW_V_HIGH,30,8.19009208679,7.92768676472,27.3071097315,0,0,8.19009208679,
MC_G2_D075_DENS_LOW_V_HIGH_S030,MC_G2_D075_DENS_LOW_V_HIGH,30,8.20008850098,7.4075142538,26.7499817471,0,0,8.20008850098,
MC_G2_D075_DENS_LOW_V_HIGH_S030,MC_G2_D075_DENS_LOW_V_HIGH,30,8.21008491516,7.69144169869,29.6034830092,0,0,8.21008491516,
MC_G2_D075_DENS_LOW_V_HIGH_S030,MC_G2_D075_DENS_LOW_V_HIGH,30,8.22008132935,7.41061114374,27.8602881676,0,0,8.22008132935,
MC_G2_D075_DENS_LOW_V_HIGH_S030,MC_G2_D075_DENS_LOW_V_HIGH,30,8.23007774353,6.9458731837,26.8612220975,0,0,8.23007774353,
MC_G2_D075_DENS_LOW_V_HIGH_S030,MC_G2_D075_DENS_LOW_V_HIGH,30,8.24007415771,8.67051262005,29.4794241324,0,0,8.24007415771,
MC_G2_D075_DENS_LOW_V_HIGH_S030,MC_G2_D075_DENS_LOW_V_HIGH,30,8.2500705719,7.56224270004,28.3365655104,0,0,8.2500705719,
MC_G2_D075_DENS_LOW_V_HIGH_S030,MC_G2_D075_DENS_LOW_V_HIGH,30,8.26006698608,7.67242599872,28.1397048708,0,0,8.26006698608,
MC_G2_D075_DENS_LOW_V_HIGH_S030,MC_G2_D075_DENS_LOW_V_HIGH,30,8.27006340027,7.24721814766,27.4107391754,0,0,8.27006340027,
MC_G2_D075_DENS_LOW_V_HIGH_S030,MC_G2_D075_DENS_LOW_V_HIGH,30,8.28005981445,7.85190635433,28.2827138437,0,0,8.28005981445,
MC_G2_D075_DENS_LOW_V_HIGH_S030,MC_G2_D075_DENS_LOW_V_HIGH,30,8.29005622864,7.26156640788,26.7889486707,0,0,8.29005622864,
MC_G2_D075_DENS_LOW_V_HIGH_S030,MC_G2_D075_DENS_LOW_V_HIGH,30,8.30005264282,8.2364340914,27.9896163798,0,0,8.30005264282,
MC_G2_D075_DENS_LOW_V_HIGH_S030,MC_G2_D075_DENS_LOW_V_HIGH,30,8.31004905701,7.67636508356,28.7486893958,0,0,8.31004905701,
MC_G2_D075_DENS_LOW_V_HIGH_S030,MC_G2_D075_DENS_LOW_V_HIGH,30,8.32004547119,7.35895154917,28.8158151692,0,0,8.32004547119,
MC_G2_D075_DENS_LOW_V_HIGH_S030,MC_G2_D075_DENS_LOW_V_HIGH,30,8.33004188538,6.95270192547,28.5314370835,0,0,8.33004188538,
MC_G2_D075_DENS_LOW_V_HIGH_S030,MC_G2_D075_DENS_LOW_V_HIGH,30,8.34003925323,7.80048936053,29.7990487041,0,0,8.34003925323,
MC_G2_D075_DENS_LOW_V_HIGH_S030,MC_G2_D075_DENS_LOW_V_HIGH,30,8.35003566742,7.69062105601,27.4674812263,0,0,8.35003566742,
MC_G2_D075_DENS_LOW_V_HIGH_S030,MC_G2_D075_DENS_LOW_V_HIGH,30,8.3600320816,7.69611687514,29.3470794378,0,0,8.3600320816,
MC_G2_D075_DENS_LOW_V_HIGH_S030,MC_G2_D075_DENS_LOW_V_HIGH,30,8.37001228333,8.27034127836,29.0063008549,0,0,8.37001228333,
MC_G2_D075_DENS_LOW_V_HIGH_S030,MC_G2_D075_DENS_LOW_V_HIGH,30,8.38000869751,7.60479454246,28.275985986,0,0,8.38000869751,
MC_G2_D075_DENS_LOW_V_HIGH_S030,MC_G2_D075_DENS_LOW_V_HIGH,30,8.39000511169,8.02105103321,29.9123515924,0,0,8.39000511169,
MC_G2_D075_DENS_LOW_V_HIGH_S030,MC_G2_D075_DENS_LOW_V_HIGH,30,8.40000152588,9.00253580454,31.1582836742,0,0,8.40000152588,
MC_G2_D075_DENS_LOW_V_HIGH_S030,MC_G2_D075_DENS_LOW_V_HIGH,30,8.41012001038,7.29926623503,29.4084716838,0,0,8.41012001038,
MC_G2_D075_DENS_LOW_V_HIGH_S030,MC_G2_D075_DENS_LOW_V_HIGH,30,8.42011642456,7.42647082329,31.6763072521,0,0,8.42011642456,
MC_G2_D075_DENS_LOW_V_HIGH_S030,MC_G2_D075_DENS_LOW_V_HIGH,30,8.43011283875,7.61910909278,31.3196466363,0,0,8.43011283875,
MC_G2_D075_DENS_LOW_V_HIGH_S030,MC_G2_D075_DENS_LOW_V_HIGH,30,8.44010925293,7.8337881114,29.690205381,0,0,8.44010925293,
MC_G2_D075_DENS_LOW_V_HIGH_S030,MC_G2_D075_DENS_LOW_V_HIGH,30,8.45010089874,7.65635190209,30.2828632244,0,0,8.45010089874,
MC_G2_D075_DENS_LOW_V_HIGH_S030,MC_G2_D075_DENS_LOW_V_HIGH,30,8.46001625061,7.72159271846,30.6669128572,0,0,8.46001625061,
MC_G2_D075_DENS_LOW_V_HIGH_S030,MC_G2_D075_DENS_LOW_V_HIGH,30,8.47001266479,8.15505728481,32.1845394444,0,0,8.47001266479,
MC_G2_D075_DENS_LOW_V_HIGH_S030,MC_G2_D075_DENS_LOW_V_HIGH,30,8.48011302948,7.62215182582,32.0622198962,0,0,8.48011302948,
MC_G2_D075_DENS_LOW_V_HIGH_S030,MC_G2_D075_DENS_LOW_V_HIGH,30,8.49009418488,8.78910847323,31.64029569,0,0,8.49009418488,
MC_G2_D075_DENS_LOW_V_HIGH_S030,MC_G2_D075_DENS_LOW_V_HIGH,30,8.50004482269,8.31294893554,32.3394227192,0,0,8.50004482269,
MC_G2_D075_DENS_LOW_V_HIGH_S030,MC_G2_D075_DENS_LOW_V_HIGH,30,8.5100402832,7.82334798923,31.3548709266,0,0,8.5100402832,
MC_G2_D075_DENS_LOW_V_HIGH_S030,MC_G2_D075_DENS_LOW_V_HIGH,30,8.52003669739,7.65955986891,31.0524572,0,0,8.52003669739,
MC_G2_D075_DENS_LOW_V_HIGH_S030,MC_G2_D075_DENS_LOW_V_HIGH,30,8.53000259399,7.6238715834,30.4653491188,0,0,8.53000259399,
MC_G2_D075_DENS_LOW_V_HIGH_S030,MC_G2_D075_DENS_LOW_V_HIGH,30,8.54009246826,7.90991446274,31.9023921559,0,0,8.54009246826,
MC_G2_D075_DENS_LOW_V_HIGH_S030,MC_G2_D075_DENS_LOW_V_HIGH,30,8.5500869751,8.20424997776,32.1245054985,0,0,8.5500869751,
MC_G2_D075_DENS_LOW_V_HIGH_S030,MC_G2_D075_DENS_LOW_V_HIGH,30,8.56008338928,6.5726355004,30.514819306,0,0,8.56008338928,
MC_G2_D075_DENS_LOW_V_HIGH_S030,MC_G2_D075_DENS_LOW_V_HIGH,30,8.57007980347,7.41634403742,31.4671370996,0,0,8.57007980347,
MC_G2_D075_DENS_LOW_V_HIGH_S030,MC_G2_D075_DENS_LOW_V_HIGH,30,8.5800447464,7.74480889316,33.9025198577,0,0,8.5800447464,
MC_G2_D075_DENS_LOW_V_HIGH_S030,MC_G2_D075_DENS_LOW_V_HIGH,30,8.59004116058,7.71512815414,31.3449295128,0,0,8.59004116058,
MC_G2_D075_DENS_LOW_V_HIGH_S030,MC_G2_D075_DENS_LOW_V_HIGH,30,8.60010814667,6.95537716533,30.2695049256,0,0,8.60010814667,
MC_G2_D075_DENS_LOW_V_HIGH_S030,MC_G2_D075_DENS_LOW_V_HIGH,30,8.61007785797,8.15020582215,34.8788185095,0,0,8.61007785797,
MC_G2_D075_DENS_LOW_V_HIGH_S030,MC_G2_D075_DENS_LOW_V_HIGH,30,8.6200504303,7.21131710295,33.3056490227,0,0,8.6200504303,
MC_G2_D075_DENS_LOW_V_HIGH_S030,MC_G2_D075_DENS_LOW_V_HIGH,30,8.63002490997,8.53812223322,33.365265966,0,0,8.63002490997,
MC_G2_D075_DENS_LOW_V_HIGH_S030,MC_G2_D075_DENS_LOW_V_HIGH,30,8.64007949829,7.82298657488,32.974079497,0,0,8.64007949829,
MC_G2_D075_DENS_LOW_V_HIGH_S030,MC_G2_D075_DENS_LOW_V_HIGH,30,8.65006637573,7.78173062948,33.1633770831,0,0,8.65006637573,
MC_G2_D075_DENS_LOW_V_HIGH_S030,MC_G2_D075_DENS_LOW_V_HIGH,30,8.66009426117,7.82758106862,31.7559068738,0,0,8.66009426117,
MC_G2_D075_DENS_LOW_V_HIGH_S030,MC_G2_D075_DENS_LOW_V_HIGH,30,8.67008495331,8.03024167855,34.6618772076,0,0,8.67008495331,
MC_G2_D075_DENS_LOW_V_HIGH_S030,MC_G2_D075_DENS_LOW_V_HIGH,30,8.68008136749,6.78079635043,31.9519490505,0,0,8.68008136749,
MC_G2_D075_DENS_LOW_V_HIGH_S030,MC_G2_D075_DENS_LOW_V_HIGH,30,8.69004154205,7.1839413475,33.5705420072,0,0,8.69004154205,
MC_G2_D075_DENS_LOW_V_HIGH_S030,MC_G2_D075_DENS_LOW_V_HIGH,30,8.70000839233,7.81709507888,35.9084001959,0,0,8.70000839233,
MC_G2_D075_DENS_LOW_V_HIGH_S030,MC_G2_D075_DENS_LOW_V_HIGH,30,8.71002101898,7.59655385319,33.6545012856,0,0,8.71002101898,
MC_G2_D075_DENS_LOW_V_HIGH_S030,MC_G2_D075_DENS_LOW_V_HIGH,30,8.72005367279,7.40327675344,33.5062178069,0,0,8.72005367279,
MC_G2_D075_DENS_LOW_V_HIGH_S030,MC_G2_D075_DENS_LOW_V_HIGH,30,8.73011398315,7.75966667025,33.5380776446,0,0,8.73011398315,
MC_G2_D075_DENS_LOW_V_HIGH_S030,MC_G2_D075_DENS_LOW_V_HIGH,30,8.74000930786,8.22298936706,34.3088505624,0,0,8.74000930786,
MC_G2_D075_DENS_LOW_V_HIGH_S030,MC_G2_D075_DENS_LOW_V_HIGH,30,8.75011348724,6.95773962152,34.9161048492,0,0,8.75011348724,
MC_G2_D075_DENS_LOW_V_HIGH_S030,MC_G2_D075_DENS_LOW_V_HIGH,30,8.76001834869,7.9987361839,36.3798837376,0,0,8.76001834869,
MC_G2_D075_DENS_LOW_V_HIGH_S030,MC_G2_D075_DENS_LOW_V_HIGH,30,8.77006053925,7.47564085877,34.0138542185,0,0,8.77006053925,
MC_G2_D075_DENS_LOW_V_HIGH_S030,MC_G2_D075_DENS_LOW_V_HIGH,30,8.78008556366,7.6807628441,34.1321253705,0,0,8.78008556366,
MC_G2_D075_DENS_LOW_V_HIGH_S030,MC_G2_D075_DENS_LOW_V_HIGH,30,8.79004383087,7.84888738401,35.5710839618,0,0,8.79004383087,
MC_G2_D075_DENS_LOW_V_HIGH_S030,MC_G2_D075_DENS_LOW_V_HIGH,30,8.80007743835,7.34457676313,34.5858734813,0,0,8.80007743835,
MC_G2_D075_DENS_LOW_V_HIGH_S030,MC_G2_D075_DENS_LOW_V_HIGH,30,8.81001091003,8.08781542659,35.4903742232,0,0,8.81001091003,
MC_G2_D075_DENS_LOW_V_HIGH_S030,MC_G2_D075_DENS_LOW_V_HIGH,30,8.82008361816,7.31159024331,34.5954501735,0,0,8.82008361816,
MC_G2_D075_DENS_LOW_V_HIGH_S030,MC_G2_D075_DENS_LOW_V_HIGH,30,8.83003234863,7.45436272707,35.6114375646,0,0,8.83003234863,
MC_G2_D075_DENS_LOW_V_HIGH_S030,MC_G2_D075_DENS_LOW_V_HIGH,30,8.84002113342,7.10213846985,35.6239881933,0,0,8.84002113342,
MC_G2_D075_DENS_LOW_V_HIGH_S030,MC_G2_D075_DENS_LOW_V_HIGH,30,8.85010719299,7.30515662578,34.5805428851,0,0,8.85010719299,
MC_G2_D075_DENS_LOW_V_HIGH_S030,MC_G2_D075_DENS_LOW_V_HIGH,30,8.86001491547,8.04467559507,36.6833454203,0,0,8.86001491547,
MC_G2_D075_DENS_LOW_V_HIGH_S030,MC_G2_D075_DENS_LOW_V_HIGH,30,8.87003231049,7.92753976744,40.2553364914,0,0,8.87003231049,
MC_G2_D075_DENS_LOW_V_HIGH_S030,MC_G2_D075_DENS_LOW_V_HIGH,30,8.88002872467,8.35042771415,35.8299270079,0,0,8.88002872467,
MC_G2_D075_DENS_LOW_V_HIGH_S030,MC_G2_D075_DENS_LOW_V_HIGH,30,8.89002513885,7.48288461916,33.6584425608,0,0,8.89002513885,
MC_G2_D075_DENS_LOW_V_HIGH_S030,MC_G2_D075_DENS_LOW_V_HIGH,30,8.90010547638,7.12770715356,35.5771678781,0,0,8.90010547638,
MC_G2_D075_DENS_LOW_V_HIGH_S030,MC_G2_D075_DENS_LOW_V_HIGH,30,8.9100112915,7.67658613209,33.9526678546,0,0,8.9100112915,
MC_G2_D075_DENS_LOW_V_HIGH_S030,MC_G2_D075_DENS_LOW_V_HIGH,30,8.92005252838,7.95448005729,36.0282291532,0,0,8.92005252838,
MC_G2_D075_DENS_LOW_V_HIGH_S030,MC_G2_D075_DENS_LOW_V_HIGH,30,8.93001747131,7.35137124239,35.5565529774,0,0,8.93001747131,
MC_G2_D075_DENS_LOW_V_HIGH_S030,MC_G2_D075_DENS_LOW_V_HIGH,30,8.94003105164,8.28017904328,37.0000340141,0,0,8.94003105164,
MC_G2_D075_DENS_LOW_V_HIGH_S030,MC_G2_D075_DENS_LOW_V_HIGH,30,8.95010566711,7.46182864124,35.8870900929,0,0,8.95010566711,
MC_G2_D075_DENS_LOW_V_HIGH_S030,MC_G2_D075_DENS_LOW_V_HIGH,30,8.96002292633,8.25606043795,37.5569617343,0,0,8.96002292633,
MC_G2_D075_DENS_LOW_V_HIGH_S030,MC_G2_D075_DENS_LOW_V_HIGH,30,8.97011184692,7.49700630463,37.0384832223,0,0,8.97011184692,
MC_G2_D075_DENS_LOW_V_HIGH_S030,MC_G2_D075_DENS_LOW_V_HIGH,30,8.98002910614,7.34939285802,36.5873692821,0,0,8.98002910614,
MC_G2_D075_DENS_LOW_V_HIGH_S030,MC_G2_D075_DENS_LOW_V_HIGH,30,8.9901008606,7.37498640969,35.4894141041,0,0,8.9901008606,
MC_G2_D075_DENS_LOW_V_HIGH_S030,MC_G2_D075_DENS_LOW_V_HIGH,30,9,7.91019298389,35.2919898099,0,0,9,
