run_id,scenario_id,S,z_m,qb_MPa,qs_kPa,ALLKE,ALLIE,time_s,walltime_h
MC_G1_D060_DENS_MED_V_LOW_S050,MC_G1_D060_DENS_MED_V_LOW,50,0,0,0,0,0,0,
MC_G1_D060_DENS_MED_V_LOW_S050,MC_G1_D060_DENS_MED_V_LOW,50,0.00900418497622,0,0,0,0,0.0360167399049,
MC_G1_D060_DENS_MED_V_LOW_S050,MC_G1_D060_DENS_MED_V_LOW,50,0.0180104728788,0.906433682945,112.791157769,0,0,0.0720418915153,
MC_G1_D060_DENS_MED_V_LOW_S050,MC_G1_D060_DENS_MED_V_LOW,50,0.0270092654973,0.0122252164619,4.4415702062e-06,0,0,0.108037061989,
MC_G1_D060_DENS_MED_V_LOW_S050,MC_G1_D060_DENS_MED_V_LOW,50,0.0360080860555,0,0,0,0,0.144032344222,
MC_G1_D060_DENS_MED_V_LOW_S050,MC_G1_D060_DENS_MED_V_LOW,50,0.0450069122016,0.849292475503,92.3999191658,0,0,0.180027648807,
MC_G1_D060_DENS_MED_V_LOW_S050,MC_G1_D060_DENS_MED_V_LOW,50,0.0540057085454,0.243189866922,0.000140664525847,0,0,0.216022834182,
MC_G1_D060_DENS_MED_V_LOW_S050,MC_G1_D060_DENS_MED_V_LOW,50,0.0630045235157,0.000381504985629,0,0,0,0.252018094063,
MC_G1_D060_DENS_MED_V_LOW_S050,MC_G1_D060_DENS_MED_V_LOW,50,0.0720033496618,0.636639200461,24.3950008001,0,0,0.288013398647,
MC_G1_D060_DENS_MED_V_LOW_S050,MC_G1_D060_DENS_MED_V_LOW,50,0.0810021534562,0.741971362439,44.9533641872,0,0,0.324008613825,
MC_G1_D060_DENS_MED_V_LOW_S050,MC_G1_D060_DENS_MED_V_LOW,50,0.0900009572506,0.050138964963,2.33148397877e-06,0,0,0.360003829002,
MC_G1_D060_DENS_MED_V_LOW_S050,MC_G1_D060_DENS_MED_V_LOW,50,0.0990315750241,0.649240315962,19.210786461,0,0,0.396126300097,
MC_G1_D060_DENS_MED_V_LOW_S050,MC_G1_D060_DENS_MED_V_LOW,50,0.108030363917,0.814778467153,18.3067495475,0,0,0.432121455669,
MC_G1_D060_DENS_MED_V_LOW_S050,MC_G1_D060_DENS_MED_V_LOW,50,0.117029123008,0.095918683957,1.22531556446e-05,0,0,0.468116492033,
MC_G1_D060_DENS_MED_V_LOW_S050,MC_G1_D060_DENS_MED_V_LOW,50,0.126027926803,0.334365370701,2.21980684813,0,0,0.504111707211,
MC_G1_D060_DENS_MED_V_LOW_S050,MC_G1_D060_DENS_MED_V_LOW,50,0.135026738048,0.973841504569,21.11707106,0,0,0.54010695219,
MC_G1_D060_DENS_MED_V_LOW_S050,MC_G1_D060_DENS_MED_V_LOW,50,0.144025504589,0.276492317766,7.36323867442e-05,0,0,0.576102018356,
MC_G1_D060_DENS_MED_V_LOW_S050,MC_G1_D060_DENS_MED_V_LOW,50,0.153024300933,0.151846687901,1.55358714864e-05,0,0,0.612097203732,
MC_G1_D060_DENS_MED_V_LOW_S050,MC_G1_D060_DENS_MED_V_LOW,50,0.162023112178,0.720658365948,13.0936275793,0,0,0.648092448711,
MC_G1_D060_DENS_MED_V_LOW_S050,MC_G1_D060_DENS_MED_V_LOW,50,0.171021878719,0.578039320956,0.000225727912048,0,0,0.684087514877,
MC_G1_D060_DENS_MED_V_LOW_S050,MC_G1_D060_DENS_MED_V_LOW,50,0.180020660162,0.0961295394858,5.24650874155e-06,0,0,0.720082640648,
MC_G1_D060_DENS_MED_V_LOW_S050,MC_G1_D060_DENS_MED_V_LOW,50,0.189019486308,0.575309781734,10.5629703129,0,0,0.756077945232,
MC_G1_D060_DENS_MED_V_LOW_S050,MC_G1_D060_DENS_MED_V_LOW,50,0.198018267751,0.637734135439,7.6934293019,0,0,0.792073071003,
MC_G1_D060_DENS_MED_V_LOW_S050,MC_G1_D060_DENS_MED_V_LOW,50,0.207017049193,0.157021643968,1.67972124121e-05,0,0,0.828068196774,
MC_G1_D060_DENS_MED_V_LOW_S050,MC_G1_D060_DENS_MED_V_LOW,50,0.216015860438,0.279920350921,2.4698566571,0,0,0.864063441753,
MC_G1_D060_DENS_MED_V_LOW_S050,MC_G1_D060_DENS_MED_V_LOW,50,0.225014656782,0.669678292702,8.71283012018,0,0,0.900058627129,
MC_G1_D060_DENS_MED_V_LOW_S050,MC_G1_D060_DENS_MED_V_LOW,50,0.234013438225,0.252925581462,3.92013394365e-05,0,0,0.936053752899,
MC_G1_D060_DENS_MED_V_LOW_S050,MC_G1_D060_DENS_MED_V_LOW,50,0.24301224947,0.253363091338,0.629305704392,0,0,0.972048997879,
MC_G1_D060_DENS_MED_V_LOW_S050,MC_G1_D060_DENS_MED_V_LOW,50,0.252011060715,0.893551021986,12.0047110853,0,0,1.00804424286,
MC_G1_D060_DENS_MED_V_LOW_S050,MC_G1_D060_DENS_MED_V_LOW,50,0.261009842157,0.463174279132,1.05298970877,0,0,1.04403936863,
MC_G1_D060_DENS_MED_V_LOW_S050,MC_G1_D060_DENS_MED_V_LOW,50,0.2700086236,0.256865275051,1.87197476815e-05,0,0,1.0800344944,
MC_G1_D060_DENS_MED_V_LOW_S050,MC_G1_D060_DENS_MED_V_LOW,50,0.279007434845,0.587416991921,5.32789927319,0,0,1.11602973938,
MC_G1_D060_DENS_MED_V_LOW_S050,MC_G1_D060_DENS_MED_V_LOW,50,0.28800624609,0.670986343074,6.76310997689,0,0,1.15202498436,
MC_G1_D060_DENS_MED_V_LOW_S050,MC_G1_D060_DENS_MED_V_LOW,50,0.297005027533,0.29920375923,2.38074815325e-05,0,0,1.18802011013,
MC_G1_D060_DENS_MED_V_LOW_S050,MC_G1_D060_DENS_MED_V_LOW,50,0.306003838778,0.482531244361,4.25100904054,0,0,1.22401535511,
MC_G1_D060_DENS_MED_V_LOW_S050,MC_G1_D060_DENS_MED_V_LOW,50,0.315002650023,0.824300553614,10.4600981624,0,0,1.26001060009,
MC_G1_D060_DENS_MED_V_LOW_S050,MC_G1_D060_DENS_MED_V_LOW,50,0.324001431465,0.370296496581,3.64433910682e-05,0,0,1.29600572586,
MC_G1_D060_DENS_MED_V_LOW_S050,MC_G1_D060_DENS_MED_V_LOW,50,0.33300024271,0.377496494117,0.297641457107,0,0,1.33200097084,
MC_G1_D060_DENS_MED_V_LOW_S050,MC_G1_D060_DENS_MED_V_LOW,50,0.342030853033,0.695687275293,3.76488202186,0,0,1.36812341213,
MC_G1_D060_DENS_MED_V_LOW_S050,MC_G1_D060_DENS_MED_V_LOW,50,0.351029634476,0.535734701024,1.89363907737,0,0,1.4041185379,
MC_G1_D060_DENS_MED_V_LOW_S050,MC_G1_D060_DENS_MED_V_LOW,50,0.360028445721,0.392374986945,0.437623274824,0,0,1.44011378288,
MC_G1_D060_DENS_MED_V_LOW_S050,MC_G1_D060_DENS_MED_V_LOW,50,0.369027256966,0.716210897546,6.07185017316,0,0,1.47610902786,
MC_G1_D060_DENS_MED_V_LOW_S050,MC_G1_D060_DENS_MED_V_LOW,50,0.378026038408,0.722439004697,4.25018226666,0,0,1.51210415363,
MC_G1_D060_DENS_MED_V_LOW_S050,MC_G1_D060_DENS_MED_V_LOW,50,0.387024849653,0.387855148893,0.00656960380736,0,0,1.54809939861,
MC_G1_D060_DENS_MED_V_LOW_S050,MC_G1_D060_DENS_MED_V_LOW,50,0.396023660898,0.685741440523,4.69534482969,0,0,1.58409464359,
MC_G1_D060_DENS_MED_V_LOW_S050,MC_G1_D060_DENS_MED_V_LOW,50,0.405022472143,0.721070565335,5.39447015941,0,0,1.62008988857,
MC_G1_D060_DENS_MED_V_LOW_S050,MC_G1_D060_DENS_MED_V_LOW,50,0.414021253586,0.456544604078,0.402852593223,0,0,1.65608501434,
MC_G1_D060_DENS_MED_V_LOW_S050,MC_G1_D060_DENS_MED_V_LOW,50,0.423020064831,0.491529473864,2.3993562821,0,0,1.69208025932,
MC_G1_D060_DENS_MED_V_LOW_S050,MC_G1_D060_DENS_MED_V_LOW,50,0.432018876076,0.738968588666,6.16107907685,0,0,1.7280755043,
MC_G1_D060_DENS_MED_V_LOW_S050,MC_G1_D060_DENS_MED_V_LOW,50,0.441017657518,0.544964070874,2.24857665957,0,0,1.76407063007,
MC_G1_D060_DENS_MED_V_LOW_S050,MC_G1_D060_DENS_MED_V_LOW,50,0.450016468763,0.522090620696,2.39759900645,0,0,1.80006587505,
MC_G1_D060_DENS_MED_V_LOW_S050,MC_G1_D060_DENS_MED_V_LOW,50,0.459015280008,0.896081477216,7.83401854288,0,0,1.83606112003,
MC_G1_D060_DENS_MED_V_LOW_S050,MC_G1_D060_DENS_MED_V_LOW,50,0.468014091253,0.680278584393,3.18714700269,0,0,1.87205636501,
MC_G1_D060_DENS_MED_V_LOW_S050,MC_G1_D060_DENS_MED_V_LOW,50,0.477012902498,0.642068920898,1.7887013415,0,0,1.90805160999,
MC_G1_D060_DENS_MED_V_LOW_S050,MC_G1_D060_DENS_MED_V_LOW,50,0.486011713743,0.661388756882,3.54940141431,0,0,1.94404685497,
MC_G1_D060_DENS_MED_V_LOW_S050,MC_G1_D060_DENS_MED_V_LOW,50,0.495010495186,0.673624138521,3.20127960692,0,0,1.98004198074,
MC_G1_D060_DENS_MED_V_LOW_S050,MC_G1_D060_DENS_MED_V_LOW,50,0.504009306431,0.50611360409,1.43119082599,0,0,2.01603722572,
MC_G1_D060_DENS_MED_V_LOW_S050,MC_G1_D060_DENS_MED_V_LOW,50,0.513008117676,0.673720469485,5.05582415579,0,0,2.0520324707,
MC_G1_D060_DENS_MED_V_LOW_S050,MC_G1_D060_DENS_MED_V_LOW,50,0.522006928921,0.710363311195,4.32609590555,0,0,2.08802771568,
MC_G1_D060_DENS_MED_V_LOW_S050,MC_G1_D060_DENS_MED_V_LOW,50,0.531005740166,0.706638729777,2.03013709078,0,0,2.12402296066,
MC_G1_D060_DENS_MED_V_LOW_S050,MC_G1_D060_DENS_MED_V_LOW,50,0.540004551411,0.659228298902,2.86146794128,0,0,2.16001820564,
MC_G1_D060_DENS_MED_V_LOW_S050,MC_G1_D060_DENS_MED_V_LOW,50,0.549003362656,0.961935105316,6.01340215957,0,0,2.19601345062,
MC_G1_D060_DENS_MED_V_LOW_S050,MC_G1_D060_DENS_MED_V_LOW,50,0.558002173901,0.670331940119,2.72139068513,0,0,2.2320086956,
MC_G1_D060_DENS_MED_V_LOW_S050,MC_G1_D060_DENS_MED_V_LOW,50,0.567000985146,0.703040107166,1.48243133658,0,0,2.26800394058,
MC_G1_D060_DENS_MED_V_LOW_S050,MC_G1_D060_DENS_MED_V_LOW,50,0.576031565666,0.720672235449,2.54876640993,0,0,2.30412626266,
MC_G1_D060_DENS_MED_V_LOW_S050,MC_G1_D060_DENS_MED_V_LOW,50,0.585030376911,0.700254550273,2.40392489805,0,0,2.34012150764,
MC_G1_D060_DENS_MED_V_LOW_S050,MC_G1_D060_DENS_MED_V_LOW,50,0.594029188156,0.816413503134,4.75269400571,0,0,2.37611675262,
MC_G1_D060_DENS_MED_V_LOW_S050,MC_G1_D060_DENS_MED_V_LOW,50,0.603027999401,0.81015593004,2.81202540354,0,0,2.4121119976,
MC_G1_D060_DENS_MED_V_LOW_S050,MC_G1_D060_DENS_MED_V_LOW,50,0.612026810646,0.878774715535,4.00570897095,0,0,2.44810724258,
MC_G1_D060_DENS_MED_V_LOW_S050,MC_G1_D060_DENS_MED_V_LOW,50,0.621025621891,0.758051078106,1.80869344758,0,0,2.48410248756,
MC_G1_D060_DENS_MED_V_LOW_S050,MC_G1_D060_DENS_MED_V_LOW,50,0.630024433136,0.788633056172,3.07861427054,0,0,2.52009773254,
MC_G1_D060_DENS_MED_V_LOW_S050,MC_G1_D060_DENS_MED_V_LOW,50,0.639023244381,0.838370432995,4.05806155507,0,0,2.55609297752,
MC_G1_D060_DENS_MED_V_LOW_S050,MC_G1_D060_DENS_MED_V_LOW,50,0.648022055626,0.915587013395,3.91376662271,0,0,2.5920882225,
MC_G1_D060_DENS_MED_V_LOW_S050,MC_G1_D060_DENS_MED_V_LOW,50,0.657020866871,0.869419494811,2.71187014586,0,0,2.62808346748,
MC_G1_D060_DENS_MED_V_LOW_S050,MC_G1_D060_DENS_MED_V_LOW,50,0.666019678116,0.885630727879,4.83543126813,0,0,2.66407871246,
MC_G1_D060_DENS_MED_V_LOW_S050,MC_G1_D060_DENS_MED_V_LOW,50,0.675018489361,0.772613945363,2.63907064514,0,0,2.70007395744,
MC_G1_D060_DENS_MED_V_LOW_S050,MC_G1_D060_DENS_MED_V_LOW,50,0.684017300606,0.838971840427,2.94491942131,0,0,2.73606920242,
MC_G1_D060_DENS_MED_V_LOW_S050,MC_G1_D060_DENS_MED_V_LOW,50,0.693016111851,0.858554495344,4.1656293572,0,0,2.7720644474,
MC_G1_D060_DENS_MED_V_LOW_S050,MC_G1_D060_DENS_MED_V_LOW,50,0.702014923096,1.02877292826,4.42068344375,0,0,2.80805969238,
MC_G1_D060_DENS_MED_V_LOW_S050,MC_G1_D060_DENS_MED_V_LOW,50,0.711013734341,0.769209117986,3.6965125777,0,0,2.84405493736,
MC_G1_D060_DENS_MED_V_LOW_S050,MC_G1_D060_DENS_MED_V_LOW,50,0.720012545586,0.830600976448,4.47830168471,0,0,2.88005018234,
MC_G1_D060_DENS_MED_V_LOW_S050,MC_G1_D060_DENS_MED_V_LOW,50,0.729011356831,0.830845932328,3.56383988764,0,0,2.91604542732,
MC_G1_D060_DENS_MED_V_LOW_S050,MC_G1_D060_DENS_MED_V_LOW,50,0.738010168076,0.942864272732,3.85929575477,0,0,2.9520406723,
MC_G1_D060_DENS_MED_V_LOW_S050,MC_G1_D060_DENS_MED_V_LOW,50,0.747008979321,0.956046450134,3.269209126,0,0,2.98803591728,
MC_G1_D060_DENS_MED_V_LOW_S050,MC_G1_D060_DENS_MED_V_LOW,50,0.756007790565,1.02609401001,4.36887718292,0,0,3.02403116226,
MC_G1_D060_DENS_MED_V_LOW_S050,MC_G1_D060_DENS_MED_V_LOW,50,0.76500660181,0.82883647381,3.10437404674,0,0,3.06002640724,
MC_G1_D060_DENS_MED_V_LOW_S050,MC_G1_D060_DENS_MED_V_LOW,50,0.774005413055,1.01065720235,3.07873411818,0,0,3.09602165222,
MC_G1_D060_DENS_MED_V_LOW_S050,MC_G1_D060_DENS_MED_V_LOW,50,0.7830042243,1.02248858757,3.77490671592,0,0,3.1320168972,
MC_G1_D060_DENS_MED_V_LOW_S050,MC_G1_D060_DENS_MED_V_LOW,50,0.792003035545,0.999463598262,3.42233710668,0,0,3.16801214218,
MC_G1_D060_DENS_MED_V_LOW_S050,MC_G1_D060_DENS_MED_V_LOW,50,0.80100184679,0.963997613324,2.89486732778,0,0,3.20400738716,
MC_G1_D060_DENS_MED_V_LOW_S050,MC_G1_D060_DENS_MED_V_LOW,50,0.810000658035,0.984111734536,3.57440217396,0,0,3.24000263214,
MC_G1_D060_DENS_MED_V_LOW_S050,MC_G1_D060_DENS_MED_V_LOW,50,0.819031238556,0.984035209434,4.53963425585,0,0,3.27612495422,
MC_G1_D060_DENS_MED_V_LOW_S050,MC_G1_D060_DENS_MED_V_LOW,50,0.828030049801,1.00870154885,3.67237627638,0,0,3.3121201992,
MC_G1_D060_DENS_MED_V_LOW_S050,MC_G1_D060_DENS_MED_V_LOW,50,0.837028861046,0.903553198228,5.77284100365,0,0,3.34811544418,
MC_G1_D060_DENS_MED_V_LOW_S050,MC_G1_D060_DENS_MED_V_LOW,50,0.846027672291,1.04745379583,4.71100521589,0,0,3.38411068916,
MC_G1_D060_DENS_MED_V_LOW_S050,MC_G1_D060_DENS_MED_V_LOW,50,0.855026483536,1.02361358213,4.14306175678,0,0,3.42010593414,
MC_G1_D060_DENS_MED_V_LOW_S050,MC_G1_D060_DENS_MED_V_LOW,50,0.864025294781,1.00548814217,3.39561866947,0,0,3.45610117912,
MC_G1_D060_DENS_MED_V_LOW_S050,MC_G1_D060_DENS_MED_V_LOW,50,0.873024106026,1.0236354927,4.87581139203,0,0,3.4920964241,
MC_G1_D060_DENS_MED_V_LOW_S050,MC_G1_D060_DENS_MED_V_LOW,50,0.882022917271,1.07915159407,4.19808186579,0,0,3.52809166908,
MC_G1_D060_DENS_MED_V_LOW_S050,MC_G1_D060_DENS_MED_V_LOW,50,0.891021728516,1.19451636964,4.9998701124,0,0,3.56408691406,
MC_G1_D060_DENS_MED_V_LOW_S050,MC_G1_D060_DENS_MED_V_LOW,50,0.900020539761,1.07810690231,3.87393951404,0,0,3.60008215904,
MC_G1_D060_DENS_MED_V_LOW_S050,MC_G1_D060_DENS_MED_V_LOW,50,0.909019351006,1.28879659072,4.9899109267,0,0,3.63607740402,
MC_G1_D060_DENS_MED_V_LOW_S050,MC_G1_D060_DENS_MED_V_LOW,50,0.918018162251,1.08247746784,4.13666359116,0,0,3.672072649,
MC_G1_D060_DENS_MED_V_LOW_S050,MC_G1_D060_DENS_MED_V_LOW,50,0.927016973495,1.10680262835,3.48283549809,0,0,3.70806789398,
MC_G1_D060_DENS_MED_V_LOW_S050,MC_G1_D060_DENS_MED_V_LOW,50,0.93601578474,1.01506144324,5.10586515937,0,0,3.74406313896,
MC_G1_D060_DENS_MED_V_LOW_S050,MC_G1_D060_DENS_MED_V_LOW,50,0.945014595985,1.18646234549,4.74179609888,0,0,3.78005838394,
MC_G1_D060_DENS_MED_V_LOW_S050,MC_G1_D060_DENS_MED_V_LOW,50,0.95401340723,0.950511386256,3.04413869626,0,0,3.81605362892,
MC_G1_D060_DENS_MED_V_LOW_S050,MC_G1_D060_DENS_MED_V_LOW,50,0.963012218475,1.38450887816,5.7082456296,0,0,3.8520488739,
MC_G1_D060_DENS_MED_V_LOW_S050,MC_G1_D060_DENS_MED_V_LOW,50,0.97201102972,1.19508669212,4.32223514726,0,0,3.88804411888,
MC_G1_D060_DENS_MED_V_LOW_S050,MC_G1_D060_DENS_MED_V_LOW,50,0.981009840965,1.0337056133,3.89009989832,0,0,3.92403936386,
MC_G1_D060_DENS_MED_V_LOW_S050,MC_G1_D060_DENS_MED_V_LOW,50,0.99000865221,1.34620045519,4.90538110404,0,0,3.96003460884,
MC_G1_D060_DENS_MED_V_LOW_S050,MC_G1_D060_DENS_MED_V_LOW,50,0.999007463455,1.39590788037,4.90335042442,0,0,3.99602985382,
MC_G1_D060_DENS_MED_V_LOW_S050,MC_G1_D060_DENS_MED_V_LOW,50,1.0080062151,1.36987240002,4.27959055836,0,0,4.03202486038,
MC_G1_D060_DENS_MED_V_LOW_S050,MC_G1_D060_DENS_MED_V_LOW,50,1.01700508595,1.29053464956,4.21510135613,0,0,4.06802034378,
MC_G1_D060_DENS_MED_V_LOW_S050,MC_G1_D060_DENS_MED_V_LOW,50,1.02600383759,1.37629932133,4.09896384064,0,0,4.10401535034,
MC_G1_D060_DENS_MED_V_LOW_S050,MC_G1_D060_DENS_MED_V_LOW,50,1.03500270844,1.30149738313,4.52118331229,0,0,4.14001083374,
MC_G1_D060_DENS_MED_V_LOW_S050,MC_G1_D060_DENS_MED_V_LOW,50,1.04400146008,1.36278028237,4.55356357097,0,0,4.1760058403,
MC_G1_D060_DENS_MED_V_LOW_S050,MC_G1_D060_DENS_MED_V_LOW,50,1.05300033092,1.58347716595,5.86366042521,0,0,4.2120013237,
MC_G1_D060_DENS_MED_V_LOW_S050,MC_G1_D060_DENS_MED_V_LOW,50,1.06203091145,1.23338065196,4.6053762329,0,0,4.24812364578,
MC_G1_D060_DENS_MED_V_LOW_S050,MC_G1_D060_DENS_MED_V_LOW,50,1.0710297823,1.17136423425,3.57961920704,0,0,4.28411912918,
MC_G1_D060_DENS_MED_V_LOW_S050,MC_G1_D060_DENS_MED_V_LOW,50,1.08002853394,1.33895463973,5.52327955229,0,0,4.32011413574,
MC_G1_D060_DENS_MED_V_LOW_S050,MC_G1_D060_DENS_MED_V_LOW,50,1.08902740479,1.34393924096,5.23858725804,0,0,4.35610961914,
MC_G1_D060_DENS_MED_V_LOW_S050,MC_G1_D060_DENS_MED_V_LOW,50,1.09802615643,1.36068204826,4.01308127736,0,0,4.3921046257,
MC_G1_D060_DENS_MED_V_LOW_S050,MC_G1_D060_DENS_MED_V_LOW,50,1.10702502728,1.4745973801,5.19423034846,0,0,4.4281001091,
MC_G1_D060_DENS_MED_V_LOW_S050,MC_G1_D060_DENS_MED_V_LOW,50,1.11602377892,1.44835121287,5.02631506854,0,0,4.46409511566,
MC_G1_D060_DENS_MED_V_LOW_S050,MC_G1_D060_DENS_MED_V_LOW,50,1.12502264977,1.59460590178,5.10160899308,0,0,4.50009059906,
MC_G1_D060_DENS_MED_V_LOW_S050,MC_G1_D060_DENS_MED_V_LOW,50,1.13402140141,1.41294329634,3.85864230402,0,0,4.53608560562,
MC_G1_D060_DENS_MED_V_LOW_S050,MC_G1_D060_DENS_MED_V_LOW,50,1.14302027225,1.41921209456,4.87050356472,0,0,4.57208108902,
MC_G1_D060_DENS_MED_V_LOW_S050,MC_G1_D060_DENS_MED_V_LOW,50,1.1520190239,1.609728514,5.52824414646,0,0,4.60807609558,
MC_G1_D060_DENS_MED_V_LOW_S050,MC_G1_D060_DENS_MED_V_LOW,50,1.16101789474,1.41176347139,4.56443479571,0,0,4.64407157898,
MC_G1_D060_DENS_MED_V_LOW_S050,MC_G1_D060_DENS_MED_V_LOW,50,1.17001664639,1.31107500156,5.51335879498,0,0,4.68006658554,
MC_G1_D060_DENS_MED_V_LOW_S050,MC_G1_D060_DENS_MED_V_LOW,50,1.17901551723,1.67399999371,5.32131311726,0,0,4.71606206894,
MC_G1_D060_DENS_MED_V_LOW_S050,MC_G1_D060_DENS_MED_V_LOW,50,1.18801426888,1.52335207316,6.78123341261,0,0,4.7520570755,
MC_G1_D060_DENS_MED_V_LOW_S050,MC_G1_D060_DENS_MED_V_LOW,50,1.19701313972,1.40576537128,6.53487126007,0,0,4.7880525589,
MC_G1_D060_DENS_MED_V_LOW_S050,MC_G1_D060_DENS_MED_V_LOW,50,1.20601189137,1.53565329445,6.35834797093,0,0,4.82404756546,
MC_G1_D060_DENS_MED_V_LOW_S050,MC_G1_D060_DENS_MED_V_LOW,50,1.21501076221,1.38496133688,5.6365632166,0,0,4.86004304886,
MC_G1_D060_DENS_MED_V_LOW_S050,MC_G1_D060_DENS_MED_V_LOW,50,1.22400951385,1.51013416965,5.01359227875,0,0,4.89603805542,
MC_G1_D060_DENS_MED_V_LOW_S050,MC_G1_D060_DENS_MED_V_LOW,50,1.2330083847,1.61333717446,5.40423107521,0,0,4.93203353882,
MC_G1_D060_DENS_MED_V_LOW_S050,MC_G1_D060_DENS_MED_V_LOW,50,1.24200713634,1.44818995969,4.37813547113,0,0,4.96802854538,
MC_G1_D060_DENS_MED_V_LOW_S050,MC_G1_D060_DENS_MED_V_LOW,50,1.25100600719,1.39447592193,4.45918275813,0,0,5.00402402878,
MC_G1_D060_DENS_MED_V_LOW_S050,MC_G1_D060_DENS_MED_V_LOW,50,1.26000475883,1.83047418368,6.36443738057,0,0,5.04001903534,
MC_G1_D060_DENS_MED_V_LOW_S050,MC_G1_D060_DENS_MED_V_LOW,50,1.26900362968,1.58321359148,4.77259234452,0,0,5.07601451874,
MC_G1_D060_DENS_MED_V_LOW_S050,MC_G1_D060_DENS_MED_V_LOW,50,1.27800238132,1.54963008088,4.964822517,0,0,5.1120095253,
MC_G1_D060_DENS_MED_V_LOW_S050,MC_G1_D060_DENS_MED_V_LOW,50,1.28700125217,1.71635345371,5.3287791101,0,0,5.1480050087,
MC_G1_D060_DENS_MED_V_LOW_S050,MC_G1_D060_DENS_MED_V_LOW,50,1.29600000381,1.60803837779,5.36380188112,0,0,5.18400001526,
MC_G1_D060_DENS_MED_V_LOW_S050,MC_G1_D060_DENS_MED_V_LOW,50,1.30503058434,1.83744714236,5.77029469439,0,0,5.22012233734,
MC_G1_D060_DENS_MED_V_LOW_S050,MC_G1_D060_DENS_MED_V_LOW,50,1.31402945518,1.61605214262,5.77732802367,0,0,5.25611782074,
MC_G1_D060_DENS_MED_V_LOW_S050,MC_G1_D060_DENS_MED_V_LOW,50,1.32302820683,1.62452721673,7.00432868692,0,0,5.2921128273,
MC_G1_D060_DENS_MED_V_LOW_S050,MC_G1_D060_DENS_MED_V_LOW,50,1.33202707767,1.53717375864,5.84800706234,0,0,5.3281083107,
MC_G1_D060_DENS_MED_V_LOW_S050,MC_G1_D060_DENS_MED_V_LOW,50,1.34102582932,1.68021320599,5.24693752406,0,0,5.36410331726,
MC_G1_D060_DENS_MED_V_LOW_S050,MC_G1_D060_DENS_MED_V_LOW,50,1.35002470016,1.61130618314,5.55294038613,0,0,5.40009880066,
MC_G1_D060_DENS_MED_V_LOW_S050,MC_G1_D060_DENS_MED_V_LOW,50,1.35902345181,1.620406626,5.61177406603,0,0,5.43609380722,
MC_G1_D060_DENS_MED_V_LOW_S050,MC_G1_D060_DENS_MED_V_LOW,50,1.36802232265,1.82715737636,6.82848077932,0,0,5.47208929062,
MC_G1_D060_DENS_MED_V_LOW_S050,MC_G1_D060_DENS_MED_V_LOW,50,1.3770210743,1.68076442418,9.01700649838,0,0,5.50808429718,
MC_G1_D060_DENS_MED_V_LOW_S050,MC_G1_D060_DENS_MED_V_LOW,50,1.38601994514,1.94870967595,5.54653790371,0,0,5.54407978058,
MC_G1_D060_DENS_MED_V_LOW_S050,MC_G1_D060_DENS_MED_V_LOW,50,1.39501869678,1.80402564047,4.7864508157,0,0,5.58007478714,
MC_G1_D060_DENS_MED_V_LOW_S050,MC_G1_D060_DENS_MED_V_LOW,50,1.40401756763,1.6143948183,5.51314627436,0,0,5.61607027054,
MC_G1_D060_DENS_MED_V_LOW_S050,MC_G1_D060_DENS_MED_V_LOW,50,1.41301631927,1.78485809916,5.73456031007,0,0,5.6520652771,
MC_G1_D060_DENS_MED_V_LOW_S050,MC_G1_D060_DENS_MED_V_LOW,50,1.42201519012,2.07784411289,5.94863664618,0,0,5.6880607605,
MC_G1_D060_DENS_MED_V_LOW_S050,MC_G1_D060_DENS_MED_V_LOW,50,1.43101394176,1.71140662934,6.04267986236,0,0,5.72405576706,
MC_G1_D060_DENS_MED_V_LOW_S050,MC_G1_D060_DENS_MED_V_LOW,50,1.44001281261,1.90461848091,6.83414355777,0,0,5.76005125046,
MC_G1_D060_DENS_MED_V_LOW_S050,MC_G1_D060_DENS_MED_V_LOW,50,1.44901156425,1.66781149829,5.55716990557,0,0,5.79604625702,
MC_G1_D060_DENS_MED_V_LOW_S050,MC_G1_D060_DENS_MED_V_LOW,50,1.4580104351,1.71607746685,5.5851639122,0,0,5.83204174042,
MC_G1_D060_DENS_MED_V_LOW_S050,MC_G1_D060_DENS_MED_V_LOW,50,1.46700918674,1.76957229095,6.06516034466,0,0,5.86803674698,
MC_G1_D060_DENS_MED_V_LOW_S050,MC_G1_D060_DENS_MED_V_LOW,50,1.47600805759,1.98501905602,6.77760914248,0,0,5.90403223038,
MC_G1_D060_DENS_MED_V_LOW_S050,MC_G1_D060_DENS_MED_V_LOW,50,1.48500680923,1.86054692983,6.64491041066,0,0,5.94002723694,
MC_G1_D060_DENS_MED_V_LOW_S050,MC_G1_D060_DENS_MED_V_LOW,50,1.49400568008,1.89623202049,5.50907539939,0,0,5.97602272034,
MC_G1_D060_DENS_MED_V_LOW_S050,MC_G1_D060_DENS_MED_V_LOW,50,1.50300443172,2.09869455885,5.77635950097,0,0,6.0120177269,
MC_G1_D060_DENS_MED_V_LOW_S050,MC_G1_D060_DENS_MED_V_LOW,50,1.51200330257,1.98124655197,6.73807732202,0,0,6.0480132103,
MC_G1_D060_DENS_MED_V_LOW_S050,MC_G1_D060_DENS_MED_V_LOW,50,1.52100205421,2.02126389165,6.04808633799,0,0,6.08400821686,
MC_G1_D060_DENS_MED_V_LOW_S050,MC_G1_D060_DENS_MED_V_LOW,50,1.53000092506,1.87466273506,5.96320357911,0,0,6.12000370026,
MC_G1_D060_DENS_MED_V_LOW_S050,MC_G1_D060_DENS_MED_V_LOW,50,1.53903150558,1.86249988497,6.05931905175,0,0,6.15612602234,
MC_G1_D060_DENS_MED_V_LOW_S050,MC_G1_D060_DENS_MED_V_LOW,50,1.54803037643,1.91771668577,7.63429822223,0,0,6.19212150574,
MC_G1_D060_DENS_MED_V_LOW_S050,MC_G1_D060_DENS_MED_V_LOW,50,1.55702912807,1.8026758197,6.60412135833,0,0,6.2281165123,
MC_G1_D060_DENS_MED_V_LOW_S050,MC_G1_D060_DENS_MED_V_LOW,50,1.56602799892,1.79433620257,7.11045292044,0,0,6.2641119957,
MC_G1_D060_DENS_MED_V_LOW_S050,MC_G1_D060_DENS_MED_V_LOW,50,1.57502675056,1.99851661614,5.86681457527,0,0,6.30010700226,
MC_G1_D060_DENS_MED_V_LOW_S050,MC_G1_D060_DENS_MED_V_LOW,50,1.58402562141,2.20734552492,6.02767476194,0,0,6.33610248566,
MC_G1_D060_DENS_MED_V_LOW_S050,MC_G1_D060_DENS_MED_V_LOW,50,1.59302437305,2.12681607679,6.58930667693,0,0,6.37209749222,
MC_G1_D060_DENS_MED_V_LOW_S050,MC_G1_D060_DENS_MED_V_LOW,50,1.6020232439,2.14030003724,5.91930338606,0,0,6.40809297562,
MC_G1_D060_DENS_MED_V_LOW_S050,MC_G1_D060_DENS_MED_V_LOW,50,1.61102199554,2.11882206386,6.02984678693,0,0,6.44408798218,
MC_G1_D060_DENS_MED_V_LOW_S050,MC_G1_D060_DENS_MED_V_LOW,50,1.62002086639,2.14450621952,5.77491770583,0,0,6.48008346558,
MC_G1_D060_DENS_MED_V_LOW_S050,MC_G1_D060_DENS_MED_V_LOW,50,1.62901961803,2.20613860857,6.12515751579,0,0,6.51607847214,
MC_G1_D060_DENS_MED_V_LOW_S050,MC_G1_D060_DENS_MED_V_LOW,50,1.63801848888,1.85694496127,6.17086062634,0,0,6.55207395554,
MC_G1_D060_DENS_MED_V_LOW_S050,MC_G1_D060_DENS_MED_V_LOW,50,1.64701724052,2.04137801286,6.06823232344,0,0,6.5880689621,
MC_G1_D060_DENS_MED_V_LOW_S050,MC_G1_D060_DENS_MED_V_LOW,50,1.65601611137,1.9717988859,5.81158448759,0,0,6.6240644455,
MC_G1_D060_DENS_MED_V_LOW_S050,MC_G1_D060_DENS_MED_V_LOW,50,1.66501486301,2.04190192379,5.73881425064,0,0,6.66005945206,
MC_G1_D060_DENS_MED_V_LOW_S050,MC_G1_D060_DENS_MED_V_LOW,50,1.67401373386,2.39034521494,8.00485196005,0,0,6.69605493546,
MC_G1_D060_DENS_MED_V_LOW_S050,MC_G1_D060_DENS_MED_V_LOW,50,1.6830124855,1.95797709249,6.97239765453,0,0,6.73204994202,
MC_G1_D060_DENS_MED_V_LOW_S050,MC_G1_D060_DENS_MED_V_LOW,50,1.69201135635,2.11392575252,6.41096951951,0,0,6.76804542542,
MC_G1_D060_DENS_MED_V_LOW_S050,MC_G1_D060_DENS_MED_V_LOW,50,1.70101010799,2.2302393746,7.59205450499,0,0,6.80404043198,
MC_G1_D060_DENS_MED_V_LOW_S050,MC_G1_D060_DENS_MED_V_LOW,50,1.71000897884,2.36781790863,6.76012389391,0,0,6.84003591537,
MC_G1_D060_DENS_MED_V_LOW_S050,MC_G1_D060_DENS_MED_V_LOW,50,1.71900773048,2.38139749848,7.06932186875,0,0,6.87603092194,
MC_G1_D060_DENS_MED_V_LOW_S050,MC_G1_D060_DENS_MED_V_LOW,50,1.72800660133,2.2686916734,5.82850830184,0,0,6.91202640533,
MC_G1_D060_DENS_MED_V_LOW_S050,MC_G1_D060_DENS_MED_V_LOW,50,1.73700535297,2.31305615696,6.09097438146,0,0,6.9480214119,
MC_G1_D060_DENS_MED_V_LOW_S050,MC_G1_D060_DENS_MED_V_LOW,50,1.74600422382,2.32389142065,6.11471155499,0,0,6.98401689529,
MC_G1_D060_DENS_MED_V_LOW_S050,MC_G1_D060_DENS_MED_V_LOW,50,1.75500297546,2.31695256907,6.47705575095,0,0,7.02001190186,
MC_G1_D060_DENS_MED_V_LOW_S050,MC_G1_D060_DENS_MED_V_LOW,50,1.76400184631,2.47746942153,6.75498118359,0,0,7.05600738525,
MC_G1_D060_DENS_MED_V_LOW_S050,MC_G1_D060_DENS_MED_V_LOW,50,1.77300059795,2.41843802247,7.09541344808,0,0,7.09200239182,
MC_G1_D060_DENS_MED_V_LOW_S050,MC_G1_D060_DENS_MED_V_LOW,50,1.78203117847,2.47004206133,7.96906590761,0,0,7.1281247139,
MC_G1_D060_DENS_MED_V_LOW_S050,MC_G1_D060_DENS_MED_V_LOW,50,1.79103004932,2.01193236241,6.95492410691,0,0,7.1641201973,
MC_G1_D060_DENS_MED_V_LOW_S050,MC_G1_D060_DENS_MED_V_LOW,50,1.80002880096,2.37644052832,8.26640521036,0,0,7.20011520386,
MC_G1_D060_DENS_MED_V_LOW_S050,MC_G1_D060_DENS_MED_V_LOW,50,1.80902767181,2.34151075877,6.85857798795,0,0,7.23611068726,
MC_G1_D060_DENS_MED_V_LOW_S050,MC_G1_D060_DENS_MED_V_LOW,50,1.81802642345,2.44754217022,7.17883718911,0,0,7.27210569382,
MC_G1_D060_DENS_MED_V_LOW_S050,MC_G1_D060_DENS_MED_V_LOW,50,1.8270252943,2.36953060302,7.23720529988,0,0,7.30810117722,
MC_G1_D060_DENS_MED_V_LOW_S050,MC_G1_D060_DENS_MED_V_LOW,50,1.83602404594,2.57560763026,7.10698798014,0,0,7.34409618378,
MC_G1_D060_DENS_MED_V_LOW_S050,MC_G1_D060_DENS_MED_V_LOW,50,1.84502291679,2.59194967916,7.21350935712,0,0,7.38009166718,
MC_G1_D060_DENS_MED_V_LOW_S050,MC_G1_D060_DENS_MED_V_LOW,50,1.85402166843,2.63225498636,6.79331151231,0,0,7.41608667374,
MC_G1_D060_DENS_MED_V_LOW_S050,MC_G1_D060_DENS_MED_V_LOW,50,1.86302053928,2.36263600432,6.10796494254,0,0,7.45208215714,
MC_G1_D060_DENS_MED_V_LOW_S050,MC_G1_D060_DENS_MED_V_LOW,50,1.87201929092,2.51800527543,6.82476106676,0,0,7.4880771637,
MC_G1_D060_DENS_MED_V_LOW_S050,MC_G1_D060_DENS_MED_V_LOW,50,1.88101816177,2.73790215329,7.66225647246,0,0,7.52407264709,
MC_G1_D060_DENS_MED_V_LOW_S050,MC_G1_D060_DENS_MED_V_LOW,50,1.89001691341,2.91820306523,7.70545734234,0,0,7.56006765366,
MC_G1_D060_DENS_MED_V_LOW_S050,MC_G1_D060_DENS_MED_V_LOW,50,1.89901578426,2.80876936285,7.69657411737,0,0,7.59606313705,
MC_G1_D060_DENS_MED_V_LOW_S050,MC_G1_D060_DENS_MED_V_LOW,50,1.9080145359,2.50219102308,7.33775118772,0,0,7.63205814362,
MC_G1_D060_DENS_MED_V_LOW_S050,MC_G1_D060_DENS_MED_V_LOW,50,1.91701340675,2.36060231465,9.11570605545,0,0,7.66805362701,
MC_G1_D060_DENS_MED_V_LOW_S050,MC_G1_D060_DENS_MED_V_LOW,50,1.92601215839,2.53031189341,7.90207260512,0,0,7.70404863358,
MC_G1_D060_DENS_MED_V_LOW_S050,MC_G1_D060_DENS_MED_V_LOW,50,1.93501102924,2.64808715573,8.51788408903,0,0,7.74004411697,
MC_G1_D060_DENS_MED_V_LOW_S050,MC_G1_D060_DENS_MED_V_LOW,50,1.94400978088,2.80082154561,10.898116306,0,0,7.77603912354,
MC_G1_D060_DENS_MED_V_LOW_S050,MC_G1_D060_DENS_MED_V_LOW,50,1.95300865173,2.82925499239,8.03073378379,0,0,7.81203460693,
MC_G1_D060_DENS_MED_V_LOW_S050,MC_G1_D060_DENS_MED_V_LOW,50,1.96200740337,2.8797222719,8.38127965717,0,0,7.84802961349,
MC_G1_D060_DENS_MED_V_LOW_S050,MC_G1_D060_DENS_MED_V_LOW,50,1.97100627422,2.67445086293,7.02053423187,0,0,7.88402509689,
MC_G1_D060_DENS_MED_V_LOW_S050,MC_G1_D060_DENS_MED_V_LOW,50,1.98000502586,3.40839847667,9.1544458339,0,0,7.92002010345,
MC_G1_D060_DENS_MED_V_LOW_S050,MC_G1_D060_DENS_MED_V_LOW,50,1.98900389671,2.88918181069,8.19015239761,0,0,7.95601558685,
MC_G1_D060_DENS_MED_V_LOW_S050,MC_G1_D060_DENS_MED_V_LOW,50,1.99800264835,2.79371992978,8.24902829893,0,0,7.99201059341,
MC_G1_D060_DENS_MED_V_LOW_S050,MC_G1_D060_DENS_MED_V_LOW,50,2.00700139999,2.90037174502,8.38668699554,0,0,8.02800559998,
MC_G1_D060_DENS_MED_V_LOW_S050,MC_G1_D060_DENS_MED_V_LOW,50,2.01600027084,2.84523913263,7.86310816555,0,0,8.06400108337,
MC_G1_D060_DENS_MED_V_LOW_S050,MC_G1_D060_DENS_MED_V_LOW,50,2.02503085136,3.05509621929,8.44093235973,0,0,8.10012340546,
MC_G1_D060_DENS_MED_V_LOW_S050,MC_G1_D060_DENS_MED_V_LOW,50,2.03402972221,2.75165011995,8.84658923759,0,0,8.13611888885,
MC_G1_D060_DENS_MED_V_LOW_S050,MC_G1_D060_DENS_MED_V_LOW,50,2.04302859306,2.72600179833,8.2097504413,0,0,8.17211437225,
MC_G1_D060_DENS_MED_V_LOW_S050,MC_G1_D060_DENS_MED_V_LOW,50,2.05202722549,2.63621184143,8.68811810427,0,0,8.20810890198,
MC_G1_D060_DENS_MED_V_LOW_S050,MC_G1_D060_DENS_MED_V_LOW,50,2.06102609634,2.78540470571,9.24161019885,0,0,8.24410438538,
MC_G1_D060_DENS_MED_V_LOW_S050,MC_G1_D060_DENS_MED_V_LOW,50,2.07002496719,3.0866338437,8.70142944358,0,0,8.28009986877,
MC_G1_D060_DENS_MED_V_LOW_S050,MC_G1_D060_DENS_MED_V_LOW,50,2.07902383804,2.89731851217,7.81452678846,0,0,8.31609535217,
MC_G1_D060_DENS_MED_V_LOW_S050,MC_G1_D060_DENS_MED_V_LOW,50,2.08802247047,3.13334459337,7.81936346966,0,0,8.3520898819,
MC_G1_D060_DENS_MED_V_LOW_S050,MC_G1_D060_DENS_MED_V_LOW,50,2.09702134132,2.76048256305,7.21391691719,0,0,8.3880853653,
MC_G1_D060_DENS_MED_V_LOW_S050,MC_G1_D060_DENS_MED_V_LOW,50,2.10602021217,3.18702938105,11.078276489,0,0,8.42408084869,
MC_G1_D060_DENS_MED_V_LOW_S050,MC_G1_D060_DENS_MED_V_LOW,50,2.11501908302,3.04270498117,7.9024861541,0,0,8.46007633209,
MC_G1_D060_DENS_MED_V_LOW_S050,MC_G1_D060_DENS_MED_V_LOW,50,2.12401771545,3.18704902501,8.18253458498,0,0,8.49607086182,
MC_G1_D060_DENS_MED_V_LOW_S050,MC_G1_D060_DENS_MED_V_LOW,50,2.1330165863,2.939995342,7.80952522053,0,0,8.53206634521,
MC_G1_D060_DENS_MED_V_LOW_S050,MC_G1_D060_DENS_MED_V_LOW,50,2.14201545715,2.7152831032,8.15220383758,0,0,8.56806182861,
MC_G1_D060_DENS_MED_V_LOW_S050,MC_G1_D060_DENS_MED_V_LOW,50,2.15101408958,3.16757214527,9.49879618381,0,0,8.60405635834,
MC_G1_D060_DENS_MED_V_LOW_S050,MC_G1_D060_DENS_MED_V_LOW,50,2.16001296043,2.78536822406,9.83303080232,0,0,8.64005184174,
MC_G1_D060_DENS_MED_V_LOW_S050,MC_G1_D060_DENS_MED_V_LOW,50,2.16901183128,2.66699824621,8.30889922147,0,0,8.67604732513,
MC_G1_D060_DENS_MED_V_LOW_S050,MC_G1_D060_DENS_MED_V_LOW,50,2.17801070213,3.25796243026,9.87811423276,0,0,8.71204280853,
MC_G1_D060_DENS_MED_V_LOW_S050,MC_G1_D060_DENS_MED_V_LOW,50,2.18700933456,2.86736470914,8.19451620331,0,0,8.74803733826,
MC_G1_D060_DENS_MED_V_LOW_S050,MC_G1_D060_DENS_MED_V_LOW,50,2.19600820541,3.27651172647,10.1658159645,0,0,8.78403282166,
MC_G1_D060_DENS_MED_V_LOW_S050,MC_G1_D060_DENS_MED_V_LOW,50,2.20500707626,3.25183178738,8.99628443902,0,0,8.82002830505,
MC_G1_D060_DENS_MED_V_LOW_S050,MC_G1_D060_DENS_MED_V_LOW,50,2.21400594711,3.42452789587,9.78788227454,0,0,8.85602378845,
MC_G1_D060_DENS_MED_V_LOW_S050,MC_G1_D060_DENS_MED_V_LOW,50,2.22300457954,3.16239887567,8.2534861348,0,0,8.89201831818,
MC_G1_D060_DENS_MED_V_LOW_S050,MC_G1_D060_DENS_MED_V_LOW,50,2.23200345039,3.31540936035,8.45447269881,0,0,8.92801380157,
MC_G1_D060_DENS_MED_V_LOW_S050,MC_G1_D060_DENS_MED_V_LOW,50,2.24100232124,3.44086260527,8.65549410484,0,0,8.96400928497,
MC_G1_D060_DENS_MED_V_LOW_S050,MC_G1_D060_DENS_MED_V_LOW,50,2.25000119209,2.96308045046,8.78923522384,0,0,9.00000476837,
MC_G1_D060_DENS_MED_V_LOW_S050,MC_G1_D060_DENS_MED_V_LOW,50,2.25903177261,3.27072647192,9.35847435745,0,0,9.03612709045,
MC_G1_D060_DENS_MED_V_LOW_S050,MC_G1_D060_DENS_MED_V_LOW,50,2.26803040504,3.19662642757,10.506928893,0,0,9.07212162018,
MC_G1_D060_DENS_MED_V_LOW_S050,MC_G1_D060_DENS_MED_V_LOW,50,2.27702927589,3.32326046885,10.1166449387,0,0,9.10811710358,
MC_G1_D060_DENS_MED_V_LOW_S050,MC_G1_D060_DENS_MED_V_LOW,50,2.28602814674,3.41464331356,9.10368883165,0,0,9.14411258698,
MC_G1_D060_DENS_MED_V_LOW_S050,MC_G1_D060_DENS_MED_V_LOW,50,2.29502701759,2.71130487723,9.83976386648,0,0,9.18010807037,
MC_G1_D060_DENS_MED_V_LOW_S050,MC_G1_D060_DENS_MED_V_LOW,50,2.30402565002,3.06479752992,8.67900613509,0,0,9.2161026001,
MC_G1_D060_DENS_MED_V_LOW_S050,MC_G1_D060_DENS_MED_V_LOW,50,2.31302452087,3.1311731801,8.30241481035,0,0,9.2520980835,
MC_G1_D060_DENS_MED_V_LOW_S050,MC_G1_D060_DENS_MED_V_LOW,50,2.32202339172,3.43924532441,8.80056182652,0,0,9.28809356689,
MC_G1_D060_DENS_MED_V_LOW_S050,MC_G1_D060_DENS_MED_V_LOW,50,2.33102226257,3.52045453995,8.77342610812,0,0,9.32408905029,
MC_G1_D060_DENS_MED_V_LOW_S050,MC_G1_D060_DENS_MED_V_LOW,50,2.340020895,3.49351813572,8.97424530529,0,0,9.36008358002,
MC_G1_D060_DENS_MED_V_LOW_S050,MC_G1_D060_DENS_MED_V_LOW,50,2.34901976585,3.49091714572,8.54613629816,0,0,9.39607906342,
MC_G1_D060_DENS_MED_V_LOW_S050,MC_G1_D060_DENS_MED_V_LOW,50,2.3580186367,3.72468071748,9.99284073265,0,0,9.43207454681,
MC_G1_D060_DENS_MED_V_LOW_S050,MC_G1_D060_DENS_MED_V_LOW,50,2.36701750755,3.46439369642,8.30826405841,0,0,9.46807003021,
MC_G1_D060_DENS_MED_V_LOW_S050,MC_G1_D060_DENS_MED_V_LOW,50,2.37601613998,3.45548677895,9.76812966686,0,0,9.50406455994,
MC_G1_D060_DENS_MED_V_LOW_S050,MC_G1_D060_DENS_MED_V_LOW,50,2.38501501083,3.77583272935,9.5845116928,0,0,9.54006004333,
MC_G1_D060_DENS_MED_V_LOW_S050,MC_G1_D060_DENS_MED_V_LOW,50,2.39401388168,3.7629657188,10.7104894276,0,0,9.57605552673,
MC_G1_D060_DENS_MED_V_LOW_S050,MC_G1_D060_DENS_MED_V_LOW,50,2.40301251411,3.37554557032,9.19402490535,0,0,9.61205005646,
MC_G1_D060_DENS_MED_V_LOW_S050,MC_G1_D060_DENS_MED_V_LOW,50,2.41201138496,4.06809947188,10.5428768629,0,0,9.64804553986,
MC_G1_D060_DENS_MED_V_LOW_S050,MC_G1_D060_DENS_MED_V_LOW,50,2.42101025581,3.48186969838,8.63704904936,0,0,9.68404102325,
MC_G1_D060_DENS_MED_V_LOW_S050,MC_G1_D060_DENS_MED_V_LOW,50,2.43000912666,3.31521874916,8.92647259832,0,0,9.72003650665,
MC_G1_D060_DENS_MED_V_LOW_S050,MC_G1_D060_DENS_MED_V_LOW,50,2.43900775909,3.89481253347,10.9830577706,0,0,9.75603103638,
MC_G1_D060_DENS_MED_V_LOW_S050,MC_G1_D060_DENS_MED_V_LOW,50,2.44800662994,3.57964201136,9.4195518638,0,0,9.79202651978,
MC_G1_D060_DENS_MED_V_LOW_S050,MC_G1_D060_DENS_MED_V_LOW,50,2.45700550079,3.46392828564,8.38597791936,0,0,9.82802200317,
MC_G1_D060_DENS_MED_V_LOW_S050,MC_G1_D060_DENS_MED_V_LOW,50,2.46600437164,3.51054901848,8.73414179915,0,0,9.86401748657,
MC_G1_D060_DENS_MED_V_LOW_S050,MC_G1_D060_DENS_MED_V_LOW,50,2.47500300407,3.48204304015,8.6541626692,0,0,9.9000120163,
MC_G1_D060_DENS_MED_V_LOW_S050,MC_G1_D060_DENS_MED_V_LOW,50,2.48400187492,3.64882005611,9.36571924853,0,0,9.93600749969,
MC_G1_D060_DENS_MED_V_LOW_S050,MC_G1_D060_DENS_MED_V_LOW,50,2.49300074577,3.94343630276,10.0054278893,0,0,9.97200298309,
MC_G1_D060_DENS_MED_V_LOW_S050,MC_G1_D060_DENS_MED_V_LOW,50,2.50203132629,3.75622330684,9.93462305969,0,0,10.0081253052,
MC_G1_D060_DENS_MED_V_LOW_S050,MC_G1_D060_DENS_MED_V_LOW,50,2.51103019714,3.64486751839,10.3845021052,0,0,10.0441207886,
MC_G1_D060_DENS_MED_V_LOW_S050,MC_G1_D060_DENS_MED_V_LOW,50,2.52002882957,4.07133014798,10.6345310602,0,0,10.0801153183,
MC_G1_D060_DENS_MED_V_LOW_S050,MC_G1_D060_DENS_MED_V_LOW,50,2.52902770042,3.58333291741,10.5824567353,0,0,10.1161108017,
MC_G1_D060_DENS_MED_V_LOW_S050,MC_G1_D060_DENS_MED_V_LOW,50,2.53802657127,3.70636563774,12.0239334542,0,0,10.1521062851,
MC_G1_D060_DENS_MED_V_LOW_S050,MC_G1_D060_DENS_MED_V_LOW,50,2.5470252037,3.83653602379,10.1337841233,0,0,10.1881008148,
MC_G1_D060_DENS_MED_V_LOW_S050,MC_G1_D060_DENS_MED_V_LOW,50,2.55602407455,3.81922343369,10.5889824797,0,0,10.2240962982,
MC_G1_D060_DENS_MED_V_LOW_S050,MC_G1_D060_DENS_MED_V_LOW,50,2.5650229454,3.95800219217,10.2105001245,0,0,10.2600917816,
MC_G1_D060_DENS_MED_V_LOW_S050,MC_G1_D060_DENS_MED_V_LOW,50,2.57402181625,4.05329353759,9.9501471999,0,0,10.296087265,
MC_G1_D060_DENS_MED_V_LOW_S050,MC_G1_D060_DENS_MED_V_LOW,50,2.58302044868,4.00702661192,9.58448165809,0,0,10.3320817947,
MC_G1_D060_DENS_MED_V_LOW_S050,MC_G1_D060_DENS_MED_V_LOW,50,2.59201931953,4.07332303866,9.35124941475,0,0,10.3680772781,
MC_G1_D060_DENS_MED_V_LOW_S050,MC_G1_D060_DENS_MED_V_LOW,50,2.60101819038,3.86395899383,9.06395273048,0,0,10.4040727615,
MC_G1_D060_DENS_MED_V_LOW_S050,MC_G1_D060_DENS_MED_V_LOW,50,2.61001706123,4.34178302697,11.0955462242,0,0,10.4400682449,
MC_G1_D060_DENS_MED_V_LOW_S050,MC_G1_D060_DENS_MED_V_LOW,50,2.61901569366,3.91869656832,11.5293165052,0,0,10.4760627747,
MC_G1_D060_DENS_MED_V_LOW_S050,MC_G1_D060_DENS_MED_V_LOW,50,2.62801456451,3.8725557094,9.82038763615,0,0,10.5120582581,
MC_G1_D060_DENS_MED_V_LOW_S050,MC_G1_D060_DENS_MED_V_LOW,50,2.63701343536,3.86428970316,10.2769127896,0,0,10.5480537415,
MC_G1_D060_DENS_MED_V_LOW_S050,MC_G1_D060_DENS_MED_V_LOW,50,2.64601206779,3.63211232732,11.3844257787,0,0,10.5840482712,
MC_G1_D060_DENS_MED_V_LOW_S050,MC_G1_D060_DENS_MED_V_LOW,50,2.65501093864,4.18081695382,11.2344455199,0,0,10.6200437546,
MC_G1_D060_DENS_MED_V_LOW_S050,MC_G1_D060_DENS_MED_V_LOW,50,2.66400980949,3.88309350739,10.230711325,0,0,10.656039238,
MC_G1_D060_DENS_MED_V_LOW_S050,MC_G1_D060_DENS_MED_V_LOW,50,2.67300868034,4.23827618836,11.0025676196,0,0,10.6920347214,
MC_G1_D060_DENS_MED_V_LOW_S050,MC_G1_D060_DENS_MED_V_LOW,50,2.68200731277,3.98835535046,11.0028454265,0,0,10.7280292511,
MC_G1_D060_DENS_MED_V_LOW_S050,MC_G1_D060_DENS_MED_V_LOW,50,2.69100618362,4.11141980334,10.3173953125,0,0,10.7640247345,
MC_G1_D060_DENS_MED_V_LOW_S050,MC_G1_D060_DENS_MED_V_LOW,50,2.70000505447,4.0996135667,10.4600502935,0,0,10.8000202179,
MC_G1_D060_DENS_MED_V_LOW_S050,MC_G1_D060_DENS_MED_V_LOW,50,2.70900392532,4.21174000286,10.0294302768,0,0,10.8360157013,
MC_G1_D060_DENS_MED_V_LOW_S050,MC_G1_D060_DENS_MED_V_LOW,50,2.71800255775,4.45246099082,10.107233427,0,0,10.872010231,
MC_G1_D060_DENS_MED_V_LOW_S050,MC_G1_D060_DENS_MED_V_LOW,50,2.7270014286,4.39654693732,10.0675516321,0,0,10.9080057144,
MC_G1_D060_DENS_MED_V_LOW_S050,MC_G1_D060_DENS_MED_V_LOW,50,2.73600029945,4.0324726655,10.1970149333,0,0,10.9440011978,
MC_G1_D060_DENS_MED_V_LOW_S050,MC_G1_D060_DENS_MED_V_LOW,50,2.74503087997,4.15689838014,13.5261198389,0,0,10.9801235199,
MC_G1_D060_DENS_MED_V_LOW_S050,MC_G1_D060_DENS_MED_V_LOW,50,2.75402975082,4.07221477385,12.1840918097,0,0,11.0161190033,
MC_G1_D060_DENS_MED_V_LOW_S050,MC_G1_D060_DENS_MED_V_LOW,50,2.76302838326,4.13438942258,11.0076150239,0,0,11.052113533,
MC_G1_D060_DENS_MED_V_LOW_S050,MC_G1_D060_DENS_MED_V_LOW,50,2.7720272541,4.20179238718,12.4217313025,0,0,11.0881090164,
MC_G1_D060_DENS_MED_V_LOW_S050,MC_G1_D060_DENS_MED_V_LOW,50,2.78102612495,4.11858013519,12.5138987596,0,0,11.1241044998,
MC_G1_D060_DENS_MED_V_LOW_S050,MC_G1_D060_DENS_MED_V_LOW,50,2.79002475739,4.35998240162,13.3956590498,0,0,11.1600990295,
MC_G1_D060_DENS_MED_V_LOW_S050,MC_G1_D060_DENS_MED_V_LOW,50,2.79902362823,4.24317940746,11.3289403893,0,0,11.1960945129,
MC_G1_D060_DENS_MED_V_LOW_S050,MC_G1_D060_DENS_MED_V_LOW,50,2.80802249908,4.38423513852,11.7419452339,0,0,11.2320899963,
MC_G1_D060_DENS_MED_V_LOW_S050,MC_G1_D060_DENS_MED_V_LOW,50,2.81702136993,4.39301275122,10.1815521965,0,0,11.2680854797,
MC_G1_D060_DENS_MED_V_LOW_S050,MC_G1_D060_DENS_MED_V_LOW,50,2.82602000237,5.00115223352,10.8982443859,0,0,11.3040800095,
MC_G1_D060_DENS_MED_V_LOW_S050,MC_G1_D060_DENS_MED_V_LOW,50,2.83501887321,4.4493386803,11.0552098273,0,0,11.3400754929,
MC_G1_D060_DENS_MED_V_LOW_S050,MC_G1_D060_DENS_MED_V_LOW,50,2.84401774406,4.89917935084,11.0638298165,0,0,11.3760709763,
MC_G1_D060_DENS_MED_V_LOW_S050,MC_G1_D060_DENS_MED_V_LOW,50,2.8530163765,4.93945119854,11.8731572441,0,0,11.412065506,
MC_G1_D060_DENS_MED_V_LOW_S050,MC_G1_D060_DENS_MED_V_LOW,50,2.86201524734,4.53896133973,12.1271806598,0,0,11.4480609894,
MC_G1_D060_DENS_MED_V_LOW_S050,MC_G1_D060_DENS_MED_V_LOW,50,2.87101411819,4.73894420574,12.2377299519,0,0,11.4840564728,
MC_G1_D060_DENS_MED_V_LOW_S050,MC_G1_D060_DENS_MED_V_LOW,50,2.88001298904,4.64861306849,13.5120179714,0,0,11.5200519562,
MC_G1_D060_DENS_MED_V_LOW_S050,MC_G1_D060_DENS_MED_V_LOW,50,2.88901162148,5.01074194054,14.5650615472,0,0,11.5560464859,
MC_G1_D060_DENS_MED_V_LOW_S050,MC_G1_D060_DENS_MED_V_LOW,50,2.89801049232,4.84043224955,13.2575560597,0,0,11.5920419693,
MC_G1_D060_DENS_MED_V_LOW_S050,MC_G1_D060_DENS_MED_V_LOW,50,2.90700936317,4.22269701594,11.6554785193,0,0,11.6280374527,
MC_G1_D060_DENS_MED_V_LOW_S050,MC_G1_D060_DENS_MED_V_LOW,50,2.91600823402,4.66962822152,12.6542786108,0,0,11.6640329361,
MC_G1_D060_DENS_MED_V_LOW_S050,MC_G1_D060_DENS_MED_V_LOW,50,2.92500686646,4.6405426384,12.3107652921,0,0,11.7000274658,
MC_G1_D060_DENS_MED_V_LOW_S050,MC_G1_D060_DENS_MED_V_LOW,50,2.9340057373,4.99485148689,12.5389757113,0,0,11.7360229492,
MC_G1_D060_DENS_MED_V_LOW_S050,MC_G1_D060_DENS_MED_V_LOW,50,2.94300460815,4.74736131937,11.2473143169,0,0,11.7720184326,
MC_G1_D060_DENS_MED_V_LOW_S050,MC_G1_D060_DENS_MED_V_LOW,50,2.95200324059,4.66328905043,11.1462545719,0,0,11.8080129623,
MC_G1_D060_DENS_MED_V_LOW_S050,MC_G1_D060_DENS_MED_V_LOW,50,2.96100211143,4.56136495384,10.7322363727,0,0,11.8440084457,
MC_G1_D060_DENS_MED_V_LOW_S050,MC_G1_D060_DENS_MED_V_LOW,50,2.97000098228,4.768003453,12.9299208073,0,0,11.8800039291,
MC_G1_D060_DENS_MED_V_LOW_S050,MC_G1_D060_DENS_MED_V_LOW,50,2.97903156281,4.87101422762,12.7173128565,0,0,11.9161262512,
MC_G1_D060_DENS_MED_V_LOW_S050,MC_G1_D060_DENS_MED_V_LOW,50,2.98803043365,4.81101725231,12.8984842876,0,0,11.9521217346,
MC_G1_D060_DENS_MED_V_LOW_S050,MC_G1_D060_DENS_MED_V_LOW,50,2.99702906609,4.79854787008,12.7274792512,0,0,11.9881162643,
MC_G1_D060_DENS_MED_V_LOW_S050,MC_G1_D060_DENS_MED_V_LOW,50,3.00602793694,4.92100098561,13.4159065463,0,0,12.0241117477,
MC_G1_D060_DENS_MED_V_LOW_S050,MC_G1_D060_DENS_MED_V_LOW,50,3.01502680779,4.81598868561,12.715222505,0,0,12.0601072311,
MC_G1_D060_DENS_MED_V_LOW_S050,MC_G1_D060_DENS_MED_V_LOW,50,3.02402544022,4.79048175734,13.4898929245,0,0,12.0961017609,
MC_G1_D060_DENS_MED_V_LOW_S050,MC_G1_D060_DENS_MED_V_LOW,50,3.03302431107,4.6685527686,13.3901868265,0,0,12.1320972443,
MC_G1_D060_DENS_MED_V_LOW_S050,MC_G1_D060_DENS_MED_V_LOW,50,3.04202318192,5.08500518088,13.2186708741,0,0,12.1680927277,
MC_G1_D060_DENS_MED_V_LOW_S050,MC_G1_D060_DENS_MED_V_LOW,50,3.05102205276,4.82792660155,12.5631802407,0,0,12.2040882111,
MC_G1_D060_DENS_MED_V_LOW_S050,MC_G1_D060_DENS_MED_V_LOW,50,3.0600206852,4.87910063193,11.3689596895,0,0,12.2400827408,
MC_G1_D060_DENS_MED_V_LOW_S050,MC_G1_D060_DENS_MED_V_LOW,50,3.06901955605,5.30096182547,12.0709279508,0,0,12.2760782242,
MC_G1_D060_DENS_MED_V_LOW_S050,MC_G1_D060_DENS_MED_V_LOW,50,3.0780184269,5.06855476639,11.7261539978,0,0,12.3120737076,
MC_G1_D060_DENS_MED_V_LOW_S050,MC_G1_D060_DENS_MED_V_LOW,50,3.08701705933,5.16987270645,13.6833173364,0,0,12.3480682373,
MC_G1_D060_DENS_MED_V_LOW_S050,MC_G1_D060_DENS_MED_V_LOW,50,3.09601593018,4.95205700916,12.5097241899,0,0,12.3840637207,
MC_G1_D060_DENS_MED_V_LOW_S050,MC_G1_D060_DENS_MED_V_LOW,50,3.10501480103,5.43820101547,13.5855081198,0,0,12.4200592041,
MC_G1_D060_DENS_MED_V_LOW_S050,MC_G1_D060_DENS_MED_V_LOW,50,3.11401367188,5.0367570214,14.2154434966,0,0,12.4560546875,
MC_G1_D060_DENS_MED_V_LOW_S050,MC_G1_D060_DENS_MED_V_LOW,50,3.12301230431,5.40023506661,15.694562484,0,0,12.4920492172,
MC_G1_D060_DENS_MED_V_LOW_S050,MC_G1_D060_DENS_MED_V_LOW,50,3.13201117516,4.78172702661,13.857164733,0,0,12.5280447006,
MC_G1_D060_DENS_MED_V_LOW_S050,MC_G1_D060_DENS_MED_V_LOW,50,3.14101004601,5.10369543869,14.1838881927,0,0,12.564040184,
MC_G1_D060_DENS_MED_V_LOW_S050,MC_G1_D060_DENS_MED_V_LOW,50,3.15000867844,4.91590219037,13.946362059,0,0,12.6000347137,
MC_G1_D060_DENS_MED_V_LOW_S050,MC_G1_D060_DENS_MED_V_LOW,50,3.15900754929,5.39418947561,14.4416188755,0,0,12.6360301971,
MC_G1_D060_DENS_MED_V_LOW_S050,MC_G1_D060_DENS_MED_V_LOW,50,3.16800642014,5.11837185236,13.7851272022,0,0,12.6720256805,
MC_G1_D060_DENS_MED_V_LOW_S050,MC_G1_D060_DENS_MED_V_LOW,50,3.17700529099,5.23037222178,13.8636663478,0,0,12.7080211639,
MC_G1_D060_DENS_MED_V_LOW_S050,MC_G1_D060_DENS_MED_V_LOW,50,3.18600392342,5.57085344842,12.8917529925,0,0,12.7440156937,
MC_G1_D060_DENS_MED_V_LOW_S050,MC_G1_D060_DENS_MED_V_LOW,50,3.19500279427,5.23194935125,12.2357243828,0,0,12.7800111771,
MC_G1_D060_DENS_MED_V_LOW_S050,MC_G1_D060_DENS_MED_V_LOW,50,3.20400166512,5.22246239726,13.3042377134,0,0,12.8160066605,
MC_G1_D060_DENS_MED_V_LOW_S050,MC_G1_D060_DENS_MED_V_LOW,50,3.21300029755,4.81068826993,12.5889119648,0,0,12.8520011902,
MC_G1_D060_DENS_MED_V_LOW_S050,MC_G1_D060_DENS_MED_V_LOW,50,3.22203087807,5.17608753774,16.6912502197,0,0,12.8881235123,
MC_G1_D060_DENS_MED_V_LOW_S050,MC_G1_D060_DENS_MED_V_LOW,50,3.23102974892,5.12218537128,15.0211498837,0,0,12.9241189957,
MC_G1_D060_DENS_MED_V_LOW_S050,MC_G1_D060_DENS_MED_V_LOW,50,3.24002861977,5.21443643591,14.3632356473,0,0,12.9601144791,
MC_G1_D060_DENS_MED_V_LOW_S050,MC_G1_D060_DENS_MED_V_LOW,50,3.24902749062,5.32137513933,16.0451609155,0,0,12.9961099625,
MC_G1_D060_DENS_MED_V_LOW_S050,MC_G1_D060_DENS_MED_V_LOW,50,3.25802612305,5.02372983701,14.2842886983,0,0,13.0321044922,
MC_G1_D060_DENS_MED_V_LOW_S050,MC_G1_D060_DENS_MED_V_LOW,50,3.2670249939,5.4399776067,14.1487872408,0,0,13.0680999756,
MC_G1_D060_DENS_MED_V_LOW_S050,MC_G1_D060_DENS_MED_V_LOW,50,3.27602386475,5.55732890484,14.4656996914,0,0,13.104095459,
MC_G1_D060_DENS_MED_V_LOW_S050,MC_G1_D060_DENS_MED_V_LOW,50,3.28502249718,5.35410672802,14.2594873009,0,0,13.1400899887,
MC_G1_D060_DENS_MED_V_LOW_S050,MC_G1_D060_DENS_MED_V_LOW,50,3.29402136803,5.55650169979,14.3380322728,0,0,13.1760854721,
MC_G1_D060_DENS_MED_V_LOW_S050,MC_G1_D060_DENS_MED_V_LOW,50,3.30302023888,5.3453545877,12.7538089981,0,0,13.2120809555,
MC_G1_D060_DENS_MED_V_LOW_S050,MC_G1_D060_DENS_MED_V_LOW,50,3.31201910973,5.64357323465,13.6926073893,0,0,13.2480764389,
MC_G1_D060_DENS_MED_V_LOW_S050,MC_G1_D060_DENS_MED_V_LOW,50,3.32101774216,5.43741957437,13.6047762738,0,0,13.2840709686,
MC_G1_D060_DENS_MED_V_LOW_S050,MC_G1_D060_DENS_MED_V_LOW,50,3.33001661301,5.71420558015,13.9127732639,0,0,13.320066452,
MC_G1_D060_DENS_MED_V_LOW_S050,MC_G1_D060_DENS_MED_V_LOW,50,3.33901548386,5.99322970232,14.8814940902,0,0,13.3560619354,
MC_G1_D060_DENS_MED_V_LOW_S050,MC_G1_D060_DENS_MED_V_LOW,50,3.34801411629,5.74499997204,15.138577923,0,0,13.3920564651,
MC_G1_D060_DENS_MED_V_LOW_S050,MC_G1_D060_DENS_MED_V_LOW,50,3.35701298714,5.62985009278,15.8611475725,0,0,13.4280519485,
MC_G1_D060_DENS_MED_V_LOW_S050,MC_G1_D060_DENS_MED_V_LOW,50,3.36601185799,5.8409013596,15.9048173757,0,0,13.4640474319,
MC_G1_D060_DENS_MED_V_LOW_S050,MC_G1_D060_DENS_MED_V_LOW,50,3.37501049042,5.43573019369,14.7229881365,0,0,13.5000419617,
MC_G1_D060_DENS_MED_V_LOW_S050,MC_G1_D060_DENS_MED_V_LOW,50,3.38400936127,5.53798025052,13.7481059366,0,0,13.5360374451,
MC_G1_D060_DENS_MED_V_LOW_S050,MC_G1_D060_DENS_MED_V_LOW,50,3.39300823212,5.47726400401,13.8867325656,0,0,13.5720329285,
MC_G1_D060_DENS_MED_V_LOW_S050,MC_G1_D060_DENS_MED_V_LOW,50,3.40200710297,5.59324713262,15.1423242202,0,0,13.6080284119,
MC_G1_D060_DENS_MED_V_LOW_S050,MC_G1_D060_DENS_MED_V_LOW,50,3.4110057354,5.74198602711,14.9478441242,0,0,13.6440229416,
MC_G1_D060_DENS_MED_V_LOW_S050,MC_G1_D060_DENS_MED_V_LOW,50,3.42000460625,5.736735261,14.3054733245,0,0,13.680018425,
MC_G1_D060_DENS_MED_V_LOW_S050,MC_G1_D060_DENS_MED_V_LOW,50,3.4290034771,5.84008797008,14.0397331847,0,0,13.7160139084,
MC_G1_D060_DENS_MED_V_LOW_S050,MC_G1_D060_DENS_MED_V_LOW,50,3.43800210953,5.98282790098,14.4143088892,0,0,13.7520084381,
MC_G1_D060_DENS_MED_V_LOW_S050,MC_G1_D060_DENS_MED_V_LOW,50,3.44700098038,5.6538753051,13.9032654795,0,0,13.7880039215,
MC_G1_D060_DENS_MED_V_LOW_S050,MC_G1_D060_DENS_MED_V_LOW,50,3.4560315609,5.94366388636,14.8373156231,0,0,13.8241262436,
MC_G1_D060_DENS_MED_V_LOW_S050,MC_G1_D060_DENS_MED_V_LOW,50,3.46503043175,6.01147570439,16.7181692949,0,0,13.860121727,
MC_G1_D060_DENS_MED_V_LOW_S050,MC_G1_D060_DENS_MED_V_LOW,50,3.4740293026,5.79470135292,15.3858666785,0,0,13.8961172104,
MC_G1_D060_DENS_MED_V_LOW_S050,MC_G1_D060_DENS_MED_V_LOW,50,3.48302793503,5.78728500198,16.2090316834,0,0,13.9321117401,
MC_G1_D060_DENS_MED_V_LOW_S050,MC_G1_D060_DENS_MED_V_LOW,50,3.49202680588,5.44314827158,16.1247697163,0,0,13.9681072235,
MC_G1_D060_DENS_MED_V_LOW_S050,MC_G1_D060_DENS_MED_V_LOW,50,3.50102567673,5.81442475358,15.9240134313,0,0,14.0041027069,
MC_G1_D060_DENS_MED_V_LOW_S050,MC_G1_D060_DENS_MED_V_LOW,50,3.51002430916,5.6567938365,15.5059467653,0,0,14.0400972366,
MC_G1_D060_DENS_MED_V_LOW_S050,MC_G1_D060_DENS_MED_V_LOW,50,3.51902318001,5.87279883547,15.7893742624,0,0,14.07609272,
MC_G1_D060_DENS_MED_V_LOW_S050,MC_G1_D060_DENS_MED_V_LOW,50,3.52802205086,5.8751155277,16.1708694105,0,0,14.1120882034,
MC_G1_D060_DENS_MED_V_LOW_S050,MC_G1_D060_DENS_MED_V_LOW,50,3.53702068329,6.10639489388,16.3792006422,0,0,14.1480827332,
MC_G1_D060_DENS_MED_V_LOW_S050,MC_G1_D060_DENS_MED_V_LOW,50,3.54601955414,5.97974531013,15.0203054409,0,0,14.1840782166,
MC_G1_D060_DENS_MED_V_LOW_S050,MC_G1_D060_DENS_MED_V_LOW,50,3.55501842499,6.00027260213,14.4179298151,0,0,14.2200737,
MC_G1_D060_DENS_MED_V_LOW_S050,MC_G1_D060_DENS_MED_V_LOW,50,3.56401705742,6.25416065675,15.8369742687,0,0,14.2560682297,
MC_G1_D060_DENS_MED_V_LOW_S050,MC_G1_D060_DENS_MED_V_LOW,50,3.57301592827,5.99575751317,16.8419050762,0,0,14.2920637131,
MC_G1_D060_DENS_MED_V_LOW_S050,MC_G1_D060_DENS_MED_V_LOW,50,3.58201479912,6.53501922269,16.3169244236,0,0,14.3280591965,
MC_G1_D060_DENS_MED_V_LOW_S050,MC_G1_D060_DENS_MED_V_LOW,50,3.59101366997,6.54461583748,16.5826490961,0,0,14.3640546799,
MC_G1_D060_DENS_MED_V_LOW_S050,MC_G1_D060_DENS_MED_V_LOW,50,3.6000123024,6.46984746671,16.6620259533,0,0,14.4000492096,
MC_G1_D060_DENS_MED_V_LOW_S050,MC_G1_D060_DENS_MED_V_LOW,50,3.60901117325,6.07916965866,17.0150004487,0,0,14.436044693,
MC_G1_D060_DENS_MED_V_LOW_S050,MC_G1_D060_DENS_MED_V_LOW,50,3.6180100441,6.24690620658,16.4655533962,0,0,14.4720401764,
MC_G1_D060_DENS_MED_V_LOW_S050,MC_G1_D060_DENS_MED_V_LOW,50,3.62700867653,5.76352401172,16.3747505996,0,0,14.5080347061,
MC_G1_D060_DENS_MED_V_LOW_S050,MC_G1_D060_DENS_MED_V_LOW,50,3.63600754738,5.83975121645,16.1713174518,0,0,14.5440301895,
MC_G1_D060_DENS_MED_V_LOW_S050,MC_G1_D060_DENS_MED_V_LOW,50,3.64500641823,5.91898804876,16.4314555999,0,0,14.5800256729,
MC_G1_D060_DENS_MED_V_LOW_S050,MC_G1_D060_DENS_MED_V_LOW,50,3.65400505066,6.37867530888,17.5856958302,0,0,14.6160202026,
MC_G1_D060_DENS_MED_V_LOW_S050,MC_G1_D060_DENS_MED_V_LOW,50,3.66300392151,6.48615497678,16.9501007349,0,0,14.652015686,
MC_G1_D060_DENS_MED_V_LOW_S050,MC_G1_D060_DENS_MED_V_LOW,50,3.67200279236,6.38894327224,16.4937066118,0,0,14.6880111694,
MC_G1_D060_DENS_MED_V_LOW_S050,MC_G1_D060_DENS_MED_V_LOW,50,3.68100166321,6.18348772812,16.2626038615,0,0,14.7240066528,
MC_G1_D060_DENS_MED_V_LOW_S050,MC_G1_D060_DENS_MED_V_LOW,50,3.69000029564,6.4383225785,16.6059829147,0,0,14.7600011826,
MC_G1_D060_DENS_MED_V_LOW_S050,MC_G1_D060_DENS_MED_V_LOW,50,3.69903087616,6.54899104417,17.3057829502,0,0,14.7961235046,
MC_G1_D060_DENS_MED_V_LOW_S050,MC_G1_D060_DENS_MED_V_LOW,50,3.70802974701,6.99274856271,17.8292065982,0,0,14.832118988,
MC_G1_D060_DENS_MED_V_LOW_S050,MC_G1_D060_DENS_MED_V_LOW,50,3.71702861786,6.61773713764,18.0716652337,0,0,14.8681144714,
MC_G1_D060_DENS_MED_V_LOW_S050,MC_G1_D060_DENS_MED_V_LOW,50,3.72602725029,6.55957503785,19.2792633276,0,0,14.9041090012,
MC_G1_D060_DENS_MED_V_LOW_S050,MC_G1_D060_DENS_MED_V_LOW,50,3.73502612114,6.64806957264,19.0705886769,0,0,14.9401044846,
MC_G1_D060_DENS_MED_V_LOW_S050,MC_G1_D060_DENS_MED_V_LOW,50,3.74402499199,6.72740570409,19.4762895435,0,0,14.976099968,
MC_G1_D060_DENS_MED_V_LOW_S050,MC_G1_D060_DENS_MED_V_LOW,50,3.75302362442,6.43845339433,19.1658839726,0,0,15.0120944977,
MC_G1_D060_DENS_MED_V_LOW_S050,MC_G1_D060_DENS_MED_V_LOW,50,3.76202249527,6.58492913178,18.5636747605,0,0,15.0480899811,
MC_G1_D060_DENS_MED_V_LOW_S050,MC_G1_D060_DENS_MED_V_LOW,50,3.77102136612,6.44745507772,17.3332157163,0,0,15.0840854645,
MC_G1_D060_DENS_MED_V_LOW_S050,MC_G1_D060_DENS_MED_V_LOW,50,3.78001999855,6.61861917309,18.2609772265,0,0,15.1200799942,
MC_G1_D060_DENS_MED_V_LOW_S050,MC_G1_D060_DENS_MED_V_LOW,50,3.7890188694,6.56580541161,17.0611572806,0,0,15.1560754776,
MC_G1_D060_DENS_MED_V_LOW_S050,MC_G1_D060_DENS_MED_V_LOW,50,3.79801774025,6.61379625678,17.1279589885,0,0,15.192070961,
MC_G1_D060_DENS_MED_V_LOW_S050,MC_G1_D060_DENS_MED_V_LOW,50,3.8070166111,6.96831190653,17.9146918371,0,0,15.2280664444,
MC_G1_D060_DENS_MED_V_LOW_S050,MC_G1_D060_DENS_MED_V_LOW,50,3.81601524353,6.78603839548,17.58436235,0,0,15.2640609741,
MC_G1_D060_DENS_MED_V_LOW_S050,MC_G1_D060_DENS_MED_V_LOW,50,3.82501411438,6.76112337646,18.6784685454,0,0,15.3000564575,
MC_G1_D060_DENS_MED_V_LOW_S050,MC_G1_D060_DENS_MED_V_LOW,50,3.83401298523,6.71121907994,18.680195719,0,0,15.3360519409,
MC_G1_D060_DENS_MED_V_LOW_S050,MC_G1_D060_DENS_MED_V_LOW,50,3.84301161766,7.09782562303,20.2859442534,0,0,15.3720464706,
MC_G1_D060_DENS_MED_V_LOW_S050,MC_G1_D060_DENS_MED_V_LOW,50,3.85201048851,6.34813564089,18.7179930079,0,0,15.408041954,
MC_G1_D060_DENS_MED_V_LOW_S050,MC_G1_D060_DENS_MED_V_LOW,50,3.86100935936,6.8280976278,19.2286272823,0,0,15.4440374374,
MC_G1_D060_DENS_MED_V_LOW_S050,MC_G1_D060_DENS_MED_V_LOW,50,3.87000799179,6.56477960826,19.3972568747,0,0,15.4800319672,
MC_G1_D060_DENS_MED_V_LOW_S050,MC_G1_D060_DENS_MED_V_LOW,50,3.87900686264,6.51428124381,18.6517695636,0,0,15.5160274506,
MC_G1_D060_DENS_MED_V_LOW_S050,MC_G1_D060_DENS_MED_V_LOW,50,3.88800573349,6.76965662693,19.123895596,0,0,15.552022934,
MC_G1_D060_DENS_MED_V_LOW_S050,MC_G1_D060_DENS_MED_V_LOW,50,3.89700436592,6.64653777539,18.5716210285,0,0,15.5880174637,
MC_G1_D060_DENS_MED_V_LOW_S050,MC_G1_D060_DENS_MED_V_LOW,50,3.90600323677,6.85666081107,19.4482612365,0,0,15.6240129471,
MC_G1_D060_DENS_MED_V_LOW_S050,MC_G1_D060_DENS_MED_V_LOW,50,3.91500210762,7.25762860098,19.2461237561,0,0,15.6600084305,
MC_G1_D060_DENS_MED_V_LOW_S050,MC_G1_D060_DENS_MED_V_LOW,50,3.92400097847,6.73117130037,17.9812164568,0,0,15.6960039139,
MC_G1_D060_DENS_MED_V_LOW_S050,MC_G1_D060_DENS_MED_V_LOW,50,3.93303155899,7.19583517461,18.9022069495,0,0,15.732126236,
MC_G1_D060_DENS_MED_V_LOW_S050,MC_G1_D060_DENS_MED_V_LOW,50,3.94203019142,6.87470605617,19.7186350152,0,0,15.7681207657,
MC_G1_D060_DENS_MED_V_LOW_S050,MC_G1_D060_DENS_MED_V_LOW,50,3.95102906227,7.11928891741,19.863838026,0,0,15.8041162491,
MC_G1_D060_DENS_MED_V_LOW_S050,MC_G1_D060_DENS_MED_V_LOW,50,3.96002793312,6.51887274994,20.0496287229,0,0,15.8401117325,
MC_G1_D060_DENS_MED_V_LOW_S050,MC_G1_D060_DENS_MED_V_LOW,50,3.96902656555,6.80004302885,20.8112780129,0,0,15.8761062622,
MC_G1_D060_DENS_MED_V_LOW_S050,MC_G1_D060_DENS_MED_V_LOW,50,3.9780254364,7.09198035726,20.3624174601,0,0,15.9121017456,
MC_G1_D060_DENS_MED_V_LOW_S050,MC_G1_D060_DENS_MED_V_LOW,50,3.98702430725,6.93623612394,18.9918223486,0,0,15.948097229,
MC_G1_D060_DENS_MED_V_LOW_S050,MC_G1_D060_DENS_MED_V_LOW,50,3.99602293968,7.03265343531,20.4980181726,0,0,15.9840917587,
MC_G1_D060_DENS_MED_V_LOW_S050,MC_G1_D060_DENS_MED_V_LOW,50,4.00502204895,7.08701971735,20.422391565,0,0,16.0200881958,
MC_G1_D060_DENS_MED_V_LOW_S050,MC_G1_D060_DENS_MED_V_LOW,50,4.01402044296,7.089050169,20.5746993298,0,0,16.0560817719,
MC_G1_D060_DENS_MED_V_LOW_S050,MC_G1_D060_DENS_MED_V_LOW,50,4.02301931381,7.03177096813,20.6938044551,0,0,16.0920772552,
MC_G1_D060_DENS_MED_V_LOW_S050,MC_G1_D060_DENS_MED_V_LOW,50,4.03201818466,7.26592655564,19.1959452633,0,0,16.1280727386,
MC_G1_D060_DENS_MED_V_LOW_S050,MC_G1_D060_DENS_MED_V_LOW,50,4.04101705551,7.21077581036,18.7606454987,0,0,16.164068222,
MC_G1_D060_DENS_MED_V_LOW_S050,MC_G1_D060_DENS_MED_V_LOW,50,4.05001592636,7.46028952176,21.0843116749,0,0,16.2000637054,
MC_G1_D060_DENS_MED_V_LOW_S050,MC_G1_D060_DENS_MED_V_LOW,50,4.05901479721,7.50590323174,20.6452517831,0,0,16.2360591888,
MC_G1_D060_DENS_MED_V_LOW_S050,MC_G1_D060_DENS_MED_V_LOW,50,4.06801319122,7.31842730895,21.2519894448,0,0,16.2720527649,
MC_G1_D060_DENS_MED_V_LOW_S050,MC_G1_D060_DENS_MED_V_LOW,50,4.07701206207,7.1815654557,19.3686627885,0,0,16.3080482483,
MC_G1_D060_DENS_MED_V_LOW_S050,MC_G1_D060_DENS_MED_V_LOW,50,4.08601093292,7.39178692706,21.6581198792,0,0,16.3440437317,
MC_G1_D060_DENS_MED_V_LOW_S050,MC_G1_D060_DENS_MED_V_LOW,50,4.09500980377,6.9698329104,20.8577798086,0,0,16.3800392151,
MC_G1_D060_DENS_MED_V_LOW_S050,MC_G1_D060_DENS_MED_V_LOW,50,4.10400867462,7.27408117414,21.6608663307,0,0,16.4160346985,
MC_G1_D060_DENS_MED_V_LOW_S050,MC_G1_D060_DENS_MED_V_LOW,50,4.11300754547,6.85398275629,21.2018307179,0,0,16.4520301819,
MC_G1_D060_DENS_MED_V_LOW_S050,MC_G1_D060_DENS_MED_V_LOW,50,4.12200593948,6.60044009001,21.0165370334,0,0,16.4880237579,
MC_G1_D060_DENS_MED_V_LOW_S050,MC_G1_D060_DENS_MED_V_LOW,50,4.13100481033,7.21871585636,21.5474500934,0,0,16.5240192413,
MC_G1_D060_DENS_MED_V_LOW_S050,MC_G1_D060_DENS_MED_V_LOW,50,4.14000368118,7.303611013,21.5250728482,0,0,16.5600147247,
MC_G1_D060_DENS_MED_V_LOW_S050,MC_G1_D060_DENS_MED_V_LOW,50,4.14900255203,7.51009969997,21.2176773398,0,0,16.5960102081,
MC_G1_D060_DENS_MED_V_LOW_S050,MC_G1_D060_DENS_MED_V_LOW,50,4.15800142288,7.44816898174,20.1868282356,0,0,16.6320056915,
MC_G1_D060_DENS_MED_V_LOW_S050,MC_G1_D060_DENS_MED_V_LOW,50,4.16700029373,7.63044940056,21.8046688963,0,0,16.6680011749,
MC_G1_D060_DENS_MED_V_LOW_S050,MC_G1_D060_DENS_MED_V_LOW,50,4.17603063583,7.86401912311,22.5350780041,0,0,16.7041225433,
MC_G1_D060_DENS_MED_V_LOW_S050,MC_G1_D060_DENS_MED_V_LOW,50,4.18502950668,7.58099238192,21.4792560334,0,0,16.7401180267,
MC_G1_D060_DENS_MED_V_LOW_S050,MC_G1_D060_DENS_MED_V_LOW,50,4.19402837753,7.53242042088,21.7191168054,0,0,16.7761135101,
MC_G1_D060_DENS_MED_V_LOW_S050,MC_G1_D060_DENS_MED_V_LOW,50,4.20302724838,7.28116422535,21.3445958651,0,0,16.8121089935,
MC_G1_D060_DENS_MED_V_LOW_S050,MC_G1_D060_DENS_MED_V_LOW,50,4.21202611923,7.50786244705,22.2176827394,0,0,16.8481044769,
MC_G1_D060_DENS_MED_V_LOW_S050,MC_G1_D060_DENS_MED_V_LOW,50,4.22102451324,7.11952550842,20.9933501308,0,0,16.884098053,
MC_G1_D060_DENS_MED_V_LOW_S050,MC_G1_D060_DENS_MED_V_LOW,50,4.23002338409,7.0553273158,22.6384762738,0,0,16.9200935364,
MC_G1_D060_DENS_MED_V_LOW_S050,MC_G1_D060_DENS_MED_V_LOW,50,4.23902225494,7.43973459869,22.5603580867,0,0,16.9560890198,
MC_G1_D060_DENS_MED_V_LOW_S050,MC_G1_D060_DENS_MED_V_LOW,50,4.24802112579,7.09980469817,20.3084138886,0,0,16.9920845032,
MC_G1_D060_DENS_MED_V_LOW_S050,MC_G1_D060_DENS_MED_V_LOW,50,4.25701999664,7.47299463153,21.1225007741,0,0,17.0280799866,
MC_G1_D060_DENS_MED_V_LOW_S050,MC_G1_D060_DENS_MED_V_LOW,50,4.26601886749,7.72839807745,22.5182951151,0,0,17.06407547,
MC_G1_D060_DENS_MED_V_LOW_S050,MC_G1_D060_DENS_MED_V_LOW,50,4.27501726151,7.78115269118,22.6989885441,0,0,17.100069046,
MC_G1_D060_DENS_MED_V_LOW_S050,MC_G1_D060_DENS_MED_V_LOW,50,4.28401613235,7.50058684185,20.565856692,0,0,17.1360645294,
MC_G1_D060_DENS_MED_V_LOW_S050,MC_G1_D060_DENS_MED_V_LOW,50,4.2930150032,7.73472472821,21.8526841596,0,0,17.1720600128,
MC_G1_D060_DENS_MED_V_LOW_S050,MC_G1_D060_DENS_MED_V_LOW,50,4.30201387405,7.97193138989,23.1417451694,0,0,17.2080554962,
MC_G1_D060_DENS_MED_V_LOW_S050,MC_G1_D060_DENS_MED_V_LOW,50,4.3110127449,7.84593286314,21.629838995,0,0,17.2440509796,
MC_G1_D060_DENS_MED_V_LOW_S050,MC_G1_D060_DENS_MED_V_LOW,50,4.32001161575,7.52875930457,22.9218808271,0,0,17.280046463,
MC_G1_D060_DENS_MED_V_LOW_S050,MC_G1_D060_DENS_MED_V_LOW,50,4.32901000977,7.96336403233,23.7966949967,0,0,17.3160400391,
MC_G1_D060_DENS_MED_V_LOW_S050,MC_G1_D060_DENS_MED_V_LOW,50,4.33800888062,7.6397602065,24.0315427254,0,0,17.3520355225,
MC_G1_D060_DENS_MED_V_LOW_S050,MC_G1_D060_DENS_MED_V_LOW,50,4.34700775146,7.52211230613,23.427678983,0,0,17.3880310059,
MC_G1_D060_DENS_MED_V_LOW_S050,MC_G1_D060_DENS_MED_V_LOW,50,4.35600662231,7.56997276721,24.3125653092,0,0,17.4240264893,
MC_G1_D060_DENS_MED_V_LOW_S050,MC_G1_D060_DENS_MED_V_LOW,50,4.36500549316,7.52721282831,22.9344332452,0,0,17.4600219727,
MC_G1_D060_DENS_MED_V_LOW_S050,MC_G1_D060_DENS_MED_V_LOW,50,4.37400436401,7.55059648182,22.3523088706,0,0,17.4960174561,
MC_G1_D060_DENS_MED_V_LOW_S050,MC_G1_D060_DENS_MED_V_LOW,50,4.38300275803,7.72531635006,23.6143276423,0,0,17.5320110321,
MC_G1_D060_DENS_MED_V_LOW_S050,MC_G1_D060_DENS_MED_V_LOW,50,4.39200162888,7.95836108235,23.5179706744,0,0,17.5680065155,
MC_G1_D060_DENS_MED_V_LOW_S050,MC_G1_D060_DENS_MED_V_LOW,50,4.40100049973,7.94674999012,21.9526010748,0,0,17.6040019989,
MC_G1_D060_DENS_MED_V_LOW_S050,MC_G1_D060_DENS_MED_V_LOW,50,4.41003131866,7.75331266473,21.7428707427,0,0,17.6401252747,
MC_G1_D060_DENS_MED_V_LOW_S050,MC_G1_D060_DENS_MED_V_LOW,50,4.41903018951,7.83538124962,23.1601147757,0,0,17.6761207581,
MC_G1_D060_DENS_MED_V_LOW_S050,MC_G1_D060_DENS_MED_V_LOW,50,4.42802858353,8.08959051538,23.3021122572,0,0,17.7121143341,
MC_G1_D060_DENS_MED_V_LOW_S050,MC_G1_D060_DENS_MED_V_LOW,50,4.43702745438,7.80636258549,24.8341416328,0,0,17.7481098175,
MC_G1_D060_DENS_MED_V_LOW_S050,MC_G1_D060_DENS_MED_V_LOW,50,4.44602632523,7.89705551701,23.5361647309,0,0,17.7841053009,
MC_G1_D060_DENS_MED_V_LOW_S050,MC_G1_D060_DENS_MED_V_LOW,50,4.45502519608,7.74368323805,24.1339331233,0,0,17.8201007843,
MC_G1_D060_DENS_MED_V_LOW_S050,MC_G1_D060_DENS_MED_V_LOW,50,4.46402406693,7.86067921795,26.5244836364,0,0,17.8560962677,
MC_G1_D060_DENS_MED_V_LOW_S050,MC_G1_D060_DENS_MED_V_LOW,50,4.47302293777,7.76656694195,26.8526359593,0,0,17.8920917511,
MC_G1_D060_DENS_MED_V_LOW_S050,MC_G1_D060_DENS_MED_V_LOW,50,4.48202133179,7.68739271128,24.782858445,0,0,17.9280853271,
MC_G1_D060_DENS_MED_V_LOW_S050,MC_G1_D060_DENS_MED_V_LOW,50,4.49102020264,7.90043773224,24.1474053768,0,0,17.9640808105,
MC_G1_D060_DENS_MED_V_LOW_S050,MC_G1_D060_DENS_MED_V_LOW,50,4.50001907349,7.96255668711,24.3906575248,0,0,18.0000762939,
MC_G1_D060_DENS_MED_V_LOW_S050,MC_G1_D060_DENS_MED_V_LOW,50,4.50901794434,8.12505153537,24.6063844528,0,0,18.0360717773,
MC_G1_D060_DENS_MED_V_LOW_S050,MC_G1_D060_DENS_MED_V_LOW,50,4.51801681519,8.0674968873,22.5992222504,0,0,18.0720672607,
MC_G1_D060_DENS_MED_V_LOW_S050,MC_G1_D060_DENS_MED_V_LOW,50,4.52701568604,8.18971859265,24.696878878,0,0,18.1080627441,
MC_G1_D060_DENS_MED_V_LOW_S050,MC_G1_D060_DENS_MED_V_LOW,50,4.53601408005,8.2802120624,25.1205216968,0,0,18.1440563202,
MC_G1_D060_DENS_MED_V_LOW_S050,MC_G1_D060_DENS_MED_V_LOW,50,4.5450129509,8.33657425726,25.9273796461,0,0,18.1800518036,
MC_G1_D060_DENS_MED_V_LOW_S050,MC_G1_D060_DENS_MED_V_LOW,50,4.55401182175,8.17596609276,25.6546460858,0,0,18.216047287,
MC_G1_D060_DENS_MED_V_LOW_S050,MC_G1_D060_DENS_MED_V_LOW,50,4.5630106926,8.09432147205,26.1312267699,0,0,18.2520427704,
MC_G1_D060_DENS_MED_V_LOW_S050,MC_G1_D060_DENS_MED_V_LOW,50,4.57200956345,8.0817847391,25.6783307429,0,0,18.2880382538,
MC_G1_D060_DENS_MED_V_LOW_S050,MC_G1_D060_DENS_MED_V_LOW,50,4.5810084343,8.25120635034,26.2447096242,0,0,18.3240337372,
MC_G1_D060_DENS_MED_V_LOW_S050,MC_G1_D060_DENS_MED_V_LOW,50,4.59000682831,8.07627061439,25.0399465956,0,0,18.3600273132,
MC_G1_D060_DENS_MED_V_LOW_S050,MC_G1_D060_DENS_MED_V_LOW,50,4.59900569916,7.87155463303,25.9414858359,0,0,18.3960227966,
MC_G1_D060_DENS_MED_V_LOW_S050,MC_G1_D060_DENS_MED_V_LOW,50,4.60800457001,8.13598912035,26.7430591788,0,0,18.43201828,
MC_G1_D060_DENS_MED_V_LOW_S050,MC_G1_D060_DENS_MED_V_LOW,50,4.61700344086,8.18122290317,26.418903708,0,0,18.4680137634,
MC_G1_D060_DENS_MED_V_LOW_S050,MC_G1_D060_DENS_MED_V_LOW,50,4.62600231171,8.27474715553,24.8491027636,0,0,18.5040092468,
MC_G1_D060_DENS_MED_V_LOW_S050,MC_G1_D060_DENS_MED_V_LOW,50,4.63500118256,8.44993588844,25.2050615905,0,0,18.5400047302,
MC_G1_D060_DENS_MED_V_LOW_S050,MC_G1_D060_DENS_MED_V_LOW,50,4.64403152466,8.15931578478,24.3458824652,0,0,18.5761260986,
MC_G1_D060_DENS_MED_V_LOW_S050,MC_G1_D060_DENS_MED_V_LOW,50,4.65303039551,8.29372538087,26.4576175449,0,0,18.612121582,
MC_G1_D060_DENS_MED_V_LOW_S050,MC_G1_D060_DENS_MED_V_LOW,50,4.66202926636,8.42568703716,25.3654336833,0,0,18.6481170654,
MC_G1_D060_DENS_MED_V_LOW_S050,MC_G1_D060_DENS_MED_V_LOW,50,4.67102813721,8.45757242444,27.3705519389,0,0,18.6841125488,
MC_G1_D060_DENS_MED_V_LOW_S050,MC_G1_D060_DENS_MED_V_LOW,50,4.68002653122,8.29859190246,27.3649599386,0,0,18.7201061249,
MC_G1_D060_DENS_MED_V_LOW_S050,MC_G1_D060_DENS_MED_V_LOW,50,4.68902540207,8.53314684523,28.0525885555,0,0,18.7561016083,
MC_G1_D060_DENS_MED_V_LOW_S050,MC_G1_D060_DENS_MED_V_LOW,50,4.69802427292,8.32131500078,26.8561232756,0,0,18.7920970917,
MC_G1_D060_DENS_MED_V_LOW_S050,MC_G1_D060_DENS_MED_V_LOW,50,4.70702314377,8.06672753479,26.2440768808,0,0,18.8280925751,
MC_G1_D060_DENS_MED_V_LOW_S050,MC_G1_D060_DENS_MED_V_LOW,50,4.71602201462,8.13987905643,26.5699018899,0,0,18.8640880585,
MC_G1_D060_DENS_MED_V_LOW_S050,MC_G1_D060_DENS_MED_V_LOW,50,4.72502040863,8.10574346417,26.9952263644,0,0,18.9000816345,
MC_G1_D060_DENS_MED_V_LOW_S050,MC_G1_D060_DENS_MED_V_LOW,50,4.73401927948,8.12836467293,25.9508178622,0,0,18.9360771179,
MC_G1_D060_DENS_MED_V_LOW_S050,MC_G1_D060_DENS_MED_V_LOW,50,4.74301815033,8.37008901399,26.6230221872,0,0,18.9720726013,
MC_G1_D060_DENS_MED_V_LOW_S050,MC_G1_D060_DENS_MED_V_LOW,50,4.75201702118,8.3143139793,27.6830706472,0,0,19.0080680847,
MC_G1_D060_DENS_MED_V_LOW_S050,MC_G1_D060_DENS_MED_V_LOW,50,4.76101589203,8.69137528412,26.8906164848,0,0,19.0440635681,
MC_G1_D060_DENS_MED_V_LOW_S050,MC_G1_D060_DENS_MED_V_LOW,50,4.77001476288,8.54512922991,25.1375300147,0,0,19.0800590515,
MC_G1_D060_DENS_MED_V_LOW_S050,MC_G1_D060_DENS_MED_V_LOW,50,4.77901315689,8.82692034435,27.9708083668,0,0,19.1160526276,
MC_G1_D060_DENS_MED_V_LOW_S050,MC_G1_D060_DENS_MED_V_LOW,50,4.78801202774,8.75161446299,29.2432955622,0,0,19.152048111,
MC_G1_D060_DENS_MED_V_LOW_S050,MC_G1_D060_DENS_MED_V_LOW,50,4.79701089859,8.66856324831,27.651017688,0,0,19.1880435944,
MC_G1_D060_DENS_MED_V_LOW_S050,MC_G1_D060_DENS_MED_V_LOW,50,4.80600976944,8.48030243053,29.192878076,0,0,19.2240390778,
MC_G1_D060_DENS_MED_V_LOW_S050,MC_G1_D060_DENS_MED_V_LOW,50,4.81500864029,8.4806555901,28.3904529519,0,0,19.2600345612,
MC_G1_D060_DENS_MED_V_LOW_S050,MC_G1_D060_DENS_MED_V_LOW,50,4.82400751114,8.42328140743,28.1605764871,0,0,19.2960300446,
MC_G1_D060_DENS_MED_V_LOW_S050,MC_G1_D060_DENS_MED_V_LOW,50,4.83300590515,8.38604509143,26.9984831861,0,0,19.3320236206,
MC_G1_D060_DENS_MED_V_LOW_S050,MC_G1_D060_DENS_MED_V_LOW,50,4.842004776,8.12657728832,28.1960095596,0,0,19.368019104,
MC_G1_D060_DENS_MED_V_LOW_S050,MC_G1_D060_DENS_MED_V_LOW,50,4.85100364685,8.46497841374,29.5234411592,0,0,19.4040145874,
MC_G1_D060_DENS_MED_V_LOW_S050,MC_G1_D060_DENS_MED_V_LOW,50,4.8600025177,8.40818189306,26.6719254856,0,0,19.4400100708,
MC_G1_D060_DENS_MED_V_LOW_S050,MC_G1_D060_DENS_MED_V_LOW,50,4.86900138855,8.57345625391,26.9645772489,0,0,19.4760055542,
MC_G1_D060_DENS_MED_V_LOW_S050,MC_G1_D060_DENS_MED_V_LOW,50,4.87799978256,8.42915818989,28.3331290319,0,0,19.5119991302,
MC_G1_D060_DENS_MED_V_LOW_S050,MC_G1_D060_DENS_MED_V_LOW,50,4.8870306015,8.72909255338,28.6665749425,0,0,19.548122406,
MC_G1_D060_DENS_MED_V_LOW_S050,MC_G1_D060_DENS_MED_V_LOW,50,4.89602947235,8.85100859005,27.5549220163,0,0,19.5841178894,
MC_G1_D060_DENS_MED_V_LOW_S050,MC_G1_D060_DENS_MED_V_LOW,50,4.9050283432,8.82634440931,29.6451719648,0,0,19.6201133728,
MC_G1_D060_DENS_MED_V_LOW_S050,MC_G1_D060_DENS_MED_V_LOW,50,4.91402673721,9.01280748082,29.7651811958,0,0,19.6561069489,
MC_G1_D060_DENS_MED_V_LOW_S050,MC_G1_D060_DENS_MED_V_LOW,50,4.92302560806,8.77284462025,28.1896633758,0,0,19.6921024323,
MC_G1_D060_DENS_MED_V_LOW_S050,MC_G1_D060_DENS_MED_V_LOW,50,4.93202447891,8.72845876579,28.5150240433,0,0,19.7280979156,
MC_G1_D060_DENS_MED_V_LOW_S050,MC_G1_D060_DENS_MED_V_LOW,50,4.94102334976,8.66021866622,27.4434304196,0,0,19.764093399,
MC_G1_D060_DENS_MED_V_LOW_S050,MC_G1_D060_DENS_MED_V_LOW,50,4.95002222061,8.61953019384,29.1700788572,0,0,19.8000888824,
MC_G1_D060_DENS_MED_V_LOW_S050,MC_G1_D060_DENS_MED_V_LOW,50,4.95902109146,8.62748880447,30.2627347199,0,0,19.8360843658,
MC_G1_D060_DENS_MED_V_LOW_S050,MC_G1_D060_DENS_MED_V_LOW,50,4.96801948547,8.60346704602,28.7762517556,0,0,19.8720779419,
MC_G1_D060_DENS_MED_V_LOW_S050,MC_G1_D060_DENS_MED_V_LOW,50,4.97701835632,8.53539791368,29.3672033736,0,0,19.9080734253,
MC_G1_D060_DENS_MED_V_LOW_S050,MC_G1_D060_DENS_MED_V_LOW,50,4.98601722717,8.71646947334,29.0351518542,0,0,19.9440689087,
MC_G1_D060_DENS_MED_V_LOW_S050,MC_G1_D060_DENS_MED_V_LOW,50,4.99501609802,8.87605960573,28.8792495207,0,0,19.9800643921,
MC_G1_D060_DENS_MED_V_LOW_S050,MC_G1_D060_DENS_MED_V_LOW,50,5.00401496887,8.87255650458,30.254250727,0,0,20.0160598755,
MC_G1_D060_DENS_MED_V_LOW_S050,MC_G1_D060_DENS_MED_V_LOW,50,5.01301336288,8.86300651721,29.1944373615,0,0,20.0520534515,
MC_G1_D060_DENS_MED_V_LOW_S050,MC_G1_D060_DENS_MED_V_LOW,50,5.02201223373,8.95238524613,29.6737778022,0,0,20.0880489349,
MC_G1_D060_DENS_MED_V_LOW_S050,MC_G1_D060_DENS_MED_V_LOW,50,5.03101110458,9.23260484366,29.9708190101,0,0,20.1240444183,
MC_G1_D060_DENS_MED_V_LOW_S050,MC_G1_D060_DENS_MED_V_LOW,50,5.04000997543,9.08741567775,30.0584875668,0,0,20.1600399017,
MC_G1_D060_DENS_MED_V_LOW_S050,MC_G1_D060_DENS_MED_V_LOW,50,5.04900884628,8.90223745083,29.5567906754,0,0,20.1960353851,
MC_G1_D060_DENS_MED_V_LOW_S050,MC_G1_D060_DENS_MED_V_LOW,50,5.05800771713,8.96510330796,29.1015312378,0,0,20.2320308685,
MC_G1_D060_DENS_MED_V_LOW_S050,MC_G1_D060_DENS_MED_V_LOW,50,5.06700611115,8.81772351656,31.0594338386,0,0,20.2680244446,
MC_G1_D060_DENS_MED_V_LOW_S050,MC_G1_D060_DENS_MED_V_LOW,50,5.07600498199,8.69984506948,29.5761241723,0,0,20.304019928,
MC_G1_D060_DENS_MED_V_LOW_S050,MC_G1_D060_DENS_MED_V_LOW,50,5.08500385284,8.72846394661,29.8529752932,0,0,20.3400154114,
MC_G1_D060_DENS_MED_V_LOW_S050,MC_G1_D060_DENS_MED_V_LOW,50,5.09400272369,8.80195567576,30.9859462151,0,0,20.3760108948,
MC_G1_D060_DENS_MED_V_LOW_S050,MC_G1_D060_DENS_MED_V_LOW,50,5.10300159454,8.88106169223,30.0862762549,0,0,20.4120063782,
MC_G1_D060_DENS_MED_V_LOW_S050,MC_G1_D060_DENS_MED_V_LOW,50,5.11199998856,9.11473416782,32.4732522537,0,0,20.4479999542,
MC_G1_D060_DENS_MED_V_LOW_S050,MC_G1_D060_DENS_MED_V_LOW,50,5.1210308075,9.13236278825,30.4295286002,0,0,20.48412323,
MC_G1_D060_DENS_MED_V_LOW_S050,MC_G1_D060_DENS_MED_V_LOW,50,5.13002967834,9.27509537966,30.7978569565,0,0,20.5201187134,
MC_G1_D060_DENS_MED_V_LOW_S050,MC_G1_D060_DENS_MED_V_LOW,50,5.13902854919,9.2436443182,31.6322186308,0,0,20.5561141968,
MC_G1_D060_DENS_MED_V_LOW_S050,MC_G1_D060_DENS_MED_V_LOW,50,5.14802694321,9.07742445679,30.7372652163,0,0,20.5921077728,
MC_G1_D060_DENS_MED_V_LOW_S050,MC_G1_D060_DENS_MED_V_LOW,50,5.15702581406,9.26093014072,31.8311226324,0,0,20.6281032562,
MC_G1_D060_DENS_MED_V_LOW_S050,MC_G1_D060_DENS_MED_V_LOW,50,5.16602468491,9.04539227947,32.2250242378,0,0,20.6640987396,
MC_G1_D060_DENS_MED_V_LOW_S050,MC_G1_D060_DENS_MED_V_LOW,50,5.17502355576,9.23133295113,30.8165704607,0,0,20.700094223,
MC_G1_D060_DENS_MED_V_LOW_S050,MC_G1_D060_DENS_MED_V_LOW,50,5.18402242661,9.09563851045,31.3072842946,0,0,20.7360897064,
MC_G1_D060_DENS_MED_V_LOW_S050,MC_G1_D060_DENS_MED_V_LOW,50,5.19302129745,8.82489550526,32.3671660363,0,0,20.7720851898,
MC_G1_D060_DENS_MED_V_LOW_S050,MC_G1_D060_DENS_MED_V_LOW,50,5.20201969147,8.80104730445,31.6450590208,0,0,20.8080787659,
MC_G1_D060_DENS_MED_V_LOW_S050,MC_G1_D060_DENS_MED_V_LOW,50,5.21101856232,8.92453831192,30.4591543041,0,0,20.8440742493,
MC_G1_D060_DENS_MED_V_LOW_S050,MC_G1_D060_DENS_MED_V_LOW,50,5.22001743317,9.06661984632,30.2045708344,0,0,20.8800697327,
MC_G1_D060_DENS_MED_V_LOW_S050,MC_G1_D060_DENS_MED_V_LOW,50,5.22901630402,8.98236754371,30.5049440092,0,0,20.9160652161,
MC_G1_D060_DENS_MED_V_LOW_S050,MC_G1_D060_DENS_MED_V_LOW,50,5.23801517487,9.18930091815,29.7567023112,0,0,20.9520606995,
MC_G1_D060_DENS_MED_V_LOW_S050,MC_G1_D060_DENS_MED_V_LOW,50,5.24701356888,9.27078234287,30.2638954432,0,0,20.9880542755,
MC_G1_D060_DENS_MED_V_LOW_S050,MC_G1_D060_DENS_MED_V_LOW,50,5.25601243973,9.19320380629,29.5161704461,0,0,21.0240497589,
MC_G1_D060_DENS_MED_V_LOW_S050,MC_G1_D060_DENS_MED_V_LOW,50,5.26501131058,9.6215440532,31.9419528762,0,0,21.0600452423,
MC_G1_D060_DENS_MED_V_LOW_S050,MC_G1_D060_DENS_MED_V_LOW,50,5.27401018143,9.27854926297,31.4723396739,0,0,21.0960407257,
MC_G1_D060_DENS_MED_V_LOW_S050,MC_G1_D060_DENS_MED_V_LOW,50,5.28300905228,9.32732759354,34.0492969131,0,0,21.1320362091,
MC_G1_D060_DENS_MED_V_LOW_S050,MC_G1_D060_DENS_MED_V_LOW,50,5.29200792313,9.39522921254,32.9617043692,0,0,21.1680316925,
MC_G1_D060_DENS_MED_V_LOW_S050,MC_G1_D060_DENS_MED_V_LOW,50,5.30100631714,9.20386508061,30.3642673349,0,0,21.2040252686,
MC_G1_D060_DENS_MED_V_LOW_S050,MC_G1_D060_DENS_MED_V_LOW,50,5.31000518799,9.27405835119,33.2612144458,0,0,21.240020752,
MC_G1_D060_DENS_MED_V_LOW_S050,MC_G1_D060_DENS_MED_V_LOW,50,5.31900405884,9.1154361696,32.4215090126,0,0,21.2760162354,
MC_G1_D060_DENS_MED_V_LOW_S050,MC_G1_D060_DENS_MED_V_LOW,50,5.32800292969,9.04855603659,33.122584201,0,0,21.3120117188,
MC_G1_D060_DENS_MED_V_LOW_S050,MC_G1_D060_DENS_MED_V_LOW,50,5.33700180054,9.04301341734,33.6424338628,0,0,21.3480072021,
MC_G1_D060_DENS_MED_V_LOW_S050,MC_G1_D060_DENS_MED_V_LOW,50,5.34600019455,8.78017721453,32.0508385361,0,0,21.3840007782,
MC_G1_D060_DENS_MED_V_LOW_S050,MC_G1_D060_DENS_MED_V_LOW,50,5.35503101349,9.29426270511,33.5166021791,0,0,21.420124054,
MC_G1_D060_DENS_MED_V_LOW_S050,MC_G1_D060_DENS_MED_V_LOW,50,5.36402988434,9.36608534514,32.6025547991,0,0,21.4561195374,
MC_G1_D060_DENS_MED_V_LOW_S050,MC_G1_D060_DENS_MED_V_LOW,50,5.37302875519,9.23239242984,31.5610488362,0,0,21.4921150208,
MC_G1_D060_DENS_MED_V_LOW_S050,MC_G1_D060_DENS_MED_V_LOW,50,5.3820271492,9.40788769489,33.7713336994,0,0,21.5281085968,
MC_G1_D060_DENS_MED_V_LOW_S050,MC_G1_D060_DENS_MED_V_LOW,50,5.39102602005,9.44849586448,35.2409538516,0,0,21.5641040802,
MC_G1_D060_DENS_MED_V_LOW_S050,MC_G1_D060_DENS_MED_V_LOW,50,5.4000248909,9.34757943835,33.2089169975,0,0,21.6000995636,
MC_G1_D060_DENS_MED_V_LOW_S050,MC_G1_D060_DENS_MED_V_LOW,50,5.40902376175,9.46177863623,33.5897775899,0,0,21.636095047,
MC_G1_D060_DENS_MED_V_LOW_S050,MC_G1_D060_DENS_MED_V_LOW,50,5.4180226326,9.46769427488,34.5349894793,0,0,21.6720905304,
MC_G1_D060_DENS_MED_V_LOW_S050,MC_G1_D060_DENS_MED_V_LOW,50,5.42702102661,9.56951820884,34.1951171819,0,0,21.7080841064,
MC_G1_D060_DENS_MED_V_LOW_S050,MC_G1_D060_DENS_MED_V_LOW,50,5.43601989746,9.17335433889,35.3977128938,0,0,21.7440795898,
MC_G1_D060_DENS_MED_V_LOW_S050,MC_G1_D060_DENS_MED_V_LOW,50,5.44501876831,9.29562180819,33.8622625467,0,0,21.7800750732,
MC_G1_D060_DENS_MED_V_LOW_S050,MC_G1_D060_DENS_MED_V_LOW,50,5.45401763916,9.14512920445,34.5912395719,0,0,21.8160705566,
MC_G1_D060_DENS_MED_V_LOW_S050,MC_G1_D060_DENS_MED_V_LOW,50,5.46301651001,9.59689109758,35.982954626,0,0,21.85206604,
MC_G1_D060_DENS_MED_V_LOW_S050,MC_G1_D060_DENS_MED_V_LOW,50,5.47201490402,9.4085473866,33.4801114443,0,0,21.8880596161,
MC_G1_D060_DENS_MED_V_LOW_S050,MC_G1_D060_DENS_MED_V_LOW,50,5.48101377487,9.62088954231,33.3438028327,0,0,21.9240550995,
MC_G1_D060_DENS_MED_V_LOW_S050,MC_G1_D060_DENS_MED_V_LOW,50,5.49001264572,9.51806398218,34.4090474661,0,0,21.9600505829,
MC_G1_D060_DENS_MED_V_LOW_S050,MC_G1_D060_DENS_MED_V_LOW,50,5.49901151657,9.56376403924,34.756403397,0,0,21.9960460663,
MC_G1_D060_DENS_MED_V_LOW_S050,MC_G1_D060_DENS_MED_V_LOW,50,5.50801038742,9.46815191441,33.5265284891,0,0,22.0320415497,
MC_G1_D060_DENS_MED_V_LOW_S050,MC_G1_D060_DENS_MED_V_LOW,50,5.51700925827,9.76027877467,35.0508291859,0,0,22.0680370331,
MC_G1_D060_DENS_MED_V_LOW_S050,MC_G1_D060_DENS_MED_V_LOW,50,5.52600765228,9.67724828328,35.4759334635,0,0,22.1040306091,
MC_G1_D060_DENS_MED_V_LOW_S050,MC_G1_D060_DENS_MED_V_LOW,50,5.53500652313,9.64735319626,37.1122922467,0,0,22.1400260925,
MC_G1_D060_DENS_MED_V_LOW_S050,MC_G1_D060_DENS_MED_V_LOW,50,5.54400539398,9.84670443335,35.8299832815,0,0,22.1760215759,
MC_G1_D060_DENS_MED_V_LOW_S050,MC_G1_D060_DENS_MED_V_LOW,50,5.55300426483,9.44936019878,35.5584483693,0,0,22.2120170593,
MC_G1_D060_DENS_MED_V_LOW_S050,MC_G1_D060_DENS_MED_V_LOW,50,5.56200313568,9.25417693537,35.4908840271,0,0,22.2480125427,
MC_G1_D060_DENS_MED_V_LOW_S050,MC_G1_D060_DENS_MED_V_LOW,50,5.57100152969,9.28918204275,39.1719978364,0,0,22.2840061188,
MC_G1_D060_DENS_MED_V_LOW_S050,MC_G1_D060_DENS_MED_V_LOW,50,5.58000040054,9.5921307829,34.2532905073,0,0,22.3200016022,
MC_G1_D060_DENS_MED_V_LOW_S050,MC_G1_D060_DENS_MED_V_LOW,50,5.58903121948,9.7453122348,36.9718600648,0,0,22.3561248779,
MC_G1_D060_DENS_MED_V_LOW_S050,MC_G1_D060_DENS_MED_V_LOW,50,5.59803009033,9.66935702338,33.7132847505,0,0,22.3921203613,
MC_G1_D060_DENS_MED_V_LOW_S050,MC_G1_D060_DENS_MED_V_LOW,50,5.60702848434,9.94769684492,36.3441064078,0,0,22.4281139374,
MC_G1_D060_DENS_MED_V_LOW_S050,MC_G1_D060_DENS_MED_V_LOW,50,5.61602735519,9.49693139713,34.5856925815,0,0,22.4641094208,
MC_G1_D060_DENS_MED_V_LOW_S050,MC_G1_D060_DENS_MED_V_LOW,50,5.62502622604,10.2011997915,37.1087263545,0,0,22.5001049042,
MC_G1_D060_DENS_MED_V_LOW_S050,MC_G1_D060_DENS_MED_V_LOW,50,5.63402509689,10.0127844125,37.5841849154,0,0,22.5361003876,
MC_G1_D060_DENS_MED_V_LOW_S050,MC_G1_D060_DENS_MED_V_LOW,50,5.64302396774,9.73725432503,37.0083786783,0,0,22.572095871,
MC_G1_D060_DENS_MED_V_LOW_S050,MC_G1_D060_DENS_MED_V_LOW,50,5.65202236176,9.72477458115,37.5408699009,0,0,22.608089447,
MC_G1_D060_DENS_MED_V_LOW_S050,MC_G1_D060_DENS_MED_V_LOW,50,5.6610212326,9.61837252484,36.0307877139,0,0,22.6440849304,
MC_G1_D060_DENS_MED_V_LOW_S050,MC_G1_D060_DENS_MED_V_LOW,50,5.67002010345,9.58289423545,35.0592155566,0,0,22.6800804138,
MC_G1_D060_DENS_MED_V_LOW_S050,MC_G1_D060_DENS_MED_V_LOW,50,5.6790189743,9.52154376962,34.8098315054,0,0,22.7160758972,
MC_G1_D060_DENS_MED_V_LOW_S050,MC_G1_D060_DENS_MED_V_LOW,50,5.68801784515,9.27598043726,35.466739529,0,0,22.7520713806,
MC_G1_D060_DENS_MED_V_LOW_S050,MC_G1_D060_DENS_MED_V_LOW,50,5.69701623917,9.47969392898,36.4194184635,0,0,22.7880649567,
MC_G1_D060_DENS_MED_V_LOW_S050,MC_G1_D060_DENS_MED_V_LOW,50,5.70601511002,9.67306563059,36.5685595299,0,0,22.8240604401,
MC_G1_D060_DENS_MED_V_LOW_S050,MC_G1_D060_DENS_MED_V_LOW,50,5.71501398087,9.64623154765,37.8505704382,0,0,22.8600559235,
MC_G1_D060_DENS_MED_V_LOW_S050,MC_G1_D060_DENS_MED_V_LOW,50,5.72401285172,9.90539972639,34.6961276588,0,0,22.8960514069,
MC_G1_D060_DENS_MED_V_LOW_S050,MC_G1_D060_DENS_MED_V_LOW,50,5.73301172256,9.94513751738,36.7216086891,0,0,22.9320468903,
MC_G1_D060_DENS_MED_V_LOW_S050,MC_G1_D060_DENS_MED_V_LOW,50,5.74201059341,9.98458000135,37.202266364,0,0,22.9680423737,
MC_G1_D060_DENS_MED_V_LOW_S050,MC_G1_D060_DENS_MED_V_LOW,50,5.75100898743,9.97064617259,37.5851328141,0,0,23.0040359497,
MC_G1_D060_DENS_MED_V_LOW_S050,MC_G1_D060_DENS_MED_V_LOW,50,5.76000785828,10.16137479,38.3746318849,0,0,23.0400314331,
MC_G1_D060_DENS_MED_V_LOW_S050,MC_G1_D060_DENS_MED_V_LOW,50,5.76900672913,9.88632392884,38.8221930655,0,0,23.0760269165,
MC_G1_D060_DENS_MED_V_LOW_S050,MC_G1_D060_DENS_MED_V_LOW,50,5.77800559998,9.82735232515,37.4021682591,0,0,23.1120223999,
MC_G1_D060_DENS_MED_V_LOW_S050,MC_G1_D060_DENS_MED_V_LOW,50,5.78700447083,9.83798251452,37.0422628282,0,0,23.1480178833,
MC_G1_D060_DENS_MED_V_LOW_S050,MC_G1_D060_DENS_MED_V_LOW,50,5.79600286484,9.68437796191,37.7217989163,0,0,23.1840114594,
MC_G1_D060_DENS_MED_V_LOW_S050,MC_G1_D060_DENS_MED_V_LOW,50,5.80500173569,9.59302015785,38.3134972363,0,0,23.2200069427,
MC_G1_D060_DENS_MED_V_LOW_S050,MC_G1_D060_DENS_MED_V_LOW,50,5.81400060654,9.84256840809,38.1298519566,0,0,23.2560024261,
MC_G1_D060_DENS_MED_V_LOW_S050,MC_G1_D060_DENS_MED_V_LOW,50,5.82303094864,9.86629054216,36.7619305545,0,0,23.2921237946,
MC_G1_D060_DENS_MED_V_LOW_S050,MC_G1_D060_DENS_MED_V_LOW,50,5.83202981949,9.79601696879,35.6867581691,0,0,23.328119278,
MC_G1_D060_DENS_MED_V_LOW_S050,MC_G1_D060_DENS_MED_V_LOW,50,5.84102869034,9.96497230578,37.8240302287,0,0,23.3641147614,
MC_G1_D060_DENS_MED_V_LOW_S050,MC_G1_D060_DENS_MED_V_LOW,50,5.85002756119,10.1502481049,38.0701000174,0,0,23.4001102448,
MC_G1_D060_DENS_MED_V_LOW_S050,MC_G1_D060_DENS_MED_V_LOW,50,5.85902643204,9.91870667532,38.4242204898,0,0,23.4361057281,
MC_G1_D060_DENS_MED_V_LOW_S050,MC_G1_D060_DENS_MED_V_LOW,50,5.86802482605,9.84692030106,40.7647003042,0,0,23.4720993042,
MC_G1_D060_DENS_MED_V_LOW_S050,MC_G1_D060_DENS_MED_V_LOW,50,5.8770236969,10.2573495726,37.1437514958,0,0,23.5080947876,
MC_G1_D060_DENS_MED_V_LOW_S050,MC_G1_D060_DENS_MED_V_LOW,50,5.88602256775,9.86650036557,40.3068436177,0,0,23.544090271,
MC_G1_D060_DENS_MED_V_LOW_S050,MC_G1_D060_DENS_MED_V_LOW,50,5.8950214386,10.1029480364,39.2059343913,0,0,23.5800857544,
MC_G1_D060_DENS_MED_V_LOW_S050,MC_G1_D060_DENS_MED_V_LOW,50,5.90402030945,9.86540462109,39.113262175,0,0,23.6160812378,
MC_G1_D060_DENS_MED_V_LOW_S050,MC_G1_D060_DENS_MED_V_LOW,50,5.9130191803,9.86116325238,36.9448250304,0,0,23.6520767212,
MC_G1_D060_DENS_MED_V_LOW_S050,MC_G1_D060_DENS_MED_V_LOW,50,5.92201757431,9.92463008521,38.7733666677,0,0,23.6880702972,
MC_G1_D060_DENS_MED_V_LOW_S050,MC_G1_D060_DENS_MED_V_LOW,50,5.93101644516,9.68531310082,39.4316487306,0,0,23.7240657806,
MC_G1_D060_DENS_MED_V_LOW_S050,MC_G1_D060_DENS_MED_V_LOW,50,5.94001531601,9.85807029987,40.013453911,0,0,23.760061264,
MC_G1_D060_DENS_MED_V_LOW_S050,MC_G1_D060_DENS_MED_V_LOW,50,5.94901418686,9.9831371416,39.4057014144,0,0,23.7960567474,
MC_G1_D060_DENS_MED_V_LOW_S050,MC_G1_D060_DENS_MED_V_LOW,50,5.95801305771,10.1528057055,39.6757590294,0,0,23.8320522308,
MC_G1_D060_DENS_MED_V_LOW_S050,MC_G1_D060_DENS_MED_V_LOW,50,5.96701145172,10.2743340438,42.3047283725,0,0,23.8680458069,
MC_G1_D060_DENS_MED_V_LOW_S050,MC_G1_D060_DENS_MED_V_LOW,50,5.97601032257,10.5009700956,39.1234022824,0,0,23.9040412903,
MC_G1_D060_DENS_MED_V_LOW_S050,MC_G1_D060_DENS_MED_V_LOW,50,5.98500919342,10.2620813927,42.9715011461,0,0,23.9400367737,
MC_G1_D060_DENS_MED_V_LOW_S050,MC_G1_D060_DENS_MED_V_LOW,50,5.99400806427,10.3483015453,41.5537133147,0,0,23.9760322571,
MC_G1_D060_DENS_MED_V_LOW_S050,MC_G1_D060_DENS_MED_V_LOW,50,6.00300693512,9.95018795826,39.522068144,0,0,24.0120277405,
MC_G1_D060_DENS_MED_V_LOW_S050,MC_G1_D060_DENS_MED_V_LOW,50,6.01200532913,10.1204298668,41.6688855608,0,0,24.0480213165,
MC_G1_D060_DENS_MED_V_LOW_S050,MC_G1_D060_DENS_MED_V_LOW,50,6.02100419998,9.78775873378,39.1193905997,0,0,24.0840167999,
MC_G1_D060_DENS_MED_V_LOW_S050,MC_G1_D060_DENS_MED_V_LOW,50,6.03000307083,10.0046461999,37.4255425791,0,0,24.1200122833,
MC_G1_D060_DENS_MED_V_LOW_S050,MC_G1_D060_DENS_MED_V_LOW,50,6.03900194168,9.82572468264,39.2523744726,0,0,24.1560077667,
MC_G1_D060_DENS_MED_V_LOW_S050,MC_G1_D060_DENS_MED_V_LOW,50,6.04800081253,9.90616217113,41.8657827781,0,0,24.1920032501,
MC_G1_D060_DENS_MED_V_LOW_S050,MC_G1_D060_DENS_MED_V_LOW,50,6.05703115463,10.0782337743,41.7874991055,0,0,24.2281246185,
MC_G1_D060_DENS_MED_V_LOW_S050,MC_G1_D060_DENS_MED_V_LOW,50,6.06603002548,10.1081763523,40.8617344475,0,0,24.2641201019,
MC_G1_D060_DENS_MED_V_LOW_S050,MC_G1_D060_DENS_MED_V_LOW,50,6.07502889633,10.2896874186,40.9453973748,0,0,24.3001155853,
MC_G1_D060_DENS_MED_V_LOW_S050,MC_G1_D060_DENS_MED_V_LOW,50,6.08402729034,10.3021006752,37.748024792,0,0,24.3361091614,
MC_G1_D060_DENS_MED_V_LOW_S050,MC_G1_D060_DENS_MED_V_LOW,50,6.09302616119,10.3358485691,41.2246455277,0,0,24.3721046448,
MC_G1_D060_DENS_MED_V_LOW_S050,MC_G1_D060_DENS_MED_V_LOW,50,6.10202503204,10.2559688827,43.5330070328,0,0,24.4081001282,
MC_G1_D060_DENS_MED_V_LOW_S050,MC_G1_D060_DENS_MED_V_LOW,50,6.11102390289,10.3576486171,39.6079079495,0,0,24.4440956116,
MC_G1_D060_DENS_MED_V_LOW_S050,MC_G1_D060_DENS_MED_V_LOW,50,6.12002277374,10.2142071161,41.7491168574,0,0,24.480091095,
MC_G1_D060_DENS_MED_V_LOW_S050,MC_G1_D060_DENS_MED_V_LOW,50,6.12902116776,10.3203786257,41.8214686722,0,0,24.516084671,
MC_G1_D060_DENS_MED_V_LOW_S050,MC_G1_D060_DENS_MED_V_LOW,50,6.1380200386,10.2170885183,42.360660154,0,0,24.5520801544,
MC_G1_D060_DENS_MED_V_LOW_S050,MC_G1_D060_DENS_MED_V_LOW,50,6.14701890945,10.1582585238,40.0860516114,0,0,24.5880756378,
MC_G1_D060_DENS_MED_V_LOW_S050,MC_G1_D060_DENS_MED_V_LOW,50,6.1560177803,10.0671519897,44.8048858586,0,0,24.6240711212,
MC_G1_D060_DENS_MED_V_LOW_S050,MC_G1_D060_DENS_MED_V_LOW,50,6.16501665115,9.83835035309,41.4628406738,0,0,24.6600666046,
MC_G1_D060_DENS_MED_V_LOW_S050,MC_G1_D060_DENS_MED_V_LOW,50,6.17401504517,9.87276743684,43.4990909457,0,0,24.6960601807,
MC_G1_D060_DENS_MED_V_LOW_S050,MC_G1_D060_DENS_MED_V_LOW,50,6.18301391602,10.0971955937,42.9786479113,0,0,24.7320556641,
MC_G1_D060_DENS_MED_V_LOW_S050,MC_G1_D060_DENS_MED_V_LOW,50,6.19201278687,10.1161997232,39.6600138714,0,0,24.7680511475,
MC_G1_D060_DENS_MED_V_LOW_S050,MC_G1_D060_DENS_MED_V_LOW,50,6.20101165771,10.4422644409,40.9530191171,0,0,24.8040466309,
MC_G1_D060_DENS_MED_V_LOW_S050,MC_G1_D060_DENS_MED_V_LOW,50,6.21001052856,10.1193919748,42.6884992989,0,0,24.8400421143,
MC_G1_D060_DENS_MED_V_LOW_S050,MC_G1_D060_DENS_MED_V_LOW,50,6.21900892258,10.3170335397,43.6644398311,0,0,24.8760356903,
MC_G1_D060_DENS_MED_V_LOW_S050,MC_G1_D060_DENS_MED_V_LOW,50,6.22800779343,10.3756252162,45.1354894766,0,0,24.9120311737,
MC_G1_D060_DENS_MED_V_LOW_S050,MC_G1_D060_DENS_MED_V_LOW,50,6.23700666428,10.2715312175,41.3648731558,0,0,24.9480266571,
MC_G1_D060_DENS_MED_V_LOW_S050,MC_G1_D060_DENS_MED_V_LOW,50,6.24600553513,10.5014640009,42.5386276725,0,0,24.9840221405,
MC_G1_D060_DENS_MED_V_LOW_S050,MC_G1_D060_DENS_MED_V_LOW,50,6.25500440598,10.212286757,44.0618603534,0,0,25.0200176239,
MC_G1_D060_DENS_MED_V_LOW_S050,MC_G1_D060_DENS_MED_V_LOW,50,6.26400279999,10.0924594562,43.8823753205,0,0,25.0560112,
MC_G1_D060_DENS_MED_V_LOW_S050,MC_G1_D060_DENS_MED_V_LOW,50,6.27300167084,10.121651678,42.1353959654,0,0,25.0920066833,
MC_G1_D060_DENS_MED_V_LOW_S050,MC_G1_D060_DENS_MED_V_LOW,50,6.28200054169,10.1376163902,43.5190136245,0,0,25.1280021667,
MC_G1_D060_DENS_MED_V_LOW_S050,MC_G1_D060_DENS_MED_V_LOW,50,6.29103136063,10.1589579351,43.3882251899,0,0,25.1641254425,
MC_G1_D060_DENS_MED_V_LOW_S050,MC_G1_D060_DENS_MED_V_LOW,50,6.30002975464,10.254553654,44.952808855,0,0,25.2001190186,
MC_G1_D060_DENS_MED_V_LOW_S050,MC_G1_D060_DENS_MED_V_LOW,50,6.30902862549,10.3313585207,43.0571798757,0,0,25.236114502,
MC_G1_D060_DENS_MED_V_LOW_S050,MC_G1_D060_DENS_MED_V_LOW,50,6.31802749634,10.2658081328,43.6651423042,0,0,25.2721099854,
MC_G1_D060_DENS_MED_V_LOW_S050,MC_G1_D060_DENS_MED_V_LOW,50,6.32702636719,10.3788692761,42.1075332111,0,0,25.3081054688,
MC_G1_D060_DENS_MED_V_LOW_S050,MC_G1_D060_DENS_MED_V_LOW,50,6.33602523804,10.5881469739,44.5539002849,0,0,25.3441009521,
MC_G1_D060_DENS_MED_V_LOW_S050,MC_G1_D060_DENS_MED_V_LOW,50,6.34502363205,10.4006201063,44.2811248534,0,0,25.3800945282,
MC_G1_D060_DENS_MED_V_LOW_S050,MC_G1_D060_DENS_MED_V_LOW,50,6.3540225029,10.4198798231,45.0844581555,0,0,25.4160900116,
MC_G1_D060_DENS_MED_V_LOW_S050,MC_G1_D060_DENS_MED_V_LOW,50,6.36302137375,10.4143579272,45.2473936409,0,0,25.452085495,
MC_G1_D060_DENS_MED_V_LOW_S050,MC_G1_D060_DENS_MED_V_LOW,50,6.3720202446,10.574587028,43.7777455254,0,0,25.4880809784,
MC_G1_D060_DENS_MED_V_LOW_S050,MC_G1_D060_DENS_MED_V_LOW,50,6.38101911545,10.4652690307,46.2784014614,0,0,25.5240764618,
MC_G1_D060_DENS_MED_V_LOW_S050,MC_G1_D060_DENS_MED_V_LOW,50,6.39001750946,10.2114232862,46.0349748325,0,0,25.5600700378,
MC_G1_D060_DENS_MED_V_LOW_S050,MC_G1_D060_DENS_MED_V_LOW,50,6.39901638031,10.1331643346,45.5589653685,0,0,25.5960655212,
MC_G1_D060_DENS_MED_V_LOW_S050,MC_G1_D060_DENS_MED_V_LOW,50,6.40801525116,9.97389195944,45.4102563432,0,0,25.6320610046,
MC_G1_D060_DENS_MED_V_LOW_S050,MC_G1_D060_DENS_MED_V_LOW,50,6.41701412201,10.1890473031,46.5818779808,0,0,25.668056488,
MC_G1_D060_DENS_MED_V_LOW_S050,MC_G1_D060_DENS_MED_V_LOW,50,6.42601299286,10.3486443433,45.7219879615,0,0,25.7040519714,
MC_G1_D060_DENS_MED_V_LOW_S050,MC_G1_D060_DENS_MED_V_LOW,50,6.43501138687,10.467052098,43.5527927233,0,0,25.7400455475,
MC_G1_D060_DENS_MED_V_LOW_S050,MC_G1_D060_DENS_MED_V_LOW,50,6.44401025772,10.2500143879,43.7250097895,0,0,25.7760410309,
MC_G1_D060_DENS_MED_V_LOW_S050,MC_G1_D060_DENS_MED_V_LOW,50,6.45300912857,10.4819771912,47.1327253358,0,0,25.8120365143,
MC_G1_D060_DENS_MED_V_LOW_S050,MC_G1_D060_DENS_MED_V_LOW,50,6.46200799942,10.6446732282,46.9746089316,0,0,25.8480319977,
MC_G1_D060_DENS_MED_V_LOW_S050,MC_G1_D060_DENS_MED_V_LOW,50,6.47100687027,10.5647598665,46.3961358256,0,0,25.8840274811,
MC_G1_D060_DENS_MED_V_LOW_S050,MC_G1_D060_DENS_MED_V_LOW,50,6.48000526428,10.3966723177,48.0469157529,0,0,25.9200210571,
MC_G1_D060_DENS_MED_V_LOW_S050,MC_G1_D060_DENS_MED_V_LOW,50,6.48900413513,10.2925342819,44.539851831,0,0,25.9560165405,
MC_G1_D060_DENS_MED_V_LOW_S050,MC_G1_D060_DENS_MED_V_LOW,50,6.49800300598,10.3985995846,49.8332215061,0,0,25.9920120239,
MC_G1_D060_DENS_MED_V_LOW_S050,MC_G1_D060_DENS_MED_V_LOW,50,6.50700187683,10.3081026609,45.8462172304,0,0,26.0280075073,
MC_G1_D060_DENS_MED_V_LOW_S050,MC_G1_D060_DENS_MED_V_LOW,50,6.51600027084,10.398660891,51.0510011579,0,0,26.0640010834,
MC_G1_D060_DENS_MED_V_LOW_S050,MC_G1_D060_DENS_MED_V_LOW,50,6.52503108978,10.146928923,46.688999988,0,0,26.1001243591,
MC_G1_D060_DENS_MED_V_LOW_S050,MC_G1_D060_DENS_MED_V_LOW,50,6.53402996063,10.3031230247,44.7670701838,0,0,26.1361198425,
MC_G1_D060_DENS_MED_V_LOW_S050,MC_G1_D060_DENS_MED_V_LOW,50,6.54302883148,10.2870426074,47.622334335,0,0,26.1721153259,
MC_G1_D060_DENS_MED_V_LOW_S050,MC_G1_D060_DENS_MED_V_LOW,50,6.55202722549,10.4513352019,47.1214068466,0,0,26.208108902,
MC_G1_D060_DENS_MED_V_LOW_S050,MC_G1_D060_DENS_MED_V_LOW,50,6.56102609634,10.682936211,47.8106623989,0,0,26.2441043854,
MC_G1_D060_DENS_MED_V_LOW_S050,MC_G1_D060_DENS_MED_V_LOW,50,6.57002496719,10.5798593809,47.3007620856,0,0,26.2800998688,
MC_G1_D060_DENS_MED_V_LOW_S050,MC_G1_D060_DENS_MED_V_LOW,50,6.57902383804,10.6636825385,47.2825492203,0,0,26.3160953522,
MC_G1_D060_DENS_MED_V_LOW_S050,MC_G1_D060_DENS_MED_V_LOW,50,6.58802270889,10.5799509088,49.2492513793,0,0,26.3520908356,
MC_G1_D060_DENS_MED_V_LOW_S050,MC_G1_D060_DENS_MED_V_LOW,50,6.59702110291,10.4802053491,45.8510378139,0,0,26.3880844116,
MC_G1_D060_DENS_MED_V_LOW_S050,MC_G1_D060_DENS_MED_V_LOW,50,6.60601997375,10.7147387051,44.5467596312,0,0,26.424079895,
MC_G1_D060_DENS_MED_V_LOW_S050,MC_G1_D060_DENS_MED_V_LOW,50,6.6150188446,10.4165744568,49.8175187237,0,0,26.4600753784,
MC_G1_D060_DENS_MED_V_LOW_S050,MC_G1_D060_DENS_MED_V_LOW,50,6.62401771545,10.4256944357,45.952637039,0,0,26.4960708618,
MC_G1_D060_DENS_MED_V_LOW_S050,MC_G1_D060_DENS_MED_V_LOW,50,6.63301610947,10.4708720929,49.7736318198,0,0,26.5320644379,
MC_G1_D060_DENS_MED_V_LOW_S050,MC_G1_D060_DENS_MED_V_LOW,50,6.64201498032,10.2894948646,47.9126752912,0,0,26.5680599213,
MC_G1_D060_DENS_MED_V_LOW_S050,MC_G1_D060_DENS_MED_V_LOW,50,6.65101385117,10.3385693656,48.6001761779,0,0,26.6040554047,
MC_G1_D060_DENS_MED_V_LOW_S050,MC_G1_D060_DENS_MED_V_LOW,50,6.66001272202,10.4107175342,48.9069283315,0,0,26.6400508881,
MC_G1_D060_DENS_MED_V_LOW_S050,MC_G1_D060_DENS_MED_V_LOW,50,6.66901159286,10.5271064941,48.7735048509,0,0,26.6760463715,
MC_G1_D060_DENS_MED_V_LOW_S050,MC_G1_D060_DENS_MED_V_LOW,50,6.67800998688,10.7465308375,48.9255765396,0,0,26.7120399475,
MC_G1_D060_DENS_MED_V_LOW_S050,MC_G1_D060_DENS_MED_V_LOW,50,6.68700885773,10.2406146444,49.0741848409,0,0,26.7480354309,
MC_G1_D060_DENS_MED_V_LOW_S050,MC_G1_D060_DENS_MED_V_LOW,50,6.69600772858,10.6658368982,47.9729834234,0,0,26.7840309143,
MC_G1_D060_DENS_MED_V_LOW_S050,MC_G1_D060_DENS_MED_V_LOW,50,6.70500659943,10.7063733997,51.6063312143,0,0,26.8200263977,
MC_G1_D060_DENS_MED_V_LOW_S050,MC_G1_D060_DENS_MED_V_LOW,50,6.71400547028,10.5670739683,49.1321349406,0,0,26.8560218811,
MC_G1_D060_DENS_MED_V_LOW_S050,MC_G1_D060_DENS_MED_V_LOW,50,6.72300386429,10.4192494894,48.0127842574,0,0,26.8920154572,
MC_G1_D060_DENS_MED_V_LOW_S050,MC_G1_D060_DENS_MED_V_LOW,50,6.73200273514,10.657037267,49.5009366479,0,0,26.9280109406,
MC_G1_D060_DENS_MED_V_LOW_S050,MC_G1_D060_DENS_MED_V_LOW,50,6.74100160599,10.6176733589,49.2758657445,0,0,26.964006424,
MC_G1_D060_DENS_MED_V_LOW_S050,MC_G1_D060_DENS_MED_V_LOW,50,6.75000047684,10.4405487244,49.4125511974,0,0,27.0000019073,
MC_G1_D060_DENS_MED_V_LOW_S050,MC_G1_D060_DENS_MED_V_LOW,50,6.75903081894,10.3834163135,48.9583427835,0,0,27.0361232758,
MC_G1_D060_DENS_MED_V_LOW_S050,MC_G1_D060_DENS_MED_V_LOW,50,6.76802968979,10.6283415409,48.6752704298,0,0,27.0721187592,
MC_G1_D060_DENS_MED_V_LOW_S050,MC_G1_D060_DENS_MED_V_LOW,50,6.77702856064,10.4061152347,48.7318243904,0,0,27.1081142426,
MC_G1_D060_DENS_MED_V_LOW_S050,MC_G1_D060_DENS_MED_V_LOW,50,6.78602743149,10.5357783316,51.582224673,0,0,27.144109726,
MC_G1_D060_DENS_MED_V_LOW_S050,MC_G1_D060_DENS_MED_V_LOW,50,6.7950258255,10.6672106803,47.9426917211,0,0,27.180103302,
MC_G1_D060_DENS_MED_V_LOW_S050,MC_G1_D060_DENS_MED_V_LOW,50,6.80402469635,10.626298569,50.9865823643,0,0,27.2160987854,
MC_G1_D060_DENS_MED_V_LOW_S050,MC_G1_D060_DENS_MED_V_LOW,50,6.8130235672,10.6935845333,49.1605349394,0,0,27.2520942688,
MC_G1_D060_DENS_MED_V_LOW_S050,MC_G1_D060_DENS_MED_V_LOW,50,6.82202243805,10.5818954451,53.4176933714,0,0,27.2880897522,
MC_G1_D060_DENS_MED_V_LOW_S050,MC_G1_D060_DENS_MED_V_LOW,50,6.8310213089,10.7575314559,50.1568285284,0,0,27.3240852356,
MC_G1_D060_DENS_MED_V_LOW_S050,MC_G1_D060_DENS_MED_V_LOW,50,6.84001970291,10.7164932778,49.1002183054,0,0,27.3600788116,
MC_G1_D060_DENS_MED_V_LOW_S050,MC_G1_D060_DENS_MED_V_LOW,50,6.84901857376,10.7867841206,51.6261208361,0,0,27.396074295,
MC_G1_D060_DENS_MED_V_LOW_S050,MC_G1_D060_DENS_MED_V_LOW,50,6.85801744461,10.6314008181,49.1818569241,0,0,27.4320697784,
MC_G1_D060_DENS_MED_V_LOW_S050,MC_G1_D060_DENS_MED_V_LOW,50,6.86701631546,10.7011658071,54.8700834648,0,0,27.4680652618,
MC_G1_D060_DENS_MED_V_LOW_S050,MC_G1_D060_DENS_MED_V_LOW,50,6.87601518631,10.4821429776,48.4929109671,0,0,27.5040607452,
MC_G1_D060_DENS_MED_V_LOW_S050,MC_G1_D060_DENS_MED_V_LOW,50,6.88501358032,10.2615227271,47.5485358051,0,0,27.5400543213,
MC_G1_D060_DENS_MED_V_LOW_S050,MC_G1_D060_DENS_MED_V_LOW,50,6.89401245117,10.3213275801,54.2808514366,0,0,27.5760498047,
MC_G1_D060_DENS_MED_V_LOW_S050,MC_G1_D060_DENS_MED_V_LOW,50,6.90301132202,10.5104838172,49.8685341769,0,0,27.6120452881,
MC_G1_D060_DENS_MED_V_LOW_S050,MC_G1_D060_DENS_MED_V_LOW,50,6.91201019287,10.8458127134,52.8544977163,0,0,27.6480407715,
MC_G1_D060_DENS_MED_V_LOW_S050,MC_G1_D060_DENS_MED_V_LOW,50,6.92100906372,10.7438532145,49.3158628465,0,0,27.6840362549,
MC_G1_D060_DENS_MED_V_LOW_S050,MC_G1_D060_DENS_MED_V_LOW,50,6.93000745773,10.8810561387,50.5509201013,0,0,27.7200298309,
MC_G1_D060_DENS_MED_V_LOW_S050,MC_G1_D060_DENS_MED_V_LOW,50,6.93900632858,10.8948768528,50.8918341401,0,0,27.7560253143,
MC_G1_D060_DENS_MED_V_LOW_S050,MC_G1_D060_DENS_MED_V_LOW,50,6.94800519943,10.5977867622,50.944367924,0,0,27.7920207977,
MC_G1_D060_DENS_MED_V_LOW_S050,MC_G1_D060_DENS_MED_V_LOW,50,6.95700407028,10.6261137862,53.1222050784,0,0,27.8280162811,
MC_G1_D060_DENS_MED_V_LOW_S050,MC_G1_D060_DENS_MED_V_LOW,50,6.96600246429,10.7275845606,51.9953259533,0,0,27.8640098572,
MC_G1_D060_DENS_MED_V_LOW_S050,MC_G1_D060_DENS_MED_V_LOW,50,6.97500133514,10.9766846695,51.9052734637,0,0,27.9000053406,
MC_G1_D060_DENS_MED_V_LOW_S050,MC_G1_D060_DENS_MED_V_LOW,50,6.98400020599,10.5709561332,54.6072075148,0,0,27.936000824,
MC_G1_D060_DENS_MED_V_LOW_S050,MC_G1_D060_DENS_MED_V_LOW,50,6.99303102493,10.5597016544,53.3694050746,0,0,27.9721240997,
MC_G1_D060_DENS_MED_V_LOW_S050,MC_G1_D060_DENS_MED_V_LOW,50,7.00202941895,10.4031811608,55.788494668,0,0,28.0081176758,
MC_G1_D060_DENS_MED_V_LOW_S050,MC_G1_D060_DENS_MED_V_LOW,50,7.01102828979,10.3592572632,55.342594535,0,0,28.0441131592,
MC_G1_D060_DENS_MED_V_LOW_S050,MC_G1_D060_DENS_MED_V_LOW,50,7.02002716064,10.4498983865,53.0953492075,0,0,28.0801086426,
MC_G1_D060_DENS_MED_V_LOW_S050,MC_G1_D060_DENS_MED_V_LOW,50,7.02902603149,10.6605671357,50.5882900355,0,0,28.116104126,
MC_G1_D060_DENS_MED_V_LOW_S050,MC_G1_D060_DENS_MED_V_LOW,50,7.03802442551,10.5466554736,56.9578448685,0,0,28.152097702,
MC_G1_D060_DENS_MED_V_LOW_S050,MC_G1_D060_DENS_MED_V_LOW,50,7.04702329636,10.9641315306,54.1532541433,0,0,28.1880931854,
MC_G1_D060_DENS_MED_V_LOW_S050,MC_G1_D060_DENS_MED_V_LOW,50,7.05602216721,10.6643206434,56.9790292665,0,0,28.2240886688,
MC_G1_D060_DENS_MED_V_LOW_S050,MC_G1_D060_DENS_MED_V_LOW,50,7.06502103806,10.8959087004,56.3526562805,0,0,28.2600841522,
MC_G1_D060_DENS_MED_V_LOW_S050,MC_G1_D060_DENS_MED_V_LOW,50,7.07401990891,10.8331801352,54.4128864997,0,0,28.2960796356,
MC_G1_D060_DENS_MED_V_LOW_S050,MC_G1_D060_DENS_MED_V_LOW,50,7.08301830292,10.8807314737,54.5650529316,0,0,28.3320732117,
MC_G1_D060_DENS_MED_V_LOW_S050,MC_G1_D060_DENS_MED_V_LOW,50,7.09201717377,10.6544848472,56.081107411,0,0,28.3680686951,
MC_G1_D060_DENS_MED_V_LOW_S050,MC_G1_D060_DENS_MED_V_LOW,50,7.10101604462,10.6181249541,54.8639898587,0,0,28.4040641785,
MC_G1_D060_DENS_MED_V_LOW_S050,MC_G1_D060_DENS_MED_V_LOW,50,7.11001491547,10.5610538497,53.8451628015,0,0,28.4400596619,
MC_G1_D060_DENS_MED_V_LOW_S050,MC_G1_D060_DENS_MED_V_LOW,50,7.11901378632,10.5504823763,54.850181596,0,0,28.4760551453,
MC_G1_D060_DENS_MED_V_LOW_S050,MC_G1_D060_DENS_MED_V_LOW,50,7.12801218033,10.4001892344,54.7142933861,0,0,28.5120487213,
MC_G1_D060_DENS_MED_V_LOW_S050,MC_G1_D060_DENS_MED_V_LOW,50,7.13701105118,10.39488666,55.9869680151,0,0,28.5480442047,
MC_G1_D060_DENS_MED_V_LOW_S050,MC_G1_D060_DENS_MED_V_LOW,50,7.14600992203,11.1361729123,54.3442527778,0,0,28.5840396881,
MC_G1_D060_DENS_MED_V_LOW_S050,MC_G1_D060_DENS_MED_V_LOW,50,7.15500879288,10.5945573813,57.2533178046,0,0,28.6200351715,
MC_G1_D060_DENS_MED_V_LOW_S050,MC_G1_D060_DENS_MED_V_LOW,50,7.16400766373,10.8975216639,54.3254910924,0,0,28.6560306549,
MC_G1_D060_DENS_MED_V_LOW_S050,MC_G1_D060_DENS_MED_V_LOW,50,7.17300605774,10.93040436,59.4931259475,0,0,28.692024231,
MC_G1_D060_DENS_MED_V_LOW_S050,MC_G1_D060_DENS_MED_V_LOW,50,7.18200492859,11.0866330005,55.4140139183,0,0,28.7280197144,
MC_G1_D060_DENS_MED_V_LOW_S050,MC_G1_D060_DENS_MED_V_LOW,50,7.19100379944,10.8274596409,57.0341543168,0,0,28.7640151978,
MC_G1_D060_DENS_MED_V_LOW_S050,MC_G1_D060_DENS_MED_V_LOW,50,7.20000267029,10.824246666,52.7689898394,0,0,28.8000106812,
MC_G1_D060_DENS_MED_V_LOW_S050,MC_G1_D060_DENS_MED_V_LOW,50,7.2090010643,10.7833397355,56.3901210492,0,0,28.8360042572,
MC_G1_D060_DENS_MED_V_LOW_S050,MC_G1_D060_DENS_MED_V_LOW,50,7.21799993515,10.7846211262,59.5860103813,0,0,28.8719997406,
MC_G1_D060_DENS_MED_V_LOW_S050,MC_G1_D060_DENS_MED_V_LOW,50,7.22703075409,10.7699654358,55.4271134587,0,0,28.9081230164,
MC_G1_D060_DENS_MED_V_LOW_S050,MC_G1_D060_DENS_MED_V_LOW,50,7.23602962494,10.5468471642,58.1721083678,0,0,28.9441184998,
MC_G1_D060_DENS_MED_V_LOW_S050,MC_G1_D060_DENS_MED_V_LOW,50,7.24502801895,10.4824261961,55.0449351052,0,0,28.9801120758,
MC_G1_D060_DENS_MED_V_LOW_S050,MC_G1_D060_DENS_MED_V_LOW,50,7.2540268898,10.559136081,56.5181387609,0,0,29.0161075592,
MC_G1_D060_DENS_MED_V_LOW_S050,MC_G1_D060_DENS_MED_V_LOW,50,7.26302576065,10.6803872451,55.1438477206,0,0,29.0521030426,
MC_G1_D060_DENS_MED_V_LOW_S050,MC_G1_D060_DENS_MED_V_LOW,50,7.2720246315,10.4281846856,57.9505716932,0,0,29.088098526,
MC_G1_D060_DENS_MED_V_LOW_S050,MC_G1_D060_DENS_MED_V_LOW,50,7.28102350235,10.3989052532,56.7072140681,0,0,29.1240940094,
MC_G1_D060_DENS_MED_V_LOW_S050,MC_G1_D060_DENS_MED_V_LOW,50,7.29002189636,11.2348840339,58.532335205,0,0,29.1600875854,
MC_G1_D060_DENS_MED_V_LOW_S050,MC_G1_D060_DENS_MED_V_LOW,50,7.29902076721,10.7681564644,57.6332975391,0,0,29.1960830688,
MC_G1_D060_DENS_MED_V_LOW_S050,MC_G1_D060_DENS_MED_V_LOW,50,7.30801963806,10.9236442469,53.7376267488,0,0,29.2320785522,
MC_G1_D060_DENS_MED_V_LOW_S050,MC_G1_D060_DENS_MED_V_LOW,50,7.31701850891,10.7702244771,59.9335125949,0,0,29.2680740356,
MC_G1_D060_DENS_MED_V_LOW_S050,MC_G1_D060_DENS_MED_V_LOW,50,7.32601690292,10.8854589765,59.541842547,0,0,29.3040676117,
MC_G1_D060_DENS_MED_V_LOW_S050,MC_G1_D060_DENS_MED_V_LOW,50,7.33501577377,10.5629344892,60.6361152718,0,0,29.3400630951,
MC_G1_D060_DENS_MED_V_LOW_S050,MC_G1_D060_DENS_MED_V_LOW,50,7.34401464462,10.7973840885,60.2952047006,0,0,29.3760585785,
MC_G1_D060_DENS_MED_V_LOW_S050,MC_G1_D060_DENS_MED_V_LOW,50,7.35301351547,10.6180999134,56.5256478652,0,0,29.4120540619,
MC_G1_D060_DENS_MED_V_LOW_S050,MC_G1_D060_DENS_MED_V_LOW,50,7.36201238632,10.5344917601,57.2414133962,0,0,29.4480495453,
MC_G1_D060_DENS_MED_V_LOW_S050,MC_G1_D060_DENS_MED_V_LOW,50,7.37101078033,10.3161692054,58.3836862056,0,0,29.4840431213,
MC_G1_D060_DENS_MED_V_LOW_S050,MC_G1_D060_DENS_MED_V_LOW,50,7.38000965118,10.492490812,59.0286050831,0,0,29.5200386047,
MC_G1_D060_DENS_MED_V_LOW_S050,MC_G1_D060_DENS_MED_V_LOW,50,7.38900852203,10.6784858824,58.3153624148,0,0,29.5560340881,
MC_G1_D060_DENS_MED_V_LOW_S050,MC_G1_D060_DENS_MED_V_LOW,50,7.39800739288,10.6299001058,58.7683663615,0,0,29.5920295715,
MC_G1_D060_DENS_MED_V_LOW_S050,MC_G1_D060_DENS_MED_V_LOW,50,7.40700626373,11.2004332748,57.3057152443,0,0,29.6280250549,
MC_G1_D060_DENS_MED_V_LOW_S050,MC_G1_D060_DENS_MED_V_LOW,50,7.41600465775,11.0052672808,61.0084895706,0,0,29.664018631,
MC_G1_D060_DENS_MED_V_LOW_S050,MC_G1_D060_DENS_MED_V_LOW,50,7.42500352859,10.8155187028,57.3715867918,0,0,29.7000141144,
MC_G1_D060_DENS_MED_V_LOW_S050,MC_G1_D060_DENS_MED_V_LOW,50,7.43400239944,10.8171662052,58.1663363503,0,0,29.7360095978,
MC_G1_D060_DENS_MED_V_LOW_S050,MC_G1_D060_DENS_MED_V_LOW,50,7.44300127029,10.8649057803,62.7543239969,0,0,29.7720050812,
MC_G1_D060_DENS_MED_V_LOW_S050,MC_G1_D060_DENS_MED_V_LOW,50,7.4520316124,10.5793775641,57.7116434051,0,0,29.8081264496,
MC_G1_D060_DENS_MED_V_LOW_S050,MC_G1_D060_DENS_MED_V_LOW,50,7.46103048325,10.7365283914,62.3441792195,0,0,29.844121933,
MC_G1_D060_DENS_MED_V_LOW_S050,MC_G1_D060_DENS_MED_V_LOW,50,7.4700293541,10.7272529878,57.9745690307,0,0,29.8801174164,
MC_G1_D060_DENS_MED_V_LOW_S050,MC_G1_D060_DENS_MED_V_LOW,50,7.47902822495,10.7673612078,60.3143310788,0,0,29.9161128998,
MC_G1_D060_DENS_MED_V_LOW_S050,MC_G1_D060_DENS_MED_V_LOW,50,7.48802661896,10.1243914709,57.3602263566,0,0,29.9521064758,
MC_G1_D060_DENS_MED_V_LOW_S050,MC_G1_D060_DENS_MED_V_LOW,50,7.49702548981,10.3062824644,59.3527452025,0,0,29.9881019592,
MC_G1_D060_DENS_MED_V_LOW_S050,MC_G1_D060_DENS_MED_V_LOW,50,7.50602436066,10.8597137302,56.3409953539,0,0,30.0240974426,
MC_G1_D060_DENS_MED_V_LOW_S050,MC_G1_D060_DENS_MED_V_LOW,50,7.51502323151,10.6378310853,60.9136456611,0,0,30.060092926,
MC_G1_D060_DENS_MED_V_LOW_S050,MC_G1_D060_DENS_MED_V_LOW,50,7.52402210236,10.841221639,60.3156142419,0,0,30.0960884094,
MC_G1_D060_DENS_MED_V_LOW_S050,MC_G1_D060_DENS_MED_V_LOW,50,7.53302049637,11.2804493896,60.2798615682,0,0,30.1320819855,
MC_G1_D060_DENS_MED_V_LOW_S050,MC_G1_D060_DENS_MED_V_LOW,50,7.54201936722,10.9820217827,61.031401405,0,0,30.1680774689,
MC_G1_D060_DENS_MED_V_LOW_S050,MC_G1_D060_DENS_MED_V_LOW,50,7.55101823807,10.8190995164,60.9994225794,0,0,30.2040729523,
MC_G1_D060_DENS_MED_V_LOW_S050,MC_G1_D060_DENS_MED_V_LOW,50,7.56001710892,10.8505056773,61.9581362633,0,0,30.2400684357,
MC_G1_D060_DENS_MED_V_LOW_S050,MC_G1_D060_DENS_MED_V_LOW,50,7.56901597977,10.8173820729,59.0526213253,0,0,30.2760639191,
MC_G1_D060_DENS_MED_V_LOW_S050,MC_G1_D060_DENS_MED_V_LOW,50,7.57801437378,10.7160468634,62.2557483533,0,0,30.3120574951,
MC_G1_D060_DENS_MED_V_LOW_S050,MC_G1_D060_DENS_MED_V_LOW,50,7.58701324463,10.7720438101,59.858324885,0,0,30.3480529785,
MC_G1_D060_DENS_MED_V_LOW_S050,MC_G1_D060_DENS_MED_V_LOW,50,7.59601211548,11.0299893141,60.2625969893,0,0,30.3840484619,
MC_G1_D060_DENS_MED_V_LOW_S050,MC_G1_D060_DENS_MED_V_LOW,50,7.60501098633,10.9628181914,63.6797149797,0,0,30.4200439453,
MC_G1_D060_DENS_MED_V_LOW_S050,MC_G1_D060_DENS_MED_V_LOW,50,7.61400985718,10.899148443,60.6954012511,0,0,30.4560394287,
MC_G1_D060_DENS_MED_V_LOW_S050,MC_G1_D060_DENS_MED_V_LOW,50,7.62300825119,10.4996092655,60.6713289451,0,0,30.4920330048,
MC_G1_D060_DENS_MED_V_LOW_S050,MC_G1_D060_DENS_MED_V_LOW,50,7.63200712204,10.290104475,64.828660653,0,0,30.5280284882,
MC_G1_D060_DENS_MED_V_LOW_S050,MC_G1_D060_DENS_MED_V_LOW,50,7.64100599289,11.1300344982,65.0066401891,0,0,30.5640239716,
MC_G1_D060_DENS_MED_V_LOW_S050,MC_G1_D060_DENS_MED_V_LOW,50,7.65000486374,10.9716307747,63.6034239521,0,0,30.600019455,
MC_G1_D060_DENS_MED_V_LOW_S050,MC_G1_D060_DENS_MED_V_LOW,50,7.65900373459,11.0430812588,60.8262562767,0,0,30.6360149384,
MC_G1_D060_DENS_MED_V_LOW_S050,MC_G1_D060_DENS_MED_V_LOW,50,7.6680021286,10.9317280608,59.386287657,0,0,30.6720085144,
MC_G1_D060_DENS_MED_V_LOW_S050,MC_G1_D060_DENS_MED_V_LOW,50,7.67700099945,11.3964782821,64.4573255247,0,0,30.7080039978,
MC_G1_D060_DENS_MED_V_LOW_S050,MC_G1_D060_DENS_MED_V_LOW,50,7.68603181839,10.9088374491,66.1209654941,0,0,30.7441272736,
MC_G1_D060_DENS_MED_V_LOW_S050,MC_G1_D060_DENS_MED_V_LOW,50,7.6950302124,10.8666525818,63.3373143216,0,0,30.7801208496,
MC_G1_D060_DENS_MED_V_LOW_S050,MC_G1_D060_DENS_MED_V_LOW,50,7.70402908325,10.7801923843,61.663731124,0,0,30.816116333,
MC_G1_D060_DENS_MED_V_LOW_S050,MC_G1_D060_DENS_MED_V_LOW,50,7.7130279541,10.6137022565,62.603834683,0,0,30.8521118164,
MC_G1_D060_DENS_MED_V_LOW_S050,MC_G1_D060_DENS_MED_V_LOW,50,7.72202682495,10.8401958356,63.5241691634,0,0,30.8881072998,
MC_G1_D060_DENS_MED_V_LOW_S050,MC_G1_D060_DENS_MED_V_LOW,50,7.7310256958,10.5287669485,62.4185180385,0,0,30.9241027832,
MC_G1_D060_DENS_MED_V_LOW_S050,MC_G1_D060_DENS_MED_V_LOW,50,7.74002408981,11.0885507692,61.3075139669,0,0,30.9600963593,
MC_G1_D060_DENS_MED_V_LOW_S050,MC_G1_D060_DENS_MED_V_LOW,50,7.74902296066,10.9831201176,61.9510654107,0,0,30.9960918427,
MC_G1_D060_DENS_MED_V_LOW_S050,MC_G1_D060_DENS_MED_V_LOW,50,7.75802183151,11.3955327816,61.4321078179,0,0,31.032087326,
MC_G1_D060_DENS_MED_V_LOW_S050,MC_G1_D060_DENS_MED_V_LOW,50,7.76702070236,11.1993444381,62.0071415455,0,0,31.0680828094,
MC_G1_D060_DENS_MED_V_LOW_S050,MC_G1_D060_DENS_MED_V_LOW,50,7.77601957321,10.9820977681,61.4965823929,0,0,31.1040782928,
MC_G1_D060_DENS_MED_V_LOW_S050,MC_G1_D060_DENS_MED_V_LOW,50,7.78501796722,10.9831183906,65.6812085712,0,0,31.1400718689,
MC_G1_D060_DENS_MED_V_LOW_S050,MC_G1_D060_DENS_MED_V_LOW,50,7.79401683807,10.8904498378,61.7002748582,0,0,31.1760673523,
MC_G1_D060_DENS_MED_V_LOW_S050,MC_G1_D060_DENS_MED_V_LOW,50,7.80301570892,10.8711616265,61.4454779559,0,0,31.2120628357,
MC_G1_D060_DENS_MED_V_LOW_S050,MC_G1_D060_DENS_MED_V_LOW,50,7.81201457977,10.5881858301,64.0174261927,0,0,31.2480583191,
MC_G1_D060_DENS_MED_V_LOW_S050,MC_G1_D060_DENS_MED_V_LOW,50,7.82101297379,10.7696727192,65.260003445,0,0,31.2840518951,
MC_G1_D060_DENS_MED_V_LOW_S050,MC_G1_D060_DENS_MED_V_LOW,50,7.83001184464,10.793830906,63.991436814,0,0,31.3200473785,
MC_G1_D060_DENS_MED_V_LOW_S050,MC_G1_D060_DENS_MED_V_LOW,50,7.83901071548,10.5029569419,65.6970906534,0,0,31.3560428619,
MC_G1_D060_DENS_MED_V_LOW_S050,MC_G1_D060_DENS_MED_V_LOW,50,7.84800958633,10.5573521503,63.3902132975,0,0,31.3920383453,
MC_G1_D060_DENS_MED_V_LOW_S050,MC_G1_D060_DENS_MED_V_LOW,50,7.85700845718,10.0495570447,67.9220085699,0,0,31.4280338287,
MC_G1_D060_DENS_MED_V_LOW_S050,MC_G1_D060_DENS_MED_V_LOW,50,7.8660068512,11.6569399402,67.007019189,0,0,31.4640274048,
MC_G1_D060_DENS_MED_V_LOW_S050,MC_G1_D060_DENS_MED_V_LOW,50,7.87500572205,11.3238422526,64.0570384964,0,0,31.5000228882,
MC_G1_D060_DENS_MED_V_LOW_S050,MC_G1_D060_DENS_MED_V_LOW,50,7.8840045929,10.6074032368,67.678437753,0,0,31.5360183716,
MC_G1_D060_DENS_MED_V_LOW_S050,MC_G1_D060_DENS_MED_V_LOW,50,7.89300346375,10.7117934061,65.5589651603,0,0,31.572013855,
MC_G1_D060_DENS_MED_V_LOW_S050,MC_G1_D060_DENS_MED_V_LOW,50,7.90200233459,11.1385863133,62.6342097919,0,0,31.6080093384,
MC_G1_D060_DENS_MED_V_LOW_S050,MC_G1_D060_DENS_MED_V_LOW,50,7.91100072861,11.0730393792,63.9003840953,0,0,31.6440029144,
MC_G1_D060_DENS_MED_V_LOW_S050,MC_G1_D060_DENS_MED_V_LOW,50,7.92003154755,10.7266071116,63.0230088137,0,0,31.6801261902,
MC_G1_D060_DENS_MED_V_LOW_S050,MC_G1_D060_DENS_MED_V_LOW,50,7.9290304184,10.7533444858,65.3529911173,0,0,31.7161216736,
MC_G1_D060_DENS_MED_V_LOW_S050,MC_G1_D060_DENS_MED_V_LOW,50,7.93802881241,10.793062417,66.6412847027,0,0,31.7521152496,
MC_G1_D060_DENS_MED_V_LOW_S050,MC_G1_D060_DENS_MED_V_LOW,50,7.94702768326,10.8671775721,63.82452046,0,0,31.788110733,
MC_G1_D060_DENS_MED_V_LOW_S050,MC_G1_D060_DENS_MED_V_LOW,50,7.95602655411,10.9333893787,68.6834866075,0,0,31.8241062164,
MC_G1_D060_DENS_MED_V_LOW_S050,MC_G1_D060_DENS_MED_V_LOW,50,7.96502542496,10.5178293635,67.8209005272,0,0,31.8601016998,
MC_G1_D060_DENS_MED_V_LOW_S050,MC_G1_D060_DENS_MED_V_LOW,50,7.97402429581,11.3982553051,67.459533079,0,0,31.8960971832,
MC_G1_D060_DENS_MED_V_LOW_S050,MC_G1_D060_DENS_MED_V_LOW,50,7.98302268982,10.0745856101,67.4694426147,0,0,31.9320907593,
MC_G1_D060_DENS_MED_V_LOW_S050,MC_G1_D060_DENS_MED_V_LOW,50,7.99202156067,10.4327576271,66.2656323482,0,0,31.9680862427,
MC_G1_D060_DENS_MED_V_LOW_S050,MC_G1_D060_DENS_MED_V_LOW,50,8.00102043152,11.0877028408,67.9774577207,0,0,32.0040817261,
MC_G1_D060_DENS_MED_V_LOW_S050,MC_G1_D060_DENS_MED_V_LOW,50,8.01001930237,11.0878703542,63.6009411939,0,0,32.0400772095,
MC_G1_D060_DENS_MED_V_LOW_S050,MC_G1_D060_DENS_MED_V_LOW,50,8.01901817322,10.5057174582,68.4579231614,0,0,32.0760726929,
MC_G1_D060_DENS_MED_V_LOW_S050,MC_G1_D060_DENS_MED_V_LOW,50,8.02801704407,10.7159233871,66.4729231498,0,0,32.1120681763,
MC_G1_D060_DENS_MED_V_LOW_S050,MC_G1_D060_DENS_MED_V_LOW,50,8.03701591492,10.7808650281,68.2294829109,0,0,32.1480636597,
MC_G1_D060_DENS_MED_V_LOW_S050,MC_G1_D060_DENS_MED_V_LOW,50,8.04601383209,10.8574885659,65.5463498764,0,0,32.1840553284,
MC_G1_D060_DENS_MED_V_LOW_S050,MC_G1_D060_DENS_MED_V_LOW,50,8.05501270294,10.8431333634,65.4239639657,0,0,32.2200508118,
MC_G1_D060_DENS_MED_V_LOW_S050,MC_G1_D060_DENS_MED_V_LOW,50,8.06401157379,10.9954401193,68.9611609567,0,0,32.2560462952,
MC_G1_D060_DENS_MED_V_LOW_S050,MC_G1_D060_DENS_MED_V_LOW,50,8.07301044464,10.7812095529,66.5737112739,0,0,32.2920417786,
MC_G1_D060_DENS_MED_V_LOW_S050,MC_G1_D060_DENS_MED_V_LOW,50,8.08200931549,10.7983580836,68.0857021239,0,0,32.328037262,
MC_G1_D060_DENS_MED_V_LOW_S050,MC_G1_D060_DENS_MED_V_LOW,50,8.09100818634,9.21752000829,69.9284760665,0,0,32.3640327454,
MC_G1_D060_DENS_MED_V_LOW_S050,MC_G1_D060_DENS_MED_V_LOW,50,8.10000705719,12.2849345024,68.6808815636,0,0,32.4000282288,
MC_G1_D060_DENS_MED_V_LOW_S050,MC_G1_D060_DENS_MED_V_LOW,50,8.10900592804,10.3566513083,68.3096288329,0,0,32.4360237122,
MC_G1_D060_DENS_MED_V_LOW_S050,MC_G1_D060_DENS_MED_V_LOW,50,8.11800479889,10.7738536449,69.4439461788,0,0,32.4720191956,
MC_G1_D060_DENS_MED_V_LOW_S050,MC_G1_D060_DENS_MED_V_LOW,50,8.12700366974,12.4877111283,65.6084417868,0,0,32.508014679,
MC_G1_D060_DENS_MED_V_LOW_S050,MC_G1_D060_DENS_MED_V_LOW,50,8.13600158691,10.496635472,74.5998214841,0,0,32.5440063477,
MC_G1_D060_DENS_MED_V_LOW_S050,MC_G1_D060_DENS_MED_V_LOW,50,8.14500045776,10.6288768929,70.0340318128,0,0,32.5800018311,
MC_G1_D060_DENS_MED_V_LOW_S050,MC_G1_D060_DENS_MED_V_LOW,50,8.15403175354,11.2089824995,74.2837518699,0,0,32.6161270142,
MC_G1_D060_DENS_MED_V_LOW_S050,MC_G1_D060_DENS_MED_V_LOW,50,8.16302967072,10.8203834975,68.030789852,0,0,32.6521186829,
MC_G1_D060_DENS_MED_V_LOW_S050,MC_G1_D060_DENS_MED_V_LOW,50,8.17202854156,10.6165810683,67.5525595574,0,0,32.6881141663,
MC_G1_D060_DENS_MED_V_LOW_S050,MC_G1_D060_DENS_MED_V_LOW,50,8.18102741241,10.9334584563,68.2207349835,0,0,32.7241096497,
MC_G1_D060_DENS_MED_V_LOW_S050,MC_G1_D060_DENS_MED_V_LOW,50,8.19002628326,10.8120717273,66.4779392114,0,0,32.7601051331,
MC_G1_D060_DENS_MED_V_LOW_S050,MC_G1_D060_DENS_MED_V_LOW,50,8.19902515411,10.8427240782,71.8677708824,0,0,32.7961006165,
MC_G1_D060_DENS_MED_V_LOW_S050,MC_G1_D060_DENS_MED_V_LOW,50,8.20802402496,10.5824679262,69.044318702,0,0,32.8320960999,
MC_G1_D060_DENS_MED_V_LOW_S050,MC_G1_D060_DENS_MED_V_LOW,50,8.21702289581,9.98296790131,72.2598546025,0,0,32.8680915833,
MC_G1_D060_DENS_MED_V_LOW_S050,MC_G1_D060_DENS_MED_V_LOW,50,8.22602176666,11.3862107505,73.5521525678,0,0,32.9040870667,
MC_G1_D060_DENS_MED_V_LOW_S050,MC_G1_D060_DENS_MED_V_LOW,50,8.23502063751,10.8505022234,71.2434862169,0,0,32.94008255,
MC_G1_D060_DENS_MED_V_LOW_S050,MC_G1_D060_DENS_MED_V_LOW,50,8.24401950836,11.2492400999,69.5077053934,0,0,32.9760780334,
MC_G1_D060_DENS_MED_V_LOW_S050,MC_G1_D060_DENS_MED_V_LOW,50,8.25301742554,11.5883268212,69.1558792131,0,0,33.0120697021,
MC_G1_D060_DENS_MED_V_LOW_S050,MC_G1_D060_DENS_MED_V_LOW,50,8.26201629639,10.9078375499,70.4681887466,0,0,33.0480651855,
MC_G1_D060_DENS_MED_V_LOW_S050,MC_G1_D060_DENS_MED_V_LOW,50,8.27101516724,10.8257059317,71.5498819302,0,0,33.0840606689,
MC_G1_D060_DENS_MED_V_LOW_S050,MC_G1_D060_DENS_MED_V_LOW,50,8.28001403809,11.2384562128,71.5601174352,0,0,33.1200561523,
MC_G1_D060_DENS_MED_V_LOW_S050,MC_G1_D060_DENS_MED_V_LOW,50,8.28901290894,10.9052039639,75.8010655512,0,0,33.1560516357,
MC_G1_D060_DENS_MED_V_LOW_S050,MC_G1_D060_DENS_MED_V_LOW,50,8.29801177979,10.8127668213,69.5965162512,0,0,33.1920471191,
MC_G1_D060_DENS_MED_V_LOW_S050,MC_G1_D060_DENS_MED_V_LOW,50,8.30701065063,10.8000668924,68.001109432,0,0,33.2280426025,
MC_G1_D060_DENS_MED_V_LOW_S050,MC_G1_D060_DENS_MED_V_LOW,50,8.31600952148,10.8941679432,75.626174219,0,0,33.2640380859,
MC_G1_D060_DENS_MED_V_LOW_S050,MC_G1_D060_DENS_MED_V_LOW,50,8.32500839233,10.7491091614,67.6950567694,0,0,33.3000335693,
MC_G1_D060_DENS_MED_V_LOW_S050,MC_G1_D060_DENS_MED_V_LOW,50,8.33400630951,9.65259964501,66.2006544396,0,0,33.336025238,
MC_G1_D060_DENS_MED_V_LOW_S050,MC_G1_D060_DENS_MED_V_LOW,50,8.34300518036,11.3412437802,71.1944917489,0,0,33.3720207214,
MC_G1_D060_DENS_MED_V_LOW_S050,MC_G1_D060_DENS_MED_V_LOW,50,8.35200405121,10.48737043,72.4870614959,0,0,33.4080162048,
MC_G1_D060_DENS_MED_V_LOW_S050,MC_G1_D060_DENS_MED_V_LOW,50,8.36100292206,10.9710807438,75.263004966,0,0,33.4440116882,
MC_G1_D060_DENS_MED_V_LOW_S050,MC_G1_D060_DENS_MED_V_LOW,50,8.37000179291,10.7777029979,73.2545282323,0,0,33.4800071716,
MC_G1_D060_DENS_MED_V_LOW_S050,MC_G1_D060_DENS_MED_V_LOW,50,8.37900066376,11.2743904148,70.6233445665,0,0,33.516002655,
MC_G1_D060_DENS_MED_V_LOW_S050,MC_G1_D060_DENS_MED_V_LOW,50,8.38803100586,10.9410345494,76.3630349236,0,0,33.5521240234,
MC_G1_D060_DENS_MED_V_LOW_S050,MC_G1_D060_DENS_MED_V_LOW,50,8.39702987671,11.2036402055,74.3941406807,0,0,33.5881195068,
MC_G1_D060_DENS_MED_V_LOW_S050,MC_G1_D060_DENS_MED_V_LOW,50,8.40602874756,10.8244262679,73.7308192766,0,0,33.6241149902,
MC_G1_D060_DENS_MED_V_LOW_S050,MC_G1_D060_DENS_MED_V_LOW,50,8.41502761841,11.0864758488,70.07284423,0,0,33.6601104736,
MC_G1_D060_DENS_MED_V_LOW_S050,MC_G1_D060_DENS_MED_V_LOW,50,8.42402648926,11.1112065168,73.2855953487,0,0,33.696105957,
MC_G1_D060_DENS_MED_V_LOW_S050,MC_G1_D060_DENS_MED_V_LOW,50,8.43302536011,10.918476374,70.9237247154,0,0,33.7321014404,
MC_G1_D060_DENS_MED_V_LOW_S050,MC_G1_D060_DENS_MED_V_LOW,50,8.44202423096,10.7262340922,71.628097967,0,0,33.7680969238,
MC_G1_D060_DENS_MED_V_LOW_S050,MC_G1_D060_DENS_MED_V_LOW,50,8.45102214813,11.3341918139,71.2124702696,0,0,33.8040885925,
MC_G1_D060_DENS_MED_V_LOW_S050,MC_G1_D060_DENS_MED_V_LOW,50,8.46002101898,10.1501203112,72.2532528545,0,0,33.8400840759,
MC_G1_D060_DENS_MED_V_LOW_S050,MC_G1_D060_DENS_MED_V_LOW,50,8.46901988983,10.3638293412,72.6263516349,0,0,33.8760795593,
MC_G1_D060_DENS_MED_V_LOW_S050,MC_G1_D060_DENS_MED_V_LOW,50,8.47801876068,10.9591631194,72.939810493,0,0,33.9120750427,
MC_G1_D060_DENS_MED_V_LOW_S050,MC_G1_D060_DENS_MED_V_LOW,50,8.48701763153,11.7482036259,74.9977719925,0,0,33.9480705261,
MC_G1_D060_DENS_MED_V_LOW_S050,MC_G1_D060_DENS_MED_V_LOW,50,8.49601650238,11.0386119338,73.1253562645,0,0,33.9840660095,
MC_G1_D060_DENS_MED_V_LOW_S050,MC_G1_D060_DENS_MED_V_LOW,50,8.50501537323,10.7917024504,72.2539052461,0,0,34.0200614929,
MC_G1_D060_DENS_MED_V_LOW_S050,MC_G1_D060_DENS_MED_V_LOW,50,8.51401424408,10.7921721786,70.9333709489,0,0,34.0560569763,
MC_G1_D060_DENS_MED_V_LOW_S050,MC_G1_D060_DENS_MED_V_LOW,50,8.52301311493,10.6371282201,75.4283082443,0,0,34.0920524597,
MC_G1_D060_DENS_MED_V_LOW_S050,MC_G1_D060_DENS_MED_V_LOW,50,8.53201198578,11.146156362,74.1979759306,0,0,34.1280479431,
MC_G1_D060_DENS_MED_V_LOW_S050,MC_G1_D060_DENS_MED_V_LOW,50,8.54100990295,10.8244720318,73.6354755057,0,0,34.1640396118,
MC_G1_D060_DENS_MED_V_LOW_S050,MC_G1_D060_DENS_MED_V_LOW,50,8.5500087738,10.7874930301,72.6738340821,0,0,34.2000350952,
MC_G1_D060_DENS_MED_V_LOW_S050,MC_G1_D060_DENS_MED_V_LOW,50,8.55900764465,10.7938265887,71.9708724043,0,0,34.2360305786,
MC_G1_D060_DENS_MED_V_LOW_S050,MC_G1_D060_DENS_MED_V_LOW,50,8.5680065155,10.6404370403,76.5087480912,0,0,34.272026062,
MC_G1_D060_DENS_MED_V_LOW_S050,MC_G1_D060_DENS_MED_V_LOW,50,8.57700538635,12.1949686133,77.9102911908,0,0,34.3080215454,
MC_G1_D060_DENS_MED_V_LOW_S050,MC_G1_D060_DENS_MED_V_LOW,50,8.5860042572,10.4225237708,74.8058168181,0,0,34.3440170288,
MC_G1_D060_DENS_MED_V_LOW_S050,MC_G1_D060_DENS_MED_V_LOW,50,8.59500312805,11.5783010614,72.0183233317,0,0,34.3800125122,
MC_G1_D060_DENS_MED_V_LOW_S050,MC_G1_D060_DENS_MED_V_LOW,50,8.6040019989,10.5210000284,73.2328918711,0,0,34.4160079956,
MC_G1_D060_DENS_MED_V_LOW_S050,MC_G1_D060_DENS_MED_V_LOW,50,8.61300086975,10.7742551589,74.7870926522,0,0,34.452003479,
MC_G1_D060_DENS_MED_V_LOW_S050,MC_G1_D060_DENS_MED_V_LOW,50,8.62203121185,11.2883795056,77.5215685175,0,0,34.4881248474,
MC_G1_D060_DENS_MED_V_LOW_S050,MC_G1_D060_DENS_MED_V_LOW,50,8.6310300827,11.0339336489,76.8599882139,0,0,34.5241203308,
MC_G1_D060_DENS_MED_V_LOW_S050,MC_G1_D060_DENS_MED_V_LOW,50,8.64002895355,10.9208595535,74.3708005379,0,0,34.5601158142,
MC_G1_D060_DENS_MED_V_LOW_S050,MC_G1_D060_DENS_MED_V_LOW,50,8.6490278244,11.3166296807,78.4546381893,0,0,34.5961112976,
MC_G1_D060_DENS_MED_V_LOW_S050,MC_G1_D060_DENS_MED_V_LOW,50,8.65802574158,10.9583402317,75.5471374617,0,0,34.6321029663,
MC_G1_D060_DENS_MED_V_LOW_S050,MC_G1_D060_DENS_MED_V_LOW,50,8.66702461243,11.0394598622,76.8277936842,0,0,34.6680984497,
MC_G1_D060_DENS_MED_V_LOW_S050,MC_G1_D060_DENS_MED_V_LOW,50,8.67602348328,10.8137649936,75.5178808816,0,0,34.7040939331,
MC_G1_D060_DENS_MED_V_LOW_S050,MC_G1_D060_DENS_MED_V_LOW,50,8.68502235413,10.9374053815,74.8360560524,0,0,34.7400894165,
MC_G1_D060_DENS_MED_V_LOW_S050,MC_G1_D060_DENS_MED_V_LOW,50,8.69402122498,11.7243329748,77.106185027,0,0,34.7760848999,
MC_G1_D060_DENS_MED_V_LOW_S050,MC_G1_D060_DENS_MED_V_LOW,50,8.70301914215,11.3800231185,78.294948422,0,0,34.8120765686,
MC_G1_D060_DENS_MED_V_LOW_S050,MC_G1_D060_DENS_MED_V_LOW,50,8.712018013,10.363009044,73.5413372752,0,0,34.848072052,
MC_G1_D060_DENS_MED_V_LOW_S050,MC_G1_D060_DENS_MED_V_LOW,50,8.72101688385,10.3691284617,82.1192658298,0,0,34.8840675354,
MC_G1_D060_DENS_MED_V_LOW_S050,MC_G1_D060_DENS_MED_V_LOW,50,8.7300157547,11.007037396,72.773983826,0,0,34.9200630188,
MC_G1_D060_DENS_MED_V_LOW_S050,MC_G1_D060_DENS_MED_V_LOW,50,8.73901462555,10.8742114054,71.896253539,0,0,34.9560585022,
MC_G1_D060_DENS_MED_V_LOW_S050,MC_G1_D060_DENS_MED_V_LOW,50,8.7480134964,11.4430962087,77.6393142906,0,0,34.9920539856,
MC_G1_D060_DENS_MED_V_LOW_S050,MC_G1_D060_DENS_MED_V_LOW,50,8.75701236725,11.2853107303,76.5821519953,0,0,35.028049469,
MC_G1_D060_DENS_MED_V_LOW_S050,MC_G1_D060_DENS_MED_V_LOW,50,8.7660112381,10.8691739166,76.6842007509,0,0,35.0640449524,
MC_G1_D060_DENS_MED_V_LOW_S050,MC_G1_D060_DENS_MED_V_LOW,50,8.77500915527,10.9213784994,83.2814826268,0,0,35.1000366211,
MC_G1_D060_DENS_MED_V_LOW_S050,MC_G1_D060_DENS_MED_V_LOW,50,8.78400802612,11.3405607747,78.9632366003,0,0,35.1360321045,
MC_G1_D060_DENS_MED_V_LOW_S050,MC_G1_D060_DENS_MED_V_LOW,50,8.79300689697,11.2441240353,74.9018007472,0,0,35.1720275879,
MC_G1_D060_DENS_MED_V_LOW_S050,MC_G1_D060_DENS_MED_V_LOW,50,8.80200576782,10.6587918397,75.9249710906,0,0,35.2080230713,
MC_G1_D060_DENS_MED_V_LOW_S050,MC_G1_D060_DENS_MED_V_LOW,50,8.81100463867,10.2048773138,77.9737120354,0,0,35.2440185547,
MC_G1_D060_DENS_MED_V_LOW_S050,MC_G1_D060_DENS_MED_V_LOW,50,8.82000350952,10.0629244366,75.7576329547,0,0,35.2800140381,
MC_G1_D060_DENS_MED_V_LOW_S050,MC_G1_D060_DENS_MED_V_LOW,50,8.82900238037,12.6243942431,79.1434468261,0,0,35.3160095215,
MC_G1_D060_DENS_MED_V_LOW_S050,MC_G1_D060_DENS_MED_V_LOW,50,8.83800125122,11.3445871392,77.9561855824,0,0,35.3520050049,
MC_G1_D060_DENS_MED_V_LOW_S050,MC_G1_D060_DENS_MED_V_LOW,50,8.84703159332,10.9746563765,75.5046691277,0,0,35.3881263733,
MC_G1_D060_DENS_MED_V_LOW_S050,MC_G1_D060_DENS_MED_V_LOW,50,8.85603046417,10.9955722304,80.6919122867,0,0,35.4241218567,
MC_G1_D060_DENS_MED_V_LOW_S050,MC_G1_D060_DENS_MED_V_LOW,50,8.86502933502,11.3082039324,77.5137608371,0,0,35.4601173401,
MC_G1_D060_DENS_MED_V_LOW_S050,MC_G1_D060_DENS_MED_V_LOW,50,8.87402820587,10.6782544722,77.4234656156,0,0,35.4961128235,
MC_G1_D060_DENS_MED_V_LOW_S050,MC_G1_D060_DENS_MED_V_LOW,50,8.88302707672,11.2372015896,79.8523417311,0,0,35.5321083069,
MC_G1_D060_DENS_MED_V_LOW_S050,MC_G1_D060_DENS_MED_V_LOW,50,8.89202594757,11.1175694333,78.2460837859,0,0,35.5681037903,
MC_G1_D060_DENS_MED_V_LOW_S050,MC_G1_D060_DENS_MED_V_LOW,50,8.90102386475,10.9258530053,78.0269669722,0,0,35.604095459,
MC_G1_D060_DENS_MED_V_LOW_S050,MC_G1_D060_DENS_MED_V_LOW,50,8.9100227356,10.9755716556,80.2485135895,0,0,35.6400909424,
MC_G1_D060_DENS_MED_V_LOW_S050,MC_G1_D060_DENS_MED_V_LOW,50,8.91902160645,10.6557826439,80.8513003144,0,0,35.6760864258,
MC_G1_D060_DENS_MED_V_LOW_S050,MC_G1_D060_DENS_MED_V_LOW,50,8.92802047729,10.5359380737,83.6201177769,0,0,35.7120819092,
MC_G1_D060_DENS_MED_V_LOW_S050,MC_G1_D060_DENS_MED_V_LOW,50,8.93701934814,10.8176497488,76.1398754257,0,0,35.7480773926,
MC_G1_D060_DENS_MED_V_LOW_S050,MC_G1_D060_DENS_MED_V_LOW,50,8.94601821899,11.1972099382,78.5115549751,0,0,35.784072876,
MC_G1_D060_DENS_MED_V_LOW_S050,MC_G1_D060_DENS_MED_V_LOW,50,8.95501708984,8.9976647929,75.9410296691,0,0,35.8200683594,
MC_G1_D060_DENS_MED_V_LOW_S050,MC_G1_D060_DENS_MED_V_LOW,50,8.9640045166,11.5361507329,83.6201576407,0,0,35.8560180664,
MC_G1_D060_DENS_MED_V_LOW_S050,MC_G1_D060_DENS_MED_V_LOW,50,8.97300338745,11.8304172739,81.0827815086,0,0,35.8920135498,
MC_G1_D060_DENS_MED_V_LOW_S050,MC_G1_D060_DENS_MED_V_LOW,50,8.9820022583,11.40157276,78.9859236994,0,0,35.9280090332,
MC_G1_D060_DENS_MED_V_LOW_S050,MC_G1_D060_DENS_MED_V_LOW,50,8.99100112915,10.7314028286,75.6973836999,0,0,35.9640045166,
MC_G1_D060_DENS_MED_V_LOW_S050,MC_G1_D060_DENS_MED_V_LOW,50,9,10.9580760097,76.819704023,0,0,36,
