run_id,scenario_id,S,z_m,qb_MPa,qs_kPa,ALLKE,ALLIE,time_s,walltime_h
MC_G0_D045_DENS_REF_V_REF_S007,MC_G0_D045_DENS_REF_V_REF,7,0,0,0,0,0,0,
MC_G0_D045_DENS_REF_V_REF_S007,MC_G0_D045_DENS_REF_V_REF,7,0.00900097377598,0,0,0,0,0.018001947552,
MC_G0_D045_DENS_REF_V_REF_S007,MC_G0_D045_DENS_REF_V_REF,7,0.018013169989,0.0113373382476,1.6926060299e-05,0,0,0.036026339978,
MC_G0_D045_DENS_REF_V_REF_S007,MC_G0_D045_DENS_REF_V_REF,7,0.0270094946027,0.0275264126453,9.40101329801e-06,0,0,0.0540189892054,
MC_G0_D045_DENS_REF_V_REF_S007,MC_G0_D045_DENS_REF_V_REF,7,0.036005821079,0.335432488726,0.000350109546241,0,0,0.072011642158,
MC_G0_D045_DENS_REF_V_REF_S007,MC_G0_D045_DENS_REF_V_REF,7,0.0450021438301,0.684578813031,19.3689053492,0,0,0.0900042876601,
MC_G0_D045_DENS_REF_V_REF_S007,MC_G0_D045_DENS_REF_V_REF,7,0.054016456008,1.01269240309,18.2807287435,0,0,0.108032912016,
MC_G0_D045_DENS_REF_V_REF_S007,MC_G0_D045_DENS_REF_V_REF,7,0.063012778759,1.31326650252,50.425312817,0,0,0.126025557518,
MC_G0_D045_DENS_REF_V_REF_S007,MC_G0_D045_DENS_REF_V_REF,7,0.07200910151,1.25523329973,33.6156773967,0,0,0.14401820302,
MC_G0_D045_DENS_REF_V_REF_S007,MC_G0_D045_DENS_REF_V_REF,7,0.0810054168105,0.643473092362,32.8032434108,0,0,0.162010833621,
MC_G0_D045_DENS_REF_V_REF_S007,MC_G0_D045_DENS_REF_V_REF,7,0.0900017246604,1.0530167786,38.5080747381,0,0,0.180003449321,
MC_G0_D045_DENS_REF_V_REF_S007,MC_G0_D045_DENS_REF_V_REF,7,0.0990160182118,0.83603615354,0.000563981765809,0,0,0.198032036424,
MC_G0_D045_DENS_REF_V_REF_S007,MC_G0_D045_DENS_REF_V_REF,7,0.108012318611,0.441432047694,0.00020939820143,0,0,0.216024637222,
MC_G0_D045_DENS_REF_V_REF_S007,MC_G0_D045_DENS_REF_V_REF,7,0.11700861901,0.252067330435,8.13638126517e-05,0,0,0.234017238021,
MC_G0_D045_DENS_REF_V_REF_S007,MC_G0_D045_DENS_REF_V_REF,7,0.12600491941,0.238778826195,5.23871354655e-05,0,0,0.25200983882,
MC_G0_D045_DENS_REF_V_REF_S007,MC_G0_D045_DENS_REF_V_REF,7,0.13500122726,0.178485500505,4.13144319409e-05,0,0,0.270002454519,
MC_G0_D045_DENS_REF_V_REF_S007,MC_G0_D045_DENS_REF_V_REF,7,0.144015520811,0.183520494847,5.25486602436e-05,0,0,0.288031041622,
MC_G0_D045_DENS_REF_V_REF_S007,MC_G0_D045_DENS_REF_V_REF,7,0.153011843562,0.324043428426,0.000110116050297,0,0,0.306023687124,
MC_G0_D045_DENS_REF_V_REF_S007,MC_G0_D045_DENS_REF_V_REF,7,0.162008151412,0.406523601073,0.262841929176,0,0,0.324016302824,
MC_G0_D045_DENS_REF_V_REF_S007,MC_G0_D045_DENS_REF_V_REF,7,0.171004459262,0.613719470645,4.75366600111,0,0,0.342008918524,
MC_G0_D045_DENS_REF_V_REF_S007,MC_G0_D045_DENS_REF_V_REF,7,0.180000767112,0.846583545651,9.72187650129,0,0,0.360001534224,
MC_G0_D045_DENS_REF_V_REF_S007,MC_G0_D045_DENS_REF_V_REF,7,0.189015075564,1.00018733073,11.2435959816,0,0,0.378030151129,
MC_G0_D045_DENS_REF_V_REF_S007,MC_G0_D045_DENS_REF_V_REF,7,0.198011368513,1.09777354175,8.99606231946,0,0,0.396022737026,
MC_G0_D045_DENS_REF_V_REF_S007,MC_G0_D045_DENS_REF_V_REF,7,0.207007676363,1.060163151,14.0312521398,0,0,0.414015352726,
MC_G0_D045_DENS_REF_V_REF_S007,MC_G0_D045_DENS_REF_V_REF,7,0.216003984213,0.788765251157,6.01746797414,0,0,0.432007968426,
MC_G0_D045_DENS_REF_V_REF_S007,MC_G0_D045_DENS_REF_V_REF,7,0.225000292063,0.873833629642,6.88103207388,0,0,0.450000584126,
MC_G0_D045_DENS_REF_V_REF_S007,MC_G0_D045_DENS_REF_V_REF,7,0.234014600515,0.714966893924,2.4396782648,0,0,0.468029201031,
MC_G0_D045_DENS_REF_V_REF_S007,MC_G0_D045_DENS_REF_V_REF,7,0.243010908365,0.505480140303,0.208136251604,0,0,0.48602181673,
MC_G0_D045_DENS_REF_V_REF_S007,MC_G0_D045_DENS_REF_V_REF,7,0.252007216215,0.457796546834,0.000161447709952,0,0,0.50401443243,
MC_G0_D045_DENS_REF_V_REF_S007,MC_G0_D045_DENS_REF_V_REF,7,0.261003524065,0.479722805492,8.95746332881e-05,0,0,0.52200704813,
MC_G0_D045_DENS_REF_V_REF_S007,MC_G0_D045_DENS_REF_V_REF,7,0.270017832518,0.503698991867,0.000110775592672,0,0,0.540035665035,
MC_G0_D045_DENS_REF_V_REF_S007,MC_G0_D045_DENS_REF_V_REF,7,0.279014140368,0.585284704677,0.307817343783,0,0,0.558028280735,
MC_G0_D045_DENS_REF_V_REF_S007,MC_G0_D045_DENS_REF_V_REF,7,0.288010448217,0.663075511167,0.59769193176,0,0,0.576020896435,
MC_G0_D045_DENS_REF_V_REF_S007,MC_G0_D045_DENS_REF_V_REF,7,0.29700678587,0.933811176854,3.68655558769,0,0,0.594013571739,
MC_G0_D045_DENS_REF_V_REF_S007,MC_G0_D045_DENS_REF_V_REF,7,0.306003093719,0.839253253965,2.83017377479,0,0,0.612006187439,
MC_G0_D045_DENS_REF_V_REF_S007,MC_G0_D045_DENS_REF_V_REF,7,0.315017402172,0.931877002198,0.999398686685,0,0,0.630034804344,
MC_G0_D045_DENS_REF_V_REF_S007,MC_G0_D045_DENS_REF_V_REF,7,0.324013710022,1.07771329153,4.47984873217,0,0,0.648027420044,
MC_G0_D045_DENS_REF_V_REF_S007,MC_G0_D045_DENS_REF_V_REF,7,0.333010017872,1.04348722671,6.30598698483,0,0,0.666020035744,
MC_G0_D045_DENS_REF_V_REF_S007,MC_G0_D045_DENS_REF_V_REF,7,0.342006325722,0.869232577362,2.21356858175,0,0,0.684012651443,
MC_G0_D045_DENS_REF_V_REF_S007,MC_G0_D045_DENS_REF_V_REF,7,0.351002633572,0.920815557121,11.6319245189,0,0,0.702005267143,
MC_G0_D045_DENS_REF_V_REF_S007,MC_G0_D045_DENS_REF_V_REF,7,0.360016942024,0.796309875491,1.71773680031,0,0,0.720033884048,
MC_G0_D045_DENS_REF_V_REF_S007,MC_G0_D045_DENS_REF_V_REF,7,0.369013279676,0.848012781754,0.796012716044,0,0,0.738026559353,
MC_G0_D045_DENS_REF_V_REF_S007,MC_G0_D045_DENS_REF_V_REF,7,0.378009587526,0.808317013007,1.79943972791,0,0,0.756019175053,
MC_G0_D045_DENS_REF_V_REF_S007,MC_G0_D045_DENS_REF_V_REF,7,0.387005895376,0.965999162689,2.47148548691,0,0,0.774011790752,
MC_G0_D045_DENS_REF_V_REF_S007,MC_G0_D045_DENS_REF_V_REF,7,0.396002203226,0.914598567157,1.22752781686,0,0,0.792004406452,
MC_G0_D045_DENS_REF_V_REF_S007,MC_G0_D045_DENS_REF_V_REF,7,0.405016511679,0.830347032076,1.2500245002,0,0,0.810033023357,
MC_G0_D045_DENS_REF_V_REF_S007,MC_G0_D045_DENS_REF_V_REF,7,0.414012849331,0.862964258854,0.574286230175,0,0,0.828025698662,
MC_G0_D045_DENS_REF_V_REF_S007,MC_G0_D045_DENS_REF_V_REF,7,0.423009157181,1.03266477117,1.53320433675,0,0,0.846018314362,
MC_G0_D045_DENS_REF_V_REF_S007,MC_G0_D045_DENS_REF_V_REF,7,0.432005465031,1.05492773548,1.64808220927,0,0,0.864010930061,
MC_G0_D045_DENS_REF_V_REF_S007,MC_G0_D045_DENS_REF_V_REF,7,0.441001772881,1.17172262262,3.93716250096,0,0,0.882003545761,
MC_G0_D045_DENS_REF_V_REF_S007,MC_G0_D045_DENS_REF_V_REF,7,0.450016111135,1.18841591226,2.20280348922,0,0,0.900032222271,
MC_G0_D045_DENS_REF_V_REF_S007,MC_G0_D045_DENS_REF_V_REF,7,0.459012418985,1.20545977106,4.2841316788,0,0,0.918024837971,
MC_G0_D045_DENS_REF_V_REF_S007,MC_G0_D045_DENS_REF_V_REF,7,0.468008726835,1.07750193306,3.09232760075,0,0,0.936017453671,
MC_G0_D045_DENS_REF_V_REF_S007,MC_G0_D045_DENS_REF_V_REF,7,0.477005034685,0.843108171507,3.33663231271,0,0,0.95401006937,
MC_G0_D045_DENS_REF_V_REF_S007,MC_G0_D045_DENS_REF_V_REF,7,0.486001372337,0.975431238313,5.11543010758,0,0,0.972002744675,
MC_G0_D045_DENS_REF_V_REF_S007,MC_G0_D045_DENS_REF_V_REF,7,0.49501568079,0.987160817928,1.30465409793,0,0,0.99003136158,
MC_G0_D045_DENS_REF_V_REF_S007,MC_G0_D045_DENS_REF_V_REF,7,0.50401198864,1.13902749158,5.05532597654,0,0,1.00802397728,
MC_G0_D045_DENS_REF_V_REF_S007,MC_G0_D045_DENS_REF_V_REF,7,0.51300829649,1.24443799555,4.55955988395,0,0,1.02601659298,
MC_G0_D045_DENS_REF_V_REF_S007,MC_G0_D045_DENS_REF_V_REF,7,0.52200460434,1.09053285915,2.50251694736,0,0,1.04400920868,
MC_G0_D045_DENS_REF_V_REF_S007,MC_G0_D045_DENS_REF_V_REF,7,0.531000912189,1.14620139911,3.67161665938,0,0,1.06200182438,
MC_G0_D045_DENS_REF_V_REF_S007,MC_G0_D045_DENS_REF_V_REF,7,0.540015220642,0.998087369673,3.83821671358,0,0,1.08003044128,
MC_G0_D045_DENS_REF_V_REF_S007,MC_G0_D045_DENS_REF_V_REF,7,0.549011588097,1.17919788146,1.30962829938,0,0,1.09802317619,
MC_G0_D045_DENS_REF_V_REF_S007,MC_G0_D045_DENS_REF_V_REF,7,0.558007895947,1.21212394297,1.56098048656,0,0,1.11601579189,
MC_G0_D045_DENS_REF_V_REF_S007,MC_G0_D045_DENS_REF_V_REF,7,0.567004203796,2.34682813206,4.60914053412,0,0,1.13400840759,
MC_G0_D045_DENS_REF_V_REF_S007,MC_G0_D045_DENS_REF_V_REF,7,0.576000511646,1.14092751117,2.73984620504,0,0,1.15200102329,
MC_G0_D045_DENS_REF_V_REF_S007,MC_G0_D045_DENS_REF_V_REF,7,0.585014820099,1.30583844674,4.04293771615,0,0,1.1700296402,
MC_G0_D045_DENS_REF_V_REF_S007,MC_G0_D045_DENS_REF_V_REF,7,0.594011127949,1.22821222739,2.66025532637,0,0,1.1880222559,
MC_G0_D045_DENS_REF_V_REF_S007,MC_G0_D045_DENS_REF_V_REF,7,0.603007435799,1.52198601433,4.27639942253,0,0,1.2060148716,
MC_G0_D045_DENS_REF_V_REF_S007,MC_G0_D045_DENS_REF_V_REF,7,0.612003803253,1.2342667889,3.12208608098,0,0,1.22400760651,
MC_G0_D045_DENS_REF_V_REF_S007,MC_G0_D045_DENS_REF_V_REF,7,0.621000111103,1.5849006096,3.63132364884,0,0,1.24200022221,
MC_G0_D045_DENS_REF_V_REF_S007,MC_G0_D045_DENS_REF_V_REF,7,0.630014419556,1.15037580086,1.77154388433,0,0,1.26002883911,
MC_G0_D045_DENS_REF_V_REF_S007,MC_G0_D045_DENS_REF_V_REF,7,0.639010727406,1.93629994516,7.81181745445,0,0,1.27802145481,
MC_G0_D045_DENS_REF_V_REF_S007,MC_G0_D045_DENS_REF_V_REF,7,0.648007035255,1.32328324383,2.9577718866,0,0,1.29601407051,
MC_G0_D045_DENS_REF_V_REF_S007,MC_G0_D045_DENS_REF_V_REF,7,0.657003343105,1.29330794996,2.18130363935,0,0,1.31400668621,
MC_G0_D045_DENS_REF_V_REF_S007,MC_G0_D045_DENS_REF_V_REF,7,0.666017651558,1.08192079299,3.1883388604,0,0,1.33203530312,
MC_G0_D045_DENS_REF_V_REF_S007,MC_G0_D045_DENS_REF_V_REF,7,0.675013959408,1.57818194308,1.94901060711,0,0,1.35002791882,
MC_G0_D045_DENS_REF_V_REF_S007,MC_G0_D045_DENS_REF_V_REF,7,0.684010326862,1.48947451476,2.82763762658,0,0,1.36802065372,
MC_G0_D045_DENS_REF_V_REF_S007,MC_G0_D045_DENS_REF_V_REF,7,0.693006634712,1.72174106795,4.67844290324,0,0,1.38601326942,
MC_G0_D045_DENS_REF_V_REF_S007,MC_G0_D045_DENS_REF_V_REF,7,0.702002942562,1.70315380302,4.5028609925,0,0,1.40400588512,
MC_G0_D045_DENS_REF_V_REF_S007,MC_G0_D045_DENS_REF_V_REF,7,0.711017251015,1.58037419958,3.84159555831,0,0,1.42203450203,
MC_G0_D045_DENS_REF_V_REF_S007,MC_G0_D045_DENS_REF_V_REF,7,0.720013558865,1.51038077452,5.88522707333,0,0,1.44002711773,
MC_G0_D045_DENS_REF_V_REF_S007,MC_G0_D045_DENS_REF_V_REF,7,0.729009866714,1.35457648201,4.87133847976,0,0,1.45801973343,
MC_G0_D045_DENS_REF_V_REF_S007,MC_G0_D045_DENS_REF_V_REF,7,0.738006174564,1.49792933329,4.86477153234,0,0,1.47601234913,
MC_G0_D045_DENS_REF_V_REF_S007,MC_G0_D045_DENS_REF_V_REF,7,0.747002482414,1.43406127435,3.86546310607,0,0,1.49400496483,
MC_G0_D045_DENS_REF_V_REF_S007,MC_G0_D045_DENS_REF_V_REF,7,0.756016850471,1.53883242614,4.32846642071,0,0,1.51203370094,
MC_G0_D045_DENS_REF_V_REF_S007,MC_G0_D045_DENS_REF_V_REF,7,0.765013158321,1.67557435288,2.2773093646,0,0,1.53002631664,
MC_G0_D045_DENS_REF_V_REF_S007,MC_G0_D045_DENS_REF_V_REF,7,0.774009466171,1.73949326066,4.64508496699,0,0,1.54801893234,
MC_G0_D045_DENS_REF_V_REF_S007,MC_G0_D045_DENS_REF_V_REF,7,0.783005774021,2.13397201932,5.86982923496,0,0,1.56601154804,
MC_G0_D045_DENS_REF_V_REF_S007,MC_G0_D045_DENS_REF_V_REF,7,0.792002081871,1.86256222277,1.867854009,0,0,1.58400416374,
MC_G0_D045_DENS_REF_V_REF_S007,MC_G0_D045_DENS_REF_V_REF,7,0.801016390324,1.76459493329,3.24161044483,0,0,1.60203278065,
MC_G0_D045_DENS_REF_V_REF_S007,MC_G0_D045_DENS_REF_V_REF,7,0.810012698174,1.53986139554,4.20038160572,0,0,1.62002539635,
MC_G0_D045_DENS_REF_V_REF_S007,MC_G0_D045_DENS_REF_V_REF,7,0.819009006023,1.53172922728,0.760330719124,0,0,1.63801801205,
MC_G0_D045_DENS_REF_V_REF_S007,MC_G0_D045_DENS_REF_V_REF,7,0.828005313873,1.60580725312,2.730881078,0,0,1.65601062775,
MC_G0_D045_DENS_REF_V_REF_S007,MC_G0_D045_DENS_REF_V_REF,7,0.837001621723,1.87630253812,3.47031732061,0,0,1.67400324345,
MC_G0_D045_DENS_REF_V_REF_S007,MC_G0_D045_DENS_REF_V_REF,7,0.846015930176,1.96692053956,5.54202671698,0,0,1.69203186035,
MC_G0_D045_DENS_REF_V_REF_S007,MC_G0_D045_DENS_REF_V_REF,7,0.855012238026,1.87350911405,5.75596256335,0,0,1.71002447605,
MC_G0_D045_DENS_REF_V_REF_S007,MC_G0_D045_DENS_REF_V_REF,7,0.86400860548,1.72130242477,2.90935287371,0,0,1.72801721096,
MC_G0_D045_DENS_REF_V_REF_S007,MC_G0_D045_DENS_REF_V_REF,7,0.87300491333,1.5785226303,3.48665686652,0,0,1.74600982666,
MC_G0_D045_DENS_REF_V_REF_S007,MC_G0_D045_DENS_REF_V_REF,7,0.88200122118,1.99742888275,2.72063050729,0,0,1.76400244236,
MC_G0_D045_DENS_REF_V_REF_S007,MC_G0_D045_DENS_REF_V_REF,7,0.891015529633,2.10225462509,3.94317718407,0,0,1.78203105927,
MC_G0_D045_DENS_REF_V_REF_S007,MC_G0_D045_DENS_REF_V_REF,7,0.900011837482,1.80364722438,1.9777880232,0,0,1.80002367496,
MC_G0_D045_DENS_REF_V_REF_S007,MC_G0_D045_DENS_REF_V_REF,7,0.909008145332,1.62340536425,3.56449322049,0,0,1.81801629066,
MC_G0_D045_DENS_REF_V_REF_S007,MC_G0_D045_DENS_REF_V_REF,7,0.918004453182,2.17743837329,5.39305916793,0,0,1.83600890636,
MC_G0_D045_DENS_REF_V_REF_S007,MC_G0_D045_DENS_REF_V_REF,7,0.927000761032,1.84047751722,2.97690230863,0,0,1.85400152206,
MC_G0_D045_DENS_REF_V_REF_S007,MC_G0_D045_DENS_REF_V_REF,7,0.936015069485,2.03988152197,4.82505961904,0,0,1.87203013897,
MC_G0_D045_DENS_REF_V_REF_S007,MC_G0_D045_DENS_REF_V_REF,7,0.945011377335,2.25067892837,3.87406877852,0,0,1.89002275467,
MC_G0_D045_DENS_REF_V_REF_S007,MC_G0_D045_DENS_REF_V_REF,7,0.954007685184,1.90801551906,4.3967771027,0,0,1.90801537037,
MC_G0_D045_DENS_REF_V_REF_S007,MC_G0_D045_DENS_REF_V_REF,7,0.963003993034,2.18631677223,7.42855309476,0,0,1.92600798607,
MC_G0_D045_DENS_REF_V_REF_S007,MC_G0_D045_DENS_REF_V_REF,7,0.972000300884,2.11909998154,6.43549087011,0,0,1.94400060177,
MC_G0_D045_DENS_REF_V_REF_S007,MC_G0_D045_DENS_REF_V_REF,7,0.981014609337,2.04528109289,5.28864361842,0,0,1.96202921867,
MC_G0_D045_DENS_REF_V_REF_S007,MC_G0_D045_DENS_REF_V_REF,7,0.990010917187,2.30162428289,4.37296919283,0,0,1.98002183437,
MC_G0_D045_DENS_REF_V_REF_S007,MC_G0_D045_DENS_REF_V_REF,7,0.999007284641,1.85138852649,2.41625530238,0,0,1.99801456928,
MC_G0_D045_DENS_REF_V_REF_S007,MC_G0_D045_DENS_REF_V_REF,7,1.00800359249,2.36216030385,3.65286831812,0,0,2.01600718498,
MC_G0_D045_DENS_REF_V_REF_S007,MC_G0_D045_DENS_REF_V_REF,7,1.01701784134,2.02301927987,3.64239289757,0,0,2.03403568268,
MC_G0_D045_DENS_REF_V_REF_S007,MC_G0_D045_DENS_REF_V_REF,7,1.02601420879,2.31032730131,5.65186915961,0,0,2.05202841759,
MC_G0_D045_DENS_REF_V_REF_S007,MC_G0_D045_DENS_REF_V_REF,7,1.03501045704,2.62475291195,7.13367128204,0,0,2.07002091408,
MC_G0_D045_DENS_REF_V_REF_S007,MC_G0_D045_DENS_REF_V_REF,7,1.04400682449,2.19530339285,3.58079720006,0,0,2.08801364899,
MC_G0_D045_DENS_REF_V_REF_S007,MC_G0_D045_DENS_REF_V_REF,7,1.05300307274,2.59133217759,4.57495278818,0,0,2.10600614548,
MC_G0_D045_DENS_REF_V_REF_S007,MC_G0_D045_DENS_REF_V_REF,7,1.0620174408,2.29128469943,3.7126380936,0,0,2.12403488159,
MC_G0_D045_DENS_REF_V_REF_S007,MC_G0_D045_DENS_REF_V_REF,7,1.07101368904,2.68282362775,4.99580629219,0,0,2.14202737808,
MC_G0_D045_DENS_REF_V_REF_S007,MC_G0_D045_DENS_REF_V_REF,7,1.0800100565,2.38778351286,4.97145602269,0,0,2.16002011299,
MC_G0_D045_DENS_REF_V_REF_S007,MC_G0_D045_DENS_REF_V_REF,7,1.08900630474,2.73325128354,7.32694105454,0,0,2.17801260948,
MC_G0_D045_DENS_REF_V_REF_S007,MC_G0_D045_DENS_REF_V_REF,7,1.0980026722,2.27979113517,3.72252191054,0,0,2.19600534439,
MC_G0_D045_DENS_REF_V_REF_S007,MC_G0_D045_DENS_REF_V_REF,7,1.10701692104,2.4971102408,7.15047803001,0,0,2.21403384209,
MC_G0_D045_DENS_REF_V_REF_S007,MC_G0_D045_DENS_REF_V_REF,7,1.1160132885,2.48809061641,4.52506295531,0,0,2.232026577,
MC_G0_D045_DENS_REF_V_REF_S007,MC_G0_D045_DENS_REF_V_REF,7,1.12500953674,2.50214408384,5.04098930849,0,0,2.25001907349,
MC_G0_D045_DENS_REF_V_REF_S007,MC_G0_D045_DENS_REF_V_REF,7,1.1340059042,2.8580255046,5.77095467744,0,0,2.2680118084,
MC_G0_D045_DENS_REF_V_REF_S007,MC_G0_D045_DENS_REF_V_REF,7,1.14300227165,2.39313760764,3.76066459798,0,0,2.2860045433,
MC_G0_D045_DENS_REF_V_REF_S007,MC_G0_D045_DENS_REF_V_REF,7,1.1520165205,2.36802173572,5.62405779237,0,0,2.304033041,
MC_G0_D045_DENS_REF_V_REF_S007,MC_G0_D045_DENS_REF_V_REF,7,1.16101276875,2.19647924824,3.65861990556,0,0,2.32202553749,
MC_G0_D045_DENS_REF_V_REF_S007,MC_G0_D045_DENS_REF_V_REF,7,1.1700091362,4.41232288515,3.88232906313,0,0,2.3400182724,
MC_G0_D045_DENS_REF_V_REF_S007,MC_G0_D045_DENS_REF_V_REF,7,1.17900538445,2.81289553016,5.53198467587,0,0,2.35801076889,
MC_G0_D045_DENS_REF_V_REF_S007,MC_G0_D045_DENS_REF_V_REF,7,1.1880017519,2.68810845298,4.88391165681,0,0,2.3760035038,
MC_G0_D045_DENS_REF_V_REF_S007,MC_G0_D045_DENS_REF_V_REF,7,1.19701600075,2.867732068,5.36306016403,0,0,2.3940320015,
MC_G0_D045_DENS_REF_V_REF_S007,MC_G0_D045_DENS_REF_V_REF,7,1.2060123682,2.83317750051,3.65897828382,0,0,2.4120247364,
MC_G0_D045_DENS_REF_V_REF_S007,MC_G0_D045_DENS_REF_V_REF,7,1.21500861645,3.40157156449,7.51265816922,0,0,2.43001723289,
MC_G0_D045_DENS_REF_V_REF_S007,MC_G0_D045_DENS_REF_V_REF,7,1.2240049839,2.88577918396,6.1776315625,0,0,2.4480099678,
MC_G0_D045_DENS_REF_V_REF_S007,MC_G0_D045_DENS_REF_V_REF,7,1.23300123215,3.04390141594,5.67755958129,0,0,2.46600246429,
MC_G0_D045_DENS_REF_V_REF_S007,MC_G0_D045_DENS_REF_V_REF,7,1.2420156002,2.89894845727,4.85928377794,0,0,2.48403120041,
MC_G0_D045_DENS_REF_V_REF_S007,MC_G0_D045_DENS_REF_V_REF,7,1.25101184845,2.97721537198,6.1499621474,0,0,2.5020236969,
MC_G0_D045_DENS_REF_V_REF_S007,MC_G0_D045_DENS_REF_V_REF,7,1.2600082159,2.76430802665,4.26916805024,0,0,2.52001643181,
MC_G0_D045_DENS_REF_V_REF_S007,MC_G0_D045_DENS_REF_V_REF,7,1.26900446415,2.85875062821,6.43485932611,0,0,2.5380089283,
MC_G0_D045_DENS_REF_V_REF_S007,MC_G0_D045_DENS_REF_V_REF,7,1.2780008316,2.90381440321,5.88335925887,0,0,2.55600166321,
MC_G0_D045_DENS_REF_V_REF_S007,MC_G0_D045_DENS_REF_V_REF,7,1.28701508045,2.92379953148,6.19271981791,0,0,2.5740301609,
MC_G0_D045_DENS_REF_V_REF_S007,MC_G0_D045_DENS_REF_V_REF,7,1.29601144791,3.16341786719,5.19129714762,0,0,2.59202289581,
MC_G0_D045_DENS_REF_V_REF_S007,MC_G0_D045_DENS_REF_V_REF,7,1.30500769615,2.65822583832,4.31098631207,0,0,2.6100153923,
MC_G0_D045_DENS_REF_V_REF_S007,MC_G0_D045_DENS_REF_V_REF,7,1.31400406361,3.35717995355,4.34274449269,0,0,2.62800812721,
MC_G0_D045_DENS_REF_V_REF_S007,MC_G0_D045_DENS_REF_V_REF,7,1.32300031185,2.93451961776,5.91060694722,0,0,2.6460006237,
MC_G0_D045_DENS_REF_V_REF_S007,MC_G0_D045_DENS_REF_V_REF,7,1.33201467991,3.00877734147,2.97448839324,0,0,2.66402935982,
MC_G0_D045_DENS_REF_V_REF_S007,MC_G0_D045_DENS_REF_V_REF,7,1.34101092815,2.74437950369,5.89671701714,0,0,2.68202185631,
MC_G0_D045_DENS_REF_V_REF_S007,MC_G0_D045_DENS_REF_V_REF,7,1.35000729561,2.52547967081,5.08321580216,0,0,2.70001459122,
MC_G0_D045_DENS_REF_V_REF_S007,MC_G0_D045_DENS_REF_V_REF,7,1.35900354385,2.46406290961,4.20064318359,0,0,2.71800708771,
MC_G0_D045_DENS_REF_V_REF_S007,MC_G0_D045_DENS_REF_V_REF,7,1.36801791191,2.95826372236,4.7652892353,0,0,2.73603582382,
MC_G0_D045_DENS_REF_V_REF_S007,MC_G0_D045_DENS_REF_V_REF,7,1.37701416016,3.25029915065,5.20586390219,0,0,2.75402832031,
MC_G0_D045_DENS_REF_V_REF_S007,MC_G0_D045_DENS_REF_V_REF,7,1.3860104084,3.32181180466,6.39915134723,0,0,2.7720208168,
MC_G0_D045_DENS_REF_V_REF_S007,MC_G0_D045_DENS_REF_V_REF,7,1.39500677586,2.92741824178,5.45306066202,0,0,2.79001355171,
MC_G0_D045_DENS_REF_V_REF_S007,MC_G0_D045_DENS_REF_V_REF,7,1.4040030241,3.50253663281,6.92837992762,0,0,2.8080060482,
MC_G0_D045_DENS_REF_V_REF_S007,MC_G0_D045_DENS_REF_V_REF,7,1.41301739216,3.70779669672,6.15559508836,0,0,2.82603478432,
MC_G0_D045_DENS_REF_V_REF_S007,MC_G0_D045_DENS_REF_V_REF,7,1.4220136404,3.32258969593,5.58424059677,0,0,2.84402728081,
MC_G0_D045_DENS_REF_V_REF_S007,MC_G0_D045_DENS_REF_V_REF,7,1.43101000786,3.67201868701,7.18467683596,0,0,2.86202001572,
MC_G0_D045_DENS_REF_V_REF_S007,MC_G0_D045_DENS_REF_V_REF,7,1.4400062561,3.28551302609,7.30751269132,0,0,2.88001251221,
MC_G0_D045_DENS_REF_V_REF_S007,MC_G0_D045_DENS_REF_V_REF,7,1.44900262356,3.54811944972,8.02643546202,0,0,2.89800524712,
MC_G0_D045_DENS_REF_V_REF_S007,MC_G0_D045_DENS_REF_V_REF,7,1.45801687241,4.55593496957,6.65565054782,0,0,2.91603374481,
MC_G0_D045_DENS_REF_V_REF_S007,MC_G0_D045_DENS_REF_V_REF,7,1.46701312065,3.60688228536,7.29084590617,0,0,2.9340262413,
MC_G0_D045_DENS_REF_V_REF_S007,MC_G0_D045_DENS_REF_V_REF,7,1.47600948811,5.92167181203,6.38686017566,0,0,2.95201897621,
MC_G0_D045_DENS_REF_V_REF_S007,MC_G0_D045_DENS_REF_V_REF,7,1.48500573635,3.32644077583,5.95151374657,0,0,2.9700114727,
MC_G0_D045_DENS_REF_V_REF_S007,MC_G0_D045_DENS_REF_V_REF,7,1.49400210381,3.2065925599,5.56342783683,0,0,2.98800420761,
MC_G0_D045_DENS_REF_V_REF_S007,MC_G0_D045_DENS_REF_V_REF,7,1.50301635265,3.22286840937,6.65930986741,0,0,3.00603270531,
MC_G0_D045_DENS_REF_V_REF_S007,MC_G0_D045_DENS_REF_V_REF,7,1.51201272011,3.76262440797,6.32088870719,0,0,3.02402544022,
MC_G0_D045_DENS_REF_V_REF_S007,MC_G0_D045_DENS_REF_V_REF,7,1.52100896835,2.97576397346,5.0673603192,0,0,3.04201793671,
MC_G0_D045_DENS_REF_V_REF_S007,MC_G0_D045_DENS_REF_V_REF,7,1.53000533581,3.47035526691,5.12033681931,0,0,3.06001067162,
MC_G0_D045_DENS_REF_V_REF_S007,MC_G0_D045_DENS_REF_V_REF,7,1.53900158405,3.71136263936,6.62577253357,0,0,3.07800316811,
MC_G0_D045_DENS_REF_V_REF_S007,MC_G0_D045_DENS_REF_V_REF,7,1.5480158329,3.25378104879,4.73095196333,0,0,3.0960316658,
MC_G0_D045_DENS_REF_V_REF_S007,MC_G0_D045_DENS_REF_V_REF,7,1.55701220036,3.59478947235,6.84793688468,0,0,3.11402440071,
MC_G0_D045_DENS_REF_V_REF_S007,MC_G0_D045_DENS_REF_V_REF,7,1.5660084486,3.98218162998,7.52551121508,0,0,3.1320168972,
MC_G0_D045_DENS_REF_V_REF_S007,MC_G0_D045_DENS_REF_V_REF,7,1.57500481606,2.8000267447,9.27969004748,0,0,3.15000963211,
MC_G0_D045_DENS_REF_V_REF_S007,MC_G0_D045_DENS_REF_V_REF,7,1.5840010643,2.81521116704,6.10584175989,0,0,3.1680021286,
MC_G0_D045_DENS_REF_V_REF_S007,MC_G0_D045_DENS_REF_V_REF,7,1.59301531315,3.23392889503,6.42842652045,0,0,3.1860306263,
MC_G0_D045_DENS_REF_V_REF_S007,MC_G0_D045_DENS_REF_V_REF,7,1.6020116806,3.50788593053,5.69148552051,0,0,3.20402336121,
MC_G0_D045_DENS_REF_V_REF_S007,MC_G0_D045_DENS_REF_V_REF,7,1.61100792885,3.31806203867,6.57946517097,0,0,3.2220158577,
MC_G0_D045_DENS_REF_V_REF_S007,MC_G0_D045_DENS_REF_V_REF,7,1.6200042963,3.61657042805,6.01185805795,0,0,3.24000859261,
MC_G0_D045_DENS_REF_V_REF_S007,MC_G0_D045_DENS_REF_V_REF,7,1.62900054455,4.03570031946,6.95631383043,0,0,3.2580010891,
MC_G0_D045_DENS_REF_V_REF_S007,MC_G0_D045_DENS_REF_V_REF,7,1.63801491261,3.5870094083,5.16703127111,0,0,3.27602982521,
MC_G0_D045_DENS_REF_V_REF_S007,MC_G0_D045_DENS_REF_V_REF,7,1.64701116085,4.01852991421,6.31708046319,0,0,3.2940223217,
MC_G0_D045_DENS_REF_V_REF_S007,MC_G0_D045_DENS_REF_V_REF,7,1.6560074091,3.56890300068,6.31237580293,0,0,3.31201481819,
MC_G0_D045_DENS_REF_V_REF_S007,MC_G0_D045_DENS_REF_V_REF,7,1.66500377655,3.53966894855,6.6130132018,0,0,3.3300075531,
MC_G0_D045_DENS_REF_V_REF_S007,MC_G0_D045_DENS_REF_V_REF,7,1.6740000248,4.11394766216,6.4840008296,0,0,3.34800004959,
MC_G0_D045_DENS_REF_V_REF_S007,MC_G0_D045_DENS_REF_V_REF,7,1.68301439285,4.3928905701,5.97959537801,0,0,3.36602878571,
MC_G0_D045_DENS_REF_V_REF_S007,MC_G0_D045_DENS_REF_V_REF,7,1.6920106411,3.8764762987,6.84501493456,0,0,3.3840212822,
MC_G0_D045_DENS_REF_V_REF_S007,MC_G0_D045_DENS_REF_V_REF,7,1.70100688934,3.89184569568,14.5513820535,0,0,3.40201377869,
MC_G0_D045_DENS_REF_V_REF_S007,MC_G0_D045_DENS_REF_V_REF,7,1.7100032568,3.96164790992,14.7081592383,0,0,3.4200065136,
MC_G0_D045_DENS_REF_V_REF_S007,MC_G0_D045_DENS_REF_V_REF,7,1.71901750565,3.86054929144,8.5625725703,0,0,3.43803501129,
MC_G0_D045_DENS_REF_V_REF_S007,MC_G0_D045_DENS_REF_V_REF,7,1.72801375389,3.87781487036,5.47725085744,0,0,3.45602750778,
MC_G0_D045_DENS_REF_V_REF_S007,MC_G0_D045_DENS_REF_V_REF,7,1.73701012135,4.33726462804,7.8424734624,0,0,3.47402024269,
MC_G0_D045_DENS_REF_V_REF_S007,MC_G0_D045_DENS_REF_V_REF,7,1.74600636959,4.24268233609,8.39556491626,0,0,3.49201273918,
MC_G0_D045_DENS_REF_V_REF_S007,MC_G0_D045_DENS_REF_V_REF,7,1.75500273705,3.66918381633,6.65896179086,0,0,3.51000547409,
MC_G0_D045_DENS_REF_V_REF_S007,MC_G0_D045_DENS_REF_V_REF,7,1.76401698589,4.74902661881,7.39922119166,0,0,3.52803397179,
MC_G0_D045_DENS_REF_V_REF_S007,MC_G0_D045_DENS_REF_V_REF,7,1.77301323414,3.36429495318,6.90194630965,0,0,3.54602646828,
MC_G0_D045_DENS_REF_V_REF_S007,MC_G0_D045_DENS_REF_V_REF,7,1.78200960159,3.93408822366,7.39093446187,0,0,3.56401920319,
MC_G0_D045_DENS_REF_V_REF_S007,MC_G0_D045_DENS_REF_V_REF,7,1.79100584984,4.4446312772,9.32971894565,0,0,3.58201169968,
MC_G0_D045_DENS_REF_V_REF_S007,MC_G0_D045_DENS_REF_V_REF,7,1.80000209808,3.88479977372,5.37829343059,0,0,3.60000419617,
MC_G0_D045_DENS_REF_V_REF_S007,MC_G0_D045_DENS_REF_V_REF,7,1.80901646614,4.35608598951,10.1968707388,0,0,3.61803293228,
MC_G0_D045_DENS_REF_V_REF_S007,MC_G0_D045_DENS_REF_V_REF,7,1.81801271439,4.18379055547,8.8237371272,0,0,3.63602542877,
MC_G0_D045_DENS_REF_V_REF_S007,MC_G0_D045_DENS_REF_V_REF,7,1.82700908184,4.35902562798,8.08652642501,0,0,3.65401816368,
MC_G0_D045_DENS_REF_V_REF_S007,MC_G0_D045_DENS_REF_V_REF,7,1.83600533009,6.83951559039,6.59620458102,0,0,3.67201066017,
MC_G0_D045_DENS_REF_V_REF_S007,MC_G0_D045_DENS_REF_V_REF,7,1.84500157833,4.00747173113,9.73176567921,0,0,3.69000315666,
MC_G0_D045_DENS_REF_V_REF_S007,MC_G0_D045_DENS_REF_V_REF,7,1.85401594639,4.38113738895,7.30885500812,0,0,3.70803189278,
MC_G0_D045_DENS_REF_V_REF_S007,MC_G0_D045_DENS_REF_V_REF,7,1.86301219463,4.66743476576,5.97641962925,0,0,3.72602438927,
MC_G0_D045_DENS_REF_V_REF_S007,MC_G0_D045_DENS_REF_V_REF,7,1.87200844288,4.67534837996,9.2811574877,0,0,3.74401688576,
MC_G0_D045_DENS_REF_V_REF_S007,MC_G0_D045_DENS_REF_V_REF,7,1.88100481033,5.02548695217,6.54665204266,0,0,3.76200962067,
MC_G0_D045_DENS_REF_V_REF_S007,MC_G0_D045_DENS_REF_V_REF,7,1.89000105858,4.37850859998,7.86393695251,0,0,3.78000211716,
MC_G0_D045_DENS_REF_V_REF_S007,MC_G0_D045_DENS_REF_V_REF,7,1.89901530743,5.36801393309,10.626643773,0,0,3.79803061485,
MC_G0_D045_DENS_REF_V_REF_S007,MC_G0_D045_DENS_REF_V_REF,7,1.90801167488,7.22900540649,8.87719471283,0,0,3.81602334976,
MC_G0_D045_DENS_REF_V_REF_S007,MC_G0_D045_DENS_REF_V_REF,7,1.91700792313,4.61392336782,6.20332127825,0,0,3.83401584625,
MC_G0_D045_DENS_REF_V_REF_S007,MC_G0_D045_DENS_REF_V_REF,7,1.92600417137,4.7476688589,9.32669553461,0,0,3.85200834274,
MC_G0_D045_DENS_REF_V_REF_S007,MC_G0_D045_DENS_REF_V_REF,7,1.93500053883,8.4774322535,7.09435983317,0,0,3.87000107765,
MC_G0_D045_DENS_REF_V_REF_S007,MC_G0_D045_DENS_REF_V_REF,7,1.94401478767,4.09890177892,6.63738528026,0,0,3.88802957535,
MC_G0_D045_DENS_REF_V_REF_S007,MC_G0_D045_DENS_REF_V_REF,7,1.95301103592,5.66843040112,18.9780368016,0,0,3.90602207184,
MC_G0_D045_DENS_REF_V_REF_S007,MC_G0_D045_DENS_REF_V_REF,7,1.96200740337,5.65621439961,6.16499190265,0,0,3.92401480675,
MC_G0_D045_DENS_REF_V_REF_S007,MC_G0_D045_DENS_REF_V_REF,7,1.97100365162,5.2142205682,8.01328179976,0,0,3.94200730324,
MC_G0_D045_DENS_REF_V_REF_S007,MC_G0_D045_DENS_REF_V_REF,7,1.98001790047,4.86699515468,10.2728639225,0,0,3.96003580093,
MC_G0_D045_DENS_REF_V_REF_S007,MC_G0_D045_DENS_REF_V_REF,7,1.98901426792,4.95912518948,8.88526448525,0,0,3.97802853584,
MC_G0_D045_DENS_REF_V_REF_S007,MC_G0_D045_DENS_REF_V_REF,7,1.99801051617,4.97953034833,6.69053411497,0,0,3.99602103233,
MC_G0_D045_DENS_REF_V_REF_S007,MC_G0_D045_DENS_REF_V_REF,7,2.00700688362,4.87121464879,7.48515682059,0,0,4.01401376724,
MC_G0_D045_DENS_REF_V_REF_S007,MC_G0_D045_DENS_REF_V_REF,7,2.01600313187,4.59242870066,7.84631183942,0,0,4.03200626373,
MC_G0_D045_DENS_REF_V_REF_S007,MC_G0_D045_DENS_REF_V_REF,7,2.02501726151,4.68360124226,7.65932537717,0,0,4.05003452301,
MC_G0_D045_DENS_REF_V_REF_S007,MC_G0_D045_DENS_REF_V_REF,7,2.03401374817,4.98264805367,9.12392950383,0,0,4.06802749634,
MC_G0_D045_DENS_REF_V_REF_S007,MC_G0_D045_DENS_REF_V_REF,7,2.04300999641,5.33355377174,9.0171055579,0,0,4.08601999283,
MC_G0_D045_DENS_REF_V_REF_S007,MC_G0_D045_DENS_REF_V_REF,7,2.05200624466,5.5180936059,10.8901856335,0,0,4.10401248932,
MC_G0_D045_DENS_REF_V_REF_S007,MC_G0_D045_DENS_REF_V_REF,7,2.0610024929,4.83766861523,10.8637328066,0,0,4.12200498581,
MC_G0_D045_DENS_REF_V_REF_S007,MC_G0_D045_DENS_REF_V_REF,7,2.07001686096,4.76045935634,8.29317738743,0,0,4.14003372192,
MC_G0_D045_DENS_REF_V_REF_S007,MC_G0_D045_DENS_REF_V_REF,7,2.07901310921,5.56671123495,8.35235200229,0,0,4.15802621841,
MC_G0_D045_DENS_REF_V_REF_S007,MC_G0_D045_DENS_REF_V_REF,7,2.08800935745,5.41150945319,8.18027488195,0,0,4.1760187149,
MC_G0_D045_DENS_REF_V_REF_S007,MC_G0_D045_DENS_REF_V_REF,7,2.0970056057,4.50995226972,6.96519885108,0,0,4.1940112114,
MC_G0_D045_DENS_REF_V_REF_S007,MC_G0_D045_DENS_REF_V_REF,7,2.10600185394,5.29214209458,11.450932552,0,0,4.21200370789,
MC_G0_D045_DENS_REF_V_REF_S007,MC_G0_D045_DENS_REF_V_REF,7,2.115016222,5.42674261366,9.10389045436,0,0,4.230032444,
MC_G0_D045_DENS_REF_V_REF_S007,MC_G0_D045_DENS_REF_V_REF,7,2.12401247025,5.60395445872,9.02684862012,0,0,4.24802494049,
MC_G0_D045_DENS_REF_V_REF_S007,MC_G0_D045_DENS_REF_V_REF,7,2.13300871849,5.77507787502,8.99022515777,0,0,4.26601743698,
MC_G0_D045_DENS_REF_V_REF_S007,MC_G0_D045_DENS_REF_V_REF,7,2.14200496674,5.89072501754,10.5637727803,0,0,4.28400993347,
MC_G0_D045_DENS_REF_V_REF_S007,MC_G0_D045_DENS_REF_V_REF,7,2.1510014534,6.06369434259,10.606177432,0,0,4.3020029068,
MC_G0_D045_DENS_REF_V_REF_S007,MC_G0_D045_DENS_REF_V_REF,7,2.16001558304,6.44456019582,10.0565949201,0,0,4.32003116608,
MC_G0_D045_DENS_REF_V_REF_S007,MC_G0_D045_DENS_REF_V_REF,7,2.16901183128,5.33984137443,9.54038063819,0,0,4.33802366257,
MC_G0_D045_DENS_REF_V_REF_S007,MC_G0_D045_DENS_REF_V_REF,7,2.17800807953,5.27758704653,9.26861679895,0,0,4.35601615906,
MC_G0_D045_DENS_REF_V_REF_S007,MC_G0_D045_DENS_REF_V_REF,7,2.18700456619,5.90646359627,11.15148951,0,0,4.37400913239,
MC_G0_D045_DENS_REF_V_REF_S007,MC_G0_D045_DENS_REF_V_REF,7,2.19600081444,6.25546430582,11.9087490329,0,0,4.39200162888,
MC_G0_D045_DENS_REF_V_REF_S007,MC_G0_D045_DENS_REF_V_REF,7,2.20501494408,5.2303313988,11.6025438468,0,0,4.41002988815,
MC_G0_D045_DENS_REF_V_REF_S007,MC_G0_D045_DENS_REF_V_REF,7,2.21401119232,5.5626437117,10.2434863951,0,0,4.42802238464,
MC_G0_D045_DENS_REF_V_REF_S007,MC_G0_D045_DENS_REF_V_REF,7,2.22300767899,6.40040651907,9.33838180992,0,0,4.44601535797,
MC_G0_D045_DENS_REF_V_REF_S007,MC_G0_D045_DENS_REF_V_REF,7,2.23200392723,5.55542663063,11.1068539355,0,0,4.46400785446,
MC_G0_D045_DENS_REF_V_REF_S007,MC_G0_D045_DENS_REF_V_REF,7,2.24100017548,6.56119937039,10.4534531019,0,0,4.48200035095,
MC_G0_D045_DENS_REF_V_REF_S007,MC_G0_D045_DENS_REF_V_REF,7,2.25001430511,5.72347724208,10.0351378006,0,0,4.50002861023,
MC_G0_D045_DENS_REF_V_REF_S007,MC_G0_D045_DENS_REF_V_REF,7,2.25901079178,6.57433640745,10.6726445881,0,0,4.51802158356,
MC_G0_D045_DENS_REF_V_REF_S007,MC_G0_D045_DENS_REF_V_REF,7,2.26800704002,5.83680913149,10.2359428061,0,0,4.53601408005,
MC_G0_D045_DENS_REF_V_REF_S007,MC_G0_D045_DENS_REF_V_REF,7,2.27700328827,5.73702413997,10.00392981,0,0,4.55400657654,
MC_G0_D045_DENS_REF_V_REF_S007,MC_G0_D045_DENS_REF_V_REF,7,2.28601741791,5.46392597012,10.3224606131,0,0,4.57203483582,
MC_G0_D045_DENS_REF_V_REF_S007,MC_G0_D045_DENS_REF_V_REF,7,2.29501390457,5.6312815835,10.5138964283,0,0,4.59002780914,
MC_G0_D045_DENS_REF_V_REF_S007,MC_G0_D045_DENS_REF_V_REF,7,2.30401015282,5.60558545917,10.7275003064,0,0,4.60802030563,
MC_G0_D045_DENS_REF_V_REF_S007,MC_G0_D045_DENS_REF_V_REF,7,2.31300640106,6.28708767767,17.6612543753,0,0,4.62601280212,
MC_G0_D045_DENS_REF_V_REF_S007,MC_G0_D045_DENS_REF_V_REF,7,2.32200264931,5.81441031443,10.9175630686,0,0,4.64400529861,
MC_G0_D045_DENS_REF_V_REF_S007,MC_G0_D045_DENS_REF_V_REF,7,2.33101677895,5.530091629,9.21106941694,0,0,4.66203355789,
MC_G0_D045_DENS_REF_V_REF_S007,MC_G0_D045_DENS_REF_V_REF,7,2.34001326561,6.03065372729,11.2469724249,0,0,4.68002653122,
MC_G0_D045_DENS_REF_V_REF_S007,MC_G0_D045_DENS_REF_V_REF,7,2.34900951385,6.00015018116,9.30329532525,0,0,4.69801902771,
MC_G0_D045_DENS_REF_V_REF_S007,MC_G0_D045_DENS_REF_V_REF,7,2.3580057621,6.65087983439,10.3972694829,0,0,4.7160115242,
MC_G0_D045_DENS_REF_V_REF_S007,MC_G0_D045_DENS_REF_V_REF,7,2.36700201035,5.92339568357,12.2221943903,0,0,4.73400402069,
MC_G0_D045_DENS_REF_V_REF_S007,MC_G0_D045_DENS_REF_V_REF,7,2.3760163784,7.01799999956,10.5929669333,0,0,4.75203275681,
MC_G0_D045_DENS_REF_V_REF_S007,MC_G0_D045_DENS_REF_V_REF,7,2.38501262665,6.8001359479,16.1636731169,0,0,4.7700252533,
MC_G0_D045_DENS_REF_V_REF_S007,MC_G0_D045_DENS_REF_V_REF,7,2.39400887489,7.4407591548,12.30577413,0,0,4.78801774979,
MC_G0_D045_DENS_REF_V_REF_S007,MC_G0_D045_DENS_REF_V_REF,7,2.40300512314,5.36897372889,8.39929699558,0,0,4.80601024628,
MC_G0_D045_DENS_REF_V_REF_S007,MC_G0_D045_DENS_REF_V_REF,7,2.41200137138,6.92323158167,10.9581113787,0,0,4.82400274277,
MC_G0_D045_DENS_REF_V_REF_S007,MC_G0_D045_DENS_REF_V_REF,7,2.42101573944,6.58560604494,11.6687752018,0,0,4.84203147888,
MC_G0_D045_DENS_REF_V_REF_S007,MC_G0_D045_DENS_REF_V_REF,7,2.43001198769,6.08329090899,12.8336827353,0,0,4.86002397537,
MC_G0_D045_DENS_REF_V_REF_S007,MC_G0_D045_DENS_REF_V_REF,7,2.43900823593,6.62395873278,16.4345475894,0,0,4.87801647186,
MC_G0_D045_DENS_REF_V_REF_S007,MC_G0_D045_DENS_REF_V_REF,7,2.44800448418,6.43142776394,10.3594098995,0,0,4.89600896835,
MC_G0_D045_DENS_REF_V_REF_S007,MC_G0_D045_DENS_REF_V_REF,7,2.45700073242,6.96397896195,11.2935194391,0,0,4.91400146484,
MC_G0_D045_DENS_REF_V_REF_S007,MC_G0_D045_DENS_REF_V_REF,7,2.46601510048,5.60828601216,11.3067197314,0,0,4.93203020096,
MC_G0_D045_DENS_REF_V_REF_S007,MC_G0_D045_DENS_REF_V_REF,7,2.47501134872,7.69909427606,12.2773661237,0,0,4.95002269745,
MC_G0_D045_DENS_REF_V_REF_S007,MC_G0_D045_DENS_REF_V_REF,7,2.48400759697,7.12126804052,13.9724019685,0,0,4.96801519394,
MC_G0_D045_DENS_REF_V_REF_S007,MC_G0_D045_DENS_REF_V_REF,7,2.49300384521,7.27035452999,9.66454599452,0,0,4.98600769043,
MC_G0_D045_DENS_REF_V_REF_S007,MC_G0_D045_DENS_REF_V_REF,7,2.50200009346,6.96067858456,10.4672463465,0,0,5.00400018692,
MC_G0_D045_DENS_REF_V_REF_S007,MC_G0_D045_DENS_REF_V_REF,7,2.5110142231,6.84848340653,11.8229852119,0,0,5.0220284462,
MC_G0_D045_DENS_REF_V_REF_S007,MC_G0_D045_DENS_REF_V_REF,7,2.52001070976,7.29869249128,9.82148385449,0,0,5.04002141953,
MC_G0_D045_DENS_REF_V_REF_S007,MC_G0_D045_DENS_REF_V_REF,7,2.52900695801,6.51340299803,9.01672087797,0,0,5.05801391602,
MC_G0_D045_DENS_REF_V_REF_S007,MC_G0_D045_DENS_REF_V_REF,7,2.53800320625,6.82072646516,12.420120595,0,0,5.07600641251,
MC_G0_D045_DENS_REF_V_REF_S007,MC_G0_D045_DENS_REF_V_REF,7,2.54701733589,7.19672618057,14.3119230928,0,0,5.09403467178,
MC_G0_D045_DENS_REF_V_REF_S007,MC_G0_D045_DENS_REF_V_REF,7,2.55601358414,7.45966110688,13.5752628884,0,0,5.11202716827,
MC_G0_D045_DENS_REF_V_REF_S007,MC_G0_D045_DENS_REF_V_REF,7,2.56500983238,7.38295189354,14.6413478435,0,0,5.13001966476,
MC_G0_D045_DENS_REF_V_REF_S007,MC_G0_D045_DENS_REF_V_REF,7,2.57400631905,8.0930672327,13.2046283532,0,0,5.14801263809,
MC_G0_D045_DENS_REF_V_REF_S007,MC_G0_D045_DENS_REF_V_REF,7,2.58300256729,7.06379465465,12.4269694274,0,0,5.16600513458,
MC_G0_D045_DENS_REF_V_REF_S007,MC_G0_D045_DENS_REF_V_REF,7,2.59201669693,7.07311399936,15.2752693736,0,0,5.18403339386,
MC_G0_D045_DENS_REF_V_REF_S007,MC_G0_D045_DENS_REF_V_REF,7,2.60101294518,7.07202410729,13.1746752679,0,0,5.20202589035,
MC_G0_D045_DENS_REF_V_REF_S007,MC_G0_D045_DENS_REF_V_REF,7,2.61000919342,8.52236343776,11.3983340981,0,0,5.22001838684,
MC_G0_D045_DENS_REF_V_REF_S007,MC_G0_D045_DENS_REF_V_REF,7,2.61900544167,7.49609573819,12.3087352177,0,0,5.23801088333,
MC_G0_D045_DENS_REF_V_REF_S007,MC_G0_D045_DENS_REF_V_REF,7,2.62800192833,7.39164109643,10.3611761856,0,0,5.25600385666,
MC_G0_D045_DENS_REF_V_REF_S007,MC_G0_D045_DENS_REF_V_REF,7,2.63701605797,8.20996813487,12.261012587,0,0,5.27403211594,
MC_G0_D045_DENS_REF_V_REF_S007,MC_G0_D045_DENS_REF_V_REF,7,2.64601230621,6.82606233111,10.4631645459,0,0,5.29202461243,
MC_G0_D045_DENS_REF_V_REF_S007,MC_G0_D045_DENS_REF_V_REF,7,2.65500855446,7.34493308108,12.2243262907,0,0,5.31001710892,
MC_G0_D045_DENS_REF_V_REF_S007,MC_G0_D045_DENS_REF_V_REF,7,2.6640048027,7.37202303921,13.6902005704,0,0,5.32800960541,
MC_G0_D045_DENS_REF_V_REF_S007,MC_G0_D045_DENS_REF_V_REF,7,2.67300105095,7.08317554522,13.4731569686,0,0,5.3460021019,
MC_G0_D045_DENS_REF_V_REF_S007,MC_G0_D045_DENS_REF_V_REF,7,2.68201541901,7.59063850237,15.2131881902,0,0,5.36403083801,
MC_G0_D045_DENS_REF_V_REF_S007,MC_G0_D045_DENS_REF_V_REF,7,2.69101166725,8.06281198241,13.0086452272,0,0,5.3820233345,
MC_G0_D045_DENS_REF_V_REF_S007,MC_G0_D045_DENS_REF_V_REF,7,2.7000079155,8.0683873176,14.1312802977,0,0,5.40001583099,
MC_G0_D045_DENS_REF_V_REF_S007,MC_G0_D045_DENS_REF_V_REF,7,2.70900416374,7.46757971002,14.3118346639,0,0,5.41800832748,
MC_G0_D045_DENS_REF_V_REF_S007,MC_G0_D045_DENS_REF_V_REF,7,2.71800041199,7.76724553408,13.2868161867,0,0,5.43600082397,
MC_G0_D045_DENS_REF_V_REF_S007,MC_G0_D045_DENS_REF_V_REF,7,2.72701478004,7.73579984533,12.6218963147,0,0,5.45402956009,
MC_G0_D045_DENS_REF_V_REF_S007,MC_G0_D045_DENS_REF_V_REF,7,2.73601102829,8.76295173903,13.3566273968,0,0,5.47202205658,
MC_G0_D045_DENS_REF_V_REF_S007,MC_G0_D045_DENS_REF_V_REF,7,2.74500727654,7.46762345921,10.3071622235,0,0,5.49001455307,
MC_G0_D045_DENS_REF_V_REF_S007,MC_G0_D045_DENS_REF_V_REF,7,2.75400352478,7.50450172264,11.297079849,0,0,5.50800704956,
MC_G0_D045_DENS_REF_V_REF_S007,MC_G0_D045_DENS_REF_V_REF,7,2.76301765442,7.54217514677,11.6046667417,0,0,5.52603530884,
MC_G0_D045_DENS_REF_V_REF_S007,MC_G0_D045_DENS_REF_V_REF,7,2.77201390266,8.90947467955,15.1314482719,0,0,5.54402780533,
MC_G0_D045_DENS_REF_V_REF_S007,MC_G0_D045_DENS_REF_V_REF,7,2.78101015091,6.92713753993,13.7913821507,0,0,5.56202030182,
MC_G0_D045_DENS_REF_V_REF_S007,MC_G0_D045_DENS_REF_V_REF,7,2.79000639915,8.03398510474,14.4509945227,0,0,5.58001279831,
MC_G0_D045_DENS_REF_V_REF_S007,MC_G0_D045_DENS_REF_V_REF,7,2.7990026474,7.15109500929,12.767809884,0,0,5.5980052948,
MC_G0_D045_DENS_REF_V_REF_S007,MC_G0_D045_DENS_REF_V_REF,7,2.80801701546,7.5572310079,11.64853008,0,0,5.61603403091,
MC_G0_D045_DENS_REF_V_REF_S007,MC_G0_D045_DENS_REF_V_REF,7,2.8170132637,8.85360926825,13.4354466588,0,0,5.6340265274,
MC_G0_D045_DENS_REF_V_REF_S007,MC_G0_D045_DENS_REF_V_REF,7,2.82600951195,8.50383220249,13.7702948559,0,0,5.6520190239,
MC_G0_D045_DENS_REF_V_REF_S007,MC_G0_D045_DENS_REF_V_REF,7,2.83500576019,8.78417777082,13.1464270599,0,0,5.67001152039,
MC_G0_D045_DENS_REF_V_REF_S007,MC_G0_D045_DENS_REF_V_REF,7,2.84400200844,8.31974329199,10.51073659,0,0,5.68800401688,
MC_G0_D045_DENS_REF_V_REF_S007,MC_G0_D045_DENS_REF_V_REF,7,2.8530163765,9.06936721861,14.1031841685,0,0,5.70603275299,
MC_G0_D045_DENS_REF_V_REF_S007,MC_G0_D045_DENS_REF_V_REF,7,2.86201262474,10.2752944152,16.7139737599,0,0,5.72402524948,
MC_G0_D045_DENS_REF_V_REF_S007,MC_G0_D045_DENS_REF_V_REF,7,2.87100887299,8.79452944287,14.1355814896,0,0,5.74201774597,
MC_G0_D045_DENS_REF_V_REF_S007,MC_G0_D045_DENS_REF_V_REF,7,2.88000512123,8.78041917824,14.0423567619,0,0,5.76001024246,
MC_G0_D045_DENS_REF_V_REF_S007,MC_G0_D045_DENS_REF_V_REF,7,2.88900136948,9.1835303426,14.1895963477,0,0,5.77800273895,
MC_G0_D045_DENS_REF_V_REF_S007,MC_G0_D045_DENS_REF_V_REF,7,2.89801549911,8.99598371114,17.6703849705,0,0,5.79603099823,
MC_G0_D045_DENS_REF_V_REF_S007,MC_G0_D045_DENS_REF_V_REF,7,2.90701174736,8.23462118643,15.3883907085,0,0,5.81402349472,
MC_G0_D045_DENS_REF_V_REF_S007,MC_G0_D045_DENS_REF_V_REF,7,2.91600799561,7.95413132253,13.9388675747,0,0,5.83201599121,
MC_G0_D045_DENS_REF_V_REF_S007,MC_G0_D045_DENS_REF_V_REF,7,2.92500424385,7.47844562693,14.6309901131,0,0,5.8500084877,
MC_G0_D045_DENS_REF_V_REF_S007,MC_G0_D045_DENS_REF_V_REF,7,2.9340004921,8.75195610962,14.7330044062,0,0,5.86800098419,
MC_G0_D045_DENS_REF_V_REF_S007,MC_G0_D045_DENS_REF_V_REF,7,2.94301486015,7.64743722969,12.903585656,0,0,5.88602972031,
MC_G0_D045_DENS_REF_V_REF_S007,MC_G0_D045_DENS_REF_V_REF,7,2.9520111084,8.93271087142,15.0002711429,0,0,5.9040222168,
MC_G0_D045_DENS_REF_V_REF_S007,MC_G0_D045_DENS_REF_V_REF,7,2.96100735664,7.84888689279,12.8874705799,0,0,5.92201471329,
MC_G0_D045_DENS_REF_V_REF_S007,MC_G0_D045_DENS_REF_V_REF,7,2.97000360489,8.64988771746,13.6279353076,0,0,5.94000720978,
MC_G0_D045_DENS_REF_V_REF_S007,MC_G0_D045_DENS_REF_V_REF,7,2.97901773453,8.2449007107,14.8957305686,0,0,5.95803546906,
MC_G0_D045_DENS_REF_V_REF_S007,MC_G0_D045_DENS_REF_V_REF,7,2.98801398277,8.75959916963,16.4487081745,0,0,5.97602796555,
MC_G0_D045_DENS_REF_V_REF_S007,MC_G0_D045_DENS_REF_V_REF,7,2.99701023102,8.46666151027,11.0507097281,0,0,5.99402046204,
MC_G0_D045_DENS_REF_V_REF_S007,MC_G0_D045_DENS_REF_V_REF,7,3.00600647926,9.2127908745,13.9509474236,0,0,6.01201295853,
MC_G0_D045_DENS_REF_V_REF_S007,MC_G0_D045_DENS_REF_V_REF,7,3.01500272751,8.64050697038,13.4235753418,0,0,6.03000545502,
MC_G0_D045_DENS_REF_V_REF_S007,MC_G0_D045_DENS_REF_V_REF,7,3.02401709557,9.19950340163,14.8607015247,0,0,6.04803419113,
MC_G0_D045_DENS_REF_V_REF_S007,MC_G0_D045_DENS_REF_V_REF,7,3.03301334381,8.9475840605,16.8772146761,0,0,6.06602668762,
MC_G0_D045_DENS_REF_V_REF_S007,MC_G0_D045_DENS_REF_V_REF,7,3.04200959206,8.05413122234,13.7751308246,0,0,6.08401918411,
MC_G0_D045_DENS_REF_V_REF_S007,MC_G0_D045_DENS_REF_V_REF,7,3.0510058403,8.87404551205,17.284705065,0,0,6.1020116806,
MC_G0_D045_DENS_REF_V_REF_S007,MC_G0_D045_DENS_REF_V_REF,7,3.06000208855,8.78319303031,14.2893487096,0,0,6.12000417709,
MC_G0_D045_DENS_REF_V_REF_S007,MC_G0_D045_DENS_REF_V_REF,7,3.06901621819,9.01769635671,14.6537262531,0,0,6.13803243637,
MC_G0_D045_DENS_REF_V_REF_S007,MC_G0_D045_DENS_REF_V_REF,7,3.07801246643,8.81389191273,14.6086546589,0,0,6.15602493286,
MC_G0_D045_DENS_REF_V_REF_S007,MC_G0_D045_DENS_REF_V_REF,7,3.08700871468,9.6001638439,15.3615558047,0,0,6.17401742935,
MC_G0_D045_DENS_REF_V_REF_S007,MC_G0_D045_DENS_REF_V_REF,7,3.09600496292,9.26252218904,14.5047771259,0,0,6.19200992584,
MC_G0_D045_DENS_REF_V_REF_S007,MC_G0_D045_DENS_REF_V_REF,7,3.10500121117,9.99779484673,16.730343883,0,0,6.21000242233,
MC_G0_D045_DENS_REF_V_REF_S007,MC_G0_D045_DENS_REF_V_REF,7,3.11401557922,10.0248210999,15.4487804278,0,0,6.22803115845,
MC_G0_D045_DENS_REF_V_REF_S007,MC_G0_D045_DENS_REF_V_REF,7,3.12301182747,9.84610412925,15.1451117599,0,0,6.24602365494,
MC_G0_D045_DENS_REF_V_REF_S007,MC_G0_D045_DENS_REF_V_REF,7,3.13200807571,9.29414210701,15.6396112382,0,0,6.26401615143,
MC_G0_D045_DENS_REF_V_REF_S007,MC_G0_D045_DENS_REF_V_REF,7,3.14100432396,9.36178372536,15.9696850839,0,0,6.28200864792,
MC_G0_D045_DENS_REF_V_REF_S007,MC_G0_D045_DENS_REF_V_REF,7,3.1500005722,8.73790724736,15.8181642249,0,0,6.30000114441,
MC_G0_D045_DENS_REF_V_REF_S007,MC_G0_D045_DENS_REF_V_REF,7,3.15901470184,8.5305928904,15.1429859693,0,0,6.31802940369,
MC_G0_D045_DENS_REF_V_REF_S007,MC_G0_D045_DENS_REF_V_REF,7,3.16801095009,9.16506434735,16.6016445254,0,0,6.33602190018,
MC_G0_D045_DENS_REF_V_REF_S007,MC_G0_D045_DENS_REF_V_REF,7,3.17700719833,10.7871576197,21.7238080149,0,0,6.35401439667,
MC_G0_D045_DENS_REF_V_REF_S007,MC_G0_D045_DENS_REF_V_REF,7,3.18600344658,10.6268007252,17.6776811293,0,0,6.37200689316,
MC_G0_D045_DENS_REF_V_REF_S007,MC_G0_D045_DENS_REF_V_REF,7,3.19501757622,9.51630432457,15.5819024421,0,0,6.39003515244,
MC_G0_D045_DENS_REF_V_REF_S007,MC_G0_D045_DENS_REF_V_REF,7,3.20401382446,9.85609275979,19.8885441281,0,0,6.40802764893,
MC_G0_D045_DENS_REF_V_REF_S007,MC_G0_D045_DENS_REF_V_REF,7,3.21301007271,7.98988976024,14.5617714256,0,0,6.42602014542,
MC_G0_D045_DENS_REF_V_REF_S007,MC_G0_D045_DENS_REF_V_REF,7,3.22200632095,10.3611479765,21.1884425032,0,0,6.44401264191,
MC_G0_D045_DENS_REF_V_REF_S007,MC_G0_D045_DENS_REF_V_REF,7,3.2310025692,10.3394606594,16.5038881839,0,0,6.4620051384,
MC_G0_D045_DENS_REF_V_REF_S007,MC_G0_D045_DENS_REF_V_REF,7,3.24001693726,9.50823758821,14.8904033072,0,0,6.48003387451,
MC_G0_D045_DENS_REF_V_REF_S007,MC_G0_D045_DENS_REF_V_REF,7,3.2490131855,11.1927693956,15.3531380171,0,0,6.498026371,
MC_G0_D045_DENS_REF_V_REF_S007,MC_G0_D045_DENS_REF_V_REF,7,3.25800943375,9.36924948602,17.7418640259,0,0,6.51601886749,
MC_G0_D045_DENS_REF_V_REF_S007,MC_G0_D045_DENS_REF_V_REF,7,3.26700544357,10.4241537159,19.4215512184,0,0,6.53401088715,
MC_G0_D045_DENS_REF_V_REF_S007,MC_G0_D045_DENS_REF_V_REF,7,3.27600169182,11.4318625491,18.9349157653,0,0,6.55200338364,
MC_G0_D045_DENS_REF_V_REF_S007,MC_G0_D045_DENS_REF_V_REF,7,3.28501605988,9.5406534344,18.0941168897,0,0,6.57003211975,
MC_G0_D045_DENS_REF_V_REF_S007,MC_G0_D045_DENS_REF_V_REF,7,3.29401230812,8.64074797469,16.4251365027,0,0,6.58802461624,
MC_G0_D045_DENS_REF_V_REF_S007,MC_G0_D045_DENS_REF_V_REF,7,3.30300855637,9.8366466292,17.0972548706,0,0,6.60601711273,
MC_G0_D045_DENS_REF_V_REF_S007,MC_G0_D045_DENS_REF_V_REF,7,3.31200480461,9.83166152429,18.8919621718,0,0,6.62400960922,
MC_G0_D045_DENS_REF_V_REF_S007,MC_G0_D045_DENS_REF_V_REF,7,3.32100105286,11.5981163737,19.2300739344,0,0,6.64200210571,
MC_G0_D045_DENS_REF_V_REF_S007,MC_G0_D045_DENS_REF_V_REF,7,3.3300151825,9.76272047829,14.9363533623,0,0,6.66003036499,
MC_G0_D045_DENS_REF_V_REF_S007,MC_G0_D045_DENS_REF_V_REF,7,3.33901143074,9.96138477637,17.1964498182,0,0,6.67802286148,
MC_G0_D045_DENS_REF_V_REF_S007,MC_G0_D045_DENS_REF_V_REF,7,3.34800767899,10.9373531895,18.2197971586,0,0,6.69601535797,
MC_G0_D045_DENS_REF_V_REF_S007,MC_G0_D045_DENS_REF_V_REF,7,3.35700392723,11.2464918642,17.6670358556,0,0,6.71400785446,
MC_G0_D045_DENS_REF_V_REF_S007,MC_G0_D045_DENS_REF_V_REF,7,3.36600017548,10.3321921539,15.4608888101,0,0,6.73200035095,
MC_G0_D045_DENS_REF_V_REF_S007,MC_G0_D045_DENS_REF_V_REF,7,3.37501430511,10.5398526667,18.3507704402,0,0,6.75002861023,
MC_G0_D045_DENS_REF_V_REF_S007,MC_G0_D045_DENS_REF_V_REF,7,3.38401055336,10.2261709841,20.5210433076,0,0,6.76802110672,
MC_G0_D045_DENS_REF_V_REF_S007,MC_G0_D045_DENS_REF_V_REF,7,3.39300680161,11.2129654026,19.7143794432,0,0,6.78601360321,
MC_G0_D045_DENS_REF_V_REF_S007,MC_G0_D045_DENS_REF_V_REF,7,3.40200304985,10.9264550363,19.4414013773,0,0,6.8040060997,
MC_G0_D045_DENS_REF_V_REF_S007,MC_G0_D045_DENS_REF_V_REF,7,3.41101717949,10.0359456743,18.3423230722,0,0,6.82203435898,
MC_G0_D045_DENS_REF_V_REF_S007,MC_G0_D045_DENS_REF_V_REF,7,3.42001342773,10.5392263625,16.8748662805,0,0,6.84002685547,
MC_G0_D045_DENS_REF_V_REF_S007,MC_G0_D045_DENS_REF_V_REF,7,3.42900967598,11.5507728439,19.9594927212,0,0,6.85801935196,
MC_G0_D045_DENS_REF_V_REF_S007,MC_G0_D045_DENS_REF_V_REF,7,3.43800592422,10.4104410316,17.4937981092,0,0,6.87601184845,
MC_G0_D045_DENS_REF_V_REF_S007,MC_G0_D045_DENS_REF_V_REF,7,3.44700217247,10.9170151895,17.4300773513,0,0,6.89400434494,
MC_G0_D045_DENS_REF_V_REF_S007,MC_G0_D045_DENS_REF_V_REF,7,3.45601630211,11.0169636648,25.3765502716,0,0,6.91203260422,
MC_G0_D045_DENS_REF_V_REF_S007,MC_G0_D045_DENS_REF_V_REF,7,3.46501255035,11.0922613912,17.2035846924,0,0,6.93002510071,
MC_G0_D045_DENS_REF_V_REF_S007,MC_G0_D045_DENS_REF_V_REF,7,3.4740087986,11.5164696423,18.1634412939,0,0,6.9480175972,
MC_G0_D045_DENS_REF_V_REF_S007,MC_G0_D045_DENS_REF_V_REF,7,3.48300504684,12.5799279899,19.3824253074,0,0,6.96601009369,
MC_G0_D045_DENS_REF_V_REF_S007,MC_G0_D045_DENS_REF_V_REF,7,3.49200129509,11.2061520421,18.1000245307,0,0,6.98400259018,
MC_G0_D045_DENS_REF_V_REF_S007,MC_G0_D045_DENS_REF_V_REF,7,3.50101542473,10.9309044056,22.4999812734,0,0,7.00203084946,
MC_G0_D045_DENS_REF_V_REF_S007,MC_G0_D045_DENS_REF_V_REF,7,3.51001167297,10.5640989275,20.0174581477,0,0,7.02002334595,
MC_G0_D045_DENS_REF_V_REF_S007,MC_G0_D045_DENS_REF_V_REF,7,3.51900792122,11.0377276438,20.3224036308,0,0,7.03801584244,
MC_G0_D045_DENS_REF_V_REF_S007,MC_G0_D045_DENS_REF_V_REF,7,3.52800416946,11.1604180219,20.956031962,0,0,7.05600833893,
MC_G0_D045_DENS_REF_V_REF_S007,MC_G0_D045_DENS_REF_V_REF,7,3.53700041771,10.530053616,19.7754982453,0,0,7.07400083542,
MC_G0_D045_DENS_REF_V_REF_S007,MC_G0_D045_DENS_REF_V_REF,7,3.54601454735,12.2721010233,19.1423176072,0,0,7.0920290947,
MC_G0_D045_DENS_REF_V_REF_S007,MC_G0_D045_DENS_REF_V_REF,7,3.55501079559,11.1106099544,18.301639759,0,0,7.11002159119,
MC_G0_D045_DENS_REF_V_REF_S007,MC_G0_D045_DENS_REF_V_REF,7,3.56400704384,11.4345880468,19.3414448553,0,0,7.12801408768,
MC_G0_D045_DENS_REF_V_REF_S007,MC_G0_D045_DENS_REF_V_REF,7,3.57300329208,11.9214228778,20.0251883453,0,0,7.14600658417,
MC_G0_D045_DENS_REF_V_REF_S007,MC_G0_D045_DENS_REF_V_REF,7,3.58201742172,11.5299927468,24.923339299,0,0,7.16403484344,
MC_G0_D045_DENS_REF_V_REF_S007,MC_G0_D045_DENS_REF_V_REF,7,3.59101366997,10.9232859065,16.5218749184,0,0,7.18202733994,
MC_G0_D045_DENS_REF_V_REF_S007,MC_G0_D045_DENS_REF_V_REF,7,3.60000991821,12.097901732,26.8218125133,0,0,7.20001983643,
MC_G0_D045_DENS_REF_V_REF_S007,MC_G0_D045_DENS_REF_V_REF,7,3.60900616646,13.0436041494,20.937530302,0,0,7.21801233292,
MC_G0_D045_DENS_REF_V_REF_S007,MC_G0_D045_DENS_REF_V_REF,7,3.6180024147,12.9475478168,23.536844978,0,0,7.23600482941,
MC_G0_D045_DENS_REF_V_REF_S007,MC_G0_D045_DENS_REF_V_REF,7,3.62701654434,12.2929563383,22.238429646,0,0,7.25403308868,
MC_G0_D045_DENS_REF_V_REF_S007,MC_G0_D045_DENS_REF_V_REF,7,3.63601279259,12.3707830748,19.912992706,0,0,7.27202558517,
MC_G0_D045_DENS_REF_V_REF_S007,MC_G0_D045_DENS_REF_V_REF,7,3.64500904083,11.7696293113,21.8561084418,0,0,7.29001808167,
MC_G0_D045_DENS_REF_V_REF_S007,MC_G0_D045_DENS_REF_V_REF,7,3.65400505066,10.5000362998,19.5199093878,0,0,7.30801010132,
MC_G0_D045_DENS_REF_V_REF_S007,MC_G0_D045_DENS_REF_V_REF,7,3.6630012989,11.6654471426,20.8128734747,0,0,7.32600259781,
MC_G0_D045_DENS_REF_V_REF_S007,MC_G0_D045_DENS_REF_V_REF,7,3.67201566696,12.2561310344,20.4866677321,0,0,7.34403133392,
MC_G0_D045_DENS_REF_V_REF_S007,MC_G0_D045_DENS_REF_V_REF,7,3.68101191521,11.4773977792,19.0059714591,0,0,7.36202383041,
MC_G0_D045_DENS_REF_V_REF_S007,MC_G0_D045_DENS_REF_V_REF,7,3.69000792503,12.1781653751,20.0760821608,0,0,7.38001585007,
MC_G0_D045_DENS_REF_V_REF_S007,MC_G0_D045_DENS_REF_V_REF,7,3.69900417328,12.3620877316,22.7222229281,0,0,7.39800834656,
MC_G0_D045_DENS_REF_V_REF_S007,MC_G0_D045_DENS_REF_V_REF,7,3.70800042152,13.3419337044,19.6076580631,0,0,7.41600084305,
MC_G0_D045_DENS_REF_V_REF_S007,MC_G0_D045_DENS_REF_V_REF,7,3.71701455116,12.2114462272,18.7846768395,0,0,7.43402910233,
MC_G0_D045_DENS_REF_V_REF_S007,MC_G0_D045_DENS_REF_V_REF,7,3.72601079941,13.8759424412,24.2649373044,0,0,7.45202159882,
MC_G0_D045_DENS_REF_V_REF_S007,MC_G0_D045_DENS_REF_V_REF,7,3.73500704765,12.0288716526,27.4930991521,0,0,7.47001409531,
MC_G0_D045_DENS_REF_V_REF_S007,MC_G0_D045_DENS_REF_V_REF,7,3.7440032959,12.2432549574,21.4315046781,0,0,7.4880065918,
MC_G0_D045_DENS_REF_V_REF_S007,MC_G0_D045_DENS_REF_V_REF,7,3.75301742554,13.5777725324,24.4851023159,0,0,7.50603485107,
MC_G0_D045_DENS_REF_V_REF_S007,MC_G0_D045_DENS_REF_V_REF,7,3.76201367378,13.3924310135,27.9989153219,0,0,7.52402734756,
MC_G0_D045_DENS_REF_V_REF_S007,MC_G0_D045_DENS_REF_V_REF,7,3.77100992203,12.1027962685,21.976104801,0,0,7.54201984406,
MC_G0_D045_DENS_REF_V_REF_S007,MC_G0_D045_DENS_REF_V_REF,7,3.78000617027,12.4050709257,20.153043585,0,0,7.56001234055,
MC_G0_D045_DENS_REF_V_REF_S007,MC_G0_D045_DENS_REF_V_REF,7,3.7890021801,12.6982726153,21.1464260222,0,0,7.5780043602,
MC_G0_D045_DENS_REF_V_REF_S007,MC_G0_D045_DENS_REF_V_REF,7,3.79801654816,12.1855144712,20.9838070418,0,0,7.59603309631,
MC_G0_D045_DENS_REF_V_REF_S007,MC_G0_D045_DENS_REF_V_REF,7,3.8070127964,12.0787065836,23.0721516005,0,0,7.6140255928,
MC_G0_D045_DENS_REF_V_REF_S007,MC_G0_D045_DENS_REF_V_REF,7,3.81600880623,13.6842135408,22.9651399387,0,0,7.63201761246,
MC_G0_D045_DENS_REF_V_REF_S007,MC_G0_D045_DENS_REF_V_REF,7,3.82500505447,12.1367003546,19.1368614033,0,0,7.65001010895,
MC_G0_D045_DENS_REF_V_REF_S007,MC_G0_D045_DENS_REF_V_REF,7,3.83400130272,11.8182277521,24.0559760581,0,0,7.66800260544,
MC_G0_D045_DENS_REF_V_REF_S007,MC_G0_D045_DENS_REF_V_REF,7,3.84301543236,13.3277543621,20.7826628974,0,0,7.68603086472,
MC_G0_D045_DENS_REF_V_REF_S007,MC_G0_D045_DENS_REF_V_REF,7,3.8520116806,12.1248803984,19.6317620594,0,0,7.70402336121,
MC_G0_D045_DENS_REF_V_REF_S007,MC_G0_D045_DENS_REF_V_REF,7,3.86100792885,11.9329289144,20.687272459,0,0,7.7220158577,
MC_G0_D045_DENS_REF_V_REF_S007,MC_G0_D045_DENS_REF_V_REF,7,3.87000417709,12.9165089188,23.1316361778,0,0,7.74000835419,
MC_G0_D045_DENS_REF_V_REF_S007,MC_G0_D045_DENS_REF_V_REF,7,3.87900018692,11.7856000678,23.5578047963,0,0,7.75800037384,
MC_G0_D045_DENS_REF_V_REF_S007,MC_G0_D045_DENS_REF_V_REF,7,3.88801455498,10.8308262177,23.6376947178,0,0,7.77602910995,
MC_G0_D045_DENS_REF_V_REF_S007,MC_G0_D045_DENS_REF_V_REF,7,3.89701080322,13.4713514797,24.5104804623,0,0,7.79402160645,
MC_G0_D045_DENS_REF_V_REF_S007,MC_G0_D045_DENS_REF_V_REF,7,3.90600681305,12.7193635618,23.8513946803,0,0,7.8120136261,
MC_G0_D045_DENS_REF_V_REF_S007,MC_G0_D045_DENS_REF_V_REF,7,3.91500306129,14.2228213151,24.578234046,0,0,7.83000612259,
MC_G0_D045_DENS_REF_V_REF_S007,MC_G0_D045_DENS_REF_V_REF,7,3.92401719093,13.3273920881,22.2339656064,0,0,7.84803438187,
MC_G0_D045_DENS_REF_V_REF_S007,MC_G0_D045_DENS_REF_V_REF,7,3.93301343918,14.4743238876,23.6774945107,0,0,7.86602687836,
MC_G0_D045_DENS_REF_V_REF_S007,MC_G0_D045_DENS_REF_V_REF,7,3.94200968742,12.1180094732,20.367053054,0,0,7.88401937485,
MC_G0_D045_DENS_REF_V_REF_S007,MC_G0_D045_DENS_REF_V_REF,7,3.95100593567,13.7406300384,27.4321658454,0,0,7.90201187134,
MC_G0_D045_DENS_REF_V_REF_S007,MC_G0_D045_DENS_REF_V_REF,7,3.9600019455,13.5507186481,23.6024974209,0,0,7.92000389099,
MC_G0_D045_DENS_REF_V_REF_S007,MC_G0_D045_DENS_REF_V_REF,7,3.96901631355,12.8250117122,24.4021993573,0,0,7.93803262711,
MC_G0_D045_DENS_REF_V_REF_S007,MC_G0_D045_DENS_REF_V_REF,7,3.97801232338,13.4393715903,23.4968829332,0,0,7.95602464676,
MC_G0_D045_DENS_REF_V_REF_S007,MC_G0_D045_DENS_REF_V_REF,7,3.98700857162,12.4951551103,23.9344443506,0,0,7.97401714325,
MC_G0_D045_DENS_REF_V_REF_S007,MC_G0_D045_DENS_REF_V_REF,7,3.99600481987,11.2532407522,19.4915339384,0,0,7.99200963974,
MC_G0_D045_DENS_REF_V_REF_S007,MC_G0_D045_DENS_REF_V_REF,7,4.00500106812,13.0934367779,21.4010675699,0,0,8.01000213623,
MC_G0_D045_DENS_REF_V_REF_S007,MC_G0_D045_DENS_REF_V_REF,7,4.01401519775,10.6380841782,23.6241787879,0,0,8.02803039551,
MC_G0_D045_DENS_REF_V_REF_S007,MC_G0_D045_DENS_REF_V_REF,7,4.02301120758,13.4801842106,24.9342685069,0,0,8.04602241516,
MC_G0_D045_DENS_REF_V_REF_S007,MC_G0_D045_DENS_REF_V_REF,7,4.03200769424,13.248912184,21.5898534887,0,0,8.06401538849,
MC_G0_D045_DENS_REF_V_REF_S007,MC_G0_D045_DENS_REF_V_REF,7,4.04100370407,13.152224942,24.9507637335,0,0,8.08200740814,
MC_G0_D045_DENS_REF_V_REF_S007,MC_G0_D045_DENS_REF_V_REF,7,4.05001783371,14.181884355,23.9825834518,0,0,8.10003566742,
MC_G0_D045_DENS_REF_V_REF_S007,MC_G0_D045_DENS_REF_V_REF,7,4.05901432037,12.8589434294,22.1153093039,0,0,8.11802864075,
MC_G0_D045_DENS_REF_V_REF_S007,MC_G0_D045_DENS_REF_V_REF,7,4.0680103302,14.474489674,27.0517289211,0,0,8.1360206604,
MC_G0_D045_DENS_REF_V_REF_S007,MC_G0_D045_DENS_REF_V_REF,7,4.07700634003,13.7128961229,25.70528221,0,0,8.15401268005,
MC_G0_D045_DENS_REF_V_REF_S007,MC_G0_D045_DENS_REF_V_REF,7,4.08600282669,14.0389565232,22.0873851868,0,0,8.17200565338,
MC_G0_D045_DENS_REF_V_REF_S007,MC_G0_D045_DENS_REF_V_REF,7,4.09501695633,13.2171656236,21.0668416195,0,0,8.19003391266,
MC_G0_D045_DENS_REF_V_REF_S007,MC_G0_D045_DENS_REF_V_REF,7,4.10401296616,13.2046855919,21.9511990306,0,0,8.20802593231,
MC_G0_D045_DENS_REF_V_REF_S007,MC_G0_D045_DENS_REF_V_REF,7,4.11300945282,13.1058784331,24.511065755,0,0,8.22601890564,
MC_G0_D045_DENS_REF_V_REF_S007,MC_G0_D045_DENS_REF_V_REF,7,4.12200546265,12.3147065928,23.5968961754,0,0,8.24401092529,
MC_G0_D045_DENS_REF_V_REF_S007,MC_G0_D045_DENS_REF_V_REF,7,4.13100147247,13.2274152142,24.6057771183,0,0,8.26200294495,
MC_G0_D045_DENS_REF_V_REF_S007,MC_G0_D045_DENS_REF_V_REF,7,4.14001607895,14.8741868666,25.1482946739,0,0,8.2800321579,
MC_G0_D045_DENS_REF_V_REF_S007,MC_G0_D045_DENS_REF_V_REF,7,4.14901208878,14.2144644525,25.112346852,0,0,8.29802417755,
MC_G0_D045_DENS_REF_V_REF_S007,MC_G0_D045_DENS_REF_V_REF,7,4.1580080986,13.6209921256,22.612043765,0,0,8.3160161972,
MC_G0_D045_DENS_REF_V_REF_S007,MC_G0_D045_DENS_REF_V_REF,7,4.16700458527,13.9681058635,24.8377644065,0,0,8.33400917053,
MC_G0_D045_DENS_REF_V_REF_S007,MC_G0_D045_DENS_REF_V_REF,7,4.17600059509,13.1496828839,25.0351917326,0,0,8.35200119019,
MC_G0_D045_DENS_REF_V_REF_S007,MC_G0_D045_DENS_REF_V_REF,7,4.18501472473,13.5634120531,26.0181440218,0,0,8.37002944946,
MC_G0_D045_DENS_REF_V_REF_S007,MC_G0_D045_DENS_REF_V_REF,7,4.19401073456,16.106276078,32.6780614791,0,0,8.38802146912,
MC_G0_D045_DENS_REF_V_REF_S007,MC_G0_D045_DENS_REF_V_REF,7,4.20300722122,14.783830209,24.6285652994,0,0,8.40601444244,
MC_G0_D045_DENS_REF_V_REF_S007,MC_G0_D045_DENS_REF_V_REF,7,4.21200323105,14.8341801524,25.9529468061,0,0,8.4240064621,
MC_G0_D045_DENS_REF_V_REF_S007,MC_G0_D045_DENS_REF_V_REF,7,4.22101736069,13.7864853283,29.5763368665,0,0,8.44203472137,
MC_G0_D045_DENS_REF_V_REF_S007,MC_G0_D045_DENS_REF_V_REF,7,4.23001384735,14.2389501826,26.6524708457,0,0,8.4600276947,
MC_G0_D045_DENS_REF_V_REF_S007,MC_G0_D045_DENS_REF_V_REF,7,4.23900985718,13.4431033194,24.8832836519,0,0,8.47801971436,
MC_G0_D045_DENS_REF_V_REF_S007,MC_G0_D045_DENS_REF_V_REF,7,4.248005867,13.3046839566,25.2039657185,0,0,8.49601173401,
MC_G0_D045_DENS_REF_V_REF_S007,MC_G0_D045_DENS_REF_V_REF,7,4.25700235367,13.5890552179,26.0444168557,0,0,8.51400470734,
MC_G0_D045_DENS_REF_V_REF_S007,MC_G0_D045_DENS_REF_V_REF,7,4.26601648331,14.4352719803,25.6069092617,0,0,8.53203296661,
MC_G0_D045_DENS_REF_V_REF_S007,MC_G0_D045_DENS_REF_V_REF,7,4.27501249313,16.0993483556,29.0904289793,0,0,8.55002498627,
MC_G0_D045_DENS_REF_V_REF_S007,MC_G0_D045_DENS_REF_V_REF,7,4.2840089798,15.0188047986,24.6250167591,0,0,8.56801795959,
MC_G0_D045_DENS_REF_V_REF_S007,MC_G0_D045_DENS_REF_V_REF,7,4.29300498962,14.8066688205,24.2349761963,0,0,8.58600997925,
MC_G0_D045_DENS_REF_V_REF_S007,MC_G0_D045_DENS_REF_V_REF,7,4.30200099945,14.294635992,24.6235675063,0,0,8.6040019989,
MC_G0_D045_DENS_REF_V_REF_S007,MC_G0_D045_DENS_REF_V_REF,7,4.31101512909,14.707867802,26.8656783915,0,0,8.62203025818,
MC_G0_D045_DENS_REF_V_REF_S007,MC_G0_D045_DENS_REF_V_REF,7,4.32001161575,14.1083933934,23.2087967209,0,0,8.64002323151,
MC_G0_D045_DENS_REF_V_REF_S007,MC_G0_D045_DENS_REF_V_REF,7,4.32900762558,15.2000753403,29.3757908126,0,0,8.65801525116,
MC_G0_D045_DENS_REF_V_REF_S007,MC_G0_D045_DENS_REF_V_REF,7,4.33800363541,16.351702886,34.5918355475,0,0,8.67600727081,
MC_G0_D045_DENS_REF_V_REF_S007,MC_G0_D045_DENS_REF_V_REF,7,4.34701776505,14.6559628436,26.8809988681,0,0,8.69403553009,
MC_G0_D045_DENS_REF_V_REF_S007,MC_G0_D045_DENS_REF_V_REF,7,4.35601425171,14.6625528529,27.3076216125,0,0,8.71202850342,
MC_G0_D045_DENS_REF_V_REF_S007,MC_G0_D045_DENS_REF_V_REF,7,4.36501026154,15.0400930003,29.8139530448,0,0,8.73002052307,
MC_G0_D045_DENS_REF_V_REF_S007,MC_G0_D045_DENS_REF_V_REF,7,4.37400627136,15.0208049808,28.5638415398,0,0,8.74801254272,
MC_G0_D045_DENS_REF_V_REF_S007,MC_G0_D045_DENS_REF_V_REF,7,4.38300275803,14.7069252756,27.2754881933,0,0,8.76600551605,
MC_G0_D045_DENS_REF_V_REF_S007,MC_G0_D045_DENS_REF_V_REF,7,4.39201688766,13.7384640698,24.5953175615,0,0,8.78403377533,
MC_G0_D045_DENS_REF_V_REF_S007,MC_G0_D045_DENS_REF_V_REF,7,4.40101289749,13.9436109231,25.111638725,0,0,8.80202579498,
MC_G0_D045_DENS_REF_V_REF_S007,MC_G0_D045_DENS_REF_V_REF,7,4.41000938416,16.5045349201,27.4439741612,0,0,8.82001876831,
MC_G0_D045_DENS_REF_V_REF_S007,MC_G0_D045_DENS_REF_V_REF,7,4.41900539398,14.9476640127,26.3781271966,0,0,8.83801078796,
MC_G0_D045_DENS_REF_V_REF_S007,MC_G0_D045_DENS_REF_V_REF,7,4.42800140381,16.2069575441,26.090738796,0,0,8.85600280762,
MC_G0_D045_DENS_REF_V_REF_S007,MC_G0_D045_DENS_REF_V_REF,7,4.43701553345,16.0241181719,26.8744259264,0,0,8.87403106689,
MC_G0_D045_DENS_REF_V_REF_S007,MC_G0_D045_DENS_REF_V_REF,7,4.44601202011,14.6439402595,35.2399777483,0,0,8.89202404022,
MC_G0_D045_DENS_REF_V_REF_S007,MC_G0_D045_DENS_REF_V_REF,7,4.45500802994,15.7195056194,25.3812601154,0,0,8.91001605988,
MC_G0_D045_DENS_REF_V_REF_S007,MC_G0_D045_DENS_REF_V_REF,7,4.46400403976,16.0335986978,28.0716476956,0,0,8.92800807953,
MC_G0_D045_DENS_REF_V_REF_S007,MC_G0_D045_DENS_REF_V_REF,7,4.47300052643,15.1099197755,31.6338016893,0,0,8.94600105286,
MC_G0_D045_DENS_REF_V_REF_S007,MC_G0_D045_DENS_REF_V_REF,7,4.48201465607,14.0826934314,26.2144826133,0,0,8.96402931213,
MC_G0_D045_DENS_REF_V_REF_S007,MC_G0_D045_DENS_REF_V_REF,7,4.49101066589,16.422404645,30.2567890596,0,0,8.98202133179,
MC_G0_D045_DENS_REF_V_REF_S007,MC_G0_D045_DENS_REF_V_REF,7,4.50000667572,14.9566778806,27.6667203902,0,0,9.00001335144,
MC_G0_D045_DENS_REF_V_REF_S007,MC_G0_D045_DENS_REF_V_REF,7,4.50900316238,15.6393693863,28.8147448312,0,0,9.01800632477,
MC_G0_D045_DENS_REF_V_REF_S007,MC_G0_D045_DENS_REF_V_REF,7,4.51801729202,16.1941183086,26.6413391549,0,0,9.03603458405,
MC_G0_D045_DENS_REF_V_REF_S007,MC_G0_D045_DENS_REF_V_REF,7,4.52701330185,16.078787772,26.6545814034,0,0,9.0540266037,
MC_G0_D045_DENS_REF_V_REF_S007,MC_G0_D045_DENS_REF_V_REF,7,4.53600931168,16.1092709786,28.3050857762,0,0,9.07201862335,
MC_G0_D045_DENS_REF_V_REF_S007,MC_G0_D045_DENS_REF_V_REF,7,4.54500579834,15.6481023383,27.7523753525,0,0,9.09001159668,
MC_G0_D045_DENS_REF_V_REF_S007,MC_G0_D045_DENS_REF_V_REF,7,4.55400180817,17.1848179178,27.9652213653,0,0,9.10800361633,
MC_G0_D045_DENS_REF_V_REF_S007,MC_G0_D045_DENS_REF_V_REF,7,4.56301593781,16.5218074068,29.2898103151,0,0,9.12603187561,
MC_G0_D045_DENS_REF_V_REF_S007,MC_G0_D045_DENS_REF_V_REF,7,4.57201194763,17.0755662159,32.8124407773,0,0,9.14402389526,
MC_G0_D045_DENS_REF_V_REF_S007,MC_G0_D045_DENS_REF_V_REF,7,4.5810084343,16.7965492413,32.6944046235,0,0,9.16201686859,
MC_G0_D045_DENS_REF_V_REF_S007,MC_G0_D045_DENS_REF_V_REF,7,4.59000444412,15.3535321435,29.1313235709,0,0,9.18000888824,
MC_G0_D045_DENS_REF_V_REF_S007,MC_G0_D045_DENS_REF_V_REF,7,4.59900045395,14.5282152127,31.1523402798,0,0,9.1980009079,
MC_G0_D045_DENS_REF_V_REF_S007,MC_G0_D045_DENS_REF_V_REF,7,4.60801458359,14.8350796971,30.2497767952,0,0,9.21602916718,
MC_G0_D045_DENS_REF_V_REF_S007,MC_G0_D045_DENS_REF_V_REF,7,4.61701107025,15.1461302881,30.0613342548,0,0,9.2340221405,
MC_G0_D045_DENS_REF_V_REF_S007,MC_G0_D045_DENS_REF_V_REF,7,4.62600708008,15.8729624225,31.0942583668,0,0,9.25201416016,
MC_G0_D045_DENS_REF_V_REF_S007,MC_G0_D045_DENS_REF_V_REF,7,4.6350030899,16.1215468474,28.5630906408,0,0,9.27000617981,
MC_G0_D045_DENS_REF_V_REF_S007,MC_G0_D045_DENS_REF_V_REF,7,4.64401769638,16.5122148215,29.5368185197,0,0,9.28803539276,
MC_G0_D045_DENS_REF_V_REF_S007,MC_G0_D045_DENS_REF_V_REF,7,4.65301370621,16.4305097579,29.2387076704,0,0,9.30602741241,
MC_G0_D045_DENS_REF_V_REF_S007,MC_G0_D045_DENS_REF_V_REF,7,4.66200971603,17.8717139507,31.1754779794,0,0,9.32401943207,
MC_G0_D045_DENS_REF_V_REF_S007,MC_G0_D045_DENS_REF_V_REF,7,4.67100572586,16.1740289882,29.2409157349,0,0,9.34201145172,
MC_G0_D045_DENS_REF_V_REF_S007,MC_G0_D045_DENS_REF_V_REF,7,4.68000221252,12.8942014378,26.2743993493,0,0,9.36000442505,
MC_G0_D045_DENS_REF_V_REF_S007,MC_G0_D045_DENS_REF_V_REF,7,4.68901634216,18.1543413846,31.0744463567,0,0,9.37803268433,
MC_G0_D045_DENS_REF_V_REF_S007,MC_G0_D045_DENS_REF_V_REF,7,4.69801235199,16.9944874564,30.395278725,0,0,9.39602470398,
MC_G0_D045_DENS_REF_V_REF_S007,MC_G0_D045_DENS_REF_V_REF,7,4.70700836182,16.6334798971,32.2006516646,0,0,9.41401672363,
MC_G0_D045_DENS_REF_V_REF_S007,MC_G0_D045_DENS_REF_V_REF,7,4.71600484848,14.8955932679,28.5897488135,0,0,9.43200969696,
MC_G0_D045_DENS_REF_V_REF_S007,MC_G0_D045_DENS_REF_V_REF,7,4.72500085831,14.4723728273,32.5896583212,0,0,9.45000171661,
MC_G0_D045_DENS_REF_V_REF_S007,MC_G0_D045_DENS_REF_V_REF,7,4.73401498795,14.8859515607,33.6885433234,0,0,9.46802997589,
MC_G0_D045_DENS_REF_V_REF_S007,MC_G0_D045_DENS_REF_V_REF,7,4.74301099777,16.6301657042,31.3564162075,0,0,9.48602199554,
MC_G0_D045_DENS_REF_V_REF_S007,MC_G0_D045_DENS_REF_V_REF,7,4.75200748444,16.8089678706,29.8420803846,0,0,9.50401496887,
MC_G0_D045_DENS_REF_V_REF_S007,MC_G0_D045_DENS_REF_V_REF,7,4.76100349426,17.0304339388,30.3842234844,0,0,9.52200698853,
MC_G0_D045_DENS_REF_V_REF_S007,MC_G0_D045_DENS_REF_V_REF,7,4.7700176239,17.0071762561,30.5947333657,0,0,9.5400352478,
MC_G0_D045_DENS_REF_V_REF_S007,MC_G0_D045_DENS_REF_V_REF,7,4.77901363373,16.9095342073,29.954314279,0,0,9.55802726746,
MC_G0_D045_DENS_REF_V_REF_S007,MC_G0_D045_DENS_REF_V_REF,7,4.78801012039,16.8109173959,28.738265535,0,0,9.57602024078,
MC_G0_D045_DENS_REF_V_REF_S007,MC_G0_D045_DENS_REF_V_REF,7,4.79700613022,16.3123501071,32.1821709564,0,0,9.59401226044,
MC_G0_D045_DENS_REF_V_REF_S007,MC_G0_D045_DENS_REF_V_REF,7,4.80600214005,16.7195475992,34.8717484057,0,0,9.61200428009,
MC_G0_D045_DENS_REF_V_REF_S007,MC_G0_D045_DENS_REF_V_REF,7,4.81501626968,17.1620038672,32.4867450165,0,0,9.63003253937,
MC_G0_D045_DENS_REF_V_REF_S007,MC_G0_D045_DENS_REF_V_REF,7,4.82401275635,16.0517569137,32.9306278479,0,0,9.6480255127,
MC_G0_D045_DENS_REF_V_REF_S007,MC_G0_D045_DENS_REF_V_REF,7,4.83300876617,15.4909752085,33.7395969028,0,0,9.66601753235,
MC_G0_D045_DENS_REF_V_REF_S007,MC_G0_D045_DENS_REF_V_REF,7,4.842004776,14.947333975,34.8627474311,0,0,9.684009552,
MC_G0_D045_DENS_REF_V_REF_S007,MC_G0_D045_DENS_REF_V_REF,7,4.85100126266,16.0380749306,34.9138825085,0,0,9.70200252533,
MC_G0_D045_DENS_REF_V_REF_S007,MC_G0_D045_DENS_REF_V_REF,7,4.8600153923,16.8920283916,33.6501533391,0,0,9.72003078461,
MC_G0_D045_DENS_REF_V_REF_S007,MC_G0_D045_DENS_REF_V_REF,7,4.86901140213,16.5585690057,32.3422336503,0,0,9.73802280426,
MC_G0_D045_DENS_REF_V_REF_S007,MC_G0_D045_DENS_REF_V_REF,7,4.87800741196,16.394811955,29.8524250922,0,0,9.75601482391,
MC_G0_D045_DENS_REF_V_REF_S007,MC_G0_D045_DENS_REF_V_REF,7,4.88700389862,16.6484221639,34.0197009221,0,0,9.77400779724,
MC_G0_D045_DENS_REF_V_REF_S007,MC_G0_D045_DENS_REF_V_REF,7,4.89601802826,17.0959395222,31.9032668051,0,0,9.79203605652,
MC_G0_D045_DENS_REF_V_REF_S007,MC_G0_D045_DENS_REF_V_REF,7,4.90501403809,16.8306720734,31.6617386982,0,0,9.81002807617,
MC_G0_D045_DENS_REF_V_REF_S007,MC_G0_D045_DENS_REF_V_REF,7,4.91401004791,16.605781288,32.3342301425,0,0,9.82802009583,
MC_G0_D045_DENS_REF_V_REF_S007,MC_G0_D045_DENS_REF_V_REF,7,4.92300605774,17.1846275704,39.5441396522,0,0,9.84601211548,
MC_G0_D045_DENS_REF_V_REF_S007,MC_G0_D045_DENS_REF_V_REF,7,4.9320025444,16.3776024057,31.6421409233,0,0,9.86400508881,
MC_G0_D045_DENS_REF_V_REF_S007,MC_G0_D045_DENS_REF_V_REF,7,4.94101667404,17.6665333261,34.2762509948,0,0,9.88203334808,
MC_G0_D045_DENS_REF_V_REF_S007,MC_G0_D045_DENS_REF_V_REF,7,4.95001268387,17.8127339042,36.817856963,0,0,9.90002536774,
MC_G0_D045_DENS_REF_V_REF_S007,MC_G0_D045_DENS_REF_V_REF,7,4.9590086937,14.5581381227,31.1857444165,0,0,9.91801738739,
MC_G0_D045_DENS_REF_V_REF_S007,MC_G0_D045_DENS_REF_V_REF,7,4.96800518036,17.2402903539,36.2004379329,0,0,9.93601036072,
MC_G0_D045_DENS_REF_V_REF_S007,MC_G0_D045_DENS_REF_V_REF,7,4.97700119019,18.1340248754,33.3186499781,0,0,9.95400238037,
MC_G0_D045_DENS_REF_V_REF_S007,MC_G0_D045_DENS_REF_V_REF,7,4.98601531982,16.8353432587,33.6813070987,0,0,9.97203063965,
MC_G0_D045_DENS_REF_V_REF_S007,MC_G0_D045_DENS_REF_V_REF,7,4.99501132965,17.7386626902,35.0238293933,0,0,9.9900226593,
MC_G0_D045_DENS_REF_V_REF_S007,MC_G0_D045_DENS_REF_V_REF,7,5.00400781631,17.6935549741,34.5253910091,0,0,10.0080156326,
MC_G0_D045_DENS_REF_V_REF_S007,MC_G0_D045_DENS_REF_V_REF,7,5.01300382614,17.8060809574,34.5347697546,0,0,10.0260076523,
MC_G0_D045_DENS_REF_V_REF_S007,MC_G0_D045_DENS_REF_V_REF,7,5.02201795578,16.6438676431,31.5363668018,0,0,10.0440359116,
MC_G0_D045_DENS_REF_V_REF_S007,MC_G0_D045_DENS_REF_V_REF,7,5.03101396561,17.4382669454,34.1578611802,0,0,10.0620279312,
MC_G0_D045_DENS_REF_V_REF_S007,MC_G0_D045_DENS_REF_V_REF,7,5.04000997543,18.2632292775,35.8883336009,0,0,10.0800199509,
MC_G0_D045_DENS_REF_V_REF_S007,MC_G0_D045_DENS_REF_V_REF,7,5.0490064621,17.7763837011,34.172385071,0,0,10.0980129242,
MC_G0_D045_DENS_REF_V_REF_S007,MC_G0_D045_DENS_REF_V_REF,7,5.05800247192,17.4789506208,36.0393308192,0,0,10.1160049438,
MC_G0_D045_DENS_REF_V_REF_S007,MC_G0_D045_DENS_REF_V_REF,7,5.06701660156,16.8731195318,35.541817752,0,0,10.1340332031,
MC_G0_D045_DENS_REF_V_REF_S007,MC_G0_D045_DENS_REF_V_REF,7,5.07601261139,16.6270203678,34.2864366208,0,0,10.1520252228,
MC_G0_D045_DENS_REF_V_REF_S007,MC_G0_D045_DENS_REF_V_REF,7,5.08500909805,16.760218994,39.08762007,0,0,10.1700181961,
MC_G0_D045_DENS_REF_V_REF_S007,MC_G0_D045_DENS_REF_V_REF,7,5.09400510788,16.9915708438,36.7534574188,0,0,10.1880102158,
MC_G0_D045_DENS_REF_V_REF_S007,MC_G0_D045_DENS_REF_V_REF,7,5.10300111771,17.1712019422,36.0058838461,0,0,10.2060022354,
MC_G0_D045_DENS_REF_V_REF_S007,MC_G0_D045_DENS_REF_V_REF,7,5.11201524734,18.2148396047,38.3986840413,0,0,10.2240304947,
MC_G0_D045_DENS_REF_V_REF_S007,MC_G0_D045_DENS_REF_V_REF,7,5.12101125717,16.6847140347,34.0724190734,0,0,10.2420225143,
MC_G0_D045_DENS_REF_V_REF_S007,MC_G0_D045_DENS_REF_V_REF,7,5.13000774384,17.6899874964,30.5070915637,0,0,10.2600154877,
MC_G0_D045_DENS_REF_V_REF_S007,MC_G0_D045_DENS_REF_V_REF,7,5.13900375366,18.0719424742,34.1766658357,0,0,10.2780075073,
MC_G0_D045_DENS_REF_V_REF_S007,MC_G0_D045_DENS_REF_V_REF,7,5.1480178833,17.8056173695,34.4149733337,0,0,10.2960357666,
MC_G0_D045_DENS_REF_V_REF_S007,MC_G0_D045_DENS_REF_V_REF,7,5.15701389313,18.3228248828,35.7414343385,0,0,10.3140277863,
MC_G0_D045_DENS_REF_V_REF_S007,MC_G0_D045_DENS_REF_V_REF,7,5.16601037979,17.821821455,34.9547093875,0,0,10.3320207596,
MC_G0_D045_DENS_REF_V_REF_S007,MC_G0_D045_DENS_REF_V_REF,7,5.17500638962,15.1940394873,35.9663604604,0,0,10.3500127792,
MC_G0_D045_DENS_REF_V_REF_S007,MC_G0_D045_DENS_REF_V_REF,7,5.18400239944,17.1841517021,35.6356736082,0,0,10.3680047989,
MC_G0_D045_DENS_REF_V_REF_S007,MC_G0_D045_DENS_REF_V_REF,7,5.19301652908,17.2915674731,39.6872825701,0,0,10.3860330582,
MC_G0_D045_DENS_REF_V_REF_S007,MC_G0_D045_DENS_REF_V_REF,7,5.20201253891,16.9659215388,38.888535943,0,0,10.4040250778,
MC_G0_D045_DENS_REF_V_REF_S007,MC_G0_D045_DENS_REF_V_REF,7,5.21100902557,17.8018902456,33.5700298203,0,0,10.4220180511,
MC_G0_D045_DENS_REF_V_REF_S007,MC_G0_D045_DENS_REF_V_REF,7,5.2200050354,18.4836131289,36.6218095274,0,0,10.4400100708,
MC_G0_D045_DENS_REF_V_REF_S007,MC_G0_D045_DENS_REF_V_REF,7,5.22900104523,18.8427387055,36.5855315838,0,0,10.4580020905,
MC_G0_D045_DENS_REF_V_REF_S007,MC_G0_D045_DENS_REF_V_REF,7,5.23801517487,17.6039934772,37.9579885229,0,0,10.4760303497,
MC_G0_D045_DENS_REF_V_REF_S007,MC_G0_D045_DENS_REF_V_REF,7,5.24701118469,17.9970546086,35.3380566434,0,0,10.4940223694,
MC_G0_D045_DENS_REF_V_REF_S007,MC_G0_D045_DENS_REF_V_REF,7,5.25600767136,19.1440907922,37.8002531673,0,0,10.5120153427,
MC_G0_D045_DENS_REF_V_REF_S007,MC_G0_D045_DENS_REF_V_REF,7,5.26500368118,18.5546096192,41.8626519119,0,0,10.5300073624,
MC_G0_D045_DENS_REF_V_REF_S007,MC_G0_D045_DENS_REF_V_REF,7,5.27401781082,18.7399526732,40.7811728306,0,0,10.5480356216,
MC_G0_D045_DENS_REF_V_REF_S007,MC_G0_D045_DENS_REF_V_REF,7,5.28301382065,19.1150935229,38.9037210467,0,0,10.5660276413,
MC_G0_D045_DENS_REF_V_REF_S007,MC_G0_D045_DENS_REF_V_REF,7,5.29200983047,18.9626943756,37.6730219394,0,0,10.5840196609,
MC_G0_D045_DENS_REF_V_REF_S007,MC_G0_D045_DENS_REF_V_REF,7,5.30100631714,17.8082576714,42.2781714765,0,0,10.6020126343,
MC_G0_D045_DENS_REF_V_REF_S007,MC_G0_D045_DENS_REF_V_REF,7,5.31000232697,17.2626469568,38.3130579073,0,0,10.6200046539,
MC_G0_D045_DENS_REF_V_REF_S007,MC_G0_D045_DENS_REF_V_REF,7,5.3190164566,15.6685201614,39.9120542009,0,0,10.6380329132,
MC_G0_D045_DENS_REF_V_REF_S007,MC_G0_D045_DENS_REF_V_REF,7,5.32801246643,16.7582725389,39.9786503806,0,0,10.6560249329,
MC_G0_D045_DENS_REF_V_REF_S007,MC_G0_D045_DENS_REF_V_REF,7,5.33700895309,17.602202063,38.1651564888,0,0,10.6740179062,
MC_G0_D045_DENS_REF_V_REF_S007,MC_G0_D045_DENS_REF_V_REF,7,5.34600496292,17.5709206256,39.0943121008,0,0,10.6920099258,
MC_G0_D045_DENS_REF_V_REF_S007,MC_G0_D045_DENS_REF_V_REF,7,5.35500097275,18.5809880774,39.9165520351,0,0,10.7100019455,
MC_G0_D045_DENS_REF_V_REF_S007,MC_G0_D045_DENS_REF_V_REF,7,5.36401510239,18.2820675246,38.9748731976,0,0,10.7280302048,
MC_G0_D045_DENS_REF_V_REF_S007,MC_G0_D045_DENS_REF_V_REF,7,5.37301111221,17.574194907,36.04174504,0,0,10.7460222244,
MC_G0_D045_DENS_REF_V_REF_S007,MC_G0_D045_DENS_REF_V_REF,7,5.38200759888,19.4265800707,39.5349916784,0,0,10.7640151978,
MC_G0_D045_DENS_REF_V_REF_S007,MC_G0_D045_DENS_REF_V_REF,7,5.3910036087,18.0502213858,42.0552496734,0,0,10.7820072174,
MC_G0_D045_DENS_REF_V_REF_S007,MC_G0_D045_DENS_REF_V_REF,7,5.40001773834,18.4292213745,38.1172388501,0,0,10.8000354767,
MC_G0_D045_DENS_REF_V_REF_S007,MC_G0_D045_DENS_REF_V_REF,7,5.40901374817,18.675672067,40.1910327351,0,0,10.8180274963,
MC_G0_D045_DENS_REF_V_REF_S007,MC_G0_D045_DENS_REF_V_REF,7,5.418009758,18.157511282,40.4882184539,0,0,10.836019516,
MC_G0_D045_DENS_REF_V_REF_S007,MC_G0_D045_DENS_REF_V_REF,7,5.42700624466,18.413067946,42.3004357533,0,0,10.8540124893,
MC_G0_D045_DENS_REF_V_REF_S007,MC_G0_D045_DENS_REF_V_REF,7,5.43600225449,19.7980644093,44.9964969535,0,0,10.872004509,
MC_G0_D045_DENS_REF_V_REF_S007,MC_G0_D045_DENS_REF_V_REF,7,5.44501638412,16.4900485659,43.4610003485,0,0,10.8900327682,
MC_G0_D045_DENS_REF_V_REF_S007,MC_G0_D045_DENS_REF_V_REF,7,5.45401239395,18.3389230491,40.3141130226,0,0,10.9080247879,
MC_G0_D045_DENS_REF_V_REF_S007,MC_G0_D045_DENS_REF_V_REF,7,5.46300840378,18.4440331612,42.6932441863,0,0,10.9260168076,
MC_G0_D045_DENS_REF_V_REF_S007,MC_G0_D045_DENS_REF_V_REF,7,5.47200489044,20.0261788191,44.4015333583,0,0,10.9440097809,
MC_G0_D045_DENS_REF_V_REF_S007,MC_G0_D045_DENS_REF_V_REF,7,5.48100090027,18.5274206498,40.0214724757,0,0,10.9620018005,
MC_G0_D045_DENS_REF_V_REF_S007,MC_G0_D045_DENS_REF_V_REF,7,5.49001502991,18.3501243765,38.4182835173,0,0,10.9800300598,
MC_G0_D045_DENS_REF_V_REF_S007,MC_G0_D045_DENS_REF_V_REF,7,5.49901103973,20.2378834456,45.1369165758,0,0,10.9980220795,
MC_G0_D045_DENS_REF_V_REF_S007,MC_G0_D045_DENS_REF_V_REF,7,5.50800704956,19.1944576212,42.0029814682,0,0,11.0160140991,
MC_G0_D045_DENS_REF_V_REF_S007,MC_G0_D045_DENS_REF_V_REF,7,5.51700305939,18.6282157103,41.1877039241,0,0,11.0340061188,
MC_G0_D045_DENS_REF_V_REF_S007,MC_G0_D045_DENS_REF_V_REF,7,5.52601718903,18.3925012222,40.8742435029,0,0,11.0520343781,
MC_G0_D045_DENS_REF_V_REF_S007,MC_G0_D045_DENS_REF_V_REF,7,5.53501367569,18.994365718,48.0301068547,0,0,11.0700273514,
MC_G0_D045_DENS_REF_V_REF_S007,MC_G0_D045_DENS_REF_V_REF,7,5.54400968552,18.5730134446,43.7465968712,0,0,11.088019371,
MC_G0_D045_DENS_REF_V_REF_S007,MC_G0_D045_DENS_REF_V_REF,7,5.55300569534,18.6101281072,46.6106844031,0,0,11.1060113907,
MC_G0_D045_DENS_REF_V_REF_S007,MC_G0_D045_DENS_REF_V_REF,7,5.56200170517,16.0847330565,46.8333463057,0,0,11.1240034103,
MC_G0_D045_DENS_REF_V_REF_S007,MC_G0_D045_DENS_REF_V_REF,7,5.57101583481,17.7398815272,44.3493073279,0,0,11.1420316696,
MC_G0_D045_DENS_REF_V_REF_S007,MC_G0_D045_DENS_REF_V_REF,7,5.58001232147,18.2067989644,41.0902344671,0,0,11.1600246429,
MC_G0_D045_DENS_REF_V_REF_S007,MC_G0_D045_DENS_REF_V_REF,7,5.5890083313,18.5282526519,41.0432263286,0,0,11.1780166626,
MC_G0_D045_DENS_REF_V_REF_S007,MC_G0_D045_DENS_REF_V_REF,7,5.59800434113,20.0229306338,42.4134135764,0,0,11.1960086823,
MC_G0_D045_DENS_REF_V_REF_S007,MC_G0_D045_DENS_REF_V_REF,7,5.60700035095,19.5831085274,41.0110657139,0,0,11.2140007019,
MC_G0_D045_DENS_REF_V_REF_S007,MC_G0_D045_DENS_REF_V_REF,7,5.61601448059,18.9311842143,39.7911116546,0,0,11.2320289612,
MC_G0_D045_DENS_REF_V_REF_S007,MC_G0_D045_DENS_REF_V_REF,7,5.62501096725,20.2513766164,43.4388454446,0,0,11.2500219345,
MC_G0_D045_DENS_REF_V_REF_S007,MC_G0_D045_DENS_REF_V_REF,7,5.63400697708,19.0268168706,43.124735784,0,0,11.2680139542,
MC_G0_D045_DENS_REF_V_REF_S007,MC_G0_D045_DENS_REF_V_REF,7,5.64300298691,19.4147585794,42.4405633577,0,0,11.2860059738,
MC_G0_D045_DENS_REF_V_REF_S007,MC_G0_D045_DENS_REF_V_REF,7,5.65201711655,18.8264210257,45.0904987813,0,0,11.3040342331,
MC_G0_D045_DENS_REF_V_REF_S007,MC_G0_D045_DENS_REF_V_REF,7,5.66101312637,18.9260893527,45.9542540308,0,0,11.3220262527,
MC_G0_D045_DENS_REF_V_REF_S007,MC_G0_D045_DENS_REF_V_REF,7,5.6700091362,18.4937690809,44.5649102113,0,0,11.3400182724,
MC_G0_D045_DENS_REF_V_REF_S007,MC_G0_D045_DENS_REF_V_REF,7,5.67900562286,17.5713949589,54.124222081,0,0,11.3580112457,
MC_G0_D045_DENS_REF_V_REF_S007,MC_G0_D045_DENS_REF_V_REF,7,5.68800163269,19.4384230528,46.4429826565,0,0,11.3760032654,
MC_G0_D045_DENS_REF_V_REF_S007,MC_G0_D045_DENS_REF_V_REF,7,5.69701576233,16.2402852155,43.1315936906,0,0,11.3940315247,
MC_G0_D045_DENS_REF_V_REF_S007,MC_G0_D045_DENS_REF_V_REF,7,5.70601177216,19.9919224369,46.63744093,0,0,11.4120235443,
MC_G0_D045_DENS_REF_V_REF_S007,MC_G0_D045_DENS_REF_V_REF,7,5.71500778198,19.7170086757,46.4092614997,0,0,11.430015564,
MC_G0_D045_DENS_REF_V_REF_S007,MC_G0_D045_DENS_REF_V_REF,7,5.72400426865,19.3531428362,46.6185010763,0,0,11.4480085373,
MC_G0_D045_DENS_REF_V_REF_S007,MC_G0_D045_DENS_REF_V_REF,7,5.73300027847,19.1388761959,43.2599428822,0,0,11.4660005569,
MC_G0_D045_DENS_REF_V_REF_S007,MC_G0_D045_DENS_REF_V_REF,7,5.74201440811,19.4073488484,43.9277538666,0,0,11.4840288162,
MC_G0_D045_DENS_REF_V_REF_S007,MC_G0_D045_DENS_REF_V_REF,7,5.75101041794,18.576937056,43.3918454138,0,0,11.5020208359,
MC_G0_D045_DENS_REF_V_REF_S007,MC_G0_D045_DENS_REF_V_REF,7,5.76000642776,20.242040386,48.2491444995,0,0,11.5200128555,
MC_G0_D045_DENS_REF_V_REF_S007,MC_G0_D045_DENS_REF_V_REF,7,5.76900291443,19.9777354193,48.6208256294,0,0,11.5380058289,
MC_G0_D045_DENS_REF_V_REF_S007,MC_G0_D045_DENS_REF_V_REF,7,5.77801704407,19.9561877926,47.3098799393,0,0,11.5560340881,
MC_G0_D045_DENS_REF_V_REF_S007,MC_G0_D045_DENS_REF_V_REF,7,5.78701305389,19.1232216616,49.0180965789,0,0,11.5740261078,
MC_G0_D045_DENS_REF_V_REF_S007,MC_G0_D045_DENS_REF_V_REF,7,5.79600906372,17.0178449179,45.2047575478,0,0,11.5920181274,
MC_G0_D045_DENS_REF_V_REF_S007,MC_G0_D045_DENS_REF_V_REF,7,5.80500507355,19.2502186485,50.6227849596,0,0,11.6100101471,
MC_G0_D045_DENS_REF_V_REF_S007,MC_G0_D045_DENS_REF_V_REF,7,5.81400156021,20.2179814024,44.8259940899,0,0,11.6280031204,
MC_G0_D045_DENS_REF_V_REF_S007,MC_G0_D045_DENS_REF_V_REF,7,5.82301521301,20.2437980289,47.4125025043,0,0,11.646030426,
MC_G0_D045_DENS_REF_V_REF_S007,MC_G0_D045_DENS_REF_V_REF,7,5.83201169968,18.8751545517,45.4777713341,0,0,11.6640233994,
MC_G0_D045_DENS_REF_V_REF_S007,MC_G0_D045_DENS_REF_V_REF,7,5.8410077095,21.3803881342,48.4243883377,0,0,11.682015419,
MC_G0_D045_DENS_REF_V_REF_S007,MC_G0_D045_DENS_REF_V_REF,7,5.85000371933,19.4173543646,47.1185141057,0,0,11.7000074387,
MC_G0_D045_DENS_REF_V_REF_S007,MC_G0_D045_DENS_REF_V_REF,7,5.85901784897,20.7085525675,48.5460456398,0,0,11.7180356979,
MC_G0_D045_DENS_REF_V_REF_S007,MC_G0_D045_DENS_REF_V_REF,7,5.8680138588,20.6088658198,48.3437568061,0,0,11.7360277176,
MC_G0_D045_DENS_REF_V_REF_S007,MC_G0_D045_DENS_REF_V_REF,7,5.87701034546,20.5306729717,47.2311026685,0,0,11.7540206909,
MC_G0_D045_DENS_REF_V_REF_S007,MC_G0_D045_DENS_REF_V_REF,7,5.88600635529,19.7011039268,49.2459869464,0,0,11.7720127106,
MC_G0_D045_DENS_REF_V_REF_S007,MC_G0_D045_DENS_REF_V_REF,7,5.89500236511,20.0765088068,50.7036934438,0,0,11.7900047302,
MC_G0_D045_DENS_REF_V_REF_S007,MC_G0_D045_DENS_REF_V_REF,7,5.90401649475,19.5964374469,50.3720146831,0,0,11.8080329895,
MC_G0_D045_DENS_REF_V_REF_S007,MC_G0_D045_DENS_REF_V_REF,7,5.91301250458,18.5423168648,49.5938671255,0,0,11.8260250092,
MC_G0_D045_DENS_REF_V_REF_S007,MC_G0_D045_DENS_REF_V_REF,7,5.9220085144,18.5094635267,50.1998136588,0,0,11.8440170288,
MC_G0_D045_DENS_REF_V_REF_S007,MC_G0_D045_DENS_REF_V_REF,7,5.93100500107,19.0338366965,54.4230201603,0,0,11.8620100021,
MC_G0_D045_DENS_REF_V_REF_S007,MC_G0_D045_DENS_REF_V_REF,7,5.94000101089,20.2699201321,51.4939281106,0,0,11.8800020218,
MC_G0_D045_DENS_REF_V_REF_S007,MC_G0_D045_DENS_REF_V_REF,7,5.94901514053,18.9082565694,47.7323107772,0,0,11.8980302811,
MC_G0_D045_DENS_REF_V_REF_S007,MC_G0_D045_DENS_REF_V_REF,7,5.95801115036,18.9259005404,46.8134079851,0,0,11.9160223007,
MC_G0_D045_DENS_REF_V_REF_S007,MC_G0_D045_DENS_REF_V_REF,7,5.96700716019,19.7402402624,44.3743305261,0,0,11.9340143204,
MC_G0_D045_DENS_REF_V_REF_S007,MC_G0_D045_DENS_REF_V_REF,7,5.97600364685,20.0440730048,47.493568538,0,0,11.9520072937,
MC_G0_D045_DENS_REF_V_REF_S007,MC_G0_D045_DENS_REF_V_REF,7,5.98501777649,19.9993306329,47.4070586793,0,0,11.970035553,
MC_G0_D045_DENS_REF_V_REF_S007,MC_G0_D045_DENS_REF_V_REF,7,5.99401378632,20.2622279502,47.914201547,0,0,11.9880275726,
MC_G0_D045_DENS_REF_V_REF_S007,MC_G0_D045_DENS_REF_V_REF,7,6.00300979614,19.6214174661,49.2808665484,0,0,12.0060195923,
MC_G0_D045_DENS_REF_V_REF_S007,MC_G0_D045_DENS_REF_V_REF,7,6.01200580597,21.2121072638,53.0240449919,0,0,12.0240116119,
MC_G0_D045_DENS_REF_V_REF_S007,MC_G0_D045_DENS_REF_V_REF,7,6.0210018158,19.5077678194,50.3395776278,0,0,12.0420036316,
MC_G0_D045_DENS_REF_V_REF_S007,MC_G0_D045_DENS_REF_V_REF,7,6.03001594543,19.605689249,51.7589035902,0,0,12.0600318909,
MC_G0_D045_DENS_REF_V_REF_S007,MC_G0_D045_DENS_REF_V_REF,7,6.0390124321,20.4331721484,54.3472053219,0,0,12.0780248642,
MC_G0_D045_DENS_REF_V_REF_S007,MC_G0_D045_DENS_REF_V_REF,7,6.04800844193,20.0848672044,52.4868426695,0,0,12.0960168839,
MC_G0_D045_DENS_REF_V_REF_S007,MC_G0_D045_DENS_REF_V_REF,7,6.05700445175,19.4509568116,56.0618643836,0,0,12.1140089035,
MC_G0_D045_DENS_REF_V_REF_S007,MC_G0_D045_DENS_REF_V_REF,7,6.06600046158,19.880415733,52.7080111931,0,0,12.1320009232,
MC_G0_D045_DENS_REF_V_REF_S007,MC_G0_D045_DENS_REF_V_REF,7,6.07501459122,20.0858542475,50.0108594739,0,0,12.1500291824,
MC_G0_D045_DENS_REF_V_REF_S007,MC_G0_D045_DENS_REF_V_REF,7,6.08401107788,21.2447242028,51.8678630495,0,0,12.1680221558,
MC_G0_D045_DENS_REF_V_REF_S007,MC_G0_D045_DENS_REF_V_REF,7,6.09300708771,20.4765345021,50.7648371534,0,0,12.1860141754,
MC_G0_D045_DENS_REF_V_REF_S007,MC_G0_D045_DENS_REF_V_REF,7,6.10200309753,19.8197578667,51.1446374955,0,0,12.2040061951,
MC_G0_D045_DENS_REF_V_REF_S007,MC_G0_D045_DENS_REF_V_REF,7,6.11101722717,20.5199490478,51.4751186764,0,0,12.2220344543,
MC_G0_D045_DENS_REF_V_REF_S007,MC_G0_D045_DENS_REF_V_REF,7,6.120013237,20.0687199162,47.8503846339,0,0,12.240026474,
MC_G0_D045_DENS_REF_V_REF_S007,MC_G0_D045_DENS_REF_V_REF,7,6.12900924683,20.4693688455,51.9524318135,0,0,12.2580184937,
MC_G0_D045_DENS_REF_V_REF_S007,MC_G0_D045_DENS_REF_V_REF,7,6.13800573349,20.2171570756,52.3078019984,0,0,12.276011467,
MC_G0_D045_DENS_REF_V_REF_S007,MC_G0_D045_DENS_REF_V_REF,7,6.14700174332,20.2214184,56.3625190878,0,0,12.2940034866,
MC_G0_D045_DENS_REF_V_REF_S007,MC_G0_D045_DENS_REF_V_REF,7,6.15601587296,19.6339527599,54.232704675,0,0,12.3120317459,
MC_G0_D045_DENS_REF_V_REF_S007,MC_G0_D045_DENS_REF_V_REF,7,6.16501188278,18.1176074168,52.9807066565,0,0,12.3300237656,
MC_G0_D045_DENS_REF_V_REF_S007,MC_G0_D045_DENS_REF_V_REF,7,6.17400789261,18.6569151781,51.3388413872,0,0,12.3480157852,
MC_G0_D045_DENS_REF_V_REF_S007,MC_G0_D045_DENS_REF_V_REF,7,6.18300437927,18.4369488628,51.205609812,0,0,12.3660087585,
MC_G0_D045_DENS_REF_V_REF_S007,MC_G0_D045_DENS_REF_V_REF,7,6.1920003891,20.6114631401,51.9202557047,0,0,12.3840007782,
MC_G0_D045_DENS_REF_V_REF_S007,MC_G0_D045_DENS_REF_V_REF,7,6.20101451874,20.2258854225,54.2968812488,0,0,12.4020290375,
MC_G0_D045_DENS_REF_V_REF_S007,MC_G0_D045_DENS_REF_V_REF,7,6.21001052856,20.3457459189,51.5089787709,0,0,12.4200210571,
MC_G0_D045_DENS_REF_V_REF_S007,MC_G0_D045_DENS_REF_V_REF,7,6.21900653839,21.2571842787,53.2848794453,0,0,12.4380130768,
MC_G0_D045_DENS_REF_V_REF_S007,MC_G0_D045_DENS_REF_V_REF,7,6.22800254822,20.3535378796,53.705929478,0,0,12.4560050964,
MC_G0_D045_DENS_REF_V_REF_S007,MC_G0_D045_DENS_REF_V_REF,7,6.23701667786,21.2455193635,53.5490932422,0,0,12.4740333557,
MC_G0_D045_DENS_REF_V_REF_S007,MC_G0_D045_DENS_REF_V_REF,7,6.24601316452,19.881685227,54.314737403,0,0,12.492026329,
MC_G0_D045_DENS_REF_V_REF_S007,MC_G0_D045_DENS_REF_V_REF,7,6.25500917435,20.8474969205,53.5373319085,0,0,12.5100183487,
MC_G0_D045_DENS_REF_V_REF_S007,MC_G0_D045_DENS_REF_V_REF,7,6.26400518417,19.5164946313,54.425566148,0,0,12.5280103683,
MC_G0_D045_DENS_REF_V_REF_S007,MC_G0_D045_DENS_REF_V_REF,7,6.273001194,19.6477667581,55.6582618624,0,0,12.546002388,
MC_G0_D045_DENS_REF_V_REF_S007,MC_G0_D045_DENS_REF_V_REF,7,6.28201532364,18.6460300729,55.4871227397,0,0,12.5640306473,
MC_G0_D045_DENS_REF_V_REF_S007,MC_G0_D045_DENS_REF_V_REF,7,6.29101133347,21.0465204225,53.2146669725,0,0,12.5820226669,
MC_G0_D045_DENS_REF_V_REF_S007,MC_G0_D045_DENS_REF_V_REF,7,6.30000782013,20.6054671986,53.5730764603,0,0,12.6000156403,
MC_G0_D045_DENS_REF_V_REF_S007,MC_G0_D045_DENS_REF_V_REF,7,6.30900382996,20.914014108,55.9717252063,0,0,12.6180076599,
MC_G0_D045_DENS_REF_V_REF_S007,MC_G0_D045_DENS_REF_V_REF,7,6.31801795959,20.9417480235,54.2483128494,0,0,12.6360359192,
MC_G0_D045_DENS_REF_V_REF_S007,MC_G0_D045_DENS_REF_V_REF,7,6.32701396942,21.5665109982,56.3687237757,0,0,12.6540279388,
MC_G0_D045_DENS_REF_V_REF_S007,MC_G0_D045_DENS_REF_V_REF,7,6.33600997925,18.6690482864,53.2266885864,0,0,12.6720199585,
MC_G0_D045_DENS_REF_V_REF_S007,MC_G0_D045_DENS_REF_V_REF,7,6.34500598907,20.1897240317,54.009042295,0,0,12.6900119781,
MC_G0_D045_DENS_REF_V_REF_S007,MC_G0_D045_DENS_REF_V_REF,7,6.35400247574,21.0316226725,51.345670115,0,0,12.7080049515,
MC_G0_D045_DENS_REF_V_REF_S007,MC_G0_D045_DENS_REF_V_REF,7,6.36301660538,21.3335826426,55.1021324479,0,0,12.7260332108,
MC_G0_D045_DENS_REF_V_REF_S007,MC_G0_D045_DENS_REF_V_REF,7,6.3720126152,20.6960111335,59.9467975393,0,0,12.7440252304,
MC_G0_D045_DENS_REF_V_REF_S007,MC_G0_D045_DENS_REF_V_REF,7,6.38100862503,20.2639195855,55.1326934892,0,0,12.7620172501,
MC_G0_D045_DENS_REF_V_REF_S007,MC_G0_D045_DENS_REF_V_REF,7,6.39000463486,20.8185779393,58.8314544372,0,0,12.7800092697,
MC_G0_D045_DENS_REF_V_REF_S007,MC_G0_D045_DENS_REF_V_REF,7,6.39900064468,19.8027570855,57.1286222136,0,0,12.7980012894,
MC_G0_D045_DENS_REF_V_REF_S007,MC_G0_D045_DENS_REF_V_REF,7,6.40801477432,19.5094487093,50.0151893617,0,0,12.8160295486,
MC_G0_D045_DENS_REF_V_REF_S007,MC_G0_D045_DENS_REF_V_REF,7,6.41701126099,17.7554178619,51.8670454574,0,0,12.834022522,
MC_G0_D045_DENS_REF_V_REF_S007,MC_G0_D045_DENS_REF_V_REF,7,6.42600727081,19.2231386683,55.2488013268,0,0,12.8520145416,
MC_G0_D045_DENS_REF_V_REF_S007,MC_G0_D045_DENS_REF_V_REF,7,6.43500328064,20.5740859824,56.8406119081,0,0,12.8700065613,
MC_G0_D045_DENS_REF_V_REF_S007,MC_G0_D045_DENS_REF_V_REF,7,6.44401741028,21.0857780278,58.0553994322,0,0,12.8880348206,
MC_G0_D045_DENS_REF_V_REF_S007,MC_G0_D045_DENS_REF_V_REF,7,6.4530134201,20.8818147051,56.9496698545,0,0,12.9060268402,
MC_G0_D045_DENS_REF_V_REF_S007,MC_G0_D045_DENS_REF_V_REF,7,6.46200942993,20.1636065336,55.1969280353,0,0,12.9240188599,
MC_G0_D045_DENS_REF_V_REF_S007,MC_G0_D045_DENS_REF_V_REF,7,6.4710059166,20.4670601164,56.4615132296,0,0,12.9420118332,
MC_G0_D045_DENS_REF_V_REF_S007,MC_G0_D045_DENS_REF_V_REF,7,6.48000192642,20.8714852914,56.9655321572,0,0,12.9600038528,
MC_G0_D045_DENS_REF_V_REF_S007,MC_G0_D045_DENS_REF_V_REF,7,6.48901605606,21.138637793,57.2609615648,0,0,12.9780321121,
MC_G0_D045_DENS_REF_V_REF_S007,MC_G0_D045_DENS_REF_V_REF,7,6.49801206589,20.2440436383,56.9617944226,0,0,12.9960241318,
MC_G0_D045_DENS_REF_V_REF_S007,MC_G0_D045_DENS_REF_V_REF,7,6.50700807571,20.3763135537,57.6163498239,0,0,13.0140161514,
MC_G0_D045_DENS_REF_V_REF_S007,MC_G0_D045_DENS_REF_V_REF,7,6.51600408554,19.5634996806,61.496682479,0,0,13.0320081711,
MC_G0_D045_DENS_REF_V_REF_S007,MC_G0_D045_DENS_REF_V_REF,7,6.5250005722,19.5088515713,59.7930205682,0,0,13.0500011444,
MC_G0_D045_DENS_REF_V_REF_S007,MC_G0_D045_DENS_REF_V_REF,7,6.53401470184,20.2504402302,56.0811345883,0,0,13.0680294037,
MC_G0_D045_DENS_REF_V_REF_S007,MC_G0_D045_DENS_REF_V_REF,7,6.54301071167,19.6456683321,58.2384716363,0,0,13.0860214233,
MC_G0_D045_DENS_REF_V_REF_S007,MC_G0_D045_DENS_REF_V_REF,7,6.5520067215,20.607677684,58.5628720483,0,0,13.104013443,
MC_G0_D045_DENS_REF_V_REF_S007,MC_G0_D045_DENS_REF_V_REF,7,6.56100273132,21.2106535627,58.2584091306,0,0,13.1220054626,
MC_G0_D045_DENS_REF_V_REF_S007,MC_G0_D045_DENS_REF_V_REF,7,6.57001686096,22.7433779881,61.1731895475,0,0,13.1400337219,
MC_G0_D045_DENS_REF_V_REF_S007,MC_G0_D045_DENS_REF_V_REF,7,6.57901287079,20.4978917814,58.12351491,0,0,13.1580257416,
MC_G0_D045_DENS_REF_V_REF_S007,MC_G0_D045_DENS_REF_V_REF,7,6.58800935745,21.5941881165,59.3013045078,0,0,13.1760187149,
MC_G0_D045_DENS_REF_V_REF_S007,MC_G0_D045_DENS_REF_V_REF,7,6.59700536728,22.9351421949,61.2107061343,0,0,13.1940107346,
MC_G0_D045_DENS_REF_V_REF_S007,MC_G0_D045_DENS_REF_V_REF,7,6.60600137711,20.6848880941,59.2620322912,0,0,13.2120027542,
MC_G0_D045_DENS_REF_V_REF_S007,MC_G0_D045_DENS_REF_V_REF,7,6.61501550674,21.5998386696,59.9951570005,0,0,13.2300310135,
MC_G0_D045_DENS_REF_V_REF_S007,MC_G0_D045_DENS_REF_V_REF,7,6.62401151657,20.6739584723,61.3589333733,0,0,13.2480230331,
MC_G0_D045_DENS_REF_V_REF_S007,MC_G0_D045_DENS_REF_V_REF,7,6.6330075264,21.2707511324,60.3986224179,0,0,13.2660150528,
MC_G0_D045_DENS_REF_V_REF_S007,MC_G0_D045_DENS_REF_V_REF,7,6.64200401306,20.5958178162,58.113553665,0,0,13.2840080261,
MC_G0_D045_DENS_REF_V_REF_S007,MC_G0_D045_DENS_REF_V_REF,7,6.6510181427,18.1783266854,53.7542716769,0,0,13.3020362854,
MC_G0_D045_DENS_REF_V_REF_S007,MC_G0_D045_DENS_REF_V_REF,7,6.66001415253,19.5978619819,58.3771096302,0,0,13.3200283051,
MC_G0_D045_DENS_REF_V_REF_S007,MC_G0_D045_DENS_REF_V_REF,7,6.66901016235,22.0743653954,61.1465307418,0,0,13.3380203247,
MC_G0_D045_DENS_REF_V_REF_S007,MC_G0_D045_DENS_REF_V_REF,7,6.67800617218,20.8032043209,61.4414655185,0,0,13.3560123444,
MC_G0_D045_DENS_REF_V_REF_S007,MC_G0_D045_DENS_REF_V_REF,7,6.68700218201,20.4191601275,60.105820615,0,0,13.374004364,
MC_G0_D045_DENS_REF_V_REF_S007,MC_G0_D045_DENS_REF_V_REF,7,6.69601631165,21.1053085866,59.0806875449,0,0,13.3920326233,
MC_G0_D045_DENS_REF_V_REF_S007,MC_G0_D045_DENS_REF_V_REF,7,6.70501279831,21.4043058924,59.984489223,0,0,13.4100255966,
MC_G0_D045_DENS_REF_V_REF_S007,MC_G0_D045_DENS_REF_V_REF,7,6.71400880814,23.4153655256,61.8524923281,0,0,13.4280176163,
MC_G0_D045_DENS_REF_V_REF_S007,MC_G0_D045_DENS_REF_V_REF,7,6.72300481796,21.8433788898,61.1695435414,0,0,13.4460096359,
MC_G0_D045_DENS_REF_V_REF_S007,MC_G0_D045_DENS_REF_V_REF,7,6.73200082779,20.6191583921,64.1444848519,0,0,13.4640016556,
MC_G0_D045_DENS_REF_V_REF_S007,MC_G0_D045_DENS_REF_V_REF,7,6.74101495743,23.1136557702,64.9612538345,0,0,13.4820299149,
MC_G0_D045_DENS_REF_V_REF_S007,MC_G0_D045_DENS_REF_V_REF,7,6.75001096725,22.333537124,63.9778844218,0,0,13.5000219345,
MC_G0_D045_DENS_REF_V_REF_S007,MC_G0_D045_DENS_REF_V_REF,7,6.75900697708,23.9366056395,72.4074475228,0,0,13.5180139542,
MC_G0_D045_DENS_REF_V_REF_S007,MC_G0_D045_DENS_REF_V_REF,7,6.76800346375,21.6820503028,63.0845110825,0,0,13.5360069275,
MC_G0_D045_DENS_REF_V_REF_S007,MC_G0_D045_DENS_REF_V_REF,7,6.77701759338,18.5325201166,60.6029893427,0,0,13.5540351868,
MC_G0_D045_DENS_REF_V_REF_S007,MC_G0_D045_DENS_REF_V_REF,7,6.78601360321,18.9405772419,58.9856086611,0,0,13.5720272064,
MC_G0_D045_DENS_REF_V_REF_S007,MC_G0_D045_DENS_REF_V_REF,7,6.79500961304,22.3863800036,63.7706487625,0,0,13.5900192261,
MC_G0_D045_DENS_REF_V_REF_S007,MC_G0_D045_DENS_REF_V_REF,7,6.80400562286,20.6435796497,64.1025289075,0,0,13.6080112457,
MC_G0_D045_DENS_REF_V_REF_S007,MC_G0_D045_DENS_REF_V_REF,7,6.81300163269,19.8767945282,62.3810947556,0,0,13.6260032654,
MC_G0_D045_DENS_REF_V_REF_S007,MC_G0_D045_DENS_REF_V_REF,7,6.82201576233,23.0995930924,63.348899775,0,0,13.6440315247,
MC_G0_D045_DENS_REF_V_REF_S007,MC_G0_D045_DENS_REF_V_REF,7,6.83101224899,21.1334753888,61.5138624679,0,0,13.662024498,
MC_G0_D045_DENS_REF_V_REF_S007,MC_G0_D045_DENS_REF_V_REF,7,6.84000825882,22.3708237132,63.5597584582,0,0,13.6800165176,
MC_G0_D045_DENS_REF_V_REF_S007,MC_G0_D045_DENS_REF_V_REF,7,6.84900426865,22.0969445819,62.7263510475,0,0,13.6980085373,
MC_G0_D045_DENS_REF_V_REF_S007,MC_G0_D045_DENS_REF_V_REF,7,6.85800027847,20.9099799723,64.5623457901,0,0,13.7160005569,
MC_G0_D045_DENS_REF_V_REF_S007,MC_G0_D045_DENS_REF_V_REF,7,6.86701440811,20.5244759375,65.3280577071,0,0,13.7340288162,
MC_G0_D045_DENS_REF_V_REF_S007,MC_G0_D045_DENS_REF_V_REF,7,6.87601041794,22.2652853196,65.9695610909,0,0,13.7520208359,
MC_G0_D045_DENS_REF_V_REF_S007,MC_G0_D045_DENS_REF_V_REF,7,6.8850069046,20.7024307512,64.3057747893,0,0,13.7700138092,
MC_G0_D045_DENS_REF_V_REF_S007,MC_G0_D045_DENS_REF_V_REF,7,6.89400291443,21.2107165002,65.4374339718,0,0,13.7880058289,
MC_G0_D045_DENS_REF_V_REF_S007,MC_G0_D045_DENS_REF_V_REF,7,6.90301704407,20.6932971487,64.3834056922,0,0,13.8060340881,
MC_G0_D045_DENS_REF_V_REF_S007,MC_G0_D045_DENS_REF_V_REF,7,6.91201305389,20.3717513576,63.5207892249,0,0,13.8240261078,
MC_G0_D045_DENS_REF_V_REF_S007,MC_G0_D045_DENS_REF_V_REF,7,6.92100906372,22.152441579,64.9385292595,0,0,13.8420181274,
MC_G0_D045_DENS_REF_V_REF_S007,MC_G0_D045_DENS_REF_V_REF,7,6.93000507355,20.5607816238,63.8170263233,0,0,13.8600101471,
MC_G0_D045_DENS_REF_V_REF_S007,MC_G0_D045_DENS_REF_V_REF,7,6.93900108337,21.5338955943,63.3590318135,0,0,13.8780021667,
MC_G0_D045_DENS_REF_V_REF_S007,MC_G0_D045_DENS_REF_V_REF,7,6.94801521301,21.747655665,63.4099872708,0,0,13.896030426,
MC_G0_D045_DENS_REF_V_REF_S007,MC_G0_D045_DENS_REF_V_REF,7,6.95701169968,21.0223294238,64.9212861217,0,0,13.9140233994,
MC_G0_D045_DENS_REF_V_REF_S007,MC_G0_D045_DENS_REF_V_REF,7,6.9660077095,21.4843868633,64.6637539596,0,0,13.932015419,
MC_G0_D045_DENS_REF_V_REF_S007,MC_G0_D045_DENS_REF_V_REF,7,6.97500371933,21.1860450279,64.6860624745,0,0,13.9500074387,
MC_G0_D045_DENS_REF_V_REF_S007,MC_G0_D045_DENS_REF_V_REF,7,6.98401784897,20.83154919,66.5419161023,0,0,13.9680356979,
MC_G0_D045_DENS_REF_V_REF_S007,MC_G0_D045_DENS_REF_V_REF,7,6.9930138588,21.3607240252,66.3015002401,0,0,13.9860277176,
MC_G0_D045_DENS_REF_V_REF_S007,MC_G0_D045_DENS_REF_V_REF,7,7.00200986862,19.2613416878,66.23881083,0,0,14.0040197372,
MC_G0_D045_DENS_REF_V_REF_S007,MC_G0_D045_DENS_REF_V_REF,7,7.01100635529,21.0803239622,66.1707109943,0,0,14.0220127106,
MC_G0_D045_DENS_REF_V_REF_S007,MC_G0_D045_DENS_REF_V_REF,7,7.02000236511,19.7251736559,64.3664579559,0,0,14.0400047302,
MC_G0_D045_DENS_REF_V_REF_S007,MC_G0_D045_DENS_REF_V_REF,7,7.02901649475,20.7785451291,67.685475514,0,0,14.0580329895,
MC_G0_D045_DENS_REF_V_REF_S007,MC_G0_D045_DENS_REF_V_REF,7,7.03801250458,21.841157659,67.100023415,0,0,14.0760250092,
MC_G0_D045_DENS_REF_V_REF_S007,MC_G0_D045_DENS_REF_V_REF,7,7.0470085144,22.2451729733,66.6206638992,0,0,14.0940170288,
MC_G0_D045_DENS_REF_V_REF_S007,MC_G0_D045_DENS_REF_V_REF,7,7.05600452423,20.6333254539,67.4028616643,0,0,14.1120090485,
MC_G0_D045_DENS_REF_V_REF_S007,MC_G0_D045_DENS_REF_V_REF,7,7.06500053406,21.8518109702,66.5603229538,0,0,14.1300010681,
MC_G0_D045_DENS_REF_V_REF_S007,MC_G0_D045_DENS_REF_V_REF,7,7.0740146637,21.6587788045,66.3644982361,0,0,14.1480293274,
MC_G0_D045_DENS_REF_V_REF_S007,MC_G0_D045_DENS_REF_V_REF,7,7.08301115036,23.0764720299,68.348795635,0,0,14.1660223007,
MC_G0_D045_DENS_REF_V_REF_S007,MC_G0_D045_DENS_REF_V_REF,7,7.09200716019,21.9773204847,67.6464608241,0,0,14.1840143204,
MC_G0_D045_DENS_REF_V_REF_S007,MC_G0_D045_DENS_REF_V_REF,7,7.10100317001,21.9393093475,68.1959009081,0,0,14.20200634,
MC_G0_D045_DENS_REF_V_REF_S007,MC_G0_D045_DENS_REF_V_REF,7,7.11001729965,22.0210220865,69.2784580953,0,0,14.2200345993,
MC_G0_D045_DENS_REF_V_REF_S007,MC_G0_D045_DENS_REF_V_REF,7,7.11901330948,21.655242028,70.9241289307,0,0,14.238026619,
MC_G0_D045_DENS_REF_V_REF_S007,MC_G0_D045_DENS_REF_V_REF,7,7.12800931931,19.9303742363,70.276972682,0,0,14.2560186386,
MC_G0_D045_DENS_REF_V_REF_S007,MC_G0_D045_DENS_REF_V_REF,7,7.13700580597,21.5504542784,70.4822946161,0,0,14.2740116119,
MC_G0_D045_DENS_REF_V_REF_S007,MC_G0_D045_DENS_REF_V_REF,7,7.1460018158,20.6226153455,69.5836901049,0,0,14.2920036316,
MC_G0_D045_DENS_REF_V_REF_S007,MC_G0_D045_DENS_REF_V_REF,7,7.15501594543,21.6182563105,68.3311216013,0,0,14.3100318909,
MC_G0_D045_DENS_REF_V_REF_S007,MC_G0_D045_DENS_REF_V_REF,7,7.16401195526,22.9463573377,67.8227783507,0,0,14.3280239105,
MC_G0_D045_DENS_REF_V_REF_S007,MC_G0_D045_DENS_REF_V_REF,7,7.17300796509,20.8338916904,68.2838966819,0,0,14.3460159302,
MC_G0_D045_DENS_REF_V_REF_S007,MC_G0_D045_DENS_REF_V_REF,7,7.18200397491,21.784598401,68.1237890623,0,0,14.3640079498,
MC_G0_D045_DENS_REF_V_REF_S007,MC_G0_D045_DENS_REF_V_REF,7,7.19099998474,21.3855566787,68.9394402411,0,0,14.3819999695,
MC_G0_D045_DENS_REF_V_REF_S007,MC_G0_D045_DENS_REF_V_REF,7,7.20001411438,22.9539205747,70.5634293214,0,0,14.4000282288,
MC_G0_D045_DENS_REF_V_REF_S007,MC_G0_D045_DENS_REF_V_REF,7,7.20901060104,22.2222606789,70.1326169332,0,0,14.4180212021,
MC_G0_D045_DENS_REF_V_REF_S007,MC_G0_D045_DENS_REF_V_REF,7,7.21800661087,22.566812403,69.9978601344,0,0,14.4360132217,
MC_G0_D045_DENS_REF_V_REF_S007,MC_G0_D045_DENS_REF_V_REF,7,7.2270026207,21.5569629296,69.8853631094,0,0,14.4540052414,
MC_G0_D045_DENS_REF_V_REF_S007,MC_G0_D045_DENS_REF_V_REF,7,7.23601675034,21.5089432062,70.0015289919,0,0,14.4720335007,
MC_G0_D045_DENS_REF_V_REF_S007,MC_G0_D045_DENS_REF_V_REF,7,7.24501276016,20.698537841,71.1743925238,0,0,14.4900255203,
MC_G0_D045_DENS_REF_V_REF_S007,MC_G0_D045_DENS_REF_V_REF,7,7.25400876999,20.1917073282,68.9839152134,0,0,14.50801754,
MC_G0_D045_DENS_REF_V_REF_S007,MC_G0_D045_DENS_REF_V_REF,7,7.26300477982,20.7370755035,70.8459872188,0,0,14.5260095596,
MC_G0_D045_DENS_REF_V_REF_S007,MC_G0_D045_DENS_REF_V_REF,7,7.27200126648,21.1339896336,68.4956308341,0,0,14.544002533,
MC_G0_D045_DENS_REF_V_REF_S007,MC_G0_D045_DENS_REF_V_REF,7,7.28101539612,23.3242919953,71.0843651879,0,0,14.5620307922,
MC_G0_D045_DENS_REF_V_REF_S007,MC_G0_D045_DENS_REF_V_REF,7,7.29001140594,23.625205055,72.3587955085,0,0,14.5800228119,
MC_G0_D045_DENS_REF_V_REF_S007,MC_G0_D045_DENS_REF_V_REF,7,7.29900741577,22.1465116451,71.2039337281,0,0,14.5980148315,
MC_G0_D045_DENS_REF_V_REF_S007,MC_G0_D045_DENS_REF_V_REF,7,7.3080034256,22.2733413105,68.774922997,0,0,14.6160068512,
MC_G0_D045_DENS_REF_V_REF_S007,MC_G0_D045_DENS_REF_V_REF,7,7.31701755524,22.4197967085,69.2810594337,0,0,14.6340351105,
MC_G0_D045_DENS_REF_V_REF_S007,MC_G0_D045_DENS_REF_V_REF,7,7.32601356506,20.1915384717,68.4637279576,0,0,14.6520271301,
MC_G0_D045_DENS_REF_V_REF_S007,MC_G0_D045_DENS_REF_V_REF,7,7.33500957489,22.5604633979,74.6438420033,0,0,14.6700191498,
MC_G0_D045_DENS_REF_V_REF_S007,MC_G0_D045_DENS_REF_V_REF,7,7.34400606155,22.1285744778,71.4486424649,0,0,14.6880121231,
MC_G0_D045_DENS_REF_V_REF_S007,MC_G0_D045_DENS_REF_V_REF,7,7.35300207138,22.0404544015,73.9453991176,0,0,14.7060041428,
MC_G0_D045_DENS_REF_V_REF_S007,MC_G0_D045_DENS_REF_V_REF,7,7.36201620102,21.4928956968,76.8978134735,0,0,14.724032402,
MC_G0_D045_DENS_REF_V_REF_S007,MC_G0_D045_DENS_REF_V_REF,7,7.37101221085,21.1673126998,73.5970603141,0,0,14.7420244217,
MC_G0_D045_DENS_REF_V_REF_S007,MC_G0_D045_DENS_REF_V_REF,7,7.38000822067,20.8371567614,71.4992712979,0,0,14.7600164413,
MC_G0_D045_DENS_REF_V_REF_S007,MC_G0_D045_DENS_REF_V_REF,7,7.3890042305,21.17379372,71.0688496123,0,0,14.778008461,
MC_G0_D045_DENS_REF_V_REF_S007,MC_G0_D045_DENS_REF_V_REF,7,7.39800071716,22.9206143941,73.2209477285,0,0,14.7960014343,
MC_G0_D045_DENS_REF_V_REF_S007,MC_G0_D045_DENS_REF_V_REF,7,7.40701436996,23.1494855881,74.0169733349,0,0,14.8140287399,
MC_G0_D045_DENS_REF_V_REF_S007,MC_G0_D045_DENS_REF_V_REF,7,7.41601085663,21.2638372255,71.4302810211,0,0,14.8320217133,
MC_G0_D045_DENS_REF_V_REF_S007,MC_G0_D045_DENS_REF_V_REF,7,7.42500686646,21.1658329027,71.1065476355,0,0,14.8500137329,
MC_G0_D045_DENS_REF_V_REF_S007,MC_G0_D045_DENS_REF_V_REF,7,7.43400287628,22.7987644609,72.9168948859,0,0,14.8680057526,
MC_G0_D045_DENS_REF_V_REF_S007,MC_G0_D045_DENS_REF_V_REF,7,7.44301700592,23.6971977988,74.0012995084,0,0,14.8860340118,
MC_G0_D045_DENS_REF_V_REF_S007,MC_G0_D045_DENS_REF_V_REF,7,7.45201301575,22.4164610247,73.0407736281,0,0,14.9040260315,
MC_G0_D045_DENS_REF_V_REF_S007,MC_G0_D045_DENS_REF_V_REF,7,7.46100902557,20.6461124975,72.1727417078,0,0,14.9220180511,
MC_G0_D045_DENS_REF_V_REF_S007,MC_G0_D045_DENS_REF_V_REF,7,7.4700050354,21.789444583,74.537959336,0,0,14.9400100708,
MC_G0_D045_DENS_REF_V_REF_S007,MC_G0_D045_DENS_REF_V_REF,7,7.47900152206,21.4307165868,73.2378859149,0,0,14.9580030441,
MC_G0_D045_DENS_REF_V_REF_S007,MC_G0_D045_DENS_REF_V_REF,7,7.4880156517,22.1924866697,76.6596632138,0,0,14.9760313034,
MC_G0_D045_DENS_REF_V_REF_S007,MC_G0_D045_DENS_REF_V_REF,7,7.49701166153,22.2904326602,75.3796306543,0,0,14.9940233231,
MC_G0_D045_DENS_REF_V_REF_S007,MC_G0_D045_DENS_REF_V_REF,7,7.50600767136,21.3835534263,72.2445436806,0,0,15.0120153427,
MC_G0_D045_DENS_REF_V_REF_S007,MC_G0_D045_DENS_REF_V_REF,7,7.51500368118,21.734311395,76.1608703299,0,0,15.0300073624,
MC_G0_D045_DENS_REF_V_REF_S007,MC_G0_D045_DENS_REF_V_REF,7,7.52401781082,22.3331825253,74.0206090666,0,0,15.0480356216,
MC_G0_D045_DENS_REF_V_REF_S007,MC_G0_D045_DENS_REF_V_REF,7,7.53301382065,22.6870443837,74.8074826987,0,0,15.0660276413,
MC_G0_D045_DENS_REF_V_REF_S007,MC_G0_D045_DENS_REF_V_REF,7,7.54200983047,23.2337849019,71.8608749955,0,0,15.0840196609,
MC_G0_D045_DENS_REF_V_REF_S007,MC_G0_D045_DENS_REF_V_REF,7,7.55100631714,21.8072036835,72.7191630078,0,0,15.1020126343,
MC_G0_D045_DENS_REF_V_REF_S007,MC_G0_D045_DENS_REF_V_REF,7,7.56000232697,21.4890073917,73.0455549418,0,0,15.1200046539,
MC_G0_D045_DENS_REF_V_REF_S007,MC_G0_D045_DENS_REF_V_REF,7,7.5690164566,22.1316046848,77.3401461888,0,0,15.1380329132,
MC_G0_D045_DENS_REF_V_REF_S007,MC_G0_D045_DENS_REF_V_REF,7,7.57801246643,23.7483643938,76.8254814069,0,0,15.1560249329,
MC_G0_D045_DENS_REF_V_REF_S007,MC_G0_D045_DENS_REF_V_REF,7,7.58700847626,21.3122253632,74.0731497803,0,0,15.1740169525,
MC_G0_D045_DENS_REF_V_REF_S007,MC_G0_D045_DENS_REF_V_REF,7,7.59600448608,22.7033543883,76.4521917184,0,0,15.1920089722,
MC_G0_D045_DENS_REF_V_REF_S007,MC_G0_D045_DENS_REF_V_REF,7,7.60500049591,19.4052765184,75.3643648123,0,0,15.2100009918,
MC_G0_D045_DENS_REF_V_REF_S007,MC_G0_D045_DENS_REF_V_REF,7,7.61401462555,21.6387723773,77.0925778495,0,0,15.2280292511,
MC_G0_D045_DENS_REF_V_REF_S007,MC_G0_D045_DENS_REF_V_REF,7,7.62301111221,21.1169873174,76.2504683456,0,0,15.2460222244,
MC_G0_D045_DENS_REF_V_REF_S007,MC_G0_D045_DENS_REF_V_REF,7,7.63200712204,22.2596808183,76.6324327595,0,0,15.2640142441,
MC_G0_D045_DENS_REF_V_REF_S007,MC_G0_D045_DENS_REF_V_REF,7,7.64100313187,21.9249626838,75.3959060211,0,0,15.2820062637,
MC_G0_D045_DENS_REF_V_REF_S007,MC_G0_D045_DENS_REF_V_REF,7,7.65001726151,22.5417540958,75.9186050348,0,0,15.300034523,
MC_G0_D045_DENS_REF_V_REF_S007,MC_G0_D045_DENS_REF_V_REF,7,7.65901327133,22.9558562844,74.8878304729,0,0,15.3180265427,
MC_G0_D045_DENS_REF_V_REF_S007,MC_G0_D045_DENS_REF_V_REF,7,7.66800928116,22.4340052169,76.1936186691,0,0,15.3360185623,
MC_G0_D045_DENS_REF_V_REF_S007,MC_G0_D045_DENS_REF_V_REF,7,7.67700529099,22.0055287335,74.9350893963,0,0,15.354010582,
MC_G0_D045_DENS_REF_V_REF_S007,MC_G0_D045_DENS_REF_V_REF,7,7.68600177765,22.296723333,75.8010768164,0,0,15.3720035553,
MC_G0_D045_DENS_REF_V_REF_S007,MC_G0_D045_DENS_REF_V_REF,7,7.69501590729,22.2530324767,76.3286716809,0,0,15.3900318146,
MC_G0_D045_DENS_REF_V_REF_S007,MC_G0_D045_DENS_REF_V_REF,7,7.70401191711,22.8538239661,77.7156223697,0,0,15.4080238342,
MC_G0_D045_DENS_REF_V_REF_S007,MC_G0_D045_DENS_REF_V_REF,7,7.71300792694,22.8490238358,77.4243034502,0,0,15.4260158539,
MC_G0_D045_DENS_REF_V_REF_S007,MC_G0_D045_DENS_REF_V_REF,7,7.72200393677,20.8075684944,79.1921769233,0,0,15.4440078735,
MC_G0_D045_DENS_REF_V_REF_S007,MC_G0_D045_DENS_REF_V_REF,7,7.73099994659,20.3252283169,75.8329997169,0,0,15.4619998932,
MC_G0_D045_DENS_REF_V_REF_S007,MC_G0_D045_DENS_REF_V_REF,7,7.74001407623,19.7258536871,75.8993103523,0,0,15.4800281525,
MC_G0_D045_DENS_REF_V_REF_S007,MC_G0_D045_DENS_REF_V_REF,7,7.74901008606,19.9257383573,76.5381596394,0,0,15.4980201721,
MC_G0_D045_DENS_REF_V_REF_S007,MC_G0_D045_DENS_REF_V_REF,7,7.75800657272,23.2178709427,78.4226737013,0,0,15.5160131454,
MC_G0_D045_DENS_REF_V_REF_S007,MC_G0_D045_DENS_REF_V_REF,7,7.76700258255,23.0106609697,76.1918423516,0,0,15.5340051651,
MC_G0_D045_DENS_REF_V_REF_S007,MC_G0_D045_DENS_REF_V_REF,7,7.77601671219,20.9213240601,76.6565789638,0,0,15.5520334244,
MC_G0_D045_DENS_REF_V_REF_S007,MC_G0_D045_DENS_REF_V_REF,7,7.78501272202,22.6006804152,76.8356015011,0,0,15.570025444,
MC_G0_D045_DENS_REF_V_REF_S007,MC_G0_D045_DENS_REF_V_REF,7,7.79400873184,22.9771107148,78.9693152622,0,0,15.5880174637,
MC_G0_D045_DENS_REF_V_REF_S007,MC_G0_D045_DENS_REF_V_REF,7,7.80300474167,24.0334924392,78.8876782856,0,0,15.6060094833,
MC_G0_D045_DENS_REF_V_REF_S007,MC_G0_D045_DENS_REF_V_REF,7,7.8120007515,22.4192855337,78.8988932692,0,0,15.624001503,
MC_G0_D045_DENS_REF_V_REF_S007,MC_G0_D045_DENS_REF_V_REF,7,7.82101488113,21.6873477923,80.8418029119,0,0,15.6420297623,
MC_G0_D045_DENS_REF_V_REF_S007,MC_G0_D045_DENS_REF_V_REF,7,7.83001089096,22.567045732,80.7242150432,0,0,15.6600217819,
MC_G0_D045_DENS_REF_V_REF_S007,MC_G0_D045_DENS_REF_V_REF,7,7.83900737762,22.867835987,79.6280669981,0,0,15.6780147552,
MC_G0_D045_DENS_REF_V_REF_S007,MC_G0_D045_DENS_REF_V_REF,7,7.84800338745,20.2125472926,79.8051291198,0,0,15.6960067749,
MC_G0_D045_DENS_REF_V_REF_S007,MC_G0_D045_DENS_REF_V_REF,7,7.85701751709,20.713823961,78.6356360672,0,0,15.7140350342,
MC_G0_D045_DENS_REF_V_REF_S007,MC_G0_D045_DENS_REF_V_REF,7,7.86601352692,22.1934921335,80.9686872225,0,0,15.7320270538,
MC_G0_D045_DENS_REF_V_REF_S007,MC_G0_D045_DENS_REF_V_REF,7,7.87500953674,21.9588399064,79.9692533992,0,0,15.7500190735,
MC_G0_D045_DENS_REF_V_REF_S007,MC_G0_D045_DENS_REF_V_REF,7,7.88400554657,22.044534589,79.1622138686,0,0,15.7680110931,
MC_G0_D045_DENS_REF_V_REF_S007,MC_G0_D045_DENS_REF_V_REF,7,7.8930015564,23.2882119627,79.4193629426,0,0,15.7860031128,
MC_G0_D045_DENS_REF_V_REF_S007,MC_G0_D045_DENS_REF_V_REF,7,7.90201568604,22.3329353808,79.1216352924,0,0,15.8040313721,
MC_G0_D045_DENS_REF_V_REF_S007,MC_G0_D045_DENS_REF_V_REF,7,7.91101169586,23.7796964881,81.6013271807,0,0,15.8220233917,
MC_G0_D045_DENS_REF_V_REF_S007,MC_G0_D045_DENS_REF_V_REF,7,7.92000818253,22.5020559285,80.2316367947,0,0,15.8400163651,
MC_G0_D045_DENS_REF_V_REF_S007,MC_G0_D045_DENS_REF_V_REF,7,7.92900419235,24.1066380125,81.0553054579,0,0,15.8580083847,
MC_G0_D045_DENS_REF_V_REF_S007,MC_G0_D045_DENS_REF_V_REF,7,7.93800020218,21.7540737478,80.8656563572,0,0,15.8760004044,
MC_G0_D045_DENS_REF_V_REF_S007,MC_G0_D045_DENS_REF_V_REF,7,7.94701433182,23.7778989337,82.9777399971,0,0,15.8940286636,
MC_G0_D045_DENS_REF_V_REF_S007,MC_G0_D045_DENS_REF_V_REF,7,7.95601034164,25.4203847007,82.6286406143,0,0,15.9120206833,
MC_G0_D045_DENS_REF_V_REF_S007,MC_G0_D045_DENS_REF_V_REF,7,7.96500635147,22.2044064048,82.9309624162,0,0,15.9300127029,
MC_G0_D045_DENS_REF_V_REF_S007,MC_G0_D045_DENS_REF_V_REF,7,7.9740023613,19.7674599331,79.6054355161,0,0,15.9480047226,
MC_G0_D045_DENS_REF_V_REF_S007,MC_G0_D045_DENS_REF_V_REF,7,7.98301649094,23.4756396271,84.1480004516,0,0,15.9660329819,
MC_G0_D045_DENS_REF_V_REF_S007,MC_G0_D045_DENS_REF_V_REF,7,7.99201250076,21.5647671709,80.7000929264,0,0,15.9840250015,
MC_G0_D045_DENS_REF_V_REF_S007,MC_G0_D045_DENS_REF_V_REF,7,8.00100898743,22.6440243482,81.0398946178,0,0,16.0020179749,
MC_G0_D045_DENS_REF_V_REF_S007,MC_G0_D045_DENS_REF_V_REF,7,8.01000499725,23.1630309509,79.0601320485,0,0,16.0200099945,
MC_G0_D045_DENS_REF_V_REF_S007,MC_G0_D045_DENS_REF_V_REF,7,8.01900100708,22.5004456514,82.8960102831,0,0,16.0380020142,
MC_G0_D045_DENS_REF_V_REF_S007,MC_G0_D045_DENS_REF_V_REF,7,8.02801513672,24.3053498974,84.5025721943,0,0,16.0560302734,
MC_G0_D045_DENS_REF_V_REF_S007,MC_G0_D045_DENS_REF_V_REF,7,8.03701114655,22.7353573035,82.3253884656,0,0,16.0740222931,
MC_G0_D045_DENS_REF_V_REF_S007,MC_G0_D045_DENS_REF_V_REF,7,8.04600715637,22.5880729736,80.3741187754,0,0,16.0920143127,
MC_G0_D045_DENS_REF_V_REF_S007,MC_G0_D045_DENS_REF_V_REF,7,8.0550031662,22.6885103653,85.3861204104,0,0,16.1100063324,
MC_G0_D045_DENS_REF_V_REF_S007,MC_G0_D045_DENS_REF_V_REF,7,8.06401729584,22.3268350553,81.3195090715,0,0,16.1280345917,
MC_G0_D045_DENS_REF_V_REF_S007,MC_G0_D045_DENS_REF_V_REF,7,8.07301330566,22.7481397419,83.0473493685,0,0,16.1460266113,
MC_G0_D045_DENS_REF_V_REF_S007,MC_G0_D045_DENS_REF_V_REF,7,8.08200931549,22.0206367866,85.997759875,0,0,16.164018631,
MC_G0_D045_DENS_REF_V_REF_S007,MC_G0_D045_DENS_REF_V_REF,7,8.09100532532,21.1300721624,85.6908590464,0,0,16.1820106506,
MC_G0_D045_DENS_REF_V_REF_S007,MC_G0_D045_DENS_REF_V_REF,7,8.10000133514,22.3381146707,82.5015912473,0,0,16.2000026703,
MC_G0_D045_DENS_REF_V_REF_S007,MC_G0_D045_DENS_REF_V_REF,7,8.10901546478,23.0032896152,84.1711547206,0,0,16.2180309296,
MC_G0_D045_DENS_REF_V_REF_S007,MC_G0_D045_DENS_REF_V_REF,7,8.11801147461,22.624820757,83.3762764634,0,0,16.2360229492,
MC_G0_D045_DENS_REF_V_REF_S007,MC_G0_D045_DENS_REF_V_REF,7,8.12700843811,22.5718704232,83.3396114569,0,0,16.2540168762,
MC_G0_D045_DENS_REF_V_REF_S007,MC_G0_D045_DENS_REF_V_REF,7,8.13600444794,23.7619419928,84.0703701707,0,0,16.2720088959,
MC_G0_D045_DENS_REF_V_REF_S007,MC_G0_D045_DENS_REF_V_REF,7,8.14500045776,23.351978324,82.9636612928,0,0,16.2900009155,
MC_G0_D045_DENS_REF_V_REF_S007,MC_G0_D045_DENS_REF_V_REF,7,8.1540145874,22.0224834629,82.4754906602,0,0,16.3080291748,
MC_G0_D045_DENS_REF_V_REF_S007,MC_G0_D045_DENS_REF_V_REF,7,8.16301059723,23.3838169879,83.8321244775,0,0,16.3260211945,
MC_G0_D045_DENS_REF_V_REF_S007,MC_G0_D045_DENS_REF_V_REF,7,8.17200660706,22.6491437708,84.2148747229,0,0,16.3440132141,
MC_G0_D045_DENS_REF_V_REF_S007,MC_G0_D045_DENS_REF_V_REF,7,8.18100261688,24.2338729335,87.2447648446,0,0,16.3620052338,
MC_G0_D045_DENS_REF_V_REF_S007,MC_G0_D045_DENS_REF_V_REF,7,8.19001674652,22.6606290841,85.3915868843,0,0,16.380033493,
MC_G0_D045_DENS_REF_V_REF_S007,MC_G0_D045_DENS_REF_V_REF,7,8.19901275635,22.4939109041,86.3323467124,0,0,16.3980255127,
MC_G0_D045_DENS_REF_V_REF_S007,MC_G0_D045_DENS_REF_V_REF,7,8.20800876617,20.0291199927,87.1884214264,0,0,16.4160175323,
MC_G0_D045_DENS_REF_V_REF_S007,MC_G0_D045_DENS_REF_V_REF,7,8.217004776,22.2079600669,83.7118824142,0,0,16.434009552,
MC_G0_D045_DENS_REF_V_REF_S007,MC_G0_D045_DENS_REF_V_REF,7,8.22600078583,21.7647992067,83.6501718276,0,0,16.4520015717,
MC_G0_D045_DENS_REF_V_REF_S007,MC_G0_D045_DENS_REF_V_REF,7,8.23501491547,22.2146160839,83.6312448337,0,0,16.4700298309,
MC_G0_D045_DENS_REF_V_REF_S007,MC_G0_D045_DENS_REF_V_REF,7,8.24401092529,24.1550814123,85.2370003358,0,0,16.4880218506,
MC_G0_D045_DENS_REF_V_REF_S007,MC_G0_D045_DENS_REF_V_REF,7,8.25300693512,23.6546858679,88.3071700691,0,0,16.5060138702,
MC_G0_D045_DENS_REF_V_REF_S007,MC_G0_D045_DENS_REF_V_REF,7,8.26200294495,22.8642193874,85.2033612161,0,0,16.5240058899,
MC_G0_D045_DENS_REF_V_REF_S007,MC_G0_D045_DENS_REF_V_REF,7,8.27101707458,22.9418365882,85.6547095485,0,0,16.5420341492,
MC_G0_D045_DENS_REF_V_REF_S007,MC_G0_D045_DENS_REF_V_REF,7,8.28001308441,23.4571513735,85.9386650753,0,0,16.5600261688,
MC_G0_D045_DENS_REF_V_REF_S007,MC_G0_D045_DENS_REF_V_REF,7,8.28900909424,23.2435340632,85.4579912254,0,0,16.5780181885,
MC_G0_D045_DENS_REF_V_REF_S007,MC_G0_D045_DENS_REF_V_REF,7,8.29800510406,22.544816539,85.4864002052,0,0,16.5960102081,
MC_G0_D045_DENS_REF_V_REF_S007,MC_G0_D045_DENS_REF_V_REF,7,8.30700111389,22.0186028331,87.2484610933,0,0,16.6140022278,
MC_G0_D045_DENS_REF_V_REF_S007,MC_G0_D045_DENS_REF_V_REF,7,8.31601524353,22.1864508167,88.2496303395,0,0,16.6320304871,
MC_G0_D045_DENS_REF_V_REF_S007,MC_G0_D045_DENS_REF_V_REF,7,8.32501125336,21.688869036,86.4574850514,0,0,16.6500225067,
MC_G0_D045_DENS_REF_V_REF_S007,MC_G0_D045_DENS_REF_V_REF,7,8.33400726318,22.3398861291,86.2443319408,0,0,16.6680145264,
MC_G0_D045_DENS_REF_V_REF_S007,MC_G0_D045_DENS_REF_V_REF,7,8.34300422668,22.9928481422,87.234769041,0,0,16.6860084534,
MC_G0_D045_DENS_REF_V_REF_S007,MC_G0_D045_DENS_REF_V_REF,7,8.35201835632,22.5107290133,87.0339256831,0,0,16.7040367126,
MC_G0_D045_DENS_REF_V_REF_S007,MC_G0_D045_DENS_REF_V_REF,7,8.36101436615,22.8415327467,86.6022419445,0,0,16.7220287323,
MC_G0_D045_DENS_REF_V_REF_S007,MC_G0_D045_DENS_REF_V_REF,7,8.37001037598,23.2834440687,88.8602608213,0,0,16.740020752,
MC_G0_D045_DENS_REF_V_REF_S007,MC_G0_D045_DENS_REF_V_REF,7,8.3790063858,23.3461558442,87.3191964395,0,0,16.7580127716,
MC_G0_D045_DENS_REF_V_REF_S007,MC_G0_D045_DENS_REF_V_REF,7,8.38800239563,23.0671434749,87.02809641,0,0,16.7760047913,
MC_G0_D045_DENS_REF_V_REF_S007,MC_G0_D045_DENS_REF_V_REF,7,8.39701652527,24.1196814109,87.8528886265,0,0,16.7940330505,
MC_G0_D045_DENS_REF_V_REF_S007,MC_G0_D045_DENS_REF_V_REF,7,8.4060125351,22.6707374493,86.6524143903,0,0,16.8120250702,
MC_G0_D045_DENS_REF_V_REF_S007,MC_G0_D045_DENS_REF_V_REF,7,8.41500854492,23.8639390047,88.1778079849,0,0,16.8300170898,
MC_G0_D045_DENS_REF_V_REF_S007,MC_G0_D045_DENS_REF_V_REF,7,8.42400455475,23.6722638314,87.148964777,0,0,16.8480091095,
MC_G0_D045_DENS_REF_V_REF_S007,MC_G0_D045_DENS_REF_V_REF,7,8.43300056458,23.1858434665,88.8567636091,0,0,16.8660011292,
MC_G0_D045_DENS_REF_V_REF_S007,MC_G0_D045_DENS_REF_V_REF,7,8.44201469421,22.6674938691,89.5663168617,0,0,16.8840293884,
MC_G0_D045_DENS_REF_V_REF_S007,MC_G0_D045_DENS_REF_V_REF,7,8.45101070404,22.6703598247,90.5345309268,0,0,16.9020214081,
MC_G0_D045_DENS_REF_V_REF_S007,MC_G0_D045_DENS_REF_V_REF,7,8.46000671387,22.112282894,88.6700858152,0,0,16.9200134277,
MC_G0_D045_DENS_REF_V_REF_S007,MC_G0_D045_DENS_REF_V_REF,7,8.46900272369,21.6985874961,88.4437826098,0,0,16.9380054474,
MC_G0_D045_DENS_REF_V_REF_S007,MC_G0_D045_DENS_REF_V_REF,7,8.47801685333,22.7079242597,89.138529849,0,0,16.9560337067,
MC_G0_D045_DENS_REF_V_REF_S007,MC_G0_D045_DENS_REF_V_REF,7,8.48701286316,24.5579055206,89.3134840677,0,0,16.9740257263,
MC_G0_D045_DENS_REF_V_REF_S007,MC_G0_D045_DENS_REF_V_REF,7,8.49600887299,23.1050655786,88.1478193607,0,0,16.992017746,
MC_G0_D045_DENS_REF_V_REF_S007,MC_G0_D045_DENS_REF_V_REF,7,8.50500488281,22.9452428847,89.7013083971,0,0,17.0100097656,
MC_G0_D045_DENS_REF_V_REF_S007,MC_G0_D045_DENS_REF_V_REF,7,8.51400089264,23.2190805694,89.5247049254,0,0,17.0280017853,
MC_G0_D045_DENS_REF_V_REF_S007,MC_G0_D045_DENS_REF_V_REF,7,8.52301502228,23.1670159648,89.0871666524,0,0,17.0460300446,
MC_G0_D045_DENS_REF_V_REF_S007,MC_G0_D045_DENS_REF_V_REF,7,8.5320110321,22.06969114,88.8285965026,0,0,17.0640220642,
MC_G0_D045_DENS_REF_V_REF_S007,MC_G0_D045_DENS_REF_V_REF,7,8.54100704193,23.1705066895,89.9993153436,0,0,17.0820140839,
MC_G0_D045_DENS_REF_V_REF_S007,MC_G0_D045_DENS_REF_V_REF,7,8.55000305176,22.4129902557,90.0563597904,0,0,17.1000061035,
MC_G0_D045_DENS_REF_V_REF_S007,MC_G0_D045_DENS_REF_V_REF,7,8.5590171814,22.448956694,91.3054456039,0,0,17.1180343628,
MC_G0_D045_DENS_REF_V_REF_S007,MC_G0_D045_DENS_REF_V_REF,7,8.56801319122,22.0974296607,89.4249143148,0,0,17.1360263824,
MC_G0_D045_DENS_REF_V_REF_S007,MC_G0_D045_DENS_REF_V_REF,7,8.57700920105,22.0182482344,89.6069942993,0,0,17.1540184021,
MC_G0_D045_DENS_REF_V_REF_S007,MC_G0_D045_DENS_REF_V_REF,7,8.58600521088,22.045078,90.2082190239,0,0,17.1720104218,
MC_G0_D045_DENS_REF_V_REF_S007,MC_G0_D045_DENS_REF_V_REF,7,8.5950012207,22.9404688505,90.4166848669,0,0,17.1900024414,
MC_G0_D045_DENS_REF_V_REF_S007,MC_G0_D045_DENS_REF_V_REF,7,8.60401535034,23.4518769099,89.9824917616,0,0,17.2080307007,
MC_G0_D045_DENS_REF_V_REF_S007,MC_G0_D045_DENS_REF_V_REF,7,8.61301136017,24.3357425355,89.7636041268,0,0,17.2260227203,
MC_G0_D045_DENS_REF_V_REF_S007,MC_G0_D045_DENS_REF_V_REF,7,8.62200737,23.3936336918,90.4173161042,0,0,17.24401474,
MC_G0_D045_DENS_REF_V_REF_S007,MC_G0_D045_DENS_REF_V_REF,7,8.6310043335,22.8751766403,90.349776504,0,0,17.262008667,
MC_G0_D045_DENS_REF_V_REF_S007,MC_G0_D045_DENS_REF_V_REF,7,8.64001750946,23.2626839274,90.9257824398,0,0,17.2800350189,
MC_G0_D045_DENS_REF_V_REF_S007,MC_G0_D045_DENS_REF_V_REF,7,8.64901447296,23.6351721947,90.9545842937,0,0,17.2980289459,
MC_G0_D045_DENS_REF_V_REF_S007,MC_G0_D045_DENS_REF_V_REF,7,8.65801048279,22.9100009945,92.3794586418,0,0,17.3160209656,
MC_G0_D045_DENS_REF_V_REF_S007,MC_G0_D045_DENS_REF_V_REF,7,8.66700649261,23.6262059137,90.1261423066,0,0,17.3340129852,
MC_G0_D045_DENS_REF_V_REF_S007,MC_G0_D045_DENS_REF_V_REF,7,8.67600250244,22.1475385998,91.9517841591,0,0,17.3520050049,
MC_G0_D045_DENS_REF_V_REF_S007,MC_G0_D045_DENS_REF_V_REF,7,8.68501663208,21.4009748138,91.8822470266,0,0,17.3700332642,
MC_G0_D045_DENS_REF_V_REF_S007,MC_G0_D045_DENS_REF_V_REF,7,8.69401264191,22.6315965085,93.3572198416,0,0,17.3880252838,
MC_G0_D045_DENS_REF_V_REF_S007,MC_G0_D045_DENS_REF_V_REF,7,8.70300865173,22.6241407258,90.807018324,0,0,17.4060173035,
MC_G0_D045_DENS_REF_V_REF_S007,MC_G0_D045_DENS_REF_V_REF,7,8.71200466156,22.978853007,92.6466139397,0,0,17.4240093231,
MC_G0_D045_DENS_REF_V_REF_S007,MC_G0_D045_DENS_REF_V_REF,7,8.72100067139,23.0292075556,91.6152874515,0,0,17.4420013428,
MC_G0_D045_DENS_REF_V_REF_S007,MC_G0_D045_DENS_REF_V_REF,7,8.73001480103,23.3687212152,90.8842454128,0,0,17.4600296021,
MC_G0_D045_DENS_REF_V_REF_S007,MC_G0_D045_DENS_REF_V_REF,7,8.73901081085,23.809564136,92.7547437132,0,0,17.4780216217,
MC_G0_D045_DENS_REF_V_REF_S007,MC_G0_D045_DENS_REF_V_REF,7,8.74800682068,22.6578414165,91.8083556734,0,0,17.4960136414,
MC_G0_D045_DENS_REF_V_REF_S007,MC_G0_D045_DENS_REF_V_REF,7,8.75700283051,22.2990719737,92.8405664452,0,0,17.514005661,
MC_G0_D045_DENS_REF_V_REF_S007,MC_G0_D045_DENS_REF_V_REF,7,8.76601696014,23.3860842704,93.055271299,0,0,17.5320339203,
MC_G0_D045_DENS_REF_V_REF_S007,MC_G0_D045_DENS_REF_V_REF,7,8.77501296997,24.0759813442,93.1109181212,0,0,17.5500259399,
MC_G0_D045_DENS_REF_V_REF_S007,MC_G0_D045_DENS_REF_V_REF,7,8.7840089798,23.1143787831,92.60551006,0,0,17.5680179596,
MC_G0_D045_DENS_REF_V_REF_S007,MC_G0_D045_DENS_REF_V_REF,7,8.79300498962,23.7886458835,93.737026027,0,0,17.5860099792,
MC_G0_D045_DENS_REF_V_REF_S007,MC_G0_D045_DENS_REF_V_REF,7,8.80200099945,22.7684455057,93.1218651713,0,0,17.6040019989,
MC_G0_D045_DENS_REF_V_REF_S007,MC_G0_D045_DENS_REF_V_REF,7,8.81101512909,22.0329817331,94.9477693741,0,0,17.6220302582,
MC_G0_D045_DENS_REF_V_REF_S007,MC_G0_D045_DENS_REF_V_REF,7,8.82001113892,20.7350906719,92.1309875076,0,0,17.6400222778,
MC_G0_D045_DENS_REF_V_REF_S007,MC_G0_D045_DENS_REF_V_REF,7,8.82900714874,22.1414091082,93.1918694428,0,0,17.6580142975,
MC_G0_D045_DENS_REF_V_REF_S007,MC_G0_D045_DENS_REF_V_REF,7,8.83800315857,22.9548508206,93.2889328978,0,0,17.6760063171,
MC_G0_D045_DENS_REF_V_REF_S007,MC_G0_D045_DENS_REF_V_REF,7,8.84701728821,22.7227820981,94.3856683384,0,0,17.6940345764,
MC_G0_D045_DENS_REF_V_REF_S007,MC_G0_D045_DENS_REF_V_REF,7,8.85601329803,23.5265836384,93.9337166836,0,0,17.7120265961,
MC_G0_D045_DENS_REF_V_REF_S007,MC_G0_D045_DENS_REF_V_REF,7,8.86500930786,23.9589821982,92.3072235907,0,0,17.7300186157,
MC_G0_D045_DENS_REF_V_REF_S007,MC_G0_D045_DENS_REF_V_REF,7,8.87400531769,23.4677785887,94.1408869355,0,0,17.7480106354,
MC_G0_D045_DENS_REF_V_REF_S007,MC_G0_D045_DENS_REF_V_REF,7,8.88300132751,24.6255816778,93.9277263982,0,0,17.766002655,
MC_G0_D045_DENS_REF_V_REF_S007,MC_G0_D045_DENS_REF_V_REF,7,8.89201545715,23.5953788538,94.8526105698,0,0,17.7840309143,
MC_G0_D045_DENS_REF_V_REF_S007,MC_G0_D045_DENS_REF_V_REF,7,8.90101146698,22.9844436928,96.1426916358,0,0,17.802022934,
MC_G0_D045_DENS_REF_V_REF_S007,MC_G0_D045_DENS_REF_V_REF,7,8.91000747681,23.5959606412,95.2190833259,0,0,17.8200149536,
MC_G0_D045_DENS_REF_V_REF_S007,MC_G0_D045_DENS_REF_V_REF,7,8.91900348663,23.4763472894,95.5143678417,0,0,17.8380069733,
MC_G0_D045_DENS_REF_V_REF_S007,MC_G0_D045_DENS_REF_V_REF,7,8.92801761627,21.622778595,94.9097833521,0,0,17.8560352325,
MC_G0_D045_DENS_REF_V_REF_S007,MC_G0_D045_DENS_REF_V_REF,7,8.9370136261,22.3562391152,95.1526977147,0,0,17.8740272522,
MC_G0_D045_DENS_REF_V_REF_S007,MC_G0_D045_DENS_REF_V_REF,7,8.94600963593,23.0524867291,95.8997119453,0,0,17.8920192719,
MC_G0_D045_DENS_REF_V_REF_S007,MC_G0_D045_DENS_REF_V_REF,7,8.95500564575,22.5050861355,94.6258233516,0,0,17.9100112915,
MC_G0_D045_DENS_REF_V_REF_S007,MC_G0_D045_DENS_REF_V_REF,7,8.96400165558,22.9165480222,95.0765877478,0,0,17.9280033112,
MC_G0_D045_DENS_REF_V_REF_S007,MC_G0_D045_DENS_REF_V_REF,7,8.97301578522,23.5006027606,94.8616159457,0,0,17.9460315704,
MC_G0_D045_DENS_REF_V_REF_S007,MC_G0_D045_DENS_REF_V_REF,7,8.98201179504,23.760936529,95.4271771515,0,0,17.9640235901,
MC_G0_D045_DENS_REF_V_REF_S007,MC_G0_D045_DENS_REF_V_REF,7,8.99100780487,23.4764255774,94.9875573362,0,0,17.9820156097,
MC_G0_D045_DENS_REF_V_REF_S007,MC_G0_D045_DENS_REF_V_REF,7,9,23.5675159933,97.5384131182,0,0,18,
