run_id,scenario_id,S,z_m,qb_MPa,qs_kPa,ALLKE,ALLIE,time_s,walltime_h
MC_G1_D060_DENS_MED_V_REF_S050,MC_G1_D060_DENS_MED_V_REF,50,0,0,0,0,0,0,
MC_G1_D060_DENS_MED_V_REF_S050,MC_G1_D060_DENS_MED_V_REF,50,0.00900449790061,0,0,0,0,0.0180089958012,
MC_G1_D060_DENS_MED_V_REF_S050,MC_G1_D060_DENS_MED_V_REF,50,0.0180336199701,1.16511302926,126.007762941,0,0,0.0360672399402,
MC_G1_D060_DENS_MED_V_REF_S050,MC_G1_D060_DENS_MED_V_REF,50,0.0270005445927,0,0,0,0,0.0540010891855,
MC_G1_D060_DENS_MED_V_REF_S050,MC_G1_D060_DENS_MED_V_REF,50,0.0360312275589,1.71900582023,136.573980707,0,0,0.0720624551177,
MC_G1_D060_DENS_MED_V_REF_S050,MC_G1_D060_DENS_MED_V_REF,50,0.0450618043542,0,0,0,0,0.0901236087084,
MC_G1_D060_DENS_MED_V_REF_S050,MC_G1_D060_DENS_MED_V_REF,50,0.0540287643671,0.0170310041774,7.95377470711e-06,0,0,0.108057528734,
MC_G1_D060_DENS_MED_V_REF_S050,MC_G1_D060_DENS_MED_V_REF,50,0.0630594491959,1.368540928,80.1044146806,0,0,0.126118898392,
MC_G1_D060_DENS_MED_V_REF_S050,MC_G1_D060_DENS_MED_V_REF,50,0.0720264092088,0,0,0,0,0.144052818418,
MC_G1_D060_DENS_MED_V_REF_S050,MC_G1_D060_DENS_MED_V_REF,50,0.0810569897294,0.0680439567736,2.16909352123e-05,0,0,0.162113979459,
MC_G1_D060_DENS_MED_V_REF_S050,MC_G1_D060_DENS_MED_V_REF,50,0.0900240764022,1.63489728551,70.8538822234,0,0,0.180048152804,
MC_G1_D060_DENS_MED_V_REF_S050,MC_G1_D060_DENS_MED_V_REF,50,0.09905449301,0,0,0,0,0.19810898602,
MC_G1_D060_DENS_MED_V_REF_S050,MC_G1_D060_DENS_MED_V_REF,50,0.108021475375,0.512832918209,0.000255219538852,0,0,0.216042950749,
MC_G1_D060_DENS_MED_V_REF_S050,MC_G1_D060_DENS_MED_V_REF,50,0.117052145302,1.41587650675,52.8882153161,0,0,0.234104290605,
MC_G1_D060_DENS_MED_V_REF_S050,MC_G1_D060_DENS_MED_V_REF,50,0.126018941402,0,0,0,0,0.252037882805,
MC_G1_D060_DENS_MED_V_REF_S050,MC_G1_D060_DENS_MED_V_REF,50,0.135049566627,0.869820900813,0.000710309537088,0,0,0.270099133253,
MC_G1_D060_DENS_MED_V_REF_S050,MC_G1_D060_DENS_MED_V_REF,50,0.144016623497,1.72038230067,48.6929319564,0,0,0.288033246994,
MC_G1_D060_DENS_MED_V_REF_S050,MC_G1_D060_DENS_MED_V_REF,50,0.153047010303,0,0,0,0,0.306094020605,
MC_G1_D060_DENS_MED_V_REF_S050,MC_G1_D060_DENS_MED_V_REF,50,0.162014052272,1.11421379847,35.6011233496,0,0,0.324028104544,
MC_G1_D060_DENS_MED_V_REF_S050,MC_G1_D060_DENS_MED_V_REF,50,0.171044677496,1.03167073636,13.9552915143,0,0,0.342089354992,
MC_G1_D060_DENS_MED_V_REF_S050,MC_G1_D060_DENS_MED_V_REF,50,0.180011481047,0.0140236457456,5.18831617939e-06,0,0,0.360022962093,
MC_G1_D060_DENS_MED_V_REF_S050,MC_G1_D060_DENS_MED_V_REF,50,0.189042150974,1.14280040338,32.2811754318,0,0,0.378084301949,
MC_G1_D060_DENS_MED_V_REF_S050,MC_G1_D060_DENS_MED_V_REF,50,0.19800914824,1.07476634954,15.8172232905,0,0,0.39601829648,
MC_G1_D060_DENS_MED_V_REF_S050,MC_G1_D060_DENS_MED_V_REF,50,0.207039579749,0.0745414465859,5.52875524195e-06,0,0,0.414079159498,
MC_G1_D060_DENS_MED_V_REF_S050,MC_G1_D060_DENS_MED_V_REF,50,0.216006651521,1.36499756752,38.94200508,0,0,0.432013303041,
MC_G1_D060_DENS_MED_V_REF_S050,MC_G1_D060_DENS_MED_V_REF,50,0.225037202239,0.868219810029,6.10239745789,0,0,0.450074404478,
MC_G1_D060_DENS_MED_V_REF_S050,MC_G1_D060_DENS_MED_V_REF,50,0.234004065394,0.213303590001,0.000103608617856,0,0,0.468008130789,
MC_G1_D060_DENS_MED_V_REF_S050,MC_G1_D060_DENS_MED_V_REF,50,0.243034735322,1.40479893156,17.9072227332,0,0,0.486069470644,
MC_G1_D060_DENS_MED_V_REF_S050,MC_G1_D060_DENS_MED_V_REF,50,0.252001672983,0.584029865696,1.24409139902,0,0,0.504003345966,
MC_G1_D060_DENS_MED_V_REF_S050,MC_G1_D060_DENS_MED_V_REF,50,0.261032164097,0.225004914933,8.6571427216e-06,0,0,0.522064328194,
MC_G1_D060_DENS_MED_V_REF_S050,MC_G1_D060_DENS_MED_V_REF,50,0.270062834024,1.84862779438,26.0821103878,0,0,0.540125668049,
MC_G1_D060_DENS_MED_V_REF_S050,MC_G1_D060_DENS_MED_V_REF,50,0.279029726982,0.46555848399,0.000201963028888,0,0,0.558059453964,
MC_G1_D060_DENS_MED_V_REF_S050,MC_G1_D060_DENS_MED_V_REF,50,0.2880602777,0.41715589815,0.000115165269503,0,0,0.576120555401,
MC_G1_D060_DENS_MED_V_REF_S050,MC_G1_D060_DENS_MED_V_REF,50,0.297027349472,1.62484270739,22.193795192,0,0,0.594054698944,
MC_G1_D060_DENS_MED_V_REF_S050,MC_G1_D060_DENS_MED_V_REF,50,0.306057810783,0.231704382714,1.62367804415e-05,0,0,0.612115621567,
MC_G1_D060_DENS_MED_V_REF_S050,MC_G1_D060_DENS_MED_V_REF,50,0.315024793148,0.601723030573,0.000206692041243,0,0,0.630049586296,
MC_G1_D060_DENS_MED_V_REF_S050,MC_G1_D060_DENS_MED_V_REF,50,0.324055433273,1.09909204972,11.6609612734,0,0,0.648110866547,
MC_G1_D060_DENS_MED_V_REF_S050,MC_G1_D060_DENS_MED_V_REF,50,0.333022296429,0.227516360312,4.76359324019e-05,0,0,0.666044592857,
MC_G1_D060_DENS_MED_V_REF_S050,MC_G1_D060_DENS_MED_V_REF,50,0.342052906752,1.01626274703,11.5803217196,0,0,0.684105813503,
MC_G1_D060_DENS_MED_V_REF_S050,MC_G1_D060_DENS_MED_V_REF,50,0.351019948721,1.61513340966,15.1066333983,0,0,0.702039897442,
MC_G1_D060_DENS_MED_V_REF_S050,MC_G1_D060_DENS_MED_V_REF,50,0.360050410032,0.2163135009,6.39550809223e-05,0,0,0.720100820065,
MC_G1_D060_DENS_MED_V_REF_S050,MC_G1_D060_DENS_MED_V_REF,50,0.369017422199,0.909979957637,8.41165711005,0,0,0.738034844398,
MC_G1_D060_DENS_MED_V_REF_S050,MC_G1_D060_DENS_MED_V_REF,50,0.378048062325,1.11210585031,11.4464582908,0,0,0.756096124649,
MC_G1_D060_DENS_MED_V_REF_S050,MC_G1_D060_DENS_MED_V_REF,50,0.38701492548,0.195659170751,3.77105868694e-05,0,0,0.77402985096,
MC_G1_D060_DENS_MED_V_REF_S050,MC_G1_D060_DENS_MED_V_REF,50,0.396045565605,1.39224093563,18.9252437263,0,0,0.79209113121,
MC_G1_D060_DENS_MED_V_REF_S050,MC_G1_D060_DENS_MED_V_REF,50,0.40501254797,0.775613211285,3.41460902414,0,0,0.81002509594,
MC_G1_D060_DENS_MED_V_REF_S050,MC_G1_D060_DENS_MED_V_REF,50,0.414043039083,0.381939267397,3.76700462736e-05,0,0,0.828086078167,
MC_G1_D060_DENS_MED_V_REF_S050,MC_G1_D060_DENS_MED_V_REF,50,0.423010081053,1.43635501265,9.5063699354,0,0,0.846020162106,
MC_G1_D060_DENS_MED_V_REF_S050,MC_G1_D060_DENS_MED_V_REF,50,0.432040661573,0.602971825259,3.69704586486,0,0,0.864081323147,
MC_G1_D060_DENS_MED_V_REF_S050,MC_G1_D060_DENS_MED_V_REF,50,0.441007554531,0.366321292755,4.80632393883e-05,0,0,0.882015109062,
MC_G1_D060_DENS_MED_V_REF_S050,MC_G1_D060_DENS_MED_V_REF,50,0.450038224459,1.24934741485,11.8752882254,0,0,0.900076448917,
MC_G1_D060_DENS_MED_V_REF_S050,MC_G1_D060_DENS_MED_V_REF,50,0.459005177021,0.850566094975,1.86666184772,0,0,0.918010354042,
MC_G1_D060_DENS_MED_V_REF_S050,MC_G1_D060_DENS_MED_V_REF,50,0.468035697937,0.424506004692,7.58864032356e-05,0,0,0.936071395874,
MC_G1_D060_DENS_MED_V_REF_S050,MC_G1_D060_DENS_MED_V_REF,50,0.477002739906,1.44466214169,6.3487386534,0,0,0.954005479813,
MC_G1_D060_DENS_MED_V_REF_S050,MC_G1_D060_DENS_MED_V_REF,50,0.486033260822,0.516397703557,1.52536659308,0,0,0.972066521645,
MC_G1_D060_DENS_MED_V_REF_S050,MC_G1_D060_DENS_MED_V_REF,50,0.495000243187,0.524974505329,9.59590701234e-05,0,0,0.990000486374,
MC_G1_D060_DENS_MED_V_REF_S050,MC_G1_D060_DENS_MED_V_REF,50,0.504030883312,1.45708565203,11.3346327915,0,0,1.00806176662,
MC_G1_D060_DENS_MED_V_REF_S050,MC_G1_D060_DENS_MED_V_REF,50,0.513061404228,0.444319152354,4.30669999402e-05,0,0,1.02612280846,
MC_G1_D060_DENS_MED_V_REF_S050,MC_G1_D060_DENS_MED_V_REF,50,0.522028386593,0.833170827534,4.26273330469,0,0,1.04405677319,
MC_G1_D060_DENS_MED_V_REF_S050,MC_G1_D060_DENS_MED_V_REF,50,0.531059026718,1.42288335665,8.72026323189,0,0,1.06211805344,
MC_G1_D060_DENS_MED_V_REF_S050,MC_G1_D060_DENS_MED_V_REF,50,0.540025889874,0.562784111996,3.28031541578e-05,0,0,1.08005177975,
MC_G1_D060_DENS_MED_V_REF_S050,MC_G1_D060_DENS_MED_V_REF,50,0.549056529999,1.06131347403,5.9338626517,0,0,1.09811306,
MC_G1_D060_DENS_MED_V_REF_S050,MC_G1_D060_DENS_MED_V_REF,50,0.558023571968,1.51781592994,9.14339734882,0,0,1.11604714394,
MC_G1_D060_DENS_MED_V_REF_S050,MC_G1_D060_DENS_MED_V_REF,50,0.567054033279,0.510901657767,8.24421473595e-05,0,0,1.13410806656,
MC_G1_D060_DENS_MED_V_REF_S050,MC_G1_D060_DENS_MED_V_REF,50,0.576021075249,1.15057110117,7.50578002965,0,0,1.1520421505,
MC_G1_D060_DENS_MED_V_REF_S050,MC_G1_D060_DENS_MED_V_REF,50,0.585051715374,1.44265057846,3.69514427212,0,0,1.17010343075,
MC_G1_D060_DENS_MED_V_REF_S050,MC_G1_D060_DENS_MED_V_REF,50,0.594018578529,0.415723238145,0.504549698206,0,0,1.18803715706,
MC_G1_D060_DENS_MED_V_REF_S050,MC_G1_D060_DENS_MED_V_REF,50,0.603049218655,1.60814274983,8.21788136027,0,0,1.20609843731,
MC_G1_D060_DENS_MED_V_REF_S050,MC_G1_D060_DENS_MED_V_REF,50,0.612016260624,1.035634823,5.23744491686,0,0,1.22403252125,
MC_G1_D060_DENS_MED_V_REF_S050,MC_G1_D060_DENS_MED_V_REF,50,0.621046721935,0.540091720857,0.586489203936,0,0,1.24209344387,
MC_G1_D060_DENS_MED_V_REF_S050,MC_G1_D060_DENS_MED_V_REF,50,0.630013823509,1.50595594224,10.3593988744,0,0,1.26002764702,
MC_G1_D060_DENS_MED_V_REF_S050,MC_G1_D060_DENS_MED_V_REF,50,0.639044344425,0.711646644714,3.3998439494,0,0,1.27808868885,
MC_G1_D060_DENS_MED_V_REF_S050,MC_G1_D060_DENS_MED_V_REF,50,0.64801132679,0.56932404005,0.129492509925,0,0,1.29602265358,
MC_G1_D060_DENS_MED_V_REF_S050,MC_G1_D060_DENS_MED_V_REF,50,0.657041966915,1.75168322613,8.70551745942,0,0,1.31408393383,
MC_G1_D060_DENS_MED_V_REF_S050,MC_G1_D060_DENS_MED_V_REF,50,0.666008889675,1.00861574144,3.63480936077,0,0,1.33201777935,
MC_G1_D060_DENS_MED_V_REF_S050,MC_G1_D060_DENS_MED_V_REF,50,0.675039470196,0.976645302283,1.84564398449,0,0,1.35007894039,
MC_G1_D060_DENS_MED_V_REF_S050,MC_G1_D060_DENS_MED_V_REF,50,0.684006512165,1.56645221956,7.68602657037,0,0,1.36801302433,
MC_G1_D060_DENS_MED_V_REF_S050,MC_G1_D060_DENS_MED_V_REF,50,0.693037033081,0.912216778818,3.67631064999,0,0,1.38607406616,
MC_G1_D060_DENS_MED_V_REF_S050,MC_G1_D060_DENS_MED_V_REF,50,0.702004015446,1.08307283097,4.28978002166,0,0,1.40400803089,
MC_G1_D060_DENS_MED_V_REF_S050,MC_G1_D060_DENS_MED_V_REF,50,0.711034655571,1.44972758537,6.27841928807,0,0,1.42206931114,
MC_G1_D060_DENS_MED_V_REF_S050,MC_G1_D060_DENS_MED_V_REF,50,0.720001637936,1.05628699447,3.58468803797,0,0,1.44000327587,
MC_G1_D060_DENS_MED_V_REF_S050,MC_G1_D060_DENS_MED_V_REF,50,0.729032218456,0.987386123851,3.68091750917,0,0,1.45806443691,
MC_G1_D060_DENS_MED_V_REF_S050,MC_G1_D060_DENS_MED_V_REF,50,0.738062858582,1.28613418635,5.71448741847,0,0,1.47612571716,
MC_G1_D060_DENS_MED_V_REF_S050,MC_G1_D060_DENS_MED_V_REF,50,0.747029781342,0.861198550955,1.70020416707,0,0,1.49405956268,
MC_G1_D060_DENS_MED_V_REF_S050,MC_G1_D060_DENS_MED_V_REF,50,0.756060361862,1.03786322534,3.37942703252,0,0,1.51212072372,
MC_G1_D060_DENS_MED_V_REF_S050,MC_G1_D060_DENS_MED_V_REF,50,0.765027403831,1.52092172658,6.64871603876,0,0,1.53005480766,
MC_G1_D060_DENS_MED_V_REF_S050,MC_G1_D060_DENS_MED_V_REF,50,0.774057924747,0.906195580864,2.59370864334,0,0,1.54811584949,
MC_G1_D060_DENS_MED_V_REF_S050,MC_G1_D060_DENS_MED_V_REF,50,0.783024966717,1.47318107208,6.79126918772,0,0,1.56604993343,
MC_G1_D060_DENS_MED_V_REF_S050,MC_G1_D060_DENS_MED_V_REF,50,0.792055547237,1.5834062534,4.75628310663,0,0,1.58411109447,
MC_G1_D060_DENS_MED_V_REF_S050,MC_G1_D060_DENS_MED_V_REF,50,0.801022529602,0.838826021791,0.987433158866,0,0,1.6020450592,
MC_G1_D060_DENS_MED_V_REF_S050,MC_G1_D060_DENS_MED_V_REF,50,0.810053110123,1.61154428522,6.40300087955,0,0,1.62010622025,
MC_G1_D060_DENS_MED_V_REF_S050,MC_G1_D060_DENS_MED_V_REF,50,0.819020152092,0.993834847799,4.05232537655,0,0,1.63804030418,
MC_G1_D060_DENS_MED_V_REF_S050,MC_G1_D060_DENS_MED_V_REF,50,0.828050673008,0.860523208833,1.64742323579,0,0,1.65610134602,
MC_G1_D060_DENS_MED_V_REF_S050,MC_G1_D060_DENS_MED_V_REF,50,0.837017714977,1.42644819597,6.46461984826,0,0,1.67403542995,
MC_G1_D060_DENS_MED_V_REF_S050,MC_G1_D060_DENS_MED_V_REF,50,0.846048295498,0.928403079166,4.59678381615,0,0,1.692096591,
MC_G1_D060_DENS_MED_V_REF_S050,MC_G1_D060_DENS_MED_V_REF,50,0.855015277863,0.848559928439,2.42695850666,0,0,1.71003055573,
MC_G1_D060_DENS_MED_V_REF_S050,MC_G1_D060_DENS_MED_V_REF,50,0.864045917988,1.44620408472,6.08257329338,0,0,1.72809183598,
MC_G1_D060_DENS_MED_V_REF_S050,MC_G1_D060_DENS_MED_V_REF,50,0.873012840748,1.26196196811,4.51999368296,0,0,1.7460256815,
MC_G1_D060_DENS_MED_V_REF_S050,MC_G1_D060_DENS_MED_V_REF,50,0.882043421268,0.995011326803,2.91741753972,0,0,1.76408684254,
MC_G1_D060_DENS_MED_V_REF_S050,MC_G1_D060_DENS_MED_V_REF,50,0.891010463238,1.28849988055,4.69525828402,0,0,1.78202092648,
MC_G1_D060_DENS_MED_V_REF_S050,MC_G1_D060_DENS_MED_V_REF,50,0.900041043758,1.06070526677,3.50238348821,0,0,1.80008208752,
MC_G1_D060_DENS_MED_V_REF_S050,MC_G1_D060_DENS_MED_V_REF,50,0.909008026123,1.14829855388,3.78325270895,0,0,1.81801605225,
MC_G1_D060_DENS_MED_V_REF_S050,MC_G1_D060_DENS_MED_V_REF,50,0.918038666248,1.52910624276,7.52203400075,0,0,1.8360773325,
MC_G1_D060_DENS_MED_V_REF_S050,MC_G1_D060_DENS_MED_V_REF,50,0.927005648613,1.10092444275,2.2861396747,0,0,1.85401129723,
MC_G1_D060_DENS_MED_V_REF_S050,MC_G1_D060_DENS_MED_V_REF,50,0.936036229134,1.24666137297,3.75990982153,0,0,1.87207245827,
MC_G1_D060_DENS_MED_V_REF_S050,MC_G1_D060_DENS_MED_V_REF,50,0.945003271103,1.71372191843,5.82444982048,0,0,1.89000654221,
MC_G1_D060_DENS_MED_V_REF_S050,MC_G1_D060_DENS_MED_V_REF,50,0.954033792019,0.984521127642,2.30375117525,0,0,1.90806758404,
MC_G1_D060_DENS_MED_V_REF_S050,MC_G1_D060_DENS_MED_V_REF,50,0.963000833988,1.22102956523,5.79916891823,0,0,1.92600166798,
MC_G1_D060_DENS_MED_V_REF_S050,MC_G1_D060_DENS_MED_V_REF,50,0.972031414509,1.31607255485,4.3549215342,0,0,1.94406282902,
MC_G1_D060_DENS_MED_V_REF_S050,MC_G1_D060_DENS_MED_V_REF,50,0.981061995029,1.13504330526,2.38681319416,0,0,1.96212399006,
MC_G1_D060_DENS_MED_V_REF_S050,MC_G1_D060_DENS_MED_V_REF,50,0.990029036999,1.50749648214,5.02352859552,0,0,1.980058074,
MC_G1_D060_DENS_MED_V_REF_S050,MC_G1_D060_DENS_MED_V_REF,50,0.999059617519,1.60537424648,7.20289281168,0,0,1.99811923504,
MC_G1_D060_DENS_MED_V_REF_S050,MC_G1_D060_DENS_MED_V_REF,50,1.00802659988,1.26365037738,2.13745024202,0,0,2.01605319977,
MC_G1_D060_DENS_MED_V_REF_S050,MC_G1_D060_DENS_MED_V_REF,50,1.0170571804,1.77314662844,7.84588537261,0,0,2.03411436081,
MC_G1_D060_DENS_MED_V_REF_S050,MC_G1_D060_DENS_MED_V_REF,50,1.02602422237,1.4080587498,4.33386006869,0,0,2.05204844475,
MC_G1_D060_DENS_MED_V_REF_S050,MC_G1_D060_DENS_MED_V_REF,50,1.03505480289,1.26141884496,3.10620287358,0,0,2.07010960579,
MC_G1_D060_DENS_MED_V_REF_S050,MC_G1_D060_DENS_MED_V_REF,50,1.04402184486,2.08632641857,9.37833195986,0,0,2.08804368973,
MC_G1_D060_DENS_MED_V_REF_S050,MC_G1_D060_DENS_MED_V_REF,50,1.05305242538,1.28748940382,3.60086097005,0,0,2.10610485077,
MC_G1_D060_DENS_MED_V_REF_S050,MC_G1_D060_DENS_MED_V_REF,50,1.06201934814,1.27057249921,3.70878851201,0,0,2.12403869629,
MC_G1_D060_DENS_MED_V_REF_S050,MC_G1_D060_DENS_MED_V_REF,50,1.07105004787,1.70112312351,4.74355575652,0,0,2.14210009575,
MC_G1_D060_DENS_MED_V_REF_S050,MC_G1_D060_DENS_MED_V_REF,50,1.08001697063,1.3909974297,5.48130182946,0,0,2.16003394127,
MC_G1_D060_DENS_MED_V_REF_S050,MC_G1_D060_DENS_MED_V_REF,50,1.08904755116,1.38447671387,4.70645664116,0,0,2.17809510231,
MC_G1_D060_DENS_MED_V_REF_S050,MC_G1_D060_DENS_MED_V_REF,50,1.09801459312,1.73684631482,6.51194703779,0,0,2.19602918625,
MC_G1_D060_DENS_MED_V_REF_S050,MC_G1_D060_DENS_MED_V_REF,50,1.10704517365,1.21161546659,3.16294138279,0,0,2.21409034729,
MC_G1_D060_DENS_MED_V_REF_S050,MC_G1_D060_DENS_MED_V_REF,50,1.11601221561,1.39770400763,3.81833633619,0,0,2.23202443123,
MC_G1_D060_DENS_MED_V_REF_S050,MC_G1_D060_DENS_MED_V_REF,50,1.12504279613,1.83979081805,6.95621300372,0,0,2.25008559227,
MC_G1_D060_DENS_MED_V_REF_S050,MC_G1_D060_DENS_MED_V_REF,50,1.13400971889,1.50340438595,5.63244052409,0,0,2.26801943779,
MC_G1_D060_DENS_MED_V_REF_S050,MC_G1_D060_DENS_MED_V_REF,50,1.14304041862,1.35979278124,3.99900660799,0,0,2.28608083725,
MC_G1_D060_DENS_MED_V_REF_S050,MC_G1_D060_DENS_MED_V_REF,50,1.15200746059,1.52332109614,4.83266044191,0,0,2.30401492119,
MC_G1_D060_DENS_MED_V_REF_S050,MC_G1_D060_DENS_MED_V_REF,50,1.16103792191,1.4512204185,2.99773327298,0,0,2.32207584381,
MC_G1_D060_DENS_MED_V_REF_S050,MC_G1_D060_DENS_MED_V_REF,50,1.17000496387,1.71831310076,4.141745574,0,0,2.34000992775,
MC_G1_D060_DENS_MED_V_REF_S050,MC_G1_D060_DENS_MED_V_REF,50,1.1790355444,1.69793162739,4.73613820895,0,0,2.35807108879,
MC_G1_D060_DENS_MED_V_REF_S050,MC_G1_D060_DENS_MED_V_REF,50,1.18800258636,1.27926538385,2.7601891448,0,0,2.37600517273,
MC_G1_D060_DENS_MED_V_REF_S050,MC_G1_D060_DENS_MED_V_REF,50,1.19703316689,1.56740559928,5.12517961599,0,0,2.39406633377,
MC_G1_D060_DENS_MED_V_REF_S050,MC_G1_D060_DENS_MED_V_REF,50,1.20600020885,1.9379991838,4.54858594553,0,0,2.41200041771,
MC_G1_D060_DENS_MED_V_REF_S050,MC_G1_D060_DENS_MED_V_REF,50,1.21503078938,1.63457607436,4.95763895621,0,0,2.43006157875,
MC_G1_D060_DENS_MED_V_REF_S050,MC_G1_D060_DENS_MED_V_REF,50,1.2240613699,1.80400923453,6.24602503288,0,0,2.44812273979,
MC_G1_D060_DENS_MED_V_REF_S050,MC_G1_D060_DENS_MED_V_REF,50,1.23302829266,1.63881539233,5.92842343858,0,0,2.46605658531,
MC_G1_D060_DENS_MED_V_REF_S050,MC_G1_D060_DENS_MED_V_REF,50,1.24205887318,1.40730860952,3.72811709181,0,0,2.48411774635,
MC_G1_D060_DENS_MED_V_REF_S050,MC_G1_D060_DENS_MED_V_REF,50,1.25102591515,1.76627577519,6.43927601873,0,0,2.50205183029,
MC_G1_D060_DENS_MED_V_REF_S050,MC_G1_D060_DENS_MED_V_REF,50,1.26005649567,1.4918098076,4.23063988596,0,0,2.52011299133,
MC_G1_D060_DENS_MED_V_REF_S050,MC_G1_D060_DENS_MED_V_REF,50,1.26902341843,1.69360445127,5.8652271553,0,0,2.53804683685,
MC_G1_D060_DENS_MED_V_REF_S050,MC_G1_D060_DENS_MED_V_REF,50,1.27805411816,2.15988700951,7.35170937462,0,0,2.55610823631,
MC_G1_D060_DENS_MED_V_REF_S050,MC_G1_D060_DENS_MED_V_REF,50,1.28702104092,1.87004618828,5.60411662731,0,0,2.57404208183,
MC_G1_D060_DENS_MED_V_REF_S050,MC_G1_D060_DENS_MED_V_REF,50,1.29605162144,1.7025246446,9.24184833067,0,0,2.59210324287,
MC_G1_D060_DENS_MED_V_REF_S050,MC_G1_D060_DENS_MED_V_REF,50,1.30501866341,1.99232812072,5.6580729898,0,0,2.61003732681,
MC_G1_D060_DENS_MED_V_REF_S050,MC_G1_D060_DENS_MED_V_REF,50,1.31404924393,1.8218535068,5.19086051068,0,0,2.62809848785,
MC_G1_D060_DENS_MED_V_REF_S050,MC_G1_D060_DENS_MED_V_REF,50,1.32301616669,1.6596958439,5.89592942923,0,0,2.64603233337,
MC_G1_D060_DENS_MED_V_REF_S050,MC_G1_D060_DENS_MED_V_REF,50,1.33204686642,2.11036782098,6.47001032555,0,0,2.66409373283,
MC_G1_D060_DENS_MED_V_REF_S050,MC_G1_D060_DENS_MED_V_REF,50,1.34101378918,1.61468084301,5.38238650152,0,0,2.68202757835,
MC_G1_D060_DENS_MED_V_REF_S050,MC_G1_D060_DENS_MED_V_REF,50,1.3500443697,1.98296442719,6.01504366156,0,0,2.7000887394,
MC_G1_D060_DENS_MED_V_REF_S050,MC_G1_D060_DENS_MED_V_REF,50,1.35901141167,1.7815194892,6.02882684997,0,0,2.71802282333,
MC_G1_D060_DENS_MED_V_REF_S050,MC_G1_D060_DENS_MED_V_REF,50,1.36804199219,1.75778192059,4.54529515452,0,0,2.73608398438,
MC_G1_D060_DENS_MED_V_REF_S050,MC_G1_D060_DENS_MED_V_REF,50,1.37700903416,2.15543668087,5.50175393848,0,0,2.75401806831,
MC_G1_D060_DENS_MED_V_REF_S050,MC_G1_D060_DENS_MED_V_REF,50,1.38603961468,2.06008316555,6.54939877819,0,0,2.77207922935,
MC_G1_D060_DENS_MED_V_REF_S050,MC_G1_D060_DENS_MED_V_REF,50,1.39500653744,1.72358232356,5.84141697386,0,0,2.79001307487,
MC_G1_D060_DENS_MED_V_REF_S050,MC_G1_D060_DENS_MED_V_REF,50,1.40403711796,2.01217521358,5.96062209067,0,0,2.80807423592,
MC_G1_D060_DENS_MED_V_REF_S050,MC_G1_D060_DENS_MED_V_REF,50,1.41300415993,1.71001557783,13.4148151098,0,0,2.82600831985,
MC_G1_D060_DENS_MED_V_REF_S050,MC_G1_D060_DENS_MED_V_REF,50,1.42203474045,2.06654753991,5.70503256531,0,0,2.8440694809,
MC_G1_D060_DENS_MED_V_REF_S050,MC_G1_D060_DENS_MED_V_REF,50,1.43100166321,1.95272049795,6.69454918013,0,0,2.86200332642,
MC_G1_D060_DENS_MED_V_REF_S050,MC_G1_D060_DENS_MED_V_REF,50,1.44003236294,2.10024578419,6.36368195874,0,0,2.88006472588,
MC_G1_D060_DENS_MED_V_REF_S050,MC_G1_D060_DENS_MED_V_REF,50,1.44906282425,1.39784874692,5.66483999925,0,0,2.8981256485,
MC_G1_D060_DENS_MED_V_REF_S050,MC_G1_D060_DENS_MED_V_REF,50,1.45802986622,1.95743936603,6.72600959759,0,0,2.91605973244,
MC_G1_D060_DENS_MED_V_REF_S050,MC_G1_D060_DENS_MED_V_REF,50,1.46706044674,1.83622684221,5.39482461691,0,0,2.93412089348,
MC_G1_D060_DENS_MED_V_REF_S050,MC_G1_D060_DENS_MED_V_REF,50,1.47602748871,1.9546259622,5.15892308607,0,0,2.95205497742,
MC_G1_D060_DENS_MED_V_REF_S050,MC_G1_D060_DENS_MED_V_REF,50,1.48505806923,2.26763715965,14.3429665392,0,0,2.97011613846,
MC_G1_D060_DENS_MED_V_REF_S050,MC_G1_D060_DENS_MED_V_REF,50,1.49402499199,1.93061283846,5.04372671179,0,0,2.98804998398,
MC_G1_D060_DENS_MED_V_REF_S050,MC_G1_D060_DENS_MED_V_REF,50,1.50305557251,2.15538811063,6.63558344463,0,0,3.00611114502,
MC_G1_D060_DENS_MED_V_REF_S050,MC_G1_D060_DENS_MED_V_REF,50,1.51202261448,2.04485974311,5.97634152997,0,0,3.02404522896,
MC_G1_D060_DENS_MED_V_REF_S050,MC_G1_D060_DENS_MED_V_REF,50,1.521053195,1.85778598185,5.08553705467,0,0,3.04210639,
MC_G1_D060_DENS_MED_V_REF_S050,MC_G1_D060_DENS_MED_V_REF,50,1.53002023697,2.33931646353,5.67079743628,0,0,3.06004047394,
MC_G1_D060_DENS_MED_V_REF_S050,MC_G1_D060_DENS_MED_V_REF,50,1.53905081749,2.00695574829,6.34552719283,0,0,3.07810163498,
MC_G1_D060_DENS_MED_V_REF_S050,MC_G1_D060_DENS_MED_V_REF,50,1.54801774025,1.97602168999,5.56792679682,0,0,3.0960354805,
MC_G1_D060_DENS_MED_V_REF_S050,MC_G1_D060_DENS_MED_V_REF,50,1.55704832077,1.76083752798,6.95894921809,0,0,3.11409664154,
MC_G1_D060_DENS_MED_V_REF_S050,MC_G1_D060_DENS_MED_V_REF,50,1.56601536274,1.78044241728,6.18387649541,0,0,3.13203072548,
MC_G1_D060_DENS_MED_V_REF_S050,MC_G1_D060_DENS_MED_V_REF,50,1.57504594326,1.87190588858,6.06916969264,0,0,3.15009188652,
MC_G1_D060_DENS_MED_V_REF_S050,MC_G1_D060_DENS_MED_V_REF,50,1.58401298523,2.26293253884,6.12901668576,0,0,3.16802597046,
MC_G1_D060_DENS_MED_V_REF_S050,MC_G1_D060_DENS_MED_V_REF,50,1.59304356575,2.10755657583,6.4023287237,0,0,3.1860871315,
MC_G1_D060_DENS_MED_V_REF_S050,MC_G1_D060_DENS_MED_V_REF,50,1.60201048851,2.37872030718,6.63453583558,0,0,3.20402097702,
MC_G1_D060_DENS_MED_V_REF_S050,MC_G1_D060_DENS_MED_V_REF,50,1.61104118824,2.20062189345,7.05273108911,0,0,3.22208237648,
MC_G1_D060_DENS_MED_V_REF_S050,MC_G1_D060_DENS_MED_V_REF,50,1.620008111,2.36850458381,6.56835859936,0,0,3.240016222,
MC_G1_D060_DENS_MED_V_REF_S050,MC_G1_D060_DENS_MED_V_REF,50,1.62903869152,2.47483475616,7.38661039562,0,0,3.25807738304,
MC_G1_D060_DENS_MED_V_REF_S050,MC_G1_D060_DENS_MED_V_REF,50,1.63800573349,2.16146241204,12.7390819855,0,0,3.27601146698,
MC_G1_D060_DENS_MED_V_REF_S050,MC_G1_D060_DENS_MED_V_REF,50,1.64703631401,2.08614530556,5.49853538924,0,0,3.29407262802,
MC_G1_D060_DENS_MED_V_REF_S050,MC_G1_D060_DENS_MED_V_REF,50,1.65600323677,2.36398388228,6.49818454716,0,0,3.31200647354,
MC_G1_D060_DENS_MED_V_REF_S050,MC_G1_D060_DENS_MED_V_REF,50,1.6650339365,2.52224729175,7.4221407673,0,0,3.330067873,
MC_G1_D060_DENS_MED_V_REF_S050,MC_G1_D060_DENS_MED_V_REF,50,1.67400085926,2.46020130016,7.60894530552,0,0,3.34800171852,
MC_G1_D060_DENS_MED_V_REF_S050,MC_G1_D060_DENS_MED_V_REF,50,1.68303143978,2.4890140265,7.27272580462,0,0,3.36606287956,
MC_G1_D060_DENS_MED_V_REF_S050,MC_G1_D060_DENS_MED_V_REF,50,1.69206213951,1.87124813967,7.96219093518,0,0,3.38412427902,
MC_G1_D060_DENS_MED_V_REF_S050,MC_G1_D060_DENS_MED_V_REF,50,1.70102906227,2.13841378522,6.7467339022,0,0,3.40205812454,
MC_G1_D060_DENS_MED_V_REF_S050,MC_G1_D060_DENS_MED_V_REF,50,1.71005964279,2.29639850947,7.05520353048,0,0,3.42011928558,
MC_G1_D060_DENS_MED_V_REF_S050,MC_G1_D060_DENS_MED_V_REF,50,1.71902668476,2.38984267492,6.58865435429,0,0,3.43805336952,
MC_G1_D060_DENS_MED_V_REF_S050,MC_G1_D060_DENS_MED_V_REF,50,1.72805726528,2.23678318827,6.18943832669,0,0,3.45611453056,
MC_G1_D060_DENS_MED_V_REF_S050,MC_G1_D060_DENS_MED_V_REF,50,1.73702430725,2.84451942969,8.32822399045,0,0,3.4740486145,
MC_G1_D060_DENS_MED_V_REF_S050,MC_G1_D060_DENS_MED_V_REF,50,1.74605488777,2.73711402029,7.86047275517,0,0,3.49210977554,
MC_G1_D060_DENS_MED_V_REF_S050,MC_G1_D060_DENS_MED_V_REF,50,1.75502181053,2.26748950614,6.4090665918,0,0,3.51004362106,
MC_G1_D060_DENS_MED_V_REF_S050,MC_G1_D060_DENS_MED_V_REF,50,1.76405251026,2.39282423969,7.29129642091,0,0,3.52810502052,
MC_G1_D060_DENS_MED_V_REF_S050,MC_G1_D060_DENS_MED_V_REF,50,1.77301943302,2.55268809233,6.58716421322,0,0,3.54603886604,
MC_G1_D060_DENS_MED_V_REF_S050,MC_G1_D060_DENS_MED_V_REF,50,1.78205001354,2.58963298693,7.01144482168,0,0,3.56410002708,
MC_G1_D060_DENS_MED_V_REF_S050,MC_G1_D060_DENS_MED_V_REF,50,1.79101705551,2.98103265659,7.85838259862,0,0,3.58203411102,
MC_G1_D060_DENS_MED_V_REF_S050,MC_G1_D060_DENS_MED_V_REF,50,1.80004763603,2.65811248379,8.36138062581,0,0,3.60009527206,
MC_G1_D060_DENS_MED_V_REF_S050,MC_G1_D060_DENS_MED_V_REF,50,1.809014678,2.78152815342,12.7223737786,0,0,3.618029356,
MC_G1_D060_DENS_MED_V_REF_S050,MC_G1_D060_DENS_MED_V_REF,50,1.81804525852,2.63663558974,6.7324525256,0,0,3.63609051704,
MC_G1_D060_DENS_MED_V_REF_S050,MC_G1_D060_DENS_MED_V_REF,50,1.82701230049,2.56894919084,7.81203999484,0,0,3.65402460098,
MC_G1_D060_DENS_MED_V_REF_S050,MC_G1_D060_DENS_MED_V_REF,50,1.83604288101,2.744148933,7.52556453184,0,0,3.67208576202,
MC_G1_D060_DENS_MED_V_REF_S050,MC_G1_D060_DENS_MED_V_REF,50,1.84500992298,2.71407640272,7.5891339464,0,0,3.69001984596,
MC_G1_D060_DENS_MED_V_REF_S050,MC_G1_D060_DENS_MED_V_REF,50,1.8540405035,2.55923967724,8.02504889721,0,0,3.708081007,
MC_G1_D060_DENS_MED_V_REF_S050,MC_G1_D060_DENS_MED_V_REF,50,1.86300742626,2.61055618031,7.08220701797,0,0,3.72601485252,
MC_G1_D060_DENS_MED_V_REF_S050,MC_G1_D060_DENS_MED_V_REF,50,1.87203800678,2.63293712831,7.68435922837,0,0,3.74407601357,
MC_G1_D060_DENS_MED_V_REF_S050,MC_G1_D060_DENS_MED_V_REF,50,1.88100504875,2.65769046242,7.13344457046,0,0,3.7620100975,
MC_G1_D060_DENS_MED_V_REF_S050,MC_G1_D060_DENS_MED_V_REF,50,1.89003562927,2.47418585783,7.86105395051,0,0,3.78007125854,
MC_G1_D060_DENS_MED_V_REF_S050,MC_G1_D060_DENS_MED_V_REF,50,1.89900267124,3.0243706892,8.56345861604,0,0,3.79800534248,
MC_G1_D060_DENS_MED_V_REF_S050,MC_G1_D060_DENS_MED_V_REF,50,1.90803325176,3.05507161037,8.99401391174,0,0,3.81606650352,
MC_G1_D060_DENS_MED_V_REF_S050,MC_G1_D060_DENS_MED_V_REF,50,1.91700017452,2.59666401402,8.38645068403,0,0,3.83400034904,
MC_G1_D060_DENS_MED_V_REF_S050,MC_G1_D060_DENS_MED_V_REF,50,1.92603087425,2.57919060247,7.25664851159,0,0,3.8520617485,
MC_G1_D060_DENS_MED_V_REF_S050,MC_G1_D060_DENS_MED_V_REF,50,1.93506145477,2.58726858793,7.36990884944,0,0,3.87012290955,
MC_G1_D060_DENS_MED_V_REF_S050,MC_G1_D060_DENS_MED_V_REF,50,1.94402837753,2.81632451673,7.82241527156,0,0,3.88805675507,
MC_G1_D060_DENS_MED_V_REF_S050,MC_G1_D060_DENS_MED_V_REF,50,1.95305907726,2.79832503558,7.4390008083,0,0,3.90611815453,
MC_G1_D060_DENS_MED_V_REF_S050,MC_G1_D060_DENS_MED_V_REF,50,1.96202600002,2.74602503924,6.44110511011,0,0,3.92405200005,
MC_G1_D060_DENS_MED_V_REF_S050,MC_G1_D060_DENS_MED_V_REF,50,1.97105658054,3.00754833466,7.66994274848,0,0,3.94211316109,
MC_G1_D060_DENS_MED_V_REF_S050,MC_G1_D060_DENS_MED_V_REF,50,1.98002362251,2.76502096573,9.27005620566,0,0,3.96004724503,
MC_G1_D060_DENS_MED_V_REF_S050,MC_G1_D060_DENS_MED_V_REF,50,1.98905420303,3.25456683123,9.17274788415,0,0,3.97810840607,
MC_G1_D060_DENS_MED_V_REF_S050,MC_G1_D060_DENS_MED_V_REF,50,1.998021245,3.85825188339,10.4262406416,0,0,3.99604249001,
MC_G1_D060_DENS_MED_V_REF_S050,MC_G1_D060_DENS_MED_V_REF,50,2.00705170631,2.8756298519,14.7731250976,0,0,4.01410341263,
MC_G1_D060_DENS_MED_V_REF_S050,MC_G1_D060_DENS_MED_V_REF,50,2.01601886749,2.95364314605,11.8107802668,0,0,4.03203773499,
MC_G1_D060_DENS_MED_V_REF_S050,MC_G1_D060_DENS_MED_V_REF,50,2.02504944801,2.97908725681,8.71627732387,0,0,4.05009889603,
MC_G1_D060_DENS_MED_V_REF_S050,MC_G1_D060_DENS_MED_V_REF,50,2.03401637077,3.09750278275,11.2834533308,0,0,4.06803274155,
MC_G1_D060_DENS_MED_V_REF_S050,MC_G1_D060_DENS_MED_V_REF,50,2.04304695129,2.26946145764,8.59330752348,0,0,4.08609390259,
MC_G1_D060_DENS_MED_V_REF_S050,MC_G1_D060_DENS_MED_V_REF,50,2.05201387405,3.4025124119,9.3584704972,0,0,4.10402774811,
MC_G1_D060_DENS_MED_V_REF_S050,MC_G1_D060_DENS_MED_V_REF,50,2.06104469299,2.84085593884,8.10080697773,0,0,4.12208938599,
MC_G1_D060_DENS_MED_V_REF_S050,MC_G1_D060_DENS_MED_V_REF,50,2.07001161575,3.08293991549,9.23611981005,0,0,4.14002323151,
MC_G1_D060_DENS_MED_V_REF_S050,MC_G1_D060_DENS_MED_V_REF,50,2.07904219627,2.95793286912,8.89636173721,0,0,4.15808439255,
MC_G1_D060_DENS_MED_V_REF_S050,MC_G1_D060_DENS_MED_V_REF,50,2.08800911903,3.00226842641,7.87961133601,0,0,4.17601823807,
MC_G1_D060_DENS_MED_V_REF_S050,MC_G1_D060_DENS_MED_V_REF,50,2.09703969955,3.18486465968,8.80470051386,0,0,4.19407939911,
MC_G1_D060_DENS_MED_V_REF_S050,MC_G1_D060_DENS_MED_V_REF,50,2.10600686073,3.28625124568,8.3420988763,0,0,4.21201372147,
MC_G1_D060_DENS_MED_V_REF_S050,MC_G1_D060_DENS_MED_V_REF,50,2.11503744125,3.28245370097,8.05629186504,0,0,4.23007488251,
MC_G1_D060_DENS_MED_V_REF_S050,MC_G1_D060_DENS_MED_V_REF,50,2.12400436401,3.14004469526,8.68562077275,0,0,4.24800872803,
MC_G1_D060_DENS_MED_V_REF_S050,MC_G1_D060_DENS_MED_V_REF,50,2.13303494453,3.56574488011,9.43402042672,0,0,4.26606988907,
MC_G1_D060_DENS_MED_V_REF_S050,MC_G1_D060_DENS_MED_V_REF,50,2.14200186729,3.15650784594,8.75797426164,0,0,4.28400373459,
MC_G1_D060_DENS_MED_V_REF_S050,MC_G1_D060_DENS_MED_V_REF,50,2.15103268623,3.28252860707,10.214024646,0,0,4.30206537247,
MC_G1_D060_DENS_MED_V_REF_S050,MC_G1_D060_DENS_MED_V_REF,50,2.16006326675,3.49646062844,11.5713553849,0,0,4.32012653351,
MC_G1_D060_DENS_MED_V_REF_S050,MC_G1_D060_DENS_MED_V_REF,50,2.16903018951,2.87707573381,9.40104308514,0,0,4.33806037903,
MC_G1_D060_DENS_MED_V_REF_S050,MC_G1_D060_DENS_MED_V_REF,50,2.17806077003,3.53838753385,10.5627536967,0,0,4.35612154007,
MC_G1_D060_DENS_MED_V_REF_S050,MC_G1_D060_DENS_MED_V_REF,50,2.18702769279,3.20653669814,9.29972642167,0,0,4.37405538559,
MC_G1_D060_DENS_MED_V_REF_S050,MC_G1_D060_DENS_MED_V_REF,50,2.19605827332,3.25546635197,9.63884926452,0,0,4.39211654663,
MC_G1_D060_DENS_MED_V_REF_S050,MC_G1_D060_DENS_MED_V_REF,50,2.20502543449,3.33854217557,8.86239054274,0,0,4.41005086899,
MC_G1_D060_DENS_MED_V_REF_S050,MC_G1_D060_DENS_MED_V_REF,50,2.21405601501,3.68529435911,8.46113186057,0,0,4.42811203003,
MC_G1_D060_DENS_MED_V_REF_S050,MC_G1_D060_DENS_MED_V_REF,50,2.22302293777,3.32988652812,8.82016499991,0,0,4.44604587555,
MC_G1_D060_DENS_MED_V_REF_S050,MC_G1_D060_DENS_MED_V_REF,50,2.2320535183,3.61462725891,8.6078239833,0,0,4.46410703659,
MC_G1_D060_DENS_MED_V_REF_S050,MC_G1_D060_DENS_MED_V_REF,50,2.24102067947,2.92032007984,7.17949465269,0,0,4.48204135895,
MC_G1_D060_DENS_MED_V_REF_S050,MC_G1_D060_DENS_MED_V_REF,50,2.25005125999,3.18663520662,9.00891658443,0,0,4.50010251999,
MC_G1_D060_DENS_MED_V_REF_S050,MC_G1_D060_DENS_MED_V_REF,50,2.25901818275,3.09263539769,8.25029863418,0,0,4.51803636551,
MC_G1_D060_DENS_MED_V_REF_S050,MC_G1_D060_DENS_MED_V_REF,50,2.26804876328,3.28125261305,9.63508256843,0,0,4.53609752655,
MC_G1_D060_DENS_MED_V_REF_S050,MC_G1_D060_DENS_MED_V_REF,50,2.27701568604,3.805857337,9.84124302745,0,0,4.55403137207,
MC_G1_D060_DENS_MED_V_REF_S050,MC_G1_D060_DENS_MED_V_REF,50,2.28604650497,3.62139838128,10.4702543077,0,0,4.57209300995,
MC_G1_D060_DENS_MED_V_REF_S050,MC_G1_D060_DENS_MED_V_REF,50,2.29501342773,3.18568495697,10.2487118007,0,0,4.59002685547,
MC_G1_D060_DENS_MED_V_REF_S050,MC_G1_D060_DENS_MED_V_REF,50,2.30404400826,3.53138867105,8.40224230958,0,0,4.60808801651,
MC_G1_D060_DENS_MED_V_REF_S050,MC_G1_D060_DENS_MED_V_REF,50,2.31301093102,3.74363088001,9.84562866931,0,0,4.62602186203,
MC_G1_D060_DENS_MED_V_REF_S050,MC_G1_D060_DENS_MED_V_REF,50,2.32204151154,4.06149910087,11.1814109106,0,0,4.64408302307,
MC_G1_D060_DENS_MED_V_REF_S050,MC_G1_D060_DENS_MED_V_REF,50,2.33100867271,3.89092518781,10.071602747,0,0,4.66201734543,
MC_G1_D060_DENS_MED_V_REF_S050,MC_G1_D060_DENS_MED_V_REF,50,2.34003925323,3.64579143218,12.793850984,0,0,4.68007850647,
MC_G1_D060_DENS_MED_V_REF_S050,MC_G1_D060_DENS_MED_V_REF,50,2.34900617599,3.53202224277,9.34241378704,0,0,4.69801235199,
MC_G1_D060_DENS_MED_V_REF_S050,MC_G1_D060_DENS_MED_V_REF,50,2.35803675652,3.79055706565,15.5626690325,0,0,4.71607351303,
MC_G1_D060_DENS_MED_V_REF_S050,MC_G1_D060_DENS_MED_V_REF,50,2.36700391769,3.80353157832,10.6179350845,0,0,4.73400783539,
MC_G1_D060_DENS_MED_V_REF_S050,MC_G1_D060_DENS_MED_V_REF,50,2.37603449821,3.75579891093,10.249202052,0,0,4.75206899643,
MC_G1_D060_DENS_MED_V_REF_S050,MC_G1_D060_DENS_MED_V_REF,50,2.38500142097,3.50358555798,10.2672144299,0,0,4.77000284195,
MC_G1_D060_DENS_MED_V_REF_S050,MC_G1_D060_DENS_MED_V_REF,50,2.3940320015,3.68977706792,11.1245516502,0,0,4.78806400299,
MC_G1_D060_DENS_MED_V_REF_S050,MC_G1_D060_DENS_MED_V_REF,50,2.40306258202,3.53614488424,10.7803346167,0,0,4.80612516403,
MC_G1_D060_DENS_MED_V_REF_S050,MC_G1_D060_DENS_MED_V_REF,50,2.41202974319,3.99405037231,10.2069036288,0,0,4.82405948639,
MC_G1_D060_DENS_MED_V_REF_S050,MC_G1_D060_DENS_MED_V_REF,50,2.42106032372,3.74991867459,14.3782901149,0,0,4.84212064743,
MC_G1_D060_DENS_MED_V_REF_S050,MC_G1_D060_DENS_MED_V_REF,50,2.43002724648,3.50439052866,9.35285074238,0,0,4.86005449295,
MC_G1_D060_DENS_MED_V_REF_S050,MC_G1_D060_DENS_MED_V_REF,50,2.439057827,3.43234835117,9.0567515668,0,0,4.87811565399,
MC_G1_D060_DENS_MED_V_REF_S050,MC_G1_D060_DENS_MED_V_REF,50,2.44802474976,3.63271848384,8.74740146407,0,0,4.89604949951,
MC_G1_D060_DENS_MED_V_REF_S050,MC_G1_D060_DENS_MED_V_REF,50,2.4570555687,4.08349558849,9.48736883727,0,0,4.91411113739,
MC_G1_D060_DENS_MED_V_REF_S050,MC_G1_D060_DENS_MED_V_REF,50,2.46602249146,4.20400200903,11.0056796295,0,0,4.93204498291,
MC_G1_D060_DENS_MED_V_REF_S050,MC_G1_D060_DENS_MED_V_REF,50,2.47505307198,3.80421976457,9.51529355133,0,0,4.95010614395,
MC_G1_D060_DENS_MED_V_REF_S050,MC_G1_D060_DENS_MED_V_REF,50,2.48401999474,3.88185917584,9.61009698012,0,0,4.96803998947,
MC_G1_D060_DENS_MED_V_REF_S050,MC_G1_D060_DENS_MED_V_REF,50,2.49305057526,3.81521433863,11.4076909421,0,0,4.98610115051,
MC_G1_D060_DENS_MED_V_REF_S050,MC_G1_D060_DENS_MED_V_REF,50,2.50201773643,4.07076932368,11.3354081174,0,0,5.00403547287,
MC_G1_D060_DENS_MED_V_REF_S050,MC_G1_D060_DENS_MED_V_REF,50,2.51104831696,3.7540991686,10.6428791263,0,0,5.02209663391,
MC_G1_D060_DENS_MED_V_REF_S050,MC_G1_D060_DENS_MED_V_REF,50,2.52001523972,3.78019023489,10.6129993603,0,0,5.04003047943,
MC_G1_D060_DENS_MED_V_REF_S050,MC_G1_D060_DENS_MED_V_REF,50,2.52904582024,3.68961171325,10.7589225475,0,0,5.05809164047,
MC_G1_D060_DENS_MED_V_REF_S050,MC_G1_D060_DENS_MED_V_REF,50,2.53801298141,3.73313539209,10.2640192104,0,0,5.07602596283,
MC_G1_D060_DENS_MED_V_REF_S050,MC_G1_D060_DENS_MED_V_REF,50,2.54704356194,3.40452581,9.59870632747,0,0,5.09408712387,
MC_G1_D060_DENS_MED_V_REF_S050,MC_G1_D060_DENS_MED_V_REF,50,2.5560104847,3.74987334237,10.4611568484,0,0,5.11202096939,
MC_G1_D060_DENS_MED_V_REF_S050,MC_G1_D060_DENS_MED_V_REF,50,2.56504106522,3.86555857354,9.77295100351,0,0,5.13008213043,
MC_G1_D060_DENS_MED_V_REF_S050,MC_G1_D060_DENS_MED_V_REF,50,2.57400822639,4.23041169606,10.3258827204,0,0,5.14801645279,
MC_G1_D060_DENS_MED_V_REF_S050,MC_G1_D060_DENS_MED_V_REF,50,2.58303880692,4.01614443213,9.36846210878,0,0,5.16607761383,
MC_G1_D060_DENS_MED_V_REF_S050,MC_G1_D060_DENS_MED_V_REF,50,2.59200572968,3.77090231092,8.77713595939,0,0,5.18401145935,
MC_G1_D060_DENS_MED_V_REF_S050,MC_G1_D060_DENS_MED_V_REF,50,2.6010363102,4.10323755377,9.58806094459,0,0,5.20207262039,
MC_G1_D060_DENS_MED_V_REF_S050,MC_G1_D060_DENS_MED_V_REF,50,2.61000323296,4.07173554754,10.0756375609,0,0,5.22000646591,
MC_G1_D060_DENS_MED_V_REF_S050,MC_G1_D060_DENS_MED_V_REF,50,2.6190340519,4.70143157907,10.3173284432,0,0,5.23806810379,
MC_G1_D060_DENS_MED_V_REF_S050,MC_G1_D060_DENS_MED_V_REF,50,2.62800097466,4.20874505429,10.3679383868,0,0,5.25600194931,
MC_G1_D060_DENS_MED_V_REF_S050,MC_G1_D060_DENS_MED_V_REF,50,2.63703155518,4.3269054246,12.329102636,0,0,5.27406311035,
MC_G1_D060_DENS_MED_V_REF_S050,MC_G1_D060_DENS_MED_V_REF,50,2.6460621357,4.21713324166,12.1713946538,0,0,5.29212427139,
MC_G1_D060_DENS_MED_V_REF_S050,MC_G1_D060_DENS_MED_V_REF,50,2.65502905846,4.24318545176,10.8260517741,0,0,5.31005811691,
MC_G1_D060_DENS_MED_V_REF_S050,MC_G1_D060_DENS_MED_V_REF,50,2.6640598774,3.54366549929,10.1610716189,0,0,5.32811975479,
MC_G1_D060_DENS_MED_V_REF_S050,MC_G1_D060_DENS_MED_V_REF,50,2.67302680016,4.2175360508,11.524766967,0,0,5.34605360031,
MC_G1_D060_DENS_MED_V_REF_S050,MC_G1_D060_DENS_MED_V_REF,50,2.68205738068,3.90041732262,9.35480664384,0,0,5.36411476135,
MC_G1_D060_DENS_MED_V_REF_S050,MC_G1_D060_DENS_MED_V_REF,50,2.69102430344,4.09667388027,16.4781123007,0,0,5.38204860687,
MC_G1_D060_DENS_MED_V_REF_S050,MC_G1_D060_DENS_MED_V_REF,50,2.70005488396,4.35054466547,9.70657371916,0,0,5.40010976791,
MC_G1_D060_DENS_MED_V_REF_S050,MC_G1_D060_DENS_MED_V_REF,50,2.70902204514,4.20402661795,10.0921739393,0,0,5.41804409027,
MC_G1_D060_DENS_MED_V_REF_S050,MC_G1_D060_DENS_MED_V_REF,50,2.71805262566,4.43546227235,10.4902936111,0,0,5.43610525131,
MC_G1_D060_DENS_MED_V_REF_S050,MC_G1_D060_DENS_MED_V_REF,50,2.72701954842,4.29344333959,10.1519907586,0,0,5.45403909683,
MC_G1_D060_DENS_MED_V_REF_S050,MC_G1_D060_DENS_MED_V_REF,50,2.73605012894,4.3315867317,9.8421185685,0,0,5.47210025787,
MC_G1_D060_DENS_MED_V_REF_S050,MC_G1_D060_DENS_MED_V_REF,50,2.74501729012,4.5596198793,11.2467104249,0,0,5.49003458023,
MC_G1_D060_DENS_MED_V_REF_S050,MC_G1_D060_DENS_MED_V_REF,50,2.75404787064,4.70893082321,12.0018926008,0,0,5.50809574127,
MC_G1_D060_DENS_MED_V_REF_S050,MC_G1_D060_DENS_MED_V_REF,50,2.7630147934,3.94962954728,11.6557060891,0,0,5.52602958679,
MC_G1_D060_DENS_MED_V_REF_S050,MC_G1_D060_DENS_MED_V_REF,50,2.77204537392,4.57520595949,11.8672044948,0,0,5.54409074783,
MC_G1_D060_DENS_MED_V_REF_S050,MC_G1_D060_DENS_MED_V_REF,50,2.7810125351,4.38775766776,11.4381112247,0,0,5.56202507019,
MC_G1_D060_DENS_MED_V_REF_S050,MC_G1_D060_DENS_MED_V_REF,50,2.79004311562,4.17885471636,10.885648551,0,0,5.58008623123,
MC_G1_D060_DENS_MED_V_REF_S050,MC_G1_D060_DENS_MED_V_REF,50,2.79901003838,4.60584924398,11.8005767224,0,0,5.59802007675,
MC_G1_D060_DENS_MED_V_REF_S050,MC_G1_D060_DENS_MED_V_REF,50,2.8080406189,4.6527508207,12.8263576571,0,0,5.61608123779,
MC_G1_D060_DENS_MED_V_REF_S050,MC_G1_D060_DENS_MED_V_REF,50,2.81700754166,4.5660933201,9.437254268,0,0,5.63401508331,
MC_G1_D060_DENS_MED_V_REF_S050,MC_G1_D060_DENS_MED_V_REF,50,2.8260383606,4.61238312774,11.3897171078,0,0,5.65207672119,
MC_G1_D060_DENS_MED_V_REF_S050,MC_G1_D060_DENS_MED_V_REF,50,2.83500528336,4.77172846615,10.799601407,0,0,5.67001056671,
MC_G1_D060_DENS_MED_V_REF_S050,MC_G1_D060_DENS_MED_V_REF,50,2.84403586388,4.76307476151,11.3928865406,0,0,5.68807172775,
MC_G1_D060_DENS_MED_V_REF_S050,MC_G1_D060_DENS_MED_V_REF,50,2.85300278664,4.26525403919,10.2283207866,0,0,5.70600557327,
MC_G1_D060_DENS_MED_V_REF_S050,MC_G1_D060_DENS_MED_V_REF,50,2.86203336716,4.6903100748,12.6511978069,0,0,5.72406673431,
MC_G1_D060_DENS_MED_V_REF_S050,MC_G1_D060_DENS_MED_V_REF,50,2.87100052834,4.16851767534,11.2846084887,0,0,5.74200105667,
MC_G1_D060_DENS_MED_V_REF_S050,MC_G1_D060_DENS_MED_V_REF,50,2.88003110886,4.5982446564,12.2621300569,0,0,5.76006221771,
MC_G1_D060_DENS_MED_V_REF_S050,MC_G1_D060_DENS_MED_V_REF,50,2.88906168938,4.2243630829,14.1493343123,0,0,5.77812337875,
MC_G1_D060_DENS_MED_V_REF_S050,MC_G1_D060_DENS_MED_V_REF,50,2.89802861214,4.02227421155,12.0406203688,0,0,5.79605722427,
MC_G1_D060_DENS_MED_V_REF_S050,MC_G1_D060_DENS_MED_V_REF,50,2.90705919266,4.93984364603,12.4211249795,0,0,5.81411838531,
MC_G1_D060_DENS_MED_V_REF_S050,MC_G1_D060_DENS_MED_V_REF,50,2.91602635384,4.35889054276,15.7903815768,0,0,5.83205270767,
MC_G1_D060_DENS_MED_V_REF_S050,MC_G1_D060_DENS_MED_V_REF,50,2.92505693436,4.70590651664,12.8055365066,0,0,5.85011386871,
MC_G1_D060_DENS_MED_V_REF_S050,MC_G1_D060_DENS_MED_V_REF,50,2.93402385712,4.72481954993,11.9792953151,0,0,5.86804771423,
MC_G1_D060_DENS_MED_V_REF_S050,MC_G1_D060_DENS_MED_V_REF,50,2.94305443764,4.83232598542,11.0199450681,0,0,5.88610887527,
MC_G1_D060_DENS_MED_V_REF_S050,MC_G1_D060_DENS_MED_V_REF,50,2.95202159882,4.9581652018,10.4819094858,0,0,5.90404319763,
MC_G1_D060_DENS_MED_V_REF_S050,MC_G1_D060_DENS_MED_V_REF,50,2.96105217934,4.9588905173,11.9049120262,0,0,5.92210435867,
MC_G1_D060_DENS_MED_V_REF_S050,MC_G1_D060_DENS_MED_V_REF,50,2.9700191021,4.95379301726,10.7918461643,0,0,5.94003820419,
MC_G1_D060_DENS_MED_V_REF_S050,MC_G1_D060_DENS_MED_V_REF,50,2.97904968262,4.65929808826,11.5608462661,0,0,5.95809936523,
MC_G1_D060_DENS_MED_V_REF_S050,MC_G1_D060_DENS_MED_V_REF,50,2.9880168438,4.83209241656,12.9332406181,0,0,5.97603368759,
MC_G1_D060_DENS_MED_V_REF_S050,MC_G1_D060_DENS_MED_V_REF,50,2.99704742432,4.82212321411,12.8401452752,0,0,5.99409484863,
MC_G1_D060_DENS_MED_V_REF_S050,MC_G1_D060_DENS_MED_V_REF,50,3.00601434708,5.4168305442,14.404431106,0,0,6.01202869415,
MC_G1_D060_DENS_MED_V_REF_S050,MC_G1_D060_DENS_MED_V_REF,50,3.0150449276,4.90521458019,13.6359933976,0,0,6.03008985519,
MC_G1_D060_DENS_MED_V_REF_S050,MC_G1_D060_DENS_MED_V_REF,50,3.02401185036,4.13359934677,16.5333537215,0,0,6.04802370071,
MC_G1_D060_DENS_MED_V_REF_S050,MC_G1_D060_DENS_MED_V_REF,50,3.03304243088,4.68452956934,12.4551802705,0,0,6.06608486176,
MC_G1_D060_DENS_MED_V_REF_S050,MC_G1_D060_DENS_MED_V_REF,50,3.04200959206,4.83993100474,12.894655296,0,0,6.08401918411,
MC_G1_D060_DENS_MED_V_REF_S050,MC_G1_D060_DENS_MED_V_REF,50,3.05104017258,4.6678615602,11.5134229261,0,0,6.10208034515,
MC_G1_D060_DENS_MED_V_REF_S050,MC_G1_D060_DENS_MED_V_REF,50,3.06000709534,4.80968232641,13.1158348639,0,0,6.12001419067,
MC_G1_D060_DENS_MED_V_REF_S050,MC_G1_D060_DENS_MED_V_REF,50,3.06903767586,5.18601831574,11.5496298765,0,0,6.13807535172,
MC_G1_D060_DENS_MED_V_REF_S050,MC_G1_D060_DENS_MED_V_REF,50,3.07800483704,4.63371474282,10.6856575989,0,0,6.15600967407,
MC_G1_D060_DENS_MED_V_REF_S050,MC_G1_D060_DENS_MED_V_REF,50,3.08703541756,5.28040215331,12.5593286062,0,0,6.17407083511,
MC_G1_D060_DENS_MED_V_REF_S050,MC_G1_D060_DENS_MED_V_REF,50,3.09600234032,4.96528495052,11.8012244799,0,0,6.19200468063,
MC_G1_D060_DENS_MED_V_REF_S050,MC_G1_D060_DENS_MED_V_REF,50,3.10503292084,4.9782974559,13.0219679564,0,0,6.21006584167,
MC_G1_D060_DENS_MED_V_REF_S050,MC_G1_D060_DENS_MED_V_REF,50,3.11406350136,4.99036359726,13.5139046412,0,0,6.22812700272,
MC_G1_D060_DENS_MED_V_REF_S050,MC_G1_D060_DENS_MED_V_REF,50,3.12303066254,5.17923920626,14.6962085251,0,0,6.24606132507,
MC_G1_D060_DENS_MED_V_REF_S050,MC_G1_D060_DENS_MED_V_REF,50,3.13206124306,5.03658562244,12.5989077756,0,0,6.26412248611,
MC_G1_D060_DENS_MED_V_REF_S050,MC_G1_D060_DENS_MED_V_REF,50,3.14102816582,4.97151402907,12.8043774429,0,0,6.28205633163,
MC_G1_D060_DENS_MED_V_REF_S050,MC_G1_D060_DENS_MED_V_REF,50,3.15005874634,4.95278189292,13.6720603314,0,0,6.30011749268,
MC_G1_D060_DENS_MED_V_REF_S050,MC_G1_D060_DENS_MED_V_REF,50,3.15902590752,5.27504949765,13.4109083527,0,0,6.31805181503,
MC_G1_D060_DENS_MED_V_REF_S050,MC_G1_D060_DENS_MED_V_REF,50,3.16805648804,5.652746317,14.2358189948,0,0,6.33611297607,
MC_G1_D060_DENS_MED_V_REF_S050,MC_G1_D060_DENS_MED_V_REF,50,3.1770234108,5.06736404012,11.2430880487,0,0,6.35404682159,
MC_G1_D060_DENS_MED_V_REF_S050,MC_G1_D060_DENS_MED_V_REF,50,3.18605399132,5.15520363228,11.2099387175,0,0,6.37210798264,
MC_G1_D060_DENS_MED_V_REF_S050,MC_G1_D060_DENS_MED_V_REF,50,3.19502091408,5.50171318052,14.8077994298,0,0,6.39004182816,
MC_G1_D060_DENS_MED_V_REF_S050,MC_G1_D060_DENS_MED_V_REF,50,3.2040514946,5.2871277276,13.0490815988,0,0,6.4081029892,
MC_G1_D060_DENS_MED_V_REF_S050,MC_G1_D060_DENS_MED_V_REF,50,3.21301865578,5.45998767968,12.9055588026,0,0,6.42603731155,
MC_G1_D060_DENS_MED_V_REF_S050,MC_G1_D060_DENS_MED_V_REF,50,3.2220492363,5.40752103346,13.3486987598,0,0,6.4440984726,
MC_G1_D060_DENS_MED_V_REF_S050,MC_G1_D060_DENS_MED_V_REF,50,3.23101615906,5.1160914259,12.8290393574,0,0,6.46203231812,
MC_G1_D060_DENS_MED_V_REF_S050,MC_G1_D060_DENS_MED_V_REF,50,3.24004673958,5.30024082733,13.4209975655,0,0,6.48009347916,
MC_G1_D060_DENS_MED_V_REF_S050,MC_G1_D060_DENS_MED_V_REF,50,3.24901390076,5.67703143405,14.1182071278,0,0,6.49802780151,
MC_G1_D060_DENS_MED_V_REF_S050,MC_G1_D060_DENS_MED_V_REF,50,3.25804448128,4.61462383454,13.2372094626,0,0,6.51608896255,
MC_G1_D060_DENS_MED_V_REF_S050,MC_G1_D060_DENS_MED_V_REF,50,3.26701140404,5.66806472123,14.3679453548,0,0,6.53402280807,
MC_G1_D060_DENS_MED_V_REF_S050,MC_G1_D060_DENS_MED_V_REF,50,3.27604198456,5.44480872598,12.873410653,0,0,6.55208396912,
MC_G1_D060_DENS_MED_V_REF_S050,MC_G1_D060_DENS_MED_V_REF,50,3.28500914574,5.15640644715,14.7488107632,0,0,6.57001829147,
MC_G1_D060_DENS_MED_V_REF_S050,MC_G1_D060_DENS_MED_V_REF,50,3.29403972626,5.84680663659,15.0266011194,0,0,6.58807945251,
MC_G1_D060_DENS_MED_V_REF_S050,MC_G1_D060_DENS_MED_V_REF,50,3.30300664902,5.46098023939,11.2442414434,0,0,6.60601329803,
MC_G1_D060_DENS_MED_V_REF_S050,MC_G1_D060_DENS_MED_V_REF,50,3.31203722954,5.57977785117,11.8235441403,0,0,6.62407445908,
MC_G1_D060_DENS_MED_V_REF_S050,MC_G1_D060_DENS_MED_V_REF,50,3.3210041523,5.84456592979,13.9671935682,0,0,6.6420083046,
MC_G1_D060_DENS_MED_V_REF_S050,MC_G1_D060_DENS_MED_V_REF,50,3.33003473282,5.5269191892,13.2172704646,0,0,6.66006946564,
MC_G1_D060_DENS_MED_V_REF_S050,MC_G1_D060_DENS_MED_V_REF,50,3.339001894,5.89889853646,13.701297912,0,0,6.67800378799,
MC_G1_D060_DENS_MED_V_REF_S050,MC_G1_D060_DENS_MED_V_REF,50,3.34803247452,5.60004782887,13.8079341389,0,0,6.69606494904,
MC_G1_D060_DENS_MED_V_REF_S050,MC_G1_D060_DENS_MED_V_REF,50,3.35706305504,5.71313962541,14.2555324056,0,0,6.71412611008,
MC_G1_D060_DENS_MED_V_REF_S050,MC_G1_D060_DENS_MED_V_REF,50,3.3660299778,5.94190542801,14.7817547059,0,0,6.7320599556,
MC_G1_D060_DENS_MED_V_REF_S050,MC_G1_D060_DENS_MED_V_REF,50,3.37506055832,5.44752434174,15.9367039802,0,0,6.75012111664,
MC_G1_D060_DENS_MED_V_REF_S050,MC_G1_D060_DENS_MED_V_REF,50,3.3840277195,5.36078437967,13.2658721496,0,0,6.768055439,
MC_G1_D060_DENS_MED_V_REF_S050,MC_G1_D060_DENS_MED_V_REF,50,3.39305830002,5.26025608368,14.3997092379,0,0,6.78611660004,
MC_G1_D060_DENS_MED_V_REF_S050,MC_G1_D060_DENS_MED_V_REF,50,3.40202522278,6.28632710378,15.4312797677,0,0,6.80405044556,
MC_G1_D060_DENS_MED_V_REF_S050,MC_G1_D060_DENS_MED_V_REF,50,3.4110558033,5.71032514225,13.361966365,0,0,6.8221116066,
MC_G1_D060_DENS_MED_V_REF_S050,MC_G1_D060_DENS_MED_V_REF,50,3.42002296448,5.72109478215,13.5017811341,0,0,6.84004592896,
MC_G1_D060_DENS_MED_V_REF_S050,MC_G1_D060_DENS_MED_V_REF,50,3.429053545,6.20754273019,14.5586531174,0,0,6.85810709,
MC_G1_D060_DENS_MED_V_REF_S050,MC_G1_D060_DENS_MED_V_REF,50,3.43802046776,6.16332611601,14.2099570165,0,0,6.87604093552,
MC_G1_D060_DENS_MED_V_REF_S050,MC_G1_D060_DENS_MED_V_REF,50,3.44705104828,6.14504816552,19.887725083,0,0,6.89410209656,
MC_G1_D060_DENS_MED_V_REF_S050,MC_G1_D060_DENS_MED_V_REF,50,3.45601797104,6.27713372987,14.5757329385,0,0,6.91203594208,
MC_G1_D060_DENS_MED_V_REF_S050,MC_G1_D060_DENS_MED_V_REF,50,3.46504855156,5.91164336589,14.8657246032,0,0,6.93009710312,
MC_G1_D060_DENS_MED_V_REF_S050,MC_G1_D060_DENS_MED_V_REF,50,3.47401571274,6.11687742974,14.9017727879,0,0,6.94803142548,
MC_G1_D060_DENS_MED_V_REF_S050,MC_G1_D060_DENS_MED_V_REF,50,3.48304629326,6.16449957287,16.5280569064,0,0,6.96609258652,
MC_G1_D060_DENS_MED_V_REF_S050,MC_G1_D060_DENS_MED_V_REF,50,3.49201321602,6.43971492521,16.9031135116,0,0,6.98402643204,
MC_G1_D060_DENS_MED_V_REF_S050,MC_G1_D060_DENS_MED_V_REF,50,3.50104379654,6.01050343624,15.2327583632,0,0,7.00208759308,
MC_G1_D060_DENS_MED_V_REF_S050,MC_G1_D060_DENS_MED_V_REF,50,3.51001095772,5.98706106672,16.0343541484,0,0,7.02002191544,
MC_G1_D060_DENS_MED_V_REF_S050,MC_G1_D060_DENS_MED_V_REF,50,3.51904153824,6.39402350286,17.307143249,0,0,7.03808307648,
MC_G1_D060_DENS_MED_V_REF_S050,MC_G1_D060_DENS_MED_V_REF,50,3.528008461,6.0486779133,15.6040852953,0,0,7.056016922,
MC_G1_D060_DENS_MED_V_REF_S050,MC_G1_D060_DENS_MED_V_REF,50,3.53703904152,6.2842487295,14.5688313024,0,0,7.07407808304,
MC_G1_D060_DENS_MED_V_REF_S050,MC_G1_D060_DENS_MED_V_REF,50,3.54600596428,6.13644454218,14.7339575367,0,0,7.09201192856,
MC_G1_D060_DENS_MED_V_REF_S050,MC_G1_D060_DENS_MED_V_REF,50,3.55503678322,6.38611626875,13.9959032562,0,0,7.11007356644,
MC_G1_D060_DENS_MED_V_REF_S050,MC_G1_D060_DENS_MED_V_REF,50,3.56400370598,6.14715071698,13.4675325115,0,0,7.12800741196,
MC_G1_D060_DENS_MED_V_REF_S050,MC_G1_D060_DENS_MED_V_REF,50,3.5730342865,6.27316651315,13.8919527806,0,0,7.146068573,
MC_G1_D060_DENS_MED_V_REF_S050,MC_G1_D060_DENS_MED_V_REF,50,3.58200120926,6.608654288,16.7038621696,0,0,7.16400241852,
MC_G1_D060_DENS_MED_V_REF_S050,MC_G1_D060_DENS_MED_V_REF,50,3.59103178978,6.22938595174,15.3365231703,0,0,7.18206357956,
MC_G1_D060_DENS_MED_V_REF_S050,MC_G1_D060_DENS_MED_V_REF,50,3.6000623703,6.33774031558,16.629152671,0,0,7.2001247406,
MC_G1_D060_DENS_MED_V_REF_S050,MC_G1_D060_DENS_MED_V_REF,50,3.60902953148,6.20251214915,15.8426366804,0,0,7.21805906296,
MC_G1_D060_DENS_MED_V_REF_S050,MC_G1_D060_DENS_MED_V_REF,50,3.618060112,6.23180280659,16.9402064692,0,0,7.236120224,
MC_G1_D060_DENS_MED_V_REF_S050,MC_G1_D060_DENS_MED_V_REF,50,3.62702703476,6.65009052611,17.2665281446,0,0,7.25405406952,
MC_G1_D060_DENS_MED_V_REF_S050,MC_G1_D060_DENS_MED_V_REF,50,3.63605761528,5.96645044978,17.1511377829,0,0,7.27211523056,
MC_G1_D060_DENS_MED_V_REF_S050,MC_G1_D060_DENS_MED_V_REF,50,3.64502477646,6.02497434385,15.53422209,0,0,7.29004955292,
MC_G1_D060_DENS_MED_V_REF_S050,MC_G1_D060_DENS_MED_V_REF,50,3.65405535698,6.45949747363,16.0258464595,0,0,7.30811071396,
MC_G1_D060_DENS_MED_V_REF_S050,MC_G1_D060_DENS_MED_V_REF,50,3.66302227974,6.68464231131,16.0119759714,0,0,7.32604455948,
MC_G1_D060_DENS_MED_V_REF_S050,MC_G1_D060_DENS_MED_V_REF,50,3.67205286026,6.3757252608,14.5802318023,0,0,7.34410572052,
MC_G1_D060_DENS_MED_V_REF_S050,MC_G1_D060_DENS_MED_V_REF,50,3.68101978302,6.72111445563,15.2265897943,0,0,7.36203956604,
MC_G1_D060_DENS_MED_V_REF_S050,MC_G1_D060_DENS_MED_V_REF,50,3.69005036354,6.62500583507,14.6661578791,0,0,7.38010072708,
MC_G1_D060_DENS_MED_V_REF_S050,MC_G1_D060_DENS_MED_V_REF,50,3.69901752472,6.497640434,15.5736980063,0,0,7.39803504944,
MC_G1_D060_DENS_MED_V_REF_S050,MC_G1_D060_DENS_MED_V_REF,50,3.70804810524,6.56245816694,14.7951182903,0,0,7.41609621048,
MC_G1_D060_DENS_MED_V_REF_S050,MC_G1_D060_DENS_MED_V_REF,50,3.717015028,6.44938061767,16.8540633423,0,0,7.434030056,
MC_G1_D060_DENS_MED_V_REF_S050,MC_G1_D060_DENS_MED_V_REF,50,3.72604560852,6.66788622815,17.2761443232,0,0,7.45209121704,
MC_G1_D060_DENS_MED_V_REF_S050,MC_G1_D060_DENS_MED_V_REF,50,3.7350127697,6.56653849834,16.485506849,0,0,7.4700255394,
MC_G1_D060_DENS_MED_V_REF_S050,MC_G1_D060_DENS_MED_V_REF,50,3.74404335022,6.90850446308,17.4183796033,0,0,7.48808670044,
MC_G1_D060_DENS_MED_V_REF_S050,MC_G1_D060_DENS_MED_V_REF,50,3.75301027298,6.34922663628,16.8329156678,0,0,7.50602054596,
MC_G1_D060_DENS_MED_V_REF_S050,MC_G1_D060_DENS_MED_V_REF,50,3.7620408535,6.21373597471,16.4760615371,0,0,7.524081707,
MC_G1_D060_DENS_MED_V_REF_S050,MC_G1_D060_DENS_MED_V_REF,50,3.77100777626,6.50866566127,16.5784586727,0,0,7.54201555252,
MC_G1_D060_DENS_MED_V_REF_S050,MC_G1_D060_DENS_MED_V_REF,50,3.78003835678,6.59726251736,15.4294493008,0,0,7.56007671356,
MC_G1_D060_DENS_MED_V_REF_S050,MC_G1_D060_DENS_MED_V_REF,50,3.78900551796,6.64870595064,14.606514159,0,0,7.57801103592,
MC_G1_D060_DENS_MED_V_REF_S050,MC_G1_D060_DENS_MED_V_REF,50,3.79803609848,6.78989811009,15.1666915343,0,0,7.59607219696,
MC_G1_D060_DENS_MED_V_REF_S050,MC_G1_D060_DENS_MED_V_REF,50,3.80700302124,6.912554573,15.4099779168,0,0,7.61400604248,
MC_G1_D060_DENS_MED_V_REF_S050,MC_G1_D060_DENS_MED_V_REF,50,3.81603360176,6.27918965392,15.5546321796,0,0,7.63206720352,
MC_G1_D060_DENS_MED_V_REF_S050,MC_G1_D060_DENS_MED_V_REF,50,3.82500052452,6.68894887207,15.916994735,0,0,7.65000104904,
MC_G1_D060_DENS_MED_V_REF_S050,MC_G1_D060_DENS_MED_V_REF,50,3.83403134346,6.51225165562,15.7410969581,0,0,7.66806268692,
MC_G1_D060_DENS_MED_V_REF_S050,MC_G1_D060_DENS_MED_V_REF,50,3.84306192398,6.84421128866,17.2296895784,0,0,7.68612384796,
MC_G1_D060_DENS_MED_V_REF_S050,MC_G1_D060_DENS_MED_V_REF,50,3.85202884674,6.7365662661,17.2294049735,0,0,7.70405769348,
MC_G1_D060_DENS_MED_V_REF_S050,MC_G1_D060_DENS_MED_V_REF,50,3.86105942726,7.01011857363,17.5042146281,0,0,7.72211885452,
MC_G1_D060_DENS_MED_V_REF_S050,MC_G1_D060_DENS_MED_V_REF,50,3.87002635002,6.70281146448,17.7517830345,0,0,7.74005270004,
MC_G1_D060_DENS_MED_V_REF_S050,MC_G1_D060_DENS_MED_V_REF,50,3.87905693054,6.58133148057,17.6142896943,0,0,7.75811386108,
MC_G1_D060_DENS_MED_V_REF_S050,MC_G1_D060_DENS_MED_V_REF,50,3.88802409172,6.763697383,17.5338853597,0,0,7.77604818344,
MC_G1_D060_DENS_MED_V_REF_S050,MC_G1_D060_DENS_MED_V_REF,50,3.89705467224,7.0618214799,17.1743419406,0,0,7.79410934448,
MC_G1_D060_DENS_MED_V_REF_S050,MC_G1_D060_DENS_MED_V_REF,50,3.906021595,7.0299395465,16.596531943,0,0,7.81204319,
MC_G1_D060_DENS_MED_V_REF_S050,MC_G1_D060_DENS_MED_V_REF,50,3.91505217552,7.42459363771,16.9361332466,0,0,7.83010435104,
MC_G1_D060_DENS_MED_V_REF_S050,MC_G1_D060_DENS_MED_V_REF,50,3.92401909828,7.28817992583,17.4868206495,0,0,7.84803819656,
MC_G1_D060_DENS_MED_V_REF_S050,MC_G1_D060_DENS_MED_V_REF,50,3.93304991722,6.92120266508,16.993882082,0,0,7.86609983444,
MC_G1_D060_DENS_MED_V_REF_S050,MC_G1_D060_DENS_MED_V_REF,50,3.94201683998,7.09853884993,16.6714367725,0,0,7.88403367996,
MC_G1_D060_DENS_MED_V_REF_S050,MC_G1_D060_DENS_MED_V_REF,50,3.9510474205,7.32826137821,18.4367474157,0,0,7.902094841,
MC_G1_D060_DENS_MED_V_REF_S050,MC_G1_D060_DENS_MED_V_REF,50,3.96001434326,7.06573904704,18.320617767,0,0,7.92002868652,
MC_G1_D060_DENS_MED_V_REF_S050,MC_G1_D060_DENS_MED_V_REF,50,3.96904492378,7.26408736277,19.5756162193,0,0,7.93808984756,
MC_G1_D060_DENS_MED_V_REF_S050,MC_G1_D060_DENS_MED_V_REF,50,3.97801208496,6.9819020739,22.576797839,0,0,7.95602416992,
MC_G1_D060_DENS_MED_V_REF_S050,MC_G1_D060_DENS_MED_V_REF,50,3.98704266548,7.12906168025,17.8386336018,0,0,7.97408533096,
MC_G1_D060_DENS_MED_V_REF_S050,MC_G1_D060_DENS_MED_V_REF,50,3.99600958824,6.90057132484,18.1723121725,0,0,7.99201917648,
MC_G1_D060_DENS_MED_V_REF_S050,MC_G1_D060_DENS_MED_V_REF,50,4.00504016876,6.86267920274,17.9416948453,0,0,8.01008033752,
MC_G1_D060_DENS_MED_V_REF_S050,MC_G1_D060_DENS_MED_V_REF,50,4.01400709152,7.52029901739,19.3541594438,0,0,8.02801418304,
MC_G1_D060_DENS_MED_V_REF_S050,MC_G1_D060_DENS_MED_V_REF,50,4.02303791046,7.0570292168,17.8902217842,0,0,8.04607582092,
MC_G1_D060_DENS_MED_V_REF_S050,MC_G1_D060_DENS_MED_V_REF,50,4.03200483322,7.33357086034,16.5311209622,0,0,8.06400966644,
MC_G1_D060_DENS_MED_V_REF_S050,MC_G1_D060_DENS_MED_V_REF,50,4.04103517532,7.21433849099,17.7478209149,0,0,8.08207035065,
MC_G1_D060_DENS_MED_V_REF_S050,MC_G1_D060_DENS_MED_V_REF,50,4.05000257492,7.36028405735,17.4063455788,0,0,8.10000514984,
MC_G1_D060_DENS_MED_V_REF_S050,MC_G1_D060_DENS_MED_V_REF,50,4.05903291702,7.30699495518,17.630554843,0,0,8.11806583405,
MC_G1_D060_DENS_MED_V_REF_S050,MC_G1_D060_DENS_MED_V_REF,50,4.06806373596,7.24496062045,17.7348422401,0,0,8.13612747192,
MC_G1_D060_DENS_MED_V_REF_S050,MC_G1_D060_DENS_MED_V_REF,50,4.07703065872,6.84180220505,17.0039652084,0,0,8.15406131744,
MC_G1_D060_DENS_MED_V_REF_S050,MC_G1_D060_DENS_MED_V_REF,50,4.08606100082,7.50417369967,19.7771767783,0,0,8.17212200165,
MC_G1_D060_DENS_MED_V_REF_S050,MC_G1_D060_DENS_MED_V_REF,50,4.09502792358,7.03871629573,19.4039667986,0,0,8.19005584717,
MC_G1_D060_DENS_MED_V_REF_S050,MC_G1_D060_DENS_MED_V_REF,50,4.10405874252,7.31583257911,20.0885380198,0,0,8.20811748505,
MC_G1_D060_DENS_MED_V_REF_S050,MC_G1_D060_DENS_MED_V_REF,50,4.11302566528,7.20400965295,20.1662499236,0,0,8.22605133057,
MC_G1_D060_DENS_MED_V_REF_S050,MC_G1_D060_DENS_MED_V_REF,50,4.12205648422,7.22075796487,20.657425785,0,0,8.24411296844,
MC_G1_D060_DENS_MED_V_REF_S050,MC_G1_D060_DENS_MED_V_REF,50,4.13102340698,7.22680226067,19.8354021516,0,0,8.26204681396,
MC_G1_D060_DENS_MED_V_REF_S050,MC_G1_D060_DENS_MED_V_REF,50,4.14005374908,7.58362165059,19.5910814229,0,0,8.28010749817,
MC_G1_D060_DENS_MED_V_REF_S050,MC_G1_D060_DENS_MED_V_REF,50,4.14902067184,7.18457637848,17.3020012305,0,0,8.29804134369,
MC_G1_D060_DENS_MED_V_REF_S050,MC_G1_D060_DENS_MED_V_REF,50,4.15805149078,7.62805154207,18.4486905834,0,0,8.31610298157,
MC_G1_D060_DENS_MED_V_REF_S050,MC_G1_D060_DENS_MED_V_REF,50,4.16701841354,7.73856371951,18.6297534383,0,0,8.33403682709,
MC_G1_D060_DENS_MED_V_REF_S050,MC_G1_D060_DENS_MED_V_REF,50,4.17604923248,7.34952780124,19.8854460147,0,0,8.35209846497,
MC_G1_D060_DENS_MED_V_REF_S050,MC_G1_D060_DENS_MED_V_REF,50,4.18501615524,7.73313594188,20.0585665538,0,0,8.37003231049,
MC_G1_D060_DENS_MED_V_REF_S050,MC_G1_D060_DENS_MED_V_REF,50,4.19404649734,7.57617766858,20.1176011254,0,0,8.38809299469,
MC_G1_D060_DENS_MED_V_REF_S050,MC_G1_D060_DENS_MED_V_REF,50,4.2030134201,7.49168100372,19.9290171983,0,0,8.40602684021,
MC_G1_D060_DENS_MED_V_REF_S050,MC_G1_D060_DENS_MED_V_REF,50,4.21204423904,7.53609276231,20.6484768076,0,0,8.42408847809,
MC_G1_D060_DENS_MED_V_REF_S050,MC_G1_D060_DENS_MED_V_REF,50,4.2210111618,7.23700719065,19.0349074754,0,0,8.44202232361,
MC_G1_D060_DENS_MED_V_REF_S050,MC_G1_D060_DENS_MED_V_REF,50,4.23004198074,7.62563727763,20.8741197347,0,0,8.46008396149,
MC_G1_D060_DENS_MED_V_REF_S050,MC_G1_D060_DENS_MED_V_REF,50,4.2390089035,7.22722363443,19.838674209,0,0,8.47801780701,
MC_G1_D060_DENS_MED_V_REF_S050,MC_G1_D060_DENS_MED_V_REF,50,4.24803924561,7.33492132871,20.8620815097,0,0,8.49607849121,
MC_G1_D060_DENS_MED_V_REF_S050,MC_G1_D060_DENS_MED_V_REF,50,4.2570066452,7.63014200494,19.9022964652,0,0,8.51401329041,
MC_G1_D060_DENS_MED_V_REF_S050,MC_G1_D060_DENS_MED_V_REF,50,4.2660369873,7.28334794307,17.2900412693,0,0,8.53207397461,
MC_G1_D060_DENS_MED_V_REF_S050,MC_G1_D060_DENS_MED_V_REF,50,4.27500391006,7.81370036059,18.953996734,0,0,8.55000782013,
MC_G1_D060_DENS_MED_V_REF_S050,MC_G1_D060_DENS_MED_V_REF,50,4.284034729,7.70682339533,19.1841270332,0,0,8.56806945801,
MC_G1_D060_DENS_MED_V_REF_S050,MC_G1_D060_DENS_MED_V_REF,50,4.29300165176,7.72823401799,18.8506327272,0,0,8.58600330353,
MC_G1_D060_DENS_MED_V_REF_S050,MC_G1_D060_DENS_MED_V_REF,50,4.30203199387,8.34490156993,21.9244391149,0,0,8.60406398773,
MC_G1_D060_DENS_MED_V_REF_S050,MC_G1_D060_DENS_MED_V_REF,50,4.31106281281,7.94332978217,21.4989330224,0,0,8.62212562561,
MC_G1_D060_DENS_MED_V_REF_S050,MC_G1_D060_DENS_MED_V_REF,50,4.32002973557,8.19342029209,23.3255463361,0,0,8.64005947113,
MC_G1_D060_DENS_MED_V_REF_S050,MC_G1_D060_DENS_MED_V_REF,50,4.3290605545,7.43374815543,19.7252061547,0,0,8.65812110901,
MC_G1_D060_DENS_MED_V_REF_S050,MC_G1_D060_DENS_MED_V_REF,50,4.33802747726,8.14888592064,21.7902085516,0,0,8.67605495453,
MC_G1_D060_DENS_MED_V_REF_S050,MC_G1_D060_DENS_MED_V_REF,50,4.34705781937,8.33588866142,22.3093551851,0,0,8.69411563873,
MC_G1_D060_DENS_MED_V_REF_S050,MC_G1_D060_DENS_MED_V_REF,50,4.35602474213,7.57212021916,20.5155667877,0,0,8.71204948425,
MC_G1_D060_DENS_MED_V_REF_S050,MC_G1_D060_DENS_MED_V_REF,50,4.36505556107,7.70124537378,21.7047209507,0,0,8.73011112213,
MC_G1_D060_DENS_MED_V_REF_S050,MC_G1_D060_DENS_MED_V_REF,50,4.37402248383,8.25916323402,23.2013544814,0,0,8.74804496765,
MC_G1_D060_DENS_MED_V_REF_S050,MC_G1_D060_DENS_MED_V_REF,50,4.38305330276,7.85704486923,22.0403161373,0,0,8.76610660553,
MC_G1_D060_DENS_MED_V_REF_S050,MC_G1_D060_DENS_MED_V_REF,50,4.39202022552,8.10481955038,20.8954259803,0,0,8.78404045105,
MC_G1_D060_DENS_MED_V_REF_S050,MC_G1_D060_DENS_MED_V_REF,50,4.40105056763,8.08758553612,19.4098393385,0,0,8.80210113525,
MC_G1_D060_DENS_MED_V_REF_S050,MC_G1_D060_DENS_MED_V_REF,50,4.41001749039,8.14577742566,22.238412083,0,0,8.82003498077,
MC_G1_D060_DENS_MED_V_REF_S050,MC_G1_D060_DENS_MED_V_REF,50,4.41904830933,8.20191857198,21.9903626589,0,0,8.83809661865,
MC_G1_D060_DENS_MED_V_REF_S050,MC_G1_D060_DENS_MED_V_REF,50,4.42801523209,8.0569651336,20.9218872622,0,0,8.85603046417,
MC_G1_D060_DENS_MED_V_REF_S050,MC_G1_D060_DENS_MED_V_REF,50,4.43704605103,8.24222366331,21.0422216046,0,0,8.87409210205,
MC_G1_D060_DENS_MED_V_REF_S050,MC_G1_D060_DENS_MED_V_REF,50,4.44601297379,8.30292566255,22.7086921463,0,0,8.89202594757,
MC_G1_D060_DENS_MED_V_REF_S050,MC_G1_D060_DENS_MED_V_REF,50,4.45504331589,8.06015047749,22.2542778502,0,0,8.91008663177,
MC_G1_D060_DENS_MED_V_REF_S050,MC_G1_D060_DENS_MED_V_REF,50,4.46401023865,8.11488502983,22.3808528599,0,0,8.92802047729,
MC_G1_D060_DENS_MED_V_REF_S050,MC_G1_D060_DENS_MED_V_REF,50,4.47304105759,8.58640486245,22.5802480357,0,0,8.94608211517,
MC_G1_D060_DENS_MED_V_REF_S050,MC_G1_D060_DENS_MED_V_REF,50,4.48200798035,7.76604626904,22.9181308321,0,0,8.96401596069,
MC_G1_D060_DENS_MED_V_REF_S050,MC_G1_D060_DENS_MED_V_REF,50,4.49103879929,7.87479523905,22.5679536665,0,0,8.98207759857,
MC_G1_D060_DENS_MED_V_REF_S050,MC_G1_D060_DENS_MED_V_REF,50,4.50000572205,7.91859479682,21.831326459,0,0,9.00001144409,
MC_G1_D060_DENS_MED_V_REF_S050,MC_G1_D060_DENS_MED_V_REF,50,4.50903606415,8.39647840945,24.1616867476,0,0,9.0180721283,
MC_G1_D060_DENS_MED_V_REF_S050,MC_G1_D060_DENS_MED_V_REF,50,4.51800298691,7.89774197632,21.2383994402,0,0,9.03600597382,
MC_G1_D060_DENS_MED_V_REF_S050,MC_G1_D060_DENS_MED_V_REF,50,4.52703380585,8.61454624022,23.0468402879,0,0,9.05406761169,
MC_G1_D060_DENS_MED_V_REF_S050,MC_G1_D060_DENS_MED_V_REF,50,4.53600072861,8.41339034909,20.7609805954,0,0,9.07200145721,
MC_G1_D060_DENS_MED_V_REF_S050,MC_G1_D060_DENS_MED_V_REF,50,4.54503154755,8.51165678325,23.1312843025,0,0,9.09006309509,
MC_G1_D060_DENS_MED_V_REF_S050,MC_G1_D060_DENS_MED_V_REF,50,4.55406188965,8.76043568098,24.7100178656,0,0,9.1081237793,
MC_G1_D060_DENS_MED_V_REF_S050,MC_G1_D060_DENS_MED_V_REF,50,4.56302881241,8.0587827397,22.3677164696,0,0,9.12605762482,
MC_G1_D060_DENS_MED_V_REF_S050,MC_G1_D060_DENS_MED_V_REF,50,4.57205963135,8.43557118774,23.6764568543,0,0,9.1441192627,
MC_G1_D060_DENS_MED_V_REF_S050,MC_G1_D060_DENS_MED_V_REF,50,4.58102655411,8.33873897863,23.2156898483,0,0,9.16205310822,
MC_G1_D060_DENS_MED_V_REF_S050,MC_G1_D060_DENS_MED_V_REF,50,4.59005689621,8.14055860797,24.4781757128,0,0,9.18011379242,
MC_G1_D060_DENS_MED_V_REF_S050,MC_G1_D060_DENS_MED_V_REF,50,4.59902429581,7.89229692927,24.9486534761,0,0,9.19804859161,
MC_G1_D060_DENS_MED_V_REF_S050,MC_G1_D060_DENS_MED_V_REF,50,4.60805463791,8.65460955972,24.6268562528,0,0,9.21610927582,
MC_G1_D060_DENS_MED_V_REF_S050,MC_G1_D060_DENS_MED_V_REF,50,4.61702156067,8.16156858017,24.7473882877,0,0,9.23404312134,
MC_G1_D060_DENS_MED_V_REF_S050,MC_G1_D060_DENS_MED_V_REF,50,4.62605237961,8.59625188378,25.4085523591,0,0,9.25210475922,
MC_G1_D060_DENS_MED_V_REF_S050,MC_G1_D060_DENS_MED_V_REF,50,4.63501930237,8.39282333743,22.8662208391,0,0,9.27003860474,
MC_G1_D060_DENS_MED_V_REF_S050,MC_G1_D060_DENS_MED_V_REF,50,4.64404964447,8.44305316246,22.6525444402,0,0,9.28809928894,
MC_G1_D060_DENS_MED_V_REF_S050,MC_G1_D060_DENS_MED_V_REF,50,4.65301656723,7.95349024341,20.9611424989,0,0,9.30603313446,
MC_G1_D060_DENS_MED_V_REF_S050,MC_G1_D060_DENS_MED_V_REF,50,4.66204738617,8.40475477734,22.4885729165,0,0,9.32409477234,
MC_G1_D060_DENS_MED_V_REF_S050,MC_G1_D060_DENS_MED_V_REF,50,4.67101430893,8.46457085551,21.8827020441,0,0,9.34202861786,
MC_G1_D060_DENS_MED_V_REF_S050,MC_G1_D060_DENS_MED_V_REF,50,4.68004512787,8.61796731164,26.6898006447,0,0,9.36009025574,
MC_G1_D060_DENS_MED_V_REF_S050,MC_G1_D060_DENS_MED_V_REF,50,4.68901205063,8.5279677472,24.395873002,0,0,9.37802410126,
MC_G1_D060_DENS_MED_V_REF_S050,MC_G1_D060_DENS_MED_V_REF,50,4.69804239273,8.38177868207,24.9562235376,0,0,9.39608478546,
MC_G1_D060_DENS_MED_V_REF_S050,MC_G1_D060_DENS_MED_V_REF,50,4.70700931549,8.80923818873,25.1596135151,0,0,9.41401863098,
MC_G1_D060_DENS_MED_V_REF_S050,MC_G1_D060_DENS_MED_V_REF,50,4.71604013443,8.39867766965,25.1368287415,0,0,9.43208026886,
MC_G1_D060_DENS_MED_V_REF_S050,MC_G1_D060_DENS_MED_V_REF,50,4.72500705719,8.34801610921,24.7634189163,0,0,9.45001411438,
MC_G1_D060_DENS_MED_V_REF_S050,MC_G1_D060_DENS_MED_V_REF,50,4.73403787613,8.49310942986,24.4500557772,0,0,9.46807575226,
MC_G1_D060_DENS_MED_V_REF_S050,MC_G1_D060_DENS_MED_V_REF,50,4.74300479889,8.67873407119,27.4998778895,0,0,9.48600959778,
MC_G1_D060_DENS_MED_V_REF_S050,MC_G1_D060_DENS_MED_V_REF,50,4.75203514099,9.03339694272,25.8720150217,0,0,9.50407028198,
MC_G1_D060_DENS_MED_V_REF_S050,MC_G1_D060_DENS_MED_V_REF,50,4.76100206375,8.92564182763,25.5471023243,0,0,9.5220041275,
MC_G1_D060_DENS_MED_V_REF_S050,MC_G1_D060_DENS_MED_V_REF,50,4.77003288269,8.82971194554,23.1077897366,0,0,9.54006576538,
MC_G1_D060_DENS_MED_V_REF_S050,MC_G1_D060_DENS_MED_V_REF,50,4.77906322479,9.05138304008,25.4967996682,0,0,9.55812644958,
MC_G1_D060_DENS_MED_V_REF_S050,MC_G1_D060_DENS_MED_V_REF,50,4.78803062439,9.12670446391,25.1920246528,0,0,9.57606124878,
MC_G1_D060_DENS_MED_V_REF_S050,MC_G1_D060_DENS_MED_V_REF,50,4.79706096649,8.89857460758,25.3980620935,0,0,9.59412193298,
MC_G1_D060_DENS_MED_V_REF_S050,MC_G1_D060_DENS_MED_V_REF,50,4.80602788925,8.6249925103,25.985775049,0,0,9.6120557785,
MC_G1_D060_DENS_MED_V_REF_S050,MC_G1_D060_DENS_MED_V_REF,50,4.81505870819,8.88902116633,24.8523393106,0,0,9.63011741638,
MC_G1_D060_DENS_MED_V_REF_S050,MC_G1_D060_DENS_MED_V_REF,50,4.82402563095,8.83897353365,25.1891473869,0,0,9.6480512619,
MC_G1_D060_DENS_MED_V_REF_S050,MC_G1_D060_DENS_MED_V_REF,50,4.83305597305,8.73846984657,25.6998784563,0,0,9.66611194611,
MC_G1_D060_DENS_MED_V_REF_S050,MC_G1_D060_DENS_MED_V_REF,50,4.84202337265,8.54703491003,25.8116613078,0,0,9.6840467453,
MC_G1_D060_DENS_MED_V_REF_S050,MC_G1_D060_DENS_MED_V_REF,50,4.85105371475,8.4413383094,24.8322008878,0,0,9.7021074295,
MC_G1_D060_DENS_MED_V_REF_S050,MC_G1_D060_DENS_MED_V_REF,50,4.86002063751,9.00117221141,24.2192611671,0,0,9.72004127502,
MC_G1_D060_DENS_MED_V_REF_S050,MC_G1_D060_DENS_MED_V_REF,50,4.86905145645,9.22101965556,26.3498000706,0,0,9.7381029129,
MC_G1_D060_DENS_MED_V_REF_S050,MC_G1_D060_DENS_MED_V_REF,50,4.87801837921,9.19488153011,25.0728998828,0,0,9.75603675842,
MC_G1_D060_DENS_MED_V_REF_S050,MC_G1_D060_DENS_MED_V_REF,50,4.88704872131,8.97078321907,24.0644558665,0,0,9.77409744263,
MC_G1_D060_DENS_MED_V_REF_S050,MC_G1_D060_DENS_MED_V_REF,50,4.89601564407,9.23187175693,26.5439928833,0,0,9.79203128815,
MC_G1_D060_DENS_MED_V_REF_S050,MC_G1_D060_DENS_MED_V_REF,50,4.90504646301,9.14270889572,25.9710074252,0,0,9.81009292603,
MC_G1_D060_DENS_MED_V_REF_S050,MC_G1_D060_DENS_MED_V_REF,50,4.91401338577,9.08374592673,27.863677678,0,0,9.82802677155,
MC_G1_D060_DENS_MED_V_REF_S050,MC_G1_D060_DENS_MED_V_REF,50,4.92304420471,9.07080422595,26.4099830388,0,0,9.84608840942,
MC_G1_D060_DENS_MED_V_REF_S050,MC_G1_D060_DENS_MED_V_REF,50,4.93201112747,9.2001003478,27.7711832728,0,0,9.86402225494,
MC_G1_D060_DENS_MED_V_REF_S050,MC_G1_D060_DENS_MED_V_REF,50,4.94104146957,9.23280344195,28.4128012744,0,0,9.88208293915,
MC_G1_D060_DENS_MED_V_REF_S050,MC_G1_D060_DENS_MED_V_REF,50,4.95000839233,8.80824347033,28.1591914443,0,0,9.90001678467,
MC_G1_D060_DENS_MED_V_REF_S050,MC_G1_D060_DENS_MED_V_REF,50,4.95903921127,8.99841342211,27.1417917221,0,0,9.91807842255,
MC_G1_D060_DENS_MED_V_REF_S050,MC_G1_D060_DENS_MED_V_REF,50,4.96800613403,8.66384956105,26.3324662266,0,0,9.93601226807,
MC_G1_D060_DENS_MED_V_REF_S050,MC_G1_D060_DENS_MED_V_REF,50,4.97703695297,9.36215223552,26.2458896742,0,0,9.95407390594,
MC_G1_D060_DENS_MED_V_REF_S050,MC_G1_D060_DENS_MED_V_REF,50,4.98600387573,9.26674648022,26.3674519855,0,0,9.97200775146,
MC_G1_D060_DENS_MED_V_REF_S050,MC_G1_D060_DENS_MED_V_REF,50,4.99503421783,8.92182355963,26.7565784858,0,0,9.99006843567,
MC_G1_D060_DENS_MED_V_REF_S050,MC_G1_D060_DENS_MED_V_REF,50,5.00400114059,9.23461500375,26.7366653725,0,0,10.0080022812,
MC_G1_D060_DENS_MED_V_REF_S050,MC_G1_D060_DENS_MED_V_REF,50,5.01303195953,9.31728888169,26.9343387285,0,0,10.0260639191,
MC_G1_D060_DENS_MED_V_REF_S050,MC_G1_D060_DENS_MED_V_REF,50,5.02206230164,9.5017184794,26.9867860326,0,0,10.0441246033,
MC_G1_D060_DENS_MED_V_REF_S050,MC_G1_D060_DENS_MED_V_REF,50,5.03102970123,9.32738630955,27.0406689512,0,0,10.0620594025,
MC_G1_D060_DENS_MED_V_REF_S050,MC_G1_D060_DENS_MED_V_REF,50,5.04006004333,9.22168884545,27.3764083723,0,0,10.0801200867,
MC_G1_D060_DENS_MED_V_REF_S050,MC_G1_D060_DENS_MED_V_REF,50,5.04902696609,9.11176382817,26.6896596331,0,0,10.0980539322,
MC_G1_D060_DENS_MED_V_REF_S050,MC_G1_D060_DENS_MED_V_REF,50,5.05805778503,9.48136215462,30.7422767248,0,0,10.1161155701,
MC_G1_D060_DENS_MED_V_REF_S050,MC_G1_D060_DENS_MED_V_REF,50,5.06702470779,8.94811624636,27.8854601597,0,0,10.1340494156,
MC_G1_D060_DENS_MED_V_REF_S050,MC_G1_D060_DENS_MED_V_REF,50,5.0760550499,8.97915974958,27.104620536,0,0,10.1521100998,
MC_G1_D060_DENS_MED_V_REF_S050,MC_G1_D060_DENS_MED_V_REF,50,5.08502197266,8.9939648204,27.6742637429,0,0,10.1700439453,
MC_G1_D060_DENS_MED_V_REF_S050,MC_G1_D060_DENS_MED_V_REF,50,5.0940527916,8.95534004331,28.6486150885,0,0,10.1881055832,
MC_G1_D060_DENS_MED_V_REF_S050,MC_G1_D060_DENS_MED_V_REF,50,5.10301971436,9.02521901051,26.2866047104,0,0,10.2060394287,
MC_G1_D060_DENS_MED_V_REF_S050,MC_G1_D060_DENS_MED_V_REF,50,5.11205053329,9.30422456805,28.4502052799,0,0,10.2241010666,
MC_G1_D060_DENS_MED_V_REF_S050,MC_G1_D060_DENS_MED_V_REF,50,5.12101745605,9.52546565412,27.3599404016,0,0,10.2420349121,
MC_G1_D060_DENS_MED_V_REF_S050,MC_G1_D060_DENS_MED_V_REF,50,5.13004779816,9.30418571187,27.0382924426,0,0,10.2600955963,
MC_G1_D060_DENS_MED_V_REF_S050,MC_G1_D060_DENS_MED_V_REF,50,5.13901472092,9.10528261613,27.3049814284,0,0,10.2780294418,
MC_G1_D060_DENS_MED_V_REF_S050,MC_G1_D060_DENS_MED_V_REF,50,5.14804553986,9.52353752376,27.9906392962,0,0,10.2960910797,
MC_G1_D060_DENS_MED_V_REF_S050,MC_G1_D060_DENS_MED_V_REF,50,5.15701246262,9.63493303186,29.7099583299,0,0,10.3140249252,
MC_G1_D060_DENS_MED_V_REF_S050,MC_G1_D060_DENS_MED_V_REF,50,5.16604328156,9.49524158471,28.4118101304,0,0,10.3320865631,
MC_G1_D060_DENS_MED_V_REF_S050,MC_G1_D060_DENS_MED_V_REF,50,5.17501020432,9.17613298801,28.3001474126,0,0,10.3500204086,
MC_G1_D060_DENS_MED_V_REF_S050,MC_G1_D060_DENS_MED_V_REF,50,5.18404054642,9.56822472954,29.7498102235,0,0,10.3680810928,
MC_G1_D060_DENS_MED_V_REF_S050,MC_G1_D060_DENS_MED_V_REF,50,5.19300746918,9.27896372897,29.8052391949,0,0,10.3860149384,
MC_G1_D060_DENS_MED_V_REF_S050,MC_G1_D060_DENS_MED_V_REF,50,5.20203828812,8.96385213873,27.3361604481,0,0,10.4040765762,
MC_G1_D060_DENS_MED_V_REF_S050,MC_G1_D060_DENS_MED_V_REF,50,5.21100521088,9.01333851538,28.2340169313,0,0,10.4220104218,
MC_G1_D060_DENS_MED_V_REF_S050,MC_G1_D060_DENS_MED_V_REF,50,5.22003555298,9.49048213351,33.3714159775,0,0,10.440071106,
MC_G1_D060_DENS_MED_V_REF_S050,MC_G1_D060_DENS_MED_V_REF,50,5.22900295258,9.41824761789,30.3027342796,0,0,10.4580059052,
MC_G1_D060_DENS_MED_V_REF_S050,MC_G1_D060_DENS_MED_V_REF,50,5.23803329468,9.74528374026,29.6239485226,0,0,10.4760665894,
MC_G1_D060_DENS_MED_V_REF_S050,MC_G1_D060_DENS_MED_V_REF,50,5.24700021744,9.59895738327,28.9791338371,0,0,10.4940004349,
MC_G1_D060_DENS_MED_V_REF_S050,MC_G1_D060_DENS_MED_V_REF,50,5.25603103638,9.35940639828,29.2359910224,0,0,10.5120620728,
MC_G1_D060_DENS_MED_V_REF_S050,MC_G1_D060_DENS_MED_V_REF,50,5.26506137848,9.28394422871,27.1387624101,0,0,10.530122757,
MC_G1_D060_DENS_MED_V_REF_S050,MC_G1_D060_DENS_MED_V_REF,50,5.27402830124,9.59432486227,30.1820206367,0,0,10.5480566025,
MC_G1_D060_DENS_MED_V_REF_S050,MC_G1_D060_DENS_MED_V_REF,50,5.28305912018,9.4454227718,28.5303308565,0,0,10.5661182404,
MC_G1_D060_DENS_MED_V_REF_S050,MC_G1_D060_DENS_MED_V_REF,50,5.29202604294,9.51732226074,29.6964341245,0,0,10.5840520859,
MC_G1_D060_DENS_MED_V_REF_S050,MC_G1_D060_DENS_MED_V_REF,50,5.30105638504,9.70567719683,28.4066756021,0,0,10.6021127701,
MC_G1_D060_DENS_MED_V_REF_S050,MC_G1_D060_DENS_MED_V_REF,50,5.31002378464,9.58269477369,30.0228468412,0,0,10.6200475693,
MC_G1_D060_DENS_MED_V_REF_S050,MC_G1_D060_DENS_MED_V_REF,50,5.31905412674,9.49070231857,31.400840558,0,0,10.6381082535,
MC_G1_D060_DENS_MED_V_REF_S050,MC_G1_D060_DENS_MED_V_REF,50,5.3280210495,9.39343060281,29.8466798877,0,0,10.656042099,
MC_G1_D060_DENS_MED_V_REF_S050,MC_G1_D060_DENS_MED_V_REF,50,5.33705186844,9.54074390696,30.7113664551,0,0,10.6741037369,
MC_G1_D060_DENS_MED_V_REF_S050,MC_G1_D060_DENS_MED_V_REF,50,5.3460187912,9.41502600823,28.8434039086,0,0,10.6920375824,
MC_G1_D060_DENS_MED_V_REF_S050,MC_G1_D060_DENS_MED_V_REF,50,5.3550491333,9.43036988485,31.213827297,0,0,10.7100982666,
MC_G1_D060_DENS_MED_V_REF_S050,MC_G1_D060_DENS_MED_V_REF,50,5.3640165329,9.45336324954,27.7541903565,0,0,10.7280330658,
MC_G1_D060_DENS_MED_V_REF_S050,MC_G1_D060_DENS_MED_V_REF,50,5.373046875,10.3561418605,30.1788346465,0,0,10.74609375,
MC_G1_D060_DENS_MED_V_REF_S050,MC_G1_D060_DENS_MED_V_REF,50,5.38201379776,9.81559530635,33.9689768346,0,0,10.7640275955,
MC_G1_D060_DENS_MED_V_REF_S050,MC_G1_D060_DENS_MED_V_REF,50,5.3910446167,9.72458979839,31.9584209863,0,0,10.7820892334,
MC_G1_D060_DENS_MED_V_REF_S050,MC_G1_D060_DENS_MED_V_REF,50,5.40001153946,9.79337302111,30.047908116,0,0,10.8000230789,
MC_G1_D060_DENS_MED_V_REF_S050,MC_G1_D060_DENS_MED_V_REF,50,5.40904188156,10.0517701204,31.0622275799,0,0,10.8180837631,
MC_G1_D060_DENS_MED_V_REF_S050,MC_G1_D060_DENS_MED_V_REF,50,5.41800880432,9.7519454177,29.5631390341,0,0,10.8360176086,
MC_G1_D060_DENS_MED_V_REF_S050,MC_G1_D060_DENS_MED_V_REF,50,5.42703962326,9.75730066378,30.3877461424,0,0,10.8540792465,
MC_G1_D060_DENS_MED_V_REF_S050,MC_G1_D060_DENS_MED_V_REF,50,5.43600654602,9.36637892522,31.7400051653,0,0,10.872013092,
MC_G1_D060_DENS_MED_V_REF_S050,MC_G1_D060_DENS_MED_V_REF,50,5.44503736496,9.40457542079,31.3318052189,0,0,10.8900747299,
MC_G1_D060_DENS_MED_V_REF_S050,MC_G1_D060_DENS_MED_V_REF,50,5.45400428772,9.71740744804,29.105712165,0,0,10.9080085754,
MC_G1_D060_DENS_MED_V_REF_S050,MC_G1_D060_DENS_MED_V_REF,50,5.46303462982,10.006522522,30.4291965792,0,0,10.9260692596,
MC_G1_D060_DENS_MED_V_REF_S050,MC_G1_D060_DENS_MED_V_REF,50,5.47200155258,10.0281956398,31.4953469379,0,0,10.9440031052,
MC_G1_D060_DENS_MED_V_REF_S050,MC_G1_D060_DENS_MED_V_REF,50,5.48103237152,9.6396234054,29.9947825336,0,0,10.962064743,
MC_G1_D060_DENS_MED_V_REF_S050,MC_G1_D060_DENS_MED_V_REF,50,5.49006271362,10.1775311927,31.9318805523,0,0,10.9801254272,
MC_G1_D060_DENS_MED_V_REF_S050,MC_G1_D060_DENS_MED_V_REF,50,5.49902963638,9.81052241523,31.9375964617,0,0,10.9980592728,
MC_G1_D060_DENS_MED_V_REF_S050,MC_G1_D060_DENS_MED_V_REF,50,5.50806045532,9.86465944576,31.1392069339,0,0,11.0161209106,
MC_G1_D060_DENS_MED_V_REF_S050,MC_G1_D060_DENS_MED_V_REF,50,5.51702737808,9.97909264424,34.1568366215,0,0,11.0340547562,
MC_G1_D060_DENS_MED_V_REF_S050,MC_G1_D060_DENS_MED_V_REF,50,5.52605819702,10.0134000672,31.1254693048,0,0,11.052116394,
MC_G1_D060_DENS_MED_V_REF_S050,MC_G1_D060_DENS_MED_V_REF,50,5.53502511978,9.77559502022,31.9506420024,0,0,11.0700502396,
MC_G1_D060_DENS_MED_V_REF_S050,MC_G1_D060_DENS_MED_V_REF,50,5.54405546188,9.58998074054,32.3832137991,0,0,11.0881109238,
MC_G1_D060_DENS_MED_V_REF_S050,MC_G1_D060_DENS_MED_V_REF,50,5.55302238464,9.74827912057,33.9733233843,0,0,11.1060447693,
MC_G1_D060_DENS_MED_V_REF_S050,MC_G1_D060_DENS_MED_V_REF,50,5.56205320358,9.5006261888,32.2842378811,0,0,11.1241064072,
MC_G1_D060_DENS_MED_V_REF_S050,MC_G1_D060_DENS_MED_V_REF,50,5.57102012634,9.6679089828,33.6193093774,0,0,11.1420402527,
MC_G1_D060_DENS_MED_V_REF_S050,MC_G1_D060_DENS_MED_V_REF,50,5.58005094528,9.68137653731,33.6109450528,0,0,11.1601018906,
MC_G1_D060_DENS_MED_V_REF_S050,MC_G1_D060_DENS_MED_V_REF,50,5.58901786804,9.61450762942,33.8768174335,0,0,11.1780357361,
MC_G1_D060_DENS_MED_V_REF_S050,MC_G1_D060_DENS_MED_V_REF,50,5.59804821014,10.0655010335,33.7017634267,0,0,11.1960964203,
MC_G1_D060_DENS_MED_V_REF_S050,MC_G1_D060_DENS_MED_V_REF,50,5.6070151329,9.76615901101,31.6875556194,0,0,11.2140302658,
MC_G1_D060_DENS_MED_V_REF_S050,MC_G1_D060_DENS_MED_V_REF,50,5.61604595184,10.2967808314,34.5967057612,0,0,11.2320919037,
MC_G1_D060_DENS_MED_V_REF_S050,MC_G1_D060_DENS_MED_V_REF,50,5.6250128746,10.4946002713,32.7332810088,0,0,11.2500257492,
MC_G1_D060_DENS_MED_V_REF_S050,MC_G1_D060_DENS_MED_V_REF,50,5.63404321671,9.72102366387,33.8898895679,0,0,11.2680864334,
MC_G1_D060_DENS_MED_V_REF_S050,MC_G1_D060_DENS_MED_V_REF,50,5.6430106163,10.3426984831,35.5440544893,0,0,11.2860212326,
MC_G1_D060_DENS_MED_V_REF_S050,MC_G1_D060_DENS_MED_V_REF,50,5.6520409584,10.1103540257,31.592697468,0,0,11.3040819168,
MC_G1_D060_DENS_MED_V_REF_S050,MC_G1_D060_DENS_MED_V_REF,50,5.66100788116,9.85528042562,32.2362794597,0,0,11.3220157623,
MC_G1_D060_DENS_MED_V_REF_S050,MC_G1_D060_DENS_MED_V_REF,50,5.6700387001,9.86625945721,34.0754187006,0,0,11.3400774002,
MC_G1_D060_DENS_MED_V_REF_S050,MC_G1_D060_DENS_MED_V_REF,50,5.67900562286,9.84125420549,36.6481539091,0,0,11.3580112457,
MC_G1_D060_DENS_MED_V_REF_S050,MC_G1_D060_DENS_MED_V_REF,50,5.68803596497,9.77437838983,32.8535508115,0,0,11.3760719299,
MC_G1_D060_DENS_MED_V_REF_S050,MC_G1_D060_DENS_MED_V_REF,50,5.69700288773,10.1032951517,32.5270012335,0,0,11.3940057755,
MC_G1_D060_DENS_MED_V_REF_S050,MC_G1_D060_DENS_MED_V_REF,50,5.70603370667,9.65295798541,32.8580345971,0,0,11.4120674133,
MC_G1_D060_DENS_MED_V_REF_S050,MC_G1_D060_DENS_MED_V_REF,50,5.71500062943,10.1104369189,32.6269527182,0,0,11.4300012589,
MC_G1_D060_DENS_MED_V_REF_S050,MC_G1_D060_DENS_MED_V_REF,50,5.72403144836,10.4776365234,33.8694203915,0,0,11.4480628967,
MC_G1_D060_DENS_MED_V_REF_S050,MC_G1_D060_DENS_MED_V_REF,50,5.73306179047,10.0466436941,34.7653934556,0,0,11.4661235809,
MC_G1_D060_DENS_MED_V_REF_S050,MC_G1_D060_DENS_MED_V_REF,50,5.74202871323,10.1446415888,33.4183842433,0,0,11.4840574265,
MC_G1_D060_DENS_MED_V_REF_S050,MC_G1_D060_DENS_MED_V_REF,50,5.75105953217,10.429933214,35.0516093431,0,0,11.5021190643,
MC_G1_D060_DENS_MED_V_REF_S050,MC_G1_D060_DENS_MED_V_REF,50,5.76002645493,10.0102743028,35.6381444,0,0,11.5200529099,
MC_G1_D060_DENS_MED_V_REF_S050,MC_G1_D060_DENS_MED_V_REF,50,5.76905679703,10.3739915294,34.3705265503,0,0,11.5381135941,
MC_G1_D060_DENS_MED_V_REF_S050,MC_G1_D060_DENS_MED_V_REF,50,5.77802371979,10.1984997183,35.855750751,0,0,11.5560474396,
MC_G1_D060_DENS_MED_V_REF_S050,MC_G1_D060_DENS_MED_V_REF,50,5.78705453873,10.1757282656,37.3992061925,0,0,11.5741090775,
MC_G1_D060_DENS_MED_V_REF_S050,MC_G1_D060_DENS_MED_V_REF,50,5.79602146149,9.84861356736,33.9173951455,0,0,11.592042923,
MC_G1_D060_DENS_MED_V_REF_S050,MC_G1_D060_DENS_MED_V_REF,50,5.80505228043,9.79390837302,34.9758956776,0,0,11.6101045609,
MC_G1_D060_DENS_MED_V_REF_S050,MC_G1_D060_DENS_MED_V_REF,50,5.81401920319,10.2009752891,34.1847189076,0,0,11.6280384064,
MC_G1_D060_DENS_MED_V_REF_S050,MC_G1_D060_DENS_MED_V_REF,50,5.82304954529,10.0974390925,35.374516269,0,0,11.6460990906,
MC_G1_D060_DENS_MED_V_REF_S050,MC_G1_D060_DENS_MED_V_REF,50,5.83201646805,10.2856584637,40.6563358642,0,0,11.6640329361,
MC_G1_D060_DENS_MED_V_REF_S050,MC_G1_D060_DENS_MED_V_REF,50,5.84104728699,10.2654921025,36.0077336951,0,0,11.682094574,
MC_G1_D060_DENS_MED_V_REF_S050,MC_G1_D060_DENS_MED_V_REF,50,5.85001420975,10.8003863766,35.6464163388,0,0,11.7000284195,
MC_G1_D060_DENS_MED_V_REF_S050,MC_G1_D060_DENS_MED_V_REF,50,5.85904455185,10.9600680369,34.2548387125,0,0,11.7180891037,
MC_G1_D060_DENS_MED_V_REF_S050,MC_G1_D060_DENS_MED_V_REF,50,5.86801195145,10.5241240658,35.9842706019,0,0,11.7360239029,
MC_G1_D060_DENS_MED_V_REF_S050,MC_G1_D060_DENS_MED_V_REF,50,5.87704229355,10.4436848504,35.3582699087,0,0,11.7540845871,
MC_G1_D060_DENS_MED_V_REF_S050,MC_G1_D060_DENS_MED_V_REF,50,5.88600921631,9.96511218805,35.6521876274,0,0,11.7720184326,
MC_G1_D060_DENS_MED_V_REF_S050,MC_G1_D060_DENS_MED_V_REF,50,5.89504003525,10.4013713259,35.779524608,0,0,11.7900800705,
MC_G1_D060_DENS_MED_V_REF_S050,MC_G1_D060_DENS_MED_V_REF,50,5.90400695801,9.94852577691,35.2761256684,0,0,11.808013916,
MC_G1_D060_DENS_MED_V_REF_S050,MC_G1_D060_DENS_MED_V_REF,50,5.91303730011,10.020790514,36.3742513218,0,0,11.8260746002,
MC_G1_D060_DENS_MED_V_REF_S050,MC_G1_D060_DENS_MED_V_REF,50,5.92200422287,9.9793335526,35.689394048,0,0,11.8440084457,
MC_G1_D060_DENS_MED_V_REF_S050,MC_G1_D060_DENS_MED_V_REF,50,5.93103504181,9.89056270714,37.1590641172,0,0,11.8620700836,
MC_G1_D060_DENS_MED_V_REF_S050,MC_G1_D060_DENS_MED_V_REF,50,5.94000196457,10.1190742176,34.4870843461,0,0,11.8800039291,
MC_G1_D060_DENS_MED_V_REF_S050,MC_G1_D060_DENS_MED_V_REF,50,5.94903230667,10.2243563522,34.8215825888,0,0,11.8980646133,
MC_G1_D060_DENS_MED_V_REF_S050,MC_G1_D060_DENS_MED_V_REF,50,5.95806312561,10.8519079539,35.8672949413,0,0,11.9161262512,
MC_G1_D060_DENS_MED_V_REF_S050,MC_G1_D060_DENS_MED_V_REF,50,5.96703004837,10.5403875389,37.329912825,0,0,11.9340600967,
MC_G1_D060_DENS_MED_V_REF_S050,MC_G1_D060_DENS_MED_V_REF,50,5.97606086731,10.9426466494,35.1008017901,0,0,11.9521217346,
MC_G1_D060_DENS_MED_V_REF_S050,MC_G1_D060_DENS_MED_V_REF,50,5.98502779007,10.8108732298,40.3488360312,0,0,11.9700555801,
MC_G1_D060_DENS_MED_V_REF_S050,MC_G1_D060_DENS_MED_V_REF,50,5.99405813217,10.5547159738,33.8036205289,0,0,11.9881162643,
MC_G1_D060_DENS_MED_V_REF_S050,MC_G1_D060_DENS_MED_V_REF,50,6.00302505493,10.651722604,35.0320999794,0,0,12.0060501099,
MC_G1_D060_DENS_MED_V_REF_S050,MC_G1_D060_DENS_MED_V_REF,50,6.01205587387,10.2778889532,36.0727824613,0,0,12.0241117477,
MC_G1_D060_DENS_MED_V_REF_S050,MC_G1_D060_DENS_MED_V_REF,50,6.02102279663,10.4248689576,38.6391299694,0,0,12.0420455933,
MC_G1_D060_DENS_MED_V_REF_S050,MC_G1_D060_DENS_MED_V_REF,50,6.03005313873,10.2551969398,37.1761028255,0,0,12.0601062775,
MC_G1_D060_DENS_MED_V_REF_S050,MC_G1_D060_DENS_MED_V_REF,50,6.03902053833,10.2218246558,38.1874171015,0,0,12.0780410767,
MC_G1_D060_DENS_MED_V_REF_S050,MC_G1_D060_DENS_MED_V_REF,50,6.04805088043,10.1476084746,36.5790052699,0,0,12.0961017609,
MC_G1_D060_DENS_MED_V_REF_S050,MC_G1_D060_DENS_MED_V_REF,50,6.05701780319,10.3351569289,37.3438301383,0,0,12.1140356064,
MC_G1_D060_DENS_MED_V_REF_S050,MC_G1_D060_DENS_MED_V_REF,50,6.06604862213,10.3328290116,37.0907310884,0,0,12.1320972443,
MC_G1_D060_DENS_MED_V_REF_S050,MC_G1_D060_DENS_MED_V_REF,50,6.07501554489,10.616158831,39.6686464679,0,0,12.1500310898,
MC_G1_D060_DENS_MED_V_REF_S050,MC_G1_D060_DENS_MED_V_REF,50,6.08404588699,10.5081308592,37.5575310694,0,0,12.168091774,
MC_G1_D060_DENS_MED_V_REF_S050,MC_G1_D060_DENS_MED_V_REF,50,6.09301280975,10.5465302704,37.3408258823,0,0,12.1860256195,
MC_G1_D060_DENS_MED_V_REF_S050,MC_G1_D060_DENS_MED_V_REF,50,6.10204362869,10.8083190831,37.2461756337,0,0,12.2040872574,
MC_G1_D060_DENS_MED_V_REF_S050,MC_G1_D060_DENS_MED_V_REF,50,6.11101055145,10.725366304,39.1393361173,0,0,12.2220211029,
MC_G1_D060_DENS_MED_V_REF_S050,MC_G1_D060_DENS_MED_V_REF,50,6.12004089355,10.5878430321,40.0041615753,0,0,12.2400817871,
MC_G1_D060_DENS_MED_V_REF_S050,MC_G1_D060_DENS_MED_V_REF,50,6.12900829315,10.7326056435,38.0512783811,0,0,12.2580165863,
MC_G1_D060_DENS_MED_V_REF_S050,MC_G1_D060_DENS_MED_V_REF,50,6.13803863525,10.4552070051,40.2093329155,0,0,12.2760772705,
MC_G1_D060_DENS_MED_V_REF_S050,MC_G1_D060_DENS_MED_V_REF,50,6.14700555801,10.5375657162,38.2995452984,0,0,12.294011116,
MC_G1_D060_DENS_MED_V_REF_S050,MC_G1_D060_DENS_MED_V_REF,50,6.15603637695,10.0971144275,40.1585700939,0,0,12.3120727539,
MC_G1_D060_DENS_MED_V_REF_S050,MC_G1_D060_DENS_MED_V_REF,50,6.16500329971,10.1033227827,39.6108495606,0,0,12.3300065994,
MC_G1_D060_DENS_MED_V_REF_S050,MC_G1_D060_DENS_MED_V_REF,50,6.17403364182,10.3779695395,40.0919006009,0,0,12.3480672836,
MC_G1_D060_DENS_MED_V_REF_S050,MC_G1_D060_DENS_MED_V_REF,50,6.18300056458,10.4809781555,38.5367131691,0,0,12.3660011292,
MC_G1_D060_DENS_MED_V_REF_S050,MC_G1_D060_DENS_MED_V_REF,50,6.19203138351,10.5604209256,38.8082439718,0,0,12.384062767,
MC_G1_D060_DENS_MED_V_REF_S050,MC_G1_D060_DENS_MED_V_REF,50,6.20106172562,10.4221645669,38.8164784029,0,0,12.4021234512,
MC_G1_D060_DENS_MED_V_REF_S050,MC_G1_D060_DENS_MED_V_REF,50,6.21002912521,10.8408961105,39.10128227,0,0,12.4200582504,
MC_G1_D060_DENS_MED_V_REF_S050,MC_G1_D060_DENS_MED_V_REF,50,6.21905946732,10.6730978244,38.2845111147,0,0,12.4381189346,
MC_G1_D060_DENS_MED_V_REF_S050,MC_G1_D060_DENS_MED_V_REF,50,6.22802639008,10.7850545885,38.5934834848,0,0,12.4560527802,
MC_G1_D060_DENS_MED_V_REF_S050,MC_G1_D060_DENS_MED_V_REF,50,6.23705720901,10.4619058118,38.4743305111,0,0,12.474114418,
MC_G1_D060_DENS_MED_V_REF_S050,MC_G1_D060_DENS_MED_V_REF,50,6.24602413177,10.6040961435,39.0660019051,0,0,12.4920482635,
MC_G1_D060_DENS_MED_V_REF_S050,MC_G1_D060_DENS_MED_V_REF,50,6.25505447388,10.7399960903,40.3483617826,0,0,12.5101089478,
MC_G1_D060_DENS_MED_V_REF_S050,MC_G1_D060_DENS_MED_V_REF,50,6.26402139664,10.6591700399,38.7480822993,0,0,12.5280427933,
MC_G1_D060_DENS_MED_V_REF_S050,MC_G1_D060_DENS_MED_V_REF,50,6.27305221558,10.4991732128,39.6031589031,0,0,12.5461044312,
MC_G1_D060_DENS_MED_V_REF_S050,MC_G1_D060_DENS_MED_V_REF,50,6.28201913834,10.6420733175,42.0792428043,0,0,12.5640382767,
MC_G1_D060_DENS_MED_V_REF_S050,MC_G1_D060_DENS_MED_V_REF,50,6.29104948044,10.6554156688,39.7441388974,0,0,12.5820989609,
MC_G1_D060_DENS_MED_V_REF_S050,MC_G1_D060_DENS_MED_V_REF,50,6.30001688004,10.8019941592,40.7220180703,0,0,12.6000337601,
MC_G1_D060_DENS_MED_V_REF_S050,MC_G1_D060_DENS_MED_V_REF,50,6.30904722214,10.7785604244,43.0564935349,0,0,12.6180944443,
MC_G1_D060_DENS_MED_V_REF_S050,MC_G1_D060_DENS_MED_V_REF,50,6.3180141449,10.875111142,40.3289046463,0,0,12.6360282898,
MC_G1_D060_DENS_MED_V_REF_S050,MC_G1_D060_DENS_MED_V_REF,50,6.32704496384,11.0887251903,40.6561265295,0,0,12.6540899277,
MC_G1_D060_DENS_MED_V_REF_S050,MC_G1_D060_DENS_MED_V_REF,50,6.3360118866,11.0364653453,38.5104226248,0,0,12.6720237732,
MC_G1_D060_DENS_MED_V_REF_S050,MC_G1_D060_DENS_MED_V_REF,50,6.3450422287,11.0413275496,41.2768561401,0,0,12.6900844574,
MC_G1_D060_DENS_MED_V_REF_S050,MC_G1_D060_DENS_MED_V_REF,50,6.35400915146,10.4793703728,44.0964091821,0,0,12.7080183029,
MC_G1_D060_DENS_MED_V_REF_S050,MC_G1_D060_DENS_MED_V_REF,50,6.3630399704,10.8949208898,40.7095008412,0,0,12.7260799408,
MC_G1_D060_DENS_MED_V_REF_S050,MC_G1_D060_DENS_MED_V_REF,50,6.37200689316,11.0258964624,41.670027054,0,0,12.7440137863,
MC_G1_D060_DENS_MED_V_REF_S050,MC_G1_D060_DENS_MED_V_REF,50,6.38103723526,10.9774108484,41.9605427555,0,0,12.7620744705,
MC_G1_D060_DENS_MED_V_REF_S050,MC_G1_D060_DENS_MED_V_REF,50,6.39000463486,10.7432366963,41.3764735549,0,0,12.7800092697,
MC_G1_D060_DENS_MED_V_REF_S050,MC_G1_D060_DENS_MED_V_REF,50,6.39903497696,10.6560477294,41.3194188035,0,0,12.7980699539,
MC_G1_D060_DENS_MED_V_REF_S050,MC_G1_D060_DENS_MED_V_REF,50,6.40800189972,10.5814878868,40.5844408112,0,0,12.8160037994,
MC_G1_D060_DENS_MED_V_REF_S050,MC_G1_D060_DENS_MED_V_REF,50,6.41703271866,10.5531435934,40.350885595,0,0,12.8340654373,
MC_G1_D060_DENS_MED_V_REF_S050,MC_G1_D060_DENS_MED_V_REF,50,6.42606306076,10.6838566709,40.2075231324,0,0,12.8521261215,
MC_G1_D060_DENS_MED_V_REF_S050,MC_G1_D060_DENS_MED_V_REF,50,6.43502998352,10.7456941343,40.1083148824,0,0,12.870059967,
MC_G1_D060_DENS_MED_V_REF_S050,MC_G1_D060_DENS_MED_V_REF,50,6.44406080246,11.4174942986,45.9270142194,0,0,12.8881216049,
MC_G1_D060_DENS_MED_V_REF_S050,MC_G1_D060_DENS_MED_V_REF,50,6.45302772522,11.0668448395,42.4038927191,0,0,12.9060554504,
MC_G1_D060_DENS_MED_V_REF_S050,MC_G1_D060_DENS_MED_V_REF,50,6.46205806732,11.1833805894,41.9028149951,0,0,12.9241161346,
MC_G1_D060_DENS_MED_V_REF_S050,MC_G1_D060_DENS_MED_V_REF,50,6.47102499008,10.8590220901,42.6844417268,0,0,12.9420499802,
MC_G1_D060_DENS_MED_V_REF_S050,MC_G1_D060_DENS_MED_V_REF,50,6.48005580902,10.6448830516,41.2610828772,0,0,12.960111618,
MC_G1_D060_DENS_MED_V_REF_S050,MC_G1_D060_DENS_MED_V_REF,50,6.48902273178,10.8937482964,42.6832833782,0,0,12.9780454636,
MC_G1_D060_DENS_MED_V_REF_S050,MC_G1_D060_DENS_MED_V_REF,50,6.49805307388,10.7300178214,40.5621726012,0,0,12.9961061478,
MC_G1_D060_DENS_MED_V_REF_S050,MC_G1_D060_DENS_MED_V_REF,50,6.50702047348,10.6136953487,41.192892778,0,0,13.014040947,
MC_G1_D060_DENS_MED_V_REF_S050,MC_G1_D060_DENS_MED_V_REF,50,6.51605081558,10.6616594263,40.0911109892,0,0,13.0321016312,
MC_G1_D060_DENS_MED_V_REF_S050,MC_G1_D060_DENS_MED_V_REF,50,6.52501773834,10.2090401067,42.6013414466,0,0,13.0500354767,
MC_G1_D060_DENS_MED_V_REF_S050,MC_G1_D060_DENS_MED_V_REF,50,6.53404855728,10.811856723,45.2599559744,0,0,13.0680971146,
MC_G1_D060_DENS_MED_V_REF_S050,MC_G1_D060_DENS_MED_V_REF,50,6.54301548004,10.986776053,41.7892663491,0,0,13.0860309601,
MC_G1_D060_DENS_MED_V_REF_S050,MC_G1_D060_DENS_MED_V_REF,50,6.55204582214,10.7197062528,42.285217937,0,0,13.1040916443,
MC_G1_D060_DENS_MED_V_REF_S050,MC_G1_D060_DENS_MED_V_REF,50,6.5610127449,11.2971532327,42.2717205722,0,0,13.1220254898,
MC_G1_D060_DENS_MED_V_REF_S050,MC_G1_D060_DENS_MED_V_REF,50,6.57004356384,10.8567805198,43.5432785322,0,0,13.1400871277,
MC_G1_D060_DENS_MED_V_REF_S050,MC_G1_D060_DENS_MED_V_REF,50,6.5790104866,11.3143898374,44.71355286,0,0,13.1580209732,
MC_G1_D060_DENS_MED_V_REF_S050,MC_G1_D060_DENS_MED_V_REF,50,6.5880408287,11.0219409025,43.893334665,0,0,13.1760816574,
MC_G1_D060_DENS_MED_V_REF_S050,MC_G1_D060_DENS_MED_V_REF,50,6.59700775146,10.847303064,41.4683586832,0,0,13.1940155029,
MC_G1_D060_DENS_MED_V_REF_S050,MC_G1_D060_DENS_MED_V_REF,50,6.6060385704,10.7799549298,41.7091815419,0,0,13.2120771408,
MC_G1_D060_DENS_MED_V_REF_S050,MC_G1_D060_DENS_MED_V_REF,50,6.61500549316,10.9918808926,41.7589711817,0,0,13.2300109863,
MC_G1_D060_DENS_MED_V_REF_S050,MC_G1_D060_DENS_MED_V_REF,50,6.6240363121,11.0075252571,43.4794725018,0,0,13.2480726242,
MC_G1_D060_DENS_MED_V_REF_S050,MC_G1_D060_DENS_MED_V_REF,50,6.63300323486,10.651751962,40.5619397659,0,0,13.2660064697,
MC_G1_D060_DENS_MED_V_REF_S050,MC_G1_D060_DENS_MED_V_REF,50,6.64203357697,10.52515505,44.0734889065,0,0,13.2840671539,
MC_G1_D060_DENS_MED_V_REF_S050,MC_G1_D060_DENS_MED_V_REF,50,6.65100049973,11.1804836448,41.3579808689,0,0,13.3020009995,
MC_G1_D060_DENS_MED_V_REF_S050,MC_G1_D060_DENS_MED_V_REF,50,6.66003131866,10.9851984918,43.18668421,0,0,13.3200626373,
MC_G1_D060_DENS_MED_V_REF_S050,MC_G1_D060_DENS_MED_V_REF,50,6.66906166077,11.0339535087,41.87770036,0,0,13.3381233215,
MC_G1_D060_DENS_MED_V_REF_S050,MC_G1_D060_DENS_MED_V_REF,50,6.67802858353,10.7149027645,42.4047457815,0,0,13.3560571671,
MC_G1_D060_DENS_MED_V_REF_S050,MC_G1_D060_DENS_MED_V_REF,50,6.68705940247,11.0967278379,46.0356748205,0,0,13.3741188049,
MC_G1_D060_DENS_MED_V_REF_S050,MC_G1_D060_DENS_MED_V_REF,50,6.69602632523,11.2595862074,49.0246305087,0,0,13.3920526505,
MC_G1_D060_DENS_MED_V_REF_S050,MC_G1_D060_DENS_MED_V_REF,50,6.70505666733,11.1695581484,42.4065677348,0,0,13.4101133347,
MC_G1_D060_DENS_MED_V_REF_S050,MC_G1_D060_DENS_MED_V_REF,50,6.71402359009,11.1059937434,47.0091370616,0,0,13.4280471802,
MC_G1_D060_DENS_MED_V_REF_S050,MC_G1_D060_DENS_MED_V_REF,50,6.72305440903,10.8605124408,43.4527533699,0,0,13.4461088181,
MC_G1_D060_DENS_MED_V_REF_S050,MC_G1_D060_DENS_MED_V_REF,50,6.73202133179,11.1753226797,45.3909476714,0,0,13.4640426636,
MC_G1_D060_DENS_MED_V_REF_S050,MC_G1_D060_DENS_MED_V_REF,50,6.74105167389,11.4806451011,45.8454823325,0,0,13.4821033478,
MC_G1_D060_DENS_MED_V_REF_S050,MC_G1_D060_DENS_MED_V_REF,50,6.75001907349,11.3982285375,44.9111447599,0,0,13.500038147,
MC_G1_D060_DENS_MED_V_REF_S050,MC_G1_D060_DENS_MED_V_REF,50,6.75904941559,10.9586821662,48.7163096276,0,0,13.5180988312,
MC_G1_D060_DENS_MED_V_REF_S050,MC_G1_D060_DENS_MED_V_REF,50,6.76801633835,10.7805749019,45.0568305519,0,0,13.5360326767,
MC_G1_D060_DENS_MED_V_REF_S050,MC_G1_D060_DENS_MED_V_REF,50,6.77704715729,10.7107986877,47.0818622434,0,0,13.5540943146,
MC_G1_D060_DENS_MED_V_REF_S050,MC_G1_D060_DENS_MED_V_REF,50,6.78601408005,10.8053142046,42.5583685289,0,0,13.5720281601,
MC_G1_D060_DENS_MED_V_REF_S050,MC_G1_D060_DENS_MED_V_REF,50,6.79504442215,10.6495872407,43.3929043236,0,0,13.5900888443,
MC_G1_D060_DENS_MED_V_REF_S050,MC_G1_D060_DENS_MED_V_REF,50,6.80401134491,11.5362284453,48.416766418,0,0,13.6080226898,
MC_G1_D060_DENS_MED_V_REF_S050,MC_G1_D060_DENS_MED_V_REF,50,6.81304216385,11.6288952711,57.2967664352,0,0,13.6260843277,
MC_G1_D060_DENS_MED_V_REF_S050,MC_G1_D060_DENS_MED_V_REF,50,6.82200908661,11.2379372668,44.3722695504,0,0,13.6440181732,
MC_G1_D060_DENS_MED_V_REF_S050,MC_G1_D060_DENS_MED_V_REF,50,6.83103942871,11.7483435082,46.7213755755,0,0,13.6620788574,
MC_G1_D060_DENS_MED_V_REF_S050,MC_G1_D060_DENS_MED_V_REF,50,6.84000635147,11.5142090757,51.6653550611,0,0,13.6800127029,
MC_G1_D060_DENS_MED_V_REF_S050,MC_G1_D060_DENS_MED_V_REF,50,6.84903717041,11.4007127431,49.0458413303,0,0,13.6980743408,
MC_G1_D060_DENS_MED_V_REF_S050,MC_G1_D060_DENS_MED_V_REF,50,6.85800409317,11.1154599741,49.6534807422,0,0,13.7160081863,
MC_G1_D060_DENS_MED_V_REF_S050,MC_G1_D060_DENS_MED_V_REF,50,6.86703443527,11.094077846,47.1802819496,0,0,13.7340688705,
MC_G1_D060_DENS_MED_V_REF_S050,MC_G1_D060_DENS_MED_V_REF,50,6.87600183487,11.1283464127,47.2225222929,0,0,13.7520036697,
MC_G1_D060_DENS_MED_V_REF_S050,MC_G1_D060_DENS_MED_V_REF,50,6.88503217697,10.9915683161,49.4230615058,0,0,13.7700643539,
MC_G1_D060_DENS_MED_V_REF_S050,MC_G1_D060_DENS_MED_V_REF,50,6.89406299591,10.7722208216,47.7390923384,0,0,13.7881259918,
MC_G1_D060_DENS_MED_V_REF_S050,MC_G1_D060_DENS_MED_V_REF,50,6.90302991867,10.4245486099,48.3139057784,0,0,13.8060598373,
MC_G1_D060_DENS_MED_V_REF_S050,MC_G1_D060_DENS_MED_V_REF,50,6.91206026077,10.9811177287,47.1211485917,0,0,13.8241205215,
MC_G1_D060_DENS_MED_V_REF_S050,MC_G1_D060_DENS_MED_V_REF,50,6.92102718353,11.016346475,47.1709463065,0,0,13.8420543671,
MC_G1_D060_DENS_MED_V_REF_S050,MC_G1_D060_DENS_MED_V_REF,50,6.93005800247,11.2349660637,46.417719312,0,0,13.8601160049,
MC_G1_D060_DENS_MED_V_REF_S050,MC_G1_D060_DENS_MED_V_REF,50,6.93902492523,10.7927455232,45.3251494078,0,0,13.8780498505,
MC_G1_D060_DENS_MED_V_REF_S050,MC_G1_D060_DENS_MED_V_REF,50,6.94805526733,10.9169186726,49.8066825142,0,0,13.8961105347,
MC_G1_D060_DENS_MED_V_REF_S050,MC_G1_D060_DENS_MED_V_REF,50,6.95702219009,11.185243096,49.6005812234,0,0,13.9140443802,
MC_G1_D060_DENS_MED_V_REF_S050,MC_G1_D060_DENS_MED_V_REF,50,6.96605300903,10.7751946151,47.8518541772,0,0,13.9321060181,
MC_G1_D060_DENS_MED_V_REF_S050,MC_G1_D060_DENS_MED_V_REF,50,6.97501993179,11.1694942516,49.1290842945,0,0,13.9500398636,
MC_G1_D060_DENS_MED_V_REF_S050,MC_G1_D060_DENS_MED_V_REF,50,6.9840502739,10.8465950179,48.5530546996,0,0,13.9681005478,
MC_G1_D060_DENS_MED_V_REF_S050,MC_G1_D060_DENS_MED_V_REF,50,6.99301719666,11.2430662835,49.7189243941,0,0,13.9860343933,
MC_G1_D060_DENS_MED_V_REF_S050,MC_G1_D060_DENS_MED_V_REF,50,7.00204801559,10.8955987144,51.375454452,0,0,14.0040960312,
MC_G1_D060_DENS_MED_V_REF_S050,MC_G1_D060_DENS_MED_V_REF,50,7.01101493835,11.4732278867,52.1198397983,0,0,14.0220298767,
MC_G1_D060_DENS_MED_V_REF_S050,MC_G1_D060_DENS_MED_V_REF,50,7.02004528046,10.8880649314,49.0540840481,0,0,14.0400905609,
MC_G1_D060_DENS_MED_V_REF_S050,MC_G1_D060_DENS_MED_V_REF,50,7.02901268005,11.1223487443,49.9930926114,0,0,14.0580253601,
MC_G1_D060_DENS_MED_V_REF_S050,MC_G1_D060_DENS_MED_V_REF,50,7.03804302216,10.9707578057,49.8981779866,0,0,14.0760860443,
MC_G1_D060_DENS_MED_V_REF_S050,MC_G1_D060_DENS_MED_V_REF,50,7.04700994492,11.5122092773,51.4256759119,0,0,14.0940198898,
MC_G1_D060_DENS_MED_V_REF_S050,MC_G1_D060_DENS_MED_V_REF,50,7.05604076385,11.0486886384,50.3838191557,0,0,14.1120815277,
MC_G1_D060_DENS_MED_V_REF_S050,MC_G1_D060_DENS_MED_V_REF,50,7.06500768661,11.8446455462,49.5862754042,0,0,14.1300153732,
MC_G1_D060_DENS_MED_V_REF_S050,MC_G1_D060_DENS_MED_V_REF,50,7.07403802872,11.1217261819,54.2304735495,0,0,14.1480760574,
MC_G1_D060_DENS_MED_V_REF_S050,MC_G1_D060_DENS_MED_V_REF,50,7.08300495148,10.9724208505,51.2278488536,0,0,14.166009903,
MC_G1_D060_DENS_MED_V_REF_S050,MC_G1_D060_DENS_MED_V_REF,50,7.09203577042,11.0454514863,51.0777766427,0,0,14.1840715408,
MC_G1_D060_DENS_MED_V_REF_S050,MC_G1_D060_DENS_MED_V_REF,50,7.10100269318,11.2327996154,50.6202741253,0,0,14.2020053864,
MC_G1_D060_DENS_MED_V_REF_S050,MC_G1_D060_DENS_MED_V_REF,50,7.11003303528,11.2308619868,51.2469559401,0,0,14.2200660706,
MC_G1_D060_DENS_MED_V_REF_S050,MC_G1_D060_DENS_MED_V_REF,50,7.11899995804,10.9059465488,52.7803597016,0,0,14.2379999161,
MC_G1_D060_DENS_MED_V_REF_S050,MC_G1_D060_DENS_MED_V_REF,50,7.12803077698,10.1196432449,52.8122017245,0,0,14.256061554,
MC_G1_D060_DENS_MED_V_REF_S050,MC_G1_D060_DENS_MED_V_REF,50,7.13706111908,12.0771031183,55.0472638723,0,0,14.2741222382,
MC_G1_D060_DENS_MED_V_REF_S050,MC_G1_D060_DENS_MED_V_REF,50,7.14602804184,10.7282995144,51.9214671285,0,0,14.2920560837,
MC_G1_D060_DENS_MED_V_REF_S050,MC_G1_D060_DENS_MED_V_REF,50,7.15505886078,11.0206750543,53.237693187,0,0,14.3101177216,
MC_G1_D060_DENS_MED_V_REF_S050,MC_G1_D060_DENS_MED_V_REF,50,7.16402578354,11.2333720965,50.0492359053,0,0,14.3280515671,
MC_G1_D060_DENS_MED_V_REF_S050,MC_G1_D060_DENS_MED_V_REF,50,7.17305612564,11.526350339,51.1070923163,0,0,14.3461122513,
MC_G1_D060_DENS_MED_V_REF_S050,MC_G1_D060_DENS_MED_V_REF,50,7.1820230484,11.5565036038,55.1621059065,0,0,14.3640460968,
MC_G1_D060_DENS_MED_V_REF_S050,MC_G1_D060_DENS_MED_V_REF,50,7.19105386734,11.451595352,52.639828618,0,0,14.3821077347,
MC_G1_D060_DENS_MED_V_REF_S050,MC_G1_D060_DENS_MED_V_REF,50,7.2000207901,10.5714379499,49.9976138816,0,0,14.4000415802,
MC_G1_D060_DENS_MED_V_REF_S050,MC_G1_D060_DENS_MED_V_REF,50,7.2090511322,11.2950558621,56.7311132799,0,0,14.4181022644,
MC_G1_D060_DENS_MED_V_REF_S050,MC_G1_D060_DENS_MED_V_REF,50,7.2180185318,11.2676087149,52.5377898353,0,0,14.4360370636,
MC_G1_D060_DENS_MED_V_REF_S050,MC_G1_D060_DENS_MED_V_REF,50,7.2270488739,11.0244078387,56.3076308203,0,0,14.4540977478,
MC_G1_D060_DENS_MED_V_REF_S050,MC_G1_D060_DENS_MED_V_REF,50,7.23601579666,10.6999793982,57.3160938383,0,0,14.4720315933,
MC_G1_D060_DENS_MED_V_REF_S050,MC_G1_D060_DENS_MED_V_REF,50,7.2450466156,10.7370404296,54.5341560062,0,0,14.4900932312,
MC_G1_D060_DENS_MED_V_REF_S050,MC_G1_D060_DENS_MED_V_REF,50,7.25401353836,11.5467783319,55.3005476428,0,0,14.5080270767,
MC_G1_D060_DENS_MED_V_REF_S050,MC_G1_D060_DENS_MED_V_REF,50,7.26304388046,11.3890697024,54.6246722664,0,0,14.5260877609,
MC_G1_D060_DENS_MED_V_REF_S050,MC_G1_D060_DENS_MED_V_REF,50,7.27201080322,11.4433302093,56.3048132923,0,0,14.5440216064,
MC_G1_D060_DENS_MED_V_REF_S050,MC_G1_D060_DENS_MED_V_REF,50,7.28104162216,11.6797804705,55.8383682658,0,0,14.5620832443,
MC_G1_D060_DENS_MED_V_REF_S050,MC_G1_D060_DENS_MED_V_REF,50,7.29000854492,10.9904173095,54.4114838482,0,0,14.5800170898,
MC_G1_D060_DENS_MED_V_REF_S050,MC_G1_D060_DENS_MED_V_REF,50,7.29903888702,11.3337333109,56.6291442912,0,0,14.598077774,
MC_G1_D060_DENS_MED_V_REF_S050,MC_G1_D060_DENS_MED_V_REF,50,7.30800580978,11.3527667984,52.1284829208,0,0,14.6160116196,
MC_G1_D060_DENS_MED_V_REF_S050,MC_G1_D060_DENS_MED_V_REF,50,7.31703662872,11.2888811822,56.8654781245,0,0,14.6340732574,
MC_G1_D060_DENS_MED_V_REF_S050,MC_G1_D060_DENS_MED_V_REF,50,7.32600355148,10.8681999215,52.1574713199,0,0,14.652007103,
MC_G1_D060_DENS_MED_V_REF_S050,MC_G1_D060_DENS_MED_V_REF,50,7.33503389359,11.2037723165,56.2065218627,0,0,14.6700677872,
MC_G1_D060_DENS_MED_V_REF_S050,MC_G1_D060_DENS_MED_V_REF,50,7.34400081635,10.9271266248,57.3100127924,0,0,14.6880016327,
MC_G1_D060_DENS_MED_V_REF_S050,MC_G1_D060_DENS_MED_V_REF,50,7.35303163528,11.1058245031,52.6004190575,0,0,14.7060632706,
MC_G1_D060_DENS_MED_V_REF_S050,MC_G1_D060_DENS_MED_V_REF,50,7.36206197739,11.1648271918,55.6416322247,0,0,14.7241239548,
MC_G1_D060_DENS_MED_V_REF_S050,MC_G1_D060_DENS_MED_V_REF,50,7.37102890015,12.07478988,55.2455352421,0,0,14.7420578003,
MC_G1_D060_DENS_MED_V_REF_S050,MC_G1_D060_DENS_MED_V_REF,50,7.38005971909,11.2147599828,60.7879728865,0,0,14.7601194382,
MC_G1_D060_DENS_MED_V_REF_S050,MC_G1_D060_DENS_MED_V_REF,50,7.38902664185,10.0876127945,54.2950199534,0,0,14.7780532837,
MC_G1_D060_DENS_MED_V_REF_S050,MC_G1_D060_DENS_MED_V_REF,50,7.39805698395,11.5009772487,54.2010575152,0,0,14.7961139679,
MC_G1_D060_DENS_MED_V_REF_S050,MC_G1_D060_DENS_MED_V_REF,50,7.40702438354,11.2534167083,58.9237906524,0,0,14.8140487671,
MC_G1_D060_DENS_MED_V_REF_S050,MC_G1_D060_DENS_MED_V_REF,50,7.41605472565,10.9923091741,56.8368972854,0,0,14.8321094513,
MC_G1_D060_DENS_MED_V_REF_S050,MC_G1_D060_DENS_MED_V_REF,50,7.42502164841,11.2998274019,58.0609698396,0,0,14.8500432968,
MC_G1_D060_DENS_MED_V_REF_S050,MC_G1_D060_DENS_MED_V_REF,50,7.43405246735,11.5121730115,56.8603157121,0,0,14.8681049347,
MC_G1_D060_DENS_MED_V_REF_S050,MC_G1_D060_DENS_MED_V_REF,50,7.44301939011,11.4175227932,57.3157113059,0,0,14.8860387802,
MC_G1_D060_DENS_MED_V_REF_S050,MC_G1_D060_DENS_MED_V_REF,50,7.45204973221,11.2693598337,56.9070927309,0,0,14.9040994644,
MC_G1_D060_DENS_MED_V_REF_S050,MC_G1_D060_DENS_MED_V_REF,50,7.46101665497,11.1012239305,60.5467856568,0,0,14.9220333099,
MC_G1_D060_DENS_MED_V_REF_S050,MC_G1_D060_DENS_MED_V_REF,50,7.47004747391,11.1330739155,55.1170690109,0,0,14.9400949478,
MC_G1_D060_DENS_MED_V_REF_S050,MC_G1_D060_DENS_MED_V_REF,50,7.47901439667,11.0284506091,56.5564510867,0,0,14.9580287933,
MC_G1_D060_DENS_MED_V_REF_S050,MC_G1_D060_DENS_MED_V_REF,50,7.48804473877,11.4559679683,59.4123060604,0,0,14.9760894775,
MC_G1_D060_DENS_MED_V_REF_S050,MC_G1_D060_DENS_MED_V_REF,50,7.49701166153,13.2316905461,57.7743795944,0,0,14.9940233231,
MC_G1_D060_DENS_MED_V_REF_S050,MC_G1_D060_DENS_MED_V_REF,50,7.50604248047,10.9403446362,57.2619285077,0,0,15.0120849609,
MC_G1_D060_DENS_MED_V_REF_S050,MC_G1_D060_DENS_MED_V_REF,50,7.51500940323,10.9930785266,55.4520444502,0,0,15.0300188065,
MC_G1_D060_DENS_MED_V_REF_S050,MC_G1_D060_DENS_MED_V_REF,50,7.52403974533,10.6419783357,57.2968095433,0,0,15.0480794907,
MC_G1_D060_DENS_MED_V_REF_S050,MC_G1_D060_DENS_MED_V_REF,50,7.53300666809,13.6014132124,61.0615828495,0,0,15.0660133362,
MC_G1_D060_DENS_MED_V_REF_S050,MC_G1_D060_DENS_MED_V_REF,50,7.54203748703,12.5862236516,60.7491126207,0,0,15.0840749741,
MC_G1_D060_DENS_MED_V_REF_S050,MC_G1_D060_DENS_MED_V_REF,50,7.55100440979,12.2007409158,58.4482058973,0,0,15.1020088196,
MC_G1_D060_DENS_MED_V_REF_S050,MC_G1_D060_DENS_MED_V_REF,50,7.56003475189,11.7805259294,57.716352066,0,0,15.1200695038,
MC_G1_D060_DENS_MED_V_REF_S050,MC_G1_D060_DENS_MED_V_REF,50,7.56900215149,10.643761403,56.6591480297,0,0,15.138004303,
MC_G1_D060_DENS_MED_V_REF_S050,MC_G1_D060_DENS_MED_V_REF,50,7.57803249359,11.5132773907,57.4137058758,0,0,15.1560649872,
MC_G1_D060_DENS_MED_V_REF_S050,MC_G1_D060_DENS_MED_V_REF,50,7.58706283569,11.309043226,59.1906612649,0,0,15.1741256714,
MC_G1_D060_DENS_MED_V_REF_S050,MC_G1_D060_DENS_MED_V_REF,50,7.59603023529,11.1606833952,58.7925850074,0,0,15.1920604706,
MC_G1_D060_DENS_MED_V_REF_S050,MC_G1_D060_DENS_MED_V_REF,50,7.60506057739,11.0704291069,61.377785115,0,0,15.2101211548,
MC_G1_D060_DENS_MED_V_REF_S050,MC_G1_D060_DENS_MED_V_REF,50,7.61402750015,10.107977754,56.3750642482,0,0,15.2280550003,
MC_G1_D060_DENS_MED_V_REF_S050,MC_G1_D060_DENS_MED_V_REF,50,7.62305831909,11.9868773245,58.2135022761,0,0,15.2461166382,
MC_G1_D060_DENS_MED_V_REF_S050,MC_G1_D060_DENS_MED_V_REF,50,7.63202524185,10.7229684456,57.1576807733,0,0,15.2640504837,
MC_G1_D060_DENS_MED_V_REF_S050,MC_G1_D060_DENS_MED_V_REF,50,7.64105558395,10.7079224664,61.7656751706,0,0,15.2821111679,
MC_G1_D060_DENS_MED_V_REF_S050,MC_G1_D060_DENS_MED_V_REF,50,7.65002250671,10.9077201179,56.0976722911,0,0,15.3000450134,
MC_G1_D060_DENS_MED_V_REF_S050,MC_G1_D060_DENS_MED_V_REF,50,7.65905332565,11.6625231425,64.5942285316,0,0,15.3181066513,
MC_G1_D060_DENS_MED_V_REF_S050,MC_G1_D060_DENS_MED_V_REF,50,7.66802024841,12.2691701155,61.2638704884,0,0,15.3360404968,
MC_G1_D060_DENS_MED_V_REF_S050,MC_G1_D060_DENS_MED_V_REF,50,7.67705059052,10.6014418342,59.8439293203,0,0,15.354101181,
MC_G1_D060_DENS_MED_V_REF_S050,MC_G1_D060_DENS_MED_V_REF,50,7.68601751328,11.5054120349,58.5564424439,0,0,15.3720350266,
MC_G1_D060_DENS_MED_V_REF_S050,MC_G1_D060_DENS_MED_V_REF,50,7.69504833221,12.4260973039,64.193961029,0,0,15.3900966644,
MC_G1_D060_DENS_MED_V_REF_S050,MC_G1_D060_DENS_MED_V_REF,50,7.70401525497,11.511460648,62.6686628041,0,0,15.4080305099,
MC_G1_D060_DENS_MED_V_REF_S050,MC_G1_D060_DENS_MED_V_REF,50,7.71304559708,10.8944960621,60.7809845234,0,0,15.4260911942,
MC_G1_D060_DENS_MED_V_REF_S050,MC_G1_D060_DENS_MED_V_REF,50,7.72201251984,11.2037852686,62.7665831941,0,0,15.4440250397,
MC_G1_D060_DENS_MED_V_REF_S050,MC_G1_D060_DENS_MED_V_REF,50,7.73104333878,10.9361783894,58.0931422762,0,0,15.4620866776,
MC_G1_D060_DENS_MED_V_REF_S050,MC_G1_D060_DENS_MED_V_REF,50,7.74001026154,12.1922694035,61.2849406856,0,0,15.4800205231,
MC_G1_D060_DENS_MED_V_REF_S050,MC_G1_D060_DENS_MED_V_REF,50,7.74904060364,10.6960791005,64.2528242379,0,0,15.4980812073,
MC_G1_D060_DENS_MED_V_REF_S050,MC_G1_D060_DENS_MED_V_REF,50,7.75800800323,10.3638457472,57.9568384679,0,0,15.5160160065,
MC_G1_D060_DENS_MED_V_REF_S050,MC_G1_D060_DENS_MED_V_REF,50,7.76703834534,10.8185676183,61.6511667571,0,0,15.5340766907,
MC_G1_D060_DENS_MED_V_REF_S050,MC_G1_D060_DENS_MED_V_REF,50,7.7760052681,12.16959725,59.5965571319,0,0,15.5520105362,
MC_G1_D060_DENS_MED_V_REF_S050,MC_G1_D060_DENS_MED_V_REF,50,7.78503608704,11.0831083125,60.2552106762,0,0,15.5700721741,
MC_G1_D060_DENS_MED_V_REF_S050,MC_G1_D060_DENS_MED_V_REF,50,7.7940030098,11.0967416535,61.5536392125,0,0,15.5880060196,
MC_G1_D060_DENS_MED_V_REF_S050,MC_G1_D060_DENS_MED_V_REF,50,7.8030333519,12.0623602174,68.019071867,0,0,15.6060667038,
MC_G1_D060_DENS_MED_V_REF_S050,MC_G1_D060_DENS_MED_V_REF,50,7.81200027466,11.4283938909,61.5238031137,0,0,15.6240005493,
MC_G1_D060_DENS_MED_V_REF_S050,MC_G1_D060_DENS_MED_V_REF,50,7.8210310936,11.1570714968,61.6771912232,0,0,15.6420621872,
MC_G1_D060_DENS_MED_V_REF_S050,MC_G1_D060_DENS_MED_V_REF,50,7.8300614357,10.963734334,61.5005456336,0,0,15.6601228714,
MC_G1_D060_DENS_MED_V_REF_S050,MC_G1_D060_DENS_MED_V_REF,50,7.83902835846,10.701613085,64.654102311,0,0,15.6780567169,
MC_G1_D060_DENS_MED_V_REF_S050,MC_G1_D060_DENS_MED_V_REF,50,7.8480591774,11.2120909945,62.7907596158,0,0,15.6961183548,
MC_G1_D060_DENS_MED_V_REF_S050,MC_G1_D060_DENS_MED_V_REF,50,7.85702610016,10.2013189505,62.3110163545,0,0,15.7140522003,
MC_G1_D060_DENS_MED_V_REF_S050,MC_G1_D060_DENS_MED_V_REF,50,7.86605644226,11.8282758662,60.3817862001,0,0,15.7321128845,
MC_G1_D060_DENS_MED_V_REF_S050,MC_G1_D060_DENS_MED_V_REF,50,7.87502336502,10.2482451362,64.1106068227,0,0,15.75004673,
MC_G1_D060_DENS_MED_V_REF_S050,MC_G1_D060_DENS_MED_V_REF,50,7.88405418396,12.5636153949,64.6564886585,0,0,15.7681083679,
MC_G1_D060_DENS_MED_V_REF_S050,MC_G1_D060_DENS_MED_V_REF,50,7.89302110672,9.46075801371,61.533893525,0,0,15.7860422134,
MC_G1_D060_DENS_MED_V_REF_S050,MC_G1_D060_DENS_MED_V_REF,50,7.90205144882,10.5926430665,63.1868734035,0,0,15.8041028976,
MC_G1_D060_DENS_MED_V_REF_S050,MC_G1_D060_DENS_MED_V_REF,50,7.91101837158,10.6482859901,65.605784885,0,0,15.8220367432,
MC_G1_D060_DENS_MED_V_REF_S050,MC_G1_D060_DENS_MED_V_REF,50,7.92004919052,12.133470494,63.0532409827,0,0,15.840098381,
MC_G1_D060_DENS_MED_V_REF_S050,MC_G1_D060_DENS_MED_V_REF,50,7.92901611328,11.9224399505,64.7173051855,0,0,15.8580322266,
MC_G1_D060_DENS_MED_V_REF_S050,MC_G1_D060_DENS_MED_V_REF,50,7.93804693222,11.2139224161,65.2784736996,0,0,15.8760938644,
MC_G1_D060_DENS_MED_V_REF_S050,MC_G1_D060_DENS_MED_V_REF,50,7.94701385498,10.4121534862,61.6787317874,0,0,15.89402771,
MC_G1_D060_DENS_MED_V_REF_S050,MC_G1_D060_DENS_MED_V_REF,50,7.95604419708,11.8923548999,63.8958921424,0,0,15.9120883942,
MC_G1_D060_DENS_MED_V_REF_S050,MC_G1_D060_DENS_MED_V_REF,50,7.96501111984,11.4325290527,61.8215996184,0,0,15.9300222397,
MC_G1_D060_DENS_MED_V_REF_S050,MC_G1_D060_DENS_MED_V_REF,50,7.97404193878,10.1388200685,62.2184228347,0,0,15.9480838776,
MC_G1_D060_DENS_MED_V_REF_S050,MC_G1_D060_DENS_MED_V_REF,50,7.98300886154,9.93779801534,63.5834056057,0,0,15.9660177231,
MC_G1_D060_DENS_MED_V_REF_S050,MC_G1_D060_DENS_MED_V_REF,50,7.99203920364,10.6454287652,65.0690629915,0,0,15.9840784073,
MC_G1_D060_DENS_MED_V_REF_S050,MC_G1_D060_DENS_MED_V_REF,50,8.0010061264,11.2149274962,64.8934618009,0,0,16.0020122528,
MC_G1_D060_DENS_MED_V_REF_S050,MC_G1_D060_DENS_MED_V_REF,50,8.01003646851,12.0189077749,62.3612245887,0,0,16.020072937,
MC_G1_D060_DENS_MED_V_REF_S050,MC_G1_D060_DENS_MED_V_REF,50,8.0190038681,11.5889208891,68.2004174347,0,0,16.0380077362,
MC_G1_D060_DENS_MED_V_REF_S050,MC_G1_D060_DENS_MED_V_REF,50,8.02803421021,10.468768678,64.4291049584,0,0,16.0560684204,
MC_G1_D060_DENS_MED_V_REF_S050,MC_G1_D060_DENS_MED_V_REF,50,8.0370016098,11.0984521892,63.7155850783,0,0,16.0740032196,
MC_G1_D060_DENS_MED_V_REF_S050,MC_G1_D060_DENS_MED_V_REF,50,8.0460319519,13.1145391415,67.6895097686,0,0,16.0920639038,
MC_G1_D060_DENS_MED_V_REF_S050,MC_G1_D060_DENS_MED_V_REF,50,8.05506229401,11.5305468072,67.6278066779,0,0,16.110124588,
MC_G1_D060_DENS_MED_V_REF_S050,MC_G1_D060_DENS_MED_V_REF,50,8.0640296936,10.6701153961,65.0217279763,0,0,16.1280593872,
MC_G1_D060_DENS_MED_V_REF_S050,MC_G1_D060_DENS_MED_V_REF,50,8.07306003571,10.1690760863,61.8152917691,0,0,16.1461200714,
MC_G1_D060_DENS_MED_V_REF_S050,MC_G1_D060_DENS_MED_V_REF,50,8.0820274353,11.1719499626,69.0727362336,0,0,16.1640548706,
MC_G1_D060_DENS_MED_V_REF_S050,MC_G1_D060_DENS_MED_V_REF,50,8.0910577774,11.3144640959,67.0444532797,0,0,16.1821155548,
MC_G1_D060_DENS_MED_V_REF_S050,MC_G1_D060_DENS_MED_V_REF,50,8.10002422333,11.3786666059,67.0520749965,0,0,16.2000484467,
MC_G1_D060_DENS_MED_V_REF_S050,MC_G1_D060_DENS_MED_V_REF,50,8.1090555191,11.5015566376,64.6913433965,0,0,16.2181110382,
MC_G1_D060_DENS_MED_V_REF_S050,MC_G1_D060_DENS_MED_V_REF,50,8.11802196503,10.7551448225,67.7897912949,0,0,16.2360439301,
MC_G1_D060_DENS_MED_V_REF_S050,MC_G1_D060_DENS_MED_V_REF,50,8.12705230713,10.7426417649,65.1607341325,0,0,16.2541046143,
MC_G1_D060_DENS_MED_V_REF_S050,MC_G1_D060_DENS_MED_V_REF,50,8.13601970673,12.5199669446,67.9441007218,0,0,16.2720394135,
MC_G1_D060_DENS_MED_V_REF_S050,MC_G1_D060_DENS_MED_V_REF,50,8.14505004883,12.2890144021,66.4287481665,0,0,16.2901000977,
MC_G1_D060_DENS_MED_V_REF_S050,MC_G1_D060_DENS_MED_V_REF,50,8.15401744843,11.7657631687,64.4235223096,0,0,16.3080348969,
MC_G1_D060_DENS_MED_V_REF_S050,MC_G1_D060_DENS_MED_V_REF,50,8.16304779053,11.9076961861,70.0497397881,0,0,16.3260955811,
MC_G1_D060_DENS_MED_V_REF_S050,MC_G1_D060_DENS_MED_V_REF,50,8.17201423645,11.8897696682,68.8156760369,0,0,16.3440284729,
MC_G1_D060_DENS_MED_V_REF_S050,MC_G1_D060_DENS_MED_V_REF,50,8.18104553223,11.4154521901,69.2273988824,0,0,16.3620910645,
MC_G1_D060_DENS_MED_V_REF_S050,MC_G1_D060_DENS_MED_V_REF,50,8.19001197815,13.0020401176,68.6593518256,0,0,16.3800239563,
MC_G1_D060_DENS_MED_V_REF_S050,MC_G1_D060_DENS_MED_V_REF,50,8.19904232025,11.7423786517,69.1555366777,0,0,16.3980846405,
MC_G1_D060_DENS_MED_V_REF_S050,MC_G1_D060_DENS_MED_V_REF,50,8.20800971985,10.8031460293,67.5065017908,0,0,16.4160194397,
MC_G1_D060_DENS_MED_V_REF_S050,MC_G1_D060_DENS_MED_V_REF,50,8.21704006195,11.3417428663,70.7843074708,0,0,16.4340801239,
MC_G1_D060_DENS_MED_V_REF_S050,MC_G1_D060_DENS_MED_V_REF,50,8.22600746155,10.0707569804,68.3658942554,0,0,16.4520149231,
MC_G1_D060_DENS_MED_V_REF_S050,MC_G1_D060_DENS_MED_V_REF,50,8.23503780365,11.6156841674,69.8001999007,0,0,16.4700756073,
MC_G1_D060_DENS_MED_V_REF_S050,MC_G1_D060_DENS_MED_V_REF,50,8.24400520325,11.8583531456,68.5043245956,0,0,16.4880104065,
MC_G1_D060_DENS_MED_V_REF_S050,MC_G1_D060_DENS_MED_V_REF,50,8.25303554535,12.2148068556,68.9412024127,0,0,16.5060710907,
MC_G1_D060_DENS_MED_V_REF_S050,MC_G1_D060_DENS_MED_V_REF,50,8.26200199127,11.5298016319,69.5994787185,0,0,16.5240039825,
MC_G1_D060_DENS_MED_V_REF_S050,MC_G1_D060_DENS_MED_V_REF,50,8.27103328705,12.154058229,67.3790400613,0,0,16.5420665741,
MC_G1_D060_DENS_MED_V_REF_S050,MC_G1_D060_DENS_MED_V_REF,50,8.28006362915,10.6720374822,70.4170535402,0,0,16.5601272583,
MC_G1_D060_DENS_MED_V_REF_S050,MC_G1_D060_DENS_MED_V_REF,50,8.28903007507,10.326763129,71.348799756,0,0,16.5780601501,
MC_G1_D060_DENS_MED_V_REF_S050,MC_G1_D060_DENS_MED_V_REF,50,8.29806137085,11.3326833304,67.6585341926,0,0,16.5961227417,
MC_G1_D060_DENS_MED_V_REF_S050,MC_G1_D060_DENS_MED_V_REF,50,8.30702781677,10.4398190915,68.5357249879,0,0,16.6140556335,
MC_G1_D060_DENS_MED_V_REF_S050,MC_G1_D060_DENS_MED_V_REF,50,8.31605815887,9.62214502889,70.7883277319,0,0,16.6321163177,
MC_G1_D060_DENS_MED_V_REF_S050,MC_G1_D060_DENS_MED_V_REF,50,8.32502555847,9.83728396662,69.1386281965,0,0,16.6500511169,
MC_G1_D060_DENS_MED_V_REF_S050,MC_G1_D060_DENS_MED_V_REF,50,8.33405590057,11.7439277184,66.6159235111,0,0,16.6681118011,
MC_G1_D060_DENS_MED_V_REF_S050,MC_G1_D060_DENS_MED_V_REF,50,8.34302330017,12.1151666394,71.4545342196,0,0,16.6860466003,
MC_G1_D060_DENS_MED_V_REF_S050,MC_G1_D060_DENS_MED_V_REF,50,8.35205364227,11.2962629943,69.3002146915,0,0,16.7041072845,
MC_G1_D060_DENS_MED_V_REF_S050,MC_G1_D060_DENS_MED_V_REF,50,8.36102104187,10.735209008,67.055683824,0,0,16.7220420837,
MC_G1_D060_DENS_MED_V_REF_S050,MC_G1_D060_DENS_MED_V_REF,50,8.37005138397,12.7671268345,70.2535050812,0,0,16.7401027679,
MC_G1_D060_DENS_MED_V_REF_S050,MC_G1_D060_DENS_MED_V_REF,50,8.3790178299,11.4787627347,69.2905345766,0,0,16.7580356598,
MC_G1_D060_DENS_MED_V_REF_S050,MC_G1_D060_DENS_MED_V_REF,50,8.38804912567,12.6523309783,68.8792528886,0,0,16.7760982513,
MC_G1_D060_DENS_MED_V_REF_S050,MC_G1_D060_DENS_MED_V_REF,50,8.39701557159,11.8806298295,71.8145952598,0,0,16.7940311432,
MC_G1_D060_DENS_MED_V_REF_S050,MC_G1_D060_DENS_MED_V_REF,50,8.4060459137,12.0935151084,72.4426727963,0,0,16.8120918274,
MC_G1_D060_DENS_MED_V_REF_S050,MC_G1_D060_DENS_MED_V_REF,50,8.41501331329,12.395577064,70.7732509368,0,0,16.8300266266,
MC_G1_D060_DENS_MED_V_REF_S050,MC_G1_D060_DENS_MED_V_REF,50,8.4240436554,11.1387002914,71.6684837999,0,0,16.8480873108,
MC_G1_D060_DENS_MED_V_REF_S050,MC_G1_D060_DENS_MED_V_REF,50,8.43301105499,12.4705634611,69.6942991952,0,0,16.86602211,
MC_G1_D060_DENS_MED_V_REF_S050,MC_G1_D060_DENS_MED_V_REF,50,8.44204139709,11.0039323549,69.0401530607,0,0,16.8840827942,
MC_G1_D060_DENS_MED_V_REF_S050,MC_G1_D060_DENS_MED_V_REF,50,8.45100784302,12.5010897453,72.3562211528,0,0,16.902015686,
MC_G1_D060_DENS_MED_V_REF_S050,MC_G1_D060_DENS_MED_V_REF,50,8.46003913879,11.5013053676,70.8790299539,0,0,16.9200782776,
MC_G1_D060_DENS_MED_V_REF_S050,MC_G1_D060_DENS_MED_V_REF,50,8.46900558472,11.6380368368,73.7673531233,0,0,16.9380111694,
MC_G1_D060_DENS_MED_V_REF_S050,MC_G1_D060_DENS_MED_V_REF,50,8.47803688049,12.8069794671,74.4454360681,0,0,16.956073761,
MC_G1_D060_DENS_MED_V_REF_S050,MC_G1_D060_DENS_MED_V_REF,50,8.48700332642,9.69734729375,71.3165122668,0,0,16.9740066528,
MC_G1_D060_DENS_MED_V_REF_S050,MC_G1_D060_DENS_MED_V_REF,50,8.49603366852,12.453489189,76.2626411194,0,0,16.992067337,
MC_G1_D060_DENS_MED_V_REF_S050,MC_G1_D060_DENS_MED_V_REF,50,8.50500106812,10.846710723,67.5554363847,0,0,17.0100021362,
MC_G1_D060_DENS_MED_V_REF_S050,MC_G1_D060_DENS_MED_V_REF,50,8.51403141022,11.6051342809,74.5414532326,0,0,17.0280628204,
MC_G1_D060_DENS_MED_V_REF_S050,MC_G1_D060_DENS_MED_V_REF,50,8.52306175232,12.6395965105,70.5022318462,0,0,17.0461235046,
MC_G1_D060_DENS_MED_V_REF_S050,MC_G1_D060_DENS_MED_V_REF,50,8.53202915192,11.8515990768,71.5550502246,0,0,17.0640583038,
MC_G1_D060_DENS_MED_V_REF_S050,MC_G1_D060_DENS_MED_V_REF,50,8.54105949402,11.7771134927,72.4955291726,0,0,17.082118988,
MC_G1_D060_DENS_MED_V_REF_S050,MC_G1_D060_DENS_MED_V_REF,50,8.55002689362,12.1241311935,73.0058729129,0,0,17.1000537872,
MC_G1_D060_DENS_MED_V_REF_S050,MC_G1_D060_DENS_MED_V_REF,50,8.55905723572,11.089960817,75.2781500261,0,0,17.1181144714,
MC_G1_D060_DENS_MED_V_REF_S050,MC_G1_D060_DENS_MED_V_REF,50,8.56802368164,11.2318506609,70.0842656406,0,0,17.1360473633,
MC_G1_D060_DENS_MED_V_REF_S050,MC_G1_D060_DENS_MED_V_REF,50,8.57705497742,11.9047154848,72.1419665589,0,0,17.1541099548,
MC_G1_D060_DENS_MED_V_REF_S050,MC_G1_D060_DENS_MED_V_REF,50,8.58602142334,11.7862809625,71.7084334844,0,0,17.1720428467,
MC_G1_D060_DENS_MED_V_REF_S050,MC_G1_D060_DENS_MED_V_REF,50,8.59505271912,11.6426391363,72.0421842977,0,0,17.1901054382,
MC_G1_D060_DENS_MED_V_REF_S050,MC_G1_D060_DENS_MED_V_REF,50,8.60401916504,11.7080254648,72.1448818214,0,0,17.2080383301,
MC_G1_D060_DENS_MED_V_REF_S050,MC_G1_D060_DENS_MED_V_REF,50,8.61304950714,11.4197850867,70.5418980052,0,0,17.2260990143,
MC_G1_D060_DENS_MED_V_REF_S050,MC_G1_D060_DENS_MED_V_REF,50,8.62201690674,12.0778862864,74.105473438,0,0,17.2440338135,
MC_G1_D060_DENS_MED_V_REF_S050,MC_G1_D060_DENS_MED_V_REF,50,8.63104724884,11.5936388937,74.6952050655,0,0,17.2620944977,
MC_G1_D060_DENS_MED_V_REF_S050,MC_G1_D060_DENS_MED_V_REF,50,8.64001464844,10.8943656781,71.9525498571,0,0,17.2800292969,
MC_G1_D060_DENS_MED_V_REF_S050,MC_G1_D060_DENS_MED_V_REF,50,8.64904499054,11.9368823636,72.1738206237,0,0,17.2980899811,
MC_G1_D060_DENS_MED_V_REF_S050,MC_G1_D060_DENS_MED_V_REF,50,8.65801143646,11.5990977563,75.0724586728,0,0,17.3160228729,
MC_G1_D060_DENS_MED_V_REF_S050,MC_G1_D060_DENS_MED_V_REF,50,8.66704273224,11.6128899758,72.9571867491,0,0,17.3340854645,
MC_G1_D060_DENS_MED_V_REF_S050,MC_G1_D060_DENS_MED_V_REF,50,8.67600917816,12.6232941812,74.5308744676,0,0,17.3520183563,
MC_G1_D060_DENS_MED_V_REF_S050,MC_G1_D060_DENS_MED_V_REF,50,8.68503952026,9.96228259415,75.8730004838,0,0,17.3700790405,
MC_G1_D060_DENS_MED_V_REF_S050,MC_G1_D060_DENS_MED_V_REF,50,8.69400691986,10.5371737005,73.9628694075,0,0,17.3880138397,
MC_G1_D060_DENS_MED_V_REF_S050,MC_G1_D060_DENS_MED_V_REF,50,8.70303726196,11.487353406,71.9964906638,0,0,17.4060745239,
MC_G1_D060_DENS_MED_V_REF_S050,MC_G1_D060_DENS_MED_V_REF,50,8.71200466156,12.6192160085,70.5239496081,0,0,17.4240093231,
MC_G1_D060_DENS_MED_V_REF_S050,MC_G1_D060_DENS_MED_V_REF,50,8.72103500366,9.73493072503,72.8931974298,0,0,17.4420700073,
MC_G1_D060_DENS_MED_V_REF_S050,MC_G1_D060_DENS_MED_V_REF,50,8.73000240326,12.3228935435,73.7594604641,0,0,17.4600048065,
MC_G1_D060_DENS_MED_V_REF_S050,MC_G1_D060_DENS_MED_V_REF,50,8.73903274536,9.87489071161,74.0886763349,0,0,17.4780654907,
MC_G1_D060_DENS_MED_V_REF_S050,MC_G1_D060_DENS_MED_V_REF,50,8.74806308746,12.730052851,76.7211543196,0,0,17.4961261749,
MC_G1_D060_DENS_MED_V_REF_S050,MC_G1_D060_DENS_MED_V_REF,50,8.75703048706,11.9112683649,75.10485419,0,0,17.5140609741,
MC_G1_D060_DENS_MED_V_REF_S050,MC_G1_D060_DENS_MED_V_REF,50,8.76606082916,11.4587034439,72.2647965111,0,0,17.5321216583,
MC_G1_D060_DENS_MED_V_REF_S050,MC_G1_D060_DENS_MED_V_REF,50,8.77502727509,12.7294501484,73.9426665113,0,0,17.5500545502,
MC_G1_D060_DENS_MED_V_REF_S050,MC_G1_D060_DENS_MED_V_REF,50,8.78402137756,12.9738434777,72.6851268264,0,0,17.5680427551,
MC_G1_D060_DENS_MED_V_REF_S050,MC_G1_D060_DENS_MED_V_REF,50,8.79305171967,11.4826284936,72.5257981116,0,0,17.5861034393,
MC_G1_D060_DENS_MED_V_REF_S050,MC_G1_D060_DENS_MED_V_REF,50,8.80201911926,11.5273208802,72.5473944653,0,0,17.6040382385,
MC_G1_D060_DENS_MED_V_REF_S050,MC_G1_D060_DENS_MED_V_REF,50,8.81103134155,12.6748192125,72.7432116216,0,0,17.6220626831,
MC_G1_D060_DENS_MED_V_REF_S050,MC_G1_D060_DENS_MED_V_REF,50,8.82006072998,10.4123408593,67.2357269589,0,0,17.64012146,
MC_G1_D060_DENS_MED_V_REF_S050,MC_G1_D060_DENS_MED_V_REF,50,8.82905483246,12.0337214804,75.5036222743,0,0,17.6581096649,
MC_G1_D060_DENS_MED_V_REF_S050,MC_G1_D060_DENS_MED_V_REF,50,8.83802223206,11.5801808374,80.0914953841,0,0,17.6760444641,
MC_G1_D060_DENS_MED_V_REF_S050,MC_G1_D060_DENS_MED_V_REF,50,8.84704208374,11.9442348177,77.7182488498,0,0,17.6940841675,
MC_G1_D060_DENS_MED_V_REF_S050,MC_G1_D060_DENS_MED_V_REF,50,8.85600852966,11.3840546638,72.5917866131,0,0,17.7120170593,
MC_G1_D060_DENS_MED_V_REF_S050,MC_G1_D060_DENS_MED_V_REF,50,8.86503982544,12.6617825299,75.5565796315,0,0,17.7300796509,
MC_G1_D060_DENS_MED_V_REF_S050,MC_G1_D060_DENS_MED_V_REF,50,8.87400627136,11.7546269854,80.1360350008,0,0,17.7480125427,
MC_G1_D060_DENS_MED_V_REF_S050,MC_G1_D060_DENS_MED_V_REF,50,8.88303661346,11.842163931,74.8639609702,0,0,17.7660732269,
MC_G1_D060_DENS_MED_V_REF_S050,MC_G1_D060_DENS_MED_V_REF,50,8.89200401306,11.3832559533,76.8271948886,0,0,17.7840080261,
MC_G1_D060_DENS_MED_V_REF_S050,MC_G1_D060_DENS_MED_V_REF,50,8.90103435516,11.3220134214,72.924086233,0,0,17.8020687103,
MC_G1_D060_DENS_MED_V_REF_S050,MC_G1_D060_DENS_MED_V_REF,50,8.91000175476,11.7109586752,75.6742341575,0,0,17.8200035095,
MC_G1_D060_DENS_MED_V_REF_S050,MC_G1_D060_DENS_MED_V_REF,50,8.91903209686,12.0831612297,79.0819894826,0,0,17.8380641937,
MC_G1_D060_DENS_MED_V_REF_S050,MC_G1_D060_DENS_MED_V_REF,50,8.92806243896,10.5320559089,74.0156301892,0,0,17.8561248779,
MC_G1_D060_DENS_MED_V_REF_S050,MC_G1_D060_DENS_MED_V_REF,50,8.93702983856,11.3412316916,70.7363940812,0,0,17.8740596771,
MC_G1_D060_DENS_MED_V_REF_S050,MC_G1_D060_DENS_MED_V_REF,50,8.94606018066,13.3763616295,75.1425149019,0,0,17.8921203613,
MC_G1_D060_DENS_MED_V_REF_S050,MC_G1_D060_DENS_MED_V_REF,50,8.95503425598,13.0110184873,80.1431505729,0,0,17.910068512,
MC_G1_D060_DENS_MED_V_REF_S050,MC_G1_D060_DENS_MED_V_REF,50,8.96400928497,12.9008663772,76.694422526,0,0,17.9280185699,
MC_G1_D060_DENS_MED_V_REF_S050,MC_G1_D060_DENS_MED_V_REF,50,8.97302436829,12.8104627084,85.3802024512,0,0,17.9460487366,
MC_G1_D060_DENS_MED_V_REF_S050,MC_G1_D060_DENS_MED_V_REF,50,8.98202991486,11.0332955439,74.3610078573,0,0,17.9640598297,
MC_G1_D060_DENS_MED_V_REF_S050,MC_G1_D060_DENS_MED_V_REF,50,8.99106121063,11.6556360992,76.0000773714,0,0,17.9821224213,
MC_G1_D060_DENS_MED_V_REF_S050,MC_G1_D060_DENS_MED_V_REF,50,9,10.6774756215,73.8653026057,0,0,18,
