run_id,scenario_id,S,z_m,qb_MPa,qs_kPa,ALLKE,ALLIE,time_s,walltime_h
MC_G2_D075_DENS_LOW_V_LOW_S007,MC_G2_D075_DENS_LOW_V_LOW,7,0,0,0,0,0,0,
MC_G2_D075_DENS_LOW_V_LOW_S007,MC_G2_D075_DENS_LOW_V_LOW,7,0.00900162011385,0,0,0,0,0.0360064804554,
MC_G2_D075_DENS_LOW_V_LOW_S007,MC_G2_D075_DENS_LOW_V_LOW,7,0.0180071853101,0.0609095862588,2.14530803515e-05,0,0,0.0720287412405,
MC_G2_D075_DENS_LOW_V_LOW_S007,MC_G2_D075_DENS_LOW_V_LOW,7,0.0270022787154,0.243046971134,25.2558499467,0,0,0.108009114861,
MC_G2_D075_DENS_LOW_V_LOW_S007,MC_G2_D075_DENS_LOW_V_LOW,7,0.0360120944679,0.29176851986,12.2277770187,0,0,0.144048377872,
MC_G2_D075_DENS_LOW_V_LOW_S007,MC_G2_D075_DENS_LOW_V_LOW,7,0.0450071878731,0.26387286862,9.96650979319,0,0,0.180028751493,
MC_G2_D075_DENS_LOW_V_LOW_S007,MC_G2_D075_DENS_LOW_V_LOW,7,0.0540022775531,0.177789748812,7.09303311913e-05,0,0,0.216009110212,
MC_G2_D075_DENS_LOW_V_LOW_S007,MC_G2_D075_DENS_LOW_V_LOW,7,0.0630120933056,0.119633874641,5.07715367546e-06,0,0,0.252048373222,
MC_G2_D075_DENS_LOW_V_LOW_S007,MC_G2_D075_DENS_LOW_V_LOW,7,0.0720071867108,0.124486995163,3.92753926981e-05,0,0,0.288028746843,
MC_G2_D075_DENS_LOW_V_LOW_S007,MC_G2_D075_DENS_LOW_V_LOW,7,0.0810022801161,0.182412219006,3.39963288027e-05,0,0,0.324009120464,
MC_G2_D075_DENS_LOW_V_LOW_S007,MC_G2_D075_DENS_LOW_V_LOW,7,0.0900120958686,0.210726394556,0.25525488854,0,0,0.360048383474,
MC_G2_D075_DENS_LOW_V_LOW_S007,MC_G2_D075_DENS_LOW_V_LOW,7,0.0990071818233,0.241099257256,2.21703177064,0,0,0.396028727293,
MC_G2_D075_DENS_LOW_V_LOW_S007,MC_G2_D075_DENS_LOW_V_LOW,7,0.108002267778,0.250410650359,5.53545143517e-05,0,0,0.432009071112,
MC_G2_D075_DENS_LOW_V_LOW_S007,MC_G2_D075_DENS_LOW_V_LOW,7,0.11701207608,0.185069878599,3.74111722273e-05,0,0,0.468048304319,
MC_G2_D075_DENS_LOW_V_LOW_S007,MC_G2_D075_DENS_LOW_V_LOW,7,0.126007169485,0.145028387645,1.91193727754e-05,0,0,0.50402867794,
MC_G2_D075_DENS_LOW_V_LOW_S007,MC_G2_D075_DENS_LOW_V_LOW,7,0.13500225544,0.140106992485,1.704660114e-05,0,0,0.540009021759,
MC_G2_D075_DENS_LOW_V_LOW_S007,MC_G2_D075_DENS_LOW_V_LOW,7,0.144012063742,0.182130831132,2.41217137026e-05,0,0,0.576048254967,
MC_G2_D075_DENS_LOW_V_LOW_S007,MC_G2_D075_DENS_LOW_V_LOW,7,0.153007164598,0.223868334218,0.0513364200853,0,0,0.61202865839,
MC_G2_D075_DENS_LOW_V_LOW_S007,MC_G2_D075_DENS_LOW_V_LOW,7,0.162002250552,0.221431878581,0.0573797114796,0,0,0.648009002209,
MC_G2_D075_DENS_LOW_V_LOW_S007,MC_G2_D075_DENS_LOW_V_LOW,7,0.171012058854,0.282095556983,1.11370629675,0,0,0.684048235416,
MC_G2_D075_DENS_LOW_V_LOW_S007,MC_G2_D075_DENS_LOW_V_LOW,7,0.18000715971,0.27692398842,3.64760163226e-05,0,0,0.72002863884,
MC_G2_D075_DENS_LOW_V_LOW_S007,MC_G2_D075_DENS_LOW_V_LOW,7,0.189002245665,0.217655229872,2.65289211699e-05,0,0,0.756008982658,
MC_G2_D075_DENS_LOW_V_LOW_S007,MC_G2_D075_DENS_LOW_V_LOW,7,0.198012053967,0.192961691121,2.54154552075e-05,0,0,0.792048215866,
MC_G2_D075_DENS_LOW_V_LOW_S007,MC_G2_D075_DENS_LOW_V_LOW,7,0.207007154822,0.225977931607,3.25780827021e-05,0,0,0.828028619289,
MC_G2_D075_DENS_LOW_V_LOW_S007,MC_G2_D075_DENS_LOW_V_LOW,7,0.216002240777,0.251857395732,0.291647925865,0,0,0.864008963108,
MC_G2_D075_DENS_LOW_V_LOW_S007,MC_G2_D075_DENS_LOW_V_LOW,7,0.225012049079,0.267282922154,0.13892688572,0,0,0.900048196316,
MC_G2_D075_DENS_LOW_V_LOW_S007,MC_G2_D075_DENS_LOW_V_LOW,7,0.234007149935,0.274764240645,1.28813021023,0,0,0.936028599739,
MC_G2_D075_DENS_LOW_V_LOW_S007,MC_G2_D075_DENS_LOW_V_LOW,7,0.243002235889,0.249688944171,0.679714527805,0,0,0.972008943558,
MC_G2_D075_DENS_LOW_V_LOW_S007,MC_G2_D075_DENS_LOW_V_LOW,7,0.252012044191,0.261770645272,0.579482534958,0,0,1.00804817677,
MC_G2_D075_DENS_LOW_V_LOW_S007,MC_G2_D075_DENS_LOW_V_LOW,7,0.261007159948,0.255058886523,1.00257099282,0,0,1.04402863979,
MC_G2_D075_DENS_LOW_V_LOW_S007,MC_G2_D075_DENS_LOW_V_LOW,7,0.270002245903,0.260414184409,0.26944586384,0,0,1.08000898361,
MC_G2_D075_DENS_LOW_V_LOW_S007,MC_G2_D075_DENS_LOW_V_LOW,7,0.279012054205,0.318011677898,0.978368228948,0,0,1.11604821682,
MC_G2_D075_DENS_LOW_V_LOW_S007,MC_G2_D075_DENS_LOW_V_LOW,7,0.28800714016,0.302410659665,0.993152341526,0,0,1.15202856064,
MC_G2_D075_DENS_LOW_V_LOW_S007,MC_G2_D075_DENS_LOW_V_LOW,7,0.297002226114,0.282963224279,0.915106383214,0,0,1.18800890446,
MC_G2_D075_DENS_LOW_V_LOW_S007,MC_G2_D075_DENS_LOW_V_LOW,7,0.306012064219,0.30299657643,0.572958896664,0,0,1.22404825687,
MC_G2_D075_DENS_LOW_V_LOW_S007,MC_G2_D075_DENS_LOW_V_LOW,7,0.315007150173,0.284419053365,0.285975777817,0,0,1.26002860069,
MC_G2_D075_DENS_LOW_V_LOW_S007,MC_G2_D075_DENS_LOW_V_LOW,7,0.324002236128,0.322768365998,0.654530293446,0,0,1.29600894451,
MC_G2_D075_DENS_LOW_V_LOW_S007,MC_G2_D075_DENS_LOW_V_LOW,7,0.33301204443,0.338889815369,1.05162406486,0,0,1.33204817772,
MC_G2_D075_DENS_LOW_V_LOW_S007,MC_G2_D075_DENS_LOW_V_LOW,7,0.342007130384,0.347867494266,1.49112924259,0,0,1.36802852154,
MC_G2_D075_DENS_LOW_V_LOW_S007,MC_G2_D075_DENS_LOW_V_LOW,7,0.351002246141,0.330519536392,1.38519097651,0,0,1.40400898457,
MC_G2_D075_DENS_LOW_V_LOW_S007,MC_G2_D075_DENS_LOW_V_LOW,7,0.360012054443,0.343497330248,0.914699364429,0,0,1.44004821777,
MC_G2_D075_DENS_LOW_V_LOW_S007,MC_G2_D075_DENS_LOW_V_LOW,7,0.369007140398,0.31216629124,0.775219010898,0,0,1.47602856159,
MC_G2_D075_DENS_LOW_V_LOW_S007,MC_G2_D075_DENS_LOW_V_LOW,7,0.378002226353,0.350896446316,0.651353747446,0,0,1.51200890541,
MC_G2_D075_DENS_LOW_V_LOW_S007,MC_G2_D075_DENS_LOW_V_LOW,7,0.387012034655,0.332396169351,0.78894984123,0,0,1.54804813862,
MC_G2_D075_DENS_LOW_V_LOW_S007,MC_G2_D075_DENS_LOW_V_LOW,7,0.396007120609,0.397294671353,0.585511718364,0,0,1.58402848244,
MC_G2_D075_DENS_LOW_V_LOW_S007,MC_G2_D075_DENS_LOW_V_LOW,7,0.405002236366,0.380464519665,0.892093795472,0,0,1.62000894547,
MC_G2_D075_DENS_LOW_V_LOW_S007,MC_G2_D075_DENS_LOW_V_LOW,7,0.414012044668,0.368303845522,0.816186548743,0,0,1.65604817867,
MC_G2_D075_DENS_LOW_V_LOW_S007,MC_G2_D075_DENS_LOW_V_LOW,7,0.423007130623,0.425465683441,1.15818571869,0,0,1.69202852249,
MC_G2_D075_DENS_LOW_V_LOW_S007,MC_G2_D075_DENS_LOW_V_LOW,7,0.432002216578,0.423223491471,1.3252899862,0,0,1.72800886631,
MC_G2_D075_DENS_LOW_V_LOW_S007,MC_G2_D075_DENS_LOW_V_LOW,7,0.441012024879,0.390732258518,0.87207504611,0,0,1.76404809952,
MC_G2_D075_DENS_LOW_V_LOW_S007,MC_G2_D075_DENS_LOW_V_LOW,7,0.450007140636,0.365500984675,0.871820687409,0,0,1.80002856255,
MC_G2_D075_DENS_LOW_V_LOW_S007,MC_G2_D075_DENS_LOW_V_LOW,7,0.459002226591,0.386370314743,0.697322997711,0,0,1.83600890636,
MC_G2_D075_DENS_LOW_V_LOW_S007,MC_G2_D075_DENS_LOW_V_LOW,7,0.468012034893,0.405053958373,1.15023708728,0,0,1.87204813957,
MC_G2_D075_DENS_LOW_V_LOW_S007,MC_G2_D075_DENS_LOW_V_LOW,7,0.477007120848,0.438764239441,1.51193014471,0,0,1.90802848339,
MC_G2_D075_DENS_LOW_V_LOW_S007,MC_G2_D075_DENS_LOW_V_LOW,7,0.486002206802,0.449970571085,1.87796098985,0,0,1.94400882721,
MC_G2_D075_DENS_LOW_V_LOW_S007,MC_G2_D075_DENS_LOW_V_LOW,7,0.495012015104,0.407467393877,0.933324509783,0,0,1.98004806042,
MC_G2_D075_DENS_LOW_V_LOW_S007,MC_G2_D075_DENS_LOW_V_LOW,7,0.504007101059,0.459438010636,1.34429459566,0,0,2.01602840424,
MC_G2_D075_DENS_LOW_V_LOW_S007,MC_G2_D075_DENS_LOW_V_LOW,7,0.513002216816,0.425907469655,0.956775036916,0,0,2.05200886726,
MC_G2_D075_DENS_LOW_V_LOW_S007,MC_G2_D075_DENS_LOW_V_LOW,7,0.522011995316,0.420748749538,1.09129318538,0,0,2.08804798126,
MC_G2_D075_DENS_LOW_V_LOW_S007,MC_G2_D075_DENS_LOW_V_LOW,7,0.531007111073,0.478929172184,0.802102720946,0,0,2.12402844429,
MC_G2_D075_DENS_LOW_V_LOW_S007,MC_G2_D075_DENS_LOW_V_LOW,7,0.54000222683,0.467982089022,0.968380039774,0,0,2.16000890732,
MC_G2_D075_DENS_LOW_V_LOW_S007,MC_G2_D075_DENS_LOW_V_LOW,7,0.549012005329,0.443622644404,1.34126804066,0,0,2.19604802132,
MC_G2_D075_DENS_LOW_V_LOW_S007,MC_G2_D075_DENS_LOW_V_LOW,7,0.558007121086,0.490311755494,1.27487340161,0,0,2.23202848434,
MC_G2_D075_DENS_LOW_V_LOW_S007,MC_G2_D075_DENS_LOW_V_LOW,7,0.567002177238,0.507670109557,0.97128548734,0,0,2.26800870895,
MC_G2_D075_DENS_LOW_V_LOW_S007,MC_G2_D075_DENS_LOW_V_LOW,7,0.576012015343,0.511394052007,1.5135232401,0,0,2.30404806137,
MC_G2_D075_DENS_LOW_V_LOW_S007,MC_G2_D075_DENS_LOW_V_LOW,7,0.585007071495,0.46476583288,1.31812850154,0,0,2.34002828598,
MC_G2_D075_DENS_LOW_V_LOW_S007,MC_G2_D075_DENS_LOW_V_LOW,7,0.594002187252,0.561894868722,2.0987057504,0,0,2.37600874901,
MC_G2_D075_DENS_LOW_V_LOW_S007,MC_G2_D075_DENS_LOW_V_LOW,7,0.603012025356,0.519876340421,1.99248565312,0,0,2.41204810143,
MC_G2_D075_DENS_LOW_V_LOW_S007,MC_G2_D075_DENS_LOW_V_LOW,7,0.612007081509,0.498430039145,1.62304183328,0,0,2.44802832603,
MC_G2_D075_DENS_LOW_V_LOW_S007,MC_G2_D075_DENS_LOW_V_LOW,7,0.621002197266,0.532669178826,1.48499022089,0,0,2.48400878906,
MC_G2_D075_DENS_LOW_V_LOW_S007,MC_G2_D075_DENS_LOW_V_LOW,7,0.630011975765,0.530889185521,1.34556818667,0,0,2.52004790306,
MC_G2_D075_DENS_LOW_V_LOW_S007,MC_G2_D075_DENS_LOW_V_LOW,7,0.639007091522,0.590185488789,1.57422929587,0,0,2.55602836609,
MC_G2_D075_DENS_LOW_V_LOW_S007,MC_G2_D075_DENS_LOW_V_LOW,7,0.648002147675,0.564378659829,1.56327458709,0,0,2.5920085907,
MC_G2_D075_DENS_LOW_V_LOW_S007,MC_G2_D075_DENS_LOW_V_LOW,7,0.657011985779,0.607781435485,1.44400756125,0,0,2.62804794312,
MC_G2_D075_DENS_LOW_V_LOW_S007,MC_G2_D075_DENS_LOW_V_LOW,7,0.666007101536,0.580737321906,1.07650496026,0,0,2.66402840614,
MC_G2_D075_DENS_LOW_V_LOW_S007,MC_G2_D075_DENS_LOW_V_LOW,7,0.675002157688,0.571427137663,1.48726258527,0,0,2.70000863075,
MC_G2_D075_DENS_LOW_V_LOW_S007,MC_G2_D075_DENS_LOW_V_LOW,7,0.684011995792,0.558174414694,1.23693843603,0,0,2.73604798317,
MC_G2_D075_DENS_LOW_V_LOW_S007,MC_G2_D075_DENS_LOW_V_LOW,7,0.693007051945,0.561833424138,1.38239723891,0,0,2.77202820778,
MC_G2_D075_DENS_LOW_V_LOW_S007,MC_G2_D075_DENS_LOW_V_LOW,7,0.702002167702,0.567137380048,2.25907884893,0,0,2.80800867081,
MC_G2_D075_DENS_LOW_V_LOW_S007,MC_G2_D075_DENS_LOW_V_LOW,7,0.711011946201,0.59228317028,1.66538397803,0,0,2.84404778481,
MC_G2_D075_DENS_LOW_V_LOW_S007,MC_G2_D075_DENS_LOW_V_LOW,7,0.720007061958,0.552132882002,1.64617482625,0,0,2.88002824783,
MC_G2_D075_DENS_LOW_V_LOW_S007,MC_G2_D075_DENS_LOW_V_LOW,7,0.729002177715,0.609960628623,2.56888605444,0,0,2.91600871086,
MC_G2_D075_DENS_LOW_V_LOW_S007,MC_G2_D075_DENS_LOW_V_LOW,7,0.738011956215,0.600123278169,1.70071573854,0,0,2.95204782486,
MC_G2_D075_DENS_LOW_V_LOW_S007,MC_G2_D075_DENS_LOW_V_LOW,7,0.747007071972,0.637848249585,1.50626606112,0,0,2.98802828789,
MC_G2_D075_DENS_LOW_V_LOW_S007,MC_G2_D075_DENS_LOW_V_LOW,7,0.756002128124,0.640083257477,1.0808986866,0,0,3.0240085125,
MC_G2_D075_DENS_LOW_V_LOW_S007,MC_G2_D075_DENS_LOW_V_LOW,7,0.765011966228,0.626422320039,1.48994798812,0,0,3.06004786491,
MC_G2_D075_DENS_LOW_V_LOW_S007,MC_G2_D075_DENS_LOW_V_LOW,7,0.774007022381,0.632719371019,1.26681596339,0,0,3.09602808952,
MC_G2_D075_DENS_LOW_V_LOW_S007,MC_G2_D075_DENS_LOW_V_LOW,7,0.783002138138,0.733772260077,1.68184909256,0,0,3.13200855255,
MC_G2_D075_DENS_LOW_V_LOW_S007,MC_G2_D075_DENS_LOW_V_LOW,7,0.792011916637,0.688192674463,1.59654636704,0,0,3.16804766655,
MC_G2_D075_DENS_LOW_V_LOW_S007,MC_G2_D075_DENS_LOW_V_LOW,7,0.801007032394,0.657190341529,1.46281881786,0,0,3.20402812958,
MC_G2_D075_DENS_LOW_V_LOW_S007,MC_G2_D075_DENS_LOW_V_LOW,7,0.810002088547,0.753171893718,2.31759420038,0,0,3.24000835419,
MC_G2_D075_DENS_LOW_V_LOW_S007,MC_G2_D075_DENS_LOW_V_LOW,7,0.819011926651,0.714740948553,1.8482518647,0,0,3.2760477066,
MC_G2_D075_DENS_LOW_V_LOW_S007,MC_G2_D075_DENS_LOW_V_LOW,7,0.828007042408,0.675461522414,2.05462685687,0,0,3.31202816963,
MC_G2_D075_DENS_LOW_V_LOW_S007,MC_G2_D075_DENS_LOW_V_LOW,7,0.83700209856,0.669661830631,1.58259949221,0,0,3.34800839424,
MC_G2_D075_DENS_LOW_V_LOW_S007,MC_G2_D075_DENS_LOW_V_LOW,7,0.846011936665,0.728415770601,2.32453851009,0,0,3.38404774666,
MC_G2_D075_DENS_LOW_V_LOW_S007,MC_G2_D075_DENS_LOW_V_LOW,7,0.855006992817,0.716655988695,1.84507164898,0,0,3.42002797127,
MC_G2_D075_DENS_LOW_V_LOW_S007,MC_G2_D075_DENS_LOW_V_LOW,7,0.864002108574,0.703003893199,1.71145396119,0,0,3.4560084343,
MC_G2_D075_DENS_LOW_V_LOW_S007,MC_G2_D075_DENS_LOW_V_LOW,7,0.873011887074,0.776437458951,1.94735612781,0,0,3.49204754829,
MC_G2_D075_DENS_LOW_V_LOW_S007,MC_G2_D075_DENS_LOW_V_LOW,7,0.882007002831,0.688617709344,1.17367921402,0,0,3.52802801132,
MC_G2_D075_DENS_LOW_V_LOW_S007,MC_G2_D075_DENS_LOW_V_LOW,7,0.891002058983,0.739091723924,1.44626191602,0,0,3.56400823593,
MC_G2_D075_DENS_LOW_V_LOW_S007,MC_G2_D075_DENS_LOW_V_LOW,7,0.900011897087,0.74330594511,1.60362795486,0,0,3.60004758835,
MC_G2_D075_DENS_LOW_V_LOW_S007,MC_G2_D075_DENS_LOW_V_LOW,7,0.909006953239,0.73501655608,1.3939661875,0,0,3.63602781296,
MC_G2_D075_DENS_LOW_V_LOW_S007,MC_G2_D075_DENS_LOW_V_LOW,7,0.918002068996,0.695248612684,1.58975471913,0,0,3.67200827599,
MC_G2_D075_DENS_LOW_V_LOW_S007,MC_G2_D075_DENS_LOW_V_LOW,7,0.927011847496,0.835366925272,1.76119895285,0,0,3.70804738998,
MC_G2_D075_DENS_LOW_V_LOW_S007,MC_G2_D075_DENS_LOW_V_LOW,7,0.936006963253,0.827949503623,1.81509683646,0,0,3.74402785301,
MC_G2_D075_DENS_LOW_V_LOW_S007,MC_G2_D075_DENS_LOW_V_LOW,7,0.94500207901,0.743543157816,1.66858485433,0,0,3.78000831604,
MC_G2_D075_DENS_LOW_V_LOW_S007,MC_G2_D075_DENS_LOW_V_LOW,7,0.95401185751,0.76476160641,1.6895556666,0,0,3.81604743004,
MC_G2_D075_DENS_LOW_V_LOW_S007,MC_G2_D075_DENS_LOW_V_LOW,7,0.963006973267,0.848747890928,2.19006773609,0,0,3.85202789307,
MC_G2_D075_DENS_LOW_V_LOW_S007,MC_G2_D075_DENS_LOW_V_LOW,7,0.972002029419,0.847002781845,2.46585887372,0,0,3.88800811768,
MC_G2_D075_DENS_LOW_V_LOW_S007,MC_G2_D075_DENS_LOW_V_LOW,7,0.981011867523,0.862634574179,2.97096014148,0,0,3.92404747009,
MC_G2_D075_DENS_LOW_V_LOW_S007,MC_G2_D075_DENS_LOW_V_LOW,7,0.990006923676,0.856023219817,1.49277148134,0,0,3.9600276947,
MC_G2_D075_DENS_LOW_V_LOW_S007,MC_G2_D075_DENS_LOW_V_LOW,7,0.999002039433,0.865995478953,1.44801365811,0,0,3.99600815773,
MC_G2_D075_DENS_LOW_V_LOW_S007,MC_G2_D075_DENS_LOW_V_LOW,7,1.00801181793,0.790977133382,1.53141064158,0,0,4.03204727173,
MC_G2_D075_DENS_LOW_V_LOW_S007,MC_G2_D075_DENS_LOW_V_LOW,7,1.01700687408,0.866611306348,1.70676416046,0,0,4.06802749634,
MC_G2_D075_DENS_LOW_V_LOW_S007,MC_G2_D075_DENS_LOW_V_LOW,7,1.02600204945,0.852047247502,1.61893247545,0,0,4.10400819778,
MC_G2_D075_DENS_LOW_V_LOW_S007,MC_G2_D075_DENS_LOW_V_LOW,7,1.03501176834,0.912339823411,1.52046479792,0,0,4.14004707336,
MC_G2_D075_DENS_LOW_V_LOW_S007,MC_G2_D075_DENS_LOW_V_LOW,7,1.0440069437,0.860767750248,1.2069360237,0,0,4.17602777481,
MC_G2_D075_DENS_LOW_V_LOW_S007,MC_G2_D075_DENS_LOW_V_LOW,7,1.05300199986,0.987569753875,2.39501575816,0,0,4.21200799942,
MC_G2_D075_DENS_LOW_V_LOW_S007,MC_G2_D075_DENS_LOW_V_LOW,7,1.06201183796,0.830737754544,1.89398629543,0,0,4.24804735184,
MC_G2_D075_DENS_LOW_V_LOW_S007,MC_G2_D075_DENS_LOW_V_LOW,7,1.07100689411,0.814619724518,1.79714415913,0,0,4.28402757645,
MC_G2_D075_DENS_LOW_V_LOW_S007,MC_G2_D075_DENS_LOW_V_LOW,7,1.08000195026,0.881892874914,2.25345935012,0,0,4.32000780106,
MC_G2_D075_DENS_LOW_V_LOW_S007,MC_G2_D075_DENS_LOW_V_LOW,7,1.08901178837,0.899963385178,2.63489273949,0,0,4.35604715347,
MC_G2_D075_DENS_LOW_V_LOW_S007,MC_G2_D075_DENS_LOW_V_LOW,7,1.09800684452,0.927507897371,2.20928899487,0,0,4.39202737808,
MC_G2_D075_DENS_LOW_V_LOW_S007,MC_G2_D075_DENS_LOW_V_LOW,7,1.10700201988,0.922831615675,1.88806915899,0,0,4.42800807953,
MC_G2_D075_DENS_LOW_V_LOW_S007,MC_G2_D075_DENS_LOW_V_LOW,7,1.11601173878,0.97242164336,2.23600288227,0,0,4.46404695511,
MC_G2_D075_DENS_LOW_V_LOW_S007,MC_G2_D075_DENS_LOW_V_LOW,7,1.12500691414,0.921196201926,1.85127637448,0,0,4.50002765656,
MC_G2_D075_DENS_LOW_V_LOW_S007,MC_G2_D075_DENS_LOW_V_LOW,7,1.13400197029,0.928594281829,2.0237341086,0,0,4.53600788116,
MC_G2_D075_DENS_LOW_V_LOW_S007,MC_G2_D075_DENS_LOW_V_LOW,7,1.1430118084,0.954510149884,1.76806945426,0,0,4.57204723358,
MC_G2_D075_DENS_LOW_V_LOW_S007,MC_G2_D075_DENS_LOW_V_LOW,7,1.15200686455,0.952472151496,1.65891130907,0,0,4.60802745819,
MC_G2_D075_DENS_LOW_V_LOW_S007,MC_G2_D075_DENS_LOW_V_LOW,7,1.1610019207,1.02027374604,1.68944317804,0,0,4.6440076828,
MC_G2_D075_DENS_LOW_V_LOW_S007,MC_G2_D075_DENS_LOW_V_LOW,7,1.1700117588,1.03680990318,1.69575802191,0,0,4.68004703522,
MC_G2_D075_DENS_LOW_V_LOW_S007,MC_G2_D075_DENS_LOW_V_LOW,7,1.17900681496,1.00741383322,2.3464624052,0,0,4.71602725983,
MC_G2_D075_DENS_LOW_V_LOW_S007,MC_G2_D075_DENS_LOW_V_LOW,7,1.18800187111,1.04696349119,1.96066220798,0,0,4.75200748444,
MC_G2_D075_DENS_LOW_V_LOW_S007,MC_G2_D075_DENS_LOW_V_LOW,7,1.19701170921,1.00189079749,2.54710700678,0,0,4.78804683685,
MC_G2_D075_DENS_LOW_V_LOW_S007,MC_G2_D075_DENS_LOW_V_LOW,7,1.20600676537,0.957890672716,2.16742832899,0,0,4.82402706146,
MC_G2_D075_DENS_LOW_V_LOW_S007,MC_G2_D075_DENS_LOW_V_LOW,7,1.21500194073,1.06830172046,3.37976466819,0,0,4.86000776291,
MC_G2_D075_DENS_LOW_V_LOW_S007,MC_G2_D075_DENS_LOW_V_LOW,7,1.22401165962,1.04564017034,2.62849861249,0,0,4.89604663849,
MC_G2_D075_DENS_LOW_V_LOW_S007,MC_G2_D075_DENS_LOW_V_LOW,7,1.23300683498,1.09877139551,2.30661326845,0,0,4.93202733994,
MC_G2_D075_DENS_LOW_V_LOW_S007,MC_G2_D075_DENS_LOW_V_LOW,7,1.24200189114,1.0654956475,2.17430543055,0,0,4.96800756454,
MC_G2_D075_DENS_LOW_V_LOW_S007,MC_G2_D075_DENS_LOW_V_LOW,7,1.25101172924,1.08997773951,1.85227962524,0,0,5.00404691696,
MC_G2_D075_DENS_LOW_V_LOW_S007,MC_G2_D075_DENS_LOW_V_LOW,7,1.26000678539,1.0785034556,2.03592636292,0,0,5.04002714157,
MC_G2_D075_DENS_LOW_V_LOW_S007,MC_G2_D075_DENS_LOW_V_LOW,7,1.26900184155,1.09932650363,1.78561613768,0,0,5.07600736618,
MC_G2_D075_DENS_LOW_V_LOW_S007,MC_G2_D075_DENS_LOW_V_LOW,7,1.27801167965,1.20843405581,2.18324073206,0,0,5.1120467186,
MC_G2_D075_DENS_LOW_V_LOW_S007,MC_G2_D075_DENS_LOW_V_LOW,7,1.2870067358,1.13994866145,2.03534978943,0,0,5.14802694321,
MC_G2_D075_DENS_LOW_V_LOW_S007,MC_G2_D075_DENS_LOW_V_LOW,7,1.29600179195,1.11840768923,2.46244547073,0,0,5.18400716782,
MC_G2_D075_DENS_LOW_V_LOW_S007,MC_G2_D075_DENS_LOW_V_LOW,7,1.30501163006,1.14644990601,2.46219133242,0,0,5.22004652023,
MC_G2_D075_DENS_LOW_V_LOW_S007,MC_G2_D075_DENS_LOW_V_LOW,7,1.31400668621,1.19503298855,2.58162079031,0,0,5.25602674484,
MC_G2_D075_DENS_LOW_V_LOW_S007,MC_G2_D075_DENS_LOW_V_LOW,7,1.32300186157,1.00788749878,2.81621850396,0,0,5.29200744629,
MC_G2_D075_DENS_LOW_V_LOW_S007,MC_G2_D075_DENS_LOW_V_LOW,7,1.33201158047,1.09147838273,2.30578359888,0,0,5.32804632187,
MC_G2_D075_DENS_LOW_V_LOW_S007,MC_G2_D075_DENS_LOW_V_LOW,7,1.34100675583,1.17987527624,2.93332311863,0,0,5.36402702332,
MC_G2_D075_DENS_LOW_V_LOW_S007,MC_G2_D075_DENS_LOW_V_LOW,7,1.35000181198,1.16078276191,3.38181134052,0,0,5.40000724792,
MC_G2_D075_DENS_LOW_V_LOW_S007,MC_G2_D075_DENS_LOW_V_LOW,7,1.35901165009,1.15665164115,2.41009240252,0,0,5.43604660034,
MC_G2_D075_DENS_LOW_V_LOW_S007,MC_G2_D075_DENS_LOW_V_LOW,7,1.36800670624,1.27734510675,2.02746344374,0,0,5.47202682495,
MC_G2_D075_DENS_LOW_V_LOW_S007,MC_G2_D075_DENS_LOW_V_LOW,7,1.37700176239,1.20881937103,2.27357903665,0,0,5.50800704956,
MC_G2_D075_DENS_LOW_V_LOW_S007,MC_G2_D075_DENS_LOW_V_LOW,7,1.38601160049,1.2757347682,2.36529015368,0,0,5.54404640198,
MC_G2_D075_DENS_LOW_V_LOW_S007,MC_G2_D075_DENS_LOW_V_LOW,7,1.39500665665,1.13625998315,2.15258681572,0,0,5.58002662659,
MC_G2_D075_DENS_LOW_V_LOW_S007,MC_G2_D075_DENS_LOW_V_LOW,7,1.4040017128,1.23935335739,2.42921792216,0,0,5.6160068512,
MC_G2_D075_DENS_LOW_V_LOW_S007,MC_G2_D075_DENS_LOW_V_LOW,7,1.4130115509,1.12337085048,1.46771181454,0,0,5.65204620361,
MC_G2_D075_DENS_LOW_V_LOW_S007,MC_G2_D075_DENS_LOW_V_LOW,7,1.42200660706,1.20248163331,2.08702428631,0,0,5.68802642822,
MC_G2_D075_DENS_LOW_V_LOW_S007,MC_G2_D075_DENS_LOW_V_LOW,7,1.43100178242,1.24481740079,2.44761883147,0,0,5.72400712967,
MC_G2_D075_DENS_LOW_V_LOW_S007,MC_G2_D075_DENS_LOW_V_LOW,7,1.44001150131,1.2078068306,2.42606522154,0,0,5.76004600525,
MC_G2_D075_DENS_LOW_V_LOW_S007,MC_G2_D075_DENS_LOW_V_LOW,7,1.44900667667,1.19532725941,2.87247141476,0,0,5.7960267067,
MC_G2_D075_DENS_LOW_V_LOW_S007,MC_G2_D075_DENS_LOW_V_LOW,7,1.45800173283,1.17616124644,3.00483660177,0,0,5.8320069313,
MC_G2_D075_DENS_LOW_V_LOW_S007,MC_G2_D075_DENS_LOW_V_LOW,7,1.46701157093,1.35334656567,3.37535688448,0,0,5.86804628372,
MC_G2_D075_DENS_LOW_V_LOW_S007,MC_G2_D075_DENS_LOW_V_LOW,7,1.47600662708,1.37952423808,2.93968321813,0,0,5.90402650833,
MC_G2_D075_DENS_LOW_V_LOW_S007,MC_G2_D075_DENS_LOW_V_LOW,7,1.48500168324,1.36815999489,2.5464309145,0,0,5.94000673294,
MC_G2_D075_DENS_LOW_V_LOW_S007,MC_G2_D075_DENS_LOW_V_LOW,7,1.49401152134,1.3755543446,2.25217988965,0,0,5.97604608536,
MC_G2_D075_DENS_LOW_V_LOW_S007,MC_G2_D075_DENS_LOW_V_LOW,7,1.50300657749,1.3322984626,2.41965501022,0,0,6.01202630997,
MC_G2_D075_DENS_LOW_V_LOW_S007,MC_G2_D075_DENS_LOW_V_LOW,7,1.51200163364,1.4403707478,2.3792094365,0,0,6.04800653458,
MC_G2_D075_DENS_LOW_V_LOW_S007,MC_G2_D075_DENS_LOW_V_LOW,7,1.52101147175,1.43088679868,2.32709274619,0,0,6.08404588699,
MC_G2_D075_DENS_LOW_V_LOW_S007,MC_G2_D075_DENS_LOW_V_LOW,7,1.5300065279,1.29832827681,2.36030410523,0,0,6.1200261116,
MC_G2_D075_DENS_LOW_V_LOW_S007,MC_G2_D075_DENS_LOW_V_LOW,7,1.53900158405,1.50045256775,3.12259970126,0,0,6.15600633621,
MC_G2_D075_DENS_LOW_V_LOW_S007,MC_G2_D075_DENS_LOW_V_LOW,7,1.54801142216,1.33451599384,5.01194942555,0,0,6.19204568863,
MC_G2_D075_DENS_LOW_V_LOW_S007,MC_G2_D075_DENS_LOW_V_LOW,7,1.55700647831,1.34913780162,2.72750962524,0,0,6.22802591324,
MC_G2_D075_DENS_LOW_V_LOW_S007,MC_G2_D075_DENS_LOW_V_LOW,7,1.56600165367,1.56950578052,3.47827021029,0,0,6.26400661469,
MC_G2_D075_DENS_LOW_V_LOW_S007,MC_G2_D075_DENS_LOW_V_LOW,7,1.57501137257,1.35641361405,3.6086583023,0,0,6.30004549026,
MC_G2_D075_DENS_LOW_V_LOW_S007,MC_G2_D075_DENS_LOW_V_LOW,7,1.58400654793,1.39429718779,3.67136149554,0,0,6.33602619171,
MC_G2_D075_DENS_LOW_V_LOW_S007,MC_G2_D075_DENS_LOW_V_LOW,7,1.59300160408,1.46739393084,2.69282243457,0,0,6.37200641632,
MC_G2_D075_DENS_LOW_V_LOW_S007,MC_G2_D075_DENS_LOW_V_LOW,7,1.60201144218,1.4863639014,2.85679011288,0,0,6.40804576874,
MC_G2_D075_DENS_LOW_V_LOW_S007,MC_G2_D075_DENS_LOW_V_LOW,7,1.61100649834,1.44414307915,2.7243294193,0,0,6.44402599335,
MC_G2_D075_DENS_LOW_V_LOW_S007,MC_G2_D075_DENS_LOW_V_LOW,7,1.62000155449,1.5047547248,3.1523588239,0,0,6.48000621796,
MC_G2_D075_DENS_LOW_V_LOW_S007,MC_G2_D075_DENS_LOW_V_LOW,7,1.62901139259,1.40172193167,2.32196544822,0,0,6.51604557037,
MC_G2_D075_DENS_LOW_V_LOW_S007,MC_G2_D075_DENS_LOW_V_LOW,7,1.63800644875,1.42154321539,2.2789950715,0,0,6.55202579498,
MC_G2_D075_DENS_LOW_V_LOW_S007,MC_G2_D075_DENS_LOW_V_LOW,7,1.6470015049,1.52010350594,2.60725805646,0,0,6.58800601959,
MC_G2_D075_DENS_LOW_V_LOW_S007,MC_G2_D075_DENS_LOW_V_LOW,7,1.656011343,1.53089219401,2.88201261439,0,0,6.62404537201,
MC_G2_D075_DENS_LOW_V_LOW_S007,MC_G2_D075_DENS_LOW_V_LOW,7,1.66500639915,1.52472314395,3.13568201878,0,0,6.66002559662,
MC_G2_D075_DENS_LOW_V_LOW_S007,MC_G2_D075_DENS_LOW_V_LOW,7,1.67400145531,1.27083854321,2.75546691977,0,0,6.69600582123,
MC_G2_D075_DENS_LOW_V_LOW_S007,MC_G2_D075_DENS_LOW_V_LOW,7,1.68301129341,1.48745049309,3.01120756749,0,0,6.73204517365,
MC_G2_D075_DENS_LOW_V_LOW_S007,MC_G2_D075_DENS_LOW_V_LOW,7,1.69200634956,1.53219693297,3.86337827628,0,0,6.76802539825,
MC_G2_D075_DENS_LOW_V_LOW_S007,MC_G2_D075_DENS_LOW_V_LOW,7,1.70100152493,1.64267215386,3.88579204068,0,0,6.8040060997,
MC_G2_D075_DENS_LOW_V_LOW_S007,MC_G2_D075_DENS_LOW_V_LOW,7,1.71001124382,1.50838765743,3.44887982013,0,0,6.84004497528,
MC_G2_D075_DENS_LOW_V_LOW_S007,MC_G2_D075_DENS_LOW_V_LOW,7,1.71900641918,1.66704109666,3.20714900521,0,0,6.87602567673,
MC_G2_D075_DENS_LOW_V_LOW_S007,MC_G2_D075_DENS_LOW_V_LOW,7,1.72800147533,1.71676444424,2.71404268202,0,0,6.91200590134,
MC_G2_D075_DENS_LOW_V_LOW_S007,MC_G2_D075_DENS_LOW_V_LOW,7,1.73701131344,1.5706063259,3.13629105704,0,0,6.94804525375,
MC_G2_D075_DENS_LOW_V_LOW_S007,MC_G2_D075_DENS_LOW_V_LOW,7,1.74600636959,1.55383440669,2.88993229505,0,0,6.98402547836,
MC_G2_D075_DENS_LOW_V_LOW_S007,MC_G2_D075_DENS_LOW_V_LOW,7,1.75500142574,1.69213687466,2.74568417313,0,0,7.02000570297,
MC_G2_D075_DENS_LOW_V_LOW_S007,MC_G2_D075_DENS_LOW_V_LOW,7,1.76401126385,1.63975155013,2.85055227091,0,0,7.05604505539,
MC_G2_D075_DENS_LOW_V_LOW_S007,MC_G2_D075_DENS_LOW_V_LOW,7,1.77300632,1.61697926851,2.80133579421,0,0,7.09202528,
MC_G2_D075_DENS_LOW_V_LOW_S007,MC_G2_D075_DENS_LOW_V_LOW,7,1.78200137615,1.56504377775,2.95293348969,0,0,7.12800550461,
MC_G2_D075_DENS_LOW_V_LOW_S007,MC_G2_D075_DENS_LOW_V_LOW,7,1.79101121426,1.47986935737,2.95452768829,0,0,7.16404485703,
MC_G2_D075_DENS_LOW_V_LOW_S007,MC_G2_D075_DENS_LOW_V_LOW,7,1.80000627041,1.628256612,3.68517654691,0,0,7.20002508163,
MC_G2_D075_DENS_LOW_V_LOW_S007,MC_G2_D075_DENS_LOW_V_LOW,7,1.80900132656,1.53929355794,3.46377403895,0,0,7.23600530624,
MC_G2_D075_DENS_LOW_V_LOW_S007,MC_G2_D075_DENS_LOW_V_LOW,7,1.81801116467,1.70173811765,4.12552536164,0,0,7.27204465866,
MC_G2_D075_DENS_LOW_V_LOW_S007,MC_G2_D075_DENS_LOW_V_LOW,7,1.82700622082,1.6215529008,3.62046529405,0,0,7.30802488327,
MC_G2_D075_DENS_LOW_V_LOW_S007,MC_G2_D075_DENS_LOW_V_LOW,7,1.83600127697,1.57293507219,3.38983336878,0,0,7.34400510788,
MC_G2_D075_DENS_LOW_V_LOW_S007,MC_G2_D075_DENS_LOW_V_LOW,7,1.84501111507,1.67726735438,3.00558936816,0,0,7.3800444603,
MC_G2_D075_DENS_LOW_V_LOW_S007,MC_G2_D075_DENS_LOW_V_LOW,7,1.85400617123,1.66000208247,3.00916573591,0,0,7.41602468491,
MC_G2_D075_DENS_LOW_V_LOW_S007,MC_G2_D075_DENS_LOW_V_LOW,7,1.86300134659,1.74977679911,3.26410790746,0,0,7.45200538635,
MC_G2_D075_DENS_LOW_V_LOW_S007,MC_G2_D075_DENS_LOW_V_LOW,7,1.87201106548,1.69356084167,3.15687034182,0,0,7.48804426193,
MC_G2_D075_DENS_LOW_V_LOW_S007,MC_G2_D075_DENS_LOW_V_LOW,7,1.88100624084,1.7202494125,3.35583290809,0,0,7.52402496338,
MC_G2_D075_DENS_LOW_V_LOW_S007,MC_G2_D075_DENS_LOW_V_LOW,7,1.890001297,1.86158963993,3.10165040427,0,0,7.56000518799,
MC_G2_D075_DENS_LOW_V_LOW_S007,MC_G2_D075_DENS_LOW_V_LOW,7,1.8990111351,1.93098243852,3.42482446381,0,0,7.59604454041,
MC_G2_D075_DENS_LOW_V_LOW_S007,MC_G2_D075_DENS_LOW_V_LOW,7,1.90800619125,1.94245223238,3.24491619547,0,0,7.63202476501,
MC_G2_D075_DENS_LOW_V_LOW_S007,MC_G2_D075_DENS_LOW_V_LOW,7,1.91700124741,1.57168407565,3.31498789595,0,0,7.66800498962,
MC_G2_D075_DENS_LOW_V_LOW_S007,MC_G2_D075_DENS_LOW_V_LOW,7,1.92601108551,1.63997356575,3.46798890174,0,0,7.70404434204,
MC_G2_D075_DENS_LOW_V_LOW_S007,MC_G2_D075_DENS_LOW_V_LOW,7,1.93500614166,1.79878781779,4.00685756248,0,0,7.74002456665,
MC_G2_D075_DENS_LOW_V_LOW_S007,MC_G2_D075_DENS_LOW_V_LOW,7,1.94400119781,1.81346101935,4.17942401137,0,0,7.77600479126,
MC_G2_D075_DENS_LOW_V_LOW_S007,MC_G2_D075_DENS_LOW_V_LOW,7,1.95301103592,1.93282667405,4.43814492992,0,0,7.81204414368,
MC_G2_D075_DENS_LOW_V_LOW_S007,MC_G2_D075_DENS_LOW_V_LOW,7,1.96200609207,1.97435036449,3.70896042217,0,0,7.84802436829,
MC_G2_D075_DENS_LOW_V_LOW_S007,MC_G2_D075_DENS_LOW_V_LOW,7,1.97100114822,1.90933460315,3.92057543047,0,0,7.8840045929,
MC_G2_D075_DENS_LOW_V_LOW_S007,MC_G2_D075_DENS_LOW_V_LOW,7,1.98001098633,1.77046832326,3.42554005117,0,0,7.92004394531,
MC_G2_D075_DENS_LOW_V_LOW_S007,MC_G2_D075_DENS_LOW_V_LOW,7,1.98900604248,1.83987604263,3.68163087458,0,0,7.95602416992,
MC_G2_D075_DENS_LOW_V_LOW_S007,MC_G2_D075_DENS_LOW_V_LOW,7,1.99800109863,1.95014568838,3.76685943603,0,0,7.99200439453,
MC_G2_D075_DENS_LOW_V_LOW_S007,MC_G2_D075_DENS_LOW_V_LOW,7,2.00701093674,1.91223572698,3.53184829343,0,0,8.02804374695,
MC_G2_D075_DENS_LOW_V_LOW_S007,MC_G2_D075_DENS_LOW_V_LOW,7,2.01600599289,1.97216032616,3.6382185412,0,0,8.06402397156,
MC_G2_D075_DENS_LOW_V_LOW_S007,MC_G2_D075_DENS_LOW_V_LOW,7,2.02500104904,1.86979123125,3.43876119857,0,0,8.10000419617,
MC_G2_D075_DENS_LOW_V_LOW_S007,MC_G2_D075_DENS_LOW_V_LOW,7,2.03401088715,2.05715956557,4.21795083268,0,0,8.13604354858,
MC_G2_D075_DENS_LOW_V_LOW_S007,MC_G2_D075_DENS_LOW_V_LOW,7,2.0430059433,2.09476074981,4.13328399141,0,0,8.17202377319,
MC_G2_D075_DENS_LOW_V_LOW_S007,MC_G2_D075_DENS_LOW_V_LOW,7,2.05200099945,1.85391193364,3.79642824784,0,0,8.2080039978,
MC_G2_D075_DENS_LOW_V_LOW_S007,MC_G2_D075_DENS_LOW_V_LOW,7,2.06101083755,1.95735546257,4.44762710438,0,0,8.24404335022,
MC_G2_D075_DENS_LOW_V_LOW_S007,MC_G2_D075_DENS_LOW_V_LOW,7,2.07000589371,2.02853074125,5.09256907069,0,0,8.28002357483,
MC_G2_D075_DENS_LOW_V_LOW_S007,MC_G2_D075_DENS_LOW_V_LOW,7,2.07900094986,2.01903698311,4.40234809349,0,0,8.31600379944,
MC_G2_D075_DENS_LOW_V_LOW_S007,MC_G2_D075_DENS_LOW_V_LOW,7,2.08801078796,1.86007932584,3.76097136315,0,0,8.35204315186,
MC_G2_D075_DENS_LOW_V_LOW_S007,MC_G2_D075_DENS_LOW_V_LOW,7,2.09700584412,2.21402320248,4.33770781264,0,0,8.38802337646,
MC_G2_D075_DENS_LOW_V_LOW_S007,MC_G2_D075_DENS_LOW_V_LOW,7,2.10600090027,1.95402066915,3.52743980318,0,0,8.42400360107,
MC_G2_D075_DENS_LOW_V_LOW_S007,MC_G2_D075_DENS_LOW_V_LOW,7,2.11501073837,2.18245539977,3.97475267556,0,0,8.46004295349,
MC_G2_D075_DENS_LOW_V_LOW_S007,MC_G2_D075_DENS_LOW_V_LOW,7,2.12400579453,2.12884836763,4.65553913688,0,0,8.4960231781,
MC_G2_D075_DENS_LOW_V_LOW_S007,MC_G2_D075_DENS_LOW_V_LOW,7,2.13300085068,2.04114694807,4.07378558297,0,0,8.53200340271,
MC_G2_D075_DENS_LOW_V_LOW_S007,MC_G2_D075_DENS_LOW_V_LOW,7,2.14201068878,1.95482390425,3.49291669954,0,0,8.56804275513,
MC_G2_D075_DENS_LOW_V_LOW_S007,MC_G2_D075_DENS_LOW_V_LOW,7,2.15100574493,1.99200454366,3.85185502533,0,0,8.60402297974,
MC_G2_D075_DENS_LOW_V_LOW_S007,MC_G2_D075_DENS_LOW_V_LOW,7,2.16000080109,2.0497750249,4.22836710792,0,0,8.64000320435,
MC_G2_D075_DENS_LOW_V_LOW_S007,MC_G2_D075_DENS_LOW_V_LOW,7,2.16901063919,1.96288388635,3.6431930668,0,0,8.67604255676,
MC_G2_D075_DENS_LOW_V_LOW_S007,MC_G2_D075_DENS_LOW_V_LOW,7,2.17800569534,2.2509464585,4.90269812744,0,0,8.71202278137,
MC_G2_D075_DENS_LOW_V_LOW_S007,MC_G2_D075_DENS_LOW_V_LOW,7,2.1870007515,2.13163758564,4.5857036649,0,0,8.74800300598,
MC_G2_D075_DENS_LOW_V_LOW_S007,MC_G2_D075_DENS_LOW_V_LOW,7,2.1960105896,2.00477230687,4.86687102238,0,0,8.7840423584,
MC_G2_D075_DENS_LOW_V_LOW_S007,MC_G2_D075_DENS_LOW_V_LOW,7,2.20500564575,2.02763162635,3.91205140404,0,0,8.82002258301,
MC_G2_D075_DENS_LOW_V_LOW_S007,MC_G2_D075_DENS_LOW_V_LOW,7,2.21400094032,2.27964007767,4.31884444208,0,0,8.85600376129,
MC_G2_D075_DENS_LOW_V_LOW_S007,MC_G2_D075_DENS_LOW_V_LOW,7,2.22301054001,2.07807200011,3.97577744666,0,0,8.89204216003,
MC_G2_D075_DENS_LOW_V_LOW_S007,MC_G2_D075_DENS_LOW_V_LOW,7,2.23200559616,2.24297669183,4.12971550829,0,0,8.92802238464,
MC_G2_D075_DENS_LOW_V_LOW_S007,MC_G2_D075_DENS_LOW_V_LOW,7,2.24100089073,2.15504800674,3.77110981357,0,0,8.96400356293,
MC_G2_D075_DENS_LOW_V_LOW_S007,MC_G2_D075_DENS_LOW_V_LOW,7,2.25001049042,1.92229785616,3.90671057601,0,0,9.00004196167,
MC_G2_D075_DENS_LOW_V_LOW_S007,MC_G2_D075_DENS_LOW_V_LOW,7,2.25900554657,2.37521952876,4.26616574836,0,0,9.03602218628,
MC_G2_D075_DENS_LOW_V_LOW_S007,MC_G2_D075_DENS_LOW_V_LOW,7,2.26800084114,2.1675230188,4.33381423202,0,0,9.07200336456,
MC_G2_D075_DENS_LOW_V_LOW_S007,MC_G2_D075_DENS_LOW_V_LOW,7,2.27701044083,2.00770119992,3.92366946166,0,0,9.10804176331,
MC_G2_D075_DENS_LOW_V_LOW_S007,MC_G2_D075_DENS_LOW_V_LOW,7,2.2860057354,2.32352318488,4.82003016143,0,0,9.14402294159,
MC_G2_D075_DENS_LOW_V_LOW_S007,MC_G2_D075_DENS_LOW_V_LOW,7,2.29500079155,2.20893922439,5.07930437481,0,0,9.1800031662,
MC_G2_D075_DENS_LOW_V_LOW_S007,MC_G2_D075_DENS_LOW_V_LOW,7,2.30401039124,2.28567718939,5.07652715085,0,0,9.21604156494,
MC_G2_D075_DENS_LOW_V_LOW_S007,MC_G2_D075_DENS_LOW_V_LOW,7,2.31300568581,2.39165586868,5.52171438377,0,0,9.25202274323,
MC_G2_D075_DENS_LOW_V_LOW_S007,MC_G2_D075_DENS_LOW_V_LOW,7,2.32200074196,2.17438298369,5.00236820203,0,0,9.28800296783,
MC_G2_D075_DENS_LOW_V_LOW_S007,MC_G2_D075_DENS_LOW_V_LOW,7,2.33101034164,2.20314485159,4.44237726102,0,0,9.32404136658,
MC_G2_D075_DENS_LOW_V_LOW_S007,MC_G2_D075_DENS_LOW_V_LOW,7,2.34000563622,2.24777897119,4.53297534444,0,0,9.36002254486,
MC_G2_D075_DENS_LOW_V_LOW_S007,MC_G2_D075_DENS_LOW_V_LOW,7,2.34900069237,2.31358912569,4.28810528504,0,0,9.39600276947,
MC_G2_D075_DENS_LOW_V_LOW_S007,MC_G2_D075_DENS_LOW_V_LOW,7,2.35801029205,2.29888898384,4.50640238255,0,0,9.43204116821,
MC_G2_D075_DENS_LOW_V_LOW_S007,MC_G2_D075_DENS_LOW_V_LOW,7,2.36700558662,2.22602655223,4.33479390131,0,0,9.4680223465,
MC_G2_D075_DENS_LOW_V_LOW_S007,MC_G2_D075_DENS_LOW_V_LOW,7,2.37600064278,2.36411294527,4.63076479442,0,0,9.50400257111,
MC_G2_D075_DENS_LOW_V_LOW_S007,MC_G2_D075_DENS_LOW_V_LOW,7,2.38501024246,2.44722443022,4.58897645132,0,0,9.54004096985,
MC_G2_D075_DENS_LOW_V_LOW_S007,MC_G2_D075_DENS_LOW_V_LOW,7,2.39400553703,2.28126699486,4.61805488658,0,0,9.57602214813,
MC_G2_D075_DENS_LOW_V_LOW_S007,MC_G2_D075_DENS_LOW_V_LOW,7,2.40300059319,2.19713606171,4.35684358417,0,0,9.61200237274,
MC_G2_D075_DENS_LOW_V_LOW_S007,MC_G2_D075_DENS_LOW_V_LOW,7,2.41201019287,2.39023507924,4.81916645622,0,0,9.64804077148,
MC_G2_D075_DENS_LOW_V_LOW_S007,MC_G2_D075_DENS_LOW_V_LOW,7,2.42100548744,2.34734834829,5.41442562683,0,0,9.68402194977,
MC_G2_D075_DENS_LOW_V_LOW_S007,MC_G2_D075_DENS_LOW_V_LOW,7,2.43000054359,2.42178865195,5.71405956927,0,0,9.72000217438,
MC_G2_D075_DENS_LOW_V_LOW_S007,MC_G2_D075_DENS_LOW_V_LOW,7,2.4390103817,2.20368034166,5.00398498481,0,0,9.75604152679,
MC_G2_D075_DENS_LOW_V_LOW_S007,MC_G2_D075_DENS_LOW_V_LOW,7,2.44800543785,2.47831407732,4.92925605392,0,0,9.7920217514,
MC_G2_D075_DENS_LOW_V_LOW_S007,MC_G2_D075_DENS_LOW_V_LOW,7,2.457000494,2.49061155979,4.96164906178,0,0,9.82800197601,
MC_G2_D075_DENS_LOW_V_LOW_S007,MC_G2_D075_DENS_LOW_V_LOW,7,2.46601033211,2.46918698344,4.59295489183,0,0,9.86404132843,
MC_G2_D075_DENS_LOW_V_LOW_S007,MC_G2_D075_DENS_LOW_V_LOW,7,2.47500538826,2.43041838664,4.54966564247,0,0,9.90002155304,
MC_G2_D075_DENS_LOW_V_LOW_S007,MC_G2_D075_DENS_LOW_V_LOW,7,2.48400044441,2.35130760381,4.39168204367,0,0,9.93600177765,
MC_G2_D075_DENS_LOW_V_LOW_S007,MC_G2_D075_DENS_LOW_V_LOW,7,2.4930100441,2.52147076379,4.7625224854,0,0,9.97204017639,
MC_G2_D075_DENS_LOW_V_LOW_S007,MC_G2_D075_DENS_LOW_V_LOW,7,2.50200533867,2.69277591576,5.04810053157,0,0,10.0080213547,
MC_G2_D075_DENS_LOW_V_LOW_S007,MC_G2_D075_DENS_LOW_V_LOW,7,2.51100039482,2.39369752818,4.39225690223,0,0,10.0440015793,
MC_G2_D075_DENS_LOW_V_LOW_S007,MC_G2_D075_DENS_LOW_V_LOW,7,2.52000999451,2.65448782321,5.46110367419,0,0,10.080039978,
MC_G2_D075_DENS_LOW_V_LOW_S007,MC_G2_D075_DENS_LOW_V_LOW,7,2.52900528908,2.31319261989,4.42749086791,0,0,10.1160211563,
MC_G2_D075_DENS_LOW_V_LOW_S007,MC_G2_D075_DENS_LOW_V_LOW,7,2.53800034523,2.46250606786,5.78246355883,0,0,10.1520013809,
MC_G2_D075_DENS_LOW_V_LOW_S007,MC_G2_D075_DENS_LOW_V_LOW,7,2.54700994492,2.46357870587,5.34053287255,0,0,10.1880397797,
MC_G2_D075_DENS_LOW_V_LOW_S007,MC_G2_D075_DENS_LOW_V_LOW,7,2.55600523949,2.44352020944,5.30105932099,0,0,10.2240209579,
MC_G2_D075_DENS_LOW_V_LOW_S007,MC_G2_D075_DENS_LOW_V_LOW,7,2.56500029564,2.47035301444,5.49630047345,0,0,10.2600011826,
MC_G2_D075_DENS_LOW_V_LOW_S007,MC_G2_D075_DENS_LOW_V_LOW,7,2.57400989532,2.53451898233,5.12848312424,0,0,10.2960395813,
MC_G2_D075_DENS_LOW_V_LOW_S007,MC_G2_D075_DENS_LOW_V_LOW,7,2.5830051899,2.73614370358,4.92887852373,0,0,10.3320207596,
MC_G2_D075_DENS_LOW_V_LOW_S007,MC_G2_D075_DENS_LOW_V_LOW,7,2.59200024605,2.76978977696,5.06452732403,0,0,10.3680009842,
MC_G2_D075_DENS_LOW_V_LOW_S007,MC_G2_D075_DENS_LOW_V_LOW,7,2.60100984573,2.46877472792,4.9069282885,0,0,10.4040393829,
MC_G2_D075_DENS_LOW_V_LOW_S007,MC_G2_D075_DENS_LOW_V_LOW,7,2.6100051403,2.70512092366,5.06664237548,0,0,10.4400205612,
MC_G2_D075_DENS_LOW_V_LOW_S007,MC_G2_D075_DENS_LOW_V_LOW,7,2.61900019646,2.72616336236,5.02611322155,0,0,10.4760007858,
MC_G2_D075_DENS_LOW_V_LOW_S007,MC_G2_D075_DENS_LOW_V_LOW,7,2.62800979614,2.80014167459,4.82201287331,0,0,10.5120391846,
MC_G2_D075_DENS_LOW_V_LOW_S007,MC_G2_D075_DENS_LOW_V_LOW,7,2.63700485229,2.63867456385,5.27792625683,0,0,10.5480194092,
MC_G2_D075_DENS_LOW_V_LOW_S007,MC_G2_D075_DENS_LOW_V_LOW,7,2.64600014687,2.62655253866,5.21064477355,0,0,10.5840005875,
MC_G2_D075_DENS_LOW_V_LOW_S007,MC_G2_D075_DENS_LOW_V_LOW,7,2.65500974655,2.71865544897,5.15378417029,0,0,10.6200389862,
MC_G2_D075_DENS_LOW_V_LOW_S007,MC_G2_D075_DENS_LOW_V_LOW,7,2.6640048027,2.92376030304,5.65178014023,0,0,10.6560192108,
MC_G2_D075_DENS_LOW_V_LOW_S007,MC_G2_D075_DENS_LOW_V_LOW,7,2.67301464081,2.65019533703,5.82600128508,0,0,10.6920585632,
MC_G2_D075_DENS_LOW_V_LOW_S007,MC_G2_D075_DENS_LOW_V_LOW,7,2.68200969696,2.7153919437,5.9381659339,0,0,10.7280387878,
MC_G2_D075_DENS_LOW_V_LOW_S007,MC_G2_D075_DENS_LOW_V_LOW,7,2.69100475311,2.68620359028,5.25533757629,0,0,10.7640190125,
MC_G2_D075_DENS_LOW_V_LOW_S007,MC_G2_D075_DENS_LOW_V_LOW,7,2.70001459122,2.77191129024,5.42397542755,0,0,10.8000583649,
MC_G2_D075_DENS_LOW_V_LOW_S007,MC_G2_D075_DENS_LOW_V_LOW,7,2.70900964737,2.79127486534,5.01509159165,0,0,10.8360385895,
MC_G2_D075_DENS_LOW_V_LOW_S007,MC_G2_D075_DENS_LOW_V_LOW,7,2.71800470352,3.05877149653,5.06168332681,0,0,10.8720188141,
MC_G2_D075_DENS_LOW_V_LOW_S007,MC_G2_D075_DENS_LOW_V_LOW,7,2.72701454163,2.82331281065,4.94050034584,0,0,10.9080581665,
MC_G2_D075_DENS_LOW_V_LOW_S007,MC_G2_D075_DENS_LOW_V_LOW,7,2.73600959778,2.67569660093,4.85713921735,0,0,10.9440383911,
MC_G2_D075_DENS_LOW_V_LOW_S007,MC_G2_D075_DENS_LOW_V_LOW,7,2.74500465393,2.76918272243,5.39104207675,0,0,10.9800186157,
MC_G2_D075_DENS_LOW_V_LOW_S007,MC_G2_D075_DENS_LOW_V_LOW,7,2.75401449203,2.87221869313,4.96238565155,0,0,11.0160579681,
MC_G2_D075_DENS_LOW_V_LOW_S007,MC_G2_D075_DENS_LOW_V_LOW,7,2.76300954819,2.72800580187,5.33519706294,0,0,11.0520381927,
MC_G2_D075_DENS_LOW_V_LOW_S007,MC_G2_D075_DENS_LOW_V_LOW,7,2.77200460434,3.01742851326,5.17371540391,0,0,11.0880184174,
MC_G2_D075_DENS_LOW_V_LOW_S007,MC_G2_D075_DENS_LOW_V_LOW,7,2.78101444244,2.62339154465,5.65655102169,0,0,11.1240577698,
MC_G2_D075_DENS_LOW_V_LOW_S007,MC_G2_D075_DENS_LOW_V_LOW,7,2.7900094986,2.78744879156,5.7365185532,0,0,11.1600379944,
MC_G2_D075_DENS_LOW_V_LOW_S007,MC_G2_D075_DENS_LOW_V_LOW,7,2.79900455475,2.72590666975,5.51906599446,0,0,11.196018219,
MC_G2_D075_DENS_LOW_V_LOW_S007,MC_G2_D075_DENS_LOW_V_LOW,7,2.80801439285,2.89251067206,6.10478357299,0,0,11.2320575714,
MC_G2_D075_DENS_LOW_V_LOW_S007,MC_G2_D075_DENS_LOW_V_LOW,7,2.81700944901,2.87614672554,5.64415492194,0,0,11.268037796,
MC_G2_D075_DENS_LOW_V_LOW_S007,MC_G2_D075_DENS_LOW_V_LOW,7,2.82600450516,3.17302650916,6.28890776926,0,0,11.3040180206,
MC_G2_D075_DENS_LOW_V_LOW_S007,MC_G2_D075_DENS_LOW_V_LOW,7,2.83501434326,2.85927326216,5.2819197044,0,0,11.340057373,
MC_G2_D075_DENS_LOW_V_LOW_S007,MC_G2_D075_DENS_LOW_V_LOW,7,2.84400939941,2.75351618403,5.2036924817,0,0,11.3760375977,
MC_G2_D075_DENS_LOW_V_LOW_S007,MC_G2_D075_DENS_LOW_V_LOW,7,2.85300445557,2.88907806467,5.53192822113,0,0,11.4120178223,
MC_G2_D075_DENS_LOW_V_LOW_S007,MC_G2_D075_DENS_LOW_V_LOW,7,2.86201429367,3.00849870519,5.51912308484,0,0,11.4480571747,
MC_G2_D075_DENS_LOW_V_LOW_S007,MC_G2_D075_DENS_LOW_V_LOW,7,2.87100934982,2.98890938428,5.36884980055,0,0,11.4840373993,
MC_G2_D075_DENS_LOW_V_LOW_S007,MC_G2_D075_DENS_LOW_V_LOW,7,2.88000440598,2.77059356468,5.18668762533,0,0,11.5200176239,
MC_G2_D075_DENS_LOW_V_LOW_S007,MC_G2_D075_DENS_LOW_V_LOW,7,2.88901424408,3.21208744264,5.74153096422,0,0,11.5560569763,
MC_G2_D075_DENS_LOW_V_LOW_S007,MC_G2_D075_DENS_LOW_V_LOW,7,2.89800930023,2.93161830204,6.1252706663,0,0,11.5920372009,
MC_G2_D075_DENS_LOW_V_LOW_S007,MC_G2_D075_DENS_LOW_V_LOW,7,2.90700435638,2.82774289954,5.82426073571,0,0,11.6280174255,
MC_G2_D075_DENS_LOW_V_LOW_S007,MC_G2_D075_DENS_LOW_V_LOW,7,2.91601419449,3.04246723311,6.2346060235,0,0,11.664056778,
MC_G2_D075_DENS_LOW_V_LOW_S007,MC_G2_D075_DENS_LOW_V_LOW,7,2.92500925064,3.14687619151,6.70456852335,0,0,11.7000370026,
MC_G2_D075_DENS_LOW_V_LOW_S007,MC_G2_D075_DENS_LOW_V_LOW,7,2.93400430679,2.76539616107,5.80074855939,0,0,11.7360172272,
MC_G2_D075_DENS_LOW_V_LOW_S007,MC_G2_D075_DENS_LOW_V_LOW,7,2.9430141449,3.15927369843,5.86769672458,0,0,11.7720565796,
MC_G2_D075_DENS_LOW_V_LOW_S007,MC_G2_D075_DENS_LOW_V_LOW,7,2.95200920105,3.00723043924,5.57461478981,0,0,11.8080368042,
MC_G2_D075_DENS_LOW_V_LOW_S007,MC_G2_D075_DENS_LOW_V_LOW,7,2.9610042572,3.07950115155,5.46565586393,0,0,11.8440170288,
MC_G2_D075_DENS_LOW_V_LOW_S007,MC_G2_D075_DENS_LOW_V_LOW,7,2.97001409531,3.05401840047,5.63945548516,0,0,11.8800563812,
MC_G2_D075_DENS_LOW_V_LOW_S007,MC_G2_D075_DENS_LOW_V_LOW,7,2.97900915146,3.16891030919,5.70529695094,0,0,11.9160366058,
MC_G2_D075_DENS_LOW_V_LOW_S007,MC_G2_D075_DENS_LOW_V_LOW,7,2.98800420761,3.27875595623,6.32279687518,0,0,11.9520168304,
MC_G2_D075_DENS_LOW_V_LOW_S007,MC_G2_D075_DENS_LOW_V_LOW,7,2.99701404572,3.06523937658,5.3589242067,0,0,11.9880561829,
MC_G2_D075_DENS_LOW_V_LOW_S007,MC_G2_D075_DENS_LOW_V_LOW,7,3.00600910187,2.84674892864,5.80310046275,0,0,12.0240364075,
MC_G2_D075_DENS_LOW_V_LOW_S007,MC_G2_D075_DENS_LOW_V_LOW,7,3.01500415802,3.41938205874,6.36626390691,0,0,12.0600166321,
MC_G2_D075_DENS_LOW_V_LOW_S007,MC_G2_D075_DENS_LOW_V_LOW,7,3.02401375771,2.97647816745,6.22078699726,0,0,12.0960550308,
MC_G2_D075_DENS_LOW_V_LOW_S007,MC_G2_D075_DENS_LOW_V_LOW,7,3.03300905228,3.23411354731,6.2375898099,0,0,12.1320362091,
MC_G2_D075_DENS_LOW_V_LOW_S007,MC_G2_D075_DENS_LOW_V_LOW,7,3.04200410843,3.19413084145,6.65521158148,0,0,12.1680164337,
MC_G2_D075_DENS_LOW_V_LOW_S007,MC_G2_D075_DENS_LOW_V_LOW,7,3.05101370811,3.19743689856,6.47177711407,0,0,12.2040548325,
MC_G2_D075_DENS_LOW_V_LOW_S007,MC_G2_D075_DENS_LOW_V_LOW,7,3.06000876427,3.12205741495,6.29825564074,0,0,12.2400350571,
MC_G2_D075_DENS_LOW_V_LOW_S007,MC_G2_D075_DENS_LOW_V_LOW,7,3.06900405884,3.16971243905,5.9337211659,0,0,12.2760162354,
MC_G2_D075_DENS_LOW_V_LOW_S007,MC_G2_D075_DENS_LOW_V_LOW,7,3.07801365852,3.2624124567,6.28985580217,0,0,12.3120546341,
MC_G2_D075_DENS_LOW_V_LOW_S007,MC_G2_D075_DENS_LOW_V_LOW,7,3.08700871468,3.61716716699,6.29895575865,0,0,12.3480348587,
MC_G2_D075_DENS_LOW_V_LOW_S007,MC_G2_D075_DENS_LOW_V_LOW,7,3.09600377083,3.42562971919,6.41450424148,0,0,12.3840150833,
MC_G2_D075_DENS_LOW_V_LOW_S007,MC_G2_D075_DENS_LOW_V_LOW,7,3.10501360893,3.28550125218,6.51048936934,0,0,12.4200544357,
MC_G2_D075_DENS_LOW_V_LOW_S007,MC_G2_D075_DENS_LOW_V_LOW,7,3.11400866508,3.50299200813,6.63475922167,0,0,12.4560346603,
MC_G2_D075_DENS_LOW_V_LOW_S007,MC_G2_D075_DENS_LOW_V_LOW,7,3.12300372124,3.47099661467,6.47879441752,0,0,12.4920148849,
MC_G2_D075_DENS_LOW_V_LOW_S007,MC_G2_D075_DENS_LOW_V_LOW,7,3.13201355934,3.28083243088,5.7081729238,0,0,12.5280542374,
MC_G2_D075_DENS_LOW_V_LOW_S007,MC_G2_D075_DENS_LOW_V_LOW,7,3.14100861549,3.25452627401,6.15810427961,0,0,12.564034462,
MC_G2_D075_DENS_LOW_V_LOW_S007,MC_G2_D075_DENS_LOW_V_LOW,7,3.15000367165,3.35756141578,6.69197386926,0,0,12.6000146866,
MC_G2_D075_DENS_LOW_V_LOW_S007,MC_G2_D075_DENS_LOW_V_LOW,7,3.15901350975,3.17251478181,6.75638792243,0,0,12.636054039,
MC_G2_D075_DENS_LOW_V_LOW_S007,MC_G2_D075_DENS_LOW_V_LOW,7,3.1680085659,3.21442005728,6.3003395658,0,0,12.6720342636,
MC_G2_D075_DENS_LOW_V_LOW_S007,MC_G2_D075_DENS_LOW_V_LOW,7,3.17700362206,3.41126902499,6.68954457302,0,0,12.7080144882,
MC_G2_D075_DENS_LOW_V_LOW_S007,MC_G2_D075_DENS_LOW_V_LOW,7,3.18601346016,3.3052331494,6.15835342516,0,0,12.7440538406,
MC_G2_D075_DENS_LOW_V_LOW_S007,MC_G2_D075_DENS_LOW_V_LOW,7,3.19500851631,3.44853311022,6.33849797384,0,0,12.7800340652,
MC_G2_D075_DENS_LOW_V_LOW_S007,MC_G2_D075_DENS_LOW_V_LOW,7,3.20400357246,3.35329849483,5.71334129248,0,0,12.8160142899,
MC_G2_D075_DENS_LOW_V_LOW_S007,MC_G2_D075_DENS_LOW_V_LOW,7,3.21301341057,3.5920626852,6.41361595523,0,0,12.8520536423,
MC_G2_D075_DENS_LOW_V_LOW_S007,MC_G2_D075_DENS_LOW_V_LOW,7,3.22200846672,3.58705013342,6.57874454326,0,0,12.8880338669,
MC_G2_D075_DENS_LOW_V_LOW_S007,MC_G2_D075_DENS_LOW_V_LOW,7,3.23100352287,3.45984996613,6.21186460138,0,0,12.9240140915,
MC_G2_D075_DENS_LOW_V_LOW_S007,MC_G2_D075_DENS_LOW_V_LOW,7,3.24001336098,3.68280891014,6.68205138309,0,0,12.9600534439,
MC_G2_D075_DENS_LOW_V_LOW_S007,MC_G2_D075_DENS_LOW_V_LOW,7,3.24900841713,3.2706951452,5.9373152774,0,0,12.9960336685,
MC_G2_D075_DENS_LOW_V_LOW_S007,MC_G2_D075_DENS_LOW_V_LOW,7,3.25800347328,3.33780575584,5.87204410363,0,0,13.0320138931,
MC_G2_D075_DENS_LOW_V_LOW_S007,MC_G2_D075_DENS_LOW_V_LOW,7,3.26701331139,3.43466563056,6.62959338059,0,0,13.0680532455,
MC_G2_D075_DENS_LOW_V_LOW_S007,MC_G2_D075_DENS_LOW_V_LOW,7,3.27600836754,3.46688455935,6.68393161045,0,0,13.1040334702,
MC_G2_D075_DENS_LOW_V_LOW_S007,MC_G2_D075_DENS_LOW_V_LOW,7,3.28500342369,3.44682412875,6.75513618951,0,0,13.1400136948,
MC_G2_D075_DENS_LOW_V_LOW_S007,MC_G2_D075_DENS_LOW_V_LOW,7,3.29401302338,3.45604433934,7.12057656324,0,0,13.1760520935,
MC_G2_D075_DENS_LOW_V_LOW_S007,MC_G2_D075_DENS_LOW_V_LOW,7,3.30300831795,3.98600018197,6.96994240427,0,0,13.2120332718,
MC_G2_D075_DENS_LOW_V_LOW_S007,MC_G2_D075_DENS_LOW_V_LOW,7,3.3120033741,3.72954381972,6.64047448132,0,0,13.2480134964,
MC_G2_D075_DENS_LOW_V_LOW_S007,MC_G2_D075_DENS_LOW_V_LOW,7,3.32101297379,3.54674828875,6.60438673489,0,0,13.2840518951,
MC_G2_D075_DENS_LOW_V_LOW_S007,MC_G2_D075_DENS_LOW_V_LOW,7,3.33000802994,3.6960986242,6.72345676274,0,0,13.3200321198,
MC_G2_D075_DENS_LOW_V_LOW_S007,MC_G2_D075_DENS_LOW_V_LOW,7,3.33900308609,3.6933783457,6.71097460821,0,0,13.3560123444,
MC_G2_D075_DENS_LOW_V_LOW_S007,MC_G2_D075_DENS_LOW_V_LOW,7,3.34801292419,3.72739274119,6.24083801752,0,0,13.3920516968,
MC_G2_D075_DENS_LOW_V_LOW_S007,MC_G2_D075_DENS_LOW_V_LOW,7,3.35700798035,3.94393602787,7.2783164349,0,0,13.4280319214,
MC_G2_D075_DENS_LOW_V_LOW_S007,MC_G2_D075_DENS_LOW_V_LOW,7,3.3660030365,4.05925179715,7.30765351939,0,0,13.464012146,
MC_G2_D075_DENS_LOW_V_LOW_S007,MC_G2_D075_DENS_LOW_V_LOW,7,3.3750128746,3.49786009015,7.03225757154,0,0,13.5000514984,
MC_G2_D075_DENS_LOW_V_LOW_S007,MC_G2_D075_DENS_LOW_V_LOW,7,3.38400793076,3.58420662037,7.35675469513,0,0,13.536031723,
MC_G2_D075_DENS_LOW_V_LOW_S007,MC_G2_D075_DENS_LOW_V_LOW,7,3.39300298691,3.324614961,6.9142604298,0,0,13.5720119476,
MC_G2_D075_DENS_LOW_V_LOW_S007,MC_G2_D075_DENS_LOW_V_LOW,7,3.40201282501,3.73152938816,7.41449953973,0,0,13.6080513,
MC_G2_D075_DENS_LOW_V_LOW_S007,MC_G2_D075_DENS_LOW_V_LOW,7,3.41100788116,3.45000280665,6.8293388494,0,0,13.6440315247,
MC_G2_D075_DENS_LOW_V_LOW_S007,MC_G2_D075_DENS_LOW_V_LOW,7,3.42000293732,3.79451910155,6.997144997,0,0,13.6800117493,
MC_G2_D075_DENS_LOW_V_LOW_S007,MC_G2_D075_DENS_LOW_V_LOW,7,3.42901277542,3.83589082112,6.80071255089,0,0,13.7160511017,
MC_G2_D075_DENS_LOW_V_LOW_S007,MC_G2_D075_DENS_LOW_V_LOW,7,3.43800783157,3.92274134199,6.88787170629,0,0,13.7520313263,
MC_G2_D075_DENS_LOW_V_LOW_S007,MC_G2_D075_DENS_LOW_V_LOW,7,3.44700288773,3.97747074805,7.20832302291,0,0,13.7880115509,
MC_G2_D075_DENS_LOW_V_LOW_S007,MC_G2_D075_DENS_LOW_V_LOW,7,3.45601272583,3.89071555436,6.81352146777,0,0,13.8240509033,
MC_G2_D075_DENS_LOW_V_LOW_S007,MC_G2_D075_DENS_LOW_V_LOW,7,3.46500778198,3.63905097166,6.35632530259,0,0,13.8600311279,
MC_G2_D075_DENS_LOW_V_LOW_S007,MC_G2_D075_DENS_LOW_V_LOW,7,3.47400283813,3.86303806766,7.21598831378,0,0,13.8960113525,
MC_G2_D075_DENS_LOW_V_LOW_S007,MC_G2_D075_DENS_LOW_V_LOW,7,3.48301267624,3.77272261104,6.96517863585,0,0,13.932050705,
MC_G2_D075_DENS_LOW_V_LOW_S007,MC_G2_D075_DENS_LOW_V_LOW,7,3.49200773239,3.93143711494,7.40488623454,0,0,13.9680309296,
MC_G2_D075_DENS_LOW_V_LOW_S007,MC_G2_D075_DENS_LOW_V_LOW,7,3.50100278854,3.74944039809,6.52987640352,0,0,14.0040111542,
MC_G2_D075_DENS_LOW_V_LOW_S007,MC_G2_D075_DENS_LOW_V_LOW,7,3.51001238823,3.81194269947,7.76968788916,0,0,14.0400495529,
MC_G2_D075_DENS_LOW_V_LOW_S007,MC_G2_D075_DENS_LOW_V_LOW,7,3.51900744438,3.47575275015,7.61846595136,0,0,14.0760297775,
MC_G2_D075_DENS_LOW_V_LOW_S007,MC_G2_D075_DENS_LOW_V_LOW,7,3.52800250053,3.98336141512,7.94460700167,0,0,14.1120100021,
MC_G2_D075_DENS_LOW_V_LOW_S007,MC_G2_D075_DENS_LOW_V_LOW,7,3.53701233864,3.76291192457,7.25277308233,0,0,14.1480493546,
MC_G2_D075_DENS_LOW_V_LOW_S007,MC_G2_D075_DENS_LOW_V_LOW,7,3.54600739479,3.88961528529,6.92176304786,0,0,14.1840295792,
MC_G2_D075_DENS_LOW_V_LOW_S007,MC_G2_D075_DENS_LOW_V_LOW,7,3.55500245094,3.92620075152,7.04770689008,0,0,14.2200098038,
MC_G2_D075_DENS_LOW_V_LOW_S007,MC_G2_D075_DENS_LOW_V_LOW,7,3.56401228905,3.90748374338,6.99363623677,0,0,14.2560491562,
MC_G2_D075_DENS_LOW_V_LOW_S007,MC_G2_D075_DENS_LOW_V_LOW,7,3.5730073452,3.84583164992,6.87027018477,0,0,14.2920293808,
MC_G2_D075_DENS_LOW_V_LOW_S007,MC_G2_D075_DENS_LOW_V_LOW,7,3.58200240135,3.88507826417,7.01760495797,0,0,14.3280096054,
MC_G2_D075_DENS_LOW_V_LOW_S007,MC_G2_D075_DENS_LOW_V_LOW,7,3.59101223946,4.21787152648,8.04157488226,0,0,14.3640489578,
MC_G2_D075_DENS_LOW_V_LOW_S007,MC_G2_D075_DENS_LOW_V_LOW,7,3.60000729561,3.91535693947,6.87645906977,0,0,14.4000291824,
MC_G2_D075_DENS_LOW_V_LOW_S007,MC_G2_D075_DENS_LOW_V_LOW,7,3.60900235176,3.86461911728,7.22393274548,0,0,14.436009407,
MC_G2_D075_DENS_LOW_V_LOW_S007,MC_G2_D075_DENS_LOW_V_LOW,7,3.61801218987,3.8193895482,6.58863074134,0,0,14.4720487595,
MC_G2_D075_DENS_LOW_V_LOW_S007,MC_G2_D075_DENS_LOW_V_LOW,7,3.62700724602,3.85428786151,7.28235575615,0,0,14.5080289841,
MC_G2_D075_DENS_LOW_V_LOW_S007,MC_G2_D075_DENS_LOW_V_LOW,7,3.63600230217,3.96432416292,7.76498359652,0,0,14.5440092087,
MC_G2_D075_DENS_LOW_V_LOW_S007,MC_G2_D075_DENS_LOW_V_LOW,7,3.64501214027,3.99492833218,7.60722550539,0,0,14.5800485611,
MC_G2_D075_DENS_LOW_V_LOW_S007,MC_G2_D075_DENS_LOW_V_LOW,7,3.65400719643,3.9753890235,7.55076990419,0,0,14.6160287857,
MC_G2_D075_DENS_LOW_V_LOW_S007,MC_G2_D075_DENS_LOW_V_LOW,7,3.66300225258,4.14623080248,7.54809703029,0,0,14.6520090103,
MC_G2_D075_DENS_LOW_V_LOW_S007,MC_G2_D075_DENS_LOW_V_LOW,7,3.67201185226,4.26191351233,7.64287467278,0,0,14.6880474091,
MC_G2_D075_DENS_LOW_V_LOW_S007,MC_G2_D075_DENS_LOW_V_LOW,7,3.68100690842,4.23298848297,7.38783145886,0,0,14.7240276337,
MC_G2_D075_DENS_LOW_V_LOW_S007,MC_G2_D075_DENS_LOW_V_LOW,7,3.69000196457,4.37917589024,7.67758802622,0,0,14.7600078583,
MC_G2_D075_DENS_LOW_V_LOW_S007,MC_G2_D075_DENS_LOW_V_LOW,7,3.69901180267,4.16242702843,7.51975209358,0,0,14.7960472107,
MC_G2_D075_DENS_LOW_V_LOW_S007,MC_G2_D075_DENS_LOW_V_LOW,7,3.70800685883,4.08595970973,7.10444677884,0,0,14.8320274353,
MC_G2_D075_DENS_LOW_V_LOW_S007,MC_G2_D075_DENS_LOW_V_LOW,7,3.71700191498,4.33566303932,7.61953201983,0,0,14.8680076599,
MC_G2_D075_DENS_LOW_V_LOW_S007,MC_G2_D075_DENS_LOW_V_LOW,7,3.72601175308,4.29179485289,7.18307610371,0,0,14.9040470123,
MC_G2_D075_DENS_LOW_V_LOW_S007,MC_G2_D075_DENS_LOW_V_LOW,7,3.73500680923,4.26177894903,7.64602891554,0,0,14.9400272369,
MC_G2_D075_DENS_LOW_V_LOW_S007,MC_G2_D075_DENS_LOW_V_LOW,7,3.74400186539,4.11101638977,7.46813506344,0,0,14.9760074615,
MC_G2_D075_DENS_LOW_V_LOW_S007,MC_G2_D075_DENS_LOW_V_LOW,7,3.75301170349,4.15625728759,7.93398145166,0,0,15.012046814,
MC_G2_D075_DENS_LOW_V_LOW_S007,MC_G2_D075_DENS_LOW_V_LOW,7,3.76200675964,4.10253834963,7.69944760851,0,0,15.0480270386,
MC_G2_D075_DENS_LOW_V_LOW_S007,MC_G2_D075_DENS_LOW_V_LOW,7,3.7710018158,4.35576546914,8.36628984916,0,0,15.0840072632,
MC_G2_D075_DENS_LOW_V_LOW_S007,MC_G2_D075_DENS_LOW_V_LOW,7,3.7800116539,4.17703281018,7.39067502361,0,0,15.1200466156,
MC_G2_D075_DENS_LOW_V_LOW_S007,MC_G2_D075_DENS_LOW_V_LOW,7,3.78900671005,4.22152518241,7.50893549332,0,0,15.1560268402,
MC_G2_D075_DENS_LOW_V_LOW_S007,MC_G2_D075_DENS_LOW_V_LOW,7,3.7980017662,4.35957745108,8.04064462898,0,0,15.1920070648,
MC_G2_D075_DENS_LOW_V_LOW_S007,MC_G2_D075_DENS_LOW_V_LOW,7,3.80701136589,4.00260230828,7.32281804984,0,0,15.2280454636,
MC_G2_D075_DENS_LOW_V_LOW_S007,MC_G2_D075_DENS_LOW_V_LOW,7,3.81600642204,4.4673060058,7.86677876978,0,0,15.2640256882,
MC_G2_D075_DENS_LOW_V_LOW_S007,MC_G2_D075_DENS_LOW_V_LOW,7,3.8250014782,4.23100429609,7.41711843022,0,0,15.3000059128,
MC_G2_D075_DENS_LOW_V_LOW_S007,MC_G2_D075_DENS_LOW_V_LOW,7,3.8340113163,4.44926955083,8.09637991672,0,0,15.3360452652,
MC_G2_D075_DENS_LOW_V_LOW_S007,MC_G2_D075_DENS_LOW_V_LOW,7,3.84300637245,4.53658482624,8.16224527016,0,0,15.3720254898,
MC_G2_D075_DENS_LOW_V_LOW_S007,MC_G2_D075_DENS_LOW_V_LOW,7,3.8520014286,4.10983792478,7.6491113303,0,0,15.4080057144,
MC_G2_D075_DENS_LOW_V_LOW_S007,MC_G2_D075_DENS_LOW_V_LOW,7,3.86101126671,4.3174544428,7.95804714688,0,0,15.4440450668,
MC_G2_D075_DENS_LOW_V_LOW_S007,MC_G2_D075_DENS_LOW_V_LOW,7,3.87000632286,4.48966534113,8.72458786918,0,0,15.4800252914,
MC_G2_D075_DENS_LOW_V_LOW_S007,MC_G2_D075_DENS_LOW_V_LOW,7,3.87900137901,4.48563728426,8.97428770225,0,0,15.5160055161,
MC_G2_D075_DENS_LOW_V_LOW_S007,MC_G2_D075_DENS_LOW_V_LOW,7,3.88801121712,4.21087976141,8.01796976778,0,0,15.5520448685,
MC_G2_D075_DENS_LOW_V_LOW_S007,MC_G2_D075_DENS_LOW_V_LOW,7,3.89700627327,4.5331251404,8.52045169416,0,0,15.5880250931,
MC_G2_D075_DENS_LOW_V_LOW_S007,MC_G2_D075_DENS_LOW_V_LOW,7,3.90600132942,4.73915508258,8.49697201293,0,0,15.6240053177,
MC_G2_D075_DENS_LOW_V_LOW_S007,MC_G2_D075_DENS_LOW_V_LOW,7,3.91501116753,4.45805761153,8.00985015469,0,0,15.6600446701,
MC_G2_D075_DENS_LOW_V_LOW_S007,MC_G2_D075_DENS_LOW_V_LOW,7,3.92400622368,4.29442146207,7.8486444421,0,0,15.6960248947,
MC_G2_D075_DENS_LOW_V_LOW_S007,MC_G2_D075_DENS_LOW_V_LOW,7,3.93300127983,4.34317758417,7.64557888586,0,0,15.7320051193,
MC_G2_D075_DENS_LOW_V_LOW_S007,MC_G2_D075_DENS_LOW_V_LOW,7,3.94201087952,4.52148748781,8.19719705991,0,0,15.7680435181,
MC_G2_D075_DENS_LOW_V_LOW_S007,MC_G2_D075_DENS_LOW_V_LOW,7,3.95100593567,4.33664283694,7.75233615548,0,0,15.8040237427,
MC_G2_D075_DENS_LOW_V_LOW_S007,MC_G2_D075_DENS_LOW_V_LOW,7,3.96000099182,4.44654208825,7.82845106718,0,0,15.8400039673,
MC_G2_D075_DENS_LOW_V_LOW_S007,MC_G2_D075_DENS_LOW_V_LOW,7,3.96901082993,4.4491808551,7.87965317355,0,0,15.8760433197,
MC_G2_D075_DENS_LOW_V_LOW_S007,MC_G2_D075_DENS_LOW_V_LOW,7,3.97800588608,4.52270270211,8.00946313173,0,0,15.9120235443,
MC_G2_D075_DENS_LOW_V_LOW_S007,MC_G2_D075_DENS_LOW_V_LOW,7,3.98700094223,4.60194058785,8.90803140494,0,0,15.9480037689,
MC_G2_D075_DENS_LOW_V_LOW_S007,MC_G2_D075_DENS_LOW_V_LOW,7,3.99601078033,4.61404299498,8.64462994911,0,0,15.9840431213,
MC_G2_D075_DENS_LOW_V_LOW_S007,MC_G2_D075_DENS_LOW_V_LOW,7,4.00500583649,4.63445848478,8.89365168007,0,0,16.0200233459,
MC_G2_D075_DENS_LOW_V_LOW_S007,MC_G2_D075_DENS_LOW_V_LOW,7,4.01400089264,4.38552136466,8.745152196,0,0,16.0560035706,
MC_G2_D075_DENS_LOW_V_LOW_S007,MC_G2_D075_DENS_LOW_V_LOW,7,4.02301073074,4.60076654384,7.86457885897,0,0,16.092042923,
MC_G2_D075_DENS_LOW_V_LOW_S007,MC_G2_D075_DENS_LOW_V_LOW,7,4.0320057869,4.54970681972,8.30897865089,0,0,16.1280231476,
MC_G2_D075_DENS_LOW_V_LOW_S007,MC_G2_D075_DENS_LOW_V_LOW,7,4.04100084305,4.47442487378,8.11152147577,0,0,16.1640033722,
MC_G2_D075_DENS_LOW_V_LOW_S007,MC_G2_D075_DENS_LOW_V_LOW,7,4.05001068115,4.3607672448,8.18906138499,0,0,16.2000427246,
MC_G2_D075_DENS_LOW_V_LOW_S007,MC_G2_D075_DENS_LOW_V_LOW,7,4.0590057373,4.48731559524,8.64463826475,0,0,16.2360229492,
MC_G2_D075_DENS_LOW_V_LOW_S007,MC_G2_D075_DENS_LOW_V_LOW,7,4.06800079346,4.59023717332,8.40371546278,0,0,16.2720031738,
MC_G2_D075_DENS_LOW_V_LOW_S007,MC_G2_D075_DENS_LOW_V_LOW,7,4.07701063156,4.39378526404,7.97098086833,0,0,16.3080425262,
MC_G2_D075_DENS_LOW_V_LOW_S007,MC_G2_D075_DENS_LOW_V_LOW,7,4.08600568771,4.3351806009,7.8650251471,0,0,16.3440227509,
MC_G2_D075_DENS_LOW_V_LOW_S007,MC_G2_D075_DENS_LOW_V_LOW,7,4.09500074387,4.7560553481,8.56956923981,0,0,16.3800029755,
MC_G2_D075_DENS_LOW_V_LOW_S007,MC_G2_D075_DENS_LOW_V_LOW,7,4.10401010513,4.27088310914,8.20775366531,0,0,16.4160404205,
MC_G2_D075_DENS_LOW_V_LOW_S007,MC_G2_D075_DENS_LOW_V_LOW,7,4.11300516129,4.45701674926,9.28295239807,0,0,16.4520206451,
MC_G2_D075_DENS_LOW_V_LOW_S007,MC_G2_D075_DENS_LOW_V_LOW,7,4.12200021744,4.78265411797,9.25041308584,0,0,16.4880008698,
MC_G2_D075_DENS_LOW_V_LOW_S007,MC_G2_D075_DENS_LOW_V_LOW,7,4.13101005554,4.42805828631,8.60682832836,0,0,16.5240402222,
MC_G2_D075_DENS_LOW_V_LOW_S007,MC_G2_D075_DENS_LOW_V_LOW,7,4.14000511169,4.51521413047,8.52552344679,0,0,16.5600204468,
MC_G2_D075_DENS_LOW_V_LOW_S007,MC_G2_D075_DENS_LOW_V_LOW,7,4.14900016785,4.64448828562,8.29798632304,0,0,16.5960006714,
MC_G2_D075_DENS_LOW_V_LOW_S007,MC_G2_D075_DENS_LOW_V_LOW,7,4.15801000595,4.65322578147,8.810939326,0,0,16.6320400238,
MC_G2_D075_DENS_LOW_V_LOW_S007,MC_G2_D075_DENS_LOW_V_LOW,7,4.1670050621,4.60145179429,8.73457495232,0,0,16.6680202484,
MC_G2_D075_DENS_LOW_V_LOW_S007,MC_G2_D075_DENS_LOW_V_LOW,7,4.17600011826,4.9765916002,9.10434745264,0,0,16.704000473,
MC_G2_D075_DENS_LOW_V_LOW_S007,MC_G2_D075_DENS_LOW_V_LOW,7,4.18500995636,4.55498905071,8.7252892918,0,0,16.7400398254,
MC_G2_D075_DENS_LOW_V_LOW_S007,MC_G2_D075_DENS_LOW_V_LOW,7,4.19400501251,4.57398209321,8.37104552215,0,0,16.77602005,
MC_G2_D075_DENS_LOW_V_LOW_S007,MC_G2_D075_DENS_LOW_V_LOW,7,4.20300006866,4.57668993772,8.42919777492,0,0,16.8120002747,
MC_G2_D075_DENS_LOW_V_LOW_S007,MC_G2_D075_DENS_LOW_V_LOW,7,4.21200990677,4.56903447444,9.26733953954,0,0,16.8480396271,
MC_G2_D075_DENS_LOW_V_LOW_S007,MC_G2_D075_DENS_LOW_V_LOW,7,4.22100496292,4.77717929845,8.55669971286,0,0,16.8840198517,
MC_G2_D075_DENS_LOW_V_LOW_S007,MC_G2_D075_DENS_LOW_V_LOW,7,4.23001480103,4.63476297914,8.93870753523,0,0,16.9200592041,
MC_G2_D075_DENS_LOW_V_LOW_S007,MC_G2_D075_DENS_LOW_V_LOW,7,4.23900985718,4.68318780475,9.23371358871,0,0,16.9560394287,
MC_G2_D075_DENS_LOW_V_LOW_S007,MC_G2_D075_DENS_LOW_V_LOW,7,4.24800491333,4.52198263652,9.03252098309,0,0,16.9920196533,
MC_G2_D075_DENS_LOW_V_LOW_S007,MC_G2_D075_DENS_LOW_V_LOW,7,4.25701475143,5.01527288283,9.43469743872,0,0,17.0280590057,
MC_G2_D075_DENS_LOW_V_LOW_S007,MC_G2_D075_DENS_LOW_V_LOW,7,4.26600980759,4.39004622812,8.66929018576,0,0,17.0640392303,
MC_G2_D075_DENS_LOW_V_LOW_S007,MC_G2_D075_DENS_LOW_V_LOW,7,4.27500486374,4.72559043941,9.11284640232,0,0,17.100019455,
MC_G2_D075_DENS_LOW_V_LOW_S007,MC_G2_D075_DENS_LOW_V_LOW,7,4.28401470184,4.83944038061,8.65909368917,0,0,17.1360588074,
MC_G2_D075_DENS_LOW_V_LOW_S007,MC_G2_D075_DENS_LOW_V_LOW,7,4.293009758,4.59287041396,9.16850671201,0,0,17.172039032,
MC_G2_D075_DENS_LOW_V_LOW_S007,MC_G2_D075_DENS_LOW_V_LOW,7,4.30200481415,4.97118530573,8.81886939689,0,0,17.2080192566,
MC_G2_D075_DENS_LOW_V_LOW_S007,MC_G2_D075_DENS_LOW_V_LOW,7,4.31101417542,4.99845053692,9.48975130045,0,0,17.2440567017,
MC_G2_D075_DENS_LOW_V_LOW_S007,MC_G2_D075_DENS_LOW_V_LOW,7,4.32000923157,5.25514038168,9.79893159605,0,0,17.2800369263,
MC_G2_D075_DENS_LOW_V_LOW_S007,MC_G2_D075_DENS_LOW_V_LOW,7,4.32900428772,4.5924258301,9.55178203491,0,0,17.3160171509,
MC_G2_D075_DENS_LOW_V_LOW_S007,MC_G2_D075_DENS_LOW_V_LOW,7,4.33801412582,5.02410266644,9.3452095462,0,0,17.3520565033,
MC_G2_D075_DENS_LOW_V_LOW_S007,MC_G2_D075_DENS_LOW_V_LOW,7,4.34700918198,4.72721680399,8.77086816519,0,0,17.3880367279,
MC_G2_D075_DENS_LOW_V_LOW_S007,MC_G2_D075_DENS_LOW_V_LOW,7,4.35600423813,4.59452496222,9.46826806024,0,0,17.4240169525,
MC_G2_D075_DENS_LOW_V_LOW_S007,MC_G2_D075_DENS_LOW_V_LOW,7,4.36501407623,4.73100557583,9.014505492,0,0,17.4600563049,
MC_G2_D075_DENS_LOW_V_LOW_S007,MC_G2_D075_DENS_LOW_V_LOW,7,4.37400913239,4.86620604212,9.86861295926,0,0,17.4960365295,
MC_G2_D075_DENS_LOW_V_LOW_S007,MC_G2_D075_DENS_LOW_V_LOW,7,4.38300418854,4.66780945837,9.21116377678,0,0,17.5320167542,
MC_G2_D075_DENS_LOW_V_LOW_S007,MC_G2_D075_DENS_LOW_V_LOW,7,4.39201402664,4.62296782947,9.21808122874,0,0,17.5680561066,
MC_G2_D075_DENS_LOW_V_LOW_S007,MC_G2_D075_DENS_LOW_V_LOW,7,4.40100908279,5.00348989083,9.35923046014,0,0,17.6040363312,
MC_G2_D075_DENS_LOW_V_LOW_S007,MC_G2_D075_DENS_LOW_V_LOW,7,4.41000413895,4.72272951879,8.69088814193,0,0,17.6400165558,
MC_G2_D075_DENS_LOW_V_LOW_S007,MC_G2_D075_DENS_LOW_V_LOW,7,4.41901397705,4.85491377786,8.9859030698,0,0,17.6760559082,
MC_G2_D075_DENS_LOW_V_LOW_S007,MC_G2_D075_DENS_LOW_V_LOW,7,4.4280090332,4.94070216053,9.32401437617,0,0,17.7120361328,
MC_G2_D075_DENS_LOW_V_LOW_S007,MC_G2_D075_DENS_LOW_V_LOW,7,4.43700408936,4.88739409654,9.48719162018,0,0,17.7480163574,
MC_G2_D075_DENS_LOW_V_LOW_S007,MC_G2_D075_DENS_LOW_V_LOW,7,4.44601392746,4.94384326018,9.17487901214,0,0,17.7840557098,
MC_G2_D075_DENS_LOW_V_LOW_S007,MC_G2_D075_DENS_LOW_V_LOW,7,4.45500898361,5.04014857939,9.41905732355,0,0,17.8200359344,
MC_G2_D075_DENS_LOW_V_LOW_S007,MC_G2_D075_DENS_LOW_V_LOW,7,4.46400403976,5.03253732581,9.14955609126,0,0,17.8560161591,
MC_G2_D075_DENS_LOW_V_LOW_S007,MC_G2_D075_DENS_LOW_V_LOW,7,4.47301387787,5.17540264995,10.0084102395,0,0,17.8920555115,
MC_G2_D075_DENS_LOW_V_LOW_S007,MC_G2_D075_DENS_LOW_V_LOW,7,4.48200893402,5.17580495828,10.1439414427,0,0,17.9280357361,
MC_G2_D075_DENS_LOW_V_LOW_S007,MC_G2_D075_DENS_LOW_V_LOW,7,4.49100399017,5.11540842048,9.72099512154,0,0,17.9640159607,
MC_G2_D075_DENS_LOW_V_LOW_S007,MC_G2_D075_DENS_LOW_V_LOW,7,4.50001335144,5.01493246809,9.61225754345,0,0,18.0000534058,
MC_G2_D075_DENS_LOW_V_LOW_S007,MC_G2_D075_DENS_LOW_V_LOW,7,4.50900840759,5.26636522614,10.0959946275,0,0,18.0360336304,
MC_G2_D075_DENS_LOW_V_LOW_S007,MC_G2_D075_DENS_LOW_V_LOW,7,4.51800346375,5.09772343267,10.2321788075,0,0,18.072013855,
MC_G2_D075_DENS_LOW_V_LOW_S007,MC_G2_D075_DENS_LOW_V_LOW,7,4.52701330185,5.03428803018,9.88486798078,0,0,18.1080532074,
MC_G2_D075_DENS_LOW_V_LOW_S007,MC_G2_D075_DENS_LOW_V_LOW,7,4.536008358,4.93623532232,9.5884539669,0,0,18.144033432,
MC_G2_D075_DENS_LOW_V_LOW_S007,MC_G2_D075_DENS_LOW_V_LOW,7,4.54500341415,4.95536430967,10.1079892428,0,0,18.1800136566,
MC_G2_D075_DENS_LOW_V_LOW_S007,MC_G2_D075_DENS_LOW_V_LOW,7,4.55401325226,5.04800519684,9.95572639873,0,0,18.216053009,
MC_G2_D075_DENS_LOW_V_LOW_S007,MC_G2_D075_DENS_LOW_V_LOW,7,4.56300830841,5.40118548896,10.1586327731,0,0,18.2520332336,
MC_G2_D075_DENS_LOW_V_LOW_S007,MC_G2_D075_DENS_LOW_V_LOW,7,4.57200336456,5.57002291037,10.8435736994,0,0,18.2880134583,
MC_G2_D075_DENS_LOW_V_LOW_S007,MC_G2_D075_DENS_LOW_V_LOW,7,4.58101320267,5.32013196584,10.2930077077,0,0,18.3240528107,
MC_G2_D075_DENS_LOW_V_LOW_S007,MC_G2_D075_DENS_LOW_V_LOW,7,4.59000825882,5.08434115454,9.63676436083,0,0,18.3600330353,
MC_G2_D075_DENS_LOW_V_LOW_S007,MC_G2_D075_DENS_LOW_V_LOW,7,4.59900331497,4.93440614572,9.97030543952,0,0,18.3960132599,
MC_G2_D075_DENS_LOW_V_LOW_S007,MC_G2_D075_DENS_LOW_V_LOW,7,4.60801315308,5.03399790398,10.3501461012,0,0,18.4320526123,
MC_G2_D075_DENS_LOW_V_LOW_S007,MC_G2_D075_DENS_LOW_V_LOW,7,4.61700820923,5.23703098069,10.3387845071,0,0,18.4680328369,
MC_G2_D075_DENS_LOW_V_LOW_S007,MC_G2_D075_DENS_LOW_V_LOW,7,4.62600326538,5.25963374571,9.77093968227,0,0,18.5040130615,
MC_G2_D075_DENS_LOW_V_LOW_S007,MC_G2_D075_DENS_LOW_V_LOW,7,4.63501310349,5.15871624888,10.0568344707,0,0,18.5400524139,
MC_G2_D075_DENS_LOW_V_LOW_S007,MC_G2_D075_DENS_LOW_V_LOW,7,4.64400815964,5.2070219846,10.1143890395,0,0,18.5760326385,
MC_G2_D075_DENS_LOW_V_LOW_S007,MC_G2_D075_DENS_LOW_V_LOW,7,4.65300321579,5.17735285062,10.3819588258,0,0,18.6120128632,
MC_G2_D075_DENS_LOW_V_LOW_S007,MC_G2_D075_DENS_LOW_V_LOW,7,4.66201257706,5.02466855068,9.78725707756,0,0,18.6480503082,
MC_G2_D075_DENS_LOW_V_LOW_S007,MC_G2_D075_DENS_LOW_V_LOW,7,4.67100763321,5.13154275284,10.2151010835,0,0,18.6840305328,
MC_G2_D075_DENS_LOW_V_LOW_S007,MC_G2_D075_DENS_LOW_V_LOW,7,4.68000268936,5.37123009713,10.6872525603,0,0,18.7200107574,
MC_G2_D075_DENS_LOW_V_LOW_S007,MC_G2_D075_DENS_LOW_V_LOW,7,4.68901252747,5.4633399152,9.89868463147,0,0,18.7560501099,
MC_G2_D075_DENS_LOW_V_LOW_S007,MC_G2_D075_DENS_LOW_V_LOW,7,4.69800758362,5.39206834225,10.6242449545,0,0,18.7920303345,
MC_G2_D075_DENS_LOW_V_LOW_S007,MC_G2_D075_DENS_LOW_V_LOW,7,4.70700263977,5.32069619221,10.2592336028,0,0,18.8280105591,
MC_G2_D075_DENS_LOW_V_LOW_S007,MC_G2_D075_DENS_LOW_V_LOW,7,4.71601247787,5.24396306266,10.4970063737,0,0,18.8640499115,
MC_G2_D075_DENS_LOW_V_LOW_S007,MC_G2_D075_DENS_LOW_V_LOW,7,4.72500753403,4.82633386053,11.3841039174,0,0,18.9000301361,
MC_G2_D075_DENS_LOW_V_LOW_S007,MC_G2_D075_DENS_LOW_V_LOW,7,4.73400259018,5.85262627455,11.0788513402,0,0,18.9360103607,
MC_G2_D075_DENS_LOW_V_LOW_S007,MC_G2_D075_DENS_LOW_V_LOW,7,4.74301242828,5.31200069558,10.4646416625,0,0,18.9720497131,
MC_G2_D075_DENS_LOW_V_LOW_S007,MC_G2_D075_DENS_LOW_V_LOW,7,4.75200748444,5.42707414041,11.4415905303,0,0,19.0080299377,
MC_G2_D075_DENS_LOW_V_LOW_S007,MC_G2_D075_DENS_LOW_V_LOW,7,4.76100254059,5.37043763814,10.7399180208,0,0,19.0440101624,
MC_G2_D075_DENS_LOW_V_LOW_S007,MC_G2_D075_DENS_LOW_V_LOW,7,4.77001237869,5.16813567946,10.2841858035,0,0,19.0800495148,
MC_G2_D075_DENS_LOW_V_LOW_S007,MC_G2_D075_DENS_LOW_V_LOW,7,4.77900743484,5.49395237379,10.3672107335,0,0,19.1160297394,
MC_G2_D075_DENS_LOW_V_LOW_S007,MC_G2_D075_DENS_LOW_V_LOW,7,4.788002491,5.4834857258,10.9267320817,0,0,19.152009964,
MC_G2_D075_DENS_LOW_V_LOW_S007,MC_G2_D075_DENS_LOW_V_LOW,7,4.7970123291,5.23145724195,10.4736967022,0,0,19.1880493164,
MC_G2_D075_DENS_LOW_V_LOW_S007,MC_G2_D075_DENS_LOW_V_LOW,7,4.80600738525,5.20418040572,10.8593100539,0,0,19.224029541,
MC_G2_D075_DENS_LOW_V_LOW_S007,MC_G2_D075_DENS_LOW_V_LOW,7,4.81500244141,5.36795526313,10.8904974368,0,0,19.2600097656,
MC_G2_D075_DENS_LOW_V_LOW_S007,MC_G2_D075_DENS_LOW_V_LOW,7,4.82401180267,5.1845081916,11.869393739,0,0,19.2960472107,
MC_G2_D075_DENS_LOW_V_LOW_S007,MC_G2_D075_DENS_LOW_V_LOW,7,4.83300685883,5.08559449972,11.0941178134,0,0,19.3320274353,
MC_G2_D075_DENS_LOW_V_LOW_S007,MC_G2_D075_DENS_LOW_V_LOW,7,4.84200191498,4.99218381103,11.0697344412,0,0,19.3680076599,
MC_G2_D075_DENS_LOW_V_LOW_S007,MC_G2_D075_DENS_LOW_V_LOW,7,4.85101175308,5.29969050283,11.6300401185,0,0,19.4040470123,
MC_G2_D075_DENS_LOW_V_LOW_S007,MC_G2_D075_DENS_LOW_V_LOW,7,4.86000680923,5.28973779268,11.2228797423,0,0,19.4400272369,
MC_G2_D075_DENS_LOW_V_LOW_S007,MC_G2_D075_DENS_LOW_V_LOW,7,4.86900186539,5.10818234397,11.1265209597,0,0,19.4760074615,
MC_G2_D075_DENS_LOW_V_LOW_S007,MC_G2_D075_DENS_LOW_V_LOW,7,4.87801170349,5.16659828692,11.4147157718,0,0,19.512046814,
MC_G2_D075_DENS_LOW_V_LOW_S007,MC_G2_D075_DENS_LOW_V_LOW,7,4.88700675964,5.43322371057,11.596800032,0,0,19.5480270386,
MC_G2_D075_DENS_LOW_V_LOW_S007,MC_G2_D075_DENS_LOW_V_LOW,7,4.8960018158,5.27835213541,10.2611400091,0,0,19.5840072632,
MC_G2_D075_DENS_LOW_V_LOW_S007,MC_G2_D075_DENS_LOW_V_LOW,7,4.9050116539,5.44727797624,10.9058555654,0,0,19.6200466156,
MC_G2_D075_DENS_LOW_V_LOW_S007,MC_G2_D075_DENS_LOW_V_LOW,7,4.91400671005,5.56485369045,11.5425478282,0,0,19.6560268402,
MC_G2_D075_DENS_LOW_V_LOW_S007,MC_G2_D075_DENS_LOW_V_LOW,7,4.9230017662,5.56681052258,11.4862534317,0,0,19.6920070648,
MC_G2_D075_DENS_LOW_V_LOW_S007,MC_G2_D075_DENS_LOW_V_LOW,7,4.93201160431,5.7031101527,11.3569296039,0,0,19.7280464172,
MC_G2_D075_DENS_LOW_V_LOW_S007,MC_G2_D075_DENS_LOW_V_LOW,7,4.94100666046,5.34603995904,11.5124766781,0,0,19.7640266418,
MC_G2_D075_DENS_LOW_V_LOW_S007,MC_G2_D075_DENS_LOW_V_LOW,7,4.95000171661,5.84024258316,11.4442172901,0,0,19.8000068665,
MC_G2_D075_DENS_LOW_V_LOW_S007,MC_G2_D075_DENS_LOW_V_LOW,7,4.95901155472,5.59061302851,12.3108374377,0,0,19.8360462189,
MC_G2_D075_DENS_LOW_V_LOW_S007,MC_G2_D075_DENS_LOW_V_LOW,7,4.96800661087,5.30591688736,11.7780835989,0,0,19.8720264435,
MC_G2_D075_DENS_LOW_V_LOW_S007,MC_G2_D075_DENS_LOW_V_LOW,7,4.97700166702,5.31887254182,11.2565655017,0,0,19.9080066681,
MC_G2_D075_DENS_LOW_V_LOW_S007,MC_G2_D075_DENS_LOW_V_LOW,7,4.98601102829,5.62634828683,11.3114571201,0,0,19.9440441132,
MC_G2_D075_DENS_LOW_V_LOW_S007,MC_G2_D075_DENS_LOW_V_LOW,7,4.99500608444,5.83118235645,12.4676258429,0,0,19.9800243378,
MC_G2_D075_DENS_LOW_V_LOW_S007,MC_G2_D075_DENS_LOW_V_LOW,7,5.00400114059,5.55704515106,11.8668780041,0,0,20.0160045624,
MC_G2_D075_DENS_LOW_V_LOW_S007,MC_G2_D075_DENS_LOW_V_LOW,7,5.0130109787,5.57676765371,11.7316245819,0,0,20.0520439148,
MC_G2_D075_DENS_LOW_V_LOW_S007,MC_G2_D075_DENS_LOW_V_LOW,7,5.02200603485,5.24134584804,11.3232985993,0,0,20.0880241394,
MC_G2_D075_DENS_LOW_V_LOW_S007,MC_G2_D075_DENS_LOW_V_LOW,7,5.031001091,5.64782315172,12.4884937929,0,0,20.124004364,
MC_G2_D075_DENS_LOW_V_LOW_S007,MC_G2_D075_DENS_LOW_V_LOW,7,5.04001092911,5.41474792164,11.6680238793,0,0,20.1600437164,
MC_G2_D075_DENS_LOW_V_LOW_S007,MC_G2_D075_DENS_LOW_V_LOW,7,5.04900598526,5.51023038769,11.6491042288,0,0,20.196023941,
MC_G2_D075_DENS_LOW_V_LOW_S007,MC_G2_D075_DENS_LOW_V_LOW,7,5.05800104141,5.5550358199,11.8605913735,0,0,20.2320041656,
MC_G2_D075_DENS_LOW_V_LOW_S007,MC_G2_D075_DENS_LOW_V_LOW,7,5.06701087952,5.87646470087,12.4196132052,0,0,20.2680435181,
MC_G2_D075_DENS_LOW_V_LOW_S007,MC_G2_D075_DENS_LOW_V_LOW,7,5.07600593567,5.76470035257,12.4794378941,0,0,20.3040237427,
MC_G2_D075_DENS_LOW_V_LOW_S007,MC_G2_D075_DENS_LOW_V_LOW,7,5.08500099182,5.16405457093,12.5896543866,0,0,20.3400039673,
MC_G2_D075_DENS_LOW_V_LOW_S007,MC_G2_D075_DENS_LOW_V_LOW,7,5.09401082993,5.44667119802,12.2265035432,0,0,20.3760433197,
MC_G2_D075_DENS_LOW_V_LOW_S007,MC_G2_D075_DENS_LOW_V_LOW,7,5.10300588608,5.69537566456,12.1159437085,0,0,20.4120235443,
MC_G2_D075_DENS_LOW_V_LOW_S007,MC_G2_D075_DENS_LOW_V_LOW,7,5.11200094223,5.38294290622,11.9560309131,0,0,20.4480037689,
MC_G2_D075_DENS_LOW_V_LOW_S007,MC_G2_D075_DENS_LOW_V_LOW,7,5.1210103035,5.39434403689,12.0236325787,0,0,20.484041214,
MC_G2_D075_DENS_LOW_V_LOW_S007,MC_G2_D075_DENS_LOW_V_LOW,7,5.13000535965,5.40990695879,12.255803048,0,0,20.5200214386,
MC_G2_D075_DENS_LOW_V_LOW_S007,MC_G2_D075_DENS_LOW_V_LOW,7,5.1390004158,5.64609510482,12.4536955948,0,0,20.5560016632,
MC_G2_D075_DENS_LOW_V_LOW_S007,MC_G2_D075_DENS_LOW_V_LOW,7,5.14801025391,5.63305710978,12.1376169425,0,0,20.5920410156,
MC_G2_D075_DENS_LOW_V_LOW_S007,MC_G2_D075_DENS_LOW_V_LOW,7,5.15700531006,5.50293191778,12.2680254329,0,0,20.6280212402,
MC_G2_D075_DENS_LOW_V_LOW_S007,MC_G2_D075_DENS_LOW_V_LOW,7,5.16600036621,5.41111277853,12.7385054307,0,0,20.6640014648,
MC_G2_D075_DENS_LOW_V_LOW_S007,MC_G2_D075_DENS_LOW_V_LOW,7,5.17501020432,5.75104673736,12.6965276125,0,0,20.7000408173,
MC_G2_D075_DENS_LOW_V_LOW_S007,MC_G2_D075_DENS_LOW_V_LOW,7,5.18400526047,5.72129305233,12.8751727243,0,0,20.7360210419,
MC_G2_D075_DENS_LOW_V_LOW_S007,MC_G2_D075_DENS_LOW_V_LOW,7,5.19300031662,5.85354141547,13.0336386739,0,0,20.7720012665,
MC_G2_D075_DENS_LOW_V_LOW_S007,MC_G2_D075_DENS_LOW_V_LOW,7,5.20201015472,5.45472952226,13.6334893306,0,0,20.8080406189,
MC_G2_D075_DENS_LOW_V_LOW_S007,MC_G2_D075_DENS_LOW_V_LOW,7,5.21100521088,5.40310861118,12.1981288436,0,0,20.8440208435,
MC_G2_D075_DENS_LOW_V_LOW_S007,MC_G2_D075_DENS_LOW_V_LOW,7,5.22000026703,5.43704342921,12.7608960312,0,0,20.8800010681,
MC_G2_D075_DENS_LOW_V_LOW_S007,MC_G2_D075_DENS_LOW_V_LOW,7,5.22901010513,5.56866014617,12.7240007889,0,0,20.9160404205,
MC_G2_D075_DENS_LOW_V_LOW_S007,MC_G2_D075_DENS_LOW_V_LOW,7,5.23800516129,5.38384091589,12.0051467759,0,0,20.9520206451,
MC_G2_D075_DENS_LOW_V_LOW_S007,MC_G2_D075_DENS_LOW_V_LOW,7,5.24700021744,5.18231428492,13.0423276647,0,0,20.9880008698,
MC_G2_D075_DENS_LOW_V_LOW_S007,MC_G2_D075_DENS_LOW_V_LOW,7,5.2560095787,5.73349603654,12.5020355606,0,0,21.0240383148,
MC_G2_D075_DENS_LOW_V_LOW_S007,MC_G2_D075_DENS_LOW_V_LOW,7,5.26500463486,5.82881879502,13.0506526639,0,0,21.0600185394,
MC_G2_D075_DENS_LOW_V_LOW_S007,MC_G2_D075_DENS_LOW_V_LOW,7,5.27401447296,5.59378728544,13.1707439839,0,0,21.0960578918,
MC_G2_D075_DENS_LOW_V_LOW_S007,MC_G2_D075_DENS_LOW_V_LOW,7,5.28300952911,5.90829789997,13.383370404,0,0,21.1320381165,
MC_G2_D075_DENS_LOW_V_LOW_S007,MC_G2_D075_DENS_LOW_V_LOW,7,5.29200458527,5.86633791499,13.2367919659,0,0,21.1680183411,
MC_G2_D075_DENS_LOW_V_LOW_S007,MC_G2_D075_DENS_LOW_V_LOW,7,5.30101442337,5.37604011319,13.2766854694,0,0,21.2040576935,
MC_G2_D075_DENS_LOW_V_LOW_S007,MC_G2_D075_DENS_LOW_V_LOW,7,5.31000947952,6.0916620783,13.4456473757,0,0,21.2400379181,
MC_G2_D075_DENS_LOW_V_LOW_S007,MC_G2_D075_DENS_LOW_V_LOW,7,5.31900453568,5.55402120714,13.3621765422,0,0,21.2760181427,
MC_G2_D075_DENS_LOW_V_LOW_S007,MC_G2_D075_DENS_LOW_V_LOW,7,5.32801437378,5.79649486818,13.3722087101,0,0,21.3120574951,
MC_G2_D075_DENS_LOW_V_LOW_S007,MC_G2_D075_DENS_LOW_V_LOW,7,5.33700942993,5.41254185729,12.8026433347,0,0,21.3480377197,
MC_G2_D075_DENS_LOW_V_LOW_S007,MC_G2_D075_DENS_LOW_V_LOW,7,5.34600448608,5.91978192384,13.6029939039,0,0,21.3840179443,
MC_G2_D075_DENS_LOW_V_LOW_S007,MC_G2_D075_DENS_LOW_V_LOW,7,5.35501432419,5.6641238231,13.3061889472,0,0,21.4200572968,
MC_G2_D075_DENS_LOW_V_LOW_S007,MC_G2_D075_DENS_LOW_V_LOW,7,5.36400938034,5.86205841541,13.3559760837,0,0,21.4560375214,
MC_G2_D075_DENS_LOW_V_LOW_S007,MC_G2_D075_DENS_LOW_V_LOW,7,5.37300443649,5.54389442126,13.2846673143,0,0,21.492017746,
MC_G2_D075_DENS_LOW_V_LOW_S007,MC_G2_D075_DENS_LOW_V_LOW,7,5.38201379776,6.0084251483,13.8214432072,0,0,21.528055191,
MC_G2_D075_DENS_LOW_V_LOW_S007,MC_G2_D075_DENS_LOW_V_LOW,7,5.39100885391,5.52670513479,13.1487543336,0,0,21.5640354156,
MC_G2_D075_DENS_LOW_V_LOW_S007,MC_G2_D075_DENS_LOW_V_LOW,7,5.40000391006,5.81529836156,13.6672546236,0,0,21.6000156403,
MC_G2_D075_DENS_LOW_V_LOW_S007,MC_G2_D075_DENS_LOW_V_LOW,7,5.40901374817,5.83075960114,13.447090842,0,0,21.6360549927,
MC_G2_D075_DENS_LOW_V_LOW_S007,MC_G2_D075_DENS_LOW_V_LOW,7,5.41800880432,5.39332389791,13.6028444045,0,0,21.6720352173,
MC_G2_D075_DENS_LOW_V_LOW_S007,MC_G2_D075_DENS_LOW_V_LOW,7,5.42700386047,5.72307415087,14.0066861382,0,0,21.7080154419,
MC_G2_D075_DENS_LOW_V_LOW_S007,MC_G2_D075_DENS_LOW_V_LOW,7,5.43601369858,5.98444967189,14.4375866225,0,0,21.7440547943,
MC_G2_D075_DENS_LOW_V_LOW_S007,MC_G2_D075_DENS_LOW_V_LOW,7,5.44500875473,6.04423722098,14.3407704437,0,0,21.7800350189,
MC_G2_D075_DENS_LOW_V_LOW_S007,MC_G2_D075_DENS_LOW_V_LOW,7,5.45400381088,5.85089988551,13.9453338582,0,0,21.8160152435,
MC_G2_D075_DENS_LOW_V_LOW_S007,MC_G2_D075_DENS_LOW_V_LOW,7,5.46301364899,6.00973043989,14.2684878686,0,0,21.8520545959,
MC_G2_D075_DENS_LOW_V_LOW_S007,MC_G2_D075_DENS_LOW_V_LOW,7,5.47200870514,5.76134925682,14.1311877084,0,0,21.8880348206,
MC_G2_D075_DENS_LOW_V_LOW_S007,MC_G2_D075_DENS_LOW_V_LOW,7,5.48100376129,6.01412046373,14.512686192,0,0,21.9240150452,
MC_G2_D075_DENS_LOW_V_LOW_S007,MC_G2_D075_DENS_LOW_V_LOW,7,5.4900135994,5.9557177837,13.7125209538,0,0,21.9600543976,
MC_G2_D075_DENS_LOW_V_LOW_S007,MC_G2_D075_DENS_LOW_V_LOW,7,5.49900865555,5.50821829343,13.2091491419,0,0,21.9960346222,
MC_G2_D075_DENS_LOW_V_LOW_S007,MC_G2_D075_DENS_LOW_V_LOW,7,5.50800323486,5.84649051992,13.8587162929,0,0,22.0320129395,
MC_G2_D075_DENS_LOW_V_LOW_S007,MC_G2_D075_DENS_LOW_V_LOW,7,5.51701307297,5.82915313093,14.5558134847,0,0,22.0680522919,
MC_G2_D075_DENS_LOW_V_LOW_S007,MC_G2_D075_DENS_LOW_V_LOW,7,5.52600812912,6.10993173947,14.2892832551,0,0,22.1040325165,
MC_G2_D075_DENS_LOW_V_LOW_S007,MC_G2_D075_DENS_LOW_V_LOW,7,5.53500318527,5.89938135481,14.3997811546,0,0,22.1400127411,
MC_G2_D075_DENS_LOW_V_LOW_S007,MC_G2_D075_DENS_LOW_V_LOW,7,5.54401302338,5.95808134512,14.6183912836,0,0,22.1760520935,
MC_G2_D075_DENS_LOW_V_LOW_S007,MC_G2_D075_DENS_LOW_V_LOW,7,5.55300807953,5.61155682431,14.089922477,0,0,22.2120323181,
MC_G2_D075_DENS_LOW_V_LOW_S007,MC_G2_D075_DENS_LOW_V_LOW,7,5.56200313568,6.06139998164,15.006511412,0,0,22.2480125427,
MC_G2_D075_DENS_LOW_V_LOW_S007,MC_G2_D075_DENS_LOW_V_LOW,7,5.57101297379,6.02738116517,15.1816277852,0,0,22.2840518951,
MC_G2_D075_DENS_LOW_V_LOW_S007,MC_G2_D075_DENS_LOW_V_LOW,7,5.58000802994,6.09439865913,14.523010641,0,0,22.3200321198,
MC_G2_D075_DENS_LOW_V_LOW_S007,MC_G2_D075_DENS_LOW_V_LOW,7,5.58900308609,5.48303202368,14.4836723099,0,0,22.3560123444,
MC_G2_D075_DENS_LOW_V_LOW_S007,MC_G2_D075_DENS_LOW_V_LOW,7,5.59801292419,6.15668737236,14.5399255662,0,0,22.3920516968,
MC_G2_D075_DENS_LOW_V_LOW_S007,MC_G2_D075_DENS_LOW_V_LOW,7,5.60700798035,6.07634065192,14.693743947,0,0,22.4280319214,
MC_G2_D075_DENS_LOW_V_LOW_S007,MC_G2_D075_DENS_LOW_V_LOW,7,5.6160030365,6.09531380005,14.9176451474,0,0,22.464012146,
MC_G2_D075_DENS_LOW_V_LOW_S007,MC_G2_D075_DENS_LOW_V_LOW,7,5.62501239777,6.18804973809,14.5969053405,0,0,22.5000495911,
MC_G2_D075_DENS_LOW_V_LOW_S007,MC_G2_D075_DENS_LOW_V_LOW,7,5.63400745392,6.2788962638,14.9179526566,0,0,22.5360298157,
MC_G2_D075_DENS_LOW_V_LOW_S007,MC_G2_D075_DENS_LOW_V_LOW,7,5.64300251007,6.40873022435,14.887555963,0,0,22.5720100403,
MC_G2_D075_DENS_LOW_V_LOW_S007,MC_G2_D075_DENS_LOW_V_LOW,7,5.65201234818,6.03423753802,14.8816179533,0,0,22.6080493927,
MC_G2_D075_DENS_LOW_V_LOW_S007,MC_G2_D075_DENS_LOW_V_LOW,7,5.66100740433,6.63883345692,15.8351717257,0,0,22.6440296173,
MC_G2_D075_DENS_LOW_V_LOW_S007,MC_G2_D075_DENS_LOW_V_LOW,7,5.67000246048,6.28342775871,15.255729731,0,0,22.6800098419,
MC_G2_D075_DENS_LOW_V_LOW_S007,MC_G2_D075_DENS_LOW_V_LOW,7,5.67901229858,6.1349594069,15.4168094837,0,0,22.7160491943,
MC_G2_D075_DENS_LOW_V_LOW_S007,MC_G2_D075_DENS_LOW_V_LOW,7,5.68800735474,5.84707850902,15.1472227307,0,0,22.7520294189,
MC_G2_D075_DENS_LOW_V_LOW_S007,MC_G2_D075_DENS_LOW_V_LOW,7,5.69700241089,6.23357855162,15.5340939436,0,0,22.7880096436,
MC_G2_D075_DENS_LOW_V_LOW_S007,MC_G2_D075_DENS_LOW_V_LOW,7,5.70601224899,5.94172430637,15.0181440476,0,0,22.824048996,
MC_G2_D075_DENS_LOW_V_LOW_S007,MC_G2_D075_DENS_LOW_V_LOW,7,5.71500730515,6.19242926213,15.3287519533,0,0,22.8600292206,
MC_G2_D075_DENS_LOW_V_LOW_S007,MC_G2_D075_DENS_LOW_V_LOW,7,5.7240023613,6.21927284324,15.0062094388,0,0,22.8960094452,
MC_G2_D075_DENS_LOW_V_LOW_S007,MC_G2_D075_DENS_LOW_V_LOW,7,5.7330121994,6.08382093424,15.3268174552,0,0,22.9320487976,
MC_G2_D075_DENS_LOW_V_LOW_S007,MC_G2_D075_DENS_LOW_V_LOW,7,5.74200725555,6.26296253298,15.2536744951,0,0,22.9680290222,
MC_G2_D075_DENS_LOW_V_LOW_S007,MC_G2_D075_DENS_LOW_V_LOW,7,5.75100231171,6.19253149707,15.3332403522,0,0,23.0040092468,
MC_G2_D075_DENS_LOW_V_LOW_S007,MC_G2_D075_DENS_LOW_V_LOW,7,5.76001167297,6.20138172768,15.8648456781,0,0,23.0400466919,
MC_G2_D075_DENS_LOW_V_LOW_S007,MC_G2_D075_DENS_LOW_V_LOW,7,5.76900672913,6.05756423698,15.8273355924,0,0,23.0760269165,
MC_G2_D075_DENS_LOW_V_LOW_S007,MC_G2_D075_DENS_LOW_V_LOW,7,5.77800178528,6.29575784582,15.805918295,0,0,23.1120071411,
MC_G2_D075_DENS_LOW_V_LOW_S007,MC_G2_D075_DENS_LOW_V_LOW,7,5.78701162338,6.00469219122,15.5898561596,0,0,23.1480464935,
MC_G2_D075_DENS_LOW_V_LOW_S007,MC_G2_D075_DENS_LOW_V_LOW,7,5.79600667953,6.11164431298,15.3635004185,0,0,23.1840267181,
MC_G2_D075_DENS_LOW_V_LOW_S007,MC_G2_D075_DENS_LOW_V_LOW,7,5.80500173569,6.06348281143,16.0324239926,0,0,23.2200069427,
MC_G2_D075_DENS_LOW_V_LOW_S007,MC_G2_D075_DENS_LOW_V_LOW,7,5.81401157379,6.1601136246,16.1746956128,0,0,23.2560462952,
MC_G2_D075_DENS_LOW_V_LOW_S007,MC_G2_D075_DENS_LOW_V_LOW,7,5.82300662994,6.15386845095,15.3601442986,0,0,23.2920265198,
MC_G2_D075_DENS_LOW_V_LOW_S007,MC_G2_D075_DENS_LOW_V_LOW,7,5.8320016861,6.11854323766,15.8607197335,0,0,23.3280067444,
MC_G2_D075_DENS_LOW_V_LOW_S007,MC_G2_D075_DENS_LOW_V_LOW,7,5.8410115242,6.63019432767,15.8017499672,0,0,23.3640460968,
MC_G2_D075_DENS_LOW_V_LOW_S007,MC_G2_D075_DENS_LOW_V_LOW,7,5.85000658035,6.12380198224,15.5706441842,0,0,23.4000263214,
MC_G2_D075_DENS_LOW_V_LOW_S007,MC_G2_D075_DENS_LOW_V_LOW,7,5.85900163651,6.72725452761,16.3055676754,0,0,23.436006546,
MC_G2_D075_DENS_LOW_V_LOW_S007,MC_G2_D075_DENS_LOW_V_LOW,7,5.86801099777,5.91694255544,15.4856150724,0,0,23.4720439911,
MC_G2_D075_DENS_LOW_V_LOW_S007,MC_G2_D075_DENS_LOW_V_LOW,7,5.87700605392,6.45079631263,16.2389119796,0,0,23.5080242157,
MC_G2_D075_DENS_LOW_V_LOW_S007,MC_G2_D075_DENS_LOW_V_LOW,7,5.88600111008,6.24653807443,15.2709771305,0,0,23.5440044403,
MC_G2_D075_DENS_LOW_V_LOW_S007,MC_G2_D075_DENS_LOW_V_LOW,7,5.89501094818,6.29449676395,16.1109383642,0,0,23.5800437927,
MC_G2_D075_DENS_LOW_V_LOW_S007,MC_G2_D075_DENS_LOW_V_LOW,7,5.90400600433,5.84490283884,16.0668745041,0,0,23.6160240173,
MC_G2_D075_DENS_LOW_V_LOW_S007,MC_G2_D075_DENS_LOW_V_LOW,7,5.91300106049,5.98294322615,16.5184984558,0,0,23.6520042419,
MC_G2_D075_DENS_LOW_V_LOW_S007,MC_G2_D075_DENS_LOW_V_LOW,7,5.92201089859,6.52063493847,17.0725190488,0,0,23.6880435944,
MC_G2_D075_DENS_LOW_V_LOW_S007,MC_G2_D075_DENS_LOW_V_LOW,7,5.93100595474,6.1006521221,16.1212593382,0,0,23.724023819,
MC_G2_D075_DENS_LOW_V_LOW_S007,MC_G2_D075_DENS_LOW_V_LOW,7,5.94000101089,6.43226912991,17.304561901,0,0,23.7600040436,
MC_G2_D075_DENS_LOW_V_LOW_S007,MC_G2_D075_DENS_LOW_V_LOW,7,5.949010849,6.11468373029,16.7733213351,0,0,23.796043396,
MC_G2_D075_DENS_LOW_V_LOW_S007,MC_G2_D075_DENS_LOW_V_LOW,7,5.95800590515,6.18202284986,17.6091690166,0,0,23.8320236206,
MC_G2_D075_DENS_LOW_V_LOW_S007,MC_G2_D075_DENS_LOW_V_LOW,7,5.9670009613,6.40080729234,16.6102967412,0,0,23.8680038452,
MC_G2_D075_DENS_LOW_V_LOW_S007,MC_G2_D075_DENS_LOW_V_LOW,7,5.97601079941,6.28088459534,16.679674212,0,0,23.9040431976,
MC_G2_D075_DENS_LOW_V_LOW_S007,MC_G2_D075_DENS_LOW_V_LOW,7,5.98500585556,6.20504394923,16.9182681967,0,0,23.9400234222,
MC_G2_D075_DENS_LOW_V_LOW_S007,MC_G2_D075_DENS_LOW_V_LOW,7,5.99400043488,6.52371248666,16.9098184203,0,0,23.9760017395,
MC_G2_D075_DENS_LOW_V_LOW_S007,MC_G2_D075_DENS_LOW_V_LOW,7,6.00301027298,6.71002600502,16.9392599411,0,0,24.0120410919,
MC_G2_D075_DENS_LOW_V_LOW_S007,MC_G2_D075_DENS_LOW_V_LOW,7,6.01200532913,6.33923753946,16.6982420968,0,0,24.0480213165,
MC_G2_D075_DENS_LOW_V_LOW_S007,MC_G2_D075_DENS_LOW_V_LOW,7,6.02100038528,6.21255573097,16.3867209566,0,0,24.0840015411,
MC_G2_D075_DENS_LOW_V_LOW_S007,MC_G2_D075_DENS_LOW_V_LOW,7,6.03001022339,6.71947085618,16.9699341805,0,0,24.1200408936,
MC_G2_D075_DENS_LOW_V_LOW_S007,MC_G2_D075_DENS_LOW_V_LOW,7,6.03900527954,6.64058360867,17.4291059013,0,0,24.1560211182,
MC_G2_D075_DENS_LOW_V_LOW_S007,MC_G2_D075_DENS_LOW_V_LOW,7,6.04800033569,6.71833245624,16.9077087276,0,0,24.1920013428,
MC_G2_D075_DENS_LOW_V_LOW_S007,MC_G2_D075_DENS_LOW_V_LOW,7,6.0570101738,6.58491861471,17.9281796275,0,0,24.2280406952,
MC_G2_D075_DENS_LOW_V_LOW_S007,MC_G2_D075_DENS_LOW_V_LOW,7,6.06600522995,6.39161333127,16.7068831605,0,0,24.2640209198,
MC_G2_D075_DENS_LOW_V_LOW_S007,MC_G2_D075_DENS_LOW_V_LOW,7,6.0750002861,6.13645314235,16.8701969652,0,0,24.3000011444,
MC_G2_D075_DENS_LOW_V_LOW_S007,MC_G2_D075_DENS_LOW_V_LOW,7,6.08401012421,6.48219404612,16.7408619629,0,0,24.3360404968,
MC_G2_D075_DENS_LOW_V_LOW_S007,MC_G2_D075_DENS_LOW_V_LOW,7,6.09300518036,6.43971846544,16.7861232856,0,0,24.3720207214,
MC_G2_D075_DENS_LOW_V_LOW_S007,MC_G2_D075_DENS_LOW_V_LOW,7,6.10200023651,6.32799943209,17.0420320722,0,0,24.408000946,
MC_G2_D075_DENS_LOW_V_LOW_S007,MC_G2_D075_DENS_LOW_V_LOW,7,6.11100959778,6.64174024512,17.3969885724,0,0,24.4440383911,
MC_G2_D075_DENS_LOW_V_LOW_S007,MC_G2_D075_DENS_LOW_V_LOW,7,6.12000465393,6.61389310367,17.7117826962,0,0,24.4800186157,
MC_G2_D075_DENS_LOW_V_LOW_S007,MC_G2_D075_DENS_LOW_V_LOW,7,6.12901449203,6.42977017626,17.3087728188,0,0,24.5160579681,
MC_G2_D075_DENS_LOW_V_LOW_S007,MC_G2_D075_DENS_LOW_V_LOW,7,6.13800954819,6.29350094031,17.5787120321,0,0,24.5520381927,
MC_G2_D075_DENS_LOW_V_LOW_S007,MC_G2_D075_DENS_LOW_V_LOW,7,6.14700460434,6.60458696047,17.8195930102,0,0,24.5880184174,
MC_G2_D075_DENS_LOW_V_LOW_S007,MC_G2_D075_DENS_LOW_V_LOW,7,6.15601444244,6.33140855308,18.0716509225,0,0,24.6240577698,
MC_G2_D075_DENS_LOW_V_LOW_S007,MC_G2_D075_DENS_LOW_V_LOW,7,6.1650094986,5.97598461836,16.7945615709,0,0,24.6600379944,
MC_G2_D075_DENS_LOW_V_LOW_S007,MC_G2_D075_DENS_LOW_V_LOW,7,6.17400455475,6.32598789045,17.8716721886,0,0,24.696018219,
MC_G2_D075_DENS_LOW_V_LOW_S007,MC_G2_D075_DENS_LOW_V_LOW,7,6.18301439285,6.46729979603,18.2997573542,0,0,24.7320575714,
MC_G2_D075_DENS_LOW_V_LOW_S007,MC_G2_D075_DENS_LOW_V_LOW,7,6.19200944901,6.57529471424,18.0505853889,0,0,24.768037796,
MC_G2_D075_DENS_LOW_V_LOW_S007,MC_G2_D075_DENS_LOW_V_LOW,7,6.20100450516,6.41065666231,17.5330611175,0,0,24.8040180206,
MC_G2_D075_DENS_LOW_V_LOW_S007,MC_G2_D075_DENS_LOW_V_LOW,7,6.21001386642,6.4340253605,17.6073030268,0,0,24.8400554657,
MC_G2_D075_DENS_LOW_V_LOW_S007,MC_G2_D075_DENS_LOW_V_LOW,7,6.21900892258,6.4904944185,18.1243204045,0,0,24.8760356903,
MC_G2_D075_DENS_LOW_V_LOW_S007,MC_G2_D075_DENS_LOW_V_LOW,7,6.22800397873,6.73670656284,18.1622383771,0,0,24.9120159149,
MC_G2_D075_DENS_LOW_V_LOW_S007,MC_G2_D075_DENS_LOW_V_LOW,7,6.23701381683,6.65442732562,18.3491110949,0,0,24.9480552673,
MC_G2_D075_DENS_LOW_V_LOW_S007,MC_G2_D075_DENS_LOW_V_LOW,7,6.24600887299,6.3763930346,18.5049933959,0,0,24.9840354919,
MC_G2_D075_DENS_LOW_V_LOW_S007,MC_G2_D075_DENS_LOW_V_LOW,7,6.25500392914,6.58306401752,17.8952622358,0,0,25.0200157166,
MC_G2_D075_DENS_LOW_V_LOW_S007,MC_G2_D075_DENS_LOW_V_LOW,7,6.26401376724,6.45860098367,18.3419906359,0,0,25.056055069,
MC_G2_D075_DENS_LOW_V_LOW_S007,MC_G2_D075_DENS_LOW_V_LOW,7,6.27300882339,5.77355003055,18.1415688531,0,0,25.0920352936,
MC_G2_D075_DENS_LOW_V_LOW_S007,MC_G2_D075_DENS_LOW_V_LOW,7,6.28200387955,6.66558088192,18.5640113701,0,0,25.1280155182,
MC_G2_D075_DENS_LOW_V_LOW_S007,MC_G2_D075_DENS_LOW_V_LOW,7,6.29101371765,6.27888189564,17.5128055076,0,0,25.1640548706,
MC_G2_D075_DENS_LOW_V_LOW_S007,MC_G2_D075_DENS_LOW_V_LOW,7,6.3000087738,6.27617460375,18.6841525497,0,0,25.2000350952,
MC_G2_D075_DENS_LOW_V_LOW_S007,MC_G2_D075_DENS_LOW_V_LOW,7,6.30900382996,6.46051913231,17.5330252518,0,0,25.2360153198,
MC_G2_D075_DENS_LOW_V_LOW_S007,MC_G2_D075_DENS_LOW_V_LOW,7,6.31801319122,7.03952205217,18.5544856446,0,0,25.2720527649,
MC_G2_D075_DENS_LOW_V_LOW_S007,MC_G2_D075_DENS_LOW_V_LOW,7,6.32700824738,6.47430206091,18.1778509819,0,0,25.3080329895,
MC_G2_D075_DENS_LOW_V_LOW_S007,MC_G2_D075_DENS_LOW_V_LOW,7,6.33600330353,6.82707672897,18.1328125278,0,0,25.3440132141,
MC_G2_D075_DENS_LOW_V_LOW_S007,MC_G2_D075_DENS_LOW_V_LOW,7,6.34501314163,6.44657373304,18.4729382466,0,0,25.3800525665,
MC_G2_D075_DENS_LOW_V_LOW_S007,MC_G2_D075_DENS_LOW_V_LOW,7,6.35400819778,6.50136558531,18.0953613678,0,0,25.4160327911,
MC_G2_D075_DENS_LOW_V_LOW_S007,MC_G2_D075_DENS_LOW_V_LOW,7,6.36300325394,7.26498437081,18.2201655756,0,0,25.4520130157,
MC_G2_D075_DENS_LOW_V_LOW_S007,MC_G2_D075_DENS_LOW_V_LOW,7,6.37201309204,6.7959464642,18.851110856,0,0,25.4880523682,
MC_G2_D075_DENS_LOW_V_LOW_S007,MC_G2_D075_DENS_LOW_V_LOW,7,6.38100814819,6.56825984471,18.1082855984,0,0,25.5240325928,
MC_G2_D075_DENS_LOW_V_LOW_S007,MC_G2_D075_DENS_LOW_V_LOW,7,6.39000320435,6.16221082255,19.100415124,0,0,25.5600128174,
MC_G2_D075_DENS_LOW_V_LOW_S007,MC_G2_D075_DENS_LOW_V_LOW,7,6.39901304245,6.25578619239,18.3032550265,0,0,25.5960521698,
MC_G2_D075_DENS_LOW_V_LOW_S007,MC_G2_D075_DENS_LOW_V_LOW,7,6.4080080986,6.96693524045,19.2214346328,0,0,25.6320323944,
MC_G2_D075_DENS_LOW_V_LOW_S007,MC_G2_D075_DENS_LOW_V_LOW,7,6.41700315475,6.28574103159,17.9643342262,0,0,25.668012619,
MC_G2_D075_DENS_LOW_V_LOW_S007,MC_G2_D075_DENS_LOW_V_LOW,7,6.42601251602,6.67328387064,18.8304823415,0,0,25.7040500641,
MC_G2_D075_DENS_LOW_V_LOW_S007,MC_G2_D075_DENS_LOW_V_LOW,7,6.43500757217,6.65489926423,19.7953312586,0,0,25.7400302887,
MC_G2_D075_DENS_LOW_V_LOW_S007,MC_G2_D075_DENS_LOW_V_LOW,7,6.44400262833,6.52945809063,18.7011304034,0,0,25.7760105133,
MC_G2_D075_DENS_LOW_V_LOW_S007,MC_G2_D075_DENS_LOW_V_LOW,7,6.45301246643,6.52537532424,19.0428067559,0,0,25.8120498657,
MC_G2_D075_DENS_LOW_V_LOW_S007,MC_G2_D075_DENS_LOW_V_LOW,7,6.46200752258,6.6470249629,19.4176865351,0,0,25.8480300903,
MC_G2_D075_DENS_LOW_V_LOW_S007,MC_G2_D075_DENS_LOW_V_LOW,7,6.47100257874,6.35691700106,18.8397750739,0,0,25.8840103149,
MC_G2_D075_DENS_LOW_V_LOW_S007,MC_G2_D075_DENS_LOW_V_LOW,7,6.48001241684,5.76752037922,19.1855115184,0,0,25.9200496674,
MC_G2_D075_DENS_LOW_V_LOW_S007,MC_G2_D075_DENS_LOW_V_LOW,7,6.48900747299,6.4805068932,19.3743988105,0,0,25.956029892,
MC_G2_D075_DENS_LOW_V_LOW_S007,MC_G2_D075_DENS_LOW_V_LOW,7,6.49800252914,6.47850971971,18.8831269673,0,0,25.9920101166,
MC_G2_D075_DENS_LOW_V_LOW_S007,MC_G2_D075_DENS_LOW_V_LOW,7,6.50701236725,6.72560882129,19.3562124152,0,0,26.028049469,
MC_G2_D075_DENS_LOW_V_LOW_S007,MC_G2_D075_DENS_LOW_V_LOW,7,6.5160074234,6.35359243113,19.5935321256,0,0,26.0640296936,
MC_G2_D075_DENS_LOW_V_LOW_S007,MC_G2_D075_DENS_LOW_V_LOW,7,6.52500200272,7.50014740428,19.8929325877,0,0,26.1000080109,
MC_G2_D075_DENS_LOW_V_LOW_S007,MC_G2_D075_DENS_LOW_V_LOW,7,6.53401184082,6.86135030387,19.7319476777,0,0,26.1360473633,
MC_G2_D075_DENS_LOW_V_LOW_S007,MC_G2_D075_DENS_LOW_V_LOW,7,6.54300689697,6.68405446037,19.6178247326,0,0,26.1720275879,
MC_G2_D075_DENS_LOW_V_LOW_S007,MC_G2_D075_DENS_LOW_V_LOW,7,6.55200195312,6.47979898528,19.40134754,0,0,26.2080078125,
MC_G2_D075_DENS_LOW_V_LOW_S007,MC_G2_D075_DENS_LOW_V_LOW,7,6.56101179123,6.65455829687,19.3790320673,0,0,26.2440471649,
MC_G2_D075_DENS_LOW_V_LOW_S007,MC_G2_D075_DENS_LOW_V_LOW,7,6.57000684738,6.84572493576,18.6386982506,0,0,26.2800273895,
MC_G2_D075_DENS_LOW_V_LOW_S007,MC_G2_D075_DENS_LOW_V_LOW,7,6.57900190353,6.70868258257,19.5691451701,0,0,26.3160076141,
MC_G2_D075_DENS_LOW_V_LOW_S007,MC_G2_D075_DENS_LOW_V_LOW,7,6.58801174164,6.64008238113,19.8791312805,0,0,26.3520469666,
MC_G2_D075_DENS_LOW_V_LOW_S007,MC_G2_D075_DENS_LOW_V_LOW,7,6.59700679779,7.35852437288,20.2639470749,0,0,26.3880271912,
MC_G2_D075_DENS_LOW_V_LOW_S007,MC_G2_D075_DENS_LOW_V_LOW,7,6.60600185394,6.52305707776,20.2482342734,0,0,26.4240074158,
MC_G2_D075_DENS_LOW_V_LOW_S007,MC_G2_D075_DENS_LOW_V_LOW,7,6.61501169205,6.80346929836,20.0297055215,0,0,26.4600467682,
MC_G2_D075_DENS_LOW_V_LOW_S007,MC_G2_D075_DENS_LOW_V_LOW,7,6.62400627136,6.75620801697,20.1009307318,0,0,26.4960250854,
MC_G2_D075_DENS_LOW_V_LOW_S007,MC_G2_D075_DENS_LOW_V_LOW,7,6.63300132751,6.4406291854,20.4063305359,0,0,26.5320053101,
MC_G2_D075_DENS_LOW_V_LOW_S007,MC_G2_D075_DENS_LOW_V_LOW,7,6.64201116562,5.95286183666,20.0136035881,0,0,26.5680446625,
MC_G2_D075_DENS_LOW_V_LOW_S007,MC_G2_D075_DENS_LOW_V_LOW,7,6.65100622177,6.76935929938,19.9628640837,0,0,26.6040248871,
MC_G2_D075_DENS_LOW_V_LOW_S007,MC_G2_D075_DENS_LOW_V_LOW,7,6.66000127792,6.57379821568,20.4771250868,0,0,26.6400051117,
MC_G2_D075_DENS_LOW_V_LOW_S007,MC_G2_D075_DENS_LOW_V_LOW,7,6.66901111603,6.76302570632,19.9623052653,0,0,26.6760444641,
MC_G2_D075_DENS_LOW_V_LOW_S007,MC_G2_D075_DENS_LOW_V_LOW,7,6.67800617218,6.83171101144,18.9119486909,0,0,26.7120246887,
MC_G2_D075_DENS_LOW_V_LOW_S007,MC_G2_D075_DENS_LOW_V_LOW,7,6.68700122833,6.57564176044,19.8232993176,0,0,26.7480049133,
MC_G2_D075_DENS_LOW_V_LOW_S007,MC_G2_D075_DENS_LOW_V_LOW,7,6.69601106644,6.86326182105,19.7657411245,0,0,26.7840442657,
MC_G2_D075_DENS_LOW_V_LOW_S007,MC_G2_D075_DENS_LOW_V_LOW,7,6.70500612259,6.77851126123,20.5650128885,0,0,26.8200244904,
MC_G2_D075_DENS_LOW_V_LOW_S007,MC_G2_D075_DENS_LOW_V_LOW,7,6.71400117874,6.99530018809,20.1523137192,0,0,26.856004715,
MC_G2_D075_DENS_LOW_V_LOW_S007,MC_G2_D075_DENS_LOW_V_LOW,7,6.72301054001,6.74294897339,20.4846747097,0,0,26.89204216,
MC_G2_D075_DENS_LOW_V_LOW_S007,MC_G2_D075_DENS_LOW_V_LOW,7,6.73200559616,6.74787780303,20.1914904994,0,0,26.9280223846,
MC_G2_D075_DENS_LOW_V_LOW_S007,MC_G2_D075_DENS_LOW_V_LOW,7,6.74100065231,6.59277412691,20.7144172316,0,0,26.9640026093,
MC_G2_D075_DENS_LOW_V_LOW_S007,MC_G2_D075_DENS_LOW_V_LOW,7,6.75001049042,6.89488226094,20.5699903282,0,0,27.0000419617,
MC_G2_D075_DENS_LOW_V_LOW_S007,MC_G2_D075_DENS_LOW_V_LOW,7,6.75900554657,6.9450519884,20.4691704798,0,0,27.0360221863,
MC_G2_D075_DENS_LOW_V_LOW_S007,MC_G2_D075_DENS_LOW_V_LOW,7,6.76800060272,6.38812242233,20.9018137247,0,0,27.0720024109,
MC_G2_D075_DENS_LOW_V_LOW_S007,MC_G2_D075_DENS_LOW_V_LOW,7,6.77701044083,6.45522999356,20.3417474546,0,0,27.1080417633,
MC_G2_D075_DENS_LOW_V_LOW_S007,MC_G2_D075_DENS_LOW_V_LOW,7,6.78600549698,6.6687020872,20.1063428493,0,0,27.1440219879,
MC_G2_D075_DENS_LOW_V_LOW_S007,MC_G2_D075_DENS_LOW_V_LOW,7,6.79500055313,6.76818387381,20.6007825591,0,0,27.1800022125,
MC_G2_D075_DENS_LOW_V_LOW_S007,MC_G2_D075_DENS_LOW_V_LOW,7,6.80401039124,7.02058095608,19.1857100061,0,0,27.2160415649,
MC_G2_D075_DENS_LOW_V_LOW_S007,MC_G2_D075_DENS_LOW_V_LOW,7,6.81300544739,6.94947019593,20.6221192878,0,0,27.2520217896,
MC_G2_D075_DENS_LOW_V_LOW_S007,MC_G2_D075_DENS_LOW_V_LOW,7,6.8220000267,6.76035820315,20.9073322413,0,0,27.2880001068,
MC_G2_D075_DENS_LOW_V_LOW_S007,MC_G2_D075_DENS_LOW_V_LOW,7,6.83100986481,6.79874493861,20.308645286,0,0,27.3240394592,
MC_G2_D075_DENS_LOW_V_LOW_S007,MC_G2_D075_DENS_LOW_V_LOW,7,6.84000492096,6.85297145926,20.9866509601,0,0,27.3600196838,
MC_G2_D075_DENS_LOW_V_LOW_S007,MC_G2_D075_DENS_LOW_V_LOW,7,6.84899997711,6.81155028008,20.9360303437,0,0,27.3959999084,
MC_G2_D075_DENS_LOW_V_LOW_S007,MC_G2_D075_DENS_LOW_V_LOW,7,6.85800981522,6.68345099788,20.9722202909,0,0,27.4320392609,
MC_G2_D075_DENS_LOW_V_LOW_S007,MC_G2_D075_DENS_LOW_V_LOW,7,6.86700487137,6.56582388988,21.7408691754,0,0,27.4680194855,
MC_G2_D075_DENS_LOW_V_LOW_S007,MC_G2_D075_DENS_LOW_V_LOW,7,6.87601470947,6.68476292091,21.1441608884,0,0,27.5040588379,
MC_G2_D075_DENS_LOW_V_LOW_S007,MC_G2_D075_DENS_LOW_V_LOW,7,6.88500976562,7.40727773187,20.876629462,0,0,27.5400390625,
MC_G2_D075_DENS_LOW_V_LOW_S007,MC_G2_D075_DENS_LOW_V_LOW,7,6.89400482178,6.89041763321,21.1226234577,0,0,27.5760192871,
MC_G2_D075_DENS_LOW_V_LOW_S007,MC_G2_D075_DENS_LOW_V_LOW,7,6.90301418304,6.60420730961,20.9537183572,0,0,27.6120567322,
MC_G2_D075_DENS_LOW_V_LOW_S007,MC_G2_D075_DENS_LOW_V_LOW,7,6.9120092392,6.90584792599,21.336333776,0,0,27.6480369568,
MC_G2_D075_DENS_LOW_V_LOW_S007,MC_G2_D075_DENS_LOW_V_LOW,7,6.92100429535,6.86441735225,21.1184959135,0,0,27.6840171814,
MC_G2_D075_DENS_LOW_V_LOW_S007,MC_G2_D075_DENS_LOW_V_LOW,7,6.93001413345,6.91335031317,21.5621776239,0,0,27.7200565338,
MC_G2_D075_DENS_LOW_V_LOW_S007,MC_G2_D075_DENS_LOW_V_LOW,7,6.93900918961,6.96915512034,21.9512118173,0,0,27.7560367584,
MC_G2_D075_DENS_LOW_V_LOW_S007,MC_G2_D075_DENS_LOW_V_LOW,7,6.94800424576,7.04750466729,21.7833610569,0,0,27.792016983,
MC_G2_D075_DENS_LOW_V_LOW_S007,MC_G2_D075_DENS_LOW_V_LOW,7,6.95701408386,6.67269643417,22.7811069314,0,0,27.8280563354,
MC_G2_D075_DENS_LOW_V_LOW_S007,MC_G2_D075_DENS_LOW_V_LOW,7,6.96600914001,7.10283808846,22.0298544328,0,0,27.8640365601,
MC_G2_D075_DENS_LOW_V_LOW_S007,MC_G2_D075_DENS_LOW_V_LOW,7,6.97500419617,7.00815913382,22.3533745177,0,0,27.9000167847,
MC_G2_D075_DENS_LOW_V_LOW_S007,MC_G2_D075_DENS_LOW_V_LOW,7,6.98401403427,6.49333986573,21.724305628,0,0,27.9360561371,
MC_G2_D075_DENS_LOW_V_LOW_S007,MC_G2_D075_DENS_LOW_V_LOW,7,6.99300909042,7.64409310312,21.9804789079,0,0,27.9720363617,
MC_G2_D075_DENS_LOW_V_LOW_S007,MC_G2_D075_DENS_LOW_V_LOW,7,7.00200366974,7.0799496182,22.5634483485,0,0,28.008014679,
MC_G2_D075_DENS_LOW_V_LOW_S007,MC_G2_D075_DENS_LOW_V_LOW,7,7.01101350784,7.42093466281,22.75343964,0,0,28.0440540314,
MC_G2_D075_DENS_LOW_V_LOW_S007,MC_G2_D075_DENS_LOW_V_LOW,7,7.020008564,6.88614144936,21.9917615156,0,0,28.080034256,
MC_G2_D075_DENS_LOW_V_LOW_S007,MC_G2_D075_DENS_LOW_V_LOW,7,7.02900362015,6.98181512239,22.4035203927,0,0,28.1160144806,
MC_G2_D075_DENS_LOW_V_LOW_S007,MC_G2_D075_DENS_LOW_V_LOW,7,7.03801345825,7.05116246787,21.7843979903,0,0,28.152053833,
MC_G2_D075_DENS_LOW_V_LOW_S007,MC_G2_D075_DENS_LOW_V_LOW,7,7.0470085144,6.85877177274,22.1133362166,0,0,28.1880340576,
MC_G2_D075_DENS_LOW_V_LOW_S007,MC_G2_D075_DENS_LOW_V_LOW,7,7.05600357056,6.54195341153,23.3439660878,0,0,28.2240142822,
MC_G2_D075_DENS_LOW_V_LOW_S007,MC_G2_D075_DENS_LOW_V_LOW,7,7.06501340866,6.84450419524,22.5872540399,0,0,28.2600536346,
MC_G2_D075_DENS_LOW_V_LOW_S007,MC_G2_D075_DENS_LOW_V_LOW,7,7.07400846481,6.9471712912,22.0088472183,0,0,28.2960338593,
MC_G2_D075_DENS_LOW_V_LOW_S007,MC_G2_D075_DENS_LOW_V_LOW,7,7.08300352097,7.01884738297,22.6818276953,0,0,28.3320140839,
MC_G2_D075_DENS_LOW_V_LOW_S007,MC_G2_D075_DENS_LOW_V_LOW,7,7.09201288223,6.87783610339,22.37541424,0,0,28.3680515289,
MC_G2_D075_DENS_LOW_V_LOW_S007,MC_G2_D075_DENS_LOW_V_LOW,7,7.10100793839,7.07912510718,22.5969497744,0,0,28.4040317535,
MC_G2_D075_DENS_LOW_V_LOW_S007,MC_G2_D075_DENS_LOW_V_LOW,7,7.11000299454,6.58610619794,22.8741742213,0,0,28.4400119781,
MC_G2_D075_DENS_LOW_V_LOW_S007,MC_G2_D075_DENS_LOW_V_LOW,7,7.11901283264,6.83135512331,22.6335873157,0,0,28.4760513306,
MC_G2_D075_DENS_LOW_V_LOW_S007,MC_G2_D075_DENS_LOW_V_LOW,7,7.12800788879,7.18805892903,23.1382451863,0,0,28.5120315552,
MC_G2_D075_DENS_LOW_V_LOW_S007,MC_G2_D075_DENS_LOW_V_LOW,7,7.13700294495,7.10933636268,22.9955307555,0,0,28.5480117798,
MC_G2_D075_DENS_LOW_V_LOW_S007,MC_G2_D075_DENS_LOW_V_LOW,7,7.14601278305,7.25523392006,22.4397777603,0,0,28.5840511322,
MC_G2_D075_DENS_LOW_V_LOW_S007,MC_G2_D075_DENS_LOW_V_LOW,7,7.1550078392,6.84011196091,22.4383872231,0,0,28.6200313568,
MC_G2_D075_DENS_LOW_V_LOW_S007,MC_G2_D075_DENS_LOW_V_LOW,7,7.16400289536,7.22050719567,22.79183303,0,0,28.6560115814,
MC_G2_D075_DENS_LOW_V_LOW_S007,MC_G2_D075_DENS_LOW_V_LOW,7,7.17301273346,7.00133757612,22.5432693021,0,0,28.6920509338,
MC_G2_D075_DENS_LOW_V_LOW_S007,MC_G2_D075_DENS_LOW_V_LOW,7,7.18200731277,7.05511592087,22.835855035,0,0,28.7280292511,
MC_G2_D075_DENS_LOW_V_LOW_S007,MC_G2_D075_DENS_LOW_V_LOW,7,7.19100236893,7.07451016645,22.9526428758,0,0,28.7640094757,
MC_G2_D075_DENS_LOW_V_LOW_S007,MC_G2_D075_DENS_LOW_V_LOW,7,7.20001220703,6.95147123777,22.9065200517,0,0,28.8000488281,
MC_G2_D075_DENS_LOW_V_LOW_S007,MC_G2_D075_DENS_LOW_V_LOW,7,7.20900726318,7.01743267236,22.6267092326,0,0,28.8360290527,
MC_G2_D075_DENS_LOW_V_LOW_S007,MC_G2_D075_DENS_LOW_V_LOW,7,7.21800231934,7.33818901318,23.0030367128,0,0,28.8720092773,
MC_G2_D075_DENS_LOW_V_LOW_S007,MC_G2_D075_DENS_LOW_V_LOW,7,7.22701215744,6.86184766306,23.8246075842,0,0,28.9080486298,
MC_G2_D075_DENS_LOW_V_LOW_S007,MC_G2_D075_DENS_LOW_V_LOW,7,7.23600721359,6.37474180206,22.8991304638,0,0,28.9440288544,
MC_G2_D075_DENS_LOW_V_LOW_S007,MC_G2_D075_DENS_LOW_V_LOW,7,7.24500226974,6.7034343378,23.7157677038,0,0,28.980009079,
MC_G2_D075_DENS_LOW_V_LOW_S007,MC_G2_D075_DENS_LOW_V_LOW,7,7.25401210785,7.12983032471,23.5580892123,0,0,29.0160484314,
MC_G2_D075_DENS_LOW_V_LOW_S007,MC_G2_D075_DENS_LOW_V_LOW,7,7.263007164,7.27724814337,23.1279363286,0,0,29.052028656,
MC_G2_D075_DENS_LOW_V_LOW_S007,MC_G2_D075_DENS_LOW_V_LOW,7,7.27200174332,6.83816839169,23.1876112137,0,0,29.0880069733,
MC_G2_D075_DENS_LOW_V_LOW_S007,MC_G2_D075_DENS_LOW_V_LOW,7,7.28101158142,7.33694174683,23.4110762033,0,0,29.1240463257,
MC_G2_D075_DENS_LOW_V_LOW_S007,MC_G2_D075_DENS_LOW_V_LOW,7,7.29000663757,7.14431618764,23.7512767923,0,0,29.1600265503,
MC_G2_D075_DENS_LOW_V_LOW_S007,MC_G2_D075_DENS_LOW_V_LOW,7,7.29900169373,7.2808943389,23.1020146934,0,0,29.1960067749,
MC_G2_D075_DENS_LOW_V_LOW_S007,MC_G2_D075_DENS_LOW_V_LOW,7,7.30801153183,7.32191763073,23.5833945865,0,0,29.2320461273,
MC_G2_D075_DENS_LOW_V_LOW_S007,MC_G2_D075_DENS_LOW_V_LOW,7,7.31700658798,7.43204290416,23.362046053,0,0,29.2680263519,
MC_G2_D075_DENS_LOW_V_LOW_S007,MC_G2_D075_DENS_LOW_V_LOW,7,7.32600164413,7.25459066883,23.861623805,0,0,29.3040065765,
MC_G2_D075_DENS_LOW_V_LOW_S007,MC_G2_D075_DENS_LOW_V_LOW,7,7.33501148224,7.05807465547,23.2557121722,0,0,29.340045929,
MC_G2_D075_DENS_LOW_V_LOW_S007,MC_G2_D075_DENS_LOW_V_LOW,7,7.34400653839,7.45860354316,24.3447041381,0,0,29.3760261536,
MC_G2_D075_DENS_LOW_V_LOW_S007,MC_G2_D075_DENS_LOW_V_LOW,7,7.35300159454,6.85490342343,24.4484032052,0,0,29.4120063782,
MC_G2_D075_DENS_LOW_V_LOW_S007,MC_G2_D075_DENS_LOW_V_LOW,7,7.36201095581,7.22510721562,24.4040208477,0,0,29.4480438232,
MC_G2_D075_DENS_LOW_V_LOW_S007,MC_G2_D075_DENS_LOW_V_LOW,7,7.37100601196,6.67314129434,23.943420321,0,0,29.4840240479,
MC_G2_D075_DENS_LOW_V_LOW_S007,MC_G2_D075_DENS_LOW_V_LOW,7,7.38000106812,7.16510027586,24.4731026894,0,0,29.5200042725,
MC_G2_D075_DENS_LOW_V_LOW_S007,MC_G2_D075_DENS_LOW_V_LOW,7,7.38901090622,7.19938545581,23.669996748,0,0,29.5560436249,
MC_G2_D075_DENS_LOW_V_LOW_S007,MC_G2_D075_DENS_LOW_V_LOW,7,7.39800596237,7.40730757343,24.7520786513,0,0,29.5920238495,
MC_G2_D075_DENS_LOW_V_LOW_S007,MC_G2_D075_DENS_LOW_V_LOW,7,7.40700101852,7.36691150681,24.3650730557,0,0,29.6280040741,
MC_G2_D075_DENS_LOW_V_LOW_S007,MC_G2_D075_DENS_LOW_V_LOW,7,7.41601085663,7.18329754365,24.3874525901,0,0,29.6640434265,
MC_G2_D075_DENS_LOW_V_LOW_S007,MC_G2_D075_DENS_LOW_V_LOW,7,7.42500591278,7.00072803479,24.0978293524,0,0,29.7000236511,
MC_G2_D075_DENS_LOW_V_LOW_S007,MC_G2_D075_DENS_LOW_V_LOW,7,7.43400096893,7.57459599726,24.439158732,0,0,29.7360038757,
MC_G2_D075_DENS_LOW_V_LOW_S007,MC_G2_D075_DENS_LOW_V_LOW,7,7.4430103302,7.32911110258,25.1212706743,0,0,29.7720413208,
MC_G2_D075_DENS_LOW_V_LOW_S007,MC_G2_D075_DENS_LOW_V_LOW,7,7.45200538635,7.02438299083,25.464078723,0,0,29.8080215454,
MC_G2_D075_DENS_LOW_V_LOW_S007,MC_G2_D075_DENS_LOW_V_LOW,7,7.4610004425,7.36432634423,24.6164425739,0,0,29.84400177,
MC_G2_D075_DENS_LOW_V_LOW_S007,MC_G2_D075_DENS_LOW_V_LOW,7,7.47001028061,6.73393737736,24.5145567519,0,0,29.8800411224,
MC_G2_D075_DENS_LOW_V_LOW_S007,MC_G2_D075_DENS_LOW_V_LOW,7,7.47900533676,6.52850095049,24.5217400872,0,0,29.916021347,
MC_G2_D075_DENS_LOW_V_LOW_S007,MC_G2_D075_DENS_LOW_V_LOW,7,7.48800039291,7.49196860859,24.6864411505,0,0,29.9520015717,
MC_G2_D075_DENS_LOW_V_LOW_S007,MC_G2_D075_DENS_LOW_V_LOW,7,7.49701023102,7.1051060464,24.9123104727,0,0,29.9880409241,
MC_G2_D075_DENS_LOW_V_LOW_S007,MC_G2_D075_DENS_LOW_V_LOW,7,7.50600528717,7.22003691492,24.4217142528,0,0,30.0240211487,
MC_G2_D075_DENS_LOW_V_LOW_S007,MC_G2_D075_DENS_LOW_V_LOW,7,7.51500034332,7.11072399484,24.6734623577,0,0,30.0600013733,
MC_G2_D075_DENS_LOW_V_LOW_S007,MC_G2_D075_DENS_LOW_V_LOW,7,7.52400970459,7.13704755928,24.4588710557,0,0,30.0960388184,
MC_G2_D075_DENS_LOW_V_LOW_S007,MC_G2_D075_DENS_LOW_V_LOW,7,7.53300476074,7.40101321648,24.2800811252,0,0,30.132019043,
MC_G2_D075_DENS_LOW_V_LOW_S007,MC_G2_D075_DENS_LOW_V_LOW,7,7.54201459885,7.31741597737,24.8152054135,0,0,30.1680583954,
MC_G2_D075_DENS_LOW_V_LOW_S007,MC_G2_D075_DENS_LOW_V_LOW,7,7.551009655,7.24868425205,25.0097213164,0,0,30.20403862,
MC_G2_D075_DENS_LOW_V_LOW_S007,MC_G2_D075_DENS_LOW_V_LOW,7,7.56000471115,7.43780674464,25.2661943341,0,0,30.2400188446,
MC_G2_D075_DENS_LOW_V_LOW_S007,MC_G2_D075_DENS_LOW_V_LOW,7,7.56901454926,7.50345152721,25.1521946497,0,0,30.276058197,
MC_G2_D075_DENS_LOW_V_LOW_S007,MC_G2_D075_DENS_LOW_V_LOW,7,7.57800960541,7.06169432518,25.0246586906,0,0,30.3120384216,
MC_G2_D075_DENS_LOW_V_LOW_S007,MC_G2_D075_DENS_LOW_V_LOW,7,7.58700466156,6.21988514768,25.0127764425,0,0,30.3480186462,
MC_G2_D075_DENS_LOW_V_LOW_S007,MC_G2_D075_DENS_LOW_V_LOW,7,7.59601449966,7.40000136682,25.5870181841,0,0,30.3840579987,
MC_G2_D075_DENS_LOW_V_LOW_S007,MC_G2_D075_DENS_LOW_V_LOW,7,7.60500907898,7.32695477415,25.4499258449,0,0,30.4200363159,
MC_G2_D075_DENS_LOW_V_LOW_S007,MC_G2_D075_DENS_LOW_V_LOW,7,7.61400413513,7.43167485836,24.9553072346,0,0,30.4560165405,
MC_G2_D075_DENS_LOW_V_LOW_S007,MC_G2_D075_DENS_LOW_V_LOW,7,7.62301397324,7.2766866801,25.1723678894,0,0,30.4920558929,
MC_G2_D075_DENS_LOW_V_LOW_S007,MC_G2_D075_DENS_LOW_V_LOW,7,7.63200902939,7.73886876649,26.172956098,0,0,30.5280361176,
MC_G2_D075_DENS_LOW_V_LOW_S007,MC_G2_D075_DENS_LOW_V_LOW,7,7.64100408554,7.39132963291,25.499937711,0,0,30.5640163422,
MC_G2_D075_DENS_LOW_V_LOW_S007,MC_G2_D075_DENS_LOW_V_LOW,7,7.65001392365,7.11485760239,25.3669490345,0,0,30.6000556946,
MC_G2_D075_DENS_LOW_V_LOW_S007,MC_G2_D075_DENS_LOW_V_LOW,7,7.6590089798,7.34110795904,25.0961904526,0,0,30.6360359192,
MC_G2_D075_DENS_LOW_V_LOW_S007,MC_G2_D075_DENS_LOW_V_LOW,7,7.66800403595,7.25417896594,25.2169124427,0,0,30.6720161438,
MC_G2_D075_DENS_LOW_V_LOW_S007,MC_G2_D075_DENS_LOW_V_LOW,7,7.67701387405,7.71912581684,25.2357666588,0,0,30.7080554962,
MC_G2_D075_DENS_LOW_V_LOW_S007,MC_G2_D075_DENS_LOW_V_LOW,7,7.68600845337,7.24772490142,25.1163941113,0,0,30.7440338135,
MC_G2_D075_DENS_LOW_V_LOW_S007,MC_G2_D075_DENS_LOW_V_LOW,7,7.69500350952,6.92407393008,26.4456857341,0,0,30.7800140381,
MC_G2_D075_DENS_LOW_V_LOW_S007,MC_G2_D075_DENS_LOW_V_LOW,7,7.70401334763,7.29627102742,26.3891745546,0,0,30.8160533905,
MC_G2_D075_DENS_LOW_V_LOW_S007,MC_G2_D075_DENS_LOW_V_LOW,7,7.71300840378,7.51045821305,25.7845240167,0,0,30.8520336151,
MC_G2_D075_DENS_LOW_V_LOW_S007,MC_G2_D075_DENS_LOW_V_LOW,7,7.72200345993,7.35942956662,26.159439174,0,0,30.8880138397,
MC_G2_D075_DENS_LOW_V_LOW_S007,MC_G2_D075_DENS_LOW_V_LOW,7,7.73101329803,6.9486816053,25.4883115969,0,0,30.9240531921,
MC_G2_D075_DENS_LOW_V_LOW_S007,MC_G2_D075_DENS_LOW_V_LOW,7,7.74000835419,7.35149945053,26.2162446069,0,0,30.9600334167,
MC_G2_D075_DENS_LOW_V_LOW_S007,MC_G2_D075_DENS_LOW_V_LOW,7,7.74900341034,7.26657094665,25.6623651265,0,0,30.9960136414,
MC_G2_D075_DENS_LOW_V_LOW_S007,MC_G2_D075_DENS_LOW_V_LOW,7,7.75801324844,7.20477130329,25.8560672451,0,0,31.0320529938,
MC_G2_D075_DENS_LOW_V_LOW_S007,MC_G2_D075_DENS_LOW_V_LOW,7,7.7670083046,7.42887141035,26.3701374435,0,0,31.0680332184,
MC_G2_D075_DENS_LOW_V_LOW_S007,MC_G2_D075_DENS_LOW_V_LOW,7,7.77600288391,7.52928657439,24.9186945184,0,0,31.1040115356,
MC_G2_D075_DENS_LOW_V_LOW_S007,MC_G2_D075_DENS_LOW_V_LOW,7,7.78501272202,7.44383363287,26.3181186017,0,0,31.1400508881,
MC_G2_D075_DENS_LOW_V_LOW_S007,MC_G2_D075_DENS_LOW_V_LOW,7,7.79400777817,7.65871325303,26.6090484447,0,0,31.1760311127,
MC_G2_D075_DENS_LOW_V_LOW_S007,MC_G2_D075_DENS_LOW_V_LOW,7,7.80300283432,7.88397718061,27.2532474551,0,0,31.2120113373,
MC_G2_D075_DENS_LOW_V_LOW_S007,MC_G2_D075_DENS_LOW_V_LOW,7,7.81201267242,7.4652758931,26.7506691768,0,0,31.2480506897,
MC_G2_D075_DENS_LOW_V_LOW_S007,MC_G2_D075_DENS_LOW_V_LOW,7,7.82100772858,7.00481356429,26.5300984256,0,0,31.2840309143,
MC_G2_D075_DENS_LOW_V_LOW_S007,MC_G2_D075_DENS_LOW_V_LOW,7,7.83000278473,7.07844869867,27.5403145319,0,0,31.3200111389,
MC_G2_D075_DENS_LOW_V_LOW_S007,MC_G2_D075_DENS_LOW_V_LOW,7,7.83901262283,6.87560019749,26.1515135623,0,0,31.3560504913,
MC_G2_D075_DENS_LOW_V_LOW_S007,MC_G2_D075_DENS_LOW_V_LOW,7,7.84800720215,7.59137689657,27.6973692496,0,0,31.3920288086,
MC_G2_D075_DENS_LOW_V_LOW_S007,MC_G2_D075_DENS_LOW_V_LOW,7,7.8570022583,7.33141166518,26.7499146992,0,0,31.4280090332,
MC_G2_D075_DENS_LOW_V_LOW_S007,MC_G2_D075_DENS_LOW_V_LOW,7,7.86601209641,7.08709114365,27.0454323069,0,0,31.4640483856,
MC_G2_D075_DENS_LOW_V_LOW_S007,MC_G2_D075_DENS_LOW_V_LOW,7,7.87500715256,7.25012438324,26.7174456991,0,0,31.5000286102,
MC_G2_D075_DENS_LOW_V_LOW_S007,MC_G2_D075_DENS_LOW_V_LOW,7,7.88400220871,7.60511782594,27.000495244,0,0,31.5360088348,
MC_G2_D075_DENS_LOW_V_LOW_S007,MC_G2_D075_DENS_LOW_V_LOW,7,7.89301204681,7.62147541732,27.2400344464,0,0,31.5720481873,
MC_G2_D075_DENS_LOW_V_LOW_S007,MC_G2_D075_DENS_LOW_V_LOW,7,7.90200710297,7.61215877431,26.9977581806,0,0,31.6080284119,
MC_G2_D075_DENS_LOW_V_LOW_S007,MC_G2_D075_DENS_LOW_V_LOW,7,7.91100215912,7.70215592104,27.8017753228,0,0,31.6440086365,
MC_G2_D075_DENS_LOW_V_LOW_S007,MC_G2_D075_DENS_LOW_V_LOW,7,7.92001199722,7.50530391391,26.6862974181,0,0,31.6800479889,
MC_G2_D075_DENS_LOW_V_LOW_S007,MC_G2_D075_DENS_LOW_V_LOW,7,7.92900657654,7.54650293931,26.9895356096,0,0,31.7160263062,
MC_G2_D075_DENS_LOW_V_LOW_S007,MC_G2_D075_DENS_LOW_V_LOW,7,7.93800163269,7.75596134423,27.5443221641,0,0,31.7520065308,
MC_G2_D075_DENS_LOW_V_LOW_S007,MC_G2_D075_DENS_LOW_V_LOW,7,7.94701147079,6.87716245799,27.2317705474,0,0,31.7880458832,
MC_G2_D075_DENS_LOW_V_LOW_S007,MC_G2_D075_DENS_LOW_V_LOW,7,7.95600652695,7.1407296752,27.9766239884,0,0,31.8240261078,
MC_G2_D075_DENS_LOW_V_LOW_S007,MC_G2_D075_DENS_LOW_V_LOW,7,7.9650015831,7.32628554972,27.8606433923,0,0,31.8600063324,
MC_G2_D075_DENS_LOW_V_LOW_S007,MC_G2_D075_DENS_LOW_V_LOW,7,7.9740114212,7.34044426082,27.2892709962,0,0,31.8960456848,
MC_G2_D075_DENS_LOW_V_LOW_S007,MC_G2_D075_DENS_LOW_V_LOW,7,7.98300647736,7.13638607155,27.9547853565,0,0,31.9320259094,
MC_G2_D075_DENS_LOW_V_LOW_S007,MC_G2_D075_DENS_LOW_V_LOW,7,7.99200153351,7.3573616576,27.3098494724,0,0,31.968006134,
MC_G2_D075_DENS_LOW_V_LOW_S007,MC_G2_D075_DENS_LOW_V_LOW,7,8.00101089478,7.66639192641,27.1446626861,0,0,32.0040435791,
MC_G2_D075_DENS_LOW_V_LOW_S007,MC_G2_D075_DENS_LOW_V_LOW,7,8.01000595093,7.34364946454,27.4156991034,0,0,32.0400238037,
MC_G2_D075_DENS_LOW_V_LOW_S007,MC_G2_D075_DENS_LOW_V_LOW,7,8.01900100708,7.68422777984,28.0168855319,0,0,32.0760040283,
MC_G2_D075_DENS_LOW_V_LOW_S007,MC_G2_D075_DENS_LOW_V_LOW,7,8.02801132202,7.84760972349,27.6991145071,0,0,32.1120452881,
MC_G2_D075_DENS_LOW_V_LOW_S007,MC_G2_D075_DENS_LOW_V_LOW,7,8.03700637817,7.96231512251,26.7373964947,0,0,32.1480255127,
MC_G2_D075_DENS_LOW_V_LOW_S007,MC_G2_D075_DENS_LOW_V_LOW,7,8.04600143433,7.70128498982,27.6604427667,0,0,32.1840057373,
MC_G2_D075_DENS_LOW_V_LOW_S007,MC_G2_D075_DENS_LOW_V_LOW,7,8.05501079559,7.67095049976,28.6734062049,0,0,32.2200431824,
MC_G2_D075_DENS_LOW_V_LOW_S007,MC_G2_D075_DENS_LOW_V_LOW,7,8.06400585175,7.36856550245,27.1743420348,0,0,32.256023407,
MC_G2_D075_DENS_LOW_V_LOW_S007,MC_G2_D075_DENS_LOW_V_LOW,7,8.0730009079,7.67278464996,27.9202603175,0,0,32.2920036316,
MC_G2_D075_DENS_LOW_V_LOW_S007,MC_G2_D075_DENS_LOW_V_LOW,7,8.08201026917,7.60139923701,28.3161148237,0,0,32.3280410767,
MC_G2_D075_DENS_LOW_V_LOW_S007,MC_G2_D075_DENS_LOW_V_LOW,7,8.09100532532,6.84370731528,27.4589721787,0,0,32.3640213013,
MC_G2_D075_DENS_LOW_V_LOW_S007,MC_G2_D075_DENS_LOW_V_LOW,7,8.10000038147,7.11229012369,26.9969354592,0,0,32.4000015259,
MC_G2_D075_DENS_LOW_V_LOW_S007,MC_G2_D075_DENS_LOW_V_LOW,7,8.10901069641,7.57785922621,27.7396713514,0,0,32.4360427856,
MC_G2_D075_DENS_LOW_V_LOW_S007,MC_G2_D075_DENS_LOW_V_LOW,7,8.11800575256,7.29127975156,27.8282538261,0,0,32.4720230103,
MC_G2_D075_DENS_LOW_V_LOW_S007,MC_G2_D075_DENS_LOW_V_LOW,7,8.12699985504,7.54055120759,28.2198400079,0,0,32.5079994202,
MC_G2_D075_DENS_LOW_V_LOW_S007,MC_G2_D075_DENS_LOW_V_LOW,7,8.13601016998,7.42773190517,27.8395318965,0,0,32.5440406799,
MC_G2_D075_DENS_LOW_V_LOW_S007,MC_G2_D075_DENS_LOW_V_LOW,7,8.14500522614,7.58624580752,28.2082381086,0,0,32.5800209045,
MC_G2_D075_DENS_LOW_V_LOW_S007,MC_G2_D075_DENS_LOW_V_LOW,7,8.15400028229,7.60875020595,29.139988715,0,0,32.6160011292,
MC_G2_D075_DENS_LOW_V_LOW_S007,MC_G2_D075_DENS_LOW_V_LOW,7,8.16300964355,7.2250237698,27.655303683,0,0,32.6520385742,
MC_G2_D075_DENS_LOW_V_LOW_S007,MC_G2_D075_DENS_LOW_V_LOW,7,8.17200469971,7.49115514999,28.3365001738,0,0,32.6880187988,
MC_G2_D075_DENS_LOW_V_LOW_S007,MC_G2_D075_DENS_LOW_V_LOW,7,8.18101501465,7.86061456125,28.0086308143,0,0,32.7240600586,
MC_G2_D075_DENS_LOW_V_LOW_S007,MC_G2_D075_DENS_LOW_V_LOW,7,8.1900100708,8.48859465174,28.6657128558,0,0,32.7600402832,
MC_G2_D075_DENS_LOW_V_LOW_S007,MC_G2_D075_DENS_LOW_V_LOW,7,8.19900417328,7.33923180963,28.2072901829,0,0,32.7960166931,
MC_G2_D075_DENS_LOW_V_LOW_S007,MC_G2_D075_DENS_LOW_V_LOW,7,8.20801448822,7.62431589095,28.7069711831,0,0,32.8320579529,
MC_G2_D075_DENS_LOW_V_LOW_S007,MC_G2_D075_DENS_LOW_V_LOW,7,8.21700954437,7.31314255663,27.8957782351,0,0,32.8680381775,
MC_G2_D075_DENS_LOW_V_LOW_S007,MC_G2_D075_DENS_LOW_V_LOW,7,8.22600460052,7.35450405271,28.2905698317,0,0,32.9040184021,
MC_G2_D075_DENS_LOW_V_LOW_S007,MC_G2_D075_DENS_LOW_V_LOW,7,8.23501396179,6.97231279862,28.2638750764,0,0,32.9400558472,
MC_G2_D075_DENS_LOW_V_LOW_S007,MC_G2_D075_DENS_LOW_V_LOW,7,8.24400901794,7.50816372929,28.3349559121,0,0,32.9760360718,
MC_G2_D075_DENS_LOW_V_LOW_S007,MC_G2_D075_DENS_LOW_V_LOW,7,8.2530040741,7.48259780869,29.0983687449,0,0,33.0120162964,
MC_G2_D075_DENS_LOW_V_LOW_S007,MC_G2_D075_DENS_LOW_V_LOW,7,8.26201438904,7.70012614289,28.533083599,0,0,33.0480575562,
MC_G2_D075_DENS_LOW_V_LOW_S007,MC_G2_D075_DENS_LOW_V_LOW,7,8.27100849152,7.57090172366,29.0722092497,0,0,33.0840339661,
MC_G2_D075_DENS_LOW_V_LOW_S007,MC_G2_D075_DENS_LOW_V_LOW,7,8.28000354767,7.67713875342,29.2373881608,0,0,33.1200141907,
MC_G2_D075_DENS_LOW_V_LOW_S007,MC_G2_D075_DENS_LOW_V_LOW,7,8.28901386261,7.68046553383,28.5473228838,0,0,33.1560554504,
MC_G2_D075_DENS_LOW_V_LOW_S007,MC_G2_D075_DENS_LOW_V_LOW,7,8.29800891876,7.63543960571,28.6823254624,0,0,33.192035675,
MC_G2_D075_DENS_LOW_V_LOW_S007,MC_G2_D075_DENS_LOW_V_LOW,7,8.30700397491,7.87045066831,28.8914675076,0,0,33.2280158997,
MC_G2_D075_DENS_LOW_V_LOW_S007,MC_G2_D075_DENS_LOW_V_LOW,7,8.31601333618,7.04189777127,28.8600426141,0,0,33.2640533447,
MC_G2_D075_DENS_LOW_V_LOW_S007,MC_G2_D075_DENS_LOW_V_LOW,7,8.32500839233,7.51132140757,28.7108926281,0,0,33.3000335693,
MC_G2_D075_DENS_LOW_V_LOW_S007,MC_G2_D075_DENS_LOW_V_LOW,7,8.33400344849,7.78371785578,28.4013496853,0,0,33.3360137939,
MC_G2_D075_DENS_LOW_V_LOW_S007,MC_G2_D075_DENS_LOW_V_LOW,7,8.34301280975,7.49931239345,28.3827517537,0,0,33.372051239,
MC_G2_D075_DENS_LOW_V_LOW_S007,MC_G2_D075_DENS_LOW_V_LOW,7,8.35200786591,7.54594700226,28.1138951517,0,0,33.4080314636,
MC_G2_D075_DENS_LOW_V_LOW_S007,MC_G2_D075_DENS_LOW_V_LOW,7,8.36100292206,7.45983423086,28.8671147563,0,0,33.4440116882,
MC_G2_D075_DENS_LOW_V_LOW_S007,MC_G2_D075_DENS_LOW_V_LOW,7,8.370013237,7.62626111804,27.9491447684,0,0,33.480052948,
MC_G2_D075_DENS_LOW_V_LOW_S007,MC_G2_D075_DENS_LOW_V_LOW,7,8.37900829315,7.87807407956,29.4791647853,0,0,33.5160331726,
MC_G2_D075_DENS_LOW_V_LOW_S007,MC_G2_D075_DENS_LOW_V_LOW,7,8.3880033493,7.43035685649,29.1072132383,0,0,33.5520133972,
MC_G2_D075_DENS_LOW_V_LOW_S007,MC_G2_D075_DENS_LOW_V_LOW,7,8.39701271057,7.93552790877,29.9706970001,0,0,33.5880508423,
MC_G2_D075_DENS_LOW_V_LOW_S007,MC_G2_D075_DENS_LOW_V_LOW,7,8.40600776672,7.69224742059,29.383182532,0,0,33.6240310669,
MC_G2_D075_DENS_LOW_V_LOW_S007,MC_G2_D075_DENS_LOW_V_LOW,7,8.41500282288,7.74546043371,29.3658572846,0,0,33.6600112915,
MC_G2_D075_DENS_LOW_V_LOW_S007,MC_G2_D075_DENS_LOW_V_LOW,7,8.42401218414,7.57100451123,29.2877718999,0,0,33.6960487366,
MC_G2_D075_DENS_LOW_V_LOW_S007,MC_G2_D075_DENS_LOW_V_LOW,7,8.4330072403,7.82516058719,29.694972819,0,0,33.7320289612,
MC_G2_D075_DENS_LOW_V_LOW_S007,MC_G2_D075_DENS_LOW_V_LOW,7,8.44200229645,7.84915098438,29.9124563112,0,0,33.7680091858,
MC_G2_D075_DENS_LOW_V_LOW_S007,MC_G2_D075_DENS_LOW_V_LOW,7,8.45101261139,7.64729112276,29.5531446405,0,0,33.8040504456,
MC_G2_D075_DENS_LOW_V_LOW_S007,MC_G2_D075_DENS_LOW_V_LOW,7,8.46000766754,7.43426388929,29.6578230622,0,0,33.8400306702,
MC_G2_D075_DENS_LOW_V_LOW_S007,MC_G2_D075_DENS_LOW_V_LOW,7,8.46900272369,7.67737859108,30.0129119262,0,0,33.8760108948,
MC_G2_D075_DENS_LOW_V_LOW_S007,MC_G2_D075_DENS_LOW_V_LOW,7,8.47801208496,7.71944965294,29.3576607727,0,0,33.9120483398,
MC_G2_D075_DENS_LOW_V_LOW_S007,MC_G2_D075_DENS_LOW_V_LOW,7,8.48700714111,7.60469672849,29.6078464997,0,0,33.9480285645,
MC_G2_D075_DENS_LOW_V_LOW_S007,MC_G2_D075_DENS_LOW_V_LOW,7,8.49600219727,7.84828834248,29.7065353606,0,0,33.9840087891,
MC_G2_D075_DENS_LOW_V_LOW_S007,MC_G2_D075_DENS_LOW_V_LOW,7,8.50501155853,7.60943932474,29.3435405576,0,0,34.0200462341,
MC_G2_D075_DENS_LOW_V_LOW_S007,MC_G2_D075_DENS_LOW_V_LOW,7,8.51400661469,7.43261873559,29.6667961183,0,0,34.0560264587,
MC_G2_D075_DENS_LOW_V_LOW_S007,MC_G2_D075_DENS_LOW_V_LOW,7,8.52300167084,7.66138683502,29.8245075547,0,0,34.0920066833,
MC_G2_D075_DENS_LOW_V_LOW_S007,MC_G2_D075_DENS_LOW_V_LOW,7,8.53201198578,7.68231184169,29.753538628,0,0,34.1280479431,
MC_G2_D075_DENS_LOW_V_LOW_S007,MC_G2_D075_DENS_LOW_V_LOW,7,8.54100704193,7.92603055859,30.5445107908,0,0,34.1640281677,
MC_G2_D075_DENS_LOW_V_LOW_S007,MC_G2_D075_DENS_LOW_V_LOW,7,8.55000209808,8.10779379292,30.1205091402,0,0,34.2000083923,
MC_G2_D075_DENS_LOW_V_LOW_S007,MC_G2_D075_DENS_LOW_V_LOW,7,8.55901145935,7.66184661597,29.7956780704,0,0,34.2360458374,
MC_G2_D075_DENS_LOW_V_LOW_S007,MC_G2_D075_DENS_LOW_V_LOW,7,8.5680065155,8.10767442672,30.7228491962,0,0,34.272026062,
MC_G2_D075_DENS_LOW_V_LOW_S007,MC_G2_D075_DENS_LOW_V_LOW,7,8.57700157166,7.96238033183,30.0546233789,0,0,34.3080062866,
MC_G2_D075_DENS_LOW_V_LOW_S007,MC_G2_D075_DENS_LOW_V_LOW,7,8.58601093292,7.57581950088,29.7625464774,0,0,34.3440437317,
MC_G2_D075_DENS_LOW_V_LOW_S007,MC_G2_D075_DENS_LOW_V_LOW,7,8.59500598907,7.74292003346,30.1220669369,0,0,34.3800239563,
MC_G2_D075_DENS_LOW_V_LOW_S007,MC_G2_D075_DENS_LOW_V_LOW,7,8.60400104523,7.71766468605,30.2778086587,0,0,34.4160041809,
MC_G2_D075_DENS_LOW_V_LOW_S007,MC_G2_D075_DENS_LOW_V_LOW,7,8.61301136017,7.73754855413,29.9275045473,0,0,34.4520454407,
MC_G2_D075_DENS_LOW_V_LOW_S007,MC_G2_D075_DENS_LOW_V_LOW,7,8.62200641632,7.62860644296,30.4521628788,0,0,34.4880256653,
MC_G2_D075_DENS_LOW_V_LOW_S007,MC_G2_D075_DENS_LOW_V_LOW,7,8.6310005188,7.74564003565,30.1762537586,0,0,34.5240020752,
MC_G2_D075_DENS_LOW_V_LOW_S007,MC_G2_D075_DENS_LOW_V_LOW,7,8.64001083374,7.96293958461,30.8470279283,0,0,34.560043335,
MC_G2_D075_DENS_LOW_V_LOW_S007,MC_G2_D075_DENS_LOW_V_LOW,7,8.64900588989,7.82785848453,30.3237390544,0,0,34.5960235596,
MC_G2_D075_DENS_LOW_V_LOW_S007,MC_G2_D075_DENS_LOW_V_LOW,7,8.65800094604,7.6927011227,30.7132411242,0,0,34.6320037842,
MC_G2_D075_DENS_LOW_V_LOW_S007,MC_G2_D075_DENS_LOW_V_LOW,7,8.66701030731,7.80203835812,30.4578616227,0,0,34.6680412292,
MC_G2_D075_DENS_LOW_V_LOW_S007,MC_G2_D075_DENS_LOW_V_LOW,7,8.67600536346,7.49554572646,30.8623093332,0,0,34.7040214539,
MC_G2_D075_DENS_LOW_V_LOW_S007,MC_G2_D075_DENS_LOW_V_LOW,7,8.68500041962,7.64239545039,30.9739498222,0,0,34.7400016785,
MC_G2_D075_DENS_LOW_V_LOW_S007,MC_G2_D075_DENS_LOW_V_LOW,7,8.69400978088,7.86747424982,30.922836971,0,0,34.7760391235,
MC_G2_D075_DENS_LOW_V_LOW_S007,MC_G2_D075_DENS_LOW_V_LOW,7,8.70300483704,7.58774175346,30.9259242283,0,0,34.8120193481,
MC_G2_D075_DENS_LOW_V_LOW_S007,MC_G2_D075_DENS_LOW_V_LOW,7,8.71199989319,8.07908843055,31.0279504242,0,0,34.8479995728,
MC_G2_D075_DENS_LOW_V_LOW_S007,MC_G2_D075_DENS_LOW_V_LOW,7,8.72101020813,7.74178052828,30.7355185585,0,0,34.8840408325,
MC_G2_D075_DENS_LOW_V_LOW_S007,MC_G2_D075_DENS_LOW_V_LOW,7,8.73000526428,7.28137511946,29.9954362901,0,0,34.9200210571,
MC_G2_D075_DENS_LOW_V_LOW_S007,MC_G2_D075_DENS_LOW_V_LOW,7,8.73900032043,7.69275583221,31.1099516906,0,0,34.9560012817,
MC_G2_D075_DENS_LOW_V_LOW_S007,MC_G2_D075_DENS_LOW_V_LOW,7,8.7480096817,7.90680430989,31.6894390875,0,0,34.9920387268,
MC_G2_D075_DENS_LOW_V_LOW_S007,MC_G2_D075_DENS_LOW_V_LOW,7,8.75700473785,7.78581450111,30.4413710028,0,0,35.0280189514,
MC_G2_D075_DENS_LOW_V_LOW_S007,MC_G2_D075_DENS_LOW_V_LOW,7,8.76601409912,8.05533289743,31.4760349339,0,0,35.0640563965,
MC_G2_D075_DENS_LOW_V_LOW_S007,MC_G2_D075_DENS_LOW_V_LOW,7,8.77500915527,8.33063613383,31.6433595552,0,0,35.1000366211,
MC_G2_D075_DENS_LOW_V_LOW_S007,MC_G2_D075_DENS_LOW_V_LOW,7,8.78400421143,7.65877348875,31.226452058,0,0,35.1360168457,
MC_G2_D075_DENS_LOW_V_LOW_S007,MC_G2_D075_DENS_LOW_V_LOW,7,8.79301452637,7.79162918274,31.22561953,0,0,35.1720581055,
MC_G2_D075_DENS_LOW_V_LOW_S007,MC_G2_D075_DENS_LOW_V_LOW,7,8.80200958252,7.64065248272,32.1388701523,0,0,35.2080383301,
MC_G2_D075_DENS_LOW_V_LOW_S007,MC_G2_D075_DENS_LOW_V_LOW,7,8.81100463867,8.32657989327,31.1158178848,0,0,35.2440185547,
MC_G2_D075_DENS_LOW_V_LOW_S007,MC_G2_D075_DENS_LOW_V_LOW,7,8.82001399994,7.62931379826,31.1465592498,0,0,35.2800559998,
MC_G2_D075_DENS_LOW_V_LOW_S007,MC_G2_D075_DENS_LOW_V_LOW,7,8.82900905609,7.99422900433,31.7337057226,0,0,35.3160362244,
MC_G2_D075_DENS_LOW_V_LOW_S007,MC_G2_D075_DENS_LOW_V_LOW,7,8.83800411224,7.74771291825,31.7693192055,0,0,35.352016449,
MC_G2_D075_DENS_LOW_V_LOW_S007,MC_G2_D075_DENS_LOW_V_LOW,7,8.84701347351,8.13886603245,32.4930107346,0,0,35.388053894,
MC_G2_D075_DENS_LOW_V_LOW_S007,MC_G2_D075_DENS_LOW_V_LOW,7,8.85600852966,7.98380601342,32.3633147087,0,0,35.4240341187,
MC_G2_D075_DENS_LOW_V_LOW_S007,MC_G2_D075_DENS_LOW_V_LOW,7,8.86500358582,7.95871589979,32.7358285197,0,0,35.4600143433,
MC_G2_D075_DENS_LOW_V_LOW_S007,MC_G2_D075_DENS_LOW_V_LOW,7,8.87401390076,8.20311544617,31.7956316706,0,0,35.496055603,
MC_G2_D075_DENS_LOW_V_LOW_S007,MC_G2_D075_DENS_LOW_V_LOW,7,8.88300895691,7.95079794137,33.6236163876,0,0,35.5320358276,
MC_G2_D075_DENS_LOW_V_LOW_S007,MC_G2_D075_DENS_LOW_V_LOW,7,8.89200401306,7.71193897645,31.0798202265,0,0,35.5680160522,
MC_G2_D075_DENS_LOW_V_LOW_S007,MC_G2_D075_DENS_LOW_V_LOW,7,8.90101337433,7.89442890783,31.9625659088,0,0,35.6040534973,
MC_G2_D075_DENS_LOW_V_LOW_S007,MC_G2_D075_DENS_LOW_V_LOW,7,8.91000843048,8.07068913895,32.5756214344,0,0,35.6400337219,
MC_G2_D075_DENS_LOW_V_LOW_S007,MC_G2_D075_DENS_LOW_V_LOW,7,8.91900348663,7.95487462892,32.460925675,0,0,35.6760139465,
MC_G2_D075_DENS_LOW_V_LOW_S007,MC_G2_D075_DENS_LOW_V_LOW,7,8.9280128479,7.8152587182,32.1235116081,0,0,35.7120513916,
MC_G2_D075_DENS_LOW_V_LOW_S007,MC_G2_D075_DENS_LOW_V_LOW,7,8.93700790405,7.60375285126,32.2511866226,0,0,35.7480316162,
MC_G2_D075_DENS_LOW_V_LOW_S007,MC_G2_D075_DENS_LOW_V_LOW,7,8.94600296021,7.80656708992,32.2724113299,0,0,35.7840118408,
MC_G2_D075_DENS_LOW_V_LOW_S007,MC_G2_D075_DENS_LOW_V_LOW,7,8.95501327515,7.58304281429,32.0288943564,0,0,35.8200531006,
MC_G2_D075_DENS_LOW_V_LOW_S007,MC_G2_D075_DENS_LOW_V_LOW,7,8.9640083313,7.76042762982,30.91635933,0,0,35.8560333252,
MC_G2_D075_DENS_LOW_V_LOW_S007,MC_G2_D075_DENS_LOW_V_LOW,7,8.97300243378,7.96667585743,32.4276367219,0,0,35.8920097351,
MC_G2_D075_DENS_LOW_V_LOW_S007,MC_G2_D075_DENS_LOW_V_LOW,7,8.98201274872,8.58054034128,32.7545225233,0,0,35.9280509949,
MC_G2_D075_DENS_LOW_V_LOW_S007,MC_G2_D075_DENS_LOW_V_LOW,7,8.99100780487,7.95590416246,32.6163102164,0,0,35.9640312195,
MC_G2_D075_DENS_LOW_V_LOW_S007,MC_G2_D075_DENS_LOW_V_LOW,7,9,8.2093965402,32.1374804672,0,0,36,
