run_id,scenario_id,S,z_m,qb_MPa,qs_kPa,ALLKE,ALLIE,time_s,walltime_h
MC_G0_D045_DENS_HIGH_V_LOW_S100,MC_G0_D045_DENS_HIGH_V_LOW,100,0,0,0,0,0,0,
MC_G0_D045_DENS_HIGH_V_LOW_S100,MC_G0_D045_DENS_HIGH_V_LOW,100,0.00902262423187,0,0,0,0,0.0360904969275,
MC_G0_D045_DENS_HIGH_V_LOW_S100,MC_G0_D045_DENS_HIGH_V_LOW,100,0.018003186211,0.148320518887,6.22569522444e-05,0,0,0.072012744844,
MC_G0_D045_DENS_HIGH_V_LOW_S100,MC_G0_D045_DENS_HIGH_V_LOW,100,0.0270139910281,0.886025453974,132.570679158,0,0,0.108055964112,
MC_G0_D045_DENS_HIGH_V_LOW_S100,MC_G0_D045_DENS_HIGH_V_LOW,100,0.0360247120261,0.141480558705,6.27787011762e-05,0,0,0.144098848104,
MC_G0_D045_DENS_HIGH_V_LOW_S100,MC_G0_D045_DENS_HIGH_V_LOW,100,0.0450015179813,2.52338872822,93.0132155215,0,0,0.180006071925,
MC_G0_D045_DENS_HIGH_V_LOW_S100,MC_G0_D045_DENS_HIGH_V_LOW,100,0.0540122427046,0.331431140922,9.57340132364e-05,0,0,0.216048970819,
MC_G0_D045_DENS_HIGH_V_LOW_S100,MC_G0_D045_DENS_HIGH_V_LOW,100,0.0630230456591,2.32835676409,98.8243316085,0,0,0.252092182636,
MC_G0_D045_DENS_HIGH_V_LOW_S100,MC_G0_D045_DENS_HIGH_V_LOW,100,0.0720337703824,0.404163207622,0.000131112790574,0,0,0.28813508153,
MC_G0_D045_DENS_HIGH_V_LOW_S100,MC_G0_D045_DENS_HIGH_V_LOW,100,0.0810105800629,2.05709529264,69.3219188405,0,0,0.324042320251,
MC_G0_D045_DENS_HIGH_V_LOW_S100,MC_G0_D045_DENS_HIGH_V_LOW,100,0.0900213047862,0.412028563398,0.00025145467588,0,0,0.360085219145,
MC_G0_D045_DENS_HIGH_V_LOW_S100,MC_G0_D045_DENS_HIGH_V_LOW,100,0.0990321114659,1.8342720402,56.6095126808,0,0,0.396128445864,
MC_G0_D045_DENS_HIGH_V_LOW_S100,MC_G0_D045_DENS_HIGH_V_LOW,100,0.108008831739,0.348983296215,0.000124508756457,0,0,0.432035326958,
MC_G0_D045_DENS_HIGH_V_LOW_S100,MC_G0_D045_DENS_HIGH_V_LOW,100,0.117019638419,1.91126332067,55.7843611535,0,0,0.468078553677,
MC_G0_D045_DENS_HIGH_V_LOW_S100,MC_G0_D045_DENS_HIGH_V_LOW,100,0.126030370593,0.442164318928,0.000124190385312,0,0,0.504121482372,
MC_G0_D045_DENS_HIGH_V_LOW_S100,MC_G0_D045_DENS_HIGH_V_LOW,100,0.135007172823,1.91192070979,64.544822693,0,0,0.540028691292,
MC_G0_D045_DENS_HIGH_V_LOW_S100,MC_G0_D045_DENS_HIGH_V_LOW,100,0.144017845392,0.479317166085,0.000128031262843,0,0,0.576071381569,
MC_G0_D045_DENS_HIGH_V_LOW_S100,MC_G0_D045_DENS_HIGH_V_LOW,100,0.15302862227,1.95991510479,30.3645162761,0,0,0.612114489079,
MC_G0_D045_DENS_HIGH_V_LOW_S100,MC_G0_D045_DENS_HIGH_V_LOW,100,0.16200530529,0.650239873391,0.000176440783612,0,0,0.648021221161,
MC_G0_D045_DENS_HIGH_V_LOW_S100,MC_G0_D045_DENS_HIGH_V_LOW,100,0.171016082168,2.25139215528,46.239756955,0,0,0.684064328671,
MC_G0_D045_DENS_HIGH_V_LOW_S100,MC_G0_D045_DENS_HIGH_V_LOW,100,0.180026769638,0.698808668371,0.000315063184913,0,0,0.720107078552,
MC_G0_D045_DENS_HIGH_V_LOW_S100,MC_G0_D045_DENS_HIGH_V_LOW,100,0.189003542066,1.9217069044,38.6141936097,0,0,0.756014168262,
MC_G0_D045_DENS_HIGH_V_LOW_S100,MC_G0_D045_DENS_HIGH_V_LOW,100,0.198014244437,0.822102324782,0.000358700735719,0,0,0.792056977749,
MC_G0_D045_DENS_HIGH_V_LOW_S100,MC_G0_D045_DENS_HIGH_V_LOW,100,0.207025006413,1.64514698406,21.3986385122,0,0,0.828100025654,
MC_G0_D045_DENS_HIGH_V_LOW_S100,MC_G0_D045_DENS_HIGH_V_LOW,100,0.216001719236,0.830867129338,0.000255983652203,0,0,0.864006876945,
MC_G0_D045_DENS_HIGH_V_LOW_S100,MC_G0_D045_DENS_HIGH_V_LOW,100,0.225012481213,1.87520055746,19.7247350026,0,0,0.90004992485,
MC_G0_D045_DENS_HIGH_V_LOW_S100,MC_G0_D045_DENS_HIGH_V_LOW,100,0.234023198485,0.889988113488,1.79243164599,0,0,0.936092793941,
MC_G0_D045_DENS_HIGH_V_LOW_S100,MC_G0_D045_DENS_HIGH_V_LOW,100,0.24303394556,1.3804965331,12.6869431974,0,0,0.972135782242,
MC_G0_D045_DENS_HIGH_V_LOW_S100,MC_G0_D045_DENS_HIGH_V_LOW,100,0.252010673285,0.994038842782,1.27544482412,0,0,1.00804269314,
MC_G0_D045_DENS_HIGH_V_LOW_S100,MC_G0_D045_DENS_HIGH_V_LOW,100,0.261021405458,1.88236678969,15.2738042455,0,0,1.04408562183,
MC_G0_D045_DENS_HIGH_V_LOW_S100,MC_G0_D045_DENS_HIGH_V_LOW,100,0.270032137632,1.03510071832,2.78345829029,0,0,1.08012855053,
MC_G0_D045_DENS_HIGH_V_LOW_S100,MC_G0_D045_DENS_HIGH_V_LOW,100,0.279008895159,1.38314537378,7.88994526086,0,0,1.11603558064,
MC_G0_D045_DENS_HIGH_V_LOW_S100,MC_G0_D045_DENS_HIGH_V_LOW,100,0.288019627333,1.39163636214,0.107916068402,0,0,1.15207850933,
MC_G0_D045_DENS_HIGH_V_LOW_S100,MC_G0_D045_DENS_HIGH_V_LOW,100,0.297030359507,1.32222549207,11.2809781375,0,0,1.18812143803,
MC_G0_D045_DENS_HIGH_V_LOW_S100,MC_G0_D045_DENS_HIGH_V_LOW,100,0.306007087231,1.1614283234,3.66266680318,0,0,1.22402834892,
MC_G0_D045_DENS_HIGH_V_LOW_S100,MC_G0_D045_DENS_HIGH_V_LOW,100,0.315017819405,1.46353134184,8.03886929854,0,0,1.26007127762,
MC_G0_D045_DENS_HIGH_V_LOW_S100,MC_G0_D045_DENS_HIGH_V_LOW,100,0.324028581381,1.35218380434,2.66873647247,0,0,1.29611432552,
MC_G0_D045_DENS_HIGH_V_LOW_S100,MC_G0_D045_DENS_HIGH_V_LOW,100,0.333005309105,1.31617994903,5.31240367233,0,0,1.33202123642,
MC_G0_D045_DENS_HIGH_V_LOW_S100,MC_G0_D045_DENS_HIGH_V_LOW,100,0.342016071081,1.59307556764,6.35373158695,0,0,1.36806428432,
MC_G0_D045_DENS_HIGH_V_LOW_S100,MC_G0_D045_DENS_HIGH_V_LOW,100,0.351026773453,1.45744742232,5.05977931395,0,0,1.40410709381,
MC_G0_D045_DENS_HIGH_V_LOW_S100,MC_G0_D045_DENS_HIGH_V_LOW,100,0.360003530979,1.67929629591,9.10284954925,0,0,1.44001412392,
MC_G0_D045_DENS_HIGH_V_LOW_S100,MC_G0_D045_DENS_HIGH_V_LOW,100,0.369014263153,1.35645597018,2.09998159199,0,0,1.47605705261,
MC_G0_D045_DENS_HIGH_V_LOW_S100,MC_G0_D045_DENS_HIGH_V_LOW,100,0.378025025129,0.782832439036,11.833533643,0,0,1.51210010052,
MC_G0_D045_DENS_HIGH_V_LOW_S100,MC_G0_D045_DENS_HIGH_V_LOW,100,0.387001752853,1.36804326899,1.79714270635,0,0,1.54800701141,
MC_G0_D045_DENS_HIGH_V_LOW_S100,MC_G0_D045_DENS_HIGH_V_LOW,100,0.39601251483,1.57494229648,6.15768726826,0,0,1.58405005932,
MC_G0_D045_DENS_HIGH_V_LOW_S100,MC_G0_D045_DENS_HIGH_V_LOW,100,0.405023247004,1.49070966181,4.73507909896,0,0,1.62009298801,
MC_G0_D045_DENS_HIGH_V_LOW_S100,MC_G0_D045_DENS_HIGH_V_LOW,100,0.41400000453,1.71941008048,0.754845627371,0,0,1.65600001812,
MC_G0_D045_DENS_HIGH_V_LOW_S100,MC_G0_D045_DENS_HIGH_V_LOW,100,0.423010706902,1.35762146391,0.000679484021806,0,0,1.69204282761,
MC_G0_D045_DENS_HIGH_V_LOW_S100,MC_G0_D045_DENS_HIGH_V_LOW,100,0.43202149868,2.2184002781,5.89780633999,0,0,1.72808599472,
MC_G0_D045_DENS_HIGH_V_LOW_S100,MC_G0_D045_DENS_HIGH_V_LOW,100,0.441032201052,1.35031093611,0.00063227376787,0,0,1.76412880421,
MC_G0_D045_DENS_HIGH_V_LOW_S100,MC_G0_D045_DENS_HIGH_V_LOW,100,0.45000898838,2.41019921556,5.87122914159,0,0,1.80003595352,
MC_G0_D045_DENS_HIGH_V_LOW_S100,MC_G0_D045_DENS_HIGH_V_LOW,100,0.459019690752,1.39051413788,1.34585392104,0,0,1.83607876301,
MC_G0_D045_DENS_HIGH_V_LOW_S100,MC_G0_D045_DENS_HIGH_V_LOW,100,0.468030482531,1.73813722769,6.47060297191,0,0,1.87212193012,
MC_G0_D045_DENS_HIGH_V_LOW_S100,MC_G0_D045_DENS_HIGH_V_LOW,100,0.477007180452,1.56669029765,3.24559473976,0,0,1.90802872181,
MC_G0_D045_DENS_HIGH_V_LOW_S100,MC_G0_D045_DENS_HIGH_V_LOW,100,0.486017972231,1.63941219458,14.999585927,0,0,1.94407188892,
MC_G0_D045_DENS_HIGH_V_LOW_S100,MC_G0_D045_DENS_HIGH_V_LOW,100,0.495028674603,1.23911709642,4.45871031832,0,0,1.98011469841,
MC_G0_D045_DENS_HIGH_V_LOW_S100,MC_G0_D045_DENS_HIGH_V_LOW,100,0.504005491734,2.2683326854,10.831971732,0,0,2.01602196693,
MC_G0_D045_DENS_HIGH_V_LOW_S100,MC_G0_D045_DENS_HIGH_V_LOW,100,0.513016164303,1.70410016705,3.44981815516,0,0,2.05206465721,
MC_G0_D045_DENS_HIGH_V_LOW_S100,MC_G0_D045_DENS_HIGH_V_LOW,100,0.522026956081,2.39870008672,10.7380452363,0,0,2.08810782433,
MC_G0_D045_DENS_HIGH_V_LOW_S100,MC_G0_D045_DENS_HIGH_V_LOW,100,0.531003654003,1.49253676608,0.181224799284,0,0,2.12401461601,
MC_G0_D045_DENS_HIGH_V_LOW_S100,MC_G0_D045_DENS_HIGH_V_LOW,100,0.540014445782,2.34316106739,2.39107205191,0,0,2.16005778313,
MC_G0_D045_DENS_HIGH_V_LOW_S100,MC_G0_D045_DENS_HIGH_V_LOW,100,0.549025177956,1.79545326999,0.815714097399,0,0,2.19610071182,
MC_G0_D045_DENS_HIGH_V_LOW_S100,MC_G0_D045_DENS_HIGH_V_LOW,100,0.558001935482,2.13296482857,6.39002404223,0,0,2.23200774193,
MC_G0_D045_DENS_HIGH_V_LOW_S100,MC_G0_D045_DENS_HIGH_V_LOW,100,0.567012667656,1.68944841027,0.202488641584,0,0,2.26805067062,
MC_G0_D045_DENS_HIGH_V_LOW_S100,MC_G0_D045_DENS_HIGH_V_LOW,100,0.576023459435,2.44326017041,2.67531753748,0,0,2.30409383774,
MC_G0_D045_DENS_HIGH_V_LOW_S100,MC_G0_D045_DENS_HIGH_V_LOW,100,0.585000157356,1.51638583037,2.66853494791,0,0,2.34000062943,
MC_G0_D045_DENS_HIGH_V_LOW_S100,MC_G0_D045_DENS_HIGH_V_LOW,100,0.594010949135,2.27518518989,4.54970425289,0,0,2.37604379654,
MC_G0_D045_DENS_HIGH_V_LOW_S100,MC_G0_D045_DENS_HIGH_V_LOW,100,0.603021681309,2.0853900804,5.8374755874,0,0,2.41208672523,
MC_G0_D045_DENS_HIGH_V_LOW_S100,MC_G0_D045_DENS_HIGH_V_LOW,100,0.612032473087,2.51472734829,19.9516296763,0,0,2.44812989235,
MC_G0_D045_DENS_HIGH_V_LOW_S100,MC_G0_D045_DENS_HIGH_V_LOW,100,0.621009171009,2.13416102349,4.68630823739,0,0,2.48403668404,
MC_G0_D045_DENS_HIGH_V_LOW_S100,MC_G0_D045_DENS_HIGH_V_LOW,100,0.630019962788,2.63149527594,9.04057754898,0,0,2.52007985115,
MC_G0_D045_DENS_HIGH_V_LOW_S100,MC_G0_D045_DENS_HIGH_V_LOW,100,0.639030694962,1.45459000547,4.85865648147,0,0,2.55612277985,
MC_G0_D045_DENS_HIGH_V_LOW_S100,MC_G0_D045_DENS_HIGH_V_LOW,100,0.648007452488,2.57241679374,6.48294507983,0,0,2.59202980995,
MC_G0_D045_DENS_HIGH_V_LOW_S100,MC_G0_D045_DENS_HIGH_V_LOW,100,0.657018184662,1.88776386613,0.275555185283,0,0,2.62807273865,
MC_G0_D045_DENS_HIGH_V_LOW_S100,MC_G0_D045_DENS_HIGH_V_LOW,100,0.66602897644,2.40063809902,6.20444730514,0,0,2.66411590576,
MC_G0_D045_DENS_HIGH_V_LOW_S100,MC_G0_D045_DENS_HIGH_V_LOW,100,0.675005674362,2.22024657061,3.58618082053,0,0,2.70002269745,
MC_G0_D045_DENS_HIGH_V_LOW_S100,MC_G0_D045_DENS_HIGH_V_LOW,100,0.684016466141,2.32032130457,5.85108313496,0,0,2.73606586456,
MC_G0_D045_DENS_HIGH_V_LOW_S100,MC_G0_D045_DENS_HIGH_V_LOW,100,0.693027198315,2.20171725416,1.84944050478,0,0,2.77210879326,
MC_G0_D045_DENS_HIGH_V_LOW_S100,MC_G0_D045_DENS_HIGH_V_LOW,100,0.702003955841,2.29273034148,5.61998232066,0,0,2.80801582336,
MC_G0_D045_DENS_HIGH_V_LOW_S100,MC_G0_D045_DENS_HIGH_V_LOW,100,0.711014688015,2.54920132517,3.10397536224,0,0,2.84405875206,
MC_G0_D045_DENS_HIGH_V_LOW_S100,MC_G0_D045_DENS_HIGH_V_LOW,100,0.720025479794,2.28916746896,5.06286298511,0,0,2.88010191917,
MC_G0_D045_DENS_HIGH_V_LOW_S100,MC_G0_D045_DENS_HIGH_V_LOW,100,0.72900223732,2.09510144086,4.18321701921,0,0,2.91600894928,
MC_G0_D045_DENS_HIGH_V_LOW_S100,MC_G0_D045_DENS_HIGH_V_LOW,100,0.738012969494,5.60672792702,7.84073838865,0,0,2.95205187798,
MC_G0_D045_DENS_HIGH_V_LOW_S100,MC_G0_D045_DENS_HIGH_V_LOW,100,0.747023701668,2.17651215692,7.3998441327,0,0,2.98809480667,
MC_G0_D045_DENS_HIGH_V_LOW_S100,MC_G0_D045_DENS_HIGH_V_LOW,100,0.756000518799,2.34040889804,5.83981710209,0,0,3.0240020752,
MC_G0_D045_DENS_HIGH_V_LOW_S100,MC_G0_D045_DENS_HIGH_V_LOW,100,0.765011250973,1.80006900127,4.56697086976,0,0,3.06004500389,
MC_G0_D045_DENS_HIGH_V_LOW_S100,MC_G0_D045_DENS_HIGH_V_LOW,100,0.774021983147,2.11091101608,3.80667636545,0,0,3.09608793259,
MC_G0_D045_DENS_HIGH_V_LOW_S100,MC_G0_D045_DENS_HIGH_V_LOW,100,0.783032774925,2.35202526703,3.52136494403,0,0,3.1321310997,
MC_G0_D045_DENS_HIGH_V_LOW_S100,MC_G0_D045_DENS_HIGH_V_LOW,100,0.792009532452,3.13376148188,5.49318358094,0,0,3.16803812981,
MC_G0_D045_DENS_HIGH_V_LOW_S100,MC_G0_D045_DENS_HIGH_V_LOW,100,0.801020264626,2.70736538751,4.48879653799,0,0,3.2040810585,
MC_G0_D045_DENS_HIGH_V_LOW_S100,MC_G0_D045_DENS_HIGH_V_LOW,100,0.810030996799,2.27819582485,3.15907572807,0,0,3.2401239872,
MC_G0_D045_DENS_HIGH_V_LOW_S100,MC_G0_D045_DENS_HIGH_V_LOW,100,0.819007754326,2.53274529812,4.00249105266,0,0,3.2760310173,
MC_G0_D045_DENS_HIGH_V_LOW_S100,MC_G0_D045_DENS_HIGH_V_LOW,100,0.828018546104,2.3562332482,3.31376373338,0,0,3.31207418442,
MC_G0_D045_DENS_HIGH_V_LOW_S100,MC_G0_D045_DENS_HIGH_V_LOW,100,0.837029278278,1.54391644643,1.47134518505,0,0,3.34811711311,
MC_G0_D045_DENS_HIGH_V_LOW_S100,MC_G0_D045_DENS_HIGH_V_LOW,100,0.846006035805,2.2545263625,5.05365127189,0,0,3.38402414322,
MC_G0_D045_DENS_HIGH_V_LOW_S100,MC_G0_D045_DENS_HIGH_V_LOW,100,0.855016767979,2.86889506727,6.3894523087,0,0,3.42006707191,
MC_G0_D045_DENS_HIGH_V_LOW_S100,MC_G0_D045_DENS_HIGH_V_LOW,100,0.864027559757,2.4668691898,6.81403705102,0,0,3.45611023903,
MC_G0_D045_DENS_HIGH_V_LOW_S100,MC_G0_D045_DENS_HIGH_V_LOW,100,0.873004317284,2.05677177891,2.12809359512,0,0,3.49201726913,
MC_G0_D045_DENS_HIGH_V_LOW_S100,MC_G0_D045_DENS_HIGH_V_LOW,100,0.882015049458,2.60125134671,6.6161818523,0,0,3.52806019783,
MC_G0_D045_DENS_HIGH_V_LOW_S100,MC_G0_D045_DENS_HIGH_V_LOW,100,0.891025841236,2.60849279684,4.63088783287,0,0,3.56410336494,
MC_G0_D045_DENS_HIGH_V_LOW_S100,MC_G0_D045_DENS_HIGH_V_LOW,100,0.900002539158,2.63278587701,2.73741366889,0,0,3.60001015663,
MC_G0_D045_DENS_HIGH_V_LOW_S100,MC_G0_D045_DENS_HIGH_V_LOW,100,0.909013330936,2.74278879854,4.20756116919,0,0,3.63605332375,
MC_G0_D045_DENS_HIGH_V_LOW_S100,MC_G0_D045_DENS_HIGH_V_LOW,100,0.91802406311,2.30991014896,2.87152830845,0,0,3.67209625244,
MC_G0_D045_DENS_HIGH_V_LOW_S100,MC_G0_D045_DENS_HIGH_V_LOW,100,0.927000820637,2.7181551271,4.23460801882,0,0,3.70800328255,
MC_G0_D045_DENS_HIGH_V_LOW_S100,MC_G0_D045_DENS_HIGH_V_LOW,100,0.936011612415,2.93695863502,5.80197408089,0,0,3.74404644966,
MC_G0_D045_DENS_HIGH_V_LOW_S100,MC_G0_D045_DENS_HIGH_V_LOW,100,0.945022344589,2.58968621031,3.02887854124,0,0,3.78008937836,
MC_G0_D045_DENS_HIGH_V_LOW_S100,MC_G0_D045_DENS_HIGH_V_LOW,100,0.954033076763,2.9848223581,7.42027647641,0,0,3.81613230705,
MC_G0_D045_DENS_HIGH_V_LOW_S100,MC_G0_D045_DENS_HIGH_V_LOW,100,0.96300983429,2.56341712512,6.50053785337,0,0,3.85203933716,
MC_G0_D045_DENS_HIGH_V_LOW_S100,MC_G0_D045_DENS_HIGH_V_LOW,100,0.972020626068,3.06674444077,7.11232566374,0,0,3.88808250427,
MC_G0_D045_DENS_HIGH_V_LOW_S100,MC_G0_D045_DENS_HIGH_V_LOW,100,0.981031358242,2.68590602672,1.93722576593,0,0,3.92412543297,
MC_G0_D045_DENS_HIGH_V_LOW_S100,MC_G0_D045_DENS_HIGH_V_LOW,100,0.990008115768,2.95247290322,4.20807000725,0,0,3.96003246307,
MC_G0_D045_DENS_HIGH_V_LOW_S100,MC_G0_D045_DENS_HIGH_V_LOW,100,0.999018847942,3.46335040779,4.95878601262,0,0,3.99607539177,
MC_G0_D045_DENS_HIGH_V_LOW_S100,MC_G0_D045_DENS_HIGH_V_LOW,100,1.00802958012,2.64203844664,3.91578559458,0,0,4.03211832047,
MC_G0_D045_DENS_HIGH_V_LOW_S100,MC_G0_D045_DENS_HIGH_V_LOW,100,1.01700639725,2.84048610948,5.03349497267,0,0,4.06802558899,
MC_G0_D045_DENS_HIGH_V_LOW_S100,MC_G0_D045_DENS_HIGH_V_LOW,100,1.02601706982,3.13427764555,5.33986788335,0,0,4.10406827927,
MC_G0_D045_DENS_HIGH_V_LOW_S100,MC_G0_D045_DENS_HIGH_V_LOW,100,1.0350278616,2.91329128338,3.80376849637,0,0,4.14011144638,
MC_G0_D045_DENS_HIGH_V_LOW_S100,MC_G0_D045_DENS_HIGH_V_LOW,100,1.04400455952,3.33349590814,5.21754356776,0,0,4.17601823807,
MC_G0_D045_DENS_HIGH_V_LOW_S100,MC_G0_D045_DENS_HIGH_V_LOW,100,1.0530153513,6.15291045117,5.67577218342,0,0,4.21206140518,
MC_G0_D045_DENS_HIGH_V_LOW_S100,MC_G0_D045_DENS_HIGH_V_LOW,100,1.06202602386,4.38665554319,8.7092431266,0,0,4.24810409546,
MC_G0_D045_DENS_HIGH_V_LOW_S100,MC_G0_D045_DENS_HIGH_V_LOW,100,1.071002841,3.57995542728,7.13076628862,0,0,4.28401136398,
MC_G0_D045_DENS_HIGH_V_LOW_S100,MC_G0_D045_DENS_HIGH_V_LOW,100,1.08001351357,3.55362417219,5.04960622713,0,0,4.32005405426,
MC_G0_D045_DENS_HIGH_V_LOW_S100,MC_G0_D045_DENS_HIGH_V_LOW,100,1.08902430534,2.68721965368,9.60295932363,0,0,4.35609722137,
MC_G0_D045_DENS_HIGH_V_LOW_S100,MC_G0_D045_DENS_HIGH_V_LOW,100,1.09800100327,2.71698522007,4.97664401427,0,0,4.39200401306,
MC_G0_D045_DENS_HIGH_V_LOW_S100,MC_G0_D045_DENS_HIGH_V_LOW,100,1.10701179504,4.37908309591,8.16947459292,0,0,4.42804718018,
MC_G0_D045_DENS_HIGH_V_LOW_S100,MC_G0_D045_DENS_HIGH_V_LOW,100,1.11602258682,3.30340682801,6.99488911827,0,0,4.46409034729,
MC_G0_D045_DENS_HIGH_V_LOW_S100,MC_G0_D045_DENS_HIGH_V_LOW,100,1.12503325939,3.88187970726,6.83970040895,0,0,4.50013303757,
MC_G0_D045_DENS_HIGH_V_LOW_S100,MC_G0_D045_DENS_HIGH_V_LOW,100,1.13401007652,3.72409250196,7.59128619365,0,0,4.53604030609,
MC_G0_D045_DENS_HIGH_V_LOW_S100,MC_G0_D045_DENS_HIGH_V_LOW,100,1.14302074909,5.88837445807,4.73645112943,0,0,4.57208299637,
MC_G0_D045_DENS_HIGH_V_LOW_S100,MC_G0_D045_DENS_HIGH_V_LOW,100,1.15203154087,2.94054319025,5.20237822168,0,0,4.60812616348,
MC_G0_D045_DENS_HIGH_V_LOW_S100,MC_G0_D045_DENS_HIGH_V_LOW,100,1.16100823879,3.92152568252,6.14609326022,0,0,4.64403295517,
MC_G0_D045_DENS_HIGH_V_LOW_S100,MC_G0_D045_DENS_HIGH_V_LOW,100,1.17001903057,4.10044643229,8.47638850627,0,0,4.68007612228,
MC_G0_D045_DENS_HIGH_V_LOW_S100,MC_G0_D045_DENS_HIGH_V_LOW,100,1.17902982235,3.75756408515,5.4934103965,0,0,4.7161192894,
MC_G0_D045_DENS_HIGH_V_LOW_S100,MC_G0_D045_DENS_HIGH_V_LOW,100,1.18800652027,4.15247995194,7.16801492977,0,0,4.75202608109,
MC_G0_D045_DENS_HIGH_V_LOW_S100,MC_G0_D045_DENS_HIGH_V_LOW,100,1.19701731205,3.73480452918,4.98478519153,0,0,4.7880692482,
MC_G0_D045_DENS_HIGH_V_LOW_S100,MC_G0_D045_DENS_HIGH_V_LOW,100,1.20602798462,3.26076364956,6.21504629061,0,0,4.82411193848,
MC_G0_D045_DENS_HIGH_V_LOW_S100,MC_G0_D045_DENS_HIGH_V_LOW,100,1.21500480175,3.01476330502,6.82469943511,0,0,4.860019207,
MC_G0_D045_DENS_HIGH_V_LOW_S100,MC_G0_D045_DENS_HIGH_V_LOW,100,1.22401547432,3.71131812264,6.59450367917,0,0,4.89606189728,
MC_G0_D045_DENS_HIGH_V_LOW_S100,MC_G0_D045_DENS_HIGH_V_LOW,100,1.2330262661,4.29863447824,8.73840080797,0,0,4.93210506439,
MC_G0_D045_DENS_HIGH_V_LOW_S100,MC_G0_D045_DENS_HIGH_V_LOW,100,1.24200296402,3.37250867146,5.77617403941,0,0,4.96801185608,
MC_G0_D045_DENS_HIGH_V_LOW_S100,MC_G0_D045_DENS_HIGH_V_LOW,100,1.2510137558,4.09210338526,7.30576032321,0,0,5.00405502319,
MC_G0_D045_DENS_HIGH_V_LOW_S100,MC_G0_D045_DENS_HIGH_V_LOW,100,1.26002454758,3.86614726877,6.3832572042,0,0,5.04009819031,
MC_G0_D045_DENS_HIGH_V_LOW_S100,MC_G0_D045_DENS_HIGH_V_LOW,100,1.2690012455,3.92110200617,6.1939272707,0,0,5.07600498199,
MC_G0_D045_DENS_HIGH_V_LOW_S100,MC_G0_D045_DENS_HIGH_V_LOW,100,1.27801203728,3.20889188678,4.53669509779,0,0,5.11204814911,
MC_G0_D045_DENS_HIGH_V_LOW_S100,MC_G0_D045_DENS_HIGH_V_LOW,100,1.28702270985,3.55253850154,5.75037282312,0,0,5.14809083939,
MC_G0_D045_DENS_HIGH_V_LOW_S100,MC_G0_D045_DENS_HIGH_V_LOW,100,1.29603350163,3.97030487656,6.78523496391,0,0,5.1841340065,
MC_G0_D045_DENS_HIGH_V_LOW_S100,MC_G0_D045_DENS_HIGH_V_LOW,100,1.30501019955,4.38031152707,5.11354914027,0,0,5.22004079819,
MC_G0_D045_DENS_HIGH_V_LOW_S100,MC_G0_D045_DENS_HIGH_V_LOW,100,1.31402099133,4.47852078027,7.54602933636,0,0,5.2560839653,
MC_G0_D045_DENS_HIGH_V_LOW_S100,MC_G0_D045_DENS_HIGH_V_LOW,100,1.32303166389,3.78548028892,6.63838549402,0,0,5.29212665558,
MC_G0_D045_DENS_HIGH_V_LOW_S100,MC_G0_D045_DENS_HIGH_V_LOW,100,1.33200848103,2.74954996701,9.67297320218,0,0,5.3280339241,
MC_G0_D045_DENS_HIGH_V_LOW_S100,MC_G0_D045_DENS_HIGH_V_LOW,100,1.34101915359,4.85160004545,8.65167826274,0,0,5.36407661438,
MC_G0_D045_DENS_HIGH_V_LOW_S100,MC_G0_D045_DENS_HIGH_V_LOW,100,1.35002994537,4.1329559171,7.14303840047,0,0,5.40011978149,
MC_G0_D045_DENS_HIGH_V_LOW_S100,MC_G0_D045_DENS_HIGH_V_LOW,100,1.3590066433,4.45957239265,7.64692623494,0,0,5.43602657318,
MC_G0_D045_DENS_HIGH_V_LOW_S100,MC_G0_D045_DENS_HIGH_V_LOW,100,1.36801743507,3.94721221273,8.0582201647,0,0,5.4720697403,
MC_G0_D045_DENS_HIGH_V_LOW_S100,MC_G0_D045_DENS_HIGH_V_LOW,100,1.37702822685,4.53686109085,5.92130217155,0,0,5.50811290741,
MC_G0_D045_DENS_HIGH_V_LOW_S100,MC_G0_D045_DENS_HIGH_V_LOW,100,1.38600492477,4.56157516102,6.81527829773,0,0,5.5440196991,
MC_G0_D045_DENS_HIGH_V_LOW_S100,MC_G0_D045_DENS_HIGH_V_LOW,100,1.39501571655,4.11894159367,6.93430928535,0,0,5.58006286621,
MC_G0_D045_DENS_HIGH_V_LOW_S100,MC_G0_D045_DENS_HIGH_V_LOW,100,1.40402638912,3.91088964074,6.79013313012,0,0,5.61610555649,
MC_G0_D045_DENS_HIGH_V_LOW_S100,MC_G0_D045_DENS_HIGH_V_LOW,100,1.41300320625,4.69327633695,9.19946103743,0,0,5.65201282501,
MC_G0_D045_DENS_HIGH_V_LOW_S100,MC_G0_D045_DENS_HIGH_V_LOW,100,1.42201387882,4.30639535404,6.40754699904,0,0,5.68805551529,
MC_G0_D045_DENS_HIGH_V_LOW_S100,MC_G0_D045_DENS_HIGH_V_LOW,100,1.4310246706,4.60248449005,5.6667176476,0,0,5.7240986824,
MC_G0_D045_DENS_HIGH_V_LOW_S100,MC_G0_D045_DENS_HIGH_V_LOW,100,1.44000136852,4.61132758262,8.78988576351,0,0,5.76000547409,
MC_G0_D045_DENS_HIGH_V_LOW_S100,MC_G0_D045_DENS_HIGH_V_LOW,100,1.4490121603,4.20454302148,7.97092640404,0,0,5.7960486412,
MC_G0_D045_DENS_HIGH_V_LOW_S100,MC_G0_D045_DENS_HIGH_V_LOW,100,1.45802283287,4.54715366313,11.7100845103,0,0,5.83209133148,
MC_G0_D045_DENS_HIGH_V_LOW_S100,MC_G0_D045_DENS_HIGH_V_LOW,100,1.46703362465,5.39703039058,10.6583157104,0,0,5.8681344986,
MC_G0_D045_DENS_HIGH_V_LOW_S100,MC_G0_D045_DENS_HIGH_V_LOW,100,1.47601032257,4.6515023858,6.92573001883,0,0,5.90404129028,
MC_G0_D045_DENS_HIGH_V_LOW_S100,MC_G0_D045_DENS_HIGH_V_LOW,100,1.48502111435,4.78627329646,6.41880814237,0,0,5.9400844574,
MC_G0_D045_DENS_HIGH_V_LOW_S100,MC_G0_D045_DENS_HIGH_V_LOW,100,1.49403178692,4.62182508531,7.32236734611,0,0,5.97612714767,
MC_G0_D045_DENS_HIGH_V_LOW_S100,MC_G0_D045_DENS_HIGH_V_LOW,100,1.50300860405,6.8127840686,7.27629565461,0,0,6.0120344162,
MC_G0_D045_DENS_HIGH_V_LOW_S100,MC_G0_D045_DENS_HIGH_V_LOW,100,1.51201927662,4.41356321303,6.56416087582,0,0,6.04807710648,
MC_G0_D045_DENS_HIGH_V_LOW_S100,MC_G0_D045_DENS_HIGH_V_LOW,100,1.5210300684,7.35935573027,6.22092381744,0,0,6.08412027359,
MC_G0_D045_DENS_HIGH_V_LOW_S100,MC_G0_D045_DENS_HIGH_V_LOW,100,1.53000676632,5.67722283675,7.91134628807,0,0,6.12002706528,
MC_G0_D045_DENS_HIGH_V_LOW_S100,MC_G0_D045_DENS_HIGH_V_LOW,100,1.5390175581,5.01936360082,5.72088570756,0,0,6.15607023239,
MC_G0_D045_DENS_HIGH_V_LOW_S100,MC_G0_D045_DENS_HIGH_V_LOW,100,1.54802823067,4.61573128385,5.63360253574,0,0,6.19211292267,
MC_G0_D045_DENS_HIGH_V_LOW_S100,MC_G0_D045_DENS_HIGH_V_LOW,100,1.5570050478,4.91040125757,7.25991888079,0,0,6.22802019119,
MC_G0_D045_DENS_HIGH_V_LOW_S100,MC_G0_D045_DENS_HIGH_V_LOW,100,1.56601572037,5.4095691383,9.57673822092,0,0,6.26406288147,
MC_G0_D045_DENS_HIGH_V_LOW_S100,MC_G0_D045_DENS_HIGH_V_LOW,100,1.57502651215,5.43784032452,10.4582220337,0,0,6.30010604858,
MC_G0_D045_DENS_HIGH_V_LOW_S100,MC_G0_D045_DENS_HIGH_V_LOW,100,1.58400321007,3.86964528503,5.65690469204,0,0,6.33601284027,
MC_G0_D045_DENS_HIGH_V_LOW_S100,MC_G0_D045_DENS_HIGH_V_LOW,100,1.59301400185,5.45239844268,9.40594867264,0,0,6.37205600739,
MC_G0_D045_DENS_HIGH_V_LOW_S100,MC_G0_D045_DENS_HIGH_V_LOW,100,1.60202467442,4.74027255967,8.80719689806,0,0,6.40809869766,
MC_G0_D045_DENS_HIGH_V_LOW_S100,MC_G0_D045_DENS_HIGH_V_LOW,100,1.61100149155,4.39919889609,6.41587945125,0,0,6.44400596619,
MC_G0_D045_DENS_HIGH_V_LOW_S100,MC_G0_D045_DENS_HIGH_V_LOW,100,1.62001216412,5.04397328696,6.69162756014,0,0,6.48004865646,
MC_G0_D045_DENS_HIGH_V_LOW_S100,MC_G0_D045_DENS_HIGH_V_LOW,100,1.62902295589,5.73184062864,9.81825777051,0,0,6.51609182358,
MC_G0_D045_DENS_HIGH_V_LOW_S100,MC_G0_D045_DENS_HIGH_V_LOW,100,1.63803374767,5.11596871711,8.17463160376,0,0,6.55213499069,
MC_G0_D045_DENS_HIGH_V_LOW_S100,MC_G0_D045_DENS_HIGH_V_LOW,100,1.64701044559,5.82317051381,8.97098051749,0,0,6.58804178238,
MC_G0_D045_DENS_HIGH_V_LOW_S100,MC_G0_D045_DENS_HIGH_V_LOW,100,1.65602111816,4.53287914716,5.14210142935,0,0,6.62408447266,
MC_G0_D045_DENS_HIGH_V_LOW_S100,MC_G0_D045_DENS_HIGH_V_LOW,100,1.66503190994,5.47173174641,7.90908643951,0,0,6.66012763977,
MC_G0_D045_DENS_HIGH_V_LOW_S100,MC_G0_D045_DENS_HIGH_V_LOW,100,1.67400860786,4.86356045961,5.56033676407,0,0,6.69603443146,
MC_G0_D045_DENS_HIGH_V_LOW_S100,MC_G0_D045_DENS_HIGH_V_LOW,100,1.68301939964,5.09781318759,8.13075810625,0,0,6.73207759857,
MC_G0_D045_DENS_HIGH_V_LOW_S100,MC_G0_D045_DENS_HIGH_V_LOW,100,1.69203007221,4.82860562541,11.9840537079,0,0,6.76812028885,
MC_G0_D045_DENS_HIGH_V_LOW_S100,MC_G0_D045_DENS_HIGH_V_LOW,100,1.70100688934,10.4744668179,8.1831526467,0,0,6.80402755737,
MC_G0_D045_DENS_HIGH_V_LOW_S100,MC_G0_D045_DENS_HIGH_V_LOW,100,1.71001756191,5.37668855292,10.6092231401,0,0,6.84007024765,
MC_G0_D045_DENS_HIGH_V_LOW_S100,MC_G0_D045_DENS_HIGH_V_LOW,100,1.71902835369,5.30402729083,6.7994733905,0,0,6.87611341476,
MC_G0_D045_DENS_HIGH_V_LOW_S100,MC_G0_D045_DENS_HIGH_V_LOW,100,1.72800505161,5.33541579861,6.7934269837,0,0,6.91202020645,
MC_G0_D045_DENS_HIGH_V_LOW_S100,MC_G0_D045_DENS_HIGH_V_LOW,100,1.73701584339,5.07307762659,8.59548910384,0,0,6.94806337357,
MC_G0_D045_DENS_HIGH_V_LOW_S100,MC_G0_D045_DENS_HIGH_V_LOW,100,1.74602651596,5.99789901676,8.75830125405,0,0,6.98410606384,
MC_G0_D045_DENS_HIGH_V_LOW_S100,MC_G0_D045_DENS_HIGH_V_LOW,100,1.75500321388,5.75239967719,8.35071394913,0,0,7.02001285553,
MC_G0_D045_DENS_HIGH_V_LOW_S100,MC_G0_D045_DENS_HIGH_V_LOW,100,1.76401400566,5.02663018755,7.95824584852,0,0,7.05605602264,
MC_G0_D045_DENS_HIGH_V_LOW_S100,MC_G0_D045_DENS_HIGH_V_LOW,100,1.77302467823,5.82577090418,8.3405044025,0,0,7.09209871292,
MC_G0_D045_DENS_HIGH_V_LOW_S100,MC_G0_D045_DENS_HIGH_V_LOW,100,1.78200149536,5.92959809047,7.3816200317,0,0,7.12800598145,
MC_G0_D045_DENS_HIGH_V_LOW_S100,MC_G0_D045_DENS_HIGH_V_LOW,100,1.79101216793,5.47156787884,7.39471818392,0,0,7.16404867172,
MC_G0_D045_DENS_HIGH_V_LOW_S100,MC_G0_D045_DENS_HIGH_V_LOW,100,1.80002295971,5.88285016359,7.55729111576,0,0,7.20009183884,
MC_G0_D045_DENS_HIGH_V_LOW_S100,MC_G0_D045_DENS_HIGH_V_LOW,100,1.80903363228,5.63678860856,10.6079770138,0,0,7.23613452911,
MC_G0_D045_DENS_HIGH_V_LOW_S100,MC_G0_D045_DENS_HIGH_V_LOW,100,1.81801044941,6.46416520504,11.6443609801,0,0,7.27204179764,
MC_G0_D045_DENS_HIGH_V_LOW_S100,MC_G0_D045_DENS_HIGH_V_LOW,100,1.82702112198,5.61275725599,11.6598059471,0,0,7.30808448792,
MC_G0_D045_DENS_HIGH_V_LOW_S100,MC_G0_D045_DENS_HIGH_V_LOW,100,1.83603191376,5.78344509923,10.916542803,0,0,7.34412765503,
MC_G0_D045_DENS_HIGH_V_LOW_S100,MC_G0_D045_DENS_HIGH_V_LOW,100,1.84500861168,5.80591759913,7.59408372603,0,0,7.38003444672,
MC_G0_D045_DENS_HIGH_V_LOW_S100,MC_G0_D045_DENS_HIGH_V_LOW,100,1.85401928425,6.19203680888,10.006543031,0,0,7.41607713699,
MC_G0_D045_DENS_HIGH_V_LOW_S100,MC_G0_D045_DENS_HIGH_V_LOW,100,1.86303007603,6.69013667213,11.0861963895,0,0,7.45212030411,
MC_G0_D045_DENS_HIGH_V_LOW_S100,MC_G0_D045_DENS_HIGH_V_LOW,100,1.87200677395,7.06050348762,8.28356247856,0,0,7.48802709579,
MC_G0_D045_DENS_HIGH_V_LOW_S100,MC_G0_D045_DENS_HIGH_V_LOW,100,1.88101756573,6.47500272335,9.4636620746,0,0,7.52407026291,
MC_G0_D045_DENS_HIGH_V_LOW_S100,MC_G0_D045_DENS_HIGH_V_LOW,100,1.8900282383,6.52312069062,11.14240274,0,0,7.56011295319,
MC_G0_D045_DENS_HIGH_V_LOW_S100,MC_G0_D045_DENS_HIGH_V_LOW,100,1.89900493622,5.68904547933,7.1836599063,0,0,7.59601974487,
MC_G0_D045_DENS_HIGH_V_LOW_S100,MC_G0_D045_DENS_HIGH_V_LOW,100,1.908015728,6.27508504939,7.95106379083,0,0,7.63206291199,
MC_G0_D045_DENS_HIGH_V_LOW_S100,MC_G0_D045_DENS_HIGH_V_LOW,100,1.91702640057,6.00856192208,8.79232996289,0,0,7.66810560226,
MC_G0_D045_DENS_HIGH_V_LOW_S100,MC_G0_D045_DENS_HIGH_V_LOW,100,1.9260032177,6.18049930355,8.35319418039,0,0,7.70401287079,
MC_G0_D045_DENS_HIGH_V_LOW_S100,MC_G0_D045_DENS_HIGH_V_LOW,100,1.93501389027,7.65276772294,13.269716626,0,0,7.74005556107,
MC_G0_D045_DENS_HIGH_V_LOW_S100,MC_G0_D045_DENS_HIGH_V_LOW,100,1.94402468204,5.56029507105,6.87356762306,0,0,7.77609872818,
MC_G0_D045_DENS_HIGH_V_LOW_S100,MC_G0_D045_DENS_HIGH_V_LOW,100,1.95300137997,5.90912500525,9.27494415538,0,0,7.81200551987,
MC_G0_D045_DENS_HIGH_V_LOW_S100,MC_G0_D045_DENS_HIGH_V_LOW,100,1.96201205254,4.68854106292,8.30058290025,0,0,7.84804821014,
MC_G0_D045_DENS_HIGH_V_LOW_S100,MC_G0_D045_DENS_HIGH_V_LOW,100,1.97102284431,7.74016325125,11.0724927443,0,0,7.88409137726,
MC_G0_D045_DENS_HIGH_V_LOW_S100,MC_G0_D045_DENS_HIGH_V_LOW,100,1.98003351688,10.1709050135,13.0114143006,0,0,7.92013406754,
MC_G0_D045_DENS_HIGH_V_LOW_S100,MC_G0_D045_DENS_HIGH_V_LOW,100,1.98901033401,6.5043576614,9.21146756669,0,0,7.95604133606,
MC_G0_D045_DENS_HIGH_V_LOW_S100,MC_G0_D045_DENS_HIGH_V_LOW,100,1.99802100658,5.8899402185,8.82575983685,0,0,7.99208402634,
MC_G0_D045_DENS_HIGH_V_LOW_S100,MC_G0_D045_DENS_HIGH_V_LOW,100,2.00703167915,9.02965216568,9.98136167487,0,0,8.02812671661,
MC_G0_D045_DENS_HIGH_V_LOW_S100,MC_G0_D045_DENS_HIGH_V_LOW,100,2.01600837708,6.76314409008,9.94913838746,0,0,8.0640335083,
MC_G0_D045_DENS_HIGH_V_LOW_S100,MC_G0_D045_DENS_HIGH_V_LOW,100,2.02501916885,9.20933392107,14.3616785211,0,0,8.10007667542,
MC_G0_D045_DENS_HIGH_V_LOW_S100,MC_G0_D045_DENS_HIGH_V_LOW,100,2.03402996063,6.87839480355,11.3788398252,0,0,8.13611984253,
MC_G0_D045_DENS_HIGH_V_LOW_S100,MC_G0_D045_DENS_HIGH_V_LOW,100,2.04300665855,11.7303655658,8.13850632097,0,0,8.17202663422,
MC_G0_D045_DENS_HIGH_V_LOW_S100,MC_G0_D045_DENS_HIGH_V_LOW,100,2.05201745033,10.2009914073,9.38689243805,0,0,8.20806980133,
MC_G0_D045_DENS_HIGH_V_LOW_S100,MC_G0_D045_DENS_HIGH_V_LOW,100,2.06102800369,5.77707383581,13.0516099988,0,0,8.24411201477,
MC_G0_D045_DENS_HIGH_V_LOW_S100,MC_G0_D045_DENS_HIGH_V_LOW,100,2.07000470161,7.83438288546,14.468939501,0,0,8.28001880646,
MC_G0_D045_DENS_HIGH_V_LOW_S100,MC_G0_D045_DENS_HIGH_V_LOW,100,2.07901549339,6.7472992085,12.6696293487,0,0,8.31606197357,
MC_G0_D045_DENS_HIGH_V_LOW_S100,MC_G0_D045_DENS_HIGH_V_LOW,100,2.08802628517,8.48438530437,9.11412251837,0,0,8.35210514069,
MC_G0_D045_DENS_HIGH_V_LOW_S100,MC_G0_D045_DENS_HIGH_V_LOW,100,2.09700298309,7.81089494387,11.4270146802,0,0,8.38801193237,
MC_G0_D045_DENS_HIGH_V_LOW_S100,MC_G0_D045_DENS_HIGH_V_LOW,100,2.10601377487,6.6087485982,8.16800622569,0,0,8.42405509949,
MC_G0_D045_DENS_HIGH_V_LOW_S100,MC_G0_D045_DENS_HIGH_V_LOW,100,2.11502432823,7.76266721986,13.8676833831,0,0,8.46009731293,
MC_G0_D045_DENS_HIGH_V_LOW_S100,MC_G0_D045_DENS_HIGH_V_LOW,100,2.12400102615,8.50145209312,12.950057818,0,0,8.49600410461,
MC_G0_D045_DENS_HIGH_V_LOW_S100,MC_G0_D045_DENS_HIGH_V_LOW,100,2.13301181793,6.94933679929,10.0569884902,0,0,8.53204727173,
MC_G0_D045_DENS_HIGH_V_LOW_S100,MC_G0_D045_DENS_HIGH_V_LOW,100,2.14202260971,8.07608947739,15.0483788591,0,0,8.56809043884,
MC_G0_D045_DENS_HIGH_V_LOW_S100,MC_G0_D045_DENS_HIGH_V_LOW,100,2.15103340149,6.3557873356,8.64066514579,0,0,8.60413360596,
MC_G0_D045_DENS_HIGH_V_LOW_S100,MC_G0_D045_DENS_HIGH_V_LOW,100,2.16001009941,8.07684012137,12.8093062346,0,0,8.64004039764,
MC_G0_D045_DENS_HIGH_V_LOW_S100,MC_G0_D045_DENS_HIGH_V_LOW,100,2.16902065277,8.10389093548,14.690125355,0,0,8.67608261108,
MC_G0_D045_DENS_HIGH_V_LOW_S100,MC_G0_D045_DENS_HIGH_V_LOW,100,2.17803144455,6.47664600428,10.9566134042,0,0,8.7121257782,
MC_G0_D045_DENS_HIGH_V_LOW_S100,MC_G0_D045_DENS_HIGH_V_LOW,100,2.18700814247,8.20583959301,11.6467338129,0,0,8.74803256989,
MC_G0_D045_DENS_HIGH_V_LOW_S100,MC_G0_D045_DENS_HIGH_V_LOW,100,2.19601893425,7.08019983286,23.2256094253,0,0,8.784075737,
MC_G0_D045_DENS_HIGH_V_LOW_S100,MC_G0_D045_DENS_HIGH_V_LOW,100,2.20502948761,8.63324460507,18.4696277584,0,0,8.82011795044,
MC_G0_D045_DENS_HIGH_V_LOW_S100,MC_G0_D045_DENS_HIGH_V_LOW,100,2.21400642395,6.51614384632,10.746977716,0,0,8.8560256958,
MC_G0_D045_DENS_HIGH_V_LOW_S100,MC_G0_D045_DENS_HIGH_V_LOW,100,2.22301697731,8.11376443658,10.9969797859,0,0,8.89206790924,
MC_G0_D045_DENS_HIGH_V_LOW_S100,MC_G0_D045_DENS_HIGH_V_LOW,100,2.23202776909,8.40695461319,11.8243498836,0,0,8.92811107635,
MC_G0_D045_DENS_HIGH_V_LOW_S100,MC_G0_D045_DENS_HIGH_V_LOW,100,2.24100446701,8.81829906784,12.8118529193,0,0,8.96401786804,
MC_G0_D045_DENS_HIGH_V_LOW_S100,MC_G0_D045_DENS_HIGH_V_LOW,100,2.25001525879,11.0017120836,12.2247559951,0,0,9.00006103516,
MC_G0_D045_DENS_HIGH_V_LOW_S100,MC_G0_D045_DENS_HIGH_V_LOW,100,2.25902581215,7.87602520528,10.8766267179,0,0,9.0361032486,
MC_G0_D045_DENS_HIGH_V_LOW_S100,MC_G0_D045_DENS_HIGH_V_LOW,100,2.26800251007,8.40975379373,10.4824285999,0,0,9.07201004028,
MC_G0_D045_DENS_HIGH_V_LOW_S100,MC_G0_D045_DENS_HIGH_V_LOW,100,2.27701330185,8.4464048684,14.1923703406,0,0,9.1080532074,
MC_G0_D045_DENS_HIGH_V_LOW_S100,MC_G0_D045_DENS_HIGH_V_LOW,100,2.28602409363,8.37656965038,13.5532176145,0,0,9.14409637451,
MC_G0_D045_DENS_HIGH_V_LOW_S100,MC_G0_D045_DENS_HIGH_V_LOW,100,2.29500079155,8.86607087924,12.1865649967,0,0,9.1800031662,
MC_G0_D045_DENS_HIGH_V_LOW_S100,MC_G0_D045_DENS_HIGH_V_LOW,100,2.30401158333,9.04701061569,15.2419378863,0,0,9.21604633331,
MC_G0_D045_DENS_HIGH_V_LOW_S100,MC_G0_D045_DENS_HIGH_V_LOW,100,2.31302213669,9.34453503209,15.8849895362,0,0,9.25208854675,
MC_G0_D045_DENS_HIGH_V_LOW_S100,MC_G0_D045_DENS_HIGH_V_LOW,100,2.32203292847,8.48841022973,18.1156072093,0,0,9.28813171387,
MC_G0_D045_DENS_HIGH_V_LOW_S100,MC_G0_D045_DENS_HIGH_V_LOW,100,2.33100962639,8.16991767149,12.0437094901,0,0,9.32403850555,
MC_G0_D045_DENS_HIGH_V_LOW_S100,MC_G0_D045_DENS_HIGH_V_LOW,100,2.34002041817,7.70821022542,18.0137365997,0,0,9.36008167267,
MC_G0_D045_DENS_HIGH_V_LOW_S100,MC_G0_D045_DENS_HIGH_V_LOW,100,2.34903097153,7.63696505549,12.529738697,0,0,9.39612388611,
MC_G0_D045_DENS_HIGH_V_LOW_S100,MC_G0_D045_DENS_HIGH_V_LOW,100,2.35800766945,7.90360638236,5.84051446291,0,0,9.4320306778,
MC_G0_D045_DENS_HIGH_V_LOW_S100,MC_G0_D045_DENS_HIGH_V_LOW,100,2.36701846123,9.68493902607,13.4706189729,0,0,9.46807384491,
MC_G0_D045_DENS_HIGH_V_LOW_S100,MC_G0_D045_DENS_HIGH_V_LOW,100,2.37602925301,10.4591806979,10.8777292038,0,0,9.50411701202,
MC_G0_D045_DENS_HIGH_V_LOW_S100,MC_G0_D045_DENS_HIGH_V_LOW,100,2.38500595093,8.81000284012,8.87583401227,0,0,9.54002380371,
MC_G0_D045_DENS_HIGH_V_LOW_S100,MC_G0_D045_DENS_HIGH_V_LOW,100,2.39401650429,11.3597654213,12.8516210415,0,0,9.57606601715,
MC_G0_D045_DENS_HIGH_V_LOW_S100,MC_G0_D045_DENS_HIGH_V_LOW,100,2.40302729607,8.5234111157,12.1917549703,0,0,9.61210918427,
MC_G0_D045_DENS_HIGH_V_LOW_S100,MC_G0_D045_DENS_HIGH_V_LOW,100,2.41200399399,8.25714434328,16.0206855228,0,0,9.64801597595,
MC_G0_D045_DENS_HIGH_V_LOW_S100,MC_G0_D045_DENS_HIGH_V_LOW,100,2.42101478577,9.49790894204,12.7978820517,0,0,9.68405914307,
MC_G0_D045_DENS_HIGH_V_LOW_S100,MC_G0_D045_DENS_HIGH_V_LOW,100,2.43002533913,9.83593743183,15.3645081079,0,0,9.72010135651,
MC_G0_D045_DENS_HIGH_V_LOW_S100,MC_G0_D045_DENS_HIGH_V_LOW,100,2.43900227547,9.43246629608,19.8506058426,0,0,9.75600910187,
MC_G0_D045_DENS_HIGH_V_LOW_S100,MC_G0_D045_DENS_HIGH_V_LOW,100,2.44801282883,8.12897150104,11.6612195668,0,0,9.79205131531,
MC_G0_D045_DENS_HIGH_V_LOW_S100,MC_G0_D045_DENS_HIGH_V_LOW,100,2.45702362061,7.50618875276,11.2434793838,0,0,9.82809448242,
MC_G0_D045_DENS_HIGH_V_LOW_S100,MC_G0_D045_DENS_HIGH_V_LOW,100,2.46600031853,9.93113566631,11.5231979195,0,0,9.86400127411,
MC_G0_D045_DENS_HIGH_V_LOW_S100,MC_G0_D045_DENS_HIGH_V_LOW,100,2.47501111031,11.7341970737,12.5693946642,0,0,9.90004444122,
MC_G0_D045_DENS_HIGH_V_LOW_S100,MC_G0_D045_DENS_HIGH_V_LOW,100,2.48402166367,8.83803532462,9.42892079597,0,0,9.93608665466,
MC_G0_D045_DENS_HIGH_V_LOW_S100,MC_G0_D045_DENS_HIGH_V_LOW,100,2.49303245544,10.2638428732,19.5394769828,0,0,9.97212982178,
MC_G0_D045_DENS_HIGH_V_LOW_S100,MC_G0_D045_DENS_HIGH_V_LOW,100,2.50200915337,8.97768733993,13.7967787751,0,0,10.0080366135,
MC_G0_D045_DENS_HIGH_V_LOW_S100,MC_G0_D045_DENS_HIGH_V_LOW,100,2.51101970673,8.50043051119,16.2139511283,0,0,10.0440788269,
MC_G0_D045_DENS_HIGH_V_LOW_S100,MC_G0_D045_DENS_HIGH_V_LOW,100,2.5200304985,8.30464751932,12.5872714108,0,0,10.080121994,
MC_G0_D045_DENS_HIGH_V_LOW_S100,MC_G0_D045_DENS_HIGH_V_LOW,100,2.52900719643,10.755351192,19.5105697481,0,0,10.1160287857,
MC_G0_D045_DENS_HIGH_V_LOW_S100,MC_G0_D045_DENS_HIGH_V_LOW,100,2.5380179882,7.66406806161,14.7305276142,0,0,10.1520719528,
MC_G0_D045_DENS_HIGH_V_LOW_S100,MC_G0_D045_DENS_HIGH_V_LOW,100,2.54702854156,9.27928043088,13.8794769549,0,0,10.1881141663,
MC_G0_D045_DENS_HIGH_V_LOW_S100,MC_G0_D045_DENS_HIGH_V_LOW,100,2.55600523949,9.00635457144,13.8820207244,0,0,10.2240209579,
MC_G0_D045_DENS_HIGH_V_LOW_S100,MC_G0_D045_DENS_HIGH_V_LOW,100,2.56501603127,9.88416055065,18.4477306571,0,0,10.2600641251,
MC_G0_D045_DENS_HIGH_V_LOW_S100,MC_G0_D045_DENS_HIGH_V_LOW,100,2.57402682304,10.5441308768,17.2463155808,0,0,10.2961072922,
MC_G0_D045_DENS_HIGH_V_LOW_S100,MC_G0_D045_DENS_HIGH_V_LOW,100,2.58300352097,9.67939208946,13.5068284093,0,0,10.3320140839,
MC_G0_D045_DENS_HIGH_V_LOW_S100,MC_G0_D045_DENS_HIGH_V_LOW,100,2.59201407433,10.5455147327,21.8645858244,0,0,10.3680562973,
MC_G0_D045_DENS_HIGH_V_LOW_S100,MC_G0_D045_DENS_HIGH_V_LOW,100,2.6010248661,9.66358711942,10.5011363215,0,0,10.4040994644,
MC_G0_D045_DENS_HIGH_V_LOW_S100,MC_G0_D045_DENS_HIGH_V_LOW,100,2.61000156403,10.0973357638,12.2351282506,0,0,10.4400062561,
MC_G0_D045_DENS_HIGH_V_LOW_S100,MC_G0_D045_DENS_HIGH_V_LOW,100,2.6190123558,8.57429909738,13.5877550954,0,0,10.4760494232,
MC_G0_D045_DENS_HIGH_V_LOW_S100,MC_G0_D045_DENS_HIGH_V_LOW,100,2.62802290916,9.37552711083,10.4173475426,0,0,10.5120916367,
MC_G0_D045_DENS_HIGH_V_LOW_S100,MC_G0_D045_DENS_HIGH_V_LOW,100,2.63703370094,8.95398602511,11.5935726479,0,0,10.5481348038,
MC_G0_D045_DENS_HIGH_V_LOW_S100,MC_G0_D045_DENS_HIGH_V_LOW,100,2.64601039886,9.4952962712,12.4905604215,0,0,10.5840415955,
MC_G0_D045_DENS_HIGH_V_LOW_S100,MC_G0_D045_DENS_HIGH_V_LOW,100,2.65502095222,10.4976661684,12.2730951716,0,0,10.6200838089,
MC_G0_D045_DENS_HIGH_V_LOW_S100,MC_G0_D045_DENS_HIGH_V_LOW,100,2.664031744,9.67455281518,26.8704872416,0,0,10.656126976,
MC_G0_D045_DENS_HIGH_V_LOW_S100,MC_G0_D045_DENS_HIGH_V_LOW,100,2.67300844193,9.44711920415,14.0761714657,0,0,10.6920337677,
MC_G0_D045_DENS_HIGH_V_LOW_S100,MC_G0_D045_DENS_HIGH_V_LOW,100,2.6820192337,9.98820226148,15.877354408,0,0,10.7280769348,
MC_G0_D045_DENS_HIGH_V_LOW_S100,MC_G0_D045_DENS_HIGH_V_LOW,100,2.69102978706,9.69293821982,16.7782832255,0,0,10.7641191483,
MC_G0_D045_DENS_HIGH_V_LOW_S100,MC_G0_D045_DENS_HIGH_V_LOW,100,2.70000648499,9.99897914494,15.6142374062,0,0,10.8000259399,
MC_G0_D045_DENS_HIGH_V_LOW_S100,MC_G0_D045_DENS_HIGH_V_LOW,100,2.70901727676,10.5599473598,15.444345462,0,0,10.8360691071,
MC_G0_D045_DENS_HIGH_V_LOW_S100,MC_G0_D045_DENS_HIGH_V_LOW,100,2.71802806854,10.622739726,22.4121756607,0,0,10.8721122742,
MC_G0_D045_DENS_HIGH_V_LOW_S100,MC_G0_D045_DENS_HIGH_V_LOW,100,2.72700476646,12.0709015749,23.6390300708,0,0,10.9080190659,
MC_G0_D045_DENS_HIGH_V_LOW_S100,MC_G0_D045_DENS_HIGH_V_LOW,100,2.73601531982,11.8495176324,15.015880934,0,0,10.9440612793,
MC_G0_D045_DENS_HIGH_V_LOW_S100,MC_G0_D045_DENS_HIGH_V_LOW,100,2.7450261116,11.8989618908,12.3593309887,0,0,10.9801044464,
MC_G0_D045_DENS_HIGH_V_LOW_S100,MC_G0_D045_DENS_HIGH_V_LOW,100,2.75400280952,10.5604362762,15.225212625,0,0,11.0160112381,
MC_G0_D045_DENS_HIGH_V_LOW_S100,MC_G0_D045_DENS_HIGH_V_LOW,100,2.76301336288,11.7766399269,15.1175953612,0,0,11.0520534515,
MC_G0_D045_DENS_HIGH_V_LOW_S100,MC_G0_D045_DENS_HIGH_V_LOW,100,2.77202415466,10.8264712546,15.6601321721,0,0,11.0880966187,
MC_G0_D045_DENS_HIGH_V_LOW_S100,MC_G0_D045_DENS_HIGH_V_LOW,100,2.78100085258,10.7651018884,17.518000599,0,0,11.1240034103,
MC_G0_D045_DENS_HIGH_V_LOW_S100,MC_G0_D045_DENS_HIGH_V_LOW,100,2.79001140594,9.30214667348,18.2779740349,0,0,11.1600456238,
MC_G0_D045_DENS_HIGH_V_LOW_S100,MC_G0_D045_DENS_HIGH_V_LOW,100,2.79902219772,9.29549065657,16.0442863636,0,0,11.1960887909,
MC_G0_D045_DENS_HIGH_V_LOW_S100,MC_G0_D045_DENS_HIGH_V_LOW,100,2.8080329895,10.7424873955,14.4982655652,0,0,11.232131958,
MC_G0_D045_DENS_HIGH_V_LOW_S100,MC_G0_D045_DENS_HIGH_V_LOW,100,2.81700968742,11.902866314,18.581222182,0,0,11.2680387497,
MC_G0_D045_DENS_HIGH_V_LOW_S100,MC_G0_D045_DENS_HIGH_V_LOW,100,2.82602024078,11.2870941813,15.8924748633,0,0,11.3040809631,
MC_G0_D045_DENS_HIGH_V_LOW_S100,MC_G0_D045_DENS_HIGH_V_LOW,100,2.83503103256,10.9588394138,12.4494055466,0,0,11.3401241302,
MC_G0_D045_DENS_HIGH_V_LOW_S100,MC_G0_D045_DENS_HIGH_V_LOW,100,2.84400773048,11.2631925413,15.7305241607,0,0,11.3760309219,
MC_G0_D045_DENS_HIGH_V_LOW_S100,MC_G0_D045_DENS_HIGH_V_LOW,100,2.85301828384,10.2319520173,13.6052521662,0,0,11.4120731354,
MC_G0_D045_DENS_HIGH_V_LOW_S100,MC_G0_D045_DENS_HIGH_V_LOW,100,2.86202907562,11.3873036167,14.778755926,0,0,11.4481163025,
MC_G0_D045_DENS_HIGH_V_LOW_S100,MC_G0_D045_DENS_HIGH_V_LOW,100,2.87100577354,10.9429193143,14.2951926654,0,0,11.4840230942,
MC_G0_D045_DENS_HIGH_V_LOW_S100,MC_G0_D045_DENS_HIGH_V_LOW,100,2.8800163269,12.3853945362,15.4903736589,0,0,11.5200653076,
MC_G0_D045_DENS_HIGH_V_LOW_S100,MC_G0_D045_DENS_HIGH_V_LOW,100,2.88902711868,11.1878579735,18.0017818371,0,0,11.5561084747,
MC_G0_D045_DENS_HIGH_V_LOW_S100,MC_G0_D045_DENS_HIGH_V_LOW,100,2.8980038166,11.898279557,19.1477439434,0,0,11.5920152664,
MC_G0_D045_DENS_HIGH_V_LOW_S100,MC_G0_D045_DENS_HIGH_V_LOW,100,2.90701436996,9.77531487191,19.7046978672,0,0,11.6280574799,
MC_G0_D045_DENS_HIGH_V_LOW_S100,MC_G0_D045_DENS_HIGH_V_LOW,100,2.91602516174,12.391399688,17.7323760393,0,0,11.664100647,
MC_G0_D045_DENS_HIGH_V_LOW_S100,MC_G0_D045_DENS_HIGH_V_LOW,100,2.92500185966,10.6373419771,15.4599824002,0,0,11.7000074387,
MC_G0_D045_DENS_HIGH_V_LOW_S100,MC_G0_D045_DENS_HIGH_V_LOW,100,2.93401265144,13.7661350478,20.0945886655,0,0,11.7360506058,
MC_G0_D045_DENS_HIGH_V_LOW_S100,MC_G0_D045_DENS_HIGH_V_LOW,100,2.9430232048,13.2334664178,20.5009276283,0,0,11.7720928192,
MC_G0_D045_DENS_HIGH_V_LOW_S100,MC_G0_D045_DENS_HIGH_V_LOW,100,2.95203399658,11.2181907443,16.2205108794,0,0,11.8081359863,
MC_G0_D045_DENS_HIGH_V_LOW_S100,MC_G0_D045_DENS_HIGH_V_LOW,100,2.9610106945,11.2476178301,11.7747717609,0,0,11.844042778,
MC_G0_D045_DENS_HIGH_V_LOW_S100,MC_G0_D045_DENS_HIGH_V_LOW,100,2.97002124786,10.6534155825,15.7457176391,0,0,11.8800849915,
MC_G0_D045_DENS_HIGH_V_LOW_S100,MC_G0_D045_DENS_HIGH_V_LOW,100,2.97903203964,12.0491305971,17.4199163228,0,0,11.9161281586,
MC_G0_D045_DENS_HIGH_V_LOW_S100,MC_G0_D045_DENS_HIGH_V_LOW,100,2.98800873756,14.1097473156,20.1465046584,0,0,11.9520349503,
MC_G0_D045_DENS_HIGH_V_LOW_S100,MC_G0_D045_DENS_HIGH_V_LOW,100,2.99701929092,10.9127937765,15.0537243289,0,0,11.9880771637,
MC_G0_D045_DENS_HIGH_V_LOW_S100,MC_G0_D045_DENS_HIGH_V_LOW,100,3.0060300827,11.9467122114,14.9334067196,0,0,12.0241203308,
MC_G0_D045_DENS_HIGH_V_LOW_S100,MC_G0_D045_DENS_HIGH_V_LOW,100,3.01500678062,12.6710682952,20.081830497,0,0,12.0600271225,
MC_G0_D045_DENS_HIGH_V_LOW_S100,MC_G0_D045_DENS_HIGH_V_LOW,100,3.02401733398,11.1320370789,17.7297363445,0,0,12.0960693359,
MC_G0_D045_DENS_HIGH_V_LOW_S100,MC_G0_D045_DENS_HIGH_V_LOW,100,3.03302812576,11.8019898954,16.3635706144,0,0,12.1321125031,
MC_G0_D045_DENS_HIGH_V_LOW_S100,MC_G0_D045_DENS_HIGH_V_LOW,100,3.04200482368,10.4105500208,16.9487814412,0,0,12.1680192947,
MC_G0_D045_DENS_HIGH_V_LOW_S100,MC_G0_D045_DENS_HIGH_V_LOW,100,3.05101537704,13.1134094338,19.1492599842,0,0,12.2040615082,
MC_G0_D045_DENS_HIGH_V_LOW_S100,MC_G0_D045_DENS_HIGH_V_LOW,100,3.06002616882,12.4256491625,17.6505313784,0,0,12.2401046753,
MC_G0_D045_DENS_HIGH_V_LOW_S100,MC_G0_D045_DENS_HIGH_V_LOW,100,3.06900286674,12.2241925916,17.9065419253,0,0,12.276011467,
MC_G0_D045_DENS_HIGH_V_LOW_S100,MC_G0_D045_DENS_HIGH_V_LOW,100,3.0780134201,12.5081125454,17.4090234821,0,0,12.3120536804,
MC_G0_D045_DENS_HIGH_V_LOW_S100,MC_G0_D045_DENS_HIGH_V_LOW,100,3.08702421188,12.1409025793,20.1058021533,0,0,12.3480968475,
MC_G0_D045_DENS_HIGH_V_LOW_S100,MC_G0_D045_DENS_HIGH_V_LOW,100,3.09600090981,11.2524716875,21.132180298,0,0,12.3840036392,
MC_G0_D045_DENS_HIGH_V_LOW_S100,MC_G0_D045_DENS_HIGH_V_LOW,100,3.10501146317,13.2338732085,20.7574075165,0,0,12.4200458527,
MC_G0_D045_DENS_HIGH_V_LOW_S100,MC_G0_D045_DENS_HIGH_V_LOW,100,3.11402201653,12.2299467612,25.5208572221,0,0,12.4560880661,
MC_G0_D045_DENS_HIGH_V_LOW_S100,MC_G0_D045_DENS_HIGH_V_LOW,100,3.1230328083,12.1831949967,14.1090840045,0,0,12.4921312332,
MC_G0_D045_DENS_HIGH_V_LOW_S100,MC_G0_D045_DENS_HIGH_V_LOW,100,3.13200950623,13.9158816128,16.0096899598,0,0,12.5280380249,
MC_G0_D045_DENS_HIGH_V_LOW_S100,MC_G0_D045_DENS_HIGH_V_LOW,100,3.14102005959,13.2827126536,20.8471669692,0,0,12.5640802383,
MC_G0_D045_DENS_HIGH_V_LOW_S100,MC_G0_D045_DENS_HIGH_V_LOW,100,3.15003085136,12.1338896611,24.2497633511,0,0,12.6001234055,
MC_G0_D045_DENS_HIGH_V_LOW_S100,MC_G0_D045_DENS_HIGH_V_LOW,100,3.15900754929,11.3362736421,18.2535680803,0,0,12.6360301971,
MC_G0_D045_DENS_HIGH_V_LOW_S100,MC_G0_D045_DENS_HIGH_V_LOW,100,3.16801810265,13.8006247591,20.1188933217,0,0,12.6720724106,
MC_G0_D045_DENS_HIGH_V_LOW_S100,MC_G0_D045_DENS_HIGH_V_LOW,100,3.17702889442,12.5918968469,17.3364703962,0,0,12.7081155777,
MC_G0_D045_DENS_HIGH_V_LOW_S100,MC_G0_D045_DENS_HIGH_V_LOW,100,3.18600559235,13.9579959633,18.1551638914,0,0,12.7440223694,
MC_G0_D045_DENS_HIGH_V_LOW_S100,MC_G0_D045_DENS_HIGH_V_LOW,100,3.19501614571,13.3042142285,17.8723842774,0,0,12.7800645828,
MC_G0_D045_DENS_HIGH_V_LOW_S100,MC_G0_D045_DENS_HIGH_V_LOW,100,3.20402693748,14.3552416663,19.1176584509,0,0,12.8161077499,
MC_G0_D045_DENS_HIGH_V_LOW_S100,MC_G0_D045_DENS_HIGH_V_LOW,100,3.21300363541,14.0271381021,20.8732398225,0,0,12.8520145416,
MC_G0_D045_DENS_HIGH_V_LOW_S100,MC_G0_D045_DENS_HIGH_V_LOW,100,3.22201418877,11.8064446373,20.320193696,0,0,12.8880567551,
MC_G0_D045_DENS_HIGH_V_LOW_S100,MC_G0_D045_DENS_HIGH_V_LOW,100,3.23102498055,13.0115521123,16.5725388333,0,0,12.9240999222,
MC_G0_D045_DENS_HIGH_V_LOW_S100,MC_G0_D045_DENS_HIGH_V_LOW,100,3.24000144005,12.696931741,15.6596494708,0,0,12.9600057602,
MC_G0_D045_DENS_HIGH_V_LOW_S100,MC_G0_D045_DENS_HIGH_V_LOW,100,3.24901223183,14.4452790315,17.864920607,0,0,12.9960489273,
MC_G0_D045_DENS_HIGH_V_LOW_S100,MC_G0_D045_DENS_HIGH_V_LOW,100,3.25802278519,13.8401632802,22.0741010066,0,0,13.0320911407,
MC_G0_D045_DENS_HIGH_V_LOW_S100,MC_G0_D045_DENS_HIGH_V_LOW,100,3.26703357697,13.6389415734,24.180017091,0,0,13.0681343079,
MC_G0_D045_DENS_HIGH_V_LOW_S100,MC_G0_D045_DENS_HIGH_V_LOW,100,3.27601027489,14.4356250439,20.9617840973,0,0,13.1040410995,
MC_G0_D045_DENS_HIGH_V_LOW_S100,MC_G0_D045_DENS_HIGH_V_LOW,100,3.28502082825,13.2082423242,19.7994281274,0,0,13.140083313,
MC_G0_D045_DENS_HIGH_V_LOW_S100,MC_G0_D045_DENS_HIGH_V_LOW,100,3.29403162003,13.2328969108,20.813320208,0,0,13.1761264801,
MC_G0_D045_DENS_HIGH_V_LOW_S100,MC_G0_D045_DENS_HIGH_V_LOW,100,3.30300807953,11.6467485859,15.3327098049,0,0,13.2120323181,
MC_G0_D045_DENS_HIGH_V_LOW_S100,MC_G0_D045_DENS_HIGH_V_LOW,100,3.31201887131,12.7000471438,18.5430314095,0,0,13.2480754852,
MC_G0_D045_DENS_HIGH_V_LOW_S100,MC_G0_D045_DENS_HIGH_V_LOW,100,3.32102942467,15.0627013529,20.6214835221,0,0,13.2841176987,
MC_G0_D045_DENS_HIGH_V_LOW_S100,MC_G0_D045_DENS_HIGH_V_LOW,100,3.33000612259,13.8687138472,23.9972460765,0,0,13.3200244904,
MC_G0_D045_DENS_HIGH_V_LOW_S100,MC_G0_D045_DENS_HIGH_V_LOW,100,3.33901691437,13.3174049927,17.6255784982,0,0,13.3560676575,
MC_G0_D045_DENS_HIGH_V_LOW_S100,MC_G0_D045_DENS_HIGH_V_LOW,100,3.34802746773,15.7688316783,19.868945841,0,0,13.3921098709,
MC_G0_D045_DENS_HIGH_V_LOW_S100,MC_G0_D045_DENS_HIGH_V_LOW,100,3.35700416565,14.855179763,23.8887110191,0,0,13.4280166626,
MC_G0_D045_DENS_HIGH_V_LOW_S100,MC_G0_D045_DENS_HIGH_V_LOW,100,3.36601471901,13.7076984123,20.2120889061,0,0,13.464058876,
MC_G0_D045_DENS_HIGH_V_LOW_S100,MC_G0_D045_DENS_HIGH_V_LOW,100,3.37502551079,16.3342431221,29.1069722641,0,0,13.5001020432,
MC_G0_D045_DENS_HIGH_V_LOW_S100,MC_G0_D045_DENS_HIGH_V_LOW,100,3.38400220871,11.0406196954,16.6786847223,0,0,13.5360088348,
MC_G0_D045_DENS_HIGH_V_LOW_S100,MC_G0_D045_DENS_HIGH_V_LOW,100,3.39301276207,13.1743328653,21.360597096,0,0,13.5720510483,
MC_G0_D045_DENS_HIGH_V_LOW_S100,MC_G0_D045_DENS_HIGH_V_LOW,100,3.40202331543,13.8998816902,18.833165593,0,0,13.6080932617,
MC_G0_D045_DENS_HIGH_V_LOW_S100,MC_G0_D045_DENS_HIGH_V_LOW,100,3.41100001335,14.8018518046,22.5058411497,0,0,13.6440000534,
MC_G0_D045_DENS_HIGH_V_LOW_S100,MC_G0_D045_DENS_HIGH_V_LOW,100,3.42001080513,14.4583884375,21.5501423988,0,0,13.6800432205,
MC_G0_D045_DENS_HIGH_V_LOW_S100,MC_G0_D045_DENS_HIGH_V_LOW,100,3.42902135849,13.8238962573,18.292415779,0,0,13.716085434,
MC_G0_D045_DENS_HIGH_V_LOW_S100,MC_G0_D045_DENS_HIGH_V_LOW,100,3.43803215027,14.838366259,21.4452342698,0,0,13.7521286011,
MC_G0_D045_DENS_HIGH_V_LOW_S100,MC_G0_D045_DENS_HIGH_V_LOW,100,3.44700860977,15.7714627698,21.3885395218,0,0,13.7880344391,
MC_G0_D045_DENS_HIGH_V_LOW_S100,MC_G0_D045_DENS_HIGH_V_LOW,100,3.45601940155,14.592836602,20.1163104335,0,0,13.8240776062,
MC_G0_D045_DENS_HIGH_V_LOW_S100,MC_G0_D045_DENS_HIGH_V_LOW,100,3.46502995491,15.4756077304,20.6224767864,0,0,13.8601198196,
MC_G0_D045_DENS_HIGH_V_LOW_S100,MC_G0_D045_DENS_HIGH_V_LOW,100,3.47400665283,16.0818333296,20.7244190691,0,0,13.8960266113,
MC_G0_D045_DENS_HIGH_V_LOW_S100,MC_G0_D045_DENS_HIGH_V_LOW,100,3.48301720619,12.4796364288,14.7148907486,0,0,13.9320688248,
MC_G0_D045_DENS_HIGH_V_LOW_S100,MC_G0_D045_DENS_HIGH_V_LOW,100,3.49202799797,15.1788500761,27.6602174572,0,0,13.9681119919,
MC_G0_D045_DENS_HIGH_V_LOW_S100,MC_G0_D045_DENS_HIGH_V_LOW,100,3.50100469589,15.2031715548,23.2012031349,0,0,14.0040187836,
MC_G0_D045_DENS_HIGH_V_LOW_S100,MC_G0_D045_DENS_HIGH_V_LOW,100,3.51001524925,13.6202169206,22.102715356,0,0,14.040060997,
MC_G0_D045_DENS_HIGH_V_LOW_S100,MC_G0_D045_DENS_HIGH_V_LOW,100,3.51902580261,14.3396209033,23.309291885,0,0,14.0761032104,
MC_G0_D045_DENS_HIGH_V_LOW_S100,MC_G0_D045_DENS_HIGH_V_LOW,100,3.52800250053,14.6192181303,23.1224193234,0,0,14.1120100021,
MC_G0_D045_DENS_HIGH_V_LOW_S100,MC_G0_D045_DENS_HIGH_V_LOW,100,3.53701329231,15.1528308218,23.094851252,0,0,14.1480531693,
MC_G0_D045_DENS_HIGH_V_LOW_S100,MC_G0_D045_DENS_HIGH_V_LOW,100,3.54602384567,16.3035496124,22.1287688387,0,0,14.1840953827,
MC_G0_D045_DENS_HIGH_V_LOW_S100,MC_G0_D045_DENS_HIGH_V_LOW,100,3.55500054359,16.7973167709,23.4094966668,0,0,14.2200021744,
MC_G0_D045_DENS_HIGH_V_LOW_S100,MC_G0_D045_DENS_HIGH_V_LOW,100,3.56401109695,15.9347301367,23.1882988,0,0,14.2560443878,
MC_G0_D045_DENS_HIGH_V_LOW_S100,MC_G0_D045_DENS_HIGH_V_LOW,100,3.57302188873,15.0807060629,22.586574698,0,0,14.2920875549,
MC_G0_D045_DENS_HIGH_V_LOW_S100,MC_G0_D045_DENS_HIGH_V_LOW,100,3.58203244209,16.5356689918,29.1478607395,0,0,14.3281297684,
MC_G0_D045_DENS_HIGH_V_LOW_S100,MC_G0_D045_DENS_HIGH_V_LOW,100,3.59100914001,14.9556862323,21.0721031302,0,0,14.3640365601,
MC_G0_D045_DENS_HIGH_V_LOW_S100,MC_G0_D045_DENS_HIGH_V_LOW,100,3.60001969337,15.2860678245,22.2226178953,0,0,14.4000787735,
MC_G0_D045_DENS_HIGH_V_LOW_S100,MC_G0_D045_DENS_HIGH_V_LOW,100,3.60903024673,15.5703254913,23.8164922962,0,0,14.4361209869,
MC_G0_D045_DENS_HIGH_V_LOW_S100,MC_G0_D045_DENS_HIGH_V_LOW,100,3.61800694466,16.5529215227,25.5588157409,0,0,14.4720277786,
MC_G0_D045_DENS_HIGH_V_LOW_S100,MC_G0_D045_DENS_HIGH_V_LOW,100,3.62701749802,14.7178257314,22.8111162177,0,0,14.5080699921,
MC_G0_D045_DENS_HIGH_V_LOW_S100,MC_G0_D045_DENS_HIGH_V_LOW,100,3.63602828979,15.6049917344,32.4112747638,0,0,14.5441131592,
MC_G0_D045_DENS_HIGH_V_LOW_S100,MC_G0_D045_DENS_HIGH_V_LOW,100,3.64500498772,16.6312279652,28.3415996659,0,0,14.5800199509,
MC_G0_D045_DENS_HIGH_V_LOW_S100,MC_G0_D045_DENS_HIGH_V_LOW,100,3.65401554108,14.6388024162,23.2647315524,0,0,14.6160621643,
MC_G0_D045_DENS_HIGH_V_LOW_S100,MC_G0_D045_DENS_HIGH_V_LOW,100,3.66302609444,13.7821533911,21.3028896402,0,0,14.6521043777,
MC_G0_D045_DENS_HIGH_V_LOW_S100,MC_G0_D045_DENS_HIGH_V_LOW,100,3.67200279236,16.1708222494,23.7428460153,0,0,14.6880111694,
MC_G0_D045_DENS_HIGH_V_LOW_S100,MC_G0_D045_DENS_HIGH_V_LOW,100,3.68101334572,17.2469064593,26.1843031436,0,0,14.7240533829,
MC_G0_D045_DENS_HIGH_V_LOW_S100,MC_G0_D045_DENS_HIGH_V_LOW,100,3.6900241375,17.7573167302,27.6893948924,0,0,14.76009655,
MC_G0_D045_DENS_HIGH_V_LOW_S100,MC_G0_D045_DENS_HIGH_V_LOW,100,3.69900083542,15.6865171961,24.2012067991,0,0,14.7960033417,
MC_G0_D045_DENS_HIGH_V_LOW_S100,MC_G0_D045_DENS_HIGH_V_LOW,100,3.70801138878,15.3445888883,24.0113503513,0,0,14.8320455551,
MC_G0_D045_DENS_HIGH_V_LOW_S100,MC_G0_D045_DENS_HIGH_V_LOW,100,3.71702194214,15.9036774231,26.9208933222,0,0,14.8680877686,
MC_G0_D045_DENS_HIGH_V_LOW_S100,MC_G0_D045_DENS_HIGH_V_LOW,100,3.7260324955,17.6102948954,28.5619308445,0,0,14.904129982,
MC_G0_D045_DENS_HIGH_V_LOW_S100,MC_G0_D045_DENS_HIGH_V_LOW,100,3.73500919342,13.4954488398,19.951587295,0,0,14.9400367737,
MC_G0_D045_DENS_HIGH_V_LOW_S100,MC_G0_D045_DENS_HIGH_V_LOW,100,3.74401974678,18.1458479018,29.2325423209,0,0,14.9760789871,
MC_G0_D045_DENS_HIGH_V_LOW_S100,MC_G0_D045_DENS_HIGH_V_LOW,100,3.75303053856,17.3917715358,25.9739252697,0,0,15.0121221542,
MC_G0_D045_DENS_HIGH_V_LOW_S100,MC_G0_D045_DENS_HIGH_V_LOW,100,3.76200723648,15.3205099489,26.0550903185,0,0,15.0480289459,
MC_G0_D045_DENS_HIGH_V_LOW_S100,MC_G0_D045_DENS_HIGH_V_LOW,100,3.77101778984,13.6801195378,29.0325326375,0,0,15.0840711594,
MC_G0_D045_DENS_HIGH_V_LOW_S100,MC_G0_D045_DENS_HIGH_V_LOW,100,3.7800283432,17.1750933174,23.5764815842,0,0,15.1201133728,
MC_G0_D045_DENS_HIGH_V_LOW_S100,MC_G0_D045_DENS_HIGH_V_LOW,100,3.78900504112,16.8208707201,24.5512414621,0,0,15.1560201645,
MC_G0_D045_DENS_HIGH_V_LOW_S100,MC_G0_D045_DENS_HIGH_V_LOW,100,3.79801559448,16.807629299,23.4060648192,0,0,15.1920623779,
MC_G0_D045_DENS_HIGH_V_LOW_S100,MC_G0_D045_DENS_HIGH_V_LOW,100,3.80702638626,18.6231377343,28.7683884341,0,0,15.228105545,
MC_G0_D045_DENS_HIGH_V_LOW_S100,MC_G0_D045_DENS_HIGH_V_LOW,100,3.81600284576,16.3250634678,25.0032516843,0,0,15.2640113831,
MC_G0_D045_DENS_HIGH_V_LOW_S100,MC_G0_D045_DENS_HIGH_V_LOW,100,3.82501363754,18.2813015301,27.0219212992,0,0,15.3000545502,
MC_G0_D045_DENS_HIGH_V_LOW_S100,MC_G0_D045_DENS_HIGH_V_LOW,100,3.8340241909,15.9589149951,27.1730066583,0,0,15.3360967636,
MC_G0_D045_DENS_HIGH_V_LOW_S100,MC_G0_D045_DENS_HIGH_V_LOW,100,3.84300065041,15.5101895452,27.9435363242,0,0,15.3720026016,
MC_G0_D045_DENS_HIGH_V_LOW_S100,MC_G0_D045_DENS_HIGH_V_LOW,100,3.85201144218,16.6039729882,28.5402067629,0,0,15.4080457687,
MC_G0_D045_DENS_HIGH_V_LOW_S100,MC_G0_D045_DENS_HIGH_V_LOW,100,3.86102199554,16.677364171,28.1144897048,0,0,15.4440879822,
MC_G0_D045_DENS_HIGH_V_LOW_S100,MC_G0_D045_DENS_HIGH_V_LOW,100,3.8700325489,15.8940203653,26.3074646442,0,0,15.4801301956,
MC_G0_D045_DENS_HIGH_V_LOW_S100,MC_G0_D045_DENS_HIGH_V_LOW,100,3.87900924683,17.2081477483,32.7502140367,0,0,15.5160369873,
MC_G0_D045_DENS_HIGH_V_LOW_S100,MC_G0_D045_DENS_HIGH_V_LOW,100,3.88801980019,16.6912641325,26.5939637953,0,0,15.5520792007,
MC_G0_D045_DENS_HIGH_V_LOW_S100,MC_G0_D045_DENS_HIGH_V_LOW,100,3.89703059196,16.7115484054,29.7878368638,0,0,15.5881223679,
MC_G0_D045_DENS_HIGH_V_LOW_S100,MC_G0_D045_DENS_HIGH_V_LOW,100,3.90600705147,17.0191896298,24.7625235218,0,0,15.6240282059,
MC_G0_D045_DENS_HIGH_V_LOW_S100,MC_G0_D045_DENS_HIGH_V_LOW,100,3.91501784325,16.1339148198,26.3526759877,0,0,15.660071373,
MC_G0_D045_DENS_HIGH_V_LOW_S100,MC_G0_D045_DENS_HIGH_V_LOW,100,3.92402839661,15.8932451604,23.9049063186,0,0,15.6961135864,
MC_G0_D045_DENS_HIGH_V_LOW_S100,MC_G0_D045_DENS_HIGH_V_LOW,100,3.93300485611,17.5581596781,23.5149567803,0,0,15.7320194244,
MC_G0_D045_DENS_HIGH_V_LOW_S100,MC_G0_D045_DENS_HIGH_V_LOW,100,3.94201564789,17.8004365445,27.510724139,0,0,15.7680625916,
MC_G0_D045_DENS_HIGH_V_LOW_S100,MC_G0_D045_DENS_HIGH_V_LOW,100,3.95102620125,18.3655747478,31.4088190071,0,0,15.804104805,
MC_G0_D045_DENS_HIGH_V_LOW_S100,MC_G0_D045_DENS_HIGH_V_LOW,100,3.96000289917,19.7141826317,35.531754966,0,0,15.8400115967,
MC_G0_D045_DENS_HIGH_V_LOW_S100,MC_G0_D045_DENS_HIGH_V_LOW,100,3.96901345253,18.2965707644,25.3463970163,0,0,15.8760538101,
MC_G0_D045_DENS_HIGH_V_LOW_S100,MC_G0_D045_DENS_HIGH_V_LOW,100,3.97802400589,19.4867497882,38.6270302181,0,0,15.9120960236,
MC_G0_D045_DENS_HIGH_V_LOW_S100,MC_G0_D045_DENS_HIGH_V_LOW,100,3.98700070381,18.2195169303,30.7199942418,0,0,15.9480028152,
MC_G0_D045_DENS_HIGH_V_LOW_S100,MC_G0_D045_DENS_HIGH_V_LOW,100,3.99601125717,18.2804050555,34.358322586,0,0,15.9840450287,
MC_G0_D045_DENS_HIGH_V_LOW_S100,MC_G0_D045_DENS_HIGH_V_LOW,100,4.00502204895,19.0655909322,33.1196157268,0,0,16.0200881958,
MC_G0_D045_DENS_HIGH_V_LOW_S100,MC_G0_D045_DENS_HIGH_V_LOW,100,4.01403236389,16.6861339645,28.0255815912,0,0,16.0561294556,
MC_G0_D045_DENS_HIGH_V_LOW_S100,MC_G0_D045_DENS_HIGH_V_LOW,100,4.02300930023,19.6633276538,32.4346114239,0,0,16.0920372009,
MC_G0_D045_DENS_HIGH_V_LOW_S100,MC_G0_D045_DENS_HIGH_V_LOW,100,4.03201961517,19.076052361,27.5940655751,0,0,16.1280784607,
MC_G0_D045_DENS_HIGH_V_LOW_S100,MC_G0_D045_DENS_HIGH_V_LOW,100,4.04103040695,18.7476678809,28.2751048052,0,0,16.1641216278,
MC_G0_D045_DENS_HIGH_V_LOW_S100,MC_G0_D045_DENS_HIGH_V_LOW,100,4.05000686646,18.5191558908,28.5957414704,0,0,16.2000274658,
MC_G0_D045_DENS_HIGH_V_LOW_S100,MC_G0_D045_DENS_HIGH_V_LOW,100,4.05901765823,18.8453605867,29.481680757,0,0,16.2360706329,
MC_G0_D045_DENS_HIGH_V_LOW_S100,MC_G0_D045_DENS_HIGH_V_LOW,100,4.06802797318,19.6495735229,31.7114618346,0,0,16.2721118927,
MC_G0_D045_DENS_HIGH_V_LOW_S100,MC_G0_D045_DENS_HIGH_V_LOW,100,4.07700490952,18.6095125484,28.8676328454,0,0,16.3080196381,
MC_G0_D045_DENS_HIGH_V_LOW_S100,MC_G0_D045_DENS_HIGH_V_LOW,100,4.08601522446,19.5495628776,33.2490819672,0,0,16.3440608978,
MC_G0_D045_DENS_HIGH_V_LOW_S100,MC_G0_D045_DENS_HIGH_V_LOW,100,4.09502601624,18.4184391183,29.6116187852,0,0,16.3801040649,
MC_G0_D045_DENS_HIGH_V_LOW_S100,MC_G0_D045_DENS_HIGH_V_LOW,100,4.10400247574,18.3908694542,29.4312797071,0,0,16.416009903,
MC_G0_D045_DENS_HIGH_V_LOW_S100,MC_G0_D045_DENS_HIGH_V_LOW,100,4.11301326752,17.4909747399,29.3951902805,0,0,16.4520530701,
MC_G0_D045_DENS_HIGH_V_LOW_S100,MC_G0_D045_DENS_HIGH_V_LOW,100,4.12202358246,18.5692986012,31.9362740927,0,0,16.4880943298,
MC_G0_D045_DENS_HIGH_V_LOW_S100,MC_G0_D045_DENS_HIGH_V_LOW,100,4.1310005188,19.7186588644,34.2886997668,0,0,16.5240020752,
MC_G0_D045_DENS_HIGH_V_LOW_S100,MC_G0_D045_DENS_HIGH_V_LOW,100,4.14001083374,18.3742785338,29.4456990622,0,0,16.560043335,
MC_G0_D045_DENS_HIGH_V_LOW_S100,MC_G0_D045_DENS_HIGH_V_LOW,100,4.14902162552,17.4200749583,27.9229667191,0,0,16.5960865021,
MC_G0_D045_DENS_HIGH_V_LOW_S100,MC_G0_D045_DENS_HIGH_V_LOW,100,4.15803194046,17.6290379689,30.3178700035,0,0,16.6321277618,
MC_G0_D045_DENS_HIGH_V_LOW_S100,MC_G0_D045_DENS_HIGH_V_LOW,100,4.1670088768,20.1506383531,28.2164938092,0,0,16.6680355072,
MC_G0_D045_DENS_HIGH_V_LOW_S100,MC_G0_D045_DENS_HIGH_V_LOW,100,4.17601919174,18.7869254862,28.0954561615,0,0,16.704076767,
MC_G0_D045_DENS_HIGH_V_LOW_S100,MC_G0_D045_DENS_HIGH_V_LOW,100,4.18502998352,17.6765787539,30.375182525,0,0,16.7401199341,
MC_G0_D045_DENS_HIGH_V_LOW_S100,MC_G0_D045_DENS_HIGH_V_LOW,100,4.19400644302,18.7994822709,27.8714789054,0,0,16.7760257721,
MC_G0_D045_DENS_HIGH_V_LOW_S100,MC_G0_D045_DENS_HIGH_V_LOW,100,4.2030172348,17.5313744292,22.692356368,0,0,16.8120689392,
MC_G0_D045_DENS_HIGH_V_LOW_S100,MC_G0_D045_DENS_HIGH_V_LOW,100,4.21202754974,21.3841597747,38.9466051744,0,0,16.848110199,
MC_G0_D045_DENS_HIGH_V_LOW_S100,MC_G0_D045_DENS_HIGH_V_LOW,100,4.22100448608,19.3435840222,33.2948760699,0,0,16.8840179443,
MC_G0_D045_DENS_HIGH_V_LOW_S100,MC_G0_D045_DENS_HIGH_V_LOW,100,4.23001480103,19.6570047447,29.7464582991,0,0,16.9200592041,
MC_G0_D045_DENS_HIGH_V_LOW_S100,MC_G0_D045_DENS_HIGH_V_LOW,100,4.2390255928,18.0242927,34.3897358637,0,0,16.9561023712,
MC_G0_D045_DENS_HIGH_V_LOW_S100,MC_G0_D045_DENS_HIGH_V_LOW,100,4.24800205231,19.0549345509,31.2969861042,0,0,16.9920082092,
MC_G0_D045_DENS_HIGH_V_LOW_S100,MC_G0_D045_DENS_HIGH_V_LOW,100,4.25701284409,18.9759342616,31.3349717652,0,0,17.0280513763,
MC_G0_D045_DENS_HIGH_V_LOW_S100,MC_G0_D045_DENS_HIGH_V_LOW,100,4.26602315903,20.7560872123,30.3326182663,0,0,17.0640926361,
MC_G0_D045_DENS_HIGH_V_LOW_S100,MC_G0_D045_DENS_HIGH_V_LOW,100,4.27503395081,20.5682512222,27.8981017956,0,0,17.1001358032,
MC_G0_D045_DENS_HIGH_V_LOW_S100,MC_G0_D045_DENS_HIGH_V_LOW,100,4.28401041031,20.0364529707,30.0160445132,0,0,17.1360416412,
MC_G0_D045_DENS_HIGH_V_LOW_S100,MC_G0_D045_DENS_HIGH_V_LOW,100,4.29302120209,19.2514006441,29.733631031,0,0,17.1720848083,
MC_G0_D045_DENS_HIGH_V_LOW_S100,MC_G0_D045_DENS_HIGH_V_LOW,100,4.30203151703,20.0253069055,32.1019046517,0,0,17.2081260681,
MC_G0_D045_DENS_HIGH_V_LOW_S100,MC_G0_D045_DENS_HIGH_V_LOW,100,4.31100845337,20.6186779185,29.9454841608,0,0,17.2440338135,
MC_G0_D045_DENS_HIGH_V_LOW_S100,MC_G0_D045_DENS_HIGH_V_LOW,100,4.32001876831,20.6961416135,33.1176276431,0,0,17.2800750732,
MC_G0_D045_DENS_HIGH_V_LOW_S100,MC_G0_D045_DENS_HIGH_V_LOW,100,4.32902956009,17.9474399586,31.7857094262,0,0,17.3161182404,
MC_G0_D045_DENS_HIGH_V_LOW_S100,MC_G0_D045_DENS_HIGH_V_LOW,100,4.33800601959,21.1304835583,38.9533085267,0,0,17.3520240784,
MC_G0_D045_DENS_HIGH_V_LOW_S100,MC_G0_D045_DENS_HIGH_V_LOW,100,4.34701633453,19.2622750038,32.7517356351,0,0,17.3880653381,
MC_G0_D045_DENS_HIGH_V_LOW_S100,MC_G0_D045_DENS_HIGH_V_LOW,100,4.35602712631,20.9990732761,37.5973566994,0,0,17.4241085052,
MC_G0_D045_DENS_HIGH_V_LOW_S100,MC_G0_D045_DENS_HIGH_V_LOW,100,4.36500358582,18.8282523514,41.0094203678,0,0,17.4600143433,
MC_G0_D045_DENS_HIGH_V_LOW_S100,MC_G0_D045_DENS_HIGH_V_LOW,100,4.37401437759,21.632131711,35.6148072112,0,0,17.4960575104,
MC_G0_D045_DENS_HIGH_V_LOW_S100,MC_G0_D045_DENS_HIGH_V_LOW,100,4.38302469254,20.3576042516,34.7019765489,0,0,17.5320987701,
MC_G0_D045_DENS_HIGH_V_LOW_S100,MC_G0_D045_DENS_HIGH_V_LOW,100,4.39200162888,22.369472861,32.239112506,0,0,17.5680065155,
MC_G0_D045_DENS_HIGH_V_LOW_S100,MC_G0_D045_DENS_HIGH_V_LOW,100,4.40101194382,20.9645528637,32.1332581521,0,0,17.6040477753,
MC_G0_D045_DENS_HIGH_V_LOW_S100,MC_G0_D045_DENS_HIGH_V_LOW,100,4.4100227356,19.3753750993,31.1920326775,0,0,17.6400909424,
MC_G0_D045_DENS_HIGH_V_LOW_S100,MC_G0_D045_DENS_HIGH_V_LOW,100,4.41903305054,20.118847276,32.7194938707,0,0,17.6761322021,
MC_G0_D045_DENS_HIGH_V_LOW_S100,MC_G0_D045_DENS_HIGH_V_LOW,100,4.42800998688,20.3467943643,29.8852541882,0,0,17.7120399475,
MC_G0_D045_DENS_HIGH_V_LOW_S100,MC_G0_D045_DENS_HIGH_V_LOW,100,4.43702030182,21.4424705354,32.0357596023,0,0,17.7480812073,
MC_G0_D045_DENS_HIGH_V_LOW_S100,MC_G0_D045_DENS_HIGH_V_LOW,100,4.4460310936,21.7533046831,40.0618991918,0,0,17.7841243744,
MC_G0_D045_DENS_HIGH_V_LOW_S100,MC_G0_D045_DENS_HIGH_V_LOW,100,4.4550075531,18.0524886683,32.4770428051,0,0,17.8200302124,
MC_G0_D045_DENS_HIGH_V_LOW_S100,MC_G0_D045_DENS_HIGH_V_LOW,100,4.46401834488,21.3536381917,35.5089627469,0,0,17.8560733795,
MC_G0_D045_DENS_HIGH_V_LOW_S100,MC_G0_D045_DENS_HIGH_V_LOW,100,4.47302865982,19.427545623,31.8216231152,0,0,17.8921146393,
MC_G0_D045_DENS_HIGH_V_LOW_S100,MC_G0_D045_DENS_HIGH_V_LOW,100,4.48200511932,19.5498545389,41.2003517798,0,0,17.9280204773,
MC_G0_D045_DENS_HIGH_V_LOW_S100,MC_G0_D045_DENS_HIGH_V_LOW,100,4.4910159111,20.3327900188,43.3518740368,0,0,17.9640636444,
MC_G0_D045_DENS_HIGH_V_LOW_S100,MC_G0_D045_DENS_HIGH_V_LOW,100,4.50002622604,21.1248729167,34.8811687261,0,0,18.0001049042,
MC_G0_D045_DENS_HIGH_V_LOW_S100,MC_G0_D045_DENS_HIGH_V_LOW,100,4.50900316238,18.790027841,32.9614509429,0,0,18.0360126495,
MC_G0_D045_DENS_HIGH_V_LOW_S100,MC_G0_D045_DENS_HIGH_V_LOW,100,4.51801347733,21.2723322434,34.2011523385,0,0,18.0720539093,
MC_G0_D045_DENS_HIGH_V_LOW_S100,MC_G0_D045_DENS_HIGH_V_LOW,100,4.5270242691,20.9431326469,35.2630287868,0,0,18.1080970764,
MC_G0_D045_DENS_HIGH_V_LOW_S100,MC_G0_D045_DENS_HIGH_V_LOW,100,4.53600072861,20.6808539584,37.7487670281,0,0,18.1440029144,
MC_G0_D045_DENS_HIGH_V_LOW_S100,MC_G0_D045_DENS_HIGH_V_LOW,100,4.54501152039,21.7425807591,36.4648933485,0,0,18.1800460815,
MC_G0_D045_DENS_HIGH_V_LOW_S100,MC_G0_D045_DENS_HIGH_V_LOW,100,4.55402183533,21.6866094288,33.8066809009,0,0,18.2160873413,
MC_G0_D045_DENS_HIGH_V_LOW_S100,MC_G0_D045_DENS_HIGH_V_LOW,100,4.56303262711,21.9700934257,35.4235995972,0,0,18.2521305084,
MC_G0_D045_DENS_HIGH_V_LOW_S100,MC_G0_D045_DENS_HIGH_V_LOW,100,4.57200908661,20.3412267044,34.4808174428,0,0,18.2880363464,
MC_G0_D045_DENS_HIGH_V_LOW_S100,MC_G0_D045_DENS_HIGH_V_LOW,100,4.58101940155,20.6381516802,38.0371025137,0,0,18.3240776062,
MC_G0_D045_DENS_HIGH_V_LOW_S100,MC_G0_D045_DENS_HIGH_V_LOW,100,4.59003019333,20.0296511232,35.9030102052,0,0,18.3601207733,
MC_G0_D045_DENS_HIGH_V_LOW_S100,MC_G0_D045_DENS_HIGH_V_LOW,100,4.59900665283,19.9228693316,35.6592917248,0,0,18.3960266113,
MC_G0_D045_DENS_HIGH_V_LOW_S100,MC_G0_D045_DENS_HIGH_V_LOW,100,4.60801744461,21.1119369724,37.9497716692,0,0,18.4320697784,
MC_G0_D045_DENS_HIGH_V_LOW_S100,MC_G0_D045_DENS_HIGH_V_LOW,100,4.61702775955,19.961508308,39.1944809998,0,0,18.4681110382,
MC_G0_D045_DENS_HIGH_V_LOW_S100,MC_G0_D045_DENS_HIGH_V_LOW,100,4.62600421906,22.2952297204,36.7140657782,0,0,18.5040168762,
MC_G0_D045_DENS_HIGH_V_LOW_S100,MC_G0_D045_DENS_HIGH_V_LOW,100,4.63501501083,21.891522953,37.7355277039,0,0,18.5400600433,
MC_G0_D045_DENS_HIGH_V_LOW_S100,MC_G0_D045_DENS_HIGH_V_LOW,100,4.64402532578,23.8257697565,39.123024217,0,0,18.5761013031,
MC_G0_D045_DENS_HIGH_V_LOW_S100,MC_G0_D045_DENS_HIGH_V_LOW,100,4.65300226212,21.1529767815,36.8299032245,0,0,18.6120090485,
MC_G0_D045_DENS_HIGH_V_LOW_S100,MC_G0_D045_DENS_HIGH_V_LOW,100,4.66201257706,22.3118283161,35.8510495513,0,0,18.6480503082,
MC_G0_D045_DENS_HIGH_V_LOW_S100,MC_G0_D045_DENS_HIGH_V_LOW,100,4.67102336884,21.7530452581,36.4013869145,0,0,18.6840934753,
MC_G0_D045_DENS_HIGH_V_LOW_S100,MC_G0_D045_DENS_HIGH_V_LOW,100,4.68003368378,21.9656617097,39.5522789131,0,0,18.7201347351,
MC_G0_D045_DENS_HIGH_V_LOW_S100,MC_G0_D045_DENS_HIGH_V_LOW,100,4.68901014328,21.7117751901,35.6798393745,0,0,18.7560405731,
MC_G0_D045_DENS_HIGH_V_LOW_S100,MC_G0_D045_DENS_HIGH_V_LOW,100,4.69802093506,23.8432586865,39.8790469778,0,0,18.7920837402,
MC_G0_D045_DENS_HIGH_V_LOW_S100,MC_G0_D045_DENS_HIGH_V_LOW,100,4.70703125,22.3246644815,41.2834228378,0,0,18.828125,
MC_G0_D045_DENS_HIGH_V_LOW_S100,MC_G0_D045_DENS_HIGH_V_LOW,100,4.71600818634,20.9608395554,41.1520355244,0,0,18.8640327454,
MC_G0_D045_DENS_HIGH_V_LOW_S100,MC_G0_D045_DENS_HIGH_V_LOW,100,4.72501850128,22.9468700475,38.1052250601,0,0,18.9000740051,
MC_G0_D045_DENS_HIGH_V_LOW_S100,MC_G0_D045_DENS_HIGH_V_LOW,100,4.73402929306,22.9270846688,37.6582395977,0,0,18.9361171722,
MC_G0_D045_DENS_HIGH_V_LOW_S100,MC_G0_D045_DENS_HIGH_V_LOW,100,4.74300575256,21.0191948328,34.7215731251,0,0,18.9720230103,
MC_G0_D045_DENS_HIGH_V_LOW_S100,MC_G0_D045_DENS_HIGH_V_LOW,100,4.7520160675,23.5344569573,38.7223837246,0,0,19.00806427,
MC_G0_D045_DENS_HIGH_V_LOW_S100,MC_G0_D045_DENS_HIGH_V_LOW,100,4.76102685928,23.7945466513,36.4493378276,0,0,19.0441074371,
MC_G0_D045_DENS_HIGH_V_LOW_S100,MC_G0_D045_DENS_HIGH_V_LOW,100,4.77000331879,24.5609234471,39.8873283369,0,0,19.0800132751,
MC_G0_D045_DENS_HIGH_V_LOW_S100,MC_G0_D045_DENS_HIGH_V_LOW,100,4.77901411057,19.8297250064,37.1204814357,0,0,19.1160564423,
MC_G0_D045_DENS_HIGH_V_LOW_S100,MC_G0_D045_DENS_HIGH_V_LOW,100,4.78802442551,23.9829199122,42.7844411824,0,0,19.152097702,
MC_G0_D045_DENS_HIGH_V_LOW_S100,MC_G0_D045_DENS_HIGH_V_LOW,100,4.79700088501,23.0432410673,41.5741641932,0,0,19.18800354,
MC_G0_D045_DENS_HIGH_V_LOW_S100,MC_G0_D045_DENS_HIGH_V_LOW,100,4.80601167679,23.1137570841,43.1167163672,0,0,19.2240467072,
MC_G0_D045_DENS_HIGH_V_LOW_S100,MC_G0_D045_DENS_HIGH_V_LOW,100,4.81502199173,22.8221725794,39.4120941399,0,0,19.2600879669,
MC_G0_D045_DENS_HIGH_V_LOW_S100,MC_G0_D045_DENS_HIGH_V_LOW,100,4.82403278351,22.6746303596,40.9922516954,0,0,19.296131134,
MC_G0_D045_DENS_HIGH_V_LOW_S100,MC_G0_D045_DENS_HIGH_V_LOW,100,4.83300924301,20.9954290454,35.1926645355,0,0,19.332036972,
MC_G0_D045_DENS_HIGH_V_LOW_S100,MC_G0_D045_DENS_HIGH_V_LOW,100,4.84202003479,22.0394412624,43.3358201689,0,0,19.3680801392,
MC_G0_D045_DENS_HIGH_V_LOW_S100,MC_G0_D045_DENS_HIGH_V_LOW,100,4.85103034973,20.7072769333,43.6339864527,0,0,19.4041213989,
MC_G0_D045_DENS_HIGH_V_LOW_S100,MC_G0_D045_DENS_HIGH_V_LOW,100,4.86000680923,21.3643805363,39.9266264043,0,0,19.4400272369,
MC_G0_D045_DENS_HIGH_V_LOW_S100,MC_G0_D045_DENS_HIGH_V_LOW,100,4.86901760101,22.5078431019,40.0672779608,0,0,19.4760704041,
MC_G0_D045_DENS_HIGH_V_LOW_S100,MC_G0_D045_DENS_HIGH_V_LOW,100,4.87802791595,24.4764783026,40.8532121343,0,0,19.5121116638,
MC_G0_D045_DENS_HIGH_V_LOW_S100,MC_G0_D045_DENS_HIGH_V_LOW,100,4.88700437546,23.3127775159,42.3460371327,0,0,19.5480175018,
MC_G0_D045_DENS_HIGH_V_LOW_S100,MC_G0_D045_DENS_HIGH_V_LOW,100,4.89601516724,25.2912171401,42.5435000726,0,0,19.5840606689,
MC_G0_D045_DENS_HIGH_V_LOW_S100,MC_G0_D045_DENS_HIGH_V_LOW,100,4.90502548218,24.180878083,39.8396681021,0,0,19.6201019287,
MC_G0_D045_DENS_HIGH_V_LOW_S100,MC_G0_D045_DENS_HIGH_V_LOW,100,4.91400241852,23.346978636,40.6369528601,0,0,19.6560096741,
MC_G0_D045_DENS_HIGH_V_LOW_S100,MC_G0_D045_DENS_HIGH_V_LOW,100,4.92301273346,24.8673396942,43.4444147155,0,0,19.6920509338,
MC_G0_D045_DENS_HIGH_V_LOW_S100,MC_G0_D045_DENS_HIGH_V_LOW,100,4.9320230484,23.2805397366,41.5358340629,0,0,19.7280921936,
MC_G0_D045_DENS_HIGH_V_LOW_S100,MC_G0_D045_DENS_HIGH_V_LOW,100,4.94103384018,22.7223231154,42.661519132,0,0,19.7641353607,
MC_G0_D045_DENS_HIGH_V_LOW_S100,MC_G0_D045_DENS_HIGH_V_LOW,100,4.95001029968,22.6438508865,44.0665707502,0,0,19.8000411987,
MC_G0_D045_DENS_HIGH_V_LOW_S100,MC_G0_D045_DENS_HIGH_V_LOW,100,4.95902109146,21.4436878374,41.5448933908,0,0,19.8360843658,
MC_G0_D045_DENS_HIGH_V_LOW_S100,MC_G0_D045_DENS_HIGH_V_LOW,100,4.9680314064,21.1001784186,35.0027665346,0,0,19.8721256256,
MC_G0_D045_DENS_HIGH_V_LOW_S100,MC_G0_D045_DENS_HIGH_V_LOW,100,4.97700786591,18.0628564585,40.2946561056,0,0,19.9080314636,
MC_G0_D045_DENS_HIGH_V_LOW_S100,MC_G0_D045_DENS_HIGH_V_LOW,100,4.98601865768,21.8304214546,39.7486986982,0,0,19.9440746307,
MC_G0_D045_DENS_HIGH_V_LOW_S100,MC_G0_D045_DENS_HIGH_V_LOW,100,4.99502897263,23.798451842,42.6489710455,0,0,19.9801158905,
MC_G0_D045_DENS_HIGH_V_LOW_S100,MC_G0_D045_DENS_HIGH_V_LOW,100,5.00400543213,24.6557317765,42.3547080209,0,0,20.0160217285,
MC_G0_D045_DENS_HIGH_V_LOW_S100,MC_G0_D045_DENS_HIGH_V_LOW,100,5.01301622391,24.3610034705,44.4452386078,0,0,20.0520648956,
MC_G0_D045_DENS_HIGH_V_LOW_S100,MC_G0_D045_DENS_HIGH_V_LOW,100,5.02202653885,25.0296062024,42.988103023,0,0,20.0881061554,
MC_G0_D045_DENS_HIGH_V_LOW_S100,MC_G0_D045_DENS_HIGH_V_LOW,100,5.03100299835,24.8981160971,42.9895197945,0,0,20.1240119934,
MC_G0_D045_DENS_HIGH_V_LOW_S100,MC_G0_D045_DENS_HIGH_V_LOW,100,5.04001379013,24.5999569337,44.4193920124,0,0,20.1600551605,
MC_G0_D045_DENS_HIGH_V_LOW_S100,MC_G0_D045_DENS_HIGH_V_LOW,100,5.04902410507,22.8575971418,42.5226184799,0,0,20.1960964203,
MC_G0_D045_DENS_HIGH_V_LOW_S100,MC_G0_D045_DENS_HIGH_V_LOW,100,5.05800104141,23.6961739143,44.6381720027,0,0,20.2320041656,
MC_G0_D045_DENS_HIGH_V_LOW_S100,MC_G0_D045_DENS_HIGH_V_LOW,100,5.06701135635,23.857573114,46.3926908358,0,0,20.2680454254,
MC_G0_D045_DENS_HIGH_V_LOW_S100,MC_G0_D045_DENS_HIGH_V_LOW,100,5.0760216713,22.769879251,45.7922813471,0,0,20.3040866852,
MC_G0_D045_DENS_HIGH_V_LOW_S100,MC_G0_D045_DENS_HIGH_V_LOW,100,5.08503246307,22.6886224246,49.2840871015,0,0,20.3401298523,
MC_G0_D045_DENS_HIGH_V_LOW_S100,MC_G0_D045_DENS_HIGH_V_LOW,100,5.09400892258,22.0488972274,43.7839118226,0,0,20.3760356903,
MC_G0_D045_DENS_HIGH_V_LOW_S100,MC_G0_D045_DENS_HIGH_V_LOW,100,5.10301971436,23.2790399837,47.2877007829,0,0,20.4120788574,
MC_G0_D045_DENS_HIGH_V_LOW_S100,MC_G0_D045_DENS_HIGH_V_LOW,100,5.1120300293,23.8341496449,41.0308936331,0,0,20.4481201172,
MC_G0_D045_DENS_HIGH_V_LOW_S100,MC_G0_D045_DENS_HIGH_V_LOW,100,5.1210064888,24.2470329965,43.8985079047,0,0,20.4840259552,
MC_G0_D045_DENS_HIGH_V_LOW_S100,MC_G0_D045_DENS_HIGH_V_LOW,100,5.13001728058,25.4150672555,48.5444483819,0,0,20.5200691223,
MC_G0_D045_DENS_HIGH_V_LOW_S100,MC_G0_D045_DENS_HIGH_V_LOW,100,5.13902759552,26.3354243096,45.1558961806,0,0,20.5561103821,
MC_G0_D045_DENS_HIGH_V_LOW_S100,MC_G0_D045_DENS_HIGH_V_LOW,100,5.14800405502,25.4999483567,43.5399412992,0,0,20.5920162201,
MC_G0_D045_DENS_HIGH_V_LOW_S100,MC_G0_D045_DENS_HIGH_V_LOW,100,5.1570148468,25.4956409805,50.3455455825,0,0,20.6280593872,
MC_G0_D045_DENS_HIGH_V_LOW_S100,MC_G0_D045_DENS_HIGH_V_LOW,100,5.16602516174,24.3788638849,45.1991724266,0,0,20.664100647,
MC_G0_D045_DENS_HIGH_V_LOW_S100,MC_G0_D045_DENS_HIGH_V_LOW,100,5.17500162125,23.7177936888,49.2003438211,0,0,20.700006485,
MC_G0_D045_DENS_HIGH_V_LOW_S100,MC_G0_D045_DENS_HIGH_V_LOW,100,5.18401241302,25.1352643306,50.7590169358,0,0,20.7360496521,
MC_G0_D045_DENS_HIGH_V_LOW_S100,MC_G0_D045_DENS_HIGH_V_LOW,100,5.19302272797,24.9997815362,51.2603083337,0,0,20.7720909119,
MC_G0_D045_DENS_HIGH_V_LOW_S100,MC_G0_D045_DENS_HIGH_V_LOW,100,5.20203351974,22.0558909574,55.1869042685,0,0,20.808134079,
MC_G0_D045_DENS_HIGH_V_LOW_S100,MC_G0_D045_DENS_HIGH_V_LOW,100,5.21100997925,23.0222767631,46.6500655089,0,0,20.844039917,
MC_G0_D045_DENS_HIGH_V_LOW_S100,MC_G0_D045_DENS_HIGH_V_LOW,100,5.22002029419,24.9375640497,46.7718908007,0,0,20.8800811768,
MC_G0_D045_DENS_HIGH_V_LOW_S100,MC_G0_D045_DENS_HIGH_V_LOW,100,5.22903108597,24.4295346557,45.063868411,0,0,20.9161243439,
MC_G0_D045_DENS_HIGH_V_LOW_S100,MC_G0_D045_DENS_HIGH_V_LOW,100,5.23800754547,25.2793925787,47.3145725344,0,0,20.9520301819,
MC_G0_D045_DENS_HIGH_V_LOW_S100,MC_G0_D045_DENS_HIGH_V_LOW,100,5.24701786041,25.9334598345,48.8188403351,0,0,20.9880714417,
MC_G0_D045_DENS_HIGH_V_LOW_S100,MC_G0_D045_DENS_HIGH_V_LOW,100,5.25602865219,24.7976572146,48.0339500612,0,0,21.0241146088,
MC_G0_D045_DENS_HIGH_V_LOW_S100,MC_G0_D045_DENS_HIGH_V_LOW,100,5.26500511169,24.6399713232,47.199024478,0,0,21.0600204468,
MC_G0_D045_DENS_HIGH_V_LOW_S100,MC_G0_D045_DENS_HIGH_V_LOW,100,5.27401542664,24.451357058,48.8263819947,0,0,21.0960617065,
MC_G0_D045_DENS_HIGH_V_LOW_S100,MC_G0_D045_DENS_HIGH_V_LOW,100,5.28302621841,26.650372416,47.6167761684,0,0,21.1321048737,
MC_G0_D045_DENS_HIGH_V_LOW_S100,MC_G0_D045_DENS_HIGH_V_LOW,100,5.29200267792,24.8006290893,49.8885764113,0,0,21.1680107117,
MC_G0_D045_DENS_HIGH_V_LOW_S100,MC_G0_D045_DENS_HIGH_V_LOW,100,5.30101299286,27.2510196099,51.2895691195,0,0,21.2040519714,
MC_G0_D045_DENS_HIGH_V_LOW_S100,MC_G0_D045_DENS_HIGH_V_LOW,100,5.31002378464,25.3685994769,51.0626594678,0,0,21.2400951385,
MC_G0_D045_DENS_HIGH_V_LOW_S100,MC_G0_D045_DENS_HIGH_V_LOW,100,5.31900024414,22.3651608796,48.5571272098,0,0,21.2760009766,
MC_G0_D045_DENS_HIGH_V_LOW_S100,MC_G0_D045_DENS_HIGH_V_LOW,100,5.32801055908,24.6528734962,53.0874199604,0,0,21.3120422363,
MC_G0_D045_DENS_HIGH_V_LOW_S100,MC_G0_D045_DENS_HIGH_V_LOW,100,5.33702135086,24.461098544,48.7780639181,0,0,21.3480854034,
MC_G0_D045_DENS_HIGH_V_LOW_S100,MC_G0_D045_DENS_HIGH_V_LOW,100,5.3460316658,26.0124355628,51.2604109209,0,0,21.3841266632,
MC_G0_D045_DENS_HIGH_V_LOW_S100,MC_G0_D045_DENS_HIGH_V_LOW,100,5.35500812531,25.8298740362,48.2478347276,0,0,21.4200325012,
MC_G0_D045_DENS_HIGH_V_LOW_S100,MC_G0_D045_DENS_HIGH_V_LOW,100,5.36401891708,24.7027276154,49.257633639,0,0,21.4560756683,
MC_G0_D045_DENS_HIGH_V_LOW_S100,MC_G0_D045_DENS_HIGH_V_LOW,100,5.37302923203,24.4660398997,47.9108236232,0,0,21.4921169281,
MC_G0_D045_DENS_HIGH_V_LOW_S100,MC_G0_D045_DENS_HIGH_V_LOW,100,5.38200569153,24.4959735551,50.3476761454,0,0,21.5280227661,
MC_G0_D045_DENS_HIGH_V_LOW_S100,MC_G0_D045_DENS_HIGH_V_LOW,100,5.39101648331,27.9832705034,51.4460545109,0,0,21.5640659332,
MC_G0_D045_DENS_HIGH_V_LOW_S100,MC_G0_D045_DENS_HIGH_V_LOW,100,5.40002679825,26.2746973656,51.1108353095,0,0,21.600107193,
MC_G0_D045_DENS_HIGH_V_LOW_S100,MC_G0_D045_DENS_HIGH_V_LOW,100,5.40900325775,25.5794951271,49.0189212625,0,0,21.636013031,
MC_G0_D045_DENS_HIGH_V_LOW_S100,MC_G0_D045_DENS_HIGH_V_LOW,100,5.41801404953,25.6061744569,54.3420681633,0,0,21.6720561981,
MC_G0_D045_DENS_HIGH_V_LOW_S100,MC_G0_D045_DENS_HIGH_V_LOW,100,5.42702436447,24.9187150572,54.6124271466,0,0,21.7080974579,
MC_G0_D045_DENS_HIGH_V_LOW_S100,MC_G0_D045_DENS_HIGH_V_LOW,100,5.43600082397,25.1231788091,55.2112353066,0,0,21.7440032959,
MC_G0_D045_DENS_HIGH_V_LOW_S100,MC_G0_D045_DENS_HIGH_V_LOW,100,5.44501161575,23.4545248871,58.2384973872,0,0,21.780046463,
MC_G0_D045_DENS_HIGH_V_LOW_S100,MC_G0_D045_DENS_HIGH_V_LOW,100,5.45402193069,25.936244432,60.9939630192,0,0,21.8160877228,
MC_G0_D045_DENS_HIGH_V_LOW_S100,MC_G0_D045_DENS_HIGH_V_LOW,100,5.46303272247,25.722997071,53.8797985932,0,0,21.8521308899,
MC_G0_D045_DENS_HIGH_V_LOW_S100,MC_G0_D045_DENS_HIGH_V_LOW,100,5.47200918198,26.0130158152,51.2470260223,0,0,21.8880367279,
MC_G0_D045_DENS_HIGH_V_LOW_S100,MC_G0_D045_DENS_HIGH_V_LOW,100,5.48101949692,27.7831079875,51.9927515728,0,0,21.9240779877,
MC_G0_D045_DENS_HIGH_V_LOW_S100,MC_G0_D045_DENS_HIGH_V_LOW,100,5.4900302887,27.3798939742,53.7034763519,0,0,21.9601211548,
MC_G0_D045_DENS_HIGH_V_LOW_S100,MC_G0_D045_DENS_HIGH_V_LOW,100,5.4990067482,26.5596811155,59.7280677704,0,0,21.9960269928,
MC_G0_D045_DENS_HIGH_V_LOW_S100,MC_G0_D045_DENS_HIGH_V_LOW,100,5.50801706314,26.6236961563,52.6611520069,0,0,22.0320682526,
MC_G0_D045_DENS_HIGH_V_LOW_S100,MC_G0_D045_DENS_HIGH_V_LOW,100,5.51702737808,27.1695018235,57.1001488459,0,0,22.0681095123,
MC_G0_D045_DENS_HIGH_V_LOW_S100,MC_G0_D045_DENS_HIGH_V_LOW,100,5.52600431442,27.1892518958,55.5436630205,0,0,22.1040172577,
MC_G0_D045_DENS_HIGH_V_LOW_S100,MC_G0_D045_DENS_HIGH_V_LOW,100,5.53501462936,25.9253424412,55.7025392174,0,0,22.1400585175,
MC_G0_D045_DENS_HIGH_V_LOW_S100,MC_G0_D045_DENS_HIGH_V_LOW,100,5.54402494431,26.2664233963,55.4572624621,0,0,22.1760997772,
MC_G0_D045_DENS_HIGH_V_LOW_S100,MC_G0_D045_DENS_HIGH_V_LOW,100,5.55300188065,24.0228498734,54.6066627284,0,0,22.2120075226,
MC_G0_D045_DENS_HIGH_V_LOW_S100,MC_G0_D045_DENS_HIGH_V_LOW,100,5.56201219559,23.1038175754,59.3870747829,0,0,22.2480487823,
MC_G0_D045_DENS_HIGH_V_LOW_S100,MC_G0_D045_DENS_HIGH_V_LOW,100,5.57102251053,26.5818565814,58.0785902473,0,0,22.2840900421,
MC_G0_D045_DENS_HIGH_V_LOW_S100,MC_G0_D045_DENS_HIGH_V_LOW,100,5.58003330231,25.3450409226,53.6014809607,0,0,22.3201332092,
MC_G0_D045_DENS_HIGH_V_LOW_S100,MC_G0_D045_DENS_HIGH_V_LOW,100,5.58900976181,27.6924443181,55.709981484,0,0,22.3560390472,
MC_G0_D045_DENS_HIGH_V_LOW_S100,MC_G0_D045_DENS_HIGH_V_LOW,100,5.59802007675,26.6193642191,53.5493018,0,0,22.392080307,
MC_G0_D045_DENS_HIGH_V_LOW_S100,MC_G0_D045_DENS_HIGH_V_LOW,100,5.60703086853,28.0097656261,55.9451943441,0,0,22.4281234741,
MC_G0_D045_DENS_HIGH_V_LOW_S100,MC_G0_D045_DENS_HIGH_V_LOW,100,5.61600732803,25.7972570973,55.4184417914,0,0,22.4640293121,
MC_G0_D045_DENS_HIGH_V_LOW_S100,MC_G0_D045_DENS_HIGH_V_LOW,100,5.62501764297,29.192900263,59.129467936,0,0,22.5000705719,
MC_G0_D045_DENS_HIGH_V_LOW_S100,MC_G0_D045_DENS_HIGH_V_LOW,100,5.63402843475,25.6090404125,54.5182675621,0,0,22.536113739,
MC_G0_D045_DENS_HIGH_V_LOW_S100,MC_G0_D045_DENS_HIGH_V_LOW,100,5.64300489426,28.0711495754,57.7756927007,0,0,22.572019577,
MC_G0_D045_DENS_HIGH_V_LOW_S100,MC_G0_D045_DENS_HIGH_V_LOW,100,5.6520152092,26.3370821736,56.8597867951,0,0,22.6080608368,
MC_G0_D045_DENS_HIGH_V_LOW_S100,MC_G0_D045_DENS_HIGH_V_LOW,100,5.66102600098,27.703840598,59.1962512401,0,0,22.6441040039,
MC_G0_D045_DENS_HIGH_V_LOW_S100,MC_G0_D045_DENS_HIGH_V_LOW,100,5.67000246048,26.0647872235,60.7536059921,0,0,22.6800098419,
MC_G0_D045_DENS_HIGH_V_LOW_S100,MC_G0_D045_DENS_HIGH_V_LOW,100,5.67901277542,25.4095579278,57.9691714354,0,0,22.7160511017,
MC_G0_D045_DENS_HIGH_V_LOW_S100,MC_G0_D045_DENS_HIGH_V_LOW,100,5.6880235672,25.3331641692,58.7478228993,0,0,22.7520942688,
MC_G0_D045_DENS_HIGH_V_LOW_S100,MC_G0_D045_DENS_HIGH_V_LOW,100,5.69703388214,25.3763760871,54.2659997002,0,0,22.7881355286,
MC_G0_D045_DENS_HIGH_V_LOW_S100,MC_G0_D045_DENS_HIGH_V_LOW,100,5.70601034164,26.6101968453,56.7066301034,0,0,22.8240413666,
MC_G0_D045_DENS_HIGH_V_LOW_S100,MC_G0_D045_DENS_HIGH_V_LOW,100,5.71502113342,26.6070438336,56.8445673896,0,0,22.8600845337,
MC_G0_D045_DENS_HIGH_V_LOW_S100,MC_G0_D045_DENS_HIGH_V_LOW,100,5.72403144836,26.1139275402,57.9747971493,0,0,22.8961257935,
MC_G0_D045_DENS_HIGH_V_LOW_S100,MC_G0_D045_DENS_HIGH_V_LOW,100,5.73300790787,27.0505961339,57.1157904001,0,0,22.9320316315,
MC_G0_D045_DENS_HIGH_V_LOW_S100,MC_G0_D045_DENS_HIGH_V_LOW,100,5.74201822281,28.0484460491,62.7599193235,0,0,22.9680728912,
MC_G0_D045_DENS_HIGH_V_LOW_S100,MC_G0_D045_DENS_HIGH_V_LOW,100,5.75102901459,26.0190025463,55.6533081133,0,0,23.0041160583,
MC_G0_D045_DENS_HIGH_V_LOW_S100,MC_G0_D045_DENS_HIGH_V_LOW,100,5.76000547409,26.1457401081,60.1301437638,0,0,23.0400218964,
MC_G0_D045_DENS_HIGH_V_LOW_S100,MC_G0_D045_DENS_HIGH_V_LOW,100,5.76901578903,26.2957031164,56.1814881291,0,0,23.0760631561,
MC_G0_D045_DENS_HIGH_V_LOW_S100,MC_G0_D045_DENS_HIGH_V_LOW,100,5.77802658081,27.7997664505,62.5135283976,0,0,23.1121063232,
MC_G0_D045_DENS_HIGH_V_LOW_S100,MC_G0_D045_DENS_HIGH_V_LOW,100,5.78700304031,27.3480138637,65.4983087821,0,0,23.1480121613,
MC_G0_D045_DENS_HIGH_V_LOW_S100,MC_G0_D045_DENS_HIGH_V_LOW,100,5.79601335526,26.0557702854,62.9570162105,0,0,23.184053421,
MC_G0_D045_DENS_HIGH_V_LOW_S100,MC_G0_D045_DENS_HIGH_V_LOW,100,5.80502414703,23.5050268014,63.0100973567,0,0,23.2200965881,
MC_G0_D045_DENS_HIGH_V_LOW_S100,MC_G0_D045_DENS_HIGH_V_LOW,100,5.81400060654,25.9009964014,60.5002045156,0,0,23.2560024261,
MC_G0_D045_DENS_HIGH_V_LOW_S100,MC_G0_D045_DENS_HIGH_V_LOW,100,5.82301092148,25.8459860181,64.4204378512,0,0,23.2920436859,
MC_G0_D045_DENS_HIGH_V_LOW_S100,MC_G0_D045_DENS_HIGH_V_LOW,100,5.83202171326,27.4860770927,62.7010368514,0,0,23.328086853,
MC_G0_D045_DENS_HIGH_V_LOW_S100,MC_G0_D045_DENS_HIGH_V_LOW,100,5.8410320282,26.919348568,59.883834944,0,0,23.3641281128,
MC_G0_D045_DENS_HIGH_V_LOW_S100,MC_G0_D045_DENS_HIGH_V_LOW,100,5.8500084877,29.2086438306,59.8329065282,0,0,23.4000339508,
MC_G0_D045_DENS_HIGH_V_LOW_S100,MC_G0_D045_DENS_HIGH_V_LOW,100,5.85901880264,27.0588516826,58.7056443133,0,0,23.4360752106,
MC_G0_D045_DENS_HIGH_V_LOW_S100,MC_G0_D045_DENS_HIGH_V_LOW,100,5.86802959442,26.0042690476,60.5560787756,0,0,23.4721183777,
MC_G0_D045_DENS_HIGH_V_LOW_S100,MC_G0_D045_DENS_HIGH_V_LOW,100,5.87700605392,24.1257280093,57.1553518396,0,0,23.5080242157,
MC_G0_D045_DENS_HIGH_V_LOW_S100,MC_G0_D045_DENS_HIGH_V_LOW,100,5.88601636887,27.8134008468,60.2571683915,0,0,23.5440654755,
MC_G0_D045_DENS_HIGH_V_LOW_S100,MC_G0_D045_DENS_HIGH_V_LOW,100,5.89502716064,28.7007357063,66.3455922925,0,0,23.5801086426,
MC_G0_D045_DENS_HIGH_V_LOW_S100,MC_G0_D045_DENS_HIGH_V_LOW,100,5.90400362015,27.2713560748,66.1447718725,0,0,23.6160144806,
MC_G0_D045_DENS_HIGH_V_LOW_S100,MC_G0_D045_DENS_HIGH_V_LOW,100,5.91301393509,26.1954698876,62.8720206386,0,0,23.6520557404,
MC_G0_D045_DENS_HIGH_V_LOW_S100,MC_G0_D045_DENS_HIGH_V_LOW,100,5.92202472687,24.5718162275,67.5733016356,0,0,23.6880989075,
MC_G0_D045_DENS_HIGH_V_LOW_S100,MC_G0_D045_DENS_HIGH_V_LOW,100,5.93100118637,28.0777564704,70.2199130503,0,0,23.7240047455,
MC_G0_D045_DENS_HIGH_V_LOW_S100,MC_G0_D045_DENS_HIGH_V_LOW,100,5.94001150131,28.3866011813,65.9500370608,0,0,23.7600460052,
MC_G0_D045_DENS_HIGH_V_LOW_S100,MC_G0_D045_DENS_HIGH_V_LOW,100,5.94902181625,28.5849154858,64.4204788626,0,0,23.796087265,
MC_G0_D045_DENS_HIGH_V_LOW_S100,MC_G0_D045_DENS_HIGH_V_LOW,100,5.95803260803,26.0396767243,61.3706793368,0,0,23.8321304321,
MC_G0_D045_DENS_HIGH_V_LOW_S100,MC_G0_D045_DENS_HIGH_V_LOW,100,5.96700906754,26.6984658223,64.8294707186,0,0,23.8680362701,
MC_G0_D045_DENS_HIGH_V_LOW_S100,MC_G0_D045_DENS_HIGH_V_LOW,100,5.97601938248,27.2576756268,63.1079753653,0,0,23.9040775299,
MC_G0_D045_DENS_HIGH_V_LOW_S100,MC_G0_D045_DENS_HIGH_V_LOW,100,5.98503017426,26.6093771237,63.9560601132,0,0,23.940120697,
MC_G0_D045_DENS_HIGH_V_LOW_S100,MC_G0_D045_DENS_HIGH_V_LOW,100,5.99400663376,28.6372517959,64.4026870051,0,0,23.976026535,
MC_G0_D045_DENS_HIGH_V_LOW_S100,MC_G0_D045_DENS_HIGH_V_LOW,100,6.0030169487,28.9479784894,63.2395014718,0,0,24.0120677948,
MC_G0_D045_DENS_HIGH_V_LOW_S100,MC_G0_D045_DENS_HIGH_V_LOW,100,6.01202774048,28.6180696955,65.6998593463,0,0,24.0481109619,
MC_G0_D045_DENS_HIGH_V_LOW_S100,MC_G0_D045_DENS_HIGH_V_LOW,100,6.02100419998,27.3753256379,64.7980912835,0,0,24.0840167999,
MC_G0_D045_DENS_HIGH_V_LOW_S100,MC_G0_D045_DENS_HIGH_V_LOW,100,6.03001451492,27.4761452593,66.5177304181,0,0,24.1200580597,
MC_G0_D045_DENS_HIGH_V_LOW_S100,MC_G0_D045_DENS_HIGH_V_LOW,100,6.03902482986,26.7769441914,66.4156396358,0,0,24.1560993195,
MC_G0_D045_DENS_HIGH_V_LOW_S100,MC_G0_D045_DENS_HIGH_V_LOW,100,6.0480017662,26.3801344453,65.6584925013,0,0,24.1920070648,
MC_G0_D045_DENS_HIGH_V_LOW_S100,MC_G0_D045_DENS_HIGH_V_LOW,100,6.05701208115,27.3711195755,70.0326119983,0,0,24.2280483246,
MC_G0_D045_DENS_HIGH_V_LOW_S100,MC_G0_D045_DENS_HIGH_V_LOW,100,6.06602239609,27.8516176819,64.8220288991,0,0,24.2640895844,
MC_G0_D045_DENS_HIGH_V_LOW_S100,MC_G0_D045_DENS_HIGH_V_LOW,100,6.07503318787,28.281305327,66.5851835702,0,0,24.3001327515,
MC_G0_D045_DENS_HIGH_V_LOW_S100,MC_G0_D045_DENS_HIGH_V_LOW,100,6.08400964737,25.6452278992,63.8931989618,0,0,24.3360385895,
MC_G0_D045_DENS_HIGH_V_LOW_S100,MC_G0_D045_DENS_HIGH_V_LOW,100,6.09301996231,29.3140317884,67.1918401181,0,0,24.3720798492,
MC_G0_D045_DENS_HIGH_V_LOW_S100,MC_G0_D045_DENS_HIGH_V_LOW,100,6.10203075409,28.130728295,63.9930543062,0,0,24.4081230164,
MC_G0_D045_DENS_HIGH_V_LOW_S100,MC_G0_D045_DENS_HIGH_V_LOW,100,6.11100721359,26.9640065117,62.0094322551,0,0,24.4440288544,
MC_G0_D045_DENS_HIGH_V_LOW_S100,MC_G0_D045_DENS_HIGH_V_LOW,100,6.12001752853,28.7566824757,67.1423257909,0,0,24.4800701141,
MC_G0_D045_DENS_HIGH_V_LOW_S100,MC_G0_D045_DENS_HIGH_V_LOW,100,6.12902784348,28.1591453119,66.6737967398,0,0,24.5161113739,
MC_G0_D045_DENS_HIGH_V_LOW_S100,MC_G0_D045_DENS_HIGH_V_LOW,100,6.13800430298,29.6899739391,69.1673340626,0,0,24.5520172119,
MC_G0_D045_DENS_HIGH_V_LOW_S100,MC_G0_D045_DENS_HIGH_V_LOW,100,6.14701509476,28.0592804973,68.54672396,0,0,24.588060379,
MC_G0_D045_DENS_HIGH_V_LOW_S100,MC_G0_D045_DENS_HIGH_V_LOW,100,6.1560254097,27.3477836048,69.6173918344,0,0,24.6241016388,
MC_G0_D045_DENS_HIGH_V_LOW_S100,MC_G0_D045_DENS_HIGH_V_LOW,100,6.1650018692,28.1197771824,67.371110953,0,0,24.6600074768,
MC_G0_D045_DENS_HIGH_V_LOW_S100,MC_G0_D045_DENS_HIGH_V_LOW,100,6.17401266098,25.0046906557,61.6070417891,0,0,24.6960506439,
MC_G0_D045_DENS_HIGH_V_LOW_S100,MC_G0_D045_DENS_HIGH_V_LOW,100,6.18302297592,27.9522009042,66.5642062861,0,0,24.7320919037,
MC_G0_D045_DENS_HIGH_V_LOW_S100,MC_G0_D045_DENS_HIGH_V_LOW,100,6.19203329086,27.9072574395,69.7514804123,0,0,24.7681331635,
MC_G0_D045_DENS_HIGH_V_LOW_S100,MC_G0_D045_DENS_HIGH_V_LOW,100,6.20100975037,28.077434108,69.9559683094,0,0,24.8040390015,
MC_G0_D045_DENS_HIGH_V_LOW_S100,MC_G0_D045_DENS_HIGH_V_LOW,100,6.21002054214,27.7135698035,67.0003593063,0,0,24.8400821686,
MC_G0_D045_DENS_HIGH_V_LOW_S100,MC_G0_D045_DENS_HIGH_V_LOW,100,6.21903085709,29.0174153596,65.7755879667,0,0,24.8761234283,
MC_G0_D045_DENS_HIGH_V_LOW_S100,MC_G0_D045_DENS_HIGH_V_LOW,100,6.22800731659,29.8912140666,70.9021018291,0,0,24.9120292664,
MC_G0_D045_DENS_HIGH_V_LOW_S100,MC_G0_D045_DENS_HIGH_V_LOW,100,6.23701810837,30.4877227408,70.9417377069,0,0,24.9480724335,
MC_G0_D045_DENS_HIGH_V_LOW_S100,MC_G0_D045_DENS_HIGH_V_LOW,100,6.24602842331,29.6440848779,79.445859962,0,0,24.9841136932,
MC_G0_D045_DENS_HIGH_V_LOW_S100,MC_G0_D045_DENS_HIGH_V_LOW,100,6.25500488281,28.2748734288,71.0714001366,0,0,25.0200195312,
MC_G0_D045_DENS_HIGH_V_LOW_S100,MC_G0_D045_DENS_HIGH_V_LOW,100,6.26401519775,27.4729953177,69.3996108351,0,0,25.056060791,
MC_G0_D045_DENS_HIGH_V_LOW_S100,MC_G0_D045_DENS_HIGH_V_LOW,100,6.27302598953,28.8285693004,75.0943070186,0,0,25.0921039581,
MC_G0_D045_DENS_HIGH_V_LOW_S100,MC_G0_D045_DENS_HIGH_V_LOW,100,6.28200244904,25.6943620757,73.1545890811,0,0,25.1280097961,
MC_G0_D045_DENS_HIGH_V_LOW_S100,MC_G0_D045_DENS_HIGH_V_LOW,100,6.29101276398,29.6277364968,77.5539622593,0,0,25.1640510559,
MC_G0_D045_DENS_HIGH_V_LOW_S100,MC_G0_D045_DENS_HIGH_V_LOW,100,6.30002355576,28.8734114513,74.9184853351,0,0,25.200094223,
MC_G0_D045_DENS_HIGH_V_LOW_S100,MC_G0_D045_DENS_HIGH_V_LOW,100,6.3090338707,27.1392765068,71.0232285094,0,0,25.2361354828,
MC_G0_D045_DENS_HIGH_V_LOW_S100,MC_G0_D045_DENS_HIGH_V_LOW,100,6.3180103302,29.133054443,72.3658028546,0,0,25.2720413208,
MC_G0_D045_DENS_HIGH_V_LOW_S100,MC_G0_D045_DENS_HIGH_V_LOW,100,6.32702064514,29.7108415346,73.5901905466,0,0,25.3080825806,
MC_G0_D045_DENS_HIGH_V_LOW_S100,MC_G0_D045_DENS_HIGH_V_LOW,100,6.33603143692,31.0230685141,71.7988648756,0,0,25.3441257477,
MC_G0_D045_DENS_HIGH_V_LOW_S100,MC_G0_D045_DENS_HIGH_V_LOW,100,6.34500789642,28.4634800187,70.8418483787,0,0,25.3800315857,
MC_G0_D045_DENS_HIGH_V_LOW_S100,MC_G0_D045_DENS_HIGH_V_LOW,100,6.35401821136,27.2168891025,73.4717462548,0,0,25.4160728455,
MC_G0_D045_DENS_HIGH_V_LOW_S100,MC_G0_D045_DENS_HIGH_V_LOW,100,6.36302900314,30.0543478833,75.7431855496,0,0,25.4521160126,
MC_G0_D045_DENS_HIGH_V_LOW_S100,MC_G0_D045_DENS_HIGH_V_LOW,100,6.37200546265,30.2494047921,78.5273264017,0,0,25.4880218506,
MC_G0_D045_DENS_HIGH_V_LOW_S100,MC_G0_D045_DENS_HIGH_V_LOW,100,6.38101577759,30.607994633,77.6220330812,0,0,25.5240631104,
MC_G0_D045_DENS_HIGH_V_LOW_S100,MC_G0_D045_DENS_HIGH_V_LOW,100,6.39002609253,28.5469657511,74.5879271315,0,0,25.5601043701,
MC_G0_D045_DENS_HIGH_V_LOW_S100,MC_G0_D045_DENS_HIGH_V_LOW,100,6.39900255203,28.3445221371,74.8107710296,0,0,25.5960102081,
MC_G0_D045_DENS_HIGH_V_LOW_S100,MC_G0_D045_DENS_HIGH_V_LOW,100,6.40801334381,28.48087224,75.3922528183,0,0,25.6320533752,
MC_G0_D045_DENS_HIGH_V_LOW_S100,MC_G0_D045_DENS_HIGH_V_LOW,100,6.41702365875,27.6096739233,74.7807317804,0,0,25.668094635,
MC_G0_D045_DENS_HIGH_V_LOW_S100,MC_G0_D045_DENS_HIGH_V_LOW,100,6.42600011826,29.3209794666,74.8129870216,0,0,25.704000473,
MC_G0_D045_DENS_HIGH_V_LOW_S100,MC_G0_D045_DENS_HIGH_V_LOW,100,6.43501091003,28.6781242835,74.4050813349,0,0,25.7400436401,
MC_G0_D045_DENS_HIGH_V_LOW_S100,MC_G0_D045_DENS_HIGH_V_LOW,100,6.44402122498,27.6938228013,74.3141764396,0,0,25.7760848999,
MC_G0_D045_DENS_HIGH_V_LOW_S100,MC_G0_D045_DENS_HIGH_V_LOW,100,6.45303153992,29.8434798641,77.830662846,0,0,25.8121261597,
MC_G0_D045_DENS_HIGH_V_LOW_S100,MC_G0_D045_DENS_HIGH_V_LOW,100,6.46200799942,29.4376900214,73.7650042517,0,0,25.8480319977,
MC_G0_D045_DENS_HIGH_V_LOW_S100,MC_G0_D045_DENS_HIGH_V_LOW,100,6.4710187912,29.0787839583,74.5259761361,0,0,25.8840751648,
MC_G0_D045_DENS_HIGH_V_LOW_S100,MC_G0_D045_DENS_HIGH_V_LOW,100,6.48002910614,29.7174545698,78.4424679027,0,0,25.9201164246,
MC_G0_D045_DENS_HIGH_V_LOW_S100,MC_G0_D045_DENS_HIGH_V_LOW,100,6.48900556564,30.3033559845,78.0284012943,0,0,25.9560222626,
MC_G0_D045_DENS_HIGH_V_LOW_S100,MC_G0_D045_DENS_HIGH_V_LOW,100,6.49801588058,28.9077169554,76.107385898,0,0,25.9920635223,
MC_G0_D045_DENS_HIGH_V_LOW_S100,MC_G0_D045_DENS_HIGH_V_LOW,100,6.50702667236,28.709666681,77.7493840209,0,0,26.0281066895,
MC_G0_D045_DENS_HIGH_V_LOW_S100,MC_G0_D045_DENS_HIGH_V_LOW,100,6.51600313187,28.3635231005,77.7578297451,0,0,26.0640125275,
MC_G0_D045_DENS_HIGH_V_LOW_S100,MC_G0_D045_DENS_HIGH_V_LOW,100,6.52501344681,29.994753813,82.6327440605,0,0,26.1000537872,
MC_G0_D045_DENS_HIGH_V_LOW_S100,MC_G0_D045_DENS_HIGH_V_LOW,100,6.53402376175,27.1721421254,76.3271473917,0,0,26.136095047,
MC_G0_D045_DENS_HIGH_V_LOW_S100,MC_G0_D045_DENS_HIGH_V_LOW,100,6.54300022125,29.6069579348,77.4038028591,0,0,26.172000885,
MC_G0_D045_DENS_HIGH_V_LOW_S100,MC_G0_D045_DENS_HIGH_V_LOW,100,6.55201101303,28.7120306723,78.7609401427,0,0,26.2080440521,
MC_G0_D045_DENS_HIGH_V_LOW_S100,MC_G0_D045_DENS_HIGH_V_LOW,100,6.56102132797,30.4472033168,77.4399801365,0,0,26.2440853119,
MC_G0_D045_DENS_HIGH_V_LOW_S100,MC_G0_D045_DENS_HIGH_V_LOW,100,6.57003164291,29.3035504039,75.7744047242,0,0,26.2801265717,
MC_G0_D045_DENS_HIGH_V_LOW_S100,MC_G0_D045_DENS_HIGH_V_LOW,100,6.57900810242,29.0701968368,79.361093987,0,0,26.3160324097,
MC_G0_D045_DENS_HIGH_V_LOW_S100,MC_G0_D045_DENS_HIGH_V_LOW,100,6.5880188942,29.0361799238,79.5170207283,0,0,26.3520755768,
MC_G0_D045_DENS_HIGH_V_LOW_S100,MC_G0_D045_DENS_HIGH_V_LOW,100,6.59702920914,30.0282979278,79.2881162639,0,0,26.3881168365,
MC_G0_D045_DENS_HIGH_V_LOW_S100,MC_G0_D045_DENS_HIGH_V_LOW,100,6.60600566864,30.0389450988,79.7109156559,0,0,26.4240226746,
MC_G0_D045_DENS_HIGH_V_LOW_S100,MC_G0_D045_DENS_HIGH_V_LOW,100,6.61501598358,29.6418958834,81.5802787371,0,0,26.4600639343,
MC_G0_D045_DENS_HIGH_V_LOW_S100,MC_G0_D045_DENS_HIGH_V_LOW,100,6.62402677536,30.7410351482,82.2013866756,0,0,26.4961071014,
MC_G0_D045_DENS_HIGH_V_LOW_S100,MC_G0_D045_DENS_HIGH_V_LOW,100,6.63300323486,28.0242504452,81.2130367893,0,0,26.5320129395,
MC_G0_D045_DENS_HIGH_V_LOW_S100,MC_G0_D045_DENS_HIGH_V_LOW,100,6.6420135498,27.4134012475,81.1439075569,0,0,26.5680541992,
MC_G0_D045_DENS_HIGH_V_LOW_S100,MC_G0_D045_DENS_HIGH_V_LOW,100,6.65102386475,28.8777341781,82.2336754467,0,0,26.604095459,
MC_G0_D045_DENS_HIGH_V_LOW_S100,MC_G0_D045_DENS_HIGH_V_LOW,100,6.66000032425,28.5962657139,80.6487289429,0,0,26.640001297,
MC_G0_D045_DENS_HIGH_V_LOW_S100,MC_G0_D045_DENS_HIGH_V_LOW,100,6.66901111603,28.548310463,81.7277013715,0,0,26.6760444641,
MC_G0_D045_DENS_HIGH_V_LOW_S100,MC_G0_D045_DENS_HIGH_V_LOW,100,6.67802143097,28.2287448983,78.9829282646,0,0,26.7120857239,
MC_G0_D045_DENS_HIGH_V_LOW_S100,MC_G0_D045_DENS_HIGH_V_LOW,100,6.68703174591,30.1886655677,81.6538468127,0,0,26.7481269836,
MC_G0_D045_DENS_HIGH_V_LOW_S100,MC_G0_D045_DENS_HIGH_V_LOW,100,6.69600820541,28.9550551126,80.5049966643,0,0,26.7840328217,
MC_G0_D045_DENS_HIGH_V_LOW_S100,MC_G0_D045_DENS_HIGH_V_LOW,100,6.70501899719,30.7468898641,80.7586459677,0,0,26.8200759888,
MC_G0_D045_DENS_HIGH_V_LOW_S100,MC_G0_D045_DENS_HIGH_V_LOW,100,6.71402931213,30.4004515522,86.8997414703,0,0,26.8561172485,
MC_G0_D045_DENS_HIGH_V_LOW_S100,MC_G0_D045_DENS_HIGH_V_LOW,100,6.72300577164,31.0181655349,81.9905947,0,0,26.8920230865,
MC_G0_D045_DENS_HIGH_V_LOW_S100,MC_G0_D045_DENS_HIGH_V_LOW,100,6.73201608658,31.7216831894,83.3863086446,0,0,26.9280643463,
MC_G0_D045_DENS_HIGH_V_LOW_S100,MC_G0_D045_DENS_HIGH_V_LOW,100,6.74102687836,29.7815248728,84.6617922991,0,0,26.9641075134,
MC_G0_D045_DENS_HIGH_V_LOW_S100,MC_G0_D045_DENS_HIGH_V_LOW,100,6.75000333786,28.9826278468,82.6141936361,0,0,27.0000133514,
MC_G0_D045_DENS_HIGH_V_LOW_S100,MC_G0_D045_DENS_HIGH_V_LOW,100,6.7590136528,29.6301680307,83.9588332234,0,0,27.0360546112,
MC_G0_D045_DENS_HIGH_V_LOW_S100,MC_G0_D045_DENS_HIGH_V_LOW,100,6.76802396774,27.307994869,86.4249267599,0,0,27.072095871,
MC_G0_D045_DENS_HIGH_V_LOW_S100,MC_G0_D045_DENS_HIGH_V_LOW,100,6.77700042725,29.3834256769,83.0861533263,0,0,27.108001709,
MC_G0_D045_DENS_HIGH_V_LOW_S100,MC_G0_D045_DENS_HIGH_V_LOW,100,6.78601121902,28.7946015093,83.3595026477,0,0,27.1440448761,
MC_G0_D045_DENS_HIGH_V_LOW_S100,MC_G0_D045_DENS_HIGH_V_LOW,100,6.79502153397,30.4097294504,81.3714285386,0,0,27.1800861359,
MC_G0_D045_DENS_HIGH_V_LOW_S100,MC_G0_D045_DENS_HIGH_V_LOW,100,6.80403184891,29.3450522657,81.5905109562,0,0,27.2161273956,
MC_G0_D045_DENS_HIGH_V_LOW_S100,MC_G0_D045_DENS_HIGH_V_LOW,100,6.81300830841,30.6770293176,84.3221263428,0,0,27.2520332336,
MC_G0_D045_DENS_HIGH_V_LOW_S100,MC_G0_D045_DENS_HIGH_V_LOW,100,6.82201862335,31.0168361736,85.4851949477,0,0,27.2880744934,
MC_G0_D045_DENS_HIGH_V_LOW_S100,MC_G0_D045_DENS_HIGH_V_LOW,100,6.83102941513,29.6127420381,82.2135843149,0,0,27.3241176605,
MC_G0_D045_DENS_HIGH_V_LOW_S100,MC_G0_D045_DENS_HIGH_V_LOW,100,6.84000587463,30.4708493695,86.0623917712,0,0,27.3600234985,
MC_G0_D045_DENS_HIGH_V_LOW_S100,MC_G0_D045_DENS_HIGH_V_LOW,100,6.84901618958,30.8779562931,85.3503217851,0,0,27.3960647583,
MC_G0_D045_DENS_HIGH_V_LOW_S100,MC_G0_D045_DENS_HIGH_V_LOW,100,6.85802650452,29.31873521,84.7492209564,0,0,27.4321060181,
MC_G0_D045_DENS_HIGH_V_LOW_S100,MC_G0_D045_DENS_HIGH_V_LOW,100,6.86700296402,29.8202052958,87.5429590674,0,0,27.4680118561,
MC_G0_D045_DENS_HIGH_V_LOW_S100,MC_G0_D045_DENS_HIGH_V_LOW,100,6.8760137558,29.6886844893,87.3636587791,0,0,27.5040550232,
MC_G0_D045_DENS_HIGH_V_LOW_S100,MC_G0_D045_DENS_HIGH_V_LOW,100,6.88502407074,28.2633543442,84.5569445038,0,0,27.540096283,
MC_G0_D045_DENS_HIGH_V_LOW_S100,MC_G0_D045_DENS_HIGH_V_LOW,100,6.89400053024,29.4314146992,89.2809479463,0,0,27.576002121,
MC_G0_D045_DENS_HIGH_V_LOW_S100,MC_G0_D045_DENS_HIGH_V_LOW,100,6.90301084518,27.7234985667,84.3298397168,0,0,27.6120433807,
MC_G0_D045_DENS_HIGH_V_LOW_S100,MC_G0_D045_DENS_HIGH_V_LOW,100,6.91202163696,29.053569075,87.662395929,0,0,27.6480865479,
MC_G0_D045_DENS_HIGH_V_LOW_S100,MC_G0_D045_DENS_HIGH_V_LOW,100,6.9210319519,28.7150854402,87.1223820965,0,0,27.6841278076,
MC_G0_D045_DENS_HIGH_V_LOW_S100,MC_G0_D045_DENS_HIGH_V_LOW,100,6.93000841141,30.6603862053,86.7518431915,0,0,27.7200336456,
MC_G0_D045_DENS_HIGH_V_LOW_S100,MC_G0_D045_DENS_HIGH_V_LOW,100,6.93901872635,31.4866502675,86.6764959315,0,0,27.7560749054,
MC_G0_D045_DENS_HIGH_V_LOW_S100,MC_G0_D045_DENS_HIGH_V_LOW,100,6.94802904129,30.8275572277,86.7025852532,0,0,27.7921161652,
MC_G0_D045_DENS_HIGH_V_LOW_S100,MC_G0_D045_DENS_HIGH_V_LOW,100,6.95700550079,30.6578963391,89.3281585877,0,0,27.8280220032,
MC_G0_D045_DENS_HIGH_V_LOW_S100,MC_G0_D045_DENS_HIGH_V_LOW,100,6.96601629257,30.4249265369,86.2472770448,0,0,27.8640651703,
MC_G0_D045_DENS_HIGH_V_LOW_S100,MC_G0_D045_DENS_HIGH_V_LOW,100,6.97502660751,31.3776057986,88.8472811572,0,0,27.9001064301,
MC_G0_D045_DENS_HIGH_V_LOW_S100,MC_G0_D045_DENS_HIGH_V_LOW,100,6.98400306702,30.4220958877,84.6998242042,0,0,27.9360122681,
MC_G0_D045_DENS_HIGH_V_LOW_S100,MC_G0_D045_DENS_HIGH_V_LOW,100,6.99301338196,30.3605891336,90.0273916867,0,0,27.9720535278,
MC_G0_D045_DENS_HIGH_V_LOW_S100,MC_G0_D045_DENS_HIGH_V_LOW,100,7.0020236969,28.3024216021,90.5539522841,0,0,28.0080947876,
MC_G0_D045_DENS_HIGH_V_LOW_S100,MC_G0_D045_DENS_HIGH_V_LOW,100,7.0110001564,29.155543061,88.2953646719,0,0,28.0440006256,
MC_G0_D045_DENS_HIGH_V_LOW_S100,MC_G0_D045_DENS_HIGH_V_LOW,100,7.02001094818,31.3670906428,90.4665217136,0,0,28.0800437927,
MC_G0_D045_DENS_HIGH_V_LOW_S100,MC_G0_D045_DENS_HIGH_V_LOW,100,7.02902126312,30.2163058446,92.830302155,0,0,28.1160850525,
MC_G0_D045_DENS_HIGH_V_LOW_S100,MC_G0_D045_DENS_HIGH_V_LOW,100,7.03803157806,30.8700937196,89.3490281739,0,0,28.1521263123,
MC_G0_D045_DENS_HIGH_V_LOW_S100,MC_G0_D045_DENS_HIGH_V_LOW,100,7.04700803757,29.5303922495,85.4568090703,0,0,28.1880321503,
MC_G0_D045_DENS_HIGH_V_LOW_S100,MC_G0_D045_DENS_HIGH_V_LOW,100,7.05601882935,30.6500122748,89.6080002433,0,0,28.2240753174,
MC_G0_D045_DENS_HIGH_V_LOW_S100,MC_G0_D045_DENS_HIGH_V_LOW,100,7.06502914429,30.4179788588,89.1735767042,0,0,28.2601165771,
MC_G0_D045_DENS_HIGH_V_LOW_S100,MC_G0_D045_DENS_HIGH_V_LOW,100,7.07400560379,30.2493740909,88.3587875783,0,0,28.2960224152,
MC_G0_D045_DENS_HIGH_V_LOW_S100,MC_G0_D045_DENS_HIGH_V_LOW,100,7.08301591873,31.3926678,90.1072756715,0,0,28.3320636749,
MC_G0_D045_DENS_HIGH_V_LOW_S100,MC_G0_D045_DENS_HIGH_V_LOW,100,7.09202623367,30.3511700101,92.0098241989,0,0,28.3681049347,
MC_G0_D045_DENS_HIGH_V_LOW_S100,MC_G0_D045_DENS_HIGH_V_LOW,100,7.10100269318,30.5566161999,92.1305392709,0,0,28.4040107727,
MC_G0_D045_DENS_HIGH_V_LOW_S100,MC_G0_D045_DENS_HIGH_V_LOW,100,7.11001348495,30.5576231988,92.5596163342,0,0,28.4400539398,
MC_G0_D045_DENS_HIGH_V_LOW_S100,MC_G0_D045_DENS_HIGH_V_LOW,100,7.1190237999,29.9548975347,91.7746465604,0,0,28.4760951996,
MC_G0_D045_DENS_HIGH_V_LOW_S100,MC_G0_D045_DENS_HIGH_V_LOW,100,7.1280002594,29.6555272095,95.3384296959,0,0,28.5120010376,
MC_G0_D045_DENS_HIGH_V_LOW_S100,MC_G0_D045_DENS_HIGH_V_LOW,100,7.13701057434,29.4253020932,89.1884859544,0,0,28.5480422974,
MC_G0_D045_DENS_HIGH_V_LOW_S100,MC_G0_D045_DENS_HIGH_V_LOW,100,7.14602088928,31.1731911686,92.3611481679,0,0,28.5840835571,
MC_G0_D045_DENS_HIGH_V_LOW_S100,MC_G0_D045_DENS_HIGH_V_LOW,100,7.15503168106,30.2775270776,90.742833691,0,0,28.6201267242,
MC_G0_D045_DENS_HIGH_V_LOW_S100,MC_G0_D045_DENS_HIGH_V_LOW,100,7.16400814056,29.9766063426,91.976961199,0,0,28.6560325623,
MC_G0_D045_DENS_HIGH_V_LOW_S100,MC_G0_D045_DENS_HIGH_V_LOW,100,7.17301845551,30.944098926,91.7983955476,0,0,28.692073822,
MC_G0_D045_DENS_HIGH_V_LOW_S100,MC_G0_D045_DENS_HIGH_V_LOW,100,7.18202877045,31.1869238086,91.3784661997,0,0,28.7281150818,
MC_G0_D045_DENS_HIGH_V_LOW_S100,MC_G0_D045_DENS_HIGH_V_LOW,100,7.19100522995,30.9399634764,92.9723736951,0,0,28.7640209198,
MC_G0_D045_DENS_HIGH_V_LOW_S100,MC_G0_D045_DENS_HIGH_V_LOW,100,7.20001554489,31.209888295,91.4273379308,0,0,28.8000621796,
MC_G0_D045_DENS_HIGH_V_LOW_S100,MC_G0_D045_DENS_HIGH_V_LOW,100,7.20902633667,30.9700997596,96.411819234,0,0,28.8361053467,
MC_G0_D045_DENS_HIGH_V_LOW_S100,MC_G0_D045_DENS_HIGH_V_LOW,100,7.21800279617,30.0495124466,92.8147161406,0,0,28.8720111847,
MC_G0_D045_DENS_HIGH_V_LOW_S100,MC_G0_D045_DENS_HIGH_V_LOW,100,7.22701311111,31.1889193857,95.4514072618,0,0,28.9080524445,
MC_G0_D045_DENS_HIGH_V_LOW_S100,MC_G0_D045_DENS_HIGH_V_LOW,100,7.23602342606,30.6019864111,96.9215958234,0,0,28.9440937042,
MC_G0_D045_DENS_HIGH_V_LOW_S100,MC_G0_D045_DENS_HIGH_V_LOW,100,7.24503421783,30.6305814948,95.4810865765,0,0,28.9801368713,
MC_G0_D045_DENS_HIGH_V_LOW_S100,MC_G0_D045_DENS_HIGH_V_LOW,100,7.25401067734,30.7272595264,95.6455253768,0,0,29.0160427094,
MC_G0_D045_DENS_HIGH_V_LOW_S100,MC_G0_D045_DENS_HIGH_V_LOW,100,7.26302099228,30.5277018239,93.3498788758,0,0,29.0520839691,
MC_G0_D045_DENS_HIGH_V_LOW_S100,MC_G0_D045_DENS_HIGH_V_LOW,100,7.27203130722,30.907177681,92.674867066,0,0,29.0881252289,
MC_G0_D045_DENS_HIGH_V_LOW_S100,MC_G0_D045_DENS_HIGH_V_LOW,100,7.28100776672,30.1943944088,95.1172288476,0,0,29.1240310669,
MC_G0_D045_DENS_HIGH_V_LOW_S100,MC_G0_D045_DENS_HIGH_V_LOW,100,7.29001808167,31.0345231263,95.2555499059,0,0,29.1600723267,
MC_G0_D045_DENS_HIGH_V_LOW_S100,MC_G0_D045_DENS_HIGH_V_LOW,100,7.29902887344,31.1459807083,96.0224206526,0,0,29.1961154938,
MC_G0_D045_DENS_HIGH_V_LOW_S100,MC_G0_D045_DENS_HIGH_V_LOW,100,7.30800485611,31.5214070791,95.7340684142,0,0,29.2320194244,
MC_G0_D045_DENS_HIGH_V_LOW_S100,MC_G0_D045_DENS_HIGH_V_LOW,100,7.31701564789,30.6133519898,96.1275518874,0,0,29.2680625916,
MC_G0_D045_DENS_HIGH_V_LOW_S100,MC_G0_D045_DENS_HIGH_V_LOW,100,7.32602596283,31.1613190203,95.8560839559,0,0,29.3041038513,
MC_G0_D045_DENS_HIGH_V_LOW_S100,MC_G0_D045_DENS_HIGH_V_LOW,100,7.33500242233,32.6657139273,97.3925377302,0,0,29.3400096893,
MC_G0_D045_DENS_HIGH_V_LOW_S100,MC_G0_D045_DENS_HIGH_V_LOW,100,7.34401273727,30.7708613494,98.52449608,0,0,29.3760509491,
MC_G0_D045_DENS_HIGH_V_LOW_S100,MC_G0_D045_DENS_HIGH_V_LOW,100,7.35302305222,30.9456831072,101.124130175,0,0,29.4120922089,
MC_G0_D045_DENS_HIGH_V_LOW_S100,MC_G0_D045_DENS_HIGH_V_LOW,100,7.36203384399,31.0250118991,100.608913531,0,0,29.448135376,
MC_G0_D045_DENS_HIGH_V_LOW_S100,MC_G0_D045_DENS_HIGH_V_LOW,100,7.3710103035,28.8100963974,98.4421672006,0,0,29.484041214,
MC_G0_D045_DENS_HIGH_V_LOW_S100,MC_G0_D045_DENS_HIGH_V_LOW,100,7.38002061844,30.8440192032,97.6910908223,0,0,29.5200824738,
MC_G0_D045_DENS_HIGH_V_LOW_S100,MC_G0_D045_DENS_HIGH_V_LOW,100,7.38903093338,29.8707854981,98.2346046741,0,0,29.5561237335,
MC_G0_D045_DENS_HIGH_V_LOW_S100,MC_G0_D045_DENS_HIGH_V_LOW,100,7.39800739288,31.8089605181,101.496680977,0,0,29.5920295715,
MC_G0_D045_DENS_HIGH_V_LOW_S100,MC_G0_D045_DENS_HIGH_V_LOW,100,7.40701770782,31.2602443787,98.247695564,0,0,29.6280708313,
MC_G0_D045_DENS_HIGH_V_LOW_S100,MC_G0_D045_DENS_HIGH_V_LOW,100,7.4160284996,31.6143733374,99.6936696436,0,0,29.6641139984,
MC_G0_D045_DENS_HIGH_V_LOW_S100,MC_G0_D045_DENS_HIGH_V_LOW,100,7.42500495911,31.1251990762,98.8932304834,0,0,29.7000198364,
MC_G0_D045_DENS_HIGH_V_LOW_S100,MC_G0_D045_DENS_HIGH_V_LOW,100,7.43401527405,30.5568955807,102.715602573,0,0,29.7360610962,
MC_G0_D045_DENS_HIGH_V_LOW_S100,MC_G0_D045_DENS_HIGH_V_LOW,100,7.44302558899,32.5684648536,101.056842074,0,0,29.772102356,
MC_G0_D045_DENS_HIGH_V_LOW_S100,MC_G0_D045_DENS_HIGH_V_LOW,100,7.45200204849,31.1850264754,104.021961443,0,0,29.808008194,
MC_G0_D045_DENS_HIGH_V_LOW_S100,MC_G0_D045_DENS_HIGH_V_LOW,100,7.46101236343,31.5552551356,99.9522015118,0,0,29.8440494537,
MC_G0_D045_DENS_HIGH_V_LOW_S100,MC_G0_D045_DENS_HIGH_V_LOW,100,7.47002315521,31.399274695,101.927999734,0,0,29.8800926208,
MC_G0_D045_DENS_HIGH_V_LOW_S100,MC_G0_D045_DENS_HIGH_V_LOW,100,7.47903347015,30.1030123316,100.615617888,0,0,29.9161338806,
MC_G0_D045_DENS_HIGH_V_LOW_S100,MC_G0_D045_DENS_HIGH_V_LOW,100,7.48800992966,29.6410608111,99.4832734988,0,0,29.9520397186,
MC_G0_D045_DENS_HIGH_V_LOW_S100,MC_G0_D045_DENS_HIGH_V_LOW,100,7.4970202446,31.4461032125,102.252153609,0,0,29.9880809784,
MC_G0_D045_DENS_HIGH_V_LOW_S100,MC_G0_D045_DENS_HIGH_V_LOW,100,7.50603055954,29.286428353,100.084512347,0,0,30.0241222382,
MC_G0_D045_DENS_HIGH_V_LOW_S100,MC_G0_D045_DENS_HIGH_V_LOW,100,7.51500701904,31.8143762072,105.01910767,0,0,30.0600280762,
MC_G0_D045_DENS_HIGH_V_LOW_S100,MC_G0_D045_DENS_HIGH_V_LOW,100,7.52401781082,31.0435216436,105.233743242,0,0,30.0960712433,
MC_G0_D045_DENS_HIGH_V_LOW_S100,MC_G0_D045_DENS_HIGH_V_LOW,100,7.53302812576,30.8056058805,102.822302345,0,0,30.1321125031,
MC_G0_D045_DENS_HIGH_V_LOW_S100,MC_G0_D045_DENS_HIGH_V_LOW,100,7.54200458527,31.5869019171,99.2857355677,0,0,30.1680183411,
MC_G0_D045_DENS_HIGH_V_LOW_S100,MC_G0_D045_DENS_HIGH_V_LOW,100,7.55101490021,31.6623777103,100.05114288,0,0,30.2040596008,
MC_G0_D045_DENS_HIGH_V_LOW_S100,MC_G0_D045_DENS_HIGH_V_LOW,100,7.56002521515,32.5183912209,100.69250388,0,0,30.2401008606,
MC_G0_D045_DENS_HIGH_V_LOW_S100,MC_G0_D045_DENS_HIGH_V_LOW,100,7.56900167465,32.0018069417,99.7415364924,0,0,30.2760066986,
MC_G0_D045_DENS_HIGH_V_LOW_S100,MC_G0_D045_DENS_HIGH_V_LOW,100,7.57801246643,31.1284104201,102.561102792,0,0,30.3120498657,
MC_G0_D045_DENS_HIGH_V_LOW_S100,MC_G0_D045_DENS_HIGH_V_LOW,100,7.58702278137,30.4218226471,103.210334311,0,0,30.3480911255,
MC_G0_D045_DENS_HIGH_V_LOW_S100,MC_G0_D045_DENS_HIGH_V_LOW,100,7.59603309631,29.4909811383,102.7837389,0,0,30.3841323853,
MC_G0_D045_DENS_HIGH_V_LOW_S100,MC_G0_D045_DENS_HIGH_V_LOW,100,7.60500955582,29.635046449,104.02994908,0,0,30.4200382233,
MC_G0_D045_DENS_HIGH_V_LOW_S100,MC_G0_D045_DENS_HIGH_V_LOW,100,7.61401987076,30.2951925394,105.375498019,0,0,30.456079483,
MC_G0_D045_DENS_HIGH_V_LOW_S100,MC_G0_D045_DENS_HIGH_V_LOW,100,7.62303066254,31.9302363392,106.010004242,0,0,30.4921226501,
MC_G0_D045_DENS_HIGH_V_LOW_S100,MC_G0_D045_DENS_HIGH_V_LOW,100,7.63200712204,30.2767902491,104.531961522,0,0,30.5280284882,
MC_G0_D045_DENS_HIGH_V_LOW_S100,MC_G0_D045_DENS_HIGH_V_LOW,100,7.64101743698,31.8429498001,103.807647701,0,0,30.5640697479,
MC_G0_D045_DENS_HIGH_V_LOW_S100,MC_G0_D045_DENS_HIGH_V_LOW,100,7.65002775192,31.5438803465,103.261289089,0,0,30.6001110077,
MC_G0_D045_DENS_HIGH_V_LOW_S100,MC_G0_D045_DENS_HIGH_V_LOW,100,7.65900421143,31.7988444777,106.314823929,0,0,30.6360168457,
MC_G0_D045_DENS_HIGH_V_LOW_S100,MC_G0_D045_DENS_HIGH_V_LOW,100,7.66801452637,31.6601795055,103.571643247,0,0,30.6720581055,
MC_G0_D045_DENS_HIGH_V_LOW_S100,MC_G0_D045_DENS_HIGH_V_LOW,100,7.67702531815,32.9861667562,105.082523603,0,0,30.7081012726,
MC_G0_D045_DENS_HIGH_V_LOW_S100,MC_G0_D045_DENS_HIGH_V_LOW,100,7.68600130081,32.1255235069,105.053779714,0,0,30.7440052032,
MC_G0_D045_DENS_HIGH_V_LOW_S100,MC_G0_D045_DENS_HIGH_V_LOW,100,7.69501209259,32.7666931949,107.13527484,0,0,30.7800483704,
MC_G0_D045_DENS_HIGH_V_LOW_S100,MC_G0_D045_DENS_HIGH_V_LOW,100,7.70402240753,32.0715354731,108.750259152,0,0,30.8160896301,
MC_G0_D045_DENS_HIGH_V_LOW_S100,MC_G0_D045_DENS_HIGH_V_LOW,100,7.71303272247,31.5884431166,107.888783732,0,0,30.8521308899,
MC_G0_D045_DENS_HIGH_V_LOW_S100,MC_G0_D045_DENS_HIGH_V_LOW,100,7.72200918198,30.6880909546,112.122291757,0,0,30.8880367279,
MC_G0_D045_DENS_HIGH_V_LOW_S100,MC_G0_D045_DENS_HIGH_V_LOW,100,7.73101997375,30.8472059862,102.33170629,0,0,30.924079895,
MC_G0_D045_DENS_HIGH_V_LOW_S100,MC_G0_D045_DENS_HIGH_V_LOW,100,7.7400302887,30.2829059252,107.531840723,0,0,30.9601211548,
MC_G0_D045_DENS_HIGH_V_LOW_S100,MC_G0_D045_DENS_HIGH_V_LOW,100,7.7490067482,32.2586131439,110.641817445,0,0,30.9960269928,
MC_G0_D045_DENS_HIGH_V_LOW_S100,MC_G0_D045_DENS_HIGH_V_LOW,100,7.75801706314,31.5364537299,105.233122091,0,0,31.0320682526,
MC_G0_D045_DENS_HIGH_V_LOW_S100,MC_G0_D045_DENS_HIGH_V_LOW,100,7.76702737808,31.7671301536,106.57076818,0,0,31.0681095123,
MC_G0_D045_DENS_HIGH_V_LOW_S100,MC_G0_D045_DENS_HIGH_V_LOW,100,7.77600383759,31.650763452,109.423064642,0,0,31.1040153503,
MC_G0_D045_DENS_HIGH_V_LOW_S100,MC_G0_D045_DENS_HIGH_V_LOW,100,7.78501415253,33.3130269224,109.55344137,0,0,31.1400566101,
MC_G0_D045_DENS_HIGH_V_LOW_S100,MC_G0_D045_DENS_HIGH_V_LOW,100,7.79402494431,32.1139860016,109.198964103,0,0,31.1760997772,
MC_G0_D045_DENS_HIGH_V_LOW_S100,MC_G0_D045_DENS_HIGH_V_LOW,100,7.80300140381,32.3119226816,101.856031935,0,0,31.2120056152,
MC_G0_D045_DENS_HIGH_V_LOW_S100,MC_G0_D045_DENS_HIGH_V_LOW,100,7.81201171875,31.2048686513,107.371099016,0,0,31.248046875,
MC_G0_D045_DENS_HIGH_V_LOW_S100,MC_G0_D045_DENS_HIGH_V_LOW,100,7.82102203369,32.4511065038,107.889619789,0,0,31.2840881348,
MC_G0_D045_DENS_HIGH_V_LOW_S100,MC_G0_D045_DENS_HIGH_V_LOW,100,7.83003234863,31.9314306153,109.426577422,0,0,31.3201293945,
MC_G0_D045_DENS_HIGH_V_LOW_S100,MC_G0_D045_DENS_HIGH_V_LOW,100,7.83900880814,31.4138301268,108.484749191,0,0,31.3560352325,
MC_G0_D045_DENS_HIGH_V_LOW_S100,MC_G0_D045_DENS_HIGH_V_LOW,100,7.84801959991,31.5830673391,115.628720416,0,0,31.3920783997,
MC_G0_D045_DENS_HIGH_V_LOW_S100,MC_G0_D045_DENS_HIGH_V_LOW,100,7.85702991486,30.1527175502,109.534973229,0,0,31.4281196594,
MC_G0_D045_DENS_HIGH_V_LOW_S100,MC_G0_D045_DENS_HIGH_V_LOW,100,7.86600637436,32.2673230701,110.495492928,0,0,31.4640254974,
MC_G0_D045_DENS_HIGH_V_LOW_S100,MC_G0_D045_DENS_HIGH_V_LOW,100,7.8750166893,33.3712025978,110.262140287,0,0,31.5000667572,
MC_G0_D045_DENS_HIGH_V_LOW_S100,MC_G0_D045_DENS_HIGH_V_LOW,100,7.88402700424,31.8697918461,110.843186586,0,0,31.536108017,
MC_G0_D045_DENS_HIGH_V_LOW_S100,MC_G0_D045_DENS_HIGH_V_LOW,100,7.89300346375,32.0264323622,112.013001184,0,0,31.572013855,
MC_G0_D045_DENS_HIGH_V_LOW_S100,MC_G0_D045_DENS_HIGH_V_LOW,100,7.90201425552,32.4063840876,110.897417122,0,0,31.6080570221,
MC_G0_D045_DENS_HIGH_V_LOW_S100,MC_G0_D045_DENS_HIGH_V_LOW,100,7.91102457047,32.605472062,107.665560506,0,0,31.6440982819,
MC_G0_D045_DENS_HIGH_V_LOW_S100,MC_G0_D045_DENS_HIGH_V_LOW,100,7.92000102997,32.2474563333,113.627829255,0,0,31.6800041199,
MC_G0_D045_DENS_HIGH_V_LOW_S100,MC_G0_D045_DENS_HIGH_V_LOW,100,7.92901134491,32.4546187194,108.94145057,0,0,31.7160453796,
MC_G0_D045_DENS_HIGH_V_LOW_S100,MC_G0_D045_DENS_HIGH_V_LOW,100,7.93802165985,31.9676641538,114.843841313,0,0,31.7520866394,
MC_G0_D045_DENS_HIGH_V_LOW_S100,MC_G0_D045_DENS_HIGH_V_LOW,100,7.94703245163,32.6396670419,113.332490113,0,0,31.7881298065,
MC_G0_D045_DENS_HIGH_V_LOW_S100,MC_G0_D045_DENS_HIGH_V_LOW,100,7.9560084343,31.2919433522,113.955540967,0,0,31.8240337372,
MC_G0_D045_DENS_HIGH_V_LOW_S100,MC_G0_D045_DENS_HIGH_V_LOW,100,7.96501922607,31.5583805162,117.181608868,0,0,31.8600769043,
MC_G0_D045_DENS_HIGH_V_LOW_S100,MC_G0_D045_DENS_HIGH_V_LOW,100,7.97402954102,30.5810512731,115.290080949,0,0,31.8961181641,
MC_G0_D045_DENS_HIGH_V_LOW_S100,MC_G0_D045_DENS_HIGH_V_LOW,100,7.98300600052,30.9132288845,113.131672533,0,0,31.9320240021,
MC_G0_D045_DENS_HIGH_V_LOW_S100,MC_G0_D045_DENS_HIGH_V_LOW,100,7.99201631546,31.3037571682,110.201039013,0,0,31.9680652618,
MC_G0_D045_DENS_HIGH_V_LOW_S100,MC_G0_D045_DENS_HIGH_V_LOW,100,8.00102710724,31.5221653984,112.283397645,0,0,32.004108429,
MC_G0_D045_DENS_HIGH_V_LOW_S100,MC_G0_D045_DENS_HIGH_V_LOW,100,8.0100030899,31.4582854427,111.462894522,0,0,32.0400123596,
MC_G0_D045_DENS_HIGH_V_LOW_S100,MC_G0_D045_DENS_HIGH_V_LOW,100,8.01901340485,32.8305608701,114.022526719,0,0,32.0760536194,
MC_G0_D045_DENS_HIGH_V_LOW_S100,MC_G0_D045_DENS_HIGH_V_LOW,100,8.02802371979,33.2398322272,114.357639677,0,0,32.1120948792,
MC_G0_D045_DENS_HIGH_V_LOW_S100,MC_G0_D045_DENS_HIGH_V_LOW,100,8.03700065613,31.8651805281,113.754134006,0,0,32.1480026245,
MC_G0_D045_DENS_HIGH_V_LOW_S100,MC_G0_D045_DENS_HIGH_V_LOW,100,8.04601097107,33.6076078627,114.154057608,0,0,32.1840438843,
MC_G0_D045_DENS_HIGH_V_LOW_S100,MC_G0_D045_DENS_HIGH_V_LOW,100,8.05502128601,31.7646402875,116.45545082,0,0,32.220085144,
MC_G0_D045_DENS_HIGH_V_LOW_S100,MC_G0_D045_DENS_HIGH_V_LOW,100,8.06403160095,33.0052076311,115.692387999,0,0,32.2561264038,
MC_G0_D045_DENS_HIGH_V_LOW_S100,MC_G0_D045_DENS_HIGH_V_LOW,100,8.07300853729,31.2422872556,113.987719189,0,0,32.2920341492,
MC_G0_D045_DENS_HIGH_V_LOW_S100,MC_G0_D045_DENS_HIGH_V_LOW,100,8.08201885223,30.0327833709,117.690019463,0,0,32.3280754089,
MC_G0_D045_DENS_HIGH_V_LOW_S100,MC_G0_D045_DENS_HIGH_V_LOW,100,8.09102916718,30.3828352123,116.961776605,0,0,32.3641166687,
MC_G0_D045_DENS_HIGH_V_LOW_S100,MC_G0_D045_DENS_HIGH_V_LOW,100,8.10000610352,31.0549793258,115.552745246,0,0,32.4000244141,
MC_G0_D045_DENS_HIGH_V_LOW_S100,MC_G0_D045_DENS_HIGH_V_LOW,100,8.10901641846,31.4796135559,116.167119897,0,0,32.4360656738,
MC_G0_D045_DENS_HIGH_V_LOW_S100,MC_G0_D045_DENS_HIGH_V_LOW,100,8.1180267334,31.5141462488,114.658794762,0,0,32.4721069336,
MC_G0_D045_DENS_HIGH_V_LOW_S100,MC_G0_D045_DENS_HIGH_V_LOW,100,8.12700271606,32.2194200111,116.265144782,0,0,32.5080108643,
MC_G0_D045_DENS_HIGH_V_LOW_S100,MC_G0_D045_DENS_HIGH_V_LOW,100,8.13601303101,32.0163040412,115.658474041,0,0,32.544052124,
MC_G0_D045_DENS_HIGH_V_LOW_S100,MC_G0_D045_DENS_HIGH_V_LOW,100,8.14502429962,32.3839599421,117.204562077,0,0,32.5800971985,
MC_G0_D045_DENS_HIGH_V_LOW_S100,MC_G0_D045_DENS_HIGH_V_LOW,100,8.15400028229,32.3345555952,116.823839753,0,0,32.6160011292,
MC_G0_D045_DENS_HIGH_V_LOW_S100,MC_G0_D045_DENS_HIGH_V_LOW,100,8.16301059723,33.1924817895,120.126269578,0,0,32.6520423889,
MC_G0_D045_DENS_HIGH_V_LOW_S100,MC_G0_D045_DENS_HIGH_V_LOW,100,8.17202091217,32.1596110326,112.983209877,0,0,32.6880836487,
MC_G0_D045_DENS_HIGH_V_LOW_S100,MC_G0_D045_DENS_HIGH_V_LOW,100,8.18103122711,32.2014751685,118.064825611,0,0,32.7241249084,
MC_G0_D045_DENS_HIGH_V_LOW_S100,MC_G0_D045_DENS_HIGH_V_LOW,100,8.19000816345,31.2625776687,119.302872639,0,0,32.7600326538,
MC_G0_D045_DENS_HIGH_V_LOW_S100,MC_G0_D045_DENS_HIGH_V_LOW,100,8.19901847839,31.0388796244,115.937868894,0,0,32.7960739136,
MC_G0_D045_DENS_HIGH_V_LOW_S100,MC_G0_D045_DENS_HIGH_V_LOW,100,8.20802879333,30.5984772657,117.079374668,0,0,32.8321151733,
MC_G0_D045_DENS_HIGH_V_LOW_S100,MC_G0_D045_DENS_HIGH_V_LOW,100,8.21700572968,31.3570267943,118.19358469,0,0,32.8680229187,
MC_G0_D045_DENS_HIGH_V_LOW_S100,MC_G0_D045_DENS_HIGH_V_LOW,100,8.22601604462,31.7016230351,117.298514882,0,0,32.9040641785,
MC_G0_D045_DENS_HIGH_V_LOW_S100,MC_G0_D045_DENS_HIGH_V_LOW,100,8.23502635956,32.2637402418,118.679559485,0,0,32.9401054382,
MC_G0_D045_DENS_HIGH_V_LOW_S100,MC_G0_D045_DENS_HIGH_V_LOW,100,8.24400234222,32.3058591975,119.587313626,0,0,32.9760093689,
MC_G0_D045_DENS_HIGH_V_LOW_S100,MC_G0_D045_DENS_HIGH_V_LOW,100,8.25301265717,32.8296920265,119.176692898,0,0,33.0120506287,
MC_G0_D045_DENS_HIGH_V_LOW_S100,MC_G0_D045_DENS_HIGH_V_LOW,100,8.26202392578,33.7058639352,119.519515535,0,0,33.0480957031,
MC_G0_D045_DENS_HIGH_V_LOW_S100,MC_G0_D045_DENS_HIGH_V_LOW,100,8.27103424072,33.259827909,119.190896278,0,0,33.0841369629,
MC_G0_D045_DENS_HIGH_V_LOW_S100,MC_G0_D045_DENS_HIGH_V_LOW,100,8.28001022339,32.3581433156,120.611500357,0,0,33.1200408936,
MC_G0_D045_DENS_HIGH_V_LOW_S100,MC_G0_D045_DENS_HIGH_V_LOW,100,8.28902053833,32.9174974156,115.742941109,0,0,33.1560821533,
MC_G0_D045_DENS_HIGH_V_LOW_S100,MC_G0_D045_DENS_HIGH_V_LOW,100,8.29803085327,32.8508512832,123.808634254,0,0,33.1921234131,
MC_G0_D045_DENS_HIGH_V_LOW_S100,MC_G0_D045_DENS_HIGH_V_LOW,100,8.30700778961,31.7776698704,117.694788722,0,0,33.2280311584,
MC_G0_D045_DENS_HIGH_V_LOW_S100,MC_G0_D045_DENS_HIGH_V_LOW,100,8.31601810455,31.8685238872,117.053962616,0,0,33.2640724182,
MC_G0_D045_DENS_HIGH_V_LOW_S100,MC_G0_D045_DENS_HIGH_V_LOW,100,8.32502841949,30.9977707377,119.895445327,0,0,33.300113678,
MC_G0_D045_DENS_HIGH_V_LOW_S100,MC_G0_D045_DENS_HIGH_V_LOW,100,8.33400535583,31.5033639927,122.209204394,0,0,33.3360214233,
MC_G0_D045_DENS_HIGH_V_LOW_S100,MC_G0_D045_DENS_HIGH_V_LOW,100,8.34301567078,31.9130006939,120.774006113,0,0,33.3720626831,
MC_G0_D045_DENS_HIGH_V_LOW_S100,MC_G0_D045_DENS_HIGH_V_LOW,100,8.35202598572,32.1766010684,123.158687981,0,0,33.4081039429,
MC_G0_D045_DENS_HIGH_V_LOW_S100,MC_G0_D045_DENS_HIGH_V_LOW,100,8.36100196838,32.2620762376,120.292384427,0,0,33.4440078735,
MC_G0_D045_DENS_HIGH_V_LOW_S100,MC_G0_D045_DENS_HIGH_V_LOW,100,8.370013237,32.5515331501,121.744469422,0,0,33.480052948,
MC_G0_D045_DENS_HIGH_V_LOW_S100,MC_G0_D045_DENS_HIGH_V_LOW,100,8.37902355194,32.9080291702,119.934493413,0,0,33.5160942078,
MC_G0_D045_DENS_HIGH_V_LOW_S100,MC_G0_D045_DENS_HIGH_V_LOW,100,8.38803386688,33.4895096143,121.678967561,0,0,33.5521354675,
MC_G0_D045_DENS_HIGH_V_LOW_S100,MC_G0_D045_DENS_HIGH_V_LOW,100,8.39700984955,33.7303634808,122.371740229,0,0,33.5880393982,
MC_G0_D045_DENS_HIGH_V_LOW_S100,MC_G0_D045_DENS_HIGH_V_LOW,100,8.40602016449,32.1392070251,120.632265812,0,0,33.624080658,
MC_G0_D045_DENS_HIGH_V_LOW_S100,MC_G0_D045_DENS_HIGH_V_LOW,100,8.41503143311,32.5363575543,121.826987858,0,0,33.6601257324,
MC_G0_D045_DENS_HIGH_V_LOW_S100,MC_G0_D045_DENS_HIGH_V_LOW,100,8.42400741577,33.1377139456,120.967656764,0,0,33.6960296631,
MC_G0_D045_DENS_HIGH_V_LOW_S100,MC_G0_D045_DENS_HIGH_V_LOW,100,8.43301773071,33.1131652781,122.354265635,0,0,33.7320709229,
MC_G0_D045_DENS_HIGH_V_LOW_S100,MC_G0_D045_DENS_HIGH_V_LOW,100,8.44202804565,31.4988110069,128.731484216,0,0,33.7681121826,
MC_G0_D045_DENS_HIGH_V_LOW_S100,MC_G0_D045_DENS_HIGH_V_LOW,100,8.45100498199,31.4105266793,125.592539583,0,0,33.804019928,
MC_G0_D045_DENS_HIGH_V_LOW_S100,MC_G0_D045_DENS_HIGH_V_LOW,100,8.46001529694,31.8905826886,124.550389569,0,0,33.8400611877,
MC_G0_D045_DENS_HIGH_V_LOW_S100,MC_G0_D045_DENS_HIGH_V_LOW,100,8.46902561188,31.6886456442,123.203578693,0,0,33.8761024475,
MC_G0_D045_DENS_HIGH_V_LOW_S100,MC_G0_D045_DENS_HIGH_V_LOW,100,8.47800159454,31.8764908447,123.232276492,0,0,33.9120063782,
MC_G0_D045_DENS_HIGH_V_LOW_S100,MC_G0_D045_DENS_HIGH_V_LOW,100,8.48701286316,32.7467251441,125.66265125,0,0,33.9480514526,
MC_G0_D045_DENS_HIGH_V_LOW_S100,MC_G0_D045_DENS_HIGH_V_LOW,100,8.4960231781,32.8485671151,124.232278598,0,0,33.9840927124,
MC_G0_D045_DENS_HIGH_V_LOW_S100,MC_G0_D045_DENS_HIGH_V_LOW,100,8.50503349304,33.4282392594,124.607700289,0,0,34.0201339722,
MC_G0_D045_DENS_HIGH_V_LOW_S100,MC_G0_D045_DENS_HIGH_V_LOW,100,8.51400947571,32.8523587114,122.80503946,0,0,34.0560379028,
MC_G0_D045_DENS_HIGH_V_LOW_S100,MC_G0_D045_DENS_HIGH_V_LOW,100,8.52301979065,32.7492641321,125.141129374,0,0,34.0920791626,
MC_G0_D045_DENS_HIGH_V_LOW_S100,MC_G0_D045_DENS_HIGH_V_LOW,100,8.53203105927,33.1149305962,124.84222651,0,0,34.1281242371,
MC_G0_D045_DENS_HIGH_V_LOW_S100,MC_G0_D045_DENS_HIGH_V_LOW,100,8.54100704193,33.4981919094,125.968805368,0,0,34.1640281677,
MC_G0_D045_DENS_HIGH_V_LOW_S100,MC_G0_D045_DENS_HIGH_V_LOW,100,8.55001735687,33.5327829346,125.854293813,0,0,34.2000694275,
MC_G0_D045_DENS_HIGH_V_LOW_S100,MC_G0_D045_DENS_HIGH_V_LOW,100,8.55902767181,30.9410779294,126.668228798,0,0,34.2361106873,
MC_G0_D045_DENS_HIGH_V_LOW_S100,MC_G0_D045_DENS_HIGH_V_LOW,100,8.56800460815,31.1936135969,128.036681586,0,0,34.2720184326,
MC_G0_D045_DENS_HIGH_V_LOW_S100,MC_G0_D045_DENS_HIGH_V_LOW,100,8.5770149231,31.673924426,128.192456174,0,0,34.3080596924,
MC_G0_D045_DENS_HIGH_V_LOW_S100,MC_G0_D045_DENS_HIGH_V_LOW,100,8.58602523804,32.1015704423,128.096325401,0,0,34.3441009521,
MC_G0_D045_DENS_HIGH_V_LOW_S100,MC_G0_D045_DENS_HIGH_V_LOW,100,8.59500217438,32.2242186063,125.772255028,0,0,34.3800086975,
MC_G0_D045_DENS_HIGH_V_LOW_S100,MC_G0_D045_DENS_HIGH_V_LOW,100,8.60401248932,32.5841777201,127.104437543,0,0,34.4160499573,
MC_G0_D045_DENS_HIGH_V_LOW_S100,MC_G0_D045_DENS_HIGH_V_LOW,100,8.61302280426,33.3192961043,127.407174412,0,0,34.452091217,
MC_G0_D045_DENS_HIGH_V_LOW_S100,MC_G0_D045_DENS_HIGH_V_LOW,100,8.6220331192,33.2720439105,126.477750741,0,0,34.4881324768,
MC_G0_D045_DENS_HIGH_V_LOW_S100,MC_G0_D045_DENS_HIGH_V_LOW,100,8.63100910187,34.0763811865,126.895002895,0,0,34.5240364075,
MC_G0_D045_DENS_HIGH_V_LOW_S100,MC_G0_D045_DENS_HIGH_V_LOW,100,8.64001941681,32.8132054902,127.23954608,0,0,34.5600776672,
MC_G0_D045_DENS_HIGH_V_LOW_S100,MC_G0_D045_DENS_HIGH_V_LOW,100,8.64903068542,32.9826453302,125.784391274,0,0,34.5961227417,
MC_G0_D045_DENS_HIGH_V_LOW_S100,MC_G0_D045_DENS_HIGH_V_LOW,100,8.65800666809,33.4158605416,127.866168334,0,0,34.6320266724,
MC_G0_D045_DENS_HIGH_V_LOW_S100,MC_G0_D045_DENS_HIGH_V_LOW,100,8.66701698303,31.5445373519,126.226664605,0,0,34.6680679321,
MC_G0_D045_DENS_HIGH_V_LOW_S100,MC_G0_D045_DENS_HIGH_V_LOW,100,8.67602729797,32.430177506,130.245486165,0,0,34.7041091919,
MC_G0_D045_DENS_HIGH_V_LOW_S100,MC_G0_D045_DENS_HIGH_V_LOW,100,8.68500423431,32.3072591716,133.68635595,0,0,34.7400169373,
MC_G0_D045_DENS_HIGH_V_LOW_S100,MC_G0_D045_DENS_HIGH_V_LOW,100,8.69401454926,31.3555869087,127.476714327,0,0,34.776058197,
MC_G0_D045_DENS_HIGH_V_LOW_S100,MC_G0_D045_DENS_HIGH_V_LOW,100,8.7030248642,32.2559360006,128.36013294,0,0,34.8120994568,
MC_G0_D045_DENS_HIGH_V_LOW_S100,MC_G0_D045_DENS_HIGH_V_LOW,100,8.71200180054,32.428028423,129.526326212,0,0,34.8480072021,
MC_G0_D045_DENS_HIGH_V_LOW_S100,MC_G0_D045_DENS_HIGH_V_LOW,100,8.72101211548,32.6395964292,130.097813527,0,0,34.8840484619,
MC_G0_D045_DENS_HIGH_V_LOW_S100,MC_G0_D045_DENS_HIGH_V_LOW,100,8.73002243042,32.7755412764,127.999241573,0,0,34.9200897217,
MC_G0_D045_DENS_HIGH_V_LOW_S100,MC_G0_D045_DENS_HIGH_V_LOW,100,8.73903274536,32.6306255429,130.490979261,0,0,34.9561309814,
MC_G0_D045_DENS_HIGH_V_LOW_S100,MC_G0_D045_DENS_HIGH_V_LOW,100,8.74800872803,33.7019495341,130.320408955,0,0,34.9920349121,
MC_G0_D045_DENS_HIGH_V_LOW_S100,MC_G0_D045_DENS_HIGH_V_LOW,100,8.75701999664,33.3393777495,130.098725437,0,0,35.0280799866,
MC_G0_D045_DENS_HIGH_V_LOW_S100,MC_G0_D045_DENS_HIGH_V_LOW,100,8.76603031158,33.6804034424,128.739785076,0,0,35.0641212463,
MC_G0_D045_DENS_HIGH_V_LOW_S100,MC_G0_D045_DENS_HIGH_V_LOW,100,8.77500629425,33.6304894558,127.414470936,0,0,35.100025177,
MC_G0_D045_DENS_HIGH_V_LOW_S100,MC_G0_D045_DENS_HIGH_V_LOW,100,8.78401660919,32.5630522347,130.519266947,0,0,35.1360664368,
MC_G0_D045_DENS_HIGH_V_LOW_S100,MC_G0_D045_DENS_HIGH_V_LOW,100,8.79302692413,33.2123700172,128.84183608,0,0,35.1721076965,
MC_G0_D045_DENS_HIGH_V_LOW_S100,MC_G0_D045_DENS_HIGH_V_LOW,100,8.80200386047,31.5472728275,133.434986446,0,0,35.2080154419,
MC_G0_D045_DENS_HIGH_V_LOW_S100,MC_G0_D045_DENS_HIGH_V_LOW,100,8.81101417542,31.4068118359,130.486284508,0,0,35.2440567017,
MC_G0_D045_DENS_HIGH_V_LOW_S100,MC_G0_D045_DENS_HIGH_V_LOW,100,8.82002449036,31.8778355566,131.477430364,0,0,35.2800979614,
MC_G0_D045_DENS_HIGH_V_LOW_S100,MC_G0_D045_DENS_HIGH_V_LOW,100,8.8290014267,32.4363423039,131.364473643,0,0,35.3160057068,
MC_G0_D045_DENS_HIGH_V_LOW_S100,MC_G0_D045_DENS_HIGH_V_LOW,100,8.83801174164,32.7249088821,132.296500374,0,0,35.3520469666,
MC_G0_D045_DENS_HIGH_V_LOW_S100,MC_G0_D045_DENS_HIGH_V_LOW,100,8.84702205658,32.3163528626,130.033541589,0,0,35.3880882263,
MC_G0_D045_DENS_HIGH_V_LOW_S100,MC_G0_D045_DENS_HIGH_V_LOW,100,8.85603237152,33.1665024468,130.678763368,0,0,35.4241294861,
MC_G0_D045_DENS_HIGH_V_LOW_S100,MC_G0_D045_DENS_HIGH_V_LOW,100,8.86500835419,32.823953975,131.643839742,0,0,35.4600334167,
MC_G0_D045_DENS_HIGH_V_LOW_S100,MC_G0_D045_DENS_HIGH_V_LOW,100,8.8740196228,33.6694246987,131.551474802,0,0,35.4960784912,
MC_G0_D045_DENS_HIGH_V_LOW_S100,MC_G0_D045_DENS_HIGH_V_LOW,100,8.88302993774,33.489528035,137.522269513,0,0,35.532119751,
MC_G0_D045_DENS_HIGH_V_LOW_S100,MC_G0_D045_DENS_HIGH_V_LOW,100,8.89200592041,32.2056566699,133.450531797,0,0,35.5680236816,
MC_G0_D045_DENS_HIGH_V_LOW_S100,MC_G0_D045_DENS_HIGH_V_LOW,100,8.90101623535,32.4541889028,130.790107865,0,0,35.6040649414,
MC_G0_D045_DENS_HIGH_V_LOW_S100,MC_G0_D045_DENS_HIGH_V_LOW,100,8.91002655029,33.6879283029,134.43321763,0,0,35.6401062012,
MC_G0_D045_DENS_HIGH_V_LOW_S100,MC_G0_D045_DENS_HIGH_V_LOW,100,8.91900348663,32.9218968955,138.565928025,0,0,35.6760139465,
MC_G0_D045_DENS_HIGH_V_LOW_S100,MC_G0_D045_DENS_HIGH_V_LOW,100,8.92801380157,31.5783362865,134.322592992,0,0,35.7120552063,
MC_G0_D045_DENS_HIGH_V_LOW_S100,MC_G0_D045_DENS_HIGH_V_LOW,100,8.93702411652,32.3415554653,134.268288701,0,0,35.7480964661,
MC_G0_D045_DENS_HIGH_V_LOW_S100,MC_G0_D045_DENS_HIGH_V_LOW,100,8.94600105286,32.4385927008,133.948922404,0,0,35.7840042114,
MC_G0_D045_DENS_HIGH_V_LOW_S100,MC_G0_D045_DENS_HIGH_V_LOW,100,8.9550113678,32.8628861478,134.738960422,0,0,35.8200454712,
MC_G0_D045_DENS_HIGH_V_LOW_S100,MC_G0_D045_DENS_HIGH_V_LOW,100,8.96402168274,33.0836737198,135.349216226,0,0,35.856086731,
MC_G0_D045_DENS_HIGH_V_LOW_S100,MC_G0_D045_DENS_HIGH_V_LOW,100,8.97303199768,33.0627355116,133.399367999,0,0,35.8921279907,
MC_G0_D045_DENS_HIGH_V_LOW_S100,MC_G0_D045_DENS_HIGH_V_LOW,100,8.98200798035,34.1825366739,133.656542314,0,0,35.9280319214,
MC_G0_D045_DENS_HIGH_V_LOW_S100,MC_G0_D045_DENS_HIGH_V_LOW,100,8.99101924896,32.6720260909,135.925076027,0,0,35.9640769958,
MC_G0_D045_DENS_HIGH_V_LOW_S100,MC_G0_D045_DENS_HIGH_V_LOW,100,9,33.5027019135,134.389007109,0,0,36,
