run_id,scenario_id,S,z_m,qb_MPa,qs_kPa,ALLKE,ALLIE,time_s,walltime_h
MC_G1_D060_DENS_LOW_V_LOW_S007,MC_G1_D060_DENS_LOW_V_LOW,7,0,0,0,0,0,0,
MC_G1_D060_DENS_LOW_V_LOW_S007,MC_G1_D060_DENS_LOW_V_LOW,7,0.00900922343135,0,0,0,0,0.0360368937254,
MC_G1_D060_DENS_LOW_V_LOW_S007,MC_G1_D060_DENS_LOW_V_LOW,7,0.0180091615766,0.0492858490386,0.000127172758647,0,0,0.0720366463065,
MC_G1_D060_DENS_LOW_V_LOW_S007,MC_G1_D060_DENS_LOW_V_LOW,7,0.0270038228482,0.232979864045,39.7559800312,0,0,0.108015291393,
MC_G1_D060_DENS_LOW_V_LOW_S007,MC_G1_D060_DENS_LOW_V_LOW,7,0.0360103771091,0.252588935773,11.9789799485,0,0,0.144041508436,
MC_G1_D060_DENS_LOW_V_LOW_S007,MC_G1_D060_DENS_LOW_V_LOW,7,0.0450050383806,0.311211022669,15.9962392558,0,0,0.180020153522,
MC_G1_D060_DENS_LOW_V_LOW_S007,MC_G1_D060_DENS_LOW_V_LOW,7,0.0540115907788,0.155349600168,4.81617297688e-05,0,0,0.216046363115,
MC_G1_D060_DENS_LOW_V_LOW_S007,MC_G1_D060_DENS_LOW_V_LOW,7,0.0630062520504,0.0803755344591,2.36954395047e-05,0,0,0.252025008202,
MC_G1_D060_DENS_LOW_V_LOW_S007,MC_G1_D060_DENS_LOW_V_LOW,7,0.072000913322,0.0808187850663,2.06078062683e-06,0,0,0.288003653288,
MC_G1_D060_DENS_LOW_V_LOW_S007,MC_G1_D060_DENS_LOW_V_LOW,7,0.0810074657202,0.106207255933,2.68523051936e-06,0,0,0.324029862881,
MC_G1_D060_DENS_LOW_V_LOW_S007,MC_G1_D060_DENS_LOW_V_LOW,7,0.0900021195412,0.148449146059,0.635923506492,0,0,0.360008478165,
MC_G1_D060_DENS_LOW_V_LOW_S007,MC_G1_D060_DENS_LOW_V_LOW,7,0.0990086719394,0.280863422967,7.88901621179,0,0,0.396034687757,
MC_G1_D060_DENS_LOW_V_LOW_S007,MC_G1_D060_DENS_LOW_V_LOW,7,0.10800332576,0.244935265268,3.79172154726,0,0,0.432013303041,
MC_G1_D060_DENS_LOW_V_LOW_S007,MC_G1_D060_DENS_LOW_V_LOW,7,0.117009870708,0.163248307504,0.163622124658,0,0,0.468039482832,
MC_G1_D060_DENS_LOW_V_LOW_S007,MC_G1_D060_DENS_LOW_V_LOW,7,0.12600453198,0.153066731706,1.57542604416e-05,0,0,0.504018127918,
MC_G1_D060_DENS_LOW_V_LOW_S007,MC_G1_D060_DENS_LOW_V_LOW,7,0.135011076927,0.140047952667,1.33330763364e-05,0,0,0.540044307709,
MC_G1_D060_DENS_LOW_V_LOW_S007,MC_G1_D060_DENS_LOW_V_LOW,7,0.144005730748,0.178842104963,1.85068913851e-05,0,0,0.576022922993,
MC_G1_D060_DENS_LOW_V_LOW_S007,MC_G1_D060_DENS_LOW_V_LOW,7,0.153000384569,0.266397048575,4.23680603883,0,0,0.612001538277,
MC_G1_D060_DENS_LOW_V_LOW_S007,MC_G1_D060_DENS_LOW_V_LOW,7,0.162006944418,0.265635737139,3.64679772771,0,0,0.648027777672,
MC_G1_D060_DENS_LOW_V_LOW_S007,MC_G1_D060_DENS_LOW_V_LOW,7,0.171001598239,0.243503063981,4.90395158375,0,0,0.684006392956,
MC_G1_D060_DENS_LOW_V_LOW_S007,MC_G1_D060_DENS_LOW_V_LOW,7,0.180008158088,0.260363087443,2.67584020661,0,0,0.720032632351,
MC_G1_D060_DENS_LOW_V_LOW_S007,MC_G1_D060_DENS_LOW_V_LOW,7,0.189002811909,0.211435889108,0.125246368708,0,0,0.756011247635,
MC_G1_D060_DENS_LOW_V_LOW_S007,MC_G1_D060_DENS_LOW_V_LOW,7,0.198009356856,0.16863571787,0.145839707864,0,0,0.792037427425,
MC_G1_D060_DENS_LOW_V_LOW_S007,MC_G1_D060_DENS_LOW_V_LOW,7,0.207004025578,0.165602911503,0.91583918785,0,0,0.828016102314,
MC_G1_D060_DENS_LOW_V_LOW_S007,MC_G1_D060_DENS_LOW_V_LOW,7,0.216010570526,0.278970101275,3.28418791711,0,0,0.864042282104,
MC_G1_D060_DENS_LOW_V_LOW_S007,MC_G1_D060_DENS_LOW_V_LOW,7,0.225005239248,0.288739383244,3.20050433635,0,0,0.900020956993,
MC_G1_D060_DENS_LOW_V_LOW_S007,MC_G1_D060_DENS_LOW_V_LOW,7,0.234011784196,0.276912585208,3.12431420944,0,0,0.936047136784,
MC_G1_D060_DENS_LOW_V_LOW_S007,MC_G1_D060_DENS_LOW_V_LOW,7,0.243006438017,0.261031144029,2.29562109077,0,0,0.972025752068,
MC_G1_D060_DENS_LOW_V_LOW_S007,MC_G1_D060_DENS_LOW_V_LOW,7,0.252001106739,0.227970087249,1.92582029687,0,0,1.00800442696,
MC_G1_D060_DENS_LOW_V_LOW_S007,MC_G1_D060_DENS_LOW_V_LOW,7,0.261007666588,0.270268285117,2.48466541549,0,0,1.04403066635,
MC_G1_D060_DENS_LOW_V_LOW_S007,MC_G1_D060_DENS_LOW_V_LOW,7,0.270002305508,0.247789009372,1.49262871143,0,0,1.08000922203,
MC_G1_D060_DENS_LOW_V_LOW_S007,MC_G1_D060_DENS_LOW_V_LOW,7,0.279008865356,0.28368303299,1.70480282224,0,0,1.11603546143,
MC_G1_D060_DENS_LOW_V_LOW_S007,MC_G1_D060_DENS_LOW_V_LOW,7,0.288003534079,0.343828633212,2.99223151933,0,0,1.15201413631,
MC_G1_D060_DENS_LOW_V_LOW_S007,MC_G1_D060_DENS_LOW_V_LOW,7,0.297010093927,0.307578212009,2.60178479227,0,0,1.18804037571,
MC_G1_D060_DENS_LOW_V_LOW_S007,MC_G1_D060_DENS_LOW_V_LOW,7,0.306004732847,0.287937272811,1.75851255679,0,0,1.22401893139,
MC_G1_D060_DENS_LOW_V_LOW_S007,MC_G1_D060_DENS_LOW_V_LOW,7,0.315011292696,0.291839891121,1.85384644586,0,0,1.26004517078,
MC_G1_D060_DENS_LOW_V_LOW_S007,MC_G1_D060_DENS_LOW_V_LOW,7,0.324005961418,0.309368348938,2.22051899344,0,0,1.29602384567,
MC_G1_D060_DENS_LOW_V_LOW_S007,MC_G1_D060_DENS_LOW_V_LOW,7,0.33300063014,0.344997152094,2.0296536081,0,0,1.33200252056,
MC_G1_D060_DENS_LOW_V_LOW_S007,MC_G1_D060_DENS_LOW_V_LOW,7,0.342007160187,0.293389821258,2.07916620591,0,0,1.36802864075,
MC_G1_D060_DENS_LOW_V_LOW_S007,MC_G1_D060_DENS_LOW_V_LOW,7,0.351001828909,0.352905006825,2.81392219604,0,0,1.40400731564,
MC_G1_D060_DENS_LOW_V_LOW_S007,MC_G1_D060_DENS_LOW_V_LOW,7,0.360008388758,0.354364137607,1.91954286972,0,0,1.44003355503,
MC_G1_D060_DENS_LOW_V_LOW_S007,MC_G1_D060_DENS_LOW_V_LOW,7,0.36900305748,0.286370397059,1.65296835094,0,0,1.47601222992,
MC_G1_D060_DENS_LOW_V_LOW_S007,MC_G1_D060_DENS_LOW_V_LOW,7,0.378009617329,0.333909862856,2.43521217595,0,0,1.51203846931,
MC_G1_D060_DENS_LOW_V_LOW_S007,MC_G1_D060_DENS_LOW_V_LOW,7,0.387004256248,0.34850824035,2.09824025547,0,0,1.54801702499,
MC_G1_D060_DENS_LOW_V_LOW_S007,MC_G1_D060_DENS_LOW_V_LOW,7,0.396010816097,0.356799503112,2.24456710246,0,0,1.58404326439,
MC_G1_D060_DENS_LOW_V_LOW_S007,MC_G1_D060_DENS_LOW_V_LOW,7,0.405005484819,0.325070026283,1.48134475148,0,0,1.62002193928,
MC_G1_D060_DENS_LOW_V_LOW_S007,MC_G1_D060_DENS_LOW_V_LOW,7,0.414000123739,0.369366403582,1.55909653277,0,0,1.65600049496,
MC_G1_D060_DENS_LOW_V_LOW_S007,MC_G1_D060_DENS_LOW_V_LOW,7,0.423006683588,0.347165678129,1.72832930576,0,0,1.69202673435,
MC_G1_D060_DENS_LOW_V_LOW_S007,MC_G1_D060_DENS_LOW_V_LOW,7,0.43200135231,0.487179469731,3.08370247032,0,0,1.72800540924,
MC_G1_D060_DENS_LOW_V_LOW_S007,MC_G1_D060_DENS_LOW_V_LOW,7,0.441007912159,0.387136768148,2.22549463879,0,0,1.76403164864,
MC_G1_D060_DENS_LOW_V_LOW_S007,MC_G1_D060_DENS_LOW_V_LOW,7,0.450002580881,0.425075247836,1.9384158229,0,0,1.80001032352,
MC_G1_D060_DENS_LOW_V_LOW_S007,MC_G1_D060_DENS_LOW_V_LOW,7,0.459009110928,0.442481146762,3.41455145575,0,0,1.83603644371,
MC_G1_D060_DENS_LOW_V_LOW_S007,MC_G1_D060_DENS_LOW_V_LOW,7,0.46800377965,0.390476484428,3.30891831119,0,0,1.8720151186,
MC_G1_D060_DENS_LOW_V_LOW_S007,MC_G1_D060_DENS_LOW_V_LOW,7,0.477010339499,0.468314790808,3.48838848164,0,0,1.90804135799,
MC_G1_D060_DENS_LOW_V_LOW_S007,MC_G1_D060_DENS_LOW_V_LOW,7,0.486005008221,0.470886530736,2.74642423249,0,0,1.94402003288,
MC_G1_D060_DENS_LOW_V_LOW_S007,MC_G1_D060_DENS_LOW_V_LOW,7,0.495011568069,0.47187617624,2.88311747367,0,0,1.98004627228,
MC_G1_D060_DENS_LOW_V_LOW_S007,MC_G1_D060_DENS_LOW_V_LOW,7,0.504006206989,0.404275962521,2.21438475584,0,0,2.01602482796,
MC_G1_D060_DENS_LOW_V_LOW_S007,MC_G1_D060_DENS_LOW_V_LOW,7,0.513000845909,0.432716451982,1.60986691674,0,0,2.05200338364,
MC_G1_D060_DENS_LOW_V_LOW_S007,MC_G1_D060_DENS_LOW_V_LOW,7,0.522007405758,0.43566917143,2.42813826678,0,0,2.08802962303,
MC_G1_D060_DENS_LOW_V_LOW_S007,MC_G1_D060_DENS_LOW_V_LOW,7,0.531002104282,0.473230746102,2.5693786407,0,0,2.12400841713,
MC_G1_D060_DENS_LOW_V_LOW_S007,MC_G1_D060_DENS_LOW_V_LOW,7,0.540008664131,0.456070396693,2.44291498625,0,0,2.16003465652,
MC_G1_D060_DENS_LOW_V_LOW_S007,MC_G1_D060_DENS_LOW_V_LOW,7,0.549003303051,0.493146754726,3.20894576318,0,0,2.1960132122,
MC_G1_D060_DENS_LOW_V_LOW_S007,MC_G1_D060_DENS_LOW_V_LOW,7,0.5580098629,0.407211439536,2.46406982104,0,0,2.2320394516,
MC_G1_D060_DENS_LOW_V_LOW_S007,MC_G1_D060_DENS_LOW_V_LOW,7,0.56700450182,0.588878848033,3.59112290954,0,0,2.26801800728,
MC_G1_D060_DENS_LOW_V_LOW_S007,MC_G1_D060_DENS_LOW_V_LOW,7,0.576011061668,0.441326389446,2.67577579412,0,0,2.30404424667,
MC_G1_D060_DENS_LOW_V_LOW_S007,MC_G1_D060_DENS_LOW_V_LOW,7,0.585005700588,0.490407015754,3.65367279684,0,0,2.34002280235,
MC_G1_D060_DENS_LOW_V_LOW_S007,MC_G1_D060_DENS_LOW_V_LOW,7,0.594000399113,0.486323932041,4.43589314465,0,0,2.37600159645,
MC_G1_D060_DENS_LOW_V_LOW_S007,MC_G1_D060_DENS_LOW_V_LOW,7,0.603006958961,0.496913484314,2.23604958836,0,0,2.41202783585,
MC_G1_D060_DENS_LOW_V_LOW_S007,MC_G1_D060_DENS_LOW_V_LOW,7,0.612001597881,0.493782323222,2.60713745091,0,0,2.44800639153,
MC_G1_D060_DENS_LOW_V_LOW_S007,MC_G1_D060_DENS_LOW_V_LOW,7,0.62100815773,0.450425294251,2.0719208714,0,0,2.48403263092,
MC_G1_D060_DENS_LOW_V_LOW_S007,MC_G1_D060_DENS_LOW_V_LOW,7,0.63000279665,0.537803631095,2.55731225947,0,0,2.5200111866,
MC_G1_D060_DENS_LOW_V_LOW_S007,MC_G1_D060_DENS_LOW_V_LOW,7,0.639009356499,0.521742911786,1.82181593262,0,0,2.55603742599,
MC_G1_D060_DENS_LOW_V_LOW_S007,MC_G1_D060_DENS_LOW_V_LOW,7,0.648004055023,0.587972365564,2.80940111806,0,0,2.59201622009,
MC_G1_D060_DENS_LOW_V_LOW_S007,MC_G1_D060_DENS_LOW_V_LOW,7,0.657010614872,0.601492321961,2.82959030365,0,0,2.62804245949,
MC_G1_D060_DENS_LOW_V_LOW_S007,MC_G1_D060_DENS_LOW_V_LOW,7,0.666005253792,0.471522638902,2.07756158653,0,0,2.66402101517,
MC_G1_D060_DENS_LOW_V_LOW_S007,MC_G1_D060_DENS_LOW_V_LOW,7,0.675011813641,0.625540524201,3.30986223718,0,0,2.70004725456,
MC_G1_D060_DENS_LOW_V_LOW_S007,MC_G1_D060_DENS_LOW_V_LOW,7,0.68400645256,0.597280581095,2.81764835564,0,0,2.73602581024,
MC_G1_D060_DENS_LOW_V_LOW_S007,MC_G1_D060_DENS_LOW_V_LOW,7,0.69300109148,0.524456206964,2.78314110285,0,0,2.77200436592,
MC_G1_D060_DENS_LOW_V_LOW_S007,MC_G1_D060_DENS_LOW_V_LOW,7,0.702007651329,0.50021858081,2.99444261761,0,0,2.80803060532,
MC_G1_D060_DENS_LOW_V_LOW_S007,MC_G1_D060_DENS_LOW_V_LOW,7,0.711002349854,0.52130928753,3.31000682263,0,0,2.84400939941,
MC_G1_D060_DENS_LOW_V_LOW_S007,MC_G1_D060_DENS_LOW_V_LOW,7,0.720008909702,0.559926347355,3.93339016162,0,0,2.88003563881,
MC_G1_D060_DENS_LOW_V_LOW_S007,MC_G1_D060_DENS_LOW_V_LOW,7,0.729003548622,0.661359884576,3.52302239351,0,0,2.91601419449,
MC_G1_D060_DENS_LOW_V_LOW_S007,MC_G1_D060_DENS_LOW_V_LOW,7,0.738010108471,0.576565861954,3.11977762671,0,0,2.95204043388,
MC_G1_D060_DENS_LOW_V_LOW_S007,MC_G1_D060_DENS_LOW_V_LOW,7,0.747004747391,0.644592738196,2.63475251777,0,0,2.98801898956,
MC_G1_D060_DENS_LOW_V_LOW_S007,MC_G1_D060_DENS_LOW_V_LOW,7,0.75601130724,0.53578375696,2.61000756514,0,0,3.02404522896,
MC_G1_D060_DENS_LOW_V_LOW_S007,MC_G1_D060_DENS_LOW_V_LOW,7,0.765005946159,0.72723644862,3.55654725774,0,0,3.06002378464,
MC_G1_D060_DENS_LOW_V_LOW_S007,MC_G1_D060_DENS_LOW_V_LOW,7,0.774000644684,0.737804899824,3.6824533212,0,0,3.09600257874,
MC_G1_D060_DENS_LOW_V_LOW_S007,MC_G1_D060_DENS_LOW_V_LOW,7,0.783007204533,0.641736160827,3.05453710406,0,0,3.13202881813,
MC_G1_D060_DENS_LOW_V_LOW_S007,MC_G1_D060_DENS_LOW_V_LOW,7,0.792001843452,0.599230406159,2.59957276298,0,0,3.16800737381,
MC_G1_D060_DENS_LOW_V_LOW_S007,MC_G1_D060_DENS_LOW_V_LOW,7,0.801008403301,0.660390152869,2.99726855087,0,0,3.2040336132,
MC_G1_D060_DENS_LOW_V_LOW_S007,MC_G1_D060_DENS_LOW_V_LOW,7,0.810003042221,0.599979251235,3.56815768434,0,0,3.24001216888,
MC_G1_D060_DENS_LOW_V_LOW_S007,MC_G1_D060_DENS_LOW_V_LOW,7,0.81900960207,0.769061950176,3.90276319189,0,0,3.27603840828,
MC_G1_D060_DENS_LOW_V_LOW_S007,MC_G1_D060_DENS_LOW_V_LOW,7,0.82800424099,0.717965038534,4.45241546737,0,0,3.31201696396,
MC_G1_D060_DENS_LOW_V_LOW_S007,MC_G1_D060_DENS_LOW_V_LOW,7,0.837010800838,0.770757267214,4.89750038675,0,0,3.34804320335,
MC_G1_D060_DENS_LOW_V_LOW_S007,MC_G1_D060_DENS_LOW_V_LOW,7,0.846005499363,0.614757176695,3.48699522735,0,0,3.38402199745,
MC_G1_D060_DENS_LOW_V_LOW_S007,MC_G1_D060_DENS_LOW_V_LOW,7,0.855000138283,0.708621690534,3.51649473544,0,0,3.42000055313,
MC_G1_D060_DENS_LOW_V_LOW_S007,MC_G1_D060_DENS_LOW_V_LOW,7,0.864006698132,0.710213229172,3.39397104638,0,0,3.45602679253,
MC_G1_D060_DENS_LOW_V_LOW_S007,MC_G1_D060_DENS_LOW_V_LOW,7,0.873001337051,0.740177879562,3.30592182388,0,0,3.49200534821,
MC_G1_D060_DENS_LOW_V_LOW_S007,MC_G1_D060_DENS_LOW_V_LOW,7,0.8820078969,0.900214048601,3.67179754732,0,0,3.5280315876,
MC_G1_D060_DENS_LOW_V_LOW_S007,MC_G1_D060_DENS_LOW_V_LOW,7,0.89100253582,0.799409711779,3.25940656743,0,0,3.56401014328,
MC_G1_D060_DENS_LOW_V_LOW_S007,MC_G1_D060_DENS_LOW_V_LOW,7,0.900009095669,0.818030298293,3.06965302567,0,0,3.60003638268,
MC_G1_D060_DENS_LOW_V_LOW_S007,MC_G1_D060_DENS_LOW_V_LOW,7,0.909003794193,0.814090820572,2.94268885317,0,0,3.63601517677,
MC_G1_D060_DENS_LOW_V_LOW_S007,MC_G1_D060_DENS_LOW_V_LOW,7,0.918010354042,0.809043024076,3.5064852166,0,0,3.67204141617,
MC_G1_D060_DENS_LOW_V_LOW_S007,MC_G1_D060_DENS_LOW_V_LOW,7,0.927004992962,0.778005996885,3.38326109058,0,0,3.70801997185,
MC_G1_D060_DENS_LOW_V_LOW_S007,MC_G1_D060_DENS_LOW_V_LOW,7,0.936011552811,0.884657812123,4.52995570489,0,0,3.74404621124,
MC_G1_D060_DENS_LOW_V_LOW_S007,MC_G1_D060_DENS_LOW_V_LOW,7,0.94500619173,0.852668484542,4.09902330293,0,0,3.78002476692,
MC_G1_D060_DENS_LOW_V_LOW_S007,MC_G1_D060_DENS_LOW_V_LOW,7,0.954000890255,0.868457534341,4.58486693185,0,0,3.81600356102,
MC_G1_D060_DENS_LOW_V_LOW_S007,MC_G1_D060_DENS_LOW_V_LOW,7,0.963007390499,0.807657639099,3.91083921516,0,0,3.852029562,
MC_G1_D060_DENS_LOW_V_LOW_S007,MC_G1_D060_DENS_LOW_V_LOW,7,0.972002089024,0.702563849037,3.55051671754,0,0,3.88800835609,
MC_G1_D060_DENS_LOW_V_LOW_S007,MC_G1_D060_DENS_LOW_V_LOW,7,0.981008648872,0.866443002932,3.48811258573,0,0,3.92403459549,
MC_G1_D060_DENS_LOW_V_LOW_S007,MC_G1_D060_DENS_LOW_V_LOW,7,0.990003287792,0.894947847952,3.57371047447,0,0,3.96001315117,
MC_G1_D060_DENS_LOW_V_LOW_S007,MC_G1_D060_DENS_LOW_V_LOW,7,0.999009847641,0.907945512431,3.24004338525,0,0,3.99603939056,
MC_G1_D060_DENS_LOW_V_LOW_S007,MC_G1_D060_DENS_LOW_V_LOW,7,1.00800454617,0.832230939537,2.92359211937,0,0,4.03201818466,
MC_G1_D060_DENS_LOW_V_LOW_S007,MC_G1_D060_DENS_LOW_V_LOW,7,1.01701104641,0.814069287769,3.2032132383,0,0,4.06804418564,
MC_G1_D060_DENS_LOW_V_LOW_S007,MC_G1_D060_DENS_LOW_V_LOW,7,1.02600574493,0.871108605652,2.99800108139,0,0,4.10402297974,
MC_G1_D060_DENS_LOW_V_LOW_S007,MC_G1_D060_DENS_LOW_V_LOW,7,1.03500032425,1.07160324003,4.20664045601,0,0,4.140001297,
MC_G1_D060_DENS_LOW_V_LOW_S007,MC_G1_D060_DENS_LOW_V_LOW,7,1.0440069437,0.83778505374,3.78220784726,0,0,4.17602777481,
MC_G1_D060_DENS_LOW_V_LOW_S007,MC_G1_D060_DENS_LOW_V_LOW,7,1.05300152302,0.922728240948,3.59630813259,0,0,4.21200609207,
MC_G1_D060_DENS_LOW_V_LOW_S007,MC_G1_D060_DENS_LOW_V_LOW,7,1.06200814247,0.88151931153,4.43130290862,0,0,4.24803256989,
MC_G1_D060_DENS_LOW_V_LOW_S007,MC_G1_D060_DENS_LOW_V_LOW,7,1.071002841,0.929624998322,4.20276625724,0,0,4.28401136398,
MC_G1_D060_DENS_LOW_V_LOW_S007,MC_G1_D060_DENS_LOW_V_LOW,7,1.08000934124,0.907755656783,4.49538363227,0,0,4.32003736496,
MC_G1_D060_DENS_LOW_V_LOW_S007,MC_G1_D060_DENS_LOW_V_LOW,7,1.08900403976,0.94091757775,4.23406834071,0,0,4.35601615906,
MC_G1_D060_DENS_LOW_V_LOW_S007,MC_G1_D060_DENS_LOW_V_LOW,7,1.09801054001,0.924883356201,3.91894964474,0,0,4.39204216003,
MC_G1_D060_DENS_LOW_V_LOW_S007,MC_G1_D060_DENS_LOW_V_LOW,7,1.10700523853,0.86068726829,3.52067563352,0,0,4.42802095413,
MC_G1_D060_DENS_LOW_V_LOW_S007,MC_G1_D060_DENS_LOW_V_LOW,7,1.11601173878,0.980236153656,3.43261269046,0,0,4.46404695511,
MC_G1_D060_DENS_LOW_V_LOW_S007,MC_G1_D060_DENS_LOW_V_LOW,7,1.1250064373,1.00362412451,3.97297159682,0,0,4.50002574921,
MC_G1_D060_DENS_LOW_V_LOW_S007,MC_G1_D060_DENS_LOW_V_LOW,7,1.13400113583,0.928167675431,3.62670055483,0,0,4.5360045433,
MC_G1_D060_DENS_LOW_V_LOW_S007,MC_G1_D060_DENS_LOW_V_LOW,7,1.14300763607,1.01576970519,3.6743848388,0,0,4.57203054428,
MC_G1_D060_DENS_LOW_V_LOW_S007,MC_G1_D060_DENS_LOW_V_LOW,7,1.15200233459,0.994102199954,3.91027537543,0,0,4.60800933838,
MC_G1_D060_DENS_LOW_V_LOW_S007,MC_G1_D060_DENS_LOW_V_LOW,7,1.16100883484,0.976407955739,4.2501655721,0,0,4.64403533936,
MC_G1_D060_DENS_LOW_V_LOW_S007,MC_G1_D060_DENS_LOW_V_LOW,7,1.17000353336,1.04553483985,3.68154041112,0,0,4.68001413345,
MC_G1_D060_DENS_LOW_V_LOW_S007,MC_G1_D060_DENS_LOW_V_LOW,7,1.17901003361,1.19956411217,4.83503888762,0,0,4.71604013443,
MC_G1_D060_DENS_LOW_V_LOW_S007,MC_G1_D060_DENS_LOW_V_LOW,7,1.18800473213,1.0030253075,4.48314361952,0,0,4.75201892853,
MC_G1_D060_DENS_LOW_V_LOW_S007,MC_G1_D060_DENS_LOW_V_LOW,7,1.19701123238,1.06299346446,4.39195027074,0,0,4.7880449295,
MC_G1_D060_DENS_LOW_V_LOW_S007,MC_G1_D060_DENS_LOW_V_LOW,7,1.2060059309,0.987120066902,4.28619006881,0,0,4.8240237236,
MC_G1_D060_DENS_LOW_V_LOW_S007,MC_G1_D060_DENS_LOW_V_LOW,7,1.21500062943,1.12074293313,4.68194119732,0,0,4.8600025177,
MC_G1_D060_DENS_LOW_V_LOW_S007,MC_G1_D060_DENS_LOW_V_LOW,7,1.22400712967,1.18593789489,4.51079409142,0,0,4.89602851868,
MC_G1_D060_DENS_LOW_V_LOW_S007,MC_G1_D060_DENS_LOW_V_LOW,7,1.23300182819,1.05178345443,3.55257654674,0,0,4.93200731277,
MC_G1_D060_DENS_LOW_V_LOW_S007,MC_G1_D060_DENS_LOW_V_LOW,7,1.24200832844,1.14575865444,4.09576083175,0,0,4.96803331375,
MC_G1_D060_DENS_LOW_V_LOW_S007,MC_G1_D060_DENS_LOW_V_LOW,7,1.25100302696,1.23837755764,3.99402418711,0,0,5.00401210785,
MC_G1_D060_DENS_LOW_V_LOW_S007,MC_G1_D060_DENS_LOW_V_LOW,7,1.26000952721,1.17367725673,4.198530509,0,0,5.04003810883,
MC_G1_D060_DENS_LOW_V_LOW_S007,MC_G1_D060_DENS_LOW_V_LOW,7,1.26900422573,1.20799622861,4.7371485102,0,0,5.07601690292,
MC_G1_D060_DENS_LOW_V_LOW_S007,MC_G1_D060_DENS_LOW_V_LOW,7,1.27801072598,1.29190692057,4.16616981759,0,0,5.1120429039,
MC_G1_D060_DENS_LOW_V_LOW_S007,MC_G1_D060_DENS_LOW_V_LOW,7,1.2870054245,1.18545402743,4.64863282632,0,0,5.148021698,
MC_G1_D060_DENS_LOW_V_LOW_S007,MC_G1_D060_DENS_LOW_V_LOW,7,1.29600012302,1.21002581679,3.62443352707,0,0,5.1840004921,
MC_G1_D060_DENS_LOW_V_LOW_S007,MC_G1_D060_DENS_LOW_V_LOW,7,1.30500662327,1.17892402929,5.25564871803,0,0,5.22002649307,
MC_G1_D060_DENS_LOW_V_LOW_S007,MC_G1_D060_DENS_LOW_V_LOW,7,1.31400132179,1.18301202399,5.1981506871,0,0,5.25600528717,
MC_G1_D060_DENS_LOW_V_LOW_S007,MC_G1_D060_DENS_LOW_V_LOW,7,1.32300782204,1.16238014408,4.64059899837,0,0,5.29203128815,
MC_G1_D060_DENS_LOW_V_LOW_S007,MC_G1_D060_DENS_LOW_V_LOW,7,1.33200252056,1.15011615997,4.80082954301,0,0,5.32801008224,
MC_G1_D060_DENS_LOW_V_LOW_S007,MC_G1_D060_DENS_LOW_V_LOW,7,1.34100902081,1.127271744,3.92760305446,0,0,5.36403608322,
MC_G1_D060_DENS_LOW_V_LOW_S007,MC_G1_D060_DENS_LOW_V_LOW,7,1.35000371933,1.20828516754,4.67251822645,0,0,5.40001487732,
MC_G1_D060_DENS_LOW_V_LOW_S007,MC_G1_D060_DENS_LOW_V_LOW,7,1.35901033878,1.25045049883,3.8916380636,0,0,5.43604135513,
MC_G1_D060_DENS_LOW_V_LOW_S007,MC_G1_D060_DENS_LOW_V_LOW,7,1.3680049181,1.23831538774,3.18849562757,0,0,5.47201967239,
MC_G1_D060_DENS_LOW_V_LOW_S007,MC_G1_D060_DENS_LOW_V_LOW,7,1.37701153755,1.25656948486,4.08249031998,0,0,5.50804615021,
MC_G1_D060_DENS_LOW_V_LOW_S007,MC_G1_D060_DENS_LOW_V_LOW,7,1.38600611687,1.22824807342,4.21414679345,0,0,5.54402446747,
MC_G1_D060_DENS_LOW_V_LOW_S007,MC_G1_D060_DENS_LOW_V_LOW,7,1.39500081539,1.37293146129,4.27534738504,0,0,5.58000326157,
MC_G1_D060_DENS_LOW_V_LOW_S007,MC_G1_D060_DENS_LOW_V_LOW,7,1.40400731564,1.32229170349,4.62598475151,0,0,5.61602926254,
MC_G1_D060_DENS_LOW_V_LOW_S007,MC_G1_D060_DENS_LOW_V_LOW,7,1.41300201416,1.41641671568,4.90953856285,0,0,5.65200805664,
MC_G1_D060_DENS_LOW_V_LOW_S007,MC_G1_D060_DENS_LOW_V_LOW,7,1.4220085144,1.2914906197,4.80244707095,0,0,5.68803405762,
MC_G1_D060_DENS_LOW_V_LOW_S007,MC_G1_D060_DENS_LOW_V_LOW,7,1.43100321293,1.23027690606,4.86461466828,0,0,5.72401285172,
MC_G1_D060_DENS_LOW_V_LOW_S007,MC_G1_D060_DENS_LOW_V_LOW,7,1.44000983238,1.37870840494,5.26133363,0,0,5.76003932953,
MC_G1_D060_DENS_LOW_V_LOW_S007,MC_G1_D060_DENS_LOW_V_LOW,7,1.4490044117,1.41746173125,5.98356129673,0,0,5.79601764679,
MC_G1_D060_DENS_LOW_V_LOW_S007,MC_G1_D060_DENS_LOW_V_LOW,7,1.45801103115,1.20531277714,4.29712081572,0,0,5.8320441246,
MC_G1_D060_DENS_LOW_V_LOW_S007,MC_G1_D060_DENS_LOW_V_LOW,7,1.46700561047,1.2660872,4.50945853438,0,0,5.86802244186,
MC_G1_D060_DENS_LOW_V_LOW_S007,MC_G1_D060_DENS_LOW_V_LOW,7,1.47600030899,1.4770717637,4.79452991146,0,0,5.90400123596,
MC_G1_D060_DENS_LOW_V_LOW_S007,MC_G1_D060_DENS_LOW_V_LOW,7,1.48500680923,1.42699682374,4.16477967386,0,0,5.94002723694,
MC_G1_D060_DENS_LOW_V_LOW_S007,MC_G1_D060_DENS_LOW_V_LOW,7,1.49400150776,1.42065419877,4.46156622721,0,0,5.97600603104,
MC_G1_D060_DENS_LOW_V_LOW_S007,MC_G1_D060_DENS_LOW_V_LOW,7,1.50300812721,1.53310594757,5.25000734777,0,0,6.01203250885,
MC_G1_D060_DENS_LOW_V_LOW_S007,MC_G1_D060_DENS_LOW_V_LOW,7,1.51200270653,1.49215368485,4.43926500537,0,0,6.04801082611,
MC_G1_D060_DENS_LOW_V_LOW_S007,MC_G1_D060_DENS_LOW_V_LOW,7,1.52100932598,1.36748598252,4.62067056622,0,0,6.08403730392,
MC_G1_D060_DENS_LOW_V_LOW_S007,MC_G1_D060_DENS_LOW_V_LOW,7,1.5300039053,1.32951809085,4.60166642259,0,0,6.12001562119,
MC_G1_D060_DENS_LOW_V_LOW_S007,MC_G1_D060_DENS_LOW_V_LOW,7,1.53901052475,1.43152993766,5.66399405322,0,0,6.156042099,
MC_G1_D060_DENS_LOW_V_LOW_S007,MC_G1_D060_DENS_LOW_V_LOW,7,1.54800510406,1.43638372305,5.55855878846,0,0,6.19202041626,
MC_G1_D060_DENS_LOW_V_LOW_S007,MC_G1_D060_DENS_LOW_V_LOW,7,1.55701172352,1.47250583789,5.61176295752,0,0,6.22804689407,
MC_G1_D060_DENS_LOW_V_LOW_S007,MC_G1_D060_DENS_LOW_V_LOW,7,1.56600630283,1.54118069502,6.16403983178,0,0,6.26402521133,
MC_G1_D060_DENS_LOW_V_LOW_S007,MC_G1_D060_DENS_LOW_V_LOW,7,1.57500100136,1.60404709182,6.13980821595,0,0,6.30000400543,
MC_G1_D060_DENS_LOW_V_LOW_S007,MC_G1_D060_DENS_LOW_V_LOW,7,1.58400762081,1.33003045285,5.68667494601,0,0,6.33603048325,
MC_G1_D060_DENS_LOW_V_LOW_S007,MC_G1_D060_DENS_LOW_V_LOW,7,1.59300220013,1.53875919901,5.15321157238,0,0,6.37200880051,
MC_G1_D060_DENS_LOW_V_LOW_S007,MC_G1_D060_DENS_LOW_V_LOW,7,1.60200881958,1.61150812738,4.90711666168,0,0,6.40803527832,
MC_G1_D060_DENS_LOW_V_LOW_S007,MC_G1_D060_DENS_LOW_V_LOW,7,1.6110033989,1.42086413012,4.69705388332,0,0,6.44401359558,
MC_G1_D060_DENS_LOW_V_LOW_S007,MC_G1_D060_DENS_LOW_V_LOW,7,1.62001001835,1.62841283546,5.02817147138,0,0,6.48004007339,
MC_G1_D060_DENS_LOW_V_LOW_S007,MC_G1_D060_DENS_LOW_V_LOW,7,1.62900459766,1.46594043744,4.83158761126,0,0,6.51601839066,
MC_G1_D060_DENS_LOW_V_LOW_S007,MC_G1_D060_DENS_LOW_V_LOW,7,1.63801121712,1.58096878319,4.79368446146,0,0,6.55204486847,
MC_G1_D060_DENS_LOW_V_LOW_S007,MC_G1_D060_DENS_LOW_V_LOW,7,1.64700579643,1.80637892228,6.02548631199,0,0,6.58802318573,
MC_G1_D060_DENS_LOW_V_LOW_S007,MC_G1_D060_DENS_LOW_V_LOW,7,1.65600049496,1.79604447167,6.02183405417,0,0,6.62400197983,
MC_G1_D060_DENS_LOW_V_LOW_S007,MC_G1_D060_DENS_LOW_V_LOW,7,1.66500711441,1.68491210631,6.61635341566,0,0,6.66002845764,
MC_G1_D060_DENS_LOW_V_LOW_S007,MC_G1_D060_DENS_LOW_V_LOW,7,1.67400169373,1.56508718011,6.66014309033,0,0,6.6960067749,
MC_G1_D060_DENS_LOW_V_LOW_S007,MC_G1_D060_DENS_LOW_V_LOW,7,1.68300831318,1.64277548542,5.73940301288,0,0,6.73203325272,
MC_G1_D060_DENS_LOW_V_LOW_S007,MC_G1_D060_DENS_LOW_V_LOW,7,1.69200289249,1.48888350496,5.36714581971,0,0,6.76801156998,
MC_G1_D060_DENS_LOW_V_LOW_S007,MC_G1_D060_DENS_LOW_V_LOW,7,1.70100951195,1.59053733517,6.15741999449,0,0,6.80403804779,
MC_G1_D060_DENS_LOW_V_LOW_S007,MC_G1_D060_DENS_LOW_V_LOW,7,1.71000409126,1.55221369353,5.56833323718,0,0,6.84001636505,
MC_G1_D060_DENS_LOW_V_LOW_S007,MC_G1_D060_DENS_LOW_V_LOW,7,1.71901071072,1.75900740156,5.6446540189,0,0,6.87604284286,
MC_G1_D060_DENS_LOW_V_LOW_S007,MC_G1_D060_DENS_LOW_V_LOW,7,1.72800529003,1.78288614765,5.17936624878,0,0,6.91202116013,
MC_G1_D060_DENS_LOW_V_LOW_S007,MC_G1_D060_DENS_LOW_V_LOW,7,1.73701190948,1.70088944671,5.32635235216,0,0,6.94804763794,
MC_G1_D060_DENS_LOW_V_LOW_S007,MC_G1_D060_DENS_LOW_V_LOW,7,1.74600660801,1.80005961103,5.20269051475,0,0,6.98402643204,
MC_G1_D060_DENS_LOW_V_LOW_S007,MC_G1_D060_DENS_LOW_V_LOW,7,1.75500118732,1.64434991654,5.66677082605,0,0,7.0200047493,
MC_G1_D060_DENS_LOW_V_LOW_S007,MC_G1_D060_DENS_LOW_V_LOW,7,1.76400780678,1.80754234129,6.08992046181,0,0,7.05603122711,
MC_G1_D060_DENS_LOW_V_LOW_S007,MC_G1_D060_DENS_LOW_V_LOW,7,1.77300238609,1.74856836305,5.85194685141,0,0,7.09200954437,
MC_G1_D060_DENS_LOW_V_LOW_S007,MC_G1_D060_DENS_LOW_V_LOW,7,1.78200900555,1.90725962231,6.77061473814,0,0,7.12803602219,
MC_G1_D060_DENS_LOW_V_LOW_S007,MC_G1_D060_DENS_LOW_V_LOW,7,1.79100358486,1.59603213972,6.20111346804,0,0,7.16401433945,
MC_G1_D060_DENS_LOW_V_LOW_S007,MC_G1_D060_DENS_LOW_V_LOW,7,1.80001020432,1.80384744168,6.63967638552,0,0,7.20004081726,
MC_G1_D060_DENS_LOW_V_LOW_S007,MC_G1_D060_DENS_LOW_V_LOW,7,1.80900478363,1.65639155691,6.51116857042,0,0,7.23601913452,
MC_G1_D060_DENS_LOW_V_LOW_S007,MC_G1_D060_DENS_LOW_V_LOW,7,1.81801140308,1.57092370324,7.50994556414,0,0,7.27204561234,
MC_G1_D060_DENS_LOW_V_LOW_S007,MC_G1_D060_DENS_LOW_V_LOW,7,1.8270059824,1.7652118712,6.20697213407,0,0,7.3080239296,
MC_G1_D060_DENS_LOW_V_LOW_S007,MC_G1_D060_DENS_LOW_V_LOW,7,1.83600068092,1.78877782498,6.23804974326,0,0,7.34400272369,
MC_G1_D060_DENS_LOW_V_LOW_S007,MC_G1_D060_DENS_LOW_V_LOW,7,1.84500730038,1.75550343694,5.48011516033,0,0,7.38002920151,
MC_G1_D060_DENS_LOW_V_LOW_S007,MC_G1_D060_DENS_LOW_V_LOW,7,1.85400187969,1.69443964343,5.47514220126,0,0,7.41600751877,
MC_G1_D060_DENS_LOW_V_LOW_S007,MC_G1_D060_DENS_LOW_V_LOW,7,1.86300849915,1.92744131011,5.82058567551,0,0,7.45203399658,
MC_G1_D060_DENS_LOW_V_LOW_S007,MC_G1_D060_DENS_LOW_V_LOW,7,1.87200307846,2.00708008809,7.40855336254,0,0,7.48801231384,
MC_G1_D060_DENS_LOW_V_LOW_S007,MC_G1_D060_DENS_LOW_V_LOW,7,1.88100969791,1.79612488239,6.12901465301,0,0,7.52403879166,
MC_G1_D060_DENS_LOW_V_LOW_S007,MC_G1_D060_DENS_LOW_V_LOW,7,1.89000427723,1.96954824919,6.82475668766,0,0,7.56001710892,
MC_G1_D060_DENS_LOW_V_LOW_S007,MC_G1_D060_DENS_LOW_V_LOW,7,1.89901089668,1.81000409662,6.779322355,0,0,7.59604358673,
MC_G1_D060_DENS_LOW_V_LOW_S007,MC_G1_D060_DENS_LOW_V_LOW,7,1.908005476,1.75672751477,6.94322348433,0,0,7.63202190399,
MC_G1_D060_DENS_LOW_V_LOW_S007,MC_G1_D060_DENS_LOW_V_LOW,7,1.91700017452,1.87047727609,7.52490287531,0,0,7.66800069809,
MC_G1_D060_DENS_LOW_V_LOW_S007,MC_G1_D060_DENS_LOW_V_LOW,7,1.92600667477,1.97184680854,8.50561263546,0,0,7.70402669907,
MC_G1_D060_DENS_LOW_V_LOW_S007,MC_G1_D060_DENS_LOW_V_LOW,7,1.93500137329,1.933475676,6.93377146407,0,0,7.74000549316,
MC_G1_D060_DENS_LOW_V_LOW_S007,MC_G1_D060_DENS_LOW_V_LOW,7,1.94400799274,1.95062960334,6.63329556614,0,0,7.77603197098,
MC_G1_D060_DENS_LOW_V_LOW_S007,MC_G1_D060_DENS_LOW_V_LOW,7,1.95300257206,1.89362304338,6.53157859859,0,0,7.81201028824,
MC_G1_D060_DENS_LOW_V_LOW_S007,MC_G1_D060_DENS_LOW_V_LOW,7,1.96200919151,1.94076898235,6.64139913746,0,0,7.84803676605,
MC_G1_D060_DENS_LOW_V_LOW_S007,MC_G1_D060_DENS_LOW_V_LOW,7,1.97100377083,2.01253031595,6.34532125968,0,0,7.88401508331,
MC_G1_D060_DENS_LOW_V_LOW_S007,MC_G1_D060_DENS_LOW_V_LOW,7,1.98001039028,1.97533458308,6.07821093945,0,0,7.92004156113,
MC_G1_D060_DENS_LOW_V_LOW_S007,MC_G1_D060_DENS_LOW_V_LOW,7,1.9890049696,2.13494781331,6.11454792235,0,0,7.95601987839,
MC_G1_D060_DENS_LOW_V_LOW_S007,MC_G1_D060_DENS_LOW_V_LOW,7,1.99801158905,1.95205346674,6.4546485782,0,0,7.9920463562,
MC_G1_D060_DENS_LOW_V_LOW_S007,MC_G1_D060_DENS_LOW_V_LOW,7,2.00700616837,2.13349286497,7.17792556876,0,0,8.02802467346,
MC_G1_D060_DENS_LOW_V_LOW_S007,MC_G1_D060_DENS_LOW_V_LOW,7,2.01600074768,2.18089611824,7.07291374198,0,0,8.06400299072,
MC_G1_D060_DENS_LOW_V_LOW_S007,MC_G1_D060_DENS_LOW_V_LOW,7,2.02500748634,1.98400404606,6.7200812897,0,0,8.10002994537,
MC_G1_D060_DENS_LOW_V_LOW_S007,MC_G1_D060_DENS_LOW_V_LOW,7,2.03400206566,2.21827771321,7.92272484112,0,0,8.13600826263,
MC_G1_D060_DENS_LOW_V_LOW_S007,MC_G1_D060_DENS_LOW_V_LOW,7,2.0430085659,2.02962660662,7.00295550835,0,0,8.17203426361,
MC_G1_D060_DENS_LOW_V_LOW_S007,MC_G1_D060_DENS_LOW_V_LOW,7,2.05200338364,1.97393964596,6.81666548702,0,0,8.20801353455,
MC_G1_D060_DENS_LOW_V_LOW_S007,MC_G1_D060_DENS_LOW_V_LOW,7,2.06100988388,1.991971939,7.60943716234,0,0,8.24403953552,
MC_G1_D060_DENS_LOW_V_LOW_S007,MC_G1_D060_DENS_LOW_V_LOW,7,2.0700044632,2.04495515664,7.07899516852,0,0,8.28001785278,
MC_G1_D060_DENS_LOW_V_LOW_S007,MC_G1_D060_DENS_LOW_V_LOW,7,2.07901096344,2.15952176135,6.78223196106,0,0,8.31604385376,
MC_G1_D060_DENS_LOW_V_LOW_S007,MC_G1_D060_DENS_LOW_V_LOW,7,2.08800578117,2.08544805287,6.32175000545,0,0,8.35202312469,
MC_G1_D060_DENS_LOW_V_LOW_S007,MC_G1_D060_DENS_LOW_V_LOW,7,2.09700036049,2.21984836665,6.56872011422,0,0,8.38800144196,
MC_G1_D060_DENS_LOW_V_LOW_S007,MC_G1_D060_DENS_LOW_V_LOW,7,2.10600686073,2.12814474252,6.46277115727,0,0,8.42402744293,
MC_G1_D060_DENS_LOW_V_LOW_S007,MC_G1_D060_DENS_LOW_V_LOW,7,2.11500144005,2.1489423009,6.56054526875,0,0,8.46000576019,
MC_G1_D060_DENS_LOW_V_LOW_S007,MC_G1_D060_DENS_LOW_V_LOW,7,2.12400817871,2.27245165712,7.11708449633,0,0,8.49603271484,
MC_G1_D060_DENS_LOW_V_LOW_S007,MC_G1_D060_DENS_LOW_V_LOW,7,2.13300275803,2.35593223268,7.87911890034,0,0,8.5320110321,
MC_G1_D060_DENS_LOW_V_LOW_S007,MC_G1_D060_DENS_LOW_V_LOW,7,2.14200925827,2.3484679591,8.12355573419,0,0,8.56803703308,
MC_G1_D060_DENS_LOW_V_LOW_S007,MC_G1_D060_DENS_LOW_V_LOW,7,2.151004076,2.28216138658,8.55442379718,0,0,8.60401630402,
MC_G1_D060_DENS_LOW_V_LOW_S007,MC_G1_D060_DENS_LOW_V_LOW,7,2.16001057625,2.28565477369,8.51650243727,0,0,8.64004230499,
MC_G1_D060_DENS_LOW_V_LOW_S007,MC_G1_D060_DENS_LOW_V_LOW,7,2.16900515556,2.08376083087,8.17878774128,0,0,8.67602062225,
MC_G1_D060_DENS_LOW_V_LOW_S007,MC_G1_D060_DENS_LOW_V_LOW,7,2.17801165581,2.23388775472,7.17104792051,0,0,8.71204662323,
MC_G1_D060_DENS_LOW_V_LOW_S007,MC_G1_D060_DENS_LOW_V_LOW,7,2.18700647354,2.18552734403,7.3051468296,0,0,8.74802589417,
MC_G1_D060_DENS_LOW_V_LOW_S007,MC_G1_D060_DENS_LOW_V_LOW,7,2.19600105286,2.23823295579,7.50563197761,0,0,8.78400421143,
MC_G1_D060_DENS_LOW_V_LOW_S007,MC_G1_D060_DENS_LOW_V_LOW,7,2.2050075531,2.2048576496,7.51791361898,0,0,8.8200302124,
MC_G1_D060_DENS_LOW_V_LOW_S007,MC_G1_D060_DENS_LOW_V_LOW,7,2.21400213242,2.23459277865,6.97078485605,0,0,8.85600852966,
MC_G1_D060_DENS_LOW_V_LOW_S007,MC_G1_D060_DENS_LOW_V_LOW,7,2.22300887108,2.46586070384,7.02734797459,0,0,8.89203548431,
MC_G1_D060_DENS_LOW_V_LOW_S007,MC_G1_D060_DENS_LOW_V_LOW,7,2.23200345039,2.16385077235,6.93207004266,0,0,8.92801380157,
MC_G1_D060_DENS_LOW_V_LOW_S007,MC_G1_D060_DENS_LOW_V_LOW,7,2.24100995064,2.34659897649,7.53090038111,0,0,8.96403980255,
MC_G1_D060_DENS_LOW_V_LOW_S007,MC_G1_D060_DENS_LOW_V_LOW,7,2.25000452995,2.56969587724,8.59057212647,0,0,9.00001811981,
MC_G1_D060_DENS_LOW_V_LOW_S007,MC_G1_D060_DENS_LOW_V_LOW,7,2.25901126862,2.25050503494,8.55582856097,0,0,9.03604507446,
MC_G1_D060_DENS_LOW_V_LOW_S007,MC_G1_D060_DENS_LOW_V_LOW,7,2.26800584793,2.40496226499,7.9976700182,0,0,9.07202339172,
MC_G1_D060_DENS_LOW_V_LOW_S007,MC_G1_D060_DENS_LOW_V_LOW,7,2.27700042725,2.63951332214,9.17006612058,0,0,9.10800170898,
MC_G1_D060_DENS_LOW_V_LOW_S007,MC_G1_D060_DENS_LOW_V_LOW,7,2.28600692749,2.49007911777,9.30257835587,0,0,9.14402770996,
MC_G1_D060_DENS_LOW_V_LOW_S007,MC_G1_D060_DENS_LOW_V_LOW,7,2.29500174522,2.5069677437,8.80789221227,0,0,9.1800069809,
MC_G1_D060_DENS_LOW_V_LOW_S007,MC_G1_D060_DENS_LOW_V_LOW,7,2.30400824547,2.52155737855,8.39434886658,0,0,9.21603298187,
MC_G1_D060_DENS_LOW_V_LOW_S007,MC_G1_D060_DENS_LOW_V_LOW,7,2.31300282478,2.39870620297,8.50926853476,0,0,9.25201129913,
MC_G1_D060_DENS_LOW_V_LOW_S007,MC_G1_D060_DENS_LOW_V_LOW,7,2.32200956345,2.51906410654,8.15300419537,0,0,9.28803825378,
MC_G1_D060_DENS_LOW_V_LOW_S007,MC_G1_D060_DENS_LOW_V_LOW,7,2.33100414276,2.60271284304,8.1071341751,0,0,9.32401657104,
MC_G1_D060_DENS_LOW_V_LOW_S007,MC_G1_D060_DENS_LOW_V_LOW,7,2.34001064301,2.51139778079,7.42398273096,0,0,9.36004257202,
MC_G1_D060_DENS_LOW_V_LOW_S007,MC_G1_D060_DENS_LOW_V_LOW,7,2.34900522232,2.60436207232,8.01146551506,0,0,9.39602088928,
MC_G1_D060_DENS_LOW_V_LOW_S007,MC_G1_D060_DENS_LOW_V_LOW,7,2.35801196098,2.53387845967,8.05493320725,0,0,9.43204784393,
MC_G1_D060_DENS_LOW_V_LOW_S007,MC_G1_D060_DENS_LOW_V_LOW,7,2.3670065403,2.44809673436,8.76370537941,0,0,9.46802616119,
MC_G1_D060_DENS_LOW_V_LOW_S007,MC_G1_D060_DENS_LOW_V_LOW,7,2.37600111961,2.51876707257,8.36310147481,0,0,9.50400447845,
MC_G1_D060_DENS_LOW_V_LOW_S007,MC_G1_D060_DENS_LOW_V_LOW,7,2.38500761986,2.70153880629,9.3343953057,0,0,9.54003047943,
MC_G1_D060_DENS_LOW_V_LOW_S007,MC_G1_D060_DENS_LOW_V_LOW,7,2.39400243759,2.60388435708,9.68338976432,0,0,9.57600975037,
MC_G1_D060_DENS_LOW_V_LOW_S007,MC_G1_D060_DENS_LOW_V_LOW,7,2.40300893784,2.42927155922,8.74635225617,0,0,9.61203575134,
MC_G1_D060_DENS_LOW_V_LOW_S007,MC_G1_D060_DENS_LOW_V_LOW,7,2.41200351715,2.56316803777,9.31178330186,0,0,9.6480140686,
MC_G1_D060_DENS_LOW_V_LOW_S007,MC_G1_D060_DENS_LOW_V_LOW,7,2.4210100174,2.68554192986,8.50134654477,0,0,9.68404006958,
MC_G1_D060_DENS_LOW_V_LOW_S007,MC_G1_D060_DENS_LOW_V_LOW,7,2.43000483513,2.52075305548,8.51111874615,0,0,9.72001934052,
MC_G1_D060_DENS_LOW_V_LOW_S007,MC_G1_D060_DENS_LOW_V_LOW,7,2.43901133537,2.56459945654,8.45115324438,0,0,9.75604534149,
MC_G1_D060_DENS_LOW_V_LOW_S007,MC_G1_D060_DENS_LOW_V_LOW,7,2.44800591469,2.68178065093,8.6248414573,0,0,9.79202365875,
MC_G1_D060_DENS_LOW_V_LOW_S007,MC_G1_D060_DENS_LOW_V_LOW,7,2.45700073242,2.77736255428,7.36222163622,0,0,9.82800292969,
MC_G1_D060_DENS_LOW_V_LOW_S007,MC_G1_D060_DENS_LOW_V_LOW,7,2.46600723267,2.72819048101,8.34966111488,0,0,9.86402893066,
MC_G1_D060_DENS_LOW_V_LOW_S007,MC_G1_D060_DENS_LOW_V_LOW,7,2.47500181198,2.55388140901,8.34628329261,0,0,9.90000724792,
MC_G1_D060_DENS_LOW_V_LOW_S007,MC_G1_D060_DENS_LOW_V_LOW,7,2.48400831223,2.74228664229,8.22014080292,0,0,9.9360332489,
MC_G1_D060_DENS_LOW_V_LOW_S007,MC_G1_D060_DENS_LOW_V_LOW,7,2.49300312996,2.84498786262,9.39425825419,0,0,9.97201251984,
MC_G1_D060_DENS_LOW_V_LOW_S007,MC_G1_D060_DENS_LOW_V_LOW,7,2.5020096302,2.73318414868,9.47543883951,0,0,10.0080385208,
MC_G1_D060_DENS_LOW_V_LOW_S007,MC_G1_D060_DENS_LOW_V_LOW,7,2.51100420952,2.86018235878,9.55442135963,0,0,10.0440168381,
MC_G1_D060_DENS_LOW_V_LOW_S007,MC_G1_D060_DENS_LOW_V_LOW,7,2.52001070976,2.45406374952,9.83544104515,0,0,10.0800428391,
MC_G1_D060_DENS_LOW_V_LOW_S007,MC_G1_D060_DENS_LOW_V_LOW,7,2.5290055275,2.48764866325,9.17296271719,0,0,10.11602211,
MC_G1_D060_DENS_LOW_V_LOW_S007,MC_G1_D060_DENS_LOW_V_LOW,7,2.53800010681,2.73856270847,10.1325635783,0,0,10.1520004272,
MC_G1_D060_DENS_LOW_V_LOW_S007,MC_G1_D060_DENS_LOW_V_LOW,7,2.54700660706,2.81458289607,9.67864286428,0,0,10.1880264282,
MC_G1_D060_DENS_LOW_V_LOW_S007,MC_G1_D060_DENS_LOW_V_LOW,7,2.55600118637,2.76025287981,9.35787580298,0,0,10.2240047455,
MC_G1_D060_DENS_LOW_V_LOW_S007,MC_G1_D060_DENS_LOW_V_LOW,7,2.56500792503,2.78689937371,9.69184309548,0,0,10.2600317001,
MC_G1_D060_DENS_LOW_V_LOW_S007,MC_G1_D060_DENS_LOW_V_LOW,7,2.57400250435,2.84367387588,8.34098689952,0,0,10.2960100174,
MC_G1_D060_DENS_LOW_V_LOW_S007,MC_G1_D060_DENS_LOW_V_LOW,7,2.58300900459,2.94974306418,8.56518503787,0,0,10.3320360184,
MC_G1_D060_DENS_LOW_V_LOW_S007,MC_G1_D060_DENS_LOW_V_LOW,7,2.59200358391,2.748936447,8.52265969211,0,0,10.3680143356,
MC_G1_D060_DENS_LOW_V_LOW_S007,MC_G1_D060_DENS_LOW_V_LOW,7,2.60101032257,2.87422109925,9.15383441334,0,0,10.4040412903,
MC_G1_D060_DENS_LOW_V_LOW_S007,MC_G1_D060_DENS_LOW_V_LOW,7,2.61000490189,2.97403271445,9.92916934103,0,0,10.4400196075,
MC_G1_D060_DENS_LOW_V_LOW_S007,MC_G1_D060_DENS_LOW_V_LOW,7,2.61901140213,3.17002850391,10.4431745887,0,0,10.4760456085,
MC_G1_D060_DENS_LOW_V_LOW_S007,MC_G1_D060_DENS_LOW_V_LOW,7,2.62800598145,2.87780148104,10.4618931059,0,0,10.5120239258,
MC_G1_D060_DENS_LOW_V_LOW_S007,MC_G1_D060_DENS_LOW_V_LOW,7,2.63700079918,3.0732731437,9.82733448021,0,0,10.5480031967,
MC_G1_D060_DENS_LOW_V_LOW_S007,MC_G1_D060_DENS_LOW_V_LOW,7,2.64600729942,2.94981257358,11.0236168916,0,0,10.5840291977,
MC_G1_D060_DENS_LOW_V_LOW_S007,MC_G1_D060_DENS_LOW_V_LOW,7,2.65500187874,2.95217287109,10.7053720523,0,0,10.620007515,
MC_G1_D060_DENS_LOW_V_LOW_S007,MC_G1_D060_DENS_LOW_V_LOW,7,2.66400837898,2.76016782794,10.2294861578,0,0,10.6560335159,
MC_G1_D060_DENS_LOW_V_LOW_S007,MC_G1_D060_DENS_LOW_V_LOW,7,2.67300319672,2.78827293993,9.7878247411,0,0,10.6920127869,
MC_G1_D060_DENS_LOW_V_LOW_S007,MC_G1_D060_DENS_LOW_V_LOW,7,2.68200969696,2.92036001536,10.6254835365,0,0,10.7280387878,
MC_G1_D060_DENS_LOW_V_LOW_S007,MC_G1_D060_DENS_LOW_V_LOW,7,2.69100427628,2.99328401244,10.1271507096,0,0,10.7640171051,
MC_G1_D060_DENS_LOW_V_LOW_S007,MC_G1_D060_DENS_LOW_V_LOW,7,2.70001077652,3.15815448481,9.65934051893,0,0,10.8000431061,
MC_G1_D060_DENS_LOW_V_LOW_S007,MC_G1_D060_DENS_LOW_V_LOW,7,2.70900559425,2.98708170148,9.40221824413,0,0,10.836022377,
MC_G1_D060_DENS_LOW_V_LOW_S007,MC_G1_D060_DENS_LOW_V_LOW,7,2.71800017357,3.27720315073,9.5521729786,0,0,10.8720006943,
MC_G1_D060_DENS_LOW_V_LOW_S007,MC_G1_D060_DENS_LOW_V_LOW,7,2.72700667381,3.14211249203,10.3257402265,0,0,10.9080266953,
MC_G1_D060_DENS_LOW_V_LOW_S007,MC_G1_D060_DENS_LOW_V_LOW,7,2.73600149155,3.34555247936,11.4627435622,0,0,10.9440059662,
MC_G1_D060_DENS_LOW_V_LOW_S007,MC_G1_D060_DENS_LOW_V_LOW,7,2.74500799179,3.16535280937,10.9572168023,0,0,10.9800319672,
MC_G1_D060_DENS_LOW_V_LOW_S007,MC_G1_D060_DENS_LOW_V_LOW,7,2.75400257111,3.03283399853,11.2203529155,0,0,11.0160102844,
MC_G1_D060_DENS_LOW_V_LOW_S007,MC_G1_D060_DENS_LOW_V_LOW,7,2.76300907135,3.05114195463,12.1175275418,0,0,11.0520362854,
MC_G1_D060_DENS_LOW_V_LOW_S007,MC_G1_D060_DENS_LOW_V_LOW,7,2.77200388908,3.20812850661,11.3563104671,0,0,11.0880155563,
MC_G1_D060_DENS_LOW_V_LOW_S007,MC_G1_D060_DENS_LOW_V_LOW,7,2.78101038933,3.08453755239,11.1643720902,0,0,11.1240415573,
MC_G1_D060_DENS_LOW_V_LOW_S007,MC_G1_D060_DENS_LOW_V_LOW,7,2.79000496864,3.18051557299,11.1704854757,0,0,11.1600198746,
MC_G1_D060_DENS_LOW_V_LOW_S007,MC_G1_D060_DENS_LOW_V_LOW,7,2.79901146889,3.00723144086,10.5567104289,0,0,11.1960458755,
MC_G1_D060_DENS_LOW_V_LOW_S007,MC_G1_D060_DENS_LOW_V_LOW,7,2.80800628662,3.12575835454,10.9810025065,0,0,11.2320251465,
MC_G1_D060_DENS_LOW_V_LOW_S007,MC_G1_D060_DENS_LOW_V_LOW,7,2.81700086594,3.10326709813,8.86841999554,0,0,11.2680034637,
MC_G1_D060_DENS_LOW_V_LOW_S007,MC_G1_D060_DENS_LOW_V_LOW,7,2.82600736618,3.1391406413,9.8183057251,0,0,11.3040294647,
MC_G1_D060_DENS_LOW_V_LOW_S007,MC_G1_D060_DENS_LOW_V_LOW,7,2.8350019455,3.21994532076,10.4665584615,0,0,11.340007782,
MC_G1_D060_DENS_LOW_V_LOW_S007,MC_G1_D060_DENS_LOW_V_LOW,7,2.84400868416,3.23160196108,10.8272246528,0,0,11.3760347366,
MC_G1_D060_DENS_LOW_V_LOW_S007,MC_G1_D060_DENS_LOW_V_LOW,7,2.85300326347,3.10312699999,11.020973013,0,0,11.4120130539,
MC_G1_D060_DENS_LOW_V_LOW_S007,MC_G1_D060_DENS_LOW_V_LOW,7,2.86200976372,3.33005792708,12.2234049884,0,0,11.4480390549,
MC_G1_D060_DENS_LOW_V_LOW_S007,MC_G1_D060_DENS_LOW_V_LOW,7,2.87100434303,3.23829774562,12.5581680415,0,0,11.4840173721,
MC_G1_D060_DENS_LOW_V_LOW_S007,MC_G1_D060_DENS_LOW_V_LOW,7,2.8800110817,3.20804345473,11.9953386567,0,0,11.5200443268,
MC_G1_D060_DENS_LOW_V_LOW_S007,MC_G1_D060_DENS_LOW_V_LOW,7,2.88900566101,3.37233367471,11.9375336636,0,0,11.556022644,
MC_G1_D060_DENS_LOW_V_LOW_S007,MC_G1_D060_DENS_LOW_V_LOW,7,2.89800024033,3.25909379292,12.3000462371,0,0,11.5920009613,
MC_G1_D060_DENS_LOW_V_LOW_S007,MC_G1_D060_DENS_LOW_V_LOW,7,2.90700674057,3.20063250048,12.0187144308,0,0,11.6280269623,
MC_G1_D060_DENS_LOW_V_LOW_S007,MC_G1_D060_DENS_LOW_V_LOW,7,2.9160015583,3.56914177435,10.8606022432,0,0,11.6640062332,
MC_G1_D060_DENS_LOW_V_LOW_S007,MC_G1_D060_DENS_LOW_V_LOW,7,2.92500805855,3.27056176486,10.9186733963,0,0,11.7000322342,
MC_G1_D060_DENS_LOW_V_LOW_S007,MC_G1_D060_DENS_LOW_V_LOW,7,2.93400263786,3.31160555548,10.932670758,0,0,11.7360105515,
MC_G1_D060_DENS_LOW_V_LOW_S007,MC_G1_D060_DENS_LOW_V_LOW,7,2.94300913811,3.23702153573,10.3456175313,0,0,11.7720365524,
MC_G1_D060_DENS_LOW_V_LOW_S007,MC_G1_D060_DENS_LOW_V_LOW,7,2.95200395584,3.3367284551,9.98381048794,0,0,11.8080158234,
MC_G1_D060_DENS_LOW_V_LOW_S007,MC_G1_D060_DENS_LOW_V_LOW,7,2.96101045609,3.55107666941,11.1683572791,0,0,11.8440418243,
MC_G1_D060_DENS_LOW_V_LOW_S007,MC_G1_D060_DENS_LOW_V_LOW,7,2.9700050354,3.36589023952,12.065950004,0,0,11.8800201416,
MC_G1_D060_DENS_LOW_V_LOW_S007,MC_G1_D060_DENS_LOW_V_LOW,7,2.97901153564,3.47125526736,12.2692218799,0,0,11.9160461426,
MC_G1_D060_DENS_LOW_V_LOW_S007,MC_G1_D060_DENS_LOW_V_LOW,7,2.98800635338,3.52645134485,11.6603194634,0,0,11.9520254135,
MC_G1_D060_DENS_LOW_V_LOW_S007,MC_G1_D060_DENS_LOW_V_LOW,7,2.99700093269,3.41798904716,12.9769728486,0,0,11.9880037308,
MC_G1_D060_DENS_LOW_V_LOW_S007,MC_G1_D060_DENS_LOW_V_LOW,7,3.00600743294,3.26437715505,12.1966030111,0,0,12.0240297318,
MC_G1_D060_DENS_LOW_V_LOW_S007,MC_G1_D060_DENS_LOW_V_LOW,7,3.01500201225,3.52878120502,13.0246620716,0,0,12.060008049,
MC_G1_D060_DENS_LOW_V_LOW_S007,MC_G1_D060_DENS_LOW_V_LOW,7,3.02400875092,3.48570739448,12.2139972341,0,0,12.0960350037,
MC_G1_D060_DENS_LOW_V_LOW_S007,MC_G1_D060_DENS_LOW_V_LOW,7,3.03300333023,3.43598140468,12.2582696929,0,0,12.1320133209,
MC_G1_D060_DENS_LOW_V_LOW_S007,MC_G1_D060_DENS_LOW_V_LOW,7,3.04200983047,3.49881941488,13.7317057578,0,0,12.1680393219,
MC_G1_D060_DENS_LOW_V_LOW_S007,MC_G1_D060_DENS_LOW_V_LOW,7,3.05100440979,3.43917063418,12.09259378,0,0,12.2040176392,
MC_G1_D060_DENS_LOW_V_LOW_S007,MC_G1_D060_DENS_LOW_V_LOW,7,3.06001114845,3.40706506184,11.9702784084,0,0,12.2400445938,
MC_G1_D060_DENS_LOW_V_LOW_S007,MC_G1_D060_DENS_LOW_V_LOW,7,3.06900572777,3.44779886643,11.225509978,0,0,12.2760229111,
MC_G1_D060_DENS_LOW_V_LOW_S007,MC_G1_D060_DENS_LOW_V_LOW,7,3.07800030708,3.5464128476,12.9342233832,0,0,12.3120012283,
MC_G1_D060_DENS_LOW_V_LOW_S007,MC_G1_D060_DENS_LOW_V_LOW,7,3.08700680733,3.61944650547,12.2965377559,0,0,12.3480272293,
MC_G1_D060_DENS_LOW_V_LOW_S007,MC_G1_D060_DENS_LOW_V_LOW,7,3.09600162506,3.6264518443,12.3482904926,0,0,12.3840065002,
MC_G1_D060_DENS_LOW_V_LOW_S007,MC_G1_D060_DENS_LOW_V_LOW,7,3.10500812531,3.52283253861,13.3212969146,0,0,12.4200325012,
MC_G1_D060_DENS_LOW_V_LOW_S007,MC_G1_D060_DENS_LOW_V_LOW,7,3.11400270462,3.80704590459,12.6449286787,0,0,12.4560108185,
MC_G1_D060_DENS_LOW_V_LOW_S007,MC_G1_D060_DENS_LOW_V_LOW,7,3.12300920486,3.85826440372,14.2286804595,0,0,12.4920368195,
MC_G1_D060_DENS_LOW_V_LOW_S007,MC_G1_D060_DENS_LOW_V_LOW,7,3.1320040226,3.48423064349,11.7804545218,0,0,12.5280160904,
MC_G1_D060_DENS_LOW_V_LOW_S007,MC_G1_D060_DENS_LOW_V_LOW,7,3.14101052284,3.5565381224,13.9286083831,0,0,12.5640420914,
MC_G1_D060_DENS_LOW_V_LOW_S007,MC_G1_D060_DENS_LOW_V_LOW,7,3.15000510216,3.42290888807,12.4821932945,0,0,12.6000204086,
MC_G1_D060_DENS_LOW_V_LOW_S007,MC_G1_D060_DENS_LOW_V_LOW,7,3.1590116024,3.50741289243,12.9428461495,0,0,12.6360464096,
MC_G1_D060_DENS_LOW_V_LOW_S007,MC_G1_D060_DENS_LOW_V_LOW,7,3.16800642014,3.46729776468,11.9471405642,0,0,12.6720256805,
MC_G1_D060_DENS_LOW_V_LOW_S007,MC_G1_D060_DENS_LOW_V_LOW,7,3.17700099945,3.70294413458,13.1541348718,0,0,12.7080039978,
MC_G1_D060_DENS_LOW_V_LOW_S007,MC_G1_D060_DENS_LOW_V_LOW,7,3.18600749969,3.79214153462,11.6756231138,0,0,12.7440299988,
MC_G1_D060_DENS_LOW_V_LOW_S007,MC_G1_D060_DENS_LOW_V_LOW,7,3.19500207901,3.77612803638,11.8972191607,0,0,12.780008316,
MC_G1_D060_DENS_LOW_V_LOW_S007,MC_G1_D060_DENS_LOW_V_LOW,7,3.20400857925,3.85870002475,12.9627945727,0,0,12.816034317,
MC_G1_D060_DENS_LOW_V_LOW_S007,MC_G1_D060_DENS_LOW_V_LOW,7,3.21300339699,3.79378558308,13.7026858151,0,0,12.852013588,
MC_G1_D060_DENS_LOW_V_LOW_S007,MC_G1_D060_DENS_LOW_V_LOW,7,3.22200989723,3.95293189146,13.7393218085,0,0,12.8880395889,
MC_G1_D060_DENS_LOW_V_LOW_S007,MC_G1_D060_DENS_LOW_V_LOW,7,3.23100447655,3.86370167953,13.8253980143,0,0,12.9240179062,
MC_G1_D060_DENS_LOW_V_LOW_S007,MC_G1_D060_DENS_LOW_V_LOW,7,3.24001097679,3.6119006339,13.7823556153,0,0,12.9600439072,
MC_G1_D060_DENS_LOW_V_LOW_S007,MC_G1_D060_DENS_LOW_V_LOW,7,3.24900579453,3.80046971076,14.2097193693,0,0,12.9960231781,
MC_G1_D060_DENS_LOW_V_LOW_S007,MC_G1_D060_DENS_LOW_V_LOW,7,3.25800037384,3.68752945335,14.9056684343,0,0,13.0320014954,
MC_G1_D060_DENS_LOW_V_LOW_S007,MC_G1_D060_DENS_LOW_V_LOW,7,3.26700687408,3.67866937918,14.2550462866,0,0,13.0680274963,
MC_G1_D060_DENS_LOW_V_LOW_S007,MC_G1_D060_DENS_LOW_V_LOW,7,3.2760014534,3.91777481321,13.1703273504,0,0,13.1040058136,
MC_G1_D060_DENS_LOW_V_LOW_S007,MC_G1_D060_DENS_LOW_V_LOW,7,3.28500819206,3.69732639337,13.3376290174,0,0,13.1400327682,
MC_G1_D060_DENS_LOW_V_LOW_S007,MC_G1_D060_DENS_LOW_V_LOW,7,3.29400277138,3.70268854721,13.798494785,0,0,13.1760110855,
MC_G1_D060_DENS_LOW_V_LOW_S007,MC_G1_D060_DENS_LOW_V_LOW,7,3.30300927162,3.93210367988,13.2804134068,0,0,13.2120370865,
MC_G1_D060_DENS_LOW_V_LOW_S007,MC_G1_D060_DENS_LOW_V_LOW,7,3.31200385094,3.86171828703,12.8594274693,0,0,13.2480154037,
MC_G1_D060_DENS_LOW_V_LOW_S007,MC_G1_D060_DENS_LOW_V_LOW,7,3.3210105896,3.85226932576,12.8129775134,0,0,13.2840423584,
MC_G1_D060_DENS_LOW_V_LOW_S007,MC_G1_D060_DENS_LOW_V_LOW,7,3.33000516891,4.05598972525,13.4166275581,0,0,13.3200206757,
MC_G1_D060_DENS_LOW_V_LOW_S007,MC_G1_D060_DENS_LOW_V_LOW,7,3.33901166916,3.82301536583,13.5330857105,0,0,13.3560466766,
MC_G1_D060_DENS_LOW_V_LOW_S007,MC_G1_D060_DENS_LOW_V_LOW,7,3.34800624847,3.62932590695,14.3429981358,0,0,13.3920249939,
MC_G1_D060_DENS_LOW_V_LOW_S007,MC_G1_D060_DENS_LOW_V_LOW,7,3.35700106621,4.00237509457,15.0244636012,0,0,13.4280042648,
MC_G1_D060_DENS_LOW_V_LOW_S007,MC_G1_D060_DENS_LOW_V_LOW,7,3.36600756645,3.90189903856,15.7057063945,0,0,13.4640302658,
MC_G1_D060_DENS_LOW_V_LOW_S007,MC_G1_D060_DENS_LOW_V_LOW,7,3.37500214577,3.66417645306,14.2914045286,0,0,13.5000085831,
MC_G1_D060_DENS_LOW_V_LOW_S007,MC_G1_D060_DENS_LOW_V_LOW,7,3.38400864601,4.16892955093,14.4248155361,0,0,13.536034584,
MC_G1_D060_DENS_LOW_V_LOW_S007,MC_G1_D060_DENS_LOW_V_LOW,7,3.39300346375,3.88967531378,15.1283623155,0,0,13.572013855,
MC_G1_D060_DENS_LOW_V_LOW_S007,MC_G1_D060_DENS_LOW_V_LOW,7,3.40200996399,4.07846716612,14.1332209519,0,0,13.608039856,
MC_G1_D060_DENS_LOW_V_LOW_S007,MC_G1_D060_DENS_LOW_V_LOW,7,3.4110045433,3.78973633663,14.1544701314,0,0,13.6440181732,
MC_G1_D060_DENS_LOW_V_LOW_S007,MC_G1_D060_DENS_LOW_V_LOW,7,3.42001104355,3.88265400074,14.4327724295,0,0,13.6800441742,
MC_G1_D060_DENS_LOW_V_LOW_S007,MC_G1_D060_DENS_LOW_V_LOW,7,3.42900586128,4.01182794146,12.9346568754,0,0,13.7160234451,
MC_G1_D060_DENS_LOW_V_LOW_S007,MC_G1_D060_DENS_LOW_V_LOW,7,3.4380004406,3.97470517187,14.034177565,0,0,13.7520017624,
MC_G1_D060_DENS_LOW_V_LOW_S007,MC_G1_D060_DENS_LOW_V_LOW,7,3.44700694084,4.35828093236,14.5798228264,0,0,13.7880277634,
MC_G1_D060_DENS_LOW_V_LOW_S007,MC_G1_D060_DENS_LOW_V_LOW,7,3.45600152016,3.94813962837,14.437173667,0,0,13.8240060806,
MC_G1_D060_DENS_LOW_V_LOW_S007,MC_G1_D060_DENS_LOW_V_LOW,7,3.4650080204,3.98596353627,15.6576767472,0,0,13.8600320816,
MC_G1_D060_DENS_LOW_V_LOW_S007,MC_G1_D060_DENS_LOW_V_LOW,7,3.47400283813,4.04160645992,15.9797978539,0,0,13.8960113525,
MC_G1_D060_DENS_LOW_V_LOW_S007,MC_G1_D060_DENS_LOW_V_LOW,7,3.48300933838,3.90478044072,15.2604858555,0,0,13.9320373535,
MC_G1_D060_DENS_LOW_V_LOW_S007,MC_G1_D060_DENS_LOW_V_LOW,7,3.49200391769,4.18939121915,15.0556754135,0,0,13.9680156708,
MC_G1_D060_DENS_LOW_V_LOW_S007,MC_G1_D060_DENS_LOW_V_LOW,7,3.50101041794,3.84355733684,15.9049123778,0,0,14.0040416718,
MC_G1_D060_DENS_LOW_V_LOW_S007,MC_G1_D060_DENS_LOW_V_LOW,7,3.51000523567,3.84534083583,15.6030548815,0,0,14.0400209427,
MC_G1_D060_DENS_LOW_V_LOW_S007,MC_G1_D060_DENS_LOW_V_LOW,7,3.51901173592,3.77287620524,14.6053362964,0,0,14.0760469437,
MC_G1_D060_DENS_LOW_V_LOW_S007,MC_G1_D060_DENS_LOW_V_LOW,7,3.52800631523,4.07498478827,15.6525869197,0,0,14.1120252609,
MC_G1_D060_DENS_LOW_V_LOW_S007,MC_G1_D060_DENS_LOW_V_LOW,7,3.53700089455,3.93158689259,14.7245838738,0,0,14.1480035782,
MC_G1_D060_DENS_LOW_V_LOW_S007,MC_G1_D060_DENS_LOW_V_LOW,7,3.54600763321,4.05580666943,14.309772384,0,0,14.1840305328,
MC_G1_D060_DENS_LOW_V_LOW_S007,MC_G1_D060_DENS_LOW_V_LOW,7,3.55500221252,4.2330759353,14.62014257,0,0,14.2200088501,
MC_G1_D060_DENS_LOW_V_LOW_S007,MC_G1_D060_DENS_LOW_V_LOW,7,3.56400871277,4.32317782103,15.0068221548,0,0,14.2560348511,
MC_G1_D060_DENS_LOW_V_LOW_S007,MC_G1_D060_DENS_LOW_V_LOW,7,3.57300329208,4.27741559407,15.8005239891,0,0,14.2920131683,
MC_G1_D060_DENS_LOW_V_LOW_S007,MC_G1_D060_DENS_LOW_V_LOW,7,3.58201003075,4.59863753562,16.7696026451,0,0,14.328040123,
MC_G1_D060_DENS_LOW_V_LOW_S007,MC_G1_D060_DENS_LOW_V_LOW,7,3.59100461006,4.17600396742,16.7951240061,0,0,14.3640184402,
MC_G1_D060_DENS_LOW_V_LOW_S007,MC_G1_D060_DENS_LOW_V_LOW,7,3.60001111031,4.27544169976,15.4426592693,0,0,14.4000444412,
MC_G1_D060_DENS_LOW_V_LOW_S007,MC_G1_D060_DENS_LOW_V_LOW,7,3.60900568962,4.22337009145,16.7803131577,0,0,14.4360227585,
MC_G1_D060_DENS_LOW_V_LOW_S007,MC_G1_D060_DENS_LOW_V_LOW,7,3.61800050735,3.8203597613,16.5255220052,0,0,14.4720020294,
MC_G1_D060_DENS_LOW_V_LOW_S007,MC_G1_D060_DENS_LOW_V_LOW,7,3.6270070076,4.21332663051,15.5222709324,0,0,14.5080280304,
MC_G1_D060_DENS_LOW_V_LOW_S007,MC_G1_D060_DENS_LOW_V_LOW,7,3.63600158691,4.03421644484,15.0806125129,0,0,14.5440063477,
MC_G1_D060_DENS_LOW_V_LOW_S007,MC_G1_D060_DENS_LOW_V_LOW,7,3.64500808716,4.28752122491,16.0619575585,0,0,14.5800323486,
MC_G1_D060_DENS_LOW_V_LOW_S007,MC_G1_D060_DENS_LOW_V_LOW,7,3.65400266647,4.31354062312,16.9130918012,0,0,14.6160106659,
MC_G1_D060_DENS_LOW_V_LOW_S007,MC_G1_D060_DENS_LOW_V_LOW,7,3.66300940514,4.21552416377,15.6814779371,0,0,14.6520376205,
MC_G1_D060_DENS_LOW_V_LOW_S007,MC_G1_D060_DENS_LOW_V_LOW,7,3.67200398445,4.1258656703,15.359014785,0,0,14.6880159378,
MC_G1_D060_DENS_LOW_V_LOW_S007,MC_G1_D060_DENS_LOW_V_LOW,7,3.6810104847,4.51375878493,14.9168866888,0,0,14.7240419388,
MC_G1_D060_DENS_LOW_V_LOW_S007,MC_G1_D060_DENS_LOW_V_LOW,7,3.69000506401,4.17017769801,15.9417073779,0,0,14.760020256,
MC_G1_D060_DENS_LOW_V_LOW_S007,MC_G1_D060_DENS_LOW_V_LOW,7,3.69901180267,4.10254505017,16.5551893768,0,0,14.7960472107,
MC_G1_D060_DENS_LOW_V_LOW_S007,MC_G1_D060_DENS_LOW_V_LOW,7,3.70800638199,4.2077442916,17.0328093004,0,0,14.832025528,
MC_G1_D060_DENS_LOW_V_LOW_S007,MC_G1_D060_DENS_LOW_V_LOW,7,3.7170009613,4.43244401007,16.9910937561,0,0,14.8680038452,
MC_G1_D060_DENS_LOW_V_LOW_S007,MC_G1_D060_DENS_LOW_V_LOW,7,3.72600746155,4.21720404626,17.061183908,0,0,14.9040298462,
MC_G1_D060_DENS_LOW_V_LOW_S007,MC_G1_D060_DENS_LOW_V_LOW,7,3.73500227928,4.52315032539,16.7216279692,0,0,14.9400091171,
MC_G1_D060_DENS_LOW_V_LOW_S007,MC_G1_D060_DENS_LOW_V_LOW,7,3.74400877953,4.26549581102,17.4822660181,0,0,14.9760351181,
MC_G1_D060_DENS_LOW_V_LOW_S007,MC_G1_D060_DENS_LOW_V_LOW,7,3.75300335884,4.35152815874,16.9971185823,0,0,15.0120134354,
MC_G1_D060_DENS_LOW_V_LOW_S007,MC_G1_D060_DENS_LOW_V_LOW,7,3.76200985909,4.27855494383,17.59534425,0,0,15.0480394363,
MC_G1_D060_DENS_LOW_V_LOW_S007,MC_G1_D060_DENS_LOW_V_LOW,7,3.7710044384,4.40933537203,17.1967041226,0,0,15.0840177536,
MC_G1_D060_DENS_LOW_V_LOW_S007,MC_G1_D060_DENS_LOW_V_LOW,7,3.78001117706,4.20286827184,16.5317458029,0,0,15.1200447083,
MC_G1_D060_DENS_LOW_V_LOW_S007,MC_G1_D060_DENS_LOW_V_LOW,7,3.78900575638,4.57809729156,16.879976604,0,0,15.1560230255,
MC_G1_D060_DENS_LOW_V_LOW_S007,MC_G1_D060_DENS_LOW_V_LOW,7,3.79800033569,4.2240716615,16.4238171026,0,0,15.1920013428,
MC_G1_D060_DENS_LOW_V_LOW_S007,MC_G1_D060_DENS_LOW_V_LOW,7,3.80700683594,4.42297043988,16.8524715977,0,0,15.2280273438,
MC_G1_D060_DENS_LOW_V_LOW_S007,MC_G1_D060_DENS_LOW_V_LOW,7,3.81600165367,4.65638775983,16.3954464799,0,0,15.2640066147,
MC_G1_D060_DENS_LOW_V_LOW_S007,MC_G1_D060_DENS_LOW_V_LOW,7,3.82500815392,4.37442265602,16.3126497668,0,0,15.3000326157,
MC_G1_D060_DENS_LOW_V_LOW_S007,MC_G1_D060_DENS_LOW_V_LOW,7,3.83400273323,4.30715007552,17.795277379,0,0,15.3360109329,
MC_G1_D060_DENS_LOW_V_LOW_S007,MC_G1_D060_DENS_LOW_V_LOW,7,3.84300923347,4.24378729092,16.9722333008,0,0,15.3720369339,
MC_G1_D060_DENS_LOW_V_LOW_S007,MC_G1_D060_DENS_LOW_V_LOW,7,3.85200405121,4.28344607434,17.46901383,0,0,15.4080162048,
MC_G1_D060_DENS_LOW_V_LOW_S007,MC_G1_D060_DENS_LOW_V_LOW,7,3.86101055145,4.35677806138,18.2426981871,0,0,15.4440422058,
MC_G1_D060_DENS_LOW_V_LOW_S007,MC_G1_D060_DENS_LOW_V_LOW,7,3.87000513077,4.43557711397,16.9884052006,0,0,15.4800205231,
MC_G1_D060_DENS_LOW_V_LOW_S007,MC_G1_D060_DENS_LOW_V_LOW,7,3.87901163101,4.24569253931,18.69323176,0,0,15.516046524,
MC_G1_D060_DENS_LOW_V_LOW_S007,MC_G1_D060_DENS_LOW_V_LOW,7,3.88800621033,4.47467939044,18.4051577877,0,0,15.5520248413,
MC_G1_D060_DENS_LOW_V_LOW_S007,MC_G1_D060_DENS_LOW_V_LOW,7,3.89700102806,4.47253021155,18.3927837739,0,0,15.5880041122,
MC_G1_D060_DENS_LOW_V_LOW_S007,MC_G1_D060_DENS_LOW_V_LOW,7,3.90600752831,4.64275182851,18.0193024394,0,0,15.6240301132,
MC_G1_D060_DENS_LOW_V_LOW_S007,MC_G1_D060_DENS_LOW_V_LOW,7,3.91500210762,4.70075548141,16.993580596,0,0,15.6600084305,
MC_G1_D060_DENS_LOW_V_LOW_S007,MC_G1_D060_DENS_LOW_V_LOW,7,3.92400860786,4.2920756018,15.9711994765,0,0,15.6960344315,
MC_G1_D060_DENS_LOW_V_LOW_S007,MC_G1_D060_DENS_LOW_V_LOW,7,3.9330034256,4.67884965823,18.3651802905,0,0,15.7320137024,
MC_G1_D060_DENS_LOW_V_LOW_S007,MC_G1_D060_DENS_LOW_V_LOW,7,3.94200992584,4.67383332445,17.8200438116,0,0,15.7680397034,
MC_G1_D060_DENS_LOW_V_LOW_S007,MC_G1_D060_DENS_LOW_V_LOW,7,3.95100450516,4.65920699209,18.3936799339,0,0,15.8040180206,
MC_G1_D060_DENS_LOW_V_LOW_S007,MC_G1_D060_DENS_LOW_V_LOW,7,3.9600110054,4.52017610012,17.8928483818,0,0,15.8400440216,
MC_G1_D060_DENS_LOW_V_LOW_S007,MC_G1_D060_DENS_LOW_V_LOW,7,3.96900582314,4.56338720252,18.2063931721,0,0,15.8760232925,
MC_G1_D060_DENS_LOW_V_LOW_S007,MC_G1_D060_DENS_LOW_V_LOW,7,3.97800040245,4.56846311579,18.9621548685,0,0,15.9120016098,
MC_G1_D060_DENS_LOW_V_LOW_S007,MC_G1_D060_DENS_LOW_V_LOW,7,3.98700690269,4.42505572193,19.2760168764,0,0,15.9480276108,
MC_G1_D060_DENS_LOW_V_LOW_S007,MC_G1_D060_DENS_LOW_V_LOW,7,3.99600148201,4.49180719779,18.2607664394,0,0,15.984005928,
MC_G1_D060_DENS_LOW_V_LOW_S007,MC_G1_D060_DENS_LOW_V_LOW,7,4.00500822067,4.52750696746,19.1329522965,0,0,16.0200328827,
MC_G1_D060_DENS_LOW_V_LOW_S007,MC_G1_D060_DENS_LOW_V_LOW,7,4.01400279999,4.78733311096,18.8729552077,0,0,16.0560112,
MC_G1_D060_DENS_LOW_V_LOW_S007,MC_G1_D060_DENS_LOW_V_LOW,7,4.02300930023,4.69051903474,18.7949267852,0,0,16.0920372009,
MC_G1_D060_DENS_LOW_V_LOW_S007,MC_G1_D060_DENS_LOW_V_LOW,7,4.03200387955,4.49163709404,18.712861269,0,0,16.1280155182,
MC_G1_D060_DENS_LOW_V_LOW_S007,MC_G1_D060_DENS_LOW_V_LOW,7,4.04101037979,4.47212438026,18.8271453849,0,0,16.1640415192,
MC_G1_D060_DENS_LOW_V_LOW_S007,MC_G1_D060_DENS_LOW_V_LOW,7,4.05000495911,4.58570921865,18.136524946,0,0,16.2000198364,
MC_G1_D060_DENS_LOW_V_LOW_S007,MC_G1_D060_DENS_LOW_V_LOW,7,4.05901145935,4.84555133636,20.2138057949,0,0,16.2360458374,
MC_G1_D060_DENS_LOW_V_LOW_S007,MC_G1_D060_DENS_LOW_V_LOW,7,4.0680065155,4.4894093393,18.831715007,0,0,16.272026062,
MC_G1_D060_DENS_LOW_V_LOW_S007,MC_G1_D060_DENS_LOW_V_LOW,7,4.07700109482,4.69169680895,18.6591055893,0,0,16.3080043793,
MC_G1_D060_DENS_LOW_V_LOW_S007,MC_G1_D060_DENS_LOW_V_LOW,7,4.08600759506,4.61411352328,19.3496233611,0,0,16.3440303802,
MC_G1_D060_DENS_LOW_V_LOW_S007,MC_G1_D060_DENS_LOW_V_LOW,7,4.09500217438,4.40372540206,19.2270931986,0,0,16.3800086975,
MC_G1_D060_DENS_LOW_V_LOW_S007,MC_G1_D060_DENS_LOW_V_LOW,7,4.10400867462,4.53051443635,21.1667425642,0,0,16.4160346985,
MC_G1_D060_DENS_LOW_V_LOW_S007,MC_G1_D060_DENS_LOW_V_LOW,7,4.11300325394,4.55263828592,19.7602757341,0,0,16.4520130157,
MC_G1_D060_DENS_LOW_V_LOW_S007,MC_G1_D060_DENS_LOW_V_LOW,7,4.12200975418,4.76059098767,19.1263599041,0,0,16.4880390167,
MC_G1_D060_DENS_LOW_V_LOW_S007,MC_G1_D060_DENS_LOW_V_LOW,7,4.1310043335,4.77378223152,20.0084561819,0,0,16.524017334,
MC_G1_D060_DENS_LOW_V_LOW_S007,MC_G1_D060_DENS_LOW_V_LOW,7,4.14001083374,4.95526134941,19.0411165891,0,0,16.560043335,
MC_G1_D060_DENS_LOW_V_LOW_S007,MC_G1_D060_DENS_LOW_V_LOW,7,4.14900588989,4.62715193279,19.2263127653,0,0,16.5960235596,
MC_G1_D060_DENS_LOW_V_LOW_S007,MC_G1_D060_DENS_LOW_V_LOW,7,4.15800046921,4.52996699585,19.8379733244,0,0,16.6320018768,
MC_G1_D060_DENS_LOW_V_LOW_S007,MC_G1_D060_DENS_LOW_V_LOW,7,4.16700696945,4.81417712381,17.8363930303,0,0,16.6680278778,
MC_G1_D060_DENS_LOW_V_LOW_S007,MC_G1_D060_DENS_LOW_V_LOW,7,4.17600154877,4.99677529989,20.5121970735,0,0,16.7040061951,
MC_G1_D060_DENS_LOW_V_LOW_S007,MC_G1_D060_DENS_LOW_V_LOW,7,4.18500804901,4.86331940733,20.8249439644,0,0,16.740032196,
MC_G1_D060_DENS_LOW_V_LOW_S007,MC_G1_D060_DENS_LOW_V_LOW,7,4.19400262833,4.85533532432,20.0537673671,0,0,16.7760105133,
MC_G1_D060_DENS_LOW_V_LOW_S007,MC_G1_D060_DENS_LOW_V_LOW,7,4.20300912857,4.67239003296,19.8053722756,0,0,16.8120365143,
MC_G1_D060_DENS_LOW_V_LOW_S007,MC_G1_D060_DENS_LOW_V_LOW,7,4.21200370789,4.70898824402,21.0025698484,0,0,16.8480148315,
MC_G1_D060_DENS_LOW_V_LOW_S007,MC_G1_D060_DENS_LOW_V_LOW,7,4.22101020813,4.91585599468,21.6019381383,0,0,16.8840408325,
MC_G1_D060_DENS_LOW_V_LOW_S007,MC_G1_D060_DENS_LOW_V_LOW,7,4.23000526428,4.77609460639,20.8736789637,0,0,16.9200210571,
MC_G1_D060_DENS_LOW_V_LOW_S007,MC_G1_D060_DENS_LOW_V_LOW,7,4.23901176453,4.7064254626,21.3436884352,0,0,16.9560470581,
MC_G1_D060_DENS_LOW_V_LOW_S007,MC_G1_D060_DENS_LOW_V_LOW,7,4.24800634384,4.87740736563,19.3088001825,0,0,16.9920253754,
MC_G1_D060_DENS_LOW_V_LOW_S007,MC_G1_D060_DENS_LOW_V_LOW,7,4.25700092316,4.59405725461,19.8947492132,0,0,17.0280036926,
MC_G1_D060_DENS_LOW_V_LOW_S007,MC_G1_D060_DENS_LOW_V_LOW,7,4.2660074234,4.63845735635,20.2953812206,0,0,17.0640296936,
MC_G1_D060_DENS_LOW_V_LOW_S007,MC_G1_D060_DENS_LOW_V_LOW,7,4.27500200272,4.69271527279,20.9235509303,0,0,17.1000080109,
MC_G1_D060_DENS_LOW_V_LOW_S007,MC_G1_D060_DENS_LOW_V_LOW,7,4.28400850296,5.12017866507,20.6867328877,0,0,17.1360340118,
MC_G1_D060_DENS_LOW_V_LOW_S007,MC_G1_D060_DENS_LOW_V_LOW,7,4.29300308228,4.79876373779,20.4678907594,0,0,17.1720123291,
MC_G1_D060_DENS_LOW_V_LOW_S007,MC_G1_D060_DENS_LOW_V_LOW,7,4.30200958252,4.93376999222,20.2830140401,0,0,17.2080383301,
MC_G1_D060_DENS_LOW_V_LOW_S007,MC_G1_D060_DENS_LOW_V_LOW,7,4.31100463867,5.01716443656,21.2128720015,0,0,17.2440185547,
MC_G1_D060_DENS_LOW_V_LOW_S007,MC_G1_D060_DENS_LOW_V_LOW,7,4.32001113892,5.00580936344,20.4631733777,0,0,17.2800445557,
MC_G1_D060_DENS_LOW_V_LOW_S007,MC_G1_D060_DENS_LOW_V_LOW,7,4.32900571823,4.90788659067,21.4223957304,0,0,17.3160228729,
MC_G1_D060_DENS_LOW_V_LOW_S007,MC_G1_D060_DENS_LOW_V_LOW,7,4.33800029755,4.90447026834,20.9305094252,0,0,17.3520011902,
MC_G1_D060_DENS_LOW_V_LOW_S007,MC_G1_D060_DENS_LOW_V_LOW,7,4.34700679779,4.87099005044,21.3202230614,0,0,17.3880271912,
MC_G1_D060_DENS_LOW_V_LOW_S007,MC_G1_D060_DENS_LOW_V_LOW,7,4.35600137711,4.87180430343,21.2363432121,0,0,17.4240055084,
MC_G1_D060_DENS_LOW_V_LOW_S007,MC_G1_D060_DENS_LOW_V_LOW,7,4.36500787735,4.77815916515,19.0557189823,0,0,17.4600315094,
MC_G1_D060_DENS_LOW_V_LOW_S007,MC_G1_D060_DENS_LOW_V_LOW,7,4.37400245667,5.09573035204,21.3556984674,0,0,17.4960098267,
MC_G1_D060_DENS_LOW_V_LOW_S007,MC_G1_D060_DENS_LOW_V_LOW,7,4.38300895691,4.96371257014,21.7445693767,0,0,17.5320358276,
MC_G1_D060_DENS_LOW_V_LOW_S007,MC_G1_D060_DENS_LOW_V_LOW,7,4.39200401306,4.86389663758,20.3425232456,0,0,17.5680160522,
MC_G1_D060_DENS_LOW_V_LOW_S007,MC_G1_D060_DENS_LOW_V_LOW,7,4.40101051331,5.05916927022,22.5528204712,0,0,17.6040420532,
MC_G1_D060_DENS_LOW_V_LOW_S007,MC_G1_D060_DENS_LOW_V_LOW,7,4.41000509262,5.04833616521,20.4454145163,0,0,17.6400203705,
MC_G1_D060_DENS_LOW_V_LOW_S007,MC_G1_D060_DENS_LOW_V_LOW,7,4.41901159286,4.87263496236,23.0072257476,0,0,17.6760463715,
MC_G1_D060_DENS_LOW_V_LOW_S007,MC_G1_D060_DENS_LOW_V_LOW,7,4.42800617218,4.92418071694,21.3650048676,0,0,17.7120246887,
MC_G1_D060_DENS_LOW_V_LOW_S007,MC_G1_D060_DENS_LOW_V_LOW,7,4.4370007515,5.0277674266,21.0840227068,0,0,17.748003006,
MC_G1_D060_DENS_LOW_V_LOW_S007,MC_G1_D060_DENS_LOW_V_LOW,7,4.44600725174,4.81003462251,22.4412395795,0,0,17.784029007,
MC_G1_D060_DENS_LOW_V_LOW_S007,MC_G1_D060_DENS_LOW_V_LOW,7,4.45500183105,5.06933793443,22.8348037441,0,0,17.8200073242,
MC_G1_D060_DENS_LOW_V_LOW_S007,MC_G1_D060_DENS_LOW_V_LOW,7,4.46400880814,4.64429398741,23.0144660448,0,0,17.8560352325,
MC_G1_D060_DENS_LOW_V_LOW_S007,MC_G1_D060_DENS_LOW_V_LOW,7,4.47300338745,5.14504619319,24.5204988839,0,0,17.8920135498,
MC_G1_D060_DENS_LOW_V_LOW_S007,MC_G1_D060_DENS_LOW_V_LOW,7,4.4820098877,5.0487432917,22.6092333497,0,0,17.9280395508,
MC_G1_D060_DENS_LOW_V_LOW_S007,MC_G1_D060_DENS_LOW_V_LOW,7,4.49100446701,5.07604408062,21.351439973,0,0,17.964017868,
MC_G1_D060_DENS_LOW_V_LOW_S007,MC_G1_D060_DENS_LOW_V_LOW,7,4.50001096725,5.25193481531,21.1040013062,0,0,18.000043869,
MC_G1_D060_DENS_LOW_V_LOW_S007,MC_G1_D060_DENS_LOW_V_LOW,7,4.50900554657,4.8485544879,21.6277560975,0,0,18.0360221863,
MC_G1_D060_DENS_LOW_V_LOW_S007,MC_G1_D060_DENS_LOW_V_LOW,7,4.51800012589,5.37539732824,22.7799730929,0,0,18.0720005035,
MC_G1_D060_DENS_LOW_V_LOW_S007,MC_G1_D060_DENS_LOW_V_LOW,7,4.52700662613,5.24119194299,21.6677072672,0,0,18.1080265045,
MC_G1_D060_DENS_LOW_V_LOW_S007,MC_G1_D060_DENS_LOW_V_LOW,7,4.53600120544,5.32910493018,22.0280979599,0,0,18.1440048218,
MC_G1_D060_DENS_LOW_V_LOW_S007,MC_G1_D060_DENS_LOW_V_LOW,7,4.54500818253,5.10717090878,23.2441119601,0,0,18.1800327301,
MC_G1_D060_DENS_LOW_V_LOW_S007,MC_G1_D060_DENS_LOW_V_LOW,7,4.55400276184,5.48372837837,23.692364157,0,0,18.2160110474,
MC_G1_D060_DENS_LOW_V_LOW_S007,MC_G1_D060_DENS_LOW_V_LOW,7,4.56300926208,5.0580523707,23.0430592433,0,0,18.2520370483,
MC_G1_D060_DENS_LOW_V_LOW_S007,MC_G1_D060_DENS_LOW_V_LOW,7,4.5720038414,5.01406155414,21.9999250002,0,0,18.2880153656,
MC_G1_D060_DENS_LOW_V_LOW_S007,MC_G1_D060_DENS_LOW_V_LOW,7,4.58101034164,4.98814447723,23.3398709221,0,0,18.3240413666,
MC_G1_D060_DENS_LOW_V_LOW_S007,MC_G1_D060_DENS_LOW_V_LOW,7,4.59000492096,5.06710888449,24.3504403056,0,0,18.3600196838,
MC_G1_D060_DENS_LOW_V_LOW_S007,MC_G1_D060_DENS_LOW_V_LOW,7,4.5990114212,5.07726502837,22.5416389053,0,0,18.3960456848,
MC_G1_D060_DENS_LOW_V_LOW_S007,MC_G1_D060_DENS_LOW_V_LOW,7,4.60800600052,5.17853288713,22.1337367441,0,0,18.4320240021,
MC_G1_D060_DENS_LOW_V_LOW_S007,MC_G1_D060_DENS_LOW_V_LOW,7,4.61700057983,4.99010023865,23.2522681533,0,0,18.4680023193,
MC_G1_D060_DENS_LOW_V_LOW_S007,MC_G1_D060_DENS_LOW_V_LOW,7,4.62600708008,5.28077171883,24.1757655231,0,0,18.5040283203,
MC_G1_D060_DENS_LOW_V_LOW_S007,MC_G1_D060_DENS_LOW_V_LOW,7,4.63500213623,4.94418604082,22.6042446956,0,0,18.5400085449,
MC_G1_D060_DENS_LOW_V_LOW_S007,MC_G1_D060_DENS_LOW_V_LOW,7,4.64400863647,5.24744044964,22.2588214984,0,0,18.5760345459,
MC_G1_D060_DENS_LOW_V_LOW_S007,MC_G1_D060_DENS_LOW_V_LOW,7,4.65300321579,5.49300550895,24.1681528672,0,0,18.6120128632,
MC_G1_D060_DENS_LOW_V_LOW_S007,MC_G1_D060_DENS_LOW_V_LOW,7,4.66200971603,5.06023522496,23.7680268497,0,0,18.6480388641,
MC_G1_D060_DENS_LOW_V_LOW_S007,MC_G1_D060_DENS_LOW_V_LOW,7,4.67100429535,5.24041007016,22.7233463232,0,0,18.6840171814,
MC_G1_D060_DENS_LOW_V_LOW_S007,MC_G1_D060_DENS_LOW_V_LOW,7,4.68001079559,5.38662460768,24.0828187081,0,0,18.7200431824,
MC_G1_D060_DENS_LOW_V_LOW_S007,MC_G1_D060_DENS_LOW_V_LOW,7,4.68900537491,5.18934311016,23.628568316,0,0,18.7560214996,
MC_G1_D060_DENS_LOW_V_LOW_S007,MC_G1_D060_DENS_LOW_V_LOW,7,4.69799995422,5.15422575157,23.059776835,0,0,18.7919998169,
MC_G1_D060_DENS_LOW_V_LOW_S007,MC_G1_D060_DENS_LOW_V_LOW,7,4.70700645447,5.20736374635,25.070148395,0,0,18.8280258179,
MC_G1_D060_DENS_LOW_V_LOW_S007,MC_G1_D060_DENS_LOW_V_LOW,7,4.71600151062,5.11640141193,23.7274786693,0,0,18.8640060425,
MC_G1_D060_DENS_LOW_V_LOW_S007,MC_G1_D060_DENS_LOW_V_LOW,7,4.72500801086,5.12417783021,22.6503279203,0,0,18.9000320435,
MC_G1_D060_DENS_LOW_V_LOW_S007,MC_G1_D060_DENS_LOW_V_LOW,7,4.73400259018,4.98127470332,24.9737288943,0,0,18.9360103607,
MC_G1_D060_DENS_LOW_V_LOW_S007,MC_G1_D060_DENS_LOW_V_LOW,7,4.74300909042,5.28957782607,22.3197462596,0,0,18.9720363617,
MC_G1_D060_DENS_LOW_V_LOW_S007,MC_G1_D060_DENS_LOW_V_LOW,7,4.75200366974,5.49934683871,23.6734122709,0,0,19.008014679,
MC_G1_D060_DENS_LOW_V_LOW_S007,MC_G1_D060_DENS_LOW_V_LOW,7,4.76101016998,5.3166946957,24.6147626053,0,0,19.0440406799,
MC_G1_D060_DENS_LOW_V_LOW_S007,MC_G1_D060_DENS_LOW_V_LOW,7,4.7700047493,4.945882761,23.5702727856,0,0,19.0800189972,
MC_G1_D060_DENS_LOW_V_LOW_S007,MC_G1_D060_DENS_LOW_V_LOW,7,4.77901124954,5.48328757651,24.5112935859,0,0,19.1160449982,
MC_G1_D060_DENS_LOW_V_LOW_S007,MC_G1_D060_DENS_LOW_V_LOW,7,4.78800582886,4.92992193448,22.8008736938,0,0,19.1520233154,
MC_G1_D060_DENS_LOW_V_LOW_S007,MC_G1_D060_DENS_LOW_V_LOW,7,4.79700088501,5.32247131554,23.8975784676,0,0,19.18800354,
MC_G1_D060_DENS_LOW_V_LOW_S007,MC_G1_D060_DENS_LOW_V_LOW,7,4.80600738525,5.33597340889,25.487635848,0,0,19.224029541,
MC_G1_D060_DENS_LOW_V_LOW_S007,MC_G1_D060_DENS_LOW_V_LOW,7,4.81500196457,5.30236798772,23.5889054884,0,0,19.2600078583,
MC_G1_D060_DENS_LOW_V_LOW_S007,MC_G1_D060_DENS_LOW_V_LOW,7,4.82400846481,5.11594981669,24.2083042673,0,0,19.2960338593,
MC_G1_D060_DENS_LOW_V_LOW_S007,MC_G1_D060_DENS_LOW_V_LOW,7,4.83300304413,5.10803524308,24.9197855758,0,0,19.3320121765,
MC_G1_D060_DENS_LOW_V_LOW_S007,MC_G1_D060_DENS_LOW_V_LOW,7,4.84200954437,5.21432288949,25.872166828,0,0,19.3680381775,
MC_G1_D060_DENS_LOW_V_LOW_S007,MC_G1_D060_DENS_LOW_V_LOW,7,4.85100412369,5.42650012227,24.7173904782,0,0,19.4040164948,
MC_G1_D060_DENS_LOW_V_LOW_S007,MC_G1_D060_DENS_LOW_V_LOW,7,4.86001062393,5.33795766485,26.1349712138,0,0,19.4400424957,
MC_G1_D060_DENS_LOW_V_LOW_S007,MC_G1_D060_DENS_LOW_V_LOW,7,4.86900520325,5.41317633566,25.277413137,0,0,19.476020813,
MC_G1_D060_DENS_LOW_V_LOW_S007,MC_G1_D060_DENS_LOW_V_LOW,7,4.8780002594,5.06290637196,24.0096969222,0,0,19.5120010376,
MC_G1_D060_DENS_LOW_V_LOW_S007,MC_G1_D060_DENS_LOW_V_LOW,7,4.88700675964,5.45759457027,25.6896262755,0,0,19.5480270386,
MC_G1_D060_DENS_LOW_V_LOW_S007,MC_G1_D060_DENS_LOW_V_LOW,7,4.89600133896,5.3605007295,24.5873929041,0,0,19.5840053558,
MC_G1_D060_DENS_LOW_V_LOW_S007,MC_G1_D060_DENS_LOW_V_LOW,7,4.9050078392,5.07625951659,25.9146969308,0,0,19.6200313568,
MC_G1_D060_DENS_LOW_V_LOW_S007,MC_G1_D060_DENS_LOW_V_LOW,7,4.91400241852,5.2662006486,24.8424451286,0,0,19.6560096741,
MC_G1_D060_DENS_LOW_V_LOW_S007,MC_G1_D060_DENS_LOW_V_LOW,7,4.92300891876,5.52283065483,26.8342131575,0,0,19.692035675,
MC_G1_D060_DENS_LOW_V_LOW_S007,MC_G1_D060_DENS_LOW_V_LOW,7,4.93200349808,5.44237891907,25.3901063344,0,0,19.7280139923,
MC_G1_D060_DENS_LOW_V_LOW_S007,MC_G1_D060_DENS_LOW_V_LOW,7,4.94100999832,5.36112890453,25.9996497324,0,0,19.7640399933,
MC_G1_D060_DENS_LOW_V_LOW_S007,MC_G1_D060_DENS_LOW_V_LOW,7,4.95000457764,5.5439524465,26.5986284363,0,0,19.8000183105,
MC_G1_D060_DENS_LOW_V_LOW_S007,MC_G1_D060_DENS_LOW_V_LOW,7,4.95901155472,5.37294248067,26.3341420272,0,0,19.8360462189,
MC_G1_D060_DENS_LOW_V_LOW_S007,MC_G1_D060_DENS_LOW_V_LOW,7,4.96800613403,5.33585554512,25.7855107955,0,0,19.8720245361,
MC_G1_D060_DENS_LOW_V_LOW_S007,MC_G1_D060_DENS_LOW_V_LOW,7,4.97700071335,5.24199799301,24.821790018,0,0,19.9080028534,
MC_G1_D060_DENS_LOW_V_LOW_S007,MC_G1_D060_DENS_LOW_V_LOW,7,4.98600721359,5.58403001327,25.4379235543,0,0,19.9440288544,
MC_G1_D060_DENS_LOW_V_LOW_S007,MC_G1_D060_DENS_LOW_V_LOW,7,4.99500179291,5.41894086691,24.3980239568,0,0,19.9800071716,
MC_G1_D060_DENS_LOW_V_LOW_S007,MC_G1_D060_DENS_LOW_V_LOW,7,5.00400829315,5.48985945298,27.0602518496,0,0,20.0160331726,
MC_G1_D060_DENS_LOW_V_LOW_S007,MC_G1_D060_DENS_LOW_V_LOW,7,5.01300287247,5.41864599162,26.6437164664,0,0,20.0520114899,
MC_G1_D060_DENS_LOW_V_LOW_S007,MC_G1_D060_DENS_LOW_V_LOW,7,5.02200937271,5.62030442277,25.272937055,0,0,20.0880374908,
MC_G1_D060_DENS_LOW_V_LOW_S007,MC_G1_D060_DENS_LOW_V_LOW,7,5.03100395203,5.4671721887,27.1709167759,0,0,20.1240158081,
MC_G1_D060_DENS_LOW_V_LOW_S007,MC_G1_D060_DENS_LOW_V_LOW,7,5.04001092911,5.47977325024,26.06711751,0,0,20.1600437164,
MC_G1_D060_DENS_LOW_V_LOW_S007,MC_G1_D060_DENS_LOW_V_LOW,7,5.04900550842,5.30311532172,26.6861079314,0,0,20.1960220337,
MC_G1_D060_DENS_LOW_V_LOW_S007,MC_G1_D060_DENS_LOW_V_LOW,7,5.05801200867,5.22076395014,26.5943070279,0,0,20.2320480347,
MC_G1_D060_DENS_LOW_V_LOW_S007,MC_G1_D060_DENS_LOW_V_LOW,7,5.06700658798,5.05665182102,26.6283925286,0,0,20.2680263519,
MC_G1_D060_DENS_LOW_V_LOW_S007,MC_G1_D060_DENS_LOW_V_LOW,7,5.0760011673,5.40033522923,26.5639872203,0,0,20.3040046692,
MC_G1_D060_DENS_LOW_V_LOW_S007,MC_G1_D060_DENS_LOW_V_LOW,7,5.08500766754,5.2036387332,26.3901424038,0,0,20.3400306702,
MC_G1_D060_DENS_LOW_V_LOW_S007,MC_G1_D060_DENS_LOW_V_LOW,7,5.09400224686,5.4837275149,27.07027527,0,0,20.3760089874,
MC_G1_D060_DENS_LOW_V_LOW_S007,MC_G1_D060_DENS_LOW_V_LOW,7,5.1030087471,5.57144017685,25.0923475604,0,0,20.4120349884,
MC_G1_D060_DENS_LOW_V_LOW_S007,MC_G1_D060_DENS_LOW_V_LOW,7,5.11200332642,5.6348694487,26.6020671267,0,0,20.4480133057,
MC_G1_D060_DENS_LOW_V_LOW_S007,MC_G1_D060_DENS_LOW_V_LOW,7,5.12100982666,5.40398598389,27.34957034,0,0,20.4840393066,
MC_G1_D060_DENS_LOW_V_LOW_S007,MC_G1_D060_DENS_LOW_V_LOW,7,5.13000488281,5.59522275388,27.87498311,0,0,20.5200195312,
MC_G1_D060_DENS_LOW_V_LOW_S007,MC_G1_D060_DENS_LOW_V_LOW,7,5.13901138306,5.50878716528,28.3797545879,0,0,20.5560455322,
MC_G1_D060_DENS_LOW_V_LOW_S007,MC_G1_D060_DENS_LOW_V_LOW,7,5.14800596237,5.44665180447,27.6849636322,0,0,20.5920238495,
MC_G1_D060_DENS_LOW_V_LOW_S007,MC_G1_D060_DENS_LOW_V_LOW,7,5.15700054169,5.54367397716,28.5844666551,0,0,20.6280021667,
MC_G1_D060_DENS_LOW_V_LOW_S007,MC_G1_D060_DENS_LOW_V_LOW,7,5.16600704193,5.60789591523,29.7565425039,0,0,20.6640281677,
MC_G1_D060_DENS_LOW_V_LOW_S007,MC_G1_D060_DENS_LOW_V_LOW,7,5.17500162125,5.79963349829,28.4209926299,0,0,20.700006485,
MC_G1_D060_DENS_LOW_V_LOW_S007,MC_G1_D060_DENS_LOW_V_LOW,7,5.18400812149,5.84148981497,28.0448908116,0,0,20.736032486,
MC_G1_D060_DENS_LOW_V_LOW_S007,MC_G1_D060_DENS_LOW_V_LOW,7,5.19300270081,5.42618625063,28.0070121798,0,0,20.7720108032,
MC_G1_D060_DENS_LOW_V_LOW_S007,MC_G1_D060_DENS_LOW_V_LOW,7,5.20200920105,5.43362202967,26.2558064569,0,0,20.8080368042,
MC_G1_D060_DENS_LOW_V_LOW_S007,MC_G1_D060_DENS_LOW_V_LOW,7,5.2110042572,5.54781561499,26.4827548121,0,0,20.8440170288,
MC_G1_D060_DENS_LOW_V_LOW_S007,MC_G1_D060_DENS_LOW_V_LOW,7,5.22001075745,5.57468207808,27.9768438082,0,0,20.8800430298,
MC_G1_D060_DENS_LOW_V_LOW_S007,MC_G1_D060_DENS_LOW_V_LOW,7,5.22900533676,5.70057482965,28.0907567925,0,0,20.916021347,
MC_G1_D060_DENS_LOW_V_LOW_S007,MC_G1_D060_DENS_LOW_V_LOW,7,5.23801183701,5.84138619847,27.021312081,0,0,20.952047348,
MC_G1_D060_DENS_LOW_V_LOW_S007,MC_G1_D060_DENS_LOW_V_LOW,7,5.24700641632,5.6190187147,27.8743248323,0,0,20.9880256653,
MC_G1_D060_DENS_LOW_V_LOW_S007,MC_G1_D060_DENS_LOW_V_LOW,7,5.25600099564,5.62998220381,27.3279809769,0,0,21.0240039825,
MC_G1_D060_DENS_LOW_V_LOW_S007,MC_G1_D060_DENS_LOW_V_LOW,7,5.26500749588,5.78520835463,26.4122681214,0,0,21.0600299835,
MC_G1_D060_DENS_LOW_V_LOW_S007,MC_G1_D060_DENS_LOW_V_LOW,7,5.2740020752,5.80100987079,28.9793810134,0,0,21.0960083008,
MC_G1_D060_DENS_LOW_V_LOW_S007,MC_G1_D060_DENS_LOW_V_LOW,7,5.28300857544,5.5598800294,30.1042903324,0,0,21.1320343018,
MC_G1_D060_DENS_LOW_V_LOW_S007,MC_G1_D060_DENS_LOW_V_LOW,7,5.29200363159,5.71525815109,28.3295853007,0,0,21.1680145264,
MC_G1_D060_DENS_LOW_V_LOW_S007,MC_G1_D060_DENS_LOW_V_LOW,7,5.30101013184,5.50352344711,27.3187574414,0,0,21.2040405273,
MC_G1_D060_DENS_LOW_V_LOW_S007,MC_G1_D060_DENS_LOW_V_LOW,7,5.31000471115,5.37253751285,26.892887903,0,0,21.2400188446,
MC_G1_D060_DENS_LOW_V_LOW_S007,MC_G1_D060_DENS_LOW_V_LOW,7,5.3190112114,5.31714413227,27.1691765364,0,0,21.2760448456,
MC_G1_D060_DENS_LOW_V_LOW_S007,MC_G1_D060_DENS_LOW_V_LOW,7,5.32800579071,5.68114673601,27.0153705352,0,0,21.3120231628,
MC_G1_D060_DENS_LOW_V_LOW_S007,MC_G1_D060_DENS_LOW_V_LOW,7,5.33700037003,5.54259809251,26.6050499422,0,0,21.3480014801,
MC_G1_D060_DENS_LOW_V_LOW_S007,MC_G1_D060_DENS_LOW_V_LOW,7,5.34600687027,5.57455601134,28.3249169859,0,0,21.3840274811,
MC_G1_D060_DENS_LOW_V_LOW_S007,MC_G1_D060_DENS_LOW_V_LOW,7,5.35500144958,5.68457169305,26.0078552456,0,0,21.4200057983,
MC_G1_D060_DENS_LOW_V_LOW_S007,MC_G1_D060_DENS_LOW_V_LOW,7,5.36400794983,5.89688794464,27.3783110082,0,0,21.4560317993,
MC_G1_D060_DENS_LOW_V_LOW_S007,MC_G1_D060_DENS_LOW_V_LOW,7,5.37300300598,5.49167360519,29.9207811982,0,0,21.4920120239,
MC_G1_D060_DENS_LOW_V_LOW_S007,MC_G1_D060_DENS_LOW_V_LOW,7,5.38200950623,5.84465832117,29.9443778302,0,0,21.5280380249,
MC_G1_D060_DENS_LOW_V_LOW_S007,MC_G1_D060_DENS_LOW_V_LOW,7,5.39100408554,5.77584789912,28.7509470443,0,0,21.5640163422,
MC_G1_D060_DENS_LOW_V_LOW_S007,MC_G1_D060_DENS_LOW_V_LOW,7,5.40001058578,5.65802816805,31.3616367403,0,0,21.6000423431,
MC_G1_D060_DENS_LOW_V_LOW_S007,MC_G1_D060_DENS_LOW_V_LOW,7,5.4090051651,5.41908031744,29.4548331626,0,0,21.6360206604,
MC_G1_D060_DENS_LOW_V_LOW_S007,MC_G1_D060_DENS_LOW_V_LOW,7,5.41801166534,5.30368089511,27.9076362269,0,0,21.6720466614,
MC_G1_D060_DENS_LOW_V_LOW_S007,MC_G1_D060_DENS_LOW_V_LOW,7,5.42700624466,5.49852049713,29.4317499824,0,0,21.7080249786,
MC_G1_D060_DENS_LOW_V_LOW_S007,MC_G1_D060_DENS_LOW_V_LOW,7,5.43600082397,5.6697748252,30.4906150608,0,0,21.7440032959,
MC_G1_D060_DENS_LOW_V_LOW_S007,MC_G1_D060_DENS_LOW_V_LOW,7,5.44500732422,5.72504818334,28.2727799793,0,0,21.7800292969,
MC_G1_D060_DENS_LOW_V_LOW_S007,MC_G1_D060_DENS_LOW_V_LOW,7,5.45400190353,5.84280099542,29.4627881184,0,0,21.8160076141,
MC_G1_D060_DENS_LOW_V_LOW_S007,MC_G1_D060_DENS_LOW_V_LOW,7,5.46300888062,5.54180715323,28.8459067139,0,0,21.8520355225,
MC_G1_D060_DENS_LOW_V_LOW_S007,MC_G1_D060_DENS_LOW_V_LOW,7,5.47200345993,6.05187879966,29.1154048699,0,0,21.8880138397,
MC_G1_D060_DENS_LOW_V_LOW_S007,MC_G1_D060_DENS_LOW_V_LOW,7,5.48100996017,5.82840650497,27.9410936853,0,0,21.9240398407,
MC_G1_D060_DENS_LOW_V_LOW_S007,MC_G1_D060_DENS_LOW_V_LOW,7,5.49000453949,5.42053612926,30.7050503514,0,0,21.960018158,
MC_G1_D060_DENS_LOW_V_LOW_S007,MC_G1_D060_DENS_LOW_V_LOW,7,5.49901103973,5.81798052646,30.4789310211,0,0,21.9960441589,
MC_G1_D060_DENS_LOW_V_LOW_S007,MC_G1_D060_DENS_LOW_V_LOW,7,5.50800561905,6.05021489137,30.0200394479,0,0,22.0320224762,
MC_G1_D060_DENS_LOW_V_LOW_S007,MC_G1_D060_DENS_LOW_V_LOW,7,5.51700019836,5.79489822427,31.2753647926,0,0,22.0680007935,
MC_G1_D060_DENS_LOW_V_LOW_S007,MC_G1_D060_DENS_LOW_V_LOW,7,5.52600669861,5.71700236216,30.1982207886,0,0,22.1040267944,
MC_G1_D060_DENS_LOW_V_LOW_S007,MC_G1_D060_DENS_LOW_V_LOW,7,5.53500127792,5.5838987657,30.8812519134,0,0,22.1400051117,
MC_G1_D060_DENS_LOW_V_LOW_S007,MC_G1_D060_DENS_LOW_V_LOW,7,5.54400777817,5.57632008224,30.1482922368,0,0,22.1760311127,
MC_G1_D060_DENS_LOW_V_LOW_S007,MC_G1_D060_DENS_LOW_V_LOW,7,5.55300283432,5.68927760907,28.8246188693,0,0,22.2120113373,
MC_G1_D060_DENS_LOW_V_LOW_S007,MC_G1_D060_DENS_LOW_V_LOW,7,5.56200933456,5.41995803554,30.8544091967,0,0,22.2480373383,
MC_G1_D060_DENS_LOW_V_LOW_S007,MC_G1_D060_DENS_LOW_V_LOW,7,5.57100391388,5.64860295223,29.5047705035,0,0,22.2840156555,
MC_G1_D060_DENS_LOW_V_LOW_S007,MC_G1_D060_DENS_LOW_V_LOW,7,5.58001041412,5.46451744764,28.7519929608,0,0,22.3200416565,
MC_G1_D060_DENS_LOW_V_LOW_S007,MC_G1_D060_DENS_LOW_V_LOW,7,5.58900499344,5.8860142565,30.9551118643,0,0,22.3560199738,
MC_G1_D060_DENS_LOW_V_LOW_S007,MC_G1_D060_DENS_LOW_V_LOW,7,5.59801149368,5.93363294574,28.3698692816,0,0,22.3920459747,
MC_G1_D060_DENS_LOW_V_LOW_S007,MC_G1_D060_DENS_LOW_V_LOW,7,5.607006073,5.56756491977,31.5769790719,0,0,22.428024292,
MC_G1_D060_DENS_LOW_V_LOW_S007,MC_G1_D060_DENS_LOW_V_LOW,7,5.61600065231,5.91559849402,30.0448779617,0,0,22.4640026093,
MC_G1_D060_DENS_LOW_V_LOW_S007,MC_G1_D060_DENS_LOW_V_LOW,7,5.62500715256,5.76968314914,31.6697700051,0,0,22.5000286102,
MC_G1_D060_DENS_LOW_V_LOW_S007,MC_G1_D060_DENS_LOW_V_LOW,7,5.63400220871,6.04181591063,30.4402199006,0,0,22.5360088348,
MC_G1_D060_DENS_LOW_V_LOW_S007,MC_G1_D060_DENS_LOW_V_LOW,7,5.64300870895,5.98004536624,31.8098478391,0,0,22.5720348358,
MC_G1_D060_DENS_LOW_V_LOW_S007,MC_G1_D060_DENS_LOW_V_LOW,7,5.65200328827,5.73443367951,29.6487792696,0,0,22.6080131531,
MC_G1_D060_DENS_LOW_V_LOW_S007,MC_G1_D060_DENS_LOW_V_LOW,7,5.66100978851,5.66641160633,31.0374098358,0,0,22.6440391541,
MC_G1_D060_DENS_LOW_V_LOW_S007,MC_G1_D060_DENS_LOW_V_LOW,7,5.67000436783,5.6835566831,31.3345469916,0,0,22.6800174713,
MC_G1_D060_DENS_LOW_V_LOW_S007,MC_G1_D060_DENS_LOW_V_LOW,7,5.67901086807,5.59927977157,31.2326590806,0,0,22.7160434723,
MC_G1_D060_DENS_LOW_V_LOW_S007,MC_G1_D060_DENS_LOW_V_LOW,7,5.68800544739,5.60332685934,32.9737891444,0,0,22.7520217896,
MC_G1_D060_DENS_LOW_V_LOW_S007,MC_G1_D060_DENS_LOW_V_LOW,7,5.6970000267,5.99560511057,29.8022675186,0,0,22.7880001068,
MC_G1_D060_DENS_LOW_V_LOW_S007,MC_G1_D060_DENS_LOW_V_LOW,7,5.70600652695,5.73597411147,31.4482088728,0,0,22.8240261078,
MC_G1_D060_DENS_LOW_V_LOW_S007,MC_G1_D060_DENS_LOW_V_LOW,7,5.7150015831,5.80161904946,30.5184529464,0,0,22.8600063324,
MC_G1_D060_DENS_LOW_V_LOW_S007,MC_G1_D060_DENS_LOW_V_LOW,7,5.72400808334,5.98141914833,31.914205014,0,0,22.8960323334,
MC_G1_D060_DENS_LOW_V_LOW_S007,MC_G1_D060_DENS_LOW_V_LOW,7,5.73300266266,6.16160867253,31.0587370104,0,0,22.9320106506,
MC_G1_D060_DENS_LOW_V_LOW_S007,MC_G1_D060_DENS_LOW_V_LOW,7,5.7420091629,6.06749510133,32.1302807795,0,0,22.9680366516,
MC_G1_D060_DENS_LOW_V_LOW_S007,MC_G1_D060_DENS_LOW_V_LOW,7,5.75100374222,5.84935603421,29.3866785038,0,0,23.0040149689,
MC_G1_D060_DENS_LOW_V_LOW_S007,MC_G1_D060_DENS_LOW_V_LOW,7,5.76001024246,5.84963061794,30.9166304661,0,0,23.0400409698,
MC_G1_D060_DENS_LOW_V_LOW_S007,MC_G1_D060_DENS_LOW_V_LOW,7,5.76900482178,5.68237156938,33.209978555,0,0,23.0760192871,
MC_G1_D060_DENS_LOW_V_LOW_S007,MC_G1_D060_DENS_LOW_V_LOW,7,5.77801132202,5.94357797101,31.4142742549,0,0,23.1120452881,
MC_G1_D060_DENS_LOW_V_LOW_S007,MC_G1_D060_DENS_LOW_V_LOW,7,5.78700590134,6.03856407949,32.1733255739,0,0,23.1480236053,
MC_G1_D060_DENS_LOW_V_LOW_S007,MC_G1_D060_DENS_LOW_V_LOW,7,5.79600048065,5.80963939825,33.2302860388,0,0,23.1840019226,
MC_G1_D060_DENS_LOW_V_LOW_S007,MC_G1_D060_DENS_LOW_V_LOW,7,5.80500745773,5.6945115375,35.1045092462,0,0,23.2200298309,
MC_G1_D060_DENS_LOW_V_LOW_S007,MC_G1_D060_DENS_LOW_V_LOW,7,5.81400203705,5.802713067,30.8454572969,0,0,23.2560081482,
MC_G1_D060_DENS_LOW_V_LOW_S007,MC_G1_D060_DENS_LOW_V_LOW,7,5.82300853729,5.81367785132,32.6715629334,0,0,23.2920341492,
MC_G1_D060_DENS_LOW_V_LOW_S007,MC_G1_D060_DENS_LOW_V_LOW,7,5.83200311661,6.0579308667,30.2060556277,0,0,23.3280124664,
MC_G1_D060_DENS_LOW_V_LOW_S007,MC_G1_D060_DENS_LOW_V_LOW,7,5.84100961685,6.1303553459,32.5971730639,0,0,23.3640384674,
MC_G1_D060_DENS_LOW_V_LOW_S007,MC_G1_D060_DENS_LOW_V_LOW,7,5.85000419617,5.73190932254,31.263931542,0,0,23.4000167847,
MC_G1_D060_DENS_LOW_V_LOW_S007,MC_G1_D060_DENS_LOW_V_LOW,7,5.85901069641,6.03042716214,34.396049512,0,0,23.4360427856,
MC_G1_D060_DENS_LOW_V_LOW_S007,MC_G1_D060_DENS_LOW_V_LOW,7,5.86800527573,6.14490439762,32.5617133589,0,0,23.4720211029,
MC_G1_D060_DENS_LOW_V_LOW_S007,MC_G1_D060_DENS_LOW_V_LOW,7,5.87699985504,6.30655865703,33.5667102742,0,0,23.5079994202,
MC_G1_D060_DENS_LOW_V_LOW_S007,MC_G1_D060_DENS_LOW_V_LOW,7,5.88600635529,5.36131929985,33.185008616,0,0,23.5440254211,
MC_G1_D060_DENS_LOW_V_LOW_S007,MC_G1_D060_DENS_LOW_V_LOW,7,5.89500141144,5.90232565218,32.4945334522,0,0,23.5800056458,
MC_G1_D060_DENS_LOW_V_LOW_S007,MC_G1_D060_DENS_LOW_V_LOW,7,5.90400791168,5.1095825828,31.8229597462,0,0,23.6160316467,
MC_G1_D060_DENS_LOW_V_LOW_S007,MC_G1_D060_DENS_LOW_V_LOW,7,5.913002491,5.75361913785,34.0532396617,0,0,23.652009964,
MC_G1_D060_DENS_LOW_V_LOW_S007,MC_G1_D060_DENS_LOW_V_LOW,7,5.92200899124,5.39264688497,32.0571670073,0,0,23.688035965,
MC_G1_D060_DENS_LOW_V_LOW_S007,MC_G1_D060_DENS_LOW_V_LOW,7,5.93100357056,5.72480425283,33.5038599761,0,0,23.7240142822,
MC_G1_D060_DENS_LOW_V_LOW_S007,MC_G1_D060_DENS_LOW_V_LOW,7,5.9400100708,6.83275691639,33.0965245337,0,0,23.7600402832,
MC_G1_D060_DENS_LOW_V_LOW_S007,MC_G1_D060_DENS_LOW_V_LOW,7,5.94900465012,5.72254023232,32.7961302529,0,0,23.7960186005,
MC_G1_D060_DENS_LOW_V_LOW_S007,MC_G1_D060_DENS_LOW_V_LOW,7,5.95801115036,5.97574441804,31.0409518905,0,0,23.8320446014,
MC_G1_D060_DENS_LOW_V_LOW_S007,MC_G1_D060_DENS_LOW_V_LOW,7,5.96700572968,5.87637187776,33.492157336,0,0,23.8680229187,
MC_G1_D060_DENS_LOW_V_LOW_S007,MC_G1_D060_DENS_LOW_V_LOW,7,5.97600030899,6.11385053275,33.6558029751,0,0,23.904001236,
MC_G1_D060_DENS_LOW_V_LOW_S007,MC_G1_D060_DENS_LOW_V_LOW,7,5.98500728607,6.12615930941,31.3913409571,0,0,23.9400291443,
MC_G1_D060_DENS_LOW_V_LOW_S007,MC_G1_D060_DENS_LOW_V_LOW,7,5.99400186539,6.00285869726,33.369779731,0,0,23.9760074615,
MC_G1_D060_DENS_LOW_V_LOW_S007,MC_G1_D060_DENS_LOW_V_LOW,7,6.00300836563,6.10094121213,34.2982212228,0,0,24.0120334625,
MC_G1_D060_DENS_LOW_V_LOW_S007,MC_G1_D060_DENS_LOW_V_LOW,7,6.01200294495,5.62084452377,34.5244573597,0,0,24.0480117798,
MC_G1_D060_DENS_LOW_V_LOW_S007,MC_G1_D060_DENS_LOW_V_LOW,7,6.02100944519,5.76046602978,33.3805085476,0,0,24.0840377808,
MC_G1_D060_DENS_LOW_V_LOW_S007,MC_G1_D060_DENS_LOW_V_LOW,7,6.03000402451,5.99711747972,34.1514808494,0,0,24.120016098,
MC_G1_D060_DENS_LOW_V_LOW_S007,MC_G1_D060_DENS_LOW_V_LOW,7,6.03901052475,5.79052819841,33.5226308323,0,0,24.156042099,
MC_G1_D060_DENS_LOW_V_LOW_S007,MC_G1_D060_DENS_LOW_V_LOW,7,6.04800510406,5.7754355918,35.3057868721,0,0,24.1920204163,
MC_G1_D060_DENS_LOW_V_LOW_S007,MC_G1_D060_DENS_LOW_V_LOW,7,6.05701160431,6.31217078568,33.2853333649,0,0,24.2280464172,
MC_G1_D060_DENS_LOW_V_LOW_S007,MC_G1_D060_DENS_LOW_V_LOW,7,6.06600618362,6.42423980103,35.2028920457,0,0,24.2640247345,
MC_G1_D060_DENS_LOW_V_LOW_S007,MC_G1_D060_DENS_LOW_V_LOW,7,6.07500123978,6.02878958971,33.7781377584,0,0,24.3000049591,
MC_G1_D060_DENS_LOW_V_LOW_S007,MC_G1_D060_DENS_LOW_V_LOW,7,6.08400774002,5.67173188184,32.8838667523,0,0,24.3360309601,
MC_G1_D060_DENS_LOW_V_LOW_S007,MC_G1_D060_DENS_LOW_V_LOW,7,6.09300231934,6.43162895264,33.5747999225,0,0,24.3720092773,
MC_G1_D060_DENS_LOW_V_LOW_S007,MC_G1_D060_DENS_LOW_V_LOW,7,6.10200881958,6.37438558581,34.8304827886,0,0,24.4080352783,
MC_G1_D060_DENS_LOW_V_LOW_S007,MC_G1_D060_DENS_LOW_V_LOW,7,6.1110033989,6.02993325682,34.3696620135,0,0,24.4440135956,
MC_G1_D060_DENS_LOW_V_LOW_S007,MC_G1_D060_DENS_LOW_V_LOW,7,6.12000989914,6.04608231999,36.0018606149,0,0,24.4800395966,
MC_G1_D060_DENS_LOW_V_LOW_S007,MC_G1_D060_DENS_LOW_V_LOW,7,6.12900447845,6.18211006041,36.0731369595,0,0,24.5160179138,
MC_G1_D060_DENS_LOW_V_LOW_S007,MC_G1_D060_DENS_LOW_V_LOW,7,6.1380109787,5.8797273254,33.369487399,0,0,24.5520439148,
MC_G1_D060_DENS_LOW_V_LOW_S007,MC_G1_D060_DENS_LOW_V_LOW,7,6.14700555801,6.03429767012,34.9513785573,0,0,24.5880222321,
MC_G1_D060_DENS_LOW_V_LOW_S007,MC_G1_D060_DENS_LOW_V_LOW,7,6.15600013733,6.53001325056,34.4128858697,0,0,24.6240005493,
MC_G1_D060_DENS_LOW_V_LOW_S007,MC_G1_D060_DENS_LOW_V_LOW,7,6.16500711441,5.40922725182,35.6587540929,0,0,24.6600284576,
MC_G1_D060_DENS_LOW_V_LOW_S007,MC_G1_D060_DENS_LOW_V_LOW,7,6.17400169373,5.84904820686,34.263267245,0,0,24.6960067749,
MC_G1_D060_DENS_LOW_V_LOW_S007,MC_G1_D060_DENS_LOW_V_LOW,7,6.18300819397,5.808078243,33.1001844458,0,0,24.7320327759,
MC_G1_D060_DENS_LOW_V_LOW_S007,MC_G1_D060_DENS_LOW_V_LOW,7,6.19200277328,6.10918692681,32.3605471845,0,0,24.7680110931,
MC_G1_D060_DENS_LOW_V_LOW_S007,MC_G1_D060_DENS_LOW_V_LOW,7,6.20100927353,6.27547543415,34.3807580994,0,0,24.8040370941,
MC_G1_D060_DENS_LOW_V_LOW_S007,MC_G1_D060_DENS_LOW_V_LOW,7,6.21000385284,5.96441783945,34.9674756944,0,0,24.8400154114,
MC_G1_D060_DENS_LOW_V_LOW_S007,MC_G1_D060_DENS_LOW_V_LOW,7,6.21901035309,6.42687252358,36.9283272097,0,0,24.8760414124,
MC_G1_D060_DENS_LOW_V_LOW_S007,MC_G1_D060_DENS_LOW_V_LOW,7,6.2280049324,6.09115333856,33.4392461176,0,0,24.9120197296,
MC_G1_D060_DENS_LOW_V_LOW_S007,MC_G1_D060_DENS_LOW_V_LOW,7,6.23701143265,6.01208833695,34.7565165011,0,0,24.9480457306,
MC_G1_D060_DENS_LOW_V_LOW_S007,MC_G1_D060_DENS_LOW_V_LOW,7,6.24600601196,6.15293813021,34.6745724614,0,0,24.9840240479,
MC_G1_D060_DENS_LOW_V_LOW_S007,MC_G1_D060_DENS_LOW_V_LOW,7,6.25500106812,6.12740572955,34.2349921983,0,0,25.0200042725,
MC_G1_D060_DENS_LOW_V_LOW_S007,MC_G1_D060_DENS_LOW_V_LOW,7,6.26400756836,5.80764564411,35.2628442135,0,0,25.0560302734,
MC_G1_D060_DENS_LOW_V_LOW_S007,MC_G1_D060_DENS_LOW_V_LOW,7,6.27300214767,5.66309760529,33.6893806261,0,0,25.0920085907,
MC_G1_D060_DENS_LOW_V_LOW_S007,MC_G1_D060_DENS_LOW_V_LOW,7,6.28200864792,6.49184870342,35.6280449115,0,0,25.1280345917,
MC_G1_D060_DENS_LOW_V_LOW_S007,MC_G1_D060_DENS_LOW_V_LOW,7,6.29100322723,5.97039262585,34.051301562,0,0,25.1640129089,
MC_G1_D060_DENS_LOW_V_LOW_S007,MC_G1_D060_DENS_LOW_V_LOW,7,6.30000972748,6.14118283835,35.9833128753,0,0,25.2000389099,
MC_G1_D060_DENS_LOW_V_LOW_S007,MC_G1_D060_DENS_LOW_V_LOW,7,6.30900430679,6.20251258088,36.4396219637,0,0,25.2360172272,
MC_G1_D060_DENS_LOW_V_LOW_S007,MC_G1_D060_DENS_LOW_V_LOW,7,6.31801080704,6.32627860381,32.8274308982,0,0,25.2720432281,
MC_G1_D060_DENS_LOW_V_LOW_S007,MC_G1_D060_DENS_LOW_V_LOW,7,6.32700538635,6.36203536255,34.2967127575,0,0,25.3080215454,
MC_G1_D060_DENS_LOW_V_LOW_S007,MC_G1_D060_DENS_LOW_V_LOW,7,6.3360004425,6.15870352493,36.585068889,0,0,25.34400177,
MC_G1_D060_DENS_LOW_V_LOW_S007,MC_G1_D060_DENS_LOW_V_LOW,7,6.34500694275,6.21839569504,36.721218026,0,0,25.380027771,
MC_G1_D060_DENS_LOW_V_LOW_S007,MC_G1_D060_DENS_LOW_V_LOW,7,6.35400152206,6.21169084405,35.0761167051,0,0,25.4160060883,
MC_G1_D060_DENS_LOW_V_LOW_S007,MC_G1_D060_DENS_LOW_V_LOW,7,6.36300802231,6.16865891185,35.6337774088,0,0,25.4520320892,
MC_G1_D060_DENS_LOW_V_LOW_S007,MC_G1_D060_DENS_LOW_V_LOW,7,6.37200260162,6.13463298038,35.2280404365,0,0,25.4880104065,
MC_G1_D060_DENS_LOW_V_LOW_S007,MC_G1_D060_DENS_LOW_V_LOW,7,6.38100910187,6.24387456051,37.1661372443,0,0,25.5240364075,
MC_G1_D060_DENS_LOW_V_LOW_S007,MC_G1_D060_DENS_LOW_V_LOW,7,6.39000368118,6.0137310902,36.1199191334,0,0,25.5600147247,
MC_G1_D060_DENS_LOW_V_LOW_S007,MC_G1_D060_DENS_LOW_V_LOW,7,6.39901018143,6.21246408218,36.2618081002,0,0,25.5960407257,
MC_G1_D060_DENS_LOW_V_LOW_S007,MC_G1_D060_DENS_LOW_V_LOW,7,6.40800476074,6.00460636222,36.4196065343,0,0,25.632019043,
MC_G1_D060_DENS_LOW_V_LOW_S007,MC_G1_D060_DENS_LOW_V_LOW,7,6.41701126099,5.98228607304,36.6639984826,0,0,25.6680450439,
MC_G1_D060_DENS_LOW_V_LOW_S007,MC_G1_D060_DENS_LOW_V_LOW,7,6.4260058403,6.47156404672,37.098348466,0,0,25.7040233612,
MC_G1_D060_DENS_LOW_V_LOW_S007,MC_G1_D060_DENS_LOW_V_LOW,7,6.43500089645,6.3880638272,36.4619250258,0,0,25.7400035858,
MC_G1_D060_DENS_LOW_V_LOW_S007,MC_G1_D060_DENS_LOW_V_LOW,7,6.4440073967,6.2358783889,35.5552222064,0,0,25.7760295868,
MC_G1_D060_DENS_LOW_V_LOW_S007,MC_G1_D060_DENS_LOW_V_LOW,7,6.45300197601,6.77160245844,37.0101507824,0,0,25.8120079041,
MC_G1_D060_DENS_LOW_V_LOW_S007,MC_G1_D060_DENS_LOW_V_LOW,7,6.46200847626,6.13734945961,36.0091240929,0,0,25.848033905,
MC_G1_D060_DENS_LOW_V_LOW_S007,MC_G1_D060_DENS_LOW_V_LOW,7,6.47100305557,6.35580326184,35.7144896499,0,0,25.8840122223,
MC_G1_D060_DENS_LOW_V_LOW_S007,MC_G1_D060_DENS_LOW_V_LOW,7,6.48000955582,6.29582226075,37.0004474578,0,0,25.9200382233,
MC_G1_D060_DENS_LOW_V_LOW_S007,MC_G1_D060_DENS_LOW_V_LOW,7,6.48900413513,6.26265289235,36.6673671581,0,0,25.9560165405,
MC_G1_D060_DENS_LOW_V_LOW_S007,MC_G1_D060_DENS_LOW_V_LOW,7,6.49801063538,6.20296417613,37.1717753011,0,0,25.9920425415,
MC_G1_D060_DENS_LOW_V_LOW_S007,MC_G1_D060_DENS_LOW_V_LOW,7,6.50700521469,5.90328799042,37.3454964249,0,0,26.0280208588,
MC_G1_D060_DENS_LOW_V_LOW_S007,MC_G1_D060_DENS_LOW_V_LOW,7,6.51600027084,6.01548091383,37.2266081622,0,0,26.0640010834,
MC_G1_D060_DENS_LOW_V_LOW_S007,MC_G1_D060_DENS_LOW_V_LOW,7,6.52500677109,6.77343085792,36.7853525225,0,0,26.1000270844,
MC_G1_D060_DENS_LOW_V_LOW_S007,MC_G1_D060_DENS_LOW_V_LOW,7,6.5340013504,6.11924290807,36.3281860569,0,0,26.1360054016,
MC_G1_D060_DENS_LOW_V_LOW_S007,MC_G1_D060_DENS_LOW_V_LOW,7,6.54300785065,6.242261597,38.8851630007,0,0,26.1720314026,
MC_G1_D060_DENS_LOW_V_LOW_S007,MC_G1_D060_DENS_LOW_V_LOW,7,6.55200242996,6.34477889804,37.486861449,0,0,26.2080097198,
MC_G1_D060_DENS_LOW_V_LOW_S007,MC_G1_D060_DENS_LOW_V_LOW,7,6.56100893021,6.50399039847,35.7939682734,0,0,26.2440357208,
MC_G1_D060_DENS_LOW_V_LOW_S007,MC_G1_D060_DENS_LOW_V_LOW,7,6.57000350952,6.37354413348,37.4625835059,0,0,26.2800140381,
MC_G1_D060_DENS_LOW_V_LOW_S007,MC_G1_D060_DENS_LOW_V_LOW,7,6.57901000977,6.55756833164,36.5386717594,0,0,26.3160400391,
MC_G1_D060_DENS_LOW_V_LOW_S007,MC_G1_D060_DENS_LOW_V_LOW,7,6.58800458908,6.28620837654,38.8901500135,0,0,26.3520183563,
MC_G1_D060_DENS_LOW_V_LOW_S007,MC_G1_D060_DENS_LOW_V_LOW,7,6.59701108932,6.45923584197,38.4331731437,0,0,26.3880443573,
MC_G1_D060_DENS_LOW_V_LOW_S007,MC_G1_D060_DENS_LOW_V_LOW,7,6.60600614548,6.33072893246,36.6752864177,0,0,26.4240245819,
MC_G1_D060_DENS_LOW_V_LOW_S007,MC_G1_D060_DENS_LOW_V_LOW,7,6.61500072479,5.85318941296,38.8972957799,0,0,26.4600028992,
MC_G1_D060_DENS_LOW_V_LOW_S007,MC_G1_D060_DENS_LOW_V_LOW,7,6.62400722504,6.12959808198,36.535694228,0,0,26.4960289001,
MC_G1_D060_DENS_LOW_V_LOW_S007,MC_G1_D060_DENS_LOW_V_LOW,7,6.63300180435,6.22013904264,36.4034720851,0,0,26.5320072174,
MC_G1_D060_DENS_LOW_V_LOW_S007,MC_G1_D060_DENS_LOW_V_LOW,7,6.6420083046,6.4387236607,36.8388457951,0,0,26.5680332184,
MC_G1_D060_DENS_LOW_V_LOW_S007,MC_G1_D060_DENS_LOW_V_LOW,7,6.65100288391,5.97687599656,40.1434356492,0,0,26.6040115356,
MC_G1_D060_DENS_LOW_V_LOW_S007,MC_G1_D060_DENS_LOW_V_LOW,7,6.66000938416,6.19492439924,37.9723135248,0,0,26.6400375366,
MC_G1_D060_DENS_LOW_V_LOW_S007,MC_G1_D060_DENS_LOW_V_LOW,7,6.66900396347,6.23986805586,37.5392845591,0,0,26.6760158539,
MC_G1_D060_DENS_LOW_V_LOW_S007,MC_G1_D060_DENS_LOW_V_LOW,7,6.67801046371,6.53073640738,37.9033691911,0,0,26.7120418549,
MC_G1_D060_DENS_LOW_V_LOW_S007,MC_G1_D060_DENS_LOW_V_LOW,7,6.68700504303,6.41845109259,36.296490894,0,0,26.7480201721,
MC_G1_D060_DENS_LOW_V_LOW_S007,MC_G1_D060_DENS_LOW_V_LOW,7,6.69601154327,6.67461352937,36.903471135,0,0,26.7840461731,
MC_G1_D060_DENS_LOW_V_LOW_S007,MC_G1_D060_DENS_LOW_V_LOW,7,6.70500659943,6.3346378649,38.6765009176,0,0,26.8200263977,
MC_G1_D060_DENS_LOW_V_LOW_S007,MC_G1_D060_DENS_LOW_V_LOW,7,6.71400117874,6.30160060753,38.1246610628,0,0,26.856004715,
MC_G1_D060_DENS_LOW_V_LOW_S007,MC_G1_D060_DENS_LOW_V_LOW,7,6.72300767899,6.29928218836,38.7834911185,0,0,26.8920307159,
MC_G1_D060_DENS_LOW_V_LOW_S007,MC_G1_D060_DENS_LOW_V_LOW,7,6.7320022583,6.48585233025,38.9722487912,0,0,26.9280090332,
MC_G1_D060_DENS_LOW_V_LOW_S007,MC_G1_D060_DENS_LOW_V_LOW,7,6.74100875854,6.25417317708,38.3144243546,0,0,26.9640350342,
MC_G1_D060_DENS_LOW_V_LOW_S007,MC_G1_D060_DENS_LOW_V_LOW,7,6.75000333786,6.04927111776,38.8880972806,0,0,27.0000133514,
MC_G1_D060_DENS_LOW_V_LOW_S007,MC_G1_D060_DENS_LOW_V_LOW,7,6.7590098381,6.1817538787,39.4219682142,0,0,27.0360393524,
MC_G1_D060_DENS_LOW_V_LOW_S007,MC_G1_D060_DENS_LOW_V_LOW,7,6.76800441742,5.78576054423,37.4761763514,0,0,27.0720176697,
MC_G1_D060_DENS_LOW_V_LOW_S007,MC_G1_D060_DENS_LOW_V_LOW,7,6.77701091766,6.38354269394,37.5490138974,0,0,27.1080436707,
MC_G1_D060_DENS_LOW_V_LOW_S007,MC_G1_D060_DENS_LOW_V_LOW,7,6.78600549698,6.270699577,39.3590951833,0,0,27.1440219879,
MC_G1_D060_DENS_LOW_V_LOW_S007,MC_G1_D060_DENS_LOW_V_LOW,7,6.79500055313,6.15635531601,37.1398501372,0,0,27.1800022125,
MC_G1_D060_DENS_LOW_V_LOW_S007,MC_G1_D060_DENS_LOW_V_LOW,7,6.80400705338,6.57526689321,38.6240228277,0,0,27.2160282135,
MC_G1_D060_DENS_LOW_V_LOW_S007,MC_G1_D060_DENS_LOW_V_LOW,7,6.81300163269,6.44979594713,40.93690548,0,0,27.2520065308,
MC_G1_D060_DENS_LOW_V_LOW_S007,MC_G1_D060_DENS_LOW_V_LOW,7,6.82200813293,6.19484064257,38.8756867373,0,0,27.2880325317,
MC_G1_D060_DENS_LOW_V_LOW_S007,MC_G1_D060_DENS_LOW_V_LOW,7,6.83100271225,6.14226778945,39.6040484007,0,0,27.324010849,
MC_G1_D060_DENS_LOW_V_LOW_S007,MC_G1_D060_DENS_LOW_V_LOW,7,6.84000921249,6.71318433954,40.4209275487,0,0,27.36003685,
MC_G1_D060_DENS_LOW_V_LOW_S007,MC_G1_D060_DENS_LOW_V_LOW,7,6.84900379181,6.48238506314,39.1935096949,0,0,27.3960151672,
MC_G1_D060_DENS_LOW_V_LOW_S007,MC_G1_D060_DENS_LOW_V_LOW,7,6.85801029205,5.92166351312,38.9027137322,0,0,27.4320411682,
MC_G1_D060_DENS_LOW_V_LOW_S007,MC_G1_D060_DENS_LOW_V_LOW,7,6.86700487137,6.85198813868,38.0716499641,0,0,27.4680194855,
MC_G1_D060_DENS_LOW_V_LOW_S007,MC_G1_D060_DENS_LOW_V_LOW,7,6.87601137161,5.9199028961,37.6103838089,0,0,27.5040454865,
MC_G1_D060_DENS_LOW_V_LOW_S007,MC_G1_D060_DENS_LOW_V_LOW,7,6.88500642776,5.90809536426,38.5977025734,0,0,27.5400257111,
MC_G1_D060_DENS_LOW_V_LOW_S007,MC_G1_D060_DENS_LOW_V_LOW,7,6.89400100708,6.23206098437,38.2096987765,0,0,27.5760040283,
MC_G1_D060_DENS_LOW_V_LOW_S007,MC_G1_D060_DENS_LOW_V_LOW,7,6.90300750732,6.26913885347,37.5052330569,0,0,27.6120300293,
MC_G1_D060_DENS_LOW_V_LOW_S007,MC_G1_D060_DENS_LOW_V_LOW,7,6.91200208664,6.83788420617,39.1382861673,0,0,27.6480083466,
MC_G1_D060_DENS_LOW_V_LOW_S007,MC_G1_D060_DENS_LOW_V_LOW,7,6.92100858688,6.61144286704,38.9017243403,0,0,27.6840343475,
MC_G1_D060_DENS_LOW_V_LOW_S007,MC_G1_D060_DENS_LOW_V_LOW,7,6.9300031662,6.18362501998,39.2783869434,0,0,27.7200126648,
MC_G1_D060_DENS_LOW_V_LOW_S007,MC_G1_D060_DENS_LOW_V_LOW,7,6.93900966644,6.4939892476,40.7365594461,0,0,27.7560386658,
MC_G1_D060_DENS_LOW_V_LOW_S007,MC_G1_D060_DENS_LOW_V_LOW,7,6.94800424576,6.33714106683,37.3442306727,0,0,27.792016983,
MC_G1_D060_DENS_LOW_V_LOW_S007,MC_G1_D060_DENS_LOW_V_LOW,7,6.957010746,6.27967967361,38.1308119535,0,0,27.828042984,
MC_G1_D060_DENS_LOW_V_LOW_S007,MC_G1_D060_DENS_LOW_V_LOW,7,6.96600532532,6.62351116707,39.4606285264,0,0,27.8640213013,
MC_G1_D060_DENS_LOW_V_LOW_S007,MC_G1_D060_DENS_LOW_V_LOW,7,6.97500038147,6.65062501455,42.2189581836,0,0,27.9000015259,
MC_G1_D060_DENS_LOW_V_LOW_S007,MC_G1_D060_DENS_LOW_V_LOW,7,6.98400688171,6.2557900262,39.710513218,0,0,27.9360275269,
MC_G1_D060_DENS_LOW_V_LOW_S007,MC_G1_D060_DENS_LOW_V_LOW,7,6.99300146103,8.05184993242,41.2227777342,0,0,27.9720058441,
MC_G1_D060_DENS_LOW_V_LOW_S007,MC_G1_D060_DENS_LOW_V_LOW,7,7.00200796127,5.74722686331,41.2084926332,0,0,28.0080318451,
MC_G1_D060_DENS_LOW_V_LOW_S007,MC_G1_D060_DENS_LOW_V_LOW,7,7.01100254059,6.23310923795,40.5551077826,0,0,28.0440101624,
MC_G1_D060_DENS_LOW_V_LOW_S007,MC_G1_D060_DENS_LOW_V_LOW,7,7.02000904083,6.43835236825,40.9198344714,0,0,28.0800361633,
MC_G1_D060_DENS_LOW_V_LOW_S007,MC_G1_D060_DENS_LOW_V_LOW,7,7.02900362015,6.60239887358,41.5905131811,0,0,28.1160144806,
MC_G1_D060_DENS_LOW_V_LOW_S007,MC_G1_D060_DENS_LOW_V_LOW,7,7.03801012039,6.53491906008,39.0074088102,0,0,28.1520404816,
MC_G1_D060_DENS_LOW_V_LOW_S007,MC_G1_D060_DENS_LOW_V_LOW,7,7.04700469971,6.35154505545,40.5176569635,0,0,28.1880187988,
MC_G1_D060_DENS_LOW_V_LOW_S007,MC_G1_D060_DENS_LOW_V_LOW,7,7.05601119995,6.47748875181,40.1641744478,0,0,28.2240447998,
MC_G1_D060_DENS_LOW_V_LOW_S007,MC_G1_D060_DENS_LOW_V_LOW,7,7.0650062561,6.42258409571,40.9237924366,0,0,28.2600250244,
MC_G1_D060_DENS_LOW_V_LOW_S007,MC_G1_D060_DENS_LOW_V_LOW,7,7.07400083542,6.63277016476,38.7417627481,0,0,28.2960033417,
MC_G1_D060_DENS_LOW_V_LOW_S007,MC_G1_D060_DENS_LOW_V_LOW,7,7.08300733566,6.08390234227,39.6551264452,0,0,28.3320293427,
MC_G1_D060_DENS_LOW_V_LOW_S007,MC_G1_D060_DENS_LOW_V_LOW,7,7.09200191498,8.51604235159,41.6020972887,0,0,28.3680076599,
MC_G1_D060_DENS_LOW_V_LOW_S007,MC_G1_D060_DENS_LOW_V_LOW,7,7.10100841522,6.38306994366,42.1110840488,0,0,28.4040336609,
MC_G1_D060_DENS_LOW_V_LOW_S007,MC_G1_D060_DENS_LOW_V_LOW,7,7.11000299454,5.99697241662,42.1054202911,0,0,28.4400119781,
MC_G1_D060_DENS_LOW_V_LOW_S007,MC_G1_D060_DENS_LOW_V_LOW,7,7.11900949478,5.99620220065,43.2621641395,0,0,28.4760379791,
MC_G1_D060_DENS_LOW_V_LOW_S007,MC_G1_D060_DENS_LOW_V_LOW,7,7.1280040741,6.99308877022,42.3735347372,0,0,28.5120162964,
MC_G1_D060_DENS_LOW_V_LOW_S007,MC_G1_D060_DENS_LOW_V_LOW,7,7.13701057434,6.445396995,43.0943759845,0,0,28.5480422974,
MC_G1_D060_DENS_LOW_V_LOW_S007,MC_G1_D060_DENS_LOW_V_LOW,7,7.14600515366,6.59012204534,39.9001851774,0,0,28.5840206146,
MC_G1_D060_DENS_LOW_V_LOW_S007,MC_G1_D060_DENS_LOW_V_LOW,7,7.15500020981,6.57168003539,42.3156719553,0,0,28.6200008392,
MC_G1_D060_DENS_LOW_V_LOW_S007,MC_G1_D060_DENS_LOW_V_LOW,7,7.16400671005,6.94522960435,39.7005471838,0,0,28.6560268402,
MC_G1_D060_DENS_LOW_V_LOW_S007,MC_G1_D060_DENS_LOW_V_LOW,7,7.17300128937,6.687012107,40.4197537833,0,0,28.6920051575,
MC_G1_D060_DENS_LOW_V_LOW_S007,MC_G1_D060_DENS_LOW_V_LOW,7,7.18200778961,6.91669664256,40.4411344719,0,0,28.7280311584,
MC_G1_D060_DENS_LOW_V_LOW_S007,MC_G1_D060_DENS_LOW_V_LOW,7,7.19100236893,6.56518975691,41.2421197432,0,0,28.7640094757,
MC_G1_D060_DENS_LOW_V_LOW_S007,MC_G1_D060_DENS_LOW_V_LOW,7,7.20000886917,6.47224921082,42.5763179453,0,0,28.8000354767,
MC_G1_D060_DENS_LOW_V_LOW_S007,MC_G1_D060_DENS_LOW_V_LOW,7,7.20900344849,6.37888556403,41.0085295017,0,0,28.8360137939,
MC_G1_D060_DENS_LOW_V_LOW_S007,MC_G1_D060_DENS_LOW_V_LOW,7,7.21800994873,6.37340813683,42.5234348023,0,0,28.8720397949,
MC_G1_D060_DENS_LOW_V_LOW_S007,MC_G1_D060_DENS_LOW_V_LOW,7,7.22700452805,6.14689167574,40.5268336691,0,0,28.9080181122,
MC_G1_D060_DENS_LOW_V_LOW_S007,MC_G1_D060_DENS_LOW_V_LOW,7,7.23601102829,5.90751986095,42.688606344,0,0,28.9440441132,
MC_G1_D060_DENS_LOW_V_LOW_S007,MC_G1_D060_DENS_LOW_V_LOW,7,7.24500608444,6.26202644426,40.6998733743,0,0,28.9800243378,
MC_G1_D060_DENS_LOW_V_LOW_S007,MC_G1_D060_DENS_LOW_V_LOW,7,7.25400066376,6.45303612142,41.1666777162,0,0,29.016002655,
MC_G1_D060_DENS_LOW_V_LOW_S007,MC_G1_D060_DENS_LOW_V_LOW,7,7.263007164,6.69307496742,40.5300850093,0,0,29.052028656,
MC_G1_D060_DENS_LOW_V_LOW_S007,MC_G1_D060_DENS_LOW_V_LOW,7,7.27200174332,6.41332682496,43.5264176921,0,0,29.0880069733,
MC_G1_D060_DENS_LOW_V_LOW_S007,MC_G1_D060_DENS_LOW_V_LOW,7,7.28100824356,6.96634880561,41.9922563553,0,0,29.1240329742,
MC_G1_D060_DENS_LOW_V_LOW_S007,MC_G1_D060_DENS_LOW_V_LOW,7,7.29000282288,6.32290675022,44.0604785735,0,0,29.1600112915,
MC_G1_D060_DENS_LOW_V_LOW_S007,MC_G1_D060_DENS_LOW_V_LOW,7,7.29900932312,6.59319945537,43.6671732265,0,0,29.1960372925,
MC_G1_D060_DENS_LOW_V_LOW_S007,MC_G1_D060_DENS_LOW_V_LOW,7,7.30800390244,6.97087555142,42.683576028,0,0,29.2320156097,
MC_G1_D060_DENS_LOW_V_LOW_S007,MC_G1_D060_DENS_LOW_V_LOW,7,7.31701040268,6.71171643913,41.3344606079,0,0,29.2680416107,
MC_G1_D060_DENS_LOW_V_LOW_S007,MC_G1_D060_DENS_LOW_V_LOW,7,7.32600498199,6.65987235539,42.5844862178,0,0,29.304019928,
MC_G1_D060_DENS_LOW_V_LOW_S007,MC_G1_D060_DENS_LOW_V_LOW,7,7.33501195908,6.04521280487,40.3540270627,0,0,29.3400478363,
MC_G1_D060_DENS_LOW_V_LOW_S007,MC_G1_D060_DENS_LOW_V_LOW,7,7.34400653839,6.3969230379,40.6763884863,0,0,29.3760261536,
MC_G1_D060_DENS_LOW_V_LOW_S007,MC_G1_D060_DENS_LOW_V_LOW,7,7.35300111771,6.45003944591,43.5072578271,0,0,29.4120044708,
MC_G1_D060_DENS_LOW_V_LOW_S007,MC_G1_D060_DENS_LOW_V_LOW,7,7.36200761795,6.95203332274,41.6053698977,0,0,29.4480304718,
MC_G1_D060_DENS_LOW_V_LOW_S007,MC_G1_D060_DENS_LOW_V_LOW,7,7.37100219727,7.00868175817,41.9692998792,0,0,29.4840087891,
MC_G1_D060_DENS_LOW_V_LOW_S007,MC_G1_D060_DENS_LOW_V_LOW,7,7.38000869751,6.65610201002,42.2607792565,0,0,29.52003479,
MC_G1_D060_DENS_LOW_V_LOW_S007,MC_G1_D060_DENS_LOW_V_LOW,7,7.38900327682,6.58270871654,43.3201378378,0,0,29.5560131073,
MC_G1_D060_DENS_LOW_V_LOW_S007,MC_G1_D060_DENS_LOW_V_LOW,7,7.39800977707,6.81786420328,42.5406628008,0,0,29.5920391083,
MC_G1_D060_DENS_LOW_V_LOW_S007,MC_G1_D060_DENS_LOW_V_LOW,7,7.40700435638,7.07689552188,40.1275099374,0,0,29.6280174255,
MC_G1_D060_DENS_LOW_V_LOW_S007,MC_G1_D060_DENS_LOW_V_LOW,7,7.41601085663,6.80421963725,42.2704809927,0,0,29.6640434265,
MC_G1_D060_DENS_LOW_V_LOW_S007,MC_G1_D060_DENS_LOW_V_LOW,7,7.42500591278,6.65366054625,43.1077612022,0,0,29.7000236511,
MC_G1_D060_DENS_LOW_V_LOW_S007,MC_G1_D060_DENS_LOW_V_LOW,7,7.4340004921,6.87266653808,42.3697493716,0,0,29.7360019684,
MC_G1_D060_DENS_LOW_V_LOW_S007,MC_G1_D060_DENS_LOW_V_LOW,7,7.44300699234,6.64346468271,43.4658181768,0,0,29.7720279694,
MC_G1_D060_DENS_LOW_V_LOW_S007,MC_G1_D060_DENS_LOW_V_LOW,7,7.45200157166,6.62958050352,45.2151068074,0,0,29.8080062866,
MC_G1_D060_DENS_LOW_V_LOW_S007,MC_G1_D060_DENS_LOW_V_LOW,7,7.4610080719,6.90635010336,43.816679097,0,0,29.8440322876,
MC_G1_D060_DENS_LOW_V_LOW_S007,MC_G1_D060_DENS_LOW_V_LOW,7,7.47000265121,6.43994288151,42.6043767851,0,0,29.8800106049,
MC_G1_D060_DENS_LOW_V_LOW_S007,MC_G1_D060_DENS_LOW_V_LOW,7,7.47900915146,6.15454893504,44.6793566685,0,0,29.9160366058,
MC_G1_D060_DENS_LOW_V_LOW_S007,MC_G1_D060_DENS_LOW_V_LOW,7,7.48800373077,6.43575936535,42.9019470535,0,0,29.9520149231,
MC_G1_D060_DENS_LOW_V_LOW_S007,MC_G1_D060_DENS_LOW_V_LOW,7,7.49701023102,6.50268914793,44.1999713524,0,0,29.9880409241,
MC_G1_D060_DENS_LOW_V_LOW_S007,MC_G1_D060_DENS_LOW_V_LOW,7,7.50600481033,6.820240475,42.6690333144,0,0,30.0240192413,
MC_G1_D060_DENS_LOW_V_LOW_S007,MC_G1_D060_DENS_LOW_V_LOW,7,7.51501131058,6.64717847074,42.5607362307,0,0,30.0600452423,
MC_G1_D060_DENS_LOW_V_LOW_S007,MC_G1_D060_DENS_LOW_V_LOW,7,7.52400636673,7.07678801977,42.1757674273,0,0,30.0960254669,
MC_G1_D060_DENS_LOW_V_LOW_S007,MC_G1_D060_DENS_LOW_V_LOW,7,7.53300094604,6.94499689896,44.1322171745,0,0,30.1320037842,
MC_G1_D060_DENS_LOW_V_LOW_S007,MC_G1_D060_DENS_LOW_V_LOW,7,7.54200744629,6.80019672666,42.3417692401,0,0,30.1680297852,
MC_G1_D060_DENS_LOW_V_LOW_S007,MC_G1_D060_DENS_LOW_V_LOW,7,7.5510020256,6.6065465557,44.7155855795,0,0,30.2040081024,
MC_G1_D060_DENS_LOW_V_LOW_S007,MC_G1_D060_DENS_LOW_V_LOW,7,7.56000852585,6.42810599166,43.5664100627,0,0,30.2400341034,
MC_G1_D060_DENS_LOW_V_LOW_S007,MC_G1_D060_DENS_LOW_V_LOW,7,7.56900310516,6.8795743047,43.5015902971,0,0,30.2760124207,
MC_G1_D060_DENS_LOW_V_LOW_S007,MC_G1_D060_DENS_LOW_V_LOW,7,7.57800960541,6.45764878258,43.3275806641,0,0,30.3120384216,
MC_G1_D060_DENS_LOW_V_LOW_S007,MC_G1_D060_DENS_LOW_V_LOW,7,7.58700418472,6.38423260713,42.8035210736,0,0,30.3480167389,
MC_G1_D060_DENS_LOW_V_LOW_S007,MC_G1_D060_DENS_LOW_V_LOW,7,7.59601068497,6.54612907011,45.389135364,0,0,30.3840427399,
MC_G1_D060_DENS_LOW_V_LOW_S007,MC_G1_D060_DENS_LOW_V_LOW,7,7.60500526428,6.61103444534,42.8694022588,0,0,30.4200210571,
MC_G1_D060_DENS_LOW_V_LOW_S007,MC_G1_D060_DENS_LOW_V_LOW,7,7.61400032043,6.39058429855,42.2889881143,0,0,30.4560012817,
MC_G1_D060_DENS_LOW_V_LOW_S007,MC_G1_D060_DENS_LOW_V_LOW,7,7.62300682068,6.89230877248,45.0108912909,0,0,30.4920272827,
MC_G1_D060_DENS_LOW_V_LOW_S007,MC_G1_D060_DENS_LOW_V_LOW,7,7.63200139999,6.42848246494,43.2095581148,0,0,30.5280056,
MC_G1_D060_DENS_LOW_V_LOW_S007,MC_G1_D060_DENS_LOW_V_LOW,7,7.64100790024,7.19044495797,44.4560945838,0,0,30.564031601,
MC_G1_D060_DENS_LOW_V_LOW_S007,MC_G1_D060_DENS_LOW_V_LOW,7,7.65000247955,6.78874796694,45.5438556672,0,0,30.6000099182,
MC_G1_D060_DENS_LOW_V_LOW_S007,MC_G1_D060_DENS_LOW_V_LOW,7,7.6590089798,6.54783097111,45.224544466,0,0,30.6360359192,
MC_G1_D060_DENS_LOW_V_LOW_S007,MC_G1_D060_DENS_LOW_V_LOW,7,7.66800355911,6.7062251964,43.6422015421,0,0,30.6720142365,
MC_G1_D060_DENS_LOW_V_LOW_S007,MC_G1_D060_DENS_LOW_V_LOW,7,7.67701005936,6.64193720281,45.5762773952,0,0,30.7080402374,
MC_G1_D060_DENS_LOW_V_LOW_S007,MC_G1_D060_DENS_LOW_V_LOW,7,7.68600463867,6.77677853432,44.3388463977,0,0,30.7440185547,
MC_G1_D060_DENS_LOW_V_LOW_S007,MC_G1_D060_DENS_LOW_V_LOW,7,7.69501113892,6.33721057623,45.0438962599,0,0,30.7800445557,
MC_G1_D060_DENS_LOW_V_LOW_S007,MC_G1_D060_DENS_LOW_V_LOW,7,7.70400619507,6.74106365391,43.6718681746,0,0,30.8160247803,
MC_G1_D060_DENS_LOW_V_LOW_S007,MC_G1_D060_DENS_LOW_V_LOW,7,7.71300077438,6.49380576005,45.5986228752,0,0,30.8520030975,
MC_G1_D060_DENS_LOW_V_LOW_S007,MC_G1_D060_DENS_LOW_V_LOW,7,7.72200727463,6.32163442596,45.8881100858,0,0,30.8880290985,
MC_G1_D060_DENS_LOW_V_LOW_S007,MC_G1_D060_DENS_LOW_V_LOW,7,7.73100185394,6.40519292976,43.3561767153,0,0,30.9240074158,
MC_G1_D060_DENS_LOW_V_LOW_S007,MC_G1_D060_DENS_LOW_V_LOW,7,7.74000835419,6.64120886517,46.168384098,0,0,30.9600334167,
MC_G1_D060_DENS_LOW_V_LOW_S007,MC_G1_D060_DENS_LOW_V_LOW,7,7.7490029335,6.79516830429,44.8202699612,0,0,30.996011734,
MC_G1_D060_DENS_LOW_V_LOW_S007,MC_G1_D060_DENS_LOW_V_LOW,7,7.75800943375,6.92847999722,47.4245249371,0,0,31.032037735,
MC_G1_D060_DENS_LOW_V_LOW_S007,MC_G1_D060_DENS_LOW_V_LOW,7,7.76700401306,6.99886323138,43.3340523985,0,0,31.0680160522,
MC_G1_D060_DENS_LOW_V_LOW_S007,MC_G1_D060_DENS_LOW_V_LOW,7,7.77601051331,6.89949025936,44.2912840008,0,0,31.1040420532,
MC_G1_D060_DENS_LOW_V_LOW_S007,MC_G1_D060_DENS_LOW_V_LOW,7,7.78500509262,6.86685667461,43.7786993548,0,0,31.1400203705,
MC_G1_D060_DENS_LOW_V_LOW_S007,MC_G1_D060_DENS_LOW_V_LOW,7,7.79401159286,6.88148387044,44.7853451822,0,0,31.1760463715,
MC_G1_D060_DENS_LOW_V_LOW_S007,MC_G1_D060_DENS_LOW_V_LOW,7,7.80300664902,7.08602456722,47.656274685,0,0,31.2120265961,
MC_G1_D060_DENS_LOW_V_LOW_S007,MC_G1_D060_DENS_LOW_V_LOW,7,7.81200122833,6.67658008418,46.3854118347,0,0,31.2480049133,
MC_G1_D060_DENS_LOW_V_LOW_S007,MC_G1_D060_DENS_LOW_V_LOW,7,7.82100772858,6.41516170047,45.5805993392,0,0,31.2840309143,
MC_G1_D060_DENS_LOW_V_LOW_S007,MC_G1_D060_DENS_LOW_V_LOW,7,7.83000230789,6.49627399141,46.6162909121,0,0,31.3200092316,
MC_G1_D060_DENS_LOW_V_LOW_S007,MC_G1_D060_DENS_LOW_V_LOW,7,7.83900880814,6.58128873877,46.1931466345,0,0,31.3560352325,
MC_G1_D060_DENS_LOW_V_LOW_S007,MC_G1_D060_DENS_LOW_V_LOW,7,7.84800338745,6.43820039738,44.1839292756,0,0,31.3920135498,
MC_G1_D060_DENS_LOW_V_LOW_S007,MC_G1_D060_DENS_LOW_V_LOW,7,7.8570098877,6.80735964891,44.5952407911,0,0,31.4280395508,
MC_G1_D060_DENS_LOW_V_LOW_S007,MC_G1_D060_DENS_LOW_V_LOW,7,7.86600446701,7.12460746598,45.6048881737,0,0,31.464017868,
MC_G1_D060_DENS_LOW_V_LOW_S007,MC_G1_D060_DENS_LOW_V_LOW,7,7.87501096725,6.75560148052,44.6665395182,0,0,31.500043869,
MC_G1_D060_DENS_LOW_V_LOW_S007,MC_G1_D060_DENS_LOW_V_LOW,7,7.88400554657,6.41455640742,44.3338977258,0,0,31.5360221863,
MC_G1_D060_DENS_LOW_V_LOW_S007,MC_G1_D060_DENS_LOW_V_LOW,7,7.89300060272,6.84965029141,44.867615413,0,0,31.5720024109,
MC_G1_D060_DENS_LOW_V_LOW_S007,MC_G1_D060_DENS_LOW_V_LOW,7,7.90200710297,6.8112020941,44.6522811289,0,0,31.6080284119,
MC_G1_D060_DENS_LOW_V_LOW_S007,MC_G1_D060_DENS_LOW_V_LOW,7,7.91100168228,6.85911220475,44.9754009732,0,0,31.6440067291,
MC_G1_D060_DENS_LOW_V_LOW_S007,MC_G1_D060_DENS_LOW_V_LOW,7,7.92000818253,6.93157251799,46.8636492461,0,0,31.6800327301,
MC_G1_D060_DENS_LOW_V_LOW_S007,MC_G1_D060_DENS_LOW_V_LOW,7,7.92900276184,6.58226273386,45.1631308921,0,0,31.7160110474,
MC_G1_D060_DENS_LOW_V_LOW_S007,MC_G1_D060_DENS_LOW_V_LOW,7,7.93800926208,6.83281304199,44.552501462,0,0,31.7520370483,
MC_G1_D060_DENS_LOW_V_LOW_S007,MC_G1_D060_DENS_LOW_V_LOW,7,7.9470038414,6.74685106714,47.0835559464,0,0,31.7880153656,
MC_G1_D060_DENS_LOW_V_LOW_S007,MC_G1_D060_DENS_LOW_V_LOW,7,7.95601034164,6.64518773875,45.334613715,0,0,31.8240413666,
MC_G1_D060_DENS_LOW_V_LOW_S007,MC_G1_D060_DENS_LOW_V_LOW,7,7.96500492096,6.43222863313,44.2107320141,0,0,31.8600196838,
MC_G1_D060_DENS_LOW_V_LOW_S007,MC_G1_D060_DENS_LOW_V_LOW,7,7.9740114212,6.74529509271,47.4072256225,0,0,31.8960456848,
MC_G1_D060_DENS_LOW_V_LOW_S007,MC_G1_D060_DENS_LOW_V_LOW,7,7.98300647736,6.8849260969,45.1049245486,0,0,31.9320259094,
MC_G1_D060_DENS_LOW_V_LOW_S007,MC_G1_D060_DENS_LOW_V_LOW,7,7.99200105667,6.70721689265,45.711435449,0,0,31.9680042267,
MC_G1_D060_DENS_LOW_V_LOW_S007,MC_G1_D060_DENS_LOW_V_LOW,7,8.00100708008,6.72760041676,44.4799104364,0,0,32.0040283203,
MC_G1_D060_DENS_LOW_V_LOW_S007,MC_G1_D060_DENS_LOW_V_LOW,7,8.01000213623,6.87758659486,44.7036394222,0,0,32.0400085449,
MC_G1_D060_DENS_LOW_V_LOW_S007,MC_G1_D060_DENS_LOW_V_LOW,7,8.01900863647,6.97000215068,46.6454280792,0,0,32.0760345459,
MC_G1_D060_DENS_LOW_V_LOW_S007,MC_G1_D060_DENS_LOW_V_LOW,7,8.02800369263,6.72024796265,47.7604339566,0,0,32.1120147705,
MC_G1_D060_DENS_LOW_V_LOW_S007,MC_G1_D060_DENS_LOW_V_LOW,7,8.03701019287,6.92389410365,47.9688862128,0,0,32.1480407715,
MC_G1_D060_DENS_LOW_V_LOW_S007,MC_G1_D060_DENS_LOW_V_LOW,7,8.04600429535,6.69262078176,46.5883432614,0,0,32.1840171814,
MC_G1_D060_DENS_LOW_V_LOW_S007,MC_G1_D060_DENS_LOW_V_LOW,7,8.05501079559,6.98798177201,46.3416695536,0,0,32.2200431824,
MC_G1_D060_DENS_LOW_V_LOW_S007,MC_G1_D060_DENS_LOW_V_LOW,7,8.06400585175,6.70188668722,45.1239272155,0,0,32.256023407,
MC_G1_D060_DENS_LOW_V_LOW_S007,MC_G1_D060_DENS_LOW_V_LOW,7,8.07299995422,6.37950121873,49.3868095313,0,0,32.2919998169,
MC_G1_D060_DENS_LOW_V_LOW_S007,MC_G1_D060_DENS_LOW_V_LOW,7,8.08200645447,9.93843957416,48.141252735,0,0,32.3280258179,
MC_G1_D060_DENS_LOW_V_LOW_S007,MC_G1_D060_DENS_LOW_V_LOW,7,8.09100151062,6.58697944326,47.167521413,0,0,32.3640060425,
MC_G1_D060_DENS_LOW_V_LOW_S007,MC_G1_D060_DENS_LOW_V_LOW,7,8.10000801086,6.82507375296,45.5900633571,0,0,32.4000320435,
MC_G1_D060_DENS_LOW_V_LOW_S007,MC_G1_D060_DENS_LOW_V_LOW,7,8.10900211334,6.59298833676,47.3058423615,0,0,32.4360084534,
MC_G1_D060_DENS_LOW_V_LOW_S007,MC_G1_D060_DENS_LOW_V_LOW,7,8.11800861359,6.63328479338,47.4085466935,0,0,32.4720344543,
MC_G1_D060_DENS_LOW_V_LOW_S007,MC_G1_D060_DENS_LOW_V_LOW,7,8.12700366974,6.87912011905,47.4183883405,0,0,32.508014679,
MC_G1_D060_DENS_LOW_V_LOW_S007,MC_G1_D060_DENS_LOW_V_LOW,7,8.13601016998,6.77951746379,49.1324157267,0,0,32.5440406799,
MC_G1_D060_DENS_LOW_V_LOW_S007,MC_G1_D060_DENS_LOW_V_LOW,7,8.14500522614,6.95667750059,47.3167080657,0,0,32.5800209045,
MC_G1_D060_DENS_LOW_V_LOW_S007,MC_G1_D060_DENS_LOW_V_LOW,7,8.15401172638,6.72546634861,46.380948778,0,0,32.6160469055,
MC_G1_D060_DENS_LOW_V_LOW_S007,MC_G1_D060_DENS_LOW_V_LOW,7,8.16300582886,7.04780216753,48.7116319334,0,0,32.6520233154,
MC_G1_D060_DENS_LOW_V_LOW_S007,MC_G1_D060_DENS_LOW_V_LOW,7,8.17200088501,6.5884879268,46.4554070579,0,0,32.68800354,
MC_G1_D060_DENS_LOW_V_LOW_S007,MC_G1_D060_DENS_LOW_V_LOW,7,8.18100738525,6.83252680141,47.5519359933,0,0,32.724029541,
MC_G1_D060_DENS_LOW_V_LOW_S007,MC_G1_D060_DENS_LOW_V_LOW,7,8.19000148773,9.09894301331,47.7923228074,0,0,32.7600059509,
MC_G1_D060_DENS_LOW_V_LOW_S007,MC_G1_D060_DENS_LOW_V_LOW,7,8.19900798798,7.07599492181,45.6317230593,0,0,32.7960319519,
MC_G1_D060_DENS_LOW_V_LOW_S007,MC_G1_D060_DENS_LOW_V_LOW,7,8.20800304413,6.52961821266,50.3831175466,0,0,32.8320121765,
MC_G1_D060_DENS_LOW_V_LOW_S007,MC_G1_D060_DENS_LOW_V_LOW,7,8.21700954437,6.65108481277,47.046400911,0,0,32.8680381775,
MC_G1_D060_DENS_LOW_V_LOW_S007,MC_G1_D060_DENS_LOW_V_LOW,7,8.22600460052,6.81567357778,48.4172967909,0,0,32.9040184021,
MC_G1_D060_DENS_LOW_V_LOW_S007,MC_G1_D060_DENS_LOW_V_LOW,7,8.23501110077,6.91471627221,46.9871684313,0,0,32.9400444031,
MC_G1_D060_DENS_LOW_V_LOW_S007,MC_G1_D060_DENS_LOW_V_LOW,7,8.24400520325,6.58523695913,46.7757178499,0,0,32.976020813,
MC_G1_D060_DENS_LOW_V_LOW_S007,MC_G1_D060_DENS_LOW_V_LOW,7,8.2530002594,7.07670685351,48.987400237,0,0,33.0120010376,
MC_G1_D060_DENS_LOW_V_LOW_S007,MC_G1_D060_DENS_LOW_V_LOW,7,8.26200675964,6.75344927948,49.4454415682,0,0,33.0480270386,
MC_G1_D060_DENS_LOW_V_LOW_S007,MC_G1_D060_DENS_LOW_V_LOW,7,8.27100086212,6.90298688448,48.2356341241,0,0,33.0840034485,
MC_G1_D060_DENS_LOW_V_LOW_S007,MC_G1_D060_DENS_LOW_V_LOW,7,8.28000736237,7.04920099027,47.7914253857,0,0,33.1200294495,
MC_G1_D060_DENS_LOW_V_LOW_S007,MC_G1_D060_DENS_LOW_V_LOW,7,8.28900241852,7.0131135222,47.0524000653,0,0,33.1560096741,
MC_G1_D060_DENS_LOW_V_LOW_S007,MC_G1_D060_DENS_LOW_V_LOW,7,8.29800891876,6.69518874401,48.9347333607,0,0,33.192035675,
MC_G1_D060_DENS_LOW_V_LOW_S007,MC_G1_D060_DENS_LOW_V_LOW,7,8.30700397491,7.14968179536,50.2706691215,0,0,33.2280158997,
MC_G1_D060_DENS_LOW_V_LOW_S007,MC_G1_D060_DENS_LOW_V_LOW,7,8.31601047516,6.73627311776,50.8196875874,0,0,33.2640419006,
MC_G1_D060_DENS_LOW_V_LOW_S007,MC_G1_D060_DENS_LOW_V_LOW,7,8.32500457764,6.52708306231,48.6978415333,0,0,33.3000183105,
MC_G1_D060_DENS_LOW_V_LOW_S007,MC_G1_D060_DENS_LOW_V_LOW,7,8.33401107788,6.56767266727,46.81383786,0,0,33.3360443115,
MC_G1_D060_DENS_LOW_V_LOW_S007,MC_G1_D060_DENS_LOW_V_LOW,7,8.34300613403,6.9237179556,47.3798452671,0,0,33.3720245361,
MC_G1_D060_DENS_LOW_V_LOW_S007,MC_G1_D060_DENS_LOW_V_LOW,7,8.35200023651,6.71982097633,48.0569149923,0,0,33.408000946,
MC_G1_D060_DENS_LOW_V_LOW_S007,MC_G1_D060_DENS_LOW_V_LOW,7,8.36100673676,7.05937051795,49.3974664264,0,0,33.444026947,
MC_G1_D060_DENS_LOW_V_LOW_S007,MC_G1_D060_DENS_LOW_V_LOW,7,8.37000179291,6.94697942798,49.1127169211,0,0,33.4800071716,
MC_G1_D060_DENS_LOW_V_LOW_S007,MC_G1_D060_DENS_LOW_V_LOW,7,8.37900829315,6.77429303354,48.8269972369,0,0,33.5160331726,
MC_G1_D060_DENS_LOW_V_LOW_S007,MC_G1_D060_DENS_LOW_V_LOW,7,8.38800239563,6.85403024719,49.0679858474,0,0,33.5520095825,
MC_G1_D060_DENS_LOW_V_LOW_S007,MC_G1_D060_DENS_LOW_V_LOW,7,8.39700889587,7.00997653268,49.937451311,0,0,33.5880355835,
MC_G1_D060_DENS_LOW_V_LOW_S007,MC_G1_D060_DENS_LOW_V_LOW,7,8.40600395203,7.04928604214,48.8828186802,0,0,33.6240158081,
MC_G1_D060_DENS_LOW_V_LOW_S007,MC_G1_D060_DENS_LOW_V_LOW,7,8.41501045227,6.22929053821,49.2435455018,0,0,33.6600418091,
MC_G1_D060_DENS_LOW_V_LOW_S007,MC_G1_D060_DENS_LOW_V_LOW,7,8.42400550842,7.0398094498,46.9523333569,0,0,33.6960220337,
MC_G1_D060_DENS_LOW_V_LOW_S007,MC_G1_D060_DENS_LOW_V_LOW,7,8.43301200867,6.36061106742,48.9120816928,0,0,33.7320480347,
MC_G1_D060_DENS_LOW_V_LOW_S007,MC_G1_D060_DENS_LOW_V_LOW,7,8.44200611115,6.08816400255,49.4342828373,0,0,33.7680244446,
MC_G1_D060_DENS_LOW_V_LOW_S007,MC_G1_D060_DENS_LOW_V_LOW,7,8.4510011673,6.6508693768,48.6645784994,0,0,33.8040046692,
MC_G1_D060_DENS_LOW_V_LOW_S007,MC_G1_D060_DENS_LOW_V_LOW,7,8.46000766754,6.85080388844,49.4022138913,0,0,33.8400306702,
MC_G1_D060_DENS_LOW_V_LOW_S007,MC_G1_D060_DENS_LOW_V_LOW,7,8.46900177002,6.78401139771,48.9740218813,0,0,33.8760070801,
MC_G1_D060_DENS_LOW_V_LOW_S007,MC_G1_D060_DENS_LOW_V_LOW,7,8.47800827026,6.89317915108,51.0558100406,0,0,33.9120330811,
MC_G1_D060_DENS_LOW_V_LOW_S007,MC_G1_D060_DENS_LOW_V_LOW,7,8.48700332642,6.99314144194,48.2026372912,0,0,33.9480133057,
MC_G1_D060_DENS_LOW_V_LOW_S007,MC_G1_D060_DENS_LOW_V_LOW,7,8.49600982666,6.53619829211,49.6234845803,0,0,33.9840393066,
MC_G1_D060_DENS_LOW_V_LOW_S007,MC_G1_D060_DENS_LOW_V_LOW,7,8.50500488281,6.88530731927,47.4884621543,0,0,34.0200195312,
MC_G1_D060_DENS_LOW_V_LOW_S007,MC_G1_D060_DENS_LOW_V_LOW,7,8.51401138306,6.95211794288,51.3694249656,0,0,34.0560455322,
MC_G1_D060_DENS_LOW_V_LOW_S007,MC_G1_D060_DENS_LOW_V_LOW,7,8.52300548553,6.74459050051,47.8787313752,0,0,34.0920219421,
MC_G1_D060_DENS_LOW_V_LOW_S007,MC_G1_D060_DENS_LOW_V_LOW,7,8.53200054169,9.25798915908,49.336861142,0,0,34.1280021667,
MC_G1_D060_DENS_LOW_V_LOW_S007,MC_G1_D060_DENS_LOW_V_LOW,7,8.54100704193,8.21171810241,47.5138686285,0,0,34.1640281677,
MC_G1_D060_DENS_LOW_V_LOW_S007,MC_G1_D060_DENS_LOW_V_LOW,7,8.55000114441,6.99328002901,48.0846199996,0,0,34.2000045776,
MC_G1_D060_DENS_LOW_V_LOW_S007,MC_G1_D060_DENS_LOW_V_LOW,7,8.55900764465,6.99271704603,49.5256560477,0,0,34.2360305786,
MC_G1_D060_DENS_LOW_V_LOW_S007,MC_G1_D060_DENS_LOW_V_LOW,7,8.56800270081,7.03017656924,50.5940648252,0,0,34.2720108032,
MC_G1_D060_DENS_LOW_V_LOW_S007,MC_G1_D060_DENS_LOW_V_LOW,7,8.57700920105,6.88363132239,47.8423069171,0,0,34.3080368042,
MC_G1_D060_DENS_LOW_V_LOW_S007,MC_G1_D060_DENS_LOW_V_LOW,7,8.58600330353,6.93067925742,48.7978041483,0,0,34.3440132141,
MC_G1_D060_DENS_LOW_V_LOW_S007,MC_G1_D060_DENS_LOW_V_LOW,7,8.59501075745,6.8448347146,48.6910176319,0,0,34.3800430298,
MC_G1_D060_DENS_LOW_V_LOW_S007,MC_G1_D060_DENS_LOW_V_LOW,7,8.60400485992,7.49437330577,49.2112159737,0,0,34.4160194397,
MC_G1_D060_DENS_LOW_V_LOW_S007,MC_G1_D060_DENS_LOW_V_LOW,7,8.61301136017,7.14553195456,49.3791991796,0,0,34.4520454407,
MC_G1_D060_DENS_LOW_V_LOW_S007,MC_G1_D060_DENS_LOW_V_LOW,7,8.62200641632,7.17785296288,47.0364755596,0,0,34.4880256653,
MC_G1_D060_DENS_LOW_V_LOW_S007,MC_G1_D060_DENS_LOW_V_LOW,7,8.6310005188,6.8784526561,52.2924557609,0,0,34.5240020752,
MC_G1_D060_DENS_LOW_V_LOW_S007,MC_G1_D060_DENS_LOW_V_LOW,7,8.64000701904,7.15320821023,50.8253844806,0,0,34.5600280762,
MC_G1_D060_DENS_LOW_V_LOW_S007,MC_G1_D060_DENS_LOW_V_LOW,7,8.6490020752,7.30411009914,49.6963432774,0,0,34.5960083008,
MC_G1_D060_DENS_LOW_V_LOW_S007,MC_G1_D060_DENS_LOW_V_LOW,7,8.65800857544,6.79135176322,51.3741633602,0,0,34.6320343018,
MC_G1_D060_DENS_LOW_V_LOW_S007,MC_G1_D060_DENS_LOW_V_LOW,7,8.66700267792,6.65992589058,51.1262742712,0,0,34.6680107117,
MC_G1_D060_DENS_LOW_V_LOW_S007,MC_G1_D060_DENS_LOW_V_LOW,7,8.67600917816,6.82539582758,48.8052670287,0,0,34.7040367126,
MC_G1_D060_DENS_LOW_V_LOW_S007,MC_G1_D060_DENS_LOW_V_LOW,7,8.68500423431,6.75139810452,52.9433040182,0,0,34.7400169373,
MC_G1_D060_DENS_LOW_V_LOW_S007,MC_G1_D060_DENS_LOW_V_LOW,7,8.69401073456,6.76032423421,48.6461448672,0,0,34.7760429382,
MC_G1_D060_DENS_LOW_V_LOW_S007,MC_G1_D060_DENS_LOW_V_LOW,7,8.70300579071,6.91111128151,47.4454395049,0,0,34.8120231628,
MC_G1_D060_DENS_LOW_V_LOW_S007,MC_G1_D060_DENS_LOW_V_LOW,7,8.71199989319,7.27167554441,51.4496378767,0,0,34.8479995728,
MC_G1_D060_DENS_LOW_V_LOW_S007,MC_G1_D060_DENS_LOW_V_LOW,7,8.72100639343,6.63521637762,49.5357472296,0,0,34.8840255737,
MC_G1_D060_DENS_LOW_V_LOW_S007,MC_G1_D060_DENS_LOW_V_LOW,7,8.73000144958,7.01472907612,49.5173547133,0,0,34.9200057983,
MC_G1_D060_DENS_LOW_V_LOW_S007,MC_G1_D060_DENS_LOW_V_LOW,7,8.73900794983,7.15408031576,51.5392833815,0,0,34.9560317993,
MC_G1_D060_DENS_LOW_V_LOW_S007,MC_G1_D060_DENS_LOW_V_LOW,7,8.74800205231,7.12758903075,50.889334242,0,0,34.9920082092,
MC_G1_D060_DENS_LOW_V_LOW_S007,MC_G1_D060_DENS_LOW_V_LOW,7,8.75700855255,7.15292715047,49.988618775,0,0,35.0280342102,
MC_G1_D060_DENS_LOW_V_LOW_S007,MC_G1_D060_DENS_LOW_V_LOW,7,8.7660036087,7.13378961477,50.3885774231,0,0,35.0640144348,
MC_G1_D060_DENS_LOW_V_LOW_S007,MC_G1_D060_DENS_LOW_V_LOW,7,8.77501010895,7.22520656658,52.217769925,0,0,35.1000404358,
MC_G1_D060_DENS_LOW_V_LOW_S007,MC_G1_D060_DENS_LOW_V_LOW,7,8.7840051651,6.94552966046,52.2265769513,0,0,35.1360206604,
MC_G1_D060_DENS_LOW_V_LOW_S007,MC_G1_D060_DENS_LOW_V_LOW,7,8.79301166534,6.89555455933,50.2242252336,0,0,35.1720466614,
MC_G1_D060_DENS_LOW_V_LOW_S007,MC_G1_D060_DENS_LOW_V_LOW,7,8.80200576782,6.90288240451,52.7674174708,0,0,35.2080230713,
MC_G1_D060_DENS_LOW_V_LOW_S007,MC_G1_D060_DENS_LOW_V_LOW,7,8.81100082397,7.12998473056,51.7359398418,0,0,35.2440032959,
MC_G1_D060_DENS_LOW_V_LOW_S007,MC_G1_D060_DENS_LOW_V_LOW,7,8.82000732422,6.89111286538,48.5223431293,0,0,35.2800292969,
MC_G1_D060_DENS_LOW_V_LOW_S007,MC_G1_D060_DENS_LOW_V_LOW,7,8.8290014267,7.24969503101,51.449224714,0,0,35.3160057068,
MC_G1_D060_DENS_LOW_V_LOW_S007,MC_G1_D060_DENS_LOW_V_LOW,7,8.83800792694,6.92206915805,50.4503372244,0,0,35.3520317078,
MC_G1_D060_DENS_LOW_V_LOW_S007,MC_G1_D060_DENS_LOW_V_LOW,7,8.84700298309,7.52098979405,50.6871113423,0,0,35.3880119324,
MC_G1_D060_DENS_LOW_V_LOW_S007,MC_G1_D060_DENS_LOW_V_LOW,7,8.85600948334,7.12931856282,50.5249235075,0,0,35.4240379333,
MC_G1_D060_DENS_LOW_V_LOW_S007,MC_G1_D060_DENS_LOW_V_LOW,7,8.86500358582,7.17487182984,50.8160010871,0,0,35.4600143433,
MC_G1_D060_DENS_LOW_V_LOW_S007,MC_G1_D060_DENS_LOW_V_LOW,7,8.87401008606,7.00454616464,51.6843042063,0,0,35.4960403442,
MC_G1_D060_DENS_LOW_V_LOW_S007,MC_G1_D060_DENS_LOW_V_LOW,7,8.88300514221,7.31015353147,52.4659013837,0,0,35.5320205688,
MC_G1_D060_DENS_LOW_V_LOW_S007,MC_G1_D060_DENS_LOW_V_LOW,7,8.89201164246,7.15866664107,50.3064175438,0,0,35.5680465698,
MC_G1_D060_DENS_LOW_V_LOW_S007,MC_G1_D060_DENS_LOW_V_LOW,7,8.90100669861,6.55539108995,50.7223431261,0,0,35.6040267944,
MC_G1_D060_DENS_LOW_V_LOW_S007,MC_G1_D060_DENS_LOW_V_LOW,7,8.91000080109,6.74620389576,51.6356562862,0,0,35.6400032043,
MC_G1_D060_DENS_LOW_V_LOW_S007,MC_G1_D060_DENS_LOW_V_LOW,7,8.91900730133,6.73367061668,52.4348911368,0,0,35.6760292053,
MC_G1_D060_DENS_LOW_V_LOW_S007,MC_G1_D060_DENS_LOW_V_LOW,7,8.92800235748,6.57834775713,49.6988877474,0,0,35.7120094299,
MC_G1_D060_DENS_LOW_V_LOW_S007,MC_G1_D060_DENS_LOW_V_LOW,7,8.93700885773,6.92854475753,52.4041093024,0,0,35.7480354309,
MC_G1_D060_DENS_LOW_V_LOW_S007,MC_G1_D060_DENS_LOW_V_LOW,7,8.94600296021,6.98202209635,49.4693841862,0,0,35.7840118408,
MC_G1_D060_DENS_LOW_V_LOW_S007,MC_G1_D060_DENS_LOW_V_LOW,7,8.95500946045,6.94825909175,51.453817951,0,0,35.8200378418,
MC_G1_D060_DENS_LOW_V_LOW_S007,MC_G1_D060_DENS_LOW_V_LOW,7,8.9640045166,7.21176491619,51.2247236567,0,0,35.8560180664,
MC_G1_D060_DENS_LOW_V_LOW_S007,MC_G1_D060_DENS_LOW_V_LOW,7,8.97301101685,7.56776228189,50.737018793,0,0,35.8920440674,
MC_G1_D060_DENS_LOW_V_LOW_S007,MC_G1_D060_DENS_LOW_V_LOW,7,8.982006073,7.22522858508,53.7725806417,0,0,35.928024292,
MC_G1_D060_DENS_LOW_V_LOW_S007,MC_G1_D060_DENS_LOW_V_LOW,7,8.99100017548,7.11387970441,51.3518977428,0,0,35.9640007019,
MC_G1_D060_DENS_LOW_V_LOW_S007,MC_G1_D060_DENS_LOW_V_LOW,7,9,7.2210485228,53.5427719155,0,0,36,
