run_id,scenario_id,S,z_m,qb_MPa,qs_kPa,ALLKE,ALLIE,time_s,walltime_h
MC_G0_D045_DENS_REF_V_HIGH_S050,MC_G0_D045_DENS_REF_V_HIGH,50,0,0,0,0,0,0,
MC_G0_D045_DENS_REF_V_HIGH_S050,MC_G0_D045_DENS_REF_V_HIGH,50,0.0100867953151,0,0,0,0,0.0100867953151,
MC_G0_D045_DENS_REF_V_HIGH_S050,MC_G0_D045_DENS_REF_V_HIGH,50,0.0200495272875,1.28612329702,0.113516156926,0,0,0.0200495272875,
MC_G0_D045_DENS_REF_V_HIGH_S050,MC_G0_D045_DENS_REF_V_HIGH,50,0.0300516150892,4.11527970983,878.778220265,0,0,0.0300516150892,
MC_G0_D045_DENS_REF_V_HIGH_S050,MC_G0_D045_DENS_REF_V_HIGH,50,0.0400535240769,0,0,0,0,0.0400535240769,
MC_G0_D045_DENS_REF_V_HIGH_S050,MC_G0_D045_DENS_REF_V_HIGH,50,0.0500555597246,0.388178012029,0.0016915400062,0,0,0.0500555597246,
MC_G0_D045_DENS_REF_V_HIGH_S050,MC_G0_D045_DENS_REF_V_HIGH,50,0.0600577294827,0.436564758576,0.000381649124667,0,0,0.0600577294827,
MC_G0_D045_DENS_REF_V_HIGH_S050,MC_G0_D045_DENS_REF_V_HIGH,50,0.0700601860881,6.86962193994,215.3304893,0,0,0.0700601860881,
MC_G0_D045_DENS_REF_V_HIGH_S050,MC_G0_D045_DENS_REF_V_HIGH,50,0.0800623446703,4.86706231352,259.736826234,0,0,0.0800623446703,
MC_G0_D045_DENS_REF_V_HIGH_S050,MC_G0_D045_DENS_REF_V_HIGH,50,0.0900643765926,0.422010478057,0.000254908498382,0,0,0.0900643765926,
MC_G0_D045_DENS_REF_V_HIGH_S050,MC_G0_D045_DENS_REF_V_HIGH,50,0.100066311657,0.407461522275,0.000422388608343,0,0,0.100066311657,
MC_G0_D045_DENS_REF_V_HIGH_S050,MC_G0_D045_DENS_REF_V_HIGH,50,0.110068485141,0.358574178516,0.000655466592083,0,0,0.110068485141,
MC_G0_D045_DENS_REF_V_HIGH_S050,MC_G0_D045_DENS_REF_V_HIGH,50,0.120070926845,4.86401368585,142.140976311,0,0,0.120070926845,
MC_G0_D045_DENS_REF_V_HIGH_S050,MC_G0_D045_DENS_REF_V_HIGH,50,0.13007311523,6.00283116214,183.259796817,0,0,0.13007311523,
MC_G0_D045_DENS_REF_V_HIGH_S050,MC_G0_D045_DENS_REF_V_HIGH,50,0.140075221658,3.3075403588,8.01717436647,0,0,0.140075221658,
MC_G0_D045_DENS_REF_V_HIGH_S050,MC_G0_D045_DENS_REF_V_HIGH,50,0.150077104568,0.264503636938,0.000294881167885,0,0,0.150077104568,
MC_G0_D045_DENS_REF_V_HIGH_S050,MC_G0_D045_DENS_REF_V_HIGH,50,0.160079270601,0.158565912075,2.15998234595e-06,0,0,0.160079270601,
MC_G0_D045_DENS_REF_V_HIGH_S050,MC_G0_D045_DENS_REF_V_HIGH,50,0.17008164525,4.81679564707,139.639722218,0,0,0.17008164525,
MC_G0_D045_DENS_REF_V_HIGH_S050,MC_G0_D045_DENS_REF_V_HIGH,50,0.18008390069,3.50249441868,52.4534100209,0,0,0.18008390069,
MC_G0_D045_DENS_REF_V_HIGH_S050,MC_G0_D045_DENS_REF_V_HIGH,50,0.190085947514,2.71738318418,12.9375593668,0,0,0.190085947514,
MC_G0_D045_DENS_REF_V_HIGH_S050,MC_G0_D045_DENS_REF_V_HIGH,50,0.200087279081,0.557746605194,0.000225149213241,0,0,0.200087279081,
MC_G0_D045_DENS_REF_V_HIGH_S050,MC_G0_D045_DENS_REF_V_HIGH,50,0.210089400411,0.12123859584,7.50234950494e-06,0,0,0.210089400411,
MC_G0_D045_DENS_REF_V_HIGH_S050,MC_G0_D045_DENS_REF_V_HIGH,50,0.220091715455,4.09437795931,76.3279468901,0,0,0.220091715455,
MC_G0_D045_DENS_REF_V_HIGH_S050,MC_G0_D045_DENS_REF_V_HIGH,50,0.230094030499,3.2983779739,53.8642308661,0,0,0.230094030499,
MC_G0_D045_DENS_REF_V_HIGH_S050,MC_G0_D045_DENS_REF_V_HIGH,50,0.240096136928,3.98382874856,31.6018780506,0,0,0.240096136928,
MC_G0_D045_DENS_REF_V_HIGH_S050,MC_G0_D045_DENS_REF_V_HIGH,50,0.250001370907,0.377627333933,9.270700178,0,0,0.250001370907,
MC_G0_D045_DENS_REF_V_HIGH_S050,MC_G0_D045_DENS_REF_V_HIGH,50,0.260003387928,0.135579874895,2.03346623636e-05,0,0,0.260003387928,
MC_G0_D045_DENS_REF_V_HIGH_S050,MC_G0_D045_DENS_REF_V_HIGH,50,0.270005643368,2.28559078091,20.2906806464,0,0,0.270005643368,
MC_G0_D045_DENS_REF_V_HIGH_S050,MC_G0_D045_DENS_REF_V_HIGH,50,0.280008018017,4.60697070071,58.8618869544,0,0,0.280008018017,
MC_G0_D045_DENS_REF_V_HIGH_S050,MC_G0_D045_DENS_REF_V_HIGH,50,0.290010154247,4.49586080957,49.586942131,0,0,0.290010154247,
MC_G0_D045_DENS_REF_V_HIGH_S050,MC_G0_D045_DENS_REF_V_HIGH,50,0.300011724234,0.758801038499,0.174204018022,0,0,0.300011724234,
MC_G0_D045_DENS_REF_V_HIGH_S050,MC_G0_D045_DENS_REF_V_HIGH,50,0.310013592243,0.481783574565,3.29041924372e-05,0,0,0.310013592243,
MC_G0_D045_DENS_REF_V_HIGH_S050,MC_G0_D045_DENS_REF_V_HIGH,50,0.320015817881,1.46421962403,0.000752245656177,0,0,0.320015817881,
MC_G0_D045_DENS_REF_V_HIGH_S050,MC_G0_D045_DENS_REF_V_HIGH,50,0.33001819253,5.21871445415,74.1906548074,0,0,0.33001819253,
MC_G0_D045_DENS_REF_V_HIGH_S050,MC_G0_D045_DENS_REF_V_HIGH,50,0.340020358562,3.98190954073,30.7963886374,0,0,0.340020358562,
MC_G0_D045_DENS_REF_V_HIGH_S050,MC_G0_D045_DENS_REF_V_HIGH,50,0.350022047758,1.32905170867,5.46240650853,0,0,0.350022047758,
MC_G0_D045_DENS_REF_V_HIGH_S050,MC_G0_D045_DENS_REF_V_HIGH,50,0.360023796558,0.476092774129,0.000208126407519,0,0,0.360023796558,
MC_G0_D045_DENS_REF_V_HIGH_S050,MC_G0_D045_DENS_REF_V_HIGH,50,0.370025992393,0.976393720463,0.00021563386919,0,0,0.370025992393,
MC_G0_D045_DENS_REF_V_HIGH_S050,MC_G0_D045_DENS_REF_V_HIGH,50,0.380028367043,3.60868252609,26.6458053165,0,0,0.380028367043,
MC_G0_D045_DENS_REF_V_HIGH_S050,MC_G0_D045_DENS_REF_V_HIGH,50,0.390030562878,4.06696640627,32.2011468906,0,0,0.390030562878,
MC_G0_D045_DENS_REF_V_HIGH_S050,MC_G0_D045_DENS_REF_V_HIGH,50,0.400032401085,2.12468452709,8.70503880615,0,0,0.400032401085,
MC_G0_D045_DENS_REF_V_HIGH_S050,MC_G0_D045_DENS_REF_V_HIGH,50,0.410034030676,0.786666057632,0.000224226115194,0,0,0.410034030676,
MC_G0_D045_DENS_REF_V_HIGH_S050,MC_G0_D045_DENS_REF_V_HIGH,50,0.420036196709,1.28331519395,0.00083579702553,0,0,0.420036196709,
MC_G0_D045_DENS_REF_V_HIGH_S050,MC_G0_D045_DENS_REF_V_HIGH,50,0.430038541555,3.83850545684,42.8299618758,0,0,0.430038541555,
MC_G0_D045_DENS_REF_V_HIGH_S050,MC_G0_D045_DENS_REF_V_HIGH,50,0.440040796995,4.46431726079,36.1424637552,0,0,0.440040796995,
MC_G0_D045_DENS_REF_V_HIGH_S050,MC_G0_D045_DENS_REF_V_HIGH,50,0.450042724609,2.2727409918,2.99015749677,0,0,0.450042724609,
MC_G0_D045_DENS_REF_V_HIGH_S050,MC_G0_D045_DENS_REF_V_HIGH,50,0.460044294596,1.12220391378,0.0394670706915,0,0,0.460044294596,
MC_G0_D045_DENS_REF_V_HIGH_S050,MC_G0_D045_DENS_REF_V_HIGH,50,0.470046430826,1.05992473711,0.000195592832869,0,0,0.470046430826,
MC_G0_D045_DENS_REF_V_HIGH_S050,MC_G0_D045_DENS_REF_V_HIGH,50,0.480048745871,3.6863507677,28.891180635,0,0,0.480048745871,
MC_G0_D045_DENS_REF_V_HIGH_S050,MC_G0_D045_DENS_REF_V_HIGH,50,0.490051031113,4.50214726096,41.7098932903,0,0,0.490051031113,
MC_G0_D045_DENS_REF_V_HIGH_S050,MC_G0_D045_DENS_REF_V_HIGH,50,0.500053048134,3.51641433596,25.2912348072,0,0,0.500053048134,
MC_G0_D045_DENS_REF_V_HIGH_S050,MC_G0_D045_DENS_REF_V_HIGH,50,0.510054647923,1.35179169264,0.0754651010167,0,0,0.510054647923,
MC_G0_D045_DENS_REF_V_HIGH_S050,MC_G0_D045_DENS_REF_V_HIGH,50,0.520056664944,1.36943959726,0.0005838458956,0,0,0.520056664944,
MC_G0_D045_DENS_REF_V_HIGH_S050,MC_G0_D045_DENS_REF_V_HIGH,50,0.530058979988,2.9283275725,18.3928411059,0,0,0.530058979988,
MC_G0_D045_DENS_REF_V_HIGH_S050,MC_G0_D045_DENS_REF_V_HIGH,50,0.540061295033,4.57779805094,29.5527772316,0,0,0.540061295033,
MC_G0_D045_DENS_REF_V_HIGH_S050,MC_G0_D045_DENS_REF_V_HIGH,50,0.550063312054,3.63752667318,11.8926387154,0,0,0.550063312054,
MC_G0_D045_DENS_REF_V_HIGH_S050,MC_G0_D045_DENS_REF_V_HIGH,50,0.560064971447,1.65939597967,0.589210652195,0,0,0.560064971447,
MC_G0_D045_DENS_REF_V_HIGH_S050,MC_G0_D045_DENS_REF_V_HIGH,50,0.570066928864,1.42594244191,0.000393925716298,0,0,0.570066928864,
MC_G0_D045_DENS_REF_V_HIGH_S050,MC_G0_D045_DENS_REF_V_HIGH,50,0.580069184303,2.93773691006,15.4864467036,0,0,0.580069184303,
MC_G0_D045_DENS_REF_V_HIGH_S050,MC_G0_D045_DENS_REF_V_HIGH,50,0.590071499348,4.03658643241,28.8175015379,0,0,0.590071499348,
MC_G0_D045_DENS_REF_V_HIGH_S050,MC_G0_D045_DENS_REF_V_HIGH,50,0.600073635578,4.18382547807,22.7639908149,0,0,0.600073635578,
MC_G0_D045_DENS_REF_V_HIGH_S050,MC_G0_D045_DENS_REF_V_HIGH,50,0.610075354576,1.91672410207,2.76392998459,0,0,0.610075354576,
MC_G0_D045_DENS_REF_V_HIGH_S050,MC_G0_D045_DENS_REF_V_HIGH,50,0.620077192783,1.36010355878,0.00046780168856,0,0,0.620077192783,
MC_G0_D045_DENS_REF_V_HIGH_S050,MC_G0_D045_DENS_REF_V_HIGH,50,0.630079448223,2.1294810116,5.86918465081,0,0,0.630079448223,
MC_G0_D045_DENS_REF_V_HIGH_S050,MC_G0_D045_DENS_REF_V_HIGH,50,0.640081763268,5.6488472665,30.0364772374,0,0,0.640081763268,
MC_G0_D045_DENS_REF_V_HIGH_S050,MC_G0_D045_DENS_REF_V_HIGH,50,0.650083959103,5.46903080966,23.8478395384,0,0,0.650083959103,
MC_G0_D045_DENS_REF_V_HIGH_S050,MC_G0_D045_DENS_REF_V_HIGH,50,0.660085737705,2.41029880253,0.0784638304833,0,0,0.660085737705,
MC_G0_D045_DENS_REF_V_HIGH_S050,MC_G0_D045_DENS_REF_V_HIGH,50,0.670087516308,1.56801121614,0.000703181907675,0,0,0.670087516308,
MC_G0_D045_DENS_REF_V_HIGH_S050,MC_G0_D045_DENS_REF_V_HIGH,50,0.680089712143,2.31522471597,0.000838897185835,0,0,0.680089712143,
MC_G0_D045_DENS_REF_V_HIGH_S050,MC_G0_D045_DENS_REF_V_HIGH,50,0.690092027187,3.79387015525,23.1358794162,0,0,0.690092027187,
MC_G0_D045_DENS_REF_V_HIGH_S050,MC_G0_D045_DENS_REF_V_HIGH,50,0.700094282627,6.02707819053,25.1345498323,0,0,0.700094282627,
MC_G0_D045_DENS_REF_V_HIGH_S050,MC_G0_D045_DENS_REF_V_HIGH,50,0.710096120834,2.9314195656,4.14681592315,0,0,0.710096120834,
MC_G0_D045_DENS_REF_V_HIGH_S050,MC_G0_D045_DENS_REF_V_HIGH,50,0.72000169754,1.77056497059,0.306129832497,0,0,0.72000169754,
MC_G0_D045_DENS_REF_V_HIGH_S050,MC_G0_D045_DENS_REF_V_HIGH,50,0.730003833771,1.67757587826,0.000696103188094,0,0,0.730003833771,
MC_G0_D045_DENS_REF_V_HIGH_S050,MC_G0_D045_DENS_REF_V_HIGH,50,0.740006148815,3.79853520031,17.086075112,0,0,0.740006148815,
MC_G0_D045_DENS_REF_V_HIGH_S050,MC_G0_D045_DENS_REF_V_HIGH,50,0.750008404255,4.85791412792,17.9478279681,0,0,0.750008404255,
MC_G0_D045_DENS_REF_V_HIGH_S050,MC_G0_D045_DENS_REF_V_HIGH,50,0.760010361671,3.02022965101,7.5355158259,0,0,0.760010361671,
MC_G0_D045_DENS_REF_V_HIGH_S050,MC_G0_D045_DENS_REF_V_HIGH,50,0.770012080669,2.01757864612,0.000610131023934,0,0,0.770012080669,
MC_G0_D045_DENS_REF_V_HIGH_S050,MC_G0_D045_DENS_REF_V_HIGH,50,0.780014157295,1.9641434255,0.000867290419173,0,0,0.780014157295,
MC_G0_D045_DENS_REF_V_HIGH_S050,MC_G0_D045_DENS_REF_V_HIGH,50,0.79001647234,4.14895852602,16.7310618509,0,0,0.79001647234,
MC_G0_D045_DENS_REF_V_HIGH_S050,MC_G0_D045_DENS_REF_V_HIGH,50,0.800018727779,5.07395030777,22.3127022367,0,0,0.800018727779,
MC_G0_D045_DENS_REF_V_HIGH_S050,MC_G0_D045_DENS_REF_V_HIGH,50,0.810020744801,3.72241314714,13.1251141878,0,0,0.810020744801,
MC_G0_D045_DENS_REF_V_HIGH_S050,MC_G0_D045_DENS_REF_V_HIGH,50,0.820022463799,2.28822762893,0.838465326122,0,0,0.820022463799,
MC_G0_D045_DENS_REF_V_HIGH_S050,MC_G0_D045_DENS_REF_V_HIGH,50,0.83002448082,1.91724160892,0.000768391129096,0,0,0.83002448082,
MC_G0_D045_DENS_REF_V_HIGH_S050,MC_G0_D045_DENS_REF_V_HIGH,50,0.840026795864,5.43735255944,9.28099222023,0,0,0.840026795864,
MC_G0_D045_DENS_REF_V_HIGH_S050,MC_G0_D045_DENS_REF_V_HIGH,50,0.850029051304,5.13815185833,21.4322768997,0,0,0.850029051304,
MC_G0_D045_DENS_REF_V_HIGH_S050,MC_G0_D045_DENS_REF_V_HIGH,50,0.86003112793,3.96649447574,13.5495051523,0,0,0.86003112793,
MC_G0_D045_DENS_REF_V_HIGH_S050,MC_G0_D045_DENS_REF_V_HIGH,50,0.870032906532,2.24848110729,2.49807448669,0,0,0.870032906532,
MC_G0_D045_DENS_REF_V_HIGH_S050,MC_G0_D045_DENS_REF_V_HIGH,50,0.880034863949,1.79166301682,0.000188161207768,0,0,0.880034863949,
MC_G0_D045_DENS_REF_V_HIGH_S050,MC_G0_D045_DENS_REF_V_HIGH,50,0.890037119389,3.01413105249,6.03368053041,0,0,0.890037119389,
MC_G0_D045_DENS_REF_V_HIGH_S050,MC_G0_D045_DENS_REF_V_HIGH,50,0.900039374828,4.0637170696,15.3820643429,0,0,0.900039374828,
MC_G0_D045_DENS_REF_V_HIGH_S050,MC_G0_D045_DENS_REF_V_HIGH,50,0.910041511059,4.33501883636,9.93755402487,0,0,0.910041511059,
MC_G0_D045_DENS_REF_V_HIGH_S050,MC_G0_D045_DENS_REF_V_HIGH,50,0.920043349266,2.96455708152,3.25315967233,0,0,0.920043349266,
MC_G0_D045_DENS_REF_V_HIGH_S050,MC_G0_D045_DENS_REF_V_HIGH,50,0.930045247078,2.01998523526,0.000588262386203,0,0,0.930045247078,
MC_G0_D045_DENS_REF_V_HIGH_S050,MC_G0_D045_DENS_REF_V_HIGH,50,0.940047442913,2.88052813003,1.6755303811,0,0,0.940047442913,
MC_G0_D045_DENS_REF_V_HIGH_S050,MC_G0_D045_DENS_REF_V_HIGH,50,0.950049757957,3.74125906956,10.246339819,0,0,0.950049757957,
MC_G0_D045_DENS_REF_V_HIGH_S050,MC_G0_D045_DENS_REF_V_HIGH,50,0.960051894188,4.31599407954,10.7089658944,0,0,0.960051894188,
MC_G0_D045_DENS_REF_V_HIGH_S050,MC_G0_D045_DENS_REF_V_HIGH,50,0.970053792,2.77561105167,6.39336875577,0,0,0.970053792,
MC_G0_D045_DENS_REF_V_HIGH_S050,MC_G0_D045_DENS_REF_V_HIGH,50,0.980055630207,2.4809449156,2.52348327353,0,0,0.980055630207,
MC_G0_D045_DENS_REF_V_HIGH_S050,MC_G0_D045_DENS_REF_V_HIGH,50,0.990057826042,2.79858916171,2.25927774804,0,0,0.990057826042,
MC_G0_D045_DENS_REF_V_HIGH_S050,MC_G0_D045_DENS_REF_V_HIGH,50,1.00006008148,5.01230117698,15.8513722983,0,0,1.00006008148,
MC_G0_D045_DENS_REF_V_HIGH_S050,MC_G0_D045_DENS_REF_V_HIGH,50,1.01006233692,5.12463988305,15.2409584986,0,0,1.01006233692,
MC_G0_D045_DENS_REF_V_HIGH_S050,MC_G0_D045_DENS_REF_V_HIGH,50,1.02006423473,3.02404676772,6.43254517094,0,0,1.02006423473,
MC_G0_D045_DENS_REF_V_HIGH_S050,MC_G0_D045_DENS_REF_V_HIGH,50,1.03006601334,2.08853503304,0.691417660542,0,0,1.03006601334,
MC_G0_D045_DENS_REF_V_HIGH_S050,MC_G0_D045_DENS_REF_V_HIGH,50,1.04006814957,2.75886835231,1.31268225932,0,0,1.04006814957,
MC_G0_D045_DENS_REF_V_HIGH_S050,MC_G0_D045_DENS_REF_V_HIGH,50,1.05007052422,4.03986263261,11.0604970283,0,0,1.05007052422,
MC_G0_D045_DENS_REF_V_HIGH_S050,MC_G0_D045_DENS_REF_V_HIGH,50,1.06007266045,5.77955986427,18.0864248584,0,0,1.06007266045,
MC_G0_D045_DENS_REF_V_HIGH_S050,MC_G0_D045_DENS_REF_V_HIGH,50,1.07007467747,8.30121742942,11.4209272113,0,0,1.07007467747,
MC_G0_D045_DENS_REF_V_HIGH_S050,MC_G0_D045_DENS_REF_V_HIGH,50,1.08007645607,2.39877376956,3.09949500437,0,0,1.08007645607,
MC_G0_D045_DENS_REF_V_HIGH_S050,MC_G0_D045_DENS_REF_V_HIGH,50,1.0900785923,1.61442315693,0.659148194988,0,0,1.0900785923,
MC_G0_D045_DENS_REF_V_HIGH_S050,MC_G0_D045_DENS_REF_V_HIGH,50,1.10008084774,3.64375555985,7.1611080832,0,0,1.10008084774,
MC_G0_D045_DENS_REF_V_HIGH_S050,MC_G0_D045_DENS_REF_V_HIGH,50,1.11008310318,4.22711223011,13.6811827104,0,0,1.11008310318,
MC_G0_D045_DENS_REF_V_HIGH_S050,MC_G0_D045_DENS_REF_V_HIGH,50,1.1200851202,3.63870406362,6.2484928913,0,0,1.1200851202,
MC_G0_D045_DENS_REF_V_HIGH_S050,MC_G0_D045_DENS_REF_V_HIGH,50,1.13008701801,6.28285398426,2.34733697365,0,0,1.13008701801,
MC_G0_D045_DENS_REF_V_HIGH_S050,MC_G0_D045_DENS_REF_V_HIGH,50,1.14008903503,2.40108710385,0.307739803094,0,0,1.14008903503,
MC_G0_D045_DENS_REF_V_HIGH_S050,MC_G0_D045_DENS_REF_V_HIGH,50,1.15009129047,3.43120012685,8.19344958241,0,0,1.15009129047,
MC_G0_D045_DENS_REF_V_HIGH_S050,MC_G0_D045_DENS_REF_V_HIGH,50,1.16009354591,5.27842518888,12.6523491196,0,0,1.16009354591,
MC_G0_D045_DENS_REF_V_HIGH_S050,MC_G0_D045_DENS_REF_V_HIGH,50,1.17009556293,3.89068135324,4.93910636675,0,0,1.17009556293,
MC_G0_D045_DENS_REF_V_HIGH_S050,MC_G0_D045_DENS_REF_V_HIGH,50,1.18000125885,3.2853591364,1.1768922902,0,0,1.18000125885,
MC_G0_D045_DENS_REF_V_HIGH_S050,MC_G0_D045_DENS_REF_V_HIGH,50,1.19000327587,3.01411109672,1.3041774884,0,0,1.19000327587,
MC_G0_D045_DENS_REF_V_HIGH_S050,MC_G0_D045_DENS_REF_V_HIGH,50,1.20000553131,3.97891655896,7.0920501052,0,0,1.20000553131,
MC_G0_D045_DENS_REF_V_HIGH_S050,MC_G0_D045_DENS_REF_V_HIGH,50,1.21000778675,4.6980200538,10.5713538081,0,0,1.21000778675,
MC_G0_D045_DENS_REF_V_HIGH_S050,MC_G0_D045_DENS_REF_V_HIGH,50,1.22000992298,4.74097753563,13.0361503305,0,0,1.22000992298,
MC_G0_D045_DENS_REF_V_HIGH_S050,MC_G0_D045_DENS_REF_V_HIGH,50,1.23001182079,3.32236135587,4.67667079457,0,0,1.23001182079,
MC_G0_D045_DENS_REF_V_HIGH_S050,MC_G0_D045_DENS_REF_V_HIGH,50,1.24001371861,2.23497910989,0.275773351047,0,0,1.24001371861,
MC_G0_D045_DENS_REF_V_HIGH_S050,MC_G0_D045_DENS_REF_V_HIGH,50,1.25001597404,3.31513851833,3.47937923758,0,0,1.25001597404,
MC_G0_D045_DENS_REF_V_HIGH_S050,MC_G0_D045_DENS_REF_V_HIGH,50,1.26001822948,5.07062191555,12.8138908862,0,0,1.26001822948,
MC_G0_D045_DENS_REF_V_HIGH_S050,MC_G0_D045_DENS_REF_V_HIGH,50,1.27002036572,4.54950806025,11.2929879327,0,0,1.27002036572,
MC_G0_D045_DENS_REF_V_HIGH_S050,MC_G0_D045_DENS_REF_V_HIGH,50,1.28002226353,4.99488362719,6.98241783211,0,0,1.28002226353,
MC_G0_D045_DENS_REF_V_HIGH_S050,MC_G0_D045_DENS_REF_V_HIGH,50,1.29002416134,2.70605559821,0.0878611407877,0,0,1.29002416134,
MC_G0_D045_DENS_REF_V_HIGH_S050,MC_G0_D045_DENS_REF_V_HIGH,50,1.30002641678,3.8830931716,4.28117339081,0,0,1.30002641678,
MC_G0_D045_DENS_REF_V_HIGH_S050,MC_G0_D045_DENS_REF_V_HIGH,50,1.31002867222,4.155026999,9.55084324095,0,0,1.31002867222,
MC_G0_D045_DENS_REF_V_HIGH_S050,MC_G0_D045_DENS_REF_V_HIGH,50,1.32003080845,3.94751807328,9.63287875529,0,0,1.32003080845,
MC_G0_D045_DENS_REF_V_HIGH_S050,MC_G0_D045_DENS_REF_V_HIGH,50,1.33003282547,3.6001057663,7.79807714819,0,0,1.33003282547,
MC_G0_D045_DENS_REF_V_HIGH_S050,MC_G0_D045_DENS_REF_V_HIGH,50,1.34003472328,2.66917464842,3.80962624977,0,0,1.34003472328,
MC_G0_D045_DENS_REF_V_HIGH_S050,MC_G0_D045_DENS_REF_V_HIGH,50,1.35003685951,2.93055168148,4.82991656833,0,0,1.35003685951,
MC_G0_D045_DENS_REF_V_HIGH_S050,MC_G0_D045_DENS_REF_V_HIGH,50,1.36003911495,4.04637051631,10.6826780479,0,0,1.36003911495,
MC_G0_D045_DENS_REF_V_HIGH_S050,MC_G0_D045_DENS_REF_V_HIGH,50,1.37004137039,4.91527315187,10.5385391994,0,0,1.37004137039,
MC_G0_D045_DENS_REF_V_HIGH_S050,MC_G0_D045_DENS_REF_V_HIGH,50,1.38004338741,4.21557894619,7.54197476749,0,0,1.38004338741,
MC_G0_D045_DENS_REF_V_HIGH_S050,MC_G0_D045_DENS_REF_V_HIGH,50,1.39004516602,3.09503097758,2.29914714006,0,0,1.39004516602,
MC_G0_D045_DENS_REF_V_HIGH_S050,MC_G0_D045_DENS_REF_V_HIGH,50,1.40004730225,3.09961562391,0.28649046513,0,0,1.40004730225,
MC_G0_D045_DENS_REF_V_HIGH_S050,MC_G0_D045_DENS_REF_V_HIGH,50,1.41004955769,4.41508445675,9.73436616963,0,0,1.41004955769,
MC_G0_D045_DENS_REF_V_HIGH_S050,MC_G0_D045_DENS_REF_V_HIGH,50,1.42005181313,6.27586409196,12.2448189668,0,0,1.42005181313,
MC_G0_D045_DENS_REF_V_HIGH_S050,MC_G0_D045_DENS_REF_V_HIGH,50,1.43005383015,4.37709634547,5.21014271333,0,0,1.43005383015,
MC_G0_D045_DENS_REF_V_HIGH_S050,MC_G0_D045_DENS_REF_V_HIGH,50,1.44005572796,5.03746386821,5.28836350007,0,0,1.44005572796,
MC_G0_D045_DENS_REF_V_HIGH_S050,MC_G0_D045_DENS_REF_V_HIGH,50,1.45005786419,3.74016572361,4.80595244068,0,0,1.45005786419,
MC_G0_D045_DENS_REF_V_HIGH_S050,MC_G0_D045_DENS_REF_V_HIGH,50,1.46006000042,4.26764163197,10.4910064872,0,0,1.46006000042,
MC_G0_D045_DENS_REF_V_HIGH_S050,MC_G0_D045_DENS_REF_V_HIGH,50,1.47006225586,5.20678051978,12.0489167452,0,0,1.47006225586,
MC_G0_D045_DENS_REF_V_HIGH_S050,MC_G0_D045_DENS_REF_V_HIGH,50,1.48006439209,4.17207268068,8.71724755469,0,0,1.48006439209,
MC_G0_D045_DENS_REF_V_HIGH_S050,MC_G0_D045_DENS_REF_V_HIGH,50,1.4900662899,3.64070079194,3.26456316913,0,0,1.4900662899,
MC_G0_D045_DENS_REF_V_HIGH_S050,MC_G0_D045_DENS_REF_V_HIGH,50,1.50006830692,2.53108321272,2.30479617801,0,0,1.50006830692,
MC_G0_D045_DENS_REF_V_HIGH_S050,MC_G0_D045_DENS_REF_V_HIGH,50,1.51007056236,4.21387771678,3.80625913876,0,0,1.51007056236,
MC_G0_D045_DENS_REF_V_HIGH_S050,MC_G0_D045_DENS_REF_V_HIGH,50,1.5200728178,4.73856672507,7.93608659848,0,0,1.5200728178,
MC_G0_D045_DENS_REF_V_HIGH_S050,MC_G0_D045_DENS_REF_V_HIGH,50,1.53007495403,5.1189091231,8.78686577755,0,0,1.53007495403,
MC_G0_D045_DENS_REF_V_HIGH_S050,MC_G0_D045_DENS_REF_V_HIGH,50,1.54007685184,4.53700538642,5.25047903264,0,0,1.54007685184,
MC_G0_D045_DENS_REF_V_HIGH_S050,MC_G0_D045_DENS_REF_V_HIGH,50,1.55007886887,3.72607579851,3.38908307793,0,0,1.55007886887,
MC_G0_D045_DENS_REF_V_HIGH_S050,MC_G0_D045_DENS_REF_V_HIGH,50,1.5600810051,4.42909571005,3.65253712754,0,0,1.5600810051,
MC_G0_D045_DENS_REF_V_HIGH_S050,MC_G0_D045_DENS_REF_V_HIGH,50,1.57008326054,3.76156982227,6.75009162619,0,0,1.57008326054,
MC_G0_D045_DENS_REF_V_HIGH_S050,MC_G0_D045_DENS_REF_V_HIGH,50,1.58008539677,5.4780205004,11.6021537305,0,0,1.58008539677,
MC_G0_D045_DENS_REF_V_HIGH_S050,MC_G0_D045_DENS_REF_V_HIGH,50,1.59008741379,4.02958617846,5.96209696694,0,0,1.59008741379,
MC_G0_D045_DENS_REF_V_HIGH_S050,MC_G0_D045_DENS_REF_V_HIGH,50,1.6000893116,5.86721635265,2.89477024623,0,0,1.6000893116,
MC_G0_D045_DENS_REF_V_HIGH_S050,MC_G0_D045_DENS_REF_V_HIGH,50,1.61009156704,4.03968725209,4.71447030366,0,0,1.61009156704,
MC_G0_D045_DENS_REF_V_HIGH_S050,MC_G0_D045_DENS_REF_V_HIGH,50,1.62009382248,4.73647405555,7.92805025215,0,0,1.62009382248,
MC_G0_D045_DENS_REF_V_HIGH_S050,MC_G0_D045_DENS_REF_V_HIGH,50,1.63009595871,5.04425919175,9.73698563213,0,0,1.63009595871,
MC_G0_D045_DENS_REF_V_HIGH_S050,MC_G0_D045_DENS_REF_V_HIGH,50,1.64000177383,6.64367349874,8.9714275236,0,0,1.64000177383,
MC_G0_D045_DENS_REF_V_HIGH_S050,MC_G0_D045_DENS_REF_V_HIGH,50,1.65000379086,4.20016464873,4.52352684607,0,0,1.65000379086,
MC_G0_D045_DENS_REF_V_HIGH_S050,MC_G0_D045_DENS_REF_V_HIGH,50,1.66000592709,3.40891375288,2.98680474662,0,0,1.66000592709,
MC_G0_D045_DENS_REF_V_HIGH_S050,MC_G0_D045_DENS_REF_V_HIGH,50,1.67000806332,4.70253120917,7.53594727904,0,0,1.67000806332,
MC_G0_D045_DENS_REF_V_HIGH_S050,MC_G0_D045_DENS_REF_V_HIGH,50,1.68001031876,5.65213843353,10.6079084711,0,0,1.68001031876,
MC_G0_D045_DENS_REF_V_HIGH_S050,MC_G0_D045_DENS_REF_V_HIGH,50,1.69001233578,6.00712050145,16.157235063,0,0,1.69001233578,
MC_G0_D045_DENS_REF_V_HIGH_S050,MC_G0_D045_DENS_REF_V_HIGH,50,1.70001423359,3.9564152767,5.2324235417,0,0,1.70001423359,
MC_G0_D045_DENS_REF_V_HIGH_S050,MC_G0_D045_DENS_REF_V_HIGH,50,1.71001636982,4.30174527581,4.23321712905,0,0,1.71001636982,
MC_G0_D045_DENS_REF_V_HIGH_S050,MC_G0_D045_DENS_REF_V_HIGH,50,1.72001862526,5.14227579501,7.06089348719,0,0,1.72001862526,
MC_G0_D045_DENS_REF_V_HIGH_S050,MC_G0_D045_DENS_REF_V_HIGH,50,1.7300208807,5.58411381791,10.3095363279,0,0,1.7300208807,
MC_G0_D045_DENS_REF_V_HIGH_S050,MC_G0_D045_DENS_REF_V_HIGH,50,1.74002289772,6.36825355178,9.39123590487,0,0,1.74002289772,
MC_G0_D045_DENS_REF_V_HIGH_S050,MC_G0_D045_DENS_REF_V_HIGH,50,1.75002491474,4.20881086996,6.28671708826,0,0,1.75002491474,
MC_G0_D045_DENS_REF_V_HIGH_S050,MC_G0_D045_DENS_REF_V_HIGH,50,1.76002693176,3.75046021471,3.13146579819,0,0,1.76002693176,
MC_G0_D045_DENS_REF_V_HIGH_S050,MC_G0_D045_DENS_REF_V_HIGH,50,1.7700291872,5.10836940629,6.69203934731,0,0,1.7700291872,
MC_G0_D045_DENS_REF_V_HIGH_S050,MC_G0_D045_DENS_REF_V_HIGH,50,1.78003132343,5.43452766665,8.00307330525,0,0,1.78003132343,
MC_G0_D045_DENS_REF_V_HIGH_S050,MC_G0_D045_DENS_REF_V_HIGH,50,1.79003345966,4.97937991253,6.40473167854,0,0,1.79003345966,
MC_G0_D045_DENS_REF_V_HIGH_S050,MC_G0_D045_DENS_REF_V_HIGH,50,1.80003547668,5.79906048946,5.78852876116,0,0,1.80003547668,
MC_G0_D045_DENS_REF_V_HIGH_S050,MC_G0_D045_DENS_REF_V_HIGH,50,1.81003749371,3.94456385175,3.65833622137,0,0,1.81003749371,
MC_G0_D045_DENS_REF_V_HIGH_S050,MC_G0_D045_DENS_REF_V_HIGH,50,1.82003974915,4.25076864445,5.76318979108,0,0,1.82003974915,
MC_G0_D045_DENS_REF_V_HIGH_S050,MC_G0_D045_DENS_REF_V_HIGH,50,1.83004188538,6.17510395405,10.7262378186,0,0,1.83004188538,
MC_G0_D045_DENS_REF_V_HIGH_S050,MC_G0_D045_DENS_REF_V_HIGH,50,1.84004402161,4.79635748444,7.98012071322,0,0,1.84004402161,
MC_G0_D045_DENS_REF_V_HIGH_S050,MC_G0_D045_DENS_REF_V_HIGH,50,1.85004580021,4.72392456241,5.94947775639,0,0,1.85004580021,
MC_G0_D045_DENS_REF_V_HIGH_S050,MC_G0_D045_DENS_REF_V_HIGH,50,1.86004769802,4.62237386899,2.85687237241,0,0,1.86004769802,
MC_G0_D045_DENS_REF_V_HIGH_S050,MC_G0_D045_DENS_REF_V_HIGH,50,1.87004995346,4.35021131776,3.85813033588,0,0,1.87004995346,
MC_G0_D045_DENS_REF_V_HIGH_S050,MC_G0_D045_DENS_REF_V_HIGH,50,1.88005208969,5.55421278253,7.95922443137,0,0,1.88005208969,
MC_G0_D045_DENS_REF_V_HIGH_S050,MC_G0_D045_DENS_REF_V_HIGH,50,1.89005422592,6.21618367466,8.59714734854,0,0,1.89005422592,
MC_G0_D045_DENS_REF_V_HIGH_S050,MC_G0_D045_DENS_REF_V_HIGH,50,1.90005600452,4.58906883973,6.41469050426,0,0,1.90005600452,
MC_G0_D045_DENS_REF_V_HIGH_S050,MC_G0_D045_DENS_REF_V_HIGH,50,1.91005778313,3.92487326298,4.28664802668,0,0,1.91005778313,
MC_G0_D045_DENS_REF_V_HIGH_S050,MC_G0_D045_DENS_REF_V_HIGH,50,1.92005991936,4.59470250718,5.97307542375,0,0,1.92005991936,
MC_G0_D045_DENS_REF_V_HIGH_S050,MC_G0_D045_DENS_REF_V_HIGH,50,1.9300621748,5.17400201584,6.07522544105,0,0,1.9300621748,
MC_G0_D045_DENS_REF_V_HIGH_S050,MC_G0_D045_DENS_REF_V_HIGH,50,1.94006431103,4.84931664482,10.104669548,0,0,1.94006431103,
MC_G0_D045_DENS_REF_V_HIGH_S050,MC_G0_D045_DENS_REF_V_HIGH,50,1.95006608963,5.36155670636,8.42470243242,0,0,1.95006608963,
MC_G0_D045_DENS_REF_V_HIGH_S050,MC_G0_D045_DENS_REF_V_HIGH,50,1.96006786823,4.63099514551,4.74260487243,0,0,1.96006786823,
MC_G0_D045_DENS_REF_V_HIGH_S050,MC_G0_D045_DENS_REF_V_HIGH,50,1.97007000446,3.95623951241,4.28767782867,0,0,1.97007000446,
MC_G0_D045_DENS_REF_V_HIGH_S050,MC_G0_D045_DENS_REF_V_HIGH,50,1.98007214069,6.30245170195,7.07969792847,0,0,1.98007214069,
MC_G0_D045_DENS_REF_V_HIGH_S050,MC_G0_D045_DENS_REF_V_HIGH,50,1.99007439613,5.94704403885,7.61256670959,0,0,1.99007439613,
MC_G0_D045_DENS_REF_V_HIGH_S050,MC_G0_D045_DENS_REF_V_HIGH,50,2.00007629395,6.38210707775,9.41643035813,0,0,2.00007629395,
MC_G0_D045_DENS_REF_V_HIGH_S050,MC_G0_D045_DENS_REF_V_HIGH,50,2.01007795334,4.6393101777,5.3469907881,0,0,2.01007795334,
MC_G0_D045_DENS_REF_V_HIGH_S050,MC_G0_D045_DENS_REF_V_HIGH,50,2.02008008957,4.89107793173,5.53795094564,0,0,2.02008008957,
MC_G0_D045_DENS_REF_V_HIGH_S050,MC_G0_D045_DENS_REF_V_HIGH,50,2.0300822258,5.92555282558,7.00478951854,0,0,2.0300822258,
MC_G0_D045_DENS_REF_V_HIGH_S050,MC_G0_D045_DENS_REF_V_HIGH,50,2.04008436203,6.72777325483,7.85706848492,0,0,2.04008436203,
MC_G0_D045_DENS_REF_V_HIGH_S050,MC_G0_D045_DENS_REF_V_HIGH,50,2.05008649826,5.72076939756,8.4746730952,0,0,2.05008649826,
MC_G0_D045_DENS_REF_V_HIGH_S050,MC_G0_D045_DENS_REF_V_HIGH,50,2.06008815765,6.088822495,10.214861564,0,0,2.06008815765,
MC_G0_D045_DENS_REF_V_HIGH_S050,MC_G0_D045_DENS_REF_V_HIGH,50,2.07009005547,4.7846445986,7.81020423573,0,0,2.07009005547,
MC_G0_D045_DENS_REF_V_HIGH_S050,MC_G0_D045_DENS_REF_V_HIGH,50,2.08009243011,4.94215702829,7.88026176119,0,0,2.08009243011,
MC_G0_D045_DENS_REF_V_HIGH_S050,MC_G0_D045_DENS_REF_V_HIGH,50,2.09009456635,5.54197106877,6.9093137944,0,0,2.09009456635,
MC_G0_D045_DENS_REF_V_HIGH_S050,MC_G0_D045_DENS_REF_V_HIGH,50,2.10000038147,6.24891228917,8.6969151517,0,0,2.10000038147,
MC_G0_D045_DENS_REF_V_HIGH_S050,MC_G0_D045_DENS_REF_V_HIGH,50,2.11000204086,5.33111724895,5.38247319676,0,0,2.11000204086,
MC_G0_D045_DENS_REF_V_HIGH_S050,MC_G0_D045_DENS_REF_V_HIGH,50,2.12000417709,6.59590936263,8.3623936597,0,0,2.12000417709,
MC_G0_D045_DENS_REF_V_HIGH_S050,MC_G0_D045_DENS_REF_V_HIGH,50,2.13000631332,6.02774325495,9.02084847831,0,0,2.13000631332,
MC_G0_D045_DENS_REF_V_HIGH_S050,MC_G0_D045_DENS_REF_V_HIGH,50,2.14000844955,7.16014955628,9.83908199794,0,0,2.14000844955,
MC_G0_D045_DENS_REF_V_HIGH_S050,MC_G0_D045_DENS_REF_V_HIGH,50,2.15001058578,6.73546466921,8.16354309435,0,0,2.15001058578,
MC_G0_D045_DENS_REF_V_HIGH_S050,MC_G0_D045_DENS_REF_V_HIGH,50,2.16001224518,5.51349226579,7.74279783835,0,0,2.16001224518,
MC_G0_D045_DENS_REF_V_HIGH_S050,MC_G0_D045_DENS_REF_V_HIGH,50,2.17001414299,4.93644622411,6.17067310741,0,0,2.17001414299,
MC_G0_D045_DENS_REF_V_HIGH_S050,MC_G0_D045_DENS_REF_V_HIGH,50,2.18001627922,4.96342604174,10.2842512859,0,0,2.18001627922,
MC_G0_D045_DENS_REF_V_HIGH_S050,MC_G0_D045_DENS_REF_V_HIGH,50,2.19001865387,7.00262791623,15.3985157302,0,0,2.19001865387,
MC_G0_D045_DENS_REF_V_HIGH_S050,MC_G0_D045_DENS_REF_V_HIGH,50,2.2000207901,7.26324029789,12.0246228249,0,0,2.2000207901,
MC_G0_D045_DENS_REF_V_HIGH_S050,MC_G0_D045_DENS_REF_V_HIGH,50,2.21002244949,7.45252001124,7.53938268681,0,0,2.21002244949,
MC_G0_D045_DENS_REF_V_HIGH_S050,MC_G0_D045_DENS_REF_V_HIGH,50,2.22002434731,5.39021511127,6.25628378135,0,0,2.22002434731,
MC_G0_D045_DENS_REF_V_HIGH_S050,MC_G0_D045_DENS_REF_V_HIGH,50,2.23002648354,5.49681269574,6.97626896472,0,0,2.23002648354,
MC_G0_D045_DENS_REF_V_HIGH_S050,MC_G0_D045_DENS_REF_V_HIGH,50,2.24002861977,6.69171778316,9.80206173983,0,0,2.24002861977,
MC_G0_D045_DENS_REF_V_HIGH_S050,MC_G0_D045_DENS_REF_V_HIGH,50,2.250030756,8.03791869407,10.5418285317,0,0,2.250030756,
MC_G0_D045_DENS_REF_V_HIGH_S050,MC_G0_D045_DENS_REF_V_HIGH,50,2.26003265381,7.91775732606,8.65147361722,0,0,2.26003265381,
MC_G0_D045_DENS_REF_V_HIGH_S050,MC_G0_D045_DENS_REF_V_HIGH,50,2.2700343132,5.16121765863,5.93981388753,0,0,2.2700343132,
MC_G0_D045_DENS_REF_V_HIGH_S050,MC_G0_D045_DENS_REF_V_HIGH,50,2.28003644943,7.08441280297,10.2813541587,0,0,2.28003644943,
MC_G0_D045_DENS_REF_V_HIGH_S050,MC_G0_D045_DENS_REF_V_HIGH,50,2.29003858566,10.0042873798,10.367892361,0,0,2.29003858566,
MC_G0_D045_DENS_REF_V_HIGH_S050,MC_G0_D045_DENS_REF_V_HIGH,50,2.30004072189,7.26763747511,13.0349888076,0,0,2.30004072189,
MC_G0_D045_DENS_REF_V_HIGH_S050,MC_G0_D045_DENS_REF_V_HIGH,50,2.31004261971,5.7454009583,10.3062803586,0,0,2.31004261971,
MC_G0_D045_DENS_REF_V_HIGH_S050,MC_G0_D045_DENS_REF_V_HIGH,50,2.3200442791,5.76123317564,8.35800548354,0,0,2.3200442791,
MC_G0_D045_DENS_REF_V_HIGH_S050,MC_G0_D045_DENS_REF_V_HIGH,50,2.33004641533,5.97878369145,8.07095328543,0,0,2.33004641533,
MC_G0_D045_DENS_REF_V_HIGH_S050,MC_G0_D045_DENS_REF_V_HIGH,50,2.34004855156,6.86873467569,7.45904430645,0,0,2.34004855156,
MC_G0_D045_DENS_REF_V_HIGH_S050,MC_G0_D045_DENS_REF_V_HIGH,50,2.35005068779,7.25759588503,9.3924631444,0,0,2.35005068779,
MC_G0_D045_DENS_REF_V_HIGH_S050,MC_G0_D045_DENS_REF_V_HIGH,50,2.3600525856,8.06863446214,11.1574626646,0,0,2.3600525856,
MC_G0_D045_DENS_REF_V_HIGH_S050,MC_G0_D045_DENS_REF_V_HIGH,50,2.370054245,5.01822650568,7.99040735624,0,0,2.370054245,
MC_G0_D045_DENS_REF_V_HIGH_S050,MC_G0_D045_DENS_REF_V_HIGH,50,2.38005638123,5.92207015991,7.7930925479,0,0,2.38005638123,
MC_G0_D045_DENS_REF_V_HIGH_S050,MC_G0_D045_DENS_REF_V_HIGH,50,2.39005851746,6.44753360559,7.96446985216,0,0,2.39005851746,
MC_G0_D045_DENS_REF_V_HIGH_S050,MC_G0_D045_DENS_REF_V_HIGH,50,2.40006065369,6.58880050324,9.14570528561,0,0,2.40006065369,
MC_G0_D045_DENS_REF_V_HIGH_S050,MC_G0_D045_DENS_REF_V_HIGH,50,2.41006278992,8.03976997553,13.4840679746,0,0,2.41006278992,
MC_G0_D045_DENS_REF_V_HIGH_S050,MC_G0_D045_DENS_REF_V_HIGH,50,2.42006444931,5.81871308551,10.1961225253,0,0,2.42006444931,
MC_G0_D045_DENS_REF_V_HIGH_S050,MC_G0_D045_DENS_REF_V_HIGH,50,2.43006634712,5.12389422802,11.2985415414,0,0,2.43006634712,
MC_G0_D045_DENS_REF_V_HIGH_S050,MC_G0_D045_DENS_REF_V_HIGH,50,2.44006848335,6.74236169042,11.3460100484,0,0,2.44006848335,
MC_G0_D045_DENS_REF_V_HIGH_S050,MC_G0_D045_DENS_REF_V_HIGH,50,2.45007061958,8.95743760583,12.0033391133,0,0,2.45007061958,
MC_G0_D045_DENS_REF_V_HIGH_S050,MC_G0_D045_DENS_REF_V_HIGH,50,2.46007275581,8.42985616215,11.2908085718,0,0,2.46007275581,
MC_G0_D045_DENS_REF_V_HIGH_S050,MC_G0_D045_DENS_REF_V_HIGH,50,2.47007441521,7.99478352913,10.018061659,0,0,2.47007441521,
MC_G0_D045_DENS_REF_V_HIGH_S050,MC_G0_D045_DENS_REF_V_HIGH,50,2.48007631302,6.58142147342,8.68478696127,0,0,2.48007631302,
MC_G0_D045_DENS_REF_V_HIGH_S050,MC_G0_D045_DENS_REF_V_HIGH,50,2.49007844925,7.10145426324,9.50109394844,0,0,2.49007844925,
MC_G0_D045_DENS_REF_V_HIGH_S050,MC_G0_D045_DENS_REF_V_HIGH,50,2.50008058548,7.72729024438,9.38504362201,0,0,2.50008058548,
MC_G0_D045_DENS_REF_V_HIGH_S050,MC_G0_D045_DENS_REF_V_HIGH,50,2.51008272171,8.14808298871,10.3185233472,0,0,2.51008272171,
MC_G0_D045_DENS_REF_V_HIGH_S050,MC_G0_D045_DENS_REF_V_HIGH,50,2.52008461952,7.69559817862,10.0031696002,0,0,2.52008461952,
MC_G0_D045_DENS_REF_V_HIGH_S050,MC_G0_D045_DENS_REF_V_HIGH,50,2.53008627892,7.24804167625,11.4371119247,0,0,2.53008627892,
MC_G0_D045_DENS_REF_V_HIGH_S050,MC_G0_D045_DENS_REF_V_HIGH,50,2.54008841515,6.0616788098,9.57109968004,0,0,2.54008841515,
MC_G0_D045_DENS_REF_V_HIGH_S050,MC_G0_D045_DENS_REF_V_HIGH,50,2.55009055138,6.71568696583,11.0850808331,0,0,2.55009055138,
MC_G0_D045_DENS_REF_V_HIGH_S050,MC_G0_D045_DENS_REF_V_HIGH,50,2.56009268761,7.39839228701,11.5427029691,0,0,2.56009268761,
MC_G0_D045_DENS_REF_V_HIGH_S050,MC_G0_D045_DENS_REF_V_HIGH,50,2.57009458542,7.9666957825,11.7502810352,0,0,2.57009458542,
MC_G0_D045_DENS_REF_V_HIGH_S050,MC_G0_D045_DENS_REF_V_HIGH,50,2.58000016212,7.6781253667,9.67286609982,0,0,2.58000016212,
MC_G0_D045_DENS_REF_V_HIGH_S050,MC_G0_D045_DENS_REF_V_HIGH,50,2.59000229836,6.92849376478,9.21988599299,0,0,2.59000229836,
MC_G0_D045_DENS_REF_V_HIGH_S050,MC_G0_D045_DENS_REF_V_HIGH,50,2.60000443459,9.146699666,10.7930493717,0,0,2.60000443459,
MC_G0_D045_DENS_REF_V_HIGH_S050,MC_G0_D045_DENS_REF_V_HIGH,50,2.61000657082,13.0299436572,9.5852123184,0,0,2.61000657082,
MC_G0_D045_DENS_REF_V_HIGH_S050,MC_G0_D045_DENS_REF_V_HIGH,50,2.62000846863,7.05243982138,10.5810829584,0,0,2.62000846863,
MC_G0_D045_DENS_REF_V_HIGH_S050,MC_G0_D045_DENS_REF_V_HIGH,50,2.63001036644,7.69614772983,11.0893307448,0,0,2.63001036644,
MC_G0_D045_DENS_REF_V_HIGH_S050,MC_G0_D045_DENS_REF_V_HIGH,50,2.64001226425,6.3000877107,8.35481824878,0,0,2.64001226425,
MC_G0_D045_DENS_REF_V_HIGH_S050,MC_G0_D045_DENS_REF_V_HIGH,50,2.65001440048,6.85436805616,9.44375662413,0,0,2.65001440048,
MC_G0_D045_DENS_REF_V_HIGH_S050,MC_G0_D045_DENS_REF_V_HIGH,50,2.66001653671,10.8999622163,11.4157285453,0,0,2.66001653671,
MC_G0_D045_DENS_REF_V_HIGH_S050,MC_G0_D045_DENS_REF_V_HIGH,50,2.67001867294,7.24584193635,14.0696595065,0,0,2.67001867294,
MC_G0_D045_DENS_REF_V_HIGH_S050,MC_G0_D045_DENS_REF_V_HIGH,50,2.68002033234,8.19057880147,8.41872636439,0,0,2.68002033234,
MC_G0_D045_DENS_REF_V_HIGH_S050,MC_G0_D045_DENS_REF_V_HIGH,50,2.69002223015,7.3209193817,8.66871204554,0,0,2.69002223015,
MC_G0_D045_DENS_REF_V_HIGH_S050,MC_G0_D045_DENS_REF_V_HIGH,50,2.70002436638,8.19166946107,10.7927332951,0,0,2.70002436638,
MC_G0_D045_DENS_REF_V_HIGH_S050,MC_G0_D045_DENS_REF_V_HIGH,50,2.71002650261,7.9434020259,10.1110907508,0,0,2.71002650261,
MC_G0_D045_DENS_REF_V_HIGH_S050,MC_G0_D045_DENS_REF_V_HIGH,50,2.72002863884,8.29936538044,11.1985134324,0,0,2.72002863884,
MC_G0_D045_DENS_REF_V_HIGH_S050,MC_G0_D045_DENS_REF_V_HIGH,50,2.73003029823,7.08976325199,9.1369648376,0,0,2.73003029823,
MC_G0_D045_DENS_REF_V_HIGH_S050,MC_G0_D045_DENS_REF_V_HIGH,50,2.74003219604,6.60810310578,8.84746150284,0,0,2.74003219604,
MC_G0_D045_DENS_REF_V_HIGH_S050,MC_G0_D045_DENS_REF_V_HIGH,50,2.75003433228,7.94553192061,9.85664077438,0,0,2.75003433228,
MC_G0_D045_DENS_REF_V_HIGH_S050,MC_G0_D045_DENS_REF_V_HIGH,50,2.76003646851,9.91832713192,13.6230354586,0,0,2.76003646851,
MC_G0_D045_DENS_REF_V_HIGH_S050,MC_G0_D045_DENS_REF_V_HIGH,50,2.77003860474,8.09957281381,12.3012281165,0,0,2.77003860474,
MC_G0_D045_DENS_REF_V_HIGH_S050,MC_G0_D045_DENS_REF_V_HIGH,50,2.78004050255,6.98178795184,13.8136858139,0,0,2.78004050255,
MC_G0_D045_DENS_REF_V_HIGH_S050,MC_G0_D045_DENS_REF_V_HIGH,50,2.79004216194,6.95902072057,14.5710028448,0,0,2.79004216194,
MC_G0_D045_DENS_REF_V_HIGH_S050,MC_G0_D045_DENS_REF_V_HIGH,50,2.80004429817,11.3615077136,15.1248496306,0,0,2.80004429817,
MC_G0_D045_DENS_REF_V_HIGH_S050,MC_G0_D045_DENS_REF_V_HIGH,50,2.8100464344,8.9242097133,12.4976013042,0,0,2.8100464344,
MC_G0_D045_DENS_REF_V_HIGH_S050,MC_G0_D045_DENS_REF_V_HIGH,50,2.82004857063,10.6488909954,13.7944638559,0,0,2.82004857063,
MC_G0_D045_DENS_REF_V_HIGH_S050,MC_G0_D045_DENS_REF_V_HIGH,50,2.83005046844,10.3165752286,11.3265301116,0,0,2.83005046844,
MC_G0_D045_DENS_REF_V_HIGH_S050,MC_G0_D045_DENS_REF_V_HIGH,50,2.84005236626,8.55455593283,10.5915437777,0,0,2.84005236626,
MC_G0_D045_DENS_REF_V_HIGH_S050,MC_G0_D045_DENS_REF_V_HIGH,50,2.85005450249,11.854948672,10.6640272024,0,0,2.85005450249,
MC_G0_D045_DENS_REF_V_HIGH_S050,MC_G0_D045_DENS_REF_V_HIGH,50,2.86005663872,9.21971782937,12.3445617183,0,0,2.86005663872,
MC_G0_D045_DENS_REF_V_HIGH_S050,MC_G0_D045_DENS_REF_V_HIGH,50,2.87005877495,9.63074452676,11.4928528221,0,0,2.87005877495,
MC_G0_D045_DENS_REF_V_HIGH_S050,MC_G0_D045_DENS_REF_V_HIGH,50,2.88006067276,11.5119488928,12.6137754089,0,0,2.88006067276,
MC_G0_D045_DENS_REF_V_HIGH_S050,MC_G0_D045_DENS_REF_V_HIGH,50,2.89006233215,9.41322586343,12.2904559973,0,0,2.89006233215,
MC_G0_D045_DENS_REF_V_HIGH_S050,MC_G0_D045_DENS_REF_V_HIGH,50,2.90006446838,7.39584332113,13.1044723877,0,0,2.90006446838,
MC_G0_D045_DENS_REF_V_HIGH_S050,MC_G0_D045_DENS_REF_V_HIGH,50,2.91006660461,9.27266125539,15.4126988814,0,0,2.91006660461,
MC_G0_D045_DENS_REF_V_HIGH_S050,MC_G0_D045_DENS_REF_V_HIGH,50,2.92006874084,8.57452551862,13.3633205031,0,0,2.92006874084,
MC_G0_D045_DENS_REF_V_HIGH_S050,MC_G0_D045_DENS_REF_V_HIGH,50,2.93007063866,10.2332030906,10.4942578013,0,0,2.93007063866,
MC_G0_D045_DENS_REF_V_HIGH_S050,MC_G0_D045_DENS_REF_V_HIGH,50,2.94007253647,7.68993995022,10.0683418458,0,0,2.94007253647,
MC_G0_D045_DENS_REF_V_HIGH_S050,MC_G0_D045_DENS_REF_V_HIGH,50,2.95007443428,7.32725687381,11.3976709563,0,0,2.95007443428,
MC_G0_D045_DENS_REF_V_HIGH_S050,MC_G0_D045_DENS_REF_V_HIGH,50,2.96007657051,8.17307989355,9.07107882969,0,0,2.96007657051,
MC_G0_D045_DENS_REF_V_HIGH_S050,MC_G0_D045_DENS_REF_V_HIGH,50,2.97007870674,10.1953331789,11.7386048139,0,0,2.97007870674,
MC_G0_D045_DENS_REF_V_HIGH_S050,MC_G0_D045_DENS_REF_V_HIGH,50,2.98008084297,14.739528399,12.0169622461,0,0,2.98008084297,
MC_G0_D045_DENS_REF_V_HIGH_S050,MC_G0_D045_DENS_REF_V_HIGH,50,2.99008250237,10.127134334,11.9719598237,0,0,2.99008250237,
MC_G0_D045_DENS_REF_V_HIGH_S050,MC_G0_D045_DENS_REF_V_HIGH,50,3.0000846386,8.19890419532,11.5139831007,0,0,3.0000846386,
MC_G0_D045_DENS_REF_V_HIGH_S050,MC_G0_D045_DENS_REF_V_HIGH,50,3.01008677483,9.76357704135,15.2077230328,0,0,3.01008677483,
MC_G0_D045_DENS_REF_V_HIGH_S050,MC_G0_D045_DENS_REF_V_HIGH,50,3.02008891106,18.2734021152,16.2662911474,0,0,3.02008891106,
MC_G0_D045_DENS_REF_V_HIGH_S050,MC_G0_D045_DENS_REF_V_HIGH,50,3.03009080887,9.74087812021,14.1327237633,0,0,3.03009080887,
MC_G0_D045_DENS_REF_V_HIGH_S050,MC_G0_D045_DENS_REF_V_HIGH,50,3.04009270668,8.22092078262,11.2818742626,0,0,3.04009270668,
MC_G0_D045_DENS_REF_V_HIGH_S050,MC_G0_D045_DENS_REF_V_HIGH,50,3.05009460449,8.40679803714,17.6755648394,0,0,3.05009460449,
MC_G0_D045_DENS_REF_V_HIGH_S050,MC_G0_D045_DENS_REF_V_HIGH,50,3.06000065804,8.39696444758,13.5158251965,0,0,3.06000065804,
MC_G0_D045_DENS_REF_V_HIGH_S050,MC_G0_D045_DENS_REF_V_HIGH,50,3.07000279427,11.0010167018,18.6580512322,0,0,3.07000279427,
MC_G0_D045_DENS_REF_V_HIGH_S050,MC_G0_D045_DENS_REF_V_HIGH,50,3.0800049305,11.1667416985,13.2168673159,0,0,3.0800049305,
MC_G0_D045_DENS_REF_V_HIGH_S050,MC_G0_D045_DENS_REF_V_HIGH,50,3.09000658989,9.91041697161,11.3730540923,0,0,3.09000658989,
MC_G0_D045_DENS_REF_V_HIGH_S050,MC_G0_D045_DENS_REF_V_HIGH,50,3.1000084877,7.04984096606,11.0645623694,0,0,3.1000084877,
MC_G0_D045_DENS_REF_V_HIGH_S050,MC_G0_D045_DENS_REF_V_HIGH,50,3.11001062393,9.35084412561,12.1823266276,0,0,3.11001062393,
MC_G0_D045_DENS_REF_V_HIGH_S050,MC_G0_D045_DENS_REF_V_HIGH,50,3.12001276016,11.7497656446,15.3613668848,0,0,3.12001276016,
MC_G0_D045_DENS_REF_V_HIGH_S050,MC_G0_D045_DENS_REF_V_HIGH,50,3.13001489639,9.19824772316,13.8226193804,0,0,3.13001489639,
MC_G0_D045_DENS_REF_V_HIGH_S050,MC_G0_D045_DENS_REF_V_HIGH,50,3.1400167942,13.819484497,15.9291538357,0,0,3.1400167942,
MC_G0_D045_DENS_REF_V_HIGH_S050,MC_G0_D045_DENS_REF_V_HIGH,50,3.15001869202,9.36364651976,15.9854622287,0,0,3.15001869202,
MC_G0_D045_DENS_REF_V_HIGH_S050,MC_G0_D045_DENS_REF_V_HIGH,50,3.16002082825,8.1324576206,13.1683189642,0,0,3.16002082825,
MC_G0_D045_DENS_REF_V_HIGH_S050,MC_G0_D045_DENS_REF_V_HIGH,50,3.17002296448,11.2436343514,14.7630617064,0,0,3.17002296448,
MC_G0_D045_DENS_REF_V_HIGH_S050,MC_G0_D045_DENS_REF_V_HIGH,50,3.18002510071,10.312181889,16.3655229534,0,0,3.18002510071,
MC_G0_D045_DENS_REF_V_HIGH_S050,MC_G0_D045_DENS_REF_V_HIGH,50,3.19002699852,10.9125236061,13.7751690143,0,0,3.19002699852,
MC_G0_D045_DENS_REF_V_HIGH_S050,MC_G0_D045_DENS_REF_V_HIGH,50,3.20002889633,9.23685753343,14.1598408675,0,0,3.20002889633,
MC_G0_D045_DENS_REF_V_HIGH_S050,MC_G0_D045_DENS_REF_V_HIGH,50,3.21003103256,8.25152602643,16.9375226656,0,0,3.21003103256,
MC_G0_D045_DENS_REF_V_HIGH_S050,MC_G0_D045_DENS_REF_V_HIGH,50,3.22003316879,10.6233491445,13.0672536362,0,0,3.22003316879,
MC_G0_D045_DENS_REF_V_HIGH_S050,MC_G0_D045_DENS_REF_V_HIGH,50,3.2300350666,12.0937770278,15.6249999861,0,0,3.2300350666,
MC_G0_D045_DENS_REF_V_HIGH_S050,MC_G0_D045_DENS_REF_V_HIGH,50,3.24003720284,11.1052464574,15.1941571369,0,0,3.24003720284,
MC_G0_D045_DENS_REF_V_HIGH_S050,MC_G0_D045_DENS_REF_V_HIGH,50,3.25003910065,12.3708536875,14.7426156224,0,0,3.25003910065,
MC_G0_D045_DENS_REF_V_HIGH_S050,MC_G0_D045_DENS_REF_V_HIGH,50,3.26004099846,12.2596639733,19.5354143063,0,0,3.26004099846,
MC_G0_D045_DENS_REF_V_HIGH_S050,MC_G0_D045_DENS_REF_V_HIGH,50,3.27004313469,10.7768688851,19.9466622846,0,0,3.27004313469,
MC_G0_D045_DENS_REF_V_HIGH_S050,MC_G0_D045_DENS_REF_V_HIGH,50,3.28004527092,11.4231825566,21.6579417655,0,0,3.28004527092,
MC_G0_D045_DENS_REF_V_HIGH_S050,MC_G0_D045_DENS_REF_V_HIGH,50,3.29004740715,10.8638192462,15.9648501919,0,0,3.29004740715,
MC_G0_D045_DENS_REF_V_HIGH_S050,MC_G0_D045_DENS_REF_V_HIGH,50,3.30004906654,11.0460653181,14.9100764616,0,0,3.30004906654,
MC_G0_D045_DENS_REF_V_HIGH_S050,MC_G0_D045_DENS_REF_V_HIGH,50,3.31005120277,9.67067986069,14.4287917297,0,0,3.31005120277,
MC_G0_D045_DENS_REF_V_HIGH_S050,MC_G0_D045_DENS_REF_V_HIGH,50,3.320053339,12.4237886707,19.7021729192,0,0,3.320053339,
MC_G0_D045_DENS_REF_V_HIGH_S050,MC_G0_D045_DENS_REF_V_HIGH,50,3.33005547523,10.9053364587,11.8954527519,0,0,3.33005547523,
MC_G0_D045_DENS_REF_V_HIGH_S050,MC_G0_D045_DENS_REF_V_HIGH,50,3.34005737305,10.5700618652,12.0635482786,0,0,3.34005737305,
MC_G0_D045_DENS_REF_V_HIGH_S050,MC_G0_D045_DENS_REF_V_HIGH,50,3.35005927086,11.1857549423,12.7622741709,0,0,3.35005927086,
MC_G0_D045_DENS_REF_V_HIGH_S050,MC_G0_D045_DENS_REF_V_HIGH,50,3.36006116867,11.8708442105,12.0285705173,0,0,3.36006116867,
MC_G0_D045_DENS_REF_V_HIGH_S050,MC_G0_D045_DENS_REF_V_HIGH,50,3.3700633049,10.1679400465,13.3102608828,0,0,3.3700633049,
MC_G0_D045_DENS_REF_V_HIGH_S050,MC_G0_D045_DENS_REF_V_HIGH,50,3.38006544113,11.2062617989,19.038050297,0,0,3.38006544113,
MC_G0_D045_DENS_REF_V_HIGH_S050,MC_G0_D045_DENS_REF_V_HIGH,50,3.39006757736,8.53941794603,15.9734923266,0,0,3.39006757736,
MC_G0_D045_DENS_REF_V_HIGH_S050,MC_G0_D045_DENS_REF_V_HIGH,50,3.40006923676,11.2806576779,21.6267293153,0,0,3.40006923676,
MC_G0_D045_DENS_REF_V_HIGH_S050,MC_G0_D045_DENS_REF_V_HIGH,50,3.41007113457,13.2647754863,19.7507251191,0,0,3.41007113457,
MC_G0_D045_DENS_REF_V_HIGH_S050,MC_G0_D045_DENS_REF_V_HIGH,50,3.4200732708,7.57253785121,11.4563776615,0,0,3.4200732708,
MC_G0_D045_DENS_REF_V_HIGH_S050,MC_G0_D045_DENS_REF_V_HIGH,50,3.43007540703,12.7099429032,20.8995419786,0,0,3.43007540703,
MC_G0_D045_DENS_REF_V_HIGH_S050,MC_G0_D045_DENS_REF_V_HIGH,50,3.44007754326,9.78894543052,14.0268066403,0,0,3.44007754326,
MC_G0_D045_DENS_REF_V_HIGH_S050,MC_G0_D045_DENS_REF_V_HIGH,50,3.45007944107,9.93140353415,13.9845109658,0,0,3.45007944107,
MC_G0_D045_DENS_REF_V_HIGH_S050,MC_G0_D045_DENS_REF_V_HIGH,50,3.46008133888,11.8794297969,15.1076407627,0,0,3.46008133888,
MC_G0_D045_DENS_REF_V_HIGH_S050,MC_G0_D045_DENS_REF_V_HIGH,50,3.47008347511,9.70203191082,14.9941197266,0,0,3.47008347511,
MC_G0_D045_DENS_REF_V_HIGH_S050,MC_G0_D045_DENS_REF_V_HIGH,50,3.48008561134,11.83423535,14.7188737081,0,0,3.48008561134,
MC_G0_D045_DENS_REF_V_HIGH_S050,MC_G0_D045_DENS_REF_V_HIGH,50,3.49008750916,11.0907240293,19.6031817219,0,0,3.49008750916,
MC_G0_D045_DENS_REF_V_HIGH_S050,MC_G0_D045_DENS_REF_V_HIGH,50,3.50008964539,10.464779059,17.2237449646,0,0,3.50008964539,
MC_G0_D045_DENS_REF_V_HIGH_S050,MC_G0_D045_DENS_REF_V_HIGH,50,3.51009130478,11.8302511037,16.7652168786,0,0,3.51009130478,
MC_G0_D045_DENS_REF_V_HIGH_S050,MC_G0_D045_DENS_REF_V_HIGH,50,3.52009344101,12.4644800213,22.5500260147,0,0,3.52009344101,
MC_G0_D045_DENS_REF_V_HIGH_S050,MC_G0_D045_DENS_REF_V_HIGH,50,3.53009557724,11.5499677053,15.3456167468,0,0,3.53009557724,
MC_G0_D045_DENS_REF_V_HIGH_S050,MC_G0_D045_DENS_REF_V_HIGH,50,3.54000139236,11.9571759428,17.6143223307,0,0,3.54000139236,
MC_G0_D045_DENS_REF_V_HIGH_S050,MC_G0_D045_DENS_REF_V_HIGH,50,3.55000352859,12.5586843049,19.5622633383,0,0,3.55000352859,
MC_G0_D045_DENS_REF_V_HIGH_S050,MC_G0_D045_DENS_REF_V_HIGH,50,3.56000542641,13.0571218812,15.0056205824,0,0,3.56000542641,
MC_G0_D045_DENS_REF_V_HIGH_S050,MC_G0_D045_DENS_REF_V_HIGH,50,3.57000732422,10.7822369873,14.8705183726,0,0,3.57000732422,
MC_G0_D045_DENS_REF_V_HIGH_S050,MC_G0_D045_DENS_REF_V_HIGH,50,3.58000946045,11.792018918,18.225623154,0,0,3.58000946045,
MC_G0_D045_DENS_REF_V_HIGH_S050,MC_G0_D045_DENS_REF_V_HIGH,50,3.59001159668,11.6300141374,18.2068234035,0,0,3.59001159668,
MC_G0_D045_DENS_REF_V_HIGH_S050,MC_G0_D045_DENS_REF_V_HIGH,50,3.60001373291,11.6569943388,11.5903644416,0,0,3.60001373291,
MC_G0_D045_DENS_REF_V_HIGH_S050,MC_G0_D045_DENS_REF_V_HIGH,50,3.6100153923,10.2927841128,15.6021277995,0,0,3.6100153923,
MC_G0_D045_DENS_REF_V_HIGH_S050,MC_G0_D045_DENS_REF_V_HIGH,50,3.62001752853,10.4312449221,15.2947567625,0,0,3.62001752853,
MC_G0_D045_DENS_REF_V_HIGH_S050,MC_G0_D045_DENS_REF_V_HIGH,50,3.63001966476,11.9072888197,20.7218956897,0,0,3.63001966476,
MC_G0_D045_DENS_REF_V_HIGH_S050,MC_G0_D045_DENS_REF_V_HIGH,50,3.64002156258,11.135251493,19.6885527561,0,0,3.64002156258,
MC_G0_D045_DENS_REF_V_HIGH_S050,MC_G0_D045_DENS_REF_V_HIGH,50,3.65002369881,13.9622235165,20.9577484269,0,0,3.65002369881,
MC_G0_D045_DENS_REF_V_HIGH_S050,MC_G0_D045_DENS_REF_V_HIGH,50,3.66002559662,11.4626473949,18.1170866918,0,0,3.66002559662,
MC_G0_D045_DENS_REF_V_HIGH_S050,MC_G0_D045_DENS_REF_V_HIGH,50,3.67002749443,12.2833990594,18.1334367944,0,0,3.67002749443,
MC_G0_D045_DENS_REF_V_HIGH_S050,MC_G0_D045_DENS_REF_V_HIGH,50,3.68002963066,12.8771914462,17.1861500569,0,0,3.68002963066,
MC_G0_D045_DENS_REF_V_HIGH_S050,MC_G0_D045_DENS_REF_V_HIGH,50,3.69003176689,10.2956362529,16.1568202121,0,0,3.69003176689,
MC_G0_D045_DENS_REF_V_HIGH_S050,MC_G0_D045_DENS_REF_V_HIGH,50,3.7000336647,16.2150258156,23.2954579553,0,0,3.7000336647,
MC_G0_D045_DENS_REF_V_HIGH_S050,MC_G0_D045_DENS_REF_V_HIGH,50,3.71003580093,10.7621875784,24.4713417274,0,0,3.71003580093,
MC_G0_D045_DENS_REF_V_HIGH_S050,MC_G0_D045_DENS_REF_V_HIGH,50,3.72003769875,10.6167813935,14.6168926377,0,0,3.72003769875,
MC_G0_D045_DENS_REF_V_HIGH_S050,MC_G0_D045_DENS_REF_V_HIGH,50,3.73003959656,13.1214485391,15.0543137383,0,0,3.73003959656,
MC_G0_D045_DENS_REF_V_HIGH_S050,MC_G0_D045_DENS_REF_V_HIGH,50,3.74004173279,13.3109853749,24.9900445198,0,0,3.74004173279,
MC_G0_D045_DENS_REF_V_HIGH_S050,MC_G0_D045_DENS_REF_V_HIGH,50,3.75004386902,12.3608988283,18.9907134671,0,0,3.75004386902,
MC_G0_D045_DENS_REF_V_HIGH_S050,MC_G0_D045_DENS_REF_V_HIGH,50,3.76004576683,13.5244092676,23.6653934499,0,0,3.76004576683,
MC_G0_D045_DENS_REF_V_HIGH_S050,MC_G0_D045_DENS_REF_V_HIGH,50,3.77004766464,12.7264432551,19.4225458624,0,0,3.77004766464,
MC_G0_D045_DENS_REF_V_HIGH_S050,MC_G0_D045_DENS_REF_V_HIGH,50,3.78004980087,14.0155223087,18.6345171765,0,0,3.78004980087,
MC_G0_D045_DENS_REF_V_HIGH_S050,MC_G0_D045_DENS_REF_V_HIGH,50,3.7900519371,11.8948709579,15.8124118165,0,0,3.7900519371,
MC_G0_D045_DENS_REF_V_HIGH_S050,MC_G0_D045_DENS_REF_V_HIGH,50,3.80005383492,14.0794544564,21.0762503331,0,0,3.80005383492,
MC_G0_D045_DENS_REF_V_HIGH_S050,MC_G0_D045_DENS_REF_V_HIGH,50,3.81005597115,12.5318115577,18.4273398487,0,0,3.81005597115,
MC_G0_D045_DENS_REF_V_HIGH_S050,MC_G0_D045_DENS_REF_V_HIGH,50,3.82005786896,15.7880767161,21.1466156699,0,0,3.82005786896,
MC_G0_D045_DENS_REF_V_HIGH_S050,MC_G0_D045_DENS_REF_V_HIGH,50,3.83005976677,13.7926271004,20.753151011,0,0,3.83005976677,
MC_G0_D045_DENS_REF_V_HIGH_S050,MC_G0_D045_DENS_REF_V_HIGH,50,3.840061903,14.0207322998,19.4945873387,0,0,3.840061903,
MC_G0_D045_DENS_REF_V_HIGH_S050,MC_G0_D045_DENS_REF_V_HIGH,50,3.85006403923,13.6575157903,18.1894687851,0,0,3.85006403923,
MC_G0_D045_DENS_REF_V_HIGH_S050,MC_G0_D045_DENS_REF_V_HIGH,50,3.86006593704,12.5988422224,21.166427613,0,0,3.86006593704,
MC_G0_D045_DENS_REF_V_HIGH_S050,MC_G0_D045_DENS_REF_V_HIGH,50,3.87006783485,15.8089136104,25.3910162962,0,0,3.87006783485,
MC_G0_D045_DENS_REF_V_HIGH_S050,MC_G0_D045_DENS_REF_V_HIGH,50,3.88006997108,13.1756115697,24.9854631741,0,0,3.88006997108,
MC_G0_D045_DENS_REF_V_HIGH_S050,MC_G0_D045_DENS_REF_V_HIGH,50,3.89007210732,14.8801659224,23.1988766162,0,0,3.89007210732,
MC_G0_D045_DENS_REF_V_HIGH_S050,MC_G0_D045_DENS_REF_V_HIGH,50,3.90007424355,14.9679421454,21.8946724933,0,0,3.90007424355,
MC_G0_D045_DENS_REF_V_HIGH_S050,MC_G0_D045_DENS_REF_V_HIGH,50,3.91007614136,15.6988038103,21.7510111394,0,0,3.91007614136,
MC_G0_D045_DENS_REF_V_HIGH_S050,MC_G0_D045_DENS_REF_V_HIGH,50,3.92007803917,14.4546674539,21.6307003504,0,0,3.92007803917,
MC_G0_D045_DENS_REF_V_HIGH_S050,MC_G0_D045_DENS_REF_V_HIGH,50,3.9300801754,16.0822385852,22.551776208,0,0,3.9300801754,
MC_G0_D045_DENS_REF_V_HIGH_S050,MC_G0_D045_DENS_REF_V_HIGH,50,3.94008207321,12.7892041526,19.7265430684,0,0,3.94008207321,
MC_G0_D045_DENS_REF_V_HIGH_S050,MC_G0_D045_DENS_REF_V_HIGH,50,3.95008420944,12.4599600393,15.7295182109,0,0,3.95008420944,
MC_G0_D045_DENS_REF_V_HIGH_S050,MC_G0_D045_DENS_REF_V_HIGH,50,3.96008634567,13.5440595611,29.9004978867,0,0,3.96008634567,
MC_G0_D045_DENS_REF_V_HIGH_S050,MC_G0_D045_DENS_REF_V_HIGH,50,3.97008824348,13.3116485205,17.59907732,0,0,3.97008824348,
MC_G0_D045_DENS_REF_V_HIGH_S050,MC_G0_D045_DENS_REF_V_HIGH,50,3.9800901413,13.9420528379,19.0540401091,0,0,3.9800901413,
MC_G0_D045_DENS_REF_V_HIGH_S050,MC_G0_D045_DENS_REF_V_HIGH,50,3.99009227753,13.2161831857,23.4263631665,0,0,3.99009227753,
MC_G0_D045_DENS_REF_V_HIGH_S050,MC_G0_D045_DENS_REF_V_HIGH,50,4.00009441376,13.3214529439,27.054851759,0,0,4.00009441376,
MC_G0_D045_DENS_REF_V_HIGH_S050,MC_G0_D045_DENS_REF_V_HIGH,50,4.01000022888,13.9984370993,26.5933146344,0,0,4.01000022888,
MC_G0_D045_DENS_REF_V_HIGH_S050,MC_G0_D045_DENS_REF_V_HIGH,50,4.02000236511,13.3959770004,22.4548557902,0,0,4.02000236511,
MC_G0_D045_DENS_REF_V_HIGH_S050,MC_G0_D045_DENS_REF_V_HIGH,50,4.03000402451,14.2361701903,21.1471534863,0,0,4.03000402451,
MC_G0_D045_DENS_REF_V_HIGH_S050,MC_G0_D045_DENS_REF_V_HIGH,50,4.04000616074,11.5334082536,17.7316469801,0,0,4.04000616074,
MC_G0_D045_DENS_REF_V_HIGH_S050,MC_G0_D045_DENS_REF_V_HIGH,50,4.05000829697,16.9317127434,26.9227813875,0,0,4.05000829697,
MC_G0_D045_DENS_REF_V_HIGH_S050,MC_G0_D045_DENS_REF_V_HIGH,50,4.0600104332,14.6776655112,22.4983046763,0,0,4.0600104332,
MC_G0_D045_DENS_REF_V_HIGH_S050,MC_G0_D045_DENS_REF_V_HIGH,50,4.07001256943,14.2910731195,22.1467053123,0,0,4.07001256943,
MC_G0_D045_DENS_REF_V_HIGH_S050,MC_G0_D045_DENS_REF_V_HIGH,50,4.08001422882,15.0653616106,29.1173754985,0,0,4.08001422882,
MC_G0_D045_DENS_REF_V_HIGH_S050,MC_G0_D045_DENS_REF_V_HIGH,50,4.09001636505,13.4075958639,19.4974983732,0,0,4.09001636505,
MC_G0_D045_DENS_REF_V_HIGH_S050,MC_G0_D045_DENS_REF_V_HIGH,50,4.10001850128,15.3338833851,21.1374980654,0,0,4.10001850128,
MC_G0_D045_DENS_REF_V_HIGH_S050,MC_G0_D045_DENS_REF_V_HIGH,50,4.11002063751,13.4585567609,19.9782288157,0,0,4.11002063751,
MC_G0_D045_DENS_REF_V_HIGH_S050,MC_G0_D045_DENS_REF_V_HIGH,50,4.12002229691,12.8541409965,22.2367081985,0,0,4.12002229691,
MC_G0_D045_DENS_REF_V_HIGH_S050,MC_G0_D045_DENS_REF_V_HIGH,50,4.13002443314,12.5411247622,24.3033795199,0,0,4.13002443314,
MC_G0_D045_DENS_REF_V_HIGH_S050,MC_G0_D045_DENS_REF_V_HIGH,50,4.14002656937,14.3650399495,22.2353782541,0,0,4.14002656937,
MC_G0_D045_DENS_REF_V_HIGH_S050,MC_G0_D045_DENS_REF_V_HIGH,50,4.15002822876,13.0827466253,20.9819682364,0,0,4.15002822876,
MC_G0_D045_DENS_REF_V_HIGH_S050,MC_G0_D045_DENS_REF_V_HIGH,50,4.16003036499,13.5065028015,20.2033471245,0,0,4.16003036499,
MC_G0_D045_DENS_REF_V_HIGH_S050,MC_G0_D045_DENS_REF_V_HIGH,50,4.17003250122,15.6725282011,24.9679625562,0,0,4.17003250122,
MC_G0_D045_DENS_REF_V_HIGH_S050,MC_G0_D045_DENS_REF_V_HIGH,50,4.18003463745,16.0212798473,21.6256813814,0,0,4.18003463745,
MC_G0_D045_DENS_REF_V_HIGH_S050,MC_G0_D045_DENS_REF_V_HIGH,50,4.19003629684,14.7121874587,23.1240250251,0,0,4.19003629684,
MC_G0_D045_DENS_REF_V_HIGH_S050,MC_G0_D045_DENS_REF_V_HIGH,50,4.20003843307,13.0674067782,30.9458765588,0,0,4.20003843307,
MC_G0_D045_DENS_REF_V_HIGH_S050,MC_G0_D045_DENS_REF_V_HIGH,50,4.21004056931,14.8996028426,25.1563161578,0,0,4.21004056931,
MC_G0_D045_DENS_REF_V_HIGH_S050,MC_G0_D045_DENS_REF_V_HIGH,50,4.22004270554,14.8876846426,28.4084347633,0,0,4.22004270554,
MC_G0_D045_DENS_REF_V_HIGH_S050,MC_G0_D045_DENS_REF_V_HIGH,50,4.23004436493,16.9089600952,27.442810475,0,0,4.23004436493,
MC_G0_D045_DENS_REF_V_HIGH_S050,MC_G0_D045_DENS_REF_V_HIGH,50,4.24004650116,12.1498097606,21.4831655236,0,0,4.24004650116,
MC_G0_D045_DENS_REF_V_HIGH_S050,MC_G0_D045_DENS_REF_V_HIGH,50,4.25004863739,14.4879598189,22.3590088498,0,0,4.25004863739,
MC_G0_D045_DENS_REF_V_HIGH_S050,MC_G0_D045_DENS_REF_V_HIGH,50,4.26005077362,17.3074476611,28.6156395973,0,0,4.26005077362,
MC_G0_D045_DENS_REF_V_HIGH_S050,MC_G0_D045_DENS_REF_V_HIGH,50,4.27005243301,13.507864399,21.8041906369,0,0,4.27005243301,
MC_G0_D045_DENS_REF_V_HIGH_S050,MC_G0_D045_DENS_REF_V_HIGH,50,4.28005456924,11.3711870297,18.4754565655,0,0,4.28005456924,
MC_G0_D045_DENS_REF_V_HIGH_S050,MC_G0_D045_DENS_REF_V_HIGH,50,4.29005670547,14.7051353965,20.7644503787,0,0,4.29005670547,
MC_G0_D045_DENS_REF_V_HIGH_S050,MC_G0_D045_DENS_REF_V_HIGH,50,4.30005884171,15.3645999207,23.5842257973,0,0,4.30005884171,
MC_G0_D045_DENS_REF_V_HIGH_S050,MC_G0_D045_DENS_REF_V_HIGH,50,4.3100605011,14.3498014163,20.3878740657,0,0,4.3100605011,
MC_G0_D045_DENS_REF_V_HIGH_S050,MC_G0_D045_DENS_REF_V_HIGH,50,4.32006263733,15.2643636217,32.8319878283,0,0,4.32006263733,
MC_G0_D045_DENS_REF_V_HIGH_S050,MC_G0_D045_DENS_REF_V_HIGH,50,4.33006477356,14.8385489311,23.9850336668,0,0,4.33006477356,
MC_G0_D045_DENS_REF_V_HIGH_S050,MC_G0_D045_DENS_REF_V_HIGH,50,4.34006643295,15.9536804431,26.9802998243,0,0,4.34006643295,
MC_G0_D045_DENS_REF_V_HIGH_S050,MC_G0_D045_DENS_REF_V_HIGH,50,4.35006856918,15.3697270186,27.5412705881,0,0,4.35006856918,
MC_G0_D045_DENS_REF_V_HIGH_S050,MC_G0_D045_DENS_REF_V_HIGH,50,4.36007070541,14.8762453811,25.5062695609,0,0,4.36007070541,
MC_G0_D045_DENS_REF_V_HIGH_S050,MC_G0_D045_DENS_REF_V_HIGH,50,4.37007284164,14.8791236172,22.4431098463,0,0,4.37007284164,
MC_G0_D045_DENS_REF_V_HIGH_S050,MC_G0_D045_DENS_REF_V_HIGH,50,4.38007497787,17.428229193,26.2708325979,0,0,4.38007497787,
MC_G0_D045_DENS_REF_V_HIGH_S050,MC_G0_D045_DENS_REF_V_HIGH,50,4.39007663727,15.2335780085,23.0466175319,0,0,4.39007663727,
MC_G0_D045_DENS_REF_V_HIGH_S050,MC_G0_D045_DENS_REF_V_HIGH,50,4.4000787735,14.0439700267,23.3466091562,0,0,4.4000787735,
MC_G0_D045_DENS_REF_V_HIGH_S050,MC_G0_D045_DENS_REF_V_HIGH,50,4.41008090973,15.4338418383,23.4405365644,0,0,4.41008090973,
MC_G0_D045_DENS_REF_V_HIGH_S050,MC_G0_D045_DENS_REF_V_HIGH,50,4.42008304596,14.7820311196,23.0845003832,0,0,4.42008304596,
MC_G0_D045_DENS_REF_V_HIGH_S050,MC_G0_D045_DENS_REF_V_HIGH,50,4.43008470535,18.366847312,28.4193855721,0,0,4.43008470535,
MC_G0_D045_DENS_REF_V_HIGH_S050,MC_G0_D045_DENS_REF_V_HIGH,50,4.44008684158,17.0031666814,23.5703964688,0,0,4.44008684158,
MC_G0_D045_DENS_REF_V_HIGH_S050,MC_G0_D045_DENS_REF_V_HIGH,50,4.45008897781,12.5723770334,29.5480818974,0,0,4.45008897781,
MC_G0_D045_DENS_REF_V_HIGH_S050,MC_G0_D045_DENS_REF_V_HIGH,50,4.46009063721,15.3018113921,27.4946805028,0,0,4.46009063721,
MC_G0_D045_DENS_REF_V_HIGH_S050,MC_G0_D045_DENS_REF_V_HIGH,50,4.47009277344,17.7602379479,32.6473838255,0,0,4.47009277344,
MC_G0_D045_DENS_REF_V_HIGH_S050,MC_G0_D045_DENS_REF_V_HIGH,50,4.48009490967,14.3039676172,25.4906824248,0,0,4.48009490967,
MC_G0_D045_DENS_REF_V_HIGH_S050,MC_G0_D045_DENS_REF_V_HIGH,50,4.49000072479,12.5783315283,23.570208918,0,0,4.49000072479,
MC_G0_D045_DENS_REF_V_HIGH_S050,MC_G0_D045_DENS_REF_V_HIGH,50,4.50000286102,13.5625232538,23.1478009186,0,0,4.50000286102,
MC_G0_D045_DENS_REF_V_HIGH_S050,MC_G0_D045_DENS_REF_V_HIGH,50,4.51000499725,17.8587396299,22.1361127446,0,0,4.51000499725,
MC_G0_D045_DENS_REF_V_HIGH_S050,MC_G0_D045_DENS_REF_V_HIGH,50,4.52000665665,14.1564745192,22.7895405498,0,0,4.52000665665,
MC_G0_D045_DENS_REF_V_HIGH_S050,MC_G0_D045_DENS_REF_V_HIGH,50,4.53000879288,16.2731354835,23.8133427029,0,0,4.53000879288,
MC_G0_D045_DENS_REF_V_HIGH_S050,MC_G0_D045_DENS_REF_V_HIGH,50,4.54001092911,17.4115077926,27.250362903,0,0,4.54001092911,
MC_G0_D045_DENS_REF_V_HIGH_S050,MC_G0_D045_DENS_REF_V_HIGH,50,4.5500125885,16.2203724269,25.0950354433,0,0,4.5500125885,
MC_G0_D045_DENS_REF_V_HIGH_S050,MC_G0_D045_DENS_REF_V_HIGH,50,4.56001472473,19.2221362746,29.5450975204,0,0,4.56001472473,
MC_G0_D045_DENS_REF_V_HIGH_S050,MC_G0_D045_DENS_REF_V_HIGH,50,4.57001686096,15.883700162,28.5812371576,0,0,4.57001686096,
MC_G0_D045_DENS_REF_V_HIGH_S050,MC_G0_D045_DENS_REF_V_HIGH,50,4.58001899719,20.1059742691,30.4918752894,0,0,4.58001899719,
MC_G0_D045_DENS_REF_V_HIGH_S050,MC_G0_D045_DENS_REF_V_HIGH,50,4.59002065659,18.3668795482,28.44241767,0,0,4.59002065659,
MC_G0_D045_DENS_REF_V_HIGH_S050,MC_G0_D045_DENS_REF_V_HIGH,50,4.60002279282,14.8825421941,33.0492690158,0,0,4.60002279282,
MC_G0_D045_DENS_REF_V_HIGH_S050,MC_G0_D045_DENS_REF_V_HIGH,50,4.61002492905,15.5586636462,29.063687936,0,0,4.61002492905,
MC_G0_D045_DENS_REF_V_HIGH_S050,MC_G0_D045_DENS_REF_V_HIGH,50,4.62002706528,17.1198035533,28.777295622,0,0,4.62002706528,
MC_G0_D045_DENS_REF_V_HIGH_S050,MC_G0_D045_DENS_REF_V_HIGH,50,4.63002872467,15.5571009559,26.1708318544,0,0,4.63002872467,
MC_G0_D045_DENS_REF_V_HIGH_S050,MC_G0_D045_DENS_REF_V_HIGH,50,4.6400308609,17.7062529842,26.9126575008,0,0,4.6400308609,
MC_G0_D045_DENS_REF_V_HIGH_S050,MC_G0_D045_DENS_REF_V_HIGH,50,4.65003299713,16.7548370763,23.4956428155,0,0,4.65003299713,
MC_G0_D045_DENS_REF_V_HIGH_S050,MC_G0_D045_DENS_REF_V_HIGH,50,4.66003513336,18.7360996744,27.4647038454,0,0,4.66003513336,
MC_G0_D045_DENS_REF_V_HIGH_S050,MC_G0_D045_DENS_REF_V_HIGH,50,4.67003679276,17.9367022191,28.4398748578,0,0,4.67003679276,
MC_G0_D045_DENS_REF_V_HIGH_S050,MC_G0_D045_DENS_REF_V_HIGH,50,4.68003892899,16.0805469499,21.3456884822,0,0,4.68003892899,
MC_G0_D045_DENS_REF_V_HIGH_S050,MC_G0_D045_DENS_REF_V_HIGH,50,4.69004106522,16.4738122442,25.6844030077,0,0,4.69004106522,
MC_G0_D045_DENS_REF_V_HIGH_S050,MC_G0_D045_DENS_REF_V_HIGH,50,4.70004272461,17.1652136761,29.1032493594,0,0,4.70004272461,
MC_G0_D045_DENS_REF_V_HIGH_S050,MC_G0_D045_DENS_REF_V_HIGH,50,4.71004486084,17.5230237069,27.8752173348,0,0,4.71004486084,
MC_G0_D045_DENS_REF_V_HIGH_S050,MC_G0_D045_DENS_REF_V_HIGH,50,4.72004699707,14.1562196994,23.8363002125,0,0,4.72004699707,
MC_G0_D045_DENS_REF_V_HIGH_S050,MC_G0_D045_DENS_REF_V_HIGH,50,4.7300491333,17.2287221474,29.9718336117,0,0,4.7300491333,
MC_G0_D045_DENS_REF_V_HIGH_S050,MC_G0_D045_DENS_REF_V_HIGH,50,4.74005079269,18.5261342702,30.2697180341,0,0,4.74005079269,
MC_G0_D045_DENS_REF_V_HIGH_S050,MC_G0_D045_DENS_REF_V_HIGH,50,4.75005292892,15.9567950783,25.7940539319,0,0,4.75005292892,
MC_G0_D045_DENS_REF_V_HIGH_S050,MC_G0_D045_DENS_REF_V_HIGH,50,4.76005506516,18.3014215517,28.0258958442,0,0,4.76005506516,
MC_G0_D045_DENS_REF_V_HIGH_S050,MC_G0_D045_DENS_REF_V_HIGH,50,4.77005720139,14.574158001,24.7611862909,0,0,4.77005720139,
MC_G0_D045_DENS_REF_V_HIGH_S050,MC_G0_D045_DENS_REF_V_HIGH,50,4.78005886078,17.8548513248,27.5100811859,0,0,4.78005886078,
MC_G0_D045_DENS_REF_V_HIGH_S050,MC_G0_D045_DENS_REF_V_HIGH,50,4.79006099701,18.5114437531,28.571049901,0,0,4.79006099701,
MC_G0_D045_DENS_REF_V_HIGH_S050,MC_G0_D045_DENS_REF_V_HIGH,50,4.80006313324,18.4077167295,26.3804969722,0,0,4.80006313324,
MC_G0_D045_DENS_REF_V_HIGH_S050,MC_G0_D045_DENS_REF_V_HIGH,50,4.81006479263,16.9523930616,28.3265665811,0,0,4.81006479263,
MC_G0_D045_DENS_REF_V_HIGH_S050,MC_G0_D045_DENS_REF_V_HIGH,50,4.82006692886,15.6777919193,24.5295287694,0,0,4.82006692886,
MC_G0_D045_DENS_REF_V_HIGH_S050,MC_G0_D045_DENS_REF_V_HIGH,50,4.83006906509,17.5906108306,31.8813027704,0,0,4.83006906509,
MC_G0_D045_DENS_REF_V_HIGH_S050,MC_G0_D045_DENS_REF_V_HIGH,50,4.84007120132,19.8081973355,42.8132956175,0,0,4.84007120132,
MC_G0_D045_DENS_REF_V_HIGH_S050,MC_G0_D045_DENS_REF_V_HIGH,50,4.85007286072,15.9882515125,26.7484333819,0,0,4.85007286072,
MC_G0_D045_DENS_REF_V_HIGH_S050,MC_G0_D045_DENS_REF_V_HIGH,50,4.86007499695,15.0646324575,26.8797496774,0,0,4.86007499695,
MC_G0_D045_DENS_REF_V_HIGH_S050,MC_G0_D045_DENS_REF_V_HIGH,50,4.87007713318,17.9111572982,28.4150362674,0,0,4.87007713318,
MC_G0_D045_DENS_REF_V_HIGH_S050,MC_G0_D045_DENS_REF_V_HIGH,50,4.88007926941,14.8967353519,25.2269742338,0,0,4.88007926941,
MC_G0_D045_DENS_REF_V_HIGH_S050,MC_G0_D045_DENS_REF_V_HIGH,50,4.8900809288,17.990354075,27.9728532037,0,0,4.8900809288,
MC_G0_D045_DENS_REF_V_HIGH_S050,MC_G0_D045_DENS_REF_V_HIGH,50,4.90008306503,17.2592544759,27.6617067663,0,0,4.90008306503,
MC_G0_D045_DENS_REF_V_HIGH_S050,MC_G0_D045_DENS_REF_V_HIGH,50,4.91008520126,19.3935118244,27.4653741788,0,0,4.91008520126,
MC_G0_D045_DENS_REF_V_HIGH_S050,MC_G0_D045_DENS_REF_V_HIGH,50,4.92008686066,17.4129307925,26.6080924121,0,0,4.92008686066,
MC_G0_D045_DENS_REF_V_HIGH_S050,MC_G0_D045_DENS_REF_V_HIGH,50,4.93008899689,21.2702875445,37.7514497403,0,0,4.93008899689,
MC_G0_D045_DENS_REF_V_HIGH_S050,MC_G0_D045_DENS_REF_V_HIGH,50,4.94009113312,20.8900871394,34.079037665,0,0,4.94009113312,
MC_G0_D045_DENS_REF_V_HIGH_S050,MC_G0_D045_DENS_REF_V_HIGH,50,4.95009326935,19.9525742631,34.3578468205,0,0,4.95009326935,
MC_G0_D045_DENS_REF_V_HIGH_S050,MC_G0_D045_DENS_REF_V_HIGH,50,4.96009492874,20.0387847257,36.5160003671,0,0,4.96009492874,
MC_G0_D045_DENS_REF_V_HIGH_S050,MC_G0_D045_DENS_REF_V_HIGH,50,4.97000074387,19.2633863867,37.4306295604,0,0,4.97000074387,
MC_G0_D045_DENS_REF_V_HIGH_S050,MC_G0_D045_DENS_REF_V_HIGH,50,4.9800028801,18.3927161305,29.4076450657,0,0,4.9800028801,
MC_G0_D045_DENS_REF_V_HIGH_S050,MC_G0_D045_DENS_REF_V_HIGH,50,4.99000501633,16.3747671513,25.9732434613,0,0,4.99000501633,
MC_G0_D045_DENS_REF_V_HIGH_S050,MC_G0_D045_DENS_REF_V_HIGH,50,5.00000667572,19.5064430633,28.9429357931,0,0,5.00000667572,
MC_G0_D045_DENS_REF_V_HIGH_S050,MC_G0_D045_DENS_REF_V_HIGH,50,5.01000881195,19.2688895742,28.2547710763,0,0,5.01000881195,
MC_G0_D045_DENS_REF_V_HIGH_S050,MC_G0_D045_DENS_REF_V_HIGH,50,5.02001094818,20.0787638088,29.636068862,0,0,5.02001094818,
MC_G0_D045_DENS_REF_V_HIGH_S050,MC_G0_D045_DENS_REF_V_HIGH,50,5.03001308441,18.4297478998,29.8384786717,0,0,5.03001308441,
MC_G0_D045_DENS_REF_V_HIGH_S050,MC_G0_D045_DENS_REF_V_HIGH,50,5.0400147438,16.5443620323,25.6593376166,0,0,5.0400147438,
MC_G0_D045_DENS_REF_V_HIGH_S050,MC_G0_D045_DENS_REF_V_HIGH,50,5.05001688004,22.5155537045,33.6256772816,0,0,5.05001688004,
MC_G0_D045_DENS_REF_V_HIGH_S050,MC_G0_D045_DENS_REF_V_HIGH,50,5.06001901627,20.948368734,30.7528395273,0,0,5.06001901627,
MC_G0_D045_DENS_REF_V_HIGH_S050,MC_G0_D045_DENS_REF_V_HIGH,50,5.07002067566,17.2478397753,30.2661619545,0,0,5.07002067566,
MC_G0_D045_DENS_REF_V_HIGH_S050,MC_G0_D045_DENS_REF_V_HIGH,50,5.08002281189,15.698198997,29.4916159759,0,0,5.08002281189,
MC_G0_D045_DENS_REF_V_HIGH_S050,MC_G0_D045_DENS_REF_V_HIGH,50,5.09002494812,16.622620888,31.3500929102,0,0,5.09002494812,
MC_G0_D045_DENS_REF_V_HIGH_S050,MC_G0_D045_DENS_REF_V_HIGH,50,5.10002660751,17.0045605152,31.5021593335,0,0,5.10002660751,
MC_G0_D045_DENS_REF_V_HIGH_S050,MC_G0_D045_DENS_REF_V_HIGH,50,5.11002874374,18.104944713,29.4346572819,0,0,5.11002874374,
MC_G0_D045_DENS_REF_V_HIGH_S050,MC_G0_D045_DENS_REF_V_HIGH,50,5.12003087997,19.3873900081,32.1884067441,0,0,5.12003087997,
MC_G0_D045_DENS_REF_V_HIGH_S050,MC_G0_D045_DENS_REF_V_HIGH,50,5.13003253937,20.7368882262,29.4678717035,0,0,5.13003253937,
MC_G0_D045_DENS_REF_V_HIGH_S050,MC_G0_D045_DENS_REF_V_HIGH,50,5.1400346756,18.2153292886,30.3699141474,0,0,5.1400346756,
MC_G0_D045_DENS_REF_V_HIGH_S050,MC_G0_D045_DENS_REF_V_HIGH,50,5.15003681183,17.8554576733,30.3108348582,0,0,5.15003681183,
MC_G0_D045_DENS_REF_V_HIGH_S050,MC_G0_D045_DENS_REF_V_HIGH,50,5.16003894806,20.4378617544,31.1234895096,0,0,5.16003894806,
MC_G0_D045_DENS_REF_V_HIGH_S050,MC_G0_D045_DENS_REF_V_HIGH,50,5.17004060745,18.3843316368,37.493604715,0,0,5.17004060745,
MC_G0_D045_DENS_REF_V_HIGH_S050,MC_G0_D045_DENS_REF_V_HIGH,50,5.18004274368,18.368247286,32.9140861993,0,0,5.18004274368,
MC_G0_D045_DENS_REF_V_HIGH_S050,MC_G0_D045_DENS_REF_V_HIGH,50,5.19004487991,20.6158104279,36.2557950605,0,0,5.19004487991,
MC_G0_D045_DENS_REF_V_HIGH_S050,MC_G0_D045_DENS_REF_V_HIGH,50,5.20004653931,18.1143162497,33.6897709277,0,0,5.20004653931,
MC_G0_D045_DENS_REF_V_HIGH_S050,MC_G0_D045_DENS_REF_V_HIGH,50,5.21004867554,16.8759317603,28.5123503931,0,0,5.21004867554,
MC_G0_D045_DENS_REF_V_HIGH_S050,MC_G0_D045_DENS_REF_V_HIGH,50,5.22005081177,19.8161074958,34.3589438956,0,0,5.22005081177,
MC_G0_D045_DENS_REF_V_HIGH_S050,MC_G0_D045_DENS_REF_V_HIGH,50,5.23005247116,17.5546812338,26.9664145957,0,0,5.23005247116,
MC_G0_D045_DENS_REF_V_HIGH_S050,MC_G0_D045_DENS_REF_V_HIGH,50,5.24005460739,17.3000425352,30.631460845,0,0,5.24005460739,
MC_G0_D045_DENS_REF_V_HIGH_S050,MC_G0_D045_DENS_REF_V_HIGH,50,5.25005674362,20.3852798348,27.5236164072,0,0,5.25005674362,
MC_G0_D045_DENS_REF_V_HIGH_S050,MC_G0_D045_DENS_REF_V_HIGH,50,5.26005840302,20.4645241985,33.5244654436,0,0,5.26005840302,
MC_G0_D045_DENS_REF_V_HIGH_S050,MC_G0_D045_DENS_REF_V_HIGH,50,5.27006053925,16.2312406464,27.4514253091,0,0,5.27006053925,
MC_G0_D045_DENS_REF_V_HIGH_S050,MC_G0_D045_DENS_REF_V_HIGH,50,5.28006267548,20.1682777189,31.2326794538,0,0,5.28006267548,
MC_G0_D045_DENS_REF_V_HIGH_S050,MC_G0_D045_DENS_REF_V_HIGH,50,5.29006433487,18.9672980183,31.4980921575,0,0,5.29006433487,
MC_G0_D045_DENS_REF_V_HIGH_S050,MC_G0_D045_DENS_REF_V_HIGH,50,5.3000664711,19.4980017725,37.7136926538,0,0,5.3000664711,
MC_G0_D045_DENS_REF_V_HIGH_S050,MC_G0_D045_DENS_REF_V_HIGH,50,5.31006860733,18.8271532489,35.789196031,0,0,5.31006860733,
MC_G0_D045_DENS_REF_V_HIGH_S050,MC_G0_D045_DENS_REF_V_HIGH,50,5.32007026672,19.6550598246,37.0435007785,0,0,5.32007026672,
MC_G0_D045_DENS_REF_V_HIGH_S050,MC_G0_D045_DENS_REF_V_HIGH,50,5.33007240295,17.9941119001,33.5551991414,0,0,5.33007240295,
MC_G0_D045_DENS_REF_V_HIGH_S050,MC_G0_D045_DENS_REF_V_HIGH,50,5.34007453918,17.250602882,32.6108207952,0,0,5.34007453918,
MC_G0_D045_DENS_REF_V_HIGH_S050,MC_G0_D045_DENS_REF_V_HIGH,50,5.35007619858,15.4666752206,29.3461209642,0,0,5.35007619858,
MC_G0_D045_DENS_REF_V_HIGH_S050,MC_G0_D045_DENS_REF_V_HIGH,50,5.36007833481,17.9123239432,30.4008512866,0,0,5.36007833481,
MC_G0_D045_DENS_REF_V_HIGH_S050,MC_G0_D045_DENS_REF_V_HIGH,50,5.37008047104,21.1590663616,34.1640660678,0,0,5.37008047104,
MC_G0_D045_DENS_REF_V_HIGH_S050,MC_G0_D045_DENS_REF_V_HIGH,50,5.38008213043,20.8812544085,31.6097981886,0,0,5.38008213043,
MC_G0_D045_DENS_REF_V_HIGH_S050,MC_G0_D045_DENS_REF_V_HIGH,50,5.39008426666,23.676451473,36.1638477084,0,0,5.39008426666,
MC_G0_D045_DENS_REF_V_HIGH_S050,MC_G0_D045_DENS_REF_V_HIGH,50,5.40008640289,22.5712456541,33.1344213261,0,0,5.40008640289,
MC_G0_D045_DENS_REF_V_HIGH_S050,MC_G0_D045_DENS_REF_V_HIGH,50,5.41008806229,19.7788301169,34.2320190952,0,0,5.41008806229,
MC_G0_D045_DENS_REF_V_HIGH_S050,MC_G0_D045_DENS_REF_V_HIGH,50,5.42009019852,20.9378627885,37.4200602204,0,0,5.42009019852,
MC_G0_D045_DENS_REF_V_HIGH_S050,MC_G0_D045_DENS_REF_V_HIGH,50,5.43009233475,18.5542166441,33.1484233182,0,0,5.43009233475,
MC_G0_D045_DENS_REF_V_HIGH_S050,MC_G0_D045_DENS_REF_V_HIGH,50,5.44009399414,18.8210007315,38.7510441036,0,0,5.44009399414,
MC_G0_D045_DENS_REF_V_HIGH_S050,MC_G0_D045_DENS_REF_V_HIGH,50,5.44999980927,21.5135744799,42.5698698575,0,0,5.44999980927,
MC_G0_D045_DENS_REF_V_HIGH_S050,MC_G0_D045_DENS_REF_V_HIGH,50,5.4600019455,23.5386430639,32.8440820196,0,0,5.4600019455,
MC_G0_D045_DENS_REF_V_HIGH_S050,MC_G0_D045_DENS_REF_V_HIGH,50,5.47000408173,17.2183359365,30.8422157346,0,0,5.47000408173,
MC_G0_D045_DENS_REF_V_HIGH_S050,MC_G0_D045_DENS_REF_V_HIGH,50,5.48000574112,19.7741328356,31.7871050221,0,0,5.48000574112,
MC_G0_D045_DENS_REF_V_HIGH_S050,MC_G0_D045_DENS_REF_V_HIGH,50,5.49000787735,19.5316564115,34.0348177435,0,0,5.49000787735,
MC_G0_D045_DENS_REF_V_HIGH_S050,MC_G0_D045_DENS_REF_V_HIGH,50,5.50001001358,18.2048647897,31.6730727859,0,0,5.50001001358,
MC_G0_D045_DENS_REF_V_HIGH_S050,MC_G0_D045_DENS_REF_V_HIGH,50,5.51001167297,16.299573809,33.1815818023,0,0,5.51001167297,
MC_G0_D045_DENS_REF_V_HIGH_S050,MC_G0_D045_DENS_REF_V_HIGH,50,5.5200138092,21.6502361998,36.8317683396,0,0,5.5200138092,
MC_G0_D045_DENS_REF_V_HIGH_S050,MC_G0_D045_DENS_REF_V_HIGH,50,5.53001594543,20.9438372391,36.7313029415,0,0,5.53001594543,
MC_G0_D045_DENS_REF_V_HIGH_S050,MC_G0_D045_DENS_REF_V_HIGH,50,5.54001760483,18.3471693874,37.529697336,0,0,5.54001760483,
MC_G0_D045_DENS_REF_V_HIGH_S050,MC_G0_D045_DENS_REF_V_HIGH,50,5.55001974106,22.1786511807,38.7115310154,0,0,5.55001974106,
MC_G0_D045_DENS_REF_V_HIGH_S050,MC_G0_D045_DENS_REF_V_HIGH,50,5.56002187729,21.0382034715,41.7486891073,0,0,5.56002187729,
MC_G0_D045_DENS_REF_V_HIGH_S050,MC_G0_D045_DENS_REF_V_HIGH,50,5.57002353668,15.8004999506,33.2878611915,0,0,5.57002353668,
MC_G0_D045_DENS_REF_V_HIGH_S050,MC_G0_D045_DENS_REF_V_HIGH,50,5.58002567291,18.640566797,41.5521218661,0,0,5.58002567291,
MC_G0_D045_DENS_REF_V_HIGH_S050,MC_G0_D045_DENS_REF_V_HIGH,50,5.59002780914,21.2703550871,38.9532420888,0,0,5.59002780914,
MC_G0_D045_DENS_REF_V_HIGH_S050,MC_G0_D045_DENS_REF_V_HIGH,50,5.60002946854,20.5255121025,36.7590896294,0,0,5.60002946854,
MC_G0_D045_DENS_REF_V_HIGH_S050,MC_G0_D045_DENS_REF_V_HIGH,50,5.61003160477,21.5676929938,35.8101037333,0,0,5.61003160477,
MC_G0_D045_DENS_REF_V_HIGH_S050,MC_G0_D045_DENS_REF_V_HIGH,50,5.62003326416,19.4265723954,35.9178730714,0,0,5.62003326416,
MC_G0_D045_DENS_REF_V_HIGH_S050,MC_G0_D045_DENS_REF_V_HIGH,50,5.63003540039,20.6991487946,36.9645818164,0,0,5.63003540039,
MC_G0_D045_DENS_REF_V_HIGH_S050,MC_G0_D045_DENS_REF_V_HIGH,50,5.64003753662,21.5655285603,35.0653896878,0,0,5.64003753662,
MC_G0_D045_DENS_REF_V_HIGH_S050,MC_G0_D045_DENS_REF_V_HIGH,50,5.65003919601,18.5913190262,33.3870829348,0,0,5.65003919601,
MC_G0_D045_DENS_REF_V_HIGH_S050,MC_G0_D045_DENS_REF_V_HIGH,50,5.66004133224,19.4124452451,44.8077560985,0,0,5.66004133224,
MC_G0_D045_DENS_REF_V_HIGH_S050,MC_G0_D045_DENS_REF_V_HIGH,50,5.67004346848,22.0480821109,42.5367672637,0,0,5.67004346848,
MC_G0_D045_DENS_REF_V_HIGH_S050,MC_G0_D045_DENS_REF_V_HIGH,50,5.68004512787,20.2827240613,44.6097219764,0,0,5.68004512787,
MC_G0_D045_DENS_REF_V_HIGH_S050,MC_G0_D045_DENS_REF_V_HIGH,50,5.6900472641,17.8795381477,41.6442109819,0,0,5.6900472641,
MC_G0_D045_DENS_REF_V_HIGH_S050,MC_G0_D045_DENS_REF_V_HIGH,50,5.70004940033,25.1198016787,37.5444655701,0,0,5.70004940033,
MC_G0_D045_DENS_REF_V_HIGH_S050,MC_G0_D045_DENS_REF_V_HIGH,50,5.71005105972,20.148381816,38.1241228886,0,0,5.71005105972,
MC_G0_D045_DENS_REF_V_HIGH_S050,MC_G0_D045_DENS_REF_V_HIGH,50,5.72005319595,22.7421100292,38.6777933254,0,0,5.72005319595,
MC_G0_D045_DENS_REF_V_HIGH_S050,MC_G0_D045_DENS_REF_V_HIGH,50,5.73005485535,20.101255497,37.1740072223,0,0,5.73005485535,
MC_G0_D045_DENS_REF_V_HIGH_S050,MC_G0_D045_DENS_REF_V_HIGH,50,5.74005699158,21.6278980176,38.284697922,0,0,5.74005699158,
MC_G0_D045_DENS_REF_V_HIGH_S050,MC_G0_D045_DENS_REF_V_HIGH,50,5.75005912781,21.2399609139,41.0721180979,0,0,5.75005912781,
MC_G0_D045_DENS_REF_V_HIGH_S050,MC_G0_D045_DENS_REF_V_HIGH,50,5.7600607872,22.6720852313,42.5914446468,0,0,5.7600607872,
MC_G0_D045_DENS_REF_V_HIGH_S050,MC_G0_D045_DENS_REF_V_HIGH,50,5.77006292343,20.5205078094,39.6216104206,0,0,5.77006292343,
MC_G0_D045_DENS_REF_V_HIGH_S050,MC_G0_D045_DENS_REF_V_HIGH,50,5.78006505966,22.3741839579,41.7651544891,0,0,5.78006505966,
MC_G0_D045_DENS_REF_V_HIGH_S050,MC_G0_D045_DENS_REF_V_HIGH,50,5.79006671906,19.6098108831,39.0362498371,0,0,5.79006671906,
MC_G0_D045_DENS_REF_V_HIGH_S050,MC_G0_D045_DENS_REF_V_HIGH,50,5.80006885529,20.6054364974,39.7937456529,0,0,5.80006885529,
MC_G0_D045_DENS_REF_V_HIGH_S050,MC_G0_D045_DENS_REF_V_HIGH,50,5.81007051468,20.4619499041,41.7212299848,0,0,5.81007051468,
MC_G0_D045_DENS_REF_V_HIGH_S050,MC_G0_D045_DENS_REF_V_HIGH,50,5.82007265091,21.2219132223,44.4258466768,0,0,5.82007265091,
MC_G0_D045_DENS_REF_V_HIGH_S050,MC_G0_D045_DENS_REF_V_HIGH,50,5.83007478714,20.7882927554,38.2519186796,0,0,5.83007478714,
MC_G0_D045_DENS_REF_V_HIGH_S050,MC_G0_D045_DENS_REF_V_HIGH,50,5.84007644653,20.0213126813,38.451800633,0,0,5.84007644653,
MC_G0_D045_DENS_REF_V_HIGH_S050,MC_G0_D045_DENS_REF_V_HIGH,50,5.85007858276,19.3747042784,39.475477769,0,0,5.85007858276,
MC_G0_D045_DENS_REF_V_HIGH_S050,MC_G0_D045_DENS_REF_V_HIGH,50,5.86008071899,22.8665480722,37.5123877069,0,0,5.86008071899,
MC_G0_D045_DENS_REF_V_HIGH_S050,MC_G0_D045_DENS_REF_V_HIGH,50,5.87008237839,19.2820266112,36.2266749861,0,0,5.87008237839,
MC_G0_D045_DENS_REF_V_HIGH_S050,MC_G0_D045_DENS_REF_V_HIGH,50,5.88008451462,20.0356178985,35.2010226884,0,0,5.88008451462,
MC_G0_D045_DENS_REF_V_HIGH_S050,MC_G0_D045_DENS_REF_V_HIGH,50,5.89008617401,20.5059953592,42.2100182859,0,0,5.89008617401,
MC_G0_D045_DENS_REF_V_HIGH_S050,MC_G0_D045_DENS_REF_V_HIGH,50,5.90008831024,20.7522787303,40.2180617751,0,0,5.90008831024,
MC_G0_D045_DENS_REF_V_HIGH_S050,MC_G0_D045_DENS_REF_V_HIGH,50,5.91009044647,21.2133936435,43.3232041453,0,0,5.91009044647,
MC_G0_D045_DENS_REF_V_HIGH_S050,MC_G0_D045_DENS_REF_V_HIGH,50,5.92009210587,19.0010984879,37.1305093684,0,0,5.92009210587,
MC_G0_D045_DENS_REF_V_HIGH_S050,MC_G0_D045_DENS_REF_V_HIGH,50,5.9300942421,20.8354774066,43.1530853345,0,0,5.9300942421,
MC_G0_D045_DENS_REF_V_HIGH_S050,MC_G0_D045_DENS_REF_V_HIGH,50,5.94009590149,19.4770773798,40.0609181505,0,0,5.94009590149,
MC_G0_D045_DENS_REF_V_HIGH_S050,MC_G0_D045_DENS_REF_V_HIGH,50,5.95000171661,20.5908626449,40.784748491,0,0,5.95000171661,
MC_G0_D045_DENS_REF_V_HIGH_S050,MC_G0_D045_DENS_REF_V_HIGH,50,5.96000385284,19.3836552089,36.8945742977,0,0,5.96000385284,
MC_G0_D045_DENS_REF_V_HIGH_S050,MC_G0_D045_DENS_REF_V_HIGH,50,5.97000598907,19.3919522042,39.7926082294,0,0,5.97000598907,
MC_G0_D045_DENS_REF_V_HIGH_S050,MC_G0_D045_DENS_REF_V_HIGH,50,5.98000764847,21.3875369051,39.5354305124,0,0,5.98000764847,
MC_G0_D045_DENS_REF_V_HIGH_S050,MC_G0_D045_DENS_REF_V_HIGH,50,5.9900097847,22.5888512487,43.7893992004,0,0,5.9900097847,
MC_G0_D045_DENS_REF_V_HIGH_S050,MC_G0_D045_DENS_REF_V_HIGH,50,6.00001144409,22.5838807268,43.5772064694,0,0,6.00001144409,
MC_G0_D045_DENS_REF_V_HIGH_S050,MC_G0_D045_DENS_REF_V_HIGH,50,6.01001358032,21.3476054088,44.3823541699,0,0,6.01001358032,
MC_G0_D045_DENS_REF_V_HIGH_S050,MC_G0_D045_DENS_REF_V_HIGH,50,6.02001571655,20.7708575524,43.6306224075,0,0,6.02001571655,
MC_G0_D045_DENS_REF_V_HIGH_S050,MC_G0_D045_DENS_REF_V_HIGH,50,6.03001737595,19.0676862881,41.0948138771,0,0,6.03001737595,
MC_G0_D045_DENS_REF_V_HIGH_S050,MC_G0_D045_DENS_REF_V_HIGH,50,6.04001951218,24.860263071,44.249627655,0,0,6.04001951218,
MC_G0_D045_DENS_REF_V_HIGH_S050,MC_G0_D045_DENS_REF_V_HIGH,50,6.05002117157,20.6820175333,45.2477682703,0,0,6.05002117157,
MC_G0_D045_DENS_REF_V_HIGH_S050,MC_G0_D045_DENS_REF_V_HIGH,50,6.0600233078,25.8886176836,44.5411876922,0,0,6.0600233078,
MC_G0_D045_DENS_REF_V_HIGH_S050,MC_G0_D045_DENS_REF_V_HIGH,50,6.07002544403,21.8867274279,45.0785432323,0,0,6.07002544403,
MC_G0_D045_DENS_REF_V_HIGH_S050,MC_G0_D045_DENS_REF_V_HIGH,50,6.08002710342,20.5614370941,40.1158201996,0,0,6.08002710342,
MC_G0_D045_DENS_REF_V_HIGH_S050,MC_G0_D045_DENS_REF_V_HIGH,50,6.09002923965,22.6572872602,42.4985611516,0,0,6.09002923965,
MC_G0_D045_DENS_REF_V_HIGH_S050,MC_G0_D045_DENS_REF_V_HIGH,50,6.10003089905,21.1527695485,40.8834627738,0,0,6.10003089905,
MC_G0_D045_DENS_REF_V_HIGH_S050,MC_G0_D045_DENS_REF_V_HIGH,50,6.11003303528,18.2253747164,40.9054692388,0,0,6.11003303528,
MC_G0_D045_DENS_REF_V_HIGH_S050,MC_G0_D045_DENS_REF_V_HIGH,50,6.12003517151,22.585983758,43.8992783327,0,0,6.12003517151,
MC_G0_D045_DENS_REF_V_HIGH_S050,MC_G0_D045_DENS_REF_V_HIGH,50,6.1300368309,21.6517113918,45.5406181602,0,0,6.1300368309,
MC_G0_D045_DENS_REF_V_HIGH_S050,MC_G0_D045_DENS_REF_V_HIGH,50,6.14003896713,18.9171107911,44.1213847213,0,0,6.14003896713,
MC_G0_D045_DENS_REF_V_HIGH_S050,MC_G0_D045_DENS_REF_V_HIGH,50,6.15004062653,20.5753263102,44.1457847121,0,0,6.15004062653,
MC_G0_D045_DENS_REF_V_HIGH_S050,MC_G0_D045_DENS_REF_V_HIGH,50,6.16004276276,17.6522142934,37.4453299884,0,0,6.16004276276,
MC_G0_D045_DENS_REF_V_HIGH_S050,MC_G0_D045_DENS_REF_V_HIGH,50,6.17004489899,20.9466740286,48.8841040802,0,0,6.17004489899,
MC_G0_D045_DENS_REF_V_HIGH_S050,MC_G0_D045_DENS_REF_V_HIGH,50,6.18004655838,21.8944810122,45.5354722206,0,0,6.18004655838,
MC_G0_D045_DENS_REF_V_HIGH_S050,MC_G0_D045_DENS_REF_V_HIGH,50,6.19004869461,19.6548848279,46.4147769058,0,0,6.19004869461,
MC_G0_D045_DENS_REF_V_HIGH_S050,MC_G0_D045_DENS_REF_V_HIGH,50,6.200050354,22.2440477749,44.847147696,0,0,6.200050354,
MC_G0_D045_DENS_REF_V_HIGH_S050,MC_G0_D045_DENS_REF_V_HIGH,50,6.21005249023,21.0722894621,43.1003035127,0,0,6.21005249023,
MC_G0_D045_DENS_REF_V_HIGH_S050,MC_G0_D045_DENS_REF_V_HIGH,50,6.22005462646,21.3119889641,44.5039888654,0,0,6.22005462646,
MC_G0_D045_DENS_REF_V_HIGH_S050,MC_G0_D045_DENS_REF_V_HIGH,50,6.23005628586,23.9814416501,43.6313169064,0,0,6.23005628586,
MC_G0_D045_DENS_REF_V_HIGH_S050,MC_G0_D045_DENS_REF_V_HIGH,50,6.24005842209,22.322240623,45.107819585,0,0,6.24005842209,
MC_G0_D045_DENS_REF_V_HIGH_S050,MC_G0_D045_DENS_REF_V_HIGH,50,6.25006008148,24.2325865539,47.9807061507,0,0,6.25006008148,
MC_G0_D045_DENS_REF_V_HIGH_S050,MC_G0_D045_DENS_REF_V_HIGH,50,6.26006221771,23.2879985895,45.5862651632,0,0,6.26006221771,
MC_G0_D045_DENS_REF_V_HIGH_S050,MC_G0_D045_DENS_REF_V_HIGH,50,6.27006387711,21.5094651263,48.0904730978,0,0,6.27006387711,
MC_G0_D045_DENS_REF_V_HIGH_S050,MC_G0_D045_DENS_REF_V_HIGH,50,6.28006601334,23.6565340793,55.4269126141,0,0,6.28006601334,
MC_G0_D045_DENS_REF_V_HIGH_S050,MC_G0_D045_DENS_REF_V_HIGH,50,6.29006814957,19.5084724116,51.4662470323,0,0,6.29006814957,
MC_G0_D045_DENS_REF_V_HIGH_S050,MC_G0_D045_DENS_REF_V_HIGH,50,6.30006980896,20.7426262777,53.2405313471,0,0,6.30006980896,
MC_G0_D045_DENS_REF_V_HIGH_S050,MC_G0_D045_DENS_REF_V_HIGH,50,6.31007194519,22.9127932672,47.2929075187,0,0,6.31007194519,
MC_G0_D045_DENS_REF_V_HIGH_S050,MC_G0_D045_DENS_REF_V_HIGH,50,6.32007360458,22.6602575998,46.7313406466,0,0,6.32007360458,
MC_G0_D045_DENS_REF_V_HIGH_S050,MC_G0_D045_DENS_REF_V_HIGH,50,6.33007574081,23.8921549288,49.3955228993,0,0,6.33007574081,
MC_G0_D045_DENS_REF_V_HIGH_S050,MC_G0_D045_DENS_REF_V_HIGH,50,6.34007740021,19.7091691282,44.8457882052,0,0,6.34007740021,
MC_G0_D045_DENS_REF_V_HIGH_S050,MC_G0_D045_DENS_REF_V_HIGH,50,6.35007953644,23.6622629204,49.8737121202,0,0,6.35007953644,
MC_G0_D045_DENS_REF_V_HIGH_S050,MC_G0_D045_DENS_REF_V_HIGH,50,6.36008167267,24.1929958407,51.1439592589,0,0,6.36008167267,
MC_G0_D045_DENS_REF_V_HIGH_S050,MC_G0_D045_DENS_REF_V_HIGH,50,6.37008333206,21.0671224527,42.423786549,0,0,6.37008333206,
MC_G0_D045_DENS_REF_V_HIGH_S050,MC_G0_D045_DENS_REF_V_HIGH,50,6.38008546829,23.1737871111,49.3064538953,0,0,6.38008546829,
MC_G0_D045_DENS_REF_V_HIGH_S050,MC_G0_D045_DENS_REF_V_HIGH,50,6.39008712769,23.5958930986,50.9163596504,0,0,6.39008712769,
MC_G0_D045_DENS_REF_V_HIGH_S050,MC_G0_D045_DENS_REF_V_HIGH,50,6.40008926392,21.698223687,53.7640673881,0,0,6.40008926392,
MC_G0_D045_DENS_REF_V_HIGH_S050,MC_G0_D045_DENS_REF_V_HIGH,50,6.41009092331,19.7143192519,50.4873964501,0,0,6.41009092331,
MC_G0_D045_DENS_REF_V_HIGH_S050,MC_G0_D045_DENS_REF_V_HIGH,50,6.42009305954,16.6227697887,46.2244203322,0,0,6.42009305954,
MC_G0_D045_DENS_REF_V_HIGH_S050,MC_G0_D045_DENS_REF_V_HIGH,50,6.43009519577,22.2888331285,50.6367081174,0,0,6.43009519577,
MC_G0_D045_DENS_REF_V_HIGH_S050,MC_G0_D045_DENS_REF_V_HIGH,50,6.44000101089,20.3296538927,45.6060918099,0,0,6.44000101089,
MC_G0_D045_DENS_REF_V_HIGH_S050,MC_G0_D045_DENS_REF_V_HIGH,50,6.45000267029,23.5325626942,49.0537708408,0,0,6.45000267029,
MC_G0_D045_DENS_REF_V_HIGH_S050,MC_G0_D045_DENS_REF_V_HIGH,50,6.46000480652,21.7769737617,47.723663017,0,0,6.46000480652,
MC_G0_D045_DENS_REF_V_HIGH_S050,MC_G0_D045_DENS_REF_V_HIGH,50,6.47000646591,24.191034035,51.9631120478,0,0,6.47000646591,
MC_G0_D045_DENS_REF_V_HIGH_S050,MC_G0_D045_DENS_REF_V_HIGH,50,6.48000860214,24.2948439519,47.2382276612,0,0,6.48000860214,
MC_G0_D045_DENS_REF_V_HIGH_S050,MC_G0_D045_DENS_REF_V_HIGH,50,6.49001026154,22.7210766473,48.6658773492,0,0,6.49001026154,
MC_G0_D045_DENS_REF_V_HIGH_S050,MC_G0_D045_DENS_REF_V_HIGH,50,6.50001239777,22.1347653718,48.1923869749,0,0,6.50001239777,
MC_G0_D045_DENS_REF_V_HIGH_S050,MC_G0_D045_DENS_REF_V_HIGH,50,6.51001405716,20.924299005,51.2016735765,0,0,6.51001405716,
MC_G0_D045_DENS_REF_V_HIGH_S050,MC_G0_D045_DENS_REF_V_HIGH,50,6.52001619339,22.6651175974,49.8943029509,0,0,6.52001619339,
MC_G0_D045_DENS_REF_V_HIGH_S050,MC_G0_D045_DENS_REF_V_HIGH,50,6.53001832962,22.115703006,50.4839563077,0,0,6.53001832962,
MC_G0_D045_DENS_REF_V_HIGH_S050,MC_G0_D045_DENS_REF_V_HIGH,50,6.54001998901,23.3410440969,51.347931467,0,0,6.54001998901,
MC_G0_D045_DENS_REF_V_HIGH_S050,MC_G0_D045_DENS_REF_V_HIGH,50,6.55002212524,21.7160702859,49.7887923725,0,0,6.55002212524,
MC_G0_D045_DENS_REF_V_HIGH_S050,MC_G0_D045_DENS_REF_V_HIGH,50,6.56002378464,21.8257548745,48.7281903912,0,0,6.56002378464,
MC_G0_D045_DENS_REF_V_HIGH_S050,MC_G0_D045_DENS_REF_V_HIGH,50,6.57002592087,21.8029055176,49.6936146698,0,0,6.57002592087,
MC_G0_D045_DENS_REF_V_HIGH_S050,MC_G0_D045_DENS_REF_V_HIGH,50,6.58002758026,20.7321801995,46.3460316184,0,0,6.58002758026,
MC_G0_D045_DENS_REF_V_HIGH_S050,MC_G0_D045_DENS_REF_V_HIGH,50,6.59002971649,23.0388968496,50.2834269783,0,0,6.59002971649,
MC_G0_D045_DENS_REF_V_HIGH_S050,MC_G0_D045_DENS_REF_V_HIGH,50,6.60003185272,23.5173456519,48.6169833976,0,0,6.60003185272,
MC_G0_D045_DENS_REF_V_HIGH_S050,MC_G0_D045_DENS_REF_V_HIGH,50,6.61003351212,20.6223866217,51.3074900139,0,0,6.61003351212,
MC_G0_D045_DENS_REF_V_HIGH_S050,MC_G0_D045_DENS_REF_V_HIGH,50,6.62003564835,24.5482239019,50.3962752572,0,0,6.62003564835,
MC_G0_D045_DENS_REF_V_HIGH_S050,MC_G0_D045_DENS_REF_V_HIGH,50,6.63003730774,22.2903344164,51.8890529977,0,0,6.63003730774,
MC_G0_D045_DENS_REF_V_HIGH_S050,MC_G0_D045_DENS_REF_V_HIGH,50,6.64003944397,20.0931027973,52.6083870036,0,0,6.64003944397,
MC_G0_D045_DENS_REF_V_HIGH_S050,MC_G0_D045_DENS_REF_V_HIGH,50,6.65004110336,23.3423780634,60.4877637665,0,0,6.65004110336,
MC_G0_D045_DENS_REF_V_HIGH_S050,MC_G0_D045_DENS_REF_V_HIGH,50,6.66004323959,23.5107571775,56.0733991315,0,0,6.66004323959,
MC_G0_D045_DENS_REF_V_HIGH_S050,MC_G0_D045_DENS_REF_V_HIGH,50,6.67004489899,20.5594369119,48.4944769438,0,0,6.67004489899,
MC_G0_D045_DENS_REF_V_HIGH_S050,MC_G0_D045_DENS_REF_V_HIGH,50,6.68004703522,23.3619577442,54.0961634443,0,0,6.68004703522,
MC_G0_D045_DENS_REF_V_HIGH_S050,MC_G0_D045_DENS_REF_V_HIGH,50,6.69004917145,23.4400554186,50.1742141226,0,0,6.69004917145,
MC_G0_D045_DENS_REF_V_HIGH_S050,MC_G0_D045_DENS_REF_V_HIGH,50,6.70005083084,22.479062276,52.149189238,0,0,6.70005083084,
MC_G0_D045_DENS_REF_V_HIGH_S050,MC_G0_D045_DENS_REF_V_HIGH,50,6.71005296707,27.3264524215,53.1901005747,0,0,6.71005296707,
MC_G0_D045_DENS_REF_V_HIGH_S050,MC_G0_D045_DENS_REF_V_HIGH,50,6.72005462646,23.135673125,53.2234627007,0,0,6.72005462646,
MC_G0_D045_DENS_REF_V_HIGH_S050,MC_G0_D045_DENS_REF_V_HIGH,50,6.7300567627,24.9302157211,57.7566788407,0,0,6.7300567627,
MC_G0_D045_DENS_REF_V_HIGH_S050,MC_G0_D045_DENS_REF_V_HIGH,50,6.74005842209,22.8574605215,55.7580493519,0,0,6.74005842209,
MC_G0_D045_DENS_REF_V_HIGH_S050,MC_G0_D045_DENS_REF_V_HIGH,50,6.75006055832,22.4318177574,55.8903087123,0,0,6.75006055832,
MC_G0_D045_DENS_REF_V_HIGH_S050,MC_G0_D045_DENS_REF_V_HIGH,50,6.76006221771,20.3117980835,59.064392846,0,0,6.76006221771,
MC_G0_D045_DENS_REF_V_HIGH_S050,MC_G0_D045_DENS_REF_V_HIGH,50,6.77006435394,24.5010407857,60.9604163706,0,0,6.77006435394,
MC_G0_D045_DENS_REF_V_HIGH_S050,MC_G0_D045_DENS_REF_V_HIGH,50,6.78006601334,24.2712792573,53.7052994659,0,0,6.78006601334,
MC_G0_D045_DENS_REF_V_HIGH_S050,MC_G0_D045_DENS_REF_V_HIGH,50,6.79006814957,23.8065538848,55.2260988507,0,0,6.79006814957,
MC_G0_D045_DENS_REF_V_HIGH_S050,MC_G0_D045_DENS_REF_V_HIGH,50,6.8000702858,22.0620465449,54.9999900105,0,0,6.8000702858,
MC_G0_D045_DENS_REF_V_HIGH_S050,MC_G0_D045_DENS_REF_V_HIGH,50,6.81007194519,23.9486681351,54.6846781682,0,0,6.81007194519,
MC_G0_D045_DENS_REF_V_HIGH_S050,MC_G0_D045_DENS_REF_V_HIGH,50,6.82007408142,20.9143548911,51.1862099386,0,0,6.82007408142,
MC_G0_D045_DENS_REF_V_HIGH_S050,MC_G0_D045_DENS_REF_V_HIGH,50,6.83007574081,23.8821233166,53.9753421976,0,0,6.83007574081,
MC_G0_D045_DENS_REF_V_HIGH_S050,MC_G0_D045_DENS_REF_V_HIGH,50,6.84007787704,17.5425312399,50.5110671198,0,0,6.84007787704,
MC_G0_D045_DENS_REF_V_HIGH_S050,MC_G0_D045_DENS_REF_V_HIGH,50,6.85007953644,24.8547629537,58.2173824061,0,0,6.85007953644,
MC_G0_D045_DENS_REF_V_HIGH_S050,MC_G0_D045_DENS_REF_V_HIGH,50,6.86008167267,22.3539334563,59.4289749838,0,0,6.86008167267,
MC_G0_D045_DENS_REF_V_HIGH_S050,MC_G0_D045_DENS_REF_V_HIGH,50,6.87008333206,23.120982608,54.9876125456,0,0,6.87008333206,
MC_G0_D045_DENS_REF_V_HIGH_S050,MC_G0_D045_DENS_REF_V_HIGH,50,6.88008546829,21.6430429122,55.3417244646,0,0,6.88008546829,
MC_G0_D045_DENS_REF_V_HIGH_S050,MC_G0_D045_DENS_REF_V_HIGH,50,6.89008712769,26.4557944456,56.9725949438,0,0,6.89008712769,
MC_G0_D045_DENS_REF_V_HIGH_S050,MC_G0_D045_DENS_REF_V_HIGH,50,6.90008926392,20.6064296808,53.1090071503,0,0,6.90008926392,
MC_G0_D045_DENS_REF_V_HIGH_S050,MC_G0_D045_DENS_REF_V_HIGH,50,6.91009140015,23.6448768393,56.8379402371,0,0,6.91009140015,
MC_G0_D045_DENS_REF_V_HIGH_S050,MC_G0_D045_DENS_REF_V_HIGH,50,6.92009305954,20.7260691286,53.7602061265,0,0,6.92009305954,
MC_G0_D045_DENS_REF_V_HIGH_S050,MC_G0_D045_DENS_REF_V_HIGH,50,6.93009519577,21.3477051877,54.2606710635,0,0,6.93009519577,
MC_G0_D045_DENS_REF_V_HIGH_S050,MC_G0_D045_DENS_REF_V_HIGH,50,6.94000053406,24.7169806406,54.5798873279,0,0,6.94000053406,
MC_G0_D045_DENS_REF_V_HIGH_S050,MC_G0_D045_DENS_REF_V_HIGH,50,6.95000267029,28.3114323999,60.3406352536,0,0,6.95000267029,
MC_G0_D045_DENS_REF_V_HIGH_S050,MC_G0_D045_DENS_REF_V_HIGH,50,6.96000480652,23.4843802544,58.8052196495,0,0,6.96000480652,
MC_G0_D045_DENS_REF_V_HIGH_S050,MC_G0_D045_DENS_REF_V_HIGH,50,6.97000646591,25.2547257116,59.455548098,0,0,6.97000646591,
MC_G0_D045_DENS_REF_V_HIGH_S050,MC_G0_D045_DENS_REF_V_HIGH,50,6.98000860214,19.9469513411,56.9444701845,0,0,6.98000860214,
MC_G0_D045_DENS_REF_V_HIGH_S050,MC_G0_D045_DENS_REF_V_HIGH,50,6.99001026154,22.6080732606,58.4743007165,0,0,6.99001026154,
MC_G0_D045_DENS_REF_V_HIGH_S050,MC_G0_D045_DENS_REF_V_HIGH,50,7.00001239777,22.5854725832,58.4279761663,0,0,7.00001239777,
MC_G0_D045_DENS_REF_V_HIGH_S050,MC_G0_D045_DENS_REF_V_HIGH,50,7.01001405716,23.6500561292,58.8104244352,0,0,7.01001405716,
MC_G0_D045_DENS_REF_V_HIGH_S050,MC_G0_D045_DENS_REF_V_HIGH,50,7.02001619339,20.6466635837,54.1215870715,0,0,7.02001619339,
MC_G0_D045_DENS_REF_V_HIGH_S050,MC_G0_D045_DENS_REF_V_HIGH,50,7.03001785278,23.2170005641,60.4238953898,0,0,7.03001785278,
MC_G0_D045_DENS_REF_V_HIGH_S050,MC_G0_D045_DENS_REF_V_HIGH,50,7.04001998901,20.5398142495,57.2137519337,0,0,7.04001998901,
MC_G0_D045_DENS_REF_V_HIGH_S050,MC_G0_D045_DENS_REF_V_HIGH,50,7.05002164841,20.1082891385,55.9344396902,0,0,7.05002164841,
MC_G0_D045_DENS_REF_V_HIGH_S050,MC_G0_D045_DENS_REF_V_HIGH,50,7.06002378464,26.3389457355,60.5605883791,0,0,7.06002378464,
MC_G0_D045_DENS_REF_V_HIGH_S050,MC_G0_D045_DENS_REF_V_HIGH,50,7.07002544403,21.2970359519,52.453819863,0,0,7.07002544403,
MC_G0_D045_DENS_REF_V_HIGH_S050,MC_G0_D045_DENS_REF_V_HIGH,50,7.08002758026,24.4403322625,58.1914750358,0,0,7.08002758026,
MC_G0_D045_DENS_REF_V_HIGH_S050,MC_G0_D045_DENS_REF_V_HIGH,50,7.09002923965,23.972344889,63.6855398115,0,0,7.09002923965,
MC_G0_D045_DENS_REF_V_HIGH_S050,MC_G0_D045_DENS_REF_V_HIGH,50,7.10003137589,26.6640129525,58.5617678541,0,0,7.10003137589,
MC_G0_D045_DENS_REF_V_HIGH_S050,MC_G0_D045_DENS_REF_V_HIGH,50,7.11003351212,23.6271668608,59.5836633351,0,0,7.11003351212,
MC_G0_D045_DENS_REF_V_HIGH_S050,MC_G0_D045_DENS_REF_V_HIGH,50,7.12003517151,20.9818775424,62.6373379545,0,0,7.12003517151,
MC_G0_D045_DENS_REF_V_HIGH_S050,MC_G0_D045_DENS_REF_V_HIGH,50,7.13003730774,20.3827254962,58.920864095,0,0,7.13003730774,
MC_G0_D045_DENS_REF_V_HIGH_S050,MC_G0_D045_DENS_REF_V_HIGH,50,7.14003896713,28.4506223624,61.8257158072,0,0,7.14003896713,
MC_G0_D045_DENS_REF_V_HIGH_S050,MC_G0_D045_DENS_REF_V_HIGH,50,7.15004110336,21.3188829152,59.8057410442,0,0,7.15004110336,
MC_G0_D045_DENS_REF_V_HIGH_S050,MC_G0_D045_DENS_REF_V_HIGH,50,7.16004276276,23.0378468691,61.6706538134,0,0,7.16004276276,
MC_G0_D045_DENS_REF_V_HIGH_S050,MC_G0_D045_DENS_REF_V_HIGH,50,7.17004489899,26.0067957551,64.5314314817,0,0,7.17004489899,
MC_G0_D045_DENS_REF_V_HIGH_S050,MC_G0_D045_DENS_REF_V_HIGH,50,7.18004655838,19.6026191305,57.8203255734,0,0,7.18004655838,
MC_G0_D045_DENS_REF_V_HIGH_S050,MC_G0_D045_DENS_REF_V_HIGH,50,7.19004869461,23.7977441797,58.7533577414,0,0,7.19004869461,
MC_G0_D045_DENS_REF_V_HIGH_S050,MC_G0_D045_DENS_REF_V_HIGH,50,7.200050354,21.8452209609,57.4385652587,0,0,7.200050354,
MC_G0_D045_DENS_REF_V_HIGH_S050,MC_G0_D045_DENS_REF_V_HIGH,50,7.21005249023,26.7185843089,65.7589924934,0,0,7.21005249023,
MC_G0_D045_DENS_REF_V_HIGH_S050,MC_G0_D045_DENS_REF_V_HIGH,50,7.22005414963,22.2063897013,60.9612470276,0,0,7.22005414963,
MC_G0_D045_DENS_REF_V_HIGH_S050,MC_G0_D045_DENS_REF_V_HIGH,50,7.23005628586,19.4751570207,60.3412065649,0,0,7.23005628586,
MC_G0_D045_DENS_REF_V_HIGH_S050,MC_G0_D045_DENS_REF_V_HIGH,50,7.24005794525,24.241737042,65.650103839,0,0,7.24005794525,
MC_G0_D045_DENS_REF_V_HIGH_S050,MC_G0_D045_DENS_REF_V_HIGH,50,7.25006008148,21.1240746859,58.8960889365,0,0,7.25006008148,
MC_G0_D045_DENS_REF_V_HIGH_S050,MC_G0_D045_DENS_REF_V_HIGH,50,7.26006174088,23.6171859055,68.3266089312,0,0,7.26006174088,
MC_G0_D045_DENS_REF_V_HIGH_S050,MC_G0_D045_DENS_REF_V_HIGH,50,7.27006387711,20.6316507043,63.2194945447,0,0,7.27006387711,
MC_G0_D045_DENS_REF_V_HIGH_S050,MC_G0_D045_DENS_REF_V_HIGH,50,7.28006601334,24.7283707802,62.5971177761,0,0,7.28006601334,
MC_G0_D045_DENS_REF_V_HIGH_S050,MC_G0_D045_DENS_REF_V_HIGH,50,7.29006767273,23.7116657323,62.9776433525,0,0,7.29006767273,
MC_G0_D045_DENS_REF_V_HIGH_S050,MC_G0_D045_DENS_REF_V_HIGH,50,7.30006980896,24.0197521238,61.6865290107,0,0,7.30006980896,
MC_G0_D045_DENS_REF_V_HIGH_S050,MC_G0_D045_DENS_REF_V_HIGH,50,7.31007146835,26.5546369108,61.7206752803,0,0,7.31007146835,
MC_G0_D045_DENS_REF_V_HIGH_S050,MC_G0_D045_DENS_REF_V_HIGH,50,7.32007360458,22.3391784667,60.1821083955,0,0,7.32007360458,
MC_G0_D045_DENS_REF_V_HIGH_S050,MC_G0_D045_DENS_REF_V_HIGH,50,7.33007526398,24.3601469075,65.7637898337,0,0,7.33007526398,
MC_G0_D045_DENS_REF_V_HIGH_S050,MC_G0_D045_DENS_REF_V_HIGH,50,7.34007740021,22.9563306177,63.2840331513,0,0,7.34007740021,
MC_G0_D045_DENS_REF_V_HIGH_S050,MC_G0_D045_DENS_REF_V_HIGH,50,7.3500790596,23.6208700477,64.4578093087,0,0,7.3500790596,
MC_G0_D045_DENS_REF_V_HIGH_S050,MC_G0_D045_DENS_REF_V_HIGH,50,7.36008119583,23.0921342395,64.9146805118,0,0,7.36008119583,
MC_G0_D045_DENS_REF_V_HIGH_S050,MC_G0_D045_DENS_REF_V_HIGH,50,7.37008285522,19.5610681467,64.5863705071,0,0,7.37008285522,
MC_G0_D045_DENS_REF_V_HIGH_S050,MC_G0_D045_DENS_REF_V_HIGH,50,7.38008499146,20.9471805981,58.1761041366,0,0,7.38008499146,
MC_G0_D045_DENS_REF_V_HIGH_S050,MC_G0_D045_DENS_REF_V_HIGH,50,7.39008665085,22.4867805539,62.4234475946,0,0,7.39008665085,
MC_G0_D045_DENS_REF_V_HIGH_S050,MC_G0_D045_DENS_REF_V_HIGH,50,7.40008878708,22.0394136314,63.9095808161,0,0,7.40008878708,
MC_G0_D045_DENS_REF_V_HIGH_S050,MC_G0_D045_DENS_REF_V_HIGH,50,7.41009044647,23.394649901,63.0789727605,0,0,7.41009044647,
MC_G0_D045_DENS_REF_V_HIGH_S050,MC_G0_D045_DENS_REF_V_HIGH,50,7.4200925827,23.9295290164,61.8081231538,0,0,7.4200925827,
MC_G0_D045_DENS_REF_V_HIGH_S050,MC_G0_D045_DENS_REF_V_HIGH,50,7.4300942421,25.8852528338,62.3692408708,0,0,7.4300942421,
MC_G0_D045_DENS_REF_V_HIGH_S050,MC_G0_D045_DENS_REF_V_HIGH,50,7.44000005722,22.7094055918,60.2753176811,0,0,7.44000005722,
MC_G0_D045_DENS_REF_V_HIGH_S050,MC_G0_D045_DENS_REF_V_HIGH,50,7.45000219345,23.0511696483,64.2376963326,0,0,7.45000219345,
MC_G0_D045_DENS_REF_V_HIGH_S050,MC_G0_D045_DENS_REF_V_HIGH,50,7.46000385284,26.6407721554,68.0535732421,0,0,7.46000385284,
MC_G0_D045_DENS_REF_V_HIGH_S050,MC_G0_D045_DENS_REF_V_HIGH,50,7.47000598907,22.6345407522,64.2094598914,0,0,7.47000598907,
MC_G0_D045_DENS_REF_V_HIGH_S050,MC_G0_D045_DENS_REF_V_HIGH,50,7.48000764847,21.138998532,64.1274367244,0,0,7.48000764847,
MC_G0_D045_DENS_REF_V_HIGH_S050,MC_G0_D045_DENS_REF_V_HIGH,50,7.4900097847,21.090215884,65.2123847642,0,0,7.4900097847,
MC_G0_D045_DENS_REF_V_HIGH_S050,MC_G0_D045_DENS_REF_V_HIGH,50,7.50001144409,23.1397456372,68.8420351683,0,0,7.50001144409,
MC_G0_D045_DENS_REF_V_HIGH_S050,MC_G0_D045_DENS_REF_V_HIGH,50,7.51001358032,24.1002767269,65.5304073114,0,0,7.51001358032,
MC_G0_D045_DENS_REF_V_HIGH_S050,MC_G0_D045_DENS_REF_V_HIGH,50,7.52001523972,24.8143740098,66.952565624,0,0,7.52001523972,
MC_G0_D045_DENS_REF_V_HIGH_S050,MC_G0_D045_DENS_REF_V_HIGH,50,7.53001737595,23.4479839996,64.4486717567,0,0,7.53001737595,
MC_G0_D045_DENS_REF_V_HIGH_S050,MC_G0_D045_DENS_REF_V_HIGH,50,7.54001903534,24.7560954853,64.9963313625,0,0,7.54001903534,
MC_G0_D045_DENS_REF_V_HIGH_S050,MC_G0_D045_DENS_REF_V_HIGH,50,7.55002117157,22.7153846476,64.5459789297,0,0,7.55002117157,
MC_G0_D045_DENS_REF_V_HIGH_S050,MC_G0_D045_DENS_REF_V_HIGH,50,7.56002283096,25.8449298974,66.6483308161,0,0,7.56002283096,
MC_G0_D045_DENS_REF_V_HIGH_S050,MC_G0_D045_DENS_REF_V_HIGH,50,7.57002496719,25.0051895499,68.7845323099,0,0,7.57002496719,
MC_G0_D045_DENS_REF_V_HIGH_S050,MC_G0_D045_DENS_REF_V_HIGH,50,7.58002662659,26.1715966461,68.1432949984,0,0,7.58002662659,
MC_G0_D045_DENS_REF_V_HIGH_S050,MC_G0_D045_DENS_REF_V_HIGH,50,7.59002876282,23.0239346271,66.9508340763,0,0,7.59002876282,
MC_G0_D045_DENS_REF_V_HIGH_S050,MC_G0_D045_DENS_REF_V_HIGH,50,7.60003042221,22.6394560119,66.16720364,0,0,7.60003042221,
MC_G0_D045_DENS_REF_V_HIGH_S050,MC_G0_D045_DENS_REF_V_HIGH,50,7.61003255844,23.2547967929,69.1690049067,0,0,7.61003255844,
MC_G0_D045_DENS_REF_V_HIGH_S050,MC_G0_D045_DENS_REF_V_HIGH,50,7.62003469467,21.28584537,65.3452200625,0,0,7.62003469467,
MC_G0_D045_DENS_REF_V_HIGH_S050,MC_G0_D045_DENS_REF_V_HIGH,50,7.63003635406,21.9954572097,65.692717376,0,0,7.63003635406,
MC_G0_D045_DENS_REF_V_HIGH_S050,MC_G0_D045_DENS_REF_V_HIGH,50,7.6400384903,22.8650314337,66.2117623489,0,0,7.6400384903,
MC_G0_D045_DENS_REF_V_HIGH_S050,MC_G0_D045_DENS_REF_V_HIGH,50,7.65004014969,23.0972229609,67.4575143263,0,0,7.65004014969,
MC_G0_D045_DENS_REF_V_HIGH_S050,MC_G0_D045_DENS_REF_V_HIGH,50,7.66004228592,23.3428692824,65.55587082,0,0,7.66004228592,
MC_G0_D045_DENS_REF_V_HIGH_S050,MC_G0_D045_DENS_REF_V_HIGH,50,7.67004394531,22.866799822,65.7708209715,0,0,7.67004394531,
MC_G0_D045_DENS_REF_V_HIGH_S050,MC_G0_D045_DENS_REF_V_HIGH,50,7.68004608154,27.025233885,69.1668194915,0,0,7.68004608154,
MC_G0_D045_DENS_REF_V_HIGH_S050,MC_G0_D045_DENS_REF_V_HIGH,50,7.69004774094,24.444257409,67.7959849237,0,0,7.69004774094,
MC_G0_D045_DENS_REF_V_HIGH_S050,MC_G0_D045_DENS_REF_V_HIGH,50,7.70004987717,20.7834358279,68.6200644413,0,0,7.70004987717,
MC_G0_D045_DENS_REF_V_HIGH_S050,MC_G0_D045_DENS_REF_V_HIGH,50,7.71005153656,24.3401558308,70.798691794,0,0,7.71005153656,
MC_G0_D045_DENS_REF_V_HIGH_S050,MC_G0_D045_DENS_REF_V_HIGH,50,7.72005367279,19.707351618,67.5809591812,0,0,7.72005367279,
MC_G0_D045_DENS_REF_V_HIGH_S050,MC_G0_D045_DENS_REF_V_HIGH,50,7.73005533218,22.2183063663,80.1400864097,0,0,7.73005533218,
MC_G0_D045_DENS_REF_V_HIGH_S050,MC_G0_D045_DENS_REF_V_HIGH,50,7.74005746841,24.9308850069,72.6708220072,0,0,7.74005746841,
MC_G0_D045_DENS_REF_V_HIGH_S050,MC_G0_D045_DENS_REF_V_HIGH,50,7.75005912781,24.1304068699,68.0447981218,0,0,7.75005912781,
MC_G0_D045_DENS_REF_V_HIGH_S050,MC_G0_D045_DENS_REF_V_HIGH,50,7.76006126404,22.1898018511,66.5054057446,0,0,7.76006126404,
MC_G0_D045_DENS_REF_V_HIGH_S050,MC_G0_D045_DENS_REF_V_HIGH,50,7.77006292343,24.3804250401,69.8311097162,0,0,7.77006292343,
MC_G0_D045_DENS_REF_V_HIGH_S050,MC_G0_D045_DENS_REF_V_HIGH,50,7.78006505966,22.8251214283,68.0151227203,0,0,7.78006505966,
MC_G0_D045_DENS_REF_V_HIGH_S050,MC_G0_D045_DENS_REF_V_HIGH,50,7.79006671906,24.4731211281,70.1463449781,0,0,7.79006671906,
MC_G0_D045_DENS_REF_V_HIGH_S050,MC_G0_D045_DENS_REF_V_HIGH,50,7.80006885529,26.0109404151,69.2432067348,0,0,7.80006885529,
MC_G0_D045_DENS_REF_V_HIGH_S050,MC_G0_D045_DENS_REF_V_HIGH,50,7.81007051468,22.354446166,64.9733654313,0,0,7.81007051468,
MC_G0_D045_DENS_REF_V_HIGH_S050,MC_G0_D045_DENS_REF_V_HIGH,50,7.82007265091,22.2617546833,72.5531745068,0,0,7.82007265091,
MC_G0_D045_DENS_REF_V_HIGH_S050,MC_G0_D045_DENS_REF_V_HIGH,50,7.8300743103,23.5835788533,71.8480144728,0,0,7.8300743103,
MC_G0_D045_DENS_REF_V_HIGH_S050,MC_G0_D045_DENS_REF_V_HIGH,50,7.84007644653,24.640614513,70.1991909732,0,0,7.84007644653,
MC_G0_D045_DENS_REF_V_HIGH_S050,MC_G0_D045_DENS_REF_V_HIGH,50,7.85007810593,22.9477434962,68.4001455712,0,0,7.85007810593,
MC_G0_D045_DENS_REF_V_HIGH_S050,MC_G0_D045_DENS_REF_V_HIGH,50,7.86008024216,23.4120006757,72.9272875917,0,0,7.86008024216,
MC_G0_D045_DENS_REF_V_HIGH_S050,MC_G0_D045_DENS_REF_V_HIGH,50,7.87008190155,24.9203191941,71.7700102825,0,0,7.87008190155,
MC_G0_D045_DENS_REF_V_HIGH_S050,MC_G0_D045_DENS_REF_V_HIGH,50,7.88008403778,21.279706668,71.015187251,0,0,7.88008403778,
MC_G0_D045_DENS_REF_V_HIGH_S050,MC_G0_D045_DENS_REF_V_HIGH,50,7.89008569717,26.2729412578,71.0604697052,0,0,7.89008569717,
MC_G0_D045_DENS_REF_V_HIGH_S050,MC_G0_D045_DENS_REF_V_HIGH,50,7.9000878334,26.179520622,70.7117090824,0,0,7.9000878334,
MC_G0_D045_DENS_REF_V_HIGH_S050,MC_G0_D045_DENS_REF_V_HIGH,50,7.9100894928,25.5081486432,70.8198261948,0,0,7.9100894928,
MC_G0_D045_DENS_REF_V_HIGH_S050,MC_G0_D045_DENS_REF_V_HIGH,50,7.92009162903,24.7012769845,70.2893100278,0,0,7.92009162903,
MC_G0_D045_DENS_REF_V_HIGH_S050,MC_G0_D045_DENS_REF_V_HIGH,50,7.93009328842,23.6160683824,70.894171596,0,0,7.93009328842,
MC_G0_D045_DENS_REF_V_HIGH_S050,MC_G0_D045_DENS_REF_V_HIGH,50,7.94009542465,22.9650098427,72.3110120354,0,0,7.94009542465,
MC_G0_D045_DENS_REF_V_HIGH_S050,MC_G0_D045_DENS_REF_V_HIGH,50,7.95000123978,23.4120620781,74.1645459985,0,0,7.95000123978,
MC_G0_D045_DENS_REF_V_HIGH_S050,MC_G0_D045_DENS_REF_V_HIGH,50,7.96000289917,21.8384559548,72.0196185799,0,0,7.96000289917,
MC_G0_D045_DENS_REF_V_HIGH_S050,MC_G0_D045_DENS_REF_V_HIGH,50,7.9700050354,16.4026898791,76.6301870142,0,0,7.9700050354,
MC_G0_D045_DENS_REF_V_HIGH_S050,MC_G0_D045_DENS_REF_V_HIGH,50,7.98000669479,24.0338055913,68.4721296658,0,0,7.98000669479,
MC_G0_D045_DENS_REF_V_HIGH_S050,MC_G0_D045_DENS_REF_V_HIGH,50,7.99000883102,25.2748303826,71.8340634987,0,0,7.99000883102,
MC_G0_D045_DENS_REF_V_HIGH_S050,MC_G0_D045_DENS_REF_V_HIGH,50,8.00001049042,26.3786147366,73.6606569706,0,0,8.00001049042,
MC_G0_D045_DENS_REF_V_HIGH_S050,MC_G0_D045_DENS_REF_V_HIGH,50,8.01001262665,24.3811188869,72.8407589037,0,0,8.01001262665,
MC_G0_D045_DENS_REF_V_HIGH_S050,MC_G0_D045_DENS_REF_V_HIGH,50,8.02001476288,24.4079072059,72.889023689,0,0,8.02001476288,
MC_G0_D045_DENS_REF_V_HIGH_S050,MC_G0_D045_DENS_REF_V_HIGH,50,8.03001594543,27.0982934949,74.8421155755,0,0,8.03001594543,
MC_G0_D045_DENS_REF_V_HIGH_S050,MC_G0_D045_DENS_REF_V_HIGH,50,8.04001808167,24.0414194852,70.5531889125,0,0,8.04001808167,
MC_G0_D045_DENS_REF_V_HIGH_S050,MC_G0_D045_DENS_REF_V_HIGH,50,8.0500202179,23.565409892,72.0336179621,0,0,8.0500202179,
MC_G0_D045_DENS_REF_V_HIGH_S050,MC_G0_D045_DENS_REF_V_HIGH,50,8.06002140045,22.7148136056,73.2542869306,0,0,8.06002140045,
MC_G0_D045_DENS_REF_V_HIGH_S050,MC_G0_D045_DENS_REF_V_HIGH,50,8.07002353668,27.8108802795,77.0711805049,0,0,8.07002353668,
MC_G0_D045_DENS_REF_V_HIGH_S050,MC_G0_D045_DENS_REF_V_HIGH,50,8.08002567291,22.9817112873,72.4984314682,0,0,8.08002567291,
MC_G0_D045_DENS_REF_V_HIGH_S050,MC_G0_D045_DENS_REF_V_HIGH,50,8.09002780914,19.4080994924,71.6250005534,0,0,8.09002780914,
MC_G0_D045_DENS_REF_V_HIGH_S050,MC_G0_D045_DENS_REF_V_HIGH,50,8.1000289917,23.2631321647,77.942002688,0,0,8.1000289917,
MC_G0_D045_DENS_REF_V_HIGH_S050,MC_G0_D045_DENS_REF_V_HIGH,50,8.11003112793,23.2296233563,73.6754029162,0,0,8.11003112793,
MC_G0_D045_DENS_REF_V_HIGH_S050,MC_G0_D045_DENS_REF_V_HIGH,50,8.12003326416,25.7298065938,75.5952693295,0,0,8.12003326416,
MC_G0_D045_DENS_REF_V_HIGH_S050,MC_G0_D045_DENS_REF_V_HIGH,50,8.13003540039,22.1348513351,74.3439357772,0,0,8.13003540039,
MC_G0_D045_DENS_REF_V_HIGH_S050,MC_G0_D045_DENS_REF_V_HIGH,50,8.14003658295,25.7819249255,76.1263594783,0,0,8.14003658295,
MC_G0_D045_DENS_REF_V_HIGH_S050,MC_G0_D045_DENS_REF_V_HIGH,50,8.15003871918,23.1178956038,71.5280208852,0,0,8.15003871918,
MC_G0_D045_DENS_REF_V_HIGH_S050,MC_G0_D045_DENS_REF_V_HIGH,50,8.16004085541,24.3403277575,73.6865120289,0,0,8.16004085541,
MC_G0_D045_DENS_REF_V_HIGH_S050,MC_G0_D045_DENS_REF_V_HIGH,50,8.17004299164,24.225232085,74.3078581278,0,0,8.17004299164,
MC_G0_D045_DENS_REF_V_HIGH_S050,MC_G0_D045_DENS_REF_V_HIGH,50,8.18004417419,22.8221679743,72.9238872222,0,0,8.18004417419,
MC_G0_D045_DENS_REF_V_HIGH_S050,MC_G0_D045_DENS_REF_V_HIGH,50,8.19004631042,23.9742238015,74.7356713389,0,0,8.19004631042,
MC_G0_D045_DENS_REF_V_HIGH_S050,MC_G0_D045_DENS_REF_V_HIGH,50,8.20004844666,24.8162391068,77.93587948,0,0,8.20004844666,
MC_G0_D045_DENS_REF_V_HIGH_S050,MC_G0_D045_DENS_REF_V_HIGH,50,8.21005058289,22.1383497351,76.9436533574,0,0,8.21005058289,
MC_G0_D045_DENS_REF_V_HIGH_S050,MC_G0_D045_DENS_REF_V_HIGH,50,8.22005176544,26.3959670464,80.9316919346,0,0,8.22005176544,
MC_G0_D045_DENS_REF_V_HIGH_S050,MC_G0_D045_DENS_REF_V_HIGH,50,8.23005390167,25.8110941214,80.5046088741,0,0,8.23005390167,
MC_G0_D045_DENS_REF_V_HIGH_S050,MC_G0_D045_DENS_REF_V_HIGH,50,8.2400560379,21.5513983399,71.4537999586,0,0,8.2400560379,
MC_G0_D045_DENS_REF_V_HIGH_S050,MC_G0_D045_DENS_REF_V_HIGH,50,8.25005817413,26.9186455109,77.8762302651,0,0,8.25005817413,
MC_G0_D045_DENS_REF_V_HIGH_S050,MC_G0_D045_DENS_REF_V_HIGH,50,8.26005935669,24.0066795593,74.7955897933,0,0,8.26005935669,
MC_G0_D045_DENS_REF_V_HIGH_S050,MC_G0_D045_DENS_REF_V_HIGH,50,8.27006149292,26.295147425,78.1864985444,0,0,8.27006149292,
MC_G0_D045_DENS_REF_V_HIGH_S050,MC_G0_D045_DENS_REF_V_HIGH,50,8.28006362915,22.4541958512,74.2317611752,0,0,8.28006362915,
MC_G0_D045_DENS_REF_V_HIGH_S050,MC_G0_D045_DENS_REF_V_HIGH,50,8.29006576538,27.6509608769,79.5243085232,0,0,8.29006576538,
MC_G0_D045_DENS_REF_V_HIGH_S050,MC_G0_D045_DENS_REF_V_HIGH,50,8.30006694794,23.9176154215,76.4449682205,0,0,8.30006694794,
MC_G0_D045_DENS_REF_V_HIGH_S050,MC_G0_D045_DENS_REF_V_HIGH,50,8.31006908417,24.4391180306,77.427320624,0,0,8.31006908417,
MC_G0_D045_DENS_REF_V_HIGH_S050,MC_G0_D045_DENS_REF_V_HIGH,50,8.3200712204,22.3752124476,75.4289174933,0,0,8.3200712204,
MC_G0_D045_DENS_REF_V_HIGH_S050,MC_G0_D045_DENS_REF_V_HIGH,50,8.33007335663,18.064839755,74.1583939142,0,0,8.33007335663,
MC_G0_D045_DENS_REF_V_HIGH_S050,MC_G0_D045_DENS_REF_V_HIGH,50,8.34007453918,23.4504431645,76.4621898689,0,0,8.34007453918,
MC_G0_D045_DENS_REF_V_HIGH_S050,MC_G0_D045_DENS_REF_V_HIGH,50,8.35007667542,22.4684872528,78.0393994149,0,0,8.35007667542,
MC_G0_D045_DENS_REF_V_HIGH_S050,MC_G0_D045_DENS_REF_V_HIGH,50,8.36007881165,23.6806513952,77.5309138396,0,0,8.36007881165,
MC_G0_D045_DENS_REF_V_HIGH_S050,MC_G0_D045_DENS_REF_V_HIGH,50,8.37008094788,22.1538215973,77.1907395108,0,0,8.37008094788,
MC_G0_D045_DENS_REF_V_HIGH_S050,MC_G0_D045_DENS_REF_V_HIGH,50,8.38008213043,26.0741909964,78.1798506354,0,0,8.38008213043,
MC_G0_D045_DENS_REF_V_HIGH_S050,MC_G0_D045_DENS_REF_V_HIGH,50,8.39008426666,24.4822010035,76.828207422,0,0,8.39008426666,
MC_G0_D045_DENS_REF_V_HIGH_S050,MC_G0_D045_DENS_REF_V_HIGH,50,8.40008640289,24.6194061344,78.6621029039,0,0,8.40008640289,
MC_G0_D045_DENS_REF_V_HIGH_S050,MC_G0_D045_DENS_REF_V_HIGH,50,8.41008758545,24.2675291076,77.787844541,0,0,8.41008758545,
MC_G0_D045_DENS_REF_V_HIGH_S050,MC_G0_D045_DENS_REF_V_HIGH,50,8.42008972168,25.7374496538,82.2166113741,0,0,8.42008972168,
MC_G0_D045_DENS_REF_V_HIGH_S050,MC_G0_D045_DENS_REF_V_HIGH,50,8.43009185791,26.5184924057,79.4861355982,0,0,8.43009185791,
MC_G0_D045_DENS_REF_V_HIGH_S050,MC_G0_D045_DENS_REF_V_HIGH,50,8.44009399414,24.5113748046,80.534653851,0,0,8.44009399414,
MC_G0_D045_DENS_REF_V_HIGH_S050,MC_G0_D045_DENS_REF_V_HIGH,50,8.4500951767,22.9450233713,83.3627959682,0,0,8.4500951767,
MC_G0_D045_DENS_REF_V_HIGH_S050,MC_G0_D045_DENS_REF_V_HIGH,50,8.46000099182,23.8873087468,80.0532641861,0,0,8.46000099182,
MC_G0_D045_DENS_REF_V_HIGH_S050,MC_G0_D045_DENS_REF_V_HIGH,50,8.47000312805,23.5685414129,77.0156923446,0,0,8.47000312805,
MC_G0_D045_DENS_REF_V_HIGH_S050,MC_G0_D045_DENS_REF_V_HIGH,50,8.48000526428,24.2062879188,79.0863794198,0,0,8.48000526428,
MC_G0_D045_DENS_REF_V_HIGH_S050,MC_G0_D045_DENS_REF_V_HIGH,50,8.49000740051,24.4422664371,80.9633275894,0,0,8.49000740051,
MC_G0_D045_DENS_REF_V_HIGH_S050,MC_G0_D045_DENS_REF_V_HIGH,50,8.50000858307,24.2356582074,78.309045251,0,0,8.50000858307,
MC_G0_D045_DENS_REF_V_HIGH_S050,MC_G0_D045_DENS_REF_V_HIGH,50,8.5100107193,27.2164439353,84.1401595113,0,0,8.5100107193,
MC_G0_D045_DENS_REF_V_HIGH_S050,MC_G0_D045_DENS_REF_V_HIGH,50,8.52001285553,25.2753707234,75.450255979,0,0,8.52001285553,
MC_G0_D045_DENS_REF_V_HIGH_S050,MC_G0_D045_DENS_REF_V_HIGH,50,8.53001403809,23.2409536286,77.9598943456,0,0,8.53001403809,
MC_G0_D045_DENS_REF_V_HIGH_S050,MC_G0_D045_DENS_REF_V_HIGH,50,8.54001617432,24.4413223757,84.1444965416,0,0,8.54001617432,
MC_G0_D045_DENS_REF_V_HIGH_S050,MC_G0_D045_DENS_REF_V_HIGH,50,8.55001831055,24.488949124,82.4947860718,0,0,8.55001831055,
MC_G0_D045_DENS_REF_V_HIGH_S050,MC_G0_D045_DENS_REF_V_HIGH,50,8.56002044678,24.5202443769,82.485274802,0,0,8.56002044678,
MC_G0_D045_DENS_REF_V_HIGH_S050,MC_G0_D045_DENS_REF_V_HIGH,50,8.57002162933,26.5860258023,79.6004342343,0,0,8.57002162933,
MC_G0_D045_DENS_REF_V_HIGH_S050,MC_G0_D045_DENS_REF_V_HIGH,50,8.58002376556,23.2703070316,80.7153890743,0,0,8.58002376556,
MC_G0_D045_DENS_REF_V_HIGH_S050,MC_G0_D045_DENS_REF_V_HIGH,50,8.59002590179,20.2516375764,76.2495115025,0,0,8.59002590179,
MC_G0_D045_DENS_REF_V_HIGH_S050,MC_G0_D045_DENS_REF_V_HIGH,50,8.60002803802,25.8329195938,82.307297157,0,0,8.60002803802,
MC_G0_D045_DENS_REF_V_HIGH_S050,MC_G0_D045_DENS_REF_V_HIGH,50,8.61002922058,21.2344116747,81.5561475496,0,0,8.61002922058,
MC_G0_D045_DENS_REF_V_HIGH_S050,MC_G0_D045_DENS_REF_V_HIGH,50,8.62003135681,24.9347917327,79.2422327362,0,0,8.62003135681,
MC_G0_D045_DENS_REF_V_HIGH_S050,MC_G0_D045_DENS_REF_V_HIGH,50,8.63003349304,23.769070808,79.7652245227,0,0,8.63003349304,
MC_G0_D045_DENS_REF_V_HIGH_S050,MC_G0_D045_DENS_REF_V_HIGH,50,8.6400346756,26.2741355339,81.2312168491,0,0,8.6400346756,
MC_G0_D045_DENS_REF_V_HIGH_S050,MC_G0_D045_DENS_REF_V_HIGH,50,8.65003681183,25.6606276136,80.735741102,0,0,8.65003681183,
MC_G0_D045_DENS_REF_V_HIGH_S050,MC_G0_D045_DENS_REF_V_HIGH,50,8.66003894806,23.5133145863,82.7509429476,0,0,8.66003894806,
MC_G0_D045_DENS_REF_V_HIGH_S050,MC_G0_D045_DENS_REF_V_HIGH,50,8.67004108429,25.5774166569,84.0347539335,0,0,8.67004108429,
MC_G0_D045_DENS_REF_V_HIGH_S050,MC_G0_D045_DENS_REF_V_HIGH,50,8.68004226685,27.1341801101,85.8547152029,0,0,8.68004226685,
MC_G0_D045_DENS_REF_V_HIGH_S050,MC_G0_D045_DENS_REF_V_HIGH,50,8.69004440308,24.4064519697,86.3165743258,0,0,8.69004440308,
MC_G0_D045_DENS_REF_V_HIGH_S050,MC_G0_D045_DENS_REF_V_HIGH,50,8.70004653931,22.1445513745,78.9178985838,0,0,8.70004653931,
MC_G0_D045_DENS_REF_V_HIGH_S050,MC_G0_D045_DENS_REF_V_HIGH,50,8.71004867554,26.5776198179,88.9717054741,0,0,8.71004867554,
MC_G0_D045_DENS_REF_V_HIGH_S050,MC_G0_D045_DENS_REF_V_HIGH,50,8.72004985809,26.2347981056,83.8286354612,0,0,8.72004985809,
MC_G0_D045_DENS_REF_V_HIGH_S050,MC_G0_D045_DENS_REF_V_HIGH,50,8.73005199432,22.3910481188,82.2590327963,0,0,8.73005199432,
MC_G0_D045_DENS_REF_V_HIGH_S050,MC_G0_D045_DENS_REF_V_HIGH,50,8.74005413055,24.7618534926,80.1929388067,0,0,8.74005413055,
MC_G0_D045_DENS_REF_V_HIGH_S050,MC_G0_D045_DENS_REF_V_HIGH,50,8.75005626678,25.5826773049,82.8417467058,0,0,8.75005626678,
MC_G0_D045_DENS_REF_V_HIGH_S050,MC_G0_D045_DENS_REF_V_HIGH,50,8.76005744934,24.8530697834,82.7918394471,0,0,8.76005744934,
MC_G0_D045_DENS_REF_V_HIGH_S050,MC_G0_D045_DENS_REF_V_HIGH,50,8.77005958557,25.5623285595,84.2983120015,0,0,8.77005958557,
MC_G0_D045_DENS_REF_V_HIGH_S050,MC_G0_D045_DENS_REF_V_HIGH,50,8.7800617218,24.6590444344,84.8408903024,0,0,8.7800617218,
MC_G0_D045_DENS_REF_V_HIGH_S050,MC_G0_D045_DENS_REF_V_HIGH,50,8.79006290436,27.4813491102,86.0679165235,0,0,8.79006290436,
MC_G0_D045_DENS_REF_V_HIGH_S050,MC_G0_D045_DENS_REF_V_HIGH,50,8.80006504059,26.3462741084,87.978372836,0,0,8.80006504059,
MC_G0_D045_DENS_REF_V_HIGH_S050,MC_G0_D045_DENS_REF_V_HIGH,50,8.81006717682,26.2219926413,91.66834368,0,0,8.81006717682,
MC_G0_D045_DENS_REF_V_HIGH_S050,MC_G0_D045_DENS_REF_V_HIGH,50,8.82006931305,22.4207530504,92.5726946837,0,0,8.82006931305,
MC_G0_D045_DENS_REF_V_HIGH_S050,MC_G0_D045_DENS_REF_V_HIGH,50,8.83007049561,22.1001359701,84.3976443673,0,0,8.83007049561,
MC_G0_D045_DENS_REF_V_HIGH_S050,MC_G0_D045_DENS_REF_V_HIGH,50,8.84007263184,24.7954805005,84.6124131912,0,0,8.84007263184,
MC_G0_D045_DENS_REF_V_HIGH_S050,MC_G0_D045_DENS_REF_V_HIGH,50,8.85007476807,24.4256371403,84.7864601374,0,0,8.85007476807,
MC_G0_D045_DENS_REF_V_HIGH_S050,MC_G0_D045_DENS_REF_V_HIGH,50,8.8600769043,26.6590393605,86.092868863,0,0,8.8600769043,
MC_G0_D045_DENS_REF_V_HIGH_S050,MC_G0_D045_DENS_REF_V_HIGH,50,8.87007808685,27.2884167233,88.3871136489,0,0,8.87007808685,
MC_G0_D045_DENS_REF_V_HIGH_S050,MC_G0_D045_DENS_REF_V_HIGH,50,8.88008022308,26.4086067243,84.1353804127,0,0,8.88008022308,
MC_G0_D045_DENS_REF_V_HIGH_S050,MC_G0_D045_DENS_REF_V_HIGH,50,8.89008235931,25.1188315213,86.9363028887,0,0,8.89008235931,
MC_G0_D045_DENS_REF_V_HIGH_S050,MC_G0_D045_DENS_REF_V_HIGH,50,8.90008354187,25.1202591264,87.5601068842,0,0,8.90008354187,
MC_G0_D045_DENS_REF_V_HIGH_S050,MC_G0_D045_DENS_REF_V_HIGH,50,8.9100856781,25.0187103518,87.9503740312,0,0,8.9100856781,
MC_G0_D045_DENS_REF_V_HIGH_S050,MC_G0_D045_DENS_REF_V_HIGH,50,8.92008781433,25.5203615746,90.3565409814,0,0,8.92008781433,
MC_G0_D045_DENS_REF_V_HIGH_S050,MC_G0_D045_DENS_REF_V_HIGH,50,8.93008995056,27.0710001415,86.376129682,0,0,8.93008995056,
MC_G0_D045_DENS_REF_V_HIGH_S050,MC_G0_D045_DENS_REF_V_HIGH,50,8.94009113312,24.4729031496,84.8405624624,0,0,8.94009113312,
MC_G0_D045_DENS_REF_V_HIGH_S050,MC_G0_D045_DENS_REF_V_HIGH,50,8.95009326935,21.4866219096,90.1813235012,0,0,8.95009326935,
MC_G0_D045_DENS_REF_V_HIGH_S050,MC_G0_D045_DENS_REF_V_HIGH,50,8.96009540558,23.71083066,86.3263789814,0,0,8.96009540558,
MC_G0_D045_DENS_REF_V_HIGH_S050,MC_G0_D045_DENS_REF_V_HIGH,50,8.9700012207,23.7115091562,83.6792257532,0,0,8.9700012207,
MC_G0_D045_DENS_REF_V_HIGH_S050,MC_G0_D045_DENS_REF_V_HIGH,50,8.98000240326,26.9561470083,89.604363136,0,0,8.98000240326,
MC_G0_D045_DENS_REF_V_HIGH_S050,MC_G0_D045_DENS_REF_V_HIGH,50,8.99000453949,26.6337016725,84.5561785945,0,0,8.99000453949,
MC_G0_D045_DENS_REF_V_HIGH_S050,MC_G0_D045_DENS_REF_V_HIGH,50,9,24.1267994807,85.7532835461,0,0,9,
