run_id,scenario_id,S,z_m,qb_MPa,qs_kPa,ALLKE,ALLIE,time_s,walltime_h
MC_G0_D045_DENS_HIGH_V_LOW_S050,MC_G0_D045_DENS_HIGH_V_LOW,50,0,0,0,0,0,0,
MC_G0_D045_DENS_HIGH_V_LOW_S050,MC_G0_D045_DENS_HIGH_V_LOW,50,0.00900222733617,0,0,0,0,0.0360089093447,
MC_G0_D045_DENS_HIGH_V_LOW_S050,MC_G0_D045_DENS_HIGH_V_LOW,50,0.0180171336979,1.90042273224,569.214310025,0,0,0.0720685347915,
MC_G0_D045_DENS_HIGH_V_LOW_S050,MC_G0_D045_DENS_HIGH_V_LOW,50,0.0270094461739,0.111398290397,0.000160156873463,0,0,0.108037784696,
MC_G0_D045_DENS_HIGH_V_LOW_S050,MC_G0_D045_DENS_HIGH_V_LOW,50,0.0360017865896,0.128948478896,1.49049722432e-05,0,0,0.144007146358,
MC_G0_D045_DENS_HIGH_V_LOW_S050,MC_G0_D045_DENS_HIGH_V_LOW,50,0.0450181774795,1.30810899126,123.92194217,0,0,0.180072709918,
MC_G0_D045_DENS_HIGH_V_LOW_S050,MC_G0_D045_DENS_HIGH_V_LOW,50,0.0540104955435,0.566464590442,0.000584591217161,0,0,0.216041982174,
MC_G0_D045_DENS_HIGH_V_LOW_S050,MC_G0_D045_DENS_HIGH_V_LOW,50,0.0630028247833,0.344205376328,0.000167757580506,0,0,0.252011299133,
MC_G0_D045_DENS_HIGH_V_LOW_S050,MC_G0_D045_DENS_HIGH_V_LOW,50,0.0720192268491,2.04612998065,65.6297178496,0,0,0.288076907396,
MC_G0_D045_DENS_HIGH_V_LOW_S050,MC_G0_D045_DENS_HIGH_V_LOW,50,0.0810115486383,1.49227830048,53.623537116,0,0,0.324046194553,
MC_G0_D045_DENS_HIGH_V_LOW_S050,MC_G0_D045_DENS_HIGH_V_LOW,50,0.0900038778782,0.499939152056,0.00029801277238,0,0,0.360015511513,
MC_G0_D045_DENS_HIGH_V_LOW_S050,MC_G0_D045_DENS_HIGH_V_LOW,50,0.0990202724934,1.08991048857,38.156571685,0,0,0.396081089973,
MC_G0_D045_DENS_HIGH_V_LOW_S050,MC_G0_D045_DENS_HIGH_V_LOW,50,0.108012609184,1.65937045931,38.571892912,0,0,0.432050436735,
MC_G0_D045_DENS_HIGH_V_LOW_S050,MC_G0_D045_DENS_HIGH_V_LOW,50,0.117004923522,0.560386427399,0.000152814482303,0,0,0.46801969409,
MC_G0_D045_DENS_HIGH_V_LOW_S050,MC_G0_D045_DENS_HIGH_V_LOW,50,0.126021310687,0.841563997843,7.88619353786,0,0,0.504085242748,
MC_G0_D045_DENS_HIGH_V_LOW_S050,MC_G0_D045_DENS_HIGH_V_LOW,50,0.135013639927,1.6535247618,13.9641229417,0,0,0.540054559708,
MC_G0_D045_DENS_HIGH_V_LOW_S050,MC_G0_D045_DENS_HIGH_V_LOW,50,0.144005924463,0.702688146862,0.000299257809199,0,0,0.576023697853,
MC_G0_D045_DENS_HIGH_V_LOW_S050,MC_G0_D045_DENS_HIGH_V_LOW,50,0.153022289276,0.463416110927,0.00018618314783,0,0,0.612089157104,
MC_G0_D045_DENS_HIGH_V_LOW_S050,MC_G0_D045_DENS_HIGH_V_LOW,50,0.162014618516,1.54288066521,21.4796281604,0,0,0.648058474064,
MC_G0_D045_DENS_HIGH_V_LOW_S050,MC_G0_D045_DENS_HIGH_V_LOW,50,0.171006917953,1.05847583306,0.000654080220939,0,0,0.684027671814,
MC_G0_D045_DENS_HIGH_V_LOW_S050,MC_G0_D045_DENS_HIGH_V_LOW,50,0.180023267865,0.49103475305,0.000203920770337,0,0,0.720093071461,
MC_G0_D045_DENS_HIGH_V_LOW_S050,MC_G0_D045_DENS_HIGH_V_LOW,50,0.189015612006,1.25774695925,7.45244453099,0,0,0.756062448025,
MC_G0_D045_DENS_HIGH_V_LOW_S050,MC_G0_D045_DENS_HIGH_V_LOW,50,0.198007911444,1.2904467914,16.485656522,0,0,0.792031645775,
MC_G0_D045_DENS_HIGH_V_LOW_S050,MC_G0_D045_DENS_HIGH_V_LOW,50,0.207000210881,0.51491883587,9.73457410882e-05,0,0,0.828000843525,
MC_G0_D045_DENS_HIGH_V_LOW_S050,MC_G0_D045_DENS_HIGH_V_LOW,50,0.216016590595,0.775654789804,0.461290589107,0,0,0.864066362381,
MC_G0_D045_DENS_HIGH_V_LOW_S050,MC_G0_D045_DENS_HIGH_V_LOW,50,0.225008919835,1.21991149043,14.0706992214,0,0,0.90003567934,
MC_G0_D045_DENS_HIGH_V_LOW_S050,MC_G0_D045_DENS_HIGH_V_LOW,50,0.234001204371,0.730100419457,0.000282396547392,0,0,0.936004817486,
MC_G0_D045_DENS_HIGH_V_LOW_S050,MC_G0_D045_DENS_HIGH_V_LOW,50,0.243017584085,0.951309509133,3.23090269284,0,0,0.972070336342,
MC_G0_D045_DENS_HIGH_V_LOW_S050,MC_G0_D045_DENS_HIGH_V_LOW,50,0.252009898424,1.2715096289,12.5018857845,0,0,1.0080395937,
MC_G0_D045_DENS_HIGH_V_LOW_S050,MC_G0_D045_DENS_HIGH_V_LOW,50,0.261002212763,0.955365327555,4.15748484358,0,0,1.04400885105,
MC_G0_D045_DENS_HIGH_V_LOW_S050,MC_G0_D045_DENS_HIGH_V_LOW,50,0.270018577576,0.799592503757,0.000201230334947,0,0,1.0800743103,
MC_G0_D045_DENS_HIGH_V_LOW_S050,MC_G0_D045_DENS_HIGH_V_LOW,50,0.279010921717,1.43798738027,9.73082493797,0,0,1.11604368687,
MC_G0_D045_DENS_HIGH_V_LOW_S050,MC_G0_D045_DENS_HIGH_V_LOW,50,0.288003236055,1.31774215964,10.46273442,0,0,1.15201294422,
MC_G0_D045_DENS_HIGH_V_LOW_S050,MC_G0_D045_DENS_HIGH_V_LOW,50,0.297019571066,1.01334307633,0.000350552977566,0,0,1.18807828426,
MC_G0_D045_DENS_HIGH_V_LOW_S050,MC_G0_D045_DENS_HIGH_V_LOW,50,0.306011915207,1.55441174247,7.15920014227,0,0,1.22404766083,
MC_G0_D045_DENS_HIGH_V_LOW_S050,MC_G0_D045_DENS_HIGH_V_LOW,50,0.315004229546,1.65506768823,8.98412736882,0,0,1.26001691818,
MC_G0_D045_DENS_HIGH_V_LOW_S050,MC_G0_D045_DENS_HIGH_V_LOW,50,0.324020594358,1.21763960274,0.00048802078116,0,0,1.29608237743,
MC_G0_D045_DENS_HIGH_V_LOW_S050,MC_G0_D045_DENS_HIGH_V_LOW,50,0.333012908697,1.3177469567,0.828938744,0,0,1.33205163479,
MC_G0_D045_DENS_HIGH_V_LOW_S050,MC_G0_D045_DENS_HIGH_V_LOW,50,0.342005252838,1.68988916415,10.8397101111,0,0,1.36802101135,
MC_G0_D045_DENS_HIGH_V_LOW_S050,MC_G0_D045_DENS_HIGH_V_LOW,50,0.351021587849,1.33904398498,3.59511325352,0,0,1.40408635139,
MC_G0_D045_DENS_HIGH_V_LOW_S050,MC_G0_D045_DENS_HIGH_V_LOW,50,0.36001393199,1.20522442729,3.24438364754,0,0,1.44005572796,
MC_G0_D045_DENS_HIGH_V_LOW_S050,MC_G0_D045_DENS_HIGH_V_LOW,50,0.369006246328,1.40465961294,15.7876127562,0,0,1.47602498531,
MC_G0_D045_DENS_HIGH_V_LOW_S050,MC_G0_D045_DENS_HIGH_V_LOW,50,0.378022611141,1.2308143447,3.65098952616,0,0,1.51209044456,
MC_G0_D045_DENS_HIGH_V_LOW_S050,MC_G0_D045_DENS_HIGH_V_LOW,50,0.38701492548,1.25114706794,1.516242756,0,0,1.54805970192,
MC_G0_D045_DENS_HIGH_V_LOW_S050,MC_G0_D045_DENS_HIGH_V_LOW,50,0.396007269621,1.30620724473,5.33244986419,0,0,1.58402907848,
MC_G0_D045_DENS_HIGH_V_LOW_S050,MC_G0_D045_DENS_HIGH_V_LOW,50,0.405023634434,1.69160401722,5.27601896882,0,0,1.62009453773,
MC_G0_D045_DENS_HIGH_V_LOW_S050,MC_G0_D045_DENS_HIGH_V_LOW,50,0.414015948772,1.28255773815,0.661339556704,0,0,1.65606379509,
MC_G0_D045_DENS_HIGH_V_LOW_S050,MC_G0_D045_DENS_HIGH_V_LOW,50,0.423008292913,1.34615437943,2.78933791796,0,0,1.69203317165,
MC_G0_D045_DENS_HIGH_V_LOW_S050,MC_G0_D045_DENS_HIGH_V_LOW,50,0.432000607252,1.62358381489,6.62070745578,0,0,1.72800242901,
MC_G0_D045_DENS_HIGH_V_LOW_S050,MC_G0_D045_DENS_HIGH_V_LOW,50,0.441016972065,1.42504270531,1.20325152822,0,0,1.76406788826,
MC_G0_D045_DENS_HIGH_V_LOW_S050,MC_G0_D045_DENS_HIGH_V_LOW,50,0.450009316206,1.5213183595,0.936160544402,0,0,1.80003726482,
MC_G0_D045_DENS_HIGH_V_LOW_S050,MC_G0_D045_DENS_HIGH_V_LOW,50,0.459001630545,1.89601576902,5.45927940169,0,0,1.83600652218,
MC_G0_D045_DENS_HIGH_V_LOW_S050,MC_G0_D045_DENS_HIGH_V_LOW,50,0.468017995358,1.61375406298,5.73092888332,0,0,1.87207198143,
MC_G0_D045_DENS_HIGH_V_LOW_S050,MC_G0_D045_DENS_HIGH_V_LOW,50,0.477010339499,1.61576921201,2.89730584782,0,0,1.90804135799,
MC_G0_D045_DENS_HIGH_V_LOW_S050,MC_G0_D045_DENS_HIGH_V_LOW,50,0.486002653837,1.41348303757,1.69898908753,0,0,1.94401061535,
MC_G0_D045_DENS_HIGH_V_LOW_S050,MC_G0_D045_DENS_HIGH_V_LOW,50,0.49501901865,1.66109126073,8.47093116998,0,0,1.9800760746,
MC_G0_D045_DENS_HIGH_V_LOW_S050,MC_G0_D045_DENS_HIGH_V_LOW,50,0.504011332989,1.33587427951,5.12994865054,0,0,2.01604533195,
MC_G0_D045_DENS_HIGH_V_LOW_S050,MC_G0_D045_DENS_HIGH_V_LOW,50,0.513003706932,1.66372695747,4.83472119943,0,0,2.05201482773,
MC_G0_D045_DENS_HIGH_V_LOW_S050,MC_G0_D045_DENS_HIGH_V_LOW,50,0.522020041943,1.69527453577,4.05999726337,0,0,2.08808016777,
MC_G0_D045_DENS_HIGH_V_LOW_S050,MC_G0_D045_DENS_HIGH_V_LOW,50,0.531012356281,1.47425689677,0.715079838001,0,0,2.12404942513,
MC_G0_D045_DENS_HIGH_V_LOW_S050,MC_G0_D045_DENS_HIGH_V_LOW,50,0.540004730225,1.55896492009,0.527658136551,0,0,2.1600189209,
MC_G0_D045_DENS_HIGH_V_LOW_S050,MC_G0_D045_DENS_HIGH_V_LOW,50,0.549021065235,1.89658661918,3.60312881955,0,0,2.19608426094,
MC_G0_D045_DENS_HIGH_V_LOW_S050,MC_G0_D045_DENS_HIGH_V_LOW,50,0.558013439178,1.68639383424,2.8559612617,0,0,2.23205375671,
MC_G0_D045_DENS_HIGH_V_LOW_S050,MC_G0_D045_DENS_HIGH_V_LOW,50,0.567005753517,1.69386938091,0.715285778643,0,0,2.26802301407,
MC_G0_D045_DENS_HIGH_V_LOW_S050,MC_G0_D045_DENS_HIGH_V_LOW,50,0.576022088528,1.67728939783,2.76424734407,0,0,2.30408835411,
MC_G0_D045_DENS_HIGH_V_LOW_S050,MC_G0_D045_DENS_HIGH_V_LOW,50,0.585014462471,1.62006545909,2.39131890109,0,0,2.34005784988,
MC_G0_D045_DENS_HIGH_V_LOW_S050,MC_G0_D045_DENS_HIGH_V_LOW,50,0.59400677681,1.65022380877,3.20329321557,0,0,2.37602710724,
MC_G0_D045_DENS_HIGH_V_LOW_S050,MC_G0_D045_DENS_HIGH_V_LOW,50,0.603023171425,1.49333259837,7.61053156091,0,0,2.4120926857,
MC_G0_D045_DENS_HIGH_V_LOW_S050,MC_G0_D045_DENS_HIGH_V_LOW,50,0.612015485764,2.1115597705,5.46970062406,0,0,2.44806194305,
MC_G0_D045_DENS_HIGH_V_LOW_S050,MC_G0_D045_DENS_HIGH_V_LOW,50,0.621007800102,2.43721971226,11.5276372313,0,0,2.48403120041,
MC_G0_D045_DENS_HIGH_V_LOW_S050,MC_G0_D045_DENS_HIGH_V_LOW,50,0.630000114441,2.0688745698,6.73254475121,0,0,2.52000045776,
MC_G0_D045_DENS_HIGH_V_LOW_S050,MC_G0_D045_DENS_HIGH_V_LOW,50,0.639016509056,1.94309450117,3.34527474849,0,0,2.55606603622,
MC_G0_D045_DENS_HIGH_V_LOW_S050,MC_G0_D045_DENS_HIGH_V_LOW,50,0.648008823395,1.80960939451,3.2734555376,0,0,2.59203529358,
MC_G0_D045_DENS_HIGH_V_LOW_S050,MC_G0_D045_DENS_HIGH_V_LOW,50,0.657001137733,2.14783245306,4.08164349215,0,0,2.62800455093,
MC_G0_D045_DENS_HIGH_V_LOW_S050,MC_G0_D045_DENS_HIGH_V_LOW,50,0.666017532349,1.95768523935,5.80397904401,0,0,2.66407012939,
MC_G0_D045_DENS_HIGH_V_LOW_S050,MC_G0_D045_DENS_HIGH_V_LOW,50,0.675009846687,2.07854985638,3.87103965839,0,0,2.70003938675,
MC_G0_D045_DENS_HIGH_V_LOW_S050,MC_G0_D045_DENS_HIGH_V_LOW,50,0.684002220631,1.67867056739,1.47405825224,0,0,2.73600888252,
MC_G0_D045_DENS_HIGH_V_LOW_S050,MC_G0_D045_DENS_HIGH_V_LOW,50,0.693018555641,1.96358946099,2.29347846615,0,0,2.77207422256,
MC_G0_D045_DENS_HIGH_V_LOW_S050,MC_G0_D045_DENS_HIGH_V_LOW,50,0.70201086998,1.89157772084,4.83255535717,0,0,2.80804347992,
MC_G0_D045_DENS_HIGH_V_LOW_S050,MC_G0_D045_DENS_HIGH_V_LOW,50,0.711003243923,1.7632467675,4.26138149007,0,0,2.84401297569,
MC_G0_D045_DENS_HIGH_V_LOW_S050,MC_G0_D045_DENS_HIGH_V_LOW,50,0.720019578934,2.81320849037,6.97394037734,0,0,2.88007831573,
MC_G0_D045_DENS_HIGH_V_LOW_S050,MC_G0_D045_DENS_HIGH_V_LOW,50,0.729011952877,2.158602045,4.96565962399,0,0,2.91604781151,
MC_G0_D045_DENS_HIGH_V_LOW_S050,MC_G0_D045_DENS_HIGH_V_LOW,50,0.738004267216,1.80266344329,3.2520333226,0,0,2.95201706886,
MC_G0_D045_DENS_HIGH_V_LOW_S050,MC_G0_D045_DENS_HIGH_V_LOW,50,0.747020602226,2.08545532041,3.12151749901,0,0,2.98808240891,
MC_G0_D045_DENS_HIGH_V_LOW_S050,MC_G0_D045_DENS_HIGH_V_LOW,50,0.75601297617,2.58521515836,6.2407026248,0,0,3.02405190468,
MC_G0_D045_DENS_HIGH_V_LOW_S050,MC_G0_D045_DENS_HIGH_V_LOW,50,0.765005290508,2.4302315469,2.25391134578,0,0,3.06002116203,
MC_G0_D045_DENS_HIGH_V_LOW_S050,MC_G0_D045_DENS_HIGH_V_LOW,50,0.774021685123,2.11476247974,1.45233158933,0,0,3.09608674049,
MC_G0_D045_DENS_HIGH_V_LOW_S050,MC_G0_D045_DENS_HIGH_V_LOW,50,0.783013999462,2.20718820533,2.53258085123,0,0,3.13205599785,
MC_G0_D045_DENS_HIGH_V_LOW_S050,MC_G0_D045_DENS_HIGH_V_LOW,50,0.792006313801,2.17311852468,2.83491495899,0,0,3.1680252552,
MC_G0_D045_DENS_HIGH_V_LOW_S050,MC_G0_D045_DENS_HIGH_V_LOW,50,0.801022708416,2.44995897709,3.29786157225,0,0,3.20409083366,
MC_G0_D045_DENS_HIGH_V_LOW_S050,MC_G0_D045_DENS_HIGH_V_LOW,50,0.810015022755,2.20840934497,3.7127932407,0,0,3.24006009102,
MC_G0_D045_DENS_HIGH_V_LOW_S050,MC_G0_D045_DENS_HIGH_V_LOW,50,0.819007337093,2.46701943372,5.50520567316,0,0,3.27602934837,
MC_G0_D045_DENS_HIGH_V_LOW_S050,MC_G0_D045_DENS_HIGH_V_LOW,50,0.828023731709,2.51489716422,3.69526717833,0,0,3.31209492683,
MC_G0_D045_DENS_HIGH_V_LOW_S050,MC_G0_D045_DENS_HIGH_V_LOW,50,0.837016046047,2.2816700477,6.95787180507,0,0,3.34806418419,
MC_G0_D045_DENS_HIGH_V_LOW_S050,MC_G0_D045_DENS_HIGH_V_LOW,50,0.846008360386,2.21125419352,6.58826603397,0,0,3.38403344154,
MC_G0_D045_DENS_HIGH_V_LOW_S050,MC_G0_D045_DENS_HIGH_V_LOW,50,0.855000734329,3.87456169605,7.91901876767,0,0,3.42000293732,
MC_G0_D045_DENS_HIGH_V_LOW_S050,MC_G0_D045_DENS_HIGH_V_LOW,50,0.86401706934,2.4131271492,6.57031620355,0,0,3.45606827736,
MC_G0_D045_DENS_HIGH_V_LOW_S050,MC_G0_D045_DENS_HIGH_V_LOW,50,0.873009383678,2.41525186309,4.22599534858,0,0,3.49203753471,
MC_G0_D045_DENS_HIGH_V_LOW_S050,MC_G0_D045_DENS_HIGH_V_LOW,50,0.882001757622,2.46703977326,4.19724412619,0,0,3.52800703049,
MC_G0_D045_DENS_HIGH_V_LOW_S050,MC_G0_D045_DENS_HIGH_V_LOW,50,0.891018092632,2.24469680247,4.20169684683,0,0,3.56407237053,
MC_G0_D045_DENS_HIGH_V_LOW_S050,MC_G0_D045_DENS_HIGH_V_LOW,50,0.900010466576,2.6269129322,6.68677524845,0,0,3.6000418663,
MC_G0_D045_DENS_HIGH_V_LOW_S050,MC_G0_D045_DENS_HIGH_V_LOW,50,0.909002780914,2.9170951602,6.13418332021,0,0,3.63601112366,
MC_G0_D045_DENS_HIGH_V_LOW_S050,MC_G0_D045_DENS_HIGH_V_LOW,50,0.918019115925,2.44939234835,3.89947494176,0,0,3.6720764637,
MC_G0_D045_DENS_HIGH_V_LOW_S050,MC_G0_D045_DENS_HIGH_V_LOW,50,0.927011430264,3.02461896105,5.38204956845,0,0,3.70804572105,
MC_G0_D045_DENS_HIGH_V_LOW_S050,MC_G0_D045_DENS_HIGH_V_LOW,50,0.936003804207,2.82723125662,4.74417267488,0,0,3.74401521683,
MC_G0_D045_DENS_HIGH_V_LOW_S050,MC_G0_D045_DENS_HIGH_V_LOW,50,0.945020139217,2.72850718292,2.89438108655,0,0,3.78008055687,
MC_G0_D045_DENS_HIGH_V_LOW_S050,MC_G0_D045_DENS_HIGH_V_LOW,50,0.954012453556,2.37059929208,4.296715737,0,0,3.81604981422,
MC_G0_D045_DENS_HIGH_V_LOW_S050,MC_G0_D045_DENS_HIGH_V_LOW,50,0.963004767895,3.04571048327,6.04321722196,0,0,3.85201907158,
MC_G0_D045_DENS_HIGH_V_LOW_S050,MC_G0_D045_DENS_HIGH_V_LOW,50,0.97202116251,2.69037861373,6.53334958714,0,0,3.88808465004,
MC_G0_D045_DENS_HIGH_V_LOW_S050,MC_G0_D045_DENS_HIGH_V_LOW,50,0.981013476849,2.67628523475,8.67011190079,0,0,3.92405390739,
MC_G0_D045_DENS_HIGH_V_LOW_S050,MC_G0_D045_DENS_HIGH_V_LOW,50,0.990005791187,2.33310738871,4.46315627787,0,0,3.96002316475,
MC_G0_D045_DENS_HIGH_V_LOW_S050,MC_G0_D045_DENS_HIGH_V_LOW,50,0.999022185802,2.96442487454,5.52542647305,0,0,3.99608874321,
MC_G0_D045_DENS_HIGH_V_LOW_S050,MC_G0_D045_DENS_HIGH_V_LOW,50,1.00801444054,3.76436055998,7.01515427321,0,0,4.03205776215,
MC_G0_D045_DENS_HIGH_V_LOW_S050,MC_G0_D045_DENS_HIGH_V_LOW,50,1.01700687408,3.46185487631,7.03657704303,0,0,4.06802749634,
MC_G0_D045_DENS_HIGH_V_LOW_S050,MC_G0_D045_DENS_HIGH_V_LOW,50,1.02602314949,2.79654714914,5.89104487516,0,0,4.10409259796,
MC_G0_D045_DENS_HIGH_V_LOW_S050,MC_G0_D045_DENS_HIGH_V_LOW,50,1.03501546383,2.80022649428,5.93869455805,0,0,4.14006185532,
MC_G0_D045_DENS_HIGH_V_LOW_S050,MC_G0_D045_DENS_HIGH_V_LOW,50,1.04400777817,3.32365464329,4.67485666415,0,0,4.17603111267,
MC_G0_D045_DENS_HIGH_V_LOW_S050,MC_G0_D045_DENS_HIGH_V_LOW,50,1.05300021172,3.48865317318,6.37647876069,0,0,4.21200084686,
MC_G0_D045_DENS_HIGH_V_LOW_S050,MC_G0_D045_DENS_HIGH_V_LOW,50,1.06201648712,3.01672376756,4.60903461687,0,0,4.24806594849,
MC_G0_D045_DENS_HIGH_V_LOW_S050,MC_G0_D045_DENS_HIGH_V_LOW,50,1.07100880146,3.47971145305,5.16823588034,0,0,4.28403520584,
MC_G0_D045_DENS_HIGH_V_LOW_S050,MC_G0_D045_DENS_HIGH_V_LOW,50,1.0800011158,3.22873502206,6.85865213636,0,0,4.3200044632,
MC_G0_D045_DENS_HIGH_V_LOW_S050,MC_G0_D045_DENS_HIGH_V_LOW,50,1.08901751041,2.92118321487,11.8580491221,0,0,4.35607004166,
MC_G0_D045_DENS_HIGH_V_LOW_S050,MC_G0_D045_DENS_HIGH_V_LOW,50,1.09800982475,2.40407682363,4.40755110399,0,0,4.39203929901,
MC_G0_D045_DENS_HIGH_V_LOW_S050,MC_G0_D045_DENS_HIGH_V_LOW,50,1.10700213909,3.01766878841,6.43009510269,0,0,4.42800855637,
MC_G0_D045_DENS_HIGH_V_LOW_S050,MC_G0_D045_DENS_HIGH_V_LOW,50,1.11601853371,2.66323224218,5.12410724121,0,0,4.46407413483,
MC_G0_D045_DENS_HIGH_V_LOW_S050,MC_G0_D045_DENS_HIGH_V_LOW,50,1.12501084805,3.39878044301,8.01962025789,0,0,4.50004339218,
MC_G0_D045_DENS_HIGH_V_LOW_S050,MC_G0_D045_DENS_HIGH_V_LOW,50,1.13400316238,3.59185136894,6.98337045043,0,0,4.53601264954,
MC_G0_D045_DENS_HIGH_V_LOW_S050,MC_G0_D045_DENS_HIGH_V_LOW,50,1.143019557,3.35396016677,7.35134825192,0,0,4.572078228,
MC_G0_D045_DENS_HIGH_V_LOW_S050,MC_G0_D045_DENS_HIGH_V_LOW,50,1.15201187134,3.01276235528,4.60650522018,0,0,4.60804748535,
MC_G0_D045_DENS_HIGH_V_LOW_S050,MC_G0_D045_DENS_HIGH_V_LOW,50,1.16100418568,3.10844528472,3.98710523073,0,0,4.64401674271,
MC_G0_D045_DENS_HIGH_V_LOW_S050,MC_G0_D045_DENS_HIGH_V_LOW,50,1.17002058029,4.10897368643,6.99803871072,0,0,4.68008232117,
MC_G0_D045_DENS_HIGH_V_LOW_S050,MC_G0_D045_DENS_HIGH_V_LOW,50,1.17901289463,3.06255238584,4.90441741019,0,0,4.71605157852,
MC_G0_D045_DENS_HIGH_V_LOW_S050,MC_G0_D045_DENS_HIGH_V_LOW,50,1.18800520897,3.04195687964,4.99526847594,0,0,4.75202083588,
MC_G0_D045_DENS_HIGH_V_LOW_S050,MC_G0_D045_DENS_HIGH_V_LOW,50,1.19702160358,3.98378192925,6.67464271639,0,0,4.78808641434,
MC_G0_D045_DENS_HIGH_V_LOW_S050,MC_G0_D045_DENS_HIGH_V_LOW,50,1.20601391792,7.11108522498,7.11398999801,0,0,4.82405567169,
MC_G0_D045_DENS_HIGH_V_LOW_S050,MC_G0_D045_DENS_HIGH_V_LOW,50,1.21500623226,3.15820039268,7.61191324979,0,0,4.86002492905,
MC_G0_D045_DENS_HIGH_V_LOW_S050,MC_G0_D045_DENS_HIGH_V_LOW,50,1.22402262688,3.27288025599,6.79501702056,0,0,4.89609050751,
MC_G0_D045_DENS_HIGH_V_LOW_S050,MC_G0_D045_DENS_HIGH_V_LOW,50,1.23301494122,3.58391779897,5.92439160737,0,0,4.93205976486,
MC_G0_D045_DENS_HIGH_V_LOW_S050,MC_G0_D045_DENS_HIGH_V_LOW,50,1.24200725555,3.4804720749,6.19827335558,0,0,4.96802902222,
MC_G0_D045_DENS_HIGH_V_LOW_S050,MC_G0_D045_DENS_HIGH_V_LOW,50,1.25102353096,3.7704351732,7.11499995729,0,0,5.00409412384,
MC_G0_D045_DENS_HIGH_V_LOW_S050,MC_G0_D045_DENS_HIGH_V_LOW,50,1.26001596451,3.37846163124,5.30292915922,0,0,5.04006385803,
MC_G0_D045_DENS_HIGH_V_LOW_S050,MC_G0_D045_DENS_HIGH_V_LOW,50,1.26900827885,3.29935005017,5.66823341305,0,0,5.07603311539,
MC_G0_D045_DENS_HIGH_V_LOW_S050,MC_G0_D045_DENS_HIGH_V_LOW,50,1.27800059319,3.68250889816,6.9692927621,0,0,5.11200237274,
MC_G0_D045_DENS_HIGH_V_LOW_S050,MC_G0_D045_DENS_HIGH_V_LOW,50,1.28701686859,3.39769477235,5.49032011163,0,0,5.14806747437,
MC_G0_D045_DENS_HIGH_V_LOW_S050,MC_G0_D045_DENS_HIGH_V_LOW,50,1.29600918293,3.40587702192,5.66581362021,0,0,5.18403673172,
MC_G0_D045_DENS_HIGH_V_LOW_S050,MC_G0_D045_DENS_HIGH_V_LOW,50,1.30500149727,4.1199555003,4.7705933148,0,0,5.22000598907,
MC_G0_D045_DENS_HIGH_V_LOW_S050,MC_G0_D045_DENS_HIGH_V_LOW,50,1.31401789188,3.77026823551,5.21043223941,0,0,5.25607156754,
MC_G0_D045_DENS_HIGH_V_LOW_S050,MC_G0_D045_DENS_HIGH_V_LOW,50,1.32301020622,2.93252404073,3.45165114991,0,0,5.29204082489,
MC_G0_D045_DENS_HIGH_V_LOW_S050,MC_G0_D045_DENS_HIGH_V_LOW,50,1.33200252056,4.20539536313,9.99209432482,0,0,5.32801008224,
MC_G0_D045_DENS_HIGH_V_LOW_S050,MC_G0_D045_DENS_HIGH_V_LOW,50,1.34101891518,3.88236555351,7.28637102488,0,0,5.36407566071,
MC_G0_D045_DENS_HIGH_V_LOW_S050,MC_G0_D045_DENS_HIGH_V_LOW,50,1.35001122952,3.37876710803,7.39774727295,0,0,5.40004491806,
MC_G0_D045_DENS_HIGH_V_LOW_S050,MC_G0_D045_DENS_HIGH_V_LOW,50,1.35900354385,3.94760365284,7.95961597545,0,0,5.43601417542,
MC_G0_D045_DENS_HIGH_V_LOW_S050,MC_G0_D045_DENS_HIGH_V_LOW,50,1.36801993847,3.46959157494,7.52615125,0,0,5.47207975388,
MC_G0_D045_DENS_HIGH_V_LOW_S050,MC_G0_D045_DENS_HIGH_V_LOW,50,1.37701225281,4.35038669828,8.4152649006,0,0,5.50804901123,
MC_G0_D045_DENS_HIGH_V_LOW_S050,MC_G0_D045_DENS_HIGH_V_LOW,50,1.38600456715,3.71176635994,6.33473750124,0,0,5.54401826859,
MC_G0_D045_DENS_HIGH_V_LOW_S050,MC_G0_D045_DENS_HIGH_V_LOW,50,1.39502084255,3.92364636688,6.44661238108,0,0,5.58008337021,
MC_G0_D045_DENS_HIGH_V_LOW_S050,MC_G0_D045_DENS_HIGH_V_LOW,50,1.40401315689,4.26405227968,6.60097880184,0,0,5.61605262756,
MC_G0_D045_DENS_HIGH_V_LOW_S050,MC_G0_D045_DENS_HIGH_V_LOW,50,1.41300547123,4.07324671743,8.60194439851,0,0,5.65202188492,
MC_G0_D045_DENS_HIGH_V_LOW_S050,MC_G0_D045_DENS_HIGH_V_LOW,50,1.42202186584,4.70485989405,6.24444051252,0,0,5.68808746338,
MC_G0_D045_DENS_HIGH_V_LOW_S050,MC_G0_D045_DENS_HIGH_V_LOW,50,1.43101418018,3.99125152756,6.23237958591,0,0,5.72405672073,
MC_G0_D045_DENS_HIGH_V_LOW_S050,MC_G0_D045_DENS_HIGH_V_LOW,50,1.44000649452,4.82773409552,8.1781383703,0,0,5.76002597809,
MC_G0_D045_DENS_HIGH_V_LOW_S050,MC_G0_D045_DENS_HIGH_V_LOW,50,1.44902288914,4.42236869665,10.1565809176,0,0,5.79609155655,
MC_G0_D045_DENS_HIGH_V_LOW_S050,MC_G0_D045_DENS_HIGH_V_LOW,50,1.45801520348,4.30811231782,5.31509694729,0,0,5.8320608139,
MC_G0_D045_DENS_HIGH_V_LOW_S050,MC_G0_D045_DENS_HIGH_V_LOW,50,1.46700751781,4.53898906674,11.079184069,0,0,5.86803007126,
MC_G0_D045_DENS_HIGH_V_LOW_S050,MC_G0_D045_DENS_HIGH_V_LOW,50,1.47602379322,4.0148403993,6.71681936078,0,0,5.90409517288,
MC_G0_D045_DENS_HIGH_V_LOW_S050,MC_G0_D045_DENS_HIGH_V_LOW,50,1.48501610756,4.00014259074,7.75464800285,0,0,5.94006443024,
MC_G0_D045_DENS_HIGH_V_LOW_S050,MC_G0_D045_DENS_HIGH_V_LOW,50,1.4940084219,4.96974741573,10.670160325,0,0,5.97603368759,
MC_G0_D045_DENS_HIGH_V_LOW_S050,MC_G0_D045_DENS_HIGH_V_LOW,50,1.50300073624,4.04224542834,6.38292885414,0,0,6.01200294495,
MC_G0_D045_DENS_HIGH_V_LOW_S050,MC_G0_D045_DENS_HIGH_V_LOW,50,1.51201713085,4.71563063728,8.06305560014,0,0,6.04806852341,
MC_G0_D045_DENS_HIGH_V_LOW_S050,MC_G0_D045_DENS_HIGH_V_LOW,50,1.52100944519,5.17017626442,7.37358208438,0,0,6.08403778076,
MC_G0_D045_DENS_HIGH_V_LOW_S050,MC_G0_D045_DENS_HIGH_V_LOW,50,1.53000175953,4.63782193776,7.10698856329,0,0,6.12000703812,
MC_G0_D045_DENS_HIGH_V_LOW_S050,MC_G0_D045_DENS_HIGH_V_LOW,50,1.53901815414,5.44936132796,8.7659945341,0,0,6.15607261658,
MC_G0_D045_DENS_HIGH_V_LOW_S050,MC_G0_D045_DENS_HIGH_V_LOW,50,1.54801046848,5.02087563419,5.44471317889,0,0,6.19204187393,
MC_G0_D045_DENS_HIGH_V_LOW_S050,MC_G0_D045_DENS_HIGH_V_LOW,50,1.55700278282,4.752697713,10.3079730722,0,0,6.22801113129,
MC_G0_D045_DENS_HIGH_V_LOW_S050,MC_G0_D045_DENS_HIGH_V_LOW,50,1.56601905823,4.99664203756,9.24584788493,0,0,6.26407623291,
MC_G0_D045_DENS_HIGH_V_LOW_S050,MC_G0_D045_DENS_HIGH_V_LOW,50,1.57501137257,4.42756717481,9.76956906419,0,0,6.30004549026,
MC_G0_D045_DENS_HIGH_V_LOW_S050,MC_G0_D045_DENS_HIGH_V_LOW,50,1.5840036869,5.11425635851,8.46199868106,0,0,6.33601474762,
MC_G0_D045_DENS_HIGH_V_LOW_S050,MC_G0_D045_DENS_HIGH_V_LOW,50,1.59302008152,7.87048594397,8.94943133539,0,0,6.37208032608,
MC_G0_D045_DENS_HIGH_V_LOW_S050,MC_G0_D045_DENS_HIGH_V_LOW,50,1.60201239586,4.16334970649,7.6462534457,0,0,6.40804958344,
MC_G0_D045_DENS_HIGH_V_LOW_S050,MC_G0_D045_DENS_HIGH_V_LOW,50,1.6110047102,4.6250479422,8.10783454965,0,0,6.44401884079,
MC_G0_D045_DENS_HIGH_V_LOW_S050,MC_G0_D045_DENS_HIGH_V_LOW,50,1.62002110481,5.30617215236,7.17341948041,0,0,6.48008441925,
MC_G0_D045_DENS_HIGH_V_LOW_S050,MC_G0_D045_DENS_HIGH_V_LOW,50,1.62901341915,4.67376957152,9.15528036565,0,0,6.51605367661,
MC_G0_D045_DENS_HIGH_V_LOW_S050,MC_G0_D045_DENS_HIGH_V_LOW,50,1.63800561428,5.81707556106,7.58072354133,0,0,6.55202245712,
MC_G0_D045_DENS_HIGH_V_LOW_S050,MC_G0_D045_DENS_HIGH_V_LOW,50,1.6470220089,6.12131509415,6.1359743722,0,0,6.58808803558,
MC_G0_D045_DENS_HIGH_V_LOW_S050,MC_G0_D045_DENS_HIGH_V_LOW,50,1.65601432323,8.0723278147,6.85800950635,0,0,6.62405729294,
MC_G0_D045_DENS_HIGH_V_LOW_S050,MC_G0_D045_DENS_HIGH_V_LOW,50,1.66500663757,4.43647166975,7.40511769598,0,0,6.66002655029,
MC_G0_D045_DENS_HIGH_V_LOW_S050,MC_G0_D045_DENS_HIGH_V_LOW,50,1.67402303219,5.0920075935,7.65076885744,0,0,6.69609212875,
MC_G0_D045_DENS_HIGH_V_LOW_S050,MC_G0_D045_DENS_HIGH_V_LOW,50,1.68301534653,5.34462884047,8.47141154616,0,0,6.73206138611,
MC_G0_D045_DENS_HIGH_V_LOW_S050,MC_G0_D045_DENS_HIGH_V_LOW,50,1.69200754166,5.39106630162,9.33614183003,0,0,6.76803016663,
MC_G0_D045_DENS_HIGH_V_LOW_S050,MC_G0_D045_DENS_HIGH_V_LOW,50,1.70102393627,5.44761443053,9.07043972343,0,0,6.80409574509,
MC_G0_D045_DENS_HIGH_V_LOW_S050,MC_G0_D045_DENS_HIGH_V_LOW,50,1.71001625061,4.92041099518,9.84389048138,0,0,6.84006500244,
MC_G0_D045_DENS_HIGH_V_LOW_S050,MC_G0_D045_DENS_HIGH_V_LOW,50,1.71900856495,5.65404651218,5.43343979629,0,0,6.8760342598,
MC_G0_D045_DENS_HIGH_V_LOW_S050,MC_G0_D045_DENS_HIGH_V_LOW,50,1.72800087929,6.301183743,8.70009347102,0,0,6.91200351715,
MC_G0_D045_DENS_HIGH_V_LOW_S050,MC_G0_D045_DENS_HIGH_V_LOW,50,1.7370172739,5.03398120254,7.44855487277,0,0,6.94806909561,
MC_G0_D045_DENS_HIGH_V_LOW_S050,MC_G0_D045_DENS_HIGH_V_LOW,50,1.74600958824,7.89473220483,8.43314990117,0,0,6.98403835297,
MC_G0_D045_DENS_HIGH_V_LOW_S050,MC_G0_D045_DENS_HIGH_V_LOW,50,1.75500178337,4.5047261605,7.10076190081,0,0,7.02000713348,
MC_G0_D045_DENS_HIGH_V_LOW_S050,MC_G0_D045_DENS_HIGH_V_LOW,50,1.76401817799,9.44386487854,9.28282838076,0,0,7.05607271194,
MC_G0_D045_DENS_HIGH_V_LOW_S050,MC_G0_D045_DENS_HIGH_V_LOW,50,1.77301049232,5.43397351026,8.38641611814,0,0,7.0920419693,
MC_G0_D045_DENS_HIGH_V_LOW_S050,MC_G0_D045_DENS_HIGH_V_LOW,50,1.78200280666,5.77420442631,9.52860151212,0,0,7.12801122665,
MC_G0_D045_DENS_HIGH_V_LOW_S050,MC_G0_D045_DENS_HIGH_V_LOW,50,1.79101908207,7.52196839433,10.5256284407,0,0,7.16407632828,
MC_G0_D045_DENS_HIGH_V_LOW_S050,MC_G0_D045_DENS_HIGH_V_LOW,50,1.80001139641,5.85626101854,8.9331862704,0,0,7.20004558563,
MC_G0_D045_DENS_HIGH_V_LOW_S050,MC_G0_D045_DENS_HIGH_V_LOW,50,1.80900371075,5.28663315069,8.49288821331,0,0,7.23601484299,
MC_G0_D045_DENS_HIGH_V_LOW_S050,MC_G0_D045_DENS_HIGH_V_LOW,50,1.81802010536,5.51378546211,10.8141022493,0,0,7.27208042145,
MC_G0_D045_DENS_HIGH_V_LOW_S050,MC_G0_D045_DENS_HIGH_V_LOW,50,1.8270124197,5.22432240936,20.2039457608,0,0,7.3080496788,
MC_G0_D045_DENS_HIGH_V_LOW_S050,MC_G0_D045_DENS_HIGH_V_LOW,50,1.83600473404,5.7723155359,11.2921211628,0,0,7.34401893616,
MC_G0_D045_DENS_HIGH_V_LOW_S050,MC_G0_D045_DENS_HIGH_V_LOW,50,1.84502100945,5.55306417445,11.5960998257,0,0,7.38008403778,
MC_G0_D045_DENS_HIGH_V_LOW_S050,MC_G0_D045_DENS_HIGH_V_LOW,50,1.85401332378,5.758910631,17.3582135418,0,0,7.41605329514,
MC_G0_D045_DENS_HIGH_V_LOW_S050,MC_G0_D045_DENS_HIGH_V_LOW,50,1.86300563812,6.09189875373,9.36003542852,0,0,7.45202255249,
MC_G0_D045_DENS_HIGH_V_LOW_S050,MC_G0_D045_DENS_HIGH_V_LOW,50,1.87202203274,6.44864345343,8.71121817995,0,0,7.48808813095,
MC_G0_D045_DENS_HIGH_V_LOW_S050,MC_G0_D045_DENS_HIGH_V_LOW,50,1.88101422787,9.19383212523,7.79217497834,0,0,7.52405691147,
MC_G0_D045_DENS_HIGH_V_LOW_S050,MC_G0_D045_DENS_HIGH_V_LOW,50,1.89000654221,5.93236541854,8.19184274613,0,0,7.56002616882,
MC_G0_D045_DENS_HIGH_V_LOW_S050,MC_G0_D045_DENS_HIGH_V_LOW,50,1.89902293682,10.23746288,10.4698182524,0,0,7.59609174728,
MC_G0_D045_DENS_HIGH_V_LOW_S050,MC_G0_D045_DENS_HIGH_V_LOW,50,1.90801525116,6.14962580814,7.807217349,0,0,7.63206100464,
MC_G0_D045_DENS_HIGH_V_LOW_S050,MC_G0_D045_DENS_HIGH_V_LOW,50,1.9170075655,5.99950891015,10.218320667,0,0,7.66803026199,
MC_G0_D045_DENS_HIGH_V_LOW_S050,MC_G0_D045_DENS_HIGH_V_LOW,50,1.9260238409,7.31688831611,12.7078757019,0,0,7.70409536362,
MC_G0_D045_DENS_HIGH_V_LOW_S050,MC_G0_D045_DENS_HIGH_V_LOW,50,1.93501615524,6.40418122977,11.3930852129,0,0,7.74006462097,
MC_G0_D045_DENS_HIGH_V_LOW_S050,MC_G0_D045_DENS_HIGH_V_LOW,50,1.94400846958,6.51320651045,14.086780612,0,0,7.77603387833,
MC_G0_D045_DENS_HIGH_V_LOW_S050,MC_G0_D045_DENS_HIGH_V_LOW,50,1.95300078392,5.64529322057,9.42147832472,0,0,7.81200313568,
MC_G0_D045_DENS_HIGH_V_LOW_S050,MC_G0_D045_DENS_HIGH_V_LOW,50,1.96201705933,7.46211489909,12.3592911091,0,0,7.8480682373,
MC_G0_D045_DENS_HIGH_V_LOW_S050,MC_G0_D045_DENS_HIGH_V_LOW,50,1.97100937366,6.17301435465,7.40798304016,0,0,7.88403749466,
MC_G0_D045_DENS_HIGH_V_LOW_S050,MC_G0_D045_DENS_HIGH_V_LOW,50,1.980001688,7.29432985289,10.8834436067,0,0,7.92000675201,
MC_G0_D045_DENS_HIGH_V_LOW_S050,MC_G0_D045_DENS_HIGH_V_LOW,50,1.98901796341,6.25517801727,13.9236927263,0,0,7.95607185364,
MC_G0_D045_DENS_HIGH_V_LOW_S050,MC_G0_D045_DENS_HIGH_V_LOW,50,1.99801027775,6.1113068916,7.93919703687,0,0,7.99204111099,
MC_G0_D045_DENS_HIGH_V_LOW_S050,MC_G0_D045_DENS_HIGH_V_LOW,50,2.00700259209,7.00688310047,10.5014038616,0,0,8.02801036835,
MC_G0_D045_DENS_HIGH_V_LOW_S050,MC_G0_D045_DENS_HIGH_V_LOW,50,2.01601886749,7.55044220836,11.1997430477,0,0,8.06407546997,
MC_G0_D045_DENS_HIGH_V_LOW_S050,MC_G0_D045_DENS_HIGH_V_LOW,50,2.02501130104,7.44352993674,12.1776543474,0,0,8.10004520416,
MC_G0_D045_DENS_HIGH_V_LOW_S050,MC_G0_D045_DENS_HIGH_V_LOW,50,2.03400349617,7.61781365628,12.1379992918,0,0,8.13601398468,
MC_G0_D045_DENS_HIGH_V_LOW_S050,MC_G0_D045_DENS_HIGH_V_LOW,50,2.04301977158,9.94671958782,9.50352279565,0,0,8.1720790863,
MC_G0_D045_DENS_HIGH_V_LOW_S050,MC_G0_D045_DENS_HIGH_V_LOW,50,2.05201220512,5.47918983178,10.3323458797,0,0,8.2080488205,
MC_G0_D045_DENS_HIGH_V_LOW_S050,MC_G0_D045_DENS_HIGH_V_LOW,50,2.06100440025,8.46271103528,6.05310192488,0,0,8.24401760101,
MC_G0_D045_DENS_HIGH_V_LOW_S050,MC_G0_D045_DENS_HIGH_V_LOW,50,2.07002067566,7.55965563398,11.2225567001,0,0,8.28008270264,
MC_G0_D045_DENS_HIGH_V_LOW_S050,MC_G0_D045_DENS_HIGH_V_LOW,50,2.07901310921,5.79239027325,11.9022034558,0,0,8.31605243683,
MC_G0_D045_DENS_HIGH_V_LOW_S050,MC_G0_D045_DENS_HIGH_V_LOW,50,2.08800530434,7.04500552942,10.186307798,0,0,8.35202121735,
MC_G0_D045_DENS_HIGH_V_LOW_S050,MC_G0_D045_DENS_HIGH_V_LOW,50,2.09702181816,6.80549407222,12.0323969062,0,0,8.38808727264,
MC_G0_D045_DENS_HIGH_V_LOW_S050,MC_G0_D045_DENS_HIGH_V_LOW,50,2.10601401329,7.57257162252,9.16388835093,0,0,8.42405605316,
MC_G0_D045_DENS_HIGH_V_LOW_S050,MC_G0_D045_DENS_HIGH_V_LOW,50,2.11500620842,7.14144178919,9.4136428444,0,0,8.46002483368,
MC_G0_D045_DENS_HIGH_V_LOW_S050,MC_G0_D045_DENS_HIGH_V_LOW,50,2.12402272224,7.08062120663,9.79540058311,0,0,8.49609088898,
MC_G0_D045_DENS_HIGH_V_LOW_S050,MC_G0_D045_DENS_HIGH_V_LOW,50,2.13301491737,8.10749371954,16.222543347,0,0,8.53205966949,
MC_G0_D045_DENS_HIGH_V_LOW_S050,MC_G0_D045_DENS_HIGH_V_LOW,50,2.1420071125,7.3920755182,12.0242952518,0,0,8.56802845001,
MC_G0_D045_DENS_HIGH_V_LOW_S050,MC_G0_D045_DENS_HIGH_V_LOW,50,2.15102362633,7.32426581086,10.8947867352,0,0,8.60409450531,
MC_G0_D045_DENS_HIGH_V_LOW_S050,MC_G0_D045_DENS_HIGH_V_LOW,50,2.16001582146,7.13073014574,13.907172665,0,0,8.64006328583,
MC_G0_D045_DENS_HIGH_V_LOW_S050,MC_G0_D045_DENS_HIGH_V_LOW,50,2.16900801659,6.34804104286,9.16571307259,0,0,8.67603206635,
MC_G0_D045_DENS_HIGH_V_LOW_S050,MC_G0_D045_DENS_HIGH_V_LOW,50,2.17800045013,6.89584919476,14.0157568241,0,0,8.71200180054,
MC_G0_D045_DENS_HIGH_V_LOW_S050,MC_G0_D045_DENS_HIGH_V_LOW,50,2.18701672554,6.42155694919,13.0119508427,0,0,8.74806690216,
MC_G0_D045_DENS_HIGH_V_LOW_S050,MC_G0_D045_DENS_HIGH_V_LOW,50,2.19600892067,6.19434400293,9.7412634953,0,0,8.78403568268,
MC_G0_D045_DENS_HIGH_V_LOW_S050,MC_G0_D045_DENS_HIGH_V_LOW,50,2.20500135422,8.44387355569,15.441034528,0,0,8.82000541687,
MC_G0_D045_DENS_HIGH_V_LOW_S050,MC_G0_D045_DENS_HIGH_V_LOW,50,2.21401762962,6.98879396226,11.0029534013,0,0,8.85607051849,
MC_G0_D045_DENS_HIGH_V_LOW_S050,MC_G0_D045_DENS_HIGH_V_LOW,50,2.22300982475,9.1572079141,9.16446253336,0,0,8.89203929901,
MC_G0_D045_DENS_HIGH_V_LOW_S050,MC_G0_D045_DENS_HIGH_V_LOW,50,2.2320022583,8.36421856365,19.277734414,0,0,8.9280090332,
MC_G0_D045_DENS_HIGH_V_LOW_S050,MC_G0_D045_DENS_HIGH_V_LOW,50,2.24101853371,9.16990055152,15.1587328337,0,0,8.96407413483,
MC_G0_D045_DENS_HIGH_V_LOW_S050,MC_G0_D045_DENS_HIGH_V_LOW,50,2.25001072884,8.55902602537,12.5601762623,0,0,9.00004291534,
MC_G0_D045_DENS_HIGH_V_LOW_S050,MC_G0_D045_DENS_HIGH_V_LOW,50,2.25900316238,7.78403677969,11.2390614228,0,0,9.03601264954,
MC_G0_D045_DENS_HIGH_V_LOW_S050,MC_G0_D045_DENS_HIGH_V_LOW,50,2.26801943779,8.00888842105,14.4182105,0,0,9.07207775116,
MC_G0_D045_DENS_HIGH_V_LOW_S050,MC_G0_D045_DENS_HIGH_V_LOW,50,2.27701163292,8.24482933045,10.8823526718,0,0,9.10804653168,
MC_G0_D045_DENS_HIGH_V_LOW_S050,MC_G0_D045_DENS_HIGH_V_LOW,50,2.28600406647,8.13861090561,14.4114821438,0,0,9.14401626587,
MC_G0_D045_DENS_HIGH_V_LOW_S050,MC_G0_D045_DENS_HIGH_V_LOW,50,2.29502034187,8.35259125736,11.5246009059,0,0,9.18008136749,
MC_G0_D045_DENS_HIGH_V_LOW_S050,MC_G0_D045_DENS_HIGH_V_LOW,50,2.304012537,10.2138536687,13.12041633,0,0,9.21605014801,
MC_G0_D045_DENS_HIGH_V_LOW_S050,MC_G0_D045_DENS_HIGH_V_LOW,50,2.31300497055,7.91175908204,11.9812246299,0,0,9.2520198822,
MC_G0_D045_DENS_HIGH_V_LOW_S050,MC_G0_D045_DENS_HIGH_V_LOW,50,2.32202124596,7.40337125169,12.1450144308,0,0,9.28808498383,
MC_G0_D045_DENS_HIGH_V_LOW_S050,MC_G0_D045_DENS_HIGH_V_LOW,50,2.33101344109,8.85220315397,13.370367923,0,0,9.32405376434,
MC_G0_D045_DENS_HIGH_V_LOW_S050,MC_G0_D045_DENS_HIGH_V_LOW,50,2.34000587463,8.28930613717,12.8916493728,0,0,9.36002349854,
MC_G0_D045_DENS_HIGH_V_LOW_S050,MC_G0_D045_DENS_HIGH_V_LOW,50,2.34902215004,8.7712441291,8.88540931272,0,0,9.39608860016,
MC_G0_D045_DENS_HIGH_V_LOW_S050,MC_G0_D045_DENS_HIGH_V_LOW,50,2.35801434517,8.67504657105,20.0575079478,0,0,9.43205738068,
MC_G0_D045_DENS_HIGH_V_LOW_S050,MC_G0_D045_DENS_HIGH_V_LOW,50,2.36700677872,8.11930523294,9.50844424338,0,0,9.46802711487,
MC_G0_D045_DENS_HIGH_V_LOW_S050,MC_G0_D045_DENS_HIGH_V_LOW,50,2.37602305412,8.43419116947,10.6200112252,0,0,9.50409221649,
MC_G0_D045_DENS_HIGH_V_LOW_S050,MC_G0_D045_DENS_HIGH_V_LOW,50,2.38501524925,8.84406426983,13.8596952553,0,0,9.54006099701,
MC_G0_D045_DENS_HIGH_V_LOW_S050,MC_G0_D045_DENS_HIGH_V_LOW,50,2.39400744438,8.57377333959,10.9304756008,0,0,9.57602977753,
MC_G0_D045_DENS_HIGH_V_LOW_S050,MC_G0_D045_DENS_HIGH_V_LOW,50,2.40302395821,7.44195343089,12.5970880059,0,0,9.61209583282,
MC_G0_D045_DENS_HIGH_V_LOW_S050,MC_G0_D045_DENS_HIGH_V_LOW,50,2.41201615334,7.74561731677,14.5015969711,0,0,9.64806461334,
MC_G0_D045_DENS_HIGH_V_LOW_S050,MC_G0_D045_DENS_HIGH_V_LOW,50,2.42100834846,9.21450400063,19.6017567505,0,0,9.68403339386,
MC_G0_D045_DENS_HIGH_V_LOW_S050,MC_G0_D045_DENS_HIGH_V_LOW,50,2.43000078201,8.69268900702,15.7199721825,0,0,9.72000312805,
MC_G0_D045_DENS_HIGH_V_LOW_S050,MC_G0_D045_DENS_HIGH_V_LOW,50,2.43901705742,8.32344355231,18.4245041029,0,0,9.75606822968,
MC_G0_D045_DENS_HIGH_V_LOW_S050,MC_G0_D045_DENS_HIGH_V_LOW,50,2.44800925255,9.0220513198,18.8595442739,0,0,9.79203701019,
MC_G0_D045_DENS_HIGH_V_LOW_S050,MC_G0_D045_DENS_HIGH_V_LOW,50,2.4570016861,9.51091933672,15.1670055893,0,0,9.82800674438,
MC_G0_D045_DENS_HIGH_V_LOW_S050,MC_G0_D045_DENS_HIGH_V_LOW,50,2.4660179615,9.52133394621,13.2338338058,0,0,9.86407184601,
MC_G0_D045_DENS_HIGH_V_LOW_S050,MC_G0_D045_DENS_HIGH_V_LOW,50,2.47501015663,9.35959626593,13.427848434,0,0,9.90004062653,
MC_G0_D045_DENS_HIGH_V_LOW_S050,MC_G0_D045_DENS_HIGH_V_LOW,50,2.48400235176,10.3709500973,26.2844342733,0,0,9.93600940704,
MC_G0_D045_DENS_HIGH_V_LOW_S050,MC_G0_D045_DENS_HIGH_V_LOW,50,2.49301886559,8.54090234833,13.0846542925,0,0,9.97207546234,
MC_G0_D045_DENS_HIGH_V_LOW_S050,MC_G0_D045_DENS_HIGH_V_LOW,50,2.50201106071,9.05479643621,13.3758108339,0,0,10.0080442429,
MC_G0_D045_DENS_HIGH_V_LOW_S050,MC_G0_D045_DENS_HIGH_V_LOW,50,2.51100325584,9.7896753512,16.5900877094,0,0,10.0440130234,
MC_G0_D045_DENS_HIGH_V_LOW_S050,MC_G0_D045_DENS_HIGH_V_LOW,50,2.52001953125,9.66721446443,14.230657772,0,0,10.080078125,
MC_G0_D045_DENS_HIGH_V_LOW_S050,MC_G0_D045_DENS_HIGH_V_LOW,50,2.5290119648,8.76036746678,12.7215192905,0,0,10.1160478592,
MC_G0_D045_DENS_HIGH_V_LOW_S050,MC_G0_D045_DENS_HIGH_V_LOW,50,2.53800415993,9.76325007373,20.9421675741,0,0,10.1520166397,
MC_G0_D045_DENS_HIGH_V_LOW_S050,MC_G0_D045_DENS_HIGH_V_LOW,50,2.54702043533,8.59434006343,16.1807609071,0,0,10.1880817413,
MC_G0_D045_DENS_HIGH_V_LOW_S050,MC_G0_D045_DENS_HIGH_V_LOW,50,2.55601286888,9.05232192069,12.6854851277,0,0,10.2240514755,
MC_G0_D045_DENS_HIGH_V_LOW_S050,MC_G0_D045_DENS_HIGH_V_LOW,50,2.56500506401,9.60096744742,17.4643352448,0,0,10.260020256,
MC_G0_D045_DENS_HIGH_V_LOW_S050,MC_G0_D045_DENS_HIGH_V_LOW,50,2.57402133942,8.43153167932,11.8180635484,0,0,10.2960853577,
MC_G0_D045_DENS_HIGH_V_LOW_S050,MC_G0_D045_DENS_HIGH_V_LOW,50,2.58301353455,9.64081298038,15.3576282296,0,0,10.3320541382,
MC_G0_D045_DENS_HIGH_V_LOW_S050,MC_G0_D045_DENS_HIGH_V_LOW,50,2.59200596809,8.37740395509,17.8681147438,0,0,10.3680238724,
MC_G0_D045_DENS_HIGH_V_LOW_S050,MC_G0_D045_DENS_HIGH_V_LOW,50,2.6010222435,9.11234580751,11.211024823,0,0,10.404088974,
MC_G0_D045_DENS_HIGH_V_LOW_S050,MC_G0_D045_DENS_HIGH_V_LOW,50,2.61001443863,9.20794469245,17.9091047158,0,0,10.4400577545,
MC_G0_D045_DENS_HIGH_V_LOW_S050,MC_G0_D045_DENS_HIGH_V_LOW,50,2.61900687218,9.57463273844,15.3262506876,0,0,10.4760274887,
MC_G0_D045_DENS_HIGH_V_LOW_S050,MC_G0_D045_DENS_HIGH_V_LOW,50,2.62802314758,9.48002780436,14.518445755,0,0,10.5120925903,
MC_G0_D045_DENS_HIGH_V_LOW_S050,MC_G0_D045_DENS_HIGH_V_LOW,50,2.63701534271,10.1634361827,18.7438284363,0,0,10.5480613708,
MC_G0_D045_DENS_HIGH_V_LOW_S050,MC_G0_D045_DENS_HIGH_V_LOW,50,2.64600753784,9.29039579491,14.3376489408,0,0,10.5840301514,
MC_G0_D045_DENS_HIGH_V_LOW_S050,MC_G0_D045_DENS_HIGH_V_LOW,50,2.65502381325,9.58052429585,21.5274213374,0,0,10.620095253,
MC_G0_D045_DENS_HIGH_V_LOW_S050,MC_G0_D045_DENS_HIGH_V_LOW,50,2.6640162468,10.4829626033,26.1147364183,0,0,10.6560649872,
MC_G0_D045_DENS_HIGH_V_LOW_S050,MC_G0_D045_DENS_HIGH_V_LOW,50,2.67300844193,9.22816986561,10.9429318525,0,0,10.6920337677,
MC_G0_D045_DENS_HIGH_V_LOW_S050,MC_G0_D045_DENS_HIGH_V_LOW,50,2.68200063705,10.287193427,14.5819024071,0,0,10.7280025482,
MC_G0_D045_DENS_HIGH_V_LOW_S050,MC_G0_D045_DENS_HIGH_V_LOW,50,2.69101715088,9.85538279489,15.4536137596,0,0,10.7640686035,
MC_G0_D045_DENS_HIGH_V_LOW_S050,MC_G0_D045_DENS_HIGH_V_LOW,50,2.70000934601,10.6091160751,15.8717671335,0,0,10.800037384,
MC_G0_D045_DENS_HIGH_V_LOW_S050,MC_G0_D045_DENS_HIGH_V_LOW,50,2.70900154114,9.96122896786,15.3594796442,0,0,10.8360061646,
MC_G0_D045_DENS_HIGH_V_LOW_S050,MC_G0_D045_DENS_HIGH_V_LOW,50,2.71801781654,10.593076241,14.2670861242,0,0,10.8720712662,
MC_G0_D045_DENS_HIGH_V_LOW_S050,MC_G0_D045_DENS_HIGH_V_LOW,50,2.72701025009,10.6002610858,13.2321736685,0,0,10.9080410004,
MC_G0_D045_DENS_HIGH_V_LOW_S050,MC_G0_D045_DENS_HIGH_V_LOW,50,2.73600244522,10.4053837789,12.7607741652,0,0,10.9440097809,
MC_G0_D045_DENS_HIGH_V_LOW_S050,MC_G0_D045_DENS_HIGH_V_LOW,50,2.74501872063,10.9786094419,14.9547497632,0,0,10.9800748825,
MC_G0_D045_DENS_HIGH_V_LOW_S050,MC_G0_D045_DENS_HIGH_V_LOW,50,2.75401091576,11.3143852322,16.6787672966,0,0,11.016043663,
MC_G0_D045_DENS_HIGH_V_LOW_S050,MC_G0_D045_DENS_HIGH_V_LOW,50,2.76300311089,11.110223887,15.3422799889,0,0,11.0520124435,
MC_G0_D045_DENS_HIGH_V_LOW_S050,MC_G0_D045_DENS_HIGH_V_LOW,50,2.77201962471,10.7013362947,17.8246999974,0,0,11.0880784988,
MC_G0_D045_DENS_HIGH_V_LOW_S050,MC_G0_D045_DENS_HIGH_V_LOW,50,2.78101181984,12.0575304413,22.9226137864,0,0,11.1240472794,
MC_G0_D045_DENS_HIGH_V_LOW_S050,MC_G0_D045_DENS_HIGH_V_LOW,50,2.79000401497,10.1773568675,19.6727250685,0,0,11.1600160599,
MC_G0_D045_DENS_HIGH_V_LOW_S050,MC_G0_D045_DENS_HIGH_V_LOW,50,2.79902029037,10.9121145128,18.8560193538,0,0,11.1960811615,
MC_G0_D045_DENS_HIGH_V_LOW_S050,MC_G0_D045_DENS_HIGH_V_LOW,50,2.80801272392,10.3144522416,18.3817707564,0,0,11.2320508957,
MC_G0_D045_DENS_HIGH_V_LOW_S050,MC_G0_D045_DENS_HIGH_V_LOW,50,2.81700491905,12.199730655,21.7509285881,0,0,11.2680196762,
MC_G0_D045_DENS_HIGH_V_LOW_S050,MC_G0_D045_DENS_HIGH_V_LOW,50,2.82602119446,11.2675966263,16.1089285326,0,0,11.3040847778,
MC_G0_D045_DENS_HIGH_V_LOW_S050,MC_G0_D045_DENS_HIGH_V_LOW,50,2.83501338959,10.7022488874,14.802953403,0,0,11.3400535583,
MC_G0_D045_DENS_HIGH_V_LOW_S050,MC_G0_D045_DENS_HIGH_V_LOW,50,2.84400582314,9.80353693623,13.9399502821,0,0,11.3760232925,
MC_G0_D045_DENS_HIGH_V_LOW_S050,MC_G0_D045_DENS_HIGH_V_LOW,50,2.85302209854,11.9125072537,24.2154685812,0,0,11.4120883942,
MC_G0_D045_DENS_HIGH_V_LOW_S050,MC_G0_D045_DENS_HIGH_V_LOW,50,2.86201429367,12.8377573091,20.3263057498,0,0,11.4480571747,
MC_G0_D045_DENS_HIGH_V_LOW_S050,MC_G0_D045_DENS_HIGH_V_LOW,50,2.8710064888,12.8398104509,15.5637097724,0,0,11.4840259552,
MC_G0_D045_DENS_HIGH_V_LOW_S050,MC_G0_D045_DENS_HIGH_V_LOW,50,2.88002276421,10.8855863864,14.4152870007,0,0,11.5200910568,
MC_G0_D045_DENS_HIGH_V_LOW_S050,MC_G0_D045_DENS_HIGH_V_LOW,50,2.88901495934,12.278142249,17.919471137,0,0,11.5560598373,
MC_G0_D045_DENS_HIGH_V_LOW_S050,MC_G0_D045_DENS_HIGH_V_LOW,50,2.89800739288,11.8729311236,24.3954169945,0,0,11.5920295715,
MC_G0_D045_DENS_HIGH_V_LOW_S050,MC_G0_D045_DENS_HIGH_V_LOW,50,2.90702366829,11.7572513611,18.4349650873,0,0,11.6280946732,
MC_G0_D045_DENS_HIGH_V_LOW_S050,MC_G0_D045_DENS_HIGH_V_LOW,50,2.91601586342,11.864755398,15.5336587203,0,0,11.6640634537,
MC_G0_D045_DENS_HIGH_V_LOW_S050,MC_G0_D045_DENS_HIGH_V_LOW,50,2.92500805855,11.0748668673,17.1140885805,0,0,11.7000322342,
MC_G0_D045_DENS_HIGH_V_LOW_S050,MC_G0_D045_DENS_HIGH_V_LOW,50,2.9340004921,11.6842546885,17.2902830871,0,0,11.7360019684,
MC_G0_D045_DENS_HIGH_V_LOW_S050,MC_G0_D045_DENS_HIGH_V_LOW,50,2.9430167675,11.2797366424,15.2195099261,0,0,11.77206707,
MC_G0_D045_DENS_HIGH_V_LOW_S050,MC_G0_D045_DENS_HIGH_V_LOW,50,2.95200896263,11.3952951352,17.2474063182,0,0,11.8080358505,
MC_G0_D045_DENS_HIGH_V_LOW_S050,MC_G0_D045_DENS_HIGH_V_LOW,50,2.96100115776,10.2517880529,13.9087624713,0,0,11.844004631,
MC_G0_D045_DENS_HIGH_V_LOW_S050,MC_G0_D045_DENS_HIGH_V_LOW,50,2.97001743317,10.4348991307,15.6547995824,0,0,11.8800697327,
MC_G0_D045_DENS_HIGH_V_LOW_S050,MC_G0_D045_DENS_HIGH_V_LOW,50,2.9790096283,11.1860750022,13.9224094376,0,0,11.9160385132,
MC_G0_D045_DENS_HIGH_V_LOW_S050,MC_G0_D045_DENS_HIGH_V_LOW,50,2.98800206184,12.3992507486,15.6507483529,0,0,11.9520082474,
MC_G0_D045_DENS_HIGH_V_LOW_S050,MC_G0_D045_DENS_HIGH_V_LOW,50,2.99701833725,10.6979714448,14.8156476543,0,0,11.988073349,
MC_G0_D045_DENS_HIGH_V_LOW_S050,MC_G0_D045_DENS_HIGH_V_LOW,50,3.00601053238,11.5095020084,14.9989685834,0,0,12.0240421295,
MC_G0_D045_DENS_HIGH_V_LOW_S050,MC_G0_D045_DENS_HIGH_V_LOW,50,3.01500272751,11.2256419219,17.9604007265,0,0,12.06001091,
MC_G0_D045_DENS_HIGH_V_LOW_S050,MC_G0_D045_DENS_HIGH_V_LOW,50,3.02401900291,11.0453407701,23.3019641182,0,0,12.0960760117,
MC_G0_D045_DENS_HIGH_V_LOW_S050,MC_G0_D045_DENS_HIGH_V_LOW,50,3.03301119804,11.9012598745,16.7572044718,0,0,12.1320447922,
MC_G0_D045_DENS_HIGH_V_LOW_S050,MC_G0_D045_DENS_HIGH_V_LOW,50,3.04200363159,13.7530624832,17.2586043532,0,0,12.1680145264,
MC_G0_D045_DENS_HIGH_V_LOW_S050,MC_G0_D045_DENS_HIGH_V_LOW,50,3.051019907,13.510143962,22.4784226449,0,0,12.204079628,
MC_G0_D045_DENS_HIGH_V_LOW_S050,MC_G0_D045_DENS_HIGH_V_LOW,50,3.06001210213,12.2487312813,16.1501967966,0,0,12.2400484085,
MC_G0_D045_DENS_HIGH_V_LOW_S050,MC_G0_D045_DENS_HIGH_V_LOW,50,3.06900429726,13.7902523637,21.0451271256,0,0,12.276017189,
MC_G0_D045_DENS_HIGH_V_LOW_S050,MC_G0_D045_DENS_HIGH_V_LOW,50,3.07802057266,11.9262767351,18.0430305671,0,0,12.3120822906,
MC_G0_D045_DENS_HIGH_V_LOW_S050,MC_G0_D045_DENS_HIGH_V_LOW,50,3.08701276779,12.1051472117,15.3575654904,0,0,12.3480510712,
MC_G0_D045_DENS_HIGH_V_LOW_S050,MC_G0_D045_DENS_HIGH_V_LOW,50,3.09600520134,10.5909670696,13.0292780859,0,0,12.3840208054,
MC_G0_D045_DENS_HIGH_V_LOW_S050,MC_G0_D045_DENS_HIGH_V_LOW,50,3.10502147675,10.646434133,15.9626026132,0,0,12.420085907,
MC_G0_D045_DENS_HIGH_V_LOW_S050,MC_G0_D045_DENS_HIGH_V_LOW,50,3.11401367188,12.0298471828,14.3666251819,0,0,12.4560546875,
MC_G0_D045_DENS_HIGH_V_LOW_S050,MC_G0_D045_DENS_HIGH_V_LOW,50,3.123005867,12.7291119556,15.9524397896,0,0,12.492023468,
MC_G0_D045_DENS_HIGH_V_LOW_S050,MC_G0_D045_DENS_HIGH_V_LOW,50,3.13202214241,11.4422126861,24.2330292686,0,0,12.5280885696,
MC_G0_D045_DENS_HIGH_V_LOW_S050,MC_G0_D045_DENS_HIGH_V_LOW,50,3.14101433754,13.4606444414,23.0554060516,0,0,12.5640573502,
MC_G0_D045_DENS_HIGH_V_LOW_S050,MC_G0_D045_DENS_HIGH_V_LOW,50,3.15000653267,12.525951469,21.5679660495,0,0,12.6000261307,
MC_G0_D045_DENS_HIGH_V_LOW_S050,MC_G0_D045_DENS_HIGH_V_LOW,50,3.15902280807,13.2486189876,19.862231096,0,0,12.6360912323,
MC_G0_D045_DENS_HIGH_V_LOW_S050,MC_G0_D045_DENS_HIGH_V_LOW,50,3.16801524162,11.5383173731,19.2001562389,0,0,12.6720609665,
MC_G0_D045_DENS_HIGH_V_LOW_S050,MC_G0_D045_DENS_HIGH_V_LOW,50,3.17700743675,11.7287361004,19.4387939591,0,0,12.708029747,
MC_G0_D045_DENS_HIGH_V_LOW_S050,MC_G0_D045_DENS_HIGH_V_LOW,50,3.18602371216,13.0900289464,19.3599403821,0,0,12.7440948486,
MC_G0_D045_DENS_HIGH_V_LOW_S050,MC_G0_D045_DENS_HIGH_V_LOW,50,3.19501590729,12.2699649884,18.9676418928,0,0,12.7800636292,
MC_G0_D045_DENS_HIGH_V_LOW_S050,MC_G0_D045_DENS_HIGH_V_LOW,50,3.20400810242,12.7371472233,18.1055768587,0,0,12.8160324097,
MC_G0_D045_DENS_HIGH_V_LOW_S050,MC_G0_D045_DENS_HIGH_V_LOW,50,3.21300029755,13.328709169,13.8939293008,0,0,12.8520011902,
MC_G0_D045_DENS_HIGH_V_LOW_S050,MC_G0_D045_DENS_HIGH_V_LOW,50,3.22201657295,14.0876209716,20.1502021392,0,0,12.8880662918,
MC_G0_D045_DENS_HIGH_V_LOW_S050,MC_G0_D045_DENS_HIGH_V_LOW,50,3.23100876808,12.1600048566,16.9229918329,0,0,12.9240350723,
MC_G0_D045_DENS_HIGH_V_LOW_S050,MC_G0_D045_DENS_HIGH_V_LOW,50,3.24000120163,14.8654308886,18.8196212196,0,0,12.9600048065,
MC_G0_D045_DENS_HIGH_V_LOW_S050,MC_G0_D045_DENS_HIGH_V_LOW,50,3.24901747704,13.5117266081,17.0179693711,0,0,12.9960699081,
MC_G0_D045_DENS_HIGH_V_LOW_S050,MC_G0_D045_DENS_HIGH_V_LOW,50,3.25800967216,12.4993795934,20.0474727371,0,0,13.0320386887,
MC_G0_D045_DENS_HIGH_V_LOW_S050,MC_G0_D045_DENS_HIGH_V_LOW,50,3.26700186729,13.8012510632,21.4100915354,0,0,13.0680074692,
MC_G0_D045_DENS_HIGH_V_LOW_S050,MC_G0_D045_DENS_HIGH_V_LOW,50,3.2760181427,12.9163738336,22.0960575817,0,0,13.1040725708,
MC_G0_D045_DENS_HIGH_V_LOW_S050,MC_G0_D045_DENS_HIGH_V_LOW,50,3.28501033783,12.1788891555,23.2828048423,0,0,13.1400413513,
MC_G0_D045_DENS_HIGH_V_LOW_S050,MC_G0_D045_DENS_HIGH_V_LOW,50,3.29400253296,11.8219065216,20.5241028875,0,0,13.1760101318,
MC_G0_D045_DENS_HIGH_V_LOW_S050,MC_G0_D045_DENS_HIGH_V_LOW,50,3.30301880836,12.8910115846,18.1355551806,0,0,13.2120752335,
MC_G0_D045_DENS_HIGH_V_LOW_S050,MC_G0_D045_DENS_HIGH_V_LOW,50,3.31201100349,14.7716356983,21.5519578987,0,0,13.248044014,
MC_G0_D045_DENS_HIGH_V_LOW_S050,MC_G0_D045_DENS_HIGH_V_LOW,50,3.32100343704,13.511646785,18.4954444267,0,0,13.2840137482,
MC_G0_D045_DENS_HIGH_V_LOW_S050,MC_G0_D045_DENS_HIGH_V_LOW,50,3.33001947403,13.7334920129,24.5439207668,0,0,13.3200778961,
MC_G0_D045_DENS_HIGH_V_LOW_S050,MC_G0_D045_DENS_HIGH_V_LOW,50,3.33901190758,15.1668904294,26.6140093907,0,0,13.3560476303,
MC_G0_D045_DENS_HIGH_V_LOW_S050,MC_G0_D045_DENS_HIGH_V_LOW,50,3.34800410271,12.571548869,18.1828602822,0,0,13.3920164108,
MC_G0_D045_DENS_HIGH_V_LOW_S050,MC_G0_D045_DENS_HIGH_V_LOW,50,3.35702037811,14.2229517951,19.176936975,0,0,13.4280815125,
MC_G0_D045_DENS_HIGH_V_LOW_S050,MC_G0_D045_DENS_HIGH_V_LOW,50,3.36601257324,14.217351899,19.7024801846,0,0,13.464050293,
MC_G0_D045_DENS_HIGH_V_LOW_S050,MC_G0_D045_DENS_HIGH_V_LOW,50,3.37500476837,14.7697920922,20.5145444142,0,0,13.5000190735,
MC_G0_D045_DENS_HIGH_V_LOW_S050,MC_G0_D045_DENS_HIGH_V_LOW,50,3.38402104378,15.1802899616,23.924292502,0,0,13.5360841751,
MC_G0_D045_DENS_HIGH_V_LOW_S050,MC_G0_D045_DENS_HIGH_V_LOW,50,3.39301323891,15.0850947973,26.2445357854,0,0,13.5720529556,
MC_G0_D045_DENS_HIGH_V_LOW_S050,MC_G0_D045_DENS_HIGH_V_LOW,50,3.40200543404,10.9035673029,22.6916033859,0,0,13.6080217361,
MC_G0_D045_DENS_HIGH_V_LOW_S050,MC_G0_D045_DENS_HIGH_V_LOW,50,3.41102170944,16.056946949,23.2242462064,0,0,13.6440868378,
MC_G0_D045_DENS_HIGH_V_LOW_S050,MC_G0_D045_DENS_HIGH_V_LOW,50,3.42001390457,14.5746031682,20.6959892665,0,0,13.6800556183,
MC_G0_D045_DENS_HIGH_V_LOW_S050,MC_G0_D045_DENS_HIGH_V_LOW,50,3.4290060997,15.1776327741,21.5281840436,0,0,13.7160243988,
MC_G0_D045_DENS_HIGH_V_LOW_S050,MC_G0_D045_DENS_HIGH_V_LOW,50,3.43802237511,15.1928267905,24.2717075197,0,0,13.7520895004,
MC_G0_D045_DENS_HIGH_V_LOW_S050,MC_G0_D045_DENS_HIGH_V_LOW,50,3.44701457024,15.6743242205,23.3387215662,0,0,13.7880582809,
MC_G0_D045_DENS_HIGH_V_LOW_S050,MC_G0_D045_DENS_HIGH_V_LOW,50,3.45600676537,14.5880364717,28.5453471602,0,0,13.8240270615,
MC_G0_D045_DENS_HIGH_V_LOW_S050,MC_G0_D045_DENS_HIGH_V_LOW,50,3.46502304077,15.669570142,20.3791980231,0,0,13.8600921631,
MC_G0_D045_DENS_HIGH_V_LOW_S050,MC_G0_D045_DENS_HIGH_V_LOW,50,3.4740152359,15.5844326858,20.0741764384,0,0,13.8960609436,
MC_G0_D045_DENS_HIGH_V_LOW_S050,MC_G0_D045_DENS_HIGH_V_LOW,50,3.48300743103,14.7745937575,20.3839620007,0,0,13.9320297241,
MC_G0_D045_DENS_HIGH_V_LOW_S050,MC_G0_D045_DENS_HIGH_V_LOW,50,3.49202370644,13.2980402202,18.9166610411,0,0,13.9680948257,
MC_G0_D045_DENS_HIGH_V_LOW_S050,MC_G0_D045_DENS_HIGH_V_LOW,50,3.50101590157,15.0611785742,23.3011298606,0,0,14.0040636063,
MC_G0_D045_DENS_HIGH_V_LOW_S050,MC_G0_D045_DENS_HIGH_V_LOW,50,3.51000809669,15.5256107504,25.8211683996,0,0,14.0400323868,
MC_G0_D045_DENS_HIGH_V_LOW_S050,MC_G0_D045_DENS_HIGH_V_LOW,50,3.51900053024,15.4150634585,25.6123100572,0,0,14.076002121,
MC_G0_D045_DENS_HIGH_V_LOW_S050,MC_G0_D045_DENS_HIGH_V_LOW,50,3.52801680565,12.8251997569,20.9700665575,0,0,14.1120672226,
MC_G0_D045_DENS_HIGH_V_LOW_S050,MC_G0_D045_DENS_HIGH_V_LOW,50,3.53700900078,15.7300745023,27.2864692817,0,0,14.1480360031,
MC_G0_D045_DENS_HIGH_V_LOW_S050,MC_G0_D045_DENS_HIGH_V_LOW,50,3.54600119591,14.2292163719,21.6463127023,0,0,14.1840047836,
MC_G0_D045_DENS_HIGH_V_LOW_S050,MC_G0_D045_DENS_HIGH_V_LOW,50,3.55501747131,15.0565948872,21.7994101572,0,0,14.2200698853,
MC_G0_D045_DENS_HIGH_V_LOW_S050,MC_G0_D045_DENS_HIGH_V_LOW,50,3.56400966644,16.1589623816,22.3602360142,0,0,14.2560386658,
MC_G0_D045_DENS_HIGH_V_LOW_S050,MC_G0_D045_DENS_HIGH_V_LOW,50,3.57300186157,15.0610465591,22.1744005368,0,0,14.2920074463,
MC_G0_D045_DENS_HIGH_V_LOW_S050,MC_G0_D045_DENS_HIGH_V_LOW,50,3.58201813698,17.3266497172,24.503137182,0,0,14.3280725479,
MC_G0_D045_DENS_HIGH_V_LOW_S050,MC_G0_D045_DENS_HIGH_V_LOW,50,3.59101033211,15.2717917734,22.1193385434,0,0,14.3640413284,
MC_G0_D045_DENS_HIGH_V_LOW_S050,MC_G0_D045_DENS_HIGH_V_LOW,50,3.60000252724,17.8429853168,29.4406708263,0,0,14.4000101089,
MC_G0_D045_DENS_HIGH_V_LOW_S050,MC_G0_D045_DENS_HIGH_V_LOW,50,3.60901880264,16.8634824298,27.1975534922,0,0,14.4360752106,
MC_G0_D045_DENS_HIGH_V_LOW_S050,MC_G0_D045_DENS_HIGH_V_LOW,50,3.61801099777,16.1807801787,26.8759520069,0,0,14.4720439911,
MC_G0_D045_DENS_HIGH_V_LOW_S050,MC_G0_D045_DENS_HIGH_V_LOW,50,3.6270031929,15.698665655,25.5721975574,0,0,14.5080127716,
MC_G0_D045_DENS_HIGH_V_LOW_S050,MC_G0_D045_DENS_HIGH_V_LOW,50,3.63601922989,15.6499735756,31.1716990255,0,0,14.5440769196,
MC_G0_D045_DENS_HIGH_V_LOW_S050,MC_G0_D045_DENS_HIGH_V_LOW,50,3.64501166344,17.0996482254,24.8379505746,0,0,14.5800466537,
MC_G0_D045_DENS_HIGH_V_LOW_S050,MC_G0_D045_DENS_HIGH_V_LOW,50,3.65400385857,15.5983909796,24.3183384816,0,0,14.6160154343,
MC_G0_D045_DENS_HIGH_V_LOW_S050,MC_G0_D045_DENS_HIGH_V_LOW,50,3.66301989555,16.0789796544,22.0985246991,0,0,14.6520795822,
MC_G0_D045_DENS_HIGH_V_LOW_S050,MC_G0_D045_DENS_HIGH_V_LOW,50,3.67201209068,16.5247071337,23.3355779657,0,0,14.6880483627,
MC_G0_D045_DENS_HIGH_V_LOW_S050,MC_G0_D045_DENS_HIGH_V_LOW,50,3.68100452423,15.2727066688,23.1268375695,0,0,14.7240180969,
MC_G0_D045_DENS_HIGH_V_LOW_S050,MC_G0_D045_DENS_HIGH_V_LOW,50,3.69002056122,17.6761381918,26.1034259513,0,0,14.7600822449,
MC_G0_D045_DENS_HIGH_V_LOW_S050,MC_G0_D045_DENS_HIGH_V_LOW,50,3.69901275635,16.5257110624,21.7211199913,0,0,14.7960510254,
MC_G0_D045_DENS_HIGH_V_LOW_S050,MC_G0_D045_DENS_HIGH_V_LOW,50,3.70800495148,16.4117789649,26.7814999186,0,0,14.8320198059,
MC_G0_D045_DENS_HIGH_V_LOW_S050,MC_G0_D045_DENS_HIGH_V_LOW,50,3.71702122688,16.429709992,17.3129064816,0,0,14.8680849075,
MC_G0_D045_DENS_HIGH_V_LOW_S050,MC_G0_D045_DENS_HIGH_V_LOW,50,3.72601342201,18.2445153702,34.5466024036,0,0,14.904053688,
MC_G0_D045_DENS_HIGH_V_LOW_S050,MC_G0_D045_DENS_HIGH_V_LOW,50,3.73500561714,16.9296143174,30.5053583922,0,0,14.9400224686,
MC_G0_D045_DENS_HIGH_V_LOW_S050,MC_G0_D045_DENS_HIGH_V_LOW,50,3.74402189255,16.3332576141,28.4095779887,0,0,14.9760875702,
MC_G0_D045_DENS_HIGH_V_LOW_S050,MC_G0_D045_DENS_HIGH_V_LOW,50,3.75301408768,14.1674041411,23.0420081601,0,0,15.0120563507,
MC_G0_D045_DENS_HIGH_V_LOW_S050,MC_G0_D045_DENS_HIGH_V_LOW,50,3.76200628281,15.7499734754,26.084427225,0,0,15.0480251312,
MC_G0_D045_DENS_HIGH_V_LOW_S050,MC_G0_D045_DENS_HIGH_V_LOW,50,3.77102255821,13.5127550978,23.9478758455,0,0,15.0840902328,
MC_G0_D045_DENS_HIGH_V_LOW_S050,MC_G0_D045_DENS_HIGH_V_LOW,50,3.78001475334,16.8745870484,23.2609624226,0,0,15.1200590134,
MC_G0_D045_DENS_HIGH_V_LOW_S050,MC_G0_D045_DENS_HIGH_V_LOW,50,3.78900694847,17.8198228078,27.9552811273,0,0,15.1560277939,
MC_G0_D045_DENS_HIGH_V_LOW_S050,MC_G0_D045_DENS_HIGH_V_LOW,50,3.79802322388,16.0169340946,23.7587487639,0,0,15.1920928955,
MC_G0_D045_DENS_HIGH_V_LOW_S050,MC_G0_D045_DENS_HIGH_V_LOW,50,3.80701541901,16.990774148,25.3019629737,0,0,15.228061676,
MC_G0_D045_DENS_HIGH_V_LOW_S050,MC_G0_D045_DENS_HIGH_V_LOW,50,3.81600761414,16.8769663903,25.6132859149,0,0,15.2640304565,
MC_G0_D045_DENS_HIGH_V_LOW_S050,MC_G0_D045_DENS_HIGH_V_LOW,50,3.82502365112,15.3886435537,22.0180765128,0,0,15.3000946045,
MC_G0_D045_DENS_HIGH_V_LOW_S050,MC_G0_D045_DENS_HIGH_V_LOW,50,3.83401584625,16.7132154798,34.1166606271,0,0,15.336063385,
MC_G0_D045_DENS_HIGH_V_LOW_S050,MC_G0_D045_DENS_HIGH_V_LOW,50,3.84300804138,17.7767567205,28.4878410451,0,0,15.3720321655,
MC_G0_D045_DENS_HIGH_V_LOW_S050,MC_G0_D045_DENS_HIGH_V_LOW,50,3.85200023651,16.0340131638,29.3010188612,0,0,15.408000946,
MC_G0_D045_DENS_HIGH_V_LOW_S050,MC_G0_D045_DENS_HIGH_V_LOW,50,3.86101651192,15.6863130332,26.6800945758,0,0,15.4440660477,
MC_G0_D045_DENS_HIGH_V_LOW_S050,MC_G0_D045_DENS_HIGH_V_LOW,50,3.87000870705,18.4352142458,28.2420145604,0,0,15.4800348282,
MC_G0_D045_DENS_HIGH_V_LOW_S050,MC_G0_D045_DENS_HIGH_V_LOW,50,3.87900090218,19.3509722624,41.5371777423,0,0,15.5160036087,
MC_G0_D045_DENS_HIGH_V_LOW_S050,MC_G0_D045_DENS_HIGH_V_LOW,50,3.88801717758,17.2626024401,27.3030051909,0,0,15.5520687103,
MC_G0_D045_DENS_HIGH_V_LOW_S050,MC_G0_D045_DENS_HIGH_V_LOW,50,3.89700937271,17.0389397021,27.534045386,0,0,15.5880374908,
MC_G0_D045_DENS_HIGH_V_LOW_S050,MC_G0_D045_DENS_HIGH_V_LOW,50,3.90600156784,18.0923418766,27.4635341864,0,0,15.6240062714,
MC_G0_D045_DENS_HIGH_V_LOW_S050,MC_G0_D045_DENS_HIGH_V_LOW,50,3.91501784325,18.4471662171,28.3360831505,0,0,15.660071373,
MC_G0_D045_DENS_HIGH_V_LOW_S050,MC_G0_D045_DENS_HIGH_V_LOW,50,3.92401003838,17.4557604807,27.8796418886,0,0,15.6960401535,
MC_G0_D045_DENS_HIGH_V_LOW_S050,MC_G0_D045_DENS_HIGH_V_LOW,50,3.93300223351,16.9179509372,24.1734948316,0,0,15.732008934,
MC_G0_D045_DENS_HIGH_V_LOW_S050,MC_G0_D045_DENS_HIGH_V_LOW,50,3.94201827049,17.5516679125,26.7475058642,0,0,15.768073082,
MC_G0_D045_DENS_HIGH_V_LOW_S050,MC_G0_D045_DENS_HIGH_V_LOW,50,3.95101046562,18.0514202671,25.2315325843,0,0,15.8040418625,
MC_G0_D045_DENS_HIGH_V_LOW_S050,MC_G0_D045_DENS_HIGH_V_LOW,50,3.96000266075,18.3239255203,31.7306836655,0,0,15.840010643,
MC_G0_D045_DENS_HIGH_V_LOW_S050,MC_G0_D045_DENS_HIGH_V_LOW,50,3.96901893616,18.0202217228,26.6584033599,0,0,15.8760757446,
MC_G0_D045_DENS_HIGH_V_LOW_S050,MC_G0_D045_DENS_HIGH_V_LOW,50,3.97801113129,17.0698465851,30.2088727255,0,0,15.9120445251,
MC_G0_D045_DENS_HIGH_V_LOW_S050,MC_G0_D045_DENS_HIGH_V_LOW,50,3.98700332642,17.9886639748,28.8667862374,0,0,15.9480133057,
MC_G0_D045_DENS_HIGH_V_LOW_S050,MC_G0_D045_DENS_HIGH_V_LOW,50,3.9960193634,17.4017632365,34.3357532718,0,0,15.9840774536,
MC_G0_D045_DENS_HIGH_V_LOW_S050,MC_G0_D045_DENS_HIGH_V_LOW,50,4.00501155853,17.070646351,29.5270193207,0,0,16.0200462341,
MC_G0_D045_DENS_HIGH_V_LOW_S050,MC_G0_D045_DENS_HIGH_V_LOW,50,4.01400375366,18.287208438,30.4726884569,0,0,16.0560150146,
MC_G0_D045_DENS_HIGH_V_LOW_S050,MC_G0_D045_DENS_HIGH_V_LOW,50,4.02302026749,18.3524883677,28.8059328342,0,0,16.0920810699,
MC_G0_D045_DENS_HIGH_V_LOW_S050,MC_G0_D045_DENS_HIGH_V_LOW,50,4.03201246262,15.6169360304,25.2395522834,0,0,16.1280498505,
MC_G0_D045_DENS_HIGH_V_LOW_S050,MC_G0_D045_DENS_HIGH_V_LOW,50,4.04100418091,17.1730639691,26.3440008332,0,0,16.1640167236,
MC_G0_D045_DENS_HIGH_V_LOW_S050,MC_G0_D045_DENS_HIGH_V_LOW,50,4.05002069473,18.7129202798,31.7570768759,0,0,16.2000827789,
MC_G0_D045_DENS_HIGH_V_LOW_S050,MC_G0_D045_DENS_HIGH_V_LOW,50,4.05901288986,18.4597122564,28.0564904756,0,0,16.2360515594,
MC_G0_D045_DENS_HIGH_V_LOW_S050,MC_G0_D045_DENS_HIGH_V_LOW,50,4.06800508499,18.1097540536,26.2699049973,0,0,16.27202034,
MC_G0_D045_DENS_HIGH_V_LOW_S050,MC_G0_D045_DENS_HIGH_V_LOW,50,4.07702112198,19.0537510202,27.9259648573,0,0,16.3080844879,
MC_G0_D045_DENS_HIGH_V_LOW_S050,MC_G0_D045_DENS_HIGH_V_LOW,50,4.08601331711,18.2230537068,28.9047317768,0,0,16.3440532684,
MC_G0_D045_DENS_HIGH_V_LOW_S050,MC_G0_D045_DENS_HIGH_V_LOW,50,4.09500551224,17.6245648062,32.3841847029,0,0,16.380022049,
MC_G0_D045_DENS_HIGH_V_LOW_S050,MC_G0_D045_DENS_HIGH_V_LOW,50,4.10402154922,18.683832442,30.1402151762,0,0,16.4160861969,
MC_G0_D045_DENS_HIGH_V_LOW_S050,MC_G0_D045_DENS_HIGH_V_LOW,50,4.11301374435,17.1750073541,34.3353471904,0,0,16.4520549774,
MC_G0_D045_DENS_HIGH_V_LOW_S050,MC_G0_D045_DENS_HIGH_V_LOW,50,4.12200593948,17.3963168463,34.9834298798,0,0,16.4880237579,
MC_G0_D045_DENS_HIGH_V_LOW_S050,MC_G0_D045_DENS_HIGH_V_LOW,50,4.13102245331,19.2949871165,33.8195292393,0,0,16.5240898132,
MC_G0_D045_DENS_HIGH_V_LOW_S050,MC_G0_D045_DENS_HIGH_V_LOW,50,4.14001464844,19.5879470342,32.8762278291,0,0,16.5600585938,
MC_G0_D045_DENS_HIGH_V_LOW_S050,MC_G0_D045_DENS_HIGH_V_LOW,50,4.14900636673,19.7417215946,27.6014743674,0,0,16.5960254669,
MC_G0_D045_DENS_HIGH_V_LOW_S050,MC_G0_D045_DENS_HIGH_V_LOW,50,4.15802288055,18.5157526644,28.0372657928,0,0,16.6320915222,
MC_G0_D045_DENS_HIGH_V_LOW_S050,MC_G0_D045_DENS_HIGH_V_LOW,50,4.16701507568,17.58321031,31.6195030086,0,0,16.6680603027,
MC_G0_D045_DENS_HIGH_V_LOW_S050,MC_G0_D045_DENS_HIGH_V_LOW,50,4.17600727081,18.543125841,27.7375770494,0,0,16.7040290833,
MC_G0_D045_DENS_HIGH_V_LOW_S050,MC_G0_D045_DENS_HIGH_V_LOW,50,4.1850233078,21.0597541683,33.7947627389,0,0,16.7400932312,
MC_G0_D045_DENS_HIGH_V_LOW_S050,MC_G0_D045_DENS_HIGH_V_LOW,50,4.19401550293,18.969235263,31.1877139791,0,0,16.7760620117,
MC_G0_D045_DENS_HIGH_V_LOW_S050,MC_G0_D045_DENS_HIGH_V_LOW,50,4.20300769806,19.6974673715,31.0402094337,0,0,16.8120307922,
MC_G0_D045_DENS_HIGH_V_LOW_S050,MC_G0_D045_DENS_HIGH_V_LOW,50,4.21202373505,17.1638628239,23.4808365226,0,0,16.8480949402,
MC_G0_D045_DENS_HIGH_V_LOW_S050,MC_G0_D045_DENS_HIGH_V_LOW,50,4.22101593018,19.5469133654,25.5721592309,0,0,16.8840637207,
MC_G0_D045_DENS_HIGH_V_LOW_S050,MC_G0_D045_DENS_HIGH_V_LOW,50,4.23000812531,18.7482174322,33.1788819495,0,0,16.9200325012,
MC_G0_D045_DENS_HIGH_V_LOW_S050,MC_G0_D045_DENS_HIGH_V_LOW,50,4.23900032043,18.0170595008,32.6535452865,0,0,16.9560012817,
MC_G0_D045_DENS_HIGH_V_LOW_S050,MC_G0_D045_DENS_HIGH_V_LOW,50,4.24801635742,19.8535875024,36.2555151178,0,0,16.9920654297,
MC_G0_D045_DENS_HIGH_V_LOW_S050,MC_G0_D045_DENS_HIGH_V_LOW,50,4.25700855255,20.0888752441,33.6049767881,0,0,17.0280342102,
MC_G0_D045_DENS_HIGH_V_LOW_S050,MC_G0_D045_DENS_HIGH_V_LOW,50,4.26600074768,19.4690367395,31.3242305992,0,0,17.0640029907,
MC_G0_D045_DENS_HIGH_V_LOW_S050,MC_G0_D045_DENS_HIGH_V_LOW,50,4.27501726151,19.8131632521,30.1581395438,0,0,17.100069046,
MC_G0_D045_DENS_HIGH_V_LOW_S050,MC_G0_D045_DENS_HIGH_V_LOW,50,4.2840089798,19.8437784738,30.4124309566,0,0,17.1360359192,
MC_G0_D045_DENS_HIGH_V_LOW_S050,MC_G0_D045_DENS_HIGH_V_LOW,50,4.29300117493,20.8060886973,31.2286268042,0,0,17.1720046997,
MC_G0_D045_DENS_HIGH_V_LOW_S050,MC_G0_D045_DENS_HIGH_V_LOW,50,4.30201768875,19.8237904673,33.5183315182,0,0,17.208070755,
MC_G0_D045_DENS_HIGH_V_LOW_S050,MC_G0_D045_DENS_HIGH_V_LOW,50,4.31100988388,21.1539807103,34.8837934769,0,0,17.2440395355,
MC_G0_D045_DENS_HIGH_V_LOW_S050,MC_G0_D045_DENS_HIGH_V_LOW,50,4.32000207901,20.719419252,34.695028206,0,0,17.280008316,
MC_G0_D045_DENS_HIGH_V_LOW_S050,MC_G0_D045_DENS_HIGH_V_LOW,50,4.329018116,21.3642347057,31.8843796091,0,0,17.316072464,
MC_G0_D045_DENS_HIGH_V_LOW_S050,MC_G0_D045_DENS_HIGH_V_LOW,50,4.33801031113,21.9512428981,36.4140512581,0,0,17.3520412445,
MC_G0_D045_DENS_HIGH_V_LOW_S050,MC_G0_D045_DENS_HIGH_V_LOW,50,4.34700250626,20.2953959754,32.8352048332,0,0,17.388010025,
MC_G0_D045_DENS_HIGH_V_LOW_S050,MC_G0_D045_DENS_HIGH_V_LOW,50,4.35601854324,19.8274838199,30.9008029529,0,0,17.424074173,
MC_G0_D045_DENS_HIGH_V_LOW_S050,MC_G0_D045_DENS_HIGH_V_LOW,50,4.36501073837,19.8507123365,36.6978847963,0,0,17.4600429535,
MC_G0_D045_DENS_HIGH_V_LOW_S050,MC_G0_D045_DENS_HIGH_V_LOW,50,4.3740029335,17.4029728632,32.4346095696,0,0,17.496011734,
MC_G0_D045_DENS_HIGH_V_LOW_S050,MC_G0_D045_DENS_HIGH_V_LOW,50,4.38301897049,20.6768842952,33.9274674432,0,0,17.532075882,
MC_G0_D045_DENS_HIGH_V_LOW_S050,MC_G0_D045_DENS_HIGH_V_LOW,50,4.39201116562,20.2040568799,34.7870466268,0,0,17.5680446625,
MC_G0_D045_DENS_HIGH_V_LOW_S050,MC_G0_D045_DENS_HIGH_V_LOW,50,4.40100336075,19.2410374591,32.2669983039,0,0,17.604013443,
MC_G0_D045_DENS_HIGH_V_LOW_S050,MC_G0_D045_DENS_HIGH_V_LOW,50,4.41001939774,20.5535929414,31.7818742655,0,0,17.6400775909,
MC_G0_D045_DENS_HIGH_V_LOW_S050,MC_G0_D045_DENS_HIGH_V_LOW,50,4.41901159286,22.3202358356,34.8975489844,0,0,17.6760463715,
MC_G0_D045_DENS_HIGH_V_LOW_S050,MC_G0_D045_DENS_HIGH_V_LOW,50,4.42800378799,20.5138809586,34.407645057,0,0,17.712015152,
MC_G0_D045_DENS_HIGH_V_LOW_S050,MC_G0_D045_DENS_HIGH_V_LOW,50,4.43701982498,20.57454343,31.5088331535,0,0,17.7480792999,
MC_G0_D045_DENS_HIGH_V_LOW_S050,MC_G0_D045_DENS_HIGH_V_LOW,50,4.44601202011,20.5655924995,39.8851702325,0,0,17.7840480804,
MC_G0_D045_DENS_HIGH_V_LOW_S050,MC_G0_D045_DENS_HIGH_V_LOW,50,4.45500421524,22.2467295234,33.5168677076,0,0,17.820016861,
MC_G0_D045_DENS_HIGH_V_LOW_S050,MC_G0_D045_DENS_HIGH_V_LOW,50,4.46402025223,20.4737529747,36.0493881102,0,0,17.8560810089,
MC_G0_D045_DENS_HIGH_V_LOW_S050,MC_G0_D045_DENS_HIGH_V_LOW,50,4.47301244736,21.3836961869,40.462382822,0,0,17.8920497894,
MC_G0_D045_DENS_HIGH_V_LOW_S050,MC_G0_D045_DENS_HIGH_V_LOW,50,4.48200464249,19.6159848914,38.7084545636,0,0,17.9280185699,
MC_G0_D045_DENS_HIGH_V_LOW_S050,MC_G0_D045_DENS_HIGH_V_LOW,50,4.49102115631,19.8967103869,35.3419410994,0,0,17.9640846252,
MC_G0_D045_DENS_HIGH_V_LOW_S050,MC_G0_D045_DENS_HIGH_V_LOW,50,4.5000128746,20.4405511782,34.8804639154,0,0,18.0000514984,
MC_G0_D045_DENS_HIGH_V_LOW_S050,MC_G0_D045_DENS_HIGH_V_LOW,50,4.50900506973,19.9575094786,35.4000451629,0,0,18.0360202789,
MC_G0_D045_DENS_HIGH_V_LOW_S050,MC_G0_D045_DENS_HIGH_V_LOW,50,4.51802158356,21.9125240987,34.500284672,0,0,18.0720863342,
MC_G0_D045_DENS_HIGH_V_LOW_S050,MC_G0_D045_DENS_HIGH_V_LOW,50,4.52701377869,20.4856957357,34.2514512642,0,0,18.1080551147,
MC_G0_D045_DENS_HIGH_V_LOW_S050,MC_G0_D045_DENS_HIGH_V_LOW,50,4.53600549698,21.8353106184,33.0238834218,0,0,18.1440219879,
MC_G0_D045_DENS_HIGH_V_LOW_S050,MC_G0_D045_DENS_HIGH_V_LOW,50,4.5450220108,20.7883203864,33.1931445079,0,0,18.1800880432,
MC_G0_D045_DENS_HIGH_V_LOW_S050,MC_G0_D045_DENS_HIGH_V_LOW,50,4.55401420593,21.7965227412,32.7147224324,0,0,18.2160568237,
MC_G0_D045_DENS_HIGH_V_LOW_S050,MC_G0_D045_DENS_HIGH_V_LOW,50,4.56300592422,21.6054754071,37.1418003269,0,0,18.2520236969,
MC_G0_D045_DENS_HIGH_V_LOW_S050,MC_G0_D045_DENS_HIGH_V_LOW,50,4.57202243805,20.6637748892,33.7312104688,0,0,18.2880897522,
MC_G0_D045_DENS_HIGH_V_LOW_S050,MC_G0_D045_DENS_HIGH_V_LOW,50,4.58101463318,20.6309123408,36.5422076412,0,0,18.3240585327,
MC_G0_D045_DENS_HIGH_V_LOW_S050,MC_G0_D045_DENS_HIGH_V_LOW,50,4.59000635147,22.7497269932,41.2629892723,0,0,18.3600254059,
MC_G0_D045_DENS_HIGH_V_LOW_S050,MC_G0_D045_DENS_HIGH_V_LOW,50,4.5990228653,21.2724473729,51.8832286177,0,0,18.3960914612,
MC_G0_D045_DENS_HIGH_V_LOW_S050,MC_G0_D045_DENS_HIGH_V_LOW,50,4.60801506042,21.1234084702,40.54529921,0,0,18.4320602417,
MC_G0_D045_DENS_HIGH_V_LOW_S050,MC_G0_D045_DENS_HIGH_V_LOW,50,4.61700725555,22.6490869736,37.5937930408,0,0,18.4680290222,
MC_G0_D045_DENS_HIGH_V_LOW_S050,MC_G0_D045_DENS_HIGH_V_LOW,50,4.62602329254,20.7848404071,34.4344146907,0,0,18.5040931702,
MC_G0_D045_DENS_HIGH_V_LOW_S050,MC_G0_D045_DENS_HIGH_V_LOW,50,4.63501548767,21.8671477472,35.8563702735,0,0,18.5400619507,
MC_G0_D045_DENS_HIGH_V_LOW_S050,MC_G0_D045_DENS_HIGH_V_LOW,50,4.6440076828,20.289840596,32.9738074343,0,0,18.5760307312,
MC_G0_D045_DENS_HIGH_V_LOW_S050,MC_G0_D045_DENS_HIGH_V_LOW,50,4.65302371979,20.687008011,38.3577748251,0,0,18.6120948792,
MC_G0_D045_DENS_HIGH_V_LOW_S050,MC_G0_D045_DENS_HIGH_V_LOW,50,4.66201591492,22.5338531458,39.6232019496,0,0,18.6480636597,
MC_G0_D045_DENS_HIGH_V_LOW_S050,MC_G0_D045_DENS_HIGH_V_LOW,50,4.67100811005,22.5537766798,40.4968594256,0,0,18.6840324402,
MC_G0_D045_DENS_HIGH_V_LOW_S050,MC_G0_D045_DENS_HIGH_V_LOW,50,4.68002414703,21.9385356777,37.8142967199,0,0,18.7200965881,
MC_G0_D045_DENS_HIGH_V_LOW_S050,MC_G0_D045_DENS_HIGH_V_LOW,50,4.68901634216,22.9732592511,37.629875532,0,0,18.7560653687,
MC_G0_D045_DENS_HIGH_V_LOW_S050,MC_G0_D045_DENS_HIGH_V_LOW,50,4.69800806046,20.6886136829,38.0473050335,0,0,18.7920322418,
MC_G0_D045_DENS_HIGH_V_LOW_S050,MC_G0_D045_DENS_HIGH_V_LOW,50,4.70700025558,22.2511673797,43.3094710601,0,0,18.8280010223,
MC_G0_D045_DENS_HIGH_V_LOW_S050,MC_G0_D045_DENS_HIGH_V_LOW,50,4.71601676941,21.4448759733,52.6389838383,0,0,18.8640670776,
MC_G0_D045_DENS_HIGH_V_LOW_S050,MC_G0_D045_DENS_HIGH_V_LOW,50,4.7250084877,21.8288464838,42.6506948951,0,0,18.9000339508,
MC_G0_D045_DENS_HIGH_V_LOW_S050,MC_G0_D045_DENS_HIGH_V_LOW,50,4.73400068283,23.5786252171,43.0335403996,0,0,18.9360027313,
MC_G0_D045_DENS_HIGH_V_LOW_S050,MC_G0_D045_DENS_HIGH_V_LOW,50,4.74301719666,20.6746983708,38.4914984557,0,0,18.9720687866,
MC_G0_D045_DENS_HIGH_V_LOW_S050,MC_G0_D045_DENS_HIGH_V_LOW,50,4.75200891495,22.035077089,38.640119886,0,0,19.0080356598,
MC_G0_D045_DENS_HIGH_V_LOW_S050,MC_G0_D045_DENS_HIGH_V_LOW,50,4.76100111008,22.1738971022,36.4207775419,0,0,19.0440044403,
MC_G0_D045_DENS_HIGH_V_LOW_S050,MC_G0_D045_DENS_HIGH_V_LOW,50,4.7700176239,23.2613407505,36.2169146162,0,0,19.0800704956,
MC_G0_D045_DENS_HIGH_V_LOW_S050,MC_G0_D045_DENS_HIGH_V_LOW,50,4.77900934219,21.3974457126,40.0071957261,0,0,19.1160373688,
MC_G0_D045_DENS_HIGH_V_LOW_S050,MC_G0_D045_DENS_HIGH_V_LOW,50,4.78800153732,22.8315364409,39.1817886816,0,0,19.1520061493,
MC_G0_D045_DENS_HIGH_V_LOW_S050,MC_G0_D045_DENS_HIGH_V_LOW,50,4.79701757431,22.9512986935,38.4194960499,0,0,19.1880702972,
MC_G0_D045_DENS_HIGH_V_LOW_S050,MC_G0_D045_DENS_HIGH_V_LOW,50,4.80600976944,24.4298677635,42.2833627528,0,0,19.2240390778,
MC_G0_D045_DENS_HIGH_V_LOW_S050,MC_G0_D045_DENS_HIGH_V_LOW,50,4.81500196457,23.2198204679,40.4636656276,0,0,19.2600078583,
MC_G0_D045_DENS_HIGH_V_LOW_S050,MC_G0_D045_DENS_HIGH_V_LOW,50,4.82401800156,22.5284067556,41.5752850625,0,0,19.2960720062,
MC_G0_D045_DENS_HIGH_V_LOW_S050,MC_G0_D045_DENS_HIGH_V_LOW,50,4.83301019669,22.5575774865,42.8198800526,0,0,19.3320407867,
MC_G0_D045_DENS_HIGH_V_LOW_S050,MC_G0_D045_DENS_HIGH_V_LOW,50,4.84200239182,22.3842754374,45.9559651908,0,0,19.3680095673,
MC_G0_D045_DENS_HIGH_V_LOW_S050,MC_G0_D045_DENS_HIGH_V_LOW,50,4.8510184288,24.0190014799,46.4519375205,0,0,19.4040737152,
MC_G0_D045_DENS_HIGH_V_LOW_S050,MC_G0_D045_DENS_HIGH_V_LOW,50,4.86001062393,23.8932356105,42.7431117125,0,0,19.4400424957,
MC_G0_D045_DENS_HIGH_V_LOW_S050,MC_G0_D045_DENS_HIGH_V_LOW,50,4.86900281906,22.8253915987,41.3653006688,0,0,19.4760112762,
MC_G0_D045_DENS_HIGH_V_LOW_S050,MC_G0_D045_DENS_HIGH_V_LOW,50,4.87801885605,24.0421302176,39.7872384434,0,0,19.5120754242,
MC_G0_D045_DENS_HIGH_V_LOW_S050,MC_G0_D045_DENS_HIGH_V_LOW,50,4.88701105118,22.2725829913,40.1280639807,0,0,19.5480442047,
MC_G0_D045_DENS_HIGH_V_LOW_S050,MC_G0_D045_DENS_HIGH_V_LOW,50,4.89600324631,23.4793928469,40.4398164035,0,0,19.5840129852,
MC_G0_D045_DENS_HIGH_V_LOW_S050,MC_G0_D045_DENS_HIGH_V_LOW,50,4.90501928329,23.5412925762,42.1500615595,0,0,19.6200771332,
MC_G0_D045_DENS_HIGH_V_LOW_S050,MC_G0_D045_DENS_HIGH_V_LOW,50,4.91401147842,25.2674421424,43.6125418755,0,0,19.6560459137,
MC_G0_D045_DENS_HIGH_V_LOW_S050,MC_G0_D045_DENS_HIGH_V_LOW,50,4.92300367355,23.5002097854,42.6346559264,0,0,19.6920146942,
MC_G0_D045_DENS_HIGH_V_LOW_S050,MC_G0_D045_DENS_HIGH_V_LOW,50,4.93201971054,24.9408383311,45.9679866497,0,0,19.7280788422,
MC_G0_D045_DENS_HIGH_V_LOW_S050,MC_G0_D045_DENS_HIGH_V_LOW,50,4.94101190567,24.0921086767,44.3684267598,0,0,19.7640476227,
MC_G0_D045_DENS_HIGH_V_LOW_S050,MC_G0_D045_DENS_HIGH_V_LOW,50,4.9500041008,22.2008849789,43.8662180103,0,0,19.8000164032,
MC_G0_D045_DENS_HIGH_V_LOW_S050,MC_G0_D045_DENS_HIGH_V_LOW,50,4.95902013779,21.5286242008,48.7331275389,0,0,19.8360805511,
MC_G0_D045_DENS_HIGH_V_LOW_S050,MC_G0_D045_DENS_HIGH_V_LOW,50,4.96801233292,22.7927393534,42.0150122686,0,0,19.8720493317,
MC_G0_D045_DENS_HIGH_V_LOW_S050,MC_G0_D045_DENS_HIGH_V_LOW,50,4.97700452805,23.4545264221,44.7849268681,0,0,19.9080181122,
MC_G0_D045_DENS_HIGH_V_LOW_S050,MC_G0_D045_DENS_HIGH_V_LOW,50,4.98602056503,22.8975378484,42.8792415645,0,0,19.9440822601,
MC_G0_D045_DENS_HIGH_V_LOW_S050,MC_G0_D045_DENS_HIGH_V_LOW,50,4.99501276016,23.2816695402,42.9832951665,0,0,19.9800510406,
MC_G0_D045_DENS_HIGH_V_LOW_S050,MC_G0_D045_DENS_HIGH_V_LOW,50,5.00400447845,24.0590312199,43.6132918587,0,0,20.0160179138,
MC_G0_D045_DENS_HIGH_V_LOW_S050,MC_G0_D045_DENS_HIGH_V_LOW,50,5.01302099228,25.8908189586,47.0160782363,0,0,20.0520839691,
MC_G0_D045_DENS_HIGH_V_LOW_S050,MC_G0_D045_DENS_HIGH_V_LOW,50,5.02201271057,23.0214647167,41.5471898874,0,0,20.0880508423,
MC_G0_D045_DENS_HIGH_V_LOW_S050,MC_G0_D045_DENS_HIGH_V_LOW,50,5.0310049057,24.137069027,44.3639886139,0,0,20.1240196228,
MC_G0_D045_DENS_HIGH_V_LOW_S050,MC_G0_D045_DENS_HIGH_V_LOW,50,5.04002094269,24.6646028839,44.8901156419,0,0,20.1600837708,
MC_G0_D045_DENS_HIGH_V_LOW_S050,MC_G0_D045_DENS_HIGH_V_LOW,50,5.04901313782,22.9283695134,44.9891030747,0,0,20.1960525513,
MC_G0_D045_DENS_HIGH_V_LOW_S050,MC_G0_D045_DENS_HIGH_V_LOW,50,5.05800533295,23.3840457117,46.2191137474,0,0,20.2320213318,
MC_G0_D045_DENS_HIGH_V_LOW_S050,MC_G0_D045_DENS_HIGH_V_LOW,50,5.06702136993,23.8211292723,45.9134702943,0,0,20.2680854797,
MC_G0_D045_DENS_HIGH_V_LOW_S050,MC_G0_D045_DENS_HIGH_V_LOW,50,5.07601356506,23.4619361531,45.9793244991,0,0,20.3040542603,
MC_G0_D045_DENS_HIGH_V_LOW_S050,MC_G0_D045_DENS_HIGH_V_LOW,50,5.08500576019,25.9739577676,52.0963836312,0,0,20.3400230408,
MC_G0_D045_DENS_HIGH_V_LOW_S050,MC_G0_D045_DENS_HIGH_V_LOW,50,5.09402179718,22.5644484117,44.2749425911,0,0,20.3760871887,
MC_G0_D045_DENS_HIGH_V_LOW_S050,MC_G0_D045_DENS_HIGH_V_LOW,50,5.10301399231,23.0691052806,43.8439097684,0,0,20.4120559692,
MC_G0_D045_DENS_HIGH_V_LOW_S050,MC_G0_D045_DENS_HIGH_V_LOW,50,5.11200618744,22.6763680466,43.7117178179,0,0,20.4480247498,
MC_G0_D045_DENS_HIGH_V_LOW_S050,MC_G0_D045_DENS_HIGH_V_LOW,50,5.12102222443,24.922078372,43.323419608,0,0,20.4840888977,
MC_G0_D045_DENS_HIGH_V_LOW_S050,MC_G0_D045_DENS_HIGH_V_LOW,50,5.13001441956,23.6492486881,43.1787851852,0,0,20.5200576782,
MC_G0_D045_DENS_HIGH_V_LOW_S050,MC_G0_D045_DENS_HIGH_V_LOW,50,5.13900661469,25.2833085148,45.3943622219,0,0,20.5560264587,
MC_G0_D045_DENS_HIGH_V_LOW_S050,MC_G0_D045_DENS_HIGH_V_LOW,50,5.14802265167,24.5647135084,47.9768396702,0,0,20.5920906067,
MC_G0_D045_DENS_HIGH_V_LOW_S050,MC_G0_D045_DENS_HIGH_V_LOW,50,5.1570148468,23.8567764183,48.4182045424,0,0,20.6280593872,
MC_G0_D045_DENS_HIGH_V_LOW_S050,MC_G0_D045_DENS_HIGH_V_LOW,50,5.16600656509,25.8371870585,52.422294536,0,0,20.6640262604,
MC_G0_D045_DENS_HIGH_V_LOW_S050,MC_G0_D045_DENS_HIGH_V_LOW,50,5.17502307892,25.5188556815,49.7825003232,0,0,20.7000923157,
MC_G0_D045_DENS_HIGH_V_LOW_S050,MC_G0_D045_DENS_HIGH_V_LOW,50,5.18401479721,25.3729191336,53.1125070362,0,0,20.7360591888,
MC_G0_D045_DENS_HIGH_V_LOW_S050,MC_G0_D045_DENS_HIGH_V_LOW,50,5.19300699234,22.8661934736,47.9284983344,0,0,20.7720279694,
MC_G0_D045_DENS_HIGH_V_LOW_S050,MC_G0_D045_DENS_HIGH_V_LOW,50,5.20202302933,20.5568963889,54.1431118345,0,0,20.8080921173,
MC_G0_D045_DENS_HIGH_V_LOW_S050,MC_G0_D045_DENS_HIGH_V_LOW,50,5.21101522446,22.7359483013,48.8654957883,0,0,20.8440608978,
MC_G0_D045_DENS_HIGH_V_LOW_S050,MC_G0_D045_DENS_HIGH_V_LOW,50,5.22000741959,25.7277603598,49.7470683381,0,0,20.8800296783,
MC_G0_D045_DENS_HIGH_V_LOW_S050,MC_G0_D045_DENS_HIGH_V_LOW,50,5.22902345657,24.3993676713,47.7758132182,0,0,20.9160938263,
MC_G0_D045_DENS_HIGH_V_LOW_S050,MC_G0_D045_DENS_HIGH_V_LOW,50,5.2380156517,24.9933143316,47.3791110678,0,0,20.9520626068,
MC_G0_D045_DENS_HIGH_V_LOW_S050,MC_G0_D045_DENS_HIGH_V_LOW,50,5.24700784683,24.4140627935,48.019705803,0,0,20.9880313873,
MC_G0_D045_DENS_HIGH_V_LOW_S050,MC_G0_D045_DENS_HIGH_V_LOW,50,5.25602388382,25.019130958,47.5059538912,0,0,21.0240955353,
MC_G0_D045_DENS_HIGH_V_LOW_S050,MC_G0_D045_DENS_HIGH_V_LOW,50,5.26501607895,25.0914199683,44.790337811,0,0,21.0600643158,
MC_G0_D045_DENS_HIGH_V_LOW_S050,MC_G0_D045_DENS_HIGH_V_LOW,50,5.27400827408,25.992310936,49.0270853482,0,0,21.0960330963,
MC_G0_D045_DENS_HIGH_V_LOW_S050,MC_G0_D045_DENS_HIGH_V_LOW,50,5.28299999237,24.5493905469,46.9846178238,0,0,21.1319999695,
MC_G0_D045_DENS_HIGH_V_LOW_S050,MC_G0_D045_DENS_HIGH_V_LOW,50,5.29201602936,25.0997215687,51.4035582473,0,0,21.1680641174,
MC_G0_D045_DENS_HIGH_V_LOW_S050,MC_G0_D045_DENS_HIGH_V_LOW,50,5.30100822449,24.6662592128,51.269987247,0,0,21.2040328979,
MC_G0_D045_DENS_HIGH_V_LOW_S050,MC_G0_D045_DENS_HIGH_V_LOW,50,5.31000041962,24.0920810456,52.8494799577,0,0,21.2400016785,
MC_G0_D045_DENS_HIGH_V_LOW_S050,MC_G0_D045_DENS_HIGH_V_LOW,50,5.3190164566,21.2681998639,47.0581257583,0,0,21.2760658264,
MC_G0_D045_DENS_HIGH_V_LOW_S050,MC_G0_D045_DENS_HIGH_V_LOW,50,5.32800865173,23.8982659997,52.9497830094,0,0,21.3120346069,
MC_G0_D045_DENS_HIGH_V_LOW_S050,MC_G0_D045_DENS_HIGH_V_LOW,50,5.33700084686,24.5382736478,50.9708310398,0,0,21.3480033875,
MC_G0_D045_DENS_HIGH_V_LOW_S050,MC_G0_D045_DENS_HIGH_V_LOW,50,5.34601688385,26.1819275949,50.8205812573,0,0,21.3840675354,
MC_G0_D045_DENS_HIGH_V_LOW_S050,MC_G0_D045_DENS_HIGH_V_LOW,50,5.35500907898,24.6622281472,48.2883350224,0,0,21.4200363159,
MC_G0_D045_DENS_HIGH_V_LOW_S050,MC_G0_D045_DENS_HIGH_V_LOW,50,5.36400127411,26.209288491,52.5469039997,0,0,21.4560050964,
MC_G0_D045_DENS_HIGH_V_LOW_S050,MC_G0_D045_DENS_HIGH_V_LOW,50,5.3730173111,23.6513747451,50.8797983889,0,0,21.4920692444,
MC_G0_D045_DENS_HIGH_V_LOW_S050,MC_G0_D045_DENS_HIGH_V_LOW,50,5.38200950623,25.6373822114,51.0192357173,0,0,21.5280380249,
MC_G0_D045_DENS_HIGH_V_LOW_S050,MC_G0_D045_DENS_HIGH_V_LOW,50,5.39100122452,26.9856324264,50.9562313946,0,0,21.5640048981,
MC_G0_D045_DENS_HIGH_V_LOW_S050,MC_G0_D045_DENS_HIGH_V_LOW,50,5.40001773834,28.0417777517,54.2154282829,0,0,21.6000709534,
MC_G0_D045_DENS_HIGH_V_LOW_S050,MC_G0_D045_DENS_HIGH_V_LOW,50,5.40900945663,24.2840386698,51.5535482215,0,0,21.6360378265,
MC_G0_D045_DENS_HIGH_V_LOW_S050,MC_G0_D045_DENS_HIGH_V_LOW,50,5.41800165176,25.0435936623,51.9091753401,0,0,21.6720066071,
MC_G0_D045_DENS_HIGH_V_LOW_S050,MC_G0_D045_DENS_HIGH_V_LOW,50,5.42701768875,25.8263741012,56.3253096994,0,0,21.708070755,
MC_G0_D045_DENS_HIGH_V_LOW_S050,MC_G0_D045_DENS_HIGH_V_LOW,50,5.43600988388,25.7355154792,58.6124473393,0,0,21.7440395355,
MC_G0_D045_DENS_HIGH_V_LOW_S050,MC_G0_D045_DENS_HIGH_V_LOW,50,5.44500207901,23.7412294384,54.4661213611,0,0,21.780008316,
MC_G0_D045_DENS_HIGH_V_LOW_S050,MC_G0_D045_DENS_HIGH_V_LOW,50,5.454018116,24.2922343511,52.8967493904,0,0,21.816072464,
MC_G0_D045_DENS_HIGH_V_LOW_S050,MC_G0_D045_DENS_HIGH_V_LOW,50,5.46301031113,24.5661871652,51.5028516232,0,0,21.8520412445,
MC_G0_D045_DENS_HIGH_V_LOW_S050,MC_G0_D045_DENS_HIGH_V_LOW,50,5.47200250626,24.3905395456,51.5121417747,0,0,21.888010025,
MC_G0_D045_DENS_HIGH_V_LOW_S050,MC_G0_D045_DENS_HIGH_V_LOW,50,5.48101854324,25.3743298531,52.4104894101,0,0,21.924074173,
MC_G0_D045_DENS_HIGH_V_LOW_S050,MC_G0_D045_DENS_HIGH_V_LOW,50,5.49001073837,25.4223188754,53.201970791,0,0,21.9600429535,
MC_G0_D045_DENS_HIGH_V_LOW_S050,MC_G0_D045_DENS_HIGH_V_LOW,50,5.49900245667,27.3322795064,55.1861719221,0,0,21.9960098267,
MC_G0_D045_DENS_HIGH_V_LOW_S050,MC_G0_D045_DENS_HIGH_V_LOW,50,5.50801849365,27.436160036,51.9294519418,0,0,22.0320739746,
MC_G0_D045_DENS_HIGH_V_LOW_S050,MC_G0_D045_DENS_HIGH_V_LOW,50,5.51701068878,25.990444304,54.0189872122,0,0,22.0680427551,
MC_G0_D045_DENS_HIGH_V_LOW_S050,MC_G0_D045_DENS_HIGH_V_LOW,50,5.52600288391,25.9421728308,54.3952039819,0,0,22.1040115356,
MC_G0_D045_DENS_HIGH_V_LOW_S050,MC_G0_D045_DENS_HIGH_V_LOW,50,5.5350189209,25.3789565217,56.8617933042,0,0,22.1400756836,
MC_G0_D045_DENS_HIGH_V_LOW_S050,MC_G0_D045_DENS_HIGH_V_LOW,50,5.54401111603,24.508406,55.9678349997,0,0,22.1760444641,
MC_G0_D045_DENS_HIGH_V_LOW_S050,MC_G0_D045_DENS_HIGH_V_LOW,50,5.55300331116,24.595431579,57.2149649874,0,0,22.2120132446,
MC_G0_D045_DENS_HIGH_V_LOW_S050,MC_G0_D045_DENS_HIGH_V_LOW,50,5.56201934814,25.3767076599,60.5634849678,0,0,22.2480773926,
MC_G0_D045_DENS_HIGH_V_LOW_S050,MC_G0_D045_DENS_HIGH_V_LOW,50,5.57101154327,26.0527984107,57.8231434758,0,0,22.2840461731,
MC_G0_D045_DENS_HIGH_V_LOW_S050,MC_G0_D045_DENS_HIGH_V_LOW,50,5.58000326157,26.924555489,54.8604980386,0,0,22.3200130463,
MC_G0_D045_DENS_HIGH_V_LOW_S050,MC_G0_D045_DENS_HIGH_V_LOW,50,5.58901977539,25.9068541875,56.7839828985,0,0,22.3560791016,
MC_G0_D045_DENS_HIGH_V_LOW_S050,MC_G0_D045_DENS_HIGH_V_LOW,50,5.59801149368,27.5042644747,59.2450752099,0,0,22.3920459747,
MC_G0_D045_DENS_HIGH_V_LOW_S050,MC_G0_D045_DENS_HIGH_V_LOW,50,5.60700368881,25.5981814033,54.9080191852,0,0,22.4280147552,
MC_G0_D045_DENS_HIGH_V_LOW_S050,MC_G0_D045_DENS_HIGH_V_LOW,50,5.6160197258,27.3698976684,56.4413004681,0,0,22.4640789032,
MC_G0_D045_DENS_HIGH_V_LOW_S050,MC_G0_D045_DENS_HIGH_V_LOW,50,5.62501192093,26.1032558083,54.7124351544,0,0,22.5000476837,
MC_G0_D045_DENS_HIGH_V_LOW_S050,MC_G0_D045_DENS_HIGH_V_LOW,50,5.63400411606,26.4078944568,54.380008948,0,0,22.5360164642,
MC_G0_D045_DENS_HIGH_V_LOW_S050,MC_G0_D045_DENS_HIGH_V_LOW,50,5.64302015305,26.9357307203,56.4234015312,0,0,22.5720806122,
MC_G0_D045_DENS_HIGH_V_LOW_S050,MC_G0_D045_DENS_HIGH_V_LOW,50,5.65201234818,26.8691521305,56.9081412696,0,0,22.6080493927,
MC_G0_D045_DENS_HIGH_V_LOW_S050,MC_G0_D045_DENS_HIGH_V_LOW,50,5.6610045433,26.686280522,61.4737084127,0,0,22.6440181732,
MC_G0_D045_DENS_HIGH_V_LOW_S050,MC_G0_D045_DENS_HIGH_V_LOW,50,5.67002058029,25.614365533,58.6318968429,0,0,22.6800823212,
MC_G0_D045_DENS_HIGH_V_LOW_S050,MC_G0_D045_DENS_HIGH_V_LOW,50,5.67901229858,24.4475347605,58.7945843584,0,0,22.7160491943,
MC_G0_D045_DENS_HIGH_V_LOW_S050,MC_G0_D045_DENS_HIGH_V_LOW,50,5.68800449371,23.8795306015,65.2357008676,0,0,22.7520179749,
MC_G0_D045_DENS_HIGH_V_LOW_S050,MC_G0_D045_DENS_HIGH_V_LOW,50,5.6970205307,26.162966543,57.5977906137,0,0,22.7880821228,
MC_G0_D045_DENS_HIGH_V_LOW_S050,MC_G0_D045_DENS_HIGH_V_LOW,50,5.70601272583,26.6619191317,59.8342183429,0,0,22.8240509033,
MC_G0_D045_DENS_HIGH_V_LOW_S050,MC_G0_D045_DENS_HIGH_V_LOW,50,5.71500492096,27.1536569419,61.9906968453,0,0,22.8600196838,
MC_G0_D045_DENS_HIGH_V_LOW_S050,MC_G0_D045_DENS_HIGH_V_LOW,50,5.72402095795,24.8213677397,58.7675656621,0,0,22.8960838318,
MC_G0_D045_DENS_HIGH_V_LOW_S050,MC_G0_D045_DENS_HIGH_V_LOW,50,5.73301315308,25.0006688004,57.6461020069,0,0,22.9320526123,
MC_G0_D045_DENS_HIGH_V_LOW_S050,MC_G0_D045_DENS_HIGH_V_LOW,50,5.74200534821,25.9581927091,59.8261416844,0,0,22.9680213928,
MC_G0_D045_DENS_HIGH_V_LOW_S050,MC_G0_D045_DENS_HIGH_V_LOW,50,5.75102138519,27.9591301617,62.2422284233,0,0,23.0040855408,
MC_G0_D045_DENS_HIGH_V_LOW_S050,MC_G0_D045_DENS_HIGH_V_LOW,50,5.76001358032,26.879034842,58.7778685108,0,0,23.0400543213,
MC_G0_D045_DENS_HIGH_V_LOW_S050,MC_G0_D045_DENS_HIGH_V_LOW,50,5.76900529861,28.3125714139,63.432673084,0,0,23.0760211945,
MC_G0_D045_DENS_HIGH_V_LOW_S050,MC_G0_D045_DENS_HIGH_V_LOW,50,5.7780213356,26.4742366475,62.0727167714,0,0,23.1120853424,
MC_G0_D045_DENS_HIGH_V_LOW_S050,MC_G0_D045_DENS_HIGH_V_LOW,50,5.78701353073,26.9957576772,63.0289482744,0,0,23.1480541229,
MC_G0_D045_DENS_HIGH_V_LOW_S050,MC_G0_D045_DENS_HIGH_V_LOW,50,5.79600572586,26.6739570663,63.075855999,0,0,23.1840229034,
MC_G0_D045_DENS_HIGH_V_LOW_S050,MC_G0_D045_DENS_HIGH_V_LOW,50,5.80502176285,25.1253693386,64.3300238118,0,0,23.2200870514,
MC_G0_D045_DENS_HIGH_V_LOW_S050,MC_G0_D045_DENS_HIGH_V_LOW,50,5.81401395798,27.6281560367,65.2497600754,0,0,23.2560558319,
MC_G0_D045_DENS_HIGH_V_LOW_S050,MC_G0_D045_DENS_HIGH_V_LOW,50,5.82300615311,25.7023781551,60.9324124601,0,0,23.2920246124,
MC_G0_D045_DENS_HIGH_V_LOW_S050,MC_G0_D045_DENS_HIGH_V_LOW,50,5.83202219009,26.5995036226,62.2168636202,0,0,23.3280887604,
MC_G0_D045_DENS_HIGH_V_LOW_S050,MC_G0_D045_DENS_HIGH_V_LOW,50,5.84101438522,27.5218163422,61.3168549907,0,0,23.3640575409,
MC_G0_D045_DENS_HIGH_V_LOW_S050,MC_G0_D045_DENS_HIGH_V_LOW,50,5.85000610352,26.6307727795,62.929821159,0,0,23.4000244141,
MC_G0_D045_DENS_HIGH_V_LOW_S050,MC_G0_D045_DENS_HIGH_V_LOW,50,5.85902261734,26.9557632435,63.4322100644,0,0,23.4360904694,
MC_G0_D045_DENS_HIGH_V_LOW_S050,MC_G0_D045_DENS_HIGH_V_LOW,50,5.86801433563,25.9384272862,60.371833138,0,0,23.4720573425,
MC_G0_D045_DENS_HIGH_V_LOW_S050,MC_G0_D045_DENS_HIGH_V_LOW,50,5.87700653076,28.4367669176,62.2459443193,0,0,23.508026123,
MC_G0_D045_DENS_HIGH_V_LOW_S050,MC_G0_D045_DENS_HIGH_V_LOW,50,5.88602256775,27.5076538855,63.9777939471,0,0,23.544090271,
MC_G0_D045_DENS_HIGH_V_LOW_S050,MC_G0_D045_DENS_HIGH_V_LOW,50,5.89501476288,27.5579485668,65.9598587354,0,0,23.5800590515,
MC_G0_D045_DENS_HIGH_V_LOW_S050,MC_G0_D045_DENS_HIGH_V_LOW,50,5.90400695801,28.8285938614,66.2536554023,0,0,23.616027832,
MC_G0_D045_DENS_HIGH_V_LOW_S050,MC_G0_D045_DENS_HIGH_V_LOW,50,5.913022995,26.3385926719,68.8519877977,0,0,23.65209198,
MC_G0_D045_DENS_HIGH_V_LOW_S050,MC_G0_D045_DENS_HIGH_V_LOW,50,5.92201519012,26.9358504549,65.1000948657,0,0,23.6880607605,
MC_G0_D045_DENS_HIGH_V_LOW_S050,MC_G0_D045_DENS_HIGH_V_LOW,50,5.93100690842,27.0203186252,66.2665336708,0,0,23.7240276337,
MC_G0_D045_DENS_HIGH_V_LOW_S050,MC_G0_D045_DENS_HIGH_V_LOW,50,5.94002342224,26.6932896025,67.4299227585,0,0,23.760093689,
MC_G0_D045_DENS_HIGH_V_LOW_S050,MC_G0_D045_DENS_HIGH_V_LOW,50,5.94901514053,26.4285717049,63.6637714806,0,0,23.7960605621,
MC_G0_D045_DENS_HIGH_V_LOW_S050,MC_G0_D045_DENS_HIGH_V_LOW,50,5.95800733566,28.0970951469,65.9369309633,0,0,23.8320293427,
MC_G0_D045_DENS_HIGH_V_LOW_S050,MC_G0_D045_DENS_HIGH_V_LOW,50,5.96702337265,26.8756208702,62.9433689763,0,0,23.8680934906,
MC_G0_D045_DENS_HIGH_V_LOW_S050,MC_G0_D045_DENS_HIGH_V_LOW,50,5.97601556778,27.5340968162,65.2340541688,0,0,23.9040622711,
MC_G0_D045_DENS_HIGH_V_LOW_S050,MC_G0_D045_DENS_HIGH_V_LOW,50,5.98500776291,27.9971535793,65.2856389904,0,0,23.9400310516,
MC_G0_D045_DENS_HIGH_V_LOW_S050,MC_G0_D045_DENS_HIGH_V_LOW,50,5.9940237999,29.4478674642,68.642280196,0,0,23.9760951996,
MC_G0_D045_DENS_HIGH_V_LOW_S050,MC_G0_D045_DENS_HIGH_V_LOW,50,6.00301599503,28.1909271786,67.1587927203,0,0,24.0120639801,
MC_G0_D045_DENS_HIGH_V_LOW_S050,MC_G0_D045_DENS_HIGH_V_LOW,50,6.01200771332,28.2858705933,69.161791797,0,0,24.0480308533,
MC_G0_D045_DENS_HIGH_V_LOW_S050,MC_G0_D045_DENS_HIGH_V_LOW,50,6.02102375031,26.7881869654,66.9144014448,0,0,24.0840950012,
MC_G0_D045_DENS_HIGH_V_LOW_S050,MC_G0_D045_DENS_HIGH_V_LOW,50,6.03001594543,26.9684305525,68.6424844787,0,0,24.1200637817,
MC_G0_D045_DENS_HIGH_V_LOW_S050,MC_G0_D045_DENS_HIGH_V_LOW,50,6.03900814056,28.6000818712,72.9433407131,0,0,24.1560325623,
MC_G0_D045_DENS_HIGH_V_LOW_S050,MC_G0_D045_DENS_HIGH_V_LOW,50,6.04800033569,26.2892128859,66.1013723149,0,0,24.1920013428,
MC_G0_D045_DENS_HIGH_V_LOW_S050,MC_G0_D045_DENS_HIGH_V_LOW,50,6.05701637268,28.916749244,70.580338124,0,0,24.2280654907,
MC_G0_D045_DENS_HIGH_V_LOW_S050,MC_G0_D045_DENS_HIGH_V_LOW,50,6.06600856781,28.0517679173,69.9190031845,0,0,24.2640342712,
MC_G0_D045_DENS_HIGH_V_LOW_S050,MC_G0_D045_DENS_HIGH_V_LOW,50,6.0750002861,29.2959825617,68.1609342062,0,0,24.3000011444,
MC_G0_D045_DENS_HIGH_V_LOW_S050,MC_G0_D045_DENS_HIGH_V_LOW,50,6.08401679993,27.6312660667,66.7836639412,0,0,24.3360671997,
MC_G0_D045_DENS_HIGH_V_LOW_S050,MC_G0_D045_DENS_HIGH_V_LOW,50,6.09300851822,27.8982128704,66.4258407466,0,0,24.3720340729,
MC_G0_D045_DENS_HIGH_V_LOW_S050,MC_G0_D045_DENS_HIGH_V_LOW,50,6.10200071335,28.644506486,68.7321708518,0,0,24.4080028534,
MC_G0_D045_DENS_HIGH_V_LOW_S050,MC_G0_D045_DENS_HIGH_V_LOW,50,6.11101675034,27.8771027356,66.5754742688,0,0,24.4440670013,
MC_G0_D045_DENS_HIGH_V_LOW_S050,MC_G0_D045_DENS_HIGH_V_LOW,50,6.12000894547,28.5108273862,67.7006346882,0,0,24.4800357819,
MC_G0_D045_DENS_HIGH_V_LOW_S050,MC_G0_D045_DENS_HIGH_V_LOW,50,6.12900114059,27.8776123752,70.5075504177,0,0,24.5160045624,
MC_G0_D045_DENS_HIGH_V_LOW_S050,MC_G0_D045_DENS_HIGH_V_LOW,50,6.13801717758,29.2459119991,71.9473940853,0,0,24.5520687103,
MC_G0_D045_DENS_HIGH_V_LOW_S050,MC_G0_D045_DENS_HIGH_V_LOW,50,6.14700937271,27.3185530066,71.5191063259,0,0,24.5880374908,
MC_G0_D045_DENS_HIGH_V_LOW_S050,MC_G0_D045_DENS_HIGH_V_LOW,50,6.156001091,27.2111479809,71.2853042057,0,0,24.624004364,
MC_G0_D045_DENS_HIGH_V_LOW_S050,MC_G0_D045_DENS_HIGH_V_LOW,50,6.16501712799,25.793311995,71.5735563992,0,0,24.660068512,
MC_G0_D045_DENS_HIGH_V_LOW_S050,MC_G0_D045_DENS_HIGH_V_LOW,50,6.17400932312,25.5404309393,70.2002471627,0,0,24.6960372925,
MC_G0_D045_DENS_HIGH_V_LOW_S050,MC_G0_D045_DENS_HIGH_V_LOW,50,6.18300151825,25.7019437334,70.2867665302,0,0,24.732006073,
MC_G0_D045_DENS_HIGH_V_LOW_S050,MC_G0_D045_DENS_HIGH_V_LOW,50,6.19201755524,27.4841582686,71.0300357154,0,0,24.7680702209,
MC_G0_D045_DENS_HIGH_V_LOW_S050,MC_G0_D045_DENS_HIGH_V_LOW,50,6.20100975037,28.1910591937,71.6465707956,0,0,24.8040390015,
MC_G0_D045_DENS_HIGH_V_LOW_S050,MC_G0_D045_DENS_HIGH_V_LOW,50,6.2100019455,27.5032267746,70.1340473268,0,0,24.840007782,
MC_G0_D045_DENS_HIGH_V_LOW_S050,MC_G0_D045_DENS_HIGH_V_LOW,50,6.21901798248,28.5610729456,70.1309700956,0,0,24.8760719299,
MC_G0_D045_DENS_HIGH_V_LOW_S050,MC_G0_D045_DENS_HIGH_V_LOW,50,6.22800970078,28.9482578702,70.101362021,0,0,24.9120388031,
MC_G0_D045_DENS_HIGH_V_LOW_S050,MC_G0_D045_DENS_HIGH_V_LOW,50,6.2370018959,29.448327982,72.6552335065,0,0,24.9480075836,
MC_G0_D045_DENS_HIGH_V_LOW_S050,MC_G0_D045_DENS_HIGH_V_LOW,50,6.24601793289,26.3304169463,69.8624555087,0,0,24.9840717316,
MC_G0_D045_DENS_HIGH_V_LOW_S050,MC_G0_D045_DENS_HIGH_V_LOW,50,6.25501012802,27.4859665684,72.7952286122,0,0,25.0200405121,
MC_G0_D045_DENS_HIGH_V_LOW_S050,MC_G0_D045_DENS_HIGH_V_LOW,50,6.26400232315,28.6226625928,75.0489789478,0,0,25.0560092926,
MC_G0_D045_DENS_HIGH_V_LOW_S050,MC_G0_D045_DENS_HIGH_V_LOW,50,6.27301836014,27.6807809379,74.16532683,0,0,25.0920734406,
MC_G0_D045_DENS_HIGH_V_LOW_S050,MC_G0_D045_DENS_HIGH_V_LOW,50,6.28201055527,28.282392149,76.0126236819,0,0,25.1280422211,
MC_G0_D045_DENS_HIGH_V_LOW_S050,MC_G0_D045_DENS_HIGH_V_LOW,50,6.29100227356,27.807886914,74.247236956,0,0,25.1640090942,
MC_G0_D045_DENS_HIGH_V_LOW_S050,MC_G0_D045_DENS_HIGH_V_LOW,50,6.30001878738,29.5777396171,75.9275869288,0,0,25.2000751495,
MC_G0_D045_DENS_HIGH_V_LOW_S050,MC_G0_D045_DENS_HIGH_V_LOW,50,6.30901050568,31.2177140271,76.7888365594,0,0,25.2360420227,
MC_G0_D045_DENS_HIGH_V_LOW_S050,MC_G0_D045_DENS_HIGH_V_LOW,50,6.31800270081,27.9565942438,74.2406994506,0,0,25.2720108032,
MC_G0_D045_DENS_HIGH_V_LOW_S050,MC_G0_D045_DENS_HIGH_V_LOW,50,6.32701873779,27.4173924016,71.8240605088,0,0,25.3080749512,
MC_G0_D045_DENS_HIGH_V_LOW_S050,MC_G0_D045_DENS_HIGH_V_LOW,50,6.33601093292,28.2298040892,72.3911515479,0,0,25.3440437317,
MC_G0_D045_DENS_HIGH_V_LOW_S050,MC_G0_D045_DENS_HIGH_V_LOW,50,6.34500312805,28.814980956,70.9778862983,0,0,25.3800125122,
MC_G0_D045_DENS_HIGH_V_LOW_S050,MC_G0_D045_DENS_HIGH_V_LOW,50,6.35401916504,28.4088411197,75.7254769818,0,0,25.4160766602,
MC_G0_D045_DENS_HIGH_V_LOW_S050,MC_G0_D045_DENS_HIGH_V_LOW,50,6.36301088333,29.0777002064,76.5304502311,0,0,25.4520435333,
MC_G0_D045_DENS_HIGH_V_LOW_S050,MC_G0_D045_DENS_HIGH_V_LOW,50,6.37200307846,28.4297670474,76.764321844,0,0,25.4880123138,
MC_G0_D045_DENS_HIGH_V_LOW_S050,MC_G0_D045_DENS_HIGH_V_LOW,50,6.38101911545,26.6691953125,74.2393038814,0,0,25.5240764618,
MC_G0_D045_DENS_HIGH_V_LOW_S050,MC_G0_D045_DENS_HIGH_V_LOW,50,6.39001131058,28.7993417723,76.7689001705,0,0,25.5600452423,
MC_G0_D045_DENS_HIGH_V_LOW_S050,MC_G0_D045_DENS_HIGH_V_LOW,50,6.39900350571,28.3312899264,76.2938332992,0,0,25.5960140228,
MC_G0_D045_DENS_HIGH_V_LOW_S050,MC_G0_D045_DENS_HIGH_V_LOW,50,6.40801954269,27.4201708588,74.2856456641,0,0,25.6320781708,
MC_G0_D045_DENS_HIGH_V_LOW_S050,MC_G0_D045_DENS_HIGH_V_LOW,50,6.41701173782,26.7379997383,78.2592240966,0,0,25.6680469513,
MC_G0_D045_DENS_HIGH_V_LOW_S050,MC_G0_D045_DENS_HIGH_V_LOW,50,6.42600345612,28.1069410169,76.710627859,0,0,25.7040138245,
MC_G0_D045_DENS_HIGH_V_LOW_S050,MC_G0_D045_DENS_HIGH_V_LOW,50,6.4350194931,28.0569840487,77.562169413,0,0,25.7400779724,
MC_G0_D045_DENS_HIGH_V_LOW_S050,MC_G0_D045_DENS_HIGH_V_LOW,50,6.44401168823,30.3018823277,77.0482305621,0,0,25.7760467529,
MC_G0_D045_DENS_HIGH_V_LOW_S050,MC_G0_D045_DENS_HIGH_V_LOW,50,6.45300388336,29.6273343113,78.3717257963,0,0,25.8120155334,
MC_G0_D045_DENS_HIGH_V_LOW_S050,MC_G0_D045_DENS_HIGH_V_LOW,50,6.46201992035,28.2578711125,76.3417834875,0,0,25.8480796814,
MC_G0_D045_DENS_HIGH_V_LOW_S050,MC_G0_D045_DENS_HIGH_V_LOW,50,6.47101211548,29.7437470646,83.0877418911,0,0,25.8840484619,
MC_G0_D045_DENS_HIGH_V_LOW_S050,MC_G0_D045_DENS_HIGH_V_LOW,50,6.48000383377,29.2950860871,77.3006677731,0,0,25.9200153351,
MC_G0_D045_DENS_HIGH_V_LOW_S050,MC_G0_D045_DENS_HIGH_V_LOW,50,6.48901987076,29.2152844969,77.2259916219,0,0,25.956079483,
MC_G0_D045_DENS_HIGH_V_LOW_S050,MC_G0_D045_DENS_HIGH_V_LOW,50,6.49801206589,28.7378565091,77.7564800637,0,0,25.9920482635,
MC_G0_D045_DENS_HIGH_V_LOW_S050,MC_G0_D045_DENS_HIGH_V_LOW,50,6.50700426102,27.3789545179,78.5650984177,0,0,26.0280170441,
MC_G0_D045_DENS_HIGH_V_LOW_S050,MC_G0_D045_DENS_HIGH_V_LOW,50,6.516020298,27.8521181112,82.5406102624,0,0,26.064081192,
MC_G0_D045_DENS_HIGH_V_LOW_S050,MC_G0_D045_DENS_HIGH_V_LOW,50,6.52501249313,26.3965595793,78.4630998824,0,0,26.1000499725,
MC_G0_D045_DENS_HIGH_V_LOW_S050,MC_G0_D045_DENS_HIGH_V_LOW,50,6.53400421143,27.6870624003,79.6638214639,0,0,26.1360168457,
MC_G0_D045_DENS_HIGH_V_LOW_S050,MC_G0_D045_DENS_HIGH_V_LOW,50,6.54302024841,27.7027261449,78.4713671098,0,0,26.1720809937,
MC_G0_D045_DENS_HIGH_V_LOW_S050,MC_G0_D045_DENS_HIGH_V_LOW,50,6.55201244354,29.0446964326,80.6337628406,0,0,26.2080497742,
MC_G0_D045_DENS_HIGH_V_LOW_S050,MC_G0_D045_DENS_HIGH_V_LOW,50,6.56100463867,29.4878557577,79.3173134704,0,0,26.2440185547,
MC_G0_D045_DENS_HIGH_V_LOW_S050,MC_G0_D045_DENS_HIGH_V_LOW,50,6.57002067566,27.7778243136,81.3564779878,0,0,26.2800827026,
MC_G0_D045_DENS_HIGH_V_LOW_S050,MC_G0_D045_DENS_HIGH_V_LOW,50,6.57901287079,28.4237404048,80.0778182249,0,0,26.3160514832,
MC_G0_D045_DENS_HIGH_V_LOW_S050,MC_G0_D045_DENS_HIGH_V_LOW,50,6.58800458908,29.151137441,81.7360877491,0,0,26.3520183563,
MC_G0_D045_DENS_HIGH_V_LOW_S050,MC_G0_D045_DENS_HIGH_V_LOW,50,6.59702062607,29.8935442865,81.8486439118,0,0,26.3880825043,
MC_G0_D045_DENS_HIGH_V_LOW_S050,MC_G0_D045_DENS_HIGH_V_LOW,50,6.6060128212,28.919702698,81.8119245504,0,0,26.4240512848,
MC_G0_D045_DENS_HIGH_V_LOW_S050,MC_G0_D045_DENS_HIGH_V_LOW,50,6.61500501633,30.2513727381,85.6877908433,0,0,26.4600200653,
MC_G0_D045_DENS_HIGH_V_LOW_S050,MC_G0_D045_DENS_HIGH_V_LOW,50,6.62402105331,29.0508182488,85.1603740544,0,0,26.4960842133,
MC_G0_D045_DENS_HIGH_V_LOW_S050,MC_G0_D045_DENS_HIGH_V_LOW,50,6.63301277161,29.5034488896,82.4264111846,0,0,26.5320510864,
MC_G0_D045_DENS_HIGH_V_LOW_S050,MC_G0_D045_DENS_HIGH_V_LOW,50,6.64200496674,26.9032058849,83.2857356713,0,0,26.5680198669,
MC_G0_D045_DENS_HIGH_V_LOW_S050,MC_G0_D045_DENS_HIGH_V_LOW,50,6.65102100372,29.8338611829,85.6003081659,0,0,26.6040840149,
MC_G0_D045_DENS_HIGH_V_LOW_S050,MC_G0_D045_DENS_HIGH_V_LOW,50,6.66001319885,29.1238532979,84.3243131005,0,0,26.6400527954,
MC_G0_D045_DENS_HIGH_V_LOW_S050,MC_G0_D045_DENS_HIGH_V_LOW,50,6.66900539398,28.8727237447,83.7759979973,0,0,26.6760215759,
MC_G0_D045_DENS_HIGH_V_LOW_S050,MC_G0_D045_DENS_HIGH_V_LOW,50,6.67802143097,29.4946499299,85.0994641936,0,0,26.7120857239,
MC_G0_D045_DENS_HIGH_V_LOW_S050,MC_G0_D045_DENS_HIGH_V_LOW,50,6.68701314926,29.1222077144,82.7466651446,0,0,26.748052597,
MC_G0_D045_DENS_HIGH_V_LOW_S050,MC_G0_D045_DENS_HIGH_V_LOW,50,6.69600534439,29.5092022916,84.4274821492,0,0,26.7840213776,
MC_G0_D045_DENS_HIGH_V_LOW_S050,MC_G0_D045_DENS_HIGH_V_LOW,50,6.70502138138,30.140639704,84.4398823554,0,0,26.8200855255,
MC_G0_D045_DENS_HIGH_V_LOW_S050,MC_G0_D045_DENS_HIGH_V_LOW,50,6.71401357651,29.9836430542,82.9797196249,0,0,26.856054306,
MC_G0_D045_DENS_HIGH_V_LOW_S050,MC_G0_D045_DENS_HIGH_V_LOW,50,6.7230052948,30.2015969068,83.9996937788,0,0,26.8920211792,
MC_G0_D045_DENS_HIGH_V_LOW_S050,MC_G0_D045_DENS_HIGH_V_LOW,50,6.73202133179,30.3652465034,85.6778779872,0,0,26.9280853271,
MC_G0_D045_DENS_HIGH_V_LOW_S050,MC_G0_D045_DENS_HIGH_V_LOW,50,6.74101352692,29.8001973335,87.0726475969,0,0,26.9640541077,
MC_G0_D045_DENS_HIGH_V_LOW_S050,MC_G0_D045_DENS_HIGH_V_LOW,50,6.75000572205,27.8522501263,85.500130965,0,0,27.0000228882,
MC_G0_D045_DENS_HIGH_V_LOW_S050,MC_G0_D045_DENS_HIGH_V_LOW,50,6.75902175903,29.6399494282,86.1829771669,0,0,27.0360870361,
MC_G0_D045_DENS_HIGH_V_LOW_S050,MC_G0_D045_DENS_HIGH_V_LOW,50,6.76801395416,28.5508893625,87.7528296626,0,0,27.0720558167,
MC_G0_D045_DENS_HIGH_V_LOW_S050,MC_G0_D045_DENS_HIGH_V_LOW,50,6.77700567245,27.4470466762,83.7276331658,0,0,27.1080226898,
MC_G0_D045_DENS_HIGH_V_LOW_S050,MC_G0_D045_DENS_HIGH_V_LOW,50,6.78602170944,29.1300641476,85.0544483765,0,0,27.1440868378,
MC_G0_D045_DENS_HIGH_V_LOW_S050,MC_G0_D045_DENS_HIGH_V_LOW,50,6.79501390457,29.7535253921,85.0040815078,0,0,27.1800556183,
MC_G0_D045_DENS_HIGH_V_LOW_S050,MC_G0_D045_DENS_HIGH_V_LOW,50,6.8040060997,29.8145225064,85.5441204161,0,0,27.2160243988,
MC_G0_D045_DENS_HIGH_V_LOW_S050,MC_G0_D045_DENS_HIGH_V_LOW,50,6.81302213669,29.8280740095,85.2368346089,0,0,27.2520885468,
MC_G0_D045_DENS_HIGH_V_LOW_S050,MC_G0_D045_DENS_HIGH_V_LOW,50,6.82201385498,29.1944230417,84.7617481138,0,0,27.2880554199,
MC_G0_D045_DENS_HIGH_V_LOW_S050,MC_G0_D045_DENS_HIGH_V_LOW,50,6.83100605011,30.0680344715,87.1191301184,0,0,27.3240242004,
MC_G0_D045_DENS_HIGH_V_LOW_S050,MC_G0_D045_DENS_HIGH_V_LOW,50,6.8400220871,29.303243392,86.1790652517,0,0,27.3600883484,
MC_G0_D045_DENS_HIGH_V_LOW_S050,MC_G0_D045_DENS_HIGH_V_LOW,50,6.84901428223,29.7658856892,89.4360580978,0,0,27.3960571289,
MC_G0_D045_DENS_HIGH_V_LOW_S050,MC_G0_D045_DENS_HIGH_V_LOW,50,6.85800600052,29.9572860869,89.2747978538,0,0,27.4320240021,
MC_G0_D045_DENS_HIGH_V_LOW_S050,MC_G0_D045_DENS_HIGH_V_LOW,50,6.86702203751,29.7202667983,89.8342509931,0,0,27.46808815,
MC_G0_D045_DENS_HIGH_V_LOW_S050,MC_G0_D045_DENS_HIGH_V_LOW,50,6.87601423264,29.3270398805,88.3581929966,0,0,27.5040569305,
MC_G0_D045_DENS_HIGH_V_LOW_S050,MC_G0_D045_DENS_HIGH_V_LOW,50,6.88500642776,28.9183671965,89.0899022295,0,0,27.5400257111,
MC_G0_D045_DENS_HIGH_V_LOW_S050,MC_G0_D045_DENS_HIGH_V_LOW,50,6.89402246475,28.957373052,89.1460585638,0,0,27.576089859,
MC_G0_D045_DENS_HIGH_V_LOW_S050,MC_G0_D045_DENS_HIGH_V_LOW,50,6.90301418304,29.8152685452,94.0127794417,0,0,27.6120567322,
MC_G0_D045_DENS_HIGH_V_LOW_S050,MC_G0_D045_DENS_HIGH_V_LOW,50,6.91200637817,30.7633978913,89.3926838278,0,0,27.6480255127,
MC_G0_D045_DENS_HIGH_V_LOW_S050,MC_G0_D045_DENS_HIGH_V_LOW,50,6.92102241516,32.94507322,92.6512988081,0,0,27.6840896606,
MC_G0_D045_DENS_HIGH_V_LOW_S050,MC_G0_D045_DENS_HIGH_V_LOW,50,6.93001461029,29.5084961644,89.3913766437,0,0,27.7200584412,
MC_G0_D045_DENS_HIGH_V_LOW_S050,MC_G0_D045_DENS_HIGH_V_LOW,50,6.93900632858,30.0542864809,90.0659542499,0,0,27.7560253143,
MC_G0_D045_DENS_HIGH_V_LOW_S050,MC_G0_D045_DENS_HIGH_V_LOW,50,6.94802236557,32.1493906081,90.7798396633,0,0,27.7920894623,
MC_G0_D045_DENS_HIGH_V_LOW_S050,MC_G0_D045_DENS_HIGH_V_LOW,50,6.9570145607,28.8455900374,89.3058815004,0,0,27.8280582428,
MC_G0_D045_DENS_HIGH_V_LOW_S050,MC_G0_D045_DENS_HIGH_V_LOW,50,6.96600675583,29.8433324985,89.5896970611,0,0,27.8640270233,
MC_G0_D045_DENS_HIGH_V_LOW_S050,MC_G0_D045_DENS_HIGH_V_LOW,50,6.97502279282,30.4068803804,92.3124051956,0,0,27.9000911713,
MC_G0_D045_DENS_HIGH_V_LOW_S050,MC_G0_D045_DENS_HIGH_V_LOW,50,6.98401451111,29.0319462304,90.9183624467,0,0,27.9360580444,
MC_G0_D045_DENS_HIGH_V_LOW_S050,MC_G0_D045_DENS_HIGH_V_LOW,50,6.99300670624,28.9416172039,92.4044032235,0,0,27.972026825,
MC_G0_D045_DENS_HIGH_V_LOW_S050,MC_G0_D045_DENS_HIGH_V_LOW,50,7.00202274323,29.1771198539,93.8442500935,0,0,28.0080909729,
MC_G0_D045_DENS_HIGH_V_LOW_S050,MC_G0_D045_DENS_HIGH_V_LOW,50,7.01101493835,27.9732465665,90.3800170559,0,0,28.0440597534,
MC_G0_D045_DENS_HIGH_V_LOW_S050,MC_G0_D045_DENS_HIGH_V_LOW,50,7.02000665665,27.1834524419,90.3083910347,0,0,28.0800266266,
MC_G0_D045_DENS_HIGH_V_LOW_S050,MC_G0_D045_DENS_HIGH_V_LOW,50,7.02902269363,30.1668523757,91.4717307296,0,0,28.1160907745,
MC_G0_D045_DENS_HIGH_V_LOW_S050,MC_G0_D045_DENS_HIGH_V_LOW,50,7.03801488876,28.8678238356,90.1011929728,0,0,28.1520595551,
MC_G0_D045_DENS_HIGH_V_LOW_S050,MC_G0_D045_DENS_HIGH_V_LOW,50,7.04700708389,30.1631498128,92.0597253077,0,0,28.1880283356,
MC_G0_D045_DENS_HIGH_V_LOW_S050,MC_G0_D045_DENS_HIGH_V_LOW,50,7.05602312088,30.3581975113,90.5450887574,0,0,28.2240924835,
MC_G0_D045_DENS_HIGH_V_LOW_S050,MC_G0_D045_DENS_HIGH_V_LOW,50,7.06501483917,30.3833602026,91.5511630602,0,0,28.2600593567,
MC_G0_D045_DENS_HIGH_V_LOW_S050,MC_G0_D045_DENS_HIGH_V_LOW,50,7.0740070343,29.9110562425,92.4099073977,0,0,28.2960281372,
MC_G0_D045_DENS_HIGH_V_LOW_S050,MC_G0_D045_DENS_HIGH_V_LOW,50,7.08302307129,30.2415606393,92.0412774527,0,0,28.3320922852,
MC_G0_D045_DENS_HIGH_V_LOW_S050,MC_G0_D045_DENS_HIGH_V_LOW,50,7.09201526642,30.5325157697,94.1200413853,0,0,28.3680610657,
MC_G0_D045_DENS_HIGH_V_LOW_S050,MC_G0_D045_DENS_HIGH_V_LOW,50,7.10100698471,30.1238952777,94.4924588429,0,0,28.4040279388,
MC_G0_D045_DENS_HIGH_V_LOW_S050,MC_G0_D045_DENS_HIGH_V_LOW,50,7.1100230217,29.4421140622,95.8179242141,0,0,28.4400920868,
MC_G0_D045_DENS_HIGH_V_LOW_S050,MC_G0_D045_DENS_HIGH_V_LOW,50,7.11901521683,30.0693239213,94.2703632922,0,0,28.4760608673,
MC_G0_D045_DENS_HIGH_V_LOW_S050,MC_G0_D045_DENS_HIGH_V_LOW,50,7.12800741196,27.1321845331,94.8224870624,0,0,28.5120296478,
MC_G0_D045_DENS_HIGH_V_LOW_S050,MC_G0_D045_DENS_HIGH_V_LOW,50,7.13702344894,29.299979856,92.3740283364,0,0,28.5480937958,
MC_G0_D045_DENS_HIGH_V_LOW_S050,MC_G0_D045_DENS_HIGH_V_LOW,50,7.14601516724,29.7244728607,94.9908755054,0,0,28.5840606689,
MC_G0_D045_DENS_HIGH_V_LOW_S050,MC_G0_D045_DENS_HIGH_V_LOW,50,7.15500736237,29.806893262,94.8446725979,0,0,28.6200294495,
MC_G0_D045_DENS_HIGH_V_LOW_S050,MC_G0_D045_DENS_HIGH_V_LOW,50,7.16402339935,30.6212145633,93.2427692166,0,0,28.6560935974,
MC_G0_D045_DENS_HIGH_V_LOW_S050,MC_G0_D045_DENS_HIGH_V_LOW,50,7.17301559448,30.0517137216,92.6197027249,0,0,28.6920623779,
MC_G0_D045_DENS_HIGH_V_LOW_S050,MC_G0_D045_DENS_HIGH_V_LOW,50,7.18200731277,30.2660110631,92.2278119831,0,0,28.7280292511,
MC_G0_D045_DENS_HIGH_V_LOW_S050,MC_G0_D045_DENS_HIGH_V_LOW,50,7.19102334976,29.5619377171,96.2915441801,0,0,28.764093399,
MC_G0_D045_DENS_HIGH_V_LOW_S050,MC_G0_D045_DENS_HIGH_V_LOW,50,7.20001554489,31.3799943508,95.4490525651,0,0,28.8000621796,
MC_G0_D045_DENS_HIGH_V_LOW_S050,MC_G0_D045_DENS_HIGH_V_LOW,50,7.20900726318,30.2784818844,96.0762684686,0,0,28.8360290527,
MC_G0_D045_DENS_HIGH_V_LOW_S050,MC_G0_D045_DENS_HIGH_V_LOW,50,7.21802330017,29.8901211044,94.4736676945,0,0,28.8720932007,
MC_G0_D045_DENS_HIGH_V_LOW_S050,MC_G0_D045_DENS_HIGH_V_LOW,50,7.2270154953,30.1779048023,97.2868357789,0,0,28.9080619812,
MC_G0_D045_DENS_HIGH_V_LOW_S050,MC_G0_D045_DENS_HIGH_V_LOW,50,7.23600769043,30.290906654,98.2128886158,0,0,28.9440307617,
MC_G0_D045_DENS_HIGH_V_LOW_S050,MC_G0_D045_DENS_HIGH_V_LOW,50,7.24502372742,29.406098502,95.5039228931,0,0,28.9800949097,
MC_G0_D045_DENS_HIGH_V_LOW_S050,MC_G0_D045_DENS_HIGH_V_LOW,50,7.25401544571,29.3857282658,97.197742634,0,0,29.0160617828,
MC_G0_D045_DENS_HIGH_V_LOW_S050,MC_G0_D045_DENS_HIGH_V_LOW,50,7.26300764084,27.6757858551,97.8677588642,0,0,29.0520305634,
MC_G0_D045_DENS_HIGH_V_LOW_S050,MC_G0_D045_DENS_HIGH_V_LOW,50,7.27202367783,30.6806612678,97.7059300613,0,0,29.0880947113,
MC_G0_D045_DENS_HIGH_V_LOW_S050,MC_G0_D045_DENS_HIGH_V_LOW,50,7.28101587296,30.3138465795,95.3857814516,0,0,29.1240634918,
MC_G0_D045_DENS_HIGH_V_LOW_S050,MC_G0_D045_DENS_HIGH_V_LOW,50,7.29000759125,29.7517754245,96.88739641,0,0,29.160030365,
MC_G0_D045_DENS_HIGH_V_LOW_S050,MC_G0_D045_DENS_HIGH_V_LOW,50,7.29902362823,30.4523795366,95.4296790435,0,0,29.1960945129,
MC_G0_D045_DENS_HIGH_V_LOW_S050,MC_G0_D045_DENS_HIGH_V_LOW,50,7.30801582336,30.8418670501,96.5623610615,0,0,29.2320632935,
MC_G0_D045_DENS_HIGH_V_LOW_S050,MC_G0_D045_DENS_HIGH_V_LOW,50,7.31700801849,30.6508350666,100.475618895,0,0,29.268032074,
MC_G0_D045_DENS_HIGH_V_LOW_S050,MC_G0_D045_DENS_HIGH_V_LOW,50,7.32602405548,30.9552802976,97.7272449963,0,0,29.3040962219,
MC_G0_D045_DENS_HIGH_V_LOW_S050,MC_G0_D045_DENS_HIGH_V_LOW,50,7.33501577377,32.5265423855,98.75402218,0,0,29.3400630951,
MC_G0_D045_DENS_HIGH_V_LOW_S050,MC_G0_D045_DENS_HIGH_V_LOW,50,7.3440079689,31.0939821113,101.844557105,0,0,29.3760318756,
MC_G0_D045_DENS_HIGH_V_LOW_S050,MC_G0_D045_DENS_HIGH_V_LOW,50,7.35302400589,29.6050329705,99.8180761912,0,0,29.4120960236,
MC_G0_D045_DENS_HIGH_V_LOW_S050,MC_G0_D045_DENS_HIGH_V_LOW,50,7.36201572418,29.411047533,97.7100599363,0,0,29.4480628967,
MC_G0_D045_DENS_HIGH_V_LOW_S050,MC_G0_D045_DENS_HIGH_V_LOW,50,7.37100791931,28.3977365011,98.8590683935,0,0,29.4840316772,
MC_G0_D045_DENS_HIGH_V_LOW_S050,MC_G0_D045_DENS_HIGH_V_LOW,50,7.3800239563,30.8073435675,103.368729159,0,0,29.5200958252,
MC_G0_D045_DENS_HIGH_V_LOW_S050,MC_G0_D045_DENS_HIGH_V_LOW,50,7.38901615143,31.7861863791,98.950689283,0,0,29.5560646057,
MC_G0_D045_DENS_HIGH_V_LOW_S050,MC_G0_D045_DENS_HIGH_V_LOW,50,7.39800786972,30.4663792769,100.432813677,0,0,29.5920314789,
MC_G0_D045_DENS_HIGH_V_LOW_S050,MC_G0_D045_DENS_HIGH_V_LOW,50,7.40700006485,30.1916067412,99.6979357206,0,0,29.6280002594,
MC_G0_D045_DENS_HIGH_V_LOW_S050,MC_G0_D045_DENS_HIGH_V_LOW,50,7.41601610184,30.9332859687,98.4575131692,0,0,29.6640644073,
MC_G0_D045_DENS_HIGH_V_LOW_S050,MC_G0_D045_DENS_HIGH_V_LOW,50,7.42500829697,32.1641609482,102.794371943,0,0,29.7000331879,
MC_G0_D045_DENS_HIGH_V_LOW_S050,MC_G0_D045_DENS_HIGH_V_LOW,50,7.43400001526,29.7290381269,101.196237162,0,0,29.736000061,
MC_G0_D045_DENS_HIGH_V_LOW_S050,MC_G0_D045_DENS_HIGH_V_LOW,50,7.44301605225,30.3932889658,103.424614369,0,0,29.772064209,
MC_G0_D045_DENS_HIGH_V_LOW_S050,MC_G0_D045_DENS_HIGH_V_LOW,50,7.45200824738,31.2475770698,102.867267842,0,0,29.8080329895,
MC_G0_D045_DENS_HIGH_V_LOW_S050,MC_G0_D045_DENS_HIGH_V_LOW,50,7.46099996567,31.9480368862,102.713379528,0,0,29.8439998627,
MC_G0_D045_DENS_HIGH_V_LOW_S050,MC_G0_D045_DENS_HIGH_V_LOW,50,7.47001600266,30.3691639746,101.472446946,0,0,29.8800640106,
MC_G0_D045_DENS_HIGH_V_LOW_S050,MC_G0_D045_DENS_HIGH_V_LOW,50,7.47900819778,30.1898966852,105.110111377,0,0,29.9160327911,
MC_G0_D045_DENS_HIGH_V_LOW_S050,MC_G0_D045_DENS_HIGH_V_LOW,50,7.48800039291,29.5519014998,102.056480865,0,0,29.9520015717,
MC_G0_D045_DENS_HIGH_V_LOW_S050,MC_G0_D045_DENS_HIGH_V_LOW,50,7.4970164299,29.9763177515,104.538849211,0,0,29.9880657196,
MC_G0_D045_DENS_HIGH_V_LOW_S050,MC_G0_D045_DENS_HIGH_V_LOW,50,7.50600814819,30.7746253147,102.961905279,0,0,30.0240325928,
MC_G0_D045_DENS_HIGH_V_LOW_S050,MC_G0_D045_DENS_HIGH_V_LOW,50,7.51500034332,31.5542143654,102.444093226,0,0,30.0600013733,
MC_G0_D045_DENS_HIGH_V_LOW_S050,MC_G0_D045_DENS_HIGH_V_LOW,50,7.52401638031,30.96363102,102.742189399,0,0,30.0960655212,
MC_G0_D045_DENS_HIGH_V_LOW_S050,MC_G0_D045_DENS_HIGH_V_LOW,50,7.53300857544,31.3567965354,102.438082685,0,0,30.1320343018,
MC_G0_D045_DENS_HIGH_V_LOW_S050,MC_G0_D045_DENS_HIGH_V_LOW,50,7.54200029373,31.0100297209,101.002257973,0,0,30.1680011749,
MC_G0_D045_DENS_HIGH_V_LOW_S050,MC_G0_D045_DENS_HIGH_V_LOW,50,7.55101633072,30.3784602934,100.74408321,0,0,30.2040653229,
MC_G0_D045_DENS_HIGH_V_LOW_S050,MC_G0_D045_DENS_HIGH_V_LOW,50,7.56000852585,30.7423829302,104.229891592,0,0,30.2400341034,
MC_G0_D045_DENS_HIGH_V_LOW_S050,MC_G0_D045_DENS_HIGH_V_LOW,50,7.56900024414,31.0686659141,102.699829806,0,0,30.2760009766,
MC_G0_D045_DENS_HIGH_V_LOW_S050,MC_G0_D045_DENS_HIGH_V_LOW,50,7.57801675797,31.4857937045,103.247410206,0,0,30.3120670319,
MC_G0_D045_DENS_HIGH_V_LOW_S050,MC_G0_D045_DENS_HIGH_V_LOW,50,7.58700847626,30.9810723632,107.02847239,0,0,30.348033905,
MC_G0_D045_DENS_HIGH_V_LOW_S050,MC_G0_D045_DENS_HIGH_V_LOW,50,7.59600067139,29.866042165,104.642197108,0,0,30.3840026855,
MC_G0_D045_DENS_HIGH_V_LOW_S050,MC_G0_D045_DENS_HIGH_V_LOW,50,7.60501670837,29.5429981561,106.178702389,0,0,30.4200668335,
MC_G0_D045_DENS_HIGH_V_LOW_S050,MC_G0_D045_DENS_HIGH_V_LOW,50,7.61400842667,30.0882481318,107.372705491,0,0,30.4560337067,
MC_G0_D045_DENS_HIGH_V_LOW_S050,MC_G0_D045_DENS_HIGH_V_LOW,50,7.6230006218,30.0059628157,105.333702427,0,0,30.4920024872,
MC_G0_D045_DENS_HIGH_V_LOW_S050,MC_G0_D045_DENS_HIGH_V_LOW,50,7.63201665878,31.8416971917,104.93333491,0,0,30.5280666351,
MC_G0_D045_DENS_HIGH_V_LOW_S050,MC_G0_D045_DENS_HIGH_V_LOW,50,7.64100885391,30.8743918855,104.240019043,0,0,30.5640354156,
MC_G0_D045_DENS_HIGH_V_LOW_S050,MC_G0_D045_DENS_HIGH_V_LOW,50,7.6500005722,31.5777928755,105.253451631,0,0,30.6000022888,
MC_G0_D045_DENS_HIGH_V_LOW_S050,MC_G0_D045_DENS_HIGH_V_LOW,50,7.65901660919,32.180193107,106.172307417,0,0,30.6360664368,
MC_G0_D045_DENS_HIGH_V_LOW_S050,MC_G0_D045_DENS_HIGH_V_LOW,50,7.66800880432,31.7318176506,108.111986371,0,0,30.6720352173,
MC_G0_D045_DENS_HIGH_V_LOW_S050,MC_G0_D045_DENS_HIGH_V_LOW,50,7.67700099945,32.1349334201,106.227919648,0,0,30.7080039978,
MC_G0_D045_DENS_HIGH_V_LOW_S050,MC_G0_D045_DENS_HIGH_V_LOW,50,7.68601703644,31.3736637665,105.545638563,0,0,30.7440681458,
MC_G0_D045_DENS_HIGH_V_LOW_S050,MC_G0_D045_DENS_HIGH_V_LOW,50,7.69500875473,30.6952197698,107.040547221,0,0,30.7800350189,
MC_G0_D045_DENS_HIGH_V_LOW_S050,MC_G0_D045_DENS_HIGH_V_LOW,50,7.70400094986,30.3853097278,106.835717093,0,0,30.8160037994,
MC_G0_D045_DENS_HIGH_V_LOW_S050,MC_G0_D045_DENS_HIGH_V_LOW,50,7.71301698685,31.2606127929,108.952504697,0,0,30.8520679474,
MC_G0_D045_DENS_HIGH_V_LOW_S050,MC_G0_D045_DENS_HIGH_V_LOW,50,7.72200918198,30.5029228975,108.111149133,0,0,30.8880367279,
MC_G0_D045_DENS_HIGH_V_LOW_S050,MC_G0_D045_DENS_HIGH_V_LOW,50,7.73100090027,30.2097480714,108.585213545,0,0,30.9240036011,
MC_G0_D045_DENS_HIGH_V_LOW_S050,MC_G0_D045_DENS_HIGH_V_LOW,50,7.74001693726,30.3987568468,109.469933874,0,0,30.960067749,
MC_G0_D045_DENS_HIGH_V_LOW_S050,MC_G0_D045_DENS_HIGH_V_LOW,50,7.74900913239,30.9492874263,112.24445647,0,0,30.9960365295,
MC_G0_D045_DENS_HIGH_V_LOW_S050,MC_G0_D045_DENS_HIGH_V_LOW,50,7.75800085068,30.3989717551,107.536542782,0,0,31.0320034027,
MC_G0_D045_DENS_HIGH_V_LOW_S050,MC_G0_D045_DENS_HIGH_V_LOW,50,7.76701688766,31.4858458965,109.471265081,0,0,31.0680675507,
MC_G0_D045_DENS_HIGH_V_LOW_S050,MC_G0_D045_DENS_HIGH_V_LOW,50,7.77600908279,32.0510393619,109.037261007,0,0,31.1040363312,
MC_G0_D045_DENS_HIGH_V_LOW_S050,MC_G0_D045_DENS_HIGH_V_LOW,50,7.78500127792,32.4139826309,110.621431325,0,0,31.1400051117,
MC_G0_D045_DENS_HIGH_V_LOW_S050,MC_G0_D045_DENS_HIGH_V_LOW,50,7.79401731491,31.3669463472,106.593885364,0,0,31.1760692596,
MC_G0_D045_DENS_HIGH_V_LOW_S050,MC_G0_D045_DENS_HIGH_V_LOW,50,7.8030090332,31.7853758678,110.828283521,0,0,31.2120361328,
MC_G0_D045_DENS_HIGH_V_LOW_S050,MC_G0_D045_DENS_HIGH_V_LOW,50,7.81200122833,31.4916054388,108.489543857,0,0,31.2480049133,
MC_G0_D045_DENS_HIGH_V_LOW_S050,MC_G0_D045_DENS_HIGH_V_LOW,50,7.82101726532,31.957434519,110.622171117,0,0,31.2840690613,
MC_G0_D045_DENS_HIGH_V_LOW_S050,MC_G0_D045_DENS_HIGH_V_LOW,50,7.83000946045,31.0018325045,109.81827076,0,0,31.3200378418,
MC_G0_D045_DENS_HIGH_V_LOW_S050,MC_G0_D045_DENS_HIGH_V_LOW,50,7.83900117874,29.6325535128,108.597516828,0,0,31.356004715,
MC_G0_D045_DENS_HIGH_V_LOW_S050,MC_G0_D045_DENS_HIGH_V_LOW,50,7.84801721573,29.910267222,111.070590179,0,0,31.3920688629,
MC_G0_D045_DENS_HIGH_V_LOW_S050,MC_G0_D045_DENS_HIGH_V_LOW,50,7.85700941086,30.5024808004,112.263766479,0,0,31.4280376434,
MC_G0_D045_DENS_HIGH_V_LOW_S050,MC_G0_D045_DENS_HIGH_V_LOW,50,7.86600160599,30.7078747982,110.780836739,0,0,31.464006424,
MC_G0_D045_DENS_HIGH_V_LOW_S050,MC_G0_D045_DENS_HIGH_V_LOW,50,7.87501764297,31.1425206848,110.879636029,0,0,31.5000705719,
MC_G0_D045_DENS_HIGH_V_LOW_S050,MC_G0_D045_DENS_HIGH_V_LOW,50,7.88400936127,31.2240968035,111.35109004,0,0,31.5360374451,
MC_G0_D045_DENS_HIGH_V_LOW_S050,MC_G0_D045_DENS_HIGH_V_LOW,50,7.8930015564,31.2678091507,107.951828077,0,0,31.5720062256,
MC_G0_D045_DENS_HIGH_V_LOW_S050,MC_G0_D045_DENS_HIGH_V_LOW,50,7.90201759338,31.5580213123,112.574326987,0,0,31.6080703735,
MC_G0_D045_DENS_HIGH_V_LOW_S050,MC_G0_D045_DENS_HIGH_V_LOW,50,7.91100931168,31.6754349243,111.172136692,0,0,31.6440372467,
MC_G0_D045_DENS_HIGH_V_LOW_S050,MC_G0_D045_DENS_HIGH_V_LOW,50,7.92000150681,31.7628872498,116.090883385,0,0,31.6800060272,
MC_G0_D045_DENS_HIGH_V_LOW_S050,MC_G0_D045_DENS_HIGH_V_LOW,50,7.92901754379,31.8791771984,114.755803268,0,0,31.7160701752,
MC_G0_D045_DENS_HIGH_V_LOW_S050,MC_G0_D045_DENS_HIGH_V_LOW,50,7.93800973892,31.020422072,113.059661878,0,0,31.7520389557,
MC_G0_D045_DENS_HIGH_V_LOW_S050,MC_G0_D045_DENS_HIGH_V_LOW,50,7.94700145721,31.4983105776,114.7754725,0,0,31.7880058289,
MC_G0_D045_DENS_HIGH_V_LOW_S050,MC_G0_D045_DENS_HIGH_V_LOW,50,7.9560174942,32.2967808571,114.299116549,0,0,31.8240699768,
MC_G0_D045_DENS_HIGH_V_LOW_S050,MC_G0_D045_DENS_HIGH_V_LOW,50,7.96500968933,30.2275547587,113.750852558,0,0,31.8600387573,
MC_G0_D045_DENS_HIGH_V_LOW_S050,MC_G0_D045_DENS_HIGH_V_LOW,50,7.97400188446,30.2802165014,114.289877107,0,0,31.8960075378,
MC_G0_D045_DENS_HIGH_V_LOW_S050,MC_G0_D045_DENS_HIGH_V_LOW,50,7.98301792145,31.0044666661,113.619061201,0,0,31.9320716858,
MC_G0_D045_DENS_HIGH_V_LOW_S050,MC_G0_D045_DENS_HIGH_V_LOW,50,7.99200963974,31.6017735711,113.131580272,0,0,31.968038559,
MC_G0_D045_DENS_HIGH_V_LOW_S050,MC_G0_D045_DENS_HIGH_V_LOW,50,8.00100135803,31.6637500533,116.487990304,0,0,32.0040054321,
MC_G0_D045_DENS_HIGH_V_LOW_S050,MC_G0_D045_DENS_HIGH_V_LOW,50,8.01001739502,31.8388389114,112.798442046,0,0,32.0400695801,
MC_G0_D045_DENS_HIGH_V_LOW_S050,MC_G0_D045_DENS_HIGH_V_LOW,50,8.01900959015,31.4052307249,116.928336106,0,0,32.0760383606,
MC_G0_D045_DENS_HIGH_V_LOW_S050,MC_G0_D045_DENS_HIGH_V_LOW,50,8.02800178528,31.9386945156,115.050707695,0,0,32.1120071411,
MC_G0_D045_DENS_HIGH_V_LOW_S050,MC_G0_D045_DENS_HIGH_V_LOW,50,8.03701782227,32.8152532592,114.80179657,0,0,32.1480712891,
MC_G0_D045_DENS_HIGH_V_LOW_S050,MC_G0_D045_DENS_HIGH_V_LOW,50,8.0460100174,31.9880128992,115.68456752,0,0,32.1840400696,
MC_G0_D045_DENS_HIGH_V_LOW_S050,MC_G0_D045_DENS_HIGH_V_LOW,50,8.05500221252,31.3679594863,119.747602348,0,0,32.2200088501,
MC_G0_D045_DENS_HIGH_V_LOW_S050,MC_G0_D045_DENS_HIGH_V_LOW,50,8.06401824951,31.4335095864,114.328814838,0,0,32.256072998,
MC_G0_D045_DENS_HIGH_V_LOW_S050,MC_G0_D045_DENS_HIGH_V_LOW,50,8.07300949097,32.5304352958,116.836075834,0,0,32.2920379639,
MC_G0_D045_DENS_HIGH_V_LOW_S050,MC_G0_D045_DENS_HIGH_V_LOW,50,8.0820016861,31.0187457873,117.759479568,0,0,32.3280067444,
MC_G0_D045_DENS_HIGH_V_LOW_S050,MC_G0_D045_DENS_HIGH_V_LOW,50,8.09101772308,30.468816951,117.689236662,0,0,32.3640708923,
MC_G0_D045_DENS_HIGH_V_LOW_S050,MC_G0_D045_DENS_HIGH_V_LOW,50,8.10000991821,30.9593420644,116.342861608,0,0,32.4000396729,
MC_G0_D045_DENS_HIGH_V_LOW_S050,MC_G0_D045_DENS_HIGH_V_LOW,50,8.10900211334,31.5109840268,116.655815566,0,0,32.4360084534,
MC_G0_D045_DENS_HIGH_V_LOW_S050,MC_G0_D045_DENS_HIGH_V_LOW,50,8.11801815033,31.8004685704,118.123555691,0,0,32.4720726013,
MC_G0_D045_DENS_HIGH_V_LOW_S050,MC_G0_D045_DENS_HIGH_V_LOW,50,8.12701034546,32.1220235718,118.655487886,0,0,32.5080413818,
MC_G0_D045_DENS_HIGH_V_LOW_S050,MC_G0_D045_DENS_HIGH_V_LOW,50,8.13600254059,31.8626139091,115.003283401,0,0,32.5440101624,
MC_G0_D045_DENS_HIGH_V_LOW_S050,MC_G0_D045_DENS_HIGH_V_LOW,50,8.14501857758,32.5055519853,118.786610535,0,0,32.5800743103,
MC_G0_D045_DENS_HIGH_V_LOW_S050,MC_G0_D045_DENS_HIGH_V_LOW,50,8.15400981903,32.5339536516,117.806188568,0,0,32.6160392761,
MC_G0_D045_DENS_HIGH_V_LOW_S050,MC_G0_D045_DENS_HIGH_V_LOW,50,8.16300201416,31.2524432076,117.824209537,0,0,32.6520080566,
MC_G0_D045_DENS_HIGH_V_LOW_S050,MC_G0_D045_DENS_HIGH_V_LOW,50,8.17201805115,32.5397285445,117.433284233,0,0,32.6880722046,
MC_G0_D045_DENS_HIGH_V_LOW_S050,MC_G0_D045_DENS_HIGH_V_LOW,50,8.18101024628,31.6087028286,119.035241566,0,0,32.7240409851,
MC_G0_D045_DENS_HIGH_V_LOW_S050,MC_G0_D045_DENS_HIGH_V_LOW,50,8.19000244141,32.1264261217,118.83300238,0,0,32.7600097656,
MC_G0_D045_DENS_HIGH_V_LOW_S050,MC_G0_D045_DENS_HIGH_V_LOW,50,8.19901847839,31.5083314444,120.669476167,0,0,32.7960739136,
MC_G0_D045_DENS_HIGH_V_LOW_S050,MC_G0_D045_DENS_HIGH_V_LOW,50,8.20801067352,30.847202916,118.895538955,0,0,32.8320426941,
MC_G0_D045_DENS_HIGH_V_LOW_S050,MC_G0_D045_DENS_HIGH_V_LOW,50,8.21700191498,30.9225559045,120.219291002,0,0,32.8680076599,
MC_G0_D045_DENS_HIGH_V_LOW_S050,MC_G0_D045_DENS_HIGH_V_LOW,50,8.22601890564,30.942517815,118.513177199,0,0,32.9040756226,
MC_G0_D045_DENS_HIGH_V_LOW_S050,MC_G0_D045_DENS_HIGH_V_LOW,50,8.23501014709,31.661386062,120.60965592,0,0,32.9400405884,
MC_G0_D045_DENS_HIGH_V_LOW_S050,MC_G0_D045_DENS_HIGH_V_LOW,50,8.24400234222,31.8006067257,119.638635871,0,0,32.9760093689,
MC_G0_D045_DENS_HIGH_V_LOW_S050,MC_G0_D045_DENS_HIGH_V_LOW,50,8.25301837921,32.0758704804,117.685538725,0,0,33.0120735168,
MC_G0_D045_DENS_HIGH_V_LOW_S050,MC_G0_D045_DENS_HIGH_V_LOW,50,8.26201057434,33.1773307547,120.532618654,0,0,33.0480422974,
MC_G0_D045_DENS_HIGH_V_LOW_S050,MC_G0_D045_DENS_HIGH_V_LOW,50,8.27100276947,32.5816479425,119.003601593,0,0,33.0840110779,
MC_G0_D045_DENS_HIGH_V_LOW_S050,MC_G0_D045_DENS_HIGH_V_LOW,50,8.28001880646,31.8872147686,119.142310279,0,0,33.1200752258,
MC_G0_D045_DENS_HIGH_V_LOW_S050,MC_G0_D045_DENS_HIGH_V_LOW,50,8.28901100159,32.7088552324,116.807311857,0,0,33.1560440063,
MC_G0_D045_DENS_HIGH_V_LOW_S050,MC_G0_D045_DENS_HIGH_V_LOW,50,8.29800224304,33.2898014759,121.860040045,0,0,33.1920089722,
MC_G0_D045_DENS_HIGH_V_LOW_S050,MC_G0_D045_DENS_HIGH_V_LOW,50,8.30701828003,31.908806912,120.269112149,0,0,33.2280731201,
MC_G0_D045_DENS_HIGH_V_LOW_S050,MC_G0_D045_DENS_HIGH_V_LOW,50,8.31601047516,32.3275802859,119.391408665,0,0,33.2640419006,
MC_G0_D045_DENS_HIGH_V_LOW_S050,MC_G0_D045_DENS_HIGH_V_LOW,50,8.32500267029,30.7446241167,121.872733287,0,0,33.3000106812,
MC_G0_D045_DENS_HIGH_V_LOW_S050,MC_G0_D045_DENS_HIGH_V_LOW,50,8.33401870728,30.8548782123,122.571564008,0,0,33.3360748291,
MC_G0_D045_DENS_HIGH_V_LOW_S050,MC_G0_D045_DENS_HIGH_V_LOW,50,8.3430109024,31.5098112415,123.220645071,0,0,33.3720436096,
MC_G0_D045_DENS_HIGH_V_LOW_S050,MC_G0_D045_DENS_HIGH_V_LOW,50,8.35200309753,31.6373900158,120.441936474,0,0,33.4080123901,
MC_G0_D045_DENS_HIGH_V_LOW_S050,MC_G0_D045_DENS_HIGH_V_LOW,50,8.36101913452,31.808542982,122.611792152,0,0,33.4440765381,
MC_G0_D045_DENS_HIGH_V_LOW_S050,MC_G0_D045_DENS_HIGH_V_LOW,50,8.37001037598,32.2741018917,122.008029215,0,0,33.4800415039,
MC_G0_D045_DENS_HIGH_V_LOW_S050,MC_G0_D045_DENS_HIGH_V_LOW,50,8.37900257111,32.6313930725,123.085075237,0,0,33.5160102844,
MC_G0_D045_DENS_HIGH_V_LOW_S050,MC_G0_D045_DENS_HIGH_V_LOW,50,8.38801860809,33.0861513054,122.800061735,0,0,33.5520744324,
MC_G0_D045_DENS_HIGH_V_LOW_S050,MC_G0_D045_DENS_HIGH_V_LOW,50,8.39701080322,32.2161196337,123.427890571,0,0,33.5880432129,
MC_G0_D045_DENS_HIGH_V_LOW_S050,MC_G0_D045_DENS_HIGH_V_LOW,50,8.40600299835,32.9092050256,121.596330568,0,0,33.6240119934,
MC_G0_D045_DENS_HIGH_V_LOW_S050,MC_G0_D045_DENS_HIGH_V_LOW,50,8.41501903534,32.4838922993,121.832564666,0,0,33.6600761414,
MC_G0_D045_DENS_HIGH_V_LOW_S050,MC_G0_D045_DENS_HIGH_V_LOW,50,8.42401123047,32.0778844781,124.977692928,0,0,33.6960449219,
MC_G0_D045_DENS_HIGH_V_LOW_S050,MC_G0_D045_DENS_HIGH_V_LOW,50,8.4330034256,31.8923265159,119.860402247,0,0,33.7320137024,
MC_G0_D045_DENS_HIGH_V_LOW_S050,MC_G0_D045_DENS_HIGH_V_LOW,50,8.44201946259,31.5445649829,123.856473313,0,0,33.7680778503,
MC_G0_D045_DENS_HIGH_V_LOW_S050,MC_G0_D045_DENS_HIGH_V_LOW,50,8.45101070404,30.7365957568,125.194304166,0,0,33.8040428162,
MC_G0_D045_DENS_HIGH_V_LOW_S050,MC_G0_D045_DENS_HIGH_V_LOW,50,8.46000289917,31.1291472486,125.625511253,0,0,33.8400115967,
MC_G0_D045_DENS_HIGH_V_LOW_S050,MC_G0_D045_DENS_HIGH_V_LOW,50,8.46901893616,31.4379980997,125.013442998,0,0,33.8760757446,
MC_G0_D045_DENS_HIGH_V_LOW_S050,MC_G0_D045_DENS_HIGH_V_LOW,50,8.47801113129,32.0212592125,125.491305802,0,0,33.9120445251,
MC_G0_D045_DENS_HIGH_V_LOW_S050,MC_G0_D045_DENS_HIGH_V_LOW,50,8.48700332642,32.1974134017,124.87320582,0,0,33.9480133057,
MC_G0_D045_DENS_HIGH_V_LOW_S050,MC_G0_D045_DENS_HIGH_V_LOW,50,8.4960193634,32.6443459025,123.526842918,0,0,33.9840774536,
MC_G0_D045_DENS_HIGH_V_LOW_S050,MC_G0_D045_DENS_HIGH_V_LOW,50,8.50501155853,32.7164783367,122.993582135,0,0,34.0200462341,
MC_G0_D045_DENS_HIGH_V_LOW_S050,MC_G0_D045_DENS_HIGH_V_LOW,50,8.51400279999,32.6771623992,125.652692035,0,0,34.0560112,
MC_G0_D045_DENS_HIGH_V_LOW_S050,MC_G0_D045_DENS_HIGH_V_LOW,50,8.52301883698,33.2830042335,122.110380638,0,0,34.0920753479,
MC_G0_D045_DENS_HIGH_V_LOW_S050,MC_G0_D045_DENS_HIGH_V_LOW,50,8.5320110321,32.7579955492,127.104957955,0,0,34.1280441284,
MC_G0_D045_DENS_HIGH_V_LOW_S050,MC_G0_D045_DENS_HIGH_V_LOW,50,8.54100322723,32.2741663642,128.047519515,0,0,34.1640129089,
MC_G0_D045_DENS_HIGH_V_LOW_S050,MC_G0_D045_DENS_HIGH_V_LOW,50,8.55001926422,32.0234205759,126.781409139,0,0,34.2000770569,
MC_G0_D045_DENS_HIGH_V_LOW_S050,MC_G0_D045_DENS_HIGH_V_LOW,50,8.55901145935,31.0601831767,125.815369978,0,0,34.2360458374,
MC_G0_D045_DENS_HIGH_V_LOW_S050,MC_G0_D045_DENS_HIGH_V_LOW,50,8.56800365448,30.8507458328,126.653963993,0,0,34.2720146179,
MC_G0_D045_DENS_HIGH_V_LOW_S050,MC_G0_D045_DENS_HIGH_V_LOW,50,8.57701969147,31.1649663211,128.477449425,0,0,34.3080787659,
MC_G0_D045_DENS_HIGH_V_LOW_S050,MC_G0_D045_DENS_HIGH_V_LOW,50,8.5860118866,31.7509352785,127.006959872,0,0,34.3440475464,
MC_G0_D045_DENS_HIGH_V_LOW_S050,MC_G0_D045_DENS_HIGH_V_LOW,50,8.59500312805,31.8797236795,126.702579065,0,0,34.3800125122,
MC_G0_D045_DENS_HIGH_V_LOW_S050,MC_G0_D045_DENS_HIGH_V_LOW,50,8.60401916504,32.2788789961,128.760635666,0,0,34.4160766602,
MC_G0_D045_DENS_HIGH_V_LOW_S050,MC_G0_D045_DENS_HIGH_V_LOW,50,8.61301136017,32.8197417725,127.646063543,0,0,34.4520454407,
MC_G0_D045_DENS_HIGH_V_LOW_S050,MC_G0_D045_DENS_HIGH_V_LOW,50,8.6220035553,31.5717109707,127.19214491,0,0,34.4880142212,
MC_G0_D045_DENS_HIGH_V_LOW_S050,MC_G0_D045_DENS_HIGH_V_LOW,50,8.63101959229,32.6322220045,127.317419182,0,0,34.5240783691,
MC_G0_D045_DENS_HIGH_V_LOW_S050,MC_G0_D045_DENS_HIGH_V_LOW,50,8.64001178741,33.3736924639,127.096596306,0,0,34.5600471497,
MC_G0_D045_DENS_HIGH_V_LOW_S050,MC_G0_D045_DENS_HIGH_V_LOW,50,8.64900398254,33.8182886046,133.305448335,0,0,34.5960159302,
MC_G0_D045_DENS_HIGH_V_LOW_S050,MC_G0_D045_DENS_HIGH_V_LOW,50,8.65802001953,31.7212871441,128.480063245,0,0,34.6320800781,
MC_G0_D045_DENS_HIGH_V_LOW_S050,MC_G0_D045_DENS_HIGH_V_LOW,50,8.66701126099,32.9076791767,128.822776039,0,0,34.6680450439,
MC_G0_D045_DENS_HIGH_V_LOW_S050,MC_G0_D045_DENS_HIGH_V_LOW,50,8.67600345612,32.1421819699,129.249091017,0,0,34.7040138245,
MC_G0_D045_DENS_HIGH_V_LOW_S050,MC_G0_D045_DENS_HIGH_V_LOW,50,8.6850194931,31.5491302492,129.844116994,0,0,34.7400779724,
MC_G0_D045_DENS_HIGH_V_LOW_S050,MC_G0_D045_DENS_HIGH_V_LOW,50,8.69401168823,31.0238452541,129.263206887,0,0,34.7760467529,
MC_G0_D045_DENS_HIGH_V_LOW_S050,MC_G0_D045_DENS_HIGH_V_LOW,50,8.70300388336,31.6042910683,129.430568302,0,0,34.8120155334,
MC_G0_D045_DENS_HIGH_V_LOW_S050,MC_G0_D045_DENS_HIGH_V_LOW,50,8.71201992035,31.9952737295,129.287512642,0,0,34.8480796814,
MC_G0_D045_DENS_HIGH_V_LOW_S050,MC_G0_D045_DENS_HIGH_V_LOW,50,8.72101211548,32.4977477441,130.987659525,0,0,34.8840484619,
MC_G0_D045_DENS_HIGH_V_LOW_S050,MC_G0_D045_DENS_HIGH_V_LOW,50,8.73000335693,32.5451503737,129.389560365,0,0,34.9200134277,
MC_G0_D045_DENS_HIGH_V_LOW_S050,MC_G0_D045_DENS_HIGH_V_LOW,50,8.73901939392,31.9795854239,129.704788566,0,0,34.9560775757,
MC_G0_D045_DENS_HIGH_V_LOW_S050,MC_G0_D045_DENS_HIGH_V_LOW,50,8.74801158905,32.8769043088,131.88330766,0,0,34.9920463562,
MC_G0_D045_DENS_HIGH_V_LOW_S050,MC_G0_D045_DENS_HIGH_V_LOW,50,8.75700378418,32.9188144965,122.484146861,0,0,35.0280151367,
MC_G0_D045_DENS_HIGH_V_LOW_S050,MC_G0_D045_DENS_HIGH_V_LOW,50,8.76601982117,33.0540501463,130.887007791,0,0,35.0640792847,
MC_G0_D045_DENS_HIGH_V_LOW_S050,MC_G0_D045_DENS_HIGH_V_LOW,50,8.7750120163,32.3229351966,129.71398218,0,0,35.1000480652,
MC_G0_D045_DENS_HIGH_V_LOW_S050,MC_G0_D045_DENS_HIGH_V_LOW,50,8.78400421143,33.1627016401,132.709573485,0,0,35.1360168457,
MC_G0_D045_DENS_HIGH_V_LOW_S050,MC_G0_D045_DENS_HIGH_V_LOW,50,8.79302024841,32.41888254,127.107297371,0,0,35.1720809937,
MC_G0_D045_DENS_HIGH_V_LOW_S050,MC_G0_D045_DENS_HIGH_V_LOW,50,8.80201148987,32.3818047189,133.122199011,0,0,35.2080459595,
MC_G0_D045_DENS_HIGH_V_LOW_S050,MC_G0_D045_DENS_HIGH_V_LOW,50,8.811003685,31.1104133855,133.904542247,0,0,35.24401474,
MC_G0_D045_DENS_HIGH_V_LOW_S050,MC_G0_D045_DENS_HIGH_V_LOW,50,8.82001972198,31.5436500876,132.771109038,0,0,35.2800788879,
MC_G0_D045_DENS_HIGH_V_LOW_S050,MC_G0_D045_DENS_HIGH_V_LOW,50,8.82901191711,32.1217073496,132.654896148,0,0,35.3160476685,
MC_G0_D045_DENS_HIGH_V_LOW_S050,MC_G0_D045_DENS_HIGH_V_LOW,50,8.83800411224,32.4038972916,134.35829433,0,0,35.352016449,
MC_G0_D045_DENS_HIGH_V_LOW_S050,MC_G0_D045_DENS_HIGH_V_LOW,50,8.84702014923,32.6582074875,132.188542731,0,0,35.3880805969,
MC_G0_D045_DENS_HIGH_V_LOW_S050,MC_G0_D045_DENS_HIGH_V_LOW,50,8.85601234436,32.9217433895,131.260292116,0,0,35.4240493774,
MC_G0_D045_DENS_HIGH_V_LOW_S050,MC_G0_D045_DENS_HIGH_V_LOW,50,8.86500453949,34.1535670357,133.149695237,0,0,35.460018158,
MC_G0_D045_DENS_HIGH_V_LOW_S050,MC_G0_D045_DENS_HIGH_V_LOW,50,8.87402057648,33.2138590247,135.566503134,0,0,35.4960823059,
MC_G0_D045_DENS_HIGH_V_LOW_S050,MC_G0_D045_DENS_HIGH_V_LOW,50,8.88301181793,32.4475942882,133.252307052,0,0,35.5320472717,
MC_G0_D045_DENS_HIGH_V_LOW_S050,MC_G0_D045_DENS_HIGH_V_LOW,50,8.89200401306,32.7382454768,134.272741204,0,0,35.5680160522,
MC_G0_D045_DENS_HIGH_V_LOW_S050,MC_G0_D045_DENS_HIGH_V_LOW,50,8.90102005005,32.8962706163,135.282340593,0,0,35.6040802002,
MC_G0_D045_DENS_HIGH_V_LOW_S050,MC_G0_D045_DENS_HIGH_V_LOW,50,8.91001224518,32.3506491563,134.476510036,0,0,35.6400489807,
MC_G0_D045_DENS_HIGH_V_LOW_S050,MC_G0_D045_DENS_HIGH_V_LOW,50,8.91900444031,32.1650666332,134.298690712,0,0,35.6760177612,
MC_G0_D045_DENS_HIGH_V_LOW_S050,MC_G0_D045_DENS_HIGH_V_LOW,50,8.92802047729,30.8589184882,133.688208534,0,0,35.7120819092,
MC_G0_D045_DENS_HIGH_V_LOW_S050,MC_G0_D045_DENS_HIGH_V_LOW,50,8.93701267242,31.9002873332,135.518612353,0,0,35.7480506897,
MC_G0_D045_DENS_HIGH_V_LOW_S050,MC_G0_D045_DENS_HIGH_V_LOW,50,8.94600391388,31.9928299152,135.150914213,0,0,35.7840156555,
MC_G0_D045_DENS_HIGH_V_LOW_S050,MC_G0_D045_DENS_HIGH_V_LOW,50,8.95501995087,32.3242185062,135.151203973,0,0,35.8200798035,
MC_G0_D045_DENS_HIGH_V_LOW_S050,MC_G0_D045_DENS_HIGH_V_LOW,50,8.964012146,32.7860564323,136.053746867,0,0,35.856048584,
MC_G0_D045_DENS_HIGH_V_LOW_S050,MC_G0_D045_DENS_HIGH_V_LOW,50,8.97300434113,32.8793358427,134.742002681,0,0,35.8920173645,
MC_G0_D045_DENS_HIGH_V_LOW_S050,MC_G0_D045_DENS_HIGH_V_LOW,50,8.98202037811,33.3279384879,135.096289744,0,0,35.9280815125,
MC_G0_D045_DENS_HIGH_V_LOW_S050,MC_G0_D045_DENS_HIGH_V_LOW,50,8.99101257324,33.1290162999,135.131007704,0,0,35.964050293,
MC_G0_D045_DENS_HIGH_V_LOW_S050,MC_G0_D045_DENS_HIGH_V_LOW,50,9,32.5453622119,135.684539552,0,0,36,
