run_id,scenario_id,S,z_m,qb_MPa,qs_kPa,ALLKE,ALLIE,time_s,walltime_h
MC_G0_D045_DENS_LOW_V_HIGH_S007,MC_G0_D045_DENS_LOW_V_HIGH,7,0,0,0,0,0,0,
MC_G0_D045_DENS_LOW_V_HIGH_S007,MC_G0_D045_DENS_LOW_V_HIGH,7,0.0100015355274,0,0,0,0,0.0100015355274,
MC_G0_D045_DENS_LOW_V_HIGH_S007,MC_G0_D045_DENS_LOW_V_HIGH,7,0.0200051255524,0,0,0,0,0.0200051255524,
MC_G0_D045_DENS_LOW_V_HIGH_S007,MC_G0_D045_DENS_LOW_V_HIGH,7,0.0300090759993,0.510854142886,70.7495026268,0,0,0.0300090759993,
MC_G0_D045_DENS_LOW_V_HIGH_S007,MC_G0_D045_DENS_LOW_V_HIGH,7,0.0400129370391,0,0,0,0,0.0400129370391,
MC_G0_D045_DENS_LOW_V_HIGH_S007,MC_G0_D045_DENS_LOW_V_HIGH,7,0.050016887486,1.26211391499,67.2948398718,0,0,0.050016887486,
MC_G0_D045_DENS_LOW_V_HIGH_S007,MC_G0_D045_DENS_LOW_V_HIGH,7,0.0600207485259,0,0,0,0,0.0600207485259,
MC_G0_D045_DENS_LOW_V_HIGH_S007,MC_G0_D045_DENS_LOW_V_HIGH,7,0.0700246989727,0.831404496017,29.7998833114,0,0,0.0700246989727,
MC_G0_D045_DENS_LOW_V_HIGH_S007,MC_G0_D045_DENS_LOW_V_HIGH,7,0.0800285637379,0,0,0,0,0.0800285637379,
MC_G0_D045_DENS_LOW_V_HIGH_S007,MC_G0_D045_DENS_LOW_V_HIGH,7,0.0900325030088,0.556820436789,8.07493583021,0,0,0.0900325030088,
MC_G0_D045_DENS_LOW_V_HIGH_S007,MC_G0_D045_DENS_LOW_V_HIGH,7,0.100000396371,0,0,0,0,0.100000396371,
MC_G0_D045_DENS_LOW_V_HIGH_S007,MC_G0_D045_DENS_LOW_V_HIGH,7,0.110004328191,0.394679683529,2.70995637694e-05,0,0,0.110004328191,
MC_G0_D045_DENS_LOW_V_HIGH_S007,MC_G0_D045_DENS_LOW_V_HIGH,7,0.120008215308,0.462969696509,2.08745407464e-05,0,0,0.120008215308,
MC_G0_D045_DENS_LOW_V_HIGH_S007,MC_G0_D045_DENS_LOW_V_HIGH,7,0.130012124777,0.387808566441,0.000195756339158,0,0,0.130012124777,
MC_G0_D045_DENS_LOW_V_HIGH_S007,MC_G0_D045_DENS_LOW_V_HIGH,7,0.14001595974,0.612953715932,1.01364089424,0,0,0.14001595974,
MC_G0_D045_DENS_LOW_V_HIGH_S007,MC_G0_D045_DENS_LOW_V_HIGH,7,0.150019824505,0.141835984885,4.21198750277e-05,0,0,0.150019824505,
MC_G0_D045_DENS_LOW_V_HIGH_S007,MC_G0_D045_DENS_LOW_V_HIGH,7,0.16002368927,0.863225027044,18.8445477473,0,0,0.16002368927,
MC_G0_D045_DENS_LOW_V_HIGH_S007,MC_G0_D045_DENS_LOW_V_HIGH,7,0.170027539134,0.115608106443,2.39351282961e-05,0,0,0.170027539134,
MC_G0_D045_DENS_LOW_V_HIGH_S007,MC_G0_D045_DENS_LOW_V_HIGH,7,0.180031433702,0.866945530961,26.5922945347,0,0,0.180031433702,
MC_G0_D045_DENS_LOW_V_HIGH_S007,MC_G0_D045_DENS_LOW_V_HIGH,7,0.190035253763,0.114667426931,2.09717879778e-05,0,0,0.190035253763,
MC_G0_D045_DENS_LOW_V_HIGH_S007,MC_G0_D045_DENS_LOW_V_HIGH,7,0.200003176928,0.872634556485,21.2176793508,0,0,0.200003176928,
MC_G0_D045_DENS_LOW_V_HIGH_S007,MC_G0_D045_DENS_LOW_V_HIGH,7,0.210006996989,0.0365199080494,2.45662418325e-06,0,0,0.210006996989,
MC_G0_D045_DENS_LOW_V_HIGH_S007,MC_G0_D045_DENS_LOW_V_HIGH,7,0.220010906458,1.02224277422,18.9840733065,0,0,0.220010906458,
MC_G0_D045_DENS_LOW_V_HIGH_S007,MC_G0_D045_DENS_LOW_V_HIGH,7,0.230014711618,0.0293389548425,1.00830264253e-05,0,0,0.230014711618,
MC_G0_D045_DENS_LOW_V_HIGH_S007,MC_G0_D045_DENS_LOW_V_HIGH,7,0.240018650889,1.03290155406,13.4503602151,0,0,0.240018650889,
MC_G0_D045_DENS_LOW_V_HIGH_S007,MC_G0_D045_DENS_LOW_V_HIGH,7,0.250022441149,0.0119771266581,7.41854181508e-07,0,0,0.250022441149,
MC_G0_D045_DENS_LOW_V_HIGH_S007,MC_G0_D045_DENS_LOW_V_HIGH,7,0.260026395321,0.717206353488,12.8200688569,0,0,0.260026395321,
MC_G0_D045_DENS_LOW_V_HIGH_S007,MC_G0_D045_DENS_LOW_V_HIGH,7,0.270030170679,0.0353501119502,4.31409511635e-06,0,0,0.270030170679,
MC_G0_D045_DENS_LOW_V_HIGH_S007,MC_G0_D045_DENS_LOW_V_HIGH,7,0.280034124851,1.06672994259,14.2438667171,0,0,0.280034124851,
MC_G0_D045_DENS_LOW_V_HIGH_S007,MC_G0_D045_DENS_LOW_V_HIGH,7,0.290001928806,0.0897692815719,7.57708163618e-06,0,0,0.290001928806,
MC_G0_D045_DENS_LOW_V_HIGH_S007,MC_G0_D045_DENS_LOW_V_HIGH,7,0.300005882978,1.05743218465,8.21380531044,0,0,0.300005882978,
MC_G0_D045_DENS_LOW_V_HIGH_S007,MC_G0_D045_DENS_LOW_V_HIGH,7,0.310009688139,0.132925433649,2.04251084012e-05,0,0,0.310009688139,
MC_G0_D045_DENS_LOW_V_HIGH_S007,MC_G0_D045_DENS_LOW_V_HIGH,7,0.320013612509,0.553759432703,6.22844015703,0,0,0.320013612509,
MC_G0_D045_DENS_LOW_V_HIGH_S007,MC_G0_D045_DENS_LOW_V_HIGH,7,0.330017417669,0.130089183824,1.49659158541e-05,0,0,0.330017417669,
MC_G0_D045_DENS_LOW_V_HIGH_S007,MC_G0_D045_DENS_LOW_V_HIGH,7,0.340021371841,0.824766803876,4.20864781578,0,0,0.340021371841,
MC_G0_D045_DENS_LOW_V_HIGH_S007,MC_G0_D045_DENS_LOW_V_HIGH,7,0.350025177002,0.201877728754,2.66356918263e-05,0,0,0.350025177002,
MC_G0_D045_DENS_LOW_V_HIGH_S007,MC_G0_D045_DENS_LOW_V_HIGH,7,0.360029101372,0.640269039941,1.84527214654,0,0,0.360029101372,
MC_G0_D045_DENS_LOW_V_HIGH_S007,MC_G0_D045_DENS_LOW_V_HIGH,7,0.370032936335,0.296576565286,7.54805836527e-05,0,0,0.370032936335,
MC_G0_D045_DENS_LOW_V_HIGH_S007,MC_G0_D045_DENS_LOW_V_HIGH,7,0.380000859499,0.931133649756,5.29624274435,0,0,0.380000859499,
MC_G0_D045_DENS_LOW_V_HIGH_S007,MC_G0_D045_DENS_LOW_V_HIGH,7,0.390004694462,0.5512976294,0.000106379325291,0,0,0.390004694462,
MC_G0_D045_DENS_LOW_V_HIGH_S007,MC_G0_D045_DENS_LOW_V_HIGH,7,0.400008618832,0.947174539218,4.44765420843,0,0,0.400008618832,
MC_G0_D045_DENS_LOW_V_HIGH_S007,MC_G0_D045_DENS_LOW_V_HIGH,7,0.410012453794,0.645139111355,4.86873878454,0,0,0.410012453794,
MC_G0_D045_DENS_LOW_V_HIGH_S007,MC_G0_D045_DENS_LOW_V_HIGH,7,0.420016348362,0.748399237165,1.66715246102,0,0,0.420016348362,
MC_G0_D045_DENS_LOW_V_HIGH_S007,MC_G0_D045_DENS_LOW_V_HIGH,7,0.430020213127,0.876753408278,5.90934308034,0,0,0.430020213127,
MC_G0_D045_DENS_LOW_V_HIGH_S007,MC_G0_D045_DENS_LOW_V_HIGH,7,0.440024107695,0.590484909771,2.52488505041,0,0,0.440024107695,
MC_G0_D045_DENS_LOW_V_HIGH_S007,MC_G0_D045_DENS_LOW_V_HIGH,7,0.45002797246,0.883820341361,8.07065772042,0,0,0.45002797246,
MC_G0_D045_DENS_LOW_V_HIGH_S007,MC_G0_D045_DENS_LOW_V_HIGH,7,0.460031837225,0.670320750977,0.757607791901,0,0,0.460031837225,
MC_G0_D045_DENS_LOW_V_HIGH_S007,MC_G0_D045_DENS_LOW_V_HIGH,7,0.470035731792,0.944470052642,7.56551548274,0,0,0.470035731792,
MC_G0_D045_DENS_LOW_V_HIGH_S007,MC_G0_D045_DENS_LOW_V_HIGH,7,0.480003625154,0.469658765163,0.222532465871,0,0,0.480003625154,
MC_G0_D045_DENS_LOW_V_HIGH_S007,MC_G0_D045_DENS_LOW_V_HIGH,7,0.490007519722,0.87866743528,5.96530102674,0,0,0.490007519722,
MC_G0_D045_DENS_LOW_V_HIGH_S007,MC_G0_D045_DENS_LOW_V_HIGH,7,0.500011384487,0.49826329909,0.578095945973,0,0,0.500011384487,
MC_G0_D045_DENS_LOW_V_HIGH_S007,MC_G0_D045_DENS_LOW_V_HIGH,7,0.510015249252,1.03683437586,8.64859748694,0,0,0.510015249252,
MC_G0_D045_DENS_LOW_V_HIGH_S007,MC_G0_D045_DENS_LOW_V_HIGH,7,0.520019114017,0.359994875852,0.0216685416556,0,0,0.520019114017,
MC_G0_D045_DENS_LOW_V_HIGH_S007,MC_G0_D045_DENS_LOW_V_HIGH,7,0.530023038387,1.29345828983,6.88924759551,0,0,0.530023038387,
MC_G0_D045_DENS_LOW_V_HIGH_S007,MC_G0_D045_DENS_LOW_V_HIGH,7,0.540026903152,0.390307307107,4.78570984234e-05,0,0,0.540026903152,
MC_G0_D045_DENS_LOW_V_HIGH_S007,MC_G0_D045_DENS_LOW_V_HIGH,7,0.550030827522,0.824332765873,6.15394773181,0,0,0.550030827522,
MC_G0_D045_DENS_LOW_V_HIGH_S007,MC_G0_D045_DENS_LOW_V_HIGH,7,0.560034632683,0.36940217466,5.8486994092e-05,0,0,0.560034632683,
MC_G0_D045_DENS_LOW_V_HIGH_S007,MC_G0_D045_DENS_LOW_V_HIGH,7,0.570002615452,1.01987254679,5.80863546008,0,0,0.570002615452,
MC_G0_D045_DENS_LOW_V_HIGH_S007,MC_G0_D045_DENS_LOW_V_HIGH,7,0.580006420612,0.378697030377,0.205233009225,0,0,0.580006420612,
MC_G0_D045_DENS_LOW_V_HIGH_S007,MC_G0_D045_DENS_LOW_V_HIGH,7,0.590010344982,1.37223263756,9.16949638404,0,0,0.590010344982,
MC_G0_D045_DENS_LOW_V_HIGH_S007,MC_G0_D045_DENS_LOW_V_HIGH,7,0.600014209747,0.624956440153,0.481309888773,0,0,0.600014209747,
MC_G0_D045_DENS_LOW_V_HIGH_S007,MC_G0_D045_DENS_LOW_V_HIGH,7,0.610018134117,1.09736502411,5.87212764095,0,0,0.610018134117,
MC_G0_D045_DENS_LOW_V_HIGH_S007,MC_G0_D045_DENS_LOW_V_HIGH,7,0.620021998882,0.428382988712,0.325601463027,0,0,0.620021998882,
MC_G0_D045_DENS_LOW_V_HIGH_S007,MC_G0_D045_DENS_LOW_V_HIGH,7,0.630025923252,1.2072409195,6.57401852436,0,0,0.630025923252,
MC_G0_D045_DENS_LOW_V_HIGH_S007,MC_G0_D045_DENS_LOW_V_HIGH,7,0.640029728413,0.652870964947,1.46722249183,0,0,0.640029728413,
MC_G0_D045_DENS_LOW_V_HIGH_S007,MC_G0_D045_DENS_LOW_V_HIGH,7,0.650033652782,0.882720951114,2.43921279242,0,0,0.650033652782,
MC_G0_D045_DENS_LOW_V_HIGH_S007,MC_G0_D045_DENS_LOW_V_HIGH,7,0.660001516342,0.755318564707,2.92236190817,0,0,0.660001516342,
MC_G0_D045_DENS_LOW_V_HIGH_S007,MC_G0_D045_DENS_LOW_V_HIGH,7,0.670005440712,0.741257565884,1.15955948901,0,0,0.670005440712,
MC_G0_D045_DENS_LOW_V_HIGH_S007,MC_G0_D045_DENS_LOW_V_HIGH,7,0.680009305477,0.835715613981,3.41341596972,0,0,0.680009305477,
MC_G0_D045_DENS_LOW_V_HIGH_S007,MC_G0_D045_DENS_LOW_V_HIGH,7,0.690013229847,0.908638795558,0.932540329952,0,0,0.690013229847,
MC_G0_D045_DENS_LOW_V_HIGH_S007,MC_G0_D045_DENS_LOW_V_HIGH,7,0.700017094612,0.687782145892,2.61358937154,0,0,0.700017094612,
MC_G0_D045_DENS_LOW_V_HIGH_S007,MC_G0_D045_DENS_LOW_V_HIGH,7,0.710021018982,1.00950341344,2.68158969939,0,0,0.710021018982,
MC_G0_D045_DENS_LOW_V_HIGH_S007,MC_G0_D045_DENS_LOW_V_HIGH,7,0.720024883747,0.791720000361,3.33042263122,0,0,0.720024883747,
MC_G0_D045_DENS_LOW_V_HIGH_S007,MC_G0_D045_DENS_LOW_V_HIGH,7,0.730028748512,0.886926245931,3.04307238776,0,0,0.730028748512,
MC_G0_D045_DENS_LOW_V_HIGH_S007,MC_G0_D045_DENS_LOW_V_HIGH,7,0.740032672882,0.912241483678,2.94354004105,0,0,0.740032672882,
MC_G0_D045_DENS_LOW_V_HIGH_S007,MC_G0_D045_DENS_LOW_V_HIGH,7,0.750000536442,0.796703810071,2.75585399829,0,0,0.750000536442,
MC_G0_D045_DENS_LOW_V_HIGH_S007,MC_G0_D045_DENS_LOW_V_HIGH,7,0.760004460812,1.31569669319,6.27745865382,0,0,0.760004460812,
MC_G0_D045_DENS_LOW_V_HIGH_S007,MC_G0_D045_DENS_LOW_V_HIGH,7,0.770008325577,0.804992170612,1.93284072231,0,0,0.770008325577,
MC_G0_D045_DENS_LOW_V_HIGH_S007,MC_G0_D045_DENS_LOW_V_HIGH,7,0.780012249947,1.43424049252,6.20414111196,0,0,0.780012249947,
MC_G0_D045_DENS_LOW_V_HIGH_S007,MC_G0_D045_DENS_LOW_V_HIGH,7,0.790016114712,0.76989471982,0.491421072579,0,0,0.790016114712,
MC_G0_D045_DENS_LOW_V_HIGH_S007,MC_G0_D045_DENS_LOW_V_HIGH,7,0.800020039082,1.30634290559,5.67563203896,0,0,0.800020039082,
MC_G0_D045_DENS_LOW_V_HIGH_S007,MC_G0_D045_DENS_LOW_V_HIGH,7,0.810023903847,1.10947289989,2.34523869389,0,0,0.810023903847,
MC_G0_D045_DENS_LOW_V_HIGH_S007,MC_G0_D045_DENS_LOW_V_HIGH,7,0.820027828217,1.58198984944,5.17556566,0,0,0.820027828217,
MC_G0_D045_DENS_LOW_V_HIGH_S007,MC_G0_D045_DENS_LOW_V_HIGH,7,0.830031692982,1.02923784734,2.44859931788,0,0,0.830031692982,
MC_G0_D045_DENS_LOW_V_HIGH_S007,MC_G0_D045_DENS_LOW_V_HIGH,7,0.840035617352,1.51116442227,6.25130509085,0,0,0.840035617352,
MC_G0_D045_DENS_LOW_V_HIGH_S007,MC_G0_D045_DENS_LOW_V_HIGH,7,0.850003480911,1.07037091125,1.83917739641,0,0,0.850003480911,
MC_G0_D045_DENS_LOW_V_HIGH_S007,MC_G0_D045_DENS_LOW_V_HIGH,7,0.860007405281,1.66779409695,7.45792111242,0,0,0.860007405281,
MC_G0_D045_DENS_LOW_V_HIGH_S007,MC_G0_D045_DENS_LOW_V_HIGH,7,0.870011270046,0.737149651388,1.30892429603,0,0,0.870011270046,
MC_G0_D045_DENS_LOW_V_HIGH_S007,MC_G0_D045_DENS_LOW_V_HIGH,7,0.880015194416,1.63097186318,6.16483379911,0,0,0.880015194416,
MC_G0_D045_DENS_LOW_V_HIGH_S007,MC_G0_D045_DENS_LOW_V_HIGH,7,0.890019059181,0.928522801795,1.69394936317,0,0,0.890019059181,
MC_G0_D045_DENS_LOW_V_HIGH_S007,MC_G0_D045_DENS_LOW_V_HIGH,7,0.900022983551,1.32754140225,6.63474565891,0,0,0.900022983551,
MC_G0_D045_DENS_LOW_V_HIGH_S007,MC_G0_D045_DENS_LOW_V_HIGH,7,0.910026848316,0.945783391772,2.03151371652,0,0,0.910026848316,
MC_G0_D045_DENS_LOW_V_HIGH_S007,MC_G0_D045_DENS_LOW_V_HIGH,7,0.920030772686,0.922386114617,3.39734820846,0,0,0.920030772686,
MC_G0_D045_DENS_LOW_V_HIGH_S007,MC_G0_D045_DENS_LOW_V_HIGH,7,0.930034637451,1.1950012205,1.85439121617,0,0,0.930034637451,
MC_G0_D045_DENS_LOW_V_HIGH_S007,MC_G0_D045_DENS_LOW_V_HIGH,7,0.940002560616,1.03181828194,3.93819740656,0,0,0.940002560616,
MC_G0_D045_DENS_LOW_V_HIGH_S007,MC_G0_D045_DENS_LOW_V_HIGH,7,0.950006425381,0.85947286253,1.87315326334,0,0,0.950006425381,
MC_G0_D045_DENS_LOW_V_HIGH_S007,MC_G0_D045_DENS_LOW_V_HIGH,7,0.960010349751,1.2820756336,5.5535209152,0,0,0.960010349751,
MC_G0_D045_DENS_LOW_V_HIGH_S007,MC_G0_D045_DENS_LOW_V_HIGH,7,0.970014214516,1.00585169936,2.97089002826,0,0,0.970014214516,
MC_G0_D045_DENS_LOW_V_HIGH_S007,MC_G0_D045_DENS_LOW_V_HIGH,7,0.980018138885,1.57540300613,6.21381315557,0,0,0.980018138885,
MC_G0_D045_DENS_LOW_V_HIGH_S007,MC_G0_D045_DENS_LOW_V_HIGH,7,0.990022003651,1.0169130485,3.84515653303,0,0,0.990022003651,
MC_G0_D045_DENS_LOW_V_HIGH_S007,MC_G0_D045_DENS_LOW_V_HIGH,7,1.00002586842,1.19012990185,4.02104286491,0,0,1.00002586842,
MC_G0_D045_DENS_LOW_V_HIGH_S007,MC_G0_D045_DENS_LOW_V_HIGH,7,1.01002979279,1.50983861078,6.22111512661,0,0,1.01002979279,
MC_G0_D045_DENS_LOW_V_HIGH_S007,MC_G0_D045_DENS_LOW_V_HIGH,7,1.02003371716,1.27306550739,3.87286733939,0,0,1.02003371716,
MC_G0_D045_DENS_LOW_V_HIGH_S007,MC_G0_D045_DENS_LOW_V_HIGH,7,1.03000152111,1.33466388529,3.67377608638,0,0,1.03000152111,
MC_G0_D045_DENS_LOW_V_HIGH_S007,MC_G0_D045_DENS_LOW_V_HIGH,7,1.04000544548,1.15888962322,3.12535690385,0,0,1.04000544548,
MC_G0_D045_DENS_LOW_V_HIGH_S007,MC_G0_D045_DENS_LOW_V_HIGH,7,1.05000936985,1.56684514675,4.51953334679,0,0,1.05000936985,
MC_G0_D045_DENS_LOW_V_HIGH_S007,MC_G0_D045_DENS_LOW_V_HIGH,7,1.06001317501,1.21553235015,1.24566624035,0,0,1.06001317501,
MC_G0_D045_DENS_LOW_V_HIGH_S007,MC_G0_D045_DENS_LOW_V_HIGH,7,1.07001709938,1.73447898962,6.4069186182,0,0,1.07001709938,
MC_G0_D045_DENS_LOW_V_HIGH_S007,MC_G0_D045_DENS_LOW_V_HIGH,7,1.08002090454,1.29909166946,5.19603282658,0,0,1.08002090454,
MC_G0_D045_DENS_LOW_V_HIGH_S007,MC_G0_D045_DENS_LOW_V_HIGH,7,1.09002482891,1.42479057183,5.59889408137,0,0,1.09002482891,
MC_G0_D045_DENS_LOW_V_HIGH_S007,MC_G0_D045_DENS_LOW_V_HIGH,7,1.10002875328,1.0225587086,2.90491528815,0,0,1.10002875328,
MC_G0_D045_DENS_LOW_V_HIGH_S007,MC_G0_D045_DENS_LOW_V_HIGH,7,1.11003267765,1.79405214466,5.84174906176,0,0,1.11003267765,
MC_G0_D045_DENS_LOW_V_HIGH_S007,MC_G0_D045_DENS_LOW_V_HIGH,7,1.12000048161,1.22642532248,3.56724424832,0,0,1.12000048161,
MC_G0_D045_DENS_LOW_V_HIGH_S007,MC_G0_D045_DENS_LOW_V_HIGH,7,1.13000440598,1.50273330122,4.44597599111,0,0,1.13000440598,
MC_G0_D045_DENS_LOW_V_HIGH_S007,MC_G0_D045_DENS_LOW_V_HIGH,7,1.14000821114,3.43777478562,2.92487393299,0,0,1.14000821114,
MC_G0_D045_DENS_LOW_V_HIGH_S007,MC_G0_D045_DENS_LOW_V_HIGH,7,1.15001213551,1.34310517611,3.20708687099,0,0,1.15001213551,
MC_G0_D045_DENS_LOW_V_HIGH_S007,MC_G0_D045_DENS_LOW_V_HIGH,7,1.16001605988,1.37813580385,2.72127019519,0,0,1.16001605988,
MC_G0_D045_DENS_LOW_V_HIGH_S007,MC_G0_D045_DENS_LOW_V_HIGH,7,1.17001998425,1.64492555177,6.18246430486,0,0,1.17001998425,
MC_G0_D045_DENS_LOW_V_HIGH_S007,MC_G0_D045_DENS_LOW_V_HIGH,7,1.18002378941,1.5590739093,2.03887683851,0,0,1.18002378941,
MC_G0_D045_DENS_LOW_V_HIGH_S007,MC_G0_D045_DENS_LOW_V_HIGH,7,1.19002771378,1.53752695419,4.52068036542,0,0,1.19002771378,
MC_G0_D045_DENS_LOW_V_HIGH_S007,MC_G0_D045_DENS_LOW_V_HIGH,7,1.20003151894,1.31979779586,2.41419315538,0,0,1.20003151894,
MC_G0_D045_DENS_LOW_V_HIGH_S007,MC_G0_D045_DENS_LOW_V_HIGH,7,1.21003544331,1.50616099258,4.24210825468,0,0,1.21003544331,
MC_G0_D045_DENS_LOW_V_HIGH_S007,MC_G0_D045_DENS_LOW_V_HIGH,7,1.22000336647,1.29923558126,3.51675558503,0,0,1.22000336647,
MC_G0_D045_DENS_LOW_V_HIGH_S007,MC_G0_D045_DENS_LOW_V_HIGH,7,1.23000729084,1.41390604233,4.44880195484,0,0,1.23000729084,
MC_G0_D045_DENS_LOW_V_HIGH_S007,MC_G0_D045_DENS_LOW_V_HIGH,7,1.240011096,1.54894558836,4.14402202236,0,0,1.240011096,
MC_G0_D045_DENS_LOW_V_HIGH_S007,MC_G0_D045_DENS_LOW_V_HIGH,7,1.25001502037,1.33243689808,3.15535324663,0,0,1.25001502037,
MC_G0_D045_DENS_LOW_V_HIGH_S007,MC_G0_D045_DENS_LOW_V_HIGH,7,1.26001894474,1.41491217773,3.47218146888,0,0,1.26001894474,
MC_G0_D045_DENS_LOW_V_HIGH_S007,MC_G0_D045_DENS_LOW_V_HIGH,7,1.2700227499,1.8792769073,4.57643558068,0,0,1.2700227499,
MC_G0_D045_DENS_LOW_V_HIGH_S007,MC_G0_D045_DENS_LOW_V_HIGH,7,1.28002667427,1.86914033542,5.08048817877,0,0,1.28002667427,
MC_G0_D045_DENS_LOW_V_HIGH_S007,MC_G0_D045_DENS_LOW_V_HIGH,7,1.29003059864,1.80369980016,5.19574344008,0,0,1.29003059864,
MC_G0_D045_DENS_LOW_V_HIGH_S007,MC_G0_D045_DENS_LOW_V_HIGH,7,1.3000344038,2.52482573557,5.92985456056,0,0,1.3000344038,
MC_G0_D045_DENS_LOW_V_HIGH_S007,MC_G0_D045_DENS_LOW_V_HIGH,7,1.31000232697,1.62773116122,2.90887707003,0,0,1.31000232697,
MC_G0_D045_DENS_LOW_V_HIGH_S007,MC_G0_D045_DENS_LOW_V_HIGH,7,1.32000625134,2.03087935888,5.77194552524,0,0,1.32000625134,
MC_G0_D045_DENS_LOW_V_HIGH_S007,MC_G0_D045_DENS_LOW_V_HIGH,7,1.3300100565,1.71399746157,6.27865651101,0,0,1.3300100565,
MC_G0_D045_DENS_LOW_V_HIGH_S007,MC_G0_D045_DENS_LOW_V_HIGH,7,1.34001398087,1.6210141257,4.31336884813,0,0,1.34001398087,
MC_G0_D045_DENS_LOW_V_HIGH_S007,MC_G0_D045_DENS_LOW_V_HIGH,7,1.35001790524,1.62900123087,4.53187952799,0,0,1.35001790524,
MC_G0_D045_DENS_LOW_V_HIGH_S007,MC_G0_D045_DENS_LOW_V_HIGH,7,1.3600217104,1.94841693536,4.14343537886,0,0,1.3600217104,
MC_G0_D045_DENS_LOW_V_HIGH_S007,MC_G0_D045_DENS_LOW_V_HIGH,7,1.37002563477,2.09983460418,5.84174748847,0,0,1.37002563477,
MC_G0_D045_DENS_LOW_V_HIGH_S007,MC_G0_D045_DENS_LOW_V_HIGH,7,1.38002955914,1.72760499429,3.05262246558,0,0,1.38002955914,
MC_G0_D045_DENS_LOW_V_HIGH_S007,MC_G0_D045_DENS_LOW_V_HIGH,7,1.3900333643,1.6619357352,3.1757866583,0,0,1.3900333643,
MC_G0_D045_DENS_LOW_V_HIGH_S007,MC_G0_D045_DENS_LOW_V_HIGH,7,1.40000128746,1.55649894335,2.79498046504,0,0,1.40000128746,
MC_G0_D045_DENS_LOW_V_HIGH_S007,MC_G0_D045_DENS_LOW_V_HIGH,7,1.41000521183,1.78454494707,2.80858278167,0,0,1.41000521183,
MC_G0_D045_DENS_LOW_V_HIGH_S007,MC_G0_D045_DENS_LOW_V_HIGH,7,1.4200091362,1.857266844,3.75636871064,0,0,1.4200091362,
MC_G0_D045_DENS_LOW_V_HIGH_S007,MC_G0_D045_DENS_LOW_V_HIGH,7,1.43001294136,1.81507420544,3.59824765938,0,0,1.43001294136,
MC_G0_D045_DENS_LOW_V_HIGH_S007,MC_G0_D045_DENS_LOW_V_HIGH,7,1.44001686573,1.6565208137,4.18872794237,0,0,1.44001686573,
MC_G0_D045_DENS_LOW_V_HIGH_S007,MC_G0_D045_DENS_LOW_V_HIGH,7,1.45002067089,1.61295391334,3.60141267548,0,0,1.45002067089,
MC_G0_D045_DENS_LOW_V_HIGH_S007,MC_G0_D045_DENS_LOW_V_HIGH,7,1.46002459526,1.94143471836,5.71400835093,0,0,1.46002459526,
MC_G0_D045_DENS_LOW_V_HIGH_S007,MC_G0_D045_DENS_LOW_V_HIGH,7,1.47002851963,1.52436266982,3.57677155133,0,0,1.47002851963,
MC_G0_D045_DENS_LOW_V_HIGH_S007,MC_G0_D045_DENS_LOW_V_HIGH,7,1.480032444,2.02382230774,4.74050453359,0,0,1.480032444,
MC_G0_D045_DENS_LOW_V_HIGH_S007,MC_G0_D045_DENS_LOW_V_HIGH,7,1.49000024796,1.28098439836,3.61001962621,0,0,1.49000024796,
MC_G0_D045_DENS_LOW_V_HIGH_S007,MC_G0_D045_DENS_LOW_V_HIGH,7,1.50000417233,2.24001065034,5.13101181714,0,0,1.50000417233,
MC_G0_D045_DENS_LOW_V_HIGH_S007,MC_G0_D045_DENS_LOW_V_HIGH,7,1.51000809669,1.53867690545,3.55589725465,0,0,1.51000809669,
MC_G0_D045_DENS_LOW_V_HIGH_S007,MC_G0_D045_DENS_LOW_V_HIGH,7,1.52001190186,2.3176587443,3.68057283768,0,0,1.52001190186,
MC_G0_D045_DENS_LOW_V_HIGH_S007,MC_G0_D045_DENS_LOW_V_HIGH,7,1.53001582623,1.83758796006,2.7463894994,0,0,1.53001582623,
MC_G0_D045_DENS_LOW_V_HIGH_S007,MC_G0_D045_DENS_LOW_V_HIGH,7,1.5400197506,1.92054160254,3.53810300057,0,0,1.5400197506,
MC_G0_D045_DENS_LOW_V_HIGH_S007,MC_G0_D045_DENS_LOW_V_HIGH,7,1.55002355576,2.0519163865,3.90756305231,0,0,1.55002355576,
MC_G0_D045_DENS_LOW_V_HIGH_S007,MC_G0_D045_DENS_LOW_V_HIGH,7,1.56002748013,2.15130418144,5.60054100519,0,0,1.56002748013,
MC_G0_D045_DENS_LOW_V_HIGH_S007,MC_G0_D045_DENS_LOW_V_HIGH,7,1.5700314045,1.93036195222,2.69784186209,0,0,1.5700314045,
MC_G0_D045_DENS_LOW_V_HIGH_S007,MC_G0_D045_DENS_LOW_V_HIGH,7,1.58003532887,2.54764036179,6.05163302485,0,0,1.58003532887,
MC_G0_D045_DENS_LOW_V_HIGH_S007,MC_G0_D045_DENS_LOW_V_HIGH,7,1.59000313282,1.9508496205,4.6736670829,0,0,1.59000313282,
MC_G0_D045_DENS_LOW_V_HIGH_S007,MC_G0_D045_DENS_LOW_V_HIGH,7,1.60000705719,2.07044800553,3.92392974366,0,0,1.60000705719,
MC_G0_D045_DENS_LOW_V_HIGH_S007,MC_G0_D045_DENS_LOW_V_HIGH,7,1.61001098156,2.2067948464,3.78107852582,0,0,1.61001098156,
MC_G0_D045_DENS_LOW_V_HIGH_S007,MC_G0_D045_DENS_LOW_V_HIGH,7,1.62001478672,1.8624845104,4.02744211234,0,0,1.62001478672,
MC_G0_D045_DENS_LOW_V_HIGH_S007,MC_G0_D045_DENS_LOW_V_HIGH,7,1.63001871109,2.58166706079,6.28038612194,0,0,1.63001871109,
MC_G0_D045_DENS_LOW_V_HIGH_S007,MC_G0_D045_DENS_LOW_V_HIGH,7,1.64002263546,2.08889212619,3.8527938058,0,0,1.64002263546,
MC_G0_D045_DENS_LOW_V_HIGH_S007,MC_G0_D045_DENS_LOW_V_HIGH,7,1.65002644062,1.90189888359,3.49837654269,0,0,1.65002644062,
MC_G0_D045_DENS_LOW_V_HIGH_S007,MC_G0_D045_DENS_LOW_V_HIGH,7,1.66003036499,2.12986554394,2.26800191846,0,0,1.66003036499,
MC_G0_D045_DENS_LOW_V_HIGH_S007,MC_G0_D045_DENS_LOW_V_HIGH,7,1.67003428936,2.44467568692,4.44444184683,0,0,1.67003428936,
MC_G0_D045_DENS_LOW_V_HIGH_S007,MC_G0_D045_DENS_LOW_V_HIGH,7,1.68000221252,2.0325358797,4.45434637107,0,0,1.68000221252,
MC_G0_D045_DENS_LOW_V_HIGH_S007,MC_G0_D045_DENS_LOW_V_HIGH,7,1.69000601768,2.48692128502,5.08512773348,0,0,1.69000601768,
MC_G0_D045_DENS_LOW_V_HIGH_S007,MC_G0_D045_DENS_LOW_V_HIGH,7,1.70000994205,2.13029440112,5.17298816337,0,0,1.70000994205,
MC_G0_D045_DENS_LOW_V_HIGH_S007,MC_G0_D045_DENS_LOW_V_HIGH,7,1.71001386642,2.1763433004,5.13864846516,0,0,1.71001386642,
MC_G0_D045_DENS_LOW_V_HIGH_S007,MC_G0_D045_DENS_LOW_V_HIGH,7,1.72001767159,2.43355207194,5.27224395895,0,0,1.72001767159,
MC_G0_D045_DENS_LOW_V_HIGH_S007,MC_G0_D045_DENS_LOW_V_HIGH,7,1.73002159595,2.16484397967,5.26078515455,0,0,1.73002159595,
MC_G0_D045_DENS_LOW_V_HIGH_S007,MC_G0_D045_DENS_LOW_V_HIGH,7,1.74002552032,2.11471354973,4.01411124411,0,0,1.74002552032,
MC_G0_D045_DENS_LOW_V_HIGH_S007,MC_G0_D045_DENS_LOW_V_HIGH,7,1.75002932549,2.39098794904,6.61991097966,0,0,1.75002932549,
MC_G0_D045_DENS_LOW_V_HIGH_S007,MC_G0_D045_DENS_LOW_V_HIGH,7,1.76003324986,4.00632350681,5.09171861118,0,0,1.76003324986,
MC_G0_D045_DENS_LOW_V_HIGH_S007,MC_G0_D045_DENS_LOW_V_HIGH,7,1.77000117302,2.267755695,4.36904782742,0,0,1.77000117302,
MC_G0_D045_DENS_LOW_V_HIGH_S007,MC_G0_D045_DENS_LOW_V_HIGH,7,1.78000509739,2.33099783354,5.35085435511,0,0,1.78000509739,
MC_G0_D045_DENS_LOW_V_HIGH_S007,MC_G0_D045_DENS_LOW_V_HIGH,7,1.79000890255,2.36672652947,4.71132884646,0,0,1.79000890255,
MC_G0_D045_DENS_LOW_V_HIGH_S007,MC_G0_D045_DENS_LOW_V_HIGH,7,1.80001282692,2.16881325913,4.02912854948,0,0,1.80001282692,
MC_G0_D045_DENS_LOW_V_HIGH_S007,MC_G0_D045_DENS_LOW_V_HIGH,7,1.81001675129,2.4182956937,4.46083469419,0,0,1.81001675129,
MC_G0_D045_DENS_LOW_V_HIGH_S007,MC_G0_D045_DENS_LOW_V_HIGH,7,1.82002055645,2.16235334604,3.75725657867,0,0,1.82002055645,
MC_G0_D045_DENS_LOW_V_HIGH_S007,MC_G0_D045_DENS_LOW_V_HIGH,7,1.83002448082,2.19695492472,5.18335997662,0,0,1.83002448082,
MC_G0_D045_DENS_LOW_V_HIGH_S007,MC_G0_D045_DENS_LOW_V_HIGH,7,1.84002840519,2.83119861725,6.28661730372,0,0,1.84002840519,
MC_G0_D045_DENS_LOW_V_HIGH_S007,MC_G0_D045_DENS_LOW_V_HIGH,7,1.85003221035,2.79618122939,4.1799789281,0,0,1.85003221035,
MC_G0_D045_DENS_LOW_V_HIGH_S007,MC_G0_D045_DENS_LOW_V_HIGH,7,1.86000013351,3.31695794731,6.29182002454,0,0,1.86000013351,
MC_G0_D045_DENS_LOW_V_HIGH_S007,MC_G0_D045_DENS_LOW_V_HIGH,7,1.87000405788,2.45052982725,5.50298043072,0,0,1.87000405788,
MC_G0_D045_DENS_LOW_V_HIGH_S007,MC_G0_D045_DENS_LOW_V_HIGH,7,1.88000786304,2.65401958409,6.14899749518,0,0,1.88000786304,
MC_G0_D045_DENS_LOW_V_HIGH_S007,MC_G0_D045_DENS_LOW_V_HIGH,7,1.89001178741,2.99995286148,5.83788871938,0,0,1.89001178741,
MC_G0_D045_DENS_LOW_V_HIGH_S007,MC_G0_D045_DENS_LOW_V_HIGH,7,1.90001571178,2.71818045558,5.23658773004,0,0,1.90001571178,
MC_G0_D045_DENS_LOW_V_HIGH_S007,MC_G0_D045_DENS_LOW_V_HIGH,7,1.91001951694,2.29209444318,5.37040344676,0,0,1.91001951694,
MC_G0_D045_DENS_LOW_V_HIGH_S007,MC_G0_D045_DENS_LOW_V_HIGH,7,1.92002344131,2.48053447913,5.49231432343,0,0,1.92002344131,
MC_G0_D045_DENS_LOW_V_HIGH_S007,MC_G0_D045_DENS_LOW_V_HIGH,7,1.93002736568,2.75382894467,6.13771206461,0,0,1.93002736568,
MC_G0_D045_DENS_LOW_V_HIGH_S007,MC_G0_D045_DENS_LOW_V_HIGH,7,1.94003117085,2.78612793448,5.71837964186,0,0,1.94003117085,
MC_G0_D045_DENS_LOW_V_HIGH_S007,MC_G0_D045_DENS_LOW_V_HIGH,7,1.95003509521,2.38449867795,7.15877149691,0,0,1.95003509521,
MC_G0_D045_DENS_LOW_V_HIGH_S007,MC_G0_D045_DENS_LOW_V_HIGH,7,1.96000301838,2.24408239501,5.70943668116,0,0,1.96000301838,
MC_G0_D045_DENS_LOW_V_HIGH_S007,MC_G0_D045_DENS_LOW_V_HIGH,7,1.97000694275,2.34379639004,4.53672946263,0,0,1.97000694275,
MC_G0_D045_DENS_LOW_V_HIGH_S007,MC_G0_D045_DENS_LOW_V_HIGH,7,1.98001074791,1.56653506478,8.01975250438,0,0,1.98001074791,
MC_G0_D045_DENS_LOW_V_HIGH_S007,MC_G0_D045_DENS_LOW_V_HIGH,7,1.99001467228,2.95351597598,5.35476136995,0,0,1.99001467228,
MC_G0_D045_DENS_LOW_V_HIGH_S007,MC_G0_D045_DENS_LOW_V_HIGH,7,2.00001859665,2.94008958025,5.56655781059,0,0,2.00001859665,
MC_G0_D045_DENS_LOW_V_HIGH_S007,MC_G0_D045_DENS_LOW_V_HIGH,7,2.01002240181,2.68186958842,5.46237714116,0,0,2.01002240181,
MC_G0_D045_DENS_LOW_V_HIGH_S007,MC_G0_D045_DENS_LOW_V_HIGH,7,2.02002620697,3.37339977336,6.1288321515,0,0,2.02002620697,
MC_G0_D045_DENS_LOW_V_HIGH_S007,MC_G0_D045_DENS_LOW_V_HIGH,7,2.03003025055,2.96096485099,4.89396002927,0,0,2.03003025055,
MC_G0_D045_DENS_LOW_V_HIGH_S007,MC_G0_D045_DENS_LOW_V_HIGH,7,2.04003405571,2.53559705444,5.61774689554,0,0,2.04003405571,
MC_G0_D045_DENS_LOW_V_HIGH_S007,MC_G0_D045_DENS_LOW_V_HIGH,7,2.05000209808,2.85348786945,7.69337899929,0,0,2.05000209808,
MC_G0_D045_DENS_LOW_V_HIGH_S007,MC_G0_D045_DENS_LOW_V_HIGH,7,2.06000590324,2.88723595519,5.5047954489,0,0,2.06000590324,
MC_G0_D045_DENS_LOW_V_HIGH_S007,MC_G0_D045_DENS_LOW_V_HIGH,7,2.0700097084,2.84315058858,6.37834462471,0,0,2.0700097084,
MC_G0_D045_DENS_LOW_V_HIGH_S007,MC_G0_D045_DENS_LOW_V_HIGH,7,2.08001375198,2.83435738542,4.20080677883,0,0,2.08001375198,
MC_G0_D045_DENS_LOW_V_HIGH_S007,MC_G0_D045_DENS_LOW_V_HIGH,7,2.09001755714,2.33407447604,6.37344438498,0,0,2.09001755714,
MC_G0_D045_DENS_LOW_V_HIGH_S007,MC_G0_D045_DENS_LOW_V_HIGH,7,2.1000213623,3.46746283152,9.18970511863,0,0,2.1000213623,
MC_G0_D045_DENS_LOW_V_HIGH_S007,MC_G0_D045_DENS_LOW_V_HIGH,7,2.11002516747,2.99049286697,11.3478177219,0,0,2.11002516747,
MC_G0_D045_DENS_LOW_V_HIGH_S007,MC_G0_D045_DENS_LOW_V_HIGH,7,2.12002921104,2.74885496894,5.89987779621,0,0,2.12002921104,
MC_G0_D045_DENS_LOW_V_HIGH_S007,MC_G0_D045_DENS_LOW_V_HIGH,7,2.1300330162,2.68807391415,4.72793591484,0,0,2.1300330162,
MC_G0_D045_DENS_LOW_V_HIGH_S007,MC_G0_D045_DENS_LOW_V_HIGH,7,2.14000105858,3.40853037183,5.59973101273,0,0,2.14000105858,
MC_G0_D045_DENS_LOW_V_HIGH_S007,MC_G0_D045_DENS_LOW_V_HIGH,7,2.15000486374,3.6489747613,5.3313844006,0,0,2.15000486374,
MC_G0_D045_DENS_LOW_V_HIGH_S007,MC_G0_D045_DENS_LOW_V_HIGH,7,2.1600086689,2.53939690174,5.35616038297,0,0,2.1600086689,
MC_G0_D045_DENS_LOW_V_HIGH_S007,MC_G0_D045_DENS_LOW_V_HIGH,7,2.17001247406,2.79744765328,5.60179883692,0,0,2.17001247406,
MC_G0_D045_DENS_LOW_V_HIGH_S007,MC_G0_D045_DENS_LOW_V_HIGH,7,2.18001651764,2.82980938863,8.54017422316,0,0,2.18001651764,
MC_G0_D045_DENS_LOW_V_HIGH_S007,MC_G0_D045_DENS_LOW_V_HIGH,7,2.1900203228,3.14781744379,3.01934976299,0,0,2.1900203228,
MC_G0_D045_DENS_LOW_V_HIGH_S007,MC_G0_D045_DENS_LOW_V_HIGH,7,2.20002412796,2.76558039888,4.62959924123,0,0,2.20002412796,
MC_G0_D045_DENS_LOW_V_HIGH_S007,MC_G0_D045_DENS_LOW_V_HIGH,7,2.21002817154,3.47660295806,8.65794288787,0,0,2.21002817154,
MC_G0_D045_DENS_LOW_V_HIGH_S007,MC_G0_D045_DENS_LOW_V_HIGH,7,2.2200319767,3.23480579763,6.73235979492,0,0,2.2200319767,
MC_G0_D045_DENS_LOW_V_HIGH_S007,MC_G0_D045_DENS_LOW_V_HIGH,7,2.23003578186,3.08688691261,5.52944669014,0,0,2.23003578186,
MC_G0_D045_DENS_LOW_V_HIGH_S007,MC_G0_D045_DENS_LOW_V_HIGH,7,2.24000382423,3.13008808509,8.63774363236,0,0,2.24000382423,
MC_G0_D045_DENS_LOW_V_HIGH_S007,MC_G0_D045_DENS_LOW_V_HIGH,7,2.25000762939,2.85115592257,5.19959742406,0,0,2.25000762939,
MC_G0_D045_DENS_LOW_V_HIGH_S007,MC_G0_D045_DENS_LOW_V_HIGH,7,2.26001143456,3.6488711448,5.24997636678,0,0,2.26001143456,
MC_G0_D045_DENS_LOW_V_HIGH_S007,MC_G0_D045_DENS_LOW_V_HIGH,7,2.27001547813,2.48459471085,5.23943667343,0,0,2.27001547813,
MC_G0_D045_DENS_LOW_V_HIGH_S007,MC_G0_D045_DENS_LOW_V_HIGH,7,2.28001928329,3.0327632179,5.51090269204,0,0,2.28001928329,
MC_G0_D045_DENS_LOW_V_HIGH_S007,MC_G0_D045_DENS_LOW_V_HIGH,7,2.29002308846,2.96880401482,5.51530775026,0,0,2.29002308846,
MC_G0_D045_DENS_LOW_V_HIGH_S007,MC_G0_D045_DENS_LOW_V_HIGH,7,2.30002713203,2.92976112596,4.18616718078,0,0,2.30002713203,
MC_G0_D045_DENS_LOW_V_HIGH_S007,MC_G0_D045_DENS_LOW_V_HIGH,7,2.31003093719,3.13265527981,7.67620192012,0,0,2.31003093719,
MC_G0_D045_DENS_LOW_V_HIGH_S007,MC_G0_D045_DENS_LOW_V_HIGH,7,2.32003474236,3.26967735486,6.34082761453,0,0,2.32003474236,
MC_G0_D045_DENS_LOW_V_HIGH_S007,MC_G0_D045_DENS_LOW_V_HIGH,7,2.33000278473,3.22748049489,9.08363045693,0,0,2.33000278473,
MC_G0_D045_DENS_LOW_V_HIGH_S007,MC_G0_D045_DENS_LOW_V_HIGH,7,2.34000658989,3.36054557096,7.11173869959,0,0,2.34000658989,
MC_G0_D045_DENS_LOW_V_HIGH_S007,MC_G0_D045_DENS_LOW_V_HIGH,7,2.35001039505,3.89879797902,5.29482620194,0,0,2.35001039505,
MC_G0_D045_DENS_LOW_V_HIGH_S007,MC_G0_D045_DENS_LOW_V_HIGH,7,2.36001443863,4.05080031354,12.6496787753,0,0,2.36001443863,
MC_G0_D045_DENS_LOW_V_HIGH_S007,MC_G0_D045_DENS_LOW_V_HIGH,7,2.37001824379,3.4955217958,5.58202724022,0,0,2.37001824379,
MC_G0_D045_DENS_LOW_V_HIGH_S007,MC_G0_D045_DENS_LOW_V_HIGH,7,2.38002204895,2.83969440267,5.4553702851,0,0,2.38002204895,
MC_G0_D045_DENS_LOW_V_HIGH_S007,MC_G0_D045_DENS_LOW_V_HIGH,7,2.39002609253,3.87649395188,5.60114416442,0,0,2.39002609253,
MC_G0_D045_DENS_LOW_V_HIGH_S007,MC_G0_D045_DENS_LOW_V_HIGH,7,2.40002989769,3.13811414238,6.83028003735,0,0,2.40002989769,
MC_G0_D045_DENS_LOW_V_HIGH_S007,MC_G0_D045_DENS_LOW_V_HIGH,7,2.41003370285,3.96339480734,7.09283613606,0,0,2.41003370285,
MC_G0_D045_DENS_LOW_V_HIGH_S007,MC_G0_D045_DENS_LOW_V_HIGH,7,2.42000174522,2.85501928294,7.16656799595,0,0,2.42000174522,
MC_G0_D045_DENS_LOW_V_HIGH_S007,MC_G0_D045_DENS_LOW_V_HIGH,7,2.43000555038,3.08508187481,7.21487082,0,0,2.43000555038,
MC_G0_D045_DENS_LOW_V_HIGH_S007,MC_G0_D045_DENS_LOW_V_HIGH,7,2.44000935555,2.99673134777,6.16683513618,0,0,2.44000935555,
MC_G0_D045_DENS_LOW_V_HIGH_S007,MC_G0_D045_DENS_LOW_V_HIGH,7,2.45001316071,3.8544585601,9.09812572661,0,0,2.45001316071,
MC_G0_D045_DENS_LOW_V_HIGH_S007,MC_G0_D045_DENS_LOW_V_HIGH,7,2.46001720428,3.1192308029,6.32811812573,0,0,2.46001720428,
MC_G0_D045_DENS_LOW_V_HIGH_S007,MC_G0_D045_DENS_LOW_V_HIGH,7,2.47002100945,2.45714094368,8.88223168226,0,0,2.47002100945,
MC_G0_D045_DENS_LOW_V_HIGH_S007,MC_G0_D045_DENS_LOW_V_HIGH,7,2.48002481461,3.30997227642,6.66956321164,0,0,2.48002481461,
MC_G0_D045_DENS_LOW_V_HIGH_S007,MC_G0_D045_DENS_LOW_V_HIGH,7,2.49002885818,3.39427504411,5.89202289835,0,0,2.49002885818,
MC_G0_D045_DENS_LOW_V_HIGH_S007,MC_G0_D045_DENS_LOW_V_HIGH,7,2.50003266335,4.86018639937,10.5019357523,0,0,2.50003266335,
MC_G0_D045_DENS_LOW_V_HIGH_S007,MC_G0_D045_DENS_LOW_V_HIGH,7,2.5100004673,3.71929582557,7.71797592972,0,0,2.5100004673,
MC_G0_D045_DENS_LOW_V_HIGH_S007,MC_G0_D045_DENS_LOW_V_HIGH,7,2.52000451088,4.13325448612,9.01523393434,0,0,2.52000451088,
MC_G0_D045_DENS_LOW_V_HIGH_S007,MC_G0_D045_DENS_LOW_V_HIGH,7,2.53000831604,4.08443921819,7.470746702,0,0,2.53000831604,
MC_G0_D045_DENS_LOW_V_HIGH_S007,MC_G0_D045_DENS_LOW_V_HIGH,7,2.5400121212,3.25223639542,5.66793814195,0,0,2.5400121212,
MC_G0_D045_DENS_LOW_V_HIGH_S007,MC_G0_D045_DENS_LOW_V_HIGH,7,2.55001616478,3.04569801091,8.09693896353,0,0,2.55001616478,
MC_G0_D045_DENS_LOW_V_HIGH_S007,MC_G0_D045_DENS_LOW_V_HIGH,7,2.56001996994,3.63211712438,9.11749780566,0,0,2.56001996994,
MC_G0_D045_DENS_LOW_V_HIGH_S007,MC_G0_D045_DENS_LOW_V_HIGH,7,2.5700237751,4.67801209152,7.14891218143,0,0,2.5700237751,
MC_G0_D045_DENS_LOW_V_HIGH_S007,MC_G0_D045_DENS_LOW_V_HIGH,7,2.58002758026,2.96663401669,7.6687506183,0,0,2.58002758026,
MC_G0_D045_DENS_LOW_V_HIGH_S007,MC_G0_D045_DENS_LOW_V_HIGH,7,2.59003162384,4.30398415973,8.07462833672,0,0,2.59003162384,
MC_G0_D045_DENS_LOW_V_HIGH_S007,MC_G0_D045_DENS_LOW_V_HIGH,7,2.600035429,3.75718991446,6.32990163303,0,0,2.600035429,
MC_G0_D045_DENS_LOW_V_HIGH_S007,MC_G0_D045_DENS_LOW_V_HIGH,7,2.61000323296,4.30640034299,7.74334857043,0,0,2.61000323296,
MC_G0_D045_DENS_LOW_V_HIGH_S007,MC_G0_D045_DENS_LOW_V_HIGH,7,2.62000727654,4.13133796465,8.13898143391,0,0,2.62000727654,
MC_G0_D045_DENS_LOW_V_HIGH_S007,MC_G0_D045_DENS_LOW_V_HIGH,7,2.6300110817,3.64268447226,6.41282595228,0,0,2.6300110817,
MC_G0_D045_DENS_LOW_V_HIGH_S007,MC_G0_D045_DENS_LOW_V_HIGH,7,2.64001488686,3.50139800261,6.00380565741,0,0,2.64001488686,
MC_G0_D045_DENS_LOW_V_HIGH_S007,MC_G0_D045_DENS_LOW_V_HIGH,7,2.65001869202,3.66652048854,7.75665291205,0,0,2.65001869202,
MC_G0_D045_DENS_LOW_V_HIGH_S007,MC_G0_D045_DENS_LOW_V_HIGH,7,2.6600227356,3.12309857656,7.76752931176,0,0,2.6600227356,
MC_G0_D045_DENS_LOW_V_HIGH_S007,MC_G0_D045_DENS_LOW_V_HIGH,7,2.67002654076,4.27011537995,8.75990128449,0,0,2.67002654076,
MC_G0_D045_DENS_LOW_V_HIGH_S007,MC_G0_D045_DENS_LOW_V_HIGH,7,2.68003034592,3.15287949355,4.40803360794,0,0,2.68003034592,
MC_G0_D045_DENS_LOW_V_HIGH_S007,MC_G0_D045_DENS_LOW_V_HIGH,7,2.6900343895,4.00522440439,7.95250428578,0,0,2.6900343895,
MC_G0_D045_DENS_LOW_V_HIGH_S007,MC_G0_D045_DENS_LOW_V_HIGH,7,2.70000219345,4.1460445998,9.57862402607,0,0,2.70000219345,
MC_G0_D045_DENS_LOW_V_HIGH_S007,MC_G0_D045_DENS_LOW_V_HIGH,7,2.71000599861,4.15027675815,8.0073484349,0,0,2.71000599861,
MC_G0_D045_DENS_LOW_V_HIGH_S007,MC_G0_D045_DENS_LOW_V_HIGH,7,2.72001004219,4.36955728573,13.2094329217,0,0,2.72001004219,
MC_G0_D045_DENS_LOW_V_HIGH_S007,MC_G0_D045_DENS_LOW_V_HIGH,7,2.73001384735,4.69354458855,9.51665355568,0,0,2.73001384735,
MC_G0_D045_DENS_LOW_V_HIGH_S007,MC_G0_D045_DENS_LOW_V_HIGH,7,2.74001765251,5.07657372403,7.12164003032,0,0,2.74001765251,
MC_G0_D045_DENS_LOW_V_HIGH_S007,MC_G0_D045_DENS_LOW_V_HIGH,7,2.75002145767,4.43323384603,8.51089767466,0,0,2.75002145767,
MC_G0_D045_DENS_LOW_V_HIGH_S007,MC_G0_D045_DENS_LOW_V_HIGH,7,2.76002550125,4.35593440241,7.12641788429,0,0,2.76002550125,
MC_G0_D045_DENS_LOW_V_HIGH_S007,MC_G0_D045_DENS_LOW_V_HIGH,7,2.77002930641,3.78160426431,9.8308990758,0,0,2.77002930641,
MC_G0_D045_DENS_LOW_V_HIGH_S007,MC_G0_D045_DENS_LOW_V_HIGH,7,2.78003311157,4.07284491567,9.18287959108,0,0,2.78003311157,
MC_G0_D045_DENS_LOW_V_HIGH_S007,MC_G0_D045_DENS_LOW_V_HIGH,7,2.79000091553,3.63758999437,13.8153178825,0,0,2.79000091553,
MC_G0_D045_DENS_LOW_V_HIGH_S007,MC_G0_D045_DENS_LOW_V_HIGH,7,2.80000495911,4.05898448193,10.8651719988,0,0,2.80000495911,
MC_G0_D045_DENS_LOW_V_HIGH_S007,MC_G0_D045_DENS_LOW_V_HIGH,7,2.81000876427,3.8529338625,7.47232620003,0,0,2.81000876427,
MC_G0_D045_DENS_LOW_V_HIGH_S007,MC_G0_D045_DENS_LOW_V_HIGH,7,2.82001256943,4.72930839897,10.956735742,0,0,2.82001256943,
MC_G0_D045_DENS_LOW_V_HIGH_S007,MC_G0_D045_DENS_LOW_V_HIGH,7,2.83001661301,5.16774626563,9.49876027586,0,0,2.83001661301,
MC_G0_D045_DENS_LOW_V_HIGH_S007,MC_G0_D045_DENS_LOW_V_HIGH,7,2.84002041817,3.93917387496,11.6965641485,0,0,2.84002041817,
MC_G0_D045_DENS_LOW_V_HIGH_S007,MC_G0_D045_DENS_LOW_V_HIGH,7,2.85002422333,4.08868749467,6.43009567876,0,0,2.85002422333,
MC_G0_D045_DENS_LOW_V_HIGH_S007,MC_G0_D045_DENS_LOW_V_HIGH,7,2.86002802849,4.14815377121,8.29950837131,0,0,2.86002802849,
MC_G0_D045_DENS_LOW_V_HIGH_S007,MC_G0_D045_DENS_LOW_V_HIGH,7,2.87003207207,4.5275237092,7.75797399287,0,0,2.87003207207,
MC_G0_D045_DENS_LOW_V_HIGH_S007,MC_G0_D045_DENS_LOW_V_HIGH,7,2.88003587723,4.05554671674,8.72730368928,0,0,2.88003587723,
MC_G0_D045_DENS_LOW_V_HIGH_S007,MC_G0_D045_DENS_LOW_V_HIGH,7,2.89000368118,4.16876961694,6.95763842424,0,0,2.89000368118,
MC_G0_D045_DENS_LOW_V_HIGH_S007,MC_G0_D045_DENS_LOW_V_HIGH,7,2.90000748634,4.42645847826,10.2240023016,0,0,2.90000748634,
MC_G0_D045_DENS_LOW_V_HIGH_S007,MC_G0_D045_DENS_LOW_V_HIGH,7,2.91001152992,4.52008749842,8.01110446733,0,0,2.91001152992,
MC_G0_D045_DENS_LOW_V_HIGH_S007,MC_G0_D045_DENS_LOW_V_HIGH,7,2.92001533508,3.7869320712,8.36996764043,0,0,2.92001533508,
MC_G0_D045_DENS_LOW_V_HIGH_S007,MC_G0_D045_DENS_LOW_V_HIGH,7,2.93001914024,4.12553237056,7.26960099678,0,0,2.93001914024,
MC_G0_D045_DENS_LOW_V_HIGH_S007,MC_G0_D045_DENS_LOW_V_HIGH,7,2.94002318382,4.94692377103,10.3366536984,0,0,2.94002318382,
MC_G0_D045_DENS_LOW_V_HIGH_S007,MC_G0_D045_DENS_LOW_V_HIGH,7,2.95002698898,4.50740023372,9.84203127028,0,0,2.95002698898,
MC_G0_D045_DENS_LOW_V_HIGH_S007,MC_G0_D045_DENS_LOW_V_HIGH,7,2.96003079414,5.48060131876,15.6618414245,0,0,2.96003079414,
MC_G0_D045_DENS_LOW_V_HIGH_S007,MC_G0_D045_DENS_LOW_V_HIGH,7,2.9700345993,4.56669074597,8.71897500704,0,0,2.9700345993,
MC_G0_D045_DENS_LOW_V_HIGH_S007,MC_G0_D045_DENS_LOW_V_HIGH,7,2.98000264168,4.00906243628,8.38026309421,0,0,2.98000264168,
MC_G0_D045_DENS_LOW_V_HIGH_S007,MC_G0_D045_DENS_LOW_V_HIGH,7,2.99000644684,4.60169163194,9.37006506957,0,0,2.99000644684,
MC_G0_D045_DENS_LOW_V_HIGH_S007,MC_G0_D045_DENS_LOW_V_HIGH,7,3.000010252,5.07535680581,9.61663333532,0,0,3.000010252,
MC_G0_D045_DENS_LOW_V_HIGH_S007,MC_G0_D045_DENS_LOW_V_HIGH,7,3.01001405716,4.67303197555,10.9916642712,0,0,3.01001405716,
MC_G0_D045_DENS_LOW_V_HIGH_S007,MC_G0_D045_DENS_LOW_V_HIGH,7,3.02001810074,4.4318054734,8.93181058747,0,0,3.02001810074,
MC_G0_D045_DENS_LOW_V_HIGH_S007,MC_G0_D045_DENS_LOW_V_HIGH,7,3.0300219059,4.85565835835,7.89644686565,0,0,3.0300219059,
MC_G0_D045_DENS_LOW_V_HIGH_S007,MC_G0_D045_DENS_LOW_V_HIGH,7,3.04002571106,4.3712612015,7.67708189934,0,0,3.04002571106,
MC_G0_D045_DENS_LOW_V_HIGH_S007,MC_G0_D045_DENS_LOW_V_HIGH,7,3.05002951622,4.15871728144,8.65301576583,0,0,3.05002951622,
MC_G0_D045_DENS_LOW_V_HIGH_S007,MC_G0_D045_DENS_LOW_V_HIGH,7,3.0600335598,3.86410909385,8.41763982022,0,0,3.0600335598,
MC_G0_D045_DENS_LOW_V_HIGH_S007,MC_G0_D045_DENS_LOW_V_HIGH,7,3.07000136375,5.50591060815,11.2707336367,0,0,3.07000136375,
MC_G0_D045_DENS_LOW_V_HIGH_S007,MC_G0_D045_DENS_LOW_V_HIGH,7,3.08000516891,4.83520945031,11.1117619381,0,0,3.08000516891,
MC_G0_D045_DENS_LOW_V_HIGH_S007,MC_G0_D045_DENS_LOW_V_HIGH,7,3.09000897408,4.75051140487,6.51512739788,0,0,3.09000897408,
MC_G0_D045_DENS_LOW_V_HIGH_S007,MC_G0_D045_DENS_LOW_V_HIGH,7,3.10001301765,6.6520019627,11.6561918393,0,0,3.10001301765,
MC_G0_D045_DENS_LOW_V_HIGH_S007,MC_G0_D045_DENS_LOW_V_HIGH,7,3.11001682281,4.63976570653,7.7717307474,0,0,3.11001682281,
MC_G0_D045_DENS_LOW_V_HIGH_S007,MC_G0_D045_DENS_LOW_V_HIGH,7,3.12002062798,5.19617479541,8.34779639032,0,0,3.12002062798,
MC_G0_D045_DENS_LOW_V_HIGH_S007,MC_G0_D045_DENS_LOW_V_HIGH,7,3.13002443314,4.71322980461,7.67087495618,0,0,3.13002443314,
MC_G0_D045_DENS_LOW_V_HIGH_S007,MC_G0_D045_DENS_LOW_V_HIGH,7,3.14002847672,4.69882941379,9.28307023544,0,0,3.14002847672,
MC_G0_D045_DENS_LOW_V_HIGH_S007,MC_G0_D045_DENS_LOW_V_HIGH,7,3.15003228188,5.3592974829,12.0916208906,0,0,3.15003228188,
MC_G0_D045_DENS_LOW_V_HIGH_S007,MC_G0_D045_DENS_LOW_V_HIGH,7,3.16000008583,4.84187889899,8.94360806953,0,0,3.16000008583,
MC_G0_D045_DENS_LOW_V_HIGH_S007,MC_G0_D045_DENS_LOW_V_HIGH,7,3.17000389099,5.76298045683,11.0775467833,0,0,3.17000389099,
MC_G0_D045_DENS_LOW_V_HIGH_S007,MC_G0_D045_DENS_LOW_V_HIGH,7,3.18000793457,5.01113376442,11.685963226,0,0,3.18000793457,
MC_G0_D045_DENS_LOW_V_HIGH_S007,MC_G0_D045_DENS_LOW_V_HIGH,7,3.19001173973,4.91928157534,9.52102334367,0,0,3.19001173973,
MC_G0_D045_DENS_LOW_V_HIGH_S007,MC_G0_D045_DENS_LOW_V_HIGH,7,3.20001554489,4.65422366208,9.24352668127,0,0,3.20001554489,
MC_G0_D045_DENS_LOW_V_HIGH_S007,MC_G0_D045_DENS_LOW_V_HIGH,7,3.21001935005,4.48464835304,8.11092465693,0,0,3.21001935005,
MC_G0_D045_DENS_LOW_V_HIGH_S007,MC_G0_D045_DENS_LOW_V_HIGH,7,3.22002315521,7.15303455665,15.0670319059,0,0,3.22002315521,
MC_G0_D045_DENS_LOW_V_HIGH_S007,MC_G0_D045_DENS_LOW_V_HIGH,7,3.23002719879,4.9291838588,8.03693350236,0,0,3.23002719879,
MC_G0_D045_DENS_LOW_V_HIGH_S007,MC_G0_D045_DENS_LOW_V_HIGH,7,3.24003100395,5.17232688243,8.62049112254,0,0,3.24003100395,
MC_G0_D045_DENS_LOW_V_HIGH_S007,MC_G0_D045_DENS_LOW_V_HIGH,7,3.25003480911,5.58556061125,11.1997376507,0,0,3.25003480911,
MC_G0_D045_DENS_LOW_V_HIGH_S007,MC_G0_D045_DENS_LOW_V_HIGH,7,3.26000261307,5.40163288197,14.9536109153,0,0,3.26000261307,
MC_G0_D045_DENS_LOW_V_HIGH_S007,MC_G0_D045_DENS_LOW_V_HIGH,7,3.27000665665,4.4344895245,8.15946007215,0,0,3.27000665665,
MC_G0_D045_DENS_LOW_V_HIGH_S007,MC_G0_D045_DENS_LOW_V_HIGH,7,3.28001046181,4.95210306094,10.169867912,0,0,3.28001046181,
MC_G0_D045_DENS_LOW_V_HIGH_S007,MC_G0_D045_DENS_LOW_V_HIGH,7,3.29001426697,4.96283657898,11.9602403355,0,0,3.29001426697,
MC_G0_D045_DENS_LOW_V_HIGH_S007,MC_G0_D045_DENS_LOW_V_HIGH,7,3.30001807213,5.47529653776,10.1713281145,0,0,3.30001807213,
MC_G0_D045_DENS_LOW_V_HIGH_S007,MC_G0_D045_DENS_LOW_V_HIGH,7,3.31002211571,5.65184408592,11.9646379942,0,0,3.31002211571,
MC_G0_D045_DENS_LOW_V_HIGH_S007,MC_G0_D045_DENS_LOW_V_HIGH,7,3.32002592087,4.59907320463,9.57137911671,0,0,3.32002592087,
MC_G0_D045_DENS_LOW_V_HIGH_S007,MC_G0_D045_DENS_LOW_V_HIGH,7,3.33002972603,5.07615043144,6.77803964067,0,0,3.33002972603,
MC_G0_D045_DENS_LOW_V_HIGH_S007,MC_G0_D045_DENS_LOW_V_HIGH,7,3.34003353119,5.20045031919,15.5994860833,0,0,3.34003353119,
MC_G0_D045_DENS_LOW_V_HIGH_S007,MC_G0_D045_DENS_LOW_V_HIGH,7,3.35000133514,5.51107838512,8.67488924474,0,0,3.35000133514,
MC_G0_D045_DENS_LOW_V_HIGH_S007,MC_G0_D045_DENS_LOW_V_HIGH,7,3.36000537872,5.56398266713,9.76357395303,0,0,3.36000537872,
MC_G0_D045_DENS_LOW_V_HIGH_S007,MC_G0_D045_DENS_LOW_V_HIGH,7,3.37000918388,4.78776499029,8.42221818178,0,0,3.37000918388,
MC_G0_D045_DENS_LOW_V_HIGH_S007,MC_G0_D045_DENS_LOW_V_HIGH,7,3.38001298904,5.13172993796,10.3507688788,0,0,3.38001298904,
MC_G0_D045_DENS_LOW_V_HIGH_S007,MC_G0_D045_DENS_LOW_V_HIGH,7,3.3900167942,5.04289951302,12.8566293041,0,0,3.3900167942,
MC_G0_D045_DENS_LOW_V_HIGH_S007,MC_G0_D045_DENS_LOW_V_HIGH,7,3.40002083778,5.77755546065,12.29333344,0,0,3.40002083778,
MC_G0_D045_DENS_LOW_V_HIGH_S007,MC_G0_D045_DENS_LOW_V_HIGH,7,3.41002464294,5.80899385787,10.9335325169,0,0,3.41002464294,
MC_G0_D045_DENS_LOW_V_HIGH_S007,MC_G0_D045_DENS_LOW_V_HIGH,7,3.4200284481,5.70871611233,11.712964045,0,0,3.4200284481,
MC_G0_D045_DENS_LOW_V_HIGH_S007,MC_G0_D045_DENS_LOW_V_HIGH,7,3.43003225327,5.38795128264,11.7831813961,0,0,3.43003225327,
MC_G0_D045_DENS_LOW_V_HIGH_S007,MC_G0_D045_DENS_LOW_V_HIGH,7,3.44000005722,5.43917697736,11.2416997242,0,0,3.44000005722,
MC_G0_D045_DENS_LOW_V_HIGH_S007,MC_G0_D045_DENS_LOW_V_HIGH,7,3.4500041008,5.71964803678,8.28049316577,0,0,3.4500041008,
MC_G0_D045_DENS_LOW_V_HIGH_S007,MC_G0_D045_DENS_LOW_V_HIGH,7,3.46000790596,5.41140737175,8.43765903015,0,0,3.46000790596,
MC_G0_D045_DENS_LOW_V_HIGH_S007,MC_G0_D045_DENS_LOW_V_HIGH,7,3.47001171112,5.16345232114,8.682781086,0,0,3.47001171112,
MC_G0_D045_DENS_LOW_V_HIGH_S007,MC_G0_D045_DENS_LOW_V_HIGH,7,3.48001551628,6.64531754719,10.3803687958,0,0,3.48001551628,
MC_G0_D045_DENS_LOW_V_HIGH_S007,MC_G0_D045_DENS_LOW_V_HIGH,7,3.49001932144,5.60745247499,9.88659269782,0,0,3.49001932144,
MC_G0_D045_DENS_LOW_V_HIGH_S007,MC_G0_D045_DENS_LOW_V_HIGH,7,3.50002336502,4.04142916058,12.1432237452,0,0,3.50002336502,
MC_G0_D045_DENS_LOW_V_HIGH_S007,MC_G0_D045_DENS_LOW_V_HIGH,7,3.51002717018,5.05718439064,10.8701641066,0,0,3.51002717018,
MC_G0_D045_DENS_LOW_V_HIGH_S007,MC_G0_D045_DENS_LOW_V_HIGH,7,3.52003097534,7.42802430325,14.8082073533,0,0,3.52003097534,
MC_G0_D045_DENS_LOW_V_HIGH_S007,MC_G0_D045_DENS_LOW_V_HIGH,7,3.5300347805,4.74861829305,11.3870446545,0,0,3.5300347805,
MC_G0_D045_DENS_LOW_V_HIGH_S007,MC_G0_D045_DENS_LOW_V_HIGH,7,3.54000282288,6.19967910136,13.8885985815,0,0,3.54000282288,
MC_G0_D045_DENS_LOW_V_HIGH_S007,MC_G0_D045_DENS_LOW_V_HIGH,7,3.55000662804,5.77144362225,12.3785320238,0,0,3.55000662804,
MC_G0_D045_DENS_LOW_V_HIGH_S007,MC_G0_D045_DENS_LOW_V_HIGH,7,3.5600104332,5.71397522532,10.0499940779,0,0,3.5600104332,
MC_G0_D045_DENS_LOW_V_HIGH_S007,MC_G0_D045_DENS_LOW_V_HIGH,7,3.57001423836,6.6961464291,11.9456978829,0,0,3.57001423836,
MC_G0_D045_DENS_LOW_V_HIGH_S007,MC_G0_D045_DENS_LOW_V_HIGH,7,3.58001804352,4.2620125697,16.0446316714,0,0,3.58001804352,
MC_G0_D045_DENS_LOW_V_HIGH_S007,MC_G0_D045_DENS_LOW_V_HIGH,7,3.59002184868,4.75094774546,9.65571955831,0,0,3.59002184868,
MC_G0_D045_DENS_LOW_V_HIGH_S007,MC_G0_D045_DENS_LOW_V_HIGH,7,3.60002589226,5.79471780684,10.2877994114,0,0,3.60002589226,
MC_G0_D045_DENS_LOW_V_HIGH_S007,MC_G0_D045_DENS_LOW_V_HIGH,7,3.61002969742,5.29306581648,10.409342231,0,0,3.61002969742,
MC_G0_D045_DENS_LOW_V_HIGH_S007,MC_G0_D045_DENS_LOW_V_HIGH,7,3.62003350258,5.49670524159,11.8589330747,0,0,3.62003350258,
MC_G0_D045_DENS_LOW_V_HIGH_S007,MC_G0_D045_DENS_LOW_V_HIGH,7,3.63000130653,5.47815098043,13.5037764737,0,0,3.63000130653,
MC_G0_D045_DENS_LOW_V_HIGH_S007,MC_G0_D045_DENS_LOW_V_HIGH,7,3.64000511169,4.92475175898,8.25500748553,0,0,3.64000511169,
MC_G0_D045_DENS_LOW_V_HIGH_S007,MC_G0_D045_DENS_LOW_V_HIGH,7,3.65000915527,6.25508399489,14.3159733178,0,0,3.65000915527,
MC_G0_D045_DENS_LOW_V_HIGH_S007,MC_G0_D045_DENS_LOW_V_HIGH,7,3.66001296043,5.68459419127,11.8434705094,0,0,3.66001296043,
MC_G0_D045_DENS_LOW_V_HIGH_S007,MC_G0_D045_DENS_LOW_V_HIGH,7,3.67001676559,6.14776071115,12.3917276536,0,0,3.67001676559,
MC_G0_D045_DENS_LOW_V_HIGH_S007,MC_G0_D045_DENS_LOW_V_HIGH,7,3.68002057076,5.9952003826,13.1417780348,0,0,3.68002057076,
MC_G0_D045_DENS_LOW_V_HIGH_S007,MC_G0_D045_DENS_LOW_V_HIGH,7,3.69002437592,5.16162253051,10.9769751638,0,0,3.69002437592,
MC_G0_D045_DENS_LOW_V_HIGH_S007,MC_G0_D045_DENS_LOW_V_HIGH,7,3.70002841949,6.45547369957,10.5551329189,0,0,3.70002841949,
MC_G0_D045_DENS_LOW_V_HIGH_S007,MC_G0_D045_DENS_LOW_V_HIGH,7,3.71003222466,4.75030800952,11.7683811343,0,0,3.71003222466,
MC_G0_D045_DENS_LOW_V_HIGH_S007,MC_G0_D045_DENS_LOW_V_HIGH,7,3.72000002861,4.96075081723,17.2032619781,0,0,3.72000002861,
MC_G0_D045_DENS_LOW_V_HIGH_S007,MC_G0_D045_DENS_LOW_V_HIGH,7,3.73000383377,5.82836784067,10.6499605563,0,0,3.73000383377,
MC_G0_D045_DENS_LOW_V_HIGH_S007,MC_G0_D045_DENS_LOW_V_HIGH,7,3.74000763893,4.75453364387,10.8295643657,0,0,3.74000763893,
MC_G0_D045_DENS_LOW_V_HIGH_S007,MC_G0_D045_DENS_LOW_V_HIGH,7,3.75001168251,5.97955659378,12.7314851181,0,0,3.75001168251,
MC_G0_D045_DENS_LOW_V_HIGH_S007,MC_G0_D045_DENS_LOW_V_HIGH,7,3.76001548767,6.70329903767,15.0319590663,0,0,3.76001548767,
MC_G0_D045_DENS_LOW_V_HIGH_S007,MC_G0_D045_DENS_LOW_V_HIGH,7,3.77001929283,6.58973535432,13.9559519175,0,0,3.77001929283,
MC_G0_D045_DENS_LOW_V_HIGH_S007,MC_G0_D045_DENS_LOW_V_HIGH,7,3.78002309799,6.60018373511,14.2513775845,0,0,3.78002309799,
MC_G0_D045_DENS_LOW_V_HIGH_S007,MC_G0_D045_DENS_LOW_V_HIGH,7,3.79002690315,5.62156657727,12.974626468,0,0,3.79002690315,
MC_G0_D045_DENS_LOW_V_HIGH_S007,MC_G0_D045_DENS_LOW_V_HIGH,7,3.80003070831,5.71397292273,11.3757080507,0,0,3.80003070831,
MC_G0_D045_DENS_LOW_V_HIGH_S007,MC_G0_D045_DENS_LOW_V_HIGH,7,3.81003475189,5.28930684014,11.1840187657,0,0,3.81003475189,
MC_G0_D045_DENS_LOW_V_HIGH_S007,MC_G0_D045_DENS_LOW_V_HIGH,7,3.82000255585,6.36971339312,9.62778865548,0,0,3.82000255585,
MC_G0_D045_DENS_LOW_V_HIGH_S007,MC_G0_D045_DENS_LOW_V_HIGH,7,3.83000636101,5.54294314504,13.0751120756,0,0,3.83000636101,
MC_G0_D045_DENS_LOW_V_HIGH_S007,MC_G0_D045_DENS_LOW_V_HIGH,7,3.84001016617,3.95918797747,12.2504290272,0,0,3.84001016617,
MC_G0_D045_DENS_LOW_V_HIGH_S007,MC_G0_D045_DENS_LOW_V_HIGH,7,3.85001397133,5.88265789742,13.0623682778,0,0,3.85001397133,
MC_G0_D045_DENS_LOW_V_HIGH_S007,MC_G0_D045_DENS_LOW_V_HIGH,7,3.86001777649,5.13828233837,11.1560043091,0,0,3.86001777649,
MC_G0_D045_DENS_LOW_V_HIGH_S007,MC_G0_D045_DENS_LOW_V_HIGH,7,3.87002182007,5.65603134379,13.1285787863,0,0,3.87002182007,
MC_G0_D045_DENS_LOW_V_HIGH_S007,MC_G0_D045_DENS_LOW_V_HIGH,7,3.88002562523,6.69395052684,15.2432778462,0,0,3.88002562523,
MC_G0_D045_DENS_LOW_V_HIGH_S007,MC_G0_D045_DENS_LOW_V_HIGH,7,3.89002943039,6.04361615136,14.3393062821,0,0,3.89002943039,
MC_G0_D045_DENS_LOW_V_HIGH_S007,MC_G0_D045_DENS_LOW_V_HIGH,7,3.90003323555,6.14360453823,13.0421825993,0,0,3.90003323555,
MC_G0_D045_DENS_LOW_V_HIGH_S007,MC_G0_D045_DENS_LOW_V_HIGH,7,3.91000103951,5.78360167528,12.2824993675,0,0,3.91000103951,
MC_G0_D045_DENS_LOW_V_HIGH_S007,MC_G0_D045_DENS_LOW_V_HIGH,7,3.92000508308,5.91144179342,11.5369114308,0,0,3.92000508308,
MC_G0_D045_DENS_LOW_V_HIGH_S007,MC_G0_D045_DENS_LOW_V_HIGH,7,3.93000888824,5.53149352186,13.9064120438,0,0,3.93000888824,
MC_G0_D045_DENS_LOW_V_HIGH_S007,MC_G0_D045_DENS_LOW_V_HIGH,7,3.94001269341,5.44365321013,12.9753907684,0,0,3.94001269341,
MC_G0_D045_DENS_LOW_V_HIGH_S007,MC_G0_D045_DENS_LOW_V_HIGH,7,3.95001649857,6.98830658095,11.0719546402,0,0,3.95001649857,
MC_G0_D045_DENS_LOW_V_HIGH_S007,MC_G0_D045_DENS_LOW_V_HIGH,7,3.96002030373,6.25913693507,11.0687868361,0,0,3.96002030373,
MC_G0_D045_DENS_LOW_V_HIGH_S007,MC_G0_D045_DENS_LOW_V_HIGH,7,3.97002410889,5.87295939307,12.2206357619,0,0,3.97002410889,
MC_G0_D045_DENS_LOW_V_HIGH_S007,MC_G0_D045_DENS_LOW_V_HIGH,7,3.98002791405,5.75963786532,11.6838444823,0,0,3.98002791405,
MC_G0_D045_DENS_LOW_V_HIGH_S007,MC_G0_D045_DENS_LOW_V_HIGH,7,3.99003195763,7.79273979811,15.8033453779,0,0,3.99003195763,
MC_G0_D045_DENS_LOW_V_HIGH_S007,MC_G0_D045_DENS_LOW_V_HIGH,7,4.00003576279,5.82085564446,14.6984963919,0,0,4.00003576279,
MC_G0_D045_DENS_LOW_V_HIGH_S007,MC_G0_D045_DENS_LOW_V_HIGH,7,4.01000356674,6.02001077774,13.3102025678,0,0,4.01000356674,
MC_G0_D045_DENS_LOW_V_HIGH_S007,MC_G0_D045_DENS_LOW_V_HIGH,7,4.02000761032,5.9647870212,12.7771518332,0,0,4.02000761032,
MC_G0_D045_DENS_LOW_V_HIGH_S007,MC_G0_D045_DENS_LOW_V_HIGH,7,4.03001117706,6.05549866126,12.9926636212,0,0,4.03001117706,
MC_G0_D045_DENS_LOW_V_HIGH_S007,MC_G0_D045_DENS_LOW_V_HIGH,7,4.04001522064,7.25506303726,15.0489614674,0,0,4.04001522064,
MC_G0_D045_DENS_LOW_V_HIGH_S007,MC_G0_D045_DENS_LOW_V_HIGH,7,4.05001878738,6.67927229029,13.6436352712,0,0,4.05001878738,
MC_G0_D045_DENS_LOW_V_HIGH_S007,MC_G0_D045_DENS_LOW_V_HIGH,7,4.06002283096,4.59116956831,16.8272251438,0,0,4.06002283096,
MC_G0_D045_DENS_LOW_V_HIGH_S007,MC_G0_D045_DENS_LOW_V_HIGH,7,4.07002639771,6.39249328864,13.1404808886,0,0,4.07002639771,
MC_G0_D045_DENS_LOW_V_HIGH_S007,MC_G0_D045_DENS_LOW_V_HIGH,7,4.08003044128,7.41353564652,13.0343784925,0,0,4.08003044128,
MC_G0_D045_DENS_LOW_V_HIGH_S007,MC_G0_D045_DENS_LOW_V_HIGH,7,4.09003448486,6.98667558049,15.873050141,0,0,4.09003448486,
MC_G0_D045_DENS_LOW_V_HIGH_S007,MC_G0_D045_DENS_LOW_V_HIGH,7,4.10000228882,5.16412506085,10.8753504388,0,0,4.10000228882,
MC_G0_D045_DENS_LOW_V_HIGH_S007,MC_G0_D045_DENS_LOW_V_HIGH,7,4.11000585556,6.568482459,13.6836322461,0,0,4.11000585556,
MC_G0_D045_DENS_LOW_V_HIGH_S007,MC_G0_D045_DENS_LOW_V_HIGH,7,4.12000989914,6.11600455667,16.7625272997,0,0,4.12000989914,
MC_G0_D045_DENS_LOW_V_HIGH_S007,MC_G0_D045_DENS_LOW_V_HIGH,7,4.13001346588,6.87041863569,15.1541994515,0,0,4.13001346588,
MC_G0_D045_DENS_LOW_V_HIGH_S007,MC_G0_D045_DENS_LOW_V_HIGH,7,4.14001750946,6.38823196416,13.3366781035,0,0,4.14001750946,
MC_G0_D045_DENS_LOW_V_HIGH_S007,MC_G0_D045_DENS_LOW_V_HIGH,7,4.15002155304,8.31126515975,15.6304625573,0,0,4.15002155304,
MC_G0_D045_DENS_LOW_V_HIGH_S007,MC_G0_D045_DENS_LOW_V_HIGH,7,4.16002511978,7.10718463943,14.1624913986,0,0,4.16002511978,
MC_G0_D045_DENS_LOW_V_HIGH_S007,MC_G0_D045_DENS_LOW_V_HIGH,7,4.17002916336,6.44748832135,13.2853414681,0,0,4.17002916336,
MC_G0_D045_DENS_LOW_V_HIGH_S007,MC_G0_D045_DENS_LOW_V_HIGH,7,4.1800327301,5.02968226911,15.8464802846,0,0,4.1800327301,
MC_G0_D045_DENS_LOW_V_HIGH_S007,MC_G0_D045_DENS_LOW_V_HIGH,7,4.19000053406,6.2931054937,16.6524423852,0,0,4.19000053406,
MC_G0_D045_DENS_LOW_V_HIGH_S007,MC_G0_D045_DENS_LOW_V_HIGH,7,4.20000457764,6.97447185945,13.6501688531,0,0,4.20000457764,
MC_G0_D045_DENS_LOW_V_HIGH_S007,MC_G0_D045_DENS_LOW_V_HIGH,7,4.21000814438,7.52779087406,12.56998816,0,0,4.21000814438,
MC_G0_D045_DENS_LOW_V_HIGH_S007,MC_G0_D045_DENS_LOW_V_HIGH,7,4.22001218796,7.74356647761,12.9184684295,0,0,4.22001218796,
MC_G0_D045_DENS_LOW_V_HIGH_S007,MC_G0_D045_DENS_LOW_V_HIGH,7,4.23001623154,5.75077251438,13.9838691647,0,0,4.23001623154,
MC_G0_D045_DENS_LOW_V_HIGH_S007,MC_G0_D045_DENS_LOW_V_HIGH,7,4.24001979828,5.88113358358,13.8665245281,0,0,4.24001979828,
MC_G0_D045_DENS_LOW_V_HIGH_S007,MC_G0_D045_DENS_LOW_V_HIGH,7,4.25002384186,6.81314096987,14.6916400824,0,0,4.25002384186,
MC_G0_D045_DENS_LOW_V_HIGH_S007,MC_G0_D045_DENS_LOW_V_HIGH,7,4.2600274086,6.31243534355,14.9246792703,0,0,4.2600274086,
MC_G0_D045_DENS_LOW_V_HIGH_S007,MC_G0_D045_DENS_LOW_V_HIGH,7,4.27003145218,5.40178408531,12.074789749,0,0,4.27003145218,
MC_G0_D045_DENS_LOW_V_HIGH_S007,MC_G0_D045_DENS_LOW_V_HIGH,7,4.28003501892,6.25358616082,12.64241579,0,0,4.28003501892,
MC_G0_D045_DENS_LOW_V_HIGH_S007,MC_G0_D045_DENS_LOW_V_HIGH,7,4.29000329971,6.75724485739,13.4366499341,0,0,4.29000329971,
MC_G0_D045_DENS_LOW_V_HIGH_S007,MC_G0_D045_DENS_LOW_V_HIGH,7,4.30000686646,5.8711322888,11.6591117068,0,0,4.30000686646,
MC_G0_D045_DENS_LOW_V_HIGH_S007,MC_G0_D045_DENS_LOW_V_HIGH,7,4.31001091003,7.01243003707,17.4545302812,0,0,4.31001091003,
MC_G0_D045_DENS_LOW_V_HIGH_S007,MC_G0_D045_DENS_LOW_V_HIGH,7,4.32001447678,6.77924839668,12.1238643278,0,0,4.32001447678,
MC_G0_D045_DENS_LOW_V_HIGH_S007,MC_G0_D045_DENS_LOW_V_HIGH,7,4.33001852036,6.16344172516,12.1780847246,0,0,4.33001852036,
MC_G0_D045_DENS_LOW_V_HIGH_S007,MC_G0_D045_DENS_LOW_V_HIGH,7,4.3400220871,6.39869991695,11.7554949031,0,0,4.3400220871,
MC_G0_D045_DENS_LOW_V_HIGH_S007,MC_G0_D045_DENS_LOW_V_HIGH,7,4.35002613068,6.7174507489,16.7325051735,0,0,4.35002613068,
MC_G0_D045_DENS_LOW_V_HIGH_S007,MC_G0_D045_DENS_LOW_V_HIGH,7,4.36002969742,6.54247241506,16.0643370733,0,0,4.36002969742,
MC_G0_D045_DENS_LOW_V_HIGH_S007,MC_G0_D045_DENS_LOW_V_HIGH,7,4.370033741,6.10065281287,13.7254408254,0,0,4.370033741,
MC_G0_D045_DENS_LOW_V_HIGH_S007,MC_G0_D045_DENS_LOW_V_HIGH,7,4.38000154495,7.63762896861,16.2012870889,0,0,4.38000154495,
MC_G0_D045_DENS_LOW_V_HIGH_S007,MC_G0_D045_DENS_LOW_V_HIGH,7,4.39000558853,7.3479103285,15.7139603253,0,0,4.39000558853,
MC_G0_D045_DENS_LOW_V_HIGH_S007,MC_G0_D045_DENS_LOW_V_HIGH,7,4.40000915527,6.75228047577,15.1779617451,0,0,4.40000915527,
MC_G0_D045_DENS_LOW_V_HIGH_S007,MC_G0_D045_DENS_LOW_V_HIGH,7,4.41001319885,5.96402217793,13.7880704254,0,0,4.41001319885,
MC_G0_D045_DENS_LOW_V_HIGH_S007,MC_G0_D045_DENS_LOW_V_HIGH,7,4.42001676559,6.66378507751,16.8712671253,0,0,4.42001676559,
MC_G0_D045_DENS_LOW_V_HIGH_S007,MC_G0_D045_DENS_LOW_V_HIGH,7,4.43002080917,7.20125000018,13.6734154052,0,0,4.43002080917,
MC_G0_D045_DENS_LOW_V_HIGH_S007,MC_G0_D045_DENS_LOW_V_HIGH,7,4.44002485275,8.11937738073,13.7098733819,0,0,4.44002485275,
MC_G0_D045_DENS_LOW_V_HIGH_S007,MC_G0_D045_DENS_LOW_V_HIGH,7,4.45002841949,6.42891141806,10.4535901201,0,0,4.45002841949,
MC_G0_D045_DENS_LOW_V_HIGH_S007,MC_G0_D045_DENS_LOW_V_HIGH,7,4.46003246307,6.2573785247,13.3007299032,0,0,4.46003246307,
MC_G0_D045_DENS_LOW_V_HIGH_S007,MC_G0_D045_DENS_LOW_V_HIGH,7,4.47000026703,6.72967749584,16.3372208404,0,0,4.47000026703,
MC_G0_D045_DENS_LOW_V_HIGH_S007,MC_G0_D045_DENS_LOW_V_HIGH,7,4.48000383377,6.32708556527,16.1674812067,0,0,4.48000383377,
MC_G0_D045_DENS_LOW_V_HIGH_S007,MC_G0_D045_DENS_LOW_V_HIGH,7,4.49000787735,6.54486864255,13.954035504,0,0,4.49000787735,
MC_G0_D045_DENS_LOW_V_HIGH_S007,MC_G0_D045_DENS_LOW_V_HIGH,7,4.50001144409,6.6687671123,16.7703537397,0,0,4.50001144409,
MC_G0_D045_DENS_LOW_V_HIGH_S007,MC_G0_D045_DENS_LOW_V_HIGH,7,4.51001548767,7.81237013581,15.6977835296,0,0,4.51001548767,
MC_G0_D045_DENS_LOW_V_HIGH_S007,MC_G0_D045_DENS_LOW_V_HIGH,7,4.52001953125,6.95429657572,15.5900811167,0,0,4.52001953125,
MC_G0_D045_DENS_LOW_V_HIGH_S007,MC_G0_D045_DENS_LOW_V_HIGH,7,4.53002309799,6.21490228395,13.8789790581,0,0,4.53002309799,
MC_G0_D045_DENS_LOW_V_HIGH_S007,MC_G0_D045_DENS_LOW_V_HIGH,7,4.54002714157,6.29512409661,14.8524510547,0,0,4.54002714157,
MC_G0_D045_DENS_LOW_V_HIGH_S007,MC_G0_D045_DENS_LOW_V_HIGH,7,4.55003070831,7.39928952914,12.3799709619,0,0,4.55003070831,
MC_G0_D045_DENS_LOW_V_HIGH_S007,MC_G0_D045_DENS_LOW_V_HIGH,7,4.56003475189,7.24241721916,13.1914365809,0,0,4.56003475189,
MC_G0_D045_DENS_LOW_V_HIGH_S007,MC_G0_D045_DENS_LOW_V_HIGH,7,4.57000255585,6.14052597691,15.0337036341,0,0,4.57000255585,
MC_G0_D045_DENS_LOW_V_HIGH_S007,MC_G0_D045_DENS_LOW_V_HIGH,7,4.58000612259,6.36658916378,13.6858753248,0,0,4.58000612259,
MC_G0_D045_DENS_LOW_V_HIGH_S007,MC_G0_D045_DENS_LOW_V_HIGH,7,4.59001016617,6.4294202902,14.7793968625,0,0,4.59001016617,
MC_G0_D045_DENS_LOW_V_HIGH_S007,MC_G0_D045_DENS_LOW_V_HIGH,7,4.60001373291,6.17459162803,14.8823856369,0,0,4.60001373291,
MC_G0_D045_DENS_LOW_V_HIGH_S007,MC_G0_D045_DENS_LOW_V_HIGH,7,4.61001777649,6.75164956642,17.6963461268,0,0,4.61001777649,
MC_G0_D045_DENS_LOW_V_HIGH_S007,MC_G0_D045_DENS_LOW_V_HIGH,7,4.62002182007,7.67456940195,16.5702084525,0,0,4.62002182007,
MC_G0_D045_DENS_LOW_V_HIGH_S007,MC_G0_D045_DENS_LOW_V_HIGH,7,4.63002538681,7.09958072343,15.5640194697,0,0,4.63002538681,
MC_G0_D045_DENS_LOW_V_HIGH_S007,MC_G0_D045_DENS_LOW_V_HIGH,7,4.64002943039,7.39531295816,15.5979084105,0,0,4.64002943039,
MC_G0_D045_DENS_LOW_V_HIGH_S007,MC_G0_D045_DENS_LOW_V_HIGH,7,4.65003299713,6.22194551955,13.9071226351,0,0,4.65003299713,
MC_G0_D045_DENS_LOW_V_HIGH_S007,MC_G0_D045_DENS_LOW_V_HIGH,7,4.66000080109,6.62926543261,17.3330899297,0,0,4.66000080109,
MC_G0_D045_DENS_LOW_V_HIGH_S007,MC_G0_D045_DENS_LOW_V_HIGH,7,4.67000484467,7.50130035658,16.841775338,0,0,4.67000484467,
MC_G0_D045_DENS_LOW_V_HIGH_S007,MC_G0_D045_DENS_LOW_V_HIGH,7,4.68000841141,6.96383389885,20.6143949348,0,0,4.68000841141,
MC_G0_D045_DENS_LOW_V_HIGH_S007,MC_G0_D045_DENS_LOW_V_HIGH,7,4.69001245499,8.29644876786,21.4640603476,0,0,4.69001245499,
MC_G0_D045_DENS_LOW_V_HIGH_S007,MC_G0_D045_DENS_LOW_V_HIGH,7,4.70001602173,7.12069009071,14.3965185215,0,0,4.70001602173,
MC_G0_D045_DENS_LOW_V_HIGH_S007,MC_G0_D045_DENS_LOW_V_HIGH,7,4.71002006531,6.47466577785,14.2261643991,0,0,4.71002006531,
MC_G0_D045_DENS_LOW_V_HIGH_S007,MC_G0_D045_DENS_LOW_V_HIGH,7,4.72002410889,7.45017827836,18.3286079691,0,0,4.72002410889,
MC_G0_D045_DENS_LOW_V_HIGH_S007,MC_G0_D045_DENS_LOW_V_HIGH,7,4.73002767563,6.81962813027,19.532248477,0,0,4.73002767563,
MC_G0_D045_DENS_LOW_V_HIGH_S007,MC_G0_D045_DENS_LOW_V_HIGH,7,4.74003171921,6.85440720018,15.9727610968,0,0,4.74003171921,
MC_G0_D045_DENS_LOW_V_HIGH_S007,MC_G0_D045_DENS_LOW_V_HIGH,7,4.75003528595,7.4646439092,14.9711607011,0,0,4.75003528595,
MC_G0_D045_DENS_LOW_V_HIGH_S007,MC_G0_D045_DENS_LOW_V_HIGH,7,4.7600030899,7.47265845355,16.4294741784,0,0,4.7600030899,
MC_G0_D045_DENS_LOW_V_HIGH_S007,MC_G0_D045_DENS_LOW_V_HIGH,7,4.77000713348,7.34406654014,16.1680835442,0,0,4.77000713348,
MC_G0_D045_DENS_LOW_V_HIGH_S007,MC_G0_D045_DENS_LOW_V_HIGH,7,4.78001070023,7.20607162128,15.1894814017,0,0,4.78001070023,
MC_G0_D045_DENS_LOW_V_HIGH_S007,MC_G0_D045_DENS_LOW_V_HIGH,7,4.7900147438,7.41989386193,13.1871903238,0,0,4.7900147438,
MC_G0_D045_DENS_LOW_V_HIGH_S007,MC_G0_D045_DENS_LOW_V_HIGH,7,4.80001878738,6.67018704211,15.4156383927,0,0,4.80001878738,
MC_G0_D045_DENS_LOW_V_HIGH_S007,MC_G0_D045_DENS_LOW_V_HIGH,7,4.81002235413,6.79073447752,14.6786060049,0,0,4.81002235413,
MC_G0_D045_DENS_LOW_V_HIGH_S007,MC_G0_D045_DENS_LOW_V_HIGH,7,4.82002639771,7.59028543874,17.282689367,0,0,4.82002639771,
MC_G0_D045_DENS_LOW_V_HIGH_S007,MC_G0_D045_DENS_LOW_V_HIGH,7,4.83002996445,7.81558838752,16.5326576307,0,0,4.83002996445,
MC_G0_D045_DENS_LOW_V_HIGH_S007,MC_G0_D045_DENS_LOW_V_HIGH,7,4.84003400803,6.48313700232,15.3280739093,0,0,4.84003400803,
MC_G0_D045_DENS_LOW_V_HIGH_S007,MC_G0_D045_DENS_LOW_V_HIGH,7,4.85000181198,5.91611796766,16.2240655715,0,0,4.85000181198,
MC_G0_D045_DENS_LOW_V_HIGH_S007,MC_G0_D045_DENS_LOW_V_HIGH,7,4.86000537872,7.24403056643,16.365647868,0,0,4.86000537872,
MC_G0_D045_DENS_LOW_V_HIGH_S007,MC_G0_D045_DENS_LOW_V_HIGH,7,4.8700094223,8.60110737213,17.8028922913,0,0,4.8700094223,
MC_G0_D045_DENS_LOW_V_HIGH_S007,MC_G0_D045_DENS_LOW_V_HIGH,7,4.88001298904,7.89799343821,16.4584909331,0,0,4.88001298904,
MC_G0_D045_DENS_LOW_V_HIGH_S007,MC_G0_D045_DENS_LOW_V_HIGH,7,4.89001703262,6.4071005287,14.974019685,0,0,4.89001703262,
MC_G0_D045_DENS_LOW_V_HIGH_S007,MC_G0_D045_DENS_LOW_V_HIGH,7,4.90002059937,7.96572639258,13.6074071141,0,0,4.90002059937,
MC_G0_D045_DENS_LOW_V_HIGH_S007,MC_G0_D045_DENS_LOW_V_HIGH,7,4.91002464294,7.0540570063,14.7760583008,0,0,4.91002464294,
MC_G0_D045_DENS_LOW_V_HIGH_S007,MC_G0_D045_DENS_LOW_V_HIGH,7,4.92002868652,7.09231835811,19.950412268,0,0,4.92002868652,
MC_G0_D045_DENS_LOW_V_HIGH_S007,MC_G0_D045_DENS_LOW_V_HIGH,7,4.93003225327,7.40068106035,14.9081860782,0,0,4.93003225327,
MC_G0_D045_DENS_LOW_V_HIGH_S007,MC_G0_D045_DENS_LOW_V_HIGH,7,4.94000005722,7.17551780196,14.4915715346,0,0,4.94000005722,
MC_G0_D045_DENS_LOW_V_HIGH_S007,MC_G0_D045_DENS_LOW_V_HIGH,7,4.9500041008,5.62137738121,16.4639100235,0,0,4.9500041008,
MC_G0_D045_DENS_LOW_V_HIGH_S007,MC_G0_D045_DENS_LOW_V_HIGH,7,4.96000766754,6.96762626273,18.3069677177,0,0,4.96000766754,
MC_G0_D045_DENS_LOW_V_HIGH_S007,MC_G0_D045_DENS_LOW_V_HIGH,7,4.97001171112,6.98341434712,15.9548597369,0,0,4.97001171112,
MC_G0_D045_DENS_LOW_V_HIGH_S007,MC_G0_D045_DENS_LOW_V_HIGH,7,4.98001527786,6.84192179576,16.7799901802,0,0,4.98001527786,
MC_G0_D045_DENS_LOW_V_HIGH_S007,MC_G0_D045_DENS_LOW_V_HIGH,7,4.99001932144,6.97591174503,17.14242409,0,0,4.99001932144,
MC_G0_D045_DENS_LOW_V_HIGH_S007,MC_G0_D045_DENS_LOW_V_HIGH,7,5.00002288818,5.77468835374,14.1041874316,0,0,5.00002288818,
MC_G0_D045_DENS_LOW_V_HIGH_S007,MC_G0_D045_DENS_LOW_V_HIGH,7,5.01002693176,7.53967990796,16.4426291866,0,0,5.01002693176,
MC_G0_D045_DENS_LOW_V_HIGH_S007,MC_G0_D045_DENS_LOW_V_HIGH,7,5.0200304985,6.72547143349,15.1443768182,0,0,5.0200304985,
MC_G0_D045_DENS_LOW_V_HIGH_S007,MC_G0_D045_DENS_LOW_V_HIGH,7,5.03003454208,6.76847151321,20.3996994146,0,0,5.03003454208,
MC_G0_D045_DENS_LOW_V_HIGH_S007,MC_G0_D045_DENS_LOW_V_HIGH,7,5.04000234604,7.20533939802,20.8815396083,0,0,5.04000234604,
MC_G0_D045_DENS_LOW_V_HIGH_S007,MC_G0_D045_DENS_LOW_V_HIGH,7,5.05000638962,7.53913496192,13.5121333314,0,0,5.05000638962,
MC_G0_D045_DENS_LOW_V_HIGH_S007,MC_G0_D045_DENS_LOW_V_HIGH,7,5.06000995636,6.75442188342,18.5242903449,0,0,5.06000995636,
MC_G0_D045_DENS_LOW_V_HIGH_S007,MC_G0_D045_DENS_LOW_V_HIGH,7,5.07001399994,7.4460497365,18.7051810825,0,0,5.07001399994,
MC_G0_D045_DENS_LOW_V_HIGH_S007,MC_G0_D045_DENS_LOW_V_HIGH,7,5.08001756668,6.55584738631,17.8392966188,0,0,5.08001756668,
MC_G0_D045_DENS_LOW_V_HIGH_S007,MC_G0_D045_DENS_LOW_V_HIGH,7,5.09002161026,6.84747947778,17.3653594402,0,0,5.09002161026,
MC_G0_D045_DENS_LOW_V_HIGH_S007,MC_G0_D045_DENS_LOW_V_HIGH,7,5.100025177,7.93716201005,17.6303143063,0,0,5.100025177,
MC_G0_D045_DENS_LOW_V_HIGH_S007,MC_G0_D045_DENS_LOW_V_HIGH,7,5.11002922058,8.59815698825,17.4213083019,0,0,5.11002922058,
MC_G0_D045_DENS_LOW_V_HIGH_S007,MC_G0_D045_DENS_LOW_V_HIGH,7,5.12003278732,7.29365519435,16.7844394362,0,0,5.12003278732,
MC_G0_D045_DENS_LOW_V_HIGH_S007,MC_G0_D045_DENS_LOW_V_HIGH,7,5.13000059128,8.35774138115,17.6302796984,0,0,5.13000059128,
MC_G0_D045_DENS_LOW_V_HIGH_S007,MC_G0_D045_DENS_LOW_V_HIGH,7,5.14000463486,9.3311746439,19.169146399,0,0,5.14000463486,
MC_G0_D045_DENS_LOW_V_HIGH_S007,MC_G0_D045_DENS_LOW_V_HIGH,7,5.15000867844,8.44115496576,22.5350772973,0,0,5.15000867844,
MC_G0_D045_DENS_LOW_V_HIGH_S007,MC_G0_D045_DENS_LOW_V_HIGH,7,5.16001224518,6.99407686867,18.8913958313,0,0,5.16001224518,
MC_G0_D045_DENS_LOW_V_HIGH_S007,MC_G0_D045_DENS_LOW_V_HIGH,7,5.17001628876,8.53471682708,14.6535276971,0,0,5.17001628876,
MC_G0_D045_DENS_LOW_V_HIGH_S007,MC_G0_D045_DENS_LOW_V_HIGH,7,5.1800198555,6.09754124777,14.7914361313,0,0,5.1800198555,
MC_G0_D045_DENS_LOW_V_HIGH_S007,MC_G0_D045_DENS_LOW_V_HIGH,7,5.19002389908,5.9661470837,16.1864441752,0,0,5.19002389908,
MC_G0_D045_DENS_LOW_V_HIGH_S007,MC_G0_D045_DENS_LOW_V_HIGH,7,5.20002746582,6.59744211929,16.6384355931,0,0,5.20002746582,
MC_G0_D045_DENS_LOW_V_HIGH_S007,MC_G0_D045_DENS_LOW_V_HIGH,7,5.2100315094,7.1924548782,19.6910327613,0,0,5.2100315094,
MC_G0_D045_DENS_LOW_V_HIGH_S007,MC_G0_D045_DENS_LOW_V_HIGH,7,5.22003507614,8.42550887435,19.7462334883,0,0,5.22003507614,
MC_G0_D045_DENS_LOW_V_HIGH_S007,MC_G0_D045_DENS_LOW_V_HIGH,7,5.2300028801,7.67119380666,16.8256732759,0,0,5.2300028801,
MC_G0_D045_DENS_LOW_V_HIGH_S007,MC_G0_D045_DENS_LOW_V_HIGH,7,5.24000692368,7.55722103001,18.0542675097,0,0,5.24000692368,
MC_G0_D045_DENS_LOW_V_HIGH_S007,MC_G0_D045_DENS_LOW_V_HIGH,7,5.25001049042,8.44320503739,19.0051728812,0,0,5.25001049042,
MC_G0_D045_DENS_LOW_V_HIGH_S007,MC_G0_D045_DENS_LOW_V_HIGH,7,5.260014534,7.06251902041,16.9749492992,0,0,5.260014534,
MC_G0_D045_DENS_LOW_V_HIGH_S007,MC_G0_D045_DENS_LOW_V_HIGH,7,5.27001810074,8.69111019858,17.5902576297,0,0,5.27001810074,
MC_G0_D045_DENS_LOW_V_HIGH_S007,MC_G0_D045_DENS_LOW_V_HIGH,7,5.28002214432,7.74627048448,16.6194644598,0,0,5.28002214432,
MC_G0_D045_DENS_LOW_V_HIGH_S007,MC_G0_D045_DENS_LOW_V_HIGH,7,5.29002571106,7.68611765269,20.4888430541,0,0,5.29002571106,
MC_G0_D045_DENS_LOW_V_HIGH_S007,MC_G0_D045_DENS_LOW_V_HIGH,7,5.30002975464,6.42985893338,15.8666211673,0,0,5.30002975464,
MC_G0_D045_DENS_LOW_V_HIGH_S007,MC_G0_D045_DENS_LOW_V_HIGH,7,5.31003379822,8.13782495527,18.4521382938,0,0,5.31003379822,
MC_G0_D045_DENS_LOW_V_HIGH_S007,MC_G0_D045_DENS_LOW_V_HIGH,7,5.32000160217,7.65676885488,18.1721154738,0,0,5.32000160217,
MC_G0_D045_DENS_LOW_V_HIGH_S007,MC_G0_D045_DENS_LOW_V_HIGH,7,5.33000516891,6.47304552281,17.053196169,0,0,5.33000516891,
MC_G0_D045_DENS_LOW_V_HIGH_S007,MC_G0_D045_DENS_LOW_V_HIGH,7,5.34000921249,8.12688765811,18.5113293589,0,0,5.34000921249,
MC_G0_D045_DENS_LOW_V_HIGH_S007,MC_G0_D045_DENS_LOW_V_HIGH,7,5.35001277924,6.59673599203,16.8457581465,0,0,5.35001277924,
MC_G0_D045_DENS_LOW_V_HIGH_S007,MC_G0_D045_DENS_LOW_V_HIGH,7,5.36001682281,7.49396507595,15.914778633,0,0,5.36001682281,
MC_G0_D045_DENS_LOW_V_HIGH_S007,MC_G0_D045_DENS_LOW_V_HIGH,7,5.37002038956,7.66754650588,17.1423151431,0,0,5.37002038956,
MC_G0_D045_DENS_LOW_V_HIGH_S007,MC_G0_D045_DENS_LOW_V_HIGH,7,5.38002443314,6.93102968266,17.7583745796,0,0,5.38002443314,
MC_G0_D045_DENS_LOW_V_HIGH_S007,MC_G0_D045_DENS_LOW_V_HIGH,7,5.39002799988,6.56931522864,16.1007356991,0,0,5.39002799988,
MC_G0_D045_DENS_LOW_V_HIGH_S007,MC_G0_D045_DENS_LOW_V_HIGH,7,5.40003204346,5.22490726694,20.4872968688,0,0,5.40003204346,
MC_G0_D045_DENS_LOW_V_HIGH_S007,MC_G0_D045_DENS_LOW_V_HIGH,7,5.4100356102,8.70250724598,16.684456886,0,0,5.4100356102,
MC_G0_D045_DENS_LOW_V_HIGH_S007,MC_G0_D045_DENS_LOW_V_HIGH,7,5.42000341415,7.36913866288,16.3306137533,0,0,5.42000341415,
MC_G0_D045_DENS_LOW_V_HIGH_S007,MC_G0_D045_DENS_LOW_V_HIGH,7,5.43000745773,7.00786860851,20.0263834379,0,0,5.43000745773,
MC_G0_D045_DENS_LOW_V_HIGH_S007,MC_G0_D045_DENS_LOW_V_HIGH,7,5.44001102448,7.60346085229,19.6203983534,0,0,5.44001102448,
MC_G0_D045_DENS_LOW_V_HIGH_S007,MC_G0_D045_DENS_LOW_V_HIGH,7,5.45001506805,9.13780553271,20.031392459,0,0,5.45001506805,
MC_G0_D045_DENS_LOW_V_HIGH_S007,MC_G0_D045_DENS_LOW_V_HIGH,7,5.4600186348,7.7339984533,17.769751894,0,0,5.4600186348,
MC_G0_D045_DENS_LOW_V_HIGH_S007,MC_G0_D045_DENS_LOW_V_HIGH,7,5.47002267838,6.96811441157,18.8288938943,0,0,5.47002267838,
MC_G0_D045_DENS_LOW_V_HIGH_S007,MC_G0_D045_DENS_LOW_V_HIGH,7,5.48002672195,6.45877868213,17.4505539903,0,0,5.48002672195,
MC_G0_D045_DENS_LOW_V_HIGH_S007,MC_G0_D045_DENS_LOW_V_HIGH,7,5.4900302887,7.44550632553,17.2348435955,0,0,5.4900302887,
MC_G0_D045_DENS_LOW_V_HIGH_S007,MC_G0_D045_DENS_LOW_V_HIGH,7,5.50003433228,8.54988398,19.1698962826,0,0,5.50003433228,
MC_G0_D045_DENS_LOW_V_HIGH_S007,MC_G0_D045_DENS_LOW_V_HIGH,7,5.51000213623,7.00981429611,22.5965781547,0,0,5.51000213623,
MC_G0_D045_DENS_LOW_V_HIGH_S007,MC_G0_D045_DENS_LOW_V_HIGH,7,5.52000570297,7.31656748872,17.2224651464,0,0,5.52000570297,
MC_G0_D045_DENS_LOW_V_HIGH_S007,MC_G0_D045_DENS_LOW_V_HIGH,7,5.53000974655,7.9607474279,17.9860441859,0,0,5.53000974655,
MC_G0_D045_DENS_LOW_V_HIGH_S007,MC_G0_D045_DENS_LOW_V_HIGH,7,5.54001331329,8.51591772397,18.9513447895,0,0,5.54001331329,
MC_G0_D045_DENS_LOW_V_HIGH_S007,MC_G0_D045_DENS_LOW_V_HIGH,7,5.55001735687,7.19985770144,19.4002035362,0,0,5.55001735687,
MC_G0_D045_DENS_LOW_V_HIGH_S007,MC_G0_D045_DENS_LOW_V_HIGH,7,5.56002092361,7.89167973951,18.5936988612,0,0,5.56002092361,
MC_G0_D045_DENS_LOW_V_HIGH_S007,MC_G0_D045_DENS_LOW_V_HIGH,7,5.57002496719,6.87075865131,22.4206656022,0,0,5.57002496719,
MC_G0_D045_DENS_LOW_V_HIGH_S007,MC_G0_D045_DENS_LOW_V_HIGH,7,5.58002853394,7.58345903025,19.1104034534,0,0,5.58002853394,
MC_G0_D045_DENS_LOW_V_HIGH_S007,MC_G0_D045_DENS_LOW_V_HIGH,7,5.59003257751,6.24622363289,20.9443263715,0,0,5.59003257751,
MC_G0_D045_DENS_LOW_V_HIGH_S007,MC_G0_D045_DENS_LOW_V_HIGH,7,5.60000038147,7.84283645675,18.6989509999,0,0,5.60000038147,
MC_G0_D045_DENS_LOW_V_HIGH_S007,MC_G0_D045_DENS_LOW_V_HIGH,7,5.61000394821,8.03386153247,18.8222020747,0,0,5.61000394821,
MC_G0_D045_DENS_LOW_V_HIGH_S007,MC_G0_D045_DENS_LOW_V_HIGH,7,5.62000799179,7.95601714282,19.6956839722,0,0,5.62000799179,
MC_G0_D045_DENS_LOW_V_HIGH_S007,MC_G0_D045_DENS_LOW_V_HIGH,7,5.63001155853,7.21735200419,19.1095498485,0,0,5.63001155853,
MC_G0_D045_DENS_LOW_V_HIGH_S007,MC_G0_D045_DENS_LOW_V_HIGH,7,5.64001560211,9.15582405819,23.3035243186,0,0,5.64001560211,
MC_G0_D045_DENS_LOW_V_HIGH_S007,MC_G0_D045_DENS_LOW_V_HIGH,7,5.65001916885,6.4593167204,16.7620476635,0,0,5.65001916885,
MC_G0_D045_DENS_LOW_V_HIGH_S007,MC_G0_D045_DENS_LOW_V_HIGH,7,5.66002321243,8.18897159444,17.578552083,0,0,5.66002321243,
MC_G0_D045_DENS_LOW_V_HIGH_S007,MC_G0_D045_DENS_LOW_V_HIGH,7,5.67002677917,6.99421348894,18.2063049343,0,0,5.67002677917,
MC_G0_D045_DENS_LOW_V_HIGH_S007,MC_G0_D045_DENS_LOW_V_HIGH,7,5.68003082275,9.73661756326,21.8361238358,0,0,5.68003082275,
MC_G0_D045_DENS_LOW_V_HIGH_S007,MC_G0_D045_DENS_LOW_V_HIGH,7,5.6900343895,8.23289347724,18.605563164,0,0,5.6900343895,
MC_G0_D045_DENS_LOW_V_HIGH_S007,MC_G0_D045_DENS_LOW_V_HIGH,7,5.70000267029,8.06946723179,20.3516002404,0,0,5.70000267029,
MC_G0_D045_DENS_LOW_V_HIGH_S007,MC_G0_D045_DENS_LOW_V_HIGH,7,5.71000623703,9.42675741072,19.4828369746,0,0,5.71000623703,
MC_G0_D045_DENS_LOW_V_HIGH_S007,MC_G0_D045_DENS_LOW_V_HIGH,7,5.72001028061,8.40272859507,18.8248020246,0,0,5.72001028061,
MC_G0_D045_DENS_LOW_V_HIGH_S007,MC_G0_D045_DENS_LOW_V_HIGH,7,5.73001384735,6.51521283289,17.8817557567,0,0,5.73001384735,
MC_G0_D045_DENS_LOW_V_HIGH_S007,MC_G0_D045_DENS_LOW_V_HIGH,7,5.74001789093,7.14038720348,17.736064261,0,0,5.74001789093,
MC_G0_D045_DENS_LOW_V_HIGH_S007,MC_G0_D045_DENS_LOW_V_HIGH,7,5.75002145767,10.0470295696,21.3881751968,0,0,5.75002145767,
MC_G0_D045_DENS_LOW_V_HIGH_S007,MC_G0_D045_DENS_LOW_V_HIGH,7,5.76002550125,7.62268286422,22.0858782451,0,0,5.76002550125,
MC_G0_D045_DENS_LOW_V_HIGH_S007,MC_G0_D045_DENS_LOW_V_HIGH,7,5.77002906799,7.43863002762,23.9797304992,0,0,5.77002906799,
MC_G0_D045_DENS_LOW_V_HIGH_S007,MC_G0_D045_DENS_LOW_V_HIGH,7,5.78003311157,9.23143033145,18.3371732145,0,0,5.78003311157,
MC_G0_D045_DENS_LOW_V_HIGH_S007,MC_G0_D045_DENS_LOW_V_HIGH,7,5.79000091553,6.75861182765,19.3249363914,0,0,5.79000091553,
MC_G0_D045_DENS_LOW_V_HIGH_S007,MC_G0_D045_DENS_LOW_V_HIGH,7,5.80000448227,9.05556473336,20.1911071084,0,0,5.80000448227,
MC_G0_D045_DENS_LOW_V_HIGH_S007,MC_G0_D045_DENS_LOW_V_HIGH,7,5.81000852585,8.54614380814,24.2859508262,0,0,5.81000852585,
MC_G0_D045_DENS_LOW_V_HIGH_S007,MC_G0_D045_DENS_LOW_V_HIGH,7,5.82001209259,7.29972098098,19.606268014,0,0,5.82001209259,
MC_G0_D045_DENS_LOW_V_HIGH_S007,MC_G0_D045_DENS_LOW_V_HIGH,7,5.83001613617,7.71022192057,20.615679239,0,0,5.83001613617,
MC_G0_D045_DENS_LOW_V_HIGH_S007,MC_G0_D045_DENS_LOW_V_HIGH,7,5.84001970291,7.58482753557,18.6638127837,0,0,5.84001970291,
MC_G0_D045_DENS_LOW_V_HIGH_S007,MC_G0_D045_DENS_LOW_V_HIGH,7,5.85002374649,8.38292249309,19.8208186079,0,0,5.85002374649,
MC_G0_D045_DENS_LOW_V_HIGH_S007,MC_G0_D045_DENS_LOW_V_HIGH,7,5.86002731323,7.47081945257,19.0346431213,0,0,5.86002731323,
MC_G0_D045_DENS_LOW_V_HIGH_S007,MC_G0_D045_DENS_LOW_V_HIGH,7,5.87003135681,8.96094368116,19.1385650282,0,0,5.87003135681,
MC_G0_D045_DENS_LOW_V_HIGH_S007,MC_G0_D045_DENS_LOW_V_HIGH,7,5.88003492355,7.99577824753,16.9226391287,0,0,5.88003492355,
MC_G0_D045_DENS_LOW_V_HIGH_S007,MC_G0_D045_DENS_LOW_V_HIGH,7,5.89000272751,7.12861943927,19.9617265928,0,0,5.89000272751,
MC_G0_D045_DENS_LOW_V_HIGH_S007,MC_G0_D045_DENS_LOW_V_HIGH,7,5.90000677109,8.19306175981,17.7288084372,0,0,5.90000677109,
MC_G0_D045_DENS_LOW_V_HIGH_S007,MC_G0_D045_DENS_LOW_V_HIGH,7,5.91001033783,8.25250155658,19.405616393,0,0,5.91001033783,
MC_G0_D045_DENS_LOW_V_HIGH_S007,MC_G0_D045_DENS_LOW_V_HIGH,7,5.92001438141,7.6506109647,20.6704696481,0,0,5.92001438141,
MC_G0_D045_DENS_LOW_V_HIGH_S007,MC_G0_D045_DENS_LOW_V_HIGH,7,5.93001794815,7.20795513898,20.364078793,0,0,5.93001794815,
MC_G0_D045_DENS_LOW_V_HIGH_S007,MC_G0_D045_DENS_LOW_V_HIGH,7,5.94002199173,6.81662171672,18.3691109425,0,0,5.94002199173,
MC_G0_D045_DENS_LOW_V_HIGH_S007,MC_G0_D045_DENS_LOW_V_HIGH,7,5.95002555847,7.02055203556,18.2942560895,0,0,5.95002555847,
MC_G0_D045_DENS_LOW_V_HIGH_S007,MC_G0_D045_DENS_LOW_V_HIGH,7,5.96002960205,7.58080644787,19.0933259889,0,0,5.96002960205,
MC_G0_D045_DENS_LOW_V_HIGH_S007,MC_G0_D045_DENS_LOW_V_HIGH,7,5.97003316879,9.28631637495,20.0433480724,0,0,5.97003316879,
MC_G0_D045_DENS_LOW_V_HIGH_S007,MC_G0_D045_DENS_LOW_V_HIGH,7,5.98000144958,8.91660886742,19.7839131872,0,0,5.98000144958,
MC_G0_D045_DENS_LOW_V_HIGH_S007,MC_G0_D045_DENS_LOW_V_HIGH,7,5.99000501633,10.2926283043,19.6718382953,0,0,5.99000501633,
MC_G0_D045_DENS_LOW_V_HIGH_S007,MC_G0_D045_DENS_LOW_V_HIGH,7,6.00000905991,8.81114722679,23.6565159395,0,0,6.00000905991,
MC_G0_D045_DENS_LOW_V_HIGH_S007,MC_G0_D045_DENS_LOW_V_HIGH,7,6.01001262665,8.90594634586,22.0108165119,0,0,6.01001262665,
MC_G0_D045_DENS_LOW_V_HIGH_S007,MC_G0_D045_DENS_LOW_V_HIGH,7,6.02001667023,7.07359754302,19.600211789,0,0,6.02001667023,
MC_G0_D045_DENS_LOW_V_HIGH_S007,MC_G0_D045_DENS_LOW_V_HIGH,7,6.03002023697,8.24727467983,22.6206348832,0,0,6.03002023697,
MC_G0_D045_DENS_LOW_V_HIGH_S007,MC_G0_D045_DENS_LOW_V_HIGH,7,6.04002428055,7.83321854302,19.6103390306,0,0,6.04002428055,
MC_G0_D045_DENS_LOW_V_HIGH_S007,MC_G0_D045_DENS_LOW_V_HIGH,7,6.05002784729,5.99474792389,20.8777347343,0,0,6.05002784729,
MC_G0_D045_DENS_LOW_V_HIGH_S007,MC_G0_D045_DENS_LOW_V_HIGH,7,6.06003189087,7.47745244359,19.2019335034,0,0,6.06003189087,
MC_G0_D045_DENS_LOW_V_HIGH_S007,MC_G0_D045_DENS_LOW_V_HIGH,7,6.07003545761,7.97549704471,20.5144907417,0,0,6.07003545761,
MC_G0_D045_DENS_LOW_V_HIGH_S007,MC_G0_D045_DENS_LOW_V_HIGH,7,6.08000326157,7.85597656393,19.340205935,0,0,6.08000326157,
MC_G0_D045_DENS_LOW_V_HIGH_S007,MC_G0_D045_DENS_LOW_V_HIGH,7,6.09000730515,7.87478103975,18.9833621236,0,0,6.09000730515,
MC_G0_D045_DENS_LOW_V_HIGH_S007,MC_G0_D045_DENS_LOW_V_HIGH,7,6.10001087189,9.69653793376,20.3873273891,0,0,6.10001087189,
MC_G0_D045_DENS_LOW_V_HIGH_S007,MC_G0_D045_DENS_LOW_V_HIGH,7,6.11001491547,8.13052267842,24.4385778402,0,0,6.11001491547,
MC_G0_D045_DENS_LOW_V_HIGH_S007,MC_G0_D045_DENS_LOW_V_HIGH,7,6.12001848221,7.54459363262,19.3663470761,0,0,6.12001848221,
MC_G0_D045_DENS_LOW_V_HIGH_S007,MC_G0_D045_DENS_LOW_V_HIGH,7,6.13002252579,7.79718302711,23.1143530114,0,0,6.13002252579,
MC_G0_D045_DENS_LOW_V_HIGH_S007,MC_G0_D045_DENS_LOW_V_HIGH,7,6.14002609253,8.67192656312,21.430796082,0,0,6.14002609253,
MC_G0_D045_DENS_LOW_V_HIGH_S007,MC_G0_D045_DENS_LOW_V_HIGH,7,6.15003013611,7.86240922972,21.6114702911,0,0,6.15003013611,
MC_G0_D045_DENS_LOW_V_HIGH_S007,MC_G0_D045_DENS_LOW_V_HIGH,7,6.16003370285,7.69455050068,21.4249892519,0,0,6.16003370285,
MC_G0_D045_DENS_LOW_V_HIGH_S007,MC_G0_D045_DENS_LOW_V_HIGH,7,6.17000150681,8.30440574749,21.5308480188,0,0,6.17000150681,
MC_G0_D045_DENS_LOW_V_HIGH_S007,MC_G0_D045_DENS_LOW_V_HIGH,7,6.18000555038,8.19892031344,20.2837585957,0,0,6.18000555038,
MC_G0_D045_DENS_LOW_V_HIGH_S007,MC_G0_D045_DENS_LOW_V_HIGH,7,6.19000911713,8.28520292379,21.2194853654,0,0,6.19000911713,
MC_G0_D045_DENS_LOW_V_HIGH_S007,MC_G0_D045_DENS_LOW_V_HIGH,7,6.20001316071,8.0861886322,20.5602517476,0,0,6.20001316071,
MC_G0_D045_DENS_LOW_V_HIGH_S007,MC_G0_D045_DENS_LOW_V_HIGH,7,6.21001672745,8.88156116214,20.2909275594,0,0,6.21001672745,
MC_G0_D045_DENS_LOW_V_HIGH_S007,MC_G0_D045_DENS_LOW_V_HIGH,7,6.22002077103,7.93127045264,20.9174519673,0,0,6.22002077103,
MC_G0_D045_DENS_LOW_V_HIGH_S007,MC_G0_D045_DENS_LOW_V_HIGH,7,6.23002433777,11.2357188184,25.1913910072,0,0,6.23002433777,
MC_G0_D045_DENS_LOW_V_HIGH_S007,MC_G0_D045_DENS_LOW_V_HIGH,7,6.24002838135,8.2552508477,19.1460777966,0,0,6.24002838135,
MC_G0_D045_DENS_LOW_V_HIGH_S007,MC_G0_D045_DENS_LOW_V_HIGH,7,6.25003194809,9.18266380165,20.2998726336,0,0,6.25003194809,
MC_G0_D045_DENS_LOW_V_HIGH_S007,MC_G0_D045_DENS_LOW_V_HIGH,7,6.26003599167,7.25405450334,21.2826610962,0,0,6.26003599167,
MC_G0_D045_DENS_LOW_V_HIGH_S007,MC_G0_D045_DENS_LOW_V_HIGH,7,6.27000379562,9.03343608673,22.6746234987,0,0,6.27000379562,
MC_G0_D045_DENS_LOW_V_HIGH_S007,MC_G0_D045_DENS_LOW_V_HIGH,7,6.28000736237,8.68018901954,21.6523529533,0,0,6.28000736237,
MC_G0_D045_DENS_LOW_V_HIGH_S007,MC_G0_D045_DENS_LOW_V_HIGH,7,6.29001140594,8.41106012915,21.4429361352,0,0,6.29001140594,
MC_G0_D045_DENS_LOW_V_HIGH_S007,MC_G0_D045_DENS_LOW_V_HIGH,7,6.30001497269,8.13367415506,20.5575588532,0,0,6.30001497269,
MC_G0_D045_DENS_LOW_V_HIGH_S007,MC_G0_D045_DENS_LOW_V_HIGH,7,6.31001901627,7.94374050646,20.9307400645,0,0,6.31001901627,
MC_G0_D045_DENS_LOW_V_HIGH_S007,MC_G0_D045_DENS_LOW_V_HIGH,7,6.32002258301,7.76097174692,20.125231725,0,0,6.32002258301,
MC_G0_D045_DENS_LOW_V_HIGH_S007,MC_G0_D045_DENS_LOW_V_HIGH,7,6.33002662659,9.16516028855,22.0311131577,0,0,6.33002662659,
MC_G0_D045_DENS_LOW_V_HIGH_S007,MC_G0_D045_DENS_LOW_V_HIGH,7,6.34003019333,7.24618578962,19.4718588242,0,0,6.34003019333,
MC_G0_D045_DENS_LOW_V_HIGH_S007,MC_G0_D045_DENS_LOW_V_HIGH,7,6.35003423691,7.13881607034,20.0406487354,0,0,6.35003423691,
MC_G0_D045_DENS_LOW_V_HIGH_S007,MC_G0_D045_DENS_LOW_V_HIGH,7,6.36000204086,7.86338552741,22.5920009933,0,0,6.36000204086,
MC_G0_D045_DENS_LOW_V_HIGH_S007,MC_G0_D045_DENS_LOW_V_HIGH,7,6.3700056076,9.17479125029,18.7222948088,0,0,6.3700056076,
MC_G0_D045_DENS_LOW_V_HIGH_S007,MC_G0_D045_DENS_LOW_V_HIGH,7,6.38000965118,8.01432943857,19.6610013943,0,0,6.38000965118,
MC_G0_D045_DENS_LOW_V_HIGH_S007,MC_G0_D045_DENS_LOW_V_HIGH,7,6.39001321793,7.93351240668,22.3517728038,0,0,6.39001321793,
MC_G0_D045_DENS_LOW_V_HIGH_S007,MC_G0_D045_DENS_LOW_V_HIGH,7,6.40001726151,8.48901964825,22.3536209247,0,0,6.40001726151,
MC_G0_D045_DENS_LOW_V_HIGH_S007,MC_G0_D045_DENS_LOW_V_HIGH,7,6.41002082825,9.53846213732,22.4307439276,0,0,6.41002082825,
MC_G0_D045_DENS_LOW_V_HIGH_S007,MC_G0_D045_DENS_LOW_V_HIGH,7,6.42002487183,8.5635114685,20.8850424152,0,0,6.42002487183,
MC_G0_D045_DENS_LOW_V_HIGH_S007,MC_G0_D045_DENS_LOW_V_HIGH,7,6.43002843857,6.53612033988,19.5692476841,0,0,6.43002843857,
MC_G0_D045_DENS_LOW_V_HIGH_S007,MC_G0_D045_DENS_LOW_V_HIGH,7,6.44003248215,7.67147779262,20.8491957644,0,0,6.44003248215,
MC_G0_D045_DENS_LOW_V_HIGH_S007,MC_G0_D045_DENS_LOW_V_HIGH,7,6.4500002861,7.97694844323,20.465860836,0,0,6.4500002861,
MC_G0_D045_DENS_LOW_V_HIGH_S007,MC_G0_D045_DENS_LOW_V_HIGH,7,6.46000385284,8.20255763633,21.7739995685,0,0,6.46000385284,
MC_G0_D045_DENS_LOW_V_HIGH_S007,MC_G0_D045_DENS_LOW_V_HIGH,7,6.47000789642,8.91944872703,25.2422376493,0,0,6.47000789642,
MC_G0_D045_DENS_LOW_V_HIGH_S007,MC_G0_D045_DENS_LOW_V_HIGH,7,6.48001146317,9.79765612424,21.830847487,0,0,6.48001146317,
MC_G0_D045_DENS_LOW_V_HIGH_S007,MC_G0_D045_DENS_LOW_V_HIGH,7,6.49001550674,9.01556876459,26.691863455,0,0,6.49001550674,
MC_G0_D045_DENS_LOW_V_HIGH_S007,MC_G0_D045_DENS_LOW_V_HIGH,7,6.50001907349,8.18544556334,20.4940114868,0,0,6.50001907349,
MC_G0_D045_DENS_LOW_V_HIGH_S007,MC_G0_D045_DENS_LOW_V_HIGH,7,6.51002311707,9.04467962822,23.6933249384,0,0,6.51002311707,
MC_G0_D045_DENS_LOW_V_HIGH_S007,MC_G0_D045_DENS_LOW_V_HIGH,7,6.52002668381,9.13951712377,22.4492309006,0,0,6.52002668381,
MC_G0_D045_DENS_LOW_V_HIGH_S007,MC_G0_D045_DENS_LOW_V_HIGH,7,6.53003072739,8.13134393512,20.8778528351,0,0,6.53003072739,
MC_G0_D045_DENS_LOW_V_HIGH_S007,MC_G0_D045_DENS_LOW_V_HIGH,7,6.54003429413,8.13796234307,21.9857020626,0,0,6.54003429413,
MC_G0_D045_DENS_LOW_V_HIGH_S007,MC_G0_D045_DENS_LOW_V_HIGH,7,6.55000209808,8.87792460677,22.897513741,0,0,6.55000209808,
MC_G0_D045_DENS_LOW_V_HIGH_S007,MC_G0_D045_DENS_LOW_V_HIGH,7,6.56000614166,8.68944158917,22.6270920209,0,0,6.56000614166,
MC_G0_D045_DENS_LOW_V_HIGH_S007,MC_G0_D045_DENS_LOW_V_HIGH,7,6.5700097084,7.98260513657,22.5251491758,0,0,6.5700097084,
MC_G0_D045_DENS_LOW_V_HIGH_S007,MC_G0_D045_DENS_LOW_V_HIGH,7,6.58001375198,9.21999490757,22.2523332505,0,0,6.58001375198,
MC_G0_D045_DENS_LOW_V_HIGH_S007,MC_G0_D045_DENS_LOW_V_HIGH,7,6.59001731873,6.5529868034,21.2785300619,0,0,6.59001731873,
MC_G0_D045_DENS_LOW_V_HIGH_S007,MC_G0_D045_DENS_LOW_V_HIGH,7,6.6000213623,7.75690076979,21.0872810688,0,0,6.6000213623,
MC_G0_D045_DENS_LOW_V_HIGH_S007,MC_G0_D045_DENS_LOW_V_HIGH,7,6.61002492905,6.96765619638,20.7261429504,0,0,6.61002492905,
MC_G0_D045_DENS_LOW_V_HIGH_S007,MC_G0_D045_DENS_LOW_V_HIGH,7,6.62002897263,9.84156572657,20.6483992878,0,0,6.62002897263,
MC_G0_D045_DENS_LOW_V_HIGH_S007,MC_G0_D045_DENS_LOW_V_HIGH,7,6.63003253937,8.72710043023,22.7511481164,0,0,6.63003253937,
MC_G0_D045_DENS_LOW_V_HIGH_S007,MC_G0_D045_DENS_LOW_V_HIGH,7,6.64000034332,8.26655886167,25.380867045,0,0,6.64000034332,
MC_G0_D045_DENS_LOW_V_HIGH_S007,MC_G0_D045_DENS_LOW_V_HIGH,7,6.6500043869,7.62858363198,21.821920647,0,0,6.6500043869,
MC_G0_D045_DENS_LOW_V_HIGH_S007,MC_G0_D045_DENS_LOW_V_HIGH,7,6.66000795364,9.12423023622,24.153810818,0,0,6.66000795364,
MC_G0_D045_DENS_LOW_V_HIGH_S007,MC_G0_D045_DENS_LOW_V_HIGH,7,6.67001199722,9.26366964583,26.2705364965,0,0,6.67001199722,
MC_G0_D045_DENS_LOW_V_HIGH_S007,MC_G0_D045_DENS_LOW_V_HIGH,7,6.68001556396,8.85302901585,23.4384845511,0,0,6.68001556396,
MC_G0_D045_DENS_LOW_V_HIGH_S007,MC_G0_D045_DENS_LOW_V_HIGH,7,6.69001960754,10.0603216477,23.8537328097,0,0,6.69001960754,
MC_G0_D045_DENS_LOW_V_HIGH_S007,MC_G0_D045_DENS_LOW_V_HIGH,7,6.70002317429,8.70021847264,20.6900088556,0,0,6.70002317429,
MC_G0_D045_DENS_LOW_V_HIGH_S007,MC_G0_D045_DENS_LOW_V_HIGH,7,6.71002721786,8.21686899373,21.3194538439,0,0,6.71002721786,
MC_G0_D045_DENS_LOW_V_HIGH_S007,MC_G0_D045_DENS_LOW_V_HIGH,7,6.72003078461,9.45136824816,23.2378145046,0,0,6.72003078461,
MC_G0_D045_DENS_LOW_V_HIGH_S007,MC_G0_D045_DENS_LOW_V_HIGH,7,6.73003482819,10.0948182667,23.729218299,0,0,6.73003482819,
MC_G0_D045_DENS_LOW_V_HIGH_S007,MC_G0_D045_DENS_LOW_V_HIGH,7,6.74000263214,8.6648791061,21.9482925064,0,0,6.74000263214,
MC_G0_D045_DENS_LOW_V_HIGH_S007,MC_G0_D045_DENS_LOW_V_HIGH,7,6.75000619888,8.88055032562,22.6026697541,0,0,6.75000619888,
MC_G0_D045_DENS_LOW_V_HIGH_S007,MC_G0_D045_DENS_LOW_V_HIGH,7,6.76001024246,8.63168191475,23.4565135506,0,0,6.76001024246,
MC_G0_D045_DENS_LOW_V_HIGH_S007,MC_G0_D045_DENS_LOW_V_HIGH,7,6.7700138092,8.29111213438,24.0786081691,0,0,6.7700138092,
MC_G0_D045_DENS_LOW_V_HIGH_S007,MC_G0_D045_DENS_LOW_V_HIGH,7,6.78001785278,9.32501138101,23.5713622746,0,0,6.78001785278,
MC_G0_D045_DENS_LOW_V_HIGH_S007,MC_G0_D045_DENS_LOW_V_HIGH,7,6.79002141953,9.4697459775,24.1691144424,0,0,6.79002141953,
MC_G0_D045_DENS_LOW_V_HIGH_S007,MC_G0_D045_DENS_LOW_V_HIGH,7,6.8000254631,9.04497359206,22.0028923688,0,0,6.8000254631,
MC_G0_D045_DENS_LOW_V_HIGH_S007,MC_G0_D045_DENS_LOW_V_HIGH,7,6.81002902985,8.28558745614,21.8342423922,0,0,6.81002902985,
MC_G0_D045_DENS_LOW_V_HIGH_S007,MC_G0_D045_DENS_LOW_V_HIGH,7,6.82003307343,9.36164403497,23.2269804369,0,0,6.82003307343,
MC_G0_D045_DENS_LOW_V_HIGH_S007,MC_G0_D045_DENS_LOW_V_HIGH,7,6.83000087738,9.8090416587,21.769267783,0,0,6.83000087738,
MC_G0_D045_DENS_LOW_V_HIGH_S007,MC_G0_D045_DENS_LOW_V_HIGH,7,6.84000444412,10.7131002212,23.2561909202,0,0,6.84000444412,
MC_G0_D045_DENS_LOW_V_HIGH_S007,MC_G0_D045_DENS_LOW_V_HIGH,7,6.8500084877,8.48768721682,21.2786759153,0,0,6.8500084877,
MC_G0_D045_DENS_LOW_V_HIGH_S007,MC_G0_D045_DENS_LOW_V_HIGH,7,6.86001205444,7.68863054468,22.9964660048,0,0,6.86001205444,
MC_G0_D045_DENS_LOW_V_HIGH_S007,MC_G0_D045_DENS_LOW_V_HIGH,7,6.87001609802,9.21038006395,23.0934967586,0,0,6.87001609802,
MC_G0_D045_DENS_LOW_V_HIGH_S007,MC_G0_D045_DENS_LOW_V_HIGH,7,6.88001966476,7.70594678056,22.949751235,0,0,6.88001966476,
MC_G0_D045_DENS_LOW_V_HIGH_S007,MC_G0_D045_DENS_LOW_V_HIGH,7,6.89002370834,8.61460054294,22.386146731,0,0,6.89002370834,
MC_G0_D045_DENS_LOW_V_HIGH_S007,MC_G0_D045_DENS_LOW_V_HIGH,7,6.90002727509,8.77511017582,22.0973356294,0,0,6.90002727509,
MC_G0_D045_DENS_LOW_V_HIGH_S007,MC_G0_D045_DENS_LOW_V_HIGH,7,6.91003131866,8.53070725231,23.6881198556,0,0,6.91003131866,
MC_G0_D045_DENS_LOW_V_HIGH_S007,MC_G0_D045_DENS_LOW_V_HIGH,7,6.92003488541,9.37778978816,24.4947252638,0,0,6.92003488541,
MC_G0_D045_DENS_LOW_V_HIGH_S007,MC_G0_D045_DENS_LOW_V_HIGH,7,6.93000268936,8.39587992822,22.7947924407,0,0,6.93000268936,
MC_G0_D045_DENS_LOW_V_HIGH_S007,MC_G0_D045_DENS_LOW_V_HIGH,7,6.94000673294,7.96773578514,23.1022966805,0,0,6.94000673294,
MC_G0_D045_DENS_LOW_V_HIGH_S007,MC_G0_D045_DENS_LOW_V_HIGH,7,6.95001029968,9.5403088136,22.7615092294,0,0,6.95001029968,
MC_G0_D045_DENS_LOW_V_HIGH_S007,MC_G0_D045_DENS_LOW_V_HIGH,7,6.96001434326,9.21083444149,25.8426206344,0,0,6.96001434326,
MC_G0_D045_DENS_LOW_V_HIGH_S007,MC_G0_D045_DENS_LOW_V_HIGH,7,6.97001791,9.09793697385,21.8636430658,0,0,6.97001791,
MC_G0_D045_DENS_LOW_V_HIGH_S007,MC_G0_D045_DENS_LOW_V_HIGH,7,6.98002195358,8.39742419783,23.4515310633,0,0,6.98002195358,
MC_G0_D045_DENS_LOW_V_HIGH_S007,MC_G0_D045_DENS_LOW_V_HIGH,7,6.99002552032,7.58779480511,23.3227205276,0,0,6.99002552032,
MC_G0_D045_DENS_LOW_V_HIGH_S007,MC_G0_D045_DENS_LOW_V_HIGH,7,7.0000295639,7.75550616846,24.8734303618,0,0,7.0000295639,
MC_G0_D045_DENS_LOW_V_HIGH_S007,MC_G0_D045_DENS_LOW_V_HIGH,7,7.01003313065,7.76954582036,22.2551933433,0,0,7.01003313065,
MC_G0_D045_DENS_LOW_V_HIGH_S007,MC_G0_D045_DENS_LOW_V_HIGH,7,7.0200009346,8.84762100211,23.9364629149,0,0,7.0200009346,
MC_G0_D045_DENS_LOW_V_HIGH_S007,MC_G0_D045_DENS_LOW_V_HIGH,7,7.03000497818,9.88848481256,24.4991971693,0,0,7.03000497818,
MC_G0_D045_DENS_LOW_V_HIGH_S007,MC_G0_D045_DENS_LOW_V_HIGH,7,7.04000854492,8.00367996502,21.5505897781,0,0,7.04000854492,
MC_G0_D045_DENS_LOW_V_HIGH_S007,MC_G0_D045_DENS_LOW_V_HIGH,7,7.0500125885,10.0827081842,24.239499654,0,0,7.0500125885,
MC_G0_D045_DENS_LOW_V_HIGH_S007,MC_G0_D045_DENS_LOW_V_HIGH,7,7.06001615524,9.9371408181,26.4728909712,0,0,7.06001615524,
MC_G0_D045_DENS_LOW_V_HIGH_S007,MC_G0_D045_DENS_LOW_V_HIGH,7,7.07002019882,7.98370884417,25.0491912142,0,0,7.07002019882,
MC_G0_D045_DENS_LOW_V_HIGH_S007,MC_G0_D045_DENS_LOW_V_HIGH,7,7.08002376556,12.2083469425,25.3471910294,0,0,7.08002376556,
MC_G0_D045_DENS_LOW_V_HIGH_S007,MC_G0_D045_DENS_LOW_V_HIGH,7,7.09002780914,8.46688102374,23.2774472402,0,0,7.09002780914,
MC_G0_D045_DENS_LOW_V_HIGH_S007,MC_G0_D045_DENS_LOW_V_HIGH,7,7.10003137589,8.40312157024,22.4884206723,0,0,7.10003137589,
MC_G0_D045_DENS_LOW_V_HIGH_S007,MC_G0_D045_DENS_LOW_V_HIGH,7,7.11003541946,9.28072185152,25.1797177169,0,0,7.11003541946,
MC_G0_D045_DENS_LOW_V_HIGH_S007,MC_G0_D045_DENS_LOW_V_HIGH,7,7.12000322342,7.73102811365,24.7365149377,0,0,7.12000322342,
MC_G0_D045_DENS_LOW_V_HIGH_S007,MC_G0_D045_DENS_LOW_V_HIGH,7,7.13000679016,10.7072347598,26.5782789135,0,0,7.13000679016,
MC_G0_D045_DENS_LOW_V_HIGH_S007,MC_G0_D045_DENS_LOW_V_HIGH,7,7.14001083374,7.56166579407,24.1439138183,0,0,7.14001083374,
MC_G0_D045_DENS_LOW_V_HIGH_S007,MC_G0_D045_DENS_LOW_V_HIGH,7,7.15001440048,8.25826723912,24.4049771238,0,0,7.15001440048,
MC_G0_D045_DENS_LOW_V_HIGH_S007,MC_G0_D045_DENS_LOW_V_HIGH,7,7.16001844406,8.18747260908,23.7892519641,0,0,7.16001844406,
MC_G0_D045_DENS_LOW_V_HIGH_S007,MC_G0_D045_DENS_LOW_V_HIGH,7,7.1700220108,8.7767910657,23.2231572809,0,0,7.1700220108,
MC_G0_D045_DENS_LOW_V_HIGH_S007,MC_G0_D045_DENS_LOW_V_HIGH,7,7.18002605438,9.61729203501,23.6737933119,0,0,7.18002605438,
MC_G0_D045_DENS_LOW_V_HIGH_S007,MC_G0_D045_DENS_LOW_V_HIGH,7,7.19002962112,9.71168129327,26.4765815999,0,0,7.19002962112,
MC_G0_D045_DENS_LOW_V_HIGH_S007,MC_G0_D045_DENS_LOW_V_HIGH,7,7.2000336647,9.23435078168,25.4667027766,0,0,7.2000336647,
MC_G0_D045_DENS_LOW_V_HIGH_S007,MC_G0_D045_DENS_LOW_V_HIGH,7,7.21000146866,8.59144187156,23.4352342262,0,0,7.21000146866,
MC_G0_D045_DENS_LOW_V_HIGH_S007,MC_G0_D045_DENS_LOW_V_HIGH,7,7.2200050354,9.24328559404,25.5189117614,0,0,7.2200050354,
MC_G0_D045_DENS_LOW_V_HIGH_S007,MC_G0_D045_DENS_LOW_V_HIGH,7,7.23000907898,7.65792245191,23.8800231031,0,0,7.23000907898,
MC_G0_D045_DENS_LOW_V_HIGH_S007,MC_G0_D045_DENS_LOW_V_HIGH,7,7.24001264572,9.43383710399,24.1503737157,0,0,7.24001264572,
MC_G0_D045_DENS_LOW_V_HIGH_S007,MC_G0_D045_DENS_LOW_V_HIGH,7,7.25001621246,8.35617331812,23.3647761029,0,0,7.25001621246,
MC_G0_D045_DENS_LOW_V_HIGH_S007,MC_G0_D045_DENS_LOW_V_HIGH,7,7.26002025604,7.5262788407,23.2901502152,0,0,7.26002025604,
MC_G0_D045_DENS_LOW_V_HIGH_S007,MC_G0_D045_DENS_LOW_V_HIGH,7,7.27002382278,7.58864753052,22.9923653024,0,0,7.27002382278,
MC_G0_D045_DENS_LOW_V_HIGH_S007,MC_G0_D045_DENS_LOW_V_HIGH,7,7.28002786636,7.21303388251,23.1296514675,0,0,7.28002786636,
MC_G0_D045_DENS_LOW_V_HIGH_S007,MC_G0_D045_DENS_LOW_V_HIGH,7,7.29003143311,11.3228057998,26.0971117646,0,0,7.29003143311,
MC_G0_D045_DENS_LOW_V_HIGH_S007,MC_G0_D045_DENS_LOW_V_HIGH,7,7.30003547668,9.8528000577,24.9243901551,0,0,7.30003547668,
MC_G0_D045_DENS_LOW_V_HIGH_S007,MC_G0_D045_DENS_LOW_V_HIGH,7,7.31000328064,8.60534029801,25.1469671813,0,0,7.31000328064,
MC_G0_D045_DENS_LOW_V_HIGH_S007,MC_G0_D045_DENS_LOW_V_HIGH,7,7.32000684738,8.59530177805,24.4891112418,0,0,7.32000684738,
MC_G0_D045_DENS_LOW_V_HIGH_S007,MC_G0_D045_DENS_LOW_V_HIGH,7,7.33001089096,10.3483286967,24.3774754469,0,0,7.33001089096,
MC_G0_D045_DENS_LOW_V_HIGH_S007,MC_G0_D045_DENS_LOW_V_HIGH,7,7.3400144577,9.24384282055,25.9440063348,0,0,7.3400144577,
MC_G0_D045_DENS_LOW_V_HIGH_S007,MC_G0_D045_DENS_LOW_V_HIGH,7,7.35001850128,7.22630063209,24.2195101309,0,0,7.35001850128,
MC_G0_D045_DENS_LOW_V_HIGH_S007,MC_G0_D045_DENS_LOW_V_HIGH,7,7.36002206802,8.7963254622,25.1884625437,0,0,7.36002206802,
MC_G0_D045_DENS_LOW_V_HIGH_S007,MC_G0_D045_DENS_LOW_V_HIGH,7,7.3700261116,7.48006127679,25.143800669,0,0,7.3700261116,
MC_G0_D045_DENS_LOW_V_HIGH_S007,MC_G0_D045_DENS_LOW_V_HIGH,7,7.38002967834,9.20484540782,26.8233501622,0,0,7.38002967834,
MC_G0_D045_DENS_LOW_V_HIGH_S007,MC_G0_D045_DENS_LOW_V_HIGH,7,7.39003372192,9.70748290622,25.6967979628,0,0,7.39003372192,
MC_G0_D045_DENS_LOW_V_HIGH_S007,MC_G0_D045_DENS_LOW_V_HIGH,7,7.40000152588,11.3210750204,29.3032504884,0,0,7.40000152588,
MC_G0_D045_DENS_LOW_V_HIGH_S007,MC_G0_D045_DENS_LOW_V_HIGH,7,7.41000509262,8.75115173857,24.8356208973,0,0,7.41000509262,
MC_G0_D045_DENS_LOW_V_HIGH_S007,MC_G0_D045_DENS_LOW_V_HIGH,7,7.4200091362,8.6587465444,24.9229172506,0,0,7.4200091362,
MC_G0_D045_DENS_LOW_V_HIGH_S007,MC_G0_D045_DENS_LOW_V_HIGH,7,7.43001270294,7.8407418684,23.3701248675,0,0,7.43001270294,
MC_G0_D045_DENS_LOW_V_HIGH_S007,MC_G0_D045_DENS_LOW_V_HIGH,7,7.44001674652,10.3017734198,30.5498308957,0,0,7.44001674652,
MC_G0_D045_DENS_LOW_V_HIGH_S007,MC_G0_D045_DENS_LOW_V_HIGH,7,7.45002031326,8.76557438776,28.3088805657,0,0,7.45002031326,
MC_G0_D045_DENS_LOW_V_HIGH_S007,MC_G0_D045_DENS_LOW_V_HIGH,7,7.46002435684,7.28330505735,23.504611991,0,0,7.46002435684,
MC_G0_D045_DENS_LOW_V_HIGH_S007,MC_G0_D045_DENS_LOW_V_HIGH,7,7.47002792358,9.62518377462,24.8975594351,0,0,7.47002792358,
MC_G0_D045_DENS_LOW_V_HIGH_S007,MC_G0_D045_DENS_LOW_V_HIGH,7,7.48003196716,9.44028358531,26.5734233945,0,0,7.48003196716,
MC_G0_D045_DENS_LOW_V_HIGH_S007,MC_G0_D045_DENS_LOW_V_HIGH,7,7.49003553391,9.81813765229,24.8526620432,0,0,7.49003553391,
MC_G0_D045_DENS_LOW_V_HIGH_S007,MC_G0_D045_DENS_LOW_V_HIGH,7,7.50000333786,8.76490203181,25.5193077202,0,0,7.50000333786,
MC_G0_D045_DENS_LOW_V_HIGH_S007,MC_G0_D045_DENS_LOW_V_HIGH,7,7.51000738144,9.2257759407,25.9069048067,0,0,7.51000738144,
MC_G0_D045_DENS_LOW_V_HIGH_S007,MC_G0_D045_DENS_LOW_V_HIGH,7,7.52001094818,8.99817884587,25.3608677532,0,0,7.52001094818,
MC_G0_D045_DENS_LOW_V_HIGH_S007,MC_G0_D045_DENS_LOW_V_HIGH,7,7.53001499176,10.0215874976,25.2829316722,0,0,7.53001499176,
MC_G0_D045_DENS_LOW_V_HIGH_S007,MC_G0_D045_DENS_LOW_V_HIGH,7,7.5400185585,9.05404732729,23.9836147968,0,0,7.5400185585,
MC_G0_D045_DENS_LOW_V_HIGH_S007,MC_G0_D045_DENS_LOW_V_HIGH,7,7.55002260208,8.87861231332,24.752460866,0,0,7.55002260208,
MC_G0_D045_DENS_LOW_V_HIGH_S007,MC_G0_D045_DENS_LOW_V_HIGH,7,7.56002616882,9.11711370154,28.7563287285,0,0,7.56002616882,
MC_G0_D045_DENS_LOW_V_HIGH_S007,MC_G0_D045_DENS_LOW_V_HIGH,7,7.5700302124,9.51699203112,25.9659099502,0,0,7.5700302124,
MC_G0_D045_DENS_LOW_V_HIGH_S007,MC_G0_D045_DENS_LOW_V_HIGH,7,7.58003377914,8.38259245535,22.880320059,0,0,7.58003377914,
MC_G0_D045_DENS_LOW_V_HIGH_S007,MC_G0_D045_DENS_LOW_V_HIGH,7,7.5900015831,9.16455701026,25.7577731196,0,0,7.5900015831,
MC_G0_D045_DENS_LOW_V_HIGH_S007,MC_G0_D045_DENS_LOW_V_HIGH,7,7.60000562668,10.6761636255,25.7700405657,0,0,7.60000562668,
MC_G0_D045_DENS_LOW_V_HIGH_S007,MC_G0_D045_DENS_LOW_V_HIGH,7,7.61000919342,7.62738475071,27.580192232,0,0,7.61000919342,
MC_G0_D045_DENS_LOW_V_HIGH_S007,MC_G0_D045_DENS_LOW_V_HIGH,7,7.620013237,9.14077587236,26.7564668588,0,0,7.620013237,
MC_G0_D045_DENS_LOW_V_HIGH_S007,MC_G0_D045_DENS_LOW_V_HIGH,7,7.63001680374,10.4106536373,27.5158604342,0,0,7.63001680374,
MC_G0_D045_DENS_LOW_V_HIGH_S007,MC_G0_D045_DENS_LOW_V_HIGH,7,7.64002037048,9.16323762684,25.5026446372,0,0,7.64002037048,
MC_G0_D045_DENS_LOW_V_HIGH_S007,MC_G0_D045_DENS_LOW_V_HIGH,7,7.65002441406,8.21010014996,24.3574269529,0,0,7.65002441406,
MC_G0_D045_DENS_LOW_V_HIGH_S007,MC_G0_D045_DENS_LOW_V_HIGH,7,7.6600279808,8.92553523696,24.1425674456,0,0,7.6600279808,
MC_G0_D045_DENS_LOW_V_HIGH_S007,MC_G0_D045_DENS_LOW_V_HIGH,7,7.67003202438,9.36762078816,25.872278365,0,0,7.67003202438,
MC_G0_D045_DENS_LOW_V_HIGH_S007,MC_G0_D045_DENS_LOW_V_HIGH,7,7.68003559113,10.899011247,25.1421049514,0,0,7.68003559113,
MC_G0_D045_DENS_LOW_V_HIGH_S007,MC_G0_D045_DENS_LOW_V_HIGH,7,7.69000339508,7.55201871421,23.1229483712,0,0,7.69000339508,
MC_G0_D045_DENS_LOW_V_HIGH_S007,MC_G0_D045_DENS_LOW_V_HIGH,7,7.70000743866,8.47558480969,28.4024549375,0,0,7.70000743866,
MC_G0_D045_DENS_LOW_V_HIGH_S007,MC_G0_D045_DENS_LOW_V_HIGH,7,7.7100110054,8.37761656079,26.5664872093,0,0,7.7100110054,
MC_G0_D045_DENS_LOW_V_HIGH_S007,MC_G0_D045_DENS_LOW_V_HIGH,7,7.72001504898,10.5948361864,28.0196492595,0,0,7.72001504898,
MC_G0_D045_DENS_LOW_V_HIGH_S007,MC_G0_D045_DENS_LOW_V_HIGH,7,7.73001861572,7.58779864275,25.2416741445,0,0,7.73001861572,
MC_G0_D045_DENS_LOW_V_HIGH_S007,MC_G0_D045_DENS_LOW_V_HIGH,7,7.7400226593,9.30244831262,26.2155976388,0,0,7.7400226593,
MC_G0_D045_DENS_LOW_V_HIGH_S007,MC_G0_D045_DENS_LOW_V_HIGH,7,7.75002622604,7.69723531931,25.5410714949,0,0,7.75002622604,
MC_G0_D045_DENS_LOW_V_HIGH_S007,MC_G0_D045_DENS_LOW_V_HIGH,7,7.76003026962,7.85228321138,23.8384922513,0,0,7.76003026962,
MC_G0_D045_DENS_LOW_V_HIGH_S007,MC_G0_D045_DENS_LOW_V_HIGH,7,7.77003383636,8.83265647701,25.4811965606,0,0,7.77003383636,
MC_G0_D045_DENS_LOW_V_HIGH_S007,MC_G0_D045_DENS_LOW_V_HIGH,7,7.78000164032,10.1201858883,27.4881690547,0,0,7.78000164032,
MC_G0_D045_DENS_LOW_V_HIGH_S007,MC_G0_D045_DENS_LOW_V_HIGH,7,7.7900056839,9.24979271021,25.2246358211,0,0,7.7900056839,
MC_G0_D045_DENS_LOW_V_HIGH_S007,MC_G0_D045_DENS_LOW_V_HIGH,7,7.80000925064,12.3335172089,27.5802356999,0,0,7.80000925064,
MC_G0_D045_DENS_LOW_V_HIGH_S007,MC_G0_D045_DENS_LOW_V_HIGH,7,7.81001329422,7.78113628524,27.6350189637,0,0,7.81001329422,
MC_G0_D045_DENS_LOW_V_HIGH_S007,MC_G0_D045_DENS_LOW_V_HIGH,7,7.82001686096,10.6405433432,28.4107541914,0,0,7.82001686096,
MC_G0_D045_DENS_LOW_V_HIGH_S007,MC_G0_D045_DENS_LOW_V_HIGH,7,7.83002090454,10.0348949262,27.4977809404,0,0,7.83002090454,
MC_G0_D045_DENS_LOW_V_HIGH_S007,MC_G0_D045_DENS_LOW_V_HIGH,7,7.84002447128,9.25544403084,27.2701326352,0,0,7.84002447128,
MC_G0_D045_DENS_LOW_V_HIGH_S007,MC_G0_D045_DENS_LOW_V_HIGH,7,7.85002851486,8.83136932982,26.3771230551,0,0,7.85002851486,
MC_G0_D045_DENS_LOW_V_HIGH_S007,MC_G0_D045_DENS_LOW_V_HIGH,7,7.8600320816,7.85358647668,26.7025863116,0,0,7.8600320816,
MC_G0_D045_DENS_LOW_V_HIGH_S007,MC_G0_D045_DENS_LOW_V_HIGH,7,7.87003612518,8.40481627565,26.4799668717,0,0,7.87003612518,
MC_G0_D045_DENS_LOW_V_HIGH_S007,MC_G0_D045_DENS_LOW_V_HIGH,7,7.88000392914,8.82585769959,25.3930179997,0,0,7.88000392914,
MC_G0_D045_DENS_LOW_V_HIGH_S007,MC_G0_D045_DENS_LOW_V_HIGH,7,7.89000749588,9.67453976717,27.9401384446,0,0,7.89000749588,
MC_G0_D045_DENS_LOW_V_HIGH_S007,MC_G0_D045_DENS_LOW_V_HIGH,7,7.90001153946,8.23938447528,26.474225586,0,0,7.90001153946,
MC_G0_D045_DENS_LOW_V_HIGH_S007,MC_G0_D045_DENS_LOW_V_HIGH,7,7.9100151062,9.57962244854,26.7109469399,0,0,7.9100151062,
MC_G0_D045_DENS_LOW_V_HIGH_S007,MC_G0_D045_DENS_LOW_V_HIGH,7,7.92001914978,9.80730857681,26.4229311603,0,0,7.92001914978,
MC_G0_D045_DENS_LOW_V_HIGH_S007,MC_G0_D045_DENS_LOW_V_HIGH,7,7.93002271652,9.59701773996,26.8379330493,0,0,7.93002271652,
MC_G0_D045_DENS_LOW_V_HIGH_S007,MC_G0_D045_DENS_LOW_V_HIGH,7,7.94002628326,8.42823897723,26.8733824931,0,0,7.94002628326,
MC_G0_D045_DENS_LOW_V_HIGH_S007,MC_G0_D045_DENS_LOW_V_HIGH,7,7.95003032684,9.03544010659,25.5155851191,0,0,7.95003032684,
MC_G0_D045_DENS_LOW_V_HIGH_S007,MC_G0_D045_DENS_LOW_V_HIGH,7,7.96003389359,9.4605640206,27.4757878232,0,0,7.96003389359,
MC_G0_D045_DENS_LOW_V_HIGH_S007,MC_G0_D045_DENS_LOW_V_HIGH,7,7.97000169754,7.98854197822,27.6580048082,0,0,7.97000169754,
MC_G0_D045_DENS_LOW_V_HIGH_S007,MC_G0_D045_DENS_LOW_V_HIGH,7,7.98000574112,9.82293624751,28.5426082325,0,0,7.98000574112,
MC_G0_D045_DENS_LOW_V_HIGH_S007,MC_G0_D045_DENS_LOW_V_HIGH,7,7.99000930786,9.85147683662,28.3093795632,0,0,7.99000930786,
MC_G0_D045_DENS_LOW_V_HIGH_S007,MC_G0_D045_DENS_LOW_V_HIGH,7,8.00001335144,9.04663299111,29.3429401988,0,0,8.00001335144,
MC_G0_D045_DENS_LOW_V_HIGH_S007,MC_G0_D045_DENS_LOW_V_HIGH,7,8.01001739502,8.90262447764,26.6573671048,0,0,8.01001739502,
MC_G0_D045_DENS_LOW_V_HIGH_S007,MC_G0_D045_DENS_LOW_V_HIGH,7,8.02002048492,8.83280768034,26.3612394836,0,0,8.02002048492,
MC_G0_D045_DENS_LOW_V_HIGH_S007,MC_G0_D045_DENS_LOW_V_HIGH,7,8.0300245285,8.46186061246,26.6720028287,0,0,8.0300245285,
MC_G0_D045_DENS_LOW_V_HIGH_S007,MC_G0_D045_DENS_LOW_V_HIGH,7,8.04002857208,9.49708461523,26.8288454295,0,0,8.04002857208,
MC_G0_D045_DENS_LOW_V_HIGH_S007,MC_G0_D045_DENS_LOW_V_HIGH,7,8.05003261566,7.32684394288,28.0394389633,0,0,8.05003261566,
MC_G0_D045_DENS_LOW_V_HIGH_S007,MC_G0_D045_DENS_LOW_V_HIGH,7,8.06000041962,5.79643400308,25.4037657533,0,0,8.06000041962,
MC_G0_D045_DENS_LOW_V_HIGH_S007,MC_G0_D045_DENS_LOW_V_HIGH,7,8.07000350952,8.4074005479,27.0536982378,0,0,8.07000350952,
MC_G0_D045_DENS_LOW_V_HIGH_S007,MC_G0_D045_DENS_LOW_V_HIGH,7,8.0800075531,9.16786199283,27.4622018341,0,0,8.0800075531,
MC_G0_D045_DENS_LOW_V_HIGH_S007,MC_G0_D045_DENS_LOW_V_HIGH,7,8.09001159668,7.75229098686,26.0258006428,0,0,8.09001159668,
MC_G0_D045_DENS_LOW_V_HIGH_S007,MC_G0_D045_DENS_LOW_V_HIGH,7,8.10001564026,9.9982991137,28.596888694,0,0,8.10001564026,
MC_G0_D045_DENS_LOW_V_HIGH_S007,MC_G0_D045_DENS_LOW_V_HIGH,7,8.11001873016,8.67668217668,26.4820221944,0,0,8.11001873016,
MC_G0_D045_DENS_LOW_V_HIGH_S007,MC_G0_D045_DENS_LOW_V_HIGH,7,8.12002277374,8.41832556459,27.0676263892,0,0,8.12002277374,
MC_G0_D045_DENS_LOW_V_HIGH_S007,MC_G0_D045_DENS_LOW_V_HIGH,7,8.13002681732,8.98944819638,27.1832491634,0,0,8.13002681732,
MC_G0_D045_DENS_LOW_V_HIGH_S007,MC_G0_D045_DENS_LOW_V_HIGH,7,8.1400308609,9.80987442835,27.9704588439,0,0,8.1400308609,
MC_G0_D045_DENS_LOW_V_HIGH_S007,MC_G0_D045_DENS_LOW_V_HIGH,7,8.15003395081,7.47450282724,25.9711501956,0,0,8.15003395081,
MC_G0_D045_DENS_LOW_V_HIGH_S007,MC_G0_D045_DENS_LOW_V_HIGH,7,8.16000175476,6.61833043804,25.9042489081,0,0,8.16000175476,
MC_G0_D045_DENS_LOW_V_HIGH_S007,MC_G0_D045_DENS_LOW_V_HIGH,7,8.17000579834,8.91052158996,25.6000159319,0,0,8.17000579834,
MC_G0_D045_DENS_LOW_V_HIGH_S007,MC_G0_D045_DENS_LOW_V_HIGH,7,8.18000984192,8.28816789074,28.3826662988,0,0,8.18000984192,
MC_G0_D045_DENS_LOW_V_HIGH_S007,MC_G0_D045_DENS_LOW_V_HIGH,7,8.19001293182,8.22785541278,26.7303314501,0,0,8.19001293182,
MC_G0_D045_DENS_LOW_V_HIGH_S007,MC_G0_D045_DENS_LOW_V_HIGH,7,8.2000169754,9.08117719696,27.8796252112,0,0,8.2000169754,
MC_G0_D045_DENS_LOW_V_HIGH_S007,MC_G0_D045_DENS_LOW_V_HIGH,7,8.21002101898,9.21811599504,29.5698851019,0,0,8.21002101898,
MC_G0_D045_DENS_LOW_V_HIGH_S007,MC_G0_D045_DENS_LOW_V_HIGH,7,8.22002506256,9.18989162813,27.0984629387,0,0,8.22002506256,
MC_G0_D045_DENS_LOW_V_HIGH_S007,MC_G0_D045_DENS_LOW_V_HIGH,7,8.23002815247,9.97765486937,27.1893784679,0,0,8.23002815247,
MC_G0_D045_DENS_LOW_V_HIGH_S007,MC_G0_D045_DENS_LOW_V_HIGH,7,8.24003219604,8.81800587152,26.590053246,0,0,8.24003219604,
MC_G0_D045_DENS_LOW_V_HIGH_S007,MC_G0_D045_DENS_LOW_V_HIGH,7,8.25,9.86975785724,27.917403902,0,0,8.25,
MC_G0_D045_DENS_LOW_V_HIGH_S007,MC_G0_D045_DENS_LOW_V_HIGH,7,8.26000404358,8.77194334859,27.00394192,0,0,8.26000404358,
MC_G0_D045_DENS_LOW_V_HIGH_S007,MC_G0_D045_DENS_LOW_V_HIGH,7,8.27000808716,10.6934284369,29.5807327867,0,0,8.27000808716,
MC_G0_D045_DENS_LOW_V_HIGH_S007,MC_G0_D045_DENS_LOW_V_HIGH,7,8.28001117706,7.95041724667,27.098045261,0,0,8.28001117706,
MC_G0_D045_DENS_LOW_V_HIGH_S007,MC_G0_D045_DENS_LOW_V_HIGH,7,8.29001522064,7.82576736541,24.8386015544,0,0,8.29001522064,
MC_G0_D045_DENS_LOW_V_HIGH_S007,MC_G0_D045_DENS_LOW_V_HIGH,7,8.30001926422,8.85118233957,26.8612745379,0,0,8.30001926422,
MC_G0_D045_DENS_LOW_V_HIGH_S007,MC_G0_D045_DENS_LOW_V_HIGH,7,8.3100233078,9.75702387341,27.9956901138,0,0,8.3100233078,
MC_G0_D045_DENS_LOW_V_HIGH_S007,MC_G0_D045_DENS_LOW_V_HIGH,7,8.32002639771,8.96722130596,27.1338464297,0,0,8.32002639771,
MC_G0_D045_DENS_LOW_V_HIGH_S007,MC_G0_D045_DENS_LOW_V_HIGH,7,8.33003044128,7.76350382715,30.1100066191,0,0,8.33003044128,
MC_G0_D045_DENS_LOW_V_HIGH_S007,MC_G0_D045_DENS_LOW_V_HIGH,7,8.34003448486,8.44956709045,26.7659242367,0,0,8.34003448486,
MC_G0_D045_DENS_LOW_V_HIGH_S007,MC_G0_D045_DENS_LOW_V_HIGH,7,8.35000228882,9.90926030446,27.9203603619,0,0,8.35000228882,
MC_G0_D045_DENS_LOW_V_HIGH_S007,MC_G0_D045_DENS_LOW_V_HIGH,7,8.3600063324,9.96731778037,30.0839335008,0,0,8.3600063324,
MC_G0_D045_DENS_LOW_V_HIGH_S007,MC_G0_D045_DENS_LOW_V_HIGH,7,8.3700094223,9.94502104476,28.1921695949,0,0,8.3700094223,
MC_G0_D045_DENS_LOW_V_HIGH_S007,MC_G0_D045_DENS_LOW_V_HIGH,7,8.38001346588,8.60795834157,26.7011464065,0,0,8.38001346588,
MC_G0_D045_DENS_LOW_V_HIGH_S007,MC_G0_D045_DENS_LOW_V_HIGH,7,8.39001750946,8.42484879887,27.648311673,0,0,8.39001750946,
MC_G0_D045_DENS_LOW_V_HIGH_S007,MC_G0_D045_DENS_LOW_V_HIGH,7,8.40002155304,10.772437169,29.7736210195,0,0,8.40002155304,
MC_G0_D045_DENS_LOW_V_HIGH_S007,MC_G0_D045_DENS_LOW_V_HIGH,7,8.41002464294,10.1638068995,29.18664535,0,0,8.41002464294,
MC_G0_D045_DENS_LOW_V_HIGH_S007,MC_G0_D045_DENS_LOW_V_HIGH,7,8.42002868652,10.8690277022,30.7273687258,0,0,8.42002868652,
MC_G0_D045_DENS_LOW_V_HIGH_S007,MC_G0_D045_DENS_LOW_V_HIGH,7,8.4300327301,7.66235570302,27.712640385,0,0,8.4300327301,
MC_G0_D045_DENS_LOW_V_HIGH_S007,MC_G0_D045_DENS_LOW_V_HIGH,7,8.44000053406,9.73909745148,28.5111194932,0,0,8.44000053406,
MC_G0_D045_DENS_LOW_V_HIGH_S007,MC_G0_D045_DENS_LOW_V_HIGH,7,8.45000362396,9.23925759857,29.1204236853,0,0,8.45000362396,
MC_G0_D045_DENS_LOW_V_HIGH_S007,MC_G0_D045_DENS_LOW_V_HIGH,7,8.46000766754,11.6844166373,30.8586843323,0,0,8.46000766754,
MC_G0_D045_DENS_LOW_V_HIGH_S007,MC_G0_D045_DENS_LOW_V_HIGH,7,8.47001171112,9.69870236731,27.6108152656,0,0,8.47001171112,
MC_G0_D045_DENS_LOW_V_HIGH_S007,MC_G0_D045_DENS_LOW_V_HIGH,7,8.4800157547,9.39977490675,27.5996889589,0,0,8.4800157547,
MC_G0_D045_DENS_LOW_V_HIGH_S007,MC_G0_D045_DENS_LOW_V_HIGH,7,8.4900188446,9.59958512656,28.0201764143,0,0,8.4900188446,
MC_G0_D045_DENS_LOW_V_HIGH_S007,MC_G0_D045_DENS_LOW_V_HIGH,7,8.50002288818,8.7584793439,28.2319484073,0,0,8.50002288818,
MC_G0_D045_DENS_LOW_V_HIGH_S007,MC_G0_D045_DENS_LOW_V_HIGH,7,8.51002693176,8.49690755021,26.5201111251,0,0,8.51002693176,
MC_G0_D045_DENS_LOW_V_HIGH_S007,MC_G0_D045_DENS_LOW_V_HIGH,7,8.52003097534,8.78166334376,26.511744201,0,0,8.52003097534,
MC_G0_D045_DENS_LOW_V_HIGH_S007,MC_G0_D045_DENS_LOW_V_HIGH,7,8.53003406525,9.03018559877,26.9799872949,0,0,8.53003406525,
MC_G0_D045_DENS_LOW_V_HIGH_S007,MC_G0_D045_DENS_LOW_V_HIGH,7,8.5400018692,9.01379500362,28.3156844917,0,0,8.5400018692,
MC_G0_D045_DENS_LOW_V_HIGH_S007,MC_G0_D045_DENS_LOW_V_HIGH,7,8.55000591278,9.67597888522,29.2916395176,0,0,8.55000591278,
MC_G0_D045_DENS_LOW_V_HIGH_S007,MC_G0_D045_DENS_LOW_V_HIGH,7,8.56000995636,9.05765932171,29.5059920133,0,0,8.56000995636,
MC_G0_D045_DENS_LOW_V_HIGH_S007,MC_G0_D045_DENS_LOW_V_HIGH,7,8.57001399994,9.62209907306,27.537795389,0,0,8.57001399994,
MC_G0_D045_DENS_LOW_V_HIGH_S007,MC_G0_D045_DENS_LOW_V_HIGH,7,8.58001708984,8.33218571474,27.8044776869,0,0,8.58001708984,
MC_G0_D045_DENS_LOW_V_HIGH_S007,MC_G0_D045_DENS_LOW_V_HIGH,7,8.59002113342,9.70733554053,28.847599799,0,0,8.59002113342,
MC_G0_D045_DENS_LOW_V_HIGH_S007,MC_G0_D045_DENS_LOW_V_HIGH,7,8.600025177,7.34180770045,27.1637087025,0,0,8.600025177,
MC_G0_D045_DENS_LOW_V_HIGH_S007,MC_G0_D045_DENS_LOW_V_HIGH,7,8.61002922058,8.85126830289,29.4666643687,0,0,8.61002922058,
MC_G0_D045_DENS_LOW_V_HIGH_S007,MC_G0_D045_DENS_LOW_V_HIGH,7,8.62003231049,10.7916760666,28.9513521376,0,0,8.62003231049,
MC_G0_D045_DENS_LOW_V_HIGH_S007,MC_G0_D045_DENS_LOW_V_HIGH,7,8.63000011444,9.43062422498,29.0774497992,0,0,8.63000011444,
MC_G0_D045_DENS_LOW_V_HIGH_S007,MC_G0_D045_DENS_LOW_V_HIGH,7,8.64000415802,8.72424522003,27.4366499437,0,0,8.64000415802,
MC_G0_D045_DENS_LOW_V_HIGH_S007,MC_G0_D045_DENS_LOW_V_HIGH,7,8.6500082016,10.6014154504,29.0218259647,0,0,8.6500082016,
MC_G0_D045_DENS_LOW_V_HIGH_S007,MC_G0_D045_DENS_LOW_V_HIGH,7,8.6600112915,9.85328897407,33.0091380636,0,0,8.6600112915,
MC_G0_D045_DENS_LOW_V_HIGH_S007,MC_G0_D045_DENS_LOW_V_HIGH,7,8.67001533508,9.82895137718,30.5555767064,0,0,8.67001533508,
MC_G0_D045_DENS_LOW_V_HIGH_S007,MC_G0_D045_DENS_LOW_V_HIGH,7,8.68001937866,9.02906423799,29.5927628904,0,0,8.68001937866,
MC_G0_D045_DENS_LOW_V_HIGH_S007,MC_G0_D045_DENS_LOW_V_HIGH,7,8.69002342224,8.92178585474,30.0134422287,0,0,8.69002342224,
MC_G0_D045_DENS_LOW_V_HIGH_S007,MC_G0_D045_DENS_LOW_V_HIGH,7,8.70002651215,9.52900156716,30.0280122032,0,0,8.70002651215,
MC_G0_D045_DENS_LOW_V_HIGH_S007,MC_G0_D045_DENS_LOW_V_HIGH,7,8.71003055573,9.90770375438,29.4460710861,0,0,8.71003055573,
MC_G0_D045_DENS_LOW_V_HIGH_S007,MC_G0_D045_DENS_LOW_V_HIGH,7,8.7200345993,8.80324857941,29.6928789081,0,0,8.7200345993,
MC_G0_D045_DENS_LOW_V_HIGH_S007,MC_G0_D045_DENS_LOW_V_HIGH,7,8.73000240326,7.61605294332,28.0121852271,0,0,8.73000240326,
MC_G0_D045_DENS_LOW_V_HIGH_S007,MC_G0_D045_DENS_LOW_V_HIGH,7,8.74000644684,9.77727360751,29.1073899743,0,0,8.74000644684,
MC_G0_D045_DENS_LOW_V_HIGH_S007,MC_G0_D045_DENS_LOW_V_HIGH,7,8.75000953674,9.64520171478,28.7059404516,0,0,8.75000953674,
MC_G0_D045_DENS_LOW_V_HIGH_S007,MC_G0_D045_DENS_LOW_V_HIGH,7,8.76001358032,10.2329329201,31.2926025158,0,0,8.76001358032,
MC_G0_D045_DENS_LOW_V_HIGH_S007,MC_G0_D045_DENS_LOW_V_HIGH,7,8.7700176239,9.80002472066,26.6647846368,0,0,8.7700176239,
MC_G0_D045_DENS_LOW_V_HIGH_S007,MC_G0_D045_DENS_LOW_V_HIGH,7,8.78002166748,8.72990651854,28.1606424471,0,0,8.78002166748,
MC_G0_D045_DENS_LOW_V_HIGH_S007,MC_G0_D045_DENS_LOW_V_HIGH,7,8.79002475739,9.51913574136,29.5444577364,0,0,8.79002475739,
MC_G0_D045_DENS_LOW_V_HIGH_S007,MC_G0_D045_DENS_LOW_V_HIGH,7,8.80002880096,9.16420394664,29.5034015345,0,0,8.80002880096,
MC_G0_D045_DENS_LOW_V_HIGH_S007,MC_G0_D045_DENS_LOW_V_HIGH,7,8.81003284454,8.02433188464,31.3113373669,0,0,8.81003284454,
MC_G0_D045_DENS_LOW_V_HIGH_S007,MC_G0_D045_DENS_LOW_V_HIGH,7,8.8200006485,9.8628938398,28.6774916768,0,0,8.8200006485,
MC_G0_D045_DENS_LOW_V_HIGH_S007,MC_G0_D045_DENS_LOW_V_HIGH,7,8.83000469208,7.86675267987,28.7057252882,0,0,8.83000469208,
MC_G0_D045_DENS_LOW_V_HIGH_S007,MC_G0_D045_DENS_LOW_V_HIGH,7,8.84000778198,8.19110225668,29.5891485942,0,0,8.84000778198,
MC_G0_D045_DENS_LOW_V_HIGH_S007,MC_G0_D045_DENS_LOW_V_HIGH,7,8.85001182556,8.40877596099,29.2291387738,0,0,8.85001182556,
MC_G0_D045_DENS_LOW_V_HIGH_S007,MC_G0_D045_DENS_LOW_V_HIGH,7,8.86001586914,8.6347013763,28.4521314759,0,0,8.86001586914,
MC_G0_D045_DENS_LOW_V_HIGH_S007,MC_G0_D045_DENS_LOW_V_HIGH,7,8.87001895905,9.86818058386,29.6029194507,0,0,8.87001895905,
MC_G0_D045_DENS_LOW_V_HIGH_S007,MC_G0_D045_DENS_LOW_V_HIGH,7,8.88002300262,10.0879227805,31.6165272354,0,0,8.88002300262,
MC_G0_D045_DENS_LOW_V_HIGH_S007,MC_G0_D045_DENS_LOW_V_HIGH,7,8.8900270462,10.2332368619,30.8156114925,0,0,8.8900270462,
MC_G0_D045_DENS_LOW_V_HIGH_S007,MC_G0_D045_DENS_LOW_V_HIGH,7,8.90003108978,10.1358243044,33.9776645717,0,0,8.90003108978,
MC_G0_D045_DENS_LOW_V_HIGH_S007,MC_G0_D045_DENS_LOW_V_HIGH,7,8.91003417969,9.32477037671,30.1832629212,0,0,8.91003417969,
MC_G0_D045_DENS_LOW_V_HIGH_S007,MC_G0_D045_DENS_LOW_V_HIGH,7,8.92000198364,9.65438981192,30.3646031797,0,0,8.92000198364,
MC_G0_D045_DENS_LOW_V_HIGH_S007,MC_G0_D045_DENS_LOW_V_HIGH,7,8.93000602722,10.9091472433,33.2799973581,0,0,8.93000602722,
MC_G0_D045_DENS_LOW_V_HIGH_S007,MC_G0_D045_DENS_LOW_V_HIGH,7,8.9400100708,9.1580706174,29.1726526352,0,0,8.9400100708,
MC_G0_D045_DENS_LOW_V_HIGH_S007,MC_G0_D045_DENS_LOW_V_HIGH,7,8.95001411438,9.59582653399,30.1345441162,0,0,8.95001411438,
MC_G0_D045_DENS_LOW_V_HIGH_S007,MC_G0_D045_DENS_LOW_V_HIGH,7,8.96001720428,9.46896693494,29.7840752762,0,0,8.96001720428,
MC_G0_D045_DENS_LOW_V_HIGH_S007,MC_G0_D045_DENS_LOW_V_HIGH,7,8.97002124786,10.0966073782,31.0163738516,0,0,8.97002124786,
MC_G0_D045_DENS_LOW_V_HIGH_S007,MC_G0_D045_DENS_LOW_V_HIGH,7,8.98002529144,8.90614667109,30.1203498064,0,0,8.98002529144,
MC_G0_D045_DENS_LOW_V_HIGH_S007,MC_G0_D045_DENS_LOW_V_HIGH,7,8.99002933502,9.52552619302,29.5205185708,0,0,8.99002933502,
MC_G0_D045_DENS_LOW_V_HIGH_S007,MC_G0_D045_DENS_LOW_V_HIGH,7,9,9.42434045993,27.6641782167,0,0,9,
