run_id,scenario_id,S,z_m,qb_MPa,qs_kPa,ALLKE,ALLIE,time_s,walltime_h
MC_G0_D045_DENS_REF_V_LOW_S050,MC_G0_D045_DENS_REF_V_LOW,50,0,0,0,0,0,0,
MC_G0_D045_DENS_REF_V_LOW_S050,MC_G0_D045_DENS_REF_V_LOW,50,0.00900222733617,0,0,0,0,0.0360089093447,
MC_G0_D045_DENS_REF_V_LOW_S050,MC_G0_D045_DENS_REF_V_LOW,50,0.0180159602314,1.1137720252,189.434429719,0,0,0.0720638409257,
MC_G0_D045_DENS_REF_V_LOW_S050,MC_G0_D045_DENS_REF_V_LOW,50,0.0270082708448,0.033628438065,0.000109886269876,0,0,0.108033083379,
MC_G0_D045_DENS_REF_V_LOW_S050,MC_G0_D045_DENS_REF_V_LOW,50,0.0360006093979,0.0360872012305,3.65906132686e-05,0,0,0.144002437592,
MC_G0_D045_DENS_REF_V_LOW_S050,MC_G0_D045_DENS_REF_V_LOW,50,0.0450170002878,1.18930672633,57.178911309,0,0,0.180068001151,
MC_G0_D045_DENS_REF_V_LOW_S050,MC_G0_D045_DENS_REF_V_LOW,50,0.0540093183517,0.298260045578,4.09452138126e-05,0,0,0.216037273407,
MC_G0_D045_DENS_REF_V_LOW_S050,MC_G0_D045_DENS_REF_V_LOW,50,0.0630016475916,0.1045422001,2.87285780681e-06,0,0,0.252006590366,
MC_G0_D045_DENS_REF_V_LOW_S050,MC_G0_D045_DENS_REF_V_LOW,50,0.0720180422068,1.60116504206,47.6583181227,0,0,0.288072168827,
MC_G0_D045_DENS_REF_V_LOW_S050,MC_G0_D045_DENS_REF_V_LOW,50,0.0810103714466,1.3667747344,73.5384107226,0,0,0.324041485786,
MC_G0_D045_DENS_REF_V_LOW_S050,MC_G0_D045_DENS_REF_V_LOW,50,0.0900026932359,0.267081169317,0.000120009662947,0,0,0.360010772943,
MC_G0_D045_DENS_REF_V_LOW_S050,MC_G0_D045_DENS_REF_V_LOW,50,0.099019087851,0.960011951906,31.0790189095,0,0,0.396076351404,
MC_G0_D045_DENS_REF_V_LOW_S050,MC_G0_D045_DENS_REF_V_LOW,50,0.108011424541,1.2821601578,33.072424926,0,0,0.432045698166,
MC_G0_D045_DENS_REF_V_LOW_S050,MC_G0_D045_DENS_REF_V_LOW,50,0.117003746331,0.243090567777,1.27400966325e-05,0,0,0.468014985323,
MC_G0_D045_DENS_REF_V_LOW_S050,MC_G0_D045_DENS_REF_V_LOW,50,0.126020133495,0.57933706964,3.10036998758,0,0,0.504080533981,
MC_G0_D045_DENS_REF_V_LOW_S050,MC_G0_D045_DENS_REF_V_LOW,50,0.135012477636,1.57001590758,29.3467184951,0,0,0.540049910545,
MC_G0_D045_DENS_REF_V_LOW_S050,MC_G0_D045_DENS_REF_V_LOW,50,0.144004762173,0.547500372521,0.00022147060222,0,0,0.576019048691,
MC_G0_D045_DENS_REF_V_LOW_S050,MC_G0_D045_DENS_REF_V_LOW,50,0.153021126986,0.311925670702,0.000114250846759,0,0,0.612084507942,
MC_G0_D045_DENS_REF_V_LOW_S050,MC_G0_D045_DENS_REF_V_LOW,50,0.162013471127,1.00575192051,14.3737701584,0,0,0.648053884506,
MC_G0_D045_DENS_REF_V_LOW_S050,MC_G0_D045_DENS_REF_V_LOW,50,0.171005770564,0.639513694849,0.000346966475124,0,0,0.684023082256,
MC_G0_D045_DENS_REF_V_LOW_S050,MC_G0_D045_DENS_REF_V_LOW,50,0.180022105575,0.313298949099,0.000100310603492,0,0,0.720088422298,
MC_G0_D045_DENS_REF_V_LOW_S050,MC_G0_D045_DENS_REF_V_LOW,50,0.189014449716,0.990289652445,9.66615545491,0,0,0.756057798862,
MC_G0_D045_DENS_REF_V_LOW_S050,MC_G0_D045_DENS_REF_V_LOW,50,0.198006764054,1.08206930997,20.3414669654,0,0,0.792027056217,
MC_G0_D045_DENS_REF_V_LOW_S050,MC_G0_D045_DENS_REF_V_LOW,50,0.207023099065,0.393608739848,0.000109090931876,0,0,0.828092396259,
MC_G0_D045_DENS_REF_V_LOW_S050,MC_G0_D045_DENS_REF_V_LOW,50,0.216015428305,0.679983948959,1.65723858538,0,0,0.864061713219,
MC_G0_D045_DENS_REF_V_LOW_S050,MC_G0_D045_DENS_REF_V_LOW,50,0.225007757545,1.09739303894,11.9384382526,0,0,0.900031030178,
MC_G0_D045_DENS_REF_V_LOW_S050,MC_G0_D045_DENS_REF_V_LOW,50,0.234000056982,0.42924084698,0.000125795638825,0,0,0.936000227928,
MC_G0_D045_DENS_REF_V_LOW_S050,MC_G0_D045_DENS_REF_V_LOW,50,0.243016421795,0.525131153328,1.38246232334,0,0,0.97206568718,
MC_G0_D045_DENS_REF_V_LOW_S050,MC_G0_D045_DENS_REF_V_LOW,50,0.252008765936,1.22082648169,11.7148860772,0,0,1.00803506374,
MC_G0_D045_DENS_REF_V_LOW_S050,MC_G0_D045_DENS_REF_V_LOW,50,0.261001050472,0.972714759086,1.23251892591,0,0,1.04400420189,
MC_G0_D045_DENS_REF_V_LOW_S050,MC_G0_D045_DENS_REF_V_LOW,50,0.270017415285,0.587358042048,0.000119989121641,0,0,1.08006966114,
MC_G0_D045_DENS_REF_V_LOW_S050,MC_G0_D045_DENS_REF_V_LOW,50,0.279009759426,1.33154915413,8.74946517986,0,0,1.1160390377,
MC_G0_D045_DENS_REF_V_LOW_S050,MC_G0_D045_DENS_REF_V_LOW,50,0.288002073765,1.14255505774,9.84814836819,0,0,1.15200829506,
MC_G0_D045_DENS_REF_V_LOW_S050,MC_G0_D045_DENS_REF_V_LOW,50,0.297018408775,0.672130873657,0.000163768457133,0,0,1.1880736351,
MC_G0_D045_DENS_REF_V_LOW_S050,MC_G0_D045_DENS_REF_V_LOW,50,0.306010752916,1.02084116918,1.67973693692,0,0,1.22404301167,
MC_G0_D045_DENS_REF_V_LOW_S050,MC_G0_D045_DENS_REF_V_LOW,50,0.315003067255,1.29838275991,11.3981857948,0,0,1.26001226902,
MC_G0_D045_DENS_REF_V_LOW_S050,MC_G0_D045_DENS_REF_V_LOW,50,0.324019432068,0.668807182556,0.000264197268583,0,0,1.29607772827,
MC_G0_D045_DENS_REF_V_LOW_S050,MC_G0_D045_DENS_REF_V_LOW,50,0.333011746407,0.943112100853,0.85935418916,0,0,1.33204698563,
MC_G0_D045_DENS_REF_V_LOW_S050,MC_G0_D045_DENS_REF_V_LOW,50,0.342004090548,1.27498289234,9.3526928528,0,0,1.36801636219,
MC_G0_D045_DENS_REF_V_LOW_S050,MC_G0_D045_DENS_REF_V_LOW,50,0.351020425558,1.08400904922,5.52137505597,0,0,1.40408170223,
MC_G0_D045_DENS_REF_V_LOW_S050,MC_G0_D045_DENS_REF_V_LOW,50,0.360012739897,0.783147174153,1.48041957174,0,0,1.44005095959,
MC_G0_D045_DENS_REF_V_LOW_S050,MC_G0_D045_DENS_REF_V_LOW,50,0.369005084038,1.30834049738,7.65548562668,0,0,1.47602033615,
MC_G0_D045_DENS_REF_V_LOW_S050,MC_G0_D045_DENS_REF_V_LOW,50,0.378021448851,1.33738122799,6.92105614577,0,0,1.5120857954,
MC_G0_D045_DENS_REF_V_LOW_S050,MC_G0_D045_DENS_REF_V_LOW,50,0.387013763189,0.784280239762,0.976145891358,0,0,1.54805505276,
MC_G0_D045_DENS_REF_V_LOW_S050,MC_G0_D045_DENS_REF_V_LOW,50,0.39600610733,1.00986453613,4.53402624501,0,0,1.58402442932,
MC_G0_D045_DENS_REF_V_LOW_S050,MC_G0_D045_DENS_REF_V_LOW,50,0.405022472143,1.30117503268,6.59886289591,0,0,1.62008988857,
MC_G0_D045_DENS_REF_V_LOW_S050,MC_G0_D045_DENS_REF_V_LOW,50,0.414014786482,0.851505713137,0.0827318843425,0,0,1.65605914593,
MC_G0_D045_DENS_REF_V_LOW_S050,MC_G0_D045_DENS_REF_V_LOW,50,0.423007100821,1.0768246841,2.90932070317,0,0,1.69202840328,
MC_G0_D045_DENS_REF_V_LOW_S050,MC_G0_D045_DENS_REF_V_LOW,50,0.432023495436,1.85352571273,7.49118656177,0,0,1.72809398174,
MC_G0_D045_DENS_REF_V_LOW_S050,MC_G0_D045_DENS_REF_V_LOW,50,0.441015809774,0.914678294297,1.82227487959,0,0,1.7640632391,
MC_G0_D045_DENS_REF_V_LOW_S050,MC_G0_D045_DENS_REF_V_LOW,50,0.450008124113,1.02434887551,1.88219001293,0,0,1.80003249645,
MC_G0_D045_DENS_REF_V_LOW_S050,MC_G0_D045_DENS_REF_V_LOW,50,0.459000468254,1.42810188652,6.26225436157,0,0,1.83600187302,
MC_G0_D045_DENS_REF_V_LOW_S050,MC_G0_D045_DENS_REF_V_LOW,50,0.468016833067,1.06847300237,5.62758481738,0,0,1.87206733227,
MC_G0_D045_DENS_REF_V_LOW_S050,MC_G0_D045_DENS_REF_V_LOW,50,0.477009147406,0.9517008533,1.4469028472,0,0,1.90803658962,
MC_G0_D045_DENS_REF_V_LOW_S050,MC_G0_D045_DENS_REF_V_LOW,50,0.486001491547,1.19827991518,7.40218672753,0,0,1.94400596619,
MC_G0_D045_DENS_REF_V_LOW_S050,MC_G0_D045_DENS_REF_V_LOW,50,0.495017856359,1.16786127701,5.68646165696,0,0,1.98007142544,
MC_G0_D045_DENS_REF_V_LOW_S050,MC_G0_D045_DENS_REF_V_LOW,50,0.504010140896,0.876898855142,1.37073001756,0,0,2.01604056358,
MC_G0_D045_DENS_REF_V_LOW_S050,MC_G0_D045_DENS_REF_V_LOW,50,0.513002514839,1.25983905313,4.3696789304,0,0,2.05201005936,
MC_G0_D045_DENS_REF_V_LOW_S050,MC_G0_D045_DENS_REF_V_LOW,50,0.52201884985,1.61731444103,8.10239239303,0,0,2.0880753994,
MC_G0_D045_DENS_REF_V_LOW_S050,MC_G0_D045_DENS_REF_V_LOW,50,0.531011223793,1.54917814984,6.15802530724,0,0,2.12404489517,
MC_G0_D045_DENS_REF_V_LOW_S050,MC_G0_D045_DENS_REF_V_LOW,50,0.540003538132,1.12133948354,2.23413898998,0,0,2.16001415253,
MC_G0_D045_DENS_REF_V_LOW_S050,MC_G0_D045_DENS_REF_V_LOW,50,0.549019932747,1.26090764625,2.92617325835,0,0,2.19607973099,
MC_G0_D045_DENS_REF_V_LOW_S050,MC_G0_D045_DENS_REF_V_LOW,50,0.558012247086,1.39417784461,2.18073370566,0,0,2.23204898834,
MC_G0_D045_DENS_REF_V_LOW_S050,MC_G0_D045_DENS_REF_V_LOW,50,0.567004561424,0.977636926573,0.780293349297,0,0,2.2680182457,
MC_G0_D045_DENS_REF_V_LOW_S050,MC_G0_D045_DENS_REF_V_LOW,50,0.576020956039,1.33626965321,4.03204353685,0,0,2.30408382416,
MC_G0_D045_DENS_REF_V_LOW_S050,MC_G0_D045_DENS_REF_V_LOW,50,0.585013270378,1.65230285464,5.07980599923,0,0,2.34005308151,
MC_G0_D045_DENS_REF_V_LOW_S050,MC_G0_D045_DENS_REF_V_LOW,50,0.594005584717,1.03976326891,1.07119204438,0,0,2.37602233887,
MC_G0_D045_DENS_REF_V_LOW_S050,MC_G0_D045_DENS_REF_V_LOW,50,0.603021979332,1.3947559863,3.16984485126,0,0,2.41208791733,
MC_G0_D045_DENS_REF_V_LOW_S050,MC_G0_D045_DENS_REF_V_LOW,50,0.612014293671,1.63306952164,5.49894157842,0,0,2.44805717468,
MC_G0_D045_DENS_REF_V_LOW_S050,MC_G0_D045_DENS_REF_V_LOW,50,0.621006608009,1.26925510657,1.43561930803,0,0,2.48402643204,
MC_G0_D045_DENS_REF_V_LOW_S050,MC_G0_D045_DENS_REF_V_LOW,50,0.630023002625,1.21218697634,3.07285000847,0,0,2.5200920105,
MC_G0_D045_DENS_REF_V_LOW_S050,MC_G0_D045_DENS_REF_V_LOW,50,0.639015316963,1.56070183963,4.19740303522,0,0,2.55606126785,
MC_G0_D045_DENS_REF_V_LOW_S050,MC_G0_D045_DENS_REF_V_LOW,50,0.648007631302,1.43774167484,2.65793093204,0,0,2.59203052521,
MC_G0_D045_DENS_REF_V_LOW_S050,MC_G0_D045_DENS_REF_V_LOW,50,0.657024025917,1.72113145755,3.25413391505,0,0,2.62809610367,
MC_G0_D045_DENS_REF_V_LOW_S050,MC_G0_D045_DENS_REF_V_LOW,50,0.666016340256,1.63183897977,4.09025793437,0,0,2.66406536102,
MC_G0_D045_DENS_REF_V_LOW_S050,MC_G0_D045_DENS_REF_V_LOW,50,0.675008654594,1.48810063673,3.19590191383,0,0,2.70003461838,
MC_G0_D045_DENS_REF_V_LOW_S050,MC_G0_D045_DENS_REF_V_LOW,50,0.684001028538,1.41226458429,1.80608242041,0,0,2.73600411415,
MC_G0_D045_DENS_REF_V_LOW_S050,MC_G0_D045_DENS_REF_V_LOW,50,0.693017363548,1.58154122837,3.26191479757,0,0,2.77206945419,
MC_G0_D045_DENS_REF_V_LOW_S050,MC_G0_D045_DENS_REF_V_LOW,50,0.702009737492,1.50508146216,2.58330070006,0,0,2.80803894997,
MC_G0_D045_DENS_REF_V_LOW_S050,MC_G0_D045_DENS_REF_V_LOW,50,0.71100205183,1.49000180762,3.56636745056,0,0,2.84400820732,
MC_G0_D045_DENS_REF_V_LOW_S050,MC_G0_D045_DENS_REF_V_LOW,50,0.720018386841,1.53085107745,2.38219929306,0,0,2.88007354736,
MC_G0_D045_DENS_REF_V_LOW_S050,MC_G0_D045_DENS_REF_V_LOW,50,0.729010760784,1.72355627552,7.52555186931,0,0,2.91604304314,
MC_G0_D045_DENS_REF_V_LOW_S050,MC_G0_D045_DENS_REF_V_LOW,50,0.738003075123,1.53063223556,2.82506200996,0,0,2.95201230049,
MC_G0_D045_DENS_REF_V_LOW_S050,MC_G0_D045_DENS_REF_V_LOW,50,0.747019469738,1.70900679206,5.20254209405,0,0,2.98807787895,
MC_G0_D045_DENS_REF_V_LOW_S050,MC_G0_D045_DENS_REF_V_LOW,50,0.756011784077,1.73738927007,4.48155370426,0,0,3.02404713631,
MC_G0_D045_DENS_REF_V_LOW_S050,MC_G0_D045_DENS_REF_V_LOW,50,0.765004098415,1.4946252142,2.85364799815,0,0,3.06001639366,
MC_G0_D045_DENS_REF_V_LOW_S050,MC_G0_D045_DENS_REF_V_LOW,50,0.774020493031,1.54934230524,3.79916669748,0,0,3.09608197212,
MC_G0_D045_DENS_REF_V_LOW_S050,MC_G0_D045_DENS_REF_V_LOW,50,0.783012807369,1.53308593183,2.9226509116,0,0,3.13205122948,
MC_G0_D045_DENS_REF_V_LOW_S050,MC_G0_D045_DENS_REF_V_LOW,50,0.792005121708,3.50598322459,4.19371030812,0,0,3.16802048683,
MC_G0_D045_DENS_REF_V_LOW_S050,MC_G0_D045_DENS_REF_V_LOW,50,0.801021516323,1.63504898055,3.31945014457,0,0,3.20408606529,
MC_G0_D045_DENS_REF_V_LOW_S050,MC_G0_D045_DENS_REF_V_LOW,50,0.810013830662,1.8922151542,4.2342244109,0,0,3.24005532265,
MC_G0_D045_DENS_REF_V_LOW_S050,MC_G0_D045_DENS_REF_V_LOW,50,0.819006145,1.59927087489,4.97725603994,0,0,3.27602458,
MC_G0_D045_DENS_REF_V_LOW_S050,MC_G0_D045_DENS_REF_V_LOW,50,0.828022539616,1.61535033272,2.97512570601,0,0,3.31209015846,
MC_G0_D045_DENS_REF_V_LOW_S050,MC_G0_D045_DENS_REF_V_LOW,50,0.837014853954,1.4656492439,2.27930037479,0,0,3.34805941582,
MC_G0_D045_DENS_REF_V_LOW_S050,MC_G0_D045_DENS_REF_V_LOW,50,0.846007227898,2.07815189227,6.59196232248,0,0,3.38402891159,
MC_G0_D045_DENS_REF_V_LOW_S050,MC_G0_D045_DENS_REF_V_LOW,50,0.855023562908,1.6348760945,3.90206933281,0,0,3.42009425163,
MC_G0_D045_DENS_REF_V_LOW_S050,MC_G0_D045_DENS_REF_V_LOW,50,0.864015877247,2.07981973414,5.88433836245,0,0,3.45606350899,
MC_G0_D045_DENS_REF_V_LOW_S050,MC_G0_D045_DENS_REF_V_LOW,50,0.87300825119,1.8380695849,4.89986473271,0,0,3.49203300476,
MC_G0_D045_DENS_REF_V_LOW_S050,MC_G0_D045_DENS_REF_V_LOW,50,0.882000565529,2.0371917144,3.87012867146,0,0,3.52800226212,
MC_G0_D045_DENS_REF_V_LOW_S050,MC_G0_D045_DENS_REF_V_LOW,50,0.891016960144,1.60414238542,3.52163608023,0,0,3.56406784058,
MC_G0_D045_DENS_REF_V_LOW_S050,MC_G0_D045_DENS_REF_V_LOW,50,0.900009274483,1.88095837283,4.08999505419,0,0,3.60003709793,
MC_G0_D045_DENS_REF_V_LOW_S050,MC_G0_D045_DENS_REF_V_LOW,50,0.909001588821,2.12689597182,4.23861936211,0,0,3.63600635529,
MC_G0_D045_DENS_REF_V_LOW_S050,MC_G0_D045_DENS_REF_V_LOW,50,0.918017923832,2.40068606962,4.8061221049,0,0,3.67207169533,
MC_G0_D045_DENS_REF_V_LOW_S050,MC_G0_D045_DENS_REF_V_LOW,50,0.927010297775,1.96659971218,3.07262225455,0,0,3.7080411911,
MC_G0_D045_DENS_REF_V_LOW_S050,MC_G0_D045_DENS_REF_V_LOW,50,0.936002612114,1.79802084847,2.83628651525,0,0,3.74401044846,
MC_G0_D045_DENS_REF_V_LOW_S050,MC_G0_D045_DENS_REF_V_LOW,50,0.945018947124,1.84648401218,3.42921320654,0,0,3.7800757885,
MC_G0_D045_DENS_REF_V_LOW_S050,MC_G0_D045_DENS_REF_V_LOW,50,0.954011321068,2.07531184077,4.30062512017,0,0,3.81604528427,
MC_G0_D045_DENS_REF_V_LOW_S050,MC_G0_D045_DENS_REF_V_LOW,50,0.963003635406,1.8459897231,5.67535291791,0,0,3.85201454163,
MC_G0_D045_DENS_REF_V_LOW_S050,MC_G0_D045_DENS_REF_V_LOW,50,0.972019970417,1.99884036973,6.13550959692,0,0,3.88807988167,
MC_G0_D045_DENS_REF_V_LOW_S050,MC_G0_D045_DENS_REF_V_LOW,50,0.981012284756,2.29113042598,5.4539363894,0,0,3.92404913902,
MC_G0_D045_DENS_REF_V_LOW_S050,MC_G0_D045_DENS_REF_V_LOW,50,0.990004658699,2.1735600461,4.43741546462,0,0,3.9600186348,
MC_G0_D045_DENS_REF_V_LOW_S050,MC_G0_D045_DENS_REF_V_LOW,50,0.99902099371,2.00445388953,4.87667807648,0,0,3.99608397484,
MC_G0_D045_DENS_REF_V_LOW_S050,MC_G0_D045_DENS_REF_V_LOW,50,1.00801336765,2.25582118498,3.79298744124,0,0,4.03205347061,
MC_G0_D045_DENS_REF_V_LOW_S050,MC_G0_D045_DENS_REF_V_LOW,50,1.01700568199,2.04777383723,3.06927652655,0,0,4.06802272797,
MC_G0_D045_DENS_REF_V_LOW_S050,MC_G0_D045_DENS_REF_V_LOW,50,1.02602207661,2.46575185855,5.62183957885,0,0,4.10408830643,
MC_G0_D045_DENS_REF_V_LOW_S050,MC_G0_D045_DENS_REF_V_LOW,50,1.03501439095,2.49160206444,5.42770065993,0,0,4.14005756378,
MC_G0_D045_DENS_REF_V_LOW_S050,MC_G0_D045_DENS_REF_V_LOW,50,1.04400670528,2.46177816579,3.8498838816,0,0,4.17602682114,
MC_G0_D045_DENS_REF_V_LOW_S050,MC_G0_D045_DENS_REF_V_LOW,50,1.0530230999,2.70413370403,6.26061811027,0,0,4.2120923996,
MC_G0_D045_DENS_REF_V_LOW_S050,MC_G0_D045_DENS_REF_V_LOW,50,1.06201541424,2.94131167929,2.61537345226,0,0,4.24806165695,
MC_G0_D045_DENS_REF_V_LOW_S050,MC_G0_D045_DENS_REF_V_LOW,50,1.07100772858,2.60423703695,7.34474684381,0,0,4.28403091431,
MC_G0_D045_DENS_REF_V_LOW_S050,MC_G0_D045_DENS_REF_V_LOW,50,1.08000004292,2.99140488405,6.89556757917,0,0,4.32000017166,
MC_G0_D045_DENS_REF_V_LOW_S050,MC_G0_D045_DENS_REF_V_LOW,50,1.08901643753,2.76403728057,6.64663598313,0,0,4.35606575012,
MC_G0_D045_DENS_REF_V_LOW_S050,MC_G0_D045_DENS_REF_V_LOW,50,1.09800875187,2.27325101524,4.70587819831,0,0,4.39203500748,
MC_G0_D045_DENS_REF_V_LOW_S050,MC_G0_D045_DENS_REF_V_LOW,50,1.10700106621,2.57656414007,5.56236627285,0,0,4.42800426483,
MC_G0_D045_DENS_REF_V_LOW_S050,MC_G0_D045_DENS_REF_V_LOW,50,1.11601734161,2.12860756289,2.6036648883,0,0,4.46406936646,
MC_G0_D045_DENS_REF_V_LOW_S050,MC_G0_D045_DENS_REF_V_LOW,50,1.12500977516,1.97844634006,5.46753252719,0,0,4.50003910065,
MC_G0_D045_DENS_REF_V_LOW_S050,MC_G0_D045_DENS_REF_V_LOW,50,1.1340020895,2.34393684796,4.51348722887,0,0,4.536008358,
MC_G0_D045_DENS_REF_V_LOW_S050,MC_G0_D045_DENS_REF_V_LOW,50,1.14301836491,2.61153470862,4.32023419957,0,0,4.57207345963,
MC_G0_D045_DENS_REF_V_LOW_S050,MC_G0_D045_DENS_REF_V_LOW,50,1.15201067924,2.39298160725,5.06742402514,0,0,4.60804271698,
MC_G0_D045_DENS_REF_V_LOW_S050,MC_G0_D045_DENS_REF_V_LOW,50,1.16100311279,2.56957827731,3.7835130127,0,0,4.64401245117,
MC_G0_D045_DENS_REF_V_LOW_S050,MC_G0_D045_DENS_REF_V_LOW,50,1.1700193882,3.72068467042,3.90278080483,0,0,4.6800775528,
MC_G0_D045_DENS_REF_V_LOW_S050,MC_G0_D045_DENS_REF_V_LOW,50,1.17901170254,2.41264859448,3.4120994594,0,0,4.71604681015,
MC_G0_D045_DENS_REF_V_LOW_S050,MC_G0_D045_DENS_REF_V_LOW,50,1.18800401688,2.46387083532,5.90844202044,0,0,4.7520160675,
MC_G0_D045_DENS_REF_V_LOW_S050,MC_G0_D045_DENS_REF_V_LOW,50,1.19702041149,2.62529152586,5.39004313007,0,0,4.78808164597,
MC_G0_D045_DENS_REF_V_LOW_S050,MC_G0_D045_DENS_REF_V_LOW,50,1.20601272583,2.51424111827,5.66017871486,0,0,4.82405090332,
MC_G0_D045_DENS_REF_V_LOW_S050,MC_G0_D045_DENS_REF_V_LOW,50,1.21500504017,2.36552553749,0.506021329898,0,0,4.86002016068,
MC_G0_D045_DENS_REF_V_LOW_S050,MC_G0_D045_DENS_REF_V_LOW,50,1.22402143478,2.39187482953,4.08761779297,0,0,4.89608573914,
MC_G0_D045_DENS_REF_V_LOW_S050,MC_G0_D045_DENS_REF_V_LOW,50,1.23301374912,2.70214042959,4.7016333329,0,0,4.93205499649,
MC_G0_D045_DENS_REF_V_LOW_S050,MC_G0_D045_DENS_REF_V_LOW,50,1.24200606346,2.85523495876,3.68682797985,0,0,4.96802425385,
MC_G0_D045_DENS_REF_V_LOW_S050,MC_G0_D045_DENS_REF_V_LOW,50,1.25102245808,3.19907211275,5.37829223539,0,0,5.00408983231,
MC_G0_D045_DENS_REF_V_LOW_S050,MC_G0_D045_DENS_REF_V_LOW,50,1.26001477242,2.48717879121,4.96295508975,0,0,5.04005908966,
MC_G0_D045_DENS_REF_V_LOW_S050,MC_G0_D045_DENS_REF_V_LOW,50,1.26900708675,4.22583429328,5.91775145276,0,0,5.07602834702,
MC_G0_D045_DENS_REF_V_LOW_S050,MC_G0_D045_DENS_REF_V_LOW,50,1.27802348137,2.60517917956,4.31392675579,0,0,5.11209392548,
MC_G0_D045_DENS_REF_V_LOW_S050,MC_G0_D045_DENS_REF_V_LOW,50,1.28701579571,2.78130458643,4.61067981971,0,0,5.14806318283,
MC_G0_D045_DENS_REF_V_LOW_S050,MC_G0_D045_DENS_REF_V_LOW,50,1.29600811005,3.24985168088,4.54536563321,0,0,5.18403244019,
MC_G0_D045_DENS_REF_V_LOW_S050,MC_G0_D045_DENS_REF_V_LOW,50,1.30500042439,3.3454190971,3.62462982105,0,0,5.22000169754,
MC_G0_D045_DENS_REF_V_LOW_S050,MC_G0_D045_DENS_REF_V_LOW,50,1.314016819,3.10488433102,6.10274089452,0,0,5.256067276,
MC_G0_D045_DENS_REF_V_LOW_S050,MC_G0_D045_DENS_REF_V_LOW,50,1.32300913334,2.87061049598,4.44326465317,0,0,5.29203653336,
MC_G0_D045_DENS_REF_V_LOW_S050,MC_G0_D045_DENS_REF_V_LOW,50,1.33200144768,6.41118301878,6.50743394527,0,0,5.32800579071,
MC_G0_D045_DENS_REF_V_LOW_S050,MC_G0_D045_DENS_REF_V_LOW,50,1.34101784229,2.67149258789,6.97576429923,0,0,5.36407136917,
MC_G0_D045_DENS_REF_V_LOW_S050,MC_G0_D045_DENS_REF_V_LOW,50,1.35001015663,2.77412933573,6.02294554221,0,0,5.40004062653,
MC_G0_D045_DENS_REF_V_LOW_S050,MC_G0_D045_DENS_REF_V_LOW,50,1.35900247097,2.59814726502,5.23133400209,0,0,5.43600988388,
MC_G0_D045_DENS_REF_V_LOW_S050,MC_G0_D045_DENS_REF_V_LOW,50,1.36801886559,2.6757742519,4.79805863314,0,0,5.47207546234,
MC_G0_D045_DENS_REF_V_LOW_S050,MC_G0_D045_DENS_REF_V_LOW,50,1.37701117992,3.65036706004,6.34862095444,0,0,5.5080447197,
MC_G0_D045_DENS_REF_V_LOW_S050,MC_G0_D045_DENS_REF_V_LOW,50,1.38600349426,4.22352095899,5.96268012524,0,0,5.54401397705,
MC_G0_D045_DENS_REF_V_LOW_S050,MC_G0_D045_DENS_REF_V_LOW,50,1.39501976967,3.53587543337,5.65291242961,0,0,5.58007907867,
MC_G0_D045_DENS_REF_V_LOW_S050,MC_G0_D045_DENS_REF_V_LOW,50,1.40401208401,3.25600995482,4.14272692566,0,0,5.61604833603,
MC_G0_D045_DENS_REF_V_LOW_S050,MC_G0_D045_DENS_REF_V_LOW,50,1.41300439835,3.50270011662,4.8276736529,0,0,5.65201759338,
MC_G0_D045_DENS_REF_V_LOW_S050,MC_G0_D045_DENS_REF_V_LOW,50,1.42202079296,3.95917301064,6.84315578282,0,0,5.68808317184,
MC_G0_D045_DENS_REF_V_LOW_S050,MC_G0_D045_DENS_REF_V_LOW,50,1.4310131073,3.62377484488,5.86580519805,0,0,5.7240524292,
MC_G0_D045_DENS_REF_V_LOW_S050,MC_G0_D045_DENS_REF_V_LOW,50,1.44000542164,3.61974569811,6.30669466775,0,0,5.76002168655,
MC_G0_D045_DENS_REF_V_LOW_S050,MC_G0_D045_DENS_REF_V_LOW,50,1.44902181625,3.2361716166,8.18175267603,0,0,5.79608726501,
MC_G0_D045_DENS_REF_V_LOW_S050,MC_G0_D045_DENS_REF_V_LOW,50,1.45801413059,3.57372845943,6.25569770651,0,0,5.83205652237,
MC_G0_D045_DENS_REF_V_LOW_S050,MC_G0_D045_DENS_REF_V_LOW,50,1.46700644493,3.26745612413,6.68099157265,0,0,5.86802577972,
MC_G0_D045_DENS_REF_V_LOW_S050,MC_G0_D045_DENS_REF_V_LOW,50,1.47602283955,3.2191424368,5.49350271071,0,0,5.90409135818,
MC_G0_D045_DENS_REF_V_LOW_S050,MC_G0_D045_DENS_REF_V_LOW,50,1.48501515388,3.5842915859,6.21062454043,0,0,5.94006061554,
MC_G0_D045_DENS_REF_V_LOW_S050,MC_G0_D045_DENS_REF_V_LOW,50,1.49400746822,3.2664748375,5.45603308709,0,0,5.97602987289,
MC_G0_D045_DENS_REF_V_LOW_S050,MC_G0_D045_DENS_REF_V_LOW,50,1.50302386284,2.98051076043,4.85791260562,0,0,6.01209545135,
MC_G0_D045_DENS_REF_V_LOW_S050,MC_G0_D045_DENS_REF_V_LOW,50,1.51201617718,3.97236108843,6.09086499842,0,0,6.04806470871,
MC_G0_D045_DENS_REF_V_LOW_S050,MC_G0_D045_DENS_REF_V_LOW,50,1.52100849152,3.35003924168,6.59332545662,0,0,6.08403396606,
MC_G0_D045_DENS_REF_V_LOW_S050,MC_G0_D045_DENS_REF_V_LOW,50,1.53000080585,3.47511548565,5.59814376939,0,0,6.12000322342,
MC_G0_D045_DENS_REF_V_LOW_S050,MC_G0_D045_DENS_REF_V_LOW,50,1.53901708126,5.62776783287,5.69490895249,0,0,6.15606832504,
MC_G0_D045_DENS_REF_V_LOW_S050,MC_G0_D045_DENS_REF_V_LOW,50,1.5480093956,3.12541191085,5.10374470067,0,0,6.1920375824,
MC_G0_D045_DENS_REF_V_LOW_S050,MC_G0_D045_DENS_REF_V_LOW,50,1.55700170994,4.05359143502,5.99769984488,0,0,6.22800683975,
MC_G0_D045_DENS_REF_V_LOW_S050,MC_G0_D045_DENS_REF_V_LOW,50,1.56601810455,3.86614573371,5.38246844016,0,0,6.26407241821,
MC_G0_D045_DENS_REF_V_LOW_S050,MC_G0_D045_DENS_REF_V_LOW,50,1.57501041889,3.81162081289,7.64565124052,0,0,6.30004167557,
MC_G0_D045_DENS_REF_V_LOW_S050,MC_G0_D045_DENS_REF_V_LOW,50,1.58400273323,4.00105326464,8.34029561926,0,0,6.33601093292,
MC_G0_D045_DENS_REF_V_LOW_S050,MC_G0_D045_DENS_REF_V_LOW,50,1.59301912785,3.82411005496,6.38219720721,0,0,6.37207651138,
MC_G0_D045_DENS_REF_V_LOW_S050,MC_G0_D045_DENS_REF_V_LOW,50,1.60201144218,4.00738691911,8.4860011298,0,0,6.40804576874,
MC_G0_D045_DENS_REF_V_LOW_S050,MC_G0_D045_DENS_REF_V_LOW,50,1.61100375652,3.81480068813,6.34736801884,0,0,6.44401502609,
MC_G0_D045_DENS_REF_V_LOW_S050,MC_G0_D045_DENS_REF_V_LOW,50,1.62002003193,4.84702710395,6.85199311148,0,0,6.48008012772,
MC_G0_D045_DENS_REF_V_LOW_S050,MC_G0_D045_DENS_REF_V_LOW,50,1.62901234627,3.48311237681,5.42560328893,0,0,6.51604938507,
MC_G0_D045_DENS_REF_V_LOW_S050,MC_G0_D045_DENS_REF_V_LOW,50,1.63800466061,3.7900720349,6.18614647426,0,0,6.55201864243,
MC_G0_D045_DENS_REF_V_LOW_S050,MC_G0_D045_DENS_REF_V_LOW,50,1.64702105522,4.14211676694,6.10573946628,0,0,6.58808422089,
MC_G0_D045_DENS_REF_V_LOW_S050,MC_G0_D045_DENS_REF_V_LOW,50,1.65601336956,3.90481733011,6.13038156192,0,0,6.62405347824,
MC_G0_D045_DENS_REF_V_LOW_S050,MC_G0_D045_DENS_REF_V_LOW,50,1.6650056839,4.5134479834,8.29857863463,0,0,6.6600227356,
MC_G0_D045_DENS_REF_V_LOW_S050,MC_G0_D045_DENS_REF_V_LOW,50,1.67402207851,3.86252606399,6.97145575373,0,0,6.69608831406,
MC_G0_D045_DENS_REF_V_LOW_S050,MC_G0_D045_DENS_REF_V_LOW,50,1.68301439285,3.53997903051,6.91049245369,0,0,6.73205757141,
MC_G0_D045_DENS_REF_V_LOW_S050,MC_G0_D045_DENS_REF_V_LOW,50,1.69200670719,3.69976526672,5.89748923751,0,0,6.76802682877,
MC_G0_D045_DENS_REF_V_LOW_S050,MC_G0_D045_DENS_REF_V_LOW,50,1.7010229826,3.32436115431,16.3369068653,0,0,6.80409193039,
MC_G0_D045_DENS_REF_V_LOW_S050,MC_G0_D045_DENS_REF_V_LOW,50,1.71001529694,3.68541898673,5.87736707015,0,0,6.84006118774,
MC_G0_D045_DENS_REF_V_LOW_S050,MC_G0_D045_DENS_REF_V_LOW,50,1.71900761127,3.37952158965,5.95612697817,0,0,6.8760304451,
MC_G0_D045_DENS_REF_V_LOW_S050,MC_G0_D045_DENS_REF_V_LOW,50,1.72802400589,4.53053894933,8.52149827073,0,0,6.91209602356,
MC_G0_D045_DENS_REF_V_LOW_S050,MC_G0_D045_DENS_REF_V_LOW,50,1.73701632023,3.92420090703,6.55328961324,0,0,6.94806528091,
MC_G0_D045_DENS_REF_V_LOW_S050,MC_G0_D045_DENS_REF_V_LOW,50,1.74600863457,3.78529608181,5.67703337356,0,0,6.98403453827,
MC_G0_D045_DENS_REF_V_LOW_S050,MC_G0_D045_DENS_REF_V_LOW,50,1.75500094891,4.16278825857,7.10091518512,0,0,7.02000379562,
MC_G0_D045_DENS_REF_V_LOW_S050,MC_G0_D045_DENS_REF_V_LOW,50,1.76401734352,4.7865281163,6.45503644253,0,0,7.05606937408,
MC_G0_D045_DENS_REF_V_LOW_S050,MC_G0_D045_DENS_REF_V_LOW,50,1.77300965786,3.92281167841,7.50241587737,0,0,7.09203863144,
MC_G0_D045_DENS_REF_V_LOW_S050,MC_G0_D045_DENS_REF_V_LOW,50,1.78200185299,3.3905014847,5.07309745443,0,0,7.12800741196,
MC_G0_D045_DENS_REF_V_LOW_S050,MC_G0_D045_DENS_REF_V_LOW,50,1.7910182476,5.0607653001,8.43410328,0,0,7.16407299042,
MC_G0_D045_DENS_REF_V_LOW_S050,MC_G0_D045_DENS_REF_V_LOW,50,1.80001056194,4.51983229482,7.37672291966,0,0,7.20004224777,
MC_G0_D045_DENS_REF_V_LOW_S050,MC_G0_D045_DENS_REF_V_LOW,50,1.80900287628,4.42875108925,9.96127572788,0,0,7.23601150513,
MC_G0_D045_DENS_REF_V_LOW_S050,MC_G0_D045_DENS_REF_V_LOW,50,1.8180192709,4.35862113986,10.3999636776,0,0,7.27207708359,
MC_G0_D045_DENS_REF_V_LOW_S050,MC_G0_D045_DENS_REF_V_LOW,50,1.82701158524,4.78106867807,7.06570209932,0,0,7.30804634094,
MC_G0_D045_DENS_REF_V_LOW_S050,MC_G0_D045_DENS_REF_V_LOW,50,1.83600389957,5.04466790127,8.87434256578,0,0,7.3440155983,
MC_G0_D045_DENS_REF_V_LOW_S050,MC_G0_D045_DENS_REF_V_LOW,50,1.84502017498,4.31540576808,7.05317058811,0,0,7.38008069992,
MC_G0_D045_DENS_REF_V_LOW_S050,MC_G0_D045_DENS_REF_V_LOW,50,1.85401248932,4.41905335244,6.0738642854,0,0,7.41604995728,
MC_G0_D045_DENS_REF_V_LOW_S050,MC_G0_D045_DENS_REF_V_LOW,50,1.86300480366,4.59758765104,8.55475767341,0,0,7.45201921463,
MC_G0_D045_DENS_REF_V_LOW_S050,MC_G0_D045_DENS_REF_V_LOW,50,1.87202119827,5.82025159865,6.15994070658,0,0,7.48808479309,
MC_G0_D045_DENS_REF_V_LOW_S050,MC_G0_D045_DENS_REF_V_LOW,50,1.88101351261,5.73420423612,7.3226482507,0,0,7.52405405045,
MC_G0_D045_DENS_REF_V_LOW_S050,MC_G0_D045_DENS_REF_V_LOW,50,1.89000582695,5.10586303829,7.38602645822,0,0,7.5600233078,
MC_G0_D045_DENS_REF_V_LOW_S050,MC_G0_D045_DENS_REF_V_LOW,50,1.89902210236,4.23619939711,7.27947821985,0,0,7.59608840942,
MC_G0_D045_DENS_REF_V_LOW_S050,MC_G0_D045_DENS_REF_V_LOW,50,1.90801441669,5.51371293056,7.78653501206,0,0,7.63205766678,
MC_G0_D045_DENS_REF_V_LOW_S050,MC_G0_D045_DENS_REF_V_LOW,50,1.91700673103,4.32221490715,5.90728999316,0,0,7.66802692413,
MC_G0_D045_DENS_REF_V_LOW_S050,MC_G0_D045_DENS_REF_V_LOW,50,1.92602312565,4.78963354116,8.96532809295,0,0,7.70409250259,
MC_G0_D045_DENS_REF_V_LOW_S050,MC_G0_D045_DENS_REF_V_LOW,50,1.93501543999,4.12072648381,12.6899175746,0,0,7.74006175995,
MC_G0_D045_DENS_REF_V_LOW_S050,MC_G0_D045_DENS_REF_V_LOW,50,1.94400763512,5.03136814793,12.7948237836,0,0,7.77603054047,
MC_G0_D045_DENS_REF_V_LOW_S050,MC_G0_D045_DENS_REF_V_LOW,50,1.95302402973,5.98740266537,18.2554824427,0,0,7.81209611893,
MC_G0_D045_DENS_REF_V_LOW_S050,MC_G0_D045_DENS_REF_V_LOW,50,1.96201634407,4.76620585064,8.93916668277,0,0,7.84806537628,
MC_G0_D045_DENS_REF_V_LOW_S050,MC_G0_D045_DENS_REF_V_LOW,50,1.97100865841,6.22975666855,6.86854951091,0,0,7.88403463364,
MC_G0_D045_DENS_REF_V_LOW_S050,MC_G0_D045_DENS_REF_V_LOW,50,1.98000097275,5.59382345143,18.0756027082,0,0,7.92000389099,
MC_G0_D045_DENS_REF_V_LOW_S050,MC_G0_D045_DENS_REF_V_LOW,50,1.98901724815,4.79837800618,7.95321868378,0,0,7.95606899261,
MC_G0_D045_DENS_REF_V_LOW_S050,MC_G0_D045_DENS_REF_V_LOW,50,1.99800956249,5.80804058607,12.0265625575,0,0,7.99203824997,
MC_G0_D045_DENS_REF_V_LOW_S050,MC_G0_D045_DENS_REF_V_LOW,50,2.00700187683,6.20540141848,16.1091045113,0,0,8.02800750732,
MC_G0_D045_DENS_REF_V_LOW_S050,MC_G0_D045_DENS_REF_V_LOW,50,2.01601815224,5.91610837354,8.07732999739,0,0,8.06407260895,
MC_G0_D045_DENS_REF_V_LOW_S050,MC_G0_D045_DENS_REF_V_LOW,50,2.02501058578,6.08145037294,9.68216171514,0,0,8.10004234314,
MC_G0_D045_DENS_REF_V_LOW_S050,MC_G0_D045_DENS_REF_V_LOW,50,2.03400278091,4.64582727175,7.51899281746,0,0,8.13601112366,
MC_G0_D045_DENS_REF_V_LOW_S050,MC_G0_D045_DENS_REF_V_LOW,50,2.04301929474,5.45795343835,8.15547799032,0,0,8.17207717896,
MC_G0_D045_DENS_REF_V_LOW_S050,MC_G0_D045_DENS_REF_V_LOW,50,2.05201148987,4.6473339324,10.9695810463,0,0,8.20804595947,
MC_G0_D045_DENS_REF_V_LOW_S050,MC_G0_D045_DENS_REF_V_LOW,50,2.061003685,4.31139811214,8.39870906764,0,0,8.24401473999,
MC_G0_D045_DENS_REF_V_LOW_S050,MC_G0_D045_DENS_REF_V_LOW,50,2.07002019882,5.01353075944,8.51236015066,0,0,8.28008079529,
MC_G0_D045_DENS_REF_V_LOW_S050,MC_G0_D045_DENS_REF_V_LOW,50,2.07901239395,6.56004040065,15.9769016832,0,0,8.31604957581,
MC_G0_D045_DENS_REF_V_LOW_S050,MC_G0_D045_DENS_REF_V_LOW,50,2.0880048275,5.71620106123,9.23645693207,0,0,8.35201931,
MC_G0_D045_DENS_REF_V_LOW_S050,MC_G0_D045_DENS_REF_V_LOW,50,2.09702110291,5.96985156543,13.7450706484,0,0,8.38808441162,
MC_G0_D045_DENS_REF_V_LOW_S050,MC_G0_D045_DENS_REF_V_LOW,50,2.10601329803,5.36865635539,9.00370282521,0,0,8.42405319214,
MC_G0_D045_DENS_REF_V_LOW_S050,MC_G0_D045_DENS_REF_V_LOW,50,2.11500573158,5.50899339089,8.37238528011,0,0,8.46002292633,
MC_G0_D045_DENS_REF_V_LOW_S050,MC_G0_D045_DENS_REF_V_LOW,50,2.12402200699,5.62003535566,9.51268452434,0,0,8.49608802795,
MC_G0_D045_DENS_REF_V_LOW_S050,MC_G0_D045_DENS_REF_V_LOW,50,2.13301444054,5.69239920003,8.77942910666,0,0,8.53205776215,
MC_G0_D045_DENS_REF_V_LOW_S050,MC_G0_D045_DENS_REF_V_LOW,50,2.14200663567,5.54376363421,8.43411515617,0,0,8.56802654266,
MC_G0_D045_DENS_REF_V_LOW_S050,MC_G0_D045_DENS_REF_V_LOW,50,2.15102291107,5.37770514591,7.62643717314,0,0,8.60409164429,
MC_G0_D045_DENS_REF_V_LOW_S050,MC_G0_D045_DENS_REF_V_LOW,50,2.16001534462,5.39801090967,9.56401578065,0,0,8.64006137848,
MC_G0_D045_DENS_REF_V_LOW_S050,MC_G0_D045_DENS_REF_V_LOW,50,2.16900753975,5.81650260019,8.64723007634,0,0,8.676030159,
MC_G0_D045_DENS_REF_V_LOW_S050,MC_G0_D045_DENS_REF_V_LOW,50,2.17802381516,4.75684774569,10.5980444857,0,0,8.71209526062,
MC_G0_D045_DENS_REF_V_LOW_S050,MC_G0_D045_DENS_REF_V_LOW,50,2.1870162487,6.55885840503,15.5284964306,0,0,8.74806499481,
MC_G0_D045_DENS_REF_V_LOW_S050,MC_G0_D045_DENS_REF_V_LOW,50,2.19600844383,6.43380633825,10.400154772,0,0,8.78403377533,
MC_G0_D045_DENS_REF_V_LOW_S050,MC_G0_D045_DENS_REF_V_LOW,50,2.20500087738,5.55060616082,8.91546736717,0,0,8.82000350952,
MC_G0_D045_DENS_REF_V_LOW_S050,MC_G0_D045_DENS_REF_V_LOW,50,2.21401715279,6.01495813022,9.75853963436,0,0,8.85606861115,
MC_G0_D045_DENS_REF_V_LOW_S050,MC_G0_D045_DENS_REF_V_LOW,50,2.22300934792,5.6685386228,9.59932612723,0,0,8.89203739166,
MC_G0_D045_DENS_REF_V_LOW_S050,MC_G0_D045_DENS_REF_V_LOW,50,2.23200178146,4.9321426855,6.93480318907,0,0,8.92800712585,
MC_G0_D045_DENS_REF_V_LOW_S050,MC_G0_D045_DENS_REF_V_LOW,50,2.24101805687,7.41769719215,9.59506647249,0,0,8.96407222748,
MC_G0_D045_DENS_REF_V_LOW_S050,MC_G0_D045_DENS_REF_V_LOW,50,2.250010252,6.52237234923,9.51932495255,0,0,9.000041008,
MC_G0_D045_DENS_REF_V_LOW_S050,MC_G0_D045_DENS_REF_V_LOW,50,2.25900268555,6.20892860087,7.74546913356,0,0,9.03601074219,
MC_G0_D045_DENS_REF_V_LOW_S050,MC_G0_D045_DENS_REF_V_LOW,50,2.26801896095,6.72354186401,9.24572255646,0,0,9.07207584381,
MC_G0_D045_DENS_REF_V_LOW_S050,MC_G0_D045_DENS_REF_V_LOW,50,2.2770113945,7.93850518689,9.10522493233,0,0,9.108045578,
MC_G0_D045_DENS_REF_V_LOW_S050,MC_G0_D045_DENS_REF_V_LOW,50,2.28600358963,6.59743597905,12.4506627407,0,0,9.14401435852,
MC_G0_D045_DENS_REF_V_LOW_S050,MC_G0_D045_DENS_REF_V_LOW,50,2.29501986504,5.74196856581,7.99308697386,0,0,9.18007946014,
MC_G0_D045_DENS_REF_V_LOW_S050,MC_G0_D045_DENS_REF_V_LOW,50,2.30401229858,3.94779400018,10.0889588735,0,0,9.21604919434,
MC_G0_D045_DENS_REF_V_LOW_S050,MC_G0_D045_DENS_REF_V_LOW,50,2.31300449371,6.18863358252,14.3008181673,0,0,9.25201797485,
MC_G0_D045_DENS_REF_V_LOW_S050,MC_G0_D045_DENS_REF_V_LOW,50,2.32202076912,6.97569223156,9.88543354466,0,0,9.28808307648,
MC_G0_D045_DENS_REF_V_LOW_S050,MC_G0_D045_DENS_REF_V_LOW,50,2.33101320267,6.78429643903,10.1526147159,0,0,9.32405281067,
MC_G0_D045_DENS_REF_V_LOW_S050,MC_G0_D045_DENS_REF_V_LOW,50,2.3400053978,6.42082817981,10.5000543465,0,0,9.36002159119,
MC_G0_D045_DENS_REF_V_LOW_S050,MC_G0_D045_DENS_REF_V_LOW,50,2.3490216732,6.26299300391,10.8705181856,0,0,9.39608669281,
MC_G0_D045_DENS_REF_V_LOW_S050,MC_G0_D045_DENS_REF_V_LOW,50,2.35801410675,6.95341928936,11.0638598552,0,0,9.432056427,
MC_G0_D045_DENS_REF_V_LOW_S050,MC_G0_D045_DENS_REF_V_LOW,50,2.36700630188,6.71108409066,10.0044498008,0,0,9.46802520752,
MC_G0_D045_DENS_REF_V_LOW_S050,MC_G0_D045_DENS_REF_V_LOW,50,2.37602257729,7.22137002177,19.1914198463,0,0,9.50409030914,
MC_G0_D045_DENS_REF_V_LOW_S050,MC_G0_D045_DENS_REF_V_LOW,50,2.38501501083,6.33612054025,9.87170161783,0,0,9.54006004333,
MC_G0_D045_DENS_REF_V_LOW_S050,MC_G0_D045_DENS_REF_V_LOW,50,2.39400720596,7.83115388832,9.39065206468,0,0,9.57602882385,
MC_G0_D045_DENS_REF_V_LOW_S050,MC_G0_D045_DENS_REF_V_LOW,50,2.40302348137,6.35687070367,10.2195371103,0,0,9.61209392548,
MC_G0_D045_DENS_REF_V_LOW_S050,MC_G0_D045_DENS_REF_V_LOW,50,2.41201591492,6.71181324381,11.6404293227,0,0,9.64806365967,
MC_G0_D045_DENS_REF_V_LOW_S050,MC_G0_D045_DENS_REF_V_LOW,50,2.42100811005,4.2071952201,9.75691238059,0,0,9.68403244019,
MC_G0_D045_DENS_REF_V_LOW_S050,MC_G0_D045_DENS_REF_V_LOW,50,2.43000054359,6.0613821596,11.6937287467,0,0,9.72000217438,
MC_G0_D045_DENS_REF_V_LOW_S050,MC_G0_D045_DENS_REF_V_LOW,50,2.439016819,6.17521524585,11.8525533613,0,0,9.756067276,
MC_G0_D045_DENS_REF_V_LOW_S050,MC_G0_D045_DENS_REF_V_LOW,50,2.44800901413,7.42257868056,12.1460542771,0,0,9.79203605652,
MC_G0_D045_DENS_REF_V_LOW_S050,MC_G0_D045_DENS_REF_V_LOW,50,2.45700144768,7.6077229443,14.4023486544,0,0,9.82800579071,
MC_G0_D045_DENS_REF_V_LOW_S050,MC_G0_D045_DENS_REF_V_LOW,50,2.46601772308,7.03194524532,11.5251255649,0,0,9.86407089233,
MC_G0_D045_DENS_REF_V_LOW_S050,MC_G0_D045_DENS_REF_V_LOW,50,2.47500991821,6.7071781324,11.7467463563,0,0,9.90003967285,
MC_G0_D045_DENS_REF_V_LOW_S050,MC_G0_D045_DENS_REF_V_LOW,50,2.48400235176,6.05622704687,13.9067815505,0,0,9.93600940704,
MC_G0_D045_DENS_REF_V_LOW_S050,MC_G0_D045_DENS_REF_V_LOW,50,2.49301862717,7.06354751011,15.3681863192,0,0,9.97207450867,
MC_G0_D045_DENS_REF_V_LOW_S050,MC_G0_D045_DENS_REF_V_LOW,50,2.5020108223,6.09854556029,10.5015658648,0,0,10.0080432892,
MC_G0_D045_DENS_REF_V_LOW_S050,MC_G0_D045_DENS_REF_V_LOW,50,2.51100325584,7.56989140907,10.3441848578,0,0,10.0440130234,
MC_G0_D045_DENS_REF_V_LOW_S050,MC_G0_D045_DENS_REF_V_LOW,50,2.52001953125,7.15578768542,10.4571438918,0,0,10.080078125,
MC_G0_D045_DENS_REF_V_LOW_S050,MC_G0_D045_DENS_REF_V_LOW,50,2.52901172638,6.38871627535,9.10779745065,0,0,10.1160469055,
MC_G0_D045_DENS_REF_V_LOW_S050,MC_G0_D045_DENS_REF_V_LOW,50,2.53800415993,7.47527189193,14.4630020996,0,0,10.1520166397,
MC_G0_D045_DENS_REF_V_LOW_S050,MC_G0_D045_DENS_REF_V_LOW,50,2.54702043533,8.46396978387,19.1078382702,0,0,10.1880817413,
MC_G0_D045_DENS_REF_V_LOW_S050,MC_G0_D045_DENS_REF_V_LOW,50,2.55601263046,6.05663422134,9.03494051438,0,0,10.2240505219,
MC_G0_D045_DENS_REF_V_LOW_S050,MC_G0_D045_DENS_REF_V_LOW,50,2.56500506401,7.11692075272,15.8861129326,0,0,10.260020256,
MC_G0_D045_DENS_REF_V_LOW_S050,MC_G0_D045_DENS_REF_V_LOW,50,2.57402133942,6.88766272378,10.9224002984,0,0,10.2960853577,
MC_G0_D045_DENS_REF_V_LOW_S050,MC_G0_D045_DENS_REF_V_LOW,50,2.58301353455,7.81161258407,12.967346743,0,0,10.3320541382,
MC_G0_D045_DENS_REF_V_LOW_S050,MC_G0_D045_DENS_REF_V_LOW,50,2.59200596809,6.92956063096,9.27272091925,0,0,10.3680238724,
MC_G0_D045_DENS_REF_V_LOW_S050,MC_G0_D045_DENS_REF_V_LOW,50,2.6010222435,6.96440187077,12.9334711046,0,0,10.404088974,
MC_G0_D045_DENS_REF_V_LOW_S050,MC_G0_D045_DENS_REF_V_LOW,50,2.61001443863,6.60641300555,12.7364302799,0,0,10.4400577545,
MC_G0_D045_DENS_REF_V_LOW_S050,MC_G0_D045_DENS_REF_V_LOW,50,2.61900663376,8.79597393363,13.6381558468,0,0,10.476026535,
MC_G0_D045_DENS_REF_V_LOW_S050,MC_G0_D045_DENS_REF_V_LOW,50,2.62802314758,7.77611817655,11.3141918081,0,0,10.5120925903,
MC_G0_D045_DENS_REF_V_LOW_S050,MC_G0_D045_DENS_REF_V_LOW,50,2.63701534271,7.72422703364,10.465365384,0,0,10.5480613708,
MC_G0_D045_DENS_REF_V_LOW_S050,MC_G0_D045_DENS_REF_V_LOW,50,2.64600753784,8.32235366024,12.471232774,0,0,10.5840301514,
MC_G0_D045_DENS_REF_V_LOW_S050,MC_G0_D045_DENS_REF_V_LOW,50,2.65502405167,7.49072072822,10.8543560404,0,0,10.6200962067,
MC_G0_D045_DENS_REF_V_LOW_S050,MC_G0_D045_DENS_REF_V_LOW,50,2.6640162468,5.76570787336,12.1011698405,0,0,10.6560649872,
MC_G0_D045_DENS_REF_V_LOW_S050,MC_G0_D045_DENS_REF_V_LOW,50,2.67300844193,7.16067991925,15.1229599745,0,0,10.6920337677,
MC_G0_D045_DENS_REF_V_LOW_S050,MC_G0_D045_DENS_REF_V_LOW,50,2.68200087547,7.24183236158,14.1705965986,0,0,10.7280035019,
MC_G0_D045_DENS_REF_V_LOW_S050,MC_G0_D045_DENS_REF_V_LOW,50,2.69101715088,7.67979167352,12.3901849428,0,0,10.7640686035,
MC_G0_D045_DENS_REF_V_LOW_S050,MC_G0_D045_DENS_REF_V_LOW,50,2.70000934601,7.46302595675,13.0885474487,0,0,10.800037384,
MC_G0_D045_DENS_REF_V_LOW_S050,MC_G0_D045_DENS_REF_V_LOW,50,2.70900177956,8.26654197601,14.1277064094,0,0,10.8360071182,
MC_G0_D045_DENS_REF_V_LOW_S050,MC_G0_D045_DENS_REF_V_LOW,50,2.71801805496,7.96007814207,11.1435691949,0,0,10.8720722198,
MC_G0_D045_DENS_REF_V_LOW_S050,MC_G0_D045_DENS_REF_V_LOW,50,2.72701025009,7.46803178497,13.7046298751,0,0,10.9080410004,
MC_G0_D045_DENS_REF_V_LOW_S050,MC_G0_D045_DENS_REF_V_LOW,50,2.73600244522,8.40539038781,12.2729114134,0,0,10.9440097809,
MC_G0_D045_DENS_REF_V_LOW_S050,MC_G0_D045_DENS_REF_V_LOW,50,2.74501895905,7.21695749396,11.2112783289,0,0,10.9800758362,
MC_G0_D045_DENS_REF_V_LOW_S050,MC_G0_D045_DENS_REF_V_LOW,50,2.75401115417,8.02220506005,12.7915530709,0,0,11.0160446167,
MC_G0_D045_DENS_REF_V_LOW_S050,MC_G0_D045_DENS_REF_V_LOW,50,2.7630033493,7.03208109807,10.3322183119,0,0,11.0520133972,
MC_G0_D045_DENS_REF_V_LOW_S050,MC_G0_D045_DENS_REF_V_LOW,50,2.77201962471,7.92608655755,11.9963092747,0,0,11.0880784988,
MC_G0_D045_DENS_REF_V_LOW_S050,MC_G0_D045_DENS_REF_V_LOW,50,2.78101205826,7.13328448433,13.354908089,0,0,11.124048233,
MC_G0_D045_DENS_REF_V_LOW_S050,MC_G0_D045_DENS_REF_V_LOW,50,2.79000425339,8.09316394144,14.5553347661,0,0,11.1600170135,
MC_G0_D045_DENS_REF_V_LOW_S050,MC_G0_D045_DENS_REF_V_LOW,50,2.79902052879,7.33101700145,14.5098784152,0,0,11.1960821152,
MC_G0_D045_DENS_REF_V_LOW_S050,MC_G0_D045_DENS_REF_V_LOW,50,2.80801296234,7.55459914881,13.382722261,0,0,11.2320518494,
MC_G0_D045_DENS_REF_V_LOW_S050,MC_G0_D045_DENS_REF_V_LOW,50,2.81700515747,8.89976082461,12.8453866974,0,0,11.2680206299,
MC_G0_D045_DENS_REF_V_LOW_S050,MC_G0_D045_DENS_REF_V_LOW,50,2.82602143288,7.72093893673,12.4486357126,0,0,11.3040857315,
MC_G0_D045_DENS_REF_V_LOW_S050,MC_G0_D045_DENS_REF_V_LOW,50,2.83501386642,7.8379956474,14.3448643663,0,0,11.3400554657,
MC_G0_D045_DENS_REF_V_LOW_S050,MC_G0_D045_DENS_REF_V_LOW,50,2.84400606155,8.79596472327,15.5577058157,0,0,11.3760242462,
MC_G0_D045_DENS_REF_V_LOW_S050,MC_G0_D045_DENS_REF_V_LOW,50,2.85302233696,7.81502425325,14.3356561376,0,0,11.4120893478,
MC_G0_D045_DENS_REF_V_LOW_S050,MC_G0_D045_DENS_REF_V_LOW,50,2.86201453209,8.28194015536,14.9293945924,0,0,11.4480581284,
MC_G0_D045_DENS_REF_V_LOW_S050,MC_G0_D045_DENS_REF_V_LOW,50,2.87100696564,8.68753120793,10.9735078892,0,0,11.4840278625,
MC_G0_D045_DENS_REF_V_LOW_S050,MC_G0_D045_DENS_REF_V_LOW,50,2.88002324104,10.014085663,11.7403586466,0,0,11.5200929642,
MC_G0_D045_DENS_REF_V_LOW_S050,MC_G0_D045_DENS_REF_V_LOW,50,2.88901543617,7.83535534549,11.9618978118,0,0,11.5560617447,
MC_G0_D045_DENS_REF_V_LOW_S050,MC_G0_D045_DENS_REF_V_LOW,50,2.8980076313,8.49894994654,19.9444550738,0,0,11.5920305252,
MC_G0_D045_DENS_REF_V_LOW_S050,MC_G0_D045_DENS_REF_V_LOW,50,2.90700006485,7.53736887626,15.6387722035,0,0,11.6280002594,
MC_G0_D045_DENS_REF_V_LOW_S050,MC_G0_D045_DENS_REF_V_LOW,50,2.91601634026,6.71822211618,15.4624215315,0,0,11.664065361,
MC_G0_D045_DENS_REF_V_LOW_S050,MC_G0_D045_DENS_REF_V_LOW,50,2.92500853539,8.01770733645,12.9698890154,0,0,11.7000341415,
MC_G0_D045_DENS_REF_V_LOW_S050,MC_G0_D045_DENS_REF_V_LOW,50,2.93400096893,9.56895455428,15.3315619849,0,0,11.7360038757,
MC_G0_D045_DENS_REF_V_LOW_S050,MC_G0_D045_DENS_REF_V_LOW,50,2.94301724434,8.89466135778,15.4265252487,0,0,11.7720689774,
MC_G0_D045_DENS_REF_V_LOW_S050,MC_G0_D045_DENS_REF_V_LOW,50,2.95200943947,8.62547643773,14.8590803276,0,0,11.8080377579,
MC_G0_D045_DENS_REF_V_LOW_S050,MC_G0_D045_DENS_REF_V_LOW,50,2.9610016346,7.97181443757,12.4641843208,0,0,11.8440065384,
MC_G0_D045_DENS_REF_V_LOW_S050,MC_G0_D045_DENS_REF_V_LOW,50,2.97001814842,8.87558671154,14.7606129093,0,0,11.8800725937,
MC_G0_D045_DENS_REF_V_LOW_S050,MC_G0_D045_DENS_REF_V_LOW,50,2.97901034355,8.97392414218,13.0676256596,0,0,11.9160413742,
MC_G0_D045_DENS_REF_V_LOW_S050,MC_G0_D045_DENS_REF_V_LOW,50,2.98800253868,8.49779481445,11.7983576278,0,0,11.9520101547,
MC_G0_D045_DENS_REF_V_LOW_S050,MC_G0_D045_DENS_REF_V_LOW,50,2.99701881409,8.69277573786,22.0643304355,0,0,11.9880752563,
MC_G0_D045_DENS_REF_V_LOW_S050,MC_G0_D045_DENS_REF_V_LOW,50,3.00601124763,10.125579319,15.2055376446,0,0,12.0240449905,
MC_G0_D045_DENS_REF_V_LOW_S050,MC_G0_D045_DENS_REF_V_LOW,50,3.01500344276,8.61566971171,14.376523179,0,0,12.0600137711,
MC_G0_D045_DENS_REF_V_LOW_S050,MC_G0_D045_DENS_REF_V_LOW,50,3.02401971817,8.82121875053,15.211938941,0,0,12.0960788727,
MC_G0_D045_DENS_REF_V_LOW_S050,MC_G0_D045_DENS_REF_V_LOW,50,3.0330119133,8.57869934472,15.5982257299,0,0,12.1320476532,
MC_G0_D045_DENS_REF_V_LOW_S050,MC_G0_D045_DENS_REF_V_LOW,50,3.04200434685,9.91083297266,18.0219154356,0,0,12.1680173874,
MC_G0_D045_DENS_REF_V_LOW_S050,MC_G0_D045_DENS_REF_V_LOW,50,3.05102062225,8.29219128103,13.7299998922,0,0,12.204082489,
MC_G0_D045_DENS_REF_V_LOW_S050,MC_G0_D045_DENS_REF_V_LOW,50,3.06001281738,9.12111483348,16.9967700668,0,0,12.2400512695,
MC_G0_D045_DENS_REF_V_LOW_S050,MC_G0_D045_DENS_REF_V_LOW,50,3.06900501251,8.91220708502,13.3425438391,0,0,12.27602005,
MC_G0_D045_DENS_REF_V_LOW_S050,MC_G0_D045_DENS_REF_V_LOW,50,3.07802128792,10.4400300662,16.8186729024,0,0,12.3120851517,
MC_G0_D045_DENS_REF_V_LOW_S050,MC_G0_D045_DENS_REF_V_LOW,50,3.08701372147,8.75954851267,11.008510969,0,0,12.3480548859,
MC_G0_D045_DENS_REF_V_LOW_S050,MC_G0_D045_DENS_REF_V_LOW,50,3.0960059166,9.48568296264,19.7766323389,0,0,12.3840236664,
MC_G0_D045_DENS_REF_V_LOW_S050,MC_G0_D045_DENS_REF_V_LOW,50,3.105022192,9.22214399052,12.3408774253,0,0,12.420088768,
MC_G0_D045_DENS_REF_V_LOW_S050,MC_G0_D045_DENS_REF_V_LOW,50,3.11401438713,9.37151983865,13.1007575557,0,0,12.4560575485,
MC_G0_D045_DENS_REF_V_LOW_S050,MC_G0_D045_DENS_REF_V_LOW,50,3.12300682068,8.47311182924,13.7193944674,0,0,12.4920272827,
MC_G0_D045_DENS_REF_V_LOW_S050,MC_G0_D045_DENS_REF_V_LOW,50,3.13202309608,9.07611303649,12.9325375865,0,0,12.5280923843,
MC_G0_D045_DENS_REF_V_LOW_S050,MC_G0_D045_DENS_REF_V_LOW,50,3.14101529121,10.8478707481,19.5137649909,0,0,12.5640611649,
MC_G0_D045_DENS_REF_V_LOW_S050,MC_G0_D045_DENS_REF_V_LOW,50,3.15000748634,8.70954702771,16.4661336963,0,0,12.6000299454,
MC_G0_D045_DENS_REF_V_LOW_S050,MC_G0_D045_DENS_REF_V_LOW,50,3.15902376175,9.58234794624,19.9171448755,0,0,12.636095047,
MC_G0_D045_DENS_REF_V_LOW_S050,MC_G0_D045_DENS_REF_V_LOW,50,3.1680161953,9.65033955809,16.2348226791,0,0,12.6720647812,
MC_G0_D045_DENS_REF_V_LOW_S050,MC_G0_D045_DENS_REF_V_LOW,50,3.17700839043,9.4524627454,16.9679502475,0,0,12.7080335617,
MC_G0_D045_DENS_REF_V_LOW_S050,MC_G0_D045_DENS_REF_V_LOW,50,3.18600058556,9.48294978965,15.9375214045,0,0,12.7440023422,
MC_G0_D045_DENS_REF_V_LOW_S050,MC_G0_D045_DENS_REF_V_LOW,50,3.19501686096,10.2259545408,15.7633284368,0,0,12.7800674438,
MC_G0_D045_DENS_REF_V_LOW_S050,MC_G0_D045_DENS_REF_V_LOW,50,3.20400929451,11.9776966148,18.1862406745,0,0,12.816037178,
MC_G0_D045_DENS_REF_V_LOW_S050,MC_G0_D045_DENS_REF_V_LOW,50,3.21300148964,8.78568289641,15.7274500528,0,0,12.8520059586,
MC_G0_D045_DENS_REF_V_LOW_S050,MC_G0_D045_DENS_REF_V_LOW,50,3.22201776505,11.6138530336,18.7595557161,0,0,12.8880710602,
MC_G0_D045_DENS_REF_V_LOW_S050,MC_G0_D045_DENS_REF_V_LOW,50,3.23100996017,9.13046871702,11.3520157859,0,0,12.9240398407,
MC_G0_D045_DENS_REF_V_LOW_S050,MC_G0_D045_DENS_REF_V_LOW,50,3.2400021553,9.40524509039,15.2590617754,0,0,12.9600086212,
MC_G0_D045_DENS_REF_V_LOW_S050,MC_G0_D045_DENS_REF_V_LOW,50,3.24901843071,10.7103033433,14.1944204858,0,0,12.9960737228,
MC_G0_D045_DENS_REF_V_LOW_S050,MC_G0_D045_DENS_REF_V_LOW,50,3.25801086426,9.62960551279,16.0330268605,0,0,13.032043457,
MC_G0_D045_DENS_REF_V_LOW_S050,MC_G0_D045_DENS_REF_V_LOW,50,3.26700305939,8.97971054803,18.5361782458,0,0,13.0680122375,
MC_G0_D045_DENS_REF_V_LOW_S050,MC_G0_D045_DENS_REF_V_LOW,50,3.27601933479,9.49250323089,18.7552611531,0,0,13.1040773392,
MC_G0_D045_DENS_REF_V_LOW_S050,MC_G0_D045_DENS_REF_V_LOW,50,3.28501152992,8.12342840209,11.8692897894,0,0,13.1400461197,
MC_G0_D045_DENS_REF_V_LOW_S050,MC_G0_D045_DENS_REF_V_LOW,50,3.29400372505,9.93737798475,16.1912507959,0,0,13.1760149002,
MC_G0_D045_DENS_REF_V_LOW_S050,MC_G0_D045_DENS_REF_V_LOW,50,3.30302023888,10.7077336541,16.7344189474,0,0,13.2120809555,
MC_G0_D045_DENS_REF_V_LOW_S050,MC_G0_D045_DENS_REF_V_LOW,50,3.31201243401,10.7174099001,15.6261839324,0,0,13.248049736,
MC_G0_D045_DENS_REF_V_LOW_S050,MC_G0_D045_DENS_REF_V_LOW,50,3.32100462914,9.94913039837,15.9037662742,0,0,13.2840185165,
MC_G0_D045_DENS_REF_V_LOW_S050,MC_G0_D045_DENS_REF_V_LOW,50,3.33002090454,10.2413657681,15.0744902652,0,0,13.3200836182,
MC_G0_D045_DENS_REF_V_LOW_S050,MC_G0_D045_DENS_REF_V_LOW,50,3.33901309967,11.032864576,16.080435739,0,0,13.3560523987,
MC_G0_D045_DENS_REF_V_LOW_S050,MC_G0_D045_DENS_REF_V_LOW,50,3.34800553322,10.9153043659,18.3676405745,0,0,13.3920221329,
MC_G0_D045_DENS_REF_V_LOW_S050,MC_G0_D045_DENS_REF_V_LOW,50,3.35702180862,9.97176638208,15.4655282371,0,0,13.4280872345,
MC_G0_D045_DENS_REF_V_LOW_S050,MC_G0_D045_DENS_REF_V_LOW,50,3.36601400375,10.9628535937,25.4695739061,0,0,13.464056015,
MC_G0_D045_DENS_REF_V_LOW_S050,MC_G0_D045_DENS_REF_V_LOW,50,3.37500619888,10.9553886006,20.2339721759,0,0,13.5000247955,
MC_G0_D045_DENS_REF_V_LOW_S050,MC_G0_D045_DENS_REF_V_LOW,50,3.38402247429,10.3817354236,18.6642356047,0,0,13.5360898972,
MC_G0_D045_DENS_REF_V_LOW_S050,MC_G0_D045_DENS_REF_V_LOW,50,3.39301466942,11.4857308484,18.2237873343,0,0,13.5720586777,
MC_G0_D045_DENS_REF_V_LOW_S050,MC_G0_D045_DENS_REF_V_LOW,50,3.40200686455,9.64490237822,16.4397346972,0,0,13.6080274582,
MC_G0_D045_DENS_REF_V_LOW_S050,MC_G0_D045_DENS_REF_V_LOW,50,3.41102337837,11.029987875,18.0485366851,0,0,13.6440935135,
MC_G0_D045_DENS_REF_V_LOW_S050,MC_G0_D045_DENS_REF_V_LOW,50,3.4200155735,10.7617984409,17.1040026389,0,0,13.680062294,
MC_G0_D045_DENS_REF_V_LOW_S050,MC_G0_D045_DENS_REF_V_LOW,50,3.42900776863,11.1430680147,17.2217169958,0,0,13.7160310745,
MC_G0_D045_DENS_REF_V_LOW_S050,MC_G0_D045_DENS_REF_V_LOW,50,3.43799996376,10.3097534253,16.7061153624,0,0,13.751999855,
MC_G0_D045_DENS_REF_V_LOW_S050,MC_G0_D045_DENS_REF_V_LOW,50,3.44701623917,10.8050211042,16.9511886031,0,0,13.7880649567,
MC_G0_D045_DENS_REF_V_LOW_S050,MC_G0_D045_DENS_REF_V_LOW,50,3.4560084343,9.70832335116,23.7562831286,0,0,13.8240337372,
MC_G0_D045_DENS_REF_V_LOW_S050,MC_G0_D045_DENS_REF_V_LOW,50,3.46500086784,12.6062504184,26.2899202733,0,0,13.8600034714,
MC_G0_D045_DENS_REF_V_LOW_S050,MC_G0_D045_DENS_REF_V_LOW,50,3.47401714325,10.871717126,15.3281114249,0,0,13.896068573,
MC_G0_D045_DENS_REF_V_LOW_S050,MC_G0_D045_DENS_REF_V_LOW,50,3.48300933838,11.1550783183,16.9929543611,0,0,13.9320373535,
MC_G0_D045_DENS_REF_V_LOW_S050,MC_G0_D045_DENS_REF_V_LOW,50,3.49200153351,11.1219018502,22.3471892036,0,0,13.968006134,
MC_G0_D045_DENS_REF_V_LOW_S050,MC_G0_D045_DENS_REF_V_LOW,50,3.50101780891,10.7511612478,18.9737176846,0,0,14.0040712357,
MC_G0_D045_DENS_REF_V_LOW_S050,MC_G0_D045_DENS_REF_V_LOW,50,3.51001000404,9.99762445516,18.4259690807,0,0,14.0400400162,
MC_G0_D045_DENS_REF_V_LOW_S050,MC_G0_D045_DENS_REF_V_LOW,50,3.51900219917,10.9869701421,23.1377065295,0,0,14.0760087967,
MC_G0_D045_DENS_REF_V_LOW_S050,MC_G0_D045_DENS_REF_V_LOW,50,3.52801847458,13.2268457072,17.9610062741,0,0,14.1120738983,
MC_G0_D045_DENS_REF_V_LOW_S050,MC_G0_D045_DENS_REF_V_LOW,50,3.53701090813,10.992446466,18.3276977107,0,0,14.1480436325,
MC_G0_D045_DENS_REF_V_LOW_S050,MC_G0_D045_DENS_REF_V_LOW,50,3.54600310326,11.2415420656,20.0228263489,0,0,14.184012413,
MC_G0_D045_DENS_REF_V_LOW_S050,MC_G0_D045_DENS_REF_V_LOW,50,3.55501937866,11.5546012816,17.8161008156,0,0,14.2200775146,
MC_G0_D045_DENS_REF_V_LOW_S050,MC_G0_D045_DENS_REF_V_LOW,50,3.56401157379,10.7749538987,17.8051410034,0,0,14.2560462952,
MC_G0_D045_DENS_REF_V_LOW_S050,MC_G0_D045_DENS_REF_V_LOW,50,3.57300376892,12.3517905542,19.3311170498,0,0,14.2920150757,
MC_G0_D045_DENS_REF_V_LOW_S050,MC_G0_D045_DENS_REF_V_LOW,50,3.58202004433,11.9965279542,25.5992176214,0,0,14.3280801773,
MC_G0_D045_DENS_REF_V_LOW_S050,MC_G0_D045_DENS_REF_V_LOW,50,3.59101223946,9.43771005848,18.2517673326,0,0,14.3640489578,
MC_G0_D045_DENS_REF_V_LOW_S050,MC_G0_D045_DENS_REF_V_LOW,50,3.60000443459,12.2553028699,22.6183401416,0,0,14.4000177383,
MC_G0_D045_DENS_REF_V_LOW_S050,MC_G0_D045_DENS_REF_V_LOW,50,3.60902070999,11.6152814063,16.1330323277,0,0,14.43608284,
MC_G0_D045_DENS_REF_V_LOW_S050,MC_G0_D045_DENS_REF_V_LOW,50,3.61801314354,11.0224154277,18.944726972,0,0,14.4720525742,
MC_G0_D045_DENS_REF_V_LOW_S050,MC_G0_D045_DENS_REF_V_LOW,50,3.62700533867,12.0270625853,21.8002077989,0,0,14.5080213547,
MC_G0_D045_DENS_REF_V_LOW_S050,MC_G0_D045_DENS_REF_V_LOW,50,3.63602161407,11.1507364032,22.4139581767,0,0,14.5440864563,
MC_G0_D045_DENS_REF_V_LOW_S050,MC_G0_D045_DENS_REF_V_LOW,50,3.6450138092,12.0288632098,20.9452326198,0,0,14.5800552368,
MC_G0_D045_DENS_REF_V_LOW_S050,MC_G0_D045_DENS_REF_V_LOW,50,3.65400600433,12.7695745824,20.8246788813,0,0,14.6160240173,
MC_G0_D045_DENS_REF_V_LOW_S050,MC_G0_D045_DENS_REF_V_LOW,50,3.66302227974,13.6561802888,22.4170296368,0,0,14.652089119,
MC_G0_D045_DENS_REF_V_LOW_S050,MC_G0_D045_DENS_REF_V_LOW,50,3.67201447487,11.7850305608,18.8140134112,0,0,14.6880578995,
MC_G0_D045_DENS_REF_V_LOW_S050,MC_G0_D045_DENS_REF_V_LOW,50,3.68100667,12.7182644594,19.6548217435,0,0,14.72402668,
MC_G0_D045_DENS_REF_V_LOW_S050,MC_G0_D045_DENS_REF_V_LOW,50,3.6900229454,12.654986247,21.1325639204,0,0,14.7600917816,
MC_G0_D045_DENS_REF_V_LOW_S050,MC_G0_D045_DENS_REF_V_LOW,50,3.69901537895,12.6773620382,20.462608094,0,0,14.7960615158,
MC_G0_D045_DENS_REF_V_LOW_S050,MC_G0_D045_DENS_REF_V_LOW,50,3.70800757408,11.9383415333,22.6362603986,0,0,14.8320302963,
MC_G0_D045_DENS_REF_V_LOW_S050,MC_G0_D045_DENS_REF_V_LOW,50,3.71702384949,12.6986310516,23.6947712634,0,0,14.8680953979,
MC_G0_D045_DENS_REF_V_LOW_S050,MC_G0_D045_DENS_REF_V_LOW,50,3.72601604462,11.4152478353,25.650830428,0,0,14.9040641785,
MC_G0_D045_DENS_REF_V_LOW_S050,MC_G0_D045_DENS_REF_V_LOW,50,3.73500823975,12.1817604838,19.3116168496,0,0,14.940032959,
MC_G0_D045_DENS_REF_V_LOW_S050,MC_G0_D045_DENS_REF_V_LOW,50,3.74400043488,13.0713810466,25.5444086788,0,0,14.9760017395,
MC_G0_D045_DENS_REF_V_LOW_S050,MC_G0_D045_DENS_REF_V_LOW,50,3.75301671028,11.6948604129,21.4335130264,0,0,15.0120668411,
MC_G0_D045_DENS_REF_V_LOW_S050,MC_G0_D045_DENS_REF_V_LOW,50,3.76200890541,11.846347735,21.3928035027,0,0,15.0480356216,
MC_G0_D045_DENS_REF_V_LOW_S050,MC_G0_D045_DENS_REF_V_LOW,50,3.77100110054,11.9188478159,20.1774509433,0,0,15.0840044022,
MC_G0_D045_DENS_REF_V_LOW_S050,MC_G0_D045_DENS_REF_V_LOW,50,3.78001737595,13.7078227521,23.8801639529,0,0,15.1200695038,
MC_G0_D045_DENS_REF_V_LOW_S050,MC_G0_D045_DENS_REF_V_LOW,50,3.78900957108,13.7503239375,23.7542441078,0,0,15.1560382843,
MC_G0_D045_DENS_REF_V_LOW_S050,MC_G0_D045_DENS_REF_V_LOW,50,3.7980017662,12.7097671389,20.3347427619,0,0,15.1920070648,
MC_G0_D045_DENS_REF_V_LOW_S050,MC_G0_D045_DENS_REF_V_LOW,50,3.80701804161,12.9718769709,20.7795852913,0,0,15.2280721664,
MC_G0_D045_DENS_REF_V_LOW_S050,MC_G0_D045_DENS_REF_V_LOW,50,3.81601023674,12.207528756,23.1852001168,0,0,15.264040947,
MC_G0_D045_DENS_REF_V_LOW_S050,MC_G0_D045_DENS_REF_V_LOW,50,3.82500267029,12.1160399921,22.3348284315,0,0,15.3000106812,
MC_G0_D045_DENS_REF_V_LOW_S050,MC_G0_D045_DENS_REF_V_LOW,50,3.83401894569,11.9625371372,20.7560996868,0,0,15.3360757828,
MC_G0_D045_DENS_REF_V_LOW_S050,MC_G0_D045_DENS_REF_V_LOW,50,3.84301114082,12.1168566437,19.4058369356,0,0,15.3720445633,
MC_G0_D045_DENS_REF_V_LOW_S050,MC_G0_D045_DENS_REF_V_LOW,50,3.85200333595,13.7589432952,23.8964167962,0,0,15.4080133438,
MC_G0_D045_DENS_REF_V_LOW_S050,MC_G0_D045_DENS_REF_V_LOW,50,3.86101961136,13.3727546241,23.4919033477,0,0,15.4440784454,
MC_G0_D045_DENS_REF_V_LOW_S050,MC_G0_D045_DENS_REF_V_LOW,50,3.87001180649,12.8320445861,23.5746925552,0,0,15.480047226,
MC_G0_D045_DENS_REF_V_LOW_S050,MC_G0_D045_DENS_REF_V_LOW,50,3.87900400162,12.7792101493,20.7058975258,0,0,15.5160160065,
MC_G0_D045_DENS_REF_V_LOW_S050,MC_G0_D045_DENS_REF_V_LOW,50,3.88802027702,12.6993264334,22.2917848183,0,0,15.5520811081,
MC_G0_D045_DENS_REF_V_LOW_S050,MC_G0_D045_DENS_REF_V_LOW,50,3.89701247215,13.870677188,22.8383328715,0,0,15.5880498886,
MC_G0_D045_DENS_REF_V_LOW_S050,MC_G0_D045_DENS_REF_V_LOW,50,3.90600466728,12.3599739551,20.5850185397,0,0,15.6240186691,
MC_G0_D045_DENS_REF_V_LOW_S050,MC_G0_D045_DENS_REF_V_LOW,50,3.91502094269,12.1895470719,21.5302101298,0,0,15.6600837708,
MC_G0_D045_DENS_REF_V_LOW_S050,MC_G0_D045_DENS_REF_V_LOW,50,3.92401313782,12.3392314669,20.6881576152,0,0,15.6960525513,
MC_G0_D045_DENS_REF_V_LOW_S050,MC_G0_D045_DENS_REF_V_LOW,50,3.93300533295,13.5992848527,20.3566127732,0,0,15.7320213318,
MC_G0_D045_DENS_REF_V_LOW_S050,MC_G0_D045_DENS_REF_V_LOW,50,3.94202160835,14.1938762379,30.8062256393,0,0,15.7680864334,
MC_G0_D045_DENS_REF_V_LOW_S050,MC_G0_D045_DENS_REF_V_LOW,50,3.95101380348,12.3647871333,18.8062923335,0,0,15.8040552139,
MC_G0_D045_DENS_REF_V_LOW_S050,MC_G0_D045_DENS_REF_V_LOW,50,3.96000599861,12.7592313532,20.451222442,0,0,15.8400239944,
MC_G0_D045_DENS_REF_V_LOW_S050,MC_G0_D045_DENS_REF_V_LOW,50,3.96902227402,13.7594068831,24.1909953503,0,0,15.8760890961,
MC_G0_D045_DENS_REF_V_LOW_S050,MC_G0_D045_DENS_REF_V_LOW,50,3.97801446915,13.8611674959,25.0275284456,0,0,15.9120578766,
MC_G0_D045_DENS_REF_V_LOW_S050,MC_G0_D045_DENS_REF_V_LOW,50,3.98700666428,11.7476979198,23.6692860201,0,0,15.9480266571,
MC_G0_D045_DENS_REF_V_LOW_S050,MC_G0_D045_DENS_REF_V_LOW,50,3.99602293968,14.051645323,26.1339474026,0,0,15.9840917587,
MC_G0_D045_DENS_REF_V_LOW_S050,MC_G0_D045_DENS_REF_V_LOW,50,4.00501537323,12.7012598406,29.2392818807,0,0,16.0200614929,
MC_G0_D045_DENS_REF_V_LOW_S050,MC_G0_D045_DENS_REF_V_LOW,50,4.01400756836,12.9458285505,24.7531790159,0,0,16.0560302734,
MC_G0_D045_DENS_REF_V_LOW_S050,MC_G0_D045_DENS_REF_V_LOW,50,4.02302360535,13.0515925978,25.9855063049,0,0,16.0920944214,
MC_G0_D045_DENS_REF_V_LOW_S050,MC_G0_D045_DENS_REF_V_LOW,50,4.03201580048,14.1823233819,21.5693918727,0,0,16.1280632019,
MC_G0_D045_DENS_REF_V_LOW_S050,MC_G0_D045_DENS_REF_V_LOW,50,4.04100799561,14.5541930204,23.3326300798,0,0,16.1640319824,
MC_G0_D045_DENS_REF_V_LOW_S050,MC_G0_D045_DENS_REF_V_LOW,50,4.05000019073,14.0803140896,23.0023794144,0,0,16.2000007629,
MC_G0_D045_DENS_REF_V_LOW_S050,MC_G0_D045_DENS_REF_V_LOW,50,4.05901670456,12.9343923591,21.7290069229,0,0,16.2360668182,
MC_G0_D045_DENS_REF_V_LOW_S050,MC_G0_D045_DENS_REF_V_LOW,50,4.06800889969,13.3112110286,21.6160841875,0,0,16.2720355988,
MC_G0_D045_DENS_REF_V_LOW_S050,MC_G0_D045_DENS_REF_V_LOW,50,4.07700109482,14.8887499737,29.8712193966,0,0,16.3080043793,
MC_G0_D045_DENS_REF_V_LOW_S050,MC_G0_D045_DENS_REF_V_LOW,50,4.08601713181,12.1958254642,27.7701625561,0,0,16.3440685272,
MC_G0_D045_DENS_REF_V_LOW_S050,MC_G0_D045_DENS_REF_V_LOW,50,4.09500932693,15.2293228242,29.942582992,0,0,16.3800373077,
MC_G0_D045_DENS_REF_V_LOW_S050,MC_G0_D045_DENS_REF_V_LOW,50,4.10400152206,13.8517437672,23.7910925582,0,0,16.4160060883,
MC_G0_D045_DENS_REF_V_LOW_S050,MC_G0_D045_DENS_REF_V_LOW,50,4.11301803589,14.064159126,28.0253417363,0,0,16.4520721436,
MC_G0_D045_DENS_REF_V_LOW_S050,MC_G0_D045_DENS_REF_V_LOW,50,4.12201023102,12.7639010034,26.8349288175,0,0,16.4880409241,
MC_G0_D045_DENS_REF_V_LOW_S050,MC_G0_D045_DENS_REF_V_LOW,50,4.13100242615,11.7061246777,21.7786546961,0,0,16.5240097046,
MC_G0_D045_DENS_REF_V_LOW_S050,MC_G0_D045_DENS_REF_V_LOW,50,4.14001846313,13.0140343031,24.4709487462,0,0,16.5600738525,
MC_G0_D045_DENS_REF_V_LOW_S050,MC_G0_D045_DENS_REF_V_LOW,50,4.14901065826,13.7771828692,25.520055149,0,0,16.5960426331,
MC_G0_D045_DENS_REF_V_LOW_S050,MC_G0_D045_DENS_REF_V_LOW,50,4.15800285339,15.6348824081,24.2897858205,0,0,16.6320114136,
MC_G0_D045_DENS_REF_V_LOW_S050,MC_G0_D045_DENS_REF_V_LOW,50,4.16701889038,13.4224153259,23.0685122065,0,0,16.6680755615,
MC_G0_D045_DENS_REF_V_LOW_S050,MC_G0_D045_DENS_REF_V_LOW,50,4.17601156235,14.2487070192,25.1264663053,0,0,16.7040462494,
MC_G0_D045_DENS_REF_V_LOW_S050,MC_G0_D045_DENS_REF_V_LOW,50,4.18500375748,13.6959398584,22.563684648,0,0,16.7400150299,
MC_G0_D045_DENS_REF_V_LOW_S050,MC_G0_D045_DENS_REF_V_LOW,50,4.19401979446,16.6880451132,29.6541098335,0,0,16.7760791779,
MC_G0_D045_DENS_REF_V_LOW_S050,MC_G0_D045_DENS_REF_V_LOW,50,4.20301198959,15.7308788734,22.4358402854,0,0,16.8120479584,
MC_G0_D045_DENS_REF_V_LOW_S050,MC_G0_D045_DENS_REF_V_LOW,50,4.21200418472,13.6908710928,28.099610405,0,0,16.8480167389,
MC_G0_D045_DENS_REF_V_LOW_S050,MC_G0_D045_DENS_REF_V_LOW,50,4.22102022171,14.6764067627,25.6022374526,0,0,16.8840808868,
MC_G0_D045_DENS_REF_V_LOW_S050,MC_G0_D045_DENS_REF_V_LOW,50,4.23001241684,14.5359979631,26.0500116978,0,0,16.9200496674,
MC_G0_D045_DENS_REF_V_LOW_S050,MC_G0_D045_DENS_REF_V_LOW,50,4.23900461197,12.9475140455,24.9975424028,0,0,16.9560184479,
MC_G0_D045_DENS_REF_V_LOW_S050,MC_G0_D045_DENS_REF_V_LOW,50,4.24802112579,13.3705364634,24.4742607017,0,0,16.9920845032,
MC_G0_D045_DENS_REF_V_LOW_S050,MC_G0_D045_DENS_REF_V_LOW,50,4.25701332092,15.544151196,26.6286891861,0,0,17.0280532837,
MC_G0_D045_DENS_REF_V_LOW_S050,MC_G0_D045_DENS_REF_V_LOW,50,4.26600551605,15.7214536096,24.0114208038,0,0,17.0640220642,
MC_G0_D045_DENS_REF_V_LOW_S050,MC_G0_D045_DENS_REF_V_LOW,50,4.27502155304,15.5617045985,23.9595662169,0,0,17.1000862122,
MC_G0_D045_DENS_REF_V_LOW_S050,MC_G0_D045_DENS_REF_V_LOW,50,4.28401374817,16.0815493436,24.8239533321,0,0,17.1360549927,
MC_G0_D045_DENS_REF_V_LOW_S050,MC_G0_D045_DENS_REF_V_LOW,50,4.2930059433,14.7984992352,24.8324453366,0,0,17.1720237732,
MC_G0_D045_DENS_REF_V_LOW_S050,MC_G0_D045_DENS_REF_V_LOW,50,4.30202245712,15.0234805891,26.300226737,0,0,17.2080898285,
MC_G0_D045_DENS_REF_V_LOW_S050,MC_G0_D045_DENS_REF_V_LOW,50,4.31101465225,16.0444960834,27.2880991303,0,0,17.244058609,
MC_G0_D045_DENS_REF_V_LOW_S050,MC_G0_D045_DENS_REF_V_LOW,50,4.32000684738,15.1580868646,24.2125356285,0,0,17.2800273895,
MC_G0_D045_DENS_REF_V_LOW_S050,MC_G0_D045_DENS_REF_V_LOW,50,4.32902288437,13.8978124303,23.1486823268,0,0,17.3160915375,
MC_G0_D045_DENS_REF_V_LOW_S050,MC_G0_D045_DENS_REF_V_LOW,50,4.3380150795,15.4117676863,30.7018272048,0,0,17.352060318,
MC_G0_D045_DENS_REF_V_LOW_S050,MC_G0_D045_DENS_REF_V_LOW,50,4.34700727463,14.3775829186,28.0900599205,0,0,17.3880290985,
MC_G0_D045_DENS_REF_V_LOW_S050,MC_G0_D045_DENS_REF_V_LOW,50,4.35602331161,13.4768040102,28.824854931,0,0,17.4240932465,
MC_G0_D045_DENS_REF_V_LOW_S050,MC_G0_D045_DENS_REF_V_LOW,50,4.36501550674,15.2177761085,30.1804657125,0,0,17.460062027,
MC_G0_D045_DENS_REF_V_LOW_S050,MC_G0_D045_DENS_REF_V_LOW,50,4.37400770187,14.927775785,30.1465286017,0,0,17.4960308075,
MC_G0_D045_DENS_REF_V_LOW_S050,MC_G0_D045_DENS_REF_V_LOW,50,4.382999897,14.7411202555,27.5164129852,0,0,17.531999588,
MC_G0_D045_DENS_REF_V_LOW_S050,MC_G0_D045_DENS_REF_V_LOW,50,4.39201641083,14.8390585707,28.2503076185,0,0,17.5680656433,
MC_G0_D045_DENS_REF_V_LOW_S050,MC_G0_D045_DENS_REF_V_LOW,50,4.40100860596,15.1258199192,25.3323152854,0,0,17.6040344238,
MC_G0_D045_DENS_REF_V_LOW_S050,MC_G0_D045_DENS_REF_V_LOW,50,4.41000080109,15.9851061761,26.7754423316,0,0,17.6400032043,
MC_G0_D045_DENS_REF_V_LOW_S050,MC_G0_D045_DENS_REF_V_LOW,50,4.41901683807,17.1321838062,30.0700469664,0,0,17.6760673523,
MC_G0_D045_DENS_REF_V_LOW_S050,MC_G0_D045_DENS_REF_V_LOW,50,4.4280090332,15.5883609024,27.4714009652,0,0,17.7120361328,
MC_G0_D045_DENS_REF_V_LOW_S050,MC_G0_D045_DENS_REF_V_LOW,50,4.43700122833,15.8223852904,22.1041513682,0,0,17.7480049133,
MC_G0_D045_DENS_REF_V_LOW_S050,MC_G0_D045_DENS_REF_V_LOW,50,4.44601774216,15.4124676733,26.68916066,0,0,17.7840709686,
MC_G0_D045_DENS_REF_V_LOW_S050,MC_G0_D045_DENS_REF_V_LOW,50,4.45500993729,16.5584937878,36.6235949754,0,0,17.8200397491,
MC_G0_D045_DENS_REF_V_LOW_S050,MC_G0_D045_DENS_REF_V_LOW,50,4.46400213242,15.7176927144,29.7982668554,0,0,17.8560085297,
MC_G0_D045_DENS_REF_V_LOW_S050,MC_G0_D045_DENS_REF_V_LOW,50,4.4730181694,15.7905051798,27.431435505,0,0,17.8920726776,
MC_G0_D045_DENS_REF_V_LOW_S050,MC_G0_D045_DENS_REF_V_LOW,50,4.48201036453,15.2139753018,31.9387021017,0,0,17.9280414581,
MC_G0_D045_DENS_REF_V_LOW_S050,MC_G0_D045_DENS_REF_V_LOW,50,4.49100255966,16.0365199156,27.9593776172,0,0,17.9640102386,
MC_G0_D045_DENS_REF_V_LOW_S050,MC_G0_D045_DENS_REF_V_LOW,50,4.50001859665,15.5716886239,28.776986844,0,0,18.0000743866,
MC_G0_D045_DENS_REF_V_LOW_S050,MC_G0_D045_DENS_REF_V_LOW,50,4.50901079178,15.2850869216,26.1180844731,0,0,18.0360431671,
MC_G0_D045_DENS_REF_V_LOW_S050,MC_G0_D045_DENS_REF_V_LOW,50,4.51800298691,16.4303685324,27.1448445376,0,0,18.0720119476,
MC_G0_D045_DENS_REF_V_LOW_S050,MC_G0_D045_DENS_REF_V_LOW,50,4.52701950073,16.4365624965,27.2189766838,0,0,18.1080780029,
MC_G0_D045_DENS_REF_V_LOW_S050,MC_G0_D045_DENS_REF_V_LOW,50,4.53601169586,15.9840178191,27.5700637148,0,0,18.1440467834,
MC_G0_D045_DENS_REF_V_LOW_S050,MC_G0_D045_DENS_REF_V_LOW,50,4.54500389099,16.1443102411,28.3393044321,0,0,18.180015564,
MC_G0_D045_DENS_REF_V_LOW_S050,MC_G0_D045_DENS_REF_V_LOW,50,4.55401992798,16.7604860943,30.1002546899,0,0,18.2160797119,
MC_G0_D045_DENS_REF_V_LOW_S050,MC_G0_D045_DENS_REF_V_LOW,50,4.56301212311,17.4978855766,27.6432908544,0,0,18.2520484924,
MC_G0_D045_DENS_REF_V_LOW_S050,MC_G0_D045_DENS_REF_V_LOW,50,4.57200431824,17.9242835898,26.4486795158,0,0,18.2880172729,
MC_G0_D045_DENS_REF_V_LOW_S050,MC_G0_D045_DENS_REF_V_LOW,50,4.58102035522,14.9337440954,27.0707103844,0,0,18.3240814209,
MC_G0_D045_DENS_REF_V_LOW_S050,MC_G0_D045_DENS_REF_V_LOW,50,4.59001255035,16.5593933325,34.2777229027,0,0,18.3600502014,
MC_G0_D045_DENS_REF_V_LOW_S050,MC_G0_D045_DENS_REF_V_LOW,50,4.59900474548,15.0003549215,31.4208805887,0,0,18.3960189819,
MC_G0_D045_DENS_REF_V_LOW_S050,MC_G0_D045_DENS_REF_V_LOW,50,4.60802125931,16.5070094356,32.9837799666,0,0,18.4320850372,
MC_G0_D045_DENS_REF_V_LOW_S050,MC_G0_D045_DENS_REF_V_LOW,50,4.61701345444,14.1721382638,27.4781233906,0,0,18.4680538177,
MC_G0_D045_DENS_REF_V_LOW_S050,MC_G0_D045_DENS_REF_V_LOW,50,4.62600564957,15.8564989121,28.0504763661,0,0,18.5040225983,
MC_G0_D045_DENS_REF_V_LOW_S050,MC_G0_D045_DENS_REF_V_LOW,50,4.63502168655,14.7213932091,27.0421194775,0,0,18.5400867462,
MC_G0_D045_DENS_REF_V_LOW_S050,MC_G0_D045_DENS_REF_V_LOW,50,4.64401388168,17.6331534627,30.0576453101,0,0,18.5760555267,
MC_G0_D045_DENS_REF_V_LOW_S050,MC_G0_D045_DENS_REF_V_LOW,50,4.65300607681,16.7985156522,27.7588064948,0,0,18.6120243073,
MC_G0_D045_DENS_REF_V_LOW_S050,MC_G0_D045_DENS_REF_V_LOW,50,4.6620221138,15.7281065564,29.5875108688,0,0,18.6480884552,
MC_G0_D045_DENS_REF_V_LOW_S050,MC_G0_D045_DENS_REF_V_LOW,50,4.67101430893,15.7135403791,27.3590037142,0,0,18.6840572357,
MC_G0_D045_DENS_REF_V_LOW_S050,MC_G0_D045_DENS_REF_V_LOW,50,4.68000650406,15.9077284444,26.4043615678,0,0,18.7200260162,
MC_G0_D045_DENS_REF_V_LOW_S050,MC_G0_D045_DENS_REF_V_LOW,50,4.68902301788,14.78735317,37.8870641978,0,0,18.7560920715,
MC_G0_D045_DENS_REF_V_LOW_S050,MC_G0_D045_DENS_REF_V_LOW,50,4.69801521301,17.5046920293,31.0186141082,0,0,18.7920608521,
MC_G0_D045_DENS_REF_V_LOW_S050,MC_G0_D045_DENS_REF_V_LOW,50,4.7070069313,15.9917207464,29.400521583,0,0,18.8280277252,
MC_G0_D045_DENS_REF_V_LOW_S050,MC_G0_D045_DENS_REF_V_LOW,50,4.71602344513,16.6043214467,33.7108797185,0,0,18.8640937805,
MC_G0_D045_DENS_REF_V_LOW_S050,MC_G0_D045_DENS_REF_V_LOW,50,4.72501564026,14.1455280117,31.1831018168,0,0,18.900062561,
MC_G0_D045_DENS_REF_V_LOW_S050,MC_G0_D045_DENS_REF_V_LOW,50,4.73400783539,17.2353167619,35.430010817,0,0,18.9360313416,
MC_G0_D045_DENS_REF_V_LOW_S050,MC_G0_D045_DENS_REF_V_LOW,50,4.74302387238,15.7202639387,29.7205190558,0,0,18.9720954895,
MC_G0_D045_DENS_REF_V_LOW_S050,MC_G0_D045_DENS_REF_V_LOW,50,4.7520160675,16.0477933907,29.714609547,0,0,19.00806427,
MC_G0_D045_DENS_REF_V_LOW_S050,MC_G0_D045_DENS_REF_V_LOW,50,4.76100826263,15.8915550602,27.9647695831,0,0,19.0440330505,
MC_G0_D045_DENS_REF_V_LOW_S050,MC_G0_D045_DENS_REF_V_LOW,50,4.77000045776,17.6890342246,29.7682987694,0,0,19.0800018311,
MC_G0_D045_DENS_REF_V_LOW_S050,MC_G0_D045_DENS_REF_V_LOW,50,4.77901649475,15.66731821,28.5680162422,0,0,19.116065979,
MC_G0_D045_DENS_REF_V_LOW_S050,MC_G0_D045_DENS_REF_V_LOW,50,4.78800868988,17.5786665346,28.9097168627,0,0,19.1520347595,
MC_G0_D045_DENS_REF_V_LOW_S050,MC_G0_D045_DENS_REF_V_LOW,50,4.79700088501,17.6455951179,28.694485301,0,0,19.18800354,
MC_G0_D045_DENS_REF_V_LOW_S050,MC_G0_D045_DENS_REF_V_LOW,50,4.80601739883,16.0240260683,31.9144157699,0,0,19.2240695953,
MC_G0_D045_DENS_REF_V_LOW_S050,MC_G0_D045_DENS_REF_V_LOW,50,4.81500959396,18.893168472,40.9990958229,0,0,19.2600383759,
MC_G0_D045_DENS_REF_V_LOW_S050,MC_G0_D045_DENS_REF_V_LOW,50,4.82400178909,15.9565203027,33.6215909932,0,0,19.2960071564,
MC_G0_D045_DENS_REF_V_LOW_S050,MC_G0_D045_DENS_REF_V_LOW,50,4.83301782608,15.8511308099,34.1429787725,0,0,19.3320713043,
MC_G0_D045_DENS_REF_V_LOW_S050,MC_G0_D045_DENS_REF_V_LOW,50,4.84201002121,16.2561930345,38.8257597216,0,0,19.3680400848,
MC_G0_D045_DENS_REF_V_LOW_S050,MC_G0_D045_DENS_REF_V_LOW,50,4.85100221634,16.672855702,32.871132169,0,0,19.4040088654,
MC_G0_D045_DENS_REF_V_LOW_S050,MC_G0_D045_DENS_REF_V_LOW,50,4.86001825333,17.2838752912,34.576731078,0,0,19.4400730133,
MC_G0_D045_DENS_REF_V_LOW_S050,MC_G0_D045_DENS_REF_V_LOW,50,4.86901044846,16.0410698312,32.1529715403,0,0,19.4760417938,
MC_G0_D045_DENS_REF_V_LOW_S050,MC_G0_D045_DENS_REF_V_LOW,50,4.87800264359,16.1066460273,30.3605883485,0,0,19.5120105743,
MC_G0_D045_DENS_REF_V_LOW_S050,MC_G0_D045_DENS_REF_V_LOW,50,4.88701868057,16.651690305,29.8737369589,0,0,19.5480747223,
MC_G0_D045_DENS_REF_V_LOW_S050,MC_G0_D045_DENS_REF_V_LOW,50,4.8960108757,18.3122391142,33.0566863658,0,0,19.5840435028,
MC_G0_D045_DENS_REF_V_LOW_S050,MC_G0_D045_DENS_REF_V_LOW,50,4.90500307083,17.3012475567,31.426331198,0,0,19.6200122833,
MC_G0_D045_DENS_REF_V_LOW_S050,MC_G0_D045_DENS_REF_V_LOW,50,4.91401958466,17.6046550877,32.9410370112,0,0,19.6560783386,
MC_G0_D045_DENS_REF_V_LOW_S050,MC_G0_D045_DENS_REF_V_LOW,50,4.92301177979,17.7081886939,31.9403725097,0,0,19.6920471191,
MC_G0_D045_DENS_REF_V_LOW_S050,MC_G0_D045_DENS_REF_V_LOW,50,4.93200397491,19.0330937279,37.7783151884,0,0,19.7280158997,
MC_G0_D045_DENS_REF_V_LOW_S050,MC_G0_D045_DENS_REF_V_LOW,50,4.9410200119,17.9321584438,37.7983130062,0,0,19.7640800476,
MC_G0_D045_DENS_REF_V_LOW_S050,MC_G0_D045_DENS_REF_V_LOW,50,4.95001220703,16.3760320401,33.4537254049,0,0,19.8000488281,
MC_G0_D045_DENS_REF_V_LOW_S050,MC_G0_D045_DENS_REF_V_LOW,50,4.95900440216,13.1761411651,34.3799816187,0,0,19.8360176086,
MC_G0_D045_DENS_REF_V_LOW_S050,MC_G0_D045_DENS_REF_V_LOW,50,4.96802043915,16.7534079361,34.0970135355,0,0,19.8720817566,
MC_G0_D045_DENS_REF_V_LOW_S050,MC_G0_D045_DENS_REF_V_LOW,50,4.97701263428,17.2704020762,33.7883587705,0,0,19.9080505371,
MC_G0_D045_DENS_REF_V_LOW_S050,MC_G0_D045_DENS_REF_V_LOW,50,4.98600482941,18.5972597055,35.5362581887,0,0,19.9440193176,
MC_G0_D045_DENS_REF_V_LOW_S050,MC_G0_D045_DENS_REF_V_LOW,50,4.99502086639,16.9143865296,34.1502474484,0,0,19.9800834656,
MC_G0_D045_DENS_REF_V_LOW_S050,MC_G0_D045_DENS_REF_V_LOW,50,5.00401306152,17.2975511341,32.7117257017,0,0,20.0160522461,
MC_G0_D045_DENS_REF_V_LOW_S050,MC_G0_D045_DENS_REF_V_LOW,50,5.01300525665,17.6865213326,31.2559339646,0,0,20.0520210266,
MC_G0_D045_DENS_REF_V_LOW_S050,MC_G0_D045_DENS_REF_V_LOW,50,5.02202177048,18.2236754058,33.5151495237,0,0,20.0880870819,
MC_G0_D045_DENS_REF_V_LOW_S050,MC_G0_D045_DENS_REF_V_LOW,50,5.03101396561,17.0630217117,33.3269079732,0,0,20.1240558624,
MC_G0_D045_DENS_REF_V_LOW_S050,MC_G0_D045_DENS_REF_V_LOW,50,5.0400056839,17.6380671874,33.0013659782,0,0,20.1600227356,
MC_G0_D045_DENS_REF_V_LOW_S050,MC_G0_D045_DENS_REF_V_LOW,50,5.04902219772,18.496103906,38.4131197702,0,0,20.1960887909,
MC_G0_D045_DENS_REF_V_LOW_S050,MC_G0_D045_DENS_REF_V_LOW,50,5.05801439285,16.9853354331,32.1993552574,0,0,20.2320575714,
MC_G0_D045_DENS_REF_V_LOW_S050,MC_G0_D045_DENS_REF_V_LOW,50,5.06700658798,16.5879024529,33.2318147001,0,0,20.2680263519,
MC_G0_D045_DENS_REF_V_LOW_S050,MC_G0_D045_DENS_REF_V_LOW,50,5.07602262497,16.3664379198,36.6829087423,0,0,20.3040904999,
MC_G0_D045_DENS_REF_V_LOW_S050,MC_G0_D045_DENS_REF_V_LOW,50,5.0850148201,17.9710844762,34.968119049,0,0,20.3400592804,
MC_G0_D045_DENS_REF_V_LOW_S050,MC_G0_D045_DENS_REF_V_LOW,50,5.09400701523,17.0972888393,38.3263008977,0,0,20.3760280609,
MC_G0_D045_DENS_REF_V_LOW_S050,MC_G0_D045_DENS_REF_V_LOW,50,5.10302305222,18.4862227296,35.1534383219,0,0,20.4120922089,
MC_G0_D045_DENS_REF_V_LOW_S050,MC_G0_D045_DENS_REF_V_LOW,50,5.11201524734,18.8218480842,35.9183199671,0,0,20.4480609894,
MC_G0_D045_DENS_REF_V_LOW_S050,MC_G0_D045_DENS_REF_V_LOW,50,5.12100744247,19.0133068141,38.3922498632,0,0,20.4840297699,
MC_G0_D045_DENS_REF_V_LOW_S050,MC_G0_D045_DENS_REF_V_LOW,50,5.13002347946,18.8775599895,33.3469939846,0,0,20.5200939178,
MC_G0_D045_DENS_REF_V_LOW_S050,MC_G0_D045_DENS_REF_V_LOW,50,5.13901567459,19.820853899,35.1556858113,0,0,20.5560626984,
MC_G0_D045_DENS_REF_V_LOW_S050,MC_G0_D045_DENS_REF_V_LOW,50,5.14800786972,18.6184112869,33.6809926525,0,0,20.5920314789,
MC_G0_D045_DENS_REF_V_LOW_S050,MC_G0_D045_DENS_REF_V_LOW,50,5.15700006485,17.8760658437,32.9243666382,0,0,20.6280002594,
MC_G0_D045_DENS_REF_V_LOW_S050,MC_G0_D045_DENS_REF_V_LOW,50,5.16601610184,18.6259192617,36.7109010958,0,0,20.6640644073,
MC_G0_D045_DENS_REF_V_LOW_S050,MC_G0_D045_DENS_REF_V_LOW,50,5.17500829697,18.9958255594,40.0144713259,0,0,20.7000331879,
MC_G0_D045_DENS_REF_V_LOW_S050,MC_G0_D045_DENS_REF_V_LOW,50,5.1840004921,18.4468116184,36.2767437918,0,0,20.7360019684,
MC_G0_D045_DENS_REF_V_LOW_S050,MC_G0_D045_DENS_REF_V_LOW,50,5.19301700592,17.7558400032,33.2888862635,0,0,20.7720680237,
MC_G0_D045_DENS_REF_V_LOW_S050,MC_G0_D045_DENS_REF_V_LOW,50,5.20200920105,16.2860898485,46.1099827286,0,0,20.8080368042,
MC_G0_D045_DENS_REF_V_LOW_S050,MC_G0_D045_DENS_REF_V_LOW,50,5.21100139618,16.8361430246,40.4216460774,0,0,20.8440055847,
MC_G0_D045_DENS_REF_V_LOW_S050,MC_G0_D045_DENS_REF_V_LOW,50,5.22001743317,18.4297125935,36.9429301432,0,0,20.8800697327,
MC_G0_D045_DENS_REF_V_LOW_S050,MC_G0_D045_DENS_REF_V_LOW,50,5.2290096283,19.533587516,36.3365367679,0,0,20.9160385132,
MC_G0_D045_DENS_REF_V_LOW_S050,MC_G0_D045_DENS_REF_V_LOW,50,5.23800182343,17.145339264,35.3914199565,0,0,20.9520072937,
MC_G0_D045_DENS_REF_V_LOW_S050,MC_G0_D045_DENS_REF_V_LOW,50,5.24701786041,18.518047578,35.2889756923,0,0,20.9880714417,
MC_G0_D045_DENS_REF_V_LOW_S050,MC_G0_D045_DENS_REF_V_LOW,50,5.25601005554,19.2137287551,35.6790071838,0,0,21.0240402222,
MC_G0_D045_DENS_REF_V_LOW_S050,MC_G0_D045_DENS_REF_V_LOW,50,5.26500225067,18.4545959039,33.6181153191,0,0,21.0600090027,
MC_G0_D045_DENS_REF_V_LOW_S050,MC_G0_D045_DENS_REF_V_LOW,50,5.27401828766,19.4352040336,38.4419719112,0,0,21.0960731506,
MC_G0_D045_DENS_REF_V_LOW_S050,MC_G0_D045_DENS_REF_V_LOW,50,5.28301048279,20.0190638195,42.2505832975,0,0,21.1320419312,
MC_G0_D045_DENS_REF_V_LOW_S050,MC_G0_D045_DENS_REF_V_LOW,50,5.29200267792,19.3200822651,40.1959662601,0,0,21.1680107117,
MC_G0_D045_DENS_REF_V_LOW_S050,MC_G0_D045_DENS_REF_V_LOW,50,5.3010187149,18.2115530429,36.2511660412,0,0,21.2040748596,
MC_G0_D045_DENS_REF_V_LOW_S050,MC_G0_D045_DENS_REF_V_LOW,50,5.31001091003,17.2981237112,39.287459833,0,0,21.2400436401,
MC_G0_D045_DENS_REF_V_LOW_S050,MC_G0_D045_DENS_REF_V_LOW,50,5.31900310516,17.5701761219,42.8259203037,0,0,21.2760124207,
MC_G0_D045_DENS_REF_V_LOW_S050,MC_G0_D045_DENS_REF_V_LOW,50,5.32801914215,16.8574634625,36.3477614474,0,0,21.3120765686,
MC_G0_D045_DENS_REF_V_LOW_S050,MC_G0_D045_DENS_REF_V_LOW,50,5.33701133728,16.1440446758,33.6850769967,0,0,21.3480453491,
MC_G0_D045_DENS_REF_V_LOW_S050,MC_G0_D045_DENS_REF_V_LOW,50,5.34600353241,17.1569903637,37.5028060338,0,0,21.3840141296,
MC_G0_D045_DENS_REF_V_LOW_S050,MC_G0_D045_DENS_REF_V_LOW,50,5.35502004623,18.318686363,37.6075652316,0,0,21.4200801849,
MC_G0_D045_DENS_REF_V_LOW_S050,MC_G0_D045_DENS_REF_V_LOW,50,5.36401176453,16.6776297362,35.3415186902,0,0,21.4560470581,
MC_G0_D045_DENS_REF_V_LOW_S050,MC_G0_D045_DENS_REF_V_LOW,50,5.37300395966,17.3824015341,37.9603987156,0,0,21.4920158386,
MC_G0_D045_DENS_REF_V_LOW_S050,MC_G0_D045_DENS_REF_V_LOW,50,5.38202047348,18.6485752012,37.7806798442,0,0,21.5280818939,
MC_G0_D045_DENS_REF_V_LOW_S050,MC_G0_D045_DENS_REF_V_LOW,50,5.39101266861,18.2445276506,40.1275902135,0,0,21.5640506744,
MC_G0_D045_DENS_REF_V_LOW_S050,MC_G0_D045_DENS_REF_V_LOW,50,5.4000043869,18.813345391,38.3438301033,0,0,21.6000175476,
MC_G0_D045_DENS_REF_V_LOW_S050,MC_G0_D045_DENS_REF_V_LOW,50,5.40902090073,17.482868092,37.6724688834,0,0,21.6360836029,
MC_G0_D045_DENS_REF_V_LOW_S050,MC_G0_D045_DENS_REF_V_LOW,50,5.41801309586,17.8915453812,43.8677739869,0,0,21.6720523834,
MC_G0_D045_DENS_REF_V_LOW_S050,MC_G0_D045_DENS_REF_V_LOW,50,5.42700529099,18.1716184765,41.5305714692,0,0,21.7080211639,
MC_G0_D045_DENS_REF_V_LOW_S050,MC_G0_D045_DENS_REF_V_LOW,50,5.43602132797,19.5699469294,46.6174848973,0,0,21.7440853119,
MC_G0_D045_DENS_REF_V_LOW_S050,MC_G0_D045_DENS_REF_V_LOW,50,5.4450135231,17.3560307513,36.6167136852,0,0,21.7800540924,
MC_G0_D045_DENS_REF_V_LOW_S050,MC_G0_D045_DENS_REF_V_LOW,50,5.45400571823,17.8456808809,43.9457270397,0,0,21.8160228729,
MC_G0_D045_DENS_REF_V_LOW_S050,MC_G0_D045_DENS_REF_V_LOW,50,5.46302175522,19.1112727604,40.9561684231,0,0,21.8520870209,
MC_G0_D045_DENS_REF_V_LOW_S050,MC_G0_D045_DENS_REF_V_LOW,50,5.47201395035,18.7855823094,41.1138488073,0,0,21.8880558014,
MC_G0_D045_DENS_REF_V_LOW_S050,MC_G0_D045_DENS_REF_V_LOW,50,5.48100614548,17.9530920468,39.3836818908,0,0,21.9240245819,
MC_G0_D045_DENS_REF_V_LOW_S050,MC_G0_D045_DENS_REF_V_LOW,50,5.49002218246,18.5545297962,38.8479106983,0,0,21.9600887299,
MC_G0_D045_DENS_REF_V_LOW_S050,MC_G0_D045_DENS_REF_V_LOW,50,5.49901437759,20.1653472908,42.1292031323,0,0,21.9960575104,
MC_G0_D045_DENS_REF_V_LOW_S050,MC_G0_D045_DENS_REF_V_LOW,50,5.50800657272,18.4361383515,38.6756125464,0,0,22.0320262909,
MC_G0_D045_DENS_REF_V_LOW_S050,MC_G0_D045_DENS_REF_V_LOW,50,5.51702260971,18.8596212871,39.7378539861,0,0,22.0680904388,
MC_G0_D045_DENS_REF_V_LOW_S050,MC_G0_D045_DENS_REF_V_LOW,50,5.52601480484,19.2666069411,40.2943692151,0,0,22.1040592194,
MC_G0_D045_DENS_REF_V_LOW_S050,MC_G0_D045_DENS_REF_V_LOW,50,5.53500699997,19.5778678352,42.8790451999,0,0,22.1400279999,
MC_G0_D045_DENS_REF_V_LOW_S050,MC_G0_D045_DENS_REF_V_LOW,50,5.54402303696,18.2181752885,43.5636121469,0,0,22.1760921478,
MC_G0_D045_DENS_REF_V_LOW_S050,MC_G0_D045_DENS_REF_V_LOW,50,5.55301523209,19.0771883048,43.3293386837,0,0,22.2120609283,
MC_G0_D045_DENS_REF_V_LOW_S050,MC_G0_D045_DENS_REF_V_LOW,50,5.56200742722,19.7917322899,42.1575096999,0,0,22.2480297089,
MC_G0_D045_DENS_REF_V_LOW_S050,MC_G0_D045_DENS_REF_V_LOW,50,5.5710234642,19.3365641963,42.9181787542,0,0,22.2840938568,
MC_G0_D045_DENS_REF_V_LOW_S050,MC_G0_D045_DENS_REF_V_LOW,50,5.58001565933,17.8704843683,42.8322303151,0,0,22.3200626373,
MC_G0_D045_DENS_REF_V_LOW_S050,MC_G0_D045_DENS_REF_V_LOW,50,5.58900785446,19.0520133331,41.6420928973,0,0,22.3560314178,
MC_G0_D045_DENS_REF_V_LOW_S050,MC_G0_D045_DENS_REF_V_LOW,50,5.59800004959,18.8106467568,40.6553852576,0,0,22.3920001984,
MC_G0_D045_DENS_REF_V_LOW_S050,MC_G0_D045_DENS_REF_V_LOW,50,5.60701608658,20.0005755659,40.2423490585,0,0,22.4280643463,
MC_G0_D045_DENS_REF_V_LOW_S050,MC_G0_D045_DENS_REF_V_LOW,50,5.61600828171,17.8934795558,38.5723889012,0,0,22.4640331268,
MC_G0_D045_DENS_REF_V_LOW_S050,MC_G0_D045_DENS_REF_V_LOW,50,5.62500047684,18.7556563293,40.1770217669,0,0,22.5000019073,
MC_G0_D045_DENS_REF_V_LOW_S050,MC_G0_D045_DENS_REF_V_LOW,50,5.63401651382,19.4534589582,41.140674254,0,0,22.5360660553,
MC_G0_D045_DENS_REF_V_LOW_S050,MC_G0_D045_DENS_REF_V_LOW,50,5.64300870895,19.7358377125,44.7755526954,0,0,22.5720348358,
MC_G0_D045_DENS_REF_V_LOW_S050,MC_G0_D045_DENS_REF_V_LOW,50,5.65200090408,18.5475022949,43.7801982967,0,0,22.6080036163,
MC_G0_D045_DENS_REF_V_LOW_S050,MC_G0_D045_DENS_REF_V_LOW,50,5.66101694107,19.8271307563,43.1639096458,0,0,22.6440677643,
MC_G0_D045_DENS_REF_V_LOW_S050,MC_G0_D045_DENS_REF_V_LOW,50,5.6700091362,19.8096541067,43.1537696743,0,0,22.6800365448,
MC_G0_D045_DENS_REF_V_LOW_S050,MC_G0_D045_DENS_REF_V_LOW,50,5.67900133133,17.5554794646,46.1722405614,0,0,22.7160053253,
MC_G0_D045_DENS_REF_V_LOW_S050,MC_G0_D045_DENS_REF_V_LOW,50,5.68801736832,18.0845575911,43.4841017799,0,0,22.7520694733,
MC_G0_D045_DENS_REF_V_LOW_S050,MC_G0_D045_DENS_REF_V_LOW,50,5.69700956345,17.4336633028,36.7319638865,0,0,22.7880382538,
MC_G0_D045_DENS_REF_V_LOW_S050,MC_G0_D045_DENS_REF_V_LOW,50,5.70600175858,18.2800427815,42.2280611405,0,0,22.8240070343,
MC_G0_D045_DENS_REF_V_LOW_S050,MC_G0_D045_DENS_REF_V_LOW,50,5.71501779556,18.7187780659,42.3693655485,0,0,22.8600711823,
MC_G0_D045_DENS_REF_V_LOW_S050,MC_G0_D045_DENS_REF_V_LOW,50,5.72400999069,19.1032858472,41.8058952383,0,0,22.8960399628,
MC_G0_D045_DENS_REF_V_LOW_S050,MC_G0_D045_DENS_REF_V_LOW,50,5.73300218582,18.6552127973,41.4741463371,0,0,22.9320087433,
MC_G0_D045_DENS_REF_V_LOW_S050,MC_G0_D045_DENS_REF_V_LOW,50,5.74201822281,20.3629846342,44.6157998762,0,0,22.9680728912,
MC_G0_D045_DENS_REF_V_LOW_S050,MC_G0_D045_DENS_REF_V_LOW,50,5.75101041794,18.9309447451,42.2942252359,0,0,23.0040416718,
MC_G0_D045_DENS_REF_V_LOW_S050,MC_G0_D045_DENS_REF_V_LOW,50,5.76000261307,20.2742152279,45.1956878972,0,0,23.0400104523,
MC_G0_D045_DENS_REF_V_LOW_S050,MC_G0_D045_DENS_REF_V_LOW,50,5.76901912689,20.4381319248,45.4096628177,0,0,23.0760765076,
MC_G0_D045_DENS_REF_V_LOW_S050,MC_G0_D045_DENS_REF_V_LOW,50,5.77801084518,19.3787675803,46.0758369816,0,0,23.1120433807,
MC_G0_D045_DENS_REF_V_LOW_S050,MC_G0_D045_DENS_REF_V_LOW,50,5.78700304031,19.5500310707,47.5160383787,0,0,23.1480121613,
MC_G0_D045_DENS_REF_V_LOW_S050,MC_G0_D045_DENS_REF_V_LOW,50,5.79601955414,17.7561915318,49.1702407722,0,0,23.1840782166,
MC_G0_D045_DENS_REF_V_LOW_S050,MC_G0_D045_DENS_REF_V_LOW,50,5.80501127243,20.2202578952,45.8034053814,0,0,23.2200450897,
MC_G0_D045_DENS_REF_V_LOW_S050,MC_G0_D045_DENS_REF_V_LOW,50,5.81400346756,17.0725682451,46.651731223,0,0,23.2560138702,
MC_G0_D045_DENS_REF_V_LOW_S050,MC_G0_D045_DENS_REF_V_LOW,50,5.82301998138,19.8518820516,47.3288008644,0,0,23.2920799255,
MC_G0_D045_DENS_REF_V_LOW_S050,MC_G0_D045_DENS_REF_V_LOW,50,5.83201169968,17.6462582635,43.8954368247,0,0,23.3280467987,
MC_G0_D045_DENS_REF_V_LOW_S050,MC_G0_D045_DENS_REF_V_LOW,50,5.84100389481,19.2736605383,44.5665513637,0,0,23.3640155792,
MC_G0_D045_DENS_REF_V_LOW_S050,MC_G0_D045_DENS_REF_V_LOW,50,5.85002040863,20.0661287361,46.9580145215,0,0,23.4000816345,
MC_G0_D045_DENS_REF_V_LOW_S050,MC_G0_D045_DENS_REF_V_LOW,50,5.85901260376,18.215415252,44.7856183605,0,0,23.436050415,
MC_G0_D045_DENS_REF_V_LOW_S050,MC_G0_D045_DENS_REF_V_LOW,50,5.86800432205,20.1098625742,44.2009773475,0,0,23.4720172882,
MC_G0_D045_DENS_REF_V_LOW_S050,MC_G0_D045_DENS_REF_V_LOW,50,5.87702083588,20.5179580759,45.8224874846,0,0,23.5080833435,
MC_G0_D045_DENS_REF_V_LOW_S050,MC_G0_D045_DENS_REF_V_LOW,50,5.88601303101,21.372430387,43.8441269091,0,0,23.544052124,
MC_G0_D045_DENS_REF_V_LOW_S050,MC_G0_D045_DENS_REF_V_LOW,50,5.8950047493,19.9622927233,46.3684779563,0,0,23.5800189972,
MC_G0_D045_DENS_REF_V_LOW_S050,MC_G0_D045_DENS_REF_V_LOW,50,5.90402126312,19.6967597092,48.336715213,0,0,23.6160850525,
MC_G0_D045_DENS_REF_V_LOW_S050,MC_G0_D045_DENS_REF_V_LOW,50,5.91301345825,21.4957585823,49.6185526131,0,0,23.652053833,
MC_G0_D045_DENS_REF_V_LOW_S050,MC_G0_D045_DENS_REF_V_LOW,50,5.92200517654,19.5945355085,48.7252429885,0,0,23.6880207062,
MC_G0_D045_DENS_REF_V_LOW_S050,MC_G0_D045_DENS_REF_V_LOW,50,5.93102169037,16.9659675906,43.6260452828,0,0,23.7240867615,
MC_G0_D045_DENS_REF_V_LOW_S050,MC_G0_D045_DENS_REF_V_LOW,50,5.9400138855,18.9154391116,47.6127531502,0,0,23.760055542,
MC_G0_D045_DENS_REF_V_LOW_S050,MC_G0_D045_DENS_REF_V_LOW,50,5.94900560379,18.2296053397,46.4924282432,0,0,23.7960224152,
MC_G0_D045_DENS_REF_V_LOW_S050,MC_G0_D045_DENS_REF_V_LOW,50,5.95802211761,19.3219550374,47.0283735115,0,0,23.8320884705,
MC_G0_D045_DENS_REF_V_LOW_S050,MC_G0_D045_DENS_REF_V_LOW,50,5.96701431274,19.3048821084,44.9216907695,0,0,23.868057251,
MC_G0_D045_DENS_REF_V_LOW_S050,MC_G0_D045_DENS_REF_V_LOW,50,5.97600603104,19.09610484,46.0553577286,0,0,23.9040241241,
MC_G0_D045_DENS_REF_V_LOW_S050,MC_G0_D045_DENS_REF_V_LOW,50,5.98502254486,19.2095242278,48.9429472226,0,0,23.9400901794,
MC_G0_D045_DENS_REF_V_LOW_S050,MC_G0_D045_DENS_REF_V_LOW,50,5.99401473999,19.8043121005,47.9748881099,0,0,23.97605896,
MC_G0_D045_DENS_REF_V_LOW_S050,MC_G0_D045_DENS_REF_V_LOW,50,6.00300645828,19.6333310609,53.1531565747,0,0,24.0120258331,
MC_G0_D045_DENS_REF_V_LOW_S050,MC_G0_D045_DENS_REF_V_LOW,50,6.01202297211,19.959564923,49.6863553309,0,0,24.0480918884,
MC_G0_D045_DENS_REF_V_LOW_S050,MC_G0_D045_DENS_REF_V_LOW,50,6.02101516724,20.1154409795,50.9314963064,0,0,24.0840606689,
MC_G0_D045_DENS_REF_V_LOW_S050,MC_G0_D045_DENS_REF_V_LOW,50,6.03000688553,19.7366482238,50.7956218,0,0,24.1200275421,
MC_G0_D045_DENS_REF_V_LOW_S050,MC_G0_D045_DENS_REF_V_LOW,50,6.03902339935,19.8660920951,50.5793879247,0,0,24.1560935974,
MC_G0_D045_DENS_REF_V_LOW_S050,MC_G0_D045_DENS_REF_V_LOW,50,6.04801559448,18.6705741353,51.2521047301,0,0,24.1920623779,
MC_G0_D045_DENS_REF_V_LOW_S050,MC_G0_D045_DENS_REF_V_LOW,50,6.05700778961,20.9060195194,50.1525009195,0,0,24.2280311584,
MC_G0_D045_DENS_REF_V_LOW_S050,MC_G0_D045_DENS_REF_V_LOW,50,6.0660238266,19.3823688293,49.3846257741,0,0,24.2640953064,
MC_G0_D045_DENS_REF_V_LOW_S050,MC_G0_D045_DENS_REF_V_LOW,50,6.07501602173,20.7273140617,51.1297146114,0,0,24.3000640869,
MC_G0_D045_DENS_REF_V_LOW_S050,MC_G0_D045_DENS_REF_V_LOW,50,6.08400821686,20.1962050519,49.2846917749,0,0,24.3360328674,
MC_G0_D045_DENS_REF_V_LOW_S050,MC_G0_D045_DENS_REF_V_LOW,50,6.09299993515,20.214576641,50.2513420449,0,0,24.3719997406,
MC_G0_D045_DENS_REF_V_LOW_S050,MC_G0_D045_DENS_REF_V_LOW,50,6.10201644897,20.4611793044,48.5696078986,0,0,24.4080657959,
MC_G0_D045_DENS_REF_V_LOW_S050,MC_G0_D045_DENS_REF_V_LOW,50,6.1110086441,19.9770876243,46.1082384773,0,0,24.4440345764,
MC_G0_D045_DENS_REF_V_LOW_S050,MC_G0_D045_DENS_REF_V_LOW,50,6.1200003624,19.4735344631,53.0535845433,0,0,24.4800014496,
MC_G0_D045_DENS_REF_V_LOW_S050,MC_G0_D045_DENS_REF_V_LOW,50,6.12901687622,20.8180959307,50.1360614681,0,0,24.5160675049,
MC_G0_D045_DENS_REF_V_LOW_S050,MC_G0_D045_DENS_REF_V_LOW,50,6.13800907135,21.2253486849,52.6634905127,0,0,24.5520362854,
MC_G0_D045_DENS_REF_V_LOW_S050,MC_G0_D045_DENS_REF_V_LOW,50,6.14700078964,21.6889872355,53.8930746246,0,0,24.5880031586,
MC_G0_D045_DENS_REF_V_LOW_S050,MC_G0_D045_DENS_REF_V_LOW,50,6.15601730347,19.5618141855,51.9134953363,0,0,24.6240692139,
MC_G0_D045_DENS_REF_V_LOW_S050,MC_G0_D045_DENS_REF_V_LOW,50,6.1650094986,17.455198649,52.6122504662,0,0,24.6600379944,
MC_G0_D045_DENS_REF_V_LOW_S050,MC_G0_D045_DENS_REF_V_LOW,50,6.17400121689,18.3034938816,47.2537359576,0,0,24.6960048676,
MC_G0_D045_DENS_REF_V_LOW_S050,MC_G0_D045_DENS_REF_V_LOW,50,6.18301773071,15.6517880156,53.9153661139,0,0,24.7320709229,
MC_G0_D045_DENS_REF_V_LOW_S050,MC_G0_D045_DENS_REF_V_LOW,50,6.19200992584,20.3817768296,51.3575749152,0,0,24.7680397034,
MC_G0_D045_DENS_REF_V_LOW_S050,MC_G0_D045_DENS_REF_V_LOW,50,6.20100164413,21.2516626706,50.5053993336,0,0,24.8040065765,
MC_G0_D045_DENS_REF_V_LOW_S050,MC_G0_D045_DENS_REF_V_LOW,50,6.21001815796,20.8539150033,50.6153057454,0,0,24.8400726318,
MC_G0_D045_DENS_REF_V_LOW_S050,MC_G0_D045_DENS_REF_V_LOW,50,6.21901035309,21.3026005417,50.547479402,0,0,24.8760414124,
MC_G0_D045_DENS_REF_V_LOW_S050,MC_G0_D045_DENS_REF_V_LOW,50,6.22800207138,21.7699784967,53.0597864388,0,0,24.9120082855,
MC_G0_D045_DENS_REF_V_LOW_S050,MC_G0_D045_DENS_REF_V_LOW,50,6.23701858521,20.1204590882,51.7991692202,0,0,24.9480743408,
MC_G0_D045_DENS_REF_V_LOW_S050,MC_G0_D045_DENS_REF_V_LOW,50,6.24601078033,20.6100186493,53.9866128297,0,0,24.9840431213,
MC_G0_D045_DENS_REF_V_LOW_S050,MC_G0_D045_DENS_REF_V_LOW,50,6.25500249863,20.2867428464,53.4156058877,0,0,25.0200099945,
MC_G0_D045_DENS_REF_V_LOW_S050,MC_G0_D045_DENS_REF_V_LOW,50,6.26401901245,20.7560918175,54.6934085532,0,0,25.0560760498,
MC_G0_D045_DENS_REF_V_LOW_S050,MC_G0_D045_DENS_REF_V_LOW,50,6.27301120758,18.6685632077,55.3128438018,0,0,25.0920448303,
MC_G0_D045_DENS_REF_V_LOW_S050,MC_G0_D045_DENS_REF_V_LOW,50,6.28200292587,19.1778912618,54.9952142337,0,0,25.1280117035,
MC_G0_D045_DENS_REF_V_LOW_S050,MC_G0_D045_DENS_REF_V_LOW,50,6.2910194397,17.3815372958,46.7012265224,0,0,25.1640777588,
MC_G0_D045_DENS_REF_V_LOW_S050,MC_G0_D045_DENS_REF_V_LOW,50,6.30001163483,19.0546290741,58.8441536352,0,0,25.2000465393,
MC_G0_D045_DENS_REF_V_LOW_S050,MC_G0_D045_DENS_REF_V_LOW,50,6.30900335312,20.4524509575,52.7081015901,0,0,25.2360134125,
MC_G0_D045_DENS_REF_V_LOW_S050,MC_G0_D045_DENS_REF_V_LOW,50,6.31801986694,20.9652021937,53.3378009173,0,0,25.2720794678,
MC_G0_D045_DENS_REF_V_LOW_S050,MC_G0_D045_DENS_REF_V_LOW,50,6.32701206207,21.9016727648,53.7460878954,0,0,25.3080482483,
MC_G0_D045_DENS_REF_V_LOW_S050,MC_G0_D045_DENS_REF_V_LOW,50,6.33600378036,20.3731022098,52.344579541,0,0,25.3440151215,
MC_G0_D045_DENS_REF_V_LOW_S050,MC_G0_D045_DENS_REF_V_LOW,50,6.34502029419,19.1917282859,52.3144716166,0,0,25.3800811768,
MC_G0_D045_DENS_REF_V_LOW_S050,MC_G0_D045_DENS_REF_V_LOW,50,6.35401248932,19.1725124142,51.1886556529,0,0,25.4160499573,
MC_G0_D045_DENS_REF_V_LOW_S050,MC_G0_D045_DENS_REF_V_LOW,50,6.36300420761,22.3861988666,51.8085139894,0,0,25.4520168304,
MC_G0_D045_DENS_REF_V_LOW_S050,MC_G0_D045_DENS_REF_V_LOW,50,6.37202072144,20.4796752333,54.8876889765,0,0,25.4880828857,
MC_G0_D045_DENS_REF_V_LOW_S050,MC_G0_D045_DENS_REF_V_LOW,50,6.38101291656,21.0680266026,54.3169345578,0,0,25.5240516663,
MC_G0_D045_DENS_REF_V_LOW_S050,MC_G0_D045_DENS_REF_V_LOW,50,6.39000463486,19.9980887699,55.7655643024,0,0,25.5600185394,
MC_G0_D045_DENS_REF_V_LOW_S050,MC_G0_D045_DENS_REF_V_LOW,50,6.39902114868,20.1918193876,58.2298702183,0,0,25.5960845947,
MC_G0_D045_DENS_REF_V_LOW_S050,MC_G0_D045_DENS_REF_V_LOW,50,6.40801334381,20.957100151,51.7442945653,0,0,25.6320533752,
MC_G0_D045_DENS_REF_V_LOW_S050,MC_G0_D045_DENS_REF_V_LOW,50,6.4170050621,20.3903086889,58.251200512,0,0,25.6680202484,
MC_G0_D045_DENS_REF_V_LOW_S050,MC_G0_D045_DENS_REF_V_LOW,50,6.42602157593,21.5428173586,56.2522884809,0,0,25.7040863037,
MC_G0_D045_DENS_REF_V_LOW_S050,MC_G0_D045_DENS_REF_V_LOW,50,6.43501377106,21.413106387,55.0208640388,0,0,25.7400550842,
MC_G0_D045_DENS_REF_V_LOW_S050,MC_G0_D045_DENS_REF_V_LOW,50,6.44400548935,20.449588072,57.6188943302,0,0,25.7760219574,
MC_G0_D045_DENS_REF_V_LOW_S050,MC_G0_D045_DENS_REF_V_LOW,50,6.45302200317,21.0160986183,56.4786742711,0,0,25.8120880127,
MC_G0_D045_DENS_REF_V_LOW_S050,MC_G0_D045_DENS_REF_V_LOW,50,6.4620141983,21.6995914248,54.9494784689,0,0,25.8480567932,
MC_G0_D045_DENS_REF_V_LOW_S050,MC_G0_D045_DENS_REF_V_LOW,50,6.4710059166,21.1990101383,55.1715255531,0,0,25.8840236664,
MC_G0_D045_DENS_REF_V_LOW_S050,MC_G0_D045_DENS_REF_V_LOW,50,6.48002243042,21.174673309,56.9233311386,0,0,25.9200897217,
MC_G0_D045_DENS_REF_V_LOW_S050,MC_G0_D045_DENS_REF_V_LOW,50,6.48901462555,21.8245053363,58.7788178197,0,0,25.9560585022,
MC_G0_D045_DENS_REF_V_LOW_S050,MC_G0_D045_DENS_REF_V_LOW,50,6.49800634384,21.2526604591,56.1625368749,0,0,25.9920253754,
MC_G0_D045_DENS_REF_V_LOW_S050,MC_G0_D045_DENS_REF_V_LOW,50,6.50702285767,20.453448746,56.963403048,0,0,26.0280914307,
MC_G0_D045_DENS_REF_V_LOW_S050,MC_G0_D045_DENS_REF_V_LOW,50,6.51601457596,20.3920647967,63.5614879753,0,0,26.0640583038,
MC_G0_D045_DENS_REF_V_LOW_S050,MC_G0_D045_DENS_REF_V_LOW,50,6.52500677109,18.641084112,54.0161348757,0,0,26.1000270844,
MC_G0_D045_DENS_REF_V_LOW_S050,MC_G0_D045_DENS_REF_V_LOW,50,6.53402328491,19.7206866777,56.3138034064,0,0,26.1360931396,
MC_G0_D045_DENS_REF_V_LOW_S050,MC_G0_D045_DENS_REF_V_LOW,50,6.5430150032,20.0511895395,56.5042572776,0,0,26.1720600128,
MC_G0_D045_DENS_REF_V_LOW_S050,MC_G0_D045_DENS_REF_V_LOW,50,6.55200719833,20.4410209063,55.6011344698,0,0,26.2080287933,
MC_G0_D045_DENS_REF_V_LOW_S050,MC_G0_D045_DENS_REF_V_LOW,50,6.56102371216,20.7229253273,57.4637627896,0,0,26.2440948486,
MC_G0_D045_DENS_REF_V_LOW_S050,MC_G0_D045_DENS_REF_V_LOW,50,6.57001543045,21.2158712291,57.9206197222,0,0,26.2800617218,
MC_G0_D045_DENS_REF_V_LOW_S050,MC_G0_D045_DENS_REF_V_LOW,50,6.57900762558,21.2931031301,58.7878056594,0,0,26.3160305023,
MC_G0_D045_DENS_REF_V_LOW_S050,MC_G0_D045_DENS_REF_V_LOW,50,6.5880241394,20.3874887851,57.4169625895,0,0,26.3520965576,
MC_G0_D045_DENS_REF_V_LOW_S050,MC_G0_D045_DENS_REF_V_LOW,50,6.5970158577,21.1309026295,59.0773553842,0,0,26.3880634308,
MC_G0_D045_DENS_REF_V_LOW_S050,MC_G0_D045_DENS_REF_V_LOW,50,6.60600805283,22.0364647825,57.7549849813,0,0,26.4240322113,
MC_G0_D045_DENS_REF_V_LOW_S050,MC_G0_D045_DENS_REF_V_LOW,50,6.61500024796,21.9336864255,61.0088260551,0,0,26.4600009918,
MC_G0_D045_DENS_REF_V_LOW_S050,MC_G0_D045_DENS_REF_V_LOW,50,6.62401628494,19.4790975178,58.5316353414,0,0,26.4960651398,
MC_G0_D045_DENS_REF_V_LOW_S050,MC_G0_D045_DENS_REF_V_LOW,50,6.63300848007,19.8350578022,60.2954217469,0,0,26.5320339203,
MC_G0_D045_DENS_REF_V_LOW_S050,MC_G0_D045_DENS_REF_V_LOW,50,6.6420006752,19.5636639319,60.9659288493,0,0,26.5680027008,
MC_G0_D045_DENS_REF_V_LOW_S050,MC_G0_D045_DENS_REF_V_LOW,50,6.65101671219,19.1725768867,63.025357652,0,0,26.6040668488,
MC_G0_D045_DENS_REF_V_LOW_S050,MC_G0_D045_DENS_REF_V_LOW,50,6.66000890732,21.1060239242,59.549931526,0,0,26.6400356293,
MC_G0_D045_DENS_REF_V_LOW_S050,MC_G0_D045_DENS_REF_V_LOW,50,6.66900110245,22.020025833,57.5957929203,0,0,26.6760044098,
MC_G0_D045_DENS_REF_V_LOW_S050,MC_G0_D045_DENS_REF_V_LOW,50,6.67801713943,22.4300109927,60.3040828378,0,0,26.7120685577,
MC_G0_D045_DENS_REF_V_LOW_S050,MC_G0_D045_DENS_REF_V_LOW,50,6.68700933456,19.8708676644,58.4326305921,0,0,26.7480373383,
MC_G0_D045_DENS_REF_V_LOW_S050,MC_G0_D045_DENS_REF_V_LOW,50,6.69600152969,22.2568041172,61.1293556194,0,0,26.7840061188,
MC_G0_D045_DENS_REF_V_LOW_S050,MC_G0_D045_DENS_REF_V_LOW,50,6.70501756668,23.4197619353,61.93048965,0,0,26.8200702667,
MC_G0_D045_DENS_REF_V_LOW_S050,MC_G0_D045_DENS_REF_V_LOW,50,6.71400976181,21.0551981124,58.7499733204,0,0,26.8560390472,
MC_G0_D045_DENS_REF_V_LOW_S050,MC_G0_D045_DENS_REF_V_LOW,50,6.72300195694,21.1696275692,58.3736934571,0,0,26.8920078278,
MC_G0_D045_DENS_REF_V_LOW_S050,MC_G0_D045_DENS_REF_V_LOW,50,6.73201799393,21.9342129508,63.5224238628,0,0,26.9280719757,
MC_G0_D045_DENS_REF_V_LOW_S050,MC_G0_D045_DENS_REF_V_LOW,50,6.74101018906,22.3970701563,59.5136729974,0,0,26.9640407562,
MC_G0_D045_DENS_REF_V_LOW_S050,MC_G0_D045_DENS_REF_V_LOW,50,6.75000238419,21.1497301312,62.3482643001,0,0,27.0000095367,
MC_G0_D045_DENS_REF_V_LOW_S050,MC_G0_D045_DENS_REF_V_LOW,50,6.75901842117,19.0195391547,63.5541030616,0,0,27.0360736847,
MC_G0_D045_DENS_REF_V_LOW_S050,MC_G0_D045_DENS_REF_V_LOW,50,6.7680106163,21.9212816117,64.7818100424,0,0,27.0720424652,
MC_G0_D045_DENS_REF_V_LOW_S050,MC_G0_D045_DENS_REF_V_LOW,50,6.77700281143,20.0472152711,61.66183163,0,0,27.1080112457,
MC_G0_D045_DENS_REF_V_LOW_S050,MC_G0_D045_DENS_REF_V_LOW,50,6.78601884842,20.4080539738,61.1620671972,0,0,27.1440753937,
MC_G0_D045_DENS_REF_V_LOW_S050,MC_G0_D045_DENS_REF_V_LOW,50,6.79501104355,21.3816867943,62.7062551934,0,0,27.1800441742,
MC_G0_D045_DENS_REF_V_LOW_S050,MC_G0_D045_DENS_REF_V_LOW,50,6.80400323868,21.9274464096,58.9944334805,0,0,27.2160129547,
MC_G0_D045_DENS_REF_V_LOW_S050,MC_G0_D045_DENS_REF_V_LOW,50,6.81301927567,21.9005521716,61.3253675096,0,0,27.2520771027,
MC_G0_D045_DENS_REF_V_LOW_S050,MC_G0_D045_DENS_REF_V_LOW,50,6.82201147079,22.2525704238,61.5769857917,0,0,27.2880458832,
MC_G0_D045_DENS_REF_V_LOW_S050,MC_G0_D045_DENS_REF_V_LOW,50,6.83100366592,20.9579244778,59.3663242562,0,0,27.3240146637,
MC_G0_D045_DENS_REF_V_LOW_S050,MC_G0_D045_DENS_REF_V_LOW,50,6.84001970291,22.0921812931,61.2774825674,0,0,27.3600788116,
MC_G0_D045_DENS_REF_V_LOW_S050,MC_G0_D045_DENS_REF_V_LOW,50,6.84901189804,22.0546797956,63.6486577945,0,0,27.3960475922,
MC_G0_D045_DENS_REF_V_LOW_S050,MC_G0_D045_DENS_REF_V_LOW,50,6.85800409317,20.7644594254,65.9441393742,0,0,27.4320163727,
MC_G0_D045_DENS_REF_V_LOW_S050,MC_G0_D045_DENS_REF_V_LOW,50,6.86702013016,20.8811392791,63.9933682267,0,0,27.4680805206,
MC_G0_D045_DENS_REF_V_LOW_S050,MC_G0_D045_DENS_REF_V_LOW,50,6.87601232529,19.9737181693,63.7297403973,0,0,27.5040493011,
MC_G0_D045_DENS_REF_V_LOW_S050,MC_G0_D045_DENS_REF_V_LOW,50,6.88500452042,22.255606771,65.7361101496,0,0,27.5400180817,
MC_G0_D045_DENS_REF_V_LOW_S050,MC_G0_D045_DENS_REF_V_LOW,50,6.8940205574,20.038818497,64.1801649443,0,0,27.5760822296,
MC_G0_D045_DENS_REF_V_LOW_S050,MC_G0_D045_DENS_REF_V_LOW,50,6.90301275253,22.0007669797,62.3687404633,0,0,27.6120510101,
MC_G0_D045_DENS_REF_V_LOW_S050,MC_G0_D045_DENS_REF_V_LOW,50,6.91200494766,22.1081735404,63.0662489034,0,0,27.6480197906,
MC_G0_D045_DENS_REF_V_LOW_S050,MC_G0_D045_DENS_REF_V_LOW,50,6.92102098465,22.3672270694,63.435320243,0,0,27.6840839386,
MC_G0_D045_DENS_REF_V_LOW_S050,MC_G0_D045_DENS_REF_V_LOW,50,6.93001317978,21.4265949527,61.817590643,0,0,27.7200527191,
MC_G0_D045_DENS_REF_V_LOW_S050,MC_G0_D045_DENS_REF_V_LOW,50,6.93900537491,22.9090630732,63.1862985962,0,0,27.7560214996,
MC_G0_D045_DENS_REF_V_LOW_S050,MC_G0_D045_DENS_REF_V_LOW,50,6.9480214119,21.1940856682,59.1470972207,0,0,27.7920856476,
MC_G0_D045_DENS_REF_V_LOW_S050,MC_G0_D045_DENS_REF_V_LOW,50,6.95701360703,21.6643372541,63.8494036306,0,0,27.8280544281,
MC_G0_D045_DENS_REF_V_LOW_S050,MC_G0_D045_DENS_REF_V_LOW,50,6.96600580215,21.1453828434,62.9979350342,0,0,27.8640232086,
MC_G0_D045_DENS_REF_V_LOW_S050,MC_G0_D045_DENS_REF_V_LOW,50,6.97502183914,21.3059607864,67.151365182,0,0,27.9000873566,
MC_G0_D045_DENS_REF_V_LOW_S050,MC_G0_D045_DENS_REF_V_LOW,50,6.98401403427,19.9851129141,63.9570222127,0,0,27.9360561371,
MC_G0_D045_DENS_REF_V_LOW_S050,MC_G0_D045_DENS_REF_V_LOW,50,6.9930062294,20.9793784659,65.063901288,0,0,27.9720249176,
MC_G0_D045_DENS_REF_V_LOW_S050,MC_G0_D045_DENS_REF_V_LOW,50,7.00202226639,19.8248650088,67.0094639785,0,0,28.0080890656,
MC_G0_D045_DENS_REF_V_LOW_S050,MC_G0_D045_DENS_REF_V_LOW,50,7.01101446152,21.1563093951,66.3004196362,0,0,28.0440578461,
MC_G0_D045_DENS_REF_V_LOW_S050,MC_G0_D045_DENS_REF_V_LOW,50,7.02000617981,21.2875063041,66.8912672692,0,0,28.0800247192,
MC_G0_D045_DENS_REF_V_LOW_S050,MC_G0_D045_DENS_REF_V_LOW,50,7.02902269363,20.5742533038,64.4574777074,0,0,28.1160907745,
MC_G0_D045_DENS_REF_V_LOW_S050,MC_G0_D045_DENS_REF_V_LOW,50,7.03801488876,21.4017638342,64.5898062441,0,0,28.1520595551,
MC_G0_D045_DENS_REF_V_LOW_S050,MC_G0_D045_DENS_REF_V_LOW,50,7.04700660706,19.8992739359,63.3954615086,0,0,28.1880264282,
MC_G0_D045_DENS_REF_V_LOW_S050,MC_G0_D045_DENS_REF_V_LOW,50,7.05602312088,23.0097951963,69.458798836,0,0,28.2240924835,
MC_G0_D045_DENS_REF_V_LOW_S050,MC_G0_D045_DENS_REF_V_LOW,50,7.06501531601,21.35709361,63.4693742567,0,0,28.260061264,
MC_G0_D045_DENS_REF_V_LOW_S050,MC_G0_D045_DENS_REF_V_LOW,50,7.0740070343,21.7331340045,66.1498497057,0,0,28.2960281372,
MC_G0_D045_DENS_REF_V_LOW_S050,MC_G0_D045_DENS_REF_V_LOW,50,7.08302354813,22.058239598,67.2552729747,0,0,28.3320941925,
MC_G0_D045_DENS_REF_V_LOW_S050,MC_G0_D045_DENS_REF_V_LOW,50,7.09201526642,23.7060965373,70.2103822881,0,0,28.3680610657,
MC_G0_D045_DENS_REF_V_LOW_S050,MC_G0_D045_DENS_REF_V_LOW,50,7.10100746155,21.8134421643,67.9839806393,0,0,28.4040298462,
MC_G0_D045_DENS_REF_V_LOW_S050,MC_G0_D045_DENS_REF_V_LOW,50,7.11002397537,21.7227953805,67.6993397584,0,0,28.4400959015,
MC_G0_D045_DENS_REF_V_LOW_S050,MC_G0_D045_DENS_REF_V_LOW,50,7.11901569366,20.7981171346,67.672136143,0,0,28.4760627747,
MC_G0_D045_DENS_REF_V_LOW_S050,MC_G0_D045_DENS_REF_V_LOW,50,7.12800788879,20.620813186,68.59832649,0,0,28.5120315552,
MC_G0_D045_DENS_REF_V_LOW_S050,MC_G0_D045_DENS_REF_V_LOW,50,7.13700008392,21.6553126408,68.0122220787,0,0,28.5480003357,
MC_G0_D045_DENS_REF_V_LOW_S050,MC_G0_D045_DENS_REF_V_LOW,50,7.14601612091,22.1166010157,66.5490727325,0,0,28.5840644836,
MC_G0_D045_DENS_REF_V_LOW_S050,MC_G0_D045_DENS_REF_V_LOW,50,7.15500831604,22.6619538403,66.4083298292,0,0,28.6200332642,
MC_G0_D045_DENS_REF_V_LOW_S050,MC_G0_D045_DENS_REF_V_LOW,50,7.16400051117,21.4873004058,66.0407126813,0,0,28.6560020447,
MC_G0_D045_DENS_REF_V_LOW_S050,MC_G0_D045_DENS_REF_V_LOW,50,7.17301654816,22.3031859325,67.2106422648,0,0,28.6920661926,
MC_G0_D045_DENS_REF_V_LOW_S050,MC_G0_D045_DENS_REF_V_LOW,50,7.18200874329,22.1241857434,66.2092442634,0,0,28.7280349731,
MC_G0_D045_DENS_REF_V_LOW_S050,MC_G0_D045_DENS_REF_V_LOW,50,7.19100093842,22.2260845115,65.7724832406,0,0,28.7640037537,
MC_G0_D045_DENS_REF_V_LOW_S050,MC_G0_D045_DENS_REF_V_LOW,50,7.2000169754,23.2544283787,68.9124489506,0,0,28.8000679016,
MC_G0_D045_DENS_REF_V_LOW_S050,MC_G0_D045_DENS_REF_V_LOW,50,7.20900917053,22.7164469086,67.2965777571,0,0,28.8360366821,
MC_G0_D045_DENS_REF_V_LOW_S050,MC_G0_D045_DENS_REF_V_LOW,50,7.21800136566,22.0178383736,68.5939756478,0,0,28.8720054626,
MC_G0_D045_DENS_REF_V_LOW_S050,MC_G0_D045_DENS_REF_V_LOW,50,7.22701740265,22.0731419532,70.4664575789,0,0,28.9080696106,
MC_G0_D045_DENS_REF_V_LOW_S050,MC_G0_D045_DENS_REF_V_LOW,50,7.23600959778,20.622369736,68.4914271798,0,0,28.9440383911,
MC_G0_D045_DENS_REF_V_LOW_S050,MC_G0_D045_DENS_REF_V_LOW,50,7.24500179291,21.8382425815,76.6836096415,0,0,28.9800071716,
MC_G0_D045_DENS_REF_V_LOW_S050,MC_G0_D045_DENS_REF_V_LOW,50,7.2540178299,26.023088874,72.4403523746,0,0,29.0160713196,
MC_G0_D045_DENS_REF_V_LOW_S050,MC_G0_D045_DENS_REF_V_LOW,50,7.26301002502,20.6040795051,74.2232519626,0,0,29.0520401001,
MC_G0_D045_DENS_REF_V_LOW_S050,MC_G0_D045_DENS_REF_V_LOW,50,7.27200222015,22.2942595629,68.7327081656,0,0,29.0880088806,
MC_G0_D045_DENS_REF_V_LOW_S050,MC_G0_D045_DENS_REF_V_LOW,50,7.28101825714,22.3817303092,68.6243350762,0,0,29.1240730286,
MC_G0_D045_DENS_REF_V_LOW_S050,MC_G0_D045_DENS_REF_V_LOW,50,7.29001045227,22.7505958367,69.3326579414,0,0,29.1600418091,
MC_G0_D045_DENS_REF_V_LOW_S050,MC_G0_D045_DENS_REF_V_LOW,50,7.2990026474,22.5864473459,70.5438257458,0,0,29.1960105896,
MC_G0_D045_DENS_REF_V_LOW_S050,MC_G0_D045_DENS_REF_V_LOW,50,7.30801868439,22.2442565429,69.7944710911,0,0,29.2320747375,
MC_G0_D045_DENS_REF_V_LOW_S050,MC_G0_D045_DENS_REF_V_LOW,50,7.31701087952,23.3567661738,68.9232849086,0,0,29.2680435181,
MC_G0_D045_DENS_REF_V_LOW_S050,MC_G0_D045_DENS_REF_V_LOW,50,7.32600307465,22.0665887853,71.3338870234,0,0,29.3040122986,
MC_G0_D045_DENS_REF_V_LOW_S050,MC_G0_D045_DENS_REF_V_LOW,50,7.33501911163,23.8638238753,73.1566248639,0,0,29.3400764465,
MC_G0_D045_DENS_REF_V_LOW_S050,MC_G0_D045_DENS_REF_V_LOW,50,7.34401130676,22.7095330018,71.2819408812,0,0,29.3760452271,
MC_G0_D045_DENS_REF_V_LOW_S050,MC_G0_D045_DENS_REF_V_LOW,50,7.35300302505,22.2093400852,71.1638003664,0,0,29.4120121002,
MC_G0_D045_DENS_REF_V_LOW_S050,MC_G0_D045_DENS_REF_V_LOW,50,7.36201953888,21.0037429263,72.6082036752,0,0,29.4480781555,
MC_G0_D045_DENS_REF_V_LOW_S050,MC_G0_D045_DENS_REF_V_LOW,50,7.37101173401,20.7493667229,69.4961474613,0,0,29.484046936,
MC_G0_D045_DENS_REF_V_LOW_S050,MC_G0_D045_DENS_REF_V_LOW,50,7.3800034523,22.0019459052,72.8531349894,0,0,29.5200138092,
MC_G0_D045_DENS_REF_V_LOW_S050,MC_G0_D045_DENS_REF_V_LOW,50,7.38901996613,21.5883195849,71.723153395,0,0,29.5560798645,
MC_G0_D045_DENS_REF_V_LOW_S050,MC_G0_D045_DENS_REF_V_LOW,50,7.39801168442,22.5319036206,70.7376408276,0,0,29.5920467377,
MC_G0_D045_DENS_REF_V_LOW_S050,MC_G0_D045_DENS_REF_V_LOW,50,7.40700387955,18.1722355703,68.4634668234,0,0,29.6280155182,
MC_G0_D045_DENS_REF_V_LOW_S050,MC_G0_D045_DENS_REF_V_LOW,50,7.41602039337,22.6254178951,71.3151182537,0,0,29.6640815735,
MC_G0_D045_DENS_REF_V_LOW_S050,MC_G0_D045_DENS_REF_V_LOW,50,7.42501211166,21.7768724477,69.7114273665,0,0,29.7000484467,
MC_G0_D045_DENS_REF_V_LOW_S050,MC_G0_D045_DENS_REF_V_LOW,50,7.43400430679,22.797496502,72.4704931775,0,0,29.7360172272,
MC_G0_D045_DENS_REF_V_LOW_S050,MC_G0_D045_DENS_REF_V_LOW,50,7.44302034378,20.9210339339,72.2008829409,0,0,29.7720813751,
MC_G0_D045_DENS_REF_V_LOW_S050,MC_G0_D045_DENS_REF_V_LOW,50,7.45201253891,23.232595231,70.4581277269,0,0,29.8080501556,
MC_G0_D045_DENS_REF_V_LOW_S050,MC_G0_D045_DENS_REF_V_LOW,50,7.46100473404,22.0333440071,73.6759112672,0,0,29.8440189362,
MC_G0_D045_DENS_REF_V_LOW_S050,MC_G0_D045_DENS_REF_V_LOW,50,7.47002077103,22.7632969169,73.1192982384,0,0,29.8800830841,
MC_G0_D045_DENS_REF_V_LOW_S050,MC_G0_D045_DENS_REF_V_LOW,50,7.47901296616,20.4583885667,73.2039693539,0,0,29.9160518646,
MC_G0_D045_DENS_REF_V_LOW_S050,MC_G0_D045_DENS_REF_V_LOW,50,7.48800516129,19.5693482563,74.0672611991,0,0,29.9520206451,
MC_G0_D045_DENS_REF_V_LOW_S050,MC_G0_D045_DENS_REF_V_LOW,50,7.49702119827,22.7870780548,74.4879175632,0,0,29.9880847931,
MC_G0_D045_DENS_REF_V_LOW_S050,MC_G0_D045_DENS_REF_V_LOW,50,7.5060133934,21.6593252856,73.7171719434,0,0,30.0240535736,
MC_G0_D045_DENS_REF_V_LOW_S050,MC_G0_D045_DENS_REF_V_LOW,50,7.51500558853,21.9714765141,72.7566930389,0,0,30.0600223541,
MC_G0_D045_DENS_REF_V_LOW_S050,MC_G0_D045_DENS_REF_V_LOW,50,7.52402162552,21.6834487418,72.8815771441,0,0,30.0960865021,
MC_G0_D045_DENS_REF_V_LOW_S050,MC_G0_D045_DENS_REF_V_LOW,50,7.53301382065,22.7311328205,73.5458123419,0,0,30.1320552826,
MC_G0_D045_DENS_REF_V_LOW_S050,MC_G0_D045_DENS_REF_V_LOW,50,7.54200601578,23.0920927929,73.0382967267,0,0,30.1680240631,
MC_G0_D045_DENS_REF_V_LOW_S050,MC_G0_D045_DENS_REF_V_LOW,50,7.55102205276,22.4854281667,75.6633171808,0,0,30.2040882111,
MC_G0_D045_DENS_REF_V_LOW_S050,MC_G0_D045_DENS_REF_V_LOW,50,7.56001424789,23.0471124867,75.2349052629,0,0,30.2400569916,
MC_G0_D045_DENS_REF_V_LOW_S050,MC_G0_D045_DENS_REF_V_LOW,50,7.56900644302,22.3070420013,72.1249245083,0,0,30.2760257721,
MC_G0_D045_DENS_REF_V_LOW_S050,MC_G0_D045_DENS_REF_V_LOW,50,7.57802248001,21.3751535821,72.1079637854,0,0,30.31208992,
MC_G0_D045_DENS_REF_V_LOW_S050,MC_G0_D045_DENS_REF_V_LOW,50,7.58701467514,23.1450477318,75.2052387907,0,0,30.3480587006,
MC_G0_D045_DENS_REF_V_LOW_S050,MC_G0_D045_DENS_REF_V_LOW,50,7.59600687027,20.9060179843,74.7746759514,0,0,30.3840274811,
MC_G0_D045_DENS_REF_V_LOW_S050,MC_G0_D045_DENS_REF_V_LOW,50,7.60502290726,20.2625349621,76.0622178947,0,0,30.420091629,
MC_G0_D045_DENS_REF_V_LOW_S050,MC_G0_D045_DENS_REF_V_LOW,50,7.61401510239,23.3706722755,71.7593300584,0,0,30.4560604095,
MC_G0_D045_DENS_REF_V_LOW_S050,MC_G0_D045_DENS_REF_V_LOW,50,7.62300682068,23.2378328532,73.3416774073,0,0,30.4920272827,
MC_G0_D045_DENS_REF_V_LOW_S050,MC_G0_D045_DENS_REF_V_LOW,50,7.6320233345,21.1138204901,74.5716787162,0,0,30.528093338,
MC_G0_D045_DENS_REF_V_LOW_S050,MC_G0_D045_DENS_REF_V_LOW,50,7.6410150528,24.3081329598,75.8624640198,0,0,30.5640602112,
MC_G0_D045_DENS_REF_V_LOW_S050,MC_G0_D045_DENS_REF_V_LOW,50,7.65000724792,22.7899931324,78.4856540167,0,0,30.6000289917,
MC_G0_D045_DENS_REF_V_LOW_S050,MC_G0_D045_DENS_REF_V_LOW,50,7.65902376175,23.8030432043,75.359501238,0,0,30.636095047,
MC_G0_D045_DENS_REF_V_LOW_S050,MC_G0_D045_DENS_REF_V_LOW,50,7.66801548004,23.9167557884,73.6133125832,0,0,30.6720619202,
MC_G0_D045_DENS_REF_V_LOW_S050,MC_G0_D045_DENS_REF_V_LOW,50,7.67700767517,23.4588430088,76.4259774338,0,0,30.7080307007,
MC_G0_D045_DENS_REF_V_LOW_S050,MC_G0_D045_DENS_REF_V_LOW,50,7.68602371216,23.4337739561,76.2618992433,0,0,30.7440948486,
MC_G0_D045_DENS_REF_V_LOW_S050,MC_G0_D045_DENS_REF_V_LOW,50,7.69501590729,23.6128355476,76.7358598929,0,0,30.7800636292,
MC_G0_D045_DENS_REF_V_LOW_S050,MC_G0_D045_DENS_REF_V_LOW,50,7.70400810242,23.4104564061,78.0036130508,0,0,30.8160324097,
MC_G0_D045_DENS_REF_V_LOW_S050,MC_G0_D045_DENS_REF_V_LOW,50,7.71300029755,22.2828018807,77.1847957167,0,0,30.8520011902,
MC_G0_D045_DENS_REF_V_LOW_S050,MC_G0_D045_DENS_REF_V_LOW,50,7.72201633453,22.6694894461,77.5835508288,0,0,30.8880653381,
MC_G0_D045_DENS_REF_V_LOW_S050,MC_G0_D045_DENS_REF_V_LOW,50,7.73100852966,21.4927007442,76.1574957623,0,0,30.9240341187,
MC_G0_D045_DENS_REF_V_LOW_S050,MC_G0_D045_DENS_REF_V_LOW,50,7.74000072479,21.7282540512,75.4712032955,0,0,30.9600028992,
MC_G0_D045_DENS_REF_V_LOW_S050,MC_G0_D045_DENS_REF_V_LOW,50,7.74901676178,21.550392876,75.7627099415,0,0,30.9960670471,
MC_G0_D045_DENS_REF_V_LOW_S050,MC_G0_D045_DENS_REF_V_LOW,50,7.75800895691,22.8250661661,78.30565044,0,0,31.0320358276,
MC_G0_D045_DENS_REF_V_LOW_S050,MC_G0_D045_DENS_REF_V_LOW,50,7.76700115204,23.7883941338,77.4239335773,0,0,31.0680046082,
MC_G0_D045_DENS_REF_V_LOW_S050,MC_G0_D045_DENS_REF_V_LOW,50,7.77601718903,22.8160937448,79.2820094778,0,0,31.1040687561,
MC_G0_D045_DENS_REF_V_LOW_S050,MC_G0_D045_DENS_REF_V_LOW,50,7.78500938416,23.5804657532,77.3282614275,0,0,31.1400375366,
MC_G0_D045_DENS_REF_V_LOW_S050,MC_G0_D045_DENS_REF_V_LOW,50,7.79400110245,22.3953355393,78.8274195448,0,0,31.1760044098,
MC_G0_D045_DENS_REF_V_LOW_S050,MC_G0_D045_DENS_REF_V_LOW,50,7.80301761627,22.793325746,76.0223043121,0,0,31.2120704651,
MC_G0_D045_DENS_REF_V_LOW_S050,MC_G0_D045_DENS_REF_V_LOW,50,7.81200933456,24.1812480323,79.8032779311,0,0,31.2480373383,
MC_G0_D045_DENS_REF_V_LOW_S050,MC_G0_D045_DENS_REF_V_LOW,50,7.82100152969,22.1153591527,79.4831311135,0,0,31.2840061188,
MC_G0_D045_DENS_REF_V_LOW_S050,MC_G0_D045_DENS_REF_V_LOW,50,7.83001756668,22.218142115,79.5958636599,0,0,31.3200702667,
MC_G0_D045_DENS_REF_V_LOW_S050,MC_G0_D045_DENS_REF_V_LOW,50,7.83900976181,21.7561353323,79.3867691291,0,0,31.3560390472,
MC_G0_D045_DENS_REF_V_LOW_S050,MC_G0_D045_DENS_REF_V_LOW,50,7.84800195694,22.9274807141,78.2421991429,0,0,31.3920078278,
MC_G0_D045_DENS_REF_V_LOW_S050,MC_G0_D045_DENS_REF_V_LOW,50,7.85701799393,20.6984810438,81.2744863957,0,0,31.4280719757,
MC_G0_D045_DENS_REF_V_LOW_S050,MC_G0_D045_DENS_REF_V_LOW,50,7.86601018906,22.8941929543,76.6628332698,0,0,31.4640407562,
MC_G0_D045_DENS_REF_V_LOW_S050,MC_G0_D045_DENS_REF_V_LOW,50,7.87500238419,23.3375717929,79.6837064157,0,0,31.5000095367,
MC_G0_D045_DENS_REF_V_LOW_S050,MC_G0_D045_DENS_REF_V_LOW,50,7.88401842117,22.8229615999,78.6896355121,0,0,31.5360736847,
MC_G0_D045_DENS_REF_V_LOW_S050,MC_G0_D045_DENS_REF_V_LOW,50,7.8930106163,22.9879528383,80.9073812916,0,0,31.5720424652,
MC_G0_D045_DENS_REF_V_LOW_S050,MC_G0_D045_DENS_REF_V_LOW,50,7.90200281143,23.0677820595,79.5959517928,0,0,31.6080112457,
MC_G0_D045_DENS_REF_V_LOW_S050,MC_G0_D045_DENS_REF_V_LOW,50,7.91101884842,23.0249339507,78.8720219182,0,0,31.6440753937,
MC_G0_D045_DENS_REF_V_LOW_S050,MC_G0_D045_DENS_REF_V_LOW,50,7.92001104355,22.9234005266,79.8405443814,0,0,31.6800441742,
MC_G0_D045_DENS_REF_V_LOW_S050,MC_G0_D045_DENS_REF_V_LOW,50,7.92900323868,22.7850748025,78.5227189489,0,0,31.7160129547,
MC_G0_D045_DENS_REF_V_LOW_S050,MC_G0_D045_DENS_REF_V_LOW,50,7.93801927567,22.9668457736,81.9297759178,0,0,31.7520771027,
MC_G0_D045_DENS_REF_V_LOW_S050,MC_G0_D045_DENS_REF_V_LOW,50,7.94701147079,22.7943680512,81.4126212409,0,0,31.7880458832,
MC_G0_D045_DENS_REF_V_LOW_S050,MC_G0_D045_DENS_REF_V_LOW,50,7.95600318909,21.6125504952,80.113129963,0,0,31.8240127563,
MC_G0_D045_DENS_REF_V_LOW_S050,MC_G0_D045_DENS_REF_V_LOW,50,7.96501970291,21.9305825357,80.5681985231,0,0,31.8600788116,
MC_G0_D045_DENS_REF_V_LOW_S050,MC_G0_D045_DENS_REF_V_LOW,50,7.9740114212,21.7499382981,80.4857234624,0,0,31.8960456848,
MC_G0_D045_DENS_REF_V_LOW_S050,MC_G0_D045_DENS_REF_V_LOW,50,7.98300361633,22.3823366576,81.5130370367,0,0,31.9320144653,
MC_G0_D045_DENS_REF_V_LOW_S050,MC_G0_D045_DENS_REF_V_LOW,50,7.99201965332,22.7478910623,79.4250430384,0,0,31.9680786133,
MC_G0_D045_DENS_REF_V_LOW_S050,MC_G0_D045_DENS_REF_V_LOW,50,8.00101184845,22.6633507442,80.3937959439,0,0,32.0040473938,
MC_G0_D045_DENS_REF_V_LOW_S050,MC_G0_D045_DENS_REF_V_LOW,50,8.01000404358,22.8110602855,80.6708317507,0,0,32.0400161743,
MC_G0_D045_DENS_REF_V_LOW_S050,MC_G0_D045_DENS_REF_V_LOW,50,8.01902008057,22.4824225207,79.6707754111,0,0,32.0760803223,
MC_G0_D045_DENS_REF_V_LOW_S050,MC_G0_D045_DENS_REF_V_LOW,50,8.0280122757,22.4768548608,80.1345469091,0,0,32.1120491028,
MC_G0_D045_DENS_REF_V_LOW_S050,MC_G0_D045_DENS_REF_V_LOW,50,8.03700447083,24.4532175498,82.2021676348,0,0,32.1480178833,
MC_G0_D045_DENS_REF_V_LOW_S050,MC_G0_D045_DENS_REF_V_LOW,50,8.04602050781,22.2963042619,80.5852218534,0,0,32.1840820312,
MC_G0_D045_DENS_REF_V_LOW_S050,MC_G0_D045_DENS_REF_V_LOW,50,8.05501270294,22.848016837,84.0544003963,0,0,32.2200508118,
MC_G0_D045_DENS_REF_V_LOW_S050,MC_G0_D045_DENS_REF_V_LOW,50,8.06400489807,23.1512770023,83.798047639,0,0,32.2560195923,
MC_G0_D045_DENS_REF_V_LOW_S050,MC_G0_D045_DENS_REF_V_LOW,50,8.07302093506,22.3375743298,82.3168896193,0,0,32.2920837402,
MC_G0_D045_DENS_REF_V_LOW_S050,MC_G0_D045_DENS_REF_V_LOW,50,8.08201313019,22.2365674311,82.6843343181,0,0,32.3280525208,
MC_G0_D045_DENS_REF_V_LOW_S050,MC_G0_D045_DENS_REF_V_LOW,50,8.09100532532,20.5823906529,81.7211369667,0,0,32.3640213013,
MC_G0_D045_DENS_REF_V_LOW_S050,MC_G0_D045_DENS_REF_V_LOW,50,8.1000213623,22.9357209122,85.6127096358,0,0,32.4000854492,
MC_G0_D045_DENS_REF_V_LOW_S050,MC_G0_D045_DENS_REF_V_LOW,50,8.10901355743,22.0777241051,80.9198805911,0,0,32.4360542297,
MC_G0_D045_DENS_REF_V_LOW_S050,MC_G0_D045_DENS_REF_V_LOW,50,8.11800575256,22.7985234566,82.5056322024,0,0,32.4720230103,
MC_G0_D045_DENS_REF_V_LOW_S050,MC_G0_D045_DENS_REF_V_LOW,50,8.12702178955,22.694876256,80.937242878,0,0,32.5080871582,
MC_G0_D045_DENS_REF_V_LOW_S050,MC_G0_D045_DENS_REF_V_LOW,50,8.13601398468,23.0516869633,82.256105129,0,0,32.5440559387,
MC_G0_D045_DENS_REF_V_LOW_S050,MC_G0_D045_DENS_REF_V_LOW,50,8.14500617981,22.629639308,82.2658989666,0,0,32.5800247192,
MC_G0_D045_DENS_REF_V_LOW_S050,MC_G0_D045_DENS_REF_V_LOW,50,8.1540222168,22.7369936767,81.7859465148,0,0,32.6160888672,
MC_G0_D045_DENS_REF_V_LOW_S050,MC_G0_D045_DENS_REF_V_LOW,50,8.16301441193,23.2778349622,81.6976405905,0,0,32.6520576477,
MC_G0_D045_DENS_REF_V_LOW_S050,MC_G0_D045_DENS_REF_V_LOW,50,8.17200565338,23.7548561593,84.9649318597,0,0,32.6880226135,
MC_G0_D045_DENS_REF_V_LOW_S050,MC_G0_D045_DENS_REF_V_LOW,50,8.18102169037,23.4072450622,85.4605980746,0,0,32.7240867615,
MC_G0_D045_DENS_REF_V_LOW_S050,MC_G0_D045_DENS_REF_V_LOW,50,8.1900138855,23.0622665916,85.4669620599,0,0,32.760055542,
MC_G0_D045_DENS_REF_V_LOW_S050,MC_G0_D045_DENS_REF_V_LOW,50,8.19900608063,22.0063515252,83.6385090234,0,0,32.7960243225,
MC_G0_D045_DENS_REF_V_LOW_S050,MC_G0_D045_DENS_REF_V_LOW,50,8.20802211761,19.4441503589,84.3441671065,0,0,32.8320884705,
MC_G0_D045_DENS_REF_V_LOW_S050,MC_G0_D045_DENS_REF_V_LOW,50,8.21701431274,21.6998078682,86.7022085042,0,0,32.868057251,
MC_G0_D045_DENS_REF_V_LOW_S050,MC_G0_D045_DENS_REF_V_LOW,50,8.22600650787,22.6001922664,85.4540692536,0,0,32.9040260315,
MC_G0_D045_DENS_REF_V_LOW_S050,MC_G0_D045_DENS_REF_V_LOW,50,8.23502254486,22.7668551843,84.1037210477,0,0,32.9400901794,
MC_G0_D045_DENS_REF_V_LOW_S050,MC_G0_D045_DENS_REF_V_LOW,50,8.24401473999,23.7107186007,83.9492353409,0,0,32.97605896,
MC_G0_D045_DENS_REF_V_LOW_S050,MC_G0_D045_DENS_REF_V_LOW,50,8.25300693512,24.5520584799,85.3819806943,0,0,33.0120277405,
MC_G0_D045_DENS_REF_V_LOW_S050,MC_G0_D045_DENS_REF_V_LOW,50,8.26202297211,22.544039799,83.7497644584,0,0,33.0480918884,
MC_G0_D045_DENS_REF_V_LOW_S050,MC_G0_D045_DENS_REF_V_LOW,50,8.27101516724,23.2389304205,82.8103544965,0,0,33.0840606689,
MC_G0_D045_DENS_REF_V_LOW_S050,MC_G0_D045_DENS_REF_V_LOW,50,8.28000736237,22.373927603,84.2124517599,0,0,33.1200294495,
MC_G0_D045_DENS_REF_V_LOW_S050,MC_G0_D045_DENS_REF_V_LOW,50,8.28902339935,24.0214606448,85.3189481488,0,0,33.1560935974,
MC_G0_D045_DENS_REF_V_LOW_S050,MC_G0_D045_DENS_REF_V_LOW,50,8.29801559448,23.2452671451,87.1010721585,0,0,33.1920623779,
MC_G0_D045_DENS_REF_V_LOW_S050,MC_G0_D045_DENS_REF_V_LOW,50,8.30700778961,23.0726865738,84.9633189719,0,0,33.2280311584,
MC_G0_D045_DENS_REF_V_LOW_S050,MC_G0_D045_DENS_REF_V_LOW,50,8.3160238266,22.7076172478,85.0227987177,0,0,33.2640953064,
MC_G0_D045_DENS_REF_V_LOW_S050,MC_G0_D045_DENS_REF_V_LOW,50,8.32501602173,22.3969565619,85.2051874269,0,0,33.3000640869,
MC_G0_D045_DENS_REF_V_LOW_S050,MC_G0_D045_DENS_REF_V_LOW,50,8.33400821686,25.3243759549,85.7596537005,0,0,33.3360328674,
MC_G0_D045_DENS_REF_V_LOW_S050,MC_G0_D045_DENS_REF_V_LOW,50,8.34302425385,23.2505723099,88.5399771834,0,0,33.3720970154,
MC_G0_D045_DENS_REF_V_LOW_S050,MC_G0_D045_DENS_REF_V_LOW,50,8.35201644897,22.1075134649,85.3241639966,0,0,33.4080657959,
MC_G0_D045_DENS_REF_V_LOW_S050,MC_G0_D045_DENS_REF_V_LOW,50,8.3610086441,23.6546428863,85.7679595746,0,0,33.4440345764,
MC_G0_D045_DENS_REF_V_LOW_S050,MC_G0_D045_DENS_REF_V_LOW,50,8.36999988556,22.9902707777,84.2661399289,0,0,33.4799995422,
MC_G0_D045_DENS_REF_V_LOW_S050,MC_G0_D045_DENS_REF_V_LOW,50,8.37901687622,23.3717007652,86.0366824879,0,0,33.5160675049,
MC_G0_D045_DENS_REF_V_LOW_S050,MC_G0_D045_DENS_REF_V_LOW,50,8.38800811768,22.8855428954,84.5792534367,0,0,33.5520324707,
MC_G0_D045_DENS_REF_V_LOW_S050,MC_G0_D045_DENS_REF_V_LOW,50,8.39700031281,23.3709485862,85.2077753082,0,0,33.5880012512,
MC_G0_D045_DENS_REF_V_LOW_S050,MC_G0_D045_DENS_REF_V_LOW,50,8.40601634979,23.4749764815,86.852834268,0,0,33.6240653992,
MC_G0_D045_DENS_REF_V_LOW_S050,MC_G0_D045_DENS_REF_V_LOW,50,8.41500854492,22.6507571181,87.7282187285,0,0,33.6600341797,
MC_G0_D045_DENS_REF_V_LOW_S050,MC_G0_D045_DENS_REF_V_LOW,50,8.42400074005,23.0942833224,88.5645571187,0,0,33.6960029602,
MC_G0_D045_DENS_REF_V_LOW_S050,MC_G0_D045_DENS_REF_V_LOW,50,8.43301677704,23.9954843721,87.5079406548,0,0,33.7320671082,
MC_G0_D045_DENS_REF_V_LOW_S050,MC_G0_D045_DENS_REF_V_LOW,50,8.44200897217,21.9478673028,87.511529885,0,0,33.7680358887,
MC_G0_D045_DENS_REF_V_LOW_S050,MC_G0_D045_DENS_REF_V_LOW,50,8.4510011673,21.6613254678,87.6145980976,0,0,33.8040046692,
MC_G0_D045_DENS_REF_V_LOW_S050,MC_G0_D045_DENS_REF_V_LOW,50,8.46001720428,21.8683389532,87.0175553045,0,0,33.8400688171,
MC_G0_D045_DENS_REF_V_LOW_S050,MC_G0_D045_DENS_REF_V_LOW,50,8.46900939941,22.5756942558,88.879087677,0,0,33.8760375977,
MC_G0_D045_DENS_REF_V_LOW_S050,MC_G0_D045_DENS_REF_V_LOW,50,8.47800159454,23.3416980322,87.3981623739,0,0,33.9120063782,
MC_G0_D045_DENS_REF_V_LOW_S050,MC_G0_D045_DENS_REF_V_LOW,50,8.48701763153,22.4272570964,90.2440412768,0,0,33.9480705261,
MC_G0_D045_DENS_REF_V_LOW_S050,MC_G0_D045_DENS_REF_V_LOW,50,8.49600982666,23.2201766017,87.226124533,0,0,33.9840393066,
MC_G0_D045_DENS_REF_V_LOW_S050,MC_G0_D045_DENS_REF_V_LOW,50,8.50500202179,23.2865264677,88.4154018752,0,0,34.0200080872,
MC_G0_D045_DENS_REF_V_LOW_S050,MC_G0_D045_DENS_REF_V_LOW,50,8.51401805878,23.5156094998,87.8137726705,0,0,34.0560722351,
MC_G0_D045_DENS_REF_V_LOW_S050,MC_G0_D045_DENS_REF_V_LOW,50,8.52301025391,23.203992472,87.6529630843,0,0,34.0920410156,
MC_G0_D045_DENS_REF_V_LOW_S050,MC_G0_D045_DENS_REF_V_LOW,50,8.53200244904,23.3820639502,87.9436487586,0,0,34.1280097961,
MC_G0_D045_DENS_REF_V_LOW_S050,MC_G0_D045_DENS_REF_V_LOW,50,8.54101848602,24.1061283728,88.176022658,0,0,34.1640739441,
MC_G0_D045_DENS_REF_V_LOW_S050,MC_G0_D045_DENS_REF_V_LOW,50,8.55001068115,24.6964185219,89.9542587126,0,0,34.2000427246,
MC_G0_D045_DENS_REF_V_LOW_S050,MC_G0_D045_DENS_REF_V_LOW,50,8.55900192261,22.8016872137,89.5250469881,0,0,34.2360076904,
MC_G0_D045_DENS_REF_V_LOW_S050,MC_G0_D045_DENS_REF_V_LOW,50,8.56801795959,20.5262044142,90.0245965882,0,0,34.2720718384,
MC_G0_D045_DENS_REF_V_LOW_S050,MC_G0_D045_DENS_REF_V_LOW,50,8.57701015472,22.4336214521,89.838249678,0,0,34.3080406189,
MC_G0_D045_DENS_REF_V_LOW_S050,MC_G0_D045_DENS_REF_V_LOW,50,8.58600234985,21.7507733704,89.4789452877,0,0,34.3440093994,
MC_G0_D045_DENS_REF_V_LOW_S050,MC_G0_D045_DENS_REF_V_LOW,50,8.59501838684,23.0849440219,91.1619005386,0,0,34.3800735474,
MC_G0_D045_DENS_REF_V_LOW_S050,MC_G0_D045_DENS_REF_V_LOW,50,8.60401058197,22.3411525529,89.4874916522,0,0,34.4160423279,
MC_G0_D045_DENS_REF_V_LOW_S050,MC_G0_D045_DENS_REF_V_LOW,50,8.6130027771,21.9763211611,88.4752246885,0,0,34.4520111084,
MC_G0_D045_DENS_REF_V_LOW_S050,MC_G0_D045_DENS_REF_V_LOW,50,8.62201881409,23.8120248359,88.6456626668,0,0,34.4880752563,
MC_G0_D045_DENS_REF_V_LOW_S050,MC_G0_D045_DENS_REF_V_LOW,50,8.63101100922,24.2702246716,89.9157408035,0,0,34.5240440369,
MC_G0_D045_DENS_REF_V_LOW_S050,MC_G0_D045_DENS_REF_V_LOW,50,8.64000320435,23.0636036282,91.0189559412,0,0,34.5600128174,
MC_G0_D045_DENS_REF_V_LOW_S050,MC_G0_D045_DENS_REF_V_LOW,50,8.64901924133,23.3461435638,89.5670836756,0,0,34.5960769653,
MC_G0_D045_DENS_REF_V_LOW_S050,MC_G0_D045_DENS_REF_V_LOW,50,8.65801143646,23.8946586104,91.3703617662,0,0,34.6320457458,
MC_G0_D045_DENS_REF_V_LOW_S050,MC_G0_D045_DENS_REF_V_LOW,50,8.66700363159,23.2108879581,90.1360849816,0,0,34.6680145264,
MC_G0_D045_DENS_REF_V_LOW_S050,MC_G0_D045_DENS_REF_V_LOW,50,8.67601966858,24.5001381709,91.6605746011,0,0,34.7040786743,
MC_G0_D045_DENS_REF_V_LOW_S050,MC_G0_D045_DENS_REF_V_LOW,50,8.68501186371,21.3124325962,91.373064135,0,0,34.7400474548,
MC_G0_D045_DENS_REF_V_LOW_S050,MC_G0_D045_DENS_REF_V_LOW,50,8.69400405884,21.8231375985,89.521522919,0,0,34.7760162354,
MC_G0_D045_DENS_REF_V_LOW_S050,MC_G0_D045_DENS_REF_V_LOW,50,8.70302009583,23.2968743021,90.7919372827,0,0,34.8120803833,
MC_G0_D045_DENS_REF_V_LOW_S050,MC_G0_D045_DENS_REF_V_LOW,50,8.71201229095,23.009683137,91.0497979045,0,0,34.8480491638,
MC_G0_D045_DENS_REF_V_LOW_S050,MC_G0_D045_DENS_REF_V_LOW,50,8.72100353241,22.6930587459,88.6924677469,0,0,34.8840141296,
MC_G0_D045_DENS_REF_V_LOW_S050,MC_G0_D045_DENS_REF_V_LOW,50,8.73002052307,23.1981853428,91.2926570281,0,0,34.9200820923,
MC_G0_D045_DENS_REF_V_LOW_S050,MC_G0_D045_DENS_REF_V_LOW,50,8.73901176453,23.1768372738,90.5236342898,0,0,34.9560470581,
MC_G0_D045_DENS_REF_V_LOW_S050,MC_G0_D045_DENS_REF_V_LOW,50,8.74800395966,23.567118413,90.7431032295,0,0,34.9920158386,
MC_G0_D045_DENS_REF_V_LOW_S050,MC_G0_D045_DENS_REF_V_LOW,50,8.75701999664,23.5790335429,92.2278609241,0,0,35.0280799866,
MC_G0_D045_DENS_REF_V_LOW_S050,MC_G0_D045_DENS_REF_V_LOW,50,8.76601219177,23.1525250054,90.6935266168,0,0,35.0640487671,
MC_G0_D045_DENS_REF_V_LOW_S050,MC_G0_D045_DENS_REF_V_LOW,50,8.7750043869,23.0258826173,93.1168935863,0,0,35.1000175476,
MC_G0_D045_DENS_REF_V_LOW_S050,MC_G0_D045_DENS_REF_V_LOW,50,8.78402042389,23.0999185249,92.2303447167,0,0,35.1360816956,
MC_G0_D045_DENS_REF_V_LOW_S050,MC_G0_D045_DENS_REF_V_LOW,50,8.79301261902,23.5733952703,92.699799191,0,0,35.1720504761,
MC_G0_D045_DENS_REF_V_LOW_S050,MC_G0_D045_DENS_REF_V_LOW,50,8.80200481415,22.5897538635,94.0347372348,0,0,35.2080192566,
MC_G0_D045_DENS_REF_V_LOW_S050,MC_G0_D045_DENS_REF_V_LOW,50,8.81102085114,22.8687416719,95.2185866224,0,0,35.2440834045,
MC_G0_D045_DENS_REF_V_LOW_S050,MC_G0_D045_DENS_REF_V_LOW,50,8.82001304626,22.6379378383,94.2342599739,0,0,35.2800521851,
MC_G0_D045_DENS_REF_V_LOW_S050,MC_G0_D045_DENS_REF_V_LOW,50,8.82900524139,23.1346093289,91.9495153015,0,0,35.3160209656,
MC_G0_D045_DENS_REF_V_LOW_S050,MC_G0_D045_DENS_REF_V_LOW,50,8.83802127838,22.6572012968,92.8371058598,0,0,35.3520851135,
MC_G0_D045_DENS_REF_V_LOW_S050,MC_G0_D045_DENS_REF_V_LOW,50,8.84701347351,24.5173139488,92.4431807917,0,0,35.388053894,
MC_G0_D045_DENS_REF_V_LOW_S050,MC_G0_D045_DENS_REF_V_LOW,50,8.85600566864,23.7491948608,92.519572527,0,0,35.4240226746,
MC_G0_D045_DENS_REF_V_LOW_S050,MC_G0_D045_DENS_REF_V_LOW,50,8.86502170563,23.4895702898,92.0908718028,0,0,35.4600868225,
MC_G0_D045_DENS_REF_V_LOW_S050,MC_G0_D045_DENS_REF_V_LOW,50,8.87401390076,23.8977932014,92.5787081787,0,0,35.496055603,
MC_G0_D045_DENS_REF_V_LOW_S050,MC_G0_D045_DENS_REF_V_LOW,50,8.88300514221,24.1725764826,92.8611743261,0,0,35.5320205688,
MC_G0_D045_DENS_REF_V_LOW_S050,MC_G0_D045_DENS_REF_V_LOW,50,8.89202213287,23.9618635044,92.1822148865,0,0,35.5680885315,
MC_G0_D045_DENS_REF_V_LOW_S050,MC_G0_D045_DENS_REF_V_LOW,50,8.90101337433,23.8682601965,96.5460891208,0,0,35.6040534973,
MC_G0_D045_DENS_REF_V_LOW_S050,MC_G0_D045_DENS_REF_V_LOW,50,8.91000556946,24.1331377403,94.5463818571,0,0,35.6400222778,
MC_G0_D045_DENS_REF_V_LOW_S050,MC_G0_D045_DENS_REF_V_LOW,50,8.91902160645,22.2726812351,93.7431964155,0,0,35.6760864258,
MC_G0_D045_DENS_REF_V_LOW_S050,MC_G0_D045_DENS_REF_V_LOW,50,8.92801380157,21.9777257403,95.1164840315,0,0,35.7120552063,
MC_G0_D045_DENS_REF_V_LOW_S050,MC_G0_D045_DENS_REF_V_LOW,50,8.9370059967,23.2445840437,94.0401709112,0,0,35.7480239868,
MC_G0_D045_DENS_REF_V_LOW_S050,MC_G0_D045_DENS_REF_V_LOW,50,8.94602203369,24.2159618622,94.9793275744,0,0,35.7840881348,
MC_G0_D045_DENS_REF_V_LOW_S050,MC_G0_D045_DENS_REF_V_LOW,50,8.95501422882,23.5002681177,95.1539869739,0,0,35.8200569153,
MC_G0_D045_DENS_REF_V_LOW_S050,MC_G0_D045_DENS_REF_V_LOW,50,8.96400642395,23.484886824,93.8905178777,0,0,35.8560256958,
MC_G0_D045_DENS_REF_V_LOW_S050,MC_G0_D045_DENS_REF_V_LOW,50,8.97302246094,24.0112571059,93.2527780495,0,0,35.8920898438,
MC_G0_D045_DENS_REF_V_LOW_S050,MC_G0_D045_DENS_REF_V_LOW,50,8.98201465607,23.6292837075,94.0770697309,0,0,35.9280586243,
MC_G0_D045_DENS_REF_V_LOW_S050,MC_G0_D045_DENS_REF_V_LOW,50,8.9910068512,24.3190503012,96.0146272926,0,0,35.9640274048,
MC_G0_D045_DENS_REF_V_LOW_S050,MC_G0_D045_DENS_REF_V_LOW,50,9,24.7122373075,94.9263562975,0,0,36,
