run_id,scenario_id,S,z_m,qb_MPa,qs_kPa,ALLKE,ALLIE,time_s,walltime_h
MC_G2_D075_DENS_LOW_V_REF_S030,MC_G2_D075_DENS_LOW_V_REF,30,0,0,0,0,0,0,
MC_G2_D075_DENS_LOW_V_REF_S030,MC_G2_D075_DENS_LOW_V_REF,30,0.00901406351477,0,0,0,0,0.0180281270295,
MC_G2_D075_DENS_LOW_V_REF_S030,MC_G2_D075_DENS_LOW_V_REF,30,0.0180410481989,0.089810447064,24.3226168673,0,0,0.0360820963979,
MC_G2_D075_DENS_LOW_V_REF_S030,MC_G2_D075_DENS_LOW_V_REF,30,0.0270014014095,1.01367897032,134.552892153,0,0,0.054002802819,
MC_G2_D075_DENS_LOW_V_REF_S030,MC_G2_D075_DENS_LOW_V_REF,30,0.0360226370394,0,0,0,0,0.0720452740788,
MC_G2_D075_DENS_LOW_V_REF_S030,MC_G2_D075_DENS_LOW_V_REF,30,0.0450439080596,1.01416465539,89.8962261561,0,0,0.0900878161192,
MC_G2_D075_DENS_LOW_V_REF_S030,MC_G2_D075_DENS_LOW_V_REF,30,0.0540042407811,0.229664934775,1.67090983236e-05,0,0,0.108008481562,
MC_G2_D075_DENS_LOW_V_REF_S030,MC_G2_D075_DENS_LOW_V_REF,30,0.0630254745483,0.0662268957458,9.31674076862e-06,0,0,0.126050949097,
MC_G2_D075_DENS_LOW_V_REF_S030,MC_G2_D075_DENS_LOW_V_REF,30,0.0720467790961,0.722227240635,11.9906918208,0,0,0.144093558192,
MC_G2_D075_DENS_LOW_V_REF_S030,MC_G2_D075_DENS_LOW_V_REF,30,0.0810070484877,0,0,0,0,0.162014096975,
MC_G2_D075_DENS_LOW_V_REF_S030,MC_G2_D075_DENS_LOW_V_REF,30,0.090028360486,0.847768991319,17.4304523891,0,0,0.180056720972,
MC_G2_D075_DENS_LOW_V_REF_S030,MC_G2_D075_DENS_LOW_V_REF,30,0.099049590528,0,0,0,0,0.198099181056,
MC_G2_D075_DENS_LOW_V_REF_S030,MC_G2_D075_DENS_LOW_V_REF,30,0.108009941876,0.773162763104,19.944922886,0,0,0.216019883752,
MC_G2_D075_DENS_LOW_V_REF_S030,MC_G2_D075_DENS_LOW_V_REF,30,0.117031179368,0,0,0,0,0.234062358737,
MC_G2_D075_DENS_LOW_V_REF_S030,MC_G2_D075_DENS_LOW_V_REF,30,0.126052469015,0.63120353071,16.4804300579,0,0,0.25210493803,
MC_G2_D075_DENS_LOW_V_REF_S030,MC_G2_D075_DENS_LOW_V_REF,30,0.13501277566,0.122083498208,8.46225863913e-06,0,0,0.270025551319,
MC_G2_D075_DENS_LOW_V_REF_S030,MC_G2_D075_DENS_LOW_V_REF,30,0.144034013152,0.310336700171,0.000169745620942,0,0,0.288068026304,
MC_G2_D075_DENS_LOW_V_REF_S030,MC_G2_D075_DENS_LOW_V_REF,30,0.153055295348,0.465343529403,1.39375548315,0,0,0.306110590696,
MC_G2_D075_DENS_LOW_V_REF_S030,MC_G2_D075_DENS_LOW_V_REF,30,0.162015527487,0.0816228957831,1.55300816374e-05,0,0,0.324031054974,
MC_G2_D075_DENS_LOW_V_REF_S030,MC_G2_D075_DENS_LOW_V_REF,30,0.171036839485,0.691371076044,4.4869945732,0,0,0.34207367897,
MC_G2_D075_DENS_LOW_V_REF_S030,MC_G2_D075_DENS_LOW_V_REF,30,0.180058002472,0.00217222371406,6.27698094974e-08,0,0,0.360116004944,
MC_G2_D075_DENS_LOW_V_REF_S030,MC_G2_D075_DENS_LOW_V_REF,30,0.18901835382,1.07473506167,15.1875027601,0,0,0.37803670764,
MC_G2_D075_DENS_LOW_V_REF_S030,MC_G2_D075_DENS_LOW_V_REF,30,0.19803956151,0.0583704423541,1.2260334791e-05,0,0,0.39607912302,
MC_G2_D075_DENS_LOW_V_REF_S030,MC_G2_D075_DENS_LOW_V_REF,30,0.207060843706,0.994461494483,15.3993601261,0,0,0.414121687412,
MC_G2_D075_DENS_LOW_V_REF_S030,MC_G2_D075_DENS_LOW_V_REF,30,0.216021120548,0.249662176576,3.39396374399e-05,0,0,0.432042241096,
MC_G2_D075_DENS_LOW_V_REF_S030,MC_G2_D075_DENS_LOW_V_REF,30,0.225042372942,0.524286327713,7.97345834663e-05,0,0,0.450084745884,
MC_G2_D075_DENS_LOW_V_REF_S030,MC_G2_D075_DENS_LOW_V_REF,30,0.234002679586,0.520423815465,0.208578202449,0,0,0.468005359173,
MC_G2_D075_DENS_LOW_V_REF_S030,MC_G2_D075_DENS_LOW_V_REF,30,0.243023902178,0.229710905961,2.52855380119e-05,0,0,0.486047804356,
MC_G2_D075_DENS_LOW_V_REF_S030,MC_G2_D075_DENS_LOW_V_REF,30,0.252045184374,0.842502648198,4.9272253076,0,0,0.504090368748,
MC_G2_D075_DENS_LOW_V_REF_S030,MC_G2_D075_DENS_LOW_V_REF,30,0.261005431414,0.137478431859,1.69223398824e-05,0,0,0.522010862827,
MC_G2_D075_DENS_LOW_V_REF_S030,MC_G2_D075_DENS_LOW_V_REF,30,0.270026743412,0.801915236447,6.198152083,0,0,0.540053486824,
MC_G2_D075_DENS_LOW_V_REF_S030,MC_G2_D075_DENS_LOW_V_REF,30,0.279047936201,0.103374269937,2.43846522003e-05,0,0,0.558095872402,
MC_G2_D075_DENS_LOW_V_REF_S030,MC_G2_D075_DENS_LOW_V_REF,30,0.288008272648,0.898605939958,9.10140271195,0,0,0.576016545296,
MC_G2_D075_DENS_LOW_V_REF_S030,MC_G2_D075_DENS_LOW_V_REF,30,0.297029495239,0.242857439288,2.92545298265e-05,0,0,0.594058990479,
MC_G2_D075_DENS_LOW_V_REF_S030,MC_G2_D075_DENS_LOW_V_REF,30,0.306050747633,0.734971102975,7.85633453751,0,0,0.612101495266,
MC_G2_D075_DENS_LOW_V_REF_S030,MC_G2_D075_DENS_LOW_V_REF,30,0.315011054277,0.358063737735,7.47567088617e-05,0,0,0.630022108555,
MC_G2_D075_DENS_LOW_V_REF_S030,MC_G2_D075_DENS_LOW_V_REF,30,0.324032276869,0.446433034717,9.30972421547e-05,0,0,0.648064553738,
MC_G2_D075_DENS_LOW_V_REF_S030,MC_G2_D075_DENS_LOW_V_REF,30,0.333053529263,0.5524230082,0.0390133351117,0,0,0.666107058525,
MC_G2_D075_DENS_LOW_V_REF_S030,MC_G2_D075_DENS_LOW_V_REF,30,0.342013776302,0.253838543201,4.48204089664e-05,0,0,0.684027552605,
MC_G2_D075_DENS_LOW_V_REF_S030,MC_G2_D075_DENS_LOW_V_REF,30,0.351035088301,0.71030167233,5.39953160297,0,0,0.702070176601,
MC_G2_D075_DENS_LOW_V_REF_S030,MC_G2_D075_DENS_LOW_V_REF,30,0.36005628109,0.146979002785,1.48744666498e-05,0,0,0.72011256218,
MC_G2_D075_DENS_LOW_V_REF_S030,MC_G2_D075_DENS_LOW_V_REF,30,0.369016617537,0.92217199304,4.11835704065,0,0,0.738033235073,
MC_G2_D075_DENS_LOW_V_REF_S030,MC_G2_D075_DENS_LOW_V_REF,30,0.378037810326,0.212867163242,2.52895319766e-06,0,0,0.756075620651,
MC_G2_D075_DENS_LOW_V_REF_S030,MC_G2_D075_DENS_LOW_V_REF,30,0.387059092522,0.717963974306,4.42753566957,0,0,0.774118185043,
MC_G2_D075_DENS_LOW_V_REF_S030,MC_G2_D075_DENS_LOW_V_REF,30,0.396019369364,0.394552529774,5.70484945611e-05,0,0,0.792038738728,
MC_G2_D075_DENS_LOW_V_REF_S030,MC_G2_D075_DENS_LOW_V_REF,30,0.405040621758,0.56448282895,6.42625859038e-05,0,0,0.810081243515,
MC_G2_D075_DENS_LOW_V_REF_S030,MC_G2_D075_DENS_LOW_V_REF,30,0.414000928402,0.55067544686,0.330909855204,0,0,0.828001856804,
MC_G2_D075_DENS_LOW_V_REF_S030,MC_G2_D075_DENS_LOW_V_REF,30,0.423022150993,0.427997587142,5.28347957883e-05,0,0,0.846044301987,
MC_G2_D075_DENS_LOW_V_REF_S030,MC_G2_D075_DENS_LOW_V_REF,30,0.432043433189,0.703523219094,2.26866729259,0,0,0.864086866379,
MC_G2_D075_DENS_LOW_V_REF_S030,MC_G2_D075_DENS_LOW_V_REF,30,0.441003680229,0.301269427541,3.35502666423e-05,0,0,0.882007360458,
MC_G2_D075_DENS_LOW_V_REF_S030,MC_G2_D075_DENS_LOW_V_REF,30,0.450024962425,0.724447465907,3.13285995769,0,0,0.90004992485,
MC_G2_D075_DENS_LOW_V_REF_S030,MC_G2_D075_DENS_LOW_V_REF,30,0.459046185017,0.272362980079,1.43941687647e-05,0,0,0.918092370033,
MC_G2_D075_DENS_LOW_V_REF_S030,MC_G2_D075_DENS_LOW_V_REF,30,0.468006521463,0.796757966961,5.25262422033,0,0,0.936013042927,
MC_G2_D075_DENS_LOW_V_REF_S030,MC_G2_D075_DENS_LOW_V_REF,30,0.477027744055,0.330126242699,0.382898424737,0,0,0.95405548811,
MC_G2_D075_DENS_LOW_V_REF_S030,MC_G2_D075_DENS_LOW_V_REF,30,0.486048996449,0.573423205907,0.929303924712,0,0,0.972097992897,
MC_G2_D075_DENS_LOW_V_REF_S030,MC_G2_D075_DENS_LOW_V_REF,30,0.495009303093,0.582299996873,1.08150673195,0,0,0.990018606186,
MC_G2_D075_DENS_LOW_V_REF_S030,MC_G2_D075_DENS_LOW_V_REF,30,0.504030525684,0.543603966164,5.38893275507e-05,0,0,1.00806105137,
MC_G2_D075_DENS_LOW_V_REF_S030,MC_G2_D075_DENS_LOW_V_REF,30,0.51305180788,0.644875382419,2.15113720997,0,0,1.02610361576,
MC_G2_D075_DENS_LOW_V_REF_S030,MC_G2_D075_DENS_LOW_V_REF,30,0.52201205492,0.367939633527,4.64288257602e-05,0,0,1.04402410984,
MC_G2_D075_DENS_LOW_V_REF_S030,MC_G2_D075_DENS_LOW_V_REF,30,0.531033337116,0.786581514244,2.57715436968,0,0,1.06206667423,
MC_G2_D075_DENS_LOW_V_REF_S030,MC_G2_D075_DENS_LOW_V_REF,30,0.540054559708,0.373643514586,3.33197947433e-05,0,0,1.08010911942,
MC_G2_D075_DENS_LOW_V_REF_S030,MC_G2_D075_DENS_LOW_V_REF,30,0.549014925957,0.816385764134,3.79271166788,0,0,1.09802985191,
MC_G2_D075_DENS_LOW_V_REF_S030,MC_G2_D075_DENS_LOW_V_REF,30,0.558036148548,0.391551485102,4.24464344879e-05,0,0,1.1160722971,
MC_G2_D075_DENS_LOW_V_REF_S030,MC_G2_D075_DENS_LOW_V_REF,30,0.567057430744,0.684917978616,2.84991835731,0,0,1.13411486149,
MC_G2_D075_DENS_LOW_V_REF_S030,MC_G2_D075_DENS_LOW_V_REF,30,0.576017677784,0.554120730004,0.43405350097,0,0,1.15203535557,
MC_G2_D075_DENS_LOW_V_REF_S030,MC_G2_D075_DENS_LOW_V_REF,30,0.58503895998,0.591526769835,1.70985916303,0,0,1.17007791996,
MC_G2_D075_DENS_LOW_V_REF_S030,MC_G2_D075_DENS_LOW_V_REF,30,0.594060242176,0.703141634066,0.425388252109,0,0,1.18812048435,
MC_G2_D075_DENS_LOW_V_REF_S030,MC_G2_D075_DENS_LOW_V_REF,30,0.603020489216,0.40565372521,5.8256394374e-05,0,0,1.20604097843,
MC_G2_D075_DENS_LOW_V_REF_S030,MC_G2_D075_DENS_LOW_V_REF,30,0.612041771412,0.741460880644,2.72444330322,0,0,1.22408354282,
MC_G2_D075_DENS_LOW_V_REF_S030,MC_G2_D075_DENS_LOW_V_REF,30,0.621002078056,0.439023107995,4.43440914209e-05,0,0,1.24200415611,
MC_G2_D075_DENS_LOW_V_REF_S030,MC_G2_D075_DENS_LOW_V_REF,30,0.630023360252,0.881525174497,3.36016079472,0,0,1.2600467205,
MC_G2_D075_DENS_LOW_V_REF_S030,MC_G2_D075_DENS_LOW_V_REF,30,0.639044582844,0.472510544512,4.93128507589e-05,0,0,1.27808916569,
MC_G2_D075_DENS_LOW_V_REF_S030,MC_G2_D075_DENS_LOW_V_REF,30,0.648004889488,0.851313780842,2.56623527038,0,0,1.29600977898,
MC_G2_D075_DENS_LOW_V_REF_S030,MC_G2_D075_DENS_LOW_V_REF,30,0.65702611208,0.53143710957,0.0907517472066,0,0,1.31405222416,
MC_G2_D075_DENS_LOW_V_REF_S030,MC_G2_D075_DENS_LOW_V_REF,30,0.666047394276,0.752204184691,1.73368767125,0,0,1.33209478855,
MC_G2_D075_DENS_LOW_V_REF_S030,MC_G2_D075_DENS_LOW_V_REF,30,0.67500770092,0.648964503952,0.856069616496,0,0,1.35001540184,
MC_G2_D075_DENS_LOW_V_REF_S030,MC_G2_D075_DENS_LOW_V_REF,30,0.684028983116,0.572106861899,0.845458232924,0,0,1.36805796623,
MC_G2_D075_DENS_LOW_V_REF_S030,MC_G2_D075_DENS_LOW_V_REF,30,0.693050205708,0.81626598346,1.46060265227,0,0,1.38610041142,
MC_G2_D075_DENS_LOW_V_REF_S030,MC_G2_D075_DENS_LOW_V_REF,30,0.702010512352,0.542539997409,1.24206452589,0,0,1.4040210247,
MC_G2_D075_DENS_LOW_V_REF_S030,MC_G2_D075_DENS_LOW_V_REF,30,0.711031794548,0.980682296081,2.96587258934,0,0,1.4220635891,
MC_G2_D075_DENS_LOW_V_REF_S030,MC_G2_D075_DENS_LOW_V_REF,30,0.720053017139,0.563488904949,0.121868610823,0,0,1.44010603428,
MC_G2_D075_DENS_LOW_V_REF_S030,MC_G2_D075_DENS_LOW_V_REF,30,0.729013323784,0.72678574491,1.00907480881,0,0,1.45802664757,
MC_G2_D075_DENS_LOW_V_REF_S030,MC_G2_D075_DENS_LOW_V_REF,30,0.73803460598,0.640014456121,0.984626546214,0,0,1.47606921196,
MC_G2_D075_DENS_LOW_V_REF_S030,MC_G2_D075_DENS_LOW_V_REF,30,0.747055888176,0.802748451258,2.26268183361,0,0,1.49411177635,
MC_G2_D075_DENS_LOW_V_REF_S030,MC_G2_D075_DENS_LOW_V_REF,30,0.75601619482,0.794601776686,2.10861906861,0,0,1.51203238964,
MC_G2_D075_DENS_LOW_V_REF_S030,MC_G2_D075_DENS_LOW_V_REF,30,0.765037417412,0.70968480877,1.28527496959,0,0,1.53007483482,
MC_G2_D075_DENS_LOW_V_REF_S030,MC_G2_D075_DENS_LOW_V_REF,30,0.774058699608,0.830736511146,1.49643331762,0,0,1.54811739922,
MC_G2_D075_DENS_LOW_V_REF_S030,MC_G2_D075_DENS_LOW_V_REF,30,0.783019006252,0.638093958844,0.432386840537,0,0,1.5660380125,
MC_G2_D075_DENS_LOW_V_REF_S030,MC_G2_D075_DENS_LOW_V_REF,30,0.792040288448,0.886168989689,1.93954257137,0,0,1.5840805769,
MC_G2_D075_DENS_LOW_V_REF_S030,MC_G2_D075_DENS_LOW_V_REF,30,0.801000535488,0.63930350878,0.873257118992,0,0,1.60200107098,
MC_G2_D075_DENS_LOW_V_REF_S030,MC_G2_D075_DENS_LOW_V_REF,30,0.810021817684,1.14441080238,2.09683470692,0,0,1.62004363537,
MC_G2_D075_DENS_LOW_V_REF_S030,MC_G2_D075_DENS_LOW_V_REF,30,0.819043040276,0.556645898634,0.488216236985,0,0,1.63808608055,
MC_G2_D075_DENS_LOW_V_REF_S030,MC_G2_D075_DENS_LOW_V_REF,30,0.828003406525,0.901832212361,2.52851780672,0,0,1.65600681305,
MC_G2_D075_DENS_LOW_V_REF_S030,MC_G2_D075_DENS_LOW_V_REF,30,0.837024629116,0.657813905623,0.639982315274,0,0,1.67404925823,
MC_G2_D075_DENS_LOW_V_REF_S030,MC_G2_D075_DENS_LOW_V_REF,30,0.846045911312,0.846820209573,3.54503856434,0,0,1.69209182262,
MC_G2_D075_DENS_LOW_V_REF_S030,MC_G2_D075_DENS_LOW_V_REF,30,0.855006217957,0.808846075015,2.17814234433,0,0,1.71001243591,
MC_G2_D075_DENS_LOW_V_REF_S030,MC_G2_D075_DENS_LOW_V_REF,30,0.864027440548,0.728888883538,1.1951993531,0,0,1.7280548811,
MC_G2_D075_DENS_LOW_V_REF_S030,MC_G2_D075_DENS_LOW_V_REF,30,0.873048722744,0.900188647448,1.74004453409,0,0,1.74609744549,
MC_G2_D075_DENS_LOW_V_REF_S030,MC_G2_D075_DENS_LOW_V_REF,30,0.882009029388,0.784479135471,1.2089312215,0,0,1.76401805878,
MC_G2_D075_DENS_LOW_V_REF_S030,MC_G2_D075_DENS_LOW_V_REF,30,0.891030311584,0.877279039428,1.70736746474,0,0,1.78206062317,
MC_G2_D075_DENS_LOW_V_REF_S030,MC_G2_D075_DENS_LOW_V_REF,30,0.900051534176,0.755509896411,0.798215254571,0,0,1.80010306835,
MC_G2_D075_DENS_LOW_V_REF_S030,MC_G2_D075_DENS_LOW_V_REF,30,0.909011900425,0.926145133171,2.23368456519,0,0,1.81802380085,
MC_G2_D075_DENS_LOW_V_REF_S030,MC_G2_D075_DENS_LOW_V_REF,30,0.918033123016,0.793210690643,0.855125308568,0,0,1.83606624603,
MC_G2_D075_DENS_LOW_V_REF_S030,MC_G2_D075_DENS_LOW_V_REF,30,0.927054405212,0.979714379822,2.03237233255,0,0,1.85410881042,
MC_G2_D075_DENS_LOW_V_REF_S030,MC_G2_D075_DENS_LOW_V_REF,30,0.936014711857,0.956785706366,0.852523504389,0,0,1.87202942371,
MC_G2_D075_DENS_LOW_V_REF_S030,MC_G2_D075_DENS_LOW_V_REF,30,0.945035994053,0.912212927738,1.57769941763,0,0,1.89007198811,
MC_G2_D075_DENS_LOW_V_REF_S030,MC_G2_D075_DENS_LOW_V_REF,30,0.954057216644,0.670437503746,1.50865179507,0,0,1.90811443329,
MC_G2_D075_DENS_LOW_V_REF_S030,MC_G2_D075_DENS_LOW_V_REF,30,0.963017523289,0.964151388843,1.47647987925,0,0,1.92603504658,
MC_G2_D075_DENS_LOW_V_REF_S030,MC_G2_D075_DENS_LOW_V_REF,30,0.972038805485,0.941605612892,2.5128819068,0,0,1.94407761097,
MC_G2_D075_DENS_LOW_V_REF_S030,MC_G2_D075_DENS_LOW_V_REF,30,0.981060087681,0.87267031569,1.44159503323,0,0,1.96212017536,
MC_G2_D075_DENS_LOW_V_REF_S030,MC_G2_D075_DENS_LOW_V_REF,30,0.990020394325,0.953282846987,1.96325897659,0,0,1.98004078865,
MC_G2_D075_DENS_LOW_V_REF_S030,MC_G2_D075_DENS_LOW_V_REF,30,0.999041616917,0.843459512031,1.28944426771,0,0,1.99808323383,
MC_G2_D075_DENS_LOW_V_REF_S030,MC_G2_D075_DENS_LOW_V_REF,30,1.00800192356,0.973286357587,1.67893860586,0,0,2.01600384712,
MC_G2_D075_DENS_LOW_V_REF_S030,MC_G2_D075_DENS_LOW_V_REF,30,1.01702320576,0.750422740756,0.950983404639,0,0,2.03404641151,
MC_G2_D075_DENS_LOW_V_REF_S030,MC_G2_D075_DENS_LOW_V_REF,30,1.02604448795,0.988325049078,2.12206151932,0,0,2.05208897591,
MC_G2_D075_DENS_LOW_V_REF_S030,MC_G2_D075_DENS_LOW_V_REF,30,1.03500473499,0.972922939984,1.54368852604,0,0,2.07000946999,
MC_G2_D075_DENS_LOW_V_REF_S030,MC_G2_D075_DENS_LOW_V_REF,30,1.04402601719,0.754767795042,1.82201431635,0,0,2.08805203438,
MC_G2_D075_DENS_LOW_V_REF_S030,MC_G2_D075_DENS_LOW_V_REF,30,1.05304729939,1.02489773594,2.08642219046,0,0,2.10609459877,
MC_G2_D075_DENS_LOW_V_REF_S030,MC_G2_D075_DENS_LOW_V_REF,30,1.06200766563,0.96303972196,1.45484999589,0,0,2.12401533127,
MC_G2_D075_DENS_LOW_V_REF_S030,MC_G2_D075_DENS_LOW_V_REF,30,1.07102882862,0.959760397909,1.75983886546,0,0,2.14205765724,
MC_G2_D075_DENS_LOW_V_REF_S030,MC_G2_D075_DENS_LOW_V_REF,30,1.08005011082,1.03086190165,1.78678002987,0,0,2.16010022163,
MC_G2_D075_DENS_LOW_V_REF_S030,MC_G2_D075_DENS_LOW_V_REF,30,1.08901047707,0.871748128845,2.34618659595,0,0,2.17802095413,
MC_G2_D075_DENS_LOW_V_REF_S030,MC_G2_D075_DENS_LOW_V_REF,30,1.09803164005,1.01429859698,2.4108329439,0,0,2.19606328011,
MC_G2_D075_DENS_LOW_V_REF_S030,MC_G2_D075_DENS_LOW_V_REF,30,1.10705292225,0.99539162526,2.40765370478,0,0,2.2141058445,
MC_G2_D075_DENS_LOW_V_REF_S030,MC_G2_D075_DENS_LOW_V_REF,30,1.1160132885,0.90736740576,1.80227532632,0,0,2.232026577,
MC_G2_D075_DENS_LOW_V_REF_S030,MC_G2_D075_DENS_LOW_V_REF,30,1.12503457069,1.15836483635,2.5500440351,0,0,2.25006914139,
MC_G2_D075_DENS_LOW_V_REF_S030,MC_G2_D075_DENS_LOW_V_REF,30,1.13405573368,1.04906027467,2.30982977401,0,0,2.26811146736,
MC_G2_D075_DENS_LOW_V_REF_S030,MC_G2_D075_DENS_LOW_V_REF,30,1.14301609993,1.02329036773,2.04966723232,0,0,2.28603219986,
MC_G2_D075_DENS_LOW_V_REF_S030,MC_G2_D075_DENS_LOW_V_REF,30,1.15203738213,1.06235510048,1.8145263298,0,0,2.30407476425,
MC_G2_D075_DENS_LOW_V_REF_S030,MC_G2_D075_DENS_LOW_V_REF,30,1.16105854511,0.932103772664,2.15133586813,0,0,2.32211709023,
MC_G2_D075_DENS_LOW_V_REF_S030,MC_G2_D075_DENS_LOW_V_REF,30,1.17001891136,1.20744652149,2.76147258591,0,0,2.34003782272,
MC_G2_D075_DENS_LOW_V_REF_S030,MC_G2_D075_DENS_LOW_V_REF,30,1.17904019356,1.12373592594,2.00314953032,0,0,2.35808038712,
MC_G2_D075_DENS_LOW_V_REF_S030,MC_G2_D075_DENS_LOW_V_REF,30,1.1880004406,1.21083160345,2.0356102589,0,0,2.3760008812,
MC_G2_D075_DENS_LOW_V_REF_S030,MC_G2_D075_DENS_LOW_V_REF,30,1.19702172279,1.03387361882,2.52878748973,0,0,2.39404344559,
MC_G2_D075_DENS_LOW_V_REF_S030,MC_G2_D075_DENS_LOW_V_REF,30,1.20604300499,1.03305877867,3.37486352313,0,0,2.41208600998,
MC_G2_D075_DENS_LOW_V_REF_S030,MC_G2_D075_DENS_LOW_V_REF,30,1.21500325203,1.04755258553,2.29221975801,0,0,2.43000650406,
MC_G2_D075_DENS_LOW_V_REF_S030,MC_G2_D075_DENS_LOW_V_REF,30,1.22402453423,1.16631657375,3.17930881111,0,0,2.44804906845,
MC_G2_D075_DENS_LOW_V_REF_S030,MC_G2_D075_DENS_LOW_V_REF,30,1.23304581642,1.23112814151,3.32763298149,0,0,2.46609163284,
MC_G2_D075_DENS_LOW_V_REF_S030,MC_G2_D075_DENS_LOW_V_REF,30,1.24200606346,1.10353105395,1.86284921251,0,0,2.48401212692,
MC_G2_D075_DENS_LOW_V_REF_S030,MC_G2_D075_DENS_LOW_V_REF,30,1.25102734566,1.12944243195,2.2168960685,0,0,2.50205469131,
MC_G2_D075_DENS_LOW_V_REF_S030,MC_G2_D075_DENS_LOW_V_REF,30,1.26004862785,1.17361670152,2.59429611718,0,0,2.52009725571,
MC_G2_D075_DENS_LOW_V_REF_S030,MC_G2_D075_DENS_LOW_V_REF,30,1.2690089941,1.19483321594,2.47489312233,0,0,2.5380179882,
MC_G2_D075_DENS_LOW_V_REF_S030,MC_G2_D075_DENS_LOW_V_REF,30,1.27803015709,1.12852093588,1.79599056134,0,0,2.55606031418,
MC_G2_D075_DENS_LOW_V_REF_S030,MC_G2_D075_DENS_LOW_V_REF,30,1.28705143929,1.16836514102,2.09293869065,0,0,2.57410287857,
MC_G2_D075_DENS_LOW_V_REF_S030,MC_G2_D075_DENS_LOW_V_REF,30,1.29601180553,1.1030759012,2.0632325388,0,0,2.59202361107,
MC_G2_D075_DENS_LOW_V_REF_S030,MC_G2_D075_DENS_LOW_V_REF,30,1.30503296852,1.11212998,2.07980071441,0,0,2.61006593704,
MC_G2_D075_DENS_LOW_V_REF_S030,MC_G2_D075_DENS_LOW_V_REF,30,1.31405425072,1.27936756267,2.11484897648,0,0,2.62810850143,
MC_G2_D075_DENS_LOW_V_REF_S030,MC_G2_D075_DENS_LOW_V_REF,30,1.32301461697,1.13059996641,2.18737683148,0,0,2.64602923393,
MC_G2_D075_DENS_LOW_V_REF_S030,MC_G2_D075_DENS_LOW_V_REF,30,1.33203589916,1.10923970136,3.03628191634,0,0,2.66407179832,
MC_G2_D075_DENS_LOW_V_REF_S030,MC_G2_D075_DENS_LOW_V_REF,30,1.34105706215,1.09206333241,2.77687229645,0,0,2.6821141243,
MC_G2_D075_DENS_LOW_V_REF_S030,MC_G2_D075_DENS_LOW_V_REF,30,1.3500174284,1.23438708765,2.66375392853,0,0,2.7000348568,
MC_G2_D075_DENS_LOW_V_REF_S030,MC_G2_D075_DENS_LOW_V_REF,30,1.35903871059,1.19420709598,2.07352211155,0,0,2.71807742119,
MC_G2_D075_DENS_LOW_V_REF_S030,MC_G2_D075_DENS_LOW_V_REF,30,1.36805999279,1.32501588056,2.54784381,0,0,2.73611998558,
MC_G2_D075_DENS_LOW_V_REF_S030,MC_G2_D075_DENS_LOW_V_REF,30,1.37702023983,1.25907586004,1.99616730526,0,0,2.75404047966,
MC_G2_D075_DENS_LOW_V_REF_S030,MC_G2_D075_DENS_LOW_V_REF,30,1.38604152203,1.38073862345,2.81127435294,0,0,2.77208304405,
MC_G2_D075_DENS_LOW_V_REF_S030,MC_G2_D075_DENS_LOW_V_REF,30,1.39500176907,1.36165066824,2.95713924516,0,0,2.79000353813,
MC_G2_D075_DENS_LOW_V_REF_S030,MC_G2_D075_DENS_LOW_V_REF,30,1.40402305126,1.35511136189,2.4367463382,0,0,2.80804610252,
MC_G2_D075_DENS_LOW_V_REF_S030,MC_G2_D075_DENS_LOW_V_REF,30,1.41304433346,1.46606100819,2.35298343604,0,0,2.82608866692,
MC_G2_D075_DENS_LOW_V_REF_S030,MC_G2_D075_DENS_LOW_V_REF,30,1.4220045805,1.26543363029,2.39643208998,0,0,2.844009161,
MC_G2_D075_DENS_LOW_V_REF_S030,MC_G2_D075_DENS_LOW_V_REF,30,1.43102586269,1.11045028747,2.37516964959,0,0,2.86205172539,
MC_G2_D075_DENS_LOW_V_REF_S030,MC_G2_D075_DENS_LOW_V_REF,30,1.44004714489,1.17245398625,2.92443301134,0,0,2.88009428978,
MC_G2_D075_DENS_LOW_V_REF_S030,MC_G2_D075_DENS_LOW_V_REF,30,1.44900751114,1.34161192804,3.006714309,0,0,2.89801502228,
MC_G2_D075_DENS_LOW_V_REF_S030,MC_G2_D075_DENS_LOW_V_REF,30,1.45802867413,1.2445597411,2.78511002533,0,0,2.91605734825,
MC_G2_D075_DENS_LOW_V_REF_S030,MC_G2_D075_DENS_LOW_V_REF,30,1.46704995632,1.24283390468,2.64085391872,0,0,2.93409991264,
MC_G2_D075_DENS_LOW_V_REF_S030,MC_G2_D075_DENS_LOW_V_REF,30,1.47601032257,1.46233136684,3.47252231611,0,0,2.95202064514,
MC_G2_D075_DENS_LOW_V_REF_S030,MC_G2_D075_DENS_LOW_V_REF,30,1.48503160477,1.55428866142,3.38670881318,0,0,2.97006320953,
MC_G2_D075_DENS_LOW_V_REF_S030,MC_G2_D075_DENS_LOW_V_REF,30,1.49405276775,1.45948357097,3.09147127859,0,0,2.98810553551,
MC_G2_D075_DENS_LOW_V_REF_S030,MC_G2_D075_DENS_LOW_V_REF,30,1.503013134,1.56490244484,2.91359774981,0,0,3.00602626801,
MC_G2_D075_DENS_LOW_V_REF_S030,MC_G2_D075_DENS_LOW_V_REF,30,1.5120344162,1.32807270545,2.58168394476,0,0,3.0240688324,
MC_G2_D075_DENS_LOW_V_REF_S030,MC_G2_D075_DENS_LOW_V_REF,30,1.52105569839,1.47810801504,2.31641862852,0,0,3.04211139679,
MC_G2_D075_DENS_LOW_V_REF_S030,MC_G2_D075_DENS_LOW_V_REF,30,1.53001594543,1.57364477613,3.05047599238,0,0,3.06003189087,
MC_G2_D075_DENS_LOW_V_REF_S030,MC_G2_D075_DENS_LOW_V_REF,30,1.53903722763,1.46147300776,2.40924966893,0,0,3.07807445526,
MC_G2_D075_DENS_LOW_V_REF_S030,MC_G2_D075_DENS_LOW_V_REF,30,1.54805850983,1.62191155204,3.33499263197,0,0,3.09611701965,
MC_G2_D075_DENS_LOW_V_REF_S030,MC_G2_D075_DENS_LOW_V_REF,30,1.55701875687,1.41635327217,3.90038405036,0,0,3.11403751373,
MC_G2_D075_DENS_LOW_V_REF_S030,MC_G2_D075_DENS_LOW_V_REF,30,1.56604003906,1.48023408745,3.93305610422,0,0,3.13208007812,
MC_G2_D075_DENS_LOW_V_REF_S030,MC_G2_D075_DENS_LOW_V_REF,30,1.57500040531,1.42554295042,3.69430630664,0,0,3.15000081062,
MC_G2_D075_DENS_LOW_V_REF_S030,MC_G2_D075_DENS_LOW_V_REF,30,1.5840215683,1.45824003482,3.73058600696,0,0,3.1680431366,
MC_G2_D075_DENS_LOW_V_REF_S030,MC_G2_D075_DENS_LOW_V_REF,30,1.59304285049,1.58087734595,3.37475614159,0,0,3.18608570099,
MC_G2_D075_DENS_LOW_V_REF_S030,MC_G2_D075_DENS_LOW_V_REF,30,1.60200321674,1.54229111419,2.88179096314,0,0,3.20400643349,
MC_G2_D075_DENS_LOW_V_REF_S030,MC_G2_D075_DENS_LOW_V_REF,30,1.61102437973,1.48779836822,2.72353089241,0,0,3.22204875946,
MC_G2_D075_DENS_LOW_V_REF_S030,MC_G2_D075_DENS_LOW_V_REF,30,1.62004566193,1.49175444616,2.69699510177,0,0,3.24009132385,
MC_G2_D075_DENS_LOW_V_REF_S030,MC_G2_D075_DENS_LOW_V_REF,30,1.62900602818,1.54321095239,3.12053406053,0,0,3.25801205635,
MC_G2_D075_DENS_LOW_V_REF_S030,MC_G2_D075_DENS_LOW_V_REF,30,1.63802731037,1.54149008957,3.03507184432,0,0,3.27605462074,
MC_G2_D075_DENS_LOW_V_REF_S030,MC_G2_D075_DENS_LOW_V_REF,30,1.64704847336,1.53503892632,2.45885004502,0,0,3.29409694672,
MC_G2_D075_DENS_LOW_V_REF_S030,MC_G2_D075_DENS_LOW_V_REF,30,1.65600883961,1.4725083031,4.89481274801,0,0,3.31201767921,
MC_G2_D075_DENS_LOW_V_REF_S030,MC_G2_D075_DENS_LOW_V_REF,30,1.6650301218,1.64242982941,3.04828615938,0,0,3.33006024361,
MC_G2_D075_DENS_LOW_V_REF_S030,MC_G2_D075_DENS_LOW_V_REF,30,1.674051404,1.65026378939,3.39794109512,0,0,3.348102808,
MC_G2_D075_DENS_LOW_V_REF_S030,MC_G2_D075_DENS_LOW_V_REF,30,1.68301165104,1.40999591638,3.46257389539,0,0,3.36602330208,
MC_G2_D075_DENS_LOW_V_REF_S030,MC_G2_D075_DENS_LOW_V_REF,30,1.69203293324,1.54656729804,4.8535301721,0,0,3.38406586647,
MC_G2_D075_DENS_LOW_V_REF_S030,MC_G2_D075_DENS_LOW_V_REF,30,1.70105421543,1.49202799372,3.72599129561,0,0,3.40210843086,
MC_G2_D075_DENS_LOW_V_REF_S030,MC_G2_D075_DENS_LOW_V_REF,30,1.71001446247,1.55562006436,3.84912962087,0,0,3.42002892494,
MC_G2_D075_DENS_LOW_V_REF_S030,MC_G2_D075_DENS_LOW_V_REF,30,1.71903574467,1.67158336768,3.15658140576,0,0,3.43807148933,
MC_G2_D075_DENS_LOW_V_REF_S030,MC_G2_D075_DENS_LOW_V_REF,30,1.72805702686,1.58056166101,3.33297922254,0,0,3.45611405373,
MC_G2_D075_DENS_LOW_V_REF_S030,MC_G2_D075_DENS_LOW_V_REF,30,1.7370172739,1.67152244118,4.34131879487,0,0,3.47403454781,
MC_G2_D075_DENS_LOW_V_REF_S030,MC_G2_D075_DENS_LOW_V_REF,30,1.7460385561,1.61256672535,3.00788687775,0,0,3.4920771122,
MC_G2_D075_DENS_LOW_V_REF_S030,MC_G2_D075_DENS_LOW_V_REF,30,1.75505983829,1.88395712643,3.08368083029,0,0,3.51011967659,
MC_G2_D075_DENS_LOW_V_REF_S030,MC_G2_D075_DENS_LOW_V_REF,30,1.76402008533,1.79623014812,3.25445865484,0,0,3.52804017067,
MC_G2_D075_DENS_LOW_V_REF_S030,MC_G2_D075_DENS_LOW_V_REF,30,1.77304136753,1.64738960585,2.85719035882,0,0,3.54608273506,
MC_G2_D075_DENS_LOW_V_REF_S030,MC_G2_D075_DENS_LOW_V_REF,30,1.78200173378,1.76563288662,3.20588921934,0,0,3.56400346756,
MC_G2_D075_DENS_LOW_V_REF_S030,MC_G2_D075_DENS_LOW_V_REF,30,1.79102301598,1.72077840927,2.28417528615,0,0,3.58204603195,
MC_G2_D075_DENS_LOW_V_REF_S030,MC_G2_D075_DENS_LOW_V_REF,30,1.80004417896,1.73778892275,3.4100517783,0,0,3.60008835793,
MC_G2_D075_DENS_LOW_V_REF_S030,MC_G2_D075_DENS_LOW_V_REF,30,1.80900454521,1.57515136003,3.67984826779,0,0,3.61800909042,
MC_G2_D075_DENS_LOW_V_REF_S030,MC_G2_D075_DENS_LOW_V_REF,30,1.81802582741,1.88698452423,3.9796249417,0,0,3.63605165482,
MC_G2_D075_DENS_LOW_V_REF_S030,MC_G2_D075_DENS_LOW_V_REF,30,1.8270471096,1.6834819957,4.37765675031,0,0,3.65409421921,
MC_G2_D075_DENS_LOW_V_REF_S030,MC_G2_D075_DENS_LOW_V_REF,30,1.83600735664,1.62727971564,3.37830770243,0,0,3.67201471329,
MC_G2_D075_DENS_LOW_V_REF_S030,MC_G2_D075_DENS_LOW_V_REF,30,1.84502863884,1.79815879657,4.04509884642,0,0,3.69005727768,
MC_G2_D075_DENS_LOW_V_REF_S030,MC_G2_D075_DENS_LOW_V_REF,30,1.85404992104,1.87383711016,3.53376531467,0,0,3.70809984207,
MC_G2_D075_DENS_LOW_V_REF_S030,MC_G2_D075_DENS_LOW_V_REF,30,1.86301016808,1.82013267852,2.97980257699,0,0,3.72602033615,
MC_G2_D075_DENS_LOW_V_REF_S030,MC_G2_D075_DENS_LOW_V_REF,30,1.87203145027,1.8071833792,3.22741318575,0,0,3.74406290054,
MC_G2_D075_DENS_LOW_V_REF_S030,MC_G2_D075_DENS_LOW_V_REF,30,1.88105273247,1.79192909631,3.01716497759,0,0,3.76210546494,
MC_G2_D075_DENS_LOW_V_REF_S030,MC_G2_D075_DENS_LOW_V_REF,30,1.89001297951,2.01610601773,3.0466405966,0,0,3.78002595901,
MC_G2_D075_DENS_LOW_V_REF_S030,MC_G2_D075_DENS_LOW_V_REF,30,1.8990342617,1.56612857342,2.180942134,0,0,3.79806852341,
MC_G2_D075_DENS_LOW_V_REF_S030,MC_G2_D075_DENS_LOW_V_REF,30,1.9080555439,1.86077852997,3.59215002744,0,0,3.8161110878,
MC_G2_D075_DENS_LOW_V_REF_S030,MC_G2_D075_DENS_LOW_V_REF,30,1.91701579094,1.72709335137,3.049921022,0,0,3.83403158188,
MC_G2_D075_DENS_LOW_V_REF_S030,MC_G2_D075_DENS_LOW_V_REF,30,1.92603707314,1.57033250203,3.57853183094,0,0,3.85207414627,
MC_G2_D075_DENS_LOW_V_REF_S030,MC_G2_D075_DENS_LOW_V_REF,30,1.93505835533,1.90755115596,4.49906357593,0,0,3.87011671066,
MC_G2_D075_DENS_LOW_V_REF_S030,MC_G2_D075_DENS_LOW_V_REF,30,1.94401860237,1.77480874935,3.77222210313,0,0,3.88803720474,
MC_G2_D075_DENS_LOW_V_REF_S030,MC_G2_D075_DENS_LOW_V_REF,30,1.95303988457,1.83146224472,4.04641017355,0,0,3.90607976913,
MC_G2_D075_DENS_LOW_V_REF_S030,MC_G2_D075_DENS_LOW_V_REF,30,1.96200025082,2.07620289661,4.61515732965,0,0,3.92400050163,
MC_G2_D075_DENS_LOW_V_REF_S030,MC_G2_D075_DENS_LOW_V_REF,30,1.9710214138,1.80180913676,3.55608695185,0,0,3.94204282761,
MC_G2_D075_DENS_LOW_V_REF_S030,MC_G2_D075_DENS_LOW_V_REF,30,1.980042696,1.98605502242,3.87155004113,0,0,3.960085392,
MC_G2_D075_DENS_LOW_V_REF_S030,MC_G2_D075_DENS_LOW_V_REF,30,1.98900306225,2.10357091537,3.79571196099,0,0,3.9780061245,
MC_G2_D075_DENS_LOW_V_REF_S030,MC_G2_D075_DENS_LOW_V_REF,30,1.99802434444,2.01178976883,3.63295819529,0,0,3.99604868889,
MC_G2_D075_DENS_LOW_V_REF_S030,MC_G2_D075_DENS_LOW_V_REF,30,2.00704550743,2.08422157027,4.20931677813,0,0,4.01409101486,
MC_G2_D075_DENS_LOW_V_REF_S030,MC_G2_D075_DENS_LOW_V_REF,30,2.01600575447,1.98901928323,3.81787411697,0,0,4.03201150894,
MC_G2_D075_DENS_LOW_V_REF_S030,MC_G2_D075_DENS_LOW_V_REF,30,2.02502703667,1.82077537712,3.32437027239,0,0,4.05005407333,
MC_G2_D075_DENS_LOW_V_REF_S030,MC_G2_D075_DENS_LOW_V_REF,30,2.03404831886,2.05219992729,3.78803724877,0,0,4.06809663773,
MC_G2_D075_DENS_LOW_V_REF_S030,MC_G2_D075_DENS_LOW_V_REF,30,2.0430085659,1.94820626383,4.44277137321,0,0,4.08601713181,
MC_G2_D075_DENS_LOW_V_REF_S030,MC_G2_D075_DENS_LOW_V_REF,30,2.0520298481,1.89512891924,4.37064523766,0,0,4.1040596962,
MC_G2_D075_DENS_LOW_V_REF_S030,MC_G2_D075_DENS_LOW_V_REF,30,2.06105113029,1.92520119047,4.58817549846,0,0,4.12210226059,
MC_G2_D075_DENS_LOW_V_REF_S030,MC_G2_D075_DENS_LOW_V_REF,30,2.07001137733,1.94563685095,4.08927955659,0,0,4.14002275467,
MC_G2_D075_DENS_LOW_V_REF_S030,MC_G2_D075_DENS_LOW_V_REF,30,2.07903265953,2.1369205074,4.94926142324,0,0,4.15806531906,
MC_G2_D075_DENS_LOW_V_REF_S030,MC_G2_D075_DENS_LOW_V_REF,30,2.08805394173,2.23814622878,3.92724277723,0,0,4.17610788345,
MC_G2_D075_DENS_LOW_V_REF_S030,MC_G2_D075_DENS_LOW_V_REF,30,2.09701418877,2.15260265736,4.04337398688,0,0,4.19402837753,
MC_G2_D075_DENS_LOW_V_REF_S030,MC_G2_D075_DENS_LOW_V_REF,30,2.10603547096,1.95987721185,3.3792032844,0,0,4.21207094193,
MC_G2_D075_DENS_LOW_V_REF_S030,MC_G2_D075_DENS_LOW_V_REF,30,2.11505675316,2.15060479309,3.63569180692,0,0,4.23011350632,
MC_G2_D075_DENS_LOW_V_REF_S030,MC_G2_D075_DENS_LOW_V_REF,30,2.12401723862,2.32536507177,4.07781651102,0,0,4.24803447723,
MC_G2_D075_DENS_LOW_V_REF_S030,MC_G2_D075_DENS_LOW_V_REF,30,2.13303828239,2.28189905551,4.37150257776,0,0,4.26607656479,
MC_G2_D075_DENS_LOW_V_REF_S030,MC_G2_D075_DENS_LOW_V_REF,30,2.14205956459,2.18557660504,3.46658176301,0,0,4.28411912918,
MC_G2_D075_DENS_LOW_V_REF_S030,MC_G2_D075_DENS_LOW_V_REF,30,2.15102005005,2.11502067671,4.03317879653,0,0,4.3020401001,
MC_G2_D075_DENS_LOW_V_REF_S030,MC_G2_D075_DENS_LOW_V_REF,30,2.16004109383,2.18499870128,4.3536229119,0,0,4.32008218765,
MC_G2_D075_DENS_LOW_V_REF_S030,MC_G2_D075_DENS_LOW_V_REF,30,2.16900157928,2.31126714902,4.83190399738,0,0,4.33800315857,
MC_G2_D075_DENS_LOW_V_REF_S030,MC_G2_D075_DENS_LOW_V_REF,30,2.17802286148,2.10614115718,4.78682470833,0,0,4.35604572296,
MC_G2_D075_DENS_LOW_V_REF_S030,MC_G2_D075_DENS_LOW_V_REF,30,2.18704390526,2.25563503602,5.13871717964,0,0,4.37408781052,
MC_G2_D075_DENS_LOW_V_REF_S030,MC_G2_D075_DENS_LOW_V_REF,30,2.19600439072,2.21481566146,4.37323913586,0,0,4.39200878143,
MC_G2_D075_DENS_LOW_V_REF_S030,MC_G2_D075_DENS_LOW_V_REF,30,2.20502567291,2.05634127154,5.02252041171,0,0,4.41005134583,
MC_G2_D075_DENS_LOW_V_REF_S030,MC_G2_D075_DENS_LOW_V_REF,30,2.21404671669,2.27593889631,3.97412947928,0,0,4.42809343338,
MC_G2_D075_DENS_LOW_V_REF_S030,MC_G2_D075_DENS_LOW_V_REF,30,2.22300720215,2.18007677941,3.97310656346,0,0,4.4460144043,
MC_G2_D075_DENS_LOW_V_REF_S030,MC_G2_D075_DENS_LOW_V_REF,30,2.23202848434,2.23673759701,4.0467747807,0,0,4.46405696869,
MC_G2_D075_DENS_LOW_V_REF_S030,MC_G2_D075_DENS_LOW_V_REF,30,2.24104952812,2.25850548936,4.12850074858,0,0,4.48209905624,
MC_G2_D075_DENS_LOW_V_REF_S030,MC_G2_D075_DENS_LOW_V_REF,30,2.25001001358,2.25251203473,4.59400054333,0,0,4.50002002716,
MC_G2_D075_DENS_LOW_V_REF_S030,MC_G2_D075_DENS_LOW_V_REF,30,2.25903129578,2.30880784594,4.07515747377,0,0,4.51806259155,
MC_G2_D075_DENS_LOW_V_REF_S030,MC_G2_D075_DENS_LOW_V_REF,30,2.26805233955,2.20309262888,3.44753331058,0,0,4.53610467911,
MC_G2_D075_DENS_LOW_V_REF_S030,MC_G2_D075_DENS_LOW_V_REF,30,2.27701282501,2.09765676189,4.16589052253,0,0,4.55402565002,
MC_G2_D075_DENS_LOW_V_REF_S030,MC_G2_D075_DENS_LOW_V_REF,30,2.28603410721,2.42975192531,5.00931529387,0,0,4.57206821442,
MC_G2_D075_DENS_LOW_V_REF_S030,MC_G2_D075_DENS_LOW_V_REF,30,2.29505515099,2.2920248743,5.180886355,0,0,4.59011030197,
MC_G2_D075_DENS_LOW_V_REF_S030,MC_G2_D075_DENS_LOW_V_REF,30,2.30401563644,2.247318085,6.0348176574,0,0,4.60803127289,
MC_G2_D075_DENS_LOW_V_REF_S030,MC_G2_D075_DENS_LOW_V_REF,30,2.31303691864,2.49279220355,5.2929594971,0,0,4.62607383728,
MC_G2_D075_DENS_LOW_V_REF_S030,MC_G2_D075_DENS_LOW_V_REF,30,2.32205796242,2.62055632092,5.99349188189,0,0,4.64411592484,
MC_G2_D075_DENS_LOW_V_REF_S030,MC_G2_D075_DENS_LOW_V_REF,30,2.33101844788,2.32057439746,4.22232747463,0,0,4.66203689575,
MC_G2_D075_DENS_LOW_V_REF_S030,MC_G2_D075_DENS_LOW_V_REF,30,2.34003973007,2.4910550384,4.52159235085,0,0,4.68007946014,
MC_G2_D075_DENS_LOW_V_REF_S030,MC_G2_D075_DENS_LOW_V_REF,30,2.34906077385,2.37428863813,4.5153624518,0,0,4.6981215477,
MC_G2_D075_DENS_LOW_V_REF_S030,MC_G2_D075_DENS_LOW_V_REF,30,2.35802125931,2.4300986952,3.92316830069,0,0,4.71604251862,
MC_G2_D075_DENS_LOW_V_REF_S030,MC_G2_D075_DENS_LOW_V_REF,30,2.3670425415,2.42897576866,4.52408927971,0,0,4.73408508301,
MC_G2_D075_DENS_LOW_V_REF_S030,MC_G2_D075_DENS_LOW_V_REF,30,2.37600278854,2.45403300132,5.53707446135,0,0,4.75200557709,
MC_G2_D075_DENS_LOW_V_REF_S030,MC_G2_D075_DENS_LOW_V_REF,30,2.38502407074,2.67335956533,4.8801972448,0,0,4.77004814148,
MC_G2_D075_DENS_LOW_V_REF_S030,MC_G2_D075_DENS_LOW_V_REF,30,2.39404535294,2.31114805912,6.7768482471,0,0,4.78809070587,
MC_G2_D075_DENS_LOW_V_REF_S030,MC_G2_D075_DENS_LOW_V_REF,30,2.40300559998,2.40830524411,4.5952101111,0,0,4.80601119995,
MC_G2_D075_DENS_LOW_V_REF_S030,MC_G2_D075_DENS_LOW_V_REF,30,2.41202688217,2.34443879698,5.44118394769,0,0,4.82405376434,
MC_G2_D075_DENS_LOW_V_REF_S030,MC_G2_D075_DENS_LOW_V_REF,30,2.42104816437,2.3469369217,5.27266848228,0,0,4.84209632874,
MC_G2_D075_DENS_LOW_V_REF_S030,MC_G2_D075_DENS_LOW_V_REF,30,2.43000841141,2.48768846926,5.23839354624,0,0,4.86001682281,
MC_G2_D075_DENS_LOW_V_REF_S030,MC_G2_D075_DENS_LOW_V_REF,30,2.4390296936,2.27779169747,4.54324335085,0,0,4.87805938721,
MC_G2_D075_DENS_LOW_V_REF_S030,MC_G2_D075_DENS_LOW_V_REF,30,2.4480509758,2.48501295309,5.52003369,0,0,4.8961019516,
MC_G2_D075_DENS_LOW_V_REF_S030,MC_G2_D075_DENS_LOW_V_REF,30,2.45701122284,2.4853215921,4.60150918834,0,0,4.91402244568,
MC_G2_D075_DENS_LOW_V_REF_S030,MC_G2_D075_DENS_LOW_V_REF,30,2.46603250504,2.75021592944,4.41209263412,0,0,4.93206501007,
MC_G2_D075_DENS_LOW_V_REF_S030,MC_G2_D075_DENS_LOW_V_REF,30,2.47505378723,2.57542014484,5.14736350852,0,0,4.95010757446,
MC_G2_D075_DENS_LOW_V_REF_S030,MC_G2_D075_DENS_LOW_V_REF,30,2.48401403427,2.53047296526,5.04373905554,0,0,4.96802806854,
MC_G2_D075_DENS_LOW_V_REF_S030,MC_G2_D075_DENS_LOW_V_REF,30,2.49303531647,2.34246538621,4.44338644645,0,0,4.98607063293,
MC_G2_D075_DENS_LOW_V_REF_S030,MC_G2_D075_DENS_LOW_V_REF,30,2.50205636024,2.49110394539,4.4484534233,0,0,5.00411272049,
MC_G2_D075_DENS_LOW_V_REF_S030,MC_G2_D075_DENS_LOW_V_REF,30,2.5110168457,2.58406120827,4.49713087532,0,0,5.02203369141,
MC_G2_D075_DENS_LOW_V_REF_S030,MC_G2_D075_DENS_LOW_V_REF,30,2.5200381279,2.52281418625,4.32605863508,0,0,5.0400762558,
MC_G2_D075_DENS_LOW_V_REF_S030,MC_G2_D075_DENS_LOW_V_REF,30,2.52905917168,2.71351966263,4.80255264815,0,0,5.05811834335,
MC_G2_D075_DENS_LOW_V_REF_S030,MC_G2_D075_DENS_LOW_V_REF,30,2.53801965714,2.77911802501,5.83658700773,0,0,5.07603931427,
MC_G2_D075_DENS_LOW_V_REF_S030,MC_G2_D075_DENS_LOW_V_REF,30,2.54704093933,2.63535690169,5.58217544454,0,0,5.09408187866,
MC_G2_D075_DENS_LOW_V_REF_S030,MC_G2_D075_DENS_LOW_V_REF,30,2.55600118637,2.55532987269,5.42265445985,0,0,5.11200237274,
MC_G2_D075_DENS_LOW_V_REF_S030,MC_G2_D075_DENS_LOW_V_REF,30,2.56502246857,2.51270232115,4.85054875719,0,0,5.13004493713,
MC_G2_D075_DENS_LOW_V_REF_S030,MC_G2_D075_DENS_LOW_V_REF,30,2.57404375076,2.63527400849,5.0257286703,0,0,5.14808750153,
MC_G2_D075_DENS_LOW_V_REF_S030,MC_G2_D075_DENS_LOW_V_REF,30,2.5830039978,2.77711946997,6.14828700679,0,0,5.16600799561,
MC_G2_D075_DENS_LOW_V_REF_S030,MC_G2_D075_DENS_LOW_V_REF,30,2.59202528,3.07407689689,5.79365661052,0,0,5.18405056,
MC_G2_D075_DENS_LOW_V_REF_S030,MC_G2_D075_DENS_LOW_V_REF,30,2.60104632378,2.89046127586,4.59521099989,0,0,5.20209264755,
MC_G2_D075_DENS_LOW_V_REF_S030,MC_G2_D075_DENS_LOW_V_REF,30,2.61000680923,2.66713981226,4.7609833559,0,0,5.22001361847,
MC_G2_D075_DENS_LOW_V_REF_S030,MC_G2_D075_DENS_LOW_V_REF,30,2.61902809143,2.78693319586,4.7521597645,0,0,5.23805618286,
MC_G2_D075_DENS_LOW_V_REF_S030,MC_G2_D075_DENS_LOW_V_REF,30,2.62804913521,2.86305816565,4.44094963008,0,0,5.25609827042,
MC_G2_D075_DENS_LOW_V_REF_S030,MC_G2_D075_DENS_LOW_V_REF,30,2.63700962067,2.66548305351,5.16726342829,0,0,5.27401924133,
MC_G2_D075_DENS_LOW_V_REF_S030,MC_G2_D075_DENS_LOW_V_REF,30,2.64603090286,2.7879237696,5.84208593939,0,0,5.29206180573,
MC_G2_D075_DENS_LOW_V_REF_S030,MC_G2_D075_DENS_LOW_V_REF,30,2.65505194664,2.41860389522,5.2904462835,0,0,5.31010389328,
MC_G2_D075_DENS_LOW_V_REF_S030,MC_G2_D075_DENS_LOW_V_REF,30,2.6640124321,2.84435497304,5.50092709782,0,0,5.3280248642,
MC_G2_D075_DENS_LOW_V_REF_S030,MC_G2_D075_DENS_LOW_V_REF,30,2.67303347588,2.57473130235,5.56242140709,0,0,5.34606695175,
MC_G2_D075_DENS_LOW_V_REF_S030,MC_G2_D075_DENS_LOW_V_REF,30,2.68205475807,2.54896560915,4.96545682465,0,0,5.36410951614,
MC_G2_D075_DENS_LOW_V_REF_S030,MC_G2_D075_DENS_LOW_V_REF,30,2.69101524353,2.99084190107,6.32582954801,0,0,5.38203048706,
MC_G2_D075_DENS_LOW_V_REF_S030,MC_G2_D075_DENS_LOW_V_REF,30,2.70003628731,2.66778499766,5.46515542536,0,0,5.40007257462,
MC_G2_D075_DENS_LOW_V_REF_S030,MC_G2_D075_DENS_LOW_V_REF,30,2.7090575695,2.60554436248,4.56302841361,0,0,5.41811513901,
MC_G2_D075_DENS_LOW_V_REF_S030,MC_G2_D075_DENS_LOW_V_REF,30,2.71801781654,2.76994810297,5.10373734668,0,0,5.43603563309,
MC_G2_D075_DENS_LOW_V_REF_S030,MC_G2_D075_DENS_LOW_V_REF,30,2.72703909874,2.85801052242,5.25146594285,0,0,5.45407819748,
MC_G2_D075_DENS_LOW_V_REF_S030,MC_G2_D075_DENS_LOW_V_REF,30,2.73606038094,3.23272840195,5.96507420392,0,0,5.47212076187,
MC_G2_D075_DENS_LOW_V_REF_S030,MC_G2_D075_DENS_LOW_V_REF,30,2.74502062798,3.09800042689,5.36806579137,0,0,5.49004125595,
MC_G2_D075_DENS_LOW_V_REF_S030,MC_G2_D075_DENS_LOW_V_REF,30,2.75404191017,2.84510405125,5.81910578409,0,0,5.50808382034,
MC_G2_D075_DENS_LOW_V_REF_S030,MC_G2_D075_DENS_LOW_V_REF,30,2.76300215721,2.90009816292,5.04954193744,0,0,5.52600431442,
MC_G2_D075_DENS_LOW_V_REF_S030,MC_G2_D075_DENS_LOW_V_REF,30,2.77202343941,2.96425252577,5.22668595381,0,0,5.54404687881,
MC_G2_D075_DENS_LOW_V_REF_S030,MC_G2_D075_DENS_LOW_V_REF,30,2.7810447216,3.09983098505,7.11619914163,0,0,5.56208944321,
MC_G2_D075_DENS_LOW_V_REF_S030,MC_G2_D075_DENS_LOW_V_REF,30,2.79000496864,2.71060734822,6.3727457354,0,0,5.58000993729,
MC_G2_D075_DENS_LOW_V_REF_S030,MC_G2_D075_DENS_LOW_V_REF,30,2.79902625084,2.84925782948,5.68472673314,0,0,5.59805250168,
MC_G2_D075_DENS_LOW_V_REF_S030,MC_G2_D075_DENS_LOW_V_REF,30,2.80804753304,2.7031323158,4.69680627348,0,0,5.61609506607,
MC_G2_D075_DENS_LOW_V_REF_S030,MC_G2_D075_DENS_LOW_V_REF,30,2.81700778008,2.98549501339,5.99956139445,0,0,5.63401556015,
MC_G2_D075_DENS_LOW_V_REF_S030,MC_G2_D075_DENS_LOW_V_REF,30,2.82602906227,2.98036199016,6.31941573255,0,0,5.65205812454,
MC_G2_D075_DENS_LOW_V_REF_S030,MC_G2_D075_DENS_LOW_V_REF,30,2.83505034447,3.06378957452,6.2237557992,0,0,5.67010068893,
MC_G2_D075_DENS_LOW_V_REF_S030,MC_G2_D075_DENS_LOW_V_REF,30,2.84401059151,3.10810648947,5.36019892876,0,0,5.68802118301,
MC_G2_D075_DENS_LOW_V_REF_S030,MC_G2_D075_DENS_LOW_V_REF,30,2.8530318737,3.105503643,5.36005331976,0,0,5.70606374741,
MC_G2_D075_DENS_LOW_V_REF_S030,MC_G2_D075_DENS_LOW_V_REF,30,2.8620531559,3.09246896369,5.72509954678,0,0,5.7241063118,
MC_G2_D075_DENS_LOW_V_REF_S030,MC_G2_D075_DENS_LOW_V_REF,30,2.87101340294,2.91357189989,5.69728272752,0,0,5.74202680588,
MC_G2_D075_DENS_LOW_V_REF_S030,MC_G2_D075_DENS_LOW_V_REF,30,2.88003468513,3.07761588389,5.7732392165,0,0,5.76006937027,
MC_G2_D075_DENS_LOW_V_REF_S030,MC_G2_D075_DENS_LOW_V_REF,30,2.88905596733,3.16868345813,5.69713325928,0,0,5.77811193466,
MC_G2_D075_DENS_LOW_V_REF_S030,MC_G2_D075_DENS_LOW_V_REF,30,2.89801621437,3.01870368698,5.93640359195,0,0,5.79603242874,
MC_G2_D075_DENS_LOW_V_REF_S030,MC_G2_D075_DENS_LOW_V_REF,30,2.90703749657,3.04676939017,6.62838474011,0,0,5.81407499313,
MC_G2_D075_DENS_LOW_V_REF_S030,MC_G2_D075_DENS_LOW_V_REF,30,2.91605877876,3.0483170062,6.82965063707,0,0,5.83211755753,
MC_G2_D075_DENS_LOW_V_REF_S030,MC_G2_D075_DENS_LOW_V_REF,30,2.9250190258,3.17329591206,6.4157230924,0,0,5.85003805161,
MC_G2_D075_DENS_LOW_V_REF_S030,MC_G2_D075_DENS_LOW_V_REF,30,2.934040308,3.03492754399,6.57243797814,0,0,5.868080616,
MC_G2_D075_DENS_LOW_V_REF_S030,MC_G2_D075_DENS_LOW_V_REF,30,2.94300055504,2.9802592026,5.3252083253,0,0,5.88600111008,
MC_G2_D075_DENS_LOW_V_REF_S030,MC_G2_D075_DENS_LOW_V_REF,30,2.95202183723,3.19086816512,5.27923168347,0,0,5.90404367447,
MC_G2_D075_DENS_LOW_V_REF_S030,MC_G2_D075_DENS_LOW_V_REF,30,2.96104311943,3.27355496058,5.94964455742,0,0,5.92208623886,
MC_G2_D075_DENS_LOW_V_REF_S030,MC_G2_D075_DENS_LOW_V_REF,30,2.97000336647,3.30080720517,5.60920535159,0,0,5.94000673294,
MC_G2_D075_DENS_LOW_V_REF_S030,MC_G2_D075_DENS_LOW_V_REF,30,2.97902464867,3.31064994368,5.51992800893,0,0,5.95804929733,
MC_G2_D075_DENS_LOW_V_REF_S030,MC_G2_D075_DENS_LOW_V_REF,30,2.98804593086,3.35136404387,5.93576137569,0,0,5.97609186172,
MC_G2_D075_DENS_LOW_V_REF_S030,MC_G2_D075_DENS_LOW_V_REF,30,2.9970061779,3.04755742818,5.59362585638,0,0,5.9940123558,
MC_G2_D075_DENS_LOW_V_REF_S030,MC_G2_D075_DENS_LOW_V_REF,30,3.0060274601,3.14121486229,5.64085657201,0,0,6.0120549202,
MC_G2_D075_DENS_LOW_V_REF_S030,MC_G2_D075_DENS_LOW_V_REF,30,3.01504874229,3.20625010353,6.04705855409,0,0,6.03009748459,
MC_G2_D075_DENS_LOW_V_REF_S030,MC_G2_D075_DENS_LOW_V_REF,30,3.02400898933,3.06146220978,6.54186051853,0,0,6.04801797867,
MC_G2_D075_DENS_LOW_V_REF_S030,MC_G2_D075_DENS_LOW_V_REF,30,3.03303027153,3.22293318887,7.11832193075,0,0,6.06606054306,
MC_G2_D075_DENS_LOW_V_REF_S030,MC_G2_D075_DENS_LOW_V_REF,30,3.04205131531,3.24830900773,6.30556924594,0,0,6.08410263062,
MC_G2_D075_DENS_LOW_V_REF_S030,MC_G2_D075_DENS_LOW_V_REF,30,3.05101180077,3.33700556016,7.00910819061,0,0,6.10202360153,
MC_G2_D075_DENS_LOW_V_REF_S030,MC_G2_D075_DENS_LOW_V_REF,30,3.06003308296,3.29948174291,5.92330933641,0,0,6.12006616592,
MC_G2_D075_DENS_LOW_V_REF_S030,MC_G2_D075_DENS_LOW_V_REF,30,3.06905412674,3.33940973925,5.98988297019,0,0,6.13810825348,
MC_G2_D075_DENS_LOW_V_REF_S030,MC_G2_D075_DENS_LOW_V_REF,30,3.0780146122,3.49391271599,6.2985611074,0,0,6.1560292244,
MC_G2_D075_DENS_LOW_V_REF_S030,MC_G2_D075_DENS_LOW_V_REF,30,3.08703565598,3.34348863729,5.72584944484,0,0,6.17407131195,
MC_G2_D075_DENS_LOW_V_REF_S030,MC_G2_D075_DENS_LOW_V_REF,30,3.09605693817,3.58164853623,6.09044683355,0,0,6.19211387634,
MC_G2_D075_DENS_LOW_V_REF_S030,MC_G2_D075_DENS_LOW_V_REF,30,3.10501718521,3.53147604566,5.91524247693,0,0,6.21003437042,
MC_G2_D075_DENS_LOW_V_REF_S030,MC_G2_D075_DENS_LOW_V_REF,30,3.11403846741,3.23021231703,5.61742392295,0,0,6.22807693481,
MC_G2_D075_DENS_LOW_V_REF_S030,MC_G2_D075_DENS_LOW_V_REF,30,3.1230597496,3.57187294121,5.38686882913,0,0,6.24611949921,
MC_G2_D075_DENS_LOW_V_REF_S030,MC_G2_D075_DENS_LOW_V_REF,30,3.13201999664,3.41921710127,6.55155807211,0,0,6.26403999329,
MC_G2_D075_DENS_LOW_V_REF_S030,MC_G2_D075_DENS_LOW_V_REF,30,3.14104127884,2.9813370905,5.70544923407,0,0,6.28208255768,
MC_G2_D075_DENS_LOW_V_REF_S030,MC_G2_D075_DENS_LOW_V_REF,30,3.15000152588,3.33044318186,6.62650835381,0,0,6.30000305176,
MC_G2_D075_DENS_LOW_V_REF_S030,MC_G2_D075_DENS_LOW_V_REF,30,3.15902280807,3.29634589317,6.29705386673,0,0,6.31804561615,
MC_G2_D075_DENS_LOW_V_REF_S030,MC_G2_D075_DENS_LOW_V_REF,30,3.16804409027,3.47181256006,6.58424189855,0,0,6.33608818054,
MC_G2_D075_DENS_LOW_V_REF_S030,MC_G2_D075_DENS_LOW_V_REF,30,3.17700433731,3.41564136496,5.85214771395,0,0,6.35400867462,
MC_G2_D075_DENS_LOW_V_REF_S030,MC_G2_D075_DENS_LOW_V_REF,30,3.18602561951,3.52751734277,5.60092820983,0,0,6.37205123901,
MC_G2_D075_DENS_LOW_V_REF_S030,MC_G2_D075_DENS_LOW_V_REF,30,3.1950469017,3.40751838402,5.82332140254,0,0,6.39009380341,
MC_G2_D075_DENS_LOW_V_REF_S030,MC_G2_D075_DENS_LOW_V_REF,30,3.20400714874,3.84518176724,6.76668915825,0,0,6.40801429749,
MC_G2_D075_DENS_LOW_V_REF_S030,MC_G2_D075_DENS_LOW_V_REF,30,3.21302843094,3.67199493964,6.6391863899,0,0,6.42605686188,
MC_G2_D075_DENS_LOW_V_REF_S030,MC_G2_D075_DENS_LOW_V_REF,30,3.22204971313,3.73918402252,6.18802921667,0,0,6.44409942627,
MC_G2_D075_DENS_LOW_V_REF_S030,MC_G2_D075_DENS_LOW_V_REF,30,3.23100996017,3.4997008718,5.89622284155,0,0,6.46201992035,
MC_G2_D075_DENS_LOW_V_REF_S030,MC_G2_D075_DENS_LOW_V_REF,30,3.24003124237,3.84705211413,7.29465764066,0,0,6.48006248474,
MC_G2_D075_DENS_LOW_V_REF_S030,MC_G2_D075_DENS_LOW_V_REF,30,3.24905252457,3.53117569597,7.02888523676,0,0,6.49810504913,
MC_G2_D075_DENS_LOW_V_REF_S030,MC_G2_D075_DENS_LOW_V_REF,30,3.25801277161,3.60271529027,7.32615054793,0,0,6.51602554321,
MC_G2_D075_DENS_LOW_V_REF_S030,MC_G2_D075_DENS_LOW_V_REF,30,3.2670340538,3.5859587063,7.21180970597,0,0,6.5340681076,
MC_G2_D075_DENS_LOW_V_REF_S030,MC_G2_D075_DENS_LOW_V_REF,30,3.27605509758,3.31266038008,7.20118902434,0,0,6.55211019516,
MC_G2_D075_DENS_LOW_V_REF_S030,MC_G2_D075_DENS_LOW_V_REF,30,3.28501558304,3.33755818149,6.32725996984,0,0,6.57003116608,
MC_G2_D075_DENS_LOW_V_REF_S030,MC_G2_D075_DENS_LOW_V_REF,30,3.29403662682,3.7909685095,6.82256752271,0,0,6.58807325363,
MC_G2_D075_DENS_LOW_V_REF_S030,MC_G2_D075_DENS_LOW_V_REF,30,3.30305790901,3.72857314035,6.6195318845,0,0,6.60611581802,
MC_G2_D075_DENS_LOW_V_REF_S030,MC_G2_D075_DENS_LOW_V_REF,30,3.31201815605,3.70443878531,6.2360675991,0,0,6.6240363121,
MC_G2_D075_DENS_LOW_V_REF_S030,MC_G2_D075_DENS_LOW_V_REF,30,3.32103943825,3.65196794263,6.5413222519,0,0,6.6420788765,
MC_G2_D075_DENS_LOW_V_REF_S030,MC_G2_D075_DENS_LOW_V_REF,30,3.33006072044,3.48875620636,5.69170387177,0,0,6.66012144089,
MC_G2_D075_DENS_LOW_V_REF_S030,MC_G2_D075_DENS_LOW_V_REF,30,3.33902096748,3.86033519673,6.8347805937,0,0,6.67804193497,
MC_G2_D075_DENS_LOW_V_REF_S030,MC_G2_D075_DENS_LOW_V_REF,30,3.34804224968,3.68967688803,6.01522137169,0,0,6.69608449936,
MC_G2_D075_DENS_LOW_V_REF_S030,MC_G2_D075_DENS_LOW_V_REF,30,3.35700249672,3.63853067868,6.26391241822,0,0,6.71400499344,
MC_G2_D075_DENS_LOW_V_REF_S030,MC_G2_D075_DENS_LOW_V_REF,30,3.36602377892,3.82976584261,7.01179918922,0,0,6.73204755783,
MC_G2_D075_DENS_LOW_V_REF_S030,MC_G2_D075_DENS_LOW_V_REF,30,3.37504506111,3.91607893924,7.53035855373,0,0,6.75009012222,
MC_G2_D075_DENS_LOW_V_REF_S030,MC_G2_D075_DENS_LOW_V_REF,30,3.38400530815,3.37087268207,6.2864122867,0,0,6.7680106163,
MC_G2_D075_DENS_LOW_V_REF_S030,MC_G2_D075_DENS_LOW_V_REF,30,3.39302659035,3.58102407413,7.45612764392,0,0,6.78605318069,
MC_G2_D075_DENS_LOW_V_REF_S030,MC_G2_D075_DENS_LOW_V_REF,30,3.40204787254,3.61272464411,7.16599318852,0,0,6.80409574509,
MC_G2_D075_DENS_LOW_V_REF_S030,MC_G2_D075_DENS_LOW_V_REF,30,3.41100811958,3.84098460823,6.87128675963,0,0,6.82201623917,
MC_G2_D075_DENS_LOW_V_REF_S030,MC_G2_D075_DENS_LOW_V_REF,30,3.42002940178,3.84904569558,6.51527306514,0,0,6.84005880356,
MC_G2_D075_DENS_LOW_V_REF_S030,MC_G2_D075_DENS_LOW_V_REF,30,3.42905068398,3.86094611961,6.89458187017,0,0,6.85810136795,
MC_G2_D075_DENS_LOW_V_REF_S030,MC_G2_D075_DENS_LOW_V_REF,30,3.43801093102,4.1856216509,7.38137075271,0,0,6.87602186203,
MC_G2_D075_DENS_LOW_V_REF_S030,MC_G2_D075_DENS_LOW_V_REF,30,3.44703221321,3.96095427804,6.68325670817,0,0,6.89406442642,
MC_G2_D075_DENS_LOW_V_REF_S030,MC_G2_D075_DENS_LOW_V_REF,30,3.45605325699,4.11182073012,6.93186762778,0,0,6.91210651398,
MC_G2_D075_DENS_LOW_V_REF_S030,MC_G2_D075_DENS_LOW_V_REF,30,3.46501374245,4.09894299526,7.05389370434,0,0,6.93002748489,
MC_G2_D075_DENS_LOW_V_REF_S030,MC_G2_D075_DENS_LOW_V_REF,30,3.47403478622,4.04103297714,6.95119073076,0,0,6.94806957245,
MC_G2_D075_DENS_LOW_V_REF_S030,MC_G2_D075_DENS_LOW_V_REF,30,3.48305606842,3.98300248757,7.10840963037,0,0,6.96611213684,
MC_G2_D075_DENS_LOW_V_REF_S030,MC_G2_D075_DENS_LOW_V_REF,30,3.49201631546,3.84285329726,6.71700434829,0,0,6.98403263092,
MC_G2_D075_DENS_LOW_V_REF_S030,MC_G2_D075_DENS_LOW_V_REF,30,3.50103759766,3.84266098504,7.49561672184,0,0,7.00207519531,
MC_G2_D075_DENS_LOW_V_REF_S030,MC_G2_D075_DENS_LOW_V_REF,30,3.51005887985,3.87423997833,7.86037612074,0,0,7.0201177597,
MC_G2_D075_DENS_LOW_V_REF_S030,MC_G2_D075_DENS_LOW_V_REF,30,3.51901912689,4.00824015109,7.72018317594,0,0,7.03803825378,
MC_G2_D075_DENS_LOW_V_REF_S030,MC_G2_D075_DENS_LOW_V_REF,30,3.52804040909,3.75242952687,7.78896375272,0,0,7.05608081818,
MC_G2_D075_DENS_LOW_V_REF_S030,MC_G2_D075_DENS_LOW_V_REF,30,3.53700065613,3.82435319299,7.86678171667,0,0,7.07400131226,
MC_G2_D075_DENS_LOW_V_REF_S030,MC_G2_D075_DENS_LOW_V_REF,30,3.54602193832,3.86830979884,6.87706383473,0,0,7.09204387665,
MC_G2_D075_DENS_LOW_V_REF_S030,MC_G2_D075_DENS_LOW_V_REF,30,3.55504322052,4.11472917618,6.75070728836,0,0,7.11008644104,
MC_G2_D075_DENS_LOW_V_REF_S030,MC_G2_D075_DENS_LOW_V_REF,30,3.56400346756,4.00656349798,6.82361019522,0,0,7.12800693512,
MC_G2_D075_DENS_LOW_V_REF_S030,MC_G2_D075_DENS_LOW_V_REF,30,3.57302474976,3.99662791908,7.00711964077,0,0,7.14604949951,
MC_G2_D075_DENS_LOW_V_REF_S030,MC_G2_D075_DENS_LOW_V_REF,30,3.58204603195,4.22280892176,6.60734627768,0,0,7.1640920639,
MC_G2_D075_DENS_LOW_V_REF_S030,MC_G2_D075_DENS_LOW_V_REF,30,3.59100627899,4.23297328588,7.23513304382,0,0,7.18201255798,
MC_G2_D075_DENS_LOW_V_REF_S030,MC_G2_D075_DENS_LOW_V_REF,30,3.60002756119,4.08744570848,7.02930209664,0,0,7.20005512238,
MC_G2_D075_DENS_LOW_V_REF_S030,MC_G2_D075_DENS_LOW_V_REF,30,3.60904860497,4.15799030808,7.38454280503,0,0,7.21809720993,
MC_G2_D075_DENS_LOW_V_REF_S030,MC_G2_D075_DENS_LOW_V_REF,30,3.61800909042,4.01628576504,7.08551659728,0,0,7.23601818085,
MC_G2_D075_DENS_LOW_V_REF_S030,MC_G2_D075_DENS_LOW_V_REF,30,3.6270301342,4.10788993459,7.18021049128,0,0,7.2540602684,
MC_G2_D075_DENS_LOW_V_REF_S030,MC_G2_D075_DENS_LOW_V_REF,30,3.6360514164,4.15782562692,8.45225713557,0,0,7.27210283279,
MC_G2_D075_DENS_LOW_V_REF_S030,MC_G2_D075_DENS_LOW_V_REF,30,3.64501166344,4.03841078893,7.98980326078,0,0,7.29002332687,
MC_G2_D075_DENS_LOW_V_REF_S030,MC_G2_D075_DENS_LOW_V_REF,30,3.65403294563,3.97868844915,7.65059360039,0,0,7.30806589127,
MC_G2_D075_DENS_LOW_V_REF_S030,MC_G2_D075_DENS_LOW_V_REF,30,3.66305422783,4.48930282154,7.99760335407,0,0,7.32610845566,
MC_G2_D075_DENS_LOW_V_REF_S030,MC_G2_D075_DENS_LOW_V_REF,30,3.67201447487,4.11571228952,6.95876836442,0,0,7.34402894974,
MC_G2_D075_DENS_LOW_V_REF_S030,MC_G2_D075_DENS_LOW_V_REF,30,3.68103575706,4.52947673438,7.86400441123,0,0,7.36207151413,
MC_G2_D075_DENS_LOW_V_REF_S030,MC_G2_D075_DENS_LOW_V_REF,30,3.69005703926,4.24962017452,7.84175412028,0,0,7.38011407852,
MC_G2_D075_DENS_LOW_V_REF_S030,MC_G2_D075_DENS_LOW_V_REF,30,3.6990172863,3.97980612579,6.23532314882,0,0,7.3980345726,
MC_G2_D075_DENS_LOW_V_REF_S030,MC_G2_D075_DENS_LOW_V_REF,30,3.7080385685,4.03641886534,6.73174565129,0,0,7.41607713699,
MC_G2_D075_DENS_LOW_V_REF_S030,MC_G2_D075_DENS_LOW_V_REF,30,3.71705961227,4.19197265153,7.44881391709,0,0,7.43411922455,
MC_G2_D075_DENS_LOW_V_REF_S030,MC_G2_D075_DENS_LOW_V_REF,30,3.72602009773,4.21434607871,7.03408255533,0,0,7.45204019547,
MC_G2_D075_DENS_LOW_V_REF_S030,MC_G2_D075_DENS_LOW_V_REF,30,3.73504114151,3.81768775082,7.09338760403,0,0,7.47008228302,
MC_G2_D075_DENS_LOW_V_REF_S030,MC_G2_D075_DENS_LOW_V_REF,30,3.74400162697,4.16424432367,7.59363367002,0,0,7.48800325394,
MC_G2_D075_DENS_LOW_V_REF_S030,MC_G2_D075_DENS_LOW_V_REF,30,3.75302267075,3.92670087383,7.83296091643,0,0,7.50604534149,
MC_G2_D075_DENS_LOW_V_REF_S030,MC_G2_D075_DENS_LOW_V_REF,30,3.76204395294,4.20015365771,7.82879592155,0,0,7.52408790588,
MC_G2_D075_DENS_LOW_V_REF_S030,MC_G2_D075_DENS_LOW_V_REF,30,3.77100419998,4.10577505276,8.21318523861,0,0,7.54200839996,
MC_G2_D075_DENS_LOW_V_REF_S030,MC_G2_D075_DENS_LOW_V_REF,30,3.78002548218,3.99773426699,6.75699187805,0,0,7.56005096436,
MC_G2_D075_DENS_LOW_V_REF_S030,MC_G2_D075_DENS_LOW_V_REF,30,3.78904676437,4.41739352357,7.87452431995,0,0,7.57809352875,
MC_G2_D075_DENS_LOW_V_REF_S030,MC_G2_D075_DENS_LOW_V_REF,30,3.79800701141,4.5627768668,7.500640429,0,0,7.59601402283,
MC_G2_D075_DENS_LOW_V_REF_S030,MC_G2_D075_DENS_LOW_V_REF,30,3.80702829361,4.26368024272,7.35693366968,0,0,7.61405658722,
MC_G2_D075_DENS_LOW_V_REF_S030,MC_G2_D075_DENS_LOW_V_REF,30,3.81604957581,4.54578845818,7.23326887131,0,0,7.63209915161,
MC_G2_D075_DENS_LOW_V_REF_S030,MC_G2_D075_DENS_LOW_V_REF,30,3.82500982285,4.40722612003,7.68490873178,0,0,7.65001964569,
MC_G2_D075_DENS_LOW_V_REF_S030,MC_G2_D075_DENS_LOW_V_REF,30,3.83403110504,4.70570104512,9.01602929028,0,0,7.66806221008,
MC_G2_D075_DENS_LOW_V_REF_S030,MC_G2_D075_DENS_LOW_V_REF,30,3.84305214882,4.52264578212,8.05003401414,0,0,7.68610429764,
MC_G2_D075_DENS_LOW_V_REF_S030,MC_G2_D075_DENS_LOW_V_REF,30,3.85201263428,4.41640571294,8.07278270362,0,0,7.70402526855,
MC_G2_D075_DENS_LOW_V_REF_S030,MC_G2_D075_DENS_LOW_V_REF,30,3.86103367805,4.54964547876,8.44253586578,0,0,7.72206735611,
MC_G2_D075_DENS_LOW_V_REF_S030,MC_G2_D075_DENS_LOW_V_REF,30,3.87005496025,4.38439180666,8.66147503051,0,0,7.7401099205,
MC_G2_D075_DENS_LOW_V_REF_S030,MC_G2_D075_DENS_LOW_V_REF,30,3.87901520729,3.84065027233,8.31712726838,0,0,7.75803041458,
MC_G2_D075_DENS_LOW_V_REF_S030,MC_G2_D075_DENS_LOW_V_REF,30,3.88803648949,4.3923023047,8.25304801141,0,0,7.77607297897,
MC_G2_D075_DENS_LOW_V_REF_S030,MC_G2_D075_DENS_LOW_V_REF,30,3.89705777168,4.63438553877,8.32399296438,0,0,7.79411554337,
MC_G2_D075_DENS_LOW_V_REF_S030,MC_G2_D075_DENS_LOW_V_REF,30,3.90601801872,4.54988531641,8.26810041421,0,0,7.81203603745,
MC_G2_D075_DENS_LOW_V_REF_S030,MC_G2_D075_DENS_LOW_V_REF,30,3.91503930092,4.55912044777,8.15218197252,0,0,7.83007860184,
MC_G2_D075_DENS_LOW_V_REF_S030,MC_G2_D075_DENS_LOW_V_REF,30,3.92406058311,4.53105308672,7.66542149894,0,0,7.84812116623,
MC_G2_D075_DENS_LOW_V_REF_S030,MC_G2_D075_DENS_LOW_V_REF,30,3.93302083015,4.49074958418,7.5775824314,0,0,7.86604166031,
MC_G2_D075_DENS_LOW_V_REF_S030,MC_G2_D075_DENS_LOW_V_REF,30,3.94204187393,4.28157798974,7.64748406653,0,0,7.88408374786,
MC_G2_D075_DENS_LOW_V_REF_S030,MC_G2_D075_DENS_LOW_V_REF,30,3.95100235939,4.38686147139,7.95492104442,0,0,7.90200471878,
MC_G2_D075_DENS_LOW_V_REF_S030,MC_G2_D075_DENS_LOW_V_REF,30,3.96002340317,4.6671159186,8.18687341402,0,0,7.92004680634,
MC_G2_D075_DENS_LOW_V_REF_S030,MC_G2_D075_DENS_LOW_V_REF,30,3.96904468536,4.74794065649,8.61331252633,0,0,7.93808937073,
MC_G2_D075_DENS_LOW_V_REF_S030,MC_G2_D075_DENS_LOW_V_REF,30,3.9780049324,4.89813097636,9.15461170089,0,0,7.95600986481,
MC_G2_D075_DENS_LOW_V_REF_S030,MC_G2_D075_DENS_LOW_V_REF,30,3.9870262146,4.72948641979,8.26303745302,0,0,7.9740524292,
MC_G2_D075_DENS_LOW_V_REF_S030,MC_G2_D075_DENS_LOW_V_REF,30,3.9960474968,4.40601007679,8.74874515618,0,0,7.99209499359,
MC_G2_D075_DENS_LOW_V_REF_S030,MC_G2_D075_DENS_LOW_V_REF,30,4.00500774384,4.90482211543,9.40022410266,0,0,8.01001548767,
MC_G2_D075_DENS_LOW_V_REF_S030,MC_G2_D075_DENS_LOW_V_REF,30,4.01402902603,4.48779333638,9.05674563505,0,0,8.02805805206,
MC_G2_D075_DENS_LOW_V_REF_S030,MC_G2_D075_DENS_LOW_V_REF,30,4.02305030823,4.12216386724,7.05582625948,0,0,8.04610061646,
MC_G2_D075_DENS_LOW_V_REF_S030,MC_G2_D075_DENS_LOW_V_REF,30,4.03201055527,4.6871324158,8.26891695699,0,0,8.06402111053,
MC_G2_D075_DENS_LOW_V_REF_S030,MC_G2_D075_DENS_LOW_V_REF,30,4.04103183746,4.48717522942,7.95466393758,0,0,8.08206367493,
MC_G2_D075_DENS_LOW_V_REF_S030,MC_G2_D075_DENS_LOW_V_REF,30,4.05005311966,4.61270703292,7.75485212258,0,0,8.10010623932,
MC_G2_D075_DENS_LOW_V_REF_S030,MC_G2_D075_DENS_LOW_V_REF,30,4.0590133667,4.89778006182,9.62652487809,0,0,8.1180267334,
MC_G2_D075_DENS_LOW_V_REF_S030,MC_G2_D075_DENS_LOW_V_REF,30,4.0680346489,4.67135894518,9.84689113137,0,0,8.13606929779,
MC_G2_D075_DENS_LOW_V_REF_S030,MC_G2_D075_DENS_LOW_V_REF,30,4.07705545425,4.44257537234,7.59463172768,0,0,8.15411090851,
MC_G2_D075_DENS_LOW_V_REF_S030,MC_G2_D075_DENS_LOW_V_REF,30,4.08601617813,4.94129733371,9.91892099771,0,0,8.17203235626,
MC_G2_D075_DENS_LOW_V_REF_S030,MC_G2_D075_DENS_LOW_V_REF,30,4.09503698349,4.97651312797,9.69582715623,0,0,8.19007396698,
MC_G2_D075_DENS_LOW_V_REF_S030,MC_G2_D075_DENS_LOW_V_REF,30,4.10405826569,4.82204220328,10.1185217754,0,0,8.20811653137,
MC_G2_D075_DENS_LOW_V_REF_S030,MC_G2_D075_DENS_LOW_V_REF,30,4.11301851273,4.54526429685,9.34579837138,0,0,8.22603702545,
MC_G2_D075_DENS_LOW_V_REF_S030,MC_G2_D075_DENS_LOW_V_REF,30,4.12203979492,4.6733207509,9.10261106765,0,0,8.24407958984,
MC_G2_D075_DENS_LOW_V_REF_S030,MC_G2_D075_DENS_LOW_V_REF,30,4.13100004196,4.58019549113,8.62656260017,0,0,8.26200008392,
MC_G2_D075_DENS_LOW_V_REF_S030,MC_G2_D075_DENS_LOW_V_REF,30,4.14002132416,4.63783583004,8.80393372251,0,0,8.28004264832,
MC_G2_D075_DENS_LOW_V_REF_S030,MC_G2_D075_DENS_LOW_V_REF,30,4.14904260635,4.59862900453,7.67211784816,0,0,8.29808521271,
MC_G2_D075_DENS_LOW_V_REF_S030,MC_G2_D075_DENS_LOW_V_REF,30,4.15800285339,4.59078288689,7.47657368347,0,0,8.31600570679,
MC_G2_D075_DENS_LOW_V_REF_S030,MC_G2_D075_DENS_LOW_V_REF,30,4.16702413559,4.91261904978,8.37292446641,0,0,8.33404827118,
MC_G2_D075_DENS_LOW_V_REF_S030,MC_G2_D075_DENS_LOW_V_REF,30,4.17604541779,4.82976784947,8.41549320134,0,0,8.35209083557,
MC_G2_D075_DENS_LOW_V_REF_S030,MC_G2_D075_DENS_LOW_V_REF,30,4.18500566483,4.78528183239,8.34094437266,0,0,8.37001132965,
MC_G2_D075_DENS_LOW_V_REF_S030,MC_G2_D075_DENS_LOW_V_REF,30,4.19402694702,4.72017696086,9.0071511405,0,0,8.38805389404,
MC_G2_D075_DENS_LOW_V_REF_S030,MC_G2_D075_DENS_LOW_V_REF,30,4.20304822922,4.62723213196,7.89716981792,0,0,8.40609645844,
MC_G2_D075_DENS_LOW_V_REF_S030,MC_G2_D075_DENS_LOW_V_REF,30,4.21200847626,4.80270708818,9.60232595124,0,0,8.42401695251,
MC_G2_D075_DENS_LOW_V_REF_S030,MC_G2_D075_DENS_LOW_V_REF,30,4.22102975845,4.87808132188,9.67365953329,0,0,8.44205951691,
MC_G2_D075_DENS_LOW_V_REF_S030,MC_G2_D075_DENS_LOW_V_REF,30,4.23005104065,4.56912040705,9.51084953723,0,0,8.4601020813,
MC_G2_D075_DENS_LOW_V_REF_S030,MC_G2_D075_DENS_LOW_V_REF,30,4.23901128769,4.780183348,9.58989735183,0,0,8.47802257538,
MC_G2_D075_DENS_LOW_V_REF_S030,MC_G2_D075_DENS_LOW_V_REF,30,4.24803209305,4.87096355915,9.364706389,0,0,8.4960641861,
MC_G2_D075_DENS_LOW_V_REF_S030,MC_G2_D075_DENS_LOW_V_REF,30,4.25705337524,4.72662328868,8.43675799904,0,0,8.51410675049,
MC_G2_D075_DENS_LOW_V_REF_S030,MC_G2_D075_DENS_LOW_V_REF,30,4.26601362228,4.98402435709,9.87193497211,0,0,8.53202724457,
MC_G2_D075_DENS_LOW_V_REF_S030,MC_G2_D075_DENS_LOW_V_REF,30,4.27503490448,5.10612217165,8.72502502089,0,0,8.55006980896,
MC_G2_D075_DENS_LOW_V_REF_S030,MC_G2_D075_DENS_LOW_V_REF,30,4.28405618668,4.69403189311,7.70866623385,0,0,8.56811237335,
MC_G2_D075_DENS_LOW_V_REF_S030,MC_G2_D075_DENS_LOW_V_REF,30,4.29301643372,5.24539822025,9.2325857604,0,0,8.58603286743,
MC_G2_D075_DENS_LOW_V_REF_S030,MC_G2_D075_DENS_LOW_V_REF,30,4.30203771591,4.95757811072,8.32844860259,0,0,8.60407543182,
MC_G2_D075_DENS_LOW_V_REF_S030,MC_G2_D075_DENS_LOW_V_REF,30,4.31105899811,5.31163043929,9.78391895455,0,0,8.62211799622,
MC_G2_D075_DENS_LOW_V_REF_S030,MC_G2_D075_DENS_LOW_V_REF,30,4.32001924515,5.0551677219,8.79621459591,0,0,8.6400384903,
MC_G2_D075_DENS_LOW_V_REF_S030,MC_G2_D075_DENS_LOW_V_REF,30,4.32904052734,5.1238756845,9.04520084185,0,0,8.65808105469,
MC_G2_D075_DENS_LOW_V_REF_S030,MC_G2_D075_DENS_LOW_V_REF,30,4.33800077438,4.77028700522,9.1297341518,0,0,8.67600154877,
MC_G2_D075_DENS_LOW_V_REF_S030,MC_G2_D075_DENS_LOW_V_REF,30,4.34702205658,4.98428961533,10.0850661286,0,0,8.69404411316,
MC_G2_D075_DENS_LOW_V_REF_S030,MC_G2_D075_DENS_LOW_V_REF,30,4.35604333878,4.87866267952,9.21944112775,0,0,8.71208667755,
MC_G2_D075_DENS_LOW_V_REF_S030,MC_G2_D075_DENS_LOW_V_REF,30,4.36500358582,4.87642180003,9.38316658514,0,0,8.73000717163,
MC_G2_D075_DENS_LOW_V_REF_S030,MC_G2_D075_DENS_LOW_V_REF,30,4.37402486801,4.73059663604,9.40612275876,0,0,8.74804973602,
MC_G2_D075_DENS_LOW_V_REF_S030,MC_G2_D075_DENS_LOW_V_REF,30,4.38304615021,4.83660488057,8.91780592583,0,0,8.76609230042,
MC_G2_D075_DENS_LOW_V_REF_S030,MC_G2_D075_DENS_LOW_V_REF,30,4.39200639725,5.04250550936,8.72325442019,0,0,8.78401279449,
MC_G2_D075_DENS_LOW_V_REF_S030,MC_G2_D075_DENS_LOW_V_REF,30,4.40102720261,5.1224222904,8.79951457838,0,0,8.80205440521,
MC_G2_D075_DENS_LOW_V_REF_S030,MC_G2_D075_DENS_LOW_V_REF,30,4.4100484848,4.92933197667,8.64358277755,0,0,8.8200969696,
MC_G2_D075_DENS_LOW_V_REF_S030,MC_G2_D075_DENS_LOW_V_REF,30,4.41900873184,5.0736247217,9.11861495902,0,0,8.83801746368,
MC_G2_D075_DENS_LOW_V_REF_S030,MC_G2_D075_DENS_LOW_V_REF,30,4.42803001404,5.11174398844,8.98133884162,0,0,8.85606002808,
MC_G2_D075_DENS_LOW_V_REF_S030,MC_G2_D075_DENS_LOW_V_REF,30,4.43705129623,4.80535138124,8.40878192204,0,0,8.87410259247,
MC_G2_D075_DENS_LOW_V_REF_S030,MC_G2_D075_DENS_LOW_V_REF,30,4.44601154327,5.08890525411,9.42337585853,0,0,8.89202308655,
MC_G2_D075_DENS_LOW_V_REF_S030,MC_G2_D075_DENS_LOW_V_REF,30,4.45503282547,4.90760069548,9.21810315581,0,0,8.91006565094,
MC_G2_D075_DENS_LOW_V_REF_S030,MC_G2_D075_DENS_LOW_V_REF,30,4.46405410767,5.3640449146,9.69418206455,0,0,8.92810821533,
MC_G2_D075_DENS_LOW_V_REF_S030,MC_G2_D075_DENS_LOW_V_REF,30,4.47301435471,4.85902251745,9.58828650175,0,0,8.94602870941,
MC_G2_D075_DENS_LOW_V_REF_S030,MC_G2_D075_DENS_LOW_V_REF,30,4.4820356369,4.93592474914,10.3531850479,0,0,8.9640712738,
MC_G2_D075_DENS_LOW_V_REF_S030,MC_G2_D075_DENS_LOW_V_REF,30,4.4910569191,4.84621717599,8.9023031368,0,0,8.9821138382,
MC_G2_D075_DENS_LOW_V_REF_S030,MC_G2_D075_DENS_LOW_V_REF,30,4.50001716614,5.39854837997,9.3462754904,0,0,9.00003433228,
MC_G2_D075_DENS_LOW_V_REF_S030,MC_G2_D075_DENS_LOW_V_REF,30,4.50903844833,5.27670256074,9.69301149877,0,0,9.01807689667,
MC_G2_D075_DENS_LOW_V_REF_S030,MC_G2_D075_DENS_LOW_V_REF,30,4.51805973053,5.19620939565,9.55058424051,0,0,9.03611946106,
MC_G2_D075_DENS_LOW_V_REF_S030,MC_G2_D075_DENS_LOW_V_REF,30,4.52701997757,5.20401627718,9.07842728065,0,0,9.05403995514,
MC_G2_D075_DENS_LOW_V_REF_S030,MC_G2_D075_DENS_LOW_V_REF,30,4.53604078293,5.04218112064,8.72044228956,0,0,9.07208156586,
MC_G2_D075_DENS_LOW_V_REF_S030,MC_G2_D075_DENS_LOW_V_REF,30,4.54500102997,5.0478333316,9.13204047655,0,0,9.09000205994,
MC_G2_D075_DENS_LOW_V_REF_S030,MC_G2_D075_DENS_LOW_V_REF,30,4.55402231216,5.15728993323,8.98667651029,0,0,9.10804462433,
MC_G2_D075_DENS_LOW_V_REF_S030,MC_G2_D075_DENS_LOW_V_REF,30,4.56304359436,5.1573590109,8.98330344669,0,0,9.12608718872,
MC_G2_D075_DENS_LOW_V_REF_S030,MC_G2_D075_DENS_LOW_V_REF,30,4.5720038414,5.12242892186,9.36299825864,0,0,9.1440076828,
MC_G2_D075_DENS_LOW_V_REF_S030,MC_G2_D075_DENS_LOW_V_REF,30,4.5810251236,5.21044326325,10.5215350823,0,0,9.16205024719,
MC_G2_D075_DENS_LOW_V_REF_S030,MC_G2_D075_DENS_LOW_V_REF,30,4.59004640579,5.05471291454,10.0376953993,0,0,9.18009281158,
MC_G2_D075_DENS_LOW_V_REF_S030,MC_G2_D075_DENS_LOW_V_REF,30,4.59900665283,5.24118227212,10.3894914212,0,0,9.19801330566,
MC_G2_D075_DENS_LOW_V_REF_S030,MC_G2_D075_DENS_LOW_V_REF,30,4.60802793503,5.23022213328,10.5757993919,0,0,9.21605587006,
MC_G2_D075_DENS_LOW_V_REF_S030,MC_G2_D075_DENS_LOW_V_REF,30,4.61704921722,5.39422688117,10.4857097849,0,0,9.23409843445,
MC_G2_D075_DENS_LOW_V_REF_S030,MC_G2_D075_DENS_LOW_V_REF,30,4.62600946426,5.23075983383,9.53889377733,0,0,9.25201892853,
MC_G2_D075_DENS_LOW_V_REF_S030,MC_G2_D075_DENS_LOW_V_REF,30,4.63503074646,5.11363505863,9.33210865338,0,0,9.27006149292,
MC_G2_D075_DENS_LOW_V_REF_S030,MC_G2_D075_DENS_LOW_V_REF,30,4.64405202866,4.90884133036,8.447397913,0,0,9.28810405731,
MC_G2_D075_DENS_LOW_V_REF_S030,MC_G2_D075_DENS_LOW_V_REF,30,4.6530122757,5.45816240596,9.75962051493,0,0,9.30602455139,
MC_G2_D075_DENS_LOW_V_REF_S030,MC_G2_D075_DENS_LOW_V_REF,30,4.66203308105,5.28351030291,9.73778915177,0,0,9.32406616211,
MC_G2_D075_DENS_LOW_V_REF_S030,MC_G2_D075_DENS_LOW_V_REF,30,4.67105436325,5.2398786384,9.31381993123,0,0,9.3421087265,
MC_G2_D075_DENS_LOW_V_REF_S030,MC_G2_D075_DENS_LOW_V_REF,30,4.68001461029,5.53053645847,10.2292731131,0,0,9.36002922058,
MC_G2_D075_DENS_LOW_V_REF_S030,MC_G2_D075_DENS_LOW_V_REF,30,4.68903589249,5.25747796991,10.216578522,0,0,9.37807178497,
MC_G2_D075_DENS_LOW_V_REF_S030,MC_G2_D075_DENS_LOW_V_REF,30,4.69805717468,5.21870218903,9.64210452698,0,0,9.39611434937,
MC_G2_D075_DENS_LOW_V_REF_S030,MC_G2_D075_DENS_LOW_V_REF,30,4.70701742172,4.82120774507,9.21317005863,0,0,9.41403484344,
MC_G2_D075_DENS_LOW_V_REF_S030,MC_G2_D075_DENS_LOW_V_REF,30,4.71603870392,4.91556949506,9.92005452599,0,0,9.43207740784,
MC_G2_D075_DENS_LOW_V_REF_S030,MC_G2_D075_DENS_LOW_V_REF,30,4.72505998611,5.14935484355,9.39410138863,0,0,9.45011997223,
MC_G2_D075_DENS_LOW_V_REF_S030,MC_G2_D075_DENS_LOW_V_REF,30,4.73402023315,5.88178644428,10.9439678654,0,0,9.46804046631,
MC_G2_D075_DENS_LOW_V_REF_S030,MC_G2_D075_DENS_LOW_V_REF,30,4.74304151535,5.40046873909,10.4071539029,0,0,9.4860830307,
MC_G2_D075_DENS_LOW_V_REF_S030,MC_G2_D075_DENS_LOW_V_REF,30,4.75200176239,5.5738138927,10.0751792634,0,0,9.50400352478,
MC_G2_D075_DENS_LOW_V_REF_S030,MC_G2_D075_DENS_LOW_V_REF,30,4.76102304459,5.4363333108,9.43555357027,0,0,9.52204608917,
MC_G2_D075_DENS_LOW_V_REF_S030,MC_G2_D075_DENS_LOW_V_REF,30,4.77004384995,5.46390966779,10.0143095572,0,0,9.54008769989,
MC_G2_D075_DENS_LOW_V_REF_S030,MC_G2_D075_DENS_LOW_V_REF,30,4.77900457382,5.37070952784,9.61297209893,0,0,9.55800914764,
MC_G2_D075_DENS_LOW_V_REF_S030,MC_G2_D075_DENS_LOW_V_REF,30,4.78802537918,5.56769858506,9.64293790026,0,0,9.57605075836,
MC_G2_D075_DENS_LOW_V_REF_S030,MC_G2_D075_DENS_LOW_V_REF,30,4.79704666138,5.30361964049,9.57248070699,0,0,9.59409332275,
MC_G2_D075_DENS_LOW_V_REF_S030,MC_G2_D075_DENS_LOW_V_REF,30,4.80600690842,5.6707795944,10.4142651887,0,0,9.61201381683,
MC_G2_D075_DENS_LOW_V_REF_S030,MC_G2_D075_DENS_LOW_V_REF,30,4.81502819061,5.46838534795,10.4497038066,0,0,9.63005638123,
MC_G2_D075_DENS_LOW_V_REF_S030,MC_G2_D075_DENS_LOW_V_REF,30,4.82404947281,5.54642597957,10.4084669021,0,0,9.64809894562,
MC_G2_D075_DENS_LOW_V_REF_S030,MC_G2_D075_DENS_LOW_V_REF,30,4.83300971985,5.4128270099,11.1012358039,0,0,9.6660194397,
MC_G2_D075_DENS_LOW_V_REF_S030,MC_G2_D075_DENS_LOW_V_REF,30,4.84203100204,5.3014644173,10.4467056822,0,0,9.68406200409,
MC_G2_D075_DENS_LOW_V_REF_S030,MC_G2_D075_DENS_LOW_V_REF,30,4.85105228424,5.67784762121,10.706121888,0,0,9.70210456848,
MC_G2_D075_DENS_LOW_V_REF_S030,MC_G2_D075_DENS_LOW_V_REF,30,4.86001253128,5.49503109063,10.4653773713,0,0,9.72002506256,
MC_G2_D075_DENS_LOW_V_REF_S030,MC_G2_D075_DENS_LOW_V_REF,30,4.86903381348,5.36512252619,10.4128511955,0,0,9.73806762695,
MC_G2_D075_DENS_LOW_V_REF_S030,MC_G2_D075_DENS_LOW_V_REF,30,4.87805509567,5.44979350854,9.86648322097,0,0,9.75611019135,
MC_G2_D075_DENS_LOW_V_REF_S030,MC_G2_D075_DENS_LOW_V_REF,30,4.88701534271,5.53849917921,10.0931498541,0,0,9.77403068542,
MC_G2_D075_DENS_LOW_V_REF_S030,MC_G2_D075_DENS_LOW_V_REF,30,4.89603614807,5.70893533414,10.7218165499,0,0,9.79207229614,
MC_G2_D075_DENS_LOW_V_REF_S030,MC_G2_D075_DENS_LOW_V_REF,30,4.90505743027,5.586718706,9.80545859973,0,0,9.81011486053,
MC_G2_D075_DENS_LOW_V_REF_S030,MC_G2_D075_DENS_LOW_V_REF,30,4.91401767731,5.78102699715,11.2160674833,0,0,9.82803535461,
MC_G2_D075_DENS_LOW_V_REF_S030,MC_G2_D075_DENS_LOW_V_REF,30,4.9230389595,5.70576549819,10.3806038764,0,0,9.84607791901,
MC_G2_D075_DENS_LOW_V_REF_S030,MC_G2_D075_DENS_LOW_V_REF,30,4.9320602417,5.54254602522,10.4057277937,0,0,9.8641204834,
MC_G2_D075_DENS_LOW_V_REF_S030,MC_G2_D075_DENS_LOW_V_REF,30,4.94102048874,5.44867445034,10.7792306158,0,0,9.88204097748,
MC_G2_D075_DENS_LOW_V_REF_S030,MC_G2_D075_DENS_LOW_V_REF,30,4.95004177094,5.31245605556,10.4364130187,0,0,9.90008354187,
MC_G2_D075_DENS_LOW_V_REF_S030,MC_G2_D075_DENS_LOW_V_REF,30,4.95900201797,5.41718829743,11.0996661645,0,0,9.91800403595,
MC_G2_D075_DENS_LOW_V_REF_S030,MC_G2_D075_DENS_LOW_V_REF,30,4.96802330017,5.56207068943,11.0661297515,0,0,9.93604660034,
MC_G2_D075_DENS_LOW_V_REF_S030,MC_G2_D075_DENS_LOW_V_REF,30,4.97704458237,5.73470296152,11.168822252,0,0,9.95408916473,
MC_G2_D075_DENS_LOW_V_REF_S030,MC_G2_D075_DENS_LOW_V_REF,30,4.98600482941,5.9407119041,11.1933610091,0,0,9.97200965881,
MC_G2_D075_DENS_LOW_V_REF_S030,MC_G2_D075_DENS_LOW_V_REF,30,4.99502563477,5.69938880066,11.0578073865,0,0,9.99005126953,
MC_G2_D075_DENS_LOW_V_REF_S030,MC_G2_D075_DENS_LOW_V_REF,30,5.00404691696,5.79843512167,10.2306402203,0,0,10.0080938339,
MC_G2_D075_DENS_LOW_V_REF_S030,MC_G2_D075_DENS_LOW_V_REF,30,5.013007164,5.7517109882,10.8411385049,0,0,10.026014328,
MC_G2_D075_DENS_LOW_V_REF_S030,MC_G2_D075_DENS_LOW_V_REF,30,5.0220284462,5.7699579919,10.4288180562,0,0,10.0440568924,
MC_G2_D075_DENS_LOW_V_REF_S030,MC_G2_D075_DENS_LOW_V_REF,30,5.03104972839,5.79401967724,10.5404134542,0,0,10.0620994568,
MC_G2_D075_DENS_LOW_V_REF_S030,MC_G2_D075_DENS_LOW_V_REF,30,5.04000997543,5.73925103507,10.8250797784,0,0,10.0800199509,
MC_G2_D075_DENS_LOW_V_REF_S030,MC_G2_D075_DENS_LOW_V_REF,30,5.04903125763,5.90708821188,11.7671093055,0,0,10.0980625153,
MC_G2_D075_DENS_LOW_V_REF_S030,MC_G2_D075_DENS_LOW_V_REF,30,5.05805253983,5.81003188028,11.3790074066,0,0,10.1161050797,
MC_G2_D075_DENS_LOW_V_REF_S030,MC_G2_D075_DENS_LOW_V_REF,30,5.06701278687,5.57811052354,10.9189726123,0,0,10.1340255737,
MC_G2_D075_DENS_LOW_V_REF_S030,MC_G2_D075_DENS_LOW_V_REF,30,5.07603406906,5.74541663125,11.4059010381,0,0,10.1520681381,
MC_G2_D075_DENS_LOW_V_REF_S030,MC_G2_D075_DENS_LOW_V_REF,30,5.08505535126,5.29329225307,10.824365215,0,0,10.1701107025,
MC_G2_D075_DENS_LOW_V_REF_S030,MC_G2_D075_DENS_LOW_V_REF,30,5.0940155983,5.75541741946,11.4438698095,0,0,10.1880311966,
MC_G2_D075_DENS_LOW_V_REF_S030,MC_G2_D075_DENS_LOW_V_REF,30,5.10303640366,5.59619008298,10.8121956959,0,0,10.2060728073,
MC_G2_D075_DENS_LOW_V_REF_S030,MC_G2_D075_DENS_LOW_V_REF,30,5.11205768585,5.9222759039,10.8731210418,0,0,10.2241153717,
MC_G2_D075_DENS_LOW_V_REF_S030,MC_G2_D075_DENS_LOW_V_REF,30,5.12101793289,5.85810109407,11.8012577954,0,0,10.2420358658,
MC_G2_D075_DENS_LOW_V_REF_S030,MC_G2_D075_DENS_LOW_V_REF,30,5.13003921509,6.13980202761,11.0369537702,0,0,10.2600784302,
MC_G2_D075_DENS_LOW_V_REF_S030,MC_G2_D075_DENS_LOW_V_REF,30,5.13906049728,5.85440129426,11.189440813,0,0,10.2781209946,
MC_G2_D075_DENS_LOW_V_REF_S030,MC_G2_D075_DENS_LOW_V_REF,30,5.14802074432,5.74781556045,10.7442120294,0,0,10.2960414886,
MC_G2_D075_DENS_LOW_V_REF_S030,MC_G2_D075_DENS_LOW_V_REF,30,5.15704202652,5.86394451201,10.730254242,0,0,10.314084053,
MC_G2_D075_DENS_LOW_V_REF_S030,MC_G2_D075_DENS_LOW_V_REF,30,5.16600227356,5.77903313939,10.7468136236,0,0,10.3320045471,
MC_G2_D075_DENS_LOW_V_REF_S030,MC_G2_D075_DENS_LOW_V_REF,30,5.17502355576,5.45606962898,10.714352781,0,0,10.3500471115,
MC_G2_D075_DENS_LOW_V_REF_S030,MC_G2_D075_DENS_LOW_V_REF,30,5.18404483795,5.66184757584,11.0972743266,0,0,10.3680896759,
MC_G2_D075_DENS_LOW_V_REF_S030,MC_G2_D075_DENS_LOW_V_REF,30,5.19300508499,5.67142671398,11.6593900352,0,0,10.38601017,
MC_G2_D075_DENS_LOW_V_REF_S030,MC_G2_D075_DENS_LOW_V_REF,30,5.20202589035,5.81988622384,11.7362941051,0,0,10.4040517807,
MC_G2_D075_DENS_LOW_V_REF_S030,MC_G2_D075_DENS_LOW_V_REF,30,5.21104717255,5.80947152226,11.7067030151,0,0,10.4220943451,
MC_G2_D075_DENS_LOW_V_REF_S030,MC_G2_D075_DENS_LOW_V_REF,30,5.22000741959,5.677899015,11.2739677649,0,0,10.4400148392,
MC_G2_D075_DENS_LOW_V_REF_S030,MC_G2_D075_DENS_LOW_V_REF,30,5.22902870178,5.93302494139,11.6168736126,0,0,10.4580574036,
MC_G2_D075_DENS_LOW_V_REF_S030,MC_G2_D075_DENS_LOW_V_REF,30,5.23804998398,6.17472714306,10.8701038248,0,0,10.476099968,
MC_G2_D075_DENS_LOW_V_REF_S030,MC_G2_D075_DENS_LOW_V_REF,30,5.24701023102,6.05420540454,11.0645807576,0,0,10.494020462,
MC_G2_D075_DENS_LOW_V_REF_S030,MC_G2_D075_DENS_LOW_V_REF,30,5.25603151321,5.80310532453,11.0424430499,0,0,10.5120630264,
MC_G2_D075_DENS_LOW_V_REF_S030,MC_G2_D075_DENS_LOW_V_REF,30,5.26505279541,6.12952216563,11.6521624527,0,0,10.5301055908,
MC_G2_D075_DENS_LOW_V_REF_S030,MC_G2_D075_DENS_LOW_V_REF,30,5.27401304245,6.20001454251,12.1950377565,0,0,10.5480260849,
MC_G2_D075_DENS_LOW_V_REF_S030,MC_G2_D075_DENS_LOW_V_REF,30,5.28303432465,6.09823827213,11.7256431467,0,0,10.5660686493,
MC_G2_D075_DENS_LOW_V_REF_S030,MC_G2_D075_DENS_LOW_V_REF,30,5.29205513,5.88076022647,11.7620964267,0,0,10.58411026,
MC_G2_D075_DENS_LOW_V_REF_S030,MC_G2_D075_DENS_LOW_V_REF,30,5.30101537704,5.91263487217,11.8820644589,0,0,10.6020307541,
MC_G2_D075_DENS_LOW_V_REF_S030,MC_G2_D075_DENS_LOW_V_REF,30,5.31003665924,5.80463663824,11.6057983514,0,0,10.6200733185,
MC_G2_D075_DENS_LOW_V_REF_S030,MC_G2_D075_DENS_LOW_V_REF,30,5.31905794144,5.78582596078,11.517234892,0,0,10.6381158829,
MC_G2_D075_DENS_LOW_V_REF_S030,MC_G2_D075_DENS_LOW_V_REF,30,5.32801818848,5.77777261013,11.8015846078,0,0,10.656036377,
MC_G2_D075_DENS_LOW_V_REF_S030,MC_G2_D075_DENS_LOW_V_REF,30,5.33703947067,5.72922261579,11.357871249,0,0,10.6740789413,
MC_G2_D075_DENS_LOW_V_REF_S030,MC_G2_D075_DENS_LOW_V_REF,30,5.34606075287,6.49791612297,11.9112278798,0,0,10.6921215057,
MC_G2_D075_DENS_LOW_V_REF_S030,MC_G2_D075_DENS_LOW_V_REF,30,5.35502099991,5.90059712174,12.1717660063,0,0,10.7100419998,
MC_G2_D075_DENS_LOW_V_REF_S030,MC_G2_D075_DENS_LOW_V_REF,30,5.3640422821,6.13572589268,11.4040103177,0,0,10.7280845642,
MC_G2_D075_DENS_LOW_V_REF_S030,MC_G2_D075_DENS_LOW_V_REF,30,5.37300252914,5.5994991795,10.5510553278,0,0,10.7460050583,
MC_G2_D075_DENS_LOW_V_REF_S030,MC_G2_D075_DENS_LOW_V_REF,30,5.38202381134,6.00392625805,11.013420615,0,0,10.7640476227,
MC_G2_D075_DENS_LOW_V_REF_S030,MC_G2_D075_DENS_LOW_V_REF,30,5.3910446167,6.04796409924,11.3676435278,0,0,10.7820892334,
MC_G2_D075_DENS_LOW_V_REF_S030,MC_G2_D075_DENS_LOW_V_REF,30,5.40000486374,5.98323003662,11.0447365624,0,0,10.8000097275,
MC_G2_D075_DENS_LOW_V_REF_S030,MC_G2_D075_DENS_LOW_V_REF,30,5.40902614594,6.07693195674,11.6621516062,0,0,10.8180522919,
MC_G2_D075_DENS_LOW_V_REF_S030,MC_G2_D075_DENS_LOW_V_REF,30,5.41804742813,5.84228783471,11.4824084297,0,0,10.8360948563,
MC_G2_D075_DENS_LOW_V_REF_S030,MC_G2_D075_DENS_LOW_V_REF,30,5.42700767517,6.13255937246,12.489510313,0,0,10.8540153503,
MC_G2_D075_DENS_LOW_V_REF_S030,MC_G2_D075_DENS_LOW_V_REF,30,5.43602895737,5.71449636259,11.4148722469,0,0,10.8720579147,
MC_G2_D075_DENS_LOW_V_REF_S030,MC_G2_D075_DENS_LOW_V_REF,30,5.44505023956,5.87180776092,12.0715473873,0,0,10.8901004791,
MC_G2_D075_DENS_LOW_V_REF_S030,MC_G2_D075_DENS_LOW_V_REF,30,5.4540104866,6.22875195692,12.5791428055,0,0,10.9080209732,
MC_G2_D075_DENS_LOW_V_REF_S030,MC_G2_D075_DENS_LOW_V_REF,30,5.4630317688,5.98117262741,11.7120637217,0,0,10.9260635376,
MC_G2_D075_DENS_LOW_V_REF_S030,MC_G2_D075_DENS_LOW_V_REF,30,5.47205257416,5.94752627772,11.7549157113,0,0,10.9441051483,
MC_G2_D075_DENS_LOW_V_REF_S030,MC_G2_D075_DENS_LOW_V_REF,30,5.4810128212,6.09918214936,11.4488567582,0,0,10.9620256424,
MC_G2_D075_DENS_LOW_V_REF_S030,MC_G2_D075_DENS_LOW_V_REF,30,5.49003410339,6.11760820237,11.3071227249,0,0,10.9800682068,
MC_G2_D075_DENS_LOW_V_REF_S030,MC_G2_D075_DENS_LOW_V_REF,30,5.49905538559,6.09044244302,12.0419227338,0,0,10.9981107712,
MC_G2_D075_DENS_LOW_V_REF_S030,MC_G2_D075_DENS_LOW_V_REF,30,5.50801563263,6.18365584589,11.9295434257,0,0,11.0160312653,
MC_G2_D075_DENS_LOW_V_REF_S030,MC_G2_D075_DENS_LOW_V_REF,30,5.51703691483,6.17335332643,12.0802951169,0,0,11.0340738297,
MC_G2_D075_DENS_LOW_V_REF_S030,MC_G2_D075_DENS_LOW_V_REF,30,5.52605819702,6.07234133135,11.5058854368,0,0,11.052116394,
MC_G2_D075_DENS_LOW_V_REF_S030,MC_G2_D075_DENS_LOW_V_REF,30,5.53501844406,5.88224346212,11.6609182277,0,0,11.0700368881,
MC_G2_D075_DENS_LOW_V_REF_S030,MC_G2_D075_DENS_LOW_V_REF,30,5.54403972626,5.99739980015,12.0808935912,0,0,11.0880794525,
MC_G2_D075_DENS_LOW_V_REF_S030,MC_G2_D075_DENS_LOW_V_REF,30,5.55306053162,6.23194500296,12.8878671915,0,0,11.1061210632,
MC_G2_D075_DENS_LOW_V_REF_S030,MC_G2_D075_DENS_LOW_V_REF,30,5.56202077866,5.87342970452,11.9195880892,0,0,11.1240415573,
MC_G2_D075_DENS_LOW_V_REF_S030,MC_G2_D075_DENS_LOW_V_REF,30,5.57104206085,6.2140538874,12.5043058226,0,0,11.1420841217,
MC_G2_D075_DENS_LOW_V_REF_S030,MC_G2_D075_DENS_LOW_V_REF,30,5.58000230789,6.08631380906,11.6052241842,0,0,11.1600046158,
MC_G2_D075_DENS_LOW_V_REF_S030,MC_G2_D075_DENS_LOW_V_REF,30,5.58902359009,6.12423192164,11.7089730533,0,0,11.1780471802,
MC_G2_D075_DENS_LOW_V_REF_S030,MC_G2_D075_DENS_LOW_V_REF,30,5.59804487228,5.95770445738,12.0807554527,0,0,11.1960897446,
MC_G2_D075_DENS_LOW_V_REF_S030,MC_G2_D075_DENS_LOW_V_REF,30,5.60700511932,6.49867763516,12.1568300364,0,0,11.2140102386,
MC_G2_D075_DENS_LOW_V_REF_S030,MC_G2_D075_DENS_LOW_V_REF,30,5.61602640152,6.47231759771,12.3392076581,0,0,11.232052803,
MC_G2_D075_DENS_LOW_V_REF_S030,MC_G2_D075_DENS_LOW_V_REF,30,5.62504768372,6.13583641695,11.8320174345,0,0,11.2500953674,
MC_G2_D075_DENS_LOW_V_REF_S030,MC_G2_D075_DENS_LOW_V_REF,30,5.63400793076,6.22090197092,12.5453697769,0,0,11.2680158615,
MC_G2_D075_DENS_LOW_V_REF_S030,MC_G2_D075_DENS_LOW_V_REF,30,5.64302921295,6.12052051678,11.9694718795,0,0,11.2860584259,
MC_G2_D075_DENS_LOW_V_REF_S030,MC_G2_D075_DENS_LOW_V_REF,30,5.65205001831,6.10201875465,12.1587189159,0,0,11.3041000366,
MC_G2_D075_DENS_LOW_V_REF_S030,MC_G2_D075_DENS_LOW_V_REF,30,5.66101026535,6.32000023834,12.6564608731,0,0,11.3220205307,
MC_G2_D075_DENS_LOW_V_REF_S030,MC_G2_D075_DENS_LOW_V_REF,30,5.67003154755,6.31020944623,12.9373137239,0,0,11.3400630951,
MC_G2_D075_DENS_LOW_V_REF_S030,MC_G2_D075_DENS_LOW_V_REF,30,5.67905282974,6.11117513747,12.5573182307,0,0,11.3581056595,
MC_G2_D075_DENS_LOW_V_REF_S030,MC_G2_D075_DENS_LOW_V_REF,30,5.68801307678,6.17626066725,12.5320479618,0,0,11.3760261536,
MC_G2_D075_DENS_LOW_V_REF_S030,MC_G2_D075_DENS_LOW_V_REF,30,5.69703435898,6.24075931318,12.583964488,0,0,11.394068718,
MC_G2_D075_DENS_LOW_V_REF_S030,MC_G2_D075_DENS_LOW_V_REF,30,5.70605564117,6.28548129957,12.9030905764,0,0,11.4121112823,
MC_G2_D075_DENS_LOW_V_REF_S030,MC_G2_D075_DENS_LOW_V_REF,30,5.71501588821,6.2545870041,12.3063118099,0,0,11.4300317764,
MC_G2_D075_DENS_LOW_V_REF_S030,MC_G2_D075_DENS_LOW_V_REF,30,5.72403717041,6.27327776273,12.9696571809,0,0,11.4480743408,
MC_G2_D075_DENS_LOW_V_REF_S030,MC_G2_D075_DENS_LOW_V_REF,30,5.73305797577,5.96768093025,12.2189860978,0,0,11.4661159515,
MC_G2_D075_DENS_LOW_V_REF_S030,MC_G2_D075_DENS_LOW_V_REF,30,5.74201822281,6.37758448618,12.5303779894,0,0,11.4840364456,
MC_G2_D075_DENS_LOW_V_REF_S030,MC_G2_D075_DENS_LOW_V_REF,30,5.751039505,6.21511492035,12.3259839268,0,0,11.50207901,
MC_G2_D075_DENS_LOW_V_REF_S030,MC_G2_D075_DENS_LOW_V_REF,30,5.7600607872,6.13508540456,12.0324919172,0,0,11.5201215744,
MC_G2_D075_DENS_LOW_V_REF_S030,MC_G2_D075_DENS_LOW_V_REF,30,5.76902103424,6.11521258891,12.5355110369,0,0,11.5380420685,
MC_G2_D075_DENS_LOW_V_REF_S030,MC_G2_D075_DENS_LOW_V_REF,30,5.77804231644,6.16353269277,12.361015556,0,0,11.5560846329,
MC_G2_D075_DENS_LOW_V_REF_S030,MC_G2_D075_DENS_LOW_V_REF,30,5.78700256348,6.23448650846,13.1803850874,0,0,11.574005127,
MC_G2_D075_DENS_LOW_V_REF_S030,MC_G2_D075_DENS_LOW_V_REF,30,5.79602384567,6.34757604271,13.644404196,0,0,11.5920476913,
MC_G2_D075_DENS_LOW_V_REF_S030,MC_G2_D075_DENS_LOW_V_REF,30,5.80504465103,5.70078140641,13.0510737648,0,0,11.6100893021,
MC_G2_D075_DENS_LOW_V_REF_S030,MC_G2_D075_DENS_LOW_V_REF,30,5.81400489807,6.12086701036,12.4138262737,0,0,11.6280097961,
MC_G2_D075_DENS_LOW_V_REF_S030,MC_G2_D075_DENS_LOW_V_REF,30,5.82302618027,6.42370349929,13.0363379116,0,0,11.6460523605,
MC_G2_D075_DENS_LOW_V_REF_S030,MC_G2_D075_DENS_LOW_V_REF,30,5.83204746246,6.54138310631,14.1544458466,0,0,11.6640949249,
MC_G2_D075_DENS_LOW_V_REF_S030,MC_G2_D075_DENS_LOW_V_REF,30,5.8410077095,6.46138232683,13.1197478194,0,0,11.682015419,
MC_G2_D075_DENS_LOW_V_REF_S030,MC_G2_D075_DENS_LOW_V_REF,30,5.8500289917,6.49782991404,12.6611860252,0,0,11.7000579834,
MC_G2_D075_DENS_LOW_V_REF_S030,MC_G2_D075_DENS_LOW_V_REF,30,5.8590502739,6.63977567629,12.7531778552,0,0,11.7181005478,
MC_G2_D075_DENS_LOW_V_REF_S030,MC_G2_D075_DENS_LOW_V_REF,30,5.86801052094,6.51529053759,12.8550666596,0,0,11.7360210419,
MC_G2_D075_DENS_LOW_V_REF_S030,MC_G2_D075_DENS_LOW_V_REF,30,5.87703180313,6.20120212575,12.784289711,0,0,11.7540636063,
MC_G2_D075_DENS_LOW_V_REF_S030,MC_G2_D075_DENS_LOW_V_REF,30,5.88605260849,6.58860901995,12.92439462,0,0,11.772105217,
MC_G2_D075_DENS_LOW_V_REF_S030,MC_G2_D075_DENS_LOW_V_REF,30,5.89501285553,6.11900191337,12.2937412762,0,0,11.7900257111,
MC_G2_D075_DENS_LOW_V_REF_S030,MC_G2_D075_DENS_LOW_V_REF,30,5.90403413773,6.35243966304,13.4438405789,0,0,11.8080682755,
MC_G2_D075_DENS_LOW_V_REF_S030,MC_G2_D075_DENS_LOW_V_REF,30,5.91305541992,6.21694354434,13.0068449531,0,0,11.8261108398,
MC_G2_D075_DENS_LOW_V_REF_S030,MC_G2_D075_DENS_LOW_V_REF,30,5.92201566696,6.13494172301,12.8810205583,0,0,11.8440313339,
MC_G2_D075_DENS_LOW_V_REF_S030,MC_G2_D075_DENS_LOW_V_REF,30,5.93103694916,6.28860084698,13.006094641,0,0,11.8620738983,
MC_G2_D075_DENS_LOW_V_REF_S030,MC_G2_D075_DENS_LOW_V_REF,30,5.94005823135,6.42755471734,13.0824665432,0,0,11.8801164627,
MC_G2_D075_DENS_LOW_V_REF_S030,MC_G2_D075_DENS_LOW_V_REF,30,5.94901847839,6.45033487382,13.2641694138,0,0,11.8980369568,
MC_G2_D075_DENS_LOW_V_REF_S030,MC_G2_D075_DENS_LOW_V_REF,30,5.95803976059,6.45248512341,13.1460665037,0,0,11.9160795212,
MC_G2_D075_DENS_LOW_V_REF_S030,MC_G2_D075_DENS_LOW_V_REF,30,5.96706056595,6.32291200013,12.6890178335,0,0,11.9341211319,
MC_G2_D075_DENS_LOW_V_REF_S030,MC_G2_D075_DENS_LOW_V_REF,30,5.97602081299,6.2899486904,12.1088682984,0,0,11.952041626,
MC_G2_D075_DENS_LOW_V_REF_S030,MC_G2_D075_DENS_LOW_V_REF,30,5.98504209518,6.46268706579,13.0960552474,0,0,11.9700841904,
MC_G2_D075_DENS_LOW_V_REF_S030,MC_G2_D075_DENS_LOW_V_REF,30,5.99400234222,6.81451067254,13.6737628991,0,0,11.9880046844,
MC_G2_D075_DENS_LOW_V_REF_S030,MC_G2_D075_DENS_LOW_V_REF,30,6.00302362442,6.36984005086,13.2791818959,0,0,12.0060472488,
MC_G2_D075_DENS_LOW_V_REF_S030,MC_G2_D075_DENS_LOW_V_REF,30,6.01204490662,6.57279907631,13.7557965129,0,0,12.0240898132,
MC_G2_D075_DENS_LOW_V_REF_S030,MC_G2_D075_DENS_LOW_V_REF,30,6.02100515366,6.52347928046,13.7271663252,0,0,12.0420103073,
MC_G2_D075_DENS_LOW_V_REF_S030,MC_G2_D075_DENS_LOW_V_REF,30,6.03002643585,6.50614575982,13.4690956748,0,0,12.0600528717,
MC_G2_D075_DENS_LOW_V_REF_S030,MC_G2_D075_DENS_LOW_V_REF,30,6.03904771805,6.5250581196,13.8642732899,0,0,12.0780954361,
MC_G2_D075_DENS_LOW_V_REF_S030,MC_G2_D075_DENS_LOW_V_REF,30,6.04800748825,6.62839222951,14.2389943132,0,0,12.0960149765,
MC_G2_D075_DENS_LOW_V_REF_S030,MC_G2_D075_DENS_LOW_V_REF,30,6.05702877045,6.46374865136,13.4512869611,0,0,12.1140575409,
MC_G2_D075_DENS_LOW_V_REF_S030,MC_G2_D075_DENS_LOW_V_REF,30,6.06605005264,6.59123452389,12.9972916699,0,0,12.1321001053,
MC_G2_D075_DENS_LOW_V_REF_S030,MC_G2_D075_DENS_LOW_V_REF,30,6.07501029968,6.23457382263,13.0757457785,0,0,12.1500205994,
MC_G2_D075_DENS_LOW_V_REF_S030,MC_G2_D075_DENS_LOW_V_REF,30,6.08403158188,6.6898586422,13.4232485562,0,0,12.1680631638,
MC_G2_D075_DENS_LOW_V_REF_S030,MC_G2_D075_DENS_LOW_V_REF,30,6.09305286407,6.23893621541,13.1255291408,0,0,12.1861057281,
MC_G2_D075_DENS_LOW_V_REF_S030,MC_G2_D075_DENS_LOW_V_REF,30,6.10201311111,6.58022078078,13.0471361099,0,0,12.2040262222,
MC_G2_D075_DENS_LOW_V_REF_S030,MC_G2_D075_DENS_LOW_V_REF,30,6.11103439331,6.65919644769,13.9214218916,0,0,12.2220687866,
MC_G2_D075_DENS_LOW_V_REF_S030,MC_G2_D075_DENS_LOW_V_REF,30,6.12005519867,6.71255590547,13.8242358645,0,0,12.2401103973,
MC_G2_D075_DENS_LOW_V_REF_S030,MC_G2_D075_DENS_LOW_V_REF,30,6.12901544571,6.43622037242,13.7034482707,0,0,12.2580308914,
MC_G2_D075_DENS_LOW_V_REF_S030,MC_G2_D075_DENS_LOW_V_REF,30,6.13803672791,6.67219631187,13.807193644,0,0,12.2760734558,
MC_G2_D075_DENS_LOW_V_REF_S030,MC_G2_D075_DENS_LOW_V_REF,30,6.1470580101,6.68414619551,13.6570550306,0,0,12.2941160202,
MC_G2_D075_DENS_LOW_V_REF_S030,MC_G2_D075_DENS_LOW_V_REF,30,6.15601825714,6.55766940954,13.9224516777,0,0,12.3120365143,
MC_G2_D075_DENS_LOW_V_REF_S030,MC_G2_D075_DENS_LOW_V_REF,30,6.16503953934,6.37422565374,13.4368802465,0,0,12.3300790787,
MC_G2_D075_DENS_LOW_V_REF_S030,MC_G2_D075_DENS_LOW_V_REF,30,6.17406082153,6.49661967333,14.5156051015,0,0,12.3481216431,
MC_G2_D075_DENS_LOW_V_REF_S030,MC_G2_D075_DENS_LOW_V_REF,30,6.18302106857,6.24881542693,14.3616442797,0,0,12.3660421371,
MC_G2_D075_DENS_LOW_V_REF_S030,MC_G2_D075_DENS_LOW_V_REF,30,6.19204187393,6.62904763841,14.2584634644,0,0,12.3840837479,
MC_G2_D075_DENS_LOW_V_REF_S030,MC_G2_D075_DENS_LOW_V_REF,30,6.20100212097,6.49739555367,13.4858797503,0,0,12.4020042419,
MC_G2_D075_DENS_LOW_V_REF_S030,MC_G2_D075_DENS_LOW_V_REF,30,6.21002340317,6.89812172718,17.1147772337,0,0,12.4200468063,
MC_G2_D075_DENS_LOW_V_REF_S030,MC_G2_D075_DENS_LOW_V_REF,30,6.21904468536,6.70595760679,13.7228864486,0,0,12.4380893707,
MC_G2_D075_DENS_LOW_V_REF_S030,MC_G2_D075_DENS_LOW_V_REF,30,6.2280049324,6.42420085849,14.1238000794,0,0,12.4560098648,
MC_G2_D075_DENS_LOW_V_REF_S030,MC_G2_D075_DENS_LOW_V_REF,30,6.2370262146,6.54025741666,14.3222700027,0,0,12.4740524292,
MC_G2_D075_DENS_LOW_V_REF_S030,MC_G2_D075_DENS_LOW_V_REF,30,6.2460474968,6.3526485539,14.0189405443,0,0,12.4920949936,
MC_G2_D075_DENS_LOW_V_REF_S030,MC_G2_D075_DENS_LOW_V_REF,30,6.25500774384,6.70261258988,14.5293540551,0,0,12.5100154877,
MC_G2_D075_DENS_LOW_V_REF_S030,MC_G2_D075_DENS_LOW_V_REF,30,6.26402854919,6.41289643656,14.6623739592,0,0,12.5280570984,
MC_G2_D075_DENS_LOW_V_REF_S030,MC_G2_D075_DENS_LOW_V_REF,30,6.27304983139,6.51654388276,15.5266554799,0,0,12.5460996628,
MC_G2_D075_DENS_LOW_V_REF_S030,MC_G2_D075_DENS_LOW_V_REF,30,6.28201007843,6.40961607635,15.6533010615,0,0,12.5640201569,
MC_G2_D075_DENS_LOW_V_REF_S030,MC_G2_D075_DENS_LOW_V_REF,30,6.29103136063,6.74331812444,14.7958612404,0,0,12.5820627213,
MC_G2_D075_DENS_LOW_V_REF_S030,MC_G2_D075_DENS_LOW_V_REF,30,6.30005264282,6.51344920332,14.8601902821,0,0,12.6001052856,
MC_G2_D075_DENS_LOW_V_REF_S030,MC_G2_D075_DENS_LOW_V_REF,30,6.30901288986,6.83871769729,14.4881199198,0,0,12.6180257797,
MC_G2_D075_DENS_LOW_V_REF_S030,MC_G2_D075_DENS_LOW_V_REF,30,6.31803417206,6.51203836106,14.5475823025,0,0,12.6360683441,
MC_G2_D075_DENS_LOW_V_REF_S030,MC_G2_D075_DENS_LOW_V_REF,30,6.32705545425,7.21225600659,15.3611485578,0,0,12.6541109085,
MC_G2_D075_DENS_LOW_V_REF_S030,MC_G2_D075_DENS_LOW_V_REF,30,6.33601522446,6.81860338611,15.0388864643,0,0,12.6720304489,
MC_G2_D075_DENS_LOW_V_REF_S030,MC_G2_D075_DENS_LOW_V_REF,30,6.34503650665,6.63666939179,14.6925350334,0,0,12.6900730133,
MC_G2_D075_DENS_LOW_V_REF_S030,MC_G2_D075_DENS_LOW_V_REF,30,6.35405778885,6.70815759231,14.6556247547,0,0,12.7081155777,
MC_G2_D075_DENS_LOW_V_REF_S030,MC_G2_D075_DENS_LOW_V_REF,30,6.36301803589,6.42522762892,14.8472329626,0,0,12.7260360718,
MC_G2_D075_DENS_LOW_V_REF_S030,MC_G2_D075_DENS_LOW_V_REF,30,6.37203931808,6.84724961801,15.739293047,0,0,12.7440786362,
MC_G2_D075_DENS_LOW_V_REF_S030,MC_G2_D075_DENS_LOW_V_REF,30,6.38106060028,6.9267790115,15.0540761316,0,0,12.7621212006,
MC_G2_D075_DENS_LOW_V_REF_S030,MC_G2_D075_DENS_LOW_V_REF,30,6.39002084732,6.53009692089,16.6686297215,0,0,12.7800416946,
MC_G2_D075_DENS_LOW_V_REF_S030,MC_G2_D075_DENS_LOW_V_REF,30,6.39904212952,6.67029916284,15.5911504707,0,0,12.798084259,
MC_G2_D075_DENS_LOW_V_REF_S030,MC_G2_D075_DENS_LOW_V_REF,30,6.40800189972,6.74582868314,15.1978258882,0,0,12.8160037994,
MC_G2_D075_DENS_LOW_V_REF_S030,MC_G2_D075_DENS_LOW_V_REF,30,6.41702318192,7.00416478685,15.4558378588,0,0,12.8340463638,
MC_G2_D075_DENS_LOW_V_REF_S030,MC_G2_D075_DENS_LOW_V_REF,30,6.42604446411,6.59038790801,15.8277693084,0,0,12.8520889282,
MC_G2_D075_DENS_LOW_V_REF_S030,MC_G2_D075_DENS_LOW_V_REF,30,6.43500471115,7.0588267731,16.2293228759,0,0,12.8700094223,
MC_G2_D075_DENS_LOW_V_REF_S030,MC_G2_D075_DENS_LOW_V_REF,30,6.44402599335,6.61912200669,15.4058985527,0,0,12.8880519867,
MC_G2_D075_DENS_LOW_V_REF_S030,MC_G2_D075_DENS_LOW_V_REF,30,6.45304727554,6.71262332528,15.9149383517,0,0,12.9060945511,
MC_G2_D075_DENS_LOW_V_REF_S030,MC_G2_D075_DENS_LOW_V_REF,30,6.46200752258,7.05839462322,16.9297469615,0,0,12.9240150452,
MC_G2_D075_DENS_LOW_V_REF_S030,MC_G2_D075_DENS_LOW_V_REF,30,6.47102832794,7.06773447632,16.4754756891,0,0,12.9420566559,
MC_G2_D075_DENS_LOW_V_REF_S030,MC_G2_D075_DENS_LOW_V_REF,30,6.48004961014,6.69522625318,16.6841224512,0,0,12.9600992203,
MC_G2_D075_DENS_LOW_V_REF_S030,MC_G2_D075_DENS_LOW_V_REF,30,6.48900985718,6.51056728308,16.8653660419,0,0,12.9780197144,
MC_G2_D075_DENS_LOW_V_REF_S030,MC_G2_D075_DENS_LOW_V_REF,30,6.49803113937,6.62927697626,16.1841961657,0,0,12.9960622787,
MC_G2_D075_DENS_LOW_V_REF_S030,MC_G2_D075_DENS_LOW_V_REF,30,6.50705242157,6.79908756384,16.7522102768,0,0,13.0141048431,
MC_G2_D075_DENS_LOW_V_REF_S030,MC_G2_D075_DENS_LOW_V_REF,30,6.51601266861,6.82029606525,16.920649986,0,0,13.0320253372,
MC_G2_D075_DENS_LOW_V_REF_S030,MC_G2_D075_DENS_LOW_V_REF,30,6.52503395081,6.59015580705,16.7240328343,0,0,13.0500679016,
MC_G2_D075_DENS_LOW_V_REF_S030,MC_G2_D075_DENS_LOW_V_REF,30,6.53405475616,7.00815968644,17.2889733282,0,0,13.0681095123,
MC_G2_D075_DENS_LOW_V_REF_S030,MC_G2_D075_DENS_LOW_V_REF,30,6.5430150032,6.62773792585,17.4590926752,0,0,13.0860300064,
MC_G2_D075_DENS_LOW_V_REF_S030,MC_G2_D075_DENS_LOW_V_REF,30,6.5520362854,6.63745300884,16.2103721401,0,0,13.1040725708,
MC_G2_D075_DENS_LOW_V_REF_S030,MC_G2_D075_DENS_LOW_V_REF,30,6.5610575676,6.58749548797,16.1500269599,0,0,13.1221151352,
MC_G2_D075_DENS_LOW_V_REF_S030,MC_G2_D075_DENS_LOW_V_REF,30,6.57001781464,6.85117543994,17.1111342133,0,0,13.1400356293,
MC_G2_D075_DENS_LOW_V_REF_S030,MC_G2_D075_DENS_LOW_V_REF,30,6.57903909683,6.75181633525,17.2102730479,0,0,13.1580781937,
MC_G2_D075_DENS_LOW_V_REF_S030,MC_G2_D075_DENS_LOW_V_REF,30,6.58806037903,6.73801351229,16.9770256417,0,0,13.1761207581,
MC_G2_D075_DENS_LOW_V_REF_S030,MC_G2_D075_DENS_LOW_V_REF,30,6.59702062607,7.04291569976,18.2712369083,0,0,13.1940412521,
MC_G2_D075_DENS_LOW_V_REF_S030,MC_G2_D075_DENS_LOW_V_REF,30,6.60604143143,6.9700608667,17.4784260925,0,0,13.2120828629,
MC_G2_D075_DENS_LOW_V_REF_S030,MC_G2_D075_DENS_LOW_V_REF,30,6.61500167847,6.94921985847,17.8373428472,0,0,13.2300033569,
MC_G2_D075_DENS_LOW_V_REF_S030,MC_G2_D075_DENS_LOW_V_REF,30,6.62402296066,6.90239238482,18.1961709367,0,0,13.2480459213,
MC_G2_D075_DENS_LOW_V_REF_S030,MC_G2_D075_DENS_LOW_V_REF,30,6.63304424286,6.82023804001,18.1580260241,0,0,13.2660884857,
MC_G2_D075_DENS_LOW_V_REF_S030,MC_G2_D075_DENS_LOW_V_REF,30,6.6420044899,6.96184338752,19.6872268807,0,0,13.2840089798,
MC_G2_D075_DENS_LOW_V_REF_S030,MC_G2_D075_DENS_LOW_V_REF,30,6.65102577209,6.99686576432,18.20592171,0,0,13.3020515442,
MC_G2_D075_DENS_LOW_V_REF_S030,MC_G2_D075_DENS_LOW_V_REF,30,6.66004657745,6.72489980813,17.8915077429,0,0,13.3200931549,
MC_G2_D075_DENS_LOW_V_REF_S030,MC_G2_D075_DENS_LOW_V_REF,30,6.66900682449,6.95684603283,18.553217119,0,0,13.338013649,
MC_G2_D075_DENS_LOW_V_REF_S030,MC_G2_D075_DENS_LOW_V_REF,30,6.67802810669,6.58508108538,18.4771098942,0,0,13.3560562134,
MC_G2_D075_DENS_LOW_V_REF_S030,MC_G2_D075_DENS_LOW_V_REF,30,6.68704938889,6.3411065048,17.5381173853,0,0,13.3740987778,
MC_G2_D075_DENS_LOW_V_REF_S030,MC_G2_D075_DENS_LOW_V_REF,30,6.69600963593,7.20754490975,18.9232899495,0,0,13.3920192719,
MC_G2_D075_DENS_LOW_V_REF_S030,MC_G2_D075_DENS_LOW_V_REF,30,6.70503091812,7.00073466625,18.8610250637,0,0,13.4100618362,
MC_G2_D075_DENS_LOW_V_REF_S030,MC_G2_D075_DENS_LOW_V_REF,30,6.71405220032,6.90431274394,18.9610122163,0,0,13.4281044006,
MC_G2_D075_DENS_LOW_V_REF_S030,MC_G2_D075_DENS_LOW_V_REF,30,6.72301244736,6.69473386757,18.6285587555,0,0,13.4460248947,
MC_G2_D075_DENS_LOW_V_REF_S030,MC_G2_D075_DENS_LOW_V_REF,30,6.73203325272,6.6293272648,18.1582766346,0,0,13.4640665054,
MC_G2_D075_DENS_LOW_V_REF_S030,MC_G2_D075_DENS_LOW_V_REF,30,6.74105453491,7.24425167636,18.6644914794,0,0,13.4821090698,
MC_G2_D075_DENS_LOW_V_REF_S030,MC_G2_D075_DENS_LOW_V_REF,30,6.75001478195,6.78440109937,18.4381089011,0,0,13.5000295639,
MC_G2_D075_DENS_LOW_V_REF_S030,MC_G2_D075_DENS_LOW_V_REF,30,6.75903606415,6.9157707946,18.1255950932,0,0,13.5180721283,
MC_G2_D075_DENS_LOW_V_REF_S030,MC_G2_D075_DENS_LOW_V_REF,30,6.76805734634,6.71565390065,20.1544746266,0,0,13.5361146927,
MC_G2_D075_DENS_LOW_V_REF_S030,MC_G2_D075_DENS_LOW_V_REF,30,6.77701759338,6.84685946735,19.7717526267,0,0,13.5540351868,
MC_G2_D075_DENS_LOW_V_REF_S030,MC_G2_D075_DENS_LOW_V_REF,30,6.78603887558,7.13959403837,18.4473683398,0,0,13.5720777512,
MC_G2_D075_DENS_LOW_V_REF_S030,MC_G2_D075_DENS_LOW_V_REF,30,6.79505968094,6.12966750504,18.3718273981,0,0,13.5901193619,
MC_G2_D075_DENS_LOW_V_REF_S030,MC_G2_D075_DENS_LOW_V_REF,30,6.80401992798,6.9838542951,18.8170186999,0,0,13.608039856,
MC_G2_D075_DENS_LOW_V_REF_S030,MC_G2_D075_DENS_LOW_V_REF,30,6.81304121017,6.46234167746,19.6271473362,0,0,13.6260824203,
MC_G2_D075_DENS_LOW_V_REF_S030,MC_G2_D075_DENS_LOW_V_REF,30,6.82200145721,7.72784120784,20.8623373914,0,0,13.6440029144,
MC_G2_D075_DENS_LOW_V_REF_S030,MC_G2_D075_DENS_LOW_V_REF,30,6.83102273941,7.10302984806,20.7890129727,0,0,13.6620454788,
MC_G2_D075_DENS_LOW_V_REF_S030,MC_G2_D075_DENS_LOW_V_REF,30,6.84004402161,7.1361152871,20.71067656,0,0,13.6800880432,
MC_G2_D075_DENS_LOW_V_REF_S030,MC_G2_D075_DENS_LOW_V_REF,30,6.84900426865,6.75691703013,19.3429069754,0,0,13.6980085373,
MC_G2_D075_DENS_LOW_V_REF_S030,MC_G2_D075_DENS_LOW_V_REF,30,6.85802507401,7.51962509568,21.1540155387,0,0,13.716050148,
MC_G2_D075_DENS_LOW_V_REF_S030,MC_G2_D075_DENS_LOW_V_REF,30,6.8670463562,6.58525958207,19.5043050172,0,0,13.7340927124,
MC_G2_D075_DENS_LOW_V_REF_S030,MC_G2_D075_DENS_LOW_V_REF,30,6.87600660324,6.05692540673,19.7506876416,0,0,13.7520132065,
MC_G2_D075_DENS_LOW_V_REF_S030,MC_G2_D075_DENS_LOW_V_REF,30,6.88502788544,6.30810616945,19.8313501368,0,0,13.7700557709,
MC_G2_D075_DENS_LOW_V_REF_S030,MC_G2_D075_DENS_LOW_V_REF,30,6.89404916763,6.5504322806,20.4927783587,0,0,13.7880983353,
MC_G2_D075_DENS_LOW_V_REF_S030,MC_G2_D075_DENS_LOW_V_REF,30,6.90300941467,6.56667603197,20.4002416553,0,0,13.8060188293,
MC_G2_D075_DENS_LOW_V_REF_S030,MC_G2_D075_DENS_LOW_V_REF,30,6.91203069687,7.20138926075,21.3622970969,0,0,13.8240613937,
MC_G2_D075_DENS_LOW_V_REF_S030,MC_G2_D075_DENS_LOW_V_REF,30,6.92105150223,8.05889122617,21.1660164517,0,0,13.8421030045,
MC_G2_D075_DENS_LOW_V_REF_S030,MC_G2_D075_DENS_LOW_V_REF,30,6.93001174927,6.85971509735,20.8668697949,0,0,13.8600234985,
MC_G2_D075_DENS_LOW_V_REF_S030,MC_G2_D075_DENS_LOW_V_REF,30,6.93903303146,7.7903587063,21.5646370447,0,0,13.8780660629,
MC_G2_D075_DENS_LOW_V_REF_S030,MC_G2_D075_DENS_LOW_V_REF,30,6.94805431366,6.55098545455,19.996901588,0,0,13.8961086273,
MC_G2_D075_DENS_LOW_V_REF_S030,MC_G2_D075_DENS_LOW_V_REF,30,6.9570145607,6.81983131071,21.2610778139,0,0,13.9140291214,
MC_G2_D075_DENS_LOW_V_REF_S030,MC_G2_D075_DENS_LOW_V_REF,30,6.9660358429,6.88783965471,20.8344640231,0,0,13.9320716858,
MC_G2_D075_DENS_LOW_V_REF_S030,MC_G2_D075_DENS_LOW_V_REF,30,6.97505664825,6.93239917042,21.4697900924,0,0,13.9501132965,
MC_G2_D075_DENS_LOW_V_REF_S030,MC_G2_D075_DENS_LOW_V_REF,30,6.98401689529,6.68807588579,20.2082377511,0,0,13.9680337906,
MC_G2_D075_DENS_LOW_V_REF_S030,MC_G2_D075_DENS_LOW_V_REF,30,6.99303817749,7.44500961106,21.2948413198,0,0,13.986076355,
MC_G2_D075_DENS_LOW_V_REF_S030,MC_G2_D075_DENS_LOW_V_REF,30,7.00205945969,6.57398721217,20.3468513739,0,0,14.0041189194,
MC_G2_D075_DENS_LOW_V_REF_S030,MC_G2_D075_DENS_LOW_V_REF,30,7.01101970673,6.83656689507,21.3769263767,0,0,14.0220394135,
MC_G2_D075_DENS_LOW_V_REF_S030,MC_G2_D075_DENS_LOW_V_REF,30,7.02004098892,7.41472927789,21.9874440844,0,0,14.0400819778,
MC_G2_D075_DENS_LOW_V_REF_S030,MC_G2_D075_DENS_LOW_V_REF,30,7.02900123596,7.16326004683,21.2621251575,0,0,14.0580024719,
MC_G2_D075_DENS_LOW_V_REF_S030,MC_G2_D075_DENS_LOW_V_REF,30,7.03802251816,7.65747040766,20.783823566,0,0,14.0760450363,
MC_G2_D075_DENS_LOW_V_REF_S030,MC_G2_D075_DENS_LOW_V_REF,30,7.04704332352,6.2230129844,20.3006147303,0,0,14.094086647,
MC_G2_D075_DENS_LOW_V_REF_S030,MC_G2_D075_DENS_LOW_V_REF,30,7.05600357056,7.17460149439,21.1920157799,0,0,14.1120071411,
MC_G2_D075_DENS_LOW_V_REF_S030,MC_G2_D075_DENS_LOW_V_REF,30,7.06502485275,7.10769839306,21.476048068,0,0,14.1300497055,
MC_G2_D075_DENS_LOW_V_REF_S030,MC_G2_D075_DENS_LOW_V_REF,30,7.07404613495,6.94974208563,21.1211130628,0,0,14.1480922699,
MC_G2_D075_DENS_LOW_V_REF_S030,MC_G2_D075_DENS_LOW_V_REF,30,7.08300638199,7.72192097553,23.365817742,0,0,14.166012764,
MC_G2_D075_DENS_LOW_V_REF_S030,MC_G2_D075_DENS_LOW_V_REF,30,7.09201526642,7.40414271107,22.8333740036,0,0,14.1840305328,
MC_G2_D075_DENS_LOW_V_REF_S030,MC_G2_D075_DENS_LOW_V_REF,30,7.10103654861,7.0840119376,21.6413786401,0,0,14.2020730972,
MC_G2_D075_DENS_LOW_V_REF_S030,MC_G2_D075_DENS_LOW_V_REF,30,7.11005783081,7.46910279581,22.3327972722,0,0,14.2201156616,
MC_G2_D075_DENS_LOW_V_REF_S030,MC_G2_D075_DENS_LOW_V_REF,30,7.11901807785,7.23399612972,22.6579409775,0,0,14.2380361557,
MC_G2_D075_DENS_LOW_V_REF_S030,MC_G2_D075_DENS_LOW_V_REF,30,7.12803936005,7.30359436528,23.4930871781,0,0,14.2560787201,
MC_G2_D075_DENS_LOW_V_REF_S030,MC_G2_D075_DENS_LOW_V_REF,30,7.13706064224,6.72254508864,21.1418237438,0,0,14.2741212845,
MC_G2_D075_DENS_LOW_V_REF_S030,MC_G2_D075_DENS_LOW_V_REF,30,7.14602041245,6.27418848269,21.0446035281,0,0,14.2920408249,
MC_G2_D075_DENS_LOW_V_REF_S030,MC_G2_D075_DENS_LOW_V_REF,30,7.15504169464,7.23732788372,21.8466386322,0,0,14.3100833893,
MC_G2_D075_DENS_LOW_V_REF_S030,MC_G2_D075_DENS_LOW_V_REF,30,7.16403722763,7.48263870267,22.5246386232,0,0,14.3280744553,
MC_G2_D075_DENS_LOW_V_REF_S030,MC_G2_D075_DENS_LOW_V_REF,30,7.17305850983,7.51169884794,22.5710589063,0,0,14.3461170197,
MC_G2_D075_DENS_LOW_V_REF_S030,MC_G2_D075_DENS_LOW_V_REF,30,7.18201875687,7.00574859958,22.9905270404,0,0,14.3640375137,
MC_G2_D075_DENS_LOW_V_REF_S030,MC_G2_D075_DENS_LOW_V_REF,30,7.19104003906,7.01873962181,24.2135018306,0,0,14.3820800781,
MC_G2_D075_DENS_LOW_V_REF_S030,MC_G2_D075_DENS_LOW_V_REF,30,7.2000002861,7.58249074558,24.454541646,0,0,14.4000005722,
MC_G2_D075_DENS_LOW_V_REF_S030,MC_G2_D075_DENS_LOW_V_REF,30,7.2090215683,7.64094205629,23.6865563329,0,0,14.4180431366,
MC_G2_D075_DENS_LOW_V_REF_S030,MC_G2_D075_DENS_LOW_V_REF,30,7.21804237366,6.49940543745,23.1948381951,0,0,14.4360847473,
MC_G2_D075_DENS_LOW_V_REF_S030,MC_G2_D075_DENS_LOW_V_REF,30,7.2270026207,7.3667324575,24.125790943,0,0,14.4540052414,
MC_G2_D075_DENS_LOW_V_REF_S030,MC_G2_D075_DENS_LOW_V_REF,30,7.23602390289,7.03189587782,24.2725537726,0,0,14.4720478058,
MC_G2_D075_DENS_LOW_V_REF_S030,MC_G2_D075_DENS_LOW_V_REF,30,7.24504518509,7.00771372103,26.2520667975,0,0,14.4900903702,
MC_G2_D075_DENS_LOW_V_REF_S030,MC_G2_D075_DENS_LOW_V_REF,30,7.25400543213,7.15140245095,24.8899672246,0,0,14.5080108643,
MC_G2_D075_DENS_LOW_V_REF_S030,MC_G2_D075_DENS_LOW_V_REF,30,7.26302671432,6.84086628902,23.5787015558,0,0,14.5260534286,
MC_G2_D075_DENS_LOW_V_REF_S030,MC_G2_D075_DENS_LOW_V_REF,30,7.27204799652,6.80980675978,24.2037272792,0,0,14.544095993,
MC_G2_D075_DENS_LOW_V_REF_S030,MC_G2_D075_DENS_LOW_V_REF,30,7.28100776672,7.35443110669,24.608801636,0,0,14.5620155334,
MC_G2_D075_DENS_LOW_V_REF_S030,MC_G2_D075_DENS_LOW_V_REF,30,7.29002904892,6.21010153965,25.009878054,0,0,14.5800580978,
MC_G2_D075_DENS_LOW_V_REF_S030,MC_G2_D075_DENS_LOW_V_REF,30,7.29905033112,7.28810549464,24.5806588041,0,0,14.5981006622,
MC_G2_D075_DENS_LOW_V_REF_S030,MC_G2_D075_DENS_LOW_V_REF,30,7.30800819397,7.46142964864,25.128743472,0,0,14.6160163879,
MC_G2_D075_DENS_LOW_V_REF_S030,MC_G2_D075_DENS_LOW_V_REF,30,7.31702852249,6.80539628894,23.3234332963,0,0,14.634057045,
MC_G2_D075_DENS_LOW_V_REF_S030,MC_G2_D075_DENS_LOW_V_REF,30,7.32604789734,6.91908541734,26.5309118336,0,0,14.6520957947,
MC_G2_D075_DENS_LOW_V_REF_S030,MC_G2_D075_DENS_LOW_V_REF,30,7.33500814438,7.06456242989,26.6779204822,0,0,14.6700162888,
MC_G2_D075_DENS_LOW_V_REF_S030,MC_G2_D075_DENS_LOW_V_REF,30,7.34402942657,6.96547632014,26.0634873965,0,0,14.6880588531,
MC_G2_D075_DENS_LOW_V_REF_S030,MC_G2_D075_DENS_LOW_V_REF,30,7.35304784775,7.46118041642,25.7988449885,0,0,14.7060956955,
MC_G2_D075_DENS_LOW_V_REF_S030,MC_G2_D075_DENS_LOW_V_REF,30,7.36200809479,6.75408760892,25.3145582634,0,0,14.7240161896,
MC_G2_D075_DENS_LOW_V_REF_S030,MC_G2_D075_DENS_LOW_V_REF,30,7.37102937698,7.33443837221,26.8133367629,0,0,14.742058754,
MC_G2_D075_DENS_LOW_V_REF_S030,MC_G2_D075_DENS_LOW_V_REF,30,7.38003826141,7.5762837028,27.1043368986,0,0,14.7600765228,
MC_G2_D075_DENS_LOW_V_REF_S030,MC_G2_D075_DENS_LOW_V_REF,30,7.38905954361,7.43424620541,26.1278295025,0,0,14.7781190872,
MC_G2_D075_DENS_LOW_V_REF_S030,MC_G2_D075_DENS_LOW_V_REF,30,7.39800071716,7.62932374545,26.8602113529,0,0,14.7960014343,
MC_G2_D075_DENS_LOW_V_REF_S030,MC_G2_D075_DENS_LOW_V_REF,30,7.40702199936,7.40218256321,26.7343553606,0,0,14.8140439987,
MC_G2_D075_DENS_LOW_V_REF_S030,MC_G2_D075_DENS_LOW_V_REF,30,7.41603803635,7.39688458252,28.2517368733,0,0,14.8320760727,
MC_G2_D075_DENS_LOW_V_REF_S030,MC_G2_D075_DENS_LOW_V_REF,30,7.42505407333,6.77922248488,27.7952061354,0,0,14.8501081467,
MC_G2_D075_DENS_LOW_V_REF_S030,MC_G2_D075_DENS_LOW_V_REF,30,7.43404865265,7.36640972664,28.7595353651,0,0,14.8680973053,
MC_G2_D075_DENS_LOW_V_REF_S030,MC_G2_D075_DENS_LOW_V_REF,30,7.44300603867,7.61755954257,27.8564894943,0,0,14.8860120773,
MC_G2_D075_DENS_LOW_V_REF_S030,MC_G2_D075_DENS_LOW_V_REF,30,7.45205354691,7.24273749392,28.5709824552,0,0,14.9041070938,
MC_G2_D075_DENS_LOW_V_REF_S030,MC_G2_D075_DENS_LOW_V_REF,30,7.46103191376,7.67810363026,29.2434896864,0,0,14.9220638275,
MC_G2_D075_DENS_LOW_V_REF_S030,MC_G2_D075_DENS_LOW_V_REF,30,7.47004795074,7.11031560768,28.9846137199,0,0,14.9400959015,
MC_G2_D075_DENS_LOW_V_REF_S030,MC_G2_D075_DENS_LOW_V_REF,30,7.47904539108,7.65504937361,27.9772981398,0,0,14.9580907822,
MC_G2_D075_DENS_LOW_V_REF_S030,MC_G2_D075_DENS_LOW_V_REF,30,7.48801803589,7.01223029516,29.4626226607,0,0,14.9760360718,
MC_G2_D075_DENS_LOW_V_REF_S030,MC_G2_D075_DENS_LOW_V_REF,30,7.49702215195,6.82057569164,30.7955287236,0,0,14.9940443039,
MC_G2_D075_DENS_LOW_V_REF_S030,MC_G2_D075_DENS_LOW_V_REF,30,7.50601768494,7.20552618403,30.6113008768,0,0,15.0120353699,
MC_G2_D075_DENS_LOW_V_REF_S030,MC_G2_D075_DENS_LOW_V_REF,30,7.51504850388,6.84946618216,29.074774427,0,0,15.0300970078,
MC_G2_D075_DENS_LOW_V_REF_S030,MC_G2_D075_DENS_LOW_V_REF,30,7.52400350571,6.38905635238,27.7336492765,0,0,15.0480070114,
MC_G2_D075_DENS_LOW_V_REF_S030,MC_G2_D075_DENS_LOW_V_REF,30,7.53301954269,6.84303366988,29.4868436338,0,0,15.0660390854,
MC_G2_D075_DENS_LOW_V_REF_S030,MC_G2_D075_DENS_LOW_V_REF,30,7.5420384407,7.0649072656,29.1399654926,0,0,15.0840768814,
MC_G2_D075_DENS_LOW_V_REF_S030,MC_G2_D075_DENS_LOW_V_REF,30,7.55100250244,7.38482583247,28.5970071305,0,0,15.1020050049,
MC_G2_D075_DENS_LOW_V_REF_S030,MC_G2_D075_DENS_LOW_V_REF,30,7.56000328064,7.40566297235,29.8486590849,0,0,15.1200065613,
MC_G2_D075_DENS_LOW_V_REF_S030,MC_G2_D075_DENS_LOW_V_REF,30,7.56904602051,7.67087036967,30.4787092895,0,0,15.138092041,
MC_G2_D075_DENS_LOW_V_REF_S030,MC_G2_D075_DENS_LOW_V_REF,30,7.5780005455,7.47120386211,30.5359907469,0,0,15.156001091,
MC_G2_D075_DENS_LOW_V_REF_S030,MC_G2_D075_DENS_LOW_V_REF,30,7.587018013,7.67075818754,31.4924749386,0,0,15.174036026,
MC_G2_D075_DENS_LOW_V_REF_S030,MC_G2_D075_DENS_LOW_V_REF,30,7.59603357315,7.57166710421,31.2732405774,0,0,15.1920671463,
MC_G2_D075_DENS_LOW_V_REF_S030,MC_G2_D075_DENS_LOW_V_REF,30,7.60500955582,6.47473586865,30.8285777637,0,0,15.2100191116,
MC_G2_D075_DENS_LOW_V_REF_S030,MC_G2_D075_DENS_LOW_V_REF,30,7.61403083801,7.66567020295,30.5597418868,0,0,15.228061676,
MC_G2_D075_DENS_LOW_V_REF_S030,MC_G2_D075_DENS_LOW_V_REF,30,7.62304925919,6.82833781084,29.5554503959,0,0,15.2460985184,
MC_G2_D075_DENS_LOW_V_REF_S030,MC_G2_D075_DENS_LOW_V_REF,30,7.63200283051,7.33113922287,33.7686005605,0,0,15.264005661,
MC_G2_D075_DENS_LOW_V_REF_S030,MC_G2_D075_DENS_LOW_V_REF,30,7.64103555679,7.86614574815,32.1061335136,0,0,15.2820711136,
MC_G2_D075_DENS_LOW_V_REF_S030,MC_G2_D075_DENS_LOW_V_REF,30,7.6500120163,7.54969819585,31.0724501046,0,0,15.3000240326,
MC_G2_D075_DENS_LOW_V_REF_S030,MC_G2_D075_DENS_LOW_V_REF,30,7.65901231766,7.06715311868,30.9954345202,0,0,15.3180246353,
MC_G2_D075_DENS_LOW_V_REF_S030,MC_G2_D075_DENS_LOW_V_REF,30,7.66803312302,7.65609548579,31.3148775049,0,0,15.336066246,
MC_G2_D075_DENS_LOW_V_REF_S030,MC_G2_D075_DENS_LOW_V_REF,30,7.67701721191,7.41692097409,29.2405321708,0,0,15.3540344238,
MC_G2_D075_DENS_LOW_V_REF_S030,MC_G2_D075_DENS_LOW_V_REF,30,7.68604230881,6.96097853514,33.3127132919,0,0,15.3720846176,
MC_G2_D075_DENS_LOW_V_REF_S030,MC_G2_D075_DENS_LOW_V_REF,30,7.69500303268,7.60720783981,34.3165019627,0,0,15.3900060654,
MC_G2_D075_DENS_LOW_V_REF_S030,MC_G2_D075_DENS_LOW_V_REF,30,7.70400381088,6.88799715179,31.9364379815,0,0,15.4080076218,
MC_G2_D075_DENS_LOW_V_REF_S030,MC_G2_D075_DENS_LOW_V_REF,30,7.71302843094,7.31853227246,33.5314578842,0,0,15.4260568619,
MC_G2_D075_DENS_LOW_V_REF_S030,MC_G2_D075_DENS_LOW_V_REF,30,7.72202110291,7.20487961707,33.1450590426,0,0,15.4440422058,
MC_G2_D075_DENS_LOW_V_REF_S030,MC_G2_D075_DENS_LOW_V_REF,30,7.73103904724,7.35707705762,31.2671996939,0,0,15.4620780945,
MC_G2_D075_DENS_LOW_V_REF_S030,MC_G2_D075_DENS_LOW_V_REF,30,7.74005746841,7.26336684818,32.6048916375,0,0,15.4801149368,
MC_G2_D075_DENS_LOW_V_REF_S030,MC_G2_D075_DENS_LOW_V_REF,30,7.74902200699,7.21985897085,32.780639221,0,0,15.498044014,
MC_G2_D075_DENS_LOW_V_REF_S030,MC_G2_D075_DENS_LOW_V_REF,30,7.75800037384,6.83418012355,31.6685290294,0,0,15.5160007477,
MC_G2_D075_DENS_LOW_V_REF_S030,MC_G2_D075_DENS_LOW_V_REF,30,7.76705884933,7.51886468873,31.6705259572,0,0,15.5341176987,
MC_G2_D075_DENS_LOW_V_REF_S030,MC_G2_D075_DENS_LOW_V_REF,30,7.77602910995,6.56465399053,31.8813423365,0,0,15.5520582199,
MC_G2_D075_DENS_LOW_V_REF_S030,MC_G2_D075_DENS_LOW_V_REF,30,7.78500890732,7.43787526968,33.6101991854,0,0,15.5700178146,
MC_G2_D075_DENS_LOW_V_REF_S030,MC_G2_D075_DENS_LOW_V_REF,30,7.79402971268,7.30666030842,35.0879738389,0,0,15.5880594254,
MC_G2_D075_DENS_LOW_V_REF_S030,MC_G2_D075_DENS_LOW_V_REF,30,7.80302715302,7.5397587486,33.4478088281,0,0,15.606054306,
MC_G2_D075_DENS_LOW_V_REF_S030,MC_G2_D075_DENS_LOW_V_REF,30,7.81204891205,7.16622541289,32.7937668121,0,0,15.6240978241,
MC_G2_D075_DENS_LOW_V_REF_S030,MC_G2_D075_DENS_LOW_V_REF,30,7.82102870941,7.44815292118,32.4732135456,0,0,15.6420574188,
MC_G2_D075_DENS_LOW_V_REF_S030,MC_G2_D075_DENS_LOW_V_REF,30,7.8300037384,7.1461210489,34.7222462137,0,0,15.6600074768,
MC_G2_D075_DENS_LOW_V_REF_S030,MC_G2_D075_DENS_LOW_V_REF,30,7.83904647827,6.84646986931,33.7813560388,0,0,15.6780929565,
MC_G2_D075_DENS_LOW_V_REF_S030,MC_G2_D075_DENS_LOW_V_REF,30,7.84800052643,7.09686535712,31.9805147992,0,0,15.6960010529,
MC_G2_D075_DENS_LOW_V_REF_S030,MC_G2_D075_DENS_LOW_V_REF,30,7.85705089569,7.30709411617,31.9695283328,0,0,15.7141017914,
MC_G2_D075_DENS_LOW_V_REF_S030,MC_G2_D075_DENS_LOW_V_REF,30,7.86605024338,7.69469884881,33.8138285658,0,0,15.7321004868,
MC_G2_D075_DENS_LOW_V_REF_S030,MC_G2_D075_DENS_LOW_V_REF,30,7.87502288818,7.56306389534,36.4647736706,0,0,15.7500457764,
MC_G2_D075_DENS_LOW_V_REF_S030,MC_G2_D075_DENS_LOW_V_REF,30,7.88400125504,7.491699482,33.152881609,0,0,15.7680025101,
MC_G2_D075_DENS_LOW_V_REF_S030,MC_G2_D075_DENS_LOW_V_REF,30,7.89300394058,7.61383819053,35.144364302,0,0,15.7860078812,
MC_G2_D075_DENS_LOW_V_REF_S030,MC_G2_D075_DENS_LOW_V_REF,30,7.90202331543,7.24077071461,33.0880160052,0,0,15.8040466309,
MC_G2_D075_DENS_LOW_V_REF_S030,MC_G2_D075_DENS_LOW_V_REF,30,7.91101026535,7.19610288511,33.3962545004,0,0,15.8220205307,
MC_G2_D075_DENS_LOW_V_REF_S030,MC_G2_D075_DENS_LOW_V_REF,30,7.9200553894,7.65940624018,34.1821016445,0,0,15.8401107788,
MC_G2_D075_DENS_LOW_V_REF_S030,MC_G2_D075_DENS_LOW_V_REF,30,7.92901563644,7.30751576624,35.8476803275,0,0,15.8580312729,
MC_G2_D075_DENS_LOW_V_REF_S030,MC_G2_D075_DENS_LOW_V_REF,30,7.93804979324,6.34987550007,32.7732767859,0,0,15.8760995865,
MC_G2_D075_DENS_LOW_V_REF_S030,MC_G2_D075_DENS_LOW_V_REF,30,7.94703435898,7.23020735788,33.3450489302,0,0,15.894068718,
MC_G2_D075_DENS_LOW_V_REF_S030,MC_G2_D075_DENS_LOW_V_REF,30,7.95601606369,7.05049324344,34.8587679083,0,0,15.9120321274,
MC_G2_D075_DENS_LOW_V_REF_S030,MC_G2_D075_DENS_LOW_V_REF,30,7.96502876282,7.08734424422,34.4751402767,0,0,15.9300575256,
MC_G2_D075_DENS_LOW_V_REF_S030,MC_G2_D075_DENS_LOW_V_REF,30,7.97401380539,7.21875483343,33.6570925344,0,0,15.9480276108,
MC_G2_D075_DENS_LOW_V_REF_S030,MC_G2_D075_DENS_LOW_V_REF,30,7.98304319382,7.18325664967,32.8614808757,0,0,15.9660863876,
MC_G2_D075_DENS_LOW_V_REF_S030,MC_G2_D075_DENS_LOW_V_REF,30,7.99200344086,7.5880589581,34.0180165787,0,0,15.9840068817,
MC_G2_D075_DENS_LOW_V_REF_S030,MC_G2_D075_DENS_LOW_V_REF,30,8.00103473663,7.0493133969,34.1591979834,0,0,16.0020694733,
MC_G2_D075_DENS_LOW_V_REF_S030,MC_G2_D075_DENS_LOW_V_REF,30,8.010014534,7.21060090571,34.0939350341,0,0,16.020029068,
MC_G2_D075_DENS_LOW_V_REF_S030,MC_G2_D075_DENS_LOW_V_REF,30,8.01901912689,7.09001948408,31.4630672471,0,0,16.0380382538,
MC_G2_D075_DENS_LOW_V_REF_S030,MC_G2_D075_DENS_LOW_V_REF,30,8.02802085876,7.4923134443,35.4160578093,0,0,16.0560417175,
MC_G2_D075_DENS_LOW_V_REF_S030,MC_G2_D075_DENS_LOW_V_REF,30,8.03700256348,7.57307463073,36.0567479145,0,0,16.074005127,
MC_G2_D075_DENS_LOW_V_REF_S030,MC_G2_D075_DENS_LOW_V_REF,30,8.04602622986,8.27858970433,35.7967181,0,0,16.0920524597,
MC_G2_D075_DENS_LOW_V_REF_S030,MC_G2_D075_DENS_LOW_V_REF,30,8.05502319336,7.22998188838,34.932391637,0,0,16.1100463867,
MC_G2_D075_DENS_LOW_V_REF_S030,MC_G2_D075_DENS_LOW_V_REF,30,8.06400299072,7.66353542676,36.3181959752,0,0,16.1280059814,
MC_G2_D075_DENS_LOW_V_REF_S030,MC_G2_D075_DENS_LOW_V_REF,30,8.07301235199,6.98109726728,34.8550071464,0,0,16.146024704,
MC_G2_D075_DENS_LOW_V_REF_S030,MC_G2_D075_DENS_LOW_V_REF,30,8.0820016861,7.1893095111,35.2635387047,0,0,16.1640033722,
MC_G2_D075_DENS_LOW_V_REF_S030,MC_G2_D075_DENS_LOW_V_REF,30,8.09100055695,7.2016650188,34.7348165323,0,0,16.1820011139,
MC_G2_D075_DENS_LOW_V_REF_S030,MC_G2_D075_DENS_LOW_V_REF,30,8.10000705719,7.51182429298,33.9120548883,0,0,16.2000141144,
MC_G2_D075_DENS_LOW_V_REF_S030,MC_G2_D075_DENS_LOW_V_REF,30,8.10901069641,7.56966716761,35.0582174638,0,0,16.2180213928,
MC_G2_D075_DENS_LOW_V_REF_S030,MC_G2_D075_DENS_LOW_V_REF,30,8.11800384521,7.08750063606,35.9348595405,0,0,16.2360076904,
MC_G2_D075_DENS_LOW_V_REF_S030,MC_G2_D075_DENS_LOW_V_REF,30,8.12700271606,7.35396027332,33.9061931609,0,0,16.2540054321,
MC_G2_D075_DENS_LOW_V_REF_S030,MC_G2_D075_DENS_LOW_V_REF,30,8.13601589203,7.38065519929,34.8340294542,0,0,16.2720317841,
MC_G2_D075_DENS_LOW_V_REF_S030,MC_G2_D075_DENS_LOW_V_REF,30,8.1450176239,7.99025510434,35.8500354046,0,0,16.2900352478,
MC_G2_D075_DENS_LOW_V_REF_S030,MC_G2_D075_DENS_LOW_V_REF,30,8.15400505066,7.62174564915,33.7542482745,0,0,16.3080101013,
MC_G2_D075_DENS_LOW_V_REF_S030,MC_G2_D075_DENS_LOW_V_REF,30,8.16300678253,7.5203225038,34.9439594658,0,0,16.3260135651,
MC_G2_D075_DENS_LOW_V_REF_S030,MC_G2_D075_DENS_LOW_V_REF,30,8.17202758789,7.39974716101,35.8410569156,0,0,16.3440551758,
MC_G2_D075_DENS_LOW_V_REF_S030,MC_G2_D075_DENS_LOW_V_REF,30,8.18103313446,7.82340877758,35.4752149189,0,0,16.3620662689,
MC_G2_D075_DENS_LOW_V_REF_S030,MC_G2_D075_DENS_LOW_V_REF,30,8.19003582001,7.19182228028,35.918635267,0,0,16.38007164,
MC_G2_D075_DENS_LOW_V_REF_S030,MC_G2_D075_DENS_LOW_V_REF,30,8.19902229309,7.12603602666,34.9051746492,0,0,16.3980445862,
MC_G2_D075_DENS_LOW_V_REF_S030,MC_G2_D075_DENS_LOW_V_REF,30,8.2080078125,7.37382811538,35.6518938927,0,0,16.416015625,
MC_G2_D075_DENS_LOW_V_REF_S030,MC_G2_D075_DENS_LOW_V_REF,30,8.21703243256,7.53802849122,34.9939890909,0,0,16.4340648651,
MC_G2_D075_DENS_LOW_V_REF_S030,MC_G2_D075_DENS_LOW_V_REF,30,8.22601509094,7.07808728432,34.0589901102,0,0,16.4520301819,
MC_G2_D075_DENS_LOW_V_REF_S030,MC_G2_D075_DENS_LOW_V_REF,30,8.23500061035,7.44244821119,35.7260100818,0,0,16.4700012207,
MC_G2_D075_DENS_LOW_V_REF_S030,MC_G2_D075_DENS_LOW_V_REF,30,8.24403190613,7.66529331521,35.4544054764,0,0,16.4880638123,
MC_G2_D075_DENS_LOW_V_REF_S030,MC_G2_D075_DENS_LOW_V_REF,30,8.25302028656,8.18055357512,37.1780120571,0,0,16.5060405731,
MC_G2_D075_DENS_LOW_V_REF_S030,MC_G2_D075_DENS_LOW_V_REF,30,8.26200866699,8.06168417438,35.9268044254,0,0,16.524017334,
MC_G2_D075_DENS_LOW_V_REF_S030,MC_G2_D075_DENS_LOW_V_REF,30,8.27103233337,7.55269948229,34.7281316629,0,0,16.5420646667,
MC_G2_D075_DENS_LOW_V_REF_S030,MC_G2_D075_DENS_LOW_V_REF,30,8.28000354767,7.08319350541,35.6578541522,0,0,16.5600070953,
MC_G2_D075_DENS_LOW_V_REF_S030,MC_G2_D075_DENS_LOW_V_REF,30,8.28900623322,7.13004308392,35.4875086933,0,0,16.5780124664,
MC_G2_D075_DENS_LOW_V_REF_S030,MC_G2_D075_DENS_LOW_V_REF,30,8.2980222702,6.89911423509,34.0751521267,0,0,16.5960445404,
MC_G2_D075_DENS_LOW_V_REF_S030,MC_G2_D075_DENS_LOW_V_REF,30,8.30701160431,7.46253599654,34.1923430386,0,0,16.6140232086,
MC_G2_D075_DENS_LOW_V_REF_S030,MC_G2_D075_DENS_LOW_V_REF,30,8.31600570679,7.5228098524,35.9119233525,0,0,16.6320114136,
MC_G2_D075_DENS_LOW_V_REF_S030,MC_G2_D075_DENS_LOW_V_REF,30,8.32500267029,7.63110815972,35.2914541064,0,0,16.6500053406,
MC_G2_D075_DENS_LOW_V_REF_S030,MC_G2_D075_DENS_LOW_V_REF,30,8.33400535583,7.06116712443,33.1264433681,0,0,16.6680107117,
MC_G2_D075_DENS_LOW_V_REF_S030,MC_G2_D075_DENS_LOW_V_REF,30,8.34302711487,7.16379001069,34.7321395848,0,0,16.6860542297,
MC_G2_D075_DENS_LOW_V_REF_S030,MC_G2_D075_DENS_LOW_V_REF,30,8.35201358795,7.62687231723,33.4257543125,0,0,16.7040271759,
MC_G2_D075_DENS_LOW_V_REF_S030,MC_G2_D075_DENS_LOW_V_REF,30,8.3610124588,7.33814756658,34.7540449053,0,0,16.7220249176,
MC_G2_D075_DENS_LOW_V_REF_S030,MC_G2_D075_DENS_LOW_V_REF,30,8.3700094223,7.51003158939,32.0471916345,0,0,16.7400188446,
MC_G2_D075_DENS_LOW_V_REF_S030,MC_G2_D075_DENS_LOW_V_REF,30,8.3790140152,7.31358575893,34.6380758897,0,0,16.7580280304,
MC_G2_D075_DENS_LOW_V_REF_S030,MC_G2_D075_DENS_LOW_V_REF,30,8.38800621033,7.76969730001,34.7473621738,0,0,16.7760124207,
MC_G2_D075_DENS_LOW_V_REF_S030,MC_G2_D075_DENS_LOW_V_REF,30,8.39701271057,8.04003081279,35.5651835889,0,0,16.7940254211,
MC_G2_D075_DENS_LOW_V_REF_S030,MC_G2_D075_DENS_LOW_V_REF,30,8.40600204468,7.54204715353,33.0939659751,0,0,16.8120040894,
MC_G2_D075_DENS_LOW_V_REF_S030,MC_G2_D075_DENS_LOW_V_REF,30,8.41502189636,6.98650687748,32.2866632875,0,0,16.8300437927,
MC_G2_D075_DENS_LOW_V_REF_S030,MC_G2_D075_DENS_LOW_V_REF,30,8.42401695251,7.69868822219,34.6731978956,0,0,16.848033905,
MC_G2_D075_DENS_LOW_V_REF_S030,MC_G2_D075_DENS_LOW_V_REF,30,8.43301296234,8.00767593916,35.5175938374,0,0,16.8660259247,
MC_G2_D075_DENS_LOW_V_REF_S030,MC_G2_D075_DENS_LOW_V_REF,30,8.44201564789,7.17734360143,34.4404551357,0,0,16.8840312958,
MC_G2_D075_DENS_LOW_V_REF_S030,MC_G2_D075_DENS_LOW_V_REF,30,8.4510011673,7.52170682023,36.5707340288,0,0,16.9020023346,
MC_G2_D075_DENS_LOW_V_REF_S030,MC_G2_D075_DENS_LOW_V_REF,30,8.46000766754,7.60082727394,34.6838556146,0,0,16.9200153351,
MC_G2_D075_DENS_LOW_V_REF_S030,MC_G2_D075_DENS_LOW_V_REF,30,8.46901702881,7.68207089879,33.6333690884,0,0,16.9380340576,
MC_G2_D075_DENS_LOW_V_REF_S030,MC_G2_D075_DENS_LOW_V_REF,30,8.47801876068,7.42922453538,35.7379732606,0,0,16.9560375214,
MC_G2_D075_DENS_LOW_V_REF_S030,MC_G2_D075_DENS_LOW_V_REF,30,8.48700618744,7.92684567505,35.7623565208,0,0,16.9740123749,
MC_G2_D075_DENS_LOW_V_REF_S030,MC_G2_D075_DENS_LOW_V_REF,30,8.49601840973,7.93031834749,35.2752131643,0,0,16.9920368195,
MC_G2_D075_DENS_LOW_V_REF_S030,MC_G2_D075_DENS_LOW_V_REF,30,8.50501155853,7.99313149837,35.9089495919,0,0,17.0100231171,
MC_G2_D075_DENS_LOW_V_REF_S030,MC_G2_D075_DENS_LOW_V_REF,30,8.5140171051,7.66708104521,34.5892696901,0,0,17.0280342102,
MC_G2_D075_DENS_LOW_V_REF_S030,MC_G2_D075_DENS_LOW_V_REF,30,8.52300262451,7.48757858474,35.067703539,0,0,17.046005249,
MC_G2_D075_DENS_LOW_V_REF_S030,MC_G2_D075_DENS_LOW_V_REF,30,8.53201293945,7.92623834421,36.356141204,0,0,17.0640258789,
MC_G2_D075_DENS_LOW_V_REF_S030,MC_G2_D075_DENS_LOW_V_REF,30,8.54100704193,7.51274551274,35.0827028784,0,0,17.0820140839,
MC_G2_D075_DENS_LOW_V_REF_S030,MC_G2_D075_DENS_LOW_V_REF,30,8.55000495911,7.50589245562,35.9370351494,0,0,17.1000099182,
MC_G2_D075_DENS_LOW_V_REF_S030,MC_G2_D075_DENS_LOW_V_REF,30,8.55902099609,7.18236582408,35.4514436129,0,0,17.1180419922,
MC_G2_D075_DENS_LOW_V_REF_S030,MC_G2_D075_DENS_LOW_V_REF,30,8.56800937653,7.20248068788,36.4161560334,0,0,17.1360187531,
MC_G2_D075_DENS_LOW_V_REF_S030,MC_G2_D075_DENS_LOW_V_REF,30,8.57702445984,7.93086102164,35.8590408922,0,0,17.1540489197,
MC_G2_D075_DENS_LOW_V_REF_S030,MC_G2_D075_DENS_LOW_V_REF,30,8.58601570129,7.37691284764,35.1768079793,0,0,17.1720314026,
MC_G2_D075_DENS_LOW_V_REF_S030,MC_G2_D075_DENS_LOW_V_REF,30,8.59501075745,7.33078720308,34.2778773788,0,0,17.1900215149,
MC_G2_D075_DENS_LOW_V_REF_S030,MC_G2_D075_DENS_LOW_V_REF,30,8.60400676727,7.5668272466,34.4196994762,0,0,17.2080135345,
MC_G2_D075_DENS_LOW_V_REF_S030,MC_G2_D075_DENS_LOW_V_REF,30,8.61301231384,7.9126388859,34.4010496798,0,0,17.2260246277,
MC_G2_D075_DENS_LOW_V_REF_S030,MC_G2_D075_DENS_LOW_V_REF,30,8.62201499939,7.67385286699,35.0500736779,0,0,17.2440299988,
MC_G2_D075_DENS_LOW_V_REF_S030,MC_G2_D075_DENS_LOW_V_REF,30,8.63102149963,7.69759845293,34.823205557,0,0,17.2620429993,
MC_G2_D075_DENS_LOW_V_REF_S030,MC_G2_D075_DENS_LOW_V_REF,30,8.64001464844,7.93565169595,36.280476235,0,0,17.2800292969,
MC_G2_D075_DENS_LOW_V_REF_S030,MC_G2_D075_DENS_LOW_V_REF,30,8.64902305603,7.5187187967,35.5228855327,0,0,17.2980461121,
MC_G2_D075_DENS_LOW_V_REF_S030,MC_G2_D075_DENS_LOW_V_REF,30,8.65799999237,7.55632854657,34.5592800123,0,0,17.3159999847,
MC_G2_D075_DENS_LOW_V_REF_S030,MC_G2_D075_DENS_LOW_V_REF,30,8.66700935364,7.53669501595,36.5135506179,0,0,17.3340187073,
MC_G2_D075_DENS_LOW_V_REF_S030,MC_G2_D075_DENS_LOW_V_REF,30,8.67600536346,7.2660956923,36.2435326437,0,0,17.3520107269,
MC_G2_D075_DENS_LOW_V_REF_S030,MC_G2_D075_DENS_LOW_V_REF,30,8.68500900269,7.21941797903,36.5348684011,0,0,17.3700180054,
MC_G2_D075_DENS_LOW_V_REF_S030,MC_G2_D075_DENS_LOW_V_REF,30,8.69400882721,7.82915161844,36.3586369697,0,0,17.3880176544,
MC_G2_D075_DENS_LOW_V_REF_S030,MC_G2_D075_DENS_LOW_V_REF,30,8.70302009583,7.70532188864,35.7110291526,0,0,17.4060401917,
MC_G2_D075_DENS_LOW_V_REF_S030,MC_G2_D075_DENS_LOW_V_REF,30,8.71200275421,7.5908104597,35.2566921315,0,0,17.4240055084,
MC_G2_D075_DENS_LOW_V_REF_S030,MC_G2_D075_DENS_LOW_V_REF,30,8.72101593018,7.65474211615,34.6653824999,0,0,17.4420318604,
MC_G2_D075_DENS_LOW_V_REF_S030,MC_G2_D075_DENS_LOW_V_REF,30,8.73001003265,7.85488387806,36.7339414746,0,0,17.4600200653,
MC_G2_D075_DENS_LOW_V_REF_S030,MC_G2_D075_DENS_LOW_V_REF,30,8.73901176453,7.54693895754,33.975192608,0,0,17.4780235291,
MC_G2_D075_DENS_LOW_V_REF_S030,MC_G2_D075_DENS_LOW_V_REF,30,8.74801540375,7.62148481188,35.4708453891,0,0,17.4960308075,
MC_G2_D075_DENS_LOW_V_REF_S030,MC_G2_D075_DENS_LOW_V_REF,30,8.75701332092,7.38059717405,35.4409598139,0,0,17.5140266418,
MC_G2_D075_DENS_LOW_V_REF_S030,MC_G2_D075_DENS_LOW_V_REF,30,8.76600456238,7.79102019404,36.2744940492,0,0,17.5320091248,
MC_G2_D075_DENS_LOW_V_REF_S030,MC_G2_D075_DENS_LOW_V_REF,30,8.77501010895,7.78255071953,36.4226454093,0,0,17.5500202179,
MC_G2_D075_DENS_LOW_V_REF_S030,MC_G2_D075_DENS_LOW_V_REF,30,8.7840051651,7.748240119,35.4245422801,0,0,17.5680103302,
MC_G2_D075_DENS_LOW_V_REF_S030,MC_G2_D075_DENS_LOW_V_REF,30,8.79300785065,7.73559116938,34.762279309,0,0,17.5860157013,
MC_G2_D075_DENS_LOW_V_REF_S030,MC_G2_D075_DENS_LOW_V_REF,30,8.80200481415,7.99803546005,36.9817378673,0,0,17.6040096283,
MC_G2_D075_DENS_LOW_V_REF_S030,MC_G2_D075_DENS_LOW_V_REF,30,8.81101417542,7.33758278758,36.7675959318,0,0,17.6220283508,
MC_G2_D075_DENS_LOW_V_REF_S030,MC_G2_D075_DENS_LOW_V_REF,30,8.8200044632,7.78675008902,36.3385346602,0,0,17.6400089264,
MC_G2_D075_DENS_LOW_V_REF_S030,MC_G2_D075_DENS_LOW_V_REF,30,8.82901096344,7.87402612832,35.3195716989,0,0,17.6580219269,
MC_G2_D075_DENS_LOW_V_REF_S030,MC_G2_D075_DENS_LOW_V_REF,30,8.8380022049,7.84934605971,34.3339217121,0,0,17.6760044098,
MC_G2_D075_DENS_LOW_V_REF_S030,MC_G2_D075_DENS_LOW_V_REF,30,8.84701728821,7.933103559,36.0584156991,0,0,17.6940345764,
MC_G2_D075_DENS_LOW_V_REF_S030,MC_G2_D075_DENS_LOW_V_REF,30,8.85599994659,7.30211168226,36.0440396798,0,0,17.7119998932,
MC_G2_D075_DENS_LOW_V_REF_S030,MC_G2_D075_DENS_LOW_V_REF,30,8.86500072479,7.58453157615,36.3843259248,0,0,17.7300014496,
MC_G2_D075_DENS_LOW_V_REF_S030,MC_G2_D075_DENS_LOW_V_REF,30,8.87401580811,7.68826523128,36.7077463327,0,0,17.7480316162,
MC_G2_D075_DENS_LOW_V_REF_S030,MC_G2_D075_DENS_LOW_V_REF,30,8.88301753998,8.11178482417,36.4797420454,0,0,17.76603508,
MC_G2_D075_DENS_LOW_V_REF_S030,MC_G2_D075_DENS_LOW_V_REF,30,8.89200401306,7.57528787916,36.4390031072,0,0,17.7840080261,
MC_G2_D075_DENS_LOW_V_REF_S030,MC_G2_D075_DENS_LOW_V_REF,30,8.901014328,7.43990670569,36.4562762924,0,0,17.802028656,
MC_G2_D075_DENS_LOW_V_REF_S030,MC_G2_D075_DENS_LOW_V_REF,30,8.91000270844,7.50392346582,35.1671006834,0,0,17.8200054169,
MC_G2_D075_DENS_LOW_V_REF_S030,MC_G2_D075_DENS_LOW_V_REF,30,8.9190120697,7.3618461797,35.605106078,0,0,17.8380241394,
MC_G2_D075_DENS_LOW_V_REF_S030,MC_G2_D075_DENS_LOW_V_REF,30,8.92800045013,7.36229325035,37.6088356175,0,0,17.8560009003,
MC_G2_D075_DENS_LOW_V_REF_S030,MC_G2_D075_DENS_LOW_V_REF,30,8.93701839447,7.9766003839,35.8458002804,0,0,17.8740367889,
MC_G2_D075_DENS_LOW_V_REF_S030,MC_G2_D075_DENS_LOW_V_REF,30,8.94600200653,7.63464990983,37.2416361522,0,0,17.8920040131,
MC_G2_D075_DENS_LOW_V_REF_S030,MC_G2_D075_DENS_LOW_V_REF,30,8.9550037384,7.53505262535,35.1811857844,0,0,17.9100074768,
MC_G2_D075_DENS_LOW_V_REF_S030,MC_G2_D075_DENS_LOW_V_REF,30,8.96401500702,7.78557355821,35.1906195629,0,0,17.928030014,
MC_G2_D075_DENS_LOW_V_REF_S030,MC_G2_D075_DENS_LOW_V_REF,30,8.97301197052,7.77294892392,35.6407314136,0,0,17.946023941,
MC_G2_D075_DENS_LOW_V_REF_S030,MC_G2_D075_DENS_LOW_V_REF,30,8.98200798035,7.58567384444,37.0573923425,0,0,17.9640159607,
MC_G2_D075_DENS_LOW_V_REF_S030,MC_G2_D075_DENS_LOW_V_REF,30,8.99100399017,7.85192072249,35.142858169,0,0,17.9820079803,
MC_G2_D075_DENS_LOW_V_REF_S030,MC_G2_D075_DENS_LOW_V_REF,30,9,7.58765775502,36.6523593177,0,0,18,
