run_id,scenario_id,S,z_m,qb_MPa,qs_kPa,ALLKE,ALLIE,time_s,walltime_h
MC_G0_D045_DENS_REF_V_HIGH_S015,MC_G0_D045_DENS_REF_V_HIGH,15,0,0,0,0,0,0,
MC_G0_D045_DENS_REF_V_HIGH_S015,MC_G0_D045_DENS_REF_V_HIGH,15,0.0100552076474,0,0,0,0,0.0100552076474,
MC_G0_D045_DENS_REF_V_HIGH_S015,MC_G0_D045_DENS_REF_V_HIGH,15,0.0200253352523,1.12824072617,55.4030539399,0,0,0.0200253352523,
MC_G0_D045_DENS_REF_V_HIGH_S015,MC_G0_D045_DENS_REF_V_HIGH,15,0.0300338678062,0.0872439891784,6.37443744781e-05,0,0,0.0300338678062,
MC_G0_D045_DENS_REF_V_HIGH_S015,MC_G0_D045_DENS_REF_V_HIGH,15,0.0400425978005,2.7170830801,311.078696784,0,0,0.0400425978005,
MC_G0_D045_DENS_REF_V_HIGH_S015,MC_G0_D045_DENS_REF_V_HIGH,15,0.0500511750579,0,0,0,0,0.0500511750579,
MC_G0_D045_DENS_REF_V_HIGH_S015,MC_G0_D045_DENS_REF_V_HIGH,15,0.0600070916116,0.084141928253,4.68455180264e-05,0,0,0.0600070916116,
MC_G0_D045_DENS_REF_V_HIGH_S015,MC_G0_D045_DENS_REF_V_HIGH,15,0.0700158253312,2.1719687653,81.0041229093,0,0,0.0700158253312,
MC_G0_D045_DENS_REF_V_HIGH_S015,MC_G0_D045_DENS_REF_V_HIGH,15,0.0800243765116,0.211404330448,4.09271501118e-05,0,0,0.0800243765116,
MC_G0_D045_DENS_REF_V_HIGH_S015,MC_G0_D045_DENS_REF_V_HIGH,15,0.0900330096483,0.822654850171,0.00101095930302,0,0,0.0900330096483,
MC_G0_D045_DENS_REF_V_HIGH_S015,MC_G0_D045_DENS_REF_V_HIGH,15,0.100041732192,2.79811348523,70.448950982,0,0,0.100041732192,
MC_G0_D045_DENS_REF_V_HIGH_S015,MC_G0_D045_DENS_REF_V_HIGH,15,0.110050275922,0.14155809119,1.43782192039e-07,0,0,0.110050275922,
MC_G0_D045_DENS_REF_V_HIGH_S015,MC_G0_D045_DENS_REF_V_HIGH,15,0.120006270707,1.60153316846,63.2340386198,0,0,0.120006270707,
MC_G0_D045_DENS_REF_V_HIGH_S015,MC_G0_D045_DENS_REF_V_HIGH,15,0.130014955997,2.48211635769,64.1550452505,0,0,0.130014955997,
MC_G0_D045_DENS_REF_V_HIGH_S015,MC_G0_D045_DENS_REF_V_HIGH,15,0.140023499727,0.132055798598,2.22689713619e-05,0,0,0.140023499727,
MC_G0_D045_DENS_REF_V_HIGH_S015,MC_G0_D045_DENS_REF_V_HIGH,15,0.15003220737,2.04616451949,58.8138673587,0,0,0.15003220737,
MC_G0_D045_DENS_REF_V_HIGH_S015,MC_G0_D045_DENS_REF_V_HIGH,15,0.160040855408,1.40932062847,12.6131315877,0,0,0.160040855408,
MC_G0_D045_DENS_REF_V_HIGH_S015,MC_G0_D045_DENS_REF_V_HIGH,15,0.170049235225,0.196966366646,5.21808330958e-05,0,0,0.170049235225,
MC_G0_D045_DENS_REF_V_HIGH_S015,MC_G0_D045_DENS_REF_V_HIGH,15,0.180005282164,2.6789589242,69.4086653522,0,0,0.180005282164,
MC_G0_D045_DENS_REF_V_HIGH_S015,MC_G0_D045_DENS_REF_V_HIGH,15,0.190013855696,1.06973136719,1.93712650387,0,0,0.190013855696,
MC_G0_D045_DENS_REF_V_HIGH_S015,MC_G0_D045_DENS_REF_V_HIGH,15,0.200022295117,0.434418170097,0.000251605301012,0,0,0.200022295117,
MC_G0_D045_DENS_REF_V_HIGH_S015,MC_G0_D045_DENS_REF_V_HIGH,15,0.210031017661,2.47338091114,42.0957911344,0,0,0.210031017661,
MC_G0_D045_DENS_REF_V_HIGH_S015,MC_G0_D045_DENS_REF_V_HIGH,15,0.220039516687,0.821521688621,2.70446901567,0,0,0.220039516687,
MC_G0_D045_DENS_REF_V_HIGH_S015,MC_G0_D045_DENS_REF_V_HIGH,15,0.230048045516,0.74241351347,8.99314212972e-05,0,0,0.230048045516,
MC_G0_D045_DENS_REF_V_HIGH_S015,MC_G0_D045_DENS_REF_V_HIGH,15,0.240004077554,2.08416260864,30.3970352746,0,0,0.240004077554,
MC_G0_D045_DENS_REF_V_HIGH_S015,MC_G0_D045_DENS_REF_V_HIGH,15,0.250012516975,0.736869407134,1.47855888387,0,0,0.250012516975,
MC_G0_D045_DENS_REF_V_HIGH_S015,MC_G0_D045_DENS_REF_V_HIGH,15,0.26002112031,1.13203069152,0.000526535105583,0,0,0.26002112031,
MC_G0_D045_DENS_REF_V_HIGH_S015,MC_G0_D045_DENS_REF_V_HIGH,15,0.270029813051,2.3979837897,21.8196322306,0,0,0.270029813051,
MC_G0_D045_DENS_REF_V_HIGH_S015,MC_G0_D045_DENS_REF_V_HIGH,15,0.280038237572,0.593064912635,0.000181532651274,0,0,0.280038237572,
MC_G0_D045_DENS_REF_V_HIGH_S015,MC_G0_D045_DENS_REF_V_HIGH,15,0.290046870708,1.77204630277,23.9586946834,0,0,0.290046870708,
MC_G0_D045_DENS_REF_V_HIGH_S015,MC_G0_D045_DENS_REF_V_HIGH,15,0.300002872944,2.4295967999,25.4996526334,0,0,0.300002872944,
MC_G0_D045_DENS_REF_V_HIGH_S015,MC_G0_D045_DENS_REF_V_HIGH,15,0.310011297464,0.42629996128,0.000116170284603,0,0,0.310011297464,
MC_G0_D045_DENS_REF_V_HIGH_S015,MC_G0_D045_DENS_REF_V_HIGH,15,0.320019990206,1.86954041024,19.245802813,0,0,0.320019990206,
MC_G0_D045_DENS_REF_V_HIGH_S015,MC_G0_D045_DENS_REF_V_HIGH,15,0.33002859354,1.50226232585,1.0187841778,0,0,0.33002859354,
MC_G0_D045_DENS_REF_V_HIGH_S015,MC_G0_D045_DENS_REF_V_HIGH,15,0.340037047863,0.732193328833,0.000181930024782,0,0,0.340037047863,
MC_G0_D045_DENS_REF_V_HIGH_S015,MC_G0_D045_DENS_REF_V_HIGH,15,0.350045740604,1.83374820123,15.6446587967,0,0,0.350045740604,
MC_G0_D045_DENS_REF_V_HIGH_S015,MC_G0_D045_DENS_REF_V_HIGH,15,0.360001653433,1.72851144678,7.44121144966,0,0,0.360001653433,
MC_G0_D045_DENS_REF_V_HIGH_S015,MC_G0_D045_DENS_REF_V_HIGH,15,0.370010137558,0.586431250025,0.000259163374672,0,0,0.370010137558,
MC_G0_D045_DENS_REF_V_HIGH_S015,MC_G0_D045_DENS_REF_V_HIGH,15,0.380018830299,2.88117803574,28.1902545878,0,0,0.380018830299,
MC_G0_D045_DENS_REF_V_HIGH_S015,MC_G0_D045_DENS_REF_V_HIGH,15,0.390027344227,0.807556487089,1.50620591455,0,0,0.390027344227,
MC_G0_D045_DENS_REF_V_HIGH_S015,MC_G0_D045_DENS_REF_V_HIGH,15,0.400035887957,0.831933227987,0.000364880946929,0,0,0.400035887957,
MC_G0_D045_DENS_REF_V_HIGH_S015,MC_G0_D045_DENS_REF_V_HIGH,15,0.4100446105,2.26623406752,14.4060701756,0,0,0.4100446105,
MC_G0_D045_DENS_REF_V_HIGH_S015,MC_G0_D045_DENS_REF_V_HIGH,15,0.420000404119,0.98829570642,0.303260559087,0,0,0.420000404119,
MC_G0_D045_DENS_REF_V_HIGH_S015,MC_G0_D045_DENS_REF_V_HIGH,15,0.430009007454,1.91375222736,0.000750217596069,0,0,0.430009007454,
MC_G0_D045_DENS_REF_V_HIGH_S015,MC_G0_D045_DENS_REF_V_HIGH,15,0.440017700195,2.177430698,13.3231853442,0,0,0.440017700195,
MC_G0_D045_DENS_REF_V_HIGH_S015,MC_G0_D045_DENS_REF_V_HIGH,15,0.450026154518,0.814219507707,0.000185362445976,0,0,0.450026154518,
MC_G0_D045_DENS_REF_V_HIGH_S015,MC_G0_D045_DENS_REF_V_HIGH,15,0.460034787655,1.27701358384,6.37679022339,0,0,0.460034787655,
MC_G0_D045_DENS_REF_V_HIGH_S015,MC_G0_D045_DENS_REF_V_HIGH,15,0.470043450594,1.84160636141,7.23372768386,0,0,0.470043450594,
MC_G0_D045_DENS_REF_V_HIGH_S015,MC_G0_D045_DENS_REF_V_HIGH,15,0.480051904917,0.651733198218,0.000170947933432,0,0,0.480051904917,
MC_G0_D045_DENS_REF_V_HIGH_S015,MC_G0_D045_DENS_REF_V_HIGH,15,0.490007907152,1.61155720131,8.16385277822,0,0,0.490007907152,
MC_G0_D045_DENS_REF_V_HIGH_S015,MC_G0_D045_DENS_REF_V_HIGH,15,0.500016510487,1.97250546888,10.2058504078,0,0,0.500016510487,
MC_G0_D045_DENS_REF_V_HIGH_S015,MC_G0_D045_DENS_REF_V_HIGH,15,0.510025024414,0.946173680587,0.000227026004949,0,0,0.510025024414,
MC_G0_D045_DENS_REF_V_HIGH_S015,MC_G0_D045_DENS_REF_V_HIGH,15,0.520033717155,2.0117887864,11.7934905027,0,0,0.520033717155,
MC_G0_D045_DENS_REF_V_HIGH_S015,MC_G0_D045_DENS_REF_V_HIGH,15,0.530042290688,1.5230786887,2.06924410644,0,0,0.530042290688,
MC_G0_D045_DENS_REF_V_HIGH_S015,MC_G0_D045_DENS_REF_V_HIGH,15,0.540050804615,1.09665227691,0.000391594830425,0,0,0.540050804615,
MC_G0_D045_DENS_REF_V_HIGH_S015,MC_G0_D045_DENS_REF_V_HIGH,15,0.55000680685,2.231588164,12.7167711422,0,0,0.55000680685,
MC_G0_D045_DENS_REF_V_HIGH_S015,MC_G0_D045_DENS_REF_V_HIGH,15,0.560015380383,1.63402547979,0.311361360884,0,0,0.560015380383,
MC_G0_D045_DENS_REF_V_HIGH_S015,MC_G0_D045_DENS_REF_V_HIGH,15,0.57002389431,1.26803914776,0.000419607997986,0,0,0.57002389431,
MC_G0_D045_DENS_REF_V_HIGH_S015,MC_G0_D045_DENS_REF_V_HIGH,15,0.580032587051,2.02824404591,11.3736619158,0,0,0.580032587051,
MC_G0_D045_DENS_REF_V_HIGH_S015,MC_G0_D045_DENS_REF_V_HIGH,15,0.590041100979,1.46917297241,1.4155230539,0,0,0.590041100979,
MC_G0_D045_DENS_REF_V_HIGH_S015,MC_G0_D045_DENS_REF_V_HIGH,15,0.600049734116,1.21911441092,3.1767303086,0,0,0.600049734116,
MC_G0_D045_DENS_REF_V_HIGH_S015,MC_G0_D045_DENS_REF_V_HIGH,15,0.610005736351,2.45513519689,12.3641080883,0,0,0.610005736351,
MC_G0_D045_DENS_REF_V_HIGH_S015,MC_G0_D045_DENS_REF_V_HIGH,15,0.620014190674,1.09643065273,0.199515755316,0,0,0.620014190674,
MC_G0_D045_DENS_REF_V_HIGH_S015,MC_G0_D045_DENS_REF_V_HIGH,15,0.630022883415,1.97235004413,6.35383677504,0,0,0.630022883415,
MC_G0_D045_DENS_REF_V_HIGH_S015,MC_G0_D045_DENS_REF_V_HIGH,15,0.640031516552,2.43934020473,11.8248994362,0,0,0.640031516552,
MC_G0_D045_DENS_REF_V_HIGH_S015,MC_G0_D045_DENS_REF_V_HIGH,15,0.650039970875,1.17153736015,0.000266294187143,0,0,0.650039970875,
MC_G0_D045_DENS_REF_V_HIGH_S015,MC_G0_D045_DENS_REF_V_HIGH,15,0.660048663616,1.82606120015,6.35562007883,0,0,0.660048663616,
MC_G0_D045_DENS_REF_V_HIGH_S015,MC_G0_D045_DENS_REF_V_HIGH,15,0.670004606247,2.38084216681,3.82891404196,0,0,0.670004606247,
MC_G0_D045_DENS_REF_V_HIGH_S015,MC_G0_D045_DENS_REF_V_HIGH,15,0.680013120174,1.61317304305,0.319053953851,0,0,0.680013120174,
MC_G0_D045_DENS_REF_V_HIGH_S015,MC_G0_D045_DENS_REF_V_HIGH,15,0.690021812916,2.27161042066,7.43590834256,0,0,0.690021812916,
MC_G0_D045_DENS_REF_V_HIGH_S015,MC_G0_D045_DENS_REF_V_HIGH,15,0.700030386448,2.08008011857,3.80311432188,0,0,0.700030386448,
MC_G0_D045_DENS_REF_V_HIGH_S015,MC_G0_D045_DENS_REF_V_HIGH,15,0.71003895998,1.72667628345,1.08316592885,0,0,0.71003895998,
MC_G0_D045_DENS_REF_V_HIGH_S015,MC_G0_D045_DENS_REF_V_HIGH,15,0.720047652721,2.56845749217,7.42165941206,0,0,0.720047652721,
MC_G0_D045_DENS_REF_V_HIGH_S015,MC_G0_D045_DENS_REF_V_HIGH,15,0.730003476143,1.71490333841,3.49632819381,0,0,0.730003476143,
MC_G0_D045_DENS_REF_V_HIGH_S015,MC_G0_D045_DENS_REF_V_HIGH,15,0.74001210928,1.48224544105,3.28112360515,0,0,0.74001210928,
MC_G0_D045_DENS_REF_V_HIGH_S015,MC_G0_D045_DENS_REF_V_HIGH,15,0.750020742416,2.81637263125,11.7627818503,0,0,0.750020742416,
MC_G0_D045_DENS_REF_V_HIGH_S015,MC_G0_D045_DENS_REF_V_HIGH,15,0.760029315948,1.86801667205,2.93846636661,0,0,0.760029315948,
MC_G0_D045_DENS_REF_V_HIGH_S015,MC_G0_D045_DENS_REF_V_HIGH,15,0.770037889481,1.93805816365,3.06170235695,0,0,0.770037889481,
MC_G0_D045_DENS_REF_V_HIGH_S015,MC_G0_D045_DENS_REF_V_HIGH,15,0.780046582222,2.30692714508,6.74605971653,0,0,0.780046582222,
MC_G0_D045_DENS_REF_V_HIGH_S015,MC_G0_D045_DENS_REF_V_HIGH,15,0.790002405643,1.67406634905,0.291076100147,0,0,0.790002405643,
MC_G0_D045_DENS_REF_V_HIGH_S015,MC_G0_D045_DENS_REF_V_HIGH,15,0.80001103878,2.12572951868,4.49052053363,0,0,0.80001103878,
MC_G0_D045_DENS_REF_V_HIGH_S015,MC_G0_D045_DENS_REF_V_HIGH,15,0.810019731522,2.39960155026,2.87890988382,0,0,0.810019731522,
MC_G0_D045_DENS_REF_V_HIGH_S015,MC_G0_D045_DENS_REF_V_HIGH,15,0.820028245449,1.81253387427,1.7908494937,0,0,0.820028245449,
MC_G0_D045_DENS_REF_V_HIGH_S015,MC_G0_D045_DENS_REF_V_HIGH,15,0.830036878586,2.25186725611,8.24242025496,0,0,0.830036878586,
MC_G0_D045_DENS_REF_V_HIGH_S015,MC_G0_D045_DENS_REF_V_HIGH,15,0.840045511723,1.67215999734,2.35231879505,0,0,0.840045511723,
MC_G0_D045_DENS_REF_V_HIGH_S015,MC_G0_D045_DENS_REF_V_HIGH,15,0.850001394749,1.78552066911,4.20393376318,0,0,0.850001394749,
MC_G0_D045_DENS_REF_V_HIGH_S015,MC_G0_D045_DENS_REF_V_HIGH,15,0.860010027885,2.598723296,10.5639364666,0,0,0.860010027885,
MC_G0_D045_DENS_REF_V_HIGH_S015,MC_G0_D045_DENS_REF_V_HIGH,15,0.870018661022,2.12151386221,4.93365297273,0,0,0.870018661022,
MC_G0_D045_DENS_REF_V_HIGH_S015,MC_G0_D045_DENS_REF_V_HIGH,15,0.880027234554,1.97789813203,2.65758038736,0,0,0.880027234554,
MC_G0_D045_DENS_REF_V_HIGH_S015,MC_G0_D045_DENS_REF_V_HIGH,15,0.890035867691,3.38592969449,11.0599137155,0,0,0.890035867691,
MC_G0_D045_DENS_REF_V_HIGH_S015,MC_G0_D045_DENS_REF_V_HIGH,15,0.900044441223,2.53172640254,4.41451010744,0,0,0.900044441223,
MC_G0_D045_DENS_REF_V_HIGH_S015,MC_G0_D045_DENS_REF_V_HIGH,15,0.910000383854,1.73108612491,1.27461756331,0,0,0.910000383854,
MC_G0_D045_DENS_REF_V_HIGH_S015,MC_G0_D045_DENS_REF_V_HIGH,15,0.920009016991,3.2357375786,8.2855175208,0,0,0.920009016991,
MC_G0_D045_DENS_REF_V_HIGH_S015,MC_G0_D045_DENS_REF_V_HIGH,15,0.930017590523,2.92045502114,1.61190503611,0,0,0.930017590523,
MC_G0_D045_DENS_REF_V_HIGH_S015,MC_G0_D045_DENS_REF_V_HIGH,15,0.94002622366,2.53525914953,6.41357646614,0,0,0.94002622366,
MC_G0_D045_DENS_REF_V_HIGH_S015,MC_G0_D045_DENS_REF_V_HIGH,15,0.950034856796,2.9402296544,6.73389303618,0,0,0.950034856796,
MC_G0_D045_DENS_REF_V_HIGH_S015,MC_G0_D045_DENS_REF_V_HIGH,15,0.960043430328,2.25207659982,2.08137366443,0,0,0.960043430328,
MC_G0_D045_DENS_REF_V_HIGH_S015,MC_G0_D045_DENS_REF_V_HIGH,15,0.970052063465,1.74221012365,5.4102459192,0,0,0.970052063465,
MC_G0_D045_DENS_REF_V_HIGH_S015,MC_G0_D045_DENS_REF_V_HIGH,15,0.980008006096,2.96092014239,9.18035387006,0,0,0.980008006096,
MC_G0_D045_DENS_REF_V_HIGH_S015,MC_G0_D045_DENS_REF_V_HIGH,15,0.990016579628,2.74294729341,2.36598083341,0,0,0.990016579628,
MC_G0_D045_DENS_REF_V_HIGH_S015,MC_G0_D045_DENS_REF_V_HIGH,15,1.00002527237,3.2659087844,7.01878944761,0,0,1.00002527237,
MC_G0_D045_DENS_REF_V_HIGH_S015,MC_G0_D045_DENS_REF_V_HIGH,15,1.0100338459,2.75914946004,6.63911746031,0,0,1.0100338459,
MC_G0_D045_DENS_REF_V_HIGH_S015,MC_G0_D045_DENS_REF_V_HIGH,15,1.02004241943,2.29074570175,3.56368213991,0,0,1.02004241943,
MC_G0_D045_DENS_REF_V_HIGH_S015,MC_G0_D045_DENS_REF_V_HIGH,15,1.03005111217,3.26035877768,7.42746370134,0,0,1.03005111217,
MC_G0_D045_DENS_REF_V_HIGH_S015,MC_G0_D045_DENS_REF_V_HIGH,15,1.0400069952,2.94093405472,3.69936578629,0,0,1.0400069952,
MC_G0_D045_DENS_REF_V_HIGH_S015,MC_G0_D045_DENS_REF_V_HIGH,15,1.05001556873,2.10554540836,1.96126732884,0,0,1.05001556873,
MC_G0_D045_DENS_REF_V_HIGH_S015,MC_G0_D045_DENS_REF_V_HIGH,15,1.06002426147,3.98353593601,7.97021717496,0,0,1.06002426147,
MC_G0_D045_DENS_REF_V_HIGH_S015,MC_G0_D045_DENS_REF_V_HIGH,15,1.07003283501,2.50841883041,1.66161259394,0,0,1.07003283501,
MC_G0_D045_DENS_REF_V_HIGH_S015,MC_G0_D045_DENS_REF_V_HIGH,15,1.08004140854,2.61216983939,3.92376762675,0,0,1.08004140854,
MC_G0_D045_DENS_REF_V_HIGH_S015,MC_G0_D045_DENS_REF_V_HIGH,15,1.09005010128,2.87950961822,11.4841280275,0,0,1.09005010128,
MC_G0_D045_DENS_REF_V_HIGH_S015,MC_G0_D045_DENS_REF_V_HIGH,15,1.10000598431,2.5653194473,4.04182915239,0,0,1.10000598431,
MC_G0_D045_DENS_REF_V_HIGH_S015,MC_G0_D045_DENS_REF_V_HIGH,15,1.11001455784,2.72748061205,5.31934385441,0,0,1.11001455784,
MC_G0_D045_DENS_REF_V_HIGH_S015,MC_G0_D045_DENS_REF_V_HIGH,15,1.12002325058,3.75826445594,10.7202375898,0,0,1.12002325058,
MC_G0_D045_DENS_REF_V_HIGH_S015,MC_G0_D045_DENS_REF_V_HIGH,15,1.13003182411,2.75371477464,4.52491520117,0,0,1.13003182411,
MC_G0_D045_DENS_REF_V_HIGH_S015,MC_G0_D045_DENS_REF_V_HIGH,15,1.14004051685,2.75640554163,4.77765122434,0,0,1.14004051685,
MC_G0_D045_DENS_REF_V_HIGH_S015,MC_G0_D045_DENS_REF_V_HIGH,15,1.15004909039,3.1788262163,4.2902893124,0,0,1.15004909039,
MC_G0_D045_DENS_REF_V_HIGH_S015,MC_G0_D045_DENS_REF_V_HIGH,15,1.16000497341,2.52919432231,2.64373361688,0,0,1.16000497341,
MC_G0_D045_DENS_REF_V_HIGH_S015,MC_G0_D045_DENS_REF_V_HIGH,15,1.17001366615,3.22363824158,5.10227001726,0,0,1.17001366615,
MC_G0_D045_DENS_REF_V_HIGH_S015,MC_G0_D045_DENS_REF_V_HIGH,15,1.18002223969,4.1107723921,3.45581478601,0,0,1.18002223969,
MC_G0_D045_DENS_REF_V_HIGH_S015,MC_G0_D045_DENS_REF_V_HIGH,15,1.19003081322,2.85436323699,3.33097695434,0,0,1.19003081322,
MC_G0_D045_DENS_REF_V_HIGH_S015,MC_G0_D045_DENS_REF_V_HIGH,15,1.20003950596,2.89204644712,3.58726449475,0,0,1.20003950596,
MC_G0_D045_DENS_REF_V_HIGH_S015,MC_G0_D045_DENS_REF_V_HIGH,15,1.21004807949,2.84350614668,6.7871428875,0,0,1.21004807949,
MC_G0_D045_DENS_REF_V_HIGH_S015,MC_G0_D045_DENS_REF_V_HIGH,15,1.22000408173,2.75255139161,4.67569050421,0,0,1.22000408173,
MC_G0_D045_DENS_REF_V_HIGH_S015,MC_G0_D045_DENS_REF_V_HIGH,15,1.23001265526,3.66495012292,7.24305432441,0,0,1.23001265526,
MC_G0_D045_DENS_REF_V_HIGH_S015,MC_G0_D045_DENS_REF_V_HIGH,15,1.24002122879,5.03449544739,3.84656258615,0,0,1.24002122879,
MC_G0_D045_DENS_REF_V_HIGH_S015,MC_G0_D045_DENS_REF_V_HIGH,15,1.25002980232,5.74436939848,6.67761117206,0,0,1.25002980232,
MC_G0_D045_DENS_REF_V_HIGH_S015,MC_G0_D045_DENS_REF_V_HIGH,15,1.26003849506,3.79431724126,6.1660839125,0,0,1.26003849506,
MC_G0_D045_DENS_REF_V_HIGH_S015,MC_G0_D045_DENS_REF_V_HIGH,15,1.27004694939,2.61254938279,4.2390718067,0,0,1.27004694939,
MC_G0_D045_DENS_REF_V_HIGH_S015,MC_G0_D045_DENS_REF_V_HIGH,15,1.28000295162,2.78953960366,4.60857150284,0,0,1.28000295162,
MC_G0_D045_DENS_REF_V_HIGH_S015,MC_G0_D045_DENS_REF_V_HIGH,15,1.29001152515,3.82694339057,4.83832551081,0,0,1.29001152515,
MC_G0_D045_DENS_REF_V_HIGH_S015,MC_G0_D045_DENS_REF_V_HIGH,15,1.30002009869,2.97035039513,3.71070410487,0,0,1.30002009869,
MC_G0_D045_DENS_REF_V_HIGH_S015,MC_G0_D045_DENS_REF_V_HIGH,15,1.31002867222,3.62554054678,6.97988422334,0,0,1.31002867222,
MC_G0_D045_DENS_REF_V_HIGH_S015,MC_G0_D045_DENS_REF_V_HIGH,15,1.32003736496,4.20225655072,8.73116925223,0,0,1.32003736496,
MC_G0_D045_DENS_REF_V_HIGH_S015,MC_G0_D045_DENS_REF_V_HIGH,15,1.33004581928,3.08004956682,6.58871683475,0,0,1.33004581928,
MC_G0_D045_DENS_REF_V_HIGH_S015,MC_G0_D045_DENS_REF_V_HIGH,15,1.34000182152,3.03886200831,6.32315324287,0,0,1.34000182152,
MC_G0_D045_DENS_REF_V_HIGH_S015,MC_G0_D045_DENS_REF_V_HIGH,15,1.35001039505,3.31314793025,4.76977612866,0,0,1.35001039505,
MC_G0_D045_DENS_REF_V_HIGH_S015,MC_G0_D045_DENS_REF_V_HIGH,15,1.36001896858,3.67765427328,6.83594437633,0,0,1.36001896858,
MC_G0_D045_DENS_REF_V_HIGH_S015,MC_G0_D045_DENS_REF_V_HIGH,15,1.37002754211,3.11267130284,4.76620603599,0,0,1.37002754211,
MC_G0_D045_DENS_REF_V_HIGH_S015,MC_G0_D045_DENS_REF_V_HIGH,15,1.38003611565,3.65842189969,5.81411254672,0,0,1.38003611565,
MC_G0_D045_DENS_REF_V_HIGH_S015,MC_G0_D045_DENS_REF_V_HIGH,15,1.39004468918,3.16523096404,4.91218352189,0,0,1.39004468918,
MC_G0_D045_DENS_REF_V_HIGH_S015,MC_G0_D045_DENS_REF_V_HIGH,15,1.40000069141,3.8398048845,6.66450500419,0,0,1.40000069141,
MC_G0_D045_DENS_REF_V_HIGH_S015,MC_G0_D045_DENS_REF_V_HIGH,15,1.41000926495,3.62573051037,4.9310649212,0,0,1.41000926495,
MC_G0_D045_DENS_REF_V_HIGH_S015,MC_G0_D045_DENS_REF_V_HIGH,15,1.42001783848,3.56192385379,5.0525757955,0,0,1.42001783848,
MC_G0_D045_DENS_REF_V_HIGH_S015,MC_G0_D045_DENS_REF_V_HIGH,15,1.43002653122,3.01532206658,4.36230587117,0,0,1.43002653122,
MC_G0_D045_DENS_REF_V_HIGH_S015,MC_G0_D045_DENS_REF_V_HIGH,15,1.44003498554,3.64099667461,5.0544172198,0,0,1.44003498554,
MC_G0_D045_DENS_REF_V_HIGH_S015,MC_G0_D045_DENS_REF_V_HIGH,15,1.45004367828,3.22034477196,4.13834819502,0,0,1.45004367828,
MC_G0_D045_DENS_REF_V_HIGH_S015,MC_G0_D045_DENS_REF_V_HIGH,15,1.46005225182,4.47597718709,12.4956039317,0,0,1.46005225182,
MC_G0_D045_DENS_REF_V_HIGH_S015,MC_G0_D045_DENS_REF_V_HIGH,15,1.47000813484,2.9731591698,5.91073670574,0,0,1.47000813484,
MC_G0_D045_DENS_REF_V_HIGH_S015,MC_G0_D045_DENS_REF_V_HIGH,15,1.48001670837,3.6163048628,5.40350698851,0,0,1.48001670837,
MC_G0_D045_DENS_REF_V_HIGH_S015,MC_G0_D045_DENS_REF_V_HIGH,15,1.49002540112,3.93933121853,5.32073588115,0,0,1.49002540112,
MC_G0_D045_DENS_REF_V_HIGH_S015,MC_G0_D045_DENS_REF_V_HIGH,15,1.50003385544,3.92834479948,5.44852006546,0,0,1.50003385544,
MC_G0_D045_DENS_REF_V_HIGH_S015,MC_G0_D045_DENS_REF_V_HIGH,15,1.51004254818,4.17176643636,6.97403297718,0,0,1.51004254818,
MC_G0_D045_DENS_REF_V_HIGH_S015,MC_G0_D045_DENS_REF_V_HIGH,15,1.52005112171,3.73196927474,4.97036919372,0,0,1.52005112171,
MC_G0_D045_DENS_REF_V_HIGH_S015,MC_G0_D045_DENS_REF_V_HIGH,15,1.53000700474,3.9437944033,5.03373808106,0,0,1.53000700474,
MC_G0_D045_DENS_REF_V_HIGH_S015,MC_G0_D045_DENS_REF_V_HIGH,15,1.54001569748,4.11442851947,6.18620737332,0,0,1.54001569748,
MC_G0_D045_DENS_REF_V_HIGH_S015,MC_G0_D045_DENS_REF_V_HIGH,15,1.55002427101,3.58649286086,6.50556980827,0,0,1.55002427101,
MC_G0_D045_DENS_REF_V_HIGH_S015,MC_G0_D045_DENS_REF_V_HIGH,15,1.56003284454,3.26951924376,5.23785822926,0,0,1.56003284454,
MC_G0_D045_DENS_REF_V_HIGH_S015,MC_G0_D045_DENS_REF_V_HIGH,15,1.57004141808,4.40233041696,7.38820048196,0,0,1.57004141808,
MC_G0_D045_DENS_REF_V_HIGH_S015,MC_G0_D045_DENS_REF_V_HIGH,15,1.58004999161,3.51042261594,6.54706680981,0,0,1.58004999161,
MC_G0_D045_DENS_REF_V_HIGH_S015,MC_G0_D045_DENS_REF_V_HIGH,15,1.59000587463,4.15287945111,5.37637327254,0,0,1.59000587463,
MC_G0_D045_DENS_REF_V_HIGH_S015,MC_G0_D045_DENS_REF_V_HIGH,15,1.60001456738,4.3149659736,7.49096285075,0,0,1.60001456738,
MC_G0_D045_DENS_REF_V_HIGH_S015,MC_G0_D045_DENS_REF_V_HIGH,15,1.61002314091,3.81122822149,7.65267424769,0,0,1.61002314091,
MC_G0_D045_DENS_REF_V_HIGH_S015,MC_G0_D045_DENS_REF_V_HIGH,15,1.62003171444,5.35872528957,6.94257763008,0,0,1.62003171444,
MC_G0_D045_DENS_REF_V_HIGH_S015,MC_G0_D045_DENS_REF_V_HIGH,15,1.63004028797,4.4486458409,8.31792707271,0,0,1.63004028797,
MC_G0_D045_DENS_REF_V_HIGH_S015,MC_G0_D045_DENS_REF_V_HIGH,15,1.6400488615,4.46073404874,6.79554206854,0,0,1.6400488615,
MC_G0_D045_DENS_REF_V_HIGH_S015,MC_G0_D045_DENS_REF_V_HIGH,15,1.65000486374,4.37201875324,5.6176146724,0,0,1.65000486374,
MC_G0_D045_DENS_REF_V_HIGH_S015,MC_G0_D045_DENS_REF_V_HIGH,15,1.66001343727,3.87849413408,6.07083268325,0,0,1.66001343727,
MC_G0_D045_DENS_REF_V_HIGH_S015,MC_G0_D045_DENS_REF_V_HIGH,15,1.6700220108,6.50123688594,6.48402261438,0,0,1.6700220108,
MC_G0_D045_DENS_REF_V_HIGH_S015,MC_G0_D045_DENS_REF_V_HIGH,15,1.68003058434,4.50776442652,7.72198376156,0,0,1.68003058434,
MC_G0_D045_DENS_REF_V_HIGH_S015,MC_G0_D045_DENS_REF_V_HIGH,15,1.69003915787,4.64217613332,7.17219805168,0,0,1.69003915787,
MC_G0_D045_DENS_REF_V_HIGH_S015,MC_G0_D045_DENS_REF_V_HIGH,15,1.7000477314,3.72677079659,5.15290438661,0,0,1.7000477314,
MC_G0_D045_DENS_REF_V_HIGH_S015,MC_G0_D045_DENS_REF_V_HIGH,15,1.71000373363,4.33321092033,7.11908919795,0,0,1.71000373363,
MC_G0_D045_DENS_REF_V_HIGH_S015,MC_G0_D045_DENS_REF_V_HIGH,15,1.72001230717,4.98172548306,6.56104885051,0,0,1.72001230717,
MC_G0_D045_DENS_REF_V_HIGH_S015,MC_G0_D045_DENS_REF_V_HIGH,15,1.7300208807,5.24875709875,6.26515898435,0,0,1.7300208807,
MC_G0_D045_DENS_REF_V_HIGH_S015,MC_G0_D045_DENS_REF_V_HIGH,15,1.74002945423,5.09197689231,7.51718728709,0,0,1.74002945423,
MC_G0_D045_DENS_REF_V_HIGH_S015,MC_G0_D045_DENS_REF_V_HIGH,15,1.75003802776,4.10591431334,6.80719242286,0,0,1.75003802776,
MC_G0_D045_DENS_REF_V_HIGH_S015,MC_G0_D045_DENS_REF_V_HIGH,15,1.7600466013,4.85978498138,8.13145223005,0,0,1.7600466013,
MC_G0_D045_DENS_REF_V_HIGH_S015,MC_G0_D045_DENS_REF_V_HIGH,15,1.77000260353,6.41652886262,7.47274286185,0,0,1.77000260353,
MC_G0_D045_DENS_REF_V_HIGH_S015,MC_G0_D045_DENS_REF_V_HIGH,15,1.78001117706,3.8586815081,6.16572018714,0,0,1.78001117706,
MC_G0_D045_DENS_REF_V_HIGH_S015,MC_G0_D045_DENS_REF_V_HIGH,15,1.7900197506,4.84043248941,8.42525454801,0,0,1.7900197506,
MC_G0_D045_DENS_REF_V_HIGH_S015,MC_G0_D045_DENS_REF_V_HIGH,15,1.80002832413,4.78197820068,8.30001646143,0,0,1.80002832413,
MC_G0_D045_DENS_REF_V_HIGH_S015,MC_G0_D045_DENS_REF_V_HIGH,15,1.81003689766,6.96401196572,11.6598378731,0,0,1.81003689766,
MC_G0_D045_DENS_REF_V_HIGH_S015,MC_G0_D045_DENS_REF_V_HIGH,15,1.8200455904,4.28304480025,9.32866941916,0,0,1.8200455904,
MC_G0_D045_DENS_REF_V_HIGH_S015,MC_G0_D045_DENS_REF_V_HIGH,15,1.83000147343,4.53624131068,5.85136448516,0,0,1.83000147343,
MC_G0_D045_DENS_REF_V_HIGH_S015,MC_G0_D045_DENS_REF_V_HIGH,15,1.84001004696,3.78509959422,6.94777053684,0,0,1.84001004696,
MC_G0_D045_DENS_REF_V_HIGH_S015,MC_G0_D045_DENS_REF_V_HIGH,15,1.85001862049,4.625366467,8.08682830602,0,0,1.85001862049,
MC_G0_D045_DENS_REF_V_HIGH_S015,MC_G0_D045_DENS_REF_V_HIGH,15,1.86002731323,4.97419563367,8.36844720778,0,0,1.86002731323,
MC_G0_D045_DENS_REF_V_HIGH_S015,MC_G0_D045_DENS_REF_V_HIGH,15,1.87003588676,4.93514142375,6.58106683317,0,0,1.87003588676,
MC_G0_D045_DENS_REF_V_HIGH_S015,MC_G0_D045_DENS_REF_V_HIGH,15,1.8800444603,5.46900279483,9.69446840152,0,0,1.8800444603,
MC_G0_D045_DENS_REF_V_HIGH_S015,MC_G0_D045_DENS_REF_V_HIGH,15,1.89000034332,4.87547712457,6.61170043885,0,0,1.89000034332,
MC_G0_D045_DENS_REF_V_HIGH_S015,MC_G0_D045_DENS_REF_V_HIGH,15,1.90000891685,5.0864813802,7.43048310169,0,0,1.90000891685,
MC_G0_D045_DENS_REF_V_HIGH_S015,MC_G0_D045_DENS_REF_V_HIGH,15,1.9100176096,5.42257991674,9.25088220885,0,0,1.9100176096,
MC_G0_D045_DENS_REF_V_HIGH_S015,MC_G0_D045_DENS_REF_V_HIGH,15,1.92002618313,4.28657735535,7.28726414865,0,0,1.92002618313,
MC_G0_D045_DENS_REF_V_HIGH_S015,MC_G0_D045_DENS_REF_V_HIGH,15,1.93003475666,4.71449661226,9.56243027455,0,0,1.93003475666,
MC_G0_D045_DENS_REF_V_HIGH_S015,MC_G0_D045_DENS_REF_V_HIGH,15,1.94004333019,5.05002986324,11.4298786034,0,0,1.94004333019,
MC_G0_D045_DENS_REF_V_HIGH_S015,MC_G0_D045_DENS_REF_V_HIGH,15,1.95005190372,5.52588096147,9.09536450124,0,0,1.95005190372,
MC_G0_D045_DENS_REF_V_HIGH_S015,MC_G0_D045_DENS_REF_V_HIGH,15,1.96000790596,5.02369054909,8.96118443511,0,0,1.96000790596,
MC_G0_D045_DENS_REF_V_HIGH_S015,MC_G0_D045_DENS_REF_V_HIGH,15,1.97001647949,6.38253037034,10.4049145063,0,0,1.97001647949,
MC_G0_D045_DENS_REF_V_HIGH_S015,MC_G0_D045_DENS_REF_V_HIGH,15,1.98002505302,4.69895452111,6.84526508252,0,0,1.98002505302,
MC_G0_D045_DENS_REF_V_HIGH_S015,MC_G0_D045_DENS_REF_V_HIGH,15,1.99003362656,5.93081615999,8.57768179279,0,0,1.99003362656,
MC_G0_D045_DENS_REF_V_HIGH_S015,MC_G0_D045_DENS_REF_V_HIGH,15,2.00004220009,6.35243284738,9.25718808023,0,0,2.00004220009,
MC_G0_D045_DENS_REF_V_HIGH_S015,MC_G0_D045_DENS_REF_V_HIGH,15,2.01005077362,5.33084170581,8.19476614161,0,0,2.01005077362,
MC_G0_D045_DENS_REF_V_HIGH_S015,MC_G0_D045_DENS_REF_V_HIGH,15,2.02000665665,5.94237477238,8.02630291744,0,0,2.02000665665,
MC_G0_D045_DENS_REF_V_HIGH_S015,MC_G0_D045_DENS_REF_V_HIGH,15,2.0300154686,5.81476683194,7.65988027631,0,0,2.0300154686,
MC_G0_D045_DENS_REF_V_HIGH_S015,MC_G0_D045_DENS_REF_V_HIGH,15,2.04002404213,4.84812735767,8.37086082577,0,0,2.04002404213,
MC_G0_D045_DENS_REF_V_HIGH_S015,MC_G0_D045_DENS_REF_V_HIGH,15,2.05003261566,5.65027832549,8.34396494651,0,0,2.05003261566,
MC_G0_D045_DENS_REF_V_HIGH_S015,MC_G0_D045_DENS_REF_V_HIGH,15,2.06004118919,5.26485833522,11.8519847204,0,0,2.06004118919,
MC_G0_D045_DENS_REF_V_HIGH_S015,MC_G0_D045_DENS_REF_V_HIGH,15,2.07004976273,4.8606572788,6.99305853215,0,0,2.07004976273,
MC_G0_D045_DENS_REF_V_HIGH_S015,MC_G0_D045_DENS_REF_V_HIGH,15,2.08000564575,5.82356962922,8.81700045753,0,0,2.08000564575,
MC_G0_D045_DENS_REF_V_HIGH_S015,MC_G0_D045_DENS_REF_V_HIGH,15,2.09001421928,7.25524417425,9.25985406809,0,0,2.09001421928,
MC_G0_D045_DENS_REF_V_HIGH_S015,MC_G0_D045_DENS_REF_V_HIGH,15,2.10002279282,7.4443189572,7.78460871742,0,0,2.10002279282,
MC_G0_D045_DENS_REF_V_HIGH_S015,MC_G0_D045_DENS_REF_V_HIGH,15,2.11003136635,5.67285137177,10.1299204932,0,0,2.11003136635,
MC_G0_D045_DENS_REF_V_HIGH_S015,MC_G0_D045_DENS_REF_V_HIGH,15,2.12003993988,5.7501135902,8.9058464981,0,0,2.12003993988,
MC_G0_D045_DENS_REF_V_HIGH_S015,MC_G0_D045_DENS_REF_V_HIGH,15,2.13004851341,5.59375514129,9.01945299729,0,0,2.13004851341,
MC_G0_D045_DENS_REF_V_HIGH_S015,MC_G0_D045_DENS_REF_V_HIGH,15,2.14000439644,5.739058861,7.29571079691,0,0,2.14000439644,
MC_G0_D045_DENS_REF_V_HIGH_S015,MC_G0_D045_DENS_REF_V_HIGH,15,2.15001296997,5.23977469954,7.56466855048,0,0,2.15001296997,
MC_G0_D045_DENS_REF_V_HIGH_S015,MC_G0_D045_DENS_REF_V_HIGH,15,2.1600215435,5.38238592533,9.05396973462,0,0,2.1600215435,
MC_G0_D045_DENS_REF_V_HIGH_S015,MC_G0_D045_DENS_REF_V_HIGH,15,2.17003035545,4.87145258298,10.9464435877,0,0,2.17003035545,
MC_G0_D045_DENS_REF_V_HIGH_S015,MC_G0_D045_DENS_REF_V_HIGH,15,2.18003869057,6.8751496883,14.9438216817,0,0,2.18003869057,
MC_G0_D045_DENS_REF_V_HIGH_S015,MC_G0_D045_DENS_REF_V_HIGH,15,2.19004750252,6.06566036973,9.95105381372,0,0,2.19004750252,
MC_G0_D045_DENS_REF_V_HIGH_S015,MC_G0_D045_DENS_REF_V_HIGH,15,2.20000338554,5.92616646552,11.0352873875,0,0,2.20000338554,
MC_G0_D045_DENS_REF_V_HIGH_S015,MC_G0_D045_DENS_REF_V_HIGH,15,2.21001195908,5.58589794052,8.74407036411,0,0,2.21001195908,
MC_G0_D045_DENS_REF_V_HIGH_S015,MC_G0_D045_DENS_REF_V_HIGH,15,2.22002053261,6.69934472505,10.7492567028,0,0,2.22002053261,
MC_G0_D045_DENS_REF_V_HIGH_S015,MC_G0_D045_DENS_REF_V_HIGH,15,2.23002910614,7.71065403975,8.58080420794,0,0,2.23002910614,
MC_G0_D045_DENS_REF_V_HIGH_S015,MC_G0_D045_DENS_REF_V_HIGH,15,2.24003767967,6.75188366295,8.07805774231,0,0,2.24003767967,
MC_G0_D045_DENS_REF_V_HIGH_S015,MC_G0_D045_DENS_REF_V_HIGH,15,2.2500462532,8.88114669614,9.13893788666,0,0,2.2500462532,
MC_G0_D045_DENS_REF_V_HIGH_S015,MC_G0_D045_DENS_REF_V_HIGH,15,2.26000213623,6.58830621416,9.87389898553,0,0,2.26000213623,
MC_G0_D045_DENS_REF_V_HIGH_S015,MC_G0_D045_DENS_REF_V_HIGH,15,2.27001070976,6.64957503403,7.62609760452,0,0,2.27001070976,
MC_G0_D045_DENS_REF_V_HIGH_S015,MC_G0_D045_DENS_REF_V_HIGH,15,2.28001928329,10.7201968001,11.4813038426,0,0,2.28001928329,
MC_G0_D045_DENS_REF_V_HIGH_S015,MC_G0_D045_DENS_REF_V_HIGH,15,2.29002785683,5.56357395761,11.4010403419,0,0,2.29002785683,
MC_G0_D045_DENS_REF_V_HIGH_S015,MC_G0_D045_DENS_REF_V_HIGH,15,2.30003643036,5.87987944017,20.4008246974,0,0,2.30003643036,
MC_G0_D045_DENS_REF_V_HIGH_S015,MC_G0_D045_DENS_REF_V_HIGH,15,2.31004500389,5.59677076519,8.76520523203,0,0,2.31004500389,
MC_G0_D045_DENS_REF_V_HIGH_S015,MC_G0_D045_DENS_REF_V_HIGH,15,2.32000088692,8.32000808971,20.6617882957,0,0,2.32000088692,
MC_G0_D045_DENS_REF_V_HIGH_S015,MC_G0_D045_DENS_REF_V_HIGH,15,2.33000969887,4.95915282055,9.73879053406,0,0,2.33000969887,
MC_G0_D045_DENS_REF_V_HIGH_S015,MC_G0_D045_DENS_REF_V_HIGH,15,2.3400182724,4.92981438439,9.34414415498,0,0,2.3400182724,
MC_G0_D045_DENS_REF_V_HIGH_S015,MC_G0_D045_DENS_REF_V_HIGH,15,2.35002684593,7.01137698642,8.25089597343,0,0,2.35002684593,
MC_G0_D045_DENS_REF_V_HIGH_S015,MC_G0_D045_DENS_REF_V_HIGH,15,2.36003541946,6.75391147622,10.8780976633,0,0,2.36003541946,
MC_G0_D045_DENS_REF_V_HIGH_S015,MC_G0_D045_DENS_REF_V_HIGH,15,2.370043993,9.11734549549,9.8738709201,0,0,2.370043993,
MC_G0_D045_DENS_REF_V_HIGH_S015,MC_G0_D045_DENS_REF_V_HIGH,15,2.38005256653,6.01324155021,8.79616592535,0,0,2.38005256653,
MC_G0_D045_DENS_REF_V_HIGH_S015,MC_G0_D045_DENS_REF_V_HIGH,15,2.39000844955,6.73927238368,9.88932195099,0,0,2.39000844955,
MC_G0_D045_DENS_REF_V_HIGH_S015,MC_G0_D045_DENS_REF_V_HIGH,15,2.40001702309,6.78958318309,10.6029069613,0,0,2.40001702309,
MC_G0_D045_DENS_REF_V_HIGH_S015,MC_G0_D045_DENS_REF_V_HIGH,15,2.41002559662,6.57801901459,10.3811290055,0,0,2.41002559662,
MC_G0_D045_DENS_REF_V_HIGH_S015,MC_G0_D045_DENS_REF_V_HIGH,15,2.42003417015,4.81042860506,10.4193979593,0,0,2.42003417015,
MC_G0_D045_DENS_REF_V_HIGH_S015,MC_G0_D045_DENS_REF_V_HIGH,15,2.43004274368,7.06458981534,10.6787820785,0,0,2.43004274368,
MC_G0_D045_DENS_REF_V_HIGH_S015,MC_G0_D045_DENS_REF_V_HIGH,15,2.44005131721,6.57444616419,9.67844516432,0,0,2.44005131721,
MC_G0_D045_DENS_REF_V_HIGH_S015,MC_G0_D045_DENS_REF_V_HIGH,15,2.45000720024,8.02670585378,10.6110373714,0,0,2.45000720024,
MC_G0_D045_DENS_REF_V_HIGH_S015,MC_G0_D045_DENS_REF_V_HIGH,15,2.46001577377,7.2943145023,14.6589478098,0,0,2.46001577377,
MC_G0_D045_DENS_REF_V_HIGH_S015,MC_G0_D045_DENS_REF_V_HIGH,15,2.47002434731,9.00851746992,19.8732363201,0,0,2.47002434731,
MC_G0_D045_DENS_REF_V_HIGH_S015,MC_G0_D045_DENS_REF_V_HIGH,15,2.48003315926,7.66053282016,9.80756788857,0,0,2.48003315926,
MC_G0_D045_DENS_REF_V_HIGH_S015,MC_G0_D045_DENS_REF_V_HIGH,15,2.49004173279,7.28526609555,9.26528332561,0,0,2.49004173279,
MC_G0_D045_DENS_REF_V_HIGH_S015,MC_G0_D045_DENS_REF_V_HIGH,15,2.50005030632,6.9159055114,9.58499171755,0,0,2.50005030632,
MC_G0_D045_DENS_REF_V_HIGH_S015,MC_G0_D045_DENS_REF_V_HIGH,15,2.51000618935,6.58414543606,10.8458032831,0,0,2.51000618935,
MC_G0_D045_DENS_REF_V_HIGH_S015,MC_G0_D045_DENS_REF_V_HIGH,15,2.52001476288,7.74852011381,11.8611211157,0,0,2.52001476288,
MC_G0_D045_DENS_REF_V_HIGH_S015,MC_G0_D045_DENS_REF_V_HIGH,15,2.53002333641,6.9638507845,11.4534520057,0,0,2.53002333641,
MC_G0_D045_DENS_REF_V_HIGH_S015,MC_G0_D045_DENS_REF_V_HIGH,15,2.54003190994,8.68162967265,12.8570954603,0,0,2.54003190994,
MC_G0_D045_DENS_REF_V_HIGH_S015,MC_G0_D045_DENS_REF_V_HIGH,15,2.55004048347,7.60990656608,13.2728057204,0,0,2.55004048347,
MC_G0_D045_DENS_REF_V_HIGH_S015,MC_G0_D045_DENS_REF_V_HIGH,15,2.56004905701,7.36505387021,13.5702317408,0,0,2.56004905701,
MC_G0_D045_DENS_REF_V_HIGH_S015,MC_G0_D045_DENS_REF_V_HIGH,15,2.57000494003,8.28706034549,14.6207263462,0,0,2.57000494003,
MC_G0_D045_DENS_REF_V_HIGH_S015,MC_G0_D045_DENS_REF_V_HIGH,15,2.58001351357,7.52256015967,9.22297791796,0,0,2.58001351357,
MC_G0_D045_DENS_REF_V_HIGH_S015,MC_G0_D045_DENS_REF_V_HIGH,15,2.5900220871,6.84836674202,7.93647422201,0,0,2.5900220871,
MC_G0_D045_DENS_REF_V_HIGH_S015,MC_G0_D045_DENS_REF_V_HIGH,15,2.60003066063,7.84115786946,10.1312826498,0,0,2.60003066063,
MC_G0_D045_DENS_REF_V_HIGH_S015,MC_G0_D045_DENS_REF_V_HIGH,15,2.61003923416,7.81142914449,12.2272992271,0,0,2.61003923416,
MC_G0_D045_DENS_REF_V_HIGH_S015,MC_G0_D045_DENS_REF_V_HIGH,15,2.62004780769,7.10229010301,10.0193023822,0,0,2.62004780769,
MC_G0_D045_DENS_REF_V_HIGH_S015,MC_G0_D045_DENS_REF_V_HIGH,15,2.63000369072,9.14977208709,13.5014832231,0,0,2.63000369072,
MC_G0_D045_DENS_REF_V_HIGH_S015,MC_G0_D045_DENS_REF_V_HIGH,15,2.64001226425,6.57507630601,10.7397446694,0,0,2.64001226425,
MC_G0_D045_DENS_REF_V_HIGH_S015,MC_G0_D045_DENS_REF_V_HIGH,15,2.65002083778,6.82770944969,8.30387205707,0,0,2.65002083778,
MC_G0_D045_DENS_REF_V_HIGH_S015,MC_G0_D045_DENS_REF_V_HIGH,15,2.66002941132,9.81859279736,14.4720046622,0,0,2.66002941132,
MC_G0_D045_DENS_REF_V_HIGH_S015,MC_G0_D045_DENS_REF_V_HIGH,15,2.67003798485,8.79961509417,19.1868068079,0,0,2.67003798485,
MC_G0_D045_DENS_REF_V_HIGH_S015,MC_G0_D045_DENS_REF_V_HIGH,15,2.68004655838,8.37752215465,17.7535015865,0,0,2.68004655838,
MC_G0_D045_DENS_REF_V_HIGH_S015,MC_G0_D045_DENS_REF_V_HIGH,15,2.69000244141,8.45755784138,11.9167573097,0,0,2.69000244141,
MC_G0_D045_DENS_REF_V_HIGH_S015,MC_G0_D045_DENS_REF_V_HIGH,15,2.70001101494,7.73883849512,11.3952879668,0,0,2.70001101494,
MC_G0_D045_DENS_REF_V_HIGH_S015,MC_G0_D045_DENS_REF_V_HIGH,15,2.71001982689,8.48042331645,12.7801698923,0,0,2.71001982689,
MC_G0_D045_DENS_REF_V_HIGH_S015,MC_G0_D045_DENS_REF_V_HIGH,15,2.72002840042,7.87728548892,7.77340673163,0,0,2.72002840042,
MC_G0_D045_DENS_REF_V_HIGH_S015,MC_G0_D045_DENS_REF_V_HIGH,15,2.73003697395,6.55288241937,6.82411491853,0,0,2.73003697395,
MC_G0_D045_DENS_REF_V_HIGH_S015,MC_G0_D045_DENS_REF_V_HIGH,15,2.74004554749,8.19750882646,9.985534384,0,0,2.74004554749,
MC_G0_D045_DENS_REF_V_HIGH_S015,MC_G0_D045_DENS_REF_V_HIGH,15,2.75000143051,8.9780258205,12.4779702205,0,0,2.75000143051,
MC_G0_D045_DENS_REF_V_HIGH_S015,MC_G0_D045_DENS_REF_V_HIGH,15,2.76001000404,8.51910604203,10.71272854,0,0,2.76001000404,
MC_G0_D045_DENS_REF_V_HIGH_S015,MC_G0_D045_DENS_REF_V_HIGH,15,2.77001857758,9.66024299284,15.2878287004,0,0,2.77001857758,
MC_G0_D045_DENS_REF_V_HIGH_S015,MC_G0_D045_DENS_REF_V_HIGH,15,2.78002715111,9.40859075202,9.66773690866,0,0,2.78002715111,
MC_G0_D045_DENS_REF_V_HIGH_S015,MC_G0_D045_DENS_REF_V_HIGH,15,2.79003572464,7.33716337869,10.3065384385,0,0,2.79003572464,
MC_G0_D045_DENS_REF_V_HIGH_S015,MC_G0_D045_DENS_REF_V_HIGH,15,2.80004429817,9.04456296371,12.6644583049,0,0,2.80004429817,
MC_G0_D045_DENS_REF_V_HIGH_S015,MC_G0_D045_DENS_REF_V_HIGH,15,2.8100001812,8.20847068457,16.7803637387,0,0,2.8100001812,
MC_G0_D045_DENS_REF_V_HIGH_S015,MC_G0_D045_DENS_REF_V_HIGH,15,2.82000875473,9.89681404406,17.2690625019,0,0,2.82000875473,
MC_G0_D045_DENS_REF_V_HIGH_S015,MC_G0_D045_DENS_REF_V_HIGH,15,2.83001732826,9.25538800118,15.1455908216,0,0,2.83001732826,
MC_G0_D045_DENS_REF_V_HIGH_S015,MC_G0_D045_DENS_REF_V_HIGH,15,2.84002590179,8.06197000241,16.5135180571,0,0,2.84002590179,
MC_G0_D045_DENS_REF_V_HIGH_S015,MC_G0_D045_DENS_REF_V_HIGH,15,2.85003447533,9.25747644929,25.1545020981,0,0,2.85003447533,
MC_G0_D045_DENS_REF_V_HIGH_S015,MC_G0_D045_DENS_REF_V_HIGH,15,2.86004304886,8.33685306239,11.1547647277,0,0,2.86004304886,
MC_G0_D045_DENS_REF_V_HIGH_S015,MC_G0_D045_DENS_REF_V_HIGH,15,2.87005162239,9.31463514801,21.3340605677,0,0,2.87005162239,
MC_G0_D045_DENS_REF_V_HIGH_S015,MC_G0_D045_DENS_REF_V_HIGH,15,2.88000750542,8.21543064321,12.7649812908,0,0,2.88000750542,
MC_G0_D045_DENS_REF_V_HIGH_S015,MC_G0_D045_DENS_REF_V_HIGH,15,2.89001607895,7.28795244923,10.5524800935,0,0,2.89001607895,
MC_G0_D045_DENS_REF_V_HIGH_S015,MC_G0_D045_DENS_REF_V_HIGH,15,2.90002465248,7.33192038382,12.7680411136,0,0,2.90002465248,
MC_G0_D045_DENS_REF_V_HIGH_S015,MC_G0_D045_DENS_REF_V_HIGH,15,2.91003322601,9.74818193213,16.9337158446,0,0,2.91003322601,
MC_G0_D045_DENS_REF_V_HIGH_S015,MC_G0_D045_DENS_REF_V_HIGH,15,2.92004179955,9.13515985809,13.5617463126,0,0,2.92004179955,
MC_G0_D045_DENS_REF_V_HIGH_S015,MC_G0_D045_DENS_REF_V_HIGH,15,2.93005037308,8.58084996273,10.7632302486,0,0,2.93005037308,
MC_G0_D045_DENS_REF_V_HIGH_S015,MC_G0_D045_DENS_REF_V_HIGH,15,2.9400062561,9.35688842141,16.4646336958,0,0,2.9400062561,
MC_G0_D045_DENS_REF_V_HIGH_S015,MC_G0_D045_DENS_REF_V_HIGH,15,2.95001482964,8.46300576666,13.9394883254,0,0,2.95001482964,
MC_G0_D045_DENS_REF_V_HIGH_S015,MC_G0_D045_DENS_REF_V_HIGH,15,2.96002340317,8.24321905329,13.2332130005,0,0,2.96002340317,
MC_G0_D045_DENS_REF_V_HIGH_S015,MC_G0_D045_DENS_REF_V_HIGH,15,2.9700319767,9.57196941064,20.27807791,0,0,2.9700319767,
MC_G0_D045_DENS_REF_V_HIGH_S015,MC_G0_D045_DENS_REF_V_HIGH,15,2.98004055023,9.52098548776,12.8810718548,0,0,2.98004055023,
MC_G0_D045_DENS_REF_V_HIGH_S015,MC_G0_D045_DENS_REF_V_HIGH,15,2.99004912376,9.85433281436,12.7094636029,0,0,2.99004912376,
MC_G0_D045_DENS_REF_V_HIGH_S015,MC_G0_D045_DENS_REF_V_HIGH,15,3.00000500679,9.50750766754,14.2532873779,0,0,3.00000500679,
MC_G0_D045_DENS_REF_V_HIGH_S015,MC_G0_D045_DENS_REF_V_HIGH,15,3.01001358032,9.27922286616,13.4670962601,0,0,3.01001358032,
MC_G0_D045_DENS_REF_V_HIGH_S015,MC_G0_D045_DENS_REF_V_HIGH,15,3.02002215385,7.28864706355,17.8626090054,0,0,3.02002215385,
MC_G0_D045_DENS_REF_V_HIGH_S015,MC_G0_D045_DENS_REF_V_HIGH,15,3.03003072739,9.22365755894,15.5581207178,0,0,3.03003072739,
MC_G0_D045_DENS_REF_V_HIGH_S015,MC_G0_D045_DENS_REF_V_HIGH,15,3.04003930092,10.0362580588,23.0830373066,0,0,3.04003930092,
MC_G0_D045_DENS_REF_V_HIGH_S015,MC_G0_D045_DENS_REF_V_HIGH,15,3.05004787445,8.39489288513,14.03082596,0,0,3.05004787445,
MC_G0_D045_DENS_REF_V_HIGH_S015,MC_G0_D045_DENS_REF_V_HIGH,15,3.06000375748,10.0765694823,17.603852335,0,0,3.06000375748,
MC_G0_D045_DENS_REF_V_HIGH_S015,MC_G0_D045_DENS_REF_V_HIGH,15,3.07001233101,8.60346599067,14.5853911067,0,0,3.07001233101,
MC_G0_D045_DENS_REF_V_HIGH_S015,MC_G0_D045_DENS_REF_V_HIGH,15,3.08002090454,10.0227410946,15.7879470593,0,0,3.08002090454,
MC_G0_D045_DENS_REF_V_HIGH_S015,MC_G0_D045_DENS_REF_V_HIGH,15,3.09002923965,9.24016558612,15.1868376085,0,0,3.09002923965,
MC_G0_D045_DENS_REF_V_HIGH_S015,MC_G0_D045_DENS_REF_V_HIGH,15,3.10003781319,9.13992237941,10.8569234529,0,0,3.10003781319,
MC_G0_D045_DENS_REF_V_HIGH_S015,MC_G0_D045_DENS_REF_V_HIGH,15,3.11004638672,10.1148346718,11.7595858235,0,0,3.11004638672,
MC_G0_D045_DENS_REF_V_HIGH_S015,MC_G0_D045_DENS_REF_V_HIGH,15,3.12000226974,10.0873179672,13.9060941708,0,0,3.12000226974,
MC_G0_D045_DENS_REF_V_HIGH_S015,MC_G0_D045_DENS_REF_V_HIGH,15,3.13001084328,10.0814855095,15.5934463615,0,0,3.13001084328,
MC_G0_D045_DENS_REF_V_HIGH_S015,MC_G0_D045_DENS_REF_V_HIGH,15,3.14001941681,9.51705036337,18.9642303186,0,0,3.14001941681,
MC_G0_D045_DENS_REF_V_HIGH_S015,MC_G0_D045_DENS_REF_V_HIGH,15,3.15002799034,10.2992520849,18.7362972976,0,0,3.15002799034,
MC_G0_D045_DENS_REF_V_HIGH_S015,MC_G0_D045_DENS_REF_V_HIGH,15,3.16003656387,8.43619672438,16.6597134742,0,0,3.16003656387,
MC_G0_D045_DENS_REF_V_HIGH_S015,MC_G0_D045_DENS_REF_V_HIGH,15,3.17004513741,8.66728224136,14.2370650424,0,0,3.17004513741,
MC_G0_D045_DENS_REF_V_HIGH_S015,MC_G0_D045_DENS_REF_V_HIGH,15,3.18000102043,9.52959256497,16.2161958763,0,0,3.18000102043,
MC_G0_D045_DENS_REF_V_HIGH_S015,MC_G0_D045_DENS_REF_V_HIGH,15,3.19000959396,8.97756223261,15.3811842721,0,0,3.19000959396,
MC_G0_D045_DENS_REF_V_HIGH_S015,MC_G0_D045_DENS_REF_V_HIGH,15,3.2000181675,10.9083935292,16.7167273148,0,0,3.2000181675,
MC_G0_D045_DENS_REF_V_HIGH_S015,MC_G0_D045_DENS_REF_V_HIGH,15,3.21002674103,10.6288784279,15.5195029889,0,0,3.21002674103,
MC_G0_D045_DENS_REF_V_HIGH_S015,MC_G0_D045_DENS_REF_V_HIGH,15,3.22003531456,9.48702537196,14.8420074608,0,0,3.22003531456,
MC_G0_D045_DENS_REF_V_HIGH_S015,MC_G0_D045_DENS_REF_V_HIGH,15,3.23004388809,12.9093447973,18.4392090945,0,0,3.23004388809,
MC_G0_D045_DENS_REF_V_HIGH_S015,MC_G0_D045_DENS_REF_V_HIGH,15,3.24005246162,10.7781736854,15.9408624921,0,0,3.24005246162,
MC_G0_D045_DENS_REF_V_HIGH_S015,MC_G0_D045_DENS_REF_V_HIGH,15,3.25000834465,8.67353146757,18.3952705366,0,0,3.25000834465,
MC_G0_D045_DENS_REF_V_HIGH_S015,MC_G0_D045_DENS_REF_V_HIGH,15,3.26001691818,9.83316434729,17.6841119447,0,0,3.26001691818,
MC_G0_D045_DENS_REF_V_HIGH_S015,MC_G0_D045_DENS_REF_V_HIGH,15,3.2700252533,10.296779872,18.7634392767,0,0,3.2700252533,
MC_G0_D045_DENS_REF_V_HIGH_S015,MC_G0_D045_DENS_REF_V_HIGH,15,3.28003382683,10.3700129437,19.3100886407,0,0,3.28003382683,
MC_G0_D045_DENS_REF_V_HIGH_S015,MC_G0_D045_DENS_REF_V_HIGH,15,3.29004240036,10.8991816386,16.5037002414,0,0,3.29004240036,
MC_G0_D045_DENS_REF_V_HIGH_S015,MC_G0_D045_DENS_REF_V_HIGH,15,3.30005097389,11.1020212979,17.5005466134,0,0,3.30005097389,
MC_G0_D045_DENS_REF_V_HIGH_S015,MC_G0_D045_DENS_REF_V_HIGH,15,3.31000685692,10.9334050171,16.1229071672,0,0,3.31000685692,
MC_G0_D045_DENS_REF_V_HIGH_S015,MC_G0_D045_DENS_REF_V_HIGH,15,3.32001543045,10.7868083937,15.0321640084,0,0,3.32001543045,
MC_G0_D045_DENS_REF_V_HIGH_S015,MC_G0_D045_DENS_REF_V_HIGH,15,3.33002400398,10.7201469107,14.1275968656,0,0,3.33002400398,
MC_G0_D045_DENS_REF_V_HIGH_S015,MC_G0_D045_DENS_REF_V_HIGH,15,3.34003257751,10.0856677785,13.5962852224,0,0,3.34003257751,
MC_G0_D045_DENS_REF_V_HIGH_S015,MC_G0_D045_DENS_REF_V_HIGH,15,3.35004115105,10.6744328462,13.0946924222,0,0,3.35004115105,
MC_G0_D045_DENS_REF_V_HIGH_S015,MC_G0_D045_DENS_REF_V_HIGH,15,3.36004972458,9.96936171177,21.2703944473,0,0,3.36004972458,
MC_G0_D045_DENS_REF_V_HIGH_S015,MC_G0_D045_DENS_REF_V_HIGH,15,3.3700056076,11.5594275079,15.2253114102,0,0,3.3700056076,
MC_G0_D045_DENS_REF_V_HIGH_S015,MC_G0_D045_DENS_REF_V_HIGH,15,3.38001418114,11.309586637,17.5237955083,0,0,3.38001418114,
MC_G0_D045_DENS_REF_V_HIGH_S015,MC_G0_D045_DENS_REF_V_HIGH,15,3.39002251625,10.7366733586,18.9698473358,0,0,3.39002251625,
MC_G0_D045_DENS_REF_V_HIGH_S015,MC_G0_D045_DENS_REF_V_HIGH,15,3.40003108978,11.2301051067,22.2798118384,0,0,3.40003108978,
MC_G0_D045_DENS_REF_V_HIGH_S015,MC_G0_D045_DENS_REF_V_HIGH,15,3.41003966331,11.0409443604,17.0073905263,0,0,3.41003966331,
MC_G0_D045_DENS_REF_V_HIGH_S015,MC_G0_D045_DENS_REF_V_HIGH,15,3.42004823685,10.7082010796,15.58326525,0,0,3.42004823685,
MC_G0_D045_DENS_REF_V_HIGH_S015,MC_G0_D045_DENS_REF_V_HIGH,15,3.43000411987,12.5938839811,19.4947516323,0,0,3.43000411987,
MC_G0_D045_DENS_REF_V_HIGH_S015,MC_G0_D045_DENS_REF_V_HIGH,15,3.44001269341,10.0439233772,14.6287090913,0,0,3.44001269341,
MC_G0_D045_DENS_REF_V_HIGH_S015,MC_G0_D045_DENS_REF_V_HIGH,15,3.45002126694,10.2623692163,14.9762288603,0,0,3.45002126694,
MC_G0_D045_DENS_REF_V_HIGH_S015,MC_G0_D045_DENS_REF_V_HIGH,15,3.46002984047,11.7439976595,14.0201435184,0,0,3.46002984047,
MC_G0_D045_DENS_REF_V_HIGH_S015,MC_G0_D045_DENS_REF_V_HIGH,15,3.470038414,12.2770354713,14.698876,0,0,3.470038414,
MC_G0_D045_DENS_REF_V_HIGH_S015,MC_G0_D045_DENS_REF_V_HIGH,15,3.48004674911,11.7594342153,19.1018380246,0,0,3.48004674911,
MC_G0_D045_DENS_REF_V_HIGH_S015,MC_G0_D045_DENS_REF_V_HIGH,15,3.49000263214,12.9216467621,21.4975575273,0,0,3.49000263214,
MC_G0_D045_DENS_REF_V_HIGH_S015,MC_G0_D045_DENS_REF_V_HIGH,15,3.50001120567,11.1476417237,17.958112747,0,0,3.50001120567,
MC_G0_D045_DENS_REF_V_HIGH_S015,MC_G0_D045_DENS_REF_V_HIGH,15,3.51001977921,10.9816189256,19.1183925601,0,0,3.51001977921,
MC_G0_D045_DENS_REF_V_HIGH_S015,MC_G0_D045_DENS_REF_V_HIGH,15,3.52002835274,10.6025767227,20.5377580617,0,0,3.52002835274,
MC_G0_D045_DENS_REF_V_HIGH_S015,MC_G0_D045_DENS_REF_V_HIGH,15,3.53003692627,9.54447649947,18.469964548,0,0,3.53003692627,
MC_G0_D045_DENS_REF_V_HIGH_S015,MC_G0_D045_DENS_REF_V_HIGH,15,3.5400454998,11.7577494878,18.1115373801,0,0,3.5400454998,
MC_G0_D045_DENS_REF_V_HIGH_S015,MC_G0_D045_DENS_REF_V_HIGH,15,3.55000138283,10.3955624698,16.5387785076,0,0,3.55000138283,
MC_G0_D045_DENS_REF_V_HIGH_S015,MC_G0_D045_DENS_REF_V_HIGH,15,3.56000995636,13.0862388851,19.2829687279,0,0,3.56000995636,
MC_G0_D045_DENS_REF_V_HIGH_S015,MC_G0_D045_DENS_REF_V_HIGH,15,3.57001829147,11.0985697171,16.6266215613,0,0,3.57001829147,
MC_G0_D045_DENS_REF_V_HIGH_S015,MC_G0_D045_DENS_REF_V_HIGH,15,3.58002686501,12.8967788023,27.0620279029,0,0,3.58002686501,
MC_G0_D045_DENS_REF_V_HIGH_S015,MC_G0_D045_DENS_REF_V_HIGH,15,3.59003543854,12.400881749,16.6020951927,0,0,3.59003543854,
MC_G0_D045_DENS_REF_V_HIGH_S015,MC_G0_D045_DENS_REF_V_HIGH,15,3.60004401207,13.9574786483,21.1840623609,0,0,3.60004401207,
MC_G0_D045_DENS_REF_V_HIGH_S015,MC_G0_D045_DENS_REF_V_HIGH,15,3.6100525856,11.6932470656,20.6447964451,0,0,3.6100525856,
MC_G0_D045_DENS_REF_V_HIGH_S015,MC_G0_D045_DENS_REF_V_HIGH,15,3.62000846863,10.9658861033,18.3624960747,0,0,3.62000846863,
MC_G0_D045_DENS_REF_V_HIGH_S015,MC_G0_D045_DENS_REF_V_HIGH,15,3.63001680374,11.5960194828,21.0737435352,0,0,3.63001680374,
MC_G0_D045_DENS_REF_V_HIGH_S015,MC_G0_D045_DENS_REF_V_HIGH,15,3.64002537727,11.647671924,22.0430660357,0,0,3.64002537727,
MC_G0_D045_DENS_REF_V_HIGH_S015,MC_G0_D045_DENS_REF_V_HIGH,15,3.65003395081,11.4690838983,18.9128322353,0,0,3.65003395081,
MC_G0_D045_DENS_REF_V_HIGH_S015,MC_G0_D045_DENS_REF_V_HIGH,15,3.66004252434,12.2110394365,22.1925068937,0,0,3.66004252434,
MC_G0_D045_DENS_REF_V_HIGH_S015,MC_G0_D045_DENS_REF_V_HIGH,15,3.67005109787,12.2765910716,17.9150909575,0,0,3.67005109787,
MC_G0_D045_DENS_REF_V_HIGH_S015,MC_G0_D045_DENS_REF_V_HIGH,15,3.6800069809,12.1133712916,18.9350962404,0,0,3.6800069809,
MC_G0_D045_DENS_REF_V_HIGH_S015,MC_G0_D045_DENS_REF_V_HIGH,15,3.69001555443,12.2434015556,17.2435114202,0,0,3.69001555443,
MC_G0_D045_DENS_REF_V_HIGH_S015,MC_G0_D045_DENS_REF_V_HIGH,15,3.70002388954,13.4520342941,22.7472555281,0,0,3.70002388954,
MC_G0_D045_DENS_REF_V_HIGH_S015,MC_G0_D045_DENS_REF_V_HIGH,15,3.71003246307,12.4117284777,21.3426156295,0,0,3.71003246307,
MC_G0_D045_DENS_REF_V_HIGH_S015,MC_G0_D045_DENS_REF_V_HIGH,15,3.72004103661,11.2392302664,20.332954181,0,0,3.72004103661,
MC_G0_D045_DENS_REF_V_HIGH_S015,MC_G0_D045_DENS_REF_V_HIGH,15,3.73004961014,13.1516324091,16.3817104053,0,0,3.73004961014,
MC_G0_D045_DENS_REF_V_HIGH_S015,MC_G0_D045_DENS_REF_V_HIGH,15,3.74000549316,11.1869476834,18.2051950979,0,0,3.74000549316,
MC_G0_D045_DENS_REF_V_HIGH_S015,MC_G0_D045_DENS_REF_V_HIGH,15,3.75001382828,11.9484522011,21.6803730304,0,0,3.75001382828,
MC_G0_D045_DENS_REF_V_HIGH_S015,MC_G0_D045_DENS_REF_V_HIGH,15,3.76002240181,11.7907471214,19.7461827907,0,0,3.76002240181,
MC_G0_D045_DENS_REF_V_HIGH_S015,MC_G0_D045_DENS_REF_V_HIGH,15,3.77003097534,12.9150168412,20.022126468,0,0,3.77003097534,
MC_G0_D045_DENS_REF_V_HIGH_S015,MC_G0_D045_DENS_REF_V_HIGH,15,3.78003954887,13.8788621239,22.1280487603,0,0,3.78003954887,
MC_G0_D045_DENS_REF_V_HIGH_S015,MC_G0_D045_DENS_REF_V_HIGH,15,3.79004812241,11.4282229237,19.0255649387,0,0,3.79004812241,
MC_G0_D045_DENS_REF_V_HIGH_S015,MC_G0_D045_DENS_REF_V_HIGH,15,3.80000400543,13.0569499546,20.5624539255,0,0,3.80000400543,
MC_G0_D045_DENS_REF_V_HIGH_S015,MC_G0_D045_DENS_REF_V_HIGH,15,3.81001234055,16.0642384804,22.1494465337,0,0,3.81001234055,
MC_G0_D045_DENS_REF_V_HIGH_S015,MC_G0_D045_DENS_REF_V_HIGH,15,3.82002091408,12.5774649873,20.126441216,0,0,3.82002091408,
MC_G0_D045_DENS_REF_V_HIGH_S015,MC_G0_D045_DENS_REF_V_HIGH,15,3.83002948761,11.8003466145,14.2603997956,0,0,3.83002948761,
MC_G0_D045_DENS_REF_V_HIGH_S015,MC_G0_D045_DENS_REF_V_HIGH,15,3.84003806114,12.6936566921,18.1040014841,0,0,3.84003806114,
MC_G0_D045_DENS_REF_V_HIGH_S015,MC_G0_D045_DENS_REF_V_HIGH,15,3.85004639626,13.1490535096,18.9327925186,0,0,3.85004639626,
MC_G0_D045_DENS_REF_V_HIGH_S015,MC_G0_D045_DENS_REF_V_HIGH,15,3.86000227928,12.2007860082,21.4696679769,0,0,3.86000227928,
MC_G0_D045_DENS_REF_V_HIGH_S015,MC_G0_D045_DENS_REF_V_HIGH,15,3.87001085281,14.0578408221,23.3736142548,0,0,3.87001085281,
MC_G0_D045_DENS_REF_V_HIGH_S015,MC_G0_D045_DENS_REF_V_HIGH,15,3.88001942635,11.7417779638,26.4566081561,0,0,3.88001942635,
MC_G0_D045_DENS_REF_V_HIGH_S015,MC_G0_D045_DENS_REF_V_HIGH,15,3.89002799988,12.6396072559,21.6293362977,0,0,3.89002799988,
MC_G0_D045_DENS_REF_V_HIGH_S015,MC_G0_D045_DENS_REF_V_HIGH,15,3.90003633499,13.7790188001,22.7574168277,0,0,3.90003633499,
MC_G0_D045_DENS_REF_V_HIGH_S015,MC_G0_D045_DENS_REF_V_HIGH,15,3.91004490852,13.5109790343,19.9414792982,0,0,3.91004490852,
MC_G0_D045_DENS_REF_V_HIGH_S015,MC_G0_D045_DENS_REF_V_HIGH,15,3.92000079155,12.7528071302,20.0202224267,0,0,3.92000079155,
MC_G0_D045_DENS_REF_V_HIGH_S015,MC_G0_D045_DENS_REF_V_HIGH,15,3.93000936508,16.2694482712,22.9562139715,0,0,3.93000936508,
MC_G0_D045_DENS_REF_V_HIGH_S015,MC_G0_D045_DENS_REF_V_HIGH,15,3.9400177002,13.3913319111,21.9547114537,0,0,3.9400177002,
MC_G0_D045_DENS_REF_V_HIGH_S015,MC_G0_D045_DENS_REF_V_HIGH,15,3.95002627373,10.8555997714,17.5443658806,0,0,3.95002627373,
MC_G0_D045_DENS_REF_V_HIGH_S015,MC_G0_D045_DENS_REF_V_HIGH,15,3.96003484726,14.1174886194,22.5781720591,0,0,3.96003484726,
MC_G0_D045_DENS_REF_V_HIGH_S015,MC_G0_D045_DENS_REF_V_HIGH,15,3.97004342079,12.1889514689,16.5647562991,0,0,3.97004342079,
MC_G0_D045_DENS_REF_V_HIGH_S015,MC_G0_D045_DENS_REF_V_HIGH,15,3.98005175591,14.3097547906,27.7734139661,0,0,3.98005175591,
MC_G0_D045_DENS_REF_V_HIGH_S015,MC_G0_D045_DENS_REF_V_HIGH,15,3.99000763893,13.0240459595,22.1867336072,0,0,3.99000763893,
MC_G0_D045_DENS_REF_V_HIGH_S015,MC_G0_D045_DENS_REF_V_HIGH,15,4.00001621246,11.7427120474,28.1378530128,0,0,4.00001621246,
MC_G0_D045_DENS_REF_V_HIGH_S015,MC_G0_D045_DENS_REF_V_HIGH,15,4.01002454758,13.8387418153,33.0814966858,0,0,4.01002454758,
MC_G0_D045_DENS_REF_V_HIGH_S015,MC_G0_D045_DENS_REF_V_HIGH,15,4.02003335953,15.1437586216,25.0663716175,0,0,4.02003335953,
MC_G0_D045_DENS_REF_V_HIGH_S015,MC_G0_D045_DENS_REF_V_HIGH,15,4.03004169464,12.6647154525,24.3718011966,0,0,4.03004169464,
MC_G0_D045_DENS_REF_V_HIGH_S015,MC_G0_D045_DENS_REF_V_HIGH,15,4.04005002975,14.6002908497,22.7166182908,0,0,4.04005002975,
MC_G0_D045_DENS_REF_V_HIGH_S015,MC_G0_D045_DENS_REF_V_HIGH,15,4.05000591278,12.370154468,21.5399013007,0,0,4.05000591278,
MC_G0_D045_DENS_REF_V_HIGH_S015,MC_G0_D045_DENS_REF_V_HIGH,15,4.06001472473,16.1286679873,26.8954795071,0,0,4.06001472473,
MC_G0_D045_DENS_REF_V_HIGH_S015,MC_G0_D045_DENS_REF_V_HIGH,15,4.07002305984,14.1450736342,22.490702013,0,0,4.07002305984,
MC_G0_D045_DENS_REF_V_HIGH_S015,MC_G0_D045_DENS_REF_V_HIGH,15,4.08003139496,16.7807350609,23.4190930568,0,0,4.08003139496,
MC_G0_D045_DENS_REF_V_HIGH_S015,MC_G0_D045_DENS_REF_V_HIGH,15,4.09004020691,16.8823498431,31.3288362492,0,0,4.09004020691,
MC_G0_D045_DENS_REF_V_HIGH_S015,MC_G0_D045_DENS_REF_V_HIGH,15,4.10004854202,14.7410542479,26.427933486,0,0,4.10004854202,
MC_G0_D045_DENS_REF_V_HIGH_S015,MC_G0_D045_DENS_REF_V_HIGH,15,4.11000442505,15.8187917166,25.5943113795,0,0,4.11000442505,
MC_G0_D045_DENS_REF_V_HIGH_S015,MC_G0_D045_DENS_REF_V_HIGH,15,4.12001276016,14.1252529491,23.4492041379,0,0,4.12001276016,
MC_G0_D045_DENS_REF_V_HIGH_S015,MC_G0_D045_DENS_REF_V_HIGH,15,4.13002157211,14.8153388352,24.045467154,0,0,4.13002157211,
MC_G0_D045_DENS_REF_V_HIGH_S015,MC_G0_D045_DENS_REF_V_HIGH,15,4.14002990723,13.7256540003,22.0347560203,0,0,4.14002990723,
MC_G0_D045_DENS_REF_V_HIGH_S015,MC_G0_D045_DENS_REF_V_HIGH,15,4.15003824234,13.565223423,19.9893579356,0,0,4.15003824234,
MC_G0_D045_DENS_REF_V_HIGH_S015,MC_G0_D045_DENS_REF_V_HIGH,15,4.16004705429,13.2648322834,21.4418073029,0,0,4.16004705429,
MC_G0_D045_DENS_REF_V_HIGH_S015,MC_G0_D045_DENS_REF_V_HIGH,15,4.17000293732,15.1414191913,23.7751503748,0,0,4.17000293732,
MC_G0_D045_DENS_REF_V_HIGH_S015,MC_G0_D045_DENS_REF_V_HIGH,15,4.18001127243,15.2175105433,28.0224215804,0,0,4.18001127243,
MC_G0_D045_DENS_REF_V_HIGH_S015,MC_G0_D045_DENS_REF_V_HIGH,15,4.19001960754,14.3850187456,27.3749136374,0,0,4.19001960754,
MC_G0_D045_DENS_REF_V_HIGH_S015,MC_G0_D045_DENS_REF_V_HIGH,15,4.20002841949,14.6732875223,20.71652948,0,0,4.20002841949,
MC_G0_D045_DENS_REF_V_HIGH_S015,MC_G0_D045_DENS_REF_V_HIGH,15,4.21003675461,17.3797658374,27.5126400273,0,0,4.21003675461,
MC_G0_D045_DENS_REF_V_HIGH_S015,MC_G0_D045_DENS_REF_V_HIGH,15,4.22004508972,12.5014473182,25.2415965568,0,0,4.22004508972,
MC_G0_D045_DENS_REF_V_HIGH_S015,MC_G0_D045_DENS_REF_V_HIGH,15,4.23000097275,14.0769354242,26.6131165686,0,0,4.23000097275,
MC_G0_D045_DENS_REF_V_HIGH_S015,MC_G0_D045_DENS_REF_V_HIGH,15,4.2400097847,14.0941956304,21.9167838932,0,0,4.2400097847,
MC_G0_D045_DENS_REF_V_HIGH_S015,MC_G0_D045_DENS_REF_V_HIGH,15,4.25001811981,14.3663416797,28.4505542604,0,0,4.25001811981,
MC_G0_D045_DENS_REF_V_HIGH_S015,MC_G0_D045_DENS_REF_V_HIGH,15,4.26002645493,14.638589043,26.6871231106,0,0,4.26002645493,
MC_G0_D045_DENS_REF_V_HIGH_S015,MC_G0_D045_DENS_REF_V_HIGH,15,4.27003526688,13.3855416676,21.6457912501,0,0,4.27003526688,
MC_G0_D045_DENS_REF_V_HIGH_S015,MC_G0_D045_DENS_REF_V_HIGH,15,4.28004360199,13.3534052022,21.9203908427,0,0,4.28004360199,
MC_G0_D045_DENS_REF_V_HIGH_S015,MC_G0_D045_DENS_REF_V_HIGH,15,4.2900519371,13.5235312138,24.3844128322,0,0,4.2900519371,
MC_G0_D045_DENS_REF_V_HIGH_S015,MC_G0_D045_DENS_REF_V_HIGH,15,4.30000782013,15.4915447155,24.1687555419,0,0,4.30000782013,
MC_G0_D045_DENS_REF_V_HIGH_S015,MC_G0_D045_DENS_REF_V_HIGH,15,4.31001615524,11.7917871241,20.6748349632,0,0,4.31001615524,
MC_G0_D045_DENS_REF_V_HIGH_S015,MC_G0_D045_DENS_REF_V_HIGH,15,4.32002496719,16.7142240137,31.8141089824,0,0,4.32002496719,
MC_G0_D045_DENS_REF_V_HIGH_S015,MC_G0_D045_DENS_REF_V_HIGH,15,4.33003330231,13.3716493814,29.2211785499,0,0,4.33003330231,
MC_G0_D045_DENS_REF_V_HIGH_S015,MC_G0_D045_DENS_REF_V_HIGH,15,4.34004163742,16.4225658262,29.932600575,0,0,4.34004163742,
MC_G0_D045_DENS_REF_V_HIGH_S015,MC_G0_D045_DENS_REF_V_HIGH,15,4.35005044937,14.8498930189,24.7711548958,0,0,4.35005044937,
MC_G0_D045_DENS_REF_V_HIGH_S015,MC_G0_D045_DENS_REF_V_HIGH,15,4.3600063324,15.2106657141,27.6852036477,0,0,4.3600063324,
MC_G0_D045_DENS_REF_V_HIGH_S015,MC_G0_D045_DENS_REF_V_HIGH,15,4.37001466751,14.7689293889,28.8412194095,0,0,4.37001466751,
MC_G0_D045_DENS_REF_V_HIGH_S015,MC_G0_D045_DENS_REF_V_HIGH,15,4.38002300262,16.235710739,27.6715910553,0,0,4.38002300262,
MC_G0_D045_DENS_REF_V_HIGH_S015,MC_G0_D045_DENS_REF_V_HIGH,15,4.39003181458,14.6086784135,25.9355032457,0,0,4.39003181458,
MC_G0_D045_DENS_REF_V_HIGH_S015,MC_G0_D045_DENS_REF_V_HIGH,15,4.40004014969,14.073407858,25.2902287972,0,0,4.40004014969,
MC_G0_D045_DENS_REF_V_HIGH_S015,MC_G0_D045_DENS_REF_V_HIGH,15,4.4100484848,15.0258430453,23.4398890145,0,0,4.4100484848,
MC_G0_D045_DENS_REF_V_HIGH_S015,MC_G0_D045_DENS_REF_V_HIGH,15,4.42000436783,16.8701568674,27.5659688296,0,0,4.42000436783,
MC_G0_D045_DENS_REF_V_HIGH_S015,MC_G0_D045_DENS_REF_V_HIGH,15,4.43001270294,13.7060236626,22.8179040676,0,0,4.43001270294,
MC_G0_D045_DENS_REF_V_HIGH_S015,MC_G0_D045_DENS_REF_V_HIGH,15,4.44002151489,14.424927216,31.3892611317,0,0,4.44002151489,
MC_G0_D045_DENS_REF_V_HIGH_S015,MC_G0_D045_DENS_REF_V_HIGH,15,4.45002985001,16.1305668556,27.3351055824,0,0,4.45002985001,
MC_G0_D045_DENS_REF_V_HIGH_S015,MC_G0_D045_DENS_REF_V_HIGH,15,4.46003818512,14.363213229,29.2065369717,0,0,4.46003818512,
MC_G0_D045_DENS_REF_V_HIGH_S015,MC_G0_D045_DENS_REF_V_HIGH,15,4.47004699707,16.630861086,31.1168989902,0,0,4.47004699707,
MC_G0_D045_DENS_REF_V_HIGH_S015,MC_G0_D045_DENS_REF_V_HIGH,15,4.48000240326,15.1437064296,30.7524922383,0,0,4.48000240326,
MC_G0_D045_DENS_REF_V_HIGH_S015,MC_G0_D045_DENS_REF_V_HIGH,15,4.49001121521,15.8336096436,27.0789568736,0,0,4.49001121521,
MC_G0_D045_DENS_REF_V_HIGH_S015,MC_G0_D045_DENS_REF_V_HIGH,15,4.50001955032,16.0270808362,28.623506668,0,0,4.50001955032,
MC_G0_D045_DENS_REF_V_HIGH_S015,MC_G0_D045_DENS_REF_V_HIGH,15,4.51002788544,17.7398707818,29.1685486923,0,0,4.51002788544,
MC_G0_D045_DENS_REF_V_HIGH_S015,MC_G0_D045_DENS_REF_V_HIGH,15,4.52003669739,14.6102334285,23.7735014383,0,0,4.52003669739,
MC_G0_D045_DENS_REF_V_HIGH_S015,MC_G0_D045_DENS_REF_V_HIGH,15,4.5300450325,18.7520873165,30.1695828857,0,0,4.5300450325,
MC_G0_D045_DENS_REF_V_HIGH_S015,MC_G0_D045_DENS_REF_V_HIGH,15,4.54000091553,15.545859717,24.5213160707,0,0,4.54000091553,
MC_G0_D045_DENS_REF_V_HIGH_S015,MC_G0_D045_DENS_REF_V_HIGH,15,4.55000925064,16.1399967246,29.2927352134,0,0,4.55000925064,
MC_G0_D045_DENS_REF_V_HIGH_S015,MC_G0_D045_DENS_REF_V_HIGH,15,4.56001758575,15.2488764089,23.4487664823,0,0,4.56001758575,
MC_G0_D045_DENS_REF_V_HIGH_S015,MC_G0_D045_DENS_REF_V_HIGH,15,4.57002639771,15.3566529189,26.7128721954,0,0,4.57002639771,
MC_G0_D045_DENS_REF_V_HIGH_S015,MC_G0_D045_DENS_REF_V_HIGH,15,4.58003473282,14.399382295,25.5442828091,0,0,4.58003473282,
MC_G0_D045_DENS_REF_V_HIGH_S015,MC_G0_D045_DENS_REF_V_HIGH,15,4.59004306793,15.7030543894,28.7570194262,0,0,4.59004306793,
MC_G0_D045_DENS_REF_V_HIGH_S015,MC_G0_D045_DENS_REF_V_HIGH,15,4.60005187988,15.1126352953,25.6238577906,0,0,4.60005187988,
MC_G0_D045_DENS_REF_V_HIGH_S015,MC_G0_D045_DENS_REF_V_HIGH,15,4.61000728607,15.039412969,31.8422135165,0,0,4.61000728607,
MC_G0_D045_DENS_REF_V_HIGH_S015,MC_G0_D045_DENS_REF_V_HIGH,15,4.62001609802,16.2249699294,27.9277101988,0,0,4.62001609802,
MC_G0_D045_DENS_REF_V_HIGH_S015,MC_G0_D045_DENS_REF_V_HIGH,15,4.63002443314,16.3370814467,25.7133751764,0,0,4.63002443314,
MC_G0_D045_DENS_REF_V_HIGH_S015,MC_G0_D045_DENS_REF_V_HIGH,15,4.64003276825,16.6580254945,27.7937572985,0,0,4.64003276825,
MC_G0_D045_DENS_REF_V_HIGH_S015,MC_G0_D045_DENS_REF_V_HIGH,15,4.6500415802,17.5856403088,27.8128082115,0,0,4.6500415802,
MC_G0_D045_DENS_REF_V_HIGH_S015,MC_G0_D045_DENS_REF_V_HIGH,15,4.66004991531,16.0227581094,26.7306905962,0,0,4.66004991531,
MC_G0_D045_DENS_REF_V_HIGH_S015,MC_G0_D045_DENS_REF_V_HIGH,15,4.67000579834,15.9831520457,25.8308063871,0,0,4.67000579834,
MC_G0_D045_DENS_REF_V_HIGH_S015,MC_G0_D045_DENS_REF_V_HIGH,15,4.68001413345,18.7993533259,32.911903042,0,0,4.68001413345,
MC_G0_D045_DENS_REF_V_HIGH_S015,MC_G0_D045_DENS_REF_V_HIGH,15,4.69002246857,17.0526876928,35.4803664697,0,0,4.69002246857,
MC_G0_D045_DENS_REF_V_HIGH_S015,MC_G0_D045_DENS_REF_V_HIGH,15,4.70003128052,14.5995494161,31.8903994941,0,0,4.70003128052,
MC_G0_D045_DENS_REF_V_HIGH_S015,MC_G0_D045_DENS_REF_V_HIGH,15,4.71003961563,16.0706934046,28.213704096,0,0,4.71003961563,
MC_G0_D045_DENS_REF_V_HIGH_S015,MC_G0_D045_DENS_REF_V_HIGH,15,4.72004795074,15.604801387,34.1943871403,0,0,4.72004795074,
MC_G0_D045_DENS_REF_V_HIGH_S015,MC_G0_D045_DENS_REF_V_HIGH,15,4.73000383377,15.0363274999,34.9609128792,0,0,4.73000383377,
MC_G0_D045_DENS_REF_V_HIGH_S015,MC_G0_D045_DENS_REF_V_HIGH,15,4.74001216888,17.2340380576,27.557669053,0,0,4.74001216888,
MC_G0_D045_DENS_REF_V_HIGH_S015,MC_G0_D045_DENS_REF_V_HIGH,15,4.75002098083,15.317663949,27.3569641067,0,0,4.75002098083,
MC_G0_D045_DENS_REF_V_HIGH_S015,MC_G0_D045_DENS_REF_V_HIGH,15,4.76002931595,15.4703885289,27.2860293897,0,0,4.76002931595,
MC_G0_D045_DENS_REF_V_HIGH_S015,MC_G0_D045_DENS_REF_V_HIGH,15,4.77003765106,17.5697923571,26.070870337,0,0,4.77003765106,
MC_G0_D045_DENS_REF_V_HIGH_S015,MC_G0_D045_DENS_REF_V_HIGH,15,4.78004598618,14.8887760697,26.2908215594,0,0,4.78004598618,
MC_G0_D045_DENS_REF_V_HIGH_S015,MC_G0_D045_DENS_REF_V_HIGH,15,4.7900018692,17.159098,26.4695594766,0,0,4.7900018692,
MC_G0_D045_DENS_REF_V_HIGH_S015,MC_G0_D045_DENS_REF_V_HIGH,15,4.80001020432,15.3664696228,25.7432779149,0,0,4.80001020432,
MC_G0_D045_DENS_REF_V_HIGH_S015,MC_G0_D045_DENS_REF_V_HIGH,15,4.81001901627,17.568105327,33.3197332659,0,0,4.81001901627,
MC_G0_D045_DENS_REF_V_HIGH_S015,MC_G0_D045_DENS_REF_V_HIGH,15,4.82002735138,18.6095846962,34.4415979953,0,0,4.82002735138,
MC_G0_D045_DENS_REF_V_HIGH_S015,MC_G0_D045_DENS_REF_V_HIGH,15,4.83003568649,16.540079217,29.8328397192,0,0,4.83003568649,
MC_G0_D045_DENS_REF_V_HIGH_S015,MC_G0_D045_DENS_REF_V_HIGH,15,4.84004402161,16.6694463354,38.2138607442,0,0,4.84004402161,
MC_G0_D045_DENS_REF_V_HIGH_S015,MC_G0_D045_DENS_REF_V_HIGH,15,4.84999990463,15.3025236596,25.431866896,0,0,4.84999990463,
MC_G0_D045_DENS_REF_V_HIGH_S015,MC_G0_D045_DENS_REF_V_HIGH,15,4.86000871658,16.8494489181,28.8267242479,0,0,4.86000871658,
MC_G0_D045_DENS_REF_V_HIGH_S015,MC_G0_D045_DENS_REF_V_HIGH,15,4.8700170517,16.0255120057,28.315516223,0,0,4.8700170517,
MC_G0_D045_DENS_REF_V_HIGH_S015,MC_G0_D045_DENS_REF_V_HIGH,15,4.88002538681,18.4626442196,33.3341665778,0,0,4.88002538681,
MC_G0_D045_DENS_REF_V_HIGH_S015,MC_G0_D045_DENS_REF_V_HIGH,15,4.89003372192,19.1824227567,27.7167832142,0,0,4.89003372192,
MC_G0_D045_DENS_REF_V_HIGH_S015,MC_G0_D045_DENS_REF_V_HIGH,15,4.90004253387,17.203685331,29.0705041893,0,0,4.90004253387,
MC_G0_D045_DENS_REF_V_HIGH_S015,MC_G0_D045_DENS_REF_V_HIGH,15,4.91005086899,16.1812621873,29.298723498,0,0,4.91005086899,
MC_G0_D045_DENS_REF_V_HIGH_S015,MC_G0_D045_DENS_REF_V_HIGH,15,4.92000675201,16.8693586366,27.2857877148,0,0,4.92000675201,
MC_G0_D045_DENS_REF_V_HIGH_S015,MC_G0_D045_DENS_REF_V_HIGH,15,4.93001508713,17.9601824854,27.7787895766,0,0,4.93001508713,
MC_G0_D045_DENS_REF_V_HIGH_S015,MC_G0_D045_DENS_REF_V_HIGH,15,4.94002342224,16.0487696884,28.4782603019,0,0,4.94002342224,
MC_G0_D045_DENS_REF_V_HIGH_S015,MC_G0_D045_DENS_REF_V_HIGH,15,4.95003175735,17.997013162,30.0699671748,0,0,4.95003175735,
MC_G0_D045_DENS_REF_V_HIGH_S015,MC_G0_D045_DENS_REF_V_HIGH,15,4.96004056931,17.2075782413,31.5842881339,0,0,4.96004056931,
MC_G0_D045_DENS_REF_V_HIGH_S015,MC_G0_D045_DENS_REF_V_HIGH,15,4.97004890442,16.7561403416,32.4264222853,0,0,4.97004890442,
MC_G0_D045_DENS_REF_V_HIGH_S015,MC_G0_D045_DENS_REF_V_HIGH,15,4.98000478745,18.8466408261,32.737329298,0,0,4.98000478745,
MC_G0_D045_DENS_REF_V_HIGH_S015,MC_G0_D045_DENS_REF_V_HIGH,15,4.99001312256,14.6094720391,29.755693203,0,0,4.99001312256,
MC_G0_D045_DENS_REF_V_HIGH_S015,MC_G0_D045_DENS_REF_V_HIGH,15,5.00002145767,18.6170527594,30.4213326012,0,0,5.00002145767,
MC_G0_D045_DENS_REF_V_HIGH_S015,MC_G0_D045_DENS_REF_V_HIGH,15,5.01002979279,17.9799801446,27.8574843851,0,0,5.01002979279,
MC_G0_D045_DENS_REF_V_HIGH_S015,MC_G0_D045_DENS_REF_V_HIGH,15,5.02003860474,19.1784423481,34.2779823785,0,0,5.02003860474,
MC_G0_D045_DENS_REF_V_HIGH_S015,MC_G0_D045_DENS_REF_V_HIGH,15,5.03004693985,17.375972706,29.1443940931,0,0,5.03004693985,
MC_G0_D045_DENS_REF_V_HIGH_S015,MC_G0_D045_DENS_REF_V_HIGH,15,5.04000282288,17.5404681202,32.5518211897,0,0,5.04000282288,
MC_G0_D045_DENS_REF_V_HIGH_S015,MC_G0_D045_DENS_REF_V_HIGH,15,5.05001115799,17.7915992084,38.8510573993,0,0,5.05001115799,
MC_G0_D045_DENS_REF_V_HIGH_S015,MC_G0_D045_DENS_REF_V_HIGH,15,5.0600194931,18.8103504904,34.6936400227,0,0,5.0600194931,
MC_G0_D045_DENS_REF_V_HIGH_S015,MC_G0_D045_DENS_REF_V_HIGH,15,5.07002782822,18.7572174845,36.6356101288,0,0,5.07002782822,
MC_G0_D045_DENS_REF_V_HIGH_S015,MC_G0_D045_DENS_REF_V_HIGH,15,5.08003664017,17.3430733161,38.7151393487,0,0,5.08003664017,
MC_G0_D045_DENS_REF_V_HIGH_S015,MC_G0_D045_DENS_REF_V_HIGH,15,5.09004497528,16.4677103837,27.6422327152,0,0,5.09004497528,
MC_G0_D045_DENS_REF_V_HIGH_S015,MC_G0_D045_DENS_REF_V_HIGH,15,5.10000085831,17.0866447385,31.4836098521,0,0,5.10000085831,
MC_G0_D045_DENS_REF_V_HIGH_S015,MC_G0_D045_DENS_REF_V_HIGH,15,5.11000919342,19.7795899713,36.3106741606,0,0,5.11000919342,
MC_G0_D045_DENS_REF_V_HIGH_S015,MC_G0_D045_DENS_REF_V_HIGH,15,5.12001752853,18.4286702882,30.626201986,0,0,5.12001752853,
MC_G0_D045_DENS_REF_V_HIGH_S015,MC_G0_D045_DENS_REF_V_HIGH,15,5.13002586365,18.4437154039,30.8096620514,0,0,5.13002586365,
MC_G0_D045_DENS_REF_V_HIGH_S015,MC_G0_D045_DENS_REF_V_HIGH,15,5.1400346756,19.420964824,28.0545764184,0,0,5.1400346756,
MC_G0_D045_DENS_REF_V_HIGH_S015,MC_G0_D045_DENS_REF_V_HIGH,15,5.15004301071,18.7705218431,30.5664967774,0,0,5.15004301071,
MC_G0_D045_DENS_REF_V_HIGH_S015,MC_G0_D045_DENS_REF_V_HIGH,15,5.16005134583,17.9994968879,30.0143405778,0,0,5.16005134583,
MC_G0_D045_DENS_REF_V_HIGH_S015,MC_G0_D045_DENS_REF_V_HIGH,15,5.17000722885,16.1568823763,37.6179183469,0,0,5.17000722885,
MC_G0_D045_DENS_REF_V_HIGH_S015,MC_G0_D045_DENS_REF_V_HIGH,15,5.18001556396,20.2267389154,38.0233654358,0,0,5.18001556396,
MC_G0_D045_DENS_REF_V_HIGH_S015,MC_G0_D045_DENS_REF_V_HIGH,15,5.19002389908,18.67820952,33.8219425334,0,0,5.19002389908,
MC_G0_D045_DENS_REF_V_HIGH_S015,MC_G0_D045_DENS_REF_V_HIGH,15,5.20003271103,19.4619309502,37.5343592468,0,0,5.20003271103,
MC_G0_D045_DENS_REF_V_HIGH_S015,MC_G0_D045_DENS_REF_V_HIGH,15,5.21004104614,17.0890486413,34.9008513101,0,0,5.21004104614,
MC_G0_D045_DENS_REF_V_HIGH_S015,MC_G0_D045_DENS_REF_V_HIGH,15,5.22004938126,18.8318428549,35.8925796127,0,0,5.22004938126,
MC_G0_D045_DENS_REF_V_HIGH_S015,MC_G0_D045_DENS_REF_V_HIGH,15,5.23000526428,18.8144045819,34.3189870689,0,0,5.23000526428,
MC_G0_D045_DENS_REF_V_HIGH_S015,MC_G0_D045_DENS_REF_V_HIGH,15,5.2400135994,18.5665585205,33.6417495889,0,0,5.2400135994,
MC_G0_D045_DENS_REF_V_HIGH_S015,MC_G0_D045_DENS_REF_V_HIGH,15,5.25002193451,20.7809904785,34.3285353031,0,0,5.25002193451,
MC_G0_D045_DENS_REF_V_HIGH_S015,MC_G0_D045_DENS_REF_V_HIGH,15,5.26003074646,17.7190093266,33.0213425274,0,0,5.26003074646,
MC_G0_D045_DENS_REF_V_HIGH_S015,MC_G0_D045_DENS_REF_V_HIGH,15,5.27003908157,16.9683991244,31.4383280559,0,0,5.27003908157,
MC_G0_D045_DENS_REF_V_HIGH_S015,MC_G0_D045_DENS_REF_V_HIGH,15,5.28004741669,18.1715125574,31.2953401231,0,0,5.28004741669,
MC_G0_D045_DENS_REF_V_HIGH_S015,MC_G0_D045_DENS_REF_V_HIGH,15,5.29000329971,18.8394490735,35.6398749545,0,0,5.29000329971,
MC_G0_D045_DENS_REF_V_HIGH_S015,MC_G0_D045_DENS_REF_V_HIGH,15,5.30001163483,18.2639307996,37.8956516373,0,0,5.30001163483,
MC_G0_D045_DENS_REF_V_HIGH_S015,MC_G0_D045_DENS_REF_V_HIGH,15,5.31001996994,17.6954784033,34.1740508011,0,0,5.31001996994,
MC_G0_D045_DENS_REF_V_HIGH_S015,MC_G0_D045_DENS_REF_V_HIGH,15,5.32002830505,18.4306766107,48.3931030632,0,0,5.32002830505,
MC_G0_D045_DENS_REF_V_HIGH_S015,MC_G0_D045_DENS_REF_V_HIGH,15,5.330037117,19.0387534913,42.1125034053,0,0,5.330037117,
MC_G0_D045_DENS_REF_V_HIGH_S015,MC_G0_D045_DENS_REF_V_HIGH,15,5.34004545212,19.7930862122,37.9249167974,0,0,5.34004545212,
MC_G0_D045_DENS_REF_V_HIGH_S015,MC_G0_D045_DENS_REF_V_HIGH,15,5.35000133514,17.3268723008,33.874299147,0,0,5.35000133514,
MC_G0_D045_DENS_REF_V_HIGH_S015,MC_G0_D045_DENS_REF_V_HIGH,15,5.36000967026,18.0994599463,35.535610655,0,0,5.36000967026,
MC_G0_D045_DENS_REF_V_HIGH_S015,MC_G0_D045_DENS_REF_V_HIGH,15,5.37001800537,17.9241438994,31.7494928024,0,0,5.37001800537,
MC_G0_D045_DENS_REF_V_HIGH_S015,MC_G0_D045_DENS_REF_V_HIGH,15,5.38002634048,19.2244910555,33.9716690125,0,0,5.38002634048,
MC_G0_D045_DENS_REF_V_HIGH_S015,MC_G0_D045_DENS_REF_V_HIGH,15,5.3900346756,18.5260283511,35.7158993813,0,0,5.3900346756,
MC_G0_D045_DENS_REF_V_HIGH_S015,MC_G0_D045_DENS_REF_V_HIGH,15,5.40004348755,19.7137681657,35.7435068333,0,0,5.40004348755,
MC_G0_D045_DENS_REF_V_HIGH_S015,MC_G0_D045_DENS_REF_V_HIGH,15,5.41005182266,21.0172652633,38.6627529885,0,0,5.41005182266,
MC_G0_D045_DENS_REF_V_HIGH_S015,MC_G0_D045_DENS_REF_V_HIGH,15,5.42000770569,20.7859594653,37.829817963,0,0,5.42000770569,
MC_G0_D045_DENS_REF_V_HIGH_S015,MC_G0_D045_DENS_REF_V_HIGH,15,5.4300160408,17.3932620783,35.5213874234,0,0,5.4300160408,
MC_G0_D045_DENS_REF_V_HIGH_S015,MC_G0_D045_DENS_REF_V_HIGH,15,5.44002437592,16.2973249472,44.1646088292,0,0,5.44002437592,
MC_G0_D045_DENS_REF_V_HIGH_S015,MC_G0_D045_DENS_REF_V_HIGH,15,5.45003271103,18.6494455797,37.8805983216,0,0,5.45003271103,
MC_G0_D045_DENS_REF_V_HIGH_S015,MC_G0_D045_DENS_REF_V_HIGH,15,5.46004104614,18.3052315687,36.54812859,0,0,5.46004104614,
MC_G0_D045_DENS_REF_V_HIGH_S015,MC_G0_D045_DENS_REF_V_HIGH,15,5.47004985809,17.3382731859,35.0015523082,0,0,5.47004985809,
MC_G0_D045_DENS_REF_V_HIGH_S015,MC_G0_D045_DENS_REF_V_HIGH,15,5.48000526428,19.5666358066,37.2303564829,0,0,5.48000526428,
MC_G0_D045_DENS_REF_V_HIGH_S015,MC_G0_D045_DENS_REF_V_HIGH,15,5.49001407623,20.2632487646,36.2562410612,0,0,5.49001407623,
MC_G0_D045_DENS_REF_V_HIGH_S015,MC_G0_D045_DENS_REF_V_HIGH,15,5.50002241135,19.8899300302,37.0320837759,0,0,5.50002241135,
MC_G0_D045_DENS_REF_V_HIGH_S015,MC_G0_D045_DENS_REF_V_HIGH,15,5.51003074646,20.8433507255,42.4988332605,0,0,5.51003074646,
MC_G0_D045_DENS_REF_V_HIGH_S015,MC_G0_D045_DENS_REF_V_HIGH,15,5.52003908157,19.6087302014,37.4563367695,0,0,5.52003908157,
MC_G0_D045_DENS_REF_V_HIGH_S015,MC_G0_D045_DENS_REF_V_HIGH,15,5.53004741669,19.6126353921,38.7445758475,0,0,5.53004741669,
MC_G0_D045_DENS_REF_V_HIGH_S015,MC_G0_D045_DENS_REF_V_HIGH,15,5.54000329971,20.0036380091,39.2165538883,0,0,5.54000329971,
MC_G0_D045_DENS_REF_V_HIGH_S015,MC_G0_D045_DENS_REF_V_HIGH,15,5.55001163483,21.6928724705,37.8929411373,0,0,5.55001163483,
MC_G0_D045_DENS_REF_V_HIGH_S015,MC_G0_D045_DENS_REF_V_HIGH,15,5.56001996994,19.6630068264,37.9159084056,0,0,5.56001996994,
MC_G0_D045_DENS_REF_V_HIGH_S015,MC_G0_D045_DENS_REF_V_HIGH,15,5.57002878189,18.4228570188,45.8856452373,0,0,5.57002878189,
MC_G0_D045_DENS_REF_V_HIGH_S015,MC_G0_D045_DENS_REF_V_HIGH,15,5.580037117,20.2507932939,34.8489440403,0,0,5.580037117,
MC_G0_D045_DENS_REF_V_HIGH_S015,MC_G0_D045_DENS_REF_V_HIGH,15,5.59004545212,18.6526292926,39.2943147851,0,0,5.59004545212,
MC_G0_D045_DENS_REF_V_HIGH_S015,MC_G0_D045_DENS_REF_V_HIGH,15,5.60000133514,18.7521870954,37.7296803629,0,0,5.60000133514,
MC_G0_D045_DENS_REF_V_HIGH_S015,MC_G0_D045_DENS_REF_V_HIGH,15,5.61000967026,18.1366697825,36.0504952405,0,0,5.61000967026,
MC_G0_D045_DENS_REF_V_HIGH_S015,MC_G0_D045_DENS_REF_V_HIGH,15,5.62001800537,19.7808210888,38.6799160747,0,0,5.62001800537,
MC_G0_D045_DENS_REF_V_HIGH_S015,MC_G0_D045_DENS_REF_V_HIGH,15,5.63002634048,19.3259461914,38.7247293949,0,0,5.63002634048,
MC_G0_D045_DENS_REF_V_HIGH_S015,MC_G0_D045_DENS_REF_V_HIGH,15,5.6400346756,19.8188552518,43.9914746303,0,0,5.6400346756,
MC_G0_D045_DENS_REF_V_HIGH_S015,MC_G0_D045_DENS_REF_V_HIGH,15,5.65004348755,20.1400080678,42.5232536495,0,0,5.65004348755,
MC_G0_D045_DENS_REF_V_HIGH_S015,MC_G0_D045_DENS_REF_V_HIGH,15,5.66005182266,20.7978792004,40.3812547111,0,0,5.66005182266,
MC_G0_D045_DENS_REF_V_HIGH_S015,MC_G0_D045_DENS_REF_V_HIGH,15,5.67000770569,19.9769034172,41.8173823331,0,0,5.67000770569,
MC_G0_D045_DENS_REF_V_HIGH_S015,MC_G0_D045_DENS_REF_V_HIGH,15,5.6800160408,15.6857343159,42.0331889635,0,0,5.6800160408,
MC_G0_D045_DENS_REF_V_HIGH_S015,MC_G0_D045_DENS_REF_V_HIGH,15,5.69002437592,16.7890059602,41.7276863815,0,0,5.69002437592,
MC_G0_D045_DENS_REF_V_HIGH_S015,MC_G0_D045_DENS_REF_V_HIGH,15,5.70003271103,20.6012258299,40.5647102357,0,0,5.70003271103,
MC_G0_D045_DENS_REF_V_HIGH_S015,MC_G0_D045_DENS_REF_V_HIGH,15,5.71004104614,19.2515157736,39.9843738094,0,0,5.71004104614,
MC_G0_D045_DENS_REF_V_HIGH_S015,MC_G0_D045_DENS_REF_V_HIGH,15,5.72004938126,18.9817337155,37.1468547804,0,0,5.72004938126,
MC_G0_D045_DENS_REF_V_HIGH_S015,MC_G0_D045_DENS_REF_V_HIGH,15,5.73000526428,20.4386891513,39.8687547952,0,0,5.73000526428,
MC_G0_D045_DENS_REF_V_HIGH_S015,MC_G0_D045_DENS_REF_V_HIGH,15,5.7400135994,21.5098749871,42.0554952685,0,0,5.7400135994,
MC_G0_D045_DENS_REF_V_HIGH_S015,MC_G0_D045_DENS_REF_V_HIGH,15,5.75002193451,20.1230763642,39.4400284273,0,0,5.75002193451,
MC_G0_D045_DENS_REF_V_HIGH_S015,MC_G0_D045_DENS_REF_V_HIGH,15,5.76003074646,20.3050269372,45.0235909015,0,0,5.76003074646,
MC_G0_D045_DENS_REF_V_HIGH_S015,MC_G0_D045_DENS_REF_V_HIGH,15,5.77003908157,21.2159433769,43.3057392438,0,0,5.77003908157,
MC_G0_D045_DENS_REF_V_HIGH_S015,MC_G0_D045_DENS_REF_V_HIGH,15,5.78004741669,19.8114992479,43.0236085846,0,0,5.78004741669,
MC_G0_D045_DENS_REF_V_HIGH_S015,MC_G0_D045_DENS_REF_V_HIGH,15,5.79000329971,20.7375268109,45.0196805213,0,0,5.79000329971,
MC_G0_D045_DENS_REF_V_HIGH_S015,MC_G0_D045_DENS_REF_V_HIGH,15,5.80001163483,21.473107248,42.8738943092,0,0,5.80001163483,
MC_G0_D045_DENS_REF_V_HIGH_S015,MC_G0_D045_DENS_REF_V_HIGH,15,5.81001996994,21.3671850896,46.7380402611,0,0,5.81001996994,
MC_G0_D045_DENS_REF_V_HIGH_S015,MC_G0_D045_DENS_REF_V_HIGH,15,5.82002830505,20.8794906254,40.2410907629,0,0,5.82002830505,
MC_G0_D045_DENS_REF_V_HIGH_S015,MC_G0_D045_DENS_REF_V_HIGH,15,5.83003664017,20.5531585196,42.4930726245,0,0,5.83003664017,
MC_G0_D045_DENS_REF_V_HIGH_S015,MC_G0_D045_DENS_REF_V_HIGH,15,5.84004545212,20.6075410637,41.2552246685,0,0,5.84004545212,
MC_G0_D045_DENS_REF_V_HIGH_S015,MC_G0_D045_DENS_REF_V_HIGH,15,5.85000085831,21.4908417875,42.7533385081,0,0,5.85000085831,
MC_G0_D045_DENS_REF_V_HIGH_S015,MC_G0_D045_DENS_REF_V_HIGH,15,5.86000919342,20.5283381466,42.075147148,0,0,5.86000919342,
MC_G0_D045_DENS_REF_V_HIGH_S015,MC_G0_D045_DENS_REF_V_HIGH,15,5.87001800537,19.3143396084,40.1580074739,0,0,5.87001800537,
MC_G0_D045_DENS_REF_V_HIGH_S015,MC_G0_D045_DENS_REF_V_HIGH,15,5.88002634048,22.9006478784,47.0219472837,0,0,5.88002634048,
MC_G0_D045_DENS_REF_V_HIGH_S015,MC_G0_D045_DENS_REF_V_HIGH,15,5.8900346756,21.0505560933,45.711667638,0,0,5.8900346756,
MC_G0_D045_DENS_REF_V_HIGH_S015,MC_G0_D045_DENS_REF_V_HIGH,15,5.90004301071,19.9977126804,43.8220141831,0,0,5.90004301071,
MC_G0_D045_DENS_REF_V_HIGH_S015,MC_G0_D045_DENS_REF_V_HIGH,15,5.91005134583,20.3742335484,46.3484687089,0,0,5.91005134583,
MC_G0_D045_DENS_REF_V_HIGH_S015,MC_G0_D045_DENS_REF_V_HIGH,15,5.92000722885,18.3817404568,51.6898385746,0,0,5.92000722885,
MC_G0_D045_DENS_REF_V_HIGH_S015,MC_G0_D045_DENS_REF_V_HIGH,15,5.93001556396,19.5806601079,46.3320448864,0,0,5.93001556396,
MC_G0_D045_DENS_REF_V_HIGH_S015,MC_G0_D045_DENS_REF_V_HIGH,15,5.94002389908,18.9687025975,42.5499304765,0,0,5.94002389908,
MC_G0_D045_DENS_REF_V_HIGH_S015,MC_G0_D045_DENS_REF_V_HIGH,15,5.95003223419,20.2036761852,44.5886410175,0,0,5.95003223419,
MC_G0_D045_DENS_REF_V_HIGH_S015,MC_G0_D045_DENS_REF_V_HIGH,15,5.96004104614,21.4335057894,43.5153268538,0,0,5.96004104614,
MC_G0_D045_DENS_REF_V_HIGH_S015,MC_G0_D045_DENS_REF_V_HIGH,15,5.97004938126,20.3235535673,44.4914670074,0,0,5.97004938126,
MC_G0_D045_DENS_REF_V_HIGH_S015,MC_G0_D045_DENS_REF_V_HIGH,15,5.98000478745,19.226371503,42.302477746,0,0,5.98000478745,
MC_G0_D045_DENS_REF_V_HIGH_S015,MC_G0_D045_DENS_REF_V_HIGH,15,5.9900135994,20.8044308333,45.3429629893,0,0,5.9900135994,
MC_G0_D045_DENS_REF_V_HIGH_S015,MC_G0_D045_DENS_REF_V_HIGH,15,6.00002193451,21.4664896075,44.2120200693,0,0,6.00002193451,
MC_G0_D045_DENS_REF_V_HIGH_S015,MC_G0_D045_DENS_REF_V_HIGH,15,6.01003026962,22.1567044386,46.792814546,0,0,6.01003026962,
MC_G0_D045_DENS_REF_V_HIGH_S015,MC_G0_D045_DENS_REF_V_HIGH,15,6.02003860474,19.7697410311,44.0746176192,0,0,6.02003860474,
MC_G0_D045_DENS_REF_V_HIGH_S015,MC_G0_D045_DENS_REF_V_HIGH,15,6.03004693985,20.6882913205,45.0439905436,0,0,6.03004693985,
MC_G0_D045_DENS_REF_V_HIGH_S015,MC_G0_D045_DENS_REF_V_HIGH,15,6.04000282288,21.0419106396,45.524994954,0,0,6.04000282288,
MC_G0_D045_DENS_REF_V_HIGH_S015,MC_G0_D045_DENS_REF_V_HIGH,15,6.05001115799,20.956452356,51.579181381,0,0,6.05001115799,
MC_G0_D045_DENS_REF_V_HIGH_S015,MC_G0_D045_DENS_REF_V_HIGH,15,6.0600194931,21.0536615181,47.3203681569,0,0,6.0600194931,
MC_G0_D045_DENS_REF_V_HIGH_S015,MC_G0_D045_DENS_REF_V_HIGH,15,6.07002782822,20.9520237101,45.9747778206,0,0,6.07002782822,
MC_G0_D045_DENS_REF_V_HIGH_S015,MC_G0_D045_DENS_REF_V_HIGH,15,6.08003664017,18.0886423838,43.3764654982,0,0,6.08003664017,
MC_G0_D045_DENS_REF_V_HIGH_S015,MC_G0_D045_DENS_REF_V_HIGH,15,6.09004497528,21.2824636345,46.2660203883,0,0,6.09004497528,
MC_G0_D045_DENS_REF_V_HIGH_S015,MC_G0_D045_DENS_REF_V_HIGH,15,6.10000038147,20.6857001405,48.2359617063,0,0,6.10000038147,
MC_G0_D045_DENS_REF_V_HIGH_S015,MC_G0_D045_DENS_REF_V_HIGH,15,6.11000871658,21.9511676802,46.9315510638,0,0,6.11000871658,
MC_G0_D045_DENS_REF_V_HIGH_S015,MC_G0_D045_DENS_REF_V_HIGH,15,6.12001752853,20.6717525921,45.9619373214,0,0,6.12001752853,
MC_G0_D045_DENS_REF_V_HIGH_S015,MC_G0_D045_DENS_REF_V_HIGH,15,6.13002586365,19.9690162828,45.0062373955,0,0,6.13002586365,
MC_G0_D045_DENS_REF_V_HIGH_S015,MC_G0_D045_DENS_REF_V_HIGH,15,6.14003419876,21.437252869,47.037835233,0,0,6.14003419876,
MC_G0_D045_DENS_REF_V_HIGH_S015,MC_G0_D045_DENS_REF_V_HIGH,15,6.15004253387,20.2482205346,50.5154564976,0,0,6.15004253387,
MC_G0_D045_DENS_REF_V_HIGH_S015,MC_G0_D045_DENS_REF_V_HIGH,15,6.16005086899,20.5249610162,49.4945451602,0,0,6.16005086899,
MC_G0_D045_DENS_REF_V_HIGH_S015,MC_G0_D045_DENS_REF_V_HIGH,15,6.17000675201,21.5739713861,52.7127476853,0,0,6.17000675201,
MC_G0_D045_DENS_REF_V_HIGH_S015,MC_G0_D045_DENS_REF_V_HIGH,15,6.18001508713,20.8762086688,54.660057017,0,0,6.18001508713,
MC_G0_D045_DENS_REF_V_HIGH_S015,MC_G0_D045_DENS_REF_V_HIGH,15,6.19002342224,21.5900879732,48.9719079779,0,0,6.19002342224,
MC_G0_D045_DENS_REF_V_HIGH_S015,MC_G0_D045_DENS_REF_V_HIGH,15,6.20003175735,19.5389740389,46.7447496388,0,0,6.20003175735,
MC_G0_D045_DENS_REF_V_HIGH_S015,MC_G0_D045_DENS_REF_V_HIGH,15,6.21004056931,19.7627135299,44.6963542611,0,0,6.21004056931,
MC_G0_D045_DENS_REF_V_HIGH_S015,MC_G0_D045_DENS_REF_V_HIGH,15,6.22004890442,18.551726778,50.5267296572,0,0,6.22004890442,
MC_G0_D045_DENS_REF_V_HIGH_S015,MC_G0_D045_DENS_REF_V_HIGH,15,6.23000431061,21.2575895344,44.1559999932,0,0,6.23000431061,
MC_G0_D045_DENS_REF_V_HIGH_S015,MC_G0_D045_DENS_REF_V_HIGH,15,6.24001264572,19.0172688021,47.9010647518,0,0,6.24001264572,
MC_G0_D045_DENS_REF_V_HIGH_S015,MC_G0_D045_DENS_REF_V_HIGH,15,6.25002145767,20.4718679219,47.0463470528,0,0,6.25002145767,
MC_G0_D045_DENS_REF_V_HIGH_S015,MC_G0_D045_DENS_REF_V_HIGH,15,6.26002979279,22.872396648,54.3499643294,0,0,6.26002979279,
MC_G0_D045_DENS_REF_V_HIGH_S015,MC_G0_D045_DENS_REF_V_HIGH,15,6.2700381279,22.5134368578,52.4267964144,0,0,6.2700381279,
MC_G0_D045_DENS_REF_V_HIGH_S015,MC_G0_D045_DENS_REF_V_HIGH,15,6.28004646301,21.3076508866,54.1766016614,0,0,6.28004646301,
MC_G0_D045_DENS_REF_V_HIGH_S015,MC_G0_D045_DENS_REF_V_HIGH,15,6.29000234604,19.9510299935,51.1761775206,0,0,6.29000234604,
MC_G0_D045_DENS_REF_V_HIGH_S015,MC_G0_D045_DENS_REF_V_HIGH,15,6.30001068115,20.9281028818,49.9821503086,0,0,6.30001068115,
MC_G0_D045_DENS_REF_V_HIGH_S015,MC_G0_D045_DENS_REF_V_HIGH,15,6.31001901627,21.7201105618,49.892552259,0,0,6.31001901627,
MC_G0_D045_DENS_REF_V_HIGH_S015,MC_G0_D045_DENS_REF_V_HIGH,15,6.32002735138,20.5112360515,48.7203245552,0,0,6.32002735138,
MC_G0_D045_DENS_REF_V_HIGH_S015,MC_G0_D045_DENS_REF_V_HIGH,15,6.33003568649,19.7821949668,50.1825784433,0,0,6.33003568649,
MC_G0_D045_DENS_REF_V_HIGH_S015,MC_G0_D045_DENS_REF_V_HIGH,15,6.34004402161,21.6838355767,51.3938558665,0,0,6.34004402161,
MC_G0_D045_DENS_REF_V_HIGH_S015,MC_G0_D045_DENS_REF_V_HIGH,15,6.35005283356,20.6240276,50.2352609847,0,0,6.35005283356,
MC_G0_D045_DENS_REF_V_HIGH_S015,MC_G0_D045_DENS_REF_V_HIGH,15,6.36000823975,21.1247148056,48.9222047862,0,0,6.36000823975,
MC_G0_D045_DENS_REF_V_HIGH_S015,MC_G0_D045_DENS_REF_V_HIGH,15,6.37001657486,23.1639611969,54.1353863876,0,0,6.37001657486,
MC_G0_D045_DENS_REF_V_HIGH_S015,MC_G0_D045_DENS_REF_V_HIGH,15,6.38002538681,20.4640206991,52.0952513501,0,0,6.38002538681,
MC_G0_D045_DENS_REF_V_HIGH_S015,MC_G0_D045_DENS_REF_V_HIGH,15,6.39003372192,21.0218105737,53.0599382065,0,0,6.39003372192,
MC_G0_D045_DENS_REF_V_HIGH_S015,MC_G0_D045_DENS_REF_V_HIGH,15,6.40004205704,21.7635158972,48.7903515076,0,0,6.40004205704,
MC_G0_D045_DENS_REF_V_HIGH_S015,MC_G0_D045_DENS_REF_V_HIGH,15,6.41005039215,20.6486100389,48.5657538431,0,0,6.41005039215,
MC_G0_D045_DENS_REF_V_HIGH_S015,MC_G0_D045_DENS_REF_V_HIGH,15,6.42000627518,17.7654648247,52.8323692867,0,0,6.42000627518,
MC_G0_D045_DENS_REF_V_HIGH_S015,MC_G0_D045_DENS_REF_V_HIGH,15,6.43001461029,21.3838988147,52.407695626,0,0,6.43001461029,
MC_G0_D045_DENS_REF_V_HIGH_S015,MC_G0_D045_DENS_REF_V_HIGH,15,6.4400229454,21.2982793499,52.3604833578,0,0,6.4400229454,
MC_G0_D045_DENS_REF_V_HIGH_S015,MC_G0_D045_DENS_REF_V_HIGH,15,6.45003128052,20.9211076168,52.1153691483,0,0,6.45003128052,
MC_G0_D045_DENS_REF_V_HIGH_S015,MC_G0_D045_DENS_REF_V_HIGH,15,6.46003961563,20.5053322136,57.9528459473,0,0,6.46003961563,
MC_G0_D045_DENS_REF_V_HIGH_S015,MC_G0_D045_DENS_REF_V_HIGH,15,6.47004795074,23.1713033852,52.2066041416,0,0,6.47004795074,
MC_G0_D045_DENS_REF_V_HIGH_S015,MC_G0_D045_DENS_REF_V_HIGH,15,6.48000383377,22.2410651547,51.8207447027,0,0,6.48000383377,
MC_G0_D045_DENS_REF_V_HIGH_S015,MC_G0_D045_DENS_REF_V_HIGH,15,6.49001216888,20.7784852618,52.9279517209,0,0,6.49001216888,
MC_G0_D045_DENS_REF_V_HIGH_S015,MC_G0_D045_DENS_REF_V_HIGH,15,6.500020504,20.7503368803,53.9249181887,0,0,6.500020504,
MC_G0_D045_DENS_REF_V_HIGH_S015,MC_G0_D045_DENS_REF_V_HIGH,15,6.51002883911,20.5773556586,53.255123249,0,0,6.51002883911,
MC_G0_D045_DENS_REF_V_HIGH_S015,MC_G0_D045_DENS_REF_V_HIGH,15,6.52003717422,22.2220442356,51.5436436961,0,0,6.52003717422,
MC_G0_D045_DENS_REF_V_HIGH_S015,MC_G0_D045_DENS_REF_V_HIGH,15,6.53004598618,21.7163235707,55.007825048,0,0,6.53004598618,
MC_G0_D045_DENS_REF_V_HIGH_S015,MC_G0_D045_DENS_REF_V_HIGH,15,6.54000139236,19.773779772,50.0851592379,0,0,6.54000139236,
MC_G0_D045_DENS_REF_V_HIGH_S015,MC_G0_D045_DENS_REF_V_HIGH,15,6.55000972748,21.2489072392,53.2511193585,0,0,6.55000972748,
MC_G0_D045_DENS_REF_V_HIGH_S015,MC_G0_D045_DENS_REF_V_HIGH,15,6.56001853943,22.3109732881,53.9739215651,0,0,6.56001853943,
MC_G0_D045_DENS_REF_V_HIGH_S015,MC_G0_D045_DENS_REF_V_HIGH,15,6.57002687454,20.7101474941,52.6803040355,0,0,6.57002687454,
MC_G0_D045_DENS_REF_V_HIGH_S015,MC_G0_D045_DENS_REF_V_HIGH,15,6.58003520966,22.4501187338,54.7646651478,0,0,6.58003520966,
MC_G0_D045_DENS_REF_V_HIGH_S015,MC_G0_D045_DENS_REF_V_HIGH,15,6.59004354477,23.4011692977,54.2484705787,0,0,6.59004354477,
MC_G0_D045_DENS_REF_V_HIGH_S015,MC_G0_D045_DENS_REF_V_HIGH,15,6.60005187988,20.2469310848,53.7325953913,0,0,6.60005187988,
MC_G0_D045_DENS_REF_V_HIGH_S015,MC_G0_D045_DENS_REF_V_HIGH,15,6.61000776291,22.4422300643,54.0670637771,0,0,6.61000776291,
MC_G0_D045_DENS_REF_V_HIGH_S015,MC_G0_D045_DENS_REF_V_HIGH,15,6.62001609802,20.9107183358,54.6906419,0,0,6.62001609802,
MC_G0_D045_DENS_REF_V_HIGH_S015,MC_G0_D045_DENS_REF_V_HIGH,15,6.63002443314,20.6038062645,56.7556176917,0,0,6.63002443314,
MC_G0_D045_DENS_REF_V_HIGH_S015,MC_G0_D045_DENS_REF_V_HIGH,15,6.64003276825,25.8411229504,57.8354133028,0,0,6.64003276825,
MC_G0_D045_DENS_REF_V_HIGH_S015,MC_G0_D045_DENS_REF_V_HIGH,15,6.65004110336,22.9163085529,65.1582226404,0,0,6.65004110336,
MC_G0_D045_DENS_REF_V_HIGH_S015,MC_G0_D045_DENS_REF_V_HIGH,15,6.66004943848,23.4850618208,56.8951939303,0,0,6.66004943848,
MC_G0_D045_DENS_REF_V_HIGH_S015,MC_G0_D045_DENS_REF_V_HIGH,15,6.6700053215,22.030622347,55.7497230096,0,0,6.6700053215,
MC_G0_D045_DENS_REF_V_HIGH_S015,MC_G0_D045_DENS_REF_V_HIGH,15,6.68001365662,22.4557554714,53.8906392141,0,0,6.68001365662,
MC_G0_D045_DENS_REF_V_HIGH_S015,MC_G0_D045_DENS_REF_V_HIGH,15,6.69002199173,22.7692253158,57.0777767855,0,0,6.69002199173,
MC_G0_D045_DENS_REF_V_HIGH_S015,MC_G0_D045_DENS_REF_V_HIGH,15,6.70003032684,20.6838872355,54.3174691591,0,0,6.70003032684,
MC_G0_D045_DENS_REF_V_HIGH_S015,MC_G0_D045_DENS_REF_V_HIGH,15,6.71003866196,22.0604516184,58.4729038515,0,0,6.71003866196,
MC_G0_D045_DENS_REF_V_HIGH_S015,MC_G0_D045_DENS_REF_V_HIGH,15,6.72004747391,21.6938994251,56.3837135236,0,0,6.72004747391,
MC_G0_D045_DENS_REF_V_HIGH_S015,MC_G0_D045_DENS_REF_V_HIGH,15,6.7300028801,22.527459624,57.0015404572,0,0,6.7300028801,
MC_G0_D045_DENS_REF_V_HIGH_S015,MC_G0_D045_DENS_REF_V_HIGH,15,6.74001121521,22.2731831994,60.1278960628,0,0,6.74001121521,
MC_G0_D045_DENS_REF_V_HIGH_S015,MC_G0_D045_DENS_REF_V_HIGH,15,6.75001955032,21.7618994798,57.7821555816,0,0,6.75001955032,
MC_G0_D045_DENS_REF_V_HIGH_S015,MC_G0_D045_DENS_REF_V_HIGH,15,6.76002836227,20.4537250567,58.7852305556,0,0,6.76002836227,
MC_G0_D045_DENS_REF_V_HIGH_S015,MC_G0_D045_DENS_REF_V_HIGH,15,6.77003669739,22.3735407681,60.2327455838,0,0,6.77003669739,
MC_G0_D045_DENS_REF_V_HIGH_S015,MC_G0_D045_DENS_REF_V_HIGH,15,6.7800450325,23.6916009728,57.2569561688,0,0,6.7800450325,
MC_G0_D045_DENS_REF_V_HIGH_S015,MC_G0_D045_DENS_REF_V_HIGH,15,6.79000091553,19.4706285959,56.570340921,0,0,6.79000091553,
MC_G0_D045_DENS_REF_V_HIGH_S015,MC_G0_D045_DENS_REF_V_HIGH,15,6.80000925064,23.1227417859,60.4592753371,0,0,6.80000925064,
MC_G0_D045_DENS_REF_V_HIGH_S015,MC_G0_D045_DENS_REF_V_HIGH,15,6.81001758575,21.9824521878,57.540869064,0,0,6.81001758575,
MC_G0_D045_DENS_REF_V_HIGH_S015,MC_G0_D045_DENS_REF_V_HIGH,15,6.82002592087,23.8422808538,58.0898678241,0,0,6.82002592087,
MC_G0_D045_DENS_REF_V_HIGH_S015,MC_G0_D045_DENS_REF_V_HIGH,15,6.83003425598,20.6356556738,57.2691057229,0,0,6.83003425598,
MC_G0_D045_DENS_REF_V_HIGH_S015,MC_G0_D045_DENS_REF_V_HIGH,15,6.84004259109,23.2371083052,55.0698950804,0,0,6.84004259109,
MC_G0_D045_DENS_REF_V_HIGH_S015,MC_G0_D045_DENS_REF_V_HIGH,15,6.85005092621,21.0178577962,58.0248650084,0,0,6.85005092621,
MC_G0_D045_DENS_REF_V_HIGH_S015,MC_G0_D045_DENS_REF_V_HIGH,15,6.86000680923,20.8660665323,59.3920323811,0,0,6.86000680923,
MC_G0_D045_DENS_REF_V_HIGH_S015,MC_G0_D045_DENS_REF_V_HIGH,15,6.87001514435,21.8243963471,62.4420632414,0,0,6.87001514435,
MC_G0_D045_DENS_REF_V_HIGH_S015,MC_G0_D045_DENS_REF_V_HIGH,15,6.88002347946,21.1743831828,60.6178235929,0,0,6.88002347946,
MC_G0_D045_DENS_REF_V_HIGH_S015,MC_G0_D045_DENS_REF_V_HIGH,15,6.89003181458,21.0814199945,58.4203618525,0,0,6.89003181458,
MC_G0_D045_DENS_REF_V_HIGH_S015,MC_G0_D045_DENS_REF_V_HIGH,15,6.90004014969,26.6065434043,59.9913390337,0,0,6.90004014969,
MC_G0_D045_DENS_REF_V_HIGH_S015,MC_G0_D045_DENS_REF_V_HIGH,15,6.9100484848,22.0347363058,57.5698703197,0,0,6.9100484848,
MC_G0_D045_DENS_REF_V_HIGH_S015,MC_G0_D045_DENS_REF_V_HIGH,15,6.92000436783,21.8323387436,58.8785225605,0,0,6.92000436783,
MC_G0_D045_DENS_REF_V_HIGH_S015,MC_G0_D045_DENS_REF_V_HIGH,15,6.93001270294,20.5871478015,56.608046954,0,0,6.93001270294,
MC_G0_D045_DENS_REF_V_HIGH_S015,MC_G0_D045_DENS_REF_V_HIGH,15,6.94002103806,22.6168537995,60.294560567,0,0,6.94002103806,
MC_G0_D045_DENS_REF_V_HIGH_S015,MC_G0_D045_DENS_REF_V_HIGH,15,6.95002937317,22.1017232214,60.4629909088,0,0,6.95002937317,
MC_G0_D045_DENS_REF_V_HIGH_S015,MC_G0_D045_DENS_REF_V_HIGH,15,6.96003818512,21.4052990757,58.8343277374,0,0,6.96003818512,
MC_G0_D045_DENS_REF_V_HIGH_S015,MC_G0_D045_DENS_REF_V_HIGH,15,6.97004652023,22.4562927421,62.6364743614,0,0,6.97004652023,
MC_G0_D045_DENS_REF_V_HIGH_S015,MC_G0_D045_DENS_REF_V_HIGH,15,6.98000192642,21.290794401,63.7184823524,0,0,6.98000192642,
MC_G0_D045_DENS_REF_V_HIGH_S015,MC_G0_D045_DENS_REF_V_HIGH,15,6.99001026154,21.5859786196,65.9744726745,0,0,6.99001026154,
MC_G0_D045_DENS_REF_V_HIGH_S015,MC_G0_D045_DENS_REF_V_HIGH,15,7.00001907349,20.8722236549,63.7038053458,0,0,7.00001907349,
MC_G0_D045_DENS_REF_V_HIGH_S015,MC_G0_D045_DENS_REF_V_HIGH,15,7.0100274086,20.6895869105,65.3963950191,0,0,7.0100274086,
MC_G0_D045_DENS_REF_V_HIGH_S015,MC_G0_D045_DENS_REF_V_HIGH,15,7.02003574371,22.0352689714,71.2160913834,0,0,7.02003574371,
MC_G0_D045_DENS_REF_V_HIGH_S015,MC_G0_D045_DENS_REF_V_HIGH,15,7.03004407883,21.9151290942,62.1067581319,0,0,7.03004407883,
MC_G0_D045_DENS_REF_V_HIGH_S015,MC_G0_D045_DENS_REF_V_HIGH,15,7.04005241394,21.1289546393,60.0067221624,0,0,7.04005241394,
MC_G0_D045_DENS_REF_V_HIGH_S015,MC_G0_D045_DENS_REF_V_HIGH,15,7.05000829697,21.982484424,61.1207474007,0,0,7.05000829697,
MC_G0_D045_DENS_REF_V_HIGH_S015,MC_G0_D045_DENS_REF_V_HIGH,15,7.06001663208,22.3304884963,60.4140373798,0,0,7.06001663208,
MC_G0_D045_DENS_REF_V_HIGH_S015,MC_G0_D045_DENS_REF_V_HIGH,15,7.07002496719,23.1327304164,60.5052696212,0,0,7.07002496719,
MC_G0_D045_DENS_REF_V_HIGH_S015,MC_G0_D045_DENS_REF_V_HIGH,15,7.08003330231,21.3493338855,62.0300865983,0,0,7.08003330231,
MC_G0_D045_DENS_REF_V_HIGH_S015,MC_G0_D045_DENS_REF_V_HIGH,15,7.09004163742,25.3203909411,65.1915429074,0,0,7.09004163742,
MC_G0_D045_DENS_REF_V_HIGH_S015,MC_G0_D045_DENS_REF_V_HIGH,15,7.10004997253,23.0867308309,64.2686117705,0,0,7.10004997253,
MC_G0_D045_DENS_REF_V_HIGH_S015,MC_G0_D045_DENS_REF_V_HIGH,15,7.11000585556,19.1253860952,64.0930975777,0,0,7.11000585556,
MC_G0_D045_DENS_REF_V_HIGH_S015,MC_G0_D045_DENS_REF_V_HIGH,15,7.12001419067,24.6144049113,66.1969495695,0,0,7.12001419067,
MC_G0_D045_DENS_REF_V_HIGH_S015,MC_G0_D045_DENS_REF_V_HIGH,15,7.13002252579,20.3174409613,64.0095866319,0,0,7.13002252579,
MC_G0_D045_DENS_REF_V_HIGH_S015,MC_G0_D045_DENS_REF_V_HIGH,15,7.1400308609,23.3343128621,66.5235972517,0,0,7.1400308609,
MC_G0_D045_DENS_REF_V_HIGH_S015,MC_G0_D045_DENS_REF_V_HIGH,15,7.15003919601,21.3063000345,63.2498575688,0,0,7.15003919601,
MC_G0_D045_DENS_REF_V_HIGH_S015,MC_G0_D045_DENS_REF_V_HIGH,15,7.16004753113,21.9446406083,63.190679129,0,0,7.16004753113,
MC_G0_D045_DENS_REF_V_HIGH_S015,MC_G0_D045_DENS_REF_V_HIGH,15,7.17000341415,22.1525904798,66.4579159179,0,0,7.17000341415,
MC_G0_D045_DENS_REF_V_HIGH_S015,MC_G0_D045_DENS_REF_V_HIGH,15,7.18001174927,25.5213915994,65.1435420818,0,0,7.18001174927,
MC_G0_D045_DENS_REF_V_HIGH_S015,MC_G0_D045_DENS_REF_V_HIGH,15,7.19002008438,24.6718437584,64.3095964692,0,0,7.19002008438,
MC_G0_D045_DENS_REF_V_HIGH_S015,MC_G0_D045_DENS_REF_V_HIGH,15,7.20002841949,22.3912998685,65.2991420091,0,0,7.20002841949,
MC_G0_D045_DENS_REF_V_HIGH_S015,MC_G0_D045_DENS_REF_V_HIGH,15,7.21003675461,21.8857772263,63.8511386779,0,0,7.21003675461,
MC_G0_D045_DENS_REF_V_HIGH_S015,MC_G0_D045_DENS_REF_V_HIGH,15,7.22004508972,21.5254005764,67.5545159729,0,0,7.22004508972,
MC_G0_D045_DENS_REF_V_HIGH_S015,MC_G0_D045_DENS_REF_V_HIGH,15,7.23000097275,21.4305983872,66.1762162422,0,0,7.23000097275,
MC_G0_D045_DENS_REF_V_HIGH_S015,MC_G0_D045_DENS_REF_V_HIGH,15,7.24000930786,23.2004710461,67.182655004,0,0,7.24000930786,
MC_G0_D045_DENS_REF_V_HIGH_S015,MC_G0_D045_DENS_REF_V_HIGH,15,7.25001764297,19.7731289069,68.6022092543,0,0,7.25001764297,
MC_G0_D045_DENS_REF_V_HIGH_S015,MC_G0_D045_DENS_REF_V_HIGH,15,7.26002597809,20.8470364028,66.521055063,0,0,7.26002597809,
MC_G0_D045_DENS_REF_V_HIGH_S015,MC_G0_D045_DENS_REF_V_HIGH,15,7.27003479004,22.1891985728,64.7816185866,0,0,7.27003479004,
MC_G0_D045_DENS_REF_V_HIGH_S015,MC_G0_D045_DENS_REF_V_HIGH,15,7.28004312515,19.6060146816,64.551433561,0,0,7.28004312515,
MC_G0_D045_DENS_REF_V_HIGH_S015,MC_G0_D045_DENS_REF_V_HIGH,15,7.29005146027,24.1273321462,67.085702072,0,0,7.29005146027,
MC_G0_D045_DENS_REF_V_HIGH_S015,MC_G0_D045_DENS_REF_V_HIGH,15,7.30000686646,21.6384500149,63.4832973459,0,0,7.30000686646,
MC_G0_D045_DENS_REF_V_HIGH_S015,MC_G0_D045_DENS_REF_V_HIGH,15,7.31001520157,24.4445306495,64.7104364443,0,0,7.31001520157,
MC_G0_D045_DENS_REF_V_HIGH_S015,MC_G0_D045_DENS_REF_V_HIGH,15,7.32002401352,23.4091439305,65.5661564935,0,0,7.32002401352,
MC_G0_D045_DENS_REF_V_HIGH_S015,MC_G0_D045_DENS_REF_V_HIGH,15,7.33003234863,25.1181591653,68.2094298198,0,0,7.33003234863,
MC_G0_D045_DENS_REF_V_HIGH_S015,MC_G0_D045_DENS_REF_V_HIGH,15,7.34004068375,22.5156688339,65.7876248211,0,0,7.34004068375,
MC_G0_D045_DENS_REF_V_HIGH_S015,MC_G0_D045_DENS_REF_V_HIGH,15,7.35004901886,24.1030643945,69.565732971,0,0,7.35004901886,
MC_G0_D045_DENS_REF_V_HIGH_S015,MC_G0_D045_DENS_REF_V_HIGH,15,7.36000490189,24.9576948167,68.2757719893,0,0,7.36000490189,
MC_G0_D045_DENS_REF_V_HIGH_S015,MC_G0_D045_DENS_REF_V_HIGH,15,7.370013237,18.4244273845,65.2519749611,0,0,7.370013237,
MC_G0_D045_DENS_REF_V_HIGH_S015,MC_G0_D045_DENS_REF_V_HIGH,15,7.38002157211,22.0727551183,70.1479135007,0,0,7.38002157211,
MC_G0_D045_DENS_REF_V_HIGH_S015,MC_G0_D045_DENS_REF_V_HIGH,15,7.39002990723,21.8918990426,65.8303230658,0,0,7.39002990723,
MC_G0_D045_DENS_REF_V_HIGH_S015,MC_G0_D045_DENS_REF_V_HIGH,15,7.40003824234,22.6112569735,66.9829016072,0,0,7.40003824234,
MC_G0_D045_DENS_REF_V_HIGH_S015,MC_G0_D045_DENS_REF_V_HIGH,15,7.41004657745,21.1569372344,67.2417330206,0,0,7.41004657745,
MC_G0_D045_DENS_REF_V_HIGH_S015,MC_G0_D045_DENS_REF_V_HIGH,15,7.42000246048,23.6478594594,68.969866649,0,0,7.42000246048,
MC_G0_D045_DENS_REF_V_HIGH_S015,MC_G0_D045_DENS_REF_V_HIGH,15,7.43001079559,22.7564121762,67.1815122316,0,0,7.43001079559,
MC_G0_D045_DENS_REF_V_HIGH_S015,MC_G0_D045_DENS_REF_V_HIGH,15,7.44001913071,23.3173642729,66.8381338815,0,0,7.44001913071,
MC_G0_D045_DENS_REF_V_HIGH_S015,MC_G0_D045_DENS_REF_V_HIGH,15,7.45002746582,22.4260704956,66.313532805,0,0,7.45002746582,
MC_G0_D045_DENS_REF_V_HIGH_S015,MC_G0_D045_DENS_REF_V_HIGH,15,7.46003580093,22.7833800971,70.6835159082,0,0,7.46003580093,
MC_G0_D045_DENS_REF_V_HIGH_S015,MC_G0_D045_DENS_REF_V_HIGH,15,7.47004413605,22.3667112895,72.1877460353,0,0,7.47004413605,
MC_G0_D045_DENS_REF_V_HIGH_S015,MC_G0_D045_DENS_REF_V_HIGH,15,7.48005247116,22.7134627534,69.9653729682,0,0,7.48005247116,
MC_G0_D045_DENS_REF_V_HIGH_S015,MC_G0_D045_DENS_REF_V_HIGH,15,7.49000835419,21.3182781018,70.6801328062,0,0,7.49000835419,
MC_G0_D045_DENS_REF_V_HIGH_S015,MC_G0_D045_DENS_REF_V_HIGH,15,7.5000166893,21.7968481738,71.4360548521,0,0,7.5000166893,
MC_G0_D045_DENS_REF_V_HIGH_S015,MC_G0_D045_DENS_REF_V_HIGH,15,7.51002502441,23.0807655907,66.1939302888,0,0,7.51002502441,
MC_G0_D045_DENS_REF_V_HIGH_S015,MC_G0_D045_DENS_REF_V_HIGH,15,7.52003335953,23.677590487,69.9731149901,0,0,7.52003335953,
MC_G0_D045_DENS_REF_V_HIGH_S015,MC_G0_D045_DENS_REF_V_HIGH,15,7.53004169464,21.3373005561,69.1743119091,0,0,7.53004169464,
MC_G0_D045_DENS_REF_V_HIGH_S015,MC_G0_D045_DENS_REF_V_HIGH,15,7.54005002975,23.3349330261,68.452758901,0,0,7.54005002975,
MC_G0_D045_DENS_REF_V_HIGH_S015,MC_G0_D045_DENS_REF_V_HIGH,15,7.55000591278,23.8134094594,71.8029183984,0,0,7.55000591278,
MC_G0_D045_DENS_REF_V_HIGH_S015,MC_G0_D045_DENS_REF_V_HIGH,15,7.56001424789,24.6536379557,69.0779586835,0,0,7.56001424789,
MC_G0_D045_DENS_REF_V_HIGH_S015,MC_G0_D045_DENS_REF_V_HIGH,15,7.57002258301,23.0280393755,67.9576490961,0,0,7.57002258301,
MC_G0_D045_DENS_REF_V_HIGH_S015,MC_G0_D045_DENS_REF_V_HIGH,15,7.58003091812,23.7020178849,72.2865097395,0,0,7.58003091812,
MC_G0_D045_DENS_REF_V_HIGH_S015,MC_G0_D045_DENS_REF_V_HIGH,15,7.59003925323,22.3895790671,71.1517613649,0,0,7.59003925323,
MC_G0_D045_DENS_REF_V_HIGH_S015,MC_G0_D045_DENS_REF_V_HIGH,15,7.60004758835,21.2006956334,71.2281601864,0,0,7.60004758835,
MC_G0_D045_DENS_REF_V_HIGH_S015,MC_G0_D045_DENS_REF_V_HIGH,15,7.61000347137,22.1787263986,72.8329085293,0,0,7.61000347137,
MC_G0_D045_DENS_REF_V_HIGH_S015,MC_G0_D045_DENS_REF_V_HIGH,15,7.62001180649,23.2719142386,69.7929471156,0,0,7.62001180649,
MC_G0_D045_DENS_REF_V_HIGH_S015,MC_G0_D045_DENS_REF_V_HIGH,15,7.6300201416,20.3860335489,70.7926119847,0,0,7.6300201416,
MC_G0_D045_DENS_REF_V_HIGH_S015,MC_G0_D045_DENS_REF_V_HIGH,15,7.64002847672,21.8042103179,69.9115309424,0,0,7.64002847672,
MC_G0_D045_DENS_REF_V_HIGH_S015,MC_G0_D045_DENS_REF_V_HIGH,15,7.65003681183,22.2984134333,70.7651854757,0,0,7.65003681183,
MC_G0_D045_DENS_REF_V_HIGH_S015,MC_G0_D045_DENS_REF_V_HIGH,15,7.66004562378,22.7500293998,69.3243063514,0,0,7.66004562378,
MC_G0_D045_DENS_REF_V_HIGH_S015,MC_G0_D045_DENS_REF_V_HIGH,15,7.67000102997,22.0749732789,70.5385886499,0,0,7.67000102997,
MC_G0_D045_DENS_REF_V_HIGH_S015,MC_G0_D045_DENS_REF_V_HIGH,15,7.68000936508,23.8950961023,69.8232466537,0,0,7.68000936508,
MC_G0_D045_DENS_REF_V_HIGH_S015,MC_G0_D045_DENS_REF_V_HIGH,15,7.6900177002,23.5574045581,71.3488345521,0,0,7.6900177002,
MC_G0_D045_DENS_REF_V_HIGH_S015,MC_G0_D045_DENS_REF_V_HIGH,15,7.70002603531,22.7448593203,72.5212006467,0,0,7.70002603531,
MC_G0_D045_DENS_REF_V_HIGH_S015,MC_G0_D045_DENS_REF_V_HIGH,15,7.71003437042,23.7691368155,74.2743152154,0,0,7.71003437042,
MC_G0_D045_DENS_REF_V_HIGH_S015,MC_G0_D045_DENS_REF_V_HIGH,15,7.72004318237,25.2012196863,73.1571455422,0,0,7.72004318237,
MC_G0_D045_DENS_REF_V_HIGH_S015,MC_G0_D045_DENS_REF_V_HIGH,15,7.73005151749,19.2150212749,70.4628439366,0,0,7.73005151749,
MC_G0_D045_DENS_REF_V_HIGH_S015,MC_G0_D045_DENS_REF_V_HIGH,15,7.74000692368,22.3582884193,73.7620745615,0,0,7.74000692368,
MC_G0_D045_DENS_REF_V_HIGH_S015,MC_G0_D045_DENS_REF_V_HIGH,15,7.75001525879,21.7288511892,71.2785186463,0,0,7.75001525879,
MC_G0_D045_DENS_REF_V_HIGH_S015,MC_G0_D045_DENS_REF_V_HIGH,15,7.76002407074,20.82701616,71.9031237042,0,0,7.76002407074,
MC_G0_D045_DENS_REF_V_HIGH_S015,MC_G0_D045_DENS_REF_V_HIGH,15,7.77003240585,23.9068654016,73.0930286419,0,0,7.77003240585,
MC_G0_D045_DENS_REF_V_HIGH_S015,MC_G0_D045_DENS_REF_V_HIGH,15,7.78004074097,23.0600822023,72.9297515858,0,0,7.78004074097,
MC_G0_D045_DENS_REF_V_HIGH_S015,MC_G0_D045_DENS_REF_V_HIGH,15,7.79004907608,24.8732527424,73.6407454318,0,0,7.79004907608,
MC_G0_D045_DENS_REF_V_HIGH_S015,MC_G0_D045_DENS_REF_V_HIGH,15,7.80000448227,23.1638153662,72.5664839894,0,0,7.80000448227,
MC_G0_D045_DENS_REF_V_HIGH_S015,MC_G0_D045_DENS_REF_V_HIGH,15,7.81001281738,25.5810808433,75.933256801,0,0,7.81001281738,
MC_G0_D045_DENS_REF_V_HIGH_S015,MC_G0_D045_DENS_REF_V_HIGH,15,7.8200211525,23.7383634827,75.5670634872,0,0,7.8200211525,
MC_G0_D045_DENS_REF_V_HIGH_S015,MC_G0_D045_DENS_REF_V_HIGH,15,7.83002996445,21.7652106026,75.2298010149,0,0,7.83002996445,
MC_G0_D045_DENS_REF_V_HIGH_S015,MC_G0_D045_DENS_REF_V_HIGH,15,7.84003829956,22.39276278,75.4579670999,0,0,7.84003829956,
MC_G0_D045_DENS_REF_V_HIGH_S015,MC_G0_D045_DENS_REF_V_HIGH,15,7.85004663467,21.5708460055,75.3563894649,0,0,7.85004663467,
MC_G0_D045_DENS_REF_V_HIGH_S015,MC_G0_D045_DENS_REF_V_HIGH,15,7.86000204086,20.1842546156,70.97387812,0,0,7.86000204086,
MC_G0_D045_DENS_REF_V_HIGH_S015,MC_G0_D045_DENS_REF_V_HIGH,15,7.87001037598,23.8289043475,75.6824709996,0,0,7.87001037598,
MC_G0_D045_DENS_REF_V_HIGH_S015,MC_G0_D045_DENS_REF_V_HIGH,15,7.88001918793,21.6066343769,74.2214048052,0,0,7.88001918793,
MC_G0_D045_DENS_REF_V_HIGH_S015,MC_G0_D045_DENS_REF_V_HIGH,15,7.89002752304,22.555050779,74.4720909668,0,0,7.89002752304,
MC_G0_D045_DENS_REF_V_HIGH_S015,MC_G0_D045_DENS_REF_V_HIGH,15,7.90003585815,22.9338112985,73.8493791129,0,0,7.90003585815,
MC_G0_D045_DENS_REF_V_HIGH_S015,MC_G0_D045_DENS_REF_V_HIGH,15,7.91004419327,22.644380482,73.6608766383,0,0,7.91004419327,
MC_G0_D045_DENS_REF_V_HIGH_S015,MC_G0_D045_DENS_REF_V_HIGH,15,7.92005252838,24.1558642925,74.8019762992,0,0,7.92005252838,
MC_G0_D045_DENS_REF_V_HIGH_S015,MC_G0_D045_DENS_REF_V_HIGH,15,7.93000793457,23.8538214292,75.1332219911,0,0,7.93000793457,
MC_G0_D045_DENS_REF_V_HIGH_S015,MC_G0_D045_DENS_REF_V_HIGH,15,7.94001674652,22.128061768,75.1625465342,0,0,7.94001674652,
MC_G0_D045_DENS_REF_V_HIGH_S015,MC_G0_D045_DENS_REF_V_HIGH,15,7.95002508163,22.0922012489,75.8148781618,0,0,7.95002508163,
MC_G0_D045_DENS_REF_V_HIGH_S015,MC_G0_D045_DENS_REF_V_HIGH,15,7.96003341675,22.1198184998,75.9989228746,0,0,7.96003341675,
MC_G0_D045_DENS_REF_V_HIGH_S015,MC_G0_D045_DENS_REF_V_HIGH,15,7.97004175186,19.3350675135,76.4817825658,0,0,7.97004175186,
MC_G0_D045_DENS_REF_V_HIGH_S015,MC_G0_D045_DENS_REF_V_HIGH,15,7.98005008698,22.4682017318,76.5378551666,0,0,7.98005008698,
MC_G0_D045_DENS_REF_V_HIGH_S015,MC_G0_D045_DENS_REF_V_HIGH,15,7.99000549316,25.4614091592,78.0653821123,0,0,7.99000549316,
MC_G0_D045_DENS_REF_V_HIGH_S015,MC_G0_D045_DENS_REF_V_HIGH,15,8.00001430511,22.6761116917,75.8033208758,0,0,8.00001430511,
MC_G0_D045_DENS_REF_V_HIGH_S015,MC_G0_D045_DENS_REF_V_HIGH,15,8.01002216339,22.0561181461,76.2076762682,0,0,8.01002216339,
MC_G0_D045_DENS_REF_V_HIGH_S015,MC_G0_D045_DENS_REF_V_HIGH,15,8.02003097534,23.6585695678,74.7791488041,0,0,8.02003097534,
MC_G0_D045_DENS_REF_V_HIGH_S015,MC_G0_D045_DENS_REF_V_HIGH,15,8.03003883362,23.9657333888,77.3457727429,0,0,8.03003883362,
MC_G0_D045_DENS_REF_V_HIGH_S015,MC_G0_D045_DENS_REF_V_HIGH,15,8.04004764557,23.7593646283,77.8411868761,0,0,8.04004764557,
MC_G0_D045_DENS_REF_V_HIGH_S015,MC_G0_D045_DENS_REF_V_HIGH,15,8.05000305176,24.034706671,77.4016512474,0,0,8.05000305176,
MC_G0_D045_DENS_REF_V_HIGH_S015,MC_G0_D045_DENS_REF_V_HIGH,15,8.06001186371,22.678320642,78.7858174416,0,0,8.06001186371,
MC_G0_D045_DENS_REF_V_HIGH_S015,MC_G0_D045_DENS_REF_V_HIGH,15,8.07001972198,21.6521227876,77.7471995255,0,0,8.07001972198,
MC_G0_D045_DENS_REF_V_HIGH_S015,MC_G0_D045_DENS_REF_V_HIGH,15,8.08002853394,23.1963110355,80.8759187328,0,0,8.08002853394,
MC_G0_D045_DENS_REF_V_HIGH_S015,MC_G0_D045_DENS_REF_V_HIGH,15,8.09003639221,20.7221117459,85.1567910729,0,0,8.09003639221,
MC_G0_D045_DENS_REF_V_HIGH_S015,MC_G0_D045_DENS_REF_V_HIGH,15,8.10004520416,20.2218021649,77.4139438208,0,0,8.10004520416,
MC_G0_D045_DENS_REF_V_HIGH_S015,MC_G0_D045_DENS_REF_V_HIGH,15,8.11000061035,24.7923919613,81.2383957555,0,0,8.11000061035,
MC_G0_D045_DENS_REF_V_HIGH_S015,MC_G0_D045_DENS_REF_V_HIGH,15,8.1200094223,24.1214482641,75.9009809609,0,0,8.1200094223,
MC_G0_D045_DENS_REF_V_HIGH_S015,MC_G0_D045_DENS_REF_V_HIGH,15,8.13001728058,24.6989974215,77.7284166791,0,0,8.13001728058,
MC_G0_D045_DENS_REF_V_HIGH_S015,MC_G0_D045_DENS_REF_V_HIGH,15,8.14002609253,24.2371364695,79.166538749,0,0,8.14002609253,
MC_G0_D045_DENS_REF_V_HIGH_S015,MC_G0_D045_DENS_REF_V_HIGH,15,8.15003395081,24.655770153,81.0354779311,0,0,8.15003395081,
MC_G0_D045_DENS_REF_V_HIGH_S015,MC_G0_D045_DENS_REF_V_HIGH,15,8.16004276276,23.6833776604,79.6429837697,0,0,8.16004276276,
MC_G0_D045_DENS_REF_V_HIGH_S015,MC_G0_D045_DENS_REF_V_HIGH,15,8.17005062103,22.4727286215,75.5578161905,0,0,8.17005062103,
MC_G0_D045_DENS_REF_V_HIGH_S015,MC_G0_D045_DENS_REF_V_HIGH,15,8.1800069809,25.9078918876,80.9016690786,0,0,8.1800069809,
MC_G0_D045_DENS_REF_V_HIGH_S015,MC_G0_D045_DENS_REF_V_HIGH,15,8.19001483917,23.186374597,79.51676327,0,0,8.19001483917,
MC_G0_D045_DENS_REF_V_HIGH_S015,MC_G0_D045_DENS_REF_V_HIGH,15,8.20002365112,22.378434537,79.818365556,0,0,8.20002365112,
MC_G0_D045_DENS_REF_V_HIGH_S015,MC_G0_D045_DENS_REF_V_HIGH,15,8.2100315094,26.008892646,84.0804489645,0,0,8.2100315094,
MC_G0_D045_DENS_REF_V_HIGH_S015,MC_G0_D045_DENS_REF_V_HIGH,15,8.22004032135,22.8046759741,81.506571882,0,0,8.22004032135,
MC_G0_D045_DENS_REF_V_HIGH_S015,MC_G0_D045_DENS_REF_V_HIGH,15,8.23004817963,24.7793040462,84.1560654078,0,0,8.23004817963,
MC_G0_D045_DENS_REF_V_HIGH_S015,MC_G0_D045_DENS_REF_V_HIGH,15,8.24000453949,21.7730301944,81.4907428284,0,0,8.24000453949,
MC_G0_D045_DENS_REF_V_HIGH_S015,MC_G0_D045_DENS_REF_V_HIGH,15,8.25001239777,23.1245454805,78.7000355181,0,0,8.25001239777,
MC_G0_D045_DENS_REF_V_HIGH_S015,MC_G0_D045_DENS_REF_V_HIGH,15,8.26002120972,24.4908694831,78.6068319822,0,0,8.26002120972,
MC_G0_D045_DENS_REF_V_HIGH_S015,MC_G0_D045_DENS_REF_V_HIGH,15,8.27002906799,25.2807326854,82.0995827775,0,0,8.27002906799,
MC_G0_D045_DENS_REF_V_HIGH_S015,MC_G0_D045_DENS_REF_V_HIGH,15,8.28003787994,24.5581557352,81.1050110889,0,0,8.28003787994,
MC_G0_D045_DENS_REF_V_HIGH_S015,MC_G0_D045_DENS_REF_V_HIGH,15,8.29004573822,24.0247226457,81.7495922753,0,0,8.29004573822,
MC_G0_D045_DENS_REF_V_HIGH_S015,MC_G0_D045_DENS_REF_V_HIGH,15,8.30000209808,24.957416971,80.8733595655,0,0,8.30000209808,
MC_G0_D045_DENS_REF_V_HIGH_S015,MC_G0_D045_DENS_REF_V_HIGH,15,8.31000995636,22.7194940012,82.0812048136,0,0,8.31000995636,
MC_G0_D045_DENS_REF_V_HIGH_S015,MC_G0_D045_DENS_REF_V_HIGH,15,8.32001876831,23.8846101126,83.2875046921,0,0,8.32001876831,
MC_G0_D045_DENS_REF_V_HIGH_S015,MC_G0_D045_DENS_REF_V_HIGH,15,8.33002662659,19.6510134084,83.2227835107,0,0,8.33002662659,
MC_G0_D045_DENS_REF_V_HIGH_S015,MC_G0_D045_DENS_REF_V_HIGH,15,8.34003543854,22.8589955807,82.4619368062,0,0,8.34003543854,
MC_G0_D045_DENS_REF_V_HIGH_S015,MC_G0_D045_DENS_REF_V_HIGH,15,8.35004329681,20.5224911059,85.6758251663,0,0,8.35004329681,
MC_G0_D045_DENS_REF_V_HIGH_S015,MC_G0_D045_DENS_REF_V_HIGH,15,8.36005210876,24.6001641667,80.7728958345,0,0,8.36005210876,
MC_G0_D045_DENS_REF_V_HIGH_S015,MC_G0_D045_DENS_REF_V_HIGH,15,8.37000751495,23.9920074629,83.0878185139,0,0,8.37000751495,
MC_G0_D045_DENS_REF_V_HIGH_S015,MC_G0_D045_DENS_REF_V_HIGH,15,8.3800163269,26.3240495205,83.2062053014,0,0,8.3800163269,
MC_G0_D045_DENS_REF_V_HIGH_S015,MC_G0_D045_DENS_REF_V_HIGH,15,8.39002418518,23.8325025263,82.8404886672,0,0,8.39002418518,
MC_G0_D045_DENS_REF_V_HIGH_S015,MC_G0_D045_DENS_REF_V_HIGH,15,8.40003299713,21.865172126,81.279233155,0,0,8.40003299713,
MC_G0_D045_DENS_REF_V_HIGH_S015,MC_G0_D045_DENS_REF_V_HIGH,15,8.41004085541,24.5050841318,83.8307772535,0,0,8.41004085541,
MC_G0_D045_DENS_REF_V_HIGH_S015,MC_G0_D045_DENS_REF_V_HIGH,15,8.42004966736,24.4203995181,86.7267855667,0,0,8.42004966736,
MC_G0_D045_DENS_REF_V_HIGH_S015,MC_G0_D045_DENS_REF_V_HIGH,15,8.43000507355,24.7212158691,85.5499033544,0,0,8.43000507355,
MC_G0_D045_DENS_REF_V_HIGH_S015,MC_G0_D045_DENS_REF_V_HIGH,15,8.44001293182,22.5154278296,84.1095619135,0,0,8.44001293182,
MC_G0_D045_DENS_REF_V_HIGH_S015,MC_G0_D045_DENS_REF_V_HIGH,15,8.45002174377,22.0970458959,84.8440676255,0,0,8.45002174377,
MC_G0_D045_DENS_REF_V_HIGH_S015,MC_G0_D045_DENS_REF_V_HIGH,15,8.46003055573,22.2508066407,84.6889589009,0,0,8.46003055573,
MC_G0_D045_DENS_REF_V_HIGH_S015,MC_G0_D045_DENS_REF_V_HIGH,15,8.470038414,26.6470167765,90.9525888923,0,0,8.470038414,
MC_G0_D045_DENS_REF_V_HIGH_S015,MC_G0_D045_DENS_REF_V_HIGH,15,8.48004722595,22.5338331901,83.1453729767,0,0,8.48004722595,
MC_G0_D045_DENS_REF_V_HIGH_S015,MC_G0_D045_DENS_REF_V_HIGH,15,8.49000263214,23.2462250221,84.0447781072,0,0,8.49000263214,
MC_G0_D045_DENS_REF_V_HIGH_S015,MC_G0_D045_DENS_REF_V_HIGH,15,8.50001049042,24.9502804805,82.9567958954,0,0,8.50001049042,
MC_G0_D045_DENS_REF_V_HIGH_S015,MC_G0_D045_DENS_REF_V_HIGH,15,8.51001930237,24.0656949121,83.352907611,0,0,8.51001930237,
MC_G0_D045_DENS_REF_V_HIGH_S015,MC_G0_D045_DENS_REF_V_HIGH,15,8.52002716064,26.6081275854,86.2705446996,0,0,8.52002716064,
MC_G0_D045_DENS_REF_V_HIGH_S015,MC_G0_D045_DENS_REF_V_HIGH,15,8.5300359726,23.4808296624,84.4014728952,0,0,8.5300359726,
MC_G0_D045_DENS_REF_V_HIGH_S015,MC_G0_D045_DENS_REF_V_HIGH,15,8.54004383087,24.8294390813,84.7870161328,0,0,8.54004383087,
MC_G0_D045_DENS_REF_V_HIGH_S015,MC_G0_D045_DENS_REF_V_HIGH,15,8.55005264282,25.0795340045,86.7402712756,0,0,8.55005264282,
MC_G0_D045_DENS_REF_V_HIGH_S015,MC_G0_D045_DENS_REF_V_HIGH,15,8.56000804901,23.4585498124,87.588623113,0,0,8.56000804901,
MC_G0_D045_DENS_REF_V_HIGH_S015,MC_G0_D045_DENS_REF_V_HIGH,15,8.57001686096,23.3214091541,85.0607772011,0,0,8.57001686096,
MC_G0_D045_DENS_REF_V_HIGH_S015,MC_G0_D045_DENS_REF_V_HIGH,15,8.58002471924,26.0614193035,84.4944428886,0,0,8.58002471924,
MC_G0_D045_DENS_REF_V_HIGH_S015,MC_G0_D045_DENS_REF_V_HIGH,15,8.59003353119,24.8173735156,85.8887160039,0,0,8.59003353119,
MC_G0_D045_DENS_REF_V_HIGH_S015,MC_G0_D045_DENS_REF_V_HIGH,15,8.60004138947,24.7430152455,85.605963477,0,0,8.60004138947,
MC_G0_D045_DENS_REF_V_HIGH_S015,MC_G0_D045_DENS_REF_V_HIGH,15,8.61005020142,23.9773353666,86.0188735613,0,0,8.61005020142,
MC_G0_D045_DENS_REF_V_HIGH_S015,MC_G0_D045_DENS_REF_V_HIGH,15,8.6200056076,23.3037974193,87.2066003007,0,0,8.6200056076,
MC_G0_D045_DENS_REF_V_HIGH_S015,MC_G0_D045_DENS_REF_V_HIGH,15,8.63001441956,23.8457915343,87.4654065707,0,0,8.63001441956,
MC_G0_D045_DENS_REF_V_HIGH_S015,MC_G0_D045_DENS_REF_V_HIGH,15,8.64002227783,25.1937853944,89.1482861388,0,0,8.64002227783,
MC_G0_D045_DENS_REF_V_HIGH_S015,MC_G0_D045_DENS_REF_V_HIGH,15,8.65003108978,24.516360677,84.8885701607,0,0,8.65003108978,
MC_G0_D045_DENS_REF_V_HIGH_S015,MC_G0_D045_DENS_REF_V_HIGH,15,8.66003894806,22.9238288082,87.0582072152,0,0,8.66003894806,
MC_G0_D045_DENS_REF_V_HIGH_S015,MC_G0_D045_DENS_REF_V_HIGH,15,8.67004776001,25.1363296617,88.3572780667,0,0,8.67004776001,
MC_G0_D045_DENS_REF_V_HIGH_S015,MC_G0_D045_DENS_REF_V_HIGH,15,8.6800031662,23.57999449,86.6419344825,0,0,8.6800031662,
MC_G0_D045_DENS_REF_V_HIGH_S015,MC_G0_D045_DENS_REF_V_HIGH,15,8.69001197815,21.9962830716,85.4145656576,0,0,8.69001197815,
MC_G0_D045_DENS_REF_V_HIGH_S015,MC_G0_D045_DENS_REF_V_HIGH,15,8.70001983643,23.3797383355,88.9203109903,0,0,8.70001983643,
MC_G0_D045_DENS_REF_V_HIGH_S015,MC_G0_D045_DENS_REF_V_HIGH,15,8.71002864838,24.3318603706,92.5833574749,0,0,8.71002864838,
MC_G0_D045_DENS_REF_V_HIGH_S015,MC_G0_D045_DENS_REF_V_HIGH,15,8.72003650665,23.2464000188,87.6903832738,0,0,8.72003650665,
MC_G0_D045_DENS_REF_V_HIGH_S015,MC_G0_D045_DENS_REF_V_HIGH,15,8.7300453186,23.5427447422,85.0960524579,0,0,8.7300453186,
MC_G0_D045_DENS_REF_V_HIGH_S015,MC_G0_D045_DENS_REF_V_HIGH,15,8.74000072479,24.7548137109,87.7016676587,0,0,8.74000072479,
MC_G0_D045_DENS_REF_V_HIGH_S015,MC_G0_D045_DENS_REF_V_HIGH,15,8.75000858307,26.0849456215,87.5786911954,0,0,8.75000858307,
MC_G0_D045_DENS_REF_V_HIGH_S015,MC_G0_D045_DENS_REF_V_HIGH,15,8.76001739502,23.8939570884,85.5992811808,0,0,8.76001739502,
MC_G0_D045_DENS_REF_V_HIGH_S015,MC_G0_D045_DENS_REF_V_HIGH,15,8.7700252533,23.6429411296,86.9218923051,0,0,8.7700252533,
MC_G0_D045_DENS_REF_V_HIGH_S015,MC_G0_D045_DENS_REF_V_HIGH,15,8.78003406525,24.5615635668,87.8935052471,0,0,8.78003406525,
MC_G0_D045_DENS_REF_V_HIGH_S015,MC_G0_D045_DENS_REF_V_HIGH,15,8.7900428772,25.657087767,91.0550792893,0,0,8.7900428772,
MC_G0_D045_DENS_REF_V_HIGH_S015,MC_G0_D045_DENS_REF_V_HIGH,15,8.80005073547,24.1490455593,89.0109560809,0,0,8.80005073547,
MC_G0_D045_DENS_REF_V_HIGH_S015,MC_G0_D045_DENS_REF_V_HIGH,15,8.81000614166,23.7212245462,90.9106441119,0,0,8.81000614166,
MC_G0_D045_DENS_REF_V_HIGH_S015,MC_G0_D045_DENS_REF_V_HIGH,15,8.82001495361,24.1927901428,89.1679652632,0,0,8.82001495361,
MC_G0_D045_DENS_REF_V_HIGH_S015,MC_G0_D045_DENS_REF_V_HIGH,15,8.83002281189,23.6569715712,87.1804638908,0,0,8.83002281189,
MC_G0_D045_DENS_REF_V_HIGH_S015,MC_G0_D045_DENS_REF_V_HIGH,15,8.84003162384,25.0034764238,88.5697931317,0,0,8.84003162384,
MC_G0_D045_DENS_REF_V_HIGH_S015,MC_G0_D045_DENS_REF_V_HIGH,15,8.85003948212,23.8485531059,88.6396366206,0,0,8.85003948212,
MC_G0_D045_DENS_REF_V_HIGH_S015,MC_G0_D045_DENS_REF_V_HIGH,15,8.86004829407,25.8801779279,89.9096573807,0,0,8.86004829407,
MC_G0_D045_DENS_REF_V_HIGH_S015,MC_G0_D045_DENS_REF_V_HIGH,15,8.87000370026,23.4753709917,89.7221163259,0,0,8.87000370026,
MC_G0_D045_DENS_REF_V_HIGH_S015,MC_G0_D045_DENS_REF_V_HIGH,15,8.88001251221,22.5755806614,86.3579101253,0,0,8.88001251221,
MC_G0_D045_DENS_REF_V_HIGH_S015,MC_G0_D045_DENS_REF_V_HIGH,15,8.89002037048,25.3918817205,89.7475244713,0,0,8.89002037048,
MC_G0_D045_DENS_REF_V_HIGH_S015,MC_G0_D045_DENS_REF_V_HIGH,15,8.90002918243,23.9744724811,89.764551577,0,0,8.90002918243,
MC_G0_D045_DENS_REF_V_HIGH_S015,MC_G0_D045_DENS_REF_V_HIGH,15,8.91003704071,23.9681541772,90.0441758767,0,0,8.91003704071,
MC_G0_D045_DENS_REF_V_HIGH_S015,MC_G0_D045_DENS_REF_V_HIGH,15,8.92004585266,22.8510977009,89.408672786,0,0,8.92004585266,
MC_G0_D045_DENS_REF_V_HIGH_S015,MC_G0_D045_DENS_REF_V_HIGH,15,8.93000125885,22.4766215318,86.4165737753,0,0,8.93000125885,
MC_G0_D045_DENS_REF_V_HIGH_S015,MC_G0_D045_DENS_REF_V_HIGH,15,8.9400100708,27.0541451909,94.0589690373,0,0,8.9400100708,
MC_G0_D045_DENS_REF_V_HIGH_S015,MC_G0_D045_DENS_REF_V_HIGH,15,8.95001792908,25.0147468288,90.0823640164,0,0,8.95001792908,
MC_G0_D045_DENS_REF_V_HIGH_S015,MC_G0_D045_DENS_REF_V_HIGH,15,8.96002674103,25.4560303116,90.3961443093,0,0,8.96002674103,
MC_G0_D045_DENS_REF_V_HIGH_S015,MC_G0_D045_DENS_REF_V_HIGH,15,8.9700345993,26.6859827205,91.0288806299,0,0,8.9700345993,
MC_G0_D045_DENS_REF_V_HIGH_S015,MC_G0_D045_DENS_REF_V_HIGH,15,8.98004341125,24.8349852503,88.6475155925,0,0,8.98004341125,
MC_G0_D045_DENS_REF_V_HIGH_S015,MC_G0_D045_DENS_REF_V_HIGH,15,8.99005126953,23.2031681452,90.5663646117,0,0,8.99005126953,
MC_G0_D045_DENS_REF_V_HIGH_S015,MC_G0_D045_DENS_REF_V_HIGH,15,9,26.4438271237,91.9751377296,0,0,9,
