run_id,scenario_id,S,z_m,qb_MPa,qs_kPa,ALLKE,ALLIE,time_s,walltime_h
MC_G0_D045_DENS_REF_V_HIGH_S007,MC_G0_D045_DENS_REF_V_HIGH,7,0,0,0,0,0,0,
MC_G0_D045_DENS_REF_V_HIGH_S007,MC_G0_D045_DENS_REF_V_HIGH,7,0.0100015355274,0,0,0,0,0.0100015355274,
MC_G0_D045_DENS_REF_V_HIGH_S007,MC_G0_D045_DENS_REF_V_HIGH,7,0.0200051274151,0,0,0,0,0.0200051274151,
MC_G0_D045_DENS_REF_V_HIGH_S007,MC_G0_D045_DENS_REF_V_HIGH,7,0.0300090778619,1.50459772662,445.386853416,0,0,0.0300090778619,
MC_G0_D045_DENS_REF_V_HIGH_S007,MC_G0_D045_DENS_REF_V_HIGH,7,0.0400129370391,0.0928584144201,4.08580679595e-05,0,0,0.0400129370391,
MC_G0_D045_DENS_REF_V_HIGH_S007,MC_G0_D045_DENS_REF_V_HIGH,7,0.050016887486,1.2730038172,51.8316707402,0,0,0.050016887486,
MC_G0_D045_DENS_REF_V_HIGH_S007,MC_G0_D045_DENS_REF_V_HIGH,7,0.0600207522511,0.163914993931,1.29964428406e-07,0,0,0.0600207522511,
MC_G0_D045_DENS_REF_V_HIGH_S007,MC_G0_D045_DENS_REF_V_HIGH,7,0.0700246989727,2.36702951179,66.4391839929,0,0,0.0700246989727,
MC_G0_D045_DENS_REF_V_HIGH_S007,MC_G0_D045_DENS_REF_V_HIGH,7,0.0800285637379,0.306994988434,7.55500277604e-05,0,0,0.0800285637379,
MC_G0_D045_DENS_REF_V_HIGH_S007,MC_G0_D045_DENS_REF_V_HIGH,7,0.0900325104594,1.45870060632,52.8489010324,0,0,0.0900325104594,
MC_G0_D045_DENS_REF_V_HIGH_S007,MC_G0_D045_DENS_REF_V_HIGH,7,0.100000314415,0.565525757799,5.79326981493e-05,0,0,0.100000314415,
MC_G0_D045_DENS_REF_V_HIGH_S007,MC_G0_D045_DENS_REF_V_HIGH,7,0.110004238784,1.06154307332,4.2011227332,0,0,0.110004238784,
MC_G0_D045_DENS_REF_V_HIGH_S007,MC_G0_D045_DENS_REF_V_HIGH,7,0.120008043945,0.93854434017,0.000475894445315,0,0,0.120008043945,
MC_G0_D045_DENS_REF_V_HIGH_S007,MC_G0_D045_DENS_REF_V_HIGH,7,0.130011945963,1.16116947403,16.0607758013,0,0,0.130011945963,
MC_G0_D045_DENS_REF_V_HIGH_S007,MC_G0_D045_DENS_REF_V_HIGH,7,0.140015780926,1.08175788483,22.4580023163,0,0,0.140015780926,
MC_G0_D045_DENS_REF_V_HIGH_S007,MC_G0_D045_DENS_REF_V_HIGH,7,0.150019660592,0.673831335541,0.000329967240771,0,0,0.150019660592,
MC_G0_D045_DENS_REF_V_HIGH_S007,MC_G0_D045_DENS_REF_V_HIGH,7,0.160023525357,1.58302591849,27.9323828059,0,0,0.160023525357,
MC_G0_D045_DENS_REF_V_HIGH_S007,MC_G0_D045_DENS_REF_V_HIGH,7,0.170027375221,0.571012587237,0.000340322808737,0,0,0.170027375221,
MC_G0_D045_DENS_REF_V_HIGH_S007,MC_G0_D045_DENS_REF_V_HIGH,7,0.180031269789,1.63844664232,28.6116052341,0,0,0.180031269789,
MC_G0_D045_DENS_REF_V_HIGH_S007,MC_G0_D045_DENS_REF_V_HIGH,7,0.19003508985,0.585650672397,0.000182459961772,0,0,0.19003508985,
MC_G0_D045_DENS_REF_V_HIGH_S007,MC_G0_D045_DENS_REF_V_HIGH,7,0.200003013015,1.5901830363,31.783514723,0,0,0.200003013015,
MC_G0_D045_DENS_REF_V_HIGH_S007,MC_G0_D045_DENS_REF_V_HIGH,7,0.210006833076,0.456992799405,0.000138454749711,0,0,0.210006833076,
MC_G0_D045_DENS_REF_V_HIGH_S007,MC_G0_D045_DENS_REF_V_HIGH,7,0.220010757446,1.74278557898,24.0040251424,0,0,0.220010757446,
MC_G0_D045_DENS_REF_V_HIGH_S007,MC_G0_D045_DENS_REF_V_HIGH,7,0.230014562607,0.36221471544,0.000148563828247,0,0,0.230014562607,
MC_G0_D045_DENS_REF_V_HIGH_S007,MC_G0_D045_DENS_REF_V_HIGH,7,0.240018501878,1.53249416649,17.2949332332,0,0,0.240018501878,
MC_G0_D045_DENS_REF_V_HIGH_S007,MC_G0_D045_DENS_REF_V_HIGH,7,0.250022292137,0.328052907247,7.90455369091e-05,0,0,0.250022292137,
MC_G0_D045_DENS_REF_V_HIGH_S007,MC_G0_D045_DENS_REF_V_HIGH,7,0.260026246309,1.53282497176,21.337973573,0,0,0.260026246309,
MC_G0_D045_DENS_REF_V_HIGH_S007,MC_G0_D045_DENS_REF_V_HIGH,7,0.27003005147,0.393163332813,6.01466275659e-05,0,0,0.27003005147,
MC_G0_D045_DENS_REF_V_HIGH_S007,MC_G0_D045_DENS_REF_V_HIGH,7,0.28003397584,1.43555565453,11.9736551542,0,0,0.28003397584,
MC_G0_D045_DENS_REF_V_HIGH_S007,MC_G0_D045_DENS_REF_V_HIGH,7,0.290001809597,0.391482275036,0.0001019332131,0,0,0.290001809597,
MC_G0_D045_DENS_REF_V_HIGH_S007,MC_G0_D045_DENS_REF_V_HIGH,7,0.300005733967,1.13129923578,8.72639320394,0,0,0.300005733967,
MC_G0_D045_DENS_REF_V_HIGH_S007,MC_G0_D045_DENS_REF_V_HIGH,7,0.31000956893,0.558120584004,0.000164112943938,0,0,0.31000956893,
MC_G0_D045_DENS_REF_V_HIGH_S007,MC_G0_D045_DENS_REF_V_HIGH,7,0.320013493299,2.19695972178,17.1881904328,0,0,0.320013493299,
MC_G0_D045_DENS_REF_V_HIGH_S007,MC_G0_D045_DENS_REF_V_HIGH,7,0.33001729846,0.623254347268,0.000189987095139,0,0,0.33001729846,
MC_G0_D045_DENS_REF_V_HIGH_S007,MC_G0_D045_DENS_REF_V_HIGH,7,0.340021252632,1.32978220499,7.02386340596,0,0,0.340021252632,
MC_G0_D045_DENS_REF_V_HIGH_S007,MC_G0_D045_DENS_REF_V_HIGH,7,0.350025057793,0.547034961744,0.000179337783824,0,0,0.350025057793,
MC_G0_D045_DENS_REF_V_HIGH_S007,MC_G0_D045_DENS_REF_V_HIGH,7,0.360028982162,1.34492527667,7.12491631736,0,0,0.360028982162,
MC_G0_D045_DENS_REF_V_HIGH_S007,MC_G0_D045_DENS_REF_V_HIGH,7,0.370032817125,0.681030379661,0.000192033770404,0,0,0.370032817125,
MC_G0_D045_DENS_REF_V_HIGH_S007,MC_G0_D045_DENS_REF_V_HIGH,7,0.38000074029,1.78820798221,13.0055806245,0,0,0.38000074029,
MC_G0_D045_DENS_REF_V_HIGH_S007,MC_G0_D045_DENS_REF_V_HIGH,7,0.390004605055,1.0246608763,0.000335691427345,0,0,0.390004605055,
MC_G0_D045_DENS_REF_V_HIGH_S007,MC_G0_D045_DENS_REF_V_HIGH,7,0.400008499622,1.00691942901,2.17568101578,0,0,0.400008499622,
MC_G0_D045_DENS_REF_V_HIGH_S007,MC_G0_D045_DENS_REF_V_HIGH,7,0.410012364388,1.25913685946,3.85647217023,0,0,0.410012364388,
MC_G0_D045_DENS_REF_V_HIGH_S007,MC_G0_D045_DENS_REF_V_HIGH,7,0.420016258955,1.02380325788,0.677750228806,0,0,0.420016258955,
MC_G0_D045_DENS_REF_V_HIGH_S007,MC_G0_D045_DENS_REF_V_HIGH,7,0.43002012372,1.20863341012,5.67739072307,0,0,0.43002012372,
MC_G0_D045_DENS_REF_V_HIGH_S007,MC_G0_D045_DENS_REF_V_HIGH,7,0.440024018288,1.22825329022,0.298300157951,0,0,0.440024018288,
MC_G0_D045_DENS_REF_V_HIGH_S007,MC_G0_D045_DENS_REF_V_HIGH,7,0.450027883053,1.47770550331,9.42463335422,0,0,0.450027883053,
MC_G0_D045_DENS_REF_V_HIGH_S007,MC_G0_D045_DENS_REF_V_HIGH,7,0.460031747818,1.10964425088,0.194684785712,0,0,0.460031747818,
MC_G0_D045_DENS_REF_V_HIGH_S007,MC_G0_D045_DENS_REF_V_HIGH,7,0.470035642385,1.29255816946,5.57792902569,0,0,0.470035642385,
MC_G0_D045_DENS_REF_V_HIGH_S007,MC_G0_D045_DENS_REF_V_HIGH,7,0.480003535748,0.87405352688,2.71381636719,0,0,0.480003535748,
MC_G0_D045_DENS_REF_V_HIGH_S007,MC_G0_D045_DENS_REF_V_HIGH,7,0.490007430315,1.5516625473,6.76402323538,0,0,0.490007430315,
MC_G0_D045_DENS_REF_V_HIGH_S007,MC_G0_D045_DENS_REF_V_HIGH,7,0.500011265278,1.4618931458,2.58911577868,0,0,0.500011265278,
MC_G0_D045_DENS_REF_V_HIGH_S007,MC_G0_D045_DENS_REF_V_HIGH,7,0.510015189648,1.84010334652,6.48061255041,0,0,0.510015189648,
MC_G0_D045_DENS_REF_V_HIGH_S007,MC_G0_D045_DENS_REF_V_HIGH,7,0.520019054413,1.21987186671,1.17249814055,0,0,0.520019054413,
MC_G0_D045_DENS_REF_V_HIGH_S007,MC_G0_D045_DENS_REF_V_HIGH,7,0.530022978783,2.34232369257,13.2332494983,0,0,0.530022978783,
MC_G0_D045_DENS_REF_V_HIGH_S007,MC_G0_D045_DENS_REF_V_HIGH,7,0.540026843548,1.14011239471,0.113011048512,0,0,0.540026843548,
MC_G0_D045_DENS_REF_V_HIGH_S007,MC_G0_D045_DENS_REF_V_HIGH,7,0.550030767918,1.77056343553,5.5692071435,0,0,0.550030767918,
MC_G0_D045_DENS_REF_V_HIGH_S007,MC_G0_D045_DENS_REF_V_HIGH,7,0.560034573078,1.43966452844,0.0127153709136,0,0,0.560034573078,
MC_G0_D045_DENS_REF_V_HIGH_S007,MC_G0_D045_DENS_REF_V_HIGH,7,0.570002555847,1.91597959833,9.17157535595,0,0,0.570002555847,
MC_G0_D045_DENS_REF_V_HIGH_S007,MC_G0_D045_DENS_REF_V_HIGH,7,0.580006361008,1.12909373941,0.426526569839,0,0,0.580006361008,
MC_G0_D045_DENS_REF_V_HIGH_S007,MC_G0_D045_DENS_REF_V_HIGH,7,0.590010285378,2.08151117755,10.5758343269,0,0,0.590010285378,
MC_G0_D045_DENS_REF_V_HIGH_S007,MC_G0_D045_DENS_REF_V_HIGH,7,0.600014150143,0.996858458802,0.116479875303,0,0,0.600014150143,
MC_G0_D045_DENS_REF_V_HIGH_S007,MC_G0_D045_DENS_REF_V_HIGH,7,0.610018074512,1.96200163408,8.14707088786,0,0,0.610018074512,
MC_G0_D045_DENS_REF_V_HIGH_S007,MC_G0_D045_DENS_REF_V_HIGH,7,0.620021939278,1.36019988375,2.77421097234,0,0,0.620021939278,
MC_G0_D045_DENS_REF_V_HIGH_S007,MC_G0_D045_DENS_REF_V_HIGH,7,0.630025863647,1.99589746927,9.5004413901,0,0,0.630025863647,
MC_G0_D045_DENS_REF_V_HIGH_S007,MC_G0_D045_DENS_REF_V_HIGH,7,0.640029728413,1.34563044452,0.596109218422,0,0,0.640029728413,
MC_G0_D045_DENS_REF_V_HIGH_S007,MC_G0_D045_DENS_REF_V_HIGH,7,0.650033652782,2.14772960409,5.03836749136,0,0,0.650033652782,
MC_G0_D045_DENS_REF_V_HIGH_S007,MC_G0_D045_DENS_REF_V_HIGH,7,0.660001516342,1.30160523304,0.30756845462,0,0,0.660001516342,
MC_G0_D045_DENS_REF_V_HIGH_S007,MC_G0_D045_DENS_REF_V_HIGH,7,0.670005440712,1.88699614463,2.04872207706,0,0,0.670005440712,
MC_G0_D045_DENS_REF_V_HIGH_S007,MC_G0_D045_DENS_REF_V_HIGH,7,0.680009305477,2.04632857894,3.13067629627,0,0,0.680009305477,
MC_G0_D045_DENS_REF_V_HIGH_S007,MC_G0_D045_DENS_REF_V_HIGH,7,0.690013229847,1.66750109252,1.14470358061,0,0,0.690013229847,
MC_G0_D045_DENS_REF_V_HIGH_S007,MC_G0_D045_DENS_REF_V_HIGH,7,0.700017094612,1.7006161582,2.36133966053,0,0,0.700017094612,
MC_G0_D045_DENS_REF_V_HIGH_S007,MC_G0_D045_DENS_REF_V_HIGH,7,0.710020959377,2.08013231058,5.64778617829,0,0,0.710020959377,
MC_G0_D045_DENS_REF_V_HIGH_S007,MC_G0_D045_DENS_REF_V_HIGH,7,0.720024883747,2.02919712583,5.71706004204,0,0,0.720024883747,
MC_G0_D045_DENS_REF_V_HIGH_S007,MC_G0_D045_DENS_REF_V_HIGH,7,0.730028748512,2.047793793,9.95503479242,0,0,0.730028748512,
MC_G0_D045_DENS_REF_V_HIGH_S007,MC_G0_D045_DENS_REF_V_HIGH,7,0.740032672882,1.71773897661,5.32013742392,0,0,0.740032672882,
MC_G0_D045_DENS_REF_V_HIGH_S007,MC_G0_D045_DENS_REF_V_HIGH,7,0.750000536442,1.58632543241,4.77374183174,0,0,0.750000536442,
MC_G0_D045_DENS_REF_V_HIGH_S007,MC_G0_D045_DENS_REF_V_HIGH,7,0.760004460812,1.82641272872,4.99036121813,0,0,0.760004460812,
MC_G0_D045_DENS_REF_V_HIGH_S007,MC_G0_D045_DENS_REF_V_HIGH,7,0.770008325577,1.48594052054,0.440991783498,0,0,0.770008325577,
MC_G0_D045_DENS_REF_V_HIGH_S007,MC_G0_D045_DENS_REF_V_HIGH,7,0.780012249947,2.43435318099,5.29410177754,0,0,0.780012249947,
MC_G0_D045_DENS_REF_V_HIGH_S007,MC_G0_D045_DENS_REF_V_HIGH,7,0.790016114712,2.06073031295,3.55814728977,0,0,0.790016114712,
MC_G0_D045_DENS_REF_V_HIGH_S007,MC_G0_D045_DENS_REF_V_HIGH,7,0.800020039082,2.33630606842,4.48249196347,0,0,0.800020039082,
MC_G0_D045_DENS_REF_V_HIGH_S007,MC_G0_D045_DENS_REF_V_HIGH,7,0.810023903847,1.56834173358,0.840201528505,0,0,0.810023903847,
MC_G0_D045_DENS_REF_V_HIGH_S007,MC_G0_D045_DENS_REF_V_HIGH,7,0.820027828217,2.16978629481,4.44684725429,0,0,0.820027828217,
MC_G0_D045_DENS_REF_V_HIGH_S007,MC_G0_D045_DENS_REF_V_HIGH,7,0.830031692982,1.9458447517,4.46574343535,0,0,0.830031692982,
MC_G0_D045_DENS_REF_V_HIGH_S007,MC_G0_D045_DENS_REF_V_HIGH,7,0.840035617352,1.80310227835,6.93015494836,0,0,0.840035617352,
MC_G0_D045_DENS_REF_V_HIGH_S007,MC_G0_D045_DENS_REF_V_HIGH,7,0.850003480911,1.58742501454,3.58554396332,0,0,0.850003480911,
MC_G0_D045_DENS_REF_V_HIGH_S007,MC_G0_D045_DENS_REF_V_HIGH,7,0.860007405281,1.95869434892,5.44739860659,0,0,0.860007405281,
MC_G0_D045_DENS_REF_V_HIGH_S007,MC_G0_D045_DENS_REF_V_HIGH,7,0.870011270046,1.61720410864,2.17815913963,0,0,0.870011270046,
MC_G0_D045_DENS_REF_V_HIGH_S007,MC_G0_D045_DENS_REF_V_HIGH,7,0.880015194416,2.31104781975,7.58871891098,0,0,0.880015194416,
MC_G0_D045_DENS_REF_V_HIGH_S007,MC_G0_D045_DENS_REF_V_HIGH,7,0.890019059181,1.8252775524,3.1070648706,0,0,0.890019059181,
MC_G0_D045_DENS_REF_V_HIGH_S007,MC_G0_D045_DENS_REF_V_HIGH,7,0.900022983551,2.44461965726,6.53843214501,0,0,0.900022983551,
MC_G0_D045_DENS_REF_V_HIGH_S007,MC_G0_D045_DENS_REF_V_HIGH,7,0.910026848316,1.94937442856,1.92385676572,0,0,0.910026848316,
MC_G0_D045_DENS_REF_V_HIGH_S007,MC_G0_D045_DENS_REF_V_HIGH,7,0.920030772686,1.96379266446,5.28256841019,0,0,0.920030772686,
MC_G0_D045_DENS_REF_V_HIGH_S007,MC_G0_D045_DENS_REF_V_HIGH,7,0.930034637451,2.35065772112,0.137901408662,0,0,0.930034637451,
MC_G0_D045_DENS_REF_V_HIGH_S007,MC_G0_D045_DENS_REF_V_HIGH,7,0.940002560616,2.18778582394,1.35786473009,0,0,0.940002560616,
MC_G0_D045_DENS_REF_V_HIGH_S007,MC_G0_D045_DENS_REF_V_HIGH,7,0.950006425381,2.48976766864,2.24319452149,0,0,0.950006425381,
MC_G0_D045_DENS_REF_V_HIGH_S007,MC_G0_D045_DENS_REF_V_HIGH,7,0.960010349751,1.83364151461,4.0798602468,0,0,0.960010349751,
MC_G0_D045_DENS_REF_V_HIGH_S007,MC_G0_D045_DENS_REF_V_HIGH,7,0.970014214516,1.44442206082,2.02972652856,0,0,0.970014214516,
MC_G0_D045_DENS_REF_V_HIGH_S007,MC_G0_D045_DENS_REF_V_HIGH,7,0.980018138885,2.54669227082,6.695105255,0,0,0.980018138885,
MC_G0_D045_DENS_REF_V_HIGH_S007,MC_G0_D045_DENS_REF_V_HIGH,7,0.990022003651,2.2635818689,4.75174702373,0,0,0.990022003651,
MC_G0_D045_DENS_REF_V_HIGH_S007,MC_G0_D045_DENS_REF_V_HIGH,7,1.00002586842,2.05164391348,5.04933615399,0,0,1.00002586842,
MC_G0_D045_DENS_REF_V_HIGH_S007,MC_G0_D045_DENS_REF_V_HIGH,7,1.01002979279,4.31130063588,5.16970843965,0,0,1.01002979279,
MC_G0_D045_DENS_REF_V_HIGH_S007,MC_G0_D045_DENS_REF_V_HIGH,7,1.02003359795,4.59481648533,3.70172816722,0,0,1.02003359795,
MC_G0_D045_DENS_REF_V_HIGH_S007,MC_G0_D045_DENS_REF_V_HIGH,7,1.03000152111,2.86701788169,3.85907295866,0,0,1.03000152111,
MC_G0_D045_DENS_REF_V_HIGH_S007,MC_G0_D045_DENS_REF_V_HIGH,7,1.04000544548,2.2884799543,3.23966435347,0,0,1.04000544548,
MC_G0_D045_DENS_REF_V_HIGH_S007,MC_G0_D045_DENS_REF_V_HIGH,7,1.05000925064,2.17591885652,4.02104799762,0,0,1.05000925064,
MC_G0_D045_DENS_REF_V_HIGH_S007,MC_G0_D045_DENS_REF_V_HIGH,7,1.06001317501,2.82597250803,2.95325340345,0,0,1.06001317501,
MC_G0_D045_DENS_REF_V_HIGH_S007,MC_G0_D045_DENS_REF_V_HIGH,7,1.07001709938,3.89658519112,4.18017257285,0,0,1.07001709938,
MC_G0_D045_DENS_REF_V_HIGH_S007,MC_G0_D045_DENS_REF_V_HIGH,7,1.08002090454,2.5621685463,4.00779747881,0,0,1.08002090454,
MC_G0_D045_DENS_REF_V_HIGH_S007,MC_G0_D045_DENS_REF_V_HIGH,7,1.09002482891,2.45566613551,4.65002858986,0,0,1.09002482891,
MC_G0_D045_DENS_REF_V_HIGH_S007,MC_G0_D045_DENS_REF_V_HIGH,7,1.10002875328,2.25075203557,6.05470217207,0,0,1.10002875328,
MC_G0_D045_DENS_REF_V_HIGH_S007,MC_G0_D045_DENS_REF_V_HIGH,7,1.11003255844,2.83734633767,6.38028857329,0,0,1.11003255844,
MC_G0_D045_DENS_REF_V_HIGH_S007,MC_G0_D045_DENS_REF_V_HIGH,7,1.12000048161,2.0134639198,1.71880883667,0,0,1.12000048161,
MC_G0_D045_DENS_REF_V_HIGH_S007,MC_G0_D045_DENS_REF_V_HIGH,7,1.13000440598,2.79654196832,4.40364405704,0,0,1.13000440598,
MC_G0_D045_DENS_REF_V_HIGH_S007,MC_G0_D045_DENS_REF_V_HIGH,7,1.14000821114,2.29314269677,2.80137843396,0,0,1.14000821114,
MC_G0_D045_DENS_REF_V_HIGH_S007,MC_G0_D045_DENS_REF_V_HIGH,7,1.15001213551,3.1681750158,5.46623121256,0,0,1.15001213551,
MC_G0_D045_DENS_REF_V_HIGH_S007,MC_G0_D045_DENS_REF_V_HIGH,7,1.16001605988,2.38704438183,5.19746124336,0,0,1.16001605988,
MC_G0_D045_DENS_REF_V_HIGH_S007,MC_G0_D045_DENS_REF_V_HIGH,7,1.17001986504,2.60959573691,6.22516323434,0,0,1.17001986504,
MC_G0_D045_DENS_REF_V_HIGH_S007,MC_G0_D045_DENS_REF_V_HIGH,7,1.18002378941,2.35099102086,3.50464361489,0,0,1.18002378941,
MC_G0_D045_DENS_REF_V_HIGH_S007,MC_G0_D045_DENS_REF_V_HIGH,7,1.19002771378,2.78949163306,4.31085537828,0,0,1.19002771378,
MC_G0_D045_DENS_REF_V_HIGH_S007,MC_G0_D045_DENS_REF_V_HIGH,7,1.20003151894,2.74132991661,5.16196623671,0,0,1.20003151894,
MC_G0_D045_DENS_REF_V_HIGH_S007,MC_G0_D045_DENS_REF_V_HIGH,7,1.21003544331,2.44354972096,4.60944891558,0,0,1.21003544331,
MC_G0_D045_DENS_REF_V_HIGH_S007,MC_G0_D045_DENS_REF_V_HIGH,7,1.22000336647,2.61008829905,3.99311552264,0,0,1.22000336647,
MC_G0_D045_DENS_REF_V_HIGH_S007,MC_G0_D045_DENS_REF_V_HIGH,7,1.23000729084,2.85820165265,7.96806530315,0,0,1.23000729084,
MC_G0_D045_DENS_REF_V_HIGH_S007,MC_G0_D045_DENS_REF_V_HIGH,7,1.240011096,2.94220470001,6.91847579853,0,0,1.240011096,
MC_G0_D045_DENS_REF_V_HIGH_S007,MC_G0_D045_DENS_REF_V_HIGH,7,1.25001502037,2.95610044011,7.50559328898,0,0,1.25001502037,
MC_G0_D045_DENS_REF_V_HIGH_S007,MC_G0_D045_DENS_REF_V_HIGH,7,1.26001882553,3.04091822017,5.2575705865,0,0,1.26001882553,
MC_G0_D045_DENS_REF_V_HIGH_S007,MC_G0_D045_DENS_REF_V_HIGH,7,1.2700227499,2.9452629218,6.7717379042,0,0,1.2700227499,
MC_G0_D045_DENS_REF_V_HIGH_S007,MC_G0_D045_DENS_REF_V_HIGH,7,1.28002667427,2.75590818243,4.63880127646,0,0,1.28002667427,
MC_G0_D045_DENS_REF_V_HIGH_S007,MC_G0_D045_DENS_REF_V_HIGH,7,1.29003059864,3.32546332685,4.932751378,0,0,1.29003059864,
MC_G0_D045_DENS_REF_V_HIGH_S007,MC_G0_D045_DENS_REF_V_HIGH,7,1.3000344038,3.28535875263,5.33929506122,0,0,1.3000344038,
MC_G0_D045_DENS_REF_V_HIGH_S007,MC_G0_D045_DENS_REF_V_HIGH,7,1.31000232697,3.22385468494,5.86321398579,0,0,1.31000232697,
MC_G0_D045_DENS_REF_V_HIGH_S007,MC_G0_D045_DENS_REF_V_HIGH,7,1.32000625134,3.55052143368,6.30935238285,0,0,1.32000625134,
MC_G0_D045_DENS_REF_V_HIGH_S007,MC_G0_D045_DENS_REF_V_HIGH,7,1.3300100565,3.08385210047,5.92466201562,0,0,1.3300100565,
MC_G0_D045_DENS_REF_V_HIGH_S007,MC_G0_D045_DENS_REF_V_HIGH,7,1.34001398087,2.91544362833,6.69338315112,0,0,1.34001398087,
MC_G0_D045_DENS_REF_V_HIGH_S007,MC_G0_D045_DENS_REF_V_HIGH,7,1.35001790524,3.18844931086,6.01617519009,0,0,1.35001790524,
MC_G0_D045_DENS_REF_V_HIGH_S007,MC_G0_D045_DENS_REF_V_HIGH,7,1.3600217104,3.01666697037,3.04889718035,0,0,1.3600217104,
MC_G0_D045_DENS_REF_V_HIGH_S007,MC_G0_D045_DENS_REF_V_HIGH,7,1.37002563477,2.64576806497,4.40138583899,0,0,1.37002563477,
MC_G0_D045_DENS_REF_V_HIGH_S007,MC_G0_D045_DENS_REF_V_HIGH,7,1.38002955914,3.03180399776,4.60478142064,0,0,1.38002955914,
MC_G0_D045_DENS_REF_V_HIGH_S007,MC_G0_D045_DENS_REF_V_HIGH,7,1.3900333643,3.65178507102,3.91800044665,0,0,1.3900333643,
MC_G0_D045_DENS_REF_V_HIGH_S007,MC_G0_D045_DENS_REF_V_HIGH,7,1.40000128746,3.05536677349,5.37977150792,0,0,1.40000128746,
MC_G0_D045_DENS_REF_V_HIGH_S007,MC_G0_D045_DENS_REF_V_HIGH,7,1.41000521183,3.54769845972,4.46571319379,0,0,1.41000521183,
MC_G0_D045_DENS_REF_V_HIGH_S007,MC_G0_D045_DENS_REF_V_HIGH,7,1.42000901699,3.23379572864,5.40820849294,0,0,1.42000901699,
MC_G0_D045_DENS_REF_V_HIGH_S007,MC_G0_D045_DENS_REF_V_HIGH,7,1.43001294136,3.69771250874,6.5533993497,0,0,1.43001294136,
MC_G0_D045_DENS_REF_V_HIGH_S007,MC_G0_D045_DENS_REF_V_HIGH,7,1.44001686573,2.87939448878,4.81101600367,0,0,1.44001686573,
MC_G0_D045_DENS_REF_V_HIGH_S007,MC_G0_D045_DENS_REF_V_HIGH,7,1.45002067089,3.61007213848,8.64430840411,0,0,1.45002067089,
MC_G0_D045_DENS_REF_V_HIGH_S007,MC_G0_D045_DENS_REF_V_HIGH,7,1.46002459526,6.62609937291,7.80790693154,0,0,1.46002459526,
MC_G0_D045_DENS_REF_V_HIGH_S007,MC_G0_D045_DENS_REF_V_HIGH,7,1.47002840042,7.03219469245,5.99400681423,0,0,1.47002840042,
MC_G0_D045_DENS_REF_V_HIGH_S007,MC_G0_D045_DENS_REF_V_HIGH,7,1.48003232479,3.76286003957,7.04710308681,0,0,1.48003232479,
MC_G0_D045_DENS_REF_V_HIGH_S007,MC_G0_D045_DENS_REF_V_HIGH,7,1.49000024796,3.33044229153,5.28777141775,0,0,1.49000024796,
MC_G0_D045_DENS_REF_V_HIGH_S007,MC_G0_D045_DENS_REF_V_HIGH,7,1.50000417233,3.45306512705,5.83202900293,0,0,1.50000417233,
MC_G0_D045_DENS_REF_V_HIGH_S007,MC_G0_D045_DENS_REF_V_HIGH,7,1.51000797749,3.28735816731,5.05353058835,0,0,1.51000797749,
MC_G0_D045_DENS_REF_V_HIGH_S007,MC_G0_D045_DENS_REF_V_HIGH,7,1.52001190186,3.24070311151,5.71700863767,0,0,1.52001190186,
MC_G0_D045_DENS_REF_V_HIGH_S007,MC_G0_D045_DENS_REF_V_HIGH,7,1.53001582623,4.30086376803,7.87794522757,0,0,1.53001582623,
MC_G0_D045_DENS_REF_V_HIGH_S007,MC_G0_D045_DENS_REF_V_HIGH,7,1.54001963139,3.38542926517,6.01681642779,0,0,1.54001963139,
MC_G0_D045_DENS_REF_V_HIGH_S007,MC_G0_D045_DENS_REF_V_HIGH,7,1.55002355576,3.60389736265,5.90583267002,0,0,1.55002355576,
MC_G0_D045_DENS_REF_V_HIGH_S007,MC_G0_D045_DENS_REF_V_HIGH,7,1.56002748013,3.59646997846,6.48681627481,0,0,1.56002748013,
MC_G0_D045_DENS_REF_V_HIGH_S007,MC_G0_D045_DENS_REF_V_HIGH,7,1.57003128529,4.3869303188,7.19217768016,0,0,1.57003128529,
MC_G0_D045_DENS_REF_V_HIGH_S007,MC_G0_D045_DENS_REF_V_HIGH,7,1.58003520966,3.53171887669,7.43873788633,0,0,1.58003520966,
MC_G0_D045_DENS_REF_V_HIGH_S007,MC_G0_D045_DENS_REF_V_HIGH,7,1.59000313282,3.54817240926,7.0828995323,0,0,1.59000313282,
MC_G0_D045_DENS_REF_V_HIGH_S007,MC_G0_D045_DENS_REF_V_HIGH,7,1.60000693798,3.60044194427,6.48314233475,0,0,1.60000693798,
MC_G0_D045_DENS_REF_V_HIGH_S007,MC_G0_D045_DENS_REF_V_HIGH,7,1.61001086235,3.7345381964,5.97248116708,0,0,1.61001086235,
MC_G0_D045_DENS_REF_V_HIGH_S007,MC_G0_D045_DENS_REF_V_HIGH,7,1.62001478672,4.3425448481,5.86071810928,0,0,1.62001478672,
MC_G0_D045_DENS_REF_V_HIGH_S007,MC_G0_D045_DENS_REF_V_HIGH,7,1.63001859188,4.59523095132,6.42723247324,0,0,1.63001859188,
MC_G0_D045_DENS_REF_V_HIGH_S007,MC_G0_D045_DENS_REF_V_HIGH,7,1.64002251625,3.62536631756,5.84381728164,0,0,1.64002251625,
MC_G0_D045_DENS_REF_V_HIGH_S007,MC_G0_D045_DENS_REF_V_HIGH,7,1.65002644062,4.09771441059,7.06706268748,0,0,1.65002644062,
MC_G0_D045_DENS_REF_V_HIGH_S007,MC_G0_D045_DENS_REF_V_HIGH,7,1.66003024578,4.57675114054,6.16146325722,0,0,1.66003024578,
MC_G0_D045_DENS_REF_V_HIGH_S007,MC_G0_D045_DENS_REF_V_HIGH,7,1.67003417015,4.10764355758,4.88245560141,0,0,1.67003417015,
MC_G0_D045_DENS_REF_V_HIGH_S007,MC_G0_D045_DENS_REF_V_HIGH,7,1.68000209332,4.94916917895,7.50370473414,0,0,1.68000209332,
MC_G0_D045_DENS_REF_V_HIGH_S007,MC_G0_D045_DENS_REF_V_HIGH,7,1.69000589848,3.70367851652,6.83319976277,0,0,1.69000589848,
MC_G0_D045_DENS_REF_V_HIGH_S007,MC_G0_D045_DENS_REF_V_HIGH,7,1.70000982285,4.39016392111,9.44284178294,0,0,1.70000982285,
MC_G0_D045_DENS_REF_V_HIGH_S007,MC_G0_D045_DENS_REF_V_HIGH,7,1.71001362801,4.27465378263,8.20878226991,0,0,1.71001362801,
MC_G0_D045_DENS_REF_V_HIGH_S007,MC_G0_D045_DENS_REF_V_HIGH,7,1.72001755238,4.49010126726,7.94773409503,0,0,1.72001755238,
MC_G0_D045_DENS_REF_V_HIGH_S007,MC_G0_D045_DENS_REF_V_HIGH,7,1.73002147675,4.80222294584,7.44719370846,0,0,1.73002147675,
MC_G0_D045_DENS_REF_V_HIGH_S007,MC_G0_D045_DENS_REF_V_HIGH,7,1.74002528191,4.21607054892,9.40385545647,0,0,1.74002528191,
MC_G0_D045_DENS_REF_V_HIGH_S007,MC_G0_D045_DENS_REF_V_HIGH,7,1.75002920628,4.23330504289,5.29403015711,0,0,1.75002920628,
MC_G0_D045_DENS_REF_V_HIGH_S007,MC_G0_D045_DENS_REF_V_HIGH,7,1.76003313065,4.46987954799,5.45998148887,0,0,1.76003313065,
MC_G0_D045_DENS_REF_V_HIGH_S007,MC_G0_D045_DENS_REF_V_HIGH,7,1.7700009346,3.91294355002,6.73025457014,0,0,1.7700009346,
MC_G0_D045_DENS_REF_V_HIGH_S007,MC_G0_D045_DENS_REF_V_HIGH,7,1.78000485897,3.4862623184,6.18142124078,0,0,1.78000485897,
MC_G0_D045_DENS_REF_V_HIGH_S007,MC_G0_D045_DENS_REF_V_HIGH,7,1.79000878334,5.05843239381,10.0183394711,0,0,1.79000878334,
MC_G0_D045_DENS_REF_V_HIGH_S007,MC_G0_D045_DENS_REF_V_HIGH,7,1.8000125885,4.21229315187,7.63288632895,0,0,1.8000125885,
MC_G0_D045_DENS_REF_V_HIGH_S007,MC_G0_D045_DENS_REF_V_HIGH,7,1.81001651287,7.57773786443,8.15885799443,0,0,1.81001651287,
MC_G0_D045_DENS_REF_V_HIGH_S007,MC_G0_D045_DENS_REF_V_HIGH,7,1.82002031803,4.19338275696,8.24841834624,0,0,1.82002031803,
MC_G0_D045_DENS_REF_V_HIGH_S007,MC_G0_D045_DENS_REF_V_HIGH,7,1.8300242424,3.70458727159,6.50398573769,0,0,1.8300242424,
MC_G0_D045_DENS_REF_V_HIGH_S007,MC_G0_D045_DENS_REF_V_HIGH,7,1.84002816677,4.23905345602,6.43582778751,0,0,1.84002816677,
MC_G0_D045_DENS_REF_V_HIGH_S007,MC_G0_D045_DENS_REF_V_HIGH,7,1.85003197193,4.25731643969,8.24522795933,0,0,1.85003197193,
MC_G0_D045_DENS_REF_V_HIGH_S007,MC_G0_D045_DENS_REF_V_HIGH,7,1.8600358963,4.51173715986,7.06064183332,0,0,1.8600358963,
MC_G0_D045_DENS_REF_V_HIGH_S007,MC_G0_D045_DENS_REF_V_HIGH,7,1.87000370026,5.1717055672,7.68321648031,0,0,1.87000370026,
MC_G0_D045_DENS_REF_V_HIGH_S007,MC_G0_D045_DENS_REF_V_HIGH,7,1.88000762463,4.8534613048,7.08250247547,0,0,1.88000762463,
MC_G0_D045_DENS_REF_V_HIGH_S007,MC_G0_D045_DENS_REF_V_HIGH,7,1.890011549,5.5843222022,8.31180392393,0,0,1.890011549,
MC_G0_D045_DENS_REF_V_HIGH_S007,MC_G0_D045_DENS_REF_V_HIGH,7,1.90001535416,4.73417952574,6.46445277352,0,0,1.90001535416,
MC_G0_D045_DENS_REF_V_HIGH_S007,MC_G0_D045_DENS_REF_V_HIGH,7,1.91001927853,4.93960882993,8.42757670434,0,0,1.91001927853,
MC_G0_D045_DENS_REF_V_HIGH_S007,MC_G0_D045_DENS_REF_V_HIGH,7,1.92002308369,4.91079231392,8.61025218942,0,0,1.92002308369,
MC_G0_D045_DENS_REF_V_HIGH_S007,MC_G0_D045_DENS_REF_V_HIGH,7,1.93002700806,4.23575653251,8.30760208558,0,0,1.93002700806,
MC_G0_D045_DENS_REF_V_HIGH_S007,MC_G0_D045_DENS_REF_V_HIGH,7,1.94003081322,4.25749182021,8.79941940159,0,0,1.94003081322,
MC_G0_D045_DENS_REF_V_HIGH_S007,MC_G0_D045_DENS_REF_V_HIGH,7,1.95003473759,5.03243156022,9.56221765056,0,0,1.95003473759,
MC_G0_D045_DENS_REF_V_HIGH_S007,MC_G0_D045_DENS_REF_V_HIGH,7,1.96000266075,4.64899793663,7.87212220645,0,0,1.96000266075,
MC_G0_D045_DENS_REF_V_HIGH_S007,MC_G0_D045_DENS_REF_V_HIGH,7,1.97000646591,5.21747758016,5.7547785914,0,0,1.97000646591,
MC_G0_D045_DENS_REF_V_HIGH_S007,MC_G0_D045_DENS_REF_V_HIGH,7,1.98001039028,4.28301525036,7.54351399544,0,0,1.98001039028,
MC_G0_D045_DENS_REF_V_HIGH_S007,MC_G0_D045_DENS_REF_V_HIGH,7,1.99001419544,7.19507215422,7.39747388833,0,0,1.99001419544,
MC_G0_D045_DENS_REF_V_HIGH_S007,MC_G0_D045_DENS_REF_V_HIGH,7,2.00001811981,5.31068100515,8.27207880363,0,0,2.00001811981,
MC_G0_D045_DENS_REF_V_HIGH_S007,MC_G0_D045_DENS_REF_V_HIGH,7,2.01002192497,5.6365046226,9.38777609906,0,0,2.01002192497,
MC_G0_D045_DENS_REF_V_HIGH_S007,MC_G0_D045_DENS_REF_V_HIGH,7,2.02002596855,5.87786812879,8.18895708523,0,0,2.02002596855,
MC_G0_D045_DENS_REF_V_HIGH_S007,MC_G0_D045_DENS_REF_V_HIGH,7,2.03002977371,5.60723181022,9.10644704021,0,0,2.03002977371,
MC_G0_D045_DENS_REF_V_HIGH_S007,MC_G0_D045_DENS_REF_V_HIGH,7,2.04003357887,5.76680467319,11.3768755338,0,0,2.04003357887,
MC_G0_D045_DENS_REF_V_HIGH_S007,MC_G0_D045_DENS_REF_V_HIGH,7,2.05000138283,4.53804577283,7.25133164505,0,0,2.05000138283,
MC_G0_D045_DENS_REF_V_HIGH_S007,MC_G0_D045_DENS_REF_V_HIGH,7,2.06000542641,7.50767008494,10.0816057675,0,0,2.06000542641,
MC_G0_D045_DENS_REF_V_HIGH_S007,MC_G0_D045_DENS_REF_V_HIGH,7,2.07000923157,5.13717632818,8.39147033906,0,0,2.07000923157,
MC_G0_D045_DENS_REF_V_HIGH_S007,MC_G0_D045_DENS_REF_V_HIGH,7,2.08001303673,6.81665779062,7.98928187305,0,0,2.08001303673,
MC_G0_D045_DENS_REF_V_HIGH_S007,MC_G0_D045_DENS_REF_V_HIGH,7,2.09001708031,4.87679228658,7.83326509963,0,0,2.09001708031,
MC_G0_D045_DENS_REF_V_HIGH_S007,MC_G0_D045_DENS_REF_V_HIGH,7,2.10002088547,5.75995677388,9.16919869214,0,0,2.10002088547,
MC_G0_D045_DENS_REF_V_HIGH_S007,MC_G0_D045_DENS_REF_V_HIGH,7,2.11002469063,6.53772601186,8.2774091954,0,0,2.11002469063,
MC_G0_D045_DENS_REF_V_HIGH_S007,MC_G0_D045_DENS_REF_V_HIGH,7,2.12002849579,7.02484713135,12.7139241149,0,0,2.12002849579,
MC_G0_D045_DENS_REF_V_HIGH_S007,MC_G0_D045_DENS_REF_V_HIGH,7,2.13003253937,7.69721766613,6.9640873482,0,0,2.13003253937,
MC_G0_D045_DENS_REF_V_HIGH_S007,MC_G0_D045_DENS_REF_V_HIGH,7,2.14000034332,5.77524673154,9.15329178507,0,0,2.14000034332,
MC_G0_D045_DENS_REF_V_HIGH_S007,MC_G0_D045_DENS_REF_V_HIGH,7,2.15000414848,5.80400645036,7.35727183034,0,0,2.15000414848,
MC_G0_D045_DENS_REF_V_HIGH_S007,MC_G0_D045_DENS_REF_V_HIGH,7,2.16000795364,4.54181050564,7.45525988124,0,0,2.16000795364,
MC_G0_D045_DENS_REF_V_HIGH_S007,MC_G0_D045_DENS_REF_V_HIGH,7,2.17001199722,4.91058623221,8.81897896434,0,0,2.17001199722,
MC_G0_D045_DENS_REF_V_HIGH_S007,MC_G0_D045_DENS_REF_V_HIGH,7,2.18001580238,4.72405350739,11.0169971688,0,0,2.18001580238,
MC_G0_D045_DENS_REF_V_HIGH_S007,MC_G0_D045_DENS_REF_V_HIGH,7,2.19001960754,5.82401863405,7.34481695682,0,0,2.19001960754,
MC_G0_D045_DENS_REF_V_HIGH_S007,MC_G0_D045_DENS_REF_V_HIGH,7,2.2000234127,6.812341204,10.1826136171,0,0,2.2000234127,
MC_G0_D045_DENS_REF_V_HIGH_S007,MC_G0_D045_DENS_REF_V_HIGH,7,2.21002745628,6.49867333699,14.2215395,0,0,2.21002745628,
MC_G0_D045_DENS_REF_V_HIGH_S007,MC_G0_D045_DENS_REF_V_HIGH,7,2.22003126144,4.35635731123,8.81679300356,0,0,2.22003126144,
MC_G0_D045_DENS_REF_V_HIGH_S007,MC_G0_D045_DENS_REF_V_HIGH,7,2.2300350666,5.59713265541,8.01539948419,0,0,2.2300350666,
MC_G0_D045_DENS_REF_V_HIGH_S007,MC_G0_D045_DENS_REF_V_HIGH,7,2.24000310898,6.03880105426,7.53474524986,0,0,2.24000310898,
MC_G0_D045_DENS_REF_V_HIGH_S007,MC_G0_D045_DENS_REF_V_HIGH,7,2.25000691414,5.62637246401,7.32509494729,0,0,2.25000691414,
MC_G0_D045_DENS_REF_V_HIGH_S007,MC_G0_D045_DENS_REF_V_HIGH,7,2.2600107193,6.12169502132,12.2687650323,0,0,2.2600107193,
MC_G0_D045_DENS_REF_V_HIGH_S007,MC_G0_D045_DENS_REF_V_HIGH,7,2.27001452446,5.66964540052,7.28330368445,0,0,2.27001452446,
MC_G0_D045_DENS_REF_V_HIGH_S007,MC_G0_D045_DENS_REF_V_HIGH,7,2.28001832962,5.18561819295,6.48836363236,0,0,2.28001832962,
MC_G0_D045_DENS_REF_V_HIGH_S007,MC_G0_D045_DENS_REF_V_HIGH,7,2.2900223732,5.52549911549,9.21329042614,0,0,2.2900223732,
MC_G0_D045_DENS_REF_V_HIGH_S007,MC_G0_D045_DENS_REF_V_HIGH,7,2.30002617836,5.76481677146,10.9939714359,0,0,2.30002617836,
MC_G0_D045_DENS_REF_V_HIGH_S007,MC_G0_D045_DENS_REF_V_HIGH,7,2.31002998352,6.91140932285,10.5742194759,0,0,2.31002998352,
MC_G0_D045_DENS_REF_V_HIGH_S007,MC_G0_D045_DENS_REF_V_HIGH,7,2.32003378868,4.86157063905,11.5669909667,0,0,2.32003378868,
MC_G0_D045_DENS_REF_V_HIGH_S007,MC_G0_D045_DENS_REF_V_HIGH,7,2.33000183105,6.59520093278,11.3966803167,0,0,2.33000183105,
MC_G0_D045_DENS_REF_V_HIGH_S007,MC_G0_D045_DENS_REF_V_HIGH,7,2.34000563622,7.64980198847,13.5746939037,0,0,2.34000563622,
MC_G0_D045_DENS_REF_V_HIGH_S007,MC_G0_D045_DENS_REF_V_HIGH,7,2.35000944138,6.05468085844,17.2000217807,0,0,2.35000944138,
MC_G0_D045_DENS_REF_V_HIGH_S007,MC_G0_D045_DENS_REF_V_HIGH,7,2.36001324654,7.00525056496,11.1624130323,0,0,2.36001324654,
MC_G0_D045_DENS_REF_V_HIGH_S007,MC_G0_D045_DENS_REF_V_HIGH,7,2.37001729012,5.54094987061,9.69185195067,0,0,2.37001729012,
MC_G0_D045_DENS_REF_V_HIGH_S007,MC_G0_D045_DENS_REF_V_HIGH,7,2.38002109528,6.09172721086,9.20718799158,0,0,2.38002109528,
MC_G0_D045_DENS_REF_V_HIGH_S007,MC_G0_D045_DENS_REF_V_HIGH,7,2.39002490044,6.22621221674,9.33174351425,0,0,2.39002490044,
MC_G0_D045_DENS_REF_V_HIGH_S007,MC_G0_D045_DENS_REF_V_HIGH,7,2.4000287056,7.74344827805,9.94944735619,0,0,2.4000287056,
MC_G0_D045_DENS_REF_V_HIGH_S007,MC_G0_D045_DENS_REF_V_HIGH,7,2.41003274918,6.36754358687,9.66901875226,0,0,2.41003274918,
MC_G0_D045_DENS_REF_V_HIGH_S007,MC_G0_D045_DENS_REF_V_HIGH,7,2.42000055313,8.04015374034,15.373043123,0,0,2.42000055313,
MC_G0_D045_DENS_REF_V_HIGH_S007,MC_G0_D045_DENS_REF_V_HIGH,7,2.43000435829,7.00815259447,11.9055723935,0,0,2.43000435829,
MC_G0_D045_DENS_REF_V_HIGH_S007,MC_G0_D045_DENS_REF_V_HIGH,7,2.44000816345,8.23785402121,14.5335610376,0,0,2.44000816345,
MC_G0_D045_DENS_REF_V_HIGH_S007,MC_G0_D045_DENS_REF_V_HIGH,7,2.45001196861,6.92082998147,13.1538322711,0,0,2.45001196861,
MC_G0_D045_DENS_REF_V_HIGH_S007,MC_G0_D045_DENS_REF_V_HIGH,7,2.46001601219,7.22917810065,13.7074805627,0,0,2.46001601219,
MC_G0_D045_DENS_REF_V_HIGH_S007,MC_G0_D045_DENS_REF_V_HIGH,7,2.47001981735,6.85326588362,9.21554570699,0,0,2.47001981735,
MC_G0_D045_DENS_REF_V_HIGH_S007,MC_G0_D045_DENS_REF_V_HIGH,7,2.48002362251,6.14765479207,9.70787980662,0,0,2.48002362251,
MC_G0_D045_DENS_REF_V_HIGH_S007,MC_G0_D045_DENS_REF_V_HIGH,7,2.49002742767,7.1105494893,10.7061292614,0,0,2.49002742767,
MC_G0_D045_DENS_REF_V_HIGH_S007,MC_G0_D045_DENS_REF_V_HIGH,7,2.50003147125,6.91652797792,12.2833892532,0,0,2.50003147125,
MC_G0_D045_DENS_REF_V_HIGH_S007,MC_G0_D045_DENS_REF_V_HIGH,7,2.51003527641,7.70329189558,10.0375503534,0,0,2.51003527641,
MC_G0_D045_DENS_REF_V_HIGH_S007,MC_G0_D045_DENS_REF_V_HIGH,7,2.52000308037,6.66187392874,11.6009648182,0,0,2.52000308037,
MC_G0_D045_DENS_REF_V_HIGH_S007,MC_G0_D045_DENS_REF_V_HIGH,7,2.53000688553,7.47332236668,10.3939207523,0,0,2.53000688553,
MC_G0_D045_DENS_REF_V_HIGH_S007,MC_G0_D045_DENS_REF_V_HIGH,7,2.54001069069,5.56762958415,10.8574519409,0,0,2.54001069069,
MC_G0_D045_DENS_REF_V_HIGH_S007,MC_G0_D045_DENS_REF_V_HIGH,7,2.55001473427,6.90503575685,10.6568488277,0,0,2.55001473427,
MC_G0_D045_DENS_REF_V_HIGH_S007,MC_G0_D045_DENS_REF_V_HIGH,7,2.56001853943,7.89103194451,12.2063271252,0,0,2.56001853943,
MC_G0_D045_DENS_REF_V_HIGH_S007,MC_G0_D045_DENS_REF_V_HIGH,7,2.57002234459,7.49606580453,11.1789154511,0,0,2.57002234459,
MC_G0_D045_DENS_REF_V_HIGH_S007,MC_G0_D045_DENS_REF_V_HIGH,7,2.58002614975,8.02342312957,12.4600924425,0,0,2.58002614975,
MC_G0_D045_DENS_REF_V_HIGH_S007,MC_G0_D045_DENS_REF_V_HIGH,7,2.59002995491,7.74797593531,14.0936312288,0,0,2.59002995491,
MC_G0_D045_DENS_REF_V_HIGH_S007,MC_G0_D045_DENS_REF_V_HIGH,7,2.60003399849,6.59057119408,8.61276240637,0,0,2.60003399849,
MC_G0_D045_DENS_REF_V_HIGH_S007,MC_G0_D045_DENS_REF_V_HIGH,7,2.61000180244,7.73921151452,13.8551542266,0,0,2.61000180244,
MC_G0_D045_DENS_REF_V_HIGH_S007,MC_G0_D045_DENS_REF_V_HIGH,7,2.6200056076,7.72443273158,9.79028092692,0,0,2.6200056076,
MC_G0_D045_DENS_REF_V_HIGH_S007,MC_G0_D045_DENS_REF_V_HIGH,7,2.63000941277,7.41620204444,10.7723448429,0,0,2.63000941277,
MC_G0_D045_DENS_REF_V_HIGH_S007,MC_G0_D045_DENS_REF_V_HIGH,7,2.64001321793,6.96974617955,11.7138062339,0,0,2.64001321793,
MC_G0_D045_DENS_REF_V_HIGH_S007,MC_G0_D045_DENS_REF_V_HIGH,7,2.65001726151,9.22009545395,11.4123523975,0,0,2.65001726151,
MC_G0_D045_DENS_REF_V_HIGH_S007,MC_G0_D045_DENS_REF_V_HIGH,7,2.66002106667,7.91817639724,13.4034129478,0,0,2.66002106667,
MC_G0_D045_DENS_REF_V_HIGH_S007,MC_G0_D045_DENS_REF_V_HIGH,7,2.67002487183,8.65653682661,16.0099198869,0,0,2.67002487183,
MC_G0_D045_DENS_REF_V_HIGH_S007,MC_G0_D045_DENS_REF_V_HIGH,7,2.68002867699,6.82017154124,10.8368255398,0,0,2.68002867699,
MC_G0_D045_DENS_REF_V_HIGH_S007,MC_G0_D045_DENS_REF_V_HIGH,7,2.69003248215,7.5330615,12.999816647,0,0,2.69003248215,
MC_G0_D045_DENS_REF_V_HIGH_S007,MC_G0_D045_DENS_REF_V_HIGH,7,2.70000052452,7.17619476309,11.7768323677,0,0,2.70000052452,
MC_G0_D045_DENS_REF_V_HIGH_S007,MC_G0_D045_DENS_REF_V_HIGH,7,2.71000432968,7.18401358738,12.3007137438,0,0,2.71000432968,
MC_G0_D045_DENS_REF_V_HIGH_S007,MC_G0_D045_DENS_REF_V_HIGH,7,2.72000813484,8.85205271817,17.4431656813,0,0,2.72000813484,
MC_G0_D045_DENS_REF_V_HIGH_S007,MC_G0_D045_DENS_REF_V_HIGH,7,2.73001194,7.46479895019,10.6088452084,0,0,2.73001194,
MC_G0_D045_DENS_REF_V_HIGH_S007,MC_G0_D045_DENS_REF_V_HIGH,7,2.74001574516,7.61609438992,15.3891420725,0,0,2.74001574516,
MC_G0_D045_DENS_REF_V_HIGH_S007,MC_G0_D045_DENS_REF_V_HIGH,7,2.75001955032,7.69384207084,11.3369626725,0,0,2.75001955032,
MC_G0_D045_DENS_REF_V_HIGH_S007,MC_G0_D045_DENS_REF_V_HIGH,7,2.76002335548,9.49527401284,16.1071337845,0,0,2.76002335548,
MC_G0_D045_DENS_REF_V_HIGH_S007,MC_G0_D045_DENS_REF_V_HIGH,7,2.77002739906,7.72771161814,12.2581037905,0,0,2.77002739906,
MC_G0_D045_DENS_REF_V_HIGH_S007,MC_G0_D045_DENS_REF_V_HIGH,7,2.78003120422,9.1358751957,22.0163701583,0,0,2.78003120422,
MC_G0_D045_DENS_REF_V_HIGH_S007,MC_G0_D045_DENS_REF_V_HIGH,7,2.79003500938,8.02178368629,16.9806506521,0,0,2.79003500938,
MC_G0_D045_DENS_REF_V_HIGH_S007,MC_G0_D045_DENS_REF_V_HIGH,7,2.80000281334,7.08276107922,11.0394923599,0,0,2.80000281334,
MC_G0_D045_DENS_REF_V_HIGH_S007,MC_G0_D045_DENS_REF_V_HIGH,7,2.8100066185,8.46569519047,14.0300168225,0,0,2.8100066185,
MC_G0_D045_DENS_REF_V_HIGH_S007,MC_G0_D045_DENS_REF_V_HIGH,7,2.82001066208,7.59067073861,12.8872629574,0,0,2.82001066208,
MC_G0_D045_DENS_REF_V_HIGH_S007,MC_G0_D045_DENS_REF_V_HIGH,7,2.83001446724,8.32604317515,11.6251174059,0,0,2.83001446724,
MC_G0_D045_DENS_REF_V_HIGH_S007,MC_G0_D045_DENS_REF_V_HIGH,7,2.8400182724,7.60928947226,12.7710646869,0,0,2.8400182724,
MC_G0_D045_DENS_REF_V_HIGH_S007,MC_G0_D045_DENS_REF_V_HIGH,7,2.85002207756,9.54735243297,16.5017843593,0,0,2.85002207756,
MC_G0_D045_DENS_REF_V_HIGH_S007,MC_G0_D045_DENS_REF_V_HIGH,7,2.86002588272,8.31038710586,12.7487964801,0,0,2.86002588272,
MC_G0_D045_DENS_REF_V_HIGH_S007,MC_G0_D045_DENS_REF_V_HIGH,7,2.87002968788,8.7806901162,13.9503513952,0,0,2.87002968788,
MC_G0_D045_DENS_REF_V_HIGH_S007,MC_G0_D045_DENS_REF_V_HIGH,7,2.88003349304,7.44818653898,10.7916811329,0,0,2.88003349304,
MC_G0_D045_DENS_REF_V_HIGH_S007,MC_G0_D045_DENS_REF_V_HIGH,7,2.89000153542,8.43652138941,13.6647425879,0,0,2.89000153542,
MC_G0_D045_DENS_REF_V_HIGH_S007,MC_G0_D045_DENS_REF_V_HIGH,7,2.90000534058,9.06520951063,16.565087893,0,0,2.90000534058,
MC_G0_D045_DENS_REF_V_HIGH_S007,MC_G0_D045_DENS_REF_V_HIGH,7,2.91000914574,7.8009730884,10.6355988128,0,0,2.91000914574,
MC_G0_D045_DENS_REF_V_HIGH_S007,MC_G0_D045_DENS_REF_V_HIGH,7,2.9200129509,10.0187952248,16.5593546044,0,0,2.9200129509,
MC_G0_D045_DENS_REF_V_HIGH_S007,MC_G0_D045_DENS_REF_V_HIGH,7,2.93001675606,8.90997510887,13.8584728247,0,0,2.93001675606,
MC_G0_D045_DENS_REF_V_HIGH_S007,MC_G0_D045_DENS_REF_V_HIGH,7,2.94002056122,8.58508902885,14.59961098,0,0,2.94002056122,
MC_G0_D045_DENS_REF_V_HIGH_S007,MC_G0_D045_DENS_REF_V_HIGH,7,2.95002436638,9.25085266862,15.7340025467,0,0,2.95002436638,
MC_G0_D045_DENS_REF_V_HIGH_S007,MC_G0_D045_DENS_REF_V_HIGH,7,2.96002817154,10.4374619121,18.809415354,0,0,2.96002817154,
MC_G0_D045_DENS_REF_V_HIGH_S007,MC_G0_D045_DENS_REF_V_HIGH,7,2.97003221512,8.5724524211,10.2424054895,0,0,2.97003221512,
MC_G0_D045_DENS_REF_V_HIGH_S007,MC_G0_D045_DENS_REF_V_HIGH,7,2.98003602028,10.6102167126,21.3960867086,0,0,2.98003602028,
MC_G0_D045_DENS_REF_V_HIGH_S007,MC_G0_D045_DENS_REF_V_HIGH,7,2.99000382423,8.67665377809,13.4766001078,0,0,2.99000382423,
MC_G0_D045_DENS_REF_V_HIGH_S007,MC_G0_D045_DENS_REF_V_HIGH,7,3.00000762939,10.0023301793,13.8722846742,0,0,3.00000762939,
MC_G0_D045_DENS_REF_V_HIGH_S007,MC_G0_D045_DENS_REF_V_HIGH,7,3.01001143456,8.20744680005,12.0180706945,0,0,3.01001143456,
MC_G0_D045_DENS_REF_V_HIGH_S007,MC_G0_D045_DENS_REF_V_HIGH,7,3.02001523972,8.58735784642,14.6126948757,0,0,3.02001523972,
MC_G0_D045_DENS_REF_V_HIGH_S007,MC_G0_D045_DENS_REF_V_HIGH,7,3.03001904488,8.42086148247,14.300189269,0,0,3.03001904488,
MC_G0_D045_DENS_REF_V_HIGH_S007,MC_G0_D045_DENS_REF_V_HIGH,7,3.04002285004,7.73459482382,12.405151073,0,0,3.04002285004,
MC_G0_D045_DENS_REF_V_HIGH_S007,MC_G0_D045_DENS_REF_V_HIGH,7,3.05002689362,11.4159132835,19.6115834348,0,0,3.05002689362,
MC_G0_D045_DENS_REF_V_HIGH_S007,MC_G0_D045_DENS_REF_V_HIGH,7,3.06003069878,9.97779455976,16.2268384947,0,0,3.06003069878,
MC_G0_D045_DENS_REF_V_HIGH_S007,MC_G0_D045_DENS_REF_V_HIGH,7,3.07003450394,9.6907146865,15.113361151,0,0,3.07003450394,
MC_G0_D045_DENS_REF_V_HIGH_S007,MC_G0_D045_DENS_REF_V_HIGH,7,3.08000230789,9.56050098298,17.06951764,0,0,3.08000230789,
MC_G0_D045_DENS_REF_V_HIGH_S007,MC_G0_D045_DENS_REF_V_HIGH,7,3.09000611305,8.15960821357,16.6083866623,0,0,3.09000611305,
MC_G0_D045_DENS_REF_V_HIGH_S007,MC_G0_D045_DENS_REF_V_HIGH,7,3.10000991821,10.3407639247,14.8802200352,0,0,3.10000991821,
MC_G0_D045_DENS_REF_V_HIGH_S007,MC_G0_D045_DENS_REF_V_HIGH,7,3.11001372337,9.21874920698,17.361267673,0,0,3.11001372337,
MC_G0_D045_DENS_REF_V_HIGH_S007,MC_G0_D045_DENS_REF_V_HIGH,7,3.12001752853,9.11288921848,16.6957166075,0,0,3.12001752853,
MC_G0_D045_DENS_REF_V_HIGH_S007,MC_G0_D045_DENS_REF_V_HIGH,7,3.13002133369,10.5322418429,14.6854938157,0,0,3.13002133369,
MC_G0_D045_DENS_REF_V_HIGH_S007,MC_G0_D045_DENS_REF_V_HIGH,7,3.14002513885,9.482531486,16.8054620683,0,0,3.14002513885,
MC_G0_D045_DENS_REF_V_HIGH_S007,MC_G0_D045_DENS_REF_V_HIGH,7,3.15002918243,10.1543210009,17.9968250946,0,0,3.15002918243,
MC_G0_D045_DENS_REF_V_HIGH_S007,MC_G0_D045_DENS_REF_V_HIGH,7,3.16003298759,9.6381243241,16.3667906116,0,0,3.16003298759,
MC_G0_D045_DENS_REF_V_HIGH_S007,MC_G0_D045_DENS_REF_V_HIGH,7,3.17000079155,10.0383710679,15.6986328912,0,0,3.17000079155,
MC_G0_D045_DENS_REF_V_HIGH_S007,MC_G0_D045_DENS_REF_V_HIGH,7,3.18000459671,11.5619741712,21.7259349436,0,0,3.18000459671,
MC_G0_D045_DENS_REF_V_HIGH_S007,MC_G0_D045_DENS_REF_V_HIGH,7,3.19000840187,11.4641555906,18.2894329761,0,0,3.19000840187,
MC_G0_D045_DENS_REF_V_HIGH_S007,MC_G0_D045_DENS_REF_V_HIGH,7,3.20001220703,10.1633632674,15.2765536305,0,0,3.20001220703,
MC_G0_D045_DENS_REF_V_HIGH_S007,MC_G0_D045_DENS_REF_V_HIGH,7,3.21001601219,9.53377329884,22.743498019,0,0,3.21001601219,
MC_G0_D045_DENS_REF_V_HIGH_S007,MC_G0_D045_DENS_REF_V_HIGH,7,3.22001981735,9.55601477232,16.6223463461,0,0,3.22001981735,
MC_G0_D045_DENS_REF_V_HIGH_S007,MC_G0_D045_DENS_REF_V_HIGH,7,3.23002362251,9.39449507046,13.5918704265,0,0,3.23002362251,
MC_G0_D045_DENS_REF_V_HIGH_S007,MC_G0_D045_DENS_REF_V_HIGH,7,3.24002742767,10.4418368309,15.56498927,0,0,3.24002742767,
MC_G0_D045_DENS_REF_V_HIGH_S007,MC_G0_D045_DENS_REF_V_HIGH,7,3.25003123283,9.8513908733,15.3041211434,0,0,3.25003123283,
MC_G0_D045_DENS_REF_V_HIGH_S007,MC_G0_D045_DENS_REF_V_HIGH,7,3.26003503799,8.74002332653,15.0307035869,0,0,3.26003503799,
MC_G0_D045_DENS_REF_V_HIGH_S007,MC_G0_D045_DENS_REF_V_HIGH,7,3.27000284195,9.30319358388,16.2295786103,0,0,3.27000284195,
MC_G0_D045_DENS_REF_V_HIGH_S007,MC_G0_D045_DENS_REF_V_HIGH,7,3.28000688553,8.68235422061,13.57280743,0,0,3.28000688553,
MC_G0_D045_DENS_REF_V_HIGH_S007,MC_G0_D045_DENS_REF_V_HIGH,7,3.29001069069,9.13906658388,14.9332710097,0,0,3.29001069069,
MC_G0_D045_DENS_REF_V_HIGH_S007,MC_G0_D045_DENS_REF_V_HIGH,7,3.30001449585,9.39935353298,14.3048196149,0,0,3.30001449585,
MC_G0_D045_DENS_REF_V_HIGH_S007,MC_G0_D045_DENS_REF_V_HIGH,7,3.31001830101,10.6734527109,16.7301031652,0,0,3.31001830101,
MC_G0_D045_DENS_REF_V_HIGH_S007,MC_G0_D045_DENS_REF_V_HIGH,7,3.32002210617,10.43209688,16.5260925447,0,0,3.32002210617,
MC_G0_D045_DENS_REF_V_HIGH_S007,MC_G0_D045_DENS_REF_V_HIGH,7,3.33002591133,13.2519316455,20.8740195849,0,0,3.33002591133,
MC_G0_D045_DENS_REF_V_HIGH_S007,MC_G0_D045_DENS_REF_V_HIGH,7,3.34002971649,8.83680957981,12.5574435791,0,0,3.34002971649,
MC_G0_D045_DENS_REF_V_HIGH_S007,MC_G0_D045_DENS_REF_V_HIGH,7,3.35003352165,9.75840772932,13.4854018328,0,0,3.35003352165,
MC_G0_D045_DENS_REF_V_HIGH_S007,MC_G0_D045_DENS_REF_V_HIGH,7,3.36000132561,8.91228767563,12.585439729,0,0,3.36000132561,
MC_G0_D045_DENS_REF_V_HIGH_S007,MC_G0_D045_DENS_REF_V_HIGH,7,3.37000513077,8.35217986148,19.1005045301,0,0,3.37000513077,
MC_G0_D045_DENS_REF_V_HIGH_S007,MC_G0_D045_DENS_REF_V_HIGH,7,3.38000893593,10.4559977525,17.2732843021,0,0,3.38000893593,
MC_G0_D045_DENS_REF_V_HIGH_S007,MC_G0_D045_DENS_REF_V_HIGH,7,3.39001274109,10.6340062933,20.2418642883,0,0,3.39001274109,
MC_G0_D045_DENS_REF_V_HIGH_S007,MC_G0_D045_DENS_REF_V_HIGH,7,3.40001654625,10.4903093969,19.263454733,0,0,3.40001654625,
MC_G0_D045_DENS_REF_V_HIGH_S007,MC_G0_D045_DENS_REF_V_HIGH,7,3.41002035141,9.48835396574,15.7407355371,0,0,3.41002035141,
MC_G0_D045_DENS_REF_V_HIGH_S007,MC_G0_D045_DENS_REF_V_HIGH,7,3.42002415657,10.987706203,17.3946563502,0,0,3.42002415657,
MC_G0_D045_DENS_REF_V_HIGH_S007,MC_G0_D045_DENS_REF_V_HIGH,7,3.43002796173,11.2880643388,17.5521467133,0,0,3.43002796173,
MC_G0_D045_DENS_REF_V_HIGH_S007,MC_G0_D045_DENS_REF_V_HIGH,7,3.44003176689,10.8349225233,16.6483121523,0,0,3.44003176689,
MC_G0_D045_DENS_REF_V_HIGH_S007,MC_G0_D045_DENS_REF_V_HIGH,7,3.45003557205,9.30749558743,16.1436877333,0,0,3.45003557205,
MC_G0_D045_DENS_REF_V_HIGH_S007,MC_G0_D045_DENS_REF_V_HIGH,7,3.46000337601,12.0936972048,24.7180371419,0,0,3.46000337601,
MC_G0_D045_DENS_REF_V_HIGH_S007,MC_G0_D045_DENS_REF_V_HIGH,7,3.47000718117,11.5178826644,16.4641617327,0,0,3.47000718117,
MC_G0_D045_DENS_REF_V_HIGH_S007,MC_G0_D045_DENS_REF_V_HIGH,7,3.48001098633,11.7299265389,14.6151001814,0,0,3.48001098633,
MC_G0_D045_DENS_REF_V_HIGH_S007,MC_G0_D045_DENS_REF_V_HIGH,7,3.49001479149,10.1526355058,15.2214973831,0,0,3.49001479149,
MC_G0_D045_DENS_REF_V_HIGH_S007,MC_G0_D045_DENS_REF_V_HIGH,7,3.50001859665,12.5830856068,22.18840872,0,0,3.50001859665,
MC_G0_D045_DENS_REF_V_HIGH_S007,MC_G0_D045_DENS_REF_V_HIGH,7,3.51002240181,9.82417427279,19.1935701759,0,0,3.51002240181,
MC_G0_D045_DENS_REF_V_HIGH_S007,MC_G0_D045_DENS_REF_V_HIGH,7,3.52002620697,10.7362519848,19.3044668399,0,0,3.52002620697,
MC_G0_D045_DENS_REF_V_HIGH_S007,MC_G0_D045_DENS_REF_V_HIGH,7,3.53003001213,10.6104423663,17.6339454762,0,0,3.53003001213,
MC_G0_D045_DENS_REF_V_HIGH_S007,MC_G0_D045_DENS_REF_V_HIGH,7,3.54003381729,12.170171554,19.9554571566,0,0,3.54003381729,
MC_G0_D045_DENS_REF_V_HIGH_S007,MC_G0_D045_DENS_REF_V_HIGH,7,3.55000162125,10.4522453002,16.8784800433,0,0,3.55000162125,
MC_G0_D045_DENS_REF_V_HIGH_S007,MC_G0_D045_DENS_REF_V_HIGH,7,3.56000542641,11.0535226359,18.40022151,0,0,3.56000542641,
MC_G0_D045_DENS_REF_V_HIGH_S007,MC_G0_D045_DENS_REF_V_HIGH,7,3.57000923157,12.8517754702,21.3893445925,0,0,3.57000923157,
MC_G0_D045_DENS_REF_V_HIGH_S007,MC_G0_D045_DENS_REF_V_HIGH,7,3.58001303673,12.8123175397,25.9195874114,0,0,3.58001303673,
MC_G0_D045_DENS_REF_V_HIGH_S007,MC_G0_D045_DENS_REF_V_HIGH,7,3.59001684189,11.5699541767,22.5707885626,0,0,3.59001684189,
MC_G0_D045_DENS_REF_V_HIGH_S007,MC_G0_D045_DENS_REF_V_HIGH,7,3.60002064705,12.0383621564,18.5241328183,0,0,3.60002064705,
MC_G0_D045_DENS_REF_V_HIGH_S007,MC_G0_D045_DENS_REF_V_HIGH,7,3.61002445221,11.2312448882,22.2791216138,0,0,3.61002445221,
MC_G0_D045_DENS_REF_V_HIGH_S007,MC_G0_D045_DENS_REF_V_HIGH,7,3.62002825737,11.5886151245,23.4839109901,0,0,3.62002825737,
MC_G0_D045_DENS_REF_V_HIGH_S007,MC_G0_D045_DENS_REF_V_HIGH,7,3.63003206253,11.1266160172,20.2748176893,0,0,3.63003206253,
MC_G0_D045_DENS_REF_V_HIGH_S007,MC_G0_D045_DENS_REF_V_HIGH,7,3.64003586769,12.4982129483,22.189885989,0,0,3.64003586769,
MC_G0_D045_DENS_REF_V_HIGH_S007,MC_G0_D045_DENS_REF_V_HIGH,7,3.65000367165,10.520236912,17.8675399186,0,0,3.65000367165,
MC_G0_D045_DENS_REF_V_HIGH_S007,MC_G0_D045_DENS_REF_V_HIGH,7,3.66000747681,11.642995366,18.0134952192,0,0,3.66000747681,
MC_G0_D045_DENS_REF_V_HIGH_S007,MC_G0_D045_DENS_REF_V_HIGH,7,3.67001128197,13.0747489666,19.9396123397,0,0,3.67001128197,
MC_G0_D045_DENS_REF_V_HIGH_S007,MC_G0_D045_DENS_REF_V_HIGH,7,3.68001508713,10.9540001395,19.3400013313,0,0,3.68001508713,
MC_G0_D045_DENS_REF_V_HIGH_S007,MC_G0_D045_DENS_REF_V_HIGH,7,3.69001889229,13.3513436176,21.8322801121,0,0,3.69001889229,
MC_G0_D045_DENS_REF_V_HIGH_S007,MC_G0_D045_DENS_REF_V_HIGH,7,3.70002269745,12.136386435,23.6474869329,0,0,3.70002269745,
MC_G0_D045_DENS_REF_V_HIGH_S007,MC_G0_D045_DENS_REF_V_HIGH,7,3.71002650261,13.7988993525,21.8251733458,0,0,3.71002650261,
MC_G0_D045_DENS_REF_V_HIGH_S007,MC_G0_D045_DENS_REF_V_HIGH,7,3.72003030777,12.3104890175,14.8288257325,0,0,3.72003030777,
MC_G0_D045_DENS_REF_V_HIGH_S007,MC_G0_D045_DENS_REF_V_HIGH,7,3.73003411293,11.4441959827,26.2319778179,0,0,3.73003411293,
MC_G0_D045_DENS_REF_V_HIGH_S007,MC_G0_D045_DENS_REF_V_HIGH,7,3.74000191689,11.5279818192,22.5778141306,0,0,3.74000191689,
MC_G0_D045_DENS_REF_V_HIGH_S007,MC_G0_D045_DENS_REF_V_HIGH,7,3.75000572205,10.3965871219,22.2736191326,0,0,3.75000572205,
MC_G0_D045_DENS_REF_V_HIGH_S007,MC_G0_D045_DENS_REF_V_HIGH,7,3.76000952721,12.5270782025,21.4444288394,0,0,3.76000952721,
MC_G0_D045_DENS_REF_V_HIGH_S007,MC_G0_D045_DENS_REF_V_HIGH,7,3.77001333237,11.3139914895,19.2716545265,0,0,3.77001333237,
MC_G0_D045_DENS_REF_V_HIGH_S007,MC_G0_D045_DENS_REF_V_HIGH,7,3.78001713753,13.4868878144,21.3860581257,0,0,3.78001713753,
MC_G0_D045_DENS_REF_V_HIGH_S007,MC_G0_D045_DENS_REF_V_HIGH,7,3.79002070427,12.9126682006,21.9216915908,0,0,3.79002070427,
MC_G0_D045_DENS_REF_V_HIGH_S007,MC_G0_D045_DENS_REF_V_HIGH,7,3.80002450943,11.5058209363,18.5666603155,0,0,3.80002450943,
MC_G0_D045_DENS_REF_V_HIGH_S007,MC_G0_D045_DENS_REF_V_HIGH,7,3.81002831459,12.9956535036,19.752897148,0,0,3.81002831459,
MC_G0_D045_DENS_REF_V_HIGH_S007,MC_G0_D045_DENS_REF_V_HIGH,7,3.82003211975,12.4963808551,21.5439401496,0,0,3.82003211975,
MC_G0_D045_DENS_REF_V_HIGH_S007,MC_G0_D045_DENS_REF_V_HIGH,7,3.83003592491,12.1533595851,15.9834757291,0,0,3.83003592491,
MC_G0_D045_DENS_REF_V_HIGH_S007,MC_G0_D045_DENS_REF_V_HIGH,7,3.84000372887,13.5856182202,31.6182247871,0,0,3.84000372887,
MC_G0_D045_DENS_REF_V_HIGH_S007,MC_G0_D045_DENS_REF_V_HIGH,7,3.85000753403,14.0980378837,29.8261360178,0,0,3.85000753403,
MC_G0_D045_DENS_REF_V_HIGH_S007,MC_G0_D045_DENS_REF_V_HIGH,7,3.86001133919,12.7048633922,21.6504971353,0,0,3.86001133919,
MC_G0_D045_DENS_REF_V_HIGH_S007,MC_G0_D045_DENS_REF_V_HIGH,7,3.87001514435,12.1726291839,23.06776858,0,0,3.87001514435,
MC_G0_D045_DENS_REF_V_HIGH_S007,MC_G0_D045_DENS_REF_V_HIGH,7,3.88001894951,11.9868969925,22.3773422712,0,0,3.88001894951,
MC_G0_D045_DENS_REF_V_HIGH_S007,MC_G0_D045_DENS_REF_V_HIGH,7,3.89002275467,11.14851594,22.7585217682,0,0,3.89002275467,
MC_G0_D045_DENS_REF_V_HIGH_S007,MC_G0_D045_DENS_REF_V_HIGH,7,3.90002632141,12.1163316534,18.9973688507,0,0,3.90002632141,
MC_G0_D045_DENS_REF_V_HIGH_S007,MC_G0_D045_DENS_REF_V_HIGH,7,3.91003012657,12.3256369822,17.8526159445,0,0,3.91003012657,
MC_G0_D045_DENS_REF_V_HIGH_S007,MC_G0_D045_DENS_REF_V_HIGH,7,3.92003393173,15.2261682775,26.4548623855,0,0,3.92003393173,
MC_G0_D045_DENS_REF_V_HIGH_S007,MC_G0_D045_DENS_REF_V_HIGH,7,3.93000173569,12.7616045548,19.1698033062,0,0,3.93000173569,
MC_G0_D045_DENS_REF_V_HIGH_S007,MC_G0_D045_DENS_REF_V_HIGH,7,3.94000554085,14.0906910901,21.354425387,0,0,3.94000554085,
MC_G0_D045_DENS_REF_V_HIGH_S007,MC_G0_D045_DENS_REF_V_HIGH,7,3.95000934601,12.362991114,23.4785168956,0,0,3.95000934601,
MC_G0_D045_DENS_REF_V_HIGH_S007,MC_G0_D045_DENS_REF_V_HIGH,7,3.96001315117,12.5819926446,26.3625735643,0,0,3.96001315117,
MC_G0_D045_DENS_REF_V_HIGH_S007,MC_G0_D045_DENS_REF_V_HIGH,7,3.97001695633,11.8499896631,17.7243840106,0,0,3.97001695633,
MC_G0_D045_DENS_REF_V_HIGH_S007,MC_G0_D045_DENS_REF_V_HIGH,7,3.98002076149,13.1167251618,24.581939799,0,0,3.98002076149,
MC_G0_D045_DENS_REF_V_HIGH_S007,MC_G0_D045_DENS_REF_V_HIGH,7,3.99002432823,12.5138306411,21.2785303933,0,0,3.99002432823,
MC_G0_D045_DENS_REF_V_HIGH_S007,MC_G0_D045_DENS_REF_V_HIGH,7,4.00002813339,11.389835697,28.1084518293,0,0,4.00002813339,
MC_G0_D045_DENS_REF_V_HIGH_S007,MC_G0_D045_DENS_REF_V_HIGH,7,4.01003217697,13.2563955978,22.8515640338,0,0,4.01003217697,
MC_G0_D045_DENS_REF_V_HIGH_S007,MC_G0_D045_DENS_REF_V_HIGH,7,4.02003574371,14.6504964976,25.465775581,0,0,4.02003574371,
MC_G0_D045_DENS_REF_V_HIGH_S007,MC_G0_D045_DENS_REF_V_HIGH,7,4.03000354767,12.2840844634,19.8189480637,0,0,4.03000354767,
MC_G0_D045_DENS_REF_V_HIGH_S007,MC_G0_D045_DENS_REF_V_HIGH,7,4.04000711441,12.3305468692,21.4547129944,0,0,4.04000711441,
MC_G0_D045_DENS_REF_V_HIGH_S007,MC_G0_D045_DENS_REF_V_HIGH,7,4.05001115799,14.6243099218,22.8697533978,0,0,4.05001115799,
MC_G0_D045_DENS_REF_V_HIGH_S007,MC_G0_D045_DENS_REF_V_HIGH,7,4.06001472473,14.6948904111,22.6616857763,0,0,4.06001472473,
MC_G0_D045_DENS_REF_V_HIGH_S007,MC_G0_D045_DENS_REF_V_HIGH,7,4.07001876831,15.0280535306,24.5182259718,0,0,4.07001876831,
MC_G0_D045_DENS_REF_V_HIGH_S007,MC_G0_D045_DENS_REF_V_HIGH,7,4.08002233505,14.1255108391,23.6257526046,0,0,4.08002233505,
MC_G0_D045_DENS_REF_V_HIGH_S007,MC_G0_D045_DENS_REF_V_HIGH,7,4.09002637863,13.2057064063,24.1372133882,0,0,4.09002637863,
MC_G0_D045_DENS_REF_V_HIGH_S007,MC_G0_D045_DENS_REF_V_HIGH,7,4.10002994537,12.8686979634,25.4258474601,0,0,4.10002994537,
MC_G0_D045_DENS_REF_V_HIGH_S007,MC_G0_D045_DENS_REF_V_HIGH,7,4.11003351212,12.3908754653,23.8060143912,0,0,4.11003351212,
MC_G0_D045_DENS_REF_V_HIGH_S007,MC_G0_D045_DENS_REF_V_HIGH,7,4.12000131607,12.796015978,24.5484599507,0,0,4.12000131607,
MC_G0_D045_DENS_REF_V_HIGH_S007,MC_G0_D045_DENS_REF_V_HIGH,7,4.13000535965,14.2497969113,24.3810838165,0,0,4.13000535965,
MC_G0_D045_DENS_REF_V_HIGH_S007,MC_G0_D045_DENS_REF_V_HIGH,7,4.14000892639,12.4700568916,21.5695329997,0,0,4.14000892639,
MC_G0_D045_DENS_REF_V_HIGH_S007,MC_G0_D045_DENS_REF_V_HIGH,7,4.15001296997,14.1816725168,27.0597335668,0,0,4.15001296997,
MC_G0_D045_DENS_REF_V_HIGH_S007,MC_G0_D045_DENS_REF_V_HIGH,7,4.16001653671,15.3737918555,26.1107688728,0,0,4.16001653671,
MC_G0_D045_DENS_REF_V_HIGH_S007,MC_G0_D045_DENS_REF_V_HIGH,7,4.17002010345,13.6504744735,21.9836620063,0,0,4.17002010345,
MC_G0_D045_DENS_REF_V_HIGH_S007,MC_G0_D045_DENS_REF_V_HIGH,7,4.18002414703,13.5293306676,24.7194673994,0,0,4.18002414703,
MC_G0_D045_DENS_REF_V_HIGH_S007,MC_G0_D045_DENS_REF_V_HIGH,7,4.19002771378,13.6139646243,22.3092956838,0,0,4.19002771378,
MC_G0_D045_DENS_REF_V_HIGH_S007,MC_G0_D045_DENS_REF_V_HIGH,7,4.20003175735,14.3918589696,28.9137162597,0,0,4.20003175735,
MC_G0_D045_DENS_REF_V_HIGH_S007,MC_G0_D045_DENS_REF_V_HIGH,7,4.2100353241,16.1131255124,28.6952432544,0,0,4.2100353241,
MC_G0_D045_DENS_REF_V_HIGH_S007,MC_G0_D045_DENS_REF_V_HIGH,7,4.22000312805,15.5405622275,28.3554069741,0,0,4.22000312805,
MC_G0_D045_DENS_REF_V_HIGH_S007,MC_G0_D045_DENS_REF_V_HIGH,7,4.23000669479,14.1040645263,27.2745890138,0,0,4.23000669479,
MC_G0_D045_DENS_REF_V_HIGH_S007,MC_G0_D045_DENS_REF_V_HIGH,7,4.24001073837,13.8169915608,24.0935218054,0,0,4.24001073837,
MC_G0_D045_DENS_REF_V_HIGH_S007,MC_G0_D045_DENS_REF_V_HIGH,7,4.25001430511,13.8972582739,27.8273565865,0,0,4.25001430511,
MC_G0_D045_DENS_REF_V_HIGH_S007,MC_G0_D045_DENS_REF_V_HIGH,7,4.26001834869,15.7172536875,28.1974026964,0,0,4.26001834869,
MC_G0_D045_DENS_REF_V_HIGH_S007,MC_G0_D045_DENS_REF_V_HIGH,7,4.27002191544,13.8811815984,22.556214385,0,0,4.27002191544,
MC_G0_D045_DENS_REF_V_HIGH_S007,MC_G0_D045_DENS_REF_V_HIGH,7,4.28002548218,14.1412697573,24.1779798835,0,0,4.28002548218,
MC_G0_D045_DENS_REF_V_HIGH_S007,MC_G0_D045_DENS_REF_V_HIGH,7,4.29002952576,13.9874291894,24.3071730595,0,0,4.29002952576,
MC_G0_D045_DENS_REF_V_HIGH_S007,MC_G0_D045_DENS_REF_V_HIGH,7,4.3000330925,15.0785247437,22.5344096366,0,0,4.3000330925,
MC_G0_D045_DENS_REF_V_HIGH_S007,MC_G0_D045_DENS_REF_V_HIGH,7,4.31000089645,15.7541012497,29.6419982571,0,0,4.31000089645,
MC_G0_D045_DENS_REF_V_HIGH_S007,MC_G0_D045_DENS_REF_V_HIGH,7,4.3200044632,15.074076142,27.5213602906,0,0,4.3200044632,
MC_G0_D045_DENS_REF_V_HIGH_S007,MC_G0_D045_DENS_REF_V_HIGH,7,4.33000850677,14.7974983766,25.8612195689,0,0,4.33000850677,
MC_G0_D045_DENS_REF_V_HIGH_S007,MC_G0_D045_DENS_REF_V_HIGH,7,4.34001207352,15.1392041008,26.3894603192,0,0,4.34001207352,
MC_G0_D045_DENS_REF_V_HIGH_S007,MC_G0_D045_DENS_REF_V_HIGH,7,4.3500161171,15.6854088833,29.524799249,0,0,4.3500161171,
MC_G0_D045_DENS_REF_V_HIGH_S007,MC_G0_D045_DENS_REF_V_HIGH,7,4.36001968384,15.5164019299,31.0968207862,0,0,4.36001968384,
MC_G0_D045_DENS_REF_V_HIGH_S007,MC_G0_D045_DENS_REF_V_HIGH,7,4.37002325058,15.9857877424,32.1741695962,0,0,4.37002325058,
MC_G0_D045_DENS_REF_V_HIGH_S007,MC_G0_D045_DENS_REF_V_HIGH,7,4.38002729416,14.1691341529,27.3577740935,0,0,4.38002729416,
MC_G0_D045_DENS_REF_V_HIGH_S007,MC_G0_D045_DENS_REF_V_HIGH,7,4.3900308609,16.2462842271,26.4132984496,0,0,4.3900308609,
MC_G0_D045_DENS_REF_V_HIGH_S007,MC_G0_D045_DENS_REF_V_HIGH,7,4.40003490448,15.6889410546,24.8166980134,0,0,4.40003490448,
MC_G0_D045_DENS_REF_V_HIGH_S007,MC_G0_D045_DENS_REF_V_HIGH,7,4.41000270844,13.8225008884,23.6402601659,0,0,4.41000270844,
MC_G0_D045_DENS_REF_V_HIGH_S007,MC_G0_D045_DENS_REF_V_HIGH,7,4.42000627518,15.9467987725,25.223009333,0,0,4.42000627518,
MC_G0_D045_DENS_REF_V_HIGH_S007,MC_G0_D045_DENS_REF_V_HIGH,7,4.43000984192,15.861211544,25.5030878362,0,0,4.43000984192,
MC_G0_D045_DENS_REF_V_HIGH_S007,MC_G0_D045_DENS_REF_V_HIGH,7,4.4400138855,16.1722068728,24.3876119741,0,0,4.4400138855,
MC_G0_D045_DENS_REF_V_HIGH_S007,MC_G0_D045_DENS_REF_V_HIGH,7,4.45001745224,15.2614884558,30.9732975098,0,0,4.45001745224,
MC_G0_D045_DENS_REF_V_HIGH_S007,MC_G0_D045_DENS_REF_V_HIGH,7,4.46002101898,16.3540285008,32.0109028864,0,0,4.46002101898,
MC_G0_D045_DENS_REF_V_HIGH_S007,MC_G0_D045_DENS_REF_V_HIGH,7,4.47002506256,14.2992027933,25.2264847858,0,0,4.47002506256,
MC_G0_D045_DENS_REF_V_HIGH_S007,MC_G0_D045_DENS_REF_V_HIGH,7,4.4800286293,13.9328163864,27.0471232995,0,0,4.4800286293,
MC_G0_D045_DENS_REF_V_HIGH_S007,MC_G0_D045_DENS_REF_V_HIGH,7,4.49003267288,14.6286556746,24.7486246389,0,0,4.49003267288,
MC_G0_D045_DENS_REF_V_HIGH_S007,MC_G0_D045_DENS_REF_V_HIGH,7,4.5,16.30387658,29.008911707,0,0,4.5,
MC_G0_D045_DENS_REF_V_HIGH_S007,MC_G0_D045_DENS_REF_V_HIGH,7,4.51000404358,14.1323034763,24.7436964744,0,0,4.51000404358,
MC_G0_D045_DENS_REF_V_HIGH_S007,MC_G0_D045_DENS_REF_V_HIGH,7,4.52000761032,15.4455128938,26.1319454565,0,0,4.52000761032,
MC_G0_D045_DENS_REF_V_HIGH_S007,MC_G0_D045_DENS_REF_V_HIGH,7,4.5300116539,15.7587678298,26.3864641121,0,0,4.5300116539,
MC_G0_D045_DENS_REF_V_HIGH_S007,MC_G0_D045_DENS_REF_V_HIGH,7,4.54001522064,16.5373652323,26.174527896,0,0,4.54001522064,
MC_G0_D045_DENS_REF_V_HIGH_S007,MC_G0_D045_DENS_REF_V_HIGH,7,4.55001878738,14.8284267504,25.3988824267,0,0,4.55001878738,
MC_G0_D045_DENS_REF_V_HIGH_S007,MC_G0_D045_DENS_REF_V_HIGH,7,4.56002283096,20.1389458068,27.6007281417,0,0,4.56002283096,
MC_G0_D045_DENS_REF_V_HIGH_S007,MC_G0_D045_DENS_REF_V_HIGH,7,4.57002639771,17.8564646721,32.0500665055,0,0,4.57002639771,
MC_G0_D045_DENS_REF_V_HIGH_S007,MC_G0_D045_DENS_REF_V_HIGH,7,4.58002996445,16.1446694449,25.7250809294,0,0,4.58002996445,
MC_G0_D045_DENS_REF_V_HIGH_S007,MC_G0_D045_DENS_REF_V_HIGH,7,4.59003400803,15.8863220432,31.2143614528,0,0,4.59003400803,
MC_G0_D045_DENS_REF_V_HIGH_S007,MC_G0_D045_DENS_REF_V_HIGH,7,4.60000181198,14.3502972404,26.7947445684,0,0,4.60000181198,
MC_G0_D045_DENS_REF_V_HIGH_S007,MC_G0_D045_DENS_REF_V_HIGH,7,4.61000537872,14.6289642215,28.7614843711,0,0,4.61000537872,
MC_G0_D045_DENS_REF_V_HIGH_S007,MC_G0_D045_DENS_REF_V_HIGH,7,4.62000894547,15.8336510902,28.2562198128,0,0,4.62000894547,
MC_G0_D045_DENS_REF_V_HIGH_S007,MC_G0_D045_DENS_REF_V_HIGH,7,4.63001298904,17.1366170573,29.1942094909,0,0,4.63001298904,
MC_G0_D045_DENS_REF_V_HIGH_S007,MC_G0_D045_DENS_REF_V_HIGH,7,4.64001655579,17.2193981975,30.1908171517,0,0,4.64001655579,
MC_G0_D045_DENS_REF_V_HIGH_S007,MC_G0_D045_DENS_REF_V_HIGH,7,4.65002012253,16.4636547572,28.1314236061,0,0,4.65002012253,
MC_G0_D045_DENS_REF_V_HIGH_S007,MC_G0_D045_DENS_REF_V_HIGH,7,4.66002416611,18.1470882297,30.5870007334,0,0,4.66002416611,
MC_G0_D045_DENS_REF_V_HIGH_S007,MC_G0_D045_DENS_REF_V_HIGH,7,4.67002773285,16.2672761623,27.4408937443,0,0,4.67002773285,
MC_G0_D045_DENS_REF_V_HIGH_S007,MC_G0_D045_DENS_REF_V_HIGH,7,4.68003129959,16.7752395488,30.2361384379,0,0,4.68003129959,
MC_G0_D045_DENS_REF_V_HIGH_S007,MC_G0_D045_DENS_REF_V_HIGH,7,4.69003534317,15.518111986,24.7131037211,0,0,4.69003534317,
MC_G0_D045_DENS_REF_V_HIGH_S007,MC_G0_D045_DENS_REF_V_HIGH,7,4.70000314713,17.3932206317,34.696092493,0,0,4.70000314713,
MC_G0_D045_DENS_REF_V_HIGH_S007,MC_G0_D045_DENS_REF_V_HIGH,7,4.71000671387,16.1100553939,33.9144619268,0,0,4.71000671387,
MC_G0_D045_DENS_REF_V_HIGH_S007,MC_G0_D045_DENS_REF_V_HIGH,7,4.72001028061,17.843221716,30.6801264741,0,0,4.72001028061,
MC_G0_D045_DENS_REF_V_HIGH_S007,MC_G0_D045_DENS_REF_V_HIGH,7,4.73001432419,18.008100895,33.6245817708,0,0,4.73001432419,
MC_G0_D045_DENS_REF_V_HIGH_S007,MC_G0_D045_DENS_REF_V_HIGH,7,4.74001789093,16.050676232,29.8353890011,0,0,4.74001789093,
MC_G0_D045_DENS_REF_V_HIGH_S007,MC_G0_D045_DENS_REF_V_HIGH,7,4.75002145767,15.4463280102,27.0384715841,0,0,4.75002145767,
MC_G0_D045_DENS_REF_V_HIGH_S007,MC_G0_D045_DENS_REF_V_HIGH,7,4.76002550125,15.5867843966,29.4121122973,0,0,4.76002550125,
MC_G0_D045_DENS_REF_V_HIGH_S007,MC_G0_D045_DENS_REF_V_HIGH,7,4.77002906799,17.479214651,27.8625539927,0,0,4.77002906799,
MC_G0_D045_DENS_REF_V_HIGH_S007,MC_G0_D045_DENS_REF_V_HIGH,7,4.78003263474,16.8529764843,27.1145985413,0,0,4.78003263474,
MC_G0_D045_DENS_REF_V_HIGH_S007,MC_G0_D045_DENS_REF_V_HIGH,7,4.79000043869,15.5419161498,29.3172227081,0,0,4.79000043869,
MC_G0_D045_DENS_REF_V_HIGH_S007,MC_G0_D045_DENS_REF_V_HIGH,7,4.80000448227,16.4229710819,26.3660863567,0,0,4.80000448227,
MC_G0_D045_DENS_REF_V_HIGH_S007,MC_G0_D045_DENS_REF_V_HIGH,7,4.81000804901,16.00982063,32.3615556893,0,0,4.81000804901,
MC_G0_D045_DENS_REF_V_HIGH_S007,MC_G0_D045_DENS_REF_V_HIGH,7,4.82001161575,18.5701889356,27.0858121132,0,0,4.82001161575,
MC_G0_D045_DENS_REF_V_HIGH_S007,MC_G0_D045_DENS_REF_V_HIGH,7,4.83001565933,18.0941071947,35.297473577,0,0,4.83001565933,
MC_G0_D045_DENS_REF_V_HIGH_S007,MC_G0_D045_DENS_REF_V_HIGH,7,4.84001922607,14.8421363645,30.7117669488,0,0,4.84001922607,
MC_G0_D045_DENS_REF_V_HIGH_S007,MC_G0_D045_DENS_REF_V_HIGH,7,4.85002279282,16.2632834732,30.6512276969,0,0,4.85002279282,
MC_G0_D045_DENS_REF_V_HIGH_S007,MC_G0_D045_DENS_REF_V_HIGH,7,4.8600268364,17.681065732,29.0359073537,0,0,4.8600268364,
MC_G0_D045_DENS_REF_V_HIGH_S007,MC_G0_D045_DENS_REF_V_HIGH,7,4.87003040314,17.4642616388,31.9595220478,0,0,4.87003040314,
MC_G0_D045_DENS_REF_V_HIGH_S007,MC_G0_D045_DENS_REF_V_HIGH,7,4.88003396988,16.6795639109,30.8549597905,0,0,4.88003396988,
MC_G0_D045_DENS_REF_V_HIGH_S007,MC_G0_D045_DENS_REF_V_HIGH,7,4.89000177383,17.2157662473,29.4815651795,0,0,4.89000177383,
MC_G0_D045_DENS_REF_V_HIGH_S007,MC_G0_D045_DENS_REF_V_HIGH,7,4.90000581741,18.0924585411,30.3353748712,0,0,4.90000581741,
MC_G0_D045_DENS_REF_V_HIGH_S007,MC_G0_D045_DENS_REF_V_HIGH,7,4.91000938416,18.9828174673,33.5463205354,0,0,4.91000938416,
MC_G0_D045_DENS_REF_V_HIGH_S007,MC_G0_D045_DENS_REF_V_HIGH,7,4.9200129509,16.9720111188,32.1982861301,0,0,4.9200129509,
MC_G0_D045_DENS_REF_V_HIGH_S007,MC_G0_D045_DENS_REF_V_HIGH,7,4.93001651764,17.970820446,27.9235678372,0,0,4.93001651764,
MC_G0_D045_DENS_REF_V_HIGH_S007,MC_G0_D045_DENS_REF_V_HIGH,7,4.94002056122,16.7698607012,34.2806018199,0,0,4.94002056122,
MC_G0_D045_DENS_REF_V_HIGH_S007,MC_G0_D045_DENS_REF_V_HIGH,7,4.95002412796,17.5104807378,35.1138600192,0,0,4.95002412796,
MC_G0_D045_DENS_REF_V_HIGH_S007,MC_G0_D045_DENS_REF_V_HIGH,7,4.9600276947,17.4978318495,32.7899954092,0,0,4.9600276947,
MC_G0_D045_DENS_REF_V_HIGH_S007,MC_G0_D045_DENS_REF_V_HIGH,7,4.97003173828,17.5903851769,36.0506693376,0,0,4.97003173828,
MC_G0_D045_DENS_REF_V_HIGH_S007,MC_G0_D045_DENS_REF_V_HIGH,7,4.98003530502,18.3873127219,34.7345605244,0,0,4.98003530502,
MC_G0_D045_DENS_REF_V_HIGH_S007,MC_G0_D045_DENS_REF_V_HIGH,7,4.99000310898,16.5988412851,29.8234418907,0,0,4.99000310898,
MC_G0_D045_DENS_REF_V_HIGH_S007,MC_G0_D045_DENS_REF_V_HIGH,7,5.00000667572,17.5707133926,31.8596888663,0,0,5.00000667572,
MC_G0_D045_DENS_REF_V_HIGH_S007,MC_G0_D045_DENS_REF_V_HIGH,7,5.0100107193,18.5333567239,33.164208396,0,0,5.0100107193,
MC_G0_D045_DENS_REF_V_HIGH_S007,MC_G0_D045_DENS_REF_V_HIGH,7,5.02001428604,19.5738152787,33.8368270824,0,0,5.02001428604,
MC_G0_D045_DENS_REF_V_HIGH_S007,MC_G0_D045_DENS_REF_V_HIGH,7,5.03001785278,17.520590638,31.0101379456,0,0,5.03001785278,
MC_G0_D045_DENS_REF_V_HIGH_S007,MC_G0_D045_DENS_REF_V_HIGH,7,5.04002189636,17.5341651669,34.3576762265,0,0,5.04002189636,
MC_G0_D045_DENS_REF_V_HIGH_S007,MC_G0_D045_DENS_REF_V_HIGH,7,5.0500254631,16.0283487952,37.1754932426,0,0,5.0500254631,
MC_G0_D045_DENS_REF_V_HIGH_S007,MC_G0_D045_DENS_REF_V_HIGH,7,5.06002902985,21.3488810431,32.5412963536,0,0,5.06002902985,
MC_G0_D045_DENS_REF_V_HIGH_S007,MC_G0_D045_DENS_REF_V_HIGH,7,5.07003259659,16.7844023175,33.5086413382,0,0,5.07003259659,
MC_G0_D045_DENS_REF_V_HIGH_S007,MC_G0_D045_DENS_REF_V_HIGH,7,5.08000040054,17.2535148894,33.1777718789,0,0,5.08000040054,
MC_G0_D045_DENS_REF_V_HIGH_S007,MC_G0_D045_DENS_REF_V_HIGH,7,5.09000444412,17.5364032833,35.5949379958,0,0,5.09000444412,
MC_G0_D045_DENS_REF_V_HIGH_S007,MC_G0_D045_DENS_REF_V_HIGH,7,5.10000801086,17.0246713264,31.3391144505,0,0,5.10000801086,
MC_G0_D045_DENS_REF_V_HIGH_S007,MC_G0_D045_DENS_REF_V_HIGH,7,5.11001157761,17.1334287392,31.906285842,0,0,5.11001157761,
MC_G0_D045_DENS_REF_V_HIGH_S007,MC_G0_D045_DENS_REF_V_HIGH,7,5.12001562119,17.0854197612,34.9918651573,0,0,5.12001562119,
MC_G0_D045_DENS_REF_V_HIGH_S007,MC_G0_D045_DENS_REF_V_HIGH,7,5.13001918793,17.9613276396,34.2781046315,0,0,5.13001918793,
MC_G0_D045_DENS_REF_V_HIGH_S007,MC_G0_D045_DENS_REF_V_HIGH,7,5.14002275467,16.1806021119,30.5065539007,0,0,5.14002275467,
MC_G0_D045_DENS_REF_V_HIGH_S007,MC_G0_D045_DENS_REF_V_HIGH,7,5.15002632141,19.2180668325,33.2452908061,0,0,5.15002632141,
MC_G0_D045_DENS_REF_V_HIGH_S007,MC_G0_D045_DENS_REF_V_HIGH,7,5.16003036499,18.2004990812,31.6504854756,0,0,5.16003036499,
MC_G0_D045_DENS_REF_V_HIGH_S007,MC_G0_D045_DENS_REF_V_HIGH,7,5.17003393173,17.4478503203,35.5998126515,0,0,5.17003393173,
MC_G0_D045_DENS_REF_V_HIGH_S007,MC_G0_D045_DENS_REF_V_HIGH,7,5.18000173569,17.4104869782,42.6576866534,0,0,5.18000173569,
MC_G0_D045_DENS_REF_V_HIGH_S007,MC_G0_D045_DENS_REF_V_HIGH,7,5.19000530243,17.873663476,37.7070920203,0,0,5.19000530243,
MC_G0_D045_DENS_REF_V_HIGH_S007,MC_G0_D045_DENS_REF_V_HIGH,7,5.20000934601,17.4777425291,40.411524502,0,0,5.20000934601,
MC_G0_D045_DENS_REF_V_HIGH_S007,MC_G0_D045_DENS_REF_V_HIGH,7,5.21001291275,17.7035620254,38.1666957514,0,0,5.21001291275,
MC_G0_D045_DENS_REF_V_HIGH_S007,MC_G0_D045_DENS_REF_V_HIGH,7,5.22001647949,16.9364422609,33.9574607775,0,0,5.22001647949,
MC_G0_D045_DENS_REF_V_HIGH_S007,MC_G0_D045_DENS_REF_V_HIGH,7,5.23002004623,16.8032497749,35.3062746718,0,0,5.23002004623,
MC_G0_D045_DENS_REF_V_HIGH_S007,MC_G0_D045_DENS_REF_V_HIGH,7,5.24002408981,18.6405775425,37.1447705806,0,0,5.24002408981,
MC_G0_D045_DENS_REF_V_HIGH_S007,MC_G0_D045_DENS_REF_V_HIGH,7,5.25002765656,19.233600097,34.6814808475,0,0,5.25002765656,
MC_G0_D045_DENS_REF_V_HIGH_S007,MC_G0_D045_DENS_REF_V_HIGH,7,5.2600312233,17.3775384664,33.9261030285,0,0,5.2600312233,
MC_G0_D045_DENS_REF_V_HIGH_S007,MC_G0_D045_DENS_REF_V_HIGH,7,5.27003526688,18.1764692637,33.0179941738,0,0,5.27003526688,
MC_G0_D045_DENS_REF_V_HIGH_S007,MC_G0_D045_DENS_REF_V_HIGH,7,5.28000259399,17.9744493261,33.9596716042,0,0,5.28000259399,
MC_G0_D045_DENS_REF_V_HIGH_S007,MC_G0_D045_DENS_REF_V_HIGH,7,5.29000663757,18.9720075801,37.574771458,0,0,5.29000663757,
MC_G0_D045_DENS_REF_V_HIGH_S007,MC_G0_D045_DENS_REF_V_HIGH,7,5.30001020432,17.673990644,37.5687043784,0,0,5.30001020432,
MC_G0_D045_DENS_REF_V_HIGH_S007,MC_G0_D045_DENS_REF_V_HIGH,7,5.31001377106,18.5014198162,37.3195433409,0,0,5.31001377106,
MC_G0_D045_DENS_REF_V_HIGH_S007,MC_G0_D045_DENS_REF_V_HIGH,7,5.32001781464,16.9026371861,45.13857359,0,0,5.32001781464,
MC_G0_D045_DENS_REF_V_HIGH_S007,MC_G0_D045_DENS_REF_V_HIGH,7,5.33002138138,17.7315139192,43.9690987665,0,0,5.33002138138,
MC_G0_D045_DENS_REF_V_HIGH_S007,MC_G0_D045_DENS_REF_V_HIGH,7,5.34002494812,17.7871199055,37.9075788314,0,0,5.34002494812,
MC_G0_D045_DENS_REF_V_HIGH_S007,MC_G0_D045_DENS_REF_V_HIGH,7,5.35002851486,17.3439928166,34.8000412575,0,0,5.35002851486,
MC_G0_D045_DENS_REF_V_HIGH_S007,MC_G0_D045_DENS_REF_V_HIGH,7,5.36003255844,15.8606865537,34.6256867651,0,0,5.36003255844,
MC_G0_D045_DENS_REF_V_HIGH_S007,MC_G0_D045_DENS_REF_V_HIGH,7,5.3700003624,16.478908641,35.1891432838,0,0,5.3700003624,
MC_G0_D045_DENS_REF_V_HIGH_S007,MC_G0_D045_DENS_REF_V_HIGH,7,5.38000392914,18.9847838782,36.8053770569,0,0,5.38000392914,
MC_G0_D045_DENS_REF_V_HIGH_S007,MC_G0_D045_DENS_REF_V_HIGH,7,5.39000749588,19.7629929107,38.0218157258,0,0,5.39000749588,
MC_G0_D045_DENS_REF_V_HIGH_S007,MC_G0_D045_DENS_REF_V_HIGH,7,5.40001106262,19.5172314597,37.832625008,0,0,5.40001106262,
MC_G0_D045_DENS_REF_V_HIGH_S007,MC_G0_D045_DENS_REF_V_HIGH,7,5.4100151062,18.5416613945,38.0423914731,0,0,5.4100151062,
MC_G0_D045_DENS_REF_V_HIGH_S007,MC_G0_D045_DENS_REF_V_HIGH,7,5.42001867294,19.2269348698,39.870325448,0,0,5.42001867294,
MC_G0_D045_DENS_REF_V_HIGH_S007,MC_G0_D045_DENS_REF_V_HIGH,7,5.43002223969,18.254278347,39.1173661319,0,0,5.43002223969,
MC_G0_D045_DENS_REF_V_HIGH_S007,MC_G0_D045_DENS_REF_V_HIGH,7,5.44002580643,18.7478029662,42.1877901292,0,0,5.44002580643,
MC_G0_D045_DENS_REF_V_HIGH_S007,MC_G0_D045_DENS_REF_V_HIGH,7,5.45002985001,17.8645360137,39.5678824561,0,0,5.45002985001,
MC_G0_D045_DENS_REF_V_HIGH_S007,MC_G0_D045_DENS_REF_V_HIGH,7,5.46003341675,16.132987644,42.781697145,0,0,5.46003341675,
MC_G0_D045_DENS_REF_V_HIGH_S007,MC_G0_D045_DENS_REF_V_HIGH,7,5.4700012207,19.4458742304,38.4076908538,0,0,5.4700012207,
MC_G0_D045_DENS_REF_V_HIGH_S007,MC_G0_D045_DENS_REF_V_HIGH,7,5.48000478745,19.6662718974,37.155582111,0,0,5.48000478745,
MC_G0_D045_DENS_REF_V_HIGH_S007,MC_G0_D045_DENS_REF_V_HIGH,7,5.49000835419,19.9169286523,38.1458930188,0,0,5.49000835419,
MC_G0_D045_DENS_REF_V_HIGH_S007,MC_G0_D045_DENS_REF_V_HIGH,7,5.50001239777,19.2688957144,38.7455835241,0,0,5.50001239777,
MC_G0_D045_DENS_REF_V_HIGH_S007,MC_G0_D045_DENS_REF_V_HIGH,7,5.51001596451,17.9093704892,37.3644605878,0,0,5.51001596451,
MC_G0_D045_DENS_REF_V_HIGH_S007,MC_G0_D045_DENS_REF_V_HIGH,7,5.52001953125,18.9053261413,38.6274185456,0,0,5.52001953125,
MC_G0_D045_DENS_REF_V_HIGH_S007,MC_G0_D045_DENS_REF_V_HIGH,7,5.53002309799,18.3520585511,40.6244854853,0,0,5.53002309799,
MC_G0_D045_DENS_REF_V_HIGH_S007,MC_G0_D045_DENS_REF_V_HIGH,7,5.54002714157,20.2006567237,43.4063411987,0,0,5.54002714157,
MC_G0_D045_DENS_REF_V_HIGH_S007,MC_G0_D045_DENS_REF_V_HIGH,7,5.55003070831,18.1565764309,42.8598254699,0,0,5.55003070831,
MC_G0_D045_DENS_REF_V_HIGH_S007,MC_G0_D045_DENS_REF_V_HIGH,7,5.56003427505,19.5245997441,45.630498544,0,0,5.56003427505,
MC_G0_D045_DENS_REF_V_HIGH_S007,MC_G0_D045_DENS_REF_V_HIGH,7,5.57000207901,16.1874638267,34.049994399,0,0,5.57000207901,
MC_G0_D045_DENS_REF_V_HIGH_S007,MC_G0_D045_DENS_REF_V_HIGH,7,5.58000564575,20.4924116199,40.6468500234,0,0,5.58000564575,
MC_G0_D045_DENS_REF_V_HIGH_S007,MC_G0_D045_DENS_REF_V_HIGH,7,5.59000968933,19.6461442005,40.8463163339,0,0,5.59000968933,
MC_G0_D045_DENS_REF_V_HIGH_S007,MC_G0_D045_DENS_REF_V_HIGH,7,5.60001325607,19.9795897709,39.5253915414,0,0,5.60001325607,
MC_G0_D045_DENS_REF_V_HIGH_S007,MC_G0_D045_DENS_REF_V_HIGH,7,5.61001682281,18.4327228446,37.8400603131,0,0,5.61001682281,
MC_G0_D045_DENS_REF_V_HIGH_S007,MC_G0_D045_DENS_REF_V_HIGH,7,5.62002038956,18.9370251148,36.4883087998,0,0,5.62002038956,
MC_G0_D045_DENS_REF_V_HIGH_S007,MC_G0_D045_DENS_REF_V_HIGH,7,5.63002443314,18.5031897395,37.8596918988,0,0,5.63002443314,
MC_G0_D045_DENS_REF_V_HIGH_S007,MC_G0_D045_DENS_REF_V_HIGH,7,5.64002799988,19.1326791617,40.3784588896,0,0,5.64002799988,
MC_G0_D045_DENS_REF_V_HIGH_S007,MC_G0_D045_DENS_REF_V_HIGH,7,5.65003156662,19.1550434399,38.9253034531,0,0,5.65003156662,
MC_G0_D045_DENS_REF_V_HIGH_S007,MC_G0_D045_DENS_REF_V_HIGH,7,5.66003513336,19.4069696888,42.75829513,0,0,5.66003513336,
MC_G0_D045_DENS_REF_V_HIGH_S007,MC_G0_D045_DENS_REF_V_HIGH,7,5.67000293732,18.7243395855,44.9435229273,0,0,5.67000293732,
MC_G0_D045_DENS_REF_V_HIGH_S007,MC_G0_D045_DENS_REF_V_HIGH,7,5.68000650406,20.1603184367,45.5474525683,0,0,5.68000650406,
MC_G0_D045_DENS_REF_V_HIGH_S007,MC_G0_D045_DENS_REF_V_HIGH,7,5.69001054764,19.3413366955,41.6471126017,0,0,5.69001054764,
MC_G0_D045_DENS_REF_V_HIGH_S007,MC_G0_D045_DENS_REF_V_HIGH,7,5.70001411438,18.972965457,40.9765126401,0,0,5.70001411438,
MC_G0_D045_DENS_REF_V_HIGH_S007,MC_G0_D045_DENS_REF_V_HIGH,7,5.71001768112,18.2752257655,38.8441356747,0,0,5.71001768112,
MC_G0_D045_DENS_REF_V_HIGH_S007,MC_G0_D045_DENS_REF_V_HIGH,7,5.72002124786,20.0809589436,44.784072714,0,0,5.72002124786,
MC_G0_D045_DENS_REF_V_HIGH_S007,MC_G0_D045_DENS_REF_V_HIGH,7,5.73002529144,19.5224291703,41.9706000741,0,0,5.73002529144,
MC_G0_D045_DENS_REF_V_HIGH_S007,MC_G0_D045_DENS_REF_V_HIGH,7,5.74002885818,19.7097063989,40.0374254359,0,0,5.74002885818,
MC_G0_D045_DENS_REF_V_HIGH_S007,MC_G0_D045_DENS_REF_V_HIGH,7,5.75003242493,19.2034791644,41.0665161045,0,0,5.75003242493,
MC_G0_D045_DENS_REF_V_HIGH_S007,MC_G0_D045_DENS_REF_V_HIGH,7,5.76000022888,19.1828755992,39.453232315,0,0,5.76000022888,
MC_G0_D045_DENS_REF_V_HIGH_S007,MC_G0_D045_DENS_REF_V_HIGH,7,5.77000379562,19.9325002933,42.3951776349,0,0,5.77000379562,
MC_G0_D045_DENS_REF_V_HIGH_S007,MC_G0_D045_DENS_REF_V_HIGH,7,5.78000736237,20.9386303181,46.9701687994,0,0,5.78000736237,
MC_G0_D045_DENS_REF_V_HIGH_S007,MC_G0_D045_DENS_REF_V_HIGH,7,5.79001140594,19.4540100445,46.3218825413,0,0,5.79001140594,
MC_G0_D045_DENS_REF_V_HIGH_S007,MC_G0_D045_DENS_REF_V_HIGH,7,5.80001497269,19.5074408518,41.4305260441,0,0,5.80001497269,
MC_G0_D045_DENS_REF_V_HIGH_S007,MC_G0_D045_DENS_REF_V_HIGH,7,5.81001853943,17.9288611365,44.0112389141,0,0,5.81001853943,
MC_G0_D045_DENS_REF_V_HIGH_S007,MC_G0_D045_DENS_REF_V_HIGH,7,5.82002210617,18.5599332047,41.8085683129,0,0,5.82002210617,
MC_G0_D045_DENS_REF_V_HIGH_S007,MC_G0_D045_DENS_REF_V_HIGH,7,5.83002614975,18.4643819066,42.769699186,0,0,5.83002614975,
MC_G0_D045_DENS_REF_V_HIGH_S007,MC_G0_D045_DENS_REF_V_HIGH,7,5.84002971649,19.4454444139,43.2818501515,0,0,5.84002971649,
MC_G0_D045_DENS_REF_V_HIGH_S007,MC_G0_D045_DENS_REF_V_HIGH,7,5.85003328323,18.868116305,43.242284501,0,0,5.85003328323,
MC_G0_D045_DENS_REF_V_HIGH_S007,MC_G0_D045_DENS_REF_V_HIGH,7,5.86000108719,21.3256985783,44.5902294411,0,0,5.86000108719,
MC_G0_D045_DENS_REF_V_HIGH_S007,MC_G0_D045_DENS_REF_V_HIGH,7,5.87000465393,21.4325433073,44.8412328438,0,0,5.87000465393,
MC_G0_D045_DENS_REF_V_HIGH_S007,MC_G0_D045_DENS_REF_V_HIGH,7,5.88000822067,19.5266260223,41.9802886627,0,0,5.88000822067,
MC_G0_D045_DENS_REF_V_HIGH_S007,MC_G0_D045_DENS_REF_V_HIGH,7,5.89001226425,20.4342052432,45.3414991161,0,0,5.89001226425,
MC_G0_D045_DENS_REF_V_HIGH_S007,MC_G0_D045_DENS_REF_V_HIGH,7,5.90001583099,19.4697060253,46.7075948767,0,0,5.90001583099,
MC_G0_D045_DENS_REF_V_HIGH_S007,MC_G0_D045_DENS_REF_V_HIGH,7,5.91001939774,19.9701583669,45.8414829464,0,0,5.91001939774,
MC_G0_D045_DENS_REF_V_HIGH_S007,MC_G0_D045_DENS_REF_V_HIGH,7,5.92002296448,18.0677256664,49.2543837755,0,0,5.92002296448,
MC_G0_D045_DENS_REF_V_HIGH_S007,MC_G0_D045_DENS_REF_V_HIGH,7,5.93002653122,19.0923439448,45.4645389227,0,0,5.93002653122,
MC_G0_D045_DENS_REF_V_HIGH_S007,MC_G0_D045_DENS_REF_V_HIGH,7,5.9400305748,20.0799212435,45.7857992468,0,0,5.9400305748,
MC_G0_D045_DENS_REF_V_HIGH_S007,MC_G0_D045_DENS_REF_V_HIGH,7,5.95003414154,18.3430584988,45.2195372932,0,0,5.95003414154,
MC_G0_D045_DENS_REF_V_HIGH_S007,MC_G0_D045_DENS_REF_V_HIGH,7,5.9600019455,20.8241010825,46.5527685697,0,0,5.9600019455,
MC_G0_D045_DENS_REF_V_HIGH_S007,MC_G0_D045_DENS_REF_V_HIGH,7,5.97000551224,23.2633455379,49.9774465298,0,0,5.97000551224,
MC_G0_D045_DENS_REF_V_HIGH_S007,MC_G0_D045_DENS_REF_V_HIGH,7,5.98000907898,20.4761768333,45.0472480441,0,0,5.98000907898,
MC_G0_D045_DENS_REF_V_HIGH_S007,MC_G0_D045_DENS_REF_V_HIGH,7,5.99001264572,20.3716101322,48.4746814758,0,0,5.99001264572,
MC_G0_D045_DENS_REF_V_HIGH_S007,MC_G0_D045_DENS_REF_V_HIGH,7,6.0000166893,21.8012369082,47.8472032309,0,0,6.0000166893,
MC_G0_D045_DENS_REF_V_HIGH_S007,MC_G0_D045_DENS_REF_V_HIGH,7,6.01002025604,19.2023247999,45.2285896345,0,0,6.01002025604,
MC_G0_D045_DENS_REF_V_HIGH_S007,MC_G0_D045_DENS_REF_V_HIGH,7,6.02002382278,20.6712229967,48.1486999171,0,0,6.02002382278,
MC_G0_D045_DENS_REF_V_HIGH_S007,MC_G0_D045_DENS_REF_V_HIGH,7,6.03002738953,20.3235136557,47.429592788,0,0,6.03002738953,
MC_G0_D045_DENS_REF_V_HIGH_S007,MC_G0_D045_DENS_REF_V_HIGH,7,6.04003143311,18.3908433582,44.1969460725,0,0,6.04003143311,
MC_G0_D045_DENS_REF_V_HIGH_S007,MC_G0_D045_DENS_REF_V_HIGH,7,6.05003499985,16.2460370825,49.9193075864,0,0,6.05003499985,
MC_G0_D045_DENS_REF_V_HIGH_S007,MC_G0_D045_DENS_REF_V_HIGH,7,6.0600028038,17.8209556815,44.0348866305,0,0,6.0600028038,
MC_G0_D045_DENS_REF_V_HIGH_S007,MC_G0_D045_DENS_REF_V_HIGH,7,6.07000637054,18.7021410937,44.3317300532,0,0,6.07000637054,
MC_G0_D045_DENS_REF_V_HIGH_S007,MC_G0_D045_DENS_REF_V_HIGH,7,6.08000993729,20.1083336552,47.1596852318,0,0,6.08000993729,
MC_G0_D045_DENS_REF_V_HIGH_S007,MC_G0_D045_DENS_REF_V_HIGH,7,6.09001350403,19.0076884973,46.0110292664,0,0,6.09001350403,
MC_G0_D045_DENS_REF_V_HIGH_S007,MC_G0_D045_DENS_REF_V_HIGH,7,6.10001754761,22.466005062,50.099558688,0,0,6.10001754761,
MC_G0_D045_DENS_REF_V_HIGH_S007,MC_G0_D045_DENS_REF_V_HIGH,7,6.11002111435,20.7446326002,47.3253300139,0,0,6.11002111435,
MC_G0_D045_DENS_REF_V_HIGH_S007,MC_G0_D045_DENS_REF_V_HIGH,7,6.12002468109,19.862748736,49.4993696438,0,0,6.12002468109,
MC_G0_D045_DENS_REF_V_HIGH_S007,MC_G0_D045_DENS_REF_V_HIGH,7,6.13002824783,20.7621890728,48.4461246213,0,0,6.13002824783,
MC_G0_D045_DENS_REF_V_HIGH_S007,MC_G0_D045_DENS_REF_V_HIGH,7,6.14003181458,19.1239446745,49.3872448978,0,0,6.14003181458,
MC_G0_D045_DENS_REF_V_HIGH_S007,MC_G0_D045_DENS_REF_V_HIGH,7,6.15003585815,20.2121512473,51.8183197529,0,0,6.15003585815,
MC_G0_D045_DENS_REF_V_HIGH_S007,MC_G0_D045_DENS_REF_V_HIGH,7,6.16000318527,19.297280495,59.6143876539,0,0,6.16000318527,
MC_G0_D045_DENS_REF_V_HIGH_S007,MC_G0_D045_DENS_REF_V_HIGH,7,6.17000722885,18.0996518287,45.7277171241,0,0,6.17000722885,
MC_G0_D045_DENS_REF_V_HIGH_S007,MC_G0_D045_DENS_REF_V_HIGH,7,6.18001079559,21.6967346796,52.4517686951,0,0,6.18001079559,
MC_G0_D045_DENS_REF_V_HIGH_S007,MC_G0_D045_DENS_REF_V_HIGH,7,6.19001436234,19.4615533256,48.259527203,0,0,6.19001436234,
MC_G0_D045_DENS_REF_V_HIGH_S007,MC_G0_D045_DENS_REF_V_HIGH,7,6.20001792908,20.9874467373,49.7506463476,0,0,6.20001792908,
MC_G0_D045_DENS_REF_V_HIGH_S007,MC_G0_D045_DENS_REF_V_HIGH,7,6.21002197266,18.8234015641,45.1485607641,0,0,6.21002197266,
MC_G0_D045_DENS_REF_V_HIGH_S007,MC_G0_D045_DENS_REF_V_HIGH,7,6.2200255394,20.2956062786,47.654412296,0,0,6.2200255394,
MC_G0_D045_DENS_REF_V_HIGH_S007,MC_G0_D045_DENS_REF_V_HIGH,7,6.23002910614,20.8603975585,49.9600639826,0,0,6.23002910614,
MC_G0_D045_DENS_REF_V_HIGH_S007,MC_G0_D045_DENS_REF_V_HIGH,7,6.24003267288,21.1728465884,50.5978767621,0,0,6.24003267288,
MC_G0_D045_DENS_REF_V_HIGH_S007,MC_G0_D045_DENS_REF_V_HIGH,7,6.25000047684,20.5076685738,52.2040711109,0,0,6.25000047684,
MC_G0_D045_DENS_REF_V_HIGH_S007,MC_G0_D045_DENS_REF_V_HIGH,7,6.26000404358,21.6194383061,53.7286099844,0,0,6.26000404358,
MC_G0_D045_DENS_REF_V_HIGH_S007,MC_G0_D045_DENS_REF_V_HIGH,7,6.27000761032,20.0756353581,51.3478624054,0,0,6.27000761032,
MC_G0_D045_DENS_REF_V_HIGH_S007,MC_G0_D045_DENS_REF_V_HIGH,7,6.2800116539,19.2198996932,55.7098073211,0,0,6.2800116539,
MC_G0_D045_DENS_REF_V_HIGH_S007,MC_G0_D045_DENS_REF_V_HIGH,7,6.29001522064,21.0384628965,52.1863483557,0,0,6.29001522064,
MC_G0_D045_DENS_REF_V_HIGH_S007,MC_G0_D045_DENS_REF_V_HIGH,7,6.30001878738,20.3844723936,51.526659379,0,0,6.30001878738,
MC_G0_D045_DENS_REF_V_HIGH_S007,MC_G0_D045_DENS_REF_V_HIGH,7,6.31002235413,20.2174993938,51.227199356,0,0,6.31002235413,
MC_G0_D045_DENS_REF_V_HIGH_S007,MC_G0_D045_DENS_REF_V_HIGH,7,6.32002592087,20.9763344434,50.6574397339,0,0,6.32002592087,
MC_G0_D045_DENS_REF_V_HIGH_S007,MC_G0_D045_DENS_REF_V_HIGH,7,6.33002996445,21.3175781148,53.0143957211,0,0,6.33002996445,
MC_G0_D045_DENS_REF_V_HIGH_S007,MC_G0_D045_DENS_REF_V_HIGH,7,6.34003353119,21.6006138745,51.3401717435,0,0,6.34003353119,
MC_G0_D045_DENS_REF_V_HIGH_S007,MC_G0_D045_DENS_REF_V_HIGH,7,6.35000133514,21.5300333852,54.0306014878,0,0,6.35000133514,
MC_G0_D045_DENS_REF_V_HIGH_S007,MC_G0_D045_DENS_REF_V_HIGH,7,6.36000490189,21.6253805204,54.3758964704,0,0,6.36000490189,
MC_G0_D045_DENS_REF_V_HIGH_S007,MC_G0_D045_DENS_REF_V_HIGH,7,6.37000846863,22.5105862528,56.6519000762,0,0,6.37000846863,
MC_G0_D045_DENS_REF_V_HIGH_S007,MC_G0_D045_DENS_REF_V_HIGH,7,6.38001203537,20.5544095929,52.593293147,0,0,6.38001203537,
MC_G0_D045_DENS_REF_V_HIGH_S007,MC_G0_D045_DENS_REF_V_HIGH,7,6.39001560211,21.1192131533,55.7182345552,0,0,6.39001560211,
MC_G0_D045_DENS_REF_V_HIGH_S007,MC_G0_D045_DENS_REF_V_HIGH,7,6.40001964569,16.4657884895,54.1938228914,0,0,6.40001964569,
MC_G0_D045_DENS_REF_V_HIGH_S007,MC_G0_D045_DENS_REF_V_HIGH,7,6.41002321243,19.8387803209,53.7580274313,0,0,6.41002321243,
MC_G0_D045_DENS_REF_V_HIGH_S007,MC_G0_D045_DENS_REF_V_HIGH,7,6.42002677917,19.5001754164,52.8243493226,0,0,6.42002677917,
MC_G0_D045_DENS_REF_V_HIGH_S007,MC_G0_D045_DENS_REF_V_HIGH,7,6.43003034592,20.6648540359,52.5005444798,0,0,6.43003034592,
MC_G0_D045_DENS_REF_V_HIGH_S007,MC_G0_D045_DENS_REF_V_HIGH,7,6.4400343895,21.4277677379,53.167188207,0,0,6.4400343895,
MC_G0_D045_DENS_REF_V_HIGH_S007,MC_G0_D045_DENS_REF_V_HIGH,7,6.45000171661,23.2785748607,56.01706605,0,0,6.45000171661,
MC_G0_D045_DENS_REF_V_HIGH_S007,MC_G0_D045_DENS_REF_V_HIGH,7,6.46000576019,20.1695779141,52.3542647805,0,0,6.46000576019,
MC_G0_D045_DENS_REF_V_HIGH_S007,MC_G0_D045_DENS_REF_V_HIGH,7,6.47000932693,23.7226153099,55.7571370524,0,0,6.47000932693,
MC_G0_D045_DENS_REF_V_HIGH_S007,MC_G0_D045_DENS_REF_V_HIGH,7,6.48001289368,22.2514145242,53.1103659703,0,0,6.48001289368,
MC_G0_D045_DENS_REF_V_HIGH_S007,MC_G0_D045_DENS_REF_V_HIGH,7,6.49001646042,22.0486301271,53.4802639064,0,0,6.49001646042,
MC_G0_D045_DENS_REF_V_HIGH_S007,MC_G0_D045_DENS_REF_V_HIGH,7,6.50002002716,21.6005893135,56.5982195926,0,0,6.50002002716,
MC_G0_D045_DENS_REF_V_HIGH_S007,MC_G0_D045_DENS_REF_V_HIGH,7,6.51002407074,20.1112287769,54.5431349872,0,0,6.51002407074,
MC_G0_D045_DENS_REF_V_HIGH_S007,MC_G0_D045_DENS_REF_V_HIGH,7,6.52002763748,21.730685585,60.0383223582,0,0,6.52002763748,
MC_G0_D045_DENS_REF_V_HIGH_S007,MC_G0_D045_DENS_REF_V_HIGH,7,6.53003120422,20.4026904768,55.7415756059,0,0,6.53003120422,
MC_G0_D045_DENS_REF_V_HIGH_S007,MC_G0_D045_DENS_REF_V_HIGH,7,6.54003477097,18.561910361,49.1853870034,0,0,6.54003477097,
MC_G0_D045_DENS_REF_V_HIGH_S007,MC_G0_D045_DENS_REF_V_HIGH,7,6.55000257492,20.9885704007,55.3755093568,0,0,6.55000257492,
MC_G0_D045_DENS_REF_V_HIGH_S007,MC_G0_D045_DENS_REF_V_HIGH,7,6.56000614166,20.9135674057,56.2911374716,0,0,6.56000614166,
MC_G0_D045_DENS_REF_V_HIGH_S007,MC_G0_D045_DENS_REF_V_HIGH,7,6.5700097084,20.8961598338,54.3532890819,0,0,6.5700097084,
MC_G0_D045_DENS_REF_V_HIGH_S007,MC_G0_D045_DENS_REF_V_HIGH,7,6.58001375198,23.1082324058,56.7065893886,0,0,6.58001375198,
MC_G0_D045_DENS_REF_V_HIGH_S007,MC_G0_D045_DENS_REF_V_HIGH,7,6.59001731873,23.0582478065,55.9637033976,0,0,6.59001731873,
MC_G0_D045_DENS_REF_V_HIGH_S007,MC_G0_D045_DENS_REF_V_HIGH,7,6.60002088547,20.2899541904,55.225685942,0,0,6.60002088547,
MC_G0_D045_DENS_REF_V_HIGH_S007,MC_G0_D045_DENS_REF_V_HIGH,7,6.61002445221,21.2534510146,57.6634528452,0,0,6.61002445221,
MC_G0_D045_DENS_REF_V_HIGH_S007,MC_G0_D045_DENS_REF_V_HIGH,7,6.62002801895,20.3367243756,55.6452420276,0,0,6.62002801895,
MC_G0_D045_DENS_REF_V_HIGH_S007,MC_G0_D045_DENS_REF_V_HIGH,7,6.63003206253,20.4136600102,58.9491418761,0,0,6.63003206253,
MC_G0_D045_DENS_REF_V_HIGH_S007,MC_G0_D045_DENS_REF_V_HIGH,7,6.64003562927,19.2081687704,59.4931589516,0,0,6.64003562927,
MC_G0_D045_DENS_REF_V_HIGH_S007,MC_G0_D045_DENS_REF_V_HIGH,7,6.65000343323,18.9133652466,53.0091836603,0,0,6.65000343323,
MC_G0_D045_DENS_REF_V_HIGH_S007,MC_G0_D045_DENS_REF_V_HIGH,7,6.66000699997,19.7216829312,56.6818022916,0,0,6.66000699997,
MC_G0_D045_DENS_REF_V_HIGH_S007,MC_G0_D045_DENS_REF_V_HIGH,7,6.67001056671,20.7471286065,55.8091446406,0,0,6.67001056671,
MC_G0_D045_DENS_REF_V_HIGH_S007,MC_G0_D045_DENS_REF_V_HIGH,7,6.68001413345,21.4143682057,57.7361779392,0,0,6.68001413345,
MC_G0_D045_DENS_REF_V_HIGH_S007,MC_G0_D045_DENS_REF_V_HIGH,7,6.6900177002,22.8303252791,56.4748180801,0,0,6.6900177002,
MC_G0_D045_DENS_REF_V_HIGH_S007,MC_G0_D045_DENS_REF_V_HIGH,7,6.70002174377,20.5823799075,57.0917970726,0,0,6.70002174377,
MC_G0_D045_DENS_REF_V_HIGH_S007,MC_G0_D045_DENS_REF_V_HIGH,7,6.71002531052,22.2164381992,56.6996045073,0,0,6.71002531052,
MC_G0_D045_DENS_REF_V_HIGH_S007,MC_G0_D045_DENS_REF_V_HIGH,7,6.72002887726,22.3642582648,57.5397397919,0,0,6.72002887726,
MC_G0_D045_DENS_REF_V_HIGH_S007,MC_G0_D045_DENS_REF_V_HIGH,7,6.730032444,22.935742403,59.1083989108,0,0,6.730032444,
MC_G0_D045_DENS_REF_V_HIGH_S007,MC_G0_D045_DENS_REF_V_HIGH,7,6.74000024796,23.8541376514,59.4020506873,0,0,6.74000024796,
MC_G0_D045_DENS_REF_V_HIGH_S007,MC_G0_D045_DENS_REF_V_HIGH,7,6.7500038147,22.3339101434,62.2230031149,0,0,6.7500038147,
MC_G0_D045_DENS_REF_V_HIGH_S007,MC_G0_D045_DENS_REF_V_HIGH,7,6.76000738144,19.1696894402,60.0926949164,0,0,6.76000738144,
MC_G0_D045_DENS_REF_V_HIGH_S007,MC_G0_D045_DENS_REF_V_HIGH,7,6.77001142502,20.1835500234,65.6018240143,0,0,6.77001142502,
MC_G0_D045_DENS_REF_V_HIGH_S007,MC_G0_D045_DENS_REF_V_HIGH,7,6.78001499176,21.2670838758,59.1447682015,0,0,6.78001499176,
MC_G0_D045_DENS_REF_V_HIGH_S007,MC_G0_D045_DENS_REF_V_HIGH,7,6.7900185585,21.5719051964,58.2518146685,0,0,6.7900185585,
MC_G0_D045_DENS_REF_V_HIGH_S007,MC_G0_D045_DENS_REF_V_HIGH,7,6.80002212524,22.7516765184,59.5622652089,0,0,6.80002212524,
MC_G0_D045_DENS_REF_V_HIGH_S007,MC_G0_D045_DENS_REF_V_HIGH,7,6.81002569199,23.2033922638,59.7927328712,0,0,6.81002569199,
MC_G0_D045_DENS_REF_V_HIGH_S007,MC_G0_D045_DENS_REF_V_HIGH,7,6.82002973557,22.1810366628,59.0145996949,0,0,6.82002973557,
MC_G0_D045_DENS_REF_V_HIGH_S007,MC_G0_D045_DENS_REF_V_HIGH,7,6.83003330231,24.6233113251,61.6541082065,0,0,6.83003330231,
MC_G0_D045_DENS_REF_V_HIGH_S007,MC_G0_D045_DENS_REF_V_HIGH,7,6.84000110626,22.8592381201,61.0141517468,0,0,6.84000110626,
MC_G0_D045_DENS_REF_V_HIGH_S007,MC_G0_D045_DENS_REF_V_HIGH,7,6.850004673,22.767443112,61.1215035198,0,0,6.850004673,
MC_G0_D045_DENS_REF_V_HIGH_S007,MC_G0_D045_DENS_REF_V_HIGH,7,6.86000823975,20.2829635306,59.9886260151,0,0,6.86000823975,
MC_G0_D045_DENS_REF_V_HIGH_S007,MC_G0_D045_DENS_REF_V_HIGH,7,6.87001180649,21.2691654162,62.6905452573,0,0,6.87001180649,
MC_G0_D045_DENS_REF_V_HIGH_S007,MC_G0_D045_DENS_REF_V_HIGH,7,6.88001537323,22.2193502066,65.0634169494,0,0,6.88001537323,
MC_G0_D045_DENS_REF_V_HIGH_S007,MC_G0_D045_DENS_REF_V_HIGH,7,6.89001941681,22.0200166227,64.4691445396,0,0,6.89001941681,
MC_G0_D045_DENS_REF_V_HIGH_S007,MC_G0_D045_DENS_REF_V_HIGH,7,6.90002298355,22.4262470274,65.59607105,0,0,6.90002298355,
MC_G0_D045_DENS_REF_V_HIGH_S007,MC_G0_D045_DENS_REF_V_HIGH,7,6.91002655029,21.2639999418,61.7197329677,0,0,6.91002655029,
MC_G0_D045_DENS_REF_V_HIGH_S007,MC_G0_D045_DENS_REF_V_HIGH,7,6.92003011703,21.306002233,60.654462726,0,0,6.92003011703,
MC_G0_D045_DENS_REF_V_HIGH_S007,MC_G0_D045_DENS_REF_V_HIGH,7,6.93003368378,23.9461352874,64.0960936908,0,0,6.93003368378,
MC_G0_D045_DENS_REF_V_HIGH_S007,MC_G0_D045_DENS_REF_V_HIGH,7,6.94000148773,23.1669468871,62.0160977172,0,0,6.94000148773,
MC_G0_D045_DENS_REF_V_HIGH_S007,MC_G0_D045_DENS_REF_V_HIGH,7,6.95000505447,22.8519020719,61.5491435977,0,0,6.95000505447,
MC_G0_D045_DENS_REF_V_HIGH_S007,MC_G0_D045_DENS_REF_V_HIGH,7,6.96000862122,20.9880991375,59.9788983885,0,0,6.96000862122,
MC_G0_D045_DENS_REF_V_HIGH_S007,MC_G0_D045_DENS_REF_V_HIGH,7,6.97001266479,21.5119503872,60.2564775508,0,0,6.97001266479,
MC_G0_D045_DENS_REF_V_HIGH_S007,MC_G0_D045_DENS_REF_V_HIGH,7,6.98001623154,22.6271402315,64.0669061706,0,0,6.98001623154,
MC_G0_D045_DENS_REF_V_HIGH_S007,MC_G0_D045_DENS_REF_V_HIGH,7,6.99001979828,22.0571266801,64.0660372433,0,0,6.99001979828,
MC_G0_D045_DENS_REF_V_HIGH_S007,MC_G0_D045_DENS_REF_V_HIGH,7,7.00002336502,20.3228136687,63.1597814845,0,0,7.00002336502,
MC_G0_D045_DENS_REF_V_HIGH_S007,MC_G0_D045_DENS_REF_V_HIGH,7,7.01002693176,21.091899844,64.6284984713,0,0,7.01002693176,
MC_G0_D045_DENS_REF_V_HIGH_S007,MC_G0_D045_DENS_REF_V_HIGH,7,7.02003097534,22.1724710321,63.1480429282,0,0,7.02003097534,
MC_G0_D045_DENS_REF_V_HIGH_S007,MC_G0_D045_DENS_REF_V_HIGH,7,7.03003454208,22.4016139316,62.5889711734,0,0,7.03003454208,
MC_G0_D045_DENS_REF_V_HIGH_S007,MC_G0_D045_DENS_REF_V_HIGH,7,7.04000234604,23.9419722067,64.2193949409,0,0,7.04000234604,
MC_G0_D045_DENS_REF_V_HIGH_S007,MC_G0_D045_DENS_REF_V_HIGH,7,7.05000591278,21.8855669232,63.1501310282,0,0,7.05000591278,
MC_G0_D045_DENS_REF_V_HIGH_S007,MC_G0_D045_DENS_REF_V_HIGH,7,7.06000947952,22.5834232791,62.1886327144,0,0,7.06000947952,
MC_G0_D045_DENS_REF_V_HIGH_S007,MC_G0_D045_DENS_REF_V_HIGH,7,7.07001304626,22.2335203385,61.7393021531,0,0,7.07001304626,
MC_G0_D045_DENS_REF_V_HIGH_S007,MC_G0_D045_DENS_REF_V_HIGH,7,7.08001661301,19.8420407868,62.8677853604,0,0,7.08001661301,
MC_G0_D045_DENS_REF_V_HIGH_S007,MC_G0_D045_DENS_REF_V_HIGH,7,7.09002065659,22.5139971544,66.210652789,0,0,7.09002065659,
MC_G0_D045_DENS_REF_V_HIGH_S007,MC_G0_D045_DENS_REF_V_HIGH,7,7.10002422333,21.9121925259,65.4444320483,0,0,7.10002422333,
MC_G0_D045_DENS_REF_V_HIGH_S007,MC_G0_D045_DENS_REF_V_HIGH,7,7.11002779007,21.6691097533,64.6206897766,0,0,7.11002779007,
MC_G0_D045_DENS_REF_V_HIGH_S007,MC_G0_D045_DENS_REF_V_HIGH,7,7.12003135681,21.972613993,64.0430279184,0,0,7.12003135681,
MC_G0_D045_DENS_REF_V_HIGH_S007,MC_G0_D045_DENS_REF_V_HIGH,7,7.13003492355,22.1489140129,64.8063956618,0,0,7.13003492355,
MC_G0_D045_DENS_REF_V_HIGH_S007,MC_G0_D045_DENS_REF_V_HIGH,7,7.14000272751,20.6682158156,64.6313775349,0,0,7.14000272751,
MC_G0_D045_DENS_REF_V_HIGH_S007,MC_G0_D045_DENS_REF_V_HIGH,7,7.15000629425,21.635706864,63.7943098743,0,0,7.15000629425,
MC_G0_D045_DENS_REF_V_HIGH_S007,MC_G0_D045_DENS_REF_V_HIGH,7,7.16000986099,21.6875887966,64.6250706466,0,0,7.16000986099,
MC_G0_D045_DENS_REF_V_HIGH_S007,MC_G0_D045_DENS_REF_V_HIGH,7,7.17001390457,23.1703577888,64.0284717026,0,0,7.17001390457,
MC_G0_D045_DENS_REF_V_HIGH_S007,MC_G0_D045_DENS_REF_V_HIGH,7,7.18001747131,22.262471556,66.2483934084,0,0,7.18001747131,
MC_G0_D045_DENS_REF_V_HIGH_S007,MC_G0_D045_DENS_REF_V_HIGH,7,7.19002103806,23.0477710271,68.0062710753,0,0,7.19002103806,
MC_G0_D045_DENS_REF_V_HIGH_S007,MC_G0_D045_DENS_REF_V_HIGH,7,7.2000246048,22.5881236306,67.6721902078,0,0,7.2000246048,
MC_G0_D045_DENS_REF_V_HIGH_S007,MC_G0_D045_DENS_REF_V_HIGH,7,7.21002817154,23.9848172454,66.768938283,0,0,7.21002817154,
MC_G0_D045_DENS_REF_V_HIGH_S007,MC_G0_D045_DENS_REF_V_HIGH,7,7.22003221512,23.1521304952,68.7393262806,0,0,7.22003221512,
MC_G0_D045_DENS_REF_V_HIGH_S007,MC_G0_D045_DENS_REF_V_HIGH,7,7.23003578186,23.070126095,69.6198214506,0,0,7.23003578186,
MC_G0_D045_DENS_REF_V_HIGH_S007,MC_G0_D045_DENS_REF_V_HIGH,7,7.24000310898,22.7999341761,70.4883016536,0,0,7.24000310898,
MC_G0_D045_DENS_REF_V_HIGH_S007,MC_G0_D045_DENS_REF_V_HIGH,7,7.25000715256,20.7590882531,66.7229274073,0,0,7.25000715256,
MC_G0_D045_DENS_REF_V_HIGH_S007,MC_G0_D045_DENS_REF_V_HIGH,7,7.2600107193,21.6265824718,65.8241691866,0,0,7.2600107193,
MC_G0_D045_DENS_REF_V_HIGH_S007,MC_G0_D045_DENS_REF_V_HIGH,7,7.27001428604,22.8536182682,67.3277584377,0,0,7.27001428604,
MC_G0_D045_DENS_REF_V_HIGH_S007,MC_G0_D045_DENS_REF_V_HIGH,7,7.28001785278,23.2404792953,67.5104494235,0,0,7.28001785278,
MC_G0_D045_DENS_REF_V_HIGH_S007,MC_G0_D045_DENS_REF_V_HIGH,7,7.29002141953,24.2534556844,66.8090053705,0,0,7.29002141953,
MC_G0_D045_DENS_REF_V_HIGH_S007,MC_G0_D045_DENS_REF_V_HIGH,7,7.3000254631,22.5314277522,65.0501995991,0,0,7.3000254631,
MC_G0_D045_DENS_REF_V_HIGH_S007,MC_G0_D045_DENS_REF_V_HIGH,7,7.31002902985,23.8800371711,66.9805068462,0,0,7.31002902985,
MC_G0_D045_DENS_REF_V_HIGH_S007,MC_G0_D045_DENS_REF_V_HIGH,7,7.32003259659,23.6751650934,68.9829317088,0,0,7.32003259659,
MC_G0_D045_DENS_REF_V_HIGH_S007,MC_G0_D045_DENS_REF_V_HIGH,7,7.33000040054,23.8341542501,69.32118953,0,0,7.33000040054,
MC_G0_D045_DENS_REF_V_HIGH_S007,MC_G0_D045_DENS_REF_V_HIGH,7,7.34000396729,21.7400954982,68.2253636903,0,0,7.34000396729,
MC_G0_D045_DENS_REF_V_HIGH_S007,MC_G0_D045_DENS_REF_V_HIGH,7,7.35000753403,22.0648695189,69.769552083,0,0,7.35000753403,
MC_G0_D045_DENS_REF_V_HIGH_S007,MC_G0_D045_DENS_REF_V_HIGH,7,7.36001110077,20.8643933177,70.7578080848,0,0,7.36001110077,
MC_G0_D045_DENS_REF_V_HIGH_S007,MC_G0_D045_DENS_REF_V_HIGH,7,7.37001466751,23.0780393254,66.7999679244,0,0,7.37001466751,
MC_G0_D045_DENS_REF_V_HIGH_S007,MC_G0_D045_DENS_REF_V_HIGH,7,7.38001871109,22.7377504609,72.6692808216,0,0,7.38001871109,
MC_G0_D045_DENS_REF_V_HIGH_S007,MC_G0_D045_DENS_REF_V_HIGH,7,7.39002227783,21.6755170906,67.8443810061,0,0,7.39002227783,
MC_G0_D045_DENS_REF_V_HIGH_S007,MC_G0_D045_DENS_REF_V_HIGH,7,7.40002584457,21.1815473043,67.125211808,0,0,7.40002584457,
MC_G0_D045_DENS_REF_V_HIGH_S007,MC_G0_D045_DENS_REF_V_HIGH,7,7.41002941132,21.7868994548,68.1608057172,0,0,7.41002941132,
MC_G0_D045_DENS_REF_V_HIGH_S007,MC_G0_D045_DENS_REF_V_HIGH,7,7.42003297806,22.4124637304,68.7763153333,0,0,7.42003297806,
MC_G0_D045_DENS_REF_V_HIGH_S007,MC_G0_D045_DENS_REF_V_HIGH,7,7.43000078201,22.6272354052,67.4442117677,0,0,7.43000078201,
MC_G0_D045_DENS_REF_V_HIGH_S007,MC_G0_D045_DENS_REF_V_HIGH,7,7.44000434875,24.0765232201,69.6996552939,0,0,7.44000434875,
MC_G0_D045_DENS_REF_V_HIGH_S007,MC_G0_D045_DENS_REF_V_HIGH,7,7.4500079155,22.5693913025,69.9495178408,0,0,7.4500079155,
MC_G0_D045_DENS_REF_V_HIGH_S007,MC_G0_D045_DENS_REF_V_HIGH,7,7.46001195908,23.1697775364,70.5122401104,0,0,7.46001195908,
MC_G0_D045_DENS_REF_V_HIGH_S007,MC_G0_D045_DENS_REF_V_HIGH,7,7.47001552582,23.2650648043,71.4810297907,0,0,7.47001552582,
MC_G0_D045_DENS_REF_V_HIGH_S007,MC_G0_D045_DENS_REF_V_HIGH,7,7.48001909256,21.3632430574,70.2514090251,0,0,7.48001909256,
MC_G0_D045_DENS_REF_V_HIGH_S007,MC_G0_D045_DENS_REF_V_HIGH,7,7.4900226593,23.7930146622,72.129840495,0,0,7.4900226593,
MC_G0_D045_DENS_REF_V_HIGH_S007,MC_G0_D045_DENS_REF_V_HIGH,7,7.50002622604,21.3348690222,74.983659665,0,0,7.50002622604,
MC_G0_D045_DENS_REF_V_HIGH_S007,MC_G0_D045_DENS_REF_V_HIGH,7,7.51003026962,21.167082441,68.8847173571,0,0,7.51003026962,
MC_G0_D045_DENS_REF_V_HIGH_S007,MC_G0_D045_DENS_REF_V_HIGH,7,7.52003383636,22.4619617159,73.0454740585,0,0,7.52003383636,
MC_G0_D045_DENS_REF_V_HIGH_S007,MC_G0_D045_DENS_REF_V_HIGH,7,7.53000116348,23.8222283748,70.9728935051,0,0,7.53000116348,
MC_G0_D045_DENS_REF_V_HIGH_S007,MC_G0_D045_DENS_REF_V_HIGH,7,7.54000520706,23.3614035878,69.6231393635,0,0,7.54000520706,
MC_G0_D045_DENS_REF_V_HIGH_S007,MC_G0_D045_DENS_REF_V_HIGH,7,7.5500087738,23.808606259,71.2573612468,0,0,7.5500087738,
MC_G0_D045_DENS_REF_V_HIGH_S007,MC_G0_D045_DENS_REF_V_HIGH,7,7.56001234055,21.4299935739,69.7988360176,0,0,7.56001234055,
MC_G0_D045_DENS_REF_V_HIGH_S007,MC_G0_D045_DENS_REF_V_HIGH,7,7.57001590729,22.7274471432,71.3276677558,0,0,7.57001590729,
MC_G0_D045_DENS_REF_V_HIGH_S007,MC_G0_D045_DENS_REF_V_HIGH,7,7.58001947403,22.0376590586,70.8153902521,0,0,7.58001947403,
MC_G0_D045_DENS_REF_V_HIGH_S007,MC_G0_D045_DENS_REF_V_HIGH,7,7.59002304077,22.5136425557,73.5903578026,0,0,7.59002304077,
MC_G0_D045_DENS_REF_V_HIGH_S007,MC_G0_D045_DENS_REF_V_HIGH,7,7.60002708435,22.8413224436,72.4897992065,0,0,7.60002708435,
MC_G0_D045_DENS_REF_V_HIGH_S007,MC_G0_D045_DENS_REF_V_HIGH,7,7.61003065109,22.9542383319,79.0538001783,0,0,7.61003065109,
MC_G0_D045_DENS_REF_V_HIGH_S007,MC_G0_D045_DENS_REF_V_HIGH,7,7.62003421783,21.7725466508,79.5673350427,0,0,7.62003421783,
MC_G0_D045_DENS_REF_V_HIGH_S007,MC_G0_D045_DENS_REF_V_HIGH,7,7.63000202179,22.7697011841,72.6218439595,0,0,7.63000202179,
MC_G0_D045_DENS_REF_V_HIGH_S007,MC_G0_D045_DENS_REF_V_HIGH,7,7.64000558853,21.8734230694,73.395746563,0,0,7.64000558853,
MC_G0_D045_DENS_REF_V_HIGH_S007,MC_G0_D045_DENS_REF_V_HIGH,7,7.65000915527,21.3925811098,72.0866686101,0,0,7.65000915527,
MC_G0_D045_DENS_REF_V_HIGH_S007,MC_G0_D045_DENS_REF_V_HIGH,7,7.66001272202,22.6769099226,73.5445176986,0,0,7.66001272202,
MC_G0_D045_DENS_REF_V_HIGH_S007,MC_G0_D045_DENS_REF_V_HIGH,7,7.67001628876,22.4322920908,71.8901488021,0,0,7.67001628876,
MC_G0_D045_DENS_REF_V_HIGH_S007,MC_G0_D045_DENS_REF_V_HIGH,7,7.68002033234,23.5868316439,73.8194997232,0,0,7.68002033234,
MC_G0_D045_DENS_REF_V_HIGH_S007,MC_G0_D045_DENS_REF_V_HIGH,7,7.69002389908,22.9461700605,74.1007027898,0,0,7.69002389908,
MC_G0_D045_DENS_REF_V_HIGH_S007,MC_G0_D045_DENS_REF_V_HIGH,7,7.70002746582,22.6370290832,76.2577541441,0,0,7.70002746582,
MC_G0_D045_DENS_REF_V_HIGH_S007,MC_G0_D045_DENS_REF_V_HIGH,7,7.71003103256,22.6143654685,75.6254889892,0,0,7.71003103256,
MC_G0_D045_DENS_REF_V_HIGH_S007,MC_G0_D045_DENS_REF_V_HIGH,7,7.7200345993,21.1189168869,76.1999580513,0,0,7.7200345993,
MC_G0_D045_DENS_REF_V_HIGH_S007,MC_G0_D045_DENS_REF_V_HIGH,7,7.73000240326,19.2674005667,72.1695843054,0,0,7.73000240326,
MC_G0_D045_DENS_REF_V_HIGH_S007,MC_G0_D045_DENS_REF_V_HIGH,7,7.74000597,21.5865803628,73.8210595546,0,0,7.74000597,
MC_G0_D045_DENS_REF_V_HIGH_S007,MC_G0_D045_DENS_REF_V_HIGH,7,7.75000953674,24.0407732252,76.4080050612,0,0,7.75000953674,
MC_G0_D045_DENS_REF_V_HIGH_S007,MC_G0_D045_DENS_REF_V_HIGH,7,7.76001310349,22.4410373233,72.7127167327,0,0,7.76001310349,
MC_G0_D045_DENS_REF_V_HIGH_S007,MC_G0_D045_DENS_REF_V_HIGH,7,7.77001714706,23.3376899925,75.242920866,0,0,7.77001714706,
MC_G0_D045_DENS_REF_V_HIGH_S007,MC_G0_D045_DENS_REF_V_HIGH,7,7.78002071381,22.1751405002,73.9453250375,0,0,7.78002071381,
MC_G0_D045_DENS_REF_V_HIGH_S007,MC_G0_D045_DENS_REF_V_HIGH,7,7.79002428055,25.210485304,74.0754628079,0,0,7.79002428055,
MC_G0_D045_DENS_REF_V_HIGH_S007,MC_G0_D045_DENS_REF_V_HIGH,7,7.80002784729,23.2940390476,76.4771887889,0,0,7.80002784729,
MC_G0_D045_DENS_REF_V_HIGH_S007,MC_G0_D045_DENS_REF_V_HIGH,7,7.81003141403,23.5373797101,76.5690512111,0,0,7.81003141403,
MC_G0_D045_DENS_REF_V_HIGH_S007,MC_G0_D045_DENS_REF_V_HIGH,7,7.82003498077,22.066971015,72.937463156,0,0,7.82003498077,
MC_G0_D045_DENS_REF_V_HIGH_S007,MC_G0_D045_DENS_REF_V_HIGH,7,7.83000278473,22.5897738193,76.0875666791,0,0,7.83000278473,
MC_G0_D045_DENS_REF_V_HIGH_S007,MC_G0_D045_DENS_REF_V_HIGH,7,7.84000635147,24.0328154781,79.6980395815,0,0,7.84000635147,
MC_G0_D045_DENS_REF_V_HIGH_S007,MC_G0_D045_DENS_REF_V_HIGH,7,7.85000991821,23.3564883281,75.7208676639,0,0,7.85000991821,
MC_G0_D045_DENS_REF_V_HIGH_S007,MC_G0_D045_DENS_REF_V_HIGH,7,7.86001396179,23.0037485979,78.6510341684,0,0,7.86001396179,
MC_G0_D045_DENS_REF_V_HIGH_S007,MC_G0_D045_DENS_REF_V_HIGH,7,7.87001752853,22.8852804003,77.5676499742,0,0,7.87001752853,
MC_G0_D045_DENS_REF_V_HIGH_S007,MC_G0_D045_DENS_REF_V_HIGH,7,7.88002109528,23.1203317428,75.8034573061,0,0,7.88002109528,
MC_G0_D045_DENS_REF_V_HIGH_S007,MC_G0_D045_DENS_REF_V_HIGH,7,7.89002466202,23.1435295582,76.6391384366,0,0,7.89002466202,
MC_G0_D045_DENS_REF_V_HIGH_S007,MC_G0_D045_DENS_REF_V_HIGH,7,7.90002822876,24.8148253172,76.9456654144,0,0,7.90002822876,
MC_G0_D045_DENS_REF_V_HIGH_S007,MC_G0_D045_DENS_REF_V_HIGH,7,7.9100317955,22.96520019,77.3958704771,0,0,7.9100317955,
MC_G0_D045_DENS_REF_V_HIGH_S007,MC_G0_D045_DENS_REF_V_HIGH,7,7.92003583908,23.9999053428,78.6710272019,0,0,7.92003583908,
MC_G0_D045_DENS_REF_V_HIGH_S007,MC_G0_D045_DENS_REF_V_HIGH,7,7.9300031662,22.2967448239,76.516409687,0,0,7.9300031662,
MC_G0_D045_DENS_REF_V_HIGH_S007,MC_G0_D045_DENS_REF_V_HIGH,7,7.94000673294,22.1792483187,75.8199062806,0,0,7.94000673294,
MC_G0_D045_DENS_REF_V_HIGH_S007,MC_G0_D045_DENS_REF_V_HIGH,7,7.95001077652,22.3062959625,78.2851460337,0,0,7.95001077652,
MC_G0_D045_DENS_REF_V_HIGH_S007,MC_G0_D045_DENS_REF_V_HIGH,7,7.96001434326,22.5250388356,78.3059455836,0,0,7.96001434326,
MC_G0_D045_DENS_REF_V_HIGH_S007,MC_G0_D045_DENS_REF_V_HIGH,7,7.97001791,23.2275663769,81.0195078614,0,0,7.97001791,
MC_G0_D045_DENS_REF_V_HIGH_S007,MC_G0_D045_DENS_REF_V_HIGH,7,7.98002147675,22.4572045673,84.31669317,0,0,7.98002147675,
MC_G0_D045_DENS_REF_V_HIGH_S007,MC_G0_D045_DENS_REF_V_HIGH,7,7.99002504349,23.6696542307,78.2163520544,0,0,7.99002504349,
MC_G0_D045_DENS_REF_V_HIGH_S007,MC_G0_D045_DENS_REF_V_HIGH,7,8.00002861023,23.4516742821,78.7224186528,0,0,8.00002861023,
MC_G0_D045_DENS_REF_V_HIGH_S007,MC_G0_D045_DENS_REF_V_HIGH,7,8.01003265381,22.6653309706,77.6943572124,0,0,8.01003265381,
MC_G0_D045_DENS_REF_V_HIGH_S007,MC_G0_D045_DENS_REF_V_HIGH,7,8.02000045776,22.6280382412,77.580803875,0,0,8.02000045776,
MC_G0_D045_DENS_REF_V_HIGH_S007,MC_G0_D045_DENS_REF_V_HIGH,7,8.03000354767,24.8666013307,80.2994611286,0,0,8.03000354767,
MC_G0_D045_DENS_REF_V_HIGH_S007,MC_G0_D045_DENS_REF_V_HIGH,7,8.04000759125,24.5153321873,80.5002568359,0,0,8.04000759125,
MC_G0_D045_DENS_REF_V_HIGH_S007,MC_G0_D045_DENS_REF_V_HIGH,7,8.05001068115,23.5421568145,80.6577756952,0,0,8.05001068115,
MC_G0_D045_DENS_REF_V_HIGH_S007,MC_G0_D045_DENS_REF_V_HIGH,7,8.06001472473,23.4364096529,80.5632345006,0,0,8.06001472473,
MC_G0_D045_DENS_REF_V_HIGH_S007,MC_G0_D045_DENS_REF_V_HIGH,7,8.07001781464,23.2512369905,80.5566322719,0,0,8.07001781464,
MC_G0_D045_DENS_REF_V_HIGH_S007,MC_G0_D045_DENS_REF_V_HIGH,7,8.08002185822,23.2823465013,80.9746432397,0,0,8.08002185822,
MC_G0_D045_DENS_REF_V_HIGH_S007,MC_G0_D045_DENS_REF_V_HIGH,7,8.09002590179,22.7561066994,83.3682364746,0,0,8.09002590179,
MC_G0_D045_DENS_REF_V_HIGH_S007,MC_G0_D045_DENS_REF_V_HIGH,7,8.1000289917,23.7283917378,80.4276917832,0,0,8.1000289917,
MC_G0_D045_DENS_REF_V_HIGH_S007,MC_G0_D045_DENS_REF_V_HIGH,7,8.11003303528,24.9276383566,82.0627993528,0,0,8.11003303528,
MC_G0_D045_DENS_REF_V_HIGH_S007,MC_G0_D045_DENS_REF_V_HIGH,7,8.12000083923,22.9261160465,79.9245530372,0,0,8.12000083923,
MC_G0_D045_DENS_REF_V_HIGH_S007,MC_G0_D045_DENS_REF_V_HIGH,7,8.13000392914,24.2691547353,80.3747943767,0,0,8.13000392914,
MC_G0_D045_DENS_REF_V_HIGH_S007,MC_G0_D045_DENS_REF_V_HIGH,7,8.14000797272,24.2691900417,79.9968289215,0,0,8.14000797272,
MC_G0_D045_DENS_REF_V_HIGH_S007,MC_G0_D045_DENS_REF_V_HIGH,7,8.15001106262,22.8297619124,81.6008437495,0,0,8.15001106262,
MC_G0_D045_DENS_REF_V_HIGH_S007,MC_G0_D045_DENS_REF_V_HIGH,7,8.1600151062,22.8225716948,80.4197199415,0,0,8.1600151062,
MC_G0_D045_DENS_REF_V_HIGH_S007,MC_G0_D045_DENS_REF_V_HIGH,7,8.17001819611,23.8682433109,80.417004612,0,0,8.17001819611,
MC_G0_D045_DENS_REF_V_HIGH_S007,MC_G0_D045_DENS_REF_V_HIGH,7,8.18002223969,23.7218907619,82.0946669361,0,0,8.18002223969,
MC_G0_D045_DENS_REF_V_HIGH_S007,MC_G0_D045_DENS_REF_V_HIGH,7,8.19002628326,22.7646109277,78.8236900504,0,0,8.19002628326,
MC_G0_D045_DENS_REF_V_HIGH_S007,MC_G0_D045_DENS_REF_V_HIGH,7,8.20002937317,23.5278285715,82.2158333263,0,0,8.20002937317,
MC_G0_D045_DENS_REF_V_HIGH_S007,MC_G0_D045_DENS_REF_V_HIGH,7,8.21003341675,20.9689339228,81.1951497206,0,0,8.21003341675,
MC_G0_D045_DENS_REF_V_HIGH_S007,MC_G0_D045_DENS_REF_V_HIGH,7,8.2200012207,22.6620597594,82.8667578706,0,0,8.2200012207,
MC_G0_D045_DENS_REF_V_HIGH_S007,MC_G0_D045_DENS_REF_V_HIGH,7,8.23000431061,23.352446517,80.3182150556,0,0,8.23000431061,
MC_G0_D045_DENS_REF_V_HIGH_S007,MC_G0_D045_DENS_REF_V_HIGH,7,8.24000835419,23.2437766026,81.6112974837,0,0,8.24000835419,
MC_G0_D045_DENS_REF_V_HIGH_S007,MC_G0_D045_DENS_REF_V_HIGH,7,8.25001144409,23.4573002742,81.6432096339,0,0,8.25001144409,
MC_G0_D045_DENS_REF_V_HIGH_S007,MC_G0_D045_DENS_REF_V_HIGH,7,8.26001548767,21.8495221969,80.5310899364,0,0,8.26001548767,
MC_G0_D045_DENS_REF_V_HIGH_S007,MC_G0_D045_DENS_REF_V_HIGH,7,8.27001857758,23.0549336136,82.0487558287,0,0,8.27001857758,
MC_G0_D045_DENS_REF_V_HIGH_S007,MC_G0_D045_DENS_REF_V_HIGH,7,8.28002262115,24.2475625919,81.3134045366,0,0,8.28002262115,
MC_G0_D045_DENS_REF_V_HIGH_S007,MC_G0_D045_DENS_REF_V_HIGH,7,8.29002666473,23.7101705845,85.3583372959,0,0,8.29002666473,
MC_G0_D045_DENS_REF_V_HIGH_S007,MC_G0_D045_DENS_REF_V_HIGH,7,8.30002975464,23.6834636237,84.0767478361,0,0,8.30002975464,
MC_G0_D045_DENS_REF_V_HIGH_S007,MC_G0_D045_DENS_REF_V_HIGH,7,8.31003379822,24.5039865644,84.7195061945,0,0,8.31003379822,
MC_G0_D045_DENS_REF_V_HIGH_S007,MC_G0_D045_DENS_REF_V_HIGH,7,8.32000160217,21.9862913709,84.0440228671,0,0,8.32000160217,
MC_G0_D045_DENS_REF_V_HIGH_S007,MC_G0_D045_DENS_REF_V_HIGH,7,8.33000469208,22.3714807185,87.6185953487,0,0,8.33000469208,
MC_G0_D045_DENS_REF_V_HIGH_S007,MC_G0_D045_DENS_REF_V_HIGH,7,8.34000873566,22.9990682023,83.0087907525,0,0,8.34000873566,
MC_G0_D045_DENS_REF_V_HIGH_S007,MC_G0_D045_DENS_REF_V_HIGH,7,8.35001182556,22.4197951734,84.277466921,0,0,8.35001182556,
MC_G0_D045_DENS_REF_V_HIGH_S007,MC_G0_D045_DENS_REF_V_HIGH,7,8.36001586914,23.2225482682,83.2819441559,0,0,8.36001586914,
MC_G0_D045_DENS_REF_V_HIGH_S007,MC_G0_D045_DENS_REF_V_HIGH,7,8.37001895905,23.4415751272,81.8649112551,0,0,8.37001895905,
MC_G0_D045_DENS_REF_V_HIGH_S007,MC_G0_D045_DENS_REF_V_HIGH,7,8.38002300262,23.8386980255,83.8348223648,0,0,8.38002300262,
MC_G0_D045_DENS_REF_V_HIGH_S007,MC_G0_D045_DENS_REF_V_HIGH,7,8.39002609253,22.861178435,84.7626898873,0,0,8.39002609253,
MC_G0_D045_DENS_REF_V_HIGH_S007,MC_G0_D045_DENS_REF_V_HIGH,7,8.40003013611,23.5264332026,86.5823969569,0,0,8.40003013611,
MC_G0_D045_DENS_REF_V_HIGH_S007,MC_G0_D045_DENS_REF_V_HIGH,7,8.41003417969,24.8358433485,82.9438595705,0,0,8.41003417969,
MC_G0_D045_DENS_REF_V_HIGH_S007,MC_G0_D045_DENS_REF_V_HIGH,7,8.42000102997,24.3408926593,86.4234822588,0,0,8.42000102997,
MC_G0_D045_DENS_REF_V_HIGH_S007,MC_G0_D045_DENS_REF_V_HIGH,7,8.43000507355,21.9325474115,83.9565548069,0,0,8.43000507355,
MC_G0_D045_DENS_REF_V_HIGH_S007,MC_G0_D045_DENS_REF_V_HIGH,7,8.44000911713,23.7066031068,85.6692935817,0,0,8.44000911713,
MC_G0_D045_DENS_REF_V_HIGH_S007,MC_G0_D045_DENS_REF_V_HIGH,7,8.45001220703,21.9469478023,88.5620794626,0,0,8.45001220703,
MC_G0_D045_DENS_REF_V_HIGH_S007,MC_G0_D045_DENS_REF_V_HIGH,7,8.46001625061,21.4246638481,92.4201773965,0,0,8.46001625061,
MC_G0_D045_DENS_REF_V_HIGH_S007,MC_G0_D045_DENS_REF_V_HIGH,7,8.47001934052,24.6851051352,85.7418560034,0,0,8.47001934052,
MC_G0_D045_DENS_REF_V_HIGH_S007,MC_G0_D045_DENS_REF_V_HIGH,7,8.48002338409,23.8061486291,85.5380151039,0,0,8.48002338409,
MC_G0_D045_DENS_REF_V_HIGH_S007,MC_G0_D045_DENS_REF_V_HIGH,7,8.490026474,23.4120467275,85.5511821136,0,0,8.490026474,
MC_G0_D045_DENS_REF_V_HIGH_S007,MC_G0_D045_DENS_REF_V_HIGH,7,8.50003051758,23.878040059,86.9344083317,0,0,8.50003051758,
MC_G0_D045_DENS_REF_V_HIGH_S007,MC_G0_D045_DENS_REF_V_HIGH,7,8.51003360748,25.1112299079,88.727953642,0,0,8.51003360748,
MC_G0_D045_DENS_REF_V_HIGH_S007,MC_G0_D045_DENS_REF_V_HIGH,7,8.52000141144,23.6677093106,87.3223850254,0,0,8.52000141144,
MC_G0_D045_DENS_REF_V_HIGH_S007,MC_G0_D045_DENS_REF_V_HIGH,7,8.53000545502,23.4812272427,85.1917995451,0,0,8.53000545502,
MC_G0_D045_DENS_REF_V_HIGH_S007,MC_G0_D045_DENS_REF_V_HIGH,7,8.54000854492,24.1950159787,87.7006524428,0,0,8.54000854492,
MC_G0_D045_DENS_REF_V_HIGH_S007,MC_G0_D045_DENS_REF_V_HIGH,7,8.5500125885,23.3256489877,87.1408932435,0,0,8.5500125885,
MC_G0_D045_DENS_REF_V_HIGH_S007,MC_G0_D045_DENS_REF_V_HIGH,7,8.56001663208,22.9655947003,86.5215254775,0,0,8.56001663208,
MC_G0_D045_DENS_REF_V_HIGH_S007,MC_G0_D045_DENS_REF_V_HIGH,7,8.57001972198,20.1021489015,86.8658621549,0,0,8.57001972198,
MC_G0_D045_DENS_REF_V_HIGH_S007,MC_G0_D045_DENS_REF_V_HIGH,7,8.58002376556,17.2898451366,83.0114653677,0,0,8.58002376556,
MC_G0_D045_DENS_REF_V_HIGH_S007,MC_G0_D045_DENS_REF_V_HIGH,7,8.59002685547,24.0604941314,86.958829851,0,0,8.59002685547,
MC_G0_D045_DENS_REF_V_HIGH_S007,MC_G0_D045_DENS_REF_V_HIGH,7,8.60003089905,24.2987982645,88.2152364408,0,0,8.60003089905,
MC_G0_D045_DENS_REF_V_HIGH_S007,MC_G0_D045_DENS_REF_V_HIGH,7,8.61003398895,23.1440775744,86.8745401982,0,0,8.61003398895,
MC_G0_D045_DENS_REF_V_HIGH_S007,MC_G0_D045_DENS_REF_V_HIGH,7,8.62000179291,24.6878129798,85.9541556846,0,0,8.62000179291,
MC_G0_D045_DENS_REF_V_HIGH_S007,MC_G0_D045_DENS_REF_V_HIGH,7,8.63000583649,25.1308894117,87.8026371682,0,0,8.63000583649,
MC_G0_D045_DENS_REF_V_HIGH_S007,MC_G0_D045_DENS_REF_V_HIGH,7,8.64000892639,24.530791769,90.9996374839,0,0,8.64000892639,
MC_G0_D045_DENS_REF_V_HIGH_S007,MC_G0_D045_DENS_REF_V_HIGH,7,8.65001296997,24.1676873189,87.5984750967,0,0,8.65001296997,
MC_G0_D045_DENS_REF_V_HIGH_S007,MC_G0_D045_DENS_REF_V_HIGH,7,8.66001605988,24.3422772827,89.8422481367,0,0,8.66001605988,
MC_G0_D045_DENS_REF_V_HIGH_S007,MC_G0_D045_DENS_REF_V_HIGH,7,8.67002010345,23.6199904588,88.346983172,0,0,8.67002010345,
MC_G0_D045_DENS_REF_V_HIGH_S007,MC_G0_D045_DENS_REF_V_HIGH,7,8.68002319336,22.2459619938,87.692798597,0,0,8.68002319336,
MC_G0_D045_DENS_REF_V_HIGH_S007,MC_G0_D045_DENS_REF_V_HIGH,7,8.69002723694,21.1476470558,85.6831937302,0,0,8.69002723694,
MC_G0_D045_DENS_REF_V_HIGH_S007,MC_G0_D045_DENS_REF_V_HIGH,7,8.70003128052,22.5368296257,88.8239322599,0,0,8.70003128052,
MC_G0_D045_DENS_REF_V_HIGH_S007,MC_G0_D045_DENS_REF_V_HIGH,7,8.71003437042,21.1162305332,82.351812437,0,0,8.71003437042,
MC_G0_D045_DENS_REF_V_HIGH_S007,MC_G0_D045_DENS_REF_V_HIGH,7,8.72000217438,24.3856166105,89.8532768146,0,0,8.72000217438,
MC_G0_D045_DENS_REF_V_HIGH_S007,MC_G0_D045_DENS_REF_V_HIGH,7,8.73000621796,24.2477805703,89.4253173777,0,0,8.73000621796,
MC_G0_D045_DENS_REF_V_HIGH_S007,MC_G0_D045_DENS_REF_V_HIGH,7,8.74000930786,23.951669176,87.3492087488,0,0,8.74000930786,
MC_G0_D045_DENS_REF_V_HIGH_S007,MC_G0_D045_DENS_REF_V_HIGH,7,8.75001335144,24.0935715881,87.8695586823,0,0,8.75001335144,
MC_G0_D045_DENS_REF_V_HIGH_S007,MC_G0_D045_DENS_REF_V_HIGH,7,8.76001644135,24.3396630768,89.0164206048,0,0,8.76001644135,
MC_G0_D045_DENS_REF_V_HIGH_S007,MC_G0_D045_DENS_REF_V_HIGH,7,8.77002048492,24.4237367369,89.0214093372,0,0,8.77002048492,
MC_G0_D045_DENS_REF_V_HIGH_S007,MC_G0_D045_DENS_REF_V_HIGH,7,8.78002357483,23.6683448251,90.4139548624,0,0,8.78002357483,
MC_G0_D045_DENS_REF_V_HIGH_S007,MC_G0_D045_DENS_REF_V_HIGH,7,8.79002761841,23.7959543006,91.5039067815,0,0,8.79002761841,
MC_G0_D045_DENS_REF_V_HIGH_S007,MC_G0_D045_DENS_REF_V_HIGH,7,8.80003070831,22.7526743069,89.4598969889,0,0,8.80003070831,
MC_G0_D045_DENS_REF_V_HIGH_S007,MC_G0_D045_DENS_REF_V_HIGH,7,8.81003475189,24.2544197016,91.0797688363,0,0,8.81003475189,
MC_G0_D045_DENS_REF_V_HIGH_S007,MC_G0_D045_DENS_REF_V_HIGH,7,8.82000255585,28.3336846188,92.382325564,0,0,8.82000255585,
MC_G0_D045_DENS_REF_V_HIGH_S007,MC_G0_D045_DENS_REF_V_HIGH,7,8.83000564575,22.1880196473,88.1235566077,0,0,8.83000564575,
MC_G0_D045_DENS_REF_V_HIGH_S007,MC_G0_D045_DENS_REF_V_HIGH,7,8.84000968933,24.2169274144,90.4520158335,0,0,8.84000968933,
MC_G0_D045_DENS_REF_V_HIGH_S007,MC_G0_D045_DENS_REF_V_HIGH,7,8.85001277924,24.3416494435,91.5886770832,0,0,8.85001277924,
MC_G0_D045_DENS_REF_V_HIGH_S007,MC_G0_D045_DENS_REF_V_HIGH,7,8.86001682281,23.9831762671,91.6857118518,0,0,8.86001682281,
MC_G0_D045_DENS_REF_V_HIGH_S007,MC_G0_D045_DENS_REF_V_HIGH,7,8.87002086639,23.6411159442,89.5797477746,0,0,8.87002086639,
MC_G0_D045_DENS_REF_V_HIGH_S007,MC_G0_D045_DENS_REF_V_HIGH,7,8.8800239563,24.2108731408,91.4744720078,0,0,8.8800239563,
MC_G0_D045_DENS_REF_V_HIGH_S007,MC_G0_D045_DENS_REF_V_HIGH,7,8.89002799988,23.9090973778,92.2927358109,0,0,8.89002799988,
MC_G0_D045_DENS_REF_V_HIGH_S007,MC_G0_D045_DENS_REF_V_HIGH,7,8.90003108978,24.0851533232,94.2298348565,0,0,8.90003108978,
MC_G0_D045_DENS_REF_V_HIGH_S007,MC_G0_D045_DENS_REF_V_HIGH,7,8.91003513336,23.612950677,91.1127336663,0,0,8.91003513336,
MC_G0_D045_DENS_REF_V_HIGH_S007,MC_G0_D045_DENS_REF_V_HIGH,7,8.92000293732,23.2800393073,92.6436519852,0,0,8.92000293732,
MC_G0_D045_DENS_REF_V_HIGH_S007,MC_G0_D045_DENS_REF_V_HIGH,7,8.93000602722,23.4936888537,96.754316367,0,0,8.93000602722,
MC_G0_D045_DENS_REF_V_HIGH_S007,MC_G0_D045_DENS_REF_V_HIGH,7,8.9400100708,23.0523455037,93.4139551234,0,0,8.9400100708,
MC_G0_D045_DENS_REF_V_HIGH_S007,MC_G0_D045_DENS_REF_V_HIGH,7,8.95001316071,23.8681788384,92.4500744834,0,0,8.95001316071,
MC_G0_D045_DENS_REF_V_HIGH_S007,MC_G0_D045_DENS_REF_V_HIGH,7,8.96001720428,23.0121515123,92.1819256066,0,0,8.96001720428,
MC_G0_D045_DENS_REF_V_HIGH_S007,MC_G0_D045_DENS_REF_V_HIGH,7,8.97002029419,23.8228623542,93.2651406526,0,0,8.97002029419,
MC_G0_D045_DENS_REF_V_HIGH_S007,MC_G0_D045_DENS_REF_V_HIGH,7,8.98002433777,23.4391374532,92.3021467539,0,0,8.98002433777,
MC_G0_D045_DENS_REF_V_HIGH_S007,MC_G0_D045_DENS_REF_V_HIGH,7,8.99002742767,24.83717885,92.1628299651,0,0,8.99002742767,
MC_G0_D045_DENS_REF_V_HIGH_S007,MC_G0_D045_DENS_REF_V_HIGH,7,9,24.2637682124,93.1767533285,0,0,9,
