run_id,scenario_id,S,z_m,qb_MPa,qs_kPa,ALLKE,ALLIE,time_s,walltime_h
MC_G1_D060_DENS_LOW_V_REF_S007,MC_G1_D060_DENS_LOW_V_REF,7,0,0,0,0,0,0,
MC_G1_D060_DENS_LOW_V_REF_S007,MC_G1_D060_DENS_LOW_V_REF,7,0.00900901202112,0,0,0,0,0.0180180240422,
MC_G1_D060_DENS_LOW_V_REF_S007,MC_G1_D060_DENS_LOW_V_REF,7,0.0180194191635,0,0,0,0,0.0360388383269,
MC_G1_D060_DENS_LOW_V_REF_S007,MC_G1_D060_DENS_LOW_V_REF,7,0.027014080435,0,0,0,0,0.0540281608701,
MC_G1_D060_DENS_LOW_V_REF_S007,MC_G1_D060_DENS_LOW_V_REF,7,0.0360087417066,0.0130578688022,7.18135867574e-06,0,0,0.0720174834132,
MC_G1_D060_DENS_LOW_V_REF_S007,MC_G1_D060_DENS_LOW_V_REF,7,0.0450033992529,0.227698984392,5.84496401634,0,0,0.0900067985058,
MC_G1_D060_DENS_LOW_V_REF_S007,MC_G1_D060_DENS_LOW_V_REF,7,0.0540218539536,0.406206467426,18.746656887,0,0,0.108043707907,
MC_G1_D060_DENS_LOW_V_REF_S007,MC_G1_D060_DENS_LOW_V_REF,7,0.0630165114999,0.533861832797,23.9239641458,0,0,0.126033023,
MC_G1_D060_DENS_LOW_V_REF_S007,MC_G1_D060_DENS_LOW_V_REF,7,0.0720111727715,0.590651337776,25.8775527524,0,0,0.144022345543,
MC_G1_D060_DENS_LOW_V_REF_S007,MC_G1_D060_DENS_LOW_V_REF,7,0.0810058265924,0.599700673959,26.6752291501,0,0,0.162011653185,
MC_G1_D060_DENS_LOW_V_REF_S007,MC_G1_D060_DENS_LOW_V_REF,7,0.0900004804134,0.523281562836,12.8240347349,0,0,0.180000960827,
MC_G1_D060_DENS_LOW_V_REF_S007,MC_G1_D060_DENS_LOW_V_REF,7,0.0990189164877,0.352218250698,0.000149450783653,0,0,0.198037832975,
MC_G1_D060_DENS_LOW_V_REF_S007,MC_G1_D060_DENS_LOW_V_REF,7,0.108013555408,0.249081004582,4.58526083447e-05,0,0,0.216027110815,
MC_G1_D060_DENS_LOW_V_REF_S007,MC_G1_D060_DENS_LOW_V_REF,7,0.117008194327,0.0982094923024,2.02639131879e-05,0,0,0.234016388655,
MC_G1_D060_DENS_LOW_V_REF_S007,MC_G1_D060_DENS_LOW_V_REF,7,0.126002833247,0.0253242890127,2.5789181501e-06,0,0,0.252005666494,
MC_G1_D060_DENS_LOW_V_REF_S007,MC_G1_D060_DENS_LOW_V_REF,7,0.135021269321,0.015826347692,5.1656241005e-07,0,0,0.270042538643,
MC_G1_D060_DENS_LOW_V_REF_S007,MC_G1_D060_DENS_LOW_V_REF,7,0.144015923142,0.0586869416498,1.32488629481e-05,0,0,0.288031846285,
MC_G1_D060_DENS_LOW_V_REF_S007,MC_G1_D060_DENS_LOW_V_REF,7,0.153010562062,0.0966461378923,1.33869731986e-05,0,0,0.306021124125,
MC_G1_D060_DENS_LOW_V_REF_S007,MC_G1_D060_DENS_LOW_V_REF,7,0.162005215883,0.148724390877,1.11985076341e-05,0,0,0.324010431767,
MC_G1_D060_DENS_LOW_V_REF_S007,MC_G1_D060_DENS_LOW_V_REF,7,0.171023651958,0.24669512675,1.0313400878,0,0,0.342047303915,
MC_G1_D060_DENS_LOW_V_REF_S007,MC_G1_D060_DENS_LOW_V_REF,7,0.180018305779,0.306108341808,2.98167092796,0,0,0.360036611557,
MC_G1_D060_DENS_LOW_V_REF_S007,MC_G1_D060_DENS_LOW_V_REF,7,0.189012944698,0.386934095354,5.58619415389,0,0,0.378025889397,
MC_G1_D060_DENS_LOW_V_REF_S007,MC_G1_D060_DENS_LOW_V_REF,7,0.198007598519,0.409915128601,5.75209596596,0,0,0.396015197039,
MC_G1_D060_DENS_LOW_V_REF_S007,MC_G1_D060_DENS_LOW_V_REF,7,0.207002237439,0.414349159239,7.73677068929,0,0,0.414004474878,
MC_G1_D060_DENS_LOW_V_REF_S007,MC_G1_D060_DENS_LOW_V_REF,7,0.216020673513,0.466847915771,6.85465852816,0,0,0.432041347027,
MC_G1_D060_DENS_LOW_V_REF_S007,MC_G1_D060_DENS_LOW_V_REF,7,0.225015327334,0.379556573613,4.97657473673,0,0,0.450030654669,
MC_G1_D060_DENS_LOW_V_REF_S007,MC_G1_D060_DENS_LOW_V_REF,7,0.234009966254,0.373674529379,3.29243851475,0,0,0.468019932508,
MC_G1_D060_DENS_LOW_V_REF_S007,MC_G1_D060_DENS_LOW_V_REF,7,0.243004620075,0.203081444566,0.747749462063,0,0,0.48600924015,
MC_G1_D060_DENS_LOW_V_REF_S007,MC_G1_D060_DENS_LOW_V_REF,7,0.252023041248,0.220519723648,1.96609982335e-05,0,0,0.504046082497,
MC_G1_D060_DENS_LOW_V_REF_S007,MC_G1_D060_DENS_LOW_V_REF,7,0.26101770997,0.174693491909,1.64269962832e-05,0,0,0.522035419941,
MC_G1_D060_DENS_LOW_V_REF_S007,MC_G1_D060_DENS_LOW_V_REF,7,0.27001234889,0.205114689008,2.15144076663e-05,0,0,0.540024697781,
MC_G1_D060_DENS_LOW_V_REF_S007,MC_G1_D060_DENS_LOW_V_REF,7,0.279007017612,0.272307749247,2.12597193012e-05,0,0,0.558014035225,
MC_G1_D060_DENS_LOW_V_REF_S007,MC_G1_D060_DENS_LOW_V_REF,7,0.288001656532,0.319230750839,1.59721443242,0,0,0.576003313065,
MC_G1_D060_DENS_LOW_V_REF_S007,MC_G1_D060_DENS_LOW_V_REF,7,0.297020107508,0.354452940185,3.42223373073,0,0,0.594040215015,
MC_G1_D060_DENS_LOW_V_REF_S007,MC_G1_D060_DENS_LOW_V_REF,7,0.306014746428,0.468516087445,4.63758904116,0,0,0.612029492855,
MC_G1_D060_DENS_LOW_V_REF_S007,MC_G1_D060_DENS_LOW_V_REF,7,0.31500941515,0.536934547707,3.68564141058,0,0,0.630018830299,
MC_G1_D060_DENS_LOW_V_REF_S007,MC_G1_D060_DENS_LOW_V_REF,7,0.32400405407,0.528626285363,5.52178594355,0,0,0.648008108139,
MC_G1_D060_DENS_LOW_V_REF_S007,MC_G1_D060_DENS_LOW_V_REF,7,0.333022505045,0.310445960531,2.95067894362,0,0,0.66604501009,
MC_G1_D060_DENS_LOW_V_REF_S007,MC_G1_D060_DENS_LOW_V_REF,7,0.342017143965,0.448931786536,5.07683392691,0,0,0.68403428793,
MC_G1_D060_DENS_LOW_V_REF_S007,MC_G1_D060_DENS_LOW_V_REF,7,0.351011812687,0.377647088826,2.53694179396,0,0,0.702023625374,
MC_G1_D060_DENS_LOW_V_REF_S007,MC_G1_D060_DENS_LOW_V_REF,7,0.360006451607,0.494453186089,3.5359614023,0,0,0.720012903214,
MC_G1_D060_DENS_LOW_V_REF_S007,MC_G1_D060_DENS_LOW_V_REF,7,0.369001120329,0.384824123434,2.53589764144,0,0,0.738002240658,
MC_G1_D060_DENS_LOW_V_REF_S007,MC_G1_D060_DENS_LOW_V_REF,7,0.378019541502,0.330248395758,1.87181759519,0,0,0.756039083004,
MC_G1_D060_DENS_LOW_V_REF_S007,MC_G1_D060_DENS_LOW_V_REF,7,0.387014210224,0.386174834661,1.18265515833,0,0,0.774028420448,
MC_G1_D060_DENS_LOW_V_REF_S007,MC_G1_D060_DENS_LOW_V_REF,7,0.396008849144,0.376311839124,1.30937260677,0,0,0.792017698288,
MC_G1_D060_DENS_LOW_V_REF_S007,MC_G1_D060_DENS_LOW_V_REF,7,0.405003517866,0.349592300991,1.30988476849,0,0,0.810007035732,
MC_G1_D060_DENS_LOW_V_REF_S007,MC_G1_D060_DENS_LOW_V_REF,7,0.414021968842,0.366779337046,1.98045255422,0,0,0.828043937683,
MC_G1_D060_DENS_LOW_V_REF_S007,MC_G1_D060_DENS_LOW_V_REF,7,0.423016607761,0.36208642706,0.920346732335,0,0,0.846033215523,
MC_G1_D060_DENS_LOW_V_REF_S007,MC_G1_D060_DENS_LOW_V_REF,7,0.432011276484,0.479878284208,3.73475728646,0,0,0.864022552967,
MC_G1_D060_DENS_LOW_V_REF_S007,MC_G1_D060_DENS_LOW_V_REF,7,0.441005945206,0.633139067491,3.38309732091,0,0,0.882011890411,
MC_G1_D060_DENS_LOW_V_REF_S007,MC_G1_D060_DENS_LOW_V_REF,7,0.450000584126,0.490942097833,3.8122876229,0,0,0.900001168251,
MC_G1_D060_DENS_LOW_V_REF_S007,MC_G1_D060_DENS_LOW_V_REF,7,0.459019035101,0.600804621413,4.79403623837,0,0,0.918038070202,
MC_G1_D060_DENS_LOW_V_REF_S007,MC_G1_D060_DENS_LOW_V_REF,7,0.468013674021,0.598577406345,2.67531682228,0,0,0.936027348042,
MC_G1_D060_DENS_LOW_V_REF_S007,MC_G1_D060_DENS_LOW_V_REF,7,0.477008342743,0.564397723106,3.15896690344,0,0,0.954016685486,
MC_G1_D060_DENS_LOW_V_REF_S007,MC_G1_D060_DENS_LOW_V_REF,7,0.486002981663,0.539939102388,3.37195214747,0,0,0.972005963326,
MC_G1_D060_DENS_LOW_V_REF_S007,MC_G1_D060_DENS_LOW_V_REF,7,0.495021432638,0.54200873403,3.72948567451,0,0,0.990042865276,
MC_G1_D060_DENS_LOW_V_REF_S007,MC_G1_D060_DENS_LOW_V_REF,7,0.50401610136,0.479354535184,2.39924538314,0,0,1.00803220272,
MC_G1_D060_DENS_LOW_V_REF_S007,MC_G1_D060_DENS_LOW_V_REF,7,0.51301074028,0.478649781087,2.30998241656,0,0,1.02602148056,
MC_G1_D060_DENS_LOW_V_REF_S007,MC_G1_D060_DENS_LOW_V_REF,7,0.522005438805,0.429755907329,1.68666502718,0,0,1.04401087761,
MC_G1_D060_DENS_LOW_V_REF_S007,MC_G1_D060_DENS_LOW_V_REF,7,0.531000077724,0.429345974553,1.13897865926,0,0,1.06200015545,
MC_G1_D060_DENS_LOW_V_REF_S007,MC_G1_D060_DENS_LOW_V_REF,7,0.540018498898,0.513806913303,2.07321392727,0,0,1.0800369978,
MC_G1_D060_DENS_LOW_V_REF_S007,MC_G1_D060_DENS_LOW_V_REF,7,0.549013197422,0.411525744547,1.28073393398,0,0,1.09802639484,
MC_G1_D060_DENS_LOW_V_REF_S007,MC_G1_D060_DENS_LOW_V_REF,7,0.558007836342,0.581243013597,2.6931004193,0,0,1.11601567268,
MC_G1_D060_DENS_LOW_V_REF_S007,MC_G1_D060_DENS_LOW_V_REF,7,0.567002475262,0.534084500337,3.16123902807,0,0,1.13400495052,
MC_G1_D060_DENS_LOW_V_REF_S007,MC_G1_D060_DENS_LOW_V_REF,7,0.576020956039,0.622568997279,4.14541870769,0,0,1.15204191208,
MC_G1_D060_DENS_LOW_V_REF_S007,MC_G1_D060_DENS_LOW_V_REF,7,0.585015594959,0.508768345152,3.7327495745,0,0,1.17003118992,
MC_G1_D060_DENS_LOW_V_REF_S007,MC_G1_D060_DENS_LOW_V_REF,7,0.594010233879,0.543457152378,2.44726704151,0,0,1.18802046776,
MC_G1_D060_DENS_LOW_V_REF_S007,MC_G1_D060_DENS_LOW_V_REF,7,0.603004932404,0.601070246627,3.73183322277,0,0,1.20600986481,
MC_G1_D060_DENS_LOW_V_REF_S007,MC_G1_D060_DENS_LOW_V_REF,7,0.612023353577,0.569293009067,2.96376614747,0,0,1.22404670715,
MC_G1_D060_DENS_LOW_V_REF_S007,MC_G1_D060_DENS_LOW_V_REF,7,0.621017992496,0.579975600322,2.50620393399,0,0,1.24203598499,
MC_G1_D060_DENS_LOW_V_REF_S007,MC_G1_D060_DENS_LOW_V_REF,7,0.630012691021,0.626606910674,3.1076582117,0,0,1.26002538204,
MC_G1_D060_DENS_LOW_V_REF_S007,MC_G1_D060_DENS_LOW_V_REF,7,0.639007329941,0.513195845791,2.55218553562,0,0,1.27801465988,
MC_G1_D060_DENS_LOW_V_REF_S007,MC_G1_D060_DENS_LOW_V_REF,7,0.648001968861,0.54104326571,2.95422195207,0,0,1.29600393772,
MC_G1_D060_DENS_LOW_V_REF_S007,MC_G1_D060_DENS_LOW_V_REF,7,0.657020449638,0.607090743011,2.87168538848,0,0,1.31404089928,
MC_G1_D060_DENS_LOW_V_REF_S007,MC_G1_D060_DENS_LOW_V_REF,7,0.666015088558,0.55461864614,2.17385634749,0,0,1.33203017712,
MC_G1_D060_DENS_LOW_V_REF_S007,MC_G1_D060_DENS_LOW_V_REF,7,0.675009727478,0.684223728642,2.43888617846,0,0,1.35001945496,
MC_G1_D060_DENS_LOW_V_REF_S007,MC_G1_D060_DENS_LOW_V_REF,7,0.684004426003,0.638750008868,3.65949906982,0,0,1.36800885201,
MC_G1_D060_DENS_LOW_V_REF_S007,MC_G1_D060_DENS_LOW_V_REF,7,0.693022847176,0.697892202021,3.60275837241,0,0,1.38604569435,
MC_G1_D060_DENS_LOW_V_REF_S007,MC_G1_D060_DENS_LOW_V_REF,7,0.7020175457,0.612005511032,2.86260347064,0,0,1.4040350914,
MC_G1_D060_DENS_LOW_V_REF_S007,MC_G1_D060_DENS_LOW_V_REF,7,0.71101218462,0.717738701243,3.21437347282,0,0,1.42202436924,
MC_G1_D060_DENS_LOW_V_REF_S007,MC_G1_D060_DENS_LOW_V_REF,7,0.72000682354,0.554658797534,2.78858504188,0,0,1.44001364708,
MC_G1_D060_DENS_LOW_V_REF_S007,MC_G1_D060_DENS_LOW_V_REF,7,0.72900146246,0.711995486929,3.37391409121,0,0,1.45800292492,
MC_G1_D060_DENS_LOW_V_REF_S007,MC_G1_D060_DENS_LOW_V_REF,7,0.738019943237,0.621082532248,2.94382864347,0,0,1.47603988647,
MC_G1_D060_DENS_LOW_V_REF_S007,MC_G1_D060_DENS_LOW_V_REF,7,0.747014582157,0.649573885537,3.51772427292,0,0,1.49402916431,
MC_G1_D060_DENS_LOW_V_REF_S007,MC_G1_D060_DENS_LOW_V_REF,7,0.756009280682,0.681862027992,2.62282151093,0,0,1.51201856136,
MC_G1_D060_DENS_LOW_V_REF_S007,MC_G1_D060_DENS_LOW_V_REF,7,0.765003919601,0.684077856038,3.37085485646,0,0,1.5300078392,
MC_G1_D060_DENS_LOW_V_REF_S007,MC_G1_D060_DENS_LOW_V_REF,7,0.774022340775,0.615847308616,2.73991366059,0,0,1.54804468155,
MC_G1_D060_DENS_LOW_V_REF_S007,MC_G1_D060_DENS_LOW_V_REF,7,0.783017039299,0.654163286957,3.16665277941,0,0,1.5660340786,
MC_G1_D060_DENS_LOW_V_REF_S007,MC_G1_D060_DENS_LOW_V_REF,7,0.792011678219,0.717525100147,2.71972467929,0,0,1.58402335644,
MC_G1_D060_DENS_LOW_V_REF_S007,MC_G1_D060_DENS_LOW_V_REF,7,0.801006317139,0.743591503548,2.72381450295,0,0,1.60201263428,
MC_G1_D060_DENS_LOW_V_REF_S007,MC_G1_D060_DENS_LOW_V_REF,7,0.810001015663,0.719804393299,3.38583795409,0,0,1.62000203133,
MC_G1_D060_DENS_LOW_V_REF_S007,MC_G1_D060_DENS_LOW_V_REF,7,0.819019436836,0.770715280945,3.46760131858,0,0,1.63803887367,
MC_G1_D060_DENS_LOW_V_REF_S007,MC_G1_D060_DENS_LOW_V_REF,7,0.828014075756,0.922081933033,4.34203930611,0,0,1.65602815151,
MC_G1_D060_DENS_LOW_V_REF_S007,MC_G1_D060_DENS_LOW_V_REF,7,0.837008774281,0.614347783588,3.48573005583,0,0,1.67401754856,
MC_G1_D060_DENS_LOW_V_REF_S007,MC_G1_D060_DENS_LOW_V_REF,7,0.8460034132,0.804482818764,4.36998954907,0,0,1.6920068264,
MC_G1_D060_DENS_LOW_V_REF_S007,MC_G1_D060_DENS_LOW_V_REF,7,0.855021834373,0.769411278093,4.64067652531,0,0,1.71004366875,
MC_G1_D060_DENS_LOW_V_REF_S007,MC_G1_D060_DENS_LOW_V_REF,7,0.864016532898,0.78948827006,3.69639877809,0,0,1.7280330658,
MC_G1_D060_DENS_LOW_V_REF_S007,MC_G1_D060_DENS_LOW_V_REF,7,0.873011171818,0.732925911875,3.64888283998,0,0,1.74602234364,
MC_G1_D060_DENS_LOW_V_REF_S007,MC_G1_D060_DENS_LOW_V_REF,7,0.882005810738,0.82921753428,3.39166334006,0,0,1.76401162148,
MC_G1_D060_DENS_LOW_V_REF_S007,MC_G1_D060_DENS_LOW_V_REF,7,0.891000509262,0.894199488579,3.31986695496,0,0,1.78200101852,
MC_G1_D060_DENS_LOW_V_REF_S007,MC_G1_D060_DENS_LOW_V_REF,7,0.900018930435,0.820538519149,4.24820117376,0,0,1.80003786087,
MC_G1_D060_DENS_LOW_V_REF_S007,MC_G1_D060_DENS_LOW_V_REF,7,0.909013569355,0.882861900734,3.16098623534,0,0,1.81802713871,
MC_G1_D060_DENS_LOW_V_REF_S007,MC_G1_D060_DENS_LOW_V_REF,7,0.918008267879,0.853967522436,4.35339401766,0,0,1.83601653576,
MC_G1_D060_DENS_LOW_V_REF_S007,MC_G1_D060_DENS_LOW_V_REF,7,0.927002906799,0.919053956705,3.64009163523,0,0,1.8540058136,
MC_G1_D060_DENS_LOW_V_REF_S007,MC_G1_D060_DENS_LOW_V_REF,7,0.936021327972,0.872488809805,3.91555698809,0,0,1.87204265594,
MC_G1_D060_DENS_LOW_V_REF_S007,MC_G1_D060_DENS_LOW_V_REF,7,0.945016026497,0.897348080987,4.24390668971,0,0,1.89003205299,
MC_G1_D060_DENS_LOW_V_REF_S007,MC_G1_D060_DENS_LOW_V_REF,7,0.954010665417,0.851639928884,4.80648546038,0,0,1.90802133083,
MC_G1_D060_DENS_LOW_V_REF_S007,MC_G1_D060_DENS_LOW_V_REF,7,0.963005304337,0.884765206307,4.24600057845,0,0,1.92601060867,
MC_G1_D060_DENS_LOW_V_REF_S007,MC_G1_D060_DENS_LOW_V_REF,7,0.972023785114,0.84434333055,3.76290127777,0,0,1.94404757023,
MC_G1_D060_DENS_LOW_V_REF_S007,MC_G1_D060_DENS_LOW_V_REF,7,0.981018424034,0.803593929513,3.48307422353,0,0,1.96203684807,
MC_G1_D060_DENS_LOW_V_REF_S007,MC_G1_D060_DENS_LOW_V_REF,7,0.990013062954,0.86773248868,3.06664675905,0,0,1.98002612591,
MC_G1_D060_DENS_LOW_V_REF_S007,MC_G1_D060_DENS_LOW_V_REF,7,0.999007761478,0.958311334117,3.96969799542,0,0,1.99801552296,
MC_G1_D060_DENS_LOW_V_REF_S007,MC_G1_D060_DENS_LOW_V_REF,7,1.0080024004,0.990444429591,4.07676246421,0,0,2.0160048008,
MC_G1_D060_DENS_LOW_V_REF_S007,MC_G1_D060_DENS_LOW_V_REF,7,1.01702082157,0.927956556814,3.51178705761,0,0,2.03404164314,
MC_G1_D060_DENS_LOW_V_REF_S007,MC_G1_D060_DENS_LOW_V_REF,7,1.0260155201,1.13983222241,4.45122873705,0,0,2.05203104019,
MC_G1_D060_DENS_LOW_V_REF_S007,MC_G1_D060_DENS_LOW_V_REF,7,1.03501021862,0.98970691757,2.94051393286,0,0,2.07002043724,
MC_G1_D060_DENS_LOW_V_REF_S007,MC_G1_D060_DENS_LOW_V_REF,7,1.04400479794,0.887618815495,2.97229115947,0,0,2.08800959587,
MC_G1_D060_DENS_LOW_V_REF_S007,MC_G1_D060_DENS_LOW_V_REF,7,1.05302321911,0.981599466161,3.98212460815,0,0,2.10604643822,
MC_G1_D060_DENS_LOW_V_REF_S007,MC_G1_D060_DENS_LOW_V_REF,7,1.06201791763,0.928276688623,4.11493399049,0,0,2.12403583527,
MC_G1_D060_DENS_LOW_V_REF_S007,MC_G1_D060_DENS_LOW_V_REF,7,1.07101261616,1.04610591787,4.43348906288,0,0,2.14202523232,
MC_G1_D060_DENS_LOW_V_REF_S007,MC_G1_D060_DENS_LOW_V_REF,7,1.08000719547,1.02120838413,4.71214141087,0,0,2.16001439095,
MC_G1_D060_DENS_LOW_V_REF_S007,MC_G1_D060_DENS_LOW_V_REF,7,1.089001894,0.989560883066,4.51344610359,0,0,2.17800378799,
MC_G1_D060_DENS_LOW_V_REF_S007,MC_G1_D060_DENS_LOW_V_REF,7,1.09802031517,0.93439459531,4.14952325851,0,0,2.19604063034,
MC_G1_D060_DENS_LOW_V_REF_S007,MC_G1_D060_DENS_LOW_V_REF,7,1.10701501369,1.05486000099,4.31836138447,0,0,2.21403002739,
MC_G1_D060_DENS_LOW_V_REF_S007,MC_G1_D060_DENS_LOW_V_REF,7,1.11600971222,0.906786950447,3.68225934931,0,0,2.23201942444,
MC_G1_D060_DENS_LOW_V_REF_S007,MC_G1_D060_DENS_LOW_V_REF,7,1.12500429153,0.957498700134,4.02630189268,0,0,2.25000858307,
MC_G1_D060_DENS_LOW_V_REF_S007,MC_G1_D060_DENS_LOW_V_REF,7,1.13402283192,1.13155347997,5.1790498446,0,0,2.26804566383,
MC_G1_D060_DENS_LOW_V_REF_S007,MC_G1_D060_DENS_LOW_V_REF,7,1.14301741123,1.04736690908,4.4974015795,0,0,2.28603482246,
MC_G1_D060_DENS_LOW_V_REF_S007,MC_G1_D060_DENS_LOW_V_REF,7,1.15201210976,0.90472444244,3.79009018936,0,0,2.30402421951,
MC_G1_D060_DENS_LOW_V_REF_S007,MC_G1_D060_DENS_LOW_V_REF,7,1.16100668907,1.06715496212,4.89673305364,0,0,2.32201337814,
MC_G1_D060_DENS_LOW_V_REF_S007,MC_G1_D060_DENS_LOW_V_REF,7,1.1700013876,0.993832473254,4.47742822844,0,0,2.34000277519,
MC_G1_D060_DENS_LOW_V_REF_S007,MC_G1_D060_DENS_LOW_V_REF,7,1.17901980877,1.06086058358,4.3136662774,0,0,2.35803961754,
MC_G1_D060_DENS_LOW_V_REF_S007,MC_G1_D060_DENS_LOW_V_REF,7,1.18801450729,0.986171220396,4.67423428212,0,0,2.37602901459,
MC_G1_D060_DENS_LOW_V_REF_S007,MC_G1_D060_DENS_LOW_V_REF,7,1.19700920582,0.98616236982,4.6181453559,0,0,2.39401841164,
MC_G1_D060_DENS_LOW_V_REF_S007,MC_G1_D060_DENS_LOW_V_REF,7,1.20600378513,1.0052733538,4.29059256243,0,0,2.41200757027,
MC_G1_D060_DENS_LOW_V_REF_S007,MC_G1_D060_DENS_LOW_V_REF,7,1.21502232552,1.11579740397,4.92010137444,0,0,2.43004465103,
MC_G1_D060_DENS_LOW_V_REF_S007,MC_G1_D060_DENS_LOW_V_REF,7,1.22401690483,1.09901692775,5.03174293727,0,0,2.44803380966,
MC_G1_D060_DENS_LOW_V_REF_S007,MC_G1_D060_DENS_LOW_V_REF,7,1.23301160336,1.12721702154,4.25907434248,0,0,2.46602320671,
MC_G1_D060_DENS_LOW_V_REF_S007,MC_G1_D060_DENS_LOW_V_REF,7,1.24200630188,1.24920224381,5.22436306825,0,0,2.48401260376,
MC_G1_D060_DENS_LOW_V_REF_S007,MC_G1_D060_DENS_LOW_V_REF,7,1.2510008812,1.00651416138,4.10131692149,0,0,2.50200176239,
MC_G1_D060_DENS_LOW_V_REF_S007,MC_G1_D060_DENS_LOW_V_REF,7,1.26001930237,1.13764084138,4.47129014825,0,0,2.52003860474,
MC_G1_D060_DENS_LOW_V_REF_S007,MC_G1_D060_DENS_LOW_V_REF,7,1.26901400089,1.20560808417,4.3752489503,0,0,2.53802800179,
MC_G1_D060_DENS_LOW_V_REF_S007,MC_G1_D060_DENS_LOW_V_REF,7,1.27800869942,1.26166536588,4.87185688412,0,0,2.55601739883,
MC_G1_D060_DENS_LOW_V_REF_S007,MC_G1_D060_DENS_LOW_V_REF,7,1.28700327873,1.31491928162,5.33112901445,0,0,2.57400655746,
MC_G1_D060_DENS_LOW_V_REF_S007,MC_G1_D060_DENS_LOW_V_REF,7,1.29602181911,1.28171666959,4.85976290995,0,0,2.59204363823,
MC_G1_D060_DENS_LOW_V_REF_S007,MC_G1_D060_DENS_LOW_V_REF,7,1.30501639843,1.19592328742,4.87457351883,0,0,2.61003279686,
MC_G1_D060_DENS_LOW_V_REF_S007,MC_G1_D060_DENS_LOW_V_REF,7,1.31401109695,1.25543758253,4.65484954221,0,0,2.62802219391,
MC_G1_D060_DENS_LOW_V_REF_S007,MC_G1_D060_DENS_LOW_V_REF,7,1.32300579548,1.06655204361,3.78142098423,0,0,2.64601159096,
MC_G1_D060_DENS_LOW_V_REF_S007,MC_G1_D060_DENS_LOW_V_REF,7,1.33200037479,1.09503211781,4.29236702203,0,0,2.66400074959,
MC_G1_D060_DENS_LOW_V_REF_S007,MC_G1_D060_DENS_LOW_V_REF,7,1.34101879597,1.2905019456,4.73271618413,0,0,2.68203759193,
MC_G1_D060_DENS_LOW_V_REF_S007,MC_G1_D060_DENS_LOW_V_REF,7,1.35001349449,1.15871600562,4.83560566954,0,0,2.70002698898,
MC_G1_D060_DENS_LOW_V_REF_S007,MC_G1_D060_DENS_LOW_V_REF,7,1.35900819302,1.27778841699,4.11241027202,0,0,2.71801638603,
MC_G1_D060_DENS_LOW_V_REF_S007,MC_G1_D060_DENS_LOW_V_REF,7,1.36800277233,1.22903760956,3.92237907632,0,0,2.73600554466,
MC_G1_D060_DENS_LOW_V_REF_S007,MC_G1_D060_DENS_LOW_V_REF,7,1.37702131271,1.35779492561,4.4938087599,0,0,2.75404262543,
MC_G1_D060_DENS_LOW_V_REF_S007,MC_G1_D060_DENS_LOW_V_REF,7,1.38601589203,1.21124482173,4.44957465851,0,0,2.77203178406,
MC_G1_D060_DENS_LOW_V_REF_S007,MC_G1_D060_DENS_LOW_V_REF,7,1.39501059055,1.36226576169,4.59579403408,0,0,2.79002118111,
MC_G1_D060_DENS_LOW_V_REF_S007,MC_G1_D060_DENS_LOW_V_REF,7,1.40400528908,1.25616386943,5.19464451639,0,0,2.80801057816,
MC_G1_D060_DENS_LOW_V_REF_S007,MC_G1_D060_DENS_LOW_V_REF,7,1.41302371025,1.32300471453,5.18042903595,0,0,2.8260474205,
MC_G1_D060_DENS_LOW_V_REF_S007,MC_G1_D060_DENS_LOW_V_REF,7,1.42201828957,1.38827782039,5.43624048744,0,0,2.84403657913,
MC_G1_D060_DENS_LOW_V_REF_S007,MC_G1_D060_DENS_LOW_V_REF,7,1.43101298809,1.52587049376,6.38115498979,0,0,2.86202597618,
MC_G1_D060_DENS_LOW_V_REF_S007,MC_G1_D060_DENS_LOW_V_REF,7,1.44000768661,1.37086204552,5.66009098514,0,0,2.88001537323,
MC_G1_D060_DENS_LOW_V_REF_S007,MC_G1_D060_DENS_LOW_V_REF,7,1.44900226593,1.33889948554,4.95477031082,0,0,2.89800453186,
MC_G1_D060_DENS_LOW_V_REF_S007,MC_G1_D060_DENS_LOW_V_REF,7,1.45802080631,1.30807336109,4.6796402962,0,0,2.91604161263,
MC_G1_D060_DENS_LOW_V_REF_S007,MC_G1_D060_DENS_LOW_V_REF,7,1.46701538563,1.52033586162,5.08536281372,0,0,2.93403077126,
MC_G1_D060_DENS_LOW_V_REF_S007,MC_G1_D060_DENS_LOW_V_REF,7,1.47601008415,1.49931509604,5.30823175257,0,0,2.9520201683,
MC_G1_D060_DENS_LOW_V_REF_S007,MC_G1_D060_DENS_LOW_V_REF,7,1.48500478268,1.45388249906,7.27194432708,0,0,2.97000956535,
MC_G1_D060_DENS_LOW_V_REF_S007,MC_G1_D060_DENS_LOW_V_REF,7,1.49402320385,1.55728852746,4.87509210795,0,0,2.9880464077,
MC_G1_D060_DENS_LOW_V_REF_S007,MC_G1_D060_DENS_LOW_V_REF,7,1.50301778316,1.45316776108,4.1561649482,0,0,3.00603556633,
MC_G1_D060_DENS_LOW_V_REF_S007,MC_G1_D060_DENS_LOW_V_REF,7,1.51201248169,1.52432714759,5.21648647751,0,0,3.02402496338,
MC_G1_D060_DENS_LOW_V_REF_S007,MC_G1_D060_DENS_LOW_V_REF,7,1.52100718021,1.57734101844,5.21602454419,0,0,3.04201436043,
MC_G1_D060_DENS_LOW_V_REF_S007,MC_G1_D060_DENS_LOW_V_REF,7,1.53000175953,1.60483619622,6.13152800414,0,0,3.06000351906,
MC_G1_D060_DENS_LOW_V_REF_S007,MC_G1_D060_DENS_LOW_V_REF,7,1.53902029991,1.47426904532,5.25091600141,0,0,3.07804059982,
MC_G1_D060_DENS_LOW_V_REF_S007,MC_G1_D060_DENS_LOW_V_REF,7,1.54801487923,1.33318784187,5.09358373432,0,0,3.09602975845,
MC_G1_D060_DENS_LOW_V_REF_S007,MC_G1_D060_DENS_LOW_V_REF,7,1.55700957775,1.45064059784,5.79762595078,0,0,3.1140191555,
MC_G1_D060_DENS_LOW_V_REF_S007,MC_G1_D060_DENS_LOW_V_REF,7,1.56600427628,1.59098493686,4.78369816369,0,0,3.13200855255,
MC_G1_D060_DENS_LOW_V_REF_S007,MC_G1_D060_DENS_LOW_V_REF,7,1.57502269745,1.52496406526,4.85637488588,0,0,3.1500453949,
MC_G1_D060_DENS_LOW_V_REF_S007,MC_G1_D060_DENS_LOW_V_REF,7,1.58401727676,1.57742326403,5.30928027794,0,0,3.16803455353,
MC_G1_D060_DENS_LOW_V_REF_S007,MC_G1_D060_DENS_LOW_V_REF,7,1.59301197529,1.44755962599,4.96605154714,0,0,3.18602395058,
MC_G1_D060_DENS_LOW_V_REF_S007,MC_G1_D060_DENS_LOW_V_REF,7,1.60200667381,1.6706988368,6.16436484806,0,0,3.20401334763,
MC_G1_D060_DENS_LOW_V_REF_S007,MC_G1_D060_DENS_LOW_V_REF,7,1.61100125313,1.45401795605,4.13777333654,0,0,3.22200250626,
MC_G1_D060_DENS_LOW_V_REF_S007,MC_G1_D060_DENS_LOW_V_REF,7,1.62001979351,1.84707354689,5.69092091147,0,0,3.24003958702,
MC_G1_D060_DENS_LOW_V_REF_S007,MC_G1_D060_DENS_LOW_V_REF,7,1.62901437283,1.65919492289,4.62401046979,0,0,3.25802874565,
MC_G1_D060_DENS_LOW_V_REF_S007,MC_G1_D060_DENS_LOW_V_REF,7,1.63800907135,1.70660907748,5.76712861794,0,0,3.2760181427,
MC_G1_D060_DENS_LOW_V_REF_S007,MC_G1_D060_DENS_LOW_V_REF,7,1.64700365067,1.63973628397,5.49523219056,0,0,3.29400730133,
MC_G1_D060_DENS_LOW_V_REF_S007,MC_G1_D060_DENS_LOW_V_REF,7,1.65602219105,1.71249201217,5.22056356484,0,0,3.3120443821,
MC_G1_D060_DENS_LOW_V_REF_S007,MC_G1_D060_DENS_LOW_V_REF,7,1.66501677036,1.6386782084,5.76581396191,0,0,3.33003354073,
MC_G1_D060_DENS_LOW_V_REF_S007,MC_G1_D060_DENS_LOW_V_REF,7,1.67401146889,1.66660900722,5.90712323937,0,0,3.34802293777,
MC_G1_D060_DENS_LOW_V_REF_S007,MC_G1_D060_DENS_LOW_V_REF,7,1.68300616741,1.71917257803,6.33879394657,0,0,3.36601233482,
MC_G1_D060_DENS_LOW_V_REF_S007,MC_G1_D060_DENS_LOW_V_REF,7,1.69200074673,1.76456513155,6.34106026441,0,0,3.38400149345,
MC_G1_D060_DENS_LOW_V_REF_S007,MC_G1_D060_DENS_LOW_V_REF,7,1.70101928711,1.69610430725,6.60989025655,0,0,3.40203857422,
MC_G1_D060_DENS_LOW_V_REF_S007,MC_G1_D060_DENS_LOW_V_REF,7,1.71001386642,1.83694827209,6.07673792613,0,0,3.42002773285,
MC_G1_D060_DENS_LOW_V_REF_S007,MC_G1_D060_DENS_LOW_V_REF,7,1.71900856495,1.75498762106,5.51972130591,0,0,3.4380171299,
MC_G1_D060_DENS_LOW_V_REF_S007,MC_G1_D060_DENS_LOW_V_REF,7,1.72800314426,1.95035609896,6.03826272098,0,0,3.45600628853,
MC_G1_D060_DENS_LOW_V_REF_S007,MC_G1_D060_DENS_LOW_V_REF,7,1.73702168465,1.62420147236,5.05650625854,0,0,3.47404336929,
MC_G1_D060_DENS_LOW_V_REF_S007,MC_G1_D060_DENS_LOW_V_REF,7,1.74601626396,1.5876440603,4.82998336435,0,0,3.49203252792,
MC_G1_D060_DENS_LOW_V_REF_S007,MC_G1_D060_DENS_LOW_V_REF,7,1.75501096249,1.76917433883,5.2071088168,0,0,3.51002192497,
MC_G1_D060_DENS_LOW_V_REF_S007,MC_G1_D060_DENS_LOW_V_REF,7,1.76400566101,1.93392381736,6.67638437441,0,0,3.52801132202,
MC_G1_D060_DENS_LOW_V_REF_S007,MC_G1_D060_DENS_LOW_V_REF,7,1.77300024033,1.77682911566,6.30638781224,0,0,3.54600048065,
MC_G1_D060_DENS_LOW_V_REF_S007,MC_G1_D060_DENS_LOW_V_REF,7,1.7820186615,1.97793837936,6.60757965159,0,0,3.564037323,
MC_G1_D060_DENS_LOW_V_REF_S007,MC_G1_D060_DENS_LOW_V_REF,7,1.79101336002,1.76130315463,6.09157594083,0,0,3.58202672005,
MC_G1_D060_DENS_LOW_V_REF_S007,MC_G1_D060_DENS_LOW_V_REF,7,1.80000805855,1.77273259418,6.51037000418,0,0,3.6000161171,
MC_G1_D060_DENS_LOW_V_REF_S007,MC_G1_D060_DENS_LOW_V_REF,7,1.80900263786,1.56627197002,5.96753021903,0,0,3.61800527573,
MC_G1_D060_DENS_LOW_V_REF_S007,MC_G1_D060_DENS_LOW_V_REF,7,1.81802117825,1.68373875738,5.83099728677,0,0,3.63604235649,
MC_G1_D060_DENS_LOW_V_REF_S007,MC_G1_D060_DENS_LOW_V_REF,7,1.82701575756,1.66173482233,5.88986270295,0,0,3.65403151512,
MC_G1_D060_DENS_LOW_V_REF_S007,MC_G1_D060_DENS_LOW_V_REF,7,1.83601045609,1.8489364852,6.18251777108,0,0,3.67202091217,
MC_G1_D060_DENS_LOW_V_REF_S007,MC_G1_D060_DENS_LOW_V_REF,7,1.8450050354,1.90847279882,5.75448482662,0,0,3.6900100708,
MC_G1_D060_DENS_LOW_V_REF_S007,MC_G1_D060_DENS_LOW_V_REF,7,1.85402357578,1.82615294392,5.10099624526,0,0,3.70804715157,
MC_G1_D060_DENS_LOW_V_REF_S007,MC_G1_D060_DENS_LOW_V_REF,7,1.8630181551,1.87280325063,6.01972281171,0,0,3.7260363102,
MC_G1_D060_DENS_LOW_V_REF_S007,MC_G1_D060_DENS_LOW_V_REF,7,1.87201285362,1.89811417103,5.64266560708,0,0,3.74402570724,
MC_G1_D060_DENS_LOW_V_REF_S007,MC_G1_D060_DENS_LOW_V_REF,7,1.88100755215,1.88444067872,5.98781897425,0,0,3.76201510429,
MC_G1_D060_DENS_LOW_V_REF_S007,MC_G1_D060_DENS_LOW_V_REF,7,1.89000213146,1.83598053716,6.83471832458,0,0,3.78000426292,
MC_G1_D060_DENS_LOW_V_REF_S007,MC_G1_D060_DENS_LOW_V_REF,7,1.89902067184,1.8546979943,5.817827143,0,0,3.79804134369,
MC_G1_D060_DENS_LOW_V_REF_S007,MC_G1_D060_DENS_LOW_V_REF,7,1.90801525116,2.15321194828,7.20682824354,0,0,3.81603050232,
MC_G1_D060_DENS_LOW_V_REF_S007,MC_G1_D060_DENS_LOW_V_REF,7,1.91700994968,1.73643206469,6.61818630787,0,0,3.83401989937,
MC_G1_D060_DENS_LOW_V_REF_S007,MC_G1_D060_DENS_LOW_V_REF,7,1.926004529,2.09969834369,6.78446104376,0,0,3.852009058,
MC_G1_D060_DENS_LOW_V_REF_S007,MC_G1_D060_DENS_LOW_V_REF,7,1.93502306938,1.8105243378,6.22634425717,0,0,3.87004613876,
MC_G1_D060_DENS_LOW_V_REF_S007,MC_G1_D060_DENS_LOW_V_REF,7,1.9440176487,2.07386718212,6.26337183008,0,0,3.88803529739,
MC_G1_D060_DENS_LOW_V_REF_S007,MC_G1_D060_DENS_LOW_V_REF,7,1.95301234722,1.96222990218,6.75644761109,0,0,3.90602469444,
MC_G1_D060_DENS_LOW_V_REF_S007,MC_G1_D060_DENS_LOW_V_REF,7,1.96200704575,2.04403663954,6.13506445708,0,0,3.92401409149,
MC_G1_D060_DENS_LOW_V_REF_S007,MC_G1_D060_DENS_LOW_V_REF,7,1.97100162506,1.94541920449,5.6758528727,0,0,3.94200325012,
MC_G1_D060_DENS_LOW_V_REF_S007,MC_G1_D060_DENS_LOW_V_REF,7,1.98002004623,1.97885948687,7.5114966765,0,0,3.96004009247,
MC_G1_D060_DENS_LOW_V_REF_S007,MC_G1_D060_DENS_LOW_V_REF,7,1.98901474476,1.94675585734,5.61115486173,0,0,3.97802948952,
MC_G1_D060_DENS_LOW_V_REF_S007,MC_G1_D060_DENS_LOW_V_REF,7,1.99800944328,2.07281353184,6.1900805596,0,0,3.99601888657,
MC_G1_D060_DENS_LOW_V_REF_S007,MC_G1_D060_DENS_LOW_V_REF,7,2.0070040226,2.03773481357,6.77272784232,0,0,4.0140080452,
MC_G1_D060_DENS_LOW_V_REF_S007,MC_G1_D060_DENS_LOW_V_REF,7,2.01602244377,1.94880141973,6.98757012676,0,0,4.03204488754,
MC_G1_D060_DENS_LOW_V_REF_S007,MC_G1_D060_DENS_LOW_V_REF,7,2.02501726151,1.79584144809,6.4154321308,0,0,4.05003452301,
MC_G1_D060_DENS_LOW_V_REF_S007,MC_G1_D060_DENS_LOW_V_REF,7,2.03401184082,2.15352301364,7.47739156949,0,0,4.06802368164,
MC_G1_D060_DENS_LOW_V_REF_S007,MC_G1_D060_DENS_LOW_V_REF,7,2.04300642014,2.0108100662,7.41217164432,0,0,4.08601284027,
MC_G1_D060_DENS_LOW_V_REF_S007,MC_G1_D060_DENS_LOW_V_REF,7,2.05200099945,2.03696438172,7.08621746278,0,0,4.1040019989,
MC_G1_D060_DENS_LOW_V_REF_S007,MC_G1_D060_DENS_LOW_V_REF,7,2.06101965904,2.30129503667,7.57558860087,0,0,4.12203931808,
MC_G1_D060_DENS_LOW_V_REF_S007,MC_G1_D060_DENS_LOW_V_REF,7,2.07001423836,2.17704417488,7.16294572523,0,0,4.14002847672,
MC_G1_D060_DENS_LOW_V_REF_S007,MC_G1_D060_DENS_LOW_V_REF,7,2.07900881767,2.08943469768,6.32649925028,0,0,4.15801763535,
MC_G1_D060_DENS_LOW_V_REF_S007,MC_G1_D060_DENS_LOW_V_REF,7,2.08800363541,2.31002731716,7.17802346478,0,0,4.17600727081,
MC_G1_D060_DENS_LOW_V_REF_S007,MC_G1_D060_DENS_LOW_V_REF,7,2.09702205658,2.34641656828,7.0952593987,0,0,4.19404411316,
MC_G1_D060_DENS_LOW_V_REF_S007,MC_G1_D060_DENS_LOW_V_REF,7,2.10601663589,2.24812142372,6.72459592229,0,0,4.21203327179,
MC_G1_D060_DENS_LOW_V_REF_S007,MC_G1_D060_DENS_LOW_V_REF,7,2.11501121521,2.35436460139,6.68402152735,0,0,4.23002243042,
MC_G1_D060_DENS_LOW_V_REF_S007,MC_G1_D060_DENS_LOW_V_REF,7,2.12400603294,2.37760470287,6.85462727526,0,0,4.24801206589,
MC_G1_D060_DENS_LOW_V_REF_S007,MC_G1_D060_DENS_LOW_V_REF,7,2.13300061226,2.26155854088,6.59505020806,0,0,4.26600122452,
MC_G1_D060_DENS_LOW_V_REF_S007,MC_G1_D060_DENS_LOW_V_REF,7,2.14201903343,2.30333196435,7.03287443101,0,0,4.28403806686,
MC_G1_D060_DENS_LOW_V_REF_S007,MC_G1_D060_DENS_LOW_V_REF,7,2.15101361275,2.52231723288,8.30336598166,0,0,4.30202722549,
MC_G1_D060_DENS_LOW_V_REF_S007,MC_G1_D060_DENS_LOW_V_REF,7,2.16000843048,2.26900122769,7.34424795079,0,0,4.32001686096,
MC_G1_D060_DENS_LOW_V_REF_S007,MC_G1_D060_DENS_LOW_V_REF,7,2.1690030098,2.22980850265,8.44250097277,0,0,4.33800601959,
MC_G1_D060_DENS_LOW_V_REF_S007,MC_G1_D060_DENS_LOW_V_REF,7,2.17802143097,2.10749893915,10.0491264114,0,0,4.35604286194,
MC_G1_D060_DENS_LOW_V_REF_S007,MC_G1_D060_DENS_LOW_V_REF,7,2.18701601028,2.41492822942,7.44809019493,0,0,4.37403202057,
MC_G1_D060_DENS_LOW_V_REF_S007,MC_G1_D060_DENS_LOW_V_REF,7,2.19601082802,2.32280452674,7.39284870334,0,0,4.39202165604,
MC_G1_D060_DENS_LOW_V_REF_S007,MC_G1_D060_DENS_LOW_V_REF,7,2.20500540733,2.46103562885,7.70330559292,0,0,4.41001081467,
MC_G1_D060_DENS_LOW_V_REF_S007,MC_G1_D060_DENS_LOW_V_REF,7,2.21399998665,2.40967012381,6.79909835627,0,0,4.4279999733,
MC_G1_D060_DENS_LOW_V_REF_S007,MC_G1_D060_DENS_LOW_V_REF,7,2.22301840782,2.39536694541,6.99151632979,0,0,4.44603681564,
MC_G1_D060_DENS_LOW_V_REF_S007,MC_G1_D060_DENS_LOW_V_REF,7,2.23201322556,2.47654788228,6.72774497627,0,0,4.46402645111,
MC_G1_D060_DENS_LOW_V_REF_S007,MC_G1_D060_DENS_LOW_V_REF,7,2.24100780487,2.36496996597,6.7609852788,0,0,4.48201560974,
MC_G1_D060_DENS_LOW_V_REF_S007,MC_G1_D060_DENS_LOW_V_REF,7,2.25000238419,2.50831583753,7.61586130176,0,0,4.50000476837,
MC_G1_D060_DENS_LOW_V_REF_S007,MC_G1_D060_DENS_LOW_V_REF,7,2.25902080536,2.05903814998,7.62187667817,0,0,4.51804161072,
MC_G1_D060_DENS_LOW_V_REF_S007,MC_G1_D060_DENS_LOW_V_REF,7,2.26801562309,2.70216719719,8.33336944637,0,0,4.53603124619,
MC_G1_D060_DENS_LOW_V_REF_S007,MC_G1_D060_DENS_LOW_V_REF,7,2.27701020241,2.29099598836,7.876024389,0,0,4.55402040482,
MC_G1_D060_DENS_LOW_V_REF_S007,MC_G1_D060_DENS_LOW_V_REF,7,2.28600478172,2.61404956741,9.17594832858,0,0,4.57200956345,
MC_G1_D060_DENS_LOW_V_REF_S007,MC_G1_D060_DENS_LOW_V_REF,7,2.29502344131,2.19321331374,8.51559689535,0,0,4.59004688263,
MC_G1_D060_DENS_LOW_V_REF_S007,MC_G1_D060_DENS_LOW_V_REF,7,2.30401802063,2.73788315693,8.79354329466,0,0,4.60803604126,
MC_G1_D060_DENS_LOW_V_REF_S007,MC_G1_D060_DENS_LOW_V_REF,7,2.31301259995,2.63692161445,7.97479754387,0,0,4.62602519989,
MC_G1_D060_DENS_LOW_V_REF_S007,MC_G1_D060_DENS_LOW_V_REF,7,2.32200717926,2.58845003189,7.71018880626,0,0,4.64401435852,
MC_G1_D060_DENS_LOW_V_REF_S007,MC_G1_D060_DENS_LOW_V_REF,7,2.33100199699,2.60489548142,7.2957336143,0,0,4.66200399399,
MC_G1_D060_DENS_LOW_V_REF_S007,MC_G1_D060_DENS_LOW_V_REF,7,2.34002041817,2.71782278678,7.87687038819,0,0,4.68004083633,
MC_G1_D060_DENS_LOW_V_REF_S007,MC_G1_D060_DENS_LOW_V_REF,7,2.34901499748,2.83944589097,6.75477326944,0,0,4.69802999496,
MC_G1_D060_DENS_LOW_V_REF_S007,MC_G1_D060_DENS_LOW_V_REF,7,2.3580095768,2.66693801912,8.01530139735,0,0,4.71601915359,
MC_G1_D060_DENS_LOW_V_REF_S007,MC_G1_D060_DENS_LOW_V_REF,7,2.36700439453,2.65404165056,8.81920801368,0,0,4.73400878906,
MC_G1_D060_DENS_LOW_V_REF_S007,MC_G1_D060_DENS_LOW_V_REF,7,2.3760228157,2.48981748611,7.81299616833,0,0,4.75204563141,
MC_G1_D060_DENS_LOW_V_REF_S007,MC_G1_D060_DENS_LOW_V_REF,7,2.38501739502,2.57627941057,8.69196353543,0,0,4.77003479004,
MC_G1_D060_DENS_LOW_V_REF_S007,MC_G1_D060_DENS_LOW_V_REF,7,2.39401221275,2.69199119347,9.43836411381,0,0,4.78802442551,
MC_G1_D060_DENS_LOW_V_REF_S007,MC_G1_D060_DENS_LOW_V_REF,7,2.40300679207,2.62868604556,9.15600645446,0,0,4.80601358414,
MC_G1_D060_DENS_LOW_V_REF_S007,MC_G1_D060_DENS_LOW_V_REF,7,2.41200137138,2.82275262531,8.85347402899,0,0,4.82400274277,
MC_G1_D060_DENS_LOW_V_REF_S007,MC_G1_D060_DENS_LOW_V_REF,7,2.42101979256,2.4288098182,8.82845728919,0,0,4.84203958511,
MC_G1_D060_DENS_LOW_V_REF_S007,MC_G1_D060_DENS_LOW_V_REF,7,2.43001461029,2.69731837675,8.1290675898,0,0,4.86002922058,
MC_G1_D060_DENS_LOW_V_REF_S007,MC_G1_D060_DENS_LOW_V_REF,7,2.43900918961,2.67379160296,7.86769526705,0,0,4.87801837921,
MC_G1_D060_DENS_LOW_V_REF_S007,MC_G1_D060_DENS_LOW_V_REF,7,2.44800376892,2.72270744125,7.81321017441,0,0,4.89600753784,
MC_G1_D060_DENS_LOW_V_REF_S007,MC_G1_D060_DENS_LOW_V_REF,7,2.45702219009,2.83515098707,8.3636696854,0,0,4.91404438019,
MC_G1_D060_DENS_LOW_V_REF_S007,MC_G1_D060_DENS_LOW_V_REF,7,2.46601700783,2.76352651359,7.28753159146,0,0,4.93203401566,
MC_G1_D060_DENS_LOW_V_REF_S007,MC_G1_D060_DENS_LOW_V_REF,7,2.47501158714,2.76324610144,7.20871460583,0,0,4.95002317429,
MC_G1_D060_DENS_LOW_V_REF_S007,MC_G1_D060_DENS_LOW_V_REF,7,2.48400616646,2.77350456662,11.621279554,0,0,4.96801233292,
MC_G1_D060_DENS_LOW_V_REF_S007,MC_G1_D060_DENS_LOW_V_REF,7,2.49300074577,3.00324760233,8.59451058098,0,0,4.98600149155,
MC_G1_D060_DENS_LOW_V_REF_S007,MC_G1_D060_DENS_LOW_V_REF,7,2.50201940536,2.63850047086,8.75347763604,0,0,5.00403881073,
MC_G1_D060_DENS_LOW_V_REF_S007,MC_G1_D060_DENS_LOW_V_REF,7,2.51101398468,2.91943502224,8.66058287317,0,0,5.02202796936,
MC_G1_D060_DENS_LOW_V_REF_S007,MC_G1_D060_DENS_LOW_V_REF,7,2.520008564,2.66890025658,8.51653433495,0,0,5.04001712799,
MC_G1_D060_DENS_LOW_V_REF_S007,MC_G1_D060_DENS_LOW_V_REF,7,2.52900314331,2.71111297084,9.2940342994,0,0,5.05800628662,
MC_G1_D060_DENS_LOW_V_REF_S007,MC_G1_D060_DENS_LOW_V_REF,7,2.5380218029,2.70830280503,9.53607577882,0,0,5.0760436058,
MC_G1_D060_DENS_LOW_V_REF_S007,MC_G1_D060_DENS_LOW_V_REF,7,2.54701638222,2.72444884605,8.88635932566,0,0,5.09403276443,
MC_G1_D060_DENS_LOW_V_REF_S007,MC_G1_D060_DENS_LOW_V_REF,7,2.55601096153,3.02511413759,9.12538892603,0,0,5.11202192307,
MC_G1_D060_DENS_LOW_V_REF_S007,MC_G1_D060_DENS_LOW_V_REF,7,2.56500554085,2.80705537326,8.98802233062,0,0,5.1300110817,
MC_G1_D060_DENS_LOW_V_REF_S007,MC_G1_D060_DENS_LOW_V_REF,7,2.57400035858,2.56010681782,7.3532058175,0,0,5.14800071716,
MC_G1_D060_DENS_LOW_V_REF_S007,MC_G1_D060_DENS_LOW_V_REF,7,2.58301877975,3.21016521843,7.94031448711,0,0,5.16603755951,
MC_G1_D060_DENS_LOW_V_REF_S007,MC_G1_D060_DENS_LOW_V_REF,7,2.59201335907,2.92113972952,7.92777251485,0,0,5.18402671814,
MC_G1_D060_DENS_LOW_V_REF_S007,MC_G1_D060_DENS_LOW_V_REF,7,2.6010081768,3.2697198808,8.32549114662,0,0,5.20201635361,
MC_G1_D060_DENS_LOW_V_REF_S007,MC_G1_D060_DENS_LOW_V_REF,7,2.61000275612,2.85181467885,8.563053494,0,0,5.22000551224,
MC_G1_D060_DENS_LOW_V_REF_S007,MC_G1_D060_DENS_LOW_V_REF,7,2.61902117729,2.90111368233,9.56984049793,0,0,5.23804235458,
MC_G1_D060_DENS_LOW_V_REF_S007,MC_G1_D060_DENS_LOW_V_REF,7,2.62801575661,3.1966737026,9.50710119736,0,0,5.25603151321,
MC_G1_D060_DENS_LOW_V_REF_S007,MC_G1_D060_DENS_LOW_V_REF,7,2.63701057434,2.99285119769,8.95138963943,0,0,5.27402114868,
MC_G1_D060_DENS_LOW_V_REF_S007,MC_G1_D060_DENS_LOW_V_REF,7,2.64600515366,3.13047916542,10.4007136391,0,0,5.29201030731,
MC_G1_D060_DENS_LOW_V_REF_S007,MC_G1_D060_DENS_LOW_V_REF,7,2.65502357483,2.79517897962,9.07830974988,0,0,5.31004714966,
MC_G1_D060_DENS_LOW_V_REF_S007,MC_G1_D060_DENS_LOW_V_REF,7,2.66401815414,3.07061257421,10.4308075475,0,0,5.32803630829,
MC_G1_D060_DENS_LOW_V_REF_S007,MC_G1_D060_DENS_LOW_V_REF,7,2.67301297188,2.99918238167,9.45820995185,0,0,5.34602594376,
MC_G1_D060_DENS_LOW_V_REF_S007,MC_G1_D060_DENS_LOW_V_REF,7,2.68200755119,3.042987552,9.72206543891,0,0,5.36401510239,
MC_G1_D060_DENS_LOW_V_REF_S007,MC_G1_D060_DENS_LOW_V_REF,7,2.69100213051,2.92885786352,8.80878525942,0,0,5.38200426102,
MC_G1_D060_DENS_LOW_V_REF_S007,MC_G1_D060_DENS_LOW_V_REF,7,2.70002055168,3.0532371666,7.95641012479,0,0,5.40004110336,
MC_G1_D060_DENS_LOW_V_REF_S007,MC_G1_D060_DENS_LOW_V_REF,7,2.70901536942,3.04876546705,8.03651132156,0,0,5.41803073883,
MC_G1_D060_DENS_LOW_V_REF_S007,MC_G1_D060_DENS_LOW_V_REF,7,2.71800994873,3.35518795034,9.14806869618,0,0,5.43601989746,
MC_G1_D060_DENS_LOW_V_REF_S007,MC_G1_D060_DENS_LOW_V_REF,7,2.72700452805,3.13560062677,9.49258632281,0,0,5.45400905609,
MC_G1_D060_DENS_LOW_V_REF_S007,MC_G1_D060_DENS_LOW_V_REF,7,2.73602294922,3.42536848472,9.95752012073,0,0,5.47204589844,
MC_G1_D060_DENS_LOW_V_REF_S007,MC_G1_D060_DENS_LOW_V_REF,7,2.74501776695,3.1228119762,9.84886279006,0,0,5.49003553391,
MC_G1_D060_DENS_LOW_V_REF_S007,MC_G1_D060_DENS_LOW_V_REF,7,2.75401234627,3.43145962382,9.99320003299,0,0,5.50802469254,
MC_G1_D060_DENS_LOW_V_REF_S007,MC_G1_D060_DENS_LOW_V_REF,7,2.76300692558,3.17779089079,10.6109215408,0,0,5.52601385117,
MC_G1_D060_DENS_LOW_V_REF_S007,MC_G1_D060_DENS_LOW_V_REF,7,2.7720015049,3.24326183941,11.4477427288,0,0,5.5440030098,
MC_G1_D060_DENS_LOW_V_REF_S007,MC_G1_D060_DENS_LOW_V_REF,7,2.78101992607,3.26124189247,11.9043448923,0,0,5.56203985214,
MC_G1_D060_DENS_LOW_V_REF_S007,MC_G1_D060_DENS_LOW_V_REF,7,2.7900147438,3.15321003498,9.55092918523,0,0,5.58002948761,
MC_G1_D060_DENS_LOW_V_REF_S007,MC_G1_D060_DENS_LOW_V_REF,7,2.79900932312,2.93761971788,9.46795458427,0,0,5.59801864624,
MC_G1_D060_DENS_LOW_V_REF_S007,MC_G1_D060_DENS_LOW_V_REF,7,2.80800390244,3.15266194687,9.78212178571,0,0,5.61600780487,
MC_G1_D060_DENS_LOW_V_REF_S007,MC_G1_D060_DENS_LOW_V_REF,7,2.81702232361,3.48586929526,9.91016162813,0,0,5.63404464722,
MC_G1_D060_DENS_LOW_V_REF_S007,MC_G1_D060_DENS_LOW_V_REF,7,2.82601714134,3.1816465039,8.89924979287,0,0,5.65203428268,
MC_G1_D060_DENS_LOW_V_REF_S007,MC_G1_D060_DENS_LOW_V_REF,7,2.83501172066,3.27778599354,9.1495349266,0,0,5.67002344131,
MC_G1_D060_DENS_LOW_V_REF_S007,MC_G1_D060_DENS_LOW_V_REF,7,2.84400629997,3.3428843545,9.23706446728,0,0,5.68801259995,
MC_G1_D060_DENS_LOW_V_REF_S007,MC_G1_D060_DENS_LOW_V_REF,7,2.85300111771,3.52802653151,10.1011661845,0,0,5.70600223541,
MC_G1_D060_DENS_LOW_V_REF_S007,MC_G1_D060_DENS_LOW_V_REF,7,2.86201953888,3.17603869261,9.82835043206,0,0,5.72403907776,
MC_G1_D060_DENS_LOW_V_REF_S007,MC_G1_D060_DENS_LOW_V_REF,7,2.87101411819,3.29150978302,10.8209598822,0,0,5.74202823639,
MC_G1_D060_DENS_LOW_V_REF_S007,MC_G1_D060_DENS_LOW_V_REF,7,2.88000869751,3.04255883873,10.0617138185,0,0,5.76001739502,
MC_G1_D060_DENS_LOW_V_REF_S007,MC_G1_D060_DENS_LOW_V_REF,7,2.88900351524,3.27381683401,10.0559848352,0,0,5.77800703049,
MC_G1_D060_DENS_LOW_V_REF_S007,MC_G1_D060_DENS_LOW_V_REF,7,2.89802193642,3.59286412428,10.5757539216,0,0,5.79604387283,
MC_G1_D060_DENS_LOW_V_REF_S007,MC_G1_D060_DENS_LOW_V_REF,7,2.90701651573,3.16255732257,9.668860722,0,0,5.81403303146,
MC_G1_D060_DENS_LOW_V_REF_S007,MC_G1_D060_DENS_LOW_V_REF,7,2.91601109505,3.24008620957,9.62031694014,0,0,5.83202219009,
MC_G1_D060_DENS_LOW_V_REF_S007,MC_G1_D060_DENS_LOW_V_REF,7,2.92500591278,3.32598126543,10.8893656622,0,0,5.85001182556,
MC_G1_D060_DENS_LOW_V_REF_S007,MC_G1_D060_DENS_LOW_V_REF,7,2.9340004921,3.35220832838,10.2160699593,0,0,5.86800098419,
MC_G1_D060_DENS_LOW_V_REF_S007,MC_G1_D060_DENS_LOW_V_REF,7,2.94301891327,3.34180976506,8.63033642955,0,0,5.88603782654,
MC_G1_D060_DENS_LOW_V_REF_S007,MC_G1_D060_DENS_LOW_V_REF,7,2.95201349258,3.39444694676,8.68547373067,0,0,5.90402698517,
MC_G1_D060_DENS_LOW_V_REF_S007,MC_G1_D060_DENS_LOW_V_REF,7,2.96100831032,3.64560405901,10.6709545067,0,0,5.92201662064,
MC_G1_D060_DENS_LOW_V_REF_S007,MC_G1_D060_DENS_LOW_V_REF,7,2.97000288963,3.67964812336,10.6666964746,0,0,5.94000577927,
MC_G1_D060_DENS_LOW_V_REF_S007,MC_G1_D060_DENS_LOW_V_REF,7,2.97902131081,3.19297999026,10.6104747478,0,0,5.95804262161,
MC_G1_D060_DENS_LOW_V_REF_S007,MC_G1_D060_DENS_LOW_V_REF,7,2.98801589012,3.61895108908,10.8416900035,0,0,5.97603178024,
MC_G1_D060_DENS_LOW_V_REF_S007,MC_G1_D060_DENS_LOW_V_REF,7,2.99701070786,3.42421445596,10.3959437852,0,0,5.99402141571,
MC_G1_D060_DENS_LOW_V_REF_S007,MC_G1_D060_DENS_LOW_V_REF,7,3.00600528717,3.74275618406,11.7768351322,0,0,6.01201057434,
MC_G1_D060_DENS_LOW_V_REF_S007,MC_G1_D060_DENS_LOW_V_REF,7,3.01502370834,2.97003484452,11.3416739816,0,0,6.03004741669,
MC_G1_D060_DENS_LOW_V_REF_S007,MC_G1_D060_DENS_LOW_V_REF,7,3.02401828766,3.45998114462,10.1948763929,0,0,6.04803657532,
MC_G1_D060_DENS_LOW_V_REF_S007,MC_G1_D060_DENS_LOW_V_REF,7,3.03301310539,3.45881934462,11.5367873049,0,0,6.06602621078,
MC_G1_D060_DENS_LOW_V_REF_S007,MC_G1_D060_DENS_LOW_V_REF,7,3.04200768471,3.607246742,11.2587258574,0,0,6.08401536942,
MC_G1_D060_DENS_LOW_V_REF_S007,MC_G1_D060_DENS_LOW_V_REF,7,3.05100226402,3.83952967716,11.4098269776,0,0,6.10200452805,
MC_G1_D060_DENS_LOW_V_REF_S007,MC_G1_D060_DENS_LOW_V_REF,7,3.0600206852,3.50397865307,10.1319409338,0,0,6.12004137039,
MC_G1_D060_DENS_LOW_V_REF_S007,MC_G1_D060_DENS_LOW_V_REF,7,3.06901526451,3.42923186908,10.0416171363,0,0,6.13803052902,
MC_G1_D060_DENS_LOW_V_REF_S007,MC_G1_D060_DENS_LOW_V_REF,7,3.07801008224,3.58238633752,10.0720365215,0,0,6.15602016449,
MC_G1_D060_DENS_LOW_V_REF_S007,MC_G1_D060_DENS_LOW_V_REF,7,3.08700466156,3.7774620988,10.3551139559,0,0,6.17400932312,
MC_G1_D060_DENS_LOW_V_REF_S007,MC_G1_D060_DENS_LOW_V_REF,7,3.09602308273,3.65529738253,11.3776520048,0,0,6.19204616547,
MC_G1_D060_DENS_LOW_V_REF_S007,MC_G1_D060_DENS_LOW_V_REF,7,3.10501766205,3.87629108421,12.0765615378,0,0,6.2100353241,
MC_G1_D060_DENS_LOW_V_REF_S007,MC_G1_D060_DENS_LOW_V_REF,7,3.11401247978,3.78659546149,11.5421302074,0,0,6.22802495956,
MC_G1_D060_DENS_LOW_V_REF_S007,MC_G1_D060_DENS_LOW_V_REF,7,3.1230070591,3.73757147347,12.1654630819,0,0,6.24601411819,
MC_G1_D060_DENS_LOW_V_REF_S007,MC_G1_D060_DENS_LOW_V_REF,7,3.13200163841,3.83940749603,11.7098606741,0,0,6.26400327682,
MC_G1_D060_DENS_LOW_V_REF_S007,MC_G1_D060_DENS_LOW_V_REF,7,3.14102005959,3.29582109287,12.2072279906,0,0,6.28204011917,
MC_G1_D060_DENS_LOW_V_REF_S007,MC_G1_D060_DENS_LOW_V_REF,7,3.15001487732,3.41369802888,11.2704601494,0,0,6.30002975464,
MC_G1_D060_DENS_LOW_V_REF_S007,MC_G1_D060_DENS_LOW_V_REF,7,3.15900945663,3.71679118452,11.5409311193,0,0,6.31801891327,
MC_G1_D060_DENS_LOW_V_REF_S007,MC_G1_D060_DENS_LOW_V_REF,7,3.16800403595,3.87477482943,12.3798349722,0,0,6.3360080719,
MC_G1_D060_DENS_LOW_V_REF_S007,MC_G1_D060_DENS_LOW_V_REF,7,3.17702245712,3.6767995331,11.3825610549,0,0,6.35404491425,
MC_G1_D060_DENS_LOW_V_REF_S007,MC_G1_D060_DENS_LOW_V_REF,7,3.18601727486,3.86378111884,10.8900513528,0,0,6.37203454971,
MC_G1_D060_DENS_LOW_V_REF_S007,MC_G1_D060_DENS_LOW_V_REF,7,3.19501185417,3.71799961194,10.7174270467,0,0,6.39002370834,
MC_G1_D060_DENS_LOW_V_REF_S007,MC_G1_D060_DENS_LOW_V_REF,7,3.20400643349,4.15166963254,10.7570030333,0,0,6.40801286697,
MC_G1_D060_DENS_LOW_V_REF_S007,MC_G1_D060_DENS_LOW_V_REF,7,3.2130010128,3.85216139191,10.1446490562,0,0,6.4260020256,
MC_G1_D060_DENS_LOW_V_REF_S007,MC_G1_D060_DENS_LOW_V_REF,7,3.22201967239,3.76979318264,11.4299381281,0,0,6.44403934479,
MC_G1_D060_DENS_LOW_V_REF_S007,MC_G1_D060_DENS_LOW_V_REF,7,3.23101425171,3.69200611786,12.4152684939,0,0,6.46202850342,
MC_G1_D060_DENS_LOW_V_REF_S007,MC_G1_D060_DENS_LOW_V_REF,7,3.24000883102,3.66318864243,12.3399051775,0,0,6.48001766205,
MC_G1_D060_DENS_LOW_V_REF_S007,MC_G1_D060_DENS_LOW_V_REF,7,3.24900341034,3.70344883328,12.8662051308,0,0,6.49800682068,
MC_G1_D060_DENS_LOW_V_REF_S007,MC_G1_D060_DENS_LOW_V_REF,7,3.25802206993,3.747819577,12.7116259616,0,0,6.51604413986,
MC_G1_D060_DENS_LOW_V_REF_S007,MC_G1_D060_DENS_LOW_V_REF,7,3.26701664925,3.70407830351,12.1689323744,0,0,6.53403329849,
MC_G1_D060_DENS_LOW_V_REF_S007,MC_G1_D060_DENS_LOW_V_REF,7,3.27601122856,3.85591015051,12.3044406057,0,0,6.55202245712,
MC_G1_D060_DENS_LOW_V_REF_S007,MC_G1_D060_DENS_LOW_V_REF,7,3.28500580788,3.95198941305,12.8936912788,0,0,6.57001161575,
MC_G1_D060_DENS_LOW_V_REF_S007,MC_G1_D060_DENS_LOW_V_REF,7,3.29400062561,3.88009942229,12.9395106921,0,0,6.58800125122,
MC_G1_D060_DENS_LOW_V_REF_S007,MC_G1_D060_DENS_LOW_V_REF,7,3.30301904678,3.92210814157,11.6514351919,0,0,6.60603809357,
MC_G1_D060_DENS_LOW_V_REF_S007,MC_G1_D060_DENS_LOW_V_REF,7,3.3120136261,3.98241121728,10.6369047197,0,0,6.6240272522,
MC_G1_D060_DENS_LOW_V_REF_S007,MC_G1_D060_DENS_LOW_V_REF,7,3.32100820541,3.91016677175,11.8110946544,0,0,6.64201641083,
MC_G1_D060_DENS_LOW_V_REF_S007,MC_G1_D060_DENS_LOW_V_REF,7,3.33000302315,4.00058252913,11.703774906,0,0,6.6600060463,
MC_G1_D060_DENS_LOW_V_REF_S007,MC_G1_D060_DENS_LOW_V_REF,7,3.33902144432,4.26962147464,13.4595778416,0,0,6.67804288864,
MC_G1_D060_DENS_LOW_V_REF_S007,MC_G1_D060_DENS_LOW_V_REF,7,3.34801602364,3.66098808703,12.9059764439,0,0,6.69603204727,
MC_G1_D060_DENS_LOW_V_REF_S007,MC_G1_D060_DENS_LOW_V_REF,7,3.35701060295,3.80687148349,13.2085999257,0,0,6.7140212059,
MC_G1_D060_DENS_LOW_V_REF_S007,MC_G1_D060_DENS_LOW_V_REF,7,3.36600542068,4.05419111551,13.7596514785,0,0,6.73201084137,
MC_G1_D060_DENS_LOW_V_REF_S007,MC_G1_D060_DENS_LOW_V_REF,7,3.37502384186,4.13816063143,13.2077663597,0,0,6.75004768372,
MC_G1_D060_DENS_LOW_V_REF_S007,MC_G1_D060_DENS_LOW_V_REF,7,3.38401842117,4.31369993349,13.329264375,0,0,6.76803684235,
MC_G1_D060_DENS_LOW_V_REF_S007,MC_G1_D060_DENS_LOW_V_REF,7,3.39301300049,3.9127653872,12.5835837677,0,0,6.78602600098,
MC_G1_D060_DENS_LOW_V_REF_S007,MC_G1_D060_DENS_LOW_V_REF,7,3.4020075798,4.22341067458,13.598796477,0,0,6.80401515961,
MC_G1_D060_DENS_LOW_V_REF_S007,MC_G1_D060_DENS_LOW_V_REF,7,3.41100239754,4.0249410412,13.07173095,0,0,6.82200479507,
MC_G1_D060_DENS_LOW_V_REF_S007,MC_G1_D060_DENS_LOW_V_REF,7,3.42002081871,4.17266060838,13.2525964709,0,0,6.84004163742,
MC_G1_D060_DENS_LOW_V_REF_S007,MC_G1_D060_DENS_LOW_V_REF,7,3.42901539803,4.07500464809,12.0185600408,0,0,6.85803079605,
MC_G1_D060_DENS_LOW_V_REF_S007,MC_G1_D060_DENS_LOW_V_REF,7,3.43800997734,4.36087134484,11.8086886601,0,0,6.87601995468,
MC_G1_D060_DENS_LOW_V_REF_S007,MC_G1_D060_DENS_LOW_V_REF,7,3.44700479507,4.14156097955,11.4941127664,0,0,6.89400959015,
MC_G1_D060_DENS_LOW_V_REF_S007,MC_G1_D060_DENS_LOW_V_REF,7,3.45602321625,4.36512437041,14.2866254707,0,0,6.9120464325,
MC_G1_D060_DENS_LOW_V_REF_S007,MC_G1_D060_DENS_LOW_V_REF,7,3.46501779556,4.67288523348,13.2761614231,0,0,6.93003559113,
MC_G1_D060_DENS_LOW_V_REF_S007,MC_G1_D060_DENS_LOW_V_REF,7,3.47401237488,3.92334981262,13.5337280549,0,0,6.94802474976,
MC_G1_D060_DENS_LOW_V_REF_S007,MC_G1_D060_DENS_LOW_V_REF,7,3.48300719261,4.27199645115,14.3800447933,0,0,6.96601438522,
MC_G1_D060_DENS_LOW_V_REF_S007,MC_G1_D060_DENS_LOW_V_REF,7,3.49200177193,4.08768687589,13.6486171488,0,0,6.98400354385,
MC_G1_D060_DENS_LOW_V_REF_S007,MC_G1_D060_DENS_LOW_V_REF,7,3.5010201931,3.79028032325,12.6169126128,0,0,7.0020403862,
MC_G1_D060_DENS_LOW_V_REF_S007,MC_G1_D060_DENS_LOW_V_REF,7,3.51001477242,3.64093915786,12.5828111143,0,0,7.02002954483,
MC_G1_D060_DENS_LOW_V_REF_S007,MC_G1_D060_DENS_LOW_V_REF,7,3.51900935173,4.11436164845,14.2110597197,0,0,7.03801870346,
MC_G1_D060_DENS_LOW_V_REF_S007,MC_G1_D060_DENS_LOW_V_REF,7,3.52800416946,4.2830104533,13.7882535654,0,0,7.05600833893,
MC_G1_D060_DENS_LOW_V_REF_S007,MC_G1_D060_DENS_LOW_V_REF,7,3.53702259064,4.28834670302,13.4817539387,0,0,7.07404518127,
MC_G1_D060_DENS_LOW_V_REF_S007,MC_G1_D060_DENS_LOW_V_REF,7,3.54601716995,4.44503600516,13.8095537676,0,0,7.0920343399,
MC_G1_D060_DENS_LOW_V_REF_S007,MC_G1_D060_DENS_LOW_V_REF,7,3.55501174927,4.27206121146,12.0361890981,0,0,7.11002349854,
MC_G1_D060_DENS_LOW_V_REF_S007,MC_G1_D060_DENS_LOW_V_REF,7,3.564006567,4.48614282916,12.4520493063,0,0,7.128013134,
MC_G1_D060_DENS_LOW_V_REF_S007,MC_G1_D060_DENS_LOW_V_REF,7,3.57300114632,4.57105396001,13.9873472728,0,0,7.14600229263,
MC_G1_D060_DENS_LOW_V_REF_S007,MC_G1_D060_DENS_LOW_V_REF,7,3.58201956749,4.29512149514,13.8752696716,0,0,7.16403913498,
MC_G1_D060_DENS_LOW_V_REF_S007,MC_G1_D060_DENS_LOW_V_REF,7,3.5910141468,4.29654406333,15.9546729405,0,0,7.18202829361,
MC_G1_D060_DENS_LOW_V_REF_S007,MC_G1_D060_DENS_LOW_V_REF,7,3.60000896454,4.3455015641,15.1620265374,0,0,7.20001792908,
MC_G1_D060_DENS_LOW_V_REF_S007,MC_G1_D060_DENS_LOW_V_REF,7,3.60900354385,4.06157594977,14.1972938247,0,0,7.21800708771,
MC_G1_D060_DENS_LOW_V_REF_S007,MC_G1_D060_DENS_LOW_V_REF,7,3.61802196503,4.08609765783,13.4255216835,0,0,7.23604393005,
MC_G1_D060_DENS_LOW_V_REF_S007,MC_G1_D060_DENS_LOW_V_REF,7,3.62701654434,4.20939826998,15.0909609034,0,0,7.25403308868,
MC_G1_D060_DENS_LOW_V_REF_S007,MC_G1_D060_DENS_LOW_V_REF,7,3.63601112366,3.95989621543,13.4649196543,0,0,7.27202224731,
MC_G1_D060_DENS_LOW_V_REF_S007,MC_G1_D060_DENS_LOW_V_REF,7,3.64500594139,4.24953325755,15.3338077818,0,0,7.29001188278,
MC_G1_D060_DENS_LOW_V_REF_S007,MC_G1_D060_DENS_LOW_V_REF,7,3.65400052071,4.45790862827,15.191827292,0,0,7.30800104141,
MC_G1_D060_DENS_LOW_V_REF_S007,MC_G1_D060_DENS_LOW_V_REF,7,3.66301894188,4.29551005702,13.9281475766,0,0,7.32603788376,
MC_G1_D060_DENS_LOW_V_REF_S007,MC_G1_D060_DENS_LOW_V_REF,7,3.67201352119,4.37966953651,13.67076315,0,0,7.34402704239,
MC_G1_D060_DENS_LOW_V_REF_S007,MC_G1_D060_DENS_LOW_V_REF,7,3.68100833893,4.34287704451,13.3182552507,0,0,7.36201667786,
MC_G1_D060_DENS_LOW_V_REF_S007,MC_G1_D060_DENS_LOW_V_REF,7,3.69000291824,4.54279040112,13.4716315222,0,0,7.38000583649,
MC_G1_D060_DENS_LOW_V_REF_S007,MC_G1_D060_DENS_LOW_V_REF,7,3.69902133942,4.53330474233,15.1962570321,0,0,7.39804267883,
MC_G1_D060_DENS_LOW_V_REF_S007,MC_G1_D060_DENS_LOW_V_REF,7,3.70801591873,4.49767448207,15.1922162936,0,0,7.41603183746,
MC_G1_D060_DENS_LOW_V_REF_S007,MC_G1_D060_DENS_LOW_V_REF,7,3.71701073647,4.32629451899,15.1080214679,0,0,7.43402147293,
MC_G1_D060_DENS_LOW_V_REF_S007,MC_G1_D060_DENS_LOW_V_REF,7,3.72600531578,4.54927808919,14.8147073782,0,0,7.45201063156,
MC_G1_D060_DENS_LOW_V_REF_S007,MC_G1_D060_DENS_LOW_V_REF,7,3.73502373695,4.59019926695,15.862983157,0,0,7.47004747391,
MC_G1_D060_DENS_LOW_V_REF_S007,MC_G1_D060_DENS_LOW_V_REF,7,3.74401831627,4.54281198789,16.2609922328,0,0,7.48803663254,
MC_G1_D060_DENS_LOW_V_REF_S007,MC_G1_D060_DENS_LOW_V_REF,7,3.75301289558,4.01959486157,13.0779974775,0,0,7.50602579117,
MC_G1_D060_DENS_LOW_V_REF_S007,MC_G1_D060_DENS_LOW_V_REF,7,3.76200771332,4.48076167895,15.5712662302,0,0,7.52401542664,
MC_G1_D060_DENS_LOW_V_REF_S007,MC_G1_D060_DENS_LOW_V_REF,7,3.77100229263,4.36536268836,15.1676306077,0,0,7.54200458527,
MC_G1_D060_DENS_LOW_V_REF_S007,MC_G1_D060_DENS_LOW_V_REF,7,3.78002071381,4.53085464386,14.7012769659,0,0,7.56004142761,
MC_G1_D060_DENS_LOW_V_REF_S007,MC_G1_D060_DENS_LOW_V_REF,7,3.78901529312,4.40952231346,14.3380668748,0,0,7.57803058624,
MC_G1_D060_DENS_LOW_V_REF_S007,MC_G1_D060_DENS_LOW_V_REF,7,3.79801011086,4.72128147821,14.5112672764,0,0,7.59602022171,
MC_G1_D060_DENS_LOW_V_REF_S007,MC_G1_D060_DENS_LOW_V_REF,7,3.80700469017,4.50680180046,14.4203916035,0,0,7.61400938034,
MC_G1_D060_DENS_LOW_V_REF_S007,MC_G1_D060_DENS_LOW_V_REF,7,3.81602311134,4.32387895935,14.3210449226,0,0,7.63204622269,
MC_G1_D060_DENS_LOW_V_REF_S007,MC_G1_D060_DENS_LOW_V_REF,7,3.82501769066,4.87467707087,16.0202525579,0,0,7.65003538132,
MC_G1_D060_DENS_LOW_V_REF_S007,MC_G1_D060_DENS_LOW_V_REF,7,3.83401226997,4.61524423833,15.5098054773,0,0,7.66802453995,
MC_G1_D060_DENS_LOW_V_REF_S007,MC_G1_D060_DENS_LOW_V_REF,7,3.84300708771,4.127961314,16.4154502534,0,0,7.68601417542,
MC_G1_D060_DENS_LOW_V_REF_S007,MC_G1_D060_DENS_LOW_V_REF,7,3.85200166702,4.69898536621,16.7910002713,0,0,7.70400333405,
MC_G1_D060_DENS_LOW_V_REF_S007,MC_G1_D060_DENS_LOW_V_REF,7,3.8610200882,4.43406042746,15.2232989552,0,0,7.72204017639,
MC_G1_D060_DENS_LOW_V_REF_S007,MC_G1_D060_DENS_LOW_V_REF,7,3.87001466751,4.83436723046,16.6296551101,0,0,7.74002933502,
MC_G1_D060_DENS_LOW_V_REF_S007,MC_G1_D060_DENS_LOW_V_REF,7,3.87900948524,4.38853306457,16.0758379441,0,0,7.75801897049,
MC_G1_D060_DENS_LOW_V_REF_S007,MC_G1_D060_DENS_LOW_V_REF,7,3.88800406456,4.74929160841,16.5244370878,0,0,7.77600812912,
MC_G1_D060_DENS_LOW_V_REF_S007,MC_G1_D060_DENS_LOW_V_REF,7,3.89702248573,4.61773017085,15.3776229529,0,0,7.79404497147,
MC_G1_D060_DENS_LOW_V_REF_S007,MC_G1_D060_DENS_LOW_V_REF,7,3.90601706505,4.58132408204,16.4700900737,0,0,7.8120341301,
MC_G1_D060_DENS_LOW_V_REF_S007,MC_G1_D060_DENS_LOW_V_REF,7,3.91501164436,4.83336603603,15.7187004769,0,0,7.83002328873,
MC_G1_D060_DENS_LOW_V_REF_S007,MC_G1_D060_DENS_LOW_V_REF,7,3.9240064621,4.817827015,14.5628759101,0,0,7.84801292419,
MC_G1_D060_DENS_LOW_V_REF_S007,MC_G1_D060_DENS_LOW_V_REF,7,3.93300104141,5.1617491729,15.9874920004,0,0,7.86600208282,
MC_G1_D060_DENS_LOW_V_REF_S007,MC_G1_D060_DENS_LOW_V_REF,7,3.94201946259,5.13738850215,16.8750779505,0,0,7.88403892517,
MC_G1_D060_DENS_LOW_V_REF_S007,MC_G1_D060_DENS_LOW_V_REF,7,3.9510140419,4.76752940751,16.4903103379,0,0,7.9020280838,
MC_G1_D060_DENS_LOW_V_REF_S007,MC_G1_D060_DENS_LOW_V_REF,7,3.96000885963,4.93569294176,16.5340106967,0,0,7.92001771927,
MC_G1_D060_DENS_LOW_V_REF_S007,MC_G1_D060_DENS_LOW_V_REF,7,3.96900343895,4.90904407332,17.3178555418,0,0,7.9380068779,
MC_G1_D060_DENS_LOW_V_REF_S007,MC_G1_D060_DENS_LOW_V_REF,7,3.97802186012,4.87284046842,16.9714968895,0,0,7.95604372025,
MC_G1_D060_DENS_LOW_V_REF_S007,MC_G1_D060_DENS_LOW_V_REF,7,3.98701643944,4.412843654,16.1915990107,0,0,7.97403287888,
MC_G1_D060_DENS_LOW_V_REF_S007,MC_G1_D060_DENS_LOW_V_REF,7,3.99601101875,4.47524237342,15.9272350334,0,0,7.99202203751,
MC_G1_D060_DENS_LOW_V_REF_S007,MC_G1_D060_DENS_LOW_V_REF,7,4.00500583649,4.42213632706,16.7807630269,0,0,8.01001167297,
MC_G1_D060_DENS_LOW_V_REF_S007,MC_G1_D060_DENS_LOW_V_REF,7,4.0140004158,4.73711623799,16.0771683199,0,0,8.0280008316,
MC_G1_D060_DENS_LOW_V_REF_S007,MC_G1_D060_DENS_LOW_V_REF,7,4.02301883698,4.89478083044,17.3280330174,0,0,8.04603767395,
MC_G1_D060_DENS_LOW_V_REF_S007,MC_G1_D060_DENS_LOW_V_REF,7,4.03201341629,4.76037382476,17.1072922251,0,0,8.06402683258,
MC_G1_D060_DENS_LOW_V_REF_S007,MC_G1_D060_DENS_LOW_V_REF,7,4.04100799561,4.9804004391,16.6091482362,0,0,8.08201599121,
MC_G1_D060_DENS_LOW_V_REF_S007,MC_G1_D060_DENS_LOW_V_REF,7,4.05000257492,4.84044995071,16.1358110246,0,0,8.10000514984,
MC_G1_D060_DENS_LOW_V_REF_S007,MC_G1_D060_DENS_LOW_V_REF,7,4.05902099609,4.8058895308,17.8720166281,0,0,8.11804199219,
MC_G1_D060_DENS_LOW_V_REF_S007,MC_G1_D060_DENS_LOW_V_REF,7,4.06801605225,5.01703707462,17.7027735688,0,0,8.13603210449,
MC_G1_D060_DENS_LOW_V_REF_S007,MC_G1_D060_DENS_LOW_V_REF,7,4.07701063156,4.88832077343,17.0398756925,0,0,8.15402126312,
MC_G1_D060_DENS_LOW_V_REF_S007,MC_G1_D060_DENS_LOW_V_REF,7,4.08600521088,4.75446466214,17.7823768693,0,0,8.17201042175,
MC_G1_D060_DENS_LOW_V_REF_S007,MC_G1_D060_DENS_LOW_V_REF,7,4.09502363205,4.65458094713,17.4441707182,0,0,8.1900472641,
MC_G1_D060_DENS_LOW_V_REF_S007,MC_G1_D060_DENS_LOW_V_REF,7,4.10401821136,4.59926355197,17.3935757474,0,0,8.20803642273,
MC_G1_D060_DENS_LOW_V_REF_S007,MC_G1_D060_DENS_LOW_V_REF,7,4.11301279068,5.03462208977,17.5646901459,0,0,8.22602558136,
MC_G1_D060_DENS_LOW_V_REF_S007,MC_G1_D060_DENS_LOW_V_REF,7,4.12200737,4.48927679653,17.8714163191,0,0,8.24401473999,
MC_G1_D060_DENS_LOW_V_REF_S007,MC_G1_D060_DENS_LOW_V_REF,7,4.13100194931,4.83346144956,18.5129790524,0,0,8.26200389862,
MC_G1_D060_DENS_LOW_V_REF_S007,MC_G1_D060_DENS_LOW_V_REF,7,4.14002037048,4.8967991935,18.6624868218,0,0,8.28004074097,
MC_G1_D060_DENS_LOW_V_REF_S007,MC_G1_D060_DENS_LOW_V_REF,7,4.14901542664,4.92774555625,16.7036050813,0,0,8.29803085327,
MC_G1_D060_DENS_LOW_V_REF_S007,MC_G1_D060_DENS_LOW_V_REF,7,4.15801000595,4.97074899392,18.636874565,0,0,8.3160200119,
MC_G1_D060_DENS_LOW_V_REF_S007,MC_G1_D060_DENS_LOW_V_REF,7,4.16700458527,5.02904536343,16.7971466799,0,0,8.33400917053,
MC_G1_D060_DENS_LOW_V_REF_S007,MC_G1_D060_DENS_LOW_V_REF,7,4.17602300644,4.88136637938,18.4024423086,0,0,8.35204601288,
MC_G1_D060_DENS_LOW_V_REF_S007,MC_G1_D060_DENS_LOW_V_REF,7,4.18501758575,5.32200029221,19.2791432148,0,0,8.37003517151,
MC_G1_D060_DENS_LOW_V_REF_S007,MC_G1_D060_DENS_LOW_V_REF,7,4.19401216507,5.19628368868,18.0193714033,0,0,8.38802433014,
MC_G1_D060_DENS_LOW_V_REF_S007,MC_G1_D060_DENS_LOW_V_REF,7,4.20300674438,5.10212823914,19.5142899953,0,0,8.40601348877,
MC_G1_D060_DENS_LOW_V_REF_S007,MC_G1_D060_DENS_LOW_V_REF,7,4.2120013237,4.76483106117,18.1101840767,0,0,8.4240026474,
MC_G1_D060_DENS_LOW_V_REF_S007,MC_G1_D060_DENS_LOW_V_REF,7,4.22101974487,5.00687229603,18.0191446169,0,0,8.44203948975,
MC_G1_D060_DENS_LOW_V_REF_S007,MC_G1_D060_DENS_LOW_V_REF,7,4.23001480103,5.32958286129,19.7725305599,0,0,8.46002960205,
MC_G1_D060_DENS_LOW_V_REF_S007,MC_G1_D060_DENS_LOW_V_REF,7,4.23900938034,4.81298985142,17.678540708,0,0,8.47801876068,
MC_G1_D060_DENS_LOW_V_REF_S007,MC_G1_D060_DENS_LOW_V_REF,7,4.24800395966,5.29698640578,18.7488894313,0,0,8.49600791931,
MC_G1_D060_DENS_LOW_V_REF_S007,MC_G1_D060_DENS_LOW_V_REF,7,4.25702238083,4.89754782271,18.7431209498,0,0,8.51404476166,
MC_G1_D060_DENS_LOW_V_REF_S007,MC_G1_D060_DENS_LOW_V_REF,7,4.26601696014,4.87640746641,18.2201298038,0,0,8.53203392029,
MC_G1_D060_DENS_LOW_V_REF_S007,MC_G1_D060_DENS_LOW_V_REF,7,4.27501153946,5.02843747997,18.243523372,0,0,8.55002307892,
MC_G1_D060_DENS_LOW_V_REF_S007,MC_G1_D060_DENS_LOW_V_REF,7,4.28400611877,5.3797466308,17.1097739849,0,0,8.56801223755,
MC_G1_D060_DENS_LOW_V_REF_S007,MC_G1_D060_DENS_LOW_V_REF,7,4.29300069809,5.44097318856,19.2876803257,0,0,8.58600139618,
MC_G1_D060_DENS_LOW_V_REF_S007,MC_G1_D060_DENS_LOW_V_REF,7,4.30201911926,4.98908436522,17.465311525,0,0,8.60403823853,
MC_G1_D060_DENS_LOW_V_REF_S007,MC_G1_D060_DENS_LOW_V_REF,7,4.31101417542,5.12748621869,18.3928333363,0,0,8.62202835083,
MC_G1_D060_DENS_LOW_V_REF_S007,MC_G1_D060_DENS_LOW_V_REF,7,4.32000875473,5.36425251025,20.6392176837,0,0,8.64001750946,
MC_G1_D060_DENS_LOW_V_REF_S007,MC_G1_D060_DENS_LOW_V_REF,7,4.32900333405,5.02940068167,18.9163749929,0,0,8.65800666809,
MC_G1_D060_DENS_LOW_V_REF_S007,MC_G1_D060_DENS_LOW_V_REF,7,4.33802175522,4.92956834317,20.6060498694,0,0,8.67604351044,
MC_G1_D060_DENS_LOW_V_REF_S007,MC_G1_D060_DENS_LOW_V_REF,7,4.34701633453,4.99369141383,17.5060082373,0,0,8.69403266907,
MC_G1_D060_DENS_LOW_V_REF_S007,MC_G1_D060_DENS_LOW_V_REF,7,4.35601091385,5.33762738726,20.8195760814,0,0,8.7120218277,
MC_G1_D060_DENS_LOW_V_REF_S007,MC_G1_D060_DENS_LOW_V_REF,7,4.36500549316,5.00075460521,18.9921041331,0,0,8.73001098633,
MC_G1_D060_DENS_LOW_V_REF_S007,MC_G1_D060_DENS_LOW_V_REF,7,4.37400007248,5.17985313402,19.0252772237,0,0,8.74800014496,
MC_G1_D060_DENS_LOW_V_REF_S007,MC_G1_D060_DENS_LOW_V_REF,7,4.38301849365,5.14211816361,19.2650846855,0,0,8.7660369873,
MC_G1_D060_DENS_LOW_V_REF_S007,MC_G1_D060_DENS_LOW_V_REF,7,4.39201307297,5.2055198044,18.1986035765,0,0,8.78402614594,
MC_G1_D060_DENS_LOW_V_REF_S007,MC_G1_D060_DENS_LOW_V_REF,7,4.40100812912,5.35919904723,19.1561874463,0,0,8.80201625824,
MC_G1_D060_DENS_LOW_V_REF_S007,MC_G1_D060_DENS_LOW_V_REF,7,4.41000270844,5.32349539195,18.922388051,0,0,8.82000541687,
MC_G1_D060_DENS_LOW_V_REF_S007,MC_G1_D060_DENS_LOW_V_REF,7,4.41902112961,5.38176801601,19.0088156516,0,0,8.83804225922,
MC_G1_D060_DENS_LOW_V_REF_S007,MC_G1_D060_DENS_LOW_V_REF,7,4.42801570892,4.88329666842,19.6552041961,0,0,8.85603141785,
MC_G1_D060_DENS_LOW_V_REF_S007,MC_G1_D060_DENS_LOW_V_REF,7,4.43701028824,5.08481867118,20.677692027,0,0,8.87402057648,
MC_G1_D060_DENS_LOW_V_REF_S007,MC_G1_D060_DENS_LOW_V_REF,7,4.44600486755,5.22543619079,18.7854187403,0,0,8.89200973511,
MC_G1_D060_DENS_LOW_V_REF_S007,MC_G1_D060_DENS_LOW_V_REF,7,4.45502328873,5.2520090738,20.4736803119,0,0,8.91004657745,
MC_G1_D060_DENS_LOW_V_REF_S007,MC_G1_D060_DENS_LOW_V_REF,7,4.46401786804,5.16664203035,19.4372533217,0,0,8.92803573608,
MC_G1_D060_DENS_LOW_V_REF_S007,MC_G1_D060_DENS_LOW_V_REF,7,4.47301244736,5.268275569,19.5835080498,0,0,8.94602489471,
MC_G1_D060_DENS_LOW_V_REF_S007,MC_G1_D060_DENS_LOW_V_REF,7,4.48200750351,5.24218882007,19.2755795152,0,0,8.96401500702,
MC_G1_D060_DENS_LOW_V_REF_S007,MC_G1_D060_DENS_LOW_V_REF,7,4.49100208282,5.3017009565,19.4802868814,0,0,8.98200416565,
MC_G1_D060_DENS_LOW_V_REF_S007,MC_G1_D060_DENS_LOW_V_REF,7,4.500020504,5.22424546452,19.6004376564,0,0,9.000041008,
MC_G1_D060_DENS_LOW_V_REF_S007,MC_G1_D060_DENS_LOW_V_REF,7,4.50901508331,5.45133527024,19.5794928037,0,0,9.01803016663,
MC_G1_D060_DENS_LOW_V_REF_S007,MC_G1_D060_DENS_LOW_V_REF,7,4.51800966263,5.26765775562,16.9771239082,0,0,9.03601932526,
MC_G1_D060_DENS_LOW_V_REF_S007,MC_G1_D060_DENS_LOW_V_REF,7,4.52700424194,5.28128980132,18.5047304356,0,0,9.05400848389,
MC_G1_D060_DENS_LOW_V_REF_S007,MC_G1_D060_DENS_LOW_V_REF,7,4.53602266312,5.41283440121,20.396814067,0,0,9.07204532623,
MC_G1_D060_DENS_LOW_V_REF_S007,MC_G1_D060_DENS_LOW_V_REF,7,4.54501724243,5.307628252,20.1333632108,0,0,9.09003448486,
MC_G1_D060_DENS_LOW_V_REF_S007,MC_G1_D060_DENS_LOW_V_REF,7,4.55401182175,5.40603974926,20.6682305379,0,0,9.10802364349,
MC_G1_D060_DENS_LOW_V_REF_S007,MC_G1_D060_DENS_LOW_V_REF,7,4.5630068779,5.41699848928,20.3258033608,0,0,9.1260137558,
MC_G1_D060_DENS_LOW_V_REF_S007,MC_G1_D060_DENS_LOW_V_REF,7,4.57200145721,5.31778439589,20.7658966815,0,0,9.14400291443,
MC_G1_D060_DENS_LOW_V_REF_S007,MC_G1_D060_DENS_LOW_V_REF,7,4.58101987839,5.35855489799,21.4405092945,0,0,9.16203975677,
MC_G1_D060_DENS_LOW_V_REF_S007,MC_G1_D060_DENS_LOW_V_REF,7,4.5900144577,5.10594909755,21.5730011559,0,0,9.18002891541,
MC_G1_D060_DENS_LOW_V_REF_S007,MC_G1_D060_DENS_LOW_V_REF,7,4.59900903702,4.98915776025,18.6206864785,0,0,9.19801807404,
MC_G1_D060_DENS_LOW_V_REF_S007,MC_G1_D060_DENS_LOW_V_REF,7,4.60800361633,5.21821930161,20.6882156838,0,0,9.21600723267,
MC_G1_D060_DENS_LOW_V_REF_S007,MC_G1_D060_DENS_LOW_V_REF,7,4.61702203751,5.41111436732,21.7585825492,0,0,9.23404407501,
MC_G1_D060_DENS_LOW_V_REF_S007,MC_G1_D060_DENS_LOW_V_REF,7,4.62601661682,5.38607371329,22.1904661181,0,0,9.25203323364,
MC_G1_D060_DENS_LOW_V_REF_S007,MC_G1_D060_DENS_LOW_V_REF,7,4.63501119614,5.42584647486,20.1386112754,0,0,9.27002239227,
MC_G1_D060_DENS_LOW_V_REF_S007,MC_G1_D060_DENS_LOW_V_REF,7,4.64400577545,5.43795319934,18.2717301519,0,0,9.2880115509,
MC_G1_D060_DENS_LOW_V_REF_S007,MC_G1_D060_DENS_LOW_V_REF,7,4.6530008316,5.67016295534,20.2306071044,0,0,9.30600166321,
MC_G1_D060_DENS_LOW_V_REF_S007,MC_G1_D060_DENS_LOW_V_REF,7,4.66201925278,5.73529153778,22.0220338112,0,0,9.32403850555,
MC_G1_D060_DENS_LOW_V_REF_S007,MC_G1_D060_DENS_LOW_V_REF,7,4.67101383209,5.54773962955,22.6384816407,0,0,9.34202766418,
MC_G1_D060_DENS_LOW_V_REF_S007,MC_G1_D060_DENS_LOW_V_REF,7,4.68000841141,5.98018783893,21.9668140673,0,0,9.36001682281,
MC_G1_D060_DENS_LOW_V_REF_S007,MC_G1_D060_DENS_LOW_V_REF,7,4.68900299072,5.43969136612,21.3064001445,0,0,9.37800598145,
MC_G1_D060_DENS_LOW_V_REF_S007,MC_G1_D060_DENS_LOW_V_REF,7,4.6980214119,5.38645623087,21.4931318017,0,0,9.39604282379,
MC_G1_D060_DENS_LOW_V_REF_S007,MC_G1_D060_DENS_LOW_V_REF,7,4.70701599121,5.4949383884,24.1516242148,0,0,9.41403198242,
MC_G1_D060_DENS_LOW_V_REF_S007,MC_G1_D060_DENS_LOW_V_REF,7,4.71601057053,5.38760594228,21.092757835,0,0,9.43202114105,
MC_G1_D060_DENS_LOW_V_REF_S007,MC_G1_D060_DENS_LOW_V_REF,7,4.72500514984,5.24412342646,22.2908623315,0,0,9.45001029968,
MC_G1_D060_DENS_LOW_V_REF_S007,MC_G1_D060_DENS_LOW_V_REF,7,4.73402357101,5.4445773158,22.6406614718,0,0,9.46804714203,
MC_G1_D060_DENS_LOW_V_REF_S007,MC_G1_D060_DENS_LOW_V_REF,7,4.74301862717,5.45535774909,22.9357087318,0,0,9.48603725433,
MC_G1_D060_DENS_LOW_V_REF_S007,MC_G1_D060_DENS_LOW_V_REF,7,4.75201320648,5.70810559048,23.341113053,0,0,9.50402641296,
MC_G1_D060_DENS_LOW_V_REF_S007,MC_G1_D060_DENS_LOW_V_REF,7,4.7610077858,5.51896532767,20.4869119831,0,0,9.52201557159,
MC_G1_D060_DENS_LOW_V_REF_S007,MC_G1_D060_DENS_LOW_V_REF,7,4.77000236511,5.52057570076,19.904888356,0,0,9.54000473022,
MC_G1_D060_DENS_LOW_V_REF_S007,MC_G1_D060_DENS_LOW_V_REF,7,4.77902078629,5.41851215364,21.3762998827,0,0,9.55804157257,
MC_G1_D060_DENS_LOW_V_REF_S007,MC_G1_D060_DENS_LOW_V_REF,7,4.7880153656,5.6222126933,22.5831015082,0,0,9.5760307312,
MC_G1_D060_DENS_LOW_V_REF_S007,MC_G1_D060_DENS_LOW_V_REF,7,4.79700994492,5.7516033652,20.3196280068,0,0,9.59401988983,
MC_G1_D060_DENS_LOW_V_REF_S007,MC_G1_D060_DENS_LOW_V_REF,7,4.80600452423,5.53029190626,22.4084533439,0,0,9.61200904846,
MC_G1_D060_DENS_LOW_V_REF_S007,MC_G1_D060_DENS_LOW_V_REF,7,4.8150229454,5.34242612639,21.3619227208,0,0,9.63004589081,
MC_G1_D060_DENS_LOW_V_REF_S007,MC_G1_D060_DENS_LOW_V_REF,7,4.82401752472,5.55876312988,22.0216044,0,0,9.64803504944,
MC_G1_D060_DENS_LOW_V_REF_S007,MC_G1_D060_DENS_LOW_V_REF,7,4.83301258087,5.36328671813,22.8943002702,0,0,9.66602516174,
MC_G1_D060_DENS_LOW_V_REF_S007,MC_G1_D060_DENS_LOW_V_REF,7,4.84200716019,5.4780769618,23.9084901803,0,0,9.68401432037,
MC_G1_D060_DENS_LOW_V_REF_S007,MC_G1_D060_DENS_LOW_V_REF,7,4.8510017395,5.58960673961,22.6629538827,0,0,9.702003479,
MC_G1_D060_DENS_LOW_V_REF_S007,MC_G1_D060_DENS_LOW_V_REF,7,4.86002016068,5.59180513634,22.395863569,0,0,9.72004032135,
MC_G1_D060_DENS_LOW_V_REF_S007,MC_G1_D060_DENS_LOW_V_REF,7,4.86901473999,5.6186858467,23.6542558595,0,0,9.73802947998,
MC_G1_D060_DENS_LOW_V_REF_S007,MC_G1_D060_DENS_LOW_V_REF,7,4.87800931931,5.43796226578,23.1584385314,0,0,9.75601863861,
MC_G1_D060_DENS_LOW_V_REF_S007,MC_G1_D060_DENS_LOW_V_REF,7,4.88700389862,5.70886069572,21.6933355999,0,0,9.77400779724,
MC_G1_D060_DENS_LOW_V_REF_S007,MC_G1_D060_DENS_LOW_V_REF,7,4.89602231979,5.69523339911,23.0116820165,0,0,9.79204463959,
MC_G1_D060_DENS_LOW_V_REF_S007,MC_G1_D060_DENS_LOW_V_REF,7,4.90501689911,5.72521181106,22.2342015072,0,0,9.81003379822,
MC_G1_D060_DENS_LOW_V_REF_S007,MC_G1_D060_DENS_LOW_V_REF,7,4.91401147842,5.66505595713,23.1759634954,0,0,9.82802295685,
MC_G1_D060_DENS_LOW_V_REF_S007,MC_G1_D060_DENS_LOW_V_REF,7,4.92300653458,5.44755110933,24.3821429368,0,0,9.84601306915,
MC_G1_D060_DENS_LOW_V_REF_S007,MC_G1_D060_DENS_LOW_V_REF,7,4.93200111389,5.46870787157,23.8585579247,0,0,9.86400222778,
MC_G1_D060_DENS_LOW_V_REF_S007,MC_G1_D060_DENS_LOW_V_REF,7,4.94101953506,5.61635404373,24.1158335854,0,0,9.88203907013,
MC_G1_D060_DENS_LOW_V_REF_S007,MC_G1_D060_DENS_LOW_V_REF,7,4.95001411438,5.7181438706,22.9507749451,0,0,9.90002822876,
MC_G1_D060_DENS_LOW_V_REF_S007,MC_G1_D060_DENS_LOW_V_REF,7,4.9590086937,5.77516273502,26.266945171,0,0,9.91801738739,
MC_G1_D060_DENS_LOW_V_REF_S007,MC_G1_D060_DENS_LOW_V_REF,7,4.96800327301,5.47874787863,23.8378439207,0,0,9.93600654602,
MC_G1_D060_DENS_LOW_V_REF_S007,MC_G1_D060_DENS_LOW_V_REF,7,4.97702169418,5.66330483829,22.8803385607,0,0,9.95404338837,
MC_G1_D060_DENS_LOW_V_REF_S007,MC_G1_D060_DENS_LOW_V_REF,7,4.9860162735,5.67385299793,22.8866771259,0,0,9.972032547,
MC_G1_D060_DENS_LOW_V_REF_S007,MC_G1_D060_DENS_LOW_V_REF,7,4.99501085281,5.60810660211,22.8230596571,0,0,9.99002170563,
MC_G1_D060_DENS_LOW_V_REF_S007,MC_G1_D060_DENS_LOW_V_REF,7,5.00400590897,5.96992203425,24.7365965667,0,0,10.0080118179,
MC_G1_D060_DENS_LOW_V_REF_S007,MC_G1_D060_DENS_LOW_V_REF,7,5.01300048828,5.67162135757,22.2993596597,0,0,10.0260009766,
MC_G1_D060_DENS_LOW_V_REF_S007,MC_G1_D060_DENS_LOW_V_REF,7,5.02201890945,5.8744925335,22.2937469988,0,0,10.0440378189,
MC_G1_D060_DENS_LOW_V_REF_S007,MC_G1_D060_DENS_LOW_V_REF,7,5.03101348877,5.7134064379,24.1786823481,0,0,10.0620269775,
MC_G1_D060_DENS_LOW_V_REF_S007,MC_G1_D060_DENS_LOW_V_REF,7,5.04000806808,5.90650441925,24.3404568246,0,0,10.0800161362,
MC_G1_D060_DENS_LOW_V_REF_S007,MC_G1_D060_DENS_LOW_V_REF,7,5.0490026474,5.76488527348,24.1371506801,0,0,10.0980052948,
MC_G1_D060_DENS_LOW_V_REF_S007,MC_G1_D060_DENS_LOW_V_REF,7,5.05802106857,5.75132878148,24.4849199515,0,0,10.1160421371,
MC_G1_D060_DENS_LOW_V_REF_S007,MC_G1_D060_DENS_LOW_V_REF,7,5.06701564789,5.60171648624,24.3251368944,0,0,10.1340312958,
MC_G1_D060_DENS_LOW_V_REF_S007,MC_G1_D060_DENS_LOW_V_REF,7,5.0760102272,5.63353193239,23.1355780842,0,0,10.1520204544,
MC_G1_D060_DENS_LOW_V_REF_S007,MC_G1_D060_DENS_LOW_V_REF,7,5.08500480652,5.51559995011,23.5628867568,0,0,10.170009613,
MC_G1_D060_DENS_LOW_V_REF_S007,MC_G1_D060_DENS_LOW_V_REF,7,5.09402322769,5.74679858177,24.7072638078,0,0,10.1880464554,
MC_G1_D060_DENS_LOW_V_REF_S007,MC_G1_D060_DENS_LOW_V_REF,7,5.10301828384,5.78577695018,23.3382834786,0,0,10.2060365677,
MC_G1_D060_DENS_LOW_V_REF_S007,MC_G1_D060_DENS_LOW_V_REF,7,5.11201286316,5.80976589673,22.9590421639,0,0,10.2240257263,
MC_G1_D060_DENS_LOW_V_REF_S007,MC_G1_D060_DENS_LOW_V_REF,7,5.12100744247,5.96645692581,24.5889558944,0,0,10.2420148849,
MC_G1_D060_DENS_LOW_V_REF_S007,MC_G1_D060_DENS_LOW_V_REF,7,5.13000202179,5.7955190598,23.8837767466,0,0,10.2600040436,
MC_G1_D060_DENS_LOW_V_REF_S007,MC_G1_D060_DENS_LOW_V_REF,7,5.13902044296,6.02414498012,24.4459218958,0,0,10.2780408859,
MC_G1_D060_DENS_LOW_V_REF_S007,MC_G1_D060_DENS_LOW_V_REF,7,5.14801502228,5.92115838268,24.5583535901,0,0,10.2960300446,
MC_G1_D060_DENS_LOW_V_REF_S007,MC_G1_D060_DENS_LOW_V_REF,7,5.15700960159,5.97120774231,25.344633081,0,0,10.3140192032,
MC_G1_D060_DENS_LOW_V_REF_S007,MC_G1_D060_DENS_LOW_V_REF,7,5.16600418091,5.86790079719,23.7270541249,0,0,10.3320083618,
MC_G1_D060_DENS_LOW_V_REF_S007,MC_G1_D060_DENS_LOW_V_REF,7,5.17502260208,5.88670416969,25.9166993624,0,0,10.3500452042,
MC_G1_D060_DENS_LOW_V_REF_S007,MC_G1_D060_DENS_LOW_V_REF,7,5.1840171814,5.88125437356,23.991882815,0,0,10.3680343628,
MC_G1_D060_DENS_LOW_V_REF_S007,MC_G1_D060_DENS_LOW_V_REF,7,5.19301223755,5.93806298283,25.2512744165,0,0,10.3860244751,
MC_G1_D060_DENS_LOW_V_REF_S007,MC_G1_D060_DENS_LOW_V_REF,7,5.20200681686,5.73930235978,24.724012542,0,0,10.4040136337,
MC_G1_D060_DENS_LOW_V_REF_S007,MC_G1_D060_DENS_LOW_V_REF,7,5.21100139618,5.98626192447,25.7999310126,0,0,10.4220027924,
MC_G1_D060_DENS_LOW_V_REF_S007,MC_G1_D060_DENS_LOW_V_REF,7,5.22001981735,5.87585163658,23.974333162,0,0,10.4400396347,
MC_G1_D060_DENS_LOW_V_REF_S007,MC_G1_D060_DENS_LOW_V_REF,7,5.22901439667,5.63234552347,24.9303262781,0,0,10.4580287933,
MC_G1_D060_DENS_LOW_V_REF_S007,MC_G1_D060_DENS_LOW_V_REF,7,5.23800897598,5.84211021876,23.25756669,0,0,10.476017952,
MC_G1_D060_DENS_LOW_V_REF_S007,MC_G1_D060_DENS_LOW_V_REF,7,5.2470035553,5.9442324819,25.5198284831,0,0,10.4940071106,
MC_G1_D060_DENS_LOW_V_REF_S007,MC_G1_D060_DENS_LOW_V_REF,7,5.25602197647,6.0518451243,25.5794801455,0,0,10.5120439529,
MC_G1_D060_DENS_LOW_V_REF_S007,MC_G1_D060_DENS_LOW_V_REF,7,5.26501655579,6.0328345188,25.1599417553,0,0,10.5300331116,
MC_G1_D060_DENS_LOW_V_REF_S007,MC_G1_D060_DENS_LOW_V_REF,7,5.27401161194,5.91666358529,25.5115176164,0,0,10.5480232239,
MC_G1_D060_DENS_LOW_V_REF_S007,MC_G1_D060_DENS_LOW_V_REF,7,5.28300619125,6.01220274683,26.7409424972,0,0,10.5660123825,
MC_G1_D060_DENS_LOW_V_REF_S007,MC_G1_D060_DENS_LOW_V_REF,7,5.29200077057,5.94819840341,25.6876507128,0,0,10.5840015411,
MC_G1_D060_DENS_LOW_V_REF_S007,MC_G1_D060_DENS_LOW_V_REF,7,5.30101919174,5.8881867491,25.5263952777,0,0,10.6020383835,
MC_G1_D060_DENS_LOW_V_REF_S007,MC_G1_D060_DENS_LOW_V_REF,7,5.31001377106,5.92618335117,26.3155407012,0,0,10.6200275421,
MC_G1_D060_DENS_LOW_V_REF_S007,MC_G1_D060_DENS_LOW_V_REF,7,5.31900835037,5.56190443676,27.6695456548,0,0,10.6380167007,
MC_G1_D060_DENS_LOW_V_REF_S007,MC_G1_D060_DENS_LOW_V_REF,7,5.32800292969,5.85165675223,24.0297272333,0,0,10.6560058594,
MC_G1_D060_DENS_LOW_V_REF_S007,MC_G1_D060_DENS_LOW_V_REF,7,5.33702135086,5.81120789301,25.5020132125,0,0,10.6740427017,
MC_G1_D060_DENS_LOW_V_REF_S007,MC_G1_D060_DENS_LOW_V_REF,7,5.34601593018,5.78181620949,25.2199007948,0,0,10.6920318604,
MC_G1_D060_DENS_LOW_V_REF_S007,MC_G1_D060_DENS_LOW_V_REF,7,5.35501050949,5.97475660742,24.8124703488,0,0,10.710021019,
MC_G1_D060_DENS_LOW_V_REF_S007,MC_G1_D060_DENS_LOW_V_REF,7,5.36400556564,6.18066763239,27.0413501727,0,0,10.7280111313,
MC_G1_D060_DENS_LOW_V_REF_S007,MC_G1_D060_DENS_LOW_V_REF,7,5.37302398682,6.14655405864,27.0093981979,0,0,10.7460479736,
MC_G1_D060_DENS_LOW_V_REF_S007,MC_G1_D060_DENS_LOW_V_REF,7,5.38201856613,6.17483143307,27.3860422065,0,0,10.7640371323,
MC_G1_D060_DENS_LOW_V_REF_S007,MC_G1_D060_DENS_LOW_V_REF,7,5.39101314545,6.08610117074,27.9960242895,0,0,10.7820262909,
MC_G1_D060_DENS_LOW_V_REF_S007,MC_G1_D060_DENS_LOW_V_REF,7,5.40000772476,6.06415649137,27.5048944624,0,0,10.8000154495,
MC_G1_D060_DENS_LOW_V_REF_S007,MC_G1_D060_DENS_LOW_V_REF,7,5.40900230408,5.92628221858,28.2901693266,0,0,10.8180046082,
MC_G1_D060_DENS_LOW_V_REF_S007,MC_G1_D060_DENS_LOW_V_REF,7,5.41802072525,5.9429877887,26.7204621578,0,0,10.8360414505,
MC_G1_D060_DENS_LOW_V_REF_S007,MC_G1_D060_DENS_LOW_V_REF,7,5.42701530457,5.93810227075,27.6267881884,0,0,10.8540306091,
MC_G1_D060_DENS_LOW_V_REF_S007,MC_G1_D060_DENS_LOW_V_REF,7,5.43600988388,5.80283049904,24.0788925052,0,0,10.8720197678,
MC_G1_D060_DENS_LOW_V_REF_S007,MC_G1_D060_DENS_LOW_V_REF,7,5.4450044632,5.91493362148,26.6524770974,0,0,10.8900089264,
MC_G1_D060_DENS_LOW_V_REF_S007,MC_G1_D060_DENS_LOW_V_REF,7,5.45402288437,6.00339620785,26.2631203225,0,0,10.9080457687,
MC_G1_D060_DENS_LOW_V_REF_S007,MC_G1_D060_DENS_LOW_V_REF,7,5.46301794052,6.06405719222,27.9937828754,0,0,10.926035881,
MC_G1_D060_DENS_LOW_V_REF_S007,MC_G1_D060_DENS_LOW_V_REF,7,5.47201251984,6.16592300453,26.9777446037,0,0,10.9440250397,
MC_G1_D060_DENS_LOW_V_REF_S007,MC_G1_D060_DENS_LOW_V_REF,7,5.48100709915,5.92276314322,26.3003031439,0,0,10.9620141983,
MC_G1_D060_DENS_LOW_V_REF_S007,MC_G1_D060_DENS_LOW_V_REF,7,5.49000167847,6.03198400004,25.4991527766,0,0,10.9800033569,
MC_G1_D060_DENS_LOW_V_REF_S007,MC_G1_D060_DENS_LOW_V_REF,7,5.49902009964,6.18103935659,29.1951674683,0,0,10.9980401993,
MC_G1_D060_DENS_LOW_V_REF_S007,MC_G1_D060_DENS_LOW_V_REF,7,5.50801467896,6.10225109738,27.596884454,0,0,11.0160293579,
MC_G1_D060_DENS_LOW_V_REF_S007,MC_G1_D060_DENS_LOW_V_REF,7,5.51700925827,6.13920549016,27.303891315,0,0,11.0340185165,
MC_G1_D060_DENS_LOW_V_REF_S007,MC_G1_D060_DENS_LOW_V_REF,7,5.52600383759,6.2706460418,29.3289241763,0,0,11.0520076752,
MC_G1_D060_DENS_LOW_V_REF_S007,MC_G1_D060_DENS_LOW_V_REF,7,5.53502225876,6.08093113915,27.0222255315,0,0,11.0700445175,
MC_G1_D060_DENS_LOW_V_REF_S007,MC_G1_D060_DENS_LOW_V_REF,7,5.54401683807,5.94167185915,25.7818821301,0,0,11.0880336761,
MC_G1_D060_DENS_LOW_V_REF_S007,MC_G1_D060_DENS_LOW_V_REF,7,5.55301189423,6.066528014,26.2746939504,0,0,11.1060237885,
MC_G1_D060_DENS_LOW_V_REF_S007,MC_G1_D060_DENS_LOW_V_REF,7,5.56200647354,5.8911601109,26.3754577097,0,0,11.1240129471,
MC_G1_D060_DENS_LOW_V_REF_S007,MC_G1_D060_DENS_LOW_V_REF,7,5.57100105286,5.98389644613,27.0519093788,0,0,11.1420021057,
MC_G1_D060_DENS_LOW_V_REF_S007,MC_G1_D060_DENS_LOW_V_REF,7,5.58001947403,5.90143541376,27.5303337163,0,0,11.1600389481,
MC_G1_D060_DENS_LOW_V_REF_S007,MC_G1_D060_DENS_LOW_V_REF,7,5.58901405334,6.13113376485,27.8702990507,0,0,11.1780281067,
MC_G1_D060_DENS_LOW_V_REF_S007,MC_G1_D060_DENS_LOW_V_REF,7,5.59800863266,6.07474955149,27.3807259103,0,0,11.1960172653,
MC_G1_D060_DENS_LOW_V_REF_S007,MC_G1_D060_DENS_LOW_V_REF,7,5.60700321198,6.28849571077,26.9218552146,0,0,11.214006424,
MC_G1_D060_DENS_LOW_V_REF_S007,MC_G1_D060_DENS_LOW_V_REF,7,5.61602163315,6.25351952966,26.7059843488,0,0,11.2320432663,
MC_G1_D060_DENS_LOW_V_REF_S007,MC_G1_D060_DENS_LOW_V_REF,7,5.62501621246,6.30672703384,28.2711191242,0,0,11.2500324249,
MC_G1_D060_DENS_LOW_V_REF_S007,MC_G1_D060_DENS_LOW_V_REF,7,5.63401079178,6.27611828818,26.9365743612,0,0,11.2680215836,
MC_G1_D060_DENS_LOW_V_REF_S007,MC_G1_D060_DENS_LOW_V_REF,7,5.64300584793,6.39647360133,30.0846426618,0,0,11.2860116959,
MC_G1_D060_DENS_LOW_V_REF_S007,MC_G1_D060_DENS_LOW_V_REF,7,5.65200042725,6.14742011988,27.1699136285,0,0,11.3040008545,
MC_G1_D060_DENS_LOW_V_REF_S007,MC_G1_D060_DENS_LOW_V_REF,7,5.66101884842,6.18177417026,29.0771860958,0,0,11.3220376968,
MC_G1_D060_DENS_LOW_V_REF_S007,MC_G1_D060_DENS_LOW_V_REF,7,5.67001342773,6.26585593738,30.7154834621,0,0,11.3400268555,
MC_G1_D060_DENS_LOW_V_REF_S007,MC_G1_D060_DENS_LOW_V_REF,7,5.67900800705,5.91940078781,27.0786242357,0,0,11.3580160141,
MC_G1_D060_DENS_LOW_V_REF_S007,MC_G1_D060_DENS_LOW_V_REF,7,5.68800258636,6.15234449402,28.6383621149,0,0,11.3760051727,
MC_G1_D060_DENS_LOW_V_REF_S007,MC_G1_D060_DENS_LOW_V_REF,7,5.69702100754,6.08220389515,27.2648405848,0,0,11.3940420151,
MC_G1_D060_DENS_LOW_V_REF_S007,MC_G1_D060_DENS_LOW_V_REF,7,5.70601558685,6.22043219098,27.1889656543,0,0,11.4120311737,
MC_G1_D060_DENS_LOW_V_REF_S007,MC_G1_D060_DENS_LOW_V_REF,7,5.71501016617,6.31427894971,29.0222397612,0,0,11.4300203323,
MC_G1_D060_DENS_LOW_V_REF_S007,MC_G1_D060_DENS_LOW_V_REF,7,5.72400474548,6.35226173624,26.5827991439,0,0,11.448009491,
MC_G1_D060_DENS_LOW_V_REF_S007,MC_G1_D060_DENS_LOW_V_REF,7,5.73302316666,6.31049651574,29.7115677429,0,0,11.4660463333,
MC_G1_D060_DENS_LOW_V_REF_S007,MC_G1_D060_DENS_LOW_V_REF,7,5.74201822281,6.39586053704,28.1171363908,0,0,11.4840364456,
MC_G1_D060_DENS_LOW_V_REF_S007,MC_G1_D060_DENS_LOW_V_REF,7,5.75101280212,6.46666989406,29.8327352895,0,0,11.5020256042,
MC_G1_D060_DENS_LOW_V_REF_S007,MC_G1_D060_DENS_LOW_V_REF,7,5.76000738144,6.34027460247,29.857245489,0,0,11.5200147629,
MC_G1_D060_DENS_LOW_V_REF_S007,MC_G1_D060_DENS_LOW_V_REF,7,5.76900196075,6.45934032194,29.0878605552,0,0,11.5380039215,
MC_G1_D060_DENS_LOW_V_REF_S007,MC_G1_D060_DENS_LOW_V_REF,7,5.77802038193,6.30306548579,28.8523937585,0,0,11.5560407639,
MC_G1_D060_DENS_LOW_V_REF_S007,MC_G1_D060_DENS_LOW_V_REF,7,5.78701496124,6.23853831079,29.1391135899,0,0,11.5740299225,
MC_G1_D060_DENS_LOW_V_REF_S007,MC_G1_D060_DENS_LOW_V_REF,7,5.79600954056,6.15434299725,28.8692415196,0,0,11.5920190811,
MC_G1_D060_DENS_LOW_V_REF_S007,MC_G1_D060_DENS_LOW_V_REF,7,5.80500411987,6.16025215986,28.33429263,0,0,11.6100082397,
MC_G1_D060_DENS_LOW_V_REF_S007,MC_G1_D060_DENS_LOW_V_REF,7,5.81402254105,6.25942696533,28.5149275332,0,0,11.6280450821,
MC_G1_D060_DENS_LOW_V_REF_S007,MC_G1_D060_DENS_LOW_V_REF,7,5.82301712036,6.25519639001,30.8400144553,0,0,11.6460342407,
MC_G1_D060_DENS_LOW_V_REF_S007,MC_G1_D060_DENS_LOW_V_REF,7,5.83201169968,6.24858177173,26.6922882515,0,0,11.6640233994,
MC_G1_D060_DENS_LOW_V_REF_S007,MC_G1_D060_DENS_LOW_V_REF,7,5.84100675583,6.24413360175,28.0465211982,0,0,11.6820135117,
MC_G1_D060_DENS_LOW_V_REF_S007,MC_G1_D060_DENS_LOW_V_REF,7,5.85000133514,6.28184482671,29.8689020933,0,0,11.7000026703,
MC_G1_D060_DENS_LOW_V_REF_S007,MC_G1_D060_DENS_LOW_V_REF,7,5.85901975632,6.46357435114,27.7053717326,0,0,11.7180395126,
MC_G1_D060_DENS_LOW_V_REF_S007,MC_G1_D060_DENS_LOW_V_REF,7,5.86801433563,6.43681970752,29.6820269125,0,0,11.7360286713,
MC_G1_D060_DENS_LOW_V_REF_S007,MC_G1_D060_DENS_LOW_V_REF,7,5.87700891495,6.55224935134,29.8440729491,0,0,11.7540178299,
MC_G1_D060_DENS_LOW_V_REF_S007,MC_G1_D060_DENS_LOW_V_REF,7,5.88600349426,6.31728987248,29.393410294,0,0,11.7720069885,
MC_G1_D060_DENS_LOW_V_REF_S007,MC_G1_D060_DENS_LOW_V_REF,7,5.89502191544,6.38131148532,30.4670457002,0,0,11.7900438309,
MC_G1_D060_DENS_LOW_V_REF_S007,MC_G1_D060_DENS_LOW_V_REF,7,5.90401649475,6.34545197355,29.4787974636,0,0,11.8080329895,
MC_G1_D060_DENS_LOW_V_REF_S007,MC_G1_D060_DENS_LOW_V_REF,7,5.91301107407,6.23916778102,29.4200629486,0,0,11.8260221481,
MC_G1_D060_DENS_LOW_V_REF_S007,MC_G1_D060_DENS_LOW_V_REF,7,5.92200565338,6.18753913325,30.9894173689,0,0,11.8440113068,
MC_G1_D060_DENS_LOW_V_REF_S007,MC_G1_D060_DENS_LOW_V_REF,7,5.93100070953,6.27989856347,32.3669511786,0,0,11.8620014191,
MC_G1_D060_DENS_LOW_V_REF_S007,MC_G1_D060_DENS_LOW_V_REF,7,5.94001913071,6.23426024457,30.975065525,0,0,11.8800382614,
MC_G1_D060_DENS_LOW_V_REF_S007,MC_G1_D060_DENS_LOW_V_REF,7,5.94901371002,6.48898716109,31.9550391243,0,0,11.89802742,
MC_G1_D060_DENS_LOW_V_REF_S007,MC_G1_D060_DENS_LOW_V_REF,7,5.95800828934,6.54714710221,29.2399820869,0,0,11.9160165787,
MC_G1_D060_DENS_LOW_V_REF_S007,MC_G1_D060_DENS_LOW_V_REF,7,5.96700286865,6.38513061679,28.53517382,0,0,11.9340057373,
MC_G1_D060_DENS_LOW_V_REF_S007,MC_G1_D060_DENS_LOW_V_REF,7,5.97602128983,6.2886826522,27.2037097505,0,0,11.9520425797,
MC_G1_D060_DENS_LOW_V_REF_S007,MC_G1_D060_DENS_LOW_V_REF,7,5.98501586914,6.4214197053,31.4973819218,0,0,11.9700317383,
MC_G1_D060_DENS_LOW_V_REF_S007,MC_G1_D060_DENS_LOW_V_REF,7,5.99401044846,6.48539555418,31.0150817868,0,0,11.9880208969,
MC_G1_D060_DENS_LOW_V_REF_S007,MC_G1_D060_DENS_LOW_V_REF,7,6.00300502777,6.46156289585,29.5218314528,0,0,12.0060100555,
MC_G1_D060_DENS_LOW_V_REF_S007,MC_G1_D060_DENS_LOW_V_REF,7,6.01202344894,6.50956626135,29.9195326008,0,0,12.0240468979,
MC_G1_D060_DENS_LOW_V_REF_S007,MC_G1_D060_DENS_LOW_V_REF,7,6.02101802826,6.28349448773,30.206040109,0,0,12.0420360565,
MC_G1_D060_DENS_LOW_V_REF_S007,MC_G1_D060_DENS_LOW_V_REF,7,6.03001308441,6.22606849682,29.6969741635,0,0,12.0600261688,
MC_G1_D060_DENS_LOW_V_REF_S007,MC_G1_D060_DENS_LOW_V_REF,7,6.03900766373,6.31207537215,30.6292241963,0,0,12.0780153275,
MC_G1_D060_DENS_LOW_V_REF_S007,MC_G1_D060_DENS_LOW_V_REF,7,6.04800224304,6.29045924343,30.5307442048,0,0,12.0960044861,
MC_G1_D060_DENS_LOW_V_REF_S007,MC_G1_D060_DENS_LOW_V_REF,7,6.05702066422,6.33787113141,30.5268292574,0,0,12.1140413284,
MC_G1_D060_DENS_LOW_V_REF_S007,MC_G1_D060_DENS_LOW_V_REF,7,6.06601524353,6.39638941293,29.6669409775,0,0,12.1320304871,
MC_G1_D060_DENS_LOW_V_REF_S007,MC_G1_D060_DENS_LOW_V_REF,7,6.07500982285,6.46962857686,32.8573198118,0,0,12.1500196457,
MC_G1_D060_DENS_LOW_V_REF_S007,MC_G1_D060_DENS_LOW_V_REF,7,6.08400440216,6.23173459239,30.4003248946,0,0,12.1680088043,
MC_G1_D060_DENS_LOW_V_REF_S007,MC_G1_D060_DENS_LOW_V_REF,7,6.09302282333,6.50222201022,30.3101810423,0,0,12.1860456467,
MC_G1_D060_DENS_LOW_V_REF_S007,MC_G1_D060_DENS_LOW_V_REF,7,6.10201740265,6.57875272494,31.3406488152,0,0,12.2040348053,
MC_G1_D060_DENS_LOW_V_REF_S007,MC_G1_D060_DENS_LOW_V_REF,7,6.11101198196,6.55278470325,29.6448331366,0,0,12.2220239639,
MC_G1_D060_DENS_LOW_V_REF_S007,MC_G1_D060_DENS_LOW_V_REF,7,6.12000656128,6.68014708218,29.9689795282,0,0,12.2400131226,
MC_G1_D060_DENS_LOW_V_REF_S007,MC_G1_D060_DENS_LOW_V_REF,7,6.12900161743,6.6290291774,31.2485276673,0,0,12.2580032349,
MC_G1_D060_DENS_LOW_V_REF_S007,MC_G1_D060_DENS_LOW_V_REF,7,6.1380200386,6.44766360592,30.4236554143,0,0,12.2760400772,
MC_G1_D060_DENS_LOW_V_REF_S007,MC_G1_D060_DENS_LOW_V_REF,7,6.14701461792,6.32784407642,30.8555578317,0,0,12.2940292358,
MC_G1_D060_DENS_LOW_V_REF_S007,MC_G1_D060_DENS_LOW_V_REF,7,6.15600919724,6.38007067774,30.1050106289,0,0,12.3120183945,
MC_G1_D060_DENS_LOW_V_REF_S007,MC_G1_D060_DENS_LOW_V_REF,7,6.16500377655,6.3116358655,30.6405350764,0,0,12.3300075531,
MC_G1_D060_DENS_LOW_V_REF_S007,MC_G1_D060_DENS_LOW_V_REF,7,6.17402219772,6.41207436052,30.0882104402,0,0,12.3480443954,
MC_G1_D060_DENS_LOW_V_REF_S007,MC_G1_D060_DENS_LOW_V_REF,7,6.18301677704,6.38726641189,31.3703473879,0,0,12.3660335541,
MC_G1_D060_DENS_LOW_V_REF_S007,MC_G1_D060_DENS_LOW_V_REF,7,6.19201135635,6.46561127883,31.2761560605,0,0,12.3840227127,
MC_G1_D060_DENS_LOW_V_REF_S007,MC_G1_D060_DENS_LOW_V_REF,7,6.20100593567,6.62398262214,30.2272592723,0,0,12.4020118713,
MC_G1_D060_DENS_LOW_V_REF_S007,MC_G1_D060_DENS_LOW_V_REF,7,6.21000051498,6.88859368924,31.4744476405,0,0,12.42000103,
MC_G1_D060_DENS_LOW_V_REF_S007,MC_G1_D060_DENS_LOW_V_REF,7,6.21901893616,6.49385670483,32.0284430575,0,0,12.4380378723,
MC_G1_D060_DENS_LOW_V_REF_S007,MC_G1_D060_DENS_LOW_V_REF,7,6.22801399231,6.39515205923,30.7159300439,0,0,12.4560279846,
MC_G1_D060_DENS_LOW_V_REF_S007,MC_G1_D060_DENS_LOW_V_REF,7,6.23700857162,6.41385138349,33.5530664398,0,0,12.4740171432,
MC_G1_D060_DENS_LOW_V_REF_S007,MC_G1_D060_DENS_LOW_V_REF,7,6.24600315094,6.58199764832,34.1252975846,0,0,12.4920063019,
MC_G1_D060_DENS_LOW_V_REF_S007,MC_G1_D060_DENS_LOW_V_REF,7,6.25502157211,6.62021400371,32.6384764905,0,0,12.5100431442,
MC_G1_D060_DENS_LOW_V_REF_S007,MC_G1_D060_DENS_LOW_V_REF,7,6.26401615143,6.45664499775,31.3056424239,0,0,12.5280323029,
MC_G1_D060_DENS_LOW_V_REF_S007,MC_G1_D060_DENS_LOW_V_REF,7,6.27301073074,6.50322104596,30.1891323661,0,0,12.5460214615,
MC_G1_D060_DENS_LOW_V_REF_S007,MC_G1_D060_DENS_LOW_V_REF,7,6.28200531006,6.48975262798,32.0231663831,0,0,12.5640106201,
MC_G1_D060_DENS_LOW_V_REF_S007,MC_G1_D060_DENS_LOW_V_REF,7,6.29099988937,6.42910589088,32.4741522507,0,0,12.5819997787,
MC_G1_D060_DENS_LOW_V_REF_S007,MC_G1_D060_DENS_LOW_V_REF,7,6.30001831055,6.40004059932,32.8099304057,0,0,12.6000366211,
MC_G1_D060_DENS_LOW_V_REF_S007,MC_G1_D060_DENS_LOW_V_REF,7,6.30901288986,6.71986630855,33.3141135938,0,0,12.6180257797,
MC_G1_D060_DENS_LOW_V_REF_S007,MC_G1_D060_DENS_LOW_V_REF,7,6.31800794601,6.62412854871,31.9798021998,0,0,12.636015892,
MC_G1_D060_DENS_LOW_V_REF_S007,MC_G1_D060_DENS_LOW_V_REF,7,6.32700252533,6.76474304618,34.9770976639,0,0,12.6540050507,
MC_G1_D060_DENS_LOW_V_REF_S007,MC_G1_D060_DENS_LOW_V_REF,7,6.3360209465,6.65577475457,31.1956935323,0,0,12.672041893,
MC_G1_D060_DENS_LOW_V_REF_S007,MC_G1_D060_DENS_LOW_V_REF,7,6.34501552582,6.5496753448,30.905369739,0,0,12.6900310516,
MC_G1_D060_DENS_LOW_V_REF_S007,MC_G1_D060_DENS_LOW_V_REF,7,6.35401010513,6.74556665428,34.8173724686,0,0,12.7080202103,
MC_G1_D060_DENS_LOW_V_REF_S007,MC_G1_D060_DENS_LOW_V_REF,7,6.36300468445,6.49620879937,31.3313909885,0,0,12.7260093689,
MC_G1_D060_DENS_LOW_V_REF_S007,MC_G1_D060_DENS_LOW_V_REF,7,6.37202310562,6.54770447263,32.5219401563,0,0,12.7440462112,
MC_G1_D060_DENS_LOW_V_REF_S007,MC_G1_D060_DENS_LOW_V_REF,7,6.38101768494,6.47675264293,33.3351361959,0,0,12.7620353699,
MC_G1_D060_DENS_LOW_V_REF_S007,MC_G1_D060_DENS_LOW_V_REF,7,6.39001226425,6.48311340078,32.5260450382,0,0,12.7800245285,
MC_G1_D060_DENS_LOW_V_REF_S007,MC_G1_D060_DENS_LOW_V_REF,7,6.39900684357,6.54066114108,34.6839172329,0,0,12.7980136871,
MC_G1_D060_DENS_LOW_V_REF_S007,MC_G1_D060_DENS_LOW_V_REF,7,6.40800142288,6.43561516572,32.7576393593,0,0,12.8160028458,
MC_G1_D060_DENS_LOW_V_REF_S007,MC_G1_D060_DENS_LOW_V_REF,7,6.41701984406,6.60019788644,32.3638356287,0,0,12.8340396881,
MC_G1_D060_DENS_LOW_V_REF_S007,MC_G1_D060_DENS_LOW_V_REF,7,6.42601490021,6.68739073896,31.580949051,0,0,12.8520298004,
MC_G1_D060_DENS_LOW_V_REF_S007,MC_G1_D060_DENS_LOW_V_REF,7,6.43500947952,6.50786954117,31.8063363676,0,0,12.870018959,
MC_G1_D060_DENS_LOW_V_REF_S007,MC_G1_D060_DENS_LOW_V_REF,7,6.44400405884,6.58198340105,31.5887368143,0,0,12.8880081177,
MC_G1_D060_DENS_LOW_V_REF_S007,MC_G1_D060_DENS_LOW_V_REF,7,6.45302248001,6.72369796035,33.0269290892,0,0,12.90604496,
MC_G1_D060_DENS_LOW_V_REF_S007,MC_G1_D060_DENS_LOW_V_REF,7,6.46201705933,6.75706679051,34.2061822956,0,0,12.9240341187,
MC_G1_D060_DENS_LOW_V_REF_S007,MC_G1_D060_DENS_LOW_V_REF,7,6.47101163864,6.72014391442,35.7714039296,0,0,12.9420232773,
MC_G1_D060_DENS_LOW_V_REF_S007,MC_G1_D060_DENS_LOW_V_REF,7,6.48000621796,6.83188567432,35.0758828313,0,0,12.9600124359,
MC_G1_D060_DENS_LOW_V_REF_S007,MC_G1_D060_DENS_LOW_V_REF,7,6.48900079727,6.86287823277,35.1275623329,0,0,12.9780015945,
MC_G1_D060_DENS_LOW_V_REF_S007,MC_G1_D060_DENS_LOW_V_REF,7,6.49801921844,6.76189834153,33.1183261713,0,0,12.9960384369,
MC_G1_D060_DENS_LOW_V_REF_S007,MC_G1_D060_DENS_LOW_V_REF,7,6.50701379776,6.7042064016,35.7557774515,0,0,13.0140275955,
MC_G1_D060_DENS_LOW_V_REF_S007,MC_G1_D060_DENS_LOW_V_REF,7,6.51600837708,6.5002468207,32.6669686581,0,0,13.0320167542,
MC_G1_D060_DENS_LOW_V_REF_S007,MC_G1_D060_DENS_LOW_V_REF,7,6.52500343323,6.43502152952,32.6527748361,0,0,13.0500068665,
MC_G1_D060_DENS_LOW_V_REF_S007,MC_G1_D060_DENS_LOW_V_REF,7,6.5340218544,6.486962322,35.0979845699,0,0,13.0680437088,
MC_G1_D060_DENS_LOW_V_REF_S007,MC_G1_D060_DENS_LOW_V_REF,7,6.54301643372,6.69234619804,34.4274674079,0,0,13.0860328674,
MC_G1_D060_DENS_LOW_V_REF_S007,MC_G1_D060_DENS_LOW_V_REF,7,6.55201101303,6.61609006704,34.4234259112,0,0,13.1040220261,
MC_G1_D060_DENS_LOW_V_REF_S007,MC_G1_D060_DENS_LOW_V_REF,7,6.56100559235,6.9918596195,34.2349506637,0,0,13.1220111847,
MC_G1_D060_DENS_LOW_V_REF_S007,MC_G1_D060_DENS_LOW_V_REF,7,6.57000017166,6.85939067409,36.3881185903,0,0,13.1400003433,
MC_G1_D060_DENS_LOW_V_REF_S007,MC_G1_D060_DENS_LOW_V_REF,7,6.57901859283,6.87299293005,32.6398580975,0,0,13.1580371857,
MC_G1_D060_DENS_LOW_V_REF_S007,MC_G1_D060_DENS_LOW_V_REF,7,6.58801317215,6.82266380588,34.9974574643,0,0,13.1760263443,
MC_G1_D060_DENS_LOW_V_REF_S007,MC_G1_D060_DENS_LOW_V_REF,7,6.59700775146,6.79589232458,36.6688884555,0,0,13.1940155029,
MC_G1_D060_DENS_LOW_V_REF_S007,MC_G1_D060_DENS_LOW_V_REF,7,6.60600233078,7.00160388779,36.4391055678,0,0,13.2120046616,
MC_G1_D060_DENS_LOW_V_REF_S007,MC_G1_D060_DENS_LOW_V_REF,7,6.61502075195,6.95024334771,36.0056685214,0,0,13.2300415039,
MC_G1_D060_DENS_LOW_V_REF_S007,MC_G1_D060_DENS_LOW_V_REF,7,6.62401580811,6.74202642389,33.3232976784,0,0,13.2480316162,
MC_G1_D060_DENS_LOW_V_REF_S007,MC_G1_D060_DENS_LOW_V_REF,7,6.63301038742,6.62806683916,34.3813403658,0,0,13.2660207748,
MC_G1_D060_DENS_LOW_V_REF_S007,MC_G1_D060_DENS_LOW_V_REF,7,6.64200496674,6.58091571937,34.640652135,0,0,13.2840099335,
MC_G1_D060_DENS_LOW_V_REF_S007,MC_G1_D060_DENS_LOW_V_REF,7,6.65102338791,6.73883287703,34.2936656964,0,0,13.3020467758,
MC_G1_D060_DENS_LOW_V_REF_S007,MC_G1_D060_DENS_LOW_V_REF,7,6.66001796722,6.6277149748,32.5712837128,0,0,13.3200359344,
MC_G1_D060_DENS_LOW_V_REF_S007,MC_G1_D060_DENS_LOW_V_REF,7,6.66901254654,6.96875702575,34.3507169558,0,0,13.3380250931,
MC_G1_D060_DENS_LOW_V_REF_S007,MC_G1_D060_DENS_LOW_V_REF,7,6.67800712585,6.56595004297,34.3300152895,0,0,13.3560142517,
MC_G1_D060_DENS_LOW_V_REF_S007,MC_G1_D060_DENS_LOW_V_REF,7,6.68700170517,6.88283433882,33.5049863018,0,0,13.3740034103,
MC_G1_D060_DENS_LOW_V_REF_S007,MC_G1_D060_DENS_LOW_V_REF,7,6.69602012634,6.66429980206,35.107421029,0,0,13.3920402527,
MC_G1_D060_DENS_LOW_V_REF_S007,MC_G1_D060_DENS_LOW_V_REF,7,6.70501470566,6.82900297696,36.2206166701,0,0,13.4100294113,
MC_G1_D060_DENS_LOW_V_REF_S007,MC_G1_D060_DENS_LOW_V_REF,7,6.71400928497,6.81515635876,35.3887729384,0,0,13.4280185699,
MC_G1_D060_DENS_LOW_V_REF_S007,MC_G1_D060_DENS_LOW_V_REF,7,6.72300434113,6.83599838588,33.0947112306,0,0,13.4460086823,
MC_G1_D060_DENS_LOW_V_REF_S007,MC_G1_D060_DENS_LOW_V_REF,7,6.7320227623,6.75442327457,35.8158499393,0,0,13.4640455246,
MC_G1_D060_DENS_LOW_V_REF_S007,MC_G1_D060_DENS_LOW_V_REF,7,6.74101734161,6.6541829461,35.9378506733,0,0,13.4820346832,
MC_G1_D060_DENS_LOW_V_REF_S007,MC_G1_D060_DENS_LOW_V_REF,7,6.75001192093,6.61743103723,34.7224512476,0,0,13.5000238419,
MC_G1_D060_DENS_LOW_V_REF_S007,MC_G1_D060_DENS_LOW_V_REF,7,6.75900650024,6.65673536587,33.8224225916,0,0,13.5180130005,
MC_G1_D060_DENS_LOW_V_REF_S007,MC_G1_D060_DENS_LOW_V_REF,7,6.76800107956,6.57403990116,34.1249209803,0,0,13.5360021591,
MC_G1_D060_DENS_LOW_V_REF_S007,MC_G1_D060_DENS_LOW_V_REF,7,6.77701950073,6.70718408076,34.3790456208,0,0,13.5540390015,
MC_G1_D060_DENS_LOW_V_REF_S007,MC_G1_D060_DENS_LOW_V_REF,7,6.78601408005,6.81636564965,39.0944457743,0,0,13.5720281601,
MC_G1_D060_DENS_LOW_V_REF_S007,MC_G1_D060_DENS_LOW_V_REF,7,6.79500865936,6.77231136799,35.8265860767,0,0,13.5900173187,
MC_G1_D060_DENS_LOW_V_REF_S007,MC_G1_D060_DENS_LOW_V_REF,7,6.80400323868,6.82069120677,36.1647147402,0,0,13.6080064774,
MC_G1_D060_DENS_LOW_V_REF_S007,MC_G1_D060_DENS_LOW_V_REF,7,6.81302165985,7.0247936921,34.7057683797,0,0,13.6260433197,
MC_G1_D060_DENS_LOW_V_REF_S007,MC_G1_D060_DENS_LOW_V_REF,7,6.822016716,6.84877084637,36.0106726545,0,0,13.644033432,
MC_G1_D060_DENS_LOW_V_REF_S007,MC_G1_D060_DENS_LOW_V_REF,7,6.83101129532,6.97556592496,35.9897018268,0,0,13.6620225906,
MC_G1_D060_DENS_LOW_V_REF_S007,MC_G1_D060_DENS_LOW_V_REF,7,6.84000587463,6.83591290227,36.8713585577,0,0,13.6800117493,
MC_G1_D060_DENS_LOW_V_REF_S007,MC_G1_D060_DENS_LOW_V_REF,7,6.84900045395,7.03291765739,37.6320385408,0,0,13.6980009079,
MC_G1_D060_DENS_LOW_V_REF_S007,MC_G1_D060_DENS_LOW_V_REF,7,6.85801887512,6.71416222025,38.9395517855,0,0,13.7160377502,
MC_G1_D060_DENS_LOW_V_REF_S007,MC_G1_D060_DENS_LOW_V_REF,7,6.86701345444,6.70723761595,36.0288721476,0,0,13.7340269089,
MC_G1_D060_DENS_LOW_V_REF_S007,MC_G1_D060_DENS_LOW_V_REF,7,6.87600803375,6.76683307732,36.0784989553,0,0,13.7520160675,
MC_G1_D060_DENS_LOW_V_REF_S007,MC_G1_D060_DENS_LOW_V_REF,7,6.88500261307,6.58536518455,36.1903907772,0,0,13.7700052261,
MC_G1_D060_DENS_LOW_V_REF_S007,MC_G1_D060_DENS_LOW_V_REF,7,6.89402103424,6.5530791468,36.1456879054,0,0,13.7880420685,
MC_G1_D060_DENS_LOW_V_REF_S007,MC_G1_D060_DENS_LOW_V_REF,7,6.90301561356,6.64858938207,34.4994467294,0,0,13.8060312271,
MC_G1_D060_DENS_LOW_V_REF_S007,MC_G1_D060_DENS_LOW_V_REF,7,6.91201019287,6.88912558727,36.6022669111,0,0,13.8240203857,
MC_G1_D060_DENS_LOW_V_REF_S007,MC_G1_D060_DENS_LOW_V_REF,7,6.92100524902,6.8765715849,34.8676376801,0,0,13.842010498,
MC_G1_D060_DENS_LOW_V_REF_S007,MC_G1_D060_DENS_LOW_V_REF,7,6.9300236702,7.06513245879,36.323762125,0,0,13.8600473404,
MC_G1_D060_DENS_LOW_V_REF_S007,MC_G1_D060_DENS_LOW_V_REF,7,6.93901824951,6.99976642187,36.7049452447,0,0,13.878036499,
MC_G1_D060_DENS_LOW_V_REF_S007,MC_G1_D060_DENS_LOW_V_REF,7,6.94801282883,7.18676829918,37.7478964862,0,0,13.8960256577,
MC_G1_D060_DENS_LOW_V_REF_S007,MC_G1_D060_DENS_LOW_V_REF,7,6.95700740814,6.91294917916,34.902278,0,0,13.9140148163,
MC_G1_D060_DENS_LOW_V_REF_S007,MC_G1_D060_DENS_LOW_V_REF,7,6.96600198746,7.00389899326,35.3846442205,0,0,13.9320039749,
MC_G1_D060_DENS_LOW_V_REF_S007,MC_G1_D060_DENS_LOW_V_REF,7,6.97502040863,6.99307322774,38.3573672558,0,0,13.9500408173,
MC_G1_D060_DENS_LOW_V_REF_S007,MC_G1_D060_DENS_LOW_V_REF,7,6.98401498795,6.79346381287,38.2142094748,0,0,13.9680299759,
MC_G1_D060_DENS_LOW_V_REF_S007,MC_G1_D060_DENS_LOW_V_REF,7,6.99300956726,6.85448054723,36.4325153969,0,0,13.9860191345,
MC_G1_D060_DENS_LOW_V_REF_S007,MC_G1_D060_DENS_LOW_V_REF,7,7.00200414658,6.69201030789,38.2075325981,0,0,14.0040082932,
MC_G1_D060_DENS_LOW_V_REF_S007,MC_G1_D060_DENS_LOW_V_REF,7,7.01102256775,6.84056873697,39.2370346898,0,0,14.0220451355,
MC_G1_D060_DENS_LOW_V_REF_S007,MC_G1_D060_DENS_LOW_V_REF,7,7.02001714706,6.96685479951,38.0483362929,0,0,14.0400342941,
MC_G1_D060_DENS_LOW_V_REF_S007,MC_G1_D060_DENS_LOW_V_REF,7,7.02901220322,6.777971851,36.0852926236,0,0,14.0580244064,
MC_G1_D060_DENS_LOW_V_REF_S007,MC_G1_D060_DENS_LOW_V_REF,7,7.03800678253,6.90296875159,37.541734379,0,0,14.0760135651,
MC_G1_D060_DENS_LOW_V_REF_S007,MC_G1_D060_DENS_LOW_V_REF,7,7.04700136185,7.17767379268,40.218098887,0,0,14.0940027237,
MC_G1_D060_DENS_LOW_V_REF_S007,MC_G1_D060_DENS_LOW_V_REF,7,7.05601978302,7.03510353379,38.1049259863,0,0,14.112039566,
MC_G1_D060_DENS_LOW_V_REF_S007,MC_G1_D060_DENS_LOW_V_REF,7,7.06501436234,6.94081165586,37.2998313212,0,0,14.1300287247,
MC_G1_D060_DENS_LOW_V_REF_S007,MC_G1_D060_DENS_LOW_V_REF,7,7.07400894165,6.94003884946,39.239687356,0,0,14.1480178833,
MC_G1_D060_DENS_LOW_V_REF_S007,MC_G1_D060_DENS_LOW_V_REF,7,7.08300352097,7.04537322409,38.3131526041,0,0,14.1660070419,
MC_G1_D060_DENS_LOW_V_REF_S007,MC_G1_D060_DENS_LOW_V_REF,7,7.09202194214,6.97703986967,38.9001536114,0,0,14.1840438843,
MC_G1_D060_DENS_LOW_V_REF_S007,MC_G1_D060_DENS_LOW_V_REF,7,7.10101652145,6.80794249172,36.716658621,0,0,14.2020330429,
MC_G1_D060_DENS_LOW_V_REF_S007,MC_G1_D060_DENS_LOW_V_REF,7,7.11001110077,6.87574740199,39.0636370919,0,0,14.2200222015,
MC_G1_D060_DENS_LOW_V_REF_S007,MC_G1_D060_DENS_LOW_V_REF,7,7.11900568008,6.75517881155,39.2523546189,0,0,14.2380113602,
MC_G1_D060_DENS_LOW_V_REF_S007,MC_G1_D060_DENS_LOW_V_REF,7,7.12800073624,6.62809360676,38.1667558466,0,0,14.2560014725,
MC_G1_D060_DENS_LOW_V_REF_S007,MC_G1_D060_DENS_LOW_V_REF,7,7.13701915741,6.71503432579,38.2916707441,0,0,14.2740383148,
MC_G1_D060_DENS_LOW_V_REF_S007,MC_G1_D060_DENS_LOW_V_REF,7,7.14601373672,6.76627268475,36.4745376537,0,0,14.2920274734,
MC_G1_D060_DENS_LOW_V_REF_S007,MC_G1_D060_DENS_LOW_V_REF,7,7.15500831604,6.87499186502,38.1486489745,0,0,14.3100166321,
MC_G1_D060_DENS_LOW_V_REF_S007,MC_G1_D060_DENS_LOW_V_REF,7,7.16400289536,6.86811777375,38.0519019762,0,0,14.3280057907,
MC_G1_D060_DENS_LOW_V_REF_S007,MC_G1_D060_DENS_LOW_V_REF,7,7.17302131653,6.93348812802,37.3374027617,0,0,14.3460426331,
MC_G1_D060_DENS_LOW_V_REF_S007,MC_G1_D060_DENS_LOW_V_REF,7,7.18201589584,6.80873472621,37.4194615857,0,0,14.3640317917,
MC_G1_D060_DENS_LOW_V_REF_S007,MC_G1_D060_DENS_LOW_V_REF,7,7.19101047516,7.00184350095,38.1227173825,0,0,14.3820209503,
MC_G1_D060_DENS_LOW_V_REF_S007,MC_G1_D060_DENS_LOW_V_REF,7,7.20000505447,6.97491011887,38.6320804837,0,0,14.4000101089,
MC_G1_D060_DENS_LOW_V_REF_S007,MC_G1_D060_DENS_LOW_V_REF,7,7.20902347565,7.05092965887,37.5447742488,0,0,14.4180469513,
MC_G1_D060_DENS_LOW_V_REF_S007,MC_G1_D060_DENS_LOW_V_REF,7,7.21801805496,6.90729517218,38.6710956905,0,0,14.4360361099,
MC_G1_D060_DENS_LOW_V_REF_S007,MC_G1_D060_DENS_LOW_V_REF,7,7.22701263428,6.82753162267,38.0791896215,0,0,14.4540252686,
MC_G1_D060_DENS_LOW_V_REF_S007,MC_G1_D060_DENS_LOW_V_REF,7,7.23600769043,6.7715800082,38.6561240005,0,0,14.4720153809,
MC_G1_D060_DENS_LOW_V_REF_S007,MC_G1_D060_DENS_LOW_V_REF,7,7.24500226974,6.70072834111,39.9344451377,0,0,14.4900045395,
MC_G1_D060_DENS_LOW_V_REF_S007,MC_G1_D060_DENS_LOW_V_REF,7,7.25402069092,6.83158345953,40.2956858664,0,0,14.5080413818,
MC_G1_D060_DENS_LOW_V_REF_S007,MC_G1_D060_DENS_LOW_V_REF,7,7.26301527023,6.7638838927,39.261166531,0,0,14.5260305405,
MC_G1_D060_DENS_LOW_V_REF_S007,MC_G1_D060_DENS_LOW_V_REF,7,7.27200984955,6.96480103415,38.0378956261,0,0,14.5440196991,
MC_G1_D060_DENS_LOW_V_REF_S007,MC_G1_D060_DENS_LOW_V_REF,7,7.28100442886,7.00841624089,40.6929948097,0,0,14.5620088577,
MC_G1_D060_DENS_LOW_V_REF_S007,MC_G1_D060_DENS_LOW_V_REF,7,7.29002285004,7.10440915636,40.1692121715,0,0,14.5800457001,
MC_G1_D060_DENS_LOW_V_REF_S007,MC_G1_D060_DENS_LOW_V_REF,7,7.29901742935,7.27257182713,41.1122216187,0,0,14.5980348587,
MC_G1_D060_DENS_LOW_V_REF_S007,MC_G1_D060_DENS_LOW_V_REF,7,7.30801200867,7.07065349126,39.08416212,0,0,14.6160240173,
MC_G1_D060_DENS_LOW_V_REF_S007,MC_G1_D060_DENS_LOW_V_REF,7,7.31700658798,7.06787181999,40.5001440425,0,0,14.634013176,
MC_G1_D060_DENS_LOW_V_REF_S007,MC_G1_D060_DENS_LOW_V_REF,7,7.3260011673,7.00793183376,41.48573133,0,0,14.6520023346,
MC_G1_D060_DENS_LOW_V_REF_S007,MC_G1_D060_DENS_LOW_V_REF,7,7.33501958847,7.06628389714,41.7745276569,0,0,14.6700391769,
MC_G1_D060_DENS_LOW_V_REF_S007,MC_G1_D060_DENS_LOW_V_REF,7,7.34401464462,6.91281749986,39.3686975784,0,0,14.6880292892,
MC_G1_D060_DENS_LOW_V_REF_S007,MC_G1_D060_DENS_LOW_V_REF,7,7.35300922394,6.95977218004,40.6331212234,0,0,14.7060184479,
MC_G1_D060_DENS_LOW_V_REF_S007,MC_G1_D060_DENS_LOW_V_REF,7,7.36200380325,6.91800782301,38.1044659208,0,0,14.7240076065,
MC_G1_D060_DENS_LOW_V_REF_S007,MC_G1_D060_DENS_LOW_V_REF,7,7.37102222443,6.77608387204,40.2862706389,0,0,14.7420444489,
MC_G1_D060_DENS_LOW_V_REF_S007,MC_G1_D060_DENS_LOW_V_REF,7,7.38001680374,6.92036250796,38.5997257744,0,0,14.7600336075,
MC_G1_D060_DENS_LOW_V_REF_S007,MC_G1_D060_DENS_LOW_V_REF,7,7.38901138306,7.03795860008,39.6964807903,0,0,14.7780227661,
MC_G1_D060_DENS_LOW_V_REF_S007,MC_G1_D060_DENS_LOW_V_REF,7,7.39800596237,7.08657330293,40.1557686755,0,0,14.7960119247,
MC_G1_D060_DENS_LOW_V_REF_S007,MC_G1_D060_DENS_LOW_V_REF,7,7.40700054169,7.11269847631,39.4989132199,0,0,14.8140010834,
MC_G1_D060_DENS_LOW_V_REF_S007,MC_G1_D060_DENS_LOW_V_REF,7,7.41601896286,7.20595030363,40.8373414725,0,0,14.8320379257,
MC_G1_D060_DENS_LOW_V_REF_S007,MC_G1_D060_DENS_LOW_V_REF,7,7.42501354218,7.33844601663,43.2986177491,0,0,14.8500270844,
MC_G1_D060_DENS_LOW_V_REF_S007,MC_G1_D060_DENS_LOW_V_REF,7,7.43400812149,7.18764601728,40.9633397666,0,0,14.868016243,
MC_G1_D060_DENS_LOW_V_REF_S007,MC_G1_D060_DENS_LOW_V_REF,7,7.44300317764,7.028992319,38.8737594191,0,0,14.8860063553,
MC_G1_D060_DENS_LOW_V_REF_S007,MC_G1_D060_DENS_LOW_V_REF,7,7.45202159882,6.94016318926,40.1364123866,0,0,14.9040431976,
MC_G1_D060_DENS_LOW_V_REF_S007,MC_G1_D060_DENS_LOW_V_REF,7,7.46101617813,7.11328909036,41.930449176,0,0,14.9220323563,
MC_G1_D060_DENS_LOW_V_REF_S007,MC_G1_D060_DENS_LOW_V_REF,7,7.47001075745,6.99946248014,40.0211000385,0,0,14.9400215149,
MC_G1_D060_DENS_LOW_V_REF_S007,MC_G1_D060_DENS_LOW_V_REF,7,7.47900533676,6.97810193879,43.8359157426,0,0,14.9580106735,
MC_G1_D060_DENS_LOW_V_REF_S007,MC_G1_D060_DENS_LOW_V_REF,7,7.48802375793,6.77495920128,44.0941257211,0,0,14.9760475159,
MC_G1_D060_DENS_LOW_V_REF_S007,MC_G1_D060_DENS_LOW_V_REF,7,7.49701833725,6.92482017611,39.0828521151,0,0,14.9940366745,
MC_G1_D060_DENS_LOW_V_REF_S007,MC_G1_D060_DENS_LOW_V_REF,7,7.50601291656,6.82381524423,42.0426656734,0,0,15.0120258331,
MC_G1_D060_DENS_LOW_V_REF_S007,MC_G1_D060_DENS_LOW_V_REF,7,7.51500749588,6.92335486612,40.8098139526,0,0,15.0300149918,
MC_G1_D060_DENS_LOW_V_REF_S007,MC_G1_D060_DENS_LOW_V_REF,7,7.5240020752,7.12400562681,41.9045797779,0,0,15.0480041504,
MC_G1_D060_DENS_LOW_V_REF_S007,MC_G1_D060_DENS_LOW_V_REF,7,7.53302049637,7.04529205783,42.7333206694,0,0,15.0660409927,
MC_G1_D060_DENS_LOW_V_REF_S007,MC_G1_D060_DENS_LOW_V_REF,7,7.54201507568,7.17393323705,41.4905662051,0,0,15.0840301514,
MC_G1_D060_DENS_LOW_V_REF_S007,MC_G1_D060_DENS_LOW_V_REF,7,7.551009655,7.22698574822,41.3044704925,0,0,15.10201931,
MC_G1_D060_DENS_LOW_V_REF_S007,MC_G1_D060_DENS_LOW_V_REF,7,7.56000471115,7.12986298117,40.6645379735,0,0,15.1200094223,
MC_G1_D060_DENS_LOW_V_REF_S007,MC_G1_D060_DENS_LOW_V_REF,7,7.56902313232,7.13942073977,40.7010986401,0,0,15.1380462646,
MC_G1_D060_DENS_LOW_V_REF_S007,MC_G1_D060_DENS_LOW_V_REF,7,7.57801771164,7.07289333459,40.4574619261,0,0,15.1560354233,
MC_G1_D060_DENS_LOW_V_REF_S007,MC_G1_D060_DENS_LOW_V_REF,7,7.58701229095,7.11740007497,43.9304241531,0,0,15.1740245819,
MC_G1_D060_DENS_LOW_V_REF_S007,MC_G1_D060_DENS_LOW_V_REF,7,7.59600687027,7.00005352592,39.107059752,0,0,15.1920137405,
MC_G1_D060_DENS_LOW_V_REF_S007,MC_G1_D060_DENS_LOW_V_REF,7,7.60500144958,6.8273710171,45.2629746609,0,0,15.2100028992,
MC_G1_D060_DENS_LOW_V_REF_S007,MC_G1_D060_DENS_LOW_V_REF,7,7.61401987076,6.9753237214,42.0425120089,0,0,15.2280397415,
MC_G1_D060_DENS_LOW_V_REF_S007,MC_G1_D060_DENS_LOW_V_REF,7,7.62301445007,6.96085065511,39.5427602276,0,0,15.2460289001,
MC_G1_D060_DENS_LOW_V_REF_S007,MC_G1_D060_DENS_LOW_V_REF,7,7.63200902939,6.91882250774,41.7891342409,0,0,15.2640180588,
MC_G1_D060_DENS_LOW_V_REF_S007,MC_G1_D060_DENS_LOW_V_REF,7,7.6410036087,7.2020780687,40.6805892055,0,0,15.2820072174,
MC_G1_D060_DENS_LOW_V_REF_S007,MC_G1_D060_DENS_LOW_V_REF,7,7.65002202988,7.05075005693,40.6157392105,0,0,15.3000440598,
MC_G1_D060_DENS_LOW_V_REF_S007,MC_G1_D060_DENS_LOW_V_REF,7,7.65901660919,7.23964077668,42.091587653,0,0,15.3180332184,
MC_G1_D060_DENS_LOW_V_REF_S007,MC_G1_D060_DENS_LOW_V_REF,7,7.66801166534,7.15914414044,44.2146726855,0,0,15.3360233307,
MC_G1_D060_DENS_LOW_V_REF_S007,MC_G1_D060_DENS_LOW_V_REF,7,7.67700624466,7.05803041122,39.7257880186,0,0,15.3540124893,
MC_G1_D060_DENS_LOW_V_REF_S007,MC_G1_D060_DENS_LOW_V_REF,7,7.68600082397,7.39792188729,43.4530230921,0,0,15.3720016479,
MC_G1_D060_DENS_LOW_V_REF_S007,MC_G1_D060_DENS_LOW_V_REF,7,7.69501924515,7.04181615601,44.3668380357,0,0,15.3900384903,
MC_G1_D060_DENS_LOW_V_REF_S007,MC_G1_D060_DENS_LOW_V_REF,7,7.70401382446,7.11473799441,41.6297688361,0,0,15.4080276489,
MC_G1_D060_DENS_LOW_V_REF_S007,MC_G1_D060_DENS_LOW_V_REF,7,7.71300840378,7.10859785335,40.5425686347,0,0,15.4260168076,
MC_G1_D060_DENS_LOW_V_REF_S007,MC_G1_D060_DENS_LOW_V_REF,7,7.72200298309,6.90728437879,43.7537213961,0,0,15.4440059662,
MC_G1_D060_DENS_LOW_V_REF_S007,MC_G1_D060_DENS_LOW_V_REF,7,7.73102140427,6.90436412045,40.2254620693,0,0,15.4620428085,
MC_G1_D060_DENS_LOW_V_REF_S007,MC_G1_D060_DENS_LOW_V_REF,7,7.74001598358,7.09877241879,43.9960529517,0,0,15.4800319672,
MC_G1_D060_DENS_LOW_V_REF_S007,MC_G1_D060_DENS_LOW_V_REF,7,7.7490105629,7.04966683278,43.0124344477,0,0,15.4980211258,
MC_G1_D060_DENS_LOW_V_REF_S007,MC_G1_D060_DENS_LOW_V_REF,7,7.75800514221,7.19273963169,42.2720904255,0,0,15.5160102844,
MC_G1_D060_DENS_LOW_V_REF_S007,MC_G1_D060_DENS_LOW_V_REF,7,7.76702356339,7.22333499356,40.6224730492,0,0,15.5340471268,
MC_G1_D060_DENS_LOW_V_REF_S007,MC_G1_D060_DENS_LOW_V_REF,7,7.77601861954,7.20170893492,42.5431591472,0,0,15.5520372391,
MC_G1_D060_DENS_LOW_V_REF_S007,MC_G1_D060_DENS_LOW_V_REF,7,7.78501319885,7.10728494595,40.5487833907,0,0,15.5700263977,
MC_G1_D060_DENS_LOW_V_REF_S007,MC_G1_D060_DENS_LOW_V_REF,7,7.79400777817,7.20202151136,41.7370904533,0,0,15.5880155563,
MC_G1_D060_DENS_LOW_V_REF_S007,MC_G1_D060_DENS_LOW_V_REF,7,7.80300235748,7.25641801488,38.6133887622,0,0,15.606004715,
MC_G1_D060_DENS_LOW_V_REF_S007,MC_G1_D060_DENS_LOW_V_REF,7,7.81202077866,7.25578509076,43.5995403482,0,0,15.6240415573,
MC_G1_D060_DENS_LOW_V_REF_S007,MC_G1_D060_DENS_LOW_V_REF,7,7.82101535797,7.21434064967,42.0416686984,0,0,15.6420307159,
MC_G1_D060_DENS_LOW_V_REF_S007,MC_G1_D060_DENS_LOW_V_REF,7,7.83000993729,6.90778864576,42.4171235333,0,0,15.6600198746,
MC_G1_D060_DENS_LOW_V_REF_S007,MC_G1_D060_DENS_LOW_V_REF,7,7.8390045166,7.06039416262,43.5926573695,0,0,15.6780090332,
MC_G1_D060_DENS_LOW_V_REF_S007,MC_G1_D060_DENS_LOW_V_REF,7,7.84802293777,6.95659288045,43.7765310122,0,0,15.6960458755,
MC_G1_D060_DENS_LOW_V_REF_S007,MC_G1_D060_DENS_LOW_V_REF,7,7.85701751709,6.99610573729,43.6953592018,0,0,15.7140350342,
MC_G1_D060_DENS_LOW_V_REF_S007,MC_G1_D060_DENS_LOW_V_REF,7,7.86601209641,7.24044380455,44.5741307383,0,0,15.7320241928,
MC_G1_D060_DENS_LOW_V_REF_S007,MC_G1_D060_DENS_LOW_V_REF,7,7.87500667572,7.16488017715,45.2253934824,0,0,15.7500133514,
MC_G1_D060_DENS_LOW_V_REF_S007,MC_G1_D060_DENS_LOW_V_REF,7,7.88400173187,7.12454788649,43.8282730051,0,0,15.7680034637,
MC_G1_D060_DENS_LOW_V_REF_S007,MC_G1_D060_DENS_LOW_V_REF,7,7.89302015305,7.59095510834,43.4424938842,0,0,15.7860403061,
MC_G1_D060_DENS_LOW_V_REF_S007,MC_G1_D060_DENS_LOW_V_REF,7,7.90201473236,7.25088662075,44.7659330481,0,0,15.8040294647,
MC_G1_D060_DENS_LOW_V_REF_S007,MC_G1_D060_DENS_LOW_V_REF,7,7.91100931168,7.29722737317,44.3992690081,0,0,15.8220186234,
MC_G1_D060_DENS_LOW_V_REF_S007,MC_G1_D060_DENS_LOW_V_REF,7,7.92000389099,7.27626057451,44.0863417089,0,0,15.840007782,
MC_G1_D060_DENS_LOW_V_REF_S007,MC_G1_D060_DENS_LOW_V_REF,7,7.92902231216,7.33118681738,43.0544357494,0,0,15.8580446243,
MC_G1_D060_DENS_LOW_V_REF_S007,MC_G1_D060_DENS_LOW_V_REF,7,7.93801689148,7.1178892312,45.7449660997,0,0,15.876033783,
MC_G1_D060_DENS_LOW_V_REF_S007,MC_G1_D060_DENS_LOW_V_REF,7,7.94701147079,7.12316115234,43.5901015468,0,0,15.8940229416,
MC_G1_D060_DENS_LOW_V_REF_S007,MC_G1_D060_DENS_LOW_V_REF,7,7.95600605011,7.12316935531,42.4556187721,0,0,15.9120121002,
MC_G1_D060_DENS_LOW_V_REF_S007,MC_G1_D060_DENS_LOW_V_REF,7,7.96500062943,6.85466619345,43.402130103,0,0,15.9300012589,
MC_G1_D060_DENS_LOW_V_REF_S007,MC_G1_D060_DENS_LOW_V_REF,7,7.9740190506,7.03809589194,45.1925680488,0,0,15.9480381012,
MC_G1_D060_DENS_LOW_V_REF_S007,MC_G1_D060_DENS_LOW_V_REF,7,7.98301362991,7.11632159991,45.0182857203,0,0,15.9660272598,
MC_G1_D060_DENS_LOW_V_REF_S007,MC_G1_D060_DENS_LOW_V_REF,7,7.99200820923,7.27098563122,47.4566556075,0,0,15.9840164185,
MC_G1_D060_DENS_LOW_V_REF_S007,MC_G1_D060_DENS_LOW_V_REF,7,8.00100326538,7.12199848887,43.8870565294,0,0,16.0020065308,
MC_G1_D060_DENS_LOW_V_REF_S007,MC_G1_D060_DENS_LOW_V_REF,7,8.01002120972,7.48820639711,42.8167571905,0,0,16.0200424194,
MC_G1_D060_DENS_LOW_V_REF_S007,MC_G1_D060_DENS_LOW_V_REF,7,8.01901626587,7.58880938333,43.3097417641,0,0,16.0380325317,
MC_G1_D060_DENS_LOW_V_REF_S007,MC_G1_D060_DENS_LOW_V_REF,7,8.02801036835,7.38317466901,46.3042772825,0,0,16.0560207367,
MC_G1_D060_DENS_LOW_V_REF_S007,MC_G1_D060_DENS_LOW_V_REF,7,8.0370054245,7.30711325068,45.1283626653,0,0,16.074010849,
MC_G1_D060_DENS_LOW_V_REF_S007,MC_G1_D060_DENS_LOW_V_REF,7,8.04600048065,7.26232070146,43.2360454972,0,0,16.0920009613,
MC_G1_D060_DENS_LOW_V_REF_S007,MC_G1_D060_DENS_LOW_V_REF,7,8.05501842499,7.30828152671,44.1188566425,0,0,16.11003685,
MC_G1_D060_DENS_LOW_V_REF_S007,MC_G1_D060_DENS_LOW_V_REF,7,8.06401348114,7.32965674707,43.149906938,0,0,16.1280269623,
MC_G1_D060_DENS_LOW_V_REF_S007,MC_G1_D060_DENS_LOW_V_REF,7,8.07300758362,7.07091296425,45.6488337221,0,0,16.1460151672,
MC_G1_D060_DENS_LOW_V_REF_S007,MC_G1_D060_DENS_LOW_V_REF,7,8.08200263977,7.085468492,44.0100464623,0,0,16.1640052795,
MC_G1_D060_DENS_LOW_V_REF_S007,MC_G1_D060_DENS_LOW_V_REF,7,8.09102058411,6.98472389657,46.465165623,0,0,16.1820411682,
MC_G1_D060_DENS_LOW_V_REF_S007,MC_G1_D060_DENS_LOW_V_REF,7,8.10001564026,7.35771177776,46.0218749227,0,0,16.2000312805,
MC_G1_D060_DENS_LOW_V_REF_S007,MC_G1_D060_DENS_LOW_V_REF,7,8.10900974274,7.22696372971,44.9238886432,0,0,16.2180194855,
MC_G1_D060_DENS_LOW_V_REF_S007,MC_G1_D060_DENS_LOW_V_REF,7,8.11800479889,7.3450092584,45.3939883752,0,0,16.2360095978,
MC_G1_D060_DENS_LOW_V_REF_S007,MC_G1_D060_DENS_LOW_V_REF,7,8.12702274323,7.23093828594,45.1989576466,0,0,16.2540454865,
MC_G1_D060_DENS_LOW_V_REF_S007,MC_G1_D060_DENS_LOW_V_REF,7,8.13601779938,7.22373003146,45.186010948,0,0,16.2720355988,
MC_G1_D060_DENS_LOW_V_REF_S007,MC_G1_D060_DENS_LOW_V_REF,7,8.14501190186,7.56981043469,44.8567033259,0,0,16.2900238037,
MC_G1_D060_DENS_LOW_V_REF_S007,MC_G1_D060_DENS_LOW_V_REF,7,8.15400695801,7.22163568297,45.8550192086,0,0,16.308013916,
MC_G1_D060_DENS_LOW_V_REF_S007,MC_G1_D060_DENS_LOW_V_REF,7,8.16300201416,7.23704863725,47.7115948353,0,0,16.3260040283,
MC_G1_D060_DENS_LOW_V_REF_S007,MC_G1_D060_DENS_LOW_V_REF,7,8.1720199585,7.30932459947,43.3010702215,0,0,16.344039917,
MC_G1_D060_DENS_LOW_V_REF_S007,MC_G1_D060_DENS_LOW_V_REF,7,8.18101501465,7.24739129084,45.6658786628,0,0,16.3620300293,
MC_G1_D060_DENS_LOW_V_REF_S007,MC_G1_D060_DENS_LOW_V_REF,7,8.19000911713,7.14812366225,46.1772812528,0,0,16.3800182343,
MC_G1_D060_DENS_LOW_V_REF_S007,MC_G1_D060_DENS_LOW_V_REF,7,8.19900417328,7.23970121964,48.3366529573,0,0,16.3980083466,
MC_G1_D060_DENS_LOW_V_REF_S007,MC_G1_D060_DENS_LOW_V_REF,7,8.20802211761,7.02034983948,44.7064524983,0,0,16.4160442352,
MC_G1_D060_DENS_LOW_V_REF_S007,MC_G1_D060_DENS_LOW_V_REF,7,8.21701717377,7.16798262784,46.2026031356,0,0,16.4340343475,
MC_G1_D060_DENS_LOW_V_REF_S007,MC_G1_D060_DENS_LOW_V_REF,7,8.22601127625,7.19010475046,45.2377753702,0,0,16.4520225525,
MC_G1_D060_DENS_LOW_V_REF_S007,MC_G1_D060_DENS_LOW_V_REF,7,8.2350063324,7.29241093289,45.1401440933,0,0,16.4700126648,
MC_G1_D060_DENS_LOW_V_REF_S007,MC_G1_D060_DENS_LOW_V_REF,7,8.24400043488,7.23849581436,47.6208182302,0,0,16.4880008698,
MC_G1_D060_DENS_LOW_V_REF_S007,MC_G1_D060_DENS_LOW_V_REF,7,8.25301933289,7.40177469413,42.8971130044,0,0,16.5060386658,
MC_G1_D060_DENS_LOW_V_REF_S007,MC_G1_D060_DENS_LOW_V_REF,7,8.26201343536,7.31322662415,45.9332930336,0,0,16.5240268707,
MC_G1_D060_DENS_LOW_V_REF_S007,MC_G1_D060_DENS_LOW_V_REF,7,8.27100849152,7.41480964976,46.3776298491,0,0,16.542016983,
MC_G1_D060_DENS_LOW_V_REF_S007,MC_G1_D060_DENS_LOW_V_REF,7,8.28000354767,7.46993449091,44.2473039683,0,0,16.5600070953,
MC_G1_D060_DENS_LOW_V_REF_S007,MC_G1_D060_DENS_LOW_V_REF,7,8.289021492,7.31435172664,46.3111518289,0,0,16.578042984,
MC_G1_D060_DENS_LOW_V_REF_S007,MC_G1_D060_DENS_LOW_V_REF,7,8.29801654816,7.2702197326,46.7917803135,0,0,16.5960330963,
MC_G1_D060_DENS_LOW_V_REF_S007,MC_G1_D060_DENS_LOW_V_REF,7,8.30701065063,7.3478595756,46.4262940683,0,0,16.6140213013,
MC_G1_D060_DENS_LOW_V_REF_S007,MC_G1_D060_DENS_LOW_V_REF,7,8.31600570679,7.20713023652,47.7201249107,0,0,16.6320114136,
MC_G1_D060_DENS_LOW_V_REF_S007,MC_G1_D060_DENS_LOW_V_REF,7,8.32499980927,7.09469942689,45.4202391034,0,0,16.6499996185,
MC_G1_D060_DENS_LOW_V_REF_S007,MC_G1_D060_DENS_LOW_V_REF,7,8.33401870728,7.25572982863,46.0047746967,0,0,16.6680374146,
MC_G1_D060_DENS_LOW_V_REF_S007,MC_G1_D060_DENS_LOW_V_REF,7,8.34301280975,7.18221953486,44.1905589953,0,0,16.6860256195,
MC_G1_D060_DENS_LOW_V_REF_S007,MC_G1_D060_DENS_LOW_V_REF,7,8.35200786591,7.38253742754,47.0742474886,0,0,16.7040157318,
MC_G1_D060_DENS_LOW_V_REF_S007,MC_G1_D060_DENS_LOW_V_REF,7,8.36100196838,7.27617595437,48.9479329703,0,0,16.7220039368,
MC_G1_D060_DENS_LOW_V_REF_S007,MC_G1_D060_DENS_LOW_V_REF,7,8.37002086639,7.265531086,44.3960427628,0,0,16.7400417328,
MC_G1_D060_DENS_LOW_V_REF_S007,MC_G1_D060_DENS_LOW_V_REF,7,8.37901496887,7.34036637575,45.8233032906,0,0,16.7580299377,
MC_G1_D060_DENS_LOW_V_REF_S007,MC_G1_D060_DENS_LOW_V_REF,7,8.38801002502,7.60877023847,45.3951217911,0,0,16.77602005,
MC_G1_D060_DENS_LOW_V_REF_S007,MC_G1_D060_DENS_LOW_V_REF,7,8.39700508118,7.41412319045,46.787106905,0,0,16.7940101624,
MC_G1_D060_DENS_LOW_V_REF_S007,MC_G1_D060_DENS_LOW_V_REF,7,8.40602302551,7.34385911526,44.4815994538,0,0,16.812046051,
MC_G1_D060_DENS_LOW_V_REF_S007,MC_G1_D060_DENS_LOW_V_REF,7,8.41501808167,7.4498691558,45.190068125,0,0,16.8300361633,
MC_G1_D060_DENS_LOW_V_REF_S007,MC_G1_D060_DENS_LOW_V_REF,7,8.42401218414,7.35151292068,47.6819133372,0,0,16.8480243683,
MC_G1_D060_DENS_LOW_V_REF_S007,MC_G1_D060_DENS_LOW_V_REF,7,8.4330072403,7.33667762838,48.0149459595,0,0,16.8660144806,
MC_G1_D060_DENS_LOW_V_REF_S007,MC_G1_D060_DENS_LOW_V_REF,7,8.44200134277,7.18697682738,45.639991481,0,0,16.8840026855,
MC_G1_D060_DENS_LOW_V_REF_S007,MC_G1_D060_DENS_LOW_V_REF,7,8.45102024078,7.23793887568,46.7506876324,0,0,16.9020404816,
MC_G1_D060_DENS_LOW_V_REF_S007,MC_G1_D060_DENS_LOW_V_REF,7,8.46001434326,7.35795441306,46.2878981145,0,0,16.9200286865,
MC_G1_D060_DENS_LOW_V_REF_S007,MC_G1_D060_DENS_LOW_V_REF,7,8.46900939941,7.38401741654,46.371742469,0,0,16.9380187988,
MC_G1_D060_DENS_LOW_V_REF_S007,MC_G1_D060_DENS_LOW_V_REF,7,8.47800350189,7.25859655178,48.0906495326,0,0,16.9560070038,
MC_G1_D060_DENS_LOW_V_REF_S007,MC_G1_D060_DENS_LOW_V_REF,7,8.4870223999,7.53541666465,47.4608280965,0,0,16.9740447998,
MC_G1_D060_DENS_LOW_V_REF_S007,MC_G1_D060_DENS_LOW_V_REF,7,8.49601650238,7.3897905825,47.7718309695,0,0,16.9920330048,
MC_G1_D060_DENS_LOW_V_REF_S007,MC_G1_D060_DENS_LOW_V_REF,7,8.50501155853,7.57371159589,47.7603607133,0,0,17.0100231171,
MC_G1_D060_DENS_LOW_V_REF_S007,MC_G1_D060_DENS_LOW_V_REF,7,8.51400661469,7.3128371988,46.6101373603,0,0,17.0280132294,
MC_G1_D060_DENS_LOW_V_REF_S007,MC_G1_D060_DENS_LOW_V_REF,7,8.52300071716,7.4963437462,46.4838737363,0,0,17.0460014343,
MC_G1_D060_DENS_LOW_V_REF_S007,MC_G1_D060_DENS_LOW_V_REF,7,8.53201961517,7.46265370489,48.4960755789,0,0,17.0640392303,
MC_G1_D060_DENS_LOW_V_REF_S007,MC_G1_D060_DENS_LOW_V_REF,7,8.54101371765,7.40740020658,45.4258360608,0,0,17.0820274353,
MC_G1_D060_DENS_LOW_V_REF_S007,MC_G1_D060_DENS_LOW_V_REF,7,8.5500087738,7.19040307963,48.0896973177,0,0,17.1000175476,
MC_G1_D060_DENS_LOW_V_REF_S007,MC_G1_D060_DENS_LOW_V_REF,7,8.55900287628,7.29818150843,44.9193497857,0,0,17.1180057526,
MC_G1_D060_DENS_LOW_V_REF_S007,MC_G1_D060_DENS_LOW_V_REF,7,8.56802177429,7.09520326212,46.1667027115,0,0,17.1360435486,
MC_G1_D060_DENS_LOW_V_REF_S007,MC_G1_D060_DENS_LOW_V_REF,7,8.57701587677,7.2417329665,48.8499033886,0,0,17.1540317535,
MC_G1_D060_DENS_LOW_V_REF_S007,MC_G1_D060_DENS_LOW_V_REF,7,8.58601093292,7.45636850073,49.4683715957,0,0,17.1720218658,
MC_G1_D060_DENS_LOW_V_REF_S007,MC_G1_D060_DENS_LOW_V_REF,7,8.5950050354,7.44140627821,47.865437549,0,0,17.1900100708,
MC_G1_D060_DENS_LOW_V_REF_S007,MC_G1_D060_DENS_LOW_V_REF,7,8.60400009155,7.35806752774,48.9266109899,0,0,17.2080001831,
MC_G1_D060_DENS_LOW_V_REF_S007,MC_G1_D060_DENS_LOW_V_REF,7,8.61301803589,7.51487037629,47.6509333774,0,0,17.2260360718,
MC_G1_D060_DENS_LOW_V_REF_S007,MC_G1_D060_DENS_LOW_V_REF,7,8.62201309204,7.32234573957,47.0651425922,0,0,17.2440261841,
MC_G1_D060_DENS_LOW_V_REF_S007,MC_G1_D060_DENS_LOW_V_REF,7,8.63100814819,7.5373836512,47.5168231077,0,0,17.2620162964,
MC_G1_D060_DENS_LOW_V_REF_S007,MC_G1_D060_DENS_LOW_V_REF,7,8.64000225067,7.37810264137,50.260476395,0,0,17.2800045013,
MC_G1_D060_DENS_LOW_V_REF_S007,MC_G1_D060_DENS_LOW_V_REF,7,8.64902114868,7.42348321423,47.6639299234,0,0,17.2980422974,
MC_G1_D060_DENS_LOW_V_REF_S007,MC_G1_D060_DENS_LOW_V_REF,7,8.65801525116,7.45014114911,48.7525100574,0,0,17.3160305023,
MC_G1_D060_DENS_LOW_V_REF_S007,MC_G1_D060_DENS_LOW_V_REF,7,8.66701030731,7.47436150585,46.8853865519,0,0,17.3340206146,
MC_G1_D060_DENS_LOW_V_REF_S007,MC_G1_D060_DENS_LOW_V_REF,7,8.67600440979,7.29551683746,46.806723412,0,0,17.3520088196,
MC_G1_D060_DENS_LOW_V_REF_S007,MC_G1_D060_DENS_LOW_V_REF,7,8.6850233078,7.25070960923,48.6649026018,0,0,17.3700466156,
MC_G1_D060_DENS_LOW_V_REF_S007,MC_G1_D060_DENS_LOW_V_REF,7,8.69401741028,7.2382415222,48.6251166936,0,0,17.3880348206,
MC_G1_D060_DENS_LOW_V_REF_S007,MC_G1_D060_DENS_LOW_V_REF,7,8.70301246643,7.29047934864,47.887380633,0,0,17.4060249329,
MC_G1_D060_DENS_LOW_V_REF_S007,MC_G1_D060_DENS_LOW_V_REF,7,8.71200656891,7.13645817136,47.7143317231,0,0,17.4240131378,
MC_G1_D060_DENS_LOW_V_REF_S007,MC_G1_D060_DENS_LOW_V_REF,7,8.72100162506,7.53219764541,48.2537416614,0,0,17.4420032501,
MC_G1_D060_DENS_LOW_V_REF_S007,MC_G1_D060_DENS_LOW_V_REF,7,8.7300195694,7.45468041526,49.9877645926,0,0,17.4600391388,
MC_G1_D060_DENS_LOW_V_REF_S007,MC_G1_D060_DENS_LOW_V_REF,7,8.73901462555,7.41383306425,48.7898217343,0,0,17.4780292511,
MC_G1_D060_DENS_LOW_V_REF_S007,MC_G1_D060_DENS_LOW_V_REF,7,8.7480096817,7.49683074375,48.4312212131,0,0,17.4960193634,
MC_G1_D060_DENS_LOW_V_REF_S007,MC_G1_D060_DENS_LOW_V_REF,7,8.75700378418,7.40061159892,47.8582567228,0,0,17.5140075684,
MC_G1_D060_DENS_LOW_V_REF_S007,MC_G1_D060_DENS_LOW_V_REF,7,8.76602268219,7.39022404486,50.1102451726,0,0,17.5320453644,
MC_G1_D060_DENS_LOW_V_REF_S007,MC_G1_D060_DENS_LOW_V_REF,7,8.77501678467,7.36201704331,47.5958675194,0,0,17.5500335693,
MC_G1_D060_DENS_LOW_V_REF_S007,MC_G1_D060_DENS_LOW_V_REF,7,8.78401184082,7.42771508476,50.4418858362,0,0,17.5680236816,
MC_G1_D060_DENS_LOW_V_REF_S007,MC_G1_D060_DENS_LOW_V_REF,7,8.7930059433,7.38202538934,47.1414982756,0,0,17.5860118866,
MC_G1_D060_DENS_LOW_V_REF_S007,MC_G1_D060_DENS_LOW_V_REF,7,8.80200099945,7.29416464214,50.3140333267,0,0,17.6040019989,
MC_G1_D060_DENS_LOW_V_REF_S007,MC_G1_D060_DENS_LOW_V_REF,7,8.81101894379,7.27812049068,49.4198101874,0,0,17.6220378876,
MC_G1_D060_DENS_LOW_V_REF_S007,MC_G1_D060_DENS_LOW_V_REF,7,8.82001399994,7.35280380957,49.555635576,0,0,17.6400279999,
MC_G1_D060_DENS_LOW_V_REF_S007,MC_G1_D060_DENS_LOW_V_REF,7,8.82900810242,7.2823376822,47.3028939465,0,0,17.6580162048,
MC_G1_D060_DENS_LOW_V_REF_S007,MC_G1_D060_DENS_LOW_V_REF,7,8.83800315857,7.39244402836,49.6164236779,0,0,17.6760063171,
MC_G1_D060_DENS_LOW_V_REF_S007,MC_G1_D060_DENS_LOW_V_REF,7,8.84702110291,7.55527044941,48.4396939058,0,0,17.6940422058,
MC_G1_D060_DENS_LOW_V_REF_S007,MC_G1_D060_DENS_LOW_V_REF,7,8.85601615906,7.67070009322,51.9644578791,0,0,17.7120323181,
MC_G1_D060_DENS_LOW_V_REF_S007,MC_G1_D060_DENS_LOW_V_REF,7,8.86501121521,7.60245481283,50.6865026399,0,0,17.7300224304,
MC_G1_D060_DENS_LOW_V_REF_S007,MC_G1_D060_DENS_LOW_V_REF,7,8.87400531769,7.4626770186,49.0786504943,0,0,17.7480106354,
MC_G1_D060_DENS_LOW_V_REF_S007,MC_G1_D060_DENS_LOW_V_REF,7,8.88300037384,7.59215446932,47.0881410124,0,0,17.7660007477,
MC_G1_D060_DENS_LOW_V_REF_S007,MC_G1_D060_DENS_LOW_V_REF,7,8.89201831818,7.4157111133,46.1865632693,0,0,17.7840366364,
MC_G1_D060_DENS_LOW_V_REF_S007,MC_G1_D060_DENS_LOW_V_REF,7,8.90101337433,7.49593100714,50.5651737106,0,0,17.8020267487,
MC_G1_D060_DENS_LOW_V_REF_S007,MC_G1_D060_DENS_LOW_V_REF,7,8.91000747681,7.37314459187,52.0348053516,0,0,17.8200149536,
MC_G1_D060_DENS_LOW_V_REF_S007,MC_G1_D060_DENS_LOW_V_REF,7,8.91900253296,7.33677001975,48.9785971626,0,0,17.8380050659,
MC_G1_D060_DENS_LOW_V_REF_S007,MC_G1_D060_DENS_LOW_V_REF,7,8.92802047729,7.27727860662,47.5532945573,0,0,17.8560409546,
MC_G1_D060_DENS_LOW_V_REF_S007,MC_G1_D060_DENS_LOW_V_REF,7,8.93701553345,7.19928085495,49.6163598685,0,0,17.8740310669,
MC_G1_D060_DENS_LOW_V_REF_S007,MC_G1_D060_DENS_LOW_V_REF,7,8.94600963593,7.22484520403,48.9774452355,0,0,17.8920192719,
MC_G1_D060_DENS_LOW_V_REF_S007,MC_G1_D060_DENS_LOW_V_REF,7,8.95500469208,7.5193397013,50.9797068233,0,0,17.9100093842,
MC_G1_D060_DENS_LOW_V_REF_S007,MC_G1_D060_DENS_LOW_V_REF,7,8.96402263641,7.45391710704,48.9242224524,0,0,17.9280452728,
MC_G1_D060_DENS_LOW_V_REF_S007,MC_G1_D060_DENS_LOW_V_REF,7,8.97301769257,7.53885845938,49.3249953951,0,0,17.9460353851,
MC_G1_D060_DENS_LOW_V_REF_S007,MC_G1_D060_DENS_LOW_V_REF,7,8.98201274872,7.59835505334,49.0759718958,0,0,17.9640254974,
MC_G1_D060_DENS_LOW_V_REF_S007,MC_G1_D060_DENS_LOW_V_REF,7,8.9910068512,7.3665934387,49.54162984,0,0,17.9820137024,
MC_G1_D060_DENS_LOW_V_REF_S007,MC_G1_D060_DENS_LOW_V_REF,7,9,7.46984555342,50.4635557899,0,0,18,
